[recompiler] parsing config
[recompiler] parsing ELF
[recompiler] extracted 9454 functions, 0 symbols, 81 sections, 0 relocations
[recompiler] recompiling 9454 functions
[recompiler] collected 401448 resumable entry point(s) across 7612 owner function(s)
[recompiler] recompilation pass completed
[recompiler] generated function header file: "/tmp/ssx3-e17-absorb-codegen/ps2_recompiled_functions.h"
[recompiler] generating function output with 9 worker(s)
[recompiler] wrote individual function files to /tmp/ssx3-e17-absorb-codegen/
[recompiler] generated function registration file: "/tmp/ssx3-e17-absorb-codegen/register_functions.cpp"
[recompiler] generated stub header file: "/tmp/ssx3-e17-absorb-codegen/ps2_recompiled_stubs.h"

========== PS2Recomp report ==========
Functions discovered: 9454
Symbols: 0, sections: 81, relocations: 0
Functions processed: 9454, recompiled: 9277, stubs: 177, skipped: 0, decode failures: 0
Additional entrypoints: 401448
Generated functions: 9454
Indirect fallback promotions: 3712 (739878 fallback entries)
Unhandled instructions: 0
Correctness-critical guest fallbacks: 0, failures: 0
Warnings: 3712, errors: 0

Events:
  [info] config - Parsing toml file: /Users/bradrichardson/dev/ssx3/local/research/E17/generation-used.toml
  [info] ghidra-map - Loaded 9283 functions from Ghidra map
  [info] elf - ELF entry point: 0x100008
  [info] elf - BSS range: 0x4a4c00 - 0x53eadc (size 0x99edc), gp=0x0
  [warning] control-flow function=sub_00100348 addr=0x1003b0 - unresolved JR/JALR at 0x1003b0 0x1003f4; promoted 178 fallback entries
  [warning] control-flow function=sub_00100680 addr=0x100998 - unresolved JR/JALR at 0x100998 0x100c88 0x100d34 0x100d78 0x100f24 0x101078 0x1011ac; promoted 804 fallback entries
  [warning] control-flow function=sub_001013A8 addr=0x101470 - unresolved JR/JALR at 0x101470 0x1015c8 0x1015e8; promoted 184 fallback entries
  [warning] control-flow function=sub_00101728 addr=0x1017c4 - unresolved JR/JALR at 0x1017c4 0x101818; promoted 88 fallback entries
  [warning] control-flow function=sub_00103480 addr=0x1034b8 - unresolved JR/JALR at 0x1034b8 0x1034e8 0x103518 0x103544; promoted 62 fallback entries
  [warning] control-flow function=sub_00103578 addr=0x1035b4 - unresolved JR/JALR at 0x1035b4 0x1035e8 0x103620 0x103650 0x1036f8 0x103970; promoted 330 fallback entries
  [warning] control-flow function=sub_00104D68 addr=0x104d9c - unresolved JR/JALR at 0x104d9c; promoted 30 fallback entries
  [warning] control-flow function=sub_00104DE0 addr=0x104e18 - unresolved JR/JALR at 0x104e18; promoted 36 fallback entries
  [warning] control-flow function=sub_00104E70 addr=0x104f1c - unresolved JR/JALR at 0x104f1c 0x105364; promoted 330 fallback entries
  [warning] control-flow function=sub_001057B8 addr=0x10590c - unresolved JR/JALR at 0x10590c 0x105c38 0x105cf4 0x105d0c; promoted 376 fallback entries
  [warning] control-flow function=sub_00105D98 addr=0x105e84 - unresolved JR/JALR at 0x105e84 0x105ec0 0x105ed8 0x105f24 0x105f3c; promoted 488 fallback entries
  [warning] control-flow function=sub_00106848 addr=0x1069cc - unresolved JR/JALR at 0x1069cc; promoted 460 fallback entries
  [warning] control-flow function=sub_00106F78 addr=0x107248 - unresolved JR/JALR at 0x107248 0x107510; promoted 384 fallback entries
  [warning] control-flow function=sub_00107E70 addr=0x107fd0 - unresolved JR/JALR at 0x107fd0 0x107fe8; promoted 326 fallback entries
  [warning] control-flow function=sub_00108E88 addr=0x10a7d0 - unresolved JR/JALR at 0x10a7d0 0x10a8c8 0x10a918; promoted 1718 fallback entries
  [warning] control-flow function=sub_0010A960 addr=0x10aa50 - unresolved JR/JALR at 0x10aa50; promoted 68 fallback entries
  [warning] control-flow function=sub_0010AA70 addr=0x10aac4 - unresolved JR/JALR at 0x10aac4; promoted 194 fallback entries
  [warning] control-flow function=sub_0010B790 addr=0x10b7e4 - unresolved JR/JALR at 0x10b7e4 0x10b824 0x10b878; promoted 124 fallback entries
  [warning] control-flow function=sub_0010B980 addr=0x10b9f8 - unresolved JR/JALR at 0x10b9f8; promoted 102 fallback entries
  [warning] control-flow function=sub_0010BB18 addr=0x10bb68 - unresolved JR/JALR at 0x10bb68; promoted 56 fallback entries
  [warning] control-flow function=sub_0010BBF8 addr=0x10bc38 - unresolved JR/JALR at 0x10bc38 0x10bcc4; promoted 70 fallback entries
  [warning] control-flow function=sub_0010C758 addr=0x10c79c - unresolved JR/JALR at 0x10c79c; promoted 148 fallback entries
  [warning] control-flow function=sub_0010C9A8 addr=0x10ca10 - unresolved JR/JALR at 0x10ca10 0x10ca54 0x10ca84; promoted 68 fallback entries
  [warning] control-flow function=sub_0010CBE0 addr=0x10cc58 - unresolved JR/JALR at 0x10cc58; promoted 80 fallback entries
  [warning] control-flow function=sub_0010CD20 addr=0x10cda8 - unresolved JR/JALR at 0x10cda8 0x10cdf0 0x10ce4c; promoted 146 fallback entries
  [warning] control-flow function=sub_0010CF68 addr=0x10d008 - unresolved JR/JALR at 0x10d008 0x10d054; promoted 130 fallback entries
  [warning] control-flow function=sub_0010DA10 addr=0x10dac0 - unresolved JR/JALR at 0x10dac0 0x10daec; promoted 120 fallback entries
  [warning] control-flow function=sub_0010DBF0 addr=0x10dc94 - unresolved JR/JALR at 0x10dc94 0x10dde4; promoted 176 fallback entries
  [warning] control-flow function=sub_0010E228 addr=0x10e294 - unresolved JR/JALR at 0x10e294 0x10e2b0; promoted 48 fallback entries
  [warning] control-flow function=sub_0010E2E8 addr=0x10e354 - unresolved JR/JALR at 0x10e354 0x10e370; promoted 48 fallback entries
  [warning] control-flow function=sub_0010E3A8 addr=0x10e414 - unresolved JR/JALR at 0x10e414 0x10e430; promoted 48 fallback entries
  [warning] control-flow function=sub_0010E468 addr=0x10e4ec - unresolved JR/JALR at 0x10e4ec 0x10e508; promoted 60 fallback entries
  [warning] control-flow function=sub_0010E5D8 addr=0x10e740 - unresolved JR/JALR at 0x10e740; promoted 184 fallback entries
  [warning] control-flow function=sub_0010E910 addr=0x10ea20 - unresolved JR/JALR at 0x10ea20 0x10eae4; promoted 136 fallback entries
  [warning] control-flow function=sub_0010EB30 addr=0x10eb84 - unresolved JR/JALR at 0x10eb84; promoted 420 fallback entries
  [warning] control-flow function=sub_0010F1C0 addr=0x10f1e8 - unresolved JR/JALR at 0x10f1e8 0x10f228; promoted 48 fallback entries
  [warning] control-flow function=sub_0010F3B8 addr=0x10f474 - unresolved JR/JALR at 0x10f474; promoted 106 fallback entries
  [warning] control-flow function=sub_0010F560 addr=0x10f688 - unresolved JR/JALR at 0x10f688 0x10f6a8; promoted 198 fallback entries
  [warning] control-flow function=sub_0010FC30 addr=0x10fc7c - unresolved JR/JALR at 0x10fc7c; promoted 42 fallback entries
  [warning] control-flow function=sub_00111890 addr=0x111930 - unresolved JR/JALR at 0x111930; promoted 46 fallback entries
  [warning] control-flow function=sub_00111948 addr=0x111974 - unresolved JR/JALR at 0x111974; promoted 44 fallback entries
  [warning] control-flow function=sub_001119F8 addr=0x111a24 - unresolved JR/JALR at 0x111a24; promoted 42 fallback entries
  [warning] control-flow function=sub_00111AC0 addr=0x111af8 - unresolved JR/JALR at 0x111af8 0x111b74 0x111b94 0x111bd0 0x111bf0 0x111c0c 0x111c28 0x111d08 0x111d28 0x111d74; promoted 182 fallback entries
  [warning] control-flow function=sub_00111D98 addr=0x111dc4 - unresolved JR/JALR at 0x111dc4 0x111e2c 0x111e4c 0x111ed8 0x111ef8 0x111f78 0x111f94 0x1120bc 0x1120dc 0x1120f8; promoted 250 fallback entries
  [warning] control-flow function=sub_00112338 addr=0x112454 - unresolved JR/JALR at 0x112454; promoted 148 fallback entries
  [warning] control-flow function=sub_001125C0 addr=0x112720 - unresolved JR/JALR at 0x112720; promoted 140 fallback entries
  [warning] control-flow function=sub_00112A50 addr=0x112c48 - unresolved JR/JALR at 0x112c48 0x112c6c; promoted 194 fallback entries
  [warning] control-flow function=sub_00112D58 addr=0x112e04 - unresolved JR/JALR at 0x112e04; promoted 150 fallback entries
  [warning] control-flow function=sub_00112FB0 addr=0x1130cc - unresolved JR/JALR at 0x1130cc 0x1130fc; promoted 94 fallback entries
  [warning] control-flow function=sub_00113AA0 addr=0x113ac0 - unresolved JR/JALR at 0x113ac0; promoted 14 fallback entries
  [warning] control-flow function=sub_00113AD8 addr=0x113af8 - unresolved JR/JALR at 0x113af8; promoted 14 fallback entries
  [warning] control-flow function=sub_00113C20 addr=0x113c58 - unresolved JR/JALR at 0x113c58 0x113c74 0x113c9c; promoted 152 fallback entries
  [warning] control-flow function=sub_001174B0 addr=0x1174d0 - unresolved JR/JALR at 0x1174d0; promoted 14 fallback entries
  [warning] control-flow function=sub_001174E8 addr=0x117508 - unresolved JR/JALR at 0x117508; promoted 14 fallback entries
  [warning] control-flow function=sub_00117FE0 addr=0x118f0c - unresolved JR/JALR at 0x118f0c; promoted 1030 fallback entries
  [warning] control-flow function=sub_001194C0 addr=0x1194f0 - unresolved JR/JALR at 0x1194f0 0x119518; promoted 58 fallback entries
  [warning] control-flow function=sub_00119EF8 addr=0x119f70 - unresolved JR/JALR at 0x119f70 0x119f98 0x119fe4; promoted 100 fallback entries
  [warning] control-flow function=sub_0011B978 addr=0x11b9ec - unresolved JR/JALR at 0x11b9ec 0x11baa8 0x11bac8; promoted 114 fallback entries
  [warning] control-flow function=sub_0011C0E0 addr=0x11c114 - unresolved JR/JALR at 0x11c114; promoted 22 fallback entries
  [warning] control-flow function=sub_0011D390 addr=0x11d5e4 - unresolved JR/JALR at 0x11d5e4; promoted 172 fallback entries
  [warning] control-flow function=sub_0011D660 addr=0x11dd1c - unresolved JR/JALR at 0x11dd1c 0x11dd5c; promoted 462 fallback entries
  [warning] control-flow function=sub_0011DF18 addr=0x11dfac - unresolved JR/JALR at 0x11dfac 0x11dfbc; promoted 50 fallback entries
  [warning] control-flow function=sub_0011FEE8 addr=0x11ff30 - unresolved JR/JALR at 0x11ff30; promoted 24 fallback entries
  [warning] control-flow function=sub_001200D0 addr=0x120190 - unresolved JR/JALR at 0x120190; promoted 170 fallback entries
  [warning] control-flow function=sub_00121068 addr=0x12108c - unresolved JR/JALR at 0x12108c; promoted 18 fallback entries
  [warning] control-flow function=sub_00121818 addr=0x121854 - unresolved JR/JALR at 0x121854; promoted 46 fallback entries
  [warning] control-flow function=sub_001218D0 addr=0x121914 - unresolved JR/JALR at 0x121914; promoted 32 fallback entries
  [warning] control-flow function=sub_00121F30 addr=0x121f58 - unresolved JR/JALR at 0x121f58 0x121f74 0x121fc0 0x122074; promoted 86 fallback entries
  [warning] control-flow function=sub_001220D8 addr=0x122118 - unresolved JR/JALR at 0x122118 0x122174; promoted 104 fallback entries
  [warning] control-flow function=sub_00122278 addr=0x1222e8 - unresolved JR/JALR at 0x1222e8 0x122300 0x12234c 0x122364; promoted 116 fallback entries
  [warning] control-flow function=sub_00122448 addr=0x1224e0 - unresolved JR/JALR at 0x1224e0 0x122518 0x122550; promoted 94 fallback entries
  [warning] control-flow function=sub_00122658 addr=0x1226c8 - unresolved JR/JALR at 0x1226c8 0x1226e0 0x1227a8 0x1227c8 0x12284c 0x122864; promoted 144 fallback entries
  [warning] control-flow function=sub_00122898 addr=0x122ab8 - unresolved JR/JALR at 0x122ab8 0x122adc 0x122b10 0x122b80 0x122bd8 0x122bf0; promoted 228 fallback entries
  [warning] control-flow function=sub_00122D78 addr=0x122dd8 - unresolved JR/JALR at 0x122dd8 0x122e08; promoted 54 fallback entries
  [warning] control-flow function=sub_001231A8 addr=0x123424 - unresolved JR/JALR at 0x123424 0x123434 0x1235dc; promoted 276 fallback entries
  [warning] control-flow function=sub_00123400 addr=0x123424 - unresolved JR/JALR at 0x123424 0x123434 0x1235dc; promoted 126 fallback entries
  [warning] control-flow function=sub_001242B0 addr=0x1242e0 - unresolved JR/JALR at 0x1242e0; promoted 310 fallback entries
  [warning] control-flow function=sub_00125108 addr=0x1251a4 - unresolved JR/JALR at 0x1251a4; promoted 72 fallback entries
  [warning] control-flow function=sub_00125228 addr=0x125250 - unresolved JR/JALR at 0x125250; promoted 106 fallback entries
  [warning] control-flow function=sub_001253D0 addr=0x125418 - unresolved JR/JALR at 0x125418; promoted 30 fallback entries
  [warning] control-flow function=sub_00125970 addr=0x125ab0 - unresolved JR/JALR at 0x125ab0; promoted 88 fallback entries
  [warning] control-flow function=sub_00125B18 addr=0x125ba0 - unresolved JR/JALR at 0x125ba0 0x125bfc 0x125c4c; promoted 86 fallback entries
  [warning] control-flow function=sub_00127848 addr=0x127938 - unresolved JR/JALR at 0x127938 0x1279ec; promoted 918 fallback entries
  [warning] control-flow function=sub_001286A0 addr=0x128908 - unresolved JR/JALR at 0x128908; promoted 174 fallback entries
  [warning] control-flow function=sub_00129160 addr=0x129244 - unresolved JR/JALR at 0x129244; promoted 358 fallback entries
  [warning] control-flow function=sub_001297C8 addr=0x12982c - unresolved JR/JALR at 0x12982c; promoted 64 fallback entries
  [warning] control-flow function=sub_001298C8 addr=0x129bbc - unresolved JR/JALR at 0x129bbc; promoted 206 fallback entries
  [warning] control-flow function=sub_00129E20 addr=0x129f24 - unresolved JR/JALR at 0x129f24 0x129fa0 0x129fb4; promoted 118 fallback entries
  [warning] control-flow function=sub_00129FF8 addr=0x12a0f8 - unresolved JR/JALR at 0x12a0f8 0x12a144; promoted 98 fallback entries
  [warning] control-flow function=sub_0012A490 addr=0x12a9f4 - unresolved JR/JALR at 0x12a9f4 0x12aa30 0x12aad4; promoted 420 fallback entries
  [warning] control-flow function=sub_0012AB20 addr=0x12ab88 - unresolved JR/JALR at 0x12ab88; promoted 44 fallback entries
  [warning] control-flow function=sub_0012AC48 addr=0x12acb0 - unresolved JR/JALR at 0x12acb0; promoted 44 fallback entries
  [warning] control-flow function=sub_0012AE38 addr=0x12ae80 - unresolved JR/JALR at 0x12ae80; promoted 38 fallback entries
  [warning] control-flow function=sub_0012AED0 addr=0x12af18 - unresolved JR/JALR at 0x12af18; promoted 38 fallback entries
  [warning] control-flow function=sub_0012AF68 addr=0x12afb0 - unresolved JR/JALR at 0x12afb0; promoted 38 fallback entries
  [warning] control-flow function=sub_0012B090 addr=0x12b118 - unresolved JR/JALR at 0x12b118; promoted 60 fallback entries
  [warning] control-flow function=sub_0012B788 addr=0x12b828 - unresolved JR/JALR at 0x12b828 0x12b868 0x12b8b8 0x12b908 0x12b980 0x12b9e0 0x12ba30 0x12ba80; promoted 206 fallback entries
  [warning] control-flow function=sub_0012C558 addr=0x12c578 - unresolved JR/JALR at 0x12c578; promoted 14 fallback entries
  [warning] control-flow function=sub_0012C590 addr=0x12c5b0 - unresolved JR/JALR at 0x12c5b0; promoted 14 fallback entries
  [warning] control-flow function=sub_0012C9C0 addr=0x12c9e0 - unresolved JR/JALR at 0x12c9e0; promoted 14 fallback entries
  [warning] control-flow function=sub_0012C9F8 addr=0x12ca18 - unresolved JR/JALR at 0x12ca18; promoted 14 fallback entries
  [warning] control-flow function=sub_0012D160 addr=0x12d244 - unresolved JR/JALR at 0x12d244 0x12d294; promoted 226 fallback entries
  [warning] control-flow function=sub_0012D4E8 addr=0x12d700 - unresolved JR/JALR at 0x12d700; promoted 216 fallback entries
  [warning] control-flow function=sub_0012D848 addr=0x12d8a8 - unresolved JR/JALR at 0x12d8a8 0x12d908; promoted 100 fallback entries
  [warning] control-flow function=sub_0012E690 addr=0x12e6c4 - unresolved JR/JALR at 0x12e6c4; promoted 30 fallback entries
  [warning] control-flow function=sub_0012E708 addr=0x12e728 - unresolved JR/JALR at 0x12e728; promoted 14 fallback entries
  [warning] control-flow function=sub_0012E740 addr=0x12e760 - unresolved JR/JALR at 0x12e760; promoted 14 fallback entries
  [warning] control-flow function=sub_0012F5B0 addr=0x12f5d0 - unresolved JR/JALR at 0x12f5d0; promoted 14 fallback entries
  [warning] control-flow function=sub_0012F5E8 addr=0x12f608 - unresolved JR/JALR at 0x12f608; promoted 14 fallback entries
  [warning] control-flow function=sub_0012FBF0 addr=0x12fc10 - unresolved JR/JALR at 0x12fc10; promoted 14 fallback entries
  [warning] control-flow function=sub_0012FC28 addr=0x12fc48 - unresolved JR/JALR at 0x12fc48; promoted 14 fallback entries
  [warning] control-flow function=sub_00131598 addr=0x1315b8 - unresolved JR/JALR at 0x1315b8; promoted 14 fallback entries
  [warning] control-flow function=sub_001315D0 addr=0x1315f0 - unresolved JR/JALR at 0x1315f0; promoted 14 fallback entries
  [warning] control-flow function=sub_00132840 addr=0x132860 - unresolved JR/JALR at 0x132860; promoted 14 fallback entries
  [warning] control-flow function=sub_00132878 addr=0x132898 - unresolved JR/JALR at 0x132898; promoted 14 fallback entries
  [warning] control-flow function=sub_001330B8 addr=0x1330d8 - unresolved JR/JALR at 0x1330d8; promoted 14 fallback entries
  [warning] control-flow function=sub_001330F0 addr=0x133110 - unresolved JR/JALR at 0x133110; promoted 14 fallback entries
  [warning] control-flow function=sub_001361F8 addr=0x136218 - unresolved JR/JALR at 0x136218; promoted 14 fallback entries
  [warning] control-flow function=sub_00136230 addr=0x136250 - unresolved JR/JALR at 0x136250; promoted 14 fallback entries
  [warning] control-flow function=sub_001368E8 addr=0x136908 - unresolved JR/JALR at 0x136908; promoted 14 fallback entries
  [warning] control-flow function=sub_00136920 addr=0x136940 - unresolved JR/JALR at 0x136940; promoted 14 fallback entries
  [warning] control-flow function=sub_00137138 addr=0x13738c - unresolved JR/JALR at 0x13738c 0x137500; promoted 262 fallback entries
  [warning] control-flow function=sub_00137860 addr=0x1378ac - unresolved JR/JALR at 0x1378ac 0x137b1c; promoted 302 fallback entries
  [warning] control-flow function=sub_00137D18 addr=0x13858c - unresolved JR/JALR at 0x13858c; promoted 586 fallback entries
  [warning] control-flow function=sub_00138640 addr=0x138790 - unresolved JR/JALR at 0x138790; promoted 200 fallback entries
  [warning] control-flow function=sub_00138960 addr=0x138ab0 - unresolved JR/JALR at 0x138ab0; promoted 94 fallback entries
  [warning] control-flow function=sub_00138AD8 addr=0x138af8 - unresolved JR/JALR at 0x138af8; promoted 14 fallback entries
  [warning] control-flow function=sub_00138B10 addr=0x138b30 - unresolved JR/JALR at 0x138b30; promoted 14 fallback entries
  [warning] control-flow function=sub_00139970 addr=0x139990 - unresolved JR/JALR at 0x139990; promoted 14 fallback entries
  [warning] control-flow function=sub_001399A8 addr=0x1399c8 - unresolved JR/JALR at 0x1399c8; promoted 14 fallback entries
  [warning] control-flow function=sub_00139C88 addr=0x13a014 - unresolved JR/JALR at 0x13a014; promoted 714 fallback entries
  [warning] control-flow function=sub_0013A7B0 addr=0x13a8d0 - unresolved JR/JALR at 0x13a8d0; promoted 82 fallback entries
  [warning] control-flow function=sub_0013AA48 addr=0x13aaac - unresolved JR/JALR at 0x13aaac; promoted 154 fallback entries
  [warning] control-flow function=sub_0013ACB0 addr=0x13acd0 - unresolved JR/JALR at 0x13acd0; promoted 14 fallback entries
  [warning] control-flow function=sub_0013ACE8 addr=0x13ad08 - unresolved JR/JALR at 0x13ad08; promoted 14 fallback entries
  [warning] control-flow function=sub_0013AF28 addr=0x13b038 - unresolved JR/JALR at 0x13b038 0x13b094 0x13b534; promoted 918 fallback entries
  [warning] control-flow function=sub_0013C140 addr=0x13c190 - unresolved JR/JALR at 0x13c190; promoted 280 fallback entries
  [warning] control-flow function=sub_0013C5E0 addr=0x13c600 - unresolved JR/JALR at 0x13c600; promoted 14 fallback entries
  [warning] control-flow function=sub_0013C618 addr=0x13c638 - unresolved JR/JALR at 0x13c638; promoted 14 fallback entries
  [warning] control-flow function=sub_0013D1B8 addr=0x13d638 - unresolved JR/JALR at 0x13d638; promoted 408 fallback entries
  [warning] control-flow function=sub_0013D818 addr=0x13ebec - unresolved JR/JALR at 0x13ebec; promoted 1624 fallback entries
  [warning] control-flow function=sub_0013F488 addr=0x13f4d4 - unresolved JR/JALR at 0x13f4d4 0x13f540 0x13f5bc; promoted 240 fallback entries
  [warning] control-flow function=sub_0013F848 addr=0x13f868 - unresolved JR/JALR at 0x13f868; promoted 14 fallback entries
  [warning] control-flow function=sub_0013F880 addr=0x13f8a0 - unresolved JR/JALR at 0x13f8a0; promoted 30 fallback entries
  [warning] control-flow function=sub_001441B8 addr=0x14420c - unresolved JR/JALR at 0x14420c; promoted 108 fallback entries
  [warning] control-flow function=sub_00144DF0 addr=0x144f74 - unresolved JR/JALR at 0x144f74 0x144fe4; promoted 198 fallback entries
  [warning] control-flow function=sub_00145BD8 addr=0x145c20 - unresolved JR/JALR at 0x145c20; promoted 24 fallback entries
  [warning] control-flow function=sub_00147170 addr=0x1471d8 - unresolved JR/JALR at 0x1471d8; promoted 44 fallback entries
  [warning] control-flow function=sub_00147F78 addr=0x147fbc - unresolved JR/JALR at 0x147fbc; promoted 120 fallback entries
  [warning] control-flow function=sub_00149A88 addr=0x149b08 - unresolved JR/JALR at 0x149b08 0x149b5c 0x149b78 0x149b94; promoted 76 fallback entries
  [warning] control-flow function=sub_0014A5E0 addr=0x14a6f8 - unresolved JR/JALR at 0x14a6f8 0x14a7c8 0x14aa98 0x14aab8 0x14aad8 0x14aaf8; promoted 336 fallback entries
  [warning] control-flow function=sub_0014DC80 addr=0x14dd18 - unresolved JR/JALR at 0x14dd18; promoted 54 fallback entries
  [warning] control-flow function=sub_0014DD58 addr=0x14dd84 - unresolved JR/JALR at 0x14dd84; promoted 16 fallback entries
  [warning] control-flow function=sub_0014DD98 addr=0x14ddcc - unresolved JR/JALR at 0x14ddcc 0x14dde4 0x14ddfc; promoted 36 fallback entries
  [warning] control-flow function=sub_0014DE68 addr=0x14dea4 - unresolved JR/JALR at 0x14dea4 0x14dec8; promoted 40 fallback entries
  [warning] control-flow function=sub_0014DF08 addr=0x14df3c - unresolved JR/JALR at 0x14df3c 0x14df78; promoted 40 fallback entries
  [warning] control-flow function=sub_0014DFA8 addr=0x14dfdc - unresolved JR/JALR at 0x14dfdc 0x14e018; promoted 40 fallback entries
  [warning] control-flow function=sub_0014E5C8 addr=0x14e704 - unresolved JR/JALR at 0x14e704 0x14e7e0 0x14e988; promoted 254 fallback entries
  [warning] control-flow function=sub_0014EA90 addr=0x14eabc - unresolved JR/JALR at 0x14eabc 0x14eae4; promoted 30 fallback entries
  [warning] control-flow function=sub_0014ECA0 addr=0x14ed98 - unresolved JR/JALR at 0x14ed98 0x14edc0; promoted 78 fallback entries
  [warning] control-flow function=sub_0014F458 addr=0x14f4e4 - unresolved JR/JALR at 0x14f4e4; promoted 40 fallback entries
  [warning] control-flow function=sub_0014F4F8 addr=0x14f5e8 - unresolved JR/JALR at 0x14f5e8; promoted 66 fallback entries
  [warning] control-flow function=sub_0014F600 addr=0x14f630 - unresolved JR/JALR at 0x14f630; promoted 18 fallback entries
  [warning] control-flow function=sub_0014F648 addr=0x14f660 - unresolved JR/JALR at 0x14f660; promoted 12 fallback entries
  [warning] control-flow function=sub_0014F6E8 addr=0x14f720 - unresolved JR/JALR at 0x14f720; promoted 28 fallback entries
  [warning] control-flow function=sub_0014F900 addr=0x14f940 - unresolved JR/JALR at 0x14f940; promoted 208 fallback entries
  [warning] control-flow function=sub_00150C20 addr=0x150c98 - unresolved JR/JALR at 0x150c98 0x150e24; promoted 140 fallback entries
  [warning] control-flow function=sub_00152950 addr=0x152adc - unresolved JR/JALR at 0x152adc 0x152afc 0x152b1c 0x152b3c 0x152b5c; promoted 150 fallback entries
  [warning] control-flow function=sub_00152BB0 addr=0x152ce0 - unresolved JR/JALR at 0x152ce0 0x152d14 0x152dac; promoted 140 fallback entries
  [warning] control-flow function=sub_00152DE0 addr=0x152fa8 - unresolved JR/JALR at 0x152fa8 0x152fc4 0x152fe0; promoted 156 fallback entries
  [warning] control-flow function=sub_00153C88 addr=0x153cc4 - unresolved JR/JALR at 0x153cc4 0x153d14; promoted 40 fallback entries
  [warning] control-flow function=sub_00153D28 addr=0x153d64 - unresolved JR/JALR at 0x153d64; promoted 20 fallback entries
  [warning] control-flow function=sub_001547E0 addr=0x154834 - unresolved JR/JALR at 0x154834 0x154854 0x154870 0x1548e4 0x154904 0x154920; promoted 90 fallback entries
  [warning] control-flow function=sub_00155E58 addr=0x1560f4 - unresolved JR/JALR at 0x1560f4 0x15615c 0x1561f8 0x156264 0x1562f0 0x156318; promoted 312 fallback entries
  [warning] control-flow function=sub_0015C988 addr=0x15c9bc - unresolved JR/JALR at 0x15c9bc; promoted 50 fallback entries
  [warning] control-flow function=sub_0015CA50 addr=0x15cac4 - unresolved JR/JALR at 0x15cac4; promoted 46 fallback entries
  [warning] control-flow function=sub_0015CB08 addr=0x15cb5c - unresolved JR/JALR at 0x15cb5c; promoted 38 fallback entries
  [warning] control-flow function=sub_0015CC70 addr=0x15ccb0 - unresolved JR/JALR at 0x15ccb0; promoted 32 fallback entries
  [warning] control-flow function=sub_0015CCF0 addr=0x15cd24 - unresolved JR/JALR at 0x15cd24; promoted 28 fallback entries
  [warning] control-flow function=sub_0015CD80 addr=0x15ce4c - unresolved JR/JALR at 0x15ce4c 0x15ce6c 0x15cec8 0x15cf0c; promoted 106 fallback entries
  [warning] control-flow function=sub_0015CF80 addr=0x15d008 - unresolved JR/JALR at 0x15d008; promoted 40 fallback entries
  [warning] control-flow function=sub_0015D078 addr=0x15d0e8 - unresolved JR/JALR at 0x15d0e8 0x15d638 0x15d65c; promoted 392 fallback entries
  [warning] control-flow function=sub_0015DAC0 addr=0x15db14 - unresolved JR/JALR at 0x15db14 0x15db3c; promoted 38 fallback entries
  [warning] control-flow function=sub_0015DB58 addr=0x15dbb0 - unresolved JR/JALR at 0x15dbb0 0x15dbf4; promoted 48 fallback entries
  [warning] control-flow function=sub_0015DC70 addr=0x15dddc - unresolved JR/JALR at 0x15dddc 0x15ddfc 0x15de1c 0x15dfb8; promoted 218 fallback entries
  [warning] control-flow function=sub_0015E460 addr=0x15e498 - unresolved JR/JALR at 0x15e498 0x15e4d4; promoted 130 fallback entries
  [warning] control-flow function=sub_0015E668 addr=0x15e724 - unresolved JR/JALR at 0x15e724 0x15e75c 0x15e7d8 0x15e864; promoted 396 fallback entries
  [warning] control-flow function=sub_0015EDC8 addr=0x15edec - unresolved JR/JALR at 0x15edec; promoted 14 fallback entries
  [warning] control-flow function=sub_0015EE00 addr=0x15f5d4 - unresolved JR/JALR at 0x15f5d4; promoted 718 fallback entries
  [warning] control-flow function=sub_00160438 addr=0x160708 - unresolved JR/JALR at 0x160708 0x160744; promoted 202 fallback entries
  [warning] control-flow function=sub_00160760 addr=0x16086c - unresolved JR/JALR at 0x16086c 0x1609d0 0x160b18 0x160b54; promoted 260 fallback entries
  [warning] control-flow function=sub_00160B70 addr=0x160c84 - unresolved JR/JALR at 0x160c84 0x160d90 0x161000 0x161040; promoted 316 fallback entries
  [warning] control-flow function=sub_00161060 addr=0x16155c - unresolved JR/JALR at 0x16155c 0x1615bc 0x161660 0x161688; promoted 402 fallback entries
  [warning] control-flow function=sub_001616A8 addr=0x161774 - unresolved JR/JALR at 0x161774 0x161878 0x16189c 0x161934; promoted 170 fallback entries
  [warning] control-flow function=sub_00161AB0 addr=0x161b08 - unresolved JR/JALR at 0x161b08 0x161c0c 0x161d6c; promoted 234 fallback entries
  [warning] control-flow function=sub_00162458 addr=0x162514 - unresolved JR/JALR at 0x162514 0x162528 0x162540; promoted 68 fallback entries
  [warning] control-flow function=sub_00162568 addr=0x1625d8 - unresolved JR/JALR at 0x1625d8 0x1626e4 0x162888 0x1628a4 0x1628cc; promoted 268 fallback entries
  [warning] control-flow function=sub_00162A20 addr=0x162ad8 - unresolved JR/JALR at 0x162ad8; promoted 88 fallback entries
  [warning] control-flow function=sub_00162C78 addr=0x162cb8 - unresolved JR/JALR at 0x162cb8; promoted 230 fallback entries
  [warning] control-flow function=sub_001635F8 addr=0x1636d4 - unresolved JR/JALR at 0x1636d4 0x163728 0x163a24 0x163f08; promoted 754 fallback entries
  [warning] control-flow function=sub_001641C0 addr=0x164200 - unresolved JR/JALR at 0x164200; promoted 122 fallback entries
  [warning] control-flow function=sub_00164878 addr=0x1648f8 - unresolved JR/JALR at 0x1648f8 0x164960 0x164994 0x1649c0; promoted 818 fallback entries
  [warning] control-flow function=sub_00165938 addr=0x166248 - unresolved JR/JALR at 0x166248; promoted 602 fallback entries
  [warning] control-flow function=sub_001662A0 addr=0x166460 - unresolved JR/JALR at 0x166460; promoted 164 fallback entries
  [warning] control-flow function=sub_00166550 addr=0x166584 - unresolved JR/JALR at 0x166584; promoted 60 fallback entries
  [warning] control-flow function=sub_00166C60 addr=0x166c94 - unresolved JR/JALR at 0x166c94 0x166cc0 0x166cdc 0x166d3c 0x166e40 0x166ea4 0x166eec 0x166f04; promoted 178 fallback entries
  [warning] control-flow function=sub_00166F28 addr=0x166f60 - unresolved JR/JALR at 0x166f60 0x166f70; promoted 26 fallback entries
  [warning] control-flow function=sub_00167E30 addr=0x167e7c - unresolved JR/JALR at 0x167e7c; promoted 200 fallback entries
  [warning] control-flow function=sub_00168150 addr=0x1681ec - unresolved JR/JALR at 0x1681ec; promoted 90 fallback entries
  [warning] control-flow function=sub_001682B8 addr=0x16853c - unresolved JR/JALR at 0x16853c 0x168568 0x1685c0 0x168630; promoted 230 fallback entries
  [warning] control-flow function=sub_00168650 addr=0x16887c - unresolved JR/JALR at 0x16887c 0x168970 0x1689ac; promoted 222 fallback entries
  [warning] control-flow function=sub_001689C8 addr=0x168c80 - unresolved JR/JALR at 0x168c80 0x168cbc; promoted 196 fallback entries
  [warning] control-flow function=sub_00168CD8 addr=0x168f90 - unresolved JR/JALR at 0x168f90 0x168fcc; promoted 196 fallback entries
  [warning] control-flow function=sub_00168FE8 addr=0x169138 - unresolved JR/JALR at 0x169138; promoted 106 fallback entries
  [warning] control-flow function=sub_00169340 addr=0x1693ec - unresolved JR/JALR at 0x1693ec; promoted 54 fallback entries
  [warning] control-flow function=sub_001694B8 addr=0x16952c - unresolved JR/JALR at 0x16952c 0x169558; promoted 528 fallback entries
  [warning] control-flow function=sub_00169CF8 addr=0x169d6c - unresolved JR/JALR at 0x169d6c 0x169d98; promoted 472 fallback entries
  [warning] control-flow function=sub_0016A458 addr=0x16a4cc - unresolved JR/JALR at 0x16a4cc 0x16a4f8 0x16a644; promoted 568 fallback entries
  [warning] control-flow function=sub_0016AD38 addr=0x16ae68 - unresolved JR/JALR at 0x16ae68 0x16b168 0x16b3d0; promoted 1002 fallback entries
  [warning] control-flow function=sub_0016BF40 addr=0x16bfbc - unresolved JR/JALR at 0x16bfbc 0x16c00c; promoted 86 fallback entries
  [warning] control-flow function=sub_0016CA18 addr=0x16ca80 - unresolved JR/JALR at 0x16ca80; promoted 114 fallback entries
  [warning] control-flow function=sub_0016CBE0 addr=0x16cc54 - unresolved JR/JALR at 0x16cc54; promoted 148 fallback entries
  [warning] control-flow function=sub_0016CF48 addr=0x16cfdc - unresolved JR/JALR at 0x16cfdc 0x16d064; promoted 156 fallback entries
  [warning] control-flow function=sub_0016D320 addr=0x16d3b8 - unresolved JR/JALR at 0x16d3b8 0x16d3d0 0x16d45c 0x16d46c 0x16d624 0x16d634 0x16d7b4 0x16d7c4 0x16d944 0x16d954 0x16dad4 0x16dae4 0x16dc64 0x16dc74 0x16ddf4 0x16de04 0x16df80 0x16df90; promoted 942 fallback entries
  [warning] control-flow function=sub_0016E1D8 addr=0x16e320 - unresolved JR/JALR at 0x16e320; promoted 2074 fallback entries
  [warning] control-flow function=sub_00171A20 addr=0x171a4c - unresolved JR/JALR at 0x171a4c 0x171a70 0x171a94 0x171ab8 0x171adc; promoted 60 fallback entries
  [warning] control-flow function=sub_00171B10 addr=0x171b40 - unresolved JR/JALR at 0x171b40 0x171b64 0x171b88 0x171bac 0x171bd0; promoted 60 fallback entries
  [warning] control-flow function=sub_00171C00 addr=0x171c30 - unresolved JR/JALR at 0x171c30 0x171c54 0x171c78 0x171c9c 0x171cc0; promoted 68 fallback entries
  [warning] control-flow function=sub_00171D10 addr=0x171d34 - unresolved JR/JALR at 0x171d34; promoted 18 fallback entries
  [warning] control-flow function=sub_00171D58 addr=0x171e88 - unresolved JR/JALR at 0x171e88 0x171eb0 0x171ed8 0x171f00 0x171f28 0x171fec 0x1720b0 0x17216c; promoted 1072 fallback entries
  [warning] control-flow function=sub_00172FE0 addr=0x17300c - unresolved JR/JALR at 0x17300c 0x173030 0x173054 0x173078 0x17309c; promoted 60 fallback entries
  [warning] control-flow function=sub_001730D0 addr=0x173100 - unresolved JR/JALR at 0x173100 0x173124 0x173148 0x17316c 0x173190; promoted 60 fallback entries
  [warning] control-flow function=sub_001732E8 addr=0x173324 - unresolved JR/JALR at 0x173324 0x173350 0x173374 0x173650 0x1736b0 0x1736c0 0x173720 0x17373c 0x173758; promoted 938 fallback entries
  [warning] control-flow function=sub_00174190 addr=0x174290 - unresolved JR/JALR at 0x174290 0x1742b0 0x174350 0x1744ec 0x174548 0x174568 0x174638 0x1747d8 0x1747e8; promoted 430 fallback entries
  [warning] control-flow function=sub_00174848 addr=0x1748d4 - unresolved JR/JALR at 0x1748d4 0x1748e4 0x174d3c 0x174d4c 0x174ee4 0x174ef4 0x17508c 0x17509c 0x175234 0x175244 0x1753dc 0x1753ec 0x175584 0x175594 0x17572c 0x17573c 0x1758d8 0x1758e8; promoted 1142 fallback entries
  [warning] control-flow function=sub_00175A20 addr=0x176304 - unresolved JR/JALR at 0x176304; promoted 924 fallback entries
  [warning] control-flow function=sub_00176890 addr=0x176908 - unresolved JR/JALR at 0x176908 0x176918; promoted 118 fallback entries
  [warning] control-flow function=sub_00176A68 addr=0x176d10 - unresolved JR/JALR at 0x176d10 0x176d4c; promoted 192 fallback entries
  [warning] control-flow function=sub_00176DA8 addr=0x177010 - unresolved JR/JALR at 0x177010 0x17704c; promoted 176 fallback entries
  [warning] control-flow function=sub_00177068 addr=0x177310 - unresolved JR/JALR at 0x177310 0x17734c; promoted 278 fallback entries
  [warning] control-flow function=sub_001774C0 addr=0x1775b8 - unresolved JR/JALR at 0x1775b8 0x1775f4; promoted 100 fallback entries
  [warning] control-flow function=sub_00177EF8 addr=0x177f28 - unresolved JR/JALR at 0x177f28 0x177f64; promoted 50 fallback entries
  [warning] control-flow function=sub_00177FC0 addr=0x178008 - unresolved JR/JALR at 0x178008 0x17806c 0x178414 0x178438 0x178460 0x178500; promoted 344 fallback entries
  [warning] control-flow function=sub_001785F0 addr=0x178664 - unresolved JR/JALR at 0x178664; promoted 90 fallback entries
  [warning] control-flow function=sub_00178758 addr=0x17877c - unresolved JR/JALR at 0x17877c 0x178968 0x1789cc; promoted 164 fallback entries
  [warning] control-flow function=sub_001789E8 addr=0x178a34 - unresolved JR/JALR at 0x178a34 0x178a88 0x178ad4 0x178d60 0x178ec0 0x178efc; promoted 348 fallback entries
  [warning] control-flow function=sub_0017ABE0 addr=0x17ac38 - unresolved JR/JALR at 0x17ac38; promoted 46 fallback entries
  [warning] control-flow function=sub_0017ACC8 addr=0x17ad80 - unresolved JR/JALR at 0x17ad80; promoted 78 fallback entries
  [warning] control-flow function=sub_0017AE00 addr=0x17ae78 - unresolved JR/JALR at 0x17ae78 0x17ae94 0x17af78 0x17af98 0x17b13c 0x17b160 0x17b178; promoted 236 fallback entries
  [warning] control-flow function=sub_0017B1B0 addr=0x17b3ec - unresolved JR/JALR at 0x17b3ec 0x17b494 0x17b4a8 0x17b72c 0x17b9b4 0x17bb84 0x17bc04 0x17bc50 0x17bd10 0x17bd58 0x17bdfc 0x17bf50 0x17c0f4 0x17c1d4 0x17c2b4 0x17c2c4 0x17c4a8 0x17cc54; promoted 1942 fallback entries
  [warning] control-flow function=sub_0017D008 addr=0x17d088 - unresolved JR/JALR at 0x17d088; promoted 40 fallback entries
  [warning] control-flow function=sub_0017D298 addr=0x17d4c0 - unresolved JR/JALR at 0x17d4c0 0x17d570 0x17d5c8; promoted 278 fallback entries
  [warning] control-flow function=sub_0017DE70 addr=0x17deec - unresolved JR/JALR at 0x17deec 0x17df6c 0x17dfa4; promoted 112 fallback entries
  [warning] control-flow function=sub_0017F7B8 addr=0x17f890 - unresolved JR/JALR at 0x17f890 0x17f94c 0x17f9a0 0x17fa98 0x17fb08 0x17fb40 0x17fb60 0x17fbcc 0x17fc18 0x17fc74 0x17fcb8 0x17fcd8 0x17fdb0 0x17fdc8 0x17fe24; promoted 904 fallback entries
  [warning] control-flow function=sub_00180840 addr=0x180974 - unresolved JR/JALR at 0x180974 0x180998; promoted 92 fallback entries
  [warning] control-flow function=sub_00180A90 addr=0x180bb4 - unresolved JR/JALR at 0x180bb4 0x180bfc 0x180c44 0x180c8c 0x180cc4 0x180cfc 0x180d90 0x180e34 0x180e88 0x180f40 0x180f54 0x180f7c 0x180fa4 0x180fcc 0x180ff4 0x18101c 0x181070; promoted 384 fallback entries
  [warning] control-flow function=sub_00181090 addr=0x18147c - unresolved JR/JALR at 0x18147c 0x181498 0x181538 0x181554 0x1815a0 0x1815bc 0x181778 0x18183c 0x1818d4 0x181914 0x181958 0x181990 0x181a20 0x181a40 0x181a84 0x181b1c; promoted 720 fallback entries
  [warning] control-flow function=sub_00181BD0 addr=0x181db4 - unresolved JR/JALR at 0x181db4; promoted 200 fallback entries
  [warning] control-flow function=sub_00182220 addr=0x182558 - unresolved JR/JALR at 0x182558 0x1825e0 0x18260c 0x182628 0x182700 0x182734 0x1827d4; promoted 404 fallback entries
  [warning] control-flow function=sub_001828C0 addr=0x1829b8 - unresolved JR/JALR at 0x1829b8 0x182ad4 0x182b10 0x182b50 0x182b90 0x182bd0 0x182be8 0x182ce8 0x182d28; promoted 318 fallback entries
  [warning] control-flow function=sub_00183238 addr=0x183338 - unresolved JR/JALR at 0x183338 0x18341c 0x18345c 0x18349c 0x1834dc 0x18351c 0x183694 0x1836e0 0x1839bc 0x1839fc; promoted 536 fallback entries
  [warning] control-flow function=sub_00183B08 addr=0x183b48 - unresolved JR/JALR at 0x183b48 0x183b80 0x183bb8 0x183bf0; promoted 64 fallback entries
  [warning] control-flow function=sub_00183C08 addr=0x183c48 - unresolved JR/JALR at 0x183c48 0x183c80 0x183cb8 0x183cf0; promoted 64 fallback entries
  [warning] control-flow function=sub_00183D08 addr=0x183d3c - unresolved JR/JALR at 0x183d3c 0x183d88 0x183da0 0x183dc0; promoted 54 fallback entries
  [warning] control-flow function=sub_00183DE0 addr=0x183ecc - unresolved JR/JALR at 0x183ecc 0x183ee4 0x183f38 0x184024 0x18403c 0x184068 0x1841a8 0x18438c 0x1843a4 0x1843bc; promoted 464 fallback entries
  [warning] control-flow function=sub_00184668 addr=0x1846b8 - unresolved JR/JALR at 0x1846b8 0x1846f0 0x184728 0x184760; promoted 70 fallback entries
  [warning] control-flow function=sub_00184780 addr=0x1847d0 - unresolved JR/JALR at 0x1847d0 0x184808; promoted 42 fallback entries
  [warning] control-flow function=sub_00184828 addr=0x184878 - unresolved JR/JALR at 0x184878 0x1848b0 0x1848e8 0x184920 0x184958 0x184990 0x184a3c 0x184c14 0x184c34 0x185014 0x1852b4 0x1852f4 0x18531c 0x1853e8 0x185464 0x185548 0x18557c 0x185598 0x1855d8 0x185630 0x1858ec; promoted 1148 fallback entries
  [warning] control-flow function=sub_00185A18 addr=0x185b48 - unresolved JR/JALR at 0x185b48 0x185b84 0x185c08 0x185c30 0x185c4c 0x185fcc 0x18619c 0x1861e4 0x186314 0x18640c 0x18643c 0x1864ec; promoted 704 fallback entries
  [warning] control-flow function=sub_00186610 addr=0x1868a4 - unresolved JR/JALR at 0x1868a4 0x1868dc; promoted 254 fallback entries
  [warning] control-flow function=sub_00186A08 addr=0x186bd0 - unresolved JR/JALR at 0x186bd0 0x186c7c 0x186cf4 0x186d3c 0x186dc8 0x186e00 0x186e4c 0x186e90 0x186ea4 0x186ee8 0x186efc 0x186f1c 0x186ff0 0x187078 0x1870b4 0x1870d8 0x18710c 0x187160 0x1871e8; promoted 538 fallback entries
  [warning] control-flow function=sub_00187318 addr=0x1873c0 - unresolved JR/JALR at 0x1873c0 0x187408 0x18744c 0x187490 0x1874a4 0x1874c4 0x187668 0x187778 0x187794; promoted 294 fallback entries
  [warning] control-flow function=sub_001877B0 addr=0x187838 - unresolved JR/JALR at 0x187838; promoted 92 fallback entries
  [warning] control-flow function=sub_00187920 addr=0x18799c - unresolved JR/JALR at 0x18799c; promoted 70 fallback entries
  [warning] control-flow function=sub_00187A38 addr=0x187ac0 - unresolved JR/JALR at 0x187ac0 0x187af8 0x187b20 0x187b58 0x187b8c 0x187bb8; promoted 192 fallback entries
  [warning] control-flow function=sub_001887A0 addr=0x188b30 - unresolved JR/JALR at 0x188b30 0x188c18 0x188c34 0x188dcc 0x188e00 0x188e34; promoted 430 fallback entries
  [warning] control-flow function=sub_00188EE8 addr=0x188ff0 - unresolved JR/JALR at 0x188ff0 0x189008 0x189684 0x1896ec 0x189708 0x189724 0x1898d0 0x1898fc 0x189930 0x189b40 0x189b74 0x189b90 0x189bb4 0x189c58 0x189c74; promoted 926 fallback entries
  [warning] control-flow function=sub_00189D60 addr=0x189eb4 - unresolved JR/JALR at 0x189eb4 0x189ed0 0x18a228; promoted 318 fallback entries
  [warning] control-flow function=sub_0018A258 addr=0x18a330 - unresolved JR/JALR at 0x18a330 0x18a368 0x18a3a0 0x18a3b8 0x18a44c 0x18a99c 0x18ad90; promoted 1098 fallback entries
  [warning] control-flow function=sub_0018BEF8 addr=0x18bf84 - unresolved JR/JALR at 0x18bf84 0x18c0b4; promoted 124 fallback entries
  [warning] control-flow function=sub_0018C0E8 addr=0x18c22c - unresolved JR/JALR at 0x18c22c 0x18c374 0x18c398 0x18c3c8 0x18c454; promoted 228 fallback entries
  [warning] control-flow function=sub_0018C478 addr=0x18c50c - unresolved JR/JALR at 0x18c50c 0x18c5e8 0x18c610; promoted 120 fallback entries
  [warning] control-flow function=sub_0018C658 addr=0x18c9c4 - unresolved JR/JALR at 0x18c9c4 0x18cae8 0x18cb0c; promoted 474 fallback entries
  [warning] control-flow function=sub_0018CF50 addr=0x18cf94 - unresolved JR/JALR at 0x18cf94 0x18cfc8 0x18d000 0x18d038; promoted 110 fallback entries
  [warning] control-flow function=sub_0018D108 addr=0x18d180 - unresolved JR/JALR at 0x18d180 0x18d1d4 0x18d21c; promoted 78 fallback entries
  [warning] control-flow function=sub_0018D240 addr=0x18d534 - unresolved JR/JALR at 0x18d534 0x18d5e0 0x18d6c4 0x18d724 0x18d77c 0x18d7bc; promoted 364 fallback entries
  [warning] control-flow function=sub_0018D7F0 addr=0x18d8fc - unresolved JR/JALR at 0x18d8fc 0x18d934 0x18d974 0x18d9a8 0x18d9f4 0x18da0c 0x18da64 0x18da98 0x18dacc 0x18db00 0x18db34 0x18db80 0x18db98 0x18dbcc 0x18dc80 0x18dcfc 0x18dd2c 0x18dd44 0x18dd84 0x18de4c 0x18de70 0x18dfa4 0x18dfe0 0x18e018 0x18e080 0x18e0d8 0x18e114 0x18e148 0x18e1c8 0x18e204 0x18e234 0x18e264 0x18e298 0x18e310 0x18e340 0x18e3dc 0x18e3f8 0x18e434 0x18e450 0x18e4d8 0x18e55c 0x18e57c 0x18e5b4 0x18e5c8 0x18e5f0 0x18e664 0x18e6b8 0x18e6e0 0x18e700 0x18e720 0x18e748 0x18e788 0x18e7a0 0x18e7c0 0x18e7ec 0x18e80c 0x18e828 0x18e84c 0x18e864 0x18e884 0x18e89c 0x18e910 0x18e944 0x18e990 0x18e9c4 0x18ea24 0x18ea3c 0x18ebc4 0x18ec04 0x18ec4c 0x18ec84; promoted 1324 fallback entries
  [warning] control-flow function=sub_0018ECA0 addr=0x18ef28 - unresolved JR/JALR at 0x18ef28 0x18efc0 0x18f000 0x18f030 0x18f060 0x18f094 0x18f10c 0x18f13c 0x18f1e0 0x18f1fc 0x18f238 0x18f254; promoted 390 fallback entries
  [warning] control-flow function=sub_0018F2B8 addr=0x18f304 - unresolved JR/JALR at 0x18f304 0x18f324 0x18f364 0x18f378 0x18f3e8 0x18f41c 0x18f490 0x18f4b0 0x18f4d0 0x18f4f4 0x18f538 0x18f550 0x18f570 0x18f588 0x18f5c8 0x18f618 0x18f63c 0x18f664 0x18f680 0x18f698 0x18f6b8 0x18f6d0 0x18f718 0x18f73c 0x18f784 0x18f7a8 0x18f7cc 0x18f7f0 0x18f808 0x18f848 0x18f888 0x18f8e8 0x18f91c 0x18f96c 0x18f9a0; promoted 456 fallback entries
  [warning] control-flow function=sub_0018F9D8 addr=0x18fa10 - unresolved JR/JALR at 0x18fa10 0x18fa30 0x18fa50 0x18faa8 0x18fac0 0x18fb3c 0x18fbd0; promoted 176 fallback entries
  [warning] control-flow function=sub_0018FC98 addr=0x18fd5c - unresolved JR/JALR at 0x18fd5c 0x18fdd8 0x18fe64 0x18feb4 0x1900cc 0x190154 0x1901b8 0x190220 0x19025c 0x190290; promoted 394 fallback entries
  [warning] control-flow function=sub_001902C0 addr=0x190314 - unresolved JR/JALR at 0x190314 0x190348 0x19037c 0x1903b0 0x1903e4 0x190418 0x19044c 0x1904e8 0x190518; promoted 160 fallback entries
  [warning] control-flow function=sub_00190540 addr=0x190580 - unresolved JR/JALR at 0x190580 0x1905cc 0x190614 0x190644; promoted 76 fallback entries
  [warning] control-flow function=sub_00190670 addr=0x1906a8 - unresolved JR/JALR at 0x1906a8 0x1906d8 0x190708 0x190738; promoted 62 fallback entries
  [warning] control-flow function=sub_00190768 addr=0x1907a0 - unresolved JR/JALR at 0x1907a0 0x1907d0 0x190800 0x190830; promoted 60 fallback entries
  [warning] control-flow function=sub_00190858 addr=0x1909d8 - unresolved JR/JALR at 0x1909d8; promoted 108 fallback entries
  [warning] control-flow function=sub_00191228 addr=0x191320 - unresolved JR/JALR at 0x191320; promoted 78 fallback entries
  [warning] control-flow function=sub_001913B8 addr=0x1914f8 - unresolved JR/JALR at 0x1914f8 0x1917a0 0x191874 0x191890 0x1919dc 0x191bb4 0x191bcc 0x191cf4 0x191d34 0x191f68 0x191f84 0x191fc0 0x191fdc; promoted 820 fallback entries
  [warning] control-flow function=sub_00192488 addr=0x19257c - unresolved JR/JALR at 0x19257c 0x1925b8 0x1925d0 0x19260c 0x19262c 0x192644 0x19265c 0x192674; promoted 154 fallback entries
  [warning] control-flow function=sub_00192740 addr=0x192784 - unresolved JR/JALR at 0x192784; promoted 28 fallback entries
  [warning] control-flow function=sub_001927B0 addr=0x192890 - unresolved JR/JALR at 0x192890 0x1928c4; promoted 90 fallback entries
  [warning] control-flow function=sub_00192970 addr=0x192ae4 - unresolved JR/JALR at 0x192ae4 0x192b00 0x192b5c 0x192b90 0x192bc4 0x192bf8 0x192c2c 0x192c60 0x192c94 0x192cc8; promoted 228 fallback entries
  [warning] control-flow function=sub_00192D00 addr=0x192e58 - unresolved JR/JALR at 0x192e58 0x1931c8 0x193200 0x193238 0x193254 0x19329c 0x1932d4 0x1933e4 0x1933f8 0x193434 0x19344c 0x1936b0 0x1936e8 0x19389c 0x193940 0x1939f8 0x193ad0 0x193d54; promoted 1080 fallback entries
  [warning] control-flow function=sub_00194498 addr=0x1944b8 - unresolved JR/JALR at 0x1944b8 0x19450c; promoted 168 fallback entries
  [warning] control-flow function=sub_00194738 addr=0x19484c - unresolved JR/JALR at 0x19484c 0x194884 0x194a18; promoted 202 fallback entries
  [warning] control-flow function=sub_00194A60 addr=0x194b64 - unresolved JR/JALR at 0x194b64 0x194ba0 0x194bb4 0x194c68 0x194c80 0x194cc4 0x194e0c 0x194e20 0x194f4c 0x194fdc 0x195098 0x1950d0 0x195108 0x195140 0x195188 0x195254 0x19528c 0x1952c4 0x195360 0x19539c 0x1953d4 0x19540c 0x195444 0x19547c; promoted 654 fallback entries
  [warning] control-flow function=sub_00195000 addr=0x195098 - unresolved JR/JALR at 0x195098 0x1950d0 0x195108 0x195140 0x195188 0x195254 0x19528c 0x1952c4 0x195360 0x19539c 0x1953d4 0x19540c 0x195444 0x19547c; promoted 294 fallback entries
  [warning] control-flow function=sub_00195498 addr=0x1956c8 - unresolved JR/JALR at 0x1956c8; promoted 152 fallback entries
  [warning] control-flow function=sub_00195FF0 addr=0x1961b0 - unresolved JR/JALR at 0x1961b0 0x196284 0x1962dc 0x1962f8 0x196314 0x196330 0x196358 0x1963b0 0x1963cc 0x1963e8 0x196404 0x196420 0x19643c 0x196458 0x19647c 0x196498 0x1964b4 0x1964d0 0x1964f8 0x196514 0x196908 0x196974 0x196aa4 0x196ac0 0x196adc; promoted 744 fallback entries
  [warning] control-flow function=sub_00196B90 addr=0x196e20 - unresolved JR/JALR at 0x196e20 0x196edc 0x1970b8 0x1971ac 0x19732c 0x197360 0x197388 0x1973fc 0x197498 0x1974b8 0x197708; promoted 978 fallback entries
  [warning] control-flow function=sub_00197BC8 addr=0x197c2c - unresolved JR/JALR at 0x197c2c 0x197c68; promoted 54 fallback entries
  [warning] control-flow function=sub_00197CA0 addr=0x197cec - unresolved JR/JALR at 0x197cec 0x197d28; promoted 70 fallback entries
  [warning] control-flow function=sub_00197DB8 addr=0x197de4 - unresolved JR/JALR at 0x197de4 0x197e04 0x197e34 0x197e54; promoted 46 fallback entries
  [warning] control-flow function=sub_00197E70 addr=0x197f14 - unresolved JR/JALR at 0x197f14 0x197f44 0x197fd0 0x197ff8 0x198028 0x1980b4 0x1980d4 0x1980f0; promoted 170 fallback entries
  [warning] control-flow function=sub_00198118 addr=0x198158 - unresolved JR/JALR at 0x198158; promoted 56 fallback entries
  [warning] control-flow function=sub_00198340 addr=0x198388 - unresolved JR/JALR at 0x198388 0x1983a4 0x1984d4 0x1984f0 0x198534 0x198550 0x198570 0x19858c; promoted 156 fallback entries
  [warning] control-flow function=sub_001985F0 addr=0x198678 - unresolved JR/JALR at 0x198678 0x198694; promoted 56 fallback entries
  [warning] control-flow function=sub_001986D0 addr=0x198724 - unresolved JR/JALR at 0x198724 0x19879c 0x198860 0x1988ac; promoted 130 fallback entries
  [warning] control-flow function=sub_00198DB8 addr=0x1990a8 - unresolved JR/JALR at 0x1990a8 0x1991ac 0x1991dc 0x1991fc 0x1997b8 0x199820 0x199a0c 0x199a88 0x199aa4 0x199b40 0x199b5c 0x199ba8 0x199bc4 0x199ec4 0x199f48; promoted 1208 fallback entries
  [warning] control-flow function=sub_00199940 addr=0x199a0c - unresolved JR/JALR at 0x199a0c 0x199a88 0x199aa4 0x199b40 0x199b5c 0x199ba8 0x199bc4 0x199ec4 0x199f48; promoted 470 fallback entries
  [warning] control-flow function=sub_0019A098 addr=0x19a16c - unresolved JR/JALR at 0x19a16c 0x19a190; promoted 104 fallback entries
  [warning] control-flow function=sub_0019A238 addr=0x19a280 - unresolved JR/JALR at 0x19a280 0x19a2a0 0x19a2c4; promoted 52 fallback entries
  [warning] control-flow function=sub_0019A308 addr=0x19a350 - unresolved JR/JALR at 0x19a350 0x19a374 0x19a3b4; promoted 50 fallback entries
  [warning] control-flow function=sub_0019A4E8 addr=0x19a530 - unresolved JR/JALR at 0x19a530; promoted 84 fallback entries
  [warning] control-flow function=sub_0019A638 addr=0x19a708 - unresolved JR/JALR at 0x19a708; promoted 88 fallback entries
  [warning] control-flow function=sub_0019A798 addr=0x19a7c8 - unresolved JR/JALR at 0x19a7c8 0x19a804 0x19a998; promoted 136 fallback entries
  [warning] control-flow function=sub_0019AA08 addr=0x19aa48 - unresolved JR/JALR at 0x19aa48 0x19aa68 0x19aa88 0x19aae0 0x19ab2c; promoted 92 fallback entries
  [warning] control-flow function=sub_0019AB78 addr=0x19abd4 - unresolved JR/JALR at 0x19abd4 0x19ac0c 0x19ac2c 0x19ac84; promoted 74 fallback entries
  [warning] control-flow function=sub_0019ACA0 addr=0x19add0 - unresolved JR/JALR at 0x19add0 0x19ae14 0x19aed8 0x19af1c; promoted 204 fallback entries
  [warning] control-flow function=sub_0019B618 addr=0x19b678 - unresolved JR/JALR at 0x19b678 0x19b698 0x19b71c 0x19b73c; promoted 114 fallback entries
  [warning] control-flow function=sub_0019B7E0 addr=0x19b9dc - unresolved JR/JALR at 0x19b9dc 0x19ba00 0x19ba28; promoted 160 fallback entries
  [warning] control-flow function=sub_0019BA60 addr=0x19bb30 - unresolved JR/JALR at 0x19bb30 0x19bb54 0x19bb7c; promoted 80 fallback entries
  [warning] control-flow function=sub_0019BC90 addr=0x19bcf4 - unresolved JR/JALR at 0x19bcf4; promoted 46 fallback entries
  [warning] control-flow function=sub_0019BD48 addr=0x19bde8 - unresolved JR/JALR at 0x19bde8 0x19be10 0x19be2c; promoted 78 fallback entries
  [warning] control-flow function=sub_0019E498 addr=0x19e4e8 - unresolved JR/JALR at 0x19e4e8; promoted 40 fallback entries
  [warning] control-flow function=sub_0019E588 addr=0x19e654 - unresolved JR/JALR at 0x19e654; promoted 62 fallback entries
  [warning] control-flow function=sub_0019EBA0 addr=0x19ebdc - unresolved JR/JALR at 0x19ebdc 0x19ebfc 0x19ec1c; promoted 50 fallback entries
  [warning] control-flow function=sub_0019EE88 addr=0x19ef28 - unresolved JR/JALR at 0x19ef28 0x19f0a8; promoted 172 fallback entries
  [warning] control-flow function=sub_0019F138 addr=0x19f160 - unresolved JR/JALR at 0x19f160; promoted 102 fallback entries
  [warning] control-flow function=sub_0019F908 addr=0x19f9cc - unresolved JR/JALR at 0x19f9cc 0x19fa14; promoted 92 fallback entries
  [warning] control-flow function=sub_001A0720 addr=0x1a0794 - unresolved JR/JALR at 0x1a0794 0x1a0810 0x1a087c 0x1a08b8 0x1a098c 0x1a0b58 0x1a0bcc 0x1a0f00 0x1a11b8 0x1a1240 0x1a13d0 0x1a1554 0x1a1704; promoted 1382 fallback entries
  [warning] control-flow function=sub_001A1CE8 addr=0x1a1e84 - unresolved JR/JALR at 0x1a1e84 0x1a1ea4 0x1a1f58 0x1a202c 0x1a21b0 0x1a2234 0x1a227c 0x1a22b0 0x1a22d4 0x1a2318 0x1a235c 0x1a2374 0x1a23ec 0x1a240c 0x1a250c 0x1a2524 0x1a253c 0x1a2560 0x1a257c 0x1a2594 0x1a25b8 0x1a25d4 0x1a2724 0x1a273c 0x1a275c 0x1a2a74; promoted 902 fallback entries
  [warning] control-flow function=sub_001A2BC0 addr=0x1a2c90 - unresolved JR/JALR at 0x1a2c90; promoted 152 fallback entries
  [warning] control-flow function=sub_001A2F38 addr=0x1a2f98 - unresolved JR/JALR at 0x1a2f98 0x1a31b0 0x1a31ec; promoted 184 fallback entries
  [warning] control-flow function=sub_001A3218 addr=0x1a3428 - unresolved JR/JALR at 0x1a3428; promoted 162 fallback entries
  [warning] control-flow function=sub_001A38C0 addr=0x1a3978 - unresolved JR/JALR at 0x1a3978; promoted 64 fallback entries
  [warning] control-flow function=sub_001A39F0 addr=0x1a3a78 - unresolved JR/JALR at 0x1a3a78 0x1a3aac 0x1a3afc 0x1a3b98; promoted 128 fallback entries
  [warning] control-flow function=sub_001A3C50 addr=0x1a3c8c - unresolved JR/JALR at 0x1a3c8c; promoted 34 fallback entries
  [warning] control-flow function=sub_001A3DC8 addr=0x1a3ed4 - unresolved JR/JALR at 0x1a3ed4 0x1a418c 0x1a4238 0x1a426c 0x1a42a4 0x1a4384 0x1a43a4 0x1a45c4 0x1a45ec; promoted 554 fallback entries
  [warning] control-flow function=sub_001A4810 addr=0x1a4cc4 - unresolved JR/JALR at 0x1a4cc4; promoted 310 fallback entries
  [warning] control-flow function=sub_001A4E28 addr=0x1a4ea4 - unresolved JR/JALR at 0x1a4ea4; promoted 98 fallback entries
  [warning] control-flow function=sub_001A5128 addr=0x1a51c0 - unresolved JR/JALR at 0x1a51c0 0x1a5274 0x1a528c; promoted 98 fallback entries
  [warning] control-flow function=sub_001A5FB8 addr=0x1a6028 - unresolved JR/JALR at 0x1a6028; promoted 46 fallback entries
  [warning] control-flow function=sub_001A6070 addr=0x1a62b8 - unresolved JR/JALR at 0x1a62b8 0x1a62d0; promoted 214 fallback entries
  [warning] control-flow function=sub_001A63C8 addr=0x1a64cc - unresolved JR/JALR at 0x1a64cc 0x1a64e8 0x1a6514 0x1a6530 0x1a655c 0x1a6578 0x1a6594 0x1a65b8 0x1a65d4 0x1a65f0; promoted 148 fallback entries
  [warning] control-flow function=sub_001A66A8 addr=0x1a6774 - unresolved JR/JALR at 0x1a6774 0x1a6818 0x1a6904 0x1a6948; promoted 180 fallback entries
  [warning] control-flow function=sub_001A6CA0 addr=0x1a6d08 - unresolved JR/JALR at 0x1a6d08 0x1a6d40 0x1a6e04 0x1a6e1c 0x1a6e38 0x1a6e50; promoted 116 fallback entries
  [warning] control-flow function=sub_001A7390 addr=0x1a7520 - unresolved JR/JALR at 0x1a7520 0x1a75b8 0x1a7654 0x1a76fc 0x1a7750; promoted 260 fallback entries
  [warning] control-flow function=sub_001A77A0 addr=0x1a78ac - unresolved JR/JALR at 0x1a78ac 0x1a7a9c 0x1a7ad8 0x1a7c20 0x1a7dac; promoted 398 fallback entries
  [warning] control-flow function=sub_001A7DD8 addr=0x1a7e60 - unresolved JR/JALR at 0x1a7e60; promoted 64 fallback entries
  [warning] control-flow function=sub_001A81F0 addr=0x1a828c - unresolved JR/JALR at 0x1a828c 0x1a82cc; promoted 122 fallback entries
  [warning] control-flow function=sub_001A85D0 addr=0x1a8668 - unresolved JR/JALR at 0x1a8668; promoted 70 fallback entries
  [warning] control-flow function=sub_001A8770 addr=0x1a878c - unresolved JR/JALR at 0x1a878c 0x1a87a0; promoted 24 fallback entries
  [warning] control-flow function=sub_001A87D0 addr=0x1a87f4 - unresolved JR/JALR at 0x1a87f4 0x1a8844; promoted 82 fallback entries
  [warning] control-flow function=sub_001A8918 addr=0x1a8980 - unresolved JR/JALR at 0x1a8980 0x1a8a14; promoted 74 fallback entries
  [warning] control-flow function=sub_001A8A40 addr=0x1a8a70 - unresolved JR/JALR at 0x1a8a70; promoted 42 fallback entries
  [warning] control-flow function=sub_001A8AE8 addr=0x1a8b0c - unresolved JR/JALR at 0x1a8b0c; promoted 40 fallback entries
  [warning] control-flow function=sub_001A8B88 addr=0x1a8c04 - unresolved JR/JALR at 0x1a8c04 0x1a8c30 0x1a8c54 0x1a8ca8 0x1a8d44 0x1a8d70 0x1a8d98 0x1a8dc8 0x1a8de4 0x1a8e18; promoted 174 fallback entries
  [warning] control-flow function=sub_001A8E40 addr=0x1a8e78 - unresolved JR/JALR at 0x1a8e78 0x1a8f74; promoted 86 fallback entries
  [warning] control-flow function=sub_001A92D8 addr=0x1a9368 - unresolved JR/JALR at 0x1a9368 0x1a9394; promoted 62 fallback entries
  [warning] control-flow function=sub_001A9438 addr=0x1a9464 - unresolved JR/JALR at 0x1a9464; promoted 40 fallback entries
  [warning] control-flow function=sub_001A94E0 addr=0x1a9538 - unresolved JR/JALR at 0x1a9538; promoted 38 fallback entries
  [warning] control-flow function=sub_001A9A18 addr=0x1a9a98 - unresolved JR/JALR at 0x1a9a98; promoted 40 fallback entries
  [warning] control-flow function=sub_001A9AB8 addr=0x1a9b38 - unresolved JR/JALR at 0x1a9b38; promoted 40 fallback entries
  [warning] control-flow function=sub_001A9CC0 addr=0x1aa570 - unresolved JR/JALR at 0x1aa570 0x1aaa2c 0x1aaa4c 0x1aaac8 0x1aab04 0x1aab24 0x1aab40 0x1aab98 0x1aace4 0x1aad20; promoted 1060 fallback entries
  [warning] control-flow function=sub_001AAD50 addr=0x1aaf0c - unresolved JR/JALR at 0x1aaf0c 0x1aaf24 0x1aaf44; promoted 144 fallback entries
  [warning] control-flow function=sub_001AAF90 addr=0x1ab0f0 - unresolved JR/JALR at 0x1ab0f0; promoted 94 fallback entries
  [warning] control-flow function=sub_001AB478 addr=0x1ab8ac - unresolved JR/JALR at 0x1ab8ac 0x1ab928 0x1ab9f0 0x1aba6c; promoted 430 fallback entries
  [warning] control-flow function=sub_001AC010 addr=0x1ac1fc - unresolved JR/JALR at 0x1ac1fc 0x1ac218; promoted 170 fallback entries
  [warning] control-flow function=sub_001ACDD0 addr=0x1ace54 - unresolved JR/JALR at 0x1ace54 0x1ace78; promoted 216 fallback entries
  [warning] control-flow function=sub_001AD3E8 addr=0x1ad454 - unresolved JR/JALR at 0x1ad454 0x1ad4b8 0x1ad624 0x1ad8f8; promoted 338 fallback entries
  [warning] control-flow function=sub_001AD930 addr=0x1ada68 - unresolved JR/JALR at 0x1ada68 0x1adba8; promoted 192 fallback entries
  [warning] control-flow function=sub_001ADDD0 addr=0x1ade60 - unresolved JR/JALR at 0x1ade60 0x1adea8 0x1adf1c 0x1adfcc 0x1ae060 0x1ae294 0x1ae2e8 0x1ae300 0x1ae360 0x1ae3cc 0x1ae3e4 0x1ae484 0x1ae49c 0x1ae518 0x1ae530 0x1ae59c 0x1ae5b4 0x1ae620 0x1ae638; promoted 556 fallback entries
  [warning] control-flow function=sub_001AE680 addr=0x1ae6d0 - unresolved JR/JALR at 0x1ae6d0 0x1ae780 0x1ae7d8 0x1ae8e0 0x1ae934 0x1ae9ec 0x1aea90 0x1aeb9c; promoted 376 fallback entries
  [warning] control-flow function=sub_001AEC60 addr=0x1aecd0 - unresolved JR/JALR at 0x1aecd0 0x1aed0c 0x1aed24 0x1aed64 0x1aeda4 0x1aeddc 0x1aedf8 0x1aee40 0x1aee78 0x1aeeb0 0x1aeecc 0x1aef14 0x1aef4c 0x1aef84 0x1aefa0 0x1aefe8 0x1af020 0x1af058 0x1af074; promoted 270 fallback entries
  [warning] control-flow function=sub_001AF098 addr=0x1af1c4 - unresolved JR/JALR at 0x1af1c4; promoted 92 fallback entries
  [warning] control-flow function=sub_001AF208 addr=0x1af394 - unresolved JR/JALR at 0x1af394 0x1af3b0 0x1af44c 0x1af4a8; promoted 216 fallback entries
  [warning] control-flow function=sub_001AF568 addr=0x1af5e0 - unresolved JR/JALR at 0x1af5e0 0x1af62c; promoted 72 fallback entries
  [warning] control-flow function=sub_001AF688 addr=0x1af700 - unresolved JR/JALR at 0x1af700; promoted 40 fallback entries
  [warning] control-flow function=sub_001AF728 addr=0x1af87c - unresolved JR/JALR at 0x1af87c 0x1af8a4; promoted 130 fallback entries
  [warning] control-flow function=sub_001AFA60 addr=0x1afb50 - unresolved JR/JALR at 0x1afb50 0x1afbc8 0x1afc90 0x1afd20; promoted 202 fallback entries
  [warning] control-flow function=sub_001AFE08 addr=0x1afe8c - unresolved JR/JALR at 0x1afe8c 0x1b0040 0x1b0070 0x1b0230 0x1b04f0 0x1b0604 0x1b0694 0x1b0740; promoted 658 fallback entries
  [warning] control-flow function=sub_001B0C08 addr=0x1b0c60 - unresolved JR/JALR at 0x1b0c60 0x1b0cc4 0x1b0d14 0x1b0d80 0x1b0db8; promoted 130 fallback entries
  [warning] control-flow function=sub_001B0E10 addr=0x1b0f0c - unresolved JR/JALR at 0x1b0f0c; promoted 70 fallback entries
  [warning] control-flow function=sub_001B0F60 addr=0x1b11b0 - unresolved JR/JALR at 0x1b11b0 0x1b1200 0x1b125c 0x1b1338 0x1b1370 0x1b1444 0x1b15bc 0x1b160c; promoted 512 fallback entries
  [warning] control-flow function=sub_001B1760 addr=0x1b17d8 - unresolved JR/JALR at 0x1b17d8; promoted 42 fallback entries
  [warning] control-flow function=sub_001B1808 addr=0x1b1874 - unresolved JR/JALR at 0x1b1874 0x1b18bc 0x1b1910 0x1b194c 0x1b19a0 0x1b19dc; promoted 128 fallback entries
  [warning] control-flow function=sub_001B1A08 addr=0x1b1a90 - unresolved JR/JALR at 0x1b1a90; promoted 66 fallback entries
  [warning] control-flow function=sub_001B1B98 addr=0x1b1c68 - unresolved JR/JALR at 0x1b1c68 0x1b1e54; promoted 224 fallback entries
  [warning] control-flow function=sub_001B2378 addr=0x1b24bc - unresolved JR/JALR at 0x1b24bc; promoted 154 fallback entries
  [warning] control-flow function=sub_001B25E0 addr=0x1b2754 - unresolved JR/JALR at 0x1b2754; promoted 116 fallback entries
  [warning] control-flow function=sub_001B27B0 addr=0x1b28bc - unresolved JR/JALR at 0x1b28bc 0x1b28d4 0x1b28f4 0x1b290c 0x1b29ac 0x1b2a40 0x1b2b20 0x1b2bc8 0x1b2c5c; promoted 328 fallback entries
  [warning] control-flow function=sub_001B2CD0 addr=0x1b2f40 - unresolved JR/JALR at 0x1b2f40 0x1b2f70 0x1b2fb0 0x1b2ff0 0x1b304c 0x1b31ec; promoted 450 fallback entries
  [warning] control-flow function=sub_001B33D8 addr=0x1b34e8 - unresolved JR/JALR at 0x1b34e8; promoted 118 fallback entries
  [warning] control-flow function=sub_001B37D8 addr=0x1b38ec - unresolved JR/JALR at 0x1b38ec; promoted 104 fallback entries
  [warning] control-flow function=sub_001B3BF0 addr=0x1b3c78 - unresolved JR/JALR at 0x1b3c78 0x1b3c98 0x1b3ce0; promoted 76 fallback entries
  [warning] control-flow function=sub_001B3D20 addr=0x1b3e1c - unresolved JR/JALR at 0x1b3e1c 0x1b3e6c 0x1b3f04 0x1b3f40; promoted 150 fallback entries
  [warning] control-flow function=sub_001B3F78 addr=0x1b3ff4 - unresolved JR/JALR at 0x1b3ff4; promoted 136 fallback entries
  [warning] control-flow function=sub_001B4198 addr=0x1b41cc - unresolved JR/JALR at 0x1b41cc 0x1b41f4 0x1b4218 0x1b424c 0x1b42a0 0x1b42f8 0x1b4318 0x1b4344 0x1b4378; promoted 132 fallback entries
  [warning] control-flow function=sub_001B43A8 addr=0x1b43cc - unresolved JR/JALR at 0x1b43cc 0x1b43e8; promoted 50 fallback entries
  [warning] control-flow function=sub_001B4470 addr=0x1b4490 - unresolved JR/JALR at 0x1b4490 0x1b4534; promoted 94 fallback entries
  [warning] control-flow function=sub_001B45E8 addr=0x1b4620 - unresolved JR/JALR at 0x1b4620 0x1b467c 0x1b46b0; promoted 118 fallback entries
  [warning] control-flow function=sub_001B47C0 addr=0x1b481c - unresolved JR/JALR at 0x1b481c; promoted 50 fallback entries
  [warning] control-flow function=sub_001B4888 addr=0x1b494c - unresolved JR/JALR at 0x1b494c 0x1b4980 0x1b49d8 0x1b4a0c 0x1b4a68 0x1b4ad0 0x1b4b04; promoted 222 fallback entries
  [warning] control-flow function=sub_001B4CD8 addr=0x1b4dd4 - unresolved JR/JALR at 0x1b4dd4; promoted 178 fallback entries
  [warning] control-flow function=sub_001B5068 addr=0x1b50a0 - unresolved JR/JALR at 0x1b50a0 0x1b50bc 0x1b50d8 0x1b50f4 0x1b5110 0x1b512c 0x1b5148 0x1b5168 0x1b5198 0x1b51b4 0x1b51d0 0x1b51ec 0x1b5208 0x1b5224 0x1b5240; promoted 128 fallback entries
  [warning] control-flow function=sub_001B5268 addr=0x1b5314 - unresolved JR/JALR at 0x1b5314 0x1b5394 0x1b53ac 0x1b544c; promoted 210 fallback entries
  [warning] control-flow function=sub_001B55B0 addr=0x1b5624 - unresolved JR/JALR at 0x1b5624; promoted 100 fallback entries
  [warning] control-flow function=sub_001B5740 addr=0x1b57ec - unresolved JR/JALR at 0x1b57ec; promoted 60 fallback entries
  [warning] control-flow function=sub_001B5830 addr=0x1b593c - unresolved JR/JALR at 0x1b593c; promoted 138 fallback entries
  [warning] control-flow function=sub_001B5A58 addr=0x1b5a98 - unresolved JR/JALR at 0x1b5a98 0x1b5b4c; promoted 96 fallback entries
  [warning] control-flow function=sub_001B5BD8 addr=0x1b5c74 - unresolved JR/JALR at 0x1b5c74 0x1b5cac; promoted 72 fallback entries
  [warning] control-flow function=sub_001B5CF8 addr=0x1b5d2c - unresolved JR/JALR at 0x1b5d2c 0x1b5d88 0x1b5f44 0x1b613c; promoted 356 fallback entries
  [warning] control-flow function=sub_001B6288 addr=0x1b6300 - unresolved JR/JALR at 0x1b6300 0x1b646c 0x1b665c 0x1b6694 0x1b66e8 0x1b6704 0x1b6758 0x1b6824 0x1b6840 0x1b685c 0x1b6878 0x1b68c8 0x1b6a1c 0x1b6a50; promoted 524 fallback entries
  [warning] control-flow function=sub_001B6AB8 addr=0x1b6c50 - unresolved JR/JALR at 0x1b6c50 0x1b6d04 0x1b6d74 0x1b6db0 0x1b6e28 0x1b6e84; promoted 262 fallback entries
  [warning] control-flow function=sub_001B70D0 addr=0x1b7120 - unresolved JR/JALR at 0x1b7120 0x1b715c 0x1b71e8 0x1b72d8 0x1b73e8 0x1b748c 0x1b7500 0x1b75cc; promoted 352 fallback entries
  [warning] control-flow function=sub_001B7E40 addr=0x1b7eb8 - unresolved JR/JALR at 0x1b7eb8 0x1b7f08 0x1b7f90 0x1b7ff4 0x1b8028 0x1b80c0 0x1b810c 0x1b818c; promoted 254 fallback entries
  [warning] control-flow function=sub_001B8238 addr=0x1b828c - unresolved JR/JALR at 0x1b828c 0x1b82bc 0x1b82f0 0x1b833c 0x1b8388; promoted 98 fallback entries
  [warning] control-flow function=sub_001B83C0 addr=0x1b8410 - unresolved JR/JALR at 0x1b8410 0x1b8460 0x1b84a8 0x1b8518 0x1b881c 0x1b8878; promoted 308 fallback entries
  [warning] control-flow function=sub_001B88F0 addr=0x1b8a7c - unresolved JR/JALR at 0x1b8a7c 0x1b8b48 0x1b8b60 0x1b8bdc 0x1b8bf4 0x1b8c74 0x1b9004; promoted 566 fallback entries
  [warning] control-flow function=sub_001B9950 addr=0x1b99a8 - unresolved JR/JALR at 0x1b99a8; promoted 114 fallback entries
  [warning] control-flow function=sub_001BB520 addr=0x1bb5b4 - unresolved JR/JALR at 0x1bb5b4; promoted 44 fallback entries
  [warning] control-flow function=sub_001BB5D0 addr=0x1bb780 - unresolved JR/JALR at 0x1bb780; promoted 114 fallback entries
  [warning] control-flow function=sub_001BB798 addr=0x1bb820 - unresolved JR/JALR at 0x1bb820; promoted 42 fallback entries
  [warning] control-flow function=sub_001BB840 addr=0x1bb930 - unresolved JR/JALR at 0x1bb930; promoted 74 fallback entries
  [warning] control-flow function=sub_001BC400 addr=0x1bc490 - unresolved JR/JALR at 0x1bc490 0x1bc4b8; promoted 202 fallback entries
  [warning] control-flow function=sub_001BCB58 addr=0x1bcc8c - unresolved JR/JALR at 0x1bcc8c 0x1bcd3c 0x1bceb0 0x1bd140 0x1bd1f4 0x1bd3e8; promoted 564 fallback entries
  [warning] control-flow function=sub_001BD8C8 addr=0x1bd9bc - unresolved JR/JALR at 0x1bd9bc; promoted 112 fallback entries
  [warning] control-flow function=sub_001BDF60 addr=0x1bdfa8 - unresolved JR/JALR at 0x1bdfa8; promoted 30 fallback entries
  [warning] control-flow function=sub_001BDFD8 addr=0x1be010 - unresolved JR/JALR at 0x1be010; promoted 24 fallback entries
  [warning] control-flow function=sub_001BE0A8 addr=0x1be2a4 - unresolved JR/JALR at 0x1be2a4 0x1be2cc 0x1be334; promoted 192 fallback entries
  [warning] control-flow function=sub_001BE3A8 addr=0x1be424 - unresolved JR/JALR at 0x1be424 0x1be444 0x1be4b4; promoted 90 fallback entries
  [warning] control-flow function=sub_001BE540 addr=0x1be5ac - unresolved JR/JALR at 0x1be5ac 0x1be62c 0x1be648 0x1be66c 0x1be688 0x1be6cc 0x1be6ec; promoted 120 fallback entries
  [warning] control-flow function=sub_001BE720 addr=0x1be74c - unresolved JR/JALR at 0x1be74c 0x1be76c 0x1be79c 0x1be7bc; promoted 46 fallback entries
  [warning] control-flow function=sub_001BE7D8 addr=0x1beb74 - unresolved JR/JALR at 0x1beb74; promoted 296 fallback entries
  [warning] control-flow function=sub_001BEC78 addr=0x1bed40 - unresolved JR/JALR at 0x1bed40; promoted 110 fallback entries
  [warning] control-flow function=sub_001BEE78 addr=0x1befbc - unresolved JR/JALR at 0x1befbc 0x1bf000 0x1bf028 0x1bf040 0x1bf0c0 0x1bf118 0x1bf16c 0x1bf1b0 0x1bf1d8 0x1bf1f0 0x1bf208; promoted 236 fallback entries
  [warning] control-flow function=sub_001BF438 addr=0x1bf488 - unresolved JR/JALR at 0x1bf488 0x1bf4c0 0x1bf4f8 0x1bf530; promoted 92 fallback entries
  [warning] control-flow function=sub_001BF6C0 addr=0x1bf710 - unresolved JR/JALR at 0x1bf710 0x1bf92c 0x1bf964; promoted 318 fallback entries
  [warning] control-flow function=sub_001BFBB8 addr=0x1bfee0 - unresolved JR/JALR at 0x1bfee0 0x1bffb4; promoted 352 fallback entries
  [warning] control-flow function=sub_001C0540 addr=0x1c0b50 - unresolved JR/JALR at 0x1c0b50 0x1c0c94 0x1c0cb0 0x1c0d74; promoted 640 fallback entries
  [warning] control-flow function=sub_001C0F40 addr=0x1c10b0 - unresolved JR/JALR at 0x1c10b0 0x1c10e0 0x1c1120 0x1c1160 0x1c11a0 0x1c11e0 0x1c1220 0x1c1250 0x1c1280 0x1c12b0 0x1c12e0 0x1c1310 0x1c13bc; promoted 296 fallback entries
  [warning] control-flow function=sub_001C13E0 addr=0x1c1430 - unresolved JR/JALR at 0x1c1430 0x1c1468 0x1c1608 0x1c1674 0x1c16f8 0x1c177c 0x1c17a8; promoted 262 fallback entries
  [warning] control-flow function=sub_001C17F8 addr=0x1c1820 - unresolved JR/JALR at 0x1c1820 0x1c183c 0x1c1858 0x1c1874 0x1c1890 0x1c18ac 0x1c18c8 0x1c18e4 0x1c1900 0x1c191c 0x1c1938 0x1c1954 0x1c1970 0x1c198c 0x1c19a8 0x1c1a04 0x1c1acc; promoted 228 fallback entries
  [warning] control-flow function=sub_001C1B88 addr=0x1c1bd4 - unresolved JR/JALR at 0x1c1bd4; promoted 50 fallback entries
  [warning] control-flow function=sub_001C1C50 addr=0x1c1ee0 - unresolved JR/JALR at 0x1c1ee0 0x1c20a8; promoted 298 fallback entries
  [warning] control-flow function=sub_001C20F8 addr=0x1c22f8 - unresolved JR/JALR at 0x1c22f8 0x1c2378 0x1c23e4; promoted 200 fallback entries
  [warning] control-flow function=sub_001C2468 addr=0x1c2500 - unresolved JR/JALR at 0x1c2500; promoted 68 fallback entries
  [warning] control-flow function=sub_001C2578 addr=0x1c25d0 - unresolved JR/JALR at 0x1c25d0 0x1c277c 0x1c27ec; promoted 296 fallback entries
  [warning] control-flow function=sub_001C2A18 addr=0x1c2b14 - unresolved JR/JALR at 0x1c2b14; promoted 100 fallback entries
  [warning] control-flow function=sub_001C2BA8 addr=0x1c2c00 - unresolved JR/JALR at 0x1c2c00; promoted 42 fallback entries
  [warning] control-flow function=sub_001C2D18 addr=0x1c2f90 - unresolved JR/JALR at 0x1c2f90 0x1c312c 0x1c31c4 0x1c31e4 0x1c3288 0x1c32dc; promoted 382 fallback entries
  [warning] control-flow function=sub_001C3310 addr=0x1c36bc - unresolved JR/JALR at 0x1c36bc 0x1c3814 0x1c3848 0x1c387c 0x1c38cc 0x1c3900 0x1c3934 0x1c396c 0x1c3a58 0x1c3aa4 0x1c3ad8 0x1c3b0c 0x1c3b40 0x1c3b8c 0x1c3bc0 0x1c3bf4 0x1c3c28 0x1c3c8c 0x1c3cec; promoted 662 fallback entries
  [warning] control-flow function=sub_001C3D68 addr=0x1c3e00 - unresolved JR/JALR at 0x1c3e00 0x1c3eac 0x1c3ec4; promoted 96 fallback entries
  [warning] control-flow function=sub_001C3EE8 addr=0x1c3f9c - unresolved JR/JALR at 0x1c3f9c 0x1c3fec 0x1c403c 0x1c4074 0x1c40ac 0x1c40e4 0x1c4194 0x1c41e4 0x1c4234 0x1c426c 0x1c42a4 0x1c42dc 0x1c4388 0x1c43d8 0x1c4428 0x1c4460 0x1c4498 0x1c44d0; promoted 404 fallback entries
  [warning] control-flow function=sub_001C4538 addr=0x1c4588 - unresolved JR/JALR at 0x1c4588 0x1c45c0 0x1c45f8 0x1c4630 0x1c4668 0x1c46a0 0x1c46d8 0x1c4710 0x1c4750 0x1c4788; promoted 156 fallback entries
  [warning] control-flow function=sub_001C47A8 addr=0x1c4860 - unresolved JR/JALR at 0x1c4860 0x1c4894 0x1c492c; promoted 136 fallback entries
  [warning] control-flow function=sub_001C4B78 addr=0x1c4c00 - unresolved JR/JALR at 0x1c4c00 0x1c4c1c 0x1c4c38 0x1c4c54 0x1c4c80 0x1c4ca8; promoted 108 fallback entries
  [warning] control-flow function=sub_001C4D28 addr=0x1c4d60 - unresolved JR/JALR at 0x1c4d60 0x1c4d90 0x1c4dd0 0x1c4e10; promoted 70 fallback entries
  [warning] control-flow function=sub_001C4E40 addr=0x1c4e78 - unresolved JR/JALR at 0x1c4e78 0x1c4ea8 0x1c4ee8 0x1c4f28; promoted 70 fallback entries
  [warning] control-flow function=sub_001C5018 addr=0x1c52c0 - unresolved JR/JALR at 0x1c52c0 0x1c52dc 0x1c534c; promoted 376 fallback entries
  [warning] control-flow function=sub_001C5A90 addr=0x1c5bc8 - unresolved JR/JALR at 0x1c5bc8 0x1c5bf8 0x1c5c18; promoted 210 fallback entries
  [warning] control-flow function=sub_001C5DD8 addr=0x1c5e3c - unresolved JR/JALR at 0x1c5e3c 0x1c5e84 0x1c5ea4 0x1c5ec4 0x1c5ee4 0x1c5f04; promoted 82 fallback entries
  [warning] control-flow function=sub_001C5F20 addr=0x1c5f78 - unresolved JR/JALR at 0x1c5f78 0x1c5fbc 0x1c6004 0x1c604c 0x1c6094 0x1c60f4 0x1c6150 0x1c61b0 0x1c6208; promoted 196 fallback entries
  [warning] control-flow function=sub_001C6230 addr=0x1c6298 - unresolved JR/JALR at 0x1c6298 0x1c63fc 0x1c6674; promoted 302 fallback entries
  [warning] control-flow function=sub_001C66E8 addr=0x1c67b8 - unresolved JR/JALR at 0x1c67b8 0x1c67d8 0x1c67f8 0x1c6818 0x1c68fc 0x1c691c 0x1c693c 0x1c695c 0x1c6a3c 0x1c6a5c 0x1c6a7c 0x1c6a9c; promoted 264 fallback entries
  [warning] control-flow function=sub_001C6D30 addr=0x1c6dec - unresolved JR/JALR at 0x1c6dec 0x1c6e08 0x1c6e98 0x1c6eb4 0x1c6ed4 0x1c6ef0 0x1c6f10 0x1c6f40 0x1c6f5c 0x1c6f7c 0x1c6f98 0x1c6fb8 0x1c6fd4 0x1c6ff8; promoted 196 fallback entries
  [warning] control-flow function=sub_001C70F0 addr=0x1c7120 - unresolved JR/JALR at 0x1c7120 0x1c7168 0x1c7188 0x1c71d0 0x1c71f0 0x1c7238; promoted 90 fallback entries
  [warning] control-flow function=sub_001C7388 addr=0x1c7420 - unresolved JR/JALR at 0x1c7420 0x1c7440 0x1c7478 0x1c7494 0x1c7548 0x1c7560; promoted 144 fallback entries
  [warning] control-flow function=sub_001C7EB0 addr=0x1c7f2c - unresolved JR/JALR at 0x1c7f2c 0x1c7f6c; promoted 104 fallback entries
  [warning] control-flow function=sub_001C80E8 addr=0x1c81a0 - unresolved JR/JALR at 0x1c81a0; promoted 92 fallback entries
  [warning] control-flow function=sub_001C8320 addr=0x1c8404 - unresolved JR/JALR at 0x1c8404; promoted 98 fallback entries
  [warning] control-flow function=sub_001C8628 addr=0x1c864c - unresolved JR/JALR at 0x1c864c; promoted 20 fallback entries
  [warning] control-flow function=sub_001C8678 addr=0x1c86c4 - unresolved JR/JALR at 0x1c86c4 0x1c8738; promoted 56 fallback entries
  [warning] control-flow function=sub_001C8930 addr=0x1c8970 - unresolved JR/JALR at 0x1c8970; promoted 66 fallback entries
  [warning] control-flow function=sub_001C8A38 addr=0x1c8fbc - unresolved JR/JALR at 0x1c8fbc; promoted 384 fallback entries
  [warning] control-flow function=sub_001C93B0 addr=0x1c9444 - unresolved JR/JALR at 0x1c9444; promoted 64 fallback entries
  [warning] control-flow function=sub_001C94B0 addr=0x1c955c - unresolved JR/JALR at 0x1c955c; promoted 102 fallback entries
  [warning] control-flow function=sub_001C9648 addr=0x1c96e4 - unresolved JR/JALR at 0x1c96e4; promoted 102 fallback entries
  [warning] control-flow function=sub_001C97E0 addr=0x1c98a0 - unresolved JR/JALR at 0x1c98a0; promoted 86 fallback entries
  [warning] control-flow function=sub_001C9938 addr=0x1c99ec - unresolved JR/JALR at 0x1c99ec; promoted 124 fallback entries
  [warning] control-flow function=sub_001C9CD0 addr=0x1ca11c - unresolved JR/JALR at 0x1ca11c 0x1ca134; promoted 288 fallback entries
  [warning] control-flow function=sub_001CA150 addr=0x1ca1c0 - unresolved JR/JALR at 0x1ca1c0 0x1ca20c 0x1ca228 0x1ca2d0 0x1ca334 0x1ca40c 0x1ca46c; promoted 206 fallback entries
  [warning] control-flow function=sub_001CA488 addr=0x1ca4a8 - unresolved JR/JALR at 0x1ca4a8; promoted 14 fallback entries
  [warning] control-flow function=sub_001CA4C0 addr=0x1ca4e0 - unresolved JR/JALR at 0x1ca4e0 0x1ca510 0x1ca554 0x1ca5cc 0x1ca684; promoted 120 fallback entries
  [warning] control-flow function=sub_001CA6A0 addr=0x1ca6fc - unresolved JR/JALR at 0x1ca6fc; promoted 128 fallback entries
  [warning] control-flow function=sub_001CABA8 addr=0x1cae80 - unresolved JR/JALR at 0x1cae80 0x1caeb8; promoted 236 fallback entries
  [warning] control-flow function=sub_001CB030 addr=0x1cb274 - unresolved JR/JALR at 0x1cb274 0x1cb30c 0x1cb334 0x1cb358 0x1cb3fc; promoted 250 fallback entries
  [warning] control-flow function=sub_001CC1E0 addr=0x1cc280 - unresolved JR/JALR at 0x1cc280 0x1cc4c4 0x1cc5f8; promoted 272 fallback entries
  [warning] control-flow function=sub_001CC8D8 addr=0x1ccb84 - unresolved JR/JALR at 0x1ccb84 0x1ccbd4 0x1ccbf0; promoted 214 fallback entries
  [warning] control-flow function=sub_001CCC30 addr=0x1ccc98 - unresolved JR/JALR at 0x1ccc98 0x1ccd94; promoted 154 fallback entries
  [warning] control-flow function=sub_001CD0D8 addr=0x1cd154 - unresolved JR/JALR at 0x1cd154 0x1cd448 0x1cd468 0x1cd488 0x1cd4f0 0x1cd540 0x1cd608 0x1cd640; promoted 396 fallback entries
  [warning] control-flow function=sub_001CD708 addr=0x1cd84c - unresolved JR/JALR at 0x1cd84c 0x1cd868 0x1cd8d4 0x1cd8f0 0x1cd908 0x1cd964; promoted 166 fallback entries
  [warning] control-flow function=sub_001CD9A0 addr=0x1cd9e8 - unresolved JR/JALR at 0x1cd9e8 0x1cda08 0x1cda2c 0x1cda7c 0x1cdad8 0x1cdaf4 0x1cdb3c 0x1cdb58 0x1cdbcc 0x1cdc38 0x1cdc4c 0x1cdc7c 0x1cdcac 0x1cdcdc 0x1cdd0c 0x1cdd3c 0x1cdeb4 0x1cdef0 0x1cdf0c 0x1cdf44 0x1cdf80 0x1cdf9c 0x1cdfc4 0x1ce104 0x1ce144 0x1ce164 0x1ce248 0x1ce278; promoted 578 fallback entries
  [warning] control-flow function=sub_001CE5E0 addr=0x1ce660 - unresolved JR/JALR at 0x1ce660; promoted 68 fallback entries
  [warning] control-flow function=sub_001CE758 addr=0x1ce88c - unresolved JR/JALR at 0x1ce88c; promoted 162 fallback entries
  [warning] control-flow function=sub_001CE9E0 addr=0x1cea8c - unresolved JR/JALR at 0x1cea8c 0x1ceb40 0x1cebb8 0x1cec9c 0x1ced3c; promoted 236 fallback entries
  [warning] control-flow function=sub_001CEEA0 addr=0x1cf014 - unresolved JR/JALR at 0x1cf014 0x1cf060 0x1cf204 0x1cf21c 0x1cf2bc 0x1cf2dc 0x1cf318 0x1cf388 0x1cf3ec 0x1cf424 0x1cf44c 0x1cf480 0x1cf4a0 0x1cf4c0 0x1cf4e4 0x1cf4fc 0x1cf51c 0x1cf53c 0x1cf554 0x1cf584 0x1cf5d8 0x1cf608 0x1cf654 0x1cf6a0 0x1cf748 0x1cf760 0x1cf774 0x1cf790 0x1cf7ac 0x1cf7c8 0x1cf7e8 0x1cf8c8 0x1cf9b8 0x1cfa64 0x1cfbe0 0x1cfc6c 0x1cfca8 0x1cfdbc; promoted 972 fallback entries
  [warning] control-flow function=sub_001CFE60 addr=0x1cfe8c - unresolved JR/JALR at 0x1cfe8c 0x1cfea8; promoted 44 fallback entries
  [warning] control-flow function=sub_001CFF10 addr=0x1cffc4 - unresolved JR/JALR at 0x1cffc4 0x1cffdc; promoted 58 fallback entries
  [warning] control-flow function=sub_001CFFF8 addr=0x1d0084 - unresolved JR/JALR at 0x1d0084; promoted 50 fallback entries
  [warning] control-flow function=sub_001D00C0 addr=0x1d0108 - unresolved JR/JALR at 0x1d0108; promoted 48 fallback entries
  [warning] control-flow function=sub_001D0180 addr=0x1d01f4 - unresolved JR/JALR at 0x1d01f4; promoted 46 fallback entries
  [warning] control-flow function=sub_001D0238 addr=0x1d029c - unresolved JR/JALR at 0x1d029c 0x1d02ec 0x1d0304 0x1d0398 0x1d03b0 0x1d03c4 0x1d03d8 0x1d0420 0x1d0538 0x1d0584 0x1d05a0 0x1d0680 0x1d0698 0x1d06bc 0x1d06dc 0x1d0700 0x1d0778 0x1d07ac 0x1d0818 0x1d0918 0x1d0934 0x1d094c 0x1d0968 0x1d0998 0x1d09cc 0x1d09f0 0x1d0a6c 0x1d0a90 0x1d0aac 0x1d0b38 0x1d0b5c 0x1d0b70 0x1d0b84 0x1d0b98 0x1d0bac 0x1d0c20 0x1d0cb4 0x1d0cf4 0x1d0dac 0x1d0dd4 0x1d0e04 0x1d0e28 0x1d0fbc 0x1d0fd8 0x1d1010 0x1d102c 0x1d1050 0x1d108c 0x1d10d8 0x1d110c; promoted 956 fallback entries
  [warning] control-flow function=sub_001D1AA0 addr=0x1d1ba8 - unresolved JR/JALR at 0x1d1ba8 0x1d1da0 0x1d1e30 0x1d1eb0 0x1d1f54 0x1d2014 0x1d2048 0x1d2070; promoted 398 fallback entries
  [warning] control-flow function=sub_001D2198 addr=0x1d2258 - unresolved JR/JALR at 0x1d2258 0x1d22cc; promoted 86 fallback entries
  [warning] control-flow function=sub_001D22F0 addr=0x1d2544 - unresolved JR/JALR at 0x1d2544 0x1d2560; promoted 170 fallback entries
  [warning] control-flow function=sub_001D2678 addr=0x1d2958 - unresolved JR/JALR at 0x1d2958 0x1d2ddc 0x1d2e7c 0x1d2edc 0x1d2f08 0x1d2f24 0x1d2ff0 0x1d3018 0x1d30f8; promoted 698 fallback entries
  [warning] control-flow function=sub_001D31C0 addr=0x1d3238 - unresolved JR/JALR at 0x1d3238; promoted 72 fallback entries
  [warning] control-flow function=sub_001D32E0 addr=0x1d3304 - unresolved JR/JALR at 0x1d3304 0x1d3328; promoted 24 fallback entries
  [warning] control-flow function=sub_001D3340 addr=0x1d3664 - unresolved JR/JALR at 0x1d3664 0x1d36d8; promoted 272 fallback entries
  [warning] control-flow function=sub_001D3780 addr=0x1d39fc - unresolved JR/JALR at 0x1d39fc 0x1d3aac 0x1d3b28 0x1d3d34 0x1d3d78 0x1d3da8; promoted 466 fallback entries
  [warning] control-flow function=sub_001D3EC8 addr=0x1d3f64 - unresolved JR/JALR at 0x1d3f64; promoted 46 fallback entries
  [warning] control-flow function=sub_001D3F80 addr=0x1d4004 - unresolved JR/JALR at 0x1d4004 0x1d4024 0x1d4044 0x1d4064 0x1d4084 0x1d40a4 0x1d4134 0x1d4150 0x1d416c 0x1d41c8 0x1d41e4 0x1d4208; promoted 186 fallback entries
  [warning] control-flow function=sub_001D4268 addr=0x1d42f8 - unresolved JR/JALR at 0x1d42f8 0x1d446c 0x1d4550 0x1d4568 0x1d4604 0x1d461c 0x1d46e0 0x1d4704; promoted 334 fallback entries
  [warning] control-flow function=sub_001D47A0 addr=0x1d4844 - unresolved JR/JALR at 0x1d4844 0x1d4864; promoted 60 fallback entries
  [warning] control-flow function=sub_001D4890 addr=0x1d48c4 - unresolved JR/JALR at 0x1d48c4 0x1d48e0; promoted 34 fallback entries
  [warning] control-flow function=sub_001D4A20 addr=0x1d4ab8 - unresolved JR/JALR at 0x1d4ab8; promoted 64 fallback entries
  [warning] control-flow function=sub_001D4B20 addr=0x1d4b70 - unresolved JR/JALR at 0x1d4b70; promoted 42 fallback entries
  [warning] control-flow function=sub_001D4BC8 addr=0x1d4f04 - unresolved JR/JALR at 0x1d4f04 0x1d4f3c; promoted 242 fallback entries
  [warning] control-flow function=sub_001D58B8 addr=0x1d5bdc - unresolved JR/JALR at 0x1d5bdc; promoted 770 fallback entries
  [warning] control-flow function=sub_001D64C0 addr=0x1d654c - unresolved JR/JALR at 0x1d654c 0x1d667c 0x1d6704 0x1d673c 0x1d676c 0x1d6790 0x1d67ac 0x1d6824 0x1d685c 0x1d688c 0x1d68b0 0x1d68cc 0x1d6938 0x1d6968 0x1d69b0 0x1d6a38 0x1d6a7c 0x1d6a9c 0x1d6b50 0x1d6b98 0x1d6bdc 0x1d6bf0 0x1d6cb4 0x1d6cf4 0x1d6d38 0x1d6d4c 0x1d6e08 0x1d6e48 0x1d6e7c 0x1d6ec0 0x1d6ed4 0x1d6ef4 0x1d6f38 0x1d6f4c 0x1d6f80 0x1d6fc4 0x1d6fd8 0x1d7080 0x1d70bc 0x1d70fc 0x1d7140 0x1d7154; promoted 820 fallback entries
  [warning] control-flow function=sub_001D68E8 addr=0x1d6938 - unresolved JR/JALR at 0x1d6938 0x1d6968 0x1d69b0 0x1d6a38 0x1d6a7c 0x1d6a9c 0x1d6b50 0x1d6b98 0x1d6bdc 0x1d6bf0 0x1d6cb4 0x1d6cf4 0x1d6d38 0x1d6d4c 0x1d6e08 0x1d6e48 0x1d6e7c 0x1d6ec0 0x1d6ed4 0x1d6ef4 0x1d6f38 0x1d6f4c 0x1d6f80 0x1d6fc4 0x1d6fd8; promoted 458 fallback entries
  [warning] control-flow function=sub_001D7010 addr=0x1d7080 - unresolved JR/JALR at 0x1d7080 0x1d70bc 0x1d70fc 0x1d7140 0x1d7154; promoted 96 fallback entries
  [warning] control-flow function=sub_001D7190 addr=0x1d7214 - unresolved JR/JALR at 0x1d7214 0x1d7254 0x1d7274 0x1d72c4 0x1d72f0 0x1d7388 0x1d73d0 0x1d73f0 0x1d7480 0x1d74c4 0x1d74f4 0x1d7518 0x1d75b8 0x1d7600 0x1d7630 0x1d7654 0x1d76bc 0x1d7708 0x1d7738 0x1d7778 0x1d7798 0x1d7868 0x1d78b0 0x1d78f4 0x1d7908 0x1d794c 0x1d7960 0x1d7a24 0x1d7a40 0x1d7a84 0x1d7ac8 0x1d7adc 0x1d7b88 0x1d7ba4 0x1d7be8 0x1d7c2c 0x1d7c40 0x1d7cc0 0x1d7ce4 0x1d7d28 0x1d7d3c 0x1d7dec 0x1d7e34 0x1d7e78 0x1d7e8c 0x1d7f38 0x1d7f7c 0x1d7fac 0x1d7fd0 0x1d8090 0x1d80d8 0x1d8108 0x1d812c 0x1d81c4 0x1d81f8 0x1d8228; promoted 1068 fallback entries
  [warning] control-flow function=sub_001D72A8 addr=0x1d72c4 - unresolved JR/JALR at 0x1d72c4 0x1d72f0; promoted 28 fallback entries
  [warning] control-flow function=sub_001D7318 addr=0x1d7388 - unresolved JR/JALR at 0x1d7388 0x1d73d0 0x1d73f0; promoted 66 fallback entries
  [warning] control-flow function=sub_001D7420 addr=0x1d7480 - unresolved JR/JALR at 0x1d7480 0x1d74c4 0x1d74f4 0x1d7518; promoted 74 fallback entries
  [warning] control-flow function=sub_001D7548 addr=0x1d75b8 - unresolved JR/JALR at 0x1d75b8 0x1d7600 0x1d7630 0x1d7654; promoted 80 fallback entries
  [warning] control-flow function=sub_001D7688 addr=0x1d76bc - unresolved JR/JALR at 0x1d76bc 0x1d7708 0x1d7738 0x1d7778 0x1d7798 0x1d7868 0x1d78b0 0x1d78f4 0x1d7908 0x1d794c 0x1d7960 0x1d7a24 0x1d7a40 0x1d7a84 0x1d7ac8 0x1d7adc 0x1d7b88 0x1d7ba4 0x1d7be8 0x1d7c2c 0x1d7c40; promoted 376 fallback entries
  [warning] control-flow function=sub_001D7C68 addr=0x1d7cc0 - unresolved JR/JALR at 0x1d7cc0 0x1d7ce4 0x1d7d28 0x1d7d3c 0x1d7dec 0x1d7e34 0x1d7e78 0x1d7e8c 0x1d7f38 0x1d7f7c 0x1d7fac 0x1d7fd0 0x1d8090 0x1d80d8 0x1d8108 0x1d812c; promoted 318 fallback entries
  [warning] control-flow function=sub_001D8160 addr=0x1d81c4 - unresolved JR/JALR at 0x1d81c4 0x1d81f8 0x1d8228; promoted 56 fallback entries
  [warning] control-flow function=sub_001D8240 addr=0x1d8280 - unresolved JR/JALR at 0x1d8280 0x1d82f0 0x1d8320 0x1d8390; promoted 90 fallback entries
  [warning] control-flow function=sub_001D83A8 addr=0x1d83e8 - unresolved JR/JALR at 0x1d83e8 0x1d8400 0x1d8430 0x1d845c 0x1d84cc 0x1d84fc 0x1d85b0 0x1d863c 0x1d86e4; promoted 214 fallback entries
  [warning] control-flow function=sub_001D8700 addr=0x1d8770 - unresolved JR/JALR at 0x1d8770 0x1d87b0 0x1d87f0 0x1d8830 0x1d8878 0x1d88b8 0x1d88f4 0x1d8954 0x1d8994 0x1d8a04 0x1d8a4c 0x1d8b10 0x1d8b44 0x1d8b60; promoted 334 fallback entries
  [warning] control-flow function=sub_001D8C38 addr=0x1d8c90 - unresolved JR/JALR at 0x1d8c90 0x1d8cf4 0x1d8dbc; promoted 106 fallback entries
  [warning] control-flow function=sub_001D8DE0 addr=0x1d8e7c - unresolved JR/JALR at 0x1d8e7c 0x1d8e94 0x1d8ee4 0x1d8f1c 0x1d8f80 0x1d8fd8 0x1d8ff4 0x1d90a0 0x1d90f4 0x1d9118 0x1d913c 0x1d9198 0x1d91b8 0x1d91d4 0x1d91f0 0x1d920c 0x1d9228; promoted 330 fallback entries
  [warning] control-flow function=sub_001D9308 addr=0x1d9340 - unresolved JR/JALR at 0x1d9340 0x1d9394 0x1d9504 0x1d953c 0x1d95f0 0x1d9628 0x1d96c4 0x1d96f8 0x1d9748 0x1d9780; promoted 310 fallback entries
  [warning] control-flow function=sub_001D97E0 addr=0x1d985c - unresolved JR/JALR at 0x1d985c 0x1d98e4 0x1d991c; promoted 90 fallback entries
  [warning] control-flow function=sub_001D9D48 addr=0x1d9e4c - unresolved JR/JALR at 0x1d9e4c; promoted 242 fallback entries
  [warning] control-flow function=sub_001DA110 addr=0x1da178 - unresolved JR/JALR at 0x1da178 0x1da308 0x1da350 0x1da380 0x1da42c; promoted 230 fallback entries
  [warning] control-flow function=sub_001DCEA0 addr=0x1dd010 - unresolved JR/JALR at 0x1dd010; promoted 138 fallback entries
  [warning] control-flow function=sub_001DD0C8 addr=0x1dd140 - unresolved JR/JALR at 0x1dd140 0x1dd1a8 0x1dd2a0 0x1dd348 0x1dd3e0; promoted 302 fallback entries
  [warning] control-flow function=sub_001DD580 addr=0x1dec0c - unresolved JR/JALR at 0x1dec0c 0x1dec88 0x1decd0 0x1ded08 0x1ded7c 0x1dedc8 0x1df094 0x1df0a8 0x1df0c4 0x1df0f4 0x1df120 0x1df150 0x1df188 0x1df1b8 0x1df1e8 0x1df244 0x1df2d8 0x1df33c 0x1df540; promoted 2386 fallback entries
  [warning] control-flow function=sub_001DDDB8 addr=0x1dec0c - unresolved JR/JALR at 0x1dec0c 0x1dec88 0x1decd0 0x1ded08 0x1ded7c 0x1dedc8 0x1df094 0x1df0a8 0x1df0c4 0x1df0f4 0x1df120 0x1df150 0x1df188 0x1df1b8 0x1df1e8 0x1df244 0x1df2d8 0x1df33c 0x1df540; promoted 1860 fallback entries
  [warning] control-flow function=sub_001DFAC8 addr=0x1e00fc - unresolved JR/JALR at 0x1e00fc 0x1e09d4 0x1e0a84 0x1e0fd4; promoted 1394 fallback entries
  [warning] control-flow function=sub_001E2FE0 addr=0x1e30d0 - unresolved JR/JALR at 0x1e30d0; promoted 72 fallback entries
  [warning] control-flow function=sub_001E3A78 addr=0x1e3b40 - unresolved JR/JALR at 0x1e3b40 0x1e3b94 0x1e3bdc; promoted 98 fallback entries
  [warning] control-flow function=sub_001E3C00 addr=0x1e4008 - unresolved JR/JALR at 0x1e4008 0x1e4054 0x1e41b4 0x1e41e4 0x1e4420; promoted 534 fallback entries
  [warning] control-flow function=sub_001E4658 addr=0x1e4688 - unresolved JR/JALR at 0x1e4688 0x1e46a8 0x1e4718 0x1e4738; promoted 64 fallback entries
  [warning] control-flow function=sub_001E4758 addr=0x1e47a0 - unresolved JR/JALR at 0x1e47a0 0x1e47fc; promoted 58 fallback entries
  [warning] control-flow function=sub_001E4840 addr=0x1e4860 - unresolved JR/JALR at 0x1e4860; promoted 14 fallback entries
  [warning] control-flow function=sub_001E4878 addr=0x1e4898 - unresolved JR/JALR at 0x1e4898; promoted 14 fallback entries
  [warning] control-flow function=sub_001E4C78 addr=0x1e4e8c - unresolved JR/JALR at 0x1e4e8c 0x1e4ed0 0x1e4f38; promoted 190 fallback entries
  [warning] control-flow function=sub_001E4F70 addr=0x1e4fc8 - unresolved JR/JALR at 0x1e4fc8 0x1e50a0; promoted 86 fallback entries
  [warning] control-flow function=sub_001E51D0 addr=0x1e5328 - unresolved JR/JALR at 0x1e5328; promoted 150 fallback entries
  [warning] control-flow function=sub_001E5428 addr=0x1e549c - unresolved JR/JALR at 0x1e549c 0x1e54bc 0x1e5524; promoted 106 fallback entries
  [warning] control-flow function=sub_001E5780 addr=0x1e57e8 - unresolved JR/JALR at 0x1e57e8 0x1e58a0 0x1e58c8 0x1e5964 0x1e59f8; promoted 200 fallback entries
  [warning] control-flow function=sub_001E5AA0 addr=0x1e5d30 - unresolved JR/JALR at 0x1e5d30 0x1e60cc 0x1e6198 0x1e6448 0x1e6460 0x1e6810 0x1e68c8 0x1e6928 0x1e7068 0x1e70fc 0x1e744c 0x1e7464 0x1e74f4 0x1e750c 0x1e77f4 0x1e786c 0x1e78e0 0x1e7990 0x1e79c8 0x1e7a34 0x1e7b44 0x1e7de4 0x1e7e04 0x1e7fac 0x1e7fcc 0x1e8594 0x1e85b4 0x1e8628 0x1e86bc 0x1e86dc 0x1e8d5c 0x1e8e14 0x1e8e2c; promoted 3400 fallback entries
  [warning] control-flow function=sub_001E8FC0 addr=0x1e9080 - unresolved JR/JALR at 0x1e9080 0x1e917c; promoted 122 fallback entries
  [warning] control-flow function=sub_001E95A0 addr=0x1e9984 - unresolved JR/JALR at 0x1e9984; promoted 292 fallback entries
  [warning] control-flow function=sub_001E9A30 addr=0x1e9e38 - unresolved JR/JALR at 0x1e9e38 0x1ea1f0 0x1ea240 0x1ea888 0x1ea8bc 0x1eb1a0 0x1eb250 0x1eb99c 0x1ec21c 0x1ec4d8 0x1ec4f0 0x1ec5bc 0x1ec5e0 0x1ec624 0x1ec66c 0x1ec6b0 0x1ec9c8 0x1ec9e0 0x1eccb0 0x1f0c50 0x1f0d00 0x1f0ddc 0x1f1080 0x1f1098; promoted 7602 fallback entries
  [warning] control-flow function=sub_001F1190 addr=0x1f1320 - unresolved JR/JALR at 0x1f1320; promoted 106 fallback entries
  [warning] control-flow function=sub_001F1338 addr=0x1f1498 - unresolved JR/JALR at 0x1f1498; promoted 94 fallback entries
  [warning] control-flow function=sub_001F30D8 addr=0x1f3118 - unresolved JR/JALR at 0x1f3118; promoted 38 fallback entries
  [warning] control-flow function=sub_001F31E0 addr=0x1f32a4 - unresolved JR/JALR at 0x1f32a4 0x1f32bc 0x1f3388 0x1f33ac 0x1f33f0 0x1f3438 0x1f3488 0x1f3650 0x1f3668 0x1f3680; promoted 312 fallback entries
  [warning] control-flow function=sub_001F3700 addr=0x1f3960 - unresolved JR/JALR at 0x1f3960 0x1f3978 0x1f3adc 0x1f3b7c 0x1f3c8c 0x1f3de8 0x1f3e44 0x1f3f7c; promoted 574 fallback entries
  [warning] control-flow function=sub_001F3FF8 addr=0x1f41a4 - unresolved JR/JALR at 0x1f41a4 0x1f41f4 0x1f46b8 0x1f46f8; promoted 460 fallback entries
  [warning] control-flow function=sub_001F4728 addr=0x1f4a20 - unresolved JR/JALR at 0x1f4a20 0x1f4b94 0x1f4bc0 0x1f4ca8 0x1f4d34 0x1f4e38 0x1f4e6c; promoted 480 fallback entries
  [warning] control-flow function=sub_001F4FC0 addr=0x1f5078 - unresolved JR/JALR at 0x1f5078; promoted 60 fallback entries
  [warning] control-flow function=sub_001F50B0 addr=0x1f5158 - unresolved JR/JALR at 0x1f5158 0x1f5170 0x1f51dc 0x1f51f4; promoted 100 fallback entries
  [warning] control-flow function=sub_001F5300 addr=0x1f5380 - unresolved JR/JALR at 0x1f5380 0x1f5418; promoted 108 fallback entries
  [warning] control-flow function=sub_001F54B0 addr=0x1f5698 - unresolved JR/JALR at 0x1f5698 0x1f56fc 0x1f576c 0x1f5800 0x1f5840 0x1f5894 0x1f58d4 0x1f592c 0x1f596c 0x1f5a0c; promoted 354 fallback entries
  [warning] control-flow function=sub_001F5A38 addr=0x1f5b40 - unresolved JR/JALR at 0x1f5b40 0x1f5b78; promoted 92 fallback entries
  [warning] control-flow function=sub_001F5BA8 addr=0x1f5bfc - unresolved JR/JALR at 0x1f5bfc 0x1f5c34 0x1f5c6c 0x1f5ca4 0x1f5cfc 0x1f5d24 0x1f5d4c 0x1f5d70; promoted 126 fallback entries
  [warning] control-flow function=sub_001F7738 addr=0x1f7ae8 - unresolved JR/JALR at 0x1f7ae8 0x1f7b48 0x1f8100; promoted 652 fallback entries
  [warning] control-flow function=sub_001F8168 addr=0x1f828c - unresolved JR/JALR at 0x1f828c 0x1f82e4 0x1f82fc 0x1f84cc 0x1f854c 0x1f8670 0x1f8690 0x1f8800 0x1f898c 0x1f89e4 0x1f8a00 0x1f8a64 0x1f8cbc 0x1f8ce0 0x1f8d88 0x1f8dac; promoted 804 fallback entries
  [warning] control-flow function=sub_001F8DF8 addr=0x1f9454 - unresolved JR/JALR at 0x1f9454 0x1f957c 0x1f9eb0 0x1f9ec8 0x1f9f64 0x1f9f7c 0x1f9f94 0x1f9fac 0x1f9fc4 0x1f9fdc 0x1fa070 0x1fa0b0 0x1fa0c8 0x1fa18c 0x1fa9bc 0x1fabe0 0x1fad7c 0x1fadb8 0x1fadf0 0x1fae28 0x1fae60 0x1fafd0; promoted 2176 fallback entries
  [warning] control-flow function=sub_001FAFF8 addr=0x1fb040 - unresolved JR/JALR at 0x1fb040 0x1fb058 0x1fb090; promoted 98 fallback entries
  [warning] control-flow function=sub_001FB180 addr=0x1fb1f8 - unresolved JR/JALR at 0x1fb1f8; promoted 38 fallback entries
  [warning] control-flow function=sub_001FB218 addr=0x1fb28c - unresolved JR/JALR at 0x1fb28c; promoted 40 fallback entries
  [warning] control-flow function=sub_001FB378 addr=0x1fb3e0 - unresolved JR/JALR at 0x1fb3e0 0x1fb3f8; promoted 56 fallback entries
  [warning] control-flow function=sub_001FB458 addr=0x1fb4f8 - unresolved JR/JALR at 0x1fb4f8 0x1fb530 0x1fb548 0x1fb560; promoted 76 fallback entries
  [warning] control-flow function=sub_001FB588 addr=0x1fb628 - unresolved JR/JALR at 0x1fb628 0x1fb660 0x1fb678 0x1fb690 0x1fb844 0x1fbb30 0x1fbee8 0x1fc020 0x1fc080 0x1fc0f4 0x1fc6d8 0x1fca84 0x1fccc8; promoted 1794 fallback entries
  [warning] control-flow function=sub_001FD190 addr=0x1fd1c0 - unresolved JR/JALR at 0x1fd1c0 0x1fd240 0x1fd4a0 0x1fd614 0x1fd648 0x1fd6a4 0x1fd95c 0x1fda48; promoted 664 fallback entries
  [warning] control-flow function=sub_001FDBF0 addr=0x1fdd00 - unresolved JR/JALR at 0x1fdd00 0x1fdd34 0x1fdd68 0x1fdf8c 0x1fdfac 0x1fdfe4 0x1fdff8 0x1fe024 0x1fe094 0x1fe0b8 0x1fe0e8 0x1fe138 0x1fe160 0x1fe180 0x1fe1a0 0x1fe1cc 0x1fe1e4 0x1fe200 0x1fe22c 0x1fe24c 0x1fe268 0x1fe28c 0x1fe2a4 0x1fe2c4 0x1fe2dc 0x1fe338 0x1fe36c 0x1fe3b8 0x1fe3ec 0x1fe448 0x1fe460 0x1fe4f8 0x1fe528 0x1fe558 0x1fe588 0x1fe5f4 0x1fe624 0x1fe6ac 0x1fe6c8 0x1fe81c 0x1fe858 0x1fe894 0x1fe8c8; promoted 862 fallback entries
  [warning] control-flow function=sub_001FE968 addr=0x1fea7c - unresolved JR/JALR at 0x1fea7c 0x1feab0 0x1feae4 0x1feb58 0x1feb70 0x1febbc 0x1fecdc 0x1fecfc 0x1fed34 0x1fed48 0x1fed64 0x1fedd4 0x1fedf8 0x1fee28 0x1fee78 0x1feea0 0x1feec0 0x1feee0 0x1feefc 0x1fef2c 0x1fef4c 0x1fef68 0x1fef8c 0x1fefa4 0x1fefc4 0x1fefdc 0x1ff028 0x1ff05c 0x1ff0a8 0x1ff0dc 0x1ff130 0x1ff148 0x1ff1c0 0x1ff1f0 0x1ff220 0x1ff250 0x1ff2bc 0x1ff2ec 0x1ff374 0x1ff390 0x1ff4c0 0x1ff4fc 0x1ff538 0x1ff56c 0x1ff778; promoted 916 fallback entries
  [warning] control-flow function=sub_001FF7B8 addr=0x1ff890 - unresolved JR/JALR at 0x1ff890 0x1ff94c 0x1ffa48 0x1ffb0c 0x1ffc34 0x1ffcac; promoted 340 fallback entries
  [warning] control-flow function=sub_001FFD08 addr=0x1ffe10 - unresolved JR/JALR at 0x1ffe10 0x1ffe28 0x1ffe74 0x1ffeb0 0x1ffef8 0x1fff34 0x200084 0x2000e4 0x2001c0 0x2002e8 0x20031c 0x200354; promoted 416 fallback entries
  [warning] control-flow function=sub_00200700 addr=0x2007bc - unresolved JR/JALR at 0x2007bc; promoted 180 fallback entries
  [warning] control-flow function=sub_00200DE8 addr=0x200ffc - unresolved JR/JALR at 0x200ffc 0x201014 0x201074 0x20108c 0x2014ec 0x201504 0x201630 0x2016a0 0x2016e4; promoted 590 fallback entries
  [warning] control-flow function=sub_00201868 addr=0x201894 - unresolved JR/JALR at 0x201894; promoted 16 fallback entries
  [warning] control-flow function=sub_002018A8 addr=0x201934 - unresolved JR/JALR at 0x201934 0x2019ac 0x201be0 0x201c44 0x201d3c 0x201d70 0x201de0 0x201e4c 0x201eac 0x201f10 0x201f70 0x2020d0 0x2021c8 0x202388 0x2023b4 0x20260c 0x202704; promoted 932 fallback entries
  [warning] control-flow function=sub_00202770 addr=0x202794 - unresolved JR/JALR at 0x202794 0x2027b0; promoted 46 fallback entries
  [warning] control-flow function=sub_00202828 addr=0x2028d0 - unresolved JR/JALR at 0x2028d0 0x2028ec 0x202960; promoted 172 fallback entries
  [warning] control-flow function=sub_002030A0 addr=0x203110 - unresolved JR/JALR at 0x203110 0x203128 0x203160 0x203178 0x2031b0 0x2031c8 0x203200 0x203218 0x203254 0x203274 0x2032b0 0x2032d0 0x20330c 0x20332c 0x203368 0x203388 0x2033c4 0x2033e4 0x203420 0x203440 0x203478 0x203490 0x2034c8 0x2034e0 0x203518 0x203530 0x203568 0x203580 0x2035b0 0x2035c8 0x203604 0x203640 0x203658 0x2036c8 0x2036e0 0x203750 0x203768 0x2037a4 0x2037bc 0x2037ec 0x203804 0x2038fc 0x203914; promoted 572 fallback entries
  [warning] control-flow function=sub_00203A58 addr=0x203be8 - unresolved JR/JALR at 0x203be8 0x203c00 0x203c4c 0x203c64; promoted 152 fallback entries
  [warning] control-flow function=sub_00203D40 addr=0x203f80 - unresolved JR/JALR at 0x203f80 0x203f98 0x204098 0x2040fc 0x204208; promoted 1196 fallback entries
  [warning] control-flow function=sub_00204FF0 addr=0x205078 - unresolved JR/JALR at 0x205078; promoted 42 fallback entries
  [warning] control-flow function=sub_00205098 addr=0x2054c8 - unresolved JR/JALR at 0x2054c8 0x205778 0x20594c 0x2059cc 0x205d14 0x205d90 0x205e10 0x205e80 0x205f0c 0x205f60 0x205fc0 0x20601c 0x206084 0x206138 0x2061c4 0x206218 0x206278 0x2062d4 0x20633c 0x2063e4 0x206470 0x2064ec 0x206580 0x20660c; promoted 1406 fallback entries
  [warning] control-flow function=sub_00206690 addr=0x2068e8 - unresolved JR/JALR at 0x2068e8 0x206904 0x206970 0x20698c 0x2069f8 0x206a14 0x206a94 0x206ac4 0x206b4c 0x206b7c 0x206c04 0x206c34 0x206cbc 0x206cec 0x206d74 0x206da4 0x206e2c 0x206e5c 0x206ed4 0x206f24 0x206f8c 0x206fdc 0x207044 0x2070ac 0x2070fc 0x207164 0x2071b4 0x20721c 0x207284 0x2072d4 0x20733c 0x20738c 0x2073f4; promoted 872 fallback entries
  [warning] control-flow function=sub_00207430 addr=0x207498 - unresolved JR/JALR at 0x207498 0x207e14 0x207f08 0x207f74; promoted 1002 fallback entries
  [warning] control-flow function=sub_002083D8 addr=0x208400 - unresolved JR/JALR at 0x208400 0x208424; promoted 24 fallback entries
  [warning] control-flow function=sub_00208438 addr=0x208460 - unresolved JR/JALR at 0x208460 0x208484 0x208760 0x2088e4 0x20897c 0x208994 0x2089f0 0x208a7c 0x208ac0 0x208b44 0x208b5c; promoted 480 fallback entries
  [warning] control-flow function=sub_00208BB8 addr=0x208bec - unresolved JR/JALR at 0x208bec 0x208c0c 0x208c64 0x208d70; promoted 214 fallback entries
  [warning] control-flow function=sub_00208F88 addr=0x20903c - unresolved JR/JALR at 0x20903c 0x20905c 0x209074 0x2090a4 0x209268 0x209280 0x2092bc 0x2092d8 0x209324 0x209340 0x209414 0x209430 0x209454 0x2095ac; promoted 408 fallback entries
  [warning] control-flow function=sub_002095E8 addr=0x20960c - unresolved JR/JALR at 0x20960c 0x209630; promoted 24 fallback entries
  [warning] control-flow function=sub_00209648 addr=0x20966c - unresolved JR/JALR at 0x20966c 0x209690; promoted 24 fallback entries
  [warning] control-flow function=sub_002096A8 addr=0x209728 - unresolved JR/JALR at 0x209728 0x2098ec 0x209920; promoted 178 fallback entries
  [warning] control-flow function=sub_00209970 addr=0x209c28 - unresolved JR/JALR at 0x209c28 0x209c5c 0x209dc4 0x209df8; promoted 322 fallback entries
  [warning] control-flow function=sub_00209E78 addr=0x209eb4 - unresolved JR/JALR at 0x209eb4 0x209f1c 0x209f40 0x209f64 0x209f88 0x20a000 0x20a030 0x20a050; promoted 132 fallback entries
  [warning] control-flow function=sub_0020A088 addr=0x20a0b8 - unresolved JR/JALR at 0x20a0b8 0x20a0d8 0x20a108 0x20a128 0x20a14c 0x20a16c; promoted 72 fallback entries
  [warning] control-flow function=sub_0020A380 addr=0x20a414 - unresolved JR/JALR at 0x20a414; promoted 44 fallback entries
  [warning] control-flow function=sub_0020A430 addr=0x20a4a4 - unresolved JR/JALR at 0x20a4a4; promoted 44 fallback entries
  [warning] control-flow function=sub_0020A4E0 addr=0x20a58c - unresolved JR/JALR at 0x20a58c 0x20a5c8 0x20a668; promoted 114 fallback entries
  [warning] control-flow function=sub_0020A6A8 addr=0x20a6d8 - unresolved JR/JALR at 0x20a6d8; promoted 18 fallback entries
  [warning] control-flow function=sub_0020A6F0 addr=0x20a840 - unresolved JR/JALR at 0x20a840; promoted 112 fallback entries
  [warning] control-flow function=sub_0020CBE8 addr=0x20cc3c - unresolved JR/JALR at 0x20cc3c; promoted 30 fallback entries
  [warning] control-flow function=sub_0020D190 addr=0x20d1c0 - unresolved JR/JALR at 0x20d1c0; promoted 18 fallback entries
  [warning] control-flow function=sub_0020D1D8 addr=0x20d2ac - unresolved JR/JALR at 0x20d2ac 0x20d2c4 0x20d408 0x20d4b4 0x20d65c 0x20d774 0x20d9c0 0x20ddfc 0x20de14 0x20de84 0x20de9c 0x20deb4 0x20dfd0 0x20e038 0x20e058 0x20e080 0x20e108 0x20e124 0x20e2e0 0x20e2fc 0x20e3ac 0x20e440 0x20e49c; promoted 1334 fallback entries
  [warning] control-flow function=sub_0020E900 addr=0x20ea00 - unresolved JR/JALR at 0x20ea00 0x20ea34 0x20ea6c; promoted 104 fallback entries
  [warning] control-flow function=sub_0020EDA0 addr=0x20ee2c - unresolved JR/JALR at 0x20ee2c 0x20efa8 0x20f0b0 0x20f3d8 0x20f51c 0x20f5f0 0x20f6f0 0x20f88c 0x20fab0 0x20fae8; promoted 872 fallback entries
  [warning] control-flow function=sub_0020FB40 addr=0x20fbd8 - unresolved JR/JALR at 0x20fbd8 0x20fd64 0x20fe6c 0x20ff74 0x21000c 0x210228 0x210510 0x210548; promoted 668 fallback entries
  [warning] control-flow function=sub_00210820 addr=0x210860 - unresolved JR/JALR at 0x210860; promoted 54 fallback entries
  [warning] control-flow function=sub_002108F8 addr=0x2109c8 - unresolved JR/JALR at 0x2109c8 0x210ac4 0x210b00; promoted 184 fallback entries
  [warning] control-flow function=sub_00211270 addr=0x211298 - unresolved JR/JALR at 0x211298 0x2112c0 0x2112e0 0x211338 0x211350; promoted 68 fallback entries
  [warning] control-flow function=sub_00211380 addr=0x2113cc - unresolved JR/JALR at 0x2113cc 0x2113ec 0x21142c 0x211440 0x2114ac 0x21150c 0x211530 0x211580 0x2115a8 0x2115c8 0x2115e8 0x211620 0x21164c 0x21166c 0x211688 0x2116ac 0x2116c4 0x2116e4 0x2116fc 0x21175c 0x211790 0x2117e0 0x211814 0x2118b4 0x2118e4 0x211914 0x21194c 0x2119b4 0x2119e4 0x211a6c 0x211a88 0x211ba0 0x211c0c 0x211c98 0x211cdc 0x211ed8 0x211f94 0x211fe4 0x212020 0x212054; promoted 832 fallback entries
  [warning] control-flow function=sub_00212138 addr=0x212344 - unresolved JR/JALR at 0x212344; promoted 138 fallback entries
  [warning] control-flow function=sub_00212360 addr=0x212450 - unresolved JR/JALR at 0x212450 0x2124a8 0x212630; promoted 290 fallback entries
  [warning] control-flow function=sub_0021D1A0 addr=0x21d490 - unresolved JR/JALR at 0x21d490 0x21d55c 0x21d630 0x21d754 0x21d85c 0x21d960; promoted 512 fallback entries
  [warning] control-flow function=sub_0021D9A0 addr=0x21dd3c - unresolved JR/JALR at 0x21dd3c 0x21de64 0x21df5c 0x21e040; promoted 516 fallback entries
  [warning] control-flow function=sub_0021EA00 addr=0x21ebdc - unresolved JR/JALR at 0x21ebdc 0x21ed30; promoted 210 fallback entries
  [warning] control-flow function=sub_0021F660 addr=0x21f7e8 - unresolved JR/JALR at 0x21f7e8; promoted 212 fallback entries
  [warning] control-flow function=sub_0021F9B0 addr=0x21fc80 - unresolved JR/JALR at 0x21fc80; promoted 226 fallback entries
  [warning] control-flow function=sub_002200C0 addr=0x220230 - unresolved JR/JALR at 0x220230; promoted 248 fallback entries
  [warning] control-flow function=sub_002204A0 addr=0x220500 - unresolved JR/JALR at 0x220500 0x2207d8; promoted 396 fallback entries
  [warning] control-flow function=sub_002227D0 addr=0x2228e8 - unresolved JR/JALR at 0x2228e8 0x223f9c; promoted 2316 fallback entries
  [warning] control-flow function=sub_00224C00 addr=0x224c38 - unresolved JR/JALR at 0x224c38 0x224c5c; promoted 30 fallback entries
  [warning] control-flow function=sub_00224C78 addr=0x224cac - unresolved JR/JALR at 0x224cac 0x224cd4; promoted 34 fallback entries
  [warning] control-flow function=sub_00224D00 addr=0x224d50 - unresolved JR/JALR at 0x224d50; promoted 40 fallback entries
  [warning] control-flow function=sub_00224F68 addr=0x224fb8 - unresolved JR/JALR at 0x224fb8; promoted 64 fallback entries
  [warning] control-flow function=sub_00225338 addr=0x22569c - unresolved JR/JALR at 0x22569c; promoted 298 fallback entries
  [warning] control-flow function=sub_002257E0 addr=0x225824 - unresolved JR/JALR at 0x225824 0x2258b4; promoted 114 fallback entries
  [warning] control-flow function=sub_002259A8 addr=0x225a18 - unresolved JR/JALR at 0x225a18 0x225a54 0x225ae8; promoted 122 fallback entries
  [warning] control-flow function=sub_00225BE8 addr=0x225c1c - unresolved JR/JALR at 0x225c1c 0x225c7c; promoted 46 fallback entries
  [warning] control-flow function=sub_00225CA0 addr=0x225cd8 - unresolved JR/JALR at 0x225cd8 0x225dc0; promoted 82 fallback entries
  [warning] control-flow function=sub_00226628 addr=0x2267a4 - unresolved JR/JALR at 0x2267a4; promoted 130 fallback entries
  [warning] control-flow function=sub_00226830 addr=0x226988 - unresolved JR/JALR at 0x226988 0x226a18 0x226a60; promoted 204 fallback entries
  [warning] control-flow function=sub_00227F80 addr=0x228060 - unresolved JR/JALR at 0x228060 0x22807c 0x22809c 0x2281b4; promoted 150 fallback entries
  [warning] control-flow function=sub_00228A78 addr=0x228b98 - unresolved JR/JALR at 0x228b98 0x228bec; promoted 100 fallback entries
  [warning] control-flow function=sub_00228C08 addr=0x228d2c - unresolved JR/JALR at 0x228d2c 0x228d48 0x228ec4; promoted 182 fallback entries
  [warning] control-flow function=sub_00229910 addr=0x2299f4 - unresolved JR/JALR at 0x2299f4; promoted 160 fallback entries
  [warning] control-flow function=sub_00229BA8 addr=0x229dbc - unresolved JR/JALR at 0x229dbc; promoted 158 fallback entries
  [warning] control-flow function=sub_00229E20 addr=0x229e40 - unresolved JR/JALR at 0x229e40; promoted 14 fallback entries
  [warning] control-flow function=sub_00229E58 addr=0x229ed4 - unresolved JR/JALR at 0x229ed4; promoted 54 fallback entries
  [warning] control-flow function=sub_0022ADD8 addr=0x22ae50 - unresolved JR/JALR at 0x22ae50 0x22b060 0x22b088 0x22b0dc 0x22b1f0 0x22b234 0x22b250 0x22b274 0x22b2ec 0x22b310 0x22b32c 0x22b420 0x22bc4c 0x22bcd8 0x22bd1c 0x22bd70 0x22bdb8 0x22bde4 0x22bff8; promoted 1192 fallback entries
  [warning] control-flow function=sub_0022C078 addr=0x22c134 - unresolved JR/JALR at 0x22c134 0x22c184; promoted 78 fallback entries
  [warning] control-flow function=sub_0022C1B0 addr=0x22c1dc - unresolved JR/JALR at 0x22c1dc 0x22c224 0x22c330 0x22c34c 0x22c398; promoted 130 fallback entries
  [warning] control-flow function=sub_0022C3B8 addr=0x22c3e0 - unresolved JR/JALR at 0x22c3e0; promoted 22 fallback entries
  [warning] control-flow function=sub_0022C410 addr=0x22c5fc - unresolved JR/JALR at 0x22c5fc; promoted 132 fallback entries
  [warning] control-flow function=sub_0022C620 addr=0x22c6d4 - unresolved JR/JALR at 0x22c6d4; promoted 58 fallback entries
  [warning] control-flow function=sub_0022C708 addr=0x22c740 - unresolved JR/JALR at 0x22c740 0x22c768; promoted 34 fallback entries
  [warning] control-flow function=sub_0022C830 addr=0x22c8e0 - unresolved JR/JALR at 0x22c8e0 0x22c904 0x22c920 0x22ca08 0x22ca4c 0x22caa0 0x22caec 0x22cb0c 0x22cc54 0x22cc74; promoted 302 fallback entries
  [warning] control-flow function=sub_0022D6C8 addr=0x22d7dc - unresolved JR/JALR at 0x22d7dc 0x22d888; promoted 132 fallback entries
  [warning] control-flow function=sub_0022DF50 addr=0x22dfa8 - unresolved JR/JALR at 0x22dfa8; promoted 32 fallback entries
  [warning] control-flow function=sub_0022DFF0 addr=0x22e04c - unresolved JR/JALR at 0x22e04c; promoted 34 fallback entries
  [warning] control-flow function=sub_0022E3B8 addr=0x22e450 - unresolved JR/JALR at 0x22e450 0x22e4a0 0x22e4e4; promoted 102 fallback entries
  [warning] control-flow function=sub_0022E550 addr=0x22e5b8 - unresolved JR/JALR at 0x22e5b8 0x22e5fc; promoted 120 fallback entries
  [warning] control-flow function=sub_0022E730 addr=0x22e778 - unresolved JR/JALR at 0x22e778; promoted 38 fallback entries
  [warning] control-flow function=sub_0022E7C8 addr=0x22e810 - unresolved JR/JALR at 0x22e810; promoted 30 fallback entries
  [warning] control-flow function=sub_0022E840 addr=0x22e884 - unresolved JR/JALR at 0x22e884; promoted 30 fallback entries
  [warning] control-flow function=sub_0022E968 addr=0x22ec58 - unresolved JR/JALR at 0x22ec58 0x22f028 0x22f288; promoted 850 fallback entries
  [warning] control-flow function=sub_0022F6B0 addr=0x22fcc0 - unresolved JR/JALR at 0x22fcc0 0x22fce0 0x22fd54 0x22fd74 0x22fd94 0x22fdec 0x22fe94 0x22fec8 0x22ffac 0x22ffc8 0x230090 0x2300a8; promoted 656 fallback entries
  [warning] control-flow function=sub_00230180 addr=0x2301e0 - unresolved JR/JALR at 0x2301e0 0x23026c; promoted 74 fallback entries
  [warning] control-flow function=sub_002306A8 addr=0x2307f8 - unresolved JR/JALR at 0x2307f8 0x230adc 0x230bec 0x230cb0 0x230e0c 0x230eb8 0x230ef4; promoted 550 fallback entries
  [warning] control-flow function=sub_00230F40 addr=0x230fc4 - unresolved JR/JALR at 0x230fc4 0x230ff4 0x231098 0x2310b8 0x2310e4 0x23111c 0x23122c; promoted 196 fallback entries
  [warning] control-flow function=sub_00231278 addr=0x2312b8 - unresolved JR/JALR at 0x2312b8; promoted 24 fallback entries
  [warning] control-flow function=sub_002312D8 addr=0x231304 - unresolved JR/JALR at 0x231304; promoted 18 fallback entries
  [warning] control-flow function=sub_00231320 addr=0x231370 - unresolved JR/JALR at 0x231370 0x23138c 0x2313a8 0x2313c4 0x2313e0 0x2313fc 0x2314f8 0x231514 0x231530 0x23154c 0x231568 0x231584 0x231660 0x231758; promoted 328 fallback entries
  [warning] control-flow function=sub_00231AB8 addr=0x231c58 - unresolved JR/JALR at 0x231c58; promoted 110 fallback entries
  [warning] control-flow function=sub_00231D60 addr=0x231e4c - unresolved JR/JALR at 0x231e4c 0x231e6c; promoted 136 fallback entries
  [warning] control-flow function=sub_00231FC0 addr=0x23202c - unresolved JR/JALR at 0x23202c 0x232044 0x232120 0x232144 0x232188 0x2321dc 0x23221c 0x2322bc 0x2322d4 0x2322ec; promoted 218 fallback entries
  [warning] control-flow function=sub_00232328 addr=0x2324a0 - unresolved JR/JALR at 0x2324a0 0x2324cc 0x2324f0 0x232668 0x232694 0x2326b8; promoted 254 fallback entries
  [warning] control-flow function=sub_00232738 addr=0x232838 - unresolved JR/JALR at 0x232838 0x232864 0x232888 0x2328c0 0x2328ec 0x232910; promoted 234 fallback entries
  [warning] control-flow function=sub_00232AE0 addr=0x232b50 - unresolved JR/JALR at 0x232b50 0x232ce0 0x232d70 0x232dc8 0x232e00 0x232e4c; promoted 346 fallback entries
  [warning] control-flow function=sub_00233048 addr=0x233144 - unresolved JR/JALR at 0x233144 0x233210 0x2332a0 0x23330c 0x233348 0x2333b0 0x2333e8 0x233464; promoted 382 fallback entries
  [warning] control-flow function=sub_00233640 addr=0x2337b0 - unresolved JR/JALR at 0x2337b0 0x233864 0x233908 0x233954 0x233974 0x2339b0 0x233a18 0x233a50; promoted 280 fallback entries
  [warning] control-flow function=sub_00233AF0 addr=0x233b10 - unresolved JR/JALR at 0x233b10; promoted 14 fallback entries
  [warning] control-flow function=sub_00233B28 addr=0x233b48 - unresolved JR/JALR at 0x233b48; promoted 26 fallback entries
  [warning] control-flow function=sub_00233C10 addr=0x233da4 - unresolved JR/JALR at 0x233da4 0x233e4c 0x233f88; promoted 298 fallback entries
  [warning] control-flow function=sub_002340B8 addr=0x2340e8 - unresolved JR/JALR at 0x2340e8 0x234104; promoted 26 fallback entries
  [warning] control-flow function=sub_00234120 addr=0x234150 - unresolved JR/JALR at 0x234150 0x23416c; promoted 26 fallback entries
  [warning] control-flow function=sub_00234188 addr=0x23429c - unresolved JR/JALR at 0x23429c 0x2342f8 0x234470 0x2347f4; promoted 482 fallback entries
  [warning] control-flow function=sub_00234990 addr=0x2349c0 - unresolved JR/JALR at 0x2349c0 0x2349dc 0x2349f8 0x234a14; promoted 40 fallback entries
  [warning] control-flow function=sub_00234A30 addr=0x234a60 - unresolved JR/JALR at 0x234a60 0x234a7c 0x234a98 0x234ab4; promoted 110 fallback entries
  [warning] control-flow function=sub_00234BE8 addr=0x234d24 - unresolved JR/JALR at 0x234d24; promoted 126 fallback entries
  [warning] control-flow function=sub_00234EF8 addr=0x23501c - unresolved JR/JALR at 0x23501c 0x2350d8 0x23537c 0x2353e0 0x235710; promoted 678 fallback entries
  [warning] control-flow function=sub_00235990 addr=0x2359c0 - unresolved JR/JALR at 0x2359c0 0x2359dc 0x2359f8; promoted 34 fallback entries
  [warning] control-flow function=sub_00235A18 addr=0x235a48 - unresolved JR/JALR at 0x235a48 0x235a64 0x235a80 0x235b94 0x235bf0 0x235ecc; promoted 332 fallback entries
  [warning] control-flow function=sub_00235F48 addr=0x235f78 - unresolved JR/JALR at 0x235f78 0x235f94 0x235fb0; promoted 34 fallback entries
  [warning] control-flow function=sub_00235FD0 addr=0x236000 - unresolved JR/JALR at 0x236000 0x23601c 0x236038; promoted 126 fallback entries
  [warning] control-flow function=sub_00236728 addr=0x236758 - unresolved JR/JALR at 0x236758 0x236774 0x236790 0x2367ac; promoted 40 fallback entries
  [warning] control-flow function=sub_002367C8 addr=0x2367f8 - unresolved JR/JALR at 0x2367f8 0x236814 0x236830 0x23684c; promoted 40 fallback entries
  [warning] control-flow function=sub_00236868 addr=0x236a7c - unresolved JR/JALR at 0x236a7c; promoted 164 fallback entries
  [warning] control-flow function=sub_00236B18 addr=0x236b58 - unresolved JR/JALR at 0x236b58; promoted 22 fallback entries
  [warning] control-flow function=sub_00236CD8 addr=0x236d28 - unresolved JR/JALR at 0x236d28; promoted 34 fallback entries
  [warning] control-flow function=sub_002380E8 addr=0x238120 - unresolved JR/JALR at 0x238120; promoted 30 fallback entries
  [warning] control-flow function=sub_00238160 addr=0x2381ac - unresolved JR/JALR at 0x2381ac 0x2381e8 0x238244; promoted 94 fallback entries
  [warning] control-flow function=sub_002382D8 addr=0x238304 - unresolved JR/JALR at 0x238304; promoted 28 fallback entries
  [warning] control-flow function=sub_00238358 addr=0x2383b0 - unresolved JR/JALR at 0x2383b0; promoted 110 fallback entries
  [warning] control-flow function=sub_00238510 addr=0x23853c - unresolved JR/JALR at 0x23853c; promoted 16 fallback entries
  [warning] control-flow function=sub_00238550 addr=0x23857c - unresolved JR/JALR at 0x23857c; promoted 16 fallback entries
  [warning] control-flow function=sub_00238590 addr=0x2385bc - unresolved JR/JALR at 0x2385bc 0x2385fc 0x238618 0x238634 0x238650 0x23866c 0x238688 0x2386a4 0x2386c0 0x2386dc 0x2386fc 0x23871c 0x238738 0x238754 0x238770 0x238790 0x2387ac 0x2387c8 0x2387e4 0x238800 0x23881c 0x238838 0x238854 0x238884 0x2388cc 0x2388e8 0x238904 0x238920 0x23893c 0x238958 0x238974 0x238990 0x2389ac 0x2389cc 0x2389ec 0x238a08 0x238a24 0x238a40 0x238a60 0x238a7c 0x238a98 0x238ab4 0x238ad0 0x238aec 0x238b08 0x238b24 0x238b54; promoted 376 fallback entries
  [warning] control-flow function=sub_00238BF8 addr=0x238d14 - unresolved JR/JALR at 0x238d14 0x238ecc 0x238fe4; promoted 848 fallback entries
  [warning] control-flow function=sub_00239AA0 addr=0x239d38 - unresolved JR/JALR at 0x239d38 0x239d70 0x239e50 0x23a218 0x23a3c8; promoted 660 fallback entries
  [warning] control-flow function=sub_0023A668 addr=0x23a81c - unresolved JR/JALR at 0x23a81c 0x23a8e4 0x23ac38 0x23ac70 0x23ad74 0x23ae70 0x23b058 0x23b090; promoted 656 fallback entries
  [warning] control-flow function=sub_0023B0A8 addr=0x23b20c - unresolved JR/JALR at 0x23b20c 0x23b3e0 0x23b764 0x23b924 0x23b9e4 0x23bc54 0x23c240 0x23c718; promoted 1458 fallback entries
  [warning] control-flow function=sub_0023C860 addr=0x23c880 - unresolved JR/JALR at 0x23c880; promoted 14 fallback entries
  [warning] control-flow function=sub_0023C8F0 addr=0x23c97c - unresolved JR/JALR at 0x23c97c 0x23c9bc; promoted 78 fallback entries
  [warning] control-flow function=sub_0023CA28 addr=0x23ca50 - unresolved JR/JALR at 0x23ca50; promoted 18 fallback entries
  [warning] control-flow function=sub_0023CA70 addr=0x23ca88 - unresolved JR/JALR at 0x23ca88; promoted 12 fallback entries
  [warning] control-flow function=sub_0023CAA0 addr=0x23cac8 - unresolved JR/JALR at 0x23cac8; promoted 18 fallback entries
  [warning] control-flow function=sub_0023CAE8 addr=0x23cb70 - unresolved JR/JALR at 0x23cb70 0x23cbb0; promoted 78 fallback entries
  [warning] control-flow function=sub_0023CC20 addr=0x23cc44 - unresolved JR/JALR at 0x23cc44; promoted 14 fallback entries
  [warning] control-flow function=sub_0023CC78 addr=0x23cd3c - unresolved JR/JALR at 0x23cd3c; promoted 78 fallback entries
  [warning] control-flow function=sub_0023CDB0 addr=0x23ce3c - unresolved JR/JALR at 0x23ce3c 0x23cec8 0x23cf00 0x23cf7c 0x23cfe4 0x23d00c 0x23d030 0x23d04c 0x23d078 0x23d0b0 0x23d0e0 0x23d110 0x23d154 0x23d2cc 0x23d330 0x23d344 0x23d35c 0x23d394 0x23d3b4 0x23d3f0 0x23d41c 0x23d430 0x23d444 0x23d458 0x23d46c 0x23d480 0x23d4cc 0x23d524 0x23d540; promoted 496 fallback entries
  [warning] control-flow function=sub_0023D660 addr=0x23d680 - unresolved JR/JALR at 0x23d680 0x23d6a4 0x23d6e4 0x23d744; promoted 94 fallback entries
  [warning] control-flow function=sub_0023D7D8 addr=0x23d824 - unresolved JR/JALR at 0x23d824 0x23d83c 0x23d8c0 0x23d8e4 0x23d908 0x23d930 0x23d950 0x23d970 0x23d990 0x23d9b4 0x23d9d8 0x23d9fc 0x23da34 0x23da50 0x23da74 0x23da8c 0x23db3c 0x23db6c 0x23dbb8 0x23dbcc 0x23dbe0 0x23dbf4 0x23dc08 0x23dc34 0x23dc60 0x23dcac 0x23dcec 0x23dd24 0x23ddd4 0x23de08 0x23de6c 0x23de8c 0x23dee8; promoted 676 fallback entries
  [warning] control-flow function=sub_0023E268 addr=0x23e288 - unresolved JR/JALR at 0x23e288 0x23e2a8; promoted 22 fallback entries
  [warning] control-flow function=sub_0023E2C8 addr=0x23e2e8 - unresolved JR/JALR at 0x23e2e8 0x23e308; promoted 22 fallback entries
  [warning] control-flow function=sub_0023E320 addr=0x23e340 - unresolved JR/JALR at 0x23e340 0x23e364 0x23e380 0x23e38c 0x23e3a8; promoted 40 fallback entries
  [warning] control-flow function=sub_0023E3C0 addr=0x23e3e0 - unresolved JR/JALR at 0x23e3e0 0x23e3f4 0x23e410; promoted 26 fallback entries
  [warning] control-flow function=sub_0023E428 addr=0x23e448 - unresolved JR/JALR at 0x23e448 0x23e45c; promoted 28 fallback entries
  [warning] control-flow function=sub_0023E498 addr=0x23e4b8 - unresolved JR/JALR at 0x23e4b8 0x23e4d8; promoted 22 fallback entries
  [warning] control-flow function=sub_0023E4F8 addr=0x23e528 - unresolved JR/JALR at 0x23e528; promoted 18 fallback entries
  [warning] control-flow function=sub_0023E540 addr=0x23e568 - unresolved JR/JALR at 0x23e568 0x23e594 0x23e6e4 0x23e704 0x23e724 0x23e744 0x23e768 0x23e788 0x23e7a8 0x23e7c8 0x23e7e4 0x23e800; promoted 184 fallback entries
  [warning] control-flow function=sub_0023E820 addr=0x23e840 - unresolved JR/JALR at 0x23e840 0x23e854 0x23e878 0x23e8c8 0x23e8e4 0x23e904 0x23e924 0x23e960 0x23e980 0x23e9a0 0x23e9c0 0x23e9f4 0x23ea14; promoted 132 fallback entries
  [warning] control-flow function=sub_0023EA30 addr=0x23ea74 - unresolved JR/JALR at 0x23ea74; promoted 24 fallback entries
  [warning] control-flow function=sub_0023EA90 addr=0x23eac8 - unresolved JR/JALR at 0x23eac8 0x23eb08; promoted 48 fallback entries
  [warning] control-flow function=sub_0023EB50 addr=0x23eb68 - unresolved JR/JALR at 0x23eb68; promoted 12 fallback entries
  [warning] control-flow function=sub_0023EB80 addr=0x23eba0 - unresolved JR/JALR at 0x23eba0 0x23ebb4 0x23ebd8; promoted 32 fallback entries
  [warning] control-flow function=sub_0023EC00 addr=0x23ec44 - unresolved JR/JALR at 0x23ec44 0x23ec78 0x23ecb8 0x23ecd8 0x23ecf8 0x23ed18 0x23ed6c 0x23ed8c 0x23edac 0x23edcc 0x23edec 0x23ee0c 0x23ee28 0x23ee4c 0x23ee90 0x23eef4 0x23ef1c 0x23ef44; promoted 218 fallback entries
  [warning] control-flow function=sub_0023EF68 addr=0x23ef94 - unresolved JR/JALR at 0x23ef94 0x23efbc 0x23eff0 0x23f004 0x23f028; promoted 58 fallback entries
  [warning] control-flow function=sub_0023F050 addr=0x23f084 - unresolved JR/JALR at 0x23f084 0x23f0a4 0x23f0c0 0x23f0e0; promoted 42 fallback entries
  [warning] control-flow function=sub_0023F0F8 addr=0x23f10c - unresolved JR/JALR at 0x23f10c; promoted 22 fallback entries
  [warning] control-flow function=sub_0023F150 addr=0x23f170 - unresolved JR/JALR at 0x23f170 0x23f184 0x23f1a8; promoted 34 fallback entries
  [warning] control-flow function=sub_0023F1D8 addr=0x23f1f8 - unresolved JR/JALR at 0x23f1f8 0x23f20c 0x23f230; promoted 32 fallback entries
  [warning] control-flow function=sub_0023F258 addr=0x23f278 - unresolved JR/JALR at 0x23f278 0x23f28c 0x23f2ac; promoted 32 fallback entries
  [warning] control-flow function=sub_0023F2D8 addr=0x23f2f0 - unresolved JR/JALR at 0x23f2f0; promoted 12 fallback entries
  [warning] control-flow function=sub_0023F308 addr=0x23f32c - unresolved JR/JALR at 0x23f32c 0x23f350 0x23f36c 0x23f388; promoted 38 fallback entries
  [warning] control-flow function=sub_0023F3A0 addr=0x23f3c0 - unresolved JR/JALR at 0x23f3c0 0x23f3e0 0x23f3fc 0x23f41c; promoted 38 fallback entries
  [warning] control-flow function=sub_0023F438 addr=0x23f458 - unresolved JR/JALR at 0x23f458 0x23f478 0x23f498 0x23f4c0 0x23f4dc; promoted 48 fallback entries
  [warning] control-flow function=sub_0023F4F8 addr=0x23f530 - unresolved JR/JALR at 0x23f530 0x23f560; promoted 32 fallback entries
  [warning] control-flow function=sub_0023F578 addr=0x23f5bc - unresolved JR/JALR at 0x23f5bc 0x23f5dc 0x23f608 0x23f638 0x23f650 0x23f66c; promoted 72 fallback entries
  [warning] control-flow function=sub_0023F698 addr=0x23f6e8 - unresolved JR/JALR at 0x23f6e8 0x23f78c 0x23f7a8 0x23f7e4 0x23f804 0x23f824 0x23f844 0x23f868 0x23f888 0x23f8a4 0x23f8c8 0x23f8fc 0x23f920 0x23f968 0x23f98c 0x23f9c8 0x23f9f4 0x23fa10 0x23fa2c 0x23fa4c 0x23fa6c 0x23fa78 0x23faa8 0x23fac0; promoted 274 fallback entries
  [warning] control-flow function=sub_0023FB20 addr=0x23fb40 - unresolved JR/JALR at 0x23fb40; promoted 14 fallback entries
  [warning] control-flow function=sub_0023FB58 addr=0x23fb90 - unresolved JR/JALR at 0x23fb90; promoted 24 fallback entries
  [warning] control-flow function=sub_0023FBB8 addr=0x23fbe4 - unresolved JR/JALR at 0x23fbe4 0x23fc04 0x23fc20 0x23fc40 0x23fc58; promoted 46 fallback entries
  [warning] control-flow function=sub_0023FC70 addr=0x23fc90 - unresolved JR/JALR at 0x23fc90 0x23fca4 0x23fcc0 0x23fcd4 0x23fcf0; promoted 38 fallback entries
  [warning] control-flow function=sub_0023FD08 addr=0x23fd24 - unresolved JR/JALR at 0x23fd24; promoted 14 fallback entries
  [warning] control-flow function=sub_0023FD40 addr=0x23fd60 - unresolved JR/JALR at 0x23fd60 0x23fd8c 0x23fda8 0x23fdcc 0x23fdec 0x23fe10 0x23fe28 0x23fe3c 0x23fe58; promoted 76 fallback entries
  [warning] control-flow function=sub_0023FE70 addr=0x23fe90 - unresolved JR/JALR at 0x23fe90 0x23fea4 0x23fec8 0x23fee8; promoted 36 fallback entries
  [warning] control-flow function=sub_0023FF00 addr=0x23ff34 - unresolved JR/JALR at 0x23ff34 0x23ff54 0x23ff70 0x23ff7c 0x23ff9c 0x23ffa8; promoted 48 fallback entries
  [warning] control-flow function=sub_0023FFC0 addr=0x23ffd8 - unresolved JR/JALR at 0x23ffd8; promoted 12 fallback entries
  [warning] control-flow function=sub_0023FFF0 addr=0x240010 - unresolved JR/JALR at 0x240010 0x240030 0x24004c 0x240068 0x24007c 0x240098; promoted 48 fallback entries
  [warning] control-flow function=sub_002400B0 addr=0x2400d0 - unresolved JR/JALR at 0x2400d0 0x2400ec 0x2400f8 0x240118; promoted 32 fallback entries
  [warning] control-flow function=sub_00240130 addr=0x24015c - unresolved JR/JALR at 0x24015c 0x24018c 0x2401a8 0x2401b4 0x2401d4 0x240200 0x240218 0x24023c 0x24026c 0x240288 0x24029c 0x2402b4; promoted 104 fallback entries
  [warning] control-flow function=sub_002402D0 addr=0x240314 - unresolved JR/JALR at 0x240314 0x24033c 0x240378 0x24038c 0x240478 0x240494 0x2404c8 0x2404f4 0x240520 0x240538 0x240568 0x240580 0x240590 0x2405ac; promoted 192 fallback entries
  [warning] control-flow function=sub_002405D0 addr=0x2405fc - unresolved JR/JALR at 0x2405fc 0x24061c 0x240638 0x240644 0x240670; promoted 46 fallback entries
  [warning] control-flow function=sub_00240688 addr=0x2406a8 - unresolved JR/JALR at 0x2406a8 0x2406c8 0x2406f0 0x24070c 0x240728 0x24073c; promoted 56 fallback entries
  [warning] control-flow function=sub_00240768 addr=0x240788 - unresolved JR/JALR at 0x240788 0x2407a8 0x2407c4 0x2407e4; promoted 38 fallback entries
  [warning] control-flow function=sub_00240800 addr=0x240820 - unresolved JR/JALR at 0x240820 0x240834; promoted 24 fallback entries
  [warning] control-flow function=sub_00240860 addr=0x240888 - unresolved JR/JALR at 0x240888 0x2408a8 0x2408cc 0x2408f0 0x240910 0x24092c 0x240948; promoted 64 fallback entries
  [warning] control-flow function=sub_00240960 addr=0x240980 - unresolved JR/JALR at 0x240980 0x240994 0x2409b0; promoted 26 fallback entries
  [warning] control-flow function=sub_002409C8 addr=0x2409e8 - unresolved JR/JALR at 0x2409e8 0x240a08 0x240a30 0x240a4c 0x240a68 0x240a7c 0x240a98; promoted 58 fallback entries
  [warning] control-flow function=sub_00240AB0 addr=0x240ad0 - unresolved JR/JALR at 0x240ad0 0x240af0 0x240b0c 0x240b28 0x240b3c 0x240b60; promoted 54 fallback entries
  [warning] control-flow function=sub_00240B88 addr=0x240bbc - unresolved JR/JALR at 0x240bbc 0x240bdc 0x240bf8 0x240c18; promoted 42 fallback entries
  [warning] control-flow function=sub_00240C30 addr=0x240c44 - unresolved JR/JALR at 0x240c44 0x240c60; promoted 24 fallback entries
  [warning] control-flow function=sub_00240C90 addr=0x240ca8 - unresolved JR/JALR at 0x240ca8; promoted 12 fallback entries
  [warning] control-flow function=sub_00240CC0 addr=0x240ce0 - unresolved JR/JALR at 0x240ce0 0x240d00 0x240d1c 0x240d38 0x240d54 0x240d78; promoted 52 fallback entries
  [warning] control-flow function=sub_00240D90 addr=0x240dbc - unresolved JR/JALR at 0x240dbc 0x240de8 0x240e04 0x240e24 0x240e4c 0x240e70 0x240e94; promoted 72 fallback entries
  [warning] control-flow function=sub_00240EB0 addr=0x240ec8 - unresolved JR/JALR at 0x240ec8; promoted 12 fallback entries
  [warning] control-flow function=sub_00240EE0 addr=0x240ef8 - unresolved JR/JALR at 0x240ef8; promoted 12 fallback entries
  [warning] control-flow function=sub_00240F30 addr=0x240f50 - unresolved JR/JALR at 0x240f50 0x240f64 0x240f84 0x240fe0; promoted 52 fallback entries
  [warning] control-flow function=sub_00241000 addr=0x241030 - unresolved JR/JALR at 0x241030 0x241080; promoted 40 fallback entries
  [warning] control-flow function=sub_002410A0 addr=0x2410b8 - unresolved JR/JALR at 0x2410b8; promoted 12 fallback entries
  [warning] control-flow function=sub_002410D0 addr=0x2410f0 - unresolved JR/JALR at 0x2410f0 0x241118; promoted 26 fallback entries
  [warning] control-flow function=sub_00241138 addr=0x241168 - unresolved JR/JALR at 0x241168; promoted 18 fallback entries
  [warning] control-flow function=sub_00241180 addr=0x2411b4 - unresolved JR/JALR at 0x2411b4 0x2411e0; promoted 32 fallback entries
  [warning] control-flow function=sub_00241200 addr=0x241228 - unresolved JR/JALR at 0x241228; promoted 16 fallback entries
  [warning] control-flow function=sub_00241240 addr=0x241260 - unresolved JR/JALR at 0x241260 0x241278 0x241284; promoted 24 fallback entries
  [warning] control-flow function=sub_00241380 addr=0x2413e4 - unresolved JR/JALR at 0x2413e4; promoted 32 fallback entries
  [warning] control-flow function=sub_00241400 addr=0x241494 - unresolved JR/JALR at 0x241494 0x2414d4 0x2414fc; promoted 80 fallback entries
  [warning] control-flow function=sub_00241540 addr=0x2415cc - unresolved JR/JALR at 0x2415cc 0x241604 0x24162c; promoted 116 fallback entries
  [warning] control-flow function=sub_00241710 addr=0x241740 - unresolved JR/JALR at 0x241740 0x241760 0x241784 0x2417a8 0x2417e8 0x241828 0x24188c 0x2418f4; promoted 178 fallback entries
  [warning] control-flow function=sub_00241AC0 addr=0x241aec - unresolved JR/JALR at 0x241aec; promoted 24 fallback entries
  [warning] control-flow function=sub_00241B20 addr=0x241b64 - unresolved JR/JALR at 0x241b64 0x241b80 0x241ba0 0x241bd0 0x241bf0 0x241c0c 0x241c3c 0x241c6c 0x241c8c; promoted 110 fallback entries
  [warning] control-flow function=sub_00241CD8 addr=0x241d18 - unresolved JR/JALR at 0x241d18; promoted 26 fallback entries
  [warning] control-flow function=sub_00241E18 addr=0x241e78 - unresolved JR/JALR at 0x241e78 0x241ecc 0x241f34 0x241f7c; promoted 102 fallback entries
  [warning] control-flow function=sub_00241FD0 addr=0x241fe4 - unresolved JR/JALR at 0x241fe4 0x241ffc 0x242018 0x242034; promoted 32 fallback entries
  [warning] control-flow function=sub_00242050 addr=0x242074 - unresolved JR/JALR at 0x242074 0x242090 0x2420ac; promoted 30 fallback entries
  [warning] control-flow function=sub_002420C8 addr=0x242150 - unresolved JR/JALR at 0x242150 0x242174 0x242198 0x2421cc 0x2421f4 0x242224 0x242258; promoted 112 fallback entries
  [warning] control-flow function=sub_002425C0 addr=0x242608 - unresolved JR/JALR at 0x242608 0x242620 0x242664 0x242828; promoted 252 fallback entries
  [warning] control-flow function=sub_00244408 addr=0x24444c - unresolved JR/JALR at 0x24444c 0x244490 0x2444c0 0x24477c; promoted 286 fallback entries
  [warning] control-flow function=sub_00244880 addr=0x24491c - unresolved JR/JALR at 0x24491c 0x244960 0x244990 0x244ae8 0x244dd0 0x244f1c 0x244fe0 0x2451f4 0x245370 0x2457e4 0x24581c 0x245850 0x245888 0x246058 0x246070 0x246188 0x2461a0 0x2461bc; promoted 1662 fallback entries
  [warning] control-flow function=sub_00245EC0 addr=0x246058 - unresolved JR/JALR at 0x246058 0x246070 0x246188 0x2461a0 0x2461bc; promoted 238 fallback entries
  [warning] control-flow function=sub_00246278 addr=0x246350 - unresolved JR/JALR at 0x246350 0x2463a4 0x246400 0x246484 0x2464bc; promoted 156 fallback entries
  [warning] control-flow function=sub_002464E8 addr=0x246724 - unresolved JR/JALR at 0x246724 0x24677c 0x2467e0 0x2468e4 0x246a38 0x246a88 0x246b00 0x246c10; promoted 516 fallback entries
  [warning] control-flow function=sub_00246CF8 addr=0x2471e4 - unresolved JR/JALR at 0x2471e4 0x24720c; promoted 370 fallback entries
  [warning] control-flow function=sub_002472C0 addr=0x247670 - unresolved JR/JALR at 0x247670 0x247768 0x2477e0; promoted 508 fallback entries
  [warning] control-flow function=sub_00247AB0 addr=0x247bc4 - unresolved JR/JALR at 0x247bc4; promoted 236 fallback entries
  [warning] control-flow function=sub_00252010 addr=0x252058 - unresolved JR/JALR at 0x252058 0x252060 0x25208c 0x252160 0x2521d4 0x2521e0 0x252200 0x25220c; promoted 142 fallback entries
  [warning] control-flow function=sub_00252A10 addr=0x252efc - unresolved JR/JALR at 0x252efc; promoted 340 fallback entries
  [warning] control-flow function=sub_002534A8 addr=0x253564 - unresolved JR/JALR at 0x253564 0x2535b4; promoted 84 fallback entries
  [warning] control-flow function=sub_002535F8 addr=0x25362c - unresolved JR/JALR at 0x25362c 0x253670; promoted 52 fallback entries
  [warning] control-flow function=sub_002536C8 addr=0x253790 - unresolved JR/JALR at 0x253790 0x2537b0 0x2537c8 0x253800; promoted 102 fallback entries
  [warning] control-flow function=sub_00253890 addr=0x2538fc - unresolved JR/JALR at 0x2538fc 0x253918; promoted 42 fallback entries
  [warning] control-flow function=sub_00253938 addr=0x253974 - unresolved JR/JALR at 0x253974; promoted 42 fallback entries
  [warning] control-flow function=sub_00254368 addr=0x2543b0 - unresolved JR/JALR at 0x2543b0; promoted 34 fallback entries
  [warning] control-flow function=sub_00254410 addr=0x254560 - unresolved JR/JALR at 0x254560 0x2545dc 0x254650 0x2546bc 0x254700 0x25482c 0x25483c 0x2548a0; promoted 304 fallback entries
  [warning] control-flow function=sub_002548D0 addr=0x254924 - unresolved JR/JALR at 0x254924 0x254940 0x254984 0x2549e8 0x254a08 0x254bd4 0x254d34 0x254de4; promoted 356 fallback entries
  [warning] control-flow function=sub_00254E60 addr=0x255698 - unresolved JR/JALR at 0x255698 0x2556d8 0x255708 0x255738 0x255760 0x255788; promoted 608 fallback entries
  [warning] control-flow function=sub_00255A20 addr=0x255a5c - unresolved JR/JALR at 0x255a5c 0x255ba0; promoted 118 fallback entries
  [warning] control-flow function=sub_00255CC8 addr=0x255cf8 - unresolved JR/JALR at 0x255cf8 0x255d18; promoted 28 fallback entries
  [warning] control-flow function=sub_00255D50 addr=0x255d70 - unresolved JR/JALR at 0x255d70; promoted 14 fallback entries
  [warning] control-flow function=sub_00255D88 addr=0x255da8 - unresolved JR/JALR at 0x255da8; promoted 14 fallback entries
  [warning] control-flow function=sub_00255DC0 addr=0x255de8 - unresolved JR/JALR at 0x255de8; promoted 16 fallback entries
  [warning] control-flow function=sub_00255E00 addr=0x255e28 - unresolved JR/JALR at 0x255e28; promoted 16 fallback entries
  [warning] control-flow function=sub_00256860 addr=0x25688c - unresolved JR/JALR at 0x25688c; promoted 38 fallback entries
  [warning] control-flow function=sub_002568F8 addr=0x256928 - unresolved JR/JALR at 0x256928; promoted 40 fallback entries
  [warning] control-flow function=sub_00256AA8 addr=0x256b00 - unresolved JR/JALR at 0x256b00; promoted 66 fallback entries
  [warning] control-flow function=sub_00258448 addr=0x2585a4 - unresolved JR/JALR at 0x2585a4; promoted 154 fallback entries
  [warning] control-flow function=sub_00258AE0 addr=0x258bac - unresolved JR/JALR at 0x258bac; promoted 58 fallback entries
  [warning] control-flow function=sub_00258CB0 addr=0x258d40 - unresolved JR/JALR at 0x258d40 0x258d80 0x258e34 0x258e70 0x258ef4; promoted 156 fallback entries
  [warning] control-flow function=sub_00259098 addr=0x25914c - unresolved JR/JALR at 0x25914c; promoted 64 fallback entries
  [warning] control-flow function=sub_00259230 addr=0x25926c - unresolved JR/JALR at 0x25926c; promoted 22 fallback entries
  [warning] control-flow function=sub_0025A1D0 addr=0x25a580 - unresolved JR/JALR at 0x25a580; promoted 288 fallback entries
  [warning] control-flow function=sub_0025A8B0 addr=0x25a92c - unresolved JR/JALR at 0x25a92c; promoted 38 fallback entries
  [warning] control-flow function=sub_0025AC50 addr=0x25acf0 - unresolved JR/JALR at 0x25acf0 0x25b4a8 0x25b5cc; promoted 622 fallback entries
  [warning] control-flow function=sub_00261070 addr=0x2610a4 - unresolved JR/JALR at 0x2610a4; promoted 24 fallback entries
  [warning] control-flow function=sub_00261530 addr=0x261584 - unresolved JR/JALR at 0x261584; promoted 38 fallback entries
  [warning] control-flow function=sub_00263018 addr=0x2630a8 - unresolved JR/JALR at 0x2630a8; promoted 68 fallback entries
  [warning] control-flow function=sub_00263490 addr=0x263578 - unresolved JR/JALR at 0x263578; promoted 70 fallback entries
  [warning] control-flow function=sub_002634C0 addr=0x263578 - unresolved JR/JALR at 0x263578; promoted 58 fallback entries
  [warning] control-flow function=sub_002635A8 addr=0x263614 - unresolved JR/JALR at 0x263614; promoted 34 fallback entries
  [warning] control-flow function=sub_002639E0 addr=0x263a5c - unresolved JR/JALR at 0x263a5c 0x263a90 0x263ad8 0x263aec; promoted 114 fallback entries
  [warning] control-flow function=sub_00263CF0 addr=0x263fb0 - unresolved JR/JALR at 0x263fb0; promoted 208 fallback entries
  [warning] control-flow function=sub_00264CF0 addr=0x264d34 - unresolved JR/JALR at 0x264d34 0x264d60; promoted 36 fallback entries
  [warning] control-flow function=sub_00264D80 addr=0x264dcc - unresolved JR/JALR at 0x264dcc 0x264e2c; promoted 52 fallback entries
  [warning] control-flow function=sub_002659E8 addr=0x265a00 - unresolved JR/JALR at 0x265a00 0x265a24; promoted 20 fallback entries
  [warning] control-flow function=sub_00265A38 addr=0x265a50 - unresolved JR/JALR at 0x265a50; promoted 12 fallback entries
  [warning] control-flow function=sub_00265A68 addr=0x265a88 - unresolved JR/JALR at 0x265a88 0x265ab4 0x265acc 0x265afc 0x265b2c 0x265b5c 0x265b8c 0x265bf4 0x265c18 0x265c38 0x265c58 0x265c78; promoted 146 fallback entries
  [warning] control-flow function=sub_00265CB0 addr=0x265cc8 - unresolved JR/JALR at 0x265cc8 0x265cec; promoted 22 fallback entries
  [warning] control-flow function=sub_00265D08 addr=0x265d20 - unresolved JR/JALR at 0x265d20; promoted 12 fallback entries
  [warning] control-flow function=sub_00265D38 addr=0x265d50 - unresolved JR/JALR at 0x265d50; promoted 12 fallback entries
  [warning] control-flow function=sub_00265D68 addr=0x265d80 - unresolved JR/JALR at 0x265d80; promoted 12 fallback entries
  [warning] control-flow function=sub_00265F68 addr=0x2663dc - unresolved JR/JALR at 0x2663dc 0x26644c 0x266520; promoted 388 fallback entries
  [warning] control-flow function=sub_0026A180 addr=0x26a1b8 - unresolved JR/JALR at 0x26a1b8 0x26a21c; promoted 110 fallback entries
  [warning] control-flow function=sub_0026D818 addr=0x26d858 - unresolved JR/JALR at 0x26d858 0x26d880 0x26d8a4 0x26d8d8 0x26d8fc; promoted 92 fallback entries
  [warning] control-flow function=sub_0026D988 addr=0x26da08 - unresolved JR/JALR at 0x26da08 0x26da44; promoted 64 fallback entries
  [warning] control-flow function=sub_0026DA88 addr=0x26db00 - unresolved JR/JALR at 0x26db00 0x26db4c; promoted 64 fallback entries
  [warning] control-flow function=sub_0026DBF0 addr=0x26dc58 - unresolved JR/JALR at 0x26dc58 0x26dc80 0x26dca4 0x26dce4 0x26dd08; promoted 116 fallback entries
  [warning] control-flow function=sub_0026DDC0 addr=0x26ddfc - unresolved JR/JALR at 0x26ddfc; promoted 38 fallback entries
  [warning] control-flow function=sub_0026DE58 addr=0x26de98 - unresolved JR/JALR at 0x26de98; promoted 32 fallback entries
  [warning] control-flow function=sub_0026DED8 addr=0x26df18 - unresolved JR/JALR at 0x26df18 0x26e320; promoted 282 fallback entries
  [warning] control-flow function=sub_0026E340 addr=0x26e37c - unresolved JR/JALR at 0x26e37c 0x26e3a8; promoted 66 fallback entries
  [warning] control-flow function=sub_0026EA68 addr=0x26ea94 - unresolved JR/JALR at 0x26ea94; promoted 20 fallback entries
  [warning] control-flow function=sub_0026EAB8 addr=0x26eb78 - unresolved JR/JALR at 0x26eb78 0x26ec40 0x26ed10 0x26ed74; promoted 180 fallback entries
  [warning] control-flow function=sub_0026F088 addr=0x26f140 - unresolved JR/JALR at 0x26f140; promoted 62 fallback entries
  [warning] control-flow function=sub_0026FB88 addr=0x26fdec - unresolved JR/JALR at 0x26fdec 0x26fe18; promoted 178 fallback entries
  [warning] control-flow function=sub_0026FE50 addr=0x26fe8c - unresolved JR/JALR at 0x26fe8c 0x27004c; promoted 136 fallback entries
  [warning] control-flow function=sub_002703F0 addr=0x2704ec - unresolved JR/JALR at 0x2704ec; promoted 82 fallback entries
  [warning] control-flow function=sub_00270730 addr=0x27078c - unresolved JR/JALR at 0x27078c; promoted 44 fallback entries
  [warning] control-flow function=sub_002710A8 addr=0x27112c - unresolved JR/JALR at 0x27112c; promoted 96 fallback entries
  [warning] control-flow function=sub_00273AA8 addr=0x273c34 - unresolved JR/JALR at 0x273c34 0x273cb8 0x273ce4; promoted 158 fallback entries
  [warning] control-flow function=sub_00273D20 addr=0x273d64 - unresolved JR/JALR at 0x273d64 0x273d94; promoted 40 fallback entries
  [warning] control-flow function=sub_00273DC0 addr=0x273e04 - unresolved JR/JALR at 0x273e04 0x273e48 0x273e68 0x273ee4 0x273f10; promoted 106 fallback entries
  [warning] control-flow function=sub_00273F68 addr=0x273ff0 - unresolved JR/JALR at 0x273ff0 0x274020 0x274094 0x2740c4; promoted 102 fallback entries
  [warning] control-flow function=sub_00274100 addr=0x274188 - unresolved JR/JALR at 0x274188; promoted 80 fallback entries
  [warning] control-flow function=sub_00274240 addr=0x27427c - unresolved JR/JALR at 0x27427c 0x2742a4; promoted 34 fallback entries
  [warning] control-flow function=sub_002743E8 addr=0x274460 - unresolved JR/JALR at 0x274460 0x2744b8 0x2744e8; promoted 76 fallback entries
  [warning] control-flow function=sub_00274918 addr=0x2749c8 - unresolved JR/JALR at 0x2749c8; promoted 52 fallback entries
  [warning] control-flow function=sub_00274DE0 addr=0x274e60 - unresolved JR/JALR at 0x274e60 0x274fe8 0x27512c 0x275168; promoted 240 fallback entries
  [warning] control-flow function=sub_002751A0 addr=0x2752b8 - unresolved JR/JALR at 0x2752b8; promoted 134 fallback entries
  [warning] control-flow function=sub_00275650 addr=0x27567c - unresolved JR/JALR at 0x27567c; promoted 18 fallback entries
  [warning] control-flow function=sub_00275698 addr=0x2756e0 - unresolved JR/JALR at 0x2756e0; promoted 32 fallback entries
  [warning] control-flow function=sub_00275920 addr=0x2759a8 - unresolved JR/JALR at 0x2759a8 0x2759e8; promoted 64 fallback entries
  [warning] control-flow function=sub_00275A20 addr=0x275a6c - unresolved JR/JALR at 0x275a6c 0x275aa4 0x275ad0; promoted 58 fallback entries
  [warning] control-flow function=sub_00275B98 addr=0x275c70 - unresolved JR/JALR at 0x275c70; promoted 78 fallback entries
  [warning] control-flow function=sub_00276388 addr=0x276444 - unresolved JR/JALR at 0x276444 0x276634; promoted 202 fallback entries
  [warning] control-flow function=sub_00276868 addr=0x276948 - unresolved JR/JALR at 0x276948; promoted 76 fallback entries
  [warning] control-flow function=sub_00277598 addr=0x277698 - unresolved JR/JALR at 0x277698; promoted 82 fallback entries
  [warning] control-flow function=sub_00277838 addr=0x2778c0 - unresolved JR/JALR at 0x2778c0; promoted 82 fallback entries
  [warning] control-flow function=sub_00277F20 addr=0x2781b8 - unresolved JR/JALR at 0x2781b8; promoted 188 fallback entries
  [warning] control-flow function=sub_00278A98 addr=0x278b40 - unresolved JR/JALR at 0x278b40; promoted 64 fallback entries
  [warning] control-flow function=sub_002797A0 addr=0x279d6c - unresolved JR/JALR at 0x279d6c 0x279e0c; promoted 462 fallback entries
  [warning] control-flow function=sub_0027AC60 addr=0x27ad20 - unresolved JR/JALR at 0x27ad20 0x27adb0 0x27ae2c 0x27b020; promoted 280 fallback entries
  [warning] control-flow function=sub_0027B750 addr=0x27b7a4 - unresolved JR/JALR at 0x27b7a4; promoted 126 fallback entries
  [warning] control-flow function=sub_0027B948 addr=0x27b998 - unresolved JR/JALR at 0x27b998; promoted 112 fallback entries
  [warning] control-flow function=sub_0027C0F0 addr=0x27c11c - unresolved JR/JALR at 0x27c11c 0x27c144 0x27c16c 0x27c194 0x27c1bc 0x27c1e4 0x27c20c 0x27c234 0x27c25c 0x27c284; promoted 110 fallback entries
  [warning] control-flow function=sub_0027C300 addr=0x27c32c - unresolved JR/JALR at 0x27c32c 0x27c354 0x27c37c 0x27c3a4 0x27c3cc 0x27c3f4 0x27c41c 0x27c444 0x27c46c 0x27c494; promoted 110 fallback entries
  [warning] control-flow function=sub_0027C510 addr=0x27c53c - unresolved JR/JALR at 0x27c53c 0x27c564 0x27c58c 0x27c5b4 0x27c5dc 0x27c604 0x27c62c 0x27c654 0x27c67c; promoted 100 fallback entries
  [warning] control-flow function=sub_0027C6F8 addr=0x27c724 - unresolved JR/JALR at 0x27c724 0x27c74c 0x27c774 0x27c79c 0x27c7c4 0x27c7ec 0x27c814 0x27c83c 0x27c864; promoted 100 fallback entries
  [warning] control-flow function=sub_0027C8E0 addr=0x27c90c - unresolved JR/JALR at 0x27c90c 0x27c934; promoted 30 fallback entries
  [warning] control-flow function=sub_0027C9B0 addr=0x27c9dc - unresolved JR/JALR at 0x27c9dc 0x27ca04 0x27ca28 0x27ca50 0x27ca74 0x27ca9c 0x27cac0 0x27cae8 0x27cb10 0x27cb38 0x27cb60 0x27cb88; promoted 128 fallback entries
  [warning] control-flow function=sub_0027CBB0 addr=0x27cbdc - unresolved JR/JALR at 0x27cbdc 0x27cc04; promoted 30 fallback entries
  [warning] control-flow function=sub_0027CC28 addr=0x27cc54 - unresolved JR/JALR at 0x27cc54 0x27cc7c 0x27cca0 0x27ccc8 0x27ccec 0x27cd14 0x27cd38 0x27cd60 0x27cd84 0x27cdac; promoted 106 fallback entries
  [warning] control-flow function=sub_0027CEA8 addr=0x27cf14 - unresolved JR/JALR at 0x27cf14 0x27cf40; promoted 56 fallback entries
  [warning] control-flow function=sub_0027CF88 addr=0x27cfd4 - unresolved JR/JALR at 0x27cfd4 0x27d000; promoted 50 fallback entries
  [warning] control-flow function=sub_0027D050 addr=0x27d094 - unresolved JR/JALR at 0x27d094; promoted 28 fallback entries
  [warning] control-flow function=sub_0027D0C0 addr=0x27d100 - unresolved JR/JALR at 0x27d100 0x27d128; promoted 44 fallback entries
  [warning] control-flow function=sub_0027D170 addr=0x27d1a8 - unresolved JR/JALR at 0x27d1a8 0x27d1d0; promoted 40 fallback entries
  [warning] control-flow function=sub_0027D210 addr=0x27d250 - unresolved JR/JALR at 0x27d250 0x27d274; promoted 46 fallback entries
  [warning] control-flow function=sub_0027D400 addr=0x27d440 - unresolved JR/JALR at 0x27d440 0x27d470; promoted 40 fallback entries
  [warning] control-flow function=sub_0027D4A0 addr=0x27d4f0 - unresolved JR/JALR at 0x27d4f0 0x27d520; promoted 40 fallback entries
  [warning] control-flow function=sub_0027D688 addr=0x27d6dc - unresolved JR/JALR at 0x27d6dc 0x27d6fc 0x27d75c; promoted 64 fallback entries
  [warning] control-flow function=sub_0027D790 addr=0x27d808 - unresolved JR/JALR at 0x27d808 0x27d838 0x27d954; promoted 120 fallback entries
  [warning] control-flow function=sub_002803F0 addr=0x28048c - unresolved JR/JALR at 0x28048c; promoted 76 fallback entries
  [warning] control-flow function=sub_002821A0 addr=0x28220c - unresolved JR/JALR at 0x28220c; promoted 64 fallback entries
  [warning] control-flow function=sub_00282540 addr=0x28259c - unresolved JR/JALR at 0x28259c 0x2825c8 0x2825f8 0x282660; promoted 102 fallback entries
  [warning] control-flow function=sub_002829D0 addr=0x2829f8 - unresolved JR/JALR at 0x2829f8; promoted 18 fallback entries
  [warning] control-flow function=sub_00282A18 addr=0x282a44 - unresolved JR/JALR at 0x282a44 0x282afc; promoted 102 fallback entries
  [warning] control-flow function=sub_00282DD0 addr=0x282e38 - unresolved JR/JALR at 0x282e38 0x282eb4; promoted 72 fallback entries
  [warning] control-flow function=sub_00282EF0 addr=0x282f18 - unresolved JR/JALR at 0x282f18 0x282f48; promoted 28 fallback entries
  [warning] control-flow function=sub_00283298 addr=0x2832bc - unresolved JR/JALR at 0x2832bc; promoted 16 fallback entries
  [warning] control-flow function=sub_002832D8 addr=0x2832fc - unresolved JR/JALR at 0x2832fc 0x283348 0x283370 0x2833d0 0x2833f8; promoted 86 fallback entries
  [warning] control-flow function=sub_00283610 addr=0x28363c - unresolved JR/JALR at 0x28363c; promoted 18 fallback entries
  [warning] control-flow function=sub_00283658 addr=0x2836a0 - unresolved JR/JALR at 0x2836a0; promoted 32 fallback entries
  [warning] control-flow function=sub_00283818 addr=0x28389c - unresolved JR/JALR at 0x28389c; promoted 52 fallback entries
  [warning] control-flow function=sub_002839A8 addr=0x283a4c - unresolved JR/JALR at 0x283a4c 0x283a70; promoted 62 fallback entries
  [warning] control-flow function=sub_00284C28 addr=0x284c50 - unresolved JR/JALR at 0x284c50; promoted 16 fallback entries
  [warning] control-flow function=sub_00285FB0 addr=0x286170 - unresolved JR/JALR at 0x286170 0x2861ec; promoted 148 fallback entries
  [warning] control-flow function=sub_00286200 addr=0x286280 - unresolved JR/JALR at 0x286280; promoted 42 fallback entries
  [warning] control-flow function=sub_002867E8 addr=0x286a18 - unresolved JR/JALR at 0x286a18; promoted 166 fallback entries
  [warning] control-flow function=sub_00286A80 addr=0x286adc - unresolved JR/JALR at 0x286adc 0x286b00 0x286b24 0x286b48 0x286b6c 0x286b90 0x286bd8; promoted 96 fallback entries
  [warning] control-flow function=sub_00286EA0 addr=0x286f8c - unresolved JR/JALR at 0x286f8c 0x286fc0; promoted 128 fallback entries
  [warning] control-flow function=sub_002872A8 addr=0x28731c - unresolved JR/JALR at 0x28731c; promoted 76 fallback entries
  [warning] control-flow function=sub_00288A20 addr=0x288a88 - unresolved JR/JALR at 0x288a88; promoted 40 fallback entries
  [warning] control-flow function=sub_002898A8 addr=0x2898e8 - unresolved JR/JALR at 0x2898e8 0x28992c 0x289964 0x2899ac; promoted 80 fallback entries
  [warning] control-flow function=sub_002899F8 addr=0x289a3c - unresolved JR/JALR at 0x289a3c 0x289acc; promoted 62 fallback entries
  [warning] control-flow function=sub_00289C18 addr=0x289c50 - unresolved JR/JALR at 0x289c50; promoted 32 fallback entries
  [warning] control-flow function=sub_00289C98 addr=0x289cdc - unresolved JR/JALR at 0x289cdc; promoted 28 fallback entries
  [warning] control-flow function=sub_00289DF0 addr=0x289f98 - unresolved JR/JALR at 0x289f98 0x289ff8; promoted 154 fallback entries
  [warning] control-flow function=sub_0028A298 addr=0x28a2fc - unresolved JR/JALR at 0x28a2fc 0x28a494 0x28a4dc; promoted 176 fallback entries
  [warning] control-flow function=sub_0028AAF8 addr=0x28ac48 - unresolved JR/JALR at 0x28ac48 0x28ad70 0x28ae0c 0x28af88 0x28b01c 0x28b16c; promoted 418 fallback entries
  [warning] control-flow function=sub_0028B320 addr=0x28b414 - unresolved JR/JALR at 0x28b414 0x28b4f0; promoted 130 fallback entries
  [warning] control-flow function=sub_0028B588 addr=0x28b5e4 - unresolved JR/JALR at 0x28b5e4; promoted 50 fallback entries
  [warning] control-flow function=sub_0028B650 addr=0x28b690 - unresolved JR/JALR at 0x28b690; promoted 30 fallback entries
  [warning] control-flow function=sub_0028B878 addr=0x28b8c0 - unresolved JR/JALR at 0x28b8c0; promoted 24 fallback entries
  [warning] control-flow function=sub_0028B930 addr=0x28b970 - unresolved JR/JALR at 0x28b970; promoted 34 fallback entries
  [warning] control-flow function=sub_0028C8C8 addr=0x28cc80 - unresolved JR/JALR at 0x28cc80 0x28ccd8; promoted 288 fallback entries
  [warning] control-flow function=sub_0028CD48 addr=0x28cda0 - unresolved JR/JALR at 0x28cda0 0x28cdc4; promoted 44 fallback entries
  [warning] control-flow function=sub_0028CDF8 addr=0x28ce90 - unresolved JR/JALR at 0x28ce90 0x28cf2c 0x28cf50; promoted 104 fallback entries
  [warning] control-flow function=sub_0028CF98 addr=0x28d080 - unresolved JR/JALR at 0x28d080 0x28d0e0 0x28d138 0x28d2d4 0x28d32c 0x28d37c 0x28d3ac 0x28d3f4 0x28d440; promoted 316 fallback entries
  [warning] control-flow function=sub_0028D630 addr=0x28d6a0 - unresolved JR/JALR at 0x28d6a0 0x28d6c0 0x28d6f8 0x28d718; promoted 68 fallback entries
  [warning] control-flow function=sub_0028D740 addr=0x28d788 - unresolved JR/JALR at 0x28d788; promoted 38 fallback entries
  [warning] control-flow function=sub_0028D7D8 addr=0x28d828 - unresolved JR/JALR at 0x28d828 0x28d868; promoted 48 fallback entries
  [warning] control-flow function=sub_0028D988 addr=0x28d9c0 - unresolved JR/JALR at 0x28d9c0 0x28da54 0x28dae4 0x28db34 0x28db58 0x28dc24 0x28dc48 0x28dcb8 0x28dcdc 0x28dd68 0x28dd8c 0x28ddc8 0x28ddec 0x28de18 0x28de38 0x28de54 0x28de7c 0x28dea8 0x28dec4; promoted 346 fallback entries
  [warning] control-flow function=sub_0028DF18 addr=0x28df7c - unresolved JR/JALR at 0x28df7c; promoted 122 fallback entries
  [warning] control-flow function=sub_0028E100 addr=0x28e1e4 - unresolved JR/JALR at 0x28e1e4 0x28e244 0x28e29c 0x28e2c0 0x28e38c 0x28e3ec 0x28e444 0x28e468 0x28e52c; promoted 482 fallback entries
  [warning] control-flow function=sub_0028E8C0 addr=0x28ea08 - unresolved JR/JALR at 0x28ea08 0x28ee44 0x28ee7c 0x28ee98 0x28eed4 0x28ef64; promoted 436 fallback entries
  [warning] control-flow function=sub_0028F140 addr=0x28f174 - unresolved JR/JALR at 0x28f174 0x28f1ec; promoted 48 fallback entries
  [warning] control-flow function=sub_0028F2C0 addr=0x28f304 - unresolved JR/JALR at 0x28f304 0x28f3a0 0x28f448 0x28f508; promoted 152 fallback entries
  [warning] control-flow function=sub_0028F5B8 addr=0x28f64c - unresolved JR/JALR at 0x28f64c; promoted 48 fallback entries
  [warning] control-flow function=sub_0028FC58 addr=0x28fcb0 - unresolved JR/JALR at 0x28fcb0 0x28fcd4; promoted 42 fallback entries
  [warning] control-flow function=sub_00290C40 addr=0x290c58 - unresolved JR/JALR at 0x290c58; promoted 198 fallback entries
  [warning] control-flow function=sub_002913D8 addr=0x29140c - unresolved JR/JALR at 0x29140c; promoted 24 fallback entries
  [warning] control-flow function=sub_00292AE8 addr=0x292b10 - unresolved JR/JALR at 0x292b10; promoted 24 fallback entries
  [warning] control-flow function=sub_00292B48 addr=0x292b80 - unresolved JR/JALR at 0x292b80 0x292bac 0x292bd8 0x292c04 0x292c74 0x292ca0; promoted 392 fallback entries
  [warning] control-flow function=sub_00293538 addr=0x2935b0 - unresolved JR/JALR at 0x2935b0; promoted 130 fallback entries
  [warning] control-flow function=sub_00293740 addr=0x2937b8 - unresolved JR/JALR at 0x2937b8; promoted 130 fallback entries
  [warning] control-flow function=sub_00293948 addr=0x2939c0 - unresolved JR/JALR at 0x2939c0; promoted 130 fallback entries
  [warning] control-flow function=sub_00293BB0 addr=0x293c00 - unresolved JR/JALR at 0x293c00; promoted 132 fallback entries
  [warning] control-flow function=sub_00293DC0 addr=0x293e34 - unresolved JR/JALR at 0x293e34; promoted 130 fallback entries
  [warning] control-flow function=sub_00293FC8 addr=0x294018 - unresolved JR/JALR at 0x294018; promoted 106 fallback entries
  [warning] control-flow function=sub_00294678 addr=0x2946d0 - unresolved JR/JALR at 0x2946d0 0x294700; promoted 78 fallback entries
  [warning] control-flow function=sub_002948D0 addr=0x2949e4 - unresolved JR/JALR at 0x2949e4 0x294a0c; promoted 414 fallback entries
  [warning] control-flow function=sub_00294F48 addr=0x294f64 - unresolved JR/JALR at 0x294f64; promoted 12 fallback entries
  [warning] control-flow function=sub_00294F78 addr=0x294fa4 - unresolved JR/JALR at 0x294fa4 0x295010; promoted 44 fallback entries
  [warning] control-flow function=sub_00296088 addr=0x2960cc - unresolved JR/JALR at 0x2960cc 0x296110; promoted 90 fallback entries
  [warning] control-flow function=sub_00296310 addr=0x296354 - unresolved JR/JALR at 0x296354 0x29637c; promoted 342 fallback entries
  [warning] control-flow function=sub_00296868 addr=0x2968b0 - unresolved JR/JALR at 0x2968b0 0x2968e4; promoted 366 fallback entries
  [warning] control-flow function=sub_00296E80 addr=0x296ec8 - unresolved JR/JALR at 0x296ec8 0x296efc; promoted 366 fallback entries
  [warning] control-flow function=sub_00297950 addr=0x297ab4 - unresolved JR/JALR at 0x297ab4 0x297ad4 0x297af4; promoted 346 fallback entries
  [warning] control-flow function=sub_00297FA0 addr=0x298020 - unresolved JR/JALR at 0x298020 0x298038 0x298060; promoted 68 fallback entries
  [warning] control-flow function=sub_00298488 addr=0x2984d4 - unresolved JR/JALR at 0x2984d4 0x298500 0x298584 0x2985a0; promoted 328 fallback entries
  [warning] control-flow function=sub_0029C7B0 addr=0x29c808 - unresolved JR/JALR at 0x29c808 0x29cb24 0x29cc28 0x29cc50; promoted 318 fallback entries
  [warning] control-flow function=sub_0029D6E0 addr=0x29d764 - unresolved JR/JALR at 0x29d764 0x29d868 0x29d8a8; promoted 128 fallback entries
  [warning] control-flow function=sub_0029D8E0 addr=0x29d918 - unresolved JR/JALR at 0x29d918; promoted 180 fallback entries
  [warning] control-flow function=sub_0029DBB0 addr=0x29dc24 - unresolved JR/JALR at 0x29dc24; promoted 38 fallback entries
  [warning] control-flow function=sub_0029DEF0 addr=0x29df74 - unresolved JR/JALR at 0x29df74 0x29df8c 0x29e3d0; promoted 338 fallback entries
  [warning] control-flow function=sub_0029E438 addr=0x29e4fc - unresolved JR/JALR at 0x29e4fc; promoted 74 fallback entries
  [warning] control-flow function=sub_0029F620 addr=0x29f638 - unresolved JR/JALR at 0x29f638; promoted 16 fallback entries
  [warning] control-flow function=sub_0029F660 addr=0x29fc04 - unresolved JR/JALR at 0x29fc04; promoted 410 fallback entries
  [warning] control-flow function=sub_0029FCC8 addr=0x29fd74 - unresolved JR/JALR at 0x29fd74 0x29fdfc 0x29fef0 0x29ff50; promoted 174 fallback entries
  [warning] control-flow function=sub_0029FF80 addr=0x2a0000 - unresolved JR/JALR at 0x2a0000 0x2a0050 0x2a0250 0x2a02ac; promoted 214 fallback entries
  [warning] control-flow function=sub_002A02D8 addr=0x2a0358 - unresolved JR/JALR at 0x2a0358 0x2a03e0 0x2a04d4 0x2a0534; promoted 162 fallback entries
  [warning] control-flow function=sub_002A0560 addr=0x2a0664 - unresolved JR/JALR at 0x2a0664 0x2a069c 0x2a070c 0x2a073c 0x2a0790 0x2a07c8 0x2a08d0 0x2a0928 0x2a099c 0x2a09f4; promoted 308 fallback entries
  [warning] control-flow function=sub_002A0A30 addr=0x2a0b1c - unresolved JR/JALR at 0x2a0b1c 0x2a0b54 0x2a0bd8 0x2a0c04 0x2a0d18 0x2a0d70 0x2a0ddc 0x2a0e34; promoted 272 fallback entries
  [warning] control-flow function=sub_002A0E70 addr=0x2a0ed0 - unresolved JR/JALR at 0x2a0ed0 0x2a0f4c 0x2a0ff8; promoted 110 fallback entries
  [warning] control-flow function=sub_002A1138 addr=0x2a11c4 - unresolved JR/JALR at 0x2a11c4 0x2a1258; promoted 82 fallback entries
  [warning] control-flow function=sub_002A1280 addr=0x2a12d0 - unresolved JR/JALR at 0x2a12d0 0x2a1360; promoted 96 fallback entries
  [warning] control-flow function=sub_002A1400 addr=0x2a144c - unresolved JR/JALR at 0x2a144c 0x2a1538; promoted 88 fallback entries
  [warning] control-flow function=sub_002A1560 addr=0x2a15b4 - unresolved JR/JALR at 0x2a15b4 0x2a160c 0x2a1688; promoted 84 fallback entries
  [warning] control-flow function=sub_002A16B0 addr=0x2a175c - unresolved JR/JALR at 0x2a175c; promoted 50 fallback entries
  [warning] control-flow function=sub_002A1778 addr=0x2a1800 - unresolved JR/JALR at 0x2a1800; promoted 42 fallback entries
  [warning] control-flow function=sub_002A1820 addr=0x2a18bc - unresolved JR/JALR at 0x2a18bc 0x2a18d4 0x2a1904 0x2a191c 0x2a1960 0x2a1978; promoted 110 fallback entries
  [warning] control-flow function=sub_002A2018 addr=0x2a20b4 - unresolved JR/JALR at 0x2a20b4; promoted 46 fallback entries
  [warning] control-flow function=sub_002A20D0 addr=0x2a216c - unresolved JR/JALR at 0x2a216c; promoted 46 fallback entries
  [warning] control-flow function=sub_002A2188 addr=0x2a2240 - unresolved JR/JALR at 0x2a2240; promoted 54 fallback entries
  [warning] control-flow function=sub_002A2260 addr=0x2a22fc - unresolved JR/JALR at 0x2a22fc; promoted 46 fallback entries
  [warning] control-flow function=sub_002A2318 addr=0x2a23b4 - unresolved JR/JALR at 0x2a23b4; promoted 46 fallback entries
  [warning] control-flow function=sub_002A23D0 addr=0x2a2490 - unresolved JR/JALR at 0x2a2490; promoted 56 fallback entries
  [warning] control-flow function=sub_002A24B0 addr=0x2a2544 - unresolved JR/JALR at 0x2a2544; promoted 46 fallback entries
  [warning] control-flow function=sub_002A2568 addr=0x2a2614 - unresolved JR/JALR at 0x2a2614; promoted 52 fallback entries
  [warning] control-flow function=sub_002A2638 addr=0x2a26d4 - unresolved JR/JALR at 0x2a26d4; promoted 46 fallback entries
  [warning] control-flow function=sub_002A26F0 addr=0x2a27ac - unresolved JR/JALR at 0x2a27ac; promoted 58 fallback entries
  [warning] control-flow function=sub_002A27D8 addr=0x2a2844 - unresolved JR/JALR at 0x2a2844; promoted 34 fallback entries
  [warning] control-flow function=sub_002A2860 addr=0x2a2914 - unresolved JR/JALR at 0x2a2914; promoted 54 fallback entries
  [warning] control-flow function=sub_002A2938 addr=0x2a29f0 - unresolved JR/JALR at 0x2a29f0; promoted 54 fallback entries
  [warning] control-flow function=sub_002A2A10 addr=0x2a2ab0 - unresolved JR/JALR at 0x2a2ab0; promoted 48 fallback entries
  [warning] control-flow function=sub_002A2AD0 addr=0x2a2b6c - unresolved JR/JALR at 0x2a2b6c; promoted 46 fallback entries
  [warning] control-flow function=sub_002A2B88 addr=0x2a2c04 - unresolved JR/JALR at 0x2a2c04; promoted 42 fallback entries
  [warning] control-flow function=sub_002A2C30 addr=0x2a2cd0 - unresolved JR/JALR at 0x2a2cd0; promoted 48 fallback entries
  [warning] control-flow function=sub_002A2CF0 addr=0x2a2d80 - unresolved JR/JALR at 0x2a2d80; promoted 44 fallback entries
  [warning] control-flow function=sub_002A2DA0 addr=0x2a2e30 - unresolved JR/JALR at 0x2a2e30; promoted 44 fallback entries
  [warning] control-flow function=sub_002A31C0 addr=0x2a3294 - unresolved JR/JALR at 0x2a3294; promoted 60 fallback entries
  [warning] control-flow function=sub_002A32B0 addr=0x2a3338 - unresolved JR/JALR at 0x2a3338; promoted 42 fallback entries
  [warning] control-flow function=sub_002A3358 addr=0x2a33e0 - unresolved JR/JALR at 0x2a33e0; promoted 42 fallback entries
  [warning] control-flow function=sub_002A3400 addr=0x2a34b4 - unresolved JR/JALR at 0x2a34b4; promoted 52 fallback entries
  [warning] control-flow function=sub_002A34D0 addr=0x2a3550 - unresolved JR/JALR at 0x2a3550 0x2a367c 0x2a36dc; promoted 142 fallback entries
  [warning] control-flow function=sub_002A3708 addr=0x2a3784 - unresolved JR/JALR at 0x2a3784 0x2a3838; promoted 86 fallback entries
  [warning] control-flow function=sub_002A3860 addr=0x2a39b8 - unresolved JR/JALR at 0x2a39b8; promoted 96 fallback entries
  [warning] control-flow function=sub_002A39E0 addr=0x2a3a80 - unresolved JR/JALR at 0x2a3a80; promoted 78 fallback entries
  [warning] control-flow function=sub_002A3B18 addr=0x2a3bdc - unresolved JR/JALR at 0x2a3bdc; promoted 58 fallback entries
  [warning] control-flow function=sub_002A3C00 addr=0x2a3cc8 - unresolved JR/JALR at 0x2a3cc8; promoted 58 fallback entries
  [warning] control-flow function=sub_002A3CE8 addr=0x2a3db8 - unresolved JR/JALR at 0x2a3db8; promoted 62 fallback entries
  [warning] control-flow function=sub_002A3DE0 addr=0x2a3e90 - unresolved JR/JALR at 0x2a3e90; promoted 54 fallback entries
  [warning] control-flow function=sub_002A3EB8 addr=0x2a3f68 - unresolved JR/JALR at 0x2a3f68; promoted 54 fallback entries
  [warning] control-flow function=sub_002A4E88 addr=0x2a5a98 - unresolved JR/JALR at 0x2a5a98; promoted 916 fallback entries
  [warning] control-flow function=sub_002A7718 addr=0x2a7784 - unresolved JR/JALR at 0x2a7784; promoted 44 fallback entries
  [warning] control-flow function=sub_002A8C20 addr=0x2a8cfc - unresolved JR/JALR at 0x2a8cfc; promoted 224 fallback entries
  [warning] control-flow function=sub_002AB6B0 addr=0x2ab754 - unresolved JR/JALR at 0x2ab754; promoted 94 fallback entries
  [warning] control-flow function=sub_002AB828 addr=0x2ab8ac - unresolved JR/JALR at 0x2ab8ac; promoted 76 fallback entries
  [warning] control-flow function=sub_002AB958 addr=0x2ab9a8 - unresolved JR/JALR at 0x2ab9a8; promoted 34 fallback entries
  [warning] control-flow function=sub_002ABD48 addr=0x2abd70 - unresolved JR/JALR at 0x2abd70; promoted 18 fallback entries
  [warning] control-flow function=sub_002AC868 addr=0x2ac904 - unresolved JR/JALR at 0x2ac904; promoted 152 fallback entries
  [warning] control-flow function=sub_002AD990 addr=0x2ad9b0 - unresolved JR/JALR at 0x2ad9b0; promoted 14 fallback entries
  [warning] control-flow function=sub_002AD998 addr=0x2ad9b0 - unresolved JR/JALR at 0x2ad9b0; promoted 12 fallback entries
  [warning] control-flow function=sub_002ADE88 addr=0x2adec8 - unresolved JR/JALR at 0x2adec8; promoted 24 fallback entries
  [warning] control-flow function=sub_002ADEE8 addr=0x2adf1c - unresolved JR/JALR at 0x2adf1c; promoted 30 fallback entries
  [warning] control-flow function=sub_002ADF80 addr=0x2adf98 - unresolved JR/JALR at 0x2adf98; promoted 12 fallback entries
  [warning] control-flow function=sub_002ADFB0 addr=0x2adfe8 - unresolved JR/JALR at 0x2adfe8 0x2ae030; promoted 38 fallback entries
  [warning] control-flow function=sub_002AE020 addr=0x2ae030 - unresolved JR/JALR at 0x2ae030; promoted 10 fallback entries
  [warning] control-flow function=sub_002AE690 addr=0x2ae708 - unresolved JR/JALR at 0x2ae708; promoted 54 fallback entries
  [warning] control-flow function=sub_002AFC88 addr=0x2afcc4 - unresolved JR/JALR at 0x2afcc4; promoted 34 fallback entries
  [warning] control-flow function=sub_002B04D8 addr=0x2b05dc - unresolved JR/JALR at 0x2b05dc 0x2b0660 0x2b06c8 0x2b0734 0x2b078c; promoted 186 fallback entries
  [warning] control-flow function=sub_002B0F48 addr=0x2b0fa8 - unresolved JR/JALR at 0x2b0fa8; promoted 68 fallback entries
  [warning] control-flow function=sub_002B1268 addr=0x2b1308 - unresolved JR/JALR at 0x2b1308; promoted 112 fallback entries
  [warning] control-flow function=sub_002B1520 addr=0x2b15ac - unresolved JR/JALR at 0x2b15ac 0x2b15cc; promoted 128 fallback entries
  [warning] control-flow function=sub_002B3398 addr=0x2b34f0 - unresolved JR/JALR at 0x2b34f0; promoted 130 fallback entries
  [warning] control-flow function=sub_002B3BC0 addr=0x2b3bfc - unresolved JR/JALR at 0x2b3bfc; promoted 26 fallback entries
  [warning] control-flow function=sub_002B43D8 addr=0x2b4554 - unresolved JR/JALR at 0x2b4554; promoted 100 fallback entries
  [warning] control-flow function=sub_002B4978 addr=0x2b49a8 - unresolved JR/JALR at 0x2b49a8; promoted 18 fallback entries
  [warning] control-flow function=sub_002B69B8 addr=0x2b69e8 - unresolved JR/JALR at 0x2b69e8; promoted 44 fallback entries
  [warning] control-flow function=sub_002BB928 addr=0x2bbaf0 - unresolved JR/JALR at 0x2bbaf0 0x2bbbc0; promoted 196 fallback entries
  [warning] control-flow function=sub_002BCBD0 addr=0x2bcc30 - unresolved JR/JALR at 0x2bcc30 0x2bcca8 0x2bccf8 0x2bcd44 0x2bcd98 0x2bcde4 0x2bce38 0x2bce84 0x2bced8 0x2bcf18 0x2bcf68 0x2bd048 0x2bd098 0x2bd198 0x2bd1e8 0x2bd2c8 0x2bd318 0x2bd358 0x2bd3a8 0x2bd4f4 0x2bd548 0x2bd588 0x2bd5d8 0x2bd678 0x2bd6c8 0x2bd948 0x2bd998 0x2bda04 0x2be304 0x2be320 0x2be33c 0x2be358 0x2be3a4 0x2be3c0 0x2be40c 0x2be428 0x2be474 0x2be490 0x2be4dc 0x2be4f8 0x2be544 0x2be560 0x2be57c 0x2be598 0x2be5b4 0x2be5d0 0x2be5ec 0x2be608 0x2be624 0x2be640 0x2be65c 0x2be678 0x2be6c4 0x2be6e0 0x2be6fc 0x2be718 0x2be734 0x2be750 0x2be76c 0x2be788 0x2be7a4 0x2be7c0 0x2be7dc 0x2be7f8 0x2be814 0x2be830 0x2be87c 0x2be898 0x2be8b4 0x2be8d0 0x2be8ec 0x2be908 0x2be924 0x2be940 0x2be95c 0x2be978 0x2be994 0x2be9b0 0x2be9fc 0x2bea18 0x2bea64 0x2bea80 0x2bea9c 0x2beab8 0x2bead4 0x2beaf0 0x2beb0c 0x2beb28 0x2beb44 0x2beb60 0x2beb7c 0x2beb98 0x2bebb4 0x2bebd0 0x2bebec 0x2bec08 0x2bec24 0x2bec40 0x2bec8c 0x2beca8 0x2becf4 0x2bed10 0x2bed2c 0x2bed48 0x2bed64 0x2bed80 0x2bed9c 0x2bedb8 0x2bedd4 0x2bedf0 0x2bee0c 0x2bee28 0x2bee74 0x2bee90 0x2beeac 0x2beec8 0x2beee4 0x2bef00 0x2bef1c 0x2bef38 0x2bef54 0x2bef70 0x2bef8c 0x2befa8 0x2befc4 0x2befe0 0x2beffc 0x2bf018 0x2bf034 0x2bf050 0x2bf06c 0x2bf088 0x2bf0a4 0x2bf0c0 0x2bf0dc 0x2bf0f8 0x2bf114 0x2bf130 0x2bf14c 0x2bf168 0x2bf184 0x2bf1a0 0x2bf1bc 0x2bf1d8 0x2bf1f4 0x2bf210 0x2bf22c 0x2bf248 0x2bf264 0x2bf280 0x2bf2cc 0x2bf2e8 0x2bf304 0x2bf320 0x2bf36c 0x2bf388 0x2bf3a4 0x2bf3c0 0x2bf40c 0x2bf428 0x2bf474 0x2bf490 0x2bf4dc 0x2bf4f8 0x2bf544 0x2bf560 0x2bf5ac 0x2bf5c8 0x2bf5e4 0x2bf600 0x2bf61c 0x2bf638 0x2bf654 0x2bf670 0x2bf68c 0x2bf6a8 0x2bf6c4 0x2bf6e0 0x2bf72c 0x2bf748 0x2bf764 0x2bf780 0x2bf79c 0x2bf7b8 0x2bf7d4 0x2bf7f0 0x2bf80c 0x2bf828 0x2bf844 0x2bf860 0x2bf87c 0x2bf898 0x2bf8e4 0x2bf900 0x2bf91c 0x2bf938 0x2bf954 0x2bf970 0x2bf98c 0x2bf9a8 0x2bf9c4 0x2bf9e0 0x2bf9fc 0x2bfa18 0x2bfa64 0x2bfa80 0x2bfacc 0x2bfae8 0x2bfb04 0x2bfb20 0x2bfb3c 0x2bfb58 0x2bfb74 0x2bfb90 0x2bfbac 0x2bfbc8 0x2bfbe4 0x2bfc00 0x2bfc1c 0x2bfc38 0x2bfc54 0x2bfc70 0x2bfc8c 0x2bfca8 0x2bfcf4 0x2bfd10 0x2bfd5c 0x2bfd78 0x2bfd94 0x2bfdb0 0x2bfdcc 0x2bfde8 0x2bfe04 0x2bfe20 0x2bfe3c 0x2bfe58 0x2bfe74 0x2bfe90 0x2bfedc 0x2bfef8 0x2bff14 0x2bff30 0x2bff4c 0x2bff68 0x2bff84 0x2bffa0 0x2bffbc 0x2bffd8 0x2bfff4 0x2c0010 0x2c002c 0x2c0048 0x2c0064 0x2c0080 0x2c009c 0x2c00b8 0x2c00d4 0x2c00f0 0x2c010c 0x2c0128 0x2c0144 0x2c0160 0x2c017c 0x2c0198 0x2c01b4 0x2c01d0 0x2c01ec 0x2c0208 0x2c0224 0x2c0240 0x2c025c 0x2c0278 0x2c0294 0x2c02b0 0x2c02cc 0x2c02e8 0x2c0334 0x2c0350 0x2c036c 0x2c0388; promoted 3574 fallback entries
  [warning] control-flow function=sub_002C0408 addr=0x2c0468 - unresolved JR/JALR at 0x2c0468 0x2c0840 0x2c0890 0x2c08cc 0x2c093c 0x2c096c 0x2c0990 0x2c09e8; promoted 386 fallback entries
  [warning] control-flow function=sub_002C1CD8 addr=0x2c1f7c - unresolved JR/JALR at 0x2c1f7c 0x2c1f8c 0x2c1f9c 0x2c1fac 0x2c1fc0 0x2c1fd0 0x2c1ffc 0x2c200c 0x2c201c 0x2c202c 0x2c203c 0x2c204c; promoted 236 fallback entries
  [warning] control-flow function=sub_002C2300 addr=0x2c2320 - unresolved JR/JALR at 0x2c2320; promoted 14 fallback entries
  [warning] control-flow function=sub_002C4050 addr=0x2c41c0 - unresolved JR/JALR at 0x2c41c0; promoted 112 fallback entries
  [warning] control-flow function=sub_002C4410 addr=0x2c44a8 - unresolved JR/JALR at 0x2c44a8 0x2c4700; promoted 222 fallback entries
  [warning] control-flow function=sub_002C48C0 addr=0x2c4904 - unresolved JR/JALR at 0x2c4904 0x2c4e70; promoted 520 fallback entries
  [warning] control-flow function=sub_002C53E0 addr=0x2c5488 - unresolved JR/JALR at 0x2c5488; promoted 60 fallback entries
  [warning] control-flow function=sub_002C5570 addr=0x2c578c - unresolved JR/JALR at 0x2c578c 0x2c5838 0x2c590c 0x2c5978 0x2c59a4 0x2c5b20 0x2c5bd8 0x2c5c68 0x2c5cdc 0x2c5d0c 0x2c5d64 0x2c5e54 0x2c5e8c 0x2c5eb8 0x2c5ef0 0x2c5f28 0x2c5f60 0x2c5f98 0x2c5fd0 0x2c5ffc 0x2c6158 0x2c6174 0x2c61f0 0x2c6228; promoted 836 fallback entries
  [warning] control-flow function=sub_002C6280 addr=0x2c62b4 - unresolved JR/JALR at 0x2c62b4 0x2c62d0 0x2c6304; promoted 56 fallback entries
  [warning] control-flow function=sub_002C63E8 addr=0x2c6474 - unresolved JR/JALR at 0x2c6474 0x2c6538 0x2c6594 0x2c6730 0x2c6790 0x2c67c8; promoted 256 fallback entries
  [warning] control-flow function=sub_002CA768 addr=0x2ca7b4 - unresolved JR/JALR at 0x2ca7b4; promoted 136 fallback entries
  [warning] control-flow function=sub_002CAAB0 addr=0x2caadc - unresolved JR/JALR at 0x2caadc; promoted 22 fallback entries
  [warning] control-flow function=sub_002CAB08 addr=0x2cab6c - unresolved JR/JALR at 0x2cab6c 0x2cab94 0x2cabbc; promoted 54 fallback entries
  [warning] control-flow function=sub_002CABE0 addr=0x2cac48 - unresolved JR/JALR at 0x2cac48 0x2cac70 0x2cac98 0x2cacf0 0x2cade8 0x2cb0ac; promoted 360 fallback entries
  [warning] control-flow function=sub_002CB180 addr=0x2cb1d4 - unresolved JR/JALR at 0x2cb1d4 0x2cb1ec 0x2cb2c4 0x2cb2e4; promoted 94 fallback entries
  [warning] control-flow function=sub_002CB2F8 addr=0x2cb310 - unresolved JR/JALR at 0x2cb310 0x2cb328; promoted 22 fallback entries
  [warning] control-flow function=sub_002CB350 addr=0x2cb484 - unresolved JR/JALR at 0x2cb484 0x2cb8b4; promoted 350 fallback entries
  [warning] control-flow function=sub_002CB8C8 addr=0x2cb8ec - unresolved JR/JALR at 0x2cb8ec 0x2cbaac; promoted 128 fallback entries
  [warning] control-flow function=sub_002CBAC8 addr=0x2cbaec - unresolved JR/JALR at 0x2cbaec 0x2cbcac; promoted 128 fallback entries
  [warning] control-flow function=sub_002CBE68 addr=0x2cbeb4 - unresolved JR/JALR at 0x2cbeb4 0x2cbedc; promoted 40 fallback entries
  [warning] control-flow function=sub_002CBF60 addr=0x2cbfb0 - unresolved JR/JALR at 0x2cbfb0; promoted 28 fallback entries
  [warning] control-flow function=sub_002CBFD0 addr=0x2cbffc - unresolved JR/JALR at 0x2cbffc; promoted 18 fallback entries
  [warning] control-flow function=sub_002CC0C0 addr=0x2cc17c - unresolved JR/JALR at 0x2cc17c 0x2cc1e4; promoted 98 fallback entries
  [warning] control-flow function=sub_002CC350 addr=0x2cc3a4 - unresolved JR/JALR at 0x2cc3a4; promoted 26 fallback entries
  [warning] control-flow function=sub_002CC3B8 addr=0x2cc3f4 - unresolved JR/JALR at 0x2cc3f4 0x2cc438; promoted 42 fallback entries
  [warning] control-flow function=sub_002CC460 addr=0x2cc49c - unresolved JR/JALR at 0x2cc49c 0x2cc4cc 0x2cc624 0x2cc960 0x2ccadc; promoted 538 fallback entries
  [warning] control-flow function=sub_002CCF98 addr=0x2cd068 - unresolved JR/JALR at 0x2cd068 0x2cd21c; promoted 194 fallback entries
  [warning] control-flow function=sub_002CD350 addr=0x2cd790 - unresolved JR/JALR at 0x2cd790; promoted 362 fallback entries
  [warning] control-flow function=sub_002CD8F8 addr=0x2cdbc8 - unresolved JR/JALR at 0x2cdbc8; promoted 252 fallback entries
  [warning] control-flow function=sub_002CDCE8 addr=0x2cdf4c - unresolved JR/JALR at 0x2cdf4c; promoted 188 fallback entries
  [warning] control-flow function=sub_002CDFD8 addr=0x2ce340 - unresolved JR/JALR at 0x2ce340; promoted 272 fallback entries
  [warning] control-flow function=sub_002CE418 addr=0x2ce9c4 - unresolved JR/JALR at 0x2ce9c4 0x2cecc8; promoted 578 fallback entries
  [warning] control-flow function=sub_002CED20 addr=0x2ceec4 - unresolved JR/JALR at 0x2ceec4 0x2cf220 0x2cf63c 0x2cf754 0x2cf7a0 0x2cf7d0; promoted 720 fallback entries
  [warning] control-flow function=sub_002CF860 addr=0x2cf8f4 - unresolved JR/JALR at 0x2cf8f4; promoted 42 fallback entries
  [warning] control-flow function=sub_002CFA08 addr=0x2cfa4c - unresolved JR/JALR at 0x2cfa4c 0x2cfb10 0x2cfb44 0x2cfbf8 0x2cfe14; promoted 328 fallback entries
  [warning] control-flow function=sub_002CFF28 addr=0x2d0290 - unresolved JR/JALR at 0x2d0290; promoted 226 fallback entries
  [warning] control-flow function=sub_002D03F0 addr=0x2d0d1c - unresolved JR/JALR at 0x2d0d1c 0x2d0f60 0x2d143c 0x2d159c; promoted 1328 fallback entries
  [warning] control-flow function=sub_002D1B30 addr=0x2d1b44 - unresolved JR/JALR at 0x2d1b44; promoted 10 fallback entries
  [warning] control-flow function=sub_002D1B58 addr=0x2d1b88 - unresolved JR/JALR at 0x2d1b88; promoted 18 fallback entries
  [warning] control-flow function=sub_002D1D10 addr=0x2d1d70 - unresolved JR/JALR at 0x2d1d70 0x2d1f58 0x2d1fb8 0x2d2008; promoted 210 fallback entries
  [warning] control-flow function=sub_002D2988 addr=0x2d37f8 - unresolved JR/JALR at 0x2d37f8 0x2d3828 0x2d386c 0x2d388c 0x2d38ac 0x2d38c8 0x2d3908 0x2d3994 0x2d4018; promoted 1486 fallback entries
  [warning] control-flow function=sub_002D4008 addr=0x2d4018 - unresolved JR/JALR at 0x2d4018; promoted 22 fallback entries
  [warning] control-flow function=sub_002D4C08 addr=0x2d4c4c - unresolved JR/JALR at 0x2d4c4c 0x2d4d20 0x2d4d3c; promoted 272 fallback entries
  [warning] control-flow function=sub_002D5048 addr=0x2d5078 - unresolved JR/JALR at 0x2d5078 0x2d50d8 0x2d5564; promoted 340 fallback entries
  [warning] control-flow function=sub_002D7DD8 addr=0x2d7e30 - unresolved JR/JALR at 0x2d7e30; promoted 34 fallback entries
  [warning] control-flow function=sub_002D8A00 addr=0x2d8e58 - unresolved JR/JALR at 0x2d8e58; promoted 298 fallback entries
  [warning] control-flow function=sub_002D8EA8 addr=0x2d9008 - unresolved JR/JALR at 0x2d9008 0x2d90dc 0x2d9238 0x2d9258 0x2d9270; promoted 266 fallback entries
  [warning] control-flow function=sub_002D9CB0 addr=0x2d9d50 - unresolved JR/JALR at 0x2d9d50; promoted 46 fallback entries
  [warning] control-flow function=sub_002D9D68 addr=0x2d9dd4 - unresolved JR/JALR at 0x2d9dd4; promoted 148 fallback entries
  [warning] control-flow function=sub_002DA390 addr=0x2da8a0 - unresolved JR/JALR at 0x2da8a0; promoted 342 fallback entries
  [warning] control-flow function=sub_002DA8E8 addr=0x2daa1c - unresolved JR/JALR at 0x2daa1c; promoted 100 fallback entries
  [warning] control-flow function=sub_002DABC8 addr=0x2dac64 - unresolved JR/JALR at 0x2dac64 0x2dadc8; promoted 556 fallback entries
  [warning] control-flow function=sub_002DB478 addr=0x2db53c - unresolved JR/JALR at 0x2db53c 0x2db690; promoted 152 fallback entries
  [warning] control-flow function=sub_002DB748 addr=0x2db814 - unresolved JR/JALR at 0x2db814; promoted 82 fallback entries
  [warning] control-flow function=sub_002DB890 addr=0x2db920 - unresolved JR/JALR at 0x2db920; promoted 60 fallback entries
  [warning] control-flow function=sub_002DBD10 addr=0x2dbe3c - unresolved JR/JALR at 0x2dbe3c; promoted 116 fallback entries
  [warning] control-flow function=sub_002DBEE0 addr=0x2dbf30 - unresolved JR/JALR at 0x2dbf30; promoted 40 fallback entries
  [warning] control-flow function=sub_002DBF98 addr=0x2dc12c - unresolved JR/JALR at 0x2dc12c; promoted 764 fallback entries
  [warning] control-flow function=sub_002DDAB8 addr=0x2ddd00 - unresolved JR/JALR at 0x2ddd00; promoted 158 fallback entries
  [warning] control-flow function=sub_002DE058 addr=0x2de0e4 - unresolved JR/JALR at 0x2de0e4; promoted 196 fallback entries
  [warning] control-flow function=sub_002DF1C8 addr=0x2df328 - unresolved JR/JALR at 0x2df328; promoted 122 fallback entries
  [warning] control-flow function=sub_002DF448 addr=0x2df4a0 - unresolved JR/JALR at 0x2df4a0; promoted 34 fallback entries
  [warning] control-flow function=sub_002DF920 addr=0x2dfa40 - unresolved JR/JALR at 0x2dfa40 0x2dfd40; promoted 346 fallback entries
  [warning] control-flow function=sub_002DFE88 addr=0x2e0134 - unresolved JR/JALR at 0x2e0134; promoted 268 fallback entries
  [warning] control-flow function=sub_002E02B8 addr=0x2e0b04 - unresolved JR/JALR at 0x2e0b04 0x2e0d38; promoted 780 fallback entries
  [warning] control-flow function=sub_002E0EE8 addr=0x2e0f98 - unresolved JR/JALR at 0x2e0f98; promoted 142 fallback entries
  [warning] control-flow function=sub_002E1120 addr=0x2e12c0 - unresolved JR/JALR at 0x2e12c0 0x2e13e4; promoted 286 fallback entries
  [warning] control-flow function=sub_002E1598 addr=0x2e1874 - unresolved JR/JALR at 0x2e1874 0x2e1894; promoted 314 fallback entries
  [warning] control-flow function=sub_002E1A80 addr=0x2e1ddc - unresolved JR/JALR at 0x2e1ddc; promoted 316 fallback entries
  [warning] control-flow function=sub_002E1F70 addr=0x2e2010 - unresolved JR/JALR at 0x2e2010 0x2e20ac 0x2e20dc 0x2e212c; promoted 188 fallback entries
  [warning] control-flow function=sub_002E26B8 addr=0x2e27a8 - unresolved JR/JALR at 0x2e27a8 0x2e27d0; promoted 76 fallback entries
  [warning] control-flow function=sub_002E2868 addr=0x2e2aec - unresolved JR/JALR at 0x2e2aec; promoted 166 fallback entries
  [warning] control-flow function=sub_002E2B00 addr=0x2e2b5c - unresolved JR/JALR at 0x2e2b5c 0x2e2b90 0x2e2db8; promoted 198 fallback entries
  [warning] control-flow function=sub_002E2E18 addr=0x2e2f50 - unresolved JR/JALR at 0x2e2f50; promoted 96 fallback entries
  [warning] control-flow function=sub_002E3060 addr=0x2e309c - unresolved JR/JALR at 0x2e309c; promoted 28 fallback entries
  [warning] control-flow function=sub_002E3130 addr=0x2e31b0 - unresolved JR/JALR at 0x2e31b0 0x2e32a0; promoted 130 fallback entries
  [warning] control-flow function=sub_002E3338 addr=0x2e336c - unresolved JR/JALR at 0x2e336c 0x2e33a0 0x2e33e8; promoted 80 fallback entries
  [warning] control-flow function=sub_002E3478 addr=0x2e34d4 - unresolved JR/JALR at 0x2e34d4 0x2e3548; promoted 130 fallback entries
  [warning] control-flow function=sub_002E39D8 addr=0x2e3a00 - unresolved JR/JALR at 0x2e3a00; promoted 72 fallback entries
  [warning] control-flow function=sub_002E3AF8 addr=0x2e3b3c - unresolved JR/JALR at 0x2e3b3c 0x2e3bb8 0x2e3d2c 0x2e41f8; promoted 460 fallback entries
  [warning] control-flow function=sub_002E4228 addr=0x2e4328 - unresolved JR/JALR at 0x2e4328; promoted 82 fallback entries
  [warning] control-flow function=sub_002E4370 addr=0x2e4410 - unresolved JR/JALR at 0x2e4410 0x2e443c 0x2e4458; promoted 96 fallback entries
  [warning] control-flow function=sub_002E4578 addr=0x2e45b4 - unresolved JR/JALR at 0x2e45b4 0x2e45d8 0x2e460c; promoted 48 fallback entries
  [warning] control-flow function=sub_002E4678 addr=0x2e46f4 - unresolved JR/JALR at 0x2e46f4 0x2e4720 0x2e4870 0x2e4990 0x2e49a4 0x2e49b8 0x2e49f4 0x2e4b34 0x2e4b48 0x2e4b5c; promoted 398 fallback entries
  [warning] control-flow function=sub_002E55D8 addr=0x2e58e4 - unresolved JR/JALR at 0x2e58e4 0x2e5908; promoted 210 fallback entries
  [warning] control-flow function=sub_002E5920 addr=0x2e61ac - unresolved JR/JALR at 0x2e61ac; promoted 640 fallback entries
  [warning] control-flow function=sub_002E6C08 addr=0x2e6d10 - unresolved JR/JALR at 0x2e6d10; promoted 898 fallback entries
  [warning] control-flow function=sub_002E7A10 addr=0x2e7f9c - unresolved JR/JALR at 0x2e7f9c 0x2e7fc0; promoted 502 fallback entries
  [warning] control-flow function=sub_002E8938 addr=0x2e9d00 - unresolved JR/JALR at 0x2e9d00; promoted 1746 fallback entries
  [warning] control-flow function=sub_002EA480 addr=0x2ea4b8 - unresolved JR/JALR at 0x2ea4b8; promoted 46 fallback entries
  [warning] control-flow function=sub_002EA538 addr=0x2ea648 - unresolved JR/JALR at 0x2ea648; promoted 78 fallback entries
  [warning] control-flow function=sub_002EA820 addr=0x2ea848 - unresolved JR/JALR at 0x2ea848; promoted 16 fallback entries
  [warning] control-flow function=sub_002EA860 addr=0x2ea8a0 - unresolved JR/JALR at 0x2ea8a0; promoted 22 fallback entries
  [warning] control-flow function=sub_002EA8B8 addr=0x2eaa10 - unresolved JR/JALR at 0x2eaa10; promoted 92 fallback entries
  [warning] control-flow function=sub_002EAA28 addr=0x2eaa48 - unresolved JR/JALR at 0x2eaa48; promoted 46 fallback entries
  [warning] control-flow function=sub_002EB198 addr=0x2eb8b4 - unresolved JR/JALR at 0x2eb8b4; promoted 470 fallback entries
  [warning] control-flow function=sub_002EB8F0 addr=0x2eb908 - unresolved JR/JALR at 0x2eb908; promoted 18 fallback entries
  [warning] control-flow function=sub_002EB938 addr=0x2ebaf8 - unresolved JR/JALR at 0x2ebaf8; promoted 156 fallback entries
  [warning] control-flow function=sub_002EBF48 addr=0x2ec368 - unresolved JR/JALR at 0x2ec368 0x2ec38c; promoted 294 fallback entries
  [warning] control-flow function=sub_002ECCB8 addr=0x2ecd3c - unresolved JR/JALR at 0x2ecd3c; promoted 176 fallback entries
  [warning] control-flow function=sub_002ECFA0 addr=0x2ed000 - unresolved JR/JALR at 0x2ed000; promoted 42 fallback entries
  [warning] control-flow function=sub_002ED490 addr=0x2ed508 - unresolved JR/JALR at 0x2ed508; promoted 420 fallback entries
  [warning] control-flow function=sub_002EDB20 addr=0x2edc7c - unresolved JR/JALR at 0x2edc7c 0x2edd70; promoted 248 fallback entries
  [warning] control-flow function=sub_002EE070 addr=0x2ee0a0 - unresolved JR/JALR at 0x2ee0a0; promoted 18 fallback entries
  [warning] control-flow function=sub_002EE0B8 addr=0x2ee0e8 - unresolved JR/JALR at 0x2ee0e8; promoted 18 fallback entries
  [warning] control-flow function=sub_002EE100 addr=0x2ee130 - unresolved JR/JALR at 0x2ee130; promoted 18 fallback entries
  [warning] control-flow function=sub_002EE148 addr=0x2ee178 - unresolved JR/JALR at 0x2ee178; promoted 18 fallback entries
  [warning] control-flow function=sub_002EE190 addr=0x2ee1c0 - unresolved JR/JALR at 0x2ee1c0; promoted 18 fallback entries
  [warning] control-flow function=sub_002EE1D8 addr=0x2ee208 - unresolved JR/JALR at 0x2ee208; promoted 18 fallback entries
  [warning] control-flow function=sub_002EE220 addr=0x2ee250 - unresolved JR/JALR at 0x2ee250; promoted 18 fallback entries
  [warning] control-flow function=sub_002EE268 addr=0x2ee298 - unresolved JR/JALR at 0x2ee298; promoted 18 fallback entries
  [warning] control-flow function=sub_002EE2B0 addr=0x2ee2e0 - unresolved JR/JALR at 0x2ee2e0; promoted 18 fallback entries
  [warning] control-flow function=sub_002EE3B8 addr=0x2ee3e8 - unresolved JR/JALR at 0x2ee3e8; promoted 18 fallback entries
  [warning] control-flow function=sub_002EE400 addr=0x2ee430 - unresolved JR/JALR at 0x2ee430; promoted 18 fallback entries
  [warning] control-flow function=sub_002EE448 addr=0x2ee490 - unresolved JR/JALR at 0x2ee490; promoted 30 fallback entries
  [warning] control-flow function=sub_002EE4C0 addr=0x2ee4f0 - unresolved JR/JALR at 0x2ee4f0; promoted 18 fallback entries
  [warning] control-flow function=sub_002EE508 addr=0x2ee53c - unresolved JR/JALR at 0x2ee53c; promoted 26 fallback entries
  [warning] control-flow function=sub_002EE570 addr=0x2ee5a0 - unresolved JR/JALR at 0x2ee5a0; promoted 18 fallback entries
  [warning] control-flow function=sub_002EE5B8 addr=0x2ee5e8 - unresolved JR/JALR at 0x2ee5e8; promoted 18 fallback entries
  [warning] control-flow function=sub_002EE600 addr=0x2ee644 - unresolved JR/JALR at 0x2ee644; promoted 24 fallback entries
  [warning] control-flow function=sub_002EE660 addr=0x2ee690 - unresolved JR/JALR at 0x2ee690; promoted 18 fallback entries
  [warning] control-flow function=sub_002EE6A8 addr=0x2ee6d8 - unresolved JR/JALR at 0x2ee6d8; promoted 18 fallback entries
  [warning] control-flow function=sub_002EE6F0 addr=0x2ee720 - unresolved JR/JALR at 0x2ee720; promoted 18 fallback entries
  [warning] control-flow function=sub_002EE738 addr=0x2ee768 - unresolved JR/JALR at 0x2ee768; promoted 18 fallback entries
  [warning] control-flow function=sub_002EE780 addr=0x2ee7b0 - unresolved JR/JALR at 0x2ee7b0; promoted 18 fallback entries
  [warning] control-flow function=sub_002EE7C8 addr=0x2ee7f8 - unresolved JR/JALR at 0x2ee7f8; promoted 18 fallback entries
  [warning] control-flow function=sub_002EE810 addr=0x2ee840 - unresolved JR/JALR at 0x2ee840; promoted 18 fallback entries
  [warning] control-flow function=sub_002EE858 addr=0x2ee888 - unresolved JR/JALR at 0x2ee888; promoted 18 fallback entries
  [warning] control-flow function=sub_002EE8A0 addr=0x2ee8d0 - unresolved JR/JALR at 0x2ee8d0; promoted 18 fallback entries
  [warning] control-flow function=sub_002EE8E8 addr=0x2ee918 - unresolved JR/JALR at 0x2ee918; promoted 18 fallback entries
  [warning] control-flow function=sub_002EE930 addr=0x2ee960 - unresolved JR/JALR at 0x2ee960; promoted 18 fallback entries
  [warning] control-flow function=sub_002EE978 addr=0x2ee9a8 - unresolved JR/JALR at 0x2ee9a8; promoted 18 fallback entries
  [warning] control-flow function=sub_002EE9C0 addr=0x2ee9f0 - unresolved JR/JALR at 0x2ee9f0; promoted 18 fallback entries
  [warning] control-flow function=sub_002EEA08 addr=0x2eea38 - unresolved JR/JALR at 0x2eea38; promoted 18 fallback entries
  [warning] control-flow function=sub_002EEA50 addr=0x2eea80 - unresolved JR/JALR at 0x2eea80; promoted 18 fallback entries
  [warning] control-flow function=sub_002EEA98 addr=0x2eeac8 - unresolved JR/JALR at 0x2eeac8; promoted 18 fallback entries
  [warning] control-flow function=sub_002EEAE0 addr=0x2eeb10 - unresolved JR/JALR at 0x2eeb10; promoted 18 fallback entries
  [warning] control-flow function=sub_002EEB28 addr=0x2eeb58 - unresolved JR/JALR at 0x2eeb58; promoted 18 fallback entries
  [warning] control-flow function=sub_002EEB70 addr=0x2eebb8 - unresolved JR/JALR at 0x2eebb8; promoted 24 fallback entries
  [warning] control-flow function=sub_002EEBD0 addr=0x2eec18 - unresolved JR/JALR at 0x2eec18; promoted 24 fallback entries
  [warning] control-flow function=sub_002EEC30 addr=0x2eec78 - unresolved JR/JALR at 0x2eec78; promoted 24 fallback entries
  [warning] control-flow function=sub_002EEC90 addr=0x2eecd4 - unresolved JR/JALR at 0x2eecd4; promoted 24 fallback entries
  [warning] control-flow function=sub_002EECF0 addr=0x2eed34 - unresolved JR/JALR at 0x2eed34; promoted 24 fallback entries
  [warning] control-flow function=sub_002EED50 addr=0x2eed94 - unresolved JR/JALR at 0x2eed94; promoted 24 fallback entries
  [warning] control-flow function=sub_002EEDB0 addr=0x2eede0 - unresolved JR/JALR at 0x2eede0; promoted 18 fallback entries
  [warning] control-flow function=sub_002EEDF8 addr=0x2eee28 - unresolved JR/JALR at 0x2eee28; promoted 18 fallback entries
  [warning] control-flow function=sub_002EEE40 addr=0x2eee70 - unresolved JR/JALR at 0x2eee70; promoted 18 fallback entries
  [warning] control-flow function=sub_002EEE88 addr=0x2eeeb8 - unresolved JR/JALR at 0x2eeeb8; promoted 18 fallback entries
  [warning] control-flow function=sub_002EEED0 addr=0x2eef00 - unresolved JR/JALR at 0x2eef00; promoted 18 fallback entries
  [warning] control-flow function=sub_002EEF18 addr=0x2eef48 - unresolved JR/JALR at 0x2eef48; promoted 18 fallback entries
  [warning] control-flow function=sub_002EEF60 addr=0x2eef90 - unresolved JR/JALR at 0x2eef90; promoted 18 fallback entries
  [warning] control-flow function=sub_002EEFA8 addr=0x2eefd8 - unresolved JR/JALR at 0x2eefd8; promoted 18 fallback entries
  [warning] control-flow function=sub_002EEFF0 addr=0x2ef020 - unresolved JR/JALR at 0x2ef020; promoted 18 fallback entries
  [warning] control-flow function=sub_002EF038 addr=0x2ef06c - unresolved JR/JALR at 0x2ef06c; promoted 26 fallback entries
  [warning] control-flow function=sub_002EF0A0 addr=0x2ef0d0 - unresolved JR/JALR at 0x2ef0d0; promoted 18 fallback entries
  [warning] control-flow function=sub_002EF0E8 addr=0x2ef120 - unresolved JR/JALR at 0x2ef120; promoted 22 fallback entries
  [warning] control-flow function=sub_002EF140 addr=0x2ef178 - unresolved JR/JALR at 0x2ef178; promoted 22 fallback entries
  [warning] control-flow function=sub_002EF198 addr=0x2ef1d0 - unresolved JR/JALR at 0x2ef1d0; promoted 22 fallback entries
  [warning] control-flow function=sub_002EF1F0 addr=0x2ef228 - unresolved JR/JALR at 0x2ef228; promoted 22 fallback entries
  [warning] control-flow function=sub_002EF248 addr=0x2ef284 - unresolved JR/JALR at 0x2ef284 0x2ef2a8; promoted 36 fallback entries
  [warning] control-flow function=sub_002EF2D8 addr=0x2ef314 - unresolved JR/JALR at 0x2ef314 0x2ef338; promoted 36 fallback entries
  [warning] control-flow function=sub_002EF950 addr=0x2eff3c - unresolved JR/JALR at 0x2eff3c 0x2eff60; promoted 402 fallback entries
  [warning] control-flow function=sub_002F03C8 addr=0x2f0474 - unresolved JR/JALR at 0x2f0474 0x2f04c8 0x2f04f8; promoted 82 fallback entries
  [warning] control-flow function=sub_002F0548 addr=0x2f085c - unresolved JR/JALR at 0x2f085c 0x2f087c 0x2f089c 0x2f08bc 0x2f08dc 0x2f08fc 0x2f091c 0x2f093c 0x2f095c 0x2f097c 0x2f099c 0x2f09bc 0x2f09dc 0x2f09fc 0x2f0a1c 0x2f0a3c 0x2f0a5c 0x2f0ac4 0x2f0adc 0x2f0af4 0x2f0b0c 0x2f0b24 0x2f0b3c 0x2f0b54 0x2f0b6c 0x2f0b84 0x2f0b9c 0x2f0bb4 0x2f0bcc 0x2f0be4 0x2f0bfc 0x2f0c14 0x2f0c2c 0x2f0c44 0x2f0c94 0x2f0cf0 0x2f0d08 0x2f0d20 0x2f0d38 0x2f0d50 0x2f0d68 0x2f0d80 0x2f0d98 0x2f0db0 0x2f0dc8 0x2f0de0 0x2f0df8 0x2f0e10 0x2f0e28 0x2f0e40 0x2f0e58 0x2f0e70; promoted 592 fallback entries
  [warning] control-flow function=sub_002F1510 addr=0x2f171c - unresolved JR/JALR at 0x2f171c; promoted 150 fallback entries
  [warning] control-flow function=sub_002F18D8 addr=0x2f19a8 - unresolved JR/JALR at 0x2f19a8; promoted 70 fallback entries
  [warning] control-flow function=sub_002F1A08 addr=0x2f1aa8 - unresolved JR/JALR at 0x2f1aa8; promoted 416 fallback entries
  [warning] control-flow function=sub_002F2130 addr=0x2f21c0 - unresolved JR/JALR at 0x2f21c0 0x2f21d8; promoted 58 fallback entries
  [warning] control-flow function=sub_002F2218 addr=0x2f2248 - unresolved JR/JALR at 0x2f2248; promoted 44 fallback entries
  [warning] control-flow function=sub_002F2C30 addr=0x2f2d48 - unresolved JR/JALR at 0x2f2d48; promoted 76 fallback entries
  [warning] control-flow function=sub_002F3418 addr=0x2f3538 - unresolved JR/JALR at 0x2f3538; promoted 78 fallback entries
  [warning] control-flow function=sub_002F39C8 addr=0x2f3adc - unresolved JR/JALR at 0x2f3adc 0x2f3e8c 0x2f3eac 0x2f3ec4 0x2f3f14 0x2f3f28 0x2f3f44 0x2f40e0 0x2f40f4; promoted 468 fallback entries
  [warning] control-flow function=sub_002F41A8 addr=0x2f4220 - unresolved JR/JALR at 0x2f4220; promoted 46 fallback entries
  [warning] control-flow function=sub_002F4690 addr=0x2f46c4 - unresolved JR/JALR at 0x2f46c4 0x2f4714 0x2f49cc; promoted 222 fallback entries
  [warning] control-flow function=sub_002F4A08 addr=0x2f4b8c - unresolved JR/JALR at 0x2f4b8c 0x2f4bc0 0x2f4bd4 0x2f4bf0 0x2f4d38 0x2f4d64 0x2f4d78; promoted 236 fallback entries
  [warning] control-flow function=sub_002F4DB8 addr=0x2f501c - unresolved JR/JALR at 0x2f501c 0x2f5058; promoted 228 fallback entries
  [warning] control-flow function=sub_002F5230 addr=0x2f5260 - unresolved JR/JALR at 0x2f5260; promoted 26 fallback entries
  [warning] control-flow function=sub_002F5400 addr=0x2f57d4 - unresolved JR/JALR at 0x2f57d4 0x2f57f0 0x2f5878; promoted 358 fallback entries
  [warning] control-flow function=sub_002F6518 addr=0x2f653c - unresolved JR/JALR at 0x2f653c; promoted 252 fallback entries
  [warning] control-flow function=sub_002F6A58 addr=0x2f6a78 - unresolved JR/JALR at 0x2f6a78; promoted 14 fallback entries
  [warning] control-flow function=sub_002F6A90 addr=0x2f6ab0 - unresolved JR/JALR at 0x2f6ab0; promoted 14 fallback entries
  [warning] control-flow function=sub_002FAE38 addr=0x2fae6c - unresolved JR/JALR at 0x2fae6c 0x2fae8c 0x2faeac 0x2faecc 0x2faee8 0x2fb038; promoted 1314 fallback entries
  [warning] control-flow function=sub_002FC2C0 addr=0x2fc330 - unresolved JR/JALR at 0x2fc330 0x2fc380 0x2fc3e0 0x2fd3bc 0x2fd8bc 0x2fd900 0x2fd940 0x2fdbb8 0x2fdbe0 0x2fddd8 0x2fde50 0x2fe068 0x2fe268 0x2fe44c 0x2fe60c 0x2fe7e4 0x2feadc 0x2feaf8 0x2feb68 0x2fec10 0x2fecf8 0x2feda0 0x2ff12c 0x2ff338 0x2ffb04 0x2ffcb0 0x2ffccc 0x2ffce8 0x2ffe9c 0x2ffeb8 0x300574 0x30059c 0x300724 0x3008c8 0x3008fc 0x300aa0 0x300ad4 0x301190 0x3017c4 0x301974 0x301b2c 0x301ef0 0x302158 0x302330 0x3023c0 0x3025e8 0x302ffc 0x303314 0x3033d4 0x3038bc; promoted 7858 fallback entries
  [warning] control-flow function=sub_00303E60 addr=0x303f24 - unresolved JR/JALR at 0x303f24 0x304adc 0x304dc4 0x304f94 0x3052bc 0x3052dc 0x3053c0 0x3055e4 0x305600 0x305764 0x305944 0x305ee4; promoted 3250 fallback entries
  [warning] control-flow function=sub_00307128 addr=0x307270 - unresolved JR/JALR at 0x307270 0x307284 0x3072d8 0x3072ec 0x307534; promoted 284 fallback entries
  [warning] control-flow function=sub_00307738 addr=0x307798 - unresolved JR/JALR at 0x307798; promoted 48 fallback entries
  [warning] control-flow function=sub_003077F8 addr=0x307880 - unresolved JR/JALR at 0x307880 0x3078a0; promoted 50 fallback entries
  [warning] control-flow function=sub_003078C0 addr=0x3078f0 - unresolved JR/JALR at 0x3078f0 0x307940 0x3079a0 0x3079bc; promoted 70 fallback entries
  [warning] control-flow function=sub_00307A10 addr=0x307a4c - unresolved JR/JALR at 0x307a4c; promoted 140 fallback entries
  [warning] control-flow function=sub_00307C40 addr=0x307ce8 - unresolved JR/JALR at 0x307ce8; promoted 78 fallback entries
  [warning] control-flow function=sub_00307D78 addr=0x307df8 - unresolved JR/JALR at 0x307df8; promoted 38 fallback entries
  [warning] control-flow function=sub_00307E10 addr=0x307e50 - unresolved JR/JALR at 0x307e50 0x307e88 0x307ea4; promoted 44 fallback entries
  [warning] control-flow function=sub_00307EC0 addr=0x307f2c - unresolved JR/JALR at 0x307f2c; promoted 38 fallback entries
  [warning] control-flow function=sub_00307F58 addr=0x307fbc - unresolved JR/JALR at 0x307fbc 0x307fdc; promoted 48 fallback entries
  [warning] control-flow function=sub_00308038 addr=0x30806c - unresolved JR/JALR at 0x30806c 0x3080a8; promoted 56 fallback entries
  [warning] control-flow function=sub_00308118 addr=0x30814c - unresolved JR/JALR at 0x30814c 0x308190; promoted 68 fallback entries
  [warning] control-flow function=sub_00308278 addr=0x308374 - unresolved JR/JALR at 0x308374 0x30838c 0x3083e0 0x308434 0x308498 0x3084b4; promoted 314 fallback entries
  [warning] control-flow function=sub_00308760 addr=0x308780 - unresolved JR/JALR at 0x308780; promoted 14 fallback entries
  [warning] control-flow function=sub_00308798 addr=0x3087b8 - unresolved JR/JALR at 0x3087b8; promoted 14 fallback entries
  [warning] control-flow function=sub_00309568 addr=0x309684 - unresolved JR/JALR at 0x309684 0x3096cc; promoted 122 fallback entries
  [warning] control-flow function=sub_00309750 addr=0x309778 - unresolved JR/JALR at 0x309778; promoted 18 fallback entries
  [warning] control-flow function=sub_00309798 addr=0x3097c0 - unresolved JR/JALR at 0x3097c0; promoted 18 fallback entries
  [warning] control-flow function=sub_00309BA8 addr=0x309c44 - unresolved JR/JALR at 0x309c44; promoted 56 fallback entries
  [warning] control-flow function=sub_0030A060 addr=0x30a09c - unresolved JR/JALR at 0x30a09c 0x30a0c4 0x30a238; promoted 132 fallback entries
  [warning] control-flow function=sub_0030A3A0 addr=0x30a3cc - unresolved JR/JALR at 0x30a3cc 0x30a3f0; promoted 48 fallback entries
  [warning] control-flow function=sub_0030A460 addr=0x30a48c - unresolved JR/JALR at 0x30a48c 0x30a4ac 0x30a504; promoted 58 fallback entries
  [warning] control-flow function=sub_0030A868 addr=0x30a930 - unresolved JR/JALR at 0x30a930 0x30a9c8 0x30aa18 0x30aaa0 0x30ab10; promoted 268 fallback entries
  [warning] control-flow function=sub_0030AEB8 addr=0x30aee0 - unresolved JR/JALR at 0x30aee0; promoted 20 fallback entries
  [warning] control-flow function=sub_0030B068 addr=0x30b0a8 - unresolved JR/JALR at 0x30b0a8; promoted 32 fallback entries
  [warning] control-flow function=sub_0030B0E8 addr=0x30b130 - unresolved JR/JALR at 0x30b130 0x30b17c; promoted 52 fallback entries
  [warning] control-flow function=sub_0030B1B8 addr=0x30b1dc - unresolved JR/JALR at 0x30b1dc; promoted 20 fallback entries
  [warning] control-flow function=sub_0030B388 addr=0x30b3c8 - unresolved JR/JALR at 0x30b3c8; promoted 40 fallback entries
  [warning] control-flow function=sub_0030B8C0 addr=0x30b8e8 - unresolved JR/JALR at 0x30b8e8; promoted 26 fallback entries
  [warning] control-flow function=sub_0030BB10 addr=0x30bb4c - unresolved JR/JALR at 0x30bb4c 0x30bbdc 0x30bc14; promoted 92 fallback entries
  [warning] control-flow function=sub_0030BC80 addr=0x30bcb8 - unresolved JR/JALR at 0x30bcb8 0x30bce8; promoted 40 fallback entries
  [warning] control-flow function=sub_0030BD20 addr=0x30bd64 - unresolved JR/JALR at 0x30bd64 0x30be3c 0x30be6c; promoted 114 fallback entries
  [warning] control-flow function=sub_0030BEE8 addr=0x30bf28 - unresolved JR/JALR at 0x30bf28 0x30bf54; promoted 54 fallback entries
  [warning] control-flow function=sub_0030BFC0 addr=0x30c11c - unresolved JR/JALR at 0x30c11c 0x30c138; promoted 244 fallback entries
  [warning] control-flow function=sub_0030C4A8 addr=0x30c5c4 - unresolved JR/JALR at 0x30c5c4 0x30c660; promoted 136 fallback entries
  [warning] control-flow function=sub_0030C6C8 addr=0x30c6e8 - unresolved JR/JALR at 0x30c6e8; promoted 14 fallback entries
  [warning] control-flow function=sub_0030C700 addr=0x30c720 - unresolved JR/JALR at 0x30c720; promoted 14 fallback entries
  [warning] control-flow function=sub_0030D540 addr=0x30d64c - unresolved JR/JALR at 0x30d64c 0x30d718; promoted 192 fallback entries
  [warning] control-flow function=sub_0030DBD0 addr=0x30e338 - unresolved JR/JALR at 0x30e338 0x30e408 0x30e894 0x30e8fc; promoted 900 fallback entries
  [warning] control-flow function=sub_00310640 addr=0x310808 - unresolved JR/JALR at 0x310808 0x310844 0x310898 0x3108fc; promoted 194 fallback entries
  [warning] control-flow function=sub_00310948 addr=0x310b08 - unresolved JR/JALR at 0x310b08 0x310b40 0x310b94 0x310bfc; promoted 192 fallback entries
  [warning] control-flow function=sub_00310EA8 addr=0x310ecc - unresolved JR/JALR at 0x310ecc; promoted 14 fallback entries
  [warning] control-flow function=sub_00310EE0 addr=0x310f04 - unresolved JR/JALR at 0x310f04; promoted 14 fallback entries
  [warning] control-flow function=sub_003123C0 addr=0x31243c - unresolved JR/JALR at 0x31243c; promoted 52 fallback entries
  [warning] control-flow function=sub_00312490 addr=0x312560 - unresolved JR/JALR at 0x312560; promoted 66 fallback entries
  [warning] control-flow function=sub_00312660 addr=0x3126c8 - unresolved JR/JALR at 0x3126c8; promoted 76 fallback entries
  [warning] control-flow function=sub_00312790 addr=0x3127a4 - unresolved JR/JALR at 0x3127a4; promoted 36 fallback entries
  [warning] control-flow function=sub_00312820 addr=0x31283c - unresolved JR/JALR at 0x31283c; promoted 50 fallback entries
  [warning] control-flow function=sub_003128E8 addr=0x312924 - unresolved JR/JALR at 0x312924; promoted 62 fallback entries
  [warning] control-flow function=sub_00313DD0 addr=0x313e00 - unresolved JR/JALR at 0x313e00 0x313e1c 0x313e38 0x313e54 0x313e70 0x313e8c 0x313ea8 0x313ec4 0x313ee0 0x313efc 0x313f18 0x313f34 0x313f50 0x313f6c 0x313f88 0x313fa4 0x313ff4 0x314020; promoted 160 fallback entries
  [warning] control-flow function=sub_00314050 addr=0x314090 - unresolved JR/JALR at 0x314090 0x3140ac 0x3140c8 0x3140e4 0x314100 0x31411c 0x314138 0x314154 0x314170 0x31418c 0x3141a8 0x3141c4 0x3141e0 0x3141fc 0x314218 0x314234 0x314250 0x314294; promoted 166 fallback entries
  [warning] control-flow function=sub_003147F0 addr=0x314828 - unresolved JR/JALR at 0x314828; promoted 36 fallback entries
  [warning] control-flow function=sub_00314880 addr=0x3148c0 - unresolved JR/JALR at 0x3148c0; promoted 62 fallback entries
  [warning] control-flow function=sub_00316D60 addr=0x316da8 - unresolved JR/JALR at 0x316da8 0x316dc4 0x316de0 0x316dfc 0x316e1c 0x316e34 0x316e54 0x316e7c 0x316e9c 0x316eb4 0x316ed4; promoted 102 fallback entries
  [warning] control-flow function=sub_00316F00 addr=0x316f2c - unresolved JR/JALR at 0x316f2c 0x316f48 0x316f68 0x316fbc 0x317004 0x31702c 0x317054 0x317088 0x3170a4 0x3170c8 0x3170f0 0x317118 0x317130 0x31716c 0x3171b4 0x3171d0 0x317208 0x31723c 0x3172d8; promoted 266 fallback entries
  [warning] control-flow function=sub_00317348 addr=0x3173bc - unresolved JR/JALR at 0x3173bc 0x3173dc; promoted 46 fallback entries
  [warning] control-flow function=sub_00317400 addr=0x317420 - unresolved JR/JALR at 0x317420 0x317440; promoted 22 fallback entries
  [warning] control-flow function=sub_00317478 addr=0x317494 - unresolved JR/JALR at 0x317494; promoted 12 fallback entries
  [warning] control-flow function=sub_003174A8 addr=0x3174c8 - unresolved JR/JALR at 0x3174c8 0x3174e4; promoted 22 fallback entries
  [warning] control-flow function=sub_0031A3C0 addr=0x31a598 - unresolved JR/JALR at 0x31a598; promoted 190 fallback entries
  [warning] control-flow function=sub_0031A490 addr=0x31a598 - unresolved JR/JALR at 0x31a598; promoted 138 fallback entries
  [warning] control-flow function=sub_0031A6B8 addr=0x31aa7c - unresolved JR/JALR at 0x31aa7c 0x31aab0; promoted 270 fallback entries
  [warning] control-flow function=sub_0031AAF0 addr=0x31ab9c - unresolved JR/JALR at 0x31ab9c 0x31ac90; promoted 138 fallback entries
  [warning] control-flow function=sub_0031AC60 addr=0x31ac90 - unresolved JR/JALR at 0x31ac90; promoted 46 fallback entries
  [warning] control-flow function=sub_0031B008 addr=0x31b038 - unresolved JR/JALR at 0x31b038; promoted 32 fallback entries
  [warning] control-flow function=sub_00320550 addr=0x3209d8 - unresolved JR/JALR at 0x3209d8 0x320a08 0x320a48 0x320a78 0x320aa8; promoted 390 fallback entries
  [warning] control-flow function=sub_00326A68 addr=0x326aa8 - unresolved JR/JALR at 0x326aa8; promoted 30 fallback entries
  [warning] control-flow function=sub_00326B88 addr=0x326bf0 - unresolved JR/JALR at 0x326bf0; promoted 54 fallback entries
  [warning] control-flow function=sub_00326CF0 addr=0x326d1c - unresolved JR/JALR at 0x326d1c 0x326d30; promoted 28 fallback entries
  [warning] control-flow function=sub_003281D0 addr=0x328328 - unresolved JR/JALR at 0x328328; promoted 100 fallback entries
  [warning] control-flow function=sub_0032B6E0 addr=0x32b980 - unresolved JR/JALR at 0x32b980 0x32b9f8 0x32bb18 0x32bb90 0x32bdf8 0x32be6c 0x32bfac 0x32c020; promoted 646 fallback entries
  [warning] control-flow function=sub_0032C0F8 addr=0x32c208 - unresolved JR/JALR at 0x32c208 0x32c234 0x32c318 0x32c408 0x32c434; promoted 260 fallback entries
  [warning] control-flow function=sub_0032E100 addr=0x32e670 - unresolved JR/JALR at 0x32e670; promoted 1364 fallback entries
  [warning] control-flow function=sub_003309D8 addr=0x330ab0 - unresolved JR/JALR at 0x330ab0 0x330ad0; promoted 670 fallback entries
  [warning] control-flow function=sub_00333EF8 addr=0x3341b4 - unresolved JR/JALR at 0x3341b4 0x3341d4; promoted 246 fallback entries
  [warning] control-flow function=sub_003342D0 addr=0x33434c - unresolved JR/JALR at 0x33434c; promoted 98 fallback entries
  [warning] control-flow function=sub_00334458 addr=0x334570 - unresolved JR/JALR at 0x334570 0x334590; promoted 138 fallback entries
  [warning] control-flow function=sub_00334888 addr=0x3348e4 - unresolved JR/JALR at 0x3348e4 0x334910 0x334990 0x3349b0 0x3349cc 0x334e70 0x334e9c 0x334ebc 0x334f04 0x334f5c; promoted 552 fallback entries
  [warning] control-flow function=sub_00335B90 addr=0x335c74 - unresolved JR/JALR at 0x335c74 0x335c94; promoted 122 fallback entries
  [warning] control-flow function=sub_00336850 addr=0x3368cc - unresolved JR/JALR at 0x3368cc; promoted 98 fallback entries
  [warning] control-flow function=sub_00336D40 addr=0x336e28 - unresolved JR/JALR at 0x336e28 0x336e48; promoted 124 fallback entries
  [warning] control-flow function=sub_003378C0 addr=0x33793c - unresolved JR/JALR at 0x33793c; promoted 1048 fallback entries
  [warning] control-flow function=sub_00341548 addr=0x341584 - unresolved JR/JALR at 0x341584 0x34162c 0x341680 0x3416a0 0x3416d4 0x3416f4 0x341720 0x341740 0x341794 0x3417f8 0x34183c 0x341980 0x341a10 0x341a80; promoted 342 fallback entries
  [warning] control-flow function=sub_00341C80 addr=0x341cc0 - unresolved JR/JALR at 0x341cc0; promoted 28 fallback entries
  [warning] control-flow function=sub_00341D48 addr=0x341e24 - unresolved JR/JALR at 0x341e24; promoted 64 fallback entries
  [warning] control-flow function=sub_00342150 addr=0x342184 - unresolved JR/JALR at 0x342184; promoted 20 fallback entries
  [warning] control-flow function=sub_003422E8 addr=0x342328 - unresolved JR/JALR at 0x342328 0x342590 0x34274c; promoted 288 fallback entries
  [warning] control-flow function=sub_00342808 addr=0x342848 - unresolved JR/JALR at 0x342848 0x34285c 0x3428e0 0x342934 0x342968 0x342988 0x3429b4 0x342a04 0x342a68 0x342aac 0x342b60 0x342bd0 0x342be8; promoted 256 fallback entries
  [warning] control-flow function=sub_00342D10 addr=0x342d4c - unresolved JR/JALR at 0x342d4c 0x342d68 0x342db8 0x342e18 0x342e60 0x342ef0 0x342f44 0x342f8c 0x342fd8 0x342ff4; promoted 192 fallback entries
  [warning] control-flow function=sub_003430D0 addr=0x34310c - unresolved JR/JALR at 0x34310c 0x34315c 0x343670 0x343688 0x3436ec 0x343748; promoted 422 fallback entries
  [warning] control-flow function=sub_003437C0 addr=0x3437fc - unresolved JR/JALR at 0x3437fc 0x343850 0x343a48; promoted 170 fallback entries
  [warning] control-flow function=sub_003441A8 addr=0x3441f4 - unresolved JR/JALR at 0x3441f4; promoted 38 fallback entries
  [warning] control-flow function=sub_00344240 addr=0x344294 - unresolved JR/JALR at 0x344294; promoted 40 fallback entries
  [warning] control-flow function=sub_003443A8 addr=0x3445bc - unresolved JR/JALR at 0x3445bc; promoted 226 fallback entries
  [warning] control-flow function=sub_00344800 addr=0x344848 - unresolved JR/JALR at 0x344848; promoted 38 fallback entries
  [warning] control-flow function=sub_003449F0 addr=0x344a64 - unresolved JR/JALR at 0x344a64; promoted 44 fallback entries
  [warning] control-flow function=sub_00344E18 addr=0x344f5c - unresolved JR/JALR at 0x344f5c 0x344f84; promoted 106 fallback entries
  [warning] control-flow function=sub_00344FC0 addr=0x344fe0 - unresolved JR/JALR at 0x344fe0; promoted 14 fallback entries
  [warning] control-flow function=sub_00344FF8 addr=0x345020 - unresolved JR/JALR at 0x345020; promoted 20 fallback entries
  [warning] control-flow function=sub_00345248 addr=0x3453e8 - unresolved JR/JALR at 0x3453e8 0x345400; promoted 122 fallback entries
  [warning] control-flow function=sub_00345430 addr=0x3454b4 - unresolved JR/JALR at 0x3454b4; promoted 46 fallback entries
  [warning] control-flow function=sub_00345538 addr=0x345558 - unresolved JR/JALR at 0x345558; promoted 14 fallback entries
  [warning] control-flow function=sub_00345570 addr=0x345598 - unresolved JR/JALR at 0x345598; promoted 50 fallback entries
  [warning] control-flow function=sub_00345638 addr=0x3456bc - unresolved JR/JALR at 0x3456bc 0x3456d4; promoted 50 fallback entries
  [warning] control-flow function=sub_003457C8 addr=0x3457f8 - unresolved JR/JALR at 0x3457f8; promoted 24 fallback entries
  [warning] control-flow function=sub_00345890 addr=0x3458ac - unresolved JR/JALR at 0x3458ac; promoted 12 fallback entries
  [warning] control-flow function=sub_003458C0 addr=0x345914 - unresolved JR/JALR at 0x345914; promoted 58 fallback entries
  [warning] control-flow function=sub_003459A8 addr=0x3459f8 - unresolved JR/JALR at 0x3459f8 0x345a30 0x345a4c 0x345c20 0x345c48 0x345c64; promoted 186 fallback entries
  [warning] control-flow function=sub_00345D80 addr=0x345de0 - unresolved JR/JALR at 0x345de0 0x345e14; promoted 94 fallback entries
  [warning] control-flow function=sub_00345EF8 addr=0x3460d0 - unresolved JR/JALR at 0x3460d0 0x3460f8; promoted 138 fallback entries
  [warning] control-flow function=sub_003461C0 addr=0x3461fc - unresolved JR/JALR at 0x3461fc 0x346330; promoted 100 fallback entries
  [warning] control-flow function=sub_00346350 addr=0x346410 - unresolved JR/JALR at 0x346410; promoted 100 fallback entries
  [warning] control-flow function=sub_003464E0 addr=0x346538 - unresolved JR/JALR at 0x346538 0x3465e4; promoted 112 fallback entries
  [warning] control-flow function=sub_003466A0 addr=0x346708 - unresolved JR/JALR at 0x346708 0x346868 0x346b98; promoted 422 fallback entries
  [warning] control-flow function=sub_00346D38 addr=0x346e6c - unresolved JR/JALR at 0x346e6c 0x347110 0x3472e4 0x3473dc 0x34740c; promoted 552 fallback entries
  [warning] control-flow function=sub_003475D8 addr=0x347990 - unresolved JR/JALR at 0x347990 0x347b2c 0x347c20 0x347c38 0x347c58 0x347cd4 0x347d00 0x347d74; promoted 494 fallback entries
  [warning] control-flow function=sub_00347EA8 addr=0x347eec - unresolved JR/JALR at 0x347eec; promoted 58 fallback entries
  [warning] control-flow function=sub_00347F90 addr=0x347fdc - unresolved JR/JALR at 0x347fdc 0x348024 0x348038; promoted 50 fallback entries
  [warning] control-flow function=sub_00348058 addr=0x34808c - unresolved JR/JALR at 0x34808c 0x348110 0x348128; promoted 142 fallback entries
  [warning] control-flow function=sub_00348290 addr=0x348aa4 - unresolved JR/JALR at 0x348aa4; promoted 556 fallback entries
  [warning] control-flow function=sub_00348B40 addr=0x348b70 - unresolved JR/JALR at 0x348b70; promoted 20 fallback entries
  [warning] control-flow function=sub_00348FA0 addr=0x348fe8 - unresolved JR/JALR at 0x348fe8 0x349070; promoted 92 fallback entries
  [warning] control-flow function=sub_003492A8 addr=0x349b00 - unresolved JR/JALR at 0x349b00 0x349b28; promoted 552 fallback entries
  [warning] control-flow function=sub_00349DB0 addr=0x349df8 - unresolved JR/JALR at 0x349df8 0x349e80; promoted 90 fallback entries
  [warning] control-flow function=sub_0034A0B0 addr=0x34ac40 - unresolved JR/JALR at 0x34ac40 0x34ac68; promoted 758 fallback entries
  [warning] control-flow function=sub_0034B228 addr=0x34b304 - unresolved JR/JALR at 0x34b304 0x34b37c 0x34b780; promoted 356 fallback entries
  [warning] control-flow function=sub_0034B7B8 addr=0x34b7e0 - unresolved JR/JALR at 0x34b7e0; promoted 24 fallback entries
  [warning] control-flow function=sub_0034B818 addr=0x34b920 - unresolved JR/JALR at 0x34b920; promoted 102 fallback entries
  [warning] control-flow function=sub_0034B9B0 addr=0x34bb9c - unresolved JR/JALR at 0x34bb9c 0x34bbb4 0x34bc14 0x34bc40; promoted 188 fallback entries
  [warning] control-flow function=sub_0034C2E0 addr=0x34c318 - unresolved JR/JALR at 0x34c318 0x34c344; promoted 38 fallback entries
  [warning] control-flow function=sub_0034C378 addr=0x34c3b0 - unresolved JR/JALR at 0x34c3b0 0x34c3d8; promoted 44 fallback entries
  [warning] control-flow function=sub_0034C428 addr=0x34c510 - unresolved JR/JALR at 0x34c510; promoted 72 fallback entries
  [warning] control-flow function=sub_0034CAB8 addr=0x34cbc0 - unresolved JR/JALR at 0x34cbc0; promoted 76 fallback entries
  [warning] control-flow function=sub_0034CBE8 addr=0x34cc54 - unresolved JR/JALR at 0x34cc54; promoted 38 fallback entries
  [warning] control-flow function=sub_0034CC80 addr=0x34ccf8 - unresolved JR/JALR at 0x34ccf8; promoted 90 fallback entries
  [warning] control-flow function=sub_0034CDE8 addr=0x34cee8 - unresolved JR/JALR at 0x34cee8; promoted 108 fallback entries
  [warning] control-flow function=sub_0034CF98 addr=0x34d1d0 - unresolved JR/JALR at 0x34d1d0; promoted 148 fallback entries
  [warning] control-flow function=sub_0034D1E8 addr=0x34d254 - unresolved JR/JALR at 0x34d254 0x34d2cc 0x34d610; promoted 322 fallback entries
  [warning] control-flow function=sub_0034D6F0 addr=0x34d860 - unresolved JR/JALR at 0x34d860 0x34d878 0x34d8f8 0x34d924 0x34d990; promoted 176 fallback entries
  [warning] control-flow function=sub_0034DAC8 addr=0x34db58 - unresolved JR/JALR at 0x34db58 0x34db74; promoted 56 fallback entries
  [warning] control-flow function=sub_0034DBA8 addr=0x34dc20 - unresolved JR/JALR at 0x34dc20 0x34dcb4 0x34dcd4 0x34dce8; promoted 478 fallback entries
  [warning] control-flow function=sub_0034E348 addr=0x34e39c - unresolved JR/JALR at 0x34e39c; promoted 36 fallback entries
  [warning] control-flow function=sub_0034E3D8 addr=0x34e40c - unresolved JR/JALR at 0x34e40c 0x34e428; promoted 28 fallback entries
  [warning] control-flow function=sub_0034E600 addr=0x34e630 - unresolved JR/JALR at 0x34e630 0x34e668; promoted 102 fallback entries
  [warning] control-flow function=sub_0034E798 addr=0x34e7f0 - unresolved JR/JALR at 0x34e7f0 0x34e87c; promoted 258 fallback entries
  [warning] control-flow function=sub_0034ED88 addr=0x34edcc - unresolved JR/JALR at 0x34edcc 0x34ee00; promoted 76 fallback entries
  [warning] control-flow function=sub_0034EF08 addr=0x34ef8c - unresolved JR/JALR at 0x34ef8c 0x34efc4; promoted 80 fallback entries
  [warning] control-flow function=sub_0034F048 addr=0x34f62c - unresolved JR/JALR at 0x34f62c 0x34f7b8 0x34fac4 0x34fae0; promoted 686 fallback entries
  [warning] control-flow function=sub_0034FB90 addr=0x34fbc8 - unresolved JR/JALR at 0x34fbc8; promoted 24 fallback entries
  [warning] control-flow function=sub_0034FCE0 addr=0x34fd74 - unresolved JR/JALR at 0x34fd74; promoted 44 fallback entries
  [warning] control-flow function=sub_0034FD90 addr=0x34fde8 - unresolved JR/JALR at 0x34fde8; promoted 28 fallback entries
  [warning] control-flow function=sub_0034FE28 addr=0x34fe50 - unresolved JR/JALR at 0x34fe50; promoted 26 fallback entries
  [warning] control-flow function=sub_0034FE90 addr=0x34febc - unresolved JR/JALR at 0x34febc; promoted 18 fallback entries
  [warning] control-flow function=sub_0034FED8 addr=0x34ff20 - unresolved JR/JALR at 0x34ff20 0x34ff40 0x34ff80; promoted 422 fallback entries
  [warning] control-flow function=sub_00350750 addr=0x350834 - unresolved JR/JALR at 0x350834 0x350850 0x35088c 0x350b38; promoted 274 fallback entries
  [warning] control-flow function=sub_00350B98 addr=0x350da4 - unresolved JR/JALR at 0x350da4 0x350dbc 0x350e3c; promoted 190 fallback entries
  [warning] control-flow function=sub_003513D0 addr=0x351430 - unresolved JR/JALR at 0x351430 0x351468; promoted 78 fallback entries
  [warning] control-flow function=sub_00351B40 addr=0x351cc4 - unresolved JR/JALR at 0x351cc4 0x351cdc 0x351cf8 0x352050; promoted 394 fallback entries
  [warning] control-flow function=sub_00352168 addr=0x3521dc - unresolved JR/JALR at 0x3521dc; promoted 50 fallback entries
  [warning] control-flow function=sub_00352230 addr=0x352564 - unresolved JR/JALR at 0x352564 0x352764 0x3527e8 0x352a40 0x352a88; promoted 542 fallback entries
  [warning] control-flow function=sub_00352B88 addr=0x352bac - unresolved JR/JALR at 0x352bac; promoted 14 fallback entries
  [warning] control-flow function=sub_00352BC0 addr=0x352be0 - unresolved JR/JALR at 0x352be0; promoted 14 fallback entries
  [warning] control-flow function=sub_00352BF8 addr=0x352c20 - unresolved JR/JALR at 0x352c20; promoted 16 fallback entries
  [warning] control-flow function=sub_00352C38 addr=0x352c58 - unresolved JR/JALR at 0x352c58; promoted 14 fallback entries
  [warning] control-flow function=sub_00352C70 addr=0x352c98 - unresolved JR/JALR at 0x352c98 0x352ce0 0x352cf8; promoted 44 fallback entries
  [warning] control-flow function=sub_00352D20 addr=0x352d54 - unresolved JR/JALR at 0x352d54 0x352d84 0x352db0; promoted 44 fallback entries
  [warning] control-flow function=sub_00352DD0 addr=0x352e04 - unresolved JR/JALR at 0x352e04 0x352e30; promoted 32 fallback entries
  [warning] control-flow function=sub_00352E50 addr=0x352e70 - unresolved JR/JALR at 0x352e70 0x352eb8; promoted 32 fallback entries
  [warning] control-flow function=sub_00352ED0 addr=0x352ef4 - unresolved JR/JALR at 0x352ef4; promoted 14 fallback entries
  [warning] control-flow function=sub_00352F08 addr=0x352f28 - unresolved JR/JALR at 0x352f28; promoted 14 fallback entries
  [warning] control-flow function=sub_00352F40 addr=0x352f74 - unresolved JR/JALR at 0x352f74 0x352fc0 0x352ff4; promoted 56 fallback entries
  [warning] control-flow function=sub_00353020 addr=0x35304c - unresolved JR/JALR at 0x35304c 0x353078; promoted 30 fallback entries
  [warning] control-flow function=sub_00353098 addr=0x3530b8 - unresolved JR/JALR at 0x3530b8; promoted 14 fallback entries
  [warning] control-flow function=sub_003530D0 addr=0x3530f8 - unresolved JR/JALR at 0x3530f8; promoted 18 fallback entries
  [warning] control-flow function=sub_00353188 addr=0x3531b0 - unresolved JR/JALR at 0x3531b0; promoted 18 fallback entries
  [warning] control-flow function=sub_003531D0 addr=0x353208 - unresolved JR/JALR at 0x353208; promoted 22 fallback entries
  [warning] control-flow function=sub_00353228 addr=0x353254 - unresolved JR/JALR at 0x353254; promoted 20 fallback entries
  [warning] control-flow function=sub_00353278 addr=0x3532ac - unresolved JR/JALR at 0x3532ac 0x3532d0; promoted 34 fallback entries
  [warning] control-flow function=sub_00353300 addr=0x353344 - unresolved JR/JALR at 0x353344 0x353370; promoted 38 fallback entries
  [warning] control-flow function=sub_00353398 addr=0x3533d4 - unresolved JR/JALR at 0x3533d4; promoted 32 fallback entries
  [warning] control-flow function=sub_00353448 addr=0x3534c4 - unresolved JR/JALR at 0x3534c4 0x353518 0x353540 0x3535c8 0x3535e8 0x353630 0x353664 0x3536a4; promoted 164 fallback entries
  [warning] control-flow function=sub_003536D8 addr=0x353730 - unresolved JR/JALR at 0x353730; promoted 250 fallback entries
  [warning] control-flow function=sub_00353AC0 addr=0x353cac - unresolved JR/JALR at 0x353cac; promoted 140 fallback entries
  [warning] control-flow function=sub_00353E80 addr=0x353eac - unresolved JR/JALR at 0x353eac 0x353edc; promoted 32 fallback entries
  [warning] control-flow function=sub_003545D8 addr=0x354604 - unresolved JR/JALR at 0x354604 0x35462c; promoted 28 fallback entries
  [warning] control-flow function=sub_00354788 addr=0x3547c4 - unresolved JR/JALR at 0x3547c4; promoted 32 fallback entries
  [warning] control-flow function=sub_003548C0 addr=0x3548fc - unresolved JR/JALR at 0x3548fc; promoted 24 fallback entries
  [warning] control-flow function=sub_00354948 addr=0x354968 - unresolved JR/JALR at 0x354968; promoted 14 fallback entries
  [warning] control-flow function=sub_00354980 addr=0x3549b0 - unresolved JR/JALR at 0x3549b0; promoted 20 fallback entries
  [warning] control-flow function=sub_00354C98 addr=0x354d2c - unresolved JR/JALR at 0x354d2c 0x354d48 0x354d90; promoted 108 fallback entries
  [warning] control-flow function=sub_00354F98 addr=0x354fec - unresolved JR/JALR at 0x354fec; promoted 36 fallback entries
  [warning] control-flow function=sub_00355028 addr=0x355060 - unresolved JR/JALR at 0x355060; promoted 30 fallback entries
  [warning] control-flow function=sub_003550A0 addr=0x3550d8 - unresolved JR/JALR at 0x3550d8; promoted 30 fallback entries
  [warning] control-flow function=sub_00355118 addr=0x355174 - unresolved JR/JALR at 0x355174; promoted 36 fallback entries
  [warning] control-flow function=sub_003551A8 addr=0x355204 - unresolved JR/JALR at 0x355204 0x355228; promoted 46 fallback entries
  [warning] control-flow function=sub_003552D8 addr=0x355318 - unresolved JR/JALR at 0x355318 0x355334 0x355350 0x35536c; promoted 58 fallback entries
  [warning] control-flow function=sub_003553C0 addr=0x35544c - unresolved JR/JALR at 0x35544c; promoted 42 fallback entries
  [warning] control-flow function=sub_003554B0 addr=0x3554d4 - unresolved JR/JALR at 0x3554d4 0x355514; promoted 40 fallback entries
  [warning] control-flow function=sub_00355748 addr=0x3557c0 - unresolved JR/JALR at 0x3557c0 0x3557ec; promoted 76 fallback entries
  [warning] control-flow function=sub_00355888 addr=0x3558a0 - unresolved JR/JALR at 0x3558a0; promoted 12 fallback entries
  [warning] control-flow function=sub_00355F10 addr=0x355f38 - unresolved JR/JALR at 0x355f38 0x355f60 0x355f88 0x355fd0 0x356000; promoted 68 fallback entries
  [warning] control-flow function=sub_00356020 addr=0x3560ac - unresolved JR/JALR at 0x3560ac 0x3560f4 0x356110 0x356158 0x356174; promoted 94 fallback entries
  [warning] control-flow function=sub_00356198 addr=0x3561c4 - unresolved JR/JALR at 0x3561c4 0x3561e0 0x35620c 0x356230 0x35627c 0x356350 0x356390 0x3563b0 0x3563d8 0x35645c 0x356478 0x3564c0 0x3564d8 0x3564fc 0x3565d0 0x356758; promoted 378 fallback entries
  [warning] control-flow function=sub_003568B0 addr=0x356918 - unresolved JR/JALR at 0x356918 0x356950 0x3569b4 0x356a54 0x356a9c; promoted 140 fallback entries
  [warning] control-flow function=sub_00356B30 addr=0x356b60 - unresolved JR/JALR at 0x356b60 0x356b7c 0x356b98 0x356bc0 0x356c1c 0x356c80 0x356d00 0x356d7c; promoted 160 fallback entries
  [warning] control-flow function=sub_00356F68 addr=0x356f9c - unresolved JR/JALR at 0x356f9c; promoted 38 fallback entries
  [warning] control-flow function=sub_00357000 addr=0x357020 - unresolved JR/JALR at 0x357020; promoted 14 fallback entries
  [warning] control-flow function=sub_00357090 addr=0x3570cc - unresolved JR/JALR at 0x3570cc 0x3570e0 0x357138 0x357158 0x357254 0x3572a8 0x3572c0; promoted 148 fallback entries
  [warning] control-flow function=sub_00357358 addr=0x357390 - unresolved JR/JALR at 0x357390 0x3573b0 0x3573cc 0x3575ac 0x3576a4 0x3576f8 0x357714 0x357730; promoted 254 fallback entries
  [warning] control-flow function=sub_00357798 addr=0x3577d0 - unresolved JR/JALR at 0x3577d0 0x3577f0 0x357870 0x35788c; promoted 68 fallback entries
  [warning] control-flow function=sub_00357918 addr=0x357990 - unresolved JR/JALR at 0x357990; promoted 44 fallback entries
  [warning] control-flow function=sub_00357CA8 addr=0x357cec - unresolved JR/JALR at 0x357cec; promoted 32 fallback entries
  [warning] control-flow function=sub_00357D28 addr=0x357d70 - unresolved JR/JALR at 0x357d70; promoted 44 fallback entries
  [warning] control-flow function=sub_00357E80 addr=0x357eb4 - unresolved JR/JALR at 0x357eb4 0x357ed0 0x357f08 0x357f38 0x357f54 0x357f78; promoted 72 fallback entries
  [warning] control-flow function=sub_00357FA0 addr=0x357fec - unresolved JR/JALR at 0x357fec; promoted 32 fallback entries
  [warning] control-flow function=sub_00358380 addr=0x3583ac - unresolved JR/JALR at 0x3583ac 0x3583c8 0x3583e4 0x35840c 0x358428 0x35844c 0x35849c; promoted 78 fallback entries
  [warning] control-flow function=sub_003584B8 addr=0x3584d8 - unresolved JR/JALR at 0x3584d8; promoted 14 fallback entries
  [warning] control-flow function=sub_00358588 addr=0x358610 - unresolved JR/JALR at 0x358610; promoted 94 fallback entries
  [warning] control-flow function=sub_00358B28 addr=0x358c60 - unresolved JR/JALR at 0x358c60; promoted 86 fallback entries
  [warning] control-flow function=sub_00358DB0 addr=0x358df8 - unresolved JR/JALR at 0x358df8; promoted 160 fallback entries
  [warning] control-flow function=sub_00359030 addr=0x359124 - unresolved JR/JALR at 0x359124; promoted 126 fallback entries
  [warning] control-flow function=sub_00359270 addr=0x3592ac - unresolved JR/JALR at 0x3592ac 0x35939c 0x359440; promoted 124 fallback entries
  [warning] control-flow function=sub_003595D8 addr=0x359630 - unresolved JR/JALR at 0x359630; promoted 44 fallback entries
  [warning] control-flow function=sub_00359688 addr=0x359f5c - unresolved JR/JALR at 0x359f5c; promoted 576 fallback entries
  [warning] control-flow function=sub_0035A118 addr=0x35a17c - unresolved JR/JALR at 0x35a17c 0x35a19c 0x35a1d0; promoted 132 fallback entries
  [warning] control-flow function=sub_0035A780 addr=0x35a950 - unresolved JR/JALR at 0x35a950; promoted 212 fallback entries
  [warning] control-flow function=sub_0035AAE0 addr=0x35ab1c - unresolved JR/JALR at 0x35ab1c 0x35ab40 0x35ab8c 0x35abb0 0x35abd4 0x35ac0c; promoted 80 fallback entries
  [warning] control-flow function=sub_0035AC20 addr=0x35b45c - unresolved JR/JALR at 0x35b45c 0x35b4b4 0x35b4cc 0x35b504 0x35b524 0x35b548 0x35b5dc 0x35b600 0x35b63c; promoted 660 fallback entries
  [warning] control-flow function=sub_0035B708 addr=0x35b778 - unresolved JR/JALR at 0x35b778; promoted 224 fallback entries
  [warning] control-flow function=sub_0035BA88 addr=0x35baec - unresolved JR/JALR at 0x35baec 0x35bb00; promoted 366 fallback entries
  [warning] control-flow function=sub_0035C040 addr=0x35c064 - unresolved JR/JALR at 0x35c064 0x35c088; promoted 42 fallback entries
  [warning] control-flow function=sub_0035C0E8 addr=0x35c56c - unresolved JR/JALR at 0x35c56c 0x35c584; promoted 302 fallback entries
  [warning] control-flow function=sub_0035DA00 addr=0x35da20 - unresolved JR/JALR at 0x35da20; promoted 14 fallback entries
  [warning] control-flow function=sub_0035DA38 addr=0x35da58 - unresolved JR/JALR at 0x35da58; promoted 14 fallback entries
  [warning] control-flow function=sub_0035DF70 addr=0x35dfe0 - unresolved JR/JALR at 0x35dfe0 0x35dff4 0x35e214 0x35e22c; promoted 182 fallback entries
  [warning] control-flow function=sub_0035F1A8 addr=0x35f1d4 - unresolved JR/JALR at 0x35f1d4 0x35f1e8; promoted 28 fallback entries
  [warning] control-flow function=sub_0035F688 addr=0x35f6b4 - unresolved JR/JALR at 0x35f6b4 0x35f6cc; promoted 24 fallback entries
  [warning] control-flow function=sub_0035F788 addr=0x35f7b0 - unresolved JR/JALR at 0x35f7b0; promoted 18 fallback entries
  [warning] control-flow function=sub_0035FD98 addr=0x35fdb8 - unresolved JR/JALR at 0x35fdb8; promoted 30 fallback entries
  [warning] control-flow function=sub_0035FE10 addr=0x36081c - unresolved JR/JALR at 0x36081c 0x36085c 0x3608fc 0x360db4 0x360e14 0x3610c4 0x361114; promoted 1324 fallback entries
  [warning] control-flow function=sub_003612C0 addr=0x3617e4 - unresolved JR/JALR at 0x3617e4 0x361830 0x361884 0x361898 0x361968 0x361a88 0x361bb8 0x361c48; promoted 732 fallback entries
  [warning] control-flow function=sub_003695D8 addr=0x369678 - unresolved JR/JALR at 0x369678; promoted 46 fallback entries
  [warning] control-flow function=sub_003696C8 addr=0x3697f4 - unresolved JR/JALR at 0x3697f4; promoted 114 fallback entries
  [warning] control-flow function=sub_00369A78 addr=0x369c54 - unresolved JR/JALR at 0x369c54 0x369c80 0x369c94 0x369ce0 0x369e78 0x369f9c; promoted 350 fallback entries
  [warning] control-flow function=sub_00369FF8 addr=0x36a00c - unresolved JR/JALR at 0x36a00c; promoted 10 fallback entries
  [warning] control-flow function=sub_0036A020 addr=0x36a034 - unresolved JR/JALR at 0x36a034 0x36a178; promoted 104 fallback entries
  [warning] control-flow function=sub_0036A1E8 addr=0x36a258 - unresolved JR/JALR at 0x36a258; promoted 42 fallback entries
  [warning] control-flow function=sub_0036AC00 addr=0x36ad58 - unresolved JR/JALR at 0x36ad58; promoted 136 fallback entries
  [warning] control-flow function=sub_0036AE20 addr=0x36ae78 - unresolved JR/JALR at 0x36ae78 0x36ae9c 0x36af04 0x36afe8; promoted 206 fallback entries
  [warning] control-flow function=sub_0036B158 addr=0x36b1cc - unresolved JR/JALR at 0x36b1cc 0x36b1f8 0x36b280 0x36b36c 0x36b4e0 0x36b518 0x36b538 0x36b664 0x36b688 0x36b6f4 0x36b8d0 0x36b908 0x36b928; promoted 544 fallback entries
  [warning] control-flow function=sub_0036C398 addr=0x36c484 - unresolved JR/JALR at 0x36c484 0x36c4a4; promoted 234 fallback entries
  [warning] control-flow function=sub_0036C790 addr=0x36c928 - unresolved JR/JALR at 0x36c928 0x36cafc 0x36cb1c 0x36cb64; promoted 282 fallback entries
  [warning] control-flow function=sub_003708C0 addr=0x370908 - unresolved JR/JALR at 0x370908 0x370920 0x370a70; promoted 122 fallback entries
  [warning] control-flow function=sub_00370AA8 addr=0x370ae0 - unresolved JR/JALR at 0x370ae0; promoted 20 fallback entries
  [warning] control-flow function=sub_00370AF8 addr=0x370b20 - unresolved JR/JALR at 0x370b20; promoted 26 fallback entries
  [warning] control-flow function=sub_00370DC8 addr=0x370ff8 - unresolved JR/JALR at 0x370ff8 0x37100c 0x371020; promoted 194 fallback entries
  [warning] control-flow function=sub_003712B8 addr=0x371300 - unresolved JR/JALR at 0x371300; promoted 24 fallback entries
  [warning] control-flow function=sub_00371318 addr=0x371340 - unresolved JR/JALR at 0x371340; promoted 26 fallback entries
  [warning] control-flow function=sub_00371380 addr=0x371490 - unresolved JR/JALR at 0x371490; promoted 78 fallback entries
  [warning] control-flow function=sub_00371688 addr=0x371798 - unresolved JR/JALR at 0x371798; promoted 78 fallback entries
  [warning] control-flow function=sub_003725B0 addr=0x372a0c - unresolved JR/JALR at 0x372a0c 0x372a74; promoted 316 fallback entries
  [warning] control-flow function=sub_00375890 addr=0x3758e4 - unresolved JR/JALR at 0x3758e4; promoted 26 fallback entries
  [warning] control-flow function=sub_00375918 addr=0x375958 - unresolved JR/JALR at 0x375958; promoted 30 fallback entries
  [warning] control-flow function=sub_00375990 addr=0x3759c8 - unresolved JR/JALR at 0x3759c8; promoted 22 fallback entries
  [warning] control-flow function=sub_00375A08 addr=0x375b6c - unresolved JR/JALR at 0x375b6c 0x375fa8 0x375ff4 0x37600c 0x37602c 0x37606c 0x3760bc 0x3760d0 0x376208 0x376228 0x376484 0x3764a8 0x3765a4; promoted 972 fallback entries
  [warning] control-flow function=sub_00376938 addr=0x376978 - unresolved JR/JALR at 0x376978 0x376990 0x376aac 0x376d38 0x376d50 0x376e20 0x376e68 0x377004 0x37705c 0x377510 0x377558 0x3776cc 0x377724 0x377a48 0x377a88 0x377ae0 0x377af4 0x377c28 0x377c68 0x377cb8 0x378218 0x3783b0 0x3783e4; promoted 3658 fallback entries
  [warning] control-flow function=sub_0037A430 addr=0x37a5c4 - unresolved JR/JALR at 0x37a5c4 0x37a5e4 0x37a6a0; promoted 1464 fallback entries
  [warning] control-flow function=sub_0037C720 addr=0x37c874 - unresolved JR/JALR at 0x37c874 0x37ca10; promoted 298 fallback entries
  [warning] control-flow function=sub_0037CBC8 addr=0x37cc10 - unresolved JR/JALR at 0x37cc10 0x37cc70; promoted 306 fallback entries
  [warning] control-flow function=sub_0037D090 addr=0x37d2cc - unresolved JR/JALR at 0x37d2cc; promoted 566 fallback entries
  [warning] control-flow function=sub_0037DF88 addr=0x37dfe8 - unresolved JR/JALR at 0x37dfe8; promoted 46 fallback entries
  [warning] control-flow function=sub_0037E120 addr=0x37e328 - unresolved JR/JALR at 0x37e328 0x37e398 0x37e4ec 0x37e838 0x37f1a4 0x3821ac 0x3823c4 0x3823d8 0x38256c 0x382598; promoted 4406 fallback entries
  [warning] control-flow function=sub_00382760 addr=0x382a34 - unresolved JR/JALR at 0x382a34; promoted 228 fallback entries
  [warning] control-flow function=sub_00385BA0 addr=0x385bfc - unresolved JR/JALR at 0x385bfc; promoted 196 fallback entries
  [warning] control-flow function=sub_00386128 addr=0x386618 - unresolved JR/JALR at 0x386618; promoted 762 fallback entries
  [warning] control-flow function=sub_00386DD0 addr=0x386ff8 - unresolved JR/JALR at 0x386ff8; promoted 1084 fallback entries
  [warning] control-flow function=sub_00389CB8 addr=0x389d48 - unresolved JR/JALR at 0x389d48; promoted 542 fallback entries
  [warning] control-flow function=sub_0038B0F8 addr=0x38b35c - unresolved JR/JALR at 0x38b35c 0x38b430 0x38c67c 0x38c74c; promoted 1444 fallback entries
  [warning] control-flow function=sub_0038D638 addr=0x38d64c - unresolved JR/JALR at 0x38d64c; promoted 10 fallback entries
  [warning] control-flow function=sub_0038DC68 addr=0x38dcec - unresolved JR/JALR at 0x38dcec 0x38df0c 0x38df64 0x38dfcc 0x38e054; promoted 272 fallback entries
  [warning] control-flow function=sub_0038E118 addr=0x38e1ec - unresolved JR/JALR at 0x38e1ec; promoted 58 fallback entries
  [warning] control-flow function=sub_0038E200 addr=0x38e2d4 - unresolved JR/JALR at 0x38e2d4; promoted 58 fallback entries
  [warning] control-flow function=sub_0038E2E8 addr=0x38e440 - unresolved JR/JALR at 0x38e440; promoted 96 fallback entries
  [warning] control-flow function=sub_0038E468 addr=0x38e5c0 - unresolved JR/JALR at 0x38e5c0; promoted 96 fallback entries
  [warning] control-flow function=sub_0038E5E8 addr=0x38e720 - unresolved JR/JALR at 0x38e720; promoted 84 fallback entries
  [warning] control-flow function=sub_0038E738 addr=0x38e86c - unresolved JR/JALR at 0x38e86c; promoted 82 fallback entries
  [warning] control-flow function=sub_0038E880 addr=0x38ea38 - unresolved JR/JALR at 0x38ea38; promoted 120 fallback entries
  [warning] control-flow function=sub_0038EA60 addr=0x38ec14 - unresolved JR/JALR at 0x38ec14; promoted 120 fallback entries
  [warning] control-flow function=sub_0038EC40 addr=0x38ed78 - unresolved JR/JALR at 0x38ed78 0x38ee64 0x38eeec; promoted 410 fallback entries
  [warning] control-flow function=sub_0038F300 addr=0x38f33c - unresolved JR/JALR at 0x38f33c 0x38f398; promoted 88 fallback entries
  [warning] control-flow function=sub_003905E8 addr=0x390774 - unresolved JR/JALR at 0x390774 0x390854 0x390b18 0x390b50 0x390b70 0x390c3c; promoted 568 fallback entries
  [warning] control-flow function=sub_00390EF8 addr=0x390fa8 - unresolved JR/JALR at 0x390fa8 0x390fbc 0x390fd0 0x391044 0x391250 0x391264 0x391278; promoted 236 fallback entries
  [warning] control-flow function=sub_003919E8 addr=0x391a2c - unresolved JR/JALR at 0x391a2c; promoted 24 fallback entries
  [warning] control-flow function=sub_00391A48 addr=0x391bf8 - unresolved JR/JALR at 0x391bf8; promoted 128 fallback entries
  [warning] control-flow function=sub_00391CB0 addr=0x391db4 - unresolved JR/JALR at 0x391db4 0x391e08; promoted 96 fallback entries
  [warning] control-flow function=sub_00391E30 addr=0x391f34 - unresolved JR/JALR at 0x391f34 0x391f88; promoted 96 fallback entries
  [warning] control-flow function=sub_00393048 addr=0x394814 - unresolved JR/JALR at 0x394814 0x394860 0x394a3c 0x394bac; promoted 1858 fallback entries
  [warning] control-flow function=sub_00395288 addr=0x39539c - unresolved JR/JALR at 0x39539c; promoted 266 fallback entries
  [warning] control-flow function=sub_003975E0 addr=0x3976cc - unresolved JR/JALR at 0x3976cc; promoted 78 fallback entries
  [warning] control-flow function=sub_00397740 addr=0x3977a4 - unresolved JR/JALR at 0x3977a4 0x3977d4; promoted 42 fallback entries
  [warning] control-flow function=sub_00397948 addr=0x397988 - unresolved JR/JALR at 0x397988; promoted 30 fallback entries
  [warning] control-flow function=sub_003979F8 addr=0x397a30 - unresolved JR/JALR at 0x397a30; promoted 28 fallback entries
  [warning] control-flow function=sub_00397A68 addr=0x397aa0 - unresolved JR/JALR at 0x397aa0; promoted 28 fallback entries
  [warning] control-flow function=sub_00397B70 addr=0x397ba0 - unresolved JR/JALR at 0x397ba0 0x397bd4 0x397bf4; promoted 52 fallback entries
  [warning] control-flow function=sub_00397DF8 addr=0x397e8c - unresolved JR/JALR at 0x397e8c 0x397ea4 0x397eec 0x397f0c 0x397fd4 0x397fec; promoted 136 fallback entries
  [warning] control-flow function=sub_00398038 addr=0x398058 - unresolved JR/JALR at 0x398058; promoted 16 fallback entries
  [warning] control-flow function=sub_00398078 addr=0x3980c8 - unresolved JR/JALR at 0x3980c8; promoted 48 fallback entries
  [warning] control-flow function=sub_00398138 addr=0x398204 - unresolved JR/JALR at 0x398204; promoted 146 fallback entries
  [warning] control-flow function=sub_00398638 addr=0x3986fc - unresolved JR/JALR at 0x3986fc 0x398768; promoted 88 fallback entries
  [warning] control-flow function=sub_00398798 addr=0x398834 - unresolved JR/JALR at 0x398834 0x3988d4; promoted 94 fallback entries
  [warning] control-flow function=sub_00398910 addr=0x398954 - unresolved JR/JALR at 0x398954; promoted 84 fallback entries
  [warning] control-flow function=sub_00398A60 addr=0x398c90 - unresolved JR/JALR at 0x398c90 0x3996d8; promoted 820 fallback entries
  [warning] control-flow function=sub_00399768 addr=0x39986c - unresolved JR/JALR at 0x39986c; promoted 110 fallback entries
  [warning] control-flow function=sub_00399920 addr=0x3999bc - unresolved JR/JALR at 0x3999bc 0x3999ec 0x399a38 0x399a80 0x399ac0 0x399b20 0x399b50 0x399ba4 0x399be0 0x399c20 0x399c80 0x399ca8 0x399ccc 0x399d4c; promoted 280 fallback entries
  [warning] control-flow function=sub_00399D80 addr=0x399e94 - unresolved JR/JALR at 0x399e94 0x399ed8 0x39a2e8 0x39a3c0; promoted 414 fallback entries
  [warning] control-flow function=sub_0039A568 addr=0x39a5b0 - unresolved JR/JALR at 0x39a5b0; promoted 66 fallback entries
  [warning] control-flow function=sub_0039A8D8 addr=0x39a910 - unresolved JR/JALR at 0x39a910 0x39aa00 0x39aa24 0x39aa84 0x39aaa8; promoted 138 fallback entries
  [warning] control-flow function=sub_0039AB50 addr=0x39abc0 - unresolved JR/JALR at 0x39abc0; promoted 62 fallback entries
  [warning] control-flow function=sub_0039AC48 addr=0x39acac - unresolved JR/JALR at 0x39acac; promoted 60 fallback entries
  [warning] control-flow function=sub_0039AD38 addr=0x39adc0 - unresolved JR/JALR at 0x39adc0 0x39ade4 0x39ae0c 0x39ae28; promoted 88 fallback entries
  [warning] control-flow function=sub_0039AE98 addr=0x39aef8 - unresolved JR/JALR at 0x39aef8 0x39af20 0x39af70 0x39af98 0x39afe0 0x39b078 0x39b0a0 0x39b0d0 0x39b0fc 0x39b198 0x39b1c8 0x39b1f4 0x39b28c 0x39b2d0 0x39b300 0x39b360 0x39b3a4 0x39b3d4 0x39b434 0x39b478 0x39b4a8 0x39b508 0x39b54c 0x39b57c 0x39b600 0x39b644 0x39b674 0x39b724; promoted 562 fallback entries
  [warning] control-flow function=sub_0039B7B0 addr=0x39b820 - unresolved JR/JALR at 0x39b820 0x39b904; promoted 108 fallback entries
  [warning] control-flow function=sub_0039B960 addr=0x39b9e8 - unresolved JR/JALR at 0x39b9e8 0x39ba10 0x39ba48 0x39ba70 0x39bb14 0x39bb34 0x39bb98 0x39bbb8 0x39bc20 0x39bc80 0x39bca4 0x39bcf8 0x39bd1c 0x39bd54 0x39bd90 0x39bdb8 0x39bdf0 0x39be38 0x39be58; promoted 324 fallback entries
  [warning] control-flow function=sub_0039BE70 addr=0x39be98 - unresolved JR/JALR at 0x39be98 0x39bebc 0x39bf18 0x39bf40 0x39bf64 0x39bfc0 0x39bfe8 0x39c00c 0x39c08c 0x39c0a8 0x39c0d0 0x39c0f8 0x39c174 0x39c1a4 0x39c200 0x39c220 0x39c27c 0x39c29c 0x39c354 0x39c374 0x39c3ec 0x39c40c; promoted 366 fallback entries
  [warning] control-flow function=sub_0039C428 addr=0x39c474 - unresolved JR/JALR at 0x39c474 0x39c4fc; promoted 60 fallback entries
  [warning] control-flow function=sub_0039C518 addr=0x39c540 - unresolved JR/JALR at 0x39c540; promoted 16 fallback entries
  [warning] control-flow function=sub_0039CD30 addr=0x39cd74 - unresolved JR/JALR at 0x39cd74; promoted 24 fallback entries
  [warning] control-flow function=sub_0039CDA0 addr=0x39cdd0 - unresolved JR/JALR at 0x39cdd0 0x39ce04; promoted 32 fallback entries
  [warning] control-flow function=sub_0039CED0 addr=0x39cfcc - unresolved JR/JALR at 0x39cfcc; promoted 106 fallback entries
  [warning] control-flow function=sub_0039D078 addr=0x39d0c4 - unresolved JR/JALR at 0x39d0c4 0x39d32c 0x39d370 0x39d3c4 0x39d42c 0x39d4f8 0x39d5b0 0x39d6d4 0x39d720; promoted 448 fallback entries
  [warning] control-flow function=sub_0039D778 addr=0x39d7f8 - unresolved JR/JALR at 0x39d7f8; promoted 58 fallback entries
  [warning] control-flow function=sub_0039D860 addr=0x39d8fc - unresolved JR/JALR at 0x39d8fc 0x39d91c 0x39d9cc 0x39d9fc; promoted 112 fallback entries
  [warning] control-flow function=sub_0039DA20 addr=0x39db70 - unresolved JR/JALR at 0x39db70 0x39db90 0x39dc38 0x39dc54 0x39dc98 0x39dd38 0x39dd68 0x39dd88 0x39dda4 0x39ddcc 0x39dde8 0x39de04 0x39de3c; promoted 274 fallback entries
  [warning] control-flow function=sub_0039DE68 addr=0x39de94 - unresolved JR/JALR at 0x39de94 0x39deb4 0x39ded4 0x39def0 0x39df0c 0x39df64 0x39df84 0x39e020 0x39e080 0x39e0f4 0x39e10c 0x39e184 0x39e1b8 0x39e1d4 0x39e264; promoted 264 fallback entries
  [warning] control-flow function=sub_0039E4C0 addr=0x39e4f0 - unresolved JR/JALR at 0x39e4f0; promoted 18 fallback entries
  [warning] control-flow function=sub_0039E510 addr=0x39e548 - unresolved JR/JALR at 0x39e548 0x39e55c 0x39e578 0x39e594 0x39e5bc 0x39e600 0x39e634 0x39e6a4; promoted 106 fallback entries
  [warning] control-flow function=sub_0039E6B8 addr=0x39e6f4 - unresolved JR/JALR at 0x39e6f4 0x39e724; promoted 40 fallback entries
  [warning] control-flow function=sub_0039E758 addr=0x39e7c0 - unresolved JR/JALR at 0x39e7c0 0x39e838; promoted 68 fallback entries
  [warning] control-flow function=sub_0039E8B8 addr=0x39e90c - unresolved JR/JALR at 0x39e90c; promoted 36 fallback entries
  [warning] control-flow function=sub_0039E948 addr=0x39e99c - unresolved JR/JALR at 0x39e99c; promoted 36 fallback entries
  [warning] control-flow function=sub_0039EBE0 addr=0x39ec24 - unresolved JR/JALR at 0x39ec24 0x39ec74; promoted 50 fallback entries
  [warning] control-flow function=sub_0039ECB0 addr=0x39ed44 - unresolved JR/JALR at 0x39ed44 0x39ed5c 0x39edc0 0x39ede0 0x39ee30 0x39ee58 0x39ee84 0x39eea8 0x39eefc 0x39ef10 0x39effc 0x39f058; promoted 276 fallback entries
  [warning] control-flow function=sub_0039F100 addr=0x39f15c - unresolved JR/JALR at 0x39f15c; promoted 36 fallback entries
  [warning] control-flow function=sub_0039F238 addr=0x39f268 - unresolved JR/JALR at 0x39f268; promoted 22 fallback entries
  [warning] control-flow function=sub_0039F8C8 addr=0x39f914 - unresolved JR/JALR at 0x39f914 0x39f930 0x39f984 0x39f9a0; promoted 68 fallback entries
  [warning] control-flow function=sub_0039FC48 addr=0x39fc84 - unresolved JR/JALR at 0x39fc84; promoted 32 fallback entries
  [warning] control-flow function=sub_0039FD38 addr=0x39fd60 - unresolved JR/JALR at 0x39fd60; promoted 50 fallback entries
  [warning] control-flow function=sub_0039FE00 addr=0x39fe74 - unresolved JR/JALR at 0x39fe74; promoted 46 fallback entries
  [warning] control-flow function=sub_003A0348 addr=0x3a043c - unresolved JR/JALR at 0x3a043c; promoted 106 fallback entries
  [warning] control-flow function=sub_003A04F0 addr=0x3a0568 - unresolved JR/JALR at 0x3a0568 0x3a05cc 0x3a0648; promoted 402 fallback entries
  [warning] control-flow function=sub_003A0C70 addr=0x3a0c98 - unresolved JR/JALR at 0x3a0c98 0x3a0cb0; promoted 36 fallback entries
  [warning] control-flow function=sub_003A0D00 addr=0x3a0d44 - unresolved JR/JALR at 0x3a0d44; promoted 100 fallback entries
  [warning] control-flow function=sub_003A0EB0 addr=0x3a0ed8 - unresolved JR/JALR at 0x3a0ed8 0x3a0ef0; promoted 84 fallback entries
  [warning] control-flow function=sub_003A1000 addr=0x3a101c - unresolved JR/JALR at 0x3a101c; promoted 12 fallback entries
  [warning] control-flow function=sub_003A1030 addr=0x3a1070 - unresolved JR/JALR at 0x3a1070 0x3a112c; promoted 70 fallback entries
  [warning] control-flow function=sub_003A1148 addr=0x3a1208 - unresolved JR/JALR at 0x3a1208; promoted 98 fallback entries
  [warning] control-flow function=sub_003A1310 addr=0x3a13a0 - unresolved JR/JALR at 0x3a13a0 0x3a13c8 0x3a1460 0x3a1490 0x3a1508 0x3a1538 0x3a15d4; promoted 364 fallback entries
  [warning] control-flow function=sub_003A19F8 addr=0x3a1a40 - unresolved JR/JALR at 0x3a1a40; promoted 128 fallback entries
  [warning] control-flow function=sub_003A1BF8 addr=0x3a1cb0 - unresolved JR/JALR at 0x3a1cb0 0x3a1cc8; promoted 62 fallback entries
  [warning] control-flow function=sub_003A1D30 addr=0x3a1d78 - unresolved JR/JALR at 0x3a1d78; promoted 122 fallback entries
  [warning] control-flow function=sub_003A1F18 addr=0x3a1f50 - unresolved JR/JALR at 0x3a1f50 0x3a1f78; promoted 30 fallback entries
  [warning] control-flow function=sub_003A3280 addr=0x3a3750 - unresolved JR/JALR at 0x3a3750 0x3a3890 0x3a3930 0x3a3b54 0x3a3cf0; promoted 818 fallback entries
  [warning] control-flow function=sub_003A4868 addr=0x3a4d20 - unresolved JR/JALR at 0x3a4d20 0x3a4d8c 0x3a51bc 0x3a51f8; promoted 692 fallback entries
  [warning] control-flow function=sub_003A5508 addr=0x3a5560 - unresolved JR/JALR at 0x3a5560 0x3a55b8; promoted 1040 fallback entries
  [warning] control-flow function=sub_003A6740 addr=0x3a6768 - unresolved JR/JALR at 0x3a6768; promoted 40 fallback entries
  [warning] control-flow function=sub_003A7E98 addr=0x3a7ec8 - unresolved JR/JALR at 0x3a7ec8; promoted 62 fallback entries
  [warning] control-flow function=sub_003A7FC0 addr=0x3a8138 - unresolved JR/JALR at 0x3a8138; promoted 122 fallback entries
  [warning] control-flow function=sub_003A8668 addr=0x3a8794 - unresolved JR/JALR at 0x3a8794 0x3a87b4; promoted 144 fallback entries
  [warning] control-flow function=sub_003A8CD0 addr=0x3a8da0 - unresolved JR/JALR at 0x3a8da0 0x3a8dcc; promoted 84 fallback entries
  [warning] control-flow function=sub_003A8E20 addr=0x3a8ed8 - unresolved JR/JALR at 0x3a8ed8; promoted 60 fallback entries
  [warning] control-flow function=sub_003A9258 addr=0x3a92d0 - unresolved JR/JALR at 0x3a92d0 0x3a941c; promoted 192 fallback entries
  [warning] control-flow function=sub_003AA2F0 addr=0x3aa420 - unresolved JR/JALR at 0x3aa420 0x3aa4a0 0x3aa4e0 0x3aa588 0x3aa5ec 0x3aa66c 0x3aa6ac 0x3aa898; promoted 682 fallback entries
  [warning] control-flow function=sub_003AAE60 addr=0x3aaeb8 - unresolved JR/JALR at 0x3aaeb8 0x3aafb8 0x3aafd8 0x3ab0a4 0x3ab0ec 0x3ab134 0x3ab210 0x3ab2cc 0x3ab2f0 0x3ab4e8 0x3ab654 0x3ab928 0x3abef0; promoted 1072 fallback entries
  [warning] control-flow function=sub_003ADEC8 addr=0x3adfc8 - unresolved JR/JALR at 0x3adfc8 0x3adfec 0x3ae190; promoted 270 fallback entries
  [warning] control-flow function=sub_003AE300 addr=0x3ae334 - unresolved JR/JALR at 0x3ae334 0x3ae368 0x3ae3b0 0x3ae3d8 0x3ae3f4 0x3ae410 0x3ae42c; promoted 84 fallback entries
  [warning] control-flow function=sub_003AE450 addr=0x3ae540 - unresolved JR/JALR at 0x3ae540 0x3ae5d4 0x3ae610; promoted 158 fallback entries
  [warning] control-flow function=sub_003AEAD0 addr=0x3aeb94 - unresolved JR/JALR at 0x3aeb94; promoted 132 fallback entries
  [warning] control-flow function=sub_003AECE0 addr=0x3aed08 - unresolved JR/JALR at 0x3aed08; promoted 24 fallback entries
  [warning] control-flow function=sub_003AED40 addr=0x3aedc4 - unresolved JR/JALR at 0x3aedc4; promoted 60 fallback entries
  [warning] control-flow function=sub_003AEE30 addr=0x3aee60 - unresolved JR/JALR at 0x3aee60 0x3aee7c; promoted 26 fallback entries
  [warning] control-flow function=sub_003AEFA8 addr=0x3af088 - unresolved JR/JALR at 0x3af088 0x3af0a8 0x3af138; promoted 172 fallback entries
  [warning] control-flow function=sub_003AF670 addr=0x3afa08 - unresolved JR/JALR at 0x3afa08 0x3afb0c; promoted 820 fallback entries
  [warning] control-flow function=sub_003B0430 addr=0x3b04d8 - unresolved JR/JALR at 0x3b04d8; promoted 50 fallback entries
  [warning] control-flow function=sub_003B04F8 addr=0x3b0520 - unresolved JR/JALR at 0x3b0520; promoted 16 fallback entries
  [warning] control-flow function=sub_003B0538 addr=0x3b0560 - unresolved JR/JALR at 0x3b0560; promoted 18 fallback entries
  [warning] control-flow function=sub_003B0580 addr=0x3b05a0 - unresolved JR/JALR at 0x3b05a0; promoted 16 fallback entries
  [warning] control-flow function=sub_003B05C0 addr=0x3b05e0 - unresolved JR/JALR at 0x3b05e0; promoted 16 fallback entries
  [warning] control-flow function=sub_003B0600 addr=0x3b0634 - unresolved JR/JALR at 0x3b0634 0x3b065c; promoted 32 fallback entries
  [warning] control-flow function=sub_003B0680 addr=0x3b0698 - unresolved JR/JALR at 0x3b0698; promoted 12 fallback entries
  [warning] control-flow function=sub_003B06B0 addr=0x3b06d0 - unresolved JR/JALR at 0x3b06d0; promoted 18 fallback entries
  [warning] control-flow function=sub_003B06F8 addr=0x3b070c - unresolved JR/JALR at 0x3b070c; promoted 10 fallback entries
  [warning] control-flow function=sub_003B08E0 addr=0x3b0928 - unresolved JR/JALR at 0x3b0928; promoted 26 fallback entries
  [warning] control-flow function=sub_003B0948 addr=0x3b09e0 - unresolved JR/JALR at 0x3b09e0 0x3b09fc 0x3b0ae4; promoted 126 fallback entries
  [warning] control-flow function=sub_003B0B40 addr=0x3b0cac - unresolved JR/JALR at 0x3b0cac 0x3b0cc8 0x3b0e54 0x3b0ed0 0x3b0efc; promoted 286 fallback entries
  [warning] control-flow function=sub_003B0FB8 addr=0x3b1084 - unresolved JR/JALR at 0x3b1084; promoted 70 fallback entries
  [warning] control-flow function=sub_003B11A0 addr=0x3b11c8 - unresolved JR/JALR at 0x3b11c8; promoted 18 fallback entries
  [warning] control-flow function=sub_003B2A68 addr=0x3b2b00 - unresolved JR/JALR at 0x3b2b00; promoted 64 fallback entries
  [warning] control-flow function=sub_003B2B68 addr=0x3b2b7c - unresolved JR/JALR at 0x3b2b7c; promoted 10 fallback entries
  [warning] control-flow function=sub_003B3578 addr=0x3b3644 - unresolved JR/JALR at 0x3b3644 0x3b3790; promoted 208 fallback entries
  [warning] control-flow function=sub_003B4690 addr=0x3b46d0 - unresolved JR/JALR at 0x3b46d0; promoted 30 fallback entries
  [warning] control-flow function=sub_003B5320 addr=0x3b5370 - unresolved JR/JALR at 0x3b5370 0x3b5384 0x3b5398 0x3b53ac 0x3b53c0 0x3b53e4; promoted 72 fallback entries
  [warning] control-flow function=sub_003B54E0 addr=0x3b5518 - unresolved JR/JALR at 0x3b5518; promoted 24 fallback entries
  [warning] control-flow function=sub_003B55F0 addr=0x3b5644 - unresolved JR/JALR at 0x3b5644; promoted 172 fallback entries
  [warning] control-flow function=sub_003B58A0 addr=0x3b58b0 - unresolved JR/JALR at 0x3b58b0; promoted 14 fallback entries
  [warning] control-flow function=sub_003B58D8 addr=0x3b58fc - unresolved JR/JALR at 0x3b58fc; promoted 14 fallback entries
  [warning] control-flow function=sub_003B5F98 addr=0x3b6040 - unresolved JR/JALR at 0x3b6040; promoted 64 fallback entries
  [warning] control-flow function=sub_003B6BD0 addr=0x3b6cf8 - unresolved JR/JALR at 0x3b6cf8; promoted 182 fallback entries
  [warning] control-flow function=sub_003C1638 addr=0x3c1a00 - unresolved JR/JALR at 0x3c1a00 0x3c1a1c 0x3c1aa4 0x3c1b60 0x3c1b6c; promoted 338 fallback entries
  [warning] control-flow function=sub_003C1980 addr=0x3c1a00 - unresolved JR/JALR at 0x3c1a00 0x3c1a1c 0x3c1aa4 0x3c1b60 0x3c1b6c; promoted 128 fallback entries
  [warning] control-flow function=sub_003C1B80 addr=0x3c1c3c - unresolved JR/JALR at 0x3c1c3c 0x3c1c5c 0x3c1ce8 0x3c1d08; promoted 442 fallback entries
  [warning] control-flow function=sub_003C60E0 addr=0x3c6124 - unresolved JR/JALR at 0x3c6124; promoted 30 fallback entries
  [warning] control-flow function=sub_003C7080 addr=0x3c70e0 - unresolved JR/JALR at 0x3c70e0 0x3c70f8; promoted 46 fallback entries
  [warning] control-flow function=sub_003C7AB0 addr=0x3c7afc - unresolved JR/JALR at 0x3c7afc 0x3c7bec 0x3c7c6c; promoted 148 fallback entries
  [warning] control-flow function=sub_003C8158 addr=0x3c82f8 - unresolved JR/JALR at 0x3c82f8; promoted 146 fallback entries
  [warning] control-flow function=sub_003C8430 addr=0x3c844c - unresolved JR/JALR at 0x3c844c; promoted 14 fallback entries
  [warning] control-flow function=sub_003C8468 addr=0x3c8528 - unresolved JR/JALR at 0x3c8528; promoted 62 fallback entries
  [warning] control-flow function=sub_003C85D0 addr=0x3c8760 - unresolved JR/JALR at 0x3c8760 0x3c87dc 0x3c8850 0x3c8898 0x3c88d4 0x3c88f0 0x3c8914; promoted 230 fallback entries
  [warning] control-flow function=sub_003C8A40 addr=0x3c8a70 - unresolved JR/JALR at 0x3c8a70; promoted 18 fallback entries
  [warning] control-flow function=sub_003C8E28 addr=0x3c8e74 - unresolved JR/JALR at 0x3c8e74; promoted 38 fallback entries
  [warning] control-flow function=sub_003C8EC0 addr=0x3c8f04 - unresolved JR/JALR at 0x3c8f04; promoted 34 fallback entries
  [warning] control-flow function=sub_003C8FB0 addr=0x3c9024 - unresolved JR/JALR at 0x3c9024; promoted 36 fallback entries
  [warning] control-flow function=sub_003C9040 addr=0x3c909c - unresolved JR/JALR at 0x3c909c; promoted 32 fallback entries
  [warning] control-flow function=sub_003C9E50 addr=0x3ca6e0 - unresolved JR/JALR at 0x3ca6e0; promoted 596 fallback entries
  [warning] control-flow function=sub_003CA6A8 addr=0x3ca6e0 - unresolved JR/JALR at 0x3ca6e0; promoted 62 fallback entries
  [warning] control-flow function=sub_003CA7A0 addr=0x3ca7f4 - unresolved JR/JALR at 0x3ca7f4; promoted 52 fallback entries
  [warning] control-flow function=sub_003CA7B8 addr=0x3ca7f4 - unresolved JR/JALR at 0x3ca7f4; promoted 46 fallback entries
  [warning] control-flow function=sub_003CA8A0 addr=0x3ca938 - unresolved JR/JALR at 0x3ca938; promoted 60 fallback entries
  [warning] control-flow function=sub_003CA900 addr=0x3ca938 - unresolved JR/JALR at 0x3ca938; promoted 36 fallback entries
  [warning] control-flow function=sub_003CB110 addr=0x3cb210 - unresolved JR/JALR at 0x3cb210; promoted 92 fallback entries
  [warning] control-flow function=sub_003CB1A8 addr=0x3cb210 - unresolved JR/JALR at 0x3cb210; promoted 54 fallback entries
  [warning] control-flow function=sub_003CB280 addr=0x3cb364 - unresolved JR/JALR at 0x3cb364; promoted 138 fallback entries
  [warning] control-flow function=sub_003CB328 addr=0x3cb364 - unresolved JR/JALR at 0x3cb364; promoted 96 fallback entries
  [warning] control-flow function=sub_003CB538 addr=0x3cb640 - unresolved JR/JALR at 0x3cb640 0x3cb7a8; promoted 380 fallback entries
  [warning] control-flow function=sub_003CB540 addr=0x3cb640 - unresolved JR/JALR at 0x3cb640 0x3cb7a8; promoted 378 fallback entries
  [warning] control-flow function=sub_003CBC20 addr=0x3cbda0 - unresolved JR/JALR at 0x3cbda0 0x3cbdc4 0x3cbe44; promoted 170 fallback entries
  [warning] control-flow function=sub_003CBEC8 addr=0x3cbf68 - unresolved JR/JALR at 0x3cbf68; promoted 106 fallback entries
  [warning] control-flow function=sub_003CCEF0 addr=0x3ccf00 - unresolved JR/JALR at 0x3ccf00; promoted 10 fallback entries
  [warning] control-flow function=sub_003CCF18 addr=0x3ccf28 - unresolved JR/JALR at 0x3ccf28; promoted 10 fallback entries
  [warning] control-flow function=sub_003CD1A8 addr=0x3cd1b8 - unresolved JR/JALR at 0x3cd1b8; promoted 10 fallback entries
  [warning] control-flow function=sub_003CD1D0 addr=0x3cd1e0 - unresolved JR/JALR at 0x3cd1e0; promoted 10 fallback entries
  [warning] control-flow function=sub_003CEBE8 addr=0x3cee44 - unresolved JR/JALR at 0x3cee44; promoted 168 fallback entries
  [warning] control-flow function=sub_003CEE08 addr=0x3cee44 - unresolved JR/JALR at 0x3cee44; promoted 32 fallback entries
  [warning] control-flow function=sub_003CEED0 addr=0x3cef58 - unresolved JR/JALR at 0x3cef58; promoted 56 fallback entries
  [warning] control-flow function=sub_003CEF20 addr=0x3cef58 - unresolved JR/JALR at 0x3cef58; promoted 36 fallback entries
  [warning] control-flow function=sub_003CEFF8 addr=0x3cf09c - unresolved JR/JALR at 0x3cf09c; promoted 76 fallback entries
  [warning] control-flow function=sub_003CF060 addr=0x3cf09c - unresolved JR/JALR at 0x3cf09c; promoted 50 fallback entries
  [warning] control-flow function=sub_003CF158 addr=0x3cf1e4 - unresolved JR/JALR at 0x3cf1e4 0x3cf204; promoted 90 fallback entries
  [warning] control-flow function=sub_003CF178 addr=0x3cf1e4 - unresolved JR/JALR at 0x3cf1e4 0x3cf204; promoted 72 fallback entries
  [warning] control-flow function=sub_003CF300 addr=0x3cf440 - unresolved JR/JALR at 0x3cf440; promoted 102 fallback entries
  [warning] control-flow function=sub_003CF408 addr=0x3cf440 - unresolved JR/JALR at 0x3cf440; promoted 36 fallback entries
  [warning] control-flow function=sub_003CF4D0 addr=0x3cf660 - unresolved JR/JALR at 0x3cf660; promoted 138 fallback entries
  [warning] control-flow function=sub_003CF5D0 addr=0x3cf660 - unresolved JR/JALR at 0x3cf660; promoted 64 fallback entries
  [warning] control-flow function=sub_003CF7B0 addr=0x3cf80c - unresolved JR/JALR at 0x3cf80c; promoted 106 fallback entries
  [warning] control-flow function=sub_003CF7D0 addr=0x3cf80c - unresolved JR/JALR at 0x3cf80c; promoted 98 fallback entries
  [warning] control-flow function=sub_003D0900 addr=0x3d090c - unresolved JR/JALR at 0x3d090c 0x3d0998 0x3d09d4; promoted 134 fallback entries
  [warning] control-flow function=sub_003D1BA8 addr=0x3d1ca0 - unresolved JR/JALR at 0x3d1ca0; promoted 96 fallback entries
  [warning] control-flow function=sub_003D3900 addr=0x3d3b4c - unresolved JR/JALR at 0x3d3b4c; promoted 228 fallback entries
  [warning] control-flow function=sub_003D7EC8 addr=0x3d7f5c - unresolved JR/JALR at 0x3d7f5c; promoted 80 fallback entries
  [warning] control-flow function=sub_003D83B8 addr=0x3d85b0 - unresolved JR/JALR at 0x3d85b0; promoted 132 fallback entries
  [warning] control-flow function=sub_003D9830 addr=0x3d99c8 - unresolved JR/JALR at 0x3d99c8; promoted 132 fallback entries
  [warning] control-flow function=sub_003D9BD8 addr=0x3d9dac - unresolved JR/JALR at 0x3d9dac; promoted 190 fallback entries
  [warning] control-flow function=sub_003DA418 addr=0x3da47c - unresolved JR/JALR at 0x3da47c 0x3daf74; promoted 778 fallback entries
  [warning] control-flow function=sub_003DB040 addr=0x3db110 - unresolved JR/JALR at 0x3db110 0x3db1c4; promoted 114 fallback entries
  [warning] control-flow function=sub_003DB208 addr=0x3db318 - unresolved JR/JALR at 0x3db318; promoted 108 fallback entries
  [warning] control-flow function=sub_003DB9A0 addr=0x3db9b8 - unresolved JR/JALR at 0x3db9b8; promoted 14 fallback entries
  [warning] control-flow function=sub_003DCBD8 addr=0x3dcc40 - unresolved JR/JALR at 0x3dcc40; promoted 44 fallback entries
  [warning] control-flow function=sub_003DCD98 addr=0x3dce18 - unresolved JR/JALR at 0x3dce18 0x3dce68; promoted 62 fallback entries
  [warning] control-flow function=sub_003DCF70 addr=0x3dcfac - unresolved JR/JALR at 0x3dcfac; promoted 20 fallback entries
  [warning] control-flow function=sub_003DD7E0 addr=0x3dd950 - unresolved JR/JALR at 0x3dd950 0x3dd980 0x3dd99c; promoted 184 fallback entries
  [warning] control-flow function=sub_003DD8E8 addr=0x3dd950 - unresolved JR/JALR at 0x3dd950 0x3dd980 0x3dd99c; promoted 74 fallback entries
  [warning] control-flow function=sub_003DDAC0 addr=0x3ddb7c - unresolved JR/JALR at 0x3ddb7c 0x3ddba8; promoted 92 fallback entries
  [warning] control-flow function=sub_003DDC30 addr=0x3ddd8c - unresolved JR/JALR at 0x3ddd8c 0x3ddd98; promoted 112 fallback entries
  [warning] control-flow function=sub_003DDDF0 addr=0x3dde1c - unresolved JR/JALR at 0x3dde1c; promoted 34 fallback entries
  [warning] control-flow function=sub_003DE420 addr=0x3de48c - unresolved JR/JALR at 0x3de48c; promoted 44 fallback entries
  [warning] control-flow function=sub_003DE9B8 addr=0x3deb10 - unresolved JR/JALR at 0x3deb10; promoted 102 fallback entries
  [warning] control-flow function=sub_003DEA48 addr=0x3deb10 - unresolved JR/JALR at 0x3deb10; promoted 66 fallback entries
  [warning] control-flow function=sub_003DEB50 addr=0x3deb9c - unresolved JR/JALR at 0x3deb9c; promoted 40 fallback entries
  [warning] control-flow function=sub_003DEFC0 addr=0x3deff4 - unresolved JR/JALR at 0x3deff4; promoted 26 fallback entries
  [warning] control-flow function=sub_003DF028 addr=0x3df094 - unresolved JR/JALR at 0x3df094 0x3df254; promoted 280 fallback entries
  [warning] control-flow function=sub_003DF1E0 addr=0x3df254 - unresolved JR/JALR at 0x3df254; promoted 56 fallback entries
  [warning] control-flow function=sub_003DF488 addr=0x3df4dc - unresolved JR/JALR at 0x3df4dc 0x3df654; promoted 130 fallback entries
  [warning] control-flow function=sub_003DF748 addr=0x3df954 - unresolved JR/JALR at 0x3df954; promoted 142 fallback entries
  [warning] control-flow function=sub_003E1580 addr=0x3e1868 - unresolved JR/JALR at 0x3e1868; promoted 210 fallback entries
  [warning] control-flow function=sub_003E1810 addr=0x3e1868 - unresolved JR/JALR at 0x3e1868; promoted 46 fallback entries
  [warning] control-flow function=sub_003E1908 addr=0x3e19a4 - unresolved JR/JALR at 0x3e19a4; promoted 66 fallback entries
  [warning] control-flow function=sub_003E1948 addr=0x3e19a4 - unresolved JR/JALR at 0x3e19a4; promoted 50 fallback entries
  [warning] control-flow function=sub_003E1BB8 addr=0x3e1dbc - unresolved JR/JALR at 0x3e1dbc 0x3e1dfc 0x3e1e34 0x3e1e5c; promoted 196 fallback entries
  [warning] control-flow function=sub_003E1D68 addr=0x3e1dbc - unresolved JR/JALR at 0x3e1dbc 0x3e1dfc 0x3e1e34 0x3e1e5c; promoted 88 fallback entries
  [warning] control-flow function=sub_003E2190 addr=0x3e2204 - unresolved JR/JALR at 0x3e2204 0x3e221c 0x3e223c 0x3e2250 0x3e227c 0x3e228c; promoted 88 fallback entries
  [warning] control-flow function=sub_003E2310 addr=0x3e2388 - unresolved JR/JALR at 0x3e2388 0x3e23b4 0x3e23c4 0x3e240c; promoted 88 fallback entries
  [warning] control-flow function=sub_003E4040 addr=0x3e4164 - unresolved JR/JALR at 0x3e4164 0x3e439c 0x3e4468; promoted 284 fallback entries
  [warning] control-flow function=sub_003E49B8 addr=0x3e49e4 - unresolved JR/JALR at 0x3e49e4; promoted 22 fallback entries
  [warning] control-flow function=sub_003E4AF0 addr=0x3e4e54 - unresolved JR/JALR at 0x3e4e54; promoted 234 fallback entries
  [warning] control-flow function=sub_003E4DB8 addr=0x3e4e54 - unresolved JR/JALR at 0x3e4e54; promoted 56 fallback entries
  [warning] control-flow function=sub_003E5928 addr=0x3e59b8 - unresolved JR/JALR at 0x3e59b8; promoted 84 fallback entries
  [warning] control-flow function=sub_003E5C78 addr=0x3e5d00 - unresolved JR/JALR at 0x3e5d00; promoted 46 fallback entries
  [warning] control-flow function=sub_003E5EF8 addr=0x3e604c - unresolved JR/JALR at 0x3e604c; promoted 94 fallback entries
  [warning] control-flow function=sub_003E6070 addr=0x3e60d4 - unresolved JR/JALR at 0x3e60d4; promoted 70 fallback entries
  [warning] control-flow function=sub_003E76A8 addr=0x3e76fc - unresolved JR/JALR at 0x3e76fc; promoted 28 fallback entries
  [warning] control-flow function=sub_003E7BA0 addr=0x3e7c0c - unresolved JR/JALR at 0x3e7c0c; promoted 40 fallback entries
  [warning] control-flow function=sub_003E7C40 addr=0x3e7d64 - unresolved JR/JALR at 0x3e7d64 0x3e7ef0; promoted 198 fallback entries
  [warning] control-flow function=sub_003E7F70 addr=0x3e7fd0 - unresolved JR/JALR at 0x3e7fd0; promoted 32 fallback entries
  [warning] control-flow function=sub_003E95C8 addr=0x3e9750 - unresolved JR/JALR at 0x3e9750 0x3e9778 0x3e9a70 0x3e9eb4 0x3e9f58; promoted 1576 fallback entries
  [warning] control-flow function=sub_003EE028 addr=0x3ee1d0 - unresolved JR/JALR at 0x3ee1d0; promoted 112 fallback entries
  [warning] control-flow function=sub_003EE1B0 addr=0x3ee1d0 - unresolved JR/JALR at 0x3ee1d0; promoted 14 fallback entries
  [warning] control-flow function=sub_003EE320 addr=0x3ee3a8 - unresolved JR/JALR at 0x3ee3a8; promoted 48 fallback entries
  [warning] control-flow function=sub_003EE3E0 addr=0x3ee410 - unresolved JR/JALR at 0x3ee410 0x3ee42c; promoted 34 fallback entries
  [warning] control-flow function=sub_003EE620 addr=0x3ee694 - unresolved JR/JALR at 0x3ee694; promoted 82 fallback entries
  [warning] control-flow function=sub_003EEB30 addr=0x3eec44 - unresolved JR/JALR at 0x3eec44; promoted 86 fallback entries
  [warning] control-flow function=sub_003EEC88 addr=0x3eeccc - unresolved JR/JALR at 0x3eeccc; promoted 32 fallback entries
  [warning] control-flow function=sub_003EED08 addr=0x3eed48 - unresolved JR/JALR at 0x3eed48; promoted 38 fallback entries
  [warning] control-flow function=sub_003EF210 addr=0x3ef310 - unresolved JR/JALR at 0x3ef310 0x3ef410; promoted 252 fallback entries
  [warning] control-flow function=sub_003EFED0 addr=0x3eff24 - unresolved JR/JALR at 0x3eff24; promoted 28 fallback entries
  [warning] control-flow function=sub_003F0198 addr=0x3f02a8 - unresolved JR/JALR at 0x3f02a8; promoted 78 fallback entries
  [warning] control-flow function=sub_003F0610 addr=0x3f0640 - unresolved JR/JALR at 0x3f0640; promoted 18 fallback entries
  [warning] control-flow function=sub_003F07A0 addr=0x3f07c0 - unresolved JR/JALR at 0x3f07c0; promoted 30 fallback entries
  [warning] control-flow function=sub_003F0B50 addr=0x3f0b70 - unresolved JR/JALR at 0x3f0b70; promoted 36 fallback entries
  [warning] control-flow function=sub_003F0BE0 addr=0x3f0c54 - unresolved JR/JALR at 0x3f0c54; promoted 44 fallback entries
  [warning] control-flow function=sub_003F17D8 addr=0x3f183c - unresolved JR/JALR at 0x3f183c 0x3f18bc 0x3f19ec 0x3f1ae4 0x3f1b58 0x3f1b94 0x3f1fd0 0x3f208c 0x3f2128 0x3f2168 0x3f21e4; promoted 658 fallback entries
  [warning] control-flow function=sub_003F3A98 addr=0x3f3ae0 - unresolved JR/JALR at 0x3f3ae0 0x3f3af8; promoted 32 fallback entries
  [warning] control-flow function=sub_003F42A0 addr=0x3f430c - unresolved JR/JALR at 0x3f430c; promoted 36 fallback entries
  [warning] control-flow function=sub_003F4A78 addr=0x3f4b90 - unresolved JR/JALR at 0x3f4b90; promoted 124 fallback entries
  [warning] control-flow function=sub_003F5F88 addr=0x3f5ff4 - unresolved JR/JALR at 0x3f5ff4; promoted 46 fallback entries
  [warning] control-flow function=sub_003F63F0 addr=0x3f6458 - unresolved JR/JALR at 0x3f6458 0x3f647c; promoted 60 fallback entries
  [warning] control-flow function=sub_003F6E98 addr=0x3f6f3c - unresolved JR/JALR at 0x3f6f3c 0x3f6f4c 0x3f6fe4 0x3f7038 0x3f70a4 0x3f711c 0x3f7138 0x3f7180 0x3f7198 0x3f7250 0x3f7788 0x3f77c4; promoted 600 fallback entries
  [warning] control-flow function=sub_003F6EE0 addr=0x3f6f3c - unresolved JR/JALR at 0x3f6f3c 0x3f6f4c; promoted 34 fallback entries
  [warning] control-flow function=sub_003F6F68 addr=0x3f6fe4 - unresolved JR/JALR at 0x3f6fe4 0x3f7038 0x3f70a4 0x3f711c 0x3f7138 0x3f7180 0x3f7198 0x3f7250; promoted 228 fallback entries
  [warning] control-flow function=sub_003F7708 addr=0x3f7788 - unresolved JR/JALR at 0x3f7788 0x3f77c4; promoted 58 fallback entries
  [warning] control-flow function=sub_003F7DE0 addr=0x3f7e08 - unresolved JR/JALR at 0x3f7e08 0x3f7e24 0x3f7e3c; promoted 44 fallback entries
  [warning] control-flow function=sub_003F80E0 addr=0x3f8124 - unresolved JR/JALR at 0x3f8124; promoted 38 fallback entries
  [warning] control-flow function=sub_003F8720 addr=0x3f874c - unresolved JR/JALR at 0x3f874c; promoted 18 fallback entries
  [warning] control-flow function=sub_003F8768 addr=0x3f8794 - unresolved JR/JALR at 0x3f8794; promoted 18 fallback entries
  [warning] control-flow function=sub_003F87B0 addr=0x3f87dc - unresolved JR/JALR at 0x3f87dc 0x3f8d04 0x3f8d58 0x3f8dc0 0x3f8df4 0x3f9084 0x3f90c8 0x3f91b4 0x3f91d0; promoted 662 fallback entries
  [warning] control-flow function=sub_003F9698 addr=0x3f97e4 - unresolved JR/JALR at 0x3f97e4; promoted 96 fallback entries
  [warning] control-flow function=sub_003F9818 addr=0x3f9988 - unresolved JR/JALR at 0x3f9988; promoted 104 fallback entries
  [warning] control-flow function=sub_003F99B8 addr=0x3f9b04 - unresolved JR/JALR at 0x3f9b04; promoted 96 fallback entries
  [warning] control-flow function=sub_003F9B38 addr=0x3f9c28 - unresolved JR/JALR at 0x3f9c28; promoted 68 fallback entries
  [warning] control-flow function=sub_003F9C48 addr=0x3f9d74 - unresolved JR/JALR at 0x3f9d74 0x3f9d98; promoted 94 fallback entries
  [warning] control-flow function=sub_003F9DC0 addr=0x3f9ed8 - unresolved JR/JALR at 0x3f9ed8; promoted 80 fallback entries
  [warning] control-flow function=sub_003F9F00 addr=0x3fa018 - unresolved JR/JALR at 0x3fa018; promoted 80 fallback entries
  [warning] control-flow function=sub_003FA040 addr=0x3fa0a0 - unresolved JR/JALR at 0x3fa0a0 0x3fa0f8 0x3fa148; promoted 100 fallback entries
  [warning] control-flow function=sub_003FA818 addr=0x3fa970 - unresolved JR/JALR at 0x3fa970 0x3fa9b0 0x3faa0c 0x3faa50 0x3faaa8 0x3fab2c 0x3fab70 0x3fac0c 0x3fac68 0x3faca0 0x3facd0 0x3fad18 0x3fad60 0x3fae00 0x3faec8 0x3faf10 0x3faf70 0x3fafb4 0x3fb070 0x3fb0e0 0x3fb14c 0x3fb190; promoted 664 fallback entries
  [warning] control-flow function=sub_003FBB50 addr=0x3fbb7c - unresolved JR/JALR at 0x3fbb7c 0x3fbb90 0x3fbba4; promoted 36 fallback entries
  [warning] control-flow function=sub_003FBC40 addr=0x3fbc6c - unresolved JR/JALR at 0x3fbc6c 0x3fbc88 0x3fbca4; promoted 38 fallback entries
  [warning] control-flow function=sub_003FBCD8 addr=0x3fbd04 - unresolved JR/JALR at 0x3fbd04 0x3fbd20 0x3fbd3c; promoted 38 fallback entries
  [warning] control-flow function=sub_003FC0E8 addr=0x3fc154 - unresolved JR/JALR at 0x3fc154 0x3fc184; promoted 94 fallback entries
  [warning] control-flow function=sub_003FC260 addr=0x3fc2e4 - unresolved JR/JALR at 0x3fc2e4 0x3fc330; promoted 76 fallback entries
  [warning] control-flow function=sub_003FD0D8 addr=0x3fd0e8 - unresolved JR/JALR at 0x3fd0e8; promoted 10 fallback entries
  [warning] control-flow function=sub_003FD100 addr=0x3fd110 - unresolved JR/JALR at 0x3fd110; promoted 10 fallback entries
  [warning] control-flow function=sub_003FD128 addr=0x3fd138 - unresolved JR/JALR at 0x3fd138 0x3fd188 0x3fd190 0x3fd19c 0x3fd1b0; promoted 44 fallback entries
  [warning] control-flow function=sub_003FD758 addr=0x3fd8b0 - unresolved JR/JALR at 0x3fd8b0 0x3fd8e4 0x3fd8f8; promoted 110 fallback entries
  [warning] control-flow function=sub_003FD810 addr=0x3fd8b0 - unresolved JR/JALR at 0x3fd8b0 0x3fd8e4 0x3fd8f8; promoted 62 fallback entries
  [warning] control-flow function=sub_004009A8 addr=0x400a60 - unresolved JR/JALR at 0x400a60; promoted 52 fallback entries
  [warning] control-flow function=sub_00400D58 addr=0x400e10 - unresolved JR/JALR at 0x400e10; promoted 54 fallback entries
  [warning] control-flow function=sub_00400DD8 addr=0x400e10 - unresolved JR/JALR at 0x400e10; promoted 22 fallback entries
  [warning] control-flow function=sub_00402C30 addr=0x402c64 - unresolved JR/JALR at 0x402c64; promoted 20 fallback entries
  [warning] control-flow function=sub_00404B78 addr=0x404c20 - unresolved JR/JALR at 0x404c20 0x404c34; promoted 1012 fallback entries
  [warning] control-flow function=sub_004076F8 addr=0x4077c0 - unresolved JR/JALR at 0x4077c0; promoted 198 fallback entries
  [warning] control-flow function=sub_0040B2B0 addr=0x40b350 - unresolved JR/JALR at 0x40b350; promoted 84 fallback entries
  [warning] control-flow function=sub_0040B2D0 addr=0x40b350 - unresolved JR/JALR at 0x40b350; promoted 76 fallback entries
  [warning] control-flow function=sub_0040C8C0 addr=0x40c8fc - unresolved JR/JALR at 0x40c8fc; promoted 468 fallback entries
  [warning] control-flow function=sub_0040FB88 addr=0x40fbb4 - unresolved JR/JALR at 0x40fbb4 0x40fc6c; promoted 66 fallback entries
  [warning] control-flow function=sub_004103B0 addr=0x4103c0 - unresolved JR/JALR at 0x4103c0 0x410478; promoted 56 fallback entries
  [warning] control-flow function=sub_00410490 addr=0x4104a0 - unresolved JR/JALR at 0x4104a0 0x4104cc 0x410558; promoted 56 fallback entries
  [warning] control-flow function=sub_004104E0 addr=0x410558 - unresolved JR/JALR at 0x410558; promoted 36 fallback entries
  [warning] control-flow function=sub_00410570 addr=0x4105d4 - unresolved JR/JALR at 0x4105d4 0x410664 0x4106e0 0x410748 0x4107c4 0x41082c; promoted 186 fallback entries
  [warning] control-flow function=sub_00410628 addr=0x410664 - unresolved JR/JALR at 0x410664 0x4106e0 0x410748; promoted 90 fallback entries
  [warning] control-flow function=sub_00410790 addr=0x4107c4 - unresolved JR/JALR at 0x4107c4 0x41082c; promoted 50 fallback entries
  [warning] control-flow function=sub_00410930 addr=0x410a10 - unresolved JR/JALR at 0x410a10; promoted 82 fallback entries
  [warning] control-flow function=sub_00410F48 addr=0x410fac - unresolved JR/JALR at 0x410fac 0x4110b8 0x411194 0x4112a0; promoted 242 fallback entries
  [warning] control-flow function=sub_00412800 addr=0x412810 - unresolved JR/JALR at 0x412810; promoted 18 fallback entries
  [warning] control-flow function=sub_00412848 addr=0x412858 - unresolved JR/JALR at 0x412858; promoted 24 fallback entries
  [warning] control-flow function=sub_00412908 addr=0x412964 - unresolved JR/JALR at 0x412964; promoted 36 fallback entries
  [warning] control-flow function=sub_00412928 addr=0x412964 - unresolved JR/JALR at 0x412964; promoted 28 fallback entries
  [warning] control-flow function=sub_00412A28 addr=0x412ab4 - unresolved JR/JALR at 0x412ab4; promoted 50 fallback entries
  [warning] control-flow function=sub_00412AF0 addr=0x412c64 - unresolved JR/JALR at 0x412c64 0x412d28 0x412da8 0x412e20; promoted 228 fallback entries
  [warning] control-flow function=sub_00414C20 addr=0x414cd8 - unresolved JR/JALR at 0x414cd8 0x414dec 0x414e3c 0x414e68; promoted 254 fallback entries
  [warning] control-flow function=sub_00415260 addr=0x4154f0 - unresolved JR/JALR at 0x4154f0; promoted 306 fallback entries
  [warning] control-flow function=sub_00415840 addr=0x415878 - unresolved JR/JALR at 0x415878 0x415890 0x415898 0x4158b8; promoted 44 fallback entries
  [warning] control-flow function=sub_00417008 addr=0x4170e8 - unresolved JR/JALR at 0x4170e8 0x417248 0x41733c 0x4173bc; promoted 260 fallback entries
  [warning] control-flow function=sub_00417418 addr=0x417464 - unresolved JR/JALR at 0x417464; promoted 38 fallback entries
  [warning] control-flow function=sub_00417648 addr=0x417760 - unresolved JR/JALR at 0x417760; promoted 120 fallback entries
  [warning] control-flow function=sub_00417AB8 addr=0x417c18 - unresolved JR/JALR at 0x417c18 0x417eb8 0x4181cc 0x418334 0x418404; promoted 710 fallback entries
  [warning] control-flow function=sub_004187E8 addr=0x418860 - unresolved JR/JALR at 0x418860; promoted 54 fallback entries
  [warning] control-flow function=sub_00418EF8 addr=0x419034 - unresolved JR/JALR at 0x419034 0x4190b8 0x4190c8 0x4190d8 0x4190f4 0x419108 0x419138 0x419148 0x419158 0x419174 0x419188 0x4191bc 0x4191cc 0x4191dc 0x4191f8 0x41920c 0x419234 0x419244 0x419254 0x419270 0x419284 0x419460 0x419540 0x4196ec; promoted 632 fallback entries
  [warning] control-flow function=sub_0041FE30 addr=0x41ff04 - unresolved JR/JALR at 0x41ff04; promoted 68 fallback entries
  [warning] control-flow function=sub_004254D0 addr=0x425514 - unresolved JR/JALR at 0x425514; promoted 90 fallback entries
  [warning] control-flow function=sub_004261F0 addr=0x4262f8 - unresolved JR/JALR at 0x4262f8 0x426334; promoted 90 fallback entries
  [warning] control-flow function=sub_00426230 addr=0x4262f8 - unresolved JR/JALR at 0x4262f8 0x426334; promoted 74 fallback entries
  [warning] control-flow function=_request_end_0x426708 addr=0x426760 - unresolved JR/JALR at 0x426760; promoted 46 fallback entries
  [warning] control-flow function=sub_004279B8 addr=0x427a70 - unresolved JR/JALR at 0x427a70; promoted 54 fallback entries
  [warning] control-flow function=sub_00427A60 addr=0x427a70 - unresolved JR/JALR at 0x427a70; promoted 12 fallback entries
  [warning] control-flow function=sub_0042CD98 addr=0x42d0cc - unresolved JR/JALR at 0x42d0cc 0x42d310; promoted 354 fallback entries
  [warning] control-flow function=sub_0042D0C0 addr=0x42d0cc - unresolved JR/JALR at 0x42d0cc; promoted 80 fallback entries
  [warning] control-flow function=sub_0042D2FC addr=0x42d310 - unresolved JR/JALR at 0x42d310; promoted 9 fallback entries
  [warning] control-flow function=sub_00100348 addr=0x1003b0 - unresolved JR/JALR at 0x1003b0 0x1003f4; promoted 178 fallback entries
  [warning] control-flow function=sub_001013A8 addr=0x101470 - unresolved JR/JALR at 0x101470 0x1015c8 0x1015e8; promoted 184 fallback entries
  [warning] control-flow function=sub_00100680 addr=0x100998 - unresolved JR/JALR at 0x100998 0x100c88 0x100d34 0x100d78 0x100f24 0x101078 0x1011ac; promoted 804 fallback entries
  [warning] control-flow function=sub_00101728 addr=0x1017c4 - unresolved JR/JALR at 0x1017c4 0x101818; promoted 88 fallback entries
  [warning] control-flow function=sub_00103480 addr=0x1034b8 - unresolved JR/JALR at 0x1034b8 0x1034e8 0x103518 0x103544; promoted 62 fallback entries
  [warning] control-flow function=sub_00103578 addr=0x1035b4 - unresolved JR/JALR at 0x1035b4 0x1035e8 0x103620 0x103650 0x1036f8 0x103970; promoted 330 fallback entries
  [warning] control-flow function=sub_00104D68 addr=0x104d9c - unresolved JR/JALR at 0x104d9c; promoted 30 fallback entries
  [warning] control-flow function=sub_00104DE0 addr=0x104e18 - unresolved JR/JALR at 0x104e18; promoted 36 fallback entries
  [warning] control-flow function=sub_00104E70 addr=0x104f1c - unresolved JR/JALR at 0x104f1c 0x105364; promoted 330 fallback entries
  [warning] control-flow function=sub_001057B8 addr=0x10590c - unresolved JR/JALR at 0x10590c 0x105c38 0x105cf4 0x105d0c; promoted 376 fallback entries
  [warning] control-flow function=sub_00105D98 addr=0x105e84 - unresolved JR/JALR at 0x105e84 0x105ec0 0x105ed8 0x105f24 0x105f3c; promoted 488 fallback entries
  [warning] control-flow function=sub_00107E70 addr=0x107fd0 - unresolved JR/JALR at 0x107fd0 0x107fe8; promoted 326 fallback entries
  [warning] control-flow function=sub_00106F78 addr=0x107248 - unresolved JR/JALR at 0x107248 0x107510; promoted 384 fallback entries
  [warning] control-flow function=sub_00106848 addr=0x1069cc - unresolved JR/JALR at 0x1069cc; promoted 460 fallback entries
  [warning] control-flow function=sub_0010A960 addr=0x10aa50 - unresolved JR/JALR at 0x10aa50; promoted 68 fallback entries
  [warning] control-flow function=sub_00108E88 addr=0x10a7d0 - unresolved JR/JALR at 0x10a7d0 0x10a8c8 0x10a918; promoted 1718 fallback entries
  [warning] control-flow function=sub_0010AA70 addr=0x10aac4 - unresolved JR/JALR at 0x10aac4; promoted 194 fallback entries
  [warning] control-flow function=sub_0010B790 addr=0x10b7e4 - unresolved JR/JALR at 0x10b7e4 0x10b824 0x10b878; promoted 124 fallback entries
  [warning] control-flow function=sub_0010B980 addr=0x10b9f8 - unresolved JR/JALR at 0x10b9f8; promoted 102 fallback entries
  [warning] control-flow function=sub_0010BB18 addr=0x10bb68 - unresolved JR/JALR at 0x10bb68; promoted 56 fallback entries
  [warning] control-flow function=sub_0010BBF8 addr=0x10bc38 - unresolved JR/JALR at 0x10bc38 0x10bcc4; promoted 70 fallback entries
  [warning] control-flow function=sub_0010C9A8 addr=0x10ca10 - unresolved JR/JALR at 0x10ca10 0x10ca54 0x10ca84; promoted 68 fallback entries
  [warning] control-flow function=sub_0010CBE0 addr=0x10cc58 - unresolved JR/JALR at 0x10cc58; promoted 80 fallback entries
  [warning] control-flow function=sub_0010C758 addr=0x10c79c - unresolved JR/JALR at 0x10c79c; promoted 148 fallback entries
  [warning] control-flow function=sub_0010CD20 addr=0x10cda8 - unresolved JR/JALR at 0x10cda8 0x10cdf0 0x10ce4c; promoted 146 fallback entries
  [warning] control-flow function=sub_0010CF68 addr=0x10d008 - unresolved JR/JALR at 0x10d008 0x10d054; promoted 130 fallback entries
  [warning] control-flow function=sub_0010DA10 addr=0x10dac0 - unresolved JR/JALR at 0x10dac0 0x10daec; promoted 120 fallback entries
  [warning] control-flow function=sub_0010DBF0 addr=0x10dc94 - unresolved JR/JALR at 0x10dc94 0x10dde4; promoted 176 fallback entries
  [warning] control-flow function=sub_0010E228 addr=0x10e294 - unresolved JR/JALR at 0x10e294 0x10e2b0; promoted 48 fallback entries
  [warning] control-flow function=sub_0010E3A8 addr=0x10e414 - unresolved JR/JALR at 0x10e414 0x10e430; promoted 48 fallback entries
  [warning] control-flow function=sub_0010E2E8 addr=0x10e354 - unresolved JR/JALR at 0x10e354 0x10e370; promoted 48 fallback entries
  [warning] control-flow function=sub_0010E468 addr=0x10e4ec - unresolved JR/JALR at 0x10e4ec 0x10e508; promoted 60 fallback entries
  [warning] control-flow function=sub_0010F1C0 addr=0x10f1e8 - unresolved JR/JALR at 0x10f1e8 0x10f228; promoted 48 fallback entries
  [warning] control-flow function=sub_0010E910 addr=0x10ea20 - unresolved JR/JALR at 0x10ea20 0x10eae4; promoted 136 fallback entries
  [warning] control-flow function=sub_0010EB30 addr=0x10eb84 - unresolved JR/JALR at 0x10eb84; promoted 420 fallback entries
  [warning] control-flow function=sub_0010E5D8 addr=0x10e740 - unresolved JR/JALR at 0x10e740; promoted 184 fallback entries
  [warning] control-flow function=sub_0010F3B8 addr=0x10f474 - unresolved JR/JALR at 0x10f474; promoted 106 fallback entries
  [warning] control-flow function=sub_0010F560 addr=0x10f688 - unresolved JR/JALR at 0x10f688 0x10f6a8; promoted 198 fallback entries
  [warning] control-flow function=sub_0010FC30 addr=0x10fc7c - unresolved JR/JALR at 0x10fc7c; promoted 42 fallback entries
  [warning] control-flow function=sub_00111890 addr=0x111930 - unresolved JR/JALR at 0x111930; promoted 46 fallback entries
  [warning] control-flow function=sub_00111948 addr=0x111974 - unresolved JR/JALR at 0x111974; promoted 44 fallback entries
  [warning] control-flow function=sub_001119F8 addr=0x111a24 - unresolved JR/JALR at 0x111a24; promoted 42 fallback entries
  [warning] control-flow function=sub_00111AC0 addr=0x111af8 - unresolved JR/JALR at 0x111af8 0x111b74 0x111b94 0x111bd0 0x111bf0 0x111c0c 0x111c28 0x111d08 0x111d28 0x111d74; promoted 182 fallback entries
  [warning] control-flow function=sub_00111D98 addr=0x111dc4 - unresolved JR/JALR at 0x111dc4 0x111e2c 0x111e4c 0x111ed8 0x111ef8 0x111f78 0x111f94 0x1120bc 0x1120dc 0x1120f8; promoted 250 fallback entries
  [warning] control-flow function=sub_00112338 addr=0x112454 - unresolved JR/JALR at 0x112454; promoted 148 fallback entries
  [warning] control-flow function=sub_001125C0 addr=0x112720 - unresolved JR/JALR at 0x112720; promoted 140 fallback entries
  [warning] control-flow function=sub_00112A50 addr=0x112c48 - unresolved JR/JALR at 0x112c48 0x112c6c; promoted 194 fallback entries
  [warning] control-flow function=sub_00112D58 addr=0x112e04 - unresolved JR/JALR at 0x112e04; promoted 150 fallback entries
  [warning] control-flow function=sub_00112FB0 addr=0x1130cc - unresolved JR/JALR at 0x1130cc 0x1130fc; promoted 94 fallback entries
  [warning] control-flow function=sub_00113AA0 addr=0x113ac0 - unresolved JR/JALR at 0x113ac0; promoted 14 fallback entries
  [warning] control-flow function=sub_00113AD8 addr=0x113af8 - unresolved JR/JALR at 0x113af8; promoted 14 fallback entries
  [warning] control-flow function=sub_00113C20 addr=0x113c58 - unresolved JR/JALR at 0x113c58 0x113c74 0x113c9c; promoted 152 fallback entries
  [warning] control-flow function=sub_001174B0 addr=0x1174d0 - unresolved JR/JALR at 0x1174d0; promoted 14 fallback entries
  [warning] control-flow function=sub_001174E8 addr=0x117508 - unresolved JR/JALR at 0x117508; promoted 14 fallback entries
  [warning] control-flow function=sub_00117FE0 addr=0x118f0c - unresolved JR/JALR at 0x118f0c; promoted 1030 fallback entries
  [warning] control-flow function=sub_001194C0 addr=0x1194f0 - unresolved JR/JALR at 0x1194f0 0x119518; promoted 58 fallback entries
  [warning] control-flow function=sub_00119EF8 addr=0x119f70 - unresolved JR/JALR at 0x119f70 0x119f98 0x119fe4; promoted 100 fallback entries
  [warning] control-flow function=sub_0011B978 addr=0x11b9ec - unresolved JR/JALR at 0x11b9ec 0x11baa8 0x11bac8; promoted 114 fallback entries
  [warning] control-flow function=sub_0011C0E0 addr=0x11c114 - unresolved JR/JALR at 0x11c114; promoted 22 fallback entries
  [warning] control-flow function=sub_0011D390 addr=0x11d5e4 - unresolved JR/JALR at 0x11d5e4; promoted 172 fallback entries
  [warning] control-flow function=sub_0011D660 addr=0x11dd1c - unresolved JR/JALR at 0x11dd1c 0x11dd5c; promoted 462 fallback entries
  [warning] control-flow function=sub_0011DF18 addr=0x11dfac - unresolved JR/JALR at 0x11dfac 0x11dfbc; promoted 50 fallback entries
  [warning] control-flow function=sub_0011FEE8 addr=0x11ff30 - unresolved JR/JALR at 0x11ff30; promoted 24 fallback entries
  [warning] control-flow function=sub_001200D0 addr=0x120190 - unresolved JR/JALR at 0x120190; promoted 170 fallback entries
  [warning] control-flow function=sub_00121068 addr=0x12108c - unresolved JR/JALR at 0x12108c; promoted 18 fallback entries
  [warning] control-flow function=sub_00121818 addr=0x121854 - unresolved JR/JALR at 0x121854; promoted 46 fallback entries
  [warning] control-flow function=sub_001218D0 addr=0x121914 - unresolved JR/JALR at 0x121914; promoted 32 fallback entries
  [warning] control-flow function=sub_00121F30 addr=0x121f58 - unresolved JR/JALR at 0x121f58 0x121f74 0x121fc0 0x122074; promoted 86 fallback entries
  [warning] control-flow function=sub_001220D8 addr=0x122118 - unresolved JR/JALR at 0x122118 0x122174; promoted 104 fallback entries
  [warning] control-flow function=sub_00122278 addr=0x1222e8 - unresolved JR/JALR at 0x1222e8 0x122300 0x12234c 0x122364; promoted 116 fallback entries
  [warning] control-flow function=sub_00122448 addr=0x1224e0 - unresolved JR/JALR at 0x1224e0 0x122518 0x122550; promoted 94 fallback entries
  [warning] control-flow function=sub_00122658 addr=0x1226c8 - unresolved JR/JALR at 0x1226c8 0x1226e0 0x1227a8 0x1227c8 0x12284c 0x122864; promoted 144 fallback entries
  [warning] control-flow function=sub_00122898 addr=0x122ab8 - unresolved JR/JALR at 0x122ab8 0x122adc 0x122b10 0x122b80 0x122bd8 0x122bf0; promoted 228 fallback entries
  [warning] control-flow function=sub_00122D78 addr=0x122dd8 - unresolved JR/JALR at 0x122dd8 0x122e08; promoted 54 fallback entries
  [warning] control-flow function=sub_00123400 addr=0x123424 - unresolved JR/JALR at 0x123424 0x123434 0x1235dc; promoted 126 fallback entries
  [warning] control-flow function=sub_001231A8 addr=0x123424 - unresolved JR/JALR at 0x123424 0x123434 0x1235dc; promoted 276 fallback entries
  [warning] control-flow function=sub_001242B0 addr=0x1242e0 - unresolved JR/JALR at 0x1242e0; promoted 310 fallback entries
  [warning] control-flow function=sub_00125108 addr=0x1251a4 - unresolved JR/JALR at 0x1251a4; promoted 72 fallback entries
  [warning] control-flow function=sub_00125228 addr=0x125250 - unresolved JR/JALR at 0x125250; promoted 106 fallback entries
  [warning] control-flow function=sub_001253D0 addr=0x125418 - unresolved JR/JALR at 0x125418; promoted 30 fallback entries
  [warning] control-flow function=sub_00125970 addr=0x125ab0 - unresolved JR/JALR at 0x125ab0; promoted 88 fallback entries
  [warning] control-flow function=sub_00127848 addr=0x127938 - unresolved JR/JALR at 0x127938 0x1279ec; promoted 918 fallback entries
  [warning] control-flow function=sub_00125B18 addr=0x125ba0 - unresolved JR/JALR at 0x125ba0 0x125bfc 0x125c4c; promoted 86 fallback entries
  [warning] control-flow function=sub_001286A0 addr=0x128908 - unresolved JR/JALR at 0x128908; promoted 174 fallback entries
  [warning] control-flow function=sub_00129160 addr=0x129244 - unresolved JR/JALR at 0x129244; promoted 358 fallback entries
  [warning] control-flow function=sub_001297C8 addr=0x12982c - unresolved JR/JALR at 0x12982c; promoted 64 fallback entries
  [warning] control-flow function=sub_00129E20 addr=0x129f24 - unresolved JR/JALR at 0x129f24 0x129fa0 0x129fb4; promoted 118 fallback entries
  [warning] control-flow function=sub_001298C8 addr=0x129bbc - unresolved JR/JALR at 0x129bbc; promoted 206 fallback entries
  [warning] control-flow function=sub_00129FF8 addr=0x12a0f8 - unresolved JR/JALR at 0x12a0f8 0x12a144; promoted 98 fallback entries
  [warning] control-flow function=sub_0012A490 addr=0x12a9f4 - unresolved JR/JALR at 0x12a9f4 0x12aa30 0x12aad4; promoted 420 fallback entries
  [warning] control-flow function=sub_0012AB20 addr=0x12ab88 - unresolved JR/JALR at 0x12ab88; promoted 44 fallback entries
  [warning] control-flow function=sub_0012AC48 addr=0x12acb0 - unresolved JR/JALR at 0x12acb0; promoted 44 fallback entries
  [warning] control-flow function=sub_0012AE38 addr=0x12ae80 - unresolved JR/JALR at 0x12ae80; promoted 38 fallback entries
  [warning] control-flow function=sub_0012AED0 addr=0x12af18 - unresolved JR/JALR at 0x12af18; promoted 38 fallback entries
  [warning] control-flow function=sub_0012AF68 addr=0x12afb0 - unresolved JR/JALR at 0x12afb0; promoted 38 fallback entries
  [warning] control-flow function=sub_0012B090 addr=0x12b118 - unresolved JR/JALR at 0x12b118; promoted 60 fallback entries
  [warning] control-flow function=sub_0012B788 addr=0x12b828 - unresolved JR/JALR at 0x12b828 0x12b868 0x12b8b8 0x12b908 0x12b980 0x12b9e0 0x12ba30 0x12ba80; promoted 206 fallback entries
  [warning] control-flow function=sub_0012C558 addr=0x12c578 - unresolved JR/JALR at 0x12c578; promoted 14 fallback entries
  [warning] control-flow function=sub_0012C590 addr=0x12c5b0 - unresolved JR/JALR at 0x12c5b0; promoted 14 fallback entries
  [warning] control-flow function=sub_0012C9C0 addr=0x12c9e0 - unresolved JR/JALR at 0x12c9e0; promoted 14 fallback entries
  [warning] control-flow function=sub_0012C9F8 addr=0x12ca18 - unresolved JR/JALR at 0x12ca18; promoted 14 fallback entries
  [warning] control-flow function=sub_0012D160 addr=0x12d244 - unresolved JR/JALR at 0x12d244 0x12d294; promoted 226 fallback entries
  [warning] control-flow function=sub_0012D4E8 addr=0x12d700 - unresolved JR/JALR at 0x12d700; promoted 216 fallback entries
  [warning] control-flow function=sub_0012D848 addr=0x12d8a8 - unresolved JR/JALR at 0x12d8a8 0x12d908; promoted 100 fallback entries
  [warning] control-flow function=sub_0012E690 addr=0x12e6c4 - unresolved JR/JALR at 0x12e6c4; promoted 30 fallback entries
  [warning] control-flow function=sub_0012E708 addr=0x12e728 - unresolved JR/JALR at 0x12e728; promoted 14 fallback entries
  [warning] control-flow function=sub_0012E740 addr=0x12e760 - unresolved JR/JALR at 0x12e760; promoted 14 fallback entries
  [warning] control-flow function=sub_0012F5B0 addr=0x12f5d0 - unresolved JR/JALR at 0x12f5d0; promoted 14 fallback entries
  [warning] control-flow function=sub_0012F5E8 addr=0x12f608 - unresolved JR/JALR at 0x12f608; promoted 14 fallback entries
  [warning] control-flow function=sub_0012FC28 addr=0x12fc48 - unresolved JR/JALR at 0x12fc48; promoted 14 fallback entries
  [warning] control-flow function=sub_0012FBF0 addr=0x12fc10 - unresolved JR/JALR at 0x12fc10; promoted 14 fallback entries
  [warning] control-flow function=sub_00131598 addr=0x1315b8 - unresolved JR/JALR at 0x1315b8; promoted 14 fallback entries
  [warning] control-flow function=sub_001315D0 addr=0x1315f0 - unresolved JR/JALR at 0x1315f0; promoted 14 fallback entries
  [warning] control-flow function=sub_00132840 addr=0x132860 - unresolved JR/JALR at 0x132860; promoted 14 fallback entries
  [warning] control-flow function=sub_00132878 addr=0x132898 - unresolved JR/JALR at 0x132898; promoted 14 fallback entries
  [warning] control-flow function=sub_001330B8 addr=0x1330d8 - unresolved JR/JALR at 0x1330d8; promoted 14 fallback entries
  [warning] control-flow function=sub_001330F0 addr=0x133110 - unresolved JR/JALR at 0x133110; promoted 14 fallback entries
  [warning] control-flow function=sub_001361F8 addr=0x136218 - unresolved JR/JALR at 0x136218; promoted 14 fallback entries
  [warning] control-flow function=sub_00136230 addr=0x136250 - unresolved JR/JALR at 0x136250; promoted 14 fallback entries
  [warning] control-flow function=sub_001368E8 addr=0x136908 - unresolved JR/JALR at 0x136908; promoted 14 fallback entries
  [warning] control-flow function=sub_00136920 addr=0x136940 - unresolved JR/JALR at 0x136940; promoted 14 fallback entries
  [warning] control-flow function=sub_00137138 addr=0x13738c - unresolved JR/JALR at 0x13738c 0x137500; promoted 262 fallback entries
  [warning] control-flow function=sub_00137860 addr=0x1378ac - unresolved JR/JALR at 0x1378ac 0x137b1c; promoted 302 fallback entries
  [warning] control-flow function=sub_00137D18 addr=0x13858c - unresolved JR/JALR at 0x13858c; promoted 586 fallback entries
  [warning] control-flow function=sub_00138640 addr=0x138790 - unresolved JR/JALR at 0x138790; promoted 200 fallback entries
  [warning] control-flow function=sub_00138AD8 addr=0x138af8 - unresolved JR/JALR at 0x138af8; promoted 14 fallback entries
  [warning] control-flow function=sub_00138960 addr=0x138ab0 - unresolved JR/JALR at 0x138ab0; promoted 94 fallback entries
  [warning] control-flow function=sub_00138B10 addr=0x138b30 - unresolved JR/JALR at 0x138b30; promoted 14 fallback entries
  [warning] control-flow function=sub_00139970 addr=0x139990 - unresolved JR/JALR at 0x139990; promoted 14 fallback entries
  [warning] control-flow function=sub_001399A8 addr=0x1399c8 - unresolved JR/JALR at 0x1399c8; promoted 14 fallback entries
  [warning] control-flow function=sub_0013A7B0 addr=0x13a8d0 - unresolved JR/JALR at 0x13a8d0; promoted 82 fallback entries
  [warning] control-flow function=sub_00139C88 addr=0x13a014 - unresolved JR/JALR at 0x13a014; promoted 714 fallback entries
  [warning] control-flow function=sub_0013ACB0 addr=0x13acd0 - unresolved JR/JALR at 0x13acd0; promoted 14 fallback entries
  [warning] control-flow function=sub_0013ACE8 addr=0x13ad08 - unresolved JR/JALR at 0x13ad08; promoted 14 fallback entries
  [warning] control-flow function=sub_0013AA48 addr=0x13aaac - unresolved JR/JALR at 0x13aaac; promoted 154 fallback entries
  [warning] control-flow function=sub_0013AF28 addr=0x13b038 - unresolved JR/JALR at 0x13b038 0x13b094 0x13b534; promoted 918 fallback entries
  [warning] control-flow function=sub_0013C140 addr=0x13c190 - unresolved JR/JALR at 0x13c190; promoted 280 fallback entries
  [warning] control-flow function=sub_0013C5E0 addr=0x13c600 - unresolved JR/JALR at 0x13c600; promoted 14 fallback entries
  [warning] control-flow function=sub_0013C618 addr=0x13c638 - unresolved JR/JALR at 0x13c638; promoted 14 fallback entries
  [warning] control-flow function=sub_0013D1B8 addr=0x13d638 - unresolved JR/JALR at 0x13d638; promoted 408 fallback entries
  [warning] control-flow function=sub_0013D818 addr=0x13ebec - unresolved JR/JALR at 0x13ebec; promoted 1624 fallback entries
  [warning] control-flow function=sub_0013F488 addr=0x13f4d4 - unresolved JR/JALR at 0x13f4d4 0x13f540 0x13f5bc; promoted 240 fallback entries
  [warning] control-flow function=sub_0013F848 addr=0x13f868 - unresolved JR/JALR at 0x13f868; promoted 14 fallback entries
  [warning] control-flow function=sub_0013F880 addr=0x13f8a0 - unresolved JR/JALR at 0x13f8a0; promoted 30 fallback entries
  [warning] control-flow function=sub_001441B8 addr=0x14420c - unresolved JR/JALR at 0x14420c; promoted 108 fallback entries
  [warning] control-flow function=sub_00144DF0 addr=0x144f74 - unresolved JR/JALR at 0x144f74 0x144fe4; promoted 198 fallback entries
  [warning] control-flow function=sub_00145BD8 addr=0x145c20 - unresolved JR/JALR at 0x145c20; promoted 24 fallback entries
  [warning] control-flow function=sub_00147170 addr=0x1471d8 - unresolved JR/JALR at 0x1471d8; promoted 44 fallback entries
  [warning] control-flow function=sub_00147F78 addr=0x147fbc - unresolved JR/JALR at 0x147fbc; promoted 120 fallback entries
  [warning] control-flow function=sub_00149A88 addr=0x149b08 - unresolved JR/JALR at 0x149b08 0x149b5c 0x149b78 0x149b94; promoted 76 fallback entries
  [warning] control-flow function=sub_0014A5E0 addr=0x14a6f8 - unresolved JR/JALR at 0x14a6f8 0x14a7c8 0x14aa98 0x14aab8 0x14aad8 0x14aaf8; promoted 336 fallback entries
  [warning] control-flow function=sub_0014DD58 addr=0x14dd84 - unresolved JR/JALR at 0x14dd84; promoted 16 fallback entries
  [warning] control-flow function=sub_0014DC80 addr=0x14dd18 - unresolved JR/JALR at 0x14dd18; promoted 54 fallback entries
  [warning] control-flow function=sub_0014DD98 addr=0x14ddcc - unresolved JR/JALR at 0x14ddcc 0x14dde4 0x14ddfc; promoted 36 fallback entries
  [warning] control-flow function=sub_0014DE68 addr=0x14dea4 - unresolved JR/JALR at 0x14dea4 0x14dec8; promoted 40 fallback entries
  [warning] control-flow function=sub_0014DF08 addr=0x14df3c - unresolved JR/JALR at 0x14df3c 0x14df78; promoted 40 fallback entries
  [warning] control-flow function=sub_0014DFA8 addr=0x14dfdc - unresolved JR/JALR at 0x14dfdc 0x14e018; promoted 40 fallback entries
  [warning] control-flow function=sub_0014E5C8 addr=0x14e704 - unresolved JR/JALR at 0x14e704 0x14e7e0 0x14e988; promoted 254 fallback entries
  [warning] control-flow function=sub_0014EA90 addr=0x14eabc - unresolved JR/JALR at 0x14eabc 0x14eae4; promoted 30 fallback entries
  [warning] control-flow function=sub_0014ECA0 addr=0x14ed98 - unresolved JR/JALR at 0x14ed98 0x14edc0; promoted 78 fallback entries
  [warning] control-flow function=sub_0014F458 addr=0x14f4e4 - unresolved JR/JALR at 0x14f4e4; promoted 40 fallback entries
  [warning] control-flow function=sub_0014F4F8 addr=0x14f5e8 - unresolved JR/JALR at 0x14f5e8; promoted 66 fallback entries
  [warning] control-flow function=sub_0014F600 addr=0x14f630 - unresolved JR/JALR at 0x14f630; promoted 18 fallback entries
  [warning] control-flow function=sub_0014F648 addr=0x14f660 - unresolved JR/JALR at 0x14f660; promoted 12 fallback entries
  [warning] control-flow function=sub_0014F6E8 addr=0x14f720 - unresolved JR/JALR at 0x14f720; promoted 28 fallback entries
  [warning] control-flow function=sub_0014F900 addr=0x14f940 - unresolved JR/JALR at 0x14f940; promoted 208 fallback entries
  [warning] control-flow function=sub_00150C20 addr=0x150c98 - unresolved JR/JALR at 0x150c98 0x150e24; promoted 140 fallback entries
  [warning] control-flow function=sub_00152950 addr=0x152adc - unresolved JR/JALR at 0x152adc 0x152afc 0x152b1c 0x152b3c 0x152b5c; promoted 150 fallback entries
  [warning] control-flow function=sub_00152BB0 addr=0x152ce0 - unresolved JR/JALR at 0x152ce0 0x152d14 0x152dac; promoted 140 fallback entries
  [warning] control-flow function=sub_00152DE0 addr=0x152fa8 - unresolved JR/JALR at 0x152fa8 0x152fc4 0x152fe0; promoted 156 fallback entries
  [warning] control-flow function=sub_00153D28 addr=0x153d64 - unresolved JR/JALR at 0x153d64; promoted 20 fallback entries
  [warning] control-flow function=sub_00153C88 addr=0x153cc4 - unresolved JR/JALR at 0x153cc4 0x153d14; promoted 40 fallback entries
  [warning] control-flow function=sub_001547E0 addr=0x154834 - unresolved JR/JALR at 0x154834 0x154854 0x154870 0x1548e4 0x154904 0x154920; promoted 90 fallback entries
  [warning] control-flow function=sub_00155E58 addr=0x1560f4 - unresolved JR/JALR at 0x1560f4 0x15615c 0x1561f8 0x156264 0x1562f0 0x156318; promoted 312 fallback entries
  [warning] control-flow function=sub_0015C988 addr=0x15c9bc - unresolved JR/JALR at 0x15c9bc; promoted 50 fallback entries
  [warning] control-flow function=sub_0015CA50 addr=0x15cac4 - unresolved JR/JALR at 0x15cac4; promoted 46 fallback entries
  [warning] control-flow function=sub_0015CB08 addr=0x15cb5c - unresolved JR/JALR at 0x15cb5c; promoted 38 fallback entries
  [warning] control-flow function=sub_0015CC70 addr=0x15ccb0 - unresolved JR/JALR at 0x15ccb0; promoted 32 fallback entries
  [warning] control-flow function=sub_0015CCF0 addr=0x15cd24 - unresolved JR/JALR at 0x15cd24; promoted 28 fallback entries
  [warning] control-flow function=sub_0015CD80 addr=0x15ce4c - unresolved JR/JALR at 0x15ce4c 0x15ce6c 0x15cec8 0x15cf0c; promoted 106 fallback entries
  [warning] control-flow function=sub_0015CF80 addr=0x15d008 - unresolved JR/JALR at 0x15d008; promoted 40 fallback entries
  [warning] control-flow function=sub_0015D078 addr=0x15d0e8 - unresolved JR/JALR at 0x15d0e8 0x15d638 0x15d65c; promoted 392 fallback entries
  [warning] control-flow function=sub_0015DAC0 addr=0x15db14 - unresolved JR/JALR at 0x15db14 0x15db3c; promoted 38 fallback entries
  [warning] control-flow function=sub_0015DB58 addr=0x15dbb0 - unresolved JR/JALR at 0x15dbb0 0x15dbf4; promoted 48 fallback entries
  [warning] control-flow function=sub_0015DC70 addr=0x15dddc - unresolved JR/JALR at 0x15dddc 0x15ddfc 0x15de1c 0x15dfb8; promoted 218 fallback entries
  [warning] control-flow function=sub_0015E460 addr=0x15e498 - unresolved JR/JALR at 0x15e498 0x15e4d4; promoted 130 fallback entries
  [warning] control-flow function=sub_0015E668 addr=0x15e724 - unresolved JR/JALR at 0x15e724 0x15e75c 0x15e7d8 0x15e864; promoted 396 fallback entries
  [warning] control-flow function=sub_0015EDC8 addr=0x15edec - unresolved JR/JALR at 0x15edec; promoted 14 fallback entries
  [warning] control-flow function=sub_0015EE00 addr=0x15f5d4 - unresolved JR/JALR at 0x15f5d4; promoted 718 fallback entries
  [warning] control-flow function=sub_00160438 addr=0x160708 - unresolved JR/JALR at 0x160708 0x160744; promoted 202 fallback entries
  [warning] control-flow function=sub_00160760 addr=0x16086c - unresolved JR/JALR at 0x16086c 0x1609d0 0x160b18 0x160b54; promoted 260 fallback entries
  [warning] control-flow function=sub_00160B70 addr=0x160c84 - unresolved JR/JALR at 0x160c84 0x160d90 0x161000 0x161040; promoted 316 fallback entries
  [warning] control-flow function=sub_00161060 addr=0x16155c - unresolved JR/JALR at 0x16155c 0x1615bc 0x161660 0x161688; promoted 402 fallback entries
  [warning] control-flow function=sub_001616A8 addr=0x161774 - unresolved JR/JALR at 0x161774 0x161878 0x16189c 0x161934; promoted 170 fallback entries
  [warning] control-flow function=sub_00161AB0 addr=0x161b08 - unresolved JR/JALR at 0x161b08 0x161c0c 0x161d6c; promoted 234 fallback entries
  [warning] control-flow function=sub_00162458 addr=0x162514 - unresolved JR/JALR at 0x162514 0x162528 0x162540; promoted 68 fallback entries
  [warning] control-flow function=sub_00162568 addr=0x1625d8 - unresolved JR/JALR at 0x1625d8 0x1626e4 0x162888 0x1628a4 0x1628cc; promoted 268 fallback entries
  [warning] control-flow function=sub_00162A20 addr=0x162ad8 - unresolved JR/JALR at 0x162ad8; promoted 88 fallback entries
  [warning] control-flow function=sub_00162C78 addr=0x162cb8 - unresolved JR/JALR at 0x162cb8; promoted 230 fallback entries
  [warning] control-flow function=sub_001641C0 addr=0x164200 - unresolved JR/JALR at 0x164200; promoted 122 fallback entries
  [warning] control-flow function=sub_001635F8 addr=0x1636d4 - unresolved JR/JALR at 0x1636d4 0x163728 0x163a24 0x163f08; promoted 754 fallback entries
  [warning] control-flow function=sub_001662A0 addr=0x166460 - unresolved JR/JALR at 0x166460; promoted 164 fallback entries
  [warning] control-flow function=sub_00166550 addr=0x166584 - unresolved JR/JALR at 0x166584; promoted 60 fallback entries
  [warning] control-flow function=sub_00165938 addr=0x166248 - unresolved JR/JALR at 0x166248; promoted 602 fallback entries
  [warning] control-flow function=sub_00164878 addr=0x1648f8 - unresolved JR/JALR at 0x1648f8 0x164960 0x164994 0x1649c0; promoted 818 fallback entries
  [warning] control-flow function=sub_00166F28 addr=0x166f60 - unresolved JR/JALR at 0x166f60 0x166f70; promoted 26 fallback entries
  [warning] control-flow function=sub_00166C60 addr=0x166c94 - unresolved JR/JALR at 0x166c94 0x166cc0 0x166cdc 0x166d3c 0x166e40 0x166ea4 0x166eec 0x166f04; promoted 178 fallback entries
  [warning] control-flow function=sub_00167E30 addr=0x167e7c - unresolved JR/JALR at 0x167e7c; promoted 200 fallback entries
  [warning] control-flow function=sub_00168150 addr=0x1681ec - unresolved JR/JALR at 0x1681ec; promoted 90 fallback entries
  [warning] control-flow function=sub_001682B8 addr=0x16853c - unresolved JR/JALR at 0x16853c 0x168568 0x1685c0 0x168630; promoted 230 fallback entries
  [warning] control-flow function=sub_00168650 addr=0x16887c - unresolved JR/JALR at 0x16887c 0x168970 0x1689ac; promoted 222 fallback entries
  [warning] control-flow function=sub_00168CD8 addr=0x168f90 - unresolved JR/JALR at 0x168f90 0x168fcc; promoted 196 fallback entries
  [warning] control-flow function=sub_001689C8 addr=0x168c80 - unresolved JR/JALR at 0x168c80 0x168cbc; promoted 196 fallback entries
  [warning] control-flow function=sub_00168FE8 addr=0x169138 - unresolved JR/JALR at 0x169138; promoted 106 fallback entries
  [warning] control-flow function=sub_00169340 addr=0x1693ec - unresolved JR/JALR at 0x1693ec; promoted 54 fallback entries
  [warning] control-flow function=sub_001694B8 addr=0x16952c - unresolved JR/JALR at 0x16952c 0x169558; promoted 528 fallback entries
  [warning] control-flow function=sub_00169CF8 addr=0x169d6c - unresolved JR/JALR at 0x169d6c 0x169d98; promoted 472 fallback entries
  [warning] control-flow function=sub_0016A458 addr=0x16a4cc - unresolved JR/JALR at 0x16a4cc 0x16a4f8 0x16a644; promoted 568 fallback entries
  [warning] control-flow function=sub_0016AD38 addr=0x16ae68 - unresolved JR/JALR at 0x16ae68 0x16b168 0x16b3d0; promoted 1002 fallback entries
  [warning] control-flow function=sub_0016BF40 addr=0x16bfbc - unresolved JR/JALR at 0x16bfbc 0x16c00c; promoted 86 fallback entries
  [warning] control-flow function=sub_0016CA18 addr=0x16ca80 - unresolved JR/JALR at 0x16ca80; promoted 114 fallback entries
  [warning] control-flow function=sub_0016CBE0 addr=0x16cc54 - unresolved JR/JALR at 0x16cc54; promoted 148 fallback entries
  [warning] control-flow function=sub_0016CF48 addr=0x16cfdc - unresolved JR/JALR at 0x16cfdc 0x16d064; promoted 156 fallback entries
  [warning] control-flow function=sub_0016D320 addr=0x16d3b8 - unresolved JR/JALR at 0x16d3b8 0x16d3d0 0x16d45c 0x16d46c 0x16d624 0x16d634 0x16d7b4 0x16d7c4 0x16d944 0x16d954 0x16dad4 0x16dae4 0x16dc64 0x16dc74 0x16ddf4 0x16de04 0x16df80 0x16df90; promoted 942 fallback entries
  [warning] control-flow function=sub_0016E1D8 addr=0x16e320 - unresolved JR/JALR at 0x16e320; promoted 2074 fallback entries
  [warning] control-flow function=sub_00171A20 addr=0x171a4c - unresolved JR/JALR at 0x171a4c 0x171a70 0x171a94 0x171ab8 0x171adc; promoted 60 fallback entries
  [warning] control-flow function=sub_00171B10 addr=0x171b40 - unresolved JR/JALR at 0x171b40 0x171b64 0x171b88 0x171bac 0x171bd0; promoted 60 fallback entries
  [warning] control-flow function=sub_00171C00 addr=0x171c30 - unresolved JR/JALR at 0x171c30 0x171c54 0x171c78 0x171c9c 0x171cc0; promoted 68 fallback entries
  [warning] control-flow function=sub_00171D10 addr=0x171d34 - unresolved JR/JALR at 0x171d34; promoted 18 fallback entries
  [warning] control-flow function=sub_00171D58 addr=0x171e88 - unresolved JR/JALR at 0x171e88 0x171eb0 0x171ed8 0x171f00 0x171f28 0x171fec 0x1720b0 0x17216c; promoted 1072 fallback entries
  [warning] control-flow function=sub_00172FE0 addr=0x17300c - unresolved JR/JALR at 0x17300c 0x173030 0x173054 0x173078 0x17309c; promoted 60 fallback entries
  [warning] control-flow function=sub_001730D0 addr=0x173100 - unresolved JR/JALR at 0x173100 0x173124 0x173148 0x17316c 0x173190; promoted 60 fallback entries
  [warning] control-flow function=sub_001732E8 addr=0x173324 - unresolved JR/JALR at 0x173324 0x173350 0x173374 0x173650 0x1736b0 0x1736c0 0x173720 0x17373c 0x173758; promoted 938 fallback entries
  [warning] control-flow function=sub_00174190 addr=0x174290 - unresolved JR/JALR at 0x174290 0x1742b0 0x174350 0x1744ec 0x174548 0x174568 0x174638 0x1747d8 0x1747e8; promoted 430 fallback entries
  [warning] control-flow function=sub_00175A20 addr=0x176304 - unresolved JR/JALR at 0x176304; promoted 924 fallback entries
  [warning] control-flow function=sub_00174848 addr=0x1748d4 - unresolved JR/JALR at 0x1748d4 0x1748e4 0x174d3c 0x174d4c 0x174ee4 0x174ef4 0x17508c 0x17509c 0x175234 0x175244 0x1753dc 0x1753ec 0x175584 0x175594 0x17572c 0x17573c 0x1758d8 0x1758e8; promoted 1142 fallback entries
  [warning] control-flow function=sub_00176890 addr=0x176908 - unresolved JR/JALR at 0x176908 0x176918; promoted 118 fallback entries
  [warning] control-flow function=sub_00176A68 addr=0x176d10 - unresolved JR/JALR at 0x176d10 0x176d4c; promoted 192 fallback entries
  [warning] control-flow function=sub_00176DA8 addr=0x177010 - unresolved JR/JALR at 0x177010 0x17704c; promoted 176 fallback entries
  [warning] control-flow function=sub_00177068 addr=0x177310 - unresolved JR/JALR at 0x177310 0x17734c; promoted 278 fallback entries
  [warning] control-flow function=sub_001774C0 addr=0x1775b8 - unresolved JR/JALR at 0x1775b8 0x1775f4; promoted 100 fallback entries
  [warning] control-flow function=sub_00177EF8 addr=0x177f28 - unresolved JR/JALR at 0x177f28 0x177f64; promoted 50 fallback entries
  [warning] control-flow function=sub_00177FC0 addr=0x178008 - unresolved JR/JALR at 0x178008 0x17806c 0x178414 0x178438 0x178460 0x178500; promoted 344 fallback entries
  [warning] control-flow function=sub_001785F0 addr=0x178664 - unresolved JR/JALR at 0x178664; promoted 90 fallback entries
  [warning] control-flow function=sub_00178758 addr=0x17877c - unresolved JR/JALR at 0x17877c 0x178968 0x1789cc; promoted 164 fallback entries
  [warning] control-flow function=sub_001789E8 addr=0x178a34 - unresolved JR/JALR at 0x178a34 0x178a88 0x178ad4 0x178d60 0x178ec0 0x178efc; promoted 348 fallback entries
  [warning] control-flow function=sub_0017ABE0 addr=0x17ac38 - unresolved JR/JALR at 0x17ac38; promoted 46 fallback entries
  [warning] control-flow function=sub_0017ACC8 addr=0x17ad80 - unresolved JR/JALR at 0x17ad80; promoted 78 fallback entries
  [warning] control-flow function=sub_0017AE00 addr=0x17ae78 - unresolved JR/JALR at 0x17ae78 0x17ae94 0x17af78 0x17af98 0x17b13c 0x17b160 0x17b178; promoted 236 fallback entries
  [warning] control-flow function=sub_0017D008 addr=0x17d088 - unresolved JR/JALR at 0x17d088; promoted 40 fallback entries
  [warning] control-flow function=sub_0017B1B0 addr=0x17b3ec - unresolved JR/JALR at 0x17b3ec 0x17b494 0x17b4a8 0x17b72c 0x17b9b4 0x17bb84 0x17bc04 0x17bc50 0x17bd10 0x17bd58 0x17bdfc 0x17bf50 0x17c0f4 0x17c1d4 0x17c2b4 0x17c2c4 0x17c4a8 0x17cc54; promoted 1942 fallback entries
  [warning] control-flow function=sub_0017D298 addr=0x17d4c0 - unresolved JR/JALR at 0x17d4c0 0x17d570 0x17d5c8; promoted 278 fallback entries
  [warning] control-flow function=sub_0017DE70 addr=0x17deec - unresolved JR/JALR at 0x17deec 0x17df6c 0x17dfa4; promoted 112 fallback entries
  [warning] control-flow function=sub_0017F7B8 addr=0x17f890 - unresolved JR/JALR at 0x17f890 0x17f94c 0x17f9a0 0x17fa98 0x17fb08 0x17fb40 0x17fb60 0x17fbcc 0x17fc18 0x17fc74 0x17fcb8 0x17fcd8 0x17fdb0 0x17fdc8 0x17fe24; promoted 904 fallback entries
  [warning] control-flow function=sub_00180840 addr=0x180974 - unresolved JR/JALR at 0x180974 0x180998; promoted 92 fallback entries
  [warning] control-flow function=sub_00180A90 addr=0x180bb4 - unresolved JR/JALR at 0x180bb4 0x180bfc 0x180c44 0x180c8c 0x180cc4 0x180cfc 0x180d90 0x180e34 0x180e88 0x180f40 0x180f54 0x180f7c 0x180fa4 0x180fcc 0x180ff4 0x18101c 0x181070; promoted 384 fallback entries
  [warning] control-flow function=sub_00181090 addr=0x18147c - unresolved JR/JALR at 0x18147c 0x181498 0x181538 0x181554 0x1815a0 0x1815bc 0x181778 0x18183c 0x1818d4 0x181914 0x181958 0x181990 0x181a20 0x181a40 0x181a84 0x181b1c; promoted 720 fallback entries
  [warning] control-flow function=sub_00181BD0 addr=0x181db4 - unresolved JR/JALR at 0x181db4; promoted 200 fallback entries
  [warning] control-flow function=sub_00182220 addr=0x182558 - unresolved JR/JALR at 0x182558 0x1825e0 0x18260c 0x182628 0x182700 0x182734 0x1827d4; promoted 404 fallback entries
  [warning] control-flow function=sub_001828C0 addr=0x1829b8 - unresolved JR/JALR at 0x1829b8 0x182ad4 0x182b10 0x182b50 0x182b90 0x182bd0 0x182be8 0x182ce8 0x182d28; promoted 318 fallback entries
  [warning] control-flow function=sub_00183B08 addr=0x183b48 - unresolved JR/JALR at 0x183b48 0x183b80 0x183bb8 0x183bf0; promoted 64 fallback entries
  [warning] control-flow function=sub_00183238 addr=0x183338 - unresolved JR/JALR at 0x183338 0x18341c 0x18345c 0x18349c 0x1834dc 0x18351c 0x183694 0x1836e0 0x1839bc 0x1839fc; promoted 536 fallback entries
  [warning] control-flow function=sub_00183C08 addr=0x183c48 - unresolved JR/JALR at 0x183c48 0x183c80 0x183cb8 0x183cf0; promoted 64 fallback entries
  [warning] control-flow function=sub_00183D08 addr=0x183d3c - unresolved JR/JALR at 0x183d3c 0x183d88 0x183da0 0x183dc0; promoted 54 fallback entries
  [warning] control-flow function=sub_00183DE0 addr=0x183ecc - unresolved JR/JALR at 0x183ecc 0x183ee4 0x183f38 0x184024 0x18403c 0x184068 0x1841a8 0x18438c 0x1843a4 0x1843bc; promoted 464 fallback entries
  [warning] control-flow function=sub_00184668 addr=0x1846b8 - unresolved JR/JALR at 0x1846b8 0x1846f0 0x184728 0x184760; promoted 70 fallback entries
  [warning] control-flow function=sub_00184780 addr=0x1847d0 - unresolved JR/JALR at 0x1847d0 0x184808; promoted 42 fallback entries
  [warning] control-flow function=sub_00185A18 addr=0x185b48 - unresolved JR/JALR at 0x185b48 0x185b84 0x185c08 0x185c30 0x185c4c 0x185fcc 0x18619c 0x1861e4 0x186314 0x18640c 0x18643c 0x1864ec; promoted 704 fallback entries
  [warning] control-flow function=sub_00184828 addr=0x184878 - unresolved JR/JALR at 0x184878 0x1848b0 0x1848e8 0x184920 0x184958 0x184990 0x184a3c 0x184c14 0x184c34 0x185014 0x1852b4 0x1852f4 0x18531c 0x1853e8 0x185464 0x185548 0x18557c 0x185598 0x1855d8 0x185630 0x1858ec; promoted 1148 fallback entries
  [warning] control-flow function=sub_00186610 addr=0x1868a4 - unresolved JR/JALR at 0x1868a4 0x1868dc; promoted 254 fallback entries
  [warning] control-flow function=sub_00186A08 addr=0x186bd0 - unresolved JR/JALR at 0x186bd0 0x186c7c 0x186cf4 0x186d3c 0x186dc8 0x186e00 0x186e4c 0x186e90 0x186ea4 0x186ee8 0x186efc 0x186f1c 0x186ff0 0x187078 0x1870b4 0x1870d8 0x18710c 0x187160 0x1871e8; promoted 538 fallback entries
  [warning] control-flow function=sub_00187318 addr=0x1873c0 - unresolved JR/JALR at 0x1873c0 0x187408 0x18744c 0x187490 0x1874a4 0x1874c4 0x187668 0x187778 0x187794; promoted 294 fallback entries
  [warning] control-flow function=sub_001877B0 addr=0x187838 - unresolved JR/JALR at 0x187838; promoted 92 fallback entries
  [warning] control-flow function=sub_00187920 addr=0x18799c - unresolved JR/JALR at 0x18799c; promoted 70 fallback entries
  [warning] control-flow function=sub_00187A38 addr=0x187ac0 - unresolved JR/JALR at 0x187ac0 0x187af8 0x187b20 0x187b58 0x187b8c 0x187bb8; promoted 192 fallback entries
  [warning] control-flow function=sub_001887A0 addr=0x188b30 - unresolved JR/JALR at 0x188b30 0x188c18 0x188c34 0x188dcc 0x188e00 0x188e34; promoted 430 fallback entries
  [warning] control-flow function=sub_00189D60 addr=0x189eb4 - unresolved JR/JALR at 0x189eb4 0x189ed0 0x18a228; promoted 318 fallback entries
  [warning] control-flow function=sub_00188EE8 addr=0x188ff0 - unresolved JR/JALR at 0x188ff0 0x189008 0x189684 0x1896ec 0x189708 0x189724 0x1898d0 0x1898fc 0x189930 0x189b40 0x189b74 0x189b90 0x189bb4 0x189c58 0x189c74; promoted 926 fallback entries
  [warning] control-flow function=sub_0018A258 addr=0x18a330 - unresolved JR/JALR at 0x18a330 0x18a368 0x18a3a0 0x18a3b8 0x18a44c 0x18a99c 0x18ad90; promoted 1098 fallback entries
  [warning] control-flow function=sub_0018BEF8 addr=0x18bf84 - unresolved JR/JALR at 0x18bf84 0x18c0b4; promoted 124 fallback entries
  [warning] control-flow function=sub_0018C0E8 addr=0x18c22c - unresolved JR/JALR at 0x18c22c 0x18c374 0x18c398 0x18c3c8 0x18c454; promoted 228 fallback entries
  [warning] control-flow function=sub_0018C478 addr=0x18c50c - unresolved JR/JALR at 0x18c50c 0x18c5e8 0x18c610; promoted 120 fallback entries
  [warning] control-flow function=sub_0018C658 addr=0x18c9c4 - unresolved JR/JALR at 0x18c9c4 0x18cae8 0x18cb0c; promoted 474 fallback entries
  [warning] control-flow function=sub_0018CF50 addr=0x18cf94 - unresolved JR/JALR at 0x18cf94 0x18cfc8 0x18d000 0x18d038; promoted 110 fallback entries
  [warning] control-flow function=sub_0018D108 addr=0x18d180 - unresolved JR/JALR at 0x18d180 0x18d1d4 0x18d21c; promoted 78 fallback entries
  [warning] control-flow function=sub_0018D240 addr=0x18d534 - unresolved JR/JALR at 0x18d534 0x18d5e0 0x18d6c4 0x18d724 0x18d77c 0x18d7bc; promoted 364 fallback entries
  [warning] control-flow function=sub_0018ECA0 addr=0x18ef28 - unresolved JR/JALR at 0x18ef28 0x18efc0 0x18f000 0x18f030 0x18f060 0x18f094 0x18f10c 0x18f13c 0x18f1e0 0x18f1fc 0x18f238 0x18f254; promoted 390 fallback entries
  [warning] control-flow function=sub_0018F2B8 addr=0x18f304 - unresolved JR/JALR at 0x18f304 0x18f324 0x18f364 0x18f378 0x18f3e8 0x18f41c 0x18f490 0x18f4b0 0x18f4d0 0x18f4f4 0x18f538 0x18f550 0x18f570 0x18f588 0x18f5c8 0x18f618 0x18f63c 0x18f664 0x18f680 0x18f698 0x18f6b8 0x18f6d0 0x18f718 0x18f73c 0x18f784 0x18f7a8 0x18f7cc 0x18f7f0 0x18f808 0x18f848 0x18f888 0x18f8e8 0x18f91c 0x18f96c 0x18f9a0; promoted 456 fallback entries
  [warning] control-flow function=sub_0018F9D8 addr=0x18fa10 - unresolved JR/JALR at 0x18fa10 0x18fa30 0x18fa50 0x18faa8 0x18fac0 0x18fb3c 0x18fbd0; promoted 176 fallback entries
  [warning] control-flow function=sub_0018D7F0 addr=0x18d8fc - unresolved JR/JALR at 0x18d8fc 0x18d934 0x18d974 0x18d9a8 0x18d9f4 0x18da0c 0x18da64 0x18da98 0x18dacc 0x18db00 0x18db34 0x18db80 0x18db98 0x18dbcc 0x18dc80 0x18dcfc 0x18dd2c 0x18dd44 0x18dd84 0x18de4c 0x18de70 0x18dfa4 0x18dfe0 0x18e018 0x18e080 0x18e0d8 0x18e114 0x18e148 0x18e1c8 0x18e204 0x18e234 0x18e264 0x18e298 0x18e310 0x18e340 0x18e3dc 0x18e3f8 0x18e434 0x18e450 0x18e4d8 0x18e55c 0x18e57c 0x18e5b4 0x18e5c8 0x18e5f0 0x18e664 0x18e6b8 0x18e6e0 0x18e700 0x18e720 0x18e748 0x18e788 0x18e7a0 0x18e7c0 0x18e7ec 0x18e80c 0x18e828 0x18e84c 0x18e864 0x18e884 0x18e89c 0x18e910 0x18e944 0x18e990 0x18e9c4 0x18ea24 0x18ea3c 0x18ebc4 0x18ec04 0x18ec4c 0x18ec84; promoted 1324 fallback entries
  [warning] control-flow function=sub_0018FC98 addr=0x18fd5c - unresolved JR/JALR at 0x18fd5c 0x18fdd8 0x18fe64 0x18feb4 0x1900cc 0x190154 0x1901b8 0x190220 0x19025c 0x190290; promoted 394 fallback entries
  [warning] control-flow function=sub_001902C0 addr=0x190314 - unresolved JR/JALR at 0x190314 0x190348 0x19037c 0x1903b0 0x1903e4 0x190418 0x19044c 0x1904e8 0x190518; promoted 160 fallback entries
  [warning] control-flow function=sub_00190540 addr=0x190580 - unresolved JR/JALR at 0x190580 0x1905cc 0x190614 0x190644; promoted 76 fallback entries
  [warning] control-flow function=sub_00190670 addr=0x1906a8 - unresolved JR/JALR at 0x1906a8 0x1906d8 0x190708 0x190738; promoted 62 fallback entries
  [warning] control-flow function=sub_00190768 addr=0x1907a0 - unresolved JR/JALR at 0x1907a0 0x1907d0 0x190800 0x190830; promoted 60 fallback entries
  [warning] control-flow function=sub_00190858 addr=0x1909d8 - unresolved JR/JALR at 0x1909d8; promoted 108 fallback entries
  [warning] control-flow function=sub_00191228 addr=0x191320 - unresolved JR/JALR at 0x191320; promoted 78 fallback entries
  [warning] control-flow function=sub_001913B8 addr=0x1914f8 - unresolved JR/JALR at 0x1914f8 0x1917a0 0x191874 0x191890 0x1919dc 0x191bb4 0x191bcc 0x191cf4 0x191d34 0x191f68 0x191f84 0x191fc0 0x191fdc; promoted 820 fallback entries
  [warning] control-flow function=sub_00192488 addr=0x19257c - unresolved JR/JALR at 0x19257c 0x1925b8 0x1925d0 0x19260c 0x19262c 0x192644 0x19265c 0x192674; promoted 154 fallback entries
  [warning] control-flow function=sub_00192740 addr=0x192784 - unresolved JR/JALR at 0x192784; promoted 28 fallback entries
  [warning] control-flow function=sub_001927B0 addr=0x192890 - unresolved JR/JALR at 0x192890 0x1928c4; promoted 90 fallback entries
  [warning] control-flow function=sub_00192970 addr=0x192ae4 - unresolved JR/JALR at 0x192ae4 0x192b00 0x192b5c 0x192b90 0x192bc4 0x192bf8 0x192c2c 0x192c60 0x192c94 0x192cc8; promoted 228 fallback entries
  [warning] control-flow function=sub_00192D00 addr=0x192e58 - unresolved JR/JALR at 0x192e58 0x1931c8 0x193200 0x193238 0x193254 0x19329c 0x1932d4 0x1933e4 0x1933f8 0x193434 0x19344c 0x1936b0 0x1936e8 0x19389c 0x193940 0x1939f8 0x193ad0 0x193d54; promoted 1080 fallback entries
  [warning] control-flow function=sub_00194498 addr=0x1944b8 - unresolved JR/JALR at 0x1944b8 0x19450c; promoted 168 fallback entries
  [warning] control-flow function=sub_00194738 addr=0x19484c - unresolved JR/JALR at 0x19484c 0x194884 0x194a18; promoted 202 fallback entries
  [warning] control-flow function=sub_00194A60 addr=0x194b64 - unresolved JR/JALR at 0x194b64 0x194ba0 0x194bb4 0x194c68 0x194c80 0x194cc4 0x194e0c 0x194e20 0x194f4c 0x194fdc 0x195098 0x1950d0 0x195108 0x195140 0x195188 0x195254 0x19528c 0x1952c4 0x195360 0x19539c 0x1953d4 0x19540c 0x195444 0x19547c; promoted 654 fallback entries
  [warning] control-flow function=sub_00195000 addr=0x195098 - unresolved JR/JALR at 0x195098 0x1950d0 0x195108 0x195140 0x195188 0x195254 0x19528c 0x1952c4 0x195360 0x19539c 0x1953d4 0x19540c 0x195444 0x19547c; promoted 294 fallback entries
  [warning] control-flow function=sub_00195498 addr=0x1956c8 - unresolved JR/JALR at 0x1956c8; promoted 152 fallback entries
  [warning] control-flow function=sub_00195FF0 addr=0x1961b0 - unresolved JR/JALR at 0x1961b0 0x196284 0x1962dc 0x1962f8 0x196314 0x196330 0x196358 0x1963b0 0x1963cc 0x1963e8 0x196404 0x196420 0x19643c 0x196458 0x19647c 0x196498 0x1964b4 0x1964d0 0x1964f8 0x196514 0x196908 0x196974 0x196aa4 0x196ac0 0x196adc; promoted 744 fallback entries
  [warning] control-flow function=sub_00196B90 addr=0x196e20 - unresolved JR/JALR at 0x196e20 0x196edc 0x1970b8 0x1971ac 0x19732c 0x197360 0x197388 0x1973fc 0x197498 0x1974b8 0x197708; promoted 978 fallback entries
  [warning] control-flow function=sub_00197BC8 addr=0x197c2c - unresolved JR/JALR at 0x197c2c 0x197c68; promoted 54 fallback entries
  [warning] control-flow function=sub_00197CA0 addr=0x197cec - unresolved JR/JALR at 0x197cec 0x197d28; promoted 70 fallback entries
  [warning] control-flow function=sub_00197DB8 addr=0x197de4 - unresolved JR/JALR at 0x197de4 0x197e04 0x197e34 0x197e54; promoted 46 fallback entries
  [warning] control-flow function=sub_00197E70 addr=0x197f14 - unresolved JR/JALR at 0x197f14 0x197f44 0x197fd0 0x197ff8 0x198028 0x1980b4 0x1980d4 0x1980f0; promoted 170 fallback entries
  [warning] control-flow function=sub_00198118 addr=0x198158 - unresolved JR/JALR at 0x198158; promoted 56 fallback entries
  [warning] control-flow function=sub_00198340 addr=0x198388 - unresolved JR/JALR at 0x198388 0x1983a4 0x1984d4 0x1984f0 0x198534 0x198550 0x198570 0x19858c; promoted 156 fallback entries
  [warning] control-flow function=sub_001985F0 addr=0x198678 - unresolved JR/JALR at 0x198678 0x198694; promoted 56 fallback entries
  [warning] control-flow function=sub_001986D0 addr=0x198724 - unresolved JR/JALR at 0x198724 0x19879c 0x198860 0x1988ac; promoted 130 fallback entries
  [warning] control-flow function=sub_00198DB8 addr=0x1990a8 - unresolved JR/JALR at 0x1990a8 0x1991ac 0x1991dc 0x1991fc 0x1997b8 0x199820 0x199a0c 0x199a88 0x199aa4 0x199b40 0x199b5c 0x199ba8 0x199bc4 0x199ec4 0x199f48; promoted 1208 fallback entries
  [warning] control-flow function=sub_0019A098 addr=0x19a16c - unresolved JR/JALR at 0x19a16c 0x19a190; promoted 104 fallback entries
  [warning] control-flow function=sub_00199940 addr=0x199a0c - unresolved JR/JALR at 0x199a0c 0x199a88 0x199aa4 0x199b40 0x199b5c 0x199ba8 0x199bc4 0x199ec4 0x199f48; promoted 470 fallback entries
  [warning] control-flow function=sub_0019A238 addr=0x19a280 - unresolved JR/JALR at 0x19a280 0x19a2a0 0x19a2c4; promoted 52 fallback entries
  [warning] control-flow function=sub_0019A308 addr=0x19a350 - unresolved JR/JALR at 0x19a350 0x19a374 0x19a3b4; promoted 50 fallback entries
  [warning] control-flow function=sub_0019A4E8 addr=0x19a530 - unresolved JR/JALR at 0x19a530; promoted 84 fallback entries
  [warning] control-flow function=sub_0019A638 addr=0x19a708 - unresolved JR/JALR at 0x19a708; promoted 88 fallback entries
  [warning] control-flow function=sub_0019A798 addr=0x19a7c8 - unresolved JR/JALR at 0x19a7c8 0x19a804 0x19a998; promoted 136 fallback entries
  [warning] control-flow function=sub_0019AA08 addr=0x19aa48 - unresolved JR/JALR at 0x19aa48 0x19aa68 0x19aa88 0x19aae0 0x19ab2c; promoted 92 fallback entries
  [warning] control-flow function=sub_0019AB78 addr=0x19abd4 - unresolved JR/JALR at 0x19abd4 0x19ac0c 0x19ac2c 0x19ac84; promoted 74 fallback entries
  [warning] control-flow function=sub_0019ACA0 addr=0x19add0 - unresolved JR/JALR at 0x19add0 0x19ae14 0x19aed8 0x19af1c; promoted 204 fallback entries
  [warning] control-flow function=sub_0019B618 addr=0x19b678 - unresolved JR/JALR at 0x19b678 0x19b698 0x19b71c 0x19b73c; promoted 114 fallback entries
  [warning] control-flow function=sub_0019B7E0 addr=0x19b9dc - unresolved JR/JALR at 0x19b9dc 0x19ba00 0x19ba28; promoted 160 fallback entries
  [warning] control-flow function=sub_0019BA60 addr=0x19bb30 - unresolved JR/JALR at 0x19bb30 0x19bb54 0x19bb7c; promoted 80 fallback entries
  [warning] control-flow function=sub_0019BC90 addr=0x19bcf4 - unresolved JR/JALR at 0x19bcf4; promoted 46 fallback entries
  [warning] control-flow function=sub_0019BD48 addr=0x19bde8 - unresolved JR/JALR at 0x19bde8 0x19be10 0x19be2c; promoted 78 fallback entries
  [warning] control-flow function=sub_0019E498 addr=0x19e4e8 - unresolved JR/JALR at 0x19e4e8; promoted 40 fallback entries
  [warning] control-flow function=sub_0019E588 addr=0x19e654 - unresolved JR/JALR at 0x19e654; promoted 62 fallback entries
  [warning] control-flow function=sub_0019EBA0 addr=0x19ebdc - unresolved JR/JALR at 0x19ebdc 0x19ebfc 0x19ec1c; promoted 50 fallback entries
  [warning] control-flow function=sub_0019EE88 addr=0x19ef28 - unresolved JR/JALR at 0x19ef28 0x19f0a8; promoted 172 fallback entries
  [warning] control-flow function=sub_0019F138 addr=0x19f160 - unresolved JR/JALR at 0x19f160; promoted 102 fallback entries
  [warning] control-flow function=sub_0019F908 addr=0x19f9cc - unresolved JR/JALR at 0x19f9cc 0x19fa14; promoted 92 fallback entries
  [warning] control-flow function=sub_001A1CE8 addr=0x1a1e84 - unresolved JR/JALR at 0x1a1e84 0x1a1ea4 0x1a1f58 0x1a202c 0x1a21b0 0x1a2234 0x1a227c 0x1a22b0 0x1a22d4 0x1a2318 0x1a235c 0x1a2374 0x1a23ec 0x1a240c 0x1a250c 0x1a2524 0x1a253c 0x1a2560 0x1a257c 0x1a2594 0x1a25b8 0x1a25d4 0x1a2724 0x1a273c 0x1a275c 0x1a2a74; promoted 902 fallback entries
  [warning] control-flow function=sub_001A0720 addr=0x1a0794 - unresolved JR/JALR at 0x1a0794 0x1a0810 0x1a087c 0x1a08b8 0x1a098c 0x1a0b58 0x1a0bcc 0x1a0f00 0x1a11b8 0x1a1240 0x1a13d0 0x1a1554 0x1a1704; promoted 1382 fallback entries
  [warning] control-flow function=sub_001A2BC0 addr=0x1a2c90 - unresolved JR/JALR at 0x1a2c90; promoted 152 fallback entries
  [warning] control-flow function=sub_001A3218 addr=0x1a3428 - unresolved JR/JALR at 0x1a3428; promoted 162 fallback entries
  [warning] control-flow function=sub_001A2F38 addr=0x1a2f98 - unresolved JR/JALR at 0x1a2f98 0x1a31b0 0x1a31ec; promoted 184 fallback entries
  [warning] control-flow function=sub_001A39F0 addr=0x1a3a78 - unresolved JR/JALR at 0x1a3a78 0x1a3aac 0x1a3afc 0x1a3b98; promoted 128 fallback entries
  [warning] control-flow function=sub_001A38C0 addr=0x1a3978 - unresolved JR/JALR at 0x1a3978; promoted 64 fallback entries
  [warning] control-flow function=sub_001A3C50 addr=0x1a3c8c - unresolved JR/JALR at 0x1a3c8c; promoted 34 fallback entries
  [warning] control-flow function=sub_001A3DC8 addr=0x1a3ed4 - unresolved JR/JALR at 0x1a3ed4 0x1a418c 0x1a4238 0x1a426c 0x1a42a4 0x1a4384 0x1a43a4 0x1a45c4 0x1a45ec; promoted 554 fallback entries
  [warning] control-flow function=sub_001A4810 addr=0x1a4cc4 - unresolved JR/JALR at 0x1a4cc4; promoted 310 fallback entries
  [warning] control-flow function=sub_001A4E28 addr=0x1a4ea4 - unresolved JR/JALR at 0x1a4ea4; promoted 98 fallback entries
  [warning] control-flow function=sub_001A5128 addr=0x1a51c0 - unresolved JR/JALR at 0x1a51c0 0x1a5274 0x1a528c; promoted 98 fallback entries
  [warning] control-flow function=sub_001A5FB8 addr=0x1a6028 - unresolved JR/JALR at 0x1a6028; promoted 46 fallback entries
  [warning] control-flow function=sub_001A6070 addr=0x1a62b8 - unresolved JR/JALR at 0x1a62b8 0x1a62d0; promoted 214 fallback entries
  [warning] control-flow function=sub_001A63C8 addr=0x1a64cc - unresolved JR/JALR at 0x1a64cc 0x1a64e8 0x1a6514 0x1a6530 0x1a655c 0x1a6578 0x1a6594 0x1a65b8 0x1a65d4 0x1a65f0; promoted 148 fallback entries
  [warning] control-flow function=sub_001A66A8 addr=0x1a6774 - unresolved JR/JALR at 0x1a6774 0x1a6818 0x1a6904 0x1a6948; promoted 180 fallback entries
  [warning] control-flow function=sub_001A6CA0 addr=0x1a6d08 - unresolved JR/JALR at 0x1a6d08 0x1a6d40 0x1a6e04 0x1a6e1c 0x1a6e38 0x1a6e50; promoted 116 fallback entries
  [warning] control-flow function=sub_001A7390 addr=0x1a7520 - unresolved JR/JALR at 0x1a7520 0x1a75b8 0x1a7654 0x1a76fc 0x1a7750; promoted 260 fallback entries
  [warning] control-flow function=sub_001A77A0 addr=0x1a78ac - unresolved JR/JALR at 0x1a78ac 0x1a7a9c 0x1a7ad8 0x1a7c20 0x1a7dac; promoted 398 fallback entries
  [warning] control-flow function=sub_001A7DD8 addr=0x1a7e60 - unresolved JR/JALR at 0x1a7e60; promoted 64 fallback entries
  [warning] control-flow function=sub_001A81F0 addr=0x1a828c - unresolved JR/JALR at 0x1a828c 0x1a82cc; promoted 122 fallback entries
  [warning] control-flow function=sub_001A85D0 addr=0x1a8668 - unresolved JR/JALR at 0x1a8668; promoted 70 fallback entries
  [warning] control-flow function=sub_001A8770 addr=0x1a878c - unresolved JR/JALR at 0x1a878c 0x1a87a0; promoted 24 fallback entries
  [warning] control-flow function=sub_001A87D0 addr=0x1a87f4 - unresolved JR/JALR at 0x1a87f4 0x1a8844; promoted 82 fallback entries
  [warning] control-flow function=sub_001A8918 addr=0x1a8980 - unresolved JR/JALR at 0x1a8980 0x1a8a14; promoted 74 fallback entries
  [warning] control-flow function=sub_001A8A40 addr=0x1a8a70 - unresolved JR/JALR at 0x1a8a70; promoted 42 fallback entries
  [warning] control-flow function=sub_001A8AE8 addr=0x1a8b0c - unresolved JR/JALR at 0x1a8b0c; promoted 40 fallback entries
  [warning] control-flow function=sub_001A8B88 addr=0x1a8c04 - unresolved JR/JALR at 0x1a8c04 0x1a8c30 0x1a8c54 0x1a8ca8 0x1a8d44 0x1a8d70 0x1a8d98 0x1a8dc8 0x1a8de4 0x1a8e18; promoted 174 fallback entries
  [warning] control-flow function=sub_001A8E40 addr=0x1a8e78 - unresolved JR/JALR at 0x1a8e78 0x1a8f74; promoted 86 fallback entries
  [warning] control-flow function=sub_001A92D8 addr=0x1a9368 - unresolved JR/JALR at 0x1a9368 0x1a9394; promoted 62 fallback entries
  [warning] control-flow function=sub_001A9438 addr=0x1a9464 - unresolved JR/JALR at 0x1a9464; promoted 40 fallback entries
  [warning] control-flow function=sub_001A94E0 addr=0x1a9538 - unresolved JR/JALR at 0x1a9538; promoted 38 fallback entries
  [warning] control-flow function=sub_001A9A18 addr=0x1a9a98 - unresolved JR/JALR at 0x1a9a98; promoted 40 fallback entries
  [warning] control-flow function=sub_001A9AB8 addr=0x1a9b38 - unresolved JR/JALR at 0x1a9b38; promoted 40 fallback entries
  [warning] control-flow function=sub_001AAD50 addr=0x1aaf0c - unresolved JR/JALR at 0x1aaf0c 0x1aaf24 0x1aaf44; promoted 144 fallback entries
  [warning] control-flow function=sub_001A9CC0 addr=0x1aa570 - unresolved JR/JALR at 0x1aa570 0x1aaa2c 0x1aaa4c 0x1aaac8 0x1aab04 0x1aab24 0x1aab40 0x1aab98 0x1aace4 0x1aad20; promoted 1060 fallback entries
  [warning] control-flow function=sub_001AAF90 addr=0x1ab0f0 - unresolved JR/JALR at 0x1ab0f0; promoted 94 fallback entries
  [warning] control-flow function=sub_001AB478 addr=0x1ab8ac - unresolved JR/JALR at 0x1ab8ac 0x1ab928 0x1ab9f0 0x1aba6c; promoted 430 fallback entries
  [warning] control-flow function=sub_001AC010 addr=0x1ac1fc - unresolved JR/JALR at 0x1ac1fc 0x1ac218; promoted 170 fallback entries
  [warning] control-flow function=sub_001ACDD0 addr=0x1ace54 - unresolved JR/JALR at 0x1ace54 0x1ace78; promoted 216 fallback entries
  [warning] control-flow function=sub_001AD3E8 addr=0x1ad454 - unresolved JR/JALR at 0x1ad454 0x1ad4b8 0x1ad624 0x1ad8f8; promoted 338 fallback entries
  [warning] control-flow function=sub_001AD930 addr=0x1ada68 - unresolved JR/JALR at 0x1ada68 0x1adba8; promoted 192 fallback entries
  [warning] control-flow function=sub_001ADDD0 addr=0x1ade60 - unresolved JR/JALR at 0x1ade60 0x1adea8 0x1adf1c 0x1adfcc 0x1ae060 0x1ae294 0x1ae2e8 0x1ae300 0x1ae360 0x1ae3cc 0x1ae3e4 0x1ae484 0x1ae49c 0x1ae518 0x1ae530 0x1ae59c 0x1ae5b4 0x1ae620 0x1ae638; promoted 556 fallback entries
  [warning] control-flow function=sub_001AE680 addr=0x1ae6d0 - unresolved JR/JALR at 0x1ae6d0 0x1ae780 0x1ae7d8 0x1ae8e0 0x1ae934 0x1ae9ec 0x1aea90 0x1aeb9c; promoted 376 fallback entries
  [warning] control-flow function=sub_001AEC60 addr=0x1aecd0 - unresolved JR/JALR at 0x1aecd0 0x1aed0c 0x1aed24 0x1aed64 0x1aeda4 0x1aeddc 0x1aedf8 0x1aee40 0x1aee78 0x1aeeb0 0x1aeecc 0x1aef14 0x1aef4c 0x1aef84 0x1aefa0 0x1aefe8 0x1af020 0x1af058 0x1af074; promoted 270 fallback entries
  [warning] control-flow function=sub_001AF098 addr=0x1af1c4 - unresolved JR/JALR at 0x1af1c4; promoted 92 fallback entries
  [warning] control-flow function=sub_001AF208 addr=0x1af394 - unresolved JR/JALR at 0x1af394 0x1af3b0 0x1af44c 0x1af4a8; promoted 216 fallback entries
  [warning] control-flow function=sub_001AF568 addr=0x1af5e0 - unresolved JR/JALR at 0x1af5e0 0x1af62c; promoted 72 fallback entries
  [warning] control-flow function=sub_001AF688 addr=0x1af700 - unresolved JR/JALR at 0x1af700; promoted 40 fallback entries
  [warning] control-flow function=sub_001AF728 addr=0x1af87c - unresolved JR/JALR at 0x1af87c 0x1af8a4; promoted 130 fallback entries
  [warning] control-flow function=sub_001AFA60 addr=0x1afb50 - unresolved JR/JALR at 0x1afb50 0x1afbc8 0x1afc90 0x1afd20; promoted 202 fallback entries
  [warning] control-flow function=sub_001AFE08 addr=0x1afe8c - unresolved JR/JALR at 0x1afe8c 0x1b0040 0x1b0070 0x1b0230 0x1b04f0 0x1b0604 0x1b0694 0x1b0740; promoted 658 fallback entries
  [warning] control-flow function=sub_001B0C08 addr=0x1b0c60 - unresolved JR/JALR at 0x1b0c60 0x1b0cc4 0x1b0d14 0x1b0d80 0x1b0db8; promoted 130 fallback entries
  [warning] control-flow function=sub_001B0E10 addr=0x1b0f0c - unresolved JR/JALR at 0x1b0f0c; promoted 70 fallback entries
  [warning] control-flow function=sub_001B0F60 addr=0x1b11b0 - unresolved JR/JALR at 0x1b11b0 0x1b1200 0x1b125c 0x1b1338 0x1b1370 0x1b1444 0x1b15bc 0x1b160c; promoted 512 fallback entries
  [warning] control-flow function=sub_001B1760 addr=0x1b17d8 - unresolved JR/JALR at 0x1b17d8; promoted 42 fallback entries
  [warning] control-flow function=sub_001B1808 addr=0x1b1874 - unresolved JR/JALR at 0x1b1874 0x1b18bc 0x1b1910 0x1b194c 0x1b19a0 0x1b19dc; promoted 128 fallback entries
  [warning] control-flow function=sub_001B1A08 addr=0x1b1a90 - unresolved JR/JALR at 0x1b1a90; promoted 66 fallback entries
  [warning] control-flow function=sub_001B1B98 addr=0x1b1c68 - unresolved JR/JALR at 0x1b1c68 0x1b1e54; promoted 224 fallback entries
  [warning] control-flow function=sub_001B25E0 addr=0x1b2754 - unresolved JR/JALR at 0x1b2754; promoted 116 fallback entries
  [warning] control-flow function=sub_001B2378 addr=0x1b24bc - unresolved JR/JALR at 0x1b24bc; promoted 154 fallback entries
  [warning] control-flow function=sub_001B27B0 addr=0x1b28bc - unresolved JR/JALR at 0x1b28bc 0x1b28d4 0x1b28f4 0x1b290c 0x1b29ac 0x1b2a40 0x1b2b20 0x1b2bc8 0x1b2c5c; promoted 328 fallback entries
  [warning] control-flow function=sub_001B2CD0 addr=0x1b2f40 - unresolved JR/JALR at 0x1b2f40 0x1b2f70 0x1b2fb0 0x1b2ff0 0x1b304c 0x1b31ec; promoted 450 fallback entries
  [warning] control-flow function=sub_001B33D8 addr=0x1b34e8 - unresolved JR/JALR at 0x1b34e8; promoted 118 fallback entries
  [warning] control-flow function=sub_001B37D8 addr=0x1b38ec - unresolved JR/JALR at 0x1b38ec; promoted 104 fallback entries
  [warning] control-flow function=sub_001B3BF0 addr=0x1b3c78 - unresolved JR/JALR at 0x1b3c78 0x1b3c98 0x1b3ce0; promoted 76 fallback entries
  [warning] control-flow function=sub_001B3D20 addr=0x1b3e1c - unresolved JR/JALR at 0x1b3e1c 0x1b3e6c 0x1b3f04 0x1b3f40; promoted 150 fallback entries
  [warning] control-flow function=sub_001B3F78 addr=0x1b3ff4 - unresolved JR/JALR at 0x1b3ff4; promoted 136 fallback entries
  [warning] control-flow function=sub_001B4198 addr=0x1b41cc - unresolved JR/JALR at 0x1b41cc 0x1b41f4 0x1b4218 0x1b424c 0x1b42a0 0x1b42f8 0x1b4318 0x1b4344 0x1b4378; promoted 132 fallback entries
  [warning] control-flow function=sub_001B43A8 addr=0x1b43cc - unresolved JR/JALR at 0x1b43cc 0x1b43e8; promoted 50 fallback entries
  [warning] control-flow function=sub_001B4470 addr=0x1b4490 - unresolved JR/JALR at 0x1b4490 0x1b4534; promoted 94 fallback entries
  [warning] control-flow function=sub_001B45E8 addr=0x1b4620 - unresolved JR/JALR at 0x1b4620 0x1b467c 0x1b46b0; promoted 118 fallback entries
  [warning] control-flow function=sub_001B47C0 addr=0x1b481c - unresolved JR/JALR at 0x1b481c; promoted 50 fallback entries
  [warning] control-flow function=sub_001B4888 addr=0x1b494c - unresolved JR/JALR at 0x1b494c 0x1b4980 0x1b49d8 0x1b4a0c 0x1b4a68 0x1b4ad0 0x1b4b04; promoted 222 fallback entries
  [warning] control-flow function=sub_001B4CD8 addr=0x1b4dd4 - unresolved JR/JALR at 0x1b4dd4; promoted 178 fallback entries
  [warning] control-flow function=sub_001B5068 addr=0x1b50a0 - unresolved JR/JALR at 0x1b50a0 0x1b50bc 0x1b50d8 0x1b50f4 0x1b5110 0x1b512c 0x1b5148 0x1b5168 0x1b5198 0x1b51b4 0x1b51d0 0x1b51ec 0x1b5208 0x1b5224 0x1b5240; promoted 128 fallback entries
  [warning] control-flow function=sub_001B55B0 addr=0x1b5624 - unresolved JR/JALR at 0x1b5624; promoted 100 fallback entries
  [warning] control-flow function=sub_001B5268 addr=0x1b5314 - unresolved JR/JALR at 0x1b5314 0x1b5394 0x1b53ac 0x1b544c; promoted 210 fallback entries
  [warning] control-flow function=sub_001B5740 addr=0x1b57ec - unresolved JR/JALR at 0x1b57ec; promoted 60 fallback entries
  [warning] control-flow function=sub_001B5830 addr=0x1b593c - unresolved JR/JALR at 0x1b593c; promoted 138 fallback entries
  [warning] control-flow function=sub_001B5A58 addr=0x1b5a98 - unresolved JR/JALR at 0x1b5a98 0x1b5b4c; promoted 96 fallback entries
  [warning] control-flow function=sub_001B5BD8 addr=0x1b5c74 - unresolved JR/JALR at 0x1b5c74 0x1b5cac; promoted 72 fallback entries
  [warning] control-flow function=sub_001B5CF8 addr=0x1b5d2c - unresolved JR/JALR at 0x1b5d2c 0x1b5d88 0x1b5f44 0x1b613c; promoted 356 fallback entries
  [warning] control-flow function=sub_001B6AB8 addr=0x1b6c50 - unresolved JR/JALR at 0x1b6c50 0x1b6d04 0x1b6d74 0x1b6db0 0x1b6e28 0x1b6e84; promoted 262 fallback entries
  [warning] control-flow function=sub_001B6288 addr=0x1b6300 - unresolved JR/JALR at 0x1b6300 0x1b646c 0x1b665c 0x1b6694 0x1b66e8 0x1b6704 0x1b6758 0x1b6824 0x1b6840 0x1b685c 0x1b6878 0x1b68c8 0x1b6a1c 0x1b6a50; promoted 524 fallback entries
  [warning] control-flow function=sub_001B70D0 addr=0x1b7120 - unresolved JR/JALR at 0x1b7120 0x1b715c 0x1b71e8 0x1b72d8 0x1b73e8 0x1b748c 0x1b7500 0x1b75cc; promoted 352 fallback entries
  [warning] control-flow function=sub_001B7E40 addr=0x1b7eb8 - unresolved JR/JALR at 0x1b7eb8 0x1b7f08 0x1b7f90 0x1b7ff4 0x1b8028 0x1b80c0 0x1b810c 0x1b818c; promoted 254 fallback entries
  [warning] control-flow function=sub_001B8238 addr=0x1b828c - unresolved JR/JALR at 0x1b828c 0x1b82bc 0x1b82f0 0x1b833c 0x1b8388; promoted 98 fallback entries
  [warning] control-flow function=sub_001B83C0 addr=0x1b8410 - unresolved JR/JALR at 0x1b8410 0x1b8460 0x1b84a8 0x1b8518 0x1b881c 0x1b8878; promoted 308 fallback entries
  [warning] control-flow function=sub_001B88F0 addr=0x1b8a7c - unresolved JR/JALR at 0x1b8a7c 0x1b8b48 0x1b8b60 0x1b8bdc 0x1b8bf4 0x1b8c74 0x1b9004; promoted 566 fallback entries
  [warning] control-flow function=sub_001B9950 addr=0x1b99a8 - unresolved JR/JALR at 0x1b99a8; promoted 114 fallback entries
  [warning] control-flow function=sub_001BB520 addr=0x1bb5b4 - unresolved JR/JALR at 0x1bb5b4; promoted 44 fallback entries
  [warning] control-flow function=sub_001BB5D0 addr=0x1bb780 - unresolved JR/JALR at 0x1bb780; promoted 114 fallback entries
  [warning] control-flow function=sub_001BB798 addr=0x1bb820 - unresolved JR/JALR at 0x1bb820; promoted 42 fallback entries
  [warning] control-flow function=sub_001BB840 addr=0x1bb930 - unresolved JR/JALR at 0x1bb930; promoted 74 fallback entries
  [warning] control-flow function=sub_001BC400 addr=0x1bc490 - unresolved JR/JALR at 0x1bc490 0x1bc4b8; promoted 202 fallback entries
  [warning] control-flow function=sub_001BCB58 addr=0x1bcc8c - unresolved JR/JALR at 0x1bcc8c 0x1bcd3c 0x1bceb0 0x1bd140 0x1bd1f4 0x1bd3e8; promoted 564 fallback entries
  [warning] control-flow function=sub_001BD8C8 addr=0x1bd9bc - unresolved JR/JALR at 0x1bd9bc; promoted 112 fallback entries
  [warning] control-flow function=sub_001BDF60 addr=0x1bdfa8 - unresolved JR/JALR at 0x1bdfa8; promoted 30 fallback entries
  [warning] control-flow function=sub_001BDFD8 addr=0x1be010 - unresolved JR/JALR at 0x1be010; promoted 24 fallback entries
  [warning] control-flow function=sub_001BE3A8 addr=0x1be424 - unresolved JR/JALR at 0x1be424 0x1be444 0x1be4b4; promoted 90 fallback entries
  [warning] control-flow function=sub_001BE0A8 addr=0x1be2a4 - unresolved JR/JALR at 0x1be2a4 0x1be2cc 0x1be334; promoted 192 fallback entries
  [warning] control-flow function=sub_001BE540 addr=0x1be5ac - unresolved JR/JALR at 0x1be5ac 0x1be62c 0x1be648 0x1be66c 0x1be688 0x1be6cc 0x1be6ec; promoted 120 fallback entries
  [warning] control-flow function=sub_001BE720 addr=0x1be74c - unresolved JR/JALR at 0x1be74c 0x1be76c 0x1be79c 0x1be7bc; promoted 46 fallback entries
  [warning] control-flow function=sub_001BEC78 addr=0x1bed40 - unresolved JR/JALR at 0x1bed40; promoted 110 fallback entries
  [warning] control-flow function=sub_001BEE78 addr=0x1befbc - unresolved JR/JALR at 0x1befbc 0x1bf000 0x1bf028 0x1bf040 0x1bf0c0 0x1bf118 0x1bf16c 0x1bf1b0 0x1bf1d8 0x1bf1f0 0x1bf208; promoted 236 fallback entries
  [warning] control-flow function=sub_001BF438 addr=0x1bf488 - unresolved JR/JALR at 0x1bf488 0x1bf4c0 0x1bf4f8 0x1bf530; promoted 92 fallback entries
  [warning] control-flow function=sub_001BF6C0 addr=0x1bf710 - unresolved JR/JALR at 0x1bf710 0x1bf92c 0x1bf964; promoted 318 fallback entries
  [warning] control-flow function=sub_001BFBB8 addr=0x1bfee0 - unresolved JR/JALR at 0x1bfee0 0x1bffb4; promoted 352 fallback entries
  [warning] control-flow function=sub_001BE7D8 addr=0x1beb74 - unresolved JR/JALR at 0x1beb74; promoted 296 fallback entries
  [warning] control-flow function=sub_001C0F40 addr=0x1c10b0 - unresolved JR/JALR at 0x1c10b0 0x1c10e0 0x1c1120 0x1c1160 0x1c11a0 0x1c11e0 0x1c1220 0x1c1250 0x1c1280 0x1c12b0 0x1c12e0 0x1c1310 0x1c13bc; promoted 296 fallback entries
  [warning] control-flow function=sub_001C0540 addr=0x1c0b50 - unresolved JR/JALR at 0x1c0b50 0x1c0c94 0x1c0cb0 0x1c0d74; promoted 640 fallback entries
  [warning] control-flow function=sub_001C13E0 addr=0x1c1430 - unresolved JR/JALR at 0x1c1430 0x1c1468 0x1c1608 0x1c1674 0x1c16f8 0x1c177c 0x1c17a8; promoted 262 fallback entries
  [warning] control-flow function=sub_001C17F8 addr=0x1c1820 - unresolved JR/JALR at 0x1c1820 0x1c183c 0x1c1858 0x1c1874 0x1c1890 0x1c18ac 0x1c18c8 0x1c18e4 0x1c1900 0x1c191c 0x1c1938 0x1c1954 0x1c1970 0x1c198c 0x1c19a8 0x1c1a04 0x1c1acc; promoted 228 fallback entries
  [warning] control-flow function=sub_001C1B88 addr=0x1c1bd4 - unresolved JR/JALR at 0x1c1bd4; promoted 50 fallback entries
  [warning] control-flow function=sub_001C1C50 addr=0x1c1ee0 - unresolved JR/JALR at 0x1c1ee0 0x1c20a8; promoted 298 fallback entries
  [warning] control-flow function=sub_001C20F8 addr=0x1c22f8 - unresolved JR/JALR at 0x1c22f8 0x1c2378 0x1c23e4; promoted 200 fallback entries
  [warning] control-flow function=sub_001C2468 addr=0x1c2500 - unresolved JR/JALR at 0x1c2500; promoted 68 fallback entries
  [warning] control-flow function=sub_001C2578 addr=0x1c25d0 - unresolved JR/JALR at 0x1c25d0 0x1c277c 0x1c27ec; promoted 296 fallback entries
  [warning] control-flow function=sub_001C2A18 addr=0x1c2b14 - unresolved JR/JALR at 0x1c2b14; promoted 100 fallback entries
  [warning] control-flow function=sub_001C2BA8 addr=0x1c2c00 - unresolved JR/JALR at 0x1c2c00; promoted 42 fallback entries
  [warning] control-flow function=sub_001C2D18 addr=0x1c2f90 - unresolved JR/JALR at 0x1c2f90 0x1c312c 0x1c31c4 0x1c31e4 0x1c3288 0x1c32dc; promoted 382 fallback entries
  [warning] control-flow function=sub_001C3310 addr=0x1c36bc - unresolved JR/JALR at 0x1c36bc 0x1c3814 0x1c3848 0x1c387c 0x1c38cc 0x1c3900 0x1c3934 0x1c396c 0x1c3a58 0x1c3aa4 0x1c3ad8 0x1c3b0c 0x1c3b40 0x1c3b8c 0x1c3bc0 0x1c3bf4 0x1c3c28 0x1c3c8c 0x1c3cec; promoted 662 fallback entries
  [warning] control-flow function=sub_001C3D68 addr=0x1c3e00 - unresolved JR/JALR at 0x1c3e00 0x1c3eac 0x1c3ec4; promoted 96 fallback entries
  [warning] control-flow function=sub_001C3EE8 addr=0x1c3f9c - unresolved JR/JALR at 0x1c3f9c 0x1c3fec 0x1c403c 0x1c4074 0x1c40ac 0x1c40e4 0x1c4194 0x1c41e4 0x1c4234 0x1c426c 0x1c42a4 0x1c42dc 0x1c4388 0x1c43d8 0x1c4428 0x1c4460 0x1c4498 0x1c44d0; promoted 404 fallback entries
  [warning] control-flow function=sub_001C4538 addr=0x1c4588 - unresolved JR/JALR at 0x1c4588 0x1c45c0 0x1c45f8 0x1c4630 0x1c4668 0x1c46a0 0x1c46d8 0x1c4710 0x1c4750 0x1c4788; promoted 156 fallback entries
  [warning] control-flow function=sub_001C47A8 addr=0x1c4860 - unresolved JR/JALR at 0x1c4860 0x1c4894 0x1c492c; promoted 136 fallback entries
  [warning] control-flow function=sub_001C4B78 addr=0x1c4c00 - unresolved JR/JALR at 0x1c4c00 0x1c4c1c 0x1c4c38 0x1c4c54 0x1c4c80 0x1c4ca8; promoted 108 fallback entries
  [warning] control-flow function=sub_001C4D28 addr=0x1c4d60 - unresolved JR/JALR at 0x1c4d60 0x1c4d90 0x1c4dd0 0x1c4e10; promoted 70 fallback entries
  [warning] control-flow function=sub_001C4E40 addr=0x1c4e78 - unresolved JR/JALR at 0x1c4e78 0x1c4ea8 0x1c4ee8 0x1c4f28; promoted 70 fallback entries
  [warning] control-flow function=sub_001C5018 addr=0x1c52c0 - unresolved JR/JALR at 0x1c52c0 0x1c52dc 0x1c534c; promoted 376 fallback entries
  [warning] control-flow function=sub_001C5A90 addr=0x1c5bc8 - unresolved JR/JALR at 0x1c5bc8 0x1c5bf8 0x1c5c18; promoted 210 fallback entries
  [warning] control-flow function=sub_001C5DD8 addr=0x1c5e3c - unresolved JR/JALR at 0x1c5e3c 0x1c5e84 0x1c5ea4 0x1c5ec4 0x1c5ee4 0x1c5f04; promoted 82 fallback entries
  [warning] control-flow function=sub_001C5F20 addr=0x1c5f78 - unresolved JR/JALR at 0x1c5f78 0x1c5fbc 0x1c6004 0x1c604c 0x1c6094 0x1c60f4 0x1c6150 0x1c61b0 0x1c6208; promoted 196 fallback entries
  [warning] control-flow function=sub_001C6230 addr=0x1c6298 - unresolved JR/JALR at 0x1c6298 0x1c63fc 0x1c6674; promoted 302 fallback entries
  [warning] control-flow function=sub_001C66E8 addr=0x1c67b8 - unresolved JR/JALR at 0x1c67b8 0x1c67d8 0x1c67f8 0x1c6818 0x1c68fc 0x1c691c 0x1c693c 0x1c695c 0x1c6a3c 0x1c6a5c 0x1c6a7c 0x1c6a9c; promoted 264 fallback entries
  [warning] control-flow function=sub_001C6D30 addr=0x1c6dec - unresolved JR/JALR at 0x1c6dec 0x1c6e08 0x1c6e98 0x1c6eb4 0x1c6ed4 0x1c6ef0 0x1c6f10 0x1c6f40 0x1c6f5c 0x1c6f7c 0x1c6f98 0x1c6fb8 0x1c6fd4 0x1c6ff8; promoted 196 fallback entries
  [warning] control-flow function=sub_001C70F0 addr=0x1c7120 - unresolved JR/JALR at 0x1c7120 0x1c7168 0x1c7188 0x1c71d0 0x1c71f0 0x1c7238; promoted 90 fallback entries
  [warning] control-flow function=sub_001C7388 addr=0x1c7420 - unresolved JR/JALR at 0x1c7420 0x1c7440 0x1c7478 0x1c7494 0x1c7548 0x1c7560; promoted 144 fallback entries
  [warning] control-flow function=sub_001C7EB0 addr=0x1c7f2c - unresolved JR/JALR at 0x1c7f2c 0x1c7f6c; promoted 104 fallback entries
  [warning] control-flow function=sub_001C80E8 addr=0x1c81a0 - unresolved JR/JALR at 0x1c81a0; promoted 92 fallback entries
  [warning] control-flow function=sub_001C8320 addr=0x1c8404 - unresolved JR/JALR at 0x1c8404; promoted 98 fallback entries
  [warning] control-flow function=sub_001C8628 addr=0x1c864c - unresolved JR/JALR at 0x1c864c; promoted 20 fallback entries
  [warning] control-flow function=sub_001C8678 addr=0x1c86c4 - unresolved JR/JALR at 0x1c86c4 0x1c8738; promoted 56 fallback entries
  [warning] control-flow function=sub_001C8930 addr=0x1c8970 - unresolved JR/JALR at 0x1c8970; promoted 66 fallback entries
  [warning] control-flow function=sub_001C8A38 addr=0x1c8fbc - unresolved JR/JALR at 0x1c8fbc; promoted 384 fallback entries
  [warning] control-flow function=sub_001C93B0 addr=0x1c9444 - unresolved JR/JALR at 0x1c9444; promoted 64 fallback entries
  [warning] control-flow function=sub_001C9648 addr=0x1c96e4 - unresolved JR/JALR at 0x1c96e4; promoted 102 fallback entries
  [warning] control-flow function=sub_001C94B0 addr=0x1c955c - unresolved JR/JALR at 0x1c955c; promoted 102 fallback entries
  [warning] control-flow function=sub_001C9938 addr=0x1c99ec - unresolved JR/JALR at 0x1c99ec; promoted 124 fallback entries
  [warning] control-flow function=sub_001C97E0 addr=0x1c98a0 - unresolved JR/JALR at 0x1c98a0; promoted 86 fallback entries
  [warning] control-flow function=sub_001C9CD0 addr=0x1ca11c - unresolved JR/JALR at 0x1ca11c 0x1ca134; promoted 288 fallback entries
  [warning] control-flow function=sub_001CA488 addr=0x1ca4a8 - unresolved JR/JALR at 0x1ca4a8; promoted 14 fallback entries
  [warning] control-flow function=sub_001CA150 addr=0x1ca1c0 - unresolved JR/JALR at 0x1ca1c0 0x1ca20c 0x1ca228 0x1ca2d0 0x1ca334 0x1ca40c 0x1ca46c; promoted 206 fallback entries
  [warning] control-flow function=sub_001CA6A0 addr=0x1ca6fc - unresolved JR/JALR at 0x1ca6fc; promoted 128 fallback entries
  [warning] control-flow function=sub_001CA4C0 addr=0x1ca4e0 - unresolved JR/JALR at 0x1ca4e0 0x1ca510 0x1ca554 0x1ca5cc 0x1ca684; promoted 120 fallback entries
  [warning] control-flow function=sub_001CABA8 addr=0x1cae80 - unresolved JR/JALR at 0x1cae80 0x1caeb8; promoted 236 fallback entries
  [warning] control-flow function=sub_001CB030 addr=0x1cb274 - unresolved JR/JALR at 0x1cb274 0x1cb30c 0x1cb334 0x1cb358 0x1cb3fc; promoted 250 fallback entries
  [warning] control-flow function=sub_001CC1E0 addr=0x1cc280 - unresolved JR/JALR at 0x1cc280 0x1cc4c4 0x1cc5f8; promoted 272 fallback entries
  [warning] control-flow function=sub_001CC8D8 addr=0x1ccb84 - unresolved JR/JALR at 0x1ccb84 0x1ccbd4 0x1ccbf0; promoted 214 fallback entries
  [warning] control-flow function=sub_001CCC30 addr=0x1ccc98 - unresolved JR/JALR at 0x1ccc98 0x1ccd94; promoted 154 fallback entries
  [warning] control-flow function=sub_001CD708 addr=0x1cd84c - unresolved JR/JALR at 0x1cd84c 0x1cd868 0x1cd8d4 0x1cd8f0 0x1cd908 0x1cd964; promoted 166 fallback entries
  [warning] control-flow function=sub_001CD0D8 addr=0x1cd154 - unresolved JR/JALR at 0x1cd154 0x1cd448 0x1cd468 0x1cd488 0x1cd4f0 0x1cd540 0x1cd608 0x1cd640; promoted 396 fallback entries
  [warning] control-flow function=sub_001CD9A0 addr=0x1cd9e8 - unresolved JR/JALR at 0x1cd9e8 0x1cda08 0x1cda2c 0x1cda7c 0x1cdad8 0x1cdaf4 0x1cdb3c 0x1cdb58 0x1cdbcc 0x1cdc38 0x1cdc4c 0x1cdc7c 0x1cdcac 0x1cdcdc 0x1cdd0c 0x1cdd3c 0x1cdeb4 0x1cdef0 0x1cdf0c 0x1cdf44 0x1cdf80 0x1cdf9c 0x1cdfc4 0x1ce104 0x1ce144 0x1ce164 0x1ce248 0x1ce278; promoted 578 fallback entries
  [warning] control-flow function=sub_001CE5E0 addr=0x1ce660 - unresolved JR/JALR at 0x1ce660; promoted 68 fallback entries
  [warning] control-flow function=sub_001CE758 addr=0x1ce88c - unresolved JR/JALR at 0x1ce88c; promoted 162 fallback entries
  [warning] control-flow function=sub_001CE9E0 addr=0x1cea8c - unresolved JR/JALR at 0x1cea8c 0x1ceb40 0x1cebb8 0x1cec9c 0x1ced3c; promoted 236 fallback entries
  [warning] control-flow function=sub_001CFE60 addr=0x1cfe8c - unresolved JR/JALR at 0x1cfe8c 0x1cfea8; promoted 44 fallback entries
  [warning] control-flow function=sub_001CEEA0 addr=0x1cf014 - unresolved JR/JALR at 0x1cf014 0x1cf060 0x1cf204 0x1cf21c 0x1cf2bc 0x1cf2dc 0x1cf318 0x1cf388 0x1cf3ec 0x1cf424 0x1cf44c 0x1cf480 0x1cf4a0 0x1cf4c0 0x1cf4e4 0x1cf4fc 0x1cf51c 0x1cf53c 0x1cf554 0x1cf584 0x1cf5d8 0x1cf608 0x1cf654 0x1cf6a0 0x1cf748 0x1cf760 0x1cf774 0x1cf790 0x1cf7ac 0x1cf7c8 0x1cf7e8 0x1cf8c8 0x1cf9b8 0x1cfa64 0x1cfbe0 0x1cfc6c 0x1cfca8 0x1cfdbc; promoted 972 fallback entries
  [warning] control-flow function=sub_001CFF10 addr=0x1cffc4 - unresolved JR/JALR at 0x1cffc4 0x1cffdc; promoted 58 fallback entries
  [warning] control-flow function=sub_001CFFF8 addr=0x1d0084 - unresolved JR/JALR at 0x1d0084; promoted 50 fallback entries
  [warning] control-flow function=sub_001D00C0 addr=0x1d0108 - unresolved JR/JALR at 0x1d0108; promoted 48 fallback entries
  [warning] control-flow function=sub_001D0180 addr=0x1d01f4 - unresolved JR/JALR at 0x1d01f4; promoted 46 fallback entries
  [warning] control-flow function=sub_001D0238 addr=0x1d029c - unresolved JR/JALR at 0x1d029c 0x1d02ec 0x1d0304 0x1d0398 0x1d03b0 0x1d03c4 0x1d03d8 0x1d0420 0x1d0538 0x1d0584 0x1d05a0 0x1d0680 0x1d0698 0x1d06bc 0x1d06dc 0x1d0700 0x1d0778 0x1d07ac 0x1d0818 0x1d0918 0x1d0934 0x1d094c 0x1d0968 0x1d0998 0x1d09cc 0x1d09f0 0x1d0a6c 0x1d0a90 0x1d0aac 0x1d0b38 0x1d0b5c 0x1d0b70 0x1d0b84 0x1d0b98 0x1d0bac 0x1d0c20 0x1d0cb4 0x1d0cf4 0x1d0dac 0x1d0dd4 0x1d0e04 0x1d0e28 0x1d0fbc 0x1d0fd8 0x1d1010 0x1d102c 0x1d1050 0x1d108c 0x1d10d8 0x1d110c; promoted 956 fallback entries
  [warning] control-flow function=sub_001D1AA0 addr=0x1d1ba8 - unresolved JR/JALR at 0x1d1ba8 0x1d1da0 0x1d1e30 0x1d1eb0 0x1d1f54 0x1d2014 0x1d2048 0x1d2070; promoted 398 fallback entries
  [warning] control-flow function=sub_001D2198 addr=0x1d2258 - unresolved JR/JALR at 0x1d2258 0x1d22cc; promoted 86 fallback entries
  [warning] control-flow function=sub_001D22F0 addr=0x1d2544 - unresolved JR/JALR at 0x1d2544 0x1d2560; promoted 170 fallback entries
  [warning] control-flow function=sub_001D31C0 addr=0x1d3238 - unresolved JR/JALR at 0x1d3238; promoted 72 fallback entries
  [warning] control-flow function=sub_001D32E0 addr=0x1d3304 - unresolved JR/JALR at 0x1d3304 0x1d3328; promoted 24 fallback entries
  [warning] control-flow function=sub_001D2678 addr=0x1d2958 - unresolved JR/JALR at 0x1d2958 0x1d2ddc 0x1d2e7c 0x1d2edc 0x1d2f08 0x1d2f24 0x1d2ff0 0x1d3018 0x1d30f8; promoted 698 fallback entries
  [warning] control-flow function=sub_001D3340 addr=0x1d3664 - unresolved JR/JALR at 0x1d3664 0x1d36d8; promoted 272 fallback entries
  [warning] control-flow function=sub_001D3EC8 addr=0x1d3f64 - unresolved JR/JALR at 0x1d3f64; promoted 46 fallback entries
  [warning] control-flow function=sub_001D3780 addr=0x1d39fc - unresolved JR/JALR at 0x1d39fc 0x1d3aac 0x1d3b28 0x1d3d34 0x1d3d78 0x1d3da8; promoted 466 fallback entries
  [warning] control-flow function=sub_001D3F80 addr=0x1d4004 - unresolved JR/JALR at 0x1d4004 0x1d4024 0x1d4044 0x1d4064 0x1d4084 0x1d40a4 0x1d4134 0x1d4150 0x1d416c 0x1d41c8 0x1d41e4 0x1d4208; promoted 186 fallback entries
  [warning] control-flow function=sub_001D4268 addr=0x1d42f8 - unresolved JR/JALR at 0x1d42f8 0x1d446c 0x1d4550 0x1d4568 0x1d4604 0x1d461c 0x1d46e0 0x1d4704; promoted 334 fallback entries
  [warning] control-flow function=sub_001D47A0 addr=0x1d4844 - unresolved JR/JALR at 0x1d4844 0x1d4864; promoted 60 fallback entries
  [warning] control-flow function=sub_001D4890 addr=0x1d48c4 - unresolved JR/JALR at 0x1d48c4 0x1d48e0; promoted 34 fallback entries
  [warning] control-flow function=sub_001D4A20 addr=0x1d4ab8 - unresolved JR/JALR at 0x1d4ab8; promoted 64 fallback entries
  [warning] control-flow function=sub_001D4B20 addr=0x1d4b70 - unresolved JR/JALR at 0x1d4b70; promoted 42 fallback entries
  [warning] control-flow function=sub_001D4BC8 addr=0x1d4f04 - unresolved JR/JALR at 0x1d4f04 0x1d4f3c; promoted 242 fallback entries
  [warning] control-flow function=sub_001D58B8 addr=0x1d5bdc - unresolved JR/JALR at 0x1d5bdc; promoted 770 fallback entries
  [warning] control-flow function=sub_001D68E8 addr=0x1d6938 - unresolved JR/JALR at 0x1d6938 0x1d6968 0x1d69b0 0x1d6a38 0x1d6a7c 0x1d6a9c 0x1d6b50 0x1d6b98 0x1d6bdc 0x1d6bf0 0x1d6cb4 0x1d6cf4 0x1d6d38 0x1d6d4c 0x1d6e08 0x1d6e48 0x1d6e7c 0x1d6ec0 0x1d6ed4 0x1d6ef4 0x1d6f38 0x1d6f4c 0x1d6f80 0x1d6fc4 0x1d6fd8; promoted 458 fallback entries
  [warning] control-flow function=sub_001D64C0 addr=0x1d654c - unresolved JR/JALR at 0x1d654c 0x1d667c 0x1d6704 0x1d673c 0x1d676c 0x1d6790 0x1d67ac 0x1d6824 0x1d685c 0x1d688c 0x1d68b0 0x1d68cc 0x1d6938 0x1d6968 0x1d69b0 0x1d6a38 0x1d6a7c 0x1d6a9c 0x1d6b50 0x1d6b98 0x1d6bdc 0x1d6bf0 0x1d6cb4 0x1d6cf4 0x1d6d38 0x1d6d4c 0x1d6e08 0x1d6e48 0x1d6e7c 0x1d6ec0 0x1d6ed4 0x1d6ef4 0x1d6f38 0x1d6f4c 0x1d6f80 0x1d6fc4 0x1d6fd8 0x1d7080 0x1d70bc 0x1d70fc 0x1d7140 0x1d7154; promoted 820 fallback entries
  [warning] control-flow function=sub_001D7010 addr=0x1d7080 - unresolved JR/JALR at 0x1d7080 0x1d70bc 0x1d70fc 0x1d7140 0x1d7154; promoted 96 fallback entries
  [warning] control-flow function=sub_001D7190 addr=0x1d7214 - unresolved JR/JALR at 0x1d7214 0x1d7254 0x1d7274 0x1d72c4 0x1d72f0 0x1d7388 0x1d73d0 0x1d73f0 0x1d7480 0x1d74c4 0x1d74f4 0x1d7518 0x1d75b8 0x1d7600 0x1d7630 0x1d7654 0x1d76bc 0x1d7708 0x1d7738 0x1d7778 0x1d7798 0x1d7868 0x1d78b0 0x1d78f4 0x1d7908 0x1d794c 0x1d7960 0x1d7a24 0x1d7a40 0x1d7a84 0x1d7ac8 0x1d7adc 0x1d7b88 0x1d7ba4 0x1d7be8 0x1d7c2c 0x1d7c40 0x1d7cc0 0x1d7ce4 0x1d7d28 0x1d7d3c 0x1d7dec 0x1d7e34 0x1d7e78 0x1d7e8c 0x1d7f38 0x1d7f7c 0x1d7fac 0x1d7fd0 0x1d8090 0x1d80d8 0x1d8108 0x1d812c 0x1d81c4 0x1d81f8 0x1d8228; promoted 1068 fallback entries
  [warning] control-flow function=sub_001D72A8 addr=0x1d72c4 - unresolved JR/JALR at 0x1d72c4 0x1d72f0; promoted 28 fallback entries
  [warning] control-flow function=sub_001D7318 addr=0x1d7388 - unresolved JR/JALR at 0x1d7388 0x1d73d0 0x1d73f0; promoted 66 fallback entries
  [warning] control-flow function=sub_001D7420 addr=0x1d7480 - unresolved JR/JALR at 0x1d7480 0x1d74c4 0x1d74f4 0x1d7518; promoted 74 fallback entries
  [warning] control-flow function=sub_001D7548 addr=0x1d75b8 - unresolved JR/JALR at 0x1d75b8 0x1d7600 0x1d7630 0x1d7654; promoted 80 fallback entries
  [warning] control-flow function=sub_001D7688 addr=0x1d76bc - unresolved JR/JALR at 0x1d76bc 0x1d7708 0x1d7738 0x1d7778 0x1d7798 0x1d7868 0x1d78b0 0x1d78f4 0x1d7908 0x1d794c 0x1d7960 0x1d7a24 0x1d7a40 0x1d7a84 0x1d7ac8 0x1d7adc 0x1d7b88 0x1d7ba4 0x1d7be8 0x1d7c2c 0x1d7c40; promoted 376 fallback entries
  [warning] control-flow function=sub_001D7C68 addr=0x1d7cc0 - unresolved JR/JALR at 0x1d7cc0 0x1d7ce4 0x1d7d28 0x1d7d3c 0x1d7dec 0x1d7e34 0x1d7e78 0x1d7e8c 0x1d7f38 0x1d7f7c 0x1d7fac 0x1d7fd0 0x1d8090 0x1d80d8 0x1d8108 0x1d812c; promoted 318 fallback entries
  [warning] control-flow function=sub_001D8160 addr=0x1d81c4 - unresolved JR/JALR at 0x1d81c4 0x1d81f8 0x1d8228; promoted 56 fallback entries
  [warning] control-flow function=sub_001D8240 addr=0x1d8280 - unresolved JR/JALR at 0x1d8280 0x1d82f0 0x1d8320 0x1d8390; promoted 90 fallback entries
  [warning] control-flow function=sub_001D83A8 addr=0x1d83e8 - unresolved JR/JALR at 0x1d83e8 0x1d8400 0x1d8430 0x1d845c 0x1d84cc 0x1d84fc 0x1d85b0 0x1d863c 0x1d86e4; promoted 214 fallback entries
  [warning] control-flow function=sub_001D8C38 addr=0x1d8c90 - unresolved JR/JALR at 0x1d8c90 0x1d8cf4 0x1d8dbc; promoted 106 fallback entries
  [warning] control-flow function=sub_001D8700 addr=0x1d8770 - unresolved JR/JALR at 0x1d8770 0x1d87b0 0x1d87f0 0x1d8830 0x1d8878 0x1d88b8 0x1d88f4 0x1d8954 0x1d8994 0x1d8a04 0x1d8a4c 0x1d8b10 0x1d8b44 0x1d8b60; promoted 334 fallback entries
  [warning] control-flow function=sub_001D8DE0 addr=0x1d8e7c - unresolved JR/JALR at 0x1d8e7c 0x1d8e94 0x1d8ee4 0x1d8f1c 0x1d8f80 0x1d8fd8 0x1d8ff4 0x1d90a0 0x1d90f4 0x1d9118 0x1d913c 0x1d9198 0x1d91b8 0x1d91d4 0x1d91f0 0x1d920c 0x1d9228; promoted 330 fallback entries
  [warning] control-flow function=sub_001D9308 addr=0x1d9340 - unresolved JR/JALR at 0x1d9340 0x1d9394 0x1d9504 0x1d953c 0x1d95f0 0x1d9628 0x1d96c4 0x1d96f8 0x1d9748 0x1d9780; promoted 310 fallback entries
  [warning] control-flow function=sub_001D97E0 addr=0x1d985c - unresolved JR/JALR at 0x1d985c 0x1d98e4 0x1d991c; promoted 90 fallback entries
  [warning] control-flow function=sub_001D9D48 addr=0x1d9e4c - unresolved JR/JALR at 0x1d9e4c; promoted 242 fallback entries
  [warning] control-flow function=sub_001DA110 addr=0x1da178 - unresolved JR/JALR at 0x1da178 0x1da308 0x1da350 0x1da380 0x1da42c; promoted 230 fallback entries
  [warning] control-flow function=sub_001DCEA0 addr=0x1dd010 - unresolved JR/JALR at 0x1dd010; promoted 138 fallback entries
  [warning] control-flow function=sub_001DD0C8 addr=0x1dd140 - unresolved JR/JALR at 0x1dd140 0x1dd1a8 0x1dd2a0 0x1dd348 0x1dd3e0; promoted 302 fallback entries
  [warning] control-flow function=sub_001DFAC8 addr=0x1e00fc - unresolved JR/JALR at 0x1e00fc 0x1e09d4 0x1e0a84 0x1e0fd4; promoted 1394 fallback entries
  [warning] control-flow function=sub_001DD580 addr=0x1dec0c - unresolved JR/JALR at 0x1dec0c 0x1dec88 0x1decd0 0x1ded08 0x1ded7c 0x1dedc8 0x1df094 0x1df0a8 0x1df0c4 0x1df0f4 0x1df120 0x1df150 0x1df188 0x1df1b8 0x1df1e8 0x1df244 0x1df2d8 0x1df33c 0x1df540; promoted 2386 fallback entries
  [warning] control-flow function=sub_001DDDB8 addr=0x1dec0c - unresolved JR/JALR at 0x1dec0c 0x1dec88 0x1decd0 0x1ded08 0x1ded7c 0x1dedc8 0x1df094 0x1df0a8 0x1df0c4 0x1df0f4 0x1df120 0x1df150 0x1df188 0x1df1b8 0x1df1e8 0x1df244 0x1df2d8 0x1df33c 0x1df540; promoted 1860 fallback entries
  [warning] control-flow function=sub_001E2FE0 addr=0x1e30d0 - unresolved JR/JALR at 0x1e30d0; promoted 72 fallback entries
  [warning] control-flow function=sub_001E3A78 addr=0x1e3b40 - unresolved JR/JALR at 0x1e3b40 0x1e3b94 0x1e3bdc; promoted 98 fallback entries
  [warning] control-flow function=sub_001E3C00 addr=0x1e4008 - unresolved JR/JALR at 0x1e4008 0x1e4054 0x1e41b4 0x1e41e4 0x1e4420; promoted 534 fallback entries
  [warning] control-flow function=sub_001E4658 addr=0x1e4688 - unresolved JR/JALR at 0x1e4688 0x1e46a8 0x1e4718 0x1e4738; promoted 64 fallback entries
  [warning] control-flow function=sub_001E4758 addr=0x1e47a0 - unresolved JR/JALR at 0x1e47a0 0x1e47fc; promoted 58 fallback entries
  [warning] control-flow function=sub_001E4840 addr=0x1e4860 - unresolved JR/JALR at 0x1e4860; promoted 14 fallback entries
  [warning] control-flow function=sub_001E4878 addr=0x1e4898 - unresolved JR/JALR at 0x1e4898; promoted 14 fallback entries
  [warning] control-flow function=sub_001E4C78 addr=0x1e4e8c - unresolved JR/JALR at 0x1e4e8c 0x1e4ed0 0x1e4f38; promoted 190 fallback entries
  [warning] control-flow function=sub_001E4F70 addr=0x1e4fc8 - unresolved JR/JALR at 0x1e4fc8 0x1e50a0; promoted 86 fallback entries
  [warning] control-flow function=sub_001E51D0 addr=0x1e5328 - unresolved JR/JALR at 0x1e5328; promoted 150 fallback entries
  [warning] control-flow function=sub_001E5428 addr=0x1e549c - unresolved JR/JALR at 0x1e549c 0x1e54bc 0x1e5524; promoted 106 fallback entries
  [warning] control-flow function=sub_001E5780 addr=0x1e57e8 - unresolved JR/JALR at 0x1e57e8 0x1e58a0 0x1e58c8 0x1e5964 0x1e59f8; promoted 200 fallback entries
  [warning] control-flow function=sub_001E8FC0 addr=0x1e9080 - unresolved JR/JALR at 0x1e9080 0x1e917c; promoted 122 fallback entries
  [warning] control-flow function=sub_001E5AA0 addr=0x1e5d30 - unresolved JR/JALR at 0x1e5d30 0x1e60cc 0x1e6198 0x1e6448 0x1e6460 0x1e6810 0x1e68c8 0x1e6928 0x1e7068 0x1e70fc 0x1e744c 0x1e7464 0x1e74f4 0x1e750c 0x1e77f4 0x1e786c 0x1e78e0 0x1e7990 0x1e79c8 0x1e7a34 0x1e7b44 0x1e7de4 0x1e7e04 0x1e7fac 0x1e7fcc 0x1e8594 0x1e85b4 0x1e8628 0x1e86bc 0x1e86dc 0x1e8d5c 0x1e8e14 0x1e8e2c; promoted 3400 fallback entries
  [warning] control-flow function=sub_001E95A0 addr=0x1e9984 - unresolved JR/JALR at 0x1e9984; promoted 292 fallback entries
  [warning] control-flow function=sub_001F1190 addr=0x1f1320 - unresolved JR/JALR at 0x1f1320; promoted 106 fallback entries
  [warning] control-flow function=sub_001F1338 addr=0x1f1498 - unresolved JR/JALR at 0x1f1498; promoted 94 fallback entries
  [warning] control-flow function=sub_001E9A30 addr=0x1e9e38 - unresolved JR/JALR at 0x1e9e38 0x1ea1f0 0x1ea240 0x1ea888 0x1ea8bc 0x1eb1a0 0x1eb250 0x1eb99c 0x1ec21c 0x1ec4d8 0x1ec4f0 0x1ec5bc 0x1ec5e0 0x1ec624 0x1ec66c 0x1ec6b0 0x1ec9c8 0x1ec9e0 0x1eccb0 0x1f0c50 0x1f0d00 0x1f0ddc 0x1f1080 0x1f1098; promoted 7602 fallback entries
  [warning] control-flow function=sub_001F30D8 addr=0x1f3118 - unresolved JR/JALR at 0x1f3118; promoted 38 fallback entries
  [warning] control-flow function=sub_001F31E0 addr=0x1f32a4 - unresolved JR/JALR at 0x1f32a4 0x1f32bc 0x1f3388 0x1f33ac 0x1f33f0 0x1f3438 0x1f3488 0x1f3650 0x1f3668 0x1f3680; promoted 312 fallback entries
  [warning] control-flow function=sub_001F3700 addr=0x1f3960 - unresolved JR/JALR at 0x1f3960 0x1f3978 0x1f3adc 0x1f3b7c 0x1f3c8c 0x1f3de8 0x1f3e44 0x1f3f7c; promoted 574 fallback entries
  [warning] control-flow function=sub_001F3FF8 addr=0x1f41a4 - unresolved JR/JALR at 0x1f41a4 0x1f41f4 0x1f46b8 0x1f46f8; promoted 460 fallback entries
  [warning] control-flow function=sub_001F4728 addr=0x1f4a20 - unresolved JR/JALR at 0x1f4a20 0x1f4b94 0x1f4bc0 0x1f4ca8 0x1f4d34 0x1f4e38 0x1f4e6c; promoted 480 fallback entries
  [warning] control-flow function=sub_001F4FC0 addr=0x1f5078 - unresolved JR/JALR at 0x1f5078; promoted 60 fallback entries
  [warning] control-flow function=sub_001F50B0 addr=0x1f5158 - unresolved JR/JALR at 0x1f5158 0x1f5170 0x1f51dc 0x1f51f4; promoted 100 fallback entries
  [warning] control-flow function=sub_001F5300 addr=0x1f5380 - unresolved JR/JALR at 0x1f5380 0x1f5418; promoted 108 fallback entries
  [warning] control-flow function=sub_001F54B0 addr=0x1f5698 - unresolved JR/JALR at 0x1f5698 0x1f56fc 0x1f576c 0x1f5800 0x1f5840 0x1f5894 0x1f58d4 0x1f592c 0x1f596c 0x1f5a0c; promoted 354 fallback entries
  [warning] control-flow function=sub_001F5A38 addr=0x1f5b40 - unresolved JR/JALR at 0x1f5b40 0x1f5b78; promoted 92 fallback entries
  [warning] control-flow function=sub_001F5BA8 addr=0x1f5bfc - unresolved JR/JALR at 0x1f5bfc 0x1f5c34 0x1f5c6c 0x1f5ca4 0x1f5cfc 0x1f5d24 0x1f5d4c 0x1f5d70; promoted 126 fallback entries
  [warning] control-flow function=sub_001F7738 addr=0x1f7ae8 - unresolved JR/JALR at 0x1f7ae8 0x1f7b48 0x1f8100; promoted 652 fallback entries
  [warning] control-flow function=sub_001F8168 addr=0x1f828c - unresolved JR/JALR at 0x1f828c 0x1f82e4 0x1f82fc 0x1f84cc 0x1f854c 0x1f8670 0x1f8690 0x1f8800 0x1f898c 0x1f89e4 0x1f8a00 0x1f8a64 0x1f8cbc 0x1f8ce0 0x1f8d88 0x1f8dac; promoted 804 fallback entries
  [warning] control-flow function=sub_001FAFF8 addr=0x1fb040 - unresolved JR/JALR at 0x1fb040 0x1fb058 0x1fb090; promoted 98 fallback entries
  [warning] control-flow function=sub_001FB180 addr=0x1fb1f8 - unresolved JR/JALR at 0x1fb1f8; promoted 38 fallback entries
  [warning] control-flow function=sub_001FB218 addr=0x1fb28c - unresolved JR/JALR at 0x1fb28c; promoted 40 fallback entries
  [warning] control-flow function=sub_001F8DF8 addr=0x1f9454 - unresolved JR/JALR at 0x1f9454 0x1f957c 0x1f9eb0 0x1f9ec8 0x1f9f64 0x1f9f7c 0x1f9f94 0x1f9fac 0x1f9fc4 0x1f9fdc 0x1fa070 0x1fa0b0 0x1fa0c8 0x1fa18c 0x1fa9bc 0x1fabe0 0x1fad7c 0x1fadb8 0x1fadf0 0x1fae28 0x1fae60 0x1fafd0; promoted 2176 fallback entries
  [warning] control-flow function=sub_001FB378 addr=0x1fb3e0 - unresolved JR/JALR at 0x1fb3e0 0x1fb3f8; promoted 56 fallback entries
  [warning] control-flow function=sub_001FB458 addr=0x1fb4f8 - unresolved JR/JALR at 0x1fb4f8 0x1fb530 0x1fb548 0x1fb560; promoted 76 fallback entries
  [warning] control-flow function=sub_001FD190 addr=0x1fd1c0 - unresolved JR/JALR at 0x1fd1c0 0x1fd240 0x1fd4a0 0x1fd614 0x1fd648 0x1fd6a4 0x1fd95c 0x1fda48; promoted 664 fallback entries
  [warning] control-flow function=sub_001FDBF0 addr=0x1fdd00 - unresolved JR/JALR at 0x1fdd00 0x1fdd34 0x1fdd68 0x1fdf8c 0x1fdfac 0x1fdfe4 0x1fdff8 0x1fe024 0x1fe094 0x1fe0b8 0x1fe0e8 0x1fe138 0x1fe160 0x1fe180 0x1fe1a0 0x1fe1cc 0x1fe1e4 0x1fe200 0x1fe22c 0x1fe24c 0x1fe268 0x1fe28c 0x1fe2a4 0x1fe2c4 0x1fe2dc 0x1fe338 0x1fe36c 0x1fe3b8 0x1fe3ec 0x1fe448 0x1fe460 0x1fe4f8 0x1fe528 0x1fe558 0x1fe588 0x1fe5f4 0x1fe624 0x1fe6ac 0x1fe6c8 0x1fe81c 0x1fe858 0x1fe894 0x1fe8c8; promoted 862 fallback entries
  [warning] control-flow function=sub_001FB588 addr=0x1fb628 - unresolved JR/JALR at 0x1fb628 0x1fb660 0x1fb678 0x1fb690 0x1fb844 0x1fbb30 0x1fbee8 0x1fc020 0x1fc080 0x1fc0f4 0x1fc6d8 0x1fca84 0x1fccc8; promoted 1794 fallback entries
  [warning] control-flow function=sub_001FE968 addr=0x1fea7c - unresolved JR/JALR at 0x1fea7c 0x1feab0 0x1feae4 0x1feb58 0x1feb70 0x1febbc 0x1fecdc 0x1fecfc 0x1fed34 0x1fed48 0x1fed64 0x1fedd4 0x1fedf8 0x1fee28 0x1fee78 0x1feea0 0x1feec0 0x1feee0 0x1feefc 0x1fef2c 0x1fef4c 0x1fef68 0x1fef8c 0x1fefa4 0x1fefc4 0x1fefdc 0x1ff028 0x1ff05c 0x1ff0a8 0x1ff0dc 0x1ff130 0x1ff148 0x1ff1c0 0x1ff1f0 0x1ff220 0x1ff250 0x1ff2bc 0x1ff2ec 0x1ff374 0x1ff390 0x1ff4c0 0x1ff4fc 0x1ff538 0x1ff56c 0x1ff778; promoted 916 fallback entries
  [warning] control-flow function=sub_001FF7B8 addr=0x1ff890 - unresolved JR/JALR at 0x1ff890 0x1ff94c 0x1ffa48 0x1ffb0c 0x1ffc34 0x1ffcac; promoted 340 fallback entries
  [warning] control-flow function=sub_001FFD08 addr=0x1ffe10 - unresolved JR/JALR at 0x1ffe10 0x1ffe28 0x1ffe74 0x1ffeb0 0x1ffef8 0x1fff34 0x200084 0x2000e4 0x2001c0 0x2002e8 0x20031c 0x200354; promoted 416 fallback entries
  [warning] control-flow function=sub_00200700 addr=0x2007bc - unresolved JR/JALR at 0x2007bc; promoted 180 fallback entries
  [warning] control-flow function=sub_00200DE8 addr=0x200ffc - unresolved JR/JALR at 0x200ffc 0x201014 0x201074 0x20108c 0x2014ec 0x201504 0x201630 0x2016a0 0x2016e4; promoted 590 fallback entries
  [warning] control-flow function=sub_00201868 addr=0x201894 - unresolved JR/JALR at 0x201894; promoted 16 fallback entries
  [warning] control-flow function=sub_002018A8 addr=0x201934 - unresolved JR/JALR at 0x201934 0x2019ac 0x201be0 0x201c44 0x201d3c 0x201d70 0x201de0 0x201e4c 0x201eac 0x201f10 0x201f70 0x2020d0 0x2021c8 0x202388 0x2023b4 0x20260c 0x202704; promoted 932 fallback entries
  [warning] control-flow function=sub_00202770 addr=0x202794 - unresolved JR/JALR at 0x202794 0x2027b0; promoted 46 fallback entries
  [warning] control-flow function=sub_00202828 addr=0x2028d0 - unresolved JR/JALR at 0x2028d0 0x2028ec 0x202960; promoted 172 fallback entries
  [warning] control-flow function=sub_002030A0 addr=0x203110 - unresolved JR/JALR at 0x203110 0x203128 0x203160 0x203178 0x2031b0 0x2031c8 0x203200 0x203218 0x203254 0x203274 0x2032b0 0x2032d0 0x20330c 0x20332c 0x203368 0x203388 0x2033c4 0x2033e4 0x203420 0x203440 0x203478 0x203490 0x2034c8 0x2034e0 0x203518 0x203530 0x203568 0x203580 0x2035b0 0x2035c8 0x203604 0x203640 0x203658 0x2036c8 0x2036e0 0x203750 0x203768 0x2037a4 0x2037bc 0x2037ec 0x203804 0x2038fc 0x203914; promoted 572 fallback entries
  [warning] control-flow function=sub_00203A58 addr=0x203be8 - unresolved JR/JALR at 0x203be8 0x203c00 0x203c4c 0x203c64; promoted 152 fallback entries
  [warning] control-flow function=sub_00204FF0 addr=0x205078 - unresolved JR/JALR at 0x205078; promoted 42 fallback entries
  [warning] control-flow function=sub_00203D40 addr=0x203f80 - unresolved JR/JALR at 0x203f80 0x203f98 0x204098 0x2040fc 0x204208; promoted 1196 fallback entries
  [warning] control-flow function=sub_00205098 addr=0x2054c8 - unresolved JR/JALR at 0x2054c8 0x205778 0x20594c 0x2059cc 0x205d14 0x205d90 0x205e10 0x205e80 0x205f0c 0x205f60 0x205fc0 0x20601c 0x206084 0x206138 0x2061c4 0x206218 0x206278 0x2062d4 0x20633c 0x2063e4 0x206470 0x2064ec 0x206580 0x20660c; promoted 1406 fallback entries
  [warning] control-flow function=sub_00206690 addr=0x2068e8 - unresolved JR/JALR at 0x2068e8 0x206904 0x206970 0x20698c 0x2069f8 0x206a14 0x206a94 0x206ac4 0x206b4c 0x206b7c 0x206c04 0x206c34 0x206cbc 0x206cec 0x206d74 0x206da4 0x206e2c 0x206e5c 0x206ed4 0x206f24 0x206f8c 0x206fdc 0x207044 0x2070ac 0x2070fc 0x207164 0x2071b4 0x20721c 0x207284 0x2072d4 0x20733c 0x20738c 0x2073f4; promoted 872 fallback entries
  [warning] control-flow function=sub_00207430 addr=0x207498 - unresolved JR/JALR at 0x207498 0x207e14 0x207f08 0x207f74; promoted 1002 fallback entries
  [warning] control-flow function=sub_002083D8 addr=0x208400 - unresolved JR/JALR at 0x208400 0x208424; promoted 24 fallback entries
  [warning] control-flow function=sub_00208438 addr=0x208460 - unresolved JR/JALR at 0x208460 0x208484 0x208760 0x2088e4 0x20897c 0x208994 0x2089f0 0x208a7c 0x208ac0 0x208b44 0x208b5c; promoted 480 fallback entries
  [warning] control-flow function=sub_00208BB8 addr=0x208bec - unresolved JR/JALR at 0x208bec 0x208c0c 0x208c64 0x208d70; promoted 214 fallback entries
  [warning] control-flow function=sub_00208F88 addr=0x20903c - unresolved JR/JALR at 0x20903c 0x20905c 0x209074 0x2090a4 0x209268 0x209280 0x2092bc 0x2092d8 0x209324 0x209340 0x209414 0x209430 0x209454 0x2095ac; promoted 408 fallback entries
  [warning] control-flow function=sub_002095E8 addr=0x20960c - unresolved JR/JALR at 0x20960c 0x209630; promoted 24 fallback entries
  [warning] control-flow function=sub_00209648 addr=0x20966c - unresolved JR/JALR at 0x20966c 0x209690; promoted 24 fallback entries
  [warning] control-flow function=sub_002096A8 addr=0x209728 - unresolved JR/JALR at 0x209728 0x2098ec 0x209920; promoted 178 fallback entries
  [warning] control-flow function=sub_00209970 addr=0x209c28 - unresolved JR/JALR at 0x209c28 0x209c5c 0x209dc4 0x209df8; promoted 322 fallback entries
  [warning] control-flow function=sub_00209E78 addr=0x209eb4 - unresolved JR/JALR at 0x209eb4 0x209f1c 0x209f40 0x209f64 0x209f88 0x20a000 0x20a030 0x20a050; promoted 132 fallback entries
  [warning] control-flow function=sub_0020A088 addr=0x20a0b8 - unresolved JR/JALR at 0x20a0b8 0x20a0d8 0x20a108 0x20a128 0x20a14c 0x20a16c; promoted 72 fallback entries
  [warning] control-flow function=sub_0020A380 addr=0x20a414 - unresolved JR/JALR at 0x20a414; promoted 44 fallback entries
  [warning] control-flow function=sub_0020A430 addr=0x20a4a4 - unresolved JR/JALR at 0x20a4a4; promoted 44 fallback entries
  [warning] control-flow function=sub_0020A4E0 addr=0x20a58c - unresolved JR/JALR at 0x20a58c 0x20a5c8 0x20a668; promoted 114 fallback entries
  [warning] control-flow function=sub_0020A6A8 addr=0x20a6d8 - unresolved JR/JALR at 0x20a6d8; promoted 18 fallback entries
  [warning] control-flow function=sub_0020A6F0 addr=0x20a840 - unresolved JR/JALR at 0x20a840; promoted 112 fallback entries
  [warning] control-flow function=sub_0020CBE8 addr=0x20cc3c - unresolved JR/JALR at 0x20cc3c; promoted 30 fallback entries
  [warning] control-flow function=sub_0020D190 addr=0x20d1c0 - unresolved JR/JALR at 0x20d1c0; promoted 18 fallback entries
  [warning] control-flow function=sub_0020E900 addr=0x20ea00 - unresolved JR/JALR at 0x20ea00 0x20ea34 0x20ea6c; promoted 104 fallback entries
  [warning] control-flow function=sub_0020D1D8 addr=0x20d2ac - unresolved JR/JALR at 0x20d2ac 0x20d2c4 0x20d408 0x20d4b4 0x20d65c 0x20d774 0x20d9c0 0x20ddfc 0x20de14 0x20de84 0x20de9c 0x20deb4 0x20dfd0 0x20e038 0x20e058 0x20e080 0x20e108 0x20e124 0x20e2e0 0x20e2fc 0x20e3ac 0x20e440 0x20e49c; promoted 1334 fallback entries
  [warning] control-flow function=sub_0020FB40 addr=0x20fbd8 - unresolved JR/JALR at 0x20fbd8 0x20fd64 0x20fe6c 0x20ff74 0x21000c 0x210228 0x210510 0x210548; promoted 668 fallback entries
  [warning] control-flow function=sub_0020EDA0 addr=0x20ee2c - unresolved JR/JALR at 0x20ee2c 0x20efa8 0x20f0b0 0x20f3d8 0x20f51c 0x20f5f0 0x20f6f0 0x20f88c 0x20fab0 0x20fae8; promoted 872 fallback entries
  [warning] control-flow function=sub_00210820 addr=0x210860 - unresolved JR/JALR at 0x210860; promoted 54 fallback entries
  [warning] control-flow function=sub_002108F8 addr=0x2109c8 - unresolved JR/JALR at 0x2109c8 0x210ac4 0x210b00; promoted 184 fallback entries
  [warning] control-flow function=sub_00211270 addr=0x211298 - unresolved JR/JALR at 0x211298 0x2112c0 0x2112e0 0x211338 0x211350; promoted 68 fallback entries
  [warning] control-flow function=sub_00212138 addr=0x212344 - unresolved JR/JALR at 0x212344; promoted 138 fallback entries
  [warning] control-flow function=sub_00211380 addr=0x2113cc - unresolved JR/JALR at 0x2113cc 0x2113ec 0x21142c 0x211440 0x2114ac 0x21150c 0x211530 0x211580 0x2115a8 0x2115c8 0x2115e8 0x211620 0x21164c 0x21166c 0x211688 0x2116ac 0x2116c4 0x2116e4 0x2116fc 0x21175c 0x211790 0x2117e0 0x211814 0x2118b4 0x2118e4 0x211914 0x21194c 0x2119b4 0x2119e4 0x211a6c 0x211a88 0x211ba0 0x211c0c 0x211c98 0x211cdc 0x211ed8 0x211f94 0x211fe4 0x212020 0x212054; promoted 832 fallback entries
  [warning] control-flow function=sub_00212360 addr=0x212450 - unresolved JR/JALR at 0x212450 0x2124a8 0x212630; promoted 290 fallback entries
  [warning] control-flow function=sub_0021D1A0 addr=0x21d490 - unresolved JR/JALR at 0x21d490 0x21d55c 0x21d630 0x21d754 0x21d85c 0x21d960; promoted 512 fallback entries
  [warning] control-flow function=sub_0021D9A0 addr=0x21dd3c - unresolved JR/JALR at 0x21dd3c 0x21de64 0x21df5c 0x21e040; promoted 516 fallback entries
  [warning] control-flow function=sub_0021EA00 addr=0x21ebdc - unresolved JR/JALR at 0x21ebdc 0x21ed30; promoted 210 fallback entries
  [warning] control-flow function=sub_0021F660 addr=0x21f7e8 - unresolved JR/JALR at 0x21f7e8; promoted 212 fallback entries
  [warning] control-flow function=sub_0021F9B0 addr=0x21fc80 - unresolved JR/JALR at 0x21fc80; promoted 226 fallback entries
  [warning] control-flow function=sub_002200C0 addr=0x220230 - unresolved JR/JALR at 0x220230; promoted 248 fallback entries
  [warning] control-flow function=sub_002204A0 addr=0x220500 - unresolved JR/JALR at 0x220500 0x2207d8; promoted 396 fallback entries
  [warning] control-flow function=sub_00224C00 addr=0x224c38 - unresolved JR/JALR at 0x224c38 0x224c5c; promoted 30 fallback entries
  [warning] control-flow function=sub_00224C78 addr=0x224cac - unresolved JR/JALR at 0x224cac 0x224cd4; promoted 34 fallback entries
  [warning] control-flow function=sub_00224D00 addr=0x224d50 - unresolved JR/JALR at 0x224d50; promoted 40 fallback entries
  [warning] control-flow function=sub_002227D0 addr=0x2228e8 - unresolved JR/JALR at 0x2228e8 0x223f9c; promoted 2316 fallback entries
  [warning] control-flow function=sub_00224F68 addr=0x224fb8 - unresolved JR/JALR at 0x224fb8; promoted 64 fallback entries
  [warning] control-flow function=sub_00225338 addr=0x22569c - unresolved JR/JALR at 0x22569c; promoted 298 fallback entries
  [warning] control-flow function=sub_002257E0 addr=0x225824 - unresolved JR/JALR at 0x225824 0x2258b4; promoted 114 fallback entries
  [warning] control-flow function=sub_002259A8 addr=0x225a18 - unresolved JR/JALR at 0x225a18 0x225a54 0x225ae8; promoted 122 fallback entries
  [warning] control-flow function=sub_00225BE8 addr=0x225c1c - unresolved JR/JALR at 0x225c1c 0x225c7c; promoted 46 fallback entries
  [warning] control-flow function=sub_00225CA0 addr=0x225cd8 - unresolved JR/JALR at 0x225cd8 0x225dc0; promoted 82 fallback entries
  [warning] control-flow function=sub_00226628 addr=0x2267a4 - unresolved JR/JALR at 0x2267a4; promoted 130 fallback entries
  [warning] control-flow function=sub_00226830 addr=0x226988 - unresolved JR/JALR at 0x226988 0x226a18 0x226a60; promoted 204 fallback entries
  [warning] control-flow function=sub_00227F80 addr=0x228060 - unresolved JR/JALR at 0x228060 0x22807c 0x22809c 0x2281b4; promoted 150 fallback entries
  [warning] control-flow function=sub_00228A78 addr=0x228b98 - unresolved JR/JALR at 0x228b98 0x228bec; promoted 100 fallback entries
  [warning] control-flow function=sub_00228C08 addr=0x228d2c - unresolved JR/JALR at 0x228d2c 0x228d48 0x228ec4; promoted 182 fallback entries
  [warning] control-flow function=sub_00229910 addr=0x2299f4 - unresolved JR/JALR at 0x2299f4; promoted 160 fallback entries
  [warning] control-flow function=sub_00229BA8 addr=0x229dbc - unresolved JR/JALR at 0x229dbc; promoted 158 fallback entries
  [warning] control-flow function=sub_00229E20 addr=0x229e40 - unresolved JR/JALR at 0x229e40; promoted 14 fallback entries
  [warning] control-flow function=sub_00229E58 addr=0x229ed4 - unresolved JR/JALR at 0x229ed4; promoted 54 fallback entries
  [warning] control-flow function=sub_0022C078 addr=0x22c134 - unresolved JR/JALR at 0x22c134 0x22c184; promoted 78 fallback entries
  [warning] control-flow function=sub_0022C1B0 addr=0x22c1dc - unresolved JR/JALR at 0x22c1dc 0x22c224 0x22c330 0x22c34c 0x22c398; promoted 130 fallback entries
  [warning] control-flow function=sub_0022C3B8 addr=0x22c3e0 - unresolved JR/JALR at 0x22c3e0; promoted 22 fallback entries
  [warning] control-flow function=sub_0022ADD8 addr=0x22ae50 - unresolved JR/JALR at 0x22ae50 0x22b060 0x22b088 0x22b0dc 0x22b1f0 0x22b234 0x22b250 0x22b274 0x22b2ec 0x22b310 0x22b32c 0x22b420 0x22bc4c 0x22bcd8 0x22bd1c 0x22bd70 0x22bdb8 0x22bde4 0x22bff8; promoted 1192 fallback entries
  [warning] control-flow function=sub_0022C410 addr=0x22c5fc - unresolved JR/JALR at 0x22c5fc; promoted 132 fallback entries
  [warning] control-flow function=sub_0022C620 addr=0x22c6d4 - unresolved JR/JALR at 0x22c6d4; promoted 58 fallback entries
  [warning] control-flow function=sub_0022C708 addr=0x22c740 - unresolved JR/JALR at 0x22c740 0x22c768; promoted 34 fallback entries
  [warning] control-flow function=sub_0022C830 addr=0x22c8e0 - unresolved JR/JALR at 0x22c8e0 0x22c904 0x22c920 0x22ca08 0x22ca4c 0x22caa0 0x22caec 0x22cb0c 0x22cc54 0x22cc74; promoted 302 fallback entries
  [warning] control-flow function=sub_0022D6C8 addr=0x22d7dc - unresolved JR/JALR at 0x22d7dc 0x22d888; promoted 132 fallback entries
  [warning] control-flow function=sub_0022DF50 addr=0x22dfa8 - unresolved JR/JALR at 0x22dfa8; promoted 32 fallback entries
  [warning] control-flow function=sub_0022DFF0 addr=0x22e04c - unresolved JR/JALR at 0x22e04c; promoted 34 fallback entries
  [warning] control-flow function=sub_0022E3B8 addr=0x22e450 - unresolved JR/JALR at 0x22e450 0x22e4a0 0x22e4e4; promoted 102 fallback entries
  [warning] control-flow function=sub_0022E550 addr=0x22e5b8 - unresolved JR/JALR at 0x22e5b8 0x22e5fc; promoted 120 fallback entries
  [warning] control-flow function=sub_0022E840 addr=0x22e884 - unresolved JR/JALR at 0x22e884; promoted 30 fallback entries
  [warning] control-flow function=sub_0022E7C8 addr=0x22e810 - unresolved JR/JALR at 0x22e810; promoted 30 fallback entries
  [warning] control-flow function=sub_0022E730 addr=0x22e778 - unresolved JR/JALR at 0x22e778; promoted 38 fallback entries
  [warning] control-flow function=sub_0022E968 addr=0x22ec58 - unresolved JR/JALR at 0x22ec58 0x22f028 0x22f288; promoted 850 fallback entries
  [warning] control-flow function=sub_00230180 addr=0x2301e0 - unresolved JR/JALR at 0x2301e0 0x23026c; promoted 74 fallback entries
  [warning] control-flow function=sub_0022F6B0 addr=0x22fcc0 - unresolved JR/JALR at 0x22fcc0 0x22fce0 0x22fd54 0x22fd74 0x22fd94 0x22fdec 0x22fe94 0x22fec8 0x22ffac 0x22ffc8 0x230090 0x2300a8; promoted 656 fallback entries
  [warning] control-flow function=sub_00230F40 addr=0x230fc4 - unresolved JR/JALR at 0x230fc4 0x230ff4 0x231098 0x2310b8 0x2310e4 0x23111c 0x23122c; promoted 196 fallback entries
  [warning] control-flow function=sub_002306A8 addr=0x2307f8 - unresolved JR/JALR at 0x2307f8 0x230adc 0x230bec 0x230cb0 0x230e0c 0x230eb8 0x230ef4; promoted 550 fallback entries
  [warning] control-flow function=sub_00231278 addr=0x2312b8 - unresolved JR/JALR at 0x2312b8; promoted 24 fallback entries
  [warning] control-flow function=sub_002312D8 addr=0x231304 - unresolved JR/JALR at 0x231304; promoted 18 fallback entries
  [warning] control-flow function=sub_00231320 addr=0x231370 - unresolved JR/JALR at 0x231370 0x23138c 0x2313a8 0x2313c4 0x2313e0 0x2313fc 0x2314f8 0x231514 0x231530 0x23154c 0x231568 0x231584 0x231660 0x231758; promoted 328 fallback entries
  [warning] control-flow function=sub_00231AB8 addr=0x231c58 - unresolved JR/JALR at 0x231c58; promoted 110 fallback entries
  [warning] control-flow function=sub_00231D60 addr=0x231e4c - unresolved JR/JALR at 0x231e4c 0x231e6c; promoted 136 fallback entries
  [warning] control-flow function=sub_00231FC0 addr=0x23202c - unresolved JR/JALR at 0x23202c 0x232044 0x232120 0x232144 0x232188 0x2321dc 0x23221c 0x2322bc 0x2322d4 0x2322ec; promoted 218 fallback entries
  [warning] control-flow function=sub_00232328 addr=0x2324a0 - unresolved JR/JALR at 0x2324a0 0x2324cc 0x2324f0 0x232668 0x232694 0x2326b8; promoted 254 fallback entries
  [warning] control-flow function=sub_00232738 addr=0x232838 - unresolved JR/JALR at 0x232838 0x232864 0x232888 0x2328c0 0x2328ec 0x232910; promoted 234 fallback entries
  [warning] control-flow function=sub_00232AE0 addr=0x232b50 - unresolved JR/JALR at 0x232b50 0x232ce0 0x232d70 0x232dc8 0x232e00 0x232e4c; promoted 346 fallback entries
  [warning] control-flow function=sub_00233048 addr=0x233144 - unresolved JR/JALR at 0x233144 0x233210 0x2332a0 0x23330c 0x233348 0x2333b0 0x2333e8 0x233464; promoted 382 fallback entries
  [warning] control-flow function=sub_00233640 addr=0x2337b0 - unresolved JR/JALR at 0x2337b0 0x233864 0x233908 0x233954 0x233974 0x2339b0 0x233a18 0x233a50; promoted 280 fallback entries
  [warning] control-flow function=sub_00233AF0 addr=0x233b10 - unresolved JR/JALR at 0x233b10; promoted 14 fallback entries
  [warning] control-flow function=sub_00233B28 addr=0x233b48 - unresolved JR/JALR at 0x233b48; promoted 26 fallback entries
  [warning] control-flow function=sub_002340B8 addr=0x2340e8 - unresolved JR/JALR at 0x2340e8 0x234104; promoted 26 fallback entries
  [warning] control-flow function=sub_00233C10 addr=0x233da4 - unresolved JR/JALR at 0x233da4 0x233e4c 0x233f88; promoted 298 fallback entries
  [warning] control-flow function=sub_00234120 addr=0x234150 - unresolved JR/JALR at 0x234150 0x23416c; promoted 26 fallback entries
  [warning] control-flow function=sub_00234188 addr=0x23429c - unresolved JR/JALR at 0x23429c 0x2342f8 0x234470 0x2347f4; promoted 482 fallback entries
  [warning] control-flow function=sub_00234990 addr=0x2349c0 - unresolved JR/JALR at 0x2349c0 0x2349dc 0x2349f8 0x234a14; promoted 40 fallback entries
  [warning] control-flow function=sub_00234A30 addr=0x234a60 - unresolved JR/JALR at 0x234a60 0x234a7c 0x234a98 0x234ab4; promoted 110 fallback entries
  [warning] control-flow function=sub_00234BE8 addr=0x234d24 - unresolved JR/JALR at 0x234d24; promoted 126 fallback entries
  [warning] control-flow function=sub_00234EF8 addr=0x23501c - unresolved JR/JALR at 0x23501c 0x2350d8 0x23537c 0x2353e0 0x235710; promoted 678 fallback entries
  [warning] control-flow function=sub_00235990 addr=0x2359c0 - unresolved JR/JALR at 0x2359c0 0x2359dc 0x2359f8; promoted 34 fallback entries
  [warning] control-flow function=sub_00235A18 addr=0x235a48 - unresolved JR/JALR at 0x235a48 0x235a64 0x235a80 0x235b94 0x235bf0 0x235ecc; promoted 332 fallback entries
  [warning] control-flow function=sub_00235F48 addr=0x235f78 - unresolved JR/JALR at 0x235f78 0x235f94 0x235fb0; promoted 34 fallback entries
  [warning] control-flow function=sub_00235FD0 addr=0x236000 - unresolved JR/JALR at 0x236000 0x23601c 0x236038; promoted 126 fallback entries
  [warning] control-flow function=sub_00236728 addr=0x236758 - unresolved JR/JALR at 0x236758 0x236774 0x236790 0x2367ac; promoted 40 fallback entries
  [warning] control-flow function=sub_002367C8 addr=0x2367f8 - unresolved JR/JALR at 0x2367f8 0x236814 0x236830 0x23684c; promoted 40 fallback entries
  [warning] control-flow function=sub_00236868 addr=0x236a7c - unresolved JR/JALR at 0x236a7c; promoted 164 fallback entries
  [warning] control-flow function=sub_00236B18 addr=0x236b58 - unresolved JR/JALR at 0x236b58; promoted 22 fallback entries
  [warning] control-flow function=sub_00236CD8 addr=0x236d28 - unresolved JR/JALR at 0x236d28; promoted 34 fallback entries
  [warning] control-flow function=sub_002380E8 addr=0x238120 - unresolved JR/JALR at 0x238120; promoted 30 fallback entries
  [warning] control-flow function=sub_00238160 addr=0x2381ac - unresolved JR/JALR at 0x2381ac 0x2381e8 0x238244; promoted 94 fallback entries
  [warning] control-flow function=sub_002382D8 addr=0x238304 - unresolved JR/JALR at 0x238304; promoted 28 fallback entries
  [warning] control-flow function=sub_00238358 addr=0x2383b0 - unresolved JR/JALR at 0x2383b0; promoted 110 fallback entries
  [warning] control-flow function=sub_00238510 addr=0x23853c - unresolved JR/JALR at 0x23853c; promoted 16 fallback entries
  [warning] control-flow function=sub_00238550 addr=0x23857c - unresolved JR/JALR at 0x23857c; promoted 16 fallback entries
  [warning] control-flow function=sub_00238590 addr=0x2385bc - unresolved JR/JALR at 0x2385bc 0x2385fc 0x238618 0x238634 0x238650 0x23866c 0x238688 0x2386a4 0x2386c0 0x2386dc 0x2386fc 0x23871c 0x238738 0x238754 0x238770 0x238790 0x2387ac 0x2387c8 0x2387e4 0x238800 0x23881c 0x238838 0x238854 0x238884 0x2388cc 0x2388e8 0x238904 0x238920 0x23893c 0x238958 0x238974 0x238990 0x2389ac 0x2389cc 0x2389ec 0x238a08 0x238a24 0x238a40 0x238a60 0x238a7c 0x238a98 0x238ab4 0x238ad0 0x238aec 0x238b08 0x238b24 0x238b54; promoted 376 fallback entries
  [warning] control-flow function=sub_0023A668 addr=0x23a81c - unresolved JR/JALR at 0x23a81c 0x23a8e4 0x23ac38 0x23ac70 0x23ad74 0x23ae70 0x23b058 0x23b090; promoted 656 fallback entries
  [warning] control-flow function=sub_00238BF8 addr=0x238d14 - unresolved JR/JALR at 0x238d14 0x238ecc 0x238fe4; promoted 848 fallback entries
  [warning] control-flow function=sub_0023C860 addr=0x23c880 - unresolved JR/JALR at 0x23c880; promoted 14 fallback entries
  [warning] control-flow function=sub_0023C8F0 addr=0x23c97c - unresolved JR/JALR at 0x23c97c 0x23c9bc; promoted 78 fallback entries
  [warning] control-flow function=sub_0023CA28 addr=0x23ca50 - unresolved JR/JALR at 0x23ca50; promoted 18 fallback entries
  [warning] control-flow function=sub_00239AA0 addr=0x239d38 - unresolved JR/JALR at 0x239d38 0x239d70 0x239e50 0x23a218 0x23a3c8; promoted 660 fallback entries
  [warning] control-flow function=sub_0023B0A8 addr=0x23b20c - unresolved JR/JALR at 0x23b20c 0x23b3e0 0x23b764 0x23b924 0x23b9e4 0x23bc54 0x23c240 0x23c718; promoted 1458 fallback entries
  [warning] control-flow function=sub_0023CA70 addr=0x23ca88 - unresolved JR/JALR at 0x23ca88; promoted 12 fallback entries
  [warning] control-flow function=sub_0023CAA0 addr=0x23cac8 - unresolved JR/JALR at 0x23cac8; promoted 18 fallback entries
  [warning] control-flow function=sub_0023CAE8 addr=0x23cb70 - unresolved JR/JALR at 0x23cb70 0x23cbb0; promoted 78 fallback entries
  [warning] control-flow function=sub_0023CC20 addr=0x23cc44 - unresolved JR/JALR at 0x23cc44; promoted 14 fallback entries
  [warning] control-flow function=sub_0023CC78 addr=0x23cd3c - unresolved JR/JALR at 0x23cd3c; promoted 78 fallback entries
  [warning] control-flow function=sub_0023CDB0 addr=0x23ce3c - unresolved JR/JALR at 0x23ce3c 0x23cec8 0x23cf00 0x23cf7c 0x23cfe4 0x23d00c 0x23d030 0x23d04c 0x23d078 0x23d0b0 0x23d0e0 0x23d110 0x23d154 0x23d2cc 0x23d330 0x23d344 0x23d35c 0x23d394 0x23d3b4 0x23d3f0 0x23d41c 0x23d430 0x23d444 0x23d458 0x23d46c 0x23d480 0x23d4cc 0x23d524 0x23d540; promoted 496 fallback entries
  [warning] control-flow function=sub_0023D660 addr=0x23d680 - unresolved JR/JALR at 0x23d680 0x23d6a4 0x23d6e4 0x23d744; promoted 94 fallback entries
  [warning] control-flow function=sub_0023E268 addr=0x23e288 - unresolved JR/JALR at 0x23e288 0x23e2a8; promoted 22 fallback entries
  [warning] control-flow function=sub_0023D7D8 addr=0x23d824 - unresolved JR/JALR at 0x23d824 0x23d83c 0x23d8c0 0x23d8e4 0x23d908 0x23d930 0x23d950 0x23d970 0x23d990 0x23d9b4 0x23d9d8 0x23d9fc 0x23da34 0x23da50 0x23da74 0x23da8c 0x23db3c 0x23db6c 0x23dbb8 0x23dbcc 0x23dbe0 0x23dbf4 0x23dc08 0x23dc34 0x23dc60 0x23dcac 0x23dcec 0x23dd24 0x23ddd4 0x23de08 0x23de6c 0x23de8c 0x23dee8; promoted 676 fallback entries
  [warning] control-flow function=sub_0023E2C8 addr=0x23e2e8 - unresolved JR/JALR at 0x23e2e8 0x23e308; promoted 22 fallback entries
  [warning] control-flow function=sub_0023E320 addr=0x23e340 - unresolved JR/JALR at 0x23e340 0x23e364 0x23e380 0x23e38c 0x23e3a8; promoted 40 fallback entries
  [warning] control-flow function=sub_0023E3C0 addr=0x23e3e0 - unresolved JR/JALR at 0x23e3e0 0x23e3f4 0x23e410; promoted 26 fallback entries
  [warning] control-flow function=sub_0023E428 addr=0x23e448 - unresolved JR/JALR at 0x23e448 0x23e45c; promoted 28 fallback entries
  [warning] control-flow function=sub_0023E498 addr=0x23e4b8 - unresolved JR/JALR at 0x23e4b8 0x23e4d8; promoted 22 fallback entries
  [warning] control-flow function=sub_0023E4F8 addr=0x23e528 - unresolved JR/JALR at 0x23e528; promoted 18 fallback entries
  [warning] control-flow function=sub_0023E540 addr=0x23e568 - unresolved JR/JALR at 0x23e568 0x23e594 0x23e6e4 0x23e704 0x23e724 0x23e744 0x23e768 0x23e788 0x23e7a8 0x23e7c8 0x23e7e4 0x23e800; promoted 184 fallback entries
  [warning] control-flow function=sub_0023E820 addr=0x23e840 - unresolved JR/JALR at 0x23e840 0x23e854 0x23e878 0x23e8c8 0x23e8e4 0x23e904 0x23e924 0x23e960 0x23e980 0x23e9a0 0x23e9c0 0x23e9f4 0x23ea14; promoted 132 fallback entries
  [warning] control-flow function=sub_0023EA30 addr=0x23ea74 - unresolved JR/JALR at 0x23ea74; promoted 24 fallback entries
  [warning] control-flow function=sub_0023EA90 addr=0x23eac8 - unresolved JR/JALR at 0x23eac8 0x23eb08; promoted 48 fallback entries
  [warning] control-flow function=sub_0023EB50 addr=0x23eb68 - unresolved JR/JALR at 0x23eb68; promoted 12 fallback entries
  [warning] control-flow function=sub_0023EB80 addr=0x23eba0 - unresolved JR/JALR at 0x23eba0 0x23ebb4 0x23ebd8; promoted 32 fallback entries
  [warning] control-flow function=sub_0023EC00 addr=0x23ec44 - unresolved JR/JALR at 0x23ec44 0x23ec78 0x23ecb8 0x23ecd8 0x23ecf8 0x23ed18 0x23ed6c 0x23ed8c 0x23edac 0x23edcc 0x23edec 0x23ee0c 0x23ee28 0x23ee4c 0x23ee90 0x23eef4 0x23ef1c 0x23ef44; promoted 218 fallback entries
  [warning] control-flow function=sub_0023EF68 addr=0x23ef94 - unresolved JR/JALR at 0x23ef94 0x23efbc 0x23eff0 0x23f004 0x23f028; promoted 58 fallback entries
  [warning] control-flow function=sub_0023F050 addr=0x23f084 - unresolved JR/JALR at 0x23f084 0x23f0a4 0x23f0c0 0x23f0e0; promoted 42 fallback entries
  [warning] control-flow function=sub_0023F0F8 addr=0x23f10c - unresolved JR/JALR at 0x23f10c; promoted 22 fallback entries
  [warning] control-flow function=sub_0023F150 addr=0x23f170 - unresolved JR/JALR at 0x23f170 0x23f184 0x23f1a8; promoted 34 fallback entries
  [warning] control-flow function=sub_0023F1D8 addr=0x23f1f8 - unresolved JR/JALR at 0x23f1f8 0x23f20c 0x23f230; promoted 32 fallback entries
  [warning] control-flow function=sub_0023F258 addr=0x23f278 - unresolved JR/JALR at 0x23f278 0x23f28c 0x23f2ac; promoted 32 fallback entries
  [warning] control-flow function=sub_0023F2D8 addr=0x23f2f0 - unresolved JR/JALR at 0x23f2f0; promoted 12 fallback entries
  [warning] control-flow function=sub_0023F308 addr=0x23f32c - unresolved JR/JALR at 0x23f32c 0x23f350 0x23f36c 0x23f388; promoted 38 fallback entries
  [warning] control-flow function=sub_0023F3A0 addr=0x23f3c0 - unresolved JR/JALR at 0x23f3c0 0x23f3e0 0x23f3fc 0x23f41c; promoted 38 fallback entries
  [warning] control-flow function=sub_0023F438 addr=0x23f458 - unresolved JR/JALR at 0x23f458 0x23f478 0x23f498 0x23f4c0 0x23f4dc; promoted 48 fallback entries
  [warning] control-flow function=sub_0023F4F8 addr=0x23f530 - unresolved JR/JALR at 0x23f530 0x23f560; promoted 32 fallback entries
  [warning] control-flow function=sub_0023FB58 addr=0x23fb90 - unresolved JR/JALR at 0x23fb90; promoted 24 fallback entries
  [warning] control-flow function=sub_0023FB20 addr=0x23fb40 - unresolved JR/JALR at 0x23fb40; promoted 14 fallback entries
  [warning] control-flow function=sub_0023F578 addr=0x23f5bc - unresolved JR/JALR at 0x23f5bc 0x23f5dc 0x23f608 0x23f638 0x23f650 0x23f66c; promoted 72 fallback entries
  [warning] control-flow function=sub_0023FBB8 addr=0x23fbe4 - unresolved JR/JALR at 0x23fbe4 0x23fc04 0x23fc20 0x23fc40 0x23fc58; promoted 46 fallback entries
  [warning] control-flow function=sub_0023FC70 addr=0x23fc90 - unresolved JR/JALR at 0x23fc90 0x23fca4 0x23fcc0 0x23fcd4 0x23fcf0; promoted 38 fallback entries
  [warning] control-flow function=sub_0023F698 addr=0x23f6e8 - unresolved JR/JALR at 0x23f6e8 0x23f78c 0x23f7a8 0x23f7e4 0x23f804 0x23f824 0x23f844 0x23f868 0x23f888 0x23f8a4 0x23f8c8 0x23f8fc 0x23f920 0x23f968 0x23f98c 0x23f9c8 0x23f9f4 0x23fa10 0x23fa2c 0x23fa4c 0x23fa6c 0x23fa78 0x23faa8 0x23fac0; promoted 274 fallback entries
  [warning] control-flow function=sub_0023FD08 addr=0x23fd24 - unresolved JR/JALR at 0x23fd24; promoted 14 fallback entries
  [warning] control-flow function=sub_0023FE70 addr=0x23fe90 - unresolved JR/JALR at 0x23fe90 0x23fea4 0x23fec8 0x23fee8; promoted 36 fallback entries
  [warning] control-flow function=sub_0023FD40 addr=0x23fd60 - unresolved JR/JALR at 0x23fd60 0x23fd8c 0x23fda8 0x23fdcc 0x23fdec 0x23fe10 0x23fe28 0x23fe3c 0x23fe58; promoted 76 fallback entries
  [warning] control-flow function=sub_0023FFC0 addr=0x23ffd8 - unresolved JR/JALR at 0x23ffd8; promoted 12 fallback entries
  [warning] control-flow function=sub_0023FF00 addr=0x23ff34 - unresolved JR/JALR at 0x23ff34 0x23ff54 0x23ff70 0x23ff7c 0x23ff9c 0x23ffa8; promoted 48 fallback entries
  [warning] control-flow function=sub_0023FFF0 addr=0x240010 - unresolved JR/JALR at 0x240010 0x240030 0x24004c 0x240068 0x24007c 0x240098; promoted 48 fallback entries
  [warning] control-flow function=sub_002400B0 addr=0x2400d0 - unresolved JR/JALR at 0x2400d0 0x2400ec 0x2400f8 0x240118; promoted 32 fallback entries
  [warning] control-flow function=sub_00240130 addr=0x24015c - unresolved JR/JALR at 0x24015c 0x24018c 0x2401a8 0x2401b4 0x2401d4 0x240200 0x240218 0x24023c 0x24026c 0x240288 0x24029c 0x2402b4; promoted 104 fallback entries
  [warning] control-flow function=sub_002402D0 addr=0x240314 - unresolved JR/JALR at 0x240314 0x24033c 0x240378 0x24038c 0x240478 0x240494 0x2404c8 0x2404f4 0x240520 0x240538 0x240568 0x240580 0x240590 0x2405ac; promoted 192 fallback entries
  [warning] control-flow function=sub_002405D0 addr=0x2405fc - unresolved JR/JALR at 0x2405fc 0x24061c 0x240638 0x240644 0x240670; promoted 46 fallback entries
  [warning] control-flow function=sub_00240688 addr=0x2406a8 - unresolved JR/JALR at 0x2406a8 0x2406c8 0x2406f0 0x24070c 0x240728 0x24073c; promoted 56 fallback entries
  [warning] control-flow function=sub_00240768 addr=0x240788 - unresolved JR/JALR at 0x240788 0x2407a8 0x2407c4 0x2407e4; promoted 38 fallback entries
  [warning] control-flow function=sub_00240800 addr=0x240820 - unresolved JR/JALR at 0x240820 0x240834; promoted 24 fallback entries
  [warning] control-flow function=sub_00240860 addr=0x240888 - unresolved JR/JALR at 0x240888 0x2408a8 0x2408cc 0x2408f0 0x240910 0x24092c 0x240948; promoted 64 fallback entries
  [warning] control-flow function=sub_00240960 addr=0x240980 - unresolved JR/JALR at 0x240980 0x240994 0x2409b0; promoted 26 fallback entries
  [warning] control-flow function=sub_002409C8 addr=0x2409e8 - unresolved JR/JALR at 0x2409e8 0x240a08 0x240a30 0x240a4c 0x240a68 0x240a7c 0x240a98; promoted 58 fallback entries
  [warning] control-flow function=sub_00240B88 addr=0x240bbc - unresolved JR/JALR at 0x240bbc 0x240bdc 0x240bf8 0x240c18; promoted 42 fallback entries
  [warning] control-flow function=sub_00240AB0 addr=0x240ad0 - unresolved JR/JALR at 0x240ad0 0x240af0 0x240b0c 0x240b28 0x240b3c 0x240b60; promoted 54 fallback entries
  [warning] control-flow function=sub_00240C30 addr=0x240c44 - unresolved JR/JALR at 0x240c44 0x240c60; promoted 24 fallback entries
  [warning] control-flow function=sub_00240C90 addr=0x240ca8 - unresolved JR/JALR at 0x240ca8; promoted 12 fallback entries
  [warning] control-flow function=sub_00240CC0 addr=0x240ce0 - unresolved JR/JALR at 0x240ce0 0x240d00 0x240d1c 0x240d38 0x240d54 0x240d78; promoted 52 fallback entries
  [warning] control-flow function=sub_00240D90 addr=0x240dbc - unresolved JR/JALR at 0x240dbc 0x240de8 0x240e04 0x240e24 0x240e4c 0x240e70 0x240e94; promoted 72 fallback entries
  [warning] control-flow function=sub_00240EB0 addr=0x240ec8 - unresolved JR/JALR at 0x240ec8; promoted 12 fallback entries
  [warning] control-flow function=sub_00240EE0 addr=0x240ef8 - unresolved JR/JALR at 0x240ef8; promoted 12 fallback entries
  [warning] control-flow function=sub_00240F30 addr=0x240f50 - unresolved JR/JALR at 0x240f50 0x240f64 0x240f84 0x240fe0; promoted 52 fallback entries
  [warning] control-flow function=sub_00241000 addr=0x241030 - unresolved JR/JALR at 0x241030 0x241080; promoted 40 fallback entries
  [warning] control-flow function=sub_002410A0 addr=0x2410b8 - unresolved JR/JALR at 0x2410b8; promoted 12 fallback entries
  [warning] control-flow function=sub_002410D0 addr=0x2410f0 - unresolved JR/JALR at 0x2410f0 0x241118; promoted 26 fallback entries
  [warning] control-flow function=sub_00241138 addr=0x241168 - unresolved JR/JALR at 0x241168; promoted 18 fallback entries
  [warning] control-flow function=sub_00241200 addr=0x241228 - unresolved JR/JALR at 0x241228; promoted 16 fallback entries
  [warning] control-flow function=sub_00241180 addr=0x2411b4 - unresolved JR/JALR at 0x2411b4 0x2411e0; promoted 32 fallback entries
  [warning] control-flow function=sub_00241240 addr=0x241260 - unresolved JR/JALR at 0x241260 0x241278 0x241284; promoted 24 fallback entries
  [warning] control-flow function=sub_00241380 addr=0x2413e4 - unresolved JR/JALR at 0x2413e4; promoted 32 fallback entries
  [warning] control-flow function=sub_00241400 addr=0x241494 - unresolved JR/JALR at 0x241494 0x2414d4 0x2414fc; promoted 80 fallback entries
  [warning] control-flow function=sub_00241540 addr=0x2415cc - unresolved JR/JALR at 0x2415cc 0x241604 0x24162c; promoted 116 fallback entries
  [warning] control-flow function=sub_00241710 addr=0x241740 - unresolved JR/JALR at 0x241740 0x241760 0x241784 0x2417a8 0x2417e8 0x241828 0x24188c 0x2418f4; promoted 178 fallback entries
  [warning] control-flow function=sub_00241AC0 addr=0x241aec - unresolved JR/JALR at 0x241aec; promoted 24 fallback entries
  [warning] control-flow function=sub_00241CD8 addr=0x241d18 - unresolved JR/JALR at 0x241d18; promoted 26 fallback entries
  [warning] control-flow function=sub_00241B20 addr=0x241b64 - unresolved JR/JALR at 0x241b64 0x241b80 0x241ba0 0x241bd0 0x241bf0 0x241c0c 0x241c3c 0x241c6c 0x241c8c; promoted 110 fallback entries
  [warning] control-flow function=sub_00241E18 addr=0x241e78 - unresolved JR/JALR at 0x241e78 0x241ecc 0x241f34 0x241f7c; promoted 102 fallback entries
  [warning] control-flow function=sub_00241FD0 addr=0x241fe4 - unresolved JR/JALR at 0x241fe4 0x241ffc 0x242018 0x242034; promoted 32 fallback entries
  [warning] control-flow function=sub_00242050 addr=0x242074 - unresolved JR/JALR at 0x242074 0x242090 0x2420ac; promoted 30 fallback entries
  [warning] control-flow function=sub_002420C8 addr=0x242150 - unresolved JR/JALR at 0x242150 0x242174 0x242198 0x2421cc 0x2421f4 0x242224 0x242258; promoted 112 fallback entries
  [warning] control-flow function=sub_002425C0 addr=0x242608 - unresolved JR/JALR at 0x242608 0x242620 0x242664 0x242828; promoted 252 fallback entries
  [warning] control-flow function=sub_00244408 addr=0x24444c - unresolved JR/JALR at 0x24444c 0x244490 0x2444c0 0x24477c; promoted 286 fallback entries
  [warning] control-flow function=sub_00244880 addr=0x24491c - unresolved JR/JALR at 0x24491c 0x244960 0x244990 0x244ae8 0x244dd0 0x244f1c 0x244fe0 0x2451f4 0x245370 0x2457e4 0x24581c 0x245850 0x245888 0x246058 0x246070 0x246188 0x2461a0 0x2461bc; promoted 1662 fallback entries
  [warning] control-flow function=sub_00245EC0 addr=0x246058 - unresolved JR/JALR at 0x246058 0x246070 0x246188 0x2461a0 0x2461bc; promoted 238 fallback entries
  [warning] control-flow function=sub_00246278 addr=0x246350 - unresolved JR/JALR at 0x246350 0x2463a4 0x246400 0x246484 0x2464bc; promoted 156 fallback entries
  [warning] control-flow function=sub_00246CF8 addr=0x2471e4 - unresolved JR/JALR at 0x2471e4 0x24720c; promoted 370 fallback entries
  [warning] control-flow function=sub_002464E8 addr=0x246724 - unresolved JR/JALR at 0x246724 0x24677c 0x2467e0 0x2468e4 0x246a38 0x246a88 0x246b00 0x246c10; promoted 516 fallback entries
  [warning] control-flow function=sub_002472C0 addr=0x247670 - unresolved JR/JALR at 0x247670 0x247768 0x2477e0; promoted 508 fallback entries
  [warning] control-flow function=sub_00247AB0 addr=0x247bc4 - unresolved JR/JALR at 0x247bc4; promoted 236 fallback entries
  [warning] control-flow function=sub_00252010 addr=0x252058 - unresolved JR/JALR at 0x252058 0x252060 0x25208c 0x252160 0x2521d4 0x2521e0 0x252200 0x25220c; promoted 142 fallback entries
  [warning] control-flow function=sub_00252A10 addr=0x252efc - unresolved JR/JALR at 0x252efc; promoted 340 fallback entries
  [warning] control-flow function=sub_002534A8 addr=0x253564 - unresolved JR/JALR at 0x253564 0x2535b4; promoted 84 fallback entries
  [warning] control-flow function=sub_002535F8 addr=0x25362c - unresolved JR/JALR at 0x25362c 0x253670; promoted 52 fallback entries
  [warning] control-flow function=sub_002536C8 addr=0x253790 - unresolved JR/JALR at 0x253790 0x2537b0 0x2537c8 0x253800; promoted 102 fallback entries
  [warning] control-flow function=sub_00253890 addr=0x2538fc - unresolved JR/JALR at 0x2538fc 0x253918; promoted 42 fallback entries
  [warning] control-flow function=sub_00253938 addr=0x253974 - unresolved JR/JALR at 0x253974; promoted 42 fallback entries
  [warning] control-flow function=sub_00254368 addr=0x2543b0 - unresolved JR/JALR at 0x2543b0; promoted 34 fallback entries
  [warning] control-flow function=sub_00254410 addr=0x254560 - unresolved JR/JALR at 0x254560 0x2545dc 0x254650 0x2546bc 0x254700 0x25482c 0x25483c 0x2548a0; promoted 304 fallback entries
  [warning] control-flow function=sub_002548D0 addr=0x254924 - unresolved JR/JALR at 0x254924 0x254940 0x254984 0x2549e8 0x254a08 0x254bd4 0x254d34 0x254de4; promoted 356 fallback entries
  [warning] control-flow function=sub_00254E60 addr=0x255698 - unresolved JR/JALR at 0x255698 0x2556d8 0x255708 0x255738 0x255760 0x255788; promoted 608 fallback entries
  [warning] control-flow function=sub_00255A20 addr=0x255a5c - unresolved JR/JALR at 0x255a5c 0x255ba0; promoted 118 fallback entries
  [warning] control-flow function=sub_00255CC8 addr=0x255cf8 - unresolved JR/JALR at 0x255cf8 0x255d18; promoted 28 fallback entries
  [warning] control-flow function=sub_00255D50 addr=0x255d70 - unresolved JR/JALR at 0x255d70; promoted 14 fallback entries
  [warning] control-flow function=sub_00255D88 addr=0x255da8 - unresolved JR/JALR at 0x255da8; promoted 14 fallback entries
  [warning] control-flow function=sub_00255DC0 addr=0x255de8 - unresolved JR/JALR at 0x255de8; promoted 16 fallback entries
  [warning] control-flow function=sub_00255E00 addr=0x255e28 - unresolved JR/JALR at 0x255e28; promoted 16 fallback entries
  [warning] control-flow function=sub_00256860 addr=0x25688c - unresolved JR/JALR at 0x25688c; promoted 38 fallback entries
  [warning] control-flow function=sub_002568F8 addr=0x256928 - unresolved JR/JALR at 0x256928; promoted 40 fallback entries
  [warning] control-flow function=sub_00256AA8 addr=0x256b00 - unresolved JR/JALR at 0x256b00; promoted 66 fallback entries
  [warning] control-flow function=sub_00258448 addr=0x2585a4 - unresolved JR/JALR at 0x2585a4; promoted 154 fallback entries
  [warning] control-flow function=sub_00258AE0 addr=0x258bac - unresolved JR/JALR at 0x258bac; promoted 58 fallback entries
  [warning] control-flow function=sub_00258CB0 addr=0x258d40 - unresolved JR/JALR at 0x258d40 0x258d80 0x258e34 0x258e70 0x258ef4; promoted 156 fallback entries
  [warning] control-flow function=sub_00259098 addr=0x25914c - unresolved JR/JALR at 0x25914c; promoted 64 fallback entries
  [warning] control-flow function=sub_00259230 addr=0x25926c - unresolved JR/JALR at 0x25926c; promoted 22 fallback entries
  [warning] control-flow function=sub_0025A1D0 addr=0x25a580 - unresolved JR/JALR at 0x25a580; promoted 288 fallback entries
  [warning] control-flow function=sub_0025A8B0 addr=0x25a92c - unresolved JR/JALR at 0x25a92c; promoted 38 fallback entries
  [warning] control-flow function=sub_0025AC50 addr=0x25acf0 - unresolved JR/JALR at 0x25acf0 0x25b4a8 0x25b5cc; promoted 622 fallback entries
  [warning] control-flow function=sub_00261070 addr=0x2610a4 - unresolved JR/JALR at 0x2610a4; promoted 24 fallback entries
  [warning] control-flow function=sub_00261530 addr=0x261584 - unresolved JR/JALR at 0x261584; promoted 38 fallback entries
  [warning] control-flow function=sub_00263018 addr=0x2630a8 - unresolved JR/JALR at 0x2630a8; promoted 68 fallback entries
  [warning] control-flow function=sub_00263490 addr=0x263578 - unresolved JR/JALR at 0x263578; promoted 70 fallback entries
  [warning] control-flow function=sub_002634C0 addr=0x263578 - unresolved JR/JALR at 0x263578; promoted 58 fallback entries
  [warning] control-flow function=sub_002635A8 addr=0x263614 - unresolved JR/JALR at 0x263614; promoted 34 fallback entries
  [warning] control-flow function=sub_002639E0 addr=0x263a5c - unresolved JR/JALR at 0x263a5c 0x263a90 0x263ad8 0x263aec; promoted 114 fallback entries
  [warning] control-flow function=sub_00263CF0 addr=0x263fb0 - unresolved JR/JALR at 0x263fb0; promoted 208 fallback entries
  [warning] control-flow function=sub_00264CF0 addr=0x264d34 - unresolved JR/JALR at 0x264d34 0x264d60; promoted 36 fallback entries
  [warning] control-flow function=sub_00264D80 addr=0x264dcc - unresolved JR/JALR at 0x264dcc 0x264e2c; promoted 52 fallback entries
  [warning] control-flow function=sub_002659E8 addr=0x265a00 - unresolved JR/JALR at 0x265a00 0x265a24; promoted 20 fallback entries
  [warning] control-flow function=sub_00265A38 addr=0x265a50 - unresolved JR/JALR at 0x265a50; promoted 12 fallback entries
  [warning] control-flow function=sub_00265CB0 addr=0x265cc8 - unresolved JR/JALR at 0x265cc8 0x265cec; promoted 22 fallback entries
  [warning] control-flow function=sub_00265D08 addr=0x265d20 - unresolved JR/JALR at 0x265d20; promoted 12 fallback entries
  [warning] control-flow function=sub_00265A68 addr=0x265a88 - unresolved JR/JALR at 0x265a88 0x265ab4 0x265acc 0x265afc 0x265b2c 0x265b5c 0x265b8c 0x265bf4 0x265c18 0x265c38 0x265c58 0x265c78; promoted 146 fallback entries
  [warning] control-flow function=sub_00265D38 addr=0x265d50 - unresolved JR/JALR at 0x265d50; promoted 12 fallback entries
  [warning] control-flow function=sub_00265D68 addr=0x265d80 - unresolved JR/JALR at 0x265d80; promoted 12 fallback entries
  [warning] control-flow function=sub_00265F68 addr=0x2663dc - unresolved JR/JALR at 0x2663dc 0x26644c 0x266520; promoted 388 fallback entries
  [warning] control-flow function=sub_0026A180 addr=0x26a1b8 - unresolved JR/JALR at 0x26a1b8 0x26a21c; promoted 110 fallback entries
  [warning] control-flow function=sub_0026D818 addr=0x26d858 - unresolved JR/JALR at 0x26d858 0x26d880 0x26d8a4 0x26d8d8 0x26d8fc; promoted 92 fallback entries
  [warning] control-flow function=sub_0026D988 addr=0x26da08 - unresolved JR/JALR at 0x26da08 0x26da44; promoted 64 fallback entries
  [warning] control-flow function=sub_0026DA88 addr=0x26db00 - unresolved JR/JALR at 0x26db00 0x26db4c; promoted 64 fallback entries
  [warning] control-flow function=sub_0026DBF0 addr=0x26dc58 - unresolved JR/JALR at 0x26dc58 0x26dc80 0x26dca4 0x26dce4 0x26dd08; promoted 116 fallback entries
  [warning] control-flow function=sub_0026DDC0 addr=0x26ddfc - unresolved JR/JALR at 0x26ddfc; promoted 38 fallback entries
  [warning] control-flow function=sub_0026DE58 addr=0x26de98 - unresolved JR/JALR at 0x26de98; promoted 32 fallback entries
  [warning] control-flow function=sub_0026E340 addr=0x26e37c - unresolved JR/JALR at 0x26e37c 0x26e3a8; promoted 66 fallback entries
  [warning] control-flow function=sub_0026DED8 addr=0x26df18 - unresolved JR/JALR at 0x26df18 0x26e320; promoted 282 fallback entries
  [warning] control-flow function=sub_0026EA68 addr=0x26ea94 - unresolved JR/JALR at 0x26ea94; promoted 20 fallback entries
  [warning] control-flow function=sub_0026EAB8 addr=0x26eb78 - unresolved JR/JALR at 0x26eb78 0x26ec40 0x26ed10 0x26ed74; promoted 180 fallback entries
  [warning] control-flow function=sub_0026F088 addr=0x26f140 - unresolved JR/JALR at 0x26f140; promoted 62 fallback entries
  [warning] control-flow function=sub_0026FB88 addr=0x26fdec - unresolved JR/JALR at 0x26fdec 0x26fe18; promoted 178 fallback entries
  [warning] control-flow function=sub_0026FE50 addr=0x26fe8c - unresolved JR/JALR at 0x26fe8c 0x27004c; promoted 136 fallback entries
  [warning] control-flow function=sub_002703F0 addr=0x2704ec - unresolved JR/JALR at 0x2704ec; promoted 82 fallback entries
  [warning] control-flow function=sub_00270730 addr=0x27078c - unresolved JR/JALR at 0x27078c; promoted 44 fallback entries
  [warning] control-flow function=sub_002710A8 addr=0x27112c - unresolved JR/JALR at 0x27112c; promoted 96 fallback entries
  [warning] control-flow function=sub_00273AA8 addr=0x273c34 - unresolved JR/JALR at 0x273c34 0x273cb8 0x273ce4; promoted 158 fallback entries
  [warning] control-flow function=sub_00273D20 addr=0x273d64 - unresolved JR/JALR at 0x273d64 0x273d94; promoted 40 fallback entries
  [warning] control-flow function=sub_00273F68 addr=0x273ff0 - unresolved JR/JALR at 0x273ff0 0x274020 0x274094 0x2740c4; promoted 102 fallback entries
  [warning] control-flow function=sub_00273DC0 addr=0x273e04 - unresolved JR/JALR at 0x273e04 0x273e48 0x273e68 0x273ee4 0x273f10; promoted 106 fallback entries
  [warning] control-flow function=sub_00274100 addr=0x274188 - unresolved JR/JALR at 0x274188; promoted 80 fallback entries
  [warning] control-flow function=sub_00274240 addr=0x27427c - unresolved JR/JALR at 0x27427c 0x2742a4; promoted 34 fallback entries
  [warning] control-flow function=sub_00274918 addr=0x2749c8 - unresolved JR/JALR at 0x2749c8; promoted 52 fallback entries
  [warning] control-flow function=sub_002743E8 addr=0x274460 - unresolved JR/JALR at 0x274460 0x2744b8 0x2744e8; promoted 76 fallback entries
  [warning] control-flow function=sub_00274DE0 addr=0x274e60 - unresolved JR/JALR at 0x274e60 0x274fe8 0x27512c 0x275168; promoted 240 fallback entries
  [warning] control-flow function=sub_002751A0 addr=0x2752b8 - unresolved JR/JALR at 0x2752b8; promoted 134 fallback entries
  [warning] control-flow function=sub_00275650 addr=0x27567c - unresolved JR/JALR at 0x27567c; promoted 18 fallback entries
  [warning] control-flow function=sub_00275698 addr=0x2756e0 - unresolved JR/JALR at 0x2756e0; promoted 32 fallback entries
  [warning] control-flow function=sub_00275920 addr=0x2759a8 - unresolved JR/JALR at 0x2759a8 0x2759e8; promoted 64 fallback entries
  [warning] control-flow function=sub_00275A20 addr=0x275a6c - unresolved JR/JALR at 0x275a6c 0x275aa4 0x275ad0; promoted 58 fallback entries
  [warning] control-flow function=sub_00275B98 addr=0x275c70 - unresolved JR/JALR at 0x275c70; promoted 78 fallback entries
  [warning] control-flow function=sub_00276388 addr=0x276444 - unresolved JR/JALR at 0x276444 0x276634; promoted 202 fallback entries
  [warning] control-flow function=sub_00276868 addr=0x276948 - unresolved JR/JALR at 0x276948; promoted 76 fallback entries
  [warning] control-flow function=sub_00277598 addr=0x277698 - unresolved JR/JALR at 0x277698; promoted 82 fallback entries
  [warning] control-flow function=sub_00277838 addr=0x2778c0 - unresolved JR/JALR at 0x2778c0; promoted 82 fallback entries
  [warning] control-flow function=sub_00277F20 addr=0x2781b8 - unresolved JR/JALR at 0x2781b8; promoted 188 fallback entries
  [warning] control-flow function=sub_00278A98 addr=0x278b40 - unresolved JR/JALR at 0x278b40; promoted 64 fallback entries
  [warning] control-flow function=sub_002797A0 addr=0x279d6c - unresolved JR/JALR at 0x279d6c 0x279e0c; promoted 462 fallback entries
  [warning] control-flow function=sub_0027AC60 addr=0x27ad20 - unresolved JR/JALR at 0x27ad20 0x27adb0 0x27ae2c 0x27b020; promoted 280 fallback entries
  [warning] control-flow function=sub_0027B750 addr=0x27b7a4 - unresolved JR/JALR at 0x27b7a4; promoted 126 fallback entries
  [warning] control-flow function=sub_0027B948 addr=0x27b998 - unresolved JR/JALR at 0x27b998; promoted 112 fallback entries
  [warning] control-flow function=sub_0027C0F0 addr=0x27c11c - unresolved JR/JALR at 0x27c11c 0x27c144 0x27c16c 0x27c194 0x27c1bc 0x27c1e4 0x27c20c 0x27c234 0x27c25c 0x27c284; promoted 110 fallback entries
  [warning] control-flow function=sub_0027C300 addr=0x27c32c - unresolved JR/JALR at 0x27c32c 0x27c354 0x27c37c 0x27c3a4 0x27c3cc 0x27c3f4 0x27c41c 0x27c444 0x27c46c 0x27c494; promoted 110 fallback entries
  [warning] control-flow function=sub_0027C510 addr=0x27c53c - unresolved JR/JALR at 0x27c53c 0x27c564 0x27c58c 0x27c5b4 0x27c5dc 0x27c604 0x27c62c 0x27c654 0x27c67c; promoted 100 fallback entries
  [warning] control-flow function=sub_0027C6F8 addr=0x27c724 - unresolved JR/JALR at 0x27c724 0x27c74c 0x27c774 0x27c79c 0x27c7c4 0x27c7ec 0x27c814 0x27c83c 0x27c864; promoted 100 fallback entries
  [warning] control-flow function=sub_0027C8E0 addr=0x27c90c - unresolved JR/JALR at 0x27c90c 0x27c934; promoted 30 fallback entries
  [warning] control-flow function=sub_0027CBB0 addr=0x27cbdc - unresolved JR/JALR at 0x27cbdc 0x27cc04; promoted 30 fallback entries
  [warning] control-flow function=sub_0027C9B0 addr=0x27c9dc - unresolved JR/JALR at 0x27c9dc 0x27ca04 0x27ca28 0x27ca50 0x27ca74 0x27ca9c 0x27cac0 0x27cae8 0x27cb10 0x27cb38 0x27cb60 0x27cb88; promoted 128 fallback entries
  [warning] control-flow function=sub_0027CC28 addr=0x27cc54 - unresolved JR/JALR at 0x27cc54 0x27cc7c 0x27cca0 0x27ccc8 0x27ccec 0x27cd14 0x27cd38 0x27cd60 0x27cd84 0x27cdac; promoted 106 fallback entries
  [warning] control-flow function=sub_0027CEA8 addr=0x27cf14 - unresolved JR/JALR at 0x27cf14 0x27cf40; promoted 56 fallback entries
  [warning] control-flow function=sub_0027CF88 addr=0x27cfd4 - unresolved JR/JALR at 0x27cfd4 0x27d000; promoted 50 fallback entries
  [warning] control-flow function=sub_0027D050 addr=0x27d094 - unresolved JR/JALR at 0x27d094; promoted 28 fallback entries
  [warning] control-flow function=sub_0027D0C0 addr=0x27d100 - unresolved JR/JALR at 0x27d100 0x27d128; promoted 44 fallback entries
  [warning] control-flow function=sub_0027D170 addr=0x27d1a8 - unresolved JR/JALR at 0x27d1a8 0x27d1d0; promoted 40 fallback entries
  [warning] control-flow function=sub_0027D210 addr=0x27d250 - unresolved JR/JALR at 0x27d250 0x27d274; promoted 46 fallback entries
  [warning] control-flow function=sub_0027D400 addr=0x27d440 - unresolved JR/JALR at 0x27d440 0x27d470; promoted 40 fallback entries
  [warning] control-flow function=sub_0027D4A0 addr=0x27d4f0 - unresolved JR/JALR at 0x27d4f0 0x27d520; promoted 40 fallback entries
  [warning] control-flow function=sub_0027D688 addr=0x27d6dc - unresolved JR/JALR at 0x27d6dc 0x27d6fc 0x27d75c; promoted 64 fallback entries
  [warning] control-flow function=sub_0027D790 addr=0x27d808 - unresolved JR/JALR at 0x27d808 0x27d838 0x27d954; promoted 120 fallback entries
  [warning] control-flow function=sub_002803F0 addr=0x28048c - unresolved JR/JALR at 0x28048c; promoted 76 fallback entries
  [warning] control-flow function=sub_002821A0 addr=0x28220c - unresolved JR/JALR at 0x28220c; promoted 64 fallback entries
  [warning] control-flow function=sub_00282540 addr=0x28259c - unresolved JR/JALR at 0x28259c 0x2825c8 0x2825f8 0x282660; promoted 102 fallback entries
  [warning] control-flow function=sub_002829D0 addr=0x2829f8 - unresolved JR/JALR at 0x2829f8; promoted 18 fallback entries
  [warning] control-flow function=sub_00282A18 addr=0x282a44 - unresolved JR/JALR at 0x282a44 0x282afc; promoted 102 fallback entries
  [warning] control-flow function=sub_00282EF0 addr=0x282f18 - unresolved JR/JALR at 0x282f18 0x282f48; promoted 28 fallback entries
  [warning] control-flow function=sub_00283298 addr=0x2832bc - unresolved JR/JALR at 0x2832bc; promoted 16 fallback entries
  [warning] control-flow function=sub_002832D8 addr=0x2832fc - unresolved JR/JALR at 0x2832fc 0x283348 0x283370 0x2833d0 0x2833f8; promoted 86 fallback entries
  [warning] control-flow function=sub_00282DD0 addr=0x282e38 - unresolved JR/JALR at 0x282e38 0x282eb4; promoted 72 fallback entries
  [warning] control-flow function=sub_00283610 addr=0x28363c - unresolved JR/JALR at 0x28363c; promoted 18 fallback entries
  [warning] control-flow function=sub_00283658 addr=0x2836a0 - unresolved JR/JALR at 0x2836a0; promoted 32 fallback entries
  [warning] control-flow function=sub_00283818 addr=0x28389c - unresolved JR/JALR at 0x28389c; promoted 52 fallback entries
  [warning] control-flow function=sub_002839A8 addr=0x283a4c - unresolved JR/JALR at 0x283a4c 0x283a70; promoted 62 fallback entries
  [warning] control-flow function=sub_00284C28 addr=0x284c50 - unresolved JR/JALR at 0x284c50; promoted 16 fallback entries
  [warning] control-flow function=sub_00285FB0 addr=0x286170 - unresolved JR/JALR at 0x286170 0x2861ec; promoted 148 fallback entries
  [warning] control-flow function=sub_00286200 addr=0x286280 - unresolved JR/JALR at 0x286280; promoted 42 fallback entries
  [warning] control-flow function=sub_002867E8 addr=0x286a18 - unresolved JR/JALR at 0x286a18; promoted 166 fallback entries
  [warning] control-flow function=sub_00286A80 addr=0x286adc - unresolved JR/JALR at 0x286adc 0x286b00 0x286b24 0x286b48 0x286b6c 0x286b90 0x286bd8; promoted 96 fallback entries
  [warning] control-flow function=sub_00286EA0 addr=0x286f8c - unresolved JR/JALR at 0x286f8c 0x286fc0; promoted 128 fallback entries
  [warning] control-flow function=sub_002872A8 addr=0x28731c - unresolved JR/JALR at 0x28731c; promoted 76 fallback entries
  [warning] control-flow function=sub_00288A20 addr=0x288a88 - unresolved JR/JALR at 0x288a88; promoted 40 fallback entries
  [warning] control-flow function=sub_002898A8 addr=0x2898e8 - unresolved JR/JALR at 0x2898e8 0x28992c 0x289964 0x2899ac; promoted 80 fallback entries
  [warning] control-flow function=sub_002899F8 addr=0x289a3c - unresolved JR/JALR at 0x289a3c 0x289acc; promoted 62 fallback entries
  [warning] control-flow function=sub_00289C18 addr=0x289c50 - unresolved JR/JALR at 0x289c50; promoted 32 fallback entries
  [warning] control-flow function=sub_00289C98 addr=0x289cdc - unresolved JR/JALR at 0x289cdc; promoted 28 fallback entries
  [warning] control-flow function=sub_00289DF0 addr=0x289f98 - unresolved JR/JALR at 0x289f98 0x289ff8; promoted 154 fallback entries
  [warning] control-flow function=sub_0028A298 addr=0x28a2fc - unresolved JR/JALR at 0x28a2fc 0x28a494 0x28a4dc; promoted 176 fallback entries
  [warning] control-flow function=sub_0028AAF8 addr=0x28ac48 - unresolved JR/JALR at 0x28ac48 0x28ad70 0x28ae0c 0x28af88 0x28b01c 0x28b16c; promoted 418 fallback entries
  [warning] control-flow function=sub_0028B320 addr=0x28b414 - unresolved JR/JALR at 0x28b414 0x28b4f0; promoted 130 fallback entries
  [warning] control-flow function=sub_0028B588 addr=0x28b5e4 - unresolved JR/JALR at 0x28b5e4; promoted 50 fallback entries
  [warning] control-flow function=sub_0028B650 addr=0x28b690 - unresolved JR/JALR at 0x28b690; promoted 30 fallback entries
  [warning] control-flow function=sub_0028B878 addr=0x28b8c0 - unresolved JR/JALR at 0x28b8c0; promoted 24 fallback entries
  [warning] control-flow function=sub_0028B930 addr=0x28b970 - unresolved JR/JALR at 0x28b970; promoted 34 fallback entries
  [warning] control-flow function=sub_0028C8C8 addr=0x28cc80 - unresolved JR/JALR at 0x28cc80 0x28ccd8; promoted 288 fallback entries
  [warning] control-flow function=sub_0028CD48 addr=0x28cda0 - unresolved JR/JALR at 0x28cda0 0x28cdc4; promoted 44 fallback entries
  [warning] control-flow function=sub_0028CDF8 addr=0x28ce90 - unresolved JR/JALR at 0x28ce90 0x28cf2c 0x28cf50; promoted 104 fallback entries
  [warning] control-flow function=sub_0028CF98 addr=0x28d080 - unresolved JR/JALR at 0x28d080 0x28d0e0 0x28d138 0x28d2d4 0x28d32c 0x28d37c 0x28d3ac 0x28d3f4 0x28d440; promoted 316 fallback entries
  [warning] control-flow function=sub_0028D630 addr=0x28d6a0 - unresolved JR/JALR at 0x28d6a0 0x28d6c0 0x28d6f8 0x28d718; promoted 68 fallback entries
  [warning] control-flow function=sub_0028D740 addr=0x28d788 - unresolved JR/JALR at 0x28d788; promoted 38 fallback entries
  [warning] control-flow function=sub_0028D7D8 addr=0x28d828 - unresolved JR/JALR at 0x28d828 0x28d868; promoted 48 fallback entries
  [warning] control-flow function=sub_0028D988 addr=0x28d9c0 - unresolved JR/JALR at 0x28d9c0 0x28da54 0x28dae4 0x28db34 0x28db58 0x28dc24 0x28dc48 0x28dcb8 0x28dcdc 0x28dd68 0x28dd8c 0x28ddc8 0x28ddec 0x28de18 0x28de38 0x28de54 0x28de7c 0x28dea8 0x28dec4; promoted 346 fallback entries
  [warning] control-flow function=sub_0028DF18 addr=0x28df7c - unresolved JR/JALR at 0x28df7c; promoted 122 fallback entries
  [warning] control-flow function=sub_0028E8C0 addr=0x28ea08 - unresolved JR/JALR at 0x28ea08 0x28ee44 0x28ee7c 0x28ee98 0x28eed4 0x28ef64; promoted 436 fallback entries
  [warning] control-flow function=sub_0028E100 addr=0x28e1e4 - unresolved JR/JALR at 0x28e1e4 0x28e244 0x28e29c 0x28e2c0 0x28e38c 0x28e3ec 0x28e444 0x28e468 0x28e52c; promoted 482 fallback entries
  [warning] control-flow function=sub_0028F140 addr=0x28f174 - unresolved JR/JALR at 0x28f174 0x28f1ec; promoted 48 fallback entries
  [warning] control-flow function=sub_0028F2C0 addr=0x28f304 - unresolved JR/JALR at 0x28f304 0x28f3a0 0x28f448 0x28f508; promoted 152 fallback entries
  [warning] control-flow function=sub_0028F5B8 addr=0x28f64c - unresolved JR/JALR at 0x28f64c; promoted 48 fallback entries
  [warning] control-flow function=sub_0028FC58 addr=0x28fcb0 - unresolved JR/JALR at 0x28fcb0 0x28fcd4; promoted 42 fallback entries
  [warning] control-flow function=sub_00290C40 addr=0x290c58 - unresolved JR/JALR at 0x290c58; promoted 198 fallback entries
  [warning] control-flow function=sub_002913D8 addr=0x29140c - unresolved JR/JALR at 0x29140c; promoted 24 fallback entries
  [warning] control-flow function=sub_00292AE8 addr=0x292b10 - unresolved JR/JALR at 0x292b10; promoted 24 fallback entries
  [warning] control-flow function=sub_00292B48 addr=0x292b80 - unresolved JR/JALR at 0x292b80 0x292bac 0x292bd8 0x292c04 0x292c74 0x292ca0; promoted 392 fallback entries
  [warning] control-flow function=sub_00293538 addr=0x2935b0 - unresolved JR/JALR at 0x2935b0; promoted 130 fallback entries
  [warning] control-flow function=sub_00293740 addr=0x2937b8 - unresolved JR/JALR at 0x2937b8; promoted 130 fallback entries
  [warning] control-flow function=sub_00293948 addr=0x2939c0 - unresolved JR/JALR at 0x2939c0; promoted 130 fallback entries
  [warning] control-flow function=sub_00293BB0 addr=0x293c00 - unresolved JR/JALR at 0x293c00; promoted 132 fallback entries
  [warning] control-flow function=sub_00293DC0 addr=0x293e34 - unresolved JR/JALR at 0x293e34; promoted 130 fallback entries
  [warning] control-flow function=sub_00293FC8 addr=0x294018 - unresolved JR/JALR at 0x294018; promoted 106 fallback entries
  [warning] control-flow function=sub_00294678 addr=0x2946d0 - unresolved JR/JALR at 0x2946d0 0x294700; promoted 78 fallback entries
  [warning] control-flow function=sub_002948D0 addr=0x2949e4 - unresolved JR/JALR at 0x2949e4 0x294a0c; promoted 414 fallback entries
  [warning] control-flow function=sub_00294F48 addr=0x294f64 - unresolved JR/JALR at 0x294f64; promoted 12 fallback entries
  [warning] control-flow function=sub_00294F78 addr=0x294fa4 - unresolved JR/JALR at 0x294fa4 0x295010; promoted 44 fallback entries
  [warning] control-flow function=sub_00296088 addr=0x2960cc - unresolved JR/JALR at 0x2960cc 0x296110; promoted 90 fallback entries
  [warning] control-flow function=sub_00296310 addr=0x296354 - unresolved JR/JALR at 0x296354 0x29637c; promoted 342 fallback entries
  [warning] control-flow function=sub_00296868 addr=0x2968b0 - unresolved JR/JALR at 0x2968b0 0x2968e4; promoted 366 fallback entries
  [warning] control-flow function=sub_00296E80 addr=0x296ec8 - unresolved JR/JALR at 0x296ec8 0x296efc; promoted 366 fallback entries
  [warning] control-flow function=sub_00297950 addr=0x297ab4 - unresolved JR/JALR at 0x297ab4 0x297ad4 0x297af4; promoted 346 fallback entries
  [warning] control-flow function=sub_00297FA0 addr=0x298020 - unresolved JR/JALR at 0x298020 0x298038 0x298060; promoted 68 fallback entries
  [warning] control-flow function=sub_00298488 addr=0x2984d4 - unresolved JR/JALR at 0x2984d4 0x298500 0x298584 0x2985a0; promoted 328 fallback entries
  [warning] control-flow function=sub_0029C7B0 addr=0x29c808 - unresolved JR/JALR at 0x29c808 0x29cb24 0x29cc28 0x29cc50; promoted 318 fallback entries
  [warning] control-flow function=sub_0029D6E0 addr=0x29d764 - unresolved JR/JALR at 0x29d764 0x29d868 0x29d8a8; promoted 128 fallback entries
  [warning] control-flow function=sub_0029D8E0 addr=0x29d918 - unresolved JR/JALR at 0x29d918; promoted 180 fallback entries
  [warning] control-flow function=sub_0029DBB0 addr=0x29dc24 - unresolved JR/JALR at 0x29dc24; promoted 38 fallback entries
  [warning] control-flow function=sub_0029DEF0 addr=0x29df74 - unresolved JR/JALR at 0x29df74 0x29df8c 0x29e3d0; promoted 338 fallback entries
  [warning] control-flow function=sub_0029E438 addr=0x29e4fc - unresolved JR/JALR at 0x29e4fc; promoted 74 fallback entries
  [warning] control-flow function=sub_0029F620 addr=0x29f638 - unresolved JR/JALR at 0x29f638; promoted 16 fallback entries
  [warning] control-flow function=sub_0029F660 addr=0x29fc04 - unresolved JR/JALR at 0x29fc04; promoted 410 fallback entries
  [warning] control-flow function=sub_0029FCC8 addr=0x29fd74 - unresolved JR/JALR at 0x29fd74 0x29fdfc 0x29fef0 0x29ff50; promoted 174 fallback entries
  [warning] control-flow function=sub_002A02D8 addr=0x2a0358 - unresolved JR/JALR at 0x2a0358 0x2a03e0 0x2a04d4 0x2a0534; promoted 162 fallback entries
  [warning] control-flow function=sub_0029FF80 addr=0x2a0000 - unresolved JR/JALR at 0x2a0000 0x2a0050 0x2a0250 0x2a02ac; promoted 214 fallback entries
  [warning] control-flow function=sub_002A0560 addr=0x2a0664 - unresolved JR/JALR at 0x2a0664 0x2a069c 0x2a070c 0x2a073c 0x2a0790 0x2a07c8 0x2a08d0 0x2a0928 0x2a099c 0x2a09f4; promoted 308 fallback entries
  [warning] control-flow function=sub_002A0A30 addr=0x2a0b1c - unresolved JR/JALR at 0x2a0b1c 0x2a0b54 0x2a0bd8 0x2a0c04 0x2a0d18 0x2a0d70 0x2a0ddc 0x2a0e34; promoted 272 fallback entries
  [warning] control-flow function=sub_002A0E70 addr=0x2a0ed0 - unresolved JR/JALR at 0x2a0ed0 0x2a0f4c 0x2a0ff8; promoted 110 fallback entries
  [warning] control-flow function=sub_002A1138 addr=0x2a11c4 - unresolved JR/JALR at 0x2a11c4 0x2a1258; promoted 82 fallback entries
  [warning] control-flow function=sub_002A1280 addr=0x2a12d0 - unresolved JR/JALR at 0x2a12d0 0x2a1360; promoted 96 fallback entries
  [warning] control-flow function=sub_002A1400 addr=0x2a144c - unresolved JR/JALR at 0x2a144c 0x2a1538; promoted 88 fallback entries
  [warning] control-flow function=sub_002A1560 addr=0x2a15b4 - unresolved JR/JALR at 0x2a15b4 0x2a160c 0x2a1688; promoted 84 fallback entries
  [warning] control-flow function=sub_002A16B0 addr=0x2a175c - unresolved JR/JALR at 0x2a175c; promoted 50 fallback entries
  [warning] control-flow function=sub_002A1778 addr=0x2a1800 - unresolved JR/JALR at 0x2a1800; promoted 42 fallback entries
  [warning] control-flow function=sub_002A1820 addr=0x2a18bc - unresolved JR/JALR at 0x2a18bc 0x2a18d4 0x2a1904 0x2a191c 0x2a1960 0x2a1978; promoted 110 fallback entries
  [warning] control-flow function=sub_002A2018 addr=0x2a20b4 - unresolved JR/JALR at 0x2a20b4; promoted 46 fallback entries
  [warning] control-flow function=sub_002A20D0 addr=0x2a216c - unresolved JR/JALR at 0x2a216c; promoted 46 fallback entries
  [warning] control-flow function=sub_002A2188 addr=0x2a2240 - unresolved JR/JALR at 0x2a2240; promoted 54 fallback entries
  [warning] control-flow function=sub_002A2260 addr=0x2a22fc - unresolved JR/JALR at 0x2a22fc; promoted 46 fallback entries
  [warning] control-flow function=sub_002A2318 addr=0x2a23b4 - unresolved JR/JALR at 0x2a23b4; promoted 46 fallback entries
  [warning] control-flow function=sub_002A23D0 addr=0x2a2490 - unresolved JR/JALR at 0x2a2490; promoted 56 fallback entries
  [warning] control-flow function=sub_002A24B0 addr=0x2a2544 - unresolved JR/JALR at 0x2a2544; promoted 46 fallback entries
  [warning] control-flow function=sub_002A2568 addr=0x2a2614 - unresolved JR/JALR at 0x2a2614; promoted 52 fallback entries
  [warning] control-flow function=sub_002A2638 addr=0x2a26d4 - unresolved JR/JALR at 0x2a26d4; promoted 46 fallback entries
  [warning] control-flow function=sub_002A26F0 addr=0x2a27ac - unresolved JR/JALR at 0x2a27ac; promoted 58 fallback entries
  [warning] control-flow function=sub_002A27D8 addr=0x2a2844 - unresolved JR/JALR at 0x2a2844; promoted 34 fallback entries
  [warning] control-flow function=sub_002A2860 addr=0x2a2914 - unresolved JR/JALR at 0x2a2914; promoted 54 fallback entries
  [warning] control-flow function=sub_002A2938 addr=0x2a29f0 - unresolved JR/JALR at 0x2a29f0; promoted 54 fallback entries
  [warning] control-flow function=sub_002A2A10 addr=0x2a2ab0 - unresolved JR/JALR at 0x2a2ab0; promoted 48 fallback entries
  [warning] control-flow function=sub_002A2AD0 addr=0x2a2b6c - unresolved JR/JALR at 0x2a2b6c; promoted 46 fallback entries
  [warning] control-flow function=sub_002A2B88 addr=0x2a2c04 - unresolved JR/JALR at 0x2a2c04; promoted 42 fallback entries
  [warning] control-flow function=sub_002A2C30 addr=0x2a2cd0 - unresolved JR/JALR at 0x2a2cd0; promoted 48 fallback entries
  [warning] control-flow function=sub_002A2CF0 addr=0x2a2d80 - unresolved JR/JALR at 0x2a2d80; promoted 44 fallback entries
  [warning] control-flow function=sub_002A2DA0 addr=0x2a2e30 - unresolved JR/JALR at 0x2a2e30; promoted 44 fallback entries
  [warning] control-flow function=sub_002A31C0 addr=0x2a3294 - unresolved JR/JALR at 0x2a3294; promoted 60 fallback entries
  [warning] control-flow function=sub_002A32B0 addr=0x2a3338 - unresolved JR/JALR at 0x2a3338; promoted 42 fallback entries
  [warning] control-flow function=sub_002A3358 addr=0x2a33e0 - unresolved JR/JALR at 0x2a33e0; promoted 42 fallback entries
  [warning] control-flow function=sub_002A3400 addr=0x2a34b4 - unresolved JR/JALR at 0x2a34b4; promoted 52 fallback entries
  [warning] control-flow function=sub_002A34D0 addr=0x2a3550 - unresolved JR/JALR at 0x2a3550 0x2a367c 0x2a36dc; promoted 142 fallback entries
  [warning] control-flow function=sub_002A3708 addr=0x2a3784 - unresolved JR/JALR at 0x2a3784 0x2a3838; promoted 86 fallback entries
  [warning] control-flow function=sub_002A3860 addr=0x2a39b8 - unresolved JR/JALR at 0x2a39b8; promoted 96 fallback entries
  [warning] control-flow function=sub_002A39E0 addr=0x2a3a80 - unresolved JR/JALR at 0x2a3a80; promoted 78 fallback entries
  [warning] control-flow function=sub_002A3B18 addr=0x2a3bdc - unresolved JR/JALR at 0x2a3bdc; promoted 58 fallback entries
  [warning] control-flow function=sub_002A3C00 addr=0x2a3cc8 - unresolved JR/JALR at 0x2a3cc8; promoted 58 fallback entries
  [warning] control-flow function=sub_002A3CE8 addr=0x2a3db8 - unresolved JR/JALR at 0x2a3db8; promoted 62 fallback entries
  [warning] control-flow function=sub_002A3DE0 addr=0x2a3e90 - unresolved JR/JALR at 0x2a3e90; promoted 54 fallback entries
  [warning] control-flow function=sub_002A3EB8 addr=0x2a3f68 - unresolved JR/JALR at 0x2a3f68; promoted 54 fallback entries
  [warning] control-flow function=sub_002A4E88 addr=0x2a5a98 - unresolved JR/JALR at 0x2a5a98; promoted 916 fallback entries
  [warning] control-flow function=sub_002A7718 addr=0x2a7784 - unresolved JR/JALR at 0x2a7784; promoted 44 fallback entries
  [warning] control-flow function=sub_002A8C20 addr=0x2a8cfc - unresolved JR/JALR at 0x2a8cfc; promoted 224 fallback entries
  [warning] control-flow function=sub_002AB6B0 addr=0x2ab754 - unresolved JR/JALR at 0x2ab754; promoted 94 fallback entries
  [warning] control-flow function=sub_002AB828 addr=0x2ab8ac - unresolved JR/JALR at 0x2ab8ac; promoted 76 fallback entries
  [warning] control-flow function=sub_002AB958 addr=0x2ab9a8 - unresolved JR/JALR at 0x2ab9a8; promoted 34 fallback entries
  [warning] control-flow function=sub_002ABD48 addr=0x2abd70 - unresolved JR/JALR at 0x2abd70; promoted 18 fallback entries
  [warning] control-flow function=sub_002AC868 addr=0x2ac904 - unresolved JR/JALR at 0x2ac904; promoted 152 fallback entries
  [warning] control-flow function=sub_002AD990 addr=0x2ad9b0 - unresolved JR/JALR at 0x2ad9b0; promoted 14 fallback entries
  [warning] control-flow function=sub_002AD998 addr=0x2ad9b0 - unresolved JR/JALR at 0x2ad9b0; promoted 12 fallback entries
  [warning] control-flow function=sub_002ADE88 addr=0x2adec8 - unresolved JR/JALR at 0x2adec8; promoted 24 fallback entries
  [warning] control-flow function=sub_002ADEE8 addr=0x2adf1c - unresolved JR/JALR at 0x2adf1c; promoted 30 fallback entries
  [warning] control-flow function=sub_002ADF80 addr=0x2adf98 - unresolved JR/JALR at 0x2adf98; promoted 12 fallback entries
  [warning] control-flow function=sub_002ADFB0 addr=0x2adfe8 - unresolved JR/JALR at 0x2adfe8 0x2ae030; promoted 38 fallback entries
  [warning] control-flow function=sub_002AE020 addr=0x2ae030 - unresolved JR/JALR at 0x2ae030; promoted 10 fallback entries
  [warning] control-flow function=sub_002AE690 addr=0x2ae708 - unresolved JR/JALR at 0x2ae708; promoted 54 fallback entries
  [warning] control-flow function=sub_002AFC88 addr=0x2afcc4 - unresolved JR/JALR at 0x2afcc4; promoted 34 fallback entries
  [warning] control-flow function=sub_002B04D8 addr=0x2b05dc - unresolved JR/JALR at 0x2b05dc 0x2b0660 0x2b06c8 0x2b0734 0x2b078c; promoted 186 fallback entries
  [warning] control-flow function=sub_002B0F48 addr=0x2b0fa8 - unresolved JR/JALR at 0x2b0fa8; promoted 68 fallback entries
  [warning] control-flow function=sub_002B1268 addr=0x2b1308 - unresolved JR/JALR at 0x2b1308; promoted 112 fallback entries
  [warning] control-flow function=sub_002B1520 addr=0x2b15ac - unresolved JR/JALR at 0x2b15ac 0x2b15cc; promoted 128 fallback entries
  [warning] control-flow function=sub_002B3398 addr=0x2b34f0 - unresolved JR/JALR at 0x2b34f0; promoted 130 fallback entries
  [warning] control-flow function=sub_002B3BC0 addr=0x2b3bfc - unresolved JR/JALR at 0x2b3bfc; promoted 26 fallback entries
  [warning] control-flow function=sub_002B43D8 addr=0x2b4554 - unresolved JR/JALR at 0x2b4554; promoted 100 fallback entries
  [warning] control-flow function=sub_002B4978 addr=0x2b49a8 - unresolved JR/JALR at 0x2b49a8; promoted 18 fallback entries
  [warning] control-flow function=sub_002B69B8 addr=0x2b69e8 - unresolved JR/JALR at 0x2b69e8; promoted 44 fallback entries
  [warning] control-flow function=sub_002BB928 addr=0x2bbaf0 - unresolved JR/JALR at 0x2bbaf0 0x2bbbc0; promoted 196 fallback entries
  [warning] control-flow function=sub_002C0408 addr=0x2c0468 - unresolved JR/JALR at 0x2c0468 0x2c0840 0x2c0890 0x2c08cc 0x2c093c 0x2c096c 0x2c0990 0x2c09e8; promoted 386 fallback entries
  [warning] control-flow function=sub_002C1CD8 addr=0x2c1f7c - unresolved JR/JALR at 0x2c1f7c 0x2c1f8c 0x2c1f9c 0x2c1fac 0x2c1fc0 0x2c1fd0 0x2c1ffc 0x2c200c 0x2c201c 0x2c202c 0x2c203c 0x2c204c; promoted 236 fallback entries
  [warning] control-flow function=sub_002C2300 addr=0x2c2320 - unresolved JR/JALR at 0x2c2320; promoted 14 fallback entries
  [warning] control-flow function=sub_002C4050 addr=0x2c41c0 - unresolved JR/JALR at 0x2c41c0; promoted 112 fallback entries
  [warning] control-flow function=sub_002C4410 addr=0x2c44a8 - unresolved JR/JALR at 0x2c44a8 0x2c4700; promoted 222 fallback entries
  [warning] control-flow function=sub_002C48C0 addr=0x2c4904 - unresolved JR/JALR at 0x2c4904 0x2c4e70; promoted 520 fallback entries
  [warning] control-flow function=sub_002C53E0 addr=0x2c5488 - unresolved JR/JALR at 0x2c5488; promoted 60 fallback entries
  [warning] control-flow function=sub_002C6280 addr=0x2c62b4 - unresolved JR/JALR at 0x2c62b4 0x2c62d0 0x2c6304; promoted 56 fallback entries
  [warning] control-flow function=sub_002C63E8 addr=0x2c6474 - unresolved JR/JALR at 0x2c6474 0x2c6538 0x2c6594 0x2c6730 0x2c6790 0x2c67c8; promoted 256 fallback entries
  [warning] control-flow function=sub_002C5570 addr=0x2c578c - unresolved JR/JALR at 0x2c578c 0x2c5838 0x2c590c 0x2c5978 0x2c59a4 0x2c5b20 0x2c5bd8 0x2c5c68 0x2c5cdc 0x2c5d0c 0x2c5d64 0x2c5e54 0x2c5e8c 0x2c5eb8 0x2c5ef0 0x2c5f28 0x2c5f60 0x2c5f98 0x2c5fd0 0x2c5ffc 0x2c6158 0x2c6174 0x2c61f0 0x2c6228; promoted 836 fallback entries
  [warning] control-flow function=sub_002BCBD0 addr=0x2bcc30 - unresolved JR/JALR at 0x2bcc30 0x2bcca8 0x2bccf8 0x2bcd44 0x2bcd98 0x2bcde4 0x2bce38 0x2bce84 0x2bced8 0x2bcf18 0x2bcf68 0x2bd048 0x2bd098 0x2bd198 0x2bd1e8 0x2bd2c8 0x2bd318 0x2bd358 0x2bd3a8 0x2bd4f4 0x2bd548 0x2bd588 0x2bd5d8 0x2bd678 0x2bd6c8 0x2bd948 0x2bd998 0x2bda04 0x2be304 0x2be320 0x2be33c 0x2be358 0x2be3a4 0x2be3c0 0x2be40c 0x2be428 0x2be474 0x2be490 0x2be4dc 0x2be4f8 0x2be544 0x2be560 0x2be57c 0x2be598 0x2be5b4 0x2be5d0 0x2be5ec 0x2be608 0x2be624 0x2be640 0x2be65c 0x2be678 0x2be6c4 0x2be6e0 0x2be6fc 0x2be718 0x2be734 0x2be750 0x2be76c 0x2be788 0x2be7a4 0x2be7c0 0x2be7dc 0x2be7f8 0x2be814 0x2be830 0x2be87c 0x2be898 0x2be8b4 0x2be8d0 0x2be8ec 0x2be908 0x2be924 0x2be940 0x2be95c 0x2be978 0x2be994 0x2be9b0 0x2be9fc 0x2bea18 0x2bea64 0x2bea80 0x2bea9c 0x2beab8 0x2bead4 0x2beaf0 0x2beb0c 0x2beb28 0x2beb44 0x2beb60 0x2beb7c 0x2beb98 0x2bebb4 0x2bebd0 0x2bebec 0x2bec08 0x2bec24 0x2bec40 0x2bec8c 0x2beca8 0x2becf4 0x2bed10 0x2bed2c 0x2bed48 0x2bed64 0x2bed80 0x2bed9c 0x2bedb8 0x2bedd4 0x2bedf0 0x2bee0c 0x2bee28 0x2bee74 0x2bee90 0x2beeac 0x2beec8 0x2beee4 0x2bef00 0x2bef1c 0x2bef38 0x2bef54 0x2bef70 0x2bef8c 0x2befa8 0x2befc4 0x2befe0 0x2beffc 0x2bf018 0x2bf034 0x2bf050 0x2bf06c 0x2bf088 0x2bf0a4 0x2bf0c0 0x2bf0dc 0x2bf0f8 0x2bf114 0x2bf130 0x2bf14c 0x2bf168 0x2bf184 0x2bf1a0 0x2bf1bc 0x2bf1d8 0x2bf1f4 0x2bf210 0x2bf22c 0x2bf248 0x2bf264 0x2bf280 0x2bf2cc 0x2bf2e8 0x2bf304 0x2bf320 0x2bf36c 0x2bf388 0x2bf3a4 0x2bf3c0 0x2bf40c 0x2bf428 0x2bf474 0x2bf490 0x2bf4dc 0x2bf4f8 0x2bf544 0x2bf560 0x2bf5ac 0x2bf5c8 0x2bf5e4 0x2bf600 0x2bf61c 0x2bf638 0x2bf654 0x2bf670 0x2bf68c 0x2bf6a8 0x2bf6c4 0x2bf6e0 0x2bf72c 0x2bf748 0x2bf764 0x2bf780 0x2bf79c 0x2bf7b8 0x2bf7d4 0x2bf7f0 0x2bf80c 0x2bf828 0x2bf844 0x2bf860 0x2bf87c 0x2bf898 0x2bf8e4 0x2bf900 0x2bf91c 0x2bf938 0x2bf954 0x2bf970 0x2bf98c 0x2bf9a8 0x2bf9c4 0x2bf9e0 0x2bf9fc 0x2bfa18 0x2bfa64 0x2bfa80 0x2bfacc 0x2bfae8 0x2bfb04 0x2bfb20 0x2bfb3c 0x2bfb58 0x2bfb74 0x2bfb90 0x2bfbac 0x2bfbc8 0x2bfbe4 0x2bfc00 0x2bfc1c 0x2bfc38 0x2bfc54 0x2bfc70 0x2bfc8c 0x2bfca8 0x2bfcf4 0x2bfd10 0x2bfd5c 0x2bfd78 0x2bfd94 0x2bfdb0 0x2bfdcc 0x2bfde8 0x2bfe04 0x2bfe20 0x2bfe3c 0x2bfe58 0x2bfe74 0x2bfe90 0x2bfedc 0x2bfef8 0x2bff14 0x2bff30 0x2bff4c 0x2bff68 0x2bff84 0x2bffa0 0x2bffbc 0x2bffd8 0x2bfff4 0x2c0010 0x2c002c 0x2c0048 0x2c0064 0x2c0080 0x2c009c 0x2c00b8 0x2c00d4 0x2c00f0 0x2c010c 0x2c0128 0x2c0144 0x2c0160 0x2c017c 0x2c0198 0x2c01b4 0x2c01d0 0x2c01ec 0x2c0208 0x2c0224 0x2c0240 0x2c025c 0x2c0278 0x2c0294 0x2c02b0 0x2c02cc 0x2c02e8 0x2c0334 0x2c0350 0x2c036c 0x2c0388; promoted 3574 fallback entries
  [warning] control-flow function=sub_002CA768 addr=0x2ca7b4 - unresolved JR/JALR at 0x2ca7b4; promoted 136 fallback entries
  [warning] control-flow function=sub_002CAAB0 addr=0x2caadc - unresolved JR/JALR at 0x2caadc; promoted 22 fallback entries
  [warning] control-flow function=sub_002CAB08 addr=0x2cab6c - unresolved JR/JALR at 0x2cab6c 0x2cab94 0x2cabbc; promoted 54 fallback entries
  [warning] control-flow function=sub_002CABE0 addr=0x2cac48 - unresolved JR/JALR at 0x2cac48 0x2cac70 0x2cac98 0x2cacf0 0x2cade8 0x2cb0ac; promoted 360 fallback entries
  [warning] control-flow function=sub_002CB180 addr=0x2cb1d4 - unresolved JR/JALR at 0x2cb1d4 0x2cb1ec 0x2cb2c4 0x2cb2e4; promoted 94 fallback entries
  [warning] control-flow function=sub_002CB2F8 addr=0x2cb310 - unresolved JR/JALR at 0x2cb310 0x2cb328; promoted 22 fallback entries
  [warning] control-flow function=sub_002CB350 addr=0x2cb484 - unresolved JR/JALR at 0x2cb484 0x2cb8b4; promoted 350 fallback entries
  [warning] control-flow function=sub_002CB8C8 addr=0x2cb8ec - unresolved JR/JALR at 0x2cb8ec 0x2cbaac; promoted 128 fallback entries
  [warning] control-flow function=sub_002CBAC8 addr=0x2cbaec - unresolved JR/JALR at 0x2cbaec 0x2cbcac; promoted 128 fallback entries
  [warning] control-flow function=sub_002CBE68 addr=0x2cbeb4 - unresolved JR/JALR at 0x2cbeb4 0x2cbedc; promoted 40 fallback entries
  [warning] control-flow function=sub_002CBF60 addr=0x2cbfb0 - unresolved JR/JALR at 0x2cbfb0; promoted 28 fallback entries
  [warning] control-flow function=sub_002CBFD0 addr=0x2cbffc - unresolved JR/JALR at 0x2cbffc; promoted 18 fallback entries
  [warning] control-flow function=sub_002CC0C0 addr=0x2cc17c - unresolved JR/JALR at 0x2cc17c 0x2cc1e4; promoted 98 fallback entries
  [warning] control-flow function=sub_002CC350 addr=0x2cc3a4 - unresolved JR/JALR at 0x2cc3a4; promoted 26 fallback entries
  [warning] control-flow function=sub_002CC3B8 addr=0x2cc3f4 - unresolved JR/JALR at 0x2cc3f4 0x2cc438; promoted 42 fallback entries
  [warning] control-flow function=sub_002CC460 addr=0x2cc49c - unresolved JR/JALR at 0x2cc49c 0x2cc4cc 0x2cc624 0x2cc960 0x2ccadc; promoted 538 fallback entries
  [warning] control-flow function=sub_002CCF98 addr=0x2cd068 - unresolved JR/JALR at 0x2cd068 0x2cd21c; promoted 194 fallback entries
  [warning] control-flow function=sub_002CDCE8 addr=0x2cdf4c - unresolved JR/JALR at 0x2cdf4c; promoted 188 fallback entries
  [warning] control-flow function=sub_002CD8F8 addr=0x2cdbc8 - unresolved JR/JALR at 0x2cdbc8; promoted 252 fallback entries
  [warning] control-flow function=sub_002CD350 addr=0x2cd790 - unresolved JR/JALR at 0x2cd790; promoted 362 fallback entries
  [warning] control-flow function=sub_002CDFD8 addr=0x2ce340 - unresolved JR/JALR at 0x2ce340; promoted 272 fallback entries
  [warning] control-flow function=sub_002CE418 addr=0x2ce9c4 - unresolved JR/JALR at 0x2ce9c4 0x2cecc8; promoted 578 fallback entries
  [warning] control-flow function=sub_002CED20 addr=0x2ceec4 - unresolved JR/JALR at 0x2ceec4 0x2cf220 0x2cf63c 0x2cf754 0x2cf7a0 0x2cf7d0; promoted 720 fallback entries
  [warning] control-flow function=sub_002CF860 addr=0x2cf8f4 - unresolved JR/JALR at 0x2cf8f4; promoted 42 fallback entries
  [warning] control-flow function=sub_002CFA08 addr=0x2cfa4c - unresolved JR/JALR at 0x2cfa4c 0x2cfb10 0x2cfb44 0x2cfbf8 0x2cfe14; promoted 328 fallback entries
  [warning] control-flow function=sub_002CFF28 addr=0x2d0290 - unresolved JR/JALR at 0x2d0290; promoted 226 fallback entries
  [warning] control-flow function=sub_002D03F0 addr=0x2d0d1c - unresolved JR/JALR at 0x2d0d1c 0x2d0f60 0x2d143c 0x2d159c; promoted 1328 fallback entries
  [warning] control-flow function=sub_002D1B30 addr=0x2d1b44 - unresolved JR/JALR at 0x2d1b44; promoted 10 fallback entries
  [warning] control-flow function=sub_002D1B58 addr=0x2d1b88 - unresolved JR/JALR at 0x2d1b88; promoted 18 fallback entries
  [warning] control-flow function=sub_002D1D10 addr=0x2d1d70 - unresolved JR/JALR at 0x2d1d70 0x2d1f58 0x2d1fb8 0x2d2008; promoted 210 fallback entries
  [warning] control-flow function=sub_002D4008 addr=0x2d4018 - unresolved JR/JALR at 0x2d4018; promoted 22 fallback entries
  [warning] control-flow function=sub_002D2988 addr=0x2d37f8 - unresolved JR/JALR at 0x2d37f8 0x2d3828 0x2d386c 0x2d388c 0x2d38ac 0x2d38c8 0x2d3908 0x2d3994 0x2d4018; promoted 1486 fallback entries
  [warning] control-flow function=sub_002D4C08 addr=0x2d4c4c - unresolved JR/JALR at 0x2d4c4c 0x2d4d20 0x2d4d3c; promoted 272 fallback entries
  [warning] control-flow function=sub_002D5048 addr=0x2d5078 - unresolved JR/JALR at 0x2d5078 0x2d50d8 0x2d5564; promoted 340 fallback entries
  [warning] control-flow function=sub_002D7DD8 addr=0x2d7e30 - unresolved JR/JALR at 0x2d7e30; promoted 34 fallback entries
  [warning] control-flow function=sub_002D8A00 addr=0x2d8e58 - unresolved JR/JALR at 0x2d8e58; promoted 298 fallback entries
  [warning] control-flow function=sub_002D8EA8 addr=0x2d9008 - unresolved JR/JALR at 0x2d9008 0x2d90dc 0x2d9238 0x2d9258 0x2d9270; promoted 266 fallback entries
  [warning] control-flow function=sub_002D9CB0 addr=0x2d9d50 - unresolved JR/JALR at 0x2d9d50; promoted 46 fallback entries
  [warning] control-flow function=sub_002D9D68 addr=0x2d9dd4 - unresolved JR/JALR at 0x2d9dd4; promoted 148 fallback entries
  [warning] control-flow function=sub_002DA8E8 addr=0x2daa1c - unresolved JR/JALR at 0x2daa1c; promoted 100 fallback entries
  [warning] control-flow function=sub_002DA390 addr=0x2da8a0 - unresolved JR/JALR at 0x2da8a0; promoted 342 fallback entries
  [warning] control-flow function=sub_002DB478 addr=0x2db53c - unresolved JR/JALR at 0x2db53c 0x2db690; promoted 152 fallback entries
  [warning] control-flow function=sub_002DABC8 addr=0x2dac64 - unresolved JR/JALR at 0x2dac64 0x2dadc8; promoted 556 fallback entries
  [warning] control-flow function=sub_002DB748 addr=0x2db814 - unresolved JR/JALR at 0x2db814; promoted 82 fallback entries
  [warning] control-flow function=sub_002DB890 addr=0x2db920 - unresolved JR/JALR at 0x2db920; promoted 60 fallback entries
  [warning] control-flow function=sub_002DBD10 addr=0x2dbe3c - unresolved JR/JALR at 0x2dbe3c; promoted 116 fallback entries
  [warning] control-flow function=sub_002DBEE0 addr=0x2dbf30 - unresolved JR/JALR at 0x2dbf30; promoted 40 fallback entries
  [warning] control-flow function=sub_002DBF98 addr=0x2dc12c - unresolved JR/JALR at 0x2dc12c; promoted 764 fallback entries
  [warning] control-flow function=sub_002DDAB8 addr=0x2ddd00 - unresolved JR/JALR at 0x2ddd00; promoted 158 fallback entries
  [warning] control-flow function=sub_002DE058 addr=0x2de0e4 - unresolved JR/JALR at 0x2de0e4; promoted 196 fallback entries
  [warning] control-flow function=sub_002DF1C8 addr=0x2df328 - unresolved JR/JALR at 0x2df328; promoted 122 fallback entries
  [warning] control-flow function=sub_002DF448 addr=0x2df4a0 - unresolved JR/JALR at 0x2df4a0; promoted 34 fallback entries
  [warning] control-flow function=sub_002DF920 addr=0x2dfa40 - unresolved JR/JALR at 0x2dfa40 0x2dfd40; promoted 346 fallback entries
  [warning] control-flow function=sub_002DFE88 addr=0x2e0134 - unresolved JR/JALR at 0x2e0134; promoted 268 fallback entries
  [warning] control-flow function=sub_002E0EE8 addr=0x2e0f98 - unresolved JR/JALR at 0x2e0f98; promoted 142 fallback entries
  [warning] control-flow function=sub_002E02B8 addr=0x2e0b04 - unresolved JR/JALR at 0x2e0b04 0x2e0d38; promoted 780 fallback entries
  [warning] control-flow function=sub_002E1120 addr=0x2e12c0 - unresolved JR/JALR at 0x2e12c0 0x2e13e4; promoted 286 fallback entries
  [warning] control-flow function=sub_002E1598 addr=0x2e1874 - unresolved JR/JALR at 0x2e1874 0x2e1894; promoted 314 fallback entries
  [warning] control-flow function=sub_002E1F70 addr=0x2e2010 - unresolved JR/JALR at 0x2e2010 0x2e20ac 0x2e20dc 0x2e212c; promoted 188 fallback entries
  [warning] control-flow function=sub_002E1A80 addr=0x2e1ddc - unresolved JR/JALR at 0x2e1ddc; promoted 316 fallback entries
  [warning] control-flow function=sub_002E26B8 addr=0x2e27a8 - unresolved JR/JALR at 0x2e27a8 0x2e27d0; promoted 76 fallback entries
  [warning] control-flow function=sub_002E2868 addr=0x2e2aec - unresolved JR/JALR at 0x2e2aec; promoted 166 fallback entries
  [warning] control-flow function=sub_002E2B00 addr=0x2e2b5c - unresolved JR/JALR at 0x2e2b5c 0x2e2b90 0x2e2db8; promoted 198 fallback entries
  [warning] control-flow function=sub_002E2E18 addr=0x2e2f50 - unresolved JR/JALR at 0x2e2f50; promoted 96 fallback entries
  [warning] control-flow function=sub_002E3060 addr=0x2e309c - unresolved JR/JALR at 0x2e309c; promoted 28 fallback entries
  [warning] control-flow function=sub_002E3130 addr=0x2e31b0 - unresolved JR/JALR at 0x2e31b0 0x2e32a0; promoted 130 fallback entries
  [warning] control-flow function=sub_002E3338 addr=0x2e336c - unresolved JR/JALR at 0x2e336c 0x2e33a0 0x2e33e8; promoted 80 fallback entries
  [warning] control-flow function=sub_002E3478 addr=0x2e34d4 - unresolved JR/JALR at 0x2e34d4 0x2e3548; promoted 130 fallback entries
  [warning] control-flow function=sub_002E39D8 addr=0x2e3a00 - unresolved JR/JALR at 0x2e3a00; promoted 72 fallback entries
  [warning] control-flow function=sub_002E4228 addr=0x2e4328 - unresolved JR/JALR at 0x2e4328; promoted 82 fallback entries
  [warning] control-flow function=sub_002E3AF8 addr=0x2e3b3c - unresolved JR/JALR at 0x2e3b3c 0x2e3bb8 0x2e3d2c 0x2e41f8; promoted 460 fallback entries
  [warning] control-flow function=sub_002E4370 addr=0x2e4410 - unresolved JR/JALR at 0x2e4410 0x2e443c 0x2e4458; promoted 96 fallback entries
  [warning] control-flow function=sub_002E4578 addr=0x2e45b4 - unresolved JR/JALR at 0x2e45b4 0x2e45d8 0x2e460c; promoted 48 fallback entries
  [warning] control-flow function=sub_002E4678 addr=0x2e46f4 - unresolved JR/JALR at 0x2e46f4 0x2e4720 0x2e4870 0x2e4990 0x2e49a4 0x2e49b8 0x2e49f4 0x2e4b34 0x2e4b48 0x2e4b5c; promoted 398 fallback entries
  [warning] control-flow function=sub_002E55D8 addr=0x2e58e4 - unresolved JR/JALR at 0x2e58e4 0x2e5908; promoted 210 fallback entries
  [warning] control-flow function=sub_002E5920 addr=0x2e61ac - unresolved JR/JALR at 0x2e61ac; promoted 640 fallback entries
  [warning] control-flow function=sub_002E6C08 addr=0x2e6d10 - unresolved JR/JALR at 0x2e6d10; promoted 898 fallback entries
  [warning] control-flow function=sub_002E7A10 addr=0x2e7f9c - unresolved JR/JALR at 0x2e7f9c 0x2e7fc0; promoted 502 fallback entries
  [warning] control-flow function=sub_002EA480 addr=0x2ea4b8 - unresolved JR/JALR at 0x2ea4b8; promoted 46 fallback entries
  [warning] control-flow function=sub_002EA538 addr=0x2ea648 - unresolved JR/JALR at 0x2ea648; promoted 78 fallback entries
  [warning] control-flow function=sub_002E8938 addr=0x2e9d00 - unresolved JR/JALR at 0x2e9d00; promoted 1746 fallback entries
  [warning] control-flow function=sub_002EA820 addr=0x2ea848 - unresolved JR/JALR at 0x2ea848; promoted 16 fallback entries
  [warning] control-flow function=sub_002EA860 addr=0x2ea8a0 - unresolved JR/JALR at 0x2ea8a0; promoted 22 fallback entries
  [warning] control-flow function=sub_002EAA28 addr=0x2eaa48 - unresolved JR/JALR at 0x2eaa48; promoted 46 fallback entries
  [warning] control-flow function=sub_002EA8B8 addr=0x2eaa10 - unresolved JR/JALR at 0x2eaa10; promoted 92 fallback entries
  [warning] control-flow function=sub_002EB198 addr=0x2eb8b4 - unresolved JR/JALR at 0x2eb8b4; promoted 470 fallback entries
  [warning] control-flow function=sub_002EB8F0 addr=0x2eb908 - unresolved JR/JALR at 0x2eb908; promoted 18 fallback entries
  [warning] control-flow function=sub_002EB938 addr=0x2ebaf8 - unresolved JR/JALR at 0x2ebaf8; promoted 156 fallback entries
  [warning] control-flow function=sub_002EBF48 addr=0x2ec368 - unresolved JR/JALR at 0x2ec368 0x2ec38c; promoted 294 fallback entries
  [warning] control-flow function=sub_002ECCB8 addr=0x2ecd3c - unresolved JR/JALR at 0x2ecd3c; promoted 176 fallback entries
  [warning] control-flow function=sub_002ECFA0 addr=0x2ed000 - unresolved JR/JALR at 0x2ed000; promoted 42 fallback entries
  [warning] control-flow function=sub_002ED490 addr=0x2ed508 - unresolved JR/JALR at 0x2ed508; promoted 420 fallback entries
  [warning] control-flow function=sub_002EDB20 addr=0x2edc7c - unresolved JR/JALR at 0x2edc7c 0x2edd70; promoted 248 fallback entries
  [warning] control-flow function=sub_002EE070 addr=0x2ee0a0 - unresolved JR/JALR at 0x2ee0a0; promoted 18 fallback entries
  [warning] control-flow function=sub_002EE0B8 addr=0x2ee0e8 - unresolved JR/JALR at 0x2ee0e8; promoted 18 fallback entries
  [warning] control-flow function=sub_002EE100 addr=0x2ee130 - unresolved JR/JALR at 0x2ee130; promoted 18 fallback entries
  [warning] control-flow function=sub_002EE148 addr=0x2ee178 - unresolved JR/JALR at 0x2ee178; promoted 18 fallback entries
  [warning] control-flow function=sub_002EE190 addr=0x2ee1c0 - unresolved JR/JALR at 0x2ee1c0; promoted 18 fallback entries
  [warning] control-flow function=sub_002EE1D8 addr=0x2ee208 - unresolved JR/JALR at 0x2ee208; promoted 18 fallback entries
  [warning] control-flow function=sub_002EE268 addr=0x2ee298 - unresolved JR/JALR at 0x2ee298; promoted 18 fallback entries
  [warning] control-flow function=sub_002EE2B0 addr=0x2ee2e0 - unresolved JR/JALR at 0x2ee2e0; promoted 18 fallback entries
  [warning] control-flow function=sub_002EE220 addr=0x2ee250 - unresolved JR/JALR at 0x2ee250; promoted 18 fallback entries
  [warning] control-flow function=sub_002EE3B8 addr=0x2ee3e8 - unresolved JR/JALR at 0x2ee3e8; promoted 18 fallback entries
  [warning] control-flow function=sub_002EE400 addr=0x2ee430 - unresolved JR/JALR at 0x2ee430; promoted 18 fallback entries
  [warning] control-flow function=sub_002EE448 addr=0x2ee490 - unresolved JR/JALR at 0x2ee490; promoted 30 fallback entries
  [warning] control-flow function=sub_002EE508 addr=0x2ee53c - unresolved JR/JALR at 0x2ee53c; promoted 26 fallback entries
  [warning] control-flow function=sub_002EE4C0 addr=0x2ee4f0 - unresolved JR/JALR at 0x2ee4f0; promoted 18 fallback entries
  [warning] control-flow function=sub_002EE570 addr=0x2ee5a0 - unresolved JR/JALR at 0x2ee5a0; promoted 18 fallback entries
  [warning] control-flow function=sub_002EE5B8 addr=0x2ee5e8 - unresolved JR/JALR at 0x2ee5e8; promoted 18 fallback entries
  [warning] control-flow function=sub_002EE660 addr=0x2ee690 - unresolved JR/JALR at 0x2ee690; promoted 18 fallback entries
  [warning] control-flow function=sub_002EE600 addr=0x2ee644 - unresolved JR/JALR at 0x2ee644; promoted 24 fallback entries
  [warning] control-flow function=sub_002EE6A8 addr=0x2ee6d8 - unresolved JR/JALR at 0x2ee6d8; promoted 18 fallback entries
  [warning] control-flow function=sub_002EE6F0 addr=0x2ee720 - unresolved JR/JALR at 0x2ee720; promoted 18 fallback entries
  [warning] control-flow function=sub_002EE738 addr=0x2ee768 - unresolved JR/JALR at 0x2ee768; promoted 18 fallback entries
  [warning] control-flow function=sub_002EE780 addr=0x2ee7b0 - unresolved JR/JALR at 0x2ee7b0; promoted 18 fallback entries
  [warning] control-flow function=sub_002EE7C8 addr=0x2ee7f8 - unresolved JR/JALR at 0x2ee7f8; promoted 18 fallback entries
  [warning] control-flow function=sub_002EE858 addr=0x2ee888 - unresolved JR/JALR at 0x2ee888; promoted 18 fallback entries
  [warning] control-flow function=sub_002EE810 addr=0x2ee840 - unresolved JR/JALR at 0x2ee840; promoted 18 fallback entries
  [warning] control-flow function=sub_002EE8A0 addr=0x2ee8d0 - unresolved JR/JALR at 0x2ee8d0; promoted 18 fallback entries
  [warning] control-flow function=sub_002EE8E8 addr=0x2ee918 - unresolved JR/JALR at 0x2ee918; promoted 18 fallback entries
  [warning] control-flow function=sub_002EE930 addr=0x2ee960 - unresolved JR/JALR at 0x2ee960; promoted 18 fallback entries
  [warning] control-flow function=sub_002EE978 addr=0x2ee9a8 - unresolved JR/JALR at 0x2ee9a8; promoted 18 fallback entries
  [warning] control-flow function=sub_002EE9C0 addr=0x2ee9f0 - unresolved JR/JALR at 0x2ee9f0; promoted 18 fallback entries
  [warning] control-flow function=sub_002EEA08 addr=0x2eea38 - unresolved JR/JALR at 0x2eea38; promoted 18 fallback entries
  [warning] control-flow function=sub_002EEA50 addr=0x2eea80 - unresolved JR/JALR at 0x2eea80; promoted 18 fallback entries
  [warning] control-flow function=sub_002EEA98 addr=0x2eeac8 - unresolved JR/JALR at 0x2eeac8; promoted 18 fallback entries
  [warning] control-flow function=sub_002EEAE0 addr=0x2eeb10 - unresolved JR/JALR at 0x2eeb10; promoted 18 fallback entries
  [warning] control-flow function=sub_002EEB28 addr=0x2eeb58 - unresolved JR/JALR at 0x2eeb58; promoted 18 fallback entries
  [warning] control-flow function=sub_002EEB70 addr=0x2eebb8 - unresolved JR/JALR at 0x2eebb8; promoted 24 fallback entries
  [warning] control-flow function=sub_002EEBD0 addr=0x2eec18 - unresolved JR/JALR at 0x2eec18; promoted 24 fallback entries
  [warning] control-flow function=sub_002EEC30 addr=0x2eec78 - unresolved JR/JALR at 0x2eec78; promoted 24 fallback entries
  [warning] control-flow function=sub_002EEC90 addr=0x2eecd4 - unresolved JR/JALR at 0x2eecd4; promoted 24 fallback entries
  [warning] control-flow function=sub_002EECF0 addr=0x2eed34 - unresolved JR/JALR at 0x2eed34; promoted 24 fallback entries
  [warning] control-flow function=sub_002EED50 addr=0x2eed94 - unresolved JR/JALR at 0x2eed94; promoted 24 fallback entries
  [warning] control-flow function=sub_002EEDB0 addr=0x2eede0 - unresolved JR/JALR at 0x2eede0; promoted 18 fallback entries
  [warning] control-flow function=sub_002EEDF8 addr=0x2eee28 - unresolved JR/JALR at 0x2eee28; promoted 18 fallback entries
  [warning] control-flow function=sub_002EEE88 addr=0x2eeeb8 - unresolved JR/JALR at 0x2eeeb8; promoted 18 fallback entries
  [warning] control-flow function=sub_002EEE40 addr=0x2eee70 - unresolved JR/JALR at 0x2eee70; promoted 18 fallback entries
  [warning] control-flow function=sub_002EEED0 addr=0x2eef00 - unresolved JR/JALR at 0x2eef00; promoted 18 fallback entries
  [warning] control-flow function=sub_002EEF18 addr=0x2eef48 - unresolved JR/JALR at 0x2eef48; promoted 18 fallback entries
  [warning] control-flow function=sub_002EEF60 addr=0x2eef90 - unresolved JR/JALR at 0x2eef90; promoted 18 fallback entries
  [warning] control-flow function=sub_002EEFA8 addr=0x2eefd8 - unresolved JR/JALR at 0x2eefd8; promoted 18 fallback entries
  [warning] control-flow function=sub_002EEFF0 addr=0x2ef020 - unresolved JR/JALR at 0x2ef020; promoted 18 fallback entries
  [warning] control-flow function=sub_002EF038 addr=0x2ef06c - unresolved JR/JALR at 0x2ef06c; promoted 26 fallback entries
  [warning] control-flow function=sub_002EF0A0 addr=0x2ef0d0 - unresolved JR/JALR at 0x2ef0d0; promoted 18 fallback entries
  [warning] control-flow function=sub_002EF0E8 addr=0x2ef120 - unresolved JR/JALR at 0x2ef120; promoted 22 fallback entries
  [warning] control-flow function=sub_002EF198 addr=0x2ef1d0 - unresolved JR/JALR at 0x2ef1d0; promoted 22 fallback entries
  [warning] control-flow function=sub_002EF248 addr=0x2ef284 - unresolved JR/JALR at 0x2ef284 0x2ef2a8; promoted 36 fallback entries
  [warning] control-flow function=sub_002EF1F0 addr=0x2ef228 - unresolved JR/JALR at 0x2ef228; promoted 22 fallback entries
  [warning] control-flow function=sub_002EF140 addr=0x2ef178 - unresolved JR/JALR at 0x2ef178; promoted 22 fallback entries
  [warning] control-flow function=sub_002EF2D8 addr=0x2ef314 - unresolved JR/JALR at 0x2ef314 0x2ef338; promoted 36 fallback entries
  [warning] control-flow function=sub_002EF950 addr=0x2eff3c - unresolved JR/JALR at 0x2eff3c 0x2eff60; promoted 402 fallback entries
  [warning] control-flow function=sub_002F03C8 addr=0x2f0474 - unresolved JR/JALR at 0x2f0474 0x2f04c8 0x2f04f8; promoted 82 fallback entries
  [warning] control-flow function=sub_002F1510 addr=0x2f171c - unresolved JR/JALR at 0x2f171c; promoted 150 fallback entries
  [warning] control-flow function=sub_002F0548 addr=0x2f085c - unresolved JR/JALR at 0x2f085c 0x2f087c 0x2f089c 0x2f08bc 0x2f08dc 0x2f08fc 0x2f091c 0x2f093c 0x2f095c 0x2f097c 0x2f099c 0x2f09bc 0x2f09dc 0x2f09fc 0x2f0a1c 0x2f0a3c 0x2f0a5c 0x2f0ac4 0x2f0adc 0x2f0af4 0x2f0b0c 0x2f0b24 0x2f0b3c 0x2f0b54 0x2f0b6c 0x2f0b84 0x2f0b9c 0x2f0bb4 0x2f0bcc 0x2f0be4 0x2f0bfc 0x2f0c14 0x2f0c2c 0x2f0c44 0x2f0c94 0x2f0cf0 0x2f0d08 0x2f0d20 0x2f0d38 0x2f0d50 0x2f0d68 0x2f0d80 0x2f0d98 0x2f0db0 0x2f0dc8 0x2f0de0 0x2f0df8 0x2f0e10 0x2f0e28 0x2f0e40 0x2f0e58 0x2f0e70; promoted 592 fallback entries
  [warning] control-flow function=sub_002F18D8 addr=0x2f19a8 - unresolved JR/JALR at 0x2f19a8; promoted 70 fallback entries
  [warning] control-flow function=sub_002F1A08 addr=0x2f1aa8 - unresolved JR/JALR at 0x2f1aa8; promoted 416 fallback entries
  [warning] control-flow function=sub_002F2C30 addr=0x2f2d48 - unresolved JR/JALR at 0x2f2d48; promoted 76 fallback entries
  [warning] control-flow function=sub_002F2130 addr=0x2f21c0 - unresolved JR/JALR at 0x2f21c0 0x2f21d8; promoted 58 fallback entries
  [warning] control-flow function=sub_002F2218 addr=0x2f2248 - unresolved JR/JALR at 0x2f2248; promoted 44 fallback entries
  [warning] control-flow function=sub_002F3418 addr=0x2f3538 - unresolved JR/JALR at 0x2f3538; promoted 78 fallback entries
  [warning] control-flow function=sub_002F41A8 addr=0x2f4220 - unresolved JR/JALR at 0x2f4220; promoted 46 fallback entries
  [warning] control-flow function=sub_002F39C8 addr=0x2f3adc - unresolved JR/JALR at 0x2f3adc 0x2f3e8c 0x2f3eac 0x2f3ec4 0x2f3f14 0x2f3f28 0x2f3f44 0x2f40e0 0x2f40f4; promoted 468 fallback entries
  [warning] control-flow function=sub_002F4A08 addr=0x2f4b8c - unresolved JR/JALR at 0x2f4b8c 0x2f4bc0 0x2f4bd4 0x2f4bf0 0x2f4d38 0x2f4d64 0x2f4d78; promoted 236 fallback entries
  [warning] control-flow function=sub_002F4690 addr=0x2f46c4 - unresolved JR/JALR at 0x2f46c4 0x2f4714 0x2f49cc; promoted 222 fallback entries
  [warning] control-flow function=sub_002F4DB8 addr=0x2f501c - unresolved JR/JALR at 0x2f501c 0x2f5058; promoted 228 fallback entries
  [warning] control-flow function=sub_002F5230 addr=0x2f5260 - unresolved JR/JALR at 0x2f5260; promoted 26 fallback entries
  [warning] control-flow function=sub_002F5400 addr=0x2f57d4 - unresolved JR/JALR at 0x2f57d4 0x2f57f0 0x2f5878; promoted 358 fallback entries
  [warning] control-flow function=sub_002F6518 addr=0x2f653c - unresolved JR/JALR at 0x2f653c; promoted 252 fallback entries
  [warning] control-flow function=sub_002F6A58 addr=0x2f6a78 - unresolved JR/JALR at 0x2f6a78; promoted 14 fallback entries
  [warning] control-flow function=sub_002F6A90 addr=0x2f6ab0 - unresolved JR/JALR at 0x2f6ab0; promoted 14 fallback entries
  [warning] control-flow function=sub_002FAE38 addr=0x2fae6c - unresolved JR/JALR at 0x2fae6c 0x2fae8c 0x2faeac 0x2faecc 0x2faee8 0x2fb038; promoted 1314 fallback entries
  [warning] control-flow function=sub_00307128 addr=0x307270 - unresolved JR/JALR at 0x307270 0x307284 0x3072d8 0x3072ec 0x307534; promoted 284 fallback entries
  [warning] control-flow function=sub_00303E60 addr=0x303f24 - unresolved JR/JALR at 0x303f24 0x304adc 0x304dc4 0x304f94 0x3052bc 0x3052dc 0x3053c0 0x3055e4 0x305600 0x305764 0x305944 0x305ee4; promoted 3250 fallback entries
  [warning] control-flow function=sub_00307738 addr=0x307798 - unresolved JR/JALR at 0x307798; promoted 48 fallback entries
  [warning] control-flow function=sub_003077F8 addr=0x307880 - unresolved JR/JALR at 0x307880 0x3078a0; promoted 50 fallback entries
  [warning] control-flow function=sub_003078C0 addr=0x3078f0 - unresolved JR/JALR at 0x3078f0 0x307940 0x3079a0 0x3079bc; promoted 70 fallback entries
  [warning] control-flow function=sub_00307A10 addr=0x307a4c - unresolved JR/JALR at 0x307a4c; promoted 140 fallback entries
  [warning] control-flow function=sub_00307C40 addr=0x307ce8 - unresolved JR/JALR at 0x307ce8; promoted 78 fallback entries
  [warning] control-flow function=sub_00307D78 addr=0x307df8 - unresolved JR/JALR at 0x307df8; promoted 38 fallback entries
  [warning] control-flow function=sub_00307E10 addr=0x307e50 - unresolved JR/JALR at 0x307e50 0x307e88 0x307ea4; promoted 44 fallback entries
  [warning] control-flow function=sub_00307EC0 addr=0x307f2c - unresolved JR/JALR at 0x307f2c; promoted 38 fallback entries
  [warning] control-flow function=sub_00307F58 addr=0x307fbc - unresolved JR/JALR at 0x307fbc 0x307fdc; promoted 48 fallback entries
  [warning] control-flow function=sub_00308038 addr=0x30806c - unresolved JR/JALR at 0x30806c 0x3080a8; promoted 56 fallback entries
  [warning] control-flow function=sub_00308118 addr=0x30814c - unresolved JR/JALR at 0x30814c 0x308190; promoted 68 fallback entries
  [warning] control-flow function=sub_00308798 addr=0x3087b8 - unresolved JR/JALR at 0x3087b8; promoted 14 fallback entries
  [warning] control-flow function=sub_00308760 addr=0x308780 - unresolved JR/JALR at 0x308780; promoted 14 fallback entries
  [warning] control-flow function=sub_00308278 addr=0x308374 - unresolved JR/JALR at 0x308374 0x30838c 0x3083e0 0x308434 0x308498 0x3084b4; promoted 314 fallback entries
  [warning] control-flow function=sub_002FC2C0 addr=0x2fc330 - unresolved JR/JALR at 0x2fc330 0x2fc380 0x2fc3e0 0x2fd3bc 0x2fd8bc 0x2fd900 0x2fd940 0x2fdbb8 0x2fdbe0 0x2fddd8 0x2fde50 0x2fe068 0x2fe268 0x2fe44c 0x2fe60c 0x2fe7e4 0x2feadc 0x2feaf8 0x2feb68 0x2fec10 0x2fecf8 0x2feda0 0x2ff12c 0x2ff338 0x2ffb04 0x2ffcb0 0x2ffccc 0x2ffce8 0x2ffe9c 0x2ffeb8 0x300574 0x30059c 0x300724 0x3008c8 0x3008fc 0x300aa0 0x300ad4 0x301190 0x3017c4 0x301974 0x301b2c 0x301ef0 0x302158 0x302330 0x3023c0 0x3025e8 0x302ffc 0x303314 0x3033d4 0x3038bc; promoted 7858 fallback entries
  [warning] control-flow function=sub_00309568 addr=0x309684 - unresolved JR/JALR at 0x309684 0x3096cc; promoted 122 fallback entries
  [warning] control-flow function=sub_00309750 addr=0x309778 - unresolved JR/JALR at 0x309778; promoted 18 fallback entries
  [warning] control-flow function=sub_00309798 addr=0x3097c0 - unresolved JR/JALR at 0x3097c0; promoted 18 fallback entries
  [warning] control-flow function=sub_00309BA8 addr=0x309c44 - unresolved JR/JALR at 0x309c44; promoted 56 fallback entries
  [warning] control-flow function=sub_0030A060 addr=0x30a09c - unresolved JR/JALR at 0x30a09c 0x30a0c4 0x30a238; promoted 132 fallback entries
  [warning] control-flow function=sub_0030A3A0 addr=0x30a3cc - unresolved JR/JALR at 0x30a3cc 0x30a3f0; promoted 48 fallback entries
  [warning] control-flow function=sub_0030A460 addr=0x30a48c - unresolved JR/JALR at 0x30a48c 0x30a4ac 0x30a504; promoted 58 fallback entries
  [warning] control-flow function=sub_0030A868 addr=0x30a930 - unresolved JR/JALR at 0x30a930 0x30a9c8 0x30aa18 0x30aaa0 0x30ab10; promoted 268 fallback entries
  [warning] control-flow function=sub_0030AEB8 addr=0x30aee0 - unresolved JR/JALR at 0x30aee0; promoted 20 fallback entries
  [warning] control-flow function=sub_0030B068 addr=0x30b0a8 - unresolved JR/JALR at 0x30b0a8; promoted 32 fallback entries
  [warning] control-flow function=sub_0030B0E8 addr=0x30b130 - unresolved JR/JALR at 0x30b130 0x30b17c; promoted 52 fallback entries
  [warning] control-flow function=sub_0030B1B8 addr=0x30b1dc - unresolved JR/JALR at 0x30b1dc; promoted 20 fallback entries
  [warning] control-flow function=sub_0030B388 addr=0x30b3c8 - unresolved JR/JALR at 0x30b3c8; promoted 40 fallback entries
  [warning] control-flow function=sub_0030B8C0 addr=0x30b8e8 - unresolved JR/JALR at 0x30b8e8; promoted 26 fallback entries
  [warning] control-flow function=sub_0030BB10 addr=0x30bb4c - unresolved JR/JALR at 0x30bb4c 0x30bbdc 0x30bc14; promoted 92 fallback entries
  [warning] control-flow function=sub_0030BC80 addr=0x30bcb8 - unresolved JR/JALR at 0x30bcb8 0x30bce8; promoted 40 fallback entries
  [warning] control-flow function=sub_0030BD20 addr=0x30bd64 - unresolved JR/JALR at 0x30bd64 0x30be3c 0x30be6c; promoted 114 fallback entries
  [warning] control-flow function=sub_0030BEE8 addr=0x30bf28 - unresolved JR/JALR at 0x30bf28 0x30bf54; promoted 54 fallback entries
  [warning] control-flow function=sub_0030BFC0 addr=0x30c11c - unresolved JR/JALR at 0x30c11c 0x30c138; promoted 244 fallback entries
  [warning] control-flow function=sub_0030C6C8 addr=0x30c6e8 - unresolved JR/JALR at 0x30c6e8; promoted 14 fallback entries
  [warning] control-flow function=sub_0030C4A8 addr=0x30c5c4 - unresolved JR/JALR at 0x30c5c4 0x30c660; promoted 136 fallback entries
  [warning] control-flow function=sub_0030C700 addr=0x30c720 - unresolved JR/JALR at 0x30c720; promoted 14 fallback entries
  [warning] control-flow function=sub_0030D540 addr=0x30d64c - unresolved JR/JALR at 0x30d64c 0x30d718; promoted 192 fallback entries
  [warning] control-flow function=sub_0030DBD0 addr=0x30e338 - unresolved JR/JALR at 0x30e338 0x30e408 0x30e894 0x30e8fc; promoted 900 fallback entries
  [warning] control-flow function=sub_00310640 addr=0x310808 - unresolved JR/JALR at 0x310808 0x310844 0x310898 0x3108fc; promoted 194 fallback entries
  [warning] control-flow function=sub_00310948 addr=0x310b08 - unresolved JR/JALR at 0x310b08 0x310b40 0x310b94 0x310bfc; promoted 192 fallback entries
  [warning] control-flow function=sub_00310EA8 addr=0x310ecc - unresolved JR/JALR at 0x310ecc; promoted 14 fallback entries
  [warning] control-flow function=sub_00310EE0 addr=0x310f04 - unresolved JR/JALR at 0x310f04; promoted 14 fallback entries
  [warning] control-flow function=sub_003123C0 addr=0x31243c - unresolved JR/JALR at 0x31243c; promoted 52 fallback entries
  [warning] control-flow function=sub_00312490 addr=0x312560 - unresolved JR/JALR at 0x312560; promoted 66 fallback entries
  [warning] control-flow function=sub_00312660 addr=0x3126c8 - unresolved JR/JALR at 0x3126c8; promoted 76 fallback entries
  [warning] control-flow function=sub_00312790 addr=0x3127a4 - unresolved JR/JALR at 0x3127a4; promoted 36 fallback entries
  [warning] control-flow function=sub_00312820 addr=0x31283c - unresolved JR/JALR at 0x31283c; promoted 50 fallback entries
  [warning] control-flow function=sub_003128E8 addr=0x312924 - unresolved JR/JALR at 0x312924; promoted 62 fallback entries
  [warning] control-flow function=sub_00313DD0 addr=0x313e00 - unresolved JR/JALR at 0x313e00 0x313e1c 0x313e38 0x313e54 0x313e70 0x313e8c 0x313ea8 0x313ec4 0x313ee0 0x313efc 0x313f18 0x313f34 0x313f50 0x313f6c 0x313f88 0x313fa4 0x313ff4 0x314020; promoted 160 fallback entries
  [warning] control-flow function=sub_00314050 addr=0x314090 - unresolved JR/JALR at 0x314090 0x3140ac 0x3140c8 0x3140e4 0x314100 0x31411c 0x314138 0x314154 0x314170 0x31418c 0x3141a8 0x3141c4 0x3141e0 0x3141fc 0x314218 0x314234 0x314250 0x314294; promoted 166 fallback entries
  [warning] control-flow function=sub_003147F0 addr=0x314828 - unresolved JR/JALR at 0x314828; promoted 36 fallback entries
  [warning] control-flow function=sub_00314880 addr=0x3148c0 - unresolved JR/JALR at 0x3148c0; promoted 62 fallback entries
  [warning] control-flow function=sub_00316D60 addr=0x316da8 - unresolved JR/JALR at 0x316da8 0x316dc4 0x316de0 0x316dfc 0x316e1c 0x316e34 0x316e54 0x316e7c 0x316e9c 0x316eb4 0x316ed4; promoted 102 fallback entries
  [warning] control-flow function=sub_00317348 addr=0x3173bc - unresolved JR/JALR at 0x3173bc 0x3173dc; promoted 46 fallback entries
  [warning] control-flow function=sub_00317400 addr=0x317420 - unresolved JR/JALR at 0x317420 0x317440; promoted 22 fallback entries
  [warning] control-flow function=sub_00316F00 addr=0x316f2c - unresolved JR/JALR at 0x316f2c 0x316f48 0x316f68 0x316fbc 0x317004 0x31702c 0x317054 0x317088 0x3170a4 0x3170c8 0x3170f0 0x317118 0x317130 0x31716c 0x3171b4 0x3171d0 0x317208 0x31723c 0x3172d8; promoted 266 fallback entries
  [warning] control-flow function=sub_00317478 addr=0x317494 - unresolved JR/JALR at 0x317494; promoted 12 fallback entries
  [warning] control-flow function=sub_003174A8 addr=0x3174c8 - unresolved JR/JALR at 0x3174c8 0x3174e4; promoted 22 fallback entries
  [warning] control-flow function=sub_0031A490 addr=0x31a598 - unresolved JR/JALR at 0x31a598; promoted 138 fallback entries
  [warning] control-flow function=sub_0031A6B8 addr=0x31aa7c - unresolved JR/JALR at 0x31aa7c 0x31aab0; promoted 270 fallback entries
  [warning] control-flow function=sub_0031AAF0 addr=0x31ab9c - unresolved JR/JALR at 0x31ab9c 0x31ac90; promoted 138 fallback entries
  [warning] control-flow function=sub_0031A3C0 addr=0x31a598 - unresolved JR/JALR at 0x31a598; promoted 190 fallback entries
  [warning] control-flow function=sub_0031AC60 addr=0x31ac90 - unresolved JR/JALR at 0x31ac90; promoted 46 fallback entries
  [warning] control-flow function=sub_0031B008 addr=0x31b038 - unresolved JR/JALR at 0x31b038; promoted 32 fallback entries
  [warning] control-flow function=sub_00320550 addr=0x3209d8 - unresolved JR/JALR at 0x3209d8 0x320a08 0x320a48 0x320a78 0x320aa8; promoted 390 fallback entries
  [warning] control-flow function=sub_00326A68 addr=0x326aa8 - unresolved JR/JALR at 0x326aa8; promoted 30 fallback entries
  [warning] control-flow function=sub_00326B88 addr=0x326bf0 - unresolved JR/JALR at 0x326bf0; promoted 54 fallback entries
  [warning] control-flow function=sub_00326CF0 addr=0x326d1c - unresolved JR/JALR at 0x326d1c 0x326d30; promoted 28 fallback entries
  [warning] control-flow function=sub_003281D0 addr=0x328328 - unresolved JR/JALR at 0x328328; promoted 100 fallback entries
  [warning] control-flow function=sub_0032B6E0 addr=0x32b980 - unresolved JR/JALR at 0x32b980 0x32b9f8 0x32bb18 0x32bb90 0x32bdf8 0x32be6c 0x32bfac 0x32c020; promoted 646 fallback entries
  [warning] control-flow function=sub_0032C0F8 addr=0x32c208 - unresolved JR/JALR at 0x32c208 0x32c234 0x32c318 0x32c408 0x32c434; promoted 260 fallback entries
  [warning] control-flow function=sub_0032E100 addr=0x32e670 - unresolved JR/JALR at 0x32e670; promoted 1364 fallback entries
  [warning] control-flow function=sub_003309D8 addr=0x330ab0 - unresolved JR/JALR at 0x330ab0 0x330ad0; promoted 670 fallback entries
  [warning] control-flow function=sub_003342D0 addr=0x33434c - unresolved JR/JALR at 0x33434c; promoted 98 fallback entries
  [warning] control-flow function=sub_00333EF8 addr=0x3341b4 - unresolved JR/JALR at 0x3341b4 0x3341d4; promoted 246 fallback entries
  [warning] control-flow function=sub_00334458 addr=0x334570 - unresolved JR/JALR at 0x334570 0x334590; promoted 138 fallback entries
  [warning] control-flow function=sub_00334888 addr=0x3348e4 - unresolved JR/JALR at 0x3348e4 0x334910 0x334990 0x3349b0 0x3349cc 0x334e70 0x334e9c 0x334ebc 0x334f04 0x334f5c; promoted 552 fallback entries
  [warning] control-flow function=sub_00335B90 addr=0x335c74 - unresolved JR/JALR at 0x335c74 0x335c94; promoted 122 fallback entries
  [warning] control-flow function=sub_00336850 addr=0x3368cc - unresolved JR/JALR at 0x3368cc; promoted 98 fallback entries
  [warning] control-flow function=sub_00336D40 addr=0x336e28 - unresolved JR/JALR at 0x336e28 0x336e48; promoted 124 fallback entries
  [warning] control-flow function=sub_003378C0 addr=0x33793c - unresolved JR/JALR at 0x33793c; promoted 1048 fallback entries
  [warning] control-flow function=sub_00341C80 addr=0x341cc0 - unresolved JR/JALR at 0x341cc0; promoted 28 fallback entries
  [warning] control-flow function=sub_00341548 addr=0x341584 - unresolved JR/JALR at 0x341584 0x34162c 0x341680 0x3416a0 0x3416d4 0x3416f4 0x341720 0x341740 0x341794 0x3417f8 0x34183c 0x341980 0x341a10 0x341a80; promoted 342 fallback entries
  [warning] control-flow function=sub_00341D48 addr=0x341e24 - unresolved JR/JALR at 0x341e24; promoted 64 fallback entries
  [warning] control-flow function=sub_00342150 addr=0x342184 - unresolved JR/JALR at 0x342184; promoted 20 fallback entries
  [warning] control-flow function=sub_003422E8 addr=0x342328 - unresolved JR/JALR at 0x342328 0x342590 0x34274c; promoted 288 fallback entries
  [warning] control-flow function=sub_00342808 addr=0x342848 - unresolved JR/JALR at 0x342848 0x34285c 0x3428e0 0x342934 0x342968 0x342988 0x3429b4 0x342a04 0x342a68 0x342aac 0x342b60 0x342bd0 0x342be8; promoted 256 fallback entries
  [warning] control-flow function=sub_00342D10 addr=0x342d4c - unresolved JR/JALR at 0x342d4c 0x342d68 0x342db8 0x342e18 0x342e60 0x342ef0 0x342f44 0x342f8c 0x342fd8 0x342ff4; promoted 192 fallback entries
  [warning] control-flow function=sub_003430D0 addr=0x34310c - unresolved JR/JALR at 0x34310c 0x34315c 0x343670 0x343688 0x3436ec 0x343748; promoted 422 fallback entries
  [warning] control-flow function=sub_003437C0 addr=0x3437fc - unresolved JR/JALR at 0x3437fc 0x343850 0x343a48; promoted 170 fallback entries
  [warning] control-flow function=sub_003441A8 addr=0x3441f4 - unresolved JR/JALR at 0x3441f4; promoted 38 fallback entries
  [warning] control-flow function=sub_00344240 addr=0x344294 - unresolved JR/JALR at 0x344294; promoted 40 fallback entries
  [warning] control-flow function=sub_003443A8 addr=0x3445bc - unresolved JR/JALR at 0x3445bc; promoted 226 fallback entries
  [warning] control-flow function=sub_00344800 addr=0x344848 - unresolved JR/JALR at 0x344848; promoted 38 fallback entries
  [warning] control-flow function=sub_003449F0 addr=0x344a64 - unresolved JR/JALR at 0x344a64; promoted 44 fallback entries
  [warning] control-flow function=sub_00344E18 addr=0x344f5c - unresolved JR/JALR at 0x344f5c 0x344f84; promoted 106 fallback entries
  [warning] control-flow function=sub_00344FC0 addr=0x344fe0 - unresolved JR/JALR at 0x344fe0; promoted 14 fallback entries
  [warning] control-flow function=sub_00344FF8 addr=0x345020 - unresolved JR/JALR at 0x345020; promoted 20 fallback entries
  [warning] control-flow function=sub_00345248 addr=0x3453e8 - unresolved JR/JALR at 0x3453e8 0x345400; promoted 122 fallback entries
  [warning] control-flow function=sub_00345430 addr=0x3454b4 - unresolved JR/JALR at 0x3454b4; promoted 46 fallback entries
  [warning] control-flow function=sub_00345538 addr=0x345558 - unresolved JR/JALR at 0x345558; promoted 14 fallback entries
  [warning] control-flow function=sub_00345570 addr=0x345598 - unresolved JR/JALR at 0x345598; promoted 50 fallback entries
  [warning] control-flow function=sub_00345638 addr=0x3456bc - unresolved JR/JALR at 0x3456bc 0x3456d4; promoted 50 fallback entries
  [warning] control-flow function=sub_003457C8 addr=0x3457f8 - unresolved JR/JALR at 0x3457f8; promoted 24 fallback entries
  [warning] control-flow function=sub_00345890 addr=0x3458ac - unresolved JR/JALR at 0x3458ac; promoted 12 fallback entries
  [warning] control-flow function=sub_003458C0 addr=0x345914 - unresolved JR/JALR at 0x345914; promoted 58 fallback entries
  [warning] control-flow function=sub_003459A8 addr=0x3459f8 - unresolved JR/JALR at 0x3459f8 0x345a30 0x345a4c 0x345c20 0x345c48 0x345c64; promoted 186 fallback entries
  [warning] control-flow function=sub_00345D80 addr=0x345de0 - unresolved JR/JALR at 0x345de0 0x345e14; promoted 94 fallback entries
  [warning] control-flow function=sub_00345EF8 addr=0x3460d0 - unresolved JR/JALR at 0x3460d0 0x3460f8; promoted 138 fallback entries
  [warning] control-flow function=sub_003461C0 addr=0x3461fc - unresolved JR/JALR at 0x3461fc 0x346330; promoted 100 fallback entries
  [warning] control-flow function=sub_003464E0 addr=0x346538 - unresolved JR/JALR at 0x346538 0x3465e4; promoted 112 fallback entries
  [warning] control-flow function=sub_003466A0 addr=0x346708 - unresolved JR/JALR at 0x346708 0x346868 0x346b98; promoted 422 fallback entries
  [warning] control-flow function=sub_00346D38 addr=0x346e6c - unresolved JR/JALR at 0x346e6c 0x347110 0x3472e4 0x3473dc 0x34740c; promoted 552 fallback entries
  [warning] control-flow function=sub_003475D8 addr=0x347990 - unresolved JR/JALR at 0x347990 0x347b2c 0x347c20 0x347c38 0x347c58 0x347cd4 0x347d00 0x347d74; promoted 494 fallback entries
  [warning] control-flow function=sub_00347EA8 addr=0x347eec - unresolved JR/JALR at 0x347eec; promoted 58 fallback entries
  [warning] control-flow function=sub_00347F90 addr=0x347fdc - unresolved JR/JALR at 0x347fdc 0x348024 0x348038; promoted 50 fallback entries
  [warning] control-flow function=sub_00348058 addr=0x34808c - unresolved JR/JALR at 0x34808c 0x348110 0x348128; promoted 142 fallback entries
  [warning] control-flow function=sub_00348290 addr=0x348aa4 - unresolved JR/JALR at 0x348aa4; promoted 556 fallback entries
  [warning] control-flow function=sub_00348B40 addr=0x348b70 - unresolved JR/JALR at 0x348b70; promoted 20 fallback entries
  [warning] control-flow function=sub_00348FA0 addr=0x348fe8 - unresolved JR/JALR at 0x348fe8 0x349070; promoted 92 fallback entries
  [warning] control-flow function=sub_003492A8 addr=0x349b00 - unresolved JR/JALR at 0x349b00 0x349b28; promoted 552 fallback entries
  [warning] control-flow function=sub_00349DB0 addr=0x349df8 - unresolved JR/JALR at 0x349df8 0x349e80; promoted 90 fallback entries
  [warning] control-flow function=sub_0034A0B0 addr=0x34ac40 - unresolved JR/JALR at 0x34ac40 0x34ac68; promoted 758 fallback entries
  [warning] control-flow function=sub_0034B228 addr=0x34b304 - unresolved JR/JALR at 0x34b304 0x34b37c 0x34b780; promoted 356 fallback entries
  [warning] control-flow function=sub_0034B7B8 addr=0x34b7e0 - unresolved JR/JALR at 0x34b7e0; promoted 24 fallback entries
  [warning] control-flow function=sub_0034B818 addr=0x34b920 - unresolved JR/JALR at 0x34b920; promoted 102 fallback entries
  [warning] control-flow function=sub_0034B9B0 addr=0x34bb9c - unresolved JR/JALR at 0x34bb9c 0x34bbb4 0x34bc14 0x34bc40; promoted 188 fallback entries
  [warning] control-flow function=sub_0034C2E0 addr=0x34c318 - unresolved JR/JALR at 0x34c318 0x34c344; promoted 38 fallback entries
  [warning] control-flow function=sub_0034C378 addr=0x34c3b0 - unresolved JR/JALR at 0x34c3b0 0x34c3d8; promoted 44 fallback entries
  [warning] control-flow function=sub_0034C428 addr=0x34c510 - unresolved JR/JALR at 0x34c510; promoted 72 fallback entries
  [warning] control-flow function=sub_0034CAB8 addr=0x34cbc0 - unresolved JR/JALR at 0x34cbc0; promoted 76 fallback entries
  [warning] control-flow function=sub_0034CBE8 addr=0x34cc54 - unresolved JR/JALR at 0x34cc54; promoted 38 fallback entries
  [warning] control-flow function=sub_0034CDE8 addr=0x34cee8 - unresolved JR/JALR at 0x34cee8; promoted 108 fallback entries
  [warning] control-flow function=sub_00346350 addr=0x346410 - unresolved JR/JALR at 0x346410; promoted 100 fallback entries
  [warning] control-flow function=sub_0034D1E8 addr=0x34d254 - unresolved JR/JALR at 0x34d254 0x34d2cc 0x34d610; promoted 322 fallback entries
  [warning] control-flow function=sub_0034CF98 addr=0x34d1d0 - unresolved JR/JALR at 0x34d1d0; promoted 148 fallback entries
  [warning] control-flow function=sub_0034D6F0 addr=0x34d860 - unresolved JR/JALR at 0x34d860 0x34d878 0x34d8f8 0x34d924 0x34d990; promoted 176 fallback entries
  [warning] control-flow function=sub_0034DAC8 addr=0x34db58 - unresolved JR/JALR at 0x34db58 0x34db74; promoted 56 fallback entries
  [warning] control-flow function=sub_0034DBA8 addr=0x34dc20 - unresolved JR/JALR at 0x34dc20 0x34dcb4 0x34dcd4 0x34dce8; promoted 478 fallback entries
  [warning] control-flow function=sub_0034CC80 addr=0x34ccf8 - unresolved JR/JALR at 0x34ccf8; promoted 90 fallback entries
  [warning] control-flow function=sub_0034E348 addr=0x34e39c - unresolved JR/JALR at 0x34e39c; promoted 36 fallback entries
  [warning] control-flow function=sub_0034E3D8 addr=0x34e40c - unresolved JR/JALR at 0x34e40c 0x34e428; promoted 28 fallback entries
  [warning] control-flow function=sub_0034E600 addr=0x34e630 - unresolved JR/JALR at 0x34e630 0x34e668; promoted 102 fallback entries
  [warning] control-flow function=sub_0034ED88 addr=0x34edcc - unresolved JR/JALR at 0x34edcc 0x34ee00; promoted 76 fallback entries
  [warning] control-flow function=sub_0034E798 addr=0x34e7f0 - unresolved JR/JALR at 0x34e7f0 0x34e87c; promoted 258 fallback entries
  [warning] control-flow function=sub_0034EF08 addr=0x34ef8c - unresolved JR/JALR at 0x34ef8c 0x34efc4; promoted 80 fallback entries
  [warning] control-flow function=sub_0034F048 addr=0x34f62c - unresolved JR/JALR at 0x34f62c 0x34f7b8 0x34fac4 0x34fae0; promoted 686 fallback entries
  [warning] control-flow function=sub_0034FB90 addr=0x34fbc8 - unresolved JR/JALR at 0x34fbc8; promoted 24 fallback entries
  [warning] control-flow function=sub_0034FCE0 addr=0x34fd74 - unresolved JR/JALR at 0x34fd74; promoted 44 fallback entries
  [warning] control-flow function=sub_0034FD90 addr=0x34fde8 - unresolved JR/JALR at 0x34fde8; promoted 28 fallback entries
  [warning] control-flow function=sub_0034FE28 addr=0x34fe50 - unresolved JR/JALR at 0x34fe50; promoted 26 fallback entries
  [warning] control-flow function=sub_0034FE90 addr=0x34febc - unresolved JR/JALR at 0x34febc; promoted 18 fallback entries
  [warning] control-flow function=sub_0034FED8 addr=0x34ff20 - unresolved JR/JALR at 0x34ff20 0x34ff40 0x34ff80; promoted 422 fallback entries
  [warning] control-flow function=sub_00350750 addr=0x350834 - unresolved JR/JALR at 0x350834 0x350850 0x35088c 0x350b38; promoted 274 fallback entries
  [warning] control-flow function=sub_00350B98 addr=0x350da4 - unresolved JR/JALR at 0x350da4 0x350dbc 0x350e3c; promoted 190 fallback entries
  [warning] control-flow function=sub_003513D0 addr=0x351430 - unresolved JR/JALR at 0x351430 0x351468; promoted 78 fallback entries
  [warning] control-flow function=sub_00351B40 addr=0x351cc4 - unresolved JR/JALR at 0x351cc4 0x351cdc 0x351cf8 0x352050; promoted 394 fallback entries
  [warning] control-flow function=sub_00352168 addr=0x3521dc - unresolved JR/JALR at 0x3521dc; promoted 50 fallback entries
  [warning] control-flow function=sub_00352B88 addr=0x352bac - unresolved JR/JALR at 0x352bac; promoted 14 fallback entries
  [warning] control-flow function=sub_00352BC0 addr=0x352be0 - unresolved JR/JALR at 0x352be0; promoted 14 fallback entries
  [warning] control-flow function=sub_00352230 addr=0x352564 - unresolved JR/JALR at 0x352564 0x352764 0x3527e8 0x352a40 0x352a88; promoted 542 fallback entries
  [warning] control-flow function=sub_00352BF8 addr=0x352c20 - unresolved JR/JALR at 0x352c20; promoted 16 fallback entries
  [warning] control-flow function=sub_00352C38 addr=0x352c58 - unresolved JR/JALR at 0x352c58; promoted 14 fallback entries
  [warning] control-flow function=sub_00352C70 addr=0x352c98 - unresolved JR/JALR at 0x352c98 0x352ce0 0x352cf8; promoted 44 fallback entries
  [warning] control-flow function=sub_00352D20 addr=0x352d54 - unresolved JR/JALR at 0x352d54 0x352d84 0x352db0; promoted 44 fallback entries
  [warning] control-flow function=sub_00352DD0 addr=0x352e04 - unresolved JR/JALR at 0x352e04 0x352e30; promoted 32 fallback entries
  [warning] control-flow function=sub_00352ED0 addr=0x352ef4 - unresolved JR/JALR at 0x352ef4; promoted 14 fallback entries
  [warning] control-flow function=sub_00352E50 addr=0x352e70 - unresolved JR/JALR at 0x352e70 0x352eb8; promoted 32 fallback entries
  [warning] control-flow function=sub_00352F08 addr=0x352f28 - unresolved JR/JALR at 0x352f28; promoted 14 fallback entries
  [warning] control-flow function=sub_00352F40 addr=0x352f74 - unresolved JR/JALR at 0x352f74 0x352fc0 0x352ff4; promoted 56 fallback entries
  [warning] control-flow function=sub_00353020 addr=0x35304c - unresolved JR/JALR at 0x35304c 0x353078; promoted 30 fallback entries
  [warning] control-flow function=sub_00353098 addr=0x3530b8 - unresolved JR/JALR at 0x3530b8; promoted 14 fallback entries
  [warning] control-flow function=sub_003530D0 addr=0x3530f8 - unresolved JR/JALR at 0x3530f8; promoted 18 fallback entries
  [warning] control-flow function=sub_00353188 addr=0x3531b0 - unresolved JR/JALR at 0x3531b0; promoted 18 fallback entries
  [warning] control-flow function=sub_003531D0 addr=0x353208 - unresolved JR/JALR at 0x353208; promoted 22 fallback entries
  [warning] control-flow function=sub_00353228 addr=0x353254 - unresolved JR/JALR at 0x353254; promoted 20 fallback entries
  [warning] control-flow function=sub_00353278 addr=0x3532ac - unresolved JR/JALR at 0x3532ac 0x3532d0; promoted 34 fallback entries
  [warning] control-flow function=sub_00353300 addr=0x353344 - unresolved JR/JALR at 0x353344 0x353370; promoted 38 fallback entries
  [warning] control-flow function=sub_00353398 addr=0x3533d4 - unresolved JR/JALR at 0x3533d4; promoted 32 fallback entries
  [warning] control-flow function=sub_00353448 addr=0x3534c4 - unresolved JR/JALR at 0x3534c4 0x353518 0x353540 0x3535c8 0x3535e8 0x353630 0x353664 0x3536a4; promoted 164 fallback entries
  [warning] control-flow function=sub_003536D8 addr=0x353730 - unresolved JR/JALR at 0x353730; promoted 250 fallback entries
  [warning] control-flow function=sub_00353AC0 addr=0x353cac - unresolved JR/JALR at 0x353cac; promoted 140 fallback entries
  [warning] control-flow function=sub_00353E80 addr=0x353eac - unresolved JR/JALR at 0x353eac 0x353edc; promoted 32 fallback entries
  [warning] control-flow function=sub_003545D8 addr=0x354604 - unresolved JR/JALR at 0x354604 0x35462c; promoted 28 fallback entries
  [warning] control-flow function=sub_00354788 addr=0x3547c4 - unresolved JR/JALR at 0x3547c4; promoted 32 fallback entries
  [warning] control-flow function=sub_003548C0 addr=0x3548fc - unresolved JR/JALR at 0x3548fc; promoted 24 fallback entries
  [warning] control-flow function=sub_00354948 addr=0x354968 - unresolved JR/JALR at 0x354968; promoted 14 fallback entries
  [warning] control-flow function=sub_00354980 addr=0x3549b0 - unresolved JR/JALR at 0x3549b0; promoted 20 fallback entries
  [warning] control-flow function=sub_00354C98 addr=0x354d2c - unresolved JR/JALR at 0x354d2c 0x354d48 0x354d90; promoted 108 fallback entries
  [warning] control-flow function=sub_00354F98 addr=0x354fec - unresolved JR/JALR at 0x354fec; promoted 36 fallback entries
  [warning] control-flow function=sub_00355028 addr=0x355060 - unresolved JR/JALR at 0x355060; promoted 30 fallback entries
  [warning] control-flow function=sub_003550A0 addr=0x3550d8 - unresolved JR/JALR at 0x3550d8; promoted 30 fallback entries
  [warning] control-flow function=sub_00355118 addr=0x355174 - unresolved JR/JALR at 0x355174; promoted 36 fallback entries
  [warning] control-flow function=sub_003551A8 addr=0x355204 - unresolved JR/JALR at 0x355204 0x355228; promoted 46 fallback entries
  [warning] control-flow function=sub_003553C0 addr=0x35544c - unresolved JR/JALR at 0x35544c; promoted 42 fallback entries
  [warning] control-flow function=sub_003552D8 addr=0x355318 - unresolved JR/JALR at 0x355318 0x355334 0x355350 0x35536c; promoted 58 fallback entries
  [warning] control-flow function=sub_003554B0 addr=0x3554d4 - unresolved JR/JALR at 0x3554d4 0x355514; promoted 40 fallback entries
  [warning] control-flow function=sub_00355748 addr=0x3557c0 - unresolved JR/JALR at 0x3557c0 0x3557ec; promoted 76 fallback entries
  [warning] control-flow function=sub_00355888 addr=0x3558a0 - unresolved JR/JALR at 0x3558a0; promoted 12 fallback entries
  [warning] control-flow function=sub_00355F10 addr=0x355f38 - unresolved JR/JALR at 0x355f38 0x355f60 0x355f88 0x355fd0 0x356000; promoted 68 fallback entries
  [warning] control-flow function=sub_00356020 addr=0x3560ac - unresolved JR/JALR at 0x3560ac 0x3560f4 0x356110 0x356158 0x356174; promoted 94 fallback entries
  [warning] control-flow function=sub_003568B0 addr=0x356918 - unresolved JR/JALR at 0x356918 0x356950 0x3569b4 0x356a54 0x356a9c; promoted 140 fallback entries
  [warning] control-flow function=sub_00356B30 addr=0x356b60 - unresolved JR/JALR at 0x356b60 0x356b7c 0x356b98 0x356bc0 0x356c1c 0x356c80 0x356d00 0x356d7c; promoted 160 fallback entries
  [warning] control-flow function=sub_00356198 addr=0x3561c4 - unresolved JR/JALR at 0x3561c4 0x3561e0 0x35620c 0x356230 0x35627c 0x356350 0x356390 0x3563b0 0x3563d8 0x35645c 0x356478 0x3564c0 0x3564d8 0x3564fc 0x3565d0 0x356758; promoted 378 fallback entries
  [warning] control-flow function=sub_00356F68 addr=0x356f9c - unresolved JR/JALR at 0x356f9c; promoted 38 fallback entries
  [warning] control-flow function=sub_00357000 addr=0x357020 - unresolved JR/JALR at 0x357020; promoted 14 fallback entries
  [warning] control-flow function=sub_00357090 addr=0x3570cc - unresolved JR/JALR at 0x3570cc 0x3570e0 0x357138 0x357158 0x357254 0x3572a8 0x3572c0; promoted 148 fallback entries
  [warning] control-flow function=sub_00357798 addr=0x3577d0 - unresolved JR/JALR at 0x3577d0 0x3577f0 0x357870 0x35788c; promoted 68 fallback entries
  [warning] control-flow function=sub_00357358 addr=0x357390 - unresolved JR/JALR at 0x357390 0x3573b0 0x3573cc 0x3575ac 0x3576a4 0x3576f8 0x357714 0x357730; promoted 254 fallback entries
  [warning] control-flow function=sub_00357918 addr=0x357990 - unresolved JR/JALR at 0x357990; promoted 44 fallback entries
  [warning] control-flow function=sub_00357CA8 addr=0x357cec - unresolved JR/JALR at 0x357cec; promoted 32 fallback entries
  [warning] control-flow function=sub_00357D28 addr=0x357d70 - unresolved JR/JALR at 0x357d70; promoted 44 fallback entries
  [warning] control-flow function=sub_00357E80 addr=0x357eb4 - unresolved JR/JALR at 0x357eb4 0x357ed0 0x357f08 0x357f38 0x357f54 0x357f78; promoted 72 fallback entries
  [warning] control-flow function=sub_00357FA0 addr=0x357fec - unresolved JR/JALR at 0x357fec; promoted 32 fallback entries
  [warning] control-flow function=sub_00358380 addr=0x3583ac - unresolved JR/JALR at 0x3583ac 0x3583c8 0x3583e4 0x35840c 0x358428 0x35844c 0x35849c; promoted 78 fallback entries
  [warning] control-flow function=sub_003584B8 addr=0x3584d8 - unresolved JR/JALR at 0x3584d8; promoted 14 fallback entries
  [warning] control-flow function=sub_00358588 addr=0x358610 - unresolved JR/JALR at 0x358610; promoted 94 fallback entries
  [warning] control-flow function=sub_00358B28 addr=0x358c60 - unresolved JR/JALR at 0x358c60; promoted 86 fallback entries
  [warning] control-flow function=sub_00358DB0 addr=0x358df8 - unresolved JR/JALR at 0x358df8; promoted 160 fallback entries
  [warning] control-flow function=sub_00359030 addr=0x359124 - unresolved JR/JALR at 0x359124; promoted 126 fallback entries
  [warning] control-flow function=sub_00359270 addr=0x3592ac - unresolved JR/JALR at 0x3592ac 0x35939c 0x359440; promoted 124 fallback entries
  [warning] control-flow function=sub_003595D8 addr=0x359630 - unresolved JR/JALR at 0x359630; promoted 44 fallback entries
  [warning] control-flow function=sub_00359688 addr=0x359f5c - unresolved JR/JALR at 0x359f5c; promoted 576 fallback entries
  [warning] control-flow function=sub_0035A118 addr=0x35a17c - unresolved JR/JALR at 0x35a17c 0x35a19c 0x35a1d0; promoted 132 fallback entries
  [warning] control-flow function=sub_0035A780 addr=0x35a950 - unresolved JR/JALR at 0x35a950; promoted 212 fallback entries
  [warning] control-flow function=sub_0035AAE0 addr=0x35ab1c - unresolved JR/JALR at 0x35ab1c 0x35ab40 0x35ab8c 0x35abb0 0x35abd4 0x35ac0c; promoted 80 fallback entries
  [warning] control-flow function=sub_0035AC20 addr=0x35b45c - unresolved JR/JALR at 0x35b45c 0x35b4b4 0x35b4cc 0x35b504 0x35b524 0x35b548 0x35b5dc 0x35b600 0x35b63c; promoted 660 fallback entries
  [warning] control-flow function=sub_0035B708 addr=0x35b778 - unresolved JR/JALR at 0x35b778; promoted 224 fallback entries
  [warning] control-flow function=sub_0035BA88 addr=0x35baec - unresolved JR/JALR at 0x35baec 0x35bb00; promoted 366 fallback entries
  [warning] control-flow function=sub_0035C040 addr=0x35c064 - unresolved JR/JALR at 0x35c064 0x35c088; promoted 42 fallback entries
  [warning] control-flow function=sub_0035C0E8 addr=0x35c56c - unresolved JR/JALR at 0x35c56c 0x35c584; promoted 302 fallback entries
  [warning] control-flow function=sub_0035DA00 addr=0x35da20 - unresolved JR/JALR at 0x35da20; promoted 14 fallback entries
  [warning] control-flow function=sub_0035DA38 addr=0x35da58 - unresolved JR/JALR at 0x35da58; promoted 14 fallback entries
  [warning] control-flow function=sub_0035DF70 addr=0x35dfe0 - unresolved JR/JALR at 0x35dfe0 0x35dff4 0x35e214 0x35e22c; promoted 182 fallback entries
  [warning] control-flow function=sub_0035F1A8 addr=0x35f1d4 - unresolved JR/JALR at 0x35f1d4 0x35f1e8; promoted 28 fallback entries
  [warning] control-flow function=sub_0035F688 addr=0x35f6b4 - unresolved JR/JALR at 0x35f6b4 0x35f6cc; promoted 24 fallback entries
  [warning] control-flow function=sub_0035F788 addr=0x35f7b0 - unresolved JR/JALR at 0x35f7b0; promoted 18 fallback entries
  [warning] control-flow function=sub_0035FD98 addr=0x35fdb8 - unresolved JR/JALR at 0x35fdb8; promoted 30 fallback entries
  [warning] control-flow function=sub_0035FE10 addr=0x36081c - unresolved JR/JALR at 0x36081c 0x36085c 0x3608fc 0x360db4 0x360e14 0x3610c4 0x361114; promoted 1324 fallback entries
  [warning] control-flow function=sub_003612C0 addr=0x3617e4 - unresolved JR/JALR at 0x3617e4 0x361830 0x361884 0x361898 0x361968 0x361a88 0x361bb8 0x361c48; promoted 732 fallback entries
  [warning] control-flow function=sub_003695D8 addr=0x369678 - unresolved JR/JALR at 0x369678; promoted 46 fallback entries
  [warning] control-flow function=sub_003696C8 addr=0x3697f4 - unresolved JR/JALR at 0x3697f4; promoted 114 fallback entries
  [warning] control-flow function=sub_00369A78 addr=0x369c54 - unresolved JR/JALR at 0x369c54 0x369c80 0x369c94 0x369ce0 0x369e78 0x369f9c; promoted 350 fallback entries
  [warning] control-flow function=sub_00369FF8 addr=0x36a00c - unresolved JR/JALR at 0x36a00c; promoted 10 fallback entries
  [warning] control-flow function=sub_0036A020 addr=0x36a034 - unresolved JR/JALR at 0x36a034 0x36a178; promoted 104 fallback entries
  [warning] control-flow function=sub_0036A1E8 addr=0x36a258 - unresolved JR/JALR at 0x36a258; promoted 42 fallback entries
  [warning] control-flow function=sub_0036AC00 addr=0x36ad58 - unresolved JR/JALR at 0x36ad58; promoted 136 fallback entries
  [warning] control-flow function=sub_0036AE20 addr=0x36ae78 - unresolved JR/JALR at 0x36ae78 0x36ae9c 0x36af04 0x36afe8; promoted 206 fallback entries
  [warning] control-flow function=sub_0036B158 addr=0x36b1cc - unresolved JR/JALR at 0x36b1cc 0x36b1f8 0x36b280 0x36b36c 0x36b4e0 0x36b518 0x36b538 0x36b664 0x36b688 0x36b6f4 0x36b8d0 0x36b908 0x36b928; promoted 544 fallback entries
  [warning] control-flow function=sub_0036C398 addr=0x36c484 - unresolved JR/JALR at 0x36c484 0x36c4a4; promoted 234 fallback entries
  [warning] control-flow function=sub_0036C790 addr=0x36c928 - unresolved JR/JALR at 0x36c928 0x36cafc 0x36cb1c 0x36cb64; promoted 282 fallback entries
  [warning] control-flow function=sub_00370AA8 addr=0x370ae0 - unresolved JR/JALR at 0x370ae0; promoted 20 fallback entries
  [warning] control-flow function=sub_00370AF8 addr=0x370b20 - unresolved JR/JALR at 0x370b20; promoted 26 fallback entries
  [warning] control-flow function=sub_003708C0 addr=0x370908 - unresolved JR/JALR at 0x370908 0x370920 0x370a70; promoted 122 fallback entries
  [warning] control-flow function=sub_00370DC8 addr=0x370ff8 - unresolved JR/JALR at 0x370ff8 0x37100c 0x371020; promoted 194 fallback entries
  [warning] control-flow function=sub_003712B8 addr=0x371300 - unresolved JR/JALR at 0x371300; promoted 24 fallback entries
  [warning] control-flow function=sub_00371318 addr=0x371340 - unresolved JR/JALR at 0x371340; promoted 26 fallback entries
  [warning] control-flow function=sub_00371380 addr=0x371490 - unresolved JR/JALR at 0x371490; promoted 78 fallback entries
  [warning] control-flow function=sub_00371688 addr=0x371798 - unresolved JR/JALR at 0x371798; promoted 78 fallback entries
  [warning] control-flow function=sub_003725B0 addr=0x372a0c - unresolved JR/JALR at 0x372a0c 0x372a74; promoted 316 fallback entries
  [warning] control-flow function=sub_00375990 addr=0x3759c8 - unresolved JR/JALR at 0x3759c8; promoted 22 fallback entries
  [warning] control-flow function=sub_00375918 addr=0x375958 - unresolved JR/JALR at 0x375958; promoted 30 fallback entries
  [warning] control-flow function=sub_00375890 addr=0x3758e4 - unresolved JR/JALR at 0x3758e4; promoted 26 fallback entries
  [warning] control-flow function=sub_0037A430 addr=0x37a5c4 - unresolved JR/JALR at 0x37a5c4 0x37a5e4 0x37a6a0; promoted 1464 fallback entries
  [warning] control-flow function=sub_00375A08 addr=0x375b6c - unresolved JR/JALR at 0x375b6c 0x375fa8 0x375ff4 0x37600c 0x37602c 0x37606c 0x3760bc 0x3760d0 0x376208 0x376228 0x376484 0x3764a8 0x3765a4; promoted 972 fallback entries
  [warning] control-flow function=sub_00376938 addr=0x376978 - unresolved JR/JALR at 0x376978 0x376990 0x376aac 0x376d38 0x376d50 0x376e20 0x376e68 0x377004 0x37705c 0x377510 0x377558 0x3776cc 0x377724 0x377a48 0x377a88 0x377ae0 0x377af4 0x377c28 0x377c68 0x377cb8 0x378218 0x3783b0 0x3783e4; promoted 3658 fallback entries
  [warning] control-flow function=sub_0037C720 addr=0x37c874 - unresolved JR/JALR at 0x37c874 0x37ca10; promoted 298 fallback entries
  [warning] control-flow function=sub_0037D090 addr=0x37d2cc - unresolved JR/JALR at 0x37d2cc; promoted 566 fallback entries
  [warning] control-flow function=sub_0037CBC8 addr=0x37cc10 - unresolved JR/JALR at 0x37cc10 0x37cc70; promoted 306 fallback entries
  [warning] control-flow function=sub_0037DF88 addr=0x37dfe8 - unresolved JR/JALR at 0x37dfe8; promoted 46 fallback entries
  [warning] control-flow function=sub_0037E120 addr=0x37e328 - unresolved JR/JALR at 0x37e328 0x37e398 0x37e4ec 0x37e838 0x37f1a4 0x3821ac 0x3823c4 0x3823d8 0x38256c 0x382598; promoted 4406 fallback entries
  [warning] control-flow function=sub_00382760 addr=0x382a34 - unresolved JR/JALR at 0x382a34; promoted 228 fallback entries
  [warning] control-flow function=sub_00385BA0 addr=0x385bfc - unresolved JR/JALR at 0x385bfc; promoted 196 fallback entries
  [warning] control-flow function=sub_00386128 addr=0x386618 - unresolved JR/JALR at 0x386618; promoted 762 fallback entries
  [warning] control-flow function=sub_00386DD0 addr=0x386ff8 - unresolved JR/JALR at 0x386ff8; promoted 1084 fallback entries
  [warning] control-flow function=sub_00389CB8 addr=0x389d48 - unresolved JR/JALR at 0x389d48; promoted 542 fallback entries
  [warning] control-flow function=sub_0038B0F8 addr=0x38b35c - unresolved JR/JALR at 0x38b35c 0x38b430 0x38c67c 0x38c74c; promoted 1444 fallback entries
  [warning] control-flow function=sub_0038D638 addr=0x38d64c - unresolved JR/JALR at 0x38d64c; promoted 10 fallback entries
  [warning] control-flow function=sub_0038E118 addr=0x38e1ec - unresolved JR/JALR at 0x38e1ec; promoted 58 fallback entries
  [warning] control-flow function=sub_0038DC68 addr=0x38dcec - unresolved JR/JALR at 0x38dcec 0x38df0c 0x38df64 0x38dfcc 0x38e054; promoted 272 fallback entries
  [warning] control-flow function=sub_0038E200 addr=0x38e2d4 - unresolved JR/JALR at 0x38e2d4; promoted 58 fallback entries
  [warning] control-flow function=sub_0038E2E8 addr=0x38e440 - unresolved JR/JALR at 0x38e440; promoted 96 fallback entries
  [warning] control-flow function=sub_0038E468 addr=0x38e5c0 - unresolved JR/JALR at 0x38e5c0; promoted 96 fallback entries
  [warning] control-flow function=sub_0038E5E8 addr=0x38e720 - unresolved JR/JALR at 0x38e720; promoted 84 fallback entries
  [warning] control-flow function=sub_0038E738 addr=0x38e86c - unresolved JR/JALR at 0x38e86c; promoted 82 fallback entries
  [warning] control-flow function=sub_0038E880 addr=0x38ea38 - unresolved JR/JALR at 0x38ea38; promoted 120 fallback entries
  [warning] control-flow function=sub_0038EA60 addr=0x38ec14 - unresolved JR/JALR at 0x38ec14; promoted 120 fallback entries
  [warning] control-flow function=sub_0038F300 addr=0x38f33c - unresolved JR/JALR at 0x38f33c 0x38f398; promoted 88 fallback entries
  [warning] control-flow function=sub_0038EC40 addr=0x38ed78 - unresolved JR/JALR at 0x38ed78 0x38ee64 0x38eeec; promoted 410 fallback entries
  [warning] control-flow function=sub_003905E8 addr=0x390774 - unresolved JR/JALR at 0x390774 0x390854 0x390b18 0x390b50 0x390b70 0x390c3c; promoted 568 fallback entries
  [warning] control-flow function=sub_00390EF8 addr=0x390fa8 - unresolved JR/JALR at 0x390fa8 0x390fbc 0x390fd0 0x391044 0x391250 0x391264 0x391278; promoted 236 fallback entries
  [warning] control-flow function=sub_003919E8 addr=0x391a2c - unresolved JR/JALR at 0x391a2c; promoted 24 fallback entries
  [warning] control-flow function=sub_00391A48 addr=0x391bf8 - unresolved JR/JALR at 0x391bf8; promoted 128 fallback entries
  [warning] control-flow function=sub_00391CB0 addr=0x391db4 - unresolved JR/JALR at 0x391db4 0x391e08; promoted 96 fallback entries
  [warning] control-flow function=sub_00391E30 addr=0x391f34 - unresolved JR/JALR at 0x391f34 0x391f88; promoted 96 fallback entries
  [warning] control-flow function=sub_00395288 addr=0x39539c - unresolved JR/JALR at 0x39539c; promoted 266 fallback entries
  [warning] control-flow function=sub_00393048 addr=0x394814 - unresolved JR/JALR at 0x394814 0x394860 0x394a3c 0x394bac; promoted 1858 fallback entries
  [warning] control-flow function=sub_003975E0 addr=0x3976cc - unresolved JR/JALR at 0x3976cc; promoted 78 fallback entries
  [warning] control-flow function=sub_00397740 addr=0x3977a4 - unresolved JR/JALR at 0x3977a4 0x3977d4; promoted 42 fallback entries
  [warning] control-flow function=sub_00397948 addr=0x397988 - unresolved JR/JALR at 0x397988; promoted 30 fallback entries
  [warning] control-flow function=sub_003979F8 addr=0x397a30 - unresolved JR/JALR at 0x397a30; promoted 28 fallback entries
  [warning] control-flow function=sub_00397A68 addr=0x397aa0 - unresolved JR/JALR at 0x397aa0; promoted 28 fallback entries
  [warning] control-flow function=sub_00397B70 addr=0x397ba0 - unresolved JR/JALR at 0x397ba0 0x397bd4 0x397bf4; promoted 52 fallback entries
  [warning] control-flow function=sub_00397DF8 addr=0x397e8c - unresolved JR/JALR at 0x397e8c 0x397ea4 0x397eec 0x397f0c 0x397fd4 0x397fec; promoted 136 fallback entries
  [warning] control-flow function=sub_00398038 addr=0x398058 - unresolved JR/JALR at 0x398058; promoted 16 fallback entries
  [warning] control-flow function=sub_00398078 addr=0x3980c8 - unresolved JR/JALR at 0x3980c8; promoted 48 fallback entries
  [warning] control-flow function=sub_00398138 addr=0x398204 - unresolved JR/JALR at 0x398204; promoted 146 fallback entries
  [warning] control-flow function=sub_00398638 addr=0x3986fc - unresolved JR/JALR at 0x3986fc 0x398768; promoted 88 fallback entries
  [warning] control-flow function=sub_00398910 addr=0x398954 - unresolved JR/JALR at 0x398954; promoted 84 fallback entries
  [warning] control-flow function=sub_00398798 addr=0x398834 - unresolved JR/JALR at 0x398834 0x3988d4; promoted 94 fallback entries
  [warning] control-flow function=sub_00399768 addr=0x39986c - unresolved JR/JALR at 0x39986c; promoted 110 fallback entries
  [warning] control-flow function=sub_00399920 addr=0x3999bc - unresolved JR/JALR at 0x3999bc 0x3999ec 0x399a38 0x399a80 0x399ac0 0x399b20 0x399b50 0x399ba4 0x399be0 0x399c20 0x399c80 0x399ca8 0x399ccc 0x399d4c; promoted 280 fallback entries
  [warning] control-flow function=sub_00398A60 addr=0x398c90 - unresolved JR/JALR at 0x398c90 0x3996d8; promoted 820 fallback entries
  [warning] control-flow function=sub_00399D80 addr=0x399e94 - unresolved JR/JALR at 0x399e94 0x399ed8 0x39a2e8 0x39a3c0; promoted 414 fallback entries
  [warning] control-flow function=sub_0039A568 addr=0x39a5b0 - unresolved JR/JALR at 0x39a5b0; promoted 66 fallback entries
  [warning] control-flow function=sub_0039AB50 addr=0x39abc0 - unresolved JR/JALR at 0x39abc0; promoted 62 fallback entries
  [warning] control-flow function=sub_0039AD38 addr=0x39adc0 - unresolved JR/JALR at 0x39adc0 0x39ade4 0x39ae0c 0x39ae28; promoted 88 fallback entries
  [warning] control-flow function=sub_0039AC48 addr=0x39acac - unresolved JR/JALR at 0x39acac; promoted 60 fallback entries
  [warning] control-flow function=sub_0039A8D8 addr=0x39a910 - unresolved JR/JALR at 0x39a910 0x39aa00 0x39aa24 0x39aa84 0x39aaa8; promoted 138 fallback entries
  [warning] control-flow function=sub_0039AE98 addr=0x39aef8 - unresolved JR/JALR at 0x39aef8 0x39af20 0x39af70 0x39af98 0x39afe0 0x39b078 0x39b0a0 0x39b0d0 0x39b0fc 0x39b198 0x39b1c8 0x39b1f4 0x39b28c 0x39b2d0 0x39b300 0x39b360 0x39b3a4 0x39b3d4 0x39b434 0x39b478 0x39b4a8 0x39b508 0x39b54c 0x39b57c 0x39b600 0x39b644 0x39b674 0x39b724; promoted 562 fallback entries
  [warning] control-flow function=sub_0039B960 addr=0x39b9e8 - unresolved JR/JALR at 0x39b9e8 0x39ba10 0x39ba48 0x39ba70 0x39bb14 0x39bb34 0x39bb98 0x39bbb8 0x39bc20 0x39bc80 0x39bca4 0x39bcf8 0x39bd1c 0x39bd54 0x39bd90 0x39bdb8 0x39bdf0 0x39be38 0x39be58; promoted 324 fallback entries
  [warning] control-flow function=sub_0039B7B0 addr=0x39b820 - unresolved JR/JALR at 0x39b820 0x39b904; promoted 108 fallback entries
  [warning] control-flow function=sub_0039BE70 addr=0x39be98 - unresolved JR/JALR at 0x39be98 0x39bebc 0x39bf18 0x39bf40 0x39bf64 0x39bfc0 0x39bfe8 0x39c00c 0x39c08c 0x39c0a8 0x39c0d0 0x39c0f8 0x39c174 0x39c1a4 0x39c200 0x39c220 0x39c27c 0x39c29c 0x39c354 0x39c374 0x39c3ec 0x39c40c; promoted 366 fallback entries
  [warning] control-flow function=sub_0039C428 addr=0x39c474 - unresolved JR/JALR at 0x39c474 0x39c4fc; promoted 60 fallback entries
  [warning] control-flow function=sub_0039C518 addr=0x39c540 - unresolved JR/JALR at 0x39c540; promoted 16 fallback entries
  [warning] control-flow function=sub_0039CD30 addr=0x39cd74 - unresolved JR/JALR at 0x39cd74; promoted 24 fallback entries
  [warning] control-flow function=sub_0039CDA0 addr=0x39cdd0 - unresolved JR/JALR at 0x39cdd0 0x39ce04; promoted 32 fallback entries
  [warning] control-flow function=sub_0039CED0 addr=0x39cfcc - unresolved JR/JALR at 0x39cfcc; promoted 106 fallback entries
  [warning] control-flow function=sub_0039D778 addr=0x39d7f8 - unresolved JR/JALR at 0x39d7f8; promoted 58 fallback entries
  [warning] control-flow function=sub_0039D860 addr=0x39d8fc - unresolved JR/JALR at 0x39d8fc 0x39d91c 0x39d9cc 0x39d9fc; promoted 112 fallback entries
  [warning] control-flow function=sub_0039D078 addr=0x39d0c4 - unresolved JR/JALR at 0x39d0c4 0x39d32c 0x39d370 0x39d3c4 0x39d42c 0x39d4f8 0x39d5b0 0x39d6d4 0x39d720; promoted 448 fallback entries
  [warning] control-flow function=sub_0039DE68 addr=0x39de94 - unresolved JR/JALR at 0x39de94 0x39deb4 0x39ded4 0x39def0 0x39df0c 0x39df64 0x39df84 0x39e020 0x39e080 0x39e0f4 0x39e10c 0x39e184 0x39e1b8 0x39e1d4 0x39e264; promoted 264 fallback entries
  [warning] control-flow function=sub_0039DA20 addr=0x39db70 - unresolved JR/JALR at 0x39db70 0x39db90 0x39dc38 0x39dc54 0x39dc98 0x39dd38 0x39dd68 0x39dd88 0x39dda4 0x39ddcc 0x39dde8 0x39de04 0x39de3c; promoted 274 fallback entries
  [warning] control-flow function=sub_0039E4C0 addr=0x39e4f0 - unresolved JR/JALR at 0x39e4f0; promoted 18 fallback entries
  [warning] control-flow function=sub_0039E510 addr=0x39e548 - unresolved JR/JALR at 0x39e548 0x39e55c 0x39e578 0x39e594 0x39e5bc 0x39e600 0x39e634 0x39e6a4; promoted 106 fallback entries
  [warning] control-flow function=sub_0039E6B8 addr=0x39e6f4 - unresolved JR/JALR at 0x39e6f4 0x39e724; promoted 40 fallback entries
  [warning] control-flow function=sub_0039E758 addr=0x39e7c0 - unresolved JR/JALR at 0x39e7c0 0x39e838; promoted 68 fallback entries
  [warning] control-flow function=sub_0039E8B8 addr=0x39e90c - unresolved JR/JALR at 0x39e90c; promoted 36 fallback entries
  [warning] control-flow function=sub_0039E948 addr=0x39e99c - unresolved JR/JALR at 0x39e99c; promoted 36 fallback entries
  [warning] control-flow function=sub_0039EBE0 addr=0x39ec24 - unresolved JR/JALR at 0x39ec24 0x39ec74; promoted 50 fallback entries
  [warning] control-flow function=sub_0039ECB0 addr=0x39ed44 - unresolved JR/JALR at 0x39ed44 0x39ed5c 0x39edc0 0x39ede0 0x39ee30 0x39ee58 0x39ee84 0x39eea8 0x39eefc 0x39ef10 0x39effc 0x39f058; promoted 276 fallback entries
  [warning] control-flow function=sub_0039F100 addr=0x39f15c - unresolved JR/JALR at 0x39f15c; promoted 36 fallback entries
  [warning] control-flow function=sub_0039F238 addr=0x39f268 - unresolved JR/JALR at 0x39f268; promoted 22 fallback entries
  [warning] control-flow function=sub_0039F8C8 addr=0x39f914 - unresolved JR/JALR at 0x39f914 0x39f930 0x39f984 0x39f9a0; promoted 68 fallback entries
  [warning] control-flow function=sub_0039FC48 addr=0x39fc84 - unresolved JR/JALR at 0x39fc84; promoted 32 fallback entries
  [warning] control-flow function=sub_0039FD38 addr=0x39fd60 - unresolved JR/JALR at 0x39fd60; promoted 50 fallback entries
  [warning] control-flow function=sub_0039FE00 addr=0x39fe74 - unresolved JR/JALR at 0x39fe74; promoted 46 fallback entries
  [warning] control-flow function=sub_003A0348 addr=0x3a043c - unresolved JR/JALR at 0x3a043c; promoted 106 fallback entries
  [warning] control-flow function=sub_003A04F0 addr=0x3a0568 - unresolved JR/JALR at 0x3a0568 0x3a05cc 0x3a0648; promoted 402 fallback entries
  [warning] control-flow function=sub_003A0C70 addr=0x3a0c98 - unresolved JR/JALR at 0x3a0c98 0x3a0cb0; promoted 36 fallback entries
  [warning] control-flow function=sub_003A0D00 addr=0x3a0d44 - unresolved JR/JALR at 0x3a0d44; promoted 100 fallback entries
  [warning] control-flow function=sub_003A0EB0 addr=0x3a0ed8 - unresolved JR/JALR at 0x3a0ed8 0x3a0ef0; promoted 84 fallback entries
  [warning] control-flow function=sub_003A1000 addr=0x3a101c - unresolved JR/JALR at 0x3a101c; promoted 12 fallback entries
  [warning] control-flow function=sub_003A1030 addr=0x3a1070 - unresolved JR/JALR at 0x3a1070 0x3a112c; promoted 70 fallback entries
  [warning] control-flow function=sub_003A1148 addr=0x3a1208 - unresolved JR/JALR at 0x3a1208; promoted 98 fallback entries
  [warning] control-flow function=sub_003A1BF8 addr=0x3a1cb0 - unresolved JR/JALR at 0x3a1cb0 0x3a1cc8; promoted 62 fallback entries
  [warning] control-flow function=sub_003A1310 addr=0x3a13a0 - unresolved JR/JALR at 0x3a13a0 0x3a13c8 0x3a1460 0x3a1490 0x3a1508 0x3a1538 0x3a15d4; promoted 364 fallback entries
  [warning] control-flow function=sub_003A19F8 addr=0x3a1a40 - unresolved JR/JALR at 0x3a1a40; promoted 128 fallback entries
  [warning] control-flow function=sub_003A1D30 addr=0x3a1d78 - unresolved JR/JALR at 0x3a1d78; promoted 122 fallback entries
  [warning] control-flow function=sub_003A1F18 addr=0x3a1f50 - unresolved JR/JALR at 0x3a1f50 0x3a1f78; promoted 30 fallback entries
  [warning] control-flow function=sub_003A3280 addr=0x3a3750 - unresolved JR/JALR at 0x3a3750 0x3a3890 0x3a3930 0x3a3b54 0x3a3cf0; promoted 818 fallback entries
  [warning] control-flow function=sub_003A4868 addr=0x3a4d20 - unresolved JR/JALR at 0x3a4d20 0x3a4d8c 0x3a51bc 0x3a51f8; promoted 692 fallback entries
  [warning] control-flow function=sub_003A5508 addr=0x3a5560 - unresolved JR/JALR at 0x3a5560 0x3a55b8; promoted 1040 fallback entries
  [warning] control-flow function=sub_003A6740 addr=0x3a6768 - unresolved JR/JALR at 0x3a6768; promoted 40 fallback entries
  [warning] control-flow function=sub_003A7E98 addr=0x3a7ec8 - unresolved JR/JALR at 0x3a7ec8; promoted 62 fallback entries
  [warning] control-flow function=sub_003A7FC0 addr=0x3a8138 - unresolved JR/JALR at 0x3a8138; promoted 122 fallback entries
  [warning] control-flow function=sub_003A8668 addr=0x3a8794 - unresolved JR/JALR at 0x3a8794 0x3a87b4; promoted 144 fallback entries
  [warning] control-flow function=sub_003A8CD0 addr=0x3a8da0 - unresolved JR/JALR at 0x3a8da0 0x3a8dcc; promoted 84 fallback entries
  [warning] control-flow function=sub_003A8E20 addr=0x3a8ed8 - unresolved JR/JALR at 0x3a8ed8; promoted 60 fallback entries
  [warning] control-flow function=sub_003A9258 addr=0x3a92d0 - unresolved JR/JALR at 0x3a92d0 0x3a941c; promoted 192 fallback entries
  [warning] control-flow function=sub_003AA2F0 addr=0x3aa420 - unresolved JR/JALR at 0x3aa420 0x3aa4a0 0x3aa4e0 0x3aa588 0x3aa5ec 0x3aa66c 0x3aa6ac 0x3aa898; promoted 682 fallback entries
  [warning] control-flow function=sub_003AAE60 addr=0x3aaeb8 - unresolved JR/JALR at 0x3aaeb8 0x3aafb8 0x3aafd8 0x3ab0a4 0x3ab0ec 0x3ab134 0x3ab210 0x3ab2cc 0x3ab2f0 0x3ab4e8 0x3ab654 0x3ab928 0x3abef0; promoted 1072 fallback entries
  [warning] control-flow function=sub_003AE300 addr=0x3ae334 - unresolved JR/JALR at 0x3ae334 0x3ae368 0x3ae3b0 0x3ae3d8 0x3ae3f4 0x3ae410 0x3ae42c; promoted 84 fallback entries
  [warning] control-flow function=sub_003ADEC8 addr=0x3adfc8 - unresolved JR/JALR at 0x3adfc8 0x3adfec 0x3ae190; promoted 270 fallback entries
  [warning] control-flow function=sub_003AE450 addr=0x3ae540 - unresolved JR/JALR at 0x3ae540 0x3ae5d4 0x3ae610; promoted 158 fallback entries
  [warning] control-flow function=sub_003AEAD0 addr=0x3aeb94 - unresolved JR/JALR at 0x3aeb94; promoted 132 fallback entries
  [warning] control-flow function=sub_003AECE0 addr=0x3aed08 - unresolved JR/JALR at 0x3aed08; promoted 24 fallback entries
  [warning] control-flow function=sub_003AEE30 addr=0x3aee60 - unresolved JR/JALR at 0x3aee60 0x3aee7c; promoted 26 fallback entries
  [warning] control-flow function=sub_003AED40 addr=0x3aedc4 - unresolved JR/JALR at 0x3aedc4; promoted 60 fallback entries
  [warning] control-flow function=sub_003AEFA8 addr=0x3af088 - unresolved JR/JALR at 0x3af088 0x3af0a8 0x3af138; promoted 172 fallback entries
  [warning] control-flow function=sub_003AF670 addr=0x3afa08 - unresolved JR/JALR at 0x3afa08 0x3afb0c; promoted 820 fallback entries
  [warning] control-flow function=sub_003B0430 addr=0x3b04d8 - unresolved JR/JALR at 0x3b04d8; promoted 50 fallback entries
  [warning] control-flow function=sub_003B04F8 addr=0x3b0520 - unresolved JR/JALR at 0x3b0520; promoted 16 fallback entries
  [warning] control-flow function=sub_003B0580 addr=0x3b05a0 - unresolved JR/JALR at 0x3b05a0; promoted 16 fallback entries
  [warning] control-flow function=sub_003B0538 addr=0x3b0560 - unresolved JR/JALR at 0x3b0560; promoted 18 fallback entries
  [warning] control-flow function=sub_003B05C0 addr=0x3b05e0 - unresolved JR/JALR at 0x3b05e0; promoted 16 fallback entries
  [warning] control-flow function=sub_003B0600 addr=0x3b0634 - unresolved JR/JALR at 0x3b0634 0x3b065c; promoted 32 fallback entries
  [warning] control-flow function=sub_003B0680 addr=0x3b0698 - unresolved JR/JALR at 0x3b0698; promoted 12 fallback entries
  [warning] control-flow function=sub_003B06B0 addr=0x3b06d0 - unresolved JR/JALR at 0x3b06d0; promoted 18 fallback entries
  [warning] control-flow function=sub_003B06F8 addr=0x3b070c - unresolved JR/JALR at 0x3b070c; promoted 10 fallback entries
  [warning] control-flow function=sub_003B08E0 addr=0x3b0928 - unresolved JR/JALR at 0x3b0928; promoted 26 fallback entries
  [warning] control-flow function=sub_003B0948 addr=0x3b09e0 - unresolved JR/JALR at 0x3b09e0 0x3b09fc 0x3b0ae4; promoted 126 fallback entries
  [warning] control-flow function=sub_003B0FB8 addr=0x3b1084 - unresolved JR/JALR at 0x3b1084; promoted 70 fallback entries
  [warning] control-flow function=sub_003B0B40 addr=0x3b0cac - unresolved JR/JALR at 0x3b0cac 0x3b0cc8 0x3b0e54 0x3b0ed0 0x3b0efc; promoted 286 fallback entries
  [warning] control-flow function=sub_003B11A0 addr=0x3b11c8 - unresolved JR/JALR at 0x3b11c8; promoted 18 fallback entries
  [warning] control-flow function=sub_003B2A68 addr=0x3b2b00 - unresolved JR/JALR at 0x3b2b00; promoted 64 fallback entries
  [warning] control-flow function=sub_003B2B68 addr=0x3b2b7c - unresolved JR/JALR at 0x3b2b7c; promoted 10 fallback entries
  [warning] control-flow function=sub_003B3578 addr=0x3b3644 - unresolved JR/JALR at 0x3b3644 0x3b3790; promoted 208 fallback entries
  [warning] control-flow function=sub_003B4690 addr=0x3b46d0 - unresolved JR/JALR at 0x3b46d0; promoted 30 fallback entries
  [warning] control-flow function=sub_003B5320 addr=0x3b5370 - unresolved JR/JALR at 0x3b5370 0x3b5384 0x3b5398 0x3b53ac 0x3b53c0 0x3b53e4; promoted 72 fallback entries
  [warning] control-flow function=sub_003B54E0 addr=0x3b5518 - unresolved JR/JALR at 0x3b5518; promoted 24 fallback entries
  [warning] control-flow function=sub_003B55F0 addr=0x3b5644 - unresolved JR/JALR at 0x3b5644; promoted 172 fallback entries
  [warning] control-flow function=sub_003B58A0 addr=0x3b58b0 - unresolved JR/JALR at 0x3b58b0; promoted 14 fallback entries
  [warning] control-flow function=sub_003B58D8 addr=0x3b58fc - unresolved JR/JALR at 0x3b58fc; promoted 14 fallback entries
  [warning] control-flow function=sub_003B5F98 addr=0x3b6040 - unresolved JR/JALR at 0x3b6040; promoted 64 fallback entries
  [warning] control-flow function=sub_003B6BD0 addr=0x3b6cf8 - unresolved JR/JALR at 0x3b6cf8; promoted 182 fallback entries
  [warning] control-flow function=sub_003C1638 addr=0x3c1a00 - unresolved JR/JALR at 0x3c1a00 0x3c1a1c 0x3c1aa4 0x3c1b60 0x3c1b6c; promoted 338 fallback entries
  [warning] control-flow function=sub_003C1980 addr=0x3c1a00 - unresolved JR/JALR at 0x3c1a00 0x3c1a1c 0x3c1aa4 0x3c1b60 0x3c1b6c; promoted 128 fallback entries
  [warning] control-flow function=sub_003C1B80 addr=0x3c1c3c - unresolved JR/JALR at 0x3c1c3c 0x3c1c5c 0x3c1ce8 0x3c1d08; promoted 442 fallback entries
  [warning] control-flow function=sub_003C60E0 addr=0x3c6124 - unresolved JR/JALR at 0x3c6124; promoted 30 fallback entries
  [warning] control-flow function=sub_003C7080 addr=0x3c70e0 - unresolved JR/JALR at 0x3c70e0 0x3c70f8; promoted 46 fallback entries
  [warning] control-flow function=sub_003C7AB0 addr=0x3c7afc - unresolved JR/JALR at 0x3c7afc 0x3c7bec 0x3c7c6c; promoted 148 fallback entries
  [warning] control-flow function=sub_003C8158 addr=0x3c82f8 - unresolved JR/JALR at 0x3c82f8; promoted 146 fallback entries
  [warning] control-flow function=sub_003C8430 addr=0x3c844c - unresolved JR/JALR at 0x3c844c; promoted 14 fallback entries
  [warning] control-flow function=sub_003C8468 addr=0x3c8528 - unresolved JR/JALR at 0x3c8528; promoted 62 fallback entries
  [warning] control-flow function=sub_003C85D0 addr=0x3c8760 - unresolved JR/JALR at 0x3c8760 0x3c87dc 0x3c8850 0x3c8898 0x3c88d4 0x3c88f0 0x3c8914; promoted 230 fallback entries
  [warning] control-flow function=sub_003C8A40 addr=0x3c8a70 - unresolved JR/JALR at 0x3c8a70; promoted 18 fallback entries
  [warning] control-flow function=sub_003C8FB0 addr=0x3c9024 - unresolved JR/JALR at 0x3c9024; promoted 36 fallback entries
  [warning] control-flow function=sub_003C8EC0 addr=0x3c8f04 - unresolved JR/JALR at 0x3c8f04; promoted 34 fallback entries
  [warning] control-flow function=sub_003C8E28 addr=0x3c8e74 - unresolved JR/JALR at 0x3c8e74; promoted 38 fallback entries
  [warning] control-flow function=sub_003C9040 addr=0x3c909c - unresolved JR/JALR at 0x3c909c; promoted 32 fallback entries
  [warning] control-flow function=sub_003C9E50 addr=0x3ca6e0 - unresolved JR/JALR at 0x3ca6e0; promoted 596 fallback entries
  [warning] control-flow function=sub_003CA7A0 addr=0x3ca7f4 - unresolved JR/JALR at 0x3ca7f4; promoted 52 fallback entries
  [warning] control-flow function=sub_003CA6A8 addr=0x3ca6e0 - unresolved JR/JALR at 0x3ca6e0; promoted 62 fallback entries
  [warning] control-flow function=sub_003CA7B8 addr=0x3ca7f4 - unresolved JR/JALR at 0x3ca7f4; promoted 46 fallback entries
  [warning] control-flow function=sub_003CA8A0 addr=0x3ca938 - unresolved JR/JALR at 0x3ca938; promoted 60 fallback entries
  [warning] control-flow function=sub_003CA900 addr=0x3ca938 - unresolved JR/JALR at 0x3ca938; promoted 36 fallback entries
  [warning] control-flow function=sub_003CB110 addr=0x3cb210 - unresolved JR/JALR at 0x3cb210; promoted 92 fallback entries
  [warning] control-flow function=sub_003CB1A8 addr=0x3cb210 - unresolved JR/JALR at 0x3cb210; promoted 54 fallback entries
  [warning] control-flow function=sub_003CB280 addr=0x3cb364 - unresolved JR/JALR at 0x3cb364; promoted 138 fallback entries
  [warning] control-flow function=sub_003CB328 addr=0x3cb364 - unresolved JR/JALR at 0x3cb364; promoted 96 fallback entries
  [warning] control-flow function=sub_003CB538 addr=0x3cb640 - unresolved JR/JALR at 0x3cb640 0x3cb7a8; promoted 380 fallback entries
  [warning] control-flow function=sub_003CB540 addr=0x3cb640 - unresolved JR/JALR at 0x3cb640 0x3cb7a8; promoted 378 fallback entries
  [warning] control-flow function=sub_003CBC20 addr=0x3cbda0 - unresolved JR/JALR at 0x3cbda0 0x3cbdc4 0x3cbe44; promoted 170 fallback entries
  [warning] control-flow function=sub_003CBEC8 addr=0x3cbf68 - unresolved JR/JALR at 0x3cbf68; promoted 106 fallback entries
  [warning] control-flow function=sub_003CCEF0 addr=0x3ccf00 - unresolved JR/JALR at 0x3ccf00; promoted 10 fallback entries
  [warning] control-flow function=sub_003CCF18 addr=0x3ccf28 - unresolved JR/JALR at 0x3ccf28; promoted 10 fallback entries
  [warning] control-flow function=sub_003CD1A8 addr=0x3cd1b8 - unresolved JR/JALR at 0x3cd1b8; promoted 10 fallback entries
  [warning] control-flow function=sub_003CD1D0 addr=0x3cd1e0 - unresolved JR/JALR at 0x3cd1e0; promoted 10 fallback entries
  [warning] control-flow function=sub_003CEBE8 addr=0x3cee44 - unresolved JR/JALR at 0x3cee44; promoted 168 fallback entries
  [warning] control-flow function=sub_003CEE08 addr=0x3cee44 - unresolved JR/JALR at 0x3cee44; promoted 32 fallback entries
  [warning] control-flow function=sub_003CEED0 addr=0x3cef58 - unresolved JR/JALR at 0x3cef58; promoted 56 fallback entries
  [warning] control-flow function=sub_003CEF20 addr=0x3cef58 - unresolved JR/JALR at 0x3cef58; promoted 36 fallback entries
  [warning] control-flow function=sub_003CEFF8 addr=0x3cf09c - unresolved JR/JALR at 0x3cf09c; promoted 76 fallback entries
  [warning] control-flow function=sub_003CF060 addr=0x3cf09c - unresolved JR/JALR at 0x3cf09c; promoted 50 fallback entries
  [warning] control-flow function=sub_003CF158 addr=0x3cf1e4 - unresolved JR/JALR at 0x3cf1e4 0x3cf204; promoted 90 fallback entries
  [warning] control-flow function=sub_003CF178 addr=0x3cf1e4 - unresolved JR/JALR at 0x3cf1e4 0x3cf204; promoted 72 fallback entries
  [warning] control-flow function=sub_003CF300 addr=0x3cf440 - unresolved JR/JALR at 0x3cf440; promoted 102 fallback entries
  [warning] control-flow function=sub_003CF408 addr=0x3cf440 - unresolved JR/JALR at 0x3cf440; promoted 36 fallback entries
  [warning] control-flow function=sub_003CF4D0 addr=0x3cf660 - unresolved JR/JALR at 0x3cf660; promoted 138 fallback entries
  [warning] control-flow function=sub_003CF5D0 addr=0x3cf660 - unresolved JR/JALR at 0x3cf660; promoted 64 fallback entries
  [warning] control-flow function=sub_003CF7B0 addr=0x3cf80c - unresolved JR/JALR at 0x3cf80c; promoted 106 fallback entries
  [warning] control-flow function=sub_003CF7D0 addr=0x3cf80c - unresolved JR/JALR at 0x3cf80c; promoted 98 fallback entries
  [warning] control-flow function=sub_003D0900 addr=0x3d090c - unresolved JR/JALR at 0x3d090c 0x3d0998 0x3d09d4; promoted 134 fallback entries
  [warning] control-flow function=sub_003D1BA8 addr=0x3d1ca0 - unresolved JR/JALR at 0x3d1ca0; promoted 96 fallback entries
  [warning] control-flow function=sub_003D3900 addr=0x3d3b4c - unresolved JR/JALR at 0x3d3b4c; promoted 228 fallback entries
  [warning] control-flow function=sub_003D7EC8 addr=0x3d7f5c - unresolved JR/JALR at 0x3d7f5c; promoted 80 fallback entries
  [warning] control-flow function=sub_003D83B8 addr=0x3d85b0 - unresolved JR/JALR at 0x3d85b0; promoted 132 fallback entries
  [warning] control-flow function=sub_003D9830 addr=0x3d99c8 - unresolved JR/JALR at 0x3d99c8; promoted 132 fallback entries
  [warning] control-flow function=sub_003D9BD8 addr=0x3d9dac - unresolved JR/JALR at 0x3d9dac; promoted 190 fallback entries
  [warning] control-flow function=sub_003DA418 addr=0x3da47c - unresolved JR/JALR at 0x3da47c 0x3daf74; promoted 778 fallback entries
  [warning] control-flow function=sub_003DB040 addr=0x3db110 - unresolved JR/JALR at 0x3db110 0x3db1c4; promoted 114 fallback entries
  [warning] control-flow function=sub_003DB208 addr=0x3db318 - unresolved JR/JALR at 0x3db318; promoted 108 fallback entries
  [warning] control-flow function=sub_003DB9A0 addr=0x3db9b8 - unresolved JR/JALR at 0x3db9b8; promoted 14 fallback entries
  [warning] control-flow function=sub_003DCBD8 addr=0x3dcc40 - unresolved JR/JALR at 0x3dcc40; promoted 44 fallback entries
  [warning] control-flow function=sub_003DCD98 addr=0x3dce18 - unresolved JR/JALR at 0x3dce18 0x3dce68; promoted 62 fallback entries
  [warning] control-flow function=sub_003DCF70 addr=0x3dcfac - unresolved JR/JALR at 0x3dcfac; promoted 20 fallback entries
  [warning] control-flow function=sub_003DD7E0 addr=0x3dd950 - unresolved JR/JALR at 0x3dd950 0x3dd980 0x3dd99c; promoted 184 fallback entries
  [warning] control-flow function=sub_003DD8E8 addr=0x3dd950 - unresolved JR/JALR at 0x3dd950 0x3dd980 0x3dd99c; promoted 74 fallback entries
  [warning] control-flow function=sub_003DDAC0 addr=0x3ddb7c - unresolved JR/JALR at 0x3ddb7c 0x3ddba8; promoted 92 fallback entries
  [warning] control-flow function=sub_003DDC30 addr=0x3ddd8c - unresolved JR/JALR at 0x3ddd8c 0x3ddd98; promoted 112 fallback entries
  [warning] control-flow function=sub_003DDDF0 addr=0x3dde1c - unresolved JR/JALR at 0x3dde1c; promoted 34 fallback entries
  [warning] control-flow function=sub_003DE420 addr=0x3de48c - unresolved JR/JALR at 0x3de48c; promoted 44 fallback entries
  [warning] control-flow function=sub_003DE9B8 addr=0x3deb10 - unresolved JR/JALR at 0x3deb10; promoted 102 fallback entries
  [warning] control-flow function=sub_003DEA48 addr=0x3deb10 - unresolved JR/JALR at 0x3deb10; promoted 66 fallback entries
  [warning] control-flow function=sub_003DEB50 addr=0x3deb9c - unresolved JR/JALR at 0x3deb9c; promoted 40 fallback entries
  [warning] control-flow function=sub_003DEFC0 addr=0x3deff4 - unresolved JR/JALR at 0x3deff4; promoted 26 fallback entries
  [warning] control-flow function=sub_003DF028 addr=0x3df094 - unresolved JR/JALR at 0x3df094 0x3df254; promoted 280 fallback entries
  [warning] control-flow function=sub_003DF1E0 addr=0x3df254 - unresolved JR/JALR at 0x3df254; promoted 56 fallback entries
  [warning] control-flow function=sub_003DF488 addr=0x3df4dc - unresolved JR/JALR at 0x3df4dc 0x3df654; promoted 130 fallback entries
  [warning] control-flow function=sub_003DF748 addr=0x3df954 - unresolved JR/JALR at 0x3df954; promoted 142 fallback entries
  [warning] control-flow function=sub_003E1580 addr=0x3e1868 - unresolved JR/JALR at 0x3e1868; promoted 210 fallback entries
  [warning] control-flow function=sub_003E1810 addr=0x3e1868 - unresolved JR/JALR at 0x3e1868; promoted 46 fallback entries
  [warning] control-flow function=sub_003E1908 addr=0x3e19a4 - unresolved JR/JALR at 0x3e19a4; promoted 66 fallback entries
  [warning] control-flow function=sub_003E1948 addr=0x3e19a4 - unresolved JR/JALR at 0x3e19a4; promoted 50 fallback entries
  [warning] control-flow function=sub_003E1BB8 addr=0x3e1dbc - unresolved JR/JALR at 0x3e1dbc 0x3e1dfc 0x3e1e34 0x3e1e5c; promoted 196 fallback entries
  [warning] control-flow function=sub_003E1D68 addr=0x3e1dbc - unresolved JR/JALR at 0x3e1dbc 0x3e1dfc 0x3e1e34 0x3e1e5c; promoted 88 fallback entries
  [warning] control-flow function=sub_003E2190 addr=0x3e2204 - unresolved JR/JALR at 0x3e2204 0x3e221c 0x3e223c 0x3e2250 0x3e227c 0x3e228c; promoted 88 fallback entries
  [warning] control-flow function=sub_003E2310 addr=0x3e2388 - unresolved JR/JALR at 0x3e2388 0x3e23b4 0x3e23c4 0x3e240c; promoted 88 fallback entries
  [warning] control-flow function=sub_003E4040 addr=0x3e4164 - unresolved JR/JALR at 0x3e4164 0x3e439c 0x3e4468; promoted 284 fallback entries
  [warning] control-flow function=sub_003E49B8 addr=0x3e49e4 - unresolved JR/JALR at 0x3e49e4; promoted 22 fallback entries
  [warning] control-flow function=sub_003E4DB8 addr=0x3e4e54 - unresolved JR/JALR at 0x3e4e54; promoted 56 fallback entries
  [warning] control-flow function=sub_003E4AF0 addr=0x3e4e54 - unresolved JR/JALR at 0x3e4e54; promoted 234 fallback entries
  [warning] control-flow function=sub_003E5928 addr=0x3e59b8 - unresolved JR/JALR at 0x3e59b8; promoted 84 fallback entries
  [warning] control-flow function=sub_003E5C78 addr=0x3e5d00 - unresolved JR/JALR at 0x3e5d00; promoted 46 fallback entries
  [warning] control-flow function=sub_003E6070 addr=0x3e60d4 - unresolved JR/JALR at 0x3e60d4; promoted 70 fallback entries
  [warning] control-flow function=sub_003E5EF8 addr=0x3e604c - unresolved JR/JALR at 0x3e604c; promoted 94 fallback entries
  [warning] control-flow function=sub_003E76A8 addr=0x3e76fc - unresolved JR/JALR at 0x3e76fc; promoted 28 fallback entries
  [warning] control-flow function=sub_003E7BA0 addr=0x3e7c0c - unresolved JR/JALR at 0x3e7c0c; promoted 40 fallback entries
  [warning] control-flow function=sub_003E7C40 addr=0x3e7d64 - unresolved JR/JALR at 0x3e7d64 0x3e7ef0; promoted 198 fallback entries
  [warning] control-flow function=sub_003E7F70 addr=0x3e7fd0 - unresolved JR/JALR at 0x3e7fd0; promoted 32 fallback entries
  [warning] control-flow function=sub_003E95C8 addr=0x3e9750 - unresolved JR/JALR at 0x3e9750 0x3e9778 0x3e9a70 0x3e9eb4 0x3e9f58; promoted 1576 fallback entries
  [warning] control-flow function=sub_003EE028 addr=0x3ee1d0 - unresolved JR/JALR at 0x3ee1d0; promoted 112 fallback entries
  [warning] control-flow function=sub_003EE1B0 addr=0x3ee1d0 - unresolved JR/JALR at 0x3ee1d0; promoted 14 fallback entries
  [warning] control-flow function=sub_003EE320 addr=0x3ee3a8 - unresolved JR/JALR at 0x3ee3a8; promoted 48 fallback entries
  [warning] control-flow function=sub_003EE3E0 addr=0x3ee410 - unresolved JR/JALR at 0x3ee410 0x3ee42c; promoted 34 fallback entries
  [warning] control-flow function=sub_003EE620 addr=0x3ee694 - unresolved JR/JALR at 0x3ee694; promoted 82 fallback entries
  [warning] control-flow function=sub_003EEC88 addr=0x3eeccc - unresolved JR/JALR at 0x3eeccc; promoted 32 fallback entries
  [warning] control-flow function=sub_003EEB30 addr=0x3eec44 - unresolved JR/JALR at 0x3eec44; promoted 86 fallback entries
  [warning] control-flow function=sub_003EED08 addr=0x3eed48 - unresolved JR/JALR at 0x3eed48; promoted 38 fallback entries
  [warning] control-flow function=sub_003EF210 addr=0x3ef310 - unresolved JR/JALR at 0x3ef310 0x3ef410; promoted 252 fallback entries
  [warning] control-flow function=sub_003EFED0 addr=0x3eff24 - unresolved JR/JALR at 0x3eff24; promoted 28 fallback entries
  [warning] control-flow function=sub_003F0198 addr=0x3f02a8 - unresolved JR/JALR at 0x3f02a8; promoted 78 fallback entries
  [warning] control-flow function=sub_003F0610 addr=0x3f0640 - unresolved JR/JALR at 0x3f0640; promoted 18 fallback entries
  [warning] control-flow function=sub_003F07A0 addr=0x3f07c0 - unresolved JR/JALR at 0x3f07c0; promoted 30 fallback entries
  [warning] control-flow function=sub_003F0B50 addr=0x3f0b70 - unresolved JR/JALR at 0x3f0b70; promoted 36 fallback entries
  [warning] control-flow function=sub_003F0BE0 addr=0x3f0c54 - unresolved JR/JALR at 0x3f0c54; promoted 44 fallback entries
  [warning] control-flow function=sub_003F17D8 addr=0x3f183c - unresolved JR/JALR at 0x3f183c 0x3f18bc 0x3f19ec 0x3f1ae4 0x3f1b58 0x3f1b94 0x3f1fd0 0x3f208c 0x3f2128 0x3f2168 0x3f21e4; promoted 658 fallback entries
  [warning] control-flow function=sub_003F3A98 addr=0x3f3ae0 - unresolved JR/JALR at 0x3f3ae0 0x3f3af8; promoted 32 fallback entries
  [warning] control-flow function=sub_003F42A0 addr=0x3f430c - unresolved JR/JALR at 0x3f430c; promoted 36 fallback entries
  [warning] control-flow function=sub_003F4A78 addr=0x3f4b90 - unresolved JR/JALR at 0x3f4b90; promoted 124 fallback entries
  [warning] control-flow function=sub_003F5F88 addr=0x3f5ff4 - unresolved JR/JALR at 0x3f5ff4; promoted 46 fallback entries
  [warning] control-flow function=sub_003F63F0 addr=0x3f6458 - unresolved JR/JALR at 0x3f6458 0x3f647c; promoted 60 fallback entries
  [warning] control-flow function=sub_003F6EE0 addr=0x3f6f3c - unresolved JR/JALR at 0x3f6f3c 0x3f6f4c; promoted 34 fallback entries
  [warning] control-flow function=sub_003F6F68 addr=0x3f6fe4 - unresolved JR/JALR at 0x3f6fe4 0x3f7038 0x3f70a4 0x3f711c 0x3f7138 0x3f7180 0x3f7198 0x3f7250; promoted 228 fallback entries
  [warning] control-flow function=sub_003F6E98 addr=0x3f6f3c - unresolved JR/JALR at 0x3f6f3c 0x3f6f4c 0x3f6fe4 0x3f7038 0x3f70a4 0x3f711c 0x3f7138 0x3f7180 0x3f7198 0x3f7250 0x3f7788 0x3f77c4; promoted 600 fallback entries
  [warning] control-flow function=sub_003F7708 addr=0x3f7788 - unresolved JR/JALR at 0x3f7788 0x3f77c4; promoted 58 fallback entries
  [warning] control-flow function=sub_003F7DE0 addr=0x3f7e08 - unresolved JR/JALR at 0x3f7e08 0x3f7e24 0x3f7e3c; promoted 44 fallback entries
  [warning] control-flow function=sub_003F80E0 addr=0x3f8124 - unresolved JR/JALR at 0x3f8124; promoted 38 fallback entries
  [warning] control-flow function=sub_003F8720 addr=0x3f874c - unresolved JR/JALR at 0x3f874c; promoted 18 fallback entries
  [warning] control-flow function=sub_003F8768 addr=0x3f8794 - unresolved JR/JALR at 0x3f8794; promoted 18 fallback entries
  [warning] control-flow function=sub_003F9698 addr=0x3f97e4 - unresolved JR/JALR at 0x3f97e4; promoted 96 fallback entries
  [warning] control-flow function=sub_003F9818 addr=0x3f9988 - unresolved JR/JALR at 0x3f9988; promoted 104 fallback entries
  [warning] control-flow function=sub_003F87B0 addr=0x3f87dc - unresolved JR/JALR at 0x3f87dc 0x3f8d04 0x3f8d58 0x3f8dc0 0x3f8df4 0x3f9084 0x3f90c8 0x3f91b4 0x3f91d0; promoted 662 fallback entries
  [warning] control-flow function=sub_003F99B8 addr=0x3f9b04 - unresolved JR/JALR at 0x3f9b04; promoted 96 fallback entries
  [warning] control-flow function=sub_003F9B38 addr=0x3f9c28 - unresolved JR/JALR at 0x3f9c28; promoted 68 fallback entries
  [warning] control-flow function=sub_003F9C48 addr=0x3f9d74 - unresolved JR/JALR at 0x3f9d74 0x3f9d98; promoted 94 fallback entries
  [warning] control-flow function=sub_003F9DC0 addr=0x3f9ed8 - unresolved JR/JALR at 0x3f9ed8; promoted 80 fallback entries
  [warning] control-flow function=sub_003F9F00 addr=0x3fa018 - unresolved JR/JALR at 0x3fa018; promoted 80 fallback entries
  [warning] control-flow function=sub_003FA040 addr=0x3fa0a0 - unresolved JR/JALR at 0x3fa0a0 0x3fa0f8 0x3fa148; promoted 100 fallback entries
  [warning] control-flow function=sub_003FA818 addr=0x3fa970 - unresolved JR/JALR at 0x3fa970 0x3fa9b0 0x3faa0c 0x3faa50 0x3faaa8 0x3fab2c 0x3fab70 0x3fac0c 0x3fac68 0x3faca0 0x3facd0 0x3fad18 0x3fad60 0x3fae00 0x3faec8 0x3faf10 0x3faf70 0x3fafb4 0x3fb070 0x3fb0e0 0x3fb14c 0x3fb190; promoted 664 fallback entries
  [warning] control-flow function=sub_003FBB50 addr=0x3fbb7c - unresolved JR/JALR at 0x3fbb7c 0x3fbb90 0x3fbba4; promoted 36 fallback entries
  [warning] control-flow function=sub_003FBC40 addr=0x3fbc6c - unresolved JR/JALR at 0x3fbc6c 0x3fbc88 0x3fbca4; promoted 38 fallback entries
  [warning] control-flow function=sub_003FBCD8 addr=0x3fbd04 - unresolved JR/JALR at 0x3fbd04 0x3fbd20 0x3fbd3c; promoted 38 fallback entries
  [warning] control-flow function=sub_003FC0E8 addr=0x3fc154 - unresolved JR/JALR at 0x3fc154 0x3fc184; promoted 94 fallback entries
  [warning] control-flow function=sub_003FC260 addr=0x3fc2e4 - unresolved JR/JALR at 0x3fc2e4 0x3fc330; promoted 76 fallback entries
  [warning] control-flow function=sub_003FD0D8 addr=0x3fd0e8 - unresolved JR/JALR at 0x3fd0e8; promoted 10 fallback entries
  [warning] control-flow function=sub_003FD100 addr=0x3fd110 - unresolved JR/JALR at 0x3fd110; promoted 10 fallback entries
  [warning] control-flow function=sub_003FD128 addr=0x3fd138 - unresolved JR/JALR at 0x3fd138 0x3fd188 0x3fd190 0x3fd19c 0x3fd1b0; promoted 44 fallback entries
  [warning] control-flow function=sub_003FD758 addr=0x3fd8b0 - unresolved JR/JALR at 0x3fd8b0 0x3fd8e4 0x3fd8f8; promoted 110 fallback entries
  [warning] control-flow function=sub_003FD810 addr=0x3fd8b0 - unresolved JR/JALR at 0x3fd8b0 0x3fd8e4 0x3fd8f8; promoted 62 fallback entries
  [warning] control-flow function=sub_004009A8 addr=0x400a60 - unresolved JR/JALR at 0x400a60; promoted 52 fallback entries
  [warning] control-flow function=sub_00400DD8 addr=0x400e10 - unresolved JR/JALR at 0x400e10; promoted 22 fallback entries
  [warning] control-flow function=sub_00400D58 addr=0x400e10 - unresolved JR/JALR at 0x400e10; promoted 54 fallback entries
  [warning] control-flow function=sub_00402C30 addr=0x402c64 - unresolved JR/JALR at 0x402c64; promoted 20 fallback entries
  [warning] control-flow function=sub_00404B78 addr=0x404c20 - unresolved JR/JALR at 0x404c20 0x404c34; promoted 1012 fallback entries
  [warning] control-flow function=sub_004076F8 addr=0x4077c0 - unresolved JR/JALR at 0x4077c0; promoted 198 fallback entries
  [warning] control-flow function=sub_0040B2B0 addr=0x40b350 - unresolved JR/JALR at 0x40b350; promoted 84 fallback entries
  [warning] control-flow function=sub_0040B2D0 addr=0x40b350 - unresolved JR/JALR at 0x40b350; promoted 76 fallback entries
  [warning] control-flow function=sub_0040C8C0 addr=0x40c8fc - unresolved JR/JALR at 0x40c8fc; promoted 468 fallback entries
  [warning] control-flow function=sub_004103B0 addr=0x4103c0 - unresolved JR/JALR at 0x4103c0 0x410478; promoted 56 fallback entries
  [warning] control-flow function=sub_0040FB88 addr=0x40fbb4 - unresolved JR/JALR at 0x40fbb4 0x40fc6c; promoted 66 fallback entries
  [warning] control-flow function=sub_00410490 addr=0x4104a0 - unresolved JR/JALR at 0x4104a0 0x4104cc 0x410558; promoted 56 fallback entries
  [warning] control-flow function=sub_004104E0 addr=0x410558 - unresolved JR/JALR at 0x410558; promoted 36 fallback entries
  [warning] control-flow function=sub_00410570 addr=0x4105d4 - unresolved JR/JALR at 0x4105d4 0x410664 0x4106e0 0x410748 0x4107c4 0x41082c; promoted 186 fallback entries
  [warning] control-flow function=sub_00410628 addr=0x410664 - unresolved JR/JALR at 0x410664 0x4106e0 0x410748; promoted 90 fallback entries
  [warning] control-flow function=sub_00410790 addr=0x4107c4 - unresolved JR/JALR at 0x4107c4 0x41082c; promoted 50 fallback entries
  [warning] control-flow function=sub_00410930 addr=0x410a10 - unresolved JR/JALR at 0x410a10; promoted 82 fallback entries
  [warning] control-flow function=sub_00410F48 addr=0x410fac - unresolved JR/JALR at 0x410fac 0x4110b8 0x411194 0x4112a0; promoted 242 fallback entries
  [warning] control-flow function=sub_00412800 addr=0x412810 - unresolved JR/JALR at 0x412810; promoted 18 fallback entries
  [warning] control-flow function=sub_00412848 addr=0x412858 - unresolved JR/JALR at 0x412858; promoted 24 fallback entries
  [warning] control-flow function=sub_00412908 addr=0x412964 - unresolved JR/JALR at 0x412964; promoted 36 fallback entries
  [warning] control-flow function=sub_00412928 addr=0x412964 - unresolved JR/JALR at 0x412964; promoted 28 fallback entries
  [warning] control-flow function=sub_00412A28 addr=0x412ab4 - unresolved JR/JALR at 0x412ab4; promoted 50 fallback entries
  [warning] control-flow function=sub_00412AF0 addr=0x412c64 - unresolved JR/JALR at 0x412c64 0x412d28 0x412da8 0x412e20; promoted 228 fallback entries
  [warning] control-flow function=sub_00414C20 addr=0x414cd8 - unresolved JR/JALR at 0x414cd8 0x414dec 0x414e3c 0x414e68; promoted 254 fallback entries
  [warning] control-flow function=sub_00415260 addr=0x4154f0 - unresolved JR/JALR at 0x4154f0; promoted 306 fallback entries
  [warning] control-flow function=sub_00415840 addr=0x415878 - unresolved JR/JALR at 0x415878 0x415890 0x415898 0x4158b8; promoted 44 fallback entries
  [warning] control-flow function=sub_00417418 addr=0x417464 - unresolved JR/JALR at 0x417464; promoted 38 fallback entries
  [warning] control-flow function=sub_00417008 addr=0x4170e8 - unresolved JR/JALR at 0x4170e8 0x417248 0x41733c 0x4173bc; promoted 260 fallback entries
  [warning] control-flow function=sub_00417648 addr=0x417760 - unresolved JR/JALR at 0x417760; promoted 120 fallback entries
  [warning] control-flow function=sub_00417AB8 addr=0x417c18 - unresolved JR/JALR at 0x417c18 0x417eb8 0x4181cc 0x418334 0x418404; promoted 710 fallback entries
  [warning] control-flow function=sub_004187E8 addr=0x418860 - unresolved JR/JALR at 0x418860; promoted 54 fallback entries
  [warning] control-flow function=sub_00418EF8 addr=0x419034 - unresolved JR/JALR at 0x419034 0x4190b8 0x4190c8 0x4190d8 0x4190f4 0x419108 0x419138 0x419148 0x419158 0x419174 0x419188 0x4191bc 0x4191cc 0x4191dc 0x4191f8 0x41920c 0x419234 0x419244 0x419254 0x419270 0x419284 0x419460 0x419540 0x4196ec; promoted 632 fallback entries
  [warning] control-flow function=sub_0041FE30 addr=0x41ff04 - unresolved JR/JALR at 0x41ff04; promoted 68 fallback entries
  [warning] control-flow function=sub_004254D0 addr=0x425514 - unresolved JR/JALR at 0x425514; promoted 90 fallback entries
  [warning] control-flow function=sub_00426230 addr=0x4262f8 - unresolved JR/JALR at 0x4262f8 0x426334; promoted 74 fallback entries
  [warning] control-flow function=sub_004261F0 addr=0x4262f8 - unresolved JR/JALR at 0x4262f8 0x426334; promoted 90 fallback entries
  [warning] control-flow function=_request_end_0x426708 addr=0x426760 - unresolved JR/JALR at 0x426760; promoted 46 fallback entries
  [warning] control-flow function=sub_00427A60 addr=0x427a70 - unresolved JR/JALR at 0x427a70; promoted 12 fallback entries
  [warning] control-flow function=sub_004279B8 addr=0x427a70 - unresolved JR/JALR at 0x427a70; promoted 54 fallback entries
  [warning] control-flow function=sub_0042CD98 addr=0x42d0cc - unresolved JR/JALR at 0x42d0cc 0x42d310; promoted 354 fallback entries
  [warning] control-flow function=sub_0042D2FC addr=0x42d310 - unresolved JR/JALR at 0x42d310; promoted 9 fallback entries
  [warning] control-flow function=sub_0042D0C0 addr=0x42d0cc - unresolved JR/JALR at 0x42d0cc; promoted 80 fallback entries
======================================
Recompilation completed successfully
# E17 ABSORB PHASE TAIL COMPLETE generate
