POLL t=10.4 tick=601
8333333
443893870052225	443893882213214	443893870083996
443893886852381	443893898638631	443893887118996
443893903421288	443893915066339	443893903483058
443893920062538	443893931495662	443893920112746
443893936728996	443893947922745	443893936790715
443893953420871	443893964350715	443893953483006
443893970044777	443893980779880	443893970086288
443893986769621	443893997208422	443893986806913
443894003348475	443894021852381	443894003374308
443894020106131	443894038281131	443894020081340
443894036715871	443894054708944	443894036769777
443894053453840	443894071137017	443894053509465
443894069995715	443894087568110	443894070028006
443894086773371	443894103999829	443894086814465
443894103339465	443894120428735	443894103373840
443894119988840	443894136854568	443894120066965
443894136725090	443894153283370	443894136779725
443894153501027	443894169713058	443894153739152
443894170100975	443894186139724	443894170341600
443894186739308	443894202567693	443894186788319
443894203344621	443894218997017	443894203394569
443894220067746	443894235429048	443894220351808
443894236742538	443894251861496	443894236794725
443894253486808	443894268294829	443894253772746
443894269985871	443894284729360	443894270024256
443894286744881	443894301163475	443894286785715
443894303381808	443894317596078	443894303422225
443894320127225	443894334026026	443894320173996
443894336650402	443894350455141	443894336685975
443894353314777	443894366887276	443894353346183
443894370160871	443894383317224	443894370215090
443894386781808	443894399748423	443894386822069
443894403468215	443894416177537	443894403512694
443894420162433	443894432608058	443894420453683
443894436784256	443894449039829	443894436844569
443894453553944	443894465469516	443894453827381
443894470056808	443894481899881	443894470108527
443894486814725	443894498330141	443894487076965
443894503472746	443894514756756	443894503542121
443894520174464	443894531185974	443894520462433
443894536760558	443894547614464	443894536803996
443894553601131	443894564043995	443894553826652
443894570183683	443894580471704	443894570472746
443894586652746	443894596898162	443894586698214
443894603353839	443894621539516	443894603400506
443894620239152	443894637967173	443894620530714
443894636856027	443894654395766	443894636910037
443894653409569	443894670823474	443894653463058
443894670003683	443894687251600	443894670056756
443894686681808	443894703682328	443894686735402
443894703472121	443894720113943	443894703525246
443894720259881	443894736544880	443894720416652
443894736782381	443894752975714	443894737039256
443894753391027	443894769407694	443894753672850
443894770084933	443894785839933	443894770137277
443894786758631	443894802270089	443894786813371
443894803468214	443894818701391	443894803513475
443894820115662	443894835133006	443894820356496
443894836790662	443894851566860	443894836842121
443894853495662	443894867999360	443894853559933
443894870261131	443894884429777	443894870551652
443894886749464	443894900859516	443894886807277
443894903327537	443894917290089	443894903362277
443894920072746	443894933719880	443894920131496
443894936832902	443894950147641	443894937130037
443894953424933	443894966575818	443894953712277
443894970023996	443894983005922	443894970327225
443894986815714	443894999436183	443894986868475
443895003468371	443895015864412	443895003781339
443895020153683	443895032292120	443895020384412
443895036860506	443895048722537	443895037135818
443895053430871	443895065153318	443895053488527
443895070035402	443895081584984	443895070081443
443895086760818	443895098016911	443895086797693
443895103482381	443895114452224	443895103766183
443895120322433	443895130885506	443895120618318
443895136820714	443895155538057	443895137109412
443895153387068	443895163754724	443895153432745
443895170387433	443895188405349	443895170694777
443895186970193	443895204840661	443895187227433
443895203616287	443895221274359	443895203911756
443895220200193	443895237706027	443895220444256
443895236952745	443895254133735	443895237207068
443895253656339	443895270562589	443895253887225
443895270206339	443895286992016	443895270462902
443895286827433	443895303421287	443895287127068
443895303585714	443895319850297	443895303847225
443895320459308	443895336278683	443895320691964
443895336965402	443895352709880	443895337230714
443895353554308	443895369143370	443895353846183
443895370132693	443895385574984	443895370181339
443895386966600	443895402006755	443895387229933
443895403694881	443895418439151	443895403901027
443895420342120	443895434870036	443895420604152
443895436795245	443895451300349	443895436844620
443895453617277	443895467733109	443895453846027
443895470391652	443895484164203	443895470662850
443895487168318	443895500592901	443895487408058
443895503780037	443895517020453	443895504042745
443895520414725	443895533447016	443895520651339
443895537178058	443895549875609	443895537443787
443895553893683	443895566305975	443895554141652
443895570457277	443895582736026	443895570714620
443895587243631	443895599164204	443895587517745
443895604110245	443895615592172	443895604086339
443895620727902	443895632019619	443895621022745
443895637488214	443895648446911	443895637717224
443895654116964	443895664876964	443895654399933
443895670701652	443895681307484	443895670745558
443895687375818	443895697738682	443895687434933
443895704162589	443895722385922	443895704463474
443895720903318	443895738817641	443895721193370
443895737434464	443895755249516	443895737489152
443895754085245	443895771679359	443895754133214
443895770938683	443895788108578	443895771006183
443895787695558	443895804542276	443895787994464
443895804339308	443895820975244	443895804655349
443895820929568	443895837408474	443895820973631
443895837697745	443895853842589	443895837947537
443895854377589	443895870279515	443895854423683
443895871371495	443895886715453	443895871652745
443895887611287	443895903150193	443895887672381
443895904320245	443895919579880	443895904364568
443895920971964	443895936008995	443895921268839
443895937695870	443895952439672	443895937986183
443895954378058	443895968870140	443895954617120
443895970751912	9223372036854775807	443895970813526

POLL t=22.0 tick=1203
8333333
443905413128367	443905424409095	443905413214929
443905429784564	443905440833627	443905430036283
443905446537898	443905457258991	443905446803367
443905463806804	443905481903366	443905464053835
443905480947273	443905498331648	443905481214929
443905497611023	443905514757012	443905497875242
443905514306492	443905531182897	443905514586335
443905530920710	443905547610189	443905531179304
443905547508367	443905564036960	443905547744877
443905564121752	443905580465397	443905564305242
443905580061023	443905596892897	443905580324304
443905596388992	443905613321543	443905596647273
443905613152273	443905629751127	443905613472898
443905629932117	443905646183522	443905630142273
443905646671804	443905662613679	443905646913523
443905663817898	443905679041543	443905664089460
443905680120554	443905695469407	443905680369929
443905696602429	443905711896230	443905696876439
443905713175085	443905728325502	443905713240033
443905729948054	443905744754720	443905730195241
443905746586960	443905761183991	443905746858523
443905763870866	443905777612064	443905764157846
443905780445502	443905794042949	443905780670710
443905796594564	443905810477897	443905796866804
443905813234616	443905826909512	443905813305085
443905829910554	443905843338679	443905830199148
443905846558366	443905859769876	443905846868366
443905863885866	443905876198210	443905864147846
443905879965241	443905892628730	443905880223991
443905896708002	443905909057324	443905896941491
443905913315241	443905925486543	443905913569929
443905929935710	443905941916647	443905930212116
443905946614721	443905958344355	443905946889616
443905963985241	443905974773002	443905964242689
443905979997585	443905991200866	443905980265710
443905996546960	443906007627220	443905996821023
443906013152221	443906024055241	443906013209408
443906030013679	443906040483470	443906030258783
443906046566283	443906056910345	443906046838783
443906063760710	443906081555084	443906064032898
443906081036179	443906097983574	443906081308991
443906096959616	443906114413938	443906097234877
443906113901023	443906130844668	443906114179616
443906130286804	443906147273209	443906130543679
443906147108835	443906163702168	443906147399095
443906164311335	443906180131960	443906164545710
443906180085710	443906196562012	443906180327220
443906196861023	443906212992325	443906197090814
443906213302429	443906229421335	443906213346752
443906229952273	443906245852532	443906229998783
443906246827845	443906262282273	443906247088679
443906264159304	443906278713575	443906264401023
443906280090710	443906295143991	443906280352273
443906296782377	443906311574407	443906297051647
443906313422377	443906328005865	443906313458627
443906330180345	443906344440449	443906330430502
443906346748783	443906360873469	443906347031127
443906363959616	443906377306022	443906364074877
443906379998470	443906393734772	443906380315658
443906396796127	443906410167376	443906397072377
443906413527585	443906426597740	443906413790814
443906430055085	443906443028209	443906430351752
443906446747377	443906459457324	443906446795241
443906463950710	443906475884460	443906464011960
443906480265345	443906492313262	443906480495658
443906496898679	443906508744929	443906497152272
443906513362377	443906525177220	443906513412845
443906529965866	443906541610137	443906530014564
443906546900397	443906558045345	443906547150970
443906564120345	443906574478782	443906564363627
443906580098627	443906590905710	443906580042897
443906596680241	443906607333678	443906596740554
443906613412897	443906631977897	443906613683679
443906631295866	443906648407793	443906631538991
443906648127272	443906664836543	443906648403679
443906664987533	443906681264251	443906665268366
443906680862377	443906697693522	443906681120085
443906696824772	443906714121595	443906697099460
443906713922429	443906730549876	443906714181491
443906730120241	443906746976959	443906730381960
443906746549929	443906763405136	443906746596908
443906764136804	443906779833938	443906764385554
443906780380501	443906796264251	443906780608783
443906797325189	443906812693001	443906797523939
443906813493991	443906829120501	443906813745397
443906830031751	443906845548887	443906830306647
443906846900241	443906861978783	443906847143054
443906864281804	443906878407220	443906864523366
443906880226335	443906894835813	443906880463783
443906896905554	443906911266751	443906897155970
443906913437220	443906927699772	443906913699876
443906930250345	443906944134251	443906930482741
443906946965710	443906960566178	443906947208210
443906964206439	443906976998053	443906964440397
443906980307220	443906993431699	443906980542116
443906996813678	443907009864928	443906997071283
443907013558522	443907026295397	443907013807689
443907030238991	443907042727688	443907030474928
443907047029564	443907059160657	443907047268678
443907064220710	443907075592897	443907064455866
443907080137428	443907092027116	443907080381960
443907097027428	443907108462740	443907097268991
443907113530085	443907124897063	443907113772533
443907130250710	443907141333209	443907130484928
443907146767272	443907157768730	443907147036283
443907163622064	443907174201334	443907163916178
443907179532220	443907190634459	443907179807741
443907196244251	443907207068261	443907196479876
443907212896126	443907223500657	443907213127585
443907229450866	443907239930448	443907229715085
443907246068991	443907256358001	443907246346751
443907263316283	443907281000658	443907263595189
443907279893991	443907297430970	443907279942272
443907297161335	443907313861647	443907298023470
443907313221022	443907330289615	443907313285970
443907330606595	443907346719460	443907330862741
443907347318835	443907363147792	443907347379720
443907364447272	443907379576334	443907364657897
443907380826178	443907396006074	443907380899251
443907397715553	443907412436646	443907398014928
443907413600657	443907428864667	443907413668835
443907430086126	443907445295449	443907430417064
443907446744147	443907461725657	443907446807272
443907464133678	443907478154772	443907464191491
443907479271178	443907494583938	443907479328366
443907496303626	443907511015917	443907496617272
443907513423366	443907527448470	443907513469460

POLL t=33.8 tick=1622
8333333
443917453623466	443917467567007	443917453945706
443917470315862	443917483996799	443917470632112
443917486973310	443917500429768	443917487296331
443917503655185	443917516864820	443917503980237
443917520314456	443917541516382	443917530625706
443917543157372	443917557945809	443917543204456
443917553654560	443917566160809	443917553971643
443917570309716	443917582592060	443917570629560
443917587010862	443917599023935	443917587341956
443917603622997	443917615454715	443917603961643
443917620428831	443917648318101	443917633270862
443917644306904	443917656534872	443917644541643
443917653653466	443917664752059	443917653987529
443917670300654	443917681184612	443917670613206
443917687052112	443917697619611	443917687312997
443917703612841	443917722268570	443917703966643
443917720320706	443917738699715	443917720660081
443917736964768	443917755135496	443917737484560
443917760367893	443917771571382	443917760623518
443917770309247	443917788003987	443917770629560
443917786967529	443917804435184	443917787352997
443917803643362	443917820867737	443917803995497
443917820325706	443917845514508	443917832194768
443917844355810	443917861945496	443917844598362
443917853676279	443917870162945	443917854598674
443917870301174	443917886595705	443917870622581
443917887009612	443917903026174	443917887334143
443917903655549	443917919460080	443917904013622
443917920282893	443917944104716	443917933012841
443917943131799	443917960535705	443917943184872
443917953638935	443917968752580	443917953973674
443917970340706	443917985185653	443917970678831
443917986987268	443918001616487	443917987309612
443918003644091	443918018049716	443918003977372
443918020349612	443918034482788	443918020671903
443918037013831	443918050916174	443918037018153
443918060265862	443918075567528	443918060496956
443918070260393	443918083784976	443918070593831
443918086995653	443918100219038	443918087320393
443918103664299	443918116652215	443918103986018
443918120360237	443918133082215	443918120671487
443918136988518	443918149514871	443918137487268
443918160691903	443918174169507	443918160915653
443918170317372	443918182388153	443918170634455
443918187038987	443918198824872	443918187345341
443918203701955	443918215258153	443918203993205
443918220326591	443918231692945	443918220631955
443918236982893	443918256344455	443918238603987
443918260061018	443918272776694	443918260266122
443918270304299	443918280993622	443918270649143
443918287016330	443918297425132	443918287337372
443918303634143	443918313856903	443918303957685
443918320390862	443918338503466	443918320724299
443918337012372	443918354934351	443918342688205
443918359899299	443918371368257	443918360151018
443918370285653	443918387800028	443918370617528
443918386983622	443918404231226	443918387311643
443918403737112	443918420660236	443918404083518
443918420365966	443918437090392	443918420791591
443918437220393	443918453523309	443918443658987
443918460382737	443918478172580	443918460640653
443918470493153	443918486389143	443918470648935
443918487176591	443918502820965	443918487511330
443918503825185	443918519252997	443918504150028
443918520452268	443918535684559	443918520785862
443918537158987	443918568548153	443918550633830
443918561465184	443918576763465	443918561519143
443918570473205	443918584978882	443918570657424
443918587123205	443918601410496	443918587448518
443918603769768	443918617842163	443918604120393
443918620495237	443918634270913	443918620828362
443918637161591	443918650700444	443918637521018
443918653806174	443918667131174	443918655605549
443918676720862	443918691777945	443918676989612
443918687112893	443918699993466	443918687467893
443918703853674	443918716423361	443918704174455
443918720532737	443918732853569	443918720832424
443918737190809	443918749281330	443918737534299
443918753855966	443918773922111	443918761027580
443918776647111	443918790352996	443918776894924
443918787175653	443918798570236	443918787498205
443918803888934	443918815002528	443918804225653
443918820511799	443918831434090	443918820843153
443918837202268	443918847864038	443918837532111
443918853917736	443918864294611	443918854250028
443918870487372	443918888943986	443918870846747
443918893893361	443918905376799	443918894131174
443918903853518	443918921806799	443918904174716
443918920519143	443918938237736	443918920845966
443918937176174	443918954670340	443918937511643
443918953815809	443918971104975	443918954147372
443918970481434	443918995754298	443918978323934
443918994983466	443919012183413	443918995232736
443919004408830	443919020398726	443919004580549
443919020626174	443919036832996	443919020853049
443919037179299	443919053266538	443919037504091
443919053850653	443919069698726	443919054180028
443919070584768	443919086130392	443919070868830
443919087222841	443919102563049	443919090959559
443919110169611	443919127209507	443919110410966
443919120465861	443919135426746	443919120800393
443919137235080	443919151861798	443919137565080
443919153964716	443919168295548	443919154221174
443919170576486	443919184729715	443919170859768
443919187180965	443919201163048	443919187506590
443919203878465	443919217599715	443919206052580
443919226877997	443919242251069	443919227136018
443919237168518	443919250468517	443919237495393
443919253825393	443919266903361	443919254149455
443919270488778	443919283338152	443919270812736
443919287144455	443919299768934	443919287477215
443919303833153	443919332627111	443919317199768
443919327763830	443919340842111	443919328031955
443919337119247	443919349058673	443919337540497
443919353832736	443919365491225	443919354157580
443919370526799	443919381921798	443919370860236
443919387193049	443919398351851	443919387501643
443919403925965	443919431211642	443919415686330
443919427680080	443919439426850	443919427719715
443919437121434	443919447642163	443919437458674
443919453868517	443919464072006	443919454187424
443919470541122	443919488715912	443919470872215
443919487173465	443919505146955	443919487501747
443919503779142	443919529791694	443919516201642
443919527996330	443919538007528	443919528265705
443919537194924	443919554436225	443919537557111
443919553867580	9223372036854775807	443919554209455

POLL t=45.6 tick=1764
8333333
443929220848670	443929232364607	443929221034920
443929237475962	443929248795857	443929237800701
443929254098670	443929265229295	443929254423982
443929270779868	443929289880753	443929273333826
443929293815493	443929306316013	443929294094607
443929304232420	443929322750857	443929304578514
443929320791326	443929339187159	443929321132732
443929337443826	443929355623253	443929337774764
443929354112576	443929372056221	443929354462732
443929370787889	443929396707368	443929382506430
443929395646951	443929413140961	443929395889868
443929404622055	443929421358409	443929404868514
443929421274139	443929437788669	443929421660076
443929438028357	443929454222836	443929438351482
443929454646014	443929470656430	443929454988045
443929471327420	443929487091586	443929471646587
443929487996170	443929503525232	443929490533462
443929511302055	443929528175440	443929511545857
443929521264920	443929536391951	443929521474607
443929537994295	443929552826378	443929538330493
443929554654764	443929569262732	443929554987732
443929571339451	443929585696378	443929571669295
443929587926326	443929618557837	443929602719607
443929604617837	443929626773045	443929604861430
443929628137837	443929643205388	443929628373826
443929637986899	443929651422472	443929638315649
443929654677264	443929667855388	443929654974087
443929671321014	443929684290596	443929671642576
443929687977836	443929700723669	443929688340545
443929704666274	443929725373878	443929711363357
443929728173982	443929741806950	443929728322420
443929737960961	443929750024294	443929738312732
443929754660493	443929766458305	443929754983201
443929771299711	443929782891066	443929771637524
443929787970649	443929799326117	443929788334868
443929804654295	443929832192732	443929818123826
443929829232420	443929840408461	443929829277264
443929837963201	443929848625753	443929838303201
443929854696951	443929865059346	443929855016795
443929871354764	443929881493774	443929871670545
443929888061638	443929906145336	443929888341013
443929904662993	443929922581534	443929904988982
443929921258513	443929947236013	443929933300076
443929945933357	443929963672472	443929946216170
443929954683201	443929971889919	443929955033826
443929971336951	443929988323617	443929971671795
443929988030961	443930004756951	443929988336326
443930004626118	443930021188930	443930004966013
443930021321795	443930037620805	443930021652576
443930037976638	443930062271377	443930044228305
443930061626170	443930078702680	443930061863045
443930071358982	443930086917731	443930071525701
443930087979451	443930103349919	443930088325232
443930104644555	443930119783148	443930104972732
443930121326013	443930136215128	443930121650076
443930138114711	443930169083252	443930154130388
443930154652420	443930177299711	443930154934763
443930178549451	443930193732680	443930178812263
443930187952836	443930201948982	443930188296326
443930204674399	443930218384034	443930204991326
443930221388045	443930234819138	443930221691170
443930238003982	443930267683461	443930252111795
443930254644711	443930275900753	443930254875805
443930279062107	443930292334606	443930279252732
443930287972420	443930300551377	443930288340076
443930304737888	443930316983617	443930305048826
443930321371117	443930333419033	443930321693513
443930337990388	443930349854242	443930338329086
443930354642420	443930374506221	443930363129711
443930378644920	443930390943669	443930378874607
443930388094763	443930399161794	443930388342732
443930404680492	443930415597263	443930405015076
443930421354555	443930432033201	443930421673045
443930437993305	443930448468461	443930438326638
443930454680701	443930489552314	443930471945857
443930471365701	443930497770023	443930471952888
443930496696274	443930514202367	443930496947107
443930504694138	443930522419242	443930504922576
443930521379399	443930538853044	443930521693201
443930538014867	443930555283201	443930538359086
443930554677888	443930571713773	443930555009607
443930571333669	443930588143200	443930571685857
443930588108930	443930604572002	443930592685388
443930612258461	443930629217940	443930612508930
443930621302107	443930637432731	443930621725857
443930638016794	443930653863774	443930638362732
443930654683826	443930670293721	443930655008774
443930671354763	443930686725856	443930671691117
443930688047836	443930703158825	443930688357732
443930704730232	443930727804294	443930712744919
443930728588201	443930744233513	443930728820701
443930738000544	443930752448304	443930738335805
443930754819451	443930768877471	443930755131117
443930771374711	443930785305491	443930771721117
443930788065076	443930801731951	443930788377107
443930804752367	443930818159503	443930805095388
443930821383461	443930842804971	443930828419294
443930845108201	443930859233773	443930845360857
443930854656013	443930867448878	443930854991482
443930871354294	443930883878201	443930871687680
443930888051169	443930900307679	443930888356638
443930904693617	443930916737106	443930905022576
443930921371951	443930933165909	443930921696326
443930937978669	443930957809190	443930944100388
443930961847367	443930974239346	443930962080076
443930971333669	443930982452836	443930971662419
443930988064919	443930998884606	443930988379451
443931004714138	443931015317003	443931005036273
443931021340336	443931031748721	443931021659607
443931037987888	443931056390544	443931038326742
443931054634086	443931072818878	443931061539398
443931078643982	443931089247107	443931078899242
443931088012680	443931105675388	443931088350857
443931104671482	443931122105543	443931104998201
443931121353305	443931138538044	443931121679138
443931137973617	443931154966950	443931138318773
443931154774294	443931187823044	443931171368982
443931171340388	443931196037419	443931171369763
443931195485544	443931212466325	443931195750075
443931204627992	443931220680544	443931205023044
443931221370648	443931237108512	443931221710075
443931238002680	443931253535022	443931238322888
443931254679607	443931269963565	443931255007992
443931271350857	443931286393512	443931271670544
443931288035700	443931302821481	443931290809294
443931312184919	443931327463252	443931312435075
443931321332732	9223372036854775807	443931321679086

POLL t=57.2 tick=1861
8333333
443940655244447	443940668379446	443940655577832
443940671897676	443940684813665	443940672120228
443940688537416	443940717681999	443940700518822
443940713027728	443940725899707	443940713082103
443940721894291	443940734117780	443940722228978
443940738609134	443940750551842	443940738940853
443940755271322	443940766985384	443940755592259
443940771895020	443940783418405	443940772083822
443940788528041	443940816282363	443940803409082
443940805206791	443940824498821	443940805457884
443940828908666	443940840930384	443940828966895
443940838585020	443940849146426	443940838913301
443940855243770	443940865577571	443940855566009
443940871865697	443940890228093	443940872181166
443940888576322	443940914876113	443940899145853
443940913475697	443940931307728	443940913720645
443940921973457	443940939522571	443940922213353
443940938621009	443940955953092	443940938886009
443940955222572	443940972383665	443940955551270
443940971942259	443940997029759	443940986569134
443940988707832	443941005245436	443940989697259
443941012382051	443941029888196	443941012626478
443941021948353	443941038102258	443941022669447
443941038633301	443941054530332	443941038979447
443941055283040	443941070960383	443941055603665
443941071955384	443941103817676	443941086926322
443941088652676	443941112032207	443941088887884
443941113198978	443941128460801	443941113248457
443941121918770	443941136675176	443941122266478
443941138604082	443941153103040	443941138933197
443941155305072	443941169532467	443941155635488
443941172029603	443941194177102	443941183410957
443941195460228	443941210608612	443941195498770
443941205275957	443941218824863	443941205632520
443941222016947	443941235253770	443941222351009
443941238663353	443941251684811	443941238988822
443941255335645	443941268116217	443941255666738
443941271960645	443941300979654	443941286376947
443941295127415	443941309197154	443941295182103
443941305316947	443941317414029	443941305639395
443941322014915	443941333845697	443941322315176
443941338663665	443941350277102	443941338991009
443941355325384	443941366708665	443941355660697
443941371951165	443941399569550	443941386419134
443941395724759	443941407785227	443941395782415
443941405306165	443941416001113	443941405643770
443941422018145	443941432432415	443941422340228
443941438658665	443941457081217	443941438993822
443941455306322	443941473512832	443941455662572
443941471952259	443941489945279	443941472305228
443941488633613	443941506375279	443941494165488
443941512334863	443941522805384	443941512579447
443941521988665	443941539235280	443941522321894
443941538639394	443941555666426	443941538976426
443941555301582	443941572100592	443941555649238
443941571970072	443941588534603	443941572318769
443941588646009	443941604963353	443941594896947
443941612309134	443941629605905	443941612359759
443941621944863	443941637819707	443941622281269
443941638644915	443941654251581	443941638989915
443941655323457	443941670682832	443941655666894
443941671994759	443941687115227	443941672334915
443941688609134	443941711760852	443941693853196
443941712417884	443941728195800	443941712692103
443941721961634	443941736412883	443941722324863
443941738677571	443941752845800	443941738999290
443941755321426	443941769278768	443941755673196
443941771983196	443941785710487	443941772316009
443941788629863	443941810357831	443941799706634
443941812274290	443941826792154	443941812541946
443941821980644	443941835009602	443941822329603
443941838682103	443941851443873	443941839021426
443941855293613	443941867879758	443941855622259
443941871978301	443941884314290	443941872311894
443941888686165	443941908962728	443941897677676
443941912487676	443941925392779	443941912727728
443941921965176	443941933609498	443941922328196
443941938651321	443941950041113	443941938985801
443941955349446	443941966471321	443941955685540
443941972060696	443941982899133	443941972370019
443941988724915	443942007543613	443941992588978
443942012504759	443942023974186	443942012771582
443942021987259	443942040405383	443942022323769
443942038709551	443942056835904	443942039044603
443942055380332	443942073266113	443942055724759
443942072059915	443942089700435	443942072380644
443942088682832	443942106131477	443942093761894
443942112697571	443942130781165	443942112949759
443942122067207	443942138997103	443942122404915
443942138724603	443942155427728	443942139128665
443942155391634	443942171859550	443942155730228
443942172104134	443942188290331	443942172402571
443942188693769	443942221149238	443942204175540
443942205370019	443942229365175	443942205597519
443942229359915	443942245795227	443942229595228
443942238726009	443942254010332	443942238892988
443942255383509	443942270439498	443942255706946
443942272047571	443942286867779	443942272350228
443942288686634	443942303299342	443942289025488
443942305375175	443942327947103	443942311995853
443942329265384	443942344378873	443942329511165
443942338661009	443942352594237	443942339016946
443942355392259	443942369026425	443942355755696
443942372059290	443942385458091	443942372348821
443942388676790	443942401891269	443942389025957
443942405344602	443942434753873	443942416980696
443942430359915	443942442968509	443942430413509
443942438638821	443942451183612	443942438984707
443942455376113	443942467613143	443942455731582
443942471988977	443942484045592	443942472325175
443942488635384	443942500477987	443942488967988
443942505293821	443942533340540	443942518167259
443942530598509	443942541556164	443942530649707
443942538605644	443942549772206	443942538966582
443942555287727	443942566204654	443942555635384
443942571958040	443942582636321	443942572330852
443942588608613	443942599065175	443942588954602
443942605328509	443942623711946	443942613055384
443942629214550	443942640144497	443942629279863
443942638629446	443942656575540	443942638974134
443942655279915	443942673006633	443942655616425
443942671921321	443942689436685	443942672256477
443942688606009	443942705868925	443942688948040
443942705269863	443942722299029	443942711489550
443942729176946	443942746948352	443942729482259
443942738602884	443942755164029	443942739328769
443942755434759	443942771595591	443942755750696

POLL t=68.8 tick=1979
8333333
443952289172411	443952309196890	443952289628192
443952305881474	443952317413661	443952306204599
443952322546005	443952342061421	443952326722099
443952346368817	443952358494911	443952346426317
443952355902724	443952366710796	443952356278349
443952372547255	443952383142046	443952372881161
443952389216005	443952416006577	443952401304442
443952413543609	443952424222411	443952413876161
443952422541942	443952440655900	443952422878765
443952439215484	443952457088244	443952439553192
443952455833661	443952473517775	443952456182047
443952472541161	443952498162984	443952482113453
443952497609599	443952514592099	443952497709130
443952505961109	443952522805953	443952506933974
443952522540224	443952539233556	443952522926786
443952539203609	443952563877047	443952551506265
443952555901630	443952572091994	443952557012724
443952582792411	443952596737046	443952582856109
443952589209078	443952604952098	443952589596630
443952605873505	443952621384182	443952606402828
443952622524234	443952646029650	443952628516109
443952646731265	443952662456265	443952646808974
443952655856109	443952670670796	443952656202359
443952672530692	443952687097931	443952672884911
443952689208296	443952711740744	443952701253036
443952712396786	443952728170067	443952712729442
443952722548974	443952736384911	443952722890849
443952739232671	443952752816317	443952739563974
443952755907724	443952769249234	443952756241265
443952772567671	443952793892671	443952779172984
443952796986786	443952810322671	443952797038036
443952805890849	443952818536786	443952806238036
443952822529234	443952834966473	443952822900380
443952839212567	443952867827931	443952850334442
443952864343192	443952876043816	443952864616786
443952872568817	443952884260848	443952872960015
443952889237515	443952900694442	443952889572567
443952905903505	443952933553868	443952918181786
443952922574130	443952941768088	443952922872567
443952947166630	443952958199546	443952947234859
443952955897255	443952966415119	443952956231109
443952972566005	443952982845952	443952972900067
443952989248140	443953007491837	443952990819442
443953012989911	443953023922827	443953013051630
443953022535171	443953040356421	443953022923453
443953039229703	443953056786838	443953039574911
443953055901473	443953081432254	443953066402255
443953080373817	443953097861525	443953080438661
443953089421005	443953106075744	443953090275484
443953105881890	443953122506942	443953106325484
443953122593505	443953147153139	443953135851734
443953139262411	443953155366421	443953140273661
443953164192359	443953180006681	443953164495380
443953172530380	443953188220953	443953172707359
443953189283609	443953204650275	443953189639598
443953205994442	443953221077931	443953208494442
443953229309286	443953245722618	443953229404234
443953239239703	443953253939650	443953239548973
443953255907515	443953270368139	443953256237880
443953272577723	443953286797827	443953276218505
443953295989286	443953311447359	443953296045952
443953305897880	443953319663869	443953306247827
443953322551786	443953336094338	443953322908296
443953339203609	443953360740484	443953350836942
443953362960692	443953377170327	443953363049859
443953372593973	443953385384233	443953372929077
443953389245848	443953401812150	443953389577671
443953405899755	443953418241316	443953406213973
443953422591473	443953434672098	443953424207255
443953446184598	443953459319337	443953446496473
443953455874286	443953467534546	443953456238609
443953472587567	443953483964129	443953472926161
443953489279911	443953516821629	443953500037098
443953514380536	443953525036472	443953514663921
443953522586786	443953533251837	443953522946942
443953539277202	443953549681525	443953539602098
443953555981473	443953582533556	443953567688192
443953572704390	443953590746994	443953572969546
443953600653504	443953615388087	443953600939911
443953605906265	443953623602619	443953606207879
443953622577202	443953640033244	443953622919442
443953639330379	443953656462045	443953645286317
443953662977827	443953681107514	443953663255952
443953672847411	443953689325327	443953673601265
443953689298140	443953705755951	443953689626629
443953705939442	443953730400067	443953716795536
443953729497671	443953746829598	443953729786942
443953739279702	443953755043660	443953739461473
443953755963192	443953771472671	443953756344442
443953772692827	443953796116681	443953783694390
443953796680692	443953812547306	443953796917671
443953805945067	443953820764650	443953806275067
443953822606421	443953837196525	443953822788036
443953839311942	443953870060066	443953856386161
443953855996786	443953878274442	443953856393192
443953879317254	443953894701681	443953879375536
443953889256161	443953902916056	443953889635327
443953905972202	443953919345483	443953906307359
443953922630223	443953952205119	443953939962723
443953939340223	443953960420899	443953939971421
443953962697202	443953976851420	443953962763192
443953972562879	443953985066681	443953972921942
443953989293192	443954001497045	443953989637723
443954005914754	443954034359180	443954019739858
443954022612671	443954042575587	443954022935015
443954050421004	443954067220535	443954050687723
443954055933973	443954075435640	443954056246317
443954072595379	443954083651629	443954072931890
443954089277827	443954108294858	443954092159858
443954112578973	443954124724285	443954112655848
443954122594598	443954141152619	443954122987254
443954139253765	443954157580014	443954139610796
443954155954754	443954182219962	443954170591108
443954172669285	443954190433191	443954173272931
443954199202098	443954215073660	443954199254598
443954205957827	443954223288348	443954206391265
443954222627671	443954239718868	443954222971473
443954239322983	443954256147566	443954243462098
443954262609233	443954280790535	443954262671785
443954272565171	443954289004076	443954272773348
443954289316317	443954305431524	443954289650952
443954305971004	443954338288191	443954321607202
443954322667723	443954346501889	443954322963817
443954349063348	443954362930483	443954349120483
443954355975848	443954371144962	443954356320327
443954372656160	443954387575587	443954372997567
443954389306108	443954404009129	443954392812254

POLL t=78.8 tick=2115
8333333
443962356515376	443962372475793	443962356851001
443962373188345	443962388908865	443962377462251
443962396972355	443962413556314	443962397040220
443962406494907	443962421772980	443962406828189
443962423161939	443962438206938	443962423509230
443962439826730	443962462857094	443962448838293
443962463747980	443962479289438	443962463819439
443962473144595	443962487505272	443962473496157
443962489823657	443962503935689	443962490166782
443962506888657	443962528583761	443962517905064
443962530412564	443962545017251	443962530499751
443962539865064	443962553233345	443962540208189
443962556528501	443962569666313	443962556865532
443962573191574	443962602531157	443962585087564
443962598313605	443962610748136	443962598372407
443962606523605	443962618965740	443962606860689
443962623191939	443962635399334	443962623541626
443962639868501	443962668261521	443962652179282
443962656521470	443962676477250	443962656843761
443962684653605	443962701118917	443962685020845
443962689807720	443962709333084	443962690118970
443962706542251	443962717545896	443962706996626
443962723197876	443962742185792	443962730796574
443962747125168	443962758613396	443962747185480
443962756515480	443962775041886	443962756882824
443962773161782	443962791472459	443962773533188
443962789826626	443962816120115	443962799396157
443962815235636	443962832552042	443962815286001
443962823194386	443962840766938	443962823551105
443962839881626	443962857197667	443962840382095
443962856512095	443962881842927	443962869320793
443962873197563	443962890057876	443962873533761
443962901515480	443962914706729	443962901868188
443962906578657	443962922923292	443962907497095
443962923205063	443962939356782	443962923676886
443962939809907	443962955789542	443962940163813
443962956534074	443962972218084	443962956860063
443962981335011	443962996859021	443962981394074
443962989815532	443963005073188	443962990161574
443963006475324	443963021501990	443963006870220
443963023151313	443963037932772	443963025481001
443963047267407	443963062580636	443963047330532
443963056519126	443963070796260	443963056856157
443963073197095	443963087229542	443963073527355
443963089868917	443963103664490	443963090352563
443963119015376	443963136531105	443963119341730
443963123191313	443963144746469	443963123555063
443963139876001	443963152963761	443963140319907
443963156544595	443963177609854	443963161362355
443963181327407	443963194040896	443963181615688
443963189834438	443963202257250	443963190171261
443963206534751	443963218690376	443963206908188
443963223173345	443963251554334	443963238942563
443963239867876	443963259770584	443963240189907
443963264516001	443963276203032	443963264852199
443963273171574	443963284419490	443963273619907
443963289886157	443963300851417	443963290254386
443963306538188	443963317282927	443963306910063
443963323206261	443963341932146	443963328693657
443963347354230	443963358364907	443963347430167
443963356480688	443963374800740	443963356922147
443963373154074	443963391232927	443963373507094
443963389820532	443963415880479	443963401818969
443963414258969	443963432312146	443963414331574
443963423171469	443963440527303	443963423526105
443963439847876	443963456958344	443963440207251
443963456567563	443963489817980	443963472544855
443963473212563	443963498033448	443963473492667
443963497893344	443963514463501	443963497970219
443963506505324	443963522677823	443963507044230
443963523175376	443963539105792	443963523516001
443963539957876	443963555533188	443963544843032
443963564873969	443963580172250	443963565135688
443963573209751	443963588386417	443963573640532
443963589958605	443963604815323	443963590331001
443963606547876	443963621243240	443963606883813
443963623187980	443963645888552	443963631930688
443963647803188	443963662317667	443963648096261
443963656565011	443963670532667	443963656904126
443963673252407	443963686962771	443963673588605
443963689908032	443963719822875	443963703644751
443963706636001	443963728038188	443963706914751
443963731324907	443963744466729	443963731616886
443963739899282	443963752681052	443963740246782
443963756558032	443963769108813	443963756893136
443963773308657	443963793753813	443963777307407
443963797937563	443963810184489	443963798228657
443963806582198	443963818399229	443963806914230
443963823248969	443963834829854	443963823582042
443963839941886	443963867688552	443963852389751
443963866074438	443963884117459	443963866382719
443963873214698	443963892331208	443963873554126
443963889902980	443963900544282	443963890242251
443963906586626	443963933400271	443963918672251
443963923279438	443963941616364	443963923731782
443963951827719	443963966263552	443963952110532
443963956535480	443963974477615	443963956809126
443963973244282	443963990908344	443963973592563
443963989911782	443964007336990	443963997591313
443964014673813	443964031982511	443964014941625
443964023486938	443964040197406	443964023718969
443964039961000	443964056626989	443964040377250
443964056600844	443964081270219	443964067738032
443964082679125	443964097697667	443964082723500
443964089918500	443964105911052	443964090096625
443964106550375	443964122342354	443964106888500
443964123231938	443964155197197	443964138004386
443964149123188	443964163411260	443964149178032
443964156550480	443964171626573	443964156887667
443964173237563	443964188055115	443964173570688
443964189903292	443964212695531	443964201926625
443964214609438	443964229123708	443964214664594
443964223224125	443964237339385	443964223551000
443964239908969	443964253770844	443964240239594
443964256567563	443964286631156	443964269561000
443964273232511	443964294845271	443964273526625
443964301472250	443964319490062	443964301512823
443964306552094	443964327705792	443964306926105
443964323214125	443964335922146	443964323698761
443964339910636	443964352355583	443964340242250
443964356625219	443964368788031	443964356720323
443964381660375	443964393436677	443964382014282
443964389864907	443964401652927	443964390262250
443964406616469	443964418085739	443964406942511
443964423223813	443964434520531	443964423560948
443964439899594	443964459170166	443964444418032
443964465323657	9223372036854775807	443964465613136

POLL t=90.9 tick=2320
8333333
443974590424226	443974603634902	443974590764851
443974607118809	443974636496725	443974621754746
443974623773028	443974644712558	443974624122819
443974654355944	443974669363756	443974654684069
443974657080996	443974677580631	443974657568965
443974673776465	443974685797298	443974674226153
443974690443340	443974718665944	443974701532090
443974716894121	443974735103288	443974717214903
443974723717819	443974743320839	443974724192663
443974740444903	443974751537037	443974740783965
443974757097351	443974792621361	443974779151413
443974773818757	443974800839017	443974779182871
443974799204069	443974817272610	443974799337976
443974807067715	443974825490163	443974807430528
443974823786621	443974841926777	443974824126257
443974840463496	443974874795684	443974857632038
443974857166465	443974883013548	443974857637976
443974883501934	443974899450579	443974883810944
443974890417715	443974907669902	443974890813132
443974907149746	443974948761881	443974930857871
443974923817403	443974956979278	443974930863496
443974948599278	443974965197663	443974949325371
443974957124746	443974973414590	443974957501153
443974973773340	443974989849434	443974974107715
443974990478444	443975022716152	443975004870684
443975007122246	443975030933965	443975007591309
443975036055840	443975047370214	443975036353132
443975040463809	443975055586673	443975040870163
443975057107871	443975072018339	443975057493340
443975073799121	443975104890683	443975090566309
443975090480528	443975113108652	443975090567246
443975119089121	443975129543704	443975119403965
443975123750163	443975137760736	443975123994538
443975140457507	443975154194224	443975140796569
443975157153444	443975178844225	443975167675007
443975182740684	443975195279798	443975183080007
443975190421309	443975203497818	443975190765007
443975207106152	443975219934329	443975207448184
443975223810319	443975252801464	443975239483496
443975240473027	443975261018860	443975240797507
443975270564121	443975285668757	443975270939902
443975273785996	443975293883235	443975274271309
443975290438444	443975302097193	443975290919434
443975307087975	443975334960579	443975317409434
443975333319434	443975351393340	443975333380684
443975340443184	443975359610371	443975340791777
443975357129434	443975367827454	443975357458340
443975373833652	443975408915527	443975391132090
443975390516100	443975417132714	443975391141152
443975416373340	443975433568495	443975416726934
443975423855996	443975441786100	443975424143652
443975440475007	443975474659850	443975462594121
443975457144434	443975482877506	443975462608340
443975483632402	443975499312766	443975483942819
443975490490840	443975507530370	443975491555475
443975507227090	443975523966621	443975508102246
443975523850007	443975556834225	443975542999590
443975540504850	443975565050215	443975543021777
443975572490059	443975589697819	443975572897715
443975573808809	443975597912870	443975574170840
443975590506100	443975606128288	443975590858027
443975607199277	443975630773392	443975612579121
443975632751465	443975647205162	443975632922819
443975640450631	443975655421621	443975640845059
443975657202506	443975671854068	443975657597715
443975673813965	443975688286568	443975674160788
443975690580371	443975704719537	443975690916309
443975718125059	443975729368443	443975718410840
443975723823652	443975737585162	443975724263340
443975740524902	443975754018860	443975740866309
443975757260319	443975770450474	443975757613756
443975785694069	443975803310891	443975785752038
443975790469590	443975811527193	443975790754590
443975807169433	443975819743183	443975807508808
443975823818340	443975836175892	443975824081308
443975852257038	443975869039954	443975852545683
443975857215006	443975877256412	443975857516621
443975873882350	443975885471516	443975874259381
443975890549850	443975910116464	443975895231569
443975915482246	443975926547818	443975915810631
443975923855996	443975934762610	443975924333756
443975940575996	443975951192246	443975940900996
443975957213600	443975984053287	443975970689694
443975973894902	443975992268391	443975974177038
443976001620631	443976016911517	443976001881465
443976007228496	443976025127714	443976007506725
443976023846413	443976041560005	443976024197402
443976040580371	443976057993808	443976040878652
443976068621933	443976082644381	443976068907715
443976073952246	443976090860631	443976074201413
443976090491621	443976107289641	443976090857558
443976107173340	443976123719016	443976107261621
443976131773027	443976148365163	443976132028288
443976140504538	443976156581725	443976140843131
443976157219381	443976173014068	443976157592715
443976173967350	443976197662297	443976184324590
443976198295475	443976214094693	443976198355215
443976207180527	443976222310787	443976207514850
443976223864381	443976238745110	443976224192402
443976240532558	443976263394069	443976246600631
443976264779121	443976279825839	443976264835683
443976273811308	443976288041881	443976274158808
443976290503965	443976304472454	443976290879746
443976307168444	443976329118860	443976314133965
443976331326933	443976345547558	443976331383496
443976340534433	443976353761464	443976340877350
443976357195683	443976370191308	443976357525475
443976373883183	443976394839121	443976381747558
443976398084069	443976411272089	443976398147975
443976407157715	443976419490266	443976407504121
443976423865683	443976435923235	443976424196621
443976440534902	443976460569797	443976447610475
443976464911777	443976476999693	443976464980214
443976473846464	443976485213704	443976474204537
443976490533912	443976501642818	443976490893756
443976507163652	443976526288182	443976513346777
443976531626777	443976542720579	443976531695527
443976540467558	443976550936568	443976540826152
443976557148339	443976567365214	443976557502871
443976573879433	443976592009849	443976579722871
443976598178652	443976616652506	443976598498183
443976607142246	443976624868287	443976607498339
443976623869589	443976641297193	443976624210944
443976640505839	443976657724798	443976647799537
443976665050996	443976682368496	443976665116777
443976673819069	443976690583130	443976674399381
443976690484537	9223372036854775807	443976690839121

POLL t=102.9 tick=2465
8333333
443986483997867	443986500996252	443986484109846
443986491065054	443986509210783	443986491392086
443986507717867	443986533854637	443986516643284
443986531877190	443986542070419	443986532078909
443986541051929	443986558503387	443986541378804
443986557658179	443986574936460	443986558005471
443986574387659	443986599584429	443986582111304
443986597686773	443986616017659	443986597756461
443986607686721	443986624233283	443986608292815
443986624439534	443986640666043	443986624765679
443986641017971	443986657101096	443986644646304
443986666214742	443986681755471	443986666269117
443986674337190	443986689974429	443986674518804
443986691000002	443986714629168	443986699809065
443986713763023	443986731063752	443986713819586
443986724331304	443986739280262	443986724681252
443986741002658	443986755714376	443986741365836
443986757713648	443986772145992	443986761461304
443986780434117	443986796792606	443986780783440
443986791024221	443986805008595	443986791401929
443986807698336	443986821444845	443986808037711
443986824385211	443986846099013	443986829060523
443986847112086	443986862538699	443986847172033
443986857676148	443986870758908	443986858031773
443986874346617	443986903632606	443986886385783
443986898209742	443986911850731	443986898301461
443986907702085	443986920068439	443986908213283
443986924353179	443986936502345	443986924703440
443986941041929	443986969376408	443986952851408
443986965092346	443986977592710	443986965149533
443986974339742	443986985809793	443986974706617
443986991050679	443987002242189	443986991380523
443987007739898	443987026888907	443987013372867
443987030147867	443987043320158	443987030208596
443987041051617	443987051536408	443987041386252
443987057719117	443987067968491	443987058073648
443987074393335	443987092614429	443987079927867
443987097077346	443987109043647	443987097130367
443987107718492	443987125476669	443987108073752
443987124383804	443987141911565	443987124734898
443987141079117	443987158346304	443987148724429
443987163495054	443987174781460	443987163546304
443987174391408	443987191217032	443987174728023
443987191042815	443987207648387	443987191393492
443987207754690	443987232296407	443987214068960
443987230162867	443987240512085	443987230232190
443987241031773	443987256941460	443987241370523
443987257737971	443987273371981	443987258070679
443987274425367	443987298016356	443987280966565
443987296977815	443987314446304	443987297035627
443987307715627	443987322660783	443987308089273
443987324366252	443987339091200	443987324719898
443987341035627	443987363732657	443987347393752
443987363519429	443987380160939	443987363575471
443987374360523	443987388377241	443987374729377
443987391015367	443987404806043	443987391366721
443987407760835	443987429450574	443987412902502
443987430351304	443987445880678	443987430412085
443987441075835	443987454095053	443987441419742
443987457752554	443987470524429	443987458094429
443987474431721	443987495171668	443987479327658
443987497454273	443987511602137	443987497829273
443987507735992	443987519817606	443987508076773
443987524444064	443987536249064	443987524787033
443987541119064	443987560896876	443987549414742
443987564177189	443987577332345	443987564480054
443987574473804	443987585550366	443987574813491
443987591129377	443987601982137	443987591470679
443987607798804	443987626630210	443987616707085
443987630823179	443987643061616	443987630880991
443987641124273	443987659492501	443987641457241
443987657812866	443987675923543	443987658151929
443987674489741	443987700569064	443987685023596
443987698574689	443987717000366	443987698848804
443987707867398	443987725216355	443987708291877
443987724482866	443987741647189	443987724820523
443987741208960	443987766289793	443987751029116
443987765088804	443987782719063	443987765385523
443987774489429	443987790934793	443987775178127
443987791177971	443987807368231	443987791498439
443987807906929	443987832018075	443987816846408
443987830967502	443987848450939	443987831271929
443987841101929	443987856668908	443987841459846
443987857819741	443987873104793	443987858175471
443987874558439	443987897757241	443987881112710
443987897204846	443987914189585	443987897512346
443987907787658	443987922406304	443987908138283
443987924506252	443987938838439	443987924835627
443987941202398	443987963486043	443987948857710
443987963877658	443987979918231	443987964149273
443987974475471	443987988135574	443987974826096
443987991213023	443988004568386	443987991525054
443988007888804	443988029215574	443988012897189
443988030360627	443988045649116	443988030419845
443988041143960	443988053864637	443988041487241
443988057855835	443988070294063	443988058207710
443988074531304	443988094943908	443988081506148
443988097190366	443988111376720	443988097259898
443988107780054	443988119595262	443988108133752
443988124537085	443988136030157	443988124866773
443988141216929	443988160681773	443988146113491
443988163933023	443988177116824	443988164185991
443988174476304	443988185333178	443988174797241
443988191176564	443988201764793	443988191514273
443988207891564	443988226413387	443988214086772
443988230475835	443988242848490	443988230528595
443988241193439	443988259282605	443988241512241
443988257831616	443988275712085	443988258165470
443988274514741	443988300364480	443988284989116
443988297767866	443988308581251	443988297839533
443988307842345	443988325012866	443988308177033
443988324490366	443988341445939	443988324825054
443988341188179	443988366095209	443988348870679
443988364561877	443988382526824	443988364629585
443988374468283	443988390743699	443988374936564
443988391188752	443988407179063	443988391543752
443988407873439	443988431831720	443988415655470
443988431360991	443988448267084	443988431675002
443988441171408	443988456484897	443988441522710
443988457845522	443988472920991	443988458183752
443988474530210	443988497571980	443988485782241
443988497650158	443988514002553	443988497823127
443988507801564	443988522218126	443988508184064
443988524523647	443988538650262	443988524858752
443988541193127	443988563298699	443988550095158
443988564408022	443988579733908	443988564667554
443988574521147	443988587952554	443988574861616

POLL t=115.1 tick=2616
8333333
443998758486143	443998775839945	443998758856560
443998775137498	443998792272550	443998775489581
443998791812081	443998808706300	443998797020987
443998814410362	443998825138643	443998814469737
443998825173904	443998841574424	443998825511925
443998841834841	443998858007601	443998842162029
443998858539998	443998882657654	443998865030623
443998881758487	443998899090726	443998882153487
443998891807393	443998907307497	443998892300779
443998908479893	443998923739320	443998908822393
443998925151300	443998948387601	443998934989685
443998948653487	443998964818851	443998948727081
443998958520675	443998973035258	443998958718018
443998975196768	443998989465882	443998975539373
443998991878643	443999014111091	443998997898018
443999014830206	443999030539581	443999015018435
443999025139425	443999038754111	443999025482550
443999041811143	443999055185935	443999042217706
443999058487237	443999079834737	443999065777550
443999081302550	443999096265622	443999081363748
443999091839841	443999104481611	443999092168279
443999108516560	443999120913487	443999108852393
443999125212862	443999145557809	443999128327706
443999147675518	443999161989112	443999147698956
443999158566768	443999170204944	443999159056456
443999175185987	443999186637705	443999175529112
443999191854997	443999211282809	443999200126872
443999214370987	443999227712758	443999214416716
443999225195675	443999235929529	443999225525050
443999241842654	443999252359893	443999242179216
443999258537966	443999277004945	443999264789112
443999281237341	443999293436611	443999281299893
443999291817810	443999309866716	443999292158643
443999308477497	443999326297862	443999308829685
443999325181247	443999342729059	443999329541300
443999347840466	443999359161038	443999347924893
443999358508122	443999375593487	443999358868018
443999375189841	443999392026143	443999375519424
443999391866768	443999408460310	443999397505310
443999414275362	443999424895831	443999414323747
443999425166560	443999441327757	443999425505987
443999441863904	443999457759163	443999442208747
443999458569841	443999482402289	443999465382393
443999481036404	443999498829424	443999481091091
443999491844112	443999507043278	443999492181299
443999508526299	443999523472341	443999508867549
443999525200362	443999539902810	443999530063487
443999547694060	443999564546455	443999547755466
443999558524216	443999572760934	443999558885518
443999575208435	443999589190674	443999575606456
443999591875674	443999613833695	443999596186456
443999614370206	443999630264684	443999614416612
443999625181716	443999638480517	443999625522237
443999641865518	443999654910517	443999642193956
443999658524685	443999679555309	443999662397706
443999681096247	443999695982757	443999681171299
443999691793799	443999704196038	443999692149997
443999708525362	443999720623694	443999708862081
443999725197549	443999745265153	443999730732654
443999747923643	443999761692341	443999747989893
443999758534268	443999769906091	443999758874424
443999775189424	443999786333122	443999775568018
443999791860987	443999810973017	443999794883643
443999814376612	443999827400153	443999814440831
443999825130622	443999835615309	443999825487393
443999841867237	443999852044215	443999842274737
443999858524893	443999876687965	443999864947081
443999881415518	443999893116351	443999881469685
443999891851924	443999909545726	443999892213278
443999908530987	443999925973590	443999908891456
443999925275778	443999942401403	443999929519737
443999947756456	443999958829945	443999948080153
443999958503122	443999975258382	443999958942341
443999975181456	443999991690413	443999975529893
443999991910518	444000008120830	443999996844424
444000014666299	444000032764945	444000014976143
444000025278487	444000040979528	444000025470518
444000041950935	444000065626559	444000053052341
444000064893799	444000082060257	444000065170987
444000075269528	444000090277652	444000075616299
444000091893018	444000106708643	444000092229893
444000108585049	444000131358122	444000114352080
444000131300310	444000147792705	444000131593174
444000141939528	444000156009893	444000142321299
444000158630049	444000172439475	444000158957810
444000175287705	444000197085725	444000185303330
444000198111403	444000213517861	444000198387028
444000208598330	444000221732809	444000208924268
444000225302862	444000238163538	444000225639112
444000241997080	444000262809424	444000246930205
444000264518903	444000279240205	444000264819997
444000275277393	444000287455153	444000275650830
444000291955205	444000303883643	444000292303643
444000308695935	444000328527601	444000311702393
444000331177080	444000344953330	444000331461716
444000341968643	444000353167393	444000342324685
444000358633435	444000369595569	444000358962393
444000375233643	444000402454059	444000385435778
444000399393799	444000410669423	444000399447237
444000408583643	444000418884476	444000408929216
444000425308174	444000443527236	444000425640466
444000441942862	444000459957549	444000448617237
444000465322237	444000476388955	444000465605518
444000475264580	444000492817497	444000475654112
444000491944268	444000509248278	444000492285466
444000508586768	444000525681038	444000515591091
444000531151768	444000542111820	444000531426924
444000541935309	444000558541507	444000542282549
444000558655987	444000574970830	444000558914216
444000575273330	444000599616299	444000583613330
444000597855518	444000616046455	444000597945205
444000608816455	444000624260725	444000609166716
444000625273487	444000640690674	444000625614997
444000641940987	444000657120100	444000646439893
444000664461143	444000681765517	444000664520934
444000675195153	444000689980778	444000675553330
444000691889580	444000706408122	444000692232341
444000708602861	444000731050152	444000714042393
444000731114528	444000747478017	444000731245466
444000741879684	444000755691611	444000742270986
444000758590986	444000772119267	444000758972861
444000775291768	444000796764944	444000781270934
444000797767653	444000813194059	444000797822705
444000808585830	444000821409163	444000808934111
444000825262966	444000837838433	444000825603174
444000842049580	444000862483486	444000845026455
444000864601872	9223372036854775807	444000864898174

POLL t=127.0 tick=2842
8333333
444010860567545	444010877703118	444010860626451
444010871371920	444010885917597	444010871740358
444010888039056	444010902349836	444010888371399
444010904736556	444010927000305	444010911390670
444010927588274	444010943434784	444010927665514
444010938001920	444010951652805	444010938353639
444010954719993	444010968086607	444010955103170
444010971441764	444010992734471	444010978368170
444010994193014	444011009166347	444010994537337
444011004765305	444011017381815	444011005147545
444011021405774	444011033816503	444011021749420
444011038061139	444011066681138	444011050637858
444011054730670	444011074898221	444011054993326
444011080607076	444011091331087	444011080925983
444011088111451	444011099547753	444011088460462
444011104736087	444011132414315	444011117838951
444011121386608	444011140632336	444011121669212
444011146404837	444011157064627	444011146703795
444011154705670	444011165280304	444011155099264
444011171408951	444011198145982	444011182742076
444011195464524	444011206361763	444011195529837
444011204741087	444011222792492	444011205068899
444011221362701	444011239223794	444011221713014
444011238078743	444011263873847	444011249545201
444011262876451	444011280305148	444011262930826
444011271443274	444011288523273	444011271682024
444011288145514	444011304959003	444011288482545
444011304736451	444011329607805	444011315734576
444011328403951	444011346042128	444011328460826
444011338074055	444011354259472	444011338379055
444011354730045	444011370693534	444011355069055
444011371366764	444011395340409	444011381237024
444011394263951	444011411774368	444011394332857
444011404721295	444011419991503	444011405066399
444011421361920	444011436423378	444011421702232
444011438088951	444011461071086	444011447566607
444011460928587	444011477503430	444011461005930
444011471356243	444011485719836	444011471728170
444011488033482	444011502149940	444011488369889
444011504694889	444011526795930	444011516443274
444011527600774	444011543226607	444011527658014
444011538032232	444011551441503	444011538380201
444011554695774	444011567873274	444011555058743
444011571353326	444011592524159	444011581401764
444011593997649	444011608956451	444011594066764
444011604747857	444011617171347	444011605083014
444011621413326	444011633600565	444011621783951
444011638170045	444011658244211	444011646796920
444011660670305	444011674673950	444011660738639
444011671383795	444011682891502	444011671736868
444011688134889	444011699325148	444011688472701
444011704761086	444011723974107	444011710311086
444011727268118	444011740403742	444011727330826
444011738016607	444011748618846	444011738366451
444011754749211	444011765046451	444011755088170
444011771411607	444011797903742	444011782518795
444011795315461	444011806117753	444011795399264
444011804747857	444011822546867	444011805139576
444011821406920	444011838976659	444011821744888
444011838086451	444011863622024	444011848487961
444011862297336	444011880052545	444011862376868
444011871413326	444011888267440	444011871751607
444011888097024	444011904697701	444011888471138
444011904820774	444011929347440	444011915493638
444011928193482	444011945779940	444011928498326
444011938099368	444011953996867	444011938461607
444011954743482	444011970431815	444011955094420
444011971448795	444011995082961	444011981137388
444011994129680	444012011515669	444011994185461
444012004766451	444012019732857	444012005117388
444012021412024	444012036166815	444012021760513
444012038167649	444012060816502	444012045546243
444012061064732	444012077249420	444012061361451
444012071419420	444012085467336	444012071767076
444012088137857	444012101901502	444012088485357
444012104869576	444012126550982	444012113848743
444012127594263	444012142984836	444012127882701
444012138123170	444012151202440	444012138474368
444012154776763	444012167636554	444012155115982
444012171500826	444012192287596	444012179340357
444012194253482	444012208719523	444012194524368
444012204790826	444012216937283	444012205119836
444012221491295	444012233371658	444012221825305
444012238207232	444012258019523	444012243208013
444012260715826	444012274452544	444012260767076
444012271416451	444012282670148	444012271757649
444012288138117	444012299101972	444012288504420
444012304810930	444012323749836	444012310495305
444012327604107	444012340179731	444012327860045
444012338101607	444012356608169	444012338467388
444012354827701	444012373037544	444012355187232
444012371418170	444012397681399	444012384902701
444012388179263	444012405895930	444012388525357
444012411154836	444012422328221	444012411406451
444012421487232	444012438760877	444012421873482
444012438125461	444012455191711	444012438457649
444012454790461	444012479839835	444012466313794
444012477994680	444012496272909	444012478290826
444012488125669	444012504490461	444012488420149
444012504795305	444012520922648	444012505135617
444012521473899	444012545565929	444012530456867
444012544490357	444012561998117	444012544559732
444012554762649	444012570215617	444012555107544
444012571442388	444012586649314	444012571817232
444012588194107	444012611296607	444012595122857
444012610845513	444012627729523	444012610903169
444012621411607	444012635946137	444012621760930
444012638079888	444012652379888	444012638427492
444012654787388	444012677031190	444012661125774
444012677949211	444012693462857	444012678000669
444012688112076	444012701679159	444012688456867
444012704799524	444012718112232	444012705141607
444012721468638	444012742758586	444012727680201
444012744520982	444012759190773	444012744565149
444012754785774	444012767406294	444012755131867
444012771463169	444012783837908	444012771812388
444012788220930	444012808482440	444012794911242
444012810837024	444012824912127	444012810903013
444012821418326	444012833126867	444012821759263
444012838082232	444012849557231	444012838453638
444012854793638	444012874202023	444012859926242
444012878113586	444012890631763	444012878164680
444012888149107	444012898847700	444012888497232
444012904807388	444012915276345	444012905150826
444012921485201	444012939921711	444012927948794
444012944258013	444012956352543	444012944334523
444012954813794	9223372036854775807	444012955142388

POLL t=138.8 tick=2992
8333333
444022622019207	444022635739259	444022622358009
444022638693634	444022660393113	444022643394572
444022661413166	444022676828790	444022661463947
444022672034728	444022685046394	444022672354051
444022688654832	444022717911394	444022700316759
444022712767384	444022726126759	444022712830353
444022722017384	444022734342592	444022722361291
444022738696759	444022750774728	444022739027228
444022755393009	444022775427280	444022763450613
444022778159728	444022791860196	444022778209103
444022788702853	444022800076811	444022789051916
444022805372957	444022816510717	444022805726603
444022822054676	444022841158894	444022829584520
444022845038270	444022857590769	444022845099832
444022855382384	444022865805926	444022855740197
444022872083791	444022882238895	444022872404572
444022888718113	444022906891967	444022892774676
444022911243634	444022923324155	444022911301395
444022922026863	444022939754988	444022922240666
444022938661447	444022964405561	444022950465301
444022961526603	444022972621810	444022961574884
444022972050457	444022989054467	444022972380978
444022988707228	444023005487331	444022989050509
444023005344832	444023030134779	444023016621238
444023022101759	444023038350925	444023022896603
444023048211603	444023062995925	444023048278947
444023055321447	444023071210665	444023055797540
444023072095301	444023087642384	444023072448634
444023088709103	444023104076238	444023089988790
444023111282540	444023128724571	444023111359728
444023122019884	444023136939676	444023122367801
444023138702384	444023161585613	444023151090040
444023155393322	444023169802436	444023155865613
444023180705145	444023194449571	444023181047540
444023188700926	444023202665301	444023189050665
444023205366759	444023227311602	444023215936134
444023229173009	444023243744102	444023229225509
444023238700822	444023251960821	444023239048270
444023255378478	444023268392853	444023255727332
444023272081447	444023293042696	444023278421915
444023294878165	444023309475248	444023295236290
444023305397072	444023317690404	444023305734676
444023322057020	444023334125301	444023322397540
444023338721134	444023358775249	444023345808426
444023361360978	444023375206082	444023361417072
444023372110770	444023383422331	444023372395509
444023388708478	444023399854363	444023389053113
444023405389415	444023424503321	444023408629259
444023428348322	444023440937279	444023428722697
444023438663790	444023449154988	444023439054572
444023455399051	444023465589102	444023455744415
444023472064728	444023498456551	444023483559415
444023495965509	444023506673738	444023496026394
444023505334884	444023523108165	444023505689259
444023522005509	444023539542904	444023522433634
444023538659832	444023564197853	444023546824259
444023562324884	444023572417071	444023562384728
444023572107488	444023588853737	444023572442644
444023588725665	444023605288894	444023589060040
444023605424103	444023621723790	444023610781134
444023628330926	444023646369727	444023628712019
444023638677540	444023654586498	444023638847696
444023655338946	444023671019623	444023655682228
444023672138946	444023695670977	444023678450457
444023694527071	444023712104363	444023694588634
444023705363426	444023720321654	444023705713790
444023722027176	444023736757175	444023722519415
444023738719415	444023761407852	444023743808634
444023761341134	444023777837071	444023761428269
444023772081551	444023786051290	444023772409728
444023788691915	444023802482540	444023789044259
444023805434415	444023827128165	444023809454051
444023828525769	444023843561914	444023828834259
444023838803790	444023851777852	444023839292228
444023855393321	444023868210665	444023855735040
444023872215509	444023892858998	444023878218582
444023894475144	444023909292123	444023894722071
444023905407696	444023917510404	444023905741759
444023922068426	444023933945561	444023922405509
444023938770196	444023958598112	444023941504571
444023961918738	444023975029676	444023962201551
444023972187071	444023983246602	444023972499259
444023988767228	444023999679832	444023989090613
444024005482644	444024024330040	444024009164259
444024029536134	444024040758998	444024029863165
444024038743009	444024057189259	444024039103634
444024055418009	444024073620821	444024055758165
444024072125040	444024098267904	444024081386603
444024096176082	444024114701341	444024096464832
444024105423478	444024122918529	444024105765665
444024122098321	444024139351185	444024122487019
444024138837384	444024155782956	444024145289728
444024161427019	444024172215300	444024161718946
444024172096915	444024188648737	444024172442696
444024188802540	444024205080717	444024189144884
444024205498478	444024221512644	444024209955978
444024228624259	444024246159727	444024228943478
444024238764832	444024254377904	444024238953113
444024255445509	444024270808946	444024255785196
444024272197540	444024287240665	444024277454571
444024294550300	444024311892487	444024294824571
444024305413582	444024320108425	444024305756915
444024322126394	444024336539310	444024322590821
444024338775040	444024361187956	444024343668634
444024361893269	444024377620143	444024362197540
444024372124363	444024385835195	444024372472540
444024388739050	444024402265560	444024389079102
444024405438790	444024426910977	444024410626602
444024427824571	444024443342227	444024427892384
444024438732227	444024451559206	444024439072696
444024455409102	444024467991759	444024455781134
444024472101550	444024492638633	444024475442644
444024494469050	444024509069466	444024494521446
444024505386082	444024517284936	444024505727019
444024522083946	444024533716914	444024522426863
444024538746863	444024558368373	444024542853477
444024561719675	444024574798790	444024562087384
444024572304571	444024583014832	444024572508946
444024588733634	444024599443841	444024589070509
444024605447540	444024624089988	444024611853165
444024627915457	444024640518789	444024627996915
444024638740613	444024656951081	444024639073425
444024655397384	444024673384623	444024655738009
444024672122332	444024689816706	444024676185977
444024694491602	444024706247748	444024694576238
444024705379831	444024722678998	444024705728790
444024722048165	444024739113008	444024722397227

POLL t=149.0 tick=3143
8333333
444032972577068	444032988205557	444032972905193
444032989229880	444033004638265	444032989566078
444033005965037	444033021070349	444033009882380
444033028395974	444033045719203	444033028698110
444033039233005	444033053935766	444033039590818
444033055909828	444033070368369	444033056251078
444033072580818	444033086802119	444033076428318
444033095003787	444033111452744	444033095062016
444033105894412	444033119668994	444033106350505
444033122574255	444033136100088	444033122917485
444033139252485	444033160746546	444033146607693
444033161773630	444033177177536	444033161839568
444033172521130	444033185390505	444033172868422
444033189196287	444033201821443	444033189588891
444033205893162	444033226466339	444033208566443
444033228233630	444033242898005	444033228311755
444033239203787	444033251114775	444033239611703
444033255947172	444033267547693	444033256344724
444033272604412	444033292194776	444033282228162
444033295175974	444033308626650	444033295236703
444033305912328	444033316842172	444033306265505
444033322576755	444033333271442	444033322936234
444033339270818	444033357916963	444033342594255
444033361620662	444033374350192	444033361658474
444033372607693	444033390781755	444033372948787
444033389241912	444033407215661	444033389584099
444033405931912	444033423644827	444033410758630
444033428387849	444033440074515	444033428447068
444033439248318	444033456504567	444033439588630
444033455913474	444033472934984	444033456256703
444033472606755	444033489368734	444033476097380
444033494955193	444033505802640	444033495006443
444033505970036	444033522236390	444033506250141
444033522580922	444033538671650	444033522920349
444033539277693	444033555105192	444033543754672
444033561697224	444033571535974	444033561748318
444033572580036	444033587964255	444033572924984
444033589209984	444033604396130	444033589560193
444033605913734	444033620827796	444033609479255
444033628396599	444033645477119	444033628451911
444033639202536	444033653692380	444033639603943
444033655905297	444033670122901	444033656248786
444033672584984	444033686551859	444033675953161
444033695074568	444033711196442	444033695378786
444033705905609	444033719410869	444033706237693
444033722572536	444033735843526	444033722911859
444033739263109	444033752276390	444033742428422
444033761698005	444033776924359	444033761751859
444033772577693	444033785140453	444033772925036
444033789244411	444033801573369	444033789596547
444033805920974	444033826224775	444033808884359
444033828517536	444033842658213	444033828569255
444033839221859	444033850873786	444033839620766
444033855921130	444033867306286	444033856250036
444033872594515	444033891957379	444033876048474
444033895023265	444033908390661	444033895074099
444033905878630	444033916607588	444033906221599
444033922562953	444033933041495	444033922909099
444033939289099	444033957689515	444033940774880
444033962404359	444033974121703	444033962499255
444033972604880	444033990553056	444033972948265
444033989257849	444034006985036	444033989603734
444034005947224	444034023416702	444034012401547
444034028605922	444034039849463	444034028659984
444034039242536	444034056282120	444034039600453
444034055943161	444034072711703	444034056280818
444034072630453	444034089139776	444034079020818
444034095127849	444034105565869	444034095185974
444034105955192	444034121994515	444034106320505
444034122604880	444034138425244	444034122941234
444034139268942	444034154855921	444034142012380
444034161694099	444034179501598	444034161759828
444034172612015	444034187717953	444034172949515
444034189282067	444034212366963	444034200543317
444034211928890	444034228802223	444034211989567
444034222627640	444034237018057	444034222978474
444034239296703	444034253451234	444034239646599
444034255973161	444034278102588	444034260776442
444034278699567	444034294535505	444034278951078
444034289292067	444034302752432	444034289627536
444034305975192	444034327408005	444034317530036
444034327334567	444034343841651	444034327637953
444034339310922	444034352058785	444034339670974
444034355993630	444034368492275	444034356327536
444034372683265	444034393142484	444034381205661
444034395639099	444034409574775	444034395703317
444034405962692	444034417790712	444034406309099
444034422653422	444034434221182	444034422991599
444034439407380	444034458872223	444034443814255
444034462138474	444034475303473	444034462398161
444034472679099	444034483519671	444034473003317
444034489341547	444034499948317	444034489662953
444034505985817	444034524593265	444034508755453
444034528807171	444034541023525	444034529116755
444034539356078	444034557456130	444034539693005
444034555956442	444034573887223	444034556309359
444034572701234	444034590317848	444034580775609
444034595412171	444034606749150	444034595715974
444034605957536	444034623180660	444034606302224
444034622635661	444034639611755	444034622972953
444034641188161	444034656042953	444034643914567
444034663627849	444034680687900	444034663908786
444034674156130	444034688903005	444034674493421
444034690841442	444034713549567	444034703309255
444034713691130	444034729982640	444034714000140
444034724135296	444034738199151	444034724493734
444034740798005	444034754628577	444034741180973
444034757483473	444034779274775	444034763351911
444034780606598	444034795706181	444034780897171
444034790818005	444034803921754	444034791167015
444034807488421	444034820353005	444034807830505
444034824307692	444034845002796	444034828829203
444034846733473	444034861434723	444034846788734
444034857425765	444034869650296	444034857767171
444034874159098	444034886082536	444034874492223
444034890839880	444034910729254	444034899952692
444034913784671	444034927157796	444034913835192
444034924244567	444034935372484	444034924585973
444034940806130	444034951801286	444034941141703
444034957505609	444034976446546	444034963262953
444034980385817	444034992874358	444034980440505
444034990826703	444035009305087	444034991169723
444035007481286	444035025735244	444035007828317
444035024275921	444035042165765	444035029737067
444035046896286	444035058596546	444035046947015
444035057456442	444035075029619	444035057793578
444035074211130	444035091461598	444035074542536

POLL t=161.0 tick=3368
8333333
444044691341386	444044705232636	444044691670345
444044708035657	444044721665865	444044708355813
444044724670813	444044746317740	444044728483470
444044747438782	444044762754406	444044747489720
444044758019511	444044770972063	444044758362688
444044774675501	444044787406490	444044775118157
444044791357688	444044812059615	444044798094251
444044814156386	444044828496594	444044814215293
444044824689511	444044836714720	444044825028886
444044841309720	444044853151698	444044841660345
444044858033886	444044877804876	444044861133157
444044880814563	444044894238782	444044881207688
444044891351751	444044902456229	444044891701282
444044908037793	444044918892219	444044908446751
444044924755188	444044951762844	444044935807532
444044948778105	444044959981595	444044948840136
444044958008626	444044976415135	444044958352168
444044974674980	444044992848781	444044975061126
444044991344355	444045009284095	444044998500188
444045014229980	444045025721959	444045014290501
444045024702532	444045042159251	444045025045292
444045041338574	444045058596750	444045041677949
444045058007688	444045083252740	444045065791126
444045081277063	444045091468990	444045081342480
444045091310449	444045107903209	444045091674407
444045108066230	444045124339876	444045108374876
444045124732063	444045140776959	444045129834095
444045147266074	444045157213261	444045147328313
444045158026282	444045173649979	444045158367063
444045174695917	444045190085604	444045175060970
444045191387220	444045214739458	444045196823105
444045213933626	444045231175969	444045213994407
444045224664824	444045239394875	444045225013417
444045241323417	444045255828625	444045241679251
444045258038105	444045280481334	444045262524094
444045280765657	444045296917219	444045281080813
444045291300188	444045305135292	444045291664876
444045308042532	444045321571855	444045308384094
444045324696907	444045346227532	444045332435188
444045347333469	444045362663521	444045347373001
444045358025813	444045370881907	444045358366126
444045374691386	444045387318209	444045375088782
444045391385657	444045411971594	444045394907688
444045413996907	444045428404355	444045414052167
444045424763469	444045436620240	444045425107688
444045441361751	444045453053730	444045441688313
444045458040917	444045477705500	444045461394719
444045480542532	444045494140761	444045480628417
444045491305917	444045502358469	444045491725188
444045508074719	444045518796073	444045508429355
444045524707011	444045551669042	444045535818417
444045548545501	444045559887532	444045548610917
444045558030605	444045576321542	444045558372532
444045574689042	444045592757480	444045575067844
444045591364407	444045609192271	444045598337167
444045613874876	444045625626698	444045613929251
444045624696438	444045642064459	444045625037532
444045641362844	444045658502740	444045641701699
444045658053574	444045674938104	444045661831751
444045680643001	444045691375032	444045681011126
444045691293626	444045707811385	444045691677532
444045708078313	444045724247427	444045708414980
444045724726542	444045748899823	444045732455136
444045747408157	444045765336489	444045747463626
444045758005605	444045773555812	444045758404563
444045774698469	444045789993417	444045775046855
444045791374407	444045806429042	444045795490501
444045813930813	444045831086750	444045814011594
444045824680501	444045839305813	444045825030344
444045841378001	444045855746021	444045841728469
444045858076438	444045872187166	444045862202844
444045880664251	444045896846438	444045880937219
444045891344875	444045905065708	444045891726907
444045908093469	444045921504094	444045908402375
444045924717219	444045946161073	444045932375448
444045947285136	444045962598573	444045947348157
444045958031907	444045970817271	444045958370657
444045974699875	444045987254458	444045975051542
444045991405032	444046011911020	444046001038938
444046013836073	444046028349458	444046014104094
444046024719407	444046036568833	444046025060605
444046041412688	444046053008000	444046041763625
444046058087844	444046077661333	444046062895188
444046081420657	444046094095604	444046081722219
444046091372480	444046102312531	444046091719563
444046108063886	444046118747010	444046108393000
444046124723730	444046151622219	444046134355032
444046149148000	444046159842635	444046149455813
444046158076698	444046176282114	444046158414980
444046174754511	444046192723520	444046175095813
444046191400605	444046217382895	444046200915292
444046215144980	444046225601490	444046215211594
444046224748938	444046242038104	444046225103625
444046241425292	444046258477010	444046241741750
444046258138469	444046283133469	444046266030188
444046281690344	444046299571750	444046281968573
444046291343730	444046307791959	444046291825344
444046308118313	444046324228989	444046308454042
444046324829823	444046340664250	444046331090500
444046347737167	444046365319926	444046348039354
444046358055136	444046373538417	444046358446750
444046374710813	444046389978104	444046375044354
444046391421282	444046414636542	444046397515969
444046413827375	444046431073260	444046413919875
444046424678469	444046439291281	444046425034198
444046441366542	444046455728052	444046441714979
444046458015344	444046480383416	444046463478469
444046481619823	444046496820187	444046481713938
444046491356229	444046505039874	444046491804563
444046508109875	444046521477011	444046508417167
444046524734407	444046546131802	444046532244511
444046547036906	444046562566750	444046547090344
444046558049250	444046570785343	444046558390031
444046574726281	444046587220344	444046575102688
444046591399094	444046611878520	444046595392219
444046613824198	444046628317843	444046613907479
444046624702531	444046636536958	444046625049563
444046641396854	444046652972896	444046641732479
444046658067323	444046677629823	444046662168417
444046680851854	444046694068312	444046680910656
444046691353781	444046702286438	444046691716438
444046708137375	444046718723781	444046708477948
444046724772844	444046743375916	444046731520031
444046747098729	444046759810344	444046747362375
444046758070604	444046776246229	444046758393781
444046774721594	444046792684667	444046775111698
444046791450031	9223372036854775807	444046796103156

POLL t=172.9 tick=3519
8333333
444056608436121	444056621883360	444056608785028
444056625136903	444056638313725	444056625467059
444056641799246	444056662959663	444056647632528
444056664695653	444056679389455	444056664758726
444056675125028	444056687604662	444056675456538
444056691795809	444056704034090	444056692151746
444056708466903	444056728676693	444056711889507
444056731194403	444056745104506	444056731252215
444056741803413	444056753319819	444056742001903
444056758436903	444056769748725	444056758804507
444056775285965	444056794396121	444056779778465
444056797717684	444056810825132	444056798032632
444056808469715	444056819039559	444056808808934
444056825135913	444056835469663	444056825485340
444056841803725	444056860113100	444056846712840
444056864909819	444056876541382	444056865251850
444056875088621	444056892972215	444056875442684
444056891795496	444056909404298	444056892143725
444056908478569	444056925832735	444056915327215
444056931095600	444056942262058	444056931145809
444056941759090	444056958691798	444056942101225
444056958423309	444056975119818	444056958806903
444056975078621	444056991549194	444056979210809
444056997978725	444057016192162	444056998048621
444057008451434	444057024407214	444057008832371
444057025129402	444057040837266	444057025465027
444057041820809	444057065482111	444057052548777
444057064635340	444057081909923	444057064690444
444057075124246	444057090124298	444057075474715
444057091795965	444057106552475	444057092137059
444057108476590	444057131196693	444057114958934
444057131178725	444057147627111	444057131389246
444057141802996	444057155843308	444057142156225
444057158471850	444057172275548	444057158826277
444057175137007	444057196928048	444057181514246
444057197765340	444057213360392	444057197815288
444057208464975	444057221576850	444057208827371
444057225146902	444057238006172	444057225498725
444057241811590	444057262652996	444057249799246
444057264598152	444057279082943	444057264659194
444057275115132	444057287297267	444057275464819
444057291813152	444057303726173	444057292151538
444057308485027	444057328370131	444057312652371
444057331029350	444057344798517	444057331096121
444057341800496	444057353011538	444057342147840
444057358488309	444057369437996	444057358831590
444057375157163	444057394078412	444057379211121
444057397595288	444057410507423	444057397655132
444057408461746	444057426935860	444057408803413
444057425137319	444057443366016	444057425479246
444057441819246	444057459795287	444057445908882
444057464503465	444057476225391	444057464573881
444057475102944	444057492656120	444057475496538
444057491810340	444057509087215	444057492147215
444057508491121	444057525516485	444057515974402
444057530823621	444057541947266	444057530875027
444057541815184	444057558377527	444057542172944
444057558524350	444057574808464	444057558818465
444057575155809	444057591240287	444057579415809
444057597433725	444057615885079	444057597564923
444057608444663	444057624100340	444057608787996
444057625092319	444057640531068	444057625447059
444057641852059	444057656961746	444057645987215
444057664315600	444057681608256	444057664370756
444057675073413	444057689823829	444057675427475
444057691785496	444057706254974	444057692136746
444057708452996	444057730902891	444057713824558
444057730905183	444057747332996	444057731157631
444057741828933	444057755548256	444057742164246
444057758511694	444057771976069	444057758843621
444057775221381	444057796618829	444057779534871
444057797604194	444057813050079	444057797892527
444057808493465	444057821264662	444057808830808
444057825180600	444057837696016	444057825510965
444057841852683	444057862342631	444057844935444
444057865003621	444057878773360	444057865271694
444057875151225	444057886987631	444057875496746
444057891882683	444057919838152	444057902165444
444057915235183	444057928051017	444057915297996
444057925184090	444057936264975	444057925526746
444057941851746	444057952693256	444057942185652
444057958561225	444057977336121	444057963418308
444057981063777	444057993765079	444057981321746
444057991861850	444058010195079	444057992185808
444058008494402	444058026625287	444058008838777
444058025226590	444058043055391	444058030193152
444058047697319	444058059485547	444058047986433
444058058491902	444058075915964	444058058841225
444058075144715	444058092346172	444058075489246
444058091944402	444058108776224	444058096472163
444058114245652	444058125206277	444058114540600
444058125203777	444058141632266	444058125539402
444058141843100	444058158059715	444058142172162
444058158567944	444058182703672	444058166499558
444058181122058	444058199132058	444058181177058
444058191825183	444058207345912	444058191994558
444058208509194	444058223774193	444058208844715
444058225263777	444058240205599	444058230328621
444058247532631	444058264850235	444058247817944
444058258450912	444058273063777	444058258792840
444058275187944	444058297702318	444058287177683
444058291871694	444058305916432	444058292139402
444058317317215	444058330556589	444058317379975
444058325148256	444058338771432	444058325493308
444058341863933	444058363418411	444058351043464
444058364482371	444058379847579	444058364729871
444058375156433	444058388062735	444058375487839
444058391833256	444058404492943	444058392158152
444058408538464	444058429137266	444058412529819
444058431030756	444058445571328	444058431082527
444058441776537	444058453789141	444058442127996
444058458467944	444058470223933	444058458810131
444058475164246	444058494876693	444058483214871
444058497733621	444058511310235	444058497785652
444058508486121	444058519526798	444058508841902
444058525160444	444058535959349	444058525500183
444058541836850	444058560607422	444058545143100
444058564273569	444058577042318	444058564657319
444058575133777	444058593477110	444058575478308
444058591782214	444058609910131	444058592143933
444058608570808	444058626344350	444058614509037
444058631791433	444058642778881	444058632149714
444058641802475	444058659212578	444058642150339
444058658450183	444058675646485	444058658805964
444058675164402	444058692079349	444058681865287
444058697714089	444058708510235	444058697781902
444058708460496	9223372036854775807	444058708806850

POLL t=184.8 tick=3670
8333333
444068342259346	444068362076690	444068347078461
444068364955179	444068378510023	444068365004711
444068375574034	444068386726898	444068375933304
444068392281221	444068403156533	444068392550648
444068408932992	444068427802210	444068414287054
444068431557159	444068444232314	444068431616898
444068442247367	444068460664919	444068442586898
444068458901065	444068477096324	444068459246117
444068475610961	444068493524554	444068482923461
444068498528929	444068509952262	444068498589659
444068508901273	444068526382054	444068509286221
444068525565492	444068542811117	444068525917367
444068542255752	444068559240127	444068548692992
444068565103617	444068575672106	444068565158096
444068575591742	444068592103773	444068575934034
444068592330284	444068608533096	444068592673304
444068608879658	444068633179345	444068616110648
444068631476742	444068649609814	444068631535492
444068642245804	444068657825231	444068642582471
444068658924867	444068674255648	444068659307992
444068675615596	444068698897054	444068682477679
444068698465336	444068715325075	444068698532836
444068708920961	444068723539814	444068709273565
444068725575961	444068739967783	444068725915804
444068742242367	444068764611586	444068748875023
444068764925804	444068781040595	444068765002054
444068775580961	444068789253981	444068775915752
444068792266429	444068805683252	444068792627471
444068808929190	444068830330908	444068815787992
444068831392835	444068846765023	444068831713877
444068842218408	444068854983096	444068842560127
444068858927054	444068871417575	444068859256065
444068875619502	444068896067419	444068883778460
444068898900960	444068912498980	444068898945023
444068908921585	444068920715387	444068909271221
444068925580752	444068937144971	444068925941273
444068942234242	444068961792210	444068948167523
444068964842940	444068978226012	444068964909815
444068975553721	444068986442887	444068975904554
444068992220179	444069002876585	444068992570804
444069008941533	444069027526793	444069014988252
444069031500492	444069043960752	444069031583460
444069042253408	444069060394710	444069042593460
444069058928877	444069076828980	444069059300960
444069075734085	444069093262835	444069082660335
444069098541429	444069109698043	444069098584710
444069108935804	444069126133929	444069109272835
444069125603148	444069142569710	444069125944398
444069142282054	444069159002314	444069149081898
444069164754554	444069175434397	444069164812783
444069175603565	444069191867835	444069175937210
444069192300908	444069208300960	444069192628148
444069209011585	444069232948773	444069215670804
444069231684242	444069249381064	444069231760023
444069242261742	444069257596533	444069242603721
444069258935335	444069274029033	444069259275960
444069275621064	444069298678095	444069282195908
444069299132471	444069315112887	444069299420179
444069308925960	444069323330647	444069309269085
444069325647627	444069339764814	444069326000908
444069342317679	444069364413876	444069349820492
444069365153877	444069380844554	444069365214189
444069375636898	444069389060282	444069375976117
444069392317627	444069405491533	444069392648877
444069408992002	444069430138460	444069415635023
444069431541585	444069446568980	444069431605179
444069442303564	444069454785127	444069442635023
444069458948148	444069471216637	444069459309085
444069475706116	444069495863147	444069482879710
444069498660960	444069512294397	444069498715283
444069508964710	444069520510231	444069509330804
444069525668148	444069536941845	444069526007210
444069542375648	444069561588668	444069548618252
444069564855179	444069578018043	444069564915648
444069575672679	444069586232522	444069576059814
444069592347835	444069602661428	444069592675127
444069609073304	444069627305907	444069615565648
444069631679866	444069643736637	444069631961429
444069642385804	444069660169553	444069642733304
444069658995648	444069676603928	444069659344189
444069675697210	444069701251220	444069685119241
444069699587054	444069717683772	444069699680491
444069709117054	444069725899710	444069709355439
444069725688460	444069742332835	444069726037523
444069742539189	444069766978772	444069749880960
444069765893929	444069783409762	444069765947054
444069775711898	444069791625908	444069775886064
444069792416221	444069808057626	444069792758721
444069809130648	444069832707418	444069816450491
444069831591116	444069849142835	444069831868408
444069842396585	444069857362002	444069842758408
444069859074033	444069873794710	444069859410804
444069875792835	444069898446689	444069884282627
444069898210491	444069914881481	444069898566429
444069909059085	444069923098772	444069909403616
444069925846741	444069939533147	444069926181533
444069942444710	444069964182887	444069947919710
444069965044085	444069980617158	444069965353720
444069975733304	444069988834605	444069976099554
444069992402054	444070005265751	444069992731273
444070009139554	444070029913772	444070015396741
444070031464085	444070046346532	444070031531116
444070042392158	444070054563720	444070042861533
444070059060283	444070070997731	444070059391116
444070075764866	444070095644918	444070083135179
444070098176898	444070112077365	444070098241585
444070109046533	444070120292626	444070109414866
444070125705127	444070136725022	444070126056533
444070142415179	444070161375438	444070147805335
444070165018772	444070177809814	444070165128720
444070175724033	444070194243564	444070176083460
444070192413720	444070210677105	444070192732210
444070209112835	444070235325386	444070219745127
444070233030439	444070243540543	444070233090647
444070242404085	444070259972730	444070242736741
444070259054866	444070276405699	444070259416845
444070275742991	444070301058720	444070285005179
444070299590491	444070317493616	444070299667002
444070309088929	444070325711272	444070309901845
444070325721064	444070342143929	444070326064866
444070342504085	444070366794553	444070351742054
444070365129189	444070383228981	444070365259502
444070375682054	444070391446376	444070376036272
444070392421429	444070407880491	444070392760804
444070409054970	444070432531480	444070417389033
444070431461585	444070448962678	444070431531689
444070442366064	9223372036854775807	444070442727679

POLL t=196.5 tick=3896
8333333
444080242809498	444080257879185	444080243144081
444080259493092	444080282519914	444080265646269
444080281935644	444080298950122	444080281987519
444080292800175	444080307165695	444080293141217
444080309460123	444080323596008	444080309806998
444080326149810	444080340025800	444080330336112
444080348613873	444080364669185	444080348682779
444080359433456	444080372883455	444080359838612
444080376170956	444080389313299	444080376545644
444080392849706	444080413955174	444080396931841
444080415152362	444080430385382	444080415209029
444080426166060	444080438601268	444080426524706
444080442845279	444080455032674	444080443196998
444080459547987	444080479679132	444080462594081
444080481810748	444080496111008	444080481878456
444080492879654	444080504328247	444080493277779
444080509531529	444080520761320	444080509870435
444080526186060	444080553628768	444080536558248
444080549771529	444080561846268	444080549822519
444080559510956	444080570062518	444080559865956
444080576173612	444080586496060	444080576518300
444080592880956	444080611146945	444080598389550
444080615224966	444080627580330	444080615282154
444080626202362	444080644015955	444080626540435
444080642854081	444080660450330	444080643198248
444080659594550	444080676880434	444080663625435
444080681858456	444080693310695	444080681928300
444080692870956	444080709739966	444080693212518
444080709528925	444080726168820	444080709882518
444080726223248	444080742600747	444080732125800
444080748691216	444080767247622	444080748771425
444080759533925	444080775463976	444080759911268
444080776221581	444080791896736	444080776560123
444080792873873	444080808328091	444080797435175
444080815230643	444080832974758	444080815300018
444080826119706	444080841190174	444080826479237
444080842819966	444080857618351	444080843158248
444080859537623	444080882259601	444080866144654
444080882034498	444080898688351	444080882081737
444080892856112	444080906904341	444080893199237
444080909542206	444080923334029	444080909880435
444080926208768	444080939765538	444080930015175
444080948778456	444080964415538	444080948827466
444080959520956	444080972632102	444080959906998
444080976206268	444080989063612	444080976551841
444080992880643	444081013707101	444080996508456
444081015213091	444081030136268	444081015314706
444081026109237	444081038350487	444081026471425
444081042824185	444081054779497	444081043176581
444081059519966	444081079424705	444081065698247
444081081881268	444081095852934	444081081940800
444081092822675	444081104065382	444081093171112
444081109520435	444081120490435	444081109877362
444081126225800	444081145134497	444081128567518
444081148666268	444081161563091	444081148724810
444081159516581	444081177993663	444081159967362
444081176256737	444081194424549	444081176561112
444081192891893	444081219072153	444081203373925
444081217163456	444081235505903	444081217220591
444081226252779	444081243721529	444081226515331
444081242841685	444081260153560	444081243189706
444081259621997	444081276585331	444081266682466
444081281957049	444081293017518	444081282055643
444081292881893	444081309449185	444081293243716
444081309602622	444081325882310	444081309912049
444081326300747	444081342316059	444081329730174
444081348727206	444081366966736	444081349000279
444081359544706	444081375185017	444081359931893
444081376242362	444081391623507	444081376571529
444081392958612	444081408060278	444081397581997
444081415116112	444081432715695	444081415167622
444081426204706	444081440932622	444081426561424
444081442876112	444081457366060	444081443232362
444081459634549	444081473800851	444081463769862
444081482023612	444081498450330	444081482303456
444081492892154	444081506666111	444081493230331
444081509576112	444081523097101	444081509910174
444081526307831	444081547745330	444081529912622
444081548706581	444081564178871	444081548775435
444081559563404	444081572395278	444081559910331
444081576220487	444081588825851	444081576562987
444081592997622	444081613470903	444081595865487
444081615330435	444081629901893	444081615617674
444081626256268	444081638116944	444081626585643
444081642942518	444081654546789	444081643260331
444081659628091	444081679193246	444081664723091
444081682065331	444081695622310	444081682349393
444081692914393	444081703836424	444081693251372
444081709602831	444081720263247	444081709930331
444081726324706	444081744906892	444081729457987
444081748678612	444081761335799	444081748744706
444081759660018	444081777765122	444081759905331
444081776234237	444081802404340	444081789915331
444081792898456	444081810616476	444081793192362
444081818915903	444081835259340	444081818976581
444081826221581	444081843475695	444081827426893
444081842925591	444081859909966	444081843334237
444081859561997	444081876342465	444081863906372
444081882174028	444081892774601	444081882243560
444081892956268	444081909209914	444081893360278
444081909572518	444081925646059	444081909914810
444081926299497	444081950299288	444081934378716
444081949112935	444081966733142	444081949177049
444081959574653	444081974950018	444081959746685
444081976246424	444081991382934	444081976591997
444081992894393	444082007814809	444081996817935
444082015246060	444082032463455	444082015308924
444082026231685	444082040680590	444082026579810
444082042900591	444082057112674	444082043230018
444082059589549	444082081760174	444082064483143
444082082010591	444082098192726	444082082270174
444082092874497	444082106408247	444082093267466
444082109553247	444082122839393	444082109888612
444082126235643	444082147485435	444082130151997
444082148624237	444082163914549	444082148684185
444082159556841	444082172128871	444082159948403
444082176255174	444082188560225	444082176600643
444082192905955	444082213203298	444082196556893
444082215184497	444082229633090	444082215248247
444082226221737	444082237848195	444082226564237
444082242906737	444082254276997	444082243236685
444082259572830	444082278919184	444082263137518
444082282595018	444082295345018	444082282958299
444082292915903	444082303558871	444082293359705
444082309677518	444082319987465	444082310163768
444082326221268	9223372036854775807	444082340535018
444082342920278	9223372036854775807	444082343292987

POLL t=208.6 tick=4047
8333333
444092376678399	444092392020378	444092376852827
444092393407045	444092408453920	444092393738764
444092410050952	444092433103295	444092416414962
444092432933295	444092449535847	444092432981264
444092443376837	444092457753138	444092443707618
444092460121420	444092474186316	444092460422462
444092476737826	444092498835326	444092482877514
444092499249181	444092515266993	444092499541889
444092510041733	444092523482097	444092510436212
444092526719233	444092539913086	444092527051264
444092543385326	444092564566159	444092553833399
444092566103556	444092580998503	444092566165014
444092576688608	444092589215586	444092577033608
444092593353451	444092605652201	444092593695587
444092610032201	444092630307149	444092617123451
444092633141837	444092646742462	444092633204076
444092643310639	444092654960118	444092643669806
444092660028243	444092671394909	444092660373451
444092676759806	444092696047097	444092685276108
444092699307670	444092712479493	444092699373764
444092710021993	444092720696211	444092710408139
444092726678139	444092737129128	444092727027358
444092743359337	444092761782565	444092751759545
444092766224858	444092778218868	444092766280170
444092776696264	444092794654648	444092777048764
444092793393087	444092811093607	444092793744389
444092810065795	444092835749753	444092819636889
444092833714649	444092843967149	444092833763451
444092843388868	444092860401576	444092843734389
444092860106264	444092876838867	444092860452983
444092876738868	444092901492357	444092884647983
444092899473243	444092909711576	444092899518139
444092910068451	444092926148555	444092910416264
444092926734858	444092942587045	444092927134389
444092943396420	444092967240065	444092955187045
444092966115326	444092983675638	444092966169545
444092976719076	444092991892930	444092977072462
444092993389701	444093008326367	444092993727358
444093010071368	444093032980847	444093017714076
444093032798243	444093049415118	444093032854337
444093043389337	444093057632045	444093043731420
444093060111837	444093074065950	444093060461108
444093076735951	444093098718555	444093082619701
444093099346264	444093115153139	444093099408399
444093110051576	444093123369961	444093110388868
444093126755639	444093139804909	444093127112826
444093143416576	444093164458399	444093154040482
444093166188139	444093180893086	444093166236576
444093176729649	444093189109909	444093177058764
444093193401420	444093205546732	444093193743764
444093210080587	444093230203867	444093215642357
444093232872514	444093246642201	444093232926576
444093243387357	444093254861368	444093243740482
444093260073555	444093271297149	444093260417826
444093276757618	444093295952565	444093283088295
444093299210951	444093312385742	444093299293139
444093310033607	444093328819649	444093310390170
444093326734493	444093345253346	444093327079701
444093343409857	444093369904545	444093353421524
444093367602201	444093378122774	444093367653868
444093376733399	444093394558347	444093377074545
444093393400899	444093410991107	444093393766524
444093410097826	444093435644909	444093419117201
444093434016732	444093443862670	444093434065118
444093443414545	444093460297565	444093443640118
444093460106212	444093476732774	444093460552357
444093476772826	444093501385586	444093484387357
444093499193920	444093509602617	444093499256732
444093510093451	444093526037148	444093510440326
444093526739961	444093542471941	444093527075586
444093543521055	444093567121524	444093554651836
444093566698607	444093583556419	444093566777826
444093576713295	444093591773659	444093577057514
444093593473451	444093608208451	444093593784649
444093610142357	444093632858555	444093617899701
444093633008920	444093649290534	444093633263555
444093643360795	444093657507773	444093643609493
444093660152670	444093673942982	444093660475118
444093676821420	444093698596315	444093684909076
444093699877045	444093715030898	444093700157670
444093710075430	444093723247930	444093710420795
444093726785430	444093739681992	444093727137305
444093743432774	444093764332721	444093752074388
444093766427930	444093780765170	444093766489857
444093776739857	444093788981054	444093777097201
444093793427982	444093805415065	444093793759857
444093810141576	444093830064857	444093818358711
444093832982618	444093846495586	444093833046836
444093843446680	444093854712096	444093843791888
444093860156888	444093871144544	444093860495795
444093876780951	444093895792304	444093882003555
444093899497513	444093912223606	444093899768868
444093910094232	444093928656575	444093910439336
444093926764857	444093945087148	444093927114024
444093943468138	444093969730378	444093953970638
444093968220326	444093986161107	444093968280899
444093976774388	444093994377097	444093977014024
444093993432357	444094010805898	444093993772201
444094010087513	444094035450638	444094019726993
444094034066107	444094051880898	444094034117982
444094043373555	444094060096628	444094044111263
444094060152774	444094076529857	444094060455482
444094076806888	444094101180585	444094084853295
444094099925326	444094117616419	444094100220482
444094110079701	444094125833763	444094110250795
444094126761888	444094142266472	444094127104232
444094143433086	444094166918294	444094154344076
444094166053086	444094183354909	444094166122513
444094176760795	444094191573867	444094177103555
444094193430013	444094208005846	444094193758295
444094210094076	444094232652825	444094216397201
444094233050326	444094249080690	444094233336420
444094243426263	444094257296211	444094243780326
444094260133086	444094273726731	444094260490326
444094276770795	444094298372148	444094283257982
444094299506732	444094314801992	444094299564232
444094310099545	444094323017044	444094310455117
444094326778242	444094339446576	444094327122826
444094343449388	444094364090221	444094349123555
444094366279076	444094380520533	444094366340274
444094376757305	444094388736627	444094377105013
444094393431888	444094405165637	444094393770638
444094410098867	444094429813919	444094415785951
444094433332669	444094446245482	444094433633607
444094443433763	444094454461575	444094443867513
444094460073451	444094470894492	444094460432982
444094476950169	9223372036854775807	444094486047826

POLL t=220.5 tick=4284
8333333
444104127056364	444104140828916	444104127313603
444104150031572	444104165484592	444104150082614
444104160386103	444104173703915	444104160729332
444104177066103	444104190141415	444104177319228
444104199903447	444104214797666	444104199959072
444104210385009	444104231233446	444104217205322
444104227044384	444104239452092	444104227428395
444104249886572	444104264107249	444104249940791
444104260369020	444104280546363	444104265595947
444104277058864	444104288764280	444104277411416
444104299881520	444104313418603	444104299962509
444104310385947	444104321636988	444104310723291
444104327066728	444104338072509	444104327322145
444104349873395	444104362726624	444104349935166
444104360408291	444104379159957	444104365386259
444104377087822	444104395593655	444104377404801
444104400025478	444104412027092	444104400075947
444104410393447	444104428462509	444104417486832
444104427065739	444104444897248	444104427404489
444104450152822	444104461333082	444104450220478
444104460395634	444104477768499	444104466686416
444104477068603	444104494201780	444104477409228
444104499793551	444104510635790	444104500138447
444104510400947	444104527072093	444104510827197
444104527062666	444104543508447	444104527324020
444104549811520	444104559944956	444104549871520
444104560400895	444104576382248	444104560736989
444104577060634	444104592818603	444104577397978
444104593733759	444104609254176	444104593802509
444104617905426	444104633905790	444104618227509
444104627032666	444104642124488	444104627379957
444104643709072	444104666779644	444104650851103
444104666300634	444104683218081	444104666374332
444104677058395	444104691436051	444104677406259
444104693696520	444104707870634	444104694047353
444104710410738	444104724304957	444104711461884
444104733127145	444104748952561	444104733185009
444104743724072	444104757167873	444104744066988
444104760401363	444104781814332	444104769060791
444104783899228	444104798245530	444104784166728
444104793751572	444104806461207	444104794197197
444104810426207	444104822895009	444104810766363
444104827081572	444104847543186	444104836366572
444104850076103	444104863977353	444104850132301
444104860405738	444104872195009	444104860744541
444104877078915	444104888626883	444104877420634
444104893757353	444104905059644	444104894899488
444104916768759	444104929707561	444104916821988
444104927075738	444104937922925	444104927436832
444104943751832	444104962574383	444104951646676
444104966401520	444104979010686	444104966458863
444104977082978	444104987228810	444104977430895
444104993745738	444105011883811	444104994079801
444105010416572	444105028321102	444105013579384
444105033133447	444105044755478	444105033188863
444105043731363	444105061190061	444105044071728
444105060374332	444105085842300	444105068655165
444105083956415	444105102277352	444105084063551
444105093715478	444105110495113	444105094394228
444105110412197	444105126930165	444105110671572
444105133170270	444105143364175	444105133251363
444105143765009	444105159798498	444105144094540
444105160423238	444105176233290	444105160669072
444105183417301	444105200883394	444105183782197
444105193726728	444105209101623	444105194066259
444105210403863	444105225537040	444105210658603
444105227095478	444105241972092	444105227409332
444105251944645	444105266624019	444105252066884
444105260379801	444105274842040	444105260724020
444105277080895	444105299497457	444105283577665
444105300271728	444105315934279	444105300572926
444105310408290	444105324151415	444105310814384
444105327083603	444105340587612	444105327344853
444105349854957	444105365240217	444105350138759
444105360413447	444105381673654	444105366924384
444105377110426	444105389889696	444105377448759
444105399841415	444105414540530	444105400127040
444105410425426	444105430972821	444105416310322
444105427100322	444105439189072	444105427444176
444105450172197	444105463837457	444105450425322
444105460392197	444105480273863	444105466652144
444105477156103	444105488491154	444105477480322
444105500104540	444105513139748	444105500369228
444105510422769	444105529572509	444105517053759
444105527120478	444105537789592	444105527457769
444105550000634	444105562437768	444105550262196
444105560423915	444105578868915	444105567125478
444105577114696	444105595302457	444105577456676
444105599905478	444105611735634	444105600253238
444105610465426	444105628166675	444105610795165
444105627087926	444105644597665	444105627430738
444105649917040	444105661029853	444105649968603
444105660463446	444105677464852	444105660842196
444105677090894	444105693895946	444105677444696
444105693847196	444105710330841	444105694621415
444105717414071	444105734981155	444105717681259
444105727069644	444105743197091	444105727335165
444105743760478	444105767842977	444105749926103
444105766521571	444105784269384	444105766655113
444105777119540	444105792483915	444105777504176
444105793834696	444105808915269	444105794149019
444105810501728	444105825345321	444105811225738
444105835444176	444105849992404	444105835523238
444105843790009	444105858210634	444105844167353
444105860456519	444105882858811	444105864844488
444105883941988	444105899290321	444105884228863
444105893765634	444105907505634	444105894201676
444105910513603	444105923934227	444105910875165
444105927088394	444105940365268	444105927387926
444105943748290	444105956797404	444105944076259
444105968531103	444105981446936	444105968597613
444105977098238	444105989662925	444105977431884
444105993777040	444106014307665	444105999094488
444106016590894	444106030737456	444106016644696
444106027102509	444106038952457	444106027500582
444106043804384	444106063596675	444106050808759
444106066472978	444106080027092	444106066540165
444106077100165	444106088243810	444106077504071
444106093782353	444106104674071	444106094117196
444106110449228	444106121106258	444106110769853
444106135270113	444106145752040	444106135337769
444106143771675	444106162180477	444106144122978
444106160458603	444106178611154	444106165696728
444106182834800	444106195040477	444106182893290
444106193768915	444106211470529	444106194153602
444106210465477	444106227902716	444106218000165
444106233703915	9223372036854775807	444106233771727

POLL t=231.9 tick=4462
8333333
444115644436568	444115660835057	444115645080005
444115661061255	444115677264015	444115661407818
444115677734172	444115693694588	444115678151672
444115702305943	444115718337193	444115702374536
444115711067818	444115726550630	444115711409536
444115727770266	444115742979640	444115728073130
444115754243599	444115767620578	444115754400422
444115761070266	444115784049380	444115767266255
444115783807141	444115800477244	444115784235422
444115794404172	444115808690942	444115794751880
444115811121359	444115825122661	444115811574484
444115827762505	444115841556203	444115828103859
444115850538130	444115866202557	444115850881568
444115861091568	444115874421098	444115861532453
444115877801411	444115890858963	444115878254693
444115894428130	444115915510473	444115898003547
444115917495890	444115931946255	444115917827036
444115927757818	444115940164172	444115928227661
444115944437349	444115956597608	444115944781568
444115961122974	444115973031098	444115961418911
444115987313234	444115997682453	444115987377349
444115994407818	444116014116931	444115999342609
444116016972817	444116030551254	444116017025942
444116027776880	444116038769536	444116028132036
444116044432505	444116055203650	444116044800057
444116069718703	444116088070473	444116069776567
444116077733599	444116104503077	444116086700630
444116101255474	444116112720108	444116101327349
444116111054536	444116129150889	444116111450630
444116127761880	444116145582817	444116128180942
444116144434067	444116162014432	444116144714536
444116170220265	444116186660317	444116170435630
444116177766411	444116194876462	444116185069692
444116200355578	444116211308858	444116200643599
444116211069224	444116227741932	444116211472661
444116227744224	444116252388806	444116235731724
444116249932661	444116260604692	444116249998286
444116261063078	444116277038286	444116261406515
444116277711359	444116301686984	444116286625942
444116300237661	444116318119692	444116300400630
444116311050422	444116326337192	444116311405422
444116327706984	444116350986983	444116336305317
444116350249380	444116367420109	444116350325109
444116361070474	444116375636306	444116361420630
444116377743599	444116400282817	444116387775630
444116400811099	444116416712661	444116400863547
444116411110786	444116424929379	444116411490265
444116427798599	444116449577139	444116437700942
444116450544953	444116466009171	444116450581255
444116461112817	444116474225942	444116461460942
444116477787921	444116498876463	444116485385161
444116500542349	444116515309431	444116500604536
444116511074849	444116523526203	444116511431671
444116527738234	444116548177661	444116534532921
444116550257817	444116564610942	444116550320317
444116561113911	444116572827713	444116561447036
444116577806203	444116597479848	444116584101099
444116600425786	444116613911463	444116600802349
444116611049067	444116622126410	444116611404015
444116627759067	444116654985005	444116638860942
444116652233859	444116663200160	444116652558546
444116661109171	444116671415734	444116661432036
444116677799536	444116704279171	444116690349692
444116694460005	444116712495213	444116694849484
444116721653859	444116737140785	444116721720317
444116727775005	444116745356306	444116734986411
444116750870317	444116761787609	444116751199640
444116761049640	444116778220785	444116761413078
444116777753859	444116802869379	444116789429223
444116801348286	444116819300265	444116801396723
444116811331828	444116827515160	444116811929328
444116827805942	444116852158598	444116837392348
444116850927036	444116868584848	444116851234380
444116861155161	444116876798338	444116861525161
444116877831203	444116901441202	444116886034067
444116900663442	444116917870473	444116900966255
444116911177765	444116926083963	444116911512348
444116927872661	444116950724796	444116935515630
444116950742192	444116967151359	444116950847609
444116961157661	444116975365994	444116961515578
444116977857192	444117000008286	444116983987036
444117001682973	444117016437817	444117001953234
444117011201515	444117024653234	444117011540578
444117027922817	444117041084118	444117028212817
444117050868286	444117065734223	444117051126828
444117061206880	444117073951723	444117061544380
444117077879015	444117090383494	444117077973286
444117103511411	444117115033285	444117103792348
444117111199223	444117131465577	444117119083702
444117133872609	444117147900108	444117133943442
444117144521098	444117156116462	444117144869484
444117161221098	444117180762869	444117167114536
444117183960421	444117197193442	444117184280265
444117194551255	444117205409067	444117194892452
444117211239536	444117230053963	444117218335317
444117233941723	444117246486619	444117234241359
444117244563442	444117254703025	444117244889796
444117261247661	444117279351463	444117268650161
444117284140161	444117295782244	444117284418859
444117294580577	444117312213858	444117294919692
444117311201723	444117336857973	444117321040109
444117335549379	444117353289535	444117335611515
444117344535942	444117361504483	444117344786879
444117361229067	444117377935786	444117361628129
444117377904692	444117394367296	444117379857452
444117403416984	444117419013493	444117403464952
444117411291827	444117435443442	444117420085473
444117434049848	444117451873494	444117434387192
444117444619796	444117460088233	444117444962452
444117461317140	444117484735108	444117467123442
444117484112348	444117501166306	444117484434223
444117494618390	444117509381619	444117494946879
444117511281098	444117534027973	444117519024379
444117534143390	444117550457608	444117534210473
444117544605786	444117558673963	444117544940577
444117561276567	444117583318181	444117567338442
444117584522348	444117599746098	444117584817192
444117594581254	444117607959848	444117594972036
444117611291098	444117632600056	444117618960161
444117634330629	444117649027764	444117634387036
444117644611098	444117657242139	444117644944223
444117661253754	444117681882139	444117668357192
444117684398911	444117698309275	444117684708077
444117694627817	444117706524535	444117694969848
444117711291567	444117731175837	444117719358286
444117734288702	444117747612608	444117734348129
444117744621411	444117755829327	444117744966567

