POLL t=10.4 tick=374
8333333
430203938285885	430203951519634	430203938736718
430203963839375	430203976175624	430203964148906
430203964081718	430203984394426	430203964154010
430203991559375	430204009051718	430203991843854
430204019681250	430204033710155	430204019973385
430204019874322	430204041929426	430204019983750
430204047499687	430204058367134	430204047790937
430204075959479	430204091243645	430204076268906
430204076187343	430204099463385	430204076271822
430204103782031	430204115904061	430204104077135
430204132183124	430204148784061	430204132489010
430204132427031	430204157004218	430204132489322
430204160254218	430204173443280	430204160528437
430204187668385	430204198102343	430204187969322
430204187853281	430204206322656	430204187983124
430204215860624	430204230986665	430204216159166
430204245471718	430204255648853	430204245761041
430204245631874	430204263868853	430204245772656
430204272977343	430204288528020	430204273278437
430204302074010	430204313188801	430204302395624
430204302272968	430204321410416	430204302400104
430204329414374	430204346076249	430204329734218
430204357314531	430204370737030	430204357628124
430204357511979	430204378958332	430204357631406
430204385638906	430204403622864	430204385935260
430204413142656	430204428288436	430204413431406
430204413320624	430204436510728	430204413437135
430204442417812	430204461178072	430204442813124
430204470516406	430204485846041	430204470807656
430204470697916	430204494069061	430204470811874
430204503553906	430204518739218	430204503853437
430204504142343	430204526961406	430204504487187
430204533331093	430204551627812	430204533617916
430204562410728	430204576294478	430204562741249
430204562571197	430204584515728	430204562744999
430204590728593	430204600957291	430204591005468
430204621122812	430204633843749	430204621421510
430204621440260	430204642066406	430204621480781
430204649467343	430204666729791	430204649754218
430204677499166	430204691394530	430204677790624
430204677665260	430204699616562	430204677794062
430204705723437	430204724279582	430204706025624
430204734121822	430204748944582	430204734421093
430204734290780	430204757166666	430204734426978
430204762144999	430204773608228	430204762443697
430204790416249	430204806492499	430204790733697
430204790673280	430204814713644	430204790738124
430204818899010	430204831157915	430204819180572
430204845864010	430204864048176	430204846246093
430204846010780	430204872271926	430204846255780
430204875186405	430204888715467	430204875485416
430204903086718	430204913379530	430204903376405
430204903317916	430204921601353	430204903378697
430204930927447	430204946262238	430204931209687
430204959491666	430204970925363	430204959782187
430204959681405	430204979147551	430204959795780
430204987358124	430205003811301	430204987621405
430205015860155	430205028468019	430205016164166
430205016141874	430205036686457	430205016231874
430205044143124	430205061345415	430205044507812
430205072740937	430205086003541	430205073031510
430205072908541	430205094223853	430205073048072
430205100266353	430205110666509	430205100549374
430205128389843	430205143547239	430205128689218
430205128591041	430205151766926	430205128694687
430205156655728	430205168205780	430205156941249
430205184457759	430205201085051	430205184775416
430205184657134	430205209304634	430205184781509
430205214496041	430205225744373	430205214789374
430205242805468	430205258620572	430205243110155
430205242974843	430205266839530	430205243115468
430205275465312	430205291495884	430205275770572
430205276349218	430205299716041	430205276648749
430205303999791	430205316155832	430205304295259
430205331875155	430205349039946	430205332176562
430205332147291	430205357260780	430205332240468
430205361195468	430205373701717	430205361474791
430205390277759	430205406583852	430205390572134
430205390498697	430205414805259	430205390577968
430205419547291	430205431250207	430205419851978
430205447243905	430205464134634	430205447631718
430205447463228	430205472355207	430205447648384
430205476324947	430205488797030	430205476614218
430205504189061	430205521679738	430205504513436
430205504374009	430205529900936	430205504519218
430205532585155	430205546342030	430205532901405
430205561885936	430205579227186	430205562174999
430205562068280	430205587449061	430205562179374
430205589837499	430205603891717	430205590118072
430205618770468	430205636774530	430205619097186
430205619025572	430205644994686	430205619099843
430205648675728	430205661435572	430205649053905
430205678421874	430205694323124	430205678730884
430205678587447	430205702544530	430205678735155
430205708838280	430205727208644	430205709126197
430205738841561	430205751870936	430205739153072
430205739062030	430205760090571	430205739158436
430205768541353	430205784749842	430205768834061
430205799046405	430205809412030	430205799373593
430205799303124	430205817633488	430205799374530
430205827782811	430205842292602	430205828090884
430205857397030	430205875171769	430205857689790
430205857674999	430205883393279	430205857760468
430205887190780	430205899835831	430205887464530
430205915821093	430205932713800	430205916104374
430205916101665	430205940932968	430205916196561
430205944971822	430205957373488	430205945348905
430205975704061	430205990257759	430205975984218
430205975966405	430205998478853	430205976077811
430206004349947	430206014921405	430206004637603
430206033950415	430206047804738	430206034261353
430206034184217	430206056025519	430206034266249
430206062641249	430206080689738	430206062924217
430206091207447	430206105348592	430206091531405
430206091448749	430206113568175	430206091534947
430206120221561	430206138230936	430206120516353
430206148082603	430206162893227	430206148349999
430206148386092	430206171113592	430206148699790
430206177085936	430206195779009	430206177370780
430206205695467	430206220437342	430206206001874
430206205867915	430206228656196	430206206013280
430206233595936	430206245096769	430206233884165
430206261486978	430206277975154	430206261733905
430206261815936	430206286193801	430206261902967
430206290448697	430206302630832	430206290731405
430206318632967	430206335514426	430206318939061
430206318862967	430206343735675	430206318942967

POLL t=22.0 tick=733
8333333
430215274575412	430215287228381	430215274906401
430215274953849	430215295446973	430215275068537
430215291590308	430215303665567	430215291972651
430215342461974	430215361191661	430215342757964
430215342953745	430215369409786	430215343042599
430215373556870	430215385844474	430215373901401
430215401389370	430215418713224	430215401648745
430215401822808	430215426930932	430215401918433
430215418992495	430215435148849	430215419877495
430215466997183	430215484455671	430215467301089
430215492187339	430215509110672	430215492396714
430215492678433	430215517330672	430215492793693
430215522848120	430215533768067	430215523284474
430215549572651	430215566637964	430215549861245
430215550017131	430215574856401	430215550112026
430215567011193	430215583075099	430215567666089
430215614044995	430215632382338	430215614328693
430215641253380	430215657031453	430215641532651
430215641686870	430215665248693	430215641776245
430215658314943	430215673464838	430215658681037
430215707101870	430215722764578	430215707360776
430215733044839	430215747419578	430215733343433
430215733659214	430215755637963	430215733759474
430215763150308	430215780291818	430215763449839
430215790007964	430215804942182	430215790325308
430215790435464	430215813159214	430215790529995
430215807094058	430215821376349	430215807528849
430215856307964	430215870668693	430215856605307
430215856810412	430215878884317	430215856919214
430215887370412	430215903532807	430215887664005
430215916215464	430215928178276	430215916496401
430215916603224	430215936393953	430215916696662
430215933183068	430215944610828	430215933560724
430215980946089	430215993907026	430215981254682
430215981503276	430216002122598	430215981585724
430216012383276	430216026769839	430216012698589
430216038137964	430216051416817	430216038443537
430216065251870	430216076064057	430216065558120
430216065598589	430216084280203	430216065719057
430216082262912	430216100712182	430216082672651
430216128829057	430216141801140	430216129114995
430216156256505	430216166454474	430216156551349
430216156606401	430216174671974	430216156703537
430216173307495	430216191106036	430216173707964
430216209981557	430216223967755	430216210289682
430216235243120	430216248613015	430216235782495
430216235713380	430216256829994	430216235827495
430216252234162	430216265046452	430216252629682
430216287937911	430216306123380	430216288201818
430216312380932	430216330774421	430216312660776
430216312754318	430216338989891	430216312859214
430216329412339	430216347205515	430216329831089
430216364603745	430216380069109	430216364880620
430216390518849	430216404719942	430216390809839
430216390887911	430216412935672	430216390988276
430216407542026	430216421151765	430216407965776
430216424241089	430216437582130	430216424598432
430216455033901	430216470440567	430216455309630
430216458967026	430216478657338	430216459243589
430216474248068	430216486873745	430216474684995
430216511424838	430216527962650	430216511690932
430216511895568	430216536181973	430216511994838
430216528422755	430216544400203	430216528952130
430216572894370	430216585485880	430216573162651
430216600612963	430216618357390	430216600903068
430216600961870	430216626577025	430216601062963
430216617821401	430216634795307	430216618278380
430216661579370	430216675887651	430216661763432
430216661994057	430216684106400	430216662124786
430216678684526	430216692324317	430216679083224
430216695410724	430216708761401	430216695794526
430216733816713	430216749852077	430216734288276
430216734221870	430216758071869	430216734288536
430216750805620	430216766292026	430216751214370
430216767491088	430216782731296	430216767859995
430216795903745	430216807384890	430216796199630
430216800834682	430216815603432	430216801281245
430216817526557	430216832039838	430216817913224
430216834185463	430216848477338	430216834563432
430216886852963	430216897786557	430216887140307
430216930983067	430216947104317	430216931201401
430216931426036	430216955324473	430216931529630
430216948074057	430216963544890	430216948452286
430216964796245	430216979980463	430216965161557
430216995096349	430217012850203	430216995369995
430216997951192	430217021067650	430216998230151
430217029109995	430217045720358	430217029396036
430217031333276	430217053939161	430217031625307
430217048096713	430217062156244	430217048426557
430217064728224	430217078592286	430217065095776
430217095614995	430217111463015	430217095905620
430217098028276	430217119681609	430217098327286
430217128792495	430217144332338	430217129113745
430217131361401	430217152550046	430217131654994
430217148053224	430217160767702	430217148408536
430217164793901	430217177203223	430217165161244
430217196136869	430217210070567	430217196411869
430217198004838	430217218287754	430217198289682
430217227968901	430217242940255	430217228230463
430217231388588	430217251157650	430217231672494
430217248110099	430217259374109	430217248459838
430217264778119	430217275809109	430217265129317
430217295725619	430217308677129	430217296049838
430217327989161	430217341551401	430217328278588
430217328435151	430217349768380	430217328539369
430217345014994	430217357985046	430217345400567
430217361749630	430217374420879	430217362119682
430217392214682	430217407293535	430217392492651
430217422464213	430217440167755	430217422758119
430217422866869	430217448387962	430217422959369
430217439539474	430217456606973	430217439957755
430217456303588	430217473043119	430217456729474
430217486323119	430217497697910	430217486610151
430217489402599	430217505917702	430217490292494
430217521170463	430217538797442	430217521455151
430217522919682	430217547016869	430217523228119
430217539491557	430217555236244	430217539882338
430217556249630	430217571672233	430217556623744
430217587043432	430217604545827	430217587325723
430217617750619	430217629202650	430217618058276
430217618211557	430217637420046	430217618334161
430217634804369	430217645638639	430217635198744
430217651469838	430217662075098	430217651845932
430217682142338	430217694946817	430217682446036
430217711489473	430217727814317	430217711739369
430217711889057	430217736033014	430217711977182
430217728509942	430217744251765	430217728761973

POLL t=33.7 tick=992
8333333
430227125674209	430227138218896	430227126061241
430227180208584	430227195737334	430227180710095
430227180633584	430227203954261	430227180711084
430227210913689	430227228609469	430227211190772
430227213900564	430227236827959	430227214196397
430227245517491	430227261481449	430227245894834
430227247455720	430227269699000	430227247759209
430227277622959	430227294351032	430227277927022
430227307714157	430227319004261	430227308065772
430227308146709	430227327223584	430227308257751
430227324719053	430227335441865	430227325154991
430227375492282	430227392962647	430227375781397
430227401564991	430227417616813	430227401764938
430227401925928	430227425835042	430227402032178
430227418581345	430227434053219	430227418995095
430227467916501	430227483369261	430227468151813
430227493754470	430227508024209	430227494085251
430227494107334	430227516241448	430227494188116
430227510777438	430227524458845	430227511149209
430227562153063	430227573767907	430227562403741
430227588586970	430227606644469	430227588783428
430227588930720	430227614864730	430227589042282
430227620308376	430227631301396	430227620610251
430227653529470	430227664177802	430227653815615
430227653927907	430227672396136	430227654033428
430227670587595	430227688834417	430227670974470
430227719560928	430227738146449	430227719849053
430227746862751	430227762801136	430227747163845
430227772926397	430227787457959	430227773230095
430227773390876	430227795677385	430227773481813
430227803554522	430227820334365	430227803854522
430227832659626	430227844992073	430227832939938
430227833124209	430227853212386	430227833215876
430227849703272	430227861431188	430227850099365
430227902460459	430227918963219	430227902714626
430227932087178	430227943614782	430227932258584
430227932492490	430227951833324	430227932578740
430227949169365	430227960051188	430227949572803
430228001234990	430228017569001	430228001483740
430228028972282	430228042219678	430228029253740
430228029348897	430228050437229	430228029446084
430228045966084	430228058655667	430228046384834
430228096697959	430228107968427	430228096980876
430228097326813	430228116187229	430228097672490
430228128294053	430228140842178	430228128393584
430228156604678	430228173713323	430228156904990
430228157052438	430228181932125	430228157138272
430228173686553	430228190151396	430228174122490
430228224935303	430228239458584	430228225221397
430228225361344	430228247678271	430228225458897
430228255573115	430228272338792	430228255858740
430228258615615	430228280558896	430228258933376
430228291384678	430228305215927	430228291739469
430228292061501	430228313434834	430228292394678
430228323262334	430228338090875	430228323538115
430228352843428	430228370969625	430228353135146
430228353244626	430228379188739	430228353337178
430228369862751	430228387407385	430228370276396
430228421260771	430228436720563	430228421534521
430228450121709	430228461373948	430228450456865
430228450547490	430228469591188	430228450636813
430228467152959	430228477809885	430228467554365
430228517730251	430228535344364	430228518030771
430228518120407	430228543564156	430228518225771
430228550684678	430228568221865	430228550952803
430228551528584	430228576440666	430228551862021
430228584341084	430228601098427	430228584782594
430228584893532	430228609317750	430228585016396
430228616445094	430228633978740	430228616772178
430228647130146	430228658641240	430228647431032
430228647562959	430228666862333	430228647653896
430228664195303	430228675082489	430228664550303
430228715535771	430228732612906	430228715822021
430228716270303	430228740831031	430228716599313
430228747607907	430228765481917	430228747906969
430228749514521	430228773699260	430228749798584
430228780316709	430228798351708	430228780373063
430228809194469	430228822999157	430228809498271
430228809561084	430228831214834	430228809664209
430228826224521	430228839431343	430228826597282
430228876382594	430228888734313	430228876652490
430228876807021	430228896952386	430228876909000
430228907452125	430228921601084	430228907748896
430228936760927	430228954463479	430228937009990
430228937122334	430228962680250	430228937223844
430228953796709	430228970897385	430228954855615
430229005222334	430229020200771	430229005484209
430229005659313	430229028418375	430229005759782
430229036622490	430229053067750	430229036914834
430229067151552	430229077719208	430229067465927
430229067631240	430229085936761	430229067727334
430229084272907	430229094154937	430229084663584
430229135869469	430229151681292	430229136112334
430229136325094	430229159897958	430229136414052
430229167726552	430229184551552	430229167997021
430229198626032	430229217427125	430229198928740
430229199087907	430229225646396	430229199192646
430229215758115	430229233865458	430229216197750
430229266614000	430229283177385	430229266907177
430229267159469	430229291396448	430229267244782
430229297017021	430229307833375	430229297306552
430229300431032	430229316051708	430229300960094
430229333252125	430229348926917	430229333519052
430229333788115	430229357145511	430229333878584
430229365606240	430229381798479	430229365783271
430229367352438	430229390017073	430229367631396
430229398474365	430229414674156	430229398671396
430229428197802	430229439325145	430229428473584
430229428758271	430229447542854	430229428864781
430229445481188	430229463978895	430229445888219
430229496731084	430229513286812	430229497009677
430229497098115	430229521503219	430229497203740
430229527831084	430229546152906	430229528114677
430229530360459	430229554369104	430229530668271
430229562453271	430229579024103	430229562749625
430229563868584	430229587243114	430229564136865
430229595561500	430229611896552	430229595884833
430229624088115	430229636556603	430229624394052
430229624635302	430229644775458	430229624719365
430229641111396	430229652995041	430229641521083
430229692477802	430229710533062	430229692823896
430229692839052	430229718753583	430229692999833
430229725529365	430229743407905	430229725820302
430229726305146	430229751625302	430229726605146
430229758689833	430229776277124	430229759004677
430229759630563	430229784494833	430229759938219
430229790286865	430229800929729	430229790748896

POLL t=45.3 tick=1583
8333333
430238996673736	430239020938267	430238996740559
430239029305403	430239045586184	430239029552330
430239030022903	430239053801600	430239030313267
430239075357174	430239086665767	430239075649622
430239075583892	430239094881808	430239075657017
430239092313892	430239103099829	430239092683267
430239109006080	430239119534204	430239109381549
430239143759361	430239160608839	430239144086705
430239144104049	430239168823944	430239144178424
430239160796340	430239177039309	430239160932799
430239177439153	430239193469882	430239177799674
430239219942330	430239234551079	430239220259674
430239220188111	430239242767850	430239220264205
430239255867746	430239267417277	430239256139517
430239256183580	430239275633267	430239256298996
430239289845455	430239300280402	430239290140767
430239290083580	430239308497069	430239290145767
430239323932330	430239341361756	430239324231705
430239324242642	430239349578319	430239324321236
430239358918371	430239374224361	430239359228996
430239359157330	430239382440194	430239359251236
430239392805142	430239407087382	430239393114517
430239392970090	430239415301756	430239393124049
430239428309673	430239439949256	430239428630246
430239428615090	430239448166131	430239428712955
430239463093892	430239481032225	430239463319673
430239463337173	430239489248058	430239463437434
430239498952017	430239513892382	430239499254778
430239499131080	430239522107017	430239499260767
430239533092590	430239546755975	430239533410298
430239533292173	430239554971548	430239533413736
430239550003111	430239563187642	430239550363580
430239592839205	430239604269257	430239593160767
430239593110142	430239612485714	430239593210351
430239609779205	430239620701964	430239610144361
430239641971705	430239653566443	430239642268996
430239643099048	430239661783423	430239643386392
430239677370455	430239694650610	430239677678215
430239677645090	430239702866809	430239677741080
430239694299205	430239711083579	430239695331496
430239724028423	430239735730454	430239724294830
430239727771809	430239743946288	430239727986861
430239759630142	430239776808580	430239759902017
430239760944205	430239785025193	430239761231965
430239800933059	430239817888995	430239801238580
430239801116705	430239826104829	430239801249621
430239839649048	430239850752850	430239839954934
430239839824778	430239858968318	430239839958528
430239870628684	430239883620767	430239870934517
430239902126705	430239916483423	430239902424205
430239902292486	430239924698162	430239902428580
430239933344048	430239949340610	430239933623892
430239965442902	430239982208683	430239965750923
430239965627017	430239990425715	430239965756236
430239996461392	430240006861756	430239996743423
430239999008215	430240015078423	430239999371652
430240027750767	430240039726809	430240028054309
430240059635767	430240072595246	430240059941861
430240059804673	430240080811495	430240059946496
430240089976079	430240105459308	430240090297173
430240121418527	430240138327121	430240121719777
430240121653527	430240146544204	430240121723736
430240152163840	430240162978579	430240152563215
430240183359204	430240195845663	430240183666965
430240183601079	430240204062277	430240183670298
430240215966340	430240228714881	430240216282746
430240216924986	430240236932850	430240217216704
430240247703423	430240261587798	430240247982746
430240250257017	430240269804829	430240250546548
430240266991340	430240278021913	430240267361861
430240283703267	430240294455037	430240284067277
430240300448840	430240310890767	430240300824361
430240317107954	430240327325349	430240317470923
430240333742434	430240351983214	430240334107746
430240350406340	430240368420142	430240350790298
430240367092954	430240384858527	430240367464673
430240383755298	430240401296339	430240384127954
430240400451496	430240417734308	430240400821392
430240417110142	430240434173214	430240417475142
430240433749934	430240450608787	430240434133215
430240450370142	430240467043943	430240450750559
430240467129152	430240483482381	430240467488684
430240483935715	430240499917485	430240484275611
430240500499777	430240516351027	430240500871652
430240517098892	430240532783319	430240517453736
430240533731808	430240549216808	430240534097017
430240550468736	430240565650975	430240550844777
430240567116704	430240582086392	430240567481652
430240583782329	430240598519100	430240584159517
430240600458996	430240614951392	430240600841340
430240617127329	430240631381287	430240617485923
430240633810454	430240647813787	430240634162798
430240650486236	430240664245819	430240650850246
430240667154361	430240680676651	430240667521079
430240683824621	430240697107589	430240684170611
430240700495923	430240713537277	430240700872329
430240717147798	430240729967693	430240717520871
430240733789048	430240746403527	430240734159204
430240750484048	430240762838683	430240750869517
430240767117329	430240779273214	430240767476392
430240783733215	430240795705037	430240784103527
430240800469465	430240812136391	430240800833735
430240817135298	430240828565194	430240817512173
430240833792590	430240844995089	430240834144204
430240850445454	430240861429100	430240850813371
430240867122329	430240877862120	430240867544204
430240883794985	430240894294673	430240884128267
430240900447173	430240910729933	430240900813423
430240917147798	430240935384985	430240917511027
430240933754517	430240951818735	430240934123683
430240950422798	430240968254464	430240950783423
430240967091548	430240984686548	430240967455454
430240983771079	430241001119724	430240984151027
430241000491860	430241017553058	430241000929360
430241017082590	430241033986443	430241017476965
430241033752902	430241050419932	430241034134360
430241050432277	430241066854777	430241050792485
430241067155454	430241083288943	430241067531860
430241083768267	430241099722642	430241084118267
430241100411496	430241116156912	430241100781027
430241117032173	430241132592693	430241117439308
430241145805871	430241157249099	430241146081235
430241152172017	430241165466756	430241152463371
430241168843423	430241181902225	430241169122485
430241185524204	430241198337276	430241185803996
430241201992589	430241214773579	430241202272433
430241218827173	430241231211443	430241219103735

POLL t=57.3 tick=1676
8333333
430251138829825	430251150264720	430251139213732
430251155513211	430251166705607	430251155890086
430251172217638	430251191366023	430251176237586
430251201854982	430251216028262	430251202156075
430251205541700	430251224248992	430251205791336
430251222182429	430251240687741	430251222577481
430251238844200	430251257125970	430251239210242
430251255484617	430251273561752	430251255896127
430251272163419	430251289998470	430251272556909
430251288811075	430251314652064	430251300771856
430251319714044	430251331085658	430251320156231
430251322988888	430251339301023	430251323861023
430251339658679	430251355735501	430251340054148
430251356246856	430251372169720	430251356627169
430251372896231	430251388604720	430251373271492
430251389585242	430251405039877	430251389975086
430251406292325	430251421475137	430251411763054
430251435914981	430251454347950	430251436227325
430251439570450	430251462566335	430251439851492
430251456252325	430251470784773	430251456625554
430251472908263	430251487219825	430251473279304
430251489554825	430251503655918	430251489929929
430251506229513	430251520092793	430251506611023
430251523002481	430251536529564	430251523417117
430251539651700	430251552961595	430251540609044
430251570223679	430251585831700	430251570553367
430251572947742	430251594049928	430251573246492
430251589579356	430251602268366	430251589975606
430251606232325	430251618704304	430251606621544
430251622882794	430251635140137	430251623258575
430251639581075	430251651573366	430251639967586
430251656298419	430251668005085	430251656596179
430251687415138	430251700876492	430251687722585
430251689691492	430251709095554	430251690003419
430251706282742	430251717314565	430251706677429
430251723104200	430251733751126	430251723482585
430251739544356	430251750185554	430251739938731
430251756243888	430251766620293	430251756628367
430251772917794	430251791274565	430251773219981
430251804601179	430251815928679	430251804909981
430251808172481	430251824147741	430251808783054
430251824882638	430251840584251	430251825262013
430251841531544	430251857018523	430251841916231
430251858164200	430251873454043	430251858540606
430251874838679	430251898111751	430251886008262
430251904757169	430251922767481	430251905056387
430251908255450	430251930986908	430251908528575
430251924839773	430251939207637	430251925226231
430251941513992	430251955649043	430251941888575
430251958200085	430251972089408	430251958598054
430251974858367	430251988532272	430251975237325
430251991566544	430252004972168	430251993639981
430252022282429	430252037852168	430252022584825
430252024859773	430252046072325	430252025161231
430252041523262	430252054291804	430252041910242
430252058183210	430252070729096	430252058563419
430252074940085	430252087164304	430252075328679
430252091586544	430252103602376	430252091985606
430252108271179	430252120038939	430252109472950
430252138818575	430252152916283	430252139161544
430252141595606	430252161137377	430252141883367
430252158253523	430252169357377	430252158653262
430252174882325	430252185797794	430252175259200
430252191529669	430252202236439	430252191909512
430252208246231	430252218675710	430252208634356
430252224972950	430252243331543	430252226984512
430252254662637	430252267990970	430252254987273
430252258295762	430252276210450	430252258560919
430252274936023	430252292647168	430252275335606
430252291554773	430252309083105	430252291929356
430252308248887	430252325519251	430252308633731
430252324901491	430252341954876	430252325284200
430252341647794	430252358389408	430252346244929
430252375332794	430252391260970	430252375649512
430252375768106	430252399479460	430252375865606
430252392218523	430252407698209	430252392603419
430252408889669	430252424135345	430252409289304
430252425511231	430252440572689	430252425882637
430252442205606	430252457010397	430252442603106
430252458921179	430252481668158	430252465379512
430252493605919	430252506322949	430252493898887
430252493959460	430252514540449	430252494074200
430252510587116	430252522758574	430252510973731
430252527281543	430252539196075	430252527669825
430252543914668	430252555634824	430252544294460
430252560658887	430252572071907	430252561028731
430252577313731	430252604945606	430252589797116
430252607845606	430252621381751	430252608124981
430252610553731	430252629599512	430252610843575
430252627269200	430252637818054	430252627721023
430252643955762	430252654254564	430252644318418
430252660615866	430252678910137	430252660987168
430252677267429	430252695347636	430252677641231
430252693975241	430252711786126	430252701084512
430252723876231	430252736442793	430252724260606
430252727849356	430252744663210	430252728139512
430252744553731	430252761104043	430252744941700
430252761286804	430252777544615	430252761678731
430252777872273	430252793983627	430252778255241
430252794532012	430252810420241	430252794912793
430252811215866	430252835069251	430252817226387
430252844459043	430252859722220	430252844776543
430252844744148	430252867940137	430252844855762
430252861426648	430252876158210	430252861809200
430252878072793	430252892592220	430252878439460
430252894783887	430252909027741	430252895140606
430252911403418	430252925462636	430252911773262
430252928155450	430252950115501	430252935162898
430252957412325	430252974767272	430252957757950
430252961387481	430252982984564	430252961667637
430252978049668	430252991202324	430252978429616
430252994728887	430253007640553	430252995106387
430253011387116	430253024078627	430253011758887
430253028032429	430253040516595	430253028412637
430253044794981	430253065169251	430253048335606
430253078430866	430253089820813	430253078740137
430253078706231	430253098038053	430253078822168
430253095369825	430253106255032	430253095753991
430253112032272	430253122691907	430253112397325
430253128685137	430253139128627	430253129148418
430253145360606	430253163778210	430253145743522
430253162067429	430253180212011	430253169076491
430253191600918	430253204866387	430253191902585
430253195595241	430253213084408	430253195896074
430253212127793	430253229519408	430253212529616
430253228680762	430253245952637	430253229061387
430253245325137	9223372036854775807	430253245718522

POLL t=69.1 tick=1764
8333333
430262685171852	430262697067841	430262685542581
430262701827790	430262721716487	430262708423571
430262738174508	430262754582476	430262738544196
430262738387738	430262762799716	430262738560133
430262755020602	430262771017164	430262755252008
430262771683415	430262787452581	430262772064352
430262788429040	430262803888622	430262788803519
430262805046540	430262828539821	430262816908362
430262840991696	430262853192789	430262841431696
430262841397737	430262861412320	430262841572737
430262858193050	430262869630966	430262858578258
430262874558727	430262886069144	430262874956540
430262891277946	430262902506071	430262891652633
430262908038206	430262927161227	430262915630915
430262943805290	430262960034560	430262944194144
430262944102894	430262968251123	430262944199612
430262960645706	430262976467112	430262961065602
430262977333987	430262992900133	430262977721175
430262994046540	430263009334873	430262994417321
430263010706852	430263042205654	430263025395914
430263027363727	430263050422476	430263027800914
430263066694821	430263083289404	430263067223571
430263066942112	430263091505497	430263067229977
430263083571487	430263099722008	430263083848571
430263100285602	430263116153414	430263100679977
430263116904508	430263132588570	430263117282633
430263133650602	430263149023778	430263138456852
430263169832008	430263181894508	430263170254925
430263170148258	430263190112373	430263170327946
430263186706227	430263198331643	430263187118258
430263203375446	430263214769300	430263203793519
430263220089508	430263231205705	430263220476071
430263236760758	430263264076123	430263249165758
430263253425914	430263272294456	430263253791383
430263301811696	430263313380237	430263302174612
430263302015289	430263321597059	430263302180237
430263318672321	430263329814664	430263319173883
430263335399977	430263346248622	430263335936696
430263352106071	430263370900289	430263352484821
430263368759821	430263387336278	430263372818050
430263404975914	430263420207529	430263405347946
430263405147789	430263428425705	430263405364925
430263421798102	430263436643882	430263422212946
430263438499456	430263453078779	430263438880081
430263455212789	430263469514351	430263455585393
430263471873571	430263494165758	430263477397164
430263508391696	430263527035862	430263508909508
430263508703050	430263535254612	430263508914664
430263525390133	430263543472632	430263525825446
430263541988518	430263559906851	430263542364196
430263558663258	430263576341434	430263559039925
430263575385393	430263592777893	430263580732893
430263611861227	430263625648883	430263612146852
430263612031696	430263633866175	430263612161487
430263628697946	430263642083362	430263629101852
430263645388571	430263658519612	430263645831539
430263662110237	430263674957268	430263662539039
430263678764925	430263707825549	430263696218258
430263695445445	430263716042372	430263696313727
430263731970445	430263748910705	430263732294456
430263732283102	430263757129143	430263732428362
430263748874039	430263765347267	430263750341852
430263765526227	430263781785028	430263765970133
430263782277581	430263798222945	430263782659977
430263798908675	430263822876018	430263813202893
430263815593883	430263831093778	430263815877893
430263855244508	430263872181174	430263855721800
430263855540862	430263880400602	430263855728258
430263872138102	430263888619247	430263872582112
430263888850862	430263905054404	430263889238883
430263905507268	430263921487997	430263905885602
430263922156227	430263937922268	430263926161175
430263958567789	430263970789924	430263959100289
430263958863258	430263979008049	430263959106383
430263975459039	430263987226383	430263975842789
430263992194039	430264003660081	430263992565445
430264008872789	430264020093986	430264009238258
430264025509664	430264044744872	430264029630914
430264057340445	430264069396591	430264057673570
430264058849612	430264077613674	430264059208258
430264075507893	430264094049612	430264075901695
430264092304300	430264110486799	430264092679352
430264108866383	430264126921486	430264109244820
430264125565393	430264159785653	430264141347164
430264142272008	430264168001121	430264142565393
430264181479664	430264192651226	430264181808362
430264181792633	430264200867841	430264181923727
430264198543206	430264209082736	430264198923518
430264215310602	430264225513570	430264215713102
430264231969195	430264250160966	430264232356070
430264248683727	430264266593257	430264254952893
430264285909352	430264299460028	430264286319977
430264286210081	430264307676434	430264286325289
430264302856643	430264315891643	430264303303570
430264319553674	430264332321330	430264319966956
430264336243674	430264348750809	430264336611851
430264352889039	430264373396278	430264363711331
430264388994456	430264406262528	430264389398726
430264389314976	430264414480445	430264389404195
430264405953726	430264422698935	430264406601956
430264422637789	430264439137112	430264423025914
430264439329299	430264455573986	430264439674039
430264456041799	430264472010393	430264460663674
430264492162164	430264504883101	430264492583987
430264492594143	430264513102633	430264492731695
430264509202320	430264521319716	430264509651643
430264525850914	430264537752268	430264526269508
430264542551070	430264554185132	430264542916956
430264559154039	430264587052476	430264569983570
430264597487112	430264611700341	430264597855862
430264597693570	430264619917268	430264597882268
430264614354456	430264628133361	430264614744351
430264631038987	430264644567841	430264631438726
430264647753883	430264661002372	430264648138883
430264664416070	430264685658048	430264675250862
430264700448570	430264718527997	430264701209664
430264700744976	430264726745133	430264701215289
430264717358101	430264734963622	430264717807737
430264734020289	430264751397684	430264734452424
430264750743101	430264767832580	430264751117268
430264767411383	430264792485444	430264777265133
430264804331539	430264817136122	430264804817580
430264804492580	430264825354403	430264804829195
430264821168570	430264833572736	430264821579612
430264837937268	430264850010392	430264838376539
430264854542268	430264866446486	430264854921695
430264871227112	430264891099716	430264881094195

POLL t=80.3 tick=1903
8333333
430274058981327	430274070421014	430274059415442
430274075632160	430274095072994	430274079660233
430274112415754	430274127945858	430274112773827
430274112595754	430274136163774	430274112797004
430274129269504	430274144382889	430274129684296
430274145939348	430274160822160	430274146359660
430274162659348	430274177258149	430274163029973
430274179312108	430274201910389	430274191468410
430274215594191	430274226560284	430274216088098
430274215871691	430274234777941	430274216094035
430274232559816	430274242995545	430274232966848
430274249236014	430274267646795	430274249621066
430274265888358	430274284085493	430274266268514
430274282550441	430274308742889	430274293024660
430274318928410	430274333397473	430274319288358
430274319099191	430274341615597	430274319294348
430274335759504	430274349834399	430274336166691
430274352464191	430274366274295	430274352889973
430274369223671	430274382714503	430274369690441
430274385835754	430274399152159	430274386207316
430274402501066	430274423804035	430274410757733
430274437883358	430274456674087	430274438403358
430274438187577	430274464893462	430274438409660
430274454753514	430274473111066	430274455159660
430274471439608	430274489547004	430274471859660
430274488191223	430274505984972	430274488566691
430274504815441	430274530637056	430274518532264
430274521486171	430274538854295	430274522911483
430274560141379	430274571722473	430274560597316
430274560404035	430274579939504	430274560603723
430274577079973	430274588156379	430274577490858
430274593692316	430274604590909	430274594139191
430274610449348	430274621025910	430274610962785
430274627015441	430274653900336	430274637073566
430274663594035	430274678554920	430274663992264
430274663881691	430274686773722	430274664012108
430274680445910	430274694993618	430274680880389
430274697125441	430274711431014	430274697525754
430274713849191	430274727867368	430274714283254
430274730507316	430274760737003	430274747083566
430274747182941	430274768955545	430274747271223
430274783950389	430274801830128	430274784455389
430274784315858	430274810049816	430274784465598
430274802379920	430274818268669	430274802594920
430274818745285	430274834709451	430274819204295
430274835409972	430274851145754	430274835845129
430274852170702	430274884017888	430274867921535
430274868709504	430274892235910	430274868883254
430274904208722	430274916889191	430274904936379
430274904477629	430274925106379	430274904943514
430274921157472	430274933324920	430274921570129
430274937813202	430274949759816	430274938347941
430274954520858	430274966198201	430274955008670
430274971167160	430274982635128	430274971537160
430274987849347	430275007290753	430274990144764
430275023539972	430275040158462	430275023852889
430275023689347	430275048375909	430275023870754
430275040385597	430275056594295	430275040820233
430275057069191	430275073029816	430275057453879
430275073729504	430275089464919	430275074114347
430275090418097	430275114116378	430275100482889
430275126518879	430275138769295	430275127043879
430275126833514	430275146986378	430275127049347
430275143511795	430275155202680	430275143944816
430275160122160	430275171636378	430275160494452
430275176816535	430275188071743	430275177203097
430275193492629	430275212724920	430275199413983
430275229959920	430275245600024	430275230306847
430275230284764	430275253818878	430275230440754
430275246807785	430275262036691	430275247215597
430275263472472	430275278472576	430275263855129
430275280193514	430275294908826	430275280564035
430275296851639	430275327778514	430275313541326
430275313632785	430275335997576	430275313797264
430275349578879	430275360650857	430275349973254
430275350006951	430275368869347	430275350123410
430275366571691	430275385305493	430275366964504
430275383210910	430275401743305	430275383602941
430275399881639	430275418177941	430275400292472
430275416607472	430275434613826	430275421151483
430275452856014	430275467487211	430275453274972
430275453171170	430275475706118	430275453296951
430275469774035	430275483925180	430275470168670
430275486506691	430275500359346	430275486887003
430275503141378	430275516795180	430275503512472
430275519848253	430275541448513	430275527039035
430275555031222	430275566102316	430275555382003
430275555408514	430275574321638	430275555564191
430275571973566	430275582540648	430275572373410
430275588708722	430275598977732	430275589174972
430275605405597	430275615415076	430275605764139
430275622030753	430275648291066	430275632359608
430275653609503	430275664729451	430275653908410
430275655436378	430275672948774	430275655760858
430275671991639	430275689383409	430275672392785
430275688676639	430275705820336	430275689057160
430275705474660	430275738689086	430275722186170
430275722128722	430275746907576	430275722186951
430275756795233	430275771563253	430275757144503
430275757068097	430275779782680	430275757236639
430275773766170	430275788001690	430275774131535
430275790491066	430275804439607	430275790978201
430275807095441	430275820878566	430275807508410
430275823766222	430275845537420	430275829764191
430275860741378	430275878411169	430275861119816
430275861102889	430275886628670	430275861239295
430275877702108	430275894847055	430275878377420
430275894442316	430275911279712	430275894792003
430275911044035	430275927715440	430275911505285
430275927795076	430275952367002	430275934914660
430275964677628	430275977020232	430275965040753
430275964852160	430275985239815	430275965045597
430275981520753	430275993459034	430275981904972
430275998221066	430276009895804	430275998656847
430276014876222	430276026332628	430276015260285
430276031591222	430276059207367	430276046966535
430276048253410	430276067425284	430276048614139
430276084142160	430276100298930	430276084454191
430276084518982	430276108517628	430276084699660
430276101065128	430276116736951	430276101525285
430276117673045	430276133174607	430276118104503
430276134463357	430276149611430	430276134930857
430276151050597	430276182485128	430276167587628
430276167745389	430276190702575	430276167856066
430276200610701	430276215356534	430276200919034
430276201086951	430276223575023	430276201208045
430276217790389	430276231795648	430276218154607

POLL t=92.0 tick=1992
8333333
430285745609500	430285765104603	430285745771062
430285763565177	430285781542520	430285763953197
430285779926270	430285797980281	430285780361218
430285796651531	430285814418301	430285797034343
430285813270906	430285839073614	430285825697625
430285829985750	430285847291322	430285830513666
430285871355906	430285888382989	430285871798250
430285871687000	430285896600957	430285871809812
430285888628302	430285904819343	430285888858197
430285905023197	430285921256687	430285905381479
430285921672104	430285937695541	430285922033979
430285938325125	430285954132936	430285940812468
430285974291999	430285987003457	430285974684604
430285974583354	430285995220541	430285974758249
430285991146062	430286003438613	430285991588406
430286007812624	430286019873926	430286008237104
430286024558354	430286036308197	430286024978354
430286041207885	430286052739916	430286041571166
430286057872937	430286077394343	430286062573666
430286093195854	430286110271843	430286093552624
430286093362624	430286118491113	430286093584916
430286110022468	430286126711270	430286110633197
430286126725749	430286143153458	430286127189656
430286143436218	430286159593249	430286143865229
430286160131479	430286192472781	430286176673249
430286176694760	430286200691790	430286176861218
430286212427885	430286225348405	430286213084499
430286212659968	430286233568145	430286213090749
430286229364760	430286241787311	430286229798041
430286246052156	430286258225332	430286246479447
430286262689343	430286274663718	430286263066374
430286279358718	430286307540957	430286292397572
430286296071999	430286315759551	430286296413510
430286343624604	430286356851843	430286343964968
430286343847312	430286365069290	430286343969187
430286360573249	430286373287312	430286361012624
430286377204604	430286389723041	430286377716010
430286393892885	430286406159655	430286394258353
430286410490072	430286439035071	430286423281010
430286427239916	430286447253301	430286427601478
430286467134968	430286480129812	430286467728406
430286467557468	430286488348093	430286467796166
430286484086218	430286496566270	430286484511374
430286500791947	430286513002312	430286501240437
430286517448353	430286529440488	430286517817624
430286534071687	430286554097884	430286539697156
430286570298249	430286586978665	430286571238406
430286570559968	430286595198457	430286571251010
430286588546374	430286603417207	430286588947624
430286605008874	430286619856322	430286605445593
430286621612624	430286636296217	430286621987103
430286638273093	430286660956061	430286648440072
430286674158718	430286685617884	430286674635749
430286674637780	430286693838405	430286674821999
430286691082624	430286702057988	430286691524291
430286707732780	430286718494551	430286708135593
430286724483405	430286734934551	430286724848562
430286741141218	430286767817728	430286750967728
430286778889187	430286792480384	430286779324655
430286779297572	430286800700748	430286779460905
430286795798353	430286808920228	430286796204812
430286812448093	430286825360436	430286812727155
430286829175853	430286841798405	430286829730437
430286845859968	430286874674030	430286861611843
430286862502468	430286882892832	430286862861947
430286899135905	430286915767780	430286899565437
430286899326010	430286923986009	430286899571687
430286916022885	430286932205488	430286916346374
430286932762155	430286948642885	430286933167885
430286949383874	430286965080019	430286949755437
430286966041999	430286989736321	430286973775749
430287001738405	430287014391842	430287002077624
430287002101530	430287022611790	430287002253093
430287018660280	430287030830540	430287019048822
430287035398562	430287047272311	430287035786218
430287052113093	430287063713666	430287052508718
430287068753249	430287080153717	430287069124030
430287085414499	430287104810176	430287092858718
430287119118197	430287129467415	430287119565228
430287119345593	430287137686061	430287119571999
430287136109343	430287154124394	430287136533718
430287152769030	430287170564551	430287153189187
430287169399603	430287187005592	430287169815593
430287186116634	430287211665175	430287197115124
430287223479655	430287236325696	430287224102780
430287223850072	430287244545436	430287224107937
430287240499499	430287252764030	430287240887155
430287257153353	430287269202467	430287257525228
430287273857936	430287285640905	430287274223822
430287290593249	430287310295176	430287292473093
430287326121791	430287343165697	430287326621686
430287326646322	430287351383457	430287326898978
430287343148561	430287359601894	430287343548561
430287359878978	430287376039602	430287360322572
430287376529968	430287392477936	430287376892624
430287393263041	430287417136738	430287401396478
430287424096322	430287441797571	430287424360905
430287426502624	430287450016999	430287426829134
430287443158405	430287458235905	430287443562311
430287459814447	430287474675072	430287460181218
430287476519811	430287491114811	430287476884186
430287493139499	430287507553196	430287494211634
430287528631843	430287540434551	430287529173978
430287529003405	430287548655228	430287529183666
430287545605749	430287556875905	430287546182468
430287562254916	430287573317780	430287562732468
430287579001166	430287589759291	430287579554811
430287595627572	430287606201894	430287596004499
430287612295749	430287630864707	430287613584811
430287647716999	430287663747258	430287648903405
430287647903978	430287671966530	430287648919030
430287664563197	430287680185540	430287664947936
430287681231530	430287696623560	430287681608561
430287697960228	430287713063508	430287698340436
430287714623405	430287737730592	430287725320124
430287749954811	430287762391946	430287750371530
430287750135436	430287770613873	430287750375853
430287766836686	430287778834707	430287767221218
430287783548665	430287795275540	430287783913040
430287800228561	430287811716113	430287800594343
430287816991009	430287836372206	430287819441999
430287853310593	430287869246373	430287853689655
430287853701843	430287877465956	430287853883197
430287870242311	430287885685749	430287870654290
430287886973197	430287902124395	430287887340384
430287903636322	430287918564290	430287904073093
430287920308092	430287935004707	430287925193717

POLL t=103.9 tick=2084
8333333
430297660580693	430297674761474	430297663438558
430297705705589	430297715856786	430297706120068
430297706077151	430297724075172	430297706308870
430297722690380	430297740512515	430297723154026
430297739627880	430297756952150	430297742810120
430297756053349	430297773393348	430297756413245
430297772689651	430297789836474	430297775079495
430297807461839	430297822718973	430297807793089
430297807703974	430297830940276	430297807797151
430297824604912	430297839160952	430297825009339
430297841138818	430297855599234	430297841312724
430297857733245	430297872039754	430297858101995
430297893284807	430297904924494	430297893751839
430297893506370	430297913146213	430297893760120
430297910225432	430297921368140	430297910718089
430297926809495	430297946029703	430297930478870
430297943509807	430297954249182	430297943981526
430297960298818	430297978907724	430297960736995
430297976890120	430297995349182	430297977811943
430298014575432	430298028229546	430298014976162
430298014830068	430298036449703	430298014981682
430298031509651	430298044669754	430298031944912
430298048203974	430298069326213	430298051539182
430298064858974	430298077545432	430298065236005
430298081541839	430298093983921	430298081875849
430298121314651	430298135080692	430298121702776
430298121624495	430298143300952	430298121703505
430298138129807	430298151519911	430298138585901
430298154809287	430298167956369	430298155210589
430298171514599	430298184392672	430298171932464
430298188171839	430298200828870	430298189950276
430298224095745	430298241912098	430298224613401
430298224356630	430298250131004	430298224619911
430298240965120	430298258350327	430298241384286
430298257928401	430298274788140	430298261198245
430298274388661	430298291225432	430298274751214
430298291034651	430298307664130	430298295231526
430298326790432	430298340541786	430298327169286
430298326998401	430298348760692	430298327176370
430298343640745	430298356979338	430298344047099
430298360336318	430298373417307	430298362982724
430298377009026	430298389854755	430298377394443
430298393717464	430298406290327	430298394037255
430298429804911	430298447381838	430298430282880
430298430257411	430298455599598	430298430432724
430298446681161	430298463816733	430298447289130
430298463388349	430298480252463	430298466710693
430298480121786	430298496688348	430298480505224
430298496774807	430298513127098	430298497403349
430298532827307	430298546002984	430298533219338
430298532976005	430298554221838	430298533223870
430298549615432	430298562441682	430298550035849
430298566291057	430298578881473	430298566733818
430298582990432	430298595318817	430298583404755
430298599652099	430298628193244	430298613713245
430298616387255	430298636411369	430298616749911
430298654754911	430298669285067	430298655286057
430298655056213	430298677502359	430298655292932
430298671715588	430298685720067	430298672125224
430298688358557	430298702158035	430298688691213
430298705083557	430298718595536	430298705631370
430298721722620	430298751466265	430298734704026
430298738386682	430298759685380	430298738744338
430298777633713	430298792561057	430298778086370
430298777847620	430298800780224	430298778096370
430298794486526	430298808998609	430298794931213
430298811159495	430298825435797	430298811690432
430298827887411	430298841871578	430298828262151
430298844548974	430298866526421	430298851754286
430298879779651	430298891183973	430298880188505
430298879961630	430298899403609	430298880196005
430298896636005	430298907623245	430298897038870
430298913317151	430298924064181	430298913751682
430298930038088	430298948723192	430298930446838
430298946689963	430298981604130	430298963953870
430298963374026	430298989823192	430298964031942
430298999254130	430299014481681	430298999852151
430298999584807	430299022700848	430298999860536
430299016224338	430299030918973	430299016633036
430299033007724	430299047358556	430299033426526
430299049615901	430299063797775	430299049979130
430299066286057	430299088453660	430299072732619
430299097247619	430299113107984	430299097724442
430299099599651	430299121327880	430299099945119
430299116225744	430299129546682	430299116597619
430299132941838	430299145983296	430299133249807
430299149582255	430299162419285	430299149965276
430299182413713	430299195295484	430299182726526
430299182992411	430299203513609	430299183120536
430299199631682	430299211730379	430299200045588
430299216395744	430299228163973	430299216730276
430299233040380	430299244601005	430299233408869
430299268363401	430299285694181	430299268752255
430299268777151	430299293913191	430299268906994
430299285302567	430299302132307	430299285989286
430299302065119	430299318570796	430299302482463
430299318652932	430299335008661	430299319036526
430299335330692	430299359664494	430299345246369
430299370429338	430299384322775	430299370851994
430299371014182	430299392541577	430299371216682
430299387441838	430299400760692	430299387847463
430299404173088	430299417198453	430299404613869
430299420870588	430299433636369	430299421256994
430299437555276	430299458292307	430299446458192
430299471538036	430299482951369	430299471861474
430299471883088	430299491170900	430299472030119
430299488496526	430299499390639	430299488919286
430299505318921	430299515831264	430299505693557
430299521855119	430299532271942	430299522230276
430299538497463	430299565151890	430299550566317
430299555157098	430299573371733	430299555530848
430299593792463	430299606250953	430299594302932
430299594128817	430299614469806	430299594316213
430299612247619	430299630911630	430299612662932
430299628552776	430299639132150	430299629106994
430299645317151	430299655571681	430299645681994
430299661997463	430299680227411	430299664694026
430299705271994	430299721322150	430299705812463
430299705427619	430299729540796	430299705816994
430299722181942	430299737759285	430299722431838
430299738855692	430299754195223	430299739229650
430299755498400	430299787071160	430299770110692
430299772216838	430299795290691	430299772571057
430299810057307	430299828169858	430299810666473
430299810391005	430299836390170	430299810677098
430299827034911	430299844610640	430299827492255
430299843661838	9223372036854775807	430299844118869

POLL t=116.1 tick=2224
8333333
430309799861209	430309814615272	430309800316834
430309816509595	430309831054594	430309816919647
430309833198397	430309847491625	430309833573553
430309849855115	430309872146365	430309855900115
430309885047147	430309896798553	430309885357563
430309885222407	430309905015792	430309885368345
430309901960584	430309913232875	430309902365272
430309918632459	430309929663240	430309918994647
430309935317615	430309946096573	430309935685428
430309951994907	430309970750635	430309953961053
430309988999022	430310003630115	430309989367928
430309989210584	430310011850375	430309989376834
430310005862615	430310020069906	430310006282147
430310022585688	430310036507666	430310022952615
430310039271678	430310052949229	430310039637719
430310055953188	430310069389438	430310059444647
430310091839282	430310110483709	430310092127147
430310091999907	430310118703865	430310092140376
430310108660219	430310126923136	430310109112876
430310125327876	430310143358813	430310125721209
430310142069126	430310159794907	430310142453865
430310158740115	430310176233396	430310165065740
430310195281001	430310209108604	430310195719021
430310195492876	430310217327563	430310195725584
430310212153240	430310225545896	430310212545376
430310228866053	430310241985375	430310229260428
430310245538396	430310258426312	430310245913709
430310262204282	430310283085948	430310267526834
430310298190271	430310315958812	430310298616469
430310298385219	430310324177198	430310298633084
430310315103240	430310332395375	430310315494126
430310331723084	430310348833656	430310332121834
430310348385844	430310365271053	430310348772771
430310365037771	430310389928605	430310375306365
430310400322094	430310414584282	430310400710844
430310400485428	430310422802458	430310400716678
430310417243709	430310431019229	430310417622303
430310433902146	430310447455844	430310434279126
430310450560428	430310480327718	430310466170063
430310467210844	430310488547823	430310467578709
430310504850271	430310521421625	430310505328240
430310505483553	430310529641365	430310505669959
430310521767146	430310537859178	430310522051834
430310538722876	430310554297042	430310539101678
430310555164021	430310570733448	430310555535376
430310571810063	430310595387823	430310584032771
430310588485271	430310603604803	430310589039178
430310627817771	430310644696781	430310628207615
430310628238396	430310652914906	430310628393969
430310644779178	430310661132771	430310645221678
430310661406157	430310677568031	430310661836365
430310678134178	430310694007615	430310678639907
430310694787615	430310718666104	430310703817146
430310730964125	430310743325219	430310731505271
430310731380271	430310751545427	430310731506521
430310747879907	430310759765323	430310748259907
430310764564646	430310776204386	430310765009750
430310781328396	430310792642875	430310781766990
430310797951938	430310825519854	430310812382928
430310814607615	430310833737407	430310814977250
430310861547927	430310874826104	430310861934802
430310861754177	430310883044750	430310861939646
430310878458709	430310891263084	430310878917094
430310895087615	430310907699437	430310895510740
430310911820532	430310924133917	430310912222146
430310928513865	430310940570792	430310928969907
430310945153709	430310965223761	430310947874959
430310981244959	430310998093552	430310981868500
430310981491938	430311006311886	430310981900011
430310999598761	430311014530063	430310999978032
430311016052563	430311030964020	430311016381677
430311032669125	430311047396312	430311033050844
430311049339282	430311063831417	430311050311052
430311084894802	430311096701313	430311085496365
430311085216938	430311104918812	430311085501782
430311101864177	430311113136677	430311102301625
430311118564802	430311129572979	430311118938552
430311135194802	430311146007927	430311135571209
430311151932615	430311170660739	430311153333709
430311186660740	430311203535323	430311186995584
430311187095688	430311211754334	430311187326417
430311203613865	430311219972875	430311204248865
430311220427146	430311236412719	430311220823865
430311237001052	430311252851312	430311237373396
430311253664177	430311277508604	430311261772146
430311284555427	430311302163865	430311284877563
430311287023240	430311310383343	430311287367250
430311303641677	430311318602042	430311304084021
430311320353396	430311335039386	430311320728084
430311337010271	430311367911781	430311351473813
430311353722459	430311376130219	430311354067250
430311391067927	430311409000895	430311391457250
430311391489177	430311417219386	430311391741677
430311408161677	430311425438240	430311408538344
430311424781834	430311441875583	430311425211677
430311441489177	430311458311885	430311441859802
430311458157406	430311474747666	430311462946938
430311496128500	430311507618187	430311496372302
430311496406521	430311515834593	430311496607615
430311513202615	430311524052198	430311513602875
430311529922771	430311540485635	430311530316313
430311546582563	430311556920479	430311546990271
430311563232406	430311581574698	430311568761833
430311597408552	430311614446104	430311597739646
430311597727302	430311622662719	430311597819906
430311614346781	430311630881729	430311614796521
430311631094177	430311647316937	430311631471000
430311647921208	430311663752197	430311648311677
430311664448083	430311688405583	430311670883031
430311699794021	430311713063187	430311700151469
430311700044646	430311721282510	430311700152146
430311716635427	430311729502666	430311717026313
430311733365583	430311745939645	430311733793708
430311750041938	430311762376208	430311750426990
430311766703708	430311795242510	430311779209802
430311783417563	430311803460740	430311783783240
430311822118031	430311836328031	430311822611208
430311822410688	430311844543969	430311822619490
430311839085740	430311852760479	430311839502458
430311855734906	430311869196103	430311856104490
430311872335531	430311893851573	430311883807458
430311908219125	430311926721728	430311908569802
430311908396677	430311934941052	430311908611625
430311925119906	430311943160010	430311925526000
430311941786052	430311959598030	430311942156156
430311958476937	430311976037354	430311958853396
430311975186677	430311992476104	430311980220271

POLL t=127.8 tick=2319
8333333
430321774671361	430321795362871	430321774860423
430321791186517	430321803581205	430321791580996
430321807875267	430321820017297	430321808314798
430321824596465	430321836452610	430321824990267
430321841272767	430321869321777	430321853884017
430321857920684	430321877540423	430321858288184
430321895310684	430321910410475	430321895790371
430321895584902	430321918628183	430321895802090
430321912184642	430321926846204	430321912622402
430321928924746	430321943283027	430321929299642
430321945596830	430321976148027	430321959781309
430321962244277	430321984364537	430321962778080
430321997975267	430322009013860	430321998590892
430321998470996	430322017232141	430321998604329
430322014894798	430322025450163	430322015340215
430322031535059	430322041884120	430322031920059
430322048316986	430322066534329	430322048680215
430322064952090	430322091187349	430322076188027
430322081601934	430322099403965	430322081969173
430322122864486	430322140487402	430322123391621
430322123225579	430322148703756	430322123415215
430322141264069	430322156921672	430322141629954
430322157683652	430322173359277	430322158048548
430322174331777	430322198012871	430322183868861
430322206462611	430322222666048	430322206821048
430322207592611	430322230884798	430322207958704
430322224337298	430322239103287	430322224743704
430322240971309	430322255541360	430322241408496
430322257691465	430322271978704	430322258062871
430322274395111	430322296630422	430322282152871
430322309779173	430322321283912	430322310199798
430322309952611	430322329502715	430322310207402
430322326598965	430322337722142	430322326989954
430322343284173	430322354157923	430322343722767
430322359995736	430322378812037	430322360447090
430322376663548	430322403464069	430322386486673
430322413485423	430322428118287	430322413932559
430322413825736	430322436336933	430322413967767
430322430308236	430322444555474	430322430692611
430322447245111	430322460991360	430322447635215
430322463745058	430322477428339	430322464188548
430322480407454	430322502082297	430322491178079
430322516773548	430322534954954	430322517272090
430322517159017	430322543172610	430322517272558
430322533643704	430322551391308	430322534527923
430322550350058	430322567827089	430322550868236
430322567092090	430322584263495	430322567600579
430322583721933	430322608924016	430322592077715
430322620384173	430322633582923	430322620792767
430322620763704	430322641803704	430322620930058
430322637429538	430322650022871	430322637796986
430322654010683	430322666460422	430322654435423
430322670615058	430322682896204	430322670988704
430322687319017	430322707549381	430322690442402
430322723488235	430322740419641	430322723863183
430322723680579	430322748636412	430322723874329
430322740329954	430322756853860	430322740891152
430322757090527	430322773287819	430322757526152
430322773781204	430322789723652	430322774150058
430322790445267	430322806159068	430322795748183
430322827068548	430322839026204	430322827446465
430322827282715	430322847244902	430322827463079
430322843917298	430322855463756	430322844301777
430322860675423	430322871899277	430322861104173
430322877323652	430322888335423	430322877701985
430322893983808	430322912990423	430322897635892
430322930383079	430322945863027	430322930752923
430322930579642	430322954082349	430322930809798
430322947245683	430322962301881	430322947629642
430322963895892	430322978740630	430322964361204
430322980645579	430322995179172	430322981014746
430322997341673	430323019834433	430323003145423
430323030079069	430323044489380	430323030486673
430323031230423	430323052708339	430323031581048
430323047352715	430323060925422	430323047751204
430323064249642	430323077358599	430323064720683
430323080758548	430323093793183	430323081126308
430323097493496	430323110227766	430323099806829
430323133676621	430323151316151	430323134097454
430323133995371	430323159533027	430323134102246
430323150582923	430323167751047	430323151218808
430323167326621	430323184186829	430323167779017
430323183958183	430323200621776	430323184345267
430323200641517	430323217056985	430323205978339
430323238450214	430323249929798	430323238808079
430323238751621	430323258149693	430323238930371
430323255368235	430323266368704	430323255761933
430323272089746	430323282806100	430323272500892
430323288753339	430323299244016	430323289130423
430323305431985	430323323899849	430323313619329
430323342047714	430323356775214	430323342398235
430323342248548	430323364993339	430323342416152
430323358962298	430323373210579	430323359351673
430323375660423	430323389646256	430323376133339
430323392379277	430323422516880	430323405868548
430323409159173	430323430734224	430323409435996
430323447592610	430323463606255	430323447952402
430323448447610	430323471825839	430323448801933
430323464897298	430323480043131	430323465262089
430323481452714	430323496480891	430323481814798
430323498133079	430323529356255	430323513869016
430323514769954	430323537573912	430323515124329
430323547318027	430323562229225	430323547632923
430323548019798	430323570447870	430323548360579
430323564756516	430323578666881	430323565162089
430323581388964	430323595105110	430323581771048
430323598123860	430323619760995	430323606348496
430323634932714	430323652638130	430323635438183
430323635396464	430323660857662	430323635561777
430323652201308	430323669076360	430323653266048
430323668650423	430323685516255	430323669035579
430323685288704	430323710174173	430323699775579
430323701937402	430323718392818	430323702454329
430323743709120	430323759492609	430323744254485
430323743986464	430323767712974	430323744259902
430323761913183	430323775932401	430323762285735
430323778356516	430323792370057	430323778777402
430323794994954	430323817027661	430323804927454
430323829591829	430323841683131	430323830051673
430323829926204	430323849901672	430323830063860
430323846555110	430323858119172	430323846959173
430323863278391	430323874555787	430323863618860
430323879930370	430323907428130	430323892194485
430323896598808	430323915646516	430323896956464
430323936682454	430323948520995	430323937097454
430323937029329	430323956739588	430323937193860
430323953670422	9223372036854775807	430323954081620

POLL t=139.6 tick=2415
8333333
430333284510888	430333300334273	430333284883700
430333301168492	430333324994481	430333307807554
430333338913075	430333349650835	430333339354898
430333339384638	430333357869116	430333339584429
430333355871981	430333374308544	430333356278700
430333372617242	430333390747241	430333373051669
430333389271148	430333407187190	430333389642138
430333405944325	430333423626512	430333412657919
430333442429429	430333456502346	430333442800054
430333442624325	430333464720262	430333442807450
430333459291773	430333472937866	430333459689481
430333476052398	430333489372397	430333476408961
430333492659950	430333505808335	430333493035731
430333509335731	430333530459898	430333514332450
430333544987450	430333563325575	430333545516825
430333545374950	430333571542710	430333545524586
430333561918388	430333579759690	430333562370054
430333578620835	430333596195210	430333579006304
430333595319794	430333612628647	430333595713179
430333612025263	430333629060731	430333615560992
430333647280575	430333661930158	430333647670106
430333647460419	430333670148127	430333647676356
430333664140106	430333678365940	430333664568075
430333680803700	430333694799324	430333681177554
430333697524950	430333711231876	430333697899794
430333714184794	430333735883283	430333719836981
430333749503388	430333760535679	430333749868960
430333749667606	430333768751929	430333749888544
430333766334898	430333776969585	430333766724794
430333783022138	430333793404845	430333783454013
430333799765992	430333818055782	430333800193960
430333816430835	430333842701459	430333826016773
430333853238856	430333867350366	430333853595419
430333853432242	430333875568283	430333853618544
430333870091148	430333883787449	430333870516044
430333886819637	430333900222501	430333887283179
430333903459169	430333916654950	430333903839325
430333920259742	430333941308126	430333924482606
430333966260367	430333982398491	430333966628856
430333966402762	430333990618804	430333966638387
430333983099481	430333998838700	430333983500731
430334000056929	430334015277606	430334000403544
430334016520679	430334031716303	430334016879950
430334033179794	430334056369324	430334041272137
430334068675523	430334081022137	430334069036512
430334068847762	430334089241408	430334069042710
430334085507710	430334097461459	430334085891044
430334102188648	430334113900887	430334102627762
430334118912450	430334130339949	430334119297450
430334135569481	430334163219793	430334145487450
430334172556148	430334187877918	430334172941512
430334172844169	430334196097867	430334172993075
430334189391460	430334204317293	430334189799481
430334206098492	430334220756720	430334206480523
430334222778960	430334237196720	430334223158179
430334239446929	430334261854116	430334244338179
430334274755106	430334286514012	430334275136200
430334275032554	430334294732658	430334275159481
430334291639169	430334302951825	430334292035366
430334308308856	430334319390731	430334308704481
430334325022554	430334335829481	430334325395054
430334341697137	430334360483075	430334347857762
430334376708387	430334393356825	430334377093804
430334376918544	430334401574273	430334377149898
430334393609012	430334409792241	430334393995679
430334410245106	430334426227762	430334410626616
430334426975366	430334442661824	430334427373179
430334443636460	430334467313074	430334453783543
430334479121981	430334491964793	430334479537241
430334479516460	430334500182866	430334479676200
430334496037606	430334508401877	430334496273179
430334512722554	430334524838595	430334513134793
430334529459429	430334541276251	430334529968804
430334546062918	430334574153387	430334559580210
430334562758075	430334582372918	430334563125887
430334596278648	430334607031095	430334596826981
430334596833856	430334615249793	430334596990575
430334613433387	430334631685158	430334613853491
430334630175418	430334648121043	430334630566512
430334646815418	430334664555314	430334647185887
430334663450106	430334680991459	430334663872085
430334701691148	430334713863647	430334702235418
430334702058856	430334722082032	430334702242398
430334718706148	430334730300470	430334719102085
430334735413335	430334746737918	430334735817450
430334752048700	430334763175262	430334752401616
430334768713804	430334796049011	430334780565106
430334805220418	430334820700783	430334805698960
430334805522606	430334828919585	430334805709116
430334822300523	430334837138543	430334822682450
430334838951616	430334853576772	430334839328543
430334855658856	430334870015574	430334856087866
430334872385575	430334894669584	430334879297450
430334907397918	430334919324272	430334907800262
430334907589950	430334927542397	430334907806772
430334924323231	430334935761512	430334924707918
430334941133647	430334952195366	430334941560106
430334957723387	430334968630678	430334958090106
430334974460731	430334993282554	430334980136356
430335009631981	430335026152501	430335010021772
430335009945366	430335034368282	430335010135262
430335026511825	430335042584376	430335026922137
430335043255522	430335059017866	430335043711981
430335059984481	430335075450002	430335060374325
430335076614325	430335100101407	430335084890887
430335113116199	430335124756407	430335113512293
430335113625522	430335132974532	430335113806356
430335130440262	430335141192605	430335130819012
430335146891668	430335157628803	430335147275418
430335163568074	430335174066928	430335163938231
430335180191043	430335198718856	430335182919012
430335215600366	430335231591876	430335215944116
430335215782606	430335239807918	430335215990887
430335232460418	430335248024063	430335232872137
430335249141304	430335264459115	430335249575106
430335265852762	430335280895418	430335266229637
430335282494949	430335305547762	430335290989168
430335317627241	430335330198543	430335317960679
430335317852137	430335338417085	430335318006043
430335334458231	430335346634219	430335334862241
430335351230054	430335363068803	430335351576824
430335367861043	430335395942918	430335383806356
430335384512710	430335404161095	430335384895731
430335421163647	430335437038543	430335421628074
430335421492606	430335445257918	430335421641356
430335438095574	430335453477917	430335438536824
430335454883335	430335469918491	430335455385522

POLL t=151.5 tick=2562
8333333
430345402890102	430345421613382	430345403036664
430345419535883	430345438046508	430345420026508
430345436212289	430345454480674	430345436681039
430345452948227	430345470912914	430345453442914
430345469613800	430345487349476	430345476980571
430345503101977	430345520221507	430345503487602
430345503268071	430345528437757	430345503494321
430345519939946	430345536655154	430345520678696
430345536626664	430345553091715	430345537003071
430345553391456	430345569528331	430345553754112
430345570030258	430345585965049	430345575077237
430345604314320	430345618837965	430345604781300
430345604676820	430345627054372	430345604799945
430345621207081	430345635273278	430345621681195
430345637957602	430345651711872	430345638378539
430345654600518	430345668147913	430345654966664
430345671254008	430345692796872	430345674583800
430345704589633	430345717445830	430345704943695
430345704794320	430345725662081	430345704975206
430345721460727	430345733879893	430345721865570
430345738137237	430345750315361	430345738507289
430345754858331	430345766749528	430345755235102
430345771517081	430345791399059	430345773991508
430345805471456	430345816048695	430345805853383
430345805624633	430345824263955	430345805919477
430345822300258	430345840695882	430345822739164
430345839188695	430345857128643	430345839570883
430345855756820	430345873561455	430345856157393
430345872394164	430345898210570	430345881393383
430345907364268	430345922863227	430345907710570
430345907526977	430345931081299	430345907717550
430345924167914	430345939298591	430345924551612
430345940970883	430345955734060	430345941353539
430345957566195	430345972170257	430345957941352
430345974247602	430345988606872	430345978504008
430346008158018	430346021479112	430346008503070
430346008346768	430346029697028	430346008521508
430346025014112	430346037915570	430346025429737
430346041692758	430346054351976	430346042064477
430346058401508	430346070791872	430346058761977
430346075069268	430346095447809	430346078508070
430346108837706	430346120104685	430346109233539
430346109003852	430346128323695	430346109245570
430346125663331	430346136542706	430346126052914
430346142378070	430346152981456	430346142798227
430346159059112	430346177638226	430346159453383
430346175727549	430346194074788	430346180443539
430346209787445	430346226949632	430346210147289
430346209998331	430346235167184	430346210155831
430346226650102	430346243384737	430346227321924
430346243297758	430346259821038	430346243703487
430346260056456	430346276254268	430346260403331
430346276678695	430346292684736	430346281838643
430346310212289	430346325545414	430346310611508
430346310365674	430346333762132	430346310618851
430346326997445	430346341979112	430346327389476
430346343709789	430346358412965	430346344170414
430346360404008	430346374848643	430346360781351
430346377099424	430346399500465	430346384466456
430346411335831	430346424153121	430346411839424
430346411664320	430346432371403	430346411844945
430346428297445	430346440591038	430346428711039
430346445266664	430346457028174	430346445698226
430346461709112	430346473463642	430346462219476
430346478331976	430346498117393	430346485999008
430346512806768	430346530994320	430346513312758
430346513148226	430346539213278	430346513320883
430346529732133	430346547432028	430346530161195
430346546441976	430346563871872	430346546833383
430346563106664	430346580309528	430346563706976
430346579793070	430346596746143	430346580342549
430346596469789	430346621402028	430346605769476
430346630298226	430346646053487	430346630654737
430346630580414	430346654270205	430346630655726
430346647209945	430346662487236	430346647738956
430346663884581	430346678920309	430346664336664
430346680603070	430346695354632	430346680962445
430346697297289	430346720006455	430346705115049
430346732621820	430346744659007	430346733031299
430346733048851	430346752875621	430346733210258
430346749648799	430346761091820	430346750090830
430346766341820	430346777526402	430346766759320
430346782994320	430346793960935	430346783365883
430346799688955	430346818610830	430346802680987
430346832848643	430346851473017	430346833161976
430346833046820	430346859688591	430346833167758
430346849784164	430346867904840	430346850194320
430346866476195	430346884336195	430346866929476
430346883091820	430346900765621	430346883464945
430346899828955	430346917198434	430346903031664
430346934009320	430346950067236	430346934321976
430346934283487	430346958284475	430346934401351
430346950965101	430346966501299	430346951218226
430346967657289	430346982934840	430346968111976
430346984352601	430346999365414	430346984706924
430347000979476	430347015801403	430347004068018
430347035845726	430347048664371	430347036214893
430347036087549	430347056880934	430347036220205
430347052766299	430347065096767	430347053170987
430347069526768	430347081529320	430347069944476
430347086127914	430347114397080	430347104284789
430347102853382	430347122614371	430347104302080
430347133185882	430347147261767	430347133485257
430347136154945	430347155478746	430347136454007
430347152746299	430347163696299	430347153174893
430347169452914	430347180130257	430347169880414
430347186105570	430347196564476	430347186470101
430347202818851	430347221217289	430347204961039
430347238168695	430347254087184	430347238534789
430347238541976	430347262304840	430347238708851
430347255153955	430347270522080	430347255526507
430347271815726	430347286955205	430347272216143
430347288482601	430347319827705	430347302833330
430347305149320	430347328046976	430347305531976
430347340231195	430347352699528	430347340614476
430347340430361	430347360916559	430347340620882
430347357169580	430347369133070	430347357600986
430347373879424	430347385566559	430347374355518
430347390490257	430347402000830	430347390852445
430347407169111	430347418437757	430347408264789
430347442029007	430347459526663	430347442408851
430347442239632	430347467744319	430347442417289
430347458909164	430347475961611	430347459292289
430347475596039	430347492397236	430347476232132
430347492294007	430347508829475	430347492663695
430347509022757	430347533479736	430347517552132
430347543614789	9223372036854775807	430347544201143

POLL t=163.3 tick=2661
8333333
430357177991972	430357189634681	430357178427910
430357194699160	430357206070305	430357195070045
430357211362233	430357230726034	430357216398379
430357245191139	430357263596347	430357245568379
430357245348483	430357271812910	430357245575201
430357261995566	430357280030045	430357262396816
430357278685097	430357296466972	430357279137910
430357295395254	430357312904003	430357295772233
430357312185722	430357329338847	430357316093951
430357345909160	430357362204419	430357346317441
430357346304420	430357370420462	430357346435566
430357362748847	430357378636555	430357363160097
430357379462545	430357395068638	430357379901920
430357396197285	430357411502389	430357396564472
430357412859108	430357436152441	430357419602545
430357446750514	430357460807545	430357447207285
430357447039576	430357469024732	430357447211764
430357463571660	430357477241816	430357463995826
430357480259316	430357493677648	430357480686295
430357496942285	430357510114472	430357497306816
430357513612858	430357534769785	430357520777753
430357547748535	430357559426347	430357548109628
430357548145566	430357567644940	430357548322597
430357564758535	430357575862493	430357565229420
430357581418691	430357592297909	430357581802441
430357598117910	430357625162389	430357613004576
430357614774160	430357633377649	430357615142285
430357651505722	430357666239940	430357652056920
430357651801139	430357674454367	430357652065201
430357668399420	430357682669680	430357668842545
430357685125097	430357699100565	430357685558170
430357701735878	430357715532441	430357702151972
430357718446764	430357740182388	430357722719941
430357752135253	430357764836294	430357752545410
430357752350878	430357773054420	430357752552910
430357768994628	430357781271191	430357769385410
430357785674264	430357797705826	430357786113847
430357802416347	430357814139055	430357802941191
430357819056503	430357847003326	430357830253847
430357854195982	430357871652388	430357854651816
430357854458847	430357879869628	430357854660566
430357871071503	430357888087805	430357871881816
430357887804003	430357904525462	430357888225514
430357904465253	430357920961816	430357904828170
430357921142910	430357937396450	430357925660566
430357955174160	430357970266763	430357955544628
430357955361191	430357978485461	430357955556660
430357972101660	430357986704211	430357972496607
430357988760826	430358003139888	430357989184472
430358005453847	430358036007544	430358020092910
430358022104472	430358044225304	430358022450357
430358058404003	430358077089784	430358058908534
430358058958066	430358085306191	430358059076347
430358075672753	430358093522336	430358076054003
430358092102909	430358109958534	430358092520722
430358108738847	430358126393690	430358109102128
430358125394316	430358142826867	430358125715566
430358158718482	430358175693430	430358159053170
430358158895097	430358183910201	430358159058378
430358177014316	430358192126503	430358177397857
430358193438482	430358208558378	430358193877753
430358210136451	430358224990669	430358210543691
430358226786816	430358241424784	430358230708378
430358260950878	430358274289836	430358261402909
430358261211659	430358282505253	430358261408222
430358277838951	430358290721815	430358278242128
430358294567701	430358307154680	430358294934628
430358311243378	430358323585774	430358311616816
430358327896295	430358340017336	430358328047909
430358364926347	430358381095200	430358365442597
430358365111764	430358389309993	430358365448691
430358381832284	430358397524888	430358382268534
430358398457597	430358413954263	430358399028847
430358415178534	430358430381815	430358415687597
430358431807128	430358455027232	430358436744628
430358460829472	430358471454941	430358461146816
430358465117649	430358479669263	430358465549159
430358481867284	430358496099784	430358482281034
430358498575722	430358512529263	430358498958951
430358515209107	430358545392076	430358527022128
430358550809159	430358561825305	430358551154784
430358551166451	430358570041867	430358551355878
430358567877753	430358586473690	430358568325409
430358584503691	430358594690252	430358584880409
430358601202388	430358627554836	430358612816659
430358636085722	430358652199732	430358636571347
430358636351191	430358660415722	430358636576451
430358652999732	430358668632336	430358653377753
430358669699576	430358685062856	430358670066607
430358686421451	430358709710877	430358699364159
430358703072128	430358717928169	430358703500357
430358741163222	430358759010148	430358741747128
430358741536659	430358767226294	430358741754888
430358758202284	430358775442752	430358759276659
430358774893951	430358791877336	430358775306920
430358791536815	430358816528481	430358803005513
430358822963482	430358841175617	430358823338534
430358824854472	430358849390721	430358825190097
430358841503847	430358857605981	430358841876347
430358858210670	430358874040461	430358858593065
430358874819888	430358898690930	430358887943690
430358904993065	430358923338481	430358905307440
430358908169888	430358931554315	430358908459628
430358924783222	430358939770878	430358925209628
430358941503170	430358956204315	430358941882909
430358958187753	430358980854888	430358964891347
430358991173638	430359005504524	430358991540565
430358991531347	430359013721606	430358991712597
430359008213847	430359021939419	430359008566347
430359024857284	430359038372180	430359025234420
430359041538222	430359063022596	430359051967076
430359076340513	430359087676347	430359076815409
430359076633013	430359095894003	430359076841347
430359093307753	430359104112492	430359093690097
430359109979628	430359120546242	430359110496138
430359126584472	430359136979419	430359126960097
430359143285669	430359161630773	430359146665513
430359177655253	430359194498221	430359178063534
430359177865878	430359202716607	430359178154628
430359194519732	430359210935669	430359194876919
430359211174628	430359227372284	430359211553222
430359227901034	430359243809055	430359228272232
430359244600669	430359260244628	430359245937440
430359273396138	430359284896190	430359273711972
430359278120149	430359293114262	430359278499940
430359294623482	430359309549523	430359295000669
430359311278951	430359325985409	430359311629940

POLL t=175.3 tick=2762
8333333
430369204113686	430369226520248	430369204272905
430369220675093	430369234734884	430369221086759
430369237452124	430369251167645	430369237942541
430369254077124	430369267599050	430369254470249
430369270752593	430369284030613	430369274005249
430369305121655	430369316893113	430369305517593
430369305414416	430369325109415	430369305523999
430369321968686	430369333325197	430369322352749
430369338664780	430369349754519	430369339049780
430369355406343	430369366183790	430369355931030
430369372044311	430369399043634	430369381395249
430369407822124	430369423690613	430369408268999
430369408410093	430369431907071	430369408550405
430369424914884	430369440123113	430369425352384
430369441607124	430369456553582	430369442043478
430369458283999	430369472983999	430369458646291
430369474957697	430369489415821	430369476915561
430369510371968	430369522278217	430369510935874
430369510743061	430369530493321	430369511010249
430369527348061	430369538708478	430369527769311
430369544024624	430369555137384	430369544376603
430369560676343	430369588001498	430369573301030
430369577343843	430369596219780	430369577698061
430369613558061	430369629089936	430369614037280
430369613834103	430369637308686	430369614044415
430369630511655	430369645526238	430369630998322
430369647185561	430369661959311	430369647686343
430369663848634	430369686609832	430369676964780
430369680521968	430369694826030	430369681032280
430369716863218	430369727691447	430369717317593
430369717091759	430369735907644	430369717325249
430369733724155	430369752337957	430369734172384
430369750447593	430369768772435	430369750841499
430369767123686	430369785204624	430369767511343
430369783809936	430369801638269	430369788752905
430369818324155	430369834503686	430369818722436
430369818707280	430369842720300	430369818902905
430369835247436	430369850936759	430369835698217
430369851972072	430369867369675	430369852344936
430369868594467	430369900230613	430369883532853
430369885273999	430369908446030	430369885634155
430369923378634	430369941313061	430369923854936
430369923840561	430369949529727	430369924052072
430369940396342	430369957746863	430369941732853
430369957082072	430369974180561	430369957511499
430369973704572	430369990614884	430369974056811
430369990385197	430370007050196	430369991903999
430370024248790	430370039922488	430370024587124
430370024408061	430370048141499	430370024595874
430370041107436	430370056360092	430370041585717
430370057779884	430370072798061	430370058213947
430370074448374	430370089231602	430370074826342
430370091144467	430370113881967	430370097291030
430370125397124	430370138535040	430370125946811
430370125745561	430370146753321	430370125953061
430370142316967	430370154971914	430370142833217
430370158899467	430370171407592	430370159346186
430370175646967	430370187845613	430370176078686
430370192295874	430370220720822	430370203658686
430370224189415	430370237155196	430370224539467
430370225566655	430370245372124	430370225942905
430370242267280	430370253589155	430370242661342
430370258876967	430370270021342	430370259266811
430370275592124	430370302885196	430370285413374
430370310782540	430370327533113	430370311192071
430370311145249	430370335750456	430370312052124
430370327820717	430370343967904	430370328083478
430370344482749	430370360402228	430370344859467
430370361198634	430370393268633	430370375641134
430370377862280	430370401485874	430370378177905
430370413243061	430370426138269	430370413743374
430370413629780	430370434356498	430370413744415
430370430129259	430370442574467	430370430583999
430370446855249	430370459007436	430370447266499
430370463544936	430370491876185	430370479889311
430370480218686	430370500093842	430370480320353
430370512630509	430370524749727	430370512979780
430370513568217	430370532970040	430370513995040
430370530416863	430370541190144	430370530859415
430370546934051	430370557628894	430370547334259
430370563560717	430370582286237	430370563932905
430370580272436	430370598723686	430370585558217
430370615548634	430370631598634	430370615850717
430370615728530	430370639816759	430370615856759
430370632457592	430370648034727	430370632876030
430370649130405	430370664472123	430370649524311
430370665826342	430370680912175	430370666198061
430370682696134	430370705570821	430370688887540
430370712828842	430370730230248	430370713154311
430370716185561	430370738447435	430370716508061
430370732703217	430370746665091	430370733073998
430370749391655	430370763099988	430370749763998
430370766036342	430370787753790	430370774363217
430370803711811	430370820622071	430370804046498
430370804068946	430370828837956	430370804143686
430370820675092	430370837056342	430370821329936
430370837413842	430370853490716	430370837787436
430370854119884	430370878144259	430370864606446
430370886994728	430370902795196	430370887337696
430370887352905	430370911013217	430370887474311
430370904053634	430370919231498	430370904458217
430370920761915	430370935669310	430370921199259
430370937401655	430370952108216	430370937763530
430370954111759	430370968548112	430370956562071
430370990912280	430371001432279	430370991303373
430370991463998	430371009651498	430370991601446
430371008126759	430371026088789	430371008535977
430371024840196	430371042523477	430371025238686
430371041495092	430371067177435	430371053649936
430371077102071	430371091834935	430371077446342
430371077338373	430371100054310	430371077453634
430371093980873	430371108273164	430371094445352
430371110696655	430371124709622	430371111059259
430371127364467	430371157584727	430371141967748
430371144031342	430371165804883	430371144375404
430371178539154	430371190466029	430371178943842
430371178750561	430371198686602	430371178955092
430371195393686	430371206906497	430371195875352
430371212048061	430371223346706	430371212479467
430371228742436	430371239786342	430371229131915
430371245476029	430371264445560	430371250044571
430371278289259	430371289104622	430371278653373
430371278794727	430371297322695	430371278923321
430371295544936	430371313757019	430371295965561
430371312195665	430371330192539	430371312572123
430371328886029	430371363064779	430371345146654
430371345527592	9223372036854775807	430371345895404

POLL t=187.1 tick=2911
8333333
430380844606442	430380864152275	430380849392901
430380878764620	430380897021650	430380879237745
430380879114932	430380905240035	430380879249307
430380895582588	430380913458057	430380895975505
430380912263526	430380929893838	430380912705036
430380928998630	430380946327588	430380929373838
430380945661286	430380970980921	430380955752536
430380981051494	430380995637900	430380981469307
430380981403317	430381003857327	430380981623005
430380998262328	430381012076754	430380998659932
430381014743317	430381028517796	430381015108369
430381031379619	430381061392327	430381046366807
430381048087276	430381069611963	430381048403161
430381084508369	430381102487379	430381084937432
430381084803369	430381110704619	430381084945817
430381101408369	430381118923264	430381102259619
430381118370349	430381135363629	430381118741651
430381134857744	430381151802640	430381135370244
430381151508005	430381168238994	430381157401651
430381183786338	430381201116650	430381184197432
430381184773474	430381209336130	430381185236338
430381201559932	430381217556078	430381201806807
430381218253057	430381233996755	430381218791911
430381234882276	430381250435087	430381235277744
430381251562119	430381266872276	430381255676755
430381286227276	430381299749359	430381286666494
430381286397536	430381307968317	430381286675869
430381303040088	430381316187432	430381303535661
430381319721182	430381332625712	430381320160244
430381336470505	430381349063213	430381336840817
430381353160349	430381373721234	430381361780869
430381388059724	430381398379202	430381388519932
430381388411807	430381406598473	430381388535869
430381404994307	430381423035660	430381405378005
430381421692119	430381439474306	430381422131598
430381438344255	430381455911754	430381438716651
430381455011651	430381480567744	430381463077119
430381490709098	430381505221546	430381491231598
430381491104776	430381513437953	430381491272588
430381507612744	430381521656806	430381508136182
430381524327744	430381538095140	430381524702901
430381540987901	430381570969983	430381554761911
430381557673369	430381579187796	430381558002692
430381594833994	430381612060400	430381595308682
430381595090401	430381620278733	430381595316026
430381612056546	430381628497170	430381612609776
430381628482432	430381644932275	430381628914619
430381645108473	430381661366493	430381645483317
430381661776338	430381677801754	430381662126286
430381695337848	430381710678993	430381695715088
430381695510088	430381718898160	430381695725400
430381712212380	430381727118681	430381712600557
430381728870713	430381743559463	430381729298369
430381745550244	430381759999150	430381745946807
430381762251963	430381792882483	430381776466130
430381778895557	430381801104046	430381779332900
430381814677692	430381825766233	430381815210869
430381815020557	430381833986390	430381815220557
430381831648057	430381842206285	430381832075973
430381848382119	430381858643733	430381848930817
430381864973369	430381891521442	430381879222067
430381881641494	430381899739722	430381882109307
430381918028994	430381932618369	430381918584307
430381918330973	430381940837484	430381918590557
430381934914932	430381949055348	430381935362744
430381951591182	430381965489358	430381952034619
430381968380088	430381981925556	430381968784411
430381985008682	430381998361338	430381987439307
430382019174775	430382031232848	430382019625088
430382019483942	430382039450296	430382019642275
430382036051182	430382047668629	430382036437275
430382052695348	430382064105868	430382053095192
430382069383838	430382080541910	430382069808838
430382086129775	430382105197379	430382089503473
430382116486598	430382129849879	430382116840713
430382119433838	430382138068421	430382119863629
430382136136338	430382154505660	430382136562588
430382152807379	430382170941390	430382153193682
430382169452744	430382195595921	430382181826338
430382205446442	430382220250140	430382205878057
430382205893317	430382228468004	430382206044932
430382222419463	430382236687170	430382222811754
430382239183057	430382253123108	430382239639932
430382255787275	430382269561234	430382256154932
430382272463525	430382285998838	430382275304619
430382307177379	430382318872535	430382307556494
430382307583369	430382327091129	430382307823681
430382324247900	430382335308368	430382324691598
430382341091859	430382351742796	430382341500400
430382357621963	430382368177275	430382357992119
430382374319411	430382392829514	430382376053786
430382406724254	430382417488056	430382407042379
430382407621181	430382425706962	430382407951650
430382424312379	430382442145713	430382424712588
430382440981338	430382458587795	430382441418213
430382457681911	430382475028577	430382458050713
430382474347588	430382491469098	430382479484306
430382506011806	430382524348681	430382506325869
430382507758994	430382532568056	430382508082431
430382524306025	430382540788681	430382524864775
430382541031181	430382557229827	430382541412119
430382557700713	430382581893421	430382567233213
430382590467588	430382606551598	430382590777744
430382590954150	430382614769306	430382591052223
430382607642744	430382622986702	430382608063838
430382624402379	430382639425035	430382624768994
430382641005244	430382655865452	430382641384567
430382657708525	430382680527848	430382663623161
430382691960504	430382705187171	430382692447900
430382692624306	430382713408108	430382692775400
430382709028369	430382721630244	430382709458838
430382725658056	430382738072691	430382726020400
430382742324306	430382770952588	430382757466025
430382758976650	430382779171910	430382759404463
430382792833525	430382803828576	430382793212379
430382793235556	430382812049306	430382793385348
430382809753629	430382820269045	430382810188629
430382826356338	430382836708681	430382826867223
430382843040713	430382861366389	430382843413525
430382859728994	430382877807170	430382863764775
430382892748317	430382910689410	430382893086650
430382893061025	430382918910243	430382893187119
430382909766754	430382927129931	430382910179463
430382926476494	430382943568472	430382926939463
430382943165712	430382960007119	430382943537848
430382959841962	430382984663837	430382967313785
430382995573994	9223372036854775807	430382995965087

POLL t=199.2 tick=3011
8333333
430393269229250	430393283408208	430393269775031
430393269443469	430393291625239	430393269779771
430393286179094	430393299844250	430393286625552
430393302782219	430393316278469	430393303167375
430393319547531	430393332711334	430393320158209
430393336164615	430393357362843	430393341350656
430393370579146	430393382018781	430393371401281
430393370850084	430393390238104	430393371407896
430393387452740	430393398457531	430393387982219
430393404186334	430393414895396	430393404553365
430393420826177	430393447771333	430393435877271
430393437480813	430393455990291	430393437845552
430393468083781	430393480647896	430393468545240
430393470770396	430393488867792	430393471119458
430393487476333	430393505306072	430393487854302
430393504103990	430393521744406	430393504552688
430393520787531	430393538181802	430393521193677
430393537461438	430393554618103	430393541787375
430393572419875	430393587483885	430393572981594
430393572570656	430393595701437	430393573029146
430393589233990	430393603920655	430393589619719
430393605979458	430393620357218	430393606401750
430393622629615	430393636795604	430393623006021
430393639297531	430393661452218	430393644982427
430393674338938	430393686105708	430393674899563
430393674674771	430393694324718	430393674905552
430393691271333	430393702544353	430393691737740
430393707990240	430393718981489	430393708378052
430393724623521	430393751855291	430393738220240
430393741287583	430393760073781	430393741648052
430393778695552	430393792948468	430393779337375
430393779253781	430393801167895	430393779338156
430393795893521	430393809387271	430393796289250
430393812287896	430393825825552	430393812724615
430393828988625	430393842261854	430393829353000
430393845651490	430393858699145	430393846775865
430393878963677	430393891576281	430393879328781
430393879259615	430393899796333	430393879333469
430393895806437	430393908016750	430393896296021
430393912495083	430393924456021	430393912896646
430393929146802	430393957333312	430393942558990
430393945865083	430393965552895	430393946229094
430393981437062	430393998431593	430393981800552
430393981615344	430394006650864	430393981827115
430393998339771	430394014870916	430393998796437
430394015155552	430394031309875	430394015501958
430394031745865	430394047745760	430394032166437
430394048419250	430394072400135	430394054194146
430394082793989	430394097056385	430394083318937
430394083201489	430394105276801	430394083319771
430394099766750	430394113496072	430394100259250
430394116380812	430394129934614	430394116772896
430394133113364	430394146370968	430394133474146
430394149766750	430394171025499	430394153191958
430394182905552	430394195680447	430394183249614
430394183122375	430394203900135	430394183263937
430394199730812	430394212118937	430394200135396
430394216414771	430394228559353	430394216848469
430394233141802	430394244999146	430394233512427
430394249807114	430394269655760	430394254539302
430394283463833	430394294309927	430394283763625
430394283665500	430394302529354	430394283770969
430394300411489	430394310748937	430394300803469
430394317115239	430394335405552	430394317578781
430394333717427	430394351842479	430394334113625
430394350401177	430394368277062	430394356598989
430394383191437	430394401149249	430394383545812
430394383663781	430394409368000	430394383799875
430394400429562	430394417586802	430394400880812
430394417128364	430394434022895	430394417523208
430394433765500	430394458676072	430394444785552
430394468609927	430394483333000	430394469109146
430394468872427	430394491552478	430394469118364
430394485551125	430394499772634	430394485938312
430394502312896	430394516211385	430394502739562
430394518953312	430394532652218	430394519363052
430394535629458	430394549092010	430394536916489
430394569009614	430394581973729	430394569570396
430394569235239	430394590193208	430394569580552
430394585919250	430394598412427	430394586346906
430394602798156	430394614852010	430394603314562
430394619303156	430394631292322	430394619694562
430394636085239	430394647734353	430394637675031
430394670640083	430394688833729	430394671131802
430394670835343	430394697054771	430394671138989
430394687570864	430394705275238	430394687992375
430394704428625	430394721716072	430394704850396
430394720983521	430394738155291	430394721347896
430394737587270	430394754595760	430394744429927
430394772086958	430394787474041	430394772584145
430394772635500	430394795693572	430394772731645
430394789099093	430394803913155	430394789530395
430394805754302	430394820353572	430394806140239
430394822435708	430394853228259	430394835926593
430394839070812	430394861447791	430394839438052
430394875743833	430394886102842	430394876293520
430394876020864	430394894321593	430394876298364
430394892697270	430394910762687	430394893130656
430394909297583	430394927205968	430394909730239
430394926041020	430394943649458	430394926543833
430394942680187	430394960092270	430394947750239
430394977425708	430394992976697	430394977976802
430394977862583	430395001197113	430394978028312
430394994383156	430395009417166	430394994828000
430395011045500	430395025858728	430395011425083
430395027790343	430395042299405	430395028160343
430395044436802	430395058741436	430395045966593
430395088723156	430395099843677	430395089128833
430395089037062	430395108064666	430395089136645
430395105668677	430395116285603	430395106084562
430395122277895	430395132728312	430395122652270
430395138945239	430395165612374	430395149748520
430395173753677	430395190277634	430395174220395
430395173940812	430395198499770	430395174226749
430395190604874	430395206721489	430395191018364
430395207341333	430395223160186	430395207767687
430395224042062	430395239599145	430395224386020
430395240685343	430395256040603	430395244946177
430395275124562	430395288921697	430395275853624
430395275432062	430395297143155	430395275861333
430395292067999	430395305363520	430395292539874
430395308724302	430395321802738	430395309121333
430395325400812	430395354677634	430395339715239
430395342091333	430395362897270	430395342418364
430395377669302	430395395776124	430395378001906
430395378018833	430395403996332	430395378103468
430395395978312	9223372036854775807	430395396361176

POLL t=211.2 tick=3161
8333333
430405020853464	430405035029349	430405021308621
430405021135079	430405043247422	430405021313360
430405037711485	430405051464922	430405038153829
430405054438464	430405067897839	430405054863829
430405071111173	430405084332995	430405071485704
430405087762735	430405108985547	430405092053517
430405122673829	430405133640496	430405123061954
430405123147996	430405141858516	430405123332371
430405139677527	430405158296798	430405140133204
430405156372892	430405174730807	430405156746433
430405173000027	430405199381589	430405185309142
430405189700392	430405207598933	430405190065860
430405229536016	430405240466641	430405229958516
430405229824714	430405248683932	430405229966485
430405246458829	430405256901277	430405246888516
430405263158152	430405273335755	430405263534298
430405279823516	430405297982630	430405283155235
430405314177058	430405330849818	430405314616329
430405314373048	430405339066693	430405314638829
430405331114141	430405347283047	430405331347996
430405347723829	430405363717006	430405348164558
430405364437527	430405380151016	430405364812423
430405381096902	430405396585703	430405385592735
430405414837683	430405429455495	430405415215548
430405415016173	430405437672110	430405415271121
430405431680027	430405445888464	430405432093621
430405448362683	430405462322162	430405448769298
430405465083777	430405478755391	430405465466121
430405481748048	430405503405547	430405487647839
430405516564454	430405528054245	430405517071902
430405516874298	430405536270964	430405517077579
430405533559610	430405544488620	430405533919246
430405550225235	430405560922422	430405550677371
430405566875496	430405577355131	430405567255704
430405583534402	430405602008568	430405584709402
430405618010391	430405634877526	430405618376329
430405618281433	430405643095599	430405618382891
430405634880548	430405651313412	430405635335027
430405651587839	430405667747891	430405651967110
430405668275079	430405700613360	430405683136173
430405684926016	430405708830130	430405685238829
430405721521173	430405733477734	430405721990079
430405721770652	430405741694714	430405721995860
430405738409141	430405749912161	430405738894402
430405755090548	430405766345755	430405755535652
430405771808620	430405782779193	430405772177579
430405788492423	430405799212474	430405788875183
430405823373620	430405840303932	430405824126537
430405823798516	430405848521537	430405824164714
430405840256173	430405856739454	430405840784298
430405856941641	430405873174870	430405857416902
430405873666954	430405889609974	430405874033360
430405890332058	430405906047422	430405896085079
430405924494922	430405938920078	430405924846797
430405924714766	430405947138516	430405924920027
430405941387266	430405955358203	430405941770495
430405958053360	430405971795808	430405958421797
430405974719089	430406004668204	430405987775027
430405991385808	430406012885651	430405991750860
430406028070964	430406045755547	430406028534454
430406028406172	430406053974765	430406028542214
430406044942891	430406062194401	430406045401016
430406061696016	430406078632369	430406062090964
430406078346797	430406095067266	430406078750964
430406094994454	430406111503359	430406095290495
430406129937110	430406144381224	430406130346485
430406130136016	430406152601224	430406130363204
430406146793152	430406160820130	430406147213672
430406163477579	430406177259765	430406163864402
430406180218360	430406193700651	430406180577891
430406196889714	430406218359662	430406203330964
430406230223777	430406243013412	430406230657266
430406230398672	430406251231536	430406230665079
430406247060235	430406259448203	430406247455235
430406264028933	430406275884661	430406264238308
430406280479245	430406292320234	430406280873620
430406297195079	430406316972110	430406301699089
430406332237995	430406349839296	430406332592422
430406332421016	430406358056276	430406332613204
430406349162579	430406366272943	430406349579610
430406365821276	430406382706692	430406366206433
430406382475079	430406407355495	430406395700808
430406399275183	430406415572318	430406400150391
430406435916901	430406448440338	430406436320704
430406436485391	430406456657682	430406436609454
430406453141276	430406464877161	430406453582735
430406469822735	430406481314609	430406470326016
430406486497266	430406497753151	430406486856954
430406503190026	430406522409713	430406505217266
430406536106120	430406547066016	430406536405547
430406536412266	430406555284609	430406536541276
430406553194766	430406571721328	430406553592214
430406569845391	430406588156432	430406570276276
430406586519610	430406604592422	430406586894558
430406603149297	430406621029453	430406607043203
430406638324558	430406653900859	430406638691953
430406638518516	430406662118463	430406638699766
430406655231953	430406670336328	430406655642735
430406671906797	430406686771953	430406672296901
430406688584453	430406711426380	430406700965078
430406705290026	430406719645078	430406705712578
430406741686485	430406752518984	430406742002422
430406742080235	430406760736224	430406742186328
430406758718776	430406777170598	430406759128464
430406775342578	430406793606224	430406775751172
430406792041485	430406818265338	430406802664245
430406828488308	430406842924297	430406828893360
430406828869453	430406851143203	430406829050339
430406845522683	430406859362890	430406846047266
430406862096433	430406875803047	430406862523985
430406878825547	430406892241172	430406879201797
430406895528672	430406916897421	430406902513308
430406931169714	430406941555182	430406931612110
430406931596797	430406949773463	430406931822422
430406948109141	430406966206588	430406948531328
430406964790860	430406982638985	430406965165860
430406981460703	430406999071953	430406981826901
430406998138151	430407015505077	430407000360860
430407033452110	430407048368463	430407033776797
430407033839610	430407056584973	430407034025391
430407050423672	430407064801223	430407050909453
430407067090391	430407081234869	430407067487370
430407083793151	430407097670286	430407084167526
430407100409922	430407122318828	430407104267057
430407133146485	430407146965807	430407133509141
430407133778203	430407155182943	430407133912891
430407150404922	430407163400495	430407150798620

POLL t=223.1 tick=3261
8333333
430416924337418	430416942752834	430416924823616
430416924510075	430416950970804	430416924965075
430416941203981	430416959189502	430416941606950
430416957948304	430416975624449	430416958381637
430416974595491	430416992058564	430416974961012
430416991283668	430417008493147	430416998558772
430417025423824	430417041372366	430417025969085
430417025825335	430417049592574	430417025974918
430417042365231	430417057812887	430417042806585
430417059003668	430417074252991	430417059379918
430417075714606	430417107122887	430417094098460
430417092426637	430417115340022	430417094135543
430417125941637	430417139992678	430417126391012
430417126209241	430417148212157	430417126396585
430417142876324	430417156431220	430417143307574
430417159522679	430417172869397	430417159972679
430417176198043	430417205738772	430417191154918
430417192894710	430417213955751	430417193249397
430417227898512	430417238607939	430417228240543
430417228116897	430417246826324	430417228260074
430417244805074	430417255043667	430417245265179
430417261512418	430417271478824	430417262052054
430417278564866	430417296131845	430417278788043
430417294806168	430417312564969	430417298986637
430417329367054	430417345434709	430417329773356
430417329548043	430417353651688	430417329781324
430417346214293	430417361868824	430417346601324
430417362876012	430417378299970	430417363273616
430417379595699	430417394735595	430417379973981
430417396266793	430417419395230	430417403781637
430417428167522	430417444052418	430417428657106
430417429543304	430417452269970	430417430014085
430417446201897	430417460489240	430417446612835
430417462998043	430417476927782	430417463544606
430417479608043	430417493363667	430417480039397
430417496292678	430417509801219	430417498876637
430417530595856	430417542671115	430417530964553
430417530793043	430417550889605	430417531027678
430417547518824	430417559108928	430417547894137
430417564120231	430417575546480	430417564538303
430417580840335	430417591983459	430417581207262
430417597511324	430417616639241	430417604907731
430417631461168	430417649506063	430417631852731
430417631634866	430417657722001	430417631861793
430417648309449	430417665937835	430417648710491
430417664982106	430417682368563	430417665444085
430417681706168	430417698799970	430417682080491
430417698360387	430417723449605	430417707739085
430417733190855	430417748097366	430417733627210
430417733463824	430417756313771	430417733636949
430417750125960	430417764530021	430417750504710
430417766766324	430417780963772	430417767182730
430417783466793	430417813831063	430417798071324
430417800200960	430417822049084	430417800566637
430417838191949	430417854921897	430417838891012
430417838510387	430417863139449	430417838957314
430417856639345	430417871357625	430417856877418
430417873063199	430417887793511	430417873429762
430417889708147	430417912448198	430417901614710
430417922476793	430417937106011	430417922863512
430417923046324	430417945325803	430417923176012
430417939737730	430417953545490	430417940145699
430417956387053	430417969982886	430417956771116
430417973071637	430417994632886	430417984393460
430418007491116	430418019287886	430418007866637
430418007719449	430418027505178	430418007872418
430418024323824	430418035722938	430418024797418
430418041000074	430418052159813	430418041383199
430418057715699	430418068598043	430418058091949
430418074460855	430418093255230	430418082086324
430418108855647	430418126125855	430418109245543
430418109050387	430418134343928	430418109251428
430418125752991	430418142562105	430418126673980
430418142465387	430418158999709	430418142831637
430418159120855	430418191877573	430418175095230
430418175868043	430418200097209	430418176150074
430418209090230	430418224755907	430418209428980
430418209487887	430418232975386	430418209673199
430418226061637	430418241194241	430418226439137
430418242743928	430418257629084	430418243202105
430418259402418	430418290506480	430418274366324
430418276169449	430418298726324	430418276471324
430418319726793	430418331605282	430418320038980
430418320105178	430418339825334	430418320233303
430418336733616	430418348044761	430418337156480
430418353417886	430418364481896	430418353789605
430418370100855	430418389136167	430418375214605
430418402481480	430418413793563	430418402769449
430418403327261	430418422012365	430418403638772
430418420097105	430418438450699	430418420505699
430418436775334	430418454888303	430418437151168
430418453459136	430418487762990	430418471111428
430418470150334	430418495981220	430418471117418
430418508426272	430418520640178	430418508670178
430418508761168	430418528860803	430418508920074
430418525468043	430418537082782	430418525909918
430418542169761	430418553524500	430418542568824
430418558801011	430418586406167	430418572899709
430418575478511	430418594626845	430418575789293
430418609481272	430418627506063	430418609902366
430418609718147	430418635724865	430418609911428
430418626633668	430418643942053	430418627009761
430418643125074	430418660380438	430418643573043
430418659786011	430418676817521	430418660150803
430418676598980	430418693251480	430418681273199
430418706034605	430418717904136	430418706356584
430418709681480	430418726121063	430418710785959
430418726354709	430418742556324	430418726748824
430418743092574	430418758988146	430418743454866
430418759740699	430418783641272	430418773044397
430418776565543	430418791859396	430418776785647
430418813175543	430418824726063	430418813665543
430418813560543	430418832943823	430418813730074
430418830375907	430418841161532	430418830787886
430418846842730	430418857597885	430418847282418
430418863487105	430418890468407	430418877533772
430418880214918	430418898687105	430418880607990
430418914105386	430418931557313	430418914523615
430418914258459	430418939775022	430418914527261
430418930990855	430418947992470	430418931471897
430418947667522	430418964429344	430418948356636
430418964370022	430418980864917	430418964746324
430418981139605	430418997301219	430418987403355
430419015308355	430419030174136	430419015677886
430419015524865	430419038392313	430419015683615
430419032192105	430419046610802	430419032645959
430419048917574	9223372036854775807	430419049286011

POLL t=234.8 tick=3360
8333333
430428787823195	430428802254757	430428788263455
430428788427258	430428810475487	430428788628455
430428804736789	430428818694861	430428805184237
430428821457049	430428835133403	430428821824289
430428838074601	430428868014549	430428857113143
430428854804289	430428876235174	430428857130539
430428897032882	430428909114393	430428897360487
430428897180851	430428917335226	430428897366164
430428913843299	430428925556424	430428914268143
430428930560226	430428941995643	430428930954705
430428947279393	430428958436580	430428947657830
430428963969080	430428983096945	430428969142830
430428997612987	430429015976319	430428998006737
430428997785487	430429024195121	430428998012882
430429014445695	430429032416424	430429014841737
430429031138299	430429048858299	430429031545018
430429047847205	430429065301372	430429048225695
430429064535226	430429081745174	430429067836164
430429098392414	430429114632934	430429098792414
430429098686007	430429122856372	430429098867414
430429115241424	430429131079028	430429115628039
430429131920695	430429147524809	430429132318664
430429148625539	430429163970434	430429149006632
430429165345695	430429180415277	430429169717570
430429198602205	430429213300278	430429198980695
430429198772518	430429221522153	430429199001476
430429215428195	430429229743403	430429215833612
430429232386164	430429246187570	430429232803039
430429248846736	430429262631424	430429249223976
430429265504132	430429287296788	430429271298924
430429299965018	430429311961788	430429300342257
430429300376736	430429320183142	430429300615226
430429317117257	430429328404444	430429317553195
430429333754549	430429344847778	430429334138039
430429350406476	430429377733143	430429363335799
430429367077882	430429385954809	430429367437205
430429405072726	430429418832778	430429405552257
430429405375539	430429427051736	430429405561007
430429422029236	430429435272101	430429422472414
430429438739601	430429451712726	430429439237570
430429455370174	430429484588455	430429466899757
430429491830799	430429509246476	430429492191788
430429492405226	430429517466997	430429492635799
430429508816163	430429525686371	430429509207570
430429525468351	430429542125174	430429525855695
430429542160070	430429566780955	430429553588768
430429576043663	430429591443402	430429576542518
430429576343768	430429599663923	430429576552413
430429592914445	430429607884653	430429593300643
430429609600695	430429624326736	430429610037570
430429626319705	430429640767517	430429626692570
430429642981632	430429665431319	430429648381476
430429677821788	430429690094183	430429678230851
430429678112986	430429698315642	430429678236632
430429694654861	430429706536996	430429695106736
430429711324132	430429722979340	430429711769132
430429728061320	430429739417101	430429728613507
430429744677830	430429772300070	430429756255851
430429761407726	430429780520121	430429761885955
430429797354913	430429813401736	430429797879080
430429797633351	430429821620069	430429797887726
430429814233299	430429829839965	430429814678351
430429830965486	430429846282361	430429831351632
430429847625382	430429862725642	430429847992570
430429864292257	430429887390433	430429871211945
430429898800643	430429912054287	430429899281476
430429899142413	430429920275850	430429899295070
430429917165695	430429928497569	430429917565695
430429933682101	430429944940903	430429934040642
430429950336320	430429961380955	430429950706267
430429966984757	430429994260017	430429976281476
430430001306892	430430018916475	430430001811788
430430001657517	430430027136423	430430001817986
430430018335382	430430035356892	430430019283299
430430034923820	430430051793246	430430035318767
430430051616945	430430068230382	430430051987882
430430068359757	430430084667517	430430074189913
430430096908038	430430109321267	430430097223038
430430101688611	430430117539392	430430101941892
430430118281163	430430133974444	430430118674288
430430134994444	430430150410538	430430135374236
430430151698663	430430175064340	430430157684288
430430185150851	430430199717100	430430185466476
430430185364913	430430207934756	430430185472726
430430202062413	430430216152985	430430202461319
430430218713038	430430232589913	430430219096944
430430235406267	430430249026580	430430235796944
430430252268819	430430265461684	430430255139757
430430286360694	430430298333559	430430286700538
430430286791319	430430306552725	430430286966319
430430303394444	430430314771892	430430303806163
430430320144444	430430331208402	430430320534444
430430336775174	430430347644236	430430337141892
430430353488455	430430372301631	430430355850017
430430387786476	430430405177778	430430388168924
430430388195174	430430413395225	430430388353038
430430404754861	430430421615278	430430405127205
430430421473507	430430438054704	430430421861007
430430438125538	430430462712412	430430452188663
430430454779705	430430470931735	430430455309913
430430491613351	430430503812465	430430492135226
430430492166163	430430512032778	430430492437257
430430508696007	430430520252309	430430509143663
430430525355226	430430536688246	430430525862361
430430542085955	430430553126527	430430542462569
430430558718351	430430577785954	430430561109236
430430587198923	430430602444079	430430587512517
430430591971944	430430610664444	430430592278298
430430608709444	430430627105381	430430609086476
430430625316944	430430643547569	430430625708923
430430642030017	430430659989340	430430647307048
430430676149601	430430692869860	430430676664757
430430676405486	430430701089704	430430676675069
430430693147048	430430709309340	430430693394757
430430709746632	430430725746319	430430710123038
430430726453611	430430742184131	430430726828611
430430743115069	430430758623662	430430747895486
430430776881319	430430791500068	430430777396111
430430777057413	430430799719339	430430777403298
430430793728975	430430807939808	430430794129080
430430810658819	430430824378975	430430811045538
430430827130017	430430840817881	430430827540069
430430843798663	430430865482308	430430848900538
430430877431788	430430890141735	430430877932673
430430877580173	430430898360433	430430877936632
430430894286475	430430906579757	430430894690330
430430911003663	430430923018402	430430911403298

POLL t=246.5 tick=3511
8333333
430440492905795	430440521614544	430440506513972
430440509609128	430440529831471	430440509981888
430440546216003	430440562697252	430440546676784
430440546700378	430440570914128	430440546895066
430440564706836	430440579131679	430440565096003
430440581127878	430440595566367	430440581494388
430440597777878	430440620215794	430440604556003
430440630898034	430440644867201	430440631245378
430440631051472	430440653084075	430440631250690
430440647726940	430440661301680	430440648117513
430440664454909	430440677735951	430440664898607
430440681097409	430440694168815	430440681471784
430440697811003	430440710603867	430440700294388
430440731758659	430440743474492	430440732296472
430440732284701	430440751692669	430440732484753
430440748732097	430440759911523	430440749172357
430440765392878	430440776348555	430440765772565
430440782057722	430440809215690	430440794482565
430440798717097	430440817431471	430440799073659
430440837228347	430440850300221	430440837727201
430440837510638	430440858517930	430440837733347
430440854118190	430440866735481	430440854574597
430440870875378	430440883168242	430440871294284
430440887516732	430440916037617	430440898466784
430440920434232	430440932474856	430440920766784
430440920802878	430440940693138	430440920938347
430440937506732	430440948911627	430440937886159
430440954459440	430440965346002	430440954850847
430440970949857	430440981781472	430440971330326
430440987593451	430441006433502	430440989709701
430441022640847	430441039304388	430441023035795
430441022899388	430441047520950	430441023041576
430441039553034	430441055737877	430441039942097
430441056251576	430441072172044	430441056686888
430441072946576	430441088607565	430441073315326
430441089635169	430441105042878	430441091819753
430441131945222	430441146133034	430441132342669
430441132234544	430441154351002	430441132397409
430441148903815	430441162568607	430441149433763
430441165556159	430441179003242	430441165913190
430441182232409	430441211871575	430441194120534
430441217538815	430441228307149	430441217895534
430441217726159	430441236524857	430441217916940
430441234389440	430441244742877	430441234803659
430441251051628	430441269397304	430441251497097
430441267774128	430441285830690	430441268154128
430441284434440	430441302263815	430441291307409
430441317970326	430441335132461	430441318441888
430441318134440	430441343350637	430441318449909
430441334791159	430441351569492	430441335445534
430441351496784	430441368006002	430441351876940
430441368245221	430441384441523	430441368626940
430441384875326	430441400876367	430441387559076
430441418644284	430441433744387	430441419045690
430441418829232	430441441961315	430441419066628
430441435487357	430441450177929	430441435890169
430441452378451	430441466613033	430441452740534
430441468904544	430441483048294	430441469273346
430441485549909	430441507701419	430441489913190
430441519033971	430441532357252	430441519367826
430441519223190	430441540575429	430441519400846
430441535901419	430441548792044	430441536287253
430441552580951	430441565226888	430441553016159
430441569264544	430441581663398	430441569656471
430441585979232	430441606317408	430441589969753
430441620117357	430441630977043	430441620452513
430441620294440	430441639195169	430441620503815
430441636948659	430441647413919	430441637360065
430441653712878	430441663852357	430441654067878
430441670350846	430441688505742	430441670726576
430441687009857	430441704942565	430441692443346
430441718782565	430441729599023	430441719118815
430441721309440	430441737817877	430441721675846
430441737772513	430441754256679	430441738189128
430441754446628	430441770692460	430441754827253
430441771069596	430441795348137	430441781814128
430441806040638	430441820004492	430441806481940
430441806518919	430441828223606	430441806749909
430441823051315	430441836442773	430441823485065
430441839768450	430441852882408	430441840134388
430441856426732	430441885761992	430441872714284
430441873205482	430441893982148	430441873286315
430441907394128	430441918638919	430441907727721
430441907585638	430441926858710	430441907741471
430441924331002	430441935077617	430441924753346
430441940999127	430441951516263	430441941397565
430441957711627	430441984389543	430441973512721
430441974361315	430441992607460	430441974659284
430442010379596	430442025480168	430442010880065
430442010751784	430442033700169	430442010890950
430442027536732	430442041920690	430442027934909
430442044093919	430442058359179	430442044458815
430442060741732	430442074796418	430442061111002
430442077361159	430442091233137	430442079891471
430442107719596	430442124109439	430442108075690
430442110635794	430442132329908	430442110941575
430442127313815	430442140549804	430442127682982
430442144126575	430442156989856	430442144526784
430442160738294	430442189868450	430442172357200
430442193209440	430442206307877	430442193527565
430442194008346	430442214528398	430442194340065
430442210730534	430442222748137	430442211094127
430442227394232	430442239187929	430442227761159
430442244118815	430442263844908	430442251987409
430442277729127	430442288502043	430442278258034
430442277873659	430442296722200	430442278313607
430442294610169	430442313160534	430442295007252
430442311332357	430442329598190	430442311699752
430442327972565	430442354254752	430442341618502
430442344655794	430442362474543	430442345036940
430442375872513	430442387129388	430442376208346
430442377963346	430442395347877	430442378370534
430442394580481	430442411785064	430442394964544
430442411367096	430442428220377	430442412182669
430442427975065	430442452875168	430442438991627
430442463983815	430442477533190	430442464409700
430442464377825	430442485752461	430442464535690
430442480912721	430442493970897	430442481316002
430442497599596	430442510408659	430442498035065
430442514372409	430442526847720	430442514725690
430442530987044	430442551506887	430442535652096
430442564999127	430442576166887	430442565390169
430442565185013	430442584386314	430442565393971
430442581883971	430442592605376	430442582292252
430442598632200	430442609043137	430442599003502
430442615285013	430442641914179	430442627092408
430442651269127	9223372036854775807	430442651621627

POLL t=258.5 tick=3610
8333333
430452330588499	430452356344227	430452330718290
430452347111780	430452364563550	430452348017301
430452363790842	430452381001623	430452364156571
430452380489436	430452405655529	430452393849384
430452397207561	430452413873394	430452397610530
430452434810686	430452446744957	430452435346467
430452435136623	430452454963341	430452435356415
430452451718498	430452463181206	430452452228290
430452468429123	430452479615790	430452468890634
430452485092509	430452504271623	430452492693498
430452518243030	430452528931155	430452518780217
430452518523967	430452537150321	430452518788342
430452535189280	430452553593030	430452535580061
430452551847561	430452570033185	430452552225790
430452568535478	430452594691571	430452580229071
430452600068655	430452611129591	430452600394592
430452601837509	430452619348759	430452602166571
430452618525478	430452635785633	430452618966623
430452635094905	430452652222716	430452635491155
430452651954280	430452676876519	430452659935217
430452686195321	430452701533133	430452686706623
430452686533759	430452709752040	430452686763290
430452703007196	430452717971050	430452703395217
430452719753186	430452734408498	430452720122092
430452736405998	430452767279904	430452749056415
430452753073811	430452775497143	430452753437092
430452787342978	430452800149019	430452787695373
430452787505530	430452808367561	430452787700373
430452804179228	430452816586206	430452804647873
430452820843915	430452833020477	430452821289436
430452837597405	430452849454436	430452838027717
430452854244852	430452874107040	430452858598967
430452887924592	430452898762299	430452888277405
430452888132196	430452906980738	430452888283602
430452904780477	430452915200165	430452905218498
430452921443655	430452939859435	430452921825530
430452938144592	430452956296362	430452938511311
430452954827665	430452972733185	430452958559592
430452989066727	430453005607404	430452989412405
430452989303342	430453013824123	430452989439696
430453005895790	430453022042612	430453006284748
430453022650946	430453038474956	430453023075061
430453039315009	430453054911675	430453039675217
430453055987352	430453071348446	430453058772092
430453090187040	430453104222456	430453090571467
430453090474592	430453112442612	430453090622873
430453107061259	430453120662247	430453107446936
430453123725217	430453137099487	430453124149852
430453140491467	430453153536570	430453140873290
430453157140217	430453178195372	430453167099279
430453190588446	430453202851883	430453190931467
430453190833654	430453211070633	430453190936154
430453207467404	430453219289592	430453207852248
430453224239071	430453235724852	430453224670998
430453240885529	430453252160164	430453241242248
430453257542092	430453268596831	430453258831311
430453292145790	430453309686570	430453292438811
430453292443342	430453317905321	430453292638029
430453309057509	430453326125061	430453309522977
430453325779904	430453342560529	430453326419279
430453342438811	430453358993966	430453342807352
430453359230686	430453375427144	430453364085373
430453392775217	430453408295269	430453393403967
430453393289696	430453416512664	430453393451571
430453409813498	430453424728341	430453410240321
430453426449279	430453441162404	430453426938446
430453443144436	430453457596988	430453443522404
430453459825165	430453482247091	430453466267977
430453502580998	430453515116518	430453502892717
430453502769904	430453523333081	430453502905998
430453519422196	430453531549748	430453519813342
430453536149123	430453547983758	430453536575633
430453552826936	430453564417820	430453553202040
430453569521311	430453589069383	430453575435998
430453600147821	430453613720737	430453600458654
430453602871154	430453621937612	430453603148186
430453619491623	430453630154383	430453619933602
430453636243811	430453646589071	430453636629696
430453652896154	430453679461518	430453662380998
430453686235946	430453704114487	430453686553602
430453686385217	430453712332091	430453686556623
430453703135217	430453720550372	430453703532092
430453719817717	430453736986050	430453720215842
430453736504383	430453761638914	430453751146935
430453753100477	430453769857456	430453753573810
430453787825998	430453802732976	430453788136154
430453788107092	430453810952143	430453788233498
430453804770998	430453819171674	430453805170998
430453821517717	430453835611102	430453821943185
430453838149696	430453860271154	430453850057508
430453870592717	430453884928966	430453870887821
430453871493498	430453893149123	430453871828029
430453888155060	430453901367612	430453888563342
430453904867665	430453917803185	430453905237560
430453921517560	430453950675893	430453936477092
430453938153185	430453958892872	430453938492092
430453969598654	430453983544227	430453969891935
430453971515998	430453991760737	430453971858446
430453988167248	430453999978185	430453988578967
430454004887248	430454016413081	430454005263185
430454021538810	430454049281883	430454031697821
430454055396623	430454073934695	430454055810842
430454055798915	430454082150893	430454055977196
430454072466727	430454090366466	430454072890373
430454089057717	430454106802768	430454089443029
430454105757717	430454131455946	430454118192977
430454122428342	430454139674487	430454122781310
430454158975008	430454172547456	430454159489748
430454159364748	430454180764955	430454159501935
430454175962092	430454188983341	430454176382404
430454192936258	430454205422612	430454193356571
430454209391310	430454221862664	430454209758133
430454226043654	430454238302664	430454227435321
430454261082248	430454271178653	430454261454904
430454261256154	430454279398810	430454261461571
430454277920060	430454295837925	430454278321571
430454294620060	430454312277612	430454295061467
430454311326935	430454328716987	430454311751935
430454327991154	430454353374747	430454337956935
430454362222560	430454378031310	430454362569435
430454362523185	430454386249591	430454362647560
430454379136935	430454394468445	430454379537977
430454395823810	430454410905529	430454396269279
430454412529591	430454427342768	430454412906571
430454429159227	430454443780893	430454433499904
430454462980841	430454476659227	430454463335164
430454463154123	9223372036854775807	430454463346466

POLL t=270.2 tick=3709
8333333
430463925598755	430463936800785	430463925989223
430463942353650	430463953238650	430463942736307
430463958999692	430463969678286	430463959377348
430463975660317	430463994338962	430463978388286
430464009739692	430464027215889	430464010277973
430464009943598	430464035435734	430464010284536
430464026610786	430464043655993	430464027679588
430464043309275	430464060093441	430464043810473
430464059960629	430464076532973	430464060354379
430464076705004	430464101191254	430464084130369
430464110353650	430464125850473	430464111034067
430464110542244	430464134070056	430464111039275
430464127184432	430464142290264	430464127574900
430464143944744	430464158729067	430464144304119
430464160600838	430464191609275	430464175652088
430464177254744	430464199827973	430464177613754
430464211564900	430464224484483	430464212221671
430464211753338	430464232703806	430464212237296
430464228473025	430464240923181	430464228909119
430464245174900	430464257361201	430464245677609
430464261815317	430464273800160	430464262183025
430464278480942	430464298458806	430464282039431
430464311203025	430464323112608	430464311582869
430464311769536	430464331331410	430464311887244
430464328444067	430464339550056	430464328924119
430464345140525	430464355987139	430464345527973
430464361787713	430464372426358	430464362165004
430464378525994	430464397080786	430464380929744
430464412770213	430464429953025	430464413273338
430464412938754	430464438172348	430464413278598
430464429618338	430464446391566	430464430413754
430464446332713	430464462828233	430464446824431
430464463075056	430464479264222	430464463427348
430464479742088	430464503919066	430464487841098
430464510784119	430464528574691	430464511322192
430464513035629	430464536793077	430464513374223
430464529772088	430464545010733	430464530256098
430464546394900	430464561444171	430464546784275
430464563022244	430464586099118	430464573726411
430464596860786	430464610753910	430464597232400
430464597001931	430464618972296	430464597285525
430464613681306	430464627190629	430464614074848
430464630422817	430464643627191	430464630810838
430464647083129	430464676501254	430464662503338
430464663734431	430464684720785	430464664150056
430464697902556	430464709378128	430464698320838
430464698096463	430464717596410	430464698329119
430464714733806	430464725813597	430464715182035
430464731408338	430464742251463	430464731860838
430464748126879	430464758687868	430464748506410
430464764809535	430464783341046	430464773276463
430464798474535	430464816214274	430464798994379
430464798769692	430464824430733	430464799000838
430464815365473	430464832648441	430464816118233
430464832154119	430464849084691	430464832588494
430464848757713	430464865520733	430464849280733
430464865397712	430464881956670	430464870735317
430464899236723	430464914828337	430464899735837
430464899536619	430464923046357	430464899741619
430464916152400	430464931266150	430464916588181
430464932809900	430464947704951	430464933190212
430464949458285	430464980576774	430464965191879
430464966171410	430464988794795	430464966486619
430465003477087	430465021664795	430465003975160
430465003759431	430465029882712	430465003980369
430465020426775	430465038100316	430465020866931
430465037125525	430465054535629	430465037714848
430465053769275	430465070972139	430465054143962
430465070370994	430465095626931	430465082497348
430465102614900	430465120283128	430465102957400
430465103699744	430465128502712	430465104066879
430465120415160	430465136720994	430465120799535
430465137169275	430465153156514	430465137658181
430465153729535	430465186030316	430465170585525
430465170508025	430465194248389	430465170586306
430465204869431	430465218903128	430465205343806
430465205127869	430465227120732	430465205352660
430465221830681	430465235339222	430465222265837
430465238462400	430465251775472	430465238831306
430465255168337	430465276427607	430465265671462
430465289283962	430465301079951	430465289633598
430465289600994	430465309297035	430465289754275
430465306283337	430465317513754	430465306685837
430465322953025	430465333948389	430465323330994
430465339643962	430465366819170	430465351692244
430465372923494	430465383256305	430465373245681
430465373175212	430465391473753	430465373252556
430465389841254	430465407909430	430465390286254
430465406578910	430465424346410	430465407004535
430465423216879	430465440781097	430465423595316
430465439901931	430465465434066	430465452497504
430465456609900	430465473652035	430465456945369
430465493162816	430465506526566	430465493522087
430465493612035	430465514745003	430465493773181
430465510202712	430465522964691	430465510633441
430465526892868	430465539402243	430465527377348
430465543553493	430465555837607	430465543942504
430465560413025	430465572271879	430465561938285
430465592620004	430465605140785	430465592998754
430465593477035	430465613358285	430465593878181
430465610212816	430465621575316	430465610613650
430465626875837	430465638009222	430465627310473
430465643575004	430465654444743	430465643975993
430465660237087	430465679095732	430465662246410
430465690418441	430465703744952	430465690737400
430465693496306	430465711962659	430465693826254
430465710220681	430465728397608	430465710589431
430465726909587	430465744833285	430465727289118
430465743589848	430465769480941	430465752769275
430465779358650	430465794132503	430465779754379
430465779744848	430465802350159	430465779862400
430465796320368	430465810567711	430465796767400
430465812983441	430465827002608	430465813349900
430465829653025	430465859872347	430465845925212
430465846354118	430465868089795	430465846468181
430465878575629	430465892742295	430465878922973
430465879586723	430465900960681	430465879932243
430465896366931	430465909177920	430465896732868
430465912978025	430465925614066	430465913429223
430465929680212	430465942047035	430465930043806
430465946352191	430465966698024	430465949270160
430465981030681	430465991350472	430465981362504
430465981259066	430465999568597	430465981367868
430465997874900	430466016005419	430465998325368
430466014612347	430466032443077	430466014993025
430466031261722	430466048879743	430466031649379
430466048028025	430466065314743	430466052267243

POLL t=281.6 tick=3858
8333333
430475391226771	430475409899426	430475393755469
430475425546927	430475442777500	430475425977396
430475425742031	430475450996510	430475425984896
430475442401458	430475459215885	430475443182708
430475459094740	430475475654166	430475459519531
430475475775365	430475492090365	430475476168958
430475492453333	430475516745781	430475501102708
430475525684583	430475541402812	430475526141771
430475525910677	430475549622760	430475526146771
430475542557969	430475557843489	430475542970833
430475559218021	430475574281354	430475559601719
430475575961563	430475598936822	430475585749531
430475610225521	430475623589531	430475610870052
430475610719583	430475631806823	430475610877708
430475627136406	430475640024739	430475627545052
430475643889896	430475656461562	430475644308490
430475660523177	430475672897864	430475660910938
430475677191875	430475697554271	430475683494583
430475711277396	430475722212083	430475711587865
430475711732865	430475730430520	430475711908750
430475728343490	430475746869791	430475728792656
430475745060833	430475763310312	430475745481146
430475761698281	430475779749010	430475762067188
430475778364583	430475796188854	430475780626719
430475813344062	430475829068072	430475813731771
430475813517240	430475837287291	430475813739583
430475830475833	430475845506405	430475830873333
430475846957656	430475861942708	430475847387083
430475863578281	430475886599009	430475876190677
430475880257031	430475894818020	430475880691771
430475915506615	430475927692396	430475915946302
430475915757708	430475935912655	430475915952865
430475932425052	430475944132968	430475932865365
430475949042969	430475960575104	430475949492865
430475965757812	430475977014478	430475966270833
430475982418906	430476001670677	430475989946875
430476016350469	430476034546718	430476016644375
430476016773958	430476042764843	430476016961250
430476034865417	430476050984791	430476035080052
430476051145989	430476067421561	430476051595000
430476067923021	430476083859375	430476068291927
430476084549427	430476100295311	430476089039583
430476118179896	430476133170572	430476118545833
430476118536719	430476141388437	430476118673281
430476135008750	430476149607187	430476135415208
430476151689583	430476166044791	430476152125625
430476168439687	430476182482031	430476168808594
430476185097500	430476207140260	430476191609271
430476219063958	430476231795468	430476219565208
430476219526927	430476240013593	430476219738333
430476236066719	430476248232551	430476236503021
430476252778802	430476264671875	430476253141406
430476269439896	430476297551249	430476283976302
430476286083802	430476305772135	430476286530781
430476321341302	430476338648177	430476321750989
430476321789739	430476346868749	430476321907239
430476338353802	430476355089271	430476338854739
430476354949271	430476371528645	430476355390156
430476371666875	430476387966770	430476372038437
430476388345521	430476404406458	430476390271146
430476422085989	430476437290103	430476422460833
430476422253333	430476445510468	430476422478906
430476438913958	430476453729583	430476439327864
430476455596718	430476470168853	430476456061198
430476472335521	430476486605624	430476472855937
430476488980468	430476519476562	430476502231146
430476505658021	430476527696250	430476506082500
430476540743437	430476552357499	430476541106146
430476540908333	430476560578280	430476541128593
430476557575833	430476568799583	430476557958906
430476574260989	430476585241406	430476574702396
430476590990989	430476601682395	430476591380208
430476607653750	430476626344478	430476613729843
430476636198906	430476651006041	430476636555208
430476640900468	430476659225937	430476641210625
430476657622552	430476675665156	430476658005781
430476674317552	430476692105260	430476674709895
430476691038750	430476716767291	430476698755781
430476723838437	430476741424791	430476724131927
430476724364375	430476749643384	430476724517864
430476741011770	430476757862915	430476741531770
430476757721770	430476774300572	430476758125520
430476774399114	430476790738228	430476774773177
430476792487708	430476807174999	430476793798645
430476826733020	430476840053072	430476827062708
430476826943489	430476848272707	430476827070364
430476843620781	430476856493124	430476844051614
430476860397343	430476872930259	430476860788437
430476877023645	430476889367759	430476877395833
430476893718906	430476905804270	430476893810364
430476925208125	430476938673905	430476925510833
430476926904583	430476946892656	430476927262552
430476943626927	430476955110833	430476944062552
430476960400520	430476971547186	430476960792239
430476977111302	430477004418645	430476992638489
430476993702239	430477012634531	430476994005156
430477028633333	430477045504791	430477029086875
430477028993177	430477053722030	430477029106093
430477045773750	430477061940051	430477046519895
430477062417291	430477078377135	430477062810052
430477079085208	430477094815624	430477079585677
430477095637708	430477111250832	430477099861458
430477127414895	430477144123071	430477127862239
430477128798333	430477152342967	430477129125833
430477145578593	430477160562864	430477145973020
430477162227708	430477177001666	430477162610989
430477178925156	430477201658072	430477188132864
430477213948749	430477226315937	430477214581614
430477214244427	430477234535936	430477214586614
430477230946562	430477242755989	430477231393020
430477247623333	430477259196509	430477247994114
430477264262968	430477275638333	430477264624999
430477280935624	430477292078749	430477281203177
430477315020051	430477333181666	430477315535364
430477315225312	430477341402603	430477315546926
430477331894374	430477349622864	430477332321301
430477348537812	430477366061197	430477348981145
430477365302395	430477382504061	430477365810676
430477381929218	430477407166874	430477390076301
430477416279999	430477431826822	430477417016406
430477416612083	430477440046926	430477417021145
430477433190937	430477448267030	430477433600364
430477449863645	430477464705676	430477450234114
430477466581562	430477481145467	430477466956926
430477483265051	430477497589426	430477486256301
430477518108020	430477530475363	430477518615833
430477518272187	9223372036854775807	430477518622864

POLL t=293.3 tick=3959
8333333
430487075932548	430487090120464	430487076311089
430487092602860	430487114772443	430487096885673
430487126465204	430487139426974	430487126856298
430487126747079	430487147645516	430487126868485
430487143325048	430487155863329	430487143756558
430487160141871	430487172299579	430487160641766
430487176690360	430487188736349	430487177066454
430487193421141	430487205173850	430487193663173
430487227455360	430487238047912	430487227747496
430487227759058	430487246266610	430487227800673
430487244389423	430487262704370	430487244827860
430487260980673	430487279138172	430487261419891
430487277687808	430487295572703	430487278068641
430487294423589	430487312011350	430487298920308
430487328060829	430487344883172	430487328406298
430487328290621	430487353102183	430487328432496
430487344948641	430487361320308	430487345248485
430487361626610	430487377755412	430487362064423
430487378347027	430487394191974	430487378728589
430487395041298	430487410626974	430487397035777
430487429069683	430487443490516	430487429449891
430487429250204	430487451708120	430487429456402
430487445954527	430487459924683	430487446341454
430487462575360	430487476356245	430487462988485
430487479293954	430487492791402	430487479675204
430487495945308	430487517443016	430487500176141
430487527470048	430487542095256	430487527870048
430487529212391	430487550313641	430487529616298
430487545937860	430487558531141	430487546359266
430487562582704	430487574967599	430487563014996
430487579282652	430487591402704	430487579698641
430487596069735	430487616056454	430487598471870
430487629834527	430487640707339	430487630221089
430487630008433	430487648924943	430487630262235
430487646697183	430487657142599	430487647155985
430487663410308	430487681793693	430487663807495
430487680114058	430487698228224	430487680531245
430487696788954	430487714662547	430487702841298
430487731120464	430487747530880	430487731623902
430487731664370	430487755748328	430487731871766
430487748113641	430487763965568	430487748649058
430487764794839	430487780399526	430487765220048
430487781422808	430487796835880	430487781797339
430487798200516	430487813270203	430487801686610
430487832180672	430487846137235	430487832454058
430487832348797	430487854353901	430487832463120
430487849007547	430487862571401	430487849399058
430487865691245	430487879006714	430487866128485
430487882413589	430487895444110	430487882779579
430487899079422	430487920097339	430487902801766
430487933327235	430487944751610	430487933705829
430487933493277	430487952970099	430487933730829
430487950175777	430487961187860	430487950512235
430487966834266	430487977624474	430487967273433
430487983566245	430488002278432	430487983942235
430488000223172	430488018715776	430488008359110
430488034760204	430488051586661	430488035349683
430488035174422	430488059803901	430488035357235
430488051776089	430488068021818	430488052055829
430488068452860	430488084456974	430488068818954
430488085101558	430488109106713	430488099174422
430488101799579	430488117324578	430488102119422
430488140154891	430488158412287	430488140470308
430488140486245	430488166630724	430488140631454
430488157022547	430488174847964	430488157481870
430488173745672	430488191282651	430488174244735
430488190409527	430488215932860	430488201408485
430488226154058	430488240580463	430488226606766
430488226482547	430488248796141	430488226616297
430488243035360	430488257012235	430488243423433
430488259924006	430488273443432	430488260280204
430488276510151	430488289879005	430488276854110
430488293217391	430488314534058	430488300725516
430488327415985	430488339192078	430488327784422
430488327692704	430488347412078	430488327791141
430488344359735	430488355631245	430488344743016
430488361119422	430488372069109	430488361552339
430488377749266	430488404933016	430488391921297
430488394430672	430488413151454	430488394729891
430488426852704	430488437800724	430488427236922
430488427814891	430488446017599	430488428196089
430488444436454	430488462452964	430488444861922
430488461085620	430488478888224	430488461465985
430488477819891	430488503540776	430488489340151
430488512840828	430488528195151	430488513198485
430488513189214	430488536414005	430488513372703
430488529832547	430488544631505	430488530213485
430488546573433	430488561063380	430488546940828
430488563230308	430488585711974	430488572088641
430488595715672	430488610361973	430488596083172
430488596531297	430488618578796	430488596896766
430488613241922	430488626795724	430488613665516
430488629955464	430488643229630	430488630302339
430488646602703	430488667881088	430488654326766
430488688373745	430488700745672	430488688684110
430488688540308	430488708962755	430488688692964
430488705351453	430488717178640	430488705835985
430488721979839	430488733612807	430488722379110
430488738676297	430488766481661	430488753720828
430488755364110	430488774698640	430488755654891
430488792149422	430488807569213	430488792477860
430488792548328	430488815785671	430488792739214
430488809157703	430488824002130	430488809590516
430488825877651	430488840435984	430488826252078
430488842538328	430488865089525	430488848016245
430488871899422	430488889740151	430488872241922
430488875859266	430488897958588	430488876208016
430488892469214	430488906177442	430488892874735
430488909214110	430488922616036	430488909587651
430488925861453	430488947270880	430488932253432
430488960327860	430488971928328	430488960787495
430488960587495	430488980146401	430488960792235
430488977239735	430488988364214	430488977682860
430488993945203	430489004799838	430488994311766
430489010698641	430489021235672	430489011147860
430489027252964	430489045892651	430489034990047
430489061028120	430489078769422	430489061682547
430489061279578	430489086988901	430489061700672
430489077955828	430489095208849	430489078343901
430489094642651	430489111647391	430489095040203
430489111327234	430489136305307	430489120974682
430489143702391	430489160962911	430489143992807
430489144584526	430489169182546	430489144912391
430489161292391	430489177401504	430489161553484
430489178024526	430489193839370	430489178382234
430489194686297	430489218497963	430489204572859
430489228690047	9223372036854775807	430489229073016

POLL t=305.2 tick=4061
8333333
430498964790772	430498991168428	430498965033793
430498981383637	430498999391032	430498981810668
430498998074522	430499015831709	430498998496241
430499014734366	430499032272960	430499015116606
430499031392387	430499048714470	430499035084522
430499063526085	430499081600511	430499063974262
430499064734262	430499089822751	430499065193324
430499081436918	430499098045042	430499082362856
430499098129731	430499114485772	430499098512179
430499114824835	430499130924574	430499115254574
430499131483949	430499155579574	430499138909574
430499165797231	430499180236762	430499166424106
430499166270824	430499188455407	430499166438637
430499182724835	430499196674157	430499183141137
430499199369262	430499213112334	430499199759054
430499216161606	430499229551344	430499216523168
430499232811606	430499245991813	430499235194574
430499263832335	430499278874366	430499264220824
430499266018168	430499287095824	430499266467074
430499282720147	430499295315772	430499283109991
430499299448897	430499311755095	430499299868949
430499316192960	430499344633116	430499332471762
430499332795199	430499352851293	430499332878637
430499367198481	430499377505199	430499367602074
430499367460043	430499385723793	430499367609574
430499384105668	430499402161657	430499384633637
430499400750772	430499418599001	430499401192231
430499417470512	430499435035355	430499417897231
430499434183168	430499451470356	430499439990981
430499468879262	430499484343688	430499469417231
430499469205043	430499492562178	430499469428272
430499485979991	430499500779782	430499486355512
430499502561866	430499517215876	430499502992803
430499519182074	430499533655199	430499519556553
430499535860616	430499550092959	430499540105147
430499570262960	430499582966814	430499570652647
430499570471918	430499591187439	430499570660668
430499587130356	430499599408636	430499587517543
430499603793480	430499615850147	430499604230303
430499620486605	430499632290355	430499620867178
430499637136762	430499656949574	430499641733585
430499670673324	430499681606866	430499670995303
430499670899262	430499689826084	430499671001762
430499687532803	430499698045459	430499688094105
430499704186397	430499714483689	430499704629210
430499720915616	430499739143063	430499721291605
430499737568741	430499763803272	430499746935199
430499772373637	430499788463116	430499772764730
430499772541449	430499796682021	430499772769991
430499789199262	430499804901240	430499789605355
430499805889835	430499821342855	430499806323949
430499822610512	430499837781397	430499822983741
430499839289262	430499862434313	430499846923637
430499874789262	430499887088011	430499875236449
430499875261553	430499895305199	430499875392074
430499891657022	430499903523167	430499892114418
430499908375512	430499919958220	430499908798949
430499925062074	430499936394625	430499925445772
430499941721293	430499961049417	430499944199574
430499976216085	430499993927647	430499976609678
430499976412074	430500002146865	430499976614366
430499993088741	430500010366605	430499993506918
430500009792178	430500026803740	430500010179210
430500026461710	430500051456918	430500040734366
430500043131918	430500059674522	430500043846293
430500078344834	430500092538323	430500078921918
430500078563272	430500100754209	430500078928637
430500095213741	430500108971605	430500095628949
430500111911137	430500125406969	430500112418480
430500128533012	430500158276500	430500143480772
430500145253428	430500166494052	430500145614105
430500178678949	430500191147907	430500179002230
430500178858897	430500199367542	430500179010980
430500195543793	430500207587906	430500195976918
430500212274105	430500224025042	430500212642959
430500228983584	430500248681345	430500238273428
430500260301293	430500273338792	430500260824105
430500262525928	430500281557438	430500262806918
430500278972803	430500289777490	430500279417074
430500295634834	430500306214469	430500296049366
430500312316918	430500339089834	430500323888324
430500354281605	430500371972907	430500354711293
430500354443636	430500380193011	430500354714834
430500371211553	430500388412438	430500371615928
430500387933324	430500404851292	430500388326293
430500404572491	430500421288740	430500404992543
430500421228949	430500437728948	430500426444834
430500455152491	430500470609990	430500455629418
430500455344574	430500478830146	430500455633636
430500472069834	430500487050563	430500472468011
430500488772178	430500503489938	430500489185824
430500505428272	430500519932229	430500505798480
430500522112074	430500544595563	430500527094574
430500553102699	430500569257022	430500553382386
430500555488584	430500577478688	430500555909730
430500572088428	430500585699678	430500572510147
430500588766449	430500602138844	430500589138011
430500605434886	430500635015719	430500619968428
430500622125980	430500643234833	430500622457178
430500655679886	430500667888375	430500656164209
430500656062074	430500676107438	430500656167855
430500672645511	430500684327177	430500673034366
430500689367959	430500700764156	430500689731136
430500706072334	430500725425720	430500715071970
430500741174209	430500758303948	430500741515043
430500741382490	430500766523740	430500741549574
430500758025355	430500774743948	430500758556240
430500774700147	430500791184834	430500775103272
430500791408740	430500824063167	430500808472386
430500808078324	430500832282959	430500808520511
430500842328949	430500856942385	430500842751449
430500842615043	430500865162907	430500842758011
430500859210459	430500873383011	430500859703272
430500875931918	430500889823740	430500876451449
430500892650511	430500906265094	430500893183584
430500909282490	430500930928011	430500919619105
430500943081292	430500955589625	430500943413011
430500943315147	430500963810146	430500943418480
430500959953792	430500972029625	430500960375824
430500976705042	430500988471084	430500977090928
430500993317855	430501021353583	430501010355980
430501010089261	430501029574833	430501010365980
430501044200511	430501062451709	430501044597334
430501044381449	430501070671396	430501044601449
430501061043636	430501078891604	430501061459209
430501077812699	430501095331657	430501078243584
430501094562542	9223372036854775807	430501095082230

POLL t=317.1 tick=4211
8333333
430510824335143	430510835249674	430510824743789
430510840794726	430510851687591	430510841101549
430510857411132	430510876342173	430510863953164
430510891931132	430510909219465	430510892266601
430510892106705	430510917438215	430510892334882
430510908751705	430510925657694	430510908994570
430510925476132	430510942095038	430510926147695
430510942199101	430510958531079	430510942492851
430510958774726	430510974967486	430510959085455
430510997808476	430511016059934	430510998325039
430510998060507	430511024278736	430510998333007
430511014730455	430511032499205	430511015204205
430511031420507	430511048939100	430511031910820
430511048074674	430511065376914	430511048449257
430511082202487	430511098248892	430511082554049
430511082452174	430511106465924	430511082561914
430511099085612	430511114682694	430511099488789
430511115810455	430511131119778	430511116118007
430511132479830	430511147557747	430511132853945
430511166417695	430511180433163	430511166732174
430511166561289	430511188651183	430511166760195
430511183245039	430511196868268	430511183661236
430511199978320	430511213302798	430511200301080
430511216613632	430511229738788	430511216985351
430511250598320	430511262616861	430511250945664
430511250794726	430511270836027	430511250955351
430511267479414	430511279054101	430511268025611
430511284253320	430511295492642	430511284608736
430511300877643	430511311928892	430511301244101
430511317566236	430511336584256	430511322585507
430511351514986	430511369463736	430511352045143
430511351905664	430511377683476	430511352062070
430511368441445	430511385903476	430511369181236
430511385122539	430511402342486	430511385554049
430511401849257	430511418783267	430511402221601
430511418519882	430511435223892	430511421154257
430511453101393	430511468101549	430511453486393
430511453317226	430511476321913	430511453493007
430511470006236	430511484543371	430511470528632
430511486687070	430511500983840	430511487064101
430511503371132	430511517422329	430511503744101
430511520083632	430511533859257	430511523426445
430511554551445	430511566732486	430511554939205
430511554760663	430511574949986	430511554948736
430511571423632	430511583168996	430511571843632
430511588354934	430511599607902	430511588769101
430511604851601	430511616045455	430511605225663
430511621681445	430511640703632	430511625305976
430511655614361	430511673579048	430511656076601
430511655783320	430511681797486	430511656086288
430511672457643	430511690016549	430511672875038
430511689121913	430511706454413	430511689607070
430511705838632	430511722892434	430511706220351
430511722508163	430511739330090	430511728899257
430511756919570	430511772204569	430511757338007
430511757220195	430511780423528	430511757405507
430511773770143	430511788643059	430511774199361
430511790498007	430511805080246	430511790937382
430511807154726	430511821516965	430511807540299
430511823836549	430511837952954	430511827266601
430511857974101	430511870829569	430511858343476
430511858270195	430511879049673	430511858349570
430511874847538	430511887269361	430511875280976
430511891528424	430511903706704	430511892011757
430511908253007	430511920148319	430511908626132
430511924915663	430511936586184	430511926883945
430511967664882	430511985906028	430511968913892
430511967933320	430511994126600	430511968918945
430511984525924	430512002346548	430511984974674
430512001196080	430512018786549	430512001614882
430512017911913	430512035226288	430512018283736
430512034566445	430512051663371	430512041998267
430512069000924	430512084535246	430512069380299
430512069183163	430512092752850	430512069385194
430512085874101	430512100970923	430512086268736
430512102609257	430512117408163	430512102976861
430512119293476	430512150284048	430512132876132
430512136015299	430512158501757	430512136292017
430512169091444	430512183155975	430512169430507
430512169384517	430512191374465	430512169523632
430512186044517	430512199592278	430512186454830
430512202738111	430512216026652	430512203145351
430512219444674	430512232460610	430512219810351
430512236154413	430512248897277	430512236939986
430512269014413	430512281774517	430512269379726
430512269494986	430512289993892	430512269637069
430512286129413	430512298212538	430512286549830
430512302860038	430512314649413	430512303255455
430512319447069	430512331088475	430512319818476
430512336201132	430512347529569	430512336495194
430512366493319	430512380404204	430512366797694
430512369430663	430512388623371	430512369711601
430512386116444	430512396841861	430512386535194
430512402867799	430512413278631	430512403259101
430512419452382	430512437933423	430512419838424
430512436271601	430512454371027	430512443101288
430512470261601	430512487245142	430512470567382
430512470438476	430512495464048	430512470571601
430512487144101	430512503683370	430512487938007
430512503893944	430512520122173	430512504308267
430512520562694	430512536557329	430512520924413
430512537223111	430512552993110	430512538456288
430512568343163	430512585870455	430512568662851
430512570426757	430512594090402	430512570728788
430512587206757	430512602310298	430512592330455
430512603857694	430512618749412	430512604233944
430512620537851	430512635188059	430512621751601
430512657674257	430512676287225	430512658164517
430512657919257	430512684508110	430512658171601
430512674800559	430512692727903	430512675169309
430512691298476	430512709168684	430512691698319
430512707954413	430512725609569	430512714548580
430512742508892	430512758493579	430512743040819
430512742895350	430512766714881	430512743049048
430512759466392	430512774936808	430512759985194
430512776139048	430512791377329	430512776465507
430512792835767	430512807820714	430512793223163
430512827581600	430512840706496	430512828229465
430512828040194	430512848927329	430512828262850
430512844521757	430512857146861	430512844967225
430512861268632	430512873587486	430512861568475
430512877892955	430512890027954	430512878257694
430512913155194	430512931131548	430512913569725
430512913686288	430512939352017	430512913837382
430512930201600	430512947572381	430512931380819
430512946850194	430512964014568	430512946948111
430512963590767	9223372036854775807	430512964113632

POLL t=329.2 tick=4317
8333333
430522909535190	430522934935502	430522909678315
430522926192326	430522943155242	430522926914357
430522942790295	430522959597012	430522943295659
430522959546701	430522976041596	430522960123940
430522976200190	430522992486284	430522980029201
430523010519513	430523025372013	430523010924565
430523010819357	430523033594982	430523010980294
430523027390503	430523041819513	430523027784669
430523044172222	430523058262898	430523044590190
430523060834878	430523074706179	430523061357482
430523077410190	430523099367013	430523083731857
430523111531544	430523124030242	430523112494409
430523112045919	430523132251857	430523112504097
430523128538784	430523140473003	430523128959409
430523145158003	430523156914513	430523145674878
430523161854565	430523173355555	430523162254565
430523178520034	430523198016492	430523179692222
430523213817846	430523230904565	430523214171909
430523213989982	430523239127064	430523214178784
430523230652482	430523247348731	430523231202065
430523247486440	430523263793054	430523247925659
430523264125659	430523280233836	430523264492221
430523280771284	430523296674929	430523280875607
430523315592794	430523329556596	430523316034409
430523315952690	430523337777846	430523316141909
430523332508471	430523345999721	430523332961440
430523349222690	430523362442690	430523349598159
430523365880607	430523387104200	430523375773315
430523399649513	430523411759616	430523399991232
430523399849409	430523419980398	430523399998784
430523416501128	430523428200815	430523416937534
430523433791596	430523444641439	430523434339253
430523450017534	430523477521387	430523461919565
430523485638107	430523502181960	430523486037951
430523486081232	430523510402533	430523486335659
430523502711857	430523518624044	430523502986284
430523519370294	430523535066075	430523519725971
430523535972794	430523559725919	430523546471128
430523571030138	430523584380658	430523571585503
430523571420815	430523592599877	430523571593784
430523587980034	430523600818628	430523588490034
430523604667690	430523617256179	430523605166753
430523621342638	430523633694044	430523621710607
430523638013940	430523650131075	430523638767794
430523671640138	430523683010710	430523671974253
430523671836596	430523691230398	430523671986128
430523688581544	430523699450606	430523688996440
430523705231753	430523715890242	430523705687013
430523721926857	430523740552013	430523722387534
430523738585034	430523756989825	430523742700659
430523773031440	430523789865867	430523773364200
430523773202950	430523798085450	430523773396128
430523789855971	430523806307012	430523790224253
430523806614044	430523822746596	430523807039200
430523823256128	430523839186023	430523823627534
430523839921596	430523855627794	430523840262534
430523876227846	430523888504877	430523876678575
430523876546752	430523896725294	430523876697690
430523893180659	430523904944565	430523893659565
430523909792534	430523921383940	430523910261127
430523926524096	430523937826647	430523927035971
430523943223627	430523954270919	430523943577325
430523979674721	430523995378054	430523980188002
430523980149721	430524003599095	430523980339721
430523998122482	430524011819825	430523998528940
430524014539148	430524028259512	430524015060763
430524031329357	430524044699929	430524031866232
430524047966440	430524061140606	430524048345502
430524082761596	430524094020346	430524083309200
430524083302950	430524102242169	430524083474357
430524099668107	430524110464148	430524100117690
430524116381596	430524135130085	430524116892377
430524133086075	430524151572325	430524133577221
430524149741544	430524168013887	430524151890190
430524184209409	430524200897585	430524184585190
430524184424877	430524209116960	430524184590659
430524201106909	430524217336075	430524201508888
430524217898784	430524233773262	430524218379721
430524234480971	430524258433523	430524245132950
430524268823315	430524283092377	430524269172377
430524269089409	430524291312637	430524269176700
430524285771752	430524299532846	430524286201440
430524302516127	430524315976388	430524302983731
430524319149721	430524340640971	430524330192065
430524352133888	430524365302272	430524352467325
430524352430294	430524373524304	430524352555919
430524369109669	430524381747898	430524369518471
430524385845815	430524398194148	430524386219877
430524402449096	430524422863470	430524409449877
430524437673523	430524455751179	430524438022221
430524437994148	430524463973210	430524438153731
430524454796544	430524472195242	430524455191596
430524471511596	430524488636491	430524471926909
430524488141700	430524513300085	430524497594981
430524523539669	430524537958939	430524523910190
430524523918315	430524546178470	430524524031127
430524540505763	430524554397429	430524540906908
430524557259565	430524570835710	430524557667533
430524573853471	430524595497376	430524583897325
430524608728783	430524620158626	430524609059356
430524609149356	430524628377950	430524609294252
430524625775658	430524636598731	430524626205815
430524642495763	430524653037012	430524642949408
430524659133783	430524685916492	430524670938471
430524675826388	430524694138158	430524676172221
430524711904252	430524727020085	430524712273575
430524712672221	430524735242012	430524713044200
430524729370294	430524743463523	430524729784408
430524746054252	430524759904096	430524746434356
430524762732794	430524776346388	430524765768471
430524795933419	430524809232585	430524796355815
430524796383002	430524817454616	430524796527950
430524812920502	430524825677064	430524813338471
430524829581283	430524842122533	430524830025971
430524846207481	430524866785293	430524853457065
430524881001596	430524891447220	430524881595033
430524881460138	430524899668262	430524881602533
430524897937169	430524916114304	430524898429825
430524914622638	430524932558419	430524915080658
430524931268002	430524949001752	430524938762065
430524965282533	430524981887741	430524966370502
430524965423627	430524990109772	430524966374877
430524982155502	430524998331803	430524982439877
430524998897221	430525014775658	430524999274565
430525015491440	430525039441908	430525025592325
430525051228471	9223372036854775807	430525051919408
430525051822846	9223372036854775807	430525051920346

POLL t=341.1 tick=4491
8333333
430534815780498	430534837735394	430534816171905
430534832723519	430534845952321	430534833106123
430534849248311	430534870604612	430534859940342
430534880750811	430534895256122	430534881137009
430534882435915	430534903473154	430534882802217
430534899139352	430534911690602	430534899530134
430534915914092	430534936340707	430534919830602
430534945615915	430534960990654	430534945983155
430534949097477	430534969206904	430534949410134
430534965908155	430534977423884	430534966338259
430534982536123	430535002075498	430534988545654
430535015085186	430535026725706	430535015585811
430535015792165	430535034941956	430535015967529
430535032532529	430535043158258	430535032917634
430535049182061	430535067808258	430535057403623
430535078653884	430535092454456	430535078980342
430535082499821	430535100669769	430535082816279
430535099208623	430535117102633	430535099633102
430535115892165	430535133535602	430535119684196
430535149887165	430535166398467	430535150220654
430535150128779	430535174614456	430535150238467
430535166716227	430535182832164	430535167099404
430535183446071	430535199264561	430535187977529
430535216853779	430535232131383	430535217337373
430535217064717	430535240348883	430535217343727
430535233703311	430535248565758	430535234124873
430535250439717	430535264997633	430535251735446
430535280769248	430535297865290	430535281097061
430535283664665	430535306082112	430535283959404
430535300361123	430535314299664	430535300737165
430535317138154	430535330735185	430535317989404
430535349287842	430535363607425	430535349662217
430535350397946	430535371825289	430535350794821
430535367117321	430535380043414	430535367551071
430535383818936	430535404699300	430535392828467
430535417975342	430535429353935	430535418494248
430535418344561	430535437572060	430535418532633
430535434881227	430535445790237	430535435399821
430535451509248	430535462226591	430535451923779
430535468251748	430535478659977	430535468449873
430535502250342	430535519743623	430535502627321
430535502537686	430535527962894	430535502633311
430535519174717	430535536181904	430535519781279
430535535879561	430535560840237	430535543616696
430535567685498	430535585498049	430535568046123
430535569134404	430535593716435	430535569507686
430535585924977	430535601936643	430535586316904
430535602489248	430535626594769	430535610388415
430535634917633	430535651253414	430535635266123
430535635906071	430535659471852	430535636262998
430535652585185	430535667691278	430535653028571
430535669339717	430535684130081	430535669709560
430535685987060	430535700565602	430535686331383
430535719356540	430535733440445	430535719916071
430535719666123	430535741658727	430535719928935
430535736227842	430535749876539	430535736636852
430535752854873	430535766314768	430535753246852
430535769490967	430535782755081	430535769614665
430535813653779	430535832066070	430535814263935
430535813896227	430535840285081	430535814281592
430535830560915	430535848503258	430535830941435
430535847238258	430535864941018	430535852352321
430535881688258	430535897813987	430535882026592
430535881893779	430535906031331	430535882034873
430535898580133	430535914249456	430535899095758
430535915268935	430535930684351	430535915642685
430535931997946	430535947121070	430535932356123
430535967351383	430535979988935	430535967785498
430535967612998	430535988205914	430535967797842
430535984223154	430535996422945	430535984678102
430536000916852	430536021076018	430536007102217
430536035867633	430536053950498	430536036184404
430536036199873	430536062168414	430536036395446
430536052783727	430536070386852	430536053843883
430536069438467	430536086825967	430536069919248
430536086139248	430536103261071	430536086255498
430536124481539	430536136131019	430536125302060
430536124770602	430536144348049	430536125309873
430536141435446	430536152565341	430536141869664
430536172802008	430536185439508	430536173112998
430536174622373	430536193658831	430536174934092
430536191399717	430536210096279	430536191784404
430536208120446	430536226537164	430536215407060
430536244812060	430536259412737	430536245113779
430536244989039	430536267632581	430536245145810
430536261718779	430536275851696	430536262104196
430536278398258	430536300507841	430536289149873
430536308132008	430536325162841	430536308420498
430536311687633	430536333379508	430536311979560
430536328391123	430536341597893	430536328776279
430536345102216	430536366252059	430536352469560
430536377370914	430536390905184	430536377689873
430536378325133	430536399123466	430536378647529
430536395047789	430536407342164	430536395464664
430536411831123	430536440215133	430536424722529
430536428491539	430536448432320	430536428794039
430536467565498	430536481303935	430536467938154
430536467884404	430536489522997	430536467938935
430536484535654	430536497741747	430536484949873
430536517873310	430536530617372	430536518509873
430536518067633	430536538835810	430536518521591
430536534772946	430536547054924	430536535167164
430536551531435	430536571711226	430536559170498
430536583888779	430536596366747	430536584195654
430536584717164	430536604584403	430536585035289
430536601507789	430536612801903	430536601949664
430536618109821	430536637452268	430536626167633
430536653053414	430536670319143	430536653428466
430536653335654	430536678536226	430536653435029
430536670016591	430536686753570	430536670273310
430536686629404	430536703189039	430536687006539
430536703373466	430536719624091	430536703725029
430536735660445	430536752492112	430536735989977
430536736622529	430536760708623	430536736965185
430536753365289	430536777143309	430536764823623
430536787468779	430536801794455	430536787764404
430536787626070	430536810012789	430536787834873
430536804396435	430536818229456	430536804789091
430536821032320	430536842880654	430536830312998
430536855142685	430536867530341	430536855496383
430536855360341	430536875748101	430536855519404
430536872086383	430536883965862	430536872598466
430536888701383	430536900400185	430536889105445
430536905381748	430536925053779	430536907736123
430536942758623	430536957922164	430536943140966
430536943292998	430536966140393	430536943425654
430536961383102	430536974359194	430536961756122

