POLL t=10.6 tick=600
8333333
462454386982644	462454398246289	462454387254363
462454403445665	462454414676759	462454403716290
462454420223634	462454431105613	462454420494884
462454436881707	462454447537852	462454437162384
462454453486394	462454463969310	462454453765925
462454470068425	462454480401654	462454470338894
462454487048790	462454505049154	462454487349207
462454503506134	462454521481498	462454503770613
462454520257488	462454537914935	462454520537019
462454537076602	462454554347643	462454537346082
462454553486082	462454570780404	462454553759571
462454570252800	462454587215352	462454570528113
462454586927644	462454603650143	462454587205925
462454603703425	462454620084570	462454603964727
462454620281759	462454636518841	462454620551290
462454636972488	462454652952592	462454637260821
462454653515613	462454669384258	462454653790040
462454670281915	462454685819883	462454670559415
462454686934415	462454702254727	462454687210613
462454703417384	462454718687123	462454703688321
462454720275300	462454735117904	462454720529727
462454736818269	462454751550352	462454737094988
462454753360509	462454767982175	462454753647540
462454770145509	462454784414258	462454770420977
462454787024519	462454800846810	462454787315352
462454803540925	462454817279049	462454803820196
462454820192384	462454833710456	462454820461915
462454836797071	462454850138737	462454837067383
462454853467852	462454866567226	462454853739675
462454870238477	462454882997903	462454870495508
462454887002019	462454899428685	462454887260352
462454903512696	462454915859362	462454903793008
462454920268894	462454932287956	462454920543008
462454937029206	462454948714258	462454937312383
462454953533946	462454965140091	462454953812696
462454970161290	462454981566966	462454970440300
462454986902696	462454997994675	462454987181758
462455003542852	462455014423060	462455003823008
462455020352227	462455030851602	462455020628633
462455036830508	462455047280456	462455037103008
462455053368477	462455063706602	462455053644102
462455070087383	462455080135352	462455070362956
462455087051706	462455104776601	462455087332696
462455103487488	462455121203528	462455103764363
462455120022071	462455137629987	462455120284258
462455136958113	462455154056810	462455137254831
462455153686602	462455170484727	462455153973581
462455170031133	462455186913685	462455170306290
462455186729988	462455203342903	462455187039831
462455203407540	462455219771810	462455203705665
462455220325196	462455236201654	462455220604415
462455236923113	462455252630352	462455237195821
462455253473946	462455269059206	462455253736550
462455270237383	462455285488580	462455270537071
462455287016290	462455301917852	462455287289415
462455303518790	462455318346498	462455303789987
462455320050040	462455334775403	462455320309727
462455336919415	462455351203268	462455337201862
462455353465977	462455367633059	462455353742852
462455370203112	462455384063633	462455370476290
462455386909206	462455400495456	462455387183112
462455403293633	462455416926445	462455403588790
462455420242383	462455433355508	462455420514571
462455436856550	462455449786133	462455437124675
462455453394519	462455466213841	462455453662019
462455470038112	462455482643580	462455470318112
462455486934987	462455499073060	462455487213425
462455503582331	462455515502956	462455503859050
462455520222852	462455531932539	462455520494987
462455536829258	462455548364518	462455537099258
462455553369571	462455564796237	462455553656446
462455570095664	462455581226966	462455570368269
462455587186862	462455597657122	462455587467071
462455603673425	462455614086081	462455603924414
462455620363008	462455638732227	462455620642383
462455637297956	462455655163997	462455637574102
462455654009571	462455671594830	462455654292227
462455670528946	462455688024101	462455670810196
462455687317071	462455704450976	462455687584258
462455703999258	462455720882018	462455704272956
462455720964571	462455737310716	462455721229102
462455737482071	462455753740247	462455737756237
462455754149102	462455770169571	462455754419831
462455771127852	462455786597539	462455771408633
462455787799883	462455803024310	462455788069414
462455804394519	462455819451601	462455804679571
462455821046133	462455835883684	462455821321758
462455837769727	462455852313945	462455838042487
462455854307644	462455868741549	462455854624258
462455871006133	462455885172122	462455871277227
462455887932852	462455901604935	462455888220612
462455902534362	462455918036914	462455902818946
462455923402696	462455934469518	462455923685352
462455937786133	462455950903164	462455938049362
462455954463946	462455967337330	462455954738893
462455971097175	462455983771185	462455971370821
462455987857852	462456000203841	462455988106446
462456004549414	462456016636289	462456004819258
462456021194727	462456033068216	462456021473008
462456037643425	462456049499518	462456037916289
462456054398008	462456065928581	462456054676914
462456070949727	462456082357278	462456071254518
462456087747539	462456098789049	462456088061446
462456104130612	462456115220456	462456104400300
462456120706602	462456131651237	462456120982071
462456137301602	462456148080924	462456137577852
462456153886289	462456164510091	462456154162539
462456188917331	462456205581913	462456189238320
462456191460664	462456213796341	462456191752695
462456216736602	462456230225352	462456217020925
462456229520352	462456246655351	462456229802956
462456246049675	462456263083684	462456246322800
462456261580925	462456279511601	462456261863477
462456278576237	462456295940039	462456278846914
462456295678893	462456312364986	462456296071237
462456312203945	462456328791862	462456312529675
462456328756237	462456345218841	462456329031393
462456345419414	462456361643372	462456345690143
462456362065612	462456378070977	462456362344883
462456378902956	462456394498997	462456379179050
462456395513164	462456410930403	462456395809883
462456412264727	462456427358997	462456412555664
462456428717070	462456443788476	462456429001133
462456445337383	462456460215716	462456445614883
462456462134883	462456476640611	462456462404102
462456478878425	462456493067226	462456479142800
462456495613945	9223372036854775807	462456495901914

POLL t=22.5 tick=1201
8333333
462466145457223	462466161040035	462466145751598
462466162228004	462466177469514	462466162459515
462466178476129	462466193899931	462466178747535
462466195168890	462466210328420	462466195438733
462466212585296	462466226759097	462466212888577
462466228772692	462466243190504	462466229040192
462466245237327	462466259619618	462466245498785
462466261795973	462466276050764	462466262095973
462466278520765	462466292481754	462466278809827
462466295268785	462466308913108	462466295532848
462466312420452	462466325346442	462466312715192
462466328556754	462466341780452	462466328837067
462466345340973	462466358212848	462466345624983
462466361886285	462466374644879	462466362171910
462466378697640	462466391074723	462466378978577
462466395325921	462466407504774	462466395624567
462466412518108	462466423934150	462466412808942
462466428560035	462466440362171	462466428876129
462466445338889	462466456790035	462466445613889
462466461973004	462466473218420	462466462252067
462466478454827	462466489646858	462466478745608
462466495132014	462466506075451	462466495415608
462466512612639	462466530717795	462466512893004
462466528853942	462466547146701	462466529148160
462466545324410	462466555361285	462466545609723
462466561994514	462466571787952	462466562274879
462466578616910	462466596430139	462466578898629
462466595314983	462466612858472	462466595608004
462466612485608	462466629289097	462466612774098
462466628495035	462466645716389	462466628795348
462466645270035	462466662144150	462466645542171
462466662049671	462466678570607	462466662340191
462466678656285	462466694999097	462466678931285
462466695181389	462466711420816	462466695436754
462466712428004	462466727844878	462466712703473
462466728627379	462466744269930	462466728906754
462466745272796	462466760694931	462466745548577
462466761985035	462466777119358	462466762255191
462466778501129	462466793543629	462466778817952
462466795214046	462466809967274	462466795470660
462466812430504	462466826393681	462466812715973
462466829018889	462466842818368	462466829279254
462466845256754	462466859242952	462466845542691
462466861850660	462466875668421	462466862127952
462466878501598	462466892095347	462466878787483
462466895342014	462466908524357	462466895620191
462466912518629	462466924951701	462466912802848
462466928437691	462466941379253	462466928719723
462466945190973	462466957808993	462466945468108
462466961826389	462466974238576	462466962102691
462466978485973	462466990667066	462466978780816
462466995136285	462467007094983	462466995417379
462467012452952	462467023523524	462467012760816
462467028641754	462467039951597	462467028939566
462467045291910	462467056380972	462467045578316
462467061881441	462467072811910	462467062159566
462467078573004	462467089241649	462467078858108
462467095292327	462467105667483	462467095586598
462467112603629	462467130306180	462467112891285
462467128565035	462467146733264	462467128841754
462467145234514	462467163161649	462467145513160
462467161909879	462467179588576	462467162178264
462467178479566	462467196013264	462467178765504
462467195257535	462467212440712	462467195530139
462467212632691	462467228868420	462467212903004
462467228653629	462467245299774	462467228979723
462467245177848	462467261730816	462467245457066
462467261865816	462467278161962	462467262072223
462467278304879	462467294590608	462467278575191
462467294646389	462467311023107	462467294924097
462467311952222	462467327452691	462467312227639
462467328166389	462467343881597	462467328448629
462467344623316	462467360309566	462467344906910
462467361272691	462467376736857	462467361552379
462467378095035	462467393166962	462467378361389
462467394731754	462467409595191	462467395011233
462467412064566	462467426024879	462467412315504
462467427920764	462467442451910	462467428202379
462467444822379	462467458877951	462467445093733
462467461504410	462467475305035	462467461791285
462467478109358	462467491735034	462467478383160
462467494858941	462467508164774	462467495119410
462467512040035	462467524594253	462467512308420
462467528121077	462467541023211	462467528395972
462467544792483	462467557450920	462467545062170
462467561431910	462467573881285	462467561703420
462467578092014	462467590310764	462467578364202
462467593847379	462467606740503	462467594135504
462467611070347	462467623168629	462467611357379
462467627230035	462467639598263	462467627501129
462467643979722	462467656027117	462467644285295
462467660797222	462467672457638	462467661048941
462467677922066	462467688887743	462467678199879
462467693907691	462467705317742	462467694189566
462467711114202	462467721749045	462467711398733
462467727226233	462467738179826	462467727493733
462467744090035	462467754608941	462467744330191
462467760569358	462467771038263	462467760857639
462467777222847	462467795681441	462467777504201
462467793638108	462467803895556	462467793928576
462467811094254	462467828540764	462467811369670
462467827222951	462467844971909	462467827477951
462467843923941	462467861402482	462467844209045
462467860494410	462467877830659	462467860778889
462467877085764	462467894262118	462467877359097
462467894005816	462467910693940	462467894262379
462467910577222	462467927124513	462467910869201
462467927287379	462467943554722	462467927557170
462467943674410	462467959984253	462467943949253
462467960506128	462467976415086	462467960787639
462467977298160	462467992845919	462467977578108
462467993891597	462468009276649	462467994168160
462468010741285	462468025705399	462468011025920
462468027046128	462468042135399	462468027323628
462468043694722	462468058565086	462468043946545
462468060275035	462468074994565	462468060572847
462468077163160	462468091424045	462468077438941
462468093745191	462468107852013	462468094017951
462468110582483	462468124281493	462468110893785
462468126977222	462468140712326	462468127258628
462468143727639	462468157143785	462468144043733
462468160650868	462468173573472	462468160934097
462468177127066	462468190002743	462468177403316
462468193883733	462468206431076	462468194149878
462468210390347	462468222861336	462468210783108
462468227316910	462468239290971	462468227614253
462468243859253	9223372036854775807	462468244151076

POLL t=34.4 tick=1629
8333333
462478043256698	462478055521384	462478043534875
462478051523000	462478063736020	462478051771281
462478068158416	462478080166020	462478068504562
462478084798416	462478096595030	462478085045760
462478107810135	462478121241332	462478108086437
462478118193729	462478129457583	462478118459250
462478134887843	462478145890916	462478135114510
462478151451125	462478162326020	462478151704979
462478168130343	462478186977009	462478181740916
462478191643000	462478203408416	462478191952375
462478201531437	462478219841489	462478201787062
462478218183312	462478236274041	462478218431750
462478234845447	462478252707479	462478235093312
462478251481125	462478269138364	462478251726125
462478268173312	462478285569406	462478269481593
462478291806854	462478302002113	462478292150812
462478301568625	462478318435551	462478301854510
462478318193104	462478334866593	462478318442791
462478334846281	462478351300238	462478335091125
462478351512218	462478367731853	462478354295343
462478374889250	462478392373937	462478375172531
462478384843781	462478400589353	462478385101437
462478401517062	462478417018416	462478401775760
462478418161125	462478433446697	462478418412218
462478434791697	462478449873519	462478443106437
462478458391593	462478474516853	462478458665031
462478468180343	462478482731645	462478468363781
462478484877062	462478499163781	462478485118104
462478501519718	462478515593936	462478501779093
462478518130604	462478532024770	462478529416124
462478541490343	462478556674978	462478541773624
462478551515499	462478564891333	462478551769197
462478568229406	462478581325187	462478568373572
462478584810447	462478597757010	462478585063312
462478601519249	462478614187217	462478613141749
462478625045499	462478638836280	462478625313156
462478634829666	462478647053988	462478635102687
462478651553156	462478663484874	462478651805812
462478668176072	462478679914561	462478668364406
462478684801124	462478696345551	462478694827687
462478708227947	462478720994822	462478708524979
462478718363729	462478729211020	462478718591906
462478734947218	462478745641488	462478735196749
462478751581593	462478762071541	462478751831906
462478768114874	462478786718572	462478780254718
462478791488885	462478803148260	462478791757687
462478801554406	462478819579197	462478801795968
462478818246281	462478836007374	462478818486593
462478834901593	462478852435447	462478835121124
462478851530291	462478868863780	462478861025603
462478875219353	462478893509509	462478875500760
462478885015135	462478901723728	462478885265031
462478901705812	462478918153520	462478901959510
462478918400812	462478934581020	462478918654718
462478935010135	462478951009770	462478944244197
462478958395812	462478975649874	462478958667166
462478968309093	462478983862895	462478968710031
462478985070656	462479000290394	462478985299978
462479001695187	462479016718416	462479001947843
462479018395603	462479033144458	462479024635968
462479041846749	462479057783050	462479042141697
462479051702010	462479065996072	462479051959249
462479068419562	462479082423832	462479068637478
462479085094562	462479098851436	462479085453155
462479101711749	462479115277895	462479102659666
462479125411385	462479139923103	462479125671124
462479135046593	462479148137114	462479135288624
462479151732999	462479164565186	462479151980760
462479168472374	462479180992842	462479168673937
462479191339822	462479205638520	462479191624249
462479201667530	462479213853416	462479201940030
462479218427062	462479230282165	462479218677687
462479235070812	462479246710134	462479235324041
462479251707530	462479263138415	462479261515603
462479275903155	462479287779041	462479276174197
462479285047999	462479295993312	462479285310030
462479301816072	462479312423051	462479302073624
462479318459666	462479328849666	462479318722374
462479335116437	462479345276645	462479344962999
462479358442687	462479369921697	462479358719562
462479368457635	462479386350811	462479368703937
462479385228624	462479402779874	462479385550603
462479401796072	462479419211123	462479402057530
462479418430030	462479435642478	462479430352218
462479441696905	462479452072478	462479441967999
462479451778572	462479468499978	462479452044562
462479468459874	462479484925811	462479468720499
462479485230343	462479501352113	462479485523468
462479501762322	462479517777218	462479502035603
462479518404405	462479534202425	462479518672791
462479543758780	462479558841436	462479544047843
462479551756905	462479567055915	462479552039562
462479568475343	462479583483988	462479568731697
462479585155343	462479599911853	462479585521124
462479601787999	462479616336489	462479604588572
462479625298312	462479640980030	462479625574041
462479635092530	462479649194769	462479635349666
462479651819822	462479665621540	462479652110603
462479668436697	462479682046436	462479668690759
462479685048780	462479698473937	462479697134562
462479708648624	462479723112477	462479708926280
462479718425499	462479731325603	462479718667218
462479735170030	462479747752998	462479735415447
462479751717478	462479764181228	462479751974197
462479768390811	462479780606488	462479777940030
462479791826541	462479805244613	462479792108155
462479801756124	462479813457842	462479802029093
462479818414874	462479829885343	462479818663468
462479835060343	462479846314561	462479835313884
462479851766541	462479862740394	462479859469197
462479875782947	462479887378207	462479876105655
462479885103155	462479895590916	462479885364405
462479901724666	462479912019249	462479901981384
462479918386072	462479928443675	462479918658780
462479935046280	462479944867061	462479942770186
462479958476697	462479969507895	462479958758311
462479968408311	462479985933936	462479968653259
462479985112166	462480002357113	462479985478624
462480001740134	462480018785446	462480001988416
462480018392947	462480035210238	462480029173468
462480041877947	462480059848936	462480042162374
462480051820499	462480068063623	462480052143311
462480068483416	462480084492217	462480068750811
462480085059666	462480100920499	462480085404249
462480101721541	462480117349821	462480114253936
462480125082374	462480141996540	462480125345343
462480135051072	9223372036854775807	462480135306280

POLL t=46.1 tick=1801
8333333
462489768861849	462489785047422	462489769133151
462489785539245	462489801475755	462489785776068
462489802204245	462489817903620	462489802445339
462489818820964	462489834329453	462489819172006
462489835462839	462489850754453	462489837289193
462489861046589	462489875398516	462489861330599
462489868878151	462489883614974	462489869167787
462489885500964	462489900045912	462489885759401
462489902150443	462489916477942	462489902422631
462489918820495	462489932907734	462489930280443
462489944067214	462489957551744	462489944307943
462489952225495	462489965765495	462489952477943
462489968888881	462489982193359	462489969156433
462489985481849	462489998619922	462489985742474
462490002168308	462490023262422	462490016063464
462490018875964	462490031476433	462490019137370
462490044485183	462490056117526	462490044761901
462490052174870	462490064330547	462490052443724
462490068826589	462490080756120	462490069083151
462490085590339	462490105397421	462490101576745
462490102208880	462490113612682	462490102470964
462490127827526	462490138256693	462490128117058
462490135433464	462490146471953	462490135735026
462490152187683	462490162898984	462490152435130
462490168873464	462490179325391	462490169132630
462490185527787	462490203966224	462490187315339
462490211101433	462490228610234	462490211410130
462490219130964	462490236825651	462490219493724
462490235567995	462490253257942	462490235821432
462490252186380	462490269687005	462490252444557
462490268843932	462490286117786	462490282955912
462490293045599	462490310763099	462490293315807
462490302159505	462490318977525	462490302429245
462490318837995	462490335406276	462490319205964
462490335549662	462490351832630	462490335761901
462490352308464	462490376471953	462490370184557
462490369162318	462490384685495	462490370228568
462490394290651	462490409329296	462490394593099
462490402161901	462490417545703	462490402443099
462490418846901	462490433976797	462490419197005
462490435576537	462490450405963	462490435843464
462490452283932	462490466830807	462490463174974
462490477489557	462490491469765	462490477765443
462490485474037	462490499682578	462490485740755
462490502197526	462490516108515	462490502452162
462490518857214	462490532535443	462490519206589
462490535541537	462490557171797	462490549107839
462490560810026	462490573596848	462490561097526
462490568830026	462490581809192	462490569080912
462490585526745	462490598234452	462490585777682
462490602223255	462490614660182	462490602465287
462490618829818	462490639299192	462490633649037
462490635511224	462490647512630	462490635777682
462490661008255	462490672151380	462490661287943
462490668907318	462490680363307	462490669166120
462490685550182	462490696788307	462490685824557
462490702252526	462490713217370	462490702498620
462490718904089	462490737857890	462490733288307
462490735503151	462490746070859	462490735763464
462490761815599	462490778921119	462490762102214
462490768858307	462490787134244	462490769115807
462490785518255	462490803560599	462490785769505
462490802180339	462490819986379	462490814710339
462490827032161	462490844629348	462490827315911
462490835529661	462490852843307	462490835797214
462490852232943	462490869269713	462490852488932
462490868922370	462490885696483	462490869139870
462490885531224	462490902122213	462490900333463
462490902195286	462490918547785	462490902429401
462490927769036	462490943185598	462490928048620
462490935489974	462490951398046	462490935754713
462490952252213	462490967824817	462490952498724
462490968877161	462490984250547	462490969128307
462490985510911	462491000674504	462490987981588
462491010796693	462491025307785	462491011081120
462491018892005	462491033520025	462491019256432
462491035623724	462491049944921	462491035826693
462491052290495	462491066370442	462491052553463
462491068883307	462491082797681	462491081141588
462491094040338	462491107436067	462491094357943
462491102210338	462491115649296	462491102468568
462491118944088	462491132075807	462491119306432
462491135560599	462491148501640	462491135831224
462491152259713	462491164927057	462491152513620
462491168918932	462491181354140	462491174479557
462491194308099	462491205997109	462491194597474
462491202247213	462491214211015	462491202505338
462491218900338	462491230637473	462491219249401
462491235593411	462491247065234	462491235855755
462491252378151	462491271700651	462491267316276
462491268943099	462491279913828	462491269209713
462491294188463	462491312764088	462491294477995
462491302211276	462491320975859	462491302485130
462491318873151	462491329188046	462491319211745
462491335608099	462491353827682	462491335857474
462491352325651	462491370254661	462491357666067
462491377412057	462491394891327	462491377707526
462491385712995	462491403101431	462491385969245
462491402210911	462491419526223	462491402478099
462491418909401	462491435952317	462491419294661
462491435561692	462491452377160	462491449322786
462491452292995	462491468804140	462491452554557
462491478125338	462491493446431	462491478394713
462491485526120	462491501661015	462491485788463
462491502208307	462491518089973	462491502451276
462491518900338	462491534520650	462491519251067
462491535580026	462491550948202	462491535852994
462491560922057	462491575590442	462491561197526
462491568859401	462491583804765	462491569133776
462491585507838	462491600233983	462491585772994
462491602194557	462491616660807	462491602455338
462491618884869	462491633089713	462491621695911
462491644314974	462491657735650	462491644589088
462491652187838	462491665951223	462491652429244
462491668898619	462491682379921	462491669130494
462491685580807	462491698806796	462491685905651
462491702221901	462491723450702	462491715330963
462491727031067	462491739880077	462491727313463
462491735525182	462491748093202	462491735785338
462491752243463	462491764520442	462491752493776
462491768923880	462491780949765	462491769171380
462491785592994	462491797379556	462491785870963
462491802224505	462491813808984	462491802586588
462491827322057	462491838452630	462491827604713
462491835533151	462491846668150	462491835809869
462491852335911	462491863102577	462491852587369
462491868950963	9223372036854775807	462491869182786

POLL t=57.5 tick=1919
8333333
462501043339553	462501054722938	462501043630803
462501052700960	462501062936689	462501053008928
462501069347939	462501079365542	462501069627314
462501085966428	462501095794709	462501086235126
462501102757678	462501120442886	462501119383147
462501119558460	462501136876011	462501119593251
462501144068876	462501161524240	462501144360803
462501152636220	462501169740387	462501152915022
462501169324397	462501186173095	462501169582678
462501186002366	462501202606793	462501186297366
462501202732835	462501219040386	462501208973147
462501227502522	462501243688876	462501227787314
462501235982522	462501251906636	462501236170491
462501252648772	462501268340073	462501252928564
462501269346532	462501284774761	462501269604241
462501286016428	462501301208719	462501294791116
462501310692001	462501325858563	462501310976532
462501319312678	462501334075803	462501319584866
462501335963876	462501350508616	462501336165282
462501352712991	462501366940595	462501352988147
462501369371428	462501383369136	462501376296376
462501394212678	462501408015073	462501394507834
462501402634189	462501416230542	462501402902053
462501419362626	462501432660959	462501419638564
462501435984084	462501449091220	462501436415907
462501452712366	462501465521689	462501459462522
462501477524709	462501490168147	462501477808564
462501485985595	462501498385699	462501486233772
462501502667366	462501514820386	462501502940959
462501519424084	462501531252626	462501519642522
462501536092209	462501547686011	462501543467730
462501560766376	462501572333199	462501561022939
462501569331116	462501580548875	462501569614032
462501586017991	462501596978823	462501586282782
462501602698928	462501613410438	462501602935647
462501619374397	462501629840178	462501627773564
462501644455126	462501662701480	462501644748616
462501652822678	462501670918303	462501652942834
462501669358095	462501687351167	462501669618616
462501686051897	462501703782625	462501686332782
462501702653928	462501720212626	462501711082209
462501727178147	462501744855230	462501727456376
462501736122053	462501753071219	462501736263459
462501752769032	462501769501532	462501753185491
462501769358251	462501785934032	462501769615595
462501785971584	462501802366271	462501795937991
462501810459241	462501827011688	462501810740907
462501819324657	462501835225907	462501819613616
462501836115178	462501851652782	462501836380751
462501852740438	462501868079396	462501853107574
462501869389084	462501884507209	462501876937001
462501893597366	462501909149604	462501893897834
462501902634188	462501917364605	462501902920959
462501919298720	462501933791688	462501919555491
462501935977366	462501950218198	462501936346845
462501952644084	462501966645907	462501957730907
462501976916532	462501991286376	462501977212366
462501985927053	462501999499292	462501986215647
462502002595178	462502015927782	462502002876897
462502019282313	462502032355490	462502019576115
462502036059553	462502048782625	462502041419240
462502060116063	462502073421531	462502060410803
462502069301428	462502081633823	462502069580126
462502085959970	462502098058303	462502086236428
462502102589865	462502114483458	462502102873772
462502119288407	462502130906948	462502122389084
462502144126272	462502155547104	462502144434865
462502152628615	462502163759865	462502152886428
462502169279970	462502180188615	462502169545178
462502185935959	462502196617052	462502186215907
462502202678303	462502213046792	462502205624240
462502226799865	462502237695750	462502227090647
462502235941272	462502254130177	462502236228459
462502252613720	462502270564865	462502252982470
462502269271740	462502286996062	462502269543459
462502285938147	462502303428146	462502290218772
462502309972470	462502328075803	462502310277626
462502319292313	462502336291532	462502319564813
462502335950490	462502352722522	462502336221897
462502352604240	462502369153406	462502352969553
462502369363459	462502385586376	462502372657522
462502393487782	462502410233459	462502393792834
462502402650803	462502418449084	462502402920803
462502419354553	462502434879917	462502419653563
462502436099501	462502451311167	462502436302157
462502452770438	462502467743042	462502456809813
462502477144865	462502492386635	462502477423251
462502486133094	462502500601427	462502486423615
462502502726428	462502517032156	462502502986688
462502519396063	462502533462678	462502519658615
462502536103251	462502549892208	462502543650334
462502560129657	462502574539709	462502560403147
462502569388094	462502582754604	462502569654084
462502586067678	462502599183406	462502586332469
462502602726115	462502615612052	462502602982938
462502619401219	462502632042209	462502630787678
462502644265022	462502656687209	462502644555022
462502652711219	462502664903042	462502652984969
462502669406115	462502681334552	462502669672157
462502686095907	462502697764500	462502686366063
462502702778303	462502722408510	462502718801740
462502719396740	462502730624917	462502719710646
462502744270803	462502755270230	462502744557053
462502752669865	462502763486218	462502752945021
462502769411740	462502779919240	462502769677678
462502786029188	462502804563875	462502799010803
462502810046115	462502820992052	462502810332157
462502819396063	462502837423354	462502819653615
462502836068563	462502853852105	462502836297521
462502852651428	462502870284917	462502853017209
462502869525334	462502886716062	462502879143459
462502893659657	462502911359605	462502893947678
462502902674344	462502919573042	462502902940907
462502919305959	462502936003771	462502919666740
462502935983094	462502952435646	462502936259032
462502952715490	462502968866479	462502957799657
462502977272834	462502993511115	462502977579136
462502985995803	462503001724969	462502986263563
462503002712990	462503018154917	462503002972365
462503019326115	462503034583094	462503019618719
462503036059084	462503051013615	462503043272990
462503060467157	462503075657052	462503060774396
462503069364396	462503083873355	462503069638771
462503085989969	462503100303615	462503086263146
462503102658615	462503116732729	462503102940803
462503119397053	462503133161792	462503124848250
462503144977469	9223372036854775807	462503145255490

POLL t=68.8 tick=2054
8333333
462512553135643	462512563976372	462512554335122
462512578771684	462512596833246	462512579064705
462512586395122	462512605047466	462512586747049
462512603117361	462512621476684	462512603392466
462512619850955	462512637903611	462512619887674
462512643985486	462512654332569	462512644274861
462512653103299	462512670759913	462512653374236
462512669797778	462512687188455	462512684458299
462512686454236	462512703616892	462512686815174
462512713572674	462512728262934	462512713857830
462512719741372	462512736478402	462512720191580
462512736476736	462512752907882	462512736832778
462512753222830	462512769335850	462512755222830
462512777990643	462512793978819	462512778303611
462512786464861	462512802194600	462512786819184
462512803207986	462512818625955	462512804731111
462512819914966	462512835058350	462512820230799
462512845389966	462512859704132	462512845719184
462512853195643	462512867918455	462512853457674
462512869867205	462512884347725	462512870124809
462512894197778	462512908987153	462512894465955
462512903185903	462512917201111	462512903458247
462512919860486	462512933629600	462512920156580
462512944046111	462512958276058	462512944344497
462512953182361	462512966491371	462512961941268
462512969852049	462512982919392	462512977374861
462512994422830	462513007563559	462512994706840
462513003200643	462513015778507	462513003482205
462513019898403	462513032205642	462513020172674
462513044069705	462513056845695	462513044329184
462513053199236	462513065058715	462513053465486
462513069859965	462513081485226	462513078285122
462513094117205	462513106126163	462513094411580
462513103151215	462513114340226	462513111899705
462513119858143	462513130768507	462513128477830
462513144557361	462513155411632	462513144989965
462513153277986	462513163625798	462513153638247
462513169869549	462513188269131	462513170140642
462513186540330	462513204700486	462513186899497
462513214047986	462513229345225	462513214443767
462513219815017	462513237560382	462513220249392
462513236462205	462513253990434	462513248331267
462513261214705	462513278638246	462513261515017
462513269802986	462513286854444	462513270082049
462513286497517	462513303289757	462513286797517
462513303265799	462513319722881	462513303603559
462513330184705	462513344372725	462513330466840
462513336542830	462513352589184	462513336902622
462513353227674	462513369021058	462513353514340
462513369890799	462513385455538	462513370266892
462513397345799	462513410106059	462513397707830
462513403217205	462513418321892	462513403603247
462513419881267	462513434752882	462513423881267
462513436567465	462513451182725	462513442874236
462513460897830	462513475832257	462513461192986
462513469932361	462513484048194	462513470242517
462513486550174	462513500481528	462513486829236
462513511686892	462513525131111	462513512117465
462513519849184	462513533347569	462513520138455
462513536516684	462513549777465	462513536800642
462513562846424	462513574419860	462513563184653
462513569806424	462513582633299	462513570122049
462513586503611	462513599062830	462513586792049
462513611264236	462513623705069	462513611585017
462513619846736	462513631919235	462513620154809
462513636514549	462513648346110	462513636817830
462513661716111	462513672986163	462513662042934
462513669890486	462513681199965	462513670192830
462513686563142	462513697627517	462513686851371
462513711315955	462513722266579	462513711667674
462513719955330	462513730480382	462513720232205
462513736594549	462513746910329	462513745803299
462513761002361	462513771556111	462513761316840
462513769907621	462513787989028	462513770199549
462513786582049	462513804423246	462513786857986
462513811025330	462513829069652	462513811310642
462513819970955	462513837286579	462513820209080
462513836642309	462513853718298	462513836898246
462513853388611	462513870149235	462513855634080
462513877746423	462513894797100	462513878028298
462513886603246	462513903013767	462513887016215
462513903319496	462513919447308	462513903584548
462513920092048	462513935878923	462513922000486
462513944171736	462513960527100	462513944533403
462513953277361	462513968744757	462513953544340
462513969984965	462513985177985	462513970250642
462513986668455	462514001608298	462513993642934
462514010914392	462514026248090	462514011198871
462514019951892	462514034461944	462514020222153
462514036630955	462514050890850	462514036897153
462514053384548	462514067321163	462514054906736
462514077283767	462514091967829	462514077572986
462514086597621	462514100181059	462514087012361
462514103325642	462514116609912	462514103587830
462514120062309	462514133038246	462514126743298
462514144178298	462514157681163	462514144451423
462514153319861	462514165895225	462514153585798
462514170044236	462514182324184	462514170293455
462514193791267	462514206967986	462514194069392
462514203275173	462514215182829	462514211957048
462514219982778	462514231613090	462514227185173
462514243865955	462514256254340	462514244143455
462514253295642	462514264467829	462514253567673
462514269964392	462514289110537	462514287497517
462514286800173	462514297324600	462514287530746
462514310818142	462514321965225	462514311103298
462514319973767	462514338390798	462514320297048
462514336614548	462514354816058	462514336887309
462514353277621	462514371243142	462514364405902
462514377410642	462514395883767	462514377701840
462514386585798	462514404097048	462514386943455
462514403324652	462514420523767	462514403624705
462514420094340	462514436949444	462514423791059
462514443502830	462514453374964	462514443805486
462514453320017	462514469802048	462514453601892
462514469920434	462514486232517	462514470206215
462514486619548	462514502666371	462514491437777
462514510198298	462514527316319	462514510496892
462514519945642	462514535532620	462514520230173
462514536610798	462514560180434	462514552169079
462514553274704	462514568395954	462514553635642
462514578051215	462514593042881	462514578342986
462514586539079	462514601258298	462514586916267
462514603287048	462514617689600	462514616962673
462514627161736	462514642335902	462514627489027
462514636622673	462514650550537	462514636892465
462514653325486	9223372036854775807	462514653590017

POLL t=78.9 tick=2210
8333333
462522678435639	462522692901316	462522678841108
462522687000326	462522701117253	462522687315326
462522703768451	462522717549493	462522704063712
462522720401576	462522733982670	462522731438608
462522744897462	462522758629232	462522745188764
462522753740743	462522766843295	462522754007618
462522770419076	462522783272305	462522770674701
462522787092826	462522799701367	462522791086108
462522812811212	462522824348243	462522813212201
462522820394076	462522832562669	462522820737045
462522837085014	462522848992826	462522837350587
462522853785170	462522865422670	462522864975326
462522878291576	462522890064389	462522878563139
462522887080639	462522898278763	462522887347305
462522903750014	462522914710117	462522904007983
462522920420795	462522931141472	462522925091055
462522944855483	462522955791211	462522945145587
462522953682983	462522964007669	462522953958295
462522970419180	462522988652357	462522970685639
462522987096524	462523005081941	462522992013764
462523011935326	462523029723502	462523012273764
462523020449962	462523037937669	462523020774232
462523037081993	462523054365639	462523037400743
462523053743920	462523070792878	462523058736732
462523078032826	462523095434024	462523078337982
462523087081732	462523103647982	462523087386889
462523103785795	462523120074388	462523104068868
462523120458087	462523136499545	462523122627826
462523145174649	462523161140534	462523145542045
462523153720587	462523169355326	462523153988607
462523170414857	462523185783555	462523170685430
462523187085482	462523202211993	462523189679805
462523211972357	462523226857878	462523212342618
462523220418139	462523235072721	462523220685326
462523237047826	462523251502513	462523237326368
462523253750899	462523267929857	462523258706732
462523278467462	462523292575222	462523278780743
462523287055326	462523300790534	462523287364545
462523303750587	462523317222305	462523304060014
462523320433607	462523333651368	462523323140639
462523345216264	462523358293138	462523345602357
462523353739337	462523366506940	462523354009389
462523370414545	462523382934701	462523370684389
462523387110430	462523399361263	462523389662462
462523411580326	462523424006055	462523411797514
462523420411212	462523432222669	462523420794076
462523437086889	462523448654127	462523437350951
462523453772774	462523465085013	462523457755795
462523478129076	462523489730274	462523478424805
462523487104076	462523497944596	462523487396576
462523503769232	462523514370274	462523504047670
462523520442461	462523530796523	462523523281732
462523545455482	462523555441211	462523545769805
462523553763139	462523563655274	462523554030795
462523570439024	462523588299545	462523580351107
462523594974232	462523612942982	462523595263451
462523603807618	462523621157305	462523604092357
462523620438868	462523637585638	462523620839545
462523637170586	462523654013502	462523638460482
462523662852461	462523678653971	462523663155430
462523670430586	462523686867044	462523670770951
462523687093607	462523703293867	462523695521263
462523711324805	462523727932565	462523711620013
462523720432930	462523736145846	462523720791576
462523737100586	462523760787408	462523752796420
462523753860951	462523769001263	462523754230013
462523784955638	462523801852930	462523785130326
462523787115170	462523810065534	462523787481420
462523803748138	462523818279179	462523804267722
462523820442826	462523834706992	462523824717982
462523845695951	462523859348398	462523846059336
462523853855951	462523867561680	462523854146732
462523870470013	462523883987304	462523870731732
462523887082826	462523900416471	462523892890170
462523911431524	462523925060065	462523911775899
462523920460743	462523933275325	462523920889232
462523937158399	462523949705169	462523937420482
462523953832357	462523966134753	462523954991420
462523979362201	462523990777461	462523979667826
462523987126420	462523998993242	462523987421732
462524003850118	462524015425690	462524012270951
462524028243607	462524040069752	462524028545274
462524037152305	462524048283711	462524037418243
462524053838451	462524064712200	462524054096576
462524070541732	462524081142929	462524074357513
462524094712149	462524105791315	462524094999857
462524103897045	462524114006992	462524104219492
462524120484232	462524138648555	462524120844545
462524137221888	462524155076783	462524137543138
462524163982201	462524179717669	462524164265013
462524170528138	462524187932357	462524170766420
462524187130951	462524204361679	462524194917201
462524211367930	462524229006367	462524211664024
462524220540326	462524237221836	462524220942617
462524237151055	462524253651158	462524237438138
462524253863295	462524270078034	462524256240899
462524278065951	462524294721054	462524278370795
462524287199649	462524302934805	462524287523451
462524303841732	462524319360898	462524304101732
462524320562357	462524335786211	462524328658399
462524345275794	462524360417305	462524345620326
462524353789544	462524368628763	462524354074492
462524370501732	462524385051940	462524370773138
462524387196888	462524401474075	462524392428867
462524411313607	462524426109283	462524411623555
462524420465274	462524434321471	462524420840169
462524437179076	462524450747721	462524437439961
462524453918294	462524467170430	462524457667826
462524477964544	462524491807513	462524478244961
462524487196107	462524500020012	462524487515794
462524503784961	462524516446419	462524504122461
462524520479701	462524532872044	462524520663867
462524546067044	462524557513398	462524546365586
462524553893242	462524565727148	462524554193451
462524570468451	462524590368919	462524583612461
462524594792461	462524606796523	462524595080482
462524603802930	462524615011680	462524604102982
462524620430117	462524631441627	462524620809076
462524637154961	462524647873138	462524639177513
462524661676263	462524672516211	462524662102201
462524670431732	462524680729127	462524670733451
462524687186992	462524705371002	462524687516836
462524703804649	462524721798502	462524715023919
462524728914024	462524746445585	462524729199544
462524737174701	462524754660169	462524737460482
462524753820169	462524771086731	462524754091367
462524770549232	462524787514648	462524772111263

POLL t=90.7 tick=2448
8333333
462534390001676	462534405934384	462534390301989
462534406417353	462534422360374	462534406797614
462534422955009	462534438788290	462534430808916
462534447949645	462534463433290	462534448296259
462534456381416	462534471648291	462534456861572
462534472991364	462534488075791	462534473258447
462534489692614	462534504504436	462534491034645
462534518370895	462534529149072	462534518666572
462534522970166	462534537363551	462534523323916
462534539679541	462534553791884	462534547333551
462534564528291	462534578433499	462534564818082
462534572982041	462534586648916	462534573257301
462534589648759	462534611289697	462534605152822
462534606317041	462534619502925	462534606668447
462534636502509	462534652354123	462534636880426
462534639669332	462534660568291	462534640068863
462534656319488	462534668783134	462534656681728
462534681224488	462534693426415	462534681524072
462534689665166	462534701640113	462534689941520
462534706358759	462534726281676	462534721628134
462534723009801	462534734495894	462534723358134
462534754868134	462534767351571	462534755257978
462534756277353	462534775563706	462534756646051
462534772959853	462534783777353	462534773318291
462534789680895	462534800204227	462534796052509
462534815033238	462534824843811	462534815427509
462534823024384	462534841270947	462534823280322
462534839684957	462534857700373	462534839941728
462534856349228	462534874128238	462534859452509
462534880842822	462534898770842	462534881125165
462534889811832	462534906986207	462534890052822
462534906348082	462534923415269	462534921743447
462534923025895	462534939843498	462534923374697
462534951547978	462534964484957	462534951832353
462534956419384	462534972698342	462534956654072
462534973010009	462534989125530	462534983001415
462534997581884	462535013770113	462534997877197
462535006377457	462535021985581	462535006659697
462535023040790	462535038413498	462535023300582
462535039707040	462535054843029	462535043332978
462535067898238	462535079479853	462535068254853
462535073009540	462535087692196	462535073388134
462535089699957	462535104118395	462535097967822
462535114265322	462535128760373	462535114557040
462535123031259	462535136973082	462535123300634
462535139702770	462535161613551	462535154148603
462535156383759	462535169828447	462535156959957
462535185247197	462535202684748	462535185621363
462535189713915	462535210900425	462535190124540
462535206323238	462535219115009	462535214826728
462535233033290	462535243756987	462535233396884
462535239702926	462535251971415	462535240092978
462535256397665	462535268399280	462535256751415
462535273082040	462535284827092	462535279241676
462535297321103	462535309464749	462535297622197
462535306362144	462535317678550	462535306744332
462535323055322	462535334104956	462535323357926
462535339787197	462535350530009	462535345071728
462535364667353	462535375168915	462535364980165
462535373060009	462535383382821	462535373354384
462535389706519	462535408026988	462535405870165
462535406393759	462535424459331	462535406538134
462535430520790	462535440888758	462535430824697
462535439719332	462535457318446	462535440091207
462535456466207	462535473749331	462535456767353
462535473056884	462535490182509	462535482599176
462535497187509	462535514829384	462535497486884
462535506372978	462535523045738	462535506661415
462535523033915	462535539475685	462535537284853
462535539784853	462535555904957	462535540143134
462535568733082	462535580548758	462535569050738
462535573080009	462535588763290	462535573398394
462535589731832	462535605193654	462535600617144
462535616265321	462535629838654	462535616565009
462535623138603	462535638052977	462535623409853
462535639768915	462535654480737	462535640049957
462535656507196	462535670908342	462535665036207
462535680803603	462535695549071	462535681095946
462535689774071	462535703763133	462535690041884
462535706446259	462535728404800	462535721294853
462535723172301	462535736617873	462535723489696
462535752513551	462535769470633	462535752897769
462535756432040	462535777685530	462535756735634
462535773117926	462535785900478	462535773581676
462535789916884	462535802334592	462535792161988
462535813945426	462535826983290	462535814240634
462535823076259	462535835198602	462535823362769
462535839790426	462535851629227	462535840074228
462535856564176	462535868061779	462535861127353
462535880511259	462535892708915	462535880807353
462535889745009	462535900925998	462535890019384
462535906471832	462535917357978	462535906733915
462535923214332	462535933788498	462535928965165
462535947347613	462535958429279	462535947626103
462535956476259	462535974854800	462535956750738
462535973110894	462535991282352	462535973462353
462535989867040	462536007708394	462535990884696
462536014616259	462536032346466	462536014990582
462536023124384	462536040559852	462536023479540
462536039784071	462536056986466	462536055716884
462536056477196	462536073411988	462536056739384
462536085673446	462536098054331	462536086045165
462536089765425	462536106269174	462536090126988
462536106450790	462536122699383	462536106750009
462536123098290	462536139128550	462536126670894
462536152780009	462536163772196	462536153076727
462536156405634	462536171987769	462536156694227
462536173084852	462536188417664	462536173440582
462536190293602	462536204842821	462536196262925
462536213651727	462536229481467	462536213941519
462536223076259	462536237694747	462536223335165
462536239736102	462536262339852	462536254145634
462536256421259	462536270555008	462536257045321
462536280819852	462536295197300	462536281104957
462536289742613	462536303412196	462536290007977
462536306425269	462536319842508	462536313266727
462536330282821	462536344486362	462536330582196
462536339763550	462536352700841	462536340069800
462536356447925	462536377339331	462536371400269
462536373113915	462536385554227	462536373483602
462536397936571	462536410197612	462536398228446
462536406444071	462536418412612	462536406803290
462536423097352	462536434841049	462536430480165
462536447126102	462536459480164	462536447420321
462536456482509	462536467694227	462536456753134
462536473135582	462536492336988	462536487685009
462536489849384	462536500552925	462536490214852

POLL t=102.3 tick=2616
8333333
462545931334849	462545947451880	462545931635890
462545940375942	462545955665056	462545940634067
462545957070786	462545972094900	462545960893703
462545979596411	462545996740474	462545979864849
462545990355161	462546004956046	462545990617192
462546007008755	462546021385213	462546018447922
462546029707817	462546046025890	462546029991880
462546040362505	462546054241203	462546040627505
462546057019692	462546078885994	462546071526880
462546073690109	462546087100525	462546074033442
462546098830630	462546111739536	462546099123911
462546106985942	462546119954223	462546107495786
462546123750786	462546144597192	462546136337817
462546147380786	462546161024067	462546147772974
462546157009536	462546169236984	462546157291359
462546173710786	462546185665733	462546173972192
462546190403599	462546202095212	462546191774640
462546213118599	462546226736098	462546213417661
462546223665734	462546234949171	462546224112922
462546240404692	462546251377661	462546240664484
462546257056411	462546267806307	462546259726984
462546281150890	462546292451827	462546281517349
462546290295630	462546300666515	462546290591411
462546307033130	462546317097452	462546307542192
462546323724953	462546341740265	462546329017505
462546346311359	462546358170265	462546346619067
462546357034849	462546374603807	462546357303911
462546373695474	462546391036254	462546384742817
462546397208234	462546407466463	462546397478703
462546406990161	462546423895785	462546407356567
462546423698755	462546440325890	462546437713911
462546440477349	462546456755265	462546440720317
462546466907661	462546481399952	462546467296880
462546473709953	462546489614327	462546474055942
462546490366359	462546506046098	462546497236567
462546515811203	462546530689536	462546516139536
462546523665578	462546538904275	462546523963546
462546540377036	462546555334744	462546540639692
462546557062192	462546571764067	462546560593599
462546579623286	462546596409170	462546579921880
462546590397609	462546604624379	462546590716828
462546607036359	462546621054118	462546607412661
462546623721671	462546637483077	462546623870317
462546646556828	462546662126775	462546646857817
462546657043390	462546670340942	462546657312453
462546673729380	462546686769431	462546677754692
462546696386880	462546711409900	462546696668598
462546707030942	462546719624952	462546707396515
462546723723703	462546736052192	462546727527505
462546746257192	462546760693077	462546746564328
462546757070630	462546768907764	462546757374067
462546773722036	462546785338129	462546773992296
462546790380421	462546801769171	462546790696515
462546817160473	462546834626619	462546817452348
462546823704692	462546842841514	462546824031984
462546840372973	462546851057088	462546845589640
462546863989067	462546875702504	462546864274796
462546873716828	462546883917139	462546873982192
462546890430161	462546908560733	462546893894536
462546913142036	462546924988754	462546913422348
462546923681255	462546941417504	462546923953911
462546940407921	462546957845733	462546940661098
462546957069848	462546974272869	462546957407921
462546981863442	462546998913129	462546982145161
462546990384536	462547007127295	462546990647817
462547007079692	462547023552973	462547012367348
462547029687973	462547039978754	462547029989692
462547040396567	462547056407192	462547040681880
462547057053234	462547072834275	462547067721098
462547079784796	462547097472504	462547080073546
462547090417817	462547105685056	462547090683130
462547107158598	462547122112295	462547120736255
462547123826567	462547138539275	462547124160005
462547152612661	462547163179743	462547152610630
462547157333702	462547171392712	462547157604067
462547173873859	462547187820057	462547183136515
462547197146202	462547212461880	462547197449223
462547207128234	462547220674275	462547207514380
462547223831098	462547237099327	462547224107348
462547240581879	462547253528494	462547242469952
462547263154171	462547278170420	462547263437192
462547273806567	462547286386202	462547274076254
462547290478442	462547311028234	462547302601723
462547314242192	462547327454900	462547314587921
462547323846515	462547335668129	462547324107140
462547340490421	462547352094795	462547340764796
462547357153077	462547368521723	462547357321671
462547382658442	462547393167764	462547382951359
462547390489379	462547401384223	462547390776411
462547407214067	462547417816670	462547412153234
462547430150317	462547442463910	462547430439536
462547440476098	462547450680212	462547440743702
462547457183754	462547475327556	462547461434067
462547479911098	462547491759379	462547480195421
462547490485786	462547508190108	462547490758598
462547507187817	462547524617348	462547522168077
462547523844484	462547541043441	462547524142765
462547551327817	462547565684379	462547551686723
462547557132973	462547573900056	462547557417973
462547573869223	462547590327920	462547576700577
462547597326879	462547614968911	462547597653859
462547607106515	462547623183702	462547607489379
462547623847661	462547639610785	462547624111879
462547640551411	462547656039535	462547640883859
462547664587504	462547680681305	462547664936567
462547673788702	462547688897087	462547674063233
462547690581827	462547705327088	462547690921567
462547707172973	462547721756723	462547714738286
462547730215786	462547746399691	462547730500629
462547740471983	462547754614535	462547740739171
462547757126411	462547771044067	462547769130473
462547779352765	462547795686827	462547779694536
462547790432504	462547803900785	462547790705629
462547807120629	462547828543598	462547823767817
462547823939536	462547836757088	462547824087608
462547846541254	462547861404535	462547846821046
462547857148754	462547869620837	462547857412817
462547873835890	462547886053962	462547877390317
462547897143910	462547910703493	462547897513129
462547907163233	462547918919743	462547907666671
462547923832660	462547943566462	462547937851567
462547946641202	462547960000472	462547946938390
462547957152817	462547968216097	462547957422192
462547973814535	462547984648858	462547974071567
462547990538754	462548001078598	462547990845004
462548016467035	462548033941046	462548016750785
462548023834692	462548042156723	462548024161879

POLL t=113.9 tick=2787
8333333
462557575496823	462557586406823	462557576949532
462557599604219	462557611042761	462557599961407
462557608789219	462557619255104	462557609053855
462557625478751	462557643893646	462557633172448
462557648428282	462557660322239	462557648728542
462557658810626	462557676751979	462557659086563
462557675468542	462557693179948	462557689267448
462557692217344	462557709609948	462557692558438
462557719085105	462557734246771	462557719451511
462557725472761	462557742460156	462557725852292
462557742123855	462557758887448	462557755243230
462557758815105	462557775316198	462557759184375
462557786668386	462557799958021	462557787050313
462557792132344	462557808173334	462557792473594
462557808818125	462557824601145	462557814555313
462557831369636	462557849243385	462557831652657
462557842128907	462557857458125	462557842541980
462557858805469	462557873887917	462557871788438
462557881600782	462557898529531	462557881917344
462557892180261	462557906743802	462557892447032
462557908800000	462557931385938	462557924360000
462557925494219	462557939600677	462557925839844
462557951521198	462557964249427	462557951807605
462557958824480	462557972466771	462557959221511
462557975502605	462557988900834	462557982641875
462557999582500	462558013552083	462557999897761
462558008825938	462558021767969	462558009092917
462558025480625	462558046415313	462558040053855
462558042145886	462558054630989	462558042502188
462558066968855	462558079275573	462558067266719
462558075518698	462558087491094	462558075845000
462558092186823	462558103920781	462558099916875
462558114541719	462558128567135	462558114845469
462558125541719	462558136782447	462558125863855
462558142139688	462558153211614	462558142384636
462558158840469	462558169641563	462558161033438
462558181655729	462558194285521	462558182005261
462558192122032	462558202499584	462558192472761
462558208825886	462558218928229	462558209120000
462558225531407	462558243574531	462558228835729
462558248148282	462558260005260	462558248440469
462558258754792	462558276437031	462558259043854
462558275493907	462558292868437	462558292539167
462558292684063	462558309296510	462558292884636
462558319592657	462558333942187	462558319960625
462558325503125	462558342157083	462558325906094
462558342149948	462558358585051	462558348309063
462558364677969	462558375014636	462558364991719
462558375481719	462558391445364	462558375752969
462558392182813	462558407876198	462558405425781
462558414801875	462558432523177	462558415115886
462558425480417	462558440738020	462558425746354
462558442154375	462558457167760	462558442416094
462558458825313	462558473598697	462558461398906
462558481315417	462558498246250	462558481609792
462558492197031	462558506463594	462558492464167
462558508882656	462558522899062	462558515101719
462558531247031	462558547547083	462558531540156
462558542111563	462558555762812	462558542415729
462558558765156	462558572193594	462558571794219
462558575503750	462558588626041	462558575843750
462558602451406	462558613267395	462558602735000
462558608796823	462558621481770	462558609163438
462558625501198	462558637910156	462558630553698
462558648801875	462558662554271	462558649091406
462558658827969	462558670770937	462558659105938
462558675488438	462558695420156	462558690866094
462558692277604	462558703635781	462558692641094
462558717787188	462558728282968	462558718156354
462558725542656	462558736499010	462558725966875
462558742180729	462558761143489	462558753983750
462558765179167	462558777572812	462558765469063
462558775485156	462558785787656	462558775753594
462558792238854	462558818647239	462558810400000
462558809095625	462558826860729	462558810431875
462558831528542	462558843287135	462558831823281
462558842189531	462558859713801	462558842454167
462558858872969	462558876141354	462558874802813
462558875563125	462558892569479	462558875860729
462558900613229	462558917214166	462558900973594
462558908842969	462558925429375	462558909116250
462558925648750	462558941859948	462558935314010
462558949030417	462558966502083	462558949316667
462558958878385	462558974716041	462558959142969
462558975538906	462558999358489	462558990952604
462558992282760	462559007573333	462558992603125
462559017300573	462559032219583	462559017592448
462559025532135	462559040436145	462559025831719
462559042284948	462559056867083	462559054511823
462559058931979	462559073296457	462559059250312
462559086044062	462559097941406	462559086402500
462559092350781	462559106154895	462559092669948
462559109015625	462559122582030	462559121077187
462559134347969	462559147224843	462559134647448
462559142339687	462559155439323	462559142641094
462559159046719	462559171867656	462559159398594
462559175784687	462559188295104	462559182529010
462559198520781	462559212932135	462559198818698
462559208965729	462559221146041	462559209230729
462559225652969	462559245785989	462559239498125
462559242421250	462559253998228	462559242733906
462559268584062	462559278635103	462559269048385
462559275628750	462559286847759	462559275941667
462559292391667	462559311484739	462559306297812
462559309099010	462559319698228	462559309452135
462559332530729	462559344338645	462559332825312
462559342320469	462559352553854	462559342652969
462559359007812	462559368984895	462559359373073
462559375679375	462559385414114	462559381118125
462559398500417	462559410061301	462559398795104
462559408981406	462559426491509	462559409236094
462559425642135	462559442920208	462559438769635
462559449114479	462559459346978	462559449399687
462559458970625	462559475775937	462559459256875
462559475656510	462559500418229	462559492545156
462559493145104	462559508632395	462559493355000
462559520108541	462559533275937	462559520489375
462559525649062	462559541490624	462559525986823
462559542275104	462559557919114	462559548856406
462559565420729	462559582561302	462559565789531
462559575683750	462559590775728	462559576015312
462559592307604	462559607206458	462559592576979
462559609051823	462559623637187	462559611806562
462559631712969	462559648285833	462559632012604
462559642316041	462559656500989	462559642622812
462559658999791	462559681145884	462559674379844
462559675722760	462559689360988	462559676056198

POLL t=126.4 tick=3041
8333333
462570016338537	462570030527964	462570016617027
462570026206246	462570038741193	462570026470465
462570042866819	462570063382496	462570058302965
462570059530152	462570071597078	462570059874787
462570085783381	462570096240360	462570086158433
462570092864996	462570104455568	462570093142027
462570109533433	462570120882860	462570113913433
462570132260412	462570145522547	462570132549371
462570142871506	462570153736089	462570143167027
462570159532652	462570178376245	462570171680465
462570182668381	462570194803381	462570183327183
462570192846350	462570211231558	462570193119787
462570209552444	462570227660881	462570225219996
462570226210725	462570244089683	462570226556975
462570253544996	462570268730777	462570253841871
462570259499839	462570276942964	462570259870412
462570276231350	462570293369579	462570284837652
462570299046246	462570309799370	462570299332027
462570309498277	462570326229474	462570309770725
462570326205569	462570342659891	462570336982652
462570349028746	462570367305568	462570349319527
462570359505464	462570375520568	462570359773589
462570376174319	462570391950412	462570389690256
462570392876714	462570408381246	462570393233433
462570416269839	462570433023954	462570416736975
462570426155621	462570441237911	462570426432912
462570442863902	462570457664787	462570447427912
462570465739527	462570482307964	462570466049787
462570476215308	462570490523068	462570476489683
462570492916246	462570506951349	462570496799787
462570515298433	462570531593068	462570515608433
462570526213902	462570539807078	462570526489214
462570542877339	462570564448172	462570556226558
462570559541871	462570572662027	462570559884787
462570586149996	462570597302860	462570586436246
462570592885152	462570605516609	462570593254319
462570609506402	462570621946922	462570618374318
462570632254996	462570646586402	462570632569214
462570642905412	462570654799161	462570643311871
462570659563850	462570671224839	462570659827183
462570676264943	462570687650828	462570682593589
462570698992443	462570712291662	462570699298277
462570709560881	462570720504943	462570709857027
462570726222496	462570736930881	462570726485308
462570742902964	462570753358693	462570743255100
462570765574214	462570777999474	462570765871089
462570776174058	462570786212911	462570776456975
462570792912652	462570810852183	462570796672964
462570815403433	462570827282704	462570815698589
462570826238277	462570843709474	462570826570464
462570842878745	462570860137339	462570856085620
462570859567756	462570876565151	462570859907495
462570885120881	462570901208172	462570885427964
462570892841193	462570909422860	462570893335412
462570909730464	462570925852443	462570920528381
462570932602652	462570950491401	462570932898381
462570942966818	462570958706088	462570943278902
462570959497339	462570975134578	462570959778433
462570976329943	462570991562547	462570979214475
462570999027339	462571016204006	462570999336558
462571009483277	462571024419630	462571009765152
462571026190412	462571049064683	462571040911558
462571042901506	462571057277703	462571043249839
462571066076818	462571081919370	462571066362027
462571076237443	462571090132182	462571076499683
462571092944683	462571106559370	462571096917443
462571115705777	462571131202234	462571115966402
462571126230620	462571139417026	462571126503277
462571142957808	462571155846609	462571145878589
462571168169683	462571180487443	462571168572027
462571176281558	462571188701661	462571176545100
462571192926714	462571205129631	462571197891193
462571215448433	462571229775411	462571215752027
462571226231975	462571237991245	462571226519995
462571242947495	462571262635620	462571256181714
462571259685777	462571270850776	462571259970100
462571286910152	462571303708849	462571287200152
462571292893433	462571311924006	462571293187756
462571309618068	462571320139474	462571316896402
462571332461089	462571344783068	462571332747652
462571342978433	462571352997547	462571343252964
462571359646714	462571377643016	462571370407443
462571382496714	462571394074891	462571382790464
462571392955933	462571410509318	462571393320412
462571409634318	462571426942183	462571419483693
462571432851402	462571443372755	462571433141349
462571442992339	462571459801922	462571443263693
462571459661402	462571476232495	462571471234318
462571482231245	462571492664630	462571482514527
462571493002026	462571509098119	462571493357756
462571509637183	462571525529943	462571524325151
462571526321506	462571541961557	462571526617183
462571553297651	462571566608745	462571553591089
462571559684214	462571574825359	462571560037026
462571576329370	462571591256557	462571579918693
462571599980568	462571615904318	462571600272756
462571609619839	462571624118536	462571609889006
462571626392287	462571640551036	462571629132808
462571648894370	462571665200620	462571649185933
462571659636401	462571673416661	462571659907964
462571676393537	462571689848068	462571679634995
462571699178589	462571714496609	462571699464214
462571709622183	462571722711714	462571709928745
462571726839995	462571747356765	462571740783068
462571743013745	462571755573640	462571743284787
462571769792808	462571788441453	462571770186714
462571776353381	462571796657807	462571776689683
462571792964370	462571804873589	462571802205881
462571815791506	462571829519578	462571816104683
462571826292651	462571837734578	462571826599995
462571842906558	462571862381349	462571856720151
462571859653849	462571870595984	462571860026714
462571885789006	462571903459162	462571886100308
462571892918849	462571911675463	462571893405724
462571909721714	462571928106922	462571920464526
462571933520620	462571944538172	462571933861714
462571942959058	462571960967026	462571943218849
462571959623693	462571977397703	462571959876089
462571976318901	462571993827026	462571977485933
462571999918589	462572010255932	462572000189526
462572009627651	462572026685672	462572009889005
462572026315464	462572043115515	462572029561558
462572049148901	462572059547130	462572049509787
462572059632339	462572075977964	462572059889839
462572076381870	462572092409474	462572087815880
462572099656349	462572117053328	462572099929474
462572109654943	462572125267339	462572109922495

POLL t=136.4 tick=3217
8333333
462580016151398	462580028374210	462580016431086
462580026575409	462580036589418	462580026848534
462580043234367	462580061232231	462580057062179
462580059941711	462580077662127	462580060251190
462580087357752	462580102309001	462580087710929
462580093188690	462580110524106	462580093507648
462580109864523	462580126951606	462580110171398
462580133424367	462580151593168	462580133716867
462580143181086	462580159807283	462580143470304
462580159923846	462580176235877	462580175312648
462580176538117	462580192665460	462580176856242
462580199652961	462580217310200	462580199954836
462580209851867	462580225523689	462580210136398
462580226574992	462580241954783	462580235352804
462580249506398	462580266603220	462580249816711
462580259946502	462580274819315	462580260227284
462580276596554	462580291252440	462580288909054
462580293239002	462580307685512	462580293627804
462580320522492	462580332334054	462580320878742
462580326542336	462580340550147	462580326957804
462580343189992	462580356981398	462580350208846
462580366351086	462580381628585	462580366713117
462580376532752	462580389845096	462580376813429
462580393192023	462580414490252	462580409869159
462580410016867	462580422704784	462580410474471
462580435612596	462580447349210	462580435884836
462580443208690	462580455562751	462580443564367
462580459925929	462580471991606	462580465059679
462580483174940	462580496637231	462580483544836
462580493305304	462580504852335	462580493659211
462580509890565	462580521281814	462580510156346
462580526599836	462580537710512	462580527606086
462580549549211	462580562355564	462580549837336
462580559855617	462580570571710	462580560200304
462580576586086	462580595217960	462580576849211
462580593259211	462580611649835	462580595821398
462580615991711	462580628082648	462580616397179
462580626578586	462580644516554	462580626843742
462580643241242	462580660948064	462580657824315
462580659944835	462580677379054	462580660305304
462580687569002	462580702028064	462580687859367
462580693242752	462580710243741	462580693591971
462580709892335	462580726676918	462580719271242
462580733534210	462580751325251	462580733828585
462580743229471	462580759542127	462580743583273
462580759934471	462580775974730	462580760294679
462580776568429	462580792406242	462580781703377
462580799385148	462580817052074	462580799682492
462580809910929	462580825267439	462580810173898
462580826571085	462580841697335	462580841446867
462580843251815	462580858128273	462580843617648
462580869723429	462580882772231	462580870018377
462580876536033	462580890987544	462580876928429
462580893271658	462580907416814	462580893600929
462580909877960	462580923845304	462580910229940
462580934201554	462580948490512	462580934537179
462580943244158	462580956706398	462580943623429
462580959964315	462580973134939	462580960286033
462580976627804	462580989565512	462580985555460
462580999481554	462581014208481	462580999782492
462581009919940	462581022423220	462581010177492
462581026578429	462581047069366	462581040502492
462581043261867	462581055284835	462581043628273
462581068551242	462581079930929	462581068853273
462581076522596	462581088146449	462581076871190
462581093284367	462581112792804	462581106681242
462581109940929	462581121009418	462581110288273
462581134172023	462581145656554	462581134517804
462581143222908	462581153872127	462581143520617
462581159939835	462581170302231	462581160226242
462581176634835	462581186732492	462581185793377
462581199617335	462581211374627	462581199903898
462581209925148	462581227802960	462581210188377
462581226622492	462581244229470	462581242207283
462581243314939	462581260657127	462581243677127
462581269149835	462581285297648	462581269492960
462581276584210	462581293513117	462581276857023
462581293359367	462581309944314	462581298630564
462581316880460	462581334589053	462581317248064
462581326637908	462581342803637	462581326909210
462581343305877	462581367445981	462581359857804
462581360146554	462581375659626	462581360165616
462581382743533	462581400305043	462581383038064
462581393263429	462581408519626	462581393535304
462581410009054	462581424951449	462581416090773
462581433706085	462581449595355	462581434037804
462581443314783	462581457811293	462581443619627
462581460034054	462581482457022	462581476154471
462581476742491	462581490673221	462581476798273
462581503404054	462581515320929	462581503714523
462581509980721	462581523535563	462581510283273
462581526599366	462581539965981	462581535083429
462581550019002	462581564614210	462581550349627
462581559952491	462581572830564	462581560220616
462581576598846	462581589259522	462581576872023
462581593298741	462581605690563	462581594685252
462581617366658	462581630332960	462581617648898
462581626635929	462581638547804	462581626913898
462581643374939	462581654976293	462581648999471
462581666105304	462581679621866	462581666385877
462581676655252	462581687836501	462581676925564
462581693322335	462581712482648	462581707261710
462581710051554	462581720699158	462581710381189
462581737931502	462581753563324	462581738220929
462581743259210	462581761777595	462581743605877
462581759936033	462581778207023	462581765311814
462581782799939	462581794638324	462581783089835
462581793255773	462581811072439	462581793534523
462581809901085	462581827505303	462581822804627
462581826593741	462581843939157	462581826935929
462581850376866	462581868585564	462581850663898
462581859941241	462581876801449	462581860218377
462581876648273	462581893234939	462581881817595
462581899220773	462581909668480	462581899506033
462581909946085	462581926101918	462581910204523
462581926566398	462581942536710	462581938784523
462581943288429	462581958970564	462581943626085
462581970811970	462581983619157	462581971093741
462581976604679	462581991835928	462581976945304
462581993305304	462582008267179	462581996230877
462582015842804	462582032914053	462582016155772
462582026606866	462582041129470	462582026875252
462582043267022	462582065775720	462582057709991
462582059922647	462582073990876	462582060283741
462582087885929	462582098637542	462582088252179
462582093360929	462582106852959	462582093740304
462582109913585	462582123285981	462582118262804

POLL t=148.4 tick=3384
8333333
462592060545925	462592071483372	462592064158737
462592083394050	462592096131862	462592083680925
462592093870248	462592104348059	462592094136498
462592110516029	462592128995404	462592121981810
462592133465769	462592145428268	462592133745769
462592143818842	462592153644570	462592144098842
462592160483581	462592178292591	462592174343060
462592177196237	462592194723112	462592177684310
462592202309987	462592219367435	462592202601394
462592210507644	462592227582383	462592210838112
462592227194362	462592244012851	462592235380092
462592250147487	462592260444466	462592250447644
462592260590612	462592276878633	462592260796862
462592277164675	462592293311237	462592291312123
462592293860091	462592309741966	462592294215560
462592320506550	462592334390872	462592320810300
462592327204831	462592342607591	462592327552644
462592343840716	462592359039309	462592347214206
462592366814154	462592383687331	462592367113737
462592377160769	462592391903320	462592377536706
462592393827487	462592408336236	462592404517904
462592417071237	462592432980351	462592417368841
462592427153269	462592441195091	462592427472123
462592443838060	462592457624986	462592456444206
462592460548737	462592474053893	462592460894362
462592488175925	462592498697434	462592488553425
462592493847904	462592506913060	462592494217800
462592510511237	462592523342591	462592514832748
462592533991966	462592547984987	462592534346810
462592543851237	462592556198632	462592544224518
462592560530612	462592572625976	462592560812487
462592577235456	462592589056288	462592581307643
462592600112435	462592613701289	462592600408425
462592610487331	462592621915351	462592610785768
462592627245143	462592638347018	462592627535560
462592643947279	462592654777956	462592645979831
462592667222643	462592679423632	462592667592591
462592677269675	462592687638059	462592677760925
462592693900925	462592704069570	462592694184206
462592710593268	462592728716913	462592710954935
462592734190768	462592745146185	462592734550456
462592743841706	462592761574674	462592744170300
462592760596706	462592778003320	462592760877800
462592777257175	462592794434622	462592778393373
462592800353998	462592810863268	462592800649675
462592810591237	462592827290924	462592810857331
462592827289675	462592843720039	462592830723581
462592850252643	462592860149622	462592850553737
462592860579831	462592876577643	462592860846081
462592877266081	462592893009362	462592889573581
462592893923997	462592909439153	462592894270925
462592921657331	462592934088164	462592921945143
462592927258841	462592942304987	462592927606497
462592943950143	462592958735716	462592944769987
462592967090925	462592983381654	462592967388529
462592977335612	462592991598789	462592977713216
462592994018425	462593008030872	462592997501862
462593017058529	462593032674362	462593017347331
462593027339206	462593040888893	462593027630456
462593044031706	462593057318320	462593044298112
462593060696237	462593073748163	462593063887487
462593084192331	462593098392226	462593084564779
462593093972018	462593106607487	462593094246081
462593110641497	462593131248893	462593125694622
462593127343424	462593139463736	462593127702799
462593153744779	462593172327382	462593154049831
462593160635299	462593180543268	462593161015924
462593177355924	462593196973997	462593189041862
462593200470456	462593213405507	462593200769779
462593210684779	462593221621289	462593210961185
462593227383112	462593246268111	462593238262643
462593250707435	462593262699622	462593251002643
462593260735091	462593279131601	462593260998060
462593277335924	462593287346341	462593277545612
462593294149466	462593311989258	462593294241497
462593318103112	462593328418320	462593318448060
462593327399622	462593344849779	462593327669622
462593344056706	462593361280143	462593344310716
462593360827747	462593377708789	462593361003112
462593384470560	462593402354778	462593384831081
462593394060872	462593410570663	462593394331237
462593410748685	462593427001862	462593423591654
462593427509362	462593443434622	462593427829987
462593454794779	462593468081289	462593455172487
462593460695612	462593476297643	462593461001862
462593477410716	462593492729621	462593477883997
462593494123893	462593509160871	462593494441706
462593521453685	462593533806237	462593521753372
462593527384049	462593542022486	462593527725091
462593544121237	462593558455143	462593548113372
462593568106081	462593583102694	462593568391237
462593577388685	462593591318059	462593577660091
462593594213528	462593607749622	462593599197018
462593617342487	462593632398372	462593617623893
462593627411081	462593640614309	462593627683581
462593644147643	462593657044465	462593655473528
462593668201028	462593681687903	462593668485299
462593677392435	462593689903632	462593677665299
462593694037799	462593714548841	462593709020299
462593710802903	462593722762747	462593711116497
462593737676028	462593755622486	462593737951706
462593744098997	462593763837955	462593744451549
462593760708112	462593772054621	462593770811185
462593784543112	462593796702642	462593784849049
462593794037435	462593804917799	462593794308997
462593810679205	462593829561757	462593822903580
462593833684310	462593845991028	462593833969049
462593844058737	462593862422955	462593844323841
462593860716653	462593878853528	462593860976080
462593877363060	462593895283111	462593878041549
462593900936549	462593911712226	462593901252591
462593910664362	462593928139570	462593910964830
462593927372330	462593944569049	462593927680299
462593944115299	462593960991965	462593947841549
462593967019205	462593977416548	462593967301393
462593977365299	462593993844569	462593977643997
462593994063424	462594010277591	462594005365299
462594017116653	462594034926653	462594017412591
462594027392122	462594043143372	462594027682799
462594044143893	462594059575351	462594058778268
462594060763737	462594076006809	462594061133112
462594088646237	462594100649778	462594089004674
462594094076341	462594108864257	462594094461862
462594110749049	462594125295090	462594117757487
462594134050143	462594149941601	462594134417330
462594144121810	462594158158059	462594144391237
462594160778424	462594174589257	462594174158216

POLL t=160.0 tick=3556
8333333
462603844594931	462603859284306	462603844866025
462603861257795	462603875714409	462603861540295
462603877939983	462603892145190	462603878387795
462603901900712	462603916795608	462603902269670
462603911249306	462603925012483	462603911533525
462603927970139	462603941444774	462603932376545
462603950785452	462603966091493	462603951084983
462603961317327	462603974307535	462603961581702
462603977970452	462603990740242	462603989145868
462604000966858	462604015392431	462604001254827
462604011244045	462604023608992	462604011520452
462604027988420	462604040040243	462604028343264
462604044674358	462604056470815	462604048206233
462604067187327	462604081113888	462604067462795
462604077932952	462604089328940	462604078222639
462604094640608	462604113978420	462604105666858
462604118008264	462604130412847	462604118307014
462604127932743	462604138630764	462604128219514
462604144590608	462604163280451	462604157410556
462604161327795	462604171497430	462604161677899
462604186654149	462604204365451	462604186945920
462604194621077	462604212583263	462604194973837
462604211369306	462604229018056	462604223885087
462604228072327	462604245451180	462604228423420
462604253139514	462604270097691	462604253429201
462604261333264	462604278313472	462604261635139
462604277979045	462604294744930	462604282240087
462604300928889	462604311176076	462604301271389
462604311334670	462604327604983	462604311606701
462604328072951	462604344031701	462604328404983
462604344658264	462604360458784	462604345578212
462604369762795	462604385104982	462604370061181
462604377945868	462604393320451	462604378265399
462604394619201	462604409747847	462604399623837
462604418213576	462604434389566	462604418564045
462604427933524	462604442603941	462604428276545
462604444634358	462604459033160	462604444907014
462604461334201	462604475460868	462604461683889
462604488653056	462604500107482	462604488959201
462604494641545	462604508324773	462604494997014
462604511299358	462604524757483	462604514875139
462604534720399	462604549407169	462604535012951
462604544628368	462604557623889	462604544911858
462604561279670	462604574057690	462604573601076
462604578023108	462604590491596	462604578361806
462604601479670	462604615143055	462604601783368
462604611299514	462604623360920	462604611601806
462604628073264	462604639793315	462604632425868
462604650673993	462604664439670	462604650975608
462604661397118	462604672655815	462604661675451
462604678118420	462604697301440	462604694057795
462604694715764	462604705516075	462604695099670
462604719092587	462604730161961	462604719452639
462604727928420	462604738377065	462604728228264
462604744670555	462604754810086	462604745041337
462604761337274	462604779462273	462604768577795
462604784243420	462604795894930	462604784544826
462604794641233	462604812329513	462604794916858
462604811357795	462604828763785	462604827841701
462604828146701	462604845199045	462604828227951
462604852090712	462604869852378	462604852383368
462604861343212	462604878070503	462604861604983
462604878038264	462604894507587	462604883444201
462604900683264	462604910943888	462604900974826
462604911357482	462604927379097	462604911621232
462604928031389	462604943814097	462604939809930
462604950944618	462604968465087	462604951224201
462604961345451	462604976682846	462604961623055
462604978029045	462605001331753	462604993669982
462604994754982	462605009548419	462604995088420
462605021957014	462605034197325	462605022341805
462605028090607	462605042411753	462605028398055
462605044775920	462605058840816	462605051547326
462605067754670	462605083483524	462605068063576
462605078070295	462605091699565	462605078343264
462605094738264	462605108129461	462605095009045
462605111494149	462605124559409	462605114131701
462605134298732	462605149208055	462605134603264
462605144734774	462605157424357	462605145000764
462605161364930	462605182070191	462605174627482
462605184481232	462605198500503	462605184780243
462605194766180	462605206716545	462605195025451
462605211389045	462605231363211	462605226356493
462605228244357	462605239578211	462605228581857
462605254109514	462605272438159	462605254448889
462605261376232	462605280654774	462605261642014
462605278142014	462605288869461	462605284163889
462605300998107	462605313512898	462605301279670
462605311429670	462605321727429	462605311699045
462605328107118	462605346369409	462605340276857
462605351104618	462605362800450	462605351398993
462605361413889	462605379229201	462605361678732
462605378062795	462605395657534	462605390676545
462605394818732	462605412088576	462605395173680
462605423459670	462605436734461	462605423821701
462605428055711	462605444949722	462605428362326
462605444695764	462605461379461	462605455617274
462605467801701	462605477810555	462605468065399
462605478088993	462605494239097	462605478363107
462605494796232	462605510669357	462605495062899
462605511567743	462605527100607	462605513907118
462605535142899	462605551745554	462605535580503
462605544693576	462605559959409	462605545006024
462605561362639	462605576388888	462605561642482
462605578096649	462605592818106	462605578676961
462605602433524	462605617459981	462605602731961
462605611427795	462605625673315	462605611708368
462605628140295	462605642102585	462605634514826
462605650845555	462605666749357	462605651137482
462605661368576	462605674964617	462605661705763
462605677991232	462605699610347	462605694153107
462605694664045	462605707823367	462605694810763
462605719796232	462605732466076	462605720100607
462605728066232	462605740679565	462605728306232
462605744725920	462605757109461	462605749247118
462605768127013	462605781755554	462605768472482
462605778017326	462605789970763	462605778315920
462605794742326	462605806400034	462605795061857
462605811413836	462605822830450	462605819141180
462605835495763	462605847472065	462605835783211
462605844723576	462605855684825	462605844989982
462605861378993	462605880324930	462605874458732
462605878022013	462605888539096	462605878311857
462605906637013	462605921391544	462605906994513
462605911339201	462605929606909	462605911772326
462605928060763	462605946037638	462605930778055
462605950830920	462605962467325	462605951122482

POLL t=171.6 tick=3810
8333333
462615728909978	462615747228676	462615729216541
462615745591072	462615763663103	462615756711697
462615768300291	462615780095343	462615768590135
462615778913728	462615796528207	462615779189458
462615795567426	462615812958884	462615808863051
462615818458364	462615829389769	462615818795551
462615828913728	462615845823207	462615829195708
462615845582322	462615862257582	462615858020760
462615868580395	462615878690394	462615868901853
462615878959145	462615895122530	462615879228364
462615895589978	462615911553989	462615906383885
462615918219978	462615936204561	462615918523364
462615928927322	462615944422582	462615929188885
462615945587426	462615960858676	462615956552010
462615968498728	462615985509457	462615968795291
462615978924666	462615993725498	462615979191020
462615995615864	462616010160290	462616007967947
462616018487739	462616034812478	462616018782582
462616028927739	462616043029197	462616029190760
462616045582895	462616067680134	462616060551384
462616062266801	462616075897374	462616062625134
462616088460707	462616100548832	462616088778416
462616095609509	462616108766176	462616095958103
462616112257009	462616125204405	462616119303364
462616135237634	462616149856488	462616135593989
462616145593259	462616158073311	462616145860134
462616162252166	462616182723623	462616176116853
462616178952478	462616190940082	462616179283884
462616201894353	462616215586332	462616202182478
462616212268989	462616223803363	462616212539926
462616228948259	462616240236905	462616232868051
462616251610551	462616264888831	462616251901228
462616262219926	462616273107374	462616262614822
462616279306541	462616297757894	462616292504041
462616295695864	462616305973728	462616296197947
462616322665603	462616338837009	462616322943832
462616328973416	462616347053259	462616329351957
462616345642947	462616363486384	462616345981853
462616362356697	462616379918103	462616364359822
462616385600551	462616396351592	462616385989353
462616395620864	462616412783467	462616395937634
462616412385707	462616429215551	462616412648103
462616429031645	462616445646019	462616433872634
462616452725291	462616470292634	462616453118728
462616462354197	462616478508519	462616462836020
462616479024978	462616494936853	462616479283103
462616495701697	462616511366176	462616500093728
462616518519666	462616536009092	462616518810447
462616528993416	462616544224145	462616529274197
462616545650603	462616560651957	462616557753103
462616562346541	462616577079196	462616562715863
462616589540238	462616601724978	462616589835759
462616595677895	462616609940863	462616596433259
462616612352166	462616626373259	462616612685291
462616628962895	462616642805238	462616629324353
462616652857322	462616667453207	462616653192947
462616662315603	462616675669665	462616662867582
462616679038572	462616692102061	462616679303884
462616695717947	462616708535238	462616698947218
462616718576801	462616733182633	462616718866957
462616729028259	462616741397321	462616729343103
462616745716384	462616757825655	462616750026072
462616768611176	462616782473467	462616768885447
462616778973520	462616790688467	462616779307895
462616795740290	462616807119300	462616795957582
462616812361228	462616823549665	462616812721384
462616835853728	462616848198988	462616836155759
462616845656697	462616856415655	462616845932165
462616862374822	462616872849717	462616870097009
462616885278572	462616897500290	462616885563363
462616895695759	462616913933832	462616895975134
462616912556072	462616930368831	462616923640238
462616935504301	462616946802061	462616935784040
462616945708520	462616963233363	462616945980603
462616962412790	462616979662008	462616977021853
462616979139197	462616996092321	462616979486020
462617006309509	462617020740082	462617006636072
462617012391488	462617028955394	462617012672165
462617029107790	462617045385915	462617033911540
462617051791384	462617061817112	462617052089457
462617062449040	462617078248623	462617062852009
462617079067634	462617094681644	462617093572113
462617101941853	462617119324978	462617102216801
462617112416697	462617127540342	462617112679822
462617129067322	462617143969404	462617141728884
462617152031384	462617168615758	462617152319769
462617162399665	462617176831956	462617162777009
462617179093103	462617193263103	462617192448884
462617195906644	462617209692685	462617196188259
462617223435499	462617234336279	462617223733572
462617229082582	462617242549978	462617229375394
462617245842947	462617258980030	462617246092790
462617269043988	462617283623832	462617269337947
462617279150394	462617291839717	462617279450915
462617295786853	462617308270446	462617296064613
462617312423103	462617324699040	462617316181957
462617337208207	462617349341696	462617337491540
462617345771384	462617357556540	462617346069040
462617362441696	462617373985654	462617367785446
462617385550446	462617398629352	462617385868519
462617395730290	462617406844248	462617395997946
462617412465603	462617431485811	462617423781696
462617435503363	462617447913415	462617435831644
462617445689978	462617456129091	462617445966176
462617462378571	462617480771123	462617475660082
462617479058103	462617497199821	462617479365290
462617507046228	462617521845550	462617507339509
462617512389926	462617530061123	462617512696384
462617529066696	462617546490707	462617529199457
462617554544665	462617571134508	462617554910238
462617562388832	462617579351748	462617562723207
462617579046488	462617595784457	462617587067582
462617601702634	462617612214144	462617602010863
462617612451801	462617628641436	462617612734353
462617629072634	462617645070134	462617629332738
462617645722426	462617661499352	462617650101176
462617669892738	462617686143623	462617670190603
462617679034353	462617694359509	462617679347634
462617695736384	462617710787738	462617708237738
462617712411176	462617727218779	462617712760446
462617740700446	462617751863571	462617741083259
462617745770759	462617760077477	462617746125603
462617762377009	462617776505238	462617762706957
462617779090863	462617792933050	462617779235290
462617802370863	462617817577113	462617802741488
462617812369040	462617825791592	462617812662946
462617829120134	462617842221123	462617829445446

POLL t=181.7 tick=3982
8333333
462625480678048	462625498667631	462625480948100
462625497329975	462625515097943	462625511380548
462625514007579	462625531527370	462625514338673
462625539303256	462625556170183	462625539611537
462625547306068	462625564385131	462625547656173
462625564133881	462625580813047	462625575794662
462625589971537	462625605458933	462625590317162
462625597342735	462625613674922	462625597708829
462625614015287	462625630106172	462625614292631
462625630694298	462625646539870	462625631555079
462625653591016	462625671186432	462625653888412
462625664034818	462625679402735	462625664275235
462625680699141	462625695838047	462625683679975
462625703586537	462625720488620	462625703878829
462625713944193	462625728705600	462625714235131
462625730682787	462625753353359	462625745405912
462625747335131	462625761569453	462625747694818
462625772688672	462625786218880	462625773073100
462625780626485	462625794435182	462625780929975
462625797342579	462625810865807	462625808351381
462625823222943	462625835513620	462625823564037
462625830683516	462625843729610	462625830952006
462625847351693	462625860160807	462625847621537
462625864058100	462625876594922	462625864580547
462625887209037	462625901242421	462625887488829
462625897304349	462625909458776	462625897675756
462625914036641	462625925894245	462625917415860
462625936916485	462625950548620	462625937281381
462625947328881	462625958767526	462625947646849
462625963978985	462625975204349	462625964256381
462625980728412	462625991641797	462625984865287
462626006684922	462626024513464	462626007075235
462626014022735	462626032730131	462626014310287
462626030686537	462626040946693	462626030948256
462626047367943	462626065597526	462626047713099
462626071035079	462626082031901	462626071299037
462626080700599	462626098466276	462626080958724
462626097371329	462626114901693	462626102785912
462626120097318	462626131335079	462626120397579
462626130732735	462626147768933	462626131053724
462626147349193	462626164204349	462626160611849
462626170290391	462626180638672	462626170579506
462626180695860	462626197071901	462626180959193
462626197352474	462626213503099	462626208454193
462626220227422	462626238149922	462626220514662
462626230647006	462626246365651	462626230917631
462626247352943	462626262798151	462626260544974
462626270170599	462626287447890	462626270482318
462626280692318	462626295665547	462626280962474
462626297348256	462626312101171	462626308736954
462626320610547	462626336753463	462626320901537
462626330642318	462626344971432	462626330917318
462626347358412	462626361406849	462626347642006
462626364044453	462626377843307	462626364371537
462626390239193	462626402499662	462626390527006
462626397351849	462626410718672	462626397849766
462626414021381	462626427152734	462626416545443
462626436998256	462626451802578	462626437360391
462626447336068	462626460020860	462626447660443
462626464068256	462626476455546	462626464310443
462626480706641	462626492887110	462626482289297
462626503364506	462626517535964	462626503651224
462626513974662	462626525753046	462626514318412
462626530703985	462626542187942	462626530972578
462626547358047	462626558623412	462626547730755
462626573620443	462626591496952	462626573906380
462626580659349	462626599716015	462626581047318
462626597372162	462626607933880	462626602293828
462626621256797	462626632585651	462626621610755
462626630724610	462626649019089	462626631017110
462626647365599	462626665449453	462626661845287
462626664088360	462626681876953	462626664368255
462626688934610	462626706518255	462626689292318
462626697379766	462626714733672	462626697751380
462626714137266	462626731165703	462626718809349
462626736841953	462626747599192	462626737175912
462626747457318	462626764031327	462626747731537
462626764105860	462626780462057	462626774137578
462626786638203	462626796892005	462626786930547
462626797423412	462626813322265	462626797780443
462626814120912	462626829755026	462626828127005
462626837658516	462626854404557	462626837982630
462626847471224	462626862621744	462626847728099
462626864225755	462626879053411	462626877848568
462626880834662	462626895486953	462626881167787
462626906446224	462626920134766	462626906798568
462626914096485	462626928350390	462626914371016
462626930806849	462626944782057	462626938857787
462626954340235	462626969430703	462626954721849
462626964134974	462626977647317	462626964429297
462626980815287	462626994078568	462626981075391
462626997510547	462627010511328	462627002363880
462627020102005	462627035159192	462627020395391
462627030793412	462627043375546	462627031091328
462627047434141	462627059809244	462627058164349
462627070388255	462627084458463	462627070684818
462627080808568	462627092674036	462627081076380
462627097446849	462627117323776	462627110157630
462627120191172	462627133755078	462627120475443
462627130807787	462627141970338	462627131070859
462627147464662	462627158402682	462627156978984
462627170485755	462627183052787	462627170775912
462627180817787	462627191268567	462627181075234
462627197426849	462627215914765	462627209132786
462627220282161	462627232345598	462627220554974
462627230804141	462627248775702	462627231069609
462627247425078	462627265204921	462627258246380
462627270442422	462627281635963	462627270763568
462627280745443	462627298069505	462627281027786
462627297373984	462627314502369	462627308974297
462627321000443	462627330934661	462627321291484
462627330768724	462627347367213	462627331149766
462627347429505	462627363801172	462627360666380
462627364111797	462627380235338	462627364459193
462627391454036	462627404883880	462627391820234
462627397396068	462627413101067	462627397900234
462627414114349	462627429534192	462627417958724
462627436696380	462627454182526	462627436979505
462627447422786	462627462397630	462627447697109
462627464141016	462627478827525	462627466610078
462627486936224	462627503473046	462627487239609
462627497412318	462627511689088	462627497782318
462627514069974	462627528123828	462627526401380
462627530778099	462627544557629	462627531114922
462627557419453	462627569208047	462627557705078
462627564142161	462627577424453	462627564500286
462627580939974	462627593858671	462627590865234

POLL t=192.3 tick=4155
8333333
462636039128044	462636055706273	462636039444346
462636048051950	462636063921168	462636048278252
462636064674971	462636088569658	462636080244762
462636081353096	462636096785803	462636081772262
462636105744971	462636121432991	462636106014137
462636114623252	462636129647835	462636114928408
462636131365596	462636146077678	462636144552002
462636148036221	462636162510126	462636148367471
462636174499971	462636187154397	462636174806637
462636181291064	462636195369605	462636181668096
462636198075752	462636211800803	462636198394814
462636214735752	462636228233876	462636214905700
462636240468200	462636252886324	462636240818721
462636247998252	462636261103043	462636248339762
462636264684658	462636277536376	462636264947314
462636281384814	462636293971584	462636286413877
462636305225908	462636318618720	462636305517418
462636314643564	462636326834085	462636314949293
462636331361950	462636343266011	462636331634189
462636348047887	462636359701221	462636351514658
462636371889970	462636384349918	462636372190752
462636381395231	462636392566845	462636381704502
462636398032158	462636409000283	462636398340387
462636414702002	462636425436012	462636415225283
462636442285439	462636458306897	462636442676689
462636447981533	462636466523772	462636448370283
462636464741845	462636482956793	462636465062783
462636481384345	462636499391220	462636481506325
462636506305752	462636524046064	462636506657939
462636514624762	462636532265386	462636515013408
462636531375127	462636548703772	462636531653564
462636548076689	462636565141168	462636551992314
462636572212158	462636589792053	462636572547262
462636581391689	462636598010074	462636581702158
462636598030595	462636614446167	462636598296377
462636614749293	462636630880804	462636619213877
462636639427470	462636655535490	462636639728877
462636647988981	462636663753512	462636648271220
462636664648095	462636680188668	462636664933408
462636681397002	462636696624136	462636682614658
462636705850908	462636721273668	462636706141950
462636714714658	462636729489709	462636714982418
462636731369189	462636745925543	462636742807470
462636756147731	462636770576532	462636756519658
462636764659606	462636778793616	462636764948877
462636781403252	462636795226636	462636781819033
462636798081325	462636811660699	462636798414137
462636822444606	462636836312835	462636822741168
462636831374189	462636844530022	462636831651481
462636848020699	462636860964241	462636848390595
462636864712158	462636877398824	462636868162783
462636891467627	462636902049293	462636891751689
462636898035231	462636910265439	462636898387418
462636914711324	462636926698772	462636923658877
462636939636220	462636951345438	462636939933512
462636948054606	462636959560543	462636954398877
462636964725387	462636975990855	462636965086324
462636989377470	462637000637887	462636989660856
462636998044970	462637008853876	462636998319449
462637014718720	462637025285855	462637014996533
462637039524189	462637049935074	462637039824137
462637048064658	462637058151376	462637054525283
462637064771376	462637082800803	462637065060439
462637089009189	462637099234709	462637089318668
462637097995856	462637115668095	462637098279189
462637114783408	462637132100751	462637115106168
462637139788095	462637156749969	462637140156845
462637148109293	462637164968460	462637155193043
462637164736012	462637181403564	462637165190908
462637181376324	462637197836064	462637181609814
462637206805283	462637222485908	462637207103564
462637214715908	462637230703616	462637214828356
462637231584033	462637247136115	462637238547887
462637255752626	462637271785595	462637256079293
462637264937210	462637280001428	462637265179501
462637281474970	462637296432678	462637281747314
462637305792783	462637321080543	462637306068512
462637314727418	462637329296428	462637315007731
462637331417314	462637345726688	462637331702106
462637355592626	462637370373095	462637355895751
462637364745908	462637378590751	462637370137418
462637381522418	462637395021845	462637383942262
462637408115908	462637419668720	462637408380439
462637414839606	462637427885439	462637415220856
462637431441064	462637444319084	462637436779918
462637455712731	462637468967678	462637455997574
462637464782887	462637477185074	462637465320283
462637488958824	462637501836584	462637489236845
462637498077158	462637510054449	462637504655387
462637514757783	462637526490855	462637517990751
462637539960074	462637551148303	462637540279814
462637548275283	462637559367314	462637549039449
462637564900908	462637575803408	462637564926376
462637593635595	462637608674293	462637594019033
462637598139762	462637616891949	462637598470543
462637614857001	462637625110438	462637615149970
462637638826376	462637649760387	462637639138355
462637648299918	462637666197730	462637653552939
462637664768408	462637682633667	462637666936793
462637692183095	462637707285334	462637692519970
462637698183407	462637715502470	462637698494501
462637714800126	462637731937834	462637715094657
462637740752887	462637756588771	462637741067887
462637748215282	462637764805594	462637748494970
462637764805439	462637781235282	462637765071637
462637788927626	462637805881688	462637789212157
462637798117314	462637814096480	462637804647782
462637814784345	462637830528146	462637818117939
462637839786220	462637855177991	462637840050126
462637848127470	462637863395802	462637848401064
462637871930126	462637888043876	462637872311064
462637881370595	462637896259709	462637881653720
462637898110439	462637912691584	462637898374970
462637921670595	462637937340282	462637921958980
462637931407105	462637945556532	462637935980230
462637948141949	462637961987678	462637949492939
462637975173720	462637986636376	462637975455907
462637981411376	462637994851376	462637981780751
462637998104501	462638011283094	462638005408876
462638021429918	462638035932730	462638021712157
462638031408407	462638044150490	462638037244189
462638048125699	462638060586063	462638051979032
462638072557887	462638085238927	462638072900751
462638081455751	462638093455490	462638087537939
462638098229814	462638109887990	462638101125439
462638123747157	462638134540178	462638123993095
462638131479345	462638142756845	462638131849136

POLL t=203.8 tick=4346
8333333
462647682332466	462647705496424	462647686778039
462647704982466	462647721929497	462647705268716
462647715670695	462647730147414	462647715966685
462647732409966	462647746585070	462647739701216
462647754899341	462647771232986	462647755200539
462647765728039	462647779447674	462647765996841
462647782427258	462647795880799	462647784643247
462647805975435	462647820527935	462647806333820
462647815734445	462647828743247	462647815994497
462647832416997	462647845177882	462647836711633
462647855006216	462647869826945	462647855301008
462647865723872	462647878043820	462647866004133
462647882400695	462647894476789	462647887084029
462647905071685	462647919126632	462647905357154
462647915734029	462647927343247	462647916020435
462647932430539	462647943779028	462647936622154
462647955369341	462647968430747	462647955693872
462647965747310	462647976649653	462647966005279
462647982405226	462647993085955	462647989057258
462648005422779	462648017739288	462648005707570
462648015742154	462648025955955	462648016009654
462648032428039	462648042387518	462648035343976
462648055086529	462648067037726	462648055381320
462648065734758	462648083472362	462648066002622
462648082431372	462648099905747	462648087667154
462648105940070	462648116338142	462648106295122
462648115720904	462648132770591	462648116010591
462648132403195	462648149205018	462648138703091
462648155335122	462648165637934	462648155627779
462648165791008	462648182071111	462648166009653
462648182402258	462648198503039	462648185415383
462648205499966	462648223150746	462648205841164
462648215749758	462648231367986	462648216052258
462648232445435	462648247799028	462648236012883
462648255213820	462648272443455	462648255530591
462648265694810	462648280658299	462648265965539
462648282417935	462648297088559	462648287467414
462648309148560	462648321736632	462648309510591
462648315928247	462648329952778	462648316182778
462648332450435	462648346386268	462648332707935
462648349087570	462648362818663	462648349435903
462648373515747	462648387465590	462648373807258
462648382361320	462648395680903	462648382638872
462648399048716	462648412109653	462648399466841
462648427053403	462648444976112	462648427347622
462648432418091	462648453192466	462648436701841
462648455847935	462648469628559	462648456140903
462648465742883	462648477847049	462648466050435
462648482409028	462648494282414	462648482871164
462648508909028	462648518935955	462648509219497
462648515706372	462648527154132	462648521709810
462648538991945	462648551808247	462648539273560
462648549082310	462648560027049	462648549346789
462648574884497	462648592896892	462648575194653
462648582450226	462648601113715	462648582736372
462648599086372	462648617546527	462648610559966
462648622530435	462648633983142	462648622813507
462648632364341	462648642202934	462648632665435
462648649066216	462648666857310	462648656578403
462648672524653	462648683292570	462648672738091
462648682335747	462648699725174	462648682623403
462648699081164	462648716155382	462648707523403
462648722522414	462648740805695	462648722816060
462648732439810	462648749024444	462648732762153
462648749198403	462648765460851	462648753957310
462648772169132	462648790111059	462648772497257
462648782430122	462648798329288	462648782793507
462648799224185	462648814765278	462648804503507
462648823699966	462648839418559	462648823979966
462648832452778	462648847635226	462648832721528
462648849131476	462648864072517	462648849482101
462648879085122	462648896947569	462648879381007
462648882359497	462648905165069	462648886580070
462648907140434	462648921600746	462648907424601
462648915795434	462648929818663	462648916075591
462648932509809	462648946254914	462648932828559
462648958512101	462648970906788	462648958788976
462648965780278	462648979122570	462648966049757
462648982515122	462648995557674	462648982851684
462649010731841	462649028429705	462649011018976
462649015770434	462649036647569	462649020343872
462649039109653	462649053080538	462649039385747
462649049152622	462649061296944	462649049415591
462649065854445	462649077727829	462649066174184
462649094252726	462649110596580	462649094534028
462649099126789	462649118814392	462649103643403
462649122810851	462649135248246	462649123150747
462649132474966	462649143464080	462649132741945
462649149185122	462649159896527	462649149504028
462649174780695	462649192757152	462649175080434
462649182406997	462649200973871	462649182689132
462649205510903	462649217408924	462649205787934
462649215765903	462649233840850	462649216058716
462649232477622	462649250273611	462649239708195
462649255453559	462649266704809	462649255738716
462649265819028	462649283136788	462649266094341
462649282465538	462649299568142	462649286678976
462649305304809	462649316001944	462649305583820
462649315830903	462649332434549	462649316192934
462649332546632	462649348866580	462649335984132
462649355175591	462649365299132	462649355503038
462649365817726	462649381727986	462649366140226
462649382458403	462649398160382	462649382817726
462649405760434	462649422812934	462649406106163
462649415808976	462649431030329	462649416133038
462649432464341	462649447465694	462649432720382
462649449154288	462649463898090	462649451307309
462649472776372	462649488544965	462649473140903
462649482395122	462649496759705	462649482810590
462649499153976	462649513191059	462649499473403
462649515785382	462649529621996	462649516138247
462649541791632	462649554268871	462649542177570
462649549130434	462649562484809	462649549501528
462649565788403	462649578913767	462649566137309
462649582427778	462649595344652	462649585956215
462649605790434	462649619990069	462649606154497
462649615805851	462649628204340	462649616068820
462649632501372	462649644633611	462649637403715
462649655226788	462649669275485	462649655511528
462649665785590	462649677490434	462649666061684
462649682443559	462649693920955	462649685962934
462649707650434	462649718566892	462649707928820
462649715756163	462649726782152	462649716039028
462649738525122	462649751427413	462649738820851
462649749169757	462649759642986	462649749423090
462649765807622	462649784288403	462649771593195
462649789146528	9223372036854775807	462649789510278

