POLL t=10.5 tick=600
8333333
449027721308808	449027736729068	449027721583756
449027737962350	449027753167245	449027738239121
449027754866256	449027769604693	449027755145527
449027771210944	449027786041881	449027771479433
449027787842246	449027802480370	449027788102090
449027804614121	449027818919902	449027804886777
449027821253496	449027835360526	449027821533860
449027837820840	449027851801724	449027838094433
449027854491152	449027868243339	449027854922402
449027871271777	449027884685214	449027871549225
449027888047246	449027901128860	449027888291933
449027904661152	449027917573808	449027904935215
449027921185996	449027934015840	449027921469850
449027937972402	449027950459433	449027938256621
449027954645371	449027966899277	449027955035631
449027971326256	449027983341464	449027971626465
449027987900215	449027999780058	449027988184590
449028004591308	449028016218808	449028004884746
449028021179537	449028032656465	449028021460215
449028037937662	449028049097349	449028038206465
449028054748496	449028065537193	449028055154746
449028071253652	449028081977558	449028071530215
449028087880944	449028098419381	449028088167090
449028104748183	449028114859589	449028105025527
449028121382975	449028131299432	449028121671152
449028138005475	449028155963964	449028138275527
449028154609277	449028172404380	449028154799433
449028171393444	449028188844484	449028171700371
449028188020371	449028205284589	449028188267037
449028204821152	449028221725839	449028205089121
449028221243808	449028238167297	449028221513496
449028237907714	449028254607662	449028238186621
449028254637506	449028271049016	449028254994277
449028271264121	449028287487870	449028271518027
449028288111777	449028303925839	449028288386412
449028304573496	449028320365682	449028304854121
449028321148183	449028336802349	449028321427662
449028338082037	449028353242453	449028338357558
449028354690996	449028369682818	449028355084746
449028371251881	449028386124589	449028371514694
449028387834069	449028402567141	449028388081308
449028404653287	449028419012141	449028404920371
449028421333756	449028435455474	449028421596621
449028438005162	449028451897141	449028438279121
449028454626464	449028468339224	449028454909850
449028471406464	449028484779485	449028471687402
449028488062402	449028501220683	449028488298027
449028504657871	449028517661724	449028504932506
449028521176933	449028534103912	449028521447714
449028537914850	449028550544172	449028538196985
449028554621152	449028566983756	449028554900683
449028571323964	449028583423704	449028571597558
449028587942402	449028599865370	449028588195839
449028604682402	449028616305318	449028604952714
449028621190475	449028632744381	449028621475787
449028637961100	449028649182349	449028638235371
449028654625839	449028665622297	449028654913860
449028671193443	449028682060943	449028671476464
449028687857558	449028698501411	449028688148027
449028704757246	449028714941151	449028705050214
449028721314850	449028731378131	449028721584589
449028737817246	449028756037454	449028738093027
449028754494277	449028772475630	449028754792818
449028771409277	449028788915423	449028771742246
449028788137558	449028805353130	449028788405839
449028804764120	449028821790891	449028805035683
449028821337037	449028838230578	449028821617662
449028838001308	449028854668182	449028838355527
449028854845162	449028871104068	449028855115839
449028871614277	449028887543287	449028871886777
449028888406256	449028903984433	449028888689902
449028904892870	449028920426360	449028905171308
449028921290787	449028936865683	449028921573183
449028938047402	449028953304641	449028938325214
449028954904902	449028969744849	449028955185370
449028971831308	449028986184745	449028972087037
449028988092350	449029002623703	449028988377506
449029005221464	449029019060578	449029005511568
449029021753652	449029035498547	449029022023808
449029038404068	449029051936880	449029038673287
449029054938287	449029068378756	449029055225631
449029071916464	449029084817140	449029072193183
449029088537975	449029101257558	449029088814120
449029105371464	449029117699640	449029105635370
449029121883339	449029134139328	449029122151308
449029138653912	449029150580370	449029138946881
449029155486100	449029167021880	449029156044068
449029172099850	449029183463026	449029172381152
449029186180370	449029199903286	449029186453339
449029207769068	449029224559693	449029208057245
449029222028964	449029232779068	449029222317193
449029238620839	449029249218182	449029238886881
449029255407558	449029265659902	449029255680839
449029272201933	449029282101359	449029272499537
449029288718652	449029306758235	449029288989745
449029305419381	449029323196620	449029305692818
449029322256464	449029339635526	449029322532349
449029338798339	449029356076255	449029339067558
449029355337402	449029372516464	449029355627558
449029372316620	449029388954954	449029372636777
449029388980058	449029405392921	449029389249224
449029405556152	449029421829902	449029405778287
449029422017558	449029438266828	449029422277089
449029438761464	449029454705057	449029439039745
449029455465787	449029471145370	449029455735943
449029472194381	449029487584797	449029472467662
449029488725683	449029504022610	449029488996776
449029505243495	449029520461932	449029505515006
449029521763443	449029536901307	449029522032714
449029538421933	449029553340787	449029538697193
449029572786724	449029586218235	449029573061568
449029575649381	449029594437765	449029575958443
449029600929381	449029619095318	449029601199381
449029613200370	449029627314796	449029613486933
449029629944849	449029643754381	449029630234849
449029645775683	449029660194120	449029646057245
449029662720683	449029676634901	449029662994381
449029679329901	449029693075162	449029679607714
449029696128183	449029709515578	449029696395995
449029712775526	449029725956672	449029713049068
449029729486412	449029742395838	449029729763964
449029746212401	449029758834015	449029746476308
449029762622245	449029775272297	449029762909276
449029779552662	449029791709849	449029779833964
449029796237870	449029808149432	449029796524745
449029812770995	449029824586620	449029813039901
449029829497818	9223372036854775807	449029829769849

POLL t=22.0 tick=1201
8333333
449038943156773	449038956742502	449038943435940
449038959886565	449038973183074	449038960166252
449038976512085	449038989621720	449038976780367
449038993194065	449039006060106	449038993495210
449039009917554	449039022498700	449039010191721
449039026558960	449039038938127	449039026826096
449039043124117	449039055381043	449039043397710
449039059782033	449039071821303	449039060076877
449039076541929	449039088260939	449039076825002
449039093308335	449039104700626	449039093578179
449039109898752	449039121138179	449039110185210
449039126432242	449039137573543	449039126705054
449039143106617	449039154010158	449039143383804
449039159961304	449039170448335	449039160255367
449039176548648	449039195104220	449039176824221
449039193307189	449039211540419	449039193581564
449039209749117	449039227978648	449039210025679
449039226399585	449039244415158	449039226701460
449039243154742	449039260848908	449039243427242
449039259927867	449039277285366	449039260209429
449039276581304	449039293719584	449039276851304
449039293140002	449039310156668	449039293420471
449039309792241	449039326593596	449039310064116
449039326476616	449039343030002	449039326764116
449039343314689	449039359466876	449039343581616
449039359781929	449039375905209	449039360086460
449039376478283	449039392339325	449039376761564
449039393411616	449039408772188	449039393693335
449039410115523	449039425206668	449039410382346
449039426564273	449039441640106	449039426840991
449039443030939	449039458072241	449039443308023
449039459823023	449039474509741	449039460108752
449039476440523	449039490946616	449039476719429
449039493305679	449039507383439	449039493573908
449039509671096	449039523820054	449039509943960
449039526263648	449039540258960	449039526541616
449039543082033	449039556694845	449039543348804
449039559834898	449039573129585	449039560113648
449039576761564	449039589566564	449039577025210
449039593231564	449039606003283	449039593506096
449039609675158	449039622439272	449039609952398
449039626457241	449039638875886	449039626737814
449039643289898	449039655312866	449039643559429
449039659826304	449039671750731	449039660102814
449039676386616	449039688186668	449039676664273
449039693043283	449039704622137	449039693318439
449039709836616	449039721058439	449039710112866
449039726545835	449039737493439	449039726823335
449039743098595	449039753928022	449039743377554
449039759702554	449039770364897	449039759990679
449039777003648	449039795024272	449039777274429
449039793775470	449039811460783	449039794057866
449039809763439	449039827897085	449039810055366
449039826337710	449039844335054	449039826621304
449039843201616	449039860772501	449039843485054
449039859866773	449039877209272	449039860148491
449039876570627	449039893645106	449039876855210
449039893772398	449039910082345	449039894053960
449039909653908	449039926516772	449039909946304
449039926334741	449039942948230	449039926628491
449039943245366	449039959382605	449039943531408
449039959787710	449039975820053	449039960070522
449039976427554	449039992257293	449039976716929
449039993941252	449040008693282	449039994211772
449040009839585	449040025129481	449040010118179
449040026382189	449040041564063	449040026664897
449040043139429	449040057997189	449040043422397
449040059857189	449040074435001	449040060129689
449040076483179	449040090872189	449040076754585
449040093733127	449040107309428	449040094007658
449040109684272	449040123746147	449040109961460
449040126443179	449040140182866	449040126724741
449040143156772	449040156620574	449040143439533
449040159784429	449040173060053	449040160068647
449040176475835	449040189499844	449040176800991
449040193615522	449040205939012	449040193906616
449040209924377	449040222375731	449040210197554
449040226637866	449040238812865	449040226918127
449040243293127	449040255251772	449040243565679
449040259776147	449040271692813	449040260063804
449040276621304	449040288131668	449040276902345
449040294000991	449040304570939	449040294288804
449040309987345	449040321010991	449040310254585
449040326512554	449040337450001	449040326832814
449040343269220	449040353888543	449040343551564
449040360086147	449040370324533	449040360345522
449040376800210	449040394978647	449040377101929
449040393998022	449040411412813	449040394292085
449040410313804	449040427849532	449040410590366
449040426510835	449040444287240	449040426793751
449040443319116	449040460723231	449040443623335
449040460058960	449040477158751	449040460328908
449040476698179	449040493594012	449040476975470
449040493972241	449040510027085	449040494240158
449040509844064	449040526460991	449040510165314
449040526531929	449040542896616	449040526810210
449040543243491	449040559332033	449040543512710
449040559985054	449040575766043	449040560259741
449040576751251	449040592201668	449040577033804
449040593763022	449040608637084	449040594042814
449040609829272	449040625074168	449040610121772
449040626421095	449040641511355	449040626700001
449040643398283	449040657946719	449040643690678
449040659691251	449040674383595	449040659937397
449040675761928	449040690819845	449040676031772
449040693181564	449040707256667	449040693460626
449040709379689	449040723696668	449040709641616
449040725963960	449040740133647	449040726228491
449040742715158	449040756569480	449040742977658
449040759273908	449040773005990	449040759546251
449040775788335	449040789443178	449040776078751
449040793221147	449040805879011	449040793508335
449040809286147	449040822317448	449040809557866
449040825882814	449040838756719	449040826209116
449040840342085	449040855195209	449040840613335
449040861319116	449040871634792	449040861588178
449040875835991	449040888072188	449040876079376
449040893014585	449040904511771	449040893287866
449040909383751	449040920953334	449040909673595
449040925782033	449040937392709	449040926053960
449040942319741	449040953830626	449040942592710
449040959153283	449040970267865	449040959424272
449040975028178	449040986705261	449040975293126
449040992349428	449041003143960	449040992628491
449041008433022	449041019582449	449041008711303
449041024951616	449041036020782	449041025233647
449041041728126	449041052458126	449041041996407

POLL t=33.9 tick=1624
8333333
449051219364060	449051234627757	449051219638747
449051236146612	449051251061351	449051236443487
449051252765674	449051267494944	449051253021143
449051269435987	449051283927133	449051269696924
449051286065831	449051300359372	449051286324112
449051302705831	449051316793174	449051302977081
449051328121143	449051341443851	449051328389529
449051336147185	449051349660413	449051336482497
449051352741091	449051366092132	449051352999060
449051369351768	449051382526247	449051369604060
449051386092081	449051398960049	449051396588435
449051409688279	449051423607705	449051409956612
449051419416612	449051431822705	449051419693799
449051436100987	449051448254267	449051436457862
449051452787029	449051464686820	449051453038331
449051469426143	449051481120986	449051469686456
449051486084424	449051505773434	449051497955310
449051509769268	449051522207965	449051510037549
449051519450518	449051530426299	449051519736820
449051536111768	449051546861611	449051536475362
449051552810258	449051563294320	449051553063487
449051569544268	449051587948018	449051569735987
449051586075674	449051604383330	449051598784737
449051609599581	449051620814840	449051609873799
449051619414893	449051637248851	449051619700466
449051636114737	449051653683174	449051636472549
449051652726612	449051670117496	449051652982081
449051669421716	449051686549111	449051669690310
449051686123747	449051702980986	449051686379893
449051702825987	449051719412236	449051704994216
449051726317497	449051744060413	449051726583799
449051736132862	449051752276975	449051736495518
449051752787549	449051768709788	449051753035778
449051769440049	449051785140726	449051769705153
449051786100987	449051801573226	449051786355310
449051802699580	449051818006716	449051802852862
449051827936299	449051842655465	449051828212810
449051836112653	449051850872028	449051836476299
449051852772862	449051867305257	449051853021924
449051869377862	449051883737132	449051869647705
449051886119737	449051900171299	449051886374112
449051902798643	449051916605101	449051903060049
449051927971924	449051941252913	449051928247862
449051936125362	449051949470413	449051936468747
449051952754737	449051965904112	449051953013018
449051969437862	449051982334372	449051969692653
449051986096455	449051998767132	449051994928174
449052009773435	449052023414840	449052010054997
449052019439528	449052031630413	449052019709893
449052036097080	449052048062653	449052036448643
449052052797705	449052064494737	449052053040205
449052069447393	449052080925465	449052069705830
449052086125049	449052097356143	449052092649737
449052109730830	449052122003277	449052110011455
449052119467653	449052130218277	449052119733122
449052136102966	449052146648903	449052136494268
449052152814216	449052163081403	449052153091455
449052169462862	449052187727184	449052169711143
449052186125987	449052204157705	449052195642237
449052209785153	449052220589215	449052210077028
449052219459268	449052237020101	449052219717809
449052236127705	449052253451559	449052236474997
449052252794424	449052269884319	449052253046143
449052269528278	449052286319059	449052269704424
449052286138330	449052302750621	449052290754112
449052309761143	449052327397079	449052310053018
449052319373955	449052335613382	449052319645830
449052336133487	449052352046091	449052336483955
449052352827341	449052368477757	449052353068018
449052369468487	449052384908850	449052369718799
449052386091559	449052401341038	449052392804112
449052409782549	449052425988798	449052410041768
449052419504736	449052434205048	449052419746664
449052436145205	449052450638278	449052436491664
449052452781455	449052467071299	449052453021820
449052469435934	449052483503746	449052469681299
449052486131143	449052499938329	449052497909111
449052509697549	449052524588902	449052509964268
449052519481611	449052532806247	449052519744893
449052536194736	449052549240309	449052536557861
449052552791247	449052565672757	449052553051924
449052569482966	449052582105257	449052569718018
449052586210986	449052598539267	449052586487028
449052609778486	449052623188486	449052610032497
449052619476611	449052631404163	449052619740049
449052636149684	449052647834892	449052636488643
449052652812809	449052664264736	449052653072080
449052669521924	449052680697861	449052669778799
449052686154111	449052697132913	449052686395934
449052702847028	449052713567965	449052705478799
449052726585986	449052738227184	449052726898643
449052736153174	449052746447445	449052736501455
449052752847393	449052771105309	449052753095361
449052769487549	449052787542757	449052769739841
449052786179268	449052803980673	449052786437549
449052802842080	449052820416715	449052803089528
449052819466403	449052836852965	449052819734736
449052843919580	449052861504892	449052844201143
449052852843486	449052869722601	449052853118799
449052869594580	449052886158694	449052869838330
449052886253486	449052902592600	449052886510309
449052902885518	449052919026090	449052903134424
449052919529111	449052935460309	449052920196924
449052944570205	449052960111663	449052944836455
449052952836143	449052968329215	449052953098486
449052969559580	449052984764997	449052969798643
449052986260674	449053001200152	449052986486455
449053002841403	449053017635308	449053003094215
449053019503174	449053034070725	449053022154268
449053043386872	449053058724163	449053043691455
449053052853955	449053066942236	449053053117080
449053069550622	449053083375204	449053069795205
449053086173174	449053099807913	449053086421142
449053102883330	449053116239579	449053103140205
449053119540049	449053132673642	449053129721767
449053143172080	449053157323225	449053143461403
449053152822236	449053165539684	449053153077340
449053169517184	449053181971350	449053169776299
449053186209111	449053198403277	449053186453590
449053202889840	449053214838798	449053203147809
449053219514736	449053231277236	449053230097861
449053243128017	449053255930777	449053243425674
449053252847080	449053264147965	449053253106611
449053269577080	449053280579371	449053269846559
449053286238330	449053297011975	449053286480153
449053302866455	449053313443121	449053303121299
449053319529997	449053329873642	449053319779059

POLL t=46.0 tick=1769
8333333
449063078164680	449063092168430	449063078450826
449063086458326	449063100385721	449063086731295
449063103151920	449063116821867	449063103409889
449063119897232	449063133258899	449063120159732
449063136523482	449063149698221	449063136798795
449063153195826	449063166134472	449063165070826
449063177975982	449063190789628	449063178259680
449063186501243	449063199008118	449063186775826
449063203193743	449063215448170	449063203440826
449063219924680	449063231886450	449063220180774
449063236540930	449063248324888	449063236790045
449063253179576	449063264761763	449063253436295
449063269893326	449063281198586	449063272982389
449063294549993	449063305855930	449063294850201
449063303218170	449063314075722	449063303495357
449063319867024	449063330512857	449063320145982
449063336530774	449063346949159	449063336789524
449063353224524	449063371602752	449063353485201
449063369871607	449063388040357	449063382356451
449063394352857	449063412696816	449063394668118
449063403247961	449063420915305	449063403525357
449063419913795	449063437352648	449063420142545
449063436565045	449063453791451	449063436815201
449063453222336	449063470230565	449063453477545
449063469984576	449063494886034	449063487680826
449063486768482	449063503104732	449063487694889
449063511177545	449063527762492	449063511468951
449063519847805	449063535979992	449063520121086
449063536576399	449063552417232	449063536833899
449063553235670	449063568855409	449063553490670
449063569900774	449063585292752	449063570162857
449063586488899	449063609949628	449063601728899
449063603210982	449063618166346	449063603478586
449063627980149	449063642820409	449063628269211
449063636558170	449063651037232	449063636808951
449063653210670	449063667470044	449063653470982
449063669846555	449063683903273	449063670103326
449063686534420	449063700335148	449063686907232
449063703184420	449063716769471	449063715982701
449063727699576	449063741422909	449063727976451
449063736544368	449063749641450	449063736809472
449063753233482	449063766077231	449063753491086
449063769854211	449063782514524	449063770111920
449063786770357	449063798950773	449063787105930
449063803209576	449063815386972	449063803479732
449063819848170	449063831825357	449063820340670
449063844361920	449063856480096	449063844640670
449063853233638	449063864698586	449063853488118
449063869914420	449063881133430	449063870159107
449063886569211	449063897565929	449063886918638
449063903196138	449063914000305	449063903461711
449063919860305	449063938655721	449063935732857
449063936504836	449063946875044	449063936772232
449063961193638	449063971528169	449063961485357
449063969863795	449063987964315	449063970123326
449063986491867	449064004398951	449063986875045
449064003167232	449064020833273	449064003459732
449064019896763	449064037268846	449064020172701
449064036542336	449064053703794	449064038897232
449064060992232	449064078354367	449064061277180
449064069820357	449064086573013	449064070093795
449064086550982	449064103009211	449064086878170
449064103233013	449064119445148	449064103487857
449064119890670	449064135878586	449064120164211
449064136530357	449064152311867	449064146205045
449064161133742	449064176961138	449064161417857
449064169863170	449064185178585	449064170126451
449064186549732	449064201614262	449064186888482
449064203161451	449064218051659	449064203421867
449064219831711	449064234488689	449064220088794
449064236499055	449064250923690	449064247613274
449064261213586	449064275573117	449064261493638
449064269860201	449064283790096	449064270104888
449064286609628	449064300225461	449064286960930
449064303214419	449064316663481	449064303477388
449064319891763	449064333100825	449064320178794
449064336526294	449064357757127	449064350078742
449064361252649	449064374192857	449064361544992
449064369858169	449064382410409	449064370119367
449064386612805	449064398846450	449064386961399
449064403247336	449064415282231	449064403500044
449064419902544	449064431716710	449064420164055
449064436597649	449064448149159	449064440337388
449064461576919	449064472802336	449064461852232
449064469911242	449064481019888	449064470158013
449064486582388	449064497457232	449064486931763
449064503214888	449064513896710	449064503471138
449064519912805	449064538549992	449064520180513
449064536594419	449064554984940	449064536856763
449064553275357	449064571421659	449064554212544
449064578197701	449064596075148	449064578488586
449064586574107	449064604292180	449064586831138
449064603274263	449064620725200	449064603527388
449064619926919	449064637161034	449064620180201
449064636641138	449064653598169	449064636880148
449064653260044	449064670033586	449064653514576
449064669927805	449064686469158	449064670145930
449064694861242	449064711122648	449064695148013
449064703254576	449064719341867	449064703537232
449064719960201	449064735776450	449064720235044
449064736593273	449064752207283	449064736847023
449064753191763	449064768642284	449064753464419
449064769937388	449064793297127	449064786106919
449064786662701	449064801515773	449064786691919
449064811260826	449064826171711	449064811556919
449064819839367	449064834389211	449064820119576
449064836589888	449064850822544	449064836852805
449064853271919	449064867257648	449064853532700
449064869908325	449064883696242	449064870180513
449064886553013	449064900132595	449064897178117
449064910985982	449064924788272	449064911267232
449064919860982	449064933006086	449064920121607
449064936557492	449064949440044	449064936818898
449064953249680	449064965875512	449064953502336
449064969919680	449064982312700	449064970172075
449064986507648	449064998748533	449064995133898
449065011165200	449065023400565	449065011448482
449065019885200	449065031618846	449065020158794
449065036594107	449065048056918	449065036853742
449065053200044	449065064493897	449065053460461
449065069840825	449065080931138	449065070113013
449065086508013	449065097368220	449065095453169
449065111348013	449065122021971	449065111620513
449065119933950	449065130240669	449065120190044
449065136585982	449065146679627	449065136865513
449065153275825	449065163118325	449065153550825
449065169914575	9223372036854775807	449065170176294

POLL t=57.8 tick=1868
8333333
449074704096290	449074719805769	449074704464572
449074720743478	449074736242227	449074721015145
449074737393895	449074752680144	449074737664988
449074754130665	449074769118217	449074756581603
449074778380822	449074793771498	449074778689363
449074787468790	449074801990353	449074787741603
449074804051551	449074818426655	449074804415509
449074820739259	449074834863269	449074821011603
449074837413895	449074851298529	449074837698270
449074854148165	449074867735196	449074860037801
449074878334884	449074892387904	449074878630301
449074887416134	449074900606394	449074887685665
449074904092228	449074917042905	449074904459988
449074920724051	449074933479936	449074920984363
449074937398582	449074958131186	449074954287228
449074954430770	449074966347280	449074954488582
449074978486915	449074990997852	449074978768165
449074987394728	449074999216394	449074987681759
449075004104051	449075015654415	449075004498842
449075020766447	449075032091446	449075021050665
449075037394884	449075048528113	449075047468947
449075061738634	449075073185353	449075062025197
449075070769259	449075081404884	449075071048165
449075087450665	449075097841082	449075087720978
449075104135457	449075114279728	449075104498790
449075120759259	449075138937801	449075136625301
449075137403478	449075155377905	449075137683165
449075161751915	449075180034779	449075162053738
449075170765301	449075188252800	449075171042853
449075187438894	449075204688478	449075187711447
449075204087540	449075221125040	449075204462176
449075220831447	449075237560404	449075228668322
449075245467384	449075262213165	449075245761082
449075254132384	449075270430404	449075254359103
449075270759363	449075286864519	449075271031603
449075287440144	449075303300457	449075287702019
449075304119884	449075319735821	449075304482957
449075320818322	449075336167800	449075322579572
449075346039259	449075360817123	449075346350821
449075354085457	449075369034311	449075354360978
449075370745040	449075385468894	449075371025457
449075387407332	449075401902852	449075387700613
449075404082176	449075418335456	449075404459103
449075420773165	449075434768634	449075421686238
449075445247696	449075459418321	449075445529259
449075454095978	449075467634206	449075454366134
449075470812644	449075484066446	449075471068894
449075487519415	449075500498373	449075487750353
449075504156446	449075516931446	449075513953321
449075528486446	449075541586446	449075528766446
449075537453946	449075549804311	449075537718582
449075554122853	449075566236810	449075554393894
449075570757228	449075582667332	449075571035144
449075587449415	449075599099571	449075587723634
449075604157957	449075615531654	449075609020196
449075628601446	449075640183478	449075628910821
449075637466863	449075648399310	449075637791238
449075654114988	449075664832019	449075654386134
449075670732957	449075681264206	449075671005040
449075687436759	449075705911862	449075704155509
449075704363894	449075722343686	449075704570353
449075728800509	449075746991811	449075729102540
449075737445821	449075755207748	449075737726863
449075754132853	449075771641082	449075754412540
449075770789207	449075788074831	449075771041290
449075787431238	449075804508009	449075787720457
449075804140925	449075820944883	449075809679832
449075828833582	449075845597592	449075829134519
449075837451550	449075853815456	449075837702957
449075854097384	449075870249102	449075854366134
449075870789103	449075886685040	449075871056446
449075887562332	449075911334206	449075904587644
449075904319988	449075919549363	449075904614728
449075928762853	449075944195665	449075929071290
449075937419675	449075952411550	449075937700665
449075954176446	449075968842019	449075954423113
449075970766446	449075985274363	449075971042800
449075987450925	449076001707123	449075987715352
449076004176238	449076018140769	449076009904207
449076028805144	449076042787071	449076029108009
449076037460977	449076051003737	449076037739102
449076054161863	449076067437018	449076054439884
449076070859675	449076083870560	449076071126290
449076087525977	449076100301966	449076087791134
449076104212384	449076116733633	449076110854519
449076129100769	449076141378112	449076129392175
449076137538113	449076149592748	449076137803321
449076154212227	449076166022957	449076154468790
449076170893738	449076182453112	449076171148321
449076187556446	449076198883946	449076187815457
449076204253165	449076215314206	449076211234207
449076228894832	449076239961133	449076229178009
449076237565144	449076248176445	449076237826759
449076254236394	449076264604935	449076254503790
449076270876759	449076281035143	449076271139832
449076287537227	449076305681029	449076287808425
449076304252488	449076322111654	449076313942696
449076329135144	449076346760821	449076329423425
449076337720665	449076354978165	449076337856759
449076354234415	449076371410769	449076354529102
449076370875925	449076387841654	449076371157800
449076387528946	449076404274935	449076387790352
449076404194415	449076420705925	449076414552644
449076428892696	449076445351185	449076429231081
449076437477019	449076453567747	449076437743477
449076454221550	449076469998633	449076454460821
449076470904571	449076486429102	449076471157644
449076487487227	449076502861134	449076487747384
449076504228009	449076519294206	449076513125925
449076529283425	449076543943476	449076529558790
449076537415509	449076552160768	449076537693269
449076554118165	449076568592852	449076554389259
449076570783946	449076585023790	449076571060352
449076587478009	449076601451966	449076587760040
449076604098634	449076617880248	449076616387071
449076628690196	449076642525873	449076628978165
449076637524884	449076650739153	449076637792696
449076654207540	449076667167904	449076654477540
449076670809571	449076683594414	449076671094571
449076687456602	449076700025560	449076687722227
449076704199831	449076716459466	449076707688790
449076728742019	449076741108008	449076729041706
449076737538321	449076749324310	449076737806550
449076754202956	449076765755404	449076754474415
449076770811706	449076782186862	449076771088946
449076787494883	449076798616497	449076787777071
449076804210613	449076815047279	449076810497488

POLL t=69.1 tick=1987
8333333
449086288039046	449086306038473	449086288293005
449086304668317	449086322470400	449086304926599
449086321355817	449086338904671	449086331687067
449086345511078	449086363555296	449086345804099
449086354679880	449086371771390	449086354956234
449086371368786	449086388203421	449086371647640
449086388084099	449086404640973	449086400367380
449086410763474	449086421079671	449086411030974
449086421398786	449086437516963	449086421668317
449086438020505	449086453952223	449086438386859
449086454683474	449086470388369	449086470071130
449086471370505	449086486827066	449086471739567
449086497522536	449086511478890	449086497812171
449086504690036	449086519696493	449086504959411
449086521354880	449086536134671	449086521619828
449086538023473	449086552572223	449086541937953
449086563002067	449086577227743	449086563354411
449086571309828	449086585444202	449086571643630
449086588085453	449086601878213	449086588390348
449086604712692	449086618311598	449086604977067
449086621373317	449086634747119	449086626749046
449086645948786	449086659398577	449086646236755
449086654693005	449086667614827	449086654985661
449086671321286	449086684050452	449086671590505
449086688043630	449086700485713	449086700275036
449086704686911	449086716922118	449086704998786
449086734772380	449086749796338	449086735079255
449086737932692	449086758015452	449086738427223
449086754965296	449086766235348	449086755210348
449086771389255	449086782672119	449086771671598
449086788067536	449086799110296	449086788377223
449086815534723	449086831983265	449086815811859
449086821363265	449086840200712	449086821778473
449086838014567	449086848417744	449086838513473
449086854660505	449086864850348	449086859322848
449086878532015	449086889503681	449086878872067
449086888124255	449086905940400	449086888416078
449086904705192	449086922376650	449086904969723
449086921307380	449086938813889	449086933781911
449086944596286	449086955250920	449086944884567
449086954702484	449086971690296	449086954956859
449086971357015	449086988127379	449086971690140
449086988050921	449087004562848	449087004259671
449087004671859	449087020998056	449087005100765
449087029540036	449087045654567	449087029824827
449087038004567	449087053872014	449087038365973
449087054698942	449087070306077	449087054973473
449087071403161	449087086740452	449087072793734
449087095009671	449087111389931	449087095296911
449087104686911	449087119607014	449087104961234
449087121332484	449087136042743	449087121608786
449087138024879	449087160689306	449087153350973
449087154697015	449087168906494	449087155048577
449087181454984	449087193557587	449087181746077
449087188036546	449087201774410	449087188293161
449087204705973	449087218208837	449087204972223
449087221384411	449087234646494	449087221915973
449087245257484	449087259300348	449087245560661
449087254678421	449087267517847	449087254948109
449087271360921	449087283953993	449087271634671
449087288151077	449087300390295	449087290377952
449087311697327	449087325039931	449087311988004
449087321362796	449087333255817	449087321639411
449087338015452	449087349689670	449087338386129
449087354691442	449087374340921	449087367800921
449087371365504	449087382556649	449087371727692
449087399008317	449087415426285	449087399294984
449087404655973	449087423642379	449087405059879
449087421377484	449087431858473	449087421704879
449087438019879	449087448292796	449087447828004
449087462027327	449087472944358	449087462320817
449087471371390	449087489378004	449087471639723
449087488069254	449087505812848	449087488298629
449087504734671	449087522247744	449087519935192
449087521465817	449087538682483	449087521798265
449087547387327	449087563330400	449087547662171
449087554744098	449087571546598	449087555015817
449087571413786	449087587982222	449087571692692
449087588202848	449087604418056	449087589334879
449087612301911	449087629071650	449087612594515
449087621374046	449087637286962	449087621643786
449087638043161	449087653721076	449087638412536
449087654806129	449087670157223	449087656770661
449087678725973	449087694812223	449087679010504
449087688142640	449087703031181	449087688423786
449087704729411	449087719468942	449087704993577
449087721410036	449087744127587	449087736275817
449087738084202	449087752347379	449087738481598
449087766415661	449087777003004	449087766716858
449087771419098	449087785222847	449087771711390
449087788090296	449087801662066	449087788360608
449087804825973	449087818099097	449087808390348
449087830057067	449087842754149	449087830372379
449087838044202	449087850972222	449087838411233
449087854740660	449087867409149	449087855001442
449087871429879	449087892058368	449087885118942
449087888174515	449087900277327	449087888461390
449087916638733	449087933148576	449087916916390
449087921398317	449087941365817	449087921701285
449087938055973	449087949582170	449087938247692
449087954777067	449087966016233	449087965312952
449087978786077	449087990672378	449087979064254
449087988088733	449087998890764	449087988350035
449088004721702	449088015325816	449088004993473
449088021443004	449088039978160	449088034944410
449088038080348	449088048194462	449088038350296
449088067473942	449088081061129	449088067800035
449088071413160	449088089278681	449088071789827
449088088062692	449088105715712	449088088314098
449088104734046	449088122151493	449088107161390
449088128989983	449088146807066	449088129366754
449088138093004	449088155026702	449088138372952
449088154704254	449088171464410	449088155067223
449088171335192	449088187900243	449088185087848
449088196186702	449088212552639	449088196492692
449088204707796	449088220770972	449088204977379
449088221381754	449088237209410	449088221644671
449088238085660	449088261866753	449088254245973
449088254733629	449088270087431	449088254864879
449088282504879	449088294749305	449088282804879
449088288023421	449088302972430	449088288387223
449088304785817	449088319414722	449088305110921
449088321378629	449088335854878	449088331827223
449088346549254	449088360517639	449088346858577
449088354676598	449088368738160	449088355010817
449088371430348	449088385176754	449088371694098
449088388310296	449088401617118	449088388624567

POLL t=81.3 tick=2191
8333333
449098605164406	449098616781802	449098605420656
449098621823938	449098641430656	449098633655969
449098647177531	449098657863781	449098647463261
449098655123313	449098666081073	449098655391750
449098671832948	449098682516333	449098672117688
449098688486750	449098707167375	449098701769563
449098705169094	449098715384145	449098705522375
449098735066542	449098748257270	449098735463260
449098738544875	449098756475031	449098738903938
449098755606646	449098772907948	449098755856594
449098771979719	449098789342999	449098772231906
449098788627375	449098805778676	449098788979406
449098817195813	449098830432427	449098817518313
449098821918313	449098838649250	449098822273781
449098838601698	449098855082114	449098838873000
449098855322063	449098871517374	449098861231906
449098882328000	449098896174406	449098882681438
449098888601698	449098904392844	449098888881125
449098905282323	449098920829770	449098905545500
449098921939406	449098937267479	449098935700500
449098938611594	449098953704718	449098938957010
449098968728156	449098986578624	449098969087062
449098971885812	449098994798103	449098972233000
449098988610760	449099003017531	449098988976281
449099005299406	449099019456853	449099011678937
449099031133000	449099044113729	449099031509823
449099038611229	449099052331906	449099038876750
449099055278312	449099068767375	449099055559719
449099071893417	449099093422426	449099085429094
449099088612948	449099101641176	449099088961750
449099119477219	449099134515552	449099119855031
449099121891125	449099142734770	449099122253781
449099138900448	449099150953207	449099139165031
449099155320656	449099167388208	449099155579250
449099181001594	449099192040603	449099181380760
449099188663937	449099200258728	449099189065448
449099205345344	449099216694874	449099205665448
449099221911437	449099233132791	449099222179406
449099238629875	449099249571124	449099238906750
449099255304823	449099266010604	449099259983937
449099282056750	449099298890655	449099282434719
449099288548312	449099307110916	449099288827844
449099305299562	449099323552687	449099305576854
449099321966281	449099339994093	449099322229667
449099338615500	449099356432062	449099338947687
449099366234354	449099381088260	449099366516750
449099371935656	449099389308833	449099372241594
449099388586906	449099405750500	449099388954250
449099405290291	449099422187999	449099405706437
449099431243000	449099446847739	449099431530969
449099438684719	449099455067478	449099438887948
449099455292219	449099471508989	449099455555344
449099472060135	449099487950604	449099472064250
449099499989719	449099512609666	449099500272687
449099505287687	449099520829406	449099505592479
449099521943625	449099537266437	449099522214823
449099538642323	449099553703781	449099538905916
449099564075187	449099578357061	449099564382687
449099571931750	449099586577374	449099572302948
449099588681437	449099603018572	449099589066437
449099605350812	449099619456958	449099605609718
449099622032843	449099635891905	449099624992531
449099647624510	449099660544249	449099647912531
449099655300916	449099668761905	449099655644250
449099672068000	449099685195343	449099672320500
449099688695812	449099701629353	449099689050656
449099705490812	449099718065135	449099709454510
449099732037218	449099742718468	449099732382948
449099738666073	449099750937062	449099738964562
449099755387531	449099767373676	449099755680448
449099772036593	449099783810343	449099772275500
449099788736281	449099800247166	449099793238573
449099814573625	449099833117947	449099814859875
449099822023781	449099841335812	449099822304666
449099838709823	449099849553312	449099838969823
449099855306593	449099874206957	449099867340343
449099881181854	449099898857114	449099881473885
449099888665916	449099907074561	449099888930500
449099905316906	449099923509405	449099905579718
449099922008260	449099939946280	449099933077218
449099947584093	449099964599926	449099947874562
449099955342375	449099972818728	449099955639510
449099971999666	449099989253729	449099972271385
449099988637531	449100005691332	449100000784875
449100013919875	449100030347270	449100014216385
449100022013000	449100038565291	449100022297687
449100038722479	449100055002739	449100038979979
449100055358937	449100071440290	449100067358312
449100081164093	449100096098989	449100081487791
449100088680135	449100104317947	449100088961593
449100105337010	449100120756124	449100105614406
449100122022791	449100137192635	449100135637531
449100138769979	449100153631957	449100139106906
449100167350343	449100178292166	449100167641541
449100171998781	449100186513364	449100172350968
449100188677010	449100202955916	449100189038468
449100205353260	449100219395708	449100206298937
449100233540604	449100244056645	449100233905031
449100238667374	449100252275707	449100239011906
449100255312687	449100268711384	449100255581281
449100271948468	449100285147843	449100274976281
449100296670968	449100309804509	449100296972999
449100305354406	449100318024041	449100305614562
449100322002843	449100334460968	449100322266124
449100338970812	449100350897947	449100339099510
449100363692374	449100375556488	449100363959718
449100372130656	449100383776644	449100372394562
449100388775812	449100400215812	449100389129562
449100405495760	449100416655082	449100405612791
449100433792010	449100449527947	449100434071437
449100438710291	449100457748311	449100439118885
449100455371437	449100465969353	449100455643572
449100472086906	449100482407478	449100474717374
449100496996541	449100507065030	449100497261437
449100505461906	449100523501176	449100505751697
449100522102687	449100539939561	449100522376593
449100538768885	449100556378103	449100549744874
449100563599562	449100581035342	449100563880291
449100572087322	449100589255187	449100572365187
449100588789718	449100605693207	449100589108468
449100605400291	449100622131020	449100617312635
449100629712999	449100646785916	449100630031124
449100638769562	449100655004614	449100639033312
449100655456541	449100671444144	449100655727479
449100672117218	449100687881905	449100672395812
449100688771697	449100704321540	449100693328937
449100713946124	9223372036854775807	449100714240343

POLL t=93.2 tick=2331
8333333
449110381382839	449110394597735	449110381676902
449110389007996	449110402816797	449110389290287
449110405676746	449110419253776	449110406046746
449110422402319	449110435690443	449110431404350
449110448310808	449110460347735	449110448608725
449110455681225	449110468567162	449110455963777
449110472415808	449110485004923	449110472677996
449110489099871	449110501440652	449110498274246
449110515581850	449110526091120	449110515872631
449110522349714	449110534307839	449110522636589
449110539067683	449110550745027	449110539371225
449110555739975	449110567185130	449110565410496
449110581545600	449110600053724	449110581837058
449110588992839	449110608268151	449110589315339
449110605694089	449110616484141	449110605962475
449110622369871	449110632917787	449110631390652
449110648313777	449110665786536	449110648616433
449110655719246	449110674004871	449110656035964
449110672365756	449110690441849	449110672644089
449110689067162	449110706878099	449110697572683
449110715661068	449110731531172	449110715928152
449110722386537	449110739749193	449110722667006
449110739058464	449110756188672	449110739339558
449110755744975	449110772627578	449110765482058
449110781326225	449110797287266	449110781606589
449110789040652	449110805505547	449110789320964
449110805730652	449110821941380	449110806005964
449110822456693	449110838376120	449110830296745
449110848075808	449110863028672	449110848372683
449110855722058	449110871246432	449110856034089
449110872454402	449110887681277	449110872811120
449110889078777	449110904116485	449110902727943
449110915270339	449110928765807	449110915679558
449110922386589	449110936982786	449110922666277
449110939088568	449110953416953	449110939392058
449110955783464	449110969851120	449110963192058
449110981525183	449110994501068	449110981819402
449110989087631	449111002718099	449110989359245
449111005753568	449111019150026	449111006013777
449111022422527	449111035586641	449111030123412
449111048066277	449111060240912	449111048315495
449111055761693	449111068457683	449111056094870
449111072439714	449111084891276	449111072707527
449111089086277	449111101326484	449111096169714
449111114573256	449111125978568	449111114869975
449111122369975	449111134196224	449111122657475
449111139087370	449111150632318	449111139347475
449111155799506	449111167069974	449111162825339
449111181100495	449111191726120	449111181392527
449111189092474	449111199942838	449111189356745
449111205781433	449111216379453	449111206022995
449111222448099	449111232814765	449111230116902
449111247872631	449111265690703	449111248161849
449111255755964	449111273910807	449111256047683
449111272416849	449111290347683	449111272685183
449111289088464	449111306783255	449111295542839
449111315018152	449111331439505	449111315317474
449111322502839	449111339657943	449111322709506
449111339079818	449111356095234	449111339338568
449111355792318	449111372531328	449111363669558
449111381124089	449111397185807	449111381410651
449111389132370	449111405404662	449111389352474
449111405765964	449111421842578	449111406026693
449111422463151	449111438277838	449111429308881
449111447755131	449111462930547	449111448048776
449111455807526	449111471148880	449111456082370
449111472440183	449111487583880	449111472704245
449111489130339	449111504020390	449111497816433
449111514551433	449111528674453	449111514948151
449111522397006	449111536891067	449111522692787
449111539162995	449111553327995	449111539424870
449111555815808	449111569766484	449111562872787
449111581315756	449111594420859	449111581627474
449111589136433	449111602639245	449111589394349
449111605848933	449111619075130	449111606107318
449111622578256	449111635510026	449111630822683
449111647678151	449111660164974	449111647962474
449111655755651	449111668384193	449111656052943
449111672510026	449111684821068	449111672770131
449111689164193	449111701259401	449111697025808
449111714657214	449111725916745	449111714875026
449111722480964	449111734136224	449111722764870
449111739169245	449111750572891	449111739431901
449111755896693	449111767012057	449111763829037
449111781516537	449111799889297	449111781805183
449111789131589	449111808107214	449111789403151
449111805832995	449111816325911	449111806089974
449111822589714	449111832762109	449111831108620
449111847987005	449111865633516	449111848266433
449111855770651	449111873851120	449111856069558
449111872442474	449111890286745	449111872718308
449111889134505	449111906721067	449111897876745
449111914634401	449111931372786	449111914939349
449111922635183	449111939590651	449111922756120
449111939166537	449111956027526	449111939424818
449111955870287	449111972461589	449111964377995
449111980835755	449111997114192	449111981134245
449111989127683	449112005332474	449111989391276
449112005797839	449112021768411	449112006058151
449112022466901	449112038199817	449112031770755
449112048010964	449112062852265	449112048322787
449112055759245	449112071068984	449112056044557
449112072436745	449112087503671	449112072707682
449112089070807	449112103937890	449112100544505
449112114423568	449112128587682	449112114717682
449112122398620	449112136803724	449112122780599
449112139147214	449112153238880	449112139415339
449112155819401	449112169674922	449112164992943
449112181404974	449112194327005	449112181725651
449112189113724	449112202544609	449112189379714
449112205792995	449112218982318	449112206055912
449112222439870	449112243634713	449112237197839
449112239118620	449112251852005	449112239488932
449112265672526	449112276504401	449112266047370
449112272384245	449112284722161	449112272740182
449112289087995	449112301158411	449112289384557
449112305801068	449112317594349	449112306064557
449112322471224	449112334030443	449112326631901
449112349396693	449112366906901	449112349762057
449112355772214	449112375126275	449112356154662
449112372423151	449112383344505	449112372692162
449112389135495	449112407998880	449112401218464
449112405827995	449112416217213	449112406168776
449112435724505	449112449092891	449112435971068
449112439127839	449112457310911	449112439585495
449112455770495	449112473747630	449112456079662
449112472512995	449112490182890	449112472648255

POLL t=104.9 tick=2478
8333333
449122147512366	449122163190751	449122147809866
449122157687002	449122171408459	449122157972366
449122174352522	449122187840960	449122174617054
449122191028720	449122204274240	449122195140491
449122213808408	449122228923772	449122214101741
449122224353616	449122237139866	449122224617522
449122241018929	449122253572731	449122241507210
449122257711741	449122270005231	449122262569397
449122280540647	449122294647730	449122280871429
449122291021064	449122302861793	449122291337158
449122307717210	449122319289969	449122308038095
449122324356116	449122343935960	449122337192783
449122341022470	449122352152731	449122341344658
449122368507991	449122385018823	449122368849866
449122374348460	449122393235543	449122374662679
449122391005439	449122409668668	449122401353251
449122414186064	449122426101897	449122414517210
449122424332783	449122434318355	449122424612679
449122441003408	449122458964709	449122441272470
449122457709241	449122475395178	449122467145491
449122481028251	449122491821532	449122481314710
449122491030960	449122508250126	449122491299866
449122507708772	449122524678511	449122507973616
449122524406376	449122541110698	449122530018095
449122547733303	449122565758564	449122548082053
449122557714397	449122573975283	449122557927366
449122574340960	449122590407469	449122574616116
449122591060178	449122606838875	449122595877053
449122613928616	449122631486844	449122614223303
449122624321897	449122639703251	449122624605491
449122640988720	449122656136323	449122653900647
449122657656428	449122672569345	449122658003408
449122684111897	449122697221063	449122684419710
449122690989397	449122705438094	449122691339814
449122707701845	449122721871896	449122707983303
449122729874970	449122746525282	449122730252366
449122741105439	449122754742886	449122741438876
449122757706897	449122771176637	449122758068303
449122774380335	449122795827470	449122791367678
449122791441897	449122804046012	449122791950126
449122814358303	449122828697886	449122814697210
449122824414241	449122836914709	449122824685960
449122841036272	449122853350125	449122841302522
449122857722053	449122869784032	449122867170960
449122880958876	449122894435073	449122881242678
449122891043720	449122902651741	449122891307678
449122907700908	449122919086688	449122907970960
449122924414345	449122935518772	449122929837366
449122948059189	449122960164969	449122948339397
449122957700491	449122968381324	449122957972939
449122974367678	449122984812574	449122974677314
449122991063720	449123001243719	449122995556428
449123013904032	449123025892938	449123014217157
449123024377991	449123042325750	449123024655439
449123041034397	449123058758719	449123041302210
449123057707470	449123075193564	449123061617782
449123080547678	449123091627782	449123080908616
449123090954241	449123108061480	449123091238303
449123107707678	449123124495491	449123107975126
449123124330803	449123140928719	449123132806272
449123147704710	449123165578511	449123147979501
449123157705751	449123173795490	449123157977939
449123174373095	449123190230022	449123174645178
449123191064345	449123206664709	449123195947782
449123213811064	449123231315646	449123214105959
449123224375959	449123239531688	449123224643147
449123241045491	449123255962313	449123241318616
449123257776741	449123272395282	449123262127991
449123280665126	449123297045178	449123281012678
449123291028459	449123305262052	449123291302157
449123307751897	449123321695022	449123308046376
449123324426845	449123338129032	449123332704241
449123347294657	449123362785074	449123347710595
449123357747470	449123371002417	449123358018459
449123374421376	449123387440855	449123374685178
449123391262053	449123403876897	449123394641897
449123413894241	449123428532625	449123414174032
449123424472366	449123436751427	449123424736845
449123441133772	449123453185595	449123441393772
449123457784084	449123469618407	449123462483616
449123480747157	449123494271428	449123481036272
449123491059814	449123502490959	449123491343772
449123507777209	449123527146532	449123520193459
449123524505282	449123535366844	449123524817991
449123551780491	449123568241219	449123552067522
449123557714189	449123576457521	449123558079553
449123574486897	449123584673563	449123574803772
449123591150126	449123609325334	449123591494084
449123614076741	449123625763355	449123614369709
449123624439553	449123642201324	449123624719553
449123641117001	449123658640282	449123652909553
449123657794501	449123675076792	449123658132834
449123684323407	449123699729605	449123684590334
449123691217834	449123707947729	449123691573251
449123707736584	449123724384292	449123708169813
449123735720907	449123749037105	449123735993251
449123741144866	449123757255021	449123741446272
449123757813303	449123773692052	449123758157678
449123774449709	449123790129761	449123786603147
449123797578147	449123814785491	449123797898147
449123807770647	449123823003876	449123808059397
449123824389553	449123839440178	449123824663928
449123841139032	449123855877990	449123848039084
449123863847834	449123880532209	449123864159553
449123874440438	449123888751427	449123874715490
449123891036740	449123905186740	449123891314865
449123907769397	449123921623303	449123912121897
449123930601063	449123946277000	449123930892365
449123941023251	449123954495021	449123941297990
449123957717834	449123970930698	449123958080438
449123974396376	449123987366532	449123979466688
449123997288407	449124012021584	449123997587626
449124007737365	449124020239292	449124008012522
449124024373615	449124036675073	449124024661063
449124041084553	449124053109865	449124044612053
449124063995907	449124077762000	449124064289397
449124074405959	449124085980334	449124074669397
449124091066897	449124102419136	449124091324397
449124107735959	449124118853042	449124113734970
449124130555334	449124143504292	449124130844970
449124141063928	449124151721740	449124141341063
449124157748147	449124176372626	449124158099188
449124174440178	449124192808251	449124181427209
449124197528147	449124209241115	449124197886272
449124207758720	449124225677782	449124208151845
449124224414970	449124242115803	449124224695334
449124241142834	9223372036854775807	449124247093251

POLL t=117.3 tick=2706
8333333
449134641247518	449134652499601	449134641554080
449134657928611	449134668935694	449134661318455
449134680861736	449134693587256	449134681217622
449134691269549	449134701805070	449134691657986
449134707975174	449134718241267	449134708272518
449134724616580	449134742894549	449134734980330
449134747470174	449134759327465	449134747775903
449134757944653	449134775760954	449134758203559
449134774618090	449134792193142	449134774874705
449134791276215	449134808629393	449134798201580
449134814137309	449134825065434	449134814419549
449134824582518	449134841499601	449134824848299
449134841235643	449134857935538	449134841560747
449134857935643	449134874371371	449134862566580
449134880932309	449134899029600	449134881309705
449134891218924	449134907248976	449134891634705
449134907964236	449134923687048	449134908232361
449134924619393	449134940122725	449134932193299
449134947624340	449134964779756	449134947902205
449134957948611	449134972997361	449134958208403
449134974615955	449134989432985	449134974878924
449134991277674	449135005866736	449134998940642
449135014106372	449135030516684	449135014396840
449135024610330	449135038733819	449135024880174
449135041275642	449135055166892	449135041544080
449135057980330	449135071599287	449135063019236
449135080726215	449135096249705	449135081018299
449135091266111	449135104467360	449135091637830
449135107953403	449135120904392	449135108230330
449135124636840	449135137341371	449135127186840
449135147374549	449135161991527	449135147681892
449135157941424	449135170209808	449135158316215
449135174632986	449135186645225	449135174901736
449135191303299	449135203078298	449135200337830
449135214283299	449135227729913	449135214571424
449135224622205	449135235947465	449135224892049
449135241298142	449135252381371	449135241563299
449135257983455	449135268816423	449135261669549
449135280879549	449135293470329	449135281181892
449135291256684	449135301689496	449135291645799
449135308034549	449135326344131	449135319738299
449135331032205	449135342781788	449135331365955
449135341297205	449135359218976	449135341559184
449135357958767	449135375654496	449135358225955
449135374636267	449135392089913	449135381153715
449135397460278	449135408526423	449135397741997
449135407958246	449135424958924	449135408220330
449135424628090	449135441392360	449135424889392
449135441302986	449135457827517	449135444520955
449135464487621	449135482475590	449135464765174
449135474629549	449135490691788	449135474908924
449135491295642	449135507126735	449135502425174
449135514305955	449135531777256	449135514612517
449135524626267	449135539994392	449135524886736
449135541298090	449135556432413	449135541563559
449135557995486	449135572871163	449135565431424
449135580797361	449135597525642	449135581081840
449135591284080	449135605741892	449135591649653
449135607961736	449135622175902	449135608229392
449135624711371	449135638608818	449135627984392
449135647398871	449135663260798	449135647692361
449135657899184	449135671479027	449135658178142
449135674589236	449135687916059	449135674866580
449135691295798	449135704352725	449135700172309
449135714152465	449135729005433	449135714437361
449135724649861	449135737223037	449135724914236
449135741331423	449135753660642	449135741606371
449135758097517	449135770096527	449135761946840
449135780913403	449135794750485	449135781266736
449135791328923	449135802968090	449135791515798
449135807998715	449135819403819	449135808279548
449135824676736	449135835838663	449135828719080
449135848517673	449135860489808	449135848806736
449135858007621	449135868705902	449135858268246
449135874622517	449135885139860	449135883779653
449135897760017	449135909792100	449135898051267
449135907972048	449135926225850	449135908280173
449135924685017	449135942660537	449135924961892
449135941448611	449135959093038	449135944100278
449135963951684	449135975529132	449135964277517
449135974706996	449135991963402	449135974997517
449135991324080	449136008396944	449135991710017
449136008151892	449136024831215	449136015177830
449136030945486	449136041265694	449136031229861
449136041411423	449136057700173	449136041645955
449136058064080	449136074138454	449136058320278
449136074817934	449136090574235	449136077643455
449136098729861	449136115225694	449136099087830
449136107969080	449136123443611	449136108282309
449136124666215	449136139876684	449136124936736
449136141479080	449136156309808	449136150745590
449136164539965	449136180957777	449136164880017
449136174634861	449136189174704	449136174902205
449136191300746	449136205606735	449136191805121
449136208047986	449136222036996	449136217743142
449136230933455	449136246686371	449136231214809
449136241349236	449136254902568	449136241622309
449136258033090	449136271334600	449136258300486
449136274716059	449136287766683	449136278633142
449136298067517	449136312413298	449136298374184
449136307948611	449136320627986	449136308273090
449136324696059	449136337057152	449136324961423
449136341353715	449136353486474	449136351176111
449136364495902	449136378129808	449136364782934
449136374657673	449136386344600	449136374935121
449136391347829	449136402773350	449136391615642
449136408101423	449136419202256	449136413949236
449136431289392	449136443847412	449136431658871
449136441329027	449136452062100	449136441586111
449136457986371	449136468491319	449136458252152
449136474675798	449136484921318	449136479791684
449136498244079	449136509565381	449136498535017
449136508101267	449136525994704	449136508466527
449136524650434	449136542423037	449136524912673
449136541304704	449136558852048	449136552724548
449136565022829	449136583493922	449136565287152
449136574639079	449136591708923	449136574904861
449136591306267	449136608138662	449136591580798
449136608022829	449136624569965	449136613454704
449136630824861	449136641000537	449136631122152
449136641318767	449136657432829	449136641584704
449136658010642	449136673864600	449136669857621
449136681234548	449136698512673	449136681603246
449136691291267	449136706728923	449136691679548
449136708135642	449136723161423	449136708565121
449136724675902	449136739593141	449136736535486
449136741358246	9223372036854775807	449136741706892

POLL t=129.5 tick=2858
8333333
449146591615013	449146608606731	449146596948451
449146614502201	449146625043711	449146614794805
449146624901732	449146641480117	449146625261576
449146641704701	449146657917305	449146641860117
449146658333451	449146674353867	449146662702305
449146681197826	449146699007096	449146681499232
449146691623242	449146707225794	449146691961419
449146708262773	449146723664076	449146708531732
449146724939180	449146740102669	449146735176419
449146748426732	449146764755481	449146748717201
449146758262826	449146772973190	449146758545794
449146774922148	449146789409491	449146775197982
449146791594232	449146805843763	449146798925430
449146814639075	449146830500272	449146814937930
449146824937200	449146838720325	449146825308919
449146841557513	449146855161679	449146841827513
449146858439700	449146871598606	449146863222982
449146881273867	449146896257200	449146881560950
449146891595950	449146904476523	449146891860638
449146908314180	449146920914023	449146908578919
449146924926575	449146937348450	449146932564232
449146947735169	449146962004908	449146948081367
449146958262044	449146970223866	449146958528450
449146974930950	449146986662825	449146975191680
449146991604232	449147003098815	449146996258763
449147014433398	449147027750481	449147014738919
449147024883607	449147035968345	449147025279492
449147041574544	449147052404909	449147041860794
449147058341575	449147068841367	449147063059857
449147081695950	449147093495169	449147082063867
449147091606732	449147101713710	449147092001575
449147108265325	449147126366732	449147108531211
449147124935169	449147142800742	449147135752148
449147148720430	449147159234491	449147149005638
449147158216888	449147175668971	449147158491888
449147174870325	449147192104491	449147175150169
449147191586263	449147208540742	449147200024857
449147214760638	449147224975481	449147215082148
449147224862982	449147241409387	449147225239804
449147241642200	449147257843502	449147241878607
449147258277304	449147274276575	449147267482617
449147281258398	449147298928606	449147281560013
449147291668294	449147307146835	449147291927669
449147308295898	449147323581679	449147308568711
449147325003398	449147340014491	449147334613607
449147348028711	449147364665324	449147348346367
449147358331732	449147372882043	449147358591419
449147374997200	449147389314648	449147375264075
449147391692929	449147405749127	449147398769804
449147414696575	449147430393033	449147414979544
449147424989648	449147438607669	449147425347200
449147441673606	449147455036783	449147441946211
449147458370013	449147471466471	449147463437981
449147481736575	449147496111106	449147482104700
449147491681263	449147504326106	449147491979544
449147508332513	449147520756783	449147508613450
449147525005117	449147537186783	449147534041106
449147548162044	449147561833710	449147548458086
449147558303919	449147570049387	449147558573138
449147575030481	449147586481835	449147575287304
449147591665013	449147602916523	449147597044179
449147614736367	449147627566106	449147615028138
449147624993606	449147635781314	449147625369544
449147641643606	449147652214595	449147641946731
449147658333086	449147668650428	449147663268711
449147681689336	449147693302721	449147682048919
449147691677356	449147709737408	449147691946106
449147708367304	449147726169960	449147708640169
449147725059336	449147742603085	449147733300117
449147748113138	449147759036002	449147748405117
449147758363867	449147775467669	449147758625325
449147775078242	449147791900950	449147775339023
449147791681263	449147808335377	449147796282773
449147815513398	449147832983918	449147815795117
449147824984544	449147841201054	449147825344700
449147841689700	449147857636939	449147853032148
449147864920325	449147882290481	449147865197981
449147875061106	449147890509335	449147875309388
449147891724231	449147906944648	449147891985794
449147908502044	449147923379856	449147914881523
449147931308919	449147948033345	449147931587981
449147941820794	449147956251002	449147942089856
449147958428919	449147972685898	449147958696367
449147975047513	449147989118085	449147979787513
449147998183919	449148013767148	449147998466054
449148008427200	449148021981522	449148008693450
449148025067669	449148046628606	449148038403450
449148048161679	449148063060221	449148048445638
449148058420273	449148071277564	449148058686210
449148075073606	449148087709491	449148075340013
449148091789960	449148104141470	449148096780169
449148114709387	449148128787877	449148115003294
449148125123606	449148137004127	449148125496575
449148141760794	449148153436731	449148142027304
449148158439075	449148169870428	449148167285169
449148182049492	449148194519595	449148182389700
449148191723242	449148202734699	449148192014387
449148208368919	449148219168605	449148208640481
449148225059075	449148243818709	449148236778606
449148246997512	449148260255273	449148247272200
449148258406835	449148268472356	449148258667200
449148275056367	449148293123606	449148275318919
449148291777460	449148309556679	449148301054544
449148314828554	449148325992668	449148315126679
449148325058762	449148342429699	449148325326262
449148341694492	449148358866054	449148342064700
449148358483085	449148375301575	449148363599231
449148381657512	449148399955220	449148382009544
449148391768919	449148408173085	449148392053137
449148408497460	449148424606054	449148408755169
449148425106419	449148441039439	449148433372304
449148448658710	449148465686730	449148449014856
449148458408606	449148473902720	449148458691367
449148475037617	449148490335221	449148475306731
449148491736679	449148506767408	449148499344179
449148514505898	449148531414543	449148514781419
449148525050637	449148539631210	449148525309856
449148541677460	449148556061262	449148542059544
449148558395950	449148572490741	449148562330741
449148581452825	449148597135220	449148581818554
449148591649700	449148605350897	449148591933866
449148608331835	449148621781627	449148608623866
449148625016731	449148638213866	449148633644544
449148647910012	449148662859075	449148648197669
449148658344075	449148671073189	449148658623919
449148675054387	449148687502200	449148675322460
449148691869856	449148703931471	449148696348450

POLL t=141.6 tick=3087
8333333
449158658937613	449158669767716	449158659209383
449158675616415	449158686203653	449158680320008
449158698294175	449158710853810	449158698609071
449158708908915	449158719071467	449158709200790
449158725581050	449158743725060	449158725855894
449158742286675	449158760162404	449158745622456
449158764957352	449158776595269	449158765271675
449158775580477	449158793028550	449158776121883
449158792285321	449158809458446	449158792556258
449158808981363	449158825888446	449158812011519
449158832462040	449158850536050	449158832748133
449158842290946	449158858753081	449158842561050
449158858959488	449158875185268	449158867590946
449158882011571	449158899830268	449158882302508
449158892284383	449158908047143	449158892566519
449158908966519	449158924478758	449158909235477
449158925652352	449158940909227	449158928349696
449158948236415	449158965554747	449158948531258
449158958949644	449158973770113	449158959241883
449158975591571	449158990199852	449158975959696
449158992284956	449159006628289	449159001039696
449159015002196	449159031273810	449159015313133
449159025631206	449159039489747	449159025900633
449159042297612	449159055922403	449159042566987
449159058979019	449159072355060	449159061600425
449159082582821	449159097006987	449159082932821
449159092239487	449159105224487	449159092538290
449159108902300	449159121658133	449159109188081
449159125609696	449159138092456	449159131864540
449159150351883	449159162740320	449159150713133
449159158932665	449159170956778	449159159203446
449159175579644	449159187389279	449159175946519
449159192304956	449159203820529	449159200895790
449159214997040	449159228468601	449159215310477
449159225597456	449159236683862	449159225862769
449159242296102	449159253114643	449159242570633
449159258991102	449159269546258	449159261813394
449159282206414	449159294196830	449159282588602
449159292310633	449159310628601	449159292606414
449159308973289	449159327061102	449159309241414
449159325639696	449159343496153	449159334016362
449159348667508	449159359929487	449159348958237
449159358969696	449159376361153	449159359350633
449159375589539	449159392794487	449159375960425
449159392347612	449159409228445	449159400706102
449159415135321	449159425662248	449159415456831
449159425644539	449159442098862	449159425931987
449159442352352	449159458531050	449159442622769
449159458996571	449159474962091	449159463284644
449159481870112	449159499605685	449159482184019
449159492329071	449159507821466	449159492626727
449159508983289	449159524255008	449159509246414
449159525652352	449159540689591	449159532365008
449159548763237	449159565339956	449159549124123
449159558939852	449159573555893	449159559213550
449159575636883	449159589986831	449159575993446
449159592368706	449159606414695	449159594967508
449159615099019	449159631056622	449159615384383
449159625572821	449159639268705	449159625841883
449159642304331	449159655698185	449159642574696
449159659013914	449159672130736	449159665740164
449159681837821	449159696777821	449159682122664
449159692314643	449159704992768	449159692589018
449159708990737	449159721423028	449159709259071
449159727803133	449159737852820	449159728557664
449159753068446	449159770716831	449159753348550
449159760913289	449159778934748	449159761178706
449159777615321	449159795368185	449159787868133
449159800386050	449159811798237	449159800666883
449159810853758	449159828228966	449159811127768
449159827618550	449159844659904	449159827872039
449159844252196	449159861090477	449159847854852
449159867180789	449159877520841	449159867470633
449159877676727	449159893953913	449159878040164
449159894264227	449159910385789	449159894533706
449159911105945	449159926819382	449159916312977
449159933715945	449159951468549	449159934010008
449159944233081	449159959685736	449159944519695
449159960944383	449159976119227	449159972685789
449159983888237	449160000773028	449159984147820
449159994259070	449160008992507	449159994529018
449160010971883	449160025427559	449160011227143
449160027685268	449160041861882	449160029884852
449160052718289	449160066516205	449160053003914
449160060878914	449160074734331	449160061164695
449160077605477	449160091169018	449160085301050
449160100522820	449160115820268	449160100807977
449160110929070	449160124038966	449160111190737
449160127628289	449160140474643	449160127904227
449160144336570	449160156910893	449160147641831
449160167619643	449160181560372	449160167891727
449160177570945	449160189778185	449160177938914
449160194286987	449160206215372	449160205126727
449160217632925	449160230872351	449160217909070
449160227567977	449160239093810	449160227835477
449160244312508	449160255534956	449160244564331
449160260924018	449160271976727	449160265888758
449160284189956	449160296634122	449160284483445
449160294252195	449160304853549	449160294518758
449160310955477	449160329507091	449160321465424
449160333742143	449160345942455	449160334035945
449160344225320	449160354161414	449160344498914
449160360939539	449160378816049	449160361200164
449160377556570	449160395254383	449160383438914
449160400849539	449160411693236	449160401231570
449160410885737	449160428130477	449160411152820
449160427570424	449160444565892	449160427839487
449160444264487	449160461002455	449160450109227
449160467211414	449160477438341	449160467514799
449160477584070	449160493872663	449160477913081
449160494196987	449160510310164	449160494469539
449160510938393	449160526748549	449160513527456
449160533716570	449160551408133	449160533996987
449160544268914	449160559627507	449160544528393
449160560907351	449160576068028	449160561171726
449160577613601	449160592506673	449160583720112
449160600460633	449160617160996	449160600797976
449160610855476	449160625379694	449160611161883
449160627535633	449160641815684	449160627808445
449160644209799	449160658250789	449160647055476
449160667203706	449160682907142	449160667503549
449160677545945	449160691125476	449160677922039
449160694218758	449160707562664	449160705449539
449160717002664	449160732220111	449160717314070
449160727566883	449160740438653	449160727837664
449160744254226	449160756875893	449160744522664
449160760988237	9223372036854775807	449160765659956

POLL t=153.2 tick=3243
8333333
449170367376046	449170380117921	449170367666827
449170377813389	449170388337035	449170378092504
449170394480264	449170404775628	449170394741879
449170411151202	449170429432295	449170421305004
449170434244379	449170445871723	449170434531879
449170444485629	449170462312712	449170444747921
449170461148754	449170478751357	449170461413546
449170477824952	449170495188962	449170485136410
449170500863441	449170511626097	449170501144327
449170511140473	449170528062452	449170511496827
449170527826566	449170544498753	449170528110785
449170544753910	449170560936202	449170550011723
449170567454483	449170585591149	449170567747504
449170577857504	449170593810264	449170578122504
449170594521410	449170610247607	449170594786254
449170611201358	449170626684066	449170619022660
449170634228441	449170651338753	449170634517139
449170644520004	449170659557087	449170644790629
449170661183598	449170675994014	449170661458754
449170677870316	449170692430420	449170683305473
449170700863129	449170717088077	449170701143910
449170711165264	449170725307556	449170711532764
449170727845160	449170741746618	449170728117191
449170744532504	449170758186931	449170751556827
449170767367504	449170782842452	449170767668858
449170777817504	449170791062920	449170778087191
449170794473598	449170807500836	449170794745577
449170811198389	449170823938181	449170821803233
449170834273389	449170848592711	449170834565629
449170844521566	449170856810628	449170844796566
449170861166514	449170873245680	449170861459848
449170877846879	449170889682868	449170884536254
449170900881983	449170914336878	449170901183910
449170911142191	449170922555941	449170911522504
449170927813077	449170938993180	449170928091879
449170944558545	449170955428024	449170950335420
449170967416983	449170980088389	449170967713598
449170977852504	449170988309014	449170978113910
449170994519170	449171004748493	449170994793077
449171011161202	449171029405368	449171022263754
449171034210160	449171045844014	449171034494691
449171044479691	449171062282659	449171044748077
449171061125785	449171078723389	449171061414066
449171077823077	449171095163337	449171087902191
449171101106097	449171111604795	449171101402191
449171111148129	449171128044587	449171111524691
449171127809066	449171144485264	449171128156410
449171144524222	449171160926097	449171150236410
449171167275316	449171185582347	449171167571879
449171177782504	449171193801774	449171178063702
449171194520733	449171210239222	449171194785577
449171211186983	449171226677139	449171222518233
449171234007608	449171251339274	449171234294379
449171244531410	449171259559847	449171244797191
449171261194535	449171276000785	449171261462504
449171277859795	449171292439222	449171283952816
449171300814535	449171317098076	449171301105420
449171311180108	449171325316566	449171311539222
449171327858910	449171341756201	449171328137504
449171344548441	449171358196566	449171349864483
449171368660316	449171382856670	449171369010733
449171377764379	449171391075732	449171378040629
449171394474795	449171407513389	449171394750785
449171411136097	449171432168962	449171424060264
449171434147816	449171448606722	449171434432191
449171444495733	449171456826045	449171444776097
449171461167035	449171473262763	449171461440160
449171477904379	449171489698545	449171486368754
449171500899014	449171514354899	449171501175629
449171511178754	449171522572086	449171511555160
449171527894535	449171539008545	449171528166722
449171544679170	449171555443337	449171550279691
449171567405889	449171580097190	449171567706826
449171577923129	449171588315003	449171578185733
449171594562451	449171604749274	449171594839379
449171611264066	449171629401149	449171622214066
449171634292608	449171645838910	449171634574066
449171644571201	449171662278285	449171644838858
449171661249535	449171678719482	449171661507139
449171677949014	449171695156305	449171688192816
449171700966045	449171711594586	449171701247972
449171711230003	449171728031514	449171711599691
449171727906878	449171744468701	449171728251566
449171744711201	449171760905471	449171755448233
449171768541566	449171785559638	449171768790316
449171777934535	449171793777815	449171778219535
449171794562660	449171810212763	449171794841566
449171811307451	449171826645784	449171822921722
449171833949222	449171851298701	449171834237608
449171844555472	449171859516566	449171844837139
449171861280003	449171875952139	449171861542347
449171878022608	449171892388544	449171887188285
449171901139535	449171917044899	449171901419066
449171911241566	449171925263857	449171911602503
449171927903753	449171941700055	449171928168076
449171944647347	449171958134742	449171953450733
449171967667139	449171982785160	449171967946878
449171977897503	449171991002034	449171978166201
449171994557920	449172007434326	449171994829378
449172011269691	449172023867555	449172023330889
449172034595003	449172048517503	449172034904691
449172044528701	449172056734118	449172044796358
449172061278597	449172073169586	449172061538128
449172077888545	449172097821149	449172089575160
449172100975160	449172114256669	449172101284222
449172111172920	449172122474638	449172111569326
449172127902764	449172138908180	449172128174378
449172144596253	449172155341096	449172155052347
449172167557191	449172179991878	449172167857035
449172177894170	449172188209742	449172178167035
449172194557920	449172204645888	449172194833910
449172211207295	449172229300992	449172221562503
449172234176878	449172245736930	449172234460107
449172244547035	449172262173128	449172244812451
449172261221045	449172278610732	449172261489795
449172277906722	449172295051045	449172286405472
449172300929639	449172311491513	449172301219326
449172311199326	449172327930888	449172311612191
449172327877764	449172344371045	449172328164639
449172344619795	449172360806618	449172350697034
449172367081566	449172385464117	449172367369639
449172377819066	449172393683545	449172378095159
449172394559014	449172410121149	449172394826722
449172411222503	449172426560055	449172421981566
449172434124378	449172451221356	449172434427503
449172444515889	449172459442034	449172444792972
449172461224534	449172475884951	449172461491878

POLL t=163.3 tick=3393
8333333
449180735112344	449180751557760	449180735469948
449180744947969	449180759778437	449180745381406
449180761630625	449180776217031	449180761892188
449180778299375	449180792654791	449180785513125
449180801432135	449180817313021	449180801724219
449180811657969	449180825533125	449180811895781
449180828311563	449180841971406	449180828591094
449180845002187	449180858410156	449180851626250
449180868039167	449180883065572	449180868301094
449180878304844	449180891286145	449180878580781
449180894969687	449180907728073	449180895241667
449180911644531	449180924168750	449180914985625
449180934577344	449180948826875	449180934897031
449180944960000	449180957046926	449180945333854
449180961635937	449180973483333	449180961909323
449180978329687	449180989921979	449180983847969
449181001351875	449181014583489	449181001634531
449181011605312	449181022803801	449181011963125
449181028349687	449181039241197	449181028623542
449181044947448	449181063901770	449181057717344
449181061632969	449181072122291	449181061985000
449181087717031	449181105002551	449181088050781
449181094997760	449181113222916	449181095332187
449181111613698	449181129660469	449181122255885
449181135658542	449181146099896	449181136060312
449181144962031	449181162537395	449181145376094
449181161635469	449181178977187	449181161902500
449181178295312	449181195414791	449181190538750
449181194967969	449181211852916	449181195343698
449181221441094	449181236504895	449181221802500
449181228256719	449181244722135	449181228608125
449181244968542	449181261159739	449181245324219
449181261669062	449181277595625	449181262054792
449181287030937	449181302252968	449181287320469
449181294970573	449181310470572	449181295235781
449181311629479	449181326905937	449181321285416
449181334827344	449181351560260	449181335105156
449181344966406	449181359779374	449181345327812
449181361642656	449181376218385	449181361902344
449181378331250	449181392656978	449181383574635
449181401512031	449181417315729	449181401803281
449181411660312	449181425536509	449181411908385
449181428304062	449181441975677	449181428577031
449181444984531	449181458416145	449181451969375
449181468046406	449181483072864	449181468297031
449181478272969	449181491291197	449181478552344
449181494976719	449181507726405	449181495248541
449181511727916	449181524163332	449181514729635
449181535198750	449181548823645	449181535575312
449181544901666	449181557043437	449181545278281
449181561658593	449181573481718	449181561912448
449181578324687	449181589920572	449181587119218
449181601529531	449181614578802	449181601815781
449181611664062	449181622798281	449181611915312
449181628320000	449181639239843	449181628588750
449181644975468	449181655678801	449181651213437
449181668081562	449181680334218	449181668367812
449181678339531	449181688552811	449181678604010
449181694987135	449181713204999	449181695258750
449181711678125	449181729639010	449181715357500
449181734691562	449181746074426	449181734983750
449181744924635	449181762509634	449181745143385
449181761667500	449181778943593	449181761935781
449181778352968	449181795376562	449181785145468
449181801509843	449181811812083	449181801797500
449181811716979	449181828249635	449181811988854
449181828437187	449181844685885	449181828683385
449181845050885	449181861121718	449181849807448
449181868193750	449181885776145	449181868559010
449181878350312	449181893994270	449181878623281
449181895006093	449181910428906	449181895292135
449181911791718	449181926861354	449181916744948
449181935457760	449181951513281	449181935746250
449181945008437	449181959731353	449181945199218
449181961736510	449181976165676	449181962000729
449181978942187	449181992602083	449181985334687
449182001745625	449182017256093	449182002031875
449182011805000	449182025475051	449182012113281
449182028446718	449182041911874	449182028711406
449182045045000	449182058346614	449182050844218
449182068225572	449182082999269	449182068489843
449182078491197	449182091218697	449182078768854
449182095130312	449182107654479	449182095391406
449182111863125	449182124087916	449182119935312
449182134994062	449182148741301	449182135323437
449182145061250	449182156958697	449182145443906
449182161764062	449182173395676	449182162028385
449182178437656	449182189831144	449182188344999
449182201595937	449182214482186	449182201870416
449182211799999	449182222698592	449182212070312
449182228475937	449182239133124	449182228742031
449182245104843	449182255566978	449182250550624
449182268278854	449182280218176	449182268614791
449182278450260	449182296653384	449182278709322
449182295106197	449182313085520	449182295378697
449182311791874	449182329518072	449182316916041
449182334604218	449182345951665	449182334891197
449182345108072	449182362385728	449182345355260
449182361767447	449182378820728	449182362127031
449182378457343	449182395255415	449182381411041
449182401991249	449182419905468	449182402320624
449182411786406	449182428122187	449182412127447
449182428399166	449182444554999	449182428666093
449182445106718	449182460988645	449182457385624
449182461803072	449182477422968	449182462085729
449182489678749	449182502070937	449182489948593
449182495065156	449182510286718	449182495374218
449182511760781	449182526720832	449182519257499
449182536923541	449182551371822	449182537213593
449182545126666	449182559589322	449182545441249
449182561768229	449182576023437	449182562133437
449182578443229	449182592457707	449182587647343
449182601230572	449182617108437	449182601519791
449182611714843	449182625326197	449182611993749
449182628425312	449182641759894	449182628694374
449182645094635	449182658192812	449182650099322
449182667951562	449182682841509	449182668244635
449182678418385	449182691057864	449182678696874
449182695085312	449182707492551	449182695357760
449182711781093	449182723929009	449182715096406
449182736044374	449182748579426	449182736300937
449182745058749	449182756797290	449182745329531
449182761762187	449182773232135	449182771376874
449182785055312	449182797885416	449182785362760
449182795067447	449182806102968	449182795377343
449182811730728	449182822538696	449182811999947
449182828515260	449182838973019	449182833365780

POLL t=175.3 tick=3621
8333333
449192446993693	449192462678693	449192459194006
449192463679527	449192479112651	449192464032443
449192490077496	449192503766297	449192490372339
449192496950152	449192511983953	449192497304318
449192513668746	449192528418433	449192513932183
449192530361402	449192544852391	449192530697131
449192556809214	449192569507651	449192557196871
449192563670621	449192577726401	449192564104162
449192580343902	449192594162756	449192589199996
449192603430152	449192618815620	449192603768068
449192613649318	449192627032756	449192613921246
449192630313746	449192643464162	449192630578589
449192647011558	449192659895360	449192655383120
449192670049214	449192684543224	449192670350308
449192680284214	449192692759943	449192680659058
449192697025933	449192709196557	449192697301089
449192713723902	449192725636661	449192718588693
449192737051870	449192750297234	449192737401558
449192747016870	449192758517130	449192747284683
449192763716402	449192774956140	449192764036245
449192780373225	449192791395568	449192786553850
449192803294162	449192816049995	449192803586037
449192813687183	449192824267286	449192813957912
449192830370256	449192840704422	449192830637339
449192847072287	449192857138797	449192850712495
449192869968693	449192881790047	449192870265308
449192880374839	449192898224995	449192880727600
449192897041818	449192914661557	449192897299370
449192913735933	449192931096402	449192918122027
449192936959527	449192947531714	449192937311089
449192946946089	449192963969318	449192947225152
449192963693120	449192980406557	449192964287964
449192980354162	449192996844266	449192994847339
449193002313433	449193013281922	449193002596975
449193013699631	449193029719318	449193013965620
449193030356870	449193046156766	449193030618902
449193047026714	449193062592495	449193054422964
449193070099318	449193087248641	449193070398120
449193080323693	449193095468485	449193080690464
449193097032495	449193111906089	449193097320933
449193113717599	449193128344526	449193116535881
449193136894058	449193152998537	449193137186714
449193146992652	449193161217859	449193147282027
449193163732027	449193177660567	449193174078589
449193186724995	449193202317183	449193187008849
449193196990464	449193210536141	449193197309787
449193213707964	449193226971505	449193213975256
449193230374787	449193243408797	449193236091558
449193253191245	449193268065359	449193253492339
449193263718433	449193276285412	449193263983120
449193280372964	449193292724995	449193280558902
449193297065776	449193309165099	449193299561714
449193319857026	449193333826349	449193320146662
449193330327964	449193342046922	449193330609058
449193347055724	449193358483068	449193347321662
449193363721506	449193374918901	449193371905308
449193386942808	449193399575672	449193387234370
449193397071089	449193407795099	449193397360308
449193413723537	449193424232599	449193413986089
449193430413589	449193440670672	449193432794839
449193453322026	449193465329995	449193453625256
449193463748589	449193481771610	449193464138381
449193480369474	449193498211557	449193480662599
449193497041349	449193514650984	449193500626714
449193519663849	449193531088849	449193519950464
449193530423849	449193547524890	449193530680464
449193547068901	449193563962339	449193547377964
449193563838745	449193580400724	449193568525933
449193587145151	449193605058433	449193587445464
449193597097808	449193613278015	449193597369839
449193613796349	449193629717599	449193614057495
449193630520620	449193646156193	449193633679318
449193653451401	449193670812755	449193653736401
449193663791037	449193679030880	449193664101714
449193680575151	449193695468901	449193680739995
449193697171714	449193711910203	449193700563276
449193720127912	449193736576974	449193720435099
449193730447651	449193744796922	449193730708433
449193747081401	449193761236765	449193747349370
449193763868433	449193777676192	449193769439683
449193787699318	449193802332651	449193788071870
449193797105412	449193810552703	449193797408433
449193813752026	449193826993432	449193814022287
449193830475776	449193843432547	449193839648120
449193853235568	449193868089318	449193853514474
449193863782599	449193876308745	449193864081089
449193880457755	449193892745776	449193880720099
449193897202183	449193909183328	449193901743433
449193919995412	449193933844214	449193920295151
449193930421870	449193942063484	449193930686193
449193947101714	449193966716557	449193959030776
449193970232339	449193983150411	449193970512651
449193980405724	449193991367703	449193980688276
449193997093276	449194007805776	449193997448120
449194013824839	449194024243536	449194022040776
449194036888224	449194048902338	449194037168068
449194047103432	449194065341348	449194047359162
449194063749005	449194081782807	449194064043589
449194080459526	449194098222077	449194089406037
449194103166245	449194114658171	449194103468224
449194113721974	449194131092234	449194113991714
449194130421089	449194147527703	449194130683745
449194147111245	449194163964942	449194150704214
449194169925620	449194180401921	449194170211245
449194180550620	449194196837547	449194180735307
449194197115151	449194213271453	449194197474995
449194213728589	449194229707286	449194221084214
449194236712339	449194254362130	449194237008589
449194247034370	449194262580255	449194247326818
449194263772495	449194279016244	449194264037026
449194280458745	449194295454995	449194284613589
449194303404214	449194320107547	449194303749630
449194313693432	449194328326505	449194313971245
449194330426714	449194344763380	449194330696401
449194347119370	449194361202130	449194356025932
449194370240412	449194385860620	449194370528745
449194380386089	449194394078275	449194380660151
449194397094005	449194410514317	449194397467286
449194413782911	449194426949213	449194419095411
449194436605776	449194451602390	449194436888068
449194447125932	449194459820619	449194447529161
449194463786505	449194476258432	449194464085411
449194480540151	449194492696557	449194487219057
449194503394318	449194517349838	449194503689839
449194513831505	449194525568120	449194514193901
449194530452599	449194542003640	449194530710151
449194547203693	9223372036854775807	9223372036854775807

POLL t=187.2 tick=3771
8333333
449204414212283	449204426545512	449204414568741
449204430883845	449204442978741	449204431148429
449204447592647	449204459412542	449204455832595
449204470731241	449204484064886	449204471025616
449204480832803	449204492282647	449204481136397
449204497534783	449204508717959	449204497810772
449204514188428	449204525150563	449204522992439
449204537457647	449204549795772	449204537730616
449204547515876	449204558012386	449204547792283
449204564176033	449204574443064	449204564451553
449204580878533	449204590875771	449204586852126
449204603893116	449204615527022	449204604192439
449204614171397	449204631957126	449204614593533
449204630899470	449204648387439	449204631163585
449204647596397	449204664818845	449204652334210
449204670492126	449204681249782	449204670784053
449204680832960	449204697679938	449204681113116
449204697569158	449204714112125	449204697839991
449204714340720	449204730546397	449204721649470
449204737293272	449204755197907	449204737587803
449204747499366	449204763416605	449204747783220
449204764218897	449204779851136	449204764488376
449204780907908	449204796284470	449204786095408
449204803849939	449204820933532	449204804148116
449204814173741	449204829147699	449204814537491
449204830862283	449204845575980	449204831145408
449204847574366	449204862006762	449204853634001
449204870651553	449204886654574	449204870946710
449204880831085	449204894870407	449204881114314
449204897576866	449204911303167	449204897836397
449204914253272	449204927734990	449204922388116
449204937293741	449204952384001	449204937580616
449204947578845	449204960599835	449204947846814
449204964246397	449204977033272	449204964490095
449204980885407	449204993463376	449204986519210
449205003812178	449205018111969	449205004115147
449205014211085	449205026327490	449205014582491
449205030907022	449205042751865	449205031183741
449205047600095	449205059179105	449205052948532
449205070577126	449205083823220	449205070874314
449205080855303	449205092036553	449205081127335
449205097575407	449205108468011	449205097849782
449205114247178	449205124898011	449205121439209
449205137115147	449205149541813	449205137416032
449205147595147	449205165975251	449205147897334
449205164195772	449205182407282	449205164470147
449205180940720	449205198840511	449205187641709
449205203866866	449205215273011	449205204164522
449205214234366	449205231703531	449205214609939
449205230915928	449205248134626	449205231184314
449205247625616	449205264567438	449205252355303
449205270535564	449205281001605	449205270849001
449205280907491	449205297437022	449205281186345
449205297661553	449205313871032	449205297886657
449205314253532	449205330303428	449205321255564
449205336961397	449205354947334	449205337262647
449205347523532	449205363162229	449205347818116
449205364247907	449205379592751	449205364505720
449205380907491	449205396025095	449205389995459
449205403764522	449205420670042	449205404046553
449205414238584	449205428887073	449205414607022
449205430923376	449205445318948	449205431184366
449205447611241	449205461747802	449205453549366
449205470367334	449205486392803	449205470661814
449205480888272	449205494610250	449205481160616
449205497578116	449205511044313	449205497902178
449205514307178	449205527476761	449205519981345
449205537308376	449205552126709	449205537598063
449205547675720	449205560344053	449205547921084
449205564322803	449205576776761	449205564583532
449205581014678	449205593209625	449205586556501
449205603898688	449205617854573	449205604190928
449205614284001	449205626068949	449205614661866
449205630924001	449205642496604	449205631200251
449205647655459	449205658925199	449205651176709
449205670506084	449205683570146	449205670786084
449205680980303	449205691786083	449205681242334
449205697621397	449205708216397	449205697890459
449205714337647	449205724651449	449205720827647
449205737156657	449205749299365	449205737453741
449205747644678	449205765732907	449205747937803
449205764321397	449205782168063	449205764574053
449205780980303	449205798601813	449205786409990
449205803773272	449205815034938	449205804044522
449205814293740	449205831465615	449205814480303
449205831001345	449205847897594	449205831264938
449205847700251	449205864330875	449205850934990
449205870421970	449205888983115	449205870711032
449205881045615	449205897199990	449205881303220
449205897739522	449205913629521	449205898004365
449205914393428	449205930061917	449205921031501
449205937802803	449205954712386	449205938093897
449205947697334	449205962929885	449205947967178
449205964386397	449205979363010	449205964650772
449205981092438	449205995798532	449205986266397
449206004159626	449206020447021	449206004430459
449206014347178	449206028663844	449206014529313
449206031011709	449206045097229	449206031280615
449206047729209	449206061529938	449206050685876
449206072316865	449206086179522	449206072596865
449206081019834	449206094396448	449206081286240
449206097686813	449206110830772	449206106654834
449206121147751	449206135480198	449206121436032
449206131029365	449206143696448	449206131279522
449206147686657	449206160129365	449206147961865
449206164370772	449206176561812	449206168613115
449206187148219	449206201210562	449206187443428
449206197720303	449206209425407	449206198049365
449206214329313	449206225855458	449206214577647
449206231037022	449206242285927	449206237864313
449206253778688	449206266928323	449206254074990
449206264379209	449206275143011	449206264641865
449206280995772	449206291574000	449206281269834
449206297707178	449206308004937	449206304192803
449206320585303	449206332648114	449206320882907
449206331000147	449206340862282	449206331266188
449206347667647	449206365505615	449206347939678
449206364331032	449206381934938	449206367688115
449206387182126	449206398365354	449206387462647
449206397965667	449206414797385	449206398252647
449206414456501	449206431228896	449206414770928
449206431037803	449206447661240	449206443907334
449206447721396	449206464092438	449206448100146
449206475245876	449206488742230	449206475593688
449206480970563	449206496959521	449206481311865
449206497669365	449206513391656	449206497942126
449206514355459	449206529825406	449206514697438

POLL t=199.2 tick=3923
8333333
449216437444518	449216447995455	449216437747955
449216447906861	449216464426548	449216448227330
449216464658684	449216480860195	449216465006809
449216481327799	449216497292018	449216484114361
449216503986393	449216521937278	449216504319361
449216514628111	449216530153893	449216514892486
449216531303997	449216546588424	449216531566809
449216548036549	449216563021652	449216555377747
449216570725559	449216587667121	449216571060143
449216581302643	449216595882851	449216581569518
449216597982174	449216612316392	449216598235299
449216614663893	449216628749153	449216617156393
449216637398580	449216653400143	449216637679309
449216647975091	449216661618111	449216648284466
449216664637278	449216678050351	449216664990091
449216681331653	449216694484934	449216684799518
449216703922278	449216719138893	449216704246236
449216714635924	449216727357746	449216714912903
449216731319518	449216743797329	449216731581809
449216747996497	449216760235090	449216758350715
449216770872174	449216784885819	449216771172903
449216781312590	449216793103320	449216781579674
449216797984465	449216809535767	449216798243893
449216814644674	449216825966704	449216824614830
449216837476236	449216850614101	449216837768736
449216847978580	449216858830142	449216848245872
449216864641080	449216875263788	449216865006184
449216881304205	449216891694985	449216885864830
449216904655559	449216916342486	449216905016705
449216914640872	449216932774048	449216914908111
449216931258059	449216949205350	449216931536965
449216948113111	449216965637746	449216951658684
449216970765299	449216982070403	449216971055611
449216981302955	449216998504152	449216981578528
449216998021809	449217014938892	449216998281236
449217014663267	449217031371756	449217017358111
449217039548215	449217056021913	449217039832955
449217047980455	449217064240454	449217048246809
449217064639205	449217080676705	449217072848892
449217089991705	449217105331809	449217090302330
449217097996549	449217113550559	449217098319205
449217114642747	449217129986965	449217114911861
449217131317278	449217146424257	449217143683580
449217147987903	449217162859830	449217148365299
449217175571184	449217187515767	449217175929830
449217181319205	449217195733840	449217181671497
449217197966184	449217212167590	449217209499205
449217214648684	449217228601236	449217215032017
449217240031653	449217253254464	449217240305247
449217247995872	449217261471028	449217248331184
449217264636653	449217277903788	449217274466184
449217287599986	449217302554621	449217287886965
449217297982590	449217310773371	449217298246965
449217314606965	449217327208579	449217314884205
449217331343267	449217343645038	449217336367486
449217354271549	449217368297226	449217354562174
449217364659049	449217376513736	449217365019309
449217381319049	449217392946496	449217381592174
449217397979309	449217409383163	449217400848424
449217421024361	449217434037381	449217421372330
449217431270299	449217442256184	449217431575090
449217448021653	449217458693319	449217448267174
449217464650611	449217483343162	449217475794517
449217487738267	449217499776079	449217488036549
449217497991392	449217507993996	449217498278267
449217514657642	449217532642902	449217514948528
449217531344361	449217549074621	449217534983736
449217554298840	449217565506287	449217554596080
449217564617903	449217581937537	449217564992955
449217581315767	449217598372173	449217581574048
449217598040611	449217614808163	449217607359778
449217621189517	449217639462486	449217621470767
449217631363840	449217647681131	449217631601965
449217648074361	449217664117538	449217648336340
449217664785923	449217680553683	449217669910767
449217688559778	449217705207642	449217688921496
449217698013423	449217713427069	449217698287955
449217714714309	449217729865038	449217714988684
449217731372798	449217746302850	449217736762642
449217754352642	449217770956600	449217754651392
449217764680298	449217779173891	449217765065090
449217781383580	449217795607902	449217781651080
449217798139986	449217812043267	449217801686236
449217821458892	449217836696287	449217821822173
449217831367746	449217844913423	449217831635611
449217848040403	449217861348267	449217848306340
449217864686653	449217877779152	449217869417121
449217887844673	449217902429205	449217888129517
449217898060611	449217910647017	449217898327955
449217914748111	449217927081444	449217914977173
449217931431080	449217943518527	449217934458892
449217955016861	449217968171339	449217955361861
449217964680298	449217976387746	449217965049153
449217981422798	449217992820611	449217981688580
449217998109986	449218009253839	449218001416705
449218020952017	449218033907850	449218021270455
449218031343527	449218042125818	449218031618736
449218048076861	449218058562225	449218048301705
449218064740298	449218075000141	449218070110246
449218087708111	449218099655402	449218087995611
449218097945715	449218107874673	449218098242746
449218114723423	449218132530350	449218114981652
449218131383840	449218148967642	449218137671080
449218154311392	449218165404933	449218154586080
449218164669673	449218181840871	449218165030611
449218181338892	449218198274100	449218181609309
449218198059986	449218214711235	449218200731861
449218221149621	449218239366548	449218221518267
449218231303840	449218247584308	449218231586704
449218248050454	449218264023214	449218248292173
449218264674048	449218280459829	449218275292017
449218287745402	449218305118422	449218288056392
449218297996236	449218313338422	449218298261548
449218314668111	449218329777016	449218314932017
449218331327902	449218346213110	449218336501965
449218354153892	449218370873683	449218354449152
449218364668736	449218379095245	449218365035402
449218381291236	449218395538058	449218392760871
449218404803736	449218420196547	449218405088267
449218414648684	449218428416183	449218414922590
449218431304517	449218444854725	449218431576079
449218448010715	449218461295818	449218453071236
449218470991652	449218485955714	449218471273736
449218481341809	449218494175558	449218481609673
449218498028215	449218510612746	449218498302798
449218514685402	449218527048891	449218517171652
449218537830715	9223372036854775807	449218538153111

POLL t=209.3 tick=4077
8333333
449226439517326	449226456717587	449226439843368
449226449781076	449226464935920	449226450053108
449226466444983	449226481372483	449226466717951
449226483147483	449226497808836	449226489354983
449226506454983	449226522464253	449226506750712
449226516445608	449226530682013	449226516717118
449226533117483	449226547116388	449226533388524
449226549807639	449226563552847	449226556179358
449226573107326	449226588209044	449226573391233
449226583078733	449226596428940	449226583360868
449226599786233	449226612869305	449226600155712
449226616473108	449226629306857	449226622947483
449226639512170	449226653958159	449226639789983
449226649715920	449226662176493	449226649992951
449226666463993	449226678613420	449226666732639
449226683148837	449226695048472	449226692396493
449226707900451	449226719700815	449226708165087
449226716459983	449226727917430	449226716727587
449226733125139	449226744350659	449226733397170
449226749790087	449226760784930	449226756823524
449226773139930	449226785434930	449226773429357
449226783135451	449226793651857	449226783399149
449226799792587	449226818298940	449226800179930
449226816466389	449226834733055	449226821872014
449226839701337	449226851168212	449226839991389
449226849722274	449226867606388	449226850016701
449226866429930	449226884043524	449226866708680
449226883097482	449226900481701	449226893822639
449226906595087	449226916917794	449226906892430
449226916413993	449226933353055	449226916694305
449226933074618	449226949787430	449226933341232
449226949896024	449226966223159	449226958305139
449226973239201	449226990873940	449226973537170
449226983110764	449226999091909	449226983399774
449226999820764	449227015529044	449227000205607
449227016531337	449227031965867	449227021921857
449227039624201	449227056617274	449227039914357
449227049833055	449227064834461	449227050113368
449227066495451	449227081269669	449227066765087
449227083181857	449227097707638	449227088127170
449227106534826	449227122366492	449227106841180
449227116511076	449227130586127	449227116769045
449227133170920	449227147024565	449227133423107
449227149856701	449227163461961	449227156341389
449227173228576	449227188120503	449227173519826
449227183164826	449227196339253	449227183434201
449227199793732	449227212777326	449227200164982
449227216521805	449227229216805	449227221819514
449227239593211	449227253874877	449227239889982
449227249783211	449227262094461	449227250115555
449227266473732	449227278532847	449227266744930
449227283139149	449227294968524	449227294686857
449227306683368	449227319623420	449227306966961
449227316505139	449227327843315	449227316783420
449227333131180	449227344280190	449227333414982
449227349863420	449227360716648	449227354421024
449227373161232	449227385371805	449227373472482
449227383166388	449227393589773	449227383461805
449227399859513	449227418245867	449227400227638
449227416525138	449227434683315	449227422369045
449227439780868	449227451119722	449227440099149
449227449753993	449227467557013	449227450036024
449227466449201	449227483996023	449227466731805
449227483153680	449227500434044	449227491956701
449227506773732	449227516869304	449227507084826
449227516465138	449227533306284	449227516751336
449227533229930	449227549743055	449227533574513
449227549910868	449227566179877	449227553894774
449227573199045	449227590835607	449227573487170
449227583242795	449227599053732	449227583512482
449227599889513	449227615489409	449227600247482
449227616694357	449227631925294	449227620549618
449227639801857	449227656578054	449227640080763
449227649881545	449227664795919	449227650145607
449227666561076	449227681230086	449227666867951
449227683332118	449227697667169	449227689046076
449227706820451	449227722322273	449227707110607
449227716480920	449227730540607	449227716767951
449227733243576	449227746976544	449227733500295
449227749978263	449227763411336	449227754652795
449227773797482	449227788063107	449227774086232
449227783253888	449227796281596	449227783527430
449227799902638	449227812716648	449227800264201
449227816669357	449227829152429	449227821829305
449227839968420	449227853808263	449227840315867
449227849931180	449227862027429	449227850199982
449227866618420	449227878465399	449227866895555
449227883319513	449227894900607	449227889210451
449227906588576	449227919554825	449227906873888
449227916569513	449227927772325	449227916841180
449227933221961	449227944208002	449227933501076
449227949949826	449227960645607	449227952901336
449227973297951	449227985300294	449227973605295
449227983251857	449227993518471	449227983589045
449227999894617	449228018171283	449228000255399
449228016622951	449228034604201	449228026512899
449228040290138	449228051039096	449228040548836
449228049903211	449228067474408	449228050166336
449228066590086	449228083909669	449228066841388
449228083276857	449228100346960	449228087984617
449228106878524	449228125002534	449228107169617
449228116525451	449228133220190	449228116799044
449228133235138	449228149653419	449228133659357
449228150001805	449228166088940	449228154634982
449228173526701	449228190740711	449228173880763
449228183249357	449228198958315	449228183538732
449228199975294	449228215390502	449228200335294
449228216635451	449228231822377	449228220468367
449228240165555	449228256470503	449228240483107
449228249891336	449228264685971	449228250173263
449228266591336	449228281119773	449228266866232
449228283308992	449228297554044	449228288632586
449228306988419	449228322204044	449228307277638
449228316555138	449228330422377	449228316846076
449228333264305	449228346854460	449228333530242
449228349965451	449228363286180	449228352823576
449228373685607	449228387936336	449228373971857
449228383311492	449228396154201	449228383635555
449228399973732	449228412587534	449228400356857
449228416651076	449228429022742	449228420807638
449228440323576	449228453676232	449228440615763
449228449920555	449228461894460	449228450195138
449228466629201	449228478329512	449228476622326
449228490420867	449228502977377	449228490704617
449228499911232	449228511193575	449228500271544
449228516633263	449228527626961	449228516895867
449228533323107	449228544060815	449228538025451

POLL t=221.4 tick=4325
8333333
449238550327322	449238560974248	449238550540915
449238574198103	449238585622165	449238574473103
449238583641384	449238593838779	449238583923572
449238600355447	449238618487008	449238607431020
449238623655915	449238634916852	449238623968363
449238633640395	449238651346540	449238633898363
449238650308363	449238667777009	449238650565238
449238666987790	449238684209352	449238667747009
449238690087478	449238700639665	449238690379822
449238700269978	449238717070915	449238700532947
449238716965447	449238733503050	449238724878572
449238740574665	449238758152790	449238740866176
449238750264301	449238766369613	449238750536488
449238766944509	449238782802634	449238767221228
449238783650915	449238799235238	449238783749457
449238807993728	449238823884561	449238808291697
449238816916384	449238832103572	449238817189145
449238833634353	449238848536488	449238839950915
449238856956853	449238873184144	449238857345603
449238866951332	449238881399352	449238867226020
449238883685759	449238897832322	449238884016384
449238900308051	449238914266592	449238909984457
449238923661540	449238938916696	449238923927634
449238933629197	449238947133519	449238933993207
449238950270082	449238963567061	449238950550551
449238966983728	449238980002529	449238967347322
449238993712478	449239004653103	449238994059822
449239000304926	449239012869457	449239000669144
449239016967947	449239029301644	449239017237009
449239040124822	449239053947061	449239040412113
449239050316697	449239062162060	449239050579144
449239066969978	449239078591956	449239067237634
449239083689509	449239095025029	449239084006697
449239107785238	449239119672373	449239108066332
449239116973676	449239127889092	449239117235134
449239133643207	449239144321175	449239140139040
449239156949144	449239168972061	449239157248572
449239166974978	449239177189092	449239167246801
449239183650446	449239201837217	449239183914509
449239200338051	449239218268675	449239200727321
449239227955290	449239242912113	449239228249196
449239233652790	449239251127529	449239233984457
449239250289301	449239267558518	449239253101228
449239273982738	449239292202789	449239274342738
449239283662634	449239300418050	449239283984196
449239300319196	449239316848987	449239300595446
449239316976384	449239333278779	449239327878728
449239340962478	449239357926592	449239341340082
449239350358259	449239366143154	449239350702321
449239366969457	449239382576384	449239367248728
449239383596384	449239399007112	449239394807634
449239407528728	449239423653936	449239407899978
449239416922946	449239431870602	449239417207582
449239433591957	449239448303258	449239433957946
449239450299978	449239464735238	449239451580863
449239473571957	449239489380915	449239473873259
449239483584821	449239497596332	449239483861853
449239500249196	449239514026748	449239507031488
449239523732009	449239538671592	449239524053207
449239533616853	449239546888207	449239533977478
449239550259301	449239563319352	449239550528259
449239566986540	449239579749248	449239567175759
449239592252478	449239604394040	449239592550394
449239600259196	449239612609300	449239600529040
449239616950863	449239629040810	449239621824144
449239640511175	449239653683414	449239640890550
449239650277634	449239661898779	449239650541696
449239667011071	449239678329821	449239667270915
449239683692009	449239694759300	449239685051019
449239707160082	449239719404613	449239707428415
449239716996696	449239727618883	449239717260394
449239733723363	449239744048936	449239740337634
449239757078103	449239768690185	449239757377478
449239766972113	449239776904560	449239767248207
449239783706175	449239801549717	449239783969978
449239800420082	449239817976539	449239800745394
449239826363207	449239842615810	449239826900290
449239833623259	449239850828884	449239833901332
449239850348415	449239867257998	449239854615759
449239874043363	449239891904300	449239874335082
449239883760446	449239900120029	449239883979040
449239900349977	449239916554091	449239905371540
449239924480446	449239941200758	449239924767009
449239933819196	449239949416331	449239934233832
449239950483415	449239965850654	449239950749665
449239967175446	449239982287424	449239967541800
449239992217790	449240006942164	449239992493571
449240000438571	449240015160550	449240000708102
449240017233988	449240031596644	449240020668102
449240041625759	449240056247425	449240041915759
449240050463207	449240064463414	449240050721696
449240067106227	449240080895133	449240071444821
449240090888415	449240105547789	449240091175915
449240100457009	449240113765810	449240100715915
449240117085915	449240130199092	449240121663675
449240141154300	449240154850654	449240141481488
449240150445759	449240163068310	449240150746488
449240167169925	449240179503675	449240167488571
449240183788519	449240195940238	449240187876384
449240207181852	449240220591175	449240207488102
449240217071384	449240228809613	449240217358415
449240233707790	449240245245029	449240234082165
449240250454665	449240261678050	449240250781696
449240274212269	449240286327529	449240274505081
449240283724821	449240294543779	449240284010394
449240300441852	449240310977425	449240305889925
449240323979821	449240335629716	449240324268884
449240333723675	449240343846904	449240334097738
449240350424196	449240368497946	449240350689196
449240367096540	449240384930862	449240367434352
449240393496852	449240409581539	449240393786019
449240400401331	449240417798935	449240400675550
449240417083675	449240434231747	449240418801696
449240441426540	449240458883987	449240441723415
449240450382790	449240467100915	449240450667321
449240467057425	449240483535029	449240469686071
449240492244665	449240508180862	449240492548258
449240500430446	449240516396018	449240500819925
449240517075758	449240532827008	449240522089196
449240540614977	449240557474821	449240540919665
449240550439196	449240565691539	449240550781227
449240567200133	449240582124717	449240567514040
449240583837790	449240598557737	449240585998883
449240607282738	449240623208518	449240607573571
449240617138571	449240631425862	449240617406800
449240633824508	449240647862217	449240634184508
449240650505290	449240664297112	449240650854508

