POLL t=10.4 tick=600
8333333
463738248113508	463738259559549	463738248394238
463738265469602	463738275997831	463738265742102
463738281657571	463738292438352	463738281936581
463738298349915	463738308876112	463738298628925
463738314829446	463738325313560	463738315101321
463738331643456	463738349970018	463738331906321
463738348365383	463738366406841	463738348654550
463738365539133	463738382846424	463738365825227
463738381470331	463738399286320	463738381742571
463738398118196	463738415725799	463738398406165
463738414887675	463738432167623	463738415178977
463738431684081	463738448609080	463738431964133
463738448374758	463738465049862	463738448711581
463738465473977	463738481489289	463738465756633
463738481662363	463738497929029	463738481844238
463738498318821	463738514368664	463738498600071
463738514992675	463738530808924	463738515260488
463738531620800	463738547248508	463738531880383
463738548485852	463738563688925	463738548764706
463738565363821	463738580125956	463738565647258
463738581590227	463738596563976	463738581862363
463738598300331	463738613003351	463738598575331
463738614868769	463738629440070	463738615146477
463738631555383	463738645875435	463738631826738
463738648407988	463738662312727	463738648686633
463738665417571	463738678750643	463738665705175
463738681414550	463738695188560	463738681701425
463738698295331	463738711625383	463738698576008
463738715032883	463738728064914	463738715316737
463738731655852	463738744504914	463738731902571
463738748211008	463738760943299	463738748483300
463738765431321	463738777383404	463738765721008
463738781661165	463738793821685	463738781942571
463738798219133	463738810263456	463738798501477
463738814790487	463738826702154	463738815070019
463738831854446	463738843142101	463738832126425
463738848351008	463738859579758	463738848616008
463738865507571	463738876017362	463738865792206
463738881482050	463738892456476	463738881763612
463738898304758	463738908896632	463738898594862
463738914918821	463738925335904	463738915205696
463738931664602	463738941775904	463738931916789
463738948267727	463738958214080	463738948542102
463738965435956	463738982869341	463738965723144
463738981564706	463738999308403	463738981843352
463738998398664	463739015746841	463738998674550
463739014925071	463739032187310	463739015203039
463739031524914	463739048625747	463739031803977
463739048251321	463739065065018	463739048525956
463739065596789	463739081503351	463739065887727
463739081613664	463739097940018	463739081888039
463739098205019	463739114375852	463739098485696
463739114860175	463739130813299	463739115139394
463739131764289	463739147251060	463739132060644
463739148457258	463739163688612	463739148739446
463739165353821	463739180126424	463739165633769
463739181582883	463739196562830	463739181859289
463739198367102	463739212999028	463739198646633
463739214988039	463739229435643	463739215245800
463739231681894	463739245873404	463739231916946
463739248312050	463739262310747	463739248587987
463739265441946	463739278748247	463739265722571
463739281592571	463739295187310	463739281874133
463739298342571	463739311627883	463739298612571
463739314930227	463739328064810	463739315203664
463739331545019	463739344503872	463739331815227
463739348277883	463739360941685	463739348560696
463739365526008	463739377381164	463739365807206
463739381551321	463739393820330	463739381831164
463739398236477	463739410256581	463739398511008
463739414960227	463739426694966	463739415240227
463739431667831	463739443132570	463739431943039
463739448279706	463739459570227	463739448557571
463739465456737	463739476005904	463739465748456
463739481520696	463739492441321	463739481798664
463739498192414	463739508877779	463739498474289
463739514841112	463739525314445	463739515124289
463739531560383	463739541753143	463739531841633
463739548388977	463739566410435	463739548661581
463739565486477	463739582848507	463739565773820
463739581680539	463739599286164	463739581956320
463739598396164	463739615722518	463739598672727
463739615025643	463739632159914	463739615305643
463739631800852	463739648597883	463739632091945
463739648393039	463739665032779	463739648705227
463739665623977	463739681466945	463739665910800
463739681727102	463739697903456	463739682008039
463739698393664	463739714340017	463739698676633
463739715301008	463739730774132	463739715590956
463739731886268	463739747210330	463739732161008
463739748659550	463739763646945	463739748936789
463739765801008	463739780081320	463739766092102
463739781935643	463739796515799	463739782209445
463739798703664	463739812952414	463739798987414
463739815384237	463739829388924	463739815660070
463739832318768	463739845826372	463739832575695
463739848991633	463739862263716	463739849274550
463739866034393	463739878698195	463739866326425
463739882223352	463739895132102	463739882495175
463739899017258	463739911568716	463739899296164
463739915868352	463739928005383	463739916106945
463739932347518	463739944439757	463739932619445
463739948872258	463739960872778	463739949151789
463739966209237	463739977307049	463739966506633
463739982389862	463739993741893	463739982663768
463739999173195	463740010176164	463739999439289
463740015816477	463740026613716	463740016109602
463740032477831	463740043051580	463740032755539
463740049028664	463740059488351	463740049308456
463740066265852	463740084146580	463740066552258
463740082533195	463740100586268	463740082803195
463740099168664	463740117023246	463740099450227
463740115752727	463740133460279	463740116003977
463740132507727	463740149896580	463740132801945
463740149139237	463740166332309	463740149411477
463740166311268	463740182768820	463740166594602
463740182329133	463740199204393	463740182607206
463740198772674	463740215641736	463740199055852
463740215593664	463740232076424	463740215854289
463740232101945	463740248511788	463740232390539
463740248925174	463740264948976	463740249202883
463740266072206	463740281384653	463740266353351
463740282075070	463740297820382	463740282347883
463740315291737	463740330690591	463740315598820
463740318045383	463740338908508	463740318338195
463740343237258	463740355342049	463740343526320
463740355580695	9223372036854775807	463740355863143

POLL t=21.9 tick=1201
8333333
463749601778660	463749616827358	463749602063504
463749618482983	463749633260795	463749618760848
463749634880327	463749649697566	463749635161004
463749651623452	463749666137462	463749651889442
463749668481004	463749682572827	463749668751629
463749685699754	463749699008296	463749685980952
463749701697410	463749715445222	463749701978452
463749718288660	463749731884806	463749718566785
463749735101629	463749748320587	463749735380223
463749751726577	463749764755170	463749752011421
463749768430796	463749781190900	463749768692098
463749785763504	463749797628764	463749786063921
463749801687202	463749814067514	463749801973817
463749818420535	463749830506264	463749818717723
463749835117879	463749846941889	463749835397254
463749851762983	463749863376056	463749852080067
463749868458504	463749879811733	463749868738608
463749885652410	463749896244493	463749885929910
463749901892098	463749912678556	463749902168452
463749918480014	463749929111994	463749918768139
463749935092358	463749945544076	463749935366733
463749951770223	463749961978035	463749952078764
463749968357723	463749978410795	463749968642983
463749985705379	463750003061785	463749985988139
463750001635848	463750019493712	463750001911317
463750018371421	463750035923296	463750018643608
463750035169858	463750052355066	463750035459598
463750051680223	463750068787774	463750051950327
463750068412410	463750085220014	463750068684441
463750085695952	463750101652305	463750085972254
463750101801108	463750118086108	463750102039441
463750118429702	463750134518920	463750118706264
463750135034754	463750150950691	463750135314598
463750151836264	463750167383816	463750152111629
463750168487879	463750183816420	463750168759389
463750185628035	463750200248660	463750185906473
463750201771264	463750216683035	463750202046264
463750218416108	463750233116472	463750218680796
463750235154702	463750249552253	463750235409129
463750251755796	463750265983972	463750251994129
463750268397358	463750282415951	463750268674285
463750285532566	463750298849077	463750285832410
463750301653191	463750315283139	463750301927254
463750318446577	463750331717045	463750318726941
463750335122202	463750348150379	463750335394910
463750351589441	463750364583087	463750351880327
463750368336733	463750381015431	463750368622254
463750385616004	463750397449180	463750385909910
463750401868191	463750413885587	463750402144546
463750418279441	463750430318763	463750418551108
463750434932879	463750446754128	463750435215796
463750451827046	463750463191108	463750452127671
463750468498035	463750479626107	463750468771316
463750485743973	463750496063295	463750486024702
463750501708035	463750512498191	463750501988035
463750518265848	463750528932097	463750518548348
463750535149598	463750545366420	463750535428035
463750551918660	463750570017931	463750552208608
463750568322879	463750578235847	463750568613295
463750585607045	463750602886212	463750585915170
463750601724129	463750619321784	463750602010170
463750618373660	463750635760483	463750618658764
463750635132254	463750652198608	463750635421108
463750651612723	463750668633556	463750651885379
463750668231004	463750685067045	463750668528035
463750685713348	463750701499805	463750686007358
463750701957827	463750717932097	463750702240327
463750718521316	463750734364597	463750718813139
463750734926108	463750750795847	463750735201785
463750751658295	463750767227201	463750751953920
463750768561316	463750783660951	463750768832097
463750785758295	463750800097409	463750786042722
463750801696316	463750816533347	463750801971472
463750818318816	463750832966941	463750818607566
463750835218035	463750849399701	463750835509389
463750851763504	463750865831160	463750852056889
463750868559545	463750882263920	463750868837670
463750885697514	463750898696159	463750885983764
463750901721160	463750915127826	463750902019702
463750918448191	463750931560117	463750918724233
463750935361316	463750947994128	463750935640379
463750951995847	463750964428920	463750952283660
463750968434077	463750980863764	463750968720222
463750985620222	463750997295326	463750985906629
463751001979129	463751013726263	463751002240535
463751018620535	463751030156472	463751018910535
463751035219858	463751046589701	463751035502410
463751051774233	463751063022566	463751052089285
463751068688347	463751079456055	463751068981160
463751085816316	463751104104440	463751086094285
463751101905066	463751112320326	463751102194910
463751118541577	463751136970847	463751118821785
463751135202410	463751153403503	463751135490847
463751151955795	463751169839232	463751152246160
463751168753608	463751186276628	463751169035222
463751185865847	463751202712513	463751186143816
463751201749545	463751219147045	463751202026316
463751218414597	463751235579649	463751218694285
463751235268660	463751252012045	463751235545379
463751252155066	463751268445274	463751252323295
463751268655795	463751284877566	463751268931576
463751285708295	463751301308607	463751285990222
463751301833816	463751317738920	463751302109441
463751318363972	463751334170742	463751318625483
463751335255639	463751350605483	463751335539597
463751351965639	463751367040951	463751352249285
463751368385535	463751383473555	463751368671160
463751385525535	463751399906993	463751385811889
463751401552358	463751416341263	463751401827566
463751417996628	463751432776264	463751418276785
463751434668503	463751449211055	463751434947878
463751451045222	463751465646316	463751451332201
463751467716316	463751482080951	463751467966576
463751485020535	463751498510899	463751485293920
463751501276472	463751514942722	463751501546733
463751517888139	463751531373712	463751518158608
463751534366420	463751547807097	463751534642410
463751551115847	463751564241472	463751551385951
463751567916889	463751580676523	463751568211472
463751585131472	463751597109857	463751585413191
463751601074597	463751613542357	463751601343608
463751617796472	463751629975482	463751618080951
463751635134597	463751646408503	463751635405326
463751651167878	463751662839753	463751651439389
463751667945535	463751679273399	463751668223347
463751685272358	463751695706315	463751685557878
463751701265483	9223372036854775807	463751701572358

POLL t=33.3 tick=1630
8333333
463761363836573	463761377339437	463761364094854
463761380503604	463761393780166	463761380763187
463761397154593	463761410222093	463761397402250
463761413770635	463761426665166	463761414050479
463761439079281	463761451331989	463761439360635
463761447089750	463761459553030	463761447345531
463761463842093	463761475994020	463761464109437
463761480514906	463761492434332	463761480768500
463761504986156	463761517093187	463761505276573
463761513814906	463761525311833	463761514075687
463761530599750	463761541749853	463761530768500
463761547166781	463761558188186	463761547428968
463761563805010	463761574624385	463761573587041
463761587161781	463761599281364	463761587436937
463761597192979	463761607500478	463761597454385
463761613853500	463761623938082	463761614211416
463761630538187	463761648593291	463761630800635
463761647115635	463761665029750	463761651837197
463761670589750	463761681466155	463761670885375
463761680459125	463761697903395	463761680716416
463761697160218	463761714339697	463761697406000
463761713884437	463761730776468	463761714232562
463761730486312	463761747214436	463761738862250
463761753892875	463761771873759	463761754187041
463761763900687	463761780093812	463761764148343
463761780543812	463761796535999	463761780798447
463761797178187	463761812975426	463761797426885
463761813757562	463761829414176	463761819947718
463761837257510	463761854071312	463761837531885
463761847132249	463761862289957	463761847388499
463761863838812	463761878725999	463761864123291
463761880494229	463761895161780	463761880751312
463761897102406	463761911596624	463761903676572
463761920792093	463761936253499	463761921096781
463761930517666	463761944472353	463761930861104
463761947158135	463761960909384	463761947522874
463761963832249	463761977347822	463761964099749
463761980446624	463761993784020	463761988981156
463762004058291	463762018438812	463762004315374
463762013808499	463762026656155	463762014152093
463762030531624	463762043092978	463762030790843
463762047161312	463762059528759	463762047355687
463762063750843	463762075965791	463762072507249
463762087428187	463762100620530	463762087674854
463762097149906	463762108838655	463762097400687
463762113813812	463762125272874	463762114169697
463762130479281	463762141706832	463762130738187
463762147149072	463762158139176	463762157136312
463762170563135	463762182787613	463762170839593
463762180531624	463762191004489	463762180786260
463762197151468	463762207437249	463762197406416
463762213803916	463762223869541	463762214159385
463762230484906	463762248519281	463762236754437
463762253838968	463762264952509	463762254101156
463762263852562	463762281387145	463762264091312
463762280512562	463762297820895	463762280759749
463762297208656	463762314255009	463762297435687
463762313762353	463762330688030	463762321724749
463762337305218	463762355335842	463762337573031
463762347187822	463762363553499	463762347402718
463762363946260	463762379985895	463762364196781
463762380505010	463762396419124	463762380753968
463762397147406	463762412852614	463762404307041
463762420873603	463762437501468	463762421169437
463762430469437	463762445716937	463762430724437
463762447176312	463762462151468	463762447456156
463762463893135	463762478586571	463762464145478
463762480485687	463762495023343	463762481091416
463762505547666	463762519675113	463762505836312
463762513755322	463762527892665	463762514112562
463762530521103	463762544327457	463762530769124
463762547133187	463762560759592	463762558453343
463762570303499	463762585405426	463762570570635
463762580463187	463762593622977	463762580733968
463762597177405	463762610057197	463762597427093
463762613823812	463762626490998	463762614178655
463762630569853	463762642926989	463762640400687
463762653804749	463762667579749	463762654093655
463762663822249	463762675797770	463762664078447
463762680575530	463762692232196	463762680827510
463762697279593	463762708667196	463762697527405
463762713843916	463762725101885	463762723081468
463762737215999	463762749749436	463762737507353
463762747165062	463762757966571	463762747425218
463762763915166	463762774400113	463762764187874
463762780603916	463762790835582	463762780855843
463762797221416	463762815487613	463762807543812
463762820843187	463762831920477	463762821125843
463762830504280	463762848354592	463762830766728
463762847193030	463762864790061	463762847449593
463762863890999	463762881227040	463762864146312
463762880571312	463762897664540	463762892752874
463762903975843	463762922317769	463762904259437
463762913801780	463762930535426	463762914302249
463762930528187	463762946969801	463762930778499
463762947202353	463762963403343	463762947461624
463762963880843	463762979839124	463762964155218
463762980580687	463762996276936	463762980845791
463763004974124	463763020933186	463763005260009
463763013744593	463763029150738	463763014019905
463763030495374	463763045585425	463763030853655
463763047164593	463763062022977	463763047419593
463763063866259	463763078459280	463763063945218
463763088668759	463763103112665	463763088940062
463763097123655	463763111332301	463763097385843
463763113879384	463763127769384	463763114112093
463763130507093	463763144206155	463763130856728
463763147188603	463763160642718	463763147263186
463763172252405	463763185296415	463763172541936
463763180413655	463763193514280	463763180685218
463763197144593	463763209950738	463763197404072
463763213866155	463763226385217	463763214123968
463763236966936	463763251041155	463763237233655
463763247119593	463763259260790	463763247372249
463763263816311	463763275698811	463763264042978
463763280525999	463763292136155	463763280748343
463763297181728	463763308572665	463763297455530
463763321046468	463763333229748	463763321313759
463763330482249	463763341448186	463763330737197
463763347162561	463763357885999	463763347416311
463763363822561	463763374323811	463763364094436
463763380564436	463763398980895	463763391406728
463763403839593	463763415418238	463763404090686
463763413817041	463763431856988	463763414078916
463763430523030	463763448294748	463763430882249
463763447229436	463763464732144	463763447482093
463763463803134	9223372036854775807	9223372036854775807

POLL t=45.2 tick=1747
8333333
463772897462714	463772907869224	463772897722714
463772914188339	463772932526099	463772928900527
463772930828339	463772948964224	463772931093131
463772956695683	463772973619328	463772956973756
463772964238808	463772981839172	463772964519224
463772980822037	463772998277037	463772981088131
463772997531568	463773014713338	463772997800683
463773014207089	463773031150838	463773021589745
463773039884433	463773055805213	463773040154693
463773047490214	463773064023651	463773047873808
463773064271933	463773080460630	463773064536776
463773080914589	463773096896047	463773081175683
463773097630839	463773113330682	463773097879224
463773114245214	463773129765161	463773114976568
463773139224537	463773154419901	463773139516151
463773147536568	463773162638182	463773147910839
463773164385995	463773179072037	463773164585058
463773180910526	463773195504953	463773181157193
463773197555006	463773211940526	463773197844589
463773224540006	463773236594276	463773224811724
463773230861308	463773244811567	463773231127506
463773247552870	463773261245943	463773247930214
463773264214433	463773277680630	463773264472089
463773280884901	463773302333442	463773294130839
463773305965058	463773318769068	463773306241151
463773314257349	463773326985838	463773314522558
463773330992558	463773343419015	463773331186151
463773347522193	463773359852974	463773347872558
463773364266464	463773384505057	463773379827089
463773380854745	463773392723234	463773381121933
463773406255058	463773417380161	463773406552245
463773414233755	463773425599380	463773414492662
463773430872401	463773442035421	463773431132818
463773447471151	463773458472713	463773447830005
463773464225162	463773474908703	463773465993495
463773489773964	463773507779276	463773490061099
463773497560995	463773515996932	463773497821568
463773514202870	463773532430682	463773514472714
463773530879276	463773548868026	463773531133287
463773547550683	463773565305682	463773559340214
463773572864589	463773589962401	463773573139745
463773581020005	463773598181984	463773581168651
463773597543495	463773614618546	463773597806464
463773614177401	463773631052922	463773614448495
463773630869224	463773647486411	463773646611255
463773647538755	463773663918650	463773647805214
463773673133026	463773688567192	463773673417349
463773680885995	463773696783026	463773681137245
463773697571307	463773713216724	463773697823026
463773714265370	463773729652089	463773714528599
463773730915370	463773746083338	463773736037349
463773756381307	463773770732348	463773756654068
463773764248755	463773778949380	463773764517505
463773780927401	463773795384953	463773781191724
463773797618807	463773811821151	463773797857557
463773814232089	463773836473859	463773830040474
463773830904589	463773844691671	463773830972662
463773856292557	463773869348390	463773856578807
463773864256464	463773877567921	463773864518339
463773880965682	463773894004849	463773881161932
463773897601620	463773910440838	463773897842974
463773914252974	463773926877505	463773926587714
463773939382557	463773951534068	463773939681464
463773947584120	463773959752869	463773947950682
463773964312193	463773976188911	463773964530526
463773980921724	463773992622557	463773981175995
463773997576932	463774009056515	463773997826255
463774014270214	463774025487869	463774016360995
463774039351620	463774050141203	463774039624537
463774047523182	463774058359015	463774047873651
463774064349589	463774074792505	463774064564745
463774080998651	463774091226307	463774081212557
463774097613807	463774115879068	463774108494276
463774122629120	463774140532713	463774122943807
463774131133911	463774148751984	463774131404693
463774147601776	463774165188599	463774147958182
463774164313026	463774181619171	463774164563911
463774180935995	463774198054484	463774195885370
463774197592714	463774214491776	463774197854432
463774223332193	463774239142765	463774223612245
463774230929068	463774247361151	463774231207349
463774247641151	463774263795004	463774248009224
463774264302714	463774280230057	463774264575526
463774280938964	463774296664900	463774284478443
463774306222870	463774321316567	463774306512245
463774314285995	463774329533755	463774314542088
463774330978338	463774345968130	463774331239745
463774347594901	463774362403182	463774347946620
463774364327870	463774387054275	463774379025370
463774380988026	463774395272922	463774381246307
463774406440995	463774419923286	463774406739224
463774414358495	463774428140317	463774414608911
463774431013182	463774444574901	463774431270682
463774447641776	463774461011463	463774448011568
463774464330630	463774477446776	463774468567505
463774489756255	463774502101515	463774490053963
463774497672401	463774510319067	463774497921099
463774514373338	463774526753025	463774514613026
463774530999588	463774543187036	463774531250370
463774547690995	463774567840682	463774561415995
463774572777557	463774584278026	463774573064536
463774581005838	463774592495838	463774581250526
463774597654536	463774608932140	463774597932505
463774614377349	463774625369588	463774614620995
463774631015682	463774641807348	463774631283130
463774647605057	463774658243650	463774650098182
463774672900474	463774691112297	463774673186463
463774680948963	463774699328911	463774681211099
463774697691932	463774715763963	463774697948443
463774714321724	463774732198911	463774714576932
463774730945370	463774748632140	463774744675161
463774756078911	463774773279224	463774756320838
463774764431463	463774781495474	463774764698338
463774781078338	463774797929223	463774781306307
463774797710213	463774814365942	463774797962245
463774814351255	463774830801411	463774822777505
463774839354276	463774855459276	463774839633130
463774847609380	463774863678546	463774847976932
463774864389745	463774880117192	463774864614276
463774880996099	463774896556567	463774881247974
463774897633026	463774912994848	463774911752349
463774922764380	463774937653182	463774923036151
463774930978182	463774945873078	463774931236776
463774947650682	463774962309223	463774947824432
463774964309432	463774978745369	463774964581932
463774980964119	463774995181984	463774981225213
463774997626151	463775011617609	463774998657713

POLL t=56.7 tick=1921
8333333
463784431345366	463784446699793	463784431613647
463784448020158	463784463136199	463784457579845
463784472386251	463784487792292	463784472676928
463784481317085	463784496010521	463784481682085
463784498021616	463784512445158	463784498278960
463784514733960	463784528880157	463784514964376
463784531364116	463784545312605	463784543574272
463784555643491	463784569966563	463784555906147
463784564752397	463784578183907	463784565012345
463784581338178	463784594619636	463784581703751
463784598007710	463784611056355	463784598261616
463784614652710	463784635711095	463784629930314
463784631346251	463784643928803	463784631612866
463784656166772	463784668578698	463784656459532
463784664674116	463784676796303	463784664938178
463784681291928	463784693227188	463784681670053
463784697965522	463784717877136	463784711196251
463784722231303	463784734310053	463784722525366
463784731376876	463784742527189	463784731665210
463784748098751	463784758962293	463784748311720
463784764668960	463784775398282	463784764931616
463784781322709	463784800052084	463784792396303
463784805530522	463784816487032	463784805825834
463784814642866	463784832920729	463784814910366
463784831313907	463784849356979	463784831575834
463784848032084	463784865793074	463784848254272
463784864686303	463784882231199	463784874781772
463784889217657	463784906884428	463784889517553
463784897998282	463784915103229	463784898254741
463784914684428	463784931539584	463784914949845
463784931309116	463784947976042	463784931678126
463784948043803	463784964414011	463784955009584
463784972292709	463784989071407	463784972574116
463784981283334	463784997289793	463784981650522
463784997976095	463785013725990	463784998254845
463785014614741	463785030163907	463785014901147
463785031339064	463785046601407	463785035383334
463785055994584	463785071257448	463785056309220
463785064606251	463785079476875	463785064885053
463785081270834	463785095914063	463785081644532
463785097961772	463785112348230	463785098238022
463785114677189	463785128783594	463785117140834
463785139263022	463785153437813	463785139574584
463785147940522	463785161656563	463785148228334
463785164633178	463785178091927	463785164919116
463785181261616	463785194530626	463785181631720
463785197993334	463785210967084	463785204388491
463785222636720	463785235618281	463785222938282
463785231378803	463785243835157	463785231652866
463785247948022	463785260269949	463785248223334
463785264594063	463785276704949	463785264868438
463785281281772	463785293141407	463785285970834
463785306008803	463785317793855	463785306310209
463785314645834	463785326010782	463785314924897
463785331292553	463785342445990	463785331581720
463785347976720	463785358883178	463785348241720
463785364759063	463785375321875	463785368875782
463785389108907	463785399977292	463785389420991
463785397995938	463785408193959	463785398298803
463785414678282	463785424630730	463785414959116
463785431300365	463785449290209	463785431564584
463785447961772	463785465725886	463785449877553
463785472662865	463785490377500	463785472964428
463785481315990	463785498593334	463785481602709
463785497967397	463785515023751	463785498340834
463785514621563	463785531458126	463785514909115
463785531310626	463785547893907	463785535435782
463785555814584	463785572552708	463785556113803
463785564622865	463785580772709	463785564890470
463785581343751	463785597213021	463785581618751
463785597991251	463785613650156	463785598371563
463785614693803	463785630084844	463785617651563
463785639046095	463785654738855	463785639344897
463785647973803	463785662956251	463785648261928
463785664702084	463785679390521	463785664974115
463785681416772	463785704043021	463785699085782
463785698176615	463785712261563	463785699092657
463785722310782	463785736916407	463785722615990
463785731376772	463785745134844	463785731646615
463785748118022	463785761570365	463785748358490
463785764724532	463785778004115	463785764971876
463785781479688	463785794438021	463785789415990
463785805511720	463785819092240	463785805801928
463785814726928	463785827310885	463785814987865
463785831416095	463785843745938	463785831681720
463785848684740	463785860181928	463785848935157
463785864800678	463785876620417	463785871837240
463785889652032	463785901276251	463785889972240
463785898117501	463785909494480	463785898390157
463785914806147	463785925930261	463785915062865
463785931461147	463785942365313	463785931722969
463785948203490	463785958801302	463785954834428
463785972457344	463785983452396	463785972747188
463785981474897	463785999885522	463785981768490
463785998134376	463786016321459	463785998499272
463786014819115	463786032758698	463786015076251
463786031515209	463786049196355	463786034745209
463786055547553	463786073855469	463786055845782
463786064857553	463786082075678	463786065106928
463786081490834	463786098514376	463786081754897
463786098150521	463786114951407	463786098516303
463786114820990	463786131386927	463786120114115
463786138912501	463786156040365	463786139203178
463786148174115	463786164257865	463786148451771
463786164841719	463786180693490	463786165103126
463786181425053	463786197128177	463786181697865
463786198167813	463786213562396	463786203386615
463786222178178	463786238214479	463786222466459
463786231427709	463786246431719	463786231713490
463786248106459	463786262865678	463786248375521
463786264763021	463786279300937	463786265030469
463786281485521	463786295735677	463786289977344
463786305271928	463786320389479	463786305558334
463786314792032	463786328606406	463786315065053
463786331422084	463786345041771	463786331697344
463786348115834	463786361479688	463786348401146
463786364780053	463786377916354	463786371462084
463786389405521	463786402571355	463786389704584
463786398077240	463786410790313	463786398369688
463786414788021	463786427224635	463786415053490
463786431446719	463786443660417	463786431721615
463786448184740	463786460099271	463786452552084
463786472326928	463786484757188	463786472612240
463786481442084	463786492975886	463786481719532
463786498147657	463786509416458	463786498515365
463786514781251	463786525856771	463786515054115
463786531473959	9223372036854775807	9223372036854775807

POLL t=68.2 tick=2061
8333333
463796324103018	463796338995205	463796324397080
463796332261143	463796347214788	463796332513643
463796348889580	463796363655152	463796349177080
463796373952393	463796388318434	463796374330934
463796382223799	463796396537445	463796382476559
463796398863434	463796412977027	463796399152393
463796424925778	463796437635100	463796425291455
463796432234736	463796445854683	463796432515674
463796448918486	463796462292496	463796449189268
463796473397236	463796486948173	463796473687340
463796482239215	463796495167548	463796482513174
463796498897236	463796511609006	463796506508330
463796524104528	463796536269997	463796524547549
463796532449059	463796544490101	463796532725049
463796548959684	463796560929684	463796549238486
463796573377861	463796585589527	463796573655830
463796582299424	463796593808538	463796582565153
463796598950309	463796610247444	463796599224267
463796624888642	463796643126715	463796625260049
463796632220830	463796651347131	463796632512184
463796648958174	463796659566089	463796649235049
463796673424424	463796684225360	463796673709111
463796682302809	463796692445153	463796691045674
463796698945153	463796717104267	463796707255778
463796724090205	463796741759424	463796724488017
463796732333278	463796749977080	463796732678278
463796748926767	463796766411090	463796749209736
463796773464215	463796791064319	463796773775205
463796782271142	463796799282705	463796782555986
463796798981403	463796815720569	463796799259684
463796815631299	463796832159788	463796816051715
463796843891455	463796856818694	463796844213642
463796848950049	463796865039632	463796849300153
463796865630778	463796881481767	463796878122392
463796882330674	463796897920882	463796882685830
463796907115830	463796922582913	463796907515934
463796915654372	463796930802600	463796916117861
463796932349372	463796947240204	463796935308434
463796948972184	463796963676663	463796951822236
463796973920049	463796988332131	463796974359736
463796982251299	463796996550882	463796982554528
463796998952549	463797012990100	463796999750361
463797015694528	463797029432027	463797015878174
463797040856455	463797054091506	463797041220049
463797049032080	463797062311871	463797049374892
463797065676455	463797078752912	463797067604580
463797082303590	463797095192912	463797082559736
463797111143017	463797128072965	463797111533330
463797115591299	463797136294943	463797115938590
463797132382861	463797144514787	463797132870361
463797149022861	463797160955464	463797154397080
463797174266924	463797185617131	463797174621611
463797182323174	463797193836819	463797182648017
463797198948955	463797210274839	463797199033121
463797215660674	463797226712288	463797216066455
463797246635830	463797259584631	463797247010830
463797248933746	463797267804736	463797249308642
463797265656923	463797276025412	463797265920361
463797282397340	463797300683485	463797282519423
463797307835048	463797325340412	463797308200934
463797315607705	463797333560413	463797315959944
463797332329580	463797350001298	463797332617080
463797357381611	463797374661559	463797357671246
463797365664892	463797382881037	463797365922548
463797382413486	463797399318954	463797382637236
463797407665205	463797423979840	463797408105830
463797415615673	463797432198798	463797415908955
463797432695830	463797448639944	463797433048121
463797457057548	463797473299370	463797457347861
463797465854892	463797481518746	463797466140153
463797482522809	463797497958537	463797482798278
463797499324111	463797514398746	463797501249580
463797528962809	463797547279944	463797529280778
463797532437184	463797555501610	463797532758121
463797549218017	463797563721715	463797549502340
463797565965517	463797580160673	463797570107184
463797590349371	463797604822861	463797590652705
463797599190621	463797613044006	463797599450830
463797615930361	463797629485725	463797616183642
463797632671455	463797645927860	463797638047809
463797656917705	463797670586715	463797657217236
463797665920830	463797678806870	463797666199111
463797682566559	463797695245985	463797682834111
463797699284527	463797711686038	463797700374267
463797723468746	463797736348902	463797723764371
463797732562027	463797744570569	463797732934527
463797749242705	463797761013902	463797749508902
463797766000048	463797777457495	463797769750517
463797789922705	463797802119527	463797790199684
463797799261611	463797810340256	463797799525986
463797815945465	463797826781037	463797823640673
463797840248486	463797851443693	463797840547965
463797849209059	463797859664423	463797849504736
463797865892809	463797884325777	463797866162861
463797889800048	463797900768069	463797890097965
463797899221767	463797917209058	463797899511142
463797915866559	463797933648224	463797916140517
463797932491090	463797950087443	463797941744111
463797956258642	463797966526714	463797956581923
463797965867861	463797982966349	463797966131923
463797982577079	463797999404631	463797982843017
463797999240673	463798015842652	463798000996715
463798022937184	463798040500985	463798023230309
463798032453329	463798048721402	463798032834215
463798049214111	463798065159631	463798049490673
463798065912236	463798081599058	463798071266142
463798089433017	463798106258433	463798089719267
463798099200829	463798114477235	463798099469736
463798115835986	463798130917600	463798116103173
463798132534267	463798147358068	463798133842392
463798155803277	463798172019058	463798156100829
463798165862184	463798180240256	463798166128329
463798182574371	463798196682391	463798191236715
463798205834371	463798221343902	463798206142392
463798215880829	463798229563694	463798216147652
463798232539215	463798246003537	463798232904736
463798249228798	463798262443954	463798252430829
463798272166298	463798287102808	463798272446298
463798282502861	463798295322860	463798282785204
463798299233642	463798311761923	463798299485517
463798315971923	463798328203121	463798318987236
463798339689423	463798352865412	463798340160986
463798349203329	463798361086142	463798349468486
463798365857236	463798385746298	463798381931454
463798382588798	463798393966454	463798382924892
463798408779892	9223372036854775807	463798409068954
463798415928642	9223372036854775807	463798416257704

POLL t=78.4 tick=2216
8333333
463806225042858	463806236554472	463806225413014
463806233950201	463806244775826	463806234223170
463806250605201	463806261219003	463806250870045
463806267294420	463806277659055	463806277481399
463806291753639	463806302321764	463806292047389
463806300590045	463806310543638	463806300893326
463806317271087	463806335207284	463806317544733
463806334003430	463806351649420	463806336184420
463806358204889	463806376313743	463806358485305
463806367268743	463806384536346	463806367630201
463806383990149	463806400979523	463806384437545
463806400645201	463806417422701	463806412395201
463806425440357	463806442081659	463806425746451
463806433957857	463806450300773	463806434251555
463806450627545	463806466740513	463806450903014
463806467341295	463806483181815	463806474764055
463806491570982	463806507842389	463806491864420
463806500633014	463806516063430	463806500894576
463806517299576	463806532502700	463806517561555
463806534031295	463806548939732	463806534082232
463806561246139	463806573596190	463806561649264
463806567325618	463806581815565	463806567706451
463806584071764	463806598253846	463806584502076
463806600662337	463806614695721	463806605066764
463806625200826	463806639356816	463806625554576
463806633884264	463806647575670	463806634175201
463806650590930	463806664015357	463806650873795
463806667356295	463806680458534	463806677374576
463806691964837	463806705120514	463806692245618
463806700625357	463806713342024	463806700903326
463806717310670	463806729785097	463806717583587
463806734069732	463806746227805	463806736419420
463806758191712	463806770886034	463806758494368
463806767336451	463806779105618	463806767705826
463806784077389	463806795544523	463806784432857
463806800671139	463806811985930	463806808399889
463806824890201	463806836648846	463806825201555
463806834018118	463806844870513	463806834291295
463806850675357	463806869534263	463806867701295
463806867738795	463806885975565	463806867780357
463806894651607	463806910639888	463806894942232
463806900974889	463806918862857	463806901282389
463806917316451	463806935309054	463806930166086
463806942486555	463806959974888	463806942824368
463806950702336	463806968197284	463806951002389
463806967325357	463806984640826	463806967599107
463806983988639	463807001084002	463806995906243
463807008810201	463807025746711	463807009055357
463807017335618	463807033967909	463807017617545
463807034107389	463807050407805	463807034270201
463807050719264	463807066849159	463807053625514
463807080030618	463807091511607	463807080409524
463807083996399	463807099732336	463807084355618
463807100733013	463807116174627	463807101068638
463807117369576	463807132612231	463807124151086
463807142579263	463807157273221	463807142947232
463807150683274	463807165492909	463807150957388
463807167319576	463807181934315	463807167595930
463807184079211	463807198375878	463807185897857
463807208648951	463807223036867	463807209059211
463807217365982	463807231257388	463807217627024
463807233998013	463807247695617	463807234273638
463807250723795	463807264134523	463807253859836
463807275643951	463807288788482	463807275945305
463807283991607	463807297007024	463807284302701
463807300714576	463807313444576	463807300973170
463807317417336	463807329883794	463807322167024
463807341957493	463807354543690	463807342239888
463807350717545	463807362764419	463807351013430
463807367417701	463807379203534	463807367690357
463807384240826	463807395642856	463807384345826
463807408864680	463807420304159	463807409149732
463807417414576	463807428525044	463807417680201
463807434080982	463807444963117	463807444563638
463807458780826	463807469620773	463807459062857
463807467426451	463807477840773	463807467695826
463807484083430	463807502502388	463807499862388
463807500787076	463807518944940	463807501077076
463807526735513	463807543609523	463807527026607
463807534168638	463807551830721	463807534480201
463807550795201	463807568273377	463807559841086
463807576180930	463807592933951	463807576492076
463807584170982	463807601154575	463807584447492
463807600855201	463807617595148	463807601131711
463807617404367	463807634034627	463807617733013
463807648966920	463807666913950	463807649149211
463807650783170	463807675134211	463807651120045
463807667426763	463807683355357	463807667724524
463807684169263	463807699798377	463807687146399
463807710108638	463807724463482	463807710443482
463807717495357	463807732687075	463807717830669
463807734139888	463807749131398	463807734409107
463807750872805	463807765573794	463807758030982
463807775464524	463807790239992	463807775864263
463807784243482	463807798461086	463807784510617
463807800823951	463807814900252	463807801088326
463807817554836	463807831340096	463807819449524
463807843542388	463807856001242	463807843897388
463807850786242	463807864221502	463807851140826
463807867462232	463807880661763	463807867727701
463807884203794	463807897100877	463807890201711
463807908545201	463807921763533	463807908827805
463807917456294	463807929984575	463807917722701
463807934135461	463807954647387	463807948867701
463807950777961	463807962868742	463807951075201
463807981676294	463807995753273	463807982055669
463807984113586	463808003974367	463807984454576
463808000761138	463808012194367	463808010601763
463808025207336	463808036857648	463808025509419
463808034093326	463808045079106	463808034380930
463808050766451	463808069744836	463808066994367
463808067477701	463808077966919	463808067639576
463808093153013	463808110851711	463808093445149
463808100756763	463808119072544	463808101144107
463808117386919	463808135513533	463808127563482
463808141818899	463808151955877	463808142114107
463808150755826	463808168396867	463808151031867
463808167409367	463808184836138	463808167681763
463808184152805	463808201278533	463808186855826
463808208407701	463808225943898	463808208780305
463808217454055	463808234165148	463808217722023
463808234474107	463808250605826	463808234633794
463808250942701	463808267047023	463808252143794
463808275916398	463808291707700	463808276276451
463808284196138	463808299927961	463808284631763
463808300959419	463808316365930	463808301212232
463808317579107	463808332805461	463808326041763

POLL t=90.0 tick=2372
8333333
463817786452697	463817802110041	463817786756916
463817803163426	463817818552540	463817803441291
463817819908166	463817834995561	463817823106916
463817844101134	463817859656915	463817844482697
463817853111134	463817867877279	463817853410770
463817869858895	463817884318478	463817870126395
463817886524989	463817900761082	463817892364884
463817912032176	463817925425404	463817912380822
463817919870301	463817933646707	463817920209832
463817936510301	463817950086916	463817936781603
463817953195822	463817966527852	463817953620978
463817981139884	463817999410353	463817981441863
463817986434884	463818007632384	463817986795770
463818003193270	463818015855040	463818003526916
463818019848947	463818032300456	463818020205978
463818045236863	463818056966446	463818045588791
463818053179572	463818065188322	463818053588738
463818069890822	463818081632749	463818070229259
463818086516447	463818098073373	463818093851134
463818111761134	463818122732592	463818112100041
463818119867176	463818130952749	463818120119988
463818136534259	463818147394050	463818136798270
463818153211603	463818163835509	463818153718426
463818178091551	463818188502800	463818178385509
463818186514363	463818204946707	463818186786603
463818203198738	463818221387696	463818213044884
463818227653738	463818237831238	463818227956290
463818236518478	463818254270873	463818236797384
463818253219832	463818270713321	463818267469884
463818269925353	463818287156498	463818270255040
463818299781759	463818311819050	463818300137020
463818303163895	463818320037800	463818303543270
463818319892697	463818336479206	463818320405978
463818336606915	463818352919728	463818337401759
463818363335978	463818377579728	463818363671759
463818371070197	463818385800092	463818371396395
463818387779415	463818402239467	463818388055978
463818404426759	463818418678165	463818409648009
463818428913947	463818443332592	463818429188426
463818437726134	463818451550769	463818438012697
463818454402020	463818476205561	463818469785613
463818471039572	463818484425561	463818471353009
463818495480613	463818509086498	463818495786551
463818504391238	463818517308112	463818504658270
463818521049103	463818533752852	463818528903634
463818545535822	463818558417488	463818545828738
463818554376238	463818566639310	463818554648790
463818571037540	463818591299259	463818586133322
463818587716134	463818599519519	463818588063634
463818616868009	463818632404936	463818617173947
463818621039520	463818640627019	463818621414520
463818637704676	463818648848842	463818648580769
463818664741238	463818681732124	463818665058738
463818671072332	463818689952801	463818671411290
463818687734884	463818698172696	463818688010301
463818704415926	463818714617176	463818712107644
463818729233947	463818739284623	463818729532176
463818737730301	463818755727905	463818738005040
463818754393009	463818772169831	463818754666238
463818771072384	463818788610561	463818772450197
463818795612072	463818813271446	463818795890978
463818804403634	463818821490977	463818804722072
463818821072384	463818837930353	463818821427853
463818837742957	463818854367800	463818844721915
463818862131446	463818879023009	463818862426551
463818871014415	463818887242383	463818871290509
463818887712801	463818903682018	463818902744571
463818904380196	463818920121759	463818904739103
463818930106082	463818944781967	463818930471238
463818937738113	463818953002852	463818938083894
463818954419259	463818969442696	463818954754363
463818971060509	463818985879258	463818985117696
463818987791082	463819002317071	463818988181759
463819018742540	463819035196759	463819019110301
463819021035457	463819043417852	463819021377071
463819037740665	463819051639311	463819038015196
463819062800144	463819076304310	463819063141290
463819071079415	463819084525977	463819071357019
463819087747957	463819100968268	463819088040301
463819104439415	463819117413529	463819106973113
463819129136134	463819142078008	463819129423478
463819137748478	463819150298634	463819138019415
463819154462801	463819166737123	463819162516446
463819178926082	463819191393477	463819179207696
463819187779051	463819199613321	463819188184363
463819204492384	463819216054206	463819204767176
463819221179415	463819232495248	463819224405353
463819246553165	463819257154363	463819246905196
463819254470040	463819265375039	463819254732071
463819271114728	463819290037019	463819287547696
463819287905821	463819298256393	463819287963009
463819317293634	463819331135352	463819317677071
463819321119884	463819339355092	463819322328321
463819337831446	463819355794571	463819338112957
463819354613946	463819372233112	463819354671759
463819378793946	463819388670821	463819379090144
463819387754103	463819405109102	463819388048269
463819404515978	463819421548008	463819412660040
463819429124103	463819446206498	463819429415353
463819437791134	463819454426966	463819438059415
463819454510665	463819470866758	463819469443790
463819471185196	463819487305769	463819471525665
463819499783582	463819511962227	463819500095353
463819504449207	463819520181238	463819504808946
463819521168946	463819536619259	463819521653425
463819537751082	463819553055717	463819538092540
463819562137071	463819577716290	463819562433165
463819571087800	463819585935195	463819571357540
463819587835352	463819602374206	463819588126446
463819604494415	463819618812487	463819610610977
463819628767696	463819643470248	463819629073269
463819637778634	463819651689675	463819638097071
463819654497852	463819676350561	463819669693165
463819671111238	463819684571811	463819671414050
463819701910977	463819717454415	463819702240352
463819704399102	463819725674154	463819704724727
463819721030665	463819733893894	463819721472852
463819737793894	463819750333060	463819738106759
463819765529519	463819783204883	463819765832488
463819771073477	463819791422227	463819771406759
463819787719207	463819799639622	463819788106602
463819804478009	463819816074883	463819807088113
463819829410821	463819840733373	463819829699363
463819837750300	463819848952383	463819838063269
463819854457071	463819865389310	463819862525457
463819878628582	463819890045404	463819878925040
463819887792852	463819898264258	463819888085196

POLL t=101.6 tick=2617
8333333
463829354702849	463829367424463	463829355210505
463829371406078	463829383864254	463829379704099
463829394232849	463829408520192	463829394513265
463829404749359	463829416739255	463829405058317
463829421427484	463829433180452	463829421682640
463829438087953	463829449618525	463829438454515
463829461521442	463829474275973	463829461870192
463829471389672	463829482494724	463829471754047
463829488160140	463829498934411	463829488436442
463829504792380	463829515372692	463829509599099
463829527329567	463829540031546	463829527638317
463829538060974	463829556471598	463829538339880
463829554760349	463829572909879	463829567920817
463829571433890	463829589346389	463829571815974
463829597294724	463829614002848	463829597624567
463829604735974	463829622221963	463829605106390
463829621444515	463829638661129	463829632921442
463829646520661	463829663320244	463829646878422
463829654910661	463829671539828	463829655230453
463829671445922	463829687981286	463829671808890
463829688181078	463829704422327	463829694228474
463829710581234	463829720860869	463829710869567
463829721442380	463829737296338	463829721709724
463829738097067	463829753733057	463829749988630
463829754789255	463829770170505	463829755181911
463829781047849	463829794826025	463829781421442
463829788169880	463829803044462	463829788492640
463829804760661	463829819482119	463829814117067
463829827498421	463829844137171	463829827820765
463829838102484	463829852354567	463829838457640
463829854744671	463829868791599	463829855016286
463829871443578	463829885229879	463829873687224
463829893988265	463829909881338	463829894286442
463829904771599	463829918098369	463829905037224
463829921430817	463829934532588	463829934064203
463829938106755	463829950968682	463829938445296
463829962481390	463829975623629	463829962814828
463829971451130	463829983840817	463829971708109
463829988155192	463830000280504	463829993275661
463830010561078	463830024938212	463830010856598
463830021436130	463830033157275	463830021704411
463830038100036	463830049593993	463830049256442
463830061315661	463830074247484	463830061606442
463830071432380	463830082466859	463830071697796
463830088106286	463830107122327	463830101672223
463830104764359	463830115338994	463830105072692
463830131317328	463830148204619	463830131624723
463830138110661	463830156421442	463830138493317
463830154801130	463830172856598	463830155165765
463830177790973	463830189290556	463830178148317
463830188173473	463830205725452	463830188487848
463830204755140	463830222162275	463830205043942
463830221444255	463830238599202	463830229825453
463830244276598	463830255035765	463830244642484
463830254787067	463830271470400	463830255059255
463830271450036	463830287905869	463830271808630
463830288220348	463830304340921	463830288886390
463830313016390	463830328993369	463830313303578
463830321507848	463830337211077	463830321851286
463830338132640	463830353648265	463830342104828
463830361352380	463830378301545	463830361640140
463830371525036	463830386518473	463830371792380
463830388239723	463830402950973	463830400616234
463830404818578	463830419382535	463830405172848
463830430230348	463830444030296	463830430515036
463830438183942	463830452247588	463830438526755
463830454869098	463830468680973	463830461549098
463830477620296	463830493332119	463830477917171
463830488207848	463830501550348	463830488482536
463830504889515	463830517984983	463830515982848
463830527965973	463830542637327	463830528344255
463830538154723	463830550855088	463830538491234
463830554900296	463830567290556	463830555166911
463830571558421	463830583726494	463830571873942
463830596545348	463830608380140	463830596823577
463830604923161	463830616597379	463830605262015
463830621547952	463830633033317	463830626911130
463830644449098	463830657687014	463830644733786
463830654980192	463830665904723	463830655262171
463830671534723	463830690555139	463830686941911
463830689728734	463830706991025	463830690026598
463830714834254	463830731645088	463830715126129
463830722799723	463830739862743	463830723077171
463830739524515	463830756298108	463830744212536
463830763298161	463830780946806	463830763646338
463830772886077	463830789162119	463830773146442
463830789454879	463830805595817	463830789727640
463830806211442	463830822027796	463830806553629
463830828670973	463830846677743	463830828964723
463830839468161	463830854895504	463830839737379
463830856192327	463830871329879	463830861281390
463830878840973	463830895982483	463830879127171
463830889459411	463830904200400	463830889739567
463830906158161	463830928852535	463830921017952
463830922875452	463830937069254	463830923208161
463830948906911	463830961726546	463830949202952
463830956218161	463830969946025	463830956516754
463830972833942	463830986381754	463830983674254
463830995926702	463831011035452	463830996210452
463831006144202	463831019253941	463831006425452
463831022812640	463831035692327	463831023069879
463831039509567	463831052127483	463831039800765
463831065516911	463831076777951	463831065839202
463831072759098	463831084995348	463831073031911
463831089500140	463831101429358	463831095919723
463831114450608	463831126082275	463831114752015
463831122784515	463831134299619	463831123099983
463831139463629	463831150733733	463831139731286
463831156150817	463831167169671	463831156446442
463831183870348	463831200043004	463831184159671
463831189459254	463831208262067	463831189801598
463831206112848	463831224697639	463831208750817
463831231979879	463831249351389	463831232287536
463831239374827	463831257569202	463831239699879
463831256215504	463831274004671	463831256477692
463831272798890	463831290438160	463831276934411
463831295524827	463831306872743	463831295816077
463831306087171	463831323307431	463831306365504
463831322757223	463831339745817	463831336543265
463831339454098	463831356183681	463831339749098
463831366335973	463831380839722	463831366638785
463831372743004	463831389056545	463831373063421
463831389509202	463831405492326	463831389809567
463831414742535	463831430146285	463831415058421
463831423047900	463831438363890	463831423289254
463831439569098	463831454795191	463831439841285
463831456205452	463831471228317	463831464564254

POLL t=112.9 tick=2789
8333333
463840697740761	463840709469042	463840698030969
463840707427844	463840717689042	463840707705969
463840724101438	463840742348678	463840737913886
463840740786855	463840758787479	463840741137376
463840768097376	463840783442428	463840768482688
463840774172011	463840791662271	463840774548157
463840790712792	463840808101907	463840796327532
463840813624407	463840824543157	463840813920969
463840824083626	463840840981699	463840824357063
463840840747376	463840857420188	463840854154563
463840864445761	463840882077323	463840864728626
463840874100292	463840890296177	463840874381542
463840890740657	463840914951542	463840908368313
463840907703469	463840923170657	463840908386438
463840930393261	463840947826854	463840930677844
463840940779823	463840956045969	463840941058938
463840957468938	463840972481698	463840963336594
463840980200344	463840997136698	463840980503313
463840990778938	463841005356021	463840991057219
463841007444980	463841021794771	463841020852167
463841030822219	463841046452219	463841031186126
463841040748313	463841054671282	463841041025917
463841057430657	463841079332896	463841072485032
463841074111126	463841087553781	463841074464407
463841097901282	463841112214876	463841098206282
463841107451907	463841120435396	463841107722532
463841124157011	463841136875396	463841130430032
463841146865032	463841161535031	463841147154719
463841157447948	463841169754771	463841157724719
463841174110917	463841194411854	463841187749407
463841190812532	463841202632739	463841191157792
463841217558886	463841235509145	463841217838938
463841224117948	463841243728886	463841224496698
463841240808730	463841251949562	463841246603313
463841263578261	463841276608469	463841263874980
463841274124250	463841284828625	463841274404198
463841290779823	463841309491333	463841306868000
463841307506907	463841317712896	463841307924563
463841331785813	463841342375865	463841332080500
463841340806386	463841358818834	463841341072167
463841357470292	463841375262584	463841365644980
463841380518625	463841391703625	463841380794563
463841390798938	463841408145291	463841391075657
463841407449667	463841424586281	463841421843313
463841424118157	463841441026438	463841424475188
463841450836907	463841465686385	463841451127532
463841457427219	463841473906334	463841457761855
463841474121073	463841490346177	463841487403000
463841490768157	463841506787948	463841491092844
463841517821073	463841531451281	463841518117636
463841524180500	463841539672688	463841524505032
463841540838938	463841556113052	463841553607688
463841557505292	463841572553833	463841557811073
463841580735657	463841597214614	463841581041594
463841590776438	463841605435031	463841591082844
463841607506229	463841621872687	463841607871282
463841624290969	463841638307636	463841630397219
463841646996438	463841662967063	463841647285657
463841657491698	463841671187062	463841657779719
463841674153938	463841695844510	463841687663938
463841690831698	463841704064198	463841691231907
463841716321282	463841728723156	463841716634094
463841724145657	463841736942271	463841724507688
463841740846073	463841761596959	463841755470969
463841757526907	463841769816386	463841757860761
463841784231125	463841794474562	463841784570500
463841790793781	463841802694927	463841791162063
463841807519823	463841827357375	463841820450031
463841824182375	463841835579145	463841824536386
463841847219563	463841860241125	463841847514250
463841857520604	463841868460865	463841857792792
463841874200344	463841884901437	463841880150344
463841896889667	463841909559354	463841897189354
463841907479563	463841917777999	463841907858625
463841924218000	463841942435083	463841937591073
463841940908000	463841958873677	463841941226906
463841967382063	463841983531802	463841967654511
463841974202063	463841991751594	463841974542323
463841990876125	463842008186438	463842002353573
463842014300813	463842024625135	463842014658313
463842024319719	463842041061593	463842024577844
463842040912688	463842057498572	463842041170188
463842057568573	463842073935760	463842062199719
463842080363313	463842098590812	463842080722011
463842090821125	463842106810031	463842091113000
463842107591073	463842123246698	463842108099250
463842124205500	463842139682844	463842129734823
463842146790969	463842164342010	463842147088156
463842157579406	463842172561854	463842157847167
463842174219094	463842197218729	463842189344511
463842190909094	463842205438833	463842191215292
463842216536698	463842230096229	463842216885813
463842224340448	463842238315552	463842224581854
463842241042063	463842254755864	463842249387063
463842263487063	463842279416697	463842263795448
463842274263573	463842287637583	463842274545813
463842290962167	463842304077687	463842291221438
463842307529042	463842320518364	463842312144406
463842330734510	463842345177427	463842331090031
463842340944042	463842353396853	463842341229875
463842357646125	463842369834562	463842357882063
463842374352219	463842386273156	463842375540031
463842396971281	463842410932895	463842397245813
463842407546698	463842419152427	463842407910344
463842424330292	463842435591385	463842430156281
463842446916542	463842460249406	463842447212948
463842457568573	463842468469614	463842457857948
463842474314094	463842493128989	463842491781750
463842491272531	463842501348312	463842491853000
463842513470969	463842526005655	463842513757062
463842524257062	463842542443937	463842524522219
463842540959406	463842558879406	463842547244562
463842563620187	463842575313156	463842563885969
463842574197375	463842591748572	463842574479094
463842590859562	463842608182843	463842604262479
463842607581437	463842624616958	463842607939875
463842633548937	463842649270395	463842633849250
463842640880292	463842657487478	463842641287219
463842657603573	463842673922322	463842664748625
463842680474094	463842698575968	463842680804719
463842690866073	463842706794301	463842691155969
463842707533000	463842723233156	463842722694979
463842724229979	463842739671333	463842724495344
463842752632844	463842764329666	463842752942635
463842757629875	463842772548625	463842757937062
463842780705969	463842797204405	463842781025187
463842790923104	463842805424094	463842791189875

POLL t=124.6 tick=2955
8333333
463852691580027	463852708827892	463852692332475
463852714773777	463852725267422	463852715074506
463852724934194	463852741704037	463852725212996
463852741596277	463852758140183	463852749397684
463852764500809	463852782795652	463852764807684
463852774896902	463852791015079	463852775169819
463852791536121	463852807452631	463852802164350
463852815394194	463852832107892	463852815809871
463852824872527	463852840327423	463852825151746
463852841549090	463852856765652	463852855551590
463852858277215	463852873203621	463852858652788
463852884690809	463852897858881	463852884992059
463852891536277	463852906077058	463852891899975
463852908350184	463852922513308	463852920138256
463852931528777	463852947169714	463852931845183
463852941633308	463852955390495	463852942090131
463852958282788	463852971831225	463852958552996
463852974937215	463852988269350	463852981480913
463852997907527	463853012926642	463852998197944
463853008259819	463853021146068	463853008535496
463853024885340	463853037582579	463853035771225
463853049447996	463853062239298	463853049735808
463853058225496	463853070456902	463853058494402
463853074874506	463853095111068	463853088050340
463853091623308	463853103328881	463853091947527
463853118827006	463853136198672	463853119126433
463853124864038	463853144416120	463853125187683
463853141586902	463853152633464	463853142024663
463853165103725	463853177285599	463853165417371
463853174941381	463853185503412	463853175209506
463853191598569	463853210151381	463853191865756
463853208337631	463853226584298	463853209011121
463853232868569	463853243019558	463853233156381
463853241563933	463853259455183	463853241933933
463853258304090	463853275890183	463853261621902
463853281219975	463853292328673	463853281501277
463853291619558	463853308766954	463853291863933
463853308281277	463853325203933	463853311706590
463853331750444	463853349858985	463853332105340
463853341585027	463853358077683	463853342065027
463853358288152	463853374514714	463853358645131
463853374942058	463853390952110	463853383106590
463853397877058	463853415610287	463853398171590
463853408325808	463853423830912	463853408666225
463853424945912	463853440271121	463853425237840
463853441638308	463853456709922	463853441766902
463853466993725	463853481368724	463853467283777
463853474948465	463853489586537	463853475283933
463853491626590	463853506025391	463853495927215
463853514351537	463853530684870	463853514639975
463853524939558	463853538905860	463853525211746
463853541590340	463853563565183	463853556163725
463853558262631	463853571784871	463853558617058
463853584364715	463853596441589	463853584664194
463853591561589	463853604660860	463853591910183
463853608277527	463853621097058	463853612530131
463853631090027	463853645752630	463853631397475
463853641603933	463853653971954	463853641791277
463853658257319	463853678628516	463853672046746
463853674928725	463853686847943	463853675289871
463853701110444	463853711502839	463853701492110
463853708222683	463853719720651	463853708633412
463853724954871	463853744377683	463853737220027
463853750439350	463853760813777	463853750761902
463853758360964	463853769031276	463853758696589
463853774990131	463853785467162	463853775254871
463853791726225	463853801906120	463853798209350
463853815024819	463853826560912	463853815365131
463853824970444	463853842999714	463853825238621
463853841623152	463853859437996	463853858178308
463853858334558	463853875876901	463853858413152
463853882921746	463853900534870	463853883211694
463853891631225	463853908753777	463853891930444
463853908460600	463853925193672	463853914794975
463853931092319	463853941634974	463853931389246
463853941634246	463853958073047	463853942071277
463853958325964	463853974510495	463853971430756
463853975016902	463853990948256	463853975312527
463854002612631	463854015603672	463854002903881
463854008305444	463854023823307	463854008604871
463854025050339	463854040260756	463854026874818
463854049302943	463854064919974	463854049589975
463854058371433	463854073139609	463854058639089
463854075066902	463854089577474	463854079806589
463854097886746	463854114234297	463854098183308
463854108365027	463854122452006	463854108665912
463854125099871	463854147107266	463854139722943
463854141731433	463854155325026	463854142025496
463854168436121	463854179977631	463854168755027
463854175036850	463854188196797	463854175343464
463854191751068	463854204634453	463854201529402
463854214569506	463854229290234	463854214861902
463854225018568	463854237508464	463854225286277
463854241704870	463854262164506	463854256223568
463854258455964	463854270382787	463854258736902
463854285545131	463854303254817	463854285877839
463854291604089	463854311472474	463854291912162
463854308392943	463854327909505	463854320313620
463854331484037	463854344347005	463854331870183
463854341719037	463854352566381	463854342062006
463854358314193	463854369005183	463854358702006
463854375108620	463854385445964	463854381771537
463854397752318	463854410103672	463854398033308
463854408389870	463854418322214	463854408640131
463854424991277	463854442977995	463854436056068
463854448622995	463854459415912	463854448913568
463854458308152	463854475854558	463854458570495
463854475009193	463854492292370	463854486543152
463854497929402	463854508728568	463854498242058
463854508401120	463854525168047	463854508668881
463854524999245	463854541603620	463854525300964
463854541821589	463854558043047	463854545826277
463854564315756	463854582701484	463854564701745
463854574955495	463854590919453	463854575232839
463854591628933	463854607356693	463854604214662
463854608302995	463854623793932	463854608650495
463854635794037	463854648450495	463854636071589
463854641663256	463854656669974	463854642035600
463854658315339	463854673109870	463854658803308
463854674940183	463854689548984	463854675314402
463854697711902	463854714206172	463854698007214
463854708549349	463854722424297	463854708820964
463854725077370	463854738862057	463854725339506
463854741692370	463854755303255	463854742206277
463854767362474	463854779962838	463854767642995
463854775078464	463854788182370	463854775420027
463854791716120	463854804620964	463854796068568

POLL t=134.7 tick=3123
8333333
463862686628774	463862702678356	463862686919242
463862692805649	463862710896794	463862693180753
463862709455180	463862727332679	463862711788149
463862731970805	463862743768305	463862732260492
463862742807211	463862760201013	463862743092055
463862759471274	463862776637471	463862771814867
463862776216065	463862793074606	463862776860805
463862801666065	463862817731325	463862802037367
463862809437055	463862825950075	463862809778617
463862826185961	463862842385700	463862837744867
463862849422367	463862867043616	463862849707836
463862859464555	463862875262106	463862859731117
463862876146690	463862891696481	463862889659086
463862892805648	463862908134555	463862893157784
463862919351898	463862932788773	463862919645492
463862926125128	463862941007523	463862926507315
463862942764398	463862957444971	463862946024190
463862965391273	463862982102940	463862965703930
463862976148617	463862990322992	463862976521690
463862992779711	463863006763512	463863003253409
463863016341586	463863031420023	463863016609398
463863026085805	463863039639294	463863026377784
463863042755805	463863056077211	463863043033930
463863059503930	463863072514346	463863059859346
463863085237784	463863097168981	463863085537992
463863092841378	463863105389085	463863093206430
463863109480336	463863121824867	463863116663930
463863132251065	463863146476325	463863132541273
463863142816846	463863154694293	463863143089086
463863159448721	463863179346793	463863171337211
463863182582471	463863195780127	463863182947680
463863192812992	463863203997939	463863193086430
463863209491430	463863228649971	463863221872367
463863232783773	463863245086898	463863233064555
463863242841430	463863253305700	463863243113148
463863259640440	463863269743669	463863259924398
463863276298096	463863294399449	463863276829346
463863301390127	463863319054867	463863301686273
463863309635492	463863327272888	463863309937055
463863326296273	463863343709398	463863328181586
463863348920440	463863360146430	463863349211586
463863359628461	463863376584086	463863359926898
463863376300284	463863393020179	463863389647159
463863392981534	463863409457315	463863393289086
463863418249502	463863434106169	463863418527367
463863426269034	463863442323512	463863426576898
463863443058565	463863458758512	463863454511534
463863465728304	463863483409033	463863466011586
463863476310596	463863491625127	463863476682367
463863492970961	463863508058408	463863503494554
463863516568877	463863532709762	463863516847679
463863526313773	463863540926429	463863526562159
463863542942784	463863557360388	463863555530127
463863566129711	463863582010543	463863566486273
463863576261742	463863590228929	463863576556742
463863592974190	463863606667106	463863604227211
463863616150752	463863631319970	463863616440127
463863626263096	463863639537262	463863626540961
463863642965804	463863664191117	463863655946377
463863659676742	463863672410492	463863659984502
463863686665179	463863697063825	463863687031690
463863692932211	463863705282366	463863693318929
463863709664190	463863721720856	463863718667836
463863734614242	463863746376169	463863734931221
463863743003304	463863754595127	463863743338304
463863759616742	463863771034762	463863759897211
463863776390492	463863787471324	463863779441273
463863800569971	463863812124085	463863800950909
463863809613096	463863820342731	463863809894711
463863826301221	463863836779867	463863826596898
463863843036429	463863853216012	463863843432471
463863866587158	463863877872679	463863866872783
463863876366586	463863894312315	463863876640179
463863893070804	463863910752679	463863895703148
463863915774867	463863927192574	463863916125440
463863926354086	463863943633929	463863926661533
463863943028304	463863960072991	463863943293773
463863959799033	463863976513460	463863960375961
463863983992940	463864001173252	463863984302679
463863993094398	463864009391689	463863993313096
463864009834346	463864025829449	463864013069658
463864033122627	463864050487887	463864033465492
463864042995023	463864058706325	463864043288252
463864059748252	463864075144502	463864059995648
463864076448460	463864091582418	463864076665648
463864100516221	463864116241741	463864100818096
463864109667523	463864124460647	463864109956898
463864126390804	463864140901220	463864126659190
463864143173877	463864157338929	463864145412367
463864165947940	463864181998616	463864166233773
463864176348148	463864190217991	463864176627523
463864193047054	463864206658095	463864196770648
463864218301429	463864231315856	463864218603773
463864226448148	463864239534137	463864226783877
463864243053929	463864255972574	463864246759502
463864266725127	463864280625491	463864267076690
463864276466742	463864288843043	463864276760596
463864293075752	463864305277887	463864293425179
463864309860492	463864321715804	463864309891898
463864333227783	463864346373616	463864333602627
463864343011742	463864354593147	463864343294971
463864359730023	463864371035596	463864360030752
463864376471533	463864387475856	463864377334033
463864401610648	463864412134397	463864401928929
463864409693148	463864420354449	463864409992992
463864426419867	463864436793199	463864426708721
463864443013148	463864453230960	463864450328617
463864465962679	463864477886898	463864466236742
463864476347992	463864494324241	463864476641585
463864493070648	463864510757157	463864504493929
463864516521221	463864527190491	463864516802314
463864526370283	463864543621585	463864526636898
463864543033773	463864560056429	463864558288408
463864559695648	463864576491532	463864560041742
463864586727627	463864601144553	463864587007992
463864593038773	463864609362523	463864593394189
463864609723460	463864625801116	463864610045960
463864626361429	463864642238564	463864626714242
463864649609346	463864666896168	463864649965648
463864659675960	463864675113929	463864659967523
463864676326898	463864691547574	463864690478929
463864693009189	463864707985075	463864693353564
463864721831533	463864732641116	463864722122992
463864726361117	463864740859710	463864726709867
463864743085179	463864757296377	463864743430335
463864770556741	463864781952157	463864770838773
463864776418616	463864790170334	463864776840960

POLL t=146.6 tick=3376
8333333
463874476650748	463874489369550	463874476935436
463874493363457	463874505808248	463874493819238
463874517718457	463874530463821	463874518061269
463874526626269	463874538682519	463874526934811
463874543352519	463874555120800	463874543618873
463874560052779	463874571559654	463874563288613
463874582552519	463874596216945	463874582861269
463874593352675	463874604434133	463874593617675
463874610009394	463874629084758	463874621121581
463874632805019	463874645520175	463874633109394
463874643361686	463874653739029	463874643624811
463874660086998	463874678397467	463874674836217
463874676684238	463874694834966	463874677041686
463874702129811	463874719489238	463874702491373
463874709977623	463874727704966	463874710250644
463874726701738	463874744138456	463874730830644
463874749540175	463874760576841	463874749905019
463874759996113	463874777015383	463874760307936
463874776651581	463874793451737	463874790207363
463874793376269	463874809887935	463874793783821
463874817371842	463874834542518	463874817666269
463874826638613	463874842760383	463874826921894
463874843315436	463874859196737	463874848232519
463874865786373	463874875631633	463874866102519
463874876658717	463874892068665	463874876970175
463874893349238	463874916725956	463874908393300
463874910018404	463874924945487	463874910337831
463874935350175	463874949604394	463874935645279
463874943363561	463874957824550	463874943677050
463874960045800	463874974264081	463874965123092
463874982425175	463874998923977	463874982716581
463874993351581	463875007143144	463874993618404
463875010016738	463875023581164	463875021465800
463875032944863	463875048239810	463875033229654
463875043357623	463875056458768	463875043642988
463875060036529	463875081116737	463875075659706
463875076677988	463875089337206	463875077041217
463875101895488	463875113997518	463875102180488
463875109994498	463875122217362	463875110360800
463875126678404	463875138655383	463875131758300
463875149376113	463875163313612	463875149662675
463875160062363	463875171533613	463875160282675
463875176697988	463875196192623	463875188468300
463875199733613	463875212631737	463875200116425
463875209984394	463875220851893	463875210268560
463875226640279	463875245507987	463875242122623
463875243360956	463875253727518	463875243736217
463875268722206	463875286602049	463875269110123
463875276647519	463875294821476	463875276910019
463875293324081	463875311260435	463875296936425
463875316870019	463875327698716	463875317231737
463875326643300	463875344136685	463875326917206
463875343305435	463875360573717	463875357968248
463875359970748	463875377012883	463875360533873
463875382681737	463875393452883	463875382960019
463875393388769	463875409889914	463875393653456
463875410073456	463875426328716	463875414769862
463875432546269	463875442770175	463875432850175
463875443433873	463875459207726	463875443736737
463875460092519	463875475647883	463875473560592
463875476716112	463875492088195	463875477046373
463875503169394	463875516749341	463875503442519
463875510039029	463875524968612	463875510389550
463875526686269	463875541408664	463875530448769
463875549378925	463875566066945	463875549734081
463875559988612	463875574286268	463875560279081
463875576705748	463875590723716	463875588380592
463875599870487	463875615381893	463875600235019
463875610023925	463875623601008	463875610314550
463875626727935	463875640038248	463875627114862
463875643496425	463875656473456	463875643587831
463875667562362	463875681131477	463875667864394
463875676732362	463875689351216	463875677080956
463875693423873	463875705790747	463875697917831
463875716050748	463875730448403	463875716290123
463875726713456	463875738667414	463875727074029
463875743423404	463875755104706	463875747160279
463875765824029	463875779759341	463875766108560
463875776729966	463875787979237	463875776999810
463875793421373	463875812635018	463875805887362
463875810063248	463875820852675	463875810383144
463875833571112	463875845504497	463875833867831
463875843419081	463875853722935	463875843687206
463875860218873	463875878376893	463875865600279
463875882507987	463875894812206	463875882794498
463875893383768	463875911248560	463875893668143
463875910079862	463875927687102	463875922601529
463875926791060	463875944127883	463875927137154
463875956118925	463875968786737	463875956407831
463875960159706	463875977004809	463875960489810
463875976787050	463875993440799	463875982635331
463875999250591	463876009880434	463875999544393
463876010083456	463876026319184	463876010351060
463876026739393	463876042754236	463876039243143
463876048646268	463876059189965	463876048951893
463876060172675	463876075624445	463876060483248
463876076707518	463876092061007	463876076985643
463876093543664	463876108500227	463876103607935
463876116309029	463876133158143	463876116593300
463876126761268	463876141377257	463876127117206
463876143421216	463876166034341	463876158033612
463876160096425	463876174253351	463876160392206
463876183484550	463876198909550	463876183783873
463876193396581	463876207128247	463876193660018
463876210126841	463876223565122	463876214482310
463876232831737	463876248222309	463876233129706
463876243399393	463876256441476	463876243671216
463876260111425	463876272878300	463876272094550
463876282763091	463876297535956	463876283053143
463876293384810	463876305755122	463876293650643
463876310051112	463876322192466	463876310319706
463876326728300	463876338631268	463876331736737
463876349594081	463876363290174	463876349884966
463876360105435	463876371509237	463876360375487
463876376740956	463876396166840	463876388604393
463876399952362	463876412604757	463876400327310
463876410026893	463876420824341	463876410297622
463876426751997	463876445478977	463876442722987
463876443396268	463876453695955	463876443778456
463876468699237	463876486564966	463876468988143
463876476712206	463876494781424	463876477027206
463876493374862	463876511215226	463876497571112
463876516373768	463876527648195	463876516656112
463876526734810	463876544081008	463876527087518
463876543360799	463876560513299	463876554875643
463876566422362	463876576946372	463876566749549
463876576755643	9223372036854775807	463876577053924

POLL t=158.0 tick=3549
8333333
463885993754702	463886011257983	463885994097827
463886019109858	463886035914962	463886019403452
463886027057827	463886044134910	463886027426838
463886043751890	463886060574649	463886044171890
463886060456733	463886077013192	463886060841733
463886084187202	463886101666004	463886084496265
463886093813869	463886109883817	463886094141733
463886110439181	463886126322045	463886110697671
463886127108088	463886142760534	463886127464390
463886150602202	463886167414650	463886150964077
463886160420431	463886175633295	463886160904233
463886177118608	463886192070378	463886177471108
463886193796108	463886208507462	463886200618296
463886216804962	463886233165274	463886217169702
463886227097619	463886241384753	463886227409702
463886243755327	463886257823972	463886256253087
463886260404337	463886274262618	463886260754025
463886287883244	463886298924858	463886288194233
463886293712046	463886307144233	463886294090275
463886310409546	463886323582722	463886310755900
463886333772306	463886348238035	463886334122671
463886343899077	463886356456160	463886344224390
463886360439337	463886372893712	463886360792306
463886377120952	463886389331316	463886380416264
463886399876212	463886413986733	463886400230119
463886410420639	463886422205691	463886410773400
463886427175014	463886438642098	463886427478139
463886443793764	463886455078139	463886447253608
463886467408608	463886479733139	463886467758608
463886477101525	463886487953191	463886477387514
463886493720119	463886504391837	463886494004337
463886510474702	463886520828295	463886513119858
463886533313712	463886545482514	463886533619077
463886543785171	463886553701368	463886544166733
463886560421733	463886578357931	463886574389546
463886577072046	463886594795900	463886577430639
463886602593296	463886619450274	463886602892514
463886610453556	463886627668139	463886610790483
463886627110327	463886644105326	463886635784546
463886650109806	463886660541941	463886650407462
463886660429858	463886676978868	463886660813764
463886677100119	463886693414910	463886688170796
463886700123244	463886718068347	463886700415587
463886710438452	463886726286732	463886710701264
463886727084337	463886742724389	463886740570587
463886743757514	463886759162671	463886744156369
463886770853139	463886783814025	463886771221889
463886777138139	463886792033556	463886777461264
463886793715171	463886808470952	463886794041993
463886810426993	463886824907670	463886812111368
463886834417983	463886849559389	463886834768921
463886843770952	463886857777566	463886844054858
463886860423921	463886882429858	463886875795587
463886877053608	463886890646212	463886877411525
463886900834546	463886915293764	463886901204546
463886910395639	463886923510952	463886910707046
463886927119546	463886939946316	463886927383452
463886943804233	463886956381107	463886947223712
463886966839702	463886981035483	463886967132150
463886977105587	463886989253243	463886977376889
463886993797150	463887005688139	463886997482358
463887017054181	463887030339233	463887017427670
463887027066733	463887038555951	463887027365327
463887043813139	463887054991159	463887044185170
463887060456889	463887071427670	463887066220275
463887084017358	463887096076993	463887084370118
463887093782670	463887104292305	463887094043556
463887110465952	463887128938764	463887123726108
463887127182618	463887145371316	463887127518452
463887154846420	463887170023139	463887155205587
463887160409077	463887178241160	463887160716316
463887177102618	463887194677670	463887183347202
463887200249545	463887211113920	463887200557670
463887210472045	463887227549857	463887210742045
463887227147827	463887243987097	463887237759337
463887250398452	463887268639440	463887250690014
463887260419545	463887276856784	463887260782202
463887277167150	463887293292878	463887277433452
463887293874650	463887309730587	463887294204077
463887317877931	463887334381368	463887318166056
463887327124233	463887342599492	463887327393295
463887343910170	463887359034180	463887347855952
463887367023139	463887383691941	463887367349181
463887377109962	463887391911888	463887377384181
463887393886264	463887416569389	463887409364650
463887410576420	463887424787670	463887410903920
463887433937983	463887449441836	463887434212358
463887443815900	463887457659180	463887444078868
463887460527045	463887474096055	463887465194233
463887483366264	463887498755326	463887483650274
463887493792202	463887506974962	463887494069337
463887510530795	463887523411315	463887514319858
463887533577514	463887548066055	463887533875014
463887543878139	463887556284180	463887544183243
463887560489858	463887572717462	463887571627202
463887583495274	463887597367253	463887583792045
463887593834181	463887605585326	463887594135170
463887610465274	463887622020430	463887620655327
463887633244806	463887646673972	463887633541420
463887643786264	463887654892618	463887644136212
463887660452462	463887679543503	463887672453399
463887683292306	463887695975170	463887683603451
463887693792670	463887704191055	463887694070639
463887710482358	463887728839389	463887724045014
463887734942931	463887745273086	463887735246420
463887743799024	463887761706524	463887744071212
463887760457670	463887778141263	463887774635326
463887777161264	463887794573451	463887777498920
463887802516264	463887819221263	463887802808243
463887810440014	463887827438294	463887810846264
463887827264701	463887843876003	463887840162306
463887843849337	463887860311524	463887844201889
463887867655483	463887884964388	463887868152201
463887877198295	463887893180899	463887877534701
463887893818295	463887909614648	463887894094701
463887910499076	463887926047305	463887911309701
463887933544701	463887950698243	463887933854024
463887943816576	463887958916264	463887944219076
463887960497931	463887975351264	463887960981108
463887977126576	463887991783920	463887983710483
463888002372618	463888016433399	463888002721576
463888010468764	463888024650274	463888010752201
463888027113764	463888041086159	463888027384962
463888043819962	463888057522409	463888044251681
463888069268712	463888082169441	463888069617045
463888077136993	463888090386003	463888077476576
463888093829233	463888106818191	463888105456212

POLL t=169.8 tick=3717
8333333
463897560738864	463897573821259	463897560998083
463897577402666	463897590255009	463897589954177
463897594075791	463897606692666	463897594449698
463897620821521	463897631348708	463897621105010
463897627435166	463897639567406	463897627768864
463897644173291	463897656002561	463897644492771
463897660766364	463897672438811	463897661108552
463897685167823	463897697091520	463897685517823
463897694179333	463897705308395	463897694454541
463897710753396	463897721743604	463897711084333
463897727368864	463897738181677	463897733872771
463897750360271	463897762835843	463897750661052
463897760781729	463897771053916	463897761095323
463897777419073	463897795706781	463897791799333
463897794082823	463897812141051	463897794398135
463897819085583	463897836792301	463897819432927
463897827371885	463897845010531	463897827693291
463897844112510	463897861447458	463897854234958
463897867092302	463897877885010	463897867376989
463897877424073	463897894323030	463897877681364
463897894088396	463897910761832	463897894448291
463897910751573	463897927198551	463897912962198
463897933559854	463897943636676	463897933870323
463897944106260	463897960074593	463897944375270
463897960823708	463897976513551	463897965516885
463897983630635	463898001171363	463897983915948
463897994038916	463898009390166	463897994531885
463898010753395	463898025827301	463898011017041
463898027430479	463898042265166	463898028210427
463898050450010	463898066920323	463898050736729
463898060753604	463898075138395	463898061022354
463898077454698	463898091574020	463898081874645
463898100477770	463898116229280	463898100780739
463898110702354	463898124448603	463898111007666
463898127467041	463898140884072	463898127803135
463898144206885	463898157320114	463898148365948
463898166976260	463898181971207	463898167261729
463898177425270	463898190188760	463898177693864
463898194080947	463898214844488	463898207175270
463898210765166	463898223063082	463898211117197
463898236364229	463898247719385	463898236759541
463898244087302	463898255937614	463898244436729
463898260772510	463898272377718	463898261043864
463898277448447	463898288817457	463898277801260
463898301227770	463898313473030	463898301547197
463898310707666	463898321691051	463898311029385
463898327421104	463898338129957	463898327686677
463898344124958	463898354570062	463898347827822
463898367078395	463898379227561	463898367365166
463898377363291	463898395664958	463898377705739
463898394041833	463898412100894	463898394417145
463898410753916	463898428537145	463898412885322
463898435954958	463898453194124	463898436202354
463898444065895	463898461414020	463898444410635
463898460760427	463898477853812	463898473999697
463898477448447	463898494292354	463898477794385
463898501610739	463898518950478	463898501955791
463898510903708	463898527171884	463898511195166
463898527554645	463898543611780	463898527843135
463898544121885	463898560052249	463898553764333
463898567145010	463898584708134	463898567448760
463898577426364	463898592927458	463898577694541
463898594085583	463898609366051	463898607789176
463898610770322	463898625805426	463898611119541
463898636082666	463898650462145	463898636445895
463898644138864	463898658681676	463898644441416
463898660782822	463898675118551	463898661037822
463898677434072	463898691555791	463898677786729
463898703063604	463898716209384	463898703356104
463898710757197	463898724428499	463898711033604
463898727372197	463898740866468	463898731954072
463898750272666	463898765518187	463898750563135
463898760762770	463898773735946	463898761031572
463898777411416	463898798387822	463898791277458
463898794163291	463898806605894	463898794524385
463898818910426	463898831260009	463898819199958
463898827473447	463898839479593	463898827744697
463898844238395	463898855918499	463898849816989
463898867056364	463898880573290	463898867360010
463898877505010	463898888792092	463898877773864
463898894151103	463898913448812	463898907956260
463898910865947	463898921668811	463898911163395
463898937731103	463898954545998	463898938011416
463898944175947	463898962763291	463898944464020
463898960839228	463898970980634	463898965833291
463898983753291	463898995631312	463898984094385
463898994111260	463899012066624	463898994490114
463899010832197	463899028505217	463899024130166
463899027501572	463899044943603	463899027805426
463899053028291	463899069597197	463899053363395
463899060764958	463899077814905	463899061032666
463899077502041	463899094248187	463899084052197
463899100500322	463899110681311	463899100793291
463899110967458	463899127115634	463899111212458
463899127501989	463899143548863	463899140085791
463899144164176	463899159981155	463899144490426
463899171114697	463899184630478	463899171407822
463899177459489	463899192846155	463899177760322
463899194121520	463899209278134	463899200203864
463899217325010	463899233925634	463899217728551
463899227466833	463899242141676	463899227732978
463899244150322	463899258575530	463899258238916
463899266598447	463899283227249	463899266906103
463899277467353	463899291445061	463899277737666
463899294139385	463899316098812	463899307763291
463899318542510	463899332532509	463899318817666
463899327489020	463899340750374	463899327755478
463899344191572	463899365404436	463899357167353
463899360909957	463899373622353	463899361225947
463899388315947	463899406493967	463899388812770
463899394097510	463899414710530	463899394518916
463899410842822	463899422926936	463899420628760
463899433630895	463899447579800	463899433910010
463899444151728	463899455799852	463899444421572
463899460808447	463899480458290	463899472470270
463899484119541	463899496894332	463899484366103
463899494111676	463899505113603	463899494509541
463899510772197	463899529767144	463899525856103
463899527454645	463899537985790	463899527801259
463899553237353	463899570857926	463899553616676
463899560794697	463899579074592	463899561230478
463899577459853	463899595508759	463899577829853
463899600964957	463899611945114	463899601249176
463899610777353	463899628383707	463899611060947
463899627421572	463899644821884	463899627687978
463899644138239	463899661261884	463899646874853
463899667409384	9223372036854775807	463899667793239

POLL t=181.6 tick=3972
8333333
463909511102037	463909530928912	463909526265579
463909527740422	463909539146776	463909528138756
463909550701099	463909563801568	463909550977662
463909561062974	463909572019537	463909561330891
463909577746099	463909588453391	463909581158287
463909602923599	463909613106515	463909603217974
463909611085474	463909621325214	463909611422037
463909627742349	463909645977558	463909632228756
463909650561516	463909662414068	463909650866829
463909661072662	463909678851568	463909661335943
463909677722974	463909695288911	463909691289381
463909694400787	463909711725630	463909694748131
463909721303599	463909736381515	463909721631985
463909727727037	463909744600891	463909728097506
463909744392349	463909761040474	463909748196099
463909769124693	463909785697036	463909769435006
463909777789068	463909793916881	463909778132974
463909794372662	463909810356828	463909797972662
463909817048131	463909835014120	463909817345110
463909827723235	463909843232713	463909828114068
463909844331985	463909859669432	463909856582193
463909866427141	463909884328547	463909866808912
463909877726256	463909892549276	463909878002193
463909894402922	463909908990474	463909894668599
463909911086724	463909925430995	463909911315006
463909934845631	463909950090161	463909935205422
463909944369016	463909958310213	463909944704953
463909961081047	463909974746828	463909961377505
463909977758860	463909991182973	463909983704172
463910000849953	463910015842557	463910001150630
463910011023130	463910024062817	463910011310266
463910027691828	463910040501828	463910039640162
463910044353443	463910056940109	463910044709328
463910071598391	463910089810995	463910071900318
463910077646724	463910098028963	463910078013912
463910094372193	463910106247921	463910094817089
463910117609328	463910130905213	463910117969224
463910127682037	463910139124640	463910128077297
463910144346724	463910163783026	463910159306985
463910161070578	463910172002244	463910161421412
463910185776360	463910196658026	463910186064953
463910194437349	463910204876880	463910194773599
463910211059693	463910221317713	463910215725891
463910233988443	463910245977818	463910234309068
463910244407037	463910262415942	463910244686255
463910261073130	463910278853807	463910271912297
463910284394224	463910295293494	463910284683130
463910294399485	463910311732297	463910294661568
463910311050474	463910328170474	463910324308599
463910327690318	463910344607921	463910328075162
463910354769224	463910369263859	463910355057141
463910361019849	463910377482662	463910361375787
463910377782818	463910393919484	463910378123391
463910394480266	463910410357296	463910395010630
463910417931724	463910435012765	463910418293599
463910427735734	463910443232244	463910428126724
463910444470891	463910459672088	463910444738912
463910461144693	463910476109067	463910461497037
463910484692974	463910500764953	463910484976412
463910494469224	463910508985942	463910494735005
463910511162662	463910525425369	463910513847818
463910533974328	463910550082869	463910534252922
463910544459537	463910558301099	463910544728599
463910561122818	463910574737245	463910572569068
463910584657453	463910599394120	463910584938912
463910594468599	463910607611984	463910594732974
463910611135161	463910632264171	463910625702349
463910627804849	463910640480734	463910628217766
463910654146724	463910665127869	463910654441047
463910661197661	463910673343598	463910661542661
463910677813286	463910689778703	463910680552349
463910701028703	463910714434744	463910701333599
463910711184016	463910722651932	463910711476411
463910727832349	463910747303807	463910741145786
463910751162818	463910763737869	463910751511880
463910761130161	463910771953703	463910761402349
463910777827818	463910796607452	463910791498755
463910794590109	463910804826359	463910794917766
463910820980630	463910837699015	463910821274849
463910827782297	463910845916724	463910828192505
463910844515161	463910862351150	463910854853443
463910867726203	463910878787661	463910868032974
463910877899224	463910895224953	463910878175891
463910894593286	463910911660109	463910894857193
463910911321411	463910928094692	463910911652453
463910934894693	463910952748703	463910935177141
463910944607036	463910960965161	463910944874172
463910961367974	463910977400213	463910964179536
463910983999224	463911002053390	463910984324380
463910994600318	463911010271619	463910994873391
463911011307297	463911026705942	463911011609224
463911027984328	463911043138911	463911031463130
463911051074015	463911067790890	463911051502140
463911061285786	463911076009796	463911061565161
463911077962818	463911092443807	463911091506724
463911094679536	463911108878703	463911095016724
463911118130005	463911133530421	463911118415318
463911127903078	463911141748182	463911128278599
463911144669224	463911158183338	463911147214693
463911167454536	463911182831880	463911167730005
463911177870318	463911191047818	463911178131880
463911194599068	463911215699848	463911208895734
463911211294380	463911223918025	463911211659224
463911235057505	463911248570890	463911235446411
463911244641515	463911256790369	463911244945734
463911261247765	463911273226306	463911261515317
463911277990630	463911289664379	463911278081411
463911304478911	463911322529952	463911304837765
463911311270422	463911330748442	463911311662192
463911327901099	463911338965681	463911335593599
463911350527974	463911363621098	463911350814484
463911361252817	463911371839796	463911361576880
463911377918703	463911396495994	463911390276828
463911394626255	463911404714432	463911394975630
463911419948599	463911437583859	463911420332192
463911427853286	463911445802713	463911428339692
463911444550786	463911462238546	463911456159172
463911469877974	463911486893911	463911470164224
463911477952661	463911495113077	463911478218599
463911494593859	463911511550265	463911494856880
463911511279797	463911527988182	463911511460265
463911534667974	463911552644379	463911534962765
463911544550474	463911560862974	463911544833703
463911561314849	463911577300734	463911564088442
463911583634797	463911593738077	463911583941099
463911594603755	463911610175630	463911594878442
463911611255630	463911626613546	463911622722192

POLL t=193.6 tick=4142
8333333
463921495156824	463921512855782	463921495473230
463921511796720	463921529290730	463921515690939
463921537012657	463921553943386	463921537361251
463921545197345	463921562162605	463921545459376
463921561862032	463921578600157	463921562135886
463921578530626	463921595038594	463921581705886
463921602963230	463921619697240	463921603323282
463921611841876	463921627916875	463921612216876
463921628494636	463921644355834	463921628838855
463921645200157	463921660794844	463921645457449
463921671001720	463921685448698	463921671367501
463921678499532	463921693667344	463921678784220
463921695181668	463921710105834	463921695518699
463921711855418	463921726544272	463921713733595
463921738634532	463921751201615	463921738920001
463921745145261	463921759420990	463921745499688
463921761863282	463921775861719	463921762126511
463921786421407	463921800519376	463921786734949
463921795188855	463921808737292	463921802082501
463921811873438	463921825175834	463921812241511
463921836966199	463921849830781	463921837261199
463921845141199	463921858048646	463921845426095
463921861846251	463921874485469	463921862113595
463921886197918	463921899137917	463921886486407
463921895165470	463921907356199	463921900911720
463921911854376	463921923791459	463921912121824
463921936301511	463921948442709	463921936601563
463921945155574	463921956659479	463921951098907
463921961845574	463921973095990	463921962182449
463921986101095	463921997747345	463921986419063
463921995161355	463922005963646	463921995532345
463922011804168	463922022396667	463922012104220
463922028473543	463922038831823	463922029220782
463922055496720	463922071703855	463922055845001
463922062045522	463922079922292	463922062300626
463922078537813	463922096356511	463922078636511
463922095215730	463922112791146	463922099491355
463922119432293	463922129223698	463922119737188
463922128474845	463922145655365	463922128758907
463922145204949	463922162085833	463922145474480
463922173216095	463922186734583	463922173566980
463922178534793	463922194951459	463922178808282
463922195204220	463922211384584	463922195472501
463922219270470	463922236035469	463922219579792
463922228535782	463922244252501	463922234714480
463922245201720	463922260684219	463922248537501
463922270047032	463922285331198	463922270334376
463922278543595	463922293546771	463922279737032
463922303090574	463922318193647	463922303455105
463922311869011	463922326410470	463922312199480
463922328495313	463922342842032	463922333038438
463922353252501	463922367492448	463922353545626
463922361856876	463922375709271	463922361944220
463922385964324	463922400359167	463922386294688
463922395158230	463922408576458	463922395447813
463922411849063	463922425010573	463922417000469
463922437729688	463922449656458	463922438064532
463922445194688	463922457872656	463922446196199
463922461901042	463922474305781	463922462230938
463922489117501	463922507172813	463922489436511
463922495148855	463922515390834	463922495584219
463922511896876	463922523607761	463922512228907
463922535626876	463922548256354	463922535921511
463922545206094	463922556473334	463922550759376
463922561868230	463922572908333	463922563869219
463922589463855	463922605781458	463922589861094
463922595114219	463922613999584	463922595475469
463922611904844	463922622217292	463922612216667
463922638344532	463922655089114	463922638663594
463922645276719	463922663307136	463922645541094
463922661880469	463922679744271	463922662145626
463922685442292	463922696179375	463922685725417
463922695211251	463922712615209	463922702094219
463922711880105	463922729049792	463922715404063
463922737246199	463922753703021	463922737533751
463922745197813	463922761921198	463922745661355
463922761966719	463922778353490	463922765987917
463922786079167	463922803000573	463922786414376
463922795204324	463922811218385	463922795483699
463922811951251	463922827655469	463922812225574
463922835300313	463922852308542	463922835614376
463922845268907	463922860525520	463922850102448
463922861908282	463922876960782	463922863605417
463922888753282	463922901612292	463922889052032
463922895202501	463922909829428	463922895503230
463922911905157	463922926265260	463922920608282
463922935490573	463922950920000	463922935799376
463922945207813	463922959139011	463922945488073
463922961937813	463922975576511	463922962213386
463922985474376	463923000229219	463922985781251
463922995221876	463923008446875	463922999701563
463923011969011	463923024882032	463923013262605
463923038914844	463923049532864	463923039210782
463923045231094	463923057747865	463923045522032
463923062015261	463923074180156	463923062304375
463923078597344	463923090615520	463923078894375
463923106715157	463923123483073	463923107006823
463923111928855	463923131699010	463923112259323
463923128646875	463923139916146	463923128942969
463923154314948	463923164563229	463923154612136
463923161893698	463923172779740	463923162190000
463923178596094	463923189213959	463923183062813
463923204954532	463923222078854	463923205326407
463923212175938	463923230296198	463923212472500
463923228580730	463923246728385	463923234626667
463923251873282	463923263161198	463923252219532
463923261905938	463923279594531	463923267890730
463923278533073	463923296027396	463923281497657
463923302488750	463923320679323	463923302841094
463923311815469	463923328895937	463923312115730
463923328637813	463923345330105	463923329085625
463923352118125	463923369983542	463923352429375
463923361971407	463923378201666	463923362271511
463923378625105	463923394635781	463923378908438
463923401988750	463923419286719	463923402284063
463923411956980	463923427504115	463923412217813
463923428642032	463923443938959	463923439079063
463923452429688	463923468591927	463923452703386
463923461951355	463923476809896	463923462228750
463923478596250	463923493246406	463923491058907
463923495295313	463923509680416	463923495641875
463923524622136	463923542552500	463923524981407
463923528582813	463923550771927	463923528920157
463923545305729	463923558989792	463923546735417
463923568580782	463923583642083	463923568862500
463923578646875	463923591860260	463923579024167
463923595332344	463923608296250	463923598502657

POLL t=205.7 tick=4428
8333333
463933595426663	463933609053329	463933595822653
463933612169163	463933625489736	463933612525413
463933628752965	463933641924371	463933629075153
463933652514840	463933666577236	463933652829215
463933662084684	463933674795569	463933662385778
463933678772184	463933691231403	463933679074684
463933695456351	463933707670100	463933696213382
463933718743590	463933732325465	463933719023694
463933728784059	463933740543538	463933729047496
463933745440726	463933756980569	463933745744996
463933774782184	463933789852965	463933775080934
463933778701246	463933798071298	463933783274684
463933802295778	463933814507236	463933802632184
463933812095309	463933822726298	463933812524528
463933828792757	463933839160673	463933829064684
463933845426038	463933855593173	463933845779840
463933870065309	463933888462860	463933870447653
463933878858590	463933896682027	463933879151246
463933895464684	463933913118954	463933895801403
463933912095621	463933929552860	463933915230465
463933936292601	463933954209840	463933936687496
463933945407653	463933962427340	463933945702653
463933962076871	463933978863381	463933973269371
463933985440100	463934003516350	463933985730778
463933995468278	463934011733225	463933995723538
463934012127653	463934028169943	463934019051559
463934035098434	463934052821714	463934035405153
463934045394528	463934061039475	463934045673434
463934062083278	463934077473120	463934066828434
463934085417340	463934102122340	463934085928225
463934095435569	463934110338017	463934095716246
463934112118590	463934126769996	463934118568590
463934135551715	463934151418746	463934135923903
463934145435882	463934159635673	463934145712028
463934162079475	463934176067444	463934167548746
463934185014059	463934200715725	463934185341507
463934195390309	463934208932184	463934195714215
463934212155100	463934225366402	463934212528902
463934228785934	463934241799996	463934229144215
463934252495934	463934266449006	463934252834684
463934262142027	463934274665516	463934262470934
463934278815569	463934291099423	463934279141819
463934295478225	463934307534422	463934297508121
463934320961402	463934332184318	463934321320882
463934328738277	463934340402339	463934329050413
463934345442757	463934356839631	463934345792809
463934362152027	463934373275412	463934362291350
463934385033121	463934397929006	463934385375413
463934395556715	463934406146871	463934395902027
463934412259163	463934422583642	463934412586975
463934428797184	463934439021089	463934429153382
463934452430725	463934463678016	463934452720621
463934462089215	463934480114840	463934462371819
463934478759840	463934496551506	463934479151090
463934506710309	463934521208902	463934507020152
463934512123538	463934529428642	463934516334632
463934535197652	463934545865881	463934535473434
463934545456402	463934562303485	463934545717652
463934562132652	463934578742131	463934562547496
463934590495621	463934603401402	463934590782132
463934595394163	463934611620829	463934600208225
463934618944007	463934636278589	463934619312027
463934628743069	463934644497235	463934629112027
463934645485465	463934660933850	463934645805621
463934662118902	463934677370360	463934662631559
463934688488121	463934702025777	463934688781871
463934695451559	463934710244787	463934700093902
463934718567027	463934734899214	463934718861246
463934728819163	463934743117495	463934729134006
463934745475465	463934759553538	463934755392444
463934769008225	463934784209787	463934769285881
463934778834319	463934792430151	463934779102600
463934795695621	463934808869475	463934800299059
463934818550777	463934833528798	463934818854840
463934828886246	463934841748329	463934829178538
463934845498277	463934858187964	463934853449683
463934868274527	463934882847391	463934868564215
463934878808590	463934891066714	463934879092756
463934895536402	463934907504058	463934898764371
463934918497340	463934932159891	463934918776246
463934928811350	463934940378745	463934929087340
463934952118590	463934965033954	463934952394996
463934962188746	463934973252287	463934962464006
463934978908381	463934989690881	463934981867496
463935001696194	463935014347860	463935001981871
463935012195413	463935022565152	463935012571871
463935035214527	463935047218485	463935035516975
463935045544163	463935055437599	463935045824788
463935062185308	463935080088902	463935071741715
463935085151871	463935096522912	463935085453277
463935095522756	463935112956818	463935095797027
463935112234788	463935129388589	463935118398538
463935134983902	463935145821454	463935135272027
463935145522444	463935162255255	463935145780933
463935162208433	463935178690152	463935164799683
463935185363538	463935203342912	463935185738694
463935195494683	463935211558797	463935195753746
463935212136715	463935227991506	463935219750308
463935235436194	463935252640725	463935235822756
463935245475621	463935260857965	463935245767183
463935262189215	463935277295048	463935273702496
463935284999371	463935301949839	463935285306558
463935295577808	463935310167755	463935295892808
463935312206402	463935326602391	463935312566819
463935335527965	463935351257287	463935335883850
463935345490933	463935359474110	463935345769319
463935362209215	463935375909995	463935366849475
463935384921558	463935400564630	463935385208381
463935395468121	463935408782756	463935406170933
463935418772652	463935433435516	463935419085256
463935428801715	463935441653225	463935429070412
463935445457131	463935458089683	463935451352444
463935468268121	463935482744058	463935468546402
463935478809371	463935490964266	463935490025621
463935502334215	463935515621089	463935502682340
463935512195881	463935523840100	463935512574162
463935528804996	463935540279110	463935529063902
463935545491037	463935556721453	463935545834683
463935574986714	463935589605151	463935575269371
463935578793746	463935597825308	463935583455464
463935601718694	463935614264787	463935602037444
463935612213850	463935622484318	463935612687496
463935628772027	463935638922287	463935637126871
463935651674787	463935663583432	463935651962444
463935662079371	463935680024058	463935662362183
463935678791350	463935696465412	463935680816871
463935701966089	463935712904578	463935702344006

