POLL t=10.6 tick=600
8333333
464573955209544	464573966877460	464573955489856
464573971782356	464573983312356	464573972059127
464573988671783	464573999747877	464573988962565
464574005245377	464574016185064	464574005524544
464574021922096	464574032622876	464574022190846
464574038462721	464574049059543	464574038740950
464574055177669	464574073719335	464574055451627
464574071897096	464574090158189	464574072172408
464574088841106	464574106597044	464574089121940
464574105269752	464574123035585	464574105545533
464574121763971	464574139476783	464574122038763
464574138500533	464574155916210	464574138773138
464574155296783	464574172357147	464574155590221
464574172094700	464574188799127	464574172322252
464574188662513	464574205240116	464574188961002
464574205157252	464574221680689	464574205443033
464574221947877	464574238122720	464574222224283
464574238999127	464574254564335	464574239284127
464574255665169	464574271002355	464574255955481
464574271855533	464574287439022	464574272138190
464574288766471	464574303873190	464574289052252
464574305270950	464574320310324	464574305552044
464574321984596	464574336746783	464574322258658
464574338669752	464574353185637	464574338945690
464574355146575	464574369623658	464574355431471
464574371976940	464574386063241	464574372232721
464574388925533	464574402501731	464574389210065
464574405408658	464574418939023	464574405674387
464574421899387	464574435374960	464574422172512
464574438517877	464574451812721	464574438796575
464574455304440	464574468249440	464574455580065
464574471972408	464574484682980	464574472248606
464574488840325	464574501118449	464574489130012
464574505162877	464574517554856	464574505438189
464574521966471	464574533993710	464574522234439
464574538789127	464574550431731	464574539071627
464574555254231	464574566866366	464574555526262
464574571838814	464574583301210	464574572100846
464574588471939	464574599734959	464574588894752
464574605310377	464574616165533	464574605584439
464574622047096	464574632597199	464574622319387
464574638671939	464574649031418	464574638946314
464574655196783	464574673684595	464574655472044
464574671917721	464574690119647	464574672195064
464574688724596	464574706554856	464574689114439
464574705343450	464574722990793	464574705619439
464574721846887	464574739425429	464574722118971
464574738548033	464574755859335	464574738826002
464574755229856	464574772294596	464574755497408
464574771922044	464574788729335	464574772171314
464574788746783	464574805165273	464574789166314
464574805216731	464574821600689	464574805496419
464574821977564	464574838034439	464574822256575
464574838590012	464574854468866	464574838865689
464574855261314	464574870903085	464574855536158
464574872093346	464574887335845	464574872333606
464574888672096	464574903769699	464574888894908
464574905155481	464574920204126	464574905428814
464574921727721	464574936638709	464574922009596
464574938495064	464574953074178	464574938769439
464574955192408	464574969510689	464574955468918
464574971955689	464574985946887	464574972207877
464574988596939	464575002383397	464574988911887
464575005236314	464575018820897	464575005512408
464575021918971	464575035257668	464575022202356
464575038572200	464575051693554	464575038841471
464575055266158	464575068127980	464575055538606
464575071901627	464575084563085	464575072195950
464575088597408	464575100998709	464575089082200
464575105238658	464575117432824	464575105492564
464575121909752	464575133868813	464575122174075
464575138525533	464575150304647	464575138797720
464575155102043	464575166741053	464575155373502
464575171914700	464575183174074	464575172152095
464575188758658	464575199609490	464575189285220
464575205210377	464575216044126	464575205488606
464575221956887	464575232478292	464575222228450
464575238539439	464575248912563	464575238820064
464575255210793	464575273565741	464575255478345
464575272071470	464575290002251	464575272309283
464575288909752	464575306436522	464575289441783
464575305370220	464575322869855	464575305646158
464575322135064	464575339303084	464575322410064
464575338881314	464575355737928	464575339155220
464575355584127	464575372173085	464575355876106
464575372304075	464575388609126	464575372572720
464575389059283	464575405045012	464575389473762
464575405648814	464575421479907	464575405921262
464575422423814	464575437915377	464575422720220
464575439146418	464575454353553	464575439412564
464575455950845	464575470791002	464575456234595
464575472692043	464575487226210	464575472963658
464575489326158	464575503663710	464575489838033
464575505803606	464575520099074	464575506068033
464575522663345	464575536532355	464575522952043
464575539437095	464575552965949	464575539724908
464575556110168	464575569400689	464575556406002
464575572700220	464575585835845	464575573008293
464575589398345	464575602269699	464575589811731
464575606139387	464575618706366	464575606422252
464575622738502	464575635141261	464575622999856
464575639455845	464575651576313	464575639726418
464575656224699	464575668013136	464575656515220
464575672816731	464575684449074	464575673096783
464575689493918	464575700884595	464575689926262
464575706097252	464575717322356	464575706370220
464575722821262	464575733759074	464575723102512
464575739442720	464575750198397	464575739728970
464575756077043	464575766636418	464575756306418
464575772755481	464575783074230	464575773036887
464575789555220	464575807729126	464575789859752
464575806050949	464575824167615	464575806330845
464575822594439	464575840605220	464575822869126
464575839139283	464575857042147	464575839419908
464575855885533	464575873480636	464575856158814
464575872590689	464575889920428	464575872859439
464575888946314	464575906357824	464575889246158
464575922283762	464575939236209	464575922558658
464575924956001	464575947456782	464575925261314
464575950357095	464575963896158	464575950626262
464575962797408	464575980335063	464575963066731
464575979466106	464575996772980	464575979739908
464575995658345	464576013208292	464575995926106
464576012196939	464576029643449	464576012463033
464576028927408	464576046077824	464576029206626
464576045583970	464576062515324	464576045856158
464576062101574	9223372036854775807	464576062379908

POLL t=22.7 tick=1201
8333333
464585979339383	464585989837768	464585979631675
464585996084123	464586006270476	464585996362352
464586012599123	464586030922403	464586013025529
464586029336727	464586047358028	464586029625321
464586046104279	464586063795945	464586046392716
464586062638341	464586080235112	464586062917716
464586079355529	464586096672820	464586079629904
464586096171727	464586113110007	464586096439539
464586112772873	464586129545059	464586113247300
464586129289904	464586145977716	464586129568654
464586146003966	464586162410164	464586146284123
464586162969070	464586178844539	464586163235008
464586179436258	464586195278653	464586179702560
464586195925945	464586211713184	464586196202039
464586213558341	464586228150528	464586213760060
464586229556466	464586244587924	464586229845373
464586246180529	464586261023341	464586246457248
464586262639383	464586277457299	464586262919227
464586279240060	464586293891413	464586279517820
464586296080945	464586310326049	464586296331466
464586312900060	464586326759070	464586313172872
464586329638810	464586343193340	464586329918029
464586345994435	464586359630008	464586346284852
464586362853654	464586376065893	464586363146622
464586379470477	464586392498914	464586379754435
464586396055841	464586408930736	464586396321935
464586412919279	464586425363184	464586413209279
464586429611935	464586441795997	464586429894122
464586446075841	464586458230111	464586446348758
464586462702404	464586474664226	464586462979122
464586479463185	464586491100581	464586479785789
464586496117195	464586507534122	464586496403341
464586512685320	464586523970007	464586512962872
464586529579591	464586540407039	464586529863029
464586546186570	464586556841310	464586546461466
464586562786622	464586573272924	464586563065529
464586579361154	464586597922611	464586579653029
464586596114279	464586614353445	464586596393029
464586612795529	464586630785216	464586613085685
464586629511466	464586647219382	464586629793966
464586646005529	464586663650111	464586646277091
464586662701310	464586680078393	464586662982195
464586679539435	464586696508914	464586679816935
464586695985841	464586712938444	464586696263497
464586712722352	464586729369174	464586713034852
464586729641935	464586745803341	464586729925164
464586746070476	464586762234695	464586746347404
464586762705997	464586778664695	464586762969591
464586779557091	464586795095528	464586779845997
464586796184435	464586811524278	464586796473341
464586812795997	464586827956361	464586813079591
464586829464539	464586844387820	464586829743654
464586846070164	464586860817923	464586846351258
464586862795633	464586877248914	464586863072195
464586879525841	464586893681465	464586879795320
464586895949279	464586910112664	464586896228914
464586912597716	464586926542715	464586912875789
464586929695633	464586942973809	464586929973445
464586946211466	464586959403444	464586946495528
464586962896622	464586975835059	464586963163966
464586979446622	464586992266310	464586979722560
464586995937872	464587008697768	464586996207247
464587012519903	464587025129434	464587012801726
464587029186570	464587041562871	464587029475789
464587045546101	464587057995944	464587045819122
464587062056570	464587074430320	464587062323653
464587078783497	464587090863705	464587079061466
464587095445060	464587107297039	464587095726570
464587112198601	464587123730841	464587112480685
464587129001726	464587140167403	464587129279435
464587145404851	464587156603965	464587145674226
464587162063445	464587173037507	464587162335164
464587179254591	464587197686882	464587179529903
464587195574435	464587205903914	464587195841778
464587212130216	464587222338080	464587212409539
464587228968810	464587246989643	464587229244278
464587245418497	464587255206674	464587245694539
464587262288653	464587279862299	464587262554539
464587278979591	464587296298601	464587279257976
464587295523028	464587312732246	464587295803341
464587312269591	464587329168080	464587312541883
464587328207195	464587345607143	464587328488445
464587344840997	464587362045892	464587345118445
464587361400945	464587378481569	464587361688914
464587378252403	464587394920476	464587378601466
464587394637716	464587411360580	464587394912247
464587411350945	464587427797038	464587411631778
464587428197560	464587444233080	464587428478289
464587444750632	464587460667976	464587445025216
464587461538601	464587477101570	464587461804539
464587478266310	464587493537142	464587478550372
464587494795685	464587509970268	464587495082716
464587511376310	464587526405163	464587511655164
464587528267872	464587542843027	464587528550216
464587544827507	464587559279330	464587545102351
464587561443028	464587575716048	464587561720372
464587578036935	464587592152924	464587578305685
464587594729851	464587608590945	464587595026101
464587611508497	464587625028601	464587611789539
464587628112872	464587641465320	464587628385216
464587644528966	464587657901465	464587644805789
464587661394122	464587674340267	464587661696309
464587678059539	464587690778652	464587678347403
464587694660789	464587707216361	464587694947247
464587711207716	464587723654278	464587711481309
464587728177664	464587740091725	464587728463132
464587744628757	464587756531517	464587744920684
464587761295789	464587772970996	464587761572091
464587777935164	464587789405736	464587778206934
464587794544591	464587805840580	464587794822403
464587811201153	464587822273705	464587811484747
464587828108861	464587838706934	464587828393966
464587844706466	464587855137872	464587844978653
464587861168184	464587879789173	464587861450997
464587877804122	464587888006934	464587878096101
464587894658809	464587912659226	464587894947507
464587911449278	464587929094590	464587911739851
464587927998653	464587945530892	464587928291466
464587944518028	464587961965267	464587944804695
464587961376101	464587978401882	464587961661414
464587978006153	464587994834486	464587978290320
464587994671570	464588011268913	464587994962091
464588011189278	464588027703913	464588011479122
464588028064278	464588044139798	464588028346934
464588044950163	464588060574069	464588045227351
464588061422403	464588077007247	464588061692559
464588078039278	464588093444538	464588078318809

POLL t=34.6 tick=1628
8333333
464597909778181	464597923382503	464597910045628
464597926403181	464597939818805	464597926775056
464597943089587	464597956253858	464597943339118
464597959738024	464597972690159	464597960043753
464597976493962	464597989126670	464597976746149
464598002083806	464598013783492	464598002372816
464598009766306	464598022002711	464598010025212
464598026408337	464598038441097	464598026755628
464598043088806	464598054877555	464598053070681
464598066374535	464598079537034	464598066648128
464598076442555	464598087756982	464598076700524
464598093132243	464598104194273	464598093386097
464598109792660	464598120632087	464598110050472
464598126380055	464598137066722	464598126741462
464598143083597	464598161722919	464598143339118
464598167887972	464598178160993	464598168159222
464598176429430	464598194601253	464598176683649
464598193104118	464598211042138	464598193349222
464598209716618	464598227480419	464598209981149
464598226390680	464598243918597	464598230387087
464598249968753	464598260358023	464598250243128
464598259768753	464598276796514	464598260049743
464598276452191	464598293234846	464598276712243
464598293105055	464598309674586	464598293360212
464598309834587	464598326115055	464598310060212
464598326483493	464598342553232	464598331460055
464598350045524	464598367215107	464598350328910
464598359753910	464598375435680	464598360040055
464598376453805	464598391876149	464598376711253
464598393142503	464598408317555	464598393360212
464598409836253	464598424760211	464598422760368
464598436696618	464598449423232	464598436980680
464598443114118	464598457644794	464598443349535
464598459779430	464598474085680	464598460082712
464598476409222	464598490526982	464598476664587
464598493055680	464598506972398	464598493325003
464598509775941	464598523413649	464598509902243
464598534453649	464598548075628	464598534738493
464598543050212	464598556298180	464598543318805
464598559756618	464598572743180	464598560058180
464598576425680	464598589186044	464598576670055
464598593145316	464598605627087	464598596974587
464598616733753	464598630287711	464598617023649
464598626384743	464598638509326	464598626747347
464598643095368	464598654950107	464598643366305
464598659773805	464598671391669	464598660032347
464598676555003	464598696052919	464598689872555
464598700121409	464598712495211	464598700395368
464598709764899	464598720714950	464598710133493
464598726429118	464598737152086	464598726779743
464598743115316	464598753589638	464598743354378
464598759800316	464598778248284	464598760066097
464598776462659	464598794684743	464598779940472
464598800437555	464598811123075	464598800727555
464598809777711	464598827561618	464598810019222
464598826418961	464598844001721	464598826765159
464598843107816	464598860440836	464598843359743
464598859785368	464598876879794	464598860048961
464598876439274	464598893320627	464598877348493
464598900434899	464598917979221	464598900724586
464598909944378	464598926198283	464598910030316
464598926380524	464598942637607	464598926733128
464598943114378	464598959075159	464598943363128
464598959775784	464598975515575	464598969463649
464598983229274	464599000179117	464598983502711
464598993075524	464599008401149	464598993343441
464599009780524	464599024842086	464599010039430
464599026432086	464599041283388	464599026780784
464599043101878	464599057723283	464599043357555
464599059823128	464599074164118	464599062577868
464599083280993	464599098826878	464599083572972
464599093068441	464599107047972	464599093339899
464599109812711	464599123488128	464599110056722
464599126421722	464599139929013	464599126772868
464599143145941	464599156369742	464599143409118
464599159782399	464599172808856	464599160081305
464599185286565	464599197467659	464599185565055
464599193157243	464599205688961	464599193424430
464599209840784	464599222130784	464599210089274
464599226466253	464599238569847	464599226810003
464599243171097	464599255008336	464599250005055
464599266922243	464599279662919	464599267195055
464599276498961	464599287881825	464599276762555
464599293198649	464599304316565	464599293449899
464599309839899	464599320752971	464599310080524
464599326456618	464599337190315	464599326817711
464599343175680	464599361846513	464599344388961
464599367098180	464599378285002	464599367363180
464599376514847	464599394723232	464599376754274
464599393177242	464599411162450	464599393427867
464599409850784	464599427598961	464599410109586
464599426466774	464599444037815	464599435640159
464599450121253	464599460475992	464599450400992
464599459842867	464599476916148	464599460089222
464599476533805	464599493355575	464599476777242
464599493141774	464599509794377	464599493474847
464599509927867	464599526232971	464599510129065
464599526507659	464599542672034	464599529190524
464599550079117	464599567333492	464599550360367
464599559825211	464599575553752	464599560068336
464599576525680	464599591991304	464599576773649
464599593139117	464599608431200	464599593394274
464599609835940	464599624869221	464599610081461
464599626521253	464599641307451	464599628332190
464599650319430	464599665966357	464599650610367
464599659742190	464599674185679	464599660019274
464599676444117	464599690622919	464599676687086
464599693122972	464599707056877	464599693373284
464599709836305	464599723491253	464599710103961
464599726493284	464599739927659	464599729639065
464599750758805	464599764584221	464599751042242
464599759848336	464599772803596	464599760059690
464599776484742	464599789240315	464599776737503
464599793143180	464599805676513	464599793386617
464599809862867	464599822114013	464599810114847
464599826438492	464599838548284	464599830009430
464599850008128	464599863205887	464599850303805
464599859810836	464599871424846	464599860076149
464599876491930	464599887865836	464599876745211
464599893167242	464599904305107	464599893423336
464599909825055	464599920744793	464599910080055
464599926422555	464599937182034	464599926897711
464599950358961	464599961839065	464599950625628
464599959828024	464599978276512	464599960104221
464599976505628	464599986496200	464599976771409
464599993154846	464600002931825	464599993422399
464600009813753	9223372036854775807	464600017236617

POLL t=46.1 tick=1786
8333333
464609660238020	464609675838645	464609660495676
464609676886561	464609692275207	464609677149114
464609693547186	464609708710988	464609693788645
464609710208280	464609725145780	464609710480520
464609727027655	464609741580936	464609737293124
464609752128749	464609766232395	464609752396874
464609760283332	464609774449739	464609760543645
464609776926614	464609790881249	464609777183645
464609793571718	464609807315207	464609793826718
464609810275364	464609823749217	464609810544582
464609826899686	464609840182811	464609835953124
464609852018801	464609864834113	464609852281405
464609860223332	464609873052030	464609860490989
464609876894843	464609889488176	464609877153436
464609893592707	464609905922343	464609893851405
464609910234686	464609922354686	464609910490832
464609926905363	464609938787290	464609933256457
464609952440520	464609963440051	464609952717395
464609960275988	464609971655884	464609960543176
464609976938124	464609988087290	464609977210155
464609993606249	464610004518435	464609993868801
464610010240988	464610020953280	464610010504895
464610026898593	464610037387446	464610031367082
464610052585311	464610070249009	464610052868957
464610060239895	464610078465155	464610060508645
464610076921405	464610094899998	464610077173957
464610093530311	464610111335415	464610093787395
464610110225832	464610127770259	464610110482551
464610126920520	464610144206248	464610133895988
464610152436613	464610168859581	464610152747186
464610160274270	464610177078748	464610160539426
464610176901926	464610193516977	464610177183488
464610193532811	464610209953748	464610193791405
464610210249374	464610226390935	464610210513645
464610226913332	464610242829842	464610233165363
464610254018801	464610267486613	464610254297238
464610260221874	464610275705571	464610260446874
464610276913020	464610292145311	464610277163645
464610293571405	464610308582655	464610293830832
464610310244895	464610325019269	464610310516249
464610326897082	464610341457863	464610328330051
464610352330832	464610366114478	464610352607238
464610360243332	464610374332810	464610360513801
464610376893905	464610390770676	464610377154999
464610393587395	464610407212394	464610393840832
464610410275051	464610423653436	464610410514582
464610426908332	464610440093488	464610427608332
464610452442186	464610464752603	464610452732811
464610460236457	464610472971821	464610460511145
464610476940155	464610489412082	464610477191092
464610493576613	464610505852550	464610493829217
464610510272811	464610522291978	464610510535363
464610526901613	464610538730675	464610527764894
464610552412394	464610563389113	464610552690832
464610560296301	464610571608853	464610560582342
464610576925363	464610588047863	464610577181926
464610593585207	464610604487186	464610593837863
464610610239426	464610620924842	464610610501249
464610626919999	464610645583279	464610629494426
464610652709999	464610670239634	464610652993332
464610660255363	464610678457811	464610660527863
464610676923957	464610694894530	464610677200832
464610693569426	464610711329894	464610693825676
464610710241561	464610727764790	464610726310051
464610726930363	464610744201925	464610727190207
464610752528019	464610768861404	464610752775988
464610760274999	464610777081456	464610760552394
464610776905363	464610793519269	464610777208957
464610793597186	464610809956664	464610793827863
464610810248332	464610826394842	464610818893801
464610835511457	464610851052185	464610835793436
464610843519999	464610859272914	464610843876874
464610860284061	464610875713123	464610860545519
464610876916561	464610892152133	464610877179842
464610893591457	464610908589165	464610893853644
464610910243280	464610925029373	464610911505988
464610935743488	464610949686769	464610936075207
464610943548801	464610957907185	464610943909269
464610960369426	464610974346560	464610960638436
464610976983644	464610990785155	464610977263801
464610993608019	464611007222914	464610993870676
464611010303592	464611023659425	464611010965676
464611035882082	464611048315623	464611036166144
464611043690363	464611056534478	464611043893488
464611060351613	464611072971405	464611060613801
464611076961301	464611089406092	464611077215467
464611093617394	464611105841769	464611093873332
464611110294269	464611122279581	464611114810676
464611135936405	464611146934685	464611136230207
464611143539426	464611155155258	464611143988592
464611160356301	464611171592602	464611160595676
464611176951248	464611188028123	464611177219113
464611193617394	464611204462550	464611193877238
464611210312342	464611220897341	464611213708332
464611235950363	464611253762341	464611236236248
464611243643644	464611261978644	464611243865519
464611260277707	464611278409893	464611260635467
464611276950832	464611294841248	464611277207550
464611293670207	464611311275779	464611293926300
464611310309738	464611327708227	464611314127238
464611336161457	464611352356612	464611336446405
464611343530988	464611360572654	464611343809269
464611360368592	464611377005831	464611360756300
464611376863488	464611393437602	464611377165988
464611393601457	464611409871664	464611393852238
464611410278800	464611426306716	464611413450623
464611435560050	464611450960258	464611435839686
464611443511613	464611459178956	464611443779530
464611460218280	464611475612811	464611460579269
464611476890207	464611492048436	464611477159894
464611493552550	464611516699894	464611508857238
464611510226561	464611524917966	464611510489998
464611535471144	464611549573852	464611535776873
464611543542342	464611557792238	464611543801769
464611560234738	464611574228800	464611560586561
464611576930675	464611590666248	464611577186821
464611593558748	464611607102029	464611597676405
464611618673332	464611631757081	464611618967498
464611626862238	464611639975154	464611627122654
464611643585050	464611656410727	464611643866613
464611660290988	464611672848018	464611660632915
464611676885311	464611689284269	464611677147550
464611693530467	464611705721508	464611694367029
464611719012394	464611730376247	464611719299061
464611726885363	464611738593539	464611727152342
464611743615207	464611755028904	464611743869217
464611760293748	464611771467498	464611760652394

POLL t=57.9 tick=1898
8333333
464621277417078	464621288208275	464621277688797
464621294055828	464621304643067	464621294428328
464621310717547	464621329297442	464621323158901
464621335568015	464621345733015	464621335886922
464621344116140	464621362168119	464621344392703
464621360745463	464621378606088	464621361025359
464621377366088	464621395042807	464621377654057
464621394024109	464621411480098	464621407296609
464621418363328	464621436136660	464621418644578
464621427402547	464621444355307	464621427695776
464621444088588	464621460793639	464621444356297
464621460724578	464621477233380	464621461007807
464621477404265	464621501891765	464621493659422
464621494121244	464621510110880	464621494185828
464621518239578	464621534767911	464621518543953
464621527412078	464621542987859	464621527689578
464621544096140	464621559424629	464621544369369
464621560738015	464621584081817	464621578181713
464621577735359	464621592301505	464621578229682
464621601657651	464621616955150	464621601960672
464621610741713	464621625173796	464621611040307
464621627407703	464621641610566	464621627684578
464621644065047	464621658045567	464621644331453
464621660797338	464621674481609	464621663640359
464621685098640	464621699135723	464621685413796
464621694048171	464621707353952	464621694434890
464621710747026	464621723791764	464621711020046
464621727395932	464621740227546	464621727670984
464621744085046	464621756667650	464621755706921
464621767984682	464621781328900	464621768273328
464621777428484	464621789550619	464621777700359
464621794069578	464621805992910	464621794442390
464621810738796	464621822435098	464621811012703
464621827373953	464621847093691	464621842534421
464621844128328	464621855313275	464621844406921
464621869629109	464621879973067	464621869911765
464621877423484	464621888193692	464621877690984
464621894051765	464621904633900	464621894427963
464621910735307	464621929290776	464621925109734
464621927383328	464621945725671	464621927677651
464621954487338	464621970379369	464621954771296
464621960719890	464621978595879	464621961007390
464621977405359	464621995029681	464621977683432
464621994040828	464622011463692	464622005099578
464622017783119	464622036114838	464622018075984
464622027407234	464622044333952	464622027681869
464622044109213	464622060771557	464622044450515
464622060735515	464622077207910	464622061006453
464622077370515	464622093646192	464622089585515
464622101574526	464622118303639	464622101877807
464622110753953	464622126524265	464622111042025
464622127412390	464622142961608	464622127684057
464622144117650	464622159397806	464622144371921
464622160723640	464622175836088	464622173624578
464622184940046	464622200495723	464622185223953
464622194069682	464622208715722	464622194423744
464622210751140	464622225153796	464622211031088
464622227404421	464622241594161	464622227698328
464622244079682	464622258034004	464622257563171
464622268536921	464622282692963	464622268817859
464622277422703	464622290913067	464622277695307
464622294061609	464622307350932	464622294431869
464622310717025	464622323790827	464622311001869
464622327375515	464622348450098	464622340513171
464622351990359	464622364887129	464622352291296
464622360725827	464622373105931	464622361005827
464622377405463	464622389545410	464622377672859
464622394050202	464622405986504	464622394444369
464622410734734	464622430645879	464622423229265
464622435521140	464622447084994	464622435811609
464622444135307	464622455305254	464622444412390
464622460763015	464622471743952	464622461021088
464622477406140	464622488181191	464622477681609
464622494045619	464622512835567	464622508278484
464622510702338	464622529272285	464622510993484
464622537682702	464622553929160	464622537975827
464622544303171	464622562148431	464622544575046
464622560762650	464622578586609	464622561032077
464622577428640	464622595023952	464622590607182
464622601665984	464622619678900	464622601975202
464622610838484	464622627898118	464622611068327
464622627488171	464622644334057	464622627755984
464622644209421	464622660772702	464622644462077
464622660835515	464622677212702	464622674867077
464622677518744	464622693653640	464622677781244
464622702412859	464622718317181	464622702707025
464622710809734	464622726539524	464622711090984
464622727516088	464622742986556	464622727786921
464622744185671	464622759429108	464622744448015
464622760848327	464622775869629	464622760943015
464622785673431	464622800529473	464622785970984
464622794157338	464622808749265	464622794520775
464622810867650	464622825189161	464622811123796
464622827509213	464622841626452	464622827769369
464622844220671	464622858065879	464622855986452
464622868907702	464622882724629	464622869182806
464622877503015	464622890944473	464622877773327
464622894173744	464622907385306	464622894530827
464622910859994	464622923823119	464622911135463
464622927495931	464622948482442	464622943525984
464622944192806	464622956701869	464622944481556
464622969186765	464622981363119	464622969480827
464622977534577	464622989583170	464622977805359
464622994097963	464623006023587	464622994460619
464623010779108	464623022462598	464623011059890
464623027480046	464623047119629	464623040817546
464623052127806	464623063559368	464623052438744
464623060795463	464623071778743	464623061066765
464623077460515	464623088219368	464623077740775
464623094124369	464623104659890	464623094507442
464623110863900	464623129322337	464623123709108
464623135453744	464623145761139	464623135740515
464623144153275	464623162199994	464623144434733
464623160789890	464623178638483	464623161070202
464623177418119	464623195078431	464623177680775
464623194058588	464623211517701	464623208222702
464623210743796	464623227955254	464623211021400
464623237313483	464623252614525	464623237596348
464623244136921	464623260834941	464623244431244
464623260769265	464623277275567	464623261036713
464623277388744	464623293714316	464623277663796
464623294130619	464623310154994	464623297119733
464623318676765	464623334814160	464623318952858
464623327433431	464623343035567	464623327705515
464623344153796	464623359476504	464623344407963
464623360798952	464623375915671	464623361068327
464623377441556	464623392352858	464623387113171

POLL t=69.7 tick=2024
8333333
464633274488011	464633287907802	464633274886917
464633277709417	464633296124365	464633278244105
464633294434521	464633312559885	464633294812334
464633311137698	464633328998636	464633317813167
464633335583948	464633345437021	464633335884834
464633344462073	464633361875719	464633344742230
464633361085198	464633378314677	464633361372073
464633377766605	464633394753896	464633383823323
464633401981448	464633419411187	464633402301605
464633411174834	464633427630980	464633411523011
464633427827021	464633444069156	464633428210667
464633444516865	464633460505042	464633452926917
464633470270979	464633485157177	464633470570823
464633477829573	464633493375041	464633478108479
464633494504834	464633509808010	464633494786604
464633511210511	464633526241969	464633518699261
464633535727698	464633550893166	464633536044209
464633544551917	464633559111344	464633544824677
464633561215354	464633575544937	464633561488427
464633577920198	464633591980354	464633585485667
464633602576136	464633616635667	464633602936448
464633611209886	464633624853375	464633611477854
464633627874677	464633641287749	464633628249261
464633644584573	464633657724781	464633652741240
464633668984573	464633682379573	464633669278011
464633677881396	464633690597333	464633678143636
464633694551448	464633707034677	464633694828427
464633711217854	464633723470093	464633719148636
464633735742854	464633748126136	464633736047646
464633744554886	464633756345614	464633744829729
464633761190354	464633772785197	464633761457698
464633777874886	464633789222490	464633787343115
464633802291604	464633813878219	464633802583167
464633811177386	464633822097124	464633811475198
464633827847542	464633838535562	464633828219990
464633844601136	464633854975926	464633852319261
464633869053011	464633879635979	464633869366604
464633877907229	464633896073167	464633878175667
464633894580146	464633912510094	464633894847073
464633911260667	464633928950041	464633917385511
464633935766292	464633953612646	464633936072854
464633944717542	464633961834104	464633944988323
464633961385042	464633978277125	464633961592542
464633977969729	464633994720197	464633983827698
464634003211448	464634019382177	464634003637386
464634011354208	464634027601656	464634011715042
464634027998167	464634044038167	464634028396761
464634044672229	464634068692281	464634060743323
464634061338583	464634076910771	464634061502698
464634086135146	464634101563531	464634086442333
464634094646761	464634109781760	464634094919208
464634111340511	464634134438583	464634126326917
464634128055510	464634142657698	464634128369417
464634155819208	464634167315198	464634156122177
464634161370354	464634175535145	464634161717490
464634178042854	464634191970458	464634178372229
464634194672073	464634208406760	464634202304729
464634219177333	464634233062228	464634219479208
464634227999365	464634241281812	464634228376396
464634244735615	464634257718166	464634245003323
464634261403635	464634274155510	464634267491917
464634285797490	464634298815093	464634286095823
464634294681135	464634307035510	464634294961135
464634311352385	464634323474155	464634311627854
464634328069833	464634339912645	464634335670510
464634352661083	464634364570145	464634352956292
464634361358323	464634372788948	464634361645354
464634378016292	464634389226655	464634378291292
464634394686135	464634405660615	464634402376604
464634419297385	464634430317698	464634419594260
464634428055354	464634438537594	464634428389417
464634444722385	464634454979051	464634444991135
464634461479104	464634479642489	464634466594729
464634485894677	464634504302698	464634486196917
464634494720979	464634512521655	464634495005198
464634511390979	464634528959676	464634511676448
464634536203948	464634553619989	464634536504990
464634544737854	464634561838843	464634545021396
464634561506917	464634578275614	464634561786604
464634585919208	464634602928271	464634586215510
464634594768479	464634611146499	464634595042021
464634611465354	464634627582854	464634611732333
464634636337385	464634652239000	464634636685146
464634644719573	464634660455874	464634644996708
464634661461604	464634676892697	464634661738948
464634678123792	464634693331655	464634678414417
464634709130823	464634726205562	464634709528479
464634711390979	464634734424885	464634711721135
464634728121708	464634742645353	464634738177854
464634753047229	464634767303479	464634753337385
464634761378896	464634775522697	464634761666135
464634778122073	464634791957905	464634778405302
464634803511291	464634816618791	464634803831552
464634811442698	464634824838843	464634811711448
464634828123479	464634841277801	464634828381239
464634844746708	464634857715457	464634845038896
464634874550510	464634890590197	464634874861135
464634878059416	464634898808948	464634878379521
464634894779260	464634907026239	464634895035198
464634911425198	464634923463947	464634911715510
464634940801916	464634956335979	464634940906448
464634944735666	464634964554624	464634945062073
464634961448896	464634980991968	464634974387541
464634978053583	464634989210978	464634978357802
464635006572541	464635022089312	464635006877541
464635011342177	464635030309311	464635011652073
464635028025458	464635038528322	464635028489677
464635044714052	464635063184936	464635055260146
464635070028271	464635087843010	464635070388166
464635078004729	464635096062593	464635078290823
464635094715354	464635112500822	464635094793323
464635111477698	464635128940250	464635114616396
464635136115927	464635153600718	464635136420510
464635144812698	464635161819364	464635148140354
464635161439260	464635178257802	464635166721396
464635185916916	464635202915041	464635186181864
464635194726760	464635211134624	464635195049260
464635211434052	464635227571708	464635212192958
464635228121552	464635244012072	464635234098948
464635252769573	464635268670301	464635253054104
464635261428635	464635276889937	464635261699885
464635278067489	464635293328687	464635278359104
464635302947073	464635317984624	464635303235354
464635311421395	464635326203739	464635311693895
464635328129573	464635342641551	464635328512073
464635354741864	464635367297333	464635355022541
464635361393635	9223372036854775807	464635361685823

POLL t=79.7 tick=2176
8333333
464643087715820	464643100795611	464643088072382
464643096670455	464643109013110	464643096942226
464643113331601	464643125450559	464643113651445
464643130027851	464643141887642	464643133665507
464643154208007	464643166543788	464643154564257
464643163336445	464643174763944	464643163704674
464643180029257	464643191202225	464643180280142
464643196730195	464643207642070	464643200182070
464643221000142	464643232300767	464643221287174
464643230033320	464643240520194	464643230298788
464643246676705	464643256960871	464643246946288
464643263367226	464643281621028	464643270929986
464643287659413	464643298064621	464643287950976
464643296687538	464643314508371	464643296945663
464643313349726	464643330949256	464643313622069
464643330028944	464643347389517	464643334539882
464643354869569	464643372049881	464643355232226
464643363334882	464643380269309	464643363628580
464643380060976	464643396707902	464643380489569
464643396717642	464643413144048	464643401913788
464643420824830	464643437798007	464643421112226
464643430026913	464643446016704	464643430297642
464643446696288	464643462450506	464643446963007
464643463383007	464643478884100	464643470636757
464643487609986	464643503536080	464643487908007
464643496611080	464643511754100	464643496881913
464643513313632	464643528190819	464643513587174
464643529969569	464643544628267	464643538404101
464643554222382	464643569284673	464643554521132
464643563304257	464643577503110	464643563609726
464643579973476	464643593940767	464643580356705
464643596733319	464643610376965	464643601618944
464643620826757	464643635029412	464643621189101
464643630017538	464643643247277	464643630302538
464643646692538	464643659681809	464643646963632
464643663483736	464643676116965	464643672212069
464643687692382	464643700769725	464643688009882
464643696626757	464643708986861	464643696903111
464643713360299	464643725422173	464643713627330
464643730012226	464643741858266	464643737872382
464643754161288	464643766511184	464643754458007
464643763317538	464643774730298	464643763624673
464643780044986	464643791167850	464643780402382
464643796728788	464643807607589	464643802544882
464643820925923	464643832263318	464643821219257
464643830059986	464643840482590	464643830353944
464643846699413	464643856920038	464643847072798
464643863411132	464643881577381	464643869283736
464643887558892	464643898015090	464643887848319
464643896701444	464643914454778	464643896970194
464643913368319	464643930892641	464643913649726
464643930043163	464643947327642	464643935368788
464643954046444	464643971984048	464643954363892
464643963396132	464643980203422	464643963743632
464643980050142	464643996640141	464643980403163
464643996756444	464644013076340	464644004347225
464644020892069	464644037727902	464644021187642
464644030027486	464644045944933	464644030305767
464644046699986	464644062381183	464644046970507
464644063401600	464644078817641	464644068932017
464644087660507	464644103477381	464644087950611
464644096632538	464644111697225	464644096928892
464644113371132	464644128136964	464644113648788
464644130079048	464644144574777	464644138782850
464644154309830	464644169228891	464644154615767
464644163368892	464644177446027	464644163656444
464644180069673	464644193880298	464644180400611
464644196748007	464644210314725	464644201702330
464644220618788	464644234966964	464644220903892
464644230039257	464644243184986	464644230364100
464644246690038	464644259620194	464644246962330
464644263666132	464644276056964	464644268725455
464644287526444	464644300713580	464644287808163
464644296705611	464644308931391	464644296969569
464644313421913	464644325369621	464644313685038
464644330124569	464644341810610	464644337762694
464644354103111	464644366473006	464644354403892
464644363417382	464644374694204	464644363667069
464644380139725	464644391135767	464644380486236
464644396856548	464644407575246	464644401464882
464644421214413	464644432233735	464644421496288
464644430161132	464644448671547	464644430438475
464644446791600	464644465110245	464644447048319
464644463528632	464644481548683	464644468280350
464644487910611	464644497986860	464644488239673
464644496715194	464644514426860	464644496976913
464644513431444	464644530864777	464644513701132
464644530137017	464644547304152	464644536957954
464644555756600	464644571962746	464644556040507
464644563405142	464644580180975	464644563697069
464644580102486	464644596618006	464644580458007
464644596775507	464644613053578	464644607699100
464644621581913	464644637709100	464644621876288
464644630083892	464644645927746	464644630358892
464644646764100	464644662364204	464644647034517
464644663433788	464644678800558	464644670699048
464644688268579	464644703455350	464644688557173
464644696794204	464644711674047	464644697067694
464644713401288	464644728113995	464644713672694
464644730173475	464644744557328	464644737900819
464644754915819	464644769217589	464644755212642
464644763444517	464644777436392	464644763711392
464644780121288	464644793874048	464644780487642
464644796805038	464644810312173	464644802081288
464644821053319	464644834966965	464644821345038
464644830044204	464644843185662	464644830326600
464644846735923	464644859624517	464644847004725
464644863400975	464644876063527	464644869743475
464644888280663	464644900724256	464644888643319
464644896656288	464644908943683	464644896934256
464644913398475	464644925383527	464644913673163
464644930100298	464644941820766	464644939256861
464644954712173	464644966475975	464644955013475
464644963400819	464644974695194	464644963661861
464644980082538	464644991133266	464644980430506
464644996743631	464645007570037	464645001323475
464645021476913	464645032225089	464645021840038
464645030012538	464645048662068	464645030291756
464645046676079	464645056880558	464645046979360
464645063419413	464645081536496	464645069462694
464645088538475	464645106191079	464645088916756
464645096693163	464645114409829	464645097069569
464645113373944	464645130848422	464645113656913
464645130033319	464645147286964	464645139329204
464645154697850	464645171946235	464645155035663
464645163377485	464645180165871	464645163667225
464645180076235	464645196604152	464645180419360

POLL t=91.6 tick=2396
8333333
464655097490190	464655108052898	464655097754669
464655114167065	464655124488627	464655123224721
464655138740607	464655149143627	464655139040971
464655147446284	464655165580815	464655147723159
464655164241857	464655182017221	464655164504044
464655180851127	464655198457012	464655182663159
464655205649252	464655223113679	464655206049877
464655214102638	464655231331127	464655214394044
464655230788732	464655247767221	464655231150815
464655247454409	464655264205294	464655256810346
464655272076440	464655288864044	464655272375607
464655280819409	464655297082273	464655281089096
464655297541075	464655313520815	464655297804409
464655314220346	464655329961023	464655315171284
464655338740450	464655354618783	464655339049200
464655347524877	464655362839720	464655347789721
464655364214409	464655379279148	464655373508159
464655388690034	464655403936440	464655389065138
464655397524513	464655412156960	464655397787377
464655414182377	464655428598940	464655414458627
464655430830190	464655445038783	464655436859877
464655454907482	464655469697429	464655455212325
464655464156596	464655477916179	464655464438471
464655480814096	464655494355346	464655481098263
464655497563784	464655510793470	464655498464565
464655522237846	464655535451596	464655522536232
464655530816909	464655543669773	464655531116596
464655547537065	464655560108263	464655547811284
464655564265502	464655576543627	464655570500659
464655588565294	464655601199304	464655588853002
464655597541596	464655609418262	464655597805138
464655614193627	464655625855502	464655614454825
464655630873106	464655642291492	464655633670659
464655655496596	464655666943731	464655655865659
464655664202534	464655675161752	464655664468627
464655680900034	464655691598106	464655681219252
464655697538940	464655708033263	464655707773419
464655722352690	464655732684460	464655722663002
464655730873784	464655740901647	464655731139721
464655747535190	464655765555971	464655747837221
464655764264877	464655781993210	464655769735502
464655788564200	464655806648418	464655788930815
464655797553419	464655814867533	464655797820294
464655814216440	464655831305919	464655814500502
464655830905190	464655847745502	464655834392846
464655854923627	464655872400085	464655855216388
464655864207690	464655880619148	464655864484721
464655880868315	464655897058002	464655881139408
464655897551908	464655913494773	464655898793158
464655921563471	464655938150345	464655921879096
464655930830346	464655946368887	464655931198002
464655947487690	464655962805554	464655957411908
464655971599877	464655987456335	464655971871908
464655980838158	464655995671960	464655981114669
464655997546752	464656012105762	464655997805294
464656014224096	464656028539668	464656016219877
464656038282221	464656053193575	464656038592481
464656047531544	464656061411491	464656047872169
464656064286908	464656077844929	464656064610294
464656080882638	464656094279877	464656092806752
464656106655919	464656118934043	464656106947169
464656114216231	464656127151960	464656114489408
464656130895190	464656143587742	464656131273002
464656147568940	464656160024564	464656152276700
464656171290971	464656184679251	464656171589252
464656180912846	464656192897793	464656181180294
464656197574565	464656209334512	464656197835658
464656214321700	464656225773314	464656217681283
464656238607794	464656250425554	464656238900815
464656247662533	464656258643835	464656248057950
464656264285815	464656275079929	464656264539252
464656280980762	464656291516075	464656283852846
464656305136700	464656316167221	464656305505190
464656314221752	464656332599303	464656314499408
464656330914512	464656349031959	464656331268471
464656347701752	464656365465397	464656351879877
464656371992065	464656390117169	464656372277377
464656381012481	464656398334564	464656381326856
464656397633627	464656414769980	464656397900658
464656414357064	464656431203574	464656419793314
464656438707846	464656455852793	464656439016544
464656447605033	464656464070918	464656447899356
464656464350450	464656480505241	464656464598419
464656481026596	464656496940137	464656483155137
464656505625189	464656521592532	464656505964564
464656514220189	464656529810971	464656514499512
464656530941283	464656546245605	464656531303575
464656547657846	464656562680554	464656553773106
464656572413314	464656587331283	464656572724877
464656580988627	464656595550345	464656581300971
464656597591439	464656611986699	464656597865502
464656614295294	464656628422949	464656620845658
464656638955814	464656653078626	464656639240658
464656647641283	464656661295866	464656647939721
464656664323627	464656677730814	464656664595189
464656681009356	464656694166127	464656684923314
464656705712794	464656718816752	464656706057064
464656714281908	464656727035710	464656714566908
464656730884877	464656743472845	464656731248783
464656747677325	464656759908053	464656755224408
464656771811856	464656784559304	464656772112377
464656780945502	464656792775189	464656781219096
464656797607169	464656809207584	464656797870658
464656814272533	464656825639199	464656816161596
464656838682794	464656850287064	464656838973575
464656847605346	464656858504981	464656847987221
464656864283158	464656874938939	464656864553418
464656880960189	464656891373939	464656889065814
464656905262168	464656916027845	464656905567221
464656914215189	464656932462637	464656914516439
464656930910033	464656948900970	464656931270658
464656947617064	464656965339928	464656948948939
464656972705814	464656989996230	464656973145189
464656980880658	464656998215814	464656981247325
464656997603627	464657014654356	464656997957221
464657014247064	464657031092845	464657029488471
464657030945450	464657047530085	464657032084512
464657055943314	464657072187533	464657056332637
464657064358262	464657080406126	464657064603939
464657080934095	464657096845188	464657081193418
464657097602845	464657113284616	464657108127168
464657122373002	464657137939356	464657122734200
464657130923470	464657146158261	464657131281075
464657147620189	464657162595553	464657147861387
464657164287377	464657179031803	464657170138575
464657188802689	464657203689511	464657189082168
464657197594095	464657211910345	464657197868470

POLL t=103.4 tick=2552
8333333
464666882539040	464666899335862	464666891676592
464666905540602	464666915769039	464666905853467
464666915970810	464666932200133	464666916288779
464666932530446	464666948633467	464666932811227
464666949258310	464666965064664	464666949340133
464666974044404	464666989712008	464666974335029
464666982575446	464666997928727	464666982890446
464666999264977	464667014361747	464667005339092
464667022026383	464667039008154	464667022316123
464667032589717	464667047224924	464667032853258
464667049236852	464667071876956	464667064199873
464667065913467	464667080094560	464667066271540
464667091251227	464667104744612	464667091576748
464667099190342	464667112960341	464667099543467
464667115900290	464667129389716	464667126249560
464667139058779	464667154032216	464667139343623
464667149257685	464667162246852	464667149529352
464667165923571	464667186892893	464667180852373
464667182610342	464667195109612	464667182945810
464667210871071	464667227979039	464667211238467
464667215917842	464667236195550	464667216286592
464667232641279	464667244412373	464667232976071
464667256104404	464667269061279	464667256399248
464667265873883	464667277276487	464667266265810
464667282592529	464667293707946	464667282899821
464667299259717	464667310141227	464667301701435
464667322167060	464667334792581	464667322467946
464667332625133	464667351227841	464667332961279
464667349232529	464667359442945	464667349513571
464667365911592	464667375875342	464667371235967
464667388973467	464667400527008	464667389290967
464667399211748	464667416959455	464667399499560
464667415881904	464667433391747	464667431083727
464667432604717	464667449822737	464667432965498
464667456040498	464667466253779	464667456296383
464667465887060	464667482683623	464667466260602
464667482603623	464667499113570	464667489386852
464667505536435	464667523757425	464667505826748
464667515945029	464667531973206	464667516227217
464667532619560	464667548403362	464667548006539
464667549265758	464667564835237	464667549623310
464667573061123	464667589483518	464667573358883
464667582588883	464667597698778	464667582857998
464667599278779	464667614130653	464667606116279
464667621965029	464667638778049	464667622257164
464667632608466	464667646992841	464667632878310
464667649255185	464667671638153	464667664216591
464667665929508	464667679852528	464667666287841
464667690530498	464667704497737	464667690819977
464667699271435	464667712713831	464667699533935
464667715940185	464667729147373	464667722505446
464667738704560	464667753793258	464667738999560
464667749221123	464667762008049	464667749515185
464667765883935	464667786656383	464667781237373
464667782618779	464667794870653	464667782968466
464667810225654	464667827726591	464667810423623
464667815895498	464667835940862	464667816268466
464667832590654	464667844154664	464667837795185
464667855368727	464667868795236	464667855655966
464667865928883	464667877008830	464667866294664
464667882601279	464667893435028	464667890159352
464667906884091	464667918076226	464667907190966
464667915884352	464667926291904	464667916174873
464667932626904	464667950936382	464667932900341
464667949283623	464667967364716	464667949475185
464667972965341	464667983795862	464667973264091
464667982625185	464668000226643	464667982897373
464667999275914	464668016656903	464668005478466
464668022050341	464668033086070	464668022337216
464668032630341	464668049515809	464668032907373
464668049308935	464668065945757	464668049633779
464668065962841	464668082375289	464668067836279
464668088757529	464668107022529	464668089116435
464668099307529	464668115237581	464668099597789
464668115989716	464668131667476	464668116258154
464668132765810	464668148098466	464668136280654
464668155525966	464668172742685	464668155799248
464668165949560	464668180956747	464668166326383
464668182692841	464668205594247	464668197862477
464668199387008	464668213807320	464668199712060
464668226096383	464668238449924	464668226393414
464668232710341	464668246665028	464668233042320
464668249320029	464668263092164	464668249596383
464668272978779	464668287731539	464668273274404
464668282697945	464668295944664	464668282948310
464668299369716	464668312370705	464668299629039
464668316048935	464668328799455	464668316350029
464668341456747	464668353441122	464668341750289
464668349362841	464668361654976	464668349648414
464668365954820	464668378080237	464668375536435
464668388939560	464668402716070	464668389225341
464668399348779	464668410929299	464668399621904
464668416052008	464668427356331	464668416267477
464668432795654	464668443782892	464668433169039
464668456734352	464668468418831	464668457032685
464668465995810	464668476632059	464668466360966
464668482725497	464668493058258	464668489733466
464668505570029	464668517700654	464668505862789
464668515984872	464668525916174	464668516250029
464668532726591	464668550562632	464668532977841
464668549422060	464668566990862	464668549873466
464668573347060	464668591633570	464668573642164
464668582642685	464668599848101	464668582911279
464668599416122	464668616276695	464668606549560
464668622263466	464668632704091	464668622551852
464668632711747	464668649132841	464668632977008
464668649349195	464668665559611	464668664700185
464668666012997	464668681986591	464668666364976
464668692534560	464668706627736	464668692828466
464668699302841	464668714842372	464668699658258
464668716084560	464668731270653	464668716359091
464668732689091	464668747700913	464668733036226
464668756334091	464668772347216	464668756695341
464668766016226	464668780563101	464668766423570
464668782675029	464668796996643	464668782944508
464668799425654	464668813428205	464668803732372
464668822239716	464668838072580	464668822531904
464668832676279	464668846287007	464668832942945
464668849342008	464668870932424	464668864753466
464668865991903	464668879147320	464668866350497
464668893295341	464668903794872	464668893592372
464668899329872	464668912011382	464668899680653
464668916074560	464668928446486	464668916382685
464668937810289	464668953096695	464668938110653
464668949324091	464668961314143	464668949601435
464668965970445	464668977745548	464668966334872
464668982617685	9223372036854775807	9223372036854775807

POLL t=115.1 tick=2718
8333333
464678584283462	464678599809868	464678592102837
464678609732837	464678624455337	464678610085285
464678617567369	464678632670024	464678617836275
464678634252994	464678649101014	464678634521223
464678650940806	464678665533878	464678655582160
464678673848150	464678690180181	464678674133619
464678684241379	464678698395910	464678684522525
464678700878618	464678714825336	464678701250754
464678717583098	464678731257368	464678717948931
464678742683462	464678755903305	464678742971900
464678750915754	464678764118775	464678751177004
464678767604400	464678780549920	464678772468410
464678790533150	464678805197263	464678790823775
464678800851848	464678813413358	464678801218775
464678817592368	464678829844972	464678817862004
464678834251691	464678846276586	464678841371066
464678857406275	464678870925493	464678857694191
464678867605493	464678879141222	464678867844868
464678884246066	464678903790493	464678898612316
464678900911431	464678912007368	464678901275337
464678926400598	464678936656587	464678926703618
464678934268566	464678944873774	464678934612212
464678950912473	464678961306378	464678956561743
464678973863150	464678985954972	464678974152212
464678984329504	464679002387525	464678984545650
464679000924556	464679018821170	464679001281118
464679017603098	464679035254660	464679017863931
464679043945181	464679059901118	464679044237681
464679050892212	464679068115962	464679051260025
464679067574400	464679084542628	464679076981275
464679090680181	464679100971534	464679090997473
464679100925129	464679117401743	464679101283462
464679117592785	464679133833305	464679117861379
464679134287681	464679150266795	464679138441431
464679157132525	464679174915285	464679157419556
464679167549712	464679183130806	464679167838931
464679184256535	464679199562420	464679198949400
464679200914504	464679215997003	464679201274087
464679224746275	464679240644243	464679225031275
464679234228566	464679248860701	464679234497785
464679250960441	464679265296743	464679257376066
464679273757681	464679289948045	464679274052837
464679284254243	464679298164347	464679284535597
464679300926587	464679322812941	464679316037525
464679317609191	464679331028878	464679317941118
464679342992212	464679355676586	464679343277785
464679350924087	464679363893774	464679351188618
464679367596274	464679380329035	464679373394868
464679391217524	464679404978878	464679391590806
464679400920962	464679413195232	464679401350441
464679417596743	464679429627368	464679417866222
464679434295181	464679446058982	464679436340024
464679457369399	464679470705910	464679457733462
464679467533931	464679478921431	464679467854087
464679484261535	464679495354815	464679484549399
464679500927629	464679511788045	464679506187785
464679523958774	464679536433409	464679524249504
464679534264243	464679544651326	464679534542785
464679550921066	464679569301430	464679551179868
464679567584399	464679585734816	464679567910181
464679595252004	464679610380858	464679595573566
464679600916899	464679618595597	464679601326587
464679617599660	464679635025232	464679617892056
464679634217212	464679651457368	464679634547524
464679658908462	464679676105388	464679659240337
464679668705441	464679684322368	464679669017837
464679685418410	464679700755909	464679685681118
464679702125806	464679717187941	464679710140024
464679725497524	464679741834607	464679725814504
464679735521743	464679750050858	464679735797056
464679752129191	464679766482315	464679752401535
464679768888462	464679782914139	464679772261431
464679791922160	464679807561378	464679792222212
464679802099816	464679815778149	464679802472212
464679818774087	464679832210648	464679819042056
464679835456118	464679848643305	464679836420910
464679858632837	464679873294087	464679858925649
464679868707837	464679881511378	464679868979972
464679885547212	464679897945388	464679893613462
464679908933931	464679922589451	464679909219660
464679918784243	464679930805128	464679919060337
464679935524087	464679955450649	464679951782212
464679952370910	464679963665596	464679952475181
464679976031587	464679988315597	464679976381378
464679985556274	464679996532836	464679985821431
464680002222368	464680012966430	464680002586118
464680018976899	464680029402263	464680021682837
464680041989399	464680054055336	464680042270649
464680052279243	464680070492159	464680052587316
464680068871066	464680086928774	464680069137368
464680085624972	464680103364086	464680088512368
464680109439087	464680128015753	464680109725597
464680118824868	464680136233305	464680119098878
464680135555285	464680152667680	464680135829399
464680152302368	464680169102992	464680152591430
464680175385805	464680185536899	464680175677524
464680185545024	464680201969607	464680185837680
464680202238722	464680218401325	464680212619243
464680225098462	464680243048825	464680225382993
464680235546899	464680251265076	464680235817003
464680252233618	464680267699659	464680252487524
464680268923253	464680284130961	464680270010493
464680292171535	464680308776899	464680292464399
464680302178462	464680316993982	464680302560128
464680318931743	464680333428878	464680327052785
464680342444347	464680358085024	464680342744816
464680352192628	464680366302420	464680352455805
464680368881587	464680390956586	464680385227055
464680385561118	464680399175232	464680385814087
464680409635337	464680423827003	464680409924712
464680418877368	464680432043878	464680419147055
464680435539712	464680448479711	464680443364868
464680458471118	464680473135440	464680458775962
464680468832680	464680481354398	464680469111743
464680485501274	464680506010180	464680501906534
464680502219816	464680514227575	464680502547680
464680529508878	464680547098357	464680529868774
464680535477680	464680555317836	464680535900441
464680552222368	464680563536899	464680552543722
464680568919555	464680579973253	464680569221534
464680594397941	464680612843513	464680594747055
464680602159555	464680621061378	464680602446899
464680618871743	464680629279138	464680627160805
464680642008462	464680653932627	464680642301430
464680652207524	464680662150075	464680652604399
464680668878774	464680686804971	464680669144868
464680685597836	464680703242159	464680686400805

POLL t=127.1 tick=2959
8333333
464690925672624	464690942246218	464690925961270
464690936208301	464690950464343	464690936681895
464690952792676	464690966901478	464690953063926
464690969469551	464690983338457	464690974546270
464690992283301	464691007992363	464690992579030
464691002852937	464691016210384	464691003151426
464691019484343	464691032646321	464691019751895
464691036197155	464691049082416	464691037962833
464691058964030	464691073738353	464691059263874
464691069504239	464691081955489	464691069768093
464691086189864	464691098390228	464691094443770
464691109247208	464691123045123	464691109605124
464691119484083	464691131263717	464691119757364
464691136196114	464691147699030	464691136382051
464691152845489	464691164134655	464691157502051
464691175922364	464691188786165	464691176218926
464691186107364	464691197002832	464691186380905
464691202767832	464691221652988	464691218996062
464691219449812	464691229870697	464691219589707
464691244772832	464691262742311	464691245133145
464691252852520	464691270960020	464691253088770
464691269492051	464691287395436	464691277367989
464691292471582	464691303831946	464691292753770
464691302786218	464691320269811	464691303056530
464691319487051	464691336708197	464691319752312
464691336180437	464691353145592	464691336538249
464691359745489	464691377804655	464691360047207
464691369487207	464691386025176	464691369756374
464691386160332	464691402464864	464691392918301
464691409158249	464691427114967	464691409452676
464691419481895	464691435331946	464691419758562
464691436185645	464691459984343	464691451621895
464691452841895	464691468202259	464691453192624
464691480693457	464691492859811	464691481079395
464691486135020	464691501079551	464691486523614
464691502835437	464691517515697	464691507596739
464691525747312	464691542169811	464691526041999
464691536201374	464691550388197	464691536475801
464691552853770	464691566823718	464691559379239
464691577447520	464691591473508	464691577852989
464691586152989	464691599690123	464691586418457
464691602825176	464691616123353	464691603084082
464691619501426	464691632559446	464691621931270
464691642920489	464691657209395	464691643228614
464691652847051	464691665426530	464691653136426
464691669494811	464691681860592	464691669763561
464691686177989	464691698296582	464691690087364
464691709188614	464691722948769	464691709476374
464691719489082	464691731166270	464691719778718
464691736226061	464691755821269	464691751898145
464691752852989	464691764039290	464691753202936
464691780283874	464691796910332	464691780657364
464691786183614	464691805129082	464691786524082
464691802861530	464691813348873	464691803194186
464691819501426	464691829787936	464691819858718
464691844370124	464691854444395	464691844670801
464691852856738	464691870884394	464691853130176
464691869562207	464691887319811	464691869828718
464691886242624	464691903755488	464691888130332
464691909402051	464691920190071	464691909774655
464691919537051	464691936622831	464691919866374
464691936218770	464691953054654	464691936506895
464691952915124	464691969488197	464691958655645
464691976496270	464691994141165	464691976864030
464691986282155	464692002358560	464691986585436
464692002932624	464692018792415	464692003220957
464692019706895	464692035225592	464692019846374
464692044274238	464692059878145	464692044578770
464692052897832	464692068095592	464692053173145
464692069667363	464692084532051	464692076498926
464692092642207	464692109187884	464692092949499
464692102944551	464692117406998	464692103221843
464692119656843	464692133847467	464692119933926
464692136441218	464692150286634	464692136788145
464692163634811	464692174944447	464692163894499
464692169703249	464692183163665	464692170057988
464692186294551	464692199603977	464692194240124
464692209233405	464692224262519	464692209538145
464692219643561	464692232483456	464692219910957
464692236320801	464692257134602	464692250435020
464692253086999	464692265353300	464692253214863
464692279344655	464692290006060	464692279625645
464692286394707	464692298223509	464692286715801
464692303024342	464692314657363	464692309535436
464692326642624	464692339306478	464692326990176
464692336377155	464692347523457	464692336667155
464692353013874	464692363957363	464692353366374
464692369721842	464692380389811	464692373895488
464692393152780	464692405040280	464692393517207
464692403190228	464692413258874	464692403485645
464692419724395	464692437910540	464692419980332
464692436373405	464692454347414	464692439923770
464692459936113	464692470785540	464692460298926
464692469684551	464692487223405	464692469949342
464692486357676	464692503662467	464692486615749
464692503023926	464692520100696	464692504422363
464692526261582	464692536536269	464692526598457
464692536259082	464692552972311	464692536645332
464692552998926	464692569406478	464692553360644
464692569699707	464692585840956	464692573935488
464692593297832	464692610495591	464692593666374
464692603015749	464692618714602	464692603332207
464692619650644	464692635150592	464692619917988
464692636334499	464692651589238	464692637492519
464692661733874	464692676244133	464692662027467
464692669621842	464692684462311	464692669901374
464692686302676	464692700898613	464692691697988
464692709472832	464692725551634	464692709766374
464692719638249	464692733768926	464692719903457
464692736294186	464692758422623	464692750078561
464692752985176	464692766640540	464692753335488
464692778746582	464692791290644	464692779039394
464692786291426	464692799508144	464692786627624
464692803010332	464692815943560	464692803407988
464692819604863	464692832377988	464692819863561
464692843072676	464692857028769	464692843740905
464692853001999	464692865246373	464692853279551
464692869643301	464692881679863	464692869909342
464692886324863	464692898114758	464692888221269
464692909426061	464692922766217	464692909721530
464692919621373	464692930984915	464692919965332
464692936389863	464692947420384	464692936642519
464692952950123	464692963852519	464692958966738
464692976296738	464692988500227	464692976582207
464692986306582	464692996716009	464692986575332
464693002966426	464693021366269	464693016981582
464693019673144	464693037799915	464693020081738

POLL t=137.3 tick=3124
8333333
464700986718141	464701000584287	464700987087360
464701003403766	464701017023922	464701005667985
464701027148766	464701041682204	464701027516422
464701036739547	464701049902203	464701037050902
464701053392308	464701066342881	464701053672204
464701070098922	464701082783922	464701074012933
464701096282672	464701107440172	464701096648610
464701103395172	464701115660119	464701103664339
464701120080120	464701132100641	464701120346735
464701136771370	464701148541995	464701137292829
464701159966266	464701173206058	464701160259808
464701170054183	464701181426630	464701170324808
464701186719079	464701197867411	464701192397985
464701209771891	464701222525016	464701210070641
464701220060016	464701230744860	464701220320797
464701236720172	464701247184286	464701242448610
464701259687672	464701271844234	464701259969964
464701270062985	464701288282203	464701270332516
464701286715797	464701304720901	464701300836370
464701303399547	464701321161474	464701303735954
464701330007933	464701345819599	464701330288297
464701336730172	464701354038766	464701337080016
464701353376266	464701370477360	464701362184547
464701376947516	464701386915120	464701377261422
464701386758922	464701403351786	464701387501891
464701403444547	464701419788193	464701403673401
464701420084235	464701436225901	464701428792464
464701442894547	464701460882776	464701443185016
464701453350797	464701469102359	464701453637151
464701470037204	464701485538140	464701484139183
464701493565172	464701510193089	464701493873141
464701503384339	464701518412932	464701503648297
464701520082985	464701534849911	464701520340329
464701536728297	464701551284963	464701537096839
464701560978141	464701575938193	464701561267985
464701570070016	464701584158141	464701570333558
464701586721214	464701600598609	464701592947985
464701609747985	464701625258609	464701610039547
464701620126735	464701633478245	464701620374079
464701636760276	464701658137411	464701650454391
464701653406058	464701666357047	464701653759860
464701680942516	464701691012724	464701681239547
464701686717985	464701699231578	464701687146578
464701703406058	464701715668869	464701710086735
464701726294391	464701740324182	464701726597985
464701736693453	464701748543661	464701736969235
464701753403453	464701773202099	464701768170797
464701770072464	464701781420485	464701770427933
464701795926058	464701814297203	464701796230953
464701803370953	464701822515796	464701803721735
464701820084703	464701830734442	464701829796683
464701843051214	464701855389963	464701843350172
464701853418141	464701863608245	464701853676891
464701870077047	464701888262516	464701883996995
464701893608870	464701904700536	464701893894078
464701903412672	464701921138453	464701903689078
464701920100016	464701937577098	464701920370485
464701936744391	464701954014703	464701936870641
464701960757516	464701978671422	464701961048610
464701970070485	464701986891318	464701970343141
464701986732516	464702003329964	464701993553297
464702009939808	464702019770120	464702010230433
464702020152620	464702036210849	464702020428297
464702036754391	464702052650380	464702050919078
464702053446058	464702069092411	464702053792047
464702081012672	464702093752568	464702081297932
464702086750120	464702101972672	464702087100641
464702103453922	464702118412203	464702114269391
464702126770016	464702143068140	464702127058453
464702136785953	464702151287255	464702137059391
464702153460485	464702167725119	464702153720641
464702170217672	464702184164599	464702170268245
464702195449651	464702208826838	464702195750120
464702203494703	464702217048818	464702203849651
464702220243141	464702233488504	464702226259391
464702242832776	464702258145276	464702243128610
464702253456110	464702266366526	464702253727932
464702270119182	464702291028296	464702284217359
464702286862672	464702299247307	464702287196370
464702313099078	464702323906161	464702313404703
464702320132151	464702332127254	464702320427620
464702336820016	464702348565744	464702344314339
464702360460953	464702373228141	464702360746578
464702370226578	464702381450067	464702370511266
464702386800589	464702397891629	464702387166266
464702403522984	464702414330380	464702406342516
464702426842047	464702438988557	464702427149391
464702436796266	464702447209026	464702437066214
464702453502151	464702471868401	464702453761734
464702470172359	464702488305588	464702471210172
464702494247464	464702504744807	464702494591839
464702503466370	464702521183557	464702503734339
464702520205172	464702537623245	464702520476526
464702536791109	464702554061995	464702545661422
464702559870745	464702570502202	464702560145016
464702570142047	464702586944078	464702570399547
464702586765641	464702603385016	464702587150797
464702603495172	464702619825849	464702603847203
464702629804703	464702644483609	464702630142359
464702636799547	464702652702879	464702637066682
464702653467047	464702669137098	464702659320797
464702676548453	464702693791161	464702676855953
464702686769859	464702702010692	464702687183870
464702703443766	464702726667931	464702718353141
464702720116891	464702734886056	464702720437620
464702743475484	464702759539599	464702743770953
464702753422359	464702767756786	464702753694078
464702770065797	464702784192620	464702776298766
464702793262047	464702808847047	464702793561109
464702803441578	464702817066109	464702803694703
464702820136526	464702841720745	464702834597307
464702836749807	464702849938713	464702837069234
464702863432516	464702874591525	464702863769078
464702870116422	464702882809077	464702870465328
464702886755432	464702899242984	464702893745172
464702909902203	464702923895223	464702910254703
464702920124078	464702932112984	464702920379026
464702936779547	464702948548557	464702937065120
464702953467672	464702964984806	464702954824547
464702976323297	464702989639130	464702976614703
464702986728245	464702997856369	464702987192047
464703003446422	464703014288817	464703003742203
464703020207047	464703030722671	464703022287151
464703042936265	464703055374807	464703043239390
464703053464859	464703071812307	464703053814859
464703070071838	464703088249963	464703070388765
464703086769390	9223372036854775807	464703090742515

POLL t=149.6 tick=3287
8333333
464713070522043	464713088284334	464713070850116
464713087096574	464713104717824	464713095634647
464713110110324	464713121148866	464713110401574
464713120455480	464713137578136	464713120855480
464713137120168	464713154011053	464713153373605
464713153784803	464713170443292	464713154134230
464713178416678	464713195088188	464713178743918
464713187112199	464713203305688	464713187384960
464713203785949	464713219740115	464713211209230
464713226902512	464713244389699	464713227204699
464713237104647	464713252605948	464713237370324
464713253770793	464713277256000	464713270152668
464713270435116	464713285472771	464713270525116
464713295696105	464713310125792	464713295984387
464713303732199	464713318344803	464713304062043
464713320455168	464713334779177	464713332512668
464713337126418	464713351211157	464713337480741
464713362419230	464713375861105	464713362788137
464713370478762	464713384078969	464713370707928
464713387134387	464713400512876	464713395446262
464713410345168	464713425156886	464713410653866
464713420448449	464713433371678	464713420848866
464713437123293	464713449801886	464713437383866
464713453792043	464713466233500	464713457995897
464713476768136	464713490882823	464713477060272
464713487115636	464713499099490	464713487387772
464713503782303	464713523748397	464713520009178
464713520452459	464713531965115	464713520651053
464713547051261	464713564829438	464713547342511
464713553787199	464713573045793	464713554135428
464713570468709	464713581262095	464713570789699
464713587140949	464713597695636	464713587641105
464713611125741	464713622344177	464713611488605
464713620694022	464713638776521	464713621211105
464713637147824	464713655208604	464713637404230
464713653761886	464713671640740	464713660881574
464713676813761	464713688072616	464713677179543
464713687065168	464713704505845	464713687348293
464713703743293	464713720939907	464713719773605
464713720490116	464713737372095	464713720615897
464713743373449	464713753805740	464713743693397
464713753742616	464713770238136	464713754043136
464713770600168	464713786668969	464713778264959
464713793620636	464713811314126	464713793914855
464713803823293	464713819529178	464713804117459
464713820495480	464713844176886	464713836371418
464713837175480	464713852391886	464713837532616
464713862191886	464713877040480	464713862493761
464713870515272	464713885258813	464713870846990
464713887187511	464713901691938	464713897336418
464713910372980	464713926341261	464713910678293
464713920502824	464713934559021	464713920864699
464713937165636	464713950994907	464713937433136
464713953850793	464713967432511	464713955765636
464713977067980	464713992086053	464713977434647
464713987167980	464714000304333	464713987441261
464714003821574	464714016739490	464714004092511
464714020513136	464714033175427	464714024082199
464714044852043	464714057824282	464714045150793
464714053785636	464714066041105	464714054067511
464714070447147	464714082475583	464714070755168
464714087192980	464714098911364	464714087593292
464714110192615	464714123564074	464714110501522
464714120491886	464714131782251	464714120959386
464714137192459	464714148216053	464714137467667
464714153877355	464714164649542	464714159766678
464714177047355	464714189299229	464714177341417
464714187171886	464714197515583	464714187453709
464714203835428	464714222164855	464714204116105
464714220554230	464714238598292	464714223614334
464714243925167	464714255035896	464714244241522
464714253865011	464714271470896	464714254148709
464714270575272	464714287905584	464714270832615
464714287266261	464714304339126	464714288432303
464714310650428	464714320775219	464714310936417
464714320517355	464714337208709	464714320903084
464714337355740	464714353642146	464714344239490
464714360509178	464714378294646	464714360814699
464714370608136	464714386514282	464714370867199
464714387250011	464714402953448	464714401775480
464714403956886	464714419393292	464714404236105
464714432140011	464714444047667	464714432485272
464714437316730	464714452266469	464714437644074
464714453887042	464714468703657	464714459126678
464714477267355	464714493357875	464714477547199
464714487266886	464714501575949	464714487585480
464714503901522	464714518011312	464714504160897
464714520602355	464714534447563	464714528470792
464714543938553	464714559101677	464714544252980
464714553972511	464714567319594	464714554246678
464714570618396	464714583753553	464714570891678
464714587343449	464714600188396	464714587983449
464714610894959	464714624839854	464714611185584
464714620543449	464714633057094	464714620906886
464714637293292	464714649494646	464714643626886
464714660753449	464714674149437	464714661036417
464714670569855	464714682365636	464714670839074
464714687293553	464714698800688	464714687551574
464714703936990	464714715232824	464714704260740
464714729098917	464714739881261	464714729378136
464714737254959	464714748098500	464714737526730
464714753963448	464714764531469	464714761657042
464714776907511	464714789181000	464714777190115
464714787264855	464714797398344	464714787542042
464714803934959	464714822049698	464714818744178
464714820581886	464714838483552	464714821088605
464714847184542	464714863135792	464714847556105
464714853992980	464714871352927	464714854340792
464714870547980	464714887786729	464714878498084
464714893730948	464714904220479	464714894017615
464714903903709	464714920655011	464714904174855
464714920528865	464714937092771	464714920897303
464714937272042	464714953532146	464714937412980
464714962475636	464714978191885	464714962761417
464714970561521	464714986411729	464714970931834
464714987242198	464715002850114	464714998194386
464715010387928	464715027504854	464715010683553
464715020580740	464715035722354	464715020941053
464715037265480	464715052158865	464715037535792
464715053973709	464715068596208	464715056681053
464715078830948	464715093249490	464715079112823
464715087298761	464715101467354	464715087663136
464715103918136	464715117904333	464715110061573
464715126904230	464715142561938	464715127184646
464715137274490	464715150781521	464715137556834
464715153948761	9223372036854775807	464715168512302
464715170688709	9223372036854775807	464715171014646

POLL t=161.6 tick=3533
8333333
464725011621101	464725028133131	464725011904851
464725022016257	464725036350059	464725022286101
464725038687455	464725052783340	464725038954330
464725055387455	464725069216882	464725058433705
464725078268549	464725093867090	464725078555945
464725088732195	464725102084955	464725089003288
464725105397351	464725118519278	464725105662142
464725122067976	464725134953444	464725122306726
464725146345632	464725159606101	464725146636726
464725155357767	464725167823653	464725155732924
464725172128288	464725184258236	464725178979538
464725195168445	464725208906777	464725195470007
464725205366101	464725217123236	464725205653288
464725222079851	464725233556413	464725222342976
464725238758288	464725249991778	464725240905267
464725261911569	464725274645683	464725262210111
464725272099382	464725282863549	464725272362194
464725288763601	464725299297975	464725295533601
464725311619642	464725323949902	464725311909694
464725322067611	464725332168757	464725322330944
464725338768757	464725356821882	464725353209069
464725362047663	464725373256986	464725362331205
464725372088757	464725389691257	464725372360424
464725388734538	464725406128183	464725389002351
464725405427767	464725422565371	464725405569851
464725428758288	464725439000058	464725429132976
464725438698236	464725455433913	464725439211986
464725455425632	464725471866152	464725455921049
464725472119694	464725488299017	464725479846205
464725495036101	464725512949902	464725495327142
464725505400788	464725521166101	464725505659955
464725522074174	464725537598600	464725522336257
464725538751413	464725554031360	464725538921257
464725562996257	464725578682402	464725563294017
464725572083080	464725586899225	464725572347351
464725588737038	464725603331308	464725595241830
464725611812663	464725627984642	464725612112038
464725622077142	464725636201204	464725622345111
464725638693236	464725660849225	464725653122611
464725655386413	464725669064850	464725655678132
464725681308132	464725693714590	464725681707819
464725688679069	464725701931725	464725688958913
464725705341101	464725718367558	464725715059069
464725728513601	464725743017090	464725728801205
464725738694486	464725751235058	464725738994851
464725755355476	464725767671309	464725755573705
464725772126257	464725784103287	464725773508861
464725794970007	464725808753236	464725795267194
464725805721778	464725816971725	464725805999642
464725822094226	464725833406621	464725822408288
464725838772038	464725849841517	464725847092351
464725861887038	464725874493809	464725862246569
464725872102455	464725882711985	464725872391048
464725888742194	464725899148236	464725889013913
464725905430111	464725915584746	464725909489225
464725928165632	464725940237610	464725928484538
464725938649017	464725956673704	464725938939173
464725955432819	464725973111569	464725955600423
464725972193861	464725989547454	464725975554955
464725995878913	464726014205736	464725996247819
464726005450475	464726022424277	464726005819538
464726022092142	464726038860632	464726022430632
464726038770892	464726055296257	464726048071673
464726062114538	464726079947141	464726062405007
464726072100632	464726088165631	464726072373080
464726088747350	464726104601205	464726089016882
464726105424069	464726121036881	464726106441725
464726128274642	464726145689955	464726128575475
464726138701048	464726153906881	464726138976048
464726155441257	464726170340214	464726163989225
464726178433444	464726194988757	464726178723913
464726188765580	464726203204590	464726189031725
464726205410944	464726227849642	464726219510475
464726222069538	464726236065058	464726222366725
464726248362663	464726260714485	464726248655944
464726255454694	464726268930632	464726255771569
464726272121569	464726285364902	464726277918236
464726295793757	464726310016985	464726296079642
464726305455788	464726318234173	464726305715632
464726322149850	464726334666569	464726328527663
464726345242038	464726359317663	464726345535736
464726355430267	464726367534172	464726355711725
464726372170944	464726392187714	464726386992298
464726388830632	464726400405527	464726389119382
464726414123861	464726425060110	464726414405007
464726422134850	464726433278184	464726422401257
464726438905944	464726449714797	464726443605007
464726462060111	464726474367142	464726462357038
464726472177038	464726482584433	464726472432507
464726488823757	464726507234642	464726503386725
464726505554486	464726523667037	464726505885163
464726530996725	464726548313131	464726531279381
464726538959173	464726556529277	464726539212767
464726555478131	464726572962506	464726568479329
464726572334694	464726589396360	464726572642611
464726596656725	464726614046308	464726596947819
464726605424069	464726622262454	464726605692454
464726622211829	464726638694069	464726628086829
464726645113392	464726655128287	464726645392194
464726655474069	464726671562402	464726655750892
464726672144381	464726687993548	464726686700579
464726688758704	464726704425995	464726689108288
464726712403861	464726729078339	464726712735944
464726722105736	464726737294902	464726722373079
464726738783131	464726753729329	464726745211100
464726762231725	464726778384329	464726762534694
464726772159642	464726786601829	464726772413444
464726788780944	464726803035892	464726789043704
464726805450631	464726819470579	464726805807038
464726830974017	464726844122089	464726831337663
464726838749017	464726852340527	464726839092767
464726855450006	464726868776204	464726864866725
464726878660788	464726893428756	464726878961881
464726888774069	464726901646047	464726889043288
464726905446100	464726918081881	464726905708236
464726922115579	464726934517975	464726923817819
464726944815736	464726959172818	464726945109069
464726955364850	464726967390371	464726955653444
464726972161985	464726983824433	464726972523548
464726988790631	464727000259589	464726990633913
464727012104225	464727024913131	464727012398131
464727022126517	464727033130370	464727022409225
464727038789069	464727049565162	464727039055319
464727055510319	464727065999225	464727056612663
464727078547506	464727090649017	464727078839798
464727088775475	464727098866829	464727089051413
464727105480319	464727123515683	464727111818392

POLL t=173.3 tick=3698
8333333
464736939124690	464736950572346	464736943505732
464736961784378	464736975223752	464736962087346
464736972507659	464736983442242	464736972863284
464736989106513	464736999878648	464736989377190
464737005773440	464737016315731	464737009362503
464737028505784	464737040977034	464737028802346
464737039103440	464737057415679	464737039394221
464737055858440	464737073852033	464737072824846
464737072516096	464737090287658	464737072842138
464737097464794	464737114943752	464737097839794
464737105718232	464737123162762	464737105993752
464737122456982	464737139599742	464737122747138
464737139124534	464737156037190	464737150842034
464737162279482	464737172470731	464737162570940
464737172478596	464737188906513	464737172821252
464737189139846	464737205344013	464737189398284
464737205791513	464737221778961	464737215069169
464737228861565	464737246435158	464737229177190
464737239123388	464737254653596	464737239396409
464737255792659	464737271087606	464737256081982
464737272485627	464737287523856	464737279459221
464737295188440	464737312179637	464737295490784
464737305831721	464737320396721	464737306191565
464737322475940	464737336831617	464737322735940
464737339145784	464737353266825	464737342806096
464737361973127	464737377917293	464737362255471
464737372497919	464737386133752	464737372753752
464737389092346	464737402570418	464737389372607
464737405806409	464737419007607	464737409900159
464737428527763	464737443664325	464737428836252
464737439128596	464737451883335	464737439394013
464737455746096	464737476538543	464737472957659
464737472733700	464737484758647	464737472972815
464737495275575	464737509419533	464737495566877
464737505759846	464737517640471	464737506128440
464737522415106	464737534080731	464737522694065
464737539147815	464737550519012	464737542140263
464737562155159	464737575172711	464737562486252
464737572476981	464737583390366	464737572767190
464737589144534	464737599828647	464737589408544
464737605806565	464737616265002	464737610062346
464737628580471	464737640918492	464737628868284
464737639145315	464737657354377	464737639448284
464737655804950	464737673791355	464737656187659
464737672469377	464737690230991	464737672800315
464737695365158	464737706667762	464737695663388
464737705806877	464737723104012	464737706167033
464737722479846	464737739537033	464737730212658
464737745223283	464737755969273	464737745519638
464737755799794	464737772402502	464737756140002
464737772465627	464737788835783	464737788363752
464737789134533	464737805271460	464737789489533
464737814212346	464737829925419	464737814510940
464737822415940	464737838142502	464737822797919
464737839137190	464737854574793	464737847144221
464737861868231	464737879218491	464737862162294
464737872469846	464737887432345	464737872745158
464737889157033	464737903865679	464737889543127
464737905803127	464737920299898	464737908536669
464737928553127	464737944948283	464737928839481
464737939131408	464737953165106	464737939392138
464737955821565	464737969595783	464737963037138
464737978342502	464737994245262	464737978641096
464737989124325	464738002462294	464737989401981
464738005751096	464738027114429	464738021610627
464738022474690	464738035331825	464738022822138
464738047140783	464738059981095	464738047425731
464738055807346	464738068197867	464738056076200
464738072548908	464738084634220	464738078940940
464738095154846	464738109286460	464738095436252
464738105817190	464738117504481	464738106215887
464738122515887	464738142156929	464738137897658
464738139259221	464738150373804	464738139606252
464738164642762	464738183240678	464738164990106
464738172517658	464738191456720	464738172748127
464738189194377	464738199674116	464738196781356
464738212246252	464738224324897	464738212605158
464738222494065	464738232543178	464738222762137
464738239228231	464738257197397	464738239492971
464738255955940	464738273631095	464738258339325
464738279123283	464738290065940	464738279504690
464738289225106	464738306500574	464738289495471
464738305837450	464738322934116	464738306192502
464738322605939	464738339365991	464738324435939
464738346118596	464738364017658	464738346417346
464738355847346	464738372233751	464738356120887
464738372640262	464738388668283	464738380154169
464738395049012	464738413319064	464738395353596
464738405835158	464738421536408	464738406213439
464738422512814	464738446190626	464738438411096
464738439282189	464738454408908	464738439390731
464738466029533	464738479063439	464738466320262
464738472508387	464738487282241	464738472803127
464738489246877	464738503714585	464738489536564
464738505934950	464738520143387	464738506301356
464738528977137	464738544790418	464738529267658
464738539289064	464738553006147	464738539599169
464738555904794	464738569440106	464738556163387
464738572615471	464738585872085	464738573442502
464738597718596	464738610523491	464738597988127
464738605841564	464738618741304	464738606213127
464738622570002	464738635175678	464738629251721
464738645176981	464738659825730	464738645486200
464738655854533	464738668041669	464738656116096
464738672561512	464738692693596	464738688952033
464738689301044	464738700911148	464738689658075
464738714564169	464738725560574	464738714846096
464738722548127	464738733778647	464738722889377
464738739168439	464738750214012	464738748782033
464738762382606	464738774863126	464738762697814
464738772497971	464738783078908	464738772763075
464738789168127	464738799511981	464738789431564
464738805839533	464738815945210	464738812919481
464738830187502	464738848814220	464738830499950
464738839300002	464738857030418	464738839565887
464738855825575	464738873463751	464738856093283
464738872505002	464738889894064	464738873307346
464738895620939	464738906324845	464738895911564
464738905824846	464738922759116	464738906201408
464738922492189	464738939195209	464738930561721
464738945672189	464738963848230	464738945961200
464738955835471	464738972065262	464738956097606
464738972503439	464738988497449	464738972778752
464738989185002	464739004929689	464738989337814
464739014828595	464739029576720	464739015132293
464739022444533	464739037791720	464739022728856
464739039204220	464739054224689	464739045604220

POLL t=185.1 tick=3859
8333333
464748672848123	464748685372706	464748673134061
464748689501665	464748701802445	464748689777029
464748706162446	464748718232549	464748712099686
464748729698279	464748742878227	464748729995779
464748739485779	464748751094060	464748739748071
464748756193123	464748775739841	464748770671717
464748772835258	464748783954112	464748773182915
464748798006561	464748808599945	464748798305467
464748806171561	464748816814529	464748806527029
464748822815310	464748833243955	464748828387290
464748845617810	464748857889060	464748845898123
464748856177967	464748866105258	464748856448123
464748872821092	464748890753696	464748886431873
464748896059477	464748907186299	464748896369165
464748906152498	464748923620258	464748906412758
464748922821873	464748940055779	464748923090623
464748939480154	464748956487966	464748941606873
464748962225310	464748972922237	464748962596092
464748972787758	464748989357862	464748973077342
464748989519321	464749005794632	464748989778852
464749006176248	464749022230467	464749010706717
464749028963748	464749046878800	464749029273748
464749039484008	464749055096925	464749039785935
464749056161040	464749071534425	464749056435154
464749072860310	464749087972654	464749073182029
464749099855571	464749112625310	464749100147498
464749106151092	464749120843748	464749106469842
464749122828904	464749137280102	464749123137029
464749139529998	464749153713279	464749139910154
464749165132342	464749178363227	464749165469165
464749172792446	464749186580466	464749173093123
464749189523592	464749203013019	464749189790779
464749206187498	464749219446039	464749214645154
464749229750258	464749244097601	464749230036404
464749239540154	464749252316039	464749239805727
464749256202342	464749268752914	464749256479685
464749272930154	464749285190206	464749273086248
464749297737967	464749309845153	464749298021664
464749306158227	464749318063539	464749306445102
464749322865623	464749334500414	464749327601248
464749345780571	464749359151508	464749346083435
464749356196352	464749367368644	464749356472029
464749372856560	464749392021091	464749386911873
464749389545779	464749400239528	464749389952029
464749415266352	464749433111195	464749415543904
464749422868904	464749441330362	464749423187914
464749439510623	464749457767133	464749445327967
464749462338435	464749474205049	464749462629946
464749472871508	464749490643122	464749473129529
464749489505310	464749507079216	464749489774998
464749506228696	464749523515466	464749506579477
464749531322966	464749548168227	464749531635414
464749539577810	464749556384841	464749540181977
464749556249321	464749572821612	464749562360310
464749578866977	464749589257289	464749579154998
464749589543852	464749605694268	464749589818071
464749606190883	464749622128435	464749620880935
464749622881977	464749638565518	464749623228748
464749648265935	464749663216091	464749648560310
464749656168748	464749671432497	464749656536560
464749672880883	464749687867341	464749682471821
464749696071716	464749712517081	464749696385935
464749706267810	464749720733330	464749706601091
464749722884529	464749737165674	464749723152914
464749739644529	464749753600674	464749748079008
464749762504685	464749778258279	464749762804216
464749772864633	464749786477445	464749773135883
464749789629633	464749811130778	464749804380466
464749806241404	464749819349268	464749806587654
464749831574685	464749844003695	464749831869841
464749839589998	464749852221559	464749840107446
464749856331352	464749868658799	464749863415154
464749879131560	464749893312705	464749879418435
464749889608748	464749901529737	464749889878748
464749906236091	464749926184997	464749920191248
464749923009164	464749934402965	464749923331248
464749949055623	464749959054997	464749949373435
464749956283123	464749967271925	464749956547498
464749972974060	464749983705622	464749973245623
464749997882966	464750016576873	464749998164998
464750006274529	464750024795466	464750006565570
464750022932758	464750041232862	464750023194164
464750039625466	464750057668643	464750043963383
464750062241404	464750074103956	464750062534373
464750072950935	464750090536716	464750073208591
464750089623279	464750106970518	464750102892758
464750106310310	464750123404319	464750106598227
464750133364372	464750148052966	464750133644216
464750139633227	464750156269216	464750140092654
464750156367914	464750172700049	464750156615622
464750173014164	464750189131560	464750174404685
464750195827341	464750213777705	464750196154633
464750206288904	464750221993956	464750206566872
464750222987810	464750238427601	464750223247185
464750239632654	464750254863538	464750241147341
464750263547810	464750279514424	464750263840414
464750272892341	464750287733591	464750273163122
464750289742966	464750304171404	464750296896091
464750312520935	464750328824268	464750312806820
464750322926352	464750337042185	464750323194945
464750339623227	464750361694736	464750353404477
464750356303435	464750369913486	464750356585102
464750382519685	464750394565883	464750382808279
464750389603122	464750402781664	464750389880310
464750406267758	464750419214580	464750410495779
464750429303591	464750443865361	464750429621091
464750439529685	464750452082080	464750439945466
464750456255779	464750468517132	464750456519789
464750472910779	464750484951612	464750477651872
464750496131716	464750509604372	464750496511977
464750506233591	464750517821351	464750506493435
464750522883747	464750534257705	464750523163852
464750539602497	464750550692549	464750539949477
464750564952497	464750583559580	464750565313591
464750572892445	464750591777081	464750573155779
464750589579685	464750599994633	464750595545622
464750612239685	464750624648539	464750612599685
464750622873591	464750632866091	464750623279164
464750639560414	464750657517080	464750639979685
464750656223122	464750673950726	464750661381872
464750679576039	464750690385257	464750679943904
464750689619164	464750706823486	464750689907185
464750706254216	464750723261872	464750706516404
464750722951247	464750739698070	464750723614529
464750746156820	464750764350621	464750746438435
464750756280622	464750772568278	464750756524008
464750773034841	9223372036854775807	464750778520466

POLL t=195.2 tick=4025
8333333
464758556610932	464758570716764	464758556957651
464758573236557	464758587147962	464758573592130
464758589925463	464758603579942	464758593988067
464758612865307	464758628229213	464758613227182
464758623226713	464758636446504	464758623487963
464758639913536	464758652880515	464758640163744
464758656581869	464758669313327	464758657797338
464758679455619	464758693961087	464758679750463
464758689888432	464758702175931	464758690159473
464758706583848	464758718606765	464758715632911
464758729597598	464758743252702	464758729895880
464758739894994	464758751470411	464758740157755
464758756577338	464758767902702	464758756846661
464758773236088	464758784335254	464758777724838
464758796070880	464758808984161	464758796356400
464758806536192	464758817199733	464758806824057
464758823221557	464758841847025	464758839650307
464758839931661	464758850063484	464758840305567
464758862644161	464758874713223	464758862934317
464758873202598	464758891146140	464758873695463
464758889901400	464758907581817	464758890175463
464758906632494	464758924017910	464758913400775
464758929501400	464758940455046	464758929802338
464758939904994	464758956892025	464758940176869
464758956567494	464758973326087	464758973066036
464758973230619	464758989757545	464758973701713
464758999826036	464759014406661	464759000138275
464759006579473	464759022622597	464759006932650
464759023229630	464759039055254	464759031634838
464759047123900	464759063704213	464759047435307
464759056590150	464759071921088	464759056868588
464759073243900	464759088353952	464759073603588
464759089922442	464759104786869	464759091960307
464759113137911	464759129435097	464759113522442
464759123232286	464759137651764	464759123495098
464759139907807	464759154085515	464759140177963
464759156621869	464759170519421	464759158432494
464759179505254	464759195171868	464759179806973
464759189953432	464759203389942	464759190259161
464759206601817	464759219827025	464759206869369
464759223257129	464759236264056	464759227981817
464759246129786	464759260915723	464759246417963
464759256590463	464759269134056	464759256852650
464759273246348	464759293786764	464759289852650
464759290014317	464759302005983	464759290044682
464759315251088	464759326659004	464759315569473
464759323214056	464759334877962	464759323597338
464759339896348	464759351315463	464759348703900
464759362891973	464759375967754	464759363215098
464759373199004	464759384185046	464759373610306
464759389868431	464759400619941	464759390142181
464759406631713	464759417056452	464759413450463
464759430072181	464759441711399	464759430425619
464759439920723	464759458148275	464759440194525
464759456604161	464759474584056	464759456880775
464759473255931	464759491019524	464759481379786
464759496387494	464759507456765	464759496677963
464759506548848	464759523892858	464759506818223
464759523211244	464759540329525	464759539583431
464759539948900	464759556769420	464759540209004
464759563853744	464759581425618	464759564151556
464759573228900	464759589643795	464759573589213
464759589928900	464759606080306	464759598058744
464759612877181	464759630735202	464759613164161
464759623244525	464759638953744	464759623516244
464759639905463	464759663607129	464759656168275
464759656636713	464759671824681	464759656768067
464759679681713	464759696477077	464759679974942
464759689908275	464759704695567	464759690187338
464759706591713	464759721131191	464759715198379
464759729776556	464759745783795	464759730073900
464759739987129	464759753999993	464759740262181
464759756639942	464759770434629	464759756949942
464759773283848	464759786869368	464759779409317
464759796226400	464759811519681	464759796504525
464759806606244	464759819735358	464759806880723
464759823276869	464759844383743	464759839808431
464759839983588	464759852601451	464759840078431
464759864177285	464759877254160	464759864474681
464759873271556	464759885470618	464759873639838
464759889997963	464759901904368	464759898133535
464759913377181	464759926557337	464759913663431
464759923258744	464759934773900	464759923533275
464759939970150	464759951209472	464759940239213
464759956743848	464759967644680	464759957604785
464759980119004	464759992292597	464759980409317
464759989989056	464760000508639	464759990250619
464760006675462	464760025158900	464760015131400
464760030326087	464760041591243	464760030656712
464760040030775	464760058022649	464760040281244
464760056677129	464760074455358	464760056938223
464760073379160	464760090886608	464760082582442
464760096652181	464760107318534	464760096930567
464760106650931	464760123751868	464760106929369
464760123325410	464760140185879	464760123602910
464760140154473	464760156618900	464760141415410
464760164965254	464760181267077	464760165254837
464760173241660	464760189483535	464760173623900
464760189978119	464760205915775	464760197081348
464760213467962	464760230563639	464760213750462
464760223261244	464760238779004	464760223529785
464760239965462	464760263425878	464760257169942
464760257100462	464760271642441	464760257198692
464760280260931	464760296290202	464760280544525
464760289969994	464760304505566	464760290232442
464760306575775	464760320937545	464760315950254
464760329509525	464760345582962	464760329788119
464760339996087	464760353798066	464760340244160
464760356638744	464760370226087	464760356907650
464760373284004	464760386654785	464760377524681
464760396468744	464760411301399	464760396774212
464760406603275	464760419517858	464760406870462
464760423294785	464760444165253	464760441271348
464760439993066	464760452381243	464760441300931
464760463276816	464760477028899	464760463586712
464760473271087	464760485246243	464760473642285
464760489946191	464760501679993	464760490210462
464760506627181	464760518115097	464760508792441
464760529573535	464760542766920	464760529860410
464760539952441	464760550983066	464760540275098
464760556643535	464760567414420	464760556894473
464760573278587	464760583847128	464760580039525
464760596554941	464760608497649	464760596904785
464760606567598	464760624932649	464760606830462
464760623296712	464760641367909	464760623561712
464760639927650	464760657801035	464760646521868
464760663704056	9223372036854775807	464760664043848

POLL t=207.3 tick=4275
8333333
464770863965927	464770879961656	464770864353375
464770873728531	464770888178948	464770873996344
464770890408062	464770904611395	464770896904833
464770914262021	464770929261500	464770914635927
464770923702177	464770937478114	464770924068219
464770940419833	464770953910874	464770940688115
464770957097177	464770970342073	464770961121500
464770983192906	464770994989780	464770983541708
464770990379365	464771003205770	464770990710562
464771007076396	464771019638895	464771007441708
464771023761396	464771036070874	464771023917802
464771049184833	464771060718791	464771049486865
464771057073062	464771068934417	464771057345719
464771073738427	464771085368323	464771076125146
464771099688583	464771110018218	464771099980094
464771107119781	464771118234937	464771107682958
464771123819208	464771134666708	464771128636083
464771147874364	464771159312541	464771148257021
464771157147333	464771167528427	464771157473739
464771173760094	464771183959885	464771174023531
464771190446396	464771200393531	464771191203844
464771217353844	464771233261812	464771217650614
464771223813896	464771241477958	464771224166344
464771240387750	464771257908374	464771248843739
464771263910302	464771274340822	464771264282958
464771273766708	464771290775770	464771274048062
464771290429677	464771307207437	464771302744677
464771307094833	464771323638166	464771307634625
464771334196708	464771348287645	464771334562958
464771340439000	464771356503895	464771340708114
464771357114625	464771372933270	464771359373739
464771380555614	464771397582437	464771380910094
464771390390771	464771405799312	464771390680771
464771407098114	464771422234625	464771407520250
464771423756083	464771438673791	464771430423739
464771446741812	464771463327332	464771447035458
464771457087437	464771471543375	464771457349937
464771473749677	464771487976291	464771484310458
464771496773271	464771512628687	464771497060302
464771507081500	464771520845718	464771507451239
464771523702906	464771537281083	464771523984937
464771540442489	464771553712020	464771540799468
464771563909989	464771578361186	464771564251552
464771573755458	464771586579312	464771574084468
464771590438114	464771603012541	464771590702021
464771607101187	464771619447228	464771607461708
464771632219364	464771644098270	464771632513114
464771640434156	464771652314259	464771640803375
464771657086708	464771668746499	464771660469521
464771683210875	464771693394936	464771683508062
464771690468271	464771701611552	464771690842906
464771707086968	464771718042073	464771712090302
464771730131812	464771742690927	464771730432646
464771740447125	464771750908530	464771740722489
464771757099833	464771767343322	464771757355562
464771773772125	464771791996916	464771774119781
464771800361083	464771816652385	464771800742437
464771807057489	464771824870145	464771807412333
464771823746708	464771841303322	464771828417906
464771849311083	464771865955249	464771849647958
464771857066864	464771874173009	464771857370302
464771873797333	464771890605926	464771874066083
464771890446343	464771907041603	464771892240718
464771914303270	464771931693113	464771914637020
464771923727177	464771939910353	464771924050093
464771940448531	464771956346135	464771940756968
464771957113427	464771972781447	464771959746083
464771979958114	464771997432124	464771980248687
464771990436812	464772005648634	464771990702645
464772007115927	464772022080979	464772012879364
464772030382177	464772046731447	464772030683895
464772040465927	464772054948583	464772040726500
464772057162906	464772071379832	464772067932906
464772080902020	464772096029832	464772081187281
464772090466083	464772104246186	464772090730145
464772107118583	464772120678010	464772114319052
464772130546708	464772145326343	464772130852177
464772140473114	464772153542228	464772144643114
464772157164833	464772169974989	464772160829520
464772182578583	464772194622437	464772182866864
464772190534520	464772202837541	464772190878270
464772207157177	464772219268635	464772209688114
464772231903427	464772243914363	464772232199052
464772240473583	464772252129988	464772240738739
464772257231395	464772268562593	464772261088583
464772281435458	464772293211655	464772281725302
464772290488843	464772301429884	464772290757958
464772307212645	464772317863895	464772307569208
464772336123427	464772350739051	464772336193583
464772340446187	464772358958582	464772340714833
464772363772489	464772375396395	464772364106083
464772373909156	464772391831135	464772374171708
464772390522124	464772408267124	464772390783270
464772407180093	464772424701759	464772407482437
464772434366656	464772449355457	464772434668426
464772440439676	464772457573687	464772440732958
464772457168062	464772474006134	464772461010874
464772481133426	464772498655613	464772481442958
464772490608062	464772506872853	464772490825249
464772507187176	464772523306655	464772507453426
464772523833270	464772539742696	464772523997437
464772547217281	464772564399676	464772547510145
464772557121083	464772572617540	464772557398583
464772573826499	464772589054571	464772579004468
464772597024156	464772613703790	464772597362176
464772607131031	464772621918895	464772607404676
464772623765301	464772638354676	464772635495301
464772647730874	464772663010978	464772648097176
464772657127489	464772671228843	464772657396656
464772673797333	464772687667332	464772674106083
464772690478895	464772704104207	464772690827437
464772713829520	464772728759832	464772714015770
464772723806083	464772736980040	464772724074520
464772740492489	464772753421291	464772744997906
464772763615458	464772778081342	464772763882333
464772773806239	464772786301343	464772774101708
464772790478739	464772802740509	464772802124468
464772814243739	464772827393478	464772814535926
464772823792645	464772835610561	464772824091551
464772840483062	464772852046239	464772840742176
464772857135718	464772868480978	464772857271864
464772885320301	464772901352280	464772885604937
464772890438843	464772909570978	464772890789989
464772913677489	464772926007332	464772914134208
464772923762280	464772934225822	464772924047958
464772940493999	464772958882436	464772953178583
464772957192958	9223372036854775807	464772957544364

POLL t=219.2 tick=4467
8333333
464782875264777	464782893031182	464782884017485
464782898612329	464782909463942	464782899052641
464782908609516	464782925895610	464782908886860
464782925275610	464782942326026	464782930309933
464782948618891	464782958757172	464782949012016
464782958609047	464782975190610	464782959006027
464782975350297	464782991623161	464782983015610
464782998632172	464783016270193	464782998986860
464783008674464	464783024485974	464783008939829
464783025343110	464783040918630	464783030553995
464783048180870	464783065570714	464783048481652
464783058669152	464783073786599	464783058944985
464783075340766	464783090218109	464783079686027
464783099352172	464783114868631	464783099749204
464783108692641	464783123085922	464783108965766
464783125363527	464783139523213	464783132384985
464783148236652	464783164175505	464783148581860
464783158649829	464783172393838	464783158930089
464783175350454	464783188827537	464783181455870
464783198457485	464783213480818	464783198847745
464783208679308	464783221698370	464783208936235
464783225341027	464783238133787	464783230730870
464783249470870	464783262786911	464783249772797
464783258667954	464783271003787	464783268394464
464783281502329	464783295653579	464783281793839
464783292053266	464783303869464	464783292284829
464783308698266	464783320303579	464783314276079
464783331422329	464783344951286	464783331716808
464783342012016	464783353168683	464783342324204
464783358704308	464783369601547	464783364404360
464783381903110	464783394246912	464783382278683
464783392046339	464783402462276	464783392293891
464783408675766	464783418897016	464783415818370
464783431734776	464783443550453	464783432088839
464783442073110	464783459985766	464783442391079
464783458647589	464783476421599	464783469326391
464783481538266	464783492857276	464783481841391
464783491982276	464783509287849	464783492266495
464783508704360	464783525719516	464783514332641
464783531321235	464783542152848	464783531652433
464783542026078	464783558587016	464783542303526
464783558709985	464783575020662	464783562626808
464783581465141	464783599671703	464783581808526
464783591969933	464783607888943	464783592267641
464783608710870	464783624323318	464783609008266
464783631202328	464783648978682	464783631493214
464783642003422	464783657198526	464783642271339
464783658646703	464783673637015	464783662769933
464783681479047	464783698294359	464783681864776
464783691974516	464783706513318	464783692304308
464783708623683	464783722949307	464783717643995
464783731125766	464783747603787	464783731417328
464783742024047	464783755822953	464783742333266
464783758676235	464783772259411	464783766606703
464783781556860	464783796915609	464783781913995
464783792050245	464783805135245	464783792323839
464783808683735	464783821572536	464783817880610
464783831229360	464783846229359	464783831524776
464783842022120	464783854447953	464783842292797
464783858688422	464783870885297	464783863628578
464783883629360	464783895538370	464783883913110
464783892049933	464783903756495	464783900539672
464783914692797	464783928411495	464783914993266
464783925366860	464783936628370	464783925618891
464783942046183	464783953061807	464783949388891
464783964712589	464783977712536	464783965001391
464783975391235	464783985930348	464783975743526
464783992108422	464784002366182	464783995414672
464784014685141	464784027021755	464784014965453
464784025414307	464784043455766	464784025678735
464784042105610	464784059889828	464784042425141
464784071813839	464784084544463	464784072102172
464784075348110	464784092763109	464784078398057
464784100320766	464784117413161	464784100604307
464784108697328	464784125629880	464784115705610
464784132326651	464784150273942	464784132606964
464784142076391	464784158490922	464784152368891
464784164553682	464784183140193	464784164849464
464784175416235	464784191357900	464784175788422
464784192119464	464784207792224	464784199808891
464784214743734	464784232443630	464784215039828
464784225409464	464784240661026	464784225673578
464784242096339	464784257093577	464784247081026
464784264988422	464784281745661	464784265283109
464784275428578	464784289964307	464784275835245
464784292171339	464784306402848	464784298158422
464784314548266	464784331059359	464784314843109
464784325383266	464784339277744	464784325657432
464784342170922	464784355715556	464784344076859
464784364867120	464784380366025	464784365246391
464784375353891	464784388582536	464784375712120
464784392123422	464784405017432	464784401571703
464784414802276	464784429669567	464784415081234
464784425448995	464784437886651	464784425688109
464784442109047	464784454321077	464784446515453
464784464451859	464784478973473	464784464733995
464784475367016	464784487191390	464784475748370
464784492077328	464784503624463	464784494989984
464784514384203	464784528276859	464784514675922
464784525422641	464784536495921	464784525757641
464784542063891	464784552931390	464784546522745
464784565119672	464784577584620	464784565483891
464784575321807	464784585801598	464784575757276
464784592093266	464784610453005	464784602434828
464784614207797	464784626888526	464784614497172
464784625363422	464784643326286	464784625629047
464784642009828	464784659765297	464784644675609
464784669591234	464784684422692	464784669875297
464784675280297	464784692642172	464784680175088
464784698223422	464784709078629	464784698637328
464784708656807	464784725513734	464784709077328
464784725323891	464784741949359	464784725638682
464784748430141	464784766607328	464784748744463
464784758756495	464784774825244	464784759082484
464784775354776	464784791260609	464784775633682
464784792099984	464784807696963	464784792452953
464784815566026	464784832352380	464784815861391
464784825358266	464784840569515	464784835632484
464784847920922	464784865219411	464784848198891
464784858704203	464784873435974	464784858994984
464784875362797	464784889869098	464784879528213
464784897991078	464784914517171	464784898276703
464784908717484	464784922734306	464784908974203
464784925432484	464784939167380	464784927620765
464784948253578	464784963819254	464784948527953
464784958677640	464784972037796	464784958982484
464784975426390	9223372036854775807	9223372036854775807

