POLL t=10.4 tick=349
8333333
414121891367176	414121903213686	414121891642436
414121923354520	414121936079102	414121923652280
414121923580145	414121944295353	414121923656030
414121952584988	414121968942383	414121952843113
414121982244520	414121993590873	414121982579520
414121982487957	414122001806603	414121982585457
414122011834676	414122026455092	414122012128113
414122041135770	414122059321238	414122041406186
414122041399988	414122067538165	414122041736082
414122071585457	414122083969623	414122071890613
414122099972488	414122116834623	414122100248999
414122100266238	414122125052020	414122100339468
414122130750093	414122141486030	414122131038895
414122160099676	414122174349519	414122160415249
414122160283999	414122182565560	414122160421968
414122190774207	414122207215197	414122191071551
414122220414676	414122231864519	414122220671395
414122220748843	414122240081342	414122220841499
414122250327176	414122264729259	414122250630770
414122281469520	414122297585248	414122281793270
414122281768374	414122305799728	414122281856186
414122312516655	414122330442071	414122312805457
414122343441030	414122355082748	414122343866551
414122343641863	414122363298321	414122343870301
414122372988895	414122387941707	414122373273999
414122402265613	414122412584779	414122402552488
414122402464051	414122420799936	414122402555457
414122435601499	414122453661602	414122435902749
414122435793530	414122461877123	414122435918270
414122465526707	414122478310092	414122465833270
414122495848895	414122511175092	414122496132592
414122496161395	414122519392175	414122496275457
414122524876395	414122535824206	414122525183999
414122555714363	414122568689415	414122556073582
414122556064936	414122576906081	414122556074363
414122586206082	414122601557071	414122586508582
414122616949207	414122634424780	414122617250301
414122617192019	414122642642123	414122617251082
414122647920092	414122659077332	414122648283738
414122677268113	414122691947644	414122677565613
414122677439676	414122700166029	414122677570144
414122706894780	414122724818061	414122707161967
414122739015926	414122749472644	414122739302957
414122739263217	414122757690039	414122739382592
414122768182801	414122782343217	414122768469051
414122798058686	414122815212540	414122798368113
414122798286394	414122823429988	414122798376655
414122827638269	414122839865144	414122827917905
414122857072905	414122872740561	414122857387280
414122857323217	414122880958842	414122857392019
414122886119207	414122897392956	414122886402019
414122915345405	414122930262071	414122915640874
414122915569363	414122938480092	414122915647176
414122945819467	414122963133998	414122946216811
414122975240457	414122987787071	414122975542488
414122975666238	414122996005613	414122975730144
414123004844988	414123020660405	414123005145769
414123035454363	414123053532435	414123035766863
414123035730144	414123061751394	414123035835144
414123064724363	414123078188789	414123065038269
414123095103894	414123111061238	414123095414207
414123095330769	414123119278946	414123095428426
414123124582019	414123135714832	414123124873217
414123154839988	414123168591134	414123155140301
414123155068738	414123176809206	414123155148426
414123184509832	414123201465717	414123184802332
414123214054051	414123226122123	414123214326238
414123214346030	414123234340612	414123214458373
414123245355873	414123258996862	414123245645405
414123274318686	414123291868685	414123274633113
414123274562332	414123300086497	414123274633582
414123305044623	414123316521810	414123305356655
414123334432019	414123349391133	414123334736394
414123334641707	414123357610092	414123334741030
414123366371342	414123382260300	414123366651707
414123367976238	414123390477071	414123368257957
414123396460457	414123415126133	414123396761655
414123401377175	414123423343529	414123401697957
414123430659623	414123447997175	414123430954988
414123461742488	414123472647123	414123462064519
414123462006550	414123480865092	414123462065405
414123493133738	414123505519727	414123493327175
414123495380300	414123513738529	414123495669519
414123523770457	414123538393320	414123524177175
414123554567332	414123571270248	414123554977175
414123554767592	414123579489883	414123554982488
414123585795405	414123604145821	414123586069155
414123616933217	414123628802071	414123617231707
414123617155457	414123637020717	414123617237332
414123650365925	414123661679415	414123650642748
414123650636238	414123669898789	414123650971342
414123682788582	414123694554050	414123683067436
414123684036342	414123702771758	414123684283217
414123715486238	414123727425404	414123715786654
414123717301238	414123735642852	414123717583425
414123746569050	414123760297279	414123746863373
414123778132175	414123793172800	414123778447175
414123778364988	414123801389884	414123778450613
414123809091811	414123826043789	414123809383738
414123840269519	414123850700560	414123840583269
414123840548113	414123858920300	414123840656029
414123872429154	414123883576498	414123872709519
414123873839363	414123891795404	414123874135300
414123904524675	414123916451550	414123904833998
414123935505561	414123949329258	414123935808113
414123935903269	414123957549049	414123936012748
414123952608581	414123965769727	414123952987019
414123992086081	414124006865664	414123992343894
414123992525925	414124015085144	414123992606498
414124021572956	414124039744623	414124021857644
414124051321550	414124064400040	414124051620769
414124051715144	414124072619779	414124051806081
414124081720300	414124097280820	414124082018842
414124111323269	414124121940508	414124111624519
414124111555769	414124130160300	414124111627748
414124141796811	414124154823477	414124142090352
414124173509467	414124187702019	414124173826550
414124173759311	414124195921081	414124173829675
414124203418425	414124220576914	414124203691186
414124234628686	414124245230039	414124234941029
414124234885561	414124253446446	414124234941654
414124264875717	414124278099258	414124265286863
414124295244050	414124310965768	414124295527800
414124295521706	414124319183060	414124295613061
414124326846081	414124343835248	414124327138113
414124328848113	414124352052956	414124329141081
414124358475300	414124376710508	414124358670456

POLL t=22.3 tick=689
8333333
414133648057172	414133661658734	414133648432901
414133693079307	414133710952588	414133693341494
414133720336859	414133735598994	414133720603526
414133720691026	414133743815036	414133720787432
414133753497015	414133768464983	414133753776078
414133754068578	414133776681546	414133754172744
414133770784828	414133784897379	414133771170244
414133815545244	414133825982379	414133815820921
414133815852796	414133834199984	414133815967901
414133832620765	414133850629671	414133833031703
414133877688421	414133891713993	414133877968109
414133903505401	414133916363734	414133903797744
414133903868057	414133924581129	414133903972171
414133934033265	414133949229618	414133934327484
414133962622015	414133973878629	414133962906703
414133962959776	414133982095973	414133963058734
414133979640609	414133990311962	414133980108109
414134025691546	414134039606234	414134025981859
414134026080921	414134047821285	414134026169359
414134056803109	414134072465712	414134057090557
414134059406390	414134080680764	414134059786026
414134090852796	414134105329098	414134091160140
414134092846651	414134113546754	414134093132640
414134123433994	414134138198004	414134123774776
414134151323526	414134162847327	414134151640609
414134151758265	414134171063630	414134151857953
414134168361859	414134179281286	414134168765453
414134213003890	414134228585869	414134213301859
414134213423994	414134236802796	414134213510400
414134229986494	414134245020140	414134230370296
414134275751807	414134294321442	414134276105088
414134301621650	414134318971285	414134301915609
414134302022328	414134327187848	414134302124515
414134331511650	414134343622067	414134331836703
414134335292171	414134351839619	414134336409828
414134367499150	414134384706025	414134367782640
414134368827171	414134392922952	414134369154984
414134398594827	414134409356598	414134398877900
414134401919827	414134417573421	414134402408682
414134433178265	414134450440817	414134433468109
414134435306234	414134458658056	414134435576963
414134465120088	414134483306910	414134465434984
414134493805244	414134507953056	414134494185296
414134494105713	414134516168265	414134494191807
414134510820765	414134524381858	414134511217952
414134557647171	414134573673108	414134557911390
414134558149359	414134581888629	414134558234671
414134588150557	414134606534722	414134588463109
414134617966963	414134631179410	414134618246077
414134618304671	414134639394827	414134618398994
414134635097952	414134647610348	414134635380400
414134679561077	414134696901910	414134679844046
414134706247796	414134721548838	414134706402952
414134706672588	414134729763056	414134706790452
414134736111025	414134746193941	414134736356234
414134764989515	414134779058369	414134765263838
414134765354046	414134787275921	414134765475713
414134782074827	414134795492900	414134782490088
414134826331546	414134836572640	414134826587327
414134852517588	414134869437587	414134852801806
414134853357744	414134877655243	414134853669827
414134883233890	414134894088473	414134883537484
414134910782119	414134926954827	414134911031702
414134911150556	414134935171598	414134911235556
414134927782952	414134943389202	414134928165296
414134972803681	414134984473369	414134973124931
414134998461390	414135009129618	414134998769046
414134998955088	414135017347640	414134999037484
414135029405869	414135042000400	414135029701546
414135058327640	414135074870920	414135058611233
414135058692327	414135083089775	414135058785556
414135075379463	414135091308212	414135075801650
414135118771390	414135132399723	414135119046233
414135147709202	414135165266597	414135148148890
414135148394671	414135173484254	414135148494567
414135164766233	414135181701910	414135165789150
414135206330921	414135222788525	414135206609515
414135232027744	414135247442431	414135232360400
414135232381494	414135255660503	414135232468838
414135262861650	414135280315556	414135263180556
414135265648213	414135288533785	414135265989515
414135282307483	414135296752691	414135282685140
414135318891390	414135329626181	414135319177431
414135345665556	414135362497900	414135345957744
414135346072640	414135370716129	414135346170869
414135362834306	414135378933004	414135363170713
414135405027796	414135420029202	414135405310921
414135431956233	414135444682743	414135432247171
414135432375244	414135452900869	414135432476546
414135449012588	414135461119827	414135449420244
414135485040869	414135502216389	414135485336390
414135513002119	414135526873733	414135513291390
414135513457275	414135535091910	414135513542119
414135530049462	414135543310400	414135530463056
414135566907640	414135584404827	414135567190921
414135594260452	414135609057639	414135594564046
414135594645452	414135617276649	414135594741650
414135611384671	414135625494775	414135611783212
414135647285087	414135658372378	414135647571337
414135673990140	414135691248004	414135674259775
414135674400452	414135699467483	414135674498108
414135691174046	414135707686024	414135692111962
414135722736702	414135740565868	414135723025608
414135724425296	414135748786181	414135724681546
414135741091650	414135757003681	414135741301702
414135757784983	414135773439462	414135758151389
414135788686181	414135806311545	414135788962952
414135792642952	414135814531805	414135792903994
414135807736389	414135822752014	414135808152587
414135841549827	414135855630191	414135841849358
414135868723421	414135880289410	414135869007639
414135869179671	414135888509358	414135869262639
414135885852171	414135896729722	414135886260087
414135925844619	414135937827274	414135926107483
414135953858264	414135970704930	414135954314358
414135954408733	414135978924514	414135954512483
414135971034827	414135987144097	414135971249671
414136013881858	414136028239462	414136014036337
414136041071806	414136052898108	414136041368212
414136041699983	414136061117379	414136041679202
414136058325296	414136069336649	414136058740921
414136123708577	414136135077587	414136123984514
414136171065087	414136184386181	414136171322587
414136171401702	414136192604410	414136171484514
414136188096233	414136200821650	414136188515296
414136204818108	414136217256806	414136205199514
414136221468681	414136233695243	414136221831650

POLL t=33.9 tick=936
8333333
414145381395292	414145395753156	414145381780136
414145398045292	414145412181281	414145398401959
414145435932792	414145453255500	414145436247323
414145464959146	414145477901386	414145465245396
414145465360448	414145486117531	414145465459198
414145481977167	414145494332895	414145482360396
414145498652792	414145510762323	414145499034146
414145533709511	414145551839614	414145533987115
414145534401854	414145560054302	414145534716698
414145551372636	414145568269406	414145551675136
414145567683261	414145584700291	414145568089042
414145606221542	414145617560396	414145606535240
414145606625761	414145625775604	414145606722011
414145636600604	414145650418051	414145636904198
414145639803729	414145658632427	414145640070917
414145656545292	414145666846958	414145656957896
414145689946802	414145707918416	414145689997115
414145690519511	414145716133260	414145690831542
414145707171698	414145724347635	414145707590657
414145723826021	414145740776750	414145724187427
414145762060084	414145773638520	414145762334823
414145791013104	414145806499354	414145791294198
414145791400709	414145814715500	414145791497323
414145807996698	414145822931594	414145808376490
414145824720917	414145839361698	414145825097636
414145861399146	414145872223416	414145861644667
414145861844927	414145880438625	414145861927167
414145892391229	414145905084875	414145892697792
414145895138417	414145913299093	414145895428261
414145911811854	414145929728989	414145912186021
414145928518209	414145946157792	414145928879511
414145962940292	414145979015240	414145963239823
414145963396646	414145987229510	414145963477792
414145979914354	414145995443937	414145980296906
414145996619823	414146011873468	414145996994979
414146035092792	414146052944302	414146035166698
414146064078104	414146077589406	414146064369771
414146064490292	414146085804562	414146064566854
414146081154458	414146094020552	414146081549979
414146097781177	414146110450291	414146098151386
414146132417636	414146143306906	414146132730240
414146133044823	414146151521125	414146133076229
414146149696958	414146167947010	414146150100865
414146166379042	414146184373989	414146166744667
414146204321073	414146217232479	414146204656177
414146204517479	414146225447947	414146204670760
414146235037167	414146250090864	414146235343417
414146237940917	414146258306281	414146238225448
414146254624510	414146266519510	414146255076854
414146290738729	414146307587426	414146291046385
414146290950083	414146315802999	414146291050448
414146324045135	414146340446853	414146324301542
414146324643260	414146348660082	414146324959354
414146341402896	414146356872114	414146341613052
414146357889979	414146373298521	414146358257479
414146393176333	414146406156176	414146393499667
414146393514771	414146414372219	414146393639198
414146424890240	414146439017062	414146425343417
414146426856542	414146447231750	414146427190760
414146443501698	414146455447427	414146443889198
414146490365448	414146504735447	414146490639510
414146517659042	414146529374198	414146518281229
414146517892948	414146537586749	414146518293729
414146549618885	414146562228885	414146549934354
414146551371073	414146570444614	414146551663729
414146568124979	414146578659926	414146568546958
414146610743521	414146627938677	414146611066177
414146612583573	414146636151385	414146612872635
414146647655292	414146660791958	414146647899354
414146647973417	414146669007166	414146648082479
414146664705552	414146677222062	414146665106698
414146708372479	414146726509458	414146708633885
414146736434979	414146751151958	414146736691073
414146736806802	414146759367167	414146736905083
414146753570083	414146767580864	414146753945448
414146797203521	414146808653728	414146797487948
414146825221542	414146841512166	414146825652114
414146825595135	414146849727062	414146825667948
414146842207166	414146857943468	414146842412114
414146883885135	414146899021228	414146884155291
414146884187739	414146907237999	414146884306073
414146914576958	414146931882947	414146914878364
414146917480291	414146940098832	414146917762479
414146934175604	414146948315135	414146934548729
414146981165396	414146997611280	414146981468416
414146981495916	414147005827739	414146981562166
414147013366854	414147030475031	414147013644354
414147014945448	414147038693520	414147015202166
414147031586229	414147046911645	414147031819198
414147077029823	414147087986281	414147077314041
414147105682323	414147120839978	414147105959771
414147106113729	414147129053989	414147106190291
414147122768573	414147137269197	414147123167791
414147164668521	414147178343260	414147164978885
414147164916073	414147186557948	414147164984823
414147195447166	414147211202010	414147195786385
414147198412114	414147219417114	414147198649979
414147215036385	414147227630916	414147215420083
414147261507479	414147276917530	414147261789979
414147289113989	414147301560760	414147289417739
414147289412895	414147309775811	414147289487948
414147321595291	414147334415343	414147321885916
414147322910708	414147342628467	414147323214302
414147357050604	414147375485239	414147357357114
414147358773729	414147383700083	414147359082583
414147390309927	414147408346280	414147390613208
414147392237948	414147416560604	414147392528260
414147424172739	414147441206697	414147424358416
414147425540552	414147449422999	414147425852948
414147456960916	414147474071280	414147457253677
414147458782791	414147482286593	414147459074927
414147475412323	414147490501281	414147475809354
414147523711385	414147539790707	414147523942479
414147549672010	414147564437582	414147549990447
414147549922270	414147572654770	414147549991229
414147580231177	414147597304666	414147580526333
414147583268260	414147605519926	414147583550083
414147615559145	414147630165187	414147615848260
414147616715916	414147638381020	414147617015552
414147646823520	414147663028572	414147647059510
414147650030864	414147671244406	414147650299302
414147681853208	414147695889509	414147682142739
414147683418208	414147704104874	414147683756541
414147713849822	414147728750864	414147714132322
414147716715864	414147736967218	414147716998729
414147748976541	414147761613624	414147749272166
414147750084302	414147769829666	414147750396489

POLL t=45.4 tick=1455
8333333
414156943774194	414156954890183	414156944049819
414156944217163	414156963108308	414156944297163
414156960836850	414156971325235	414156961256538
414157003483100	414157020622214	414157003756069
414157003849038	414157028838204	414157003931850
414157020524350	414157037055288	414157021094923
414157062800861	414157078134193	414157062933100
414157089034663	414157102782006	414157089321798
414157089438569	414157110997995	414157089526017
414157106047788	414157119213568	414157106438100
414157147967944	414157160294350	414157148150444
414157148409298	414157168510443	414157148501798
414157165167631	414157176726901	414157165629454
414157207405913	414157217810079	414157207668881
414157233816173	414157250672006	414157234089610
414157234276381	414157258887787	414157234356381
414157250970704	414157267103673	414157251340131
414157294555913	414157308184818	414157294720600
414157322533100	414157332835287	414157322874662
414157322989298	414157341052058	414157323070600
414157339535912	414157357486068	414157339926017
414157384043881	414157398561172	414157384456173
414157384388100	414157406778151	414157384462475
414157401112735	414157414996849	414157401508569
414157445924819	414157456086589	414157446216694
414157446402944	414157464303777	414157446478100
414157463114037	414157480735131	414157463433517
414157506157735	414157521810756	414157506335652
414157533711381	414157546455964	414157534032475
414157534073569	414157554672006	414157534190912
414157550753256	414157562886328	414157551141173
414157581238725	414157595741901	414157581586069
414157584022110	414157603956380	414157584283569
414157600699506	414157612170808	414157601105912
414157617404506	414157628600235	414157617782267
414157634147110	414157645030444	414157634492787
414157650820392	414157661460652	414157651193725
414157667455392	414157677892266	414157667829506
414157684142944	414157702541016	414157684482892
414157700714506	414157718974401	414157701104819
414157717430287	414157735405704	414157717804610
414157734147735	414157751835912	414157734552214
414157750782944	414157768265860	414157751152423
414157767419454	414157784695547	414157767789298
414157784137162	414157801128464	414157784504506
414157800771381	414157817560079	414157801172319
414157817479506	414157833990756	414157817865287
414157834207110	414157850418776	414157834564610
414157850829350	414157866848725	414157851215548
414157867454975	414157883276745	414157867818256
414157884183048	414157899706902	414157884570391
414157900827319	414157916136693	414157901218152
414157917577475	414157932563777	414157917995548
414157934164662	414157948990339	414157934525704
414157950802631	414157965419297	414157951180287
414157967445235	414157981845078	414157967835756
414157984176329	414157998271954	414157984545079
414158000889298	414158014699766	414158001286954
414158017542943	414158031131588	414158017906641
414158034122631	414158047563047	414158034490443
414158050807318	414158063994349	414158051169193
414158067486381	414158080424818	414158067845912
414158084265287	414158096853880	414158084654766
414158100904662	414158113284297	414158101264610
414158117466068	414158129711901	414158117828412
414158134101693	414158146138724	414158134492318
414158150867787	414158162566329	414158151255131
414158167529350	414158178995339	414158167891850
414158184212891	414158195424193	414158184592891
414158200863360	414158211853100	414158201225548
414158217458725	414158228281485	414158217835860
414158234145443	414158252926536	414158234534141
414158250846016	414158269357162	414158251233256
414158267570756	414158285787058	414158267930756
414158284163256	414158302214818	414158284527631
414158300770391	414158318643672	414158301139662
414158317455912	414158335074245	414158317814298
414158334157162	414158351504610	414158334538725
414158350847266	414158367935652	414158351229975
414158367493725	414158384365600	414158367856225
414158384156381	414158400794610	414158384539818
414158427025600	414158441862526	414158427317943
414158454235235	414158466503672	414158454505547
414158480972318	414158499358880	414158481355443
414158481389037	414158507573777	414158481493829
414158511456693	414158524001120	414158511727631
414158540342422	414158556858047	414158540620443
414158540639975	414158565073776	414158540745912
414158570021537	414158581502839	414158570302579
414158573987475	414158589718307	414158574417162
414158590702006	414158606149454	414158591083516
414158624331381	414158639006744	414158624609766
414158651861224	414158663647474	414158652133360
414158652197006	414158671863307	414158652291068
414158668896954	414158680079610	414158669268099
414158702020756	414158712942214	414158702324506
414158702301849	414158721158360	414158702392735
414158741770443	414158754015651	414158742077266
414158742009349	414158762231015	414158742081224
414158780393724	414158795093151	414158780689454
414158780633881	414158803309401	414158780693412
414158819826954	414158836170911	414158820151224
414158820221068	414158844385599	414158820308256
414158863408829	414158877246588	414158863754662
414158863690756	414158885463099	414158863776068
414158901197631	414158918326172	414158901493099
414158901521954	414158926542630	414158901630704
414158944989818	414158959406589	414158945268047
414158945326381	414158967624037	414158945418516
414158982314974	414159000491745	414158982628724
414158982559766	414159008708099	414158982964349
414159021258360	414159033357370	414159021571016
414159021494506	414159041572422	414159021579922
414159057920756	414159074434401	414159058235287
414159058249818	414159082649401	414159058352006
414159097053256	414159107297318	414159097365860
414159097241797	414159115513724	414159097369506
414159134863047	414159148377891	414159135189506
414159135193099	414159156593880	414159135294662
414159171932735	414159189457005	414159172250131
414159172274037	414159197673776	414159172389662
414159211353828	414159222323724	414159211652006
414159211589141	414159230540130	414159211655443
414159249194349	414159263407942	414159249515912
414159249500287	414159271626016	414159249602006
414159289437787	414159304494765	414159289818880
414159289626328	9223372036854775807	414159289822891

POLL t=57.0 tick=1625
16666666
414168960990908	414168984581272	414168972779814
414168990496377	414169001015022	414168990837939
414168994300752	414169009231741	414168994740752
414169010990127	414169025664970	414169011391481
414169027692731	414169042096429	414169028074450
414169044338981	414169058529293	414169044732262
414169060973200	414169074960647	414169061363043
414169077651481	414169091393772	414169078050127
414169094334033	414169107828199	414169094734189
414169111064970	414169124260647	414169111407106
414169127639189	414169140695803	414169128042575
414169144279814	414169165346741	414169152229137
414169173939345	414169189995022	414169174214658
414169177797783	414169198210126	414169178022418
414169194358877	414169206424553	414169194754502
414169210987731	414169222853304	414169211372783
414169227663668	414169239282053	414169228080908
414169244336689	414169255712157	414169244716481
414169261044814	414169272142418	414169261430700
414169277750700	414169288573199	414169278125127
414169294393356	414169305002262	414169294776845
414169311017002	414169321434814	414169311397939
414169327674189	414169346086115	414169336318356
414169357138200	414169370734657	414169357427731
414169361065543	414169378951845	414169361371168
414169377663356	414169395386064	414169378109189
414169394299033	414169411820595	414169394685595
414169411028200	414169428254085	414169411430700
414169427699033	414169444685022	414169428102002
414169444289033	414169461117418	414169444665127
414169461024970	414169477549501	414169461542783
414169477720595	414169493981949	414169478108720
414169494302158	414169510412105	414169494778408
414169510988564	414169526843512	414169513583512
414169540337783	414169551491324	414169540679189
414169544356064	414169559705646	414169544655595
414169561022314	414169576137002	414169561425752
414169577690908	414169592566897	414169578073564
414169594346793	414169608997574	414169594737262
414169610990543	414169625426480	414169611370908
414169627630908	414169641857210	414169628064762
414169644349502	414169658289240	414169644568408
414169661038720	414169674723199	414169661419866
414169677706481	414169691157679	414169678091585
414169694398095	414169715807731	414169698819189
414169724133720	414169740457366	414169724399033
414169727839033	414169748671845	414169728100856
414169744417314	414169756886532	414169744674189
414169761072574	414169773315438	414169761448512
414169777800283	414169789747730	414169778195126
414169794479918	414169806178042	414169794845283
414169811107574	414169822609761	414169811486689
414169827744345	414169839041324	414169828131793
414169844452470	414169855471480	414169844703876
414169861170283	414169871903407	414169861549918
414169877771689	414169888335178	414169877872001
414169908313564	414169921197782	414169908583720
414169911085231	414169929413876	414169911410231
414169927833408	414169945845699	414169928254449
414169944428251	414169962277990	414169944807314
414169961084033	414169978708512	414169961493876
414169977776168	414169995139709	414169978151689
414169994484814	414170011570386	414169994886533
414170011161637	414170027998771	414170011533668
414170027787262	414170044427313	414170028171220
414170044431376	414170069070698	414170054846012
414170074925387	414170085500438	414170075089345
414170077901376	414170093716168	414170078277418
414170094500283	414170126937522	414170094902106
414170111168720	414170143604189	414170111572106
414170128290387	414170160268095	414170128533668
414170144530439	414170176932678	414170144908564
414170161163876	414170193598616	414170161556689
414170177778720	414170210264292	414170178179033
414170194493043	414170226932730	414170194894762
414170211160283	414170243601376	414170211576376
414170227836949	414170260270907	414170235220283
414170258604189	414170276938564	414170258950230
414170261253876	414170293606323	414170261567001
414170277870074	414170310273772	414170278281949
414170294515855	414170326937522	414170294917314
414170311204501	414170343603459	414170311592262
414170327864033	414170360268511	414170328254033
414170344550439	414170376936064	414170344948095
414170361226637	414170393605073	414170361625751
414170377940699	414170410271688	414170378342001
414170394575283	414170426939448	414170394962314
414170411197470	414170443606063	414170411574345
414170427878095	414170460273928	414170428187626
414170460296949	414170476942209	414170460589762
414170461312782	414170493610178	414170461649501
414170478009970	414170510277522	414170478429762
414170494596949	414170526943147	414170494980230
414170511248512	414170543607417	414170511631012
414170527954501	414170560272886	414170528362314
414170544625855	414170576937834	414170545001220
414170561299449	414170593603511	414170561695126
414170577942105	414170610274345	414170578339657
414170594793876	414170626943876	414170608907574
414170625682470	414170643612365	414170625974345
414170627869605	414170660279813	414170628168512
414170644627730	414170676947105	414170645035230
414170661281532	414170693617365	414170661661532
414170677951793	414170710287417	414170678329449
414170694558720	414170726955125	414170694939970
414170711297782	414170743621479	414170711700595
414170727927262	414170760288459	414170728352626
414170744659449	414170776955022	414170745048668
414170761262418	414170793621740	414170761634814
414170777914189	414170810287886	414170778306064
414170794570751	414170826956011	414170809120282
414170811206168	414170843622521	414170811499137
414170843078876	414170860291740	414170843419970
414170844668512	414170876958564	414170844947782
414170861282105	414170893625334	414170861623564
414170877899918	414170910292053	414170878293668
414170894575126	414170926959292	414170894967314
414170911263980	414170943625907	414170911685386
414170927860439	414170960292001	414170928271845
414170944528355	414170976959657	414170944933199
414170961277157	414170993628615	414170961763095
414170977903720	414171010297990	414170991625439
414171009156636	414171026967678	414171009463876
414171011250439	414171043635750	414171011581116
414171027915751	414171060306064	414171028318407
414171044579501	414171076974865	414171044988876
414171061285126	9223372036854775807	414171061689345

POLL t=68.4 tick=1686
16666666
414180231825539	414180276390851	414180232205748
414180248489966	414180293055382	414180248868195
414180265158664	414180309718611	414180273887727
414180300362622	414180326383612	414180300817414
414180300552779	414180343048299	414180300883872
414180317224810	414180359712882	414180317612935
414180333879185	414180376378404	414180334321529
414180350579497	414180393044445	414180351036997
414180367249602	414180409711320	414180367626372
414180383917779	414180426378195	414180384293195
414180400586477	414180443045382	414180413325122
414180434528091	414180459712622	414180434999497
414180434714810	414180476380435	414180435023560
414180451404497	414180493047622	414180451829497
414180468067727	414180509714965	414180468500747
414180484670591	414180526384497	414180485161216
414180501416477	414180543054080	414180501855904
414180518070279	414180559724758	414180518562883
414180534742414	414180576394028	414180535159289
414180551415695	414180593064185	414180551845904
414180568105747	414180609735539	414180577058872
414180603090591	414180626405695	414180603646320
414180603282779	414180643077830	414180603651997
414180619993872	414180659746684	414180620440122
414180636596529	414180676411684	414180637043716
414180653255904	414180693079341	414180653706060
414180670001997	414180709748507	414180670503664
414180686652935	414180726415747	414180687021685
414180703499914	414180743082674	414180703662883
414180719983716	414180759748351	414180725728716
414180754478976	414180776416163	414180754963976
414180754670226	414180793084236	414180755015279
414180771405435	414180809749236	414180771913247
414180788038091	414180826414914	414180788552154
414180804706685	414180843079653	414180805241060
414180821388820	414180859745226	414180821883039
414180838037310	414180876411893	414180838417258
414180854652779	414180893076007	414180855064810
414180871368560	414180909744132	414180874803664
414180906858976	414180926411892	414180907319028
414180907054810	414180943080538	414180907322310
414180923715903	414180959747569	414180924151372
414180940379445	414180976414914	414180940811008
414180957047778	414180993082465	414180957415539
414180973767622	414181009751528	414180974127883
414180990432466	414181026420382	414180990793560
414181007088976	414181043088559	414181017742466
414181042731945	414181059759393	414181043024653
414181043008351	414181076431319	414181043215278
414181059588716	414181093101684	414181060035070
414181076257883	414181109771163	414181076674445
414181092905695	414181126441528	414181093304758
414181109595122	414181143111007	414181110026164
414181126260435	414181159781997	414181126659966
414181142930226	414181176450851	414181148349445
414181178061528	414181209788247	414181178432622
414181178282778	414181226456059	414181178435903
414181195129341	414181243121112	414181196125539
414181211714758	414181259789913	414181212764185
414181228570591	414181276460018	414181229476633
414181245454341	414181293127101	414181246260539
414181262119653	414181309794132	414181263002310
414181278879653	414181326458716	414181289160747
414181314772778	414181343128768	414181315148872
414181314937778	414181359797049	414181315161060
414181331631164	414181376461892	414181332069966
414181348283872	414181393127309	414181348730747
414181364978091	414181409793559	414181365358403
414181381645903	414181426460850	414181382024810
414181398313820	414181443126267	414181398742414
414181414978872	414181459794132	414181425697466
414181450481476	414181476461268	414181451195278
414181450771528	414181493129028	414181451201997
414181467392153	414181509798298	414181467867778
414181484052153	414181526465226	414181484475435
414181500785539	414181543130070	414181501154966
414181517437310	414181559796059	414181517823091
414181534190435	414181576459966	414181534569966
414181550861007	414181593122882	414181559993091
414181594168716	414181626456111	414181594684966
414181594338039	414181643122205	414181594691059
414181612447570	414181659789184	414181613212622
414181628819028	414181676457778	414181629723716
414181645569809	414181693123819	414181646371528
414181662548247	414181709792622	414181663293403
414181679205851	414181726458871	414181679958716
414181696173195	414181743123091	414181702736632
414181731513872	414181759789184	414181732213195
414181732104445	414181776453976	414181732213559
414181748669809	414181793118976	414181749146268
414181765334653	414181809784601	414181765802101
414181782002309	414181826450330	414181782377934
414181798745434	414181843115382	414181799127570
414181815356476	414181859781319	414181815731059
414181832020122	414181876448507	414181845353976
414181848734497	414181893112986	414181849087466
414181882893091	414181909781059	414181883395903
414181883179289	414181926449236	414181883401476
414181899892778	414181943115851	414181900354653
414181916497101	414181959783559	414181916933872
414181933200070	414181976455695	414181933574289
414181949866841	414181993127257	414181950248872
414181966525382	414182009796268	414181966909028
414181983138247	414182026464861	414181997090747
414181999897570	414182043131476	414182000255226
414182034961216	414182059798506	414182035437622
414182035180538	414182076464392	414182035445591
414182051972778	414182093130902	414182052518820
414182068554341	414182109801215	414182068978559
414182085230591	414182126470851	414182085597309
414182101879184	414182143141892	414182102277622
414182118541997	414182159811736	414182118921684
414182135210226	414182176481475	414182154016007
414182151918247	414182193149705	414182154053559
414182185348976	414182209823507	414182185719184
414182185522934	414182226498403	414182185750591
414182202243091	414182243169497	414182202794966
414182218834340	414182259839184	414182219260070
414182235481059	414182276509183	414182235936215
414182252193507	414182293178663	414182252718715
414182268856163	414182309845902	414182269258403
414182285527778	414182326517986	414182285917570
414182302229653	414182343189079	414182308204497
414182337657309	414182359859913	414182338141528
414182337978247	414182376529028	414182338146372
414182354531632	414182393196423	414182354917465
414182371195747	9223372036854775807	414182371594288

POLL t=80.3 tick=1757
8333333
414192043989962	414192055185743	414192044361837
414192060641472	414192088039492	414192072715274
414192077316993	414192096252565	414192077685743
414192114418816	414192129107930	414192114824493
414192114638868	414192137322200	414192114831837
414192131255743	414192145535222	414192131679805
414192148035430	414192161963295	414192148383868
414192164675587	414192178392097	414192165053555
414192181355691	414192194819597	414192181731785
414192198004805	414192211248920	414192198374024
414192214676212	414192227678816	414192217071212
414192250189128	414192268752565	414192250691055
414192250379649	414192276968086	414192250708660
414192267044024	414192285182252	414192267491003
414192283698087	414192301609752	414192284107566
414192300434805	414192318036628	414192300806628
414192317064024	414192334465221	414192317436003
414192333661055	414192350892774	414192334088816
414192350447618	414192375534440	414192360974753
414192386987149	414192400173243	414192387341941
414192387431941	414192408386420	414192387538243
414192403864128	414192416598763	414192404291785
414192420540274	414192433024805	414192420940430
414192437251055	414192449448763	414192437620430
414192453909493	414192465872253	414192454292305
414192470584805	414192482297096	414192470956055
414192487261212	414192506934180	414192492114649
414192523712722	414192539787149	414192524252878
414192524271993	414192548000482	414192524438399
414192540588087	414192556212618	414192541034493
414192557246993	414192572637201	414192557635847
414192573936316	414192589064857	414192574315274
414192590653868	414192605494440	414192591066680
414192607318087	414192621922930	414192607691524
414192623979962	414192646569127	414192634331159
414192659878972	414192671211003	414192660273399
414192660127462	414192679425273	414192660279649
414192676792462	414192687640118	414192677185534
414192693430430	414192704067618	414192693839909
414192710122774	414192720496576	414192710531784
414192726789805	414192745139440	414192727213816
414192743460222	414192761569544	414192743835118
414192760150899	414192777996628	414192765043086
414192796297774	414192810850534	414192796798659
414192796493711	414192819064752	414192796802930
414192813204909	414192827278554	414192813623399
414192829873972	414192843703711	414192830249024
414192846504753	414192860130118	414192846881524
414192863164180	414192876555534	414192863543711
414192879829284	414192892985742	414192880208347
414192896486055	414192917629336	414192906364909
414192932432930	414192950486106	414192932820378
414192932660430	414192958700898	414192932825534
414192949231055	414192966916472	414192950015899
414192965898399	414192983343346	414192966295118
414192982659336	414192999772565	414192983037305
414192999318659	414193016202878	414192999693868
414193015986784	414193032631993	414193016400847
414193032633347	414193057274440	414193039365899
414193078398191	414193090134493	414193078822878
414193078554284	414193098350274	414193078829961
414193095229180	414193106564752	414193095654805
414193111917149	414193122993554	414193112302566
414193128628659	414193139423868	414193129003243
414193145302149	414193164066054	414193145675430
414193161953243	414193180498034	414193162330430
414193178637930	414193196926836	414193183666628
414193210971680	414193221569231	414193211296368
414193212056836	414193229783242	414193212426472
414193228689649	414193246210534	414193229082618
414193245353711	414193262637877	414193245782774
414193261997253	414193279067461	414193262379180
414193278670274	414193295497200	414193279057930
414193295343711	414193320143763	414193307182149
414193312191524	414193328360169	414193313172305
414193350959180	414193361221783	414193351338347
414193351513503	414193369437721	414193351711940
414193368177774	414193385867253	414193368611680
414193384769649	414193402294544	414193385241940
414193401434649	414193418722148	414193401831211
414193418146367	414193435148971	414193418523190
414193434826367	414193451574752	414193435239180
414193451440847	414193467998867	414193456458399
414193487964492	414193500850117	414193488271055
414193488411472	414193509063867	414193488538086
414193505039024	414193517278502	414193505430899
414193521738555	414193533706888	414193522129336
414193538382253	414193550133919	414193538769180
414193555125586	414193566562200	414193555502617
414193571751055	414193599420169	414193587340586
414193588411680	414193607634335	414193588728190
414193624843086	414193640491627	414193625145534
414193625348190	414193648706471	414193625450899
414193641771211	414193656921732	414193642191680
414193658521836	414193673351315	414193658887149
414193675175117	414193689781367	414193675606315
414193691869492	414193706212461	414193692258972
414193708532149	414193739071419	414193721860586
414193725282774	414193747287565	414193725615742
414193762607097	414193780151836	414193762909805
414193763101524	414193788368606	414193763215742
414193779561003	414193796584492	414193779994336
414193796440013	414193813017565	414193796849492
414193812971055	414193829449961	414193813322617
414193829583086	414193845881940	414193829952461
414193846275586	414193862312408	414193846648242
414193862894596	414193878742409	414193868491367
414193899142096	414193911601575	414193899504024
414193899423867	414193919816783	414193899508971
414193916031940	414193928030429	414193916412149
414193932687774	414193944459023	414193933068815
414193949355430	414193960889075	414193949728971
414193966048503	414193977317304	414193966434961
414193982676784	414193993744753	414193983066628
414193999405586	414194018391679	414194002885221
414194035555430	414194051253033	414194035928971
414194035850273	414194059469127	414194035935586
414194052401836	414194067683867	414194052795898
414194069146471	414194084115846	414194069525690
414194085808190	414194100547357	414194086169492
414194102483398	414194116977096	414194102878398
414194119137565	414194133406158	414194119502096
414194135832930	414194149838138	414194136242721
414194152524128	414194166269596	414194154520742
414194186851992	414194199131002	414194187201471
414194187041367	414194207348033	414194187205586
414194203726523	9223372036854775807	414194204148867

POLL t=91.5 tick=1867
8333333
414203343586155	414203360982769	414203343959489
414203360223707	414203377418082	414203360597718
414203376924124	414203410291155	414203393714957
414203393556520	414203418509540	414203393720530
414203428700739	414203443162457	414203429112614
414203429159905	414203451380426	414203429113239
414203445585895	414203459597873	414203445876155
414203462246364	414203476030478	414203462667301
414203478923239	414203492462665	414203479291676
414203495589749	414203508897457	414203495966155
414203512225895	414203541767613	414203528651312
414203528975218	414203549982822	414203529047093
414203564464176	414203582846624	414203564785582
414203564602614	414203591065165	414203564791312
414203581259593	414203599283394	414203581652770
414203597954957	414203615719489	414203598351051
414203614687301	414203632154593	414203615101364
414203631344957	414203648589436	414203631754905
414203648028707	414203681458290	414203664124645
414203664674020	414203689676364	414203664812874
414203700220218	414203714327092	414203700609280
414203700394280	414203722544592	414203700635739
414203717059593	414203730763082	414203717442614
414203733779020	414203747199123	414203734140218
414203750455061	414203763634124	414203750828864
414203767128395	414203780069645	414203767499957
414203783801311	414203796505165	414203784152718
414203800473395	414203821155009	414203803269593
414203835995270	414203854017665	414203836462614
414203836288082	414203862233967	414203836470895
414203852891988	414203870450530	414203853336832
414203869641624	414203886881050	414203870060582
414203886303238	414203903312353	414203886676520
414203902976468	414203919743967	414203903454436
414203919635895	414203936174279	414203920050061
414203936376468	414203952607821	414203942687613
414203971360270	414203985477352	414203971793551
414203971557770	414203993694019	414203971798395
414203988233082	414204001911363	414203988608707
414204004880738	414204018346103	414204005263551
414204021596676	414204034780634	414204021965270
414204038222874	414204051212196	414204038608238
414204054929801	414204067642665	414204055297457
414204071605113	414204084075842	414204074240738
414204107107301	414204125158550	414204107501207
414204107473863	414204133375790	414204107644645
414204123951363	414204141593551	414204124390061
414204140671311	414204158028602	414204141116051
414204157351780	414204174462717	414204157731520
414204174023863	414204190895373	414204174398343
414204190642874	414204207327926	414204191043863
414204207532613	414204223761936	414204211097301
414204242928343	414204256631519	414204243307770
414204243117301	414204264848498	414204243319020
414204259773186	414204273064957	414204260143863
414204276482770	414204289496103	414204276951311
414204293170113	414204305930269	414204293538707
414204309824801	414204322365477	414204310197613
414204326468342	414204338799696	414204326841988
414204343175999	414204363453499	414204347207561
414204378357301	414204396319800	414204378887717
414204378808395	414204404536415	414204379030530
414204395259488	414204412752509	414204395681363
414204411969801	414204429185842	414204412362457
414204428625061	414204445618759	414204429001311
414204445279801	414204462051623	414204445750895
414204461946051	414204478484540	414204462333030
414204478698030	414204494918967	414204482070738
414204513877769	414204527788238	414204514232301
414204514053082	414204536006258	414204514241936
414204530744801	414204544222717	414204531223394
414204547363238	414204560654436	414204547772301
414204564086988	414204577085685	414204564474488
414204580789019	414204593516207	414204581157144
414204597440374	414204609949019	414204597818394
414204614174644	414204634600790	414204617113863
414204648924019	414204659251155	414204649236519
414204649216207	414204667468238	414204649381624
414204665847613	414204683901831	414204666252717
414204682518499	414204700335581	414204682896051
414204699193811	414204716769279	414204699562769
414204715874436	414204733204228	414204716258863
414204732530582	414204749640581	414204732907874
414204749267613	414204766078082	414204753031988
414204779852613	414204790734019	414204780094436
414204782703863	414204798953289	414204783869957
414204799397144	414204815389904	414204799775374
414204816121207	414204831824540	414204816487457
414204832787926	414204848261883	414204833143863
414204849413238	414204864699904	414204849800374
414204866101363	414204889353810	414204877821832
414204882706676	414204897570842	414204883129644
414204918850426	414204930437144	414204919176363
414204919267613	414204938653915	414204919384801
414204935819436	414204946872144	414204936252717
414204952514176	414204963307925	414204952932561
414204969197717	414204979742821	414204969561519
414204985848238	414205004392509	414204986219905
414205002512301	414205020824644	414205002892613
414205019238238	414205037259852	414205021371519
414205054357926	414205070125737	414205054733707
414205054712613	414205078342144	414205054839019
414205071320582	414205086560268	414205071712457
414205088016311	414205102994852	414205088396988
414205104683342	414205119430165	414205105052613
414205121343394	414205135863498	414205121702926
414205138015269	414205152296884	414205138377613
414205154745998	414205168731310	414205158271363
414205190879175	414205209819383	414205191296988
414205191285686	414205218037977	414205191471936
414205207879175	414205226256154	414205208274644
414205224570582	414205242691050	414205224982405
414205241263550	414205259129331	414205241631519
414205257937457	414205275566779	414205258314019
414205274601467	414205292004695	414205275024488
414205291257300	414205316657872	414205298572248
414205327572925	414205341312873	414205327986936
414205327933863	414205349531519	414205328113238
414205344486936	414205357749019	414205344875894
414205361191675	414205374182613	414205361570738
414205377885530	414205390613133	414205378252769
414205394599644	414205407045998	414205395020425
414205411187144	414205423478758	414205411554644
414205427842873	414205448131154	414205431542561
414205462589332	414205480994591	414205462901311
414205462743030	414205489211050	414205462916363
414205479513967	414205497429695	414205479914488

POLL t=103.3 tick=1940
8333333
414215130298182	414215146090161	414215133753703
414215166222401	414215178962661	414215167033390
414215166608703	414215187182244	414215167038547
414215183154484	414215195402088	414215183583390
414215199860682	414215211839275	414215200233026
414215216555265	414215228275630	414215216932245
414215233222297	414215244711046	414215233596203
414215249888963	414215261147557	414215250269328
414215266563495	414215285798494	414215273142922
414215301639328	414215318666619	414215302032140
414215301862870	414215326883078	414215302037609
414215318496828	414215335100525	414215318893495
414215335408390	414215351537140	414215335827870
414215351909640	414215367974692	414215352275370
414215368570838	414215384411723	414215368934120
414215385236672	414215400847661	414215385605890
414215401921776	414215425503650	414215407600526
414215437530734	414215450159223	414215437866047
414215437711984	414215458378234	414215437873703
414215454415578	414215466597504	414215454888807
414215471048182	414215483034848	414215471427140
414215487773859	414215499470213	414215488135682
414215504447609	414215515907817	414215504822088
414215521104797	414215532343494	414215521479953
414215537778547	414215556995838	414215544554328
414215573891984	414215589867765	414215574244119
414215574151515	414215598086671	414215574249901
414215590788859	414215606305004	414215591234953
414215607371047	414215622739432	414215607792713
414215624105734	414215639176099	414215624483859
414215640819172	414215655611932	414215641197088
414215657473026	414215672048442	414215657855526
414215674155265	414215696703910	414215681114796
414215709524901	414215721361098	414215709902609
414215709731671	414215729580109	414215709923859
414215726433651	414215737798650	414215726881151
414215743084015	414215754235630	414215743457140
414215759769015	414215770667660	414215760150526
414215776445421	414215795317764	414215776849744
414215793058078	414215803534587	414215793494328
414215809737140	414215828184067	414215812428703
414215845485057	414215861053807	414215845871515
414215845632296	414215869270785	414215845921671
414215862291828	414215877488233	414215862681828
414215878965578	414215893927348	414215879344328
414215895706307	414215910365889	414215896099171
414215912360734	414215926804015	414215912724796
414215929034796	414215943240890	414215929401828
414215945698234	414215976113702	414215962234171
414215962351359	414215984331619	414215962474953
414216006775421	414216025428389	414216007104796
414216006925682	414216033648910	414216007119015
414216023604432	414216041867868	414216024012765
414216040284015	414216058306254	414216040727921
414216057006671	414216074745212	414216057384432
414216073674640	414216091185160	414216074044588
414216090339119	414216107627140	414216090718078
414216107008859	414216132291671	414216115508494
414216142367609	414216156957296	414216142757296
414216142629640	414216165177504	414216142778390
414216159197453	414216173397505	414216159630578
414216175908182	414216189836202	414216176294900
414216192598546	414216206272921	414216192969796
414216209274328	414216222710629	414216209667713
414216225944953	414216239146098	414216226312453
414216242602609	414216255582661	414216243057609
414216259287453	414216280238389	414216262893234
414216293845578	414216304894431	414216294225109
414216294054484	414216313113546	414216294235109
414216310673390	414216321332452	414216311126307
414216327339484	414216337768806	414216327720838
414216344031827	414216354207921	414216344416515
414216360736515	414216378862817	414216361113077
414216377404900	414216395300160	414216377792869
414216394088650	414216411736723	414216401917296
414216429189796	414216444609014	414216429580890
414216429406359	414216452826358	414216429586046
414216446098650	414216461044535	414216446495109
414216462787088	414216477480681	414216463171046
414216479505577	414216493916514	414216479875265
414216496224744	414216510354171	414216496606827
414216512819275	414216526789379	414216513195057
414216529472088	414216543227816	414216531485369
414216562407921	414216576101150	414216562718025
414216562821671	414216584320473	414216562947140
414216579519171	414216592538545	414216579939015
414216596241671	414216608978442	414216596634588
414216612876671	414216625419588	414216613268859
414216629551984	414216641858077	414216629933702
414216646272244	414216658293025	414216646625577
414216662868859	414216682949691	414216665457140
414216695829171	414216707607816	414216696114015
414216696183338	414216715827765	414216696283546
414216712952140	414216724047868	414216713363234
414216729595421	414216740488962	414216729976046
414216746305265	414216756928650	414216746674640
414216762968702	414216781589274	414216763356671
414216779652088	414216798030369	414216780066046
414216796407609	414216814472243	414216802973494
414216830186463	414216847356566	414216830501671
414216830508859	414216855576983	414216830642609
414216847244171	414216863798441	414216847544952
414216864040421	414216880238494	414216864376046
414216880536984	414216896678806	414216880911515
414216897238859	414216913115421	414216897610577
414216913881359	414216929553233	414216914248234
414216930664015	414216945992399	414216933688390
414216961582244	414216978864483	414216961894900
414216963859275	414216987082712	414216964193025
414216980547556	414216995301722	414216980930108
414216997210577	414217011739743	414216997581306
414217013885577	414217028177087	414217014262452
414217030544483	414217044614847	414217030921671
414217047204796	414217061056462	414217047563546
414217063888338	414217085715733	414217067876619
414217099932921	414217118588598	414217100335525
414217100351202	414217126807556	414217100481463
414217117011671	414217135027556	414217117431463
414217133673546	414217151466410	414217134068181
414217150332140	414217167906566	414217150717244
414217166999900	414217184344847	414217167441515
414217183668494	414217200785524	414217184049171
414217200323025	414217225444275	414217209371983
414217232462296	414217250101566	414217232804744
414217233701827	414217258322243	414217234042088
414217250371306	414217266543129	414217250779171
414217267065994	414217282982712	414217267474119

POLL t=114.8 tick=2013
8333333
414226588127865	414226603425677	414226588510053
414226604861199	414226619865209	414226605240886
414226621537240	414226636303646	414226621918386
414226638208542	414226652744167	414226638586980
414226654863178	414226669184323	414226655237865
414226671544740	414226693843958	414226677513334
414226706320365	414226718499583	414226706887605
414226706654480	414226726719739	414226706908074
414226723225990	414226734938907	414226723612449
414226739967553	414226751375312	414226740358542
414226756627917	414226767816198	414226756997917
414226773303021	414226784257604	414226773680886
414226789959011	414226817140730	414226805779636
414226806630573	414226825361510	414226807000261
414226841327761	414226858240417	414226841686198
414226841524115	414226866460938	414226841742605
414226858201771	414226874681198	414226859108334
414226874900990	414226891118750	414226875280678
414226891559480	414226907555782	414226891929480
414226908224115	414226923994844	414226908598073
414226924897917	414226940432552	414226925270834
414226941593230	414226965086614	414226947641667
414226976879115	414226989745417	414226977307917
414226977197761	414226997964375	414226977314271
414226993793855	414227006183854	414226994191823
414227010412292	414227022624167	414227010815417
414227027103073	414227039062552	414227027505365
414227043788386	414227055501094	414227044147761
414227060429792	414227071940365	414227060815365
414227077118021	414227096601407	414227082461042
414227111848855	414227129482344	414227112226980
414227112147136	414227137703542	414227112297448
414227128728698	414227145923438	414227129736355
414227145412084	414227162363646	414227145981459
414227162107917	414227178801407	414227162568230
414227178828386	414227195240833	414227179201042
414227195517605	414227211680729	414227195890261
414227212179480	414227236343698	414227219275417
414227246264740	414227261006562	414227246583177
414227246598855	414227269225886	414227246732396
414227263176511	414227277445782	414227263565886
414227279825417	414227293884427	414227280219792
414227296517917	414227310326562	414227296889948
414227313201042	414227326767656	414227313568490
414227329832865	414227359650312	414227343039323
414227346527761	414227367870781	414227346918021
414227382052917	414227392532448	414227382378386
414227382240105	414227400753594	414227382383177
414227398879948	414227417195105	414227399286146
414227415571511	414227433635730	414227416079740
414227432278230	414227450076302	414227432639896
414227448898959	414227466515416	414227449285417
414227465611198	414227482953281	414227465991979
414227482366198	414227499391042	414227488935052
414227518955417	414227532270313	414227519416667
414227519295417	414227540490312	414227519455886
414227535824479	414227548711562	414227536248386
414227552542604	414227565151510	414227552916198
414227569215729	414227581593125	414227569588386
414227585894896	414227598032239	414227586281927
414227602553490	414227630911874	414227616329479
414227638133698	414227655572604	414227638485261
414227638326354	414227663792343	414227638515573
414227655043386	414227672013125	414227655438698
414227671636459	414227688452500	414227672034740
414227688329792	414227704891198	414227688706198
414227705125886	414227721329166	414227705485261
414227721701459	414227745982343	414227735902865
414227738406354	414227754201145	414227738832917
414227773748542	414227787080156	414227774267709
414227773922552	414227795299844	414227774323229
414227790576927	414227803519167	414227790959115
414227807266667	414227819957656	414227807672448
414227823984948	414227836397760	414227824365573
414227840658177	414227852838542	414227841017240
414227857318334	414227869280990	414227857689636
414227874006667	414227893944583	414227878402448
414227913902292	414227926828802	414227914250886
414227914128386	414227935049583	414227914256615
414227930794948	414227943268750	414227931189427
414227947481979	414227959706666	414227947873698
414227964247761	414227976146354	414227964636042
414227980817604	414227992587031	414227981196667
414227997531198	414228009027760	414227997898698
414228014289271	414228033688229	414228017396198
414228049442604	414228066567291	414228049828698
414228049706979	414228074787239	414228049835573
414228066413333	414228083006615	414228066750052
414228083059271	414228099446666	414228083465573
414228099792292	414228115883489	414228100128021
414228116384323	414228132321145	414228116772760
414228133131354	414228165200104	414228151006979
414228149837917	414228173420572	414228151014583
414228183349740	414228198082239	414228183687760
414228183686979	414228206303385	414228183825677
414228200376510	414228214524583	414228200791823
414228217025677	414228230964375	414228217402448
414228233693229	414228247404896	414228234059583
414228250380417	414228263843802	414228250753021
414228266993385	414228296726197	414228281456354
414228283724010	414228304946406	414228284177135
414228318552240	414228329607291	414228318853385
414228318921667	414228337828645	414228319029948
414228335578958	414228346048437	414228336136510
414228352217917	414228362487760	414228352587760
414228368929740	414228387148124	414228369286771
414228385652604	414228403588489	414228386046510
414228402220885	414228428247135	414228413132240
414228438373854	414228452907812	414228438721198
414228438609740	414228461127187	414228438726458
414228455246979	414228469346197	414228455648698
414228471932083	414228485785156	414228472314115
414228488589427	414228502222864	414228488967917
414228505261927	414228518662916	414228505651510
414228521919167	414228551540885	414228536081042
414228538682760	414228559760208	414228539003229
414228573287135	414228584420417	414228573641927
414228573492864	414228592641041	414228573650677
414228590215364	414228600861406	414228590477292
414228606884114	414228625520468	414228607259323
414228623539271	414228641958489	414228623921042
414228640207604	414228658397447	414228640596198
414228656898021	414228683058280	414228668475260
414228692513698	414228707718228	414228692966667
414228692679635	414228715936510	414228692971354
414228709380677	414228724154895	414228709792917
414228726091302	414228740591979	414228726462292

POLL t=126.4 tick=2127
8333333
414238297986663	414238315662027	414238298349163
414238299401923	414238323878329	414238299830725
414238316159267	414238332094163	414238316669423
414238332822132	414238348524736	414238333186767
414238349465882	414238364953381	414238349837080
414238366105882	414238381384891	414238366479944
414238382778382	414238406033745	414238389716663
414238417138694	414238430682340	414238417484632
414238417466611	414238438899840	414238417599736
414238434020413	414238447118485	414238434443382
414238450745569	414238463554058	414238451148694
414238467403850	414238479985777	414238467786350
414238484114788	414238496419996	414238484462079
414238500734632	414238529292236	414238514976975
414238517389163	414238537509891	414238517712757
414238551128538	414238562160933	414238551484267
414238551335100	414238570377965	414238551490517
414238568242288	414238578594840	414238568628069
414238584699944	414238595028797	414238585088381
414238601339006	414238611463121	414238601716663
414238618011767	414238636110100	414238618405256
414238634658694	414238660762131	414238643959892
414238669521819	414238685408954	414238669881038
414238669707392	414238693626558	414238669885829
414238686329475	414238701845360	414238686739111
414238703054736	414238718282027	414238703438538
414238719718538	414238734715776	414238720140256
414238736422756	414238751151975	414238736798486
414238753088642	414238775805516	414238763260256
414238787891142	414238800458641	414238788249788
414238788103486	414238808677703	414238788253954
414238804725256	414238816895725	414238805104944
414238821469579	414238833334058	414238821834267
414238838129163	414238849771714	414238838487131
414238854788850	414238866208381	414238855192131
414238871455048	414238899080881	414238883857600
414238907841819	414238923735464	414238908279631
414238908054006	414238931952808	414238908284319
414238924685100	414238940170881	414238925102756
414238941402131	414238956607548	414238941788850
414238958088694	414238973045151	414238958466142
414238974731298	414238989479214	414238975112444
414238991400517	414239014130725	414239003832913
414239026607235	414239038782026	414239026966663
414239026885100	414239047001089	414239026968017
414239043476142	414239055218328	414239043915985
414239060207288	414239071651298	414239060585881
414239076841038	414239088084318	414239077227756
414239093508173	414239104521714	414239093886975
414239110168329	414239137395152	414239121237913
414239146661923	414239162050048	414239147039944
414239146918538	414239170267235	414239147048381
414239163506610	414239178485048	414239163897756
414239180224006	414239194921871	414239180609163
414239196879944	414239211357703	414239197263538
414239213648538	414239227794683	414239214036194
414239230286506	414239252453328	414239241709006
414239263757444	414239277107443	414239264094006
414239263967444	414239285326089	414239264097287
414239280672444	414239293545464	414239281101142
414239297320725	414239309983641	414239297709267
414239313994475	414239326421610	414239314375412
414239330647756	414239342860464	414239331039006
414239347312600	414239359296975	414239347697131
414239363979162	414239392167860	414239374635881
414239398157860	414239416823641	414239398488017
414239398330881	414239425041402	414239398501298
414239415031194	414239433260308	414239415438642
414239431750048	414239449698068	414239432137912
414239448384735	414239466134943	414239448763954
414239465025881	414239482569475	414239465416819
414239481776923	414239507222703	414239495820360
414239498902444	414239515440099	414239500286819
414239533702912	414239548312391	414239534087444
414239533892912	414239556529474	414239534093850
414239550541610	414239564746401	414239550960829
414239567266975	414239581181349	414239567659319
414239583976298	414239597615412	414239584352444
414239600691662	414239614049578	414239601059944
414239617359631	414239630484267	414239617718225
414239634087444	414239655140151	414239639502444
414239669632860	414239688015412	414239670007287
414239669911767	414239696234006	414239670021454
414239686570100	414239704451505	414239686985829
414239703254266	414239720885568	414239703652704
414239719954162	414239737322026	414239720335100
414239736591350	414239753756610	414239736968016
414239753257444	414239778412443	414239765597444
414239770089579	414239786631714	414239770454631
414239802485881	414239819501193	414239802789944
414239803229891	414239827717078	414239803568225
414239820321766	414239835934527	414239820523225
414239836681506	414239852370672	414239837052548
414239853351975	414239868806245	414239853718069
414239869989787	414239885244214	414239870362704
414239886748694	414239909902131	414239896747912
414239921723016	414239934558485	414239922141766
414239921998381	414239942777235	414239922148537
414239938676141	414239950995411	414239939097912
414239955352704	414239967430099	414239955758068
414239972146975	414239983866818	414239972495412
414239988713537	414240000306557	414239989087912
414240005388798	414240033183016	414240019516818
414240022152912	414240041401714	414240022531610
414240057160881	414240074270725	414240057449475
414240057540204	414240082486297	414240057643954
414240074112443	414240090702339	414240074552443
414240090906662	414240107136870	414240091277443
414240107484162	414240123571713	414240107857287
414240124157756	414240140007443	414240124522704
414240140820673	414240164660724	414240149105881
414240175013693	414240189312495	414240175413798
414240175331818	414240197530308	414240175414787
414240191899318	414240205748172	414240192436193
414240208719891	414240222184630	414240209085516
414240225272287	414240238620516	414240225636298
414240241922912	414240255056818	414240242289787
414240258579475	414240271491923	414240258945412
414240275245673	414240296142651	414240281651610
414240310024162	414240320795464	414240310588381
414240310376766	414240329013849	414240310602600
414240326938068	414240345450256	414240327350360
414240343641662	414240361885620	414240344041662
414240360350204	414240378320568	414240360721141
414240376962443	414240394755776	414240377342704
414240393682131	414240419405307	414240407488797
414240436773225	9223372036854775807	414240437124006

POLL t=138.4 tick=2202
8333333
414250288123221	414250305667647	414250288512700
414250304755565	414250322102908	414250305145252
414250321440721	414250338536866	414250321813065
414250338109783	414250354968221	414250343328846
414250373209315	414250387834366	414250373537856
414250373334783	414250396052804	414250373543481
414250389990877	414250404271294	414250390390825
414250406732596	414250420706710	414250407099887
414250423432752	414250437143168	414250423803637
414250440120044	414250453577960	414250440494471
414250456727127	414250486449522	414250471369627
414250473412439	414250494668377	414250473735825
414250509254783	414250519326397	414250509623846
414250509398846	414250527546032	414250509638846
414250526052439	414250543983533	414250526476658
414250542784783	414250560421919	414250543162231
414250559465512	414250576860512	414250559879002
414250576194262	414250593299261	414250576571971
414250592792283	414250617953480	414250606726971
414250609466814	414250626169835	414250610152700
414250645017596	414250659039626	414250645366033
414250645213689	414250667256032	414250645371294
414250661868689	414250675473220	414250662297127
414250678531502	414250691906501	414250678957283
414250695282908	414250708341033	414250695821033
414250711916971	414250724777022	414250712293377
414250728597908	414250741214470	414250728970356
414250745275877	414250757652022	414250747459731
414250781007700	414250798738689	414250781420721
414250781171971	414250806955459	414250781443481
414250797829783	414250815172230	414250798481137
414250814542596	414250831606606	414250814919887
414250831229939	414250848043845	414250831654002
414250847850200	414250864481501	414250848262283
414250864573793	414250889140668	414250877602596
414250881249002	414250897359418	414250881989158
414250916464418	414250930230095	414250916971293
414250916652752	414250938446501	414250916975408
414250933274471	414250946664157	414250933781033
414250949982283	414250963098116	414250950372231
414250966639939	414250979534158	414250967025981
414250983313377	414250995971032	414250983694471
414250999974002	414251028847127	414251012725096
414251016702700	414251037065304	414251017065721
414251052542908	414251069938793	414251052906502
414251052730252	414251078158272	414251052911137
414251069447283	414251086376658	414251069879939
414251086123533	414251102813168	414251086508689
414251102761450	414251119249730	414251103135877
414251119430356	414251135686345	414251119812543
414251136140200	414251160343792	414251143995877
414251171648689	414251185000355	414251172120981
414251171826293	414251193220095	414251172136918
414251188475408	414251201438376	414251188869106
414251205212752	414251217875147	414251205591970
414251221848689	414251234310095	414251222237127
414251238542231	414251250744418	414251238916033
414251255260043	414251283614574	414251266322127
414251292317231	414251308270356	414251292688377
414251292551293	414251316490563	414251292694002
414251309183377	414251324710303	414251309611450
414251325865564	414251341147803	414251326270408
414251342554314	414251357580511	414251342921814
414251359196606	414251374014626	414251359581033
414251375868689	414251398665824	414251386187439
414251411437075	414251423320355	414251411833377
414251411673689	414251431538064	414251411840981
414251428365981	414251439755616	414251428744627
414251445041033	414251456189210	414251445441345
414251461701293	414251472624834	414251462076345
414251478364887	414251489060512	414251478752387
414251495028533	414251521935147	414251506091502
414251532748220	414251546590720	414251533303220
414251532971814	414251554809053	414251533308533
414251549653377	414251563028012	414251550087595
414251566363377	414251579466397	414251566729002
414251583056970	414251595902751	414251583430720
414251599722543	414251612343428	414251600104106
414251616483689	414251645218689	414251628855824
414251633007283	414251653438429	414251633319574
414251669759314	414251686317647	414251670070877
414251670416189	414251694536188	414251670351814
414251686678376	414251702754991	414251687114939
414251703458949	414251719191553	414251703913533
414251720101658	414251735628428	414251720480251
414251736763637	414251752066553	414251737128324
414251753426449	414251776720615	414251765250199
414251784862595	414251801377230	414251785159887
414251786627283	414251809596709	414251787007126
414251803430095	414251817815303	414251803904731
414251820112126	414251834251449	414251820509106
414251836777126	414251850687699	414251837140668
414251853435199	414251867124834	414251853822126
414251870063533	414251883564001	414251870427908
414251886797908	414251900000615	414251889261970
414251921117126	414251932875876	414251921468012
414251921360043	414251941094782	414251921474574
414251938048949	414251949314470	414251938442126
414251954728376	414251965753688	414251955107751
414251971408220	414251982192178	414251971798481
414251988096814	414252006848689	414251988483949
414252005074158	414252031508167	414252021245408
414252021521033	414252039726189	414252021637595
414252055146345	414252072593740	414252055483689
414252055305668	414252080810095	414252055488376
414252071991033	414252089026397	414252072529783
414252088716918	414252105459939	414252089151918
414252105368064	414252121893845	414252105747283
414252122067439	414252138331917	414252122451189
414252138724939	414252154769001	414252139100251
414252155405512	414252171206969	414252158846501
414252191024783	414252204083428	414252191651605
414252191464626	414252212303116	414252191656293
414252208069574	414252220521189	414252208475251
414252224656449	414252236958376	414252225029262
414252241347543	414252253394782	414252241720980
414252258008689	414252269833532	414252258393637
414252274638533	414252286268793	414252275022126
414252291502126	414252310923012	414252294559783
414252326269939	414252343793376	414252326658793
414252326489262	414252352010459	414252326664314
414252343136918	414252360227855	414252343437439
414252359848532	414252376660095	414252360246501
414252376566501	414252393092230	414252376932699
414252393310668	414252409525772	414252393638064
414252409902074	414252434178220	414252423639470
414252426594262	414252442395824	414252427170720

POLL t=150.3 tick=2278
8333333
414262173442904	414262187595560	414262173818529
414262190101810	414262212243268	414262200659310
414262224158997	414262236890767	414262224518320
414262224383372	414262245106914	414262224521966
414262241003529	414262253322695	414262241406758
414262257723945	414262269754466	414262258100560
414262274415664	414262286182382	414262274783997
414262291072122	414262302611497	414262291443060
414262307728060	414262327258372	414262313805091
414262341940716	414262360118997	414262342299310
414262342163008	414262368333789	414262342304779
414262358821654	414262376548580	414262359752591
414262375489622	414262392979779	414262375879935
414262392179310	414262409413841	414262392547383
414262408861341	414262425845559	414262409231445
414262425558997	414262450497383	414262432417539
414262461166497	414262475146809	414262461519779
414262461365872	414262483364413	414262461527591
414262478074727	414262491581341	414262478477227
414262494690977	414262508014257	414262495070820
414262511368216	414262524447434	414262511738372
414262528043477	414262540879622	414262528410560
414262544741914	414262565527799	414262554292591
414262579658685	414262598389882	414262580184102
414262579872904	414262606604778	414262580202227
414262596571341	414262614820351	414262596965820
414262613222226	414262631252017	414262613616497
414262629890508	414262647683424	414262630267435
414262646524310	414262664117487	414262646909258
414262663251914	414262680549205	414262670618529
414262698681758	414262713414674	414262699094101
414262698902435	414262721630611	414262699099570
414262715541185	414262729846081	414262715959414
414262732273789	414262746276497	414262732645716
414262748927747	414262762708944	414262749295820
414262765607122	414262779143892	414262765986289
414262782283685	414262803794830	414262787655247
414262816627539	414262828445507	414262817274779
414262816826654	414262836663424	414262817279935
414262833462747	414262844879882	414262833910664
414262850173008	414262861315923	414262850548997
414262866871185	414262877749153	414262867285039
414262883541914	414262894182122	414262883918685
414262900248060	414262927047278	414262911382539
414262936188320	414262951696497	414262936537903
414262936405091	414262959912174	414262936543060
414262953045091	414262968127851	414262953433997
414262969769778	414262984557382	414262970151810
414262986441133	414263000985664	414262986852122
414263003122539	414263017413633	414263003501341
414263019794258	414263042065767	414263029123320
414263054215091	414263066714465	414263054675403
414263054427539	414263074931288	414263054686497
414263071061028	414263083148320	414263071475872
414263087774101	414263099577330	414263088149466
414263104427226	414263116006757	414263104802539
414263121085560	414263132435716	414263121474153
414263137768997	414263157081289	414263143138633
414263172369310	414263189942538	414263172767903
414263172525403	414263198157486	414263172780247
414263189165403	414263206373319	414263189736966
414263205917226	414263222805663	414263206250716
414263222522747	414263239237799	414263222976810
414263239248997	414263255668684	414263239629258
414263255930560	414263280318111	414263263173685
414263291127226	414263304965767	414263291682278
414263291390664	414263313181549	414263291694882
414263307993164	414263321397643	414263308465716
414263324719466	414263337829934	414263325105820
414263341383528	414263354260560	414263341793372
414263358064310	414263370691913	414263358436132
414263374714414	414263395339622	414263383276810
414263409525351	414263419989465	414263409899778
414263409807070	414263428205872	414263409900872
414263426476914	414263444638579	414263426881132
414263443179935	414263461069673	414263443557903
414263459859935	414263477498788	414263460238216
414263476467435	414263493927903	414263476834882
414263493185716	414263510356652	414263498057851
414263527436966	414263543222017	414263527953059
414263527642851	414263551438163	414263527960559
414263544331497	414263559654414	414263544726653
414263561032695	414263576087486	414263561431653
414263577701184	414263592521184	414263578072278
414263594426184	414263608955038	414263594785716
414263611076966	414263633606445	414263616429934
414263644720976	414263658253840	414263645223059
414263645023216	414263666469049	414263645229101
414263661691757	414263674685819	414263662111289
414263678346809	414263691120142	414263678717278
414263695054257	414263707552850	414263695419778
414263711730351	414263723985976	414263712094309
414263728458632	414263748633580	414263734260403
414263763076028	414263781497955	414263763395247
414263763483320	414263789714882	414263763582122
414263780102122	414263797931079	414263780511028
414263796733476	414263814360715	414263797119414
414263813406966	414263830789882	414263813780039
414263830079622	414263847221548	414263830456966
414263846768997	414263871867955	414263853933372
414263879919778	414263896514465	414263880602278
414263880337591	414263904730767	414263880643216
414263896859882	414263912948059	414263897129414
414263913495820	414263929382225	414263913874622
414263930190507	414263945816860	414263930565976
414263946897278	414263962249830	414263947312903
414263963549882	414263986897902	414263974750872
414263980272591	414263995114205	414263980723945
414264015688216	414264027978528	414264016114622
414264015965559	414264036195247	414264016139153
414264032702226	414264044411704	414264033251184
414264049500351	414264060843632	414264049946132
414264065986601	414264077275507	414264066354466
414264082644778	414264093708424	414264083015872
414264099264309	414264126568476	414264112474778
414264115979309	414264134783163	414264116341028
414264150938007	414264167639882	414264151372382
414264151362070	414264175854257	414264151534778
414264167859413	414264184068371	414264168308372
414264184514257	414264200497590	414264184895403
414264201197122	414264216927329	414264201572226
414264217883997	414264233354465	414264218258840
414264234595195	414264249783423	414264239738684
414264267551809	414264282639621	414264267861757
414264267963684	414264290855662	414264268091340
414264284658684	414264299071235	414264285049309
414264301294778	9223372036854775807	414264301684153

POLL t=161.9 tick=2401
8333333
414273838237431	414273854078940	414273838656024
414273854924306	414273870513003	414273855305556
414273871640087	414273886943993	414273872113993
414273888308628	414273903377169	414273888688160
414273904989774	414273928031544	414273915700087
414273940424774	414273952682430	414273940797118
414273940638941	414273960897951	414273940801128
414273957274306	414273969115399	414273957667691
414273974019774	414273985551024	414273974378368
414273990674618	414274001986128	414273991037743
414274007396649	414274018419982	414274007612430
414274024033212	414274043070919	414274027587274
414274060223316	414274075938055	414274060760243
414274060468472	414274084155086	414274060766597
414274077112587	414274092371701	414274077551962
414274093736180	414274108803211	414274094127274
414274110420816	414274125233576	414274110795660
414274127132743	414274141666544	414274127501597
414274143791180	414274166317065	414274155155243
414274160481337	414274174534409	414274160986180
414274197351285	414274215617690	414274197944618
414274197725399	414274223835346	414274197949410
414274214258316	414274232053732	414274215288837
414274230980087	414274248488419	414274231420712
414274247630347	414274264923575	414274247999618
414274264304305	414274281359409	414274264692066
414274280963368	414274306013263	414274287975816
414274317063941	414274330666857	414274317586180
414274317296337	414274338884149	414274317590660
414274333943680	414274347100659	414274334325087
414274350628368	414274363534774	414274351014774
414274367323316	414274379969357	414274367714618
414274384024566	414274396404982	414274384381180
414274400683212	414274421056857	414274404383003
414274436665659	414274453927378	414274437187274
414274437050555	414274462144461	414274437192587
414274453663055	414274470361753	414274454325659
414274470308524	414274486794930	414274470703368
414274487012899	414274503226649	414274487372899
414274503634462	414274519655242	414274504037274
414274520282899	414274544297274	414274531893993
414274554554462	414274568943523	414274554900555
414274554782066	414274577159565	414274554905503
414274571384930	414274585375503	414274571826649
414274588292743	414274601807586	414274588658993
414274604819930	414274618241856	414274605196024
414274621478368	414274634675920	414274621840555
414274638148680	414274651112170	414274638526805
414274654836024	414274675768367	414274664808524
414274690336753	414274708640867	414274690785764
414274690558836	414274716858107	414274690796389
414274707204461	414274725076596	414274707605972
414274723929618	414274741511753	414274724290711
414274740579774	414274757943107	414274740950086
414274757253836	414274774375711	414274757627274
414274773954097	414274790807794	414274779716753
414274808833524	414274823675190	414274809284774
414274809056284	414274831893055	414274809290086
414274825726180	414274840110555	414274826167222
414274842360972	414274856543940	414274842751336
414274859004149	414274872979670	414274859390243
414274875681649	414274889415346	414274876112430
414274892351180	414274914069148	414274900973784
414274927558211	414274938722586	414274927977899
414274927954774	414274946939357	414274928112743
414274944728472	414274955157170	414274945148524
414274961146024	414274979809670	414274961552691
414274977788836	414274996246336	414274978174930
414274994482586	414275012681805	414274994856128
414275011140555	414275037332690	414275024791493
414275027932274	414275045548263	414275028305347
414275062386180	414275078409878	414275062732430
414275062677274	414275086625867	414275062830086
414275079371909	414275094841336	414275079784722
414275096061440	414275111273576	414275096400034
414275112725086	414275127708419	414275113096284
414275129406597	414275144142898	414275129786805
414275146129618	414275168794669	414275151155555
414275181100190	414275193442013	414275181455243
414275181469930	414275201659044	414275181625190
414275198047274	414275209875763	414275198438628
414275214727430	414275226307847	414275215127586
414275231397743	414275242741075	414275231778836
414275248046336	414275259174669	414275248408993
414275264761284	414275283823679	414275272143211
414275302933055	414275316692429	414275303263836
414275303282430	414275324909096	414275303349878
414275319942690	414275333125762	414275320321024
414275336620815	414275349559461	414275336984409
414275353254305	414275365995138	414275353624774
414275369936961	414275382429929	414275370326336
414275386598836	414275407080919	414275390561961
414275422791180	414275439950606	414275423364461
414275423003628	414275448169878	414275423379617
414275439720659	414275456387846	414275440670555
414275456403055	414275472825450	414275456782899
414275473080555	414275489262690	414275473453003
414275489737742	414275505695867	414275490109565
414275506420711	414275530343106	414275515764565
414275541552742	414275554993836	414275541893524
414275541852899	414275563211283	414275541994409
414275558520034	414275571428367	414275558905815
414275575129722	414275587862586	414275575504461
414275591789774	414275604297065	414275592164774
414275608479305	414275620733731	414275608859774
414275625177222	414275653606335	414275640066336
414275641851805	414275661823367	414275642216492
414275677732378	414275694690503	414275678262274
414275678273472	414275702908679	414275678405711
414275694774461	414275711126388	414275695653055
414275711404149	414275727558784	414275711780399
414275728101336	414275743992221	414275728474149
414275744770242	414275760422117	414275745142274
414275761437586	414275785070919	414275770069253
414275796829774	414275809718836	414275797214930
414275797024721	414275817936544	414275797218367
414275813701805	414275826154669	414275814183524
414275830372586	414275842589409	414275830738211
414275847029253	414275859022950	414275847409930
414275863736336	414275875454877	414275864106336
414275880408680	414275900102794	414275887493836
414275915565086	414275932964096	414275915941284
414275915918836	414275941179616	414275916109721
414275932520086	414275949394096	414275932734461
414275949190659	414275965823836	414275949588784
414275965858367	414275982253939	414275966233836
414275982536180	414275998684877	414275982885398

POLL t=173.5 tick=2483
8333333
414285520349457	414285545535603	414285531262582
414285554976645	414285570183988	414285555298155
414285555199561	414285578399457	414285555305655
414285571854457	414285586614978	414285572272582
414285588574457	414285603044926	414285588949874
414285605232843	414285619478467	414285605602270
414285621902426	414285635911071	414285622279457
414285638551176	414285660556436	414285645229718
414285672215186	414285685201279	414285672574718
414285672406801	414285693416541	414285672691436
414285689350343	414285701631227	414285689743051
414285705811957	414285718061436	414285706195030
414285722451593	414285734493883	414285722817895
414285739069301	414285750926019	414285739448624
414285755805551	414285775572633	414285764828051
414285789876905	414285800218832	414285790394405
414285790246593	414285808434873	414285790399613
414285806792686	414285824865082	414285807201645
414285823519093	414285841295655	414285823902686
414285840174874	414285857729560	414285840556332
414285856840395	414285874161124	414285857219770
414285873542061	414285890594405	414285881066645
414285907543363	414285923455498	414285907899301
414285907734145	414285931670550	414285907903832
414285924377113	414285939885342	414285924764770
414285941124249	414285956315967	414285941493207
414285957782582	414285972745915	414285958167061
414285974450811	414285989177686	414285974831124
414285991129145	414286013824092	414285996773780
414286026290811	414286038470550	414286026735186
414286026464145	414286046686071	414286026740395
414286043147999	414286054903051	414286043601332
414286059901645	414286071338363	414286060335863
414286076535186	414286087770707	414286076911020
414286093166801	414286104198935	414286093547738
414286109843832	414286137056071	414286122810395
414286126524718	414286145270342	414286126841436
414286162056020	414286178127738	414286162354249
414286162219301	414286186343155	414286162361020
414286178863051	414286194558207	414286179302270
414286195870134	414286210989926	414286196235551
414286212310395	414286227419926	414286212672270
414286228948624	414286243853050	414286229332686
414286245619561	414286268497478	414286251845395
414286279182738	414286293144457	414286279606020
414286279494613	414286301358623	414286279613363
414286296133936	414286309573467	414286296520082
414286312708051	414286326002060	414286313087582
414286329436176	414286342429665	414286329818676
414286346144874	414286358858363	414286346531488
414286362777374	414286383500290	414286371031488
414286397281436	414286408140811	414286397653780
414286397500342	414286416354977	414286397658207
414286414135030	414286424568467	414286414573676
414286430891592	414286449208310	414286431346124
414286447540238	414286465633467	414286447911905
414286464196957	414286482057946	414286464587738
414286480884249	414286506694873	414286490084874
414286516238780	414286531333571	414286516578467
414286516484769	414286539546800	414286516583988
414286533151176	414286547760550	414286533532113
414286549824301	414286564187738	414286550215863
414286566496488	414286580615707	414286566860551
414286583128676	414286597042737	414286583509561
414286599863363	414286621683623	414286605496749
414286634055811	414286646323624	414286634485238
414286634323624	414286654537946	414286634491019
414286651181228	414286662752321	414286651581019
414286667612738	414286679179352	414286668044301
414286684331332	414286695608414	414286684694926
414286700968363	414286712037008	414286701357842
414286717760186	414286736679404	414286725720342
414286751231957	414286769534612	414286751748467
414286751464717	414286777748780	414286751755394
414286768171019	414286785962477	414286768569144
414286784869457	414286802388883	414286785253988
414286801547582	414286818815029	414286801921592
414286818204092	414286835240811	414286818596019
414286834830394	414286859879352	414286843026801
414286868491801	414286884522529	414286868807686
414286868647269	414286892738363	414286868821592
414286885373676	414286900954665	414286885762738
414286902083207	414286917386175	414286902472582
414286918775394	414286933816540	414286919132582
414286935414092	414286950246383	414286935781905
414286952204717	414286974889457	414286961930082
414286986915030	414286999529925	414286987235498
414286987237842	414287007744144	414286987352998
414287003899248	414287015958988	414287004300082
414287020590863	414287032387581	414287020987686
414287037251801	414287048814248	414287037629248
414287053891488	414287065239821	414287054272998
414287070579613	414287089879091	414287078011748
414287103183363	414287114518363	414287103489925
414287103835342	414287122731800	414287104167113
414287120575498	414287130945915	414287120972582
414287137243363	414287155586539	414287137665967
414287153906436	414287172015550	414287154287842
414287170584300	414287188444977	414287170994405
414287187249925	414287213084977	414287200264925
414287203964300	414287221299143	414287204318050
414287233597113	414287245941331	414287233901280
414287237237425	414287254154821	414287237529769
414287253846488	414287270580915	414287254274873
414287270549925	414287287009821	414287270933832
414287287244457	414287303433935	414287287625238
414287304044300	414287328073050	414287312497842
414287334733363	414287352713883	414287335018155
414287337188519	414287360927738	414287337514925
414287353865186	414287369140654	414287354254561
414287370549405	414287385569352	414287370943155
414287387253467	414287401997164	414287387620550
414287403930550	414287418425289	414287404294561
414287420602738	414287443067009	414287428815394
414287463101123	414287475925602	414287463586280
414287463383519	414287484140810	414287463591957
414287479947894	414287492356331	414287480382894
414287496602425	414287508786384	414287496990082
414287513325394	414287525215915	414287513695394
414287529991904	414287541647008	414287530364248
414287546616436	414287566293258	414287555234873
414287580529404	414287590939092	414287580871904
414287580894613	414287599154300	414287581002113
414287597436592	414287615586957	414287597829092
414287614164873	414287632018727	414287614553154
414287630837529	414287648449977	414287631211488
414287647463675	414287664881279	414287647847425

POLL t=185.2 tick=2568
8333333
414297200240859	414297211113515	414297200572838
414297200416120	414297219328515	414297200579297
414297217054453	414297227543515	414297217453984
414297233775807	414297252186067	414297234151015
414297250466953	414297268614244	414297250839453
414297267140547	414297285044974	414297267516588
414297283850078	414297301475911	414297289965703
414297317414453	414297334342682	414297317791953
414297317622890	414297342558724	414297317798776
414297334334609	414297350774400	414297335078307
414297350964453	414297367207994	414297351336797
414297367646119	414297383639817	414297368042265
414297384325651	414297400072057	414297384696432
414297401001797	414297416505442	414297403971588
414297430817734	414297441149869	414297431323515
414297434294297	414297449364609	414297434549765
414297451008828	414297465796587	414297451390703
414297467642890	414297482226639	414297468051328
414297484337057	414297498656223	414297484713672
414297500996432	414297531520702	414297514069453
414297517663672	414297539734973	414297518018203
414297551261953	414297564379817	414297551554297
414297551417734	414297572594087	414297551566953
414297568119713	414297580808619	414297568552421
414297584833046	414297597240441	414297585210703
414297601450703	414297613672837	414297601828828
414297618157890	414297646534713	414297633197109
414297634835859	414297654750754	414297635212213
414297668903151	414297679401118	414297669344713
414297669138619	414297687617889	414297669349296
414297685835703	414297704049036	414297686263671
414297702462265	414297720481171	414297702863359
414297719135859	414297736912109	414297719565859
414297735795807	414297753345546	414297736179244
414297752473776	414297769778879	414297756410703
414297785921171	414297802642212	414297786356328
414297786210182	414297810857942	414297786361328
414297804190703	414297819071692	414297804582057
414297820545338	414297835501171	414297820932890
414297837163671	414297851933358	414297837540234
414297853891276	414297868363202	414297854270078
414297870562734	414297893014244	414297875639921
414297903868515	414297917664608	414297904316588
414297904360963	414297925882004	414297904459453
414297920844557	414297934098775	414297921360703
414297937482421	414297950531848	414297937848203
414297954188671	414297966966067	414297954532526
414297970825026	414297983400598	414297971216015
414297987508307	414298008051484	414297992671484
414298021036796	414298032700494	414298021417421
414298021263984	414298040916952	414298021421744
414298037955546	414298049132889	414298038339088
414298054601900	414298065568202	414298055005703
414298071300859	414298082003202	414298071708046
414298087966953	414298106653202	414298088336432
414298104644244	414298123087525	414298108770859
414298149127682	414298164170546	414298149645859
414298149276640	414298172387525	414298149654400
414298165948775	414298180603984	414298166334296
414298182640390	414298197038567	414298183018828
414298199350234	414298213471275	414298199731015
414298216036953	414298229904348	414298216379453
414298232699140	414298254552160	414298236957994
414298266838046	414298279201327	414298267277213
414298267090338	414298287417629	414298267281640
414298283720702	414298295633202	414298284166327
414298300441796	414298312064765	414298300818827
414298317102838	414298328497525	414298317479452
414298333793984	414298344927577	414298334158827
414298350473359	414298361357160	414298350899140
414298367124609	414298386002004	414298369059140
414298400276015	414298410650338	414298400605546
414298400513515	414298418867525	414298400623150
414298417396067	414298435299348	414298417816640
414298433913619	414298451731848	414298434284452
414298450556796	414298468162473	414298450935077
414298467264452	414298484592525	414298467629088
414298483997109	414298501023046	414298486420546
414298517832265	414298533882994	414298518177525
414298518033827	414298542097681	414298518223359
414298534757265	414298550312994	414298535174869
414298551464765	414298566743619	414298551858984
414298568147265	414298583176640	414298568512369
414298584817421	414298599609712	414298585193359
414298601525859	414298624263202	414298606976796
414298634464921	414298648916379	414298634790390
414298634786640	414298657133879	414298634937265
414298651443619	414298665351535	414298651884609
414298668232577	414298681785858	414298668603775
414298684891952	414298698220337	414298685266171
414298701557734	414298714655494	414298701931327
414298718276952	414298739311171	414298723896796
414298752143202	414298763961951	414298752706431
414298752535859	414298772179868	414298752711015
414298769124765	414298780396744	414298769584244
414298785863202	414298796831119	414298786239140
414298802536640	414298813264296	414298802908619
414298819161640	414298837914765	414298819555234
414298835838046	414298854347733	414298843528359
414298869964296	414298887219399	414298870253306
414298870326484	414298895436795	414298870453671
414298887001796	414298903652889	414298887429713
414298903626900	414298920082525	414298903987265
414298920316952	414298936514660	414298920681640
414298936952108	414298952945806	414298937316171
414298953690858	414298969377472	414298958422681
414298982703306	414298994024399	414298983046015
414298986940546	414299002239296	414298987170858
414299003622369	414299018669035	414299004084556
414299020254296	414299035099504	414299020642369
414299036953671	414299051530962	414299037323046
414299053622421	414299067965285	414299053992369
414299070292525	414299084399243	414299073586640
414299103619608	414299117263463	414299103972421
414299103833515	414299125480753	414299103980702
414299120486275	414299133697785	414299120918515
414299137210546	414299150130441	414299137583983
414299153884244	414299166562733	414299154256796
414299170543775	414299182996379	414299170907994
414299187217681	414299207644400	414299190272421
414299221911483	414299232296014	414299222441171
414299222301952	414299240511118	414299222447838
414299238861640	414299256942472	414299239276640
414299255530025	414299273376118	414299255902213
414299272237421	414299289809973	414299272614869
414299288928046	414299306242785	414299289297733
414299305609556	414299322673567	414299310540858

POLL t=197.1 tick=2695
8333333
414309033835334	414309051287521	414309034402886
414309050472261	414309067715698	414309050861636
414309067171271	414309084147260	414309067561271
414309083891480	414309100578406	414309084281011
414309100752886	414309117012156	414309105694865
414309134192573	414309149877730	414309134584761
414309134358146	414309158094239	414309134610230
414309151011480	414309166311010	414309151425542
414309167739761	414309182742416	414309168171480
414309184587521	414309199173875	414309184956948
414309201095021	414309215604344	414309201465542
414309217763198	414309240257729	414309223330334
414309251610386	414309264906844	414309251952365
414309251861792	414309273122781	414309251966480
414309268477052	414309281338927	414309268883980
414309285166323	414309297771531	414309285544917
414309301877105	414309314204969	414309302242730
414309318543511	414309330639031	414309318913355
414309335220386	414309355289395	414309337705386
414309368814136	414309379942208	414309369166792
414309368996636	414309388160021	414309369188823
414309385654240	414309396379812	414309386047729
414309402314448	414309412815125	414309402718615
414309419021584	414309429246739	414309419408771
414309435731479	414309453894708	414309436103198
414309452426636	414309470326531	414309457518511
414309494442729	414309511406948	414309494755802
414309494576011	414309519623770	414309494759084
414309511406948	414309527840645	414309511817834
414309528047365	414309544276999	414309528439604
414309544616167	414309560711427	414309545000386
414309561268042	414309577147000	414309561653354
414309577956584	414309601797417	414309584387521
414309612091167	414309626451115	414309612614917
414309612348198	414309634670333	414309612671636
414309628954396	414309642890750	414309629343459
414309645698823	414309659328666	414309646074448
414309662359709	414309675763094	414309662760229
414309679022886	414309692197313	414309679396792
414309695743823	414309708632521	414309698098042
414309729572052	414309741503042	414309729897417
414309729777677	414309749721948	414309729903354
414309746445490	414309757940489	414309746879292
414309763161115	414309774373459	414309763540646
414309779826167	414309790807989	414309780196896
414309796455073	414309823674812	414309809162104
414309813140542	414309831893458	414309813438198
414309849116792	414309864762417	414309849484240
414309849306271	414309872980646	414309849490542
414309865952417	414309881199083	414309866360542
414309882696167	414309897635854	414309883062729
414309899362886	414309914071114	414309899753458
414309916087261	414309930505541	414309916550802
414309932671427	414309955157729	414309941208615
414309966513979	414309979814708	414309966873979
414309966729136	414309988035229	414309966880229
414309983432729	414309996254343	414309983832417
414310000081323	414310012692573	414310000462052
414310016751010	414310029128458	414310017129760
414310033430958	414310045562624	414310033803042
414310050115073	414310070215125	414310052215229
414310084623823	414310103082989	414310085180854
414310084927885	414310111299655	414310085187260
414310101577885	414310119516479	414310102059292
414310118205385	414310135949812	414310118586479
414310134925333	414310152381479	414310135305854
414310151581948	414310168811791	414310151957104
414310168255698	414310193458354	414310176635854
414310199649604	414310209890280	414310199985385
414310201638979	414310218105801	414310202669760
414310218333823	414310234536635	414310218706115
414310234819292	414310250967416	414310235197417
414310251632885	414310267399083	414310252047729
414310268234240	414310292045697	414310280160385
414310302831583	414310316696739	414310303148823
414310303218354	414310324913354	414310303335229
414310319798823	414310333129552	414310320187729
414310336484604	414310349563250	414310336853510
414310353189448	414310365996010	414310353554604
414310369854448	414310382427416	414310370234083
414310386465385	414310398859864	414310386723979
414310420205802	414310431722885	414310420742417
414310420397208	414310439938405	414310420747104
414310437131792	414310448154760	414310437521948
414310453820542	414310464585437	414310454184552
414310470498667	414310481017468	414310470871114
414310487144552	414310513881531	414310496580542
414310521144448	414310538528093	414310521649760
414310521427677	414310546744969	414310521657573
414310538096792	414310554962104	414310539141167
414310554789604	414310571396375	414310555169135
414310571542364	414310587829968	414310571911010
414310588144604	414310604260645	414310588516167
414310604861271	414310620690073	414310606759135
414310638333510	414310653553927	414310638662208
414310638585854	414310661770021	414310638668042
414310655240698	414310669987208	414310655643146
414310671899135	414310686421478	414310672286010
414310688611948	414310702855228	414310688980958
414310705252416	414310727502260	414310716943510
414310736463771	414310752148041	414310736780073
414310738553614	414310760363198	414310738839291
414310755244552	414310768578406	414310755667885
414310771936948	414310785009134	414310772299396
414310788562104	414310801439239	414310788952260
414310805247573	414310834305229	414310821181739
414310821921166	414310842522624	414310822294760
414310855522052	414310867175801	414310855850958
414310855729760	414310875392781	414310855855854
414310872639708	414310883609135	414310873008614
414310889131323	414310900042311	414310889493666
414310905786479	414310916475437	414310906186479
414310922437885	414310932908927	414310922814916
414310939125073	414310957559343	414310940303354
414310973101635	414310990424968	414310973521948
414310973270854	414310998643041	414310973529864
414310989928041	414311006859707	414310990833823
414311006606166	414311023290384	414311007050698
414311023325229	414311039721270	414311023696583
414311039998510	414311056151687	414311040376166
414311056632052	414311080797989	414311069251635
414311073367260	414311089014499	414311073857677
414311108541166	414311121877208	414311108895073
414311108715229	414311130093041	414311108911635
414311125492104	414311138309187	414311126105541
414311142130854	414311154741062	414311142496323
414311158832416	9223372036854775807	414311159206895

POLL t=208.9 tick=2780
8333333
414320836304131	414320850580745	414320836754600
414320870672673	414320883449964	414320871063975
414320870843350	414320891666683	414320871069288
414320887570798	414320899882985	414320888083819
414320904241267	414320916315120	414320904611788
414320920902725	414320932746214	414320921269079
414320937565173	414320965617464	414320950948819
414320954242100	414320973835589	414320954601788
414320987912100	414320998488194	414320988385694
414320988091475	414321006707255	414320988449392
414321004804913	414321023143819	414321005352048
414321021454600	414321039580954	414321021823454
414321038120329	414321056018454	414321038498194
414321054808454	414321080670850	414321070446267
414321071457517	414321088888454	414321072128350
414321105992256	414321121758975	414321106354704
414321106194913	414321129977620	414321106379704
414321122876944	414321138196579	414321123406163
414321139583819	414321154631058	414321140240798
414321156247517	414321171066162	414321156613662
414321172906319	414321187502881	414321173284444
414321189566475	414321220369652	414321203582569
414321206308350	414321228586631	414321206689079
414321239305642	414321253238662	414321239637881
414321239569600	414321261457204	414321239643037
414321256235485	414321269674287	414321256672412
414321272926162	414321286110276	414321273311423
414321289580225	414321302549443	414321289969444
414321306309444	414321335422464	414321320125381
414321322963142	414321343641787	414321323378975
414321356714444	414321368298767	414321357088819
414321356892881	414321376516110	414321357095537
414321373620694	414321384734078	414321374060381
414321390232100	414321401169912	414321390620069
414321406944704	414321425825224	414321407371475
414321423608350	414321450480850	414321439648610
414321440277412	414321458700120	414321440681423
414321481035954	414321491578871	414321481357412
414321481173923	414321499797672	414321481375537
414321497880225	414321516234600	414321498297100
414321514542360	414321532668871	414321514933506
414321531256579	414321549101371	414321531628975
414321547947204	414321565536891	414321548326006
414321564625642	414321581971579	414321570099756
414321598433506	414321614840433	414321598822829
414321598734600	414321623057724	414321598834287
414321615278194	414321631276110	414321615684860
414321631985381	414321647707932	414321632356787
414321648673194	414321664138557	414321649038662
414321665347569	414321680570172	414321665709600
414321682038298	414321697001943	414321684947256
414321716726319	414321729863193	414321717110694
414321716905694	414321738080329	414321717134287
414321733559600	414321746296370	414321733947412
414321750228298	414321762729391	414321750652725
414321766911475	414321779163245	414321767301475
414321783591319	414321795597985	414321783983141
414321800283662	414321828464443	414321813467256
414321816981475	414321836681058	414321817333818
414321850972829	414321861329391	414321851287048
414321851144079	414321869545849	414321851291787
414321867847725	414321885976526	414321868306943
414321884541735	414321902406995	414321884932725
414321901213454	414321918834756	414321901577412
414321917883506	414321935265068	414321918267881
414321934601318	414321959913506	414321944627412
414321966659756	414321984559026	414321966996006
414321967846162	414321992773609	414321968173766
414321984512725	414322000987880	414321984917412
414322001241475	414322017416162	414322001615225
414322017919443	414322033845798	414322018291579
414322034557725	414322050278610	414322034937568
414322051216735	414322066711943	414322055699756
414322085645173	414322099579755	414322085967100
414322086057725	414322107797203	414322086170173
414322102639912	414322116016162	414322103054548
414322119300641	414322132454079	414322119680225
414322135990381	414322148889912	414322136369860
414322152681318	414322165323402	414322153043975
414322169396943	414322189970849	414322172322725
414322202377360	414322214618349	414322202688193
414322202560954	414322222835433	414322202713193
414322219277881	414322231051370	414322219673662
414322236019131	414322247482463	414322236362673
414322252659600	414322263912360	414322253035016
414322269364756	414322280343818	414322269734079
414322286049443	414322304993609	414322290011475
414322319951787	414322337862151	414322320246735
414322320256475	414322346080745	414322320443506
414322336967100	414322354298506	414322337364600
414322353663975	414322370732099	414322354037100
414322370309600	414322387166422	414322370683037
414322386958506	414322403599912	414322387340381
414322403751162	414322420035276	414322408756006
414322436084912	414322452902619	414322436388297
414322436978297	414322461120276	414322437338037
414322453643662	414322469339339	414322454030329
414322470353141	414322485777984	414322470726787
414322487036787	414322502215172	414322487405172
414322503685068	414322518651214	414322504047099
414322520363974	414322535088922	414322523212724
414322553787568	414322567960953	414322554215641
414322554201631	414322576180849	414322554407568
414322570790016	414322584400328	414322571171579
414322587468766	414322600836265	414322587850954
414322604166474	414322617270953	414322604544912
414322620805224	414322633704963	414322621180693
414322637533922	414322658358141	414322642446474
414322671424756	414322683008609	414322671834079
414322671778974	414322691226474	414322671938037
414322688281631	414322699443974	414322688697829
414322704956787	414322715878401	414322705356266
414322721626318	414322732312047	414322722016266
414322738289599	414322756964755	414322738669287
414322755055849	414322773400016	414322755590849
414322771868766	414322789835068	414322779101162
414322806211631	414322822704391	414322806693454
414322806413818	414322830921370	414322806712256
414322823056735	414322839138505	414322823446631
414322839778037	414322855573922	414322840191006
414322856460172	414322872010641	414322856824131
414322873063818	414322888449755	414322873443818
414322889828662	414322913105901	414322897712412
414322924296162	414322937762463	414322924759287
414322924839756	414322945982568	414322925038662
414322941228974	414322954202515	414322941659287
414322957904703	414322970640901	414322958313818

POLL t=220.9 tick=2907
8333333
414332831253918	414332848519231	414332831630168
414332847925533	414332864954803	414332848304075
414332864612356	414332889608866	414332873498814
414332900042512	414332914262303	414332900363189
414332900403658	414332922479855	414332900516314
414332916944283	414332930697720	414332917331471
414332933662877	414332947133085	414332934037408
414332950321939	414332963571418	414332950690221
414332966982877	414332980009230	414332967345845
414332983656939	414333004667928	414332991582408
414333017787564	414333029321678	414333018150481
414333018016627	414333037540115	414333018157512
414333034640064	414333045758449	414333035031731
414333051382825	414333062192616	414333051768970
414333068089439	414333078629127	414333068412095
414333084669075	414333095064022	414333085050377
414333101377981	414333119715481	414333104360793
414333146396835	414333160801627	414333146746939
414333146676366	414333169018032	414333146831314
414333163493345	414333177235741	414333164002720
414333180081731	414333193671054	414333180446158
414333196760377	414333210105949	414333197130533
414333213424127	414333226540064	414333213787095
414333230098033	414333251189179	414333234589752
414333261199595	414333275837303	414333261551002
414333263417877	414333284054334	414333263768502
414333280108345	414333292271730	414333280509700
414333296770064	414333308704856	414333297141262
414333313456939	414333325136887	414333313835377
414333330057720	414333358006939	414333345250377
414333346724127	414333366223658	414333347096314
414333381093137	414333399090324	414333381477408
414333381261002	414333407307147	414333381484283
414333397953970	414333415524387	414333398901574
414333414675689	414333431956574	414333415119699
414333431328762	414333448389960	414333431700168
414333447991627	414333464822147	414333448362877
414333464664283	414333489469751	414333471531314
414333499636627	414333514116105	414333500167824
414333500152720	414333522332095	414333500315168
414333516658658	414333530547876	414333517070168
414333533336106	414333546980116	414333533701783
414333550004752	414333563410636	414333550363502
414333566614231	414333579843918	414333566989543
414333583333189	414333604494074	414333587939856
414333617402408	414333629144178	414333617820064
414333617585324	414333637360689	414333617829126
414333634256158	414333645577824	414333634667095
414333650914908	414333662013448	414333651299231
414333667643033	414333678447564	414333668056626
414333684310845	414333703096417	414333684697408
414333700975012	414333727747460	414333709914126
414333735598606	414333752401158	414333735998137
414333735857720	414333760618137	414333736014283
414333752707720	414333768835532	414333753019908
414333769178033	414333785269126	414333769551783
414333785866939	414333801704647	414333786239856
414333802502199	414333818139022	414333802880168
414333819158345	414333834573605	414333823769126
414333853318293	414333867442720	414333853700949
414333853482408	414333875660272	414333853707512
414333870145168	414333883878865	414333870649283
414333886916106	414333900314647	414333887333345
414333903506470	414333916748293	414333903885481
414333920236158	414333933180949	414333920593918
414333936898970	414333957830428	414333942383137
414333967028970	414333982481106	414333967438762
414333970151314	414333990698501	414333970457512
414333986880949	414333998916262	414333987259595
414334003510689	414334015351938	414334003938033
414334020209751	414334031786158	414334020591574
414334036886626	414334064659073	414334050722668
414334053543658	414334072877980	414334053917564
414334087018762	414334105747355	414334087428293
414334087194595	414334113963866	414334087442512
414334103931730	414334122181469	414334104376105
414334120581314	414334138616782	414334120965220
414334137315689	414334155051678	414334137696001
414334153940376	414334179706105	414334166879908
414334170686314	414334187923189	414334171076730
414334205123293	414334220789387	414334205764908
414334205414908	414334229005063	414334205772720
414334222221158	414334237222043	414334222706730
414334238785376	414334253656001	414334239154283
414334255454074	414334270088866	414334255836470
414334272124751	414334302959438	414334286872251
414334288831470	414334311178240	414334289197876
414334322147720	414334335830375	414334322460949
414334322490532	414334344047198	414334322624907
414334339133918	414334352264177	414334339525689
414334355793032	414334368698866	414334356187668
414334372501157	414334385135323	414334372870689
414334389207095	414334401569438	414334389581157
414334405920637	414334426222928	414334410245949
414334438831470	414334450876625	414334439184074
414334439161730	414334459094907	414334439287407
414334455866782	414334467313865	414334456254855
414334472535324	414334483749230	414334472913657
414334489250064	414334500186209	414334489616730
414334505907407	414334516624438	414334506276105
414334522667251	414334541278032	414334525284074
414334557100949	414334574146365	414334557447043
414334557301157	414334582363761	414334557474751
414334574043762	414334590580584	414334575039439
414334590773814	414334607015689	414334591101939
414334607344595	414334623451938	414334607715845
414334624087407	414334639886313	414334624403918
414334640709751	414334656322459	414334641166782
414334657326939	414334680978137	414334663425376
414334688224751	414334705632303	414334688559439
414334690588032	414334713850323	414334690886626
414334707722876	414334722068292	414334708104751
414334724108189	414334738506782	414334724502199
414334740732876	414334754941365	414334741121157
414334757389439	414334787812302	414334772903970
414334774131886	414334796030532	414334774447720
414334807081626	414334820686730	414334807469907
414334807539230	414334828905948	414334807627251
414334824199439	414334837123761	414334824601314
414334840866782	414334853558604	414334841238657
414334857541001	414334869991469	414334857916105
414334874222407	414334902859490	414334888598449
414334890840689	414334911077094	414334891160793
414334927675011	414334943945949	414334928162407
414334928102251	414334952164230	414334928230324
414334944723813	414334960382042	414334944979126
414334961345168	9223372036854775807	414334961751001

POLL t=232.7 tick=2991
8333333
414344519510841	414344535077872	414344519888029
414344536178133	414344551514799	414344538264279
414344571166466	414344584385372	414344571521935
414344571385841	414344592603132	414344571566466
414344588066154	414344600821570	414344588441466
414344604769070	414344617259278	414344605170320
414344621372091	414344633693966	414344621752039
414344638088914	414344650129070	414344638463029
414344654807404	414344674779955	414344660293341
414344687953654	414344699432299	414344688494279
414344688222664	414344707650007	414344688497091
414344704908133	414344715867299	414344705328445
414344721502404	414344732303392	414344721885529
414344738206779	414344748740111	414344738586622
414344754876935	414344773395164	414344755270164
414344771540841	414344789832455	414344777787091
414344805235997	414344822703445	414344805622560
414344805407403	414344830920789	414344805626778
414344822097351	414344839138236	414344822916206
414344838725372	414344855573966	414344839112664
414344855459226	414344872010267	414344855839435
414344872181570	414344888445840	414344872530372
414344888813653	414344913099695	414344896318966
414344932191778	414344945975580	414344932509278
414344932317091	414344954194747	414344932536258
414344949004435	414344962413705	414344949408758
414344965758028	414344978849955	414344966128810
414344982386778	414344995288809	414344982632351
414344999071258	414345011725163	414344999450372
414345015805528	414345036377507	414345019657039
414345049586622	414345061031101	414345049937872
414345049785476	414345069250476	414345049986726
414345066445320	414345077468080	414345066837560
414345083415685	414345093907143	414345083847247
414345099858497	414345118565320	414345100223601
414345116498028	414345135002820	414345116880997
414345133168341	414345159661101	414345141957351
414345167760320	414345184320475	414345168107872
414345168127560	414345192540164	414345168108341
414345184629747	414345200761153	414345185075528
414345201346778	414345217204018	414345201719382
414345218020372	414345233645423	414345218399278
414345234680945	414345250088028	414345235054591
414345251363289	414345274750059	414345259509695
414345285245164	414345299411153	414345285763601
414345285415372	414345307630580	414345285766778
414345302155528	414345315849382	414345302658497
414345318778028	414345332283704	414345319158966
414345335473132	414345348718861	414345335851257
414345352171466	414345365157820	414345352551466
414345368805216	414345389815788	414345374257247
414345402818184	414345414473132	414345403199278
414345403063445	414345422691622	414345403204591
414345419715059	414345430910944	414345420250789
414345436441414	414345447349694	414345436966466
414345453088132	414345463786829	414345453458653
414345469752820	414345488445319	414345470123184
414345486407195	414345513100840	414345495728184
414345522579122	414345537757663	414345522953809
414345522863497	414345545976725	414345522959591
414345539460059	414345554195684	414345539832716
414345556148966	414345570633601	414345556519747
414345572855997	414345587071518	414345573224122
414345589513445	414345603507976	414345589926934
414345606203601	414345619943132	414345607013028
414345639797091	414345652813548	414345640142091
414345639972091	414345661032664	414345640164226
414345656614434	414345669252403	414345657048184
414345673312039	414345685690267	414345673738289
414345690026726	414345702129070	414345690398601
414345706702716	414345718565580	414345707076153
414345723364226	414345743222403	414345732673497
414345753555164	414345767878809	414345753842872
414345756648132	414345776097298	414345756937820
414345773319226	414345784316152	414345773716570
414345790072247	414345800754069	414345790485684
414345806707716	414345817191100	414345807084278
414345823397247	414345850063913	414345834374591
414345859315372	414345874721673	414345859625476
414345859622976	414345882940997	414345859789903
414345876298653	414345891161361	414345876692872
414345892987195	414345907600423	414345893358809
414345909705059	414345924040528	414345910074903
414345926355372	414345940477923	414345926714747
414345943046257	414345956914538	414345943739695
414345977109434	414345989785267	414345977468132
414345977351570	414345998004174	414345977478184
414345994039434	414346006224226	414345994425997
414346010709122	414346022658705	414346011093653
414346027393497	414346039093496	414346027792091
414346044135997	414346055530788	414346044507716
414346060815007	414346080189382	414346064416465
414346094035372	414346104847975	414346094642247
414346094387663	414346113067038	414346094646934
414346111077663	414346129506673	414346111538340
414346127722351	414346145947090	414346128100997
414346144354278	414346162385788	414346144747090
414346161051465	414346178823444	414346161426153
414346177801465	414346195262559	414346184857715
414346211728497	414346228141361	414346211997247
414346212184434	414346236359798	414346212308497
414346228698497	414346244579017	414346229080528
414346245346622	414346261016569	414346245706570
414346261969382	414346277453288	414346262350372
414346278707090	414346310326205	414346296333184
414346295407559	414346318545267	414346296340528
414346324604226	414346334985631	414346324998340
414346328698340	414346343204746	414346329131153
414346345387403	414346359643860	414346345787351
414346362021570	414346376083704	414346362391465
414346378698809	414346392521674	414346379082663
414346395370528	414346417173080	414346407259278
414346428649903	414346441825319	414346428979903
414346428850163	414346450043861	414346428984747
414346445575059	414346458263183	414346445997715
414346462233132	414346474701153	414346462655215
414346478903028	414346491135371	414346479309382
414346495555372	414346507570163	414346495925632
414346512222090	414346524005892	414346512594590
414346528928184	414346548660059	414346535563444
414346563552507	414346581536361	414346563995528
414346563851257	414346589755684	414346564024642
414346580472559	414346597974954	414346580920528
414346597175372	414346614413132	414346597582090
414346613814382	414346630850892	414346614181413
414346630492819	414346647286361	414346630870840
414346647160840	414346671938027	414346654697194

POLL t=244.6 tick=3076
8333333
414356505980368	414356525120732	414356509113493
414356548888909	414356566212346	414356549208649
414356549013805	414356574430679	414356549280003
414356565712816	414356582649481	414356566695211
414356582412503	414356599085731	414356582882868
414356599061461	414356615521357	414356599433336
414356615725211	414356631957399	414356616109274
414356632410836	414356648392503	414356635909066
414356666091149	414356681264586	414356666604899
414356666427086	414356689482034	414356666607816
414356684412972	414356697699481	414356684827816
414356700895472	414356714132450	414356701270368
414356717509743	414356730566878	414356717882347
414356734205159	414356747004377	414356734566878
414356750870680	414356771655107	414356757173961
414356783986097	414356796302295	414356784381461
414356784284430	414356804518596	414356784387086
414356800868180	414356812733909	414356801268961
414356817579118	414356829165159	414356817953649
414356834259118	414356845598440	414356834663597
414356850909743	414356862031929	414356851281305
414356867595524	414356878465316	414356868579691
414356901324066	414356919554013	414356901690055
414356901474899	414356927772086	414356901710680
414356918144222	414356935990679	414356918548597
414356934849274	414356952426565	414356935302711
414356951532868	414356968860732	414356951911618
414356968202868	414356985294846	414356968578128
414356984879534	414357009941357	414356992055368
414357018904743	414357034590368	414357019264743
414357019154743	414357042806253	414357019276930
414357035776097	414357051023388	414357036155055
414357052485159	414357067456721	414357052859586
414357069148805	414357083891826	414357069531878
414357085827190	414357100325576	414357086189222
414357102506305	414357116758700	414357103875315
414357136200836	414357149621618	414357136598336
414357136385784	414357157838961	414357136619274
414357153040680	414357166055107	414357153425836
414357169752347	414357182484690	414357170133493
414357186432711	414357198915680	414357186804899
414357203100680	414357215347242	414357203473805
414357219805940	414357239992294	414357223049586
414357253671930	414357264638752	414357254313492
414357254007555	414357272854377	414357254320159
414357270617399	414357281070107	414357271039430
414357287326305	414357305716721	414357287698180
414357303983805	414357322149481	414357304361461
414357320651930	414357338583752	414357321025367
414357337330367	414357355019430	414357340444847
414357371259742	414357387891513	414357371584274
414357371438753	414357396109898	414357371594742
414357388144430	414357404328023	414357388528284
414357404808805	414357420763648	414357405213805
414357421534742	414357437198961	414357421898753
414357438189586	414357453634429	414357438559065
414357454859690	414357478289794	414357463844847
414357489585211	414357502944013	414357489958805
414357489853961	414357511161877	414357489967399
414357506450211	414357519380471	414357506854274
414357523096878	414357535815836	414357523564586
414357539800628	414357552249689	414357540182242
414357556521305	414357568685159	414357556896461
414357573179690	414357593339690	414357580346149
414357607035992	414357617993283	414357607401722
414357607232815	414357626210523	414357607404742
414357623961930	414357634426825	414357624443440
414357640588284	414357659076044	414357640980055
414357657267867	414357675511512	414357657689430
414357673936305	414357691946044	414357674311774
414357690634117	414357708381669	414357693724274
414357725200524	414357741249533	414357725571305
414357725383440	414357749466930	414357725576774
414357742074378	414357757684899	414357742475836
414357758782971	414357774118439	414357759154430
414357775478440	414357790550159	414357775857815
414357792195836	414357806981200	414357792567086
414357808835367	414357823414169	414357812345680
414357843040992	414357856278023	414357843453440
414357843480940	414357864493075	414357843642346
414357860080523	414357872708179	414357860475523
414357876808648	414357889140106	414357877196461
414357893481148	414357905572867	414357893852659
414357910081565	414357922005836	414357910482503
414357926838180	414357938439689	414357927732815
414357956455211	414357971303492	414357957123180
414357960098492	414357979519742	414357960404117
414357976795471	414357987735679	414357977165211
414357993479221	414358004170419	414357993836773
414358010146148	414358020604013	414358010556565
414358026774273	414358053471512	414358037856148
414358062328909	414358078123283	414358062783336
414358062577971	414358086339117	414358062790784
414358079261617	414358094556044	414358079647086
414358095943023	414358110989585	414358096314742
414358112623023	414358127422867	414358113003961
414358129292190	414358143857554	414358129662086
414358146060836	414358160293908	414358149552398
414358176292867	414358193162085	414358176698492
414358179948440	414358201377763	414358180273961
414358196680315	414358209594377	414358197058128
414358213332711	414358226030106	414358213729065
414358230164221	414358242465836	414358230539690
414358246633909	414358275334013	414358264176930
414358263376461	414358283551304	414358264258336
414358292602971	414358308202033	414358292922242
414358296572034	414358316420210	414358296874221
414358313318961	414358324637346	414358313741773
414358329979377	414358341072086	414358330349898
414358346648127	414358357507762	414358347011461
414358363307086	414358390380783	414358374829065
414358398737502	414358415035262	414358399062971
414358399040211	414358423252971	414358399164690
414358415626617	414358431470731	414358416122815
414358432306252	414358447905002	414358432684221
414358448970055	414358464341200	414358449352242
414358465623023	414358480779586	414358466005055
414358482303961	414358497218491	414358484383127
414358516766148	414358530092346	414358517136565
414358516930836	414358538311304	414358517197086
414358533598023	414358546529793	414358534051929
414358550342659	414358562967397	414358550710471
414358567089586	414358579406668	414358567437034
414358583670159	414358595845939	414358584072398
414358600356304	414358620503231	414358603648127
414358634658336	414358645158335	414358634988127
414358635058961	9223372036854775807	414358635192971

POLL t=256.6 tick=3204
8333333
414368481856717	414368497471352	414368482228280
414368498519113	414368513903123	414368498936301
414368515171769	414368530333800	414368519355467
414368548923019	414368563196977	414368549382655
414368549183644	414368571413227	414368549389842
414368565791561	414368579628227	414368566182030
414368582490780	414368596057081	414368582873644
414368599181561	414368612485363	414368599549374
414368616057394	414368628917289	414368616449113
414368632543332	414368653565363	414368635604269
414368666600311	414368678213748	414368666949738
414368666794113	414368686429998	414368666972499
414368683441301	414368694646248	414368683914321
414368700100780	414368711078487	414368700485988
414368716809686	414368727511040	414368717235988
414368733479686	414368743942863	414368733862551
414368750196144	414368768593071	414368752576144
414368791732707	414368809675519	414368792060051
414368791862655	414368817893018	414368792063280
414368808564842	414368826110102	414368809492707
414368825316926	414368842540728	414368825858280
414368841944113	414368858973436	414368842364530
414368858603123	414368875407185	414368858969738
414368875288176	414368891840571	414368877213332
414368909599217	414368924707134	414368909982707
414368909761457	414368932924478	414368909990519
414368926438957	414368941141873	414368926989217
414368943091144	414368957579061	414368943483801
414368959783801	414368974015206	414368960169894
414368976502342	414368990449373	414368976857707
414368993165832	414369015099529	414368998311457
414369027017030	414369039746664	414369027500832
414369027219061	414369047963748	414369027516300
414369043895363	414369056179529	414369044384425
414369060593957	414369072610311	414369060967394
414369077277655	414369089038852	414369077622550
414369093928019	414369105469998	414369094344425
414369110594061	414369130118019	414369112935363
414369144032550	414369154762967	414369144334061
414369144200519	414369162978852	414369144345363
414369160879582	414369179409477	414369161265988
414369177510207	414369195839581	414369177900780
414369194252342	414369212271821	414369194631717
414369210909582	414369228702238	414369211346300
414369227589582	414369245133957	414369233963019
414369261186769	414369277998332	414369261553644
414369261396405	414369286214894	414369261558592
414369278155832	414369294431977	414369278350988
414369294699113	414369310864633	414369295083748
414369311393332	414369327297237	414369311776300
414369328063175	414369343732602	414369328441457
414369344747238	414369360168227	414369345806300
414369378910050	414369393036352	414369379286300
414369379096925	414369401254529	414369379344894
414369395759373	414369409472290	414369396153019
414369412489425	414369425907602	414369412864373
414369429099113	414369442342862	414369429477863
414369445802863	414369458778435	414369446167707
414369462482863	414369475212237	414369465301769
414369496297967	414369508080831	414369496694738
414369496484529	414369516298279	414369496707394
414369513171404	414369524516404	414369513581769
414369529815988	414369540951039	414369530195363
414369546506144	414369557391196	414369546884998
414369563213175	414369573830206	414369563609425
414369579872707	414369598486769	414369584400832
414369613464113	414369631355206	414369613820988
414369613624998	414369639573748	414369613829582
414369630266404	414369647791769	414369630683279
414369646969113	414369664226040	414369647373957
414369663627863	414369680663539	414369664053019
414369680334269	414369697101821	414369680780831
414369697023592	414369713541040	414369703412863
414369726323644	414369738196404	414369726656404
414369730320675	414369746413383	414369731140831
414369747009061	414369762845935	414369747404269
414369763690831	414369779278695	414369764082863
414369780385519	414369795712758	414369780771717
414369797081613	414369812148800	414369797451561
414369813798019	414369828585675	414369815475519
414369842874113	414369853237706	414369843198123
414369847000154	414369861454060	414369847426456
414369863731925	414369877886456	414369864131300
414369880379425	414369894319112	414369880781404
414369897053800	414369910753175	414369897442550
414369913742238	414369943618591	414369928279425
414369930415675	414369951835310	414369930762811
414369965304217	414369976485050	414369965709113
414369965619269	414369984701924	414369965760206
414369982229529	414369992918540	414369982613800
414369998953123	414370009350154	414369999370050
414370015579373	414370033995623	414370015948019
414370032233748	414370050427966	414370032621873
414370048905988	414370066860675	414370054117498
414370084089373	414370099727549	414370084416248
414370084427967	414370107944581	414370084588800
414370100991404	414370116160779	414370101388175
414370117743019	414370132593487	414370118137029
414370134382967	414370149023226	414370134754842
414370151007081	414370165453748	414370151390675
414370167775050	414370190102133	414370173930363
414370202057654	414370214751195	414370202485831
414370202611300	414370222967862	414370202769581
414370219099060	414370231184945	414370219588435
414370235716769	414370247616144	414370236113331
414370252493331	414370264047550	414370252863019
414370269190050	414370280475935	414370269593592
414370285847706	414370305119112	414370292096456
414370319487967	414370337979945	414370319862862
414370319773800	414370346195623	414370319868175
414370336384737	414370354410883	414370336784269
414370353041144	414370370838383	414370353427810
414370369759842	414370387267133	414370370142342
414370386427237	414370403697185	414370386838175
414370403119217	414370420129164	414370406711456
414370437175623	414370452983643	414370437807029
414370437399685	414370461198018	414370437812706
414370454033644	414370469413071	414370454438331
414370470760935	414370485841456	414370471137706
414370487422394	414370502271976	414370487793592
414370504129685	414370518702446	414370504495519
414370520760675	414370535132028	414370521173019
414370537427029	414370551559632	414370540679112
414370570027342	414370584422393	414370570375310
414370570720206	414370592638851	414370571113331
414370587420154	414370600854685	414370587818279
414370604185831	9223372036854775807	414370604556769

POLL t=268.4 tick=3288
8333333
414380258894994	414380270186504	414380259284734
414380275542182	414380286620515	414380275935619
414380292263327	414380303054681	414380292634577
414380308923171	414380327705410	414380309317234
414380325556921	414380352355618	414380335930671
414380360992338	414380377006087	414380361338484
414380361233327	414380385223483	414380361347234
414380377857390	414380393441920	414380378247702
414380394573588	414380409875827	414380394947702
414380411251452	414380426311192	414380411618744
414380427914734	414380442744889	414380428281452
414380444586296	414380475609577	414380458147494
414380461250359	414380483826348	414380461614682
414380495395827	414380508474994	414380495702077
414380495554213	414380516690567	414380495709421
414380512226765	414380524905410	414380512678275
414380528902390	414380541336504	414380529342234
414380545603744	414380557768588	414380545975202
414380562285619	414380574202285	414380562652963
414380578959577	414380598852702	414380584267859
414380621827025	414380639930827	414380622195984
414380621976140	414380648147233	414380622219369
414380638651088	414380656362598	414380639044681
414380655534056	414380672792285	414380655957546
414380672097234	414380689220150	414380672524525
414380688704525	414380705649577	414380689088640
414380705390515	414380730294056	414380719300463
414380722053275	414380738508275	414380723069213
414380756126609	414380771369785	414380756521921
414380756293327	414380779585306	414380756525775
414380772979994	414380787800358	414380773424421
414380789702859	414380804229733	414380790081400
414380806321140	414380820659577	414380806707702
414380823025775	414380853519056	414380838873327
414380839699108	414380861734733	414380840081452
414380873651140	414380886379785	414380873944577
414380873823900	414380894594681	414380873953483
414380890507181	414380902810150	414380891010619
414380907177963	414380919239160	414380907549421
414380923868640	414380935669941	414380924235046
414380940529265	414380968530045	414380956157338
414380957213952	414380976745723	414380957568119
414380990275775	414381001390462	414380990561140
414380990552390	414381009605722	414380990672546
414381007279890	414381026035722	414381007701921
414381023933952	414381042466920	414381024312858
414381040605046	414381058901139	414381040992546
414381057253483	414381091765410	414381075197546
414381073963171	414381099981868	414381075202546
414381108998015	414381124627806	414381109396244
414381109153952	414381132843952	414381109427233
414381125841713	414381141059473	414381126369681
414381142511088	414381157490046	414381142883796
414381159211452	414381173918795	414381159578483
414381175895358	414381190349368	414381176278015
414381192594994	414381206779681	414381193024577
414381209237702	414381231426504	414381217101088
414381240695931	414381256065046	414381241033640
414381242478171	414381264278535	414381242865306
414381259166296	414381272492441	414381259595983
414381275853640	414381288919212	414381276215827
414381292554108	414381305348014	414381292930046
414381309211296	414381338207180	414381323560671
414381343341087	414381354641712	414381343668952
414381343534108	414381362857233	414381343674837
414381360181608	414381371072598	414381360609265
414381376901608	414381387503535	414381377287077
414381393550515	414381412149941	414381393925983
414381410234108	414381428578119	414381410614108
414381426905462	414381461435930	414381445704265
414381443607858	414381469650983	414381445757337
414381479575775	414381494294472	414381479961608
414381479997025	414381502509316	414381480135619
414381496612389	414381510724577	414381497019889
414381513243483	414381527158639	414381513623744
414381529966452	414381543592077	414381530344108
414381546632077	414381576452702	414381561728171
414381563366764	414381584667961	414381563708431
414381596085202	414381609316660	414381596383483
414381596676764	414381617532962	414381596814108
414381613386608	414381625749628	414381613827337
414381630047806	414381642182650	414381630421869
414381646724733	414381658613796	414381647101296
414381663388171	414381699688743	414381682409108
414381680047546	414381707903222	414381682436921
414381716436139	414381732547701	414381716781296
414381716749264	414381740762129	414381716864421
414381733409421	414381748976191	414381733630619
414381750062233	414381765408118	414381750432181
414381766729421	414381781835931	414381767100358
414381783450931	414381798267806	414381783785671
414381800156139	414381814697545	414381804411556
414381834873483	414381847557076	414381835229525
414381835258275	414381855771347	414381835462702
414381851922077	414381863987649	414381852323431
414381868576608	414381880415254	414381868973275
414381885283796	414381896841972	414381885660150
414381901927233	414381913269056	414381902297025
414381918620150	414381937911139	414381921684264
414381951858796	414381962552337	414381952176868
414381952139889	414381970765045	414381952298431
414381968995358	414381987192910	414381969416868
414381985571139	414382003621660	414381985945827
414382002274889	414382020053014	414382002640358
414382018949108	414382052914472	414382035714993
414382035738796	414382061129264	414382035835775
414382065620202	414382077558066	414382066031296
414382069281764	414382085772701	414382069590514
414382085512702	414382102202598	414382085956608
414382102204421	414382118630983	414382102584525
414382118867233	414382135059576	414382119249733
414382135489733	414382151488795	414382135896139
414382152197233	414382167919837	414382156120358
414382186623431	414382200782389	414382187024264
414382186817025	414382208997858	414382187088170
414382203501608	414382217212284	414382204145514
414382220151764	414382233642753	414382220585670
414382236818743	414382250073014	414382237197493
414382253501400	414382266504628	414382253873170
414382270157233	414382299366659	414382283048170
414382286866243	414382307581242	414382287184993
414382319458483	414382332227597	414382319803170
414382320164733	414382340443587	414382320516556
414382336880150	414382348659472	414382337265670
414382353465045	414382365093952	414382353851920
414382370215827	414382381527909	414382370588952
414382386864212	414382406181399	414382394319264

POLL t=280.3 tick=3372
8333333
414392261438271	414392279872749	414392261831917
414392278090354	414392296297437	414392278516865
414392294760198	414392312724155	414392295139833
414392311461396	414392329150406	414392317114104
414392344607229	414392362002958	414392345657333
414392345020823	414392370216291	414392345662698
414392361535354	414392378429520	414392361940458
414392378219833	414392394855666	414392378603635
414392394852854	414392411281343	414392395228739
414392411501135	414392427706447	414392411875510
414392428209729	414392444133999	414392432581292
414392470756292	414392485205093	414392471144521
414392471078792	414392493419885	414392471166604
414392487688479	414392501633583	414392488092073
414392504286448	414392518063687	414392504669729
414392521088010	414392534493895	414392521423479
414392537673323	414392567354520	414392552810771
414392554353792	414392575569156	414392554730667
414392588673166	414392600212436	414392589064521
414392588851760	414392608426082	414392589075198
414392605493948	414392616637749	414392605888166
414392622236864	414392633061343	414392622618948
414392638905198	414392649488531	414392639310979
414392655575614	414392665917645	414392655944677
414392672254573	414392690559468	414392675590979
414392705591760	414392723413166	414392705996760
414392706100927	414392731627593	414392706270927
414392722577021	414392739842645	414392723024573
414392739162854	414392756271916	414392739564885
414392755875198	414392772703062	414392756251916
414392772543948	414392789135354	414392772925927
414392789506760	414392805567541	414392795105666
414392822600198	414392838432802	414392822922385
414392822751291	414392846649104	414392822934521
414392839425666	414392854864572	414392839807489
414392856125666	414392871296083	414392856675614
414392872781135	414392887728687	414392873159885
414392889525510	414392904161396	414392889897698
414392906142854	414392928810718	414392918173739
414392922825041	414392937027072	414392923331291
414392958156604	414392969889885	414392958727229
414392958523635	414392978107332	414392958733635
414392975147229	414392986325249	414392975661552
414392991741135	414393002755718	414392992175666
414393008399573	414393019185562	414393008792073
414393025072854	414393052044520	414393039648427
414393041785614	414393060259676	414393042156916
414393076170041	414393093122384	414393076337333
414393076575198	414393101337541	414393077833166
414393094523062	414393109553270	414393094925770
414393110899520	414393125985041	414393111269885
414393127564104	414393142414520	414393127938270
414393144245458	414393158844312	414393144626291
414393160903635	414393183491655	414393168300666
414393194916448	414393208137749	414393195339052
414393195261291	414393216353166	414393195339573
414393211793270	414393224567697	414393212219104
414393228490979	414393240997176	414393228849729
414393245155979	414393257425353	414393245524520
414393261839572	414393290285718	414393277973739
414393278479416	414393298501343	414393278581447
414393311121083	414393323146863	414393311413427
414393311811291	414393331362541	414393312162333
414393328484416	414393339578217	414393328919260
414393345209364	414393356008634	414393345586239
414393361884416	414393380652384	414393362261447
414393378561708	414393405297957	414393390534104
414393413536604	414393429937645	414393413898010
414393413860510	414393438151655	414393413980197
414393430447802	414393446365353	414393430862072
414393447142385	414393462791083	414393447518791
414393463849052	414393479220406	414393464215666
414393480526604	414393512073322	414393496987072
414393497142854	414393520288478	414393497214520
414393525756708	414393536718322	414393526258114
414393530435041	414393544934416	414393530859572
414393547250354	414393561366395	414393547622229
414393563833947	414393577794155	414393564223322
414393580533270	414393594224363	414393580907645
414393597183166	414393610653113	414393597554416
414393613877854	414393635296499	414393618081291
414393647717958	414393659939415	414393647997489
414393648012333	414393668153895	414393648108166
414393664686447	414393676369363	414393665079416
414393681368270	414393692799676	414393681737385
414393698046604	414393709229468	414393698421760
414393714691916	414393742091082	414393731440822
414393731507385	414393750306134	414393731589104
414393764383426	414393783170769	414393764706135
414393764706395	414393791386447	414393764828583
414393781476916	414393799600926	414393781858426
414393798095822	414393816031031	414393798481708
414393814786447	414393832459728	414393815167385
414393831457020	414393848889416	414393831839989
414393848154104	414393865321135	414393854417854
414393878780979	414393889967072	414393879091291
414393881470822	414393898181655	414393881873635
414393898147072	414393914610718	414393898537645
414393914791083	414393931043165	414393915171603
414393931443010	414393947473634	414393931848426
414393948134364	414393980337749	414393963580822
414393964771760	414393988552748	414393965091135
414393998327333	414394013196916	414393998666760
414393998598635	414394021411811	414393998671135
414394015174208	414394029626916	414394015615666
414394031878270	414394046058373	414394032248010
414394048539572	414394062485769	414394048915770
414394065210770	414394078916134	414394065580197
414394081879885	414394095346446	414394083267541
414394117072020	414394128205561	414394117668635
414394117436447	414394136418530	414394117676239
414394133975666	414394144633425	414394134368114
414394150767697	414394161063270	414394151157801
414394167424885	414394185706707	414394167838478
414394184068322	414394202136447	414394184444676
414394200783322	414394218563426	414394205275510
414394234830822	414394251420249	414394235322541
414394235053635	414394259635614	414394235343010
414394251712489	414394267851863	414394252068426
414394268422853	414394284281082	414394268790770
414394285105145	414394300713426	414394285466447
414394301756916	414394317145249	414394302130197
414394318429260	414394341793218	414394325225666
414394352384207	414394366442332	414394352815353
414394352693582	414394374659207	414394352820197
414394369287957	414394382875301	414394369744989
414394385976916	9223372036854775807	414394386358739

POLL t=292.0 tick=3500
8333333
414404132928943	414404151297277	414404133300506
414404149585818	414404175940506	414404158297381
414404184416287	414404200583526	414404184920662
414404184638735	414404208797641	414404184936600
414404201263162	414404217011547	414404201648422
414404217998943	414404233440505	414404218368579
414404234660506	414404249869516	414404235022850
414404251325193	414404266299411	414404251744725
414404268029568	414404282728266	414404270011391
414404301421391	414404315585558	414404301822381
414404301605610	414404323800245	414404301836443
414404318254204	414404332014933	414404318678162
414404334966912	414404348445922	414404335344881
414404351616391	414404364874620	414404351989256
414404368340037	414404381303786	414404368705610
414404385009412	414404405951130	414404389310506
414404418830349	414404430597901	414404419410037
414404419273422	414404438813578	414404419413318
414404435843162	414404447028526	414404436271443
414404452469360	414404463460193	414404452841599
414404469163266	414404479891182	414404469539099
414404485788422	414404496321078	414404486173579
414404502511704	414404520967015	414404505201443
414404536604881	414404553830140	414404536979204
414404536800662	414404562044984	414404537026443
414404553463631	414404570260714	414404553807693
414404570112224	414404586694568	414404570498943
414404586838110	414404603126859	414404587208787
414404603506547	414404619560244	414404603888318
414404620202537	414404644209620	414404626933422
414404653561704	414404668853891	414404653910506
414404653758787	414404677068787	414404653914672
414404670448318	414404685284880	414404670854672
414404687097954	414404701714307	414404687467172
414404703755349	414404718143995	414404704140662
414404720417849	414404734575089	414404720800297
414404737136860	414404751006234	414404738184047
414404771142849	414404783865974	414404771497381
414404771319412	414404792080245	414404771608631
414404787970662	414404800294359	414404788357693
414404804669724	414404816722536	414404805048631
414404821322537	414404833153318	414404821701912
414404838041235	414404849583266	414404838418162
414404854724047	414404874225349	414404860622693
414404888072537	414404898872797	414404888740349
414404888211078	414404907087797	414404888754985
414404904949881	414404915303891	414404905337381
414404921618735	414404939949515	414404922003474
414404938231599	414404956380974	414404938608631
414404954942381	414404972812849	414404955357693
414404971617953	414404989244411	414404977898006
414405005596131	414405022104047	414405006064412
414405005870974	414405030318318	414405006073318
414405022463943	414405038532119	414405022850349
414405039169881	414405054960974	414405039544256
414405055862849	414405071388109	414405056228630
414405072527380	414405087815869	414405072900974
414405089202068	414405104245609	414405092569412
414405124043422	414405137105765	414405124328162
414405124374724	414405145320036	414405124579360
414405141066755	414405153535036	414405141551912
414405157684724	414405169966338	414405158082485
414405174343422	414405186397744	414405174723943
414405191018578	414405202827068	414405191395037
414405207682380	414405227471599	414405214338162
414405242071443	414405260326911	414405242461599
414405242364047	414405268542380	414405242462380
414405259045193	414405276757693	414405259472485
414405275676703	414405293188109	414405276065037
414405292369568	414405309620297	414405292744672
414405309002224	414405326053526	414405309384099
414405325749255	414405342487015	414405330761912
414405358637068	414405375345453	414405358950141
414405359178422	414405383560452	414405359309880
414405375855141	414405391776234	414405376287380
414405392535453	414405408208578	414405392909985
414405409211443	414405424641807	414405409587328
414405425914568	414405441074724	414405426273943
414405442521755	414405457510453	414405444073474
414405476465505	414405490376495	414405476823787
414405476602224	414405498593474	414405476828005
414405493366912	414405506810557	414405493768318
414405510059099	414405523245296	414405510467328
414405526715349	414405539676338	414405527100349
414405543400766	414405556109411	414405543767328
414405560129203	414405572541025	414405560252537
414405594580453	414405605403839	414405595159984
414405594818787	414405613619307	414405595167224
414405611515974	414405630048369	414405611906912
414405628204568	414405646478942	414405628596443
414405644909724	414405662910922	414405645285297
414405661568787	414405679343734	414405661939203
414405678257328	414405695778734	414405684868630
414405720179984	414405736868369	414405720440036
414405720519255	414405745086807	414405720689880
414405737164568	414405753303317	414405737547849
414405753813630	414405769737953	414405754203630
414405770465349	414405786171807	414405770833578
414405787193474	414405802604672	414405787574255
414405803886391	414405819035817	414405808756443
414405837664255	414405851898005	414405838066703
414405837982224	414405860113630	414405838071599
414405854600036	414405868329151	414405855019359
414405871308786	414405884761911	414405871688109
414405887962953	414405901193370	414405888328318
414405904627693	414405917624099	414405905000818
414405921302172	414405942269463	414405924997068
414405955588005	414405966914307	414405956040661
414405956080505	414405975129724	414405956176234
414405972619880	414405983345453	414405973015505
414405989284255	414405999775505	414405989660609
414406005946391	414406016206495	414406006326599
414406022613630	414406040854724	414406022979411
414406039305922	414406057287380	414406044752693
414406072652536	414406090147015	414406073021599
414406072864880	414406098362536	414406073026703
414406089540349	414406106577224	414406090667849
414406106206078	414406123007901	414406106584099
414406122873943	414406139438578	414406123248630
414406139659984	414406155871390	414406139992172
414406156251390	414406180521026	414406166056286
414406189926130	414406205170505	414406190285922
414406190228161	414406213386650	414406190691078
414406206903422	414406221601338	414406207344828
414406223528630	414406238032952	414406223910974
414406240224568	414406254464931	414406240590661
414406256888005	414406270897275	414406257260140

POLL t=303.9 tick=3584
8333333
414415869258626	414415883763001	414415870451595
414415903113106	414415916630345	414415903436595
414415903304251	414415924847532	414415903442064
414415920061074	414415933063418	414415920469408
414415936660658	414415949493314	414415937039824
414415953349043	414415965924459	414415953718262
414415970088158	414415998788626	414415985706595
414415986674720	414416007004355	414415987053783
414416021072064	414416031648834	414416021473939
414416021374824	414416039864095	414416021547689
414416037893001	414416056297011	414416038294095
414416054569199	414416072728938	414416055007064
414416071240658	414416089162584	414416071618574
414416087954668	414416105595918	414416088333783
414416104649720	414416122029459	414416111411908
414416138919564	414416154888782	414416139317845
414416139251855	414416163104615	414416139318730
414416155815033	414416171320813	414416156276595
414416172461283	414416187750761	414416172840658
414416189162532	414416204179875	414416189536387
414416205863262	414416220610605	414416206270032
414416222534564	414416237040761	414416225565657
414416256520814	414416269901699	414416257068626
414416256709251	414416278117532	414416257083262
414416273360345	414416286333469	414416273744199
414416290042376	414416302761178	414416290440449
414416306753105	414416319188991	414416307118626
414416323422376	414416335616542	414416323839564
414416340130762	414416360259876	414416344387689
414416373716387	414416384906594	414416374037532
414416373862532	414416393122271	414416374050032
414416390527376	414416401335448	414416390913157
414416407261230	414416425976959	414416407667689
414416423929980	414416442407376	414416424303782
414416440597532	414416458832689	414416440972689
414416457291595	414416475260553	414416463819668
414416501321595	414416516328574	414416501640814
414416501455032	414416524541386	414416501650657
414416518207220	414416532754251	414416518596907
414416534877532	414416549180761	414416535268574
414416551535814	414416565607532	414416551895657
414416568206751	414416582033157	414416568570970
414416584880189	414416598460657	414416586738939
414416618981282	414416631318365	414416619376439
414416619345501	414416639533990	414416619497532
414416635885657	414416647748678	414416636278886
414416652531126	414416664179824	414416652877845
414416669217376	414416680608938	414416669600032
414416685887532	414416697037740	414416686268001
414416702577168	414416721684407	414416707778470
414416735956699	414416746327792	414416736378314
414416736279876	414416754541907	414416736381386
414416752932689	414416770969980	414416753180970
414416769629564	414416787398573	414416770001543
414416786222376	414416803826126	414416786648314
414416802924876	414416820252011	414416803309251
414416819615605	414416836680709	414416822730814
414416853629563	414416869535501	414416854165136
414416853844876	414416877750084	414416854169043
414416870476907	414416885965083	414416870866699
414416887209563	414416902394354	414416887584980
414416903871751	414416918823885	414416904236282
414416920533782	414416935254407	414416920922636
414416937206126	414416959901281	414416942161699
414416971584407	414416984549771	414416971940813
414416971828313	414416992765240	414416971946595
414416988521282	414417000981595	414416988923313
414417005161595	414417017412167	414417005544199
414417021879668	414417033843678	414417022239407
414417038546907	414417050275917	414417038903730
414417055205345	414417074920969	414417061800032
414417084455813	414417099568729	414417084793313
414417088472688	414417107784823	414417088761126
414417105187063	414417116002063	414417105571907
414417121853157	414417132434042	414417122224720
414417138544095	414417148865917	414417138942324
414417155196126	414417181725293	414417167304511
414417171928574	414417189940969	414417172285813
414417201528782	414417214589667	414417201881074
414417205204199	414417222805552	414417205495813
414417221859095	414417239239771	414417222256282
414417238563782	414417255674302	414417238931907
414417255180032	414417272106438	414417255561126
414417271965657	414417296754823	414417278727167
414417304984824	414417321403417	414417305366074
414417305260292	414417329619042	414417305370501
414417321936282	414417337834823	414417322319407
414417338646542	414417354264927	414417339013782
414417355294251	414417370696594	414417355680345
414417372065188	414417387126803	414417372395188
414417388704876	414417411772792	414417394915813
414417421563574	414417436417427	414417421868470
414417421930813	414417444632375	414417422037532
414417438709667	414417452846594	414417439139824
414417455351699	414417469276906	414417455728730
414417472105292	414417485707792	414417472479511
414417488734720	414417502138678	414417489097324
414417505408626	414417518571854	414417508512376
414417539937376	414417551433469	414417540421699
414417540283157	414417559649823	414417540428938
414417556875032	414417567866646	414417557262376
414417573533157	414417584296646	414417573921282
414417590195188	414417600726385	414417590573157
414417606904876	414417625375031	414417607285969
414417623555344	414417641808365	414417627586907
414417657479719	414417674670708	414417657900032
414417657642844	414417682886438	414417657904407
414417674326907	414417691101594	414417675121751
414417691001074	414417707531333	414417691380501
414417707703469	414417723960709	414417708090969
414417724357063	414417740389094	414417724741282
414417741060032	414417756817011	414417745122688
414417781774251	414417797894146	414417782114980
414417781968938	414417806108677	414417782120188
414417798635813	414417814323521	414417799083261
414417815309407	414417830753834	414417815716855
414417831980501	414417847185865	414417832360657
414417848632844	414417863615396	414417849018938
414417865323626	414417880045708	414417865705188
414417882010501	414417896475500	414417886672532
414417916828261	414417929333781	414417917282480
414417917165917	414417937548730	414417917288001
414417933800501	414417945763989	414417934215969
414417950418157	414417962193052	414417950835292
414417967126698	414417978623105	414417967498001
414417983768626	414417995053521	414417984154876
414418000497063	414418019699459	414418003507219

POLL t=315.6 tick=3669
8333333
414427556721122	414427568292007	414427557065132
414427556903778	414427576509507	414427557097789
414427573621070	414427584726329	414427574021122
414427590312372	414427601162580	414427590855914
414427606953309	414427617597736	414427607319820
414427623626747	414427634031694	414427623990497
414427640309247	414427658682059	414427647301747
414427674499559	414427691554038	414427674864195
414427674771591	414427699772215	414427674870132
414427691679403	414427707990496	414427691961903
414427708224247	414427724427736	414427708496434
414427724741851	414427740862892	414427725117216
414427741431903	414427757298777	414427741802320
414427758119195	414427773733881	414427762984091
414427791206591	414427806602215	414427791550757
414427791402216	414427814817319	414427791556434
414427808077684	414427823031642	414427808471122
414427824761747	414427839464611	414427825132059
414427841436695	414427855897788	414427841812216
414427858106538	414427872330184	414427858474091
414427874762372	414427888761486	414427875175132
414427891446903	414427905193778	414427894722841
414427925530653	414427938059298	414427925981122
414427925911226	414427946274663	414427926130028
414427942469091	414427954490809	414427942958570
414427959092632	414427970924351	414427959510653
414427975791538	414427987355913	414427976220966
414427992460965	414428003792319	414427992834976
414428009128309	414428028443361	414428016462372
414428043339247	414428061311850	414428043955913
414428043560028	414428069526486	414428043966434
414428060206903	414428077743777	414428060639663
414428076913778	414428094176017	414428077407059
414428093586747	414428110610392	414428093953778
414428110252997	414428127043256	414428110630809
414428126946695	414428143475497	414428133826070
414428161398778	414428176348048	414428161761851
414428161651122	414428184566590	414428161769976
414428178279038	414428192784819	414428178685913
414428195001382	414428209220236	414428195374715
414428211664090	414428225654767	414428212037528
414428228330601	414428242088882	414428228746903
414428245019715	414428266736746	414428253034195
414428278378934	414428291385653	414428278742372
414428278564715	414428299603777	414428278749247
414428295200601	414428307821538	414428295627945
414428311935965	414428324255809	414428312349090
414428328614195	414428340688933	414428328990653
414428345281590	414428357122267	414428345651747
414428361948153	414428381775132	414428366364663
414428395975809	414428406427320	414428396366747
414428396279872	414428414644558	414428396371747
414428412948413	414428431079871	414428413341122
414428429601278	414428447513986	414428429983101
414428446270340	414428463948204	414428446642059
414428462909663	414428480382580	414428463285965
414428479613309	414428496816642	414428484615601
414428513785184	414428529680809	414428514129715
414428513969715	414428537897319	414428514140184
414428530632059	414428546114403	414428531018726
414428547277944	414428562547580	414428547702684
414428564025913	414428578980861	414428564387476
414428580681590	414428595411329	414428581058153
414428597349403	414428620063673	414428604286069
414428630995809	414428644716850	414428631339663
414428631205288	414428652934455	414428631343934
414428647844246	414428661151277	414428648225184
414428664527007	414428677584506	414428664922476
414428681227059	414428694016903	414428681605653
414428697909559	414428710449038	414428698328778
414428714574351	414428735099350	414428717173882
414428748619246	414428759748986	414428749242319
414428748938309	414428767966225	414428749248934
414428765568153	414428776183048	414428765948778
414428782267059	414428800831225	414428782631903
414428798990028	414428817264403	414428799335653
414428815616121	414428833701069	414428815989403
414428832357996	414428850136798	414428839953621
414428866646903	414428883009610	414428866915757
414428867110809	414428891228100	414428867244351
414428883630809	414428899445704	414428884046903
414428900334403	414428915880496	414428900712944
414428917038465	414428932314662	414428917419715
414428933701434	414428948748569	414428934066434
414428950393465	414428973398829	414428957098934
414428983635496	414428998048569	414428983954038
414428983955965	414429006267579	414428984098778
414429000583465	414429014486798	414429000971903
414429017279403	414429030923778	414429017661590
414429033971590	414429047360392	414429034345496
414429050587840	414429063793048	414429050963153
414429067342319	414429088442632	414429071056590
414429099582059	414429113095652	414429099851746
414429101111955	414429121312162	414429101428153
414429117399559	414429129529715	414429117812163
414429134064975	414429145964871	414429134466746
414429150728621	414429162401434	414429151138309
414429167423465	414429178836537	414429167826225
414429184213621	414429203487371	414429187593153
414429214384350	414429228137215	414429214705600
414429217373934	414429236354038	414429217683100
414429234064559	414429244570391	414429234462528
414429250698153	414429269218777	414429251097996
414429267386434	414429285651173	414429267806278
414429284035028	414429310298412	414429299791590
414429300715027	414429318513048	414429301011902
414429334354246	414429351374402	414429334671225
414429334562527	414429359590965	414429334677215
414429351217996	414429367807527	414429351558048
414429367915340	414429384242683	414429368281850
414429384604246	414429400677683	414429384985288
414429401231746	414429417113673	414429401610809
414429417956590	414429433549923	414429422085913
414429452648257	414429466424089	414429453337996
414429453111121	414429474642474	414429453344246
414429469747788	414429482860183	414429470220809
414429486408621	414429499294090	414429486808465
414429503097944	414429515729038	414429503465132
414429519766538	414429532165132	414429520140340
414429536455444	414429556815704	414429544987475
414429566066590	414429581467267	414429566381746
414429569678413	414429589684974	414429569998621
414429586400132	414429597903100	414429586827840
414429603089402	414429614340547	414429603450496
414429619797319	414429630776537	414429620150027
414429636428934	414429663650027	414429650041694
414429653103569	414429671867683	414429653404975

POLL t=327.5 tick=3796
8333333
414439323409034	414439344622888	414439330272472
414439356840284	414439369278200	414439357243305
414439357017524	414439377496065	414439357247524
414439373718409	414439385714711	414439374169399
414439390339711	414439402153252	414439390730597
414439407010909	414439418592367	414439407382680
414439423678461	414439435033669	414439424063149
414439440391274	414439459694450	414439445479347
414439474486274	414439492567523	414439475032680
414439474738097	414439500786846	414439475042628
414439491354972	414439509005231	414439491808774
414439508017628	414439525445231	414439508461899
414439524723461	414439541883878	414439525105180
414439541391534	414439558324190	414439541769972
414439558031221	414439574763825	414439558491742
414439574747784	414439591202731	414439579645492
414439607172836	414439624080908	414439607559503
414439608105284	414439632301950	414439608456274
414439624773878	414439640522419	414439625032628
414439641428878	414439656964450	414439641790909
414439658072940	414439673404606	414439658471690
414439674736534	414439689845648	414439675111221
414439691416690	414439714508409	414439697495336
414439725010024	414439739169763	414439725325180
414439725192159	414439747390075	414439725359190
414439741819242	414439755610023	414439742212055
414439758497367	414439772048305	414439758880284
414439775181117	414439788486586	414439775576378
414439791854398	414439804924607	414439792237211
414439808578617	414439821359658	414439811280492
414439842524086	414439854232731	414439842931273
414439842816378	414439862450127	414439842955909
414439859384971	414439870667940	414439859790023
414439876131065	414439887105023	414439876555492
414439892767055	414439903542575	414439893134242
414439909432940	414439928196481	414439909832836
414439926095128	414439952855543	414439937737055
414439961263305	414439977516794	414439961574242
414439961582836	414439985736220	414439961697940
414439978110023	414439993955700	414439978498148
414439995028878	414440010392314	414439995405180
414440011534815	414440026828200	414440011894659
414440028205492	414440043263825	414440028574815
414440044878409	414440067920909	414440051101742
414440074180023	414440092579711	414440074553461
414440078180023	414440100799138	414440078439711
414440094847211	414440109017887	414440095217003
414440111477003	414440125456742	414440111862055
414440128149711	414440141896690	414440128530805
414440144812159	414440166556377	414440155928930
414440161504398	414440174777367	414440162045180
414440197448253	414440207657055	414440197990023
414440197676846	414440215875231	414440198000805
414440214362471	414440232314398	414440214847680
414440231007784	414440248753616	414440231376586
414440247645336	414440265194763	414440248067680
414440264289242	414440289854242	414440275073930
414440299593305	414440314512836	414440299945492
414440299799971	414440322731586	414440299961117
414440316434971	414440330951064	414440316838252
414440333118773	414440347387419	414440333493773
414440349834242	414440363824867	414440350200440
414440366500805	414440380263668	414440366915023
414440383182211	414440396703252	414440384724971
414440418444815	414440429581012	414440418815961
414440418717367	414440437802106	414440418830180
414440435329711	414440446021742	414440435744242
414440452048461	414440462461116	414440452441221
414440468724815	414440478901897	414440469086846
414440485382992	414440503561116	414440485752471
414440502059711	414440520000388	414440506334971
414440535554659	414440552875596	414440536175909
414440535850596	414440561095596	414440536182054
414440552427992	414440569315647	414440553194815
414440569169659	414440585754815	414440569557784
414440585862211	414440602193043	414440586236742
414440602510023	414440618631325	414440602879242
414440619215596	414440635066117	414440622852002
414440653644711	414440667937366	414440653990804
414440653981221	414440676157367	414440654116221
414440670606429	414440684376637	414440670994346
414440687328565	414440700816846	414440687704815
414440704000023	414440717258200	414440704366846
414440720674711	414440733698252	414440721039867
414440737307159	414440758355023	414440741867211
414440771559554	414440783008668	414440771940804
414440772199554	414440791227835	414440772445804
414440788824398	414440799447523	414440789226065
414440805452940	414440815885699	414440805830023
414440822185284	414440832324242	414440822583096
414440838898773	414440856978408	414440839266117
414440855585648	414440873415231	414440860453617
414440884396065	414440898072366	414440884712992
414440888813148	414440906291637	414440889160127
414440905484658	414440922728720	414440905858148
414440922156846	414440939165856	414440922523304
414440938842940	414440955601221	414440939312054
414440955482627	414440980255804	414440967350492
414440972369554	414440988474710	414440972712367
414441006006742	414441021350960	414441006364086
414441006206586	414441029570595	414441006378617
414441022927679	414441037789710	414441023319398
414441039591533	414441054227106	414441039998773
414441056261690	414441070662627	414441056625648
414441072943929	414441087097627	414441073317367
414441089623929	414441111753460	414441094473929
414441123146742	414441136409189	414441123448617
414441123441221	414441144627939	414441123563460
414441140176898	414441152846273	414441140562783
414441156754554	414441169284918	414441157125804
414441173377471	414441185721845	414441173760127
414441190042054	414441202158721	414441190425804
414441206747992	414441226814137	414441209279971
414441240170648	414441251466794	414441240662315
414441240356898	414441259685751	414441240678929
414441257013304	414441267902419	414441257411377
414441273668304	414441292558877	414441274067367
414441290377835	414441308995387	414441290767679
414441307045179	414441325433356	414441307428460
414441323708460	414441350090543	414441333395648
414441358791065	414441374746429	414441359161065
414441359028617	414441382966168	414441359165283
414441375661533	414441391185491	414441376120752
414441392405648	414441407624398	414441392833252
414441409051065	414441424062105	414441409463877
414441425742523	414441440500960	414441426113877
414441442410492	414441465157210	414441450994242

POLL t=339.4 tick=3880
8333333
414451328698769	414451342170331	414451329099394
414451345373092	414451358603196	414451345733873
414451362027832	414451375036373	414451362408925
414451378737207	414451399684029	414451382528300
414451412486894	414451424328039	414451413003561
414451412852467	414451432542727	414451413007832
414451429422207	414451440756894	414451429860019
414451446065175	414451457187935	414451446433769
414451462716425	414451473619446	414451463102832
414451479394394	414451490049602	414451479761582
414451496231738	414451514694706	414451499294394
414451530185957	414451547554966	414451530594707
414451530386373	414451555770123	414451530601061
414451547053769	414451563985488	414451547542467
414451563862832	414451580416008	414451564334707
414451580412363	414451596846113	414451580933561
414451597044654	414451613278613	414451597427936
414451613704081	414451629708508	414451614090279
414451630425800	414451646137988	414451633410123
414451663786217	414451678994758	414451664308404
414451664164706	414451687210071	414451664313717
414451680666061	414451695425435	414451681193717
414451697306373	414451711853925	414451697835488
414451714001269	414451728282935	414451714390123
414451730662623	414451744712623	414451731051998
414451747327988	414451769357519	414451757506113
414451781228925	414451794004758	414451781620175
414451781517831	414451802219706	414451781622831
414451798121842	414451810435331	414451798566217
414451814822988	414451826864810	414451815194967
414451831442050	414451843293456	414451831824706
414451848185175	414451859723769	414451848560800
414451864822988	414451884370747	414451869611738
414451898543456	414451917229967	414451899330488
414451898826529	414451925445695	414451899335904
414451915407363	414451933662883	414451915850644
414451932113248	414451950098613	414451932503300
414451948752831	414451966531060	414451949134394
414451965452675	414451982962518	414451965884550
414451982135644	414452007610644	414451989829550
414452017650435	414452032257205	414452018035019
414452017936894	414452040472050	414452018041269
414452034534081	414452048688508	414452034923925
414452051234550	414452065121841	414452051605904
414452067878092	414452081555383	414452068263300
414452084589394	414452097985331	414452084949394
414452101257363	414452122632571	414452104839550
414452134675175	414452147278039	414452135071373
414452134986269	414452155493039	414452135074185
414452151632206	414452163707154	414452152088144
414452168282310	414452180137570	414452168657467
414452184946738	414452196565852	414452185362831
414452201619029	414452212996945	414452202035488
414452218294081	414452237643404	414452220794550
414452251931269	414452262287622	414452252292987
414452252125019	414452270503247	414452252310800
414452268865019	414452286934289	414452269149185
414452285424550	414452303363716	414452285871685
414452302161894	414452319793769	414452302712675
414452318810956	414452336225591	414452319207154
414452335473925	414452360870383	414452348202831
414452352233717	414452369085956	414452353129029
414452387509967	414452401948507	414452387867675
414452387707206	414452410164184	414452387873717
414452404431060	414452418381060	414452404861581
414452421073612	414452434811477	414452421463560
414452437736894	414452451241529	414452438107987
414452454408612	414452467671633	414452454772362
414452471086425	414452484101684	414452473181269
414452504157050	414452516963300	414452504551894
414452504348925	414452525179237	414452504555800
414452521104081	414452533396060	414452521455123
414452537719342	414452549828299	414452538096269
414452554426112	414452566263612	414452554816269
414452571114081	414452582697675	414452571487050
414452587848456	414452599128976	414452588619394
414452621643873	414452631987934	414452622055331
414452621960175	414452640201633	414452622118560
414452638607206	414452656631737	414452639008560
414452655257050	414452673061059	414452655641581
414452671938925	414452689489393	414452672312935
414452688553144	414452705920383	414452688937362
414452705296581	414452722352309	414452707962675
414452736166737	414452746999341	414452736473769
414452738739029	414452755215070	414452739084185
414452755232310	414452771645382	414452755623091
414452771942362	414452788076268	414452772352154
414452788592362	414452804506060	414452788959394
414452805280019	414452837370591	414452820142675
414452821977466	414452845586060	414452822285487
414452855447050	414452870233612	414452855762935
414452855714081	414452878450382	414452855797831
414452872757050	414452886667414	414452873197935
414452889077206	414452903100539	414452889452831
414452905761425	414452919534549	414452906153716
414452922415904	414452952403508	414452936139029
414452953032466	414452968837518	414452953475331
414452955678925	414452977052466	414452955989081
414452972398873	414452985269445	414452972782206
414452989033091	414453001705226	414452989428404
414453005693925	414453018139237	414453006063925
414453022349237	414453034573768	414453022736425
414453039023925	414453067440018	414453053008248
414453055793456	414453075655278	414453056274706
414453084944185	414453100300330	414453085268560
414453088981893	414453108515591	414453089284237
414453105718300	414453116730591	414453106167362
414453122361060	414453133160122	414453122733716
414453139039237	414453149590226	414453139396581
414453155710487	414453174239393	414453161214966
414453189191581	414453207102309	414453189580643
414453189402779	414453215318768	414453189584862
414453206038248	414453223535799	414453206669341
414453222742050	414453239970434	414453223117206
414453239397779	414453256404705	414453239782362
414453256076893	414453272839914	414453256530175
414453272776529	414453289271216	414453277650800
414453306771529	414453322134706	414453307554550
414453307108873	414453330351476	414453307562779
414453323658404	414453338568664	414453324084185
414453340381425	414453355005591	414453340735487
414453357049081	414453371440279	414453357423143
414453373735800	414453387874289	414453374106685
414453390461112	414453404310018	414453392877206
414453424451372	414453437177309	414453424908456
414453424928143	414453445392883	414453425164029
414453441459081	9223372036854775807	414453441911893

POLL t=351.4 tick=4007
8333333
414463296457619	414463312370171	414463296841733
414463313147515	414463328799337	414463313522046
414463329820275	414463345228348	414463330201525
414463346511733	414463361654025	414463351755327
414463380335483	414463394514858	414463380846056
414463380567827	414463402731472	414463380885119
414463397269962	414463410946732	414463397681577
414463413914077	414463427377462	414463414288296
414463430602775	414463443806524	414463430972046
414463447275952	414463460235170	414463447636681
414463463955639	414463476664962	414463465162671
414463497924546	414463509523400	414463498298296
414463498130014	414463517738920	414463498345796
414463514753556	414463525953191	414463515159389
414463531455171	414463542381524	414463531889389
414463548180796	414463558810534	414463548543921
414463564845483	414463583456941	414463565221264
414463581469858	414463599887045	414463589257202
414463614765014	414463632745379	414463615141212
414463615013556	414463640960118	414463615145639
414463631673400	414463649175222	414463632127202
414463648308139	414463665605014	414463648724806
414463664987358	414463682034389	414463665405952
414463681653869	414463698463556	414463682033764
414463698352046	414463714894129	414463703529181
414463732149806	414463747756524	414463732514702
414463732370014	414463755971993	414463732521264
414463748997827	414463764187618	414463749397983
414463765673139	414463780615951	414463766050744
414463782484181	414463797042150	414463782857462
414463799065483	414463813470223	414463799484702
414463815786525	414463829902097	414463815948400
414463849987046	414463862759857	414463850373608
414463850185483	414463870975170	414463850435014
414463866822983	414463879190535	414463867253921
414463883485431	414463895619910	414463883923921
414463900241733	414463912051733	414463900618712
414463916904389	414463928485274	414463917273921
414463933596264	414463953129389	414463938457514
414463967001108	414463977772983	414463967377150
414463967250327	414463985988555	414463967383296
414463983892358	414463994204441	414463984338087
414464000587514	414464018850639	414464000972202
414464017227514	414464035279701	414464017608139
414464033905900	414464051707930	414464034289545
414464050617775	414464068135534	414464053329181
414464084285170	414464100994181	414464084746056
414464084442983	414464109209754	414464084760795
414464101209702	414464117425014	414464101699233
414464117868139	414464133856003	414464118342827
414464134514650	414464150284650	414464134878920
414464151174233	414464166714076	414464151545743
414464167834702	414464191358712	414464173786108
414464202134025	414464215999649	414464202546889
414464202392827	414464224213920	414464202553295
414464218995639	414464232428191	414464219414858
414464235712358	414464248856472	414464236107827
414464252398243	414464265285431	414464252766264
414464269063712	414464281713868	414464269432931
414464285737045	414464306353920	414464288761212
414464326767983	414464339210847	414464327152202
414464326915795	414464347424909	414464327233295
414464343658712	414464355638920	414464344169077
414464360333295	414464372067826	414464360704650
414464376991577	414464388497149	414464377365639
414464393639545	414464404927670	414464394025275
414464410324337	414464429575743	414464412376368
414464444452045	414464462434805	414464444931577
414464444719650	414464470648087	414464444937150
414464461367202	414464478862201	414464461806420
414464478032149	414464495289128	414464478441420
414464494726524	414464511715847	414464495104858
414464511418452	414464528142514	414464511856993
414464528108608	414464544571524	414464534405118
414464561388608	414464577431212	414464561724077
414464561727202	414464585646628	414464561853556
414464578340327	414464593862097	414464578755952
414464595002514	414464610292566	414464595379806
414464611658295	414464626721837	414464612046577
414464628386264	414464643150899	414464628753399
414464645091889	414464659580587	414464645550327
414464678637358	414464692442878	414464679016733
414464678846368	414464700658451	414464679021733
414464695557149	414464708873607	414464695984962
414464712315118	414464725301680	414464712691108
414464728937358	414464741729857	414464729307462
414464745587670	414464758158659	414464745959962
414464762340274	414464782798034	414464764787358
414464795337514	414464807438191	414464796063295
414464795660795	414464815653190	414464796075431
414464812278608	414464823868607	414464812672358
414464828955795	414464840298920	414464829337462
414464845651681	414464856726940	414464846027514
414464862323764	414464873155326	414464862691420
414464879080431	414464897802513	414464881694806
414464912874076	414464930658347	414464913255326
414464913151108	414464938871472	414464913261056
414464929846733	414464947084493	414464930243295
414464946516108	414464963509961	414464946902358
414464963156733	414464979937045	414464963531576
414464979852826	414464996365587	414464980226524
414464996520014	414465012795117	414465000619233
414465026419649	414465037438763	414465026733451
414465029787931	414465045653399	414465030876889
414465046463295	414465062080847	414465046843920
414465063124181	414465078507982	414465063507306
414465079778712	414465094934648	414465080153608
414465096496681	414465119573972	414465108095014
414465132053295	414465144213191	414465132391264
414465132262305	414465152426733	414465132397826
414465148899180	414465160640170	414465149308608
414465165592930	414465177065743	414465165969805
414465182290587	414465193490846	414465182660170
414465198966680	414465209914024	414465199334076
414465215645639	414465234553399	414465216782774
414465249947201	414465267409597	414465250354545
414465250165170	414465275623294	414465250374024
414465266805639	414465283838503	414465267108764
414465283464858	414465300266732	414465283870483
414465300200326	414465316694023	414465300574389
414465316943243	414465333119753	414465317324649
414465333521576	414465349546523	414465339373764
414465366867045	414465382395274	414465367235795
414465367141889	414465390608919	414465367239232
414465383845951	414465398823555	414465384284076
414465400460795	414465415252409	414465400845482
414465417155743	414465431678450	414465417531264

POLL t=361.5 tick=4092
8333333
414473349205167	414473367798448	414473357125896
414473382447771	414473400674020	414473382836417
414473382643396	414473408893760	414473382842771
414473399308761	414473417113760	414473399757042
414473416033448	414473433549489	414473416410167
414473432676990	414473449984177	414473433053604
414473449346521	414473466417041	414473449717927
414473466030427	414473482854229	414473472414854
414473500250115	414473515715010	414473500624021
414473500454386	414473523931625	414473500628084
414473517121417	414473532148396	414473517697927
414473533840167	414473548581677	414473534220636
414473550503136	414473565012459	414473550878761
414473567167354	414473581442041	414473567544073
414473583876104	414473606090948	414473590226834
414473617545479	414473630740374	414473617926104
414473617821990	414473638957823	414473617933709
414473634413917	414473647174958	414473634861417
414473651111417	414473663609281	414473651542823
414473667845323	414473680042979	414473668213865
414473684473292	414473696478917	414473684842979
414473701149490	414473721130843	414473705964021
414473734811104	414473745785739	414473735174854
414473735036104	414473754004281	414473735180479
414473751690948	414473762221625	414473752103083
414473768417354	414473786874177	414473768796261
414473785093448	414473803307198	414473785655636
414473801747615	414473819741728	414473802116208
414473818425427	414473836181000	414473823121573
414473852280583	414473869061572	414473852803136
414473852455167	414473877281104	414473852832667
414473869118448	414473885500062	414473869487979
414473885830010	414473901935479	414473886276573
414473902493240	414473918372770	414473902872354
414473919181729	414473934807927	414473919549385
414473935868917	414473959460687	414473945193292
414473970630948	414473984114437	414473971009958
414473970922667	414473992333031	414473971017042
414473987504490	414474000552093	414473987951104
414474004205792	414474016989906	414474004580479
414474020920479	414474033427041	414474021288292
414474037580479	414474049862822	414474037949333
414474054260479	414474074516468	414474062387823
414474088122354	414474099166676	414474088402667
414474088428865	414474107384489	414474088557198
414474105014333	414474115600843	414474105405479
414474121742146	414474140252249	414474122112198
414474138413083	414474156687145	414474138825479
414474155045323	414474189553760	414474172032198
414474171846573	414474197771520	414474172105635
414474214995635	414474230641468	414474215321521
414474215130948	414474238859333	414474215362510
414474231842458	414474247076364	414474232333604
414474248506833	414474263511520	414474248888448
414474265217198	414474279943864	414474265632354
414474281886833	414474296377562	414474282246365
414474298569229	414474321029958	414474305577510
414474330624646	414474345682666	414474330975010
414474331884073	414474353900687	414474332232823
414474348613135	414474362118135	414474349034698
414474365284073	414474378552249	414474365699542
414474381940114	414474394985010	414474382314802
414474398615948	414474411419854	414474398984646
414474415272510	414474427856468	414474417619542
414474449564177	414474460722510	414474449905792
414474449750323	414474468939854	414474449915427
414474466402927	414474477155843	414474466802614
414474483091885	414474493589333	414474483466417
414474499802979	414474510022770	414474500172302
414474516470791	414474534671676	414474516841416
414474533134229	414474551104854	414474539083135
414474565091729	414474575754176	414474565470010
414474566407354	414474583971624	414474566791260
414474583151521	414474600406156	414474583590479
414474599820323	414474616838499	414474600193604
414474616515791	414474633266989	414474616981416
414474633190010	414474666130166	414474649218083
414474649822510	414474674346051	414474649957354
414474681733552	414474698995166	414474682055166
414474683068396	414474707211676	414474683395635
414474699787198	414474715430374	414474700209802
414474716507771	414474731866520	414474716877666
414474733190479	414474748298864	414474733559698
414474749831885	414474764730895	414474750193239
414474766595010	414474781167249	414474771290323
414474799611416	414474814040270	414474799945114
414474799955479	414474822259593	414474800096104
414474816554646	414474830476989	414474816957823
414474833259073	414474846913499	414474833633916
414474849919541	414474863351937	414474850297614
414474866596208	414474879789385	414474866971260
414474883301416	414474896228291	414474886208239
414474916864646	414474929101155	414474917181416
414474917065010	414474937319020	414474917197146
414474933770323	414474945537822	414474934163291
414474950520583	414474961972093	414474950894698
414474967139229	414474978407614	414474967505114
414474983841729	414474994841051	414474984201416
414475000521833	414475019493083	414475006704958
414475034906364	414475052358500	414475035211364
414475035124333	414475060576207	414475035222458
414475051820583	414475068794697	414475052211989
414475068511520	414475085232718	414475068919073
414475085195323	414475101667510	414475085567979
414475101849541	414475118102353	414475102213604
414475118514802	414475134536260	414475124284698
414475152275948	414475167409332	414475152663083
414475152555635	414475175628604	414475152668448
414475169879229	414475183846259	414475170267666
414475186302770	414475200282353	414475186670166
414475202896572	414475216718239	414475203272458
414475219616677	414475233153864	414475219995583
414475236309958	414475257806936	414475243315322
414475270220583	414475282460947	414475270698916
414475270429072	414475290679853	414475270703760
414475287075479	414475298898603	414475287525270
414475303811885	414475315337614	414475304215895
414475320425895	414475331774854	414475320811416
414475337144072	414475348213968	414475337543708
414475353814541	414475372871051	414475356230947
414475388676572	414475405748082	414475389147770
414475389016052	414475413968030	414475389153760
414475405649854	414475422186676	414475405899854
414475422317770	414475438623812	414475422680635
414475438970791	414475455058447	414475439341364
414475455664020	414475471495686	414475456051364
414475472346052	414475487933655	414475477628916

POLL t=373.4 tick=4177
8333333
414485231839069	414485242028651	414485232230267
414485267376100	414485283113495	414485267771517
414485267576412	414485291330058	414485267784537
414485284252037	414485299547818	414485284644537
414485300892819	414485315985162	414485301201569
414485317619017	414485332422557	414485317990475
414485334283235	414485348859693	414485334654069
414485350947506	414485365298651	414485354848756
414485386148860	414485398169589	414485386475423
414485386467975	414485406387662	414485386613756
414485403012975	414485414606256	414485403430475
414485419670579	414485439259850	414485423475579
414485436363756	414485447478338	414485436752975
414485453056516	414485463914746	414485453428912
414485469701412	414485480350162	414485470076881
414485504435787	414485521436828	414485504785475
414485504776725	414485529654746	414485504892506
414485521324381	414485537872193	414485521663131
414485538078600	414485554307610	414485538368912
414485554747454	414485570743339	414485555137037
414485571459641	414485587182714	414485571838287
414485588095162	414485603620109	414485592557819
414485623034694	414485636495787	414485623346412
414485623185006	414485644713964	414485623395423
414485639890319	414485652932141	414485640432037
414485656559381	414485669368027	414485656890631
414485673219693	414485685802506	414485673597037
414485689915735	414485702236203	414485690306568
414485706583443	414485726885682	414485709704016
414485741680162	414485759755682	414485742041204
414485741846673	414485767974016	414485742073235
414485758557766	414485776192401	414485758995579
414485775205318	414485792631933	414485776933600
414485791893600	414485809072037	414485792271985
414485808573860	414485825512713	414485808945266
414485825231256	414485841950943	414485825642037
414485861649693	414485874827558	414485862307506
414485861949381	414485883047245	414485862312193
414485878525631	414485891266620	414485878976725
414485895183443	414485907703756	414485895568600
414485911880943	414485924140214	414485912254329
414485928525891	414485940577037	414485928905006
414485945195266	414485965227141	414485948723600
414485981246204	414485998093339	414485981682037
414485981413548	414486006309276	414485981688443
414485998047037	414486014526203	414485998480475
414486014799173	414486030961464	414486019917975
414486031477037	414486047398235	414486031851829
414486048150943	414486063835943	414486048522037
414486064801256	414486080272089	414486068901048
414486107602818	414486121365995	414486107914954
414486107768443	414486129583494	414486107956360
414486124420943	414486137799953	414486124808443
414486141144537	414486154235943	414486141415787
414486157828391	414486170671464	414486158197766
414486174498912	414486187108808	414486174870475
414486191171881	414486203544276	414486191536100
414486227935162	414486244635995	414486228416412
414486228231516	414486252855527	414486228441100
414486244765891	414486261074068	414486245155475
414486261499381	414486277512714	414486261793287
414486278152506	414486293951463	414486278539068
414486294834068	414486310390839	414486295218547
414486330579849	414486343270630	414486330951881
414486331159172	414486351489537	414486331328287
414486347675006	414486359709432	414486348235474
414486364376568	414486376147662	414486365275162
414486381055787	414486392585787	414486381426829
414486397728131	414486409023443	414486398102454
414486432607662	414486450122609	414486432992922
414486432883547	414486458341776	414486433006412
414486449478131	414486466560474	414486450515006
414486466426516	414486483000057	414486469670318
414486482908131	414486499435943	414486483272974
414486499580266	414486515875214	414486499945110
414486516346881	414486532315370	414486517176099
414486546771724	414486556971411	414486547056256
414486549574693	414486565190370	414486550067818
414486566264693	414486581628235	414486570366568
414486582969068	414486598066724	414486583358235
414486599614068	414486614502245	414486600029381
414486616286099	414486630940162	414486617075943
414486649234485	414486663811047	414486649549016
414486649625943	414486672028547	414486649736985
414486666328756	414486680245891	414486666709485
414486683064693	414486696681776	414486683350631
414486699684224	414486713117349	414486700080006
414486716398131	414486737770161	414486720925266
414486750028599	414486762428859	414486750355474
414486750196412	414486770648755	414486750359485
414486767090422	414486778868495	414486767336985
414486783634849	414486795306255	414486783918287
414486800284328	414486811742453	414486800662818
414486816943599	414486828181203	414486817318703
414486833726568	414486844617818	414486834158599
414486867175318	414486885711203	414486867654953
414486867427506	414486893929953	414486867659328
414486884172037	414486902149797	414486884610266
414486900822037	414486918587192	414486901105787
414486917515162	414486935023807	414486917903912
414486934149381	414486951458807	414486934517662
414486968660422	414486984329172	414486969167974
414486968975630	414486992548495	414486969182037
414486985592610	414487000767973	414486986006724
414487002326724	414487017204328	414487002613599
414487019011099	414487033642505	414487019382818
414487035685162	414487050081411	414487036109797
414487069964953	414487082954692	414487070511568
414487070213130	414487091172036	414487070515891
414487086868755	414487099389380	414487087267505
414487103593703	414487115824432	414487103915787
414487120233078	414487132259432	414487120617818
414487136915943	414487148694015	414487137279537
414487171665630	414487189778130	414487172137297
414487172061880	414487197995682	414487172142662
414487188625578	414487206213807	414487189092505
414487205328547	414487222650526	414487205434537
414487221983130	414487239086775	414487222363443
414487238635318	414487255522557	414487239031203
414487255293547	414487271959328	414487255429849
414487291596828	414487304831099	414487291924380
414487291928599	414487313049172	414487292068130
414487308547193	414487321265474	414487308920943
414487325191516	414487337698963	414487325476255
414487341858287	414487354132661	414487342240318
414487358467974	414487378784640	414487362432297
414487393355943	9223372036854775807	414487393724224

POLL t=385.0 tick=4264
8333333
414497038624168	414497058121095	414497038890939
414497055301095	414497066338700	414497055852137
414497071936408	414497082773908	414497072283908
414497088639064	414497099208647	414497089028127
414497105315575	414497123860105	414497105722762
414497122001095	414497140295522	414497122377450
414497156824793	414497173161876	414497157560783
414497157187189	414497181377137	414497157565262
414497173787502	414497189593022	414497174093595
414497190468283	414497206026460	414497190865002
414497207115939	414497222463178	414497207476825
414497223789220	414497238900574	414497224149637
414497258082033	414497271775209	414497258567189
414497258311043	414497279992605	414497258573543
414497274938127	414497288211095	414497275318283
414497291647814	414497304648959	414497291973856
414497308292814	414497321086459	414497308678543
414497325005314	414497337525522	414497325389689
414497358292189	414497370392813	414497358841564
414497358574949	414497378609896	414497358879845
414497375242658	414497386827137	414497375669377
414497391905627	414497403263230	414497392178856
414497408588543	414497419699376	414497408961564
414497425245418	414497436136720	414497425607502
414497459423595	414497477226459	414497459901564
414497459657814	414497485444220	414497459907449
414497476314012	414497493661824	414497476748908
414497493050731	414497510098073	414497493469376
414497509707814	414497526531668	414497510082606
414497526377606	414497542967189	414497526770001
414497543060418	414497559407814	414497543431564
414497576798283	414497592287814	414497577165418
414497576984376	414497600508699	414497577216251
414497593670418	414497608727657	414497594205314
414497610319533	414497625162501	414497610718751
414497627038126	414497641595990	414497627408387
414497643703751	414497658030105	414497644067606
414497660396720	414497674463542	414497662777762
414497694386095	414497707336615	414497694777449
414497694547501	414497715554376	414497694782814
414497711196564	414497723771147	414497711589324
414497727863439	414497740207292	414497728294324
414497744567137	414497756644533	414497744958283
414497761307501	414497773080990	414497761676876
414497777958595	414497797735210	414497784892970
414497812331408	414497830606199	414497812711720
414497812553387	414497838825470	414497812716251
414497829248751	414497847043491	414497829644012
414497845915626	414497863477918	414497846300939
414497862570106	414497879910834	414497862946251
414497879249168	414497904559584	414497891937658
414497896108283	414497912777032	414497896483595
414497931030626	414497945638751	414497931420418
414497931244689	414497953853803	414497931429689
414497947853595	414497962068542	414497948285887
414497964617970	414497978497970	414497964989689
414497981295626	414497994927345	414497981664480
414497997939637	414498019574376	414498006416720
414498031837918	414498044224428	414498032197189
414498032218230	414498052439637	414498032333595
414498048719064	414498060656355	414498049107033
414498065456251	414498077087605	414498065830730
414498082089689	414498093517292	414498082473751
414498098766720	414498109947969	414498099178595
414498115471720	414498126378907	414498115882970
414498149513126	414498167451616	414498150063439
414498149898230	414498175667553	414498150068282
414498166488126	414498183882865	414498166939376
414498183157501	414498200313855	414498183532032
414498199798751	414498216747657	414498200160470
414498216473126	414498233181042	414498216879949
414498233224689	414498249612709	414498233385626
414498268777345	414498282478074	414498269154532
414498269017814	414498290694011	414498269269637
414498285680001	414498298909740	414498286059689
414498302437970	414498315340730	414498302869220
414498319126407	414498331771094	414498319491876
414498335825470	414498348206928	414498336179689
414498352500887	414498364640261	414498352597605
414498387398282	414498397508907	414498387708907
414498387815782	414498405726615	414498387928126
414498404454064	414498422162449	414498404855157
414498421057345	414498438595521	414498421505626
414498437785262	414498455029011	414498438154220
414498454404689	414498471462657	414498454795887
414498471110782	414498487895417	414498472132345
414498505588855	414498520760886	414498505953751
414498505871980	414498528977345	414498505961407
414498522539324	414498537193438	414498522989064
414498539219220	414498553625365	414498539634845
414498555932136	414498570059792	414498556304845
414498572590939	414498586493906	414498572959532
414498589281980	414498602926250	414498591598907
414498621843751	414498635789167	414498622215939
414498622485782	414498644005730	414498622832032
414498639212501	414498652222084	414498639641355
414498655919376	414498668656354	414498656301251
414498672581720	414498685088803	414498672965626
414498689257501	414498701524219	414498689632501
414498705937814	414498717958803	414498706253386
414498741025574	414498759041406	414498741329168
414498741426095	414498767257969	414498741525939
414498757971876	414498775474740	414498758422345
414498774684532	414498791907032	414498775109845
414498791367345	414498808342500	414498791738907
414498808059063	414498824777501	414498808454220
414498824712293	414498841211771	414498824903595
414498859366511	414498874078959	414498859775418
414498859583907	414498882295990	414498859784220
414498876280418	414498890512449	414498876752136
414498892974480	414498906947292	414498893404063
414498909627188	414498923379010	414498909996511
414498926291824	414498939811250	414498926667032
414498942956876	414498964459063	414498947293907
414498978224949	414498989107501	414498978679688
414498978579063	414498997324844	414498978682970
414498995181876	414499005541094	414498995615730
414499011845938	414499030189949	414499012218907
414499028507449	414499046621563	414499028892657
414499045173699	414499063052553	414499045548074
414499061861511	414499079485782	414499062027501
414499091227501	414499104134793	414499091551043
414499095116407	414499112352344	414499095756095
414499111943751	414499128786563	414499112341095
414499128528126	414499145219792	414499128971511
414499145199168	414499161653438	414499145576355
414499161970001	414499178086667	414499166692449

POLL t=396.9 tick=4401
8333333
414508779204060	414508791870466	414508779599060
414508795930935	414508808305622	414508796353747
414508812560310	414508824740101	414508812933851
414508829277810	414508849388226	414508832496247
414508861817810	414508874035778	414508862112185
414508862511560	414508882251507	414508862847653
414508879298851	414508890467549	414508879945570
414508896039789	414508906899268	414508896532028
414508912636716	414508923330205	414508912998278
414508929329060	414508947975517	414508929932653
414508963910466	414508980836507	414508964238747
414508964232445	414508989052185	414508964394997
414508980807914	414508997268642	414508981226560
414508997554997	414509013702653	414508997992810
414509014207445	414509030135569	414509014583851
414509030867966	414509046565882	414509035546560
414509064553382	414509079431611	414509064931716
414509064702810	414509087647757	414509064937653
414509081372028	414509095863539	414509081793851
414509098080310	414509112295830	414509098489320
414509114758747	414509128730257	414509115137601
414509131488903	414509145164423	414509131867497
414509148209372	414509161598955	414509150651351
414509182261664	414509194468643	414509182637653
414509182428539	414509202685569	414509182701091
414509199124164	414509210903903	414509199703226
414509215768122	414509227338955	414509216153278
414509232455935	414509243772601	414509232835153
414509249161195	414509268419319	414509254079684
414509283574164	414509301290101	414509283954789
414509283792809	414509309508747	414509284049216
414509300428695	414509317726820	414509300822653
414509317165101	414509334162861	414509317548226
414509333834841	414509350598226	414509334209164
414509350501976	414509367032600	414509354480934
414509383682184	414509399895830	414509384116872
414509383992966	414509408112288	414509384133695
414509400546664	414509416328591	414509400896820
414509417212966	414509432760621	414509417658122
414509433928122	414509449192132	414509434299372
414509450588695	414509473840622	414509458908278
414509484532028	414509498489528	414509484891559
414509484730622	414509506706142	414509484902966
414509501441559	414509514923486	414509501887653
414509518032653	414509531359840	414509518413070
414509534781716	414509547798122	414509535176247
414509551456716	414509564234215	414509552420778
414509585736247	414509597106924	414509586061872
414509585962028	414509605325153	414509586068903
414509602600153	414509613543329	414509603014997
414509619316091	414509629979007	414509619820309
414509635964789	414509654630934	414509636361507
414509652677653	414509671065674	414509656712132
414509690221247	414509703935257	414509690579320
414509690519684	414509712151507	414509690590153
414509707070622	414509720368017	414509707464684
414509723781091	414509736802027	414509724211559
414509740444841	414509753235204	414509740827184
414509757156559	414509769667080	414509757390309
414509790922341	414509802531246	414509791274997
414509791181559	414509810748486	414509791278903
414509807832653	414509818965256	414509808255466
414509824534216	414509835397601	414509825050153
414509841195622	414509851830153	414509841581038
414509857861663	414509876474997	414509860908434
414509891967028	414509909339423	414509892379163
414509892405413	414509917556298	414509892551403
414509908876820	414509925773485	414509909953695
414509925581559	414509942208955	414509926000622
414509942356403	414509958643173	414509942664163
414509958968747	414509975077288	414509961756663
414509993335465	414510007941090	414509993813434
414509993642497	414510016157496	414509993819528
414510010249788	414510024374683	414510010764840
414510026888590	414510040808329	414510027334788
414510043549163	414510057241715	414510043924528
414510060301038	414510081890517	414510068568122
414510092709684	414510106540412	414510093043851
414510093591247	414510114756975	414510093944215
414510110286559	414510122973694	414510110680101
414510126992653	414510139404684	414510127380934
414510143691976	414510155835361	414510144064320
414510160428122	414510172265152	414510160774320
414510197483590	414510213346402	414510197825101
414510197757913	414510221563121	414510197908434
414510214415465	414510229779736	414510214794997
414510231114163	414510246214944	414510231488122
414510247813070	414510262649007	414510248127653
414510278967028	414510295509892	414510279247497
414510281036976	414510303725361	414510281332497
414510297783070	414510311939997	414510298147445
414510314504945	414510328369684	414510314871507
414510331141976	414510344801194	414510335181872
414510365750257	414510377661090	414510366091247
414510366196715	414510385876403	414510366312288
414510382719059	414510394093121	414510383140257
414510399350309	414510410525569	414510399728747
414510416088538	414510435175205	414510424526559
414510451561038	414510468035934	414510452126715
414510452186663	414510476251351	414510452373538
414510468582653	414510484465777	414510468980934
414510485295413	414510500895725	414510485699840
414510501970465	414510517325309	414510502343122
414510518624997	414510533752235	414510521019007
414510554310934	414510566604684	414510554664528
414510554709215	414510574820204	414510554848121
414510571329684	414510583035048	414510571816871
414510588039944	414510599465152	414510588373746
414510604656715	414510632326455	414510616835153
414510640881194	414510656971663	414510641410934
414510641141663	414510665186819	414510641418590
414510657762184	414510673403955	414510658149059
414510674517184	414510689838538	414510674955934
414510691154996	414510706270517	414510691518382
414510707857132	414510722702600	414510710173278
414510741998694	414510755571246	414510742541403
414510742169215	414510763789215	414510742546976
414510758816351	414510772006038	414510759207653
414510775583746	414510788441038	414510776075569
414510792237496	414510804872860	414510792609215
414510808901559	414510829522028	414510812195778
414510837812184	414510854169944	414510838124944
414510842246246	414510862385830	414510842707496
414510858892913	414510870601559	414510859294215
414510875605882	414510887034371	414510875997132
414510892246871	414510903470100	414510892616038
414510908929528	414510919905048	414510909307757

