gap_ordinal	len	pattern_id	is_modal	n_C3	n_C7	n_C1b	n_C1a	n_E
0	39	0	0	1	1	1	3	1
1	37	1	0	1	1	1	3	1
2	37	1	0	1	1	1	3	1
3	37	1	0	1	1	1	3	1
4	37	1	0	1	1	1	3	1
5	37	1	0	1	1	1	3	1
6	37	1	0	1	1	1	3	1
7	37	1	0	1	1	1	3	1
8	37	1	0	1	1	1	3	1
9	37	1	0	1	1	1	3	1
10	607	2	0	1	1	1	3	1
11	539	3	0	1	1	1	3	1
12	320	4	0	1	1	1	3	1
13	548	5	0	1	1	1	3	1
14	1005	6	0	1	1	1	3	1
15	176	7	0	1	1	1	3	1
16	160	8	0	1	1	1	3	1
17	169	9	0	1	1	1	3	1
18	156	10	0	1	1	1	3	1
19	160	11	0	1	1	1	3	1
20	164	12	0	1	1	1	3	1
21	165	13	0	1	1	1	3	1
22	328	14	0	1	1	1	3	1
23	81	15	0	1	1	1	3	1
24	100	16	0	1	1	1	3	1
25	50	17	0	1	1	1	3	1
26	50	18	0	1	1	1	3	1
27	49	19	0	1	1	1	3	1
28	49	20	0	1	1	1	3	1
29	48	21	0	1	1	1	3	1
30	48	21	0	1	1	1	3	1
31	49	19	0	1	1	1	3	1
32	49	19	0	1	1	1	3	1
33	49	19	0	1	1	1	3	1
34	70	22	0	1	1	1	3	1
35	119	23	0	1	1	1	3	1
36	38	24	0	1	1	1	3	1
37	127	25	0	1	1	1	3	1
38	38	24	0	1	1	1	3	1
39	38	24	0	1	1	1	3	1
40	38	24	0	1	1	1	3	1
41	38	24	0	1	1	1	3	1
42	38	24	0	1	1	1	3	1
43	38	24	0	1	1	1	3	1
44	38	24	0	1	1	1	3	1
45	38	24	0	1	1	1	3	1
46	38	24	0	1	1	1	3	1
47	38	24	0	1	1	1	3	1
48	38	24	0	1	1	1	3	1
49	38	24	0	1	1	1	3	1
50	38	24	0	1	1	1	3	1
51	39	26	0	1	1	1	2	2
52	39	27	0	1	1	1	2	2
53	39	27	0	1	1	1	2	2
54	39	27	0	1	1	1	2	2
55	39	27	0	1	1	1	2	2
56	39	27	0	1	1	1	2	2
57	39	27	0	1	1	1	2	2
58	39	27	0	1	1	1	2	2
59	39	27	0	1	1	1	2	2
60	39	27	0	1	1	1	2	2
61	39	27	0	1	1	1	2	2
62	39	27	0	1	1	1	2	2
63	36	28	0	1	1	1	2	1
64	36	28	0	1	1	1	2	1
65	36	28	0	1	1	1	2	1
66	36	28	0	1	1	1	2	1
67	36	28	0	1	1	1	2	1
68	36	28	0	1	1	1	2	1
69	36	28	0	1	1	1	2	1
70	36	28	0	1	1	1	2	1
71	36	28	0	1	1	1	2	1
72	36	28	0	1	1	1	2	1
73	36	28	0	1	1	1	2	1
74	56	29	0	1	1	1	2	1
75	53	30	1	1	1	1	2	1
76	53	30	1	1	1	1	2	1
77	53	30	1	1	1	1	2	1
78	53	30	1	1	1	1	2	1
79	53	30	1	1	1	1	2	1
80	53	30	1	1	1	1	2	1
81	53	30	1	1	1	1	2	1
82	53	30	1	1	1	1	2	1
83	53	30	1	1	1	1	2	1
84	53	30	1	1	1	1	2	1
85	53	30	1	1	1	1	2	1
86	53	30	1	1	1	1	2	1
87	53	30	1	1	1	1	2	1
88	53	30	1	1	1	1	2	1
89	53	30	1	1	1	1	2	1
90	53	30	1	1	1	1	2	1
91	53	30	1	1	1	1	2	1
92	53	30	1	1	1	1	2	1
93	53	30	1	1	1	1	2	1
94	53	30	1	1	1	1	2	1
95	53	30	1	1	1	1	2	1
96	53	30	1	1	1	1	2	1
97	53	30	1	1	1	1	2	1
98	53	30	1	1	1	1	2	1
99	53	30	1	1	1	1	2	1
100	53	30	1	1	1	1	2	1
101	53	30	1	1	1	1	2	1
102	53	30	1	1	1	1	2	1
103	53	30	1	1	1	1	2	1
104	53	30	1	1	1	1	2	1
105	53	30	1	1	1	1	2	1
106	53	30	1	1	1	1	2	1
107	53	30	1	1	1	1	2	1
108	53	30	1	1	1	1	2	1
109	53	30	1	1	1	1	2	1
110	53	30	1	1	1	1	2	1
111	53	30	1	1	1	1	2	1
112	53	30	1	1	1	1	2	1
113	53	30	1	1	1	1	2	1
114	53	30	1	1	1	1	2	1
115	53	30	1	1	1	1	2	1
116	53	30	1	1	1	1	2	1
117	53	30	1	1	1	1	2	1
118	53	30	1	1	1	1	2	1
119	53	30	1	1	1	1	2	1
120	53	30	1	1	1	1	2	1
121	53	30	1	1	1	1	2	1
122	53	30	1	1	1	1	2	1
123	53	30	1	1	1	1	2	1
124	53	30	1	1	1	1	2	1
125	53	30	1	1	1	1	2	1
126	53	30	1	1	1	1	2	1
127	53	30	1	1	1	1	2	1
128	53	30	1	1	1	1	2	1
129	53	30	1	1	1	1	2	1
130	53	30	1	1	1	1	2	1
131	53	30	1	1	1	1	2	1
132	53	30	1	1	1	1	2	1
133	53	30	1	1	1	1	2	1
134	53	30	1	1	1	1	2	1
135	53	30	1	1	1	1	2	1
136	53	30	1	1	1	1	2	1
137	53	30	1	1	1	1	2	1
138	53	30	1	1	1	1	2	1
139	53	30	1	1	1	1	2	1
140	53	30	1	1	1	1	2	1
141	53	30	1	1	1	1	2	1
142	53	30	1	1	1	1	2	1
143	53	30	1	1	1	1	2	1
144	53	30	1	1	1	1	2	1
145	53	30	1	1	1	1	2	1
146	53	30	1	1	1	1	2	1
147	53	30	1	1	1	1	2	1
148	53	30	1	1	1	1	2	1
149	53	30	1	1	1	1	2	1
150	53	30	1	1	1	1	2	1
151	53	30	1	1	1	1	2	1
152	53	30	1	1	1	1	2	1
153	53	30	1	1	1	1	2	1
154	53	30	1	1	1	1	2	1
155	53	30	1	1	1	1	2	1
156	53	30	1	1	1	1	2	1
157	53	30	1	1	1	1	2	1
158	53	30	1	1	1	1	2	1
159	53	30	1	1	1	1	2	1
160	53	30	1	1	1	1	2	1
161	53	30	1	1	1	1	2	1
162	53	30	1	1	1	1	2	1
163	53	30	1	1	1	1	2	1
164	53	30	1	1	1	1	2	1
165	53	30	1	1	1	1	2	1
166	53	30	1	1	1	1	2	1
167	53	30	1	1	1	1	2	1
168	53	30	1	1	1	1	2	1
169	53	30	1	1	1	1	2	1
170	53	30	1	1	1	1	2	1
171	53	30	1	1	1	1	2	1
172	53	30	1	1	1	1	2	1
173	53	30	1	1	1	1	2	1
174	53	30	1	1	1	1	2	1
175	53	30	1	1	1	1	2	1
176	53	30	1	1	1	1	2	1
177	53	30	1	1	1	1	2	1
178	53	30	1	1	1	1	2	1
179	53	30	1	1	1	1	2	1
180	53	30	1	1	1	1	2	1
181	53	30	1	1	1	1	2	1
182	53	30	1	1	1	1	2	1
183	53	30	1	1	1	1	2	1
184	53	30	1	1	1	1	2	1
185	53	30	1	1	1	1	2	1
186	53	30	1	1	1	1	2	1
187	53	30	1	1	1	1	2	1
188	53	30	1	1	1	1	2	1
189	53	30	1	1	1	1	2	1
190	53	30	1	1	1	1	2	1
191	53	30	1	1	1	1	2	1
192	53	30	1	1	1	1	2	1
193	53	30	1	1	1	1	2	1
194	53	30	1	1	1	1	2	1
195	53	30	1	1	1	1	2	1
196	53	30	1	1	1	1	2	1
197	53	30	1	1	1	1	2	1
198	53	30	1	1	1	1	2	1
199	53	30	1	1	1	1	2	1
200	53	30	1	1	1	1	2	1
201	53	30	1	1	1	1	2	1
202	53	30	1	1	1	1	2	1
203	53	30	1	1	1	1	2	1
204	53	30	1	1	1	1	2	1
205	53	30	1	1	1	1	2	1
206	53	30	1	1	1	1	2	1
207	53	30	1	1	1	1	2	1
208	53	30	1	1	1	1	2	1
209	53	30	1	1	1	1	2	1
210	53	30	1	1	1	1	2	1
211	53	30	1	1	1	1	2	1
212	53	30	1	1	1	1	2	1
213	53	30	1	1	1	1	2	1
214	53	30	1	1	1	1	2	1
215	53	30	1	1	1	1	2	1
216	53	30	1	1	1	1	2	1
217	53	30	1	1	1	1	2	1
218	53	30	1	1	1	1	2	1
219	53	30	1	1	1	1	2	1
220	53	30	1	1	1	1	2	1
221	53	30	1	1	1	1	2	1
222	53	30	1	1	1	1	2	1
223	53	30	1	1	1	1	2	1
224	53	30	1	1	1	1	2	1
225	53	30	1	1	1	1	2	1
226	53	30	1	1	1	1	2	1
227	53	30	1	1	1	1	2	1
228	53	30	1	1	1	1	2	1
229	53	30	1	1	1	1	2	1
230	53	30	1	1	1	1	2	1
231	53	30	1	1	1	1	2	1
232	53	30	1	1	1	1	2	1
233	53	30	1	1	1	1	2	1
234	53	30	1	1	1	1	2	1
235	53	30	1	1	1	1	2	1
236	53	30	1	1	1	1	2	1
237	53	30	1	1	1	1	2	1
238	53	30	1	1	1	1	2	1
239	53	30	1	1	1	1	2	1
240	53	30	1	1	1	1	2	1
241	53	30	1	1	1	1	2	1
242	53	30	1	1	1	1	2	1
243	53	30	1	1	1	1	2	1
244	53	30	1	1	1	1	2	1
245	53	30	1	1	1	1	2	1
246	53	30	1	1	1	1	2	1
247	53	30	1	1	1	1	2	1
248	53	30	1	1	1	1	2	1
249	53	30	1	1	1	1	2	1
250	53	30	1	1	1	1	2	1
251	53	30	1	1	1	1	2	1
252	53	30	1	1	1	1	2	1
253	53	30	1	1	1	1	2	1
254	53	30	1	1	1	1	2	1
255	53	30	1	1	1	1	2	1
256	53	30	1	1	1	1	2	1
257	53	30	1	1	1	1	2	1
258	53	30	1	1	1	1	2	1
259	53	30	1	1	1	1	2	1
260	53	30	1	1	1	1	2	1
261	53	30	1	1	1	1	2	1
262	53	30	1	1	1	1	2	1
263	53	30	1	1	1	1	2	1
264	53	30	1	1	1	1	2	1
265	53	30	1	1	1	1	2	1
266	53	30	1	1	1	1	2	1
267	53	30	1	1	1	1	2	1
268	53	30	1	1	1	1	2	1
269	53	30	1	1	1	1	2	1
270	53	30	1	1	1	1	2	1
271	53	30	1	1	1	1	2	1
272	53	30	1	1	1	1	2	1
273	53	30	1	1	1	1	2	1
274	53	30	1	1	1	1	2	1
275	53	30	1	1	1	1	2	1
276	53	30	1	1	1	1	2	1
277	53	30	1	1	1	1	2	1
278	53	30	1	1	1	1	2	1
279	53	30	1	1	1	1	2	1
280	53	30	1	1	1	1	2	1
281	53	30	1	1	1	1	2	1
282	53	30	1	1	1	1	2	1
283	53	30	1	1	1	1	2	1
284	53	30	1	1	1	1	2	1
285	53	30	1	1	1	1	2	1
286	53	30	1	1	1	1	2	1
287	53	30	1	1	1	1	2	1
288	53	30	1	1	1	1	2	1
289	53	30	1	1	1	1	2	1
290	53	30	1	1	1	1	2	1
291	53	30	1	1	1	1	2	1
292	53	30	1	1	1	1	2	1
293	53	30	1	1	1	1	2	1
294	53	30	1	1	1	1	2	1
295	53	30	1	1	1	1	2	1
296	53	30	1	1	1	1	2	1
297	53	30	1	1	1	1	2	1
298	53	30	1	1	1	1	2	1
299	53	30	1	1	1	1	2	1
300	53	30	1	1	1	1	2	1
301	53	30	1	1	1	1	2	1
302	53	30	1	1	1	1	2	1
303	53	30	1	1	1	1	2	1
304	53	30	1	1	1	1	2	1
305	53	30	1	1	1	1	2	1
306	53	30	1	1	1	1	2	1
307	53	30	1	1	1	1	2	1
308	53	30	1	1	1	1	2	1
309	53	30	1	1	1	1	2	1
310	53	30	1	1	1	1	2	1
311	53	30	1	1	1	1	2	1
312	53	30	1	1	1	1	2	1
313	53	30	1	1	1	1	2	1
314	53	30	1	1	1	1	2	1
315	53	30	1	1	1	1	2	1
316	53	30	1	1	1	1	2	1
317	53	30	1	1	1	1	2	1
318	53	30	1	1	1	1	2	1
319	53	30	1	1	1	1	2	1
320	53	30	1	1	1	1	2	1
321	53	30	1	1	1	1	2	1
322	53	30	1	1	1	1	2	1
323	53	30	1	1	1	1	2	1
324	53	30	1	1	1	1	2	1
325	53	30	1	1	1	1	2	1
326	53	30	1	1	1	1	2	1
327	53	30	1	1	1	1	2	1
328	53	30	1	1	1	1	2	1
329	53	30	1	1	1	1	2	1
330	53	30	1	1	1	1	2	1
331	53	30	1	1	1	1	2	1
332	53	30	1	1	1	1	2	1
333	53	30	1	1	1	1	2	1
334	53	30	1	1	1	1	2	1
335	53	30	1	1	1	1	2	1
336	53	30	1	1	1	1	2	1
337	53	30	1	1	1	1	2	1
338	53	30	1	1	1	1	2	1
339	53	30	1	1	1	1	2	1
340	53	30	1	1	1	1	2	1
341	53	30	1	1	1	1	2	1
342	53	30	1	1	1	1	2	1
343	53	30	1	1	1	1	2	1
344	53	30	1	1	1	1	2	1
345	53	30	1	1	1	1	2	1
346	53	30	1	1	1	1	2	1
347	53	30	1	1	1	1	2	1
348	53	30	1	1	1	1	2	1
349	53	30	1	1	1	1	2	1
350	53	30	1	1	1	1	2	1
351	53	30	1	1	1	1	2	1
352	53	30	1	1	1	1	2	1
353	53	30	1	1	1	1	2	1
354	53	30	1	1	1	1	2	1
355	53	30	1	1	1	1	2	1
356	53	30	1	1	1	1	2	1
357	53	30	1	1	1	1	2	1
358	53	30	1	1	1	1	2	1
359	53	30	1	1	1	1	2	1
360	53	30	1	1	1	1	2	1
361	53	30	1	1	1	1	2	1
362	53	30	1	1	1	1	2	1
363	53	30	1	1	1	1	2	1
364	53	30	1	1	1	1	2	1
365	53	30	1	1	1	1	2	1
366	53	30	1	1	1	1	2	1
367	53	30	1	1	1	1	2	1
368	53	30	1	1	1	1	2	1
369	53	30	1	1	1	1	2	1
370	53	30	1	1	1	1	2	1
371	53	30	1	1	1	1	2	1
372	53	30	1	1	1	1	2	1
373	53	30	1	1	1	1	2	1
374	53	30	1	1	1	1	2	1
375	53	30	1	1	1	1	2	1
376	53	30	1	1	1	1	2	1
377	53	30	1	1	1	1	2	1
378	53	30	1	1	1	1	2	1
379	53	30	1	1	1	1	2	1
380	53	30	1	1	1	1	2	1
381	53	30	1	1	1	1	2	1
382	53	30	1	1	1	1	2	1
383	53	30	1	1	1	1	2	1
384	53	30	1	1	1	1	2	1
385	53	30	1	1	1	1	2	1
386	53	30	1	1	1	1	2	1
387	53	30	1	1	1	1	2	1
388	53	30	1	1	1	1	2	1
389	53	30	1	1	1	1	2	1
390	53	30	1	1	1	1	2	1
391	53	30	1	1	1	1	2	1
392	53	30	1	1	1	1	2	1
393	53	30	1	1	1	1	2	1
394	53	30	1	1	1	1	2	1
395	53	30	1	1	1	1	2	1
396	53	30	1	1	1	1	2	1
397	53	30	1	1	1	1	2	1
398	53	30	1	1	1	1	2	1
399	53	30	1	1	1	1	2	1
400	53	30	1	1	1	1	2	1
401	53	30	1	1	1	1	2	1
402	53	30	1	1	1	1	2	1
403	53	30	1	1	1	1	2	1
404	53	30	1	1	1	1	2	1
405	53	30	1	1	1	1	2	1
406	53	30	1	1	1	1	2	1
407	53	30	1	1	1	1	2	1
408	53	30	1	1	1	1	2	1
409	53	30	1	1	1	1	2	1
410	53	30	1	1	1	1	2	1
411	53	30	1	1	1	1	2	1
412	53	30	1	1	1	1	2	1
413	53	30	1	1	1	1	2	1
414	53	30	1	1	1	1	2	1
415	53	30	1	1	1	1	2	1
416	53	30	1	1	1	1	2	1
417	53	30	1	1	1	1	2	1
418	53	30	1	1	1	1	2	1
419	53	30	1	1	1	1	2	1
420	53	30	1	1	1	1	2	1
421	53	30	1	1	1	1	2	1
422	53	30	1	1	1	1	2	1
423	53	30	1	1	1	1	2	1
424	53	30	1	1	1	1	2	1
425	53	30	1	1	1	1	2	1
426	53	30	1	1	1	1	2	1
427	53	30	1	1	1	1	2	1
428	53	30	1	1	1	1	2	1
429	53	30	1	1	1	1	2	1
430	53	30	1	1	1	1	2	1
431	53	30	1	1	1	1	2	1
432	53	30	1	1	1	1	2	1
433	53	30	1	1	1	1	2	1
434	53	30	1	1	1	1	2	1
435	53	30	1	1	1	1	2	1
436	53	30	1	1	1	1	2	1
437	53	30	1	1	1	1	2	1
438	53	30	1	1	1	1	2	1
439	53	30	1	1	1	1	2	1
440	53	30	1	1	1	1	2	1
441	53	30	1	1	1	1	2	1
442	53	30	1	1	1	1	2	1
443	53	30	1	1	1	1	2	1
444	53	30	1	1	1	1	2	1
445	53	30	1	1	1	1	2	1
446	53	30	1	1	1	1	2	1
447	53	30	1	1	1	1	2	1
448	53	30	1	1	1	1	2	1
449	53	30	1	1	1	1	2	1
450	53	30	1	1	1	1	2	1
451	53	30	1	1	1	1	2	1
452	53	30	1	1	1	1	2	1
453	53	30	1	1	1	1	2	1
454	53	30	1	1	1	1	2	1
455	53	30	1	1	1	1	2	1
456	53	30	1	1	1	1	2	1
457	53	30	1	1	1	1	2	1
458	53	30	1	1	1	1	2	1
459	53	30	1	1	1	1	2	1
460	53	30	1	1	1	1	2	1
461	53	30	1	1	1	1	2	1
462	53	30	1	1	1	1	2	1
463	53	30	1	1	1	1	2	1
464	53	30	1	1	1	1	2	1
465	53	30	1	1	1	1	2	1
466	53	30	1	1	1	1	2	1
467	53	30	1	1	1	1	2	1
468	53	30	1	1	1	1	2	1
469	53	30	1	1	1	1	2	1
470	53	30	1	1	1	1	2	1
471	53	30	1	1	1	1	2	1
472	53	30	1	1	1	1	2	1
473	53	30	1	1	1	1	2	1
474	53	30	1	1	1	1	2	1
475	53	30	1	1	1	1	2	1
476	53	30	1	1	1	1	2	1
477	53	30	1	1	1	1	2	1
478	53	30	1	1	1	1	2	1
479	53	30	1	1	1	1	2	1
480	53	30	1	1	1	1	2	1
481	53	30	1	1	1	1	2	1
482	53	30	1	1	1	1	2	1
483	53	30	1	1	1	1	2	1
484	53	30	1	1	1	1	2	1
485	53	30	1	1	1	1	2	1
486	53	30	1	1	1	1	2	1
487	53	30	1	1	1	1	2	1
488	53	30	1	1	1	1	2	1
489	53	30	1	1	1	1	2	1
490	53	30	1	1	1	1	2	1
491	53	30	1	1	1	1	2	1
492	53	30	1	1	1	1	2	1
493	53	30	1	1	1	1	2	1
494	53	30	1	1	1	1	2	1
495	53	30	1	1	1	1	2	1
496	53	30	1	1	1	1	2	1
497	53	30	1	1	1	1	2	1
498	53	30	1	1	1	1	2	1
499	53	30	1	1	1	1	2	1
500	53	30	1	1	1	1	2	1
501	53	30	1	1	1	1	2	1
502	53	30	1	1	1	1	2	1
503	53	30	1	1	1	1	2	1
504	53	30	1	1	1	1	2	1
505	53	30	1	1	1	1	2	1
506	53	30	1	1	1	1	2	1
507	53	30	1	1	1	1	2	1
508	53	30	1	1	1	1	2	1
509	53	30	1	1	1	1	2	1
510	53	30	1	1	1	1	2	1
511	53	30	1	1	1	1	2	1
512	53	30	1	1	1	1	2	1
513	53	30	1	1	1	1	2	1
514	53	30	1	1	1	1	2	1
515	53	30	1	1	1	1	2	1
516	53	30	1	1	1	1	2	1
517	53	30	1	1	1	1	2	1
518	53	30	1	1	1	1	2	1
519	53	30	1	1	1	1	2	1
520	53	30	1	1	1	1	2	1
521	53	30	1	1	1	1	2	1
522	53	30	1	1	1	1	2	1
523	53	30	1	1	1	1	2	1
524	53	30	1	1	1	1	2	1
525	53	30	1	1	1	1	2	1
526	53	30	1	1	1	1	2	1
527	53	30	1	1	1	1	2	1
528	53	30	1	1	1	1	2	1
529	53	30	1	1	1	1	2	1
530	53	30	1	1	1	1	2	1
531	53	30	1	1	1	1	2	1
532	53	30	1	1	1	1	2	1
533	53	30	1	1	1	1	2	1
534	53	30	1	1	1	1	2	1
535	53	30	1	1	1	1	2	1
536	53	30	1	1	1	1	2	1
537	53	30	1	1	1	1	2	1
538	53	30	1	1	1	1	2	1
539	53	30	1	1	1	1	2	1
540	53	30	1	1	1	1	2	1
541	53	30	1	1	1	1	2	1
542	53	30	1	1	1	1	2	1
543	53	30	1	1	1	1	2	1
544	53	30	1	1	1	1	2	1
545	53	30	1	1	1	1	2	1
546	53	30	1	1	1	1	2	1
547	53	30	1	1	1	1	2	1
548	53	30	1	1	1	1	2	1
549	53	30	1	1	1	1	2	1
550	53	30	1	1	1	1	2	1
551	53	30	1	1	1	1	2	1
552	53	30	1	1	1	1	2	1
553	53	30	1	1	1	1	2	1
554	53	30	1	1	1	1	2	1
555	53	30	1	1	1	1	2	1
556	53	30	1	1	1	1	2	1
557	53	30	1	1	1	1	2	1
558	53	30	1	1	1	1	2	1
559	53	30	1	1	1	1	2	1
560	53	30	1	1	1	1	2	1
561	53	30	1	1	1	1	2	1
562	53	30	1	1	1	1	2	1
563	53	30	1	1	1	1	2	1
564	53	30	1	1	1	1	2	1
565	53	30	1	1	1	1	2	1
566	53	30	1	1	1	1	2	1
567	53	30	1	1	1	1	2	1
568	53	30	1	1	1	1	2	1
569	53	30	1	1	1	1	2	1
570	53	30	1	1	1	1	2	1
571	53	30	1	1	1	1	2	1
572	53	30	1	1	1	1	2	1
573	53	30	1	1	1	1	2	1
574	53	30	1	1	1	1	2	1
575	53	30	1	1	1	1	2	1
576	53	30	1	1	1	1	2	1
577	53	30	1	1	1	1	2	1
578	53	30	1	1	1	1	2	1
579	53	30	1	1	1	1	2	1
580	53	30	1	1	1	1	2	1
581	53	30	1	1	1	1	2	1
582	53	30	1	1	1	1	2	1
583	53	30	1	1	1	1	2	1
584	53	30	1	1	1	1	2	1
585	53	30	1	1	1	1	2	1
586	53	30	1	1	1	1	2	1
587	53	30	1	1	1	1	2	1
588	53	30	1	1	1	1	2	1
589	53	30	1	1	1	1	2	1
590	53	30	1	1	1	1	2	1
591	53	30	1	1	1	1	2	1
592	53	30	1	1	1	1	2	1
593	53	30	1	1	1	1	2	1
594	53	30	1	1	1	1	2	1
595	53	30	1	1	1	1	2	1
596	53	30	1	1	1	1	2	1
597	53	30	1	1	1	1	2	1
598	53	30	1	1	1	1	2	1
599	53	30	1	1	1	1	2	1
600	53	30	1	1	1	1	2	1
601	53	30	1	1	1	1	2	1
602	53	30	1	1	1	1	2	1
603	53	30	1	1	1	1	2	1
604	53	30	1	1	1	1	2	1
605	53	30	1	1	1	1	2	1
606	53	30	1	1	1	1	2	1
607	53	30	1	1	1	1	2	1
608	53	30	1	1	1	1	2	1
609	53	30	1	1	1	1	2	1
610	53	30	1	1	1	1	2	1
611	53	30	1	1	1	1	2	1
612	53	30	1	1	1	1	2	1
613	53	30	1	1	1	1	2	1
614	53	30	1	1	1	1	2	1
615	53	30	1	1	1	1	2	1
616	53	30	1	1	1	1	2	1
617	53	30	1	1	1	1	2	1
618	53	30	1	1	1	1	2	1
619	53	30	1	1	1	1	2	1
620	53	30	1	1	1	1	2	1
621	53	30	1	1	1	1	2	1
622	53	30	1	1	1	1	2	1
623	53	30	1	1	1	1	2	1
624	53	30	1	1	1	1	2	1
625	53	30	1	1	1	1	2	1
626	53	30	1	1	1	1	2	1
627	53	30	1	1	1	1	2	1
628	53	30	1	1	1	1	2	1
629	53	30	1	1	1	1	2	1
630	53	30	1	1	1	1	2	1
631	53	30	1	1	1	1	2	1
632	53	30	1	1	1	1	2	1
633	53	30	1	1	1	1	2	1
634	53	30	1	1	1	1	2	1
635	53	30	1	1	1	1	2	1
636	53	30	1	1	1	1	2	1
637	53	30	1	1	1	1	2	1
638	53	30	1	1	1	1	2	1
639	53	30	1	1	1	1	2	1
640	53	30	1	1	1	1	2	1
641	53	30	1	1	1	1	2	1
642	53	30	1	1	1	1	2	1
643	53	30	1	1	1	1	2	1
644	53	30	1	1	1	1	2	1
645	53	30	1	1	1	1	2	1
646	53	30	1	1	1	1	2	1
647	53	30	1	1	1	1	2	1
648	53	30	1	1	1	1	2	1
649	53	30	1	1	1	1	2	1
650	53	30	1	1	1	1	2	1
651	53	30	1	1	1	1	2	1
652	53	30	1	1	1	1	2	1
653	53	30	1	1	1	1	2	1
654	53	30	1	1	1	1	2	1
655	53	30	1	1	1	1	2	1
656	53	30	1	1	1	1	2	1
657	53	30	1	1	1	1	2	1
658	53	30	1	1	1	1	2	1
659	53	30	1	1	1	1	2	1
660	53	30	1	1	1	1	2	1
661	53	30	1	1	1	1	2	1
662	53	30	1	1	1	1	2	1
663	53	30	1	1	1	1	2	1
664	53	30	1	1	1	1	2	1
665	53	30	1	1	1	1	2	1
666	53	30	1	1	1	1	2	1
667	53	30	1	1	1	1	2	1
668	53	30	1	1	1	1	2	1
669	53	30	1	1	1	1	2	1
670	53	30	1	1	1	1	2	1
671	53	30	1	1	1	1	2	1
672	53	30	1	1	1	1	2	1
673	53	30	1	1	1	1	2	1
674	53	30	1	1	1	1	2	1
675	53	30	1	1	1	1	2	1
676	53	30	1	1	1	1	2	1
677	53	30	1	1	1	1	2	1
678	53	30	1	1	1	1	2	1
679	53	30	1	1	1	1	2	1
680	53	30	1	1	1	1	2	1
681	53	30	1	1	1	1	2	1
682	53	30	1	1	1	1	2	1
683	53	30	1	1	1	1	2	1
684	53	30	1	1	1	1	2	1
685	53	30	1	1	1	1	2	1
686	53	30	1	1	1	1	2	1
687	53	30	1	1	1	1	2	1
688	53	30	1	1	1	1	2	1
689	53	30	1	1	1	1	2	1
690	53	30	1	1	1	1	2	1
691	53	30	1	1	1	1	2	1
692	53	30	1	1	1	1	2	1
693	53	30	1	1	1	1	2	1
694	53	30	1	1	1	1	2	1
695	53	30	1	1	1	1	2	1
696	53	30	1	1	1	1	2	1
697	53	30	1	1	1	1	2	1
698	53	30	1	1	1	1	2	1
699	53	30	1	1	1	1	2	1
700	53	30	1	1	1	1	2	1
701	53	30	1	1	1	1	2	1
702	53	30	1	1	1	1	2	1
703	53	30	1	1	1	1	2	1
704	53	30	1	1	1	1	2	1
705	53	30	1	1	1	1	2	1
706	53	30	1	1	1	1	2	1
707	53	30	1	1	1	1	2	1
708	53	30	1	1	1	1	2	1
709	53	30	1	1	1	1	2	1
710	53	30	1	1	1	1	2	1
711	53	30	1	1	1	1	2	1
712	53	30	1	1	1	1	2	1
713	53	30	1	1	1	1	2	1
714	53	30	1	1	1	1	2	1
715	53	30	1	1	1	1	2	1
716	53	30	1	1	1	1	2	1
717	53	30	1	1	1	1	2	1
718	53	30	1	1	1	1	2	1
719	53	30	1	1	1	1	2	1
720	53	30	1	1	1	1	2	1
721	53	30	1	1	1	1	2	1
722	53	30	1	1	1	1	2	1
723	53	30	1	1	1	1	2	1
724	53	30	1	1	1	1	2	1
725	53	30	1	1	1	1	2	1
726	53	30	1	1	1	1	2	1
727	53	30	1	1	1	1	2	1
728	53	30	1	1	1	1	2	1
729	53	30	1	1	1	1	2	1
730	53	30	1	1	1	1	2	1
731	53	30	1	1	1	1	2	1
732	53	30	1	1	1	1	2	1
733	53	30	1	1	1	1	2	1
734	53	30	1	1	1	1	2	1
735	53	30	1	1	1	1	2	1
736	53	30	1	1	1	1	2	1
737	53	30	1	1	1	1	2	1
738	53	30	1	1	1	1	2	1
739	53	30	1	1	1	1	2	1
740	53	30	1	1	1	1	2	1
741	53	30	1	1	1	1	2	1
742	53	30	1	1	1	1	2	1
743	53	30	1	1	1	1	2	1
744	53	30	1	1	1	1	2	1
745	53	30	1	1	1	1	2	1
746	53	30	1	1	1	1	2	1
747	53	30	1	1	1	1	2	1
748	53	30	1	1	1	1	2	1
749	53	30	1	1	1	1	2	1
750	53	30	1	1	1	1	2	1
751	53	30	1	1	1	1	2	1
752	53	30	1	1	1	1	2	1
753	53	30	1	1	1	1	2	1
754	53	30	1	1	1	1	2	1
755	53	30	1	1	1	1	2	1
756	53	30	1	1	1	1	2	1
757	53	30	1	1	1	1	2	1
758	53	30	1	1	1	1	2	1
759	53	30	1	1	1	1	2	1
760	53	30	1	1	1	1	2	1
761	53	30	1	1	1	1	2	1
762	53	30	1	1	1	1	2	1
763	53	30	1	1	1	1	2	1
764	53	30	1	1	1	1	2	1
765	53	30	1	1	1	1	2	1
766	53	30	1	1	1	1	2	1
767	53	30	1	1	1	1	2	1
768	53	30	1	1	1	1	2	1
769	53	30	1	1	1	1	2	1
770	53	30	1	1	1	1	2	1
771	53	30	1	1	1	1	2	1
772	53	30	1	1	1	1	2	1
773	53	30	1	1	1	1	2	1
774	53	30	1	1	1	1	2	1
775	53	30	1	1	1	1	2	1
776	53	30	1	1	1	1	2	1
777	53	30	1	1	1	1	2	1
778	53	30	1	1	1	1	2	1
779	53	30	1	1	1	1	2	1
780	53	30	1	1	1	1	2	1
781	53	30	1	1	1	1	2	1
782	53	30	1	1	1	1	2	1
783	53	30	1	1	1	1	2	1
784	53	30	1	1	1	1	2	1
785	53	30	1	1	1	1	2	1
786	53	30	1	1	1	1	2	1
787	53	30	1	1	1	1	2	1
788	53	30	1	1	1	1	2	1
789	53	30	1	1	1	1	2	1
790	53	30	1	1	1	1	2	1
791	53	30	1	1	1	1	2	1
792	53	30	1	1	1	1	2	1
793	53	30	1	1	1	1	2	1
794	53	30	1	1	1	1	2	1
795	53	30	1	1	1	1	2	1
796	53	30	1	1	1	1	2	1
797	53	30	1	1	1	1	2	1
798	53	30	1	1	1	1	2	1
799	53	30	1	1	1	1	2	1
800	53	30	1	1	1	1	2	1
801	53	30	1	1	1	1	2	1
802	53	30	1	1	1	1	2	1
803	53	30	1	1	1	1	2	1
804	53	30	1	1	1	1	2	1
805	53	30	1	1	1	1	2	1
806	53	30	1	1	1	1	2	1
807	53	30	1	1	1	1	2	1
808	53	30	1	1	1	1	2	1
809	53	30	1	1	1	1	2	1
810	53	30	1	1	1	1	2	1
811	53	30	1	1	1	1	2	1
812	53	30	1	1	1	1	2	1
813	53	30	1	1	1	1	2	1
814	53	30	1	1	1	1	2	1
815	53	30	1	1	1	1	2	1
816	53	30	1	1	1	1	2	1
817	53	30	1	1	1	1	2	1
818	53	30	1	1	1	1	2	1
819	53	30	1	1	1	1	2	1
820	53	30	1	1	1	1	2	1
821	53	30	1	1	1	1	2	1
822	53	30	1	1	1	1	2	1
823	53	30	1	1	1	1	2	1
824	53	30	1	1	1	1	2	1
825	53	30	1	1	1	1	2	1
826	53	30	1	1	1	1	2	1
827	53	30	1	1	1	1	2	1
828	53	30	1	1	1	1	2	1
829	53	30	1	1	1	1	2	1
830	53	30	1	1	1	1	2	1
831	53	30	1	1	1	1	2	1
832	53	30	1	1	1	1	2	1
833	53	30	1	1	1	1	2	1
834	53	30	1	1	1	1	2	1
835	53	30	1	1	1	1	2	1
836	53	30	1	1	1	1	2	1
837	53	30	1	1	1	1	2	1
838	53	30	1	1	1	1	2	1
839	53	30	1	1	1	1	2	1
840	53	30	1	1	1	1	2	1
841	53	30	1	1	1	1	2	1
842	53	30	1	1	1	1	2	1
843	53	30	1	1	1	1	2	1
844	53	30	1	1	1	1	2	1
845	53	30	1	1	1	1	2	1
846	53	30	1	1	1	1	2	1
847	53	30	1	1	1	1	2	1
848	53	30	1	1	1	1	2	1
849	53	30	1	1	1	1	2	1
850	53	30	1	1	1	1	2	1
851	53	30	1	1	1	1	2	1
852	53	30	1	1	1	1	2	1
853	53	30	1	1	1	1	2	1
854	53	30	1	1	1	1	2	1
855	53	30	1	1	1	1	2	1
856	53	30	1	1	1	1	2	1
857	53	30	1	1	1	1	2	1
858	53	30	1	1	1	1	2	1
859	53	30	1	1	1	1	2	1
860	53	30	1	1	1	1	2	1
861	53	30	1	1	1	1	2	1
862	53	30	1	1	1	1	2	1
863	53	30	1	1	1	1	2	1
864	53	30	1	1	1	1	2	1
865	53	30	1	1	1	1	2	1
866	53	30	1	1	1	1	2	1
867	53	30	1	1	1	1	2	1
868	53	30	1	1	1	1	2	1
869	53	30	1	1	1	1	2	1
870	53	30	1	1	1	1	2	1
871	53	30	1	1	1	1	2	1
872	53	30	1	1	1	1	2	1
873	53	30	1	1	1	1	2	1
874	53	30	1	1	1	1	2	1
875	53	30	1	1	1	1	2	1
876	53	30	1	1	1	1	2	1
877	53	30	1	1	1	1	2	1
878	53	30	1	1	1	1	2	1
879	53	30	1	1	1	1	2	1
880	53	30	1	1	1	1	2	1
881	53	30	1	1	1	1	2	1
882	53	30	1	1	1	1	2	1
883	53	30	1	1	1	1	2	1
884	53	30	1	1	1	1	2	1
885	53	30	1	1	1	1	2	1
886	53	30	1	1	1	1	2	1
887	53	30	1	1	1	1	2	1
888	53	30	1	1	1	1	2	1
889	53	30	1	1	1	1	2	1
890	53	30	1	1	1	1	2	1
891	53	30	1	1	1	1	2	1
892	53	30	1	1	1	1	2	1
893	53	30	1	1	1	1	2	1
894	53	30	1	1	1	1	2	1
895	53	30	1	1	1	1	2	1
896	53	30	1	1	1	1	2	1
897	53	30	1	1	1	1	2	1
898	53	30	1	1	1	1	2	1
899	53	30	1	1	1	1	2	1
900	53	30	1	1	1	1	2	1
901	53	30	1	1	1	1	2	1
902	53	30	1	1	1	1	2	1
903	53	30	1	1	1	1	2	1
904	53	30	1	1	1	1	2	1
905	53	30	1	1	1	1	2	1
906	53	30	1	1	1	1	2	1
907	53	30	1	1	1	1	2	1
908	53	30	1	1	1	1	2	1
909	53	30	1	1	1	1	2	1
910	53	30	1	1	1	1	2	1
911	53	30	1	1	1	1	2	1
912	53	30	1	1	1	1	2	1
913	53	30	1	1	1	1	2	1
914	53	30	1	1	1	1	2	1
915	53	30	1	1	1	1	2	1
916	53	30	1	1	1	1	2	1
917	53	30	1	1	1	1	2	1
918	53	30	1	1	1	1	2	1
919	53	30	1	1	1	1	2	1
920	53	30	1	1	1	1	2	1
921	53	30	1	1	1	1	2	1
922	53	30	1	1	1	1	2	1
923	53	30	1	1	1	1	2	1
924	53	30	1	1	1	1	2	1
925	53	30	1	1	1	1	2	1
926	53	30	1	1	1	1	2	1
927	53	30	1	1	1	1	2	1
928	53	30	1	1	1	1	2	1
929	53	30	1	1	1	1	2	1
930	53	30	1	1	1	1	2	1
931	53	30	1	1	1	1	2	1
932	53	30	1	1	1	1	2	1
933	53	30	1	1	1	1	2	1
934	53	30	1	1	1	1	2	1
935	53	30	1	1	1	1	2	1
936	53	30	1	1	1	1	2	1
937	53	30	1	1	1	1	2	1
938	53	30	1	1	1	1	2	1
939	53	30	1	1	1	1	2	1
940	53	30	1	1	1	1	2	1
941	53	30	1	1	1	1	2	1
942	53	30	1	1	1	1	2	1
943	53	30	1	1	1	1	2	1
944	53	30	1	1	1	1	2	1
945	53	30	1	1	1	1	2	1
946	53	30	1	1	1	1	2	1
947	53	30	1	1	1	1	2	1
948	53	30	1	1	1	1	2	1
949	53	30	1	1	1	1	2	1
950	53	30	1	1	1	1	2	1
951	53	30	1	1	1	1	2	1
952	53	30	1	1	1	1	2	1
953	53	30	1	1	1	1	2	1
954	53	30	1	1	1	1	2	1
955	53	30	1	1	1	1	2	1
956	53	30	1	1	1	1	2	1
957	53	30	1	1	1	1	2	1
958	53	30	1	1	1	1	2	1
959	53	30	1	1	1	1	2	1
960	53	30	1	1	1	1	2	1
961	53	30	1	1	1	1	2	1
962	53	30	1	1	1	1	2	1
963	53	30	1	1	1	1	2	1
964	53	30	1	1	1	1	2	1
965	53	30	1	1	1	1	2	1
966	53	30	1	1	1	1	2	1
967	53	30	1	1	1	1	2	1
968	53	30	1	1	1	1	2	1
969	53	30	1	1	1	1	2	1
970	53	30	1	1	1	1	2	1
971	53	30	1	1	1	1	2	1
972	53	30	1	1	1	1	2	1
973	53	30	1	1	1	1	2	1
974	53	30	1	1	1	1	2	1
975	53	30	1	1	1	1	2	1
976	53	30	1	1	1	1	2	1
977	53	30	1	1	1	1	2	1
978	53	30	1	1	1	1	2	1
979	53	30	1	1	1	1	2	1
980	53	30	1	1	1	1	2	1
981	53	30	1	1	1	1	2	1
982	53	30	1	1	1	1	2	1
983	53	30	1	1	1	1	2	1
984	53	30	1	1	1	1	2	1
985	53	30	1	1	1	1	2	1
986	53	30	1	1	1	1	2	1
987	53	30	1	1	1	1	2	1
988	53	30	1	1	1	1	2	1
989	53	30	1	1	1	1	2	1
990	53	30	1	1	1	1	2	1
991	53	30	1	1	1	1	2	1
992	53	30	1	1	1	1	2	1
993	53	30	1	1	1	1	2	1
994	53	30	1	1	1	1	2	1
995	53	30	1	1	1	1	2	1
996	53	30	1	1	1	1	2	1
997	53	30	1	1	1	1	2	1
998	53	30	1	1	1	1	2	1
999	53	30	1	1	1	1	2	1
1000	53	30	1	1	1	1	2	1
1001	53	30	1	1	1	1	2	1
1002	53	30	1	1	1	1	2	1
1003	53	30	1	1	1	1	2	1
1004	53	30	1	1	1	1	2	1
1005	53	30	1	1	1	1	2	1
1006	53	30	1	1	1	1	2	1
1007	53	30	1	1	1	1	2	1
1008	53	30	1	1	1	1	2	1
1009	53	30	1	1	1	1	2	1
1010	53	30	1	1	1	1	2	1
1011	53	30	1	1	1	1	2	1
1012	53	30	1	1	1	1	2	1
1013	53	30	1	1	1	1	2	1
1014	53	30	1	1	1	1	2	1
1015	53	30	1	1	1	1	2	1
1016	53	30	1	1	1	1	2	1
1017	53	30	1	1	1	1	2	1
1018	53	30	1	1	1	1	2	1
1019	53	30	1	1	1	1	2	1
1020	53	30	1	1	1	1	2	1
1021	53	30	1	1	1	1	2	1
1022	53	30	1	1	1	1	2	1
1023	53	30	1	1	1	1	2	1
1024	53	30	1	1	1	1	2	1
1025	53	30	1	1	1	1	2	1
1026	53	30	1	1	1	1	2	1
1027	53	30	1	1	1	1	2	1
1028	53	30	1	1	1	1	2	1
1029	53	30	1	1	1	1	2	1
1030	53	30	1	1	1	1	2	1
1031	53	30	1	1	1	1	2	1
1032	53	30	1	1	1	1	2	1
1033	53	30	1	1	1	1	2	1
1034	53	30	1	1	1	1	2	1
1035	53	30	1	1	1	1	2	1
1036	53	30	1	1	1	1	2	1
1037	53	30	1	1	1	1	2	1
1038	53	30	1	1	1	1	2	1
1039	53	30	1	1	1	1	2	1
1040	53	30	1	1	1	1	2	1
1041	53	30	1	1	1	1	2	1
1042	53	30	1	1	1	1	2	1
1043	53	30	1	1	1	1	2	1
1044	53	30	1	1	1	1	2	1
1045	53	30	1	1	1	1	2	1
1046	53	30	1	1	1	1	2	1
1047	53	30	1	1	1	1	2	1
1048	53	30	1	1	1	1	2	1
1049	53	30	1	1	1	1	2	1
1050	53	30	1	1	1	1	2	1
1051	53	30	1	1	1	1	2	1
1052	53	30	1	1	1	1	2	1
1053	53	30	1	1	1	1	2	1
1054	53	30	1	1	1	1	2	1
1055	53	30	1	1	1	1	2	1
1056	53	30	1	1	1	1	2	1
1057	53	30	1	1	1	1	2	1
1058	53	30	1	1	1	1	2	1
1059	53	30	1	1	1	1	2	1
1060	53	30	1	1	1	1	2	1
1061	53	30	1	1	1	1	2	1
1062	53	30	1	1	1	1	2	1
1063	53	30	1	1	1	1	2	1
1064	53	30	1	1	1	1	2	1
1065	53	30	1	1	1	1	2	1
1066	53	30	1	1	1	1	2	1
1067	53	30	1	1	1	1	2	1
1068	53	30	1	1	1	1	2	1
1069	53	30	1	1	1	1	2	1
1070	53	30	1	1	1	1	2	1
1071	53	30	1	1	1	1	2	1
1072	53	30	1	1	1	1	2	1
1073	53	30	1	1	1	1	2	1
1074	53	30	1	1	1	1	2	1
1075	53	30	1	1	1	1	2	1
1076	53	30	1	1	1	1	2	1
1077	53	30	1	1	1	1	2	1
1078	53	30	1	1	1	1	2	1
1079	53	30	1	1	1	1	2	1
1080	53	30	1	1	1	1	2	1
1081	53	30	1	1	1	1	2	1
1082	53	30	1	1	1	1	2	1
1083	53	30	1	1	1	1	2	1
1084	53	30	1	1	1	1	2	1
1085	53	30	1	1	1	1	2	1
1086	53	30	1	1	1	1	2	1
1087	53	30	1	1	1	1	2	1
1088	53	30	1	1	1	1	2	1
1089	53	30	1	1	1	1	2	1
1090	53	30	1	1	1	1	2	1
1091	53	30	1	1	1	1	2	1
1092	53	30	1	1	1	1	2	1
1093	53	30	1	1	1	1	2	1
1094	53	30	1	1	1	1	2	1
1095	53	30	1	1	1	1	2	1
1096	53	30	1	1	1	1	2	1
1097	53	30	1	1	1	1	2	1
1098	53	30	1	1	1	1	2	1
1099	53	30	1	1	1	1	2	1
1100	53	30	1	1	1	1	2	1
1101	53	30	1	1	1	1	2	1
1102	53	30	1	1	1	1	2	1
1103	53	30	1	1	1	1	2	1
1104	53	30	1	1	1	1	2	1
1105	53	30	1	1	1	1	2	1
1106	53	30	1	1	1	1	2	1
1107	53	30	1	1	1	1	2	1
1108	53	30	1	1	1	1	2	1
1109	53	30	1	1	1	1	2	1
1110	53	30	1	1	1	1	2	1
1111	53	30	1	1	1	1	2	1
1112	53	30	1	1	1	1	2	1
1113	53	30	1	1	1	1	2	1
1114	53	30	1	1	1	1	2	1
1115	53	30	1	1	1	1	2	1
1116	53	30	1	1	1	1	2	1
1117	53	30	1	1	1	1	2	1
1118	53	30	1	1	1	1	2	1
1119	53	30	1	1	1	1	2	1
1120	53	30	1	1	1	1	2	1
1121	53	30	1	1	1	1	2	1
1122	53	30	1	1	1	1	2	1
1123	53	30	1	1	1	1	2	1
1124	53	30	1	1	1	1	2	1
1125	53	30	1	1	1	1	2	1
1126	53	30	1	1	1	1	2	1
1127	53	30	1	1	1	1	2	1
1128	53	30	1	1	1	1	2	1
1129	53	30	1	1	1	1	2	1
1130	53	30	1	1	1	1	2	1
1131	53	30	1	1	1	1	2	1
1132	53	30	1	1	1	1	2	1
1133	53	30	1	1	1	1	2	1
1134	53	30	1	1	1	1	2	1
1135	53	30	1	1	1	1	2	1
1136	53	30	1	1	1	1	2	1
1137	53	30	1	1	1	1	2	1
1138	53	30	1	1	1	1	2	1
1139	53	30	1	1	1	1	2	1
1140	53	30	1	1	1	1	2	1
1141	53	30	1	1	1	1	2	1
1142	53	30	1	1	1	1	2	1
1143	53	30	1	1	1	1	2	1
1144	53	30	1	1	1	1	2	1
1145	53	30	1	1	1	1	2	1
1146	53	30	1	1	1	1	2	1
1147	53	30	1	1	1	1	2	1
1148	53	30	1	1	1	1	2	1
1149	53	30	1	1	1	1	2	1
1150	53	30	1	1	1	1	2	1
1151	53	30	1	1	1	1	2	1
1152	53	30	1	1	1	1	2	1
1153	53	30	1	1	1	1	2	1
1154	53	30	1	1	1	1	2	1
1155	53	30	1	1	1	1	2	1
1156	53	30	1	1	1	1	2	1
1157	53	30	1	1	1	1	2	1
1158	53	30	1	1	1	1	2	1
1159	53	30	1	1	1	1	2	1
1160	53	30	1	1	1	1	2	1
1161	53	30	1	1	1	1	2	1
1162	53	30	1	1	1	1	2	1
1163	53	30	1	1	1	1	2	1
1164	53	30	1	1	1	1	2	1
1165	53	30	1	1	1	1	2	1
1166	53	30	1	1	1	1	2	1
1167	53	30	1	1	1	1	2	1
1168	53	30	1	1	1	1	2	1
1169	53	30	1	1	1	1	2	1
1170	53	30	1	1	1	1	2	1
1171	53	30	1	1	1	1	2	1
1172	53	30	1	1	1	1	2	1
1173	53	30	1	1	1	1	2	1
1174	53	30	1	1	1	1	2	1
1175	53	30	1	1	1	1	2	1
1176	53	30	1	1	1	1	2	1
1177	53	30	1	1	1	1	2	1
1178	53	30	1	1	1	1	2	1
1179	53	30	1	1	1	1	2	1
1180	53	30	1	1	1	1	2	1
1181	53	30	1	1	1	1	2	1
1182	53	30	1	1	1	1	2	1
1183	53	30	1	1	1	1	2	1
1184	53	30	1	1	1	1	2	1
1185	53	30	1	1	1	1	2	1
1186	53	30	1	1	1	1	2	1
1187	53	30	1	1	1	1	2	1
1188	53	30	1	1	1	1	2	1
1189	53	30	1	1	1	1	2	1
1190	53	30	1	1	1	1	2	1
1191	53	30	1	1	1	1	2	1
1192	53	30	1	1	1	1	2	1
1193	53	30	1	1	1	1	2	1
1194	53	30	1	1	1	1	2	1
1195	53	30	1	1	1	1	2	1
1196	53	30	1	1	1	1	2	1
1197	53	30	1	1	1	1	2	1
1198	53	30	1	1	1	1	2	1
1199	53	30	1	1	1	1	2	1
1200	53	30	1	1	1	1	2	1
1201	53	30	1	1	1	1	2	1
1202	53	30	1	1	1	1	2	1
1203	53	30	1	1	1	1	2	1
1204	53	30	1	1	1	1	2	1
1205	53	30	1	1	1	1	2	1
1206	53	30	1	1	1	1	2	1
1207	53	30	1	1	1	1	2	1
1208	53	30	1	1	1	1	2	1
1209	53	30	1	1	1	1	2	1
1210	53	30	1	1	1	1	2	1
1211	53	30	1	1	1	1	2	1
1212	53	30	1	1	1	1	2	1
1213	53	30	1	1	1	1	2	1
1214	53	30	1	1	1	1	2	1
1215	53	30	1	1	1	1	2	1
1216	53	30	1	1	1	1	2	1
1217	53	30	1	1	1	1	2	1
1218	53	30	1	1	1	1	2	1
1219	53	30	1	1	1	1	2	1
1220	53	30	1	1	1	1	2	1
1221	53	30	1	1	1	1	2	1
1222	53	30	1	1	1	1	2	1
1223	53	30	1	1	1	1	2	1
1224	53	30	1	1	1	1	2	1
1225	53	30	1	1	1	1	2	1
1226	53	30	1	1	1	1	2	1
1227	53	30	1	1	1	1	2	1
1228	53	30	1	1	1	1	2	1
1229	53	30	1	1	1	1	2	1
1230	53	30	1	1	1	1	2	1
1231	53	30	1	1	1	1	2	1
1232	53	30	1	1	1	1	2	1
1233	53	30	1	1	1	1	2	1
1234	53	30	1	1	1	1	2	1
1235	53	30	1	1	1	1	2	1
1236	53	30	1	1	1	1	2	1
1237	53	30	1	1	1	1	2	1
1238	53	30	1	1	1	1	2	1
1239	53	30	1	1	1	1	2	1
1240	53	30	1	1	1	1	2	1
1241	53	30	1	1	1	1	2	1
1242	53	30	1	1	1	1	2	1
1243	53	30	1	1	1	1	2	1
1244	53	30	1	1	1	1	2	1
1245	53	30	1	1	1	1	2	1
1246	53	30	1	1	1	1	2	1
1247	53	30	1	1	1	1	2	1
1248	53	30	1	1	1	1	2	1
1249	53	30	1	1	1	1	2	1
1250	53	30	1	1	1	1	2	1
1251	53	30	1	1	1	1	2	1
1252	53	30	1	1	1	1	2	1
1253	53	30	1	1	1	1	2	1
1254	53	30	1	1	1	1	2	1
1255	53	30	1	1	1	1	2	1
1256	53	30	1	1	1	1	2	1
1257	53	30	1	1	1	1	2	1
1258	53	30	1	1	1	1	2	1
1259	53	30	1	1	1	1	2	1
1260	53	30	1	1	1	1	2	1
1261	53	30	1	1	1	1	2	1
1262	53	30	1	1	1	1	2	1
1263	53	30	1	1	1	1	2	1
1264	53	30	1	1	1	1	2	1
1265	53	30	1	1	1	1	2	1
1266	53	30	1	1	1	1	2	1
1267	53	30	1	1	1	1	2	1
1268	53	30	1	1	1	1	2	1
1269	53	30	1	1	1	1	2	1
1270	53	30	1	1	1	1	2	1
1271	53	30	1	1	1	1	2	1
1272	53	30	1	1	1	1	2	1
1273	53	30	1	1	1	1	2	1
1274	53	30	1	1	1	1	2	1
1275	53	30	1	1	1	1	2	1
1276	53	30	1	1	1	1	2	1
1277	53	30	1	1	1	1	2	1
1278	53	30	1	1	1	1	2	1
1279	53	30	1	1	1	1	2	1
1280	53	30	1	1	1	1	2	1
1281	53	30	1	1	1	1	2	1
1282	53	30	1	1	1	1	2	1
1283	53	30	1	1	1	1	2	1
1284	53	30	1	1	1	1	2	1
1285	53	30	1	1	1	1	2	1
1286	53	30	1	1	1	1	2	1
1287	53	30	1	1	1	1	2	1
1288	53	30	1	1	1	1	2	1
1289	53	30	1	1	1	1	2	1
1290	53	30	1	1	1	1	2	1
1291	53	30	1	1	1	1	2	1
1292	53	30	1	1	1	1	2	1
1293	53	30	1	1	1	1	2	1
1294	53	30	1	1	1	1	2	1
1295	53	30	1	1	1	1	2	1
1296	53	30	1	1	1	1	2	1
1297	53	30	1	1	1	1	2	1
1298	53	30	1	1	1	1	2	1
1299	53	30	1	1	1	1	2	1
1300	53	30	1	1	1	1	2	1
1301	53	30	1	1	1	1	2	1
1302	53	30	1	1	1	1	2	1
1303	53	30	1	1	1	1	2	1
1304	53	30	1	1	1	1	2	1
1305	53	30	1	1	1	1	2	1
1306	53	30	1	1	1	1	2	1
1307	53	30	1	1	1	1	2	1
1308	53	30	1	1	1	1	2	1
1309	53	30	1	1	1	1	2	1
1310	53	30	1	1	1	1	2	1
1311	53	30	1	1	1	1	2	1
1312	53	30	1	1	1	1	2	1
1313	53	30	1	1	1	1	2	1
1314	53	30	1	1	1	1	2	1
1315	53	30	1	1	1	1	2	1
1316	53	30	1	1	1	1	2	1
1317	53	30	1	1	1	1	2	1
1318	53	30	1	1	1	1	2	1
1319	53	30	1	1	1	1	2	1
1320	53	30	1	1	1	1	2	1
1321	53	30	1	1	1	1	2	1
1322	53	30	1	1	1	1	2	1
1323	53	30	1	1	1	1	2	1
1324	53	30	1	1	1	1	2	1
1325	53	30	1	1	1	1	2	1
1326	53	30	1	1	1	1	2	1
1327	53	30	1	1	1	1	2	1
1328	53	30	1	1	1	1	2	1
1329	53	30	1	1	1	1	2	1
1330	53	30	1	1	1	1	2	1
1331	53	30	1	1	1	1	2	1
1332	53	30	1	1	1	1	2	1
1333	53	30	1	1	1	1	2	1
1334	53	30	1	1	1	1	2	1
1335	53	30	1	1	1	1	2	1
1336	53	30	1	1	1	1	2	1
1337	53	30	1	1	1	1	2	1
1338	53	30	1	1	1	1	2	1
1339	53	30	1	1	1	1	2	1
1340	53	30	1	1	1	1	2	1
1341	53	30	1	1	1	1	2	1
1342	53	30	1	1	1	1	2	1
1343	53	30	1	1	1	1	2	1
1344	53	30	1	1	1	1	2	1
1345	53	30	1	1	1	1	2	1
1346	53	30	1	1	1	1	2	1
1347	53	30	1	1	1	1	2	1
1348	53	30	1	1	1	1	2	1
1349	53	30	1	1	1	1	2	1
1350	53	30	1	1	1	1	2	1
1351	53	30	1	1	1	1	2	1
1352	53	30	1	1	1	1	2	1
1353	53	30	1	1	1	1	2	1
1354	53	30	1	1	1	1	2	1
1355	53	30	1	1	1	1	2	1
1356	53	30	1	1	1	1	2	1
1357	53	30	1	1	1	1	2	1
1358	53	30	1	1	1	1	2	1
1359	53	30	1	1	1	1	2	1
1360	53	30	1	1	1	1	2	1
1361	53	30	1	1	1	1	2	1
1362	53	30	1	1	1	1	2	1
1363	53	30	1	1	1	1	2	1
1364	53	30	1	1	1	1	2	1
1365	53	30	1	1	1	1	2	1
1366	53	30	1	1	1	1	2	1
1367	53	30	1	1	1	1	2	1
1368	53	30	1	1	1	1	2	1
1369	53	30	1	1	1	1	2	1
1370	53	30	1	1	1	1	2	1
1371	53	30	1	1	1	1	2	1
1372	53	30	1	1	1	1	2	1
1373	53	30	1	1	1	1	2	1
1374	53	30	1	1	1	1	2	1
1375	53	30	1	1	1	1	2	1
1376	53	30	1	1	1	1	2	1
1377	53	30	1	1	1	1	2	1
1378	53	30	1	1	1	1	2	1
1379	53	30	1	1	1	1	2	1
1380	53	30	1	1	1	1	2	1
1381	53	30	1	1	1	1	2	1
1382	53	30	1	1	1	1	2	1
1383	53	30	1	1	1	1	2	1
1384	53	30	1	1	1	1	2	1
1385	53	30	1	1	1	1	2	1
1386	53	30	1	1	1	1	2	1
1387	53	30	1	1	1	1	2	1
1388	53	30	1	1	1	1	2	1
1389	53	30	1	1	1	1	2	1
1390	53	30	1	1	1	1	2	1
1391	53	30	1	1	1	1	2	1
1392	53	30	1	1	1	1	2	1
1393	53	30	1	1	1	1	2	1
1394	53	30	1	1	1	1	2	1
1395	53	30	1	1	1	1	2	1
1396	53	30	1	1	1	1	2	1
1397	53	30	1	1	1	1	2	1
1398	53	30	1	1	1	1	2	1
1399	53	30	1	1	1	1	2	1
1400	53	30	1	1	1	1	2	1
1401	53	30	1	1	1	1	2	1
1402	53	30	1	1	1	1	2	1
1403	53	30	1	1	1	1	2	1
1404	53	30	1	1	1	1	2	1
1405	53	30	1	1	1	1	2	1
1406	53	30	1	1	1	1	2	1
1407	53	30	1	1	1	1	2	1
1408	53	30	1	1	1	1	2	1
1409	53	30	1	1	1	1	2	1
1410	53	30	1	1	1	1	2	1
1411	53	30	1	1	1	1	2	1
1412	53	30	1	1	1	1	2	1
1413	53	30	1	1	1	1	2	1
1414	53	30	1	1	1	1	2	1
1415	53	30	1	1	1	1	2	1
1416	53	30	1	1	1	1	2	1
1417	53	30	1	1	1	1	2	1
1418	53	30	1	1	1	1	2	1
1419	53	30	1	1	1	1	2	1
1420	53	30	1	1	1	1	2	1
1421	53	30	1	1	1	1	2	1
1422	53	30	1	1	1	1	2	1
1423	53	30	1	1	1	1	2	1
1424	53	30	1	1	1	1	2	1
1425	53	30	1	1	1	1	2	1
1426	53	30	1	1	1	1	2	1
1427	53	30	1	1	1	1	2	1
1428	53	30	1	1	1	1	2	1
1429	53	30	1	1	1	1	2	1
1430	53	30	1	1	1	1	2	1
1431	53	30	1	1	1	1	2	1
1432	53	30	1	1	1	1	2	1
1433	53	30	1	1	1	1	2	1
1434	53	30	1	1	1	1	2	1
1435	53	30	1	1	1	1	2	1
1436	53	30	1	1	1	1	2	1
1437	53	30	1	1	1	1	2	1
1438	53	30	1	1	1	1	2	1
1439	53	30	1	1	1	1	2	1
1440	53	30	1	1	1	1	2	1
1441	53	30	1	1	1	1	2	1
1442	53	30	1	1	1	1	2	1
1443	53	30	1	1	1	1	2	1
1444	53	30	1	1	1	1	2	1
1445	53	30	1	1	1	1	2	1
1446	53	30	1	1	1	1	2	1
1447	53	30	1	1	1	1	2	1
1448	53	30	1	1	1	1	2	1
1449	53	30	1	1	1	1	2	1
1450	53	30	1	1	1	1	2	1
1451	53	30	1	1	1	1	2	1
1452	53	30	1	1	1	1	2	1
1453	53	30	1	1	1	1	2	1
1454	53	30	1	1	1	1	2	1
1455	53	30	1	1	1	1	2	1
1456	53	30	1	1	1	1	2	1
1457	53	30	1	1	1	1	2	1
1458	53	30	1	1	1	1	2	1
1459	53	30	1	1	1	1	2	1
1460	53	30	1	1	1	1	2	1
1461	53	30	1	1	1	1	2	1
1462	53	30	1	1	1	1	2	1
1463	53	30	1	1	1	1	2	1
1464	53	30	1	1	1	1	2	1
1465	53	30	1	1	1	1	2	1
1466	53	30	1	1	1	1	2	1
1467	53	30	1	1	1	1	2	1
1468	53	30	1	1	1	1	2	1
1469	53	30	1	1	1	1	2	1
1470	53	30	1	1	1	1	2	1
1471	53	30	1	1	1	1	2	1
1472	53	30	1	1	1	1	2	1
1473	53	30	1	1	1	1	2	1
1474	53	30	1	1	1	1	2	1
1475	53	30	1	1	1	1	2	1
1476	53	30	1	1	1	1	2	1
1477	53	30	1	1	1	1	2	1
1478	53	30	1	1	1	1	2	1
1479	53	30	1	1	1	1	2	1
1480	53	30	1	1	1	1	2	1
1481	53	30	1	1	1	1	2	1
1482	53	30	1	1	1	1	2	1
1483	53	30	1	1	1	1	2	1
1484	53	30	1	1	1	1	2	1
1485	53	30	1	1	1	1	2	1
1486	53	30	1	1	1	1	2	1
1487	53	30	1	1	1	1	2	1
1488	53	30	1	1	1	1	2	1
1489	53	30	1	1	1	1	2	1
1490	53	30	1	1	1	1	2	1
1491	53	30	1	1	1	1	2	1
1492	53	30	1	1	1	1	2	1
1493	53	30	1	1	1	1	2	1
1494	53	30	1	1	1	1	2	1
1495	53	30	1	1	1	1	2	1
1496	53	30	1	1	1	1	2	1
1497	53	30	1	1	1	1	2	1
1498	53	30	1	1	1	1	2	1
1499	53	30	1	1	1	1	2	1
1500	53	30	1	1	1	1	2	1
1501	53	30	1	1	1	1	2	1
1502	53	30	1	1	1	1	2	1
1503	53	30	1	1	1	1	2	1
1504	53	30	1	1	1	1	2	1
1505	53	30	1	1	1	1	2	1
1506	53	30	1	1	1	1	2	1
1507	53	30	1	1	1	1	2	1
1508	53	30	1	1	1	1	2	1
1509	53	30	1	1	1	1	2	1
1510	53	30	1	1	1	1	2	1
1511	53	30	1	1	1	1	2	1
1512	53	30	1	1	1	1	2	1
1513	53	30	1	1	1	1	2	1
1514	53	30	1	1	1	1	2	1
1515	53	30	1	1	1	1	2	1
1516	53	30	1	1	1	1	2	1
1517	53	30	1	1	1	1	2	1
1518	53	30	1	1	1	1	2	1
1519	53	30	1	1	1	1	2	1
1520	53	30	1	1	1	1	2	1
1521	53	30	1	1	1	1	2	1
1522	53	30	1	1	1	1	2	1
1523	53	30	1	1	1	1	2	1
1524	53	30	1	1	1	1	2	1
1525	53	30	1	1	1	1	2	1
1526	53	30	1	1	1	1	2	1
1527	53	30	1	1	1	1	2	1
1528	53	30	1	1	1	1	2	1
1529	53	30	1	1	1	1	2	1
1530	53	30	1	1	1	1	2	1
1531	53	30	1	1	1	1	2	1
1532	53	30	1	1	1	1	2	1
1533	53	30	1	1	1	1	2	1
1534	53	30	1	1	1	1	2	1
1535	53	30	1	1	1	1	2	1
1536	53	30	1	1	1	1	2	1
1537	53	30	1	1	1	1	2	1
1538	53	30	1	1	1	1	2	1
1539	53	30	1	1	1	1	2	1
1540	53	30	1	1	1	1	2	1
1541	53	30	1	1	1	1	2	1
1542	53	30	1	1	1	1	2	1
1543	53	30	1	1	1	1	2	1
1544	53	30	1	1	1	1	2	1
1545	53	30	1	1	1	1	2	1
1546	53	30	1	1	1	1	2	1
1547	53	30	1	1	1	1	2	1
1548	53	30	1	1	1	1	2	1
1549	53	30	1	1	1	1	2	1
1550	53	30	1	1	1	1	2	1
1551	53	30	1	1	1	1	2	1
1552	53	30	1	1	1	1	2	1
1553	53	30	1	1	1	1	2	1
1554	53	30	1	1	1	1	2	1
1555	53	30	1	1	1	1	2	1
1556	53	30	1	1	1	1	2	1
1557	53	30	1	1	1	1	2	1
1558	53	30	1	1	1	1	2	1
1559	53	30	1	1	1	1	2	1
1560	53	30	1	1	1	1	2	1
1561	53	30	1	1	1	1	2	1
1562	53	30	1	1	1	1	2	1
1563	53	30	1	1	1	1	2	1
1564	53	30	1	1	1	1	2	1
1565	53	30	1	1	1	1	2	1
1566	53	30	1	1	1	1	2	1
1567	53	30	1	1	1	1	2	1
1568	53	30	1	1	1	1	2	1
1569	53	30	1	1	1	1	2	1
1570	53	30	1	1	1	1	2	1
1571	53	30	1	1	1	1	2	1
1572	53	30	1	1	1	1	2	1
1573	53	30	1	1	1	1	2	1
1574	53	30	1	1	1	1	2	1
1575	53	30	1	1	1	1	2	1
1576	53	30	1	1	1	1	2	1
1577	53	30	1	1	1	1	2	1
1578	53	30	1	1	1	1	2	1
1579	53	30	1	1	1	1	2	1
1580	53	30	1	1	1	1	2	1
1581	53	30	1	1	1	1	2	1
1582	53	30	1	1	1	1	2	1
1583	53	30	1	1	1	1	2	1
1584	53	30	1	1	1	1	2	1
1585	53	30	1	1	1	1	2	1
1586	53	30	1	1	1	1	2	1
1587	53	30	1	1	1	1	2	1
1588	53	30	1	1	1	1	2	1
1589	53	30	1	1	1	1	2	1
1590	53	30	1	1	1	1	2	1
1591	53	30	1	1	1	1	2	1
1592	53	30	1	1	1	1	2	1
1593	53	30	1	1	1	1	2	1
1594	53	30	1	1	1	1	2	1
1595	53	30	1	1	1	1	2	1
1596	53	30	1	1	1	1	2	1
1597	53	30	1	1	1	1	2	1
1598	53	30	1	1	1	1	2	1
1599	53	30	1	1	1	1	2	1
1600	53	30	1	1	1	1	2	1
1601	53	30	1	1	1	1	2	1
1602	53	30	1	1	1	1	2	1
1603	53	30	1	1	1	1	2	1
1604	53	30	1	1	1	1	2	1
1605	53	30	1	1	1	1	2	1
1606	53	30	1	1	1	1	2	1
1607	53	30	1	1	1	1	2	1
1608	53	30	1	1	1	1	2	1
1609	53	30	1	1	1	1	2	1
1610	53	30	1	1	1	1	2	1
1611	53	30	1	1	1	1	2	1
1612	53	30	1	1	1	1	2	1
1613	53	30	1	1	1	1	2	1
1614	53	30	1	1	1	1	2	1
1615	53	30	1	1	1	1	2	1
1616	53	30	1	1	1	1	2	1
1617	53	30	1	1	1	1	2	1
1618	53	30	1	1	1	1	2	1
1619	53	30	1	1	1	1	2	1
1620	53	30	1	1	1	1	2	1
1621	53	30	1	1	1	1	2	1
1622	53	30	1	1	1	1	2	1
1623	53	30	1	1	1	1	2	1
1624	53	30	1	1	1	1	2	1
1625	53	30	1	1	1	1	2	1
1626	53	30	1	1	1	1	2	1
1627	53	30	1	1	1	1	2	1
1628	53	30	1	1	1	1	2	1
1629	53	30	1	1	1	1	2	1
1630	53	30	1	1	1	1	2	1
1631	53	30	1	1	1	1	2	1
1632	53	30	1	1	1	1	2	1
1633	53	30	1	1	1	1	2	1
1634	53	30	1	1	1	1	2	1
1635	53	30	1	1	1	1	2	1
1636	53	30	1	1	1	1	2	1
1637	53	30	1	1	1	1	2	1
1638	53	30	1	1	1	1	2	1
1639	53	30	1	1	1	1	2	1
1640	53	30	1	1	1	1	2	1
1641	53	30	1	1	1	1	2	1
1642	53	30	1	1	1	1	2	1
1643	53	30	1	1	1	1	2	1
1644	53	30	1	1	1	1	2	1
1645	53	30	1	1	1	1	2	1
1646	53	30	1	1	1	1	2	1
1647	53	30	1	1	1	1	2	1
1648	53	30	1	1	1	1	2	1
1649	53	30	1	1	1	1	2	1
1650	53	30	1	1	1	1	2	1
1651	53	30	1	1	1	1	2	1
1652	53	30	1	1	1	1	2	1
1653	53	30	1	1	1	1	2	1
1654	53	30	1	1	1	1	2	1
1655	53	30	1	1	1	1	2	1
1656	53	30	1	1	1	1	2	1
1657	53	30	1	1	1	1	2	1
1658	53	30	1	1	1	1	2	1
1659	53	30	1	1	1	1	2	1
1660	53	30	1	1	1	1	2	1
1661	53	30	1	1	1	1	2	1
1662	53	30	1	1	1	1	2	1
1663	53	30	1	1	1	1	2	1
1664	53	30	1	1	1	1	2	1
1665	53	30	1	1	1	1	2	1
1666	53	30	1	1	1	1	2	1
1667	53	30	1	1	1	1	2	1
1668	53	30	1	1	1	1	2	1
1669	53	30	1	1	1	1	2	1
1670	53	30	1	1	1	1	2	1
1671	53	30	1	1	1	1	2	1
1672	53	30	1	1	1	1	2	1
1673	53	30	1	1	1	1	2	1
1674	53	30	1	1	1	1	2	1
1675	53	30	1	1	1	1	2	1
1676	53	30	1	1	1	1	2	1
1677	53	30	1	1	1	1	2	1
1678	53	30	1	1	1	1	2	1
1679	53	30	1	1	1	1	2	1
1680	53	30	1	1	1	1	2	1
1681	53	30	1	1	1	1	2	1
1682	53	30	1	1	1	1	2	1
1683	53	30	1	1	1	1	2	1
1684	53	30	1	1	1	1	2	1
1685	53	30	1	1	1	1	2	1
1686	53	30	1	1	1	1	2	1
1687	53	30	1	1	1	1	2	1
1688	53	30	1	1	1	1	2	1
1689	53	30	1	1	1	1	2	1
1690	53	30	1	1	1	1	2	1
1691	53	30	1	1	1	1	2	1
1692	53	30	1	1	1	1	2	1
1693	53	30	1	1	1	1	2	1
1694	53	30	1	1	1	1	2	1
1695	53	30	1	1	1	1	2	1
1696	53	30	1	1	1	1	2	1
1697	53	30	1	1	1	1	2	1
1698	53	30	1	1	1	1	2	1
1699	53	30	1	1	1	1	2	1
1700	53	30	1	1	1	1	2	1
1701	53	30	1	1	1	1	2	1
1702	53	30	1	1	1	1	2	1
1703	53	30	1	1	1	1	2	1
1704	53	30	1	1	1	1	2	1
1705	53	30	1	1	1	1	2	1
1706	53	30	1	1	1	1	2	1
1707	53	30	1	1	1	1	2	1
1708	53	30	1	1	1	1	2	1
1709	53	30	1	1	1	1	2	1
1710	53	30	1	1	1	1	2	1
1711	53	30	1	1	1	1	2	1
1712	53	30	1	1	1	1	2	1
1713	53	30	1	1	1	1	2	1
1714	53	30	1	1	1	1	2	1
1715	53	30	1	1	1	1	2	1
1716	53	30	1	1	1	1	2	1
1717	53	30	1	1	1	1	2	1
1718	53	30	1	1	1	1	2	1
1719	53	30	1	1	1	1	2	1
1720	53	30	1	1	1	1	2	1
1721	53	30	1	1	1	1	2	1
1722	53	30	1	1	1	1	2	1
1723	53	30	1	1	1	1	2	1
1724	53	30	1	1	1	1	2	1
1725	53	30	1	1	1	1	2	1
1726	53	30	1	1	1	1	2	1
1727	53	30	1	1	1	1	2	1
1728	53	30	1	1	1	1	2	1
1729	53	30	1	1	1	1	2	1
1730	53	30	1	1	1	1	2	1
1731	53	30	1	1	1	1	2	1
1732	53	30	1	1	1	1	2	1
1733	53	30	1	1	1	1	2	1
1734	53	30	1	1	1	1	2	1
1735	53	30	1	1	1	1	2	1
1736	53	30	1	1	1	1	2	1
1737	53	30	1	1	1	1	2	1
1738	53	30	1	1	1	1	2	1
1739	53	30	1	1	1	1	2	1
1740	53	30	1	1	1	1	2	1
1741	53	30	1	1	1	1	2	1
1742	53	30	1	1	1	1	2	1
1743	53	30	1	1	1	1	2	1
1744	53	30	1	1	1	1	2	1
1745	53	30	1	1	1	1	2	1
1746	53	30	1	1	1	1	2	1
1747	53	30	1	1	1	1	2	1
1748	53	30	1	1	1	1	2	1
1749	53	30	1	1	1	1	2	1
1750	53	30	1	1	1	1	2	1
1751	53	30	1	1	1	1	2	1
1752	53	30	1	1	1	1	2	1
1753	53	30	1	1	1	1	2	1
1754	53	30	1	1	1	1	2	1
1755	53	30	1	1	1	1	2	1
1756	53	30	1	1	1	1	2	1
1757	53	30	1	1	1	1	2	1
1758	53	30	1	1	1	1	2	1
1759	53	30	1	1	1	1	2	1
1760	53	30	1	1	1	1	2	1
1761	53	30	1	1	1	1	2	1
1762	53	30	1	1	1	1	2	1
1763	53	30	1	1	1	1	2	1
1764	53	30	1	1	1	1	2	1
1765	53	30	1	1	1	1	2	1
1766	53	30	1	1	1	1	2	1
1767	53	30	1	1	1	1	2	1
1768	53	30	1	1	1	1	2	1
1769	53	30	1	1	1	1	2	1
1770	53	30	1	1	1	1	2	1
1771	53	30	1	1	1	1	2	1
1772	53	30	1	1	1	1	2	1
1773	53	30	1	1	1	1	2	1
1774	53	30	1	1	1	1	2	1
1775	53	30	1	1	1	1	2	1
1776	53	30	1	1	1	1	2	1
1777	53	30	1	1	1	1	2	1
1778	53	30	1	1	1	1	2	1
1779	53	30	1	1	1	1	2	1
1780	53	30	1	1	1	1	2	1
1781	53	30	1	1	1	1	2	1
1782	53	30	1	1	1	1	2	1
1783	53	30	1	1	1	1	2	1
1784	53	30	1	1	1	1	2	1
1785	53	30	1	1	1	1	2	1
1786	53	30	1	1	1	1	2	1
1787	53	30	1	1	1	1	2	1
1788	53	30	1	1	1	1	2	1
1789	53	30	1	1	1	1	2	1
1790	53	30	1	1	1	1	2	1
1791	53	30	1	1	1	1	2	1
1792	53	30	1	1	1	1	2	1
1793	53	30	1	1	1	1	2	1
1794	53	30	1	1	1	1	2	1
1795	53	30	1	1	1	1	2	1
1796	53	30	1	1	1	1	2	1
1797	53	30	1	1	1	1	2	1
1798	53	30	1	1	1	1	2	1
1799	53	30	1	1	1	1	2	1
1800	53	30	1	1	1	1	2	1
1801	53	30	1	1	1	1	2	1
1802	53	30	1	1	1	1	2	1
1803	53	30	1	1	1	1	2	1
1804	53	30	1	1	1	1	2	1
1805	53	30	1	1	1	1	2	1
1806	53	30	1	1	1	1	2	1
1807	53	30	1	1	1	1	2	1
1808	53	30	1	1	1	1	2	1
1809	53	30	1	1	1	1	2	1
1810	53	30	1	1	1	1	2	1
1811	53	30	1	1	1	1	2	1
1812	53	30	1	1	1	1	2	1
1813	53	30	1	1	1	1	2	1
1814	53	30	1	1	1	1	2	1
1815	53	30	1	1	1	1	2	1
1816	53	30	1	1	1	1	2	1
1817	53	30	1	1	1	1	2	1
1818	53	30	1	1	1	1	2	1
1819	53	30	1	1	1	1	2	1
1820	53	30	1	1	1	1	2	1
1821	53	30	1	1	1	1	2	1
1822	53	30	1	1	1	1	2	1
1823	53	30	1	1	1	1	2	1
1824	53	30	1	1	1	1	2	1
1825	53	30	1	1	1	1	2	1
1826	53	30	1	1	1	1	2	1
1827	53	30	1	1	1	1	2	1
1828	53	30	1	1	1	1	2	1
1829	53	30	1	1	1	1	2	1
1830	53	30	1	1	1	1	2	1
1831	53	30	1	1	1	1	2	1
1832	53	30	1	1	1	1	2	1
1833	53	30	1	1	1	1	2	1
1834	53	30	1	1	1	1	2	1
1835	53	30	1	1	1	1	2	1
1836	53	30	1	1	1	1	2	1
1837	53	30	1	1	1	1	2	1
1838	53	30	1	1	1	1	2	1
1839	53	30	1	1	1	1	2	1
1840	53	30	1	1	1	1	2	1
1841	53	30	1	1	1	1	2	1
1842	53	30	1	1	1	1	2	1
1843	53	30	1	1	1	1	2	1
1844	53	30	1	1	1	1	2	1
1845	53	30	1	1	1	1	2	1
1846	53	30	1	1	1	1	2	1
1847	53	30	1	1	1	1	2	1
1848	53	30	1	1	1	1	2	1
1849	53	30	1	1	1	1	2	1
1850	53	30	1	1	1	1	2	1
1851	53	30	1	1	1	1	2	1
1852	53	30	1	1	1	1	2	1
1853	53	30	1	1	1	1	2	1
1854	53	30	1	1	1	1	2	1
1855	53	30	1	1	1	1	2	1
1856	53	30	1	1	1	1	2	1
1857	53	30	1	1	1	1	2	1
1858	53	30	1	1	1	1	2	1
1859	53	30	1	1	1	1	2	1
1860	53	30	1	1	1	1	2	1
1861	53	30	1	1	1	1	2	1
1862	53	30	1	1	1	1	2	1
1863	53	30	1	1	1	1	2	1
1864	53	30	1	1	1	1	2	1
1865	53	30	1	1	1	1	2	1
1866	53	30	1	1	1	1	2	1
1867	53	30	1	1	1	1	2	1
1868	53	30	1	1	1	1	2	1
1869	53	30	1	1	1	1	2	1
1870	53	30	1	1	1	1	2	1
1871	53	30	1	1	1	1	2	1
1872	53	30	1	1	1	1	2	1
1873	53	30	1	1	1	1	2	1
1874	53	30	1	1	1	1	2	1
1875	53	30	1	1	1	1	2	1
1876	53	30	1	1	1	1	2	1
1877	53	30	1	1	1	1	2	1
1878	53	30	1	1	1	1	2	1
1879	53	30	1	1	1	1	2	1
1880	53	30	1	1	1	1	2	1
1881	53	30	1	1	1	1	2	1
1882	53	30	1	1	1	1	2	1
1883	53	30	1	1	1	1	2	1
1884	53	30	1	1	1	1	2	1
1885	53	30	1	1	1	1	2	1
1886	53	30	1	1	1	1	2	1
1887	53	30	1	1	1	1	2	1
1888	53	30	1	1	1	1	2	1
1889	53	30	1	1	1	1	2	1
1890	53	30	1	1	1	1	2	1
1891	53	30	1	1	1	1	2	1
1892	53	30	1	1	1	1	2	1
1893	53	30	1	1	1	1	2	1
1894	53	30	1	1	1	1	2	1
1895	53	30	1	1	1	1	2	1
1896	53	30	1	1	1	1	2	1
1897	53	30	1	1	1	1	2	1
1898	53	30	1	1	1	1	2	1
1899	53	30	1	1	1	1	2	1
1900	53	30	1	1	1	1	2	1
1901	53	30	1	1	1	1	2	1
1902	53	30	1	1	1	1	2	1
1903	53	30	1	1	1	1	2	1
1904	53	30	1	1	1	1	2	1
1905	53	30	1	1	1	1	2	1
1906	53	30	1	1	1	1	2	1
1907	53	30	1	1	1	1	2	1
1908	53	30	1	1	1	1	2	1
1909	53	30	1	1	1	1	2	1
1910	53	30	1	1	1	1	2	1
1911	53	30	1	1	1	1	2	1
1912	53	30	1	1	1	1	2	1
1913	53	30	1	1	1	1	2	1
1914	53	30	1	1	1	1	2	1
1915	53	30	1	1	1	1	2	1
1916	53	30	1	1	1	1	2	1
1917	53	30	1	1	1	1	2	1
1918	53	30	1	1	1	1	2	1
1919	53	30	1	1	1	1	2	1
1920	53	30	1	1	1	1	2	1
1921	53	30	1	1	1	1	2	1
1922	53	30	1	1	1	1	2	1
1923	53	30	1	1	1	1	2	1
1924	53	30	1	1	1	1	2	1
1925	53	30	1	1	1	1	2	1
1926	53	30	1	1	1	1	2	1
1927	53	30	1	1	1	1	2	1
1928	53	30	1	1	1	1	2	1
1929	53	30	1	1	1	1	2	1
1930	53	30	1	1	1	1	2	1
1931	53	30	1	1	1	1	2	1
1932	53	30	1	1	1	1	2	1
1933	53	30	1	1	1	1	2	1
1934	53	30	1	1	1	1	2	1
1935	53	30	1	1	1	1	2	1
1936	53	30	1	1	1	1	2	1
1937	53	30	1	1	1	1	2	1
1938	53	30	1	1	1	1	2	1
1939	53	30	1	1	1	1	2	1
1940	53	30	1	1	1	1	2	1
1941	53	30	1	1	1	1	2	1
1942	53	30	1	1	1	1	2	1
1943	53	30	1	1	1	1	2	1
1944	53	30	1	1	1	1	2	1
1945	53	30	1	1	1	1	2	1
1946	53	30	1	1	1	1	2	1
1947	53	30	1	1	1	1	2	1
1948	53	30	1	1	1	1	2	1
1949	53	30	1	1	1	1	2	1
1950	53	30	1	1	1	1	2	1
1951	53	30	1	1	1	1	2	1
1952	53	30	1	1	1	1	2	1
1953	53	30	1	1	1	1	2	1
1954	53	30	1	1	1	1	2	1
1955	53	30	1	1	1	1	2	1
1956	53	30	1	1	1	1	2	1
1957	53	30	1	1	1	1	2	1
1958	53	30	1	1	1	1	2	1
1959	53	30	1	1	1	1	2	1
1960	53	30	1	1	1	1	2	1
1961	53	30	1	1	1	1	2	1
1962	53	30	1	1	1	1	2	1
1963	53	30	1	1	1	1	2	1
1964	53	30	1	1	1	1	2	1
1965	53	30	1	1	1	1	2	1
1966	53	30	1	1	1	1	2	1
1967	53	30	1	1	1	1	2	1
1968	53	30	1	1	1	1	2	1
1969	53	30	1	1	1	1	2	1
1970	53	30	1	1	1	1	2	1
1971	53	30	1	1	1	1	2	1
1972	53	30	1	1	1	1	2	1
1973	53	30	1	1	1	1	2	1
1974	53	30	1	1	1	1	2	1
1975	53	30	1	1	1	1	2	1
1976	53	30	1	1	1	1	2	1
1977	53	30	1	1	1	1	2	1
1978	53	30	1	1	1	1	2	1
1979	53	30	1	1	1	1	2	1
1980	53	30	1	1	1	1	2	1
1981	53	30	1	1	1	1	2	1
1982	53	30	1	1	1	1	2	1
1983	53	30	1	1	1	1	2	1
1984	53	30	1	1	1	1	2	1
1985	53	30	1	1	1	1	2	1
1986	53	30	1	1	1	1	2	1
1987	53	30	1	1	1	1	2	1
1988	53	30	1	1	1	1	2	1
1989	53	30	1	1	1	1	2	1
1990	53	30	1	1	1	1	2	1
1991	53	30	1	1	1	1	2	1
1992	53	30	1	1	1	1	2	1
1993	53	30	1	1	1	1	2	1
1994	53	30	1	1	1	1	2	1
1995	53	30	1	1	1	1	2	1
1996	53	30	1	1	1	1	2	1
1997	53	30	1	1	1	1	2	1
1998	53	30	1	1	1	1	2	1
1999	53	30	1	1	1	1	2	1
2000	53	30	1	1	1	1	2	1
2001	53	30	1	1	1	1	2	1
2002	53	30	1	1	1	1	2	1
2003	53	30	1	1	1	1	2	1
2004	53	30	1	1	1	1	2	1
2005	53	30	1	1	1	1	2	1
2006	53	30	1	1	1	1	2	1
2007	53	30	1	1	1	1	2	1
2008	53	30	1	1	1	1	2	1
2009	53	30	1	1	1	1	2	1
2010	53	30	1	1	1	1	2	1
2011	53	30	1	1	1	1	2	1
2012	53	30	1	1	1	1	2	1
2013	53	30	1	1	1	1	2	1
2014	53	30	1	1	1	1	2	1
2015	53	30	1	1	1	1	2	1
2016	53	30	1	1	1	1	2	1
2017	53	30	1	1	1	1	2	1
2018	53	30	1	1	1	1	2	1
2019	53	30	1	1	1	1	2	1
2020	53	30	1	1	1	1	2	1
2021	53	30	1	1	1	1	2	1
2022	53	30	1	1	1	1	2	1
2023	53	30	1	1	1	1	2	1
2024	53	30	1	1	1	1	2	1
2025	53	30	1	1	1	1	2	1
2026	53	30	1	1	1	1	2	1
2027	53	30	1	1	1	1	2	1
2028	53	30	1	1	1	1	2	1
2029	53	30	1	1	1	1	2	1
2030	53	30	1	1	1	1	2	1
2031	53	30	1	1	1	1	2	1
2032	53	30	1	1	1	1	2	1
2033	53	30	1	1	1	1	2	1
2034	53	30	1	1	1	1	2	1
2035	53	30	1	1	1	1	2	1
2036	53	30	1	1	1	1	2	1
2037	53	30	1	1	1	1	2	1
2038	53	30	1	1	1	1	2	1
2039	53	30	1	1	1	1	2	1
2040	53	30	1	1	1	1	2	1
2041	53	30	1	1	1	1	2	1
2042	53	30	1	1	1	1	2	1
2043	53	30	1	1	1	1	2	1
2044	53	30	1	1	1	1	2	1
2045	53	30	1	1	1	1	2	1
2046	53	30	1	1	1	1	2	1
2047	53	30	1	1	1	1	2	1
2048	53	30	1	1	1	1	2	1
2049	53	30	1	1	1	1	2	1
2050	53	30	1	1	1	1	2	1
2051	53	30	1	1	1	1	2	1
2052	53	30	1	1	1	1	2	1
2053	53	30	1	1	1	1	2	1
2054	53	30	1	1	1	1	2	1
2055	53	30	1	1	1	1	2	1
2056	53	30	1	1	1	1	2	1
2057	53	30	1	1	1	1	2	1
2058	53	30	1	1	1	1	2	1
2059	53	30	1	1	1	1	2	1
2060	53	30	1	1	1	1	2	1
2061	53	30	1	1	1	1	2	1
2062	53	30	1	1	1	1	2	1
2063	53	30	1	1	1	1	2	1
2064	53	30	1	1	1	1	2	1
2065	53	30	1	1	1	1	2	1
2066	53	30	1	1	1	1	2	1
2067	53	30	1	1	1	1	2	1
2068	53	30	1	1	1	1	2	1
2069	53	30	1	1	1	1	2	1
2070	53	30	1	1	1	1	2	1
2071	53	30	1	1	1	1	2	1
2072	53	30	1	1	1	1	2	1
2073	53	30	1	1	1	1	2	1
2074	53	30	1	1	1	1	2	1
2075	53	30	1	1	1	1	2	1
2076	53	30	1	1	1	1	2	1
2077	53	30	1	1	1	1	2	1
2078	53	30	1	1	1	1	2	1
2079	53	30	1	1	1	1	2	1
2080	53	30	1	1	1	1	2	1
2081	53	30	1	1	1	1	2	1
2082	53	30	1	1	1	1	2	1
2083	53	30	1	1	1	1	2	1
2084	53	30	1	1	1	1	2	1
2085	53	30	1	1	1	1	2	1
2086	53	30	1	1	1	1	2	1
2087	53	30	1	1	1	1	2	1
2088	53	30	1	1	1	1	2	1
2089	53	30	1	1	1	1	2	1
2090	53	30	1	1	1	1	2	1
2091	53	30	1	1	1	1	2	1
2092	53	30	1	1	1	1	2	1
2093	53	30	1	1	1	1	2	1
2094	53	30	1	1	1	1	2	1
2095	53	30	1	1	1	1	2	1
2096	53	30	1	1	1	1	2	1
2097	53	30	1	1	1	1	2	1
2098	53	30	1	1	1	1	2	1
2099	53	30	1	1	1	1	2	1
2100	53	30	1	1	1	1	2	1
2101	53	30	1	1	1	1	2	1
2102	53	30	1	1	1	1	2	1
2103	53	30	1	1	1	1	2	1
2104	53	30	1	1	1	1	2	1
2105	53	30	1	1	1	1	2	1
2106	53	30	1	1	1	1	2	1
2107	53	30	1	1	1	1	2	1
2108	53	30	1	1	1	1	2	1
2109	53	30	1	1	1	1	2	1
2110	53	30	1	1	1	1	2	1
2111	53	30	1	1	1	1	2	1
2112	53	30	1	1	1	1	2	1
2113	53	30	1	1	1	1	2	1
2114	53	30	1	1	1	1	2	1
2115	53	30	1	1	1	1	2	1
2116	53	30	1	1	1	1	2	1
2117	53	30	1	1	1	1	2	1
2118	53	30	1	1	1	1	2	1
2119	53	30	1	1	1	1	2	1
2120	53	30	1	1	1	1	2	1
2121	53	30	1	1	1	1	2	1
2122	53	30	1	1	1	1	2	1
2123	53	30	1	1	1	1	2	1
2124	53	30	1	1	1	1	2	1
2125	53	30	1	1	1	1	2	1
2126	53	30	1	1	1	1	2	1
2127	53	30	1	1	1	1	2	1
2128	53	30	1	1	1	1	2	1
2129	53	30	1	1	1	1	2	1
2130	53	30	1	1	1	1	2	1
2131	53	30	1	1	1	1	2	1
2132	53	30	1	1	1	1	2	1
2133	53	30	1	1	1	1	2	1
2134	53	30	1	1	1	1	2	1
2135	53	30	1	1	1	1	2	1
2136	53	30	1	1	1	1	2	1
2137	53	30	1	1	1	1	2	1
2138	53	30	1	1	1	1	2	1
2139	53	30	1	1	1	1	2	1
2140	53	30	1	1	1	1	2	1
2141	53	30	1	1	1	1	2	1
2142	53	30	1	1	1	1	2	1
2143	53	30	1	1	1	1	2	1
2144	53	30	1	1	1	1	2	1
2145	53	30	1	1	1	1	2	1
2146	53	30	1	1	1	1	2	1
2147	53	30	1	1	1	1	2	1
2148	53	30	1	1	1	1	2	1
2149	53	30	1	1	1	1	2	1
2150	53	30	1	1	1	1	2	1
2151	53	30	1	1	1	1	2	1
2152	53	30	1	1	1	1	2	1
2153	53	30	1	1	1	1	2	1
2154	53	30	1	1	1	1	2	1
2155	53	30	1	1	1	1	2	1
2156	53	30	1	1	1	1	2	1
2157	53	30	1	1	1	1	2	1
2158	53	30	1	1	1	1	2	1
2159	53	30	1	1	1	1	2	1
2160	53	30	1	1	1	1	2	1
2161	53	30	1	1	1	1	2	1
2162	53	30	1	1	1	1	2	1
2163	53	30	1	1	1	1	2	1
2164	53	30	1	1	1	1	2	1
2165	53	30	1	1	1	1	2	1
2166	53	30	1	1	1	1	2	1
2167	53	30	1	1	1	1	2	1
2168	53	30	1	1	1	1	2	1
2169	53	30	1	1	1	1	2	1
2170	53	30	1	1	1	1	2	1
2171	53	30	1	1	1	1	2	1
2172	53	30	1	1	1	1	2	1
2173	53	30	1	1	1	1	2	1
2174	53	30	1	1	1	1	2	1
2175	53	30	1	1	1	1	2	1
2176	53	30	1	1	1	1	2	1
2177	53	30	1	1	1	1	2	1
2178	53	30	1	1	1	1	2	1
2179	53	30	1	1	1	1	2	1
2180	53	30	1	1	1	1	2	1
2181	53	30	1	1	1	1	2	1
2182	53	30	1	1	1	1	2	1
2183	53	30	1	1	1	1	2	1
2184	53	30	1	1	1	1	2	1
2185	53	30	1	1	1	1	2	1
2186	53	30	1	1	1	1	2	1
2187	53	30	1	1	1	1	2	1
2188	53	30	1	1	1	1	2	1
2189	53	30	1	1	1	1	2	1
2190	53	30	1	1	1	1	2	1
2191	53	30	1	1	1	1	2	1
2192	53	30	1	1	1	1	2	1
2193	53	30	1	1	1	1	2	1
2194	53	30	1	1	1	1	2	1
2195	53	30	1	1	1	1	2	1
2196	53	30	1	1	1	1	2	1
2197	53	30	1	1	1	1	2	1
2198	53	30	1	1	1	1	2	1
2199	53	30	1	1	1	1	2	1
2200	53	30	1	1	1	1	2	1
2201	53	30	1	1	1	1	2	1
2202	53	30	1	1	1	1	2	1
2203	53	30	1	1	1	1	2	1
2204	53	30	1	1	1	1	2	1
2205	53	30	1	1	1	1	2	1
2206	53	30	1	1	1	1	2	1
2207	53	30	1	1	1	1	2	1
2208	53	30	1	1	1	1	2	1
2209	53	30	1	1	1	1	2	1
2210	53	30	1	1	1	1	2	1
2211	53	30	1	1	1	1	2	1
2212	53	30	1	1	1	1	2	1
2213	53	30	1	1	1	1	2	1
2214	53	30	1	1	1	1	2	1
2215	53	30	1	1	1	1	2	1
2216	53	30	1	1	1	1	2	1
2217	53	30	1	1	1	1	2	1
2218	53	30	1	1	1	1	2	1
2219	53	30	1	1	1	1	2	1
2220	53	30	1	1	1	1	2	1
2221	53	30	1	1	1	1	2	1
2222	53	30	1	1	1	1	2	1
2223	53	30	1	1	1	1	2	1
2224	53	30	1	1	1	1	2	1
2225	53	30	1	1	1	1	2	1
2226	53	30	1	1	1	1	2	1
2227	53	30	1	1	1	1	2	1
2228	53	30	1	1	1	1	2	1
2229	53	30	1	1	1	1	2	1
2230	53	30	1	1	1	1	2	1
2231	53	30	1	1	1	1	2	1
2232	53	30	1	1	1	1	2	1
2233	53	30	1	1	1	1	2	1
2234	53	30	1	1	1	1	2	1
2235	53	30	1	1	1	1	2	1
2236	53	30	1	1	1	1	2	1
2237	53	30	1	1	1	1	2	1
2238	53	30	1	1	1	1	2	1
2239	53	30	1	1	1	1	2	1
2240	53	30	1	1	1	1	2	1
2241	53	30	1	1	1	1	2	1
2242	53	30	1	1	1	1	2	1
2243	53	30	1	1	1	1	2	1
2244	53	30	1	1	1	1	2	1
2245	53	30	1	1	1	1	2	1
2246	53	30	1	1	1	1	2	1
2247	53	30	1	1	1	1	2	1
2248	53	30	1	1	1	1	2	1
2249	53	30	1	1	1	1	2	1
2250	53	30	1	1	1	1	2	1
2251	53	30	1	1	1	1	2	1
2252	53	30	1	1	1	1	2	1
2253	53	30	1	1	1	1	2	1
2254	53	30	1	1	1	1	2	1
2255	53	30	1	1	1	1	2	1
2256	53	30	1	1	1	1	2	1
2257	53	30	1	1	1	1	2	1
2258	53	30	1	1	1	1	2	1
2259	53	30	1	1	1	1	2	1
2260	53	30	1	1	1	1	2	1
2261	53	30	1	1	1	1	2	1
2262	53	30	1	1	1	1	2	1
2263	53	30	1	1	1	1	2	1
2264	53	30	1	1	1	1	2	1
2265	53	30	1	1	1	1	2	1
2266	53	30	1	1	1	1	2	1
2267	53	30	1	1	1	1	2	1
2268	53	30	1	1	1	1	2	1
2269	53	30	1	1	1	1	2	1
2270	53	30	1	1	1	1	2	1
2271	53	30	1	1	1	1	2	1
2272	53	30	1	1	1	1	2	1
2273	53	30	1	1	1	1	2	1
2274	53	30	1	1	1	1	2	1
2275	53	30	1	1	1	1	2	1
2276	53	30	1	1	1	1	2	1
2277	53	30	1	1	1	1	2	1
2278	53	30	1	1	1	1	2	1
2279	53	30	1	1	1	1	2	1
2280	53	30	1	1	1	1	2	1
2281	53	30	1	1	1	1	2	1
2282	53	30	1	1	1	1	2	1
2283	53	30	1	1	1	1	2	1
2284	53	30	1	1	1	1	2	1
2285	53	30	1	1	1	1	2	1
2286	53	30	1	1	1	1	2	1
2287	53	30	1	1	1	1	2	1
2288	53	30	1	1	1	1	2	1
2289	53	30	1	1	1	1	2	1
2290	53	30	1	1	1	1	2	1
2291	53	30	1	1	1	1	2	1
2292	53	30	1	1	1	1	2	1
2293	53	30	1	1	1	1	2	1
2294	53	30	1	1	1	1	2	1
2295	53	30	1	1	1	1	2	1
2296	53	30	1	1	1	1	2	1
2297	53	30	1	1	1	1	2	1
2298	53	30	1	1	1	1	2	1
2299	53	30	1	1	1	1	2	1
2300	53	30	1	1	1	1	2	1
2301	53	30	1	1	1	1	2	1
2302	53	30	1	1	1	1	2	1
2303	53	30	1	1	1	1	2	1
2304	53	30	1	1	1	1	2	1
2305	53	30	1	1	1	1	2	1
2306	53	30	1	1	1	1	2	1
2307	53	30	1	1	1	1	2	1
2308	53	30	1	1	1	1	2	1
2309	53	30	1	1	1	1	2	1
2310	53	30	1	1	1	1	2	1
2311	53	30	1	1	1	1	2	1
2312	53	30	1	1	1	1	2	1
2313	53	30	1	1	1	1	2	1
2314	53	30	1	1	1	1	2	1
2315	53	30	1	1	1	1	2	1
2316	53	30	1	1	1	1	2	1
2317	53	30	1	1	1	1	2	1
2318	53	30	1	1	1	1	2	1
2319	53	30	1	1	1	1	2	1
2320	53	30	1	1	1	1	2	1
2321	53	30	1	1	1	1	2	1
2322	53	30	1	1	1	1	2	1
2323	53	30	1	1	1	1	2	1
2324	53	30	1	1	1	1	2	1
2325	53	30	1	1	1	1	2	1
2326	53	30	1	1	1	1	2	1
2327	53	30	1	1	1	1	2	1
2328	53	30	1	1	1	1	2	1
2329	53	30	1	1	1	1	2	1
2330	53	30	1	1	1	1	2	1
2331	53	30	1	1	1	1	2	1
2332	53	30	1	1	1	1	2	1
2333	53	30	1	1	1	1	2	1
2334	53	30	1	1	1	1	2	1
2335	53	30	1	1	1	1	2	1
2336	53	30	1	1	1	1	2	1
2337	53	30	1	1	1	1	2	1
2338	53	30	1	1	1	1	2	1
2339	53	30	1	1	1	1	2	1
2340	53	30	1	1	1	1	2	1
2341	53	30	1	1	1	1	2	1
2342	53	30	1	1	1	1	2	1
2343	53	30	1	1	1	1	2	1
2344	53	30	1	1	1	1	2	1
2345	53	30	1	1	1	1	2	1
2346	53	30	1	1	1	1	2	1
2347	53	30	1	1	1	1	2	1
2348	53	30	1	1	1	1	2	1
2349	53	30	1	1	1	1	2	1
2350	53	30	1	1	1	1	2	1
2351	53	30	1	1	1	1	2	1
2352	53	30	1	1	1	1	2	1
2353	53	30	1	1	1	1	2	1
2354	53	30	1	1	1	1	2	1
2355	53	30	1	1	1	1	2	1
2356	53	30	1	1	1	1	2	1
2357	53	30	1	1	1	1	2	1
2358	53	30	1	1	1	1	2	1
2359	53	30	1	1	1	1	2	1
2360	53	30	1	1	1	1	2	1
2361	53	30	1	1	1	1	2	1
2362	53	30	1	1	1	1	2	1
2363	53	30	1	1	1	1	2	1
2364	53	30	1	1	1	1	2	1
2365	53	30	1	1	1	1	2	1
2366	53	30	1	1	1	1	2	1
2367	53	30	1	1	1	1	2	1
2368	53	30	1	1	1	1	2	1
2369	53	30	1	1	1	1	2	1
2370	53	30	1	1	1	1	2	1
2371	53	30	1	1	1	1	2	1
2372	53	30	1	1	1	1	2	1
2373	53	30	1	1	1	1	2	1
2374	53	30	1	1	1	1	2	1
2375	53	30	1	1	1	1	2	1
2376	53	30	1	1	1	1	2	1
2377	53	30	1	1	1	1	2	1
2378	53	30	1	1	1	1	2	1
2379	53	30	1	1	1	1	2	1
2380	53	30	1	1	1	1	2	1
2381	53	30	1	1	1	1	2	1
2382	53	30	1	1	1	1	2	1
2383	53	30	1	1	1	1	2	1
2384	53	30	1	1	1	1	2	1
2385	53	30	1	1	1	1	2	1
2386	53	30	1	1	1	1	2	1
2387	53	30	1	1	1	1	2	1
2388	53	30	1	1	1	1	2	1
2389	53	30	1	1	1	1	2	1
2390	53	30	1	1	1	1	2	1
2391	53	30	1	1	1	1	2	1
2392	53	30	1	1	1	1	2	1
2393	53	30	1	1	1	1	2	1
2394	53	30	1	1	1	1	2	1
2395	53	30	1	1	1	1	2	1
2396	53	30	1	1	1	1	2	1
2397	53	30	1	1	1	1	2	1
2398	53	30	1	1	1	1	2	1
2399	53	30	1	1	1	1	2	1
2400	53	30	1	1	1	1	2	1
2401	53	30	1	1	1	1	2	1
2402	53	30	1	1	1	1	2	1
2403	53	30	1	1	1	1	2	1
2404	53	30	1	1	1	1	2	1
2405	53	30	1	1	1	1	2	1
2406	53	30	1	1	1	1	2	1
2407	53	30	1	1	1	1	2	1
2408	53	30	1	1	1	1	2	1
2409	53	30	1	1	1	1	2	1
2410	53	30	1	1	1	1	2	1
2411	53	30	1	1	1	1	2	1
2412	53	30	1	1	1	1	2	1
2413	53	30	1	1	1	1	2	1
2414	53	30	1	1	1	1	2	1
2415	53	30	1	1	1	1	2	1
2416	53	30	1	1	1	1	2	1
2417	53	30	1	1	1	1	2	1
2418	53	30	1	1	1	1	2	1
2419	53	30	1	1	1	1	2	1
2420	53	30	1	1	1	1	2	1
2421	53	30	1	1	1	1	2	1
2422	53	30	1	1	1	1	2	1
2423	53	30	1	1	1	1	2	1
2424	53	30	1	1	1	1	2	1
2425	53	30	1	1	1	1	2	1
2426	53	30	1	1	1	1	2	1
2427	53	30	1	1	1	1	2	1
2428	53	30	1	1	1	1	2	1
2429	53	30	1	1	1	1	2	1
2430	53	30	1	1	1	1	2	1
2431	53	30	1	1	1	1	2	1
2432	53	30	1	1	1	1	2	1
2433	53	30	1	1	1	1	2	1
2434	53	30	1	1	1	1	2	1
2435	53	30	1	1	1	1	2	1
2436	53	30	1	1	1	1	2	1
2437	53	30	1	1	1	1	2	1
2438	53	30	1	1	1	1	2	1
2439	53	30	1	1	1	1	2	1
2440	53	30	1	1	1	1	2	1
2441	53	30	1	1	1	1	2	1
2442	53	30	1	1	1	1	2	1
2443	53	30	1	1	1	1	2	1
2444	53	30	1	1	1	1	2	1
2445	53	30	1	1	1	1	2	1
2446	53	30	1	1	1	1	2	1
2447	53	30	1	1	1	1	2	1
2448	53	30	1	1	1	1	2	1
2449	53	30	1	1	1	1	2	1
2450	53	30	1	1	1	1	2	1
2451	53	30	1	1	1	1	2	1
2452	53	30	1	1	1	1	2	1
2453	53	30	1	1	1	1	2	1
2454	53	30	1	1	1	1	2	1
2455	53	30	1	1	1	1	2	1
2456	53	30	1	1	1	1	2	1
2457	53	30	1	1	1	1	2	1
2458	53	30	1	1	1	1	2	1
2459	53	30	1	1	1	1	2	1
2460	53	30	1	1	1	1	2	1
2461	53	30	1	1	1	1	2	1
2462	53	30	1	1	1	1	2	1
2463	53	30	1	1	1	1	2	1
2464	53	30	1	1	1	1	2	1
2465	53	30	1	1	1	1	2	1
2466	53	30	1	1	1	1	2	1
2467	53	30	1	1	1	1	2	1
2468	53	30	1	1	1	1	2	1
2469	53	30	1	1	1	1	2	1
2470	53	30	1	1	1	1	2	1
2471	53	30	1	1	1	1	2	1
2472	53	30	1	1	1	1	2	1
2473	53	30	1	1	1	1	2	1
2474	53	30	1	1	1	1	2	1
2475	53	30	1	1	1	1	2	1
2476	53	30	1	1	1	1	2	1
2477	53	30	1	1	1	1	2	1
2478	53	30	1	1	1	1	2	1
2479	53	30	1	1	1	1	2	1
2480	53	30	1	1	1	1	2	1
2481	53	30	1	1	1	1	2	1
2482	53	30	1	1	1	1	2	1
2483	53	30	1	1	1	1	2	1
2484	53	30	1	1	1	1	2	1
2485	53	30	1	1	1	1	2	1
2486	53	30	1	1	1	1	2	1
2487	53	30	1	1	1	1	2	1
2488	53	30	1	1	1	1	2	1
2489	53	30	1	1	1	1	2	1
2490	53	30	1	1	1	1	2	1
2491	53	30	1	1	1	1	2	1
2492	53	30	1	1	1	1	2	1
2493	53	30	1	1	1	1	2	1
2494	53	30	1	1	1	1	2	1
2495	53	30	1	1	1	1	2	1
2496	53	30	1	1	1	1	2	1
2497	53	30	1	1	1	1	2	1
2498	53	30	1	1	1	1	2	1
2499	53	30	1	1	1	1	2	1
2500	53	30	1	1	1	1	2	1
2501	53	30	1	1	1	1	2	1
2502	53	30	1	1	1	1	2	1
2503	53	30	1	1	1	1	2	1
2504	53	30	1	1	1	1	2	1
2505	53	30	1	1	1	1	2	1
2506	53	30	1	1	1	1	2	1
2507	53	30	1	1	1	1	2	1
2508	53	30	1	1	1	1	2	1
2509	53	30	1	1	1	1	2	1
2510	53	30	1	1	1	1	2	1
2511	53	30	1	1	1	1	2	1
2512	53	30	1	1	1	1	2	1
2513	53	30	1	1	1	1	2	1
2514	53	30	1	1	1	1	2	1
2515	53	30	1	1	1	1	2	1
2516	53	30	1	1	1	1	2	1
2517	53	30	1	1	1	1	2	1
2518	53	30	1	1	1	1	2	1
2519	53	30	1	1	1	1	2	1
2520	53	30	1	1	1	1	2	1
2521	53	30	1	1	1	1	2	1
2522	53	30	1	1	1	1	2	1
2523	53	30	1	1	1	1	2	1
2524	53	30	1	1	1	1	2	1
2525	53	30	1	1	1	1	2	1
2526	53	30	1	1	1	1	2	1
2527	53	30	1	1	1	1	2	1
2528	53	30	1	1	1	1	2	1
2529	53	30	1	1	1	1	2	1
2530	53	30	1	1	1	1	2	1
2531	53	30	1	1	1	1	2	1
2532	53	30	1	1	1	1	2	1
2533	53	30	1	1	1	1	2	1
2534	53	30	1	1	1	1	2	1
2535	53	30	1	1	1	1	2	1
2536	53	30	1	1	1	1	2	1
2537	53	30	1	1	1	1	2	1
2538	53	30	1	1	1	1	2	1
2539	53	30	1	1	1	1	2	1
2540	53	30	1	1	1	1	2	1
2541	53	30	1	1	1	1	2	1
2542	53	30	1	1	1	1	2	1
2543	53	30	1	1	1	1	2	1
2544	53	30	1	1	1	1	2	1
2545	53	30	1	1	1	1	2	1
2546	53	30	1	1	1	1	2	1
2547	53	30	1	1	1	1	2	1
2548	53	30	1	1	1	1	2	1
2549	53	30	1	1	1	1	2	1
2550	53	30	1	1	1	1	2	1
2551	53	30	1	1	1	1	2	1
2552	53	30	1	1	1	1	2	1
2553	53	30	1	1	1	1	2	1
2554	53	30	1	1	1	1	2	1
2555	53	30	1	1	1	1	2	1
2556	53	30	1	1	1	1	2	1
2557	53	30	1	1	1	1	2	1
2558	53	30	1	1	1	1	2	1
2559	53	30	1	1	1	1	2	1
2560	53	30	1	1	1	1	2	1
2561	53	30	1	1	1	1	2	1
2562	53	30	1	1	1	1	2	1
2563	53	30	1	1	1	1	2	1
2564	53	30	1	1	1	1	2	1
2565	53	30	1	1	1	1	2	1
2566	53	30	1	1	1	1	2	1
2567	53	30	1	1	1	1	2	1
2568	53	30	1	1	1	1	2	1
2569	53	30	1	1	1	1	2	1
2570	53	30	1	1	1	1	2	1
2571	53	30	1	1	1	1	2	1
2572	53	30	1	1	1	1	2	1
2573	53	30	1	1	1	1	2	1
2574	53	30	1	1	1	1	2	1
2575	53	30	1	1	1	1	2	1
2576	53	30	1	1	1	1	2	1
2577	53	30	1	1	1	1	2	1
2578	53	30	1	1	1	1	2	1
2579	53	30	1	1	1	1	2	1
2580	53	30	1	1	1	1	2	1
2581	53	30	1	1	1	1	2	1
2582	53	30	1	1	1	1	2	1
2583	53	30	1	1	1	1	2	1
2584	53	30	1	1	1	1	2	1
2585	53	30	1	1	1	1	2	1
2586	53	30	1	1	1	1	2	1
2587	53	30	1	1	1	1	2	1
2588	53	30	1	1	1	1	2	1
2589	53	30	1	1	1	1	2	1
2590	53	30	1	1	1	1	2	1
2591	53	30	1	1	1	1	2	1
2592	53	30	1	1	1	1	2	1
2593	53	30	1	1	1	1	2	1
2594	53	30	1	1	1	1	2	1
2595	53	30	1	1	1	1	2	1
2596	53	30	1	1	1	1	2	1
2597	53	30	1	1	1	1	2	1
2598	53	30	1	1	1	1	2	1
2599	53	30	1	1	1	1	2	1
2600	53	30	1	1	1	1	2	1
2601	53	30	1	1	1	1	2	1
2602	53	30	1	1	1	1	2	1
2603	53	30	1	1	1	1	2	1
2604	53	30	1	1	1	1	2	1
2605	53	30	1	1	1	1	2	1
2606	53	30	1	1	1	1	2	1
2607	53	30	1	1	1	1	2	1
2608	53	30	1	1	1	1	2	1
2609	53	30	1	1	1	1	2	1
2610	53	30	1	1	1	1	2	1
2611	53	30	1	1	1	1	2	1
2612	53	30	1	1	1	1	2	1
2613	53	30	1	1	1	1	2	1
2614	53	30	1	1	1	1	2	1
2615	53	30	1	1	1	1	2	1
2616	53	30	1	1	1	1	2	1
2617	53	30	1	1	1	1	2	1
2618	53	30	1	1	1	1	2	1
2619	53	30	1	1	1	1	2	1
2620	53	30	1	1	1	1	2	1
2621	53	30	1	1	1	1	2	1
2622	53	30	1	1	1	1	2	1
2623	53	30	1	1	1	1	2	1
2624	53	30	1	1	1	1	2	1
2625	53	30	1	1	1	1	2	1
2626	53	30	1	1	1	1	2	1
2627	53	30	1	1	1	1	2	1
2628	53	30	1	1	1	1	2	1
2629	53	30	1	1	1	1	2	1
2630	53	30	1	1	1	1	2	1
2631	53	30	1	1	1	1	2	1
2632	53	30	1	1	1	1	2	1
2633	53	30	1	1	1	1	2	1
2634	53	30	1	1	1	1	2	1
2635	53	30	1	1	1	1	2	1
2636	53	30	1	1	1	1	2	1
2637	53	30	1	1	1	1	2	1
2638	53	30	1	1	1	1	2	1
2639	53	30	1	1	1	1	2	1
2640	53	30	1	1	1	1	2	1
2641	53	30	1	1	1	1	2	1
2642	53	30	1	1	1	1	2	1
2643	53	30	1	1	1	1	2	1
2644	53	30	1	1	1	1	2	1
2645	53	30	1	1	1	1	2	1
2646	53	30	1	1	1	1	2	1
2647	53	30	1	1	1	1	2	1
2648	53	30	1	1	1	1	2	1
2649	53	30	1	1	1	1	2	1
2650	53	30	1	1	1	1	2	1
2651	53	30	1	1	1	1	2	1
2652	53	30	1	1	1	1	2	1
2653	53	30	1	1	1	1	2	1
2654	53	30	1	1	1	1	2	1
2655	53	30	1	1	1	1	2	1
2656	53	30	1	1	1	1	2	1
2657	53	30	1	1	1	1	2	1
2658	53	30	1	1	1	1	2	1
2659	53	30	1	1	1	1	2	1
2660	53	30	1	1	1	1	2	1
2661	53	30	1	1	1	1	2	1
2662	53	30	1	1	1	1	2	1
2663	53	30	1	1	1	1	2	1
2664	53	30	1	1	1	1	2	1
2665	53	30	1	1	1	1	2	1
2666	53	30	1	1	1	1	2	1
2667	53	30	1	1	1	1	2	1
2668	53	30	1	1	1	1	2	1
2669	53	30	1	1	1	1	2	1
2670	53	30	1	1	1	1	2	1
2671	53	30	1	1	1	1	2	1
2672	53	30	1	1	1	1	2	1
2673	53	30	1	1	1	1	2	1
2674	53	30	1	1	1	1	2	1
2675	53	30	1	1	1	1	2	1
2676	53	30	1	1	1	1	2	1
2677	53	30	1	1	1	1	2	1
2678	53	30	1	1	1	1	2	1
2679	53	30	1	1	1	1	2	1
2680	53	30	1	1	1	1	2	1
2681	53	30	1	1	1	1	2	1
2682	53	30	1	1	1	1	2	1
2683	53	30	1	1	1	1	2	1
2684	53	30	1	1	1	1	2	1
2685	53	30	1	1	1	1	2	1
2686	53	30	1	1	1	1	2	1
2687	53	30	1	1	1	1	2	1
2688	53	30	1	1	1	1	2	1
2689	53	30	1	1	1	1	2	1
2690	53	30	1	1	1	1	2	1
2691	53	30	1	1	1	1	2	1
2692	53	30	1	1	1	1	2	1
2693	53	30	1	1	1	1	2	1
2694	53	30	1	1	1	1	2	1
2695	53	30	1	1	1	1	2	1
2696	53	30	1	1	1	1	2	1
2697	53	30	1	1	1	1	2	1
2698	53	30	1	1	1	1	2	1
2699	53	30	1	1	1	1	2	1
2700	53	30	1	1	1	1	2	1
2701	53	30	1	1	1	1	2	1
2702	53	30	1	1	1	1	2	1
2703	53	30	1	1	1	1	2	1
2704	53	30	1	1	1	1	2	1
2705	53	30	1	1	1	1	2	1
2706	53	30	1	1	1	1	2	1
2707	53	30	1	1	1	1	2	1
2708	53	30	1	1	1	1	2	1
2709	53	30	1	1	1	1	2	1
2710	53	30	1	1	1	1	2	1
2711	53	30	1	1	1	1	2	1
2712	53	30	1	1	1	1	2	1
2713	53	30	1	1	1	1	2	1
2714	53	30	1	1	1	1	2	1
2715	53	30	1	1	1	1	2	1
2716	53	30	1	1	1	1	2	1
2717	53	30	1	1	1	1	2	1
2718	53	30	1	1	1	1	2	1
2719	53	30	1	1	1	1	2	1
2720	53	30	1	1	1	1	2	1
2721	53	30	1	1	1	1	2	1
2722	53	30	1	1	1	1	2	1
2723	53	30	1	1	1	1	2	1
2724	53	30	1	1	1	1	2	1
2725	53	30	1	1	1	1	2	1
2726	53	30	1	1	1	1	2	1
2727	53	30	1	1	1	1	2	1
2728	53	30	1	1	1	1	2	1
2729	53	30	1	1	1	1	2	1
2730	53	30	1	1	1	1	2	1
2731	53	30	1	1	1	1	2	1
2732	53	30	1	1	1	1	2	1
2733	53	30	1	1	1	1	2	1
2734	53	30	1	1	1	1	2	1
2735	53	30	1	1	1	1	2	1
2736	53	30	1	1	1	1	2	1
2737	53	30	1	1	1	1	2	1
2738	53	30	1	1	1	1	2	1
2739	53	30	1	1	1	1	2	1
2740	53	30	1	1	1	1	2	1
2741	53	30	1	1	1	1	2	1
2742	53	30	1	1	1	1	2	1
2743	53	30	1	1	1	1	2	1
2744	53	30	1	1	1	1	2	1
2745	53	30	1	1	1	1	2	1
2746	53	30	1	1	1	1	2	1
2747	53	30	1	1	1	1	2	1
2748	53	30	1	1	1	1	2	1
2749	53	30	1	1	1	1	2	1
2750	53	30	1	1	1	1	2	1
2751	53	30	1	1	1	1	2	1
2752	53	30	1	1	1	1	2	1
2753	53	30	1	1	1	1	2	1
2754	53	30	1	1	1	1	2	1
2755	53	30	1	1	1	1	2	1
2756	53	30	1	1	1	1	2	1
2757	53	30	1	1	1	1	2	1
2758	53	30	1	1	1	1	2	1
2759	53	30	1	1	1	1	2	1
2760	53	30	1	1	1	1	2	1
2761	53	30	1	1	1	1	2	1
2762	53	30	1	1	1	1	2	1
2763	53	30	1	1	1	1	2	1
2764	53	30	1	1	1	1	2	1
2765	53	30	1	1	1	1	2	1
2766	53	30	1	1	1	1	2	1
2767	53	30	1	1	1	1	2	1
2768	53	30	1	1	1	1	2	1
2769	53	30	1	1	1	1	2	1
2770	53	30	1	1	1	1	2	1
2771	53	30	1	1	1	1	2	1
2772	53	30	1	1	1	1	2	1
2773	53	30	1	1	1	1	2	1
2774	53	30	1	1	1	1	2	1
2775	53	30	1	1	1	1	2	1
2776	53	30	1	1	1	1	2	1
2777	53	30	1	1	1	1	2	1
2778	53	30	1	1	1	1	2	1
2779	53	30	1	1	1	1	2	1
2780	53	30	1	1	1	1	2	1
2781	53	30	1	1	1	1	2	1
2782	53	30	1	1	1	1	2	1
2783	53	30	1	1	1	1	2	1
2784	53	30	1	1	1	1	2	1
2785	53	30	1	1	1	1	2	1
2786	53	30	1	1	1	1	2	1
2787	53	30	1	1	1	1	2	1
2788	53	30	1	1	1	1	2	1
2789	53	30	1	1	1	1	2	1
2790	53	30	1	1	1	1	2	1
2791	53	30	1	1	1	1	2	1
2792	53	30	1	1	1	1	2	1
2793	53	30	1	1	1	1	2	1
2794	53	30	1	1	1	1	2	1
2795	53	30	1	1	1	1	2	1
2796	53	30	1	1	1	1	2	1
2797	53	30	1	1	1	1	2	1
2798	53	30	1	1	1	1	2	1
2799	53	30	1	1	1	1	2	1
2800	53	30	1	1	1	1	2	1
2801	53	30	1	1	1	1	2	1
2802	53	30	1	1	1	1	2	1
2803	53	30	1	1	1	1	2	1
2804	53	30	1	1	1	1	2	1
2805	53	30	1	1	1	1	2	1
2806	53	30	1	1	1	1	2	1
2807	53	30	1	1	1	1	2	1
2808	53	30	1	1	1	1	2	1
2809	53	30	1	1	1	1	2	1
2810	53	30	1	1	1	1	2	1
2811	53	30	1	1	1	1	2	1
2812	53	30	1	1	1	1	2	1
2813	53	30	1	1	1	1	2	1
2814	53	30	1	1	1	1	2	1
2815	53	30	1	1	1	1	2	1
2816	53	30	1	1	1	1	2	1
2817	53	30	1	1	1	1	2	1
2818	53	30	1	1	1	1	2	1
2819	53	30	1	1	1	1	2	1
2820	53	30	1	1	1	1	2	1
2821	53	30	1	1	1	1	2	1
2822	53	30	1	1	1	1	2	1
2823	53	30	1	1	1	1	2	1
2824	53	30	1	1	1	1	2	1
2825	53	30	1	1	1	1	2	1
2826	53	30	1	1	1	1	2	1
2827	53	30	1	1	1	1	2	1
2828	53	30	1	1	1	1	2	1
2829	53	30	1	1	1	1	2	1
2830	53	30	1	1	1	1	2	1
2831	53	30	1	1	1	1	2	1
2832	53	30	1	1	1	1	2	1
2833	53	30	1	1	1	1	2	1
2834	53	30	1	1	1	1	2	1
2835	53	30	1	1	1	1	2	1
2836	53	30	1	1	1	1	2	1
2837	53	30	1	1	1	1	2	1
2838	53	30	1	1	1	1	2	1
2839	53	30	1	1	1	1	2	1
2840	53	30	1	1	1	1	2	1
2841	53	30	1	1	1	1	2	1
2842	53	30	1	1	1	1	2	1
2843	53	30	1	1	1	1	2	1
2844	53	30	1	1	1	1	2	1
2845	53	30	1	1	1	1	2	1
2846	53	30	1	1	1	1	2	1
2847	53	30	1	1	1	1	2	1
2848	53	30	1	1	1	1	2	1
2849	53	30	1	1	1	1	2	1
2850	53	30	1	1	1	1	2	1
2851	53	30	1	1	1	1	2	1
2852	53	30	1	1	1	1	2	1
2853	53	30	1	1	1	1	2	1
2854	53	30	1	1	1	1	2	1
2855	53	30	1	1	1	1	2	1
2856	53	30	1	1	1	1	2	1
2857	53	30	1	1	1	1	2	1
2858	53	30	1	1	1	1	2	1
2859	53	30	1	1	1	1	2	1
2860	53	30	1	1	1	1	2	1
2861	53	30	1	1	1	1	2	1
2862	53	30	1	1	1	1	2	1
2863	53	30	1	1	1	1	2	1
2864	53	30	1	1	1	1	2	1
2865	53	30	1	1	1	1	2	1
2866	53	30	1	1	1	1	2	1
2867	53	30	1	1	1	1	2	1
2868	53	30	1	1	1	1	2	1
2869	53	30	1	1	1	1	2	1
2870	53	30	1	1	1	1	2	1
2871	53	30	1	1	1	1	2	1
2872	53	30	1	1	1	1	2	1
2873	53	30	1	1	1	1	2	1
2874	53	30	1	1	1	1	2	1
2875	53	30	1	1	1	1	2	1
2876	53	30	1	1	1	1	2	1
2877	53	30	1	1	1	1	2	1
2878	53	30	1	1	1	1	2	1
2879	53	30	1	1	1	1	2	1
2880	53	30	1	1	1	1	2	1
2881	53	30	1	1	1	1	2	1
2882	53	30	1	1	1	1	2	1
2883	53	30	1	1	1	1	2	1
2884	53	30	1	1	1	1	2	1
2885	53	30	1	1	1	1	2	1
2886	53	30	1	1	1	1	2	1
2887	53	30	1	1	1	1	2	1
2888	53	30	1	1	1	1	2	1
2889	53	30	1	1	1	1	2	1
2890	53	30	1	1	1	1	2	1
2891	53	30	1	1	1	1	2	1
2892	53	30	1	1	1	1	2	1
2893	53	30	1	1	1	1	2	1
2894	53	30	1	1	1	1	2	1
2895	53	30	1	1	1	1	2	1
2896	53	30	1	1	1	1	2	1
2897	53	30	1	1	1	1	2	1
2898	53	30	1	1	1	1	2	1
2899	53	30	1	1	1	1	2	1
2900	53	30	1	1	1	1	2	1
2901	53	30	1	1	1	1	2	1
2902	53	30	1	1	1	1	2	1
2903	53	30	1	1	1	1	2	1
2904	53	30	1	1	1	1	2	1
2905	53	30	1	1	1	1	2	1
2906	53	30	1	1	1	1	2	1
2907	53	30	1	1	1	1	2	1
2908	53	30	1	1	1	1	2	1
2909	53	30	1	1	1	1	2	1
2910	53	30	1	1	1	1	2	1
2911	53	30	1	1	1	1	2	1
2912	53	30	1	1	1	1	2	1
2913	53	30	1	1	1	1	2	1
2914	53	30	1	1	1	1	2	1
2915	53	30	1	1	1	1	2	1
2916	53	30	1	1	1	1	2	1
2917	53	30	1	1	1	1	2	1
2918	53	30	1	1	1	1	2	1
2919	53	30	1	1	1	1	2	1
2920	53	30	1	1	1	1	2	1
2921	53	30	1	1	1	1	2	1
2922	53	30	1	1	1	1	2	1
2923	53	30	1	1	1	1	2	1
2924	53	30	1	1	1	1	2	1
2925	53	30	1	1	1	1	2	1
2926	53	30	1	1	1	1	2	1
2927	53	30	1	1	1	1	2	1
2928	53	30	1	1	1	1	2	1
2929	53	30	1	1	1	1	2	1
2930	53	30	1	1	1	1	2	1
2931	53	30	1	1	1	1	2	1
2932	53	30	1	1	1	1	2	1
2933	53	30	1	1	1	1	2	1
2934	53	30	1	1	1	1	2	1
2935	53	30	1	1	1	1	2	1
2936	53	30	1	1	1	1	2	1
2937	53	30	1	1	1	1	2	1
2938	53	30	1	1	1	1	2	1
2939	53	30	1	1	1	1	2	1
2940	53	30	1	1	1	1	2	1
2941	53	30	1	1	1	1	2	1
2942	53	30	1	1	1	1	2	1
2943	53	30	1	1	1	1	2	1
2944	53	30	1	1	1	1	2	1
2945	53	30	1	1	1	1	2	1
2946	53	30	1	1	1	1	2	1
2947	53	30	1	1	1	1	2	1
2948	53	30	1	1	1	1	2	1
2949	53	30	1	1	1	1	2	1
2950	53	30	1	1	1	1	2	1
2951	53	30	1	1	1	1	2	1
2952	53	30	1	1	1	1	2	1
2953	53	30	1	1	1	1	2	1
2954	53	30	1	1	1	1	2	1
2955	53	30	1	1	1	1	2	1
2956	53	30	1	1	1	1	2	1
2957	53	30	1	1	1	1	2	1
2958	53	30	1	1	1	1	2	1
2959	53	30	1	1	1	1	2	1
2960	53	30	1	1	1	1	2	1
2961	53	30	1	1	1	1	2	1
2962	53	30	1	1	1	1	2	1
2963	53	30	1	1	1	1	2	1
2964	53	30	1	1	1	1	2	1
2965	53	30	1	1	1	1	2	1
2966	53	30	1	1	1	1	2	1
2967	53	30	1	1	1	1	2	1
2968	53	30	1	1	1	1	2	1
2969	53	30	1	1	1	1	2	1
2970	53	30	1	1	1	1	2	1
2971	53	30	1	1	1	1	2	1
2972	53	30	1	1	1	1	2	1
2973	53	30	1	1	1	1	2	1
2974	53	30	1	1	1	1	2	1
2975	53	30	1	1	1	1	2	1
2976	53	30	1	1	1	1	2	1
2977	53	30	1	1	1	1	2	1
2978	53	30	1	1	1	1	2	1
2979	53	30	1	1	1	1	2	1
2980	53	30	1	1	1	1	2	1
2981	53	30	1	1	1	1	2	1
2982	53	30	1	1	1	1	2	1
2983	53	30	1	1	1	1	2	1
2984	53	30	1	1	1	1	2	1
2985	53	30	1	1	1	1	2	1
2986	53	30	1	1	1	1	2	1
2987	53	30	1	1	1	1	2	1
2988	53	30	1	1	1	1	2	1
2989	53	30	1	1	1	1	2	1
2990	53	30	1	1	1	1	2	1
2991	53	30	1	1	1	1	2	1
2992	53	30	1	1	1	1	2	1
2993	53	30	1	1	1	1	2	1
2994	53	30	1	1	1	1	2	1
2995	53	30	1	1	1	1	2	1
2996	53	30	1	1	1	1	2	1
2997	53	30	1	1	1	1	2	1
2998	53	30	1	1	1	1	2	1
2999	53	30	1	1	1	1	2	1
3000	53	30	1	1	1	1	2	1
3001	53	30	1	1	1	1	2	1
3002	53	30	1	1	1	1	2	1
3003	53	30	1	1	1	1	2	1
3004	53	30	1	1	1	1	2	1
3005	53	30	1	1	1	1	2	1
3006	53	30	1	1	1	1	2	1
3007	53	30	1	1	1	1	2	1
3008	53	30	1	1	1	1	2	1
3009	53	30	1	1	1	1	2	1
3010	53	30	1	1	1	1	2	1
3011	53	30	1	1	1	1	2	1
3012	53	30	1	1	1	1	2	1
3013	53	30	1	1	1	1	2	1
3014	53	30	1	1	1	1	2	1
3015	53	30	1	1	1	1	2	1
3016	53	30	1	1	1	1	2	1
3017	53	30	1	1	1	1	2	1
3018	53	30	1	1	1	1	2	1
3019	53	30	1	1	1	1	2	1
3020	53	30	1	1	1	1	2	1
3021	53	30	1	1	1	1	2	1
3022	53	30	1	1	1	1	2	1
3023	53	30	1	1	1	1	2	1
3024	53	30	1	1	1	1	2	1
3025	53	30	1	1	1	1	2	1
3026	53	30	1	1	1	1	2	1
3027	53	30	1	1	1	1	2	1
3028	53	30	1	1	1	1	2	1
3029	53	30	1	1	1	1	2	1
3030	53	30	1	1	1	1	2	1
3031	53	30	1	1	1	1	2	1
3032	53	30	1	1	1	1	2	1
3033	53	30	1	1	1	1	2	1
3034	53	30	1	1	1	1	2	1
3035	53	30	1	1	1	1	2	1
3036	53	30	1	1	1	1	2	1
3037	53	30	1	1	1	1	2	1
3038	53	30	1	1	1	1	2	1
3039	53	30	1	1	1	1	2	1
3040	53	30	1	1	1	1	2	1
3041	53	30	1	1	1	1	2	1
3042	53	30	1	1	1	1	2	1
3043	53	30	1	1	1	1	2	1
3044	53	30	1	1	1	1	2	1
3045	53	30	1	1	1	1	2	1
3046	53	30	1	1	1	1	2	1
3047	53	30	1	1	1	1	2	1
3048	53	30	1	1	1	1	2	1
3049	53	30	1	1	1	1	2	1
3050	53	30	1	1	1	1	2	1
3051	53	30	1	1	1	1	2	1
3052	53	30	1	1	1	1	2	1
3053	53	30	1	1	1	1	2	1
3054	53	30	1	1	1	1	2	1
3055	53	30	1	1	1	1	2	1
3056	53	30	1	1	1	1	2	1
3057	53	30	1	1	1	1	2	1
3058	53	30	1	1	1	1	2	1
3059	53	30	1	1	1	1	2	1
3060	53	30	1	1	1	1	2	1
3061	53	30	1	1	1	1	2	1
3062	53	30	1	1	1	1	2	1
3063	53	30	1	1	1	1	2	1
3064	53	30	1	1	1	1	2	1
3065	53	30	1	1	1	1	2	1
3066	53	30	1	1	1	1	2	1
3067	53	30	1	1	1	1	2	1
3068	53	30	1	1	1	1	2	1
3069	53	30	1	1	1	1	2	1
3070	53	30	1	1	1	1	2	1
3071	53	30	1	1	1	1	2	1
3072	53	30	1	1	1	1	2	1
3073	53	30	1	1	1	1	2	1
3074	53	30	1	1	1	1	2	1
3075	53	30	1	1	1	1	2	1
3076	53	30	1	1	1	1	2	1
3077	53	30	1	1	1	1	2	1
3078	53	30	1	1	1	1	2	1
3079	53	30	1	1	1	1	2	1
3080	53	30	1	1	1	1	2	1
3081	53	30	1	1	1	1	2	1
3082	53	30	1	1	1	1	2	1
3083	53	30	1	1	1	1	2	1
3084	53	30	1	1	1	1	2	1
3085	53	30	1	1	1	1	2	1
3086	53	30	1	1	1	1	2	1
3087	53	30	1	1	1	1	2	1
3088	53	30	1	1	1	1	2	1
3089	53	30	1	1	1	1	2	1
3090	53	30	1	1	1	1	2	1
3091	53	30	1	1	1	1	2	1
3092	53	30	1	1	1	1	2	1
3093	53	30	1	1	1	1	2	1
3094	53	30	1	1	1	1	2	1
3095	53	30	1	1	1	1	2	1
3096	53	30	1	1	1	1	2	1
3097	53	30	1	1	1	1	2	1
3098	53	30	1	1	1	1	2	1
3099	53	30	1	1	1	1	2	1
3100	53	30	1	1	1	1	2	1
3101	53	30	1	1	1	1	2	1
3102	53	30	1	1	1	1	2	1
3103	53	30	1	1	1	1	2	1
3104	53	30	1	1	1	1	2	1
3105	53	30	1	1	1	1	2	1
3106	53	30	1	1	1	1	2	1
3107	53	30	1	1	1	1	2	1
3108	53	30	1	1	1	1	2	1
3109	53	30	1	1	1	1	2	1
3110	53	30	1	1	1	1	2	1
3111	53	30	1	1	1	1	2	1
3112	53	30	1	1	1	1	2	1
3113	53	30	1	1	1	1	2	1
3114	53	30	1	1	1	1	2	1
3115	53	30	1	1	1	1	2	1
3116	53	30	1	1	1	1	2	1
3117	53	30	1	1	1	1	2	1
3118	53	30	1	1	1	1	2	1
3119	53	30	1	1	1	1	2	1
3120	53	30	1	1	1	1	2	1
3121	53	30	1	1	1	1	2	1
3122	53	30	1	1	1	1	2	1
3123	53	30	1	1	1	1	2	1
3124	53	30	1	1	1	1	2	1
3125	53	30	1	1	1	1	2	1
3126	53	30	1	1	1	1	2	1
3127	53	30	1	1	1	1	2	1
3128	53	30	1	1	1	1	2	1
3129	53	30	1	1	1	1	2	1
3130	53	30	1	1	1	1	2	1
3131	53	30	1	1	1	1	2	1
3132	53	30	1	1	1	1	2	1
3133	53	30	1	1	1	1	2	1
3134	53	30	1	1	1	1	2	1
3135	53	30	1	1	1	1	2	1
3136	53	30	1	1	1	1	2	1
3137	53	30	1	1	1	1	2	1
3138	53	30	1	1	1	1	2	1
3139	53	30	1	1	1	1	2	1
3140	53	30	1	1	1	1	2	1
3141	53	30	1	1	1	1	2	1
3142	53	30	1	1	1	1	2	1
3143	53	30	1	1	1	1	2	1
3144	53	30	1	1	1	1	2	1
3145	53	30	1	1	1	1	2	1
3146	53	30	1	1	1	1	2	1
3147	53	30	1	1	1	1	2	1
3148	53	30	1	1	1	1	2	1
3149	53	30	1	1	1	1	2	1
3150	53	30	1	1	1	1	2	1
3151	53	30	1	1	1	1	2	1
3152	53	30	1	1	1	1	2	1
3153	53	30	1	1	1	1	2	1
3154	53	30	1	1	1	1	2	1
3155	53	30	1	1	1	1	2	1
3156	53	30	1	1	1	1	2	1
3157	53	30	1	1	1	1	2	1
3158	53	30	1	1	1	1	2	1
3159	53	30	1	1	1	1	2	1
3160	53	30	1	1	1	1	2	1
3161	53	30	1	1	1	1	2	1
3162	53	30	1	1	1	1	2	1
3163	53	30	1	1	1	1	2	1
3164	53	30	1	1	1	1	2	1
3165	53	30	1	1	1	1	2	1
3166	53	30	1	1	1	1	2	1
3167	53	30	1	1	1	1	2	1
3168	53	30	1	1	1	1	2	1
3169	53	30	1	1	1	1	2	1
3170	53	30	1	1	1	1	2	1
3171	53	30	1	1	1	1	2	1
3172	53	30	1	1	1	1	2	1
3173	53	30	1	1	1	1	2	1
3174	53	30	1	1	1	1	2	1
3175	53	30	1	1	1	1	2	1
3176	53	30	1	1	1	1	2	1
3177	53	30	1	1	1	1	2	1
3178	53	30	1	1	1	1	2	1
3179	53	30	1	1	1	1	2	1
3180	53	30	1	1	1	1	2	1
3181	53	30	1	1	1	1	2	1
3182	53	30	1	1	1	1	2	1
3183	53	30	1	1	1	1	2	1
3184	53	30	1	1	1	1	2	1
3185	53	30	1	1	1	1	2	1
3186	53	30	1	1	1	1	2	1
3187	53	30	1	1	1	1	2	1
3188	53	30	1	1	1	1	2	1
3189	53	30	1	1	1	1	2	1
3190	53	30	1	1	1	1	2	1
3191	53	30	1	1	1	1	2	1
3192	53	30	1	1	1	1	2	1
3193	53	30	1	1	1	1	2	1
3194	53	30	1	1	1	1	2	1
3195	53	30	1	1	1	1	2	1
3196	53	30	1	1	1	1	2	1
3197	53	30	1	1	1	1	2	1
3198	53	30	1	1	1	1	2	1
3199	53	30	1	1	1	1	2	1
3200	53	30	1	1	1	1	2	1
3201	53	30	1	1	1	1	2	1
3202	53	30	1	1	1	1	2	1
3203	53	30	1	1	1	1	2	1
3204	53	30	1	1	1	1	2	1
3205	53	30	1	1	1	1	2	1
3206	53	30	1	1	1	1	2	1
3207	53	30	1	1	1	1	2	1
3208	53	30	1	1	1	1	2	1
3209	53	30	1	1	1	1	2	1
3210	53	30	1	1	1	1	2	1
3211	53	30	1	1	1	1	2	1
3212	53	30	1	1	1	1	2	1
3213	53	30	1	1	1	1	2	1
3214	53	30	1	1	1	1	2	1
3215	53	30	1	1	1	1	2	1
3216	53	30	1	1	1	1	2	1
3217	53	30	1	1	1	1	2	1
3218	53	30	1	1	1	1	2	1
3219	53	30	1	1	1	1	2	1
3220	53	30	1	1	1	1	2	1
3221	53	30	1	1	1	1	2	1
3222	53	30	1	1	1	1	2	1
3223	53	30	1	1	1	1	2	1
3224	53	30	1	1	1	1	2	1
3225	53	30	1	1	1	1	2	1
3226	53	30	1	1	1	1	2	1
3227	53	30	1	1	1	1	2	1
3228	53	30	1	1	1	1	2	1
3229	53	30	1	1	1	1	2	1
3230	53	30	1	1	1	1	2	1
3231	53	30	1	1	1	1	2	1
3232	53	30	1	1	1	1	2	1
3233	53	30	1	1	1	1	2	1
3234	53	30	1	1	1	1	2	1
3235	53	30	1	1	1	1	2	1
3236	53	30	1	1	1	1	2	1
3237	53	30	1	1	1	1	2	1
3238	53	30	1	1	1	1	2	1
3239	53	30	1	1	1	1	2	1
3240	53	30	1	1	1	1	2	1
3241	53	30	1	1	1	1	2	1
3242	53	30	1	1	1	1	2	1
3243	53	30	1	1	1	1	2	1
3244	53	30	1	1	1	1	2	1
3245	53	30	1	1	1	1	2	1
3246	53	30	1	1	1	1	2	1
3247	53	30	1	1	1	1	2	1
3248	53	30	1	1	1	1	2	1
3249	53	30	1	1	1	1	2	1
3250	53	30	1	1	1	1	2	1
3251	53	30	1	1	1	1	2	1
3252	53	30	1	1	1	1	2	1
3253	53	30	1	1	1	1	2	1
3254	53	30	1	1	1	1	2	1
3255	53	30	1	1	1	1	2	1
3256	53	30	1	1	1	1	2	1
3257	53	30	1	1	1	1	2	1
3258	53	30	1	1	1	1	2	1
3259	53	30	1	1	1	1	2	1
3260	53	30	1	1	1	1	2	1
3261	53	30	1	1	1	1	2	1
3262	53	30	1	1	1	1	2	1
3263	53	30	1	1	1	1	2	1
3264	53	30	1	1	1	1	2	1
3265	53	30	1	1	1	1	2	1
3266	53	30	1	1	1	1	2	1
3267	53	30	1	1	1	1	2	1
3268	53	30	1	1	1	1	2	1
3269	53	30	1	1	1	1	2	1
3270	53	30	1	1	1	1	2	1
3271	53	30	1	1	1	1	2	1
3272	53	30	1	1	1	1	2	1
3273	53	30	1	1	1	1	2	1
3274	53	30	1	1	1	1	2	1
3275	53	30	1	1	1	1	2	1
3276	53	30	1	1	1	1	2	1
3277	53	30	1	1	1	1	2	1
3278	53	30	1	1	1	1	2	1
3279	53	30	1	1	1	1	2	1
3280	53	30	1	1	1	1	2	1
3281	53	30	1	1	1	1	2	1
3282	53	30	1	1	1	1	2	1
3283	53	30	1	1	1	1	2	1
3284	53	30	1	1	1	1	2	1
3285	53	30	1	1	1	1	2	1
3286	53	30	1	1	1	1	2	1
3287	53	30	1	1	1	1	2	1
3288	53	30	1	1	1	1	2	1
3289	53	30	1	1	1	1	2	1
3290	53	30	1	1	1	1	2	1
3291	53	30	1	1	1	1	2	1
3292	53	30	1	1	1	1	2	1
3293	53	30	1	1	1	1	2	1
3294	53	30	1	1	1	1	2	1
3295	53	30	1	1	1	1	2	1
3296	53	30	1	1	1	1	2	1
3297	53	30	1	1	1	1	2	1
3298	53	30	1	1	1	1	2	1
3299	53	30	1	1	1	1	2	1
3300	53	30	1	1	1	1	2	1
3301	53	30	1	1	1	1	2	1
3302	53	30	1	1	1	1	2	1
3303	53	30	1	1	1	1	2	1
3304	53	30	1	1	1	1	2	1
3305	53	30	1	1	1	1	2	1
3306	53	30	1	1	1	1	2	1
3307	53	30	1	1	1	1	2	1
3308	53	30	1	1	1	1	2	1
3309	53	30	1	1	1	1	2	1
3310	53	30	1	1	1	1	2	1
3311	53	30	1	1	1	1	2	1
3312	53	30	1	1	1	1	2	1
3313	53	30	1	1	1	1	2	1
3314	53	30	1	1	1	1	2	1
3315	53	30	1	1	1	1	2	1
3316	53	30	1	1	1	1	2	1
3317	53	30	1	1	1	1	2	1
3318	53	30	1	1	1	1	2	1
3319	53	30	1	1	1	1	2	1
3320	53	30	1	1	1	1	2	1
3321	53	30	1	1	1	1	2	1
3322	53	30	1	1	1	1	2	1
3323	53	30	1	1	1	1	2	1
3324	53	30	1	1	1	1	2	1
3325	53	30	1	1	1	1	2	1
3326	53	30	1	1	1	1	2	1
3327	53	30	1	1	1	1	2	1
3328	53	30	1	1	1	1	2	1
3329	53	30	1	1	1	1	2	1
3330	53	30	1	1	1	1	2	1
3331	53	30	1	1	1	1	2	1
3332	53	30	1	1	1	1	2	1
3333	53	30	1	1	1	1	2	1
3334	53	30	1	1	1	1	2	1
3335	53	30	1	1	1	1	2	1
3336	53	30	1	1	1	1	2	1
3337	53	30	1	1	1	1	2	1
3338	53	30	1	1	1	1	2	1
3339	53	30	1	1	1	1	2	1
3340	53	30	1	1	1	1	2	1
3341	53	30	1	1	1	1	2	1
3342	53	30	1	1	1	1	2	1
3343	53	30	1	1	1	1	2	1
3344	53	30	1	1	1	1	2	1
3345	53	30	1	1	1	1	2	1
3346	53	30	1	1	1	1	2	1
3347	53	30	1	1	1	1	2	1
3348	53	30	1	1	1	1	2	1
3349	53	30	1	1	1	1	2	1
3350	53	30	1	1	1	1	2	1
3351	53	30	1	1	1	1	2	1
3352	53	30	1	1	1	1	2	1
3353	53	30	1	1	1	1	2	1
3354	53	30	1	1	1	1	2	1
3355	53	30	1	1	1	1	2	1
3356	53	30	1	1	1	1	2	1
3357	53	30	1	1	1	1	2	1
3358	53	30	1	1	1	1	2	1
3359	53	30	1	1	1	1	2	1
3360	53	30	1	1	1	1	2	1
3361	53	30	1	1	1	1	2	1
3362	53	30	1	1	1	1	2	1
3363	53	30	1	1	1	1	2	1
3364	53	30	1	1	1	1	2	1
3365	53	30	1	1	1	1	2	1
3366	53	30	1	1	1	1	2	1
3367	53	30	1	1	1	1	2	1
3368	53	30	1	1	1	1	2	1
3369	53	30	1	1	1	1	2	1
3370	53	30	1	1	1	1	2	1
3371	53	30	1	1	1	1	2	1
3372	53	30	1	1	1	1	2	1
3373	53	30	1	1	1	1	2	1
3374	53	30	1	1	1	1	2	1
3375	53	30	1	1	1	1	2	1
3376	53	30	1	1	1	1	2	1
3377	53	30	1	1	1	1	2	1
3378	53	30	1	1	1	1	2	1
3379	53	30	1	1	1	1	2	1
3380	53	30	1	1	1	1	2	1
3381	53	30	1	1	1	1	2	1
3382	53	30	1	1	1	1	2	1
3383	53	30	1	1	1	1	2	1
3384	53	30	1	1	1	1	2	1
3385	53	30	1	1	1	1	2	1
3386	53	30	1	1	1	1	2	1
3387	53	30	1	1	1	1	2	1
3388	53	30	1	1	1	1	2	1
3389	53	30	1	1	1	1	2	1
3390	53	30	1	1	1	1	2	1
3391	53	30	1	1	1	1	2	1
3392	53	30	1	1	1	1	2	1
3393	53	30	1	1	1	1	2	1
3394	53	30	1	1	1	1	2	1
3395	53	30	1	1	1	1	2	1
3396	53	30	1	1	1	1	2	1
3397	53	30	1	1	1	1	2	1
3398	53	30	1	1	1	1	2	1
3399	53	30	1	1	1	1	2	1
3400	53	30	1	1	1	1	2	1
3401	53	30	1	1	1	1	2	1
3402	53	30	1	1	1	1	2	1
3403	53	30	1	1	1	1	2	1
3404	53	30	1	1	1	1	2	1
3405	53	30	1	1	1	1	2	1
3406	53	30	1	1	1	1	2	1
3407	53	30	1	1	1	1	2	1
3408	53	30	1	1	1	1	2	1
3409	53	30	1	1	1	1	2	1
3410	53	30	1	1	1	1	2	1
3411	53	30	1	1	1	1	2	1
3412	53	30	1	1	1	1	2	1
3413	53	30	1	1	1	1	2	1
3414	53	30	1	1	1	1	2	1
3415	53	30	1	1	1	1	2	1
3416	53	30	1	1	1	1	2	1
3417	53	30	1	1	1	1	2	1
3418	53	30	1	1	1	1	2	1
3419	53	30	1	1	1	1	2	1
3420	53	30	1	1	1	1	2	1
3421	53	30	1	1	1	1	2	1
3422	53	30	1	1	1	1	2	1
3423	53	30	1	1	1	1	2	1
3424	53	30	1	1	1	1	2	1
3425	53	30	1	1	1	1	2	1
3426	53	30	1	1	1	1	2	1
3427	53	30	1	1	1	1	2	1
3428	53	30	1	1	1	1	2	1
3429	53	30	1	1	1	1	2	1
3430	53	30	1	1	1	1	2	1
3431	53	30	1	1	1	1	2	1
3432	53	30	1	1	1	1	2	1
3433	53	30	1	1	1	1	2	1
3434	53	30	1	1	1	1	2	1
3435	53	30	1	1	1	1	2	1
3436	53	30	1	1	1	1	2	1
3437	53	30	1	1	1	1	2	1
3438	53	30	1	1	1	1	2	1
3439	53	30	1	1	1	1	2	1
3440	53	30	1	1	1	1	2	1
3441	53	30	1	1	1	1	2	1
3442	53	30	1	1	1	1	2	1
3443	53	30	1	1	1	1	2	1
3444	53	30	1	1	1	1	2	1
3445	53	30	1	1	1	1	2	1
3446	53	30	1	1	1	1	2	1
3447	53	30	1	1	1	1	2	1
3448	53	30	1	1	1	1	2	1
3449	53	30	1	1	1	1	2	1
3450	53	30	1	1	1	1	2	1
3451	53	30	1	1	1	1	2	1
3452	53	30	1	1	1	1	2	1
3453	53	30	1	1	1	1	2	1
3454	53	30	1	1	1	1	2	1
3455	53	30	1	1	1	1	2	1
3456	53	30	1	1	1	1	2	1
3457	53	30	1	1	1	1	2	1
3458	53	30	1	1	1	1	2	1
3459	53	30	1	1	1	1	2	1
3460	53	30	1	1	1	1	2	1
3461	53	30	1	1	1	1	2	1
3462	53	30	1	1	1	1	2	1
3463	53	30	1	1	1	1	2	1
3464	53	30	1	1	1	1	2	1
3465	53	30	1	1	1	1	2	1
3466	53	30	1	1	1	1	2	1
3467	53	30	1	1	1	1	2	1
3468	53	30	1	1	1	1	2	1
3469	53	30	1	1	1	1	2	1
3470	53	30	1	1	1	1	2	1
3471	53	30	1	1	1	1	2	1
3472	53	30	1	1	1	1	2	1
3473	53	30	1	1	1	1	2	1
3474	53	30	1	1	1	1	2	1
3475	53	30	1	1	1	1	2	1
3476	53	30	1	1	1	1	2	1
3477	53	30	1	1	1	1	2	1
3478	53	30	1	1	1	1	2	1
3479	53	30	1	1	1	1	2	1
3480	53	30	1	1	1	1	2	1
3481	53	30	1	1	1	1	2	1
3482	53	30	1	1	1	1	2	1
3483	53	30	1	1	1	1	2	1
3484	53	30	1	1	1	1	2	1
3485	53	30	1	1	1	1	2	1
3486	53	30	1	1	1	1	2	1
3487	53	30	1	1	1	1	2	1
3488	53	30	1	1	1	1	2	1
3489	53	30	1	1	1	1	2	1
3490	53	30	1	1	1	1	2	1
3491	53	30	1	1	1	1	2	1
3492	53	30	1	1	1	1	2	1
3493	53	30	1	1	1	1	2	1
3494	53	30	1	1	1	1	2	1
3495	53	30	1	1	1	1	2	1
3496	53	30	1	1	1	1	2	1
3497	53	30	1	1	1	1	2	1
3498	53	30	1	1	1	1	2	1
3499	53	30	1	1	1	1	2	1
3500	53	30	1	1	1	1	2	1
3501	53	30	1	1	1	1	2	1
3502	53	30	1	1	1	1	2	1
3503	53	30	1	1	1	1	2	1
3504	53	30	1	1	1	1	2	1
3505	53	30	1	1	1	1	2	1
3506	53	30	1	1	1	1	2	1
3507	53	30	1	1	1	1	2	1
3508	53	30	1	1	1	1	2	1
3509	53	30	1	1	1	1	2	1
3510	53	30	1	1	1	1	2	1
3511	53	30	1	1	1	1	2	1
3512	53	30	1	1	1	1	2	1
3513	53	30	1	1	1	1	2	1
3514	53	30	1	1	1	1	2	1
3515	53	30	1	1	1	1	2	1
3516	53	30	1	1	1	1	2	1
3517	53	30	1	1	1	1	2	1
3518	53	30	1	1	1	1	2	1
3519	53	30	1	1	1	1	2	1
3520	53	30	1	1	1	1	2	1
3521	53	30	1	1	1	1	2	1
3522	53	30	1	1	1	1	2	1
3523	53	30	1	1	1	1	2	1
3524	53	30	1	1	1	1	2	1
3525	53	30	1	1	1	1	2	1
3526	53	30	1	1	1	1	2	1
3527	53	30	1	1	1	1	2	1
3528	53	30	1	1	1	1	2	1
3529	53	30	1	1	1	1	2	1
3530	53	30	1	1	1	1	2	1
3531	53	30	1	1	1	1	2	1
3532	53	30	1	1	1	1	2	1
3533	53	30	1	1	1	1	2	1
3534	53	30	1	1	1	1	2	1
3535	53	30	1	1	1	1	2	1
3536	53	30	1	1	1	1	2	1
3537	53	30	1	1	1	1	2	1
3538	53	30	1	1	1	1	2	1
3539	53	30	1	1	1	1	2	1
3540	53	30	1	1	1	1	2	1
3541	53	30	1	1	1	1	2	1
3542	53	30	1	1	1	1	2	1
3543	53	30	1	1	1	1	2	1
3544	53	30	1	1	1	1	2	1
3545	53	30	1	1	1	1	2	1
3546	53	30	1	1	1	1	2	1
3547	53	30	1	1	1	1	2	1
3548	53	30	1	1	1	1	2	1
3549	53	30	1	1	1	1	2	1
3550	53	30	1	1	1	1	2	1
3551	53	30	1	1	1	1	2	1
3552	53	30	1	1	1	1	2	1
3553	53	30	1	1	1	1	2	1
3554	53	30	1	1	1	1	2	1
3555	53	30	1	1	1	1	2	1
3556	53	30	1	1	1	1	2	1
3557	53	30	1	1	1	1	2	1
3558	53	30	1	1	1	1	2	1
3559	53	30	1	1	1	1	2	1
3560	53	30	1	1	1	1	2	1
3561	53	30	1	1	1	1	2	1
3562	53	30	1	1	1	1	2	1
3563	53	30	1	1	1	1	2	1
3564	53	30	1	1	1	1	2	1
3565	53	30	1	1	1	1	2	1
3566	53	30	1	1	1	1	2	1
3567	53	30	1	1	1	1	2	1
3568	53	30	1	1	1	1	2	1
3569	53	30	1	1	1	1	2	1
3570	53	30	1	1	1	1	2	1
3571	53	30	1	1	1	1	2	1
3572	53	30	1	1	1	1	2	1
3573	53	30	1	1	1	1	2	1
3574	53	30	1	1	1	1	2	1
3575	53	30	1	1	1	1	2	1
3576	53	30	1	1	1	1	2	1
3577	53	30	1	1	1	1	2	1
3578	53	30	1	1	1	1	2	1
3579	53	30	1	1	1	1	2	1
3580	53	30	1	1	1	1	2	1
3581	53	30	1	1	1	1	2	1
3582	53	30	1	1	1	1	2	1
3583	53	30	1	1	1	1	2	1
3584	53	30	1	1	1	1	2	1
3585	53	30	1	1	1	1	2	1
3586	53	30	1	1	1	1	2	1
3587	53	30	1	1	1	1	2	1
3588	53	30	1	1	1	1	2	1
3589	53	30	1	1	1	1	2	1
3590	53	30	1	1	1	1	2	1
3591	53	30	1	1	1	1	2	1
3592	53	30	1	1	1	1	2	1
3593	53	30	1	1	1	1	2	1
3594	53	30	1	1	1	1	2	1
3595	53	30	1	1	1	1	2	1
3596	53	30	1	1	1	1	2	1
3597	53	30	1	1	1	1	2	1
3598	53	30	1	1	1	1	2	1
3599	53	30	1	1	1	1	2	1
3600	53	30	1	1	1	1	2	1
3601	53	30	1	1	1	1	2	1
3602	53	30	1	1	1	1	2	1
3603	53	30	1	1	1	1	2	1
3604	53	30	1	1	1	1	2	1
3605	53	30	1	1	1	1	2	1
3606	53	30	1	1	1	1	2	1
3607	53	30	1	1	1	1	2	1
3608	53	30	1	1	1	1	2	1
3609	53	30	1	1	1	1	2	1
3610	53	30	1	1	1	1	2	1
3611	53	30	1	1	1	1	2	1
3612	53	30	1	1	1	1	2	1
3613	53	30	1	1	1	1	2	1
3614	53	30	1	1	1	1	2	1
3615	53	30	1	1	1	1	2	1
3616	53	30	1	1	1	1	2	1
3617	53	30	1	1	1	1	2	1
3618	53	30	1	1	1	1	2	1
3619	53	30	1	1	1	1	2	1
3620	53	30	1	1	1	1	2	1
3621	53	30	1	1	1	1	2	1
3622	53	30	1	1	1	1	2	1
3623	53	30	1	1	1	1	2	1
3624	53	30	1	1	1	1	2	1
3625	53	30	1	1	1	1	2	1
3626	53	30	1	1	1	1	2	1
3627	53	30	1	1	1	1	2	1
3628	53	30	1	1	1	1	2	1
3629	53	30	1	1	1	1	2	1
3630	53	30	1	1	1	1	2	1
3631	53	30	1	1	1	1	2	1
3632	53	30	1	1	1	1	2	1
3633	53	30	1	1	1	1	2	1
3634	53	30	1	1	1	1	2	1
3635	53	30	1	1	1	1	2	1
3636	53	30	1	1	1	1	2	1
3637	53	30	1	1	1	1	2	1
3638	53	30	1	1	1	1	2	1
3639	53	30	1	1	1	1	2	1
3640	53	30	1	1	1	1	2	1
3641	53	30	1	1	1	1	2	1
3642	53	30	1	1	1	1	2	1
3643	53	30	1	1	1	1	2	1
3644	53	30	1	1	1	1	2	1
3645	53	30	1	1	1	1	2	1
3646	53	30	1	1	1	1	2	1
3647	53	30	1	1	1	1	2	1
3648	53	30	1	1	1	1	2	1
3649	53	30	1	1	1	1	2	1
3650	53	30	1	1	1	1	2	1
3651	53	30	1	1	1	1	2	1
3652	53	30	1	1	1	1	2	1
3653	53	30	1	1	1	1	2	1
3654	53	30	1	1	1	1	2	1
3655	53	30	1	1	1	1	2	1
3656	53	30	1	1	1	1	2	1
3657	53	30	1	1	1	1	2	1
3658	53	30	1	1	1	1	2	1
3659	53	30	1	1	1	1	2	1
3660	53	30	1	1	1	1	2	1
3661	53	30	1	1	1	1	2	1
3662	53	30	1	1	1	1	2	1
3663	53	30	1	1	1	1	2	1
3664	53	30	1	1	1	1	2	1
3665	53	30	1	1	1	1	2	1
3666	53	30	1	1	1	1	2	1
3667	53	30	1	1	1	1	2	1
3668	53	30	1	1	1	1	2	1
3669	53	30	1	1	1	1	2	1
3670	53	30	1	1	1	1	2	1
3671	53	30	1	1	1	1	2	1
3672	53	30	1	1	1	1	2	1
3673	53	30	1	1	1	1	2	1
3674	53	30	1	1	1	1	2	1
3675	53	30	1	1	1	1	2	1
3676	53	30	1	1	1	1	2	1
3677	53	30	1	1	1	1	2	1
3678	53	30	1	1	1	1	2	1
3679	53	30	1	1	1	1	2	1
3680	53	30	1	1	1	1	2	1
3681	53	30	1	1	1	1	2	1
3682	53	30	1	1	1	1	2	1
3683	53	30	1	1	1	1	2	1
3684	53	30	1	1	1	1	2	1
3685	53	30	1	1	1	1	2	1
3686	53	30	1	1	1	1	2	1
3687	53	30	1	1	1	1	2	1
3688	53	30	1	1	1	1	2	1
3689	53	30	1	1	1	1	2	1
3690	53	30	1	1	1	1	2	1
3691	53	30	1	1	1	1	2	1
3692	53	30	1	1	1	1	2	1
3693	53	30	1	1	1	1	2	1
3694	53	30	1	1	1	1	2	1
3695	53	30	1	1	1	1	2	1
3696	53	30	1	1	1	1	2	1
3697	53	30	1	1	1	1	2	1
3698	53	30	1	1	1	1	2	1
3699	53	30	1	1	1	1	2	1
3700	53	30	1	1	1	1	2	1
3701	53	30	1	1	1	1	2	1
3702	53	30	1	1	1	1	2	1
3703	53	30	1	1	1	1	2	1
3704	53	30	1	1	1	1	2	1
3705	53	30	1	1	1	1	2	1
3706	53	30	1	1	1	1	2	1
3707	53	30	1	1	1	1	2	1
3708	53	30	1	1	1	1	2	1
3709	53	30	1	1	1	1	2	1
3710	53	30	1	1	1	1	2	1
3711	53	30	1	1	1	1	2	1
3712	53	30	1	1	1	1	2	1
3713	53	30	1	1	1	1	2	1
3714	53	30	1	1	1	1	2	1
3715	53	30	1	1	1	1	2	1
3716	53	30	1	1	1	1	2	1
3717	53	30	1	1	1	1	2	1
3718	53	30	1	1	1	1	2	1
3719	53	30	1	1	1	1	2	1
3720	53	30	1	1	1	1	2	1
3721	53	30	1	1	1	1	2	1
3722	53	30	1	1	1	1	2	1
3723	53	30	1	1	1	1	2	1
3724	53	30	1	1	1	1	2	1
3725	53	30	1	1	1	1	2	1
3726	53	30	1	1	1	1	2	1
3727	53	30	1	1	1	1	2	1
3728	53	30	1	1	1	1	2	1
3729	53	30	1	1	1	1	2	1
3730	53	30	1	1	1	1	2	1
3731	53	30	1	1	1	1	2	1
3732	53	30	1	1	1	1	2	1
3733	53	30	1	1	1	1	2	1
3734	53	30	1	1	1	1	2	1
3735	53	30	1	1	1	1	2	1
3736	53	30	1	1	1	1	2	1
3737	53	30	1	1	1	1	2	1
3738	53	30	1	1	1	1	2	1
3739	53	30	1	1	1	1	2	1
3740	53	30	1	1	1	1	2	1
3741	53	30	1	1	1	1	2	1
3742	53	30	1	1	1	1	2	1
3743	53	30	1	1	1	1	2	1
3744	53	30	1	1	1	1	2	1
3745	53	30	1	1	1	1	2	1
3746	53	30	1	1	1	1	2	1
3747	53	30	1	1	1	1	2	1
3748	53	30	1	1	1	1	2	1
3749	53	30	1	1	1	1	2	1
3750	53	30	1	1	1	1	2	1
3751	53	30	1	1	1	1	2	1
3752	53	30	1	1	1	1	2	1
3753	53	30	1	1	1	1	2	1
3754	53	30	1	1	1	1	2	1
3755	53	30	1	1	1	1	2	1
3756	53	30	1	1	1	1	2	1
3757	53	30	1	1	1	1	2	1
3758	53	30	1	1	1	1	2	1
3759	53	30	1	1	1	1	2	1
3760	53	30	1	1	1	1	2	1
3761	53	30	1	1	1	1	2	1
3762	53	30	1	1	1	1	2	1
3763	53	30	1	1	1	1	2	1
3764	53	30	1	1	1	1	2	1
3765	53	30	1	1	1	1	2	1
3766	53	30	1	1	1	1	2	1
3767	53	30	1	1	1	1	2	1
3768	53	30	1	1	1	1	2	1
3769	53	30	1	1	1	1	2	1
3770	53	30	1	1	1	1	2	1
3771	53	30	1	1	1	1	2	1
3772	53	30	1	1	1	1	2	1
3773	53	30	1	1	1	1	2	1
3774	53	30	1	1	1	1	2	1
3775	53	30	1	1	1	1	2	1
3776	53	30	1	1	1	1	2	1
3777	53	30	1	1	1	1	2	1
3778	53	30	1	1	1	1	2	1
3779	53	30	1	1	1	1	2	1
3780	53	30	1	1	1	1	2	1
3781	53	30	1	1	1	1	2	1
3782	53	30	1	1	1	1	2	1
3783	53	30	1	1	1	1	2	1
3784	53	30	1	1	1	1	2	1
3785	53	30	1	1	1	1	2	1
3786	53	30	1	1	1	1	2	1
3787	53	30	1	1	1	1	2	1
3788	53	30	1	1	1	1	2	1
3789	53	30	1	1	1	1	2	1
3790	53	30	1	1	1	1	2	1
3791	53	30	1	1	1	1	2	1
3792	53	30	1	1	1	1	2	1
3793	53	30	1	1	1	1	2	1
3794	53	30	1	1	1	1	2	1
3795	53	30	1	1	1	1	2	1
3796	53	30	1	1	1	1	2	1
3797	53	30	1	1	1	1	2	1
3798	53	30	1	1	1	1	2	1
3799	53	30	1	1	1	1	2	1
3800	53	30	1	1	1	1	2	1
3801	53	30	1	1	1	1	2	1
3802	53	30	1	1	1	1	2	1
3803	53	30	1	1	1	1	2	1
3804	53	30	1	1	1	1	2	1
3805	53	30	1	1	1	1	2	1
3806	53	30	1	1	1	1	2	1
3807	53	30	1	1	1	1	2	1
3808	53	30	1	1	1	1	2	1
3809	53	30	1	1	1	1	2	1
3810	53	30	1	1	1	1	2	1
3811	53	30	1	1	1	1	2	1
3812	53	30	1	1	1	1	2	1
3813	53	30	1	1	1	1	2	1
3814	53	30	1	1	1	1	2	1
3815	53	30	1	1	1	1	2	1
3816	53	30	1	1	1	1	2	1
3817	53	30	1	1	1	1	2	1
3818	53	30	1	1	1	1	2	1
3819	53	30	1	1	1	1	2	1
3820	53	30	1	1	1	1	2	1
3821	53	30	1	1	1	1	2	1
3822	53	30	1	1	1	1	2	1
3823	53	30	1	1	1	1	2	1
3824	53	30	1	1	1	1	2	1
3825	53	30	1	1	1	1	2	1
3826	53	30	1	1	1	1	2	1
3827	53	30	1	1	1	1	2	1
3828	53	30	1	1	1	1	2	1
3829	53	30	1	1	1	1	2	1
3830	53	30	1	1	1	1	2	1
3831	53	30	1	1	1	1	2	1
3832	53	30	1	1	1	1	2	1
3833	53	30	1	1	1	1	2	1
3834	53	30	1	1	1	1	2	1
3835	53	30	1	1	1	1	2	1
3836	53	30	1	1	1	1	2	1
3837	53	30	1	1	1	1	2	1
3838	53	30	1	1	1	1	2	1
3839	53	30	1	1	1	1	2	1
3840	53	30	1	1	1	1	2	1
3841	53	30	1	1	1	1	2	1
3842	53	30	1	1	1	1	2	1
3843	53	30	1	1	1	1	2	1
3844	53	30	1	1	1	1	2	1
3845	53	30	1	1	1	1	2	1
3846	53	30	1	1	1	1	2	1
3847	53	30	1	1	1	1	2	1
3848	53	30	1	1	1	1	2	1
3849	53	30	1	1	1	1	2	1
3850	53	30	1	1	1	1	2	1
3851	53	30	1	1	1	1	2	1
3852	53	30	1	1	1	1	2	1
3853	53	30	1	1	1	1	2	1
3854	53	30	1	1	1	1	2	1
3855	53	30	1	1	1	1	2	1
3856	53	30	1	1	1	1	2	1
3857	53	30	1	1	1	1	2	1
3858	53	30	1	1	1	1	2	1
3859	53	30	1	1	1	1	2	1
3860	53	30	1	1	1	1	2	1
3861	53	30	1	1	1	1	2	1
3862	53	30	1	1	1	1	2	1
3863	53	30	1	1	1	1	2	1
3864	53	30	1	1	1	1	2	1
3865	53	30	1	1	1	1	2	1
3866	53	30	1	1	1	1	2	1
3867	53	30	1	1	1	1	2	1
3868	53	30	1	1	1	1	2	1
3869	53	30	1	1	1	1	2	1
3870	53	30	1	1	1	1	2	1
3871	53	30	1	1	1	1	2	1
3872	53	30	1	1	1	1	2	1
3873	53	30	1	1	1	1	2	1
3874	53	30	1	1	1	1	2	1
3875	53	30	1	1	1	1	2	1
3876	53	30	1	1	1	1	2	1
3877	53	30	1	1	1	1	2	1
3878	53	30	1	1	1	1	2	1
3879	53	30	1	1	1	1	2	1
3880	53	30	1	1	1	1	2	1
3881	53	30	1	1	1	1	2	1
3882	53	30	1	1	1	1	2	1
3883	53	30	1	1	1	1	2	1
3884	53	30	1	1	1	1	2	1
3885	53	30	1	1	1	1	2	1
3886	53	30	1	1	1	1	2	1
3887	53	30	1	1	1	1	2	1
3888	53	30	1	1	1	1	2	1
3889	53	30	1	1	1	1	2	1
3890	53	30	1	1	1	1	2	1
3891	53	30	1	1	1	1	2	1
3892	53	30	1	1	1	1	2	1
3893	53	30	1	1	1	1	2	1
3894	53	30	1	1	1	1	2	1
3895	53	30	1	1	1	1	2	1
3896	53	30	1	1	1	1	2	1
3897	53	30	1	1	1	1	2	1
3898	53	30	1	1	1	1	2	1
3899	53	30	1	1	1	1	2	1
3900	53	30	1	1	1	1	2	1
3901	53	30	1	1	1	1	2	1
3902	53	30	1	1	1	1	2	1
3903	53	30	1	1	1	1	2	1
3904	53	30	1	1	1	1	2	1
3905	53	30	1	1	1	1	2	1
3906	53	30	1	1	1	1	2	1
3907	53	30	1	1	1	1	2	1
3908	53	30	1	1	1	1	2	1
3909	53	30	1	1	1	1	2	1
3910	53	30	1	1	1	1	2	1
3911	53	30	1	1	1	1	2	1
3912	53	30	1	1	1	1	2	1
3913	53	30	1	1	1	1	2	1
3914	53	30	1	1	1	1	2	1
3915	53	30	1	1	1	1	2	1
3916	53	30	1	1	1	1	2	1
3917	53	30	1	1	1	1	2	1
3918	53	30	1	1	1	1	2	1
3919	53	30	1	1	1	1	2	1
3920	53	30	1	1	1	1	2	1
3921	53	30	1	1	1	1	2	1
3922	53	30	1	1	1	1	2	1
3923	53	30	1	1	1	1	2	1
3924	53	30	1	1	1	1	2	1
3925	53	30	1	1	1	1	2	1
3926	53	30	1	1	1	1	2	1
3927	53	30	1	1	1	1	2	1
3928	53	30	1	1	1	1	2	1
3929	53	30	1	1	1	1	2	1
3930	53	30	1	1	1	1	2	1
3931	53	30	1	1	1	1	2	1
3932	53	30	1	1	1	1	2	1
3933	53	30	1	1	1	1	2	1
3934	53	30	1	1	1	1	2	1
3935	53	30	1	1	1	1	2	1
3936	53	30	1	1	1	1	2	1
3937	53	30	1	1	1	1	2	1
3938	53	30	1	1	1	1	2	1
3939	53	30	1	1	1	1	2	1
3940	53	30	1	1	1	1	2	1
3941	53	30	1	1	1	1	2	1
3942	53	30	1	1	1	1	2	1
3943	53	30	1	1	1	1	2	1
3944	53	30	1	1	1	1	2	1
3945	53	30	1	1	1	1	2	1
3946	53	30	1	1	1	1	2	1
3947	53	30	1	1	1	1	2	1
3948	53	30	1	1	1	1	2	1
3949	53	30	1	1	1	1	2	1
3950	53	30	1	1	1	1	2	1
3951	53	30	1	1	1	1	2	1
3952	53	30	1	1	1	1	2	1
3953	53	30	1	1	1	1	2	1
3954	53	30	1	1	1	1	2	1
3955	53	30	1	1	1	1	2	1
3956	53	30	1	1	1	1	2	1
3957	53	30	1	1	1	1	2	1
3958	53	30	1	1	1	1	2	1
3959	53	30	1	1	1	1	2	1
3960	53	30	1	1	1	1	2	1
3961	53	30	1	1	1	1	2	1
3962	53	30	1	1	1	1	2	1
3963	53	30	1	1	1	1	2	1
3964	53	30	1	1	1	1	2	1
3965	53	30	1	1	1	1	2	1
3966	53	30	1	1	1	1	2	1
3967	53	30	1	1	1	1	2	1
3968	53	30	1	1	1	1	2	1
3969	53	30	1	1	1	1	2	1
3970	53	30	1	1	1	1	2	1
3971	53	30	1	1	1	1	2	1
3972	53	30	1	1	1	1	2	1
3973	53	30	1	1	1	1	2	1
3974	53	30	1	1	1	1	2	1
3975	53	30	1	1	1	1	2	1
3976	53	30	1	1	1	1	2	1
3977	53	30	1	1	1	1	2	1
3978	53	30	1	1	1	1	2	1
3979	53	30	1	1	1	1	2	1
3980	53	30	1	1	1	1	2	1
3981	53	30	1	1	1	1	2	1
3982	53	30	1	1	1	1	2	1
3983	53	30	1	1	1	1	2	1
3984	53	30	1	1	1	1	2	1
3985	53	30	1	1	1	1	2	1
3986	53	30	1	1	1	1	2	1
3987	53	30	1	1	1	1	2	1
3988	53	30	1	1	1	1	2	1
3989	53	30	1	1	1	1	2	1
3990	53	30	1	1	1	1	2	1
3991	53	30	1	1	1	1	2	1
3992	53	30	1	1	1	1	2	1
3993	53	30	1	1	1	1	2	1
3994	53	30	1	1	1	1	2	1
3995	53	30	1	1	1	1	2	1
3996	53	30	1	1	1	1	2	1
3997	53	30	1	1	1	1	2	1
3998	53	30	1	1	1	1	2	1
3999	53	30	1	1	1	1	2	1
4000	53	30	1	1	1	1	2	1
4001	53	30	1	1	1	1	2	1
4002	53	30	1	1	1	1	2	1
4003	53	30	1	1	1	1	2	1
4004	53	30	1	1	1	1	2	1
4005	53	30	1	1	1	1	2	1
4006	53	30	1	1	1	1	2	1
4007	53	30	1	1	1	1	2	1
4008	53	30	1	1	1	1	2	1
4009	53	30	1	1	1	1	2	1
4010	53	30	1	1	1	1	2	1
4011	53	30	1	1	1	1	2	1
4012	53	30	1	1	1	1	2	1
4013	53	30	1	1	1	1	2	1
4014	53	30	1	1	1	1	2	1
4015	53	30	1	1	1	1	2	1
4016	53	30	1	1	1	1	2	1
4017	53	30	1	1	1	1	2	1
4018	53	30	1	1	1	1	2	1
4019	53	30	1	1	1	1	2	1
4020	53	30	1	1	1	1	2	1
4021	53	30	1	1	1	1	2	1
4022	53	30	1	1	1	1	2	1
4023	53	30	1	1	1	1	2	1
4024	53	30	1	1	1	1	2	1
4025	53	30	1	1	1	1	2	1
4026	53	30	1	1	1	1	2	1
4027	53	30	1	1	1	1	2	1
4028	53	30	1	1	1	1	2	1
4029	53	30	1	1	1	1	2	1
4030	53	30	1	1	1	1	2	1
4031	53	30	1	1	1	1	2	1
4032	53	30	1	1	1	1	2	1
4033	53	30	1	1	1	1	2	1
4034	53	30	1	1	1	1	2	1
4035	53	30	1	1	1	1	2	1
4036	53	30	1	1	1	1	2	1
4037	53	30	1	1	1	1	2	1
4038	53	30	1	1	1	1	2	1
4039	53	30	1	1	1	1	2	1
4040	53	30	1	1	1	1	2	1
4041	53	30	1	1	1	1	2	1
4042	53	30	1	1	1	1	2	1
4043	53	30	1	1	1	1	2	1
4044	53	30	1	1	1	1	2	1
4045	53	30	1	1	1	1	2	1
4046	53	30	1	1	1	1	2	1
4047	53	30	1	1	1	1	2	1
4048	53	30	1	1	1	1	2	1
4049	53	30	1	1	1	1	2	1
4050	53	30	1	1	1	1	2	1
4051	53	30	1	1	1	1	2	1
4052	53	30	1	1	1	1	2	1
4053	53	30	1	1	1	1	2	1
4054	53	30	1	1	1	1	2	1
4055	53	30	1	1	1	1	2	1
4056	53	30	1	1	1	1	2	1
4057	53	30	1	1	1	1	2	1
4058	53	30	1	1	1	1	2	1
4059	53	30	1	1	1	1	2	1
4060	53	30	1	1	1	1	2	1
4061	53	30	1	1	1	1	2	1
4062	53	30	1	1	1	1	2	1
4063	53	30	1	1	1	1	2	1
4064	53	30	1	1	1	1	2	1
4065	53	30	1	1	1	1	2	1
4066	53	30	1	1	1	1	2	1
4067	53	30	1	1	1	1	2	1
4068	53	30	1	1	1	1	2	1
4069	53	30	1	1	1	1	2	1
4070	53	30	1	1	1	1	2	1
4071	53	30	1	1	1	1	2	1
4072	53	30	1	1	1	1	2	1
4073	53	30	1	1	1	1	2	1
4074	53	30	1	1	1	1	2	1
4075	53	30	1	1	1	1	2	1
4076	53	30	1	1	1	1	2	1
4077	53	30	1	1	1	1	2	1
4078	53	30	1	1	1	1	2	1
4079	53	30	1	1	1	1	2	1
4080	53	30	1	1	1	1	2	1
4081	53	30	1	1	1	1	2	1
4082	53	30	1	1	1	1	2	1
4083	53	30	1	1	1	1	2	1
4084	53	30	1	1	1	1	2	1
4085	53	30	1	1	1	1	2	1
4086	53	30	1	1	1	1	2	1
4087	53	30	1	1	1	1	2	1
4088	53	30	1	1	1	1	2	1
4089	53	30	1	1	1	1	2	1
4090	53	30	1	1	1	1	2	1
4091	53	30	1	1	1	1	2	1
4092	53	30	1	1	1	1	2	1
4093	53	30	1	1	1	1	2	1
4094	53	30	1	1	1	1	2	1
4095	53	30	1	1	1	1	2	1
4096	53	30	1	1	1	1	2	1
4097	53	30	1	1	1	1	2	1
4098	53	30	1	1	1	1	2	1
4099	53	30	1	1	1	1	2	1
4100	53	30	1	1	1	1	2	1
4101	53	30	1	1	1	1	2	1
4102	53	30	1	1	1	1	2	1
4103	53	30	1	1	1	1	2	1
4104	53	30	1	1	1	1	2	1
4105	53	30	1	1	1	1	2	1
4106	53	30	1	1	1	1	2	1
4107	53	30	1	1	1	1	2	1
4108	53	30	1	1	1	1	2	1
4109	53	30	1	1	1	1	2	1
4110	53	30	1	1	1	1	2	1
4111	53	30	1	1	1	1	2	1
4112	53	30	1	1	1	1	2	1
4113	53	30	1	1	1	1	2	1
4114	53	30	1	1	1	1	2	1
4115	53	30	1	1	1	1	2	1
4116	53	30	1	1	1	1	2	1
4117	53	30	1	1	1	1	2	1
4118	53	30	1	1	1	1	2	1
4119	53	30	1	1	1	1	2	1
4120	53	30	1	1	1	1	2	1
4121	53	30	1	1	1	1	2	1
4122	53	30	1	1	1	1	2	1
4123	53	30	1	1	1	1	2	1
4124	53	30	1	1	1	1	2	1
4125	53	30	1	1	1	1	2	1
4126	53	30	1	1	1	1	2	1
4127	53	30	1	1	1	1	2	1
4128	53	30	1	1	1	1	2	1
4129	53	30	1	1	1	1	2	1
4130	53	30	1	1	1	1	2	1
4131	53	30	1	1	1	1	2	1
4132	53	30	1	1	1	1	2	1
4133	53	30	1	1	1	1	2	1
4134	53	30	1	1	1	1	2	1
4135	53	30	1	1	1	1	2	1
4136	53	30	1	1	1	1	2	1
4137	53	30	1	1	1	1	2	1
4138	53	30	1	1	1	1	2	1
4139	53	30	1	1	1	1	2	1
4140	53	30	1	1	1	1	2	1
4141	53	30	1	1	1	1	2	1
4142	53	30	1	1	1	1	2	1
4143	53	30	1	1	1	1	2	1
4144	53	30	1	1	1	1	2	1
4145	53	30	1	1	1	1	2	1
4146	53	30	1	1	1	1	2	1
4147	53	30	1	1	1	1	2	1
4148	53	30	1	1	1	1	2	1
4149	53	30	1	1	1	1	2	1
4150	53	30	1	1	1	1	2	1
4151	53	30	1	1	1	1	2	1
4152	53	30	1	1	1	1	2	1
4153	53	30	1	1	1	1	2	1
4154	53	30	1	1	1	1	2	1
4155	53	30	1	1	1	1	2	1
4156	53	30	1	1	1	1	2	1
4157	53	30	1	1	1	1	2	1
4158	53	30	1	1	1	1	2	1
4159	53	30	1	1	1	1	2	1
4160	53	30	1	1	1	1	2	1
4161	53	30	1	1	1	1	2	1
4162	53	30	1	1	1	1	2	1
4163	53	30	1	1	1	1	2	1
4164	53	30	1	1	1	1	2	1
4165	53	30	1	1	1	1	2	1
4166	53	30	1	1	1	1	2	1
4167	53	30	1	1	1	1	2	1
4168	53	30	1	1	1	1	2	1
4169	53	30	1	1	1	1	2	1
4170	53	30	1	1	1	1	2	1
4171	53	30	1	1	1	1	2	1
4172	53	30	1	1	1	1	2	1
4173	53	30	1	1	1	1	2	1
4174	53	30	1	1	1	1	2	1
4175	53	30	1	1	1	1	2	1
4176	53	30	1	1	1	1	2	1
4177	53	30	1	1	1	1	2	1
4178	53	30	1	1	1	1	2	1
4179	53	30	1	1	1	1	2	1
4180	53	30	1	1	1	1	2	1
4181	53	30	1	1	1	1	2	1
4182	53	30	1	1	1	1	2	1
4183	53	30	1	1	1	1	2	1
4184	53	30	1	1	1	1	2	1
4185	53	30	1	1	1	1	2	1
4186	53	30	1	1	1	1	2	1
4187	53	30	1	1	1	1	2	1
4188	53	30	1	1	1	1	2	1
4189	53	30	1	1	1	1	2	1
4190	53	30	1	1	1	1	2	1
4191	53	30	1	1	1	1	2	1
4192	53	30	1	1	1	1	2	1
4193	53	30	1	1	1	1	2	1
4194	53	30	1	1	1	1	2	1
4195	53	30	1	1	1	1	2	1
4196	53	30	1	1	1	1	2	1
4197	53	30	1	1	1	1	2	1
4198	53	30	1	1	1	1	2	1
4199	53	30	1	1	1	1	2	1
4200	53	30	1	1	1	1	2	1
4201	53	30	1	1	1	1	2	1
4202	53	30	1	1	1	1	2	1
4203	53	30	1	1	1	1	2	1
4204	53	30	1	1	1	1	2	1
4205	53	30	1	1	1	1	2	1
4206	53	30	1	1	1	1	2	1
4207	53	30	1	1	1	1	2	1
4208	53	30	1	1	1	1	2	1
4209	53	30	1	1	1	1	2	1
4210	53	30	1	1	1	1	2	1
4211	53	30	1	1	1	1	2	1
4212	53	30	1	1	1	1	2	1
4213	53	30	1	1	1	1	2	1
4214	53	30	1	1	1	1	2	1
4215	53	30	1	1	1	1	2	1
4216	53	30	1	1	1	1	2	1
4217	53	30	1	1	1	1	2	1
4218	53	30	1	1	1	1	2	1
4219	53	30	1	1	1	1	2	1
4220	53	30	1	1	1	1	2	1
4221	53	30	1	1	1	1	2	1
4222	53	30	1	1	1	1	2	1
4223	53	30	1	1	1	1	2	1
4224	53	30	1	1	1	1	2	1
4225	53	30	1	1	1	1	2	1
4226	53	30	1	1	1	1	2	1
4227	53	30	1	1	1	1	2	1
4228	53	30	1	1	1	1	2	1
4229	53	30	1	1	1	1	2	1
4230	53	30	1	1	1	1	2	1
4231	53	30	1	1	1	1	2	1
4232	53	30	1	1	1	1	2	1
4233	53	30	1	1	1	1	2	1
4234	53	30	1	1	1	1	2	1
4235	53	30	1	1	1	1	2	1
4236	53	30	1	1	1	1	2	1
4237	53	30	1	1	1	1	2	1
4238	53	30	1	1	1	1	2	1
4239	53	30	1	1	1	1	2	1
4240	53	30	1	1	1	1	2	1
4241	53	30	1	1	1	1	2	1
4242	53	30	1	1	1	1	2	1
4243	53	30	1	1	1	1	2	1
4244	53	30	1	1	1	1	2	1
4245	53	30	1	1	1	1	2	1
4246	53	30	1	1	1	1	2	1
4247	53	30	1	1	1	1	2	1
4248	53	30	1	1	1	1	2	1
4249	53	30	1	1	1	1	2	1
4250	53	30	1	1	1	1	2	1
4251	53	30	1	1	1	1	2	1
4252	53	30	1	1	1	1	2	1
4253	53	30	1	1	1	1	2	1
4254	53	30	1	1	1	1	2	1
4255	53	30	1	1	1	1	2	1
4256	53	30	1	1	1	1	2	1
4257	53	30	1	1	1	1	2	1
4258	53	30	1	1	1	1	2	1
4259	53	30	1	1	1	1	2	1
4260	53	30	1	1	1	1	2	1
4261	53	30	1	1	1	1	2	1
4262	53	30	1	1	1	1	2	1
4263	53	30	1	1	1	1	2	1
4264	53	30	1	1	1	1	2	1
4265	53	30	1	1	1	1	2	1
4266	53	30	1	1	1	1	2	1
4267	53	30	1	1	1	1	2	1
4268	53	30	1	1	1	1	2	1
4269	53	30	1	1	1	1	2	1
4270	53	30	1	1	1	1	2	1
4271	53	30	1	1	1	1	2	1
4272	53	30	1	1	1	1	2	1
4273	53	30	1	1	1	1	2	1
4274	53	30	1	1	1	1	2	1
4275	53	30	1	1	1	1	2	1
4276	53	30	1	1	1	1	2	1
4277	53	30	1	1	1	1	2	1
4278	53	30	1	1	1	1	2	1
4279	53	30	1	1	1	1	2	1
4280	53	30	1	1	1	1	2	1
4281	53	30	1	1	1	1	2	1
4282	53	30	1	1	1	1	2	1
4283	53	30	1	1	1	1	2	1
4284	53	30	1	1	1	1	2	1
4285	53	30	1	1	1	1	2	1
4286	53	30	1	1	1	1	2	1
4287	53	30	1	1	1	1	2	1
4288	53	30	1	1	1	1	2	1
4289	53	30	1	1	1	1	2	1
4290	53	30	1	1	1	1	2	1
4291	53	30	1	1	1	1	2	1
4292	53	30	1	1	1	1	2	1
4293	53	30	1	1	1	1	2	1
4294	53	30	1	1	1	1	2	1
4295	53	30	1	1	1	1	2	1
4296	53	30	1	1	1	1	2	1
4297	53	30	1	1	1	1	2	1
4298	53	30	1	1	1	1	2	1
4299	53	30	1	1	1	1	2	1
4300	53	30	1	1	1	1	2	1
4301	53	30	1	1	1	1	2	1
4302	53	30	1	1	1	1	2	1
4303	53	30	1	1	1	1	2	1
4304	53	30	1	1	1	1	2	1
4305	53	30	1	1	1	1	2	1
4306	53	30	1	1	1	1	2	1
4307	53	30	1	1	1	1	2	1
4308	53	30	1	1	1	1	2	1
4309	53	30	1	1	1	1	2	1
4310	53	30	1	1	1	1	2	1
4311	53	30	1	1	1	1	2	1
4312	53	30	1	1	1	1	2	1
4313	53	30	1	1	1	1	2	1
4314	53	30	1	1	1	1	2	1
4315	53	30	1	1	1	1	2	1
4316	53	30	1	1	1	1	2	1
4317	53	30	1	1	1	1	2	1
4318	53	30	1	1	1	1	2	1
4319	53	30	1	1	1	1	2	1
4320	53	30	1	1	1	1	2	1
4321	53	30	1	1	1	1	2	1
4322	53	30	1	1	1	1	2	1
4323	53	30	1	1	1	1	2	1
4324	53	30	1	1	1	1	2	1
4325	53	30	1	1	1	1	2	1
4326	53	30	1	1	1	1	2	1
4327	53	30	1	1	1	1	2	1
4328	53	30	1	1	1	1	2	1
4329	53	30	1	1	1	1	2	1
4330	53	30	1	1	1	1	2	1
4331	53	30	1	1	1	1	2	1
4332	53	30	1	1	1	1	2	1
4333	53	30	1	1	1	1	2	1
4334	53	30	1	1	1	1	2	1
4335	53	30	1	1	1	1	2	1
4336	53	30	1	1	1	1	2	1
4337	53	30	1	1	1	1	2	1
4338	53	30	1	1	1	1	2	1
4339	53	30	1	1	1	1	2	1
4340	53	30	1	1	1	1	2	1
4341	53	30	1	1	1	1	2	1
4342	53	30	1	1	1	1	2	1
4343	53	30	1	1	1	1	2	1
4344	53	30	1	1	1	1	2	1
4345	53	30	1	1	1	1	2	1
4346	53	30	1	1	1	1	2	1
4347	53	30	1	1	1	1	2	1
4348	53	30	1	1	1	1	2	1
4349	53	30	1	1	1	1	2	1
4350	53	30	1	1	1	1	2	1
4351	53	30	1	1	1	1	2	1
4352	53	30	1	1	1	1	2	1
4353	53	30	1	1	1	1	2	1
4354	53	30	1	1	1	1	2	1
4355	53	30	1	1	1	1	2	1
4356	53	30	1	1	1	1	2	1
4357	53	30	1	1	1	1	2	1
4358	53	30	1	1	1	1	2	1
4359	53	30	1	1	1	1	2	1
4360	53	30	1	1	1	1	2	1
4361	53	30	1	1	1	1	2	1
4362	53	30	1	1	1	1	2	1
4363	53	30	1	1	1	1	2	1
4364	53	30	1	1	1	1	2	1
4365	53	30	1	1	1	1	2	1
4366	53	30	1	1	1	1	2	1
4367	53	30	1	1	1	1	2	1
4368	53	30	1	1	1	1	2	1
4369	53	30	1	1	1	1	2	1
4370	53	30	1	1	1	1	2	1
4371	53	30	1	1	1	1	2	1
4372	53	30	1	1	1	1	2	1
4373	53	30	1	1	1	1	2	1
4374	53	30	1	1	1	1	2	1
4375	53	30	1	1	1	1	2	1
4376	53	30	1	1	1	1	2	1
4377	53	30	1	1	1	1	2	1
4378	53	30	1	1	1	1	2	1
4379	53	30	1	1	1	1	2	1
4380	53	30	1	1	1	1	2	1
4381	53	30	1	1	1	1	2	1
4382	53	30	1	1	1	1	2	1
4383	53	30	1	1	1	1	2	1
4384	53	30	1	1	1	1	2	1
4385	53	30	1	1	1	1	2	1
4386	53	30	1	1	1	1	2	1
4387	53	30	1	1	1	1	2	1
4388	53	30	1	1	1	1	2	1
4389	53	30	1	1	1	1	2	1
4390	53	30	1	1	1	1	2	1
4391	53	30	1	1	1	1	2	1
4392	53	30	1	1	1	1	2	1
4393	53	30	1	1	1	1	2	1
4394	53	30	1	1	1	1	2	1
4395	53	30	1	1	1	1	2	1
4396	53	30	1	1	1	1	2	1
4397	53	30	1	1	1	1	2	1
4398	53	30	1	1	1	1	2	1
4399	53	30	1	1	1	1	2	1
4400	53	30	1	1	1	1	2	1
4401	53	30	1	1	1	1	2	1
4402	53	30	1	1	1	1	2	1
4403	53	30	1	1	1	1	2	1
4404	53	30	1	1	1	1	2	1
4405	53	30	1	1	1	1	2	1
4406	53	30	1	1	1	1	2	1
4407	53	30	1	1	1	1	2	1
4408	53	30	1	1	1	1	2	1
4409	53	30	1	1	1	1	2	1
4410	53	30	1	1	1	1	2	1
4411	53	30	1	1	1	1	2	1
4412	53	30	1	1	1	1	2	1
4413	53	30	1	1	1	1	2	1
4414	53	30	1	1	1	1	2	1
4415	53	30	1	1	1	1	2	1
4416	53	30	1	1	1	1	2	1
4417	53	30	1	1	1	1	2	1
4418	53	30	1	1	1	1	2	1
4419	53	30	1	1	1	1	2	1
4420	53	30	1	1	1	1	2	1
4421	53	30	1	1	1	1	2	1
4422	53	30	1	1	1	1	2	1
4423	53	30	1	1	1	1	2	1
4424	53	30	1	1	1	1	2	1
4425	53	30	1	1	1	1	2	1
4426	53	30	1	1	1	1	2	1
4427	53	30	1	1	1	1	2	1
4428	53	30	1	1	1	1	2	1
4429	53	30	1	1	1	1	2	1
4430	53	30	1	1	1	1	2	1
4431	53	30	1	1	1	1	2	1
4432	53	30	1	1	1	1	2	1
4433	53	30	1	1	1	1	2	1
4434	53	30	1	1	1	1	2	1
4435	53	30	1	1	1	1	2	1
4436	53	30	1	1	1	1	2	1
4437	53	30	1	1	1	1	2	1
4438	53	30	1	1	1	1	2	1
4439	53	30	1	1	1	1	2	1
4440	53	30	1	1	1	1	2	1
4441	53	30	1	1	1	1	2	1
4442	53	30	1	1	1	1	2	1
4443	53	30	1	1	1	1	2	1
4444	53	30	1	1	1	1	2	1
4445	53	30	1	1	1	1	2	1
4446	53	30	1	1	1	1	2	1
4447	53	30	1	1	1	1	2	1
4448	53	30	1	1	1	1	2	1
4449	53	30	1	1	1	1	2	1
4450	53	30	1	1	1	1	2	1
4451	53	30	1	1	1	1	2	1
4452	53	30	1	1	1	1	2	1
4453	53	30	1	1	1	1	2	1
4454	53	30	1	1	1	1	2	1
4455	53	30	1	1	1	1	2	1
4456	53	30	1	1	1	1	2	1
4457	53	30	1	1	1	1	2	1
4458	53	30	1	1	1	1	2	1
4459	53	30	1	1	1	1	2	1
4460	53	30	1	1	1	1	2	1
4461	53	30	1	1	1	1	2	1
4462	53	30	1	1	1	1	2	1
4463	53	30	1	1	1	1	2	1
4464	53	30	1	1	1	1	2	1
4465	53	30	1	1	1	1	2	1
4466	53	30	1	1	1	1	2	1
4467	53	30	1	1	1	1	2	1
4468	53	30	1	1	1	1	2	1
4469	53	30	1	1	1	1	2	1
4470	53	30	1	1	1	1	2	1
4471	53	30	1	1	1	1	2	1
4472	53	30	1	1	1	1	2	1
4473	53	30	1	1	1	1	2	1
4474	53	30	1	1	1	1	2	1
4475	53	30	1	1	1	1	2	1
4476	53	30	1	1	1	1	2	1
4477	53	30	1	1	1	1	2	1
4478	53	30	1	1	1	1	2	1
4479	53	30	1	1	1	1	2	1
4480	53	30	1	1	1	1	2	1
4481	53	30	1	1	1	1	2	1
4482	53	30	1	1	1	1	2	1
4483	53	30	1	1	1	1	2	1
4484	53	30	1	1	1	1	2	1
4485	53	30	1	1	1	1	2	1
4486	53	30	1	1	1	1	2	1
4487	53	30	1	1	1	1	2	1
4488	53	30	1	1	1	1	2	1
4489	53	30	1	1	1	1	2	1
4490	53	30	1	1	1	1	2	1
4491	53	30	1	1	1	1	2	1
4492	53	30	1	1	1	1	2	1
4493	53	30	1	1	1	1	2	1
4494	53	30	1	1	1	1	2	1
4495	53	30	1	1	1	1	2	1
4496	53	30	1	1	1	1	2	1
4497	53	30	1	1	1	1	2	1
4498	53	30	1	1	1	1	2	1
4499	53	30	1	1	1	1	2	1
4500	53	30	1	1	1	1	2	1
4501	53	30	1	1	1	1	2	1
4502	53	30	1	1	1	1	2	1
4503	53	30	1	1	1	1	2	1
4504	53	30	1	1	1	1	2	1
4505	53	30	1	1	1	1	2	1
4506	53	30	1	1	1	1	2	1
4507	53	30	1	1	1	1	2	1
4508	53	30	1	1	1	1	2	1
4509	53	30	1	1	1	1	2	1
4510	53	30	1	1	1	1	2	1
4511	53	30	1	1	1	1	2	1
4512	53	30	1	1	1	1	2	1
4513	53	30	1	1	1	1	2	1
4514	53	30	1	1	1	1	2	1
4515	53	30	1	1	1	1	2	1
4516	53	30	1	1	1	1	2	1
4517	53	30	1	1	1	1	2	1
4518	53	30	1	1	1	1	2	1
4519	53	30	1	1	1	1	2	1
4520	53	30	1	1	1	1	2	1
4521	53	30	1	1	1	1	2	1
4522	53	30	1	1	1	1	2	1
4523	53	30	1	1	1	1	2	1
4524	53	30	1	1	1	1	2	1
4525	53	30	1	1	1	1	2	1
4526	53	30	1	1	1	1	2	1
4527	53	30	1	1	1	1	2	1
4528	53	30	1	1	1	1	2	1
4529	53	30	1	1	1	1	2	1
4530	53	30	1	1	1	1	2	1
4531	53	30	1	1	1	1	2	1
4532	53	30	1	1	1	1	2	1
4533	53	30	1	1	1	1	2	1
4534	53	30	1	1	1	1	2	1
4535	53	30	1	1	1	1	2	1
4536	53	30	1	1	1	1	2	1
4537	53	30	1	1	1	1	2	1
4538	53	30	1	1	1	1	2	1
4539	53	30	1	1	1	1	2	1
4540	53	30	1	1	1	1	2	1
4541	53	30	1	1	1	1	2	1
4542	53	30	1	1	1	1	2	1
4543	53	30	1	1	1	1	2	1
4544	53	30	1	1	1	1	2	1
4545	53	30	1	1	1	1	2	1
4546	53	30	1	1	1	1	2	1
4547	53	30	1	1	1	1	2	1
4548	53	30	1	1	1	1	2	1
4549	53	30	1	1	1	1	2	1
4550	53	30	1	1	1	1	2	1
4551	53	30	1	1	1	1	2	1
4552	53	30	1	1	1	1	2	1
4553	53	30	1	1	1	1	2	1
4554	53	30	1	1	1	1	2	1
4555	53	30	1	1	1	1	2	1
4556	53	30	1	1	1	1	2	1
4557	53	30	1	1	1	1	2	1
4558	53	30	1	1	1	1	2	1
4559	53	30	1	1	1	1	2	1
4560	53	30	1	1	1	1	2	1
4561	53	30	1	1	1	1	2	1
4562	53	30	1	1	1	1	2	1
4563	53	30	1	1	1	1	2	1
4564	53	30	1	1	1	1	2	1
4565	53	30	1	1	1	1	2	1
4566	53	30	1	1	1	1	2	1
4567	53	30	1	1	1	1	2	1
4568	53	30	1	1	1	1	2	1
4569	53	30	1	1	1	1	2	1
4570	53	30	1	1	1	1	2	1
4571	53	30	1	1	1	1	2	1
4572	53	30	1	1	1	1	2	1
4573	53	30	1	1	1	1	2	1
4574	53	30	1	1	1	1	2	1
4575	53	30	1	1	1	1	2	1
4576	53	30	1	1	1	1	2	1
4577	53	30	1	1	1	1	2	1
4578	53	30	1	1	1	1	2	1
4579	53	30	1	1	1	1	2	1
4580	53	30	1	1	1	1	2	1
4581	53	30	1	1	1	1	2	1
4582	53	30	1	1	1	1	2	1
4583	53	30	1	1	1	1	2	1
4584	53	30	1	1	1	1	2	1
4585	53	30	1	1	1	1	2	1
4586	53	30	1	1	1	1	2	1
4587	53	30	1	1	1	1	2	1
4588	53	30	1	1	1	1	2	1
4589	53	30	1	1	1	1	2	1
4590	53	30	1	1	1	1	2	1
4591	53	30	1	1	1	1	2	1
4592	53	30	1	1	1	1	2	1
4593	53	30	1	1	1	1	2	1
4594	53	30	1	1	1	1	2	1
4595	53	30	1	1	1	1	2	1
4596	53	30	1	1	1	1	2	1
4597	53	30	1	1	1	1	2	1
4598	53	30	1	1	1	1	2	1
4599	53	30	1	1	1	1	2	1
4600	53	30	1	1	1	1	2	1
4601	53	30	1	1	1	1	2	1
4602	53	30	1	1	1	1	2	1
4603	53	30	1	1	1	1	2	1
4604	53	30	1	1	1	1	2	1
4605	53	30	1	1	1	1	2	1
4606	53	30	1	1	1	1	2	1
4607	53	30	1	1	1	1	2	1
4608	53	30	1	1	1	1	2	1
4609	53	30	1	1	1	1	2	1
4610	53	30	1	1	1	1	2	1
4611	53	30	1	1	1	1	2	1
4612	53	30	1	1	1	1	2	1
4613	53	30	1	1	1	1	2	1
4614	53	30	1	1	1	1	2	1
4615	53	30	1	1	1	1	2	1
4616	53	30	1	1	1	1	2	1
4617	53	30	1	1	1	1	2	1
4618	53	30	1	1	1	1	2	1
4619	53	30	1	1	1	1	2	1
4620	53	30	1	1	1	1	2	1
4621	53	30	1	1	1	1	2	1
4622	53	30	1	1	1	1	2	1
4623	53	30	1	1	1	1	2	1
4624	53	30	1	1	1	1	2	1
4625	53	30	1	1	1	1	2	1
4626	53	30	1	1	1	1	2	1
4627	53	30	1	1	1	1	2	1
4628	53	30	1	1	1	1	2	1
4629	53	30	1	1	1	1	2	1
4630	53	30	1	1	1	1	2	1
4631	53	30	1	1	1	1	2	1
4632	53	30	1	1	1	1	2	1
4633	53	30	1	1	1	1	2	1
4634	53	30	1	1	1	1	2	1
4635	53	30	1	1	1	1	2	1
4636	53	30	1	1	1	1	2	1
4637	53	30	1	1	1	1	2	1
4638	53	30	1	1	1	1	2	1
4639	53	30	1	1	1	1	2	1
4640	53	30	1	1	1	1	2	1
4641	53	30	1	1	1	1	2	1
4642	53	30	1	1	1	1	2	1
4643	53	30	1	1	1	1	2	1
4644	53	30	1	1	1	1	2	1
4645	53	30	1	1	1	1	2	1
4646	53	30	1	1	1	1	2	1
4647	53	30	1	1	1	1	2	1
4648	53	30	1	1	1	1	2	1
4649	53	30	1	1	1	1	2	1
4650	53	30	1	1	1	1	2	1
4651	53	30	1	1	1	1	2	1
4652	53	30	1	1	1	1	2	1
4653	53	30	1	1	1	1	2	1
4654	53	30	1	1	1	1	2	1
4655	53	30	1	1	1	1	2	1
4656	53	30	1	1	1	1	2	1
4657	53	30	1	1	1	1	2	1
4658	53	30	1	1	1	1	2	1
4659	53	30	1	1	1	1	2	1
4660	53	30	1	1	1	1	2	1
4661	53	30	1	1	1	1	2	1
4662	53	30	1	1	1	1	2	1
4663	53	30	1	1	1	1	2	1
4664	53	30	1	1	1	1	2	1
4665	53	30	1	1	1	1	2	1
4666	53	30	1	1	1	1	2	1
4667	53	30	1	1	1	1	2	1
4668	53	30	1	1	1	1	2	1
4669	53	30	1	1	1	1	2	1
4670	53	30	1	1	1	1	2	1
4671	53	30	1	1	1	1	2	1
4672	53	30	1	1	1	1	2	1
4673	53	30	1	1	1	1	2	1
4674	53	30	1	1	1	1	2	1
4675	53	30	1	1	1	1	2	1
4676	53	30	1	1	1	1	2	1
4677	53	30	1	1	1	1	2	1
4678	53	30	1	1	1	1	2	1
4679	53	30	1	1	1	1	2	1
4680	53	30	1	1	1	1	2	1
4681	53	30	1	1	1	1	2	1
4682	53	30	1	1	1	1	2	1
4683	53	30	1	1	1	1	2	1
4684	53	30	1	1	1	1	2	1
4685	53	30	1	1	1	1	2	1
4686	53	30	1	1	1	1	2	1
4687	53	30	1	1	1	1	2	1
4688	53	30	1	1	1	1	2	1
4689	53	30	1	1	1	1	2	1
4690	53	30	1	1	1	1	2	1
4691	53	30	1	1	1	1	2	1
4692	53	30	1	1	1	1	2	1
4693	53	30	1	1	1	1	2	1
4694	53	30	1	1	1	1	2	1
4695	53	30	1	1	1	1	2	1
4696	53	30	1	1	1	1	2	1
4697	53	30	1	1	1	1	2	1
4698	53	30	1	1	1	1	2	1
4699	53	30	1	1	1	1	2	1
4700	53	30	1	1	1	1	2	1
4701	53	30	1	1	1	1	2	1
4702	53	30	1	1	1	1	2	1
4703	53	30	1	1	1	1	2	1
4704	53	30	1	1	1	1	2	1
4705	53	30	1	1	1	1	2	1
4706	53	30	1	1	1	1	2	1
4707	53	30	1	1	1	1	2	1
4708	53	30	1	1	1	1	2	1
4709	53	30	1	1	1	1	2	1
4710	53	30	1	1	1	1	2	1
4711	53	30	1	1	1	1	2	1
4712	53	30	1	1	1	1	2	1
4713	53	30	1	1	1	1	2	1
4714	53	30	1	1	1	1	2	1
4715	53	30	1	1	1	1	2	1
4716	53	30	1	1	1	1	2	1
4717	53	30	1	1	1	1	2	1
4718	53	30	1	1	1	1	2	1
4719	53	30	1	1	1	1	2	1
4720	53	30	1	1	1	1	2	1
4721	53	30	1	1	1	1	2	1
4722	53	30	1	1	1	1	2	1
4723	53	30	1	1	1	1	2	1
4724	53	30	1	1	1	1	2	1
4725	53	30	1	1	1	1	2	1
4726	53	30	1	1	1	1	2	1
4727	53	30	1	1	1	1	2	1
4728	53	30	1	1	1	1	2	1
4729	53	30	1	1	1	1	2	1
4730	53	30	1	1	1	1	2	1
4731	53	30	1	1	1	1	2	1
4732	53	30	1	1	1	1	2	1
4733	53	30	1	1	1	1	2	1
4734	53	30	1	1	1	1	2	1
4735	53	30	1	1	1	1	2	1
4736	53	30	1	1	1	1	2	1
4737	53	30	1	1	1	1	2	1
4738	53	30	1	1	1	1	2	1
4739	53	30	1	1	1	1	2	1
4740	53	30	1	1	1	1	2	1
4741	53	30	1	1	1	1	2	1
4742	53	30	1	1	1	1	2	1
4743	53	30	1	1	1	1	2	1
4744	53	30	1	1	1	1	2	1
4745	53	30	1	1	1	1	2	1
4746	53	30	1	1	1	1	2	1
4747	53	30	1	1	1	1	2	1
4748	53	30	1	1	1	1	2	1
4749	53	30	1	1	1	1	2	1
4750	53	30	1	1	1	1	2	1
4751	53	30	1	1	1	1	2	1
4752	53	30	1	1	1	1	2	1
4753	53	30	1	1	1	1	2	1
4754	53	30	1	1	1	1	2	1
4755	53	30	1	1	1	1	2	1
4756	53	30	1	1	1	1	2	1
4757	53	30	1	1	1	1	2	1
4758	53	30	1	1	1	1	2	1
4759	53	30	1	1	1	1	2	1
4760	53	30	1	1	1	1	2	1
4761	53	30	1	1	1	1	2	1
4762	53	30	1	1	1	1	2	1
4763	53	30	1	1	1	1	2	1
4764	53	30	1	1	1	1	2	1
4765	53	30	1	1	1	1	2	1
4766	53	30	1	1	1	1	2	1
4767	53	30	1	1	1	1	2	1
4768	53	30	1	1	1	1	2	1
4769	53	30	1	1	1	1	2	1
4770	53	30	1	1	1	1	2	1
4771	53	30	1	1	1	1	2	1
4772	53	30	1	1	1	1	2	1
4773	53	30	1	1	1	1	2	1
4774	53	30	1	1	1	1	2	1
4775	53	30	1	1	1	1	2	1
4776	53	30	1	1	1	1	2	1
4777	53	30	1	1	1	1	2	1
4778	53	30	1	1	1	1	2	1
4779	53	30	1	1	1	1	2	1
4780	53	30	1	1	1	1	2	1
4781	53	30	1	1	1	1	2	1
4782	53	30	1	1	1	1	2	1
4783	53	30	1	1	1	1	2	1
4784	53	30	1	1	1	1	2	1
4785	53	30	1	1	1	1	2	1
4786	53	30	1	1	1	1	2	1
4787	53	30	1	1	1	1	2	1
4788	53	30	1	1	1	1	2	1
4789	53	30	1	1	1	1	2	1
4790	53	30	1	1	1	1	2	1
4791	53	30	1	1	1	1	2	1
4792	53	30	1	1	1	1	2	1
4793	53	30	1	1	1	1	2	1
4794	53	30	1	1	1	1	2	1
4795	53	30	1	1	1	1	2	1
4796	53	30	1	1	1	1	2	1
4797	53	30	1	1	1	1	2	1
4798	53	30	1	1	1	1	2	1
4799	53	30	1	1	1	1	2	1
4800	53	30	1	1	1	1	2	1
4801	53	30	1	1	1	1	2	1
4802	53	30	1	1	1	1	2	1
4803	53	30	1	1	1	1	2	1
4804	53	30	1	1	1	1	2	1
4805	53	30	1	1	1	1	2	1
4806	53	30	1	1	1	1	2	1
4807	53	30	1	1	1	1	2	1
4808	53	30	1	1	1	1	2	1
4809	53	30	1	1	1	1	2	1
4810	53	30	1	1	1	1	2	1
4811	53	30	1	1	1	1	2	1
4812	53	30	1	1	1	1	2	1
4813	53	30	1	1	1	1	2	1
4814	53	30	1	1	1	1	2	1
4815	53	30	1	1	1	1	2	1
4816	53	30	1	1	1	1	2	1
4817	53	30	1	1	1	1	2	1
4818	53	30	1	1	1	1	2	1
4819	53	30	1	1	1	1	2	1
4820	53	30	1	1	1	1	2	1
4821	53	30	1	1	1	1	2	1
4822	53	30	1	1	1	1	2	1
4823	53	30	1	1	1	1	2	1
4824	53	30	1	1	1	1	2	1
4825	53	30	1	1	1	1	2	1
4826	53	30	1	1	1	1	2	1
4827	53	30	1	1	1	1	2	1
4828	53	30	1	1	1	1	2	1
4829	53	30	1	1	1	1	2	1
4830	53	30	1	1	1	1	2	1
4831	53	30	1	1	1	1	2	1
4832	53	30	1	1	1	1	2	1
4833	53	30	1	1	1	1	2	1
4834	53	30	1	1	1	1	2	1
4835	53	30	1	1	1	1	2	1
4836	53	30	1	1	1	1	2	1
4837	53	30	1	1	1	1	2	1
4838	53	30	1	1	1	1	2	1
4839	53	30	1	1	1	1	2	1
4840	53	30	1	1	1	1	2	1
4841	53	30	1	1	1	1	2	1
4842	53	30	1	1	1	1	2	1
4843	53	30	1	1	1	1	2	1
4844	53	30	1	1	1	1	2	1
4845	53	30	1	1	1	1	2	1
4846	53	30	1	1	1	1	2	1
4847	53	30	1	1	1	1	2	1
4848	53	30	1	1	1	1	2	1
4849	53	30	1	1	1	1	2	1
4850	53	30	1	1	1	1	2	1
4851	53	30	1	1	1	1	2	1
4852	53	30	1	1	1	1	2	1
4853	53	30	1	1	1	1	2	1
4854	53	30	1	1	1	1	2	1
4855	53	30	1	1	1	1	2	1
4856	53	30	1	1	1	1	2	1
4857	53	30	1	1	1	1	2	1
4858	53	30	1	1	1	1	2	1
4859	53	30	1	1	1	1	2	1
4860	53	30	1	1	1	1	2	1
4861	53	30	1	1	1	1	2	1
4862	53	30	1	1	1	1	2	1
4863	53	30	1	1	1	1	2	1
4864	53	30	1	1	1	1	2	1
4865	53	30	1	1	1	1	2	1
4866	53	30	1	1	1	1	2	1
4867	53	30	1	1	1	1	2	1
4868	53	30	1	1	1	1	2	1
4869	53	30	1	1	1	1	2	1
4870	53	30	1	1	1	1	2	1
4871	53	30	1	1	1	1	2	1
4872	53	30	1	1	1	1	2	1
4873	53	30	1	1	1	1	2	1
4874	53	30	1	1	1	1	2	1
4875	53	30	1	1	1	1	2	1
4876	53	30	1	1	1	1	2	1
4877	53	30	1	1	1	1	2	1
4878	53	30	1	1	1	1	2	1
4879	53	30	1	1	1	1	2	1
4880	53	30	1	1	1	1	2	1
4881	53	30	1	1	1	1	2	1
4882	53	30	1	1	1	1	2	1
4883	53	30	1	1	1	1	2	1
4884	53	30	1	1	1	1	2	1
4885	53	30	1	1	1	1	2	1
4886	53	30	1	1	1	1	2	1
4887	53	30	1	1	1	1	2	1
4888	53	30	1	1	1	1	2	1
4889	53	30	1	1	1	1	2	1
4890	53	30	1	1	1	1	2	1
4891	53	30	1	1	1	1	2	1
4892	53	30	1	1	1	1	2	1
4893	53	30	1	1	1	1	2	1
4894	53	30	1	1	1	1	2	1
4895	53	30	1	1	1	1	2	1
4896	53	30	1	1	1	1	2	1
4897	53	30	1	1	1	1	2	1
4898	53	30	1	1	1	1	2	1
4899	53	30	1	1	1	1	2	1
4900	53	30	1	1	1	1	2	1
4901	53	30	1	1	1	1	2	1
4902	53	30	1	1	1	1	2	1
4903	53	30	1	1	1	1	2	1
4904	53	30	1	1	1	1	2	1
4905	53	30	1	1	1	1	2	1
4906	53	30	1	1	1	1	2	1
4907	53	30	1	1	1	1	2	1
4908	53	30	1	1	1	1	2	1
4909	53	30	1	1	1	1	2	1
4910	53	30	1	1	1	1	2	1
4911	53	30	1	1	1	1	2	1
4912	53	30	1	1	1	1	2	1
4913	53	30	1	1	1	1	2	1
4914	53	30	1	1	1	1	2	1
4915	53	30	1	1	1	1	2	1
4916	53	30	1	1	1	1	2	1
4917	53	30	1	1	1	1	2	1
4918	53	30	1	1	1	1	2	1
4919	53	30	1	1	1	1	2	1
4920	53	30	1	1	1	1	2	1
4921	53	30	1	1	1	1	2	1
4922	53	30	1	1	1	1	2	1
4923	53	30	1	1	1	1	2	1
4924	53	30	1	1	1	1	2	1
4925	53	30	1	1	1	1	2	1
4926	53	30	1	1	1	1	2	1
4927	53	30	1	1	1	1	2	1
4928	53	30	1	1	1	1	2	1
4929	53	30	1	1	1	1	2	1
4930	53	30	1	1	1	1	2	1
4931	53	30	1	1	1	1	2	1
4932	53	30	1	1	1	1	2	1
4933	53	30	1	1	1	1	2	1
4934	53	30	1	1	1	1	2	1
4935	53	30	1	1	1	1	2	1
4936	53	30	1	1	1	1	2	1
4937	53	30	1	1	1	1	2	1
4938	53	30	1	1	1	1	2	1
4939	53	30	1	1	1	1	2	1
4940	53	30	1	1	1	1	2	1
4941	53	30	1	1	1	1	2	1
4942	53	30	1	1	1	1	2	1
4943	53	30	1	1	1	1	2	1
4944	53	30	1	1	1	1	2	1
4945	53	30	1	1	1	1	2	1
4946	53	30	1	1	1	1	2	1
4947	53	30	1	1	1	1	2	1
4948	53	30	1	1	1	1	2	1
4949	53	30	1	1	1	1	2	1
4950	53	30	1	1	1	1	2	1
4951	53	30	1	1	1	1	2	1
4952	53	30	1	1	1	1	2	1
4953	53	30	1	1	1	1	2	1
4954	53	30	1	1	1	1	2	1
4955	53	30	1	1	1	1	2	1
4956	53	30	1	1	1	1	2	1
4957	53	30	1	1	1	1	2	1
4958	53	30	1	1	1	1	2	1
4959	53	30	1	1	1	1	2	1
4960	53	30	1	1	1	1	2	1
4961	53	30	1	1	1	1	2	1
4962	53	30	1	1	1	1	2	1
4963	53	30	1	1	1	1	2	1
4964	53	30	1	1	1	1	2	1
4965	53	30	1	1	1	1	2	1
4966	53	30	1	1	1	1	2	1
4967	53	30	1	1	1	1	2	1
4968	53	30	1	1	1	1	2	1
4969	53	30	1	1	1	1	2	1
4970	53	30	1	1	1	1	2	1
4971	53	30	1	1	1	1	2	1
4972	53	30	1	1	1	1	2	1
4973	53	30	1	1	1	1	2	1
4974	53	30	1	1	1	1	2	1
4975	53	30	1	1	1	1	2	1
4976	53	30	1	1	1	1	2	1
4977	53	30	1	1	1	1	2	1
4978	53	30	1	1	1	1	2	1
4979	53	30	1	1	1	1	2	1
4980	53	30	1	1	1	1	2	1
4981	53	30	1	1	1	1	2	1
4982	53	30	1	1	1	1	2	1
4983	53	30	1	1	1	1	2	1
4984	53	30	1	1	1	1	2	1
4985	53	30	1	1	1	1	2	1
4986	53	30	1	1	1	1	2	1
4987	53	30	1	1	1	1	2	1
4988	53	30	1	1	1	1	2	1
4989	53	30	1	1	1	1	2	1
4990	53	30	1	1	1	1	2	1
4991	53	30	1	1	1	1	2	1
4992	53	30	1	1	1	1	2	1
4993	53	30	1	1	1	1	2	1
4994	53	30	1	1	1	1	2	1
4995	53	30	1	1	1	1	2	1
4996	53	30	1	1	1	1	2	1
4997	53	30	1	1	1	1	2	1
4998	53	30	1	1	1	1	2	1
4999	53	30	1	1	1	1	2	1
5000	53	30	1	1	1	1	2	1
5001	53	30	1	1	1	1	2	1
5002	53	30	1	1	1	1	2	1
5003	53	30	1	1	1	1	2	1
5004	53	30	1	1	1	1	2	1
5005	53	30	1	1	1	1	2	1
5006	53	30	1	1	1	1	2	1
5007	53	30	1	1	1	1	2	1
5008	53	30	1	1	1	1	2	1
5009	53	30	1	1	1	1	2	1
5010	53	30	1	1	1	1	2	1
5011	53	30	1	1	1	1	2	1
5012	53	30	1	1	1	1	2	1
5013	53	30	1	1	1	1	2	1
5014	53	30	1	1	1	1	2	1
5015	53	30	1	1	1	1	2	1
5016	53	30	1	1	1	1	2	1
5017	53	30	1	1	1	1	2	1
5018	53	30	1	1	1	1	2	1
5019	53	30	1	1	1	1	2	1
5020	53	30	1	1	1	1	2	1
5021	53	30	1	1	1	1	2	1
5022	53	30	1	1	1	1	2	1
5023	53	30	1	1	1	1	2	1
5024	53	30	1	1	1	1	2	1
5025	53	30	1	1	1	1	2	1
5026	53	30	1	1	1	1	2	1
5027	53	30	1	1	1	1	2	1
5028	53	30	1	1	1	1	2	1
5029	53	30	1	1	1	1	2	1
5030	53	30	1	1	1	1	2	1
5031	53	30	1	1	1	1	2	1
5032	53	30	1	1	1	1	2	1
5033	53	30	1	1	1	1	2	1
5034	53	30	1	1	1	1	2	1
5035	53	30	1	1	1	1	2	1
5036	53	30	1	1	1	1	2	1
5037	53	30	1	1	1	1	2	1
5038	53	30	1	1	1	1	2	1
5039	53	30	1	1	1	1	2	1
5040	53	30	1	1	1	1	2	1
5041	53	30	1	1	1	1	2	1
5042	53	30	1	1	1	1	2	1
5043	53	30	1	1	1	1	2	1
5044	53	30	1	1	1	1	2	1
5045	53	30	1	1	1	1	2	1
5046	53	30	1	1	1	1	2	1
5047	53	30	1	1	1	1	2	1
5048	53	30	1	1	1	1	2	1
5049	53	30	1	1	1	1	2	1
5050	53	30	1	1	1	1	2	1
5051	53	30	1	1	1	1	2	1
5052	53	30	1	1	1	1	2	1
5053	53	30	1	1	1	1	2	1
5054	53	30	1	1	1	1	2	1
5055	53	30	1	1	1	1	2	1
5056	53	30	1	1	1	1	2	1
5057	53	30	1	1	1	1	2	1
5058	53	30	1	1	1	1	2	1
5059	53	30	1	1	1	1	2	1
5060	53	30	1	1	1	1	2	1
5061	53	30	1	1	1	1	2	1
5062	53	30	1	1	1	1	2	1
5063	53	30	1	1	1	1	2	1
5064	53	30	1	1	1	1	2	1
5065	53	30	1	1	1	1	2	1
5066	53	30	1	1	1	1	2	1
5067	53	30	1	1	1	1	2	1
5068	53	30	1	1	1	1	2	1
5069	53	30	1	1	1	1	2	1
5070	53	30	1	1	1	1	2	1
5071	53	30	1	1	1	1	2	1
5072	53	30	1	1	1	1	2	1
5073	53	30	1	1	1	1	2	1
5074	53	30	1	1	1	1	2	1
5075	53	30	1	1	1	1	2	1
5076	53	30	1	1	1	1	2	1
5077	53	30	1	1	1	1	2	1
5078	53	30	1	1	1	1	2	1
5079	53	30	1	1	1	1	2	1
5080	53	30	1	1	1	1	2	1
5081	53	30	1	1	1	1	2	1
5082	53	30	1	1	1	1	2	1
5083	53	30	1	1	1	1	2	1
5084	53	30	1	1	1	1	2	1
5085	53	30	1	1	1	1	2	1
5086	53	30	1	1	1	1	2	1
5087	53	30	1	1	1	1	2	1
5088	53	30	1	1	1	1	2	1
5089	53	30	1	1	1	1	2	1
5090	53	30	1	1	1	1	2	1
5091	53	30	1	1	1	1	2	1
5092	53	30	1	1	1	1	2	1
5093	53	30	1	1	1	1	2	1
5094	53	30	1	1	1	1	2	1
5095	53	30	1	1	1	1	2	1
5096	53	30	1	1	1	1	2	1
5097	53	30	1	1	1	1	2	1
5098	53	30	1	1	1	1	2	1
5099	53	30	1	1	1	1	2	1
5100	53	30	1	1	1	1	2	1
5101	53	30	1	1	1	1	2	1
5102	53	30	1	1	1	1	2	1
5103	53	30	1	1	1	1	2	1
5104	53	30	1	1	1	1	2	1
5105	53	30	1	1	1	1	2	1
5106	53	30	1	1	1	1	2	1
5107	53	30	1	1	1	1	2	1
5108	53	30	1	1	1	1	2	1
5109	53	30	1	1	1	1	2	1
5110	53	30	1	1	1	1	2	1
5111	53	30	1	1	1	1	2	1
5112	53	30	1	1	1	1	2	1
5113	53	30	1	1	1	1	2	1
5114	53	30	1	1	1	1	2	1
5115	53	30	1	1	1	1	2	1
5116	53	30	1	1	1	1	2	1
5117	53	30	1	1	1	1	2	1
5118	53	30	1	1	1	1	2	1
5119	53	30	1	1	1	1	2	1
5120	53	30	1	1	1	1	2	1
5121	53	30	1	1	1	1	2	1
5122	53	30	1	1	1	1	2	1
5123	53	30	1	1	1	1	2	1
5124	53	30	1	1	1	1	2	1
5125	53	30	1	1	1	1	2	1
5126	53	30	1	1	1	1	2	1
5127	53	30	1	1	1	1	2	1
5128	53	30	1	1	1	1	2	1
5129	53	30	1	1	1	1	2	1
5130	53	30	1	1	1	1	2	1
5131	53	30	1	1	1	1	2	1
5132	53	30	1	1	1	1	2	1
5133	53	30	1	1	1	1	2	1
5134	53	30	1	1	1	1	2	1
5135	53	30	1	1	1	1	2	1
5136	53	30	1	1	1	1	2	1
5137	53	30	1	1	1	1	2	1
5138	53	30	1	1	1	1	2	1
5139	53	30	1	1	1	1	2	1
5140	53	30	1	1	1	1	2	1
5141	53	30	1	1	1	1	2	1
5142	53	30	1	1	1	1	2	1
5143	53	30	1	1	1	1	2	1
5144	53	30	1	1	1	1	2	1
5145	53	30	1	1	1	1	2	1
5146	53	30	1	1	1	1	2	1
5147	53	30	1	1	1	1	2	1
5148	53	30	1	1	1	1	2	1
5149	53	30	1	1	1	1	2	1
5150	53	30	1	1	1	1	2	1
5151	53	30	1	1	1	1	2	1
5152	53	30	1	1	1	1	2	1
5153	53	30	1	1	1	1	2	1
5154	53	30	1	1	1	1	2	1
5155	53	30	1	1	1	1	2	1
5156	53	30	1	1	1	1	2	1
5157	53	30	1	1	1	1	2	1
5158	53	30	1	1	1	1	2	1
5159	53	30	1	1	1	1	2	1
5160	53	30	1	1	1	1	2	1
5161	53	30	1	1	1	1	2	1
5162	53	30	1	1	1	1	2	1
5163	53	30	1	1	1	1	2	1
5164	53	30	1	1	1	1	2	1
5165	53	30	1	1	1	1	2	1
5166	53	30	1	1	1	1	2	1
5167	53	30	1	1	1	1	2	1
5168	53	30	1	1	1	1	2	1
5169	53	30	1	1	1	1	2	1
5170	53	30	1	1	1	1	2	1
5171	53	30	1	1	1	1	2	1
5172	53	30	1	1	1	1	2	1
5173	53	30	1	1	1	1	2	1
5174	53	30	1	1	1	1	2	1
5175	53	30	1	1	1	1	2	1
5176	53	30	1	1	1	1	2	1
5177	53	30	1	1	1	1	2	1
5178	53	30	1	1	1	1	2	1
5179	53	30	1	1	1	1	2	1
5180	53	30	1	1	1	1	2	1
5181	53	30	1	1	1	1	2	1
5182	53	30	1	1	1	1	2	1
5183	53	30	1	1	1	1	2	1
5184	53	30	1	1	1	1	2	1
5185	53	30	1	1	1	1	2	1
5186	53	30	1	1	1	1	2	1
5187	53	30	1	1	1	1	2	1
5188	53	30	1	1	1	1	2	1
5189	53	30	1	1	1	1	2	1
5190	53	30	1	1	1	1	2	1
5191	53	30	1	1	1	1	2	1
5192	53	30	1	1	1	1	2	1
5193	53	30	1	1	1	1	2	1
5194	53	30	1	1	1	1	2	1
5195	53	30	1	1	1	1	2	1
5196	53	30	1	1	1	1	2	1
5197	53	30	1	1	1	1	2	1
5198	53	30	1	1	1	1	2	1
5199	53	30	1	1	1	1	2	1
5200	53	30	1	1	1	1	2	1
5201	53	30	1	1	1	1	2	1
5202	53	30	1	1	1	1	2	1
5203	53	30	1	1	1	1	2	1
5204	53	30	1	1	1	1	2	1
5205	53	30	1	1	1	1	2	1
5206	53	30	1	1	1	1	2	1
5207	53	30	1	1	1	1	2	1
5208	53	30	1	1	1	1	2	1
5209	53	30	1	1	1	1	2	1
5210	53	30	1	1	1	1	2	1
5211	53	30	1	1	1	1	2	1
5212	53	30	1	1	1	1	2	1
5213	53	30	1	1	1	1	2	1
5214	53	30	1	1	1	1	2	1
5215	53	30	1	1	1	1	2	1
5216	53	30	1	1	1	1	2	1
5217	53	30	1	1	1	1	2	1
5218	53	30	1	1	1	1	2	1
5219	53	30	1	1	1	1	2	1
5220	53	30	1	1	1	1	2	1
5221	53	30	1	1	1	1	2	1
5222	53	30	1	1	1	1	2	1
5223	53	30	1	1	1	1	2	1
5224	53	30	1	1	1	1	2	1
5225	53	30	1	1	1	1	2	1
5226	53	30	1	1	1	1	2	1
5227	53	30	1	1	1	1	2	1
5228	53	30	1	1	1	1	2	1
5229	53	30	1	1	1	1	2	1
5230	53	30	1	1	1	1	2	1
5231	53	30	1	1	1	1	2	1
5232	53	30	1	1	1	1	2	1
5233	53	30	1	1	1	1	2	1
5234	53	30	1	1	1	1	2	1
5235	53	30	1	1	1	1	2	1
5236	53	30	1	1	1	1	2	1
5237	53	30	1	1	1	1	2	1
5238	53	30	1	1	1	1	2	1
5239	53	30	1	1	1	1	2	1
5240	53	30	1	1	1	1	2	1
5241	53	30	1	1	1	1	2	1
5242	53	30	1	1	1	1	2	1
5243	53	30	1	1	1	1	2	1
5244	53	30	1	1	1	1	2	1
5245	53	30	1	1	1	1	2	1
5246	53	30	1	1	1	1	2	1
5247	53	30	1	1	1	1	2	1
5248	53	30	1	1	1	1	2	1
5249	53	30	1	1	1	1	2	1
5250	53	30	1	1	1	1	2	1
5251	53	30	1	1	1	1	2	1
5252	53	30	1	1	1	1	2	1
5253	53	30	1	1	1	1	2	1
5254	53	30	1	1	1	1	2	1
5255	53	30	1	1	1	1	2	1
5256	53	30	1	1	1	1	2	1
5257	53	30	1	1	1	1	2	1
5258	53	30	1	1	1	1	2	1
5259	53	30	1	1	1	1	2	1
5260	53	30	1	1	1	1	2	1
5261	53	30	1	1	1	1	2	1
5262	53	30	1	1	1	1	2	1
5263	53	30	1	1	1	1	2	1
5264	53	30	1	1	1	1	2	1
5265	53	30	1	1	1	1	2	1
5266	53	30	1	1	1	1	2	1
5267	53	30	1	1	1	1	2	1
5268	53	30	1	1	1	1	2	1
5269	53	30	1	1	1	1	2	1
5270	53	30	1	1	1	1	2	1
5271	53	30	1	1	1	1	2	1
5272	53	30	1	1	1	1	2	1
5273	53	30	1	1	1	1	2	1
5274	53	30	1	1	1	1	2	1
5275	53	30	1	1	1	1	2	1
5276	53	30	1	1	1	1	2	1
5277	53	30	1	1	1	1	2	1
5278	53	30	1	1	1	1	2	1
5279	53	30	1	1	1	1	2	1
5280	53	30	1	1	1	1	2	1
5281	53	30	1	1	1	1	2	1
5282	53	30	1	1	1	1	2	1
5283	53	30	1	1	1	1	2	1
5284	53	30	1	1	1	1	2	1
5285	53	30	1	1	1	1	2	1
5286	53	30	1	1	1	1	2	1
5287	53	30	1	1	1	1	2	1
5288	53	30	1	1	1	1	2	1
5289	53	30	1	1	1	1	2	1
5290	53	30	1	1	1	1	2	1
5291	53	30	1	1	1	1	2	1
5292	53	30	1	1	1	1	2	1
5293	53	30	1	1	1	1	2	1
5294	53	30	1	1	1	1	2	1
5295	53	30	1	1	1	1	2	1
5296	53	30	1	1	1	1	2	1
5297	53	30	1	1	1	1	2	1
5298	53	30	1	1	1	1	2	1
5299	53	30	1	1	1	1	2	1
5300	53	30	1	1	1	1	2	1
5301	53	30	1	1	1	1	2	1
5302	53	30	1	1	1	1	2	1
5303	53	30	1	1	1	1	2	1
5304	53	30	1	1	1	1	2	1
5305	53	30	1	1	1	1	2	1
5306	53	30	1	1	1	1	2	1
5307	53	30	1	1	1	1	2	1
5308	53	30	1	1	1	1	2	1
5309	53	30	1	1	1	1	2	1
5310	53	30	1	1	1	1	2	1
5311	53	30	1	1	1	1	2	1
5312	53	30	1	1	1	1	2	1
5313	53	30	1	1	1	1	2	1
5314	53	30	1	1	1	1	2	1
5315	53	30	1	1	1	1	2	1
5316	53	30	1	1	1	1	2	1
5317	53	30	1	1	1	1	2	1
5318	53	30	1	1	1	1	2	1
5319	53	30	1	1	1	1	2	1
5320	53	30	1	1	1	1	2	1
5321	53	30	1	1	1	1	2	1
5322	53	30	1	1	1	1	2	1
5323	53	30	1	1	1	1	2	1
5324	53	30	1	1	1	1	2	1
5325	53	30	1	1	1	1	2	1
5326	53	30	1	1	1	1	2	1
5327	53	30	1	1	1	1	2	1
5328	53	30	1	1	1	1	2	1
5329	53	30	1	1	1	1	2	1
5330	53	30	1	1	1	1	2	1
5331	53	30	1	1	1	1	2	1
5332	53	30	1	1	1	1	2	1
5333	53	30	1	1	1	1	2	1
5334	53	30	1	1	1	1	2	1
5335	53	30	1	1	1	1	2	1
5336	53	30	1	1	1	1	2	1
5337	53	30	1	1	1	1	2	1
5338	53	30	1	1	1	1	2	1
5339	53	30	1	1	1	1	2	1
5340	53	30	1	1	1	1	2	1
5341	53	30	1	1	1	1	2	1
5342	53	30	1	1	1	1	2	1
5343	53	30	1	1	1	1	2	1
5344	53	30	1	1	1	1	2	1
5345	53	30	1	1	1	1	2	1
5346	53	30	1	1	1	1	2	1
5347	53	30	1	1	1	1	2	1
5348	53	30	1	1	1	1	2	1
5349	53	30	1	1	1	1	2	1
5350	53	30	1	1	1	1	2	1
5351	53	30	1	1	1	1	2	1
5352	53	30	1	1	1	1	2	1
5353	53	30	1	1	1	1	2	1
5354	53	30	1	1	1	1	2	1
5355	53	30	1	1	1	1	2	1
5356	53	30	1	1	1	1	2	1
5357	53	30	1	1	1	1	2	1
5358	53	30	1	1	1	1	2	1
5359	53	30	1	1	1	1	2	1
5360	53	30	1	1	1	1	2	1
5361	53	30	1	1	1	1	2	1
5362	53	30	1	1	1	1	2	1
5363	53	30	1	1	1	1	2	1
5364	53	30	1	1	1	1	2	1
5365	53	30	1	1	1	1	2	1
5366	53	30	1	1	1	1	2	1
5367	53	30	1	1	1	1	2	1
5368	53	30	1	1	1	1	2	1
5369	53	30	1	1	1	1	2	1
5370	53	30	1	1	1	1	2	1
5371	53	30	1	1	1	1	2	1
5372	53	30	1	1	1	1	2	1
5373	53	30	1	1	1	1	2	1
5374	53	30	1	1	1	1	2	1
5375	53	30	1	1	1	1	2	1
5376	53	30	1	1	1	1	2	1
5377	53	30	1	1	1	1	2	1
5378	53	30	1	1	1	1	2	1
5379	53	30	1	1	1	1	2	1
5380	53	30	1	1	1	1	2	1
5381	53	30	1	1	1	1	2	1
5382	53	30	1	1	1	1	2	1
5383	53	30	1	1	1	1	2	1
5384	53	30	1	1	1	1	2	1
5385	53	30	1	1	1	1	2	1
5386	53	30	1	1	1	1	2	1
5387	53	30	1	1	1	1	2	1
5388	53	30	1	1	1	1	2	1
5389	53	30	1	1	1	1	2	1
5390	53	30	1	1	1	1	2	1
5391	53	30	1	1	1	1	2	1
5392	53	30	1	1	1	1	2	1
5393	53	30	1	1	1	1	2	1
5394	53	30	1	1	1	1	2	1
5395	53	30	1	1	1	1	2	1
5396	53	30	1	1	1	1	2	1
5397	53	30	1	1	1	1	2	1
5398	53	30	1	1	1	1	2	1
5399	53	30	1	1	1	1	2	1
5400	53	30	1	1	1	1	2	1
5401	53	30	1	1	1	1	2	1
5402	53	30	1	1	1	1	2	1
5403	53	30	1	1	1	1	2	1
5404	53	30	1	1	1	1	2	1
5405	53	30	1	1	1	1	2	1
5406	53	30	1	1	1	1	2	1
5407	53	30	1	1	1	1	2	1
5408	53	30	1	1	1	1	2	1
5409	53	30	1	1	1	1	2	1
5410	53	30	1	1	1	1	2	1
5411	53	30	1	1	1	1	2	1
5412	53	30	1	1	1	1	2	1
5413	53	30	1	1	1	1	2	1
5414	53	30	1	1	1	1	2	1
5415	53	30	1	1	1	1	2	1
5416	53	30	1	1	1	1	2	1
5417	53	30	1	1	1	1	2	1
5418	53	30	1	1	1	1	2	1
5419	53	30	1	1	1	1	2	1
5420	53	30	1	1	1	1	2	1
5421	53	30	1	1	1	1	2	1
5422	53	30	1	1	1	1	2	1
5423	53	30	1	1	1	1	2	1
5424	53	30	1	1	1	1	2	1
5425	53	30	1	1	1	1	2	1
5426	53	30	1	1	1	1	2	1
5427	53	30	1	1	1	1	2	1
5428	53	30	1	1	1	1	2	1
5429	53	30	1	1	1	1	2	1
5430	53	30	1	1	1	1	2	1
5431	53	30	1	1	1	1	2	1
5432	53	30	1	1	1	1	2	1
5433	53	30	1	1	1	1	2	1
5434	53	30	1	1	1	1	2	1
5435	53	30	1	1	1	1	2	1
5436	53	30	1	1	1	1	2	1
5437	53	30	1	1	1	1	2	1
5438	53	30	1	1	1	1	2	1
5439	53	30	1	1	1	1	2	1
5440	53	30	1	1	1	1	2	1
5441	53	30	1	1	1	1	2	1
5442	53	30	1	1	1	1	2	1
5443	53	30	1	1	1	1	2	1
5444	53	30	1	1	1	1	2	1
5445	53	30	1	1	1	1	2	1
5446	53	30	1	1	1	1	2	1
5447	53	30	1	1	1	1	2	1
5448	53	30	1	1	1	1	2	1
5449	53	30	1	1	1	1	2	1
5450	53	30	1	1	1	1	2	1
5451	53	30	1	1	1	1	2	1
5452	53	30	1	1	1	1	2	1
5453	53	30	1	1	1	1	2	1
5454	53	30	1	1	1	1	2	1
5455	53	30	1	1	1	1	2	1
5456	53	30	1	1	1	1	2	1
5457	53	30	1	1	1	1	2	1
5458	53	30	1	1	1	1	2	1
5459	53	30	1	1	1	1	2	1
5460	53	30	1	1	1	1	2	1
5461	53	30	1	1	1	1	2	1
5462	53	30	1	1	1	1	2	1
5463	53	30	1	1	1	1	2	1
5464	53	30	1	1	1	1	2	1
5465	53	30	1	1	1	1	2	1
5466	53	30	1	1	1	1	2	1
5467	53	30	1	1	1	1	2	1
5468	53	30	1	1	1	1	2	1
5469	53	30	1	1	1	1	2	1
5470	53	30	1	1	1	1	2	1
5471	53	30	1	1	1	1	2	1
5472	53	30	1	1	1	1	2	1
5473	53	30	1	1	1	1	2	1
5474	53	30	1	1	1	1	2	1
5475	53	30	1	1	1	1	2	1
5476	53	30	1	1	1	1	2	1
5477	53	30	1	1	1	1	2	1
5478	53	30	1	1	1	1	2	1
5479	53	30	1	1	1	1	2	1
5480	53	30	1	1	1	1	2	1
5481	53	30	1	1	1	1	2	1
5482	53	30	1	1	1	1	2	1
5483	53	30	1	1	1	1	2	1
5484	53	30	1	1	1	1	2	1
5485	53	30	1	1	1	1	2	1
5486	53	30	1	1	1	1	2	1
5487	53	30	1	1	1	1	2	1
5488	53	30	1	1	1	1	2	1
5489	53	30	1	1	1	1	2	1
5490	53	30	1	1	1	1	2	1
5491	53	30	1	1	1	1	2	1
5492	53	30	1	1	1	1	2	1
5493	53	30	1	1	1	1	2	1
5494	53	30	1	1	1	1	2	1
5495	53	30	1	1	1	1	2	1
5496	53	30	1	1	1	1	2	1
5497	53	30	1	1	1	1	2	1
5498	53	30	1	1	1	1	2	1
5499	53	30	1	1	1	1	2	1
5500	53	30	1	1	1	1	2	1
5501	53	30	1	1	1	1	2	1
5502	53	30	1	1	1	1	2	1
5503	53	30	1	1	1	1	2	1
5504	53	30	1	1	1	1	2	1
5505	53	30	1	1	1	1	2	1
5506	53	30	1	1	1	1	2	1
5507	53	30	1	1	1	1	2	1
5508	53	30	1	1	1	1	2	1
5509	53	30	1	1	1	1	2	1
5510	53	30	1	1	1	1	2	1
5511	53	30	1	1	1	1	2	1
5512	53	30	1	1	1	1	2	1
5513	53	30	1	1	1	1	2	1
5514	53	30	1	1	1	1	2	1
5515	53	30	1	1	1	1	2	1
5516	53	30	1	1	1	1	2	1
5517	53	30	1	1	1	1	2	1
5518	53	30	1	1	1	1	2	1
5519	53	30	1	1	1	1	2	1
5520	53	30	1	1	1	1	2	1
5521	53	30	1	1	1	1	2	1
5522	53	30	1	1	1	1	2	1
5523	53	30	1	1	1	1	2	1
5524	53	30	1	1	1	1	2	1
5525	53	30	1	1	1	1	2	1
5526	53	30	1	1	1	1	2	1
5527	53	30	1	1	1	1	2	1
5528	53	30	1	1	1	1	2	1
5529	53	30	1	1	1	1	2	1
5530	53	30	1	1	1	1	2	1
5531	53	30	1	1	1	1	2	1
5532	53	30	1	1	1	1	2	1
5533	53	30	1	1	1	1	2	1
5534	53	30	1	1	1	1	2	1
5535	53	30	1	1	1	1	2	1
5536	53	30	1	1	1	1	2	1
5537	53	30	1	1	1	1	2	1
5538	53	30	1	1	1	1	2	1
5539	53	30	1	1	1	1	2	1
5540	53	30	1	1	1	1	2	1
5541	53	30	1	1	1	1	2	1
5542	53	30	1	1	1	1	2	1
5543	53	30	1	1	1	1	2	1
5544	53	30	1	1	1	1	2	1
5545	53	30	1	1	1	1	2	1
5546	53	30	1	1	1	1	2	1
5547	53	30	1	1	1	1	2	1
5548	53	30	1	1	1	1	2	1
5549	53	30	1	1	1	1	2	1
5550	53	30	1	1	1	1	2	1
5551	53	30	1	1	1	1	2	1
5552	53	30	1	1	1	1	2	1
5553	53	30	1	1	1	1	2	1
5554	53	30	1	1	1	1	2	1
5555	53	30	1	1	1	1	2	1
5556	53	30	1	1	1	1	2	1
5557	53	30	1	1	1	1	2	1
5558	53	30	1	1	1	1	2	1
5559	53	30	1	1	1	1	2	1
5560	53	30	1	1	1	1	2	1
5561	53	30	1	1	1	1	2	1
5562	53	30	1	1	1	1	2	1
5563	53	30	1	1	1	1	2	1
5564	53	30	1	1	1	1	2	1
5565	53	30	1	1	1	1	2	1
5566	53	30	1	1	1	1	2	1
5567	53	30	1	1	1	1	2	1
5568	53	30	1	1	1	1	2	1
5569	53	30	1	1	1	1	2	1
5570	53	30	1	1	1	1	2	1
5571	53	30	1	1	1	1	2	1
5572	53	30	1	1	1	1	2	1
5573	53	30	1	1	1	1	2	1
5574	53	30	1	1	1	1	2	1
5575	53	30	1	1	1	1	2	1
5576	53	30	1	1	1	1	2	1
5577	53	30	1	1	1	1	2	1
5578	53	30	1	1	1	1	2	1
5579	53	30	1	1	1	1	2	1
5580	53	30	1	1	1	1	2	1
5581	53	30	1	1	1	1	2	1
5582	53	30	1	1	1	1	2	1
5583	53	30	1	1	1	1	2	1
5584	53	30	1	1	1	1	2	1
5585	53	30	1	1	1	1	2	1
5586	53	30	1	1	1	1	2	1
5587	53	30	1	1	1	1	2	1
5588	53	30	1	1	1	1	2	1
5589	53	30	1	1	1	1	2	1
5590	53	30	1	1	1	1	2	1
5591	53	30	1	1	1	1	2	1
5592	53	30	1	1	1	1	2	1
5593	53	30	1	1	1	1	2	1
5594	53	30	1	1	1	1	2	1
5595	53	30	1	1	1	1	2	1
5596	53	30	1	1	1	1	2	1
5597	53	30	1	1	1	1	2	1
5598	53	30	1	1	1	1	2	1
5599	53	30	1	1	1	1	2	1
5600	53	30	1	1	1	1	2	1
5601	53	30	1	1	1	1	2	1
5602	53	30	1	1	1	1	2	1
5603	53	30	1	1	1	1	2	1
5604	53	30	1	1	1	1	2	1
5605	53	30	1	1	1	1	2	1
5606	53	30	1	1	1	1	2	1
5607	53	30	1	1	1	1	2	1
5608	53	30	1	1	1	1	2	1
5609	53	30	1	1	1	1	2	1
5610	53	30	1	1	1	1	2	1
5611	53	30	1	1	1	1	2	1
5612	53	30	1	1	1	1	2	1
5613	53	30	1	1	1	1	2	1
5614	53	30	1	1	1	1	2	1
5615	53	30	1	1	1	1	2	1
5616	53	30	1	1	1	1	2	1
5617	53	30	1	1	1	1	2	1
5618	53	30	1	1	1	1	2	1
5619	53	30	1	1	1	1	2	1
5620	53	30	1	1	1	1	2	1
5621	53	30	1	1	1	1	2	1
5622	53	30	1	1	1	1	2	1
5623	53	30	1	1	1	1	2	1
5624	53	30	1	1	1	1	2	1
5625	53	30	1	1	1	1	2	1
5626	53	30	1	1	1	1	2	1
5627	53	30	1	1	1	1	2	1
5628	53	30	1	1	1	1	2	1
5629	53	30	1	1	1	1	2	1
5630	53	30	1	1	1	1	2	1
5631	53	30	1	1	1	1	2	1
5632	53	30	1	1	1	1	2	1
5633	53	30	1	1	1	1	2	1
5634	53	30	1	1	1	1	2	1
5635	53	30	1	1	1	1	2	1
5636	53	30	1	1	1	1	2	1
5637	53	30	1	1	1	1	2	1
5638	53	30	1	1	1	1	2	1
5639	53	30	1	1	1	1	2	1
5640	53	30	1	1	1	1	2	1
5641	53	30	1	1	1	1	2	1
5642	53	30	1	1	1	1	2	1
5643	53	30	1	1	1	1	2	1
5644	53	30	1	1	1	1	2	1
5645	53	30	1	1	1	1	2	1
5646	53	30	1	1	1	1	2	1
5647	53	30	1	1	1	1	2	1
5648	53	30	1	1	1	1	2	1
5649	53	30	1	1	1	1	2	1
5650	53	30	1	1	1	1	2	1
5651	53	30	1	1	1	1	2	1
5652	53	30	1	1	1	1	2	1
5653	53	30	1	1	1	1	2	1
5654	53	30	1	1	1	1	2	1
5655	53	30	1	1	1	1	2	1
5656	53	30	1	1	1	1	2	1
5657	53	30	1	1	1	1	2	1
5658	53	30	1	1	1	1	2	1
5659	53	30	1	1	1	1	2	1
5660	53	30	1	1	1	1	2	1
5661	53	30	1	1	1	1	2	1
5662	53	30	1	1	1	1	2	1
5663	53	30	1	1	1	1	2	1
5664	53	30	1	1	1	1	2	1
5665	53	30	1	1	1	1	2	1
5666	53	30	1	1	1	1	2	1
5667	53	30	1	1	1	1	2	1
5668	53	30	1	1	1	1	2	1
5669	53	30	1	1	1	1	2	1
5670	53	30	1	1	1	1	2	1
5671	53	30	1	1	1	1	2	1
5672	53	30	1	1	1	1	2	1
5673	53	30	1	1	1	1	2	1
5674	53	30	1	1	1	1	2	1
5675	53	30	1	1	1	1	2	1
5676	53	30	1	1	1	1	2	1
5677	53	30	1	1	1	1	2	1
5678	53	30	1	1	1	1	2	1
5679	53	30	1	1	1	1	2	1
5680	53	30	1	1	1	1	2	1
5681	53	30	1	1	1	1	2	1
5682	53	30	1	1	1	1	2	1
5683	53	30	1	1	1	1	2	1
5684	53	30	1	1	1	1	2	1
5685	53	30	1	1	1	1	2	1
5686	53	30	1	1	1	1	2	1
5687	53	30	1	1	1	1	2	1
5688	53	30	1	1	1	1	2	1
5689	53	30	1	1	1	1	2	1
5690	53	30	1	1	1	1	2	1
5691	53	30	1	1	1	1	2	1
5692	53	30	1	1	1	1	2	1
5693	53	30	1	1	1	1	2	1
5694	53	30	1	1	1	1	2	1
5695	53	30	1	1	1	1	2	1
5696	53	30	1	1	1	1	2	1
5697	53	30	1	1	1	1	2	1
5698	53	30	1	1	1	1	2	1
5699	53	30	1	1	1	1	2	1
5700	53	30	1	1	1	1	2	1
5701	53	30	1	1	1	1	2	1
5702	53	30	1	1	1	1	2	1
5703	53	30	1	1	1	1	2	1
5704	53	30	1	1	1	1	2	1
5705	53	30	1	1	1	1	2	1
5706	53	30	1	1	1	1	2	1
5707	53	30	1	1	1	1	2	1
5708	53	30	1	1	1	1	2	1
5709	53	30	1	1	1	1	2	1
5710	53	30	1	1	1	1	2	1
5711	53	30	1	1	1	1	2	1
5712	53	30	1	1	1	1	2	1
5713	53	30	1	1	1	1	2	1
5714	53	30	1	1	1	1	2	1
5715	53	30	1	1	1	1	2	1
5716	53	30	1	1	1	1	2	1
5717	53	30	1	1	1	1	2	1
5718	53	30	1	1	1	1	2	1
5719	53	30	1	1	1	1	2	1
5720	53	30	1	1	1	1	2	1
5721	53	30	1	1	1	1	2	1
5722	53	30	1	1	1	1	2	1
5723	53	30	1	1	1	1	2	1
5724	53	30	1	1	1	1	2	1
5725	53	30	1	1	1	1	2	1
5726	53	30	1	1	1	1	2	1
5727	53	30	1	1	1	1	2	1
5728	53	30	1	1	1	1	2	1
5729	53	30	1	1	1	1	2	1
5730	53	30	1	1	1	1	2	1
5731	53	30	1	1	1	1	2	1
5732	53	30	1	1	1	1	2	1
5733	53	30	1	1	1	1	2	1
5734	53	30	1	1	1	1	2	1
5735	53	30	1	1	1	1	2	1
5736	53	30	1	1	1	1	2	1
5737	53	30	1	1	1	1	2	1
5738	53	30	1	1	1	1	2	1
5739	53	30	1	1	1	1	2	1
5740	53	30	1	1	1	1	2	1
5741	53	30	1	1	1	1	2	1
5742	53	30	1	1	1	1	2	1
5743	53	30	1	1	1	1	2	1
5744	53	30	1	1	1	1	2	1
5745	53	30	1	1	1	1	2	1
5746	53	30	1	1	1	1	2	1
5747	53	30	1	1	1	1	2	1
5748	53	30	1	1	1	1	2	1
5749	53	30	1	1	1	1	2	1
5750	53	30	1	1	1	1	2	1
5751	53	30	1	1	1	1	2	1
5752	53	30	1	1	1	1	2	1
5753	53	30	1	1	1	1	2	1
5754	53	30	1	1	1	1	2	1
5755	53	30	1	1	1	1	2	1
5756	53	30	1	1	1	1	2	1
5757	53	30	1	1	1	1	2	1
5758	53	30	1	1	1	1	2	1
5759	53	30	1	1	1	1	2	1
5760	53	30	1	1	1	1	2	1
5761	53	30	1	1	1	1	2	1
5762	53	30	1	1	1	1	2	1
5763	53	30	1	1	1	1	2	1
5764	53	30	1	1	1	1	2	1
5765	53	30	1	1	1	1	2	1
5766	53	30	1	1	1	1	2	1
5767	53	30	1	1	1	1	2	1
5768	53	30	1	1	1	1	2	1
5769	53	30	1	1	1	1	2	1
5770	53	30	1	1	1	1	2	1
5771	53	30	1	1	1	1	2	1
5772	53	30	1	1	1	1	2	1
5773	53	30	1	1	1	1	2	1
5774	53	30	1	1	1	1	2	1
5775	53	30	1	1	1	1	2	1
5776	53	30	1	1	1	1	2	1
5777	53	30	1	1	1	1	2	1
5778	53	30	1	1	1	1	2	1
5779	53	30	1	1	1	1	2	1
5780	53	30	1	1	1	1	2	1
5781	53	30	1	1	1	1	2	1
5782	53	30	1	1	1	1	2	1
5783	53	30	1	1	1	1	2	1
5784	53	30	1	1	1	1	2	1
5785	53	30	1	1	1	1	2	1
5786	53	30	1	1	1	1	2	1
5787	53	30	1	1	1	1	2	1
5788	53	30	1	1	1	1	2	1
5789	53	30	1	1	1	1	2	1
5790	53	30	1	1	1	1	2	1
5791	53	30	1	1	1	1	2	1
5792	53	30	1	1	1	1	2	1
5793	53	30	1	1	1	1	2	1
5794	53	30	1	1	1	1	2	1
5795	53	30	1	1	1	1	2	1
5796	53	30	1	1	1	1	2	1
5797	53	30	1	1	1	1	2	1
5798	53	30	1	1	1	1	2	1
5799	53	30	1	1	1	1	2	1
5800	53	30	1	1	1	1	2	1
5801	53	30	1	1	1	1	2	1
5802	53	30	1	1	1	1	2	1
5803	53	30	1	1	1	1	2	1
5804	53	30	1	1	1	1	2	1
5805	53	30	1	1	1	1	2	1
5806	53	30	1	1	1	1	2	1
5807	53	30	1	1	1	1	2	1
5808	53	30	1	1	1	1	2	1
5809	53	30	1	1	1	1	2	1
5810	53	30	1	1	1	1	2	1
5811	53	30	1	1	1	1	2	1
5812	53	30	1	1	1	1	2	1
5813	53	30	1	1	1	1	2	1
5814	53	30	1	1	1	1	2	1
5815	53	30	1	1	1	1	2	1
5816	53	30	1	1	1	1	2	1
5817	53	30	1	1	1	1	2	1
5818	53	30	1	1	1	1	2	1
5819	53	30	1	1	1	1	2	1
5820	53	30	1	1	1	1	2	1
5821	53	30	1	1	1	1	2	1
5822	53	30	1	1	1	1	2	1
5823	53	30	1	1	1	1	2	1
5824	53	30	1	1	1	1	2	1
5825	53	30	1	1	1	1	2	1
5826	53	30	1	1	1	1	2	1
5827	53	30	1	1	1	1	2	1
5828	53	30	1	1	1	1	2	1
5829	53	30	1	1	1	1	2	1
5830	53	30	1	1	1	1	2	1
5831	53	30	1	1	1	1	2	1
5832	53	30	1	1	1	1	2	1
5833	53	30	1	1	1	1	2	1
5834	53	30	1	1	1	1	2	1
5835	53	30	1	1	1	1	2	1
5836	53	30	1	1	1	1	2	1
5837	53	30	1	1	1	1	2	1
5838	53	30	1	1	1	1	2	1
5839	53	30	1	1	1	1	2	1
5840	53	30	1	1	1	1	2	1
5841	53	30	1	1	1	1	2	1
5842	53	30	1	1	1	1	2	1
5843	53	30	1	1	1	1	2	1
5844	53	30	1	1	1	1	2	1
5845	53	30	1	1	1	1	2	1
5846	53	30	1	1	1	1	2	1
5847	53	30	1	1	1	1	2	1
5848	53	30	1	1	1	1	2	1
5849	53	30	1	1	1	1	2	1
5850	53	30	1	1	1	1	2	1
5851	53	30	1	1	1	1	2	1
5852	53	30	1	1	1	1	2	1
5853	53	30	1	1	1	1	2	1
5854	53	30	1	1	1	1	2	1
5855	53	30	1	1	1	1	2	1
5856	53	30	1	1	1	1	2	1
5857	53	30	1	1	1	1	2	1
5858	53	30	1	1	1	1	2	1
5859	53	30	1	1	1	1	2	1
5860	53	30	1	1	1	1	2	1
5861	53	30	1	1	1	1	2	1
5862	53	30	1	1	1	1	2	1
5863	53	30	1	1	1	1	2	1
5864	53	30	1	1	1	1	2	1
5865	53	30	1	1	1	1	2	1
5866	53	30	1	1	1	1	2	1
5867	53	30	1	1	1	1	2	1
5868	53	30	1	1	1	1	2	1
5869	53	30	1	1	1	1	2	1
5870	53	30	1	1	1	1	2	1
5871	53	30	1	1	1	1	2	1
5872	53	30	1	1	1	1	2	1
5873	53	30	1	1	1	1	2	1
5874	53	30	1	1	1	1	2	1
5875	53	30	1	1	1	1	2	1
5876	53	30	1	1	1	1	2	1
5877	53	30	1	1	1	1	2	1
5878	53	30	1	1	1	1	2	1
5879	53	30	1	1	1	1	2	1
5880	53	30	1	1	1	1	2	1
5881	53	30	1	1	1	1	2	1
5882	53	30	1	1	1	1	2	1
5883	53	30	1	1	1	1	2	1
5884	53	30	1	1	1	1	2	1
5885	53	30	1	1	1	1	2	1
5886	53	30	1	1	1	1	2	1
5887	53	30	1	1	1	1	2	1
5888	53	30	1	1	1	1	2	1
5889	53	30	1	1	1	1	2	1
5890	53	30	1	1	1	1	2	1
5891	53	30	1	1	1	1	2	1
5892	53	30	1	1	1	1	2	1
5893	53	30	1	1	1	1	2	1
5894	53	30	1	1	1	1	2	1
5895	53	30	1	1	1	1	2	1
5896	53	30	1	1	1	1	2	1
5897	53	30	1	1	1	1	2	1
5898	53	30	1	1	1	1	2	1
5899	53	30	1	1	1	1	2	1
5900	53	30	1	1	1	1	2	1
5901	53	30	1	1	1	1	2	1
5902	53	30	1	1	1	1	2	1
5903	53	30	1	1	1	1	2	1
5904	53	30	1	1	1	1	2	1
5905	53	30	1	1	1	1	2	1
5906	53	30	1	1	1	1	2	1
5907	53	30	1	1	1	1	2	1
5908	53	30	1	1	1	1	2	1
5909	53	30	1	1	1	1	2	1
5910	53	30	1	1	1	1	2	1
5911	53	30	1	1	1	1	2	1
5912	53	30	1	1	1	1	2	1
5913	53	30	1	1	1	1	2	1
5914	53	30	1	1	1	1	2	1
5915	53	30	1	1	1	1	2	1
5916	53	30	1	1	1	1	2	1
5917	53	30	1	1	1	1	2	1
5918	53	30	1	1	1	1	2	1
5919	53	30	1	1	1	1	2	1
5920	53	30	1	1	1	1	2	1
5921	53	30	1	1	1	1	2	1
5922	53	30	1	1	1	1	2	1
5923	53	30	1	1	1	1	2	1
5924	53	30	1	1	1	1	2	1
5925	53	30	1	1	1	1	2	1
5926	53	30	1	1	1	1	2	1
5927	53	30	1	1	1	1	2	1
5928	53	30	1	1	1	1	2	1
5929	53	30	1	1	1	1	2	1
5930	53	30	1	1	1	1	2	1
5931	53	30	1	1	1	1	2	1
5932	53	30	1	1	1	1	2	1
5933	53	30	1	1	1	1	2	1
5934	53	30	1	1	1	1	2	1
5935	53	30	1	1	1	1	2	1
5936	53	30	1	1	1	1	2	1
5937	53	30	1	1	1	1	2	1
5938	53	30	1	1	1	1	2	1
5939	53	30	1	1	1	1	2	1
5940	53	30	1	1	1	1	2	1
5941	53	30	1	1	1	1	2	1
5942	53	30	1	1	1	1	2	1
5943	53	30	1	1	1	1	2	1
5944	53	30	1	1	1	1	2	1
5945	53	30	1	1	1	1	2	1
5946	53	30	1	1	1	1	2	1
5947	53	30	1	1	1	1	2	1
5948	53	30	1	1	1	1	2	1
5949	53	30	1	1	1	1	2	1
5950	53	30	1	1	1	1	2	1
5951	53	30	1	1	1	1	2	1
5952	53	30	1	1	1	1	2	1
5953	53	30	1	1	1	1	2	1
5954	53	30	1	1	1	1	2	1
5955	53	30	1	1	1	1	2	1
5956	53	30	1	1	1	1	2	1
5957	53	30	1	1	1	1	2	1
5958	53	30	1	1	1	1	2	1
5959	53	30	1	1	1	1	2	1
5960	53	30	1	1	1	1	2	1
5961	53	30	1	1	1	1	2	1
5962	53	30	1	1	1	1	2	1
5963	53	30	1	1	1	1	2	1
5964	53	30	1	1	1	1	2	1
5965	53	30	1	1	1	1	2	1
5966	53	30	1	1	1	1	2	1
5967	53	30	1	1	1	1	2	1
5968	53	30	1	1	1	1	2	1
5969	53	30	1	1	1	1	2	1
5970	53	30	1	1	1	1	2	1
5971	53	30	1	1	1	1	2	1
5972	53	30	1	1	1	1	2	1
5973	53	30	1	1	1	1	2	1
5974	53	30	1	1	1	1	2	1
5975	53	30	1	1	1	1	2	1
5976	53	30	1	1	1	1	2	1
5977	53	30	1	1	1	1	2	1
5978	53	30	1	1	1	1	2	1
5979	53	30	1	1	1	1	2	1
5980	53	30	1	1	1	1	2	1
5981	53	30	1	1	1	1	2	1
5982	53	30	1	1	1	1	2	1
5983	53	30	1	1	1	1	2	1
5984	53	30	1	1	1	1	2	1
5985	53	30	1	1	1	1	2	1
5986	53	30	1	1	1	1	2	1
5987	53	30	1	1	1	1	2	1
5988	53	30	1	1	1	1	2	1
5989	53	30	1	1	1	1	2	1
5990	53	30	1	1	1	1	2	1
5991	53	30	1	1	1	1	2	1
5992	53	30	1	1	1	1	2	1
5993	53	30	1	1	1	1	2	1
5994	53	30	1	1	1	1	2	1
5995	53	30	1	1	1	1	2	1
5996	53	30	1	1	1	1	2	1
5997	53	30	1	1	1	1	2	1
5998	53	30	1	1	1	1	2	1
5999	53	30	1	1	1	1	2	1
6000	53	30	1	1	1	1	2	1
6001	53	30	1	1	1	1	2	1
6002	53	30	1	1	1	1	2	1
6003	53	30	1	1	1	1	2	1
6004	53	30	1	1	1	1	2	1
6005	53	30	1	1	1	1	2	1
6006	53	30	1	1	1	1	2	1
6007	53	30	1	1	1	1	2	1
6008	53	30	1	1	1	1	2	1
6009	53	30	1	1	1	1	2	1
6010	53	30	1	1	1	1	2	1
6011	53	30	1	1	1	1	2	1
6012	53	30	1	1	1	1	2	1
6013	53	30	1	1	1	1	2	1
6014	53	30	1	1	1	1	2	1
6015	53	30	1	1	1	1	2	1
6016	53	30	1	1	1	1	2	1
6017	53	30	1	1	1	1	2	1
6018	53	30	1	1	1	1	2	1
6019	53	30	1	1	1	1	2	1
6020	53	30	1	1	1	1	2	1
6021	53	30	1	1	1	1	2	1
6022	53	30	1	1	1	1	2	1
6023	53	30	1	1	1	1	2	1
6024	53	30	1	1	1	1	2	1
6025	53	30	1	1	1	1	2	1
6026	53	30	1	1	1	1	2	1
6027	53	30	1	1	1	1	2	1
6028	53	30	1	1	1	1	2	1
6029	53	30	1	1	1	1	2	1
6030	53	30	1	1	1	1	2	1
6031	53	30	1	1	1	1	2	1
6032	53	30	1	1	1	1	2	1
6033	53	30	1	1	1	1	2	1
6034	53	30	1	1	1	1	2	1
6035	53	30	1	1	1	1	2	1
6036	53	30	1	1	1	1	2	1
6037	53	30	1	1	1	1	2	1
6038	53	30	1	1	1	1	2	1
6039	53	30	1	1	1	1	2	1
6040	53	30	1	1	1	1	2	1
6041	53	30	1	1	1	1	2	1
6042	53	30	1	1	1	1	2	1
6043	53	30	1	1	1	1	2	1
6044	53	30	1	1	1	1	2	1
6045	53	30	1	1	1	1	2	1
6046	53	30	1	1	1	1	2	1
6047	53	30	1	1	1	1	2	1
6048	53	30	1	1	1	1	2	1
6049	53	30	1	1	1	1	2	1
6050	53	30	1	1	1	1	2	1
6051	53	30	1	1	1	1	2	1
6052	53	30	1	1	1	1	2	1
6053	53	30	1	1	1	1	2	1
6054	53	30	1	1	1	1	2	1
6055	53	30	1	1	1	1	2	1
6056	53	30	1	1	1	1	2	1
6057	53	30	1	1	1	1	2	1
6058	53	30	1	1	1	1	2	1
6059	53	30	1	1	1	1	2	1
6060	53	30	1	1	1	1	2	1
6061	53	30	1	1	1	1	2	1
6062	53	30	1	1	1	1	2	1
6063	53	30	1	1	1	1	2	1
6064	53	30	1	1	1	1	2	1
6065	53	30	1	1	1	1	2	1
6066	53	30	1	1	1	1	2	1
6067	53	30	1	1	1	1	2	1
6068	53	30	1	1	1	1	2	1
6069	53	30	1	1	1	1	2	1
6070	53	30	1	1	1	1	2	1
6071	53	30	1	1	1	1	2	1
6072	53	30	1	1	1	1	2	1
6073	53	30	1	1	1	1	2	1
6074	53	30	1	1	1	1	2	1
6075	53	30	1	1	1	1	2	1
6076	53	30	1	1	1	1	2	1
6077	53	30	1	1	1	1	2	1
6078	53	30	1	1	1	1	2	1
6079	53	30	1	1	1	1	2	1
6080	53	30	1	1	1	1	2	1
6081	53	30	1	1	1	1	2	1
6082	53	30	1	1	1	1	2	1
6083	53	30	1	1	1	1	2	1
6084	53	30	1	1	1	1	2	1
6085	53	30	1	1	1	1	2	1
6086	53	30	1	1	1	1	2	1
6087	53	30	1	1	1	1	2	1
6088	53	30	1	1	1	1	2	1
6089	53	30	1	1	1	1	2	1
6090	53	30	1	1	1	1	2	1
6091	53	30	1	1	1	1	2	1
6092	53	30	1	1	1	1	2	1
6093	53	30	1	1	1	1	2	1
6094	53	30	1	1	1	1	2	1
6095	53	30	1	1	1	1	2	1
6096	53	30	1	1	1	1	2	1
6097	53	30	1	1	1	1	2	1
6098	53	30	1	1	1	1	2	1
6099	53	30	1	1	1	1	2	1
6100	53	30	1	1	1	1	2	1
6101	53	30	1	1	1	1	2	1
6102	53	30	1	1	1	1	2	1
6103	53	30	1	1	1	1	2	1
6104	53	30	1	1	1	1	2	1
6105	53	30	1	1	1	1	2	1
6106	53	30	1	1	1	1	2	1
6107	53	30	1	1	1	1	2	1
6108	53	30	1	1	1	1	2	1
6109	53	30	1	1	1	1	2	1
6110	53	30	1	1	1	1	2	1
6111	53	30	1	1	1	1	2	1
6112	53	30	1	1	1	1	2	1
6113	53	30	1	1	1	1	2	1
6114	53	30	1	1	1	1	2	1
6115	53	30	1	1	1	1	2	1
6116	53	30	1	1	1	1	2	1
6117	53	30	1	1	1	1	2	1
6118	53	30	1	1	1	1	2	1
6119	53	30	1	1	1	1	2	1
6120	53	30	1	1	1	1	2	1
6121	53	30	1	1	1	1	2	1
6122	53	30	1	1	1	1	2	1
6123	53	30	1	1	1	1	2	1
6124	53	30	1	1	1	1	2	1
6125	53	30	1	1	1	1	2	1
6126	53	30	1	1	1	1	2	1
6127	53	30	1	1	1	1	2	1
6128	53	30	1	1	1	1	2	1
6129	53	30	1	1	1	1	2	1
6130	53	30	1	1	1	1	2	1
6131	53	30	1	1	1	1	2	1
6132	53	30	1	1	1	1	2	1
6133	53	30	1	1	1	1	2	1
6134	53	30	1	1	1	1	2	1
6135	53	30	1	1	1	1	2	1
6136	53	30	1	1	1	1	2	1
6137	53	30	1	1	1	1	2	1
6138	53	30	1	1	1	1	2	1
6139	53	30	1	1	1	1	2	1
6140	53	30	1	1	1	1	2	1
6141	53	30	1	1	1	1	2	1
6142	53	30	1	1	1	1	2	1
6143	53	30	1	1	1	1	2	1
6144	53	30	1	1	1	1	2	1
6145	53	30	1	1	1	1	2	1
6146	53	30	1	1	1	1	2	1
6147	53	30	1	1	1	1	2	1
6148	53	30	1	1	1	1	2	1
6149	53	30	1	1	1	1	2	1
6150	53	30	1	1	1	1	2	1
6151	53	30	1	1	1	1	2	1
6152	53	30	1	1	1	1	2	1
6153	53	30	1	1	1	1	2	1
6154	53	30	1	1	1	1	2	1
6155	53	30	1	1	1	1	2	1
6156	53	30	1	1	1	1	2	1
6157	53	30	1	1	1	1	2	1
6158	53	30	1	1	1	1	2	1
6159	53	30	1	1	1	1	2	1
6160	53	30	1	1	1	1	2	1
6161	53	30	1	1	1	1	2	1
6162	53	30	1	1	1	1	2	1
6163	53	30	1	1	1	1	2	1
6164	53	30	1	1	1	1	2	1
6165	53	30	1	1	1	1	2	1
6166	53	30	1	1	1	1	2	1
6167	53	30	1	1	1	1	2	1
6168	53	30	1	1	1	1	2	1
6169	53	30	1	1	1	1	2	1
6170	53	30	1	1	1	1	2	1
6171	53	30	1	1	1	1	2	1
6172	53	30	1	1	1	1	2	1
6173	53	30	1	1	1	1	2	1
6174	53	30	1	1	1	1	2	1
6175	53	30	1	1	1	1	2	1
6176	53	30	1	1	1	1	2	1
6177	53	30	1	1	1	1	2	1
6178	53	30	1	1	1	1	2	1
6179	53	30	1	1	1	1	2	1
6180	53	30	1	1	1	1	2	1
6181	53	30	1	1	1	1	2	1
6182	53	30	1	1	1	1	2	1
6183	53	30	1	1	1	1	2	1
6184	53	30	1	1	1	1	2	1
6185	53	30	1	1	1	1	2	1
6186	53	30	1	1	1	1	2	1
6187	53	30	1	1	1	1	2	1
6188	53	30	1	1	1	1	2	1
6189	53	30	1	1	1	1	2	1
6190	53	30	1	1	1	1	2	1
6191	53	30	1	1	1	1	2	1
6192	53	30	1	1	1	1	2	1
6193	53	30	1	1	1	1	2	1
6194	53	30	1	1	1	1	2	1
6195	53	30	1	1	1	1	2	1
6196	53	30	1	1	1	1	2	1
6197	53	30	1	1	1	1	2	1
6198	53	30	1	1	1	1	2	1
6199	53	30	1	1	1	1	2	1
6200	53	30	1	1	1	1	2	1
6201	53	30	1	1	1	1	2	1
6202	53	30	1	1	1	1	2	1
6203	53	30	1	1	1	1	2	1
6204	53	30	1	1	1	1	2	1
6205	53	30	1	1	1	1	2	1
6206	53	30	1	1	1	1	2	1
6207	53	30	1	1	1	1	2	1
6208	53	30	1	1	1	1	2	1
6209	53	30	1	1	1	1	2	1
6210	53	30	1	1	1	1	2	1
6211	53	30	1	1	1	1	2	1
6212	53	30	1	1	1	1	2	1
6213	53	30	1	1	1	1	2	1
6214	53	30	1	1	1	1	2	1
6215	53	30	1	1	1	1	2	1
6216	53	30	1	1	1	1	2	1
6217	53	30	1	1	1	1	2	1
6218	53	30	1	1	1	1	2	1
6219	53	30	1	1	1	1	2	1
6220	53	30	1	1	1	1	2	1
6221	53	30	1	1	1	1	2	1
6222	53	30	1	1	1	1	2	1
6223	53	30	1	1	1	1	2	1
6224	53	30	1	1	1	1	2	1
6225	53	30	1	1	1	1	2	1
6226	53	30	1	1	1	1	2	1
6227	53	30	1	1	1	1	2	1
6228	53	30	1	1	1	1	2	1
6229	53	30	1	1	1	1	2	1
6230	53	30	1	1	1	1	2	1
6231	53	30	1	1	1	1	2	1
6232	53	30	1	1	1	1	2	1
6233	53	30	1	1	1	1	2	1
6234	53	30	1	1	1	1	2	1
6235	53	30	1	1	1	1	2	1
6236	53	30	1	1	1	1	2	1
6237	53	30	1	1	1	1	2	1
6238	53	30	1	1	1	1	2	1
6239	53	30	1	1	1	1	2	1
6240	53	30	1	1	1	1	2	1
6241	53	30	1	1	1	1	2	1
6242	53	30	1	1	1	1	2	1
6243	53	30	1	1	1	1	2	1
6244	53	30	1	1	1	1	2	1
6245	53	30	1	1	1	1	2	1
6246	53	30	1	1	1	1	2	1
6247	53	30	1	1	1	1	2	1
6248	53	30	1	1	1	1	2	1
6249	53	30	1	1	1	1	2	1
6250	53	30	1	1	1	1	2	1
6251	53	30	1	1	1	1	2	1
6252	53	30	1	1	1	1	2	1
6253	53	30	1	1	1	1	2	1
6254	53	30	1	1	1	1	2	1
6255	53	30	1	1	1	1	2	1
6256	53	30	1	1	1	1	2	1
6257	53	30	1	1	1	1	2	1
6258	53	30	1	1	1	1	2	1
6259	53	30	1	1	1	1	2	1
6260	53	30	1	1	1	1	2	1
6261	53	30	1	1	1	1	2	1
6262	53	30	1	1	1	1	2	1
6263	53	30	1	1	1	1	2	1
6264	53	30	1	1	1	1	2	1
6265	53	30	1	1	1	1	2	1
6266	53	30	1	1	1	1	2	1
6267	53	30	1	1	1	1	2	1
6268	53	30	1	1	1	1	2	1
6269	53	30	1	1	1	1	2	1
6270	53	30	1	1	1	1	2	1
6271	53	30	1	1	1	1	2	1
6272	53	30	1	1	1	1	2	1
6273	53	30	1	1	1	1	2	1
6274	53	30	1	1	1	1	2	1
6275	53	30	1	1	1	1	2	1
6276	53	30	1	1	1	1	2	1
6277	53	30	1	1	1	1	2	1
6278	53	30	1	1	1	1	2	1
6279	53	30	1	1	1	1	2	1
6280	53	30	1	1	1	1	2	1
6281	53	30	1	1	1	1	2	1
6282	53	30	1	1	1	1	2	1
6283	53	30	1	1	1	1	2	1
6284	53	30	1	1	1	1	2	1
6285	53	30	1	1	1	1	2	1
6286	53	30	1	1	1	1	2	1
6287	53	30	1	1	1	1	2	1
6288	53	30	1	1	1	1	2	1
6289	53	30	1	1	1	1	2	1
6290	53	30	1	1	1	1	2	1
6291	53	30	1	1	1	1	2	1
6292	53	30	1	1	1	1	2	1
6293	53	30	1	1	1	1	2	1
6294	53	30	1	1	1	1	2	1
6295	53	30	1	1	1	1	2	1
6296	53	30	1	1	1	1	2	1
6297	53	30	1	1	1	1	2	1
6298	53	30	1	1	1	1	2	1
6299	53	30	1	1	1	1	2	1
6300	53	30	1	1	1	1	2	1
6301	53	30	1	1	1	1	2	1
6302	53	30	1	1	1	1	2	1
6303	53	30	1	1	1	1	2	1
6304	53	30	1	1	1	1	2	1
6305	53	30	1	1	1	1	2	1
6306	53	30	1	1	1	1	2	1
6307	53	30	1	1	1	1	2	1
6308	53	30	1	1	1	1	2	1
6309	53	30	1	1	1	1	2	1
6310	53	30	1	1	1	1	2	1
6311	53	30	1	1	1	1	2	1
6312	53	30	1	1	1	1	2	1
6313	53	30	1	1	1	1	2	1
6314	53	30	1	1	1	1	2	1
6315	53	30	1	1	1	1	2	1
6316	53	30	1	1	1	1	2	1
6317	53	30	1	1	1	1	2	1
6318	53	30	1	1	1	1	2	1
6319	53	30	1	1	1	1	2	1
6320	53	30	1	1	1	1	2	1
6321	53	30	1	1	1	1	2	1
6322	53	30	1	1	1	1	2	1
6323	53	30	1	1	1	1	2	1
6324	53	30	1	1	1	1	2	1
6325	53	30	1	1	1	1	2	1
6326	53	30	1	1	1	1	2	1
6327	53	30	1	1	1	1	2	1
6328	53	30	1	1	1	1	2	1
6329	53	30	1	1	1	1	2	1
6330	53	30	1	1	1	1	2	1
6331	53	30	1	1	1	1	2	1
6332	53	30	1	1	1	1	2	1
6333	53	30	1	1	1	1	2	1
6334	53	30	1	1	1	1	2	1
6335	53	30	1	1	1	1	2	1
6336	53	30	1	1	1	1	2	1
6337	53	30	1	1	1	1	2	1
6338	53	30	1	1	1	1	2	1
6339	53	30	1	1	1	1	2	1
6340	53	30	1	1	1	1	2	1
6341	53	30	1	1	1	1	2	1
6342	53	30	1	1	1	1	2	1
6343	53	30	1	1	1	1	2	1
6344	53	30	1	1	1	1	2	1
6345	53	30	1	1	1	1	2	1
6346	53	30	1	1	1	1	2	1
6347	53	30	1	1	1	1	2	1
6348	53	30	1	1	1	1	2	1
6349	53	30	1	1	1	1	2	1
6350	53	30	1	1	1	1	2	1
6351	53	30	1	1	1	1	2	1
6352	53	30	1	1	1	1	2	1
6353	53	30	1	1	1	1	2	1
6354	53	30	1	1	1	1	2	1
6355	53	30	1	1	1	1	2	1
6356	53	30	1	1	1	1	2	1
6357	53	30	1	1	1	1	2	1
6358	53	30	1	1	1	1	2	1
6359	53	30	1	1	1	1	2	1
6360	53	30	1	1	1	1	2	1
6361	53	30	1	1	1	1	2	1
6362	53	30	1	1	1	1	2	1
6363	53	30	1	1	1	1	2	1
6364	53	30	1	1	1	1	2	1
6365	53	30	1	1	1	1	2	1
6366	53	30	1	1	1	1	2	1
6367	53	30	1	1	1	1	2	1
6368	53	30	1	1	1	1	2	1
6369	53	30	1	1	1	1	2	1
6370	53	30	1	1	1	1	2	1
6371	53	30	1	1	1	1	2	1
6372	53	30	1	1	1	1	2	1
6373	53	30	1	1	1	1	2	1
6374	53	30	1	1	1	1	2	1
6375	53	30	1	1	1	1	2	1
6376	53	30	1	1	1	1	2	1
6377	53	30	1	1	1	1	2	1
6378	53	30	1	1	1	1	2	1
6379	53	30	1	1	1	1	2	1
6380	53	30	1	1	1	1	2	1
6381	53	30	1	1	1	1	2	1
6382	53	30	1	1	1	1	2	1
6383	53	30	1	1	1	1	2	1
6384	53	30	1	1	1	1	2	1
6385	53	30	1	1	1	1	2	1
6386	53	30	1	1	1	1	2	1
6387	53	30	1	1	1	1	2	1
6388	53	30	1	1	1	1	2	1
6389	53	30	1	1	1	1	2	1
6390	53	30	1	1	1	1	2	1
6391	53	30	1	1	1	1	2	1
6392	53	30	1	1	1	1	2	1
6393	53	30	1	1	1	1	2	1
6394	53	30	1	1	1	1	2	1
6395	53	30	1	1	1	1	2	1
6396	53	30	1	1	1	1	2	1
6397	53	30	1	1	1	1	2	1
6398	53	30	1	1	1	1	2	1
6399	53	30	1	1	1	1	2	1
6400	53	30	1	1	1	1	2	1
6401	53	30	1	1	1	1	2	1
6402	53	30	1	1	1	1	2	1
6403	53	30	1	1	1	1	2	1
6404	53	30	1	1	1	1	2	1
6405	53	30	1	1	1	1	2	1
6406	53	30	1	1	1	1	2	1
6407	53	30	1	1	1	1	2	1
6408	53	30	1	1	1	1	2	1
6409	53	30	1	1	1	1	2	1
6410	53	30	1	1	1	1	2	1
6411	53	30	1	1	1	1	2	1
6412	53	30	1	1	1	1	2	1
6413	53	30	1	1	1	1	2	1
6414	53	30	1	1	1	1	2	1
6415	53	30	1	1	1	1	2	1
6416	53	30	1	1	1	1	2	1
6417	53	30	1	1	1	1	2	1
6418	53	30	1	1	1	1	2	1
6419	53	30	1	1	1	1	2	1
6420	53	30	1	1	1	1	2	1
6421	53	30	1	1	1	1	2	1
6422	53	30	1	1	1	1	2	1
6423	53	30	1	1	1	1	2	1
6424	53	30	1	1	1	1	2	1
6425	53	30	1	1	1	1	2	1
6426	53	30	1	1	1	1	2	1
6427	53	30	1	1	1	1	2	1
6428	53	30	1	1	1	1	2	1
6429	53	30	1	1	1	1	2	1
6430	53	30	1	1	1	1	2	1
6431	53	30	1	1	1	1	2	1
6432	53	30	1	1	1	1	2	1
6433	53	30	1	1	1	1	2	1
6434	53	30	1	1	1	1	2	1
6435	53	30	1	1	1	1	2	1
6436	53	30	1	1	1	1	2	1
6437	53	30	1	1	1	1	2	1
6438	53	30	1	1	1	1	2	1
6439	53	30	1	1	1	1	2	1
6440	53	30	1	1	1	1	2	1
6441	53	30	1	1	1	1	2	1
6442	53	30	1	1	1	1	2	1
6443	53	30	1	1	1	1	2	1
6444	53	30	1	1	1	1	2	1
6445	53	30	1	1	1	1	2	1
6446	53	30	1	1	1	1	2	1
6447	53	30	1	1	1	1	2	1
6448	53	30	1	1	1	1	2	1
6449	53	30	1	1	1	1	2	1
6450	53	30	1	1	1	1	2	1
6451	53	30	1	1	1	1	2	1
6452	53	30	1	1	1	1	2	1
6453	53	30	1	1	1	1	2	1
6454	53	30	1	1	1	1	2	1
6455	53	30	1	1	1	1	2	1
6456	53	30	1	1	1	1	2	1
6457	53	30	1	1	1	1	2	1
6458	53	30	1	1	1	1	2	1
6459	53	30	1	1	1	1	2	1
6460	53	30	1	1	1	1	2	1
6461	53	30	1	1	1	1	2	1
6462	53	30	1	1	1	1	2	1
6463	53	30	1	1	1	1	2	1
6464	53	30	1	1	1	1	2	1
6465	53	30	1	1	1	1	2	1
6466	53	30	1	1	1	1	2	1
6467	53	30	1	1	1	1	2	1
6468	53	30	1	1	1	1	2	1
6469	53	30	1	1	1	1	2	1
6470	53	30	1	1	1	1	2	1
6471	53	30	1	1	1	1	2	1
6472	53	30	1	1	1	1	2	1
6473	53	30	1	1	1	1	2	1
6474	53	30	1	1	1	1	2	1
6475	53	30	1	1	1	1	2	1
6476	53	30	1	1	1	1	2	1
6477	53	30	1	1	1	1	2	1
6478	53	30	1	1	1	1	2	1
6479	53	30	1	1	1	1	2	1
6480	53	30	1	1	1	1	2	1
6481	53	30	1	1	1	1	2	1
6482	53	30	1	1	1	1	2	1
6483	53	30	1	1	1	1	2	1
6484	53	30	1	1	1	1	2	1
6485	53	30	1	1	1	1	2	1
6486	53	30	1	1	1	1	2	1
6487	53	30	1	1	1	1	2	1
6488	53	30	1	1	1	1	2	1
6489	53	30	1	1	1	1	2	1
6490	53	30	1	1	1	1	2	1
6491	53	30	1	1	1	1	2	1
6492	53	30	1	1	1	1	2	1
6493	53	30	1	1	1	1	2	1
6494	53	30	1	1	1	1	2	1
6495	53	30	1	1	1	1	2	1
6496	53	30	1	1	1	1	2	1
6497	53	30	1	1	1	1	2	1
6498	53	30	1	1	1	1	2	1
6499	53	30	1	1	1	1	2	1
6500	53	30	1	1	1	1	2	1
6501	53	30	1	1	1	1	2	1
6502	53	30	1	1	1	1	2	1
6503	53	30	1	1	1	1	2	1
6504	53	30	1	1	1	1	2	1
6505	53	30	1	1	1	1	2	1
6506	53	30	1	1	1	1	2	1
6507	53	30	1	1	1	1	2	1
6508	53	30	1	1	1	1	2	1
6509	53	30	1	1	1	1	2	1
6510	53	30	1	1	1	1	2	1
6511	53	30	1	1	1	1	2	1
6512	53	30	1	1	1	1	2	1
6513	53	30	1	1	1	1	2	1
6514	53	30	1	1	1	1	2	1
6515	53	30	1	1	1	1	2	1
6516	53	30	1	1	1	1	2	1
6517	53	30	1	1	1	1	2	1
6518	53	30	1	1	1	1	2	1
6519	53	30	1	1	1	1	2	1
6520	53	30	1	1	1	1	2	1
6521	53	30	1	1	1	1	2	1
6522	53	30	1	1	1	1	2	1
6523	53	30	1	1	1	1	2	1
6524	53	30	1	1	1	1	2	1
6525	53	30	1	1	1	1	2	1
6526	53	30	1	1	1	1	2	1
6527	53	30	1	1	1	1	2	1
6528	53	30	1	1	1	1	2	1
6529	53	30	1	1	1	1	2	1
6530	53	30	1	1	1	1	2	1
6531	53	30	1	1	1	1	2	1
6532	53	30	1	1	1	1	2	1
6533	53	30	1	1	1	1	2	1
6534	53	30	1	1	1	1	2	1
6535	53	30	1	1	1	1	2	1
6536	53	30	1	1	1	1	2	1
6537	53	30	1	1	1	1	2	1
6538	53	30	1	1	1	1	2	1
6539	53	30	1	1	1	1	2	1
6540	53	30	1	1	1	1	2	1
6541	53	30	1	1	1	1	2	1
6542	53	30	1	1	1	1	2	1
6543	53	30	1	1	1	1	2	1
6544	53	30	1	1	1	1	2	1
6545	53	30	1	1	1	1	2	1
6546	53	30	1	1	1	1	2	1
6547	53	30	1	1	1	1	2	1
6548	53	30	1	1	1	1	2	1
6549	53	30	1	1	1	1	2	1
6550	53	30	1	1	1	1	2	1
6551	53	30	1	1	1	1	2	1
6552	53	30	1	1	1	1	2	1
6553	53	30	1	1	1	1	2	1
6554	53	30	1	1	1	1	2	1
6555	53	30	1	1	1	1	2	1
6556	53	30	1	1	1	1	2	1
6557	53	30	1	1	1	1	2	1
6558	53	30	1	1	1	1	2	1
6559	53	30	1	1	1	1	2	1
6560	53	30	1	1	1	1	2	1
6561	53	30	1	1	1	1	2	1
6562	53	30	1	1	1	1	2	1
6563	53	30	1	1	1	1	2	1
6564	53	30	1	1	1	1	2	1
6565	53	30	1	1	1	1	2	1
6566	53	30	1	1	1	1	2	1
6567	53	30	1	1	1	1	2	1
6568	53	30	1	1	1	1	2	1
6569	53	30	1	1	1	1	2	1
6570	53	30	1	1	1	1	2	1
6571	53	30	1	1	1	1	2	1
6572	53	30	1	1	1	1	2	1
6573	53	30	1	1	1	1	2	1
6574	53	30	1	1	1	1	2	1
6575	53	30	1	1	1	1	2	1
6576	53	30	1	1	1	1	2	1
6577	53	30	1	1	1	1	2	1
6578	53	30	1	1	1	1	2	1
6579	53	30	1	1	1	1	2	1
6580	53	30	1	1	1	1	2	1
6581	53	30	1	1	1	1	2	1
6582	53	30	1	1	1	1	2	1
6583	53	30	1	1	1	1	2	1
6584	53	30	1	1	1	1	2	1
6585	53	30	1	1	1	1	2	1
6586	53	30	1	1	1	1	2	1
6587	53	30	1	1	1	1	2	1
6588	53	30	1	1	1	1	2	1
6589	53	30	1	1	1	1	2	1
6590	53	30	1	1	1	1	2	1
6591	53	30	1	1	1	1	2	1
6592	53	30	1	1	1	1	2	1
6593	53	30	1	1	1	1	2	1
6594	53	30	1	1	1	1	2	1
6595	53	30	1	1	1	1	2	1
6596	53	30	1	1	1	1	2	1
6597	53	30	1	1	1	1	2	1
6598	53	30	1	1	1	1	2	1
6599	53	30	1	1	1	1	2	1
6600	53	30	1	1	1	1	2	1
6601	53	30	1	1	1	1	2	1
6602	53	30	1	1	1	1	2	1
6603	53	30	1	1	1	1	2	1
6604	53	30	1	1	1	1	2	1
6605	53	30	1	1	1	1	2	1
6606	53	30	1	1	1	1	2	1
6607	53	30	1	1	1	1	2	1
6608	53	30	1	1	1	1	2	1
6609	53	30	1	1	1	1	2	1
6610	53	30	1	1	1	1	2	1
6611	53	30	1	1	1	1	2	1
6612	53	30	1	1	1	1	2	1
6613	53	30	1	1	1	1	2	1
6614	53	30	1	1	1	1	2	1
6615	53	30	1	1	1	1	2	1
6616	53	30	1	1	1	1	2	1
6617	53	30	1	1	1	1	2	1
6618	53	30	1	1	1	1	2	1
6619	53	30	1	1	1	1	2	1
6620	53	30	1	1	1	1	2	1
6621	53	30	1	1	1	1	2	1
6622	53	30	1	1	1	1	2	1
6623	53	30	1	1	1	1	2	1
6624	53	30	1	1	1	1	2	1
6625	53	30	1	1	1	1	2	1
6626	53	30	1	1	1	1	2	1
6627	53	30	1	1	1	1	2	1
6628	53	30	1	1	1	1	2	1
6629	53	30	1	1	1	1	2	1
6630	53	30	1	1	1	1	2	1
6631	53	30	1	1	1	1	2	1
6632	53	30	1	1	1	1	2	1
6633	53	30	1	1	1	1	2	1
6634	53	30	1	1	1	1	2	1
6635	53	30	1	1	1	1	2	1
6636	53	30	1	1	1	1	2	1
6637	53	30	1	1	1	1	2	1
6638	53	30	1	1	1	1	2	1
6639	53	30	1	1	1	1	2	1
6640	53	30	1	1	1	1	2	1
6641	53	30	1	1	1	1	2	1
6642	53	30	1	1	1	1	2	1
6643	53	30	1	1	1	1	2	1
6644	53	30	1	1	1	1	2	1
6645	53	30	1	1	1	1	2	1
6646	53	30	1	1	1	1	2	1
6647	53	30	1	1	1	1	2	1
6648	53	30	1	1	1	1	2	1
6649	53	30	1	1	1	1	2	1
6650	53	30	1	1	1	1	2	1
6651	53	30	1	1	1	1	2	1
6652	53	30	1	1	1	1	2	1
6653	53	30	1	1	1	1	2	1
6654	53	30	1	1	1	1	2	1
6655	53	30	1	1	1	1	2	1
6656	53	30	1	1	1	1	2	1
6657	53	30	1	1	1	1	2	1
6658	53	30	1	1	1	1	2	1
6659	53	30	1	1	1	1	2	1
6660	53	30	1	1	1	1	2	1
6661	53	30	1	1	1	1	2	1
6662	53	30	1	1	1	1	2	1
6663	53	30	1	1	1	1	2	1
6664	53	30	1	1	1	1	2	1
6665	53	30	1	1	1	1	2	1
6666	53	30	1	1	1	1	2	1
6667	53	30	1	1	1	1	2	1
6668	53	30	1	1	1	1	2	1
6669	53	30	1	1	1	1	2	1
6670	53	30	1	1	1	1	2	1
6671	53	30	1	1	1	1	2	1
6672	53	30	1	1	1	1	2	1
6673	53	30	1	1	1	1	2	1
6674	53	30	1	1	1	1	2	1
6675	53	30	1	1	1	1	2	1
6676	53	30	1	1	1	1	2	1
6677	53	30	1	1	1	1	2	1
6678	53	30	1	1	1	1	2	1
6679	53	30	1	1	1	1	2	1
6680	53	30	1	1	1	1	2	1
6681	53	30	1	1	1	1	2	1
6682	53	30	1	1	1	1	2	1
6683	53	30	1	1	1	1	2	1
6684	53	30	1	1	1	1	2	1
6685	53	30	1	1	1	1	2	1
6686	53	30	1	1	1	1	2	1
6687	53	30	1	1	1	1	2	1
6688	53	30	1	1	1	1	2	1
6689	53	30	1	1	1	1	2	1
6690	53	30	1	1	1	1	2	1
6691	53	30	1	1	1	1	2	1
6692	53	30	1	1	1	1	2	1
6693	53	30	1	1	1	1	2	1
6694	53	30	1	1	1	1	2	1
6695	53	30	1	1	1	1	2	1
6696	53	30	1	1	1	1	2	1
6697	53	30	1	1	1	1	2	1
6698	53	30	1	1	1	1	2	1
6699	53	30	1	1	1	1	2	1
6700	53	30	1	1	1	1	2	1
6701	53	30	1	1	1	1	2	1
6702	53	30	1	1	1	1	2	1
6703	53	30	1	1	1	1	2	1
6704	53	30	1	1	1	1	2	1
6705	53	30	1	1	1	1	2	1
6706	53	30	1	1	1	1	2	1
6707	53	30	1	1	1	1	2	1
6708	53	30	1	1	1	1	2	1
6709	53	30	1	1	1	1	2	1
6710	53	30	1	1	1	1	2	1
6711	53	30	1	1	1	1	2	1
6712	53	30	1	1	1	1	2	1
6713	53	30	1	1	1	1	2	1
6714	53	30	1	1	1	1	2	1
6715	53	30	1	1	1	1	2	1
6716	53	30	1	1	1	1	2	1
6717	53	30	1	1	1	1	2	1
6718	53	30	1	1	1	1	2	1
6719	53	30	1	1	1	1	2	1
6720	53	30	1	1	1	1	2	1
6721	53	30	1	1	1	1	2	1
6722	53	30	1	1	1	1	2	1
6723	53	30	1	1	1	1	2	1
6724	53	30	1	1	1	1	2	1
6725	53	30	1	1	1	1	2	1
6726	53	30	1	1	1	1	2	1
6727	53	30	1	1	1	1	2	1
6728	53	30	1	1	1	1	2	1
6729	53	30	1	1	1	1	2	1
6730	53	30	1	1	1	1	2	1
6731	53	30	1	1	1	1	2	1
6732	53	30	1	1	1	1	2	1
6733	53	30	1	1	1	1	2	1
6734	53	30	1	1	1	1	2	1
6735	53	30	1	1	1	1	2	1
6736	53	30	1	1	1	1	2	1
6737	53	30	1	1	1	1	2	1
6738	53	30	1	1	1	1	2	1
6739	53	30	1	1	1	1	2	1
6740	53	30	1	1	1	1	2	1
6741	53	30	1	1	1	1	2	1
6742	53	30	1	1	1	1	2	1
6743	53	30	1	1	1	1	2	1
6744	53	30	1	1	1	1	2	1
6745	53	30	1	1	1	1	2	1
6746	53	30	1	1	1	1	2	1
6747	53	30	1	1	1	1	2	1
6748	53	30	1	1	1	1	2	1
6749	53	30	1	1	1	1	2	1
6750	53	30	1	1	1	1	2	1
6751	53	30	1	1	1	1	2	1
6752	53	30	1	1	1	1	2	1
6753	53	30	1	1	1	1	2	1
6754	53	30	1	1	1	1	2	1
6755	53	30	1	1	1	1	2	1
6756	53	30	1	1	1	1	2	1
6757	53	30	1	1	1	1	2	1
6758	53	30	1	1	1	1	2	1
6759	53	30	1	1	1	1	2	1
6760	53	30	1	1	1	1	2	1
6761	53	30	1	1	1	1	2	1
6762	53	30	1	1	1	1	2	1
6763	53	30	1	1	1	1	2	1
6764	53	30	1	1	1	1	2	1
6765	53	30	1	1	1	1	2	1
6766	53	30	1	1	1	1	2	1
6767	53	30	1	1	1	1	2	1
6768	53	30	1	1	1	1	2	1
6769	53	30	1	1	1	1	2	1
6770	53	30	1	1	1	1	2	1
6771	53	30	1	1	1	1	2	1
6772	53	30	1	1	1	1	2	1
6773	53	30	1	1	1	1	2	1
6774	53	30	1	1	1	1	2	1
6775	53	30	1	1	1	1	2	1
6776	53	30	1	1	1	1	2	1
6777	53	30	1	1	1	1	2	1
6778	53	30	1	1	1	1	2	1
6779	53	30	1	1	1	1	2	1
6780	53	30	1	1	1	1	2	1
6781	53	30	1	1	1	1	2	1
6782	53	30	1	1	1	1	2	1
6783	53	30	1	1	1	1	2	1
6784	53	30	1	1	1	1	2	1
6785	53	30	1	1	1	1	2	1
6786	53	30	1	1	1	1	2	1
6787	53	30	1	1	1	1	2	1
6788	53	30	1	1	1	1	2	1
6789	53	30	1	1	1	1	2	1
6790	53	30	1	1	1	1	2	1
6791	53	30	1	1	1	1	2	1
6792	53	30	1	1	1	1	2	1
6793	53	30	1	1	1	1	2	1
6794	53	30	1	1	1	1	2	1
6795	53	30	1	1	1	1	2	1
6796	53	30	1	1	1	1	2	1
6797	53	30	1	1	1	1	2	1
6798	53	30	1	1	1	1	2	1
6799	53	30	1	1	1	1	2	1
6800	53	30	1	1	1	1	2	1
6801	53	30	1	1	1	1	2	1
6802	53	30	1	1	1	1	2	1
6803	53	30	1	1	1	1	2	1
6804	53	30	1	1	1	1	2	1
6805	53	30	1	1	1	1	2	1
6806	53	30	1	1	1	1	2	1
6807	53	30	1	1	1	1	2	1
6808	53	30	1	1	1	1	2	1
6809	53	30	1	1	1	1	2	1
6810	53	30	1	1	1	1	2	1
6811	53	30	1	1	1	1	2	1
6812	53	30	1	1	1	1	2	1
6813	53	30	1	1	1	1	2	1
6814	53	30	1	1	1	1	2	1
6815	53	30	1	1	1	1	2	1
6816	53	30	1	1	1	1	2	1
6817	53	30	1	1	1	1	2	1
6818	53	30	1	1	1	1	2	1
6819	53	30	1	1	1	1	2	1
6820	53	30	1	1	1	1	2	1
6821	53	30	1	1	1	1	2	1
6822	53	30	1	1	1	1	2	1
6823	53	30	1	1	1	1	2	1
6824	53	30	1	1	1	1	2	1
6825	53	30	1	1	1	1	2	1
6826	53	30	1	1	1	1	2	1
6827	53	30	1	1	1	1	2	1
6828	53	30	1	1	1	1	2	1
6829	53	30	1	1	1	1	2	1
6830	53	30	1	1	1	1	2	1
6831	53	30	1	1	1	1	2	1
6832	53	30	1	1	1	1	2	1
6833	53	30	1	1	1	1	2	1
6834	53	30	1	1	1	1	2	1
6835	53	30	1	1	1	1	2	1
6836	53	30	1	1	1	1	2	1
6837	53	30	1	1	1	1	2	1
6838	53	30	1	1	1	1	2	1
6839	53	30	1	1	1	1	2	1
6840	53	30	1	1	1	1	2	1
6841	53	30	1	1	1	1	2	1
6842	53	30	1	1	1	1	2	1
6843	53	30	1	1	1	1	2	1
6844	53	30	1	1	1	1	2	1
6845	53	30	1	1	1	1	2	1
6846	53	30	1	1	1	1	2	1
6847	53	30	1	1	1	1	2	1
6848	53	30	1	1	1	1	2	1
6849	53	30	1	1	1	1	2	1
6850	53	30	1	1	1	1	2	1
6851	53	30	1	1	1	1	2	1
6852	53	30	1	1	1	1	2	1
6853	53	30	1	1	1	1	2	1
6854	53	30	1	1	1	1	2	1
6855	53	30	1	1	1	1	2	1
6856	53	30	1	1	1	1	2	1
6857	53	30	1	1	1	1	2	1
6858	53	30	1	1	1	1	2	1
6859	53	30	1	1	1	1	2	1
6860	53	30	1	1	1	1	2	1
6861	53	30	1	1	1	1	2	1
6862	53	30	1	1	1	1	2	1
6863	53	30	1	1	1	1	2	1
6864	53	30	1	1	1	1	2	1
6865	53	30	1	1	1	1	2	1
6866	53	30	1	1	1	1	2	1
6867	53	30	1	1	1	1	2	1
6868	53	30	1	1	1	1	2	1
6869	53	30	1	1	1	1	2	1
6870	53	30	1	1	1	1	2	1
6871	53	30	1	1	1	1	2	1
6872	53	30	1	1	1	1	2	1
6873	53	30	1	1	1	1	2	1
6874	53	30	1	1	1	1	2	1
6875	53	30	1	1	1	1	2	1
6876	53	30	1	1	1	1	2	1
6877	53	30	1	1	1	1	2	1
6878	53	30	1	1	1	1	2	1
6879	53	30	1	1	1	1	2	1
6880	53	30	1	1	1	1	2	1
6881	53	30	1	1	1	1	2	1
6882	53	30	1	1	1	1	2	1
6883	53	30	1	1	1	1	2	1
6884	53	30	1	1	1	1	2	1
6885	53	30	1	1	1	1	2	1
6886	53	30	1	1	1	1	2	1
6887	53	30	1	1	1	1	2	1
6888	53	30	1	1	1	1	2	1
6889	53	30	1	1	1	1	2	1
6890	53	30	1	1	1	1	2	1
6891	53	30	1	1	1	1	2	1
6892	53	30	1	1	1	1	2	1
6893	53	30	1	1	1	1	2	1
6894	53	30	1	1	1	1	2	1
6895	53	30	1	1	1	1	2	1
6896	53	30	1	1	1	1	2	1
6897	53	30	1	1	1	1	2	1
6898	53	30	1	1	1	1	2	1
6899	53	30	1	1	1	1	2	1
6900	53	30	1	1	1	1	2	1
6901	53	30	1	1	1	1	2	1
6902	53	30	1	1	1	1	2	1
6903	53	30	1	1	1	1	2	1
6904	53	30	1	1	1	1	2	1
6905	53	30	1	1	1	1	2	1
6906	53	30	1	1	1	1	2	1
6907	53	30	1	1	1	1	2	1
6908	53	30	1	1	1	1	2	1
6909	53	30	1	1	1	1	2	1
6910	53	30	1	1	1	1	2	1
6911	53	30	1	1	1	1	2	1
6912	53	30	1	1	1	1	2	1
6913	53	30	1	1	1	1	2	1
6914	53	30	1	1	1	1	2	1
6915	53	30	1	1	1	1	2	1
6916	53	30	1	1	1	1	2	1
6917	53	30	1	1	1	1	2	1
6918	53	30	1	1	1	1	2	1
6919	53	30	1	1	1	1	2	1
6920	53	30	1	1	1	1	2	1
6921	53	30	1	1	1	1	2	1
6922	53	30	1	1	1	1	2	1
6923	53	30	1	1	1	1	2	1
6924	53	30	1	1	1	1	2	1
6925	53	30	1	1	1	1	2	1
6926	53	30	1	1	1	1	2	1
6927	53	30	1	1	1	1	2	1
6928	53	30	1	1	1	1	2	1
6929	53	30	1	1	1	1	2	1
6930	53	30	1	1	1	1	2	1
6931	53	30	1	1	1	1	2	1
6932	53	30	1	1	1	1	2	1
6933	53	30	1	1	1	1	2	1
6934	53	30	1	1	1	1	2	1
6935	53	30	1	1	1	1	2	1
6936	53	30	1	1	1	1	2	1
6937	53	30	1	1	1	1	2	1
6938	53	30	1	1	1	1	2	1
6939	53	30	1	1	1	1	2	1
6940	53	30	1	1	1	1	2	1
6941	53	30	1	1	1	1	2	1
6942	53	30	1	1	1	1	2	1
6943	53	30	1	1	1	1	2	1
6944	53	30	1	1	1	1	2	1
6945	53	30	1	1	1	1	2	1
6946	53	30	1	1	1	1	2	1
6947	53	30	1	1	1	1	2	1
6948	53	30	1	1	1	1	2	1
6949	53	30	1	1	1	1	2	1
6950	53	30	1	1	1	1	2	1
6951	53	30	1	1	1	1	2	1
6952	53	30	1	1	1	1	2	1
6953	53	30	1	1	1	1	2	1
6954	53	30	1	1	1	1	2	1
6955	53	30	1	1	1	1	2	1
6956	53	30	1	1	1	1	2	1
6957	53	30	1	1	1	1	2	1
6958	53	30	1	1	1	1	2	1
6959	53	30	1	1	1	1	2	1
6960	53	30	1	1	1	1	2	1
6961	53	30	1	1	1	1	2	1
6962	53	30	1	1	1	1	2	1
6963	53	30	1	1	1	1	2	1
6964	53	30	1	1	1	1	2	1
6965	53	30	1	1	1	1	2	1
6966	53	30	1	1	1	1	2	1
6967	53	30	1	1	1	1	2	1
6968	53	30	1	1	1	1	2	1
6969	53	30	1	1	1	1	2	1
6970	53	30	1	1	1	1	2	1
6971	53	30	1	1	1	1	2	1
6972	53	30	1	1	1	1	2	1
6973	53	30	1	1	1	1	2	1
6974	53	30	1	1	1	1	2	1
6975	53	30	1	1	1	1	2	1
6976	53	30	1	1	1	1	2	1
6977	53	30	1	1	1	1	2	1
6978	53	30	1	1	1	1	2	1
6979	53	30	1	1	1	1	2	1
6980	53	30	1	1	1	1	2	1
6981	53	30	1	1	1	1	2	1
6982	53	30	1	1	1	1	2	1
6983	53	30	1	1	1	1	2	1
6984	53	30	1	1	1	1	2	1
6985	53	30	1	1	1	1	2	1
6986	53	30	1	1	1	1	2	1
6987	53	30	1	1	1	1	2	1
6988	53	30	1	1	1	1	2	1
6989	53	30	1	1	1	1	2	1
6990	53	30	1	1	1	1	2	1
6991	53	30	1	1	1	1	2	1
6992	53	30	1	1	1	1	2	1
6993	53	30	1	1	1	1	2	1
6994	53	30	1	1	1	1	2	1
6995	53	30	1	1	1	1	2	1
6996	53	30	1	1	1	1	2	1
6997	53	30	1	1	1	1	2	1
6998	53	30	1	1	1	1	2	1
6999	53	30	1	1	1	1	2	1
7000	53	30	1	1	1	1	2	1
7001	53	30	1	1	1	1	2	1
7002	53	30	1	1	1	1	2	1
7003	53	30	1	1	1	1	2	1
7004	53	30	1	1	1	1	2	1
7005	53	30	1	1	1	1	2	1
7006	53	30	1	1	1	1	2	1
7007	53	30	1	1	1	1	2	1
7008	53	30	1	1	1	1	2	1
7009	53	30	1	1	1	1	2	1
7010	53	30	1	1	1	1	2	1
7011	53	30	1	1	1	1	2	1
7012	53	30	1	1	1	1	2	1
7013	53	30	1	1	1	1	2	1
7014	53	30	1	1	1	1	2	1
7015	53	30	1	1	1	1	2	1
7016	53	30	1	1	1	1	2	1
7017	53	30	1	1	1	1	2	1
7018	53	30	1	1	1	1	2	1
7019	53	30	1	1	1	1	2	1
7020	53	30	1	1	1	1	2	1
7021	53	30	1	1	1	1	2	1
7022	53	30	1	1	1	1	2	1
7023	53	30	1	1	1	1	2	1
7024	53	30	1	1	1	1	2	1
7025	53	30	1	1	1	1	2	1
7026	53	30	1	1	1	1	2	1
7027	53	30	1	1	1	1	2	1
7028	53	30	1	1	1	1	2	1
7029	53	30	1	1	1	1	2	1
7030	53	30	1	1	1	1	2	1
7031	53	30	1	1	1	1	2	1
7032	53	30	1	1	1	1	2	1
7033	53	30	1	1	1	1	2	1
7034	53	30	1	1	1	1	2	1
7035	53	30	1	1	1	1	2	1
7036	53	30	1	1	1	1	2	1
7037	53	30	1	1	1	1	2	1
7038	53	30	1	1	1	1	2	1
7039	53	30	1	1	1	1	2	1
7040	53	30	1	1	1	1	2	1
7041	53	30	1	1	1	1	2	1
7042	53	30	1	1	1	1	2	1
7043	53	30	1	1	1	1	2	1
7044	53	30	1	1	1	1	2	1
7045	53	30	1	1	1	1	2	1
7046	53	30	1	1	1	1	2	1
7047	53	30	1	1	1	1	2	1
7048	53	30	1	1	1	1	2	1
7049	53	30	1	1	1	1	2	1
7050	53	30	1	1	1	1	2	1
7051	53	30	1	1	1	1	2	1
7052	53	30	1	1	1	1	2	1
7053	53	30	1	1	1	1	2	1
7054	53	30	1	1	1	1	2	1
7055	53	30	1	1	1	1	2	1
7056	53	30	1	1	1	1	2	1
7057	53	30	1	1	1	1	2	1
7058	53	30	1	1	1	1	2	1
7059	53	30	1	1	1	1	2	1
7060	53	30	1	1	1	1	2	1
7061	53	30	1	1	1	1	2	1
7062	53	30	1	1	1	1	2	1
7063	53	30	1	1	1	1	2	1
7064	53	30	1	1	1	1	2	1
7065	53	30	1	1	1	1	2	1
7066	53	30	1	1	1	1	2	1
7067	53	30	1	1	1	1	2	1
7068	53	30	1	1	1	1	2	1
7069	53	30	1	1	1	1	2	1
7070	53	30	1	1	1	1	2	1
7071	53	30	1	1	1	1	2	1
7072	53	30	1	1	1	1	2	1
7073	53	30	1	1	1	1	2	1
7074	53	30	1	1	1	1	2	1
7075	53	30	1	1	1	1	2	1
7076	53	30	1	1	1	1	2	1
7077	53	30	1	1	1	1	2	1
7078	53	30	1	1	1	1	2	1
7079	53	30	1	1	1	1	2	1
7080	53	30	1	1	1	1	2	1
7081	53	30	1	1	1	1	2	1
7082	53	30	1	1	1	1	2	1
7083	53	30	1	1	1	1	2	1
7084	53	30	1	1	1	1	2	1
7085	53	30	1	1	1	1	2	1
7086	53	30	1	1	1	1	2	1
7087	53	30	1	1	1	1	2	1
7088	53	30	1	1	1	1	2	1
7089	53	30	1	1	1	1	2	1
7090	53	30	1	1	1	1	2	1
7091	53	30	1	1	1	1	2	1
7092	53	30	1	1	1	1	2	1
7093	53	30	1	1	1	1	2	1
7094	53	30	1	1	1	1	2	1
7095	53	30	1	1	1	1	2	1
7096	53	30	1	1	1	1	2	1
7097	53	30	1	1	1	1	2	1
7098	53	30	1	1	1	1	2	1
7099	53	30	1	1	1	1	2	1
7100	53	30	1	1	1	1	2	1
7101	53	30	1	1	1	1	2	1
7102	53	30	1	1	1	1	2	1
7103	53	30	1	1	1	1	2	1
7104	53	30	1	1	1	1	2	1
7105	53	30	1	1	1	1	2	1
7106	53	30	1	1	1	1	2	1
7107	53	30	1	1	1	1	2	1
7108	53	30	1	1	1	1	2	1
7109	53	30	1	1	1	1	2	1
7110	53	30	1	1	1	1	2	1
7111	53	30	1	1	1	1	2	1
7112	53	30	1	1	1	1	2	1
7113	53	30	1	1	1	1	2	1
7114	53	30	1	1	1	1	2	1
7115	53	30	1	1	1	1	2	1
7116	53	30	1	1	1	1	2	1
7117	53	30	1	1	1	1	2	1
7118	53	30	1	1	1	1	2	1
7119	53	30	1	1	1	1	2	1
7120	53	30	1	1	1	1	2	1
7121	53	30	1	1	1	1	2	1
7122	53	30	1	1	1	1	2	1
7123	53	30	1	1	1	1	2	1
7124	53	30	1	1	1	1	2	1
7125	53	30	1	1	1	1	2	1
7126	53	30	1	1	1	1	2	1
7127	53	30	1	1	1	1	2	1
7128	53	30	1	1	1	1	2	1
7129	53	30	1	1	1	1	2	1
7130	53	30	1	1	1	1	2	1
7131	53	30	1	1	1	1	2	1
7132	53	30	1	1	1	1	2	1
7133	53	30	1	1	1	1	2	1
7134	53	30	1	1	1	1	2	1
7135	53	30	1	1	1	1	2	1
7136	53	30	1	1	1	1	2	1
7137	53	30	1	1	1	1	2	1
7138	53	30	1	1	1	1	2	1
7139	53	30	1	1	1	1	2	1
7140	53	30	1	1	1	1	2	1
7141	53	30	1	1	1	1	2	1
7142	53	30	1	1	1	1	2	1
7143	53	30	1	1	1	1	2	1
7144	53	30	1	1	1	1	2	1
7145	53	30	1	1	1	1	2	1
7146	53	30	1	1	1	1	2	1
7147	53	30	1	1	1	1	2	1
7148	53	30	1	1	1	1	2	1
7149	53	30	1	1	1	1	2	1
7150	53	30	1	1	1	1	2	1
7151	53	30	1	1	1	1	2	1
7152	53	30	1	1	1	1	2	1
7153	53	30	1	1	1	1	2	1
7154	53	30	1	1	1	1	2	1
7155	53	30	1	1	1	1	2	1
7156	53	30	1	1	1	1	2	1
7157	53	30	1	1	1	1	2	1
7158	53	30	1	1	1	1	2	1
7159	53	30	1	1	1	1	2	1
7160	53	30	1	1	1	1	2	1
7161	53	30	1	1	1	1	2	1
7162	53	30	1	1	1	1	2	1
7163	53	30	1	1	1	1	2	1
7164	53	30	1	1	1	1	2	1
7165	53	30	1	1	1	1	2	1
7166	53	30	1	1	1	1	2	1
7167	53	30	1	1	1	1	2	1
7168	53	30	1	1	1	1	2	1
7169	53	30	1	1	1	1	2	1
7170	53	30	1	1	1	1	2	1
7171	53	30	1	1	1	1	2	1
7172	53	30	1	1	1	1	2	1
7173	53	30	1	1	1	1	2	1
7174	53	30	1	1	1	1	2	1
7175	53	30	1	1	1	1	2	1
7176	53	30	1	1	1	1	2	1
7177	53	30	1	1	1	1	2	1
7178	53	30	1	1	1	1	2	1
7179	53	30	1	1	1	1	2	1
7180	53	30	1	1	1	1	2	1
7181	53	30	1	1	1	1	2	1
7182	53	30	1	1	1	1	2	1
7183	53	30	1	1	1	1	2	1
7184	53	30	1	1	1	1	2	1
7185	53	30	1	1	1	1	2	1
7186	53	30	1	1	1	1	2	1
7187	53	30	1	1	1	1	2	1
7188	53	30	1	1	1	1	2	1
7189	53	30	1	1	1	1	2	1
7190	53	30	1	1	1	1	2	1
7191	53	30	1	1	1	1	2	1
7192	53	30	1	1	1	1	2	1
7193	53	30	1	1	1	1	2	1
7194	53	30	1	1	1	1	2	1
7195	53	30	1	1	1	1	2	1
7196	53	30	1	1	1	1	2	1
7197	53	30	1	1	1	1	2	1
7198	53	30	1	1	1	1	2	1
7199	53	30	1	1	1	1	2	1
7200	53	30	1	1	1	1	2	1
7201	53	30	1	1	1	1	2	1
7202	53	30	1	1	1	1	2	1
7203	53	30	1	1	1	1	2	1
7204	53	30	1	1	1	1	2	1
7205	53	30	1	1	1	1	2	1
7206	53	30	1	1	1	1	2	1
7207	53	30	1	1	1	1	2	1
7208	53	30	1	1	1	1	2	1
7209	53	30	1	1	1	1	2	1
7210	53	30	1	1	1	1	2	1
7211	53	30	1	1	1	1	2	1
7212	53	30	1	1	1	1	2	1
7213	53	30	1	1	1	1	2	1
7214	53	30	1	1	1	1	2	1
7215	53	30	1	1	1	1	2	1
7216	53	30	1	1	1	1	2	1
7217	53	30	1	1	1	1	2	1
7218	53	30	1	1	1	1	2	1
7219	53	30	1	1	1	1	2	1
7220	53	30	1	1	1	1	2	1
7221	53	30	1	1	1	1	2	1
7222	53	30	1	1	1	1	2	1
7223	53	30	1	1	1	1	2	1
7224	53	30	1	1	1	1	2	1
7225	53	30	1	1	1	1	2	1
7226	53	30	1	1	1	1	2	1
7227	53	30	1	1	1	1	2	1
7228	53	30	1	1	1	1	2	1
7229	53	30	1	1	1	1	2	1
7230	53	30	1	1	1	1	2	1
7231	53	30	1	1	1	1	2	1
7232	53	30	1	1	1	1	2	1
7233	53	30	1	1	1	1	2	1
7234	53	30	1	1	1	1	2	1
7235	53	30	1	1	1	1	2	1
7236	53	30	1	1	1	1	2	1
7237	53	30	1	1	1	1	2	1
7238	53	30	1	1	1	1	2	1
7239	53	30	1	1	1	1	2	1
7240	53	30	1	1	1	1	2	1
7241	53	30	1	1	1	1	2	1
7242	53	30	1	1	1	1	2	1
7243	53	30	1	1	1	1	2	1
7244	53	30	1	1	1	1	2	1
7245	53	30	1	1	1	1	2	1
7246	53	30	1	1	1	1	2	1
7247	53	30	1	1	1	1	2	1
7248	53	30	1	1	1	1	2	1
7249	53	30	1	1	1	1	2	1
7250	53	30	1	1	1	1	2	1
7251	53	30	1	1	1	1	2	1
7252	53	30	1	1	1	1	2	1
7253	53	30	1	1	1	1	2	1
7254	53	30	1	1	1	1	2	1
7255	53	30	1	1	1	1	2	1
7256	53	30	1	1	1	1	2	1
7257	53	30	1	1	1	1	2	1
7258	53	30	1	1	1	1	2	1
7259	53	30	1	1	1	1	2	1
7260	53	30	1	1	1	1	2	1
7261	53	30	1	1	1	1	2	1
7262	53	30	1	1	1	1	2	1
7263	53	30	1	1	1	1	2	1
7264	53	30	1	1	1	1	2	1
7265	53	30	1	1	1	1	2	1
7266	53	30	1	1	1	1	2	1
7267	53	30	1	1	1	1	2	1
7268	53	30	1	1	1	1	2	1
7269	53	30	1	1	1	1	2	1
7270	53	30	1	1	1	1	2	1
7271	53	30	1	1	1	1	2	1
7272	53	30	1	1	1	1	2	1
7273	53	30	1	1	1	1	2	1
7274	53	30	1	1	1	1	2	1
7275	53	30	1	1	1	1	2	1
7276	53	30	1	1	1	1	2	1
7277	53	30	1	1	1	1	2	1
7278	53	30	1	1	1	1	2	1
7279	53	30	1	1	1	1	2	1
7280	53	30	1	1	1	1	2	1
7281	53	30	1	1	1	1	2	1
7282	53	30	1	1	1	1	2	1
7283	53	30	1	1	1	1	2	1
7284	53	30	1	1	1	1	2	1
7285	53	30	1	1	1	1	2	1
7286	53	30	1	1	1	1	2	1
7287	53	30	1	1	1	1	2	1
7288	53	30	1	1	1	1	2	1
7289	53	30	1	1	1	1	2	1
7290	53	30	1	1	1	1	2	1
7291	53	30	1	1	1	1	2	1
7292	53	30	1	1	1	1	2	1
7293	53	30	1	1	1	1	2	1
7294	53	30	1	1	1	1	2	1
7295	53	30	1	1	1	1	2	1
7296	53	30	1	1	1	1	2	1
7297	53	30	1	1	1	1	2	1
7298	53	30	1	1	1	1	2	1
7299	53	30	1	1	1	1	2	1
7300	53	30	1	1	1	1	2	1
7301	53	30	1	1	1	1	2	1
7302	53	30	1	1	1	1	2	1
7303	53	30	1	1	1	1	2	1
7304	53	30	1	1	1	1	2	1
7305	53	30	1	1	1	1	2	1
7306	53	30	1	1	1	1	2	1
7307	53	30	1	1	1	1	2	1
7308	53	30	1	1	1	1	2	1
7309	53	30	1	1	1	1	2	1
7310	53	30	1	1	1	1	2	1
7311	53	30	1	1	1	1	2	1
7312	53	30	1	1	1	1	2	1
7313	53	30	1	1	1	1	2	1
7314	53	30	1	1	1	1	2	1
7315	53	30	1	1	1	1	2	1
7316	53	30	1	1	1	1	2	1
7317	53	30	1	1	1	1	2	1
7318	53	30	1	1	1	1	2	1
7319	53	30	1	1	1	1	2	1
7320	53	30	1	1	1	1	2	1
7321	53	30	1	1	1	1	2	1
7322	53	30	1	1	1	1	2	1
7323	53	30	1	1	1	1	2	1
7324	53	30	1	1	1	1	2	1
7325	53	30	1	1	1	1	2	1
7326	53	30	1	1	1	1	2	1
7327	53	30	1	1	1	1	2	1
7328	53	30	1	1	1	1	2	1
7329	53	30	1	1	1	1	2	1
7330	53	30	1	1	1	1	2	1
7331	53	30	1	1	1	1	2	1
7332	53	30	1	1	1	1	2	1
7333	53	30	1	1	1	1	2	1
7334	53	30	1	1	1	1	2	1
7335	53	30	1	1	1	1	2	1
7336	53	30	1	1	1	1	2	1
7337	53	30	1	1	1	1	2	1
7338	53	30	1	1	1	1	2	1
7339	53	30	1	1	1	1	2	1
7340	53	30	1	1	1	1	2	1
7341	53	30	1	1	1	1	2	1
7342	53	30	1	1	1	1	2	1
7343	53	30	1	1	1	1	2	1
7344	53	30	1	1	1	1	2	1
7345	53	30	1	1	1	1	2	1
7346	53	30	1	1	1	1	2	1
7347	53	30	1	1	1	1	2	1
7348	53	30	1	1	1	1	2	1
7349	53	30	1	1	1	1	2	1
7350	53	30	1	1	1	1	2	1
7351	53	30	1	1	1	1	2	1
7352	53	30	1	1	1	1	2	1
7353	53	30	1	1	1	1	2	1
7354	53	30	1	1	1	1	2	1
7355	53	30	1	1	1	1	2	1
7356	53	30	1	1	1	1	2	1
7357	53	30	1	1	1	1	2	1
7358	53	30	1	1	1	1	2	1
7359	53	30	1	1	1	1	2	1
7360	53	30	1	1	1	1	2	1
7361	53	30	1	1	1	1	2	1
7362	53	30	1	1	1	1	2	1
7363	53	30	1	1	1	1	2	1
7364	53	30	1	1	1	1	2	1
7365	53	30	1	1	1	1	2	1
7366	53	30	1	1	1	1	2	1
7367	53	30	1	1	1	1	2	1
7368	53	30	1	1	1	1	2	1
7369	53	30	1	1	1	1	2	1
7370	53	30	1	1	1	1	2	1
7371	53	30	1	1	1	1	2	1
7372	53	30	1	1	1	1	2	1
7373	53	30	1	1	1	1	2	1
7374	53	30	1	1	1	1	2	1
7375	53	30	1	1	1	1	2	1
7376	53	30	1	1	1	1	2	1
7377	53	30	1	1	1	1	2	1
7378	53	30	1	1	1	1	2	1
7379	53	30	1	1	1	1	2	1
7380	53	30	1	1	1	1	2	1
7381	53	30	1	1	1	1	2	1
7382	53	30	1	1	1	1	2	1
7383	53	30	1	1	1	1	2	1
7384	53	30	1	1	1	1	2	1
7385	53	30	1	1	1	1	2	1
7386	53	30	1	1	1	1	2	1
7387	53	30	1	1	1	1	2	1
7388	53	30	1	1	1	1	2	1
7389	53	30	1	1	1	1	2	1
7390	53	30	1	1	1	1	2	1
7391	53	30	1	1	1	1	2	1
7392	53	30	1	1	1	1	2	1
7393	53	30	1	1	1	1	2	1
7394	53	30	1	1	1	1	2	1
7395	53	30	1	1	1	1	2	1
7396	53	30	1	1	1	1	2	1
7397	53	30	1	1	1	1	2	1
7398	53	30	1	1	1	1	2	1
7399	53	30	1	1	1	1	2	1
7400	53	30	1	1	1	1	2	1
7401	53	30	1	1	1	1	2	1
7402	53	30	1	1	1	1	2	1
7403	53	30	1	1	1	1	2	1
7404	53	30	1	1	1	1	2	1
7405	53	30	1	1	1	1	2	1
7406	53	30	1	1	1	1	2	1
7407	53	30	1	1	1	1	2	1
7408	53	30	1	1	1	1	2	1
7409	53	30	1	1	1	1	2	1
7410	53	30	1	1	1	1	2	1
7411	53	30	1	1	1	1	2	1
7412	53	30	1	1	1	1	2	1
7413	53	30	1	1	1	1	2	1
7414	53	30	1	1	1	1	2	1
7415	53	30	1	1	1	1	2	1
7416	53	30	1	1	1	1	2	1
7417	53	30	1	1	1	1	2	1
7418	53	30	1	1	1	1	2	1
7419	53	30	1	1	1	1	2	1
7420	53	30	1	1	1	1	2	1
7421	53	30	1	1	1	1	2	1
7422	53	30	1	1	1	1	2	1
7423	53	30	1	1	1	1	2	1
7424	53	30	1	1	1	1	2	1
7425	53	30	1	1	1	1	2	1
7426	53	30	1	1	1	1	2	1
7427	53	30	1	1	1	1	2	1
7428	53	30	1	1	1	1	2	1
7429	53	30	1	1	1	1	2	1
7430	53	30	1	1	1	1	2	1
7431	53	30	1	1	1	1	2	1
7432	53	30	1	1	1	1	2	1
7433	53	30	1	1	1	1	2	1
7434	53	30	1	1	1	1	2	1
7435	53	30	1	1	1	1	2	1
7436	53	30	1	1	1	1	2	1
7437	53	30	1	1	1	1	2	1
7438	53	30	1	1	1	1	2	1
7439	53	30	1	1	1	1	2	1
7440	53	30	1	1	1	1	2	1
7441	53	30	1	1	1	1	2	1
7442	53	30	1	1	1	1	2	1
7443	53	30	1	1	1	1	2	1
7444	53	30	1	1	1	1	2	1
7445	53	30	1	1	1	1	2	1
7446	53	30	1	1	1	1	2	1
7447	53	30	1	1	1	1	2	1
7448	53	30	1	1	1	1	2	1
7449	53	30	1	1	1	1	2	1
7450	53	30	1	1	1	1	2	1
7451	53	30	1	1	1	1	2	1
7452	53	30	1	1	1	1	2	1
7453	53	30	1	1	1	1	2	1
7454	53	30	1	1	1	1	2	1
7455	53	30	1	1	1	1	2	1
7456	53	30	1	1	1	1	2	1
7457	53	30	1	1	1	1	2	1
7458	53	30	1	1	1	1	2	1
7459	53	30	1	1	1	1	2	1
7460	53	30	1	1	1	1	2	1
7461	53	30	1	1	1	1	2	1
7462	53	30	1	1	1	1	2	1
7463	53	30	1	1	1	1	2	1
7464	53	30	1	1	1	1	2	1
7465	53	30	1	1	1	1	2	1
7466	53	30	1	1	1	1	2	1
7467	53	30	1	1	1	1	2	1
7468	53	30	1	1	1	1	2	1
7469	53	30	1	1	1	1	2	1
7470	53	30	1	1	1	1	2	1
7471	53	30	1	1	1	1	2	1
7472	53	30	1	1	1	1	2	1
7473	53	30	1	1	1	1	2	1
7474	53	30	1	1	1	1	2	1
7475	53	30	1	1	1	1	2	1
7476	53	30	1	1	1	1	2	1
7477	53	30	1	1	1	1	2	1
7478	53	30	1	1	1	1	2	1
7479	53	30	1	1	1	1	2	1
7480	53	30	1	1	1	1	2	1
7481	53	30	1	1	1	1	2	1
7482	53	30	1	1	1	1	2	1
7483	53	30	1	1	1	1	2	1
7484	53	30	1	1	1	1	2	1
7485	53	30	1	1	1	1	2	1
7486	53	30	1	1	1	1	2	1
7487	53	30	1	1	1	1	2	1
7488	53	30	1	1	1	1	2	1
7489	53	30	1	1	1	1	2	1
7490	53	30	1	1	1	1	2	1
7491	53	30	1	1	1	1	2	1
7492	53	30	1	1	1	1	2	1
7493	53	30	1	1	1	1	2	1
7494	53	30	1	1	1	1	2	1
7495	53	30	1	1	1	1	2	1
7496	53	30	1	1	1	1	2	1
7497	53	30	1	1	1	1	2	1
7498	53	30	1	1	1	1	2	1
7499	53	30	1	1	1	1	2	1
7500	53	30	1	1	1	1	2	1
7501	53	30	1	1	1	1	2	1
7502	53	30	1	1	1	1	2	1
7503	53	30	1	1	1	1	2	1
7504	53	30	1	1	1	1	2	1
7505	53	30	1	1	1	1	2	1
7506	53	30	1	1	1	1	2	1
7507	53	30	1	1	1	1	2	1
7508	53	30	1	1	1	1	2	1
7509	53	30	1	1	1	1	2	1
7510	53	30	1	1	1	1	2	1
7511	53	30	1	1	1	1	2	1
7512	53	30	1	1	1	1	2	1
7513	53	30	1	1	1	1	2	1
7514	53	30	1	1	1	1	2	1
7515	53	30	1	1	1	1	2	1
7516	53	30	1	1	1	1	2	1
7517	53	30	1	1	1	1	2	1
7518	53	30	1	1	1	1	2	1
7519	53	30	1	1	1	1	2	1
7520	53	30	1	1	1	1	2	1
7521	53	30	1	1	1	1	2	1
7522	53	30	1	1	1	1	2	1
7523	53	30	1	1	1	1	2	1
7524	53	30	1	1	1	1	2	1
7525	53	30	1	1	1	1	2	1
7526	53	30	1	1	1	1	2	1
7527	53	30	1	1	1	1	2	1
7528	53	30	1	1	1	1	2	1
7529	53	30	1	1	1	1	2	1
7530	53	30	1	1	1	1	2	1
7531	53	30	1	1	1	1	2	1
7532	53	30	1	1	1	1	2	1
7533	53	30	1	1	1	1	2	1
7534	53	30	1	1	1	1	2	1
7535	53	30	1	1	1	1	2	1
7536	53	30	1	1	1	1	2	1
7537	53	30	1	1	1	1	2	1
7538	53	30	1	1	1	1	2	1
7539	53	30	1	1	1	1	2	1
7540	53	30	1	1	1	1	2	1
7541	53	30	1	1	1	1	2	1
7542	53	30	1	1	1	1	2	1
7543	53	30	1	1	1	1	2	1
7544	53	30	1	1	1	1	2	1
7545	53	30	1	1	1	1	2	1
7546	53	30	1	1	1	1	2	1
7547	53	30	1	1	1	1	2	1
7548	53	30	1	1	1	1	2	1
7549	53	30	1	1	1	1	2	1
7550	53	30	1	1	1	1	2	1
7551	53	30	1	1	1	1	2	1
7552	53	30	1	1	1	1	2	1
7553	53	30	1	1	1	1	2	1
7554	53	30	1	1	1	1	2	1
7555	53	30	1	1	1	1	2	1
7556	53	30	1	1	1	1	2	1
7557	53	30	1	1	1	1	2	1
7558	53	30	1	1	1	1	2	1
7559	53	30	1	1	1	1	2	1
7560	53	30	1	1	1	1	2	1
7561	53	30	1	1	1	1	2	1
7562	53	30	1	1	1	1	2	1
7563	53	30	1	1	1	1	2	1
7564	53	30	1	1	1	1	2	1
7565	53	30	1	1	1	1	2	1
7566	53	30	1	1	1	1	2	1
7567	53	30	1	1	1	1	2	1
7568	53	30	1	1	1	1	2	1
7569	53	30	1	1	1	1	2	1
7570	53	30	1	1	1	1	2	1
7571	53	30	1	1	1	1	2	1
7572	53	30	1	1	1	1	2	1
7573	53	30	1	1	1	1	2	1
7574	53	30	1	1	1	1	2	1
7575	53	30	1	1	1	1	2	1
7576	53	30	1	1	1	1	2	1
7577	53	30	1	1	1	1	2	1
7578	53	30	1	1	1	1	2	1
7579	53	30	1	1	1	1	2	1
7580	53	30	1	1	1	1	2	1
7581	53	30	1	1	1	1	2	1
7582	53	30	1	1	1	1	2	1
7583	53	30	1	1	1	1	2	1
7584	53	30	1	1	1	1	2	1
7585	53	30	1	1	1	1	2	1
7586	53	30	1	1	1	1	2	1
7587	53	30	1	1	1	1	2	1
7588	53	30	1	1	1	1	2	1
7589	53	30	1	1	1	1	2	1
7590	53	30	1	1	1	1	2	1
7591	53	30	1	1	1	1	2	1
7592	53	30	1	1	1	1	2	1
7593	53	30	1	1	1	1	2	1
7594	53	30	1	1	1	1	2	1
7595	53	30	1	1	1	1	2	1
7596	53	30	1	1	1	1	2	1
7597	53	30	1	1	1	1	2	1
7598	53	30	1	1	1	1	2	1
7599	53	30	1	1	1	1	2	1
7600	53	30	1	1	1	1	2	1
7601	53	30	1	1	1	1	2	1
7602	53	30	1	1	1	1	2	1
7603	53	30	1	1	1	1	2	1
7604	53	30	1	1	1	1	2	1
7605	53	30	1	1	1	1	2	1
7606	53	30	1	1	1	1	2	1
7607	53	30	1	1	1	1	2	1
7608	53	30	1	1	1	1	2	1
7609	53	30	1	1	1	1	2	1
7610	53	30	1	1	1	1	2	1
7611	53	30	1	1	1	1	2	1
7612	53	30	1	1	1	1	2	1
7613	53	30	1	1	1	1	2	1
7614	53	30	1	1	1	1	2	1
7615	53	30	1	1	1	1	2	1
7616	53	30	1	1	1	1	2	1
7617	53	30	1	1	1	1	2	1
7618	53	30	1	1	1	1	2	1
7619	53	30	1	1	1	1	2	1
7620	53	30	1	1	1	1	2	1
7621	53	30	1	1	1	1	2	1
7622	53	30	1	1	1	1	2	1
7623	53	30	1	1	1	1	2	1
7624	53	30	1	1	1	1	2	1
7625	53	30	1	1	1	1	2	1
7626	53	30	1	1	1	1	2	1
7627	53	30	1	1	1	1	2	1
7628	53	30	1	1	1	1	2	1
7629	53	30	1	1	1	1	2	1
7630	53	30	1	1	1	1	2	1
7631	53	30	1	1	1	1	2	1
7632	53	30	1	1	1	1	2	1
7633	53	30	1	1	1	1	2	1
7634	53	30	1	1	1	1	2	1
7635	53	30	1	1	1	1	2	1
7636	53	30	1	1	1	1	2	1
7637	53	30	1	1	1	1	2	1
7638	53	30	1	1	1	1	2	1
7639	53	30	1	1	1	1	2	1
7640	53	30	1	1	1	1	2	1
7641	53	30	1	1	1	1	2	1
7642	53	30	1	1	1	1	2	1
7643	53	30	1	1	1	1	2	1
7644	53	30	1	1	1	1	2	1
7645	53	30	1	1	1	1	2	1
7646	53	30	1	1	1	1	2	1
7647	53	30	1	1	1	1	2	1
7648	53	30	1	1	1	1	2	1
7649	53	30	1	1	1	1	2	1
7650	53	30	1	1	1	1	2	1
7651	53	30	1	1	1	1	2	1
7652	53	30	1	1	1	1	2	1
7653	53	30	1	1	1	1	2	1
7654	53	30	1	1	1	1	2	1
7655	53	30	1	1	1	1	2	1
7656	53	30	1	1	1	1	2	1
7657	53	30	1	1	1	1	2	1
7658	53	30	1	1	1	1	2	1
7659	53	30	1	1	1	1	2	1
7660	53	30	1	1	1	1	2	1
7661	53	30	1	1	1	1	2	1
7662	53	30	1	1	1	1	2	1
7663	53	30	1	1	1	1	2	1
7664	53	30	1	1	1	1	2	1
7665	53	30	1	1	1	1	2	1
7666	53	30	1	1	1	1	2	1
7667	53	30	1	1	1	1	2	1
7668	53	30	1	1	1	1	2	1
7669	53	30	1	1	1	1	2	1
7670	53	30	1	1	1	1	2	1
7671	53	30	1	1	1	1	2	1
7672	53	30	1	1	1	1	2	1
7673	53	30	1	1	1	1	2	1
7674	53	30	1	1	1	1	2	1
7675	53	30	1	1	1	1	2	1
7676	53	30	1	1	1	1	2	1
7677	53	30	1	1	1	1	2	1
7678	53	30	1	1	1	1	2	1
7679	53	30	1	1	1	1	2	1
7680	53	30	1	1	1	1	2	1
7681	53	30	1	1	1	1	2	1
7682	53	30	1	1	1	1	2	1
7683	53	30	1	1	1	1	2	1
7684	53	30	1	1	1	1	2	1
7685	53	30	1	1	1	1	2	1
7686	53	30	1	1	1	1	2	1
7687	53	30	1	1	1	1	2	1
7688	53	30	1	1	1	1	2	1
7689	53	30	1	1	1	1	2	1
7690	53	30	1	1	1	1	2	1
7691	53	30	1	1	1	1	2	1
7692	53	30	1	1	1	1	2	1
7693	53	30	1	1	1	1	2	1
7694	53	30	1	1	1	1	2	1
7695	53	30	1	1	1	1	2	1
7696	53	30	1	1	1	1	2	1
7697	53	30	1	1	1	1	2	1
7698	53	30	1	1	1	1	2	1
7699	53	30	1	1	1	1	2	1
7700	53	30	1	1	1	1	2	1
7701	53	30	1	1	1	1	2	1
7702	53	30	1	1	1	1	2	1
7703	53	30	1	1	1	1	2	1
7704	53	30	1	1	1	1	2	1
7705	53	30	1	1	1	1	2	1
7706	53	30	1	1	1	1	2	1
7707	53	30	1	1	1	1	2	1
7708	53	30	1	1	1	1	2	1
7709	53	30	1	1	1	1	2	1
7710	53	30	1	1	1	1	2	1
7711	53	30	1	1	1	1	2	1
7712	53	30	1	1	1	1	2	1
7713	53	30	1	1	1	1	2	1
7714	53	30	1	1	1	1	2	1
7715	53	30	1	1	1	1	2	1
7716	53	30	1	1	1	1	2	1
7717	53	30	1	1	1	1	2	1
7718	53	30	1	1	1	1	2	1
7719	53	30	1	1	1	1	2	1
7720	53	30	1	1	1	1	2	1
7721	53	30	1	1	1	1	2	1
7722	53	30	1	1	1	1	2	1
7723	53	30	1	1	1	1	2	1
7724	53	30	1	1	1	1	2	1
7725	53	30	1	1	1	1	2	1
7726	53	30	1	1	1	1	2	1
7727	53	30	1	1	1	1	2	1
7728	53	30	1	1	1	1	2	1
7729	53	30	1	1	1	1	2	1
7730	53	30	1	1	1	1	2	1
7731	53	30	1	1	1	1	2	1
7732	53	30	1	1	1	1	2	1
7733	53	30	1	1	1	1	2	1
7734	53	30	1	1	1	1	2	1
7735	53	30	1	1	1	1	2	1
7736	53	30	1	1	1	1	2	1
7737	53	30	1	1	1	1	2	1
7738	53	30	1	1	1	1	2	1
7739	53	30	1	1	1	1	2	1
7740	53	30	1	1	1	1	2	1
7741	53	30	1	1	1	1	2	1
7742	53	30	1	1	1	1	2	1
7743	53	30	1	1	1	1	2	1
7744	53	30	1	1	1	1	2	1
7745	53	30	1	1	1	1	2	1
7746	53	30	1	1	1	1	2	1
7747	53	30	1	1	1	1	2	1
7748	53	30	1	1	1	1	2	1
7749	53	30	1	1	1	1	2	1
7750	53	30	1	1	1	1	2	1
7751	53	30	1	1	1	1	2	1
7752	53	30	1	1	1	1	2	1
7753	53	30	1	1	1	1	2	1
7754	53	30	1	1	1	1	2	1
7755	53	30	1	1	1	1	2	1
7756	53	30	1	1	1	1	2	1
7757	53	30	1	1	1	1	2	1
7758	53	30	1	1	1	1	2	1
7759	53	30	1	1	1	1	2	1
7760	53	30	1	1	1	1	2	1
7761	53	30	1	1	1	1	2	1
7762	53	30	1	1	1	1	2	1
7763	53	30	1	1	1	1	2	1
7764	53	30	1	1	1	1	2	1
7765	53	30	1	1	1	1	2	1
7766	53	30	1	1	1	1	2	1
7767	53	30	1	1	1	1	2	1
7768	53	30	1	1	1	1	2	1
7769	53	30	1	1	1	1	2	1
7770	53	30	1	1	1	1	2	1
7771	53	30	1	1	1	1	2	1
7772	53	30	1	1	1	1	2	1
7773	53	30	1	1	1	1	2	1
7774	53	30	1	1	1	1	2	1
7775	53	30	1	1	1	1	2	1
7776	53	30	1	1	1	1	2	1
7777	53	30	1	1	1	1	2	1
7778	53	30	1	1	1	1	2	1
7779	53	30	1	1	1	1	2	1
7780	53	30	1	1	1	1	2	1
7781	53	30	1	1	1	1	2	1
7782	53	30	1	1	1	1	2	1
7783	53	30	1	1	1	1	2	1
7784	53	30	1	1	1	1	2	1
7785	53	30	1	1	1	1	2	1
7786	53	30	1	1	1	1	2	1
7787	53	30	1	1	1	1	2	1
7788	53	30	1	1	1	1	2	1
7789	53	30	1	1	1	1	2	1
7790	53	30	1	1	1	1	2	1
7791	53	30	1	1	1	1	2	1
7792	53	30	1	1	1	1	2	1
7793	53	30	1	1	1	1	2	1
7794	53	30	1	1	1	1	2	1
7795	53	30	1	1	1	1	2	1
7796	53	30	1	1	1	1	2	1
7797	53	30	1	1	1	1	2	1
7798	53	30	1	1	1	1	2	1
7799	53	30	1	1	1	1	2	1
7800	53	30	1	1	1	1	2	1
7801	53	30	1	1	1	1	2	1
7802	53	30	1	1	1	1	2	1
7803	53	30	1	1	1	1	2	1
7804	53	30	1	1	1	1	2	1
7805	53	30	1	1	1	1	2	1
7806	53	30	1	1	1	1	2	1
7807	53	30	1	1	1	1	2	1
7808	53	30	1	1	1	1	2	1
7809	53	30	1	1	1	1	2	1
7810	53	30	1	1	1	1	2	1
7811	53	30	1	1	1	1	2	1
7812	53	30	1	1	1	1	2	1
7813	53	30	1	1	1	1	2	1
7814	53	30	1	1	1	1	2	1
7815	53	30	1	1	1	1	2	1
7816	53	30	1	1	1	1	2	1
7817	53	30	1	1	1	1	2	1
7818	53	30	1	1	1	1	2	1
7819	53	30	1	1	1	1	2	1
7820	53	30	1	1	1	1	2	1
7821	53	30	1	1	1	1	2	1
7822	53	30	1	1	1	1	2	1
7823	53	30	1	1	1	1	2	1
7824	53	30	1	1	1	1	2	1
7825	53	30	1	1	1	1	2	1
7826	53	30	1	1	1	1	2	1
7827	53	30	1	1	1	1	2	1
7828	53	30	1	1	1	1	2	1
7829	53	30	1	1	1	1	2	1
7830	53	30	1	1	1	1	2	1
7831	53	30	1	1	1	1	2	1
7832	53	30	1	1	1	1	2	1
7833	53	30	1	1	1	1	2	1
7834	53	30	1	1	1	1	2	1
7835	53	30	1	1	1	1	2	1
7836	53	30	1	1	1	1	2	1
7837	53	30	1	1	1	1	2	1
7838	53	30	1	1	1	1	2	1
7839	53	30	1	1	1	1	2	1
7840	53	30	1	1	1	1	2	1
7841	53	30	1	1	1	1	2	1
7842	53	30	1	1	1	1	2	1
7843	53	30	1	1	1	1	2	1
7844	53	30	1	1	1	1	2	1
7845	53	30	1	1	1	1	2	1
7846	53	30	1	1	1	1	2	1
7847	53	30	1	1	1	1	2	1
7848	53	30	1	1	1	1	2	1
7849	53	30	1	1	1	1	2	1
7850	53	30	1	1	1	1	2	1
7851	53	30	1	1	1	1	2	1
7852	53	30	1	1	1	1	2	1
7853	53	30	1	1	1	1	2	1
7854	53	30	1	1	1	1	2	1
7855	53	30	1	1	1	1	2	1
7856	53	30	1	1	1	1	2	1
7857	53	30	1	1	1	1	2	1
7858	53	30	1	1	1	1	2	1
7859	53	30	1	1	1	1	2	1
7860	53	30	1	1	1	1	2	1
7861	53	30	1	1	1	1	2	1
7862	53	30	1	1	1	1	2	1
7863	53	30	1	1	1	1	2	1
7864	53	30	1	1	1	1	2	1
7865	53	30	1	1	1	1	2	1
7866	53	30	1	1	1	1	2	1
7867	53	30	1	1	1	1	2	1
7868	53	30	1	1	1	1	2	1
7869	53	30	1	1	1	1	2	1
7870	53	30	1	1	1	1	2	1
7871	53	30	1	1	1	1	2	1
7872	53	30	1	1	1	1	2	1
7873	53	30	1	1	1	1	2	1
7874	53	30	1	1	1	1	2	1
7875	53	30	1	1	1	1	2	1
7876	53	30	1	1	1	1	2	1
7877	53	30	1	1	1	1	2	1
7878	53	30	1	1	1	1	2	1
7879	53	30	1	1	1	1	2	1
7880	53	30	1	1	1	1	2	1
7881	53	30	1	1	1	1	2	1
7882	53	30	1	1	1	1	2	1
7883	53	30	1	1	1	1	2	1
7884	53	30	1	1	1	1	2	1
7885	53	30	1	1	1	1	2	1
7886	53	30	1	1	1	1	2	1
7887	53	30	1	1	1	1	2	1
7888	53	30	1	1	1	1	2	1
7889	53	30	1	1	1	1	2	1
7890	53	30	1	1	1	1	2	1
7891	53	30	1	1	1	1	2	1
7892	53	30	1	1	1	1	2	1
7893	53	30	1	1	1	1	2	1
7894	53	30	1	1	1	1	2	1
7895	53	30	1	1	1	1	2	1
7896	53	30	1	1	1	1	2	1
7897	53	30	1	1	1	1	2	1
7898	53	30	1	1	1	1	2	1
7899	53	30	1	1	1	1	2	1
7900	53	30	1	1	1	1	2	1
7901	53	30	1	1	1	1	2	1
7902	53	30	1	1	1	1	2	1
7903	53	30	1	1	1	1	2	1
7904	53	30	1	1	1	1	2	1
7905	53	30	1	1	1	1	2	1
7906	53	30	1	1	1	1	2	1
7907	53	30	1	1	1	1	2	1
7908	53	30	1	1	1	1	2	1
7909	53	30	1	1	1	1	2	1
7910	53	30	1	1	1	1	2	1
7911	53	30	1	1	1	1	2	1
7912	53	30	1	1	1	1	2	1
7913	53	30	1	1	1	1	2	1
7914	53	30	1	1	1	1	2	1
7915	53	30	1	1	1	1	2	1
7916	53	30	1	1	1	1	2	1
7917	53	30	1	1	1	1	2	1
7918	53	30	1	1	1	1	2	1
7919	53	30	1	1	1	1	2	1
7920	53	30	1	1	1	1	2	1
7921	53	30	1	1	1	1	2	1
7922	53	30	1	1	1	1	2	1
7923	53	30	1	1	1	1	2	1
7924	53	30	1	1	1	1	2	1
7925	53	30	1	1	1	1	2	1
7926	53	30	1	1	1	1	2	1
7927	53	30	1	1	1	1	2	1
7928	53	30	1	1	1	1	2	1
7929	53	30	1	1	1	1	2	1
7930	53	30	1	1	1	1	2	1
7931	53	30	1	1	1	1	2	1
7932	53	30	1	1	1	1	2	1
7933	53	30	1	1	1	1	2	1
7934	53	30	1	1	1	1	2	1
7935	53	30	1	1	1	1	2	1
7936	53	30	1	1	1	1	2	1
7937	53	30	1	1	1	1	2	1
7938	53	30	1	1	1	1	2	1
7939	53	30	1	1	1	1	2	1
7940	53	30	1	1	1	1	2	1
7941	53	30	1	1	1	1	2	1
7942	53	30	1	1	1	1	2	1
7943	53	30	1	1	1	1	2	1
7944	53	30	1	1	1	1	2	1
7945	53	30	1	1	1	1	2	1
7946	53	30	1	1	1	1	2	1
7947	53	30	1	1	1	1	2	1
7948	53	30	1	1	1	1	2	1
7949	53	30	1	1	1	1	2	1
7950	53	30	1	1	1	1	2	1
7951	53	30	1	1	1	1	2	1
7952	53	30	1	1	1	1	2	1
7953	53	30	1	1	1	1	2	1
7954	53	30	1	1	1	1	2	1
7955	53	30	1	1	1	1	2	1
7956	53	30	1	1	1	1	2	1
7957	53	30	1	1	1	1	2	1
7958	53	30	1	1	1	1	2	1
7959	53	30	1	1	1	1	2	1
7960	53	30	1	1	1	1	2	1
7961	53	30	1	1	1	1	2	1
7962	53	30	1	1	1	1	2	1
7963	53	30	1	1	1	1	2	1
7964	53	30	1	1	1	1	2	1
7965	53	30	1	1	1	1	2	1
7966	53	30	1	1	1	1	2	1
7967	53	30	1	1	1	1	2	1
7968	53	30	1	1	1	1	2	1
7969	53	30	1	1	1	1	2	1
7970	53	30	1	1	1	1	2	1
7971	53	30	1	1	1	1	2	1
7972	53	30	1	1	1	1	2	1
7973	53	30	1	1	1	1	2	1
7974	53	30	1	1	1	1	2	1
7975	53	30	1	1	1	1	2	1
7976	53	30	1	1	1	1	2	1
7977	53	30	1	1	1	1	2	1
7978	53	30	1	1	1	1	2	1
7979	53	30	1	1	1	1	2	1
7980	53	30	1	1	1	1	2	1
7981	53	30	1	1	1	1	2	1
7982	53	30	1	1	1	1	2	1
7983	53	30	1	1	1	1	2	1
7984	53	30	1	1	1	1	2	1
7985	53	30	1	1	1	1	2	1
7986	53	30	1	1	1	1	2	1
7987	53	30	1	1	1	1	2	1
7988	53	30	1	1	1	1	2	1
7989	53	30	1	1	1	1	2	1
7990	53	30	1	1	1	1	2	1
7991	53	30	1	1	1	1	2	1
7992	53	30	1	1	1	1	2	1
7993	53	30	1	1	1	1	2	1
7994	53	30	1	1	1	1	2	1
7995	53	30	1	1	1	1	2	1
7996	53	30	1	1	1	1	2	1
7997	53	30	1	1	1	1	2	1
7998	53	30	1	1	1	1	2	1
7999	53	30	1	1	1	1	2	1
8000	53	30	1	1	1	1	2	1
8001	53	30	1	1	1	1	2	1
8002	53	30	1	1	1	1	2	1
8003	53	30	1	1	1	1	2	1
8004	53	30	1	1	1	1	2	1
8005	53	30	1	1	1	1	2	1
8006	53	30	1	1	1	1	2	1
8007	53	30	1	1	1	1	2	1
8008	53	30	1	1	1	1	2	1
8009	53	30	1	1	1	1	2	1
8010	53	30	1	1	1	1	2	1
8011	53	30	1	1	1	1	2	1
8012	53	30	1	1	1	1	2	1
8013	53	30	1	1	1	1	2	1
8014	53	30	1	1	1	1	2	1
8015	53	30	1	1	1	1	2	1
8016	53	30	1	1	1	1	2	1
8017	53	30	1	1	1	1	2	1
8018	53	30	1	1	1	1	2	1
8019	53	30	1	1	1	1	2	1
8020	53	30	1	1	1	1	2	1
8021	53	30	1	1	1	1	2	1
8022	53	30	1	1	1	1	2	1
8023	53	30	1	1	1	1	2	1
8024	53	30	1	1	1	1	2	1
8025	53	30	1	1	1	1	2	1
8026	53	30	1	1	1	1	2	1
8027	53	30	1	1	1	1	2	1
8028	53	30	1	1	1	1	2	1
8029	53	30	1	1	1	1	2	1
8030	53	30	1	1	1	1	2	1
8031	53	30	1	1	1	1	2	1
8032	53	30	1	1	1	1	2	1
8033	53	30	1	1	1	1	2	1
8034	53	30	1	1	1	1	2	1
8035	53	30	1	1	1	1	2	1
8036	53	30	1	1	1	1	2	1
8037	53	30	1	1	1	1	2	1
8038	53	30	1	1	1	1	2	1
8039	53	30	1	1	1	1	2	1
8040	53	30	1	1	1	1	2	1
8041	53	30	1	1	1	1	2	1
8042	53	30	1	1	1	1	2	1
8043	53	30	1	1	1	1	2	1
8044	53	30	1	1	1	1	2	1
8045	53	30	1	1	1	1	2	1
8046	53	30	1	1	1	1	2	1
8047	53	30	1	1	1	1	2	1
8048	53	30	1	1	1	1	2	1
8049	53	30	1	1	1	1	2	1
8050	53	30	1	1	1	1	2	1
8051	53	30	1	1	1	1	2	1
8052	53	30	1	1	1	1	2	1
8053	53	30	1	1	1	1	2	1
8054	53	30	1	1	1	1	2	1
8055	53	30	1	1	1	1	2	1
8056	53	30	1	1	1	1	2	1
8057	53	30	1	1	1	1	2	1
8058	53	30	1	1	1	1	2	1
8059	53	30	1	1	1	1	2	1
8060	53	30	1	1	1	1	2	1
8061	53	30	1	1	1	1	2	1
8062	53	30	1	1	1	1	2	1
8063	53	30	1	1	1	1	2	1
8064	53	30	1	1	1	1	2	1
8065	53	30	1	1	1	1	2	1
8066	53	30	1	1	1	1	2	1
8067	53	30	1	1	1	1	2	1
8068	53	30	1	1	1	1	2	1
8069	53	30	1	1	1	1	2	1
8070	53	30	1	1	1	1	2	1
8071	53	30	1	1	1	1	2	1
8072	53	30	1	1	1	1	2	1
8073	53	30	1	1	1	1	2	1
8074	53	30	1	1	1	1	2	1
8075	53	30	1	1	1	1	2	1
8076	53	30	1	1	1	1	2	1
8077	53	30	1	1	1	1	2	1
8078	53	30	1	1	1	1	2	1
8079	53	30	1	1	1	1	2	1
8080	53	30	1	1	1	1	2	1
8081	53	30	1	1	1	1	2	1
8082	53	30	1	1	1	1	2	1
8083	53	30	1	1	1	1	2	1
8084	53	30	1	1	1	1	2	1
8085	53	30	1	1	1	1	2	1
8086	53	30	1	1	1	1	2	1
8087	53	30	1	1	1	1	2	1
8088	53	30	1	1	1	1	2	1
8089	53	30	1	1	1	1	2	1
8090	53	30	1	1	1	1	2	1
8091	53	30	1	1	1	1	2	1
8092	53	30	1	1	1	1	2	1
8093	53	30	1	1	1	1	2	1
8094	53	30	1	1	1	1	2	1
8095	53	30	1	1	1	1	2	1
8096	53	30	1	1	1	1	2	1
8097	53	30	1	1	1	1	2	1
8098	53	30	1	1	1	1	2	1
8099	53	30	1	1	1	1	2	1
8100	53	30	1	1	1	1	2	1
8101	53	30	1	1	1	1	2	1
8102	53	30	1	1	1	1	2	1
8103	53	30	1	1	1	1	2	1
8104	53	30	1	1	1	1	2	1
8105	53	30	1	1	1	1	2	1
8106	53	30	1	1	1	1	2	1
8107	53	30	1	1	1	1	2	1
8108	53	30	1	1	1	1	2	1
8109	53	30	1	1	1	1	2	1
8110	53	30	1	1	1	1	2	1
8111	53	30	1	1	1	1	2	1
8112	53	30	1	1	1	1	2	1
8113	53	30	1	1	1	1	2	1
8114	53	30	1	1	1	1	2	1
8115	53	30	1	1	1	1	2	1
8116	53	30	1	1	1	1	2	1
8117	53	30	1	1	1	1	2	1
8118	53	30	1	1	1	1	2	1
8119	53	30	1	1	1	1	2	1
8120	53	30	1	1	1	1	2	1
8121	53	30	1	1	1	1	2	1
8122	53	30	1	1	1	1	2	1
8123	53	30	1	1	1	1	2	1
8124	53	30	1	1	1	1	2	1
8125	53	30	1	1	1	1	2	1
8126	53	30	1	1	1	1	2	1
8127	53	30	1	1	1	1	2	1
8128	53	30	1	1	1	1	2	1
8129	53	30	1	1	1	1	2	1
8130	53	30	1	1	1	1	2	1
8131	53	30	1	1	1	1	2	1
8132	53	30	1	1	1	1	2	1
8133	53	30	1	1	1	1	2	1
8134	53	30	1	1	1	1	2	1
8135	53	30	1	1	1	1	2	1
8136	53	30	1	1	1	1	2	1
8137	53	30	1	1	1	1	2	1
8138	53	30	1	1	1	1	2	1
8139	53	30	1	1	1	1	2	1
8140	53	30	1	1	1	1	2	1
8141	53	30	1	1	1	1	2	1
8142	53	30	1	1	1	1	2	1
8143	53	30	1	1	1	1	2	1
8144	53	30	1	1	1	1	2	1
8145	53	30	1	1	1	1	2	1
8146	53	30	1	1	1	1	2	1
8147	53	30	1	1	1	1	2	1
8148	53	30	1	1	1	1	2	1
8149	53	30	1	1	1	1	2	1
8150	53	30	1	1	1	1	2	1
8151	53	30	1	1	1	1	2	1
8152	53	30	1	1	1	1	2	1
8153	53	30	1	1	1	1	2	1
8154	53	30	1	1	1	1	2	1
8155	53	30	1	1	1	1	2	1
8156	53	30	1	1	1	1	2	1
8157	53	30	1	1	1	1	2	1
8158	53	30	1	1	1	1	2	1
8159	53	30	1	1	1	1	2	1
8160	53	30	1	1	1	1	2	1
8161	53	30	1	1	1	1	2	1
8162	53	30	1	1	1	1	2	1
8163	53	30	1	1	1	1	2	1
8164	53	30	1	1	1	1	2	1
8165	53	30	1	1	1	1	2	1
8166	53	30	1	1	1	1	2	1
8167	53	30	1	1	1	1	2	1
8168	53	30	1	1	1	1	2	1
8169	53	30	1	1	1	1	2	1
8170	53	30	1	1	1	1	2	1
8171	53	30	1	1	1	1	2	1
8172	53	30	1	1	1	1	2	1
8173	53	30	1	1	1	1	2	1
8174	53	30	1	1	1	1	2	1
8175	53	30	1	1	1	1	2	1
8176	53	30	1	1	1	1	2	1
8177	53	30	1	1	1	1	2	1
8178	53	30	1	1	1	1	2	1
8179	53	30	1	1	1	1	2	1
8180	53	30	1	1	1	1	2	1
8181	53	30	1	1	1	1	2	1
8182	53	30	1	1	1	1	2	1
8183	53	30	1	1	1	1	2	1
8184	53	30	1	1	1	1	2	1
8185	53	30	1	1	1	1	2	1
8186	53	30	1	1	1	1	2	1
8187	53	30	1	1	1	1	2	1
8188	53	30	1	1	1	1	2	1
8189	53	30	1	1	1	1	2	1
8190	53	30	1	1	1	1	2	1
8191	53	30	1	1	1	1	2	1
8192	53	30	1	1	1	1	2	1
8193	53	30	1	1	1	1	2	1
8194	53	30	1	1	1	1	2	1
8195	53	30	1	1	1	1	2	1
8196	53	30	1	1	1	1	2	1
8197	53	30	1	1	1	1	2	1
8198	53	30	1	1	1	1	2	1
8199	53	30	1	1	1	1	2	1
8200	53	30	1	1	1	1	2	1
8201	53	30	1	1	1	1	2	1
8202	53	30	1	1	1	1	2	1
8203	53	30	1	1	1	1	2	1
8204	53	30	1	1	1	1	2	1
8205	53	30	1	1	1	1	2	1
8206	53	30	1	1	1	1	2	1
8207	53	30	1	1	1	1	2	1
8208	53	30	1	1	1	1	2	1
8209	53	30	1	1	1	1	2	1
8210	53	30	1	1	1	1	2	1
8211	53	30	1	1	1	1	2	1
8212	53	30	1	1	1	1	2	1
8213	53	30	1	1	1	1	2	1
8214	53	30	1	1	1	1	2	1
8215	53	30	1	1	1	1	2	1
8216	53	30	1	1	1	1	2	1
8217	53	30	1	1	1	1	2	1
8218	53	30	1	1	1	1	2	1
8219	53	30	1	1	1	1	2	1
8220	53	30	1	1	1	1	2	1
8221	53	30	1	1	1	1	2	1
8222	53	30	1	1	1	1	2	1
8223	53	30	1	1	1	1	2	1
8224	53	30	1	1	1	1	2	1
8225	53	30	1	1	1	1	2	1
8226	53	30	1	1	1	1	2	1
8227	53	30	1	1	1	1	2	1
8228	53	30	1	1	1	1	2	1
8229	53	30	1	1	1	1	2	1
8230	53	30	1	1	1	1	2	1
8231	53	30	1	1	1	1	2	1
8232	53	30	1	1	1	1	2	1
8233	53	30	1	1	1	1	2	1
8234	53	30	1	1	1	1	2	1
8235	53	30	1	1	1	1	2	1
8236	53	30	1	1	1	1	2	1
8237	53	30	1	1	1	1	2	1
8238	53	30	1	1	1	1	2	1
8239	53	30	1	1	1	1	2	1
8240	53	30	1	1	1	1	2	1
8241	53	30	1	1	1	1	2	1
8242	53	30	1	1	1	1	2	1
8243	53	30	1	1	1	1	2	1
8244	53	30	1	1	1	1	2	1
8245	53	30	1	1	1	1	2	1
8246	53	30	1	1	1	1	2	1
8247	53	30	1	1	1	1	2	1
8248	53	30	1	1	1	1	2	1
8249	53	30	1	1	1	1	2	1
8250	53	30	1	1	1	1	2	1
8251	53	30	1	1	1	1	2	1
8252	53	30	1	1	1	1	2	1
8253	53	30	1	1	1	1	2	1
8254	53	30	1	1	1	1	2	1
8255	53	30	1	1	1	1	2	1
8256	53	30	1	1	1	1	2	1
8257	53	30	1	1	1	1	2	1
8258	53	30	1	1	1	1	2	1
8259	53	30	1	1	1	1	2	1
8260	53	30	1	1	1	1	2	1
8261	53	30	1	1	1	1	2	1
8262	53	30	1	1	1	1	2	1
8263	53	30	1	1	1	1	2	1
8264	53	30	1	1	1	1	2	1
8265	53	30	1	1	1	1	2	1
8266	53	30	1	1	1	1	2	1
8267	53	30	1	1	1	1	2	1
8268	53	30	1	1	1	1	2	1
8269	53	30	1	1	1	1	2	1
8270	53	30	1	1	1	1	2	1
8271	53	30	1	1	1	1	2	1
8272	53	30	1	1	1	1	2	1
8273	53	30	1	1	1	1	2	1
8274	53	30	1	1	1	1	2	1
8275	53	30	1	1	1	1	2	1
8276	53	30	1	1	1	1	2	1
8277	53	30	1	1	1	1	2	1
8278	53	30	1	1	1	1	2	1
8279	53	30	1	1	1	1	2	1
8280	53	30	1	1	1	1	2	1
8281	53	30	1	1	1	1	2	1
8282	53	30	1	1	1	1	2	1
8283	53	30	1	1	1	1	2	1
8284	53	30	1	1	1	1	2	1
8285	53	30	1	1	1	1	2	1
8286	53	30	1	1	1	1	2	1
8287	53	30	1	1	1	1	2	1
8288	53	30	1	1	1	1	2	1
8289	53	30	1	1	1	1	2	1
8290	53	30	1	1	1	1	2	1
8291	53	30	1	1	1	1	2	1
8292	53	30	1	1	1	1	2	1
8293	53	30	1	1	1	1	2	1
8294	53	30	1	1	1	1	2	1
8295	53	30	1	1	1	1	2	1
8296	53	30	1	1	1	1	2	1
8297	53	30	1	1	1	1	2	1
8298	53	30	1	1	1	1	2	1
8299	53	30	1	1	1	1	2	1
8300	53	30	1	1	1	1	2	1
8301	53	30	1	1	1	1	2	1
8302	53	30	1	1	1	1	2	1
8303	53	30	1	1	1	1	2	1
8304	53	30	1	1	1	1	2	1
8305	53	30	1	1	1	1	2	1
8306	53	30	1	1	1	1	2	1
8307	53	30	1	1	1	1	2	1
8308	53	30	1	1	1	1	2	1
8309	53	30	1	1	1	1	2	1
8310	53	30	1	1	1	1	2	1
8311	53	30	1	1	1	1	2	1
8312	53	30	1	1	1	1	2	1
8313	53	30	1	1	1	1	2	1
8314	53	30	1	1	1	1	2	1
8315	53	30	1	1	1	1	2	1
8316	53	30	1	1	1	1	2	1
8317	53	30	1	1	1	1	2	1
8318	53	30	1	1	1	1	2	1
8319	53	30	1	1	1	1	2	1
8320	53	30	1	1	1	1	2	1
8321	53	30	1	1	1	1	2	1
8322	53	30	1	1	1	1	2	1
8323	53	30	1	1	1	1	2	1
8324	53	30	1	1	1	1	2	1
8325	53	30	1	1	1	1	2	1
8326	53	30	1	1	1	1	2	1
8327	53	30	1	1	1	1	2	1
8328	53	30	1	1	1	1	2	1
8329	53	30	1	1	1	1	2	1
8330	53	30	1	1	1	1	2	1
8331	53	30	1	1	1	1	2	1
8332	53	30	1	1	1	1	2	1
8333	53	30	1	1	1	1	2	1
8334	53	30	1	1	1	1	2	1
8335	53	30	1	1	1	1	2	1
8336	53	30	1	1	1	1	2	1
8337	53	30	1	1	1	1	2	1
8338	53	30	1	1	1	1	2	1
8339	53	30	1	1	1	1	2	1
8340	53	30	1	1	1	1	2	1
8341	53	30	1	1	1	1	2	1
8342	53	30	1	1	1	1	2	1
8343	53	30	1	1	1	1	2	1
8344	53	30	1	1	1	1	2	1
8345	53	30	1	1	1	1	2	1
8346	53	30	1	1	1	1	2	1
8347	53	30	1	1	1	1	2	1
8348	53	30	1	1	1	1	2	1
8349	53	30	1	1	1	1	2	1
8350	53	30	1	1	1	1	2	1
8351	53	30	1	1	1	1	2	1
8352	53	30	1	1	1	1	2	1
8353	53	30	1	1	1	1	2	1
8354	53	30	1	1	1	1	2	1
8355	53	30	1	1	1	1	2	1
8356	53	30	1	1	1	1	2	1
8357	53	30	1	1	1	1	2	1
8358	53	30	1	1	1	1	2	1
8359	53	30	1	1	1	1	2	1
8360	53	30	1	1	1	1	2	1
8361	53	30	1	1	1	1	2	1
8362	53	30	1	1	1	1	2	1
8363	53	30	1	1	1	1	2	1
8364	53	30	1	1	1	1	2	1
8365	53	30	1	1	1	1	2	1
8366	53	30	1	1	1	1	2	1
8367	53	30	1	1	1	1	2	1
8368	53	30	1	1	1	1	2	1
8369	53	30	1	1	1	1	2	1
8370	53	30	1	1	1	1	2	1
8371	53	30	1	1	1	1	2	1
8372	53	30	1	1	1	1	2	1
8373	53	30	1	1	1	1	2	1
8374	53	30	1	1	1	1	2	1
8375	53	30	1	1	1	1	2	1
8376	53	30	1	1	1	1	2	1
8377	53	30	1	1	1	1	2	1
8378	53	30	1	1	1	1	2	1
8379	53	30	1	1	1	1	2	1
8380	53	30	1	1	1	1	2	1
8381	53	30	1	1	1	1	2	1
8382	53	30	1	1	1	1	2	1
8383	53	30	1	1	1	1	2	1
8384	53	30	1	1	1	1	2	1
8385	53	30	1	1	1	1	2	1
8386	53	30	1	1	1	1	2	1
8387	53	30	1	1	1	1	2	1
8388	53	30	1	1	1	1	2	1
8389	53	30	1	1	1	1	2	1
8390	53	30	1	1	1	1	2	1
8391	53	30	1	1	1	1	2	1
8392	53	30	1	1	1	1	2	1
8393	53	30	1	1	1	1	2	1
8394	53	30	1	1	1	1	2	1
8395	53	30	1	1	1	1	2	1
8396	53	30	1	1	1	1	2	1
8397	53	30	1	1	1	1	2	1
8398	53	30	1	1	1	1	2	1
8399	53	30	1	1	1	1	2	1
8400	53	30	1	1	1	1	2	1
8401	53	30	1	1	1	1	2	1
8402	53	30	1	1	1	1	2	1
8403	53	30	1	1	1	1	2	1
8404	53	30	1	1	1	1	2	1
8405	53	30	1	1	1	1	2	1
8406	53	30	1	1	1	1	2	1
8407	53	30	1	1	1	1	2	1
8408	53	30	1	1	1	1	2	1
8409	53	30	1	1	1	1	2	1
8410	53	30	1	1	1	1	2	1
8411	53	30	1	1	1	1	2	1
8412	53	30	1	1	1	1	2	1
8413	53	30	1	1	1	1	2	1
8414	53	30	1	1	1	1	2	1
8415	53	30	1	1	1	1	2	1
8416	53	30	1	1	1	1	2	1
8417	53	30	1	1	1	1	2	1
8418	53	30	1	1	1	1	2	1
8419	53	30	1	1	1	1	2	1
8420	53	30	1	1	1	1	2	1
8421	53	30	1	1	1	1	2	1
8422	53	30	1	1	1	1	2	1
8423	53	30	1	1	1	1	2	1
8424	53	30	1	1	1	1	2	1
8425	53	30	1	1	1	1	2	1
8426	53	30	1	1	1	1	2	1
8427	53	30	1	1	1	1	2	1
8428	53	30	1	1	1	1	2	1
8429	53	30	1	1	1	1	2	1
8430	53	30	1	1	1	1	2	1
8431	53	30	1	1	1	1	2	1
8432	53	30	1	1	1	1	2	1
8433	53	30	1	1	1	1	2	1
8434	53	30	1	1	1	1	2	1
8435	53	30	1	1	1	1	2	1
8436	53	30	1	1	1	1	2	1
8437	53	30	1	1	1	1	2	1
8438	53	30	1	1	1	1	2	1
8439	53	30	1	1	1	1	2	1
8440	53	30	1	1	1	1	2	1
8441	53	30	1	1	1	1	2	1
8442	53	30	1	1	1	1	2	1
8443	53	30	1	1	1	1	2	1
8444	53	30	1	1	1	1	2	1
8445	53	30	1	1	1	1	2	1
8446	53	30	1	1	1	1	2	1
8447	53	30	1	1	1	1	2	1
8448	53	30	1	1	1	1	2	1
8449	53	30	1	1	1	1	2	1
8450	53	30	1	1	1	1	2	1
8451	53	30	1	1	1	1	2	1
8452	53	30	1	1	1	1	2	1
8453	53	30	1	1	1	1	2	1
8454	53	30	1	1	1	1	2	1
8455	53	30	1	1	1	1	2	1
8456	53	30	1	1	1	1	2	1
8457	53	30	1	1	1	1	2	1
8458	53	30	1	1	1	1	2	1
8459	53	30	1	1	1	1	2	1
8460	53	30	1	1	1	1	2	1
8461	53	30	1	1	1	1	2	1
8462	53	30	1	1	1	1	2	1
8463	53	30	1	1	1	1	2	1
8464	53	30	1	1	1	1	2	1
8465	53	30	1	1	1	1	2	1
8466	53	30	1	1	1	1	2	1
8467	53	30	1	1	1	1	2	1
8468	53	30	1	1	1	1	2	1
8469	53	30	1	1	1	1	2	1
8470	53	30	1	1	1	1	2	1
8471	53	30	1	1	1	1	2	1
8472	53	30	1	1	1	1	2	1
8473	53	30	1	1	1	1	2	1
8474	53	30	1	1	1	1	2	1
8475	53	30	1	1	1	1	2	1
8476	53	30	1	1	1	1	2	1
8477	53	30	1	1	1	1	2	1
8478	53	30	1	1	1	1	2	1
8479	53	30	1	1	1	1	2	1
8480	53	30	1	1	1	1	2	1
8481	53	30	1	1	1	1	2	1
8482	53	30	1	1	1	1	2	1
8483	53	30	1	1	1	1	2	1
8484	53	30	1	1	1	1	2	1
8485	53	30	1	1	1	1	2	1
8486	53	30	1	1	1	1	2	1
8487	53	30	1	1	1	1	2	1
8488	53	30	1	1	1	1	2	1
8489	53	30	1	1	1	1	2	1
8490	53	30	1	1	1	1	2	1
8491	53	30	1	1	1	1	2	1
8492	53	30	1	1	1	1	2	1
8493	53	30	1	1	1	1	2	1
8494	53	30	1	1	1	1	2	1
8495	53	30	1	1	1	1	2	1
8496	53	30	1	1	1	1	2	1
8497	53	30	1	1	1	1	2	1
8498	53	30	1	1	1	1	2	1
8499	53	30	1	1	1	1	2	1
8500	53	30	1	1	1	1	2	1
8501	53	30	1	1	1	1	2	1
8502	53	30	1	1	1	1	2	1
8503	53	30	1	1	1	1	2	1
8504	53	30	1	1	1	1	2	1
8505	53	30	1	1	1	1	2	1
8506	53	30	1	1	1	1	2	1
8507	53	30	1	1	1	1	2	1
8508	53	30	1	1	1	1	2	1
8509	53	30	1	1	1	1	2	1
8510	53	30	1	1	1	1	2	1
8511	53	30	1	1	1	1	2	1
8512	53	30	1	1	1	1	2	1
8513	53	30	1	1	1	1	2	1
8514	53	30	1	1	1	1	2	1
8515	53	30	1	1	1	1	2	1
8516	53	30	1	1	1	1	2	1
8517	53	30	1	1	1	1	2	1
8518	53	30	1	1	1	1	2	1
8519	53	30	1	1	1	1	2	1
8520	53	30	1	1	1	1	2	1
8521	53	30	1	1	1	1	2	1
8522	53	30	1	1	1	1	2	1
8523	53	30	1	1	1	1	2	1
8524	53	30	1	1	1	1	2	1
8525	53	30	1	1	1	1	2	1
8526	53	30	1	1	1	1	2	1
8527	53	30	1	1	1	1	2	1
8528	53	30	1	1	1	1	2	1
8529	53	30	1	1	1	1	2	1
8530	53	30	1	1	1	1	2	1
8531	53	30	1	1	1	1	2	1
8532	53	30	1	1	1	1	2	1
8533	53	30	1	1	1	1	2	1
8534	53	30	1	1	1	1	2	1
8535	53	30	1	1	1	1	2	1
8536	53	30	1	1	1	1	2	1
8537	53	30	1	1	1	1	2	1
8538	53	30	1	1	1	1	2	1
8539	53	30	1	1	1	1	2	1
8540	53	30	1	1	1	1	2	1
8541	53	30	1	1	1	1	2	1
8542	53	30	1	1	1	1	2	1
8543	53	30	1	1	1	1	2	1
8544	53	30	1	1	1	1	2	1
8545	53	30	1	1	1	1	2	1
8546	53	30	1	1	1	1	2	1
8547	53	30	1	1	1	1	2	1
8548	53	30	1	1	1	1	2	1
8549	53	30	1	1	1	1	2	1
8550	53	30	1	1	1	1	2	1
8551	53	30	1	1	1	1	2	1
8552	53	30	1	1	1	1	2	1
8553	53	30	1	1	1	1	2	1
8554	53	30	1	1	1	1	2	1
8555	53	30	1	1	1	1	2	1
8556	53	30	1	1	1	1	2	1
8557	53	30	1	1	1	1	2	1
8558	53	30	1	1	1	1	2	1
8559	53	30	1	1	1	1	2	1
8560	53	30	1	1	1	1	2	1
8561	53	30	1	1	1	1	2	1
8562	53	30	1	1	1	1	2	1
8563	53	30	1	1	1	1	2	1
8564	53	30	1	1	1	1	2	1
8565	53	30	1	1	1	1	2	1
8566	53	30	1	1	1	1	2	1
8567	53	30	1	1	1	1	2	1
8568	53	30	1	1	1	1	2	1
8569	53	30	1	1	1	1	2	1
8570	53	30	1	1	1	1	2	1
8571	53	30	1	1	1	1	2	1
8572	53	30	1	1	1	1	2	1
8573	53	30	1	1	1	1	2	1
8574	53	30	1	1	1	1	2	1
8575	53	30	1	1	1	1	2	1
8576	53	30	1	1	1	1	2	1
8577	53	30	1	1	1	1	2	1
8578	53	30	1	1	1	1	2	1
8579	53	30	1	1	1	1	2	1
8580	53	30	1	1	1	1	2	1
8581	53	30	1	1	1	1	2	1
8582	53	30	1	1	1	1	2	1
8583	53	30	1	1	1	1	2	1
8584	53	30	1	1	1	1	2	1
8585	53	30	1	1	1	1	2	1
8586	53	30	1	1	1	1	2	1
8587	53	30	1	1	1	1	2	1
8588	53	30	1	1	1	1	2	1
8589	53	30	1	1	1	1	2	1
8590	53	30	1	1	1	1	2	1
8591	53	30	1	1	1	1	2	1
8592	53	30	1	1	1	1	2	1
8593	53	30	1	1	1	1	2	1
8594	53	30	1	1	1	1	2	1
8595	53	30	1	1	1	1	2	1
8596	53	30	1	1	1	1	2	1
8597	53	30	1	1	1	1	2	1
8598	53	30	1	1	1	1	2	1
8599	53	30	1	1	1	1	2	1
8600	53	30	1	1	1	1	2	1
8601	53	30	1	1	1	1	2	1
8602	53	30	1	1	1	1	2	1
8603	53	30	1	1	1	1	2	1
8604	53	30	1	1	1	1	2	1
8605	53	30	1	1	1	1	2	1
8606	53	30	1	1	1	1	2	1
8607	53	30	1	1	1	1	2	1
8608	53	30	1	1	1	1	2	1
8609	53	30	1	1	1	1	2	1
8610	53	30	1	1	1	1	2	1
8611	53	30	1	1	1	1	2	1
8612	53	30	1	1	1	1	2	1
8613	53	30	1	1	1	1	2	1
8614	53	30	1	1	1	1	2	1
8615	53	30	1	1	1	1	2	1
8616	53	30	1	1	1	1	2	1
8617	53	30	1	1	1	1	2	1
8618	53	30	1	1	1	1	2	1
8619	53	30	1	1	1	1	2	1
8620	53	30	1	1	1	1	2	1
8621	53	30	1	1	1	1	2	1
8622	53	30	1	1	1	1	2	1
8623	53	30	1	1	1	1	2	1
8624	53	30	1	1	1	1	2	1
8625	53	30	1	1	1	1	2	1
8626	53	30	1	1	1	1	2	1
8627	53	30	1	1	1	1	2	1
8628	53	30	1	1	1	1	2	1
8629	53	30	1	1	1	1	2	1
8630	53	30	1	1	1	1	2	1
8631	53	30	1	1	1	1	2	1
8632	53	30	1	1	1	1	2	1
8633	53	30	1	1	1	1	2	1
8634	53	30	1	1	1	1	2	1
8635	53	30	1	1	1	1	2	1
8636	53	30	1	1	1	1	2	1
8637	53	30	1	1	1	1	2	1
8638	53	30	1	1	1	1	2	1
8639	53	30	1	1	1	1	2	1
8640	53	30	1	1	1	1	2	1
8641	53	30	1	1	1	1	2	1
8642	53	30	1	1	1	1	2	1
8643	53	30	1	1	1	1	2	1
8644	53	30	1	1	1	1	2	1
8645	53	30	1	1	1	1	2	1
8646	53	30	1	1	1	1	2	1
8647	53	30	1	1	1	1	2	1
8648	53	30	1	1	1	1	2	1
8649	53	30	1	1	1	1	2	1
8650	53	30	1	1	1	1	2	1
8651	53	30	1	1	1	1	2	1
8652	53	30	1	1	1	1	2	1
8653	53	30	1	1	1	1	2	1
8654	53	30	1	1	1	1	2	1
8655	53	30	1	1	1	1	2	1
8656	53	30	1	1	1	1	2	1
8657	53	30	1	1	1	1	2	1
8658	53	30	1	1	1	1	2	1
8659	53	30	1	1	1	1	2	1
8660	53	30	1	1	1	1	2	1
8661	53	30	1	1	1	1	2	1
8662	53	30	1	1	1	1	2	1
8663	53	30	1	1	1	1	2	1
8664	53	30	1	1	1	1	2	1
8665	53	30	1	1	1	1	2	1
8666	53	30	1	1	1	1	2	1
8667	53	30	1	1	1	1	2	1
8668	53	30	1	1	1	1	2	1
8669	53	30	1	1	1	1	2	1
8670	53	30	1	1	1	1	2	1
8671	53	30	1	1	1	1	2	1
8672	53	30	1	1	1	1	2	1
8673	53	30	1	1	1	1	2	1
8674	53	30	1	1	1	1	2	1
8675	53	30	1	1	1	1	2	1
8676	53	30	1	1	1	1	2	1
8677	53	30	1	1	1	1	2	1
8678	53	30	1	1	1	1	2	1
8679	53	30	1	1	1	1	2	1
8680	53	30	1	1	1	1	2	1
8681	53	30	1	1	1	1	2	1
8682	53	30	1	1	1	1	2	1
8683	53	30	1	1	1	1	2	1
8684	53	30	1	1	1	1	2	1
8685	53	30	1	1	1	1	2	1
8686	53	30	1	1	1	1	2	1
8687	53	30	1	1	1	1	2	1
8688	53	30	1	1	1	1	2	1
8689	53	30	1	1	1	1	2	1
8690	53	30	1	1	1	1	2	1
8691	53	30	1	1	1	1	2	1
8692	53	30	1	1	1	1	2	1
8693	53	30	1	1	1	1	2	1
8694	53	30	1	1	1	1	2	1
8695	53	30	1	1	1	1	2	1
8696	53	30	1	1	1	1	2	1
8697	53	30	1	1	1	1	2	1
8698	53	30	1	1	1	1	2	1
8699	53	30	1	1	1	1	2	1
8700	53	30	1	1	1	1	2	1
8701	53	30	1	1	1	1	2	1
8702	53	30	1	1	1	1	2	1
8703	53	30	1	1	1	1	2	1
8704	53	30	1	1	1	1	2	1
8705	53	30	1	1	1	1	2	1
8706	53	30	1	1	1	1	2	1
8707	53	30	1	1	1	1	2	1
8708	53	30	1	1	1	1	2	1
8709	53	30	1	1	1	1	2	1
8710	53	30	1	1	1	1	2	1
8711	53	30	1	1	1	1	2	1
8712	53	30	1	1	1	1	2	1
8713	53	30	1	1	1	1	2	1
8714	53	30	1	1	1	1	2	1
8715	53	30	1	1	1	1	2	1
8716	53	30	1	1	1	1	2	1
8717	53	30	1	1	1	1	2	1
8718	53	30	1	1	1	1	2	1
8719	53	30	1	1	1	1	2	1
8720	53	30	1	1	1	1	2	1
8721	53	30	1	1	1	1	2	1
8722	53	30	1	1	1	1	2	1
8723	53	30	1	1	1	1	2	1
8724	53	30	1	1	1	1	2	1
8725	53	30	1	1	1	1	2	1
8726	53	30	1	1	1	1	2	1
8727	53	30	1	1	1	1	2	1
8728	53	30	1	1	1	1	2	1
8729	53	30	1	1	1	1	2	1
8730	53	30	1	1	1	1	2	1
8731	53	30	1	1	1	1	2	1
8732	53	30	1	1	1	1	2	1
8733	53	30	1	1	1	1	2	1
8734	53	30	1	1	1	1	2	1
8735	53	30	1	1	1	1	2	1
8736	53	30	1	1	1	1	2	1
8737	53	30	1	1	1	1	2	1
8738	53	30	1	1	1	1	2	1
8739	53	30	1	1	1	1	2	1
8740	53	30	1	1	1	1	2	1
8741	53	30	1	1	1	1	2	1
8742	53	30	1	1	1	1	2	1
8743	53	30	1	1	1	1	2	1
8744	53	30	1	1	1	1	2	1
8745	53	30	1	1	1	1	2	1
8746	53	30	1	1	1	1	2	1
8747	53	30	1	1	1	1	2	1
8748	53	30	1	1	1	1	2	1
8749	53	30	1	1	1	1	2	1
8750	53	30	1	1	1	1	2	1
8751	53	30	1	1	1	1	2	1
8752	53	30	1	1	1	1	2	1
8753	53	30	1	1	1	1	2	1
8754	53	30	1	1	1	1	2	1
8755	53	30	1	1	1	1	2	1
8756	53	30	1	1	1	1	2	1
8757	53	30	1	1	1	1	2	1
8758	53	30	1	1	1	1	2	1
8759	53	30	1	1	1	1	2	1
8760	53	30	1	1	1	1	2	1
8761	53	30	1	1	1	1	2	1
8762	53	30	1	1	1	1	2	1
8763	53	30	1	1	1	1	2	1
8764	53	30	1	1	1	1	2	1
8765	53	30	1	1	1	1	2	1
8766	53	30	1	1	1	1	2	1
8767	53	30	1	1	1	1	2	1
8768	53	30	1	1	1	1	2	1
8769	53	30	1	1	1	1	2	1
8770	53	30	1	1	1	1	2	1
8771	53	30	1	1	1	1	2	1
8772	53	30	1	1	1	1	2	1
8773	53	30	1	1	1	1	2	1
8774	53	30	1	1	1	1	2	1
8775	53	30	1	1	1	1	2	1
8776	53	30	1	1	1	1	2	1
8777	53	30	1	1	1	1	2	1
8778	53	30	1	1	1	1	2	1
8779	53	30	1	1	1	1	2	1
8780	53	30	1	1	1	1	2	1
8781	53	30	1	1	1	1	2	1
8782	53	30	1	1	1	1	2	1
8783	53	30	1	1	1	1	2	1
8784	53	30	1	1	1	1	2	1
8785	53	30	1	1	1	1	2	1
8786	53	30	1	1	1	1	2	1
8787	53	30	1	1	1	1	2	1
8788	53	30	1	1	1	1	2	1
8789	53	30	1	1	1	1	2	1
8790	53	30	1	1	1	1	2	1
8791	53	30	1	1	1	1	2	1
8792	53	30	1	1	1	1	2	1
8793	53	30	1	1	1	1	2	1
8794	53	30	1	1	1	1	2	1
8795	53	30	1	1	1	1	2	1
8796	53	30	1	1	1	1	2	1
8797	53	30	1	1	1	1	2	1
8798	53	30	1	1	1	1	2	1
8799	53	30	1	1	1	1	2	1
8800	53	30	1	1	1	1	2	1
8801	53	30	1	1	1	1	2	1
8802	53	30	1	1	1	1	2	1
8803	53	30	1	1	1	1	2	1
8804	53	30	1	1	1	1	2	1
8805	53	30	1	1	1	1	2	1
8806	53	30	1	1	1	1	2	1
8807	53	30	1	1	1	1	2	1
8808	53	30	1	1	1	1	2	1
8809	53	30	1	1	1	1	2	1
8810	53	30	1	1	1	1	2	1
8811	53	30	1	1	1	1	2	1
8812	53	30	1	1	1	1	2	1
8813	53	30	1	1	1	1	2	1
8814	53	30	1	1	1	1	2	1
8815	53	30	1	1	1	1	2	1
8816	53	30	1	1	1	1	2	1
8817	53	30	1	1	1	1	2	1
8818	53	30	1	1	1	1	2	1
8819	53	30	1	1	1	1	2	1
8820	53	30	1	1	1	1	2	1
8821	53	30	1	1	1	1	2	1
8822	53	30	1	1	1	1	2	1
8823	53	30	1	1	1	1	2	1
8824	53	30	1	1	1	1	2	1
8825	53	30	1	1	1	1	2	1
8826	53	30	1	1	1	1	2	1
8827	53	30	1	1	1	1	2	1
8828	53	30	1	1	1	1	2	1
8829	53	30	1	1	1	1	2	1
8830	53	30	1	1	1	1	2	1
8831	53	30	1	1	1	1	2	1
8832	53	30	1	1	1	1	2	1
8833	53	30	1	1	1	1	2	1
8834	53	30	1	1	1	1	2	1
8835	53	30	1	1	1	1	2	1
8836	53	30	1	1	1	1	2	1
8837	53	30	1	1	1	1	2	1
8838	53	30	1	1	1	1	2	1
8839	53	30	1	1	1	1	2	1
8840	53	30	1	1	1	1	2	1
8841	53	30	1	1	1	1	2	1
8842	53	30	1	1	1	1	2	1
8843	53	30	1	1	1	1	2	1
8844	53	30	1	1	1	1	2	1
8845	53	30	1	1	1	1	2	1
8846	53	30	1	1	1	1	2	1
8847	53	30	1	1	1	1	2	1
8848	53	30	1	1	1	1	2	1
8849	53	30	1	1	1	1	2	1
8850	53	30	1	1	1	1	2	1
8851	53	30	1	1	1	1	2	1
8852	53	30	1	1	1	1	2	1
8853	53	30	1	1	1	1	2	1
8854	53	30	1	1	1	1	2	1
8855	53	30	1	1	1	1	2	1
8856	53	30	1	1	1	1	2	1
8857	53	30	1	1	1	1	2	1
8858	53	30	1	1	1	1	2	1
8859	53	30	1	1	1	1	2	1
8860	53	30	1	1	1	1	2	1
8861	53	30	1	1	1	1	2	1
8862	53	30	1	1	1	1	2	1
8863	53	30	1	1	1	1	2	1
8864	53	30	1	1	1	1	2	1
8865	53	30	1	1	1	1	2	1
8866	53	30	1	1	1	1	2	1
8867	53	30	1	1	1	1	2	1
8868	53	30	1	1	1	1	2	1
8869	53	30	1	1	1	1	2	1
8870	53	30	1	1	1	1	2	1
8871	53	30	1	1	1	1	2	1
8872	53	30	1	1	1	1	2	1
8873	53	30	1	1	1	1	2	1
8874	53	30	1	1	1	1	2	1
8875	53	30	1	1	1	1	2	1
8876	53	30	1	1	1	1	2	1
8877	53	30	1	1	1	1	2	1
8878	53	30	1	1	1	1	2	1
8879	53	30	1	1	1	1	2	1
8880	53	30	1	1	1	1	2	1
8881	53	30	1	1	1	1	2	1
8882	53	30	1	1	1	1	2	1
8883	53	30	1	1	1	1	2	1
8884	53	30	1	1	1	1	2	1
8885	53	30	1	1	1	1	2	1
8886	53	30	1	1	1	1	2	1
8887	53	30	1	1	1	1	2	1
8888	53	30	1	1	1	1	2	1
8889	53	30	1	1	1	1	2	1
8890	53	30	1	1	1	1	2	1
8891	53	30	1	1	1	1	2	1
8892	53	30	1	1	1	1	2	1
8893	53	30	1	1	1	1	2	1
8894	53	30	1	1	1	1	2	1
8895	53	30	1	1	1	1	2	1
8896	53	30	1	1	1	1	2	1
8897	53	30	1	1	1	1	2	1
8898	53	30	1	1	1	1	2	1
8899	53	30	1	1	1	1	2	1
8900	53	30	1	1	1	1	2	1
8901	53	30	1	1	1	1	2	1
8902	53	30	1	1	1	1	2	1
8903	53	30	1	1	1	1	2	1
8904	53	30	1	1	1	1	2	1
8905	53	30	1	1	1	1	2	1
8906	53	30	1	1	1	1	2	1
8907	53	30	1	1	1	1	2	1
8908	53	30	1	1	1	1	2	1
8909	53	30	1	1	1	1	2	1
8910	53	30	1	1	1	1	2	1
8911	53	30	1	1	1	1	2	1
8912	53	30	1	1	1	1	2	1
8913	53	30	1	1	1	1	2	1
8914	53	30	1	1	1	1	2	1
8915	53	30	1	1	1	1	2	1
8916	53	30	1	1	1	1	2	1
8917	53	30	1	1	1	1	2	1
8918	53	30	1	1	1	1	2	1
8919	53	30	1	1	1	1	2	1
8920	53	30	1	1	1	1	2	1
8921	53	30	1	1	1	1	2	1
8922	53	30	1	1	1	1	2	1
8923	53	30	1	1	1	1	2	1
8924	53	30	1	1	1	1	2	1
8925	53	30	1	1	1	1	2	1
8926	53	30	1	1	1	1	2	1
8927	53	30	1	1	1	1	2	1
8928	53	30	1	1	1	1	2	1
8929	53	30	1	1	1	1	2	1
8930	53	30	1	1	1	1	2	1
8931	53	30	1	1	1	1	2	1
8932	53	30	1	1	1	1	2	1
8933	53	30	1	1	1	1	2	1
8934	53	30	1	1	1	1	2	1
8935	53	30	1	1	1	1	2	1
8936	53	30	1	1	1	1	2	1
8937	53	30	1	1	1	1	2	1
8938	53	30	1	1	1	1	2	1
8939	53	30	1	1	1	1	2	1
8940	53	30	1	1	1	1	2	1
8941	53	30	1	1	1	1	2	1
8942	53	30	1	1	1	1	2	1
8943	53	30	1	1	1	1	2	1
8944	53	30	1	1	1	1	2	1
8945	53	30	1	1	1	1	2	1
8946	53	30	1	1	1	1	2	1
8947	53	30	1	1	1	1	2	1
8948	53	30	1	1	1	1	2	1
8949	53	30	1	1	1	1	2	1
8950	53	30	1	1	1	1	2	1
8951	53	30	1	1	1	1	2	1
8952	53	30	1	1	1	1	2	1
8953	53	30	1	1	1	1	2	1
8954	53	30	1	1	1	1	2	1
8955	53	30	1	1	1	1	2	1
8956	53	30	1	1	1	1	2	1
8957	53	30	1	1	1	1	2	1
8958	53	30	1	1	1	1	2	1
8959	53	30	1	1	1	1	2	1
8960	53	30	1	1	1	1	2	1
8961	53	30	1	1	1	1	2	1
8962	53	30	1	1	1	1	2	1
8963	53	30	1	1	1	1	2	1
8964	53	30	1	1	1	1	2	1
8965	53	30	1	1	1	1	2	1
8966	53	30	1	1	1	1	2	1
8967	53	30	1	1	1	1	2	1
8968	53	30	1	1	1	1	2	1
8969	53	30	1	1	1	1	2	1
8970	53	30	1	1	1	1	2	1
8971	53	30	1	1	1	1	2	1
8972	53	30	1	1	1	1	2	1
8973	53	30	1	1	1	1	2	1
8974	53	30	1	1	1	1	2	1
8975	53	30	1	1	1	1	2	1
8976	53	30	1	1	1	1	2	1
8977	53	30	1	1	1	1	2	1
8978	53	30	1	1	1	1	2	1
8979	53	30	1	1	1	1	2	1
8980	53	30	1	1	1	1	2	1
8981	53	30	1	1	1	1	2	1
8982	53	30	1	1	1	1	2	1
8983	53	30	1	1	1	1	2	1
8984	53	30	1	1	1	1	2	1
8985	53	30	1	1	1	1	2	1
8986	53	30	1	1	1	1	2	1
8987	53	30	1	1	1	1	2	1
8988	53	30	1	1	1	1	2	1
8989	53	30	1	1	1	1	2	1
8990	53	30	1	1	1	1	2	1
8991	53	30	1	1	1	1	2	1
8992	53	30	1	1	1	1	2	1
8993	53	30	1	1	1	1	2	1
8994	53	30	1	1	1	1	2	1
8995	53	30	1	1	1	1	2	1
8996	53	30	1	1	1	1	2	1
8997	53	30	1	1	1	1	2	1
8998	53	30	1	1	1	1	2	1
8999	53	30	1	1	1	1	2	1
9000	53	30	1	1	1	1	2	1
9001	53	30	1	1	1	1	2	1
9002	53	30	1	1	1	1	2	1
9003	53	30	1	1	1	1	2	1
9004	53	30	1	1	1	1	2	1
9005	53	30	1	1	1	1	2	1
9006	53	30	1	1	1	1	2	1
9007	53	30	1	1	1	1	2	1
9008	53	30	1	1	1	1	2	1
9009	53	30	1	1	1	1	2	1
9010	53	30	1	1	1	1	2	1
9011	53	30	1	1	1	1	2	1
9012	53	30	1	1	1	1	2	1
9013	53	30	1	1	1	1	2	1
9014	53	30	1	1	1	1	2	1
9015	53	30	1	1	1	1	2	1
9016	53	30	1	1	1	1	2	1
9017	53	30	1	1	1	1	2	1
9018	53	30	1	1	1	1	2	1
9019	53	30	1	1	1	1	2	1
9020	53	30	1	1	1	1	2	1
9021	53	30	1	1	1	1	2	1
9022	53	30	1	1	1	1	2	1
9023	53	30	1	1	1	1	2	1
9024	53	30	1	1	1	1	2	1
9025	53	30	1	1	1	1	2	1
9026	53	30	1	1	1	1	2	1
9027	53	30	1	1	1	1	2	1
9028	53	30	1	1	1	1	2	1
9029	53	30	1	1	1	1	2	1
9030	53	30	1	1	1	1	2	1
9031	53	30	1	1	1	1	2	1
9032	53	30	1	1	1	1	2	1
9033	53	30	1	1	1	1	2	1
9034	53	30	1	1	1	1	2	1
9035	53	30	1	1	1	1	2	1
9036	53	30	1	1	1	1	2	1
9037	53	30	1	1	1	1	2	1
9038	53	30	1	1	1	1	2	1
9039	53	30	1	1	1	1	2	1
9040	53	30	1	1	1	1	2	1
9041	53	30	1	1	1	1	2	1
9042	53	30	1	1	1	1	2	1
9043	53	30	1	1	1	1	2	1
9044	53	30	1	1	1	1	2	1
9045	53	30	1	1	1	1	2	1
9046	53	30	1	1	1	1	2	1
9047	53	30	1	1	1	1	2	1
9048	53	30	1	1	1	1	2	1
9049	53	30	1	1	1	1	2	1
9050	53	30	1	1	1	1	2	1
9051	53	30	1	1	1	1	2	1
9052	53	30	1	1	1	1	2	1
9053	53	30	1	1	1	1	2	1
9054	53	30	1	1	1	1	2	1
9055	53	30	1	1	1	1	2	1
9056	53	30	1	1	1	1	2	1
9057	53	30	1	1	1	1	2	1
9058	53	30	1	1	1	1	2	1
9059	53	30	1	1	1	1	2	1
9060	53	30	1	1	1	1	2	1
9061	53	30	1	1	1	1	2	1
9062	53	30	1	1	1	1	2	1
9063	53	30	1	1	1	1	2	1
9064	53	30	1	1	1	1	2	1
9065	53	30	1	1	1	1	2	1
9066	53	30	1	1	1	1	2	1
9067	53	30	1	1	1	1	2	1
9068	53	30	1	1	1	1	2	1
9069	53	30	1	1	1	1	2	1
9070	53	30	1	1	1	1	2	1
9071	53	30	1	1	1	1	2	1
9072	53	30	1	1	1	1	2	1
9073	53	30	1	1	1	1	2	1
9074	53	30	1	1	1	1	2	1
9075	53	30	1	1	1	1	2	1
9076	53	30	1	1	1	1	2	1
9077	53	30	1	1	1	1	2	1
9078	53	30	1	1	1	1	2	1
9079	53	30	1	1	1	1	2	1
9080	53	30	1	1	1	1	2	1
9081	53	30	1	1	1	1	2	1
9082	53	30	1	1	1	1	2	1
9083	53	30	1	1	1	1	2	1
9084	53	30	1	1	1	1	2	1
9085	53	30	1	1	1	1	2	1
9086	53	30	1	1	1	1	2	1
9087	53	30	1	1	1	1	2	1
9088	53	30	1	1	1	1	2	1
9089	53	30	1	1	1	1	2	1
9090	53	30	1	1	1	1	2	1
9091	53	30	1	1	1	1	2	1
9092	53	30	1	1	1	1	2	1
9093	53	30	1	1	1	1	2	1
9094	53	30	1	1	1	1	2	1
9095	53	30	1	1	1	1	2	1
9096	53	30	1	1	1	1	2	1
9097	53	30	1	1	1	1	2	1
9098	53	30	1	1	1	1	2	1
9099	53	30	1	1	1	1	2	1
9100	53	30	1	1	1	1	2	1
9101	53	30	1	1	1	1	2	1
9102	53	30	1	1	1	1	2	1
9103	53	30	1	1	1	1	2	1
9104	53	30	1	1	1	1	2	1
9105	53	30	1	1	1	1	2	1
9106	53	30	1	1	1	1	2	1
9107	53	30	1	1	1	1	2	1
9108	53	30	1	1	1	1	2	1
9109	53	30	1	1	1	1	2	1
9110	53	30	1	1	1	1	2	1
9111	53	30	1	1	1	1	2	1
9112	53	30	1	1	1	1	2	1
9113	53	30	1	1	1	1	2	1
9114	53	30	1	1	1	1	2	1
9115	53	30	1	1	1	1	2	1
9116	53	30	1	1	1	1	2	1
9117	53	30	1	1	1	1	2	1
9118	53	30	1	1	1	1	2	1
9119	53	30	1	1	1	1	2	1
9120	53	30	1	1	1	1	2	1
9121	53	30	1	1	1	1	2	1
9122	53	30	1	1	1	1	2	1
9123	53	30	1	1	1	1	2	1
9124	53	30	1	1	1	1	2	1
9125	53	30	1	1	1	1	2	1
9126	53	30	1	1	1	1	2	1
9127	53	30	1	1	1	1	2	1
9128	53	30	1	1	1	1	2	1
9129	53	30	1	1	1	1	2	1
9130	53	30	1	1	1	1	2	1
9131	53	30	1	1	1	1	2	1
9132	53	30	1	1	1	1	2	1
9133	53	30	1	1	1	1	2	1
9134	53	30	1	1	1	1	2	1
9135	53	30	1	1	1	1	2	1
9136	53	30	1	1	1	1	2	1
9137	53	30	1	1	1	1	2	1
9138	53	30	1	1	1	1	2	1
9139	53	30	1	1	1	1	2	1
9140	53	30	1	1	1	1	2	1
9141	53	30	1	1	1	1	2	1
9142	53	30	1	1	1	1	2	1
9143	53	30	1	1	1	1	2	1
9144	53	30	1	1	1	1	2	1
9145	53	30	1	1	1	1	2	1
9146	53	30	1	1	1	1	2	1
9147	53	30	1	1	1	1	2	1
9148	53	30	1	1	1	1	2	1
9149	53	30	1	1	1	1	2	1
9150	53	30	1	1	1	1	2	1
9151	53	30	1	1	1	1	2	1
9152	53	30	1	1	1	1	2	1
9153	53	30	1	1	1	1	2	1
9154	53	30	1	1	1	1	2	1
9155	53	30	1	1	1	1	2	1
9156	53	30	1	1	1	1	2	1
9157	53	30	1	1	1	1	2	1
9158	53	30	1	1	1	1	2	1
9159	53	30	1	1	1	1	2	1
9160	53	30	1	1	1	1	2	1
9161	53	30	1	1	1	1	2	1
9162	53	30	1	1	1	1	2	1
9163	53	30	1	1	1	1	2	1
9164	53	30	1	1	1	1	2	1
9165	53	30	1	1	1	1	2	1
9166	53	30	1	1	1	1	2	1
9167	53	30	1	1	1	1	2	1
9168	53	30	1	1	1	1	2	1
9169	53	30	1	1	1	1	2	1
9170	53	30	1	1	1	1	2	1
9171	53	30	1	1	1	1	2	1
9172	53	30	1	1	1	1	2	1
9173	53	30	1	1	1	1	2	1
9174	53	30	1	1	1	1	2	1
9175	53	30	1	1	1	1	2	1
9176	53	30	1	1	1	1	2	1
9177	53	30	1	1	1	1	2	1
9178	53	30	1	1	1	1	2	1
9179	53	30	1	1	1	1	2	1
9180	53	30	1	1	1	1	2	1
9181	53	30	1	1	1	1	2	1
9182	53	30	1	1	1	1	2	1
9183	53	30	1	1	1	1	2	1
9184	53	30	1	1	1	1	2	1
9185	53	30	1	1	1	1	2	1
9186	53	30	1	1	1	1	2	1
9187	53	30	1	1	1	1	2	1
9188	53	30	1	1	1	1	2	1
9189	53	30	1	1	1	1	2	1
9190	53	30	1	1	1	1	2	1
9191	53	30	1	1	1	1	2	1
9192	53	30	1	1	1	1	2	1
9193	53	30	1	1	1	1	2	1
9194	53	30	1	1	1	1	2	1
9195	53	30	1	1	1	1	2	1
9196	53	30	1	1	1	1	2	1
9197	53	30	1	1	1	1	2	1
9198	53	30	1	1	1	1	2	1
9199	53	30	1	1	1	1	2	1
9200	53	30	1	1	1	1	2	1
9201	53	30	1	1	1	1	2	1
9202	53	30	1	1	1	1	2	1
9203	53	30	1	1	1	1	2	1
9204	53	30	1	1	1	1	2	1
9205	53	30	1	1	1	1	2	1
9206	53	30	1	1	1	1	2	1
9207	53	30	1	1	1	1	2	1
9208	53	30	1	1	1	1	2	1
9209	53	30	1	1	1	1	2	1
9210	53	30	1	1	1	1	2	1
9211	53	30	1	1	1	1	2	1
9212	53	30	1	1	1	1	2	1
9213	53	30	1	1	1	1	2	1
9214	53	30	1	1	1	1	2	1
9215	53	30	1	1	1	1	2	1
9216	53	30	1	1	1	1	2	1
9217	53	30	1	1	1	1	2	1
9218	53	30	1	1	1	1	2	1
9219	53	30	1	1	1	1	2	1
9220	53	30	1	1	1	1	2	1
9221	53	30	1	1	1	1	2	1
9222	53	30	1	1	1	1	2	1
9223	53	30	1	1	1	1	2	1
9224	53	30	1	1	1	1	2	1
9225	53	30	1	1	1	1	2	1
9226	53	30	1	1	1	1	2	1
9227	53	30	1	1	1	1	2	1
9228	53	30	1	1	1	1	2	1
9229	53	30	1	1	1	1	2	1
9230	53	30	1	1	1	1	2	1
9231	53	30	1	1	1	1	2	1
9232	53	30	1	1	1	1	2	1
9233	53	30	1	1	1	1	2	1
9234	53	30	1	1	1	1	2	1
9235	53	30	1	1	1	1	2	1
9236	53	30	1	1	1	1	2	1
9237	53	30	1	1	1	1	2	1
9238	53	30	1	1	1	1	2	1
9239	53	30	1	1	1	1	2	1
9240	53	30	1	1	1	1	2	1
9241	53	30	1	1	1	1	2	1
9242	53	30	1	1	1	1	2	1
9243	53	30	1	1	1	1	2	1
9244	53	30	1	1	1	1	2	1
9245	53	30	1	1	1	1	2	1
9246	53	30	1	1	1	1	2	1
9247	53	30	1	1	1	1	2	1
9248	53	30	1	1	1	1	2	1
9249	53	30	1	1	1	1	2	1
9250	53	30	1	1	1	1	2	1
9251	53	30	1	1	1	1	2	1
9252	53	30	1	1	1	1	2	1
9253	53	30	1	1	1	1	2	1
9254	53	30	1	1	1	1	2	1
9255	53	30	1	1	1	1	2	1
9256	53	30	1	1	1	1	2	1
9257	53	30	1	1	1	1	2	1
9258	53	30	1	1	1	1	2	1
9259	53	30	1	1	1	1	2	1
9260	53	30	1	1	1	1	2	1
9261	53	30	1	1	1	1	2	1
9262	53	30	1	1	1	1	2	1
9263	53	30	1	1	1	1	2	1
9264	53	30	1	1	1	1	2	1
9265	53	30	1	1	1	1	2	1
9266	53	30	1	1	1	1	2	1
9267	53	30	1	1	1	1	2	1
9268	53	30	1	1	1	1	2	1
9269	53	30	1	1	1	1	2	1
9270	53	30	1	1	1	1	2	1
9271	53	30	1	1	1	1	2	1
9272	53	30	1	1	1	1	2	1
9273	53	30	1	1	1	1	2	1
9274	53	30	1	1	1	1	2	1
9275	53	30	1	1	1	1	2	1
9276	53	30	1	1	1	1	2	1
9277	53	30	1	1	1	1	2	1
9278	53	30	1	1	1	1	2	1
9279	53	30	1	1	1	1	2	1
9280	53	30	1	1	1	1	2	1
9281	53	30	1	1	1	1	2	1
9282	53	30	1	1	1	1	2	1
9283	53	30	1	1	1	1	2	1
9284	53	30	1	1	1	1	2	1
9285	53	30	1	1	1	1	2	1
9286	53	30	1	1	1	1	2	1
9287	53	30	1	1	1	1	2	1
9288	53	30	1	1	1	1	2	1
9289	53	30	1	1	1	1	2	1
9290	53	30	1	1	1	1	2	1
9291	53	30	1	1	1	1	2	1
9292	53	30	1	1	1	1	2	1
9293	53	30	1	1	1	1	2	1
9294	53	30	1	1	1	1	2	1
9295	53	30	1	1	1	1	2	1
9296	53	30	1	1	1	1	2	1
9297	53	30	1	1	1	1	2	1
9298	53	30	1	1	1	1	2	1
9299	53	30	1	1	1	1	2	1
9300	53	30	1	1	1	1	2	1
9301	53	30	1	1	1	1	2	1
9302	53	30	1	1	1	1	2	1
9303	53	30	1	1	1	1	2	1
9304	53	30	1	1	1	1	2	1
9305	53	30	1	1	1	1	2	1
9306	53	30	1	1	1	1	2	1
9307	53	30	1	1	1	1	2	1
9308	53	30	1	1	1	1	2	1
9309	53	30	1	1	1	1	2	1
9310	53	30	1	1	1	1	2	1
9311	53	30	1	1	1	1	2	1
9312	53	30	1	1	1	1	2	1
9313	53	30	1	1	1	1	2	1
9314	53	30	1	1	1	1	2	1
9315	53	30	1	1	1	1	2	1
9316	53	30	1	1	1	1	2	1
9317	53	30	1	1	1	1	2	1
9318	53	30	1	1	1	1	2	1
9319	53	30	1	1	1	1	2	1
9320	53	30	1	1	1	1	2	1
9321	53	30	1	1	1	1	2	1
9322	53	30	1	1	1	1	2	1
9323	53	30	1	1	1	1	2	1
9324	53	30	1	1	1	1	2	1
9325	53	30	1	1	1	1	2	1
9326	53	30	1	1	1	1	2	1
9327	53	30	1	1	1	1	2	1
9328	53	30	1	1	1	1	2	1
9329	53	30	1	1	1	1	2	1
9330	53	30	1	1	1	1	2	1
9331	53	30	1	1	1	1	2	1
9332	53	30	1	1	1	1	2	1
9333	53	30	1	1	1	1	2	1
9334	53	30	1	1	1	1	2	1
9335	53	30	1	1	1	1	2	1
9336	53	30	1	1	1	1	2	1
9337	53	30	1	1	1	1	2	1
9338	53	30	1	1	1	1	2	1
9339	53	30	1	1	1	1	2	1
9340	53	30	1	1	1	1	2	1
9341	53	30	1	1	1	1	2	1
9342	53	30	1	1	1	1	2	1
9343	53	30	1	1	1	1	2	1
9344	53	30	1	1	1	1	2	1
9345	53	30	1	1	1	1	2	1
9346	53	30	1	1	1	1	2	1
9347	53	30	1	1	1	1	2	1
9348	53	30	1	1	1	1	2	1
9349	53	30	1	1	1	1	2	1
9350	53	30	1	1	1	1	2	1
9351	53	30	1	1	1	1	2	1
9352	53	30	1	1	1	1	2	1
9353	53	30	1	1	1	1	2	1
9354	53	30	1	1	1	1	2	1
9355	53	30	1	1	1	1	2	1
9356	53	30	1	1	1	1	2	1
9357	53	30	1	1	1	1	2	1
9358	53	30	1	1	1	1	2	1
9359	53	30	1	1	1	1	2	1
9360	53	30	1	1	1	1	2	1
9361	53	30	1	1	1	1	2	1
9362	53	30	1	1	1	1	2	1
9363	53	30	1	1	1	1	2	1
9364	53	30	1	1	1	1	2	1
9365	53	30	1	1	1	1	2	1
9366	53	30	1	1	1	1	2	1
9367	53	30	1	1	1	1	2	1
9368	53	30	1	1	1	1	2	1
9369	53	30	1	1	1	1	2	1
9370	53	30	1	1	1	1	2	1
9371	53	30	1	1	1	1	2	1
9372	53	30	1	1	1	1	2	1
9373	53	30	1	1	1	1	2	1
9374	53	30	1	1	1	1	2	1
9375	53	30	1	1	1	1	2	1
9376	53	30	1	1	1	1	2	1
9377	53	30	1	1	1	1	2	1
9378	53	30	1	1	1	1	2	1
9379	53	30	1	1	1	1	2	1
9380	53	30	1	1	1	1	2	1
9381	53	30	1	1	1	1	2	1
9382	53	30	1	1	1	1	2	1
9383	53	30	1	1	1	1	2	1
9384	53	30	1	1	1	1	2	1
9385	53	30	1	1	1	1	2	1
9386	53	30	1	1	1	1	2	1
9387	53	30	1	1	1	1	2	1
9388	53	30	1	1	1	1	2	1
9389	53	30	1	1	1	1	2	1
9390	53	30	1	1	1	1	2	1
9391	53	30	1	1	1	1	2	1
9392	53	30	1	1	1	1	2	1
9393	53	30	1	1	1	1	2	1
9394	53	30	1	1	1	1	2	1
9395	53	30	1	1	1	1	2	1
9396	53	30	1	1	1	1	2	1
9397	53	30	1	1	1	1	2	1
9398	53	30	1	1	1	1	2	1
9399	53	30	1	1	1	1	2	1
9400	53	30	1	1	1	1	2	1
9401	53	30	1	1	1	1	2	1
9402	53	30	1	1	1	1	2	1
9403	53	30	1	1	1	1	2	1
9404	53	30	1	1	1	1	2	1
9405	53	30	1	1	1	1	2	1
9406	53	30	1	1	1	1	2	1
9407	53	30	1	1	1	1	2	1
9408	53	30	1	1	1	1	2	1
9409	53	30	1	1	1	1	2	1
9410	53	30	1	1	1	1	2	1
9411	53	30	1	1	1	1	2	1
9412	53	30	1	1	1	1	2	1
9413	53	30	1	1	1	1	2	1
9414	53	30	1	1	1	1	2	1
9415	53	30	1	1	1	1	2	1
9416	53	30	1	1	1	1	2	1
9417	53	30	1	1	1	1	2	1
9418	53	30	1	1	1	1	2	1
9419	53	30	1	1	1	1	2	1
9420	53	30	1	1	1	1	2	1
9421	53	30	1	1	1	1	2	1
9422	53	30	1	1	1	1	2	1
9423	53	30	1	1	1	1	2	1
9424	53	30	1	1	1	1	2	1
9425	53	30	1	1	1	1	2	1
9426	53	30	1	1	1	1	2	1
9427	53	30	1	1	1	1	2	1
9428	53	30	1	1	1	1	2	1
9429	53	30	1	1	1	1	2	1
9430	53	30	1	1	1	1	2	1
9431	53	30	1	1	1	1	2	1
9432	53	30	1	1	1	1	2	1
9433	53	30	1	1	1	1	2	1
9434	53	30	1	1	1	1	2	1
9435	53	30	1	1	1	1	2	1
9436	53	30	1	1	1	1	2	1
9437	53	30	1	1	1	1	2	1
9438	53	30	1	1	1	1	2	1
9439	53	30	1	1	1	1	2	1
9440	53	30	1	1	1	1	2	1
9441	53	30	1	1	1	1	2	1
9442	53	30	1	1	1	1	2	1
9443	53	30	1	1	1	1	2	1
9444	53	30	1	1	1	1	2	1
9445	53	30	1	1	1	1	2	1
9446	53	30	1	1	1	1	2	1
9447	53	30	1	1	1	1	2	1
9448	53	30	1	1	1	1	2	1
9449	53	30	1	1	1	1	2	1
9450	53	30	1	1	1	1	2	1
9451	53	30	1	1	1	1	2	1
9452	53	30	1	1	1	1	2	1
9453	53	30	1	1	1	1	2	1
9454	53	30	1	1	1	1	2	1
9455	53	30	1	1	1	1	2	1
9456	53	30	1	1	1	1	2	1
9457	53	30	1	1	1	1	2	1
9458	53	30	1	1	1	1	2	1
9459	53	30	1	1	1	1	2	1
9460	53	30	1	1	1	1	2	1
9461	53	30	1	1	1	1	2	1
9462	53	30	1	1	1	1	2	1
9463	53	30	1	1	1	1	2	1
9464	53	30	1	1	1	1	2	1
9465	53	30	1	1	1	1	2	1
9466	53	30	1	1	1	1	2	1
9467	53	30	1	1	1	1	2	1
9468	53	30	1	1	1	1	2	1
9469	53	30	1	1	1	1	2	1
9470	53	30	1	1	1	1	2	1
9471	53	30	1	1	1	1	2	1
9472	53	30	1	1	1	1	2	1
9473	53	30	1	1	1	1	2	1
9474	53	30	1	1	1	1	2	1
9475	53	30	1	1	1	1	2	1
9476	53	30	1	1	1	1	2	1
9477	53	30	1	1	1	1	2	1
9478	53	30	1	1	1	1	2	1
9479	53	30	1	1	1	1	2	1
9480	53	30	1	1	1	1	2	1
9481	53	30	1	1	1	1	2	1
9482	53	30	1	1	1	1	2	1
9483	53	30	1	1	1	1	2	1
9484	53	30	1	1	1	1	2	1
9485	53	30	1	1	1	1	2	1
9486	53	30	1	1	1	1	2	1
9487	53	30	1	1	1	1	2	1
9488	53	30	1	1	1	1	2	1
9489	53	30	1	1	1	1	2	1
9490	53	30	1	1	1	1	2	1
9491	53	30	1	1	1	1	2	1
9492	53	30	1	1	1	1	2	1
9493	53	30	1	1	1	1	2	1
9494	53	30	1	1	1	1	2	1
9495	53	30	1	1	1	1	2	1
9496	53	30	1	1	1	1	2	1
9497	53	30	1	1	1	1	2	1
9498	53	30	1	1	1	1	2	1
9499	53	30	1	1	1	1	2	1
9500	53	30	1	1	1	1	2	1
9501	53	30	1	1	1	1	2	1
9502	53	30	1	1	1	1	2	1
9503	53	30	1	1	1	1	2	1
9504	53	30	1	1	1	1	2	1
9505	53	30	1	1	1	1	2	1
9506	53	30	1	1	1	1	2	1
9507	53	30	1	1	1	1	2	1
9508	53	30	1	1	1	1	2	1
9509	53	30	1	1	1	1	2	1
9510	53	30	1	1	1	1	2	1
9511	53	30	1	1	1	1	2	1
9512	53	30	1	1	1	1	2	1
9513	53	30	1	1	1	1	2	1
9514	53	30	1	1	1	1	2	1
9515	53	30	1	1	1	1	2	1
9516	53	30	1	1	1	1	2	1
9517	53	30	1	1	1	1	2	1
9518	53	30	1	1	1	1	2	1
9519	53	30	1	1	1	1	2	1
9520	53	30	1	1	1	1	2	1
9521	53	30	1	1	1	1	2	1
9522	53	30	1	1	1	1	2	1
9523	53	30	1	1	1	1	2	1
9524	53	30	1	1	1	1	2	1
9525	53	30	1	1	1	1	2	1
9526	53	30	1	1	1	1	2	1
9527	53	30	1	1	1	1	2	1
9528	53	30	1	1	1	1	2	1
9529	53	30	1	1	1	1	2	1
9530	53	30	1	1	1	1	2	1
9531	53	30	1	1	1	1	2	1
9532	53	30	1	1	1	1	2	1
9533	53	30	1	1	1	1	2	1
9534	53	30	1	1	1	1	2	1
9535	53	30	1	1	1	1	2	1
9536	53	30	1	1	1	1	2	1
9537	53	30	1	1	1	1	2	1
9538	53	30	1	1	1	1	2	1
9539	53	30	1	1	1	1	2	1
9540	53	30	1	1	1	1	2	1
9541	53	30	1	1	1	1	2	1
9542	53	30	1	1	1	1	2	1
9543	53	30	1	1	1	1	2	1
9544	53	30	1	1	1	1	2	1
9545	53	30	1	1	1	1	2	1
9546	53	30	1	1	1	1	2	1
9547	53	30	1	1	1	1	2	1
9548	53	30	1	1	1	1	2	1
9549	53	30	1	1	1	1	2	1
9550	53	30	1	1	1	1	2	1
9551	53	30	1	1	1	1	2	1
9552	53	30	1	1	1	1	2	1
9553	53	30	1	1	1	1	2	1
9554	53	30	1	1	1	1	2	1
9555	53	30	1	1	1	1	2	1
9556	53	30	1	1	1	1	2	1
9557	53	30	1	1	1	1	2	1
9558	53	30	1	1	1	1	2	1
9559	53	30	1	1	1	1	2	1
9560	53	30	1	1	1	1	2	1
9561	53	30	1	1	1	1	2	1
9562	53	30	1	1	1	1	2	1
9563	53	30	1	1	1	1	2	1
9564	53	30	1	1	1	1	2	1
9565	53	30	1	1	1	1	2	1
9566	53	30	1	1	1	1	2	1
9567	53	30	1	1	1	1	2	1
9568	53	30	1	1	1	1	2	1
9569	53	30	1	1	1	1	2	1
9570	53	30	1	1	1	1	2	1
9571	53	30	1	1	1	1	2	1
9572	53	30	1	1	1	1	2	1
9573	53	30	1	1	1	1	2	1
9574	53	30	1	1	1	1	2	1
9575	53	30	1	1	1	1	2	1
9576	53	30	1	1	1	1	2	1
9577	53	30	1	1	1	1	2	1
9578	53	30	1	1	1	1	2	1
9579	53	30	1	1	1	1	2	1
9580	53	30	1	1	1	1	2	1
9581	53	30	1	1	1	1	2	1
9582	53	30	1	1	1	1	2	1
9583	53	30	1	1	1	1	2	1
9584	53	30	1	1	1	1	2	1
9585	53	30	1	1	1	1	2	1
9586	53	30	1	1	1	1	2	1
9587	53	30	1	1	1	1	2	1
9588	53	30	1	1	1	1	2	1
9589	53	30	1	1	1	1	2	1
9590	53	30	1	1	1	1	2	1
9591	53	30	1	1	1	1	2	1
9592	53	30	1	1	1	1	2	1
9593	53	30	1	1	1	1	2	1
9594	53	30	1	1	1	1	2	1
9595	53	30	1	1	1	1	2	1
9596	53	30	1	1	1	1	2	1
9597	53	30	1	1	1	1	2	1
9598	53	30	1	1	1	1	2	1
9599	53	30	1	1	1	1	2	1
9600	53	30	1	1	1	1	2	1
9601	53	30	1	1	1	1	2	1
9602	53	30	1	1	1	1	2	1
9603	53	30	1	1	1	1	2	1
9604	53	30	1	1	1	1	2	1
9605	53	30	1	1	1	1	2	1
9606	53	30	1	1	1	1	2	1
9607	53	30	1	1	1	1	2	1
9608	53	30	1	1	1	1	2	1
9609	53	30	1	1	1	1	2	1
9610	53	30	1	1	1	1	2	1
9611	53	30	1	1	1	1	2	1
9612	53	30	1	1	1	1	2	1
9613	53	30	1	1	1	1	2	1
9614	53	30	1	1	1	1	2	1
9615	53	30	1	1	1	1	2	1
9616	53	30	1	1	1	1	2	1
9617	53	30	1	1	1	1	2	1
9618	53	30	1	1	1	1	2	1
9619	53	30	1	1	1	1	2	1
9620	53	30	1	1	1	1	2	1
9621	53	30	1	1	1	1	2	1
9622	53	30	1	1	1	1	2	1
9623	53	30	1	1	1	1	2	1
9624	53	30	1	1	1	1	2	1
9625	53	30	1	1	1	1	2	1
9626	53	30	1	1	1	1	2	1
9627	53	30	1	1	1	1	2	1
9628	53	30	1	1	1	1	2	1
9629	53	30	1	1	1	1	2	1
9630	53	30	1	1	1	1	2	1
9631	53	30	1	1	1	1	2	1
9632	53	30	1	1	1	1	2	1
9633	53	30	1	1	1	1	2	1
9634	53	30	1	1	1	1	2	1
9635	53	30	1	1	1	1	2	1
9636	53	30	1	1	1	1	2	1
9637	53	30	1	1	1	1	2	1
9638	53	30	1	1	1	1	2	1
9639	53	30	1	1	1	1	2	1
9640	53	30	1	1	1	1	2	1
9641	53	30	1	1	1	1	2	1
9642	53	30	1	1	1	1	2	1
9643	53	30	1	1	1	1	2	1
9644	53	30	1	1	1	1	2	1
9645	53	30	1	1	1	1	2	1
9646	53	30	1	1	1	1	2	1
9647	53	30	1	1	1	1	2	1
9648	53	30	1	1	1	1	2	1
9649	53	30	1	1	1	1	2	1
9650	53	30	1	1	1	1	2	1
9651	53	30	1	1	1	1	2	1
9652	53	30	1	1	1	1	2	1
9653	53	30	1	1	1	1	2	1
9654	53	30	1	1	1	1	2	1
9655	53	30	1	1	1	1	2	1
9656	53	30	1	1	1	1	2	1
9657	53	30	1	1	1	1	2	1
9658	53	30	1	1	1	1	2	1
9659	53	30	1	1	1	1	2	1
9660	53	30	1	1	1	1	2	1
9661	53	30	1	1	1	1	2	1
9662	53	30	1	1	1	1	2	1
9663	53	30	1	1	1	1	2	1
9664	53	30	1	1	1	1	2	1
9665	53	30	1	1	1	1	2	1
9666	53	30	1	1	1	1	2	1
9667	53	30	1	1	1	1	2	1
9668	53	30	1	1	1	1	2	1
9669	53	30	1	1	1	1	2	1
9670	53	30	1	1	1	1	2	1
9671	53	30	1	1	1	1	2	1
9672	53	30	1	1	1	1	2	1
9673	53	30	1	1	1	1	2	1
9674	53	30	1	1	1	1	2	1
9675	53	30	1	1	1	1	2	1
9676	53	30	1	1	1	1	2	1
9677	53	30	1	1	1	1	2	1
9678	53	30	1	1	1	1	2	1
9679	53	30	1	1	1	1	2	1
9680	53	30	1	1	1	1	2	1
9681	53	30	1	1	1	1	2	1
9682	53	30	1	1	1	1	2	1
9683	53	30	1	1	1	1	2	1
9684	53	30	1	1	1	1	2	1
9685	53	30	1	1	1	1	2	1
9686	53	30	1	1	1	1	2	1
9687	53	30	1	1	1	1	2	1
9688	53	30	1	1	1	1	2	1
9689	53	30	1	1	1	1	2	1
9690	53	30	1	1	1	1	2	1
9691	53	30	1	1	1	1	2	1
9692	53	30	1	1	1	1	2	1
9693	53	30	1	1	1	1	2	1
9694	53	30	1	1	1	1	2	1
9695	53	30	1	1	1	1	2	1
9696	53	30	1	1	1	1	2	1
9697	53	30	1	1	1	1	2	1
9698	53	30	1	1	1	1	2	1
9699	53	30	1	1	1	1	2	1
9700	53	30	1	1	1	1	2	1
9701	53	30	1	1	1	1	2	1
9702	53	30	1	1	1	1	2	1
9703	53	30	1	1	1	1	2	1
9704	53	30	1	1	1	1	2	1
9705	53	30	1	1	1	1	2	1
9706	53	30	1	1	1	1	2	1
9707	53	30	1	1	1	1	2	1
9708	53	30	1	1	1	1	2	1
9709	53	30	1	1	1	1	2	1
9710	53	30	1	1	1	1	2	1
9711	53	30	1	1	1	1	2	1
9712	53	30	1	1	1	1	2	1
9713	53	30	1	1	1	1	2	1
9714	53	30	1	1	1	1	2	1
9715	53	30	1	1	1	1	2	1
9716	53	30	1	1	1	1	2	1
9717	53	30	1	1	1	1	2	1
9718	53	30	1	1	1	1	2	1
9719	53	30	1	1	1	1	2	1
9720	53	30	1	1	1	1	2	1
9721	53	30	1	1	1	1	2	1
9722	53	30	1	1	1	1	2	1
9723	53	30	1	1	1	1	2	1
9724	53	30	1	1	1	1	2	1
9725	53	30	1	1	1	1	2	1
9726	53	30	1	1	1	1	2	1
9727	53	30	1	1	1	1	2	1
9728	53	30	1	1	1	1	2	1
9729	53	30	1	1	1	1	2	1
9730	53	30	1	1	1	1	2	1
9731	53	30	1	1	1	1	2	1
9732	53	30	1	1	1	1	2	1
9733	53	30	1	1	1	1	2	1
9734	53	30	1	1	1	1	2	1
9735	53	30	1	1	1	1	2	1
9736	53	30	1	1	1	1	2	1
9737	53	30	1	1	1	1	2	1
9738	53	30	1	1	1	1	2	1
9739	53	30	1	1	1	1	2	1
9740	53	30	1	1	1	1	2	1
9741	53	30	1	1	1	1	2	1
9742	53	30	1	1	1	1	2	1
9743	53	30	1	1	1	1	2	1
9744	53	30	1	1	1	1	2	1
9745	53	30	1	1	1	1	2	1
9746	53	30	1	1	1	1	2	1
9747	53	30	1	1	1	1	2	1
9748	53	30	1	1	1	1	2	1
9749	53	30	1	1	1	1	2	1
9750	53	30	1	1	1	1	2	1
9751	53	30	1	1	1	1	2	1
9752	53	30	1	1	1	1	2	1
9753	53	30	1	1	1	1	2	1
9754	53	30	1	1	1	1	2	1
9755	53	30	1	1	1	1	2	1
9756	53	30	1	1	1	1	2	1
9757	53	30	1	1	1	1	2	1
9758	53	30	1	1	1	1	2	1
9759	53	30	1	1	1	1	2	1
9760	53	30	1	1	1	1	2	1
9761	53	30	1	1	1	1	2	1
9762	53	30	1	1	1	1	2	1
9763	53	30	1	1	1	1	2	1
9764	53	30	1	1	1	1	2	1
9765	53	30	1	1	1	1	2	1
9766	53	30	1	1	1	1	2	1
9767	53	30	1	1	1	1	2	1
9768	53	30	1	1	1	1	2	1
9769	53	30	1	1	1	1	2	1
9770	53	30	1	1	1	1	2	1
9771	53	30	1	1	1	1	2	1
9772	53	30	1	1	1	1	2	1
9773	53	30	1	1	1	1	2	1
9774	53	30	1	1	1	1	2	1
9775	53	30	1	1	1	1	2	1
9776	53	30	1	1	1	1	2	1
9777	53	30	1	1	1	1	2	1
9778	53	30	1	1	1	1	2	1
9779	53	30	1	1	1	1	2	1
9780	53	30	1	1	1	1	2	1
9781	53	30	1	1	1	1	2	1
9782	53	30	1	1	1	1	2	1
9783	53	30	1	1	1	1	2	1
9784	53	30	1	1	1	1	2	1
9785	53	30	1	1	1	1	2	1
9786	53	30	1	1	1	1	2	1
9787	53	30	1	1	1	1	2	1
9788	53	30	1	1	1	1	2	1
9789	53	30	1	1	1	1	2	1
9790	53	30	1	1	1	1	2	1
9791	53	30	1	1	1	1	2	1
9792	53	30	1	1	1	1	2	1
9793	53	30	1	1	1	1	2	1
9794	53	30	1	1	1	1	2	1
9795	53	30	1	1	1	1	2	1
9796	53	30	1	1	1	1	2	1
9797	53	30	1	1	1	1	2	1
9798	53	30	1	1	1	1	2	1
9799	53	30	1	1	1	1	2	1
9800	53	30	1	1	1	1	2	1
9801	53	30	1	1	1	1	2	1
9802	53	30	1	1	1	1	2	1
9803	53	30	1	1	1	1	2	1
9804	53	30	1	1	1	1	2	1
9805	53	30	1	1	1	1	2	1
9806	53	30	1	1	1	1	2	1
9807	53	30	1	1	1	1	2	1
9808	53	30	1	1	1	1	2	1
9809	53	30	1	1	1	1	2	1
9810	53	30	1	1	1	1	2	1
9811	53	30	1	1	1	1	2	1
9812	53	30	1	1	1	1	2	1
9813	53	30	1	1	1	1	2	1
9814	53	30	1	1	1	1	2	1
9815	53	30	1	1	1	1	2	1
9816	53	30	1	1	1	1	2	1
9817	53	30	1	1	1	1	2	1
9818	53	30	1	1	1	1	2	1
9819	53	30	1	1	1	1	2	1
9820	53	30	1	1	1	1	2	1
9821	53	30	1	1	1	1	2	1
9822	53	30	1	1	1	1	2	1
9823	53	30	1	1	1	1	2	1
9824	53	30	1	1	1	1	2	1
9825	53	30	1	1	1	1	2	1
9826	53	30	1	1	1	1	2	1
9827	53	30	1	1	1	1	2	1
9828	53	30	1	1	1	1	2	1
9829	53	30	1	1	1	1	2	1
9830	53	30	1	1	1	1	2	1
9831	53	30	1	1	1	1	2	1
9832	53	30	1	1	1	1	2	1
9833	53	30	1	1	1	1	2	1
9834	53	30	1	1	1	1	2	1
9835	53	30	1	1	1	1	2	1
9836	53	30	1	1	1	1	2	1
9837	53	30	1	1	1	1	2	1
9838	53	30	1	1	1	1	2	1
9839	53	30	1	1	1	1	2	1
9840	53	30	1	1	1	1	2	1
9841	53	30	1	1	1	1	2	1
9842	53	30	1	1	1	1	2	1
9843	53	30	1	1	1	1	2	1
9844	53	30	1	1	1	1	2	1
9845	53	30	1	1	1	1	2	1
9846	53	30	1	1	1	1	2	1
9847	53	30	1	1	1	1	2	1
9848	53	30	1	1	1	1	2	1
9849	53	30	1	1	1	1	2	1
9850	53	30	1	1	1	1	2	1
9851	53	30	1	1	1	1	2	1
9852	53	30	1	1	1	1	2	1
9853	53	30	1	1	1	1	2	1
9854	53	30	1	1	1	1	2	1
9855	53	30	1	1	1	1	2	1
9856	53	30	1	1	1	1	2	1
9857	53	30	1	1	1	1	2	1
9858	53	30	1	1	1	1	2	1
9859	53	30	1	1	1	1	2	1
9860	53	30	1	1	1	1	2	1
9861	53	30	1	1	1	1	2	1
9862	53	30	1	1	1	1	2	1
9863	53	30	1	1	1	1	2	1
9864	53	30	1	1	1	1	2	1
9865	53	30	1	1	1	1	2	1
9866	53	30	1	1	1	1	2	1
9867	53	30	1	1	1	1	2	1
9868	53	30	1	1	1	1	2	1
9869	53	30	1	1	1	1	2	1
9870	53	30	1	1	1	1	2	1
9871	53	30	1	1	1	1	2	1
9872	53	30	1	1	1	1	2	1
9873	53	30	1	1	1	1	2	1
9874	53	30	1	1	1	1	2	1
9875	53	30	1	1	1	1	2	1
9876	53	30	1	1	1	1	2	1
9877	53	30	1	1	1	1	2	1
9878	53	30	1	1	1	1	2	1
9879	53	30	1	1	1	1	2	1
9880	53	30	1	1	1	1	2	1
9881	53	30	1	1	1	1	2	1
9882	53	30	1	1	1	1	2	1
9883	53	30	1	1	1	1	2	1
9884	53	30	1	1	1	1	2	1
9885	53	30	1	1	1	1	2	1
9886	53	30	1	1	1	1	2	1
9887	53	30	1	1	1	1	2	1
9888	53	30	1	1	1	1	2	1
9889	53	30	1	1	1	1	2	1
9890	53	30	1	1	1	1	2	1
9891	53	30	1	1	1	1	2	1
9892	53	30	1	1	1	1	2	1
9893	53	30	1	1	1	1	2	1
9894	53	30	1	1	1	1	2	1
9895	53	30	1	1	1	1	2	1
9896	53	30	1	1	1	1	2	1
9897	53	30	1	1	1	1	2	1
9898	53	30	1	1	1	1	2	1
9899	53	30	1	1	1	1	2	1
9900	53	30	1	1	1	1	2	1
9901	53	30	1	1	1	1	2	1
9902	53	30	1	1	1	1	2	1
9903	53	30	1	1	1	1	2	1
9904	53	30	1	1	1	1	2	1
9905	53	30	1	1	1	1	2	1
9906	53	30	1	1	1	1	2	1
9907	53	30	1	1	1	1	2	1
9908	53	30	1	1	1	1	2	1
9909	53	30	1	1	1	1	2	1
9910	53	30	1	1	1	1	2	1
9911	53	30	1	1	1	1	2	1
9912	53	30	1	1	1	1	2	1
9913	53	30	1	1	1	1	2	1
9914	53	30	1	1	1	1	2	1
9915	53	30	1	1	1	1	2	1
9916	53	30	1	1	1	1	2	1
9917	53	30	1	1	1	1	2	1
9918	53	30	1	1	1	1	2	1
9919	53	30	1	1	1	1	2	1
9920	53	30	1	1	1	1	2	1
9921	53	30	1	1	1	1	2	1
9922	53	30	1	1	1	1	2	1
9923	53	30	1	1	1	1	2	1
9924	53	30	1	1	1	1	2	1
9925	53	30	1	1	1	1	2	1
9926	53	30	1	1	1	1	2	1
9927	53	30	1	1	1	1	2	1
9928	53	30	1	1	1	1	2	1
9929	53	30	1	1	1	1	2	1
9930	53	30	1	1	1	1	2	1
9931	53	30	1	1	1	1	2	1
9932	53	30	1	1	1	1	2	1
9933	53	30	1	1	1	1	2	1
9934	53	30	1	1	1	1	2	1
9935	53	30	1	1	1	1	2	1
9936	53	30	1	1	1	1	2	1
9937	53	30	1	1	1	1	2	1
9938	53	30	1	1	1	1	2	1
9939	53	30	1	1	1	1	2	1
9940	53	30	1	1	1	1	2	1
9941	53	30	1	1	1	1	2	1
9942	53	30	1	1	1	1	2	1
9943	53	30	1	1	1	1	2	1
9944	53	30	1	1	1	1	2	1
9945	53	30	1	1	1	1	2	1
9946	53	30	1	1	1	1	2	1
9947	53	30	1	1	1	1	2	1
9948	53	30	1	1	1	1	2	1
9949	53	30	1	1	1	1	2	1
9950	53	30	1	1	1	1	2	1
9951	53	30	1	1	1	1	2	1
9952	53	30	1	1	1	1	2	1
9953	53	30	1	1	1	1	2	1
9954	53	30	1	1	1	1	2	1
9955	53	30	1	1	1	1	2	1
9956	53	30	1	1	1	1	2	1
9957	53	30	1	1	1	1	2	1
9958	53	30	1	1	1	1	2	1
9959	53	30	1	1	1	1	2	1
9960	53	30	1	1	1	1	2	1
9961	53	30	1	1	1	1	2	1
9962	53	30	1	1	1	1	2	1
9963	53	30	1	1	1	1	2	1
9964	53	30	1	1	1	1	2	1
9965	53	30	1	1	1	1	2	1
9966	53	30	1	1	1	1	2	1
9967	53	30	1	1	1	1	2	1
9968	53	30	1	1	1	1	2	1
9969	53	30	1	1	1	1	2	1
9970	53	30	1	1	1	1	2	1
9971	53	30	1	1	1	1	2	1
9972	53	30	1	1	1	1	2	1
9973	53	30	1	1	1	1	2	1
9974	53	30	1	1	1	1	2	1
9975	53	30	1	1	1	1	2	1
9976	53	30	1	1	1	1	2	1
9977	53	30	1	1	1	1	2	1
9978	53	30	1	1	1	1	2	1
9979	53	30	1	1	1	1	2	1
9980	53	30	1	1	1	1	2	1
9981	53	30	1	1	1	1	2	1
9982	53	30	1	1	1	1	2	1
9983	53	30	1	1	1	1	2	1
9984	53	30	1	1	1	1	2	1
9985	53	30	1	1	1	1	2	1
9986	53	30	1	1	1	1	2	1
9987	53	30	1	1	1	1	2	1
9988	53	30	1	1	1	1	2	1
9989	53	30	1	1	1	1	2	1
9990	53	30	1	1	1	1	2	1
9991	53	30	1	1	1	1	2	1
9992	53	30	1	1	1	1	2	1
9993	53	30	1	1	1	1	2	1
9994	53	30	1	1	1	1	2	1
9995	53	30	1	1	1	1	2	1
9996	53	30	1	1	1	1	2	1
9997	53	30	1	1	1	1	2	1
9998	53	30	1	1	1	1	2	1
9999	53	30	1	1	1	1	2	1
10000	53	30	1	1	1	1	2	1
10001	53	30	1	1	1	1	2	1
10002	53	30	1	1	1	1	2	1
10003	53	30	1	1	1	1	2	1
10004	53	30	1	1	1	1	2	1
10005	53	30	1	1	1	1	2	1
10006	53	30	1	1	1	1	2	1
10007	53	30	1	1	1	1	2	1
10008	53	30	1	1	1	1	2	1
10009	53	30	1	1	1	1	2	1
10010	53	30	1	1	1	1	2	1
10011	53	30	1	1	1	1	2	1
10012	53	30	1	1	1	1	2	1
10013	53	30	1	1	1	1	2	1
10014	53	30	1	1	1	1	2	1
10015	53	30	1	1	1	1	2	1
10016	53	30	1	1	1	1	2	1
10017	53	30	1	1	1	1	2	1
10018	53	30	1	1	1	1	2	1
10019	53	30	1	1	1	1	2	1
10020	53	30	1	1	1	1	2	1
10021	53	30	1	1	1	1	2	1
10022	53	30	1	1	1	1	2	1
10023	53	30	1	1	1	1	2	1
10024	53	30	1	1	1	1	2	1
10025	53	30	1	1	1	1	2	1
10026	53	30	1	1	1	1	2	1
10027	53	30	1	1	1	1	2	1
10028	53	30	1	1	1	1	2	1
10029	53	30	1	1	1	1	2	1
10030	53	30	1	1	1	1	2	1
10031	53	30	1	1	1	1	2	1
10032	53	30	1	1	1	1	2	1
10033	53	30	1	1	1	1	2	1
10034	53	30	1	1	1	1	2	1
10035	53	30	1	1	1	1	2	1
10036	53	30	1	1	1	1	2	1
10037	53	30	1	1	1	1	2	1
10038	53	30	1	1	1	1	2	1
10039	53	30	1	1	1	1	2	1
10040	53	30	1	1	1	1	2	1
10041	53	30	1	1	1	1	2	1
10042	53	30	1	1	1	1	2	1
10043	53	30	1	1	1	1	2	1
10044	53	30	1	1	1	1	2	1
10045	53	30	1	1	1	1	2	1
10046	53	30	1	1	1	1	2	1
10047	53	30	1	1	1	1	2	1
10048	53	30	1	1	1	1	2	1
10049	53	30	1	1	1	1	2	1
10050	53	30	1	1	1	1	2	1
10051	53	30	1	1	1	1	2	1
10052	53	30	1	1	1	1	2	1
10053	53	30	1	1	1	1	2	1
10054	53	30	1	1	1	1	2	1
10055	53	30	1	1	1	1	2	1
10056	53	30	1	1	1	1	2	1
10057	53	30	1	1	1	1	2	1
10058	53	30	1	1	1	1	2	1
10059	53	30	1	1	1	1	2	1
10060	53	30	1	1	1	1	2	1
10061	53	30	1	1	1	1	2	1
10062	53	30	1	1	1	1	2	1
10063	53	30	1	1	1	1	2	1
10064	53	30	1	1	1	1	2	1
10065	53	30	1	1	1	1	2	1
10066	53	30	1	1	1	1	2	1
10067	53	30	1	1	1	1	2	1
10068	53	30	1	1	1	1	2	1
10069	53	30	1	1	1	1	2	1
10070	53	30	1	1	1	1	2	1
10071	53	30	1	1	1	1	2	1
10072	53	30	1	1	1	1	2	1
10073	53	30	1	1	1	1	2	1
10074	53	30	1	1	1	1	2	1
10075	53	30	1	1	1	1	2	1
10076	53	30	1	1	1	1	2	1
10077	53	30	1	1	1	1	2	1
10078	53	30	1	1	1	1	2	1
10079	53	30	1	1	1	1	2	1
10080	53	30	1	1	1	1	2	1
10081	53	30	1	1	1	1	2	1
10082	53	30	1	1	1	1	2	1
10083	53	30	1	1	1	1	2	1
10084	53	30	1	1	1	1	2	1
10085	53	30	1	1	1	1	2	1
10086	53	30	1	1	1	1	2	1
10087	53	30	1	1	1	1	2	1
10088	53	30	1	1	1	1	2	1
10089	53	30	1	1	1	1	2	1
10090	53	30	1	1	1	1	2	1
10091	53	30	1	1	1	1	2	1
10092	53	30	1	1	1	1	2	1
10093	53	30	1	1	1	1	2	1
10094	53	30	1	1	1	1	2	1
10095	53	30	1	1	1	1	2	1
10096	53	30	1	1	1	1	2	1
10097	53	30	1	1	1	1	2	1
10098	53	30	1	1	1	1	2	1
10099	53	30	1	1	1	1	2	1
10100	53	30	1	1	1	1	2	1
10101	53	30	1	1	1	1	2	1
10102	53	30	1	1	1	1	2	1
10103	53	30	1	1	1	1	2	1
10104	53	30	1	1	1	1	2	1
10105	53	30	1	1	1	1	2	1
10106	53	30	1	1	1	1	2	1
10107	53	30	1	1	1	1	2	1
10108	53	30	1	1	1	1	2	1
10109	53	30	1	1	1	1	2	1
10110	53	30	1	1	1	1	2	1
10111	53	30	1	1	1	1	2	1
10112	53	30	1	1	1	1	2	1
10113	53	30	1	1	1	1	2	1
10114	53	30	1	1	1	1	2	1
10115	53	30	1	1	1	1	2	1
10116	53	30	1	1	1	1	2	1
10117	53	30	1	1	1	1	2	1
10118	53	30	1	1	1	1	2	1
10119	53	30	1	1	1	1	2	1
10120	53	30	1	1	1	1	2	1
10121	53	30	1	1	1	1	2	1
10122	53	30	1	1	1	1	2	1
10123	53	30	1	1	1	1	2	1
10124	53	30	1	1	1	1	2	1
10125	53	30	1	1	1	1	2	1
10126	53	30	1	1	1	1	2	1
10127	53	30	1	1	1	1	2	1
10128	53	30	1	1	1	1	2	1
10129	53	30	1	1	1	1	2	1
10130	53	30	1	1	1	1	2	1
10131	53	30	1	1	1	1	2	1
10132	53	30	1	1	1	1	2	1
10133	53	30	1	1	1	1	2	1
10134	53	30	1	1	1	1	2	1
10135	53	30	1	1	1	1	2	1
10136	53	30	1	1	1	1	2	1
10137	53	30	1	1	1	1	2	1
10138	53	30	1	1	1	1	2	1
10139	53	30	1	1	1	1	2	1
10140	53	30	1	1	1	1	2	1
10141	53	30	1	1	1	1	2	1
10142	53	30	1	1	1	1	2	1
10143	53	30	1	1	1	1	2	1
10144	53	30	1	1	1	1	2	1
10145	53	30	1	1	1	1	2	1
10146	53	30	1	1	1	1	2	1
10147	53	30	1	1	1	1	2	1
10148	53	30	1	1	1	1	2	1
10149	53	30	1	1	1	1	2	1
10150	53	30	1	1	1	1	2	1
10151	53	30	1	1	1	1	2	1
10152	53	30	1	1	1	1	2	1
10153	53	30	1	1	1	1	2	1
10154	53	30	1	1	1	1	2	1
10155	53	30	1	1	1	1	2	1
10156	53	30	1	1	1	1	2	1
10157	53	30	1	1	1	1	2	1
10158	53	30	1	1	1	1	2	1
10159	53	30	1	1	1	1	2	1
10160	53	30	1	1	1	1	2	1
10161	53	30	1	1	1	1	2	1
10162	53	30	1	1	1	1	2	1
10163	53	30	1	1	1	1	2	1
10164	53	30	1	1	1	1	2	1
10165	53	30	1	1	1	1	2	1
10166	53	30	1	1	1	1	2	1
10167	53	30	1	1	1	1	2	1
10168	53	30	1	1	1	1	2	1
10169	53	30	1	1	1	1	2	1
10170	53	30	1	1	1	1	2	1
10171	53	30	1	1	1	1	2	1
10172	53	30	1	1	1	1	2	1
10173	53	30	1	1	1	1	2	1
10174	53	30	1	1	1	1	2	1
10175	53	30	1	1	1	1	2	1
10176	53	30	1	1	1	1	2	1
10177	53	30	1	1	1	1	2	1
10178	53	30	1	1	1	1	2	1
10179	53	30	1	1	1	1	2	1
10180	53	30	1	1	1	1	2	1
10181	53	30	1	1	1	1	2	1
10182	53	30	1	1	1	1	2	1
10183	53	30	1	1	1	1	2	1
10184	53	30	1	1	1	1	2	1
10185	53	30	1	1	1	1	2	1
10186	53	30	1	1	1	1	2	1
10187	53	30	1	1	1	1	2	1
10188	53	30	1	1	1	1	2	1
10189	53	30	1	1	1	1	2	1
10190	53	30	1	1	1	1	2	1
10191	53	30	1	1	1	1	2	1
10192	53	30	1	1	1	1	2	1
10193	53	30	1	1	1	1	2	1
10194	53	30	1	1	1	1	2	1
10195	53	30	1	1	1	1	2	1
10196	53	30	1	1	1	1	2	1
10197	53	30	1	1	1	1	2	1
10198	53	30	1	1	1	1	2	1
10199	53	30	1	1	1	1	2	1
10200	53	30	1	1	1	1	2	1
10201	53	30	1	1	1	1	2	1
10202	53	30	1	1	1	1	2	1
10203	53	30	1	1	1	1	2	1
10204	53	30	1	1	1	1	2	1
10205	53	30	1	1	1	1	2	1
10206	53	30	1	1	1	1	2	1
10207	53	30	1	1	1	1	2	1
10208	53	30	1	1	1	1	2	1
10209	53	30	1	1	1	1	2	1
10210	53	30	1	1	1	1	2	1
10211	53	30	1	1	1	1	2	1
10212	53	30	1	1	1	1	2	1
10213	53	30	1	1	1	1	2	1
10214	53	30	1	1	1	1	2	1
10215	53	30	1	1	1	1	2	1
10216	53	30	1	1	1	1	2	1
10217	53	30	1	1	1	1	2	1
10218	53	30	1	1	1	1	2	1
10219	53	30	1	1	1	1	2	1
10220	53	30	1	1	1	1	2	1
10221	53	30	1	1	1	1	2	1
10222	53	30	1	1	1	1	2	1
10223	53	30	1	1	1	1	2	1
10224	53	30	1	1	1	1	2	1
10225	53	30	1	1	1	1	2	1
10226	53	30	1	1	1	1	2	1
10227	53	30	1	1	1	1	2	1
10228	53	30	1	1	1	1	2	1
10229	53	30	1	1	1	1	2	1
10230	53	30	1	1	1	1	2	1
10231	53	30	1	1	1	1	2	1
10232	53	30	1	1	1	1	2	1
10233	53	30	1	1	1	1	2	1
10234	53	30	1	1	1	1	2	1
10235	53	30	1	1	1	1	2	1
10236	53	30	1	1	1	1	2	1
10237	53	30	1	1	1	1	2	1
10238	53	30	1	1	1	1	2	1
10239	53	30	1	1	1	1	2	1
10240	53	30	1	1	1	1	2	1
10241	53	30	1	1	1	1	2	1
10242	53	30	1	1	1	1	2	1
10243	53	30	1	1	1	1	2	1
10244	53	30	1	1	1	1	2	1
10245	53	30	1	1	1	1	2	1
10246	53	30	1	1	1	1	2	1
10247	53	30	1	1	1	1	2	1
10248	53	30	1	1	1	1	2	1
10249	53	30	1	1	1	1	2	1
10250	53	30	1	1	1	1	2	1
10251	53	30	1	1	1	1	2	1
10252	53	30	1	1	1	1	2	1
10253	53	30	1	1	1	1	2	1
10254	53	30	1	1	1	1	2	1
10255	53	30	1	1	1	1	2	1
10256	53	30	1	1	1	1	2	1
10257	53	30	1	1	1	1	2	1
10258	53	30	1	1	1	1	2	1
10259	53	30	1	1	1	1	2	1
10260	53	30	1	1	1	1	2	1
10261	53	30	1	1	1	1	2	1
10262	53	30	1	1	1	1	2	1
10263	53	30	1	1	1	1	2	1
10264	53	30	1	1	1	1	2	1
10265	53	30	1	1	1	1	2	1
10266	53	30	1	1	1	1	2	1
10267	53	30	1	1	1	1	2	1
10268	53	30	1	1	1	1	2	1
10269	53	30	1	1	1	1	2	1
10270	53	30	1	1	1	1	2	1
10271	53	30	1	1	1	1	2	1
10272	53	30	1	1	1	1	2	1
10273	53	30	1	1	1	1	2	1
10274	53	30	1	1	1	1	2	1
10275	53	30	1	1	1	1	2	1
10276	53	30	1	1	1	1	2	1
10277	53	30	1	1	1	1	2	1
10278	53	30	1	1	1	1	2	1
10279	53	30	1	1	1	1	2	1
10280	53	30	1	1	1	1	2	1
10281	53	30	1	1	1	1	2	1
10282	53	30	1	1	1	1	2	1
10283	53	30	1	1	1	1	2	1
10284	53	30	1	1	1	1	2	1
10285	53	30	1	1	1	1	2	1
10286	53	30	1	1	1	1	2	1
10287	53	30	1	1	1	1	2	1
10288	53	30	1	1	1	1	2	1
10289	53	30	1	1	1	1	2	1
10290	53	30	1	1	1	1	2	1
10291	53	30	1	1	1	1	2	1
10292	53	30	1	1	1	1	2	1
10293	53	30	1	1	1	1	2	1
10294	53	30	1	1	1	1	2	1
10295	53	30	1	1	1	1	2	1
10296	53	30	1	1	1	1	2	1
10297	53	30	1	1	1	1	2	1
10298	53	30	1	1	1	1	2	1
10299	53	30	1	1	1	1	2	1
10300	53	30	1	1	1	1	2	1
10301	53	30	1	1	1	1	2	1
10302	53	30	1	1	1	1	2	1
10303	53	30	1	1	1	1	2	1
10304	53	30	1	1	1	1	2	1
10305	53	30	1	1	1	1	2	1
10306	53	30	1	1	1	1	2	1
10307	53	30	1	1	1	1	2	1
10308	53	30	1	1	1	1	2	1
10309	53	30	1	1	1	1	2	1
10310	53	30	1	1	1	1	2	1
10311	53	30	1	1	1	1	2	1
10312	53	30	1	1	1	1	2	1
10313	53	30	1	1	1	1	2	1
10314	53	30	1	1	1	1	2	1
10315	53	30	1	1	1	1	2	1
10316	53	30	1	1	1	1	2	1
10317	53	30	1	1	1	1	2	1
10318	53	30	1	1	1	1	2	1
10319	53	30	1	1	1	1	2	1
10320	53	30	1	1	1	1	2	1
10321	53	30	1	1	1	1	2	1
10322	53	30	1	1	1	1	2	1
10323	53	30	1	1	1	1	2	1
10324	53	30	1	1	1	1	2	1
10325	53	30	1	1	1	1	2	1
10326	53	30	1	1	1	1	2	1
10327	53	30	1	1	1	1	2	1
10328	53	30	1	1	1	1	2	1
10329	53	30	1	1	1	1	2	1
10330	53	30	1	1	1	1	2	1
10331	53	30	1	1	1	1	2	1
10332	53	30	1	1	1	1	2	1
10333	53	30	1	1	1	1	2	1
10334	53	30	1	1	1	1	2	1
10335	53	30	1	1	1	1	2	1
10336	53	30	1	1	1	1	2	1
10337	53	30	1	1	1	1	2	1
10338	53	30	1	1	1	1	2	1
10339	53	30	1	1	1	1	2	1
10340	53	30	1	1	1	1	2	1
10341	53	30	1	1	1	1	2	1
10342	53	30	1	1	1	1	2	1
10343	53	30	1	1	1	1	2	1
10344	53	30	1	1	1	1	2	1
10345	53	30	1	1	1	1	2	1
10346	53	30	1	1	1	1	2	1
10347	53	30	1	1	1	1	2	1
10348	53	30	1	1	1	1	2	1
10349	53	30	1	1	1	1	2	1
10350	53	30	1	1	1	1	2	1
10351	53	30	1	1	1	1	2	1
10352	53	30	1	1	1	1	2	1
10353	53	30	1	1	1	1	2	1
10354	53	30	1	1	1	1	2	1
10355	53	30	1	1	1	1	2	1
10356	53	30	1	1	1	1	2	1
10357	53	30	1	1	1	1	2	1
10358	53	30	1	1	1	1	2	1
10359	53	30	1	1	1	1	2	1
10360	53	30	1	1	1	1	2	1
10361	53	30	1	1	1	1	2	1
10362	53	30	1	1	1	1	2	1
10363	53	30	1	1	1	1	2	1
10364	53	30	1	1	1	1	2	1
10365	53	30	1	1	1	1	2	1
10366	53	30	1	1	1	1	2	1
10367	53	30	1	1	1	1	2	1
10368	53	30	1	1	1	1	2	1
10369	53	30	1	1	1	1	2	1
10370	53	30	1	1	1	1	2	1
10371	53	30	1	1	1	1	2	1
10372	53	30	1	1	1	1	2	1
10373	53	30	1	1	1	1	2	1
10374	53	30	1	1	1	1	2	1
10375	53	30	1	1	1	1	2	1
10376	53	30	1	1	1	1	2	1
10377	53	30	1	1	1	1	2	1
10378	53	30	1	1	1	1	2	1
10379	53	30	1	1	1	1	2	1
10380	53	30	1	1	1	1	2	1
10381	53	30	1	1	1	1	2	1
10382	53	30	1	1	1	1	2	1
10383	53	30	1	1	1	1	2	1
10384	53	30	1	1	1	1	2	1
10385	53	30	1	1	1	1	2	1
10386	53	30	1	1	1	1	2	1
10387	53	30	1	1	1	1	2	1
10388	53	30	1	1	1	1	2	1
10389	53	30	1	1	1	1	2	1
10390	53	30	1	1	1	1	2	1
10391	53	30	1	1	1	1	2	1
10392	53	30	1	1	1	1	2	1
10393	53	30	1	1	1	1	2	1
10394	53	30	1	1	1	1	2	1
10395	53	30	1	1	1	1	2	1
10396	53	30	1	1	1	1	2	1
10397	53	30	1	1	1	1	2	1
10398	53	30	1	1	1	1	2	1
10399	53	30	1	1	1	1	2	1
10400	53	30	1	1	1	1	2	1
10401	53	30	1	1	1	1	2	1
10402	53	30	1	1	1	1	2	1
10403	53	30	1	1	1	1	2	1
10404	53	30	1	1	1	1	2	1
10405	53	30	1	1	1	1	2	1
10406	53	30	1	1	1	1	2	1
10407	53	30	1	1	1	1	2	1
10408	53	30	1	1	1	1	2	1
10409	53	30	1	1	1	1	2	1
10410	53	30	1	1	1	1	2	1
10411	53	30	1	1	1	1	2	1
10412	53	30	1	1	1	1	2	1
10413	53	30	1	1	1	1	2	1
10414	53	30	1	1	1	1	2	1
10415	53	30	1	1	1	1	2	1
10416	53	30	1	1	1	1	2	1
10417	53	30	1	1	1	1	2	1
10418	53	30	1	1	1	1	2	1
10419	53	30	1	1	1	1	2	1
10420	53	30	1	1	1	1	2	1
10421	53	30	1	1	1	1	2	1
10422	53	30	1	1	1	1	2	1
10423	53	30	1	1	1	1	2	1
10424	53	30	1	1	1	1	2	1
10425	53	30	1	1	1	1	2	1
10426	53	30	1	1	1	1	2	1
10427	53	30	1	1	1	1	2	1
10428	53	30	1	1	1	1	2	1
10429	53	30	1	1	1	1	2	1
10430	53	30	1	1	1	1	2	1
10431	53	30	1	1	1	1	2	1
10432	53	30	1	1	1	1	2	1
10433	53	30	1	1	1	1	2	1
10434	53	30	1	1	1	1	2	1
10435	53	30	1	1	1	1	2	1
10436	53	30	1	1	1	1	2	1
10437	53	30	1	1	1	1	2	1
10438	53	30	1	1	1	1	2	1
10439	53	30	1	1	1	1	2	1
10440	53	30	1	1	1	1	2	1
10441	53	30	1	1	1	1	2	1
10442	53	30	1	1	1	1	2	1
10443	53	30	1	1	1	1	2	1
10444	53	30	1	1	1	1	2	1
10445	53	30	1	1	1	1	2	1
10446	53	30	1	1	1	1	2	1
10447	53	30	1	1	1	1	2	1
10448	53	30	1	1	1	1	2	1
10449	53	30	1	1	1	1	2	1
10450	53	30	1	1	1	1	2	1
10451	53	30	1	1	1	1	2	1
10452	53	30	1	1	1	1	2	1
10453	53	30	1	1	1	1	2	1
10454	53	30	1	1	1	1	2	1
10455	53	30	1	1	1	1	2	1
10456	53	30	1	1	1	1	2	1
10457	53	30	1	1	1	1	2	1
10458	53	30	1	1	1	1	2	1
10459	53	30	1	1	1	1	2	1
10460	53	30	1	1	1	1	2	1
10461	53	30	1	1	1	1	2	1
10462	53	30	1	1	1	1	2	1
10463	53	30	1	1	1	1	2	1
10464	53	30	1	1	1	1	2	1
10465	53	30	1	1	1	1	2	1
10466	53	30	1	1	1	1	2	1
10467	53	30	1	1	1	1	2	1
10468	53	30	1	1	1	1	2	1
10469	53	30	1	1	1	1	2	1
10470	53	30	1	1	1	1	2	1
10471	53	30	1	1	1	1	2	1
10472	53	30	1	1	1	1	2	1
10473	53	30	1	1	1	1	2	1
10474	53	30	1	1	1	1	2	1
10475	53	30	1	1	1	1	2	1
10476	53	30	1	1	1	1	2	1
10477	53	30	1	1	1	1	2	1
10478	53	30	1	1	1	1	2	1
10479	53	30	1	1	1	1	2	1
10480	53	30	1	1	1	1	2	1
10481	53	30	1	1	1	1	2	1
10482	53	30	1	1	1	1	2	1
10483	53	30	1	1	1	1	2	1
10484	53	30	1	1	1	1	2	1
10485	53	30	1	1	1	1	2	1
10486	53	30	1	1	1	1	2	1
10487	53	30	1	1	1	1	2	1
10488	53	30	1	1	1	1	2	1
10489	53	30	1	1	1	1	2	1
10490	53	30	1	1	1	1	2	1
10491	53	30	1	1	1	1	2	1
10492	53	30	1	1	1	1	2	1
10493	53	30	1	1	1	1	2	1
10494	53	30	1	1	1	1	2	1
10495	53	30	1	1	1	1	2	1
10496	53	30	1	1	1	1	2	1
10497	53	30	1	1	1	1	2	1
10498	53	30	1	1	1	1	2	1
10499	53	30	1	1	1	1	2	1
10500	53	30	1	1	1	1	2	1
10501	53	30	1	1	1	1	2	1
10502	53	30	1	1	1	1	2	1
10503	53	30	1	1	1	1	2	1
10504	53	30	1	1	1	1	2	1
10505	53	30	1	1	1	1	2	1
10506	53	30	1	1	1	1	2	1
10507	53	30	1	1	1	1	2	1
10508	53	30	1	1	1	1	2	1
10509	53	30	1	1	1	1	2	1
10510	53	30	1	1	1	1	2	1
10511	53	30	1	1	1	1	2	1
10512	53	30	1	1	1	1	2	1
10513	53	30	1	1	1	1	2	1
10514	53	30	1	1	1	1	2	1
10515	53	30	1	1	1	1	2	1
10516	53	30	1	1	1	1	2	1
10517	53	30	1	1	1	1	2	1
10518	53	30	1	1	1	1	2	1
10519	53	30	1	1	1	1	2	1
10520	53	30	1	1	1	1	2	1
10521	53	30	1	1	1	1	2	1
10522	53	30	1	1	1	1	2	1
10523	53	30	1	1	1	1	2	1
10524	53	30	1	1	1	1	2	1
10525	53	30	1	1	1	1	2	1
10526	53	30	1	1	1	1	2	1
10527	53	30	1	1	1	1	2	1
10528	53	30	1	1	1	1	2	1
10529	53	30	1	1	1	1	2	1
10530	53	30	1	1	1	1	2	1
10531	53	30	1	1	1	1	2	1
10532	53	30	1	1	1	1	2	1
10533	53	30	1	1	1	1	2	1
10534	53	30	1	1	1	1	2	1
10535	53	30	1	1	1	1	2	1
10536	53	30	1	1	1	1	2	1
10537	53	30	1	1	1	1	2	1
10538	53	30	1	1	1	1	2	1
10539	53	30	1	1	1	1	2	1
10540	53	30	1	1	1	1	2	1
10541	53	30	1	1	1	1	2	1
10542	53	30	1	1	1	1	2	1
10543	53	30	1	1	1	1	2	1
10544	53	30	1	1	1	1	2	1
10545	53	30	1	1	1	1	2	1
10546	53	30	1	1	1	1	2	1
10547	53	30	1	1	1	1	2	1
10548	53	30	1	1	1	1	2	1
10549	53	30	1	1	1	1	2	1
10550	53	30	1	1	1	1	2	1
10551	53	30	1	1	1	1	2	1
10552	53	30	1	1	1	1	2	1
10553	53	30	1	1	1	1	2	1
10554	53	30	1	1	1	1	2	1
10555	53	30	1	1	1	1	2	1
10556	53	30	1	1	1	1	2	1
10557	53	30	1	1	1	1	2	1
10558	53	30	1	1	1	1	2	1
10559	53	30	1	1	1	1	2	1
10560	53	30	1	1	1	1	2	1
10561	53	30	1	1	1	1	2	1
10562	53	30	1	1	1	1	2	1
10563	53	30	1	1	1	1	2	1
10564	53	30	1	1	1	1	2	1
10565	53	30	1	1	1	1	2	1
10566	53	30	1	1	1	1	2	1
10567	53	30	1	1	1	1	2	1
10568	53	30	1	1	1	1	2	1
10569	53	30	1	1	1	1	2	1
10570	53	30	1	1	1	1	2	1
10571	53	30	1	1	1	1	2	1
10572	53	30	1	1	1	1	2	1
10573	53	30	1	1	1	1	2	1
10574	53	30	1	1	1	1	2	1
10575	53	30	1	1	1	1	2	1
10576	53	30	1	1	1	1	2	1
10577	53	30	1	1	1	1	2	1
10578	53	30	1	1	1	1	2	1
10579	53	30	1	1	1	1	2	1
10580	53	30	1	1	1	1	2	1
10581	53	30	1	1	1	1	2	1
10582	53	30	1	1	1	1	2	1
10583	53	30	1	1	1	1	2	1
10584	53	30	1	1	1	1	2	1
10585	53	30	1	1	1	1	2	1
10586	53	30	1	1	1	1	2	1
10587	53	30	1	1	1	1	2	1
10588	53	30	1	1	1	1	2	1
10589	53	30	1	1	1	1	2	1
10590	53	30	1	1	1	1	2	1
10591	53	30	1	1	1	1	2	1
10592	53	30	1	1	1	1	2	1
10593	53	30	1	1	1	1	2	1
10594	53	30	1	1	1	1	2	1
10595	53	30	1	1	1	1	2	1
10596	53	30	1	1	1	1	2	1
10597	53	30	1	1	1	1	2	1
10598	53	30	1	1	1	1	2	1
10599	53	30	1	1	1	1	2	1
10600	53	30	1	1	1	1	2	1
10601	53	30	1	1	1	1	2	1
10602	53	30	1	1	1	1	2	1
10603	53	30	1	1	1	1	2	1
10604	53	30	1	1	1	1	2	1
10605	53	30	1	1	1	1	2	1
10606	53	30	1	1	1	1	2	1
10607	53	30	1	1	1	1	2	1
10608	53	30	1	1	1	1	2	1
10609	53	30	1	1	1	1	2	1
10610	53	30	1	1	1	1	2	1
10611	53	30	1	1	1	1	2	1
10612	53	30	1	1	1	1	2	1
10613	53	30	1	1	1	1	2	1
10614	53	30	1	1	1	1	2	1
10615	53	30	1	1	1	1	2	1
10616	53	30	1	1	1	1	2	1
10617	53	30	1	1	1	1	2	1
10618	53	30	1	1	1	1	2	1
10619	53	30	1	1	1	1	2	1
10620	53	30	1	1	1	1	2	1
10621	53	30	1	1	1	1	2	1
10622	53	30	1	1	1	1	2	1
10623	53	30	1	1	1	1	2	1
10624	53	30	1	1	1	1	2	1
10625	53	30	1	1	1	1	2	1
10626	53	30	1	1	1	1	2	1
10627	53	30	1	1	1	1	2	1
10628	53	30	1	1	1	1	2	1
10629	53	30	1	1	1	1	2	1
10630	53	30	1	1	1	1	2	1
10631	53	30	1	1	1	1	2	1
10632	53	30	1	1	1	1	2	1
10633	53	30	1	1	1	1	2	1
10634	53	30	1	1	1	1	2	1
10635	53	30	1	1	1	1	2	1
10636	53	30	1	1	1	1	2	1
10637	53	30	1	1	1	1	2	1
10638	53	30	1	1	1	1	2	1
10639	53	30	1	1	1	1	2	1
10640	53	30	1	1	1	1	2	1
10641	53	30	1	1	1	1	2	1
10642	53	30	1	1	1	1	2	1
10643	53	30	1	1	1	1	2	1
10644	53	30	1	1	1	1	2	1
10645	53	30	1	1	1	1	2	1
10646	53	30	1	1	1	1	2	1
10647	53	30	1	1	1	1	2	1
10648	53	30	1	1	1	1	2	1
10649	53	30	1	1	1	1	2	1
10650	53	30	1	1	1	1	2	1
10651	53	30	1	1	1	1	2	1
10652	53	30	1	1	1	1	2	1
10653	53	30	1	1	1	1	2	1
10654	53	30	1	1	1	1	2	1
10655	53	30	1	1	1	1	2	1
10656	53	30	1	1	1	1	2	1
10657	53	30	1	1	1	1	2	1
10658	53	30	1	1	1	1	2	1
10659	53	30	1	1	1	1	2	1
10660	53	30	1	1	1	1	2	1
10661	53	30	1	1	1	1	2	1
10662	53	30	1	1	1	1	2	1
10663	53	30	1	1	1	1	2	1
10664	53	30	1	1	1	1	2	1
10665	53	30	1	1	1	1	2	1
10666	53	30	1	1	1	1	2	1
10667	53	30	1	1	1	1	2	1
10668	53	30	1	1	1	1	2	1
10669	53	30	1	1	1	1	2	1
10670	53	30	1	1	1	1	2	1
10671	53	30	1	1	1	1	2	1
10672	53	30	1	1	1	1	2	1
10673	53	30	1	1	1	1	2	1
10674	53	30	1	1	1	1	2	1
10675	53	30	1	1	1	1	2	1
10676	53	30	1	1	1	1	2	1
10677	53	30	1	1	1	1	2	1
10678	53	30	1	1	1	1	2	1
10679	53	30	1	1	1	1	2	1
10680	53	30	1	1	1	1	2	1
10681	53	30	1	1	1	1	2	1
10682	53	30	1	1	1	1	2	1
10683	53	30	1	1	1	1	2	1
10684	53	30	1	1	1	1	2	1
10685	53	30	1	1	1	1	2	1
10686	53	30	1	1	1	1	2	1
10687	53	30	1	1	1	1	2	1
10688	53	30	1	1	1	1	2	1
10689	53	30	1	1	1	1	2	1
10690	53	30	1	1	1	1	2	1
10691	53	30	1	1	1	1	2	1
10692	53	30	1	1	1	1	2	1
10693	53	30	1	1	1	1	2	1
10694	53	30	1	1	1	1	2	1
10695	53	30	1	1	1	1	2	1
10696	53	30	1	1	1	1	2	1
10697	53	30	1	1	1	1	2	1
10698	53	30	1	1	1	1	2	1
10699	53	30	1	1	1	1	2	1
10700	53	30	1	1	1	1	2	1
10701	53	30	1	1	1	1	2	1
10702	53	30	1	1	1	1	2	1
10703	53	30	1	1	1	1	2	1
10704	53	30	1	1	1	1	2	1
10705	53	30	1	1	1	1	2	1
10706	53	30	1	1	1	1	2	1
10707	53	30	1	1	1	1	2	1
10708	53	30	1	1	1	1	2	1
10709	53	30	1	1	1	1	2	1
10710	53	30	1	1	1	1	2	1
10711	53	30	1	1	1	1	2	1
10712	53	30	1	1	1	1	2	1
10713	53	30	1	1	1	1	2	1
10714	53	30	1	1	1	1	2	1
10715	53	30	1	1	1	1	2	1
10716	53	30	1	1	1	1	2	1
10717	53	30	1	1	1	1	2	1
10718	53	30	1	1	1	1	2	1
10719	53	30	1	1	1	1	2	1
10720	53	30	1	1	1	1	2	1
10721	53	30	1	1	1	1	2	1
10722	53	30	1	1	1	1	2	1
10723	53	30	1	1	1	1	2	1
10724	53	30	1	1	1	1	2	1
10725	53	30	1	1	1	1	2	1
10726	53	30	1	1	1	1	2	1
10727	53	30	1	1	1	1	2	1
10728	53	30	1	1	1	1	2	1
10729	53	30	1	1	1	1	2	1
10730	53	30	1	1	1	1	2	1
10731	53	30	1	1	1	1	2	1
10732	53	30	1	1	1	1	2	1
10733	53	30	1	1	1	1	2	1
10734	53	30	1	1	1	1	2	1
10735	53	30	1	1	1	1	2	1
10736	53	30	1	1	1	1	2	1
10737	53	30	1	1	1	1	2	1
10738	53	30	1	1	1	1	2	1
10739	53	30	1	1	1	1	2	1
10740	53	30	1	1	1	1	2	1
10741	53	30	1	1	1	1	2	1
10742	53	30	1	1	1	1	2	1
10743	53	30	1	1	1	1	2	1
10744	53	30	1	1	1	1	2	1
10745	53	30	1	1	1	1	2	1
10746	53	30	1	1	1	1	2	1
10747	53	30	1	1	1	1	2	1
10748	53	30	1	1	1	1	2	1
10749	53	30	1	1	1	1	2	1
10750	53	30	1	1	1	1	2	1
10751	53	30	1	1	1	1	2	1
10752	53	30	1	1	1	1	2	1
10753	53	30	1	1	1	1	2	1
10754	53	30	1	1	1	1	2	1
10755	53	30	1	1	1	1	2	1
10756	53	30	1	1	1	1	2	1
10757	53	30	1	1	1	1	2	1
10758	53	30	1	1	1	1	2	1
10759	53	30	1	1	1	1	2	1
10760	53	30	1	1	1	1	2	1
10761	53	30	1	1	1	1	2	1
10762	53	30	1	1	1	1	2	1
10763	53	30	1	1	1	1	2	1
10764	53	30	1	1	1	1	2	1
10765	53	30	1	1	1	1	2	1
10766	53	30	1	1	1	1	2	1
10767	53	30	1	1	1	1	2	1
10768	53	30	1	1	1	1	2	1
10769	53	30	1	1	1	1	2	1
10770	53	30	1	1	1	1	2	1
10771	53	30	1	1	1	1	2	1
10772	53	30	1	1	1	1	2	1
10773	53	30	1	1	1	1	2	1
10774	53	30	1	1	1	1	2	1
10775	53	30	1	1	1	1	2	1
10776	53	30	1	1	1	1	2	1
10777	53	30	1	1	1	1	2	1
10778	53	30	1	1	1	1	2	1
10779	53	30	1	1	1	1	2	1
10780	53	30	1	1	1	1	2	1
10781	53	30	1	1	1	1	2	1
10782	53	30	1	1	1	1	2	1
10783	53	30	1	1	1	1	2	1
10784	53	30	1	1	1	1	2	1
10785	53	30	1	1	1	1	2	1
10786	53	30	1	1	1	1	2	1
10787	53	30	1	1	1	1	2	1
10788	53	30	1	1	1	1	2	1
10789	53	30	1	1	1	1	2	1
10790	53	30	1	1	1	1	2	1
10791	53	30	1	1	1	1	2	1
10792	53	30	1	1	1	1	2	1
10793	53	30	1	1	1	1	2	1
10794	53	30	1	1	1	1	2	1
10795	53	30	1	1	1	1	2	1
10796	53	30	1	1	1	1	2	1
10797	53	30	1	1	1	1	2	1
10798	53	30	1	1	1	1	2	1
10799	53	30	1	1	1	1	2	1
10800	53	30	1	1	1	1	2	1
10801	53	30	1	1	1	1	2	1
10802	53	30	1	1	1	1	2	1
10803	53	30	1	1	1	1	2	1
10804	53	30	1	1	1	1	2	1
10805	53	30	1	1	1	1	2	1
10806	53	30	1	1	1	1	2	1
10807	53	30	1	1	1	1	2	1
10808	53	30	1	1	1	1	2	1
10809	53	30	1	1	1	1	2	1
10810	53	30	1	1	1	1	2	1
10811	53	30	1	1	1	1	2	1
10812	53	30	1	1	1	1	2	1
10813	53	30	1	1	1	1	2	1
10814	53	30	1	1	1	1	2	1
10815	53	30	1	1	1	1	2	1
10816	53	30	1	1	1	1	2	1
10817	53	30	1	1	1	1	2	1
10818	53	30	1	1	1	1	2	1
10819	53	30	1	1	1	1	2	1
10820	53	30	1	1	1	1	2	1
10821	53	30	1	1	1	1	2	1
10822	53	30	1	1	1	1	2	1
10823	53	30	1	1	1	1	2	1
10824	53	30	1	1	1	1	2	1
10825	53	30	1	1	1	1	2	1
10826	53	30	1	1	1	1	2	1
10827	53	30	1	1	1	1	2	1
10828	53	30	1	1	1	1	2	1
10829	53	30	1	1	1	1	2	1
10830	53	30	1	1	1	1	2	1
10831	53	30	1	1	1	1	2	1
10832	53	30	1	1	1	1	2	1
10833	53	30	1	1	1	1	2	1
10834	53	30	1	1	1	1	2	1
10835	53	30	1	1	1	1	2	1
10836	53	30	1	1	1	1	2	1
10837	53	30	1	1	1	1	2	1
10838	53	30	1	1	1	1	2	1
10839	53	30	1	1	1	1	2	1
10840	53	30	1	1	1	1	2	1
10841	53	30	1	1	1	1	2	1
10842	53	30	1	1	1	1	2	1
10843	53	30	1	1	1	1	2	1
10844	53	30	1	1	1	1	2	1
10845	53	30	1	1	1	1	2	1
10846	53	30	1	1	1	1	2	1
10847	53	30	1	1	1	1	2	1
10848	53	30	1	1	1	1	2	1
10849	53	30	1	1	1	1	2	1
10850	53	30	1	1	1	1	2	1
10851	53	30	1	1	1	1	2	1
10852	53	30	1	1	1	1	2	1
10853	53	30	1	1	1	1	2	1
10854	53	30	1	1	1	1	2	1
10855	53	30	1	1	1	1	2	1
10856	53	30	1	1	1	1	2	1
10857	53	30	1	1	1	1	2	1
10858	53	30	1	1	1	1	2	1
10859	53	30	1	1	1	1	2	1
10860	53	30	1	1	1	1	2	1
10861	53	30	1	1	1	1	2	1
10862	53	30	1	1	1	1	2	1
10863	53	30	1	1	1	1	2	1
10864	53	30	1	1	1	1	2	1
10865	53	30	1	1	1	1	2	1
10866	53	30	1	1	1	1	2	1
10867	53	30	1	1	1	1	2	1
10868	53	30	1	1	1	1	2	1
10869	53	30	1	1	1	1	2	1
10870	53	30	1	1	1	1	2	1
10871	53	30	1	1	1	1	2	1
10872	53	30	1	1	1	1	2	1
10873	53	30	1	1	1	1	2	1
10874	53	30	1	1	1	1	2	1
10875	53	30	1	1	1	1	2	1
10876	53	30	1	1	1	1	2	1
10877	53	30	1	1	1	1	2	1
10878	53	30	1	1	1	1	2	1
10879	53	30	1	1	1	1	2	1
10880	53	30	1	1	1	1	2	1
10881	53	30	1	1	1	1	2	1
10882	53	30	1	1	1	1	2	1
10883	53	30	1	1	1	1	2	1
10884	53	30	1	1	1	1	2	1
10885	53	30	1	1	1	1	2	1
10886	53	30	1	1	1	1	2	1
10887	53	30	1	1	1	1	2	1
10888	53	30	1	1	1	1	2	1
10889	53	30	1	1	1	1	2	1
10890	53	30	1	1	1	1	2	1
10891	53	30	1	1	1	1	2	1
10892	53	30	1	1	1	1	2	1
10893	53	30	1	1	1	1	2	1
10894	53	30	1	1	1	1	2	1
10895	53	30	1	1	1	1	2	1
10896	53	30	1	1	1	1	2	1
10897	53	30	1	1	1	1	2	1
10898	53	30	1	1	1	1	2	1
10899	53	30	1	1	1	1	2	1
10900	53	30	1	1	1	1	2	1
10901	53	30	1	1	1	1	2	1
10902	53	30	1	1	1	1	2	1
10903	53	30	1	1	1	1	2	1
10904	53	30	1	1	1	1	2	1
10905	53	30	1	1	1	1	2	1
10906	53	30	1	1	1	1	2	1
10907	53	30	1	1	1	1	2	1
10908	53	30	1	1	1	1	2	1
10909	53	30	1	1	1	1	2	1
10910	53	30	1	1	1	1	2	1
10911	53	30	1	1	1	1	2	1
10912	53	30	1	1	1	1	2	1
10913	53	30	1	1	1	1	2	1
10914	53	30	1	1	1	1	2	1
10915	53	30	1	1	1	1	2	1
10916	53	30	1	1	1	1	2	1
10917	53	30	1	1	1	1	2	1
10918	53	30	1	1	1	1	2	1
10919	53	30	1	1	1	1	2	1
10920	53	30	1	1	1	1	2	1
10921	53	30	1	1	1	1	2	1
10922	53	30	1	1	1	1	2	1
10923	53	30	1	1	1	1	2	1
10924	53	30	1	1	1	1	2	1
10925	53	30	1	1	1	1	2	1
10926	53	30	1	1	1	1	2	1
10927	53	30	1	1	1	1	2	1
10928	53	30	1	1	1	1	2	1
10929	53	30	1	1	1	1	2	1
10930	53	30	1	1	1	1	2	1
10931	53	30	1	1	1	1	2	1
10932	53	30	1	1	1	1	2	1
10933	53	30	1	1	1	1	2	1
10934	53	30	1	1	1	1	2	1
10935	53	30	1	1	1	1	2	1
10936	53	30	1	1	1	1	2	1
10937	53	30	1	1	1	1	2	1
10938	53	30	1	1	1	1	2	1
10939	53	30	1	1	1	1	2	1
10940	53	30	1	1	1	1	2	1
10941	53	30	1	1	1	1	2	1
10942	53	30	1	1	1	1	2	1
10943	53	30	1	1	1	1	2	1
10944	53	30	1	1	1	1	2	1
10945	53	30	1	1	1	1	2	1
10946	53	30	1	1	1	1	2	1
10947	53	30	1	1	1	1	2	1
10948	53	30	1	1	1	1	2	1
10949	53	30	1	1	1	1	2	1
10950	53	30	1	1	1	1	2	1
10951	53	30	1	1	1	1	2	1
10952	53	30	1	1	1	1	2	1
10953	53	30	1	1	1	1	2	1
10954	53	30	1	1	1	1	2	1
10955	53	30	1	1	1	1	2	1
10956	53	30	1	1	1	1	2	1
10957	53	30	1	1	1	1	2	1
10958	53	30	1	1	1	1	2	1
10959	53	30	1	1	1	1	2	1
10960	53	30	1	1	1	1	2	1
10961	53	30	1	1	1	1	2	1
10962	53	30	1	1	1	1	2	1
10963	53	30	1	1	1	1	2	1
10964	53	30	1	1	1	1	2	1
10965	53	30	1	1	1	1	2	1
10966	53	30	1	1	1	1	2	1
10967	53	30	1	1	1	1	2	1
10968	53	30	1	1	1	1	2	1
10969	53	30	1	1	1	1	2	1
10970	53	30	1	1	1	1	2	1
10971	53	30	1	1	1	1	2	1
10972	53	30	1	1	1	1	2	1
10973	53	30	1	1	1	1	2	1
10974	53	30	1	1	1	1	2	1
10975	53	30	1	1	1	1	2	1
10976	53	30	1	1	1	1	2	1
10977	53	30	1	1	1	1	2	1
10978	53	30	1	1	1	1	2	1
10979	53	30	1	1	1	1	2	1
10980	53	30	1	1	1	1	2	1
10981	53	30	1	1	1	1	2	1
10982	53	30	1	1	1	1	2	1
10983	53	30	1	1	1	1	2	1
10984	53	30	1	1	1	1	2	1
10985	53	30	1	1	1	1	2	1
10986	53	30	1	1	1	1	2	1
10987	53	30	1	1	1	1	2	1
10988	53	30	1	1	1	1	2	1
10989	53	30	1	1	1	1	2	1
10990	53	30	1	1	1	1	2	1
10991	53	30	1	1	1	1	2	1
10992	53	30	1	1	1	1	2	1
10993	53	30	1	1	1	1	2	1
10994	53	30	1	1	1	1	2	1
10995	53	30	1	1	1	1	2	1
10996	53	30	1	1	1	1	2	1
10997	53	30	1	1	1	1	2	1
10998	53	30	1	1	1	1	2	1
10999	53	30	1	1	1	1	2	1
11000	53	30	1	1	1	1	2	1
11001	53	30	1	1	1	1	2	1
11002	53	30	1	1	1	1	2	1
11003	53	30	1	1	1	1	2	1
11004	53	30	1	1	1	1	2	1
11005	53	30	1	1	1	1	2	1
11006	53	30	1	1	1	1	2	1
11007	53	30	1	1	1	1	2	1
11008	53	30	1	1	1	1	2	1
11009	53	30	1	1	1	1	2	1
11010	53	30	1	1	1	1	2	1
11011	53	30	1	1	1	1	2	1
11012	53	30	1	1	1	1	2	1
11013	53	30	1	1	1	1	2	1
11014	53	30	1	1	1	1	2	1
11015	53	30	1	1	1	1	2	1
11016	53	30	1	1	1	1	2	1
11017	53	30	1	1	1	1	2	1
11018	53	30	1	1	1	1	2	1
11019	53	30	1	1	1	1	2	1
11020	53	30	1	1	1	1	2	1
11021	53	30	1	1	1	1	2	1
11022	53	30	1	1	1	1	2	1
11023	53	30	1	1	1	1	2	1
11024	53	30	1	1	1	1	2	1
11025	53	30	1	1	1	1	2	1
11026	53	30	1	1	1	1	2	1
11027	53	30	1	1	1	1	2	1
11028	53	30	1	1	1	1	2	1
11029	53	30	1	1	1	1	2	1
11030	53	30	1	1	1	1	2	1
11031	53	30	1	1	1	1	2	1
11032	53	30	1	1	1	1	2	1
11033	53	30	1	1	1	1	2	1
11034	53	30	1	1	1	1	2	1
11035	53	30	1	1	1	1	2	1
11036	53	30	1	1	1	1	2	1
11037	53	30	1	1	1	1	2	1
11038	53	30	1	1	1	1	2	1
11039	53	30	1	1	1	1	2	1
11040	53	30	1	1	1	1	2	1
11041	53	30	1	1	1	1	2	1
11042	53	30	1	1	1	1	2	1
11043	53	30	1	1	1	1	2	1
11044	53	30	1	1	1	1	2	1
11045	53	30	1	1	1	1	2	1
11046	53	30	1	1	1	1	2	1
11047	53	30	1	1	1	1	2	1
11048	53	30	1	1	1	1	2	1
11049	53	30	1	1	1	1	2	1
11050	53	30	1	1	1	1	2	1
11051	53	30	1	1	1	1	2	1
11052	53	30	1	1	1	1	2	1
11053	53	30	1	1	1	1	2	1
11054	53	30	1	1	1	1	2	1
11055	53	30	1	1	1	1	2	1
11056	53	30	1	1	1	1	2	1
11057	53	30	1	1	1	1	2	1
11058	53	30	1	1	1	1	2	1
11059	53	30	1	1	1	1	2	1
11060	53	30	1	1	1	1	2	1
11061	53	30	1	1	1	1	2	1
11062	53	30	1	1	1	1	2	1
11063	53	30	1	1	1	1	2	1
11064	53	30	1	1	1	1	2	1
11065	53	30	1	1	1	1	2	1
11066	53	30	1	1	1	1	2	1
11067	53	30	1	1	1	1	2	1
11068	53	30	1	1	1	1	2	1
11069	53	30	1	1	1	1	2	1
11070	53	30	1	1	1	1	2	1
11071	53	30	1	1	1	1	2	1
11072	53	30	1	1	1	1	2	1
11073	53	30	1	1	1	1	2	1
11074	53	30	1	1	1	1	2	1
11075	53	30	1	1	1	1	2	1
11076	53	30	1	1	1	1	2	1
11077	53	30	1	1	1	1	2	1
11078	53	30	1	1	1	1	2	1
11079	53	30	1	1	1	1	2	1
11080	53	30	1	1	1	1	2	1
11081	53	30	1	1	1	1	2	1
11082	53	30	1	1	1	1	2	1
11083	53	30	1	1	1	1	2	1
11084	53	30	1	1	1	1	2	1
11085	53	30	1	1	1	1	2	1
11086	53	30	1	1	1	1	2	1
11087	53	30	1	1	1	1	2	1
11088	53	30	1	1	1	1	2	1
11089	53	30	1	1	1	1	2	1
11090	53	30	1	1	1	1	2	1
11091	53	30	1	1	1	1	2	1
11092	53	30	1	1	1	1	2	1
11093	53	30	1	1	1	1	2	1
11094	53	30	1	1	1	1	2	1
11095	53	30	1	1	1	1	2	1
11096	53	30	1	1	1	1	2	1
11097	53	30	1	1	1	1	2	1
11098	53	30	1	1	1	1	2	1
11099	53	30	1	1	1	1	2	1
11100	53	30	1	1	1	1	2	1
11101	53	30	1	1	1	1	2	1
11102	53	30	1	1	1	1	2	1
11103	53	30	1	1	1	1	2	1
11104	53	30	1	1	1	1	2	1
11105	53	30	1	1	1	1	2	1
11106	53	30	1	1	1	1	2	1
11107	53	30	1	1	1	1	2	1
11108	53	30	1	1	1	1	2	1
11109	53	30	1	1	1	1	2	1
11110	53	30	1	1	1	1	2	1
11111	53	30	1	1	1	1	2	1
11112	53	30	1	1	1	1	2	1
11113	53	30	1	1	1	1	2	1
11114	53	30	1	1	1	1	2	1
11115	53	30	1	1	1	1	2	1
11116	53	30	1	1	1	1	2	1
11117	53	30	1	1	1	1	2	1
11118	53	30	1	1	1	1	2	1
11119	53	30	1	1	1	1	2	1
11120	53	30	1	1	1	1	2	1
11121	53	30	1	1	1	1	2	1
11122	53	30	1	1	1	1	2	1
11123	53	30	1	1	1	1	2	1
11124	53	30	1	1	1	1	2	1
11125	53	30	1	1	1	1	2	1
11126	53	30	1	1	1	1	2	1
11127	53	30	1	1	1	1	2	1
11128	53	30	1	1	1	1	2	1
11129	53	30	1	1	1	1	2	1
11130	53	30	1	1	1	1	2	1
11131	53	30	1	1	1	1	2	1
11132	53	30	1	1	1	1	2	1
11133	53	30	1	1	1	1	2	1
11134	53	30	1	1	1	1	2	1
11135	53	30	1	1	1	1	2	1
11136	53	30	1	1	1	1	2	1
11137	53	30	1	1	1	1	2	1
11138	53	30	1	1	1	1	2	1
11139	53	30	1	1	1	1	2	1
11140	53	30	1	1	1	1	2	1
11141	53	30	1	1	1	1	2	1
11142	53	30	1	1	1	1	2	1
11143	53	30	1	1	1	1	2	1
11144	53	30	1	1	1	1	2	1
11145	53	30	1	1	1	1	2	1
11146	53	30	1	1	1	1	2	1
11147	53	30	1	1	1	1	2	1
11148	53	30	1	1	1	1	2	1
11149	53	30	1	1	1	1	2	1
11150	53	30	1	1	1	1	2	1
11151	53	30	1	1	1	1	2	1
11152	53	30	1	1	1	1	2	1
11153	53	30	1	1	1	1	2	1
11154	53	30	1	1	1	1	2	1
11155	53	30	1	1	1	1	2	1
11156	53	30	1	1	1	1	2	1
11157	53	30	1	1	1	1	2	1
11158	53	30	1	1	1	1	2	1
11159	53	30	1	1	1	1	2	1
11160	53	30	1	1	1	1	2	1
11161	53	30	1	1	1	1	2	1
11162	53	30	1	1	1	1	2	1
11163	53	30	1	1	1	1	2	1
11164	53	30	1	1	1	1	2	1
11165	53	30	1	1	1	1	2	1
11166	53	30	1	1	1	1	2	1
11167	53	30	1	1	1	1	2	1
11168	53	30	1	1	1	1	2	1
11169	53	30	1	1	1	1	2	1
11170	53	30	1	1	1	1	2	1
11171	53	30	1	1	1	1	2	1
11172	53	30	1	1	1	1	2	1
11173	53	30	1	1	1	1	2	1
11174	53	30	1	1	1	1	2	1
11175	53	30	1	1	1	1	2	1
11176	53	30	1	1	1	1	2	1
11177	53	30	1	1	1	1	2	1
11178	53	30	1	1	1	1	2	1
11179	53	30	1	1	1	1	2	1
11180	53	30	1	1	1	1	2	1
11181	53	30	1	1	1	1	2	1
11182	53	30	1	1	1	1	2	1
11183	53	30	1	1	1	1	2	1
11184	53	30	1	1	1	1	2	1
11185	53	30	1	1	1	1	2	1
11186	53	30	1	1	1	1	2	1
11187	53	30	1	1	1	1	2	1
11188	53	30	1	1	1	1	2	1
11189	53	30	1	1	1	1	2	1
11190	53	30	1	1	1	1	2	1
11191	53	30	1	1	1	1	2	1
11192	53	30	1	1	1	1	2	1
11193	53	30	1	1	1	1	2	1
11194	53	30	1	1	1	1	2	1
11195	53	30	1	1	1	1	2	1
11196	53	30	1	1	1	1	2	1
11197	53	30	1	1	1	1	2	1
11198	53	30	1	1	1	1	2	1
11199	53	30	1	1	1	1	2	1
11200	53	30	1	1	1	1	2	1
11201	53	30	1	1	1	1	2	1
11202	53	30	1	1	1	1	2	1
11203	53	30	1	1	1	1	2	1
11204	53	30	1	1	1	1	2	1
11205	53	30	1	1	1	1	2	1
11206	53	30	1	1	1	1	2	1
11207	53	30	1	1	1	1	2	1
11208	53	30	1	1	1	1	2	1
11209	53	30	1	1	1	1	2	1
11210	53	30	1	1	1	1	2	1
11211	53	30	1	1	1	1	2	1
11212	53	30	1	1	1	1	2	1
11213	53	30	1	1	1	1	2	1
11214	53	30	1	1	1	1	2	1
11215	53	30	1	1	1	1	2	1
11216	53	30	1	1	1	1	2	1
11217	53	30	1	1	1	1	2	1
11218	53	30	1	1	1	1	2	1
11219	53	30	1	1	1	1	2	1
11220	53	30	1	1	1	1	2	1
11221	53	30	1	1	1	1	2	1
11222	53	30	1	1	1	1	2	1
11223	53	30	1	1	1	1	2	1
11224	53	30	1	1	1	1	2	1
11225	53	30	1	1	1	1	2	1
11226	53	30	1	1	1	1	2	1
11227	53	30	1	1	1	1	2	1
11228	53	30	1	1	1	1	2	1
11229	53	30	1	1	1	1	2	1
11230	53	30	1	1	1	1	2	1
11231	53	30	1	1	1	1	2	1
11232	53	30	1	1	1	1	2	1
11233	53	30	1	1	1	1	2	1
11234	53	30	1	1	1	1	2	1
11235	53	30	1	1	1	1	2	1
11236	53	30	1	1	1	1	2	1
11237	53	30	1	1	1	1	2	1
11238	53	30	1	1	1	1	2	1
11239	53	30	1	1	1	1	2	1
11240	53	30	1	1	1	1	2	1
11241	53	30	1	1	1	1	2	1
11242	53	30	1	1	1	1	2	1
11243	53	30	1	1	1	1	2	1
11244	53	30	1	1	1	1	2	1
11245	53	30	1	1	1	1	2	1
11246	53	30	1	1	1	1	2	1
11247	53	30	1	1	1	1	2	1
11248	53	30	1	1	1	1	2	1
11249	53	30	1	1	1	1	2	1
11250	53	30	1	1	1	1	2	1
11251	53	30	1	1	1	1	2	1
11252	53	30	1	1	1	1	2	1
11253	53	30	1	1	1	1	2	1
11254	53	30	1	1	1	1	2	1
11255	53	30	1	1	1	1	2	1
11256	53	30	1	1	1	1	2	1
11257	53	30	1	1	1	1	2	1
11258	53	30	1	1	1	1	2	1
11259	53	30	1	1	1	1	2	1
11260	53	30	1	1	1	1	2	1
11261	53	30	1	1	1	1	2	1
11262	53	30	1	1	1	1	2	1
11263	53	30	1	1	1	1	2	1
11264	53	30	1	1	1	1	2	1
11265	53	30	1	1	1	1	2	1
11266	53	30	1	1	1	1	2	1
11267	53	30	1	1	1	1	2	1
11268	53	30	1	1	1	1	2	1
11269	53	30	1	1	1	1	2	1
11270	53	30	1	1	1	1	2	1
11271	53	30	1	1	1	1	2	1
11272	53	30	1	1	1	1	2	1
11273	53	30	1	1	1	1	2	1
11274	53	30	1	1	1	1	2	1
11275	53	30	1	1	1	1	2	1
11276	53	30	1	1	1	1	2	1
11277	53	30	1	1	1	1	2	1
11278	53	30	1	1	1	1	2	1
11279	53	30	1	1	1	1	2	1
11280	53	30	1	1	1	1	2	1
11281	53	30	1	1	1	1	2	1
11282	53	30	1	1	1	1	2	1
11283	53	30	1	1	1	1	2	1
11284	53	30	1	1	1	1	2	1
11285	53	30	1	1	1	1	2	1
11286	53	30	1	1	1	1	2	1
11287	53	30	1	1	1	1	2	1
11288	53	30	1	1	1	1	2	1
11289	53	30	1	1	1	1	2	1
11290	53	30	1	1	1	1	2	1
11291	53	30	1	1	1	1	2	1
11292	53	30	1	1	1	1	2	1
11293	53	30	1	1	1	1	2	1
11294	53	30	1	1	1	1	2	1
11295	53	30	1	1	1	1	2	1
11296	53	30	1	1	1	1	2	1
11297	53	30	1	1	1	1	2	1
11298	53	30	1	1	1	1	2	1
11299	53	30	1	1	1	1	2	1
11300	53	30	1	1	1	1	2	1
11301	53	30	1	1	1	1	2	1
11302	53	30	1	1	1	1	2	1
11303	53	30	1	1	1	1	2	1
11304	53	30	1	1	1	1	2	1
11305	53	30	1	1	1	1	2	1
11306	53	30	1	1	1	1	2	1
11307	53	30	1	1	1	1	2	1
11308	53	30	1	1	1	1	2	1
11309	53	30	1	1	1	1	2	1
11310	53	30	1	1	1	1	2	1
11311	53	30	1	1	1	1	2	1
11312	53	30	1	1	1	1	2	1
11313	53	30	1	1	1	1	2	1
11314	53	30	1	1	1	1	2	1
11315	53	30	1	1	1	1	2	1
11316	53	30	1	1	1	1	2	1
11317	53	30	1	1	1	1	2	1
11318	53	30	1	1	1	1	2	1
11319	53	30	1	1	1	1	2	1
11320	53	30	1	1	1	1	2	1
11321	53	30	1	1	1	1	2	1
11322	53	30	1	1	1	1	2	1
11323	53	30	1	1	1	1	2	1
11324	53	30	1	1	1	1	2	1
11325	53	30	1	1	1	1	2	1
11326	53	30	1	1	1	1	2	1
11327	53	30	1	1	1	1	2	1
11328	53	30	1	1	1	1	2	1
11329	53	30	1	1	1	1	2	1
11330	53	30	1	1	1	1	2	1
11331	53	30	1	1	1	1	2	1
11332	53	30	1	1	1	1	2	1
11333	53	30	1	1	1	1	2	1
11334	53	30	1	1	1	1	2	1
11335	53	30	1	1	1	1	2	1
11336	53	30	1	1	1	1	2	1
11337	53	30	1	1	1	1	2	1
11338	53	30	1	1	1	1	2	1
11339	53	30	1	1	1	1	2	1
11340	53	30	1	1	1	1	2	1
11341	53	30	1	1	1	1	2	1
11342	53	30	1	1	1	1	2	1
11343	53	30	1	1	1	1	2	1
11344	53	30	1	1	1	1	2	1
11345	53	30	1	1	1	1	2	1
11346	53	30	1	1	1	1	2	1
11347	53	30	1	1	1	1	2	1
11348	53	30	1	1	1	1	2	1
11349	53	30	1	1	1	1	2	1
11350	53	30	1	1	1	1	2	1
11351	53	30	1	1	1	1	2	1
11352	53	30	1	1	1	1	2	1
11353	53	30	1	1	1	1	2	1
11354	53	30	1	1	1	1	2	1
11355	53	30	1	1	1	1	2	1
11356	53	30	1	1	1	1	2	1
11357	53	30	1	1	1	1	2	1
11358	53	30	1	1	1	1	2	1
11359	53	30	1	1	1	1	2	1
11360	53	30	1	1	1	1	2	1
11361	53	30	1	1	1	1	2	1
11362	53	30	1	1	1	1	2	1
11363	53	30	1	1	1	1	2	1
11364	53	30	1	1	1	1	2	1
11365	53	30	1	1	1	1	2	1
11366	53	30	1	1	1	1	2	1
11367	53	30	1	1	1	1	2	1
11368	53	30	1	1	1	1	2	1
11369	53	30	1	1	1	1	2	1
11370	53	30	1	1	1	1	2	1
11371	53	30	1	1	1	1	2	1
11372	53	30	1	1	1	1	2	1
11373	53	30	1	1	1	1	2	1
11374	53	30	1	1	1	1	2	1
11375	53	30	1	1	1	1	2	1
11376	53	30	1	1	1	1	2	1
11377	53	30	1	1	1	1	2	1
11378	53	30	1	1	1	1	2	1
11379	53	30	1	1	1	1	2	1
11380	53	30	1	1	1	1	2	1
11381	53	30	1	1	1	1	2	1
11382	53	30	1	1	1	1	2	1
11383	53	30	1	1	1	1	2	1
11384	53	30	1	1	1	1	2	1
11385	53	30	1	1	1	1	2	1
11386	53	30	1	1	1	1	2	1
11387	53	30	1	1	1	1	2	1
11388	53	30	1	1	1	1	2	1
11389	53	30	1	1	1	1	2	1
11390	53	30	1	1	1	1	2	1
11391	53	30	1	1	1	1	2	1
11392	53	30	1	1	1	1	2	1
11393	53	30	1	1	1	1	2	1
11394	53	30	1	1	1	1	2	1
11395	53	30	1	1	1	1	2	1
11396	53	30	1	1	1	1	2	1
11397	53	30	1	1	1	1	2	1
11398	53	30	1	1	1	1	2	1
11399	53	30	1	1	1	1	2	1
11400	53	30	1	1	1	1	2	1
11401	53	30	1	1	1	1	2	1
11402	53	30	1	1	1	1	2	1
11403	53	30	1	1	1	1	2	1
11404	53	30	1	1	1	1	2	1
11405	53	30	1	1	1	1	2	1
11406	53	30	1	1	1	1	2	1
11407	53	30	1	1	1	1	2	1
11408	53	30	1	1	1	1	2	1
11409	53	30	1	1	1	1	2	1
11410	53	30	1	1	1	1	2	1
11411	53	30	1	1	1	1	2	1
11412	53	30	1	1	1	1	2	1
11413	53	30	1	1	1	1	2	1
11414	53	30	1	1	1	1	2	1
11415	53	30	1	1	1	1	2	1
11416	53	30	1	1	1	1	2	1
11417	53	30	1	1	1	1	2	1
11418	53	30	1	1	1	1	2	1
11419	53	30	1	1	1	1	2	1
11420	53	30	1	1	1	1	2	1
11421	53	30	1	1	1	1	2	1
11422	53	30	1	1	1	1	2	1
11423	53	30	1	1	1	1	2	1
11424	53	30	1	1	1	1	2	1
11425	53	30	1	1	1	1	2	1
11426	53	30	1	1	1	1	2	1
11427	53	30	1	1	1	1	2	1
11428	53	30	1	1	1	1	2	1
11429	53	30	1	1	1	1	2	1
11430	53	30	1	1	1	1	2	1
11431	53	30	1	1	1	1	2	1
11432	53	30	1	1	1	1	2	1
11433	53	30	1	1	1	1	2	1
11434	53	30	1	1	1	1	2	1
11435	53	30	1	1	1	1	2	1
11436	53	30	1	1	1	1	2	1
11437	53	30	1	1	1	1	2	1
11438	53	30	1	1	1	1	2	1
11439	53	30	1	1	1	1	2	1
11440	53	30	1	1	1	1	2	1
11441	53	30	1	1	1	1	2	1
11442	53	30	1	1	1	1	2	1
11443	53	30	1	1	1	1	2	1
11444	53	30	1	1	1	1	2	1
11445	53	30	1	1	1	1	2	1
11446	53	30	1	1	1	1	2	1
11447	53	30	1	1	1	1	2	1
11448	53	30	1	1	1	1	2	1
11449	53	30	1	1	1	1	2	1
11450	53	30	1	1	1	1	2	1
11451	53	30	1	1	1	1	2	1
11452	53	30	1	1	1	1	2	1
11453	53	30	1	1	1	1	2	1
11454	53	30	1	1	1	1	2	1
11455	53	30	1	1	1	1	2	1
11456	53	30	1	1	1	1	2	1
11457	53	30	1	1	1	1	2	1
11458	53	30	1	1	1	1	2	1
11459	53	30	1	1	1	1	2	1
11460	53	30	1	1	1	1	2	1
11461	53	30	1	1	1	1	2	1
11462	53	30	1	1	1	1	2	1
11463	53	30	1	1	1	1	2	1
11464	53	30	1	1	1	1	2	1
11465	53	30	1	1	1	1	2	1
11466	53	30	1	1	1	1	2	1
11467	53	30	1	1	1	1	2	1
11468	53	30	1	1	1	1	2	1
11469	53	30	1	1	1	1	2	1
11470	53	30	1	1	1	1	2	1
11471	53	30	1	1	1	1	2	1
11472	53	30	1	1	1	1	2	1
11473	53	30	1	1	1	1	2	1
11474	53	30	1	1	1	1	2	1
11475	53	30	1	1	1	1	2	1
11476	53	30	1	1	1	1	2	1
11477	53	30	1	1	1	1	2	1
11478	53	30	1	1	1	1	2	1
11479	53	30	1	1	1	1	2	1
11480	53	30	1	1	1	1	2	1
11481	53	30	1	1	1	1	2	1
11482	53	30	1	1	1	1	2	1
11483	53	30	1	1	1	1	2	1
11484	53	30	1	1	1	1	2	1
11485	53	30	1	1	1	1	2	1
11486	53	30	1	1	1	1	2	1
11487	53	30	1	1	1	1	2	1
11488	53	30	1	1	1	1	2	1
11489	53	30	1	1	1	1	2	1
11490	53	30	1	1	1	1	2	1
11491	53	30	1	1	1	1	2	1
11492	53	30	1	1	1	1	2	1
11493	53	30	1	1	1	1	2	1
11494	53	30	1	1	1	1	2	1
11495	53	30	1	1	1	1	2	1
11496	53	30	1	1	1	1	2	1
11497	53	30	1	1	1	1	2	1
11498	53	30	1	1	1	1	2	1
11499	53	30	1	1	1	1	2	1
11500	53	30	1	1	1	1	2	1
11501	53	30	1	1	1	1	2	1
11502	53	30	1	1	1	1	2	1
11503	53	30	1	1	1	1	2	1
11504	53	30	1	1	1	1	2	1
11505	53	30	1	1	1	1	2	1
11506	53	30	1	1	1	1	2	1
11507	53	30	1	1	1	1	2	1
11508	53	30	1	1	1	1	2	1
11509	53	30	1	1	1	1	2	1
11510	53	30	1	1	1	1	2	1
11511	53	30	1	1	1	1	2	1
11512	53	30	1	1	1	1	2	1
11513	53	30	1	1	1	1	2	1
11514	53	30	1	1	1	1	2	1
11515	53	30	1	1	1	1	2	1
11516	53	30	1	1	1	1	2	1
11517	53	30	1	1	1	1	2	1
11518	53	30	1	1	1	1	2	1
11519	53	30	1	1	1	1	2	1
11520	53	30	1	1	1	1	2	1
11521	53	30	1	1	1	1	2	1
11522	53	30	1	1	1	1	2	1
11523	53	30	1	1	1	1	2	1
11524	53	30	1	1	1	1	2	1
11525	53	30	1	1	1	1	2	1
11526	53	30	1	1	1	1	2	1
11527	53	30	1	1	1	1	2	1
11528	53	30	1	1	1	1	2	1
11529	53	30	1	1	1	1	2	1
11530	53	30	1	1	1	1	2	1
11531	53	30	1	1	1	1	2	1
11532	53	30	1	1	1	1	2	1
11533	53	30	1	1	1	1	2	1
11534	53	30	1	1	1	1	2	1
11535	53	30	1	1	1	1	2	1
11536	53	30	1	1	1	1	2	1
11537	53	30	1	1	1	1	2	1
11538	53	30	1	1	1	1	2	1
11539	53	30	1	1	1	1	2	1
11540	53	30	1	1	1	1	2	1
11541	53	30	1	1	1	1	2	1
11542	53	30	1	1	1	1	2	1
11543	53	30	1	1	1	1	2	1
11544	53	30	1	1	1	1	2	1
11545	53	30	1	1	1	1	2	1
11546	53	30	1	1	1	1	2	1
11547	53	30	1	1	1	1	2	1
11548	53	30	1	1	1	1	2	1
11549	53	30	1	1	1	1	2	1
11550	53	30	1	1	1	1	2	1
11551	53	30	1	1	1	1	2	1
11552	53	30	1	1	1	1	2	1
11553	53	30	1	1	1	1	2	1
11554	53	30	1	1	1	1	2	1
11555	53	30	1	1	1	1	2	1
11556	53	30	1	1	1	1	2	1
11557	53	30	1	1	1	1	2	1
11558	53	30	1	1	1	1	2	1
11559	53	30	1	1	1	1	2	1
11560	53	30	1	1	1	1	2	1
11561	53	30	1	1	1	1	2	1
11562	53	30	1	1	1	1	2	1
11563	53	30	1	1	1	1	2	1
11564	53	30	1	1	1	1	2	1
11565	53	30	1	1	1	1	2	1
11566	53	30	1	1	1	1	2	1
11567	53	30	1	1	1	1	2	1
11568	53	30	1	1	1	1	2	1
11569	53	30	1	1	1	1	2	1
11570	53	30	1	1	1	1	2	1
11571	53	30	1	1	1	1	2	1
11572	53	30	1	1	1	1	2	1
11573	53	30	1	1	1	1	2	1
11574	53	30	1	1	1	1	2	1
11575	53	30	1	1	1	1	2	1
11576	53	30	1	1	1	1	2	1
11577	53	30	1	1	1	1	2	1
11578	53	30	1	1	1	1	2	1
11579	53	30	1	1	1	1	2	1
11580	53	30	1	1	1	1	2	1
11581	53	30	1	1	1	1	2	1
11582	53	30	1	1	1	1	2	1
11583	53	30	1	1	1	1	2	1
11584	53	30	1	1	1	1	2	1
11585	53	30	1	1	1	1	2	1
11586	53	30	1	1	1	1	2	1
11587	53	30	1	1	1	1	2	1
11588	53	30	1	1	1	1	2	1
11589	53	30	1	1	1	1	2	1
11590	53	30	1	1	1	1	2	1
11591	53	30	1	1	1	1	2	1
11592	53	30	1	1	1	1	2	1
11593	53	30	1	1	1	1	2	1
11594	53	30	1	1	1	1	2	1
11595	53	30	1	1	1	1	2	1
11596	53	30	1	1	1	1	2	1
11597	53	30	1	1	1	1	2	1
11598	53	30	1	1	1	1	2	1
11599	53	30	1	1	1	1	2	1
11600	53	30	1	1	1	1	2	1
11601	53	30	1	1	1	1	2	1
11602	53	30	1	1	1	1	2	1
11603	53	30	1	1	1	1	2	1
11604	53	30	1	1	1	1	2	1
11605	53	30	1	1	1	1	2	1
11606	53	30	1	1	1	1	2	1
11607	53	30	1	1	1	1	2	1
11608	53	30	1	1	1	1	2	1
11609	53	30	1	1	1	1	2	1
11610	53	30	1	1	1	1	2	1
11611	53	30	1	1	1	1	2	1
11612	53	30	1	1	1	1	2	1
11613	53	30	1	1	1	1	2	1
11614	53	30	1	1	1	1	2	1
11615	53	30	1	1	1	1	2	1
11616	53	30	1	1	1	1	2	1
11617	53	30	1	1	1	1	2	1
11618	53	30	1	1	1	1	2	1
11619	53	30	1	1	1	1	2	1
11620	53	30	1	1	1	1	2	1
11621	53	30	1	1	1	1	2	1
11622	53	30	1	1	1	1	2	1
11623	53	30	1	1	1	1	2	1
11624	53	30	1	1	1	1	2	1
11625	53	30	1	1	1	1	2	1
11626	53	30	1	1	1	1	2	1
11627	53	30	1	1	1	1	2	1
11628	53	30	1	1	1	1	2	1
11629	53	30	1	1	1	1	2	1
11630	53	30	1	1	1	1	2	1
11631	53	30	1	1	1	1	2	1
11632	53	30	1	1	1	1	2	1
11633	53	30	1	1	1	1	2	1
11634	53	30	1	1	1	1	2	1
11635	53	30	1	1	1	1	2	1
11636	53	30	1	1	1	1	2	1
11637	53	30	1	1	1	1	2	1
11638	53	30	1	1	1	1	2	1
11639	53	30	1	1	1	1	2	1
11640	53	30	1	1	1	1	2	1
11641	53	30	1	1	1	1	2	1
11642	53	30	1	1	1	1	2	1
11643	53	30	1	1	1	1	2	1
11644	53	30	1	1	1	1	2	1
11645	53	30	1	1	1	1	2	1
11646	53	30	1	1	1	1	2	1
11647	53	30	1	1	1	1	2	1
11648	53	30	1	1	1	1	2	1
11649	53	30	1	1	1	1	2	1
11650	53	30	1	1	1	1	2	1
11651	53	30	1	1	1	1	2	1
11652	53	30	1	1	1	1	2	1
11653	53	30	1	1	1	1	2	1
11654	53	30	1	1	1	1	2	1
11655	53	30	1	1	1	1	2	1
11656	53	30	1	1	1	1	2	1
11657	53	30	1	1	1	1	2	1
11658	53	30	1	1	1	1	2	1
11659	53	30	1	1	1	1	2	1
11660	53	30	1	1	1	1	2	1
11661	53	30	1	1	1	1	2	1
11662	53	30	1	1	1	1	2	1
11663	53	30	1	1	1	1	2	1
11664	53	30	1	1	1	1	2	1
11665	53	30	1	1	1	1	2	1
11666	53	30	1	1	1	1	2	1
11667	53	30	1	1	1	1	2	1
11668	53	30	1	1	1	1	2	1
11669	53	30	1	1	1	1	2	1
11670	53	30	1	1	1	1	2	1
11671	53	30	1	1	1	1	2	1
11672	53	30	1	1	1	1	2	1
11673	53	30	1	1	1	1	2	1
11674	53	30	1	1	1	1	2	1
11675	53	30	1	1	1	1	2	1
11676	53	30	1	1	1	1	2	1
11677	53	30	1	1	1	1	2	1
11678	53	30	1	1	1	1	2	1
11679	53	30	1	1	1	1	2	1
11680	53	30	1	1	1	1	2	1
11681	53	30	1	1	1	1	2	1
11682	53	30	1	1	1	1	2	1
11683	53	30	1	1	1	1	2	1
11684	53	30	1	1	1	1	2	1
11685	53	30	1	1	1	1	2	1
11686	53	30	1	1	1	1	2	1
11687	53	30	1	1	1	1	2	1
11688	53	30	1	1	1	1	2	1
11689	53	30	1	1	1	1	2	1
11690	53	30	1	1	1	1	2	1
11691	53	30	1	1	1	1	2	1
11692	53	30	1	1	1	1	2	1
11693	53	30	1	1	1	1	2	1
11694	53	30	1	1	1	1	2	1
11695	53	30	1	1	1	1	2	1
11696	53	30	1	1	1	1	2	1
11697	53	30	1	1	1	1	2	1
11698	53	30	1	1	1	1	2	1
11699	53	30	1	1	1	1	2	1
11700	53	30	1	1	1	1	2	1
11701	53	30	1	1	1	1	2	1
11702	53	30	1	1	1	1	2	1
11703	53	30	1	1	1	1	2	1
11704	53	30	1	1	1	1	2	1
11705	53	30	1	1	1	1	2	1
11706	53	30	1	1	1	1	2	1
11707	53	30	1	1	1	1	2	1
11708	53	30	1	1	1	1	2	1
11709	53	30	1	1	1	1	2	1
11710	53	30	1	1	1	1	2	1
11711	53	30	1	1	1	1	2	1
11712	53	30	1	1	1	1	2	1
11713	53	30	1	1	1	1	2	1
11714	53	30	1	1	1	1	2	1
11715	53	30	1	1	1	1	2	1
11716	53	30	1	1	1	1	2	1
11717	53	30	1	1	1	1	2	1
11718	53	30	1	1	1	1	2	1
11719	53	30	1	1	1	1	2	1
11720	53	30	1	1	1	1	2	1
11721	53	30	1	1	1	1	2	1
11722	53	30	1	1	1	1	2	1
11723	53	30	1	1	1	1	2	1
11724	53	30	1	1	1	1	2	1
11725	53	30	1	1	1	1	2	1
11726	53	30	1	1	1	1	2	1
11727	53	30	1	1	1	1	2	1
11728	53	30	1	1	1	1	2	1
11729	53	30	1	1	1	1	2	1
11730	53	30	1	1	1	1	2	1
11731	53	30	1	1	1	1	2	1
11732	53	30	1	1	1	1	2	1
11733	53	30	1	1	1	1	2	1
11734	53	30	1	1	1	1	2	1
11735	53	30	1	1	1	1	2	1
11736	53	30	1	1	1	1	2	1
11737	53	30	1	1	1	1	2	1
11738	53	30	1	1	1	1	2	1
11739	53	30	1	1	1	1	2	1
11740	53	30	1	1	1	1	2	1
11741	53	30	1	1	1	1	2	1
11742	53	30	1	1	1	1	2	1
11743	53	30	1	1	1	1	2	1
11744	53	30	1	1	1	1	2	1
11745	53	30	1	1	1	1	2	1
11746	53	30	1	1	1	1	2	1
11747	53	30	1	1	1	1	2	1
11748	53	30	1	1	1	1	2	1
11749	53	30	1	1	1	1	2	1
11750	53	30	1	1	1	1	2	1
11751	53	30	1	1	1	1	2	1
11752	53	30	1	1	1	1	2	1
11753	53	30	1	1	1	1	2	1
11754	53	30	1	1	1	1	2	1
11755	53	30	1	1	1	1	2	1
11756	53	30	1	1	1	1	2	1
11757	53	30	1	1	1	1	2	1
11758	53	30	1	1	1	1	2	1
11759	53	30	1	1	1	1	2	1
11760	53	30	1	1	1	1	2	1
11761	53	30	1	1	1	1	2	1
11762	53	30	1	1	1	1	2	1
11763	53	30	1	1	1	1	2	1
11764	53	30	1	1	1	1	2	1
11765	53	30	1	1	1	1	2	1
11766	53	30	1	1	1	1	2	1
11767	53	30	1	1	1	1	2	1
11768	53	30	1	1	1	1	2	1
11769	53	30	1	1	1	1	2	1
11770	53	30	1	1	1	1	2	1
11771	53	30	1	1	1	1	2	1
11772	53	30	1	1	1	1	2	1
11773	53	30	1	1	1	1	2	1
11774	53	30	1	1	1	1	2	1
11775	53	30	1	1	1	1	2	1
11776	53	30	1	1	1	1	2	1
11777	53	30	1	1	1	1	2	1
11778	53	30	1	1	1	1	2	1
11779	53	30	1	1	1	1	2	1
11780	53	30	1	1	1	1	2	1
11781	53	30	1	1	1	1	2	1
11782	53	30	1	1	1	1	2	1
11783	53	30	1	1	1	1	2	1
11784	53	30	1	1	1	1	2	1
11785	53	30	1	1	1	1	2	1
11786	53	30	1	1	1	1	2	1
11787	53	30	1	1	1	1	2	1
11788	53	30	1	1	1	1	2	1
11789	53	30	1	1	1	1	2	1
11790	53	30	1	1	1	1	2	1
11791	53	30	1	1	1	1	2	1
11792	53	30	1	1	1	1	2	1
11793	53	30	1	1	1	1	2	1
11794	53	30	1	1	1	1	2	1
11795	53	30	1	1	1	1	2	1
11796	53	30	1	1	1	1	2	1
11797	53	30	1	1	1	1	2	1
11798	53	30	1	1	1	1	2	1
11799	53	30	1	1	1	1	2	1
11800	53	30	1	1	1	1	2	1
11801	53	30	1	1	1	1	2	1
11802	53	30	1	1	1	1	2	1
11803	53	30	1	1	1	1	2	1
11804	53	30	1	1	1	1	2	1
11805	53	30	1	1	1	1	2	1
11806	53	30	1	1	1	1	2	1
11807	53	30	1	1	1	1	2	1
11808	53	30	1	1	1	1	2	1
11809	53	30	1	1	1	1	2	1
11810	53	30	1	1	1	1	2	1
11811	53	30	1	1	1	1	2	1
11812	53	30	1	1	1	1	2	1
11813	53	30	1	1	1	1	2	1
11814	53	30	1	1	1	1	2	1
11815	53	30	1	1	1	1	2	1
11816	53	30	1	1	1	1	2	1
11817	53	30	1	1	1	1	2	1
11818	53	30	1	1	1	1	2	1
11819	53	30	1	1	1	1	2	1
11820	53	30	1	1	1	1	2	1
11821	53	30	1	1	1	1	2	1
11822	53	30	1	1	1	1	2	1
11823	53	30	1	1	1	1	2	1
11824	53	30	1	1	1	1	2	1
11825	53	30	1	1	1	1	2	1
11826	53	30	1	1	1	1	2	1
11827	53	30	1	1	1	1	2	1
11828	53	30	1	1	1	1	2	1
11829	53	30	1	1	1	1	2	1
11830	53	30	1	1	1	1	2	1
11831	53	30	1	1	1	1	2	1
11832	53	30	1	1	1	1	2	1
11833	53	30	1	1	1	1	2	1
11834	53	30	1	1	1	1	2	1
11835	53	30	1	1	1	1	2	1
11836	53	30	1	1	1	1	2	1
11837	53	30	1	1	1	1	2	1
11838	53	30	1	1	1	1	2	1
11839	53	30	1	1	1	1	2	1
11840	53	30	1	1	1	1	2	1
11841	53	30	1	1	1	1	2	1
11842	53	30	1	1	1	1	2	1
11843	53	30	1	1	1	1	2	1
11844	53	30	1	1	1	1	2	1
11845	53	30	1	1	1	1	2	1
11846	53	30	1	1	1	1	2	1
11847	53	30	1	1	1	1	2	1
11848	53	30	1	1	1	1	2	1
11849	53	30	1	1	1	1	2	1
11850	53	30	1	1	1	1	2	1
11851	53	30	1	1	1	1	2	1
11852	53	30	1	1	1	1	2	1
11853	53	30	1	1	1	1	2	1
11854	53	30	1	1	1	1	2	1
11855	53	30	1	1	1	1	2	1
11856	53	30	1	1	1	1	2	1
11857	53	30	1	1	1	1	2	1
11858	53	30	1	1	1	1	2	1
11859	53	30	1	1	1	1	2	1
11860	53	30	1	1	1	1	2	1
11861	53	30	1	1	1	1	2	1
11862	53	30	1	1	1	1	2	1
11863	53	30	1	1	1	1	2	1
11864	53	30	1	1	1	1	2	1
11865	53	30	1	1	1	1	2	1
11866	53	30	1	1	1	1	2	1
11867	53	30	1	1	1	1	2	1
11868	53	30	1	1	1	1	2	1
11869	53	30	1	1	1	1	2	1
11870	53	30	1	1	1	1	2	1
11871	53	30	1	1	1	1	2	1
11872	53	30	1	1	1	1	2	1
11873	53	30	1	1	1	1	2	1
11874	53	30	1	1	1	1	2	1
11875	53	30	1	1	1	1	2	1
11876	53	30	1	1	1	1	2	1
11877	53	30	1	1	1	1	2	1
11878	53	30	1	1	1	1	2	1
11879	53	30	1	1	1	1	2	1
11880	53	30	1	1	1	1	2	1
11881	53	30	1	1	1	1	2	1
11882	53	30	1	1	1	1	2	1
11883	53	30	1	1	1	1	2	1
11884	53	30	1	1	1	1	2	1
11885	53	30	1	1	1	1	2	1
11886	53	30	1	1	1	1	2	1
11887	53	30	1	1	1	1	2	1
11888	53	30	1	1	1	1	2	1
11889	53	30	1	1	1	1	2	1
11890	53	30	1	1	1	1	2	1
11891	53	30	1	1	1	1	2	1
11892	53	30	1	1	1	1	2	1
11893	53	30	1	1	1	1	2	1
11894	53	30	1	1	1	1	2	1
11895	53	30	1	1	1	1	2	1
11896	53	30	1	1	1	1	2	1
11897	53	30	1	1	1	1	2	1
11898	53	30	1	1	1	1	2	1
11899	53	30	1	1	1	1	2	1
11900	53	30	1	1	1	1	2	1
11901	53	30	1	1	1	1	2	1
11902	53	30	1	1	1	1	2	1
11903	53	30	1	1	1	1	2	1
11904	53	30	1	1	1	1	2	1
11905	53	30	1	1	1	1	2	1
11906	53	30	1	1	1	1	2	1
11907	53	30	1	1	1	1	2	1
11908	53	30	1	1	1	1	2	1
11909	53	30	1	1	1	1	2	1
11910	53	30	1	1	1	1	2	1
11911	53	30	1	1	1	1	2	1
11912	53	30	1	1	1	1	2	1
11913	53	30	1	1	1	1	2	1
11914	53	30	1	1	1	1	2	1
11915	53	30	1	1	1	1	2	1
11916	53	30	1	1	1	1	2	1
11917	53	30	1	1	1	1	2	1
11918	53	30	1	1	1	1	2	1
11919	53	30	1	1	1	1	2	1
11920	53	30	1	1	1	1	2	1
11921	53	30	1	1	1	1	2	1
11922	53	30	1	1	1	1	2	1
11923	53	30	1	1	1	1	2	1
11924	53	30	1	1	1	1	2	1
11925	53	30	1	1	1	1	2	1
11926	53	30	1	1	1	1	2	1
11927	53	30	1	1	1	1	2	1
11928	53	30	1	1	1	1	2	1
11929	53	30	1	1	1	1	2	1
11930	53	30	1	1	1	1	2	1
11931	53	30	1	1	1	1	2	1
11932	53	30	1	1	1	1	2	1
11933	53	30	1	1	1	1	2	1
11934	53	30	1	1	1	1	2	1
11935	53	30	1	1	1	1	2	1
11936	53	30	1	1	1	1	2	1
11937	53	30	1	1	1	1	2	1
11938	53	30	1	1	1	1	2	1
11939	53	30	1	1	1	1	2	1
11940	53	30	1	1	1	1	2	1
11941	53	30	1	1	1	1	2	1
11942	53	30	1	1	1	1	2	1
11943	53	30	1	1	1	1	2	1
11944	53	30	1	1	1	1	2	1
11945	53	30	1	1	1	1	2	1
11946	53	30	1	1	1	1	2	1
11947	53	30	1	1	1	1	2	1
11948	53	30	1	1	1	1	2	1
11949	53	30	1	1	1	1	2	1
11950	53	30	1	1	1	1	2	1
11951	53	30	1	1	1	1	2	1
11952	53	30	1	1	1	1	2	1
11953	53	30	1	1	1	1	2	1
11954	53	30	1	1	1	1	2	1
11955	53	30	1	1	1	1	2	1
11956	53	30	1	1	1	1	2	1
11957	53	30	1	1	1	1	2	1
11958	53	30	1	1	1	1	2	1
11959	53	30	1	1	1	1	2	1
11960	53	30	1	1	1	1	2	1
11961	53	30	1	1	1	1	2	1
11962	53	30	1	1	1	1	2	1
11963	53	30	1	1	1	1	2	1
11964	53	30	1	1	1	1	2	1
11965	53	30	1	1	1	1	2	1
11966	53	30	1	1	1	1	2	1
11967	53	30	1	1	1	1	2	1
11968	53	30	1	1	1	1	2	1
11969	53	30	1	1	1	1	2	1
11970	53	30	1	1	1	1	2	1
11971	53	30	1	1	1	1	2	1
11972	53	30	1	1	1	1	2	1
11973	53	30	1	1	1	1	2	1
11974	53	30	1	1	1	1	2	1
11975	53	30	1	1	1	1	2	1
11976	53	30	1	1	1	1	2	1
11977	53	30	1	1	1	1	2	1
11978	53	30	1	1	1	1	2	1
11979	53	30	1	1	1	1	2	1
11980	53	30	1	1	1	1	2	1
11981	53	30	1	1	1	1	2	1
11982	53	30	1	1	1	1	2	1
11983	53	30	1	1	1	1	2	1
11984	53	30	1	1	1	1	2	1
11985	53	30	1	1	1	1	2	1
11986	53	30	1	1	1	1	2	1
11987	53	30	1	1	1	1	2	1
11988	53	30	1	1	1	1	2	1
11989	53	30	1	1	1	1	2	1
11990	53	30	1	1	1	1	2	1
11991	53	30	1	1	1	1	2	1
11992	53	30	1	1	1	1	2	1
11993	53	30	1	1	1	1	2	1
11994	53	30	1	1	1	1	2	1
11995	53	30	1	1	1	1	2	1
11996	53	30	1	1	1	1	2	1
11997	53	30	1	1	1	1	2	1
11998	53	30	1	1	1	1	2	1
11999	53	30	1	1	1	1	2	1
12000	53	30	1	1	1	1	2	1
12001	53	30	1	1	1	1	2	1
12002	53	30	1	1	1	1	2	1
12003	53	30	1	1	1	1	2	1
12004	53	30	1	1	1	1	2	1
12005	53	30	1	1	1	1	2	1
12006	53	30	1	1	1	1	2	1
12007	53	30	1	1	1	1	2	1
12008	53	30	1	1	1	1	2	1
12009	53	30	1	1	1	1	2	1
12010	53	30	1	1	1	1	2	1
12011	53	30	1	1	1	1	2	1
12012	53	30	1	1	1	1	2	1
12013	53	30	1	1	1	1	2	1
12014	53	30	1	1	1	1	2	1
12015	53	30	1	1	1	1	2	1
12016	53	30	1	1	1	1	2	1
12017	53	30	1	1	1	1	2	1
12018	53	30	1	1	1	1	2	1
12019	53	30	1	1	1	1	2	1
12020	53	30	1	1	1	1	2	1
12021	53	30	1	1	1	1	2	1
12022	53	30	1	1	1	1	2	1
12023	53	30	1	1	1	1	2	1
12024	53	30	1	1	1	1	2	1
12025	53	30	1	1	1	1	2	1
12026	53	30	1	1	1	1	2	1
12027	53	30	1	1	1	1	2	1
12028	53	30	1	1	1	1	2	1
12029	53	30	1	1	1	1	2	1
12030	53	30	1	1	1	1	2	1
12031	53	30	1	1	1	1	2	1
12032	53	30	1	1	1	1	2	1
12033	53	30	1	1	1	1	2	1
12034	53	30	1	1	1	1	2	1
12035	53	30	1	1	1	1	2	1
12036	53	30	1	1	1	1	2	1
12037	53	30	1	1	1	1	2	1
12038	53	30	1	1	1	1	2	1
12039	53	30	1	1	1	1	2	1
12040	53	30	1	1	1	1	2	1
12041	53	30	1	1	1	1	2	1
12042	53	30	1	1	1	1	2	1
12043	53	30	1	1	1	1	2	1
12044	53	30	1	1	1	1	2	1
12045	53	30	1	1	1	1	2	1
12046	53	30	1	1	1	1	2	1
12047	53	30	1	1	1	1	2	1
12048	53	30	1	1	1	1	2	1
12049	53	30	1	1	1	1	2	1
12050	53	30	1	1	1	1	2	1
12051	53	30	1	1	1	1	2	1
12052	53	30	1	1	1	1	2	1
12053	53	30	1	1	1	1	2	1
12054	53	30	1	1	1	1	2	1
12055	53	30	1	1	1	1	2	1
12056	53	30	1	1	1	1	2	1
12057	53	30	1	1	1	1	2	1
12058	53	30	1	1	1	1	2	1
12059	53	30	1	1	1	1	2	1
12060	53	30	1	1	1	1	2	1
12061	53	30	1	1	1	1	2	1
12062	53	30	1	1	1	1	2	1
12063	53	30	1	1	1	1	2	1
12064	53	30	1	1	1	1	2	1
12065	53	30	1	1	1	1	2	1
12066	53	30	1	1	1	1	2	1
12067	53	30	1	1	1	1	2	1
12068	53	30	1	1	1	1	2	1
12069	53	30	1	1	1	1	2	1
12070	53	30	1	1	1	1	2	1
12071	53	30	1	1	1	1	2	1
12072	53	30	1	1	1	1	2	1
12073	53	30	1	1	1	1	2	1
12074	53	30	1	1	1	1	2	1
12075	53	30	1	1	1	1	2	1
12076	53	30	1	1	1	1	2	1
12077	53	30	1	1	1	1	2	1
12078	53	30	1	1	1	1	2	1
12079	53	30	1	1	1	1	2	1
12080	53	30	1	1	1	1	2	1
12081	53	30	1	1	1	1	2	1
12082	53	30	1	1	1	1	2	1
12083	53	30	1	1	1	1	2	1
12084	53	30	1	1	1	1	2	1
12085	53	30	1	1	1	1	2	1
12086	53	30	1	1	1	1	2	1
12087	53	30	1	1	1	1	2	1
12088	53	30	1	1	1	1	2	1
12089	53	30	1	1	1	1	2	1
12090	53	30	1	1	1	1	2	1
12091	53	30	1	1	1	1	2	1
12092	53	30	1	1	1	1	2	1
12093	53	30	1	1	1	1	2	1
12094	53	30	1	1	1	1	2	1
12095	53	30	1	1	1	1	2	1
12096	53	30	1	1	1	1	2	1
12097	53	30	1	1	1	1	2	1
12098	53	30	1	1	1	1	2	1
12099	53	30	1	1	1	1	2	1
12100	53	30	1	1	1	1	2	1
12101	53	30	1	1	1	1	2	1
12102	53	30	1	1	1	1	2	1
12103	53	30	1	1	1	1	2	1
12104	53	30	1	1	1	1	2	1
12105	53	30	1	1	1	1	2	1
12106	53	30	1	1	1	1	2	1
12107	53	30	1	1	1	1	2	1
12108	53	30	1	1	1	1	2	1
12109	53	30	1	1	1	1	2	1
12110	53	30	1	1	1	1	2	1
12111	53	30	1	1	1	1	2	1
12112	53	30	1	1	1	1	2	1
12113	53	30	1	1	1	1	2	1
12114	53	30	1	1	1	1	2	1
12115	53	30	1	1	1	1	2	1
12116	53	30	1	1	1	1	2	1
12117	53	30	1	1	1	1	2	1
12118	53	30	1	1	1	1	2	1
12119	53	30	1	1	1	1	2	1
12120	53	30	1	1	1	1	2	1
12121	53	30	1	1	1	1	2	1
12122	53	30	1	1	1	1	2	1
12123	53	30	1	1	1	1	2	1
12124	53	30	1	1	1	1	2	1
12125	53	30	1	1	1	1	2	1
12126	53	30	1	1	1	1	2	1
12127	53	30	1	1	1	1	2	1
12128	53	30	1	1	1	1	2	1
12129	53	30	1	1	1	1	2	1
12130	53	30	1	1	1	1	2	1
12131	53	30	1	1	1	1	2	1
12132	53	30	1	1	1	1	2	1
12133	53	30	1	1	1	1	2	1
12134	53	30	1	1	1	1	2	1
12135	53	30	1	1	1	1	2	1
12136	53	30	1	1	1	1	2	1
12137	53	30	1	1	1	1	2	1
12138	53	30	1	1	1	1	2	1
12139	53	30	1	1	1	1	2	1
12140	53	30	1	1	1	1	2	1
12141	53	30	1	1	1	1	2	1
12142	53	30	1	1	1	1	2	1
12143	53	30	1	1	1	1	2	1
12144	53	30	1	1	1	1	2	1
12145	53	30	1	1	1	1	2	1
12146	53	30	1	1	1	1	2	1
12147	53	30	1	1	1	1	2	1
12148	53	30	1	1	1	1	2	1
12149	53	30	1	1	1	1	2	1
12150	53	30	1	1	1	1	2	1
12151	53	30	1	1	1	1	2	1
12152	53	30	1	1	1	1	2	1
12153	53	30	1	1	1	1	2	1
12154	53	30	1	1	1	1	2	1
12155	53	30	1	1	1	1	2	1
12156	53	30	1	1	1	1	2	1
12157	53	30	1	1	1	1	2	1
12158	53	30	1	1	1	1	2	1
12159	53	30	1	1	1	1	2	1
12160	53	30	1	1	1	1	2	1
12161	53	30	1	1	1	1	2	1
12162	53	30	1	1	1	1	2	1
12163	53	30	1	1	1	1	2	1
12164	53	30	1	1	1	1	2	1
12165	53	30	1	1	1	1	2	1
12166	53	30	1	1	1	1	2	1
12167	53	30	1	1	1	1	2	1
12168	53	30	1	1	1	1	2	1
12169	53	30	1	1	1	1	2	1
12170	53	30	1	1	1	1	2	1
12171	53	30	1	1	1	1	2	1
12172	53	30	1	1	1	1	2	1
12173	53	30	1	1	1	1	2	1
12174	53	30	1	1	1	1	2	1
12175	53	30	1	1	1	1	2	1
12176	53	30	1	1	1	1	2	1
12177	53	30	1	1	1	1	2	1
12178	53	30	1	1	1	1	2	1
12179	53	30	1	1	1	1	2	1
12180	53	30	1	1	1	1	2	1
12181	53	30	1	1	1	1	2	1
12182	53	30	1	1	1	1	2	1
12183	53	30	1	1	1	1	2	1
12184	53	30	1	1	1	1	2	1
12185	53	30	1	1	1	1	2	1
12186	53	30	1	1	1	1	2	1
12187	53	30	1	1	1	1	2	1
12188	53	30	1	1	1	1	2	1
12189	53	30	1	1	1	1	2	1
12190	53	30	1	1	1	1	2	1
12191	53	30	1	1	1	1	2	1
12192	53	30	1	1	1	1	2	1
12193	53	30	1	1	1	1	2	1
12194	53	30	1	1	1	1	2	1
12195	53	30	1	1	1	1	2	1
12196	53	30	1	1	1	1	2	1
12197	53	30	1	1	1	1	2	1
12198	53	30	1	1	1	1	2	1
12199	53	30	1	1	1	1	2	1
12200	53	30	1	1	1	1	2	1
12201	53	30	1	1	1	1	2	1
12202	53	30	1	1	1	1	2	1
12203	53	30	1	1	1	1	2	1
12204	53	30	1	1	1	1	2	1
12205	53	30	1	1	1	1	2	1
12206	53	30	1	1	1	1	2	1
12207	53	30	1	1	1	1	2	1
12208	53	30	1	1	1	1	2	1
12209	53	30	1	1	1	1	2	1
12210	53	30	1	1	1	1	2	1
12211	53	30	1	1	1	1	2	1
12212	53	30	1	1	1	1	2	1
12213	53	30	1	1	1	1	2	1
12214	53	30	1	1	1	1	2	1
12215	53	30	1	1	1	1	2	1
12216	53	30	1	1	1	1	2	1
12217	53	30	1	1	1	1	2	1
12218	53	30	1	1	1	1	2	1
12219	53	30	1	1	1	1	2	1
12220	53	30	1	1	1	1	2	1
12221	53	30	1	1	1	1	2	1
12222	53	30	1	1	1	1	2	1
12223	53	30	1	1	1	1	2	1
12224	53	30	1	1	1	1	2	1
12225	53	30	1	1	1	1	2	1
12226	53	30	1	1	1	1	2	1
12227	53	30	1	1	1	1	2	1
12228	53	30	1	1	1	1	2	1
12229	53	30	1	1	1	1	2	1
12230	53	30	1	1	1	1	2	1
12231	53	30	1	1	1	1	2	1
12232	53	30	1	1	1	1	2	1
12233	53	30	1	1	1	1	2	1
12234	53	30	1	1	1	1	2	1
12235	53	30	1	1	1	1	2	1
12236	53	30	1	1	1	1	2	1
12237	53	30	1	1	1	1	2	1
12238	53	30	1	1	1	1	2	1
12239	53	30	1	1	1	1	2	1
12240	53	30	1	1	1	1	2	1
12241	53	30	1	1	1	1	2	1
12242	53	30	1	1	1	1	2	1
12243	53	30	1	1	1	1	2	1
12244	53	30	1	1	1	1	2	1
12245	53	30	1	1	1	1	2	1
12246	53	30	1	1	1	1	2	1
12247	53	30	1	1	1	1	2	1
12248	53	30	1	1	1	1	2	1
12249	53	30	1	1	1	1	2	1
12250	53	30	1	1	1	1	2	1
12251	53	30	1	1	1	1	2	1
12252	53	30	1	1	1	1	2	1
12253	53	30	1	1	1	1	2	1
12254	53	30	1	1	1	1	2	1
12255	53	30	1	1	1	1	2	1
12256	53	30	1	1	1	1	2	1
12257	53	30	1	1	1	1	2	1
12258	53	30	1	1	1	1	2	1
12259	53	30	1	1	1	1	2	1
12260	53	30	1	1	1	1	2	1
12261	53	30	1	1	1	1	2	1
12262	53	30	1	1	1	1	2	1
12263	53	30	1	1	1	1	2	1
12264	53	30	1	1	1	1	2	1
12265	53	30	1	1	1	1	2	1
12266	53	30	1	1	1	1	2	1
12267	53	30	1	1	1	1	2	1
12268	53	30	1	1	1	1	2	1
12269	53	30	1	1	1	1	2	1
12270	53	30	1	1	1	1	2	1
12271	53	30	1	1	1	1	2	1
12272	53	30	1	1	1	1	2	1
12273	53	30	1	1	1	1	2	1
12274	53	30	1	1	1	1	2	1
12275	53	30	1	1	1	1	2	1
12276	53	30	1	1	1	1	2	1
12277	53	30	1	1	1	1	2	1
12278	53	30	1	1	1	1	2	1
12279	53	30	1	1	1	1	2	1
12280	53	30	1	1	1	1	2	1
12281	53	30	1	1	1	1	2	1
12282	53	30	1	1	1	1	2	1
12283	53	30	1	1	1	1	2	1
12284	53	30	1	1	1	1	2	1
12285	53	30	1	1	1	1	2	1
12286	53	30	1	1	1	1	2	1
12287	53	30	1	1	1	1	2	1
12288	53	30	1	1	1	1	2	1
12289	53	30	1	1	1	1	2	1
12290	53	30	1	1	1	1	2	1
12291	53	30	1	1	1	1	2	1
12292	53	30	1	1	1	1	2	1
12293	53	30	1	1	1	1	2	1
12294	53	30	1	1	1	1	2	1
12295	53	30	1	1	1	1	2	1
12296	53	30	1	1	1	1	2	1
12297	53	30	1	1	1	1	2	1
12298	53	30	1	1	1	1	2	1
12299	53	30	1	1	1	1	2	1
12300	53	30	1	1	1	1	2	1
12301	53	30	1	1	1	1	2	1
12302	53	30	1	1	1	1	2	1
12303	53	30	1	1	1	1	2	1
12304	53	30	1	1	1	1	2	1
12305	53	30	1	1	1	1	2	1
12306	53	30	1	1	1	1	2	1
12307	53	30	1	1	1	1	2	1
12308	53	30	1	1	1	1	2	1
12309	53	30	1	1	1	1	2	1
12310	53	30	1	1	1	1	2	1
12311	53	30	1	1	1	1	2	1
12312	53	30	1	1	1	1	2	1
12313	53	30	1	1	1	1	2	1
12314	53	30	1	1	1	1	2	1
12315	53	30	1	1	1	1	2	1
12316	53	30	1	1	1	1	2	1
12317	53	30	1	1	1	1	2	1
12318	53	30	1	1	1	1	2	1
12319	53	30	1	1	1	1	2	1
12320	53	30	1	1	1	1	2	1
12321	53	30	1	1	1	1	2	1
12322	53	30	1	1	1	1	2	1
12323	53	30	1	1	1	1	2	1
12324	53	30	1	1	1	1	2	1
12325	53	30	1	1	1	1	2	1
12326	53	30	1	1	1	1	2	1
12327	53	30	1	1	1	1	2	1
12328	53	30	1	1	1	1	2	1
12329	53	30	1	1	1	1	2	1
12330	53	30	1	1	1	1	2	1
12331	53	30	1	1	1	1	2	1
12332	53	30	1	1	1	1	2	1
12333	53	30	1	1	1	1	2	1
12334	53	30	1	1	1	1	2	1
12335	53	30	1	1	1	1	2	1
12336	53	30	1	1	1	1	2	1
12337	53	30	1	1	1	1	2	1
12338	53	30	1	1	1	1	2	1
12339	53	30	1	1	1	1	2	1
12340	53	30	1	1	1	1	2	1
12341	53	30	1	1	1	1	2	1
12342	53	30	1	1	1	1	2	1
12343	53	30	1	1	1	1	2	1
12344	53	30	1	1	1	1	2	1
12345	53	30	1	1	1	1	2	1
12346	53	30	1	1	1	1	2	1
12347	53	30	1	1	1	1	2	1
12348	53	30	1	1	1	1	2	1
12349	53	30	1	1	1	1	2	1
12350	53	30	1	1	1	1	2	1
12351	53	30	1	1	1	1	2	1
12352	53	30	1	1	1	1	2	1
12353	53	30	1	1	1	1	2	1
12354	53	30	1	1	1	1	2	1
12355	53	30	1	1	1	1	2	1
12356	53	30	1	1	1	1	2	1
12357	53	30	1	1	1	1	2	1
12358	53	30	1	1	1	1	2	1
12359	53	30	1	1	1	1	2	1
12360	53	30	1	1	1	1	2	1
12361	53	30	1	1	1	1	2	1
12362	53	30	1	1	1	1	2	1
12363	53	30	1	1	1	1	2	1
12364	53	30	1	1	1	1	2	1
12365	53	30	1	1	1	1	2	1
12366	53	30	1	1	1	1	2	1
12367	53	30	1	1	1	1	2	1
12368	53	30	1	1	1	1	2	1
12369	53	30	1	1	1	1	2	1
12370	53	30	1	1	1	1	2	1
12371	53	30	1	1	1	1	2	1
12372	53	30	1	1	1	1	2	1
12373	53	30	1	1	1	1	2	1
12374	53	30	1	1	1	1	2	1
12375	53	30	1	1	1	1	2	1
12376	53	30	1	1	1	1	2	1
12377	53	30	1	1	1	1	2	1
12378	53	30	1	1	1	1	2	1
12379	53	30	1	1	1	1	2	1
12380	53	30	1	1	1	1	2	1
12381	53	30	1	1	1	1	2	1
12382	53	30	1	1	1	1	2	1
12383	53	30	1	1	1	1	2	1
12384	53	30	1	1	1	1	2	1
12385	53	30	1	1	1	1	2	1
12386	53	30	1	1	1	1	2	1
12387	53	30	1	1	1	1	2	1
12388	53	30	1	1	1	1	2	1
12389	53	30	1	1	1	1	2	1
12390	53	30	1	1	1	1	2	1
12391	53	30	1	1	1	1	2	1
12392	53	30	1	1	1	1	2	1
12393	53	30	1	1	1	1	2	1
12394	53	30	1	1	1	1	2	1
12395	53	30	1	1	1	1	2	1
12396	53	30	1	1	1	1	2	1
12397	53	30	1	1	1	1	2	1
12398	53	30	1	1	1	1	2	1
12399	53	30	1	1	1	1	2	1
12400	53	30	1	1	1	1	2	1
12401	53	30	1	1	1	1	2	1
12402	53	30	1	1	1	1	2	1
12403	53	30	1	1	1	1	2	1
12404	53	30	1	1	1	1	2	1
12405	53	30	1	1	1	1	2	1
12406	53	30	1	1	1	1	2	1
12407	53	30	1	1	1	1	2	1
12408	53	30	1	1	1	1	2	1
12409	53	30	1	1	1	1	2	1
12410	53	30	1	1	1	1	2	1
12411	53	30	1	1	1	1	2	1
12412	53	30	1	1	1	1	2	1
12413	53	30	1	1	1	1	2	1
12414	53	30	1	1	1	1	2	1
12415	53	30	1	1	1	1	2	1
12416	53	30	1	1	1	1	2	1
12417	53	30	1	1	1	1	2	1
12418	53	30	1	1	1	1	2	1
12419	53	30	1	1	1	1	2	1
12420	53	30	1	1	1	1	2	1
12421	53	30	1	1	1	1	2	1
12422	53	30	1	1	1	1	2	1
12423	53	30	1	1	1	1	2	1
12424	53	30	1	1	1	1	2	1
12425	53	30	1	1	1	1	2	1
12426	53	30	1	1	1	1	2	1
12427	53	30	1	1	1	1	2	1
12428	53	30	1	1	1	1	2	1
12429	53	30	1	1	1	1	2	1
12430	53	30	1	1	1	1	2	1
12431	53	30	1	1	1	1	2	1
12432	53	30	1	1	1	1	2	1
12433	53	30	1	1	1	1	2	1
12434	53	30	1	1	1	1	2	1
12435	53	30	1	1	1	1	2	1
12436	53	30	1	1	1	1	2	1
12437	53	30	1	1	1	1	2	1
12438	53	30	1	1	1	1	2	1
12439	53	30	1	1	1	1	2	1
12440	53	30	1	1	1	1	2	1
12441	53	30	1	1	1	1	2	1
12442	53	30	1	1	1	1	2	1
12443	53	30	1	1	1	1	2	1
12444	53	30	1	1	1	1	2	1
12445	53	30	1	1	1	1	2	1
12446	53	30	1	1	1	1	2	1
12447	53	30	1	1	1	1	2	1
12448	53	30	1	1	1	1	2	1
12449	53	30	1	1	1	1	2	1
12450	53	30	1	1	1	1	2	1
12451	53	30	1	1	1	1	2	1
12452	53	30	1	1	1	1	2	1
12453	53	30	1	1	1	1	2	1
12454	53	30	1	1	1	1	2	1
12455	53	30	1	1	1	1	2	1
12456	53	30	1	1	1	1	2	1
12457	53	30	1	1	1	1	2	1
12458	53	30	1	1	1	1	2	1
12459	53	30	1	1	1	1	2	1
12460	53	30	1	1	1	1	2	1
12461	53	30	1	1	1	1	2	1
12462	53	30	1	1	1	1	2	1
12463	53	30	1	1	1	1	2	1
12464	53	30	1	1	1	1	2	1
12465	53	30	1	1	1	1	2	1
12466	53	30	1	1	1	1	2	1
12467	53	30	1	1	1	1	2	1
12468	53	30	1	1	1	1	2	1
12469	53	30	1	1	1	1	2	1
12470	53	30	1	1	1	1	2	1
12471	53	30	1	1	1	1	2	1
12472	53	30	1	1	1	1	2	1
12473	53	30	1	1	1	1	2	1
12474	53	30	1	1	1	1	2	1
12475	53	30	1	1	1	1	2	1
12476	53	30	1	1	1	1	2	1
12477	53	30	1	1	1	1	2	1
12478	53	30	1	1	1	1	2	1
12479	53	30	1	1	1	1	2	1
12480	53	30	1	1	1	1	2	1
12481	53	30	1	1	1	1	2	1
12482	53	30	1	1	1	1	2	1
12483	53	30	1	1	1	1	2	1
12484	53	30	1	1	1	1	2	1
12485	53	30	1	1	1	1	2	1
12486	53	30	1	1	1	1	2	1
12487	53	30	1	1	1	1	2	1
12488	53	30	1	1	1	1	2	1
12489	53	30	1	1	1	1	2	1
12490	53	30	1	1	1	1	2	1
12491	53	30	1	1	1	1	2	1
12492	53	30	1	1	1	1	2	1
12493	53	30	1	1	1	1	2	1
12494	53	30	1	1	1	1	2	1
12495	53	30	1	1	1	1	2	1
12496	53	30	1	1	1	1	2	1
12497	53	30	1	1	1	1	2	1
12498	53	30	1	1	1	1	2	1
12499	53	30	1	1	1	1	2	1
12500	53	30	1	1	1	1	2	1
12501	53	30	1	1	1	1	2	1
12502	53	30	1	1	1	1	2	1
12503	53	30	1	1	1	1	2	1
12504	53	30	1	1	1	1	2	1
12505	53	30	1	1	1	1	2	1
12506	53	30	1	1	1	1	2	1
12507	53	30	1	1	1	1	2	1
12508	53	30	1	1	1	1	2	1
12509	53	30	1	1	1	1	2	1
12510	53	30	1	1	1	1	2	1
12511	53	30	1	1	1	1	2	1
12512	53	30	1	1	1	1	2	1
12513	53	30	1	1	1	1	2	1
12514	53	30	1	1	1	1	2	1
12515	53	30	1	1	1	1	2	1
12516	53	30	1	1	1	1	2	1
12517	53	30	1	1	1	1	2	1
12518	53	30	1	1	1	1	2	1
12519	53	30	1	1	1	1	2	1
12520	53	30	1	1	1	1	2	1
12521	53	30	1	1	1	1	2	1
12522	53	30	1	1	1	1	2	1
12523	53	30	1	1	1	1	2	1
12524	53	30	1	1	1	1	2	1
12525	53	30	1	1	1	1	2	1
12526	53	30	1	1	1	1	2	1
12527	53	30	1	1	1	1	2	1
12528	53	30	1	1	1	1	2	1
12529	53	30	1	1	1	1	2	1
12530	53	30	1	1	1	1	2	1
12531	53	30	1	1	1	1	2	1
12532	53	30	1	1	1	1	2	1
12533	53	30	1	1	1	1	2	1
12534	53	30	1	1	1	1	2	1
12535	53	30	1	1	1	1	2	1
12536	53	30	1	1	1	1	2	1
12537	53	30	1	1	1	1	2	1
12538	53	30	1	1	1	1	2	1
12539	53	30	1	1	1	1	2	1
12540	53	30	1	1	1	1	2	1
12541	53	30	1	1	1	1	2	1
12542	53	30	1	1	1	1	2	1
12543	53	30	1	1	1	1	2	1
12544	53	30	1	1	1	1	2	1
12545	53	30	1	1	1	1	2	1
12546	53	30	1	1	1	1	2	1
12547	53	30	1	1	1	1	2	1
12548	53	30	1	1	1	1	2	1
12549	53	30	1	1	1	1	2	1
12550	53	30	1	1	1	1	2	1
12551	53	30	1	1	1	1	2	1
12552	53	30	1	1	1	1	2	1
12553	53	30	1	1	1	1	2	1
12554	53	30	1	1	1	1	2	1
12555	53	30	1	1	1	1	2	1
12556	53	30	1	1	1	1	2	1
12557	53	30	1	1	1	1	2	1
12558	53	30	1	1	1	1	2	1
12559	53	30	1	1	1	1	2	1
12560	53	30	1	1	1	1	2	1
12561	53	30	1	1	1	1	2	1
12562	53	30	1	1	1	1	2	1
12563	53	30	1	1	1	1	2	1
12564	53	30	1	1	1	1	2	1
12565	53	30	1	1	1	1	2	1
12566	53	30	1	1	1	1	2	1
12567	53	30	1	1	1	1	2	1
12568	53	30	1	1	1	1	2	1
12569	53	30	1	1	1	1	2	1
12570	53	30	1	1	1	1	2	1
12571	53	30	1	1	1	1	2	1
12572	53	30	1	1	1	1	2	1
12573	53	30	1	1	1	1	2	1
12574	53	30	1	1	1	1	2	1
12575	53	30	1	1	1	1	2	1
12576	53	30	1	1	1	1	2	1
12577	53	30	1	1	1	1	2	1
12578	53	30	1	1	1	1	2	1
12579	53	30	1	1	1	1	2	1
12580	53	30	1	1	1	1	2	1
12581	53	30	1	1	1	1	2	1
12582	53	30	1	1	1	1	2	1
12583	53	30	1	1	1	1	2	1
12584	53	30	1	1	1	1	2	1
12585	53	30	1	1	1	1	2	1
12586	53	30	1	1	1	1	2	1
12587	53	30	1	1	1	1	2	1
12588	53	30	1	1	1	1	2	1
12589	53	30	1	1	1	1	2	1
12590	53	30	1	1	1	1	2	1
12591	53	30	1	1	1	1	2	1
12592	53	30	1	1	1	1	2	1
12593	53	30	1	1	1	1	2	1
12594	53	30	1	1	1	1	2	1
12595	53	30	1	1	1	1	2	1
12596	53	30	1	1	1	1	2	1
12597	53	30	1	1	1	1	2	1
12598	53	30	1	1	1	1	2	1
12599	53	30	1	1	1	1	2	1
12600	53	30	1	1	1	1	2	1
12601	53	30	1	1	1	1	2	1
12602	53	30	1	1	1	1	2	1
12603	53	30	1	1	1	1	2	1
12604	53	30	1	1	1	1	2	1
12605	53	30	1	1	1	1	2	1
12606	53	30	1	1	1	1	2	1
12607	53	30	1	1	1	1	2	1
12608	53	30	1	1	1	1	2	1
12609	53	30	1	1	1	1	2	1
12610	53	30	1	1	1	1	2	1
12611	53	30	1	1	1	1	2	1
12612	53	30	1	1	1	1	2	1
12613	53	30	1	1	1	1	2	1
12614	53	30	1	1	1	1	2	1
12615	53	30	1	1	1	1	2	1
12616	53	30	1	1	1	1	2	1
12617	53	30	1	1	1	1	2	1
12618	53	30	1	1	1	1	2	1
12619	53	30	1	1	1	1	2	1
12620	53	30	1	1	1	1	2	1
12621	53	30	1	1	1	1	2	1
12622	53	30	1	1	1	1	2	1
12623	53	30	1	1	1	1	2	1
12624	53	30	1	1	1	1	2	1
12625	53	30	1	1	1	1	2	1
12626	53	30	1	1	1	1	2	1
12627	53	30	1	1	1	1	2	1
12628	53	30	1	1	1	1	2	1
12629	53	30	1	1	1	1	2	1
12630	53	30	1	1	1	1	2	1
12631	53	30	1	1	1	1	2	1
12632	53	30	1	1	1	1	2	1
12633	53	30	1	1	1	1	2	1
12634	53	30	1	1	1	1	2	1
12635	53	30	1	1	1	1	2	1
12636	53	30	1	1	1	1	2	1
12637	53	30	1	1	1	1	2	1
12638	53	30	1	1	1	1	2	1
12639	53	30	1	1	1	1	2	1
12640	53	30	1	1	1	1	2	1
12641	53	30	1	1	1	1	2	1
12642	53	30	1	1	1	1	2	1
12643	53	30	1	1	1	1	2	1
12644	53	30	1	1	1	1	2	1
12645	53	30	1	1	1	1	2	1
12646	53	30	1	1	1	1	2	1
12647	53	30	1	1	1	1	2	1
12648	53	30	1	1	1	1	2	1
12649	53	30	1	1	1	1	2	1
12650	53	30	1	1	1	1	2	1
12651	53	30	1	1	1	1	2	1
12652	53	30	1	1	1	1	2	1
12653	53	30	1	1	1	1	2	1
12654	53	30	1	1	1	1	2	1
12655	53	30	1	1	1	1	2	1
12656	53	30	1	1	1	1	2	1
12657	53	30	1	1	1	1	2	1
12658	53	30	1	1	1	1	2	1
12659	53	30	1	1	1	1	2	1
12660	53	30	1	1	1	1	2	1
12661	53	30	1	1	1	1	2	1
12662	53	30	1	1	1	1	2	1
12663	53	30	1	1	1	1	2	1
12664	53	30	1	1	1	1	2	1
12665	53	30	1	1	1	1	2	1
12666	53	30	1	1	1	1	2	1
12667	53	30	1	1	1	1	2	1
12668	53	30	1	1	1	1	2	1
12669	53	30	1	1	1	1	2	1
12670	53	30	1	1	1	1	2	1
12671	53	30	1	1	1	1	2	1
12672	53	30	1	1	1	1	2	1
12673	53	30	1	1	1	1	2	1
12674	53	30	1	1	1	1	2	1
12675	53	30	1	1	1	1	2	1
12676	53	30	1	1	1	1	2	1
12677	53	30	1	1	1	1	2	1
12678	53	30	1	1	1	1	2	1
12679	53	30	1	1	1	1	2	1
12680	53	30	1	1	1	1	2	1
12681	53	30	1	1	1	1	2	1
12682	53	30	1	1	1	1	2	1
12683	53	30	1	1	1	1	2	1
12684	53	30	1	1	1	1	2	1
12685	53	30	1	1	1	1	2	1
12686	53	30	1	1	1	1	2	1
12687	53	30	1	1	1	1	2	1
12688	53	30	1	1	1	1	2	1
12689	53	30	1	1	1	1	2	1
12690	53	30	1	1	1	1	2	1
12691	53	30	1	1	1	1	2	1
12692	53	30	1	1	1	1	2	1
12693	53	30	1	1	1	1	2	1
12694	53	30	1	1	1	1	2	1
12695	53	30	1	1	1	1	2	1
12696	53	30	1	1	1	1	2	1
12697	53	30	1	1	1	1	2	1
12698	53	30	1	1	1	1	2	1
12699	53	30	1	1	1	1	2	1
12700	53	30	1	1	1	1	2	1
12701	53	30	1	1	1	1	2	1
12702	53	30	1	1	1	1	2	1
12703	53	30	1	1	1	1	2	1
12704	53	30	1	1	1	1	2	1
12705	53	30	1	1	1	1	2	1
12706	53	30	1	1	1	1	2	1
12707	53	30	1	1	1	1	2	1
12708	53	30	1	1	1	1	2	1
12709	53	30	1	1	1	1	2	1
12710	53	30	1	1	1	1	2	1
12711	53	30	1	1	1	1	2	1
12712	53	30	1	1	1	1	2	1
12713	53	30	1	1	1	1	2	1
12714	53	30	1	1	1	1	2	1
12715	53	30	1	1	1	1	2	1
12716	53	30	1	1	1	1	2	1
12717	53	30	1	1	1	1	2	1
12718	53	30	1	1	1	1	2	1
12719	53	30	1	1	1	1	2	1
12720	53	30	1	1	1	1	2	1
12721	53	30	1	1	1	1	2	1
12722	53	30	1	1	1	1	2	1
12723	53	30	1	1	1	1	2	1
12724	53	30	1	1	1	1	2	1
12725	53	30	1	1	1	1	2	1
12726	53	30	1	1	1	1	2	1
12727	53	30	1	1	1	1	2	1
12728	53	30	1	1	1	1	2	1
12729	53	30	1	1	1	1	2	1
12730	53	30	1	1	1	1	2	1
12731	53	30	1	1	1	1	2	1
12732	53	30	1	1	1	1	2	1
12733	53	30	1	1	1	1	2	1
12734	53	30	1	1	1	1	2	1
12735	53	30	1	1	1	1	2	1
12736	53	30	1	1	1	1	2	1
12737	53	30	1	1	1	1	2	1
12738	53	30	1	1	1	1	2	1
12739	53	30	1	1	1	1	2	1
12740	53	30	1	1	1	1	2	1
12741	53	30	1	1	1	1	2	1
12742	53	30	1	1	1	1	2	1
12743	53	30	1	1	1	1	2	1
12744	53	30	1	1	1	1	2	1
12745	53	30	1	1	1	1	2	1
12746	53	30	1	1	1	1	2	1
12747	53	30	1	1	1	1	2	1
12748	53	30	1	1	1	1	2	1
12749	53	30	1	1	1	1	2	1
12750	53	30	1	1	1	1	2	1
12751	53	30	1	1	1	1	2	1
12752	53	30	1	1	1	1	2	1
12753	53	30	1	1	1	1	2	1
12754	53	30	1	1	1	1	2	1
12755	53	30	1	1	1	1	2	1
12756	53	30	1	1	1	1	2	1
12757	53	30	1	1	1	1	2	1
12758	53	30	1	1	1	1	2	1
12759	53	30	1	1	1	1	2	1
12760	53	30	1	1	1	1	2	1
12761	53	30	1	1	1	1	2	1
12762	53	30	1	1	1	1	2	1
12763	53	30	1	1	1	1	2	1
12764	53	30	1	1	1	1	2	1
12765	53	30	1	1	1	1	2	1
12766	53	30	1	1	1	1	2	1
12767	53	30	1	1	1	1	2	1
12768	53	30	1	1	1	1	2	1
12769	53	30	1	1	1	1	2	1
12770	53	30	1	1	1	1	2	1
12771	53	30	1	1	1	1	2	1
12772	53	30	1	1	1	1	2	1
12773	53	30	1	1	1	1	2	1
12774	53	30	1	1	1	1	2	1
12775	53	30	1	1	1	1	2	1
12776	53	30	1	1	1	1	2	1
12777	53	30	1	1	1	1	2	1
12778	53	30	1	1	1	1	2	1
12779	53	30	1	1	1	1	2	1
12780	53	30	1	1	1	1	2	1
12781	53	30	1	1	1	1	2	1
12782	53	30	1	1	1	1	2	1
12783	53	30	1	1	1	1	2	1
12784	53	30	1	1	1	1	2	1
12785	53	30	1	1	1	1	2	1
12786	53	30	1	1	1	1	2	1
12787	53	30	1	1	1	1	2	1
12788	53	30	1	1	1	1	2	1
12789	53	30	1	1	1	1	2	1
12790	53	30	1	1	1	1	2	1
12791	53	30	1	1	1	1	2	1
12792	53	30	1	1	1	1	2	1
12793	53	30	1	1	1	1	2	1
12794	53	30	1	1	1	1	2	1
12795	53	30	1	1	1	1	2	1
12796	53	30	1	1	1	1	2	1
12797	53	30	1	1	1	1	2	1
12798	53	30	1	1	1	1	2	1
12799	53	30	1	1	1	1	2	1
12800	53	30	1	1	1	1	2	1
12801	53	30	1	1	1	1	2	1
12802	53	30	1	1	1	1	2	1
12803	53	30	1	1	1	1	2	1
12804	53	30	1	1	1	1	2	1
12805	53	30	1	1	1	1	2	1
12806	53	30	1	1	1	1	2	1
12807	53	30	1	1	1	1	2	1
12808	53	30	1	1	1	1	2	1
12809	53	30	1	1	1	1	2	1
12810	53	30	1	1	1	1	2	1
12811	53	30	1	1	1	1	2	1
12812	53	30	1	1	1	1	2	1
12813	53	30	1	1	1	1	2	1
12814	53	30	1	1	1	1	2	1
12815	53	30	1	1	1	1	2	1
12816	53	30	1	1	1	1	2	1
12817	53	30	1	1	1	1	2	1
12818	53	30	1	1	1	1	2	1
12819	53	30	1	1	1	1	2	1
12820	53	30	1	1	1	1	2	1
12821	53	30	1	1	1	1	2	1
12822	53	30	1	1	1	1	2	1
12823	53	30	1	1	1	1	2	1
12824	53	30	1	1	1	1	2	1
12825	53	30	1	1	1	1	2	1
12826	53	30	1	1	1	1	2	1
12827	53	30	1	1	1	1	2	1
12828	53	30	1	1	1	1	2	1
12829	53	30	1	1	1	1	2	1
12830	53	30	1	1	1	1	2	1
12831	53	30	1	1	1	1	2	1
12832	53	30	1	1	1	1	2	1
12833	53	30	1	1	1	1	2	1
12834	53	30	1	1	1	1	2	1
12835	53	30	1	1	1	1	2	1
12836	53	30	1	1	1	1	2	1
12837	53	30	1	1	1	1	2	1
12838	53	30	1	1	1	1	2	1
12839	53	30	1	1	1	1	2	1
12840	53	30	1	1	1	1	2	1
12841	53	30	1	1	1	1	2	1
12842	53	30	1	1	1	1	2	1
12843	53	30	1	1	1	1	2	1
12844	53	30	1	1	1	1	2	1
12845	53	30	1	1	1	1	2	1
12846	53	30	1	1	1	1	2	1
12847	53	30	1	1	1	1	2	1
12848	53	30	1	1	1	1	2	1
12849	53	30	1	1	1	1	2	1
12850	53	30	1	1	1	1	2	1
12851	53	30	1	1	1	1	2	1
12852	53	30	1	1	1	1	2	1
12853	53	30	1	1	1	1	2	1
12854	53	30	1	1	1	1	2	1
12855	53	30	1	1	1	1	2	1
12856	53	30	1	1	1	1	2	1
12857	53	30	1	1	1	1	2	1
12858	53	30	1	1	1	1	2	1
12859	53	30	1	1	1	1	2	1
12860	53	30	1	1	1	1	2	1
12861	53	30	1	1	1	1	2	1
12862	53	30	1	1	1	1	2	1
12863	53	30	1	1	1	1	2	1
12864	53	30	1	1	1	1	2	1
12865	53	30	1	1	1	1	2	1
12866	53	30	1	1	1	1	2	1
12867	53	30	1	1	1	1	2	1
12868	53	30	1	1	1	1	2	1
12869	53	30	1	1	1	1	2	1
12870	53	30	1	1	1	1	2	1
12871	53	30	1	1	1	1	2	1
12872	53	30	1	1	1	1	2	1
12873	53	30	1	1	1	1	2	1
12874	53	30	1	1	1	1	2	1
12875	53	30	1	1	1	1	2	1
12876	53	30	1	1	1	1	2	1
12877	53	30	1	1	1	1	2	1
12878	53	30	1	1	1	1	2	1
12879	53	30	1	1	1	1	2	1
12880	53	30	1	1	1	1	2	1
12881	53	30	1	1	1	1	2	1
12882	53	30	1	1	1	1	2	1
12883	53	30	1	1	1	1	2	1
12884	53	30	1	1	1	1	2	1
12885	53	30	1	1	1	1	2	1
12886	53	30	1	1	1	1	2	1
12887	53	30	1	1	1	1	2	1
12888	53	30	1	1	1	1	2	1
12889	53	30	1	1	1	1	2	1
12890	53	30	1	1	1	1	2	1
12891	53	30	1	1	1	1	2	1
12892	53	30	1	1	1	1	2	1
12893	53	30	1	1	1	1	2	1
12894	53	30	1	1	1	1	2	1
12895	53	30	1	1	1	1	2	1
12896	53	30	1	1	1	1	2	1
12897	53	30	1	1	1	1	2	1
12898	53	30	1	1	1	1	2	1
12899	53	30	1	1	1	1	2	1
12900	53	30	1	1	1	1	2	1
12901	53	30	1	1	1	1	2	1
12902	53	30	1	1	1	1	2	1
12903	53	30	1	1	1	1	2	1
12904	53	30	1	1	1	1	2	1
12905	53	30	1	1	1	1	2	1
12906	53	30	1	1	1	1	2	1
12907	53	30	1	1	1	1	2	1
12908	53	30	1	1	1	1	2	1
12909	53	30	1	1	1	1	2	1
12910	53	30	1	1	1	1	2	1
12911	53	30	1	1	1	1	2	1
12912	53	30	1	1	1	1	2	1
12913	53	30	1	1	1	1	2	1
12914	53	30	1	1	1	1	2	1
12915	53	30	1	1	1	1	2	1
12916	53	30	1	1	1	1	2	1
12917	53	30	1	1	1	1	2	1
12918	53	30	1	1	1	1	2	1
12919	53	30	1	1	1	1	2	1
12920	53	30	1	1	1	1	2	1
12921	53	30	1	1	1	1	2	1
12922	53	30	1	1	1	1	2	1
12923	53	30	1	1	1	1	2	1
12924	53	30	1	1	1	1	2	1
12925	53	30	1	1	1	1	2	1
12926	53	30	1	1	1	1	2	1
12927	53	30	1	1	1	1	2	1
12928	53	30	1	1	1	1	2	1
12929	53	30	1	1	1	1	2	1
12930	53	30	1	1	1	1	2	1
12931	53	30	1	1	1	1	2	1
12932	53	30	1	1	1	1	2	1
12933	53	30	1	1	1	1	2	1
12934	53	30	1	1	1	1	2	1
12935	53	30	1	1	1	1	2	1
12936	53	30	1	1	1	1	2	1
12937	53	30	1	1	1	1	2	1
12938	53	30	1	1	1	1	2	1
12939	53	30	1	1	1	1	2	1
12940	53	30	1	1	1	1	2	1
12941	53	30	1	1	1	1	2	1
12942	53	30	1	1	1	1	2	1
12943	53	30	1	1	1	1	2	1
12944	53	30	1	1	1	1	2	1
12945	53	30	1	1	1	1	2	1
12946	53	30	1	1	1	1	2	1
12947	53	30	1	1	1	1	2	1
12948	53	30	1	1	1	1	2	1
12949	53	30	1	1	1	1	2	1
12950	53	30	1	1	1	1	2	1
12951	53	30	1	1	1	1	2	1
12952	53	30	1	1	1	1	2	1
12953	53	30	1	1	1	1	2	1
12954	53	30	1	1	1	1	2	1
12955	53	30	1	1	1	1	2	1
12956	53	30	1	1	1	1	2	1
12957	53	30	1	1	1	1	2	1
12958	53	30	1	1	1	1	2	1
12959	53	30	1	1	1	1	2	1
12960	53	30	1	1	1	1	2	1
12961	53	30	1	1	1	1	2	1
12962	53	30	1	1	1	1	2	1
12963	53	30	1	1	1	1	2	1
12964	53	30	1	1	1	1	2	1
12965	53	30	1	1	1	1	2	1
12966	53	30	1	1	1	1	2	1
12967	53	30	1	1	1	1	2	1
12968	53	30	1	1	1	1	2	1
12969	53	30	1	1	1	1	2	1
12970	53	30	1	1	1	1	2	1
12971	53	30	1	1	1	1	2	1
12972	53	30	1	1	1	1	2	1
12973	53	30	1	1	1	1	2	1
12974	53	30	1	1	1	1	2	1
12975	53	30	1	1	1	1	2	1
12976	53	30	1	1	1	1	2	1
12977	53	30	1	1	1	1	2	1
12978	53	30	1	1	1	1	2	1
12979	53	30	1	1	1	1	2	1
12980	53	30	1	1	1	1	2	1
12981	53	30	1	1	1	1	2	1
12982	53	30	1	1	1	1	2	1
12983	53	30	1	1	1	1	2	1
12984	53	30	1	1	1	1	2	1
12985	53	30	1	1	1	1	2	1
12986	53	30	1	1	1	1	2	1
12987	53	30	1	1	1	1	2	1
12988	53	30	1	1	1	1	2	1
12989	53	30	1	1	1	1	2	1
12990	53	30	1	1	1	1	2	1
12991	53	30	1	1	1	1	2	1
12992	53	30	1	1	1	1	2	1
12993	53	30	1	1	1	1	2	1
12994	53	30	1	1	1	1	2	1
12995	53	30	1	1	1	1	2	1
12996	53	30	1	1	1	1	2	1
12997	53	30	1	1	1	1	2	1
12998	53	30	1	1	1	1	2	1
12999	53	30	1	1	1	1	2	1
13000	53	30	1	1	1	1	2	1
13001	53	30	1	1	1	1	2	1
13002	53	30	1	1	1	1	2	1
13003	53	30	1	1	1	1	2	1
13004	53	30	1	1	1	1	2	1
13005	53	30	1	1	1	1	2	1
13006	53	30	1	1	1	1	2	1
13007	53	30	1	1	1	1	2	1
13008	53	30	1	1	1	1	2	1
13009	53	30	1	1	1	1	2	1
13010	53	30	1	1	1	1	2	1
13011	53	30	1	1	1	1	2	1
13012	53	30	1	1	1	1	2	1
13013	53	30	1	1	1	1	2	1
13014	53	30	1	1	1	1	2	1
13015	53	30	1	1	1	1	2	1
13016	53	30	1	1	1	1	2	1
13017	53	30	1	1	1	1	2	1
13018	53	30	1	1	1	1	2	1
13019	53	30	1	1	1	1	2	1
13020	53	30	1	1	1	1	2	1
13021	53	30	1	1	1	1	2	1
13022	53	30	1	1	1	1	2	1
13023	53	30	1	1	1	1	2	1
13024	53	30	1	1	1	1	2	1
13025	53	30	1	1	1	1	2	1
13026	53	30	1	1	1	1	2	1
13027	53	30	1	1	1	1	2	1
13028	53	30	1	1	1	1	2	1
13029	53	30	1	1	1	1	2	1
13030	53	30	1	1	1	1	2	1
13031	53	30	1	1	1	1	2	1
13032	53	30	1	1	1	1	2	1
13033	53	30	1	1	1	1	2	1
13034	53	30	1	1	1	1	2	1
13035	53	30	1	1	1	1	2	1
13036	53	30	1	1	1	1	2	1
13037	53	30	1	1	1	1	2	1
13038	53	30	1	1	1	1	2	1
13039	53	30	1	1	1	1	2	1
13040	53	30	1	1	1	1	2	1
13041	53	30	1	1	1	1	2	1
13042	53	30	1	1	1	1	2	1
13043	53	30	1	1	1	1	2	1
13044	53	30	1	1	1	1	2	1
13045	53	30	1	1	1	1	2	1
13046	53	30	1	1	1	1	2	1
13047	53	30	1	1	1	1	2	1
13048	53	30	1	1	1	1	2	1
13049	53	30	1	1	1	1	2	1
13050	53	30	1	1	1	1	2	1
13051	53	30	1	1	1	1	2	1
13052	53	30	1	1	1	1	2	1
13053	53	30	1	1	1	1	2	1
13054	53	30	1	1	1	1	2	1
13055	53	30	1	1	1	1	2	1
13056	53	30	1	1	1	1	2	1
13057	53	30	1	1	1	1	2	1
13058	53	30	1	1	1	1	2	1
13059	53	30	1	1	1	1	2	1
13060	53	30	1	1	1	1	2	1
13061	53	30	1	1	1	1	2	1
13062	53	30	1	1	1	1	2	1
13063	53	30	1	1	1	1	2	1
13064	53	30	1	1	1	1	2	1
13065	53	30	1	1	1	1	2	1
13066	53	30	1	1	1	1	2	1
13067	53	30	1	1	1	1	2	1
13068	53	30	1	1	1	1	2	1
13069	53	30	1	1	1	1	2	1
13070	53	30	1	1	1	1	2	1
13071	53	30	1	1	1	1	2	1
13072	53	30	1	1	1	1	2	1
13073	53	30	1	1	1	1	2	1
13074	53	30	1	1	1	1	2	1
13075	53	30	1	1	1	1	2	1
13076	53	30	1	1	1	1	2	1
13077	53	30	1	1	1	1	2	1
13078	53	30	1	1	1	1	2	1
13079	53	30	1	1	1	1	2	1
13080	53	30	1	1	1	1	2	1
13081	53	30	1	1	1	1	2	1
13082	53	30	1	1	1	1	2	1
13083	53	30	1	1	1	1	2	1
13084	53	30	1	1	1	1	2	1
13085	53	30	1	1	1	1	2	1
13086	53	30	1	1	1	1	2	1
13087	53	30	1	1	1	1	2	1
13088	53	30	1	1	1	1	2	1
13089	53	30	1	1	1	1	2	1
13090	53	30	1	1	1	1	2	1
13091	53	30	1	1	1	1	2	1
13092	53	30	1	1	1	1	2	1
13093	53	30	1	1	1	1	2	1
13094	53	30	1	1	1	1	2	1
13095	53	30	1	1	1	1	2	1
13096	53	30	1	1	1	1	2	1
13097	53	30	1	1	1	1	2	1
13098	53	30	1	1	1	1	2	1
13099	53	30	1	1	1	1	2	1
13100	53	30	1	1	1	1	2	1
13101	53	30	1	1	1	1	2	1
13102	53	30	1	1	1	1	2	1
13103	53	30	1	1	1	1	2	1
13104	53	30	1	1	1	1	2	1
13105	53	30	1	1	1	1	2	1
13106	53	30	1	1	1	1	2	1
