POLL t=10.3 tick=348
8333333
395351156284232	395351167243347	395351156583034
395351156527097	395351175466524	395351156586784
395351185817982	395351200130950	395351186099753
395351215440795	395351233015221	395351215730222
395351215660066	395351241235534	395351215733816
395351244146732	395351257674075	395351244405222
395351275524389	395351290553867	395351275898816
395351275712357	395351298774596	395351275902878
395351305044753	395351315216784	395351305338659
395351334898191	395351348098607	395351335180170
395351335145066	395351356319128	395351335242253
395351364368972	395351380978399	395351364655222
395351393227566	395351405638555	395351393546628
395351393406576	395351413859752	395351393550066
395351421612097	395351438523920	395351421924753
395351451232878	395351463188607	395351451540847
395351451497566	395351471408034	395351451606472
395351481506472	395351496067774	395351481791107
395351510991003	395351528952565	395351511291316
395351511231159	395351537172669	395351511292566
395351540257409	395351553614023	395351540542722
395351568569909	395351586495430	395351568871732
395351568758815	395351594715742	395351568875065
395351599581159	395351611157200	395351599857045
395351627720690	395351644042044	395351627992513
395351627969753	395351652263034	395351628064597
395351657365690	395351668706992	395351657643138
395351686749909	395351701595221	395351687052826
395351686963815	395351709815794	395351687057409
395351716837826	395351734477878	395351717111732
395351745167878	395351759144753	395351745459284
395351745341784	395351767365690	395351745465222
395351773875534	395351792031315	395351774256940
395351803463347	395351816695013	395351803759440
395351803653034	395351824915273	395351803765690
395351831914545	395351849578347	395351832207670
395351861629128	395351874239804	395351861916420
395351861967722	395351882460638	395351862078034
395351890905378	395351907123242	395351891196003
395351919772253	395351931784961	395351920066888
395351920021888	395351940004909	395351920067409
395351950103503	395351964667409	395351950379597
395351977612826	395351989323762	395351978025222
395351977837722	395351997544440	395351978030065
395352008540326	395352022208659	395352008789128
395352037993503	395352055091262	395352038291628
395352038220169	395352063311784	395352038302357
395352069190378	395352079750169	395352069497722
395352099435013	395352112633450	395352099752722
395352099696472	395352120855638	395352099793138
395352129520482	395352145519648	395352129806107
395352158316315	395352170182044	395352158608659
395352158507253	395352178403763	395352158612253
395352187399909	395352203068606	395352187646628
395352217149388	395352227732044	395352217492044
395352217397253	395352235953606	395352217510951
395352245761940	395352260613502	395352246039596
395352275804076	395352293499232	395352276199596
395352275992409	395352301720273	395352276205326
395352307179076	395352318161003	395352307465065
395352309359128	395352326382200	395352309650638
395352337423190	395352351044543	395352337704701
395352365911315	395352383929804	395352366221940
395352366150846	395352392151679	395352366228190
395352395217409	395352408594336	395352395499753
395352425657878	395352441478815	395352425977826
395352425903659	395352449699544	395352425992565
395352455573659	395352466142148	395352455868607
395352485372096	395352499022981	395352485677513
395352485610951	395352507244491	395352485682878
395352514604909	395352531911835	395352514850013
395352544303138	395352556579284	395352544601471
395352544526471	395352564802929	395352544605065
395352573196003	395352589472148	395352573470482
395352602717096	395352614137513	395352603008294
395352602913190	395352622359231	395352603012044
395352632173138	395352647025585	395352632474909
395352661739909	395352671692877	395352662045534
395352662075378	395352679914596	395352662142044
395352691818034	395352704581315	395352692100482
395352721842565	395352737462616	395352722153346
395352722076628	395352745682877	395352722158659
395352751160325	395352762121992	395352751444857
395352779428138	395352795000689	395352779870690
395352779719544	395352803222044	395352779874388
395352809156263	395352819665742	395352809438815
395352837925690	395352852554491	395352838252357
395352838188503	395352860777252	395352838252721
395352867329127	395352885440690	395352867610690
395352899895846	395352910105898	395352900167096
395352900188815	395352918327096	395352900300690
395352929989700	395352942990533	395352930267200
395352963647409	395352975878294	395352963939284
395352964093607	395352984099752	395352964161471
395352995104284	395353008765169	395352995384232
395352997274284	395353016986158	395352997558659
395353028805690	395353041647929	395353029090846
395353030622565	395353049867304	395353030914284
395353059996888	395353074529700	395353060272409
395353091119596	395353107412565	395353091327721
395353091420221	395353115633658	395353091507252
395353123512044	395353140293763	395353123810377
395353124752565	395353148513554	395353125034596
395353154481627	395353164954856	395353154756784
395353186591784	395353197833710	395353186882982
395353186851784	395353206054387	395353186958971
395353218349909	395353230714335	395353218529700
395353220272200	395353238936315	395353220541315
395353249563607	395353263598867	395353249829284
395353280343346	395353296475377	395353280749752
395353280582513	395353304695533	395353280755065
395353311873659	395353329349492	395353312164596
395353313929909	395353337568606	395353314226159
395353342548138	395353354007200	395353342846159
395353375494284	395353386887721	395353375799127
395353375807409	395353395107616	395353375915013
395353406456627	395353419767721	395353406696315
395353436085481	395353452647773	395353436323815
395353436419544	395353460867825	395353436520169
395353467711263	395353485527461	395353467988034
395353469626731	395353493747095	395353469921575
395353497406888	395353510187929	395353497717981
395353528255533	395353543069804	395353528553763
395353528517981	395353551292304	395353528631940
395353556959075	395353567735376	395353557234700
395353587480065	395353600620742	395353587781627
395353587780846	395353608840429	395353587870533

POLL t=21.2 tick=681
8333333
395362054749384	395362068343290	395362055069905
395362055008603	395362076562717	395362055070634
395362086710166	395362101223603	395362087007509
395362088288968	395362109442092	395362088569749
395362116741728	395362134100113	395362117027353
395362148513811	395362166980634	395362148803186
395362148807666	395362175201259	395362148915530
395362178822822	395362191642197	395362179108186
395362209478916	395362224529332	395362209770061
395362209690218	395362232752561	395362209774593
395362240180530	395362257419227	395362240470218
395362270835061	395362282083811	395362271078186
395362271212041	395362290304749	395362271280634
395362301657874	395362314962040	395362301927561
395362332365061	395362347835582	395362332771155
395362332581155	395362356054488	395362332776468
395362362733134	395362380713915	395362363016468
395362394206780	395362405373342	395362394539228
395362394445322	395362413593967	395362394543030
395362425525218	395362438253290	395362425809541
395362455603968	395362471134331	395362455908134
395362455836468	395362479354488	395362455911468
395362486399072	395362504015842	395362486688030
395362516077405	395362528671207	395362516303290
395362516368186	395362536891572	395362516467353
395362547837718	395362561553915	395362548135218
395362549843030	395362569776051	395362550134280
395362592686936	395362602663446	395362592987665
395362593129540	395362610886155	395362593239072
395362622456624	395362635551311	395362622734384
395362626307093	395362643772404	395362626600061
395362657678030	395362668437404	395362657965999
395362659705478	395362676659331	395362660079280
395362689575217	395362701322665	395362689876884
395362720341884	395362734206103	395362720607717
395362720714280	395362742427092	395362720803447
395362737397092	395362750648550	395362737795842
395362781685999	395362791750633	395362781949228
395362782045947	395362799970009	395362782164697
395362798828655	395362816409644	395362799130530
395362843672092	395362857511988	395362843853759
395362870975322	395362882176676	395362871236415
395362871335165	395362890399852	395362871436415
395362900077405	395362915064696	395362900317561
395362904583655	395362923286311	395362904865842
395362936850686	395362947951884	395362937254384
395362965506936	395362980835530	395362965783030
395362965861155	395362989055946	395362965959228
395362982533811	395362997276831	395362982838655
395363028196936	395363038383550	395363028491155
395363028701467	395363046604019	395363028821624
395363058434540	395363071261311	395363058731259
395363086865686	395363104140686	395363087141780
395363087230530	395363112360738	395363087316259
395363103935009	395363120579905	395363104299592
395363148911780	395363161679331	395363149186155
395363174370530	395363186338030	395363174652196
395363174805217	395363194559384	395363174886624
395363204616780	395363219225685	395363204912874
395363231916884	395363243891207	395363232185478
395363232276780	395363252112404	395363232369905
395363249024592	395363260333290	395363249447665
395363294934228	395363309655998	395363295208342
395363295263915	395363317877144	395363295362665
395363324207249	395363334317873	395363324469749
395363328700478	395363342539228	395363328933603
395363360270478	395363375422925	395363360558759
395363361987405	395363383644280	395363362290790
395363391496728	395363408306727	395363391720217
395363420928186	395363432967456	395363421216155
395363421365217	395363441187404	395363421451155
395363438009071	395363449407561	395363438415842
395363484837196	395363498727977	395363485133759
395363485235998	395363506946987	395363485331780
395363514632978	395363531607821	395363514920530
395363518622978	395363539828029	395363518890061
395363550426155	395363564490268	395363550707665
395363551997405	395363572710269	395363552296728
395363581757196	395363597371415	395363582044592
395363610207821	395363622032612	395363610482092
395363610690686	395363630252144	395363610808759
395363627259436	395363638472196	395363627562196
395363671738342	395363687794383	395363672023655
395363696824592	395363712456519	395363697102248
395363697195686	395363720677195	395363697286884
395363726892978	395363745344123	395363727055165
395363754277405	395363770007196	395363754572873
395363754719592	395363778227977	395363754808759
395363771256311	395363786450269	395363771556311
395363817755998	395363835779852	395363818029696
395363818256884	395363844000893	395363818345842
395363849641623	395363860445216	395363849910373
395363879339436	395363893335373	395363879612509
395363879717873	395363901558550	395363879829592
395363896487196	395363909781102	395363896783915
395363940094071	395363950894122	395363940463186
395363966569905	395363983783758	395363966845217
395363966949280	395363992006623	395363967045998
395363983744280	395364000228393	395363984026467
395364028722404	395364041338342	395364029004904
395364055839123	395364066005060	395364056107873
395364056216102	395364074226570	395364056316467
395364086826623	395364098890581	395364087116727
395364089795165	395364107111987	395364090089279
395364119809592	395364131774227	395364120090946
395364149622561	395364164656049	395364149910217
395364150014227	395364172876727	395364150090946
395364166729279	395364181098862	395364167037561
395364209745217	395364222203758	395364210053290
395364236795686	395364246868914	395364237099123
395364237312561	395364255089019	395364237410998
395364254128498	395364271532300	395364254533029
395364298113498	395364312640008	395364298395529
395364324527248	395364337302821	395364324756311
395364324885529	395364345523498	395364324990529
395364355025217	395364370183810	395364355337561
395364383457509	395364394841571	395364383587404
395364383759279	395364403060373	395364383852196
395364400561154	395364411279019	395364400857873
395364446885061	395364460588602	395364447175373
395364447187821	395364468808185	395364447318915
395364476216154	395364493470633	395364476530321
395364480604279	395364501689747	395364480892665
395364515123498	395364526348133	395364515393967
395364541203758	395364559226102	395364541615790
395364541740373	395364567446466	395364541839436
395364571756311	9223372036854775807	395364572067508

POLL t=32.2 tick=937
8333333
395373369601463	395373380020317	395373369898495
395373402219693	395373412904380	395373402516463
395373402847974	395373421125577	395373403198338
395373419558599	395373437564588	395373419853026
395373454680318	395373470443077	395373454966568
395373455125213	395373478662505	395373455223182
395373485220630	395373503321203	395373485625057
395373488292505	395373511541463	395373488580005
395373505028963	395373519761046	395373505320318
395373521743182	395373536199432	395373522002870
395373555906463	395373569079484	395373556150526
395373556337974	395373577299379	395373556439068
395373573075526	395373585520421	395373573382661
395373589742245	395373601960317	395373590125995
395373627445786	395373643064535	395373627516776
395373655343911	395373667723963	395373655645474
395373655650370	395373675943286	395373655780995
395373672422505	395373684163286	395373672724901
395373689045370	395373700603494	395373689402870
395373723013599	395373741707713	395373723308755
395373723421307	395373749928390	395373723500838
395373740200161	395373758149432	395373740428807
395373772177817	395373782807609	395373772441307
395373773404588	395373791027869	395373773728807
395373790036776	395373807465577	395373790440370
395373806720526	395373823902192	395373806997661
395373841600786	395373856779692	395373841887088
395373841923494	395373864998546	395373842045057
395373858668963	395373873216671	395373858957817
395373896458338	395373914311723	395373896505994
395373896691307	395373922531254	395373896772244
395373929427036	395373947188338	395373929715474
395373930144432	395373955406619	395373930467817
395373946833807	395373963625890	395373947147088
395373979656463	395373996504431	395373979907713
395373980326151	395374004724328	395373980657401
395373996917036	395374012944640	395373997325369
395374029378651	395374045824328	395374029673338
395374030292557	395374054045056	395374030604432
395374046985369	395374062265994	395374047280942
395374079831099	395374095150316	395374080110682
395374080272974	395374103372140	395374080371567
395374096993442	395374111594848	395374097368599
395374129865630	395374144485265	395374130001463
395374130354119	395374152706828	395374130715630
395374147076255	395374160928182	395374147382244
395374180394588	395374193821723	395374180675994
395374180762869	395374202043234	395374180858963
395374197443963	395374210265109	395374197850838
395374214138807	395374226708181	395374214418599
395374251241151	395374267813650	395374251339901
395374280532557	395374292479014	395374280807244
395374280900526	395374300701150	395374280988286
395374297563911	395374308922921	395374297966776
395374314219588	395374325367869	395374314497088
395374348489432	395374366477036	395374348796307
395374349025682	395374374699171	395374349121307
395374365607713	395374382921671	395374365911776
395374398573494	395374415805056	395374398896932
395374399048651	395374424025421	395374399145057
395374415572817	395374432247088	395374415926098
395374448522973	395374465131723	395374448793911
395374448979901	395374473353285	395374449073651
395374465632088	395374481574483	395374465929276
395374498884900	395374514463598	395374499176255
395374499377817	395374522686306	395374499458963
395374515931619	395374530908129	395374516223442
395374548857192	395374563796567	395374549124588
395374549227036	395374572018025	395374549327817
395374565937557	395374580239900	395374566230786
395374600981775	395374613125160	395374601296932
395374601371775	395374621345733	395374601459380
395374632484536	395374646006254	395374632784588
395374634582192	395374654226202	395374634871307
395374651349692	395374662446671	395374651656932
395374668085682	395374678885577	395374668324692
395374705077661	395374719982765	395374705383963
395374705465525	395374728203754	395374705550369
395374737523494	395374752867452	395374737775994
395374738751463	395374761089744	395374739068494
395374755437088	395374769311723	395374755746619
395374772177505	395374785756150	395374772479432
395374806652505	395374818640734	395374806937400
395374807001307	395374826862400	395374807101619
395374823777661	395374835082817	395374824089744
395374856473130	395374867970004	395374856721619
395374857784588	395374876190212	395374858074900
395374874444744	395374892630681	395374874745473
395374909623963	395374925512243	395374909886567
395374910031619	395374933733807	395374910125682
395374941917244	395374958393442	395374942199223
395374943545525	395374966613181	395374943833494
395374960154275	395374974833389	395374960440057
395374976872088	395374991274587	395374977133494
395375011324900	395375024159848	395375011618754
395375011674275	395375032379796	395375011793025
395375028417036	395375040600890	395375028706619
395375061939588	395375073487504	395375062209588
395375062328494	395375081708754	395375062416098
395375079082036	395375089928337	395375079383963
395375112174379	395375122810682	395375112460317
395375114026307	395375131033494	395375114329119
395375129475838	395375147478494	395375129784067
395375162608650	395375180367400	395375162881879
395375162979119	395375188589274	395375163092973
395375180123963	395375196809743	395375180490369
395375214000056	395375229697399	395375214267504
395375214370056	395375237921722	395375214470056
395375231053598	395375246144171	395375231364588
395375263223963	395375279028077	395375263503025
395375264502713	395375287248910	395375264819119
395375281248650	395375295470473	395375281541098
395375314157869	395375328359431	395375314452400
395375314614588	395375336580837	395375314715213
395375331145056	395375344802920	395375331439119
395375364489588	395375377687035	395375364743911
395375364920629	395375385909535	395375365007088
395375381629744	395375394132608	395375381918129
395375398220213	395375410576514	395375398586931
395375436610994	395375451688129	395375436908911
395375436983963	395375459909379	395375437072088
395375467962973	395375484572348	395375468233494
395375470290994	395375492793962	395375470612400
395375486898963	395375501016618	395375487202556
395375520282348	395375533903754	395375520554588
395375520882869	395375542126931	395375521227088
395375537570213	395375550350264	395375537873494

POLL t=43.2 tick=1284
8333333
395383953959220	395383968970209	395383954249532
395384004492345	395384018296043	395384004749116
395384004870939	395384026516355	395384004980782
395384035614845	395384051174167	395384035901616
395384038150678	395384059394845	395384038458334
395384054924689	395384067615522	395384055213595
395384103933751	395384116937448	395384104245470
395384130901928	395384141598021	395384131325001
395384131444272	395384149818542	395384131552241
395384162024897	395384174481407	395384162320209
395384164598959	395384182703282	395384164890678
395384181314220	395384199146199	395384181606616
395384229443647	395384240246146	395384229870157
395384256124584	395384273121042	395384256426616
395384256528334	395384281338751	395384256646720
395384287269584	395384305999063	395384287553022
395384289708803	395384314220365	395384290000053
395384306453907	395384322441563	395384306729376
395384349634584	395384363542657	395384349839740
395384350088595	395384371763281	395384350191772
395384380394584	395384396426250	395384380690522
395384383416720	395384404647865	395384383720313
395384400178647	395384412869427	395384400486251
395384443086615	395384453970677	395384443391772
395384443405834	395384462189115	395384443476615
395384474230365	395384486842136	395384474374740
395384476778803	395384495060730	395384477050626
395384493448334	395384511498751	395384493730053
395384540289272	395384552590729	395384540553647
395384568491563	395384585463906	395384568774845
395384568856147	395384593681406	395384568944428
395384585699532	395384601899323	395384585860522
395384627944376	395384642988126	395384628313907
395384656978178	395384667641615	395384657233282
395384657258803	395384675860052	395384657380938
395384674010365	395384692296615	395384674312240
395384715814428	395384733393021	395384716133022
395384743336459	395384758053385	395384743618438
395384743645990	395384766272761	395384743761772
395384760458438	395384774492709	395384760743751
395384803572709	395384815593803	395384803866772
395384830310626	395384848471875	395384830731615
395384830585209	395384856691250	395384830738647
395384847393178	395384864910834	395384847696772
395384890412865	395384906000000	395384890689115
395384890780209	395384914218646	395384890877032
395384907507240	395384922437396	395384907805365
395384951557657	395384963540260	395384951808751
395384951917032	395384971758854	395384952041563
395384968597553	395384979977448	395384968926303
395385010079584	395385021076667	395385010358178
395385036375469	395385053952135	395385036668438
395385036768126	395385062170990	395385036856771
395385053415782	395385070389948	395385053715626
395385096360782	395385111484063	395385096635834
395385096842709	395385119703125	395385096955678
395385113616928	395385127920989	395385113912396
395385155421771	395385169013542	395385155710834
395385181897709	395385193678177	395385182188646
395385182292396	395385201899428	395385182393178
395385198941771	395385210121562	395385199246459
395385240324584	395385251219896	395385240593751
395385267403490	395385284100417	395385267701146
395385268077396	395385292320625	395385268375469
395385284579428	395385300540625	395385284885938
395385328684584	395385341643958	395385329114271
395385328982032	395385349864271	395385329117865
395385345768594	395385358085156	395385346042032
395385388487865	395385399188178	395385388777344
395385388885053	395385407407917	395385388984219
395385405530678	395385423850260	395385405840990
395385448553750	395385464952500	395385448848282
395385448891303	395385473173542	395385448997553
395385465590990	395385481394635	395385465889688
395385508525365	395385522496250	395385508799532
395385508924428	395385530717500	395385509018021
395385525541094	395385538937708	395385525844375
395385568678490	395385580045261	395385568952344
395385569081615	395385588266146	395385569179584
395385585830990	395385596488230	395385586104271
395385628863594	395385645810833	395385629135834
395385629253959	395385654033177	395385629344896
395385646023646	395385662255625	395385646330365
395385688867709	395385703363021	395385689182188
395385689353959	395385711585416	395385689447188
395385706088959	395385719808645	395385706403802
395385749820782	395385760917968	395385750117396
395385750190209	395385769139323	395385750279584
395385766935677	395385777360937	395385767254740
395385810345625	395385826691459	395385810625990
395385810963177	395385834913438	395385811332396
395385827705000	395385843136302	395385828016927
395385869841146	395385884244896	395385870112032
395385870337500	395385892465937	395385870446719
395385886953021	395385900688542	395385887249427
395385928120365	395385941791615	395385928352865
395385928525625	395385950011771	395385928623907
395385956737813	395385966451146	395385957015365
395385961947709	395385974671875	395385962248021
395385992854271	395386007551979	395385993135677
395385995277396	395386015772448	395385995579896
395386011958282	395386023993958	395386012222396
395386055623177	395386073315885	395386055898907
395386056088125	395386081536927	395386056111459
395386072675209	395386089757760	395386072962552
395386114697813	395386130860729	395386114996927
395386141529584	395386155520729	395386141958594
395386141964531	395386163739896	395386142058177
395386158605209	395386171959219	395386158915209
395386201863177	395386213057812	395386202152709
395386229052552	395386245940208	395386229334740
395386229440209	395386254162291	395386229527552
395386246190365	395386262384427	395386246576771
395386291362865	395386303493280	395386291647552
395386291790052	395386311714479	395386291912240
395386308525990	395386319935781	395386308820781
395386354142083	395386369262864	395386354422188
395386354563958	395386377485729	395386354643906
395386371224844	395386385707292	395386371518750
395386403535365	395386418591979	395386403815052
395386404374271	395386426813645	395386404665521
395386421155990	395386435034530	395386421430000
395386437834063	395386451475937	395386438019219
395386454554844	395386467913958	395386454824688
395386471203594	395386484350155	395386471465781
395386487946875	395386500786666	395386488181563
395386504630625	395386517222708	395386504895833

POLL t=54.1 tick=1585
8333333
395395302305153	395395321302861	395395302622028
395395319063903	395395329524267	395395319360986
395395335792861	395395345964788	395395336085049
395395352423747	395395362405621	395395352702809
395395369011768	395395387070933	395395369395049
395395385721299	395395403513798	395395386000778
395395402427965	395395419957653	395395402700205
395395419088799	395395436396975	395395419370622
395395449368486	395395461057652	395395449513330
395395452348642	395395469279111	395395452654736
395395469000205	395395485718590	395395469439111
395395485684215	395395502160934	395395485970153
395395502392861	395395518601037	395395502669736
395395519002809	395395535042027	395395519279111
395395535615986	395395551486559	395395535897392
395395552339111	395395567931194	395395552615205
395395569001247	395395584374319	395395569377080
395395585674736	395395600816246	395395585779580
395395615940049	395395633698486	395395616079892
395395618958486	395395641919684	395395619254684
395395635733278	395395650140257	395395635992705
395395652417497	395395666583746	395395652676455
395395669011455	395395683025361	395395669406715
395395685693486	395395699464423	395395685974684
395395702400934	395395715904267	395395702674736
395395719104424	395395732343537	395395719380674
395395735749424	395395748781350	395395738308330
395395765437184	395395781663589	395395765640674
395395769036872	395395789883486	395395769343017
395395785694736	395395798104006	395395786131559
395395802367497	395395814547652	395395802653486
395395818946924	395395830991038	395395819244267
395395835608955	395395847434319	395395835912184
395395852339111	395395863876715	395395852622236
395395869062549	395395880317809	395395869404372
395395885693434	395395896758485	395395885982861
395395902371611	395395913198798	395395907032028
395395932514371	395395946081611	395395932787549
395395935682496	395395954300830	395395935964111
395395952413642	395395970739214	395395952704736
395395969001559	395395987180256	395395969430361
395395985659111	395396003621611	395395985985049
395396002316142	395396020064527	395396002600309
395396019016142	395396036507652	395396019291924
395396035718017	395396052950100	395396036002861
395396052308278	395396069390205	395396052594424
395396068952549	395396085830517	395396069328799
395396085675674	395396102271506	395396089384736
395396115008121	395396126934423	395396115329059
395396118995465	395396135156037	395396119286142
395396135698798	395396151595986	395396135980361
395396152340621	395396168038537	395396152629580
395396169002965	395396184479475	395396169383903
395396185700673	395396200921090	395396185973798
395396202367236	395396217364111	395396202639371
395396218968330	395396233806871	395396219248798
395396235640465	395396250249579	395396235935205
395396252306611	395396266689527	395396252586611
395396268971923	395396283127392	395396269373642
395396299229892	395396316008589	395396299571246
395396302282861	395396324228121	395396302578226
395396319055465	395396332450256	395396319374736
395396335756090	395396348893850	395396336060048
395396352398642	395396365336246	395396352674423
395396368998330	395396381776298	395396369371455
395396385688955	395396398218485	395396385970048
395396402372705	395396414661037	395396402663017
395396419220257	395396431103329	395396419478642
395396435749267	395396447543798	395396438009684
395396465222809	395396480424267	395396465398746
395396469024996	395396488643589	395396469418173
395396485698017	395396496862444	395396486007705
395396502378955	395396513304319	395396502653278
395396518992080	395396529746715	395396519277496
395396535710309	395396546187808	395396535992080
395396552466298	395396562630673	395396552733173
395396569082236	395396579072704	395396569485986
395396585734423	395396603735986	395396586015673
395396602388330	395396620175517	395396603630673
395396632214840	395396644837079	395396632370152
395396636096611	395396653057444	395396636422705
395396652689215	395396669499371	395396652986298
395396669317080	395396685940204	395396669697236
395396686104423	395396702382079	395396686398017
395396702785517	395396718823850	395396703065986
395396719440777	395396735267288	395396719720517
395396736141767	395396751710309	395396736423486
395396752798330	395396768155308	395396753064267
395396769385673	395396784598225	395396772605934
395396799784059	395396817479631	395396800074267
395396802737079	395396825700881	395396803035777
395396819416559	395396833921922	395396819707392
395396836129267	395396850365100	395396836416611
395396852739579	395396866808693	395396853021402
395396869384579	395396883250620	395396869760673
395396886095777	395396899692548	395396886383798
395396902801402	395396916132183	395396903077236
395396919458954	395396932571141	395396919718746
395396936106090	395396949010204	395396936373642
395396952757861	395396965451923	395396955670361
395396982877392	395396998338381	395396983175934
395396986089371	395397006560100	395396986384840
395397002770986	395397014780829	395397003064371
395397019427027	395397031220621	395397019746871
395397036169579	395397047660152	395397036452079
395397052765986	395397064103433	395397053030517
395397069395517	395397080544683	395397069772340
395397086105152	395397096988172	395397086379423
395397102739267	395397113432392	395397103016298
395397119391611	395397129876246	395397119662392
395397136100777	395397154542079	395397137502861
395397166036715	395397179204892	395397166315829
395397169371611	395397187425412	395397169650829
395397186032184	395397203865204	395397186450829
395397202653486	395397220306506	395397202945204
395397219341715	395397236747026	395397219629111
395397236118954	395397253190725	395397236378590
395397252674736	395397269633380	395397252955465
395397269315777	395397286072340	395397269606142
395397286028329	395397302511558	395397286405777
395397302862704	395397318952287	395397314998486
395397332155933	395397343613798	395397332374996
395397335970986	395397351834266	395397336255986
395397352673433	395397368274891	395397352964736
395397369421298	395397384716037	395397369695829
395397386071246	395397401158902	395397386450361
395397402741715	9223372036854775807	395397403013642

POLL t=65.0 tick=1663
8333333
395406367750513	395406378207492	395406368051607
395406384407649	395406402870304	395406384681451
395406401064732	395406419309576	395406401352492
395406417744420	395406435749627	395406417930774
395406452817701	395406468636242	395406453183326
395406453032857	395406476856919	395406453187492
395406469691711	395406485078533	395406469997701
395406486331607	395406501518534	395406486648951
395406503030045	395406517960252	395406503453951
395406519698638	395406534402179	395406520028795
395406536408482	395406550844158	395406536692492
395406553090305	395406567286450	395406555544576
395406587170357	395406600170096	395406587512180
395406587480305	395406608391294	395406587644420
395406604046607	395406616613065	395406604415617
395406620693482	395406633055721	395406620985930
395406637345617	395406649496137	395406637637649
395406654027961	395406665935826	395406654313794
395406670696294	395406682375148	395406670979263
395406687432336	395406698814575	395406689677701
395406721694263	395406739912492	395406722064263
395406721881138	395406748131502	395406722134836
395406738589419	395406756349991	395406738948169
395406755211919	395406772787961	395406755503169
395406771935930	395406789224679	395406772212701
395406788600513	395406805660461	395406788880149
395406805265669	395406822101607	395406805645617
395406821959263	395406838543429	395406825806607
395406855804419	395406871424263	395406856166919
395406855970513	395406879643482	395406856190513
395406872649107	395406887863065	395406872945044
395406889300930	395406904300877	395406889589263
395406906019524	395406920741190	395406906390149
395406922693794	395406937179367	395406922990305
395406939358326	395406953618273	395406939635617
395406956161763	395406970055616	395406956957076
395406989834263	395407002934419	395406990185357
395406990090774	395407011153950	395406990218117
395407006674211	395407019373637	395407007119888
395407023417232	395407035815305	395407023718169
395407040095044	395407052255773	395407040359992
395407056727701	395407068694159	395407057010617
395407073354107	395407085134211	395407073643273
395407090078586	395407101573950	395407090468013
395407125222857	395407142668794	395407125648638
395407125460669	395407150886763	395407125655148
395407142060982	395407159105669	395407142382701
395407158830773	395407175547023	395407159043169
395407175497492	395407191988377	395407175783638
395407192220773	395407208428742	395407192498638
395407208809576	395407224872179	395407209186294
395407225508013	395407241316138	395407226234211
395407259599055	395407274202075	395407259988325
395407259896763	395407282424627	395407259998950
395407276472336	395407290645773	395407276788482
395407293151919	395407307086345	395407293460825
395407309854107	395407323526866	395407310221919
395407326523586	395407339968898	395407326807648
395407343158898	395407356407856	395407343439419
395407359870930	395407372846346	395407360084055
395407394934211	395407405725825	395407395263482
395407395143169	395407413945565	395407395268950
395407413647909	395407430384731	395407414063950
395407430114419	395407446824783	395407430392857
395407446746867	395407463265877	395407447033117
395407463451086	395407479703273	395407463766919
395407480053325	395407496142648	395407491082075
395407514401867	395407529024731	395407514849575
395407514580044	395407537245252	395407514861919
395407531287857	395407545465408	395407531650669
395407547987544	395407561906606	395407548263117
395407564626398	395407578346555	395407564918794
395407581301607	395407594785877	395407581608638
395407597967023	395407611225825	395407598254888
395407614656294	395407627666450	395407617351711
395407648638482	395407660551398	395407649037700
395407649014263	395407668772180	395407649149992
395407665542544	395407676993116	395407665839263
395407682188169	395407693433169	395407682490305
395407698902232	395407709873741	395407699176138
395407715611086	395407726313169	395407715982700
395407732259263	395407742754835	395407732538794
395407749023638	395407759194939	395407751294054
395407783567700	395407800300096	395407784059732
395407783777075	395407808521763	395407784067648
395407800576398	395407816742022	395407800887857
395407817172388	395407833183585	395407817544732
395407833851086	395407849623429	395407834137023
395407850580513	395407866062283	395407850856242
395407867188482	395407882500721	395407867465044
395407883945357	395407898938689	395407884449575
395407919070148	395407931813690	395407919508169
395407919446242	395407940033794	395407919610461
395407936212856	395407948253793	395407936546919
395407952775044	395407964692647	395407953046919
395407969379263	395407981129470	395407969656138
395407986094263	395407997566137	395407986368013
395408002757388	395408014004001	395408011675356
395408037312544	395408055098845	395408037745513
395408037632856	395408063318846	395408037747544
395408054313117	395408071537595	395408054558013
395408070971294	395408087974991	395408071263794
395408087656919	395408104412960	395408087944888
395408104332231	395408120849523	395408104601294
395408120936763	395408137289158	395408121323013
395408137735148	395408153728741	395408138914836
395408177642856	395408194827283	395408177979367
395408177991294	395408203047908	395408178084523
395408194617648	395408211268481	395408194958377
395408211285773	395408227709002	395408211713325
395408227974054	395408244149366	395408228249523
395408244623273	395408260593689	395408244899731
395408261278117	395408277034835	395408261550304
395408277947700	395408293475564	395408278135513
395408312349731	395408326359783	395408312821450
395408312619419	395408334579210	395408312826242
395408329225044	395408342799574	395408329555148
395408345950304	395408359239001	395408346266242
395408362611294	395408375676762	395408362887856
395408379265044	395408392116033	395408379545460
395408395964367	395408408554158	395408396243742
395408412613950	395408424993064	395408416179419
395408446484210	395408457876241	395408446873950
395408446757700	395408466098429	395408446877335
395408463435825	395408474319106	395408463764263
395408480091450	395408490759210	395408480392544
395408496787492	395408507200252	395408497063117

POLL t=76.2 tick=1775
8333333
395417464087540	395417474166811	395417466576603
395417499354728	395417515268634	395417499669259
395417499538165	395417523488217	395417499685509
395417516191915	395417531707956	395417516482697
395417532913009	395417548148790	395417533208009
395417549588478	395417564593061	395417549874207
395417566249988	395417581036342	395417566622072
395417582920822	395417597478894	395417583206863
395417599573790	395417613921342	395417605689676
395417634299676	395417646796758	395417634699676
395417634686134	395417655015665	395417634822072
395417651229572	395417663234884	395417651650457
395417667867644	395417679673894	395417668318165
395417684607853	395417696111342	395417684890665
395417701253738	395417712550196	395417701527176
395417717914884	395417728991082	395417718188738
395417734583113	395417745431967	395417743010613
395417770486446	395417786537905	395417770881342
395417770762384	395417794760509	395417770904311
395417787360353	395417802983633	395417787673321
395417804096603	395417819426290	395417804381603
395417820753009	395417835867540	395417821033165
395417837424103	395417852309154	395417837711394
395417854085509	395417868748268	395417854361915
395417870764571	395417885189728	395417873400821
395417906198426	395417918071862	395417906593165
395417906582228	395417926295300	395417906720196
395417923061134	395417934517331	395417923363738
395417939946655	395417950960769	395417940190769
395417956489103	395417967402748	395417956791290
395417973112176	395417983845144	395417973382696
395417989776446	395418000286446	395417990044259
395418006453478	395418016728477	395418013820821
395418041890353	395418057832800	395418042263165
395418042138113	395418066053477	395418042268478
395418058785665	395418074272800	395418059300978
395418075418165	395418090711498	395418075704571
395418092164884	395418107149884	395418092460665
395418108810353	395418123587957	395418109092384
395418125481290	395418140027748	395418125756446
395418142143009	395418156467123	395418147413790
395418177618738	395418189346238	395418178080821
395418178155457	395418197566238	395418178232384
395418194519832	395418205786029	395418194840040
395418211192332	395418222224675	395418211484103
395418227909884	395418238665456	395418228193269
395418244554415	395418255104884	395418244841290
395418261185821	395418271545196	395418261588634
395418277850144	395418296203893	395418288509259
395418312513582	395418329084102	395418312848321
395418312746915	395418337304935	395418312855196
395418329378478	395418345525091	395418329673009
395418346111290	395418361962957	395418346387228
395418362760509	395418378400612	395418363137853
395418379455613	395418394839467	395418379766446
395418396132332	395418411278061	395418396406759
395418412786446	395418427720247	395418414659363
395418447230821	395418460597383	395418447684102
395418447569519	395418468818009	395418447765769
395418464133165	395418477037331	395418464659415
395418480720509	395418493476654	395418481018113
395418497454363	395418509918425	395418497736915
395418514108582	395418526359415	395418514391602
395418530781602	395418542797019	395418531064259
395418547442071	395418559237071	395418557771759
395418582095040	395418600337227	395418582467227
395418582308113	395418608558164	395418582472019
395418598968634	395418616777696	395418599274363
395418615648009	395418633218216	395418615935821
395418632298477	395418649656914	395418632582852
395418649010925	395418666096081	395418649300352
395418665688165	395418682536706	395418681211082
395418682348894	395418698978998	395418683258894
395418717224259	395418731866706	395418717618165
395418717418165	395418740089154	395418717622800
395418734048946	395418748310873	395418734372800
395418750801759	395418764750508	395418751095457
395418767476238	395418781194102	395418767851602
395418784136394	395418797635925	395418784428738
395418800829571	395418814078581	395418801115300
395418817485769	395418830521758	395418820205613
395418849184519	395418863402488	395418849512227
395418850786915	395418871622227	395418851120925
395418867468894	395418879842488	395418867893425
395418884223321	395418896281915	395418884489884
395418900890665	395418912721966	395418901167019
395418917531759	395418929160300	395418917818946
395418934293946	395418945599571	395418934572540
395418950857227	395418970258998	395418962341290
395418982723946	395418994918633	395418983105196
395418984186863	395419003138321	395418984503321
395419000846759	395419011357904	395419001146290
395419017508009	395419027796654	395419017787384
395419034178946	395419044235403	395419034458790
395419050886863	395419068892956	395419051157071
395419067477800	395419085331133	395419067887540
395419084237488	395419101772174	395419084383165
395419117083008	395419134653372	395419117383633
395419117474206	395419142872487	395419117588165
395419134244102	395419151092383	395419134570769
395419150943008	395419167534883	395419151238477
395419167563581	395419183976289	395419167942383
395419184398738	395419200413476	395419184668008
395419200896550	395419216852175	395419210210040
395419237241290	395419249731602	395419237586863
395419237813321	395419257951706	395419238004831
395419254313633	395419266172123	395419254644519
395419270918008	395419282614414	395419271289831
395419287627644	395419299054726	395419287897488
395419304284571	395419315493842	395419304564831
395419320926081	395419331934153	395419321199727
395419337595613	395419348375716	395419337931915
395419372889102	395419389474571	395419373452696
395419373327696	395419397694466	395419373457227
395419389780040	395419405914310	395419390100613
395419406435456	395419422357018	395419406735821
395419423155456	395419438796237	395419423454571
395419439822227	395419455232174	395419440096394
395419456422852	395419471672071	395419456719883
395419473193425	395419488110821	395419480334519
395419508928477	395419520985091	395419509248321
395419509087227	395419529203997	395419509254362
395419525756394	395419537422382	395419526049883
395419542533581	395419553858112	395419542786081
395419559185352	395419570293164	395419559464102
395419575846081	395419586727747	395419576257487
395419592515300	9223372036854775807	395419592796915

POLL t=87.2 tick=1849
8333333
395428531797328	395428546583942	395428532053474
395428548453317	395428563026911	395428548730817
395428565099411	395428579465817	395428579252015
395428581778005	395428595905296	395428582216755
395428618111599	395428628786598	395428618562224
395428618436911	395428637007067	395428618574411
395428635012953	395428645227848	395428635332953
395428651702224	395428669886025	395428652011078
395428668391911	395428686326181	395428668672067
395428685061546	395428702767432	395428685344880
395428701696130	395428719207692	395428715377640
395428718412536	395428735647171	395428718805817
395428754270192	395428768526755	395428754606755
395428754493890	395428776746286	395428754611911
395428771130296	395428784965608	395428771448421
395428787950349	395428801405452	395428788247380
395428804582015	395428817846234	395428804955974
395428821235974	395428834284671	395428821528630
395428837878578	395428850723005	395428849784359
395428854620036	395428867160765	395428854976286
395428891716286	395428908254306	395428892080036
395428891908942	395428916472692	395428892092015
395428908553473	395428924692483	395428908995192
395428925254671	395428941134150	395428925539203
395428941939411	395428957575608	395428942211442
395428958620036	395428974016389	395428958880348
395428975301442	395428990458681	395428983461442
395429007570348	395429023345921	395429008062536
395429008701078	395429031567587	395429008995036
395429025314671	395429039788056	395429025593578
395429042041130	395429056233629	395429042328421
395429058691859	395429072679098	395429059009203
395429075361130	395429089121390	395429075643317
395429092070921	395429105565973	395429105174671
395429108699255	395429122009880	395429109102848
395429143944723	395429154894150	395429144271234
395429144257848	395429163116858	395429144363317
395429160860921	395429171339410	395429161178005
395429177589880	395429187782535	395429177899723
395429194242536	395429212443109	395429194532380
395429210905921	395429228884775	395429211282692
395429227571078	395429245327431	395429239064723
395429262754880	395429278209307	395429263187067
395429263043473	395429286431493	395429263201286
395429279658734	395429294651545	395429279948421
395429296323317	395429311094567	395429296607536
395429313051911	395429327535087	395429313428005
395429329729723	395429343974254	395429330021130
395429346371702	395429360415504	395429359012380
395429363065140	395429376857587	395429363484098
395429398115348	395429409736807	395429398573890
395429398407848	395429417956858	395429398581286
395429415092536	395429426177014	395429415520296
395429431694515	395429442616130	395429431984671
395429448400036	395429459055452	395429448674827
395429465070036	395429475495348	395429465357536
395429481727171	395429500152483	395429491898317
395429516998317	395429533032119	395429517380452
395429517172848	395429541251494	395429517384880
395429533910296	395429549470140	395429534201598
395429550530661	395429565910140	395429550820817
395429567231390	395429582353994	395429567509411
395429583909046	395429598796285	395429584193473
395429600530504	395429615239827	395429600822171
395429617261598	395429631685556	395429619404046
395429661412171	395429672792327	395429661804723
395429661702848	395429681014515	395429661870504
395429678235036	395429689236390	395429678537379
395429694926129	395429705679254	395429695252848
395429711597327	395429722120243	395429711985504
395429728265921	395429738565348	395429728559254
395429744924411	395429763230764	395429758392171
395429780319202	395429796112640	395429780711442
395429780551911	395429804334306	395429780743473
395429797189879	395429812556285	395429797475921
395429813927067	395429828996494	395429814340661
395429830575973	395429845435504	395429830856129
395429847261598	395429861876077	395429847560036
395429863947640	395429878316650	395429875268942
395429895568734	395429911197066	395429895902223
395429897400661	395429919418629	395429897732223
395429914038786	395429927639567	395429914420661
395429930747692	395429944083004	395429931015765
395429947395973	395429960528161	395429947673629
395429964067327	395429976970608	395429964378317
395429980762536	395429993411598	395429988698473
395430014478161	395430026296754	395430015001598
395430014786286	395430034517066	395430015006911
395430031493004	395430042738108	395430031806442
395430048149254	395430059180764	395430048429879
395430064824202	395430075624098	395430065101546
395430081545921	395430092068733	395430081820348
395430098202536	395430116736129	395430098474515
395430114893317	395430133180087	395430118831129
395430150158161	395430166070244	395430150619098
395430150504411	395430174291910	395430150625192
395430167090504	395430182513941	395430167387640
395430183772536	395430198956025	395430184090817
395430200468942	395430215396285	395430200741129
395430217124254	395430231836389	395430217489567
395430233775504	395430248278577	395430234057848
395430250467952	395430264720191	395430257419410
395430284930973	395430297605139	395430285241910
395430285296285	395430305824983	395430285436910
395430301909098	395430314044254	395430302246233
395430318580973	395430330484827	395430318958785
395430335285140	395430346927118	395430335565973
395430351982223	395430363366858	395430352253785
395430368600973	395430379807743	395430368869098
395430385305348	395430396249045	395430385620973
395430420914254	395430437345921	395430421303785
395430421282796	395430445564983	395430421470817
395430437761077	395430453782587	395430438054098
395430454475973	395430470219358	395430454758629
395430471149723	395430486658420	395430471425660
395430487808942	395430503096806	395430488090452
395430504476390	395430519537067	395430504751598
395430521153785	395430535973369	395430521961285
395430556485817	395430568852482	395430556865765
395430556671910	395430577073993	395430556870973
395430573331598	395430585295399	395430573619046
395430590022796	395430601736962	395430590316702
395430606746129	395430618178785	395430607028317
395430623367848	395430634619305	395430623749410
395430640090035	395430651059722	395430640374723
395430656751389	395430675719775	395430669462535
395430673422796	9223372036854775807	395430673744098

POLL t=98.3 tick=1924
8333333
395439754829407	395439767958208	395439755213001
395439771501438	395439784397636	395439771792688
395439788209667	395439800839094	395439788543105
395439822818313	395439833720239	395439823224511
395439823121126	395439841939823	395439823240032
395439839703938	395439850159563	395439840027323
395439856437063	395439866598260	395439856858573
395439873085813	395439883036073	395439873377948
395439889752063	395439907695135	395439890035813
395439906404511	395439924134198	395439919788782
395439923087532	395439940572844	395439923540917
395439958347532	395439973448052	395439959005032
395439958650813	395439981667375	395439959009823
395439975318782	395439989885396	395439975625657
395439991980917	395440006325135	395439992264407
395440008640188	395440022765604	395440008913730
395440025306594	395440039204302	395440025590188
395440041964407	395440055643937	395440054710813
395440058653625	395440072081646	395440059025761
395440094148938	395440104956177	395440094678573
395440094472063	395440113173781	395440094695344
395440111102532	395440121389823	395440111405657
395440127760344	395440137825552	395440128060813
395440144418313	395440162476541	395440144699667
395440161094042	395440178911386	395440161471230
395440177745448	395440195347115	395440191570032
395440194454250	395440211783157	395440194820761
395440229658157	395440244648990	395440230204667
395440230017219	395440252867271	395440230215917
395440246554198	395440261084406	395440246875032
395440263228625	395440277521437	395440263630032
395440279958782	395440293956281	395440280218000
395440296606125	395440310391907	395440296893000
395440313234094	395440326825865	395440313523000
395440329980969	395440343263364	395440335830188
395440364833157	395440376138833	395440365243625
395440365047792	395440384358469	395440365249980
395440381677480	395440392577010	395440382000292
395440398327948	395440409012688	395440398617323
395440415055657	395440425448312	395440415335500
395440431725969	395440450103156	395440432012063
395440448386230	395440466539302	395440448661230
395440465060448	395440482977010	395440465679198
395440500396229	395440515850396	395440500784875
395440500585657	395440524068625	395440500837063
395440517247219	395440532284927	395440517560500
395440534006125	395440548718104	395440534373782
395440550661282	395440565153885	395440550921125
395440567311282	395440581590135	395440567690032
395440583974094	395440598027844	395440584257688
395440600672479	395440614465604	395440605354094
395440635734094	395440647339458	395440636172844
395440636127792	395440655557791	395440636310969
395440652636125	395440663775968	395440652858469
395440669356542	395440680212218	395440669638156
395440686044354	395440696649198	395440686321854
395440702663156	395440721306020	395440702955969
395440719391281	395440737745760	395440734891073
395440736107479	395440754186073	395440736463781
395440770900292	395440787069302	395440771291281
395440771130031	395440795289198	395440771442688
395440787751438	395440803507844	395440788043313
395440804461438	395440819944718	395440804744406
395440821133625	395440836382739	395440821404511
395440837799719	395440852819719	395440838094667
395440854468313	395440869256437	395440854870344
395440871139823	395440885694562	395440871254198
395440905978625	395440918571176	395440906330448
395440906155656	395440926790760	395440906339875
395440922834094	395440935011021	395440923182011
395440939483469	395440951448364	395440939779823
395440956210188	395440967886072	395440956591125
395440972910500	395440984326750	395440973181125
395440989520500	395441000763625	395440989800813
395441006289875	395441017201698	395441007721854
395441041363781	395441058298886	395441041740344
395441041685031	395441066519093	395441041866073
395441058443261	395441074739666	395441058761281
395441075014563	395441091179771	395441075294823
395441091724250	395441107617687	395441091986906
395441108378625	395441124054927	395441108665344
395441125036854	395441140493364	395441125317688
395441141826438	395441156931229	395441145558729
395441176638938	395441189804927	395441177085500
395441176963260	395441198022166	395441177092479
395441193604042	395441206239875	395441193907948
395441210263781	395441222676229	395441210556542
395441226934719	395441239112999	395441227210500
395441243600500	395441255549615	395441243878156
395441260235656	395441271988416	395441260622167
395441276988938	395441288429458	395441279683260
395441311386542	395441329523052	395441311697688
395441311567219	395441337741646	395441311708938
395441328300292	395441345960864	395441328582219
395441344983781	395441362400239	395441345267219
395441361666125	395441378840187	395441362022792
395441378370135	395441395279666	395441378647635
395441395035344	395441411720969	395441395307792
395441411772687	395441428159406	395441414454250
395441446460031	395441461035551	395441446835448
395441446812948	395441469255239	395441446947844
395441463341594	395441477475031	395441463763000
395441480065187	395441493914666	395441480340031
395441496713469	395441510357114	395441496999094
395441513375031	395441526798833	395441513659562
395441530075656	395441543240135	395441530346698
395441546756594	395441559679145	395441549815187
395441581789094	395441592558937	395441582170031
395441581970917	395441600777791	395441582175344
395441598650656	395441608997427	395441599032687
395441615308417	395441625437478	395441615614354
395441631993469	395441641877583	395441632295500
395441648693937	395441666534094	395441648980292
395441665365812	395441682969198	395441665748885
395441682032479	395441699405968	395441688727792
395441716928781	395441732284510	395441717291750
395441717109094	395441740504041	395441717295760
395441733851229	395441748723885	395441734153781
395441750471906	395441765165031	395441750750969
395441767160656	395441781603728	395441767533312
395441783801437	395441798041281	395441784090187
395441800487219	395441814479041	395441800777479
395441817197375	395441830918052	395441822243104
395441848327844	395441863794302	395441848640344
395441850466594	395441872013989	395441850765604
395441867132479	395441880233572	395441867507062
395441883899562	9223372036854775807	395441884152375

POLL t=109.6 tick=1997
8333333
395450918195965	395450930768256	395450918558778
395450934822476	395450947215235	395450935099090
395450951493778	395450963659298	395450951775809
395450968248465	395450980104610	395450975716434
395451002677319	395451021213673	395451003201434
395451002926121	395451029434246	395451003208309
395451019551590	395451037655913	395451019852059
395451036263413	395451054098204	395451036544090
395451052941850	395451070541069	395451053218621
395451069608257	395451086982579	395451069893100
395451086266278	395451103425652	395451101240757
395451102950288	395451119865184	395451103324871
395451137437788	395451152751902	395451137817475
395451137640496	395451160974662	395451137846746
395451154337840	395451169198361	395451154702215
395451170939715	395451185645079	395451171257840
395451187641590	395451202091694	395451188018309
395451204345027	395451218537995	395451204720027
395451221012059	395451234982006	395451221300340
395451237670809	395451251426486	395451247511538
395451271748465	395451284312788	395451272135444
395451272106121	395451292534037	395451272277840
395451288646746	395451300754766	395451288955809
395451305339871	395451317193725	395451305734507
395451321989402	395451333633569	395451322277527
395451338718465	395451350073465	395451338993934
395451355324402	395451374740079	395451366700340
395451406639507	395451424073933	395451406973257
395451406851694	395451432295443	395451406978621
395451423552059	395451440516902	395451423875184
395451440293777	395451456960027	395451440721277
395451456884715	395451473407319	395451457174350
395451473565652	395451489852474	395451473852944
395451490223882	395451506296954	395451490516434
395451506893934	395451522741121	395451507272788
395451523580340	395451539183777	395451527284194
395451557764246	395451572067996	395451558282059
395451558108777	395451580288361	395451558288725
395451574581746	395451588509454	395451574882684
395451591271225	395451604952527	395451591564350
395451607952527	395451621396173	395451608331902
395451624665913	395451637840860	395451624945184
395451641329038	395451654283517	395451641653465
395451658004663	395451670730131	395451658185756
395451692831434	395451703620391	395451693205496
395451692988569	395451711842162	395451693269402
395451709649402	395451720063934	395451710036746
395451726385027	395451744726121	395451726690340
395451743070652	395451752946433	395451743351902
395451759716590	395451777601434	395451759996694
395451776376850	395451794040287	395451790606590
395451793058934	395451810478881	395451793410652
395451828114558	395451843356329	395451828673777
395451828450496	395451851575808	395451828679194
395451845042527	395451859793829	395451845354038
395451861726433	395451876233725	395451862157996
395451878347006	395451892675079	395451878670183
395451895008308	395451909118569	395451895302996
395451911708933	395451933782370	395451926807215
395451928387058	395451942002787	395451928770496
395451962838308	395451974883569	395451963236850
395451963062527	395451983102944	395451963242683
395451979696902	395451991322995	395451980032788
395451996438933	395452007764089	395451996719402
395452013082840	395452024201798	395452013451277
395452029748100	395452040640443	395452030074715
395452046415288	395452057079298	395452046690444
395452063098256	395452073517058	395452063306277
395452098365756	395452114611381	395452098799246
395452098689090	395452122830808	395452098875027
395452115257996	395452131050444	395452115825652
395452131950027	395452147489767	395452132248308
395452148605340	395452163930287	395452148879715
395452165278308	395452180371641	395452165562631
395452181935444	395452196812631	395452182218621
395452198672996	395452213251589	395452198853256
395452233841850	395452246128621	395452234243621
395452234241381	395452254348985	395452234390600
395452250876537	395452262568360	395452251201069
395452267542631	395452279006745	395452267833933
395452284241537	395452295443360	395452284515965
395452300944402	395452311881746	395452301142058
395452317587787	395452336537005	395452333667006
395452334207683	395452344755131	395452334522475
395452369067944	395452385846589	395452369415183
395452369290444	395452394064714	395452369577006
395452386071694	395452402283881	395452386371537
395452402648308	395452418720444	395452403047996
395452419377058	395452435158568	395452419650652
395452436113777	395452451595860	395452436384819
395452452717058	395452468032944	395452467557839
395452469321537	395452484472527	395452469641902
395452504264506	395452517347266	395452504755652
395452504555339	395452525567006	395452504760652
395452521303621	395452533786172	395452521584714
395452537918933	395452550222526	395452538209714
395452554612787	395452566663256	395452554885912
395452571291746	395452583103100	395452571568152
395452587997996	395452599540600	395452597120183
395452621952944	395452632416277	395452622368464
395452622285756	395452640636224	395452622373569
395452638980131	395452657077527	395452639279975
395452655584558	395452673516849	395452655862683
395452672258777	395452689953412	395452672529871
395452688940496	395452706394141	395452689218152
395452705577527	395452722836329	395452720830131
395452722318412	395452739279297	395452722669402
395452755130027	395452772164193	395452755455808
395452755546902	395452780384662	395452755682839
395452772325287	395452788604246	395452772554819
395452788976589	395452805046380	395452789254089
395452805622214	395452821490027	395452805996902
395452822303308	395452837932214	395452822614975
395452838955496	395452854374246	395452839245287
395452855679975	395452870815235	395452855812214
395452891046589	395452903697266	395452891502475
395452891382683	395452911918568	395452891553777
395452907883568	395452920138933	395452908286277
395452924560183	395452936580287	395452924854714
395452941294662	395452953020287	395452941576902
395452957936589	395452969463568	395452958217943
395452974606381	395452985908151	395452974884871
395452991305027	395453002350130	395452993420287
395453020687371	395453035234453	395453021030027
395453024535652	395453043456849	395453024843308
395453041305443	395453059899974	395453041589975
395453057892162	395453068122682	395453058200131

POLL t=120.8 tick=2111
8333333
395462143210127	395462160452627	395462143595596
395462143401117	395462168671846	395462143600492
395462160093305	395462176892159	395462160565492
395462176766117	395462193332784	395462177078930
395462193459190	395462209768825	395462193730909
395462210087784	395462226206689	395462210372523
395462226777055	395462242642627	395462227048773
395462262335648	395462275519293	395462262722680
395462262637836	395462283737836	395462262750492
395462279177055	395462291957106	395462279498773
395462295891273	395462308395960	395462296180180
395462312580440	395462324836533	395462312867002
395462329248148	395462341272262	395462329531586
395462345908565	395462357708408	395462346196429
395462381001429	395462398803408	395462381410179
395462381262315	395462407022783	395462381415336
395462397964711	395462415241741	395462398274086
395462414587054	395462431676637	395462420926534
395462431300336	395462448113825	395462431580179
395462447964867	395462464549814	395462448254086
395462464624346	395462480986325	395462471696690
395462499891586	395462513857210	395462500278617
395462500105179	395462522076793	395462500284398
395462516720961	395462530296794	395462517017523
395462533457523	395462546736638	395462534818877
395462550123461	395462563176741	395462550504659
395462566790492	395462579616221	395462567076586
395462583446586	395462596055909	395462585509711
395462627095440	395462637154606	395462627423565
395462627252836	395462645374658	395462627504815
395462643920961	395462661810439	395462644199242
395462660611586	395462678248668	395462663307367
395462677327523	395462694685596	395462677564346
395462694005648	395462711125023	395462694284242
395462710664659	395462727564554	395462712619346
395462746703565	395462760445283	395462747059867
395462746892940	395462768664867	395462747074242
395462763547627	395462776883877	395462763942002
395462780238773	395462793321950	395462784053408
395462796943304	395462809762106	395462797221846
395462813602523	395462826200544	395462813886117
395462830267158	395462842638096	395462834764554
395462866905179	395462883729814	395462868138461
395462867203929	395462891948043	395462868158304
395462883840961	395462900167158	395462884067679
395462900498773	395462916603720	395462906661586
395462917146273	395462933041481	395462917428461
395462933816846	395462949482991	395462934091377
395462950497367	395462965925126	395462957918460
395462986913565	395462998805283	395462987547679
395462987351742	395463007024814	395462987591585
395463003840127	395463015244970	395463004144815
395463020530960	395463031685648	395463027855960
395463037196585	395463048127626	395463037486898
395463053844085	395463064566585	395463054262783
395463070534502	395463081008824	395463077964554
395463106558617	395463122112887	395463106927783
395463106708565	395463130332939	395463106960179
395463123369398	395463138552366	395463123677210
395463140151742	395463154991376	395463146513773
395463156763929	395463171433096	395463157145283
395463173435804	395463187872887	395463173717367
395463190093565	395463204311742	395463198056377
395463225384710	395463237197314	395463225773304
395463225561898	395463245418668	395463225777158
395463242234554	395463253638721	395463242557523
395463258958773	395463270080230	395463267349710
395463275618617	395463286522626	395463275945335
395463292287940	395463302962783	395463292566585
395463308924398	395463319401428	395463309249346
395463343430648	395463360504814	395463343800492
395463343706273	395463368725856	395463343803773
395463360312783	395463376947523	395463360752679
395463377067210	395463393391845	395463377329242
395463393696585	395463409834137	395463393974398
395463410347523	395463426275596	395463410634242
395463426997523	395463442715230	395463427282835
395463443820492	395463459156220	395463445106429
395463479249398	395463492034397	395463479622992
395463479467002	395463500254502	395463479627992
395463496263617	395463508473512	395463496629242
395463512849085	395463524912418	395463513148564
395463529539867	395463541353095	395463529820960
395463546208252	395463557792887	395463546497627
395463562887054	395463574232106	395463563255335
395463579585023	395463590671220	395463582105960
395463614136429	395463631768824	395463614625960
395463614539189	395463639988772	395463614632991
395463631159241	395463648208616	395463631455335
395463647789085	395463664649449	395463648073304
395463664476741	395463681088356	395463664839710
395463681192314	395463697528043	395463681465804
395463697843773	395463713967783	395463711279085
395463714488616	395463730407261	395463715272679
395463745112210	395463755068563	395463745374033
395463747786429	395463763287730	395463748086585
395463764480023	395463779725595	395463764888304
395463781135804	395463796162418	395463781418721
395463797832939	395463812600074	395463798101741
395463814541221	395463829037574	395463814810023
395463831151533	395463845476168	395463837492523
395463861204346	395463878352366	395463861703148
395463864603408	395463886570804	395463864912991
395463881325179	395463894790230	395463881608877
395463897953616	395463911227158	395463898242783
395463914607679	395463927663980	395463914890127
395463931376429	395463944100075	395463931655752
395463947985648	395463960538772	395463955400023
395463982545804	395463993417470	395463983017366
395463983059658	395464001637991	395463983179658
395463999514502	395464009857470	395463999821585
395464016166898	395464026295074	395464018360179
395464032809658	395464050959814	395464033085960
395464049476898	395464067402417	395464049749241
395464066133720	395464083844241	395464068639554
395464100885179	395464116724240	395464101260648
395464101049085	395464124943252	395464101291741
395464117717523	395464133162939	395464118009345
395464134432210	395464149605075	395464134730335
395464151095179	395464166046637	395464151377835
395464167730804	395464182488980	395464168121741
395464184386064	395464198930960	395464184693929
395464214157627	395464231817679	395464214507054
395464217694033	395464240040595	395464218019866
395464234421845	395464248263981	395464234729085
395464251084345	395464264708408	395464251363616
395464267735335	395464281150491	395464268135804

POLL t=132.5 tick=2187
8333333
395473803358404	395473817427779	395473803762779
395473820134394	395473833867623	395473820429029
395473836747154	395473850309445	395473837026113
395473853421581	395473866748144	395473853700488
395473870099394	395473883187935	395473881055488
395473906495175	395473924292675	395473906990644
395473906726842	395473932514445	395473906995435
395473923337675	395473940734341	395473923634706
395473940155331	395473957175383	395473940444238
395473956754706	395473973615956	395473957042779
395473973420904	395473990054758	395473973734967
395473990031113	395474006494446	395474001065123
395474026621685	395474039380382	395474026951529
395474026857831	395474047600540	395474026958560
395474043497050	395474055821476	395474043794342
395474060221060	395474072261581	395474060487154
395474076877519	395474088701633	395474077155175
395474093504706	395474105145070	395474093795644
395474110206269	395474121585070	395474120614185
395474155961581	395474170907362	395474156286581
395474156420592	395474179127987	395474156623612
395474172883144	395474187350070	395474173220800
395474189527519	395474203789445	395474189813717
395474206207050	395474220229393	395474206580019
395474222852935	395474236667570	395474223167154
395474239570435	395474253107830	395474239846894
395474256240592	395474269547935	395474256374081
395474293088612	395474310650591	395474293651998
395474293438144	395474318872154	395474293658248
395474309957206	395474327092935	395474310390748
395474326647831	395474343533508	395474326937310
395474343342519	395474359973143	395474343670279
395474360067310	395474376412362	395474360294706
395474376661425	395474392853195	395474390207519
395474412990019	395474425733612	395474413409550
395474413228925	395474433951684	395474413414498
395474429846737	395474442170071	395474430138404
395474446589185	395474458611320	395474446866581
395474463232154	395474475050070	395474463516112
395474479908925	395474491489550	395474480189550
395474496616737	395474507930487	395474496893925
395474513242987	395474524371737	395474521705644
395474549552050	395474565471633	395474549934550
395474549787050	395474573692466	395474549940487
395474566424394	395474581913716	395474567491581
395474583088873	395474598353559	395474583380800
395474599811112	395474614789862	395474600102519
395474616482831	395474631226633	395474616859810
395474633110487	395474647666216	395474643679550
395474669257466	395474680539080	395474669625956
395474669470644	395474688758403	395474669654862
395474686220435	395474696977050	395474686517206
395474702806998	395474713414237	395474703194237
395474719539550	395474738074809	395474719806894
395474736167675	395474754515800	395474736457206
395474752808925	395474770953612	395474767626737
395474769540643	395474787391164	395474769899029
395474805613612	395474820271268	395474806173716
395474805765175	395474828492674	395474806183456
395474822452466	395474836713768	395474822733456
395474839123612	395474853155695	395474839408925
395474855836373	395474869596945	395474856105800
395474872500956	395474886038091	395474872766893
395474889161581	395474902481060	395474889437935
395474905836841	395474918921945	395474908272623
395474941832206	395474960026997	395474942175175
395474942157831	395474968247830	395474942333143
395474958689862	395474976469028	395474958988873
395474975368716	395474992909810	395474975688248
395474992094550	395475009349549	395474992376841
395475008749706	395475025790331	395475009113873
395475025417206	395475042230435	395475025739393
395475042086841	395475058670643	395475047064654
395475078719862	395475091554966	395475079124341
395475078889393	395475099776893	395475079132779
395475095607466	395475107999289	395475095895018
395475112244237	395475124443300	395475112611060
395475128963300	395475140885643	395475129238404
395475145669393	395475157324653	395475145956893
395475162289498	395475181985122	395475176520435
395475179057206	395475190207674	395475179432154
395475215898247	395475231309497	395475216290487
395475216209550	395475239529236	395475216296737
395475232894237	395475247749133	395475233236841
395475249535175	395475264189601	395475249832050
395475266200643	395475280631424	395475266475487
395475282842518	395475297071267	395475283122466
395475299517206	395475313512518	395475299823768
395475316252310	395475329948820	395475317524550
395475352806685	395475371041528	395475353164550
395475353015800	395475379260278	395475353202675
395475369751425	395475387479601	395475370060435
395475386407779	395475403913403	395475386694185
395475403114081	395475420349392	395475403393612
395475419789237	395475436786164	395475420150018
395475436491060	395475453223507	395475436760018
395475453171893	395475469663976	395475453257987
395475490166424	395475502542257	395475490488456
395475490581060	395475510761268	395475490686581
395475507091424	395475518980695	395475507541112
395475523834810	395475535420643	395475524122310
395475540528872	395475551859914	395475540799654
395475557192362	395475568300851	395475557488924
395475573845487	395475584741632	395475583010174
395475605099549	395475617621945	395475605719237
395475607121841	395475625842674	395475607521581
395475623848456	395475642281788	395475624120279
395475640532518	395475658722934	395475640816737
395475657131112	395475675161997	395475657401112
395475673836685	395475691603091	395475674108716
395475690486893	395475708043247	395475696919549
395475727125122	395475740922309	395475727544654
395475727356424	395475749142465	395475727550018
395475744064706	395475757362830	395475744377362
395475760695487	395475773803872	395475760975331
395475777364237	395475790242570	395475777637518
395475794047466	395475806679497	395475794313299
395475810647206	395475823116840	395475811032049
395475827373924	395475839554861	395475827782779
395475863761424	395475880652100	395475864147778
395475863942206	395475888871111	395475864167362
395475880624653	395475897091372	395475881011893
395475897276581	395475913534184	395475897573612
395475914016685	395475929974237	395475914384706
395475930635018	395475946415382	395475930923560
395475947364028	395475962857518	395475947648716
395475964093091	395475979298351	395475964510331

POLL t=143.7 tick=2265
8333333
395485047933921	395485060998451	395485048364494
395485064645796	395485077437670	395485064921890
395485081319337	395485093874337	395485081597515
395485097980327	395485110313295	395485098257931
395485114658087	395485126750535	395485123172983
395485149614702	395485159623191	395485150189025
395485149774233	395485167841316	395485150192515
395485166426421	395485184277357	395485166727462
395485183113400	395485200714337	395485183435744
395485199775015	395485217151785	395485200071837
395485216460744	395485233587566	395485216738400
395485233102515	395485250024337	395485242156421
395485268316525	395485282899076	395485268677046
395485268527827	395485291118243	395485268683452
395485285241421	395485299337410	395485285534546
395485301898400	395485315775431	395485302174337
395485318567983	395485332212149	395485318837983
395485335234962	395485348650639	395485335510952
395485351887983	395485365088920	395485355910483
395485386977202	395485397965483	395485387357931
395485387169233	395485406185118	395485387377671
395485403863608	395485414403243	395485404141264
395485420552462	395485430840430	395485420855900
395485437210796	395485447277774	395485437491212
395485453878296	395485471934753	395485454264389
395485470542306	395485488373608	395485481241525
395485506272827	395485521249754	395485506642931
395485506651369	395485529469909	395485506764546
395485523161212	395485537689701	395485523465744
395485539907358	395485554127566	395485540197358
395485556571264	395485570563868	395485556939025
395485573238400	395485587000170	395485573528139
395485589926577	395485603435743	395485594042671
395485625363921	395485636309962	395485625695171
395485625716421	395485644528868	395485625890952
395485642232046	395485652748087	395485642545431
395485658886577	395485669187514	395485659281733
395485675614337	395485693844493	395485675899077
395485692283764	395485710281524	395485692568452
395485708946993	395485726719233	395485709230171
395485725618608	395485743157254	395485725992983
395485762634389	395485776032878	395485763052306
395485762970275	395485784251368	395485763067618
395485779496577	395485792469909	395485779800327
395485796212462	395485808908868	395485796515171
395485812854337	395485825349024	395485813132046
395485829529546	395485841788920	395485829806108
395485846189702	395485866445639	395485858996264
395485862882983	395485874664180	395485863272202
395485898650795	395485915758399	395485899077202
395485898896108	395485923977410	395485899084077
395485915508400	395485932197358	395485915868712
395485932247202	395485948636003	395485932523087
395485948875952	395485965078607	395485949252358
395485965528764	395485981519180	395485965814858
395485982182670	395485997958868	395485985437983
395486018336056	395486030836160	395486018727462
395486018505014	395486039055743	395486018735795
395486035162931	395486047275327	395486035455639
395486051814233	395486063715274	395486052259545
395486068530014	395486080154805	395486068894545
395486085171368	395486096596055	395486085450795
395486101834493	395486113037566	395486102118608
395486118565900	395486129478972	395486118976889
395486154192045	395486170573243	395486154602983
395486154360587	395486178793556	395486154625118
395486171033712	395486187014181	395486171329545
395486187707670	395486203451472	395486188009650
395486204369389	395486219889024	395486204660170
395486221083712	395486236324650	395486221369962
395486238031889	395486252761368	395486243274077
395486273739337	395486285632150	395486274285795
395486274321733	395486293851732	395486274466733
395486290769337	395486302071107	395486291091733
395486307403764	395486318508816	395486307744545
395486324160483	395486334943972	395486324438087
395486340846889	395486351381315	395486341142514
395486357483087	395486376038399	395486368648295
395486391133764	395486408915743	395486391467670
395486391375274	395486417135638	395486391526681
395486408111108	395486425354389	395486408414077
395486424729389	395486441794597	395486425022670
395486441449858	395486458232409	395486441718452
395486458107045	395486474670690	395486458479545
395486474894389	395486491108139	395486476850795
395486510377514	395486523985430	395486510800170
395486510784233	395486532204754	395486510918139
395486527304181	395486540424440	395486527600743
395486544054077	395486556865170	395486544335795
395486560731264	395486573302617	395486561092045
395486577377618	395486589741211	395486577653764
395486594025795	395486606180170	395486602635118
395486629380795	395486647275274	395486629741368
395486629752826	395486655493971	395486629842149
395486646432826	395486663713451	395486646729076
395486663053087	395486680150742	395486663431420
395486679700899	395486696588190	395486679983764
395486696406108	395486713025274	395486696745170
395486713115899	395486729463086	395486718495639
395486746471993	395486762341263	395486746786993
395486746806576	395486770561211	395486746953399
395486763440587	395486778781315	395486763827931
395486780194024	395486795220065	395486780478608
395486796835587	395486811659180	395486797147462
395486813496212	395486828096681	395486813778451
395486830145795	395486844531316	395486834722149
395486865226212	395486877403764	395486865634024
395486865535899	395486885621836	395486865640587
395486882232774	395486893839545	395486882555639
395486898815014	395486910278086	395486899100014
395486915446576	395486926718138	395486915745795
395486932141576	395486943159441	395486932432670
395486948793451	395486959599232	395486955685170
395486983454389	395487000694753	395486983853087
395486983672305	395487008913243	395486983859805
395487000345483	395487017132097	395487000639858
395487017013868	395487033568087	395487017316108
395487033746264	395487050004805	395487033962826
395487050329701	395487066442253	395487050609649
395487067045274	395487082878868	395487072213451
395487101383555	395487115756315	395487101766108
395487101544233	395487123974649	395487101815795
395487118249233	395487132194596	395487118606212
395487134895118	395487148633191	395487135181733
395487151597149	395487165074701	395487151876368
395487168313295	395487181513347	395487168695326
395487185004493	395487197951524	395487191705014

POLL t=154.9 tick=2347
8333333
395496217958448	395496230331624	395496218371104
395496254218917	395496271431260	395496254838396
395496254701885	395496279652614	395496254845167
395496271211729	395496287873916	395496271581208
395496287885948	395496304314229	395496288170583
395496304606573	395496320751417	395496304954802
395496321222146	395496337190114	395496321493604
395496337886989	395496353628760	395496343380323
395496373656573	395496386504229	395496374041573
395496373880583	395496394723343	395496374063083
395496390577510	395496402942093	395496390910427
395496407237510	395496419380635	395496407596260
395496423901104	395496435819801	395496424178239
395496440570479	395496452260687	395496440846521
395496457255010	395496468699646	395496457424073
395496493528448	395496509793499	395496493832302
395496493856104	395496518013031	395496493998916
395496510468760	395496526232406	395496510851104
395496527108604	395496542671729	395496527394073
395496543786677	395496559112041	395496544087510
395496560456885	395496575551051	395496560745479
395496577175791	395496591991468	395496577349177
395496612156104	395496624871363	395496612524021
395496612498708	395496633091676	395496612636885
395496629166052	395496641311572	395496629487354
395496645815010	395496657752562	395496646088448
395496662455635	395496674193082	395496662742458
395496679107146	395496690632249	395496679406521
395496695814333	395496707073083	395496697186729
395496732851416	395496748170531	395496733252823
395496733121416	395496756390114	395496733257198
395496749792354	395496764609437	395496750102302
395496766416573	395496781047249	395496766705791
395496783120739	395496797485166	395496783403448
395496799781885	395496813920478	395496800155948
395496816453239	395496830358863	395496823207823
395496852516729	395496863239802	395496852916416
395496852736520	395496871461624	395496852921573
395496869435479	395496879682665	395496869729802
395496886094854	395496896122614	395496886374698
395496902746520	395496920778968	395496903129229
395496919430479	395496937218186	395496919713135
395496936131104	395496953658343	395496936551885
395496972701573	395496986535322	395496973349020
395496973148864	395496994754593	395496973367614
395496989668239	395497002973447	395496990031833
395497006280010	395497019409853	395497006659333
395497022986729	395497035846676	395497023265010
395497039661260	395497052285843	395497039938760
395497056323135	395497068727145	395497063010322
395497092812354	395497109828394	395497093368291
395497093017666	395497118048030	395497093380895
395497109642197	395497126268499	395497110020322
395497126318916	395497142709332	395497126623395
395497143045322	395497159148707	395497143309541
395497159709854	395497175586467	395497159996572
395497176397197	395497192026207	395497178904958
395497212794229	395497224905634	395497213196208
395497212952822	395497233125062	395497213215166
395497229652041	395497241344020	395497230016364
395497246287197	395497257781936	395497246584697
395497262974229	395497274219488	395497263252979
395497279682979	395497290659281	395497279969645
395497296349854	395497307099749	395497303917041
395497332698552	395497348199332	395497333094333
395497332927510	395497356418291	395497333103604
395497349630322	395497364637718	395497349955010
395497366274072	395497381074280	395497366563135
395497382952458	395497397514124	395497383231364
395497399625427	395497413952613	395497399917302
395497416282770	395497430389332	395497422711104
395497451977614	395497463262302	395497452401885
395497452320114	395497471481936	395497452509020
395497468968864	395497479702197	395497469394697
395497485639541	395497496138916	395497485920895
395497502363604	395497512576103	395497502695114
395497519041676	395497529013707	395497519467562
395497535661364	395497553673030	395497548540791
395497571752041	395497586551520	395497572096989
395497572138083	395497594772249	395497572281104
395497588791104	395497602990947	395497589078447
395497605390270	395497619428916	395497605586520
395497622050791	395497635868030	395497622340479
395497638769072	395497652304853	395497639042041
395497655464072	395497668741103	395497656112197
395497691836885	395497709829697	395497692151885
395497692151103	395497718048499	395497692293447
395497708760947	395497726268343	395497709150895
395497725530270	395497742706207	395497725855426
395497742173291	395497759145061	395497742508708
395497758835947	395497775585634	395497759114020
395497775745478	395497792021780	395497781327197
395497812067978	395497824892145	395497812747822
395497812608239	395497833111155	395497812753447
395497829208395	395497841330946	395497829513551
395497845796572	395497857769176	395497846089697
395497862512353	395497874208030	395497862794853
395497879171103	395497890646520	395497879454697
395497895915739	395497907083916	395497901757041
395497933094385	395497948185686	395497933400322
395497933499853	395497956405425	395497933679853
395497950067301	395497964625999	395497950363083
395497966748135	395497981065843	395497967032770
395497983399176	395497997504228	395497983681260
395498000061364	395498013942301	395498000333135
395498016870010	395498030383030	395498019801833
395498053190739	395498071484540	395498053537614
395498053374697	395498079704853	395498053545010
395498070068603	395498087923238	395498070356572
395498086765583	395498104359853	395498087054853
395498103446260	395498120797092	395498103718291
395498120133135	395498137233395	395498120512041
395498136791676	395498153671937	395498141566572
395498172549645	395498186545738	395498172872353
395498172694228	395498194763499	395498172884645
395498189374853	395498202982718	395498189670010
395498206056260	395498219421780	395498206382510
395498222729072	395498235861155	395498223065478
395498239439853	395498252301103	395498239730947
395498256101989	395498268740947	395498267422510
395498290682614	395498301618291	395498291017353
395498290936207	395498309837510	395498291018395
395498307594541	395498318056050	395498308040635
395498324326364	395498334496884	395498324608916
395498340903447	395498359158082	395498341190478
395498357619541	395498375600739	395498357894072
395498374290947	395498392039801	395498374568134

POLL t=166.2 tick=2471
8333333
395507541731516	395507557147818	395507542008287
395507558376256	395507573586672	395507558746256
395507575073443	395507590025005	395507578417975
395507610223391	395507622902141	395507610563912
395507610397975	395507631121620	395507610569485
395507627043756	395507639341464	395507627345162
395507643690475	395507655778912	395507644013391
395507660392350	395507672216776	395507660774068
395507677069329	395507688656255	395507677415318
395507693734225	395507705095943	395507703317923
395507729214537	395507746195109	395507729599850
395507729463548	395507754415526	395507729607662
395507746089225	395507762636776	395507746392037
395507763052975	395507779075995	395507763431412
395507779498443	395507795514277	395507779785006
395507796185266	395507811954120	395507796477193
395507812798860	395507828395839	395507821109693
395507847096673	395507861276047	395507847495006
395507847284381	395507869495735	395507847499850
395507863936048	395507877714901	395507864352037
395507880662454	395507894152923	395507880938704
395507897320631	395507910589849	395507897604850
395507913977818	395507927027609	395507914263131
395507930631100	395507943467922	395507934904381
395507965738131	395507976344901	395507966123600
395507965901829	395507984566047	395507966134693
395507982569693	395508001005631	395507982863756
395507999527037	395508017446047	395507999814016
395508015995943	395508033882297	395508016355891
395508032661100	395508050319588	395508032953600
395508049293391	395508066758859	395508062544485
395508065993600	395508083198234	395508066343287
395508101153756	395508116075006	395508101517610
395508101300735	395508124295682	395508101576829
395508117967506	395508132517454	395508118258912
395508134716204	395508148957766	395508134992454
395508151369225	395508165396255	395508151642037
395508168071881	395508181835630	395508168413235
395508184712506	395508198277140	395508189161256
395508219413443	395508231157766	395508219818756
395508219602974	395508239377766	395508219835787
395508236301829	395508247597558	395508236668599
395508252918599	395508264038287	395508253156724
395508269672922	395508280476515	395508270051724
395508286315787	395508296914641	395508286581256
395508302989693	395508313351880	395508303265943
395508319659224	395508329788964	395508320355631
395508354526099	395508370885422	395508355064224
395508354725162	395508379104901	395508355120787
395508371379381	395508387324068	395508371669849
395508388110318	395508403762036	395508388387037
395508404721412	395508420197505	395508405004641
395508421431047	395508436635109	395508421703131
395508438096516	395508453072036	395508445268287
395508473311412	395508485945787	395508473736829
395508473617922	395508494163182	395508473742974
395508490192974	395508502380370	395508490487662
395508506923912	395508518813755	395508507302454
395508523587662	395508535247870	395508523865474
395508540258704	395508551684068	395508540530735
395508556935266	395508568120317	395508563443235
395508600529849	395508617429015	395508600890006
395508600687193	395508625648182	395508600956985
395508617359224	395508633867662	395508617655162
395508634067766	395508650307557	395508634352349
395508650756256	395508666746619	395508651032453
395508667426360	395508683185005	395508667798391
395508684266099	395508699624797	395508684855474
395508717714849	395508732507557	395508718105631
395508717872349	395508740730109	395508718136724
395508734540162	395508748952922	395508734918547
395508751208599	395508765395005	395508751530162
395508767886568	395508781838911	395508768278131
395508784547297	395508798281151	395508784850162
395508801316672	395508814721881	395508808068912
395508832120266	395508847601151	395508832398912
395508834635943	395508855820370	395508834981568
395508851322297	395508864040109	395508851609380
395508868025630	395508880478338	395508868371828
395508884678235	395508896917193	395508884957974
395508901326724	395508913355110	395508912511828
395508935634953	395508946229900	395508935931724
395508935906568	395508954448546	395508936107922
395508952637453	395508970886984	395508952926412
395508969226099	395508987325005	395508969604068
395508985959537	395509003764328	395508986236724
395509002626880	395509020205630	395509002902141
395509019321568	395509036643026	395509019649485
395509052823860	395509069516412	395509053132037
395509053131568	395509077734849	395509053275005
395509069843287	395509085954328	395509070245891
395509086470474	395509102393235	395509086744380
395509103184068	395509118829588	395509103452505
395509119818235	395509135268650	395509120119068
395509136554537	395509151707714	395509136933912
395509171101255	395509184583182	395509171555110
395509171516047	395509192802818	395509171653755
395509188454797	395509201023182	395509188764016
395509204857193	395509217462036	395509205131828
395509221471828	395509233899380	395509221765735
395509238183599	395509258556620	395509250930162
395509254821412	395509266776567	395509255168287
395509291179068	395509307870422	395509291723755
395509291676359	395509316088546	395509291918130
395509308333443	395509324306984	395509308635891
395509324995266	395509340748234	395509325302037
395509341675162	395509357188703	395509341943391
395509358415578	395509373628547	395509358622141
395509375016984	395509390069588	395509377503859
395509410626672	395509422953338	395509411198130
395509411327662	395509431174328	395509411509693
395509429209484	395509447616828	395509429470787
395509445649693	395509455838286	395509445938547
395509462295630	395509472280891	395509462688287
395509478959068	395509496945161	395509479231880
395509495603443	395509513387348	395509497476984
395509530698443	395509546268182	395509531078130
395509530880578	395509554488130	395509531086568
395509547520005	395509562708547	395509547835422
395509564229693	395509579148286	395509564617193
395509580869849	395509595590161	395509581152453
395509597552036	395509612031359	395509597838911
395509614275005	395509628470786	395509620161255
395509649216203	395509661346515	395509649620266
395509649615005	395509669565265	395509649839224
395509666270109	395509677783963	395509666704172
395509682930318	395509694222349	395509683213286

POLL t=177.4 tick=2556
8333333
395518726008752	395518743680627	395518731332918
395518759289481	395518776552657	395518759886095
395518759650627	395518784769897	395518759890783
395518776239064	395518792988022	395518776561720
395518792858700	395518809422137	395518793162502
395518809623752	395518825855261	395518810005314
395518826266981	395518842291303	395518826560939
395518843015575	395518858727553	395518844838127
395518887318439	395518899817137	395518887759481
395518887458908	395518908034167	395518887767762
395518904137189	395518916250314	395518904550002
395518920818387	395518932684532	395518921145783
395518937525158	395518949116824	395518937808595
395518954188752	395518965553595	395518954480627
395518970898075	395518981989168	395518972603075
395519004527137	395519014859116	395519005012293
395519004684793	395519023076877	395519005019481
395519021364533	395519039511355	395519021657918
395519038098752	395519055946042	395519038405627
395519054756720	395519072381668	395519055031877
395519071434377	395519088816355	395519071708439
395519088124689	395519105249167	395519088431043
395519104755002	395519121683855	395519108350470
395519136716095	395519154557605	395519137104168
395519138034793	395519162776563	395519138417345
395519154754064	395519170995627	395519155049324
395519171428543	395519187431459	395519171695939
395519188128752	395519203867814	395519188408856
395519204753127	395519220302814	395519217975002
395519238633231	395519253179845	395519239038283
395519238942189	395519261400262	395519239051720
395519255487606	395519269621252	395519255791564
395519272187293	395519286059533	395519272476356
395519288871720	395519302496043	395519289148856
395519305570314	395519327149376	395519319339845
395519322227970	395519335368178	395519322627189
395519355850158	395519368237917	395519356155106
395519355991564	395519376456668	395519356170626
395519372772189	395519384676876	395519373092189
395519389581668	395519401113751	395519389829689
395519406082189	395519417550835	395519406511564
395519422748751	395519433986043	395519423067970
395519439441668	395519450423699	395519442526981
395519473235783	395519483290001	395519473712137
395519473736043	395519491508335	395519473948908
395519491725887	395519507942709	395519491969845
395519508372606	395519524376199	395519508689637
395519524744324	395519540809272	395519525027189
395519541366199	395519557240314	395519541668126
395519558060158	395519573672345	395519564206564
395519591074793	395519606536407	395519591510418
395519591697970	395519614751615	395519591839220
395519608122658	395519622967866	395519608566095
395519624822033	395519639399584	395519625131564
395519641453283	395519655832813	395519641742762
395519658101876	395519672265261	395519658393439
395519674759845	395519688697970	395519679967189
395519708078387	395519721561147	395519708854637
395519708354168	395519729778022	395519708899533
395519724892033	395519737994168	395519725188231
395519741583595	395519754427345	395519741875939
395519758310783	395519770862188	395519758589064
395519774975314	395519787294844	395519775247501
395519791668439	395519803728438	395519791847970
395519825075158	395519836602397	395519825430574
395519825243126	395519844820313	395519825497345
395519841951564	395519853038907	395519842330470
395519858585001	395519869475678	395519858890001
395519875309220	395519885911824	395519875583908
395519891944376	395519902349167	395519892220887
395519908667762	395519927005469	395519914772033
395519941745470	395519959877969	395519942171564
395519942073543	395519968095834	395519942176355
395519958721876	395519976314584	395519959042762
395519975314532	395519992752918	395519975606095
395519992040626	395520009192501	395519992298751
395520008717605	395520025628438	395520009103282
395520025447501	395520042065886	395520028297189
395520058886720	395520074943178	395520059234480
395520059082657	395520083163334	395520059241199
395520075799532	395520091382762	395520076087657
395520092519845	395520107819480	395520092801876
395520109115626	395520124256772	395520109482814
395520125812657	395520140694115	395520126092032
395520142594168	395520157132970	395520143003282
395520173846407	395520190013177	395520174148126
395520175878126	395520198234636	395520176257449
395520192488074	395520206454428	395520192768699
395520209182605	395520222893282	395520209551564
395520225871095	395520239331459	395520226144376
395520242499637	395520255768491	395520242774376
395520259197657	395520272204428	395520259316720
395520292425626	395520305082136	395520292743751
395520292594637	395520313300469	395520292749168
395520309370574	395520321518959	395520309756251
395520326022293	395520337955521	395520326306876
395520342728230	395520354390938	395520343011251
395520359408230	395520370828438	395520359671564
395520376134012	395520387266355	395520376273751
395520410045314	395520428351198	395520410507189
395520410256876	395520436568178	395520410513751
395520427115105	395520444786459	395520427448126
395520443674949	395520461221980	395520443989064
395520460294324	395520477657501	395520460577189
395520476968439	395520494093750	395520477253855
395520493720782	395520510530886	395520497974376
395520526142657	395520543406927	395520526498126
395520527002032	395520551627344	395520527366407
395520543751876	395520559847813	395520544055105
395520560340939	395520576287449	395520560625886
395520577014376	395520592725417	395520577294845
395520593674949	395520609162188	395520607752449
395520610355314	395520625598699	395520610737345
395520644041355	395520658469115	395520644399532
395520644218386	395520666686199	395520644418438
395520660941876	395520674903594	395520661255261
395520677607188	395520691339532	395520677910470
395520694258230	395520707774220	395520694533699
395520710923230	395520732432501	395520725464636
395520727601876	395520740652292	395520727991668
395520761832813	395520773525521	395520762204688
395520762031563	395520781742865	395520762228907
395520778700105	395520789961667	395520779010782
395520795387136	395520806399636	395520795675626
395520812114063	395520822837865	395520812487813
395520828764376	395520839274376	395520829050730
395520845486251	395520855712761	395520848958751

POLL t=188.6 tick=2641
8333333
395530002534633	395530019701716	395530005725622
395530036250883	395530052573227	395530037102497
395530036545466	395530060791351	395530037106352
395530053106195	395530069010257	395530053436872
395530069794841	395530085447132	395530070091716
395530086524633	395530101884476	395530086801716
395530103190310	395530118320206	395530103469372
395530119879164	395530134756351	395530121203435
395530153531039	395530167628694	395530153844685
395530153701091	395530175847029	395530153857185
395530170386716	395530184065101	395530170677654
395530187033747	395530200503330	395530187342810
395530203776247	395530216943434	395530204056508
395530220430935	395530233381976	395530220717185
395530237088435	395530249820726	395530243110154
395530269944997	395530282694112	395530270352966
395530270497185	395530290912288	395530270609685
395530287157654	395530299131195	395530287463122
395530303777133	395530315570205	395530304076404
395530320478591	395530332006455	395530320766716
395530337141508	395530348441091	395530337517914
395530353841560	395530364877653	395530356461508
395530387950466	395530405967757	395530388435154
395530388257966	395530414186039	395530388445154
395530404909789	395530422404268	395530405230466
395530421578851	395530438840569	395530421942185
395530438256664	395530455276820	395530438633435
395530454934685	395530471712862	395530455219008
395530471617028	395530488149997	395530475642653
395530505252758	395530521024840	395530505737445
395530505741820	395530529244892	395530505917028
395530522217653	395530537464319	395530522537810
395530538902028	395530553901298	395530539293539
395530555638695	395530570337757	395530555917966
395530572289841	395530586773278	395530572571091
395530588926560	395530603209893	395530595044528
395530622148851	395530636089789	395530622666716
395530622363435	395530644310049	395530622675466
395530638964997	395530652532184	395530639346091
395530655660778	395530668972705	395530655944476
395530672324008	395530685411299	395530672622497
395530688983435	395530701852601	395530689274528
395530705687341	395530718291924	395530706022601
395530739231195	395530751165726	395530739748278
395530739437601	395530759382861	395530739754685
395530756112653	395530767599997	395530756434997
395530772785258	395530784037185	395530773069372
395530789431560	395530800472549	395530789724528
395530806084372	395530816911142	395530806381247
395530822818278	395530833349840	395530822994528
395530856104997	395530874437236	395530857323591
395530856390310	395530882654528	395530857352966
395530872984372	395530890872132	395530873294216
395530889635622	395530907304580	395530889929372
395530906368591	395530923739215	395530906648591
395530923034789	395530940172132	395530923326560
395530939708435	395530956605466	395530945855726
395530973079476	395530989474580	395530973582810
395530973597445	395530997692705	395530973804216
395530990127185	395531005911403	395530990428122
395531006797289	395531022346299	395531007089060
395531023466716	395531038780934	395531023766091
395531040148382	395531055214997	395531040519060
395531056877810	395531071650361	395531057244997
395531090215935	395531104523591	395531090517028
395531090390310	395531112741559	395531090522653
395531107060101	395531120958694	395531107399372
395531123716195	395531137394267	395531124012184
395531140403591	395531153829423	395531140776403
395531157059841	395531170265361	395531157340309
395531173799632	395531186701142	395531174160414
395531206942445	395531219573070	395531207315570
395531207130726	395531227792340	395531207362809
395531223855726	395531236009371	395531224191872
395531240501716	395531252443902	395531240875778
395531257182757	395531268878017	395531257458903
395531273856091	395531285313747	395531274130257
395531290624320	395531301747601	395531292802028
395531322944684	395531334615882	395531323246507
395531323829528	395531342833851	395531324133695
395531340576091	395531351052653	395531340996247
395531357384216	395531375706455	395531357515309
395531373980414	395531392141872	395531374227809
395531390614164	395531408575517	395531390891351
395531407253382	395531425010153	395531407652653
395531439383851	395531449658694	395531439819632
395531440681664	395531457875986	395531440978226
395531457361716	395531474310361	395531457649164
395531474051716	395531490745257	395531474321664
395531490747445	395531507179476	395531491020466
395531507508591	395531523614579	395531507798747
395531524146195	395531540049424	395531525348278
395531558137601	395531572917757	395531558514528
395531558344945	395531581137080	395531558520153
395531575077341	395531589356038	395531575359528
395531591754528	395531605795986	395531592109163
395531608444788	395531622233382	395531608719684
395531625104059	395531638670830	395531625374320
395531641832966	395531655107548	395531643530153
395531672690726	395531687978746	395531672987497
395531675137184	395531696194788	395531675485153
395531691800726	395531704412183	395531692073538
395531708436559	395531720848173	395531708716091
395531725075309	395531737286351	395531725349059
395531741698903	395531753722184	395531742110153
395531758517601	395531770156767	395531758702028
395531791760309	395531803025622	395531792120413
395531792139215	395531811242548	395531792326038
395531808640778	395531819459944	395531808937809
395531825334945	395531835896819	395531825618903
395531841990882	395531860548486	395531842382340
395531858659684	395531876983382	395531858952184
395531875334215	395531893419579	395531875764997
395531909015465	395531926290153	395531909468903
395531909410465	395531934510777	395531909545153
395531925870934	395531942730569	395531926160934
395531942573903	395531959168121	395531942997288
395531959265778	395531975605360	395531959538590
395531975955622	395531992041924	395531976240622
395531992649684	395532008475881	395531999863382
395532026349997	395532041349423	395532026732132
395532026641559	395532049569059	395532026739320
395532043278590	395532057786975	395532043669788
395532060062601	395532074225829	395532060317653
395532076696247	395532090663434	395532077062965
395532093348590	395532107101194	395532093613226
395532110067913	395532123538798	395532110186090

POLL t=199.9 tick=2726
8333333
395541256592649	395541270342180	395541256889681
395541273259629	395541286779993	395541273650410
395541290007337	395541303217910	395541291276556
395541323794004	395541336091920	395541324306087
395541324407285	395541344310097	395541324616712
395541340803899	395541352528378	395541341113743
395541357440462	395541368965879	395541357726399
395541374132806	395541385402440	395541374501816
395541390796816	395541401838482	395541391081972
395541407495931	395541418276034	395541411287649
395541440928587	395541459374107	395541441295462
395541441183274	395541467592284	395541441299993
395541457824524	395541475812024	395541458146035
395541474562441	395541492247440	395541474932753
395541491206868	395541508683483	395541491490462
395541507892962	395541525118898	395541508181087
395541524531660	395541541555566	395541529556243
395541557412962	395541574425670	395541557791087
395541557970774	395541582644107	395541558413066
395541574679524	395541590863169	395541575065722
395541591306712	395541607300930	395541591595097
395541608066868	395541623735462	395541608312597
395541624700149	395541640170305	395541624979212
395541641368118	395541656607805	395541641750149
395541674912441	395541689479367	395541675307285
395541675087128	395541697698221	395541675312962
395541691774316	395541705917180	395541692075097
395541708466399	395541722354940	395541708750253
395541725103378	395541738790618	395541725385774
395541741761972	395541755225357	395541742045722
395541758490410	395541771660514	395541759907805
395541791362180	395541804531919	395541791751347
395541791763899	395541812750722	395541791931399
395541808480618	395541820968066	395541808772805
395541825154785	395541837401190	395541825476191
395541841866868	395541853835722	395541842194003
395541858540149	395541870270930	395541858821399
395541875217753	395541886706190	395541883271555
395541908489212	395541919575930	395541908879785
395541908691816	395541927794315	395541908883587
395541925384993	395541936012024	395541925702180
395541942032024	395541952449211	395541942317024
395541958729680	395541968886242	395541959014212
395541975409524	395541985322284	395541975801607
395541992144993	395542009977232	395541994427649
395542026165462	395542042852753	395542026897337
395542026728691	395542051072023	395542026936712
395542043119837	395542059291972	395542043437180
395542059784003	395542075729419	395542060069837
395542076479524	395542092165253	395542076858899
395542093203691	395542108601451	395542093470930
395542109844368	395542125035565	395542114772337
395542142978378	395542157905617	395542143521555
395542143281243	395542166123377	395542143525566
395542159932128	395542174340514	395542160254316
395542176550722	395542190774107	395542176924524
395542193247962	395542207211502	395542193532024
395542209918430	395542223650774	395542210235774
395542226624837	395542240093013	395542228816712
395542260290149	395542272968326	395542260782805
395542260624836	395542281187075	395542260801659
395542277221868	395542289407701	395542277654003
395542293828066	395542305844055	395542294131555
395542310650253	395542322279836	395542310927961
395542327326086	395542338714680	395542327606399
395542343974524	395542355149523	395542347314836
395542377457649	395542388015461	395542378264159
395542377749003	395542396230670	395542378269472
395542394310566	395542404446347	395542394634993
395542410982441	395542420880617	395542411281243
395542427705618	395542445532180	395542427981972
395542444364993	395542461965513	395542444658430
395542461019159	395542478401399	395542467124211
395542494114836	395542511275930	395542494522493
395542494429368	395542519494680	395542494523118
395542511102805	395542527713378	395542511460149
395542527711659	395542544152596	395542528067805
395542544415930	395542560589784	395542544706816
395542561057180	395542577026191	395542561357024
395542577820409	395542593463170	395542582256086
395542609828430	395542626335356	395542610253430
395542611125409	395542634552909	395542611504941
395542627785305	395542642770930	395542628095461
395542644478743	395542659207857	395542644738066
395542661124784	395542675646138	395542661415774
395542677817805	395542692084159	395542691456711
395542694507024	395542708519732	395542694900149
395542723093274	395542733170878	395542723484680
395542727756347	395542741386971	395542728064680
395542744483743	395542757819784	395542744758743
395542761154524	395542774256711	395542761421711
395542777825461	395542790692648	395542778184055
395542794555149	395542807125409	395542798226190
395542828988274	395542839991971	395542829344940
395542829436034	395542848209524	395542829607284
395542846040774	395542864640097	395542846336190
395542862692909	395542881073065	395542862983118
395542879378118	395542897506971	395542879751711
395542896044784	395542913942231	395542896294211
395542912764055	395542930379523	395542913127649
395542946682961	395542963254940	395542947817753
395542947069524	395542971471867	395542948234992
395542963700930	395542979689315	395542963972336
395542980417336	395542996124471	395542980776867
395542997058690	395543012561398	395542997336555
395543013683586	395543028997857	395543013959055
395543030406086	395543045434627	395543033915565
395543063650722	395543078306294	395543064071659
395543064174992	395543086523586	395543064339836
395543080784524	395543094741919	395543081353534
395543097256190	395543111177180	395543097540722
395543113929367	395543127613742	395543114248274
395543130570617	395543144050409	395543130856086
395543147317024	395543160483117	395543149207805
395543180859680	395543193352752	395543181426347
395543181078065	395543201571398	395543181436086
395543197660305	395543209789523	395543197960774
395543214344524	395543226226398	395543214644940
395543231013117	395543242664627	395543231312649
395543247677180	395543259100773	395543247992961
395543264458534	395543275534784	395543266399003
395543298580305	395543316628846	395543299211659
395543299271086	395543324849419	395543299404940
395543315706711	395543333069992	395543316045930
395543332334367	395543349512284	395543332652805
395543348991555	395543365954576	395543349284055
395543365679211	9223372036854775807	395543365967336

POLL t=211.0 tick=2854
8333333
395552405381395	395552422601551	395552411432020
395552439008270	395552455474208	395552439370301
395552439514051	395552463691603	395552439669989
395552455907489	395552471907645	395552456217749
395552472601812	395552488341030	395552472897176
395552489303426	395552504772749	395552489586656
395552505976083	395552521207957	395552506348114
395552522676864	395552537643686	395552527585770
395552555943739	395552570512280	395552556314312
395552556226239	395552578729467	395552556319155
395552572838270	395552586946290	395552573139468
395552589535770	395552603381447	395552589823895
395552606182176	395552619816551	395552606568687
395552622864676	395552636250770	395552623149208
395552639580614	395552652681967	395552639928999
395552672849051	395552685540822	395552673261864
395552673153530	395552693756655	395552673320926
395552689721343	395552701971134	395552690009520
395552706357333	395552718403687	395552706748114
395552723091187	395552734835301	395552723370458
395552739783530	395552751267123	395552740035770
395552756458218	395552767698895	395552764440874
395552789520301	395552800567540	395552789914051
395552789777124	395552808785874	395552789917332
395552806444207	395552817002697	395552806895562
395552823130614	395552833436655	395552823405926
395552839780614	395552849873999	395552840058895
395552856408739	395552874525561	395552856698114
395552873121864	395552890959051	395552873955718
395552906580405	395552923827801	395552907110718
395552906766551	395552932045301	395552907123530
395552923428426	395552940263791	395552923742489
395552940222124	395552956696551	395552940478999
395552956811707	395552973128739	395552957087332
395552973478687	395552989560718	395552973767645
395552990164207	395553005992019	395552993346864
395553022986655	395553038857957	395553023305562
395553023433530	395553047075457	395553024063270
395553040140614	395553055292436	395553040431187
395553056828530	395553071727748	395553057199937
395553073523895	395553088163842	395553073808739
395553090194051	395553104596968	395553090475926
395553106928062	395553121033895	395553117053062
395553140526812	395553153908530	395553140919468
395553140756082	395553162128113	395553140932957
395553159085562	395553170346551	395553159358687
395553175309468	395553186786603	395553175587020
395553191979832	395553203224831	395553192255561
395553208652905	395553219660770	395553209017593
395553225326707	395553236099883	395553229074364
395553259190301	395553277197071	395553259814989
395553259612489	395553285417488	395553259821082
395553276134989	395553293638113	395553276454989
395553292730614	395553310074936	395553293035145
395553309452645	395553326514884	395553309825614
395553326126707	395553342954259	395553326457489
395553342809832	395553359393270	395553345547957
395553375532489	395553392262748	395553375891030
395553376135093	395553400479779	395553376260145
395553392801655	395553408697124	395553393092801
395553409443113	395553425133061	395553409878218
395553426147957	395553441570925	395553426435457
395553442801968	395553458010092	395553443092176
395553459518582	395553474448529	395553468587957
395553493154520	395553507325196	395553493552176
395553493376082	395553515544623	395553493555874
395553510088999	395553523763478	395553510553843
395553526708270	395553540202436	395553526997905
395553543412645	395553556639363	395553543692957
395553560097957	395553573076967	395553560381030
395553576766082	395553589514779	395553580104520
395553610927593	395553622384363	395553611780770
395553611261551	395553630602019	395553611787436
395553627832332	395553638819832	395553628129363
395553644518218	395553655254832	395553644813113
395553661229155	395553671691863	395553661504988
395553677885926	395553688128113	395553678163582
395553694605093	395553712783113	395553698122332
395553728067436	395553745657696	395553728414936
395553728279832	395553753876707	395553728420926
395553744980405	395553762096290	395553745267593
395553761701186	395553778536134	395553762012280
395553778338843	395553794977697	395553778666134
395553795088895	395553811417905	395553795324624
395553811838738	395553827855717	395553816704207
395553845406238	395553860734936	395553845751082
395553845754988	395553868956081	395553845877905
395553862381551	395553877176290	395553862677280
395553879048582	395553893616342	395553879336551
395553895756551	395553910056030	395553896087176
395553912384363	395553926494519	395553912748270
395553929173842	395553942932748	395553929292020
395553963079363	395553975808374	395553963379936
395553963288270	395553984027905	395553963387332
395553980042332	395553992247644	395553980343582
395553996670145	395554008682488	395553996963999
395554013405926	395554025121082	395554013754520
395554030065874	395554041558581	395554030347801
395554046795561	395554057994727	395554047901863
395554078236030	395554090866655	395554078538582
395554079917801	395554099085665	395554080325144
395554096685769	395554107303686	395554096993061
395554113351707	395554123739728	395554113714519
395554130007957	395554148394207	395554130296186
395554146672488	395554164829519	395554161652176
395554163379311	395554181264624	395554163749519
395554195468269	395554205916238	395554195878269
395554196751082	395554214133946	395554197076967
395554213317488	395554230569154	395554213771499
395554230061967	395554247002539	395554230427957
395554246685926	395554263438582	395554246965301
395554263359676	395554279874415	395554263648842
395554280187436	395554296310300	395554285097332
395554314042644	395554329187488	395554314524311
395554314245561	395554337405873	395554314537957
395554330928738	395554345623633	395554331269311
395554347571863	395554362057957	395554347880144
395554364285144	395554378491186	395554364563894
395554380916342	395554394923477	395554381203113
395554397648582	395554411359258	395554403663582
395554431089936	395554444227176	395554431502332
395554431328426	395554452444154	395554431506030
395554448271499	395554460660717	395554448529936
395554464710405	395554477097227	395554464994363
395554481385769	395554493533582	395554481658894
395554498011967	395554509966915	395554498293998
395554514769051	395554526403165	395554521087488

POLL t=222.2 tick=2939
8333333
395563566708526	395563582286755	395563567076235
395563583349203	395563598724151	395563583635141
395563600135141	395563615159411	395563600293110
395563634282485	395563648028422	395563634661183
395563634459464	395563656246964	395563634719047
395563651151808	395563664465609	395563651447485
395563667801235	395563680902276	395563668208891
395563684510401	395563697340088	395563684806703
395563701172797	395563713777797	395563701482797
395563717835922	395563730215296	395563729088891
395563751538266	395563763093005	395563751878891
395563751750870	395563771312120	395563751885089
395563768370453	395563779531390	395563768785922
395563785131964	395563795969255	395563785423578
395563801782485	395563812407171	395563802056391
395563818452172	395563828843473	395563818732016
395563835115766	395563853499463	395563836818266
395563869077953	395563886373942	395563869490766
395563869245922	395563894593370	395563869496703
395563885901495	395563902812016	395563886202797
395563902606703	395563919247589	395563903018787
395563919344047	395563935681182	395563919568370
395563935932328	395563952114828	395563936225557
395563952643995	395563968553004	395563958949828
395563986310245	395564001425088	395563986744620
395563986654359	395564009642953	395563986792328
395564003226182	395564017860661	395564003606964
395564019926495	395564034294411	395564020213839
395564036569828	395564050727275	395564036850245
395564053237328	395564067160036	395564053514672
395564069921547	395564083593734	395564072691339
395564103264828	395564116460713	395564103635245
395564103438891	395564124678109	395564103702328
395564120135453	395564132893056	395564120420766
395564136776547	395564149324463	395564137070141
395564153493734	395564165754671	395564153762328
395564170171859	395564182187015	395564170539464
395564186838370	395564198619463	395564190149516
395564220172276	395564231489776	395564220469464
395564220319828	395564239708057	395564220481964
395564236969516	395564247924931	395564237264307
395564253708109	395564264359776	395564253992797
395564270385870	395564289011650	395564270759620
395564287070141	395564305447067	395564287353682
395564303730922	395564321880818	395564308624932
395564337755922	395564354745193	395564338217016
395564338176234	395564362960661	395564338374307
395564356178266	395564371177380	395564356416234
395564372483995	395564387609620	395564372863213
395564389150297	395564404042015	395564389431338
395564405786807	395564420475401	395564406082120
395564422519828	395564436910192	395564429743891
395564456237797	395564469773994	395564456574828
395564456456651	395564477989672	395564456581338
395564473113422	395564486205504	395564473526703
395564489830453	395564502638525	395564490115766
395564506492953	395564519069723	395564506818422
395564523150453	395564543716442	395564538772953
395564539845297	395564551934620	395564540183526
395564574549515	395564584802432	395564575004776
395564574804776	395564593018942	395564575010140
395564591494672	395564609455245	395564591803109
395564608139672	395564625888630	395564608463578
395564624768265	395564642322119	395564625063109
395564641451026	395564658756130	395564641743213
395564658162484	395564675190765	395564659579307
395564692322172	395564708054880	395564692951963
395564692795088	395564716270973	395564692957640
395564709348109	395564724486598	395564709665870
395564726005401	395564740919202	395564726291547
395564742669672	395564757352015	395564742956234
395564759367797	395564773786390	395564759648734
395564776059984	395564790218838	395564781077745
395564810214463	395564823081547	395564810773734
395564810668578	395564831295557	395564810779203
395564827288109	395564839509567	395564827591859
395564843955140	395564855935817	395564844237588
395564860663370	395564872364515	395564860935453
395564877326026	395564888793786	395564877690870
395564894068995	395564905224515	395564897409463
395564923390140	395564938086650	395564923662015
395564927250765	395564946301390	395564927560297
395564943993109	395564954517171	395564944281390
395564960709203	395564970948578	395564960983578
395564977336234	395564995599202	395564977703109
395564993959932	395565012032119	395565005009203
395565035933890	395565053116650	395565036243265
395565036387276	395565061335973	395565036570297
395565053123265	395565069554619	395565053445244
395565069817015	395565085992275	395565070191547
395565086477432	395565102429151	395565086778213
395565103146807	395565118862223	395565103418578
395565119860765	395565135298004	395565120227484
395565151220244	395565168169410	395565151543578
395565153104047	395565176388369	395565153482640
395565169778109	395565184607171	395565170193838
395565186450922	395565201043421	395565186723578
395565203151338	395565217476494	395565203431651
395565219835296	395565233911286	395565232841390
395565236508109	395565250345765	395565236815453
395565269062171	395565283216598	395565269679984
395565269842015	395565291434098	395565269973421
395565286569671	395565299650921	395565286878421
395565303200765	395565316084202	395565303479984
395565319833369	395565332516598	395565320127119
395565336475453	395565348947171	395565346602484
395565367875921	395565381808109	395565368190140
395565369819203	395565390024514	395565370257484
395565386524203	395565398240973	395565386793578
395565403173057	395565414674046	395565403492276
395565419840609	395565431103889	395565420120453
395565436485765	395565455749358	395565450520765
395565453175765	395565463964462	395565453524828
395565487266807	395565505043317	395565487599203
395565487949619	395565513258421	395565488319671
395565504135244	395565521473786	395565504466078
395565520824671	395565537903941	395565521109828
395565537505921	395565554335244	395565537786338
395565554141651	395565570766702	395565554466182
395565570973109	395565587200400	395565571390296
395565604778734	395565620069046	395565605103421
395565604961703	395565628287484	395565605125713
395565621611807	395565636505036	395565621911078
395565638376234	395565652941910	395565638667432
395565654997796	395565669378004	395565655268890
395565671669463	395565685812327	395565672067275
395565688341703	395565702247327	395565694680453

POLL t=233.8 tick=3025
8333333
395575064416074	395575078594876	395575064705449
395575081081543	395575095030396	395575081373261
395575097804199	395575111465605	395575098088105
395575114502168	395575127899667	395575122106855
395575148311855	395575160771177	395575148734668
395575148609459	395575168990292	395575148757011
395575165174043	395575177209407	395575165461178
395575181905397	395575193646490	395575182182949
395575198520084	395575210083261	395575198803991
395575215239147	395575226521125	395575215600918
395575231920241	395575242960292	395575232491699
395575266003991	395575284053521	395575266376074
395575266190761	395575292272740	395575266388730
395575282859459	395575300491907	395575283140761
395575299502897	395575316930969	395575299808886
395575316195449	395575333369250	395575316574824
395575332852324	395575349806542	395575333148730
395575349515918	395575366245761	395575355313834
395575382681855	395575399125969	395575383119043
395575383162949	395575407346177	395575383343522
395575399664616	395575415566230	395575399981855
395575416336074	395575432006386	395575416712897
395575433024355	395575448444668	395575433306699
395575449694459	395575464883626	395575449977116
395575466337949	395575481322740	395575470582740
395575499999043	395575514205396	395575500474772
395575500285918	395575522425656	395575500493574
395575516876386	395575530645917	395575517271386
395575533564980	395575547084667	395575533856178
395575550216855	395575563526594	395575550534668
395575566882168	395575579965708	395575567177949
395575583632636	395575596406334	395575584086543
395575617525084	395575629283104	395575618108574
395575617701386	395575637503626	395575618116386
395575634340449	395575645723312	395575634666230
395575650988522	395575662161438	395575651281543
395575667688834	395575678602115	395575667979980
395575684354615	395575695044823	395575684646022
395575701043261	395575711486959	395575707763678
395575734339667	395575744371958	395575734757636
395575734642167	395575752592949	395575734760761
395575751262949	395575769035240	395575751579199
395575767893261	395575785473886	395575768201334
395575784566855	395575801911698	395575784858417
395575801293365	395575818349459	395575801573886
395575817957792	395575834789251	395575821840136
395575851696178	395575867668365	395575852083261
395575852020917	395575875888626	395575852259980
395575868564303	395575884108573	395575868852584
395575885526490	395575900546125	395575885787480
395575901990084	395575916981751	395575902270761
395575918623053	395575933415187	395575918988261
395575935284667	395575949848365	395575944213730
395575978814042	395575990941021	395575979188730
395575978983730	395575999159511	395575979240449
395575995666230	395576007379354	395575995951178
395576012367167	395576023818574	395576012749667
395576029042167	395576040257427	395576029317949
395576045710136	395576056696698	395576045984511
395576062398574	395576073133834	395576066627272
395576096104199	395576114231334	395576096539355
395576096582011	395576122451855	395576096716803
395576113064511	395576130672479	395576113586230
395576129691334	395576147114459	395576129977949
395576146343886	395576163553573	395576146673574
395576163014980	395576179991750	395576163287115
395576179688886	395576196428260	395576180000709
395576196403261	395576212864406	395576197724146
395576230259199	395576245730917	395576230621386
395576230654303	395576253949458	395576230812428
395576247113886	395576262167375	395576247480761
395576263779042	395576278600917	395576264077636
395576280465240	395576295032844	395576280745917
395576297135240	395576311468677	395576297419042
395576313824928	395576327904198	395576320240084
395576347850917	395576360771542	395576348192740
395576348109511	395576368988886	395576348197428
395576364715917	395576377205812	395576365036386
395576381473209	395576393641281	395576381773521
395576398114823	395576410075136	395576398383834
395576414783730	395576426509667	395576415155292
395576431601803	395576442943573	395576431806230
395576463343834	395576475812479	395576463669823
395576464726386	395576484027792	395576465066021
395576481501386	395576492243729	395576481830448
395576498184980	395576508678052	395576498453105
395576514809980	395576533330292	395576515200136
395576531483417	395576549765760	395576544367480
395576560745917	395576574415187	395576561126855
395576564791073	395576582633104	395576565083053
395576581466542	395576599066281	395576581749355
395576598190136	395576615500084	395576598470396
395576614839667	395576631933938	395576615223261
395576631505240	395576648368000	395576640523417
395576662765917	395576681243469	395576663073105
395576664830136	395576689461802	395576665140709
395576681477428	395576697680396	395576681764198
395576698133573	395576714115812	395576698409459
395576714839355	395576730548833	395576715216230
395576731542792	395576746982011	395576742727167
395576765151698	395576779851073	395576765450292
395576765573261	395576788069667	395576765696698
395576782197011	395576796286541	395576782485605
395576798849302	395576812720135	395576799126959
395576815500917	395576829153000	395576815872636
395576832292011	395576853799719	395576846138365
395576866800136	395576878446698	395576867108105
395576867205084	395576886662323	395576867321230
395576883798990	395576894879458	395576884082115
395576900507115	395576911311802	395576900752115
395576917109980	395576927745187	395576917486802
395576933783261	395576944181073	395576934063261
395576950453209	395576968833937	395576950778730
395576983928834	395577001698520	395576984333417
395576984437948	395577009914614	395576984582167
395577000834302	395577018130760	395577001165448
395577017523521	395577034563677	395577017936386
395577034213573	395577050996698	395577034493677
395577050886542	395577067428572	395577051176386
395577067572636	395577083859718	395577067936073
395577101225761	395577116724614	395577101591073
395577101450917	395577124941281	395577101617323
395577118052948	395577133159093	395577118466854
395577134746854	395577149593416	395577135050552
395577151461959	395577166029042	395577151740448
395577168196386	395577182463469	395577168473573
395577184867323	395577198897948	395577194598729

POLL t=244.8 tick=3110
8333333
395586190284507	395586205534246	395586190652476
395586190494299	395586213751642	395586190656226
395586207132788	395586221970184	395586207427945
395586223846226	395586238402320	395586224126538
395586240534038	395586254832684	395586240809455
395586257205080	395586271265392	395586257565080
395586273862476	395586287700497	395586274295080
395586307685288	395586320570809	395586308135861
395586307990913	395586328788777	395586308180913
395586324556226	395586337006590	395586324846799
395586341296695	395586353443257	395586341589820
395586357951799	395586369882424	395586358324351
395586374638257	395586386320079	395586374916330
395586391319507	395586402756330	395586394277163
395586425035913	395586435624715	395586425596695
395586425289143	395586443842058	395586425602320
395586441956538	395586452059819	395586442272580
395586458613257	395586468495444	395586459000445
395586475266382	395586493148204	395586475553570
395586491904663	395586509580757	395586492193257
395586508632320	395586526012579	395586510197893
395586542003518	395586558882215	395586542390757
395586542157163	395586567099924	395586542542788
395586558825913	395586575317944	395586559210601
395586575562788	395586591753725	395586575873570
395586592181538	395586608190392	395586592471070
395586608836538	395586624626903	395586609131642
395586625583101	395586641060652	395586631469767
395586658872320	395586673932163	395586659310236
395586659053986	395586682148569	395586659322424
395586675734976	395586690366069	395586676019507
395586692468361	395586706797215	395586692719507
395586709104195	395586723228152	395586709380601
395586725764663	395586739660757	395586726043674
395586742461017	395586756092215	395586746498205
395586775757632	395586788963569	395586776233726
395586776250132	395586797181590	395586776402580
395586792646538	395586805400079	395586792974299
395586809349611	395586821832788	395586809637320
395586826028413	395586838266589	395586826344351
395586842662580	395586854700183	395586842952163
395586859383569	395586871130079	395586862659194
395586892911330	395586903987735	395586893230913
395586893139611	395586912203309	395586893235601
395586909765757	395586920418673	395586910051955
395586926473413	395586936848777	395586926756955
395586943098569	395586953281798	395586943383101
395586959776538	395586977934090	395586960160913
395586976478101	395586994368256	395586979965444
395587010720444	395587027233100	395587011142163
395587011165601	395587035448777	395587011356174
395587027619611	395587043663777	395587027923726
395587044362319	395587060095184	395587044638882
395587061014142	395587076528725	395587061393569
395587077681069	395587092963152	395587077956955
395587094350444	395587109396746	395587094769611
395587127564976	395587142257892	395587127868569
395587127742424	395587150473569	395587127880601
395587144432632	395587158689663	395587144779924
395587161091226	395587175120965	395587161476851
395587177794194	395587191553361	395587178069038
395587194466174	395587207985964	395587194731330
395587211147632	395587224415861	395587211416538
395587244642788	395587257276277	395587245011069
395587244803413	395587265491173	395587245034976
395587261474663	395587273705861	395587261859298
395587278146069	395587290135184	395587278481694
395587294815392	395587306566590	395587295107580
395587311483569	395587322996642	395587311772111
395587328364351	395587339427892	395587332395392
395587361845236	395587372293308	395587362666173
395587362227007	395587380509350	395587362674038
395587378770757	395587396940860	395587379194038
395587395421694	395587413373308	395587395763569
395587412169923	395587429805704	395587412459611
395587428813257	395587446239662	395587429092111
395587445492892	395587462669298	395587454990705
395587478530913	395587495530183	395587478849975
395587478845080	395587503744975	395587478964819
395587495539663	395587511960236	395587495839507
395587512270548	395587528390548	395587512547632
395587528957163	395587544823100	395587529238569
395587545608413	395587561257944	395587559209507
395587562306017	395587577692162	395587562683413
395587593935861	395587610560183	395587594221382
395587595562788	395587618776902	395587595909350
395587612248569	395587626994714	395587612548048
395587628952319	395587643426746	395587629229142
395587645589350	395587659857892	395587645873413
395587662254923	395587676289715	395587668932944
395587695136225	395587709156746	395587695432007
395587695619455	395587717373360	395587695723205
395587712318569	395587725589610	395587712599975
395587728964507	395587742021069	395587729246069
395587745665757	395587758450339	395587745942580
395587762340288	395587774881590	395587762698830
395587778978569	395587791312580	395587779938413
395587809674507	395587824179193	395587809977423
395587812336955	395587832394610	395587812652007
395587828999819	395587840609871	395587829290444
395587845662007	395587857042319	395587845943725
395587862327944	395587873476902	395587862702163
395587879012632	395587889908256	395587889640757
395587913619767	395587930984714	395587913903725
395587914076017	395587939199923	395587914206225
395587930718725	395587947416694	395587931006850
395587947391538	395587963850027	395587947669194
395587964120444	395587980282944	395587964475132
395587980737788	395587996713256	395587981019038
395587997474038	395588013143621	395587997761225
395588030768673	395588046008673	395588031143882
395588031171069	395588054226902	395588031347944
395588047668413	395588062443776	395588048100132
395588064324350	395588078875600	395588064714975
395588081012475	395588095308152	395588081283725
395588097678673	395588111740079	395588097956329
395588114372632	395588128173412	395588119823257
395588148135600	395588161039870	395588148542475
395588148431069	395588169256745	395588148594663
395588165075131	395588177473829	395588165453829
395588181776642	395588193907839	395588182139350
395588198397006	395588210341173	395588198671069
395588215065288	395588226774297	395588215338100
395588231741486	395588243206016	395588234344350
395588264054975	395588276068725	395588264563829
395588265068569	395588284283360	395588265428100
395588281863569	9223372036854775807	395588282242788

POLL t=255.9 tick=3238
8333333
395597208093253	395597223194034	395597208333878
395597224730909	395597239627420	395597226972941
395597258357420	395597272501586	395597259013409
395597258804295	395597280720440	395597259017263
395597276808357	395597288938565	395597277077732
395597293253201	395597305378356	395597293629503
395597309887576	395597321815388	395597310171222
395597326563409	395597338252523	395597326846847
395597343245701	395597354687575	395597344114347
395597376971222	395597387557992	395597377418253
395597377167263	395597395775804	395597377427159
395597393839190	395597412209607	395597394216795
395597410494503	395597428643877	395597410778097
395597427216326	395597445080648	395597427495545
395597443937472	395597461516169	395597444220076
395597460568097	395597477953097	395597464092159
395597494006065	395597510827679	395597494379972
395597494176534	395597519046586	395597494438357
395597511050440	395597527266013	395597511151170
395597527634138	395597543703304	395597527918722
395597544238253	395597560138721	395597544524190
395597560875857	395597576571794	395597561167420
395597577557628	395597593003721	395597583120753
395597611468253	395597625874919	395597611816795
395597611803409	395597634091430	395597611954972
395597628331378	395597642307419	395597628626638
395597645036378	395597658740648	395597645320753
395597661682628	395597675174346	395597661976170
395597678345857	395597699824085	395597693543565
395597695068722	395597708042315	395597695455128
395597728159503	395597740914294	395597728541065
395597728379763	395597749132679	395597728547628
395597745053357	395597757349658	395597745401847
395597761751378	395597773784659	395597762035076
395597778424815	395597790216899	395597778703513
395597795129815	395597806647783	395597795603409
395597811789034	395597831299398	395597825546378
395597828484972	395597839516794	395597828823722
395597870994607	395597888821637	395597871377732
395597871129815	395597897040648	395597871382784
395597888050753	395597905259294	395597888499972
395597904480388	395597921693669	395597904819034
395597921189659	395597938127263	395597921662628
395597937826794	395597954562939	395597938127784
395597954550128	395597971002055	395597961569138
395597984339659	395597995655127	395597984629451
395597987939346	395598003872836	395597988292471
395598004591065	395598020308357	395598004973044
395598021231378	395598036743616	395598021521326
395598037886221	395598053178981	395598038180596
395598054558513	395598069615023	395598065839034
395598088141534	395598102485596	395598088751951
395598088391378	395598110703409	395598088781065
395598105025857	395598118921951	395598105328878
395598121753982	395598135357836	395598122033044
395598138380284	395598151794242	395598138668096
395598155026326	395598168230128	395598155354607
395598171889503	395598184664867	395598172059659
395598204846169	395598217533616	395598205218253
395598205076013	395598225752314	395598205279815
395598221766065	395598233970804	395598222058878
395598238469659	395598250405231	395598238779659
395598255157159	395598266839763	395598255467107
395598271828253	395598283273356	395598272098878
395598288499034	395598299704867	395598297596169
395598322050596	395598332574033	395598322473982
395598322351065	395598340792367	395598322488721
395598338924503	395598349009555	395598339225440
395598355658721	395598373662367	395598355964815
395598372266065	395598390100284	395598372553253
395598388976065	395598406536690	395598389365753
395598405657888	395598422972003	395598410018878
395598439105753	395598455839867	395598439749086
395598439426482	395598464057783	395598439789555
395598456122628	395598472276117	395598456444815
395598472751534	395598488712367	395598473062471
395598489396534	395598505151221	395598489772940
395598506095128	395598521590283	395598506374919
395598522748200	395598538029346	395598524078565
395598554690388	395598570904086	395598554971378
395598556102107	395598579123044	395598556442784
395598572867628	395598587341638	395598573168253
395598589503513	395598603777471	395598589923669
395598606169294	395598620215648	395598606459190
395598622853252	395598636653877	395598623124346
395598639561221	395598653089242	395598639967419
395598670151638	395598685967731	395598670452732
395598672899034	395598694187627	395598673245232
395598689436638	395598702407159	395598689673044
395598706167263	395598718843981	395598706461221
395598722857419	395598735281690	395598723146482
395598739471950	395598759934815	395598755187732
395598756209034	395598768153721	395598756514346
395598789726950	395598801033252	395598790121534
395598789972419	395598809253044	395598790174190
395598806658877	395598817473200	395598806952627
395598823411690	395598833911273	395598823710596
395598840173877	395598850347054	395598840335127
395598856705075	395598875002210	395598856989034
395598873397315	395598891438408	395598879648721
395598902397159	395598916093773	395598902720388
395598906622940	395598924312158	395598906936690
395598923313669	395598940747731	395598923635440
395598940042732	395598957186116	395598940303200
395598956718565	395598973621169	395598956992263
395598973374971	395598990056325	395598984525909
395599007138982	395599022927679	395599007425284
395599007503721	395599031144971	395599007616377
395599024173096	395599039362054	395599024470127
395599040734294	395599055798512	395599041015127
395599057446690	395599072234189	395599057726221
395599074104815	395599088671169	395599074381950
395599090784815	395599105108044	395599091210127
395599124983721	395599137980543	395599125540127
395599125179815	395599146199294	395599125546534
395599141843513	395599154418148	395599142165075
395599158503409	395599170853043	395599158813721
395599175227888	395599187287783	395599175500596
395599191890440	395599203721690	395599192249815
395599208550284	395599220157679	395599208734971
395599242399346	395599253032888	395599242777419
395599242597315	395599261252731	395599242798356
395599259287263	395599269470960	395599259592575
395599276156638	395599294125752	395599276396325
395599292594190	395599310563825	395599292976690
395599309337940	395599327002418	395599309614033
395599326056221	395599343439189	395599334881377

POLL t=267.0 tick=3324
8333333
395608333424134	395608350016165	395608333783874
395608350097572	395608366448873	395608350376843
395608366776374	395608382883093	395608367051843
395608383441530	395608399317623	395608383724499
395608400165228	395608415751894	395608403208509
395608433986999	395608448618300	395608434610436
395608434477936	395608456834654	395608434653509
395608450893040	395608465052207	395608451217467
395608467541999	395608481489551	395608467843509
395608484275124	395608497923613	395608484561947
395608500949603	395608514357154	395608501232311
395608517620436	395608530791321	395608524106374
395608550504186	395608563661478	395608550881790
395608550930853	395608571880176	395608551077259
395608567602311	395608580100019	395608567933092
395608584341374	395608596538873	395608584624499
395608600992728	395608612979290	395608601270540
395608617658717	395608629418405	395608618033092
395608634329499	395608645857623	395608634435853
395608667862624	395608678734707	395608668216530
395608668126374	395608686954082	395608668226217
395608684704342	395608695173561	395608685007415
395608701411374	395608719827102	395608701695905
395608718076686	395608736261842	395608718454603
395608734756217	395608752696217	395608735028717
395608751443561	395608769132467	395608755181686
395608784919186	395608802003040	395608785288822
395608785112103	395608810221737	395608785338665
395608801806999	395608818439654	395608802117884
395608818429759	395608834871686	395608818878405
395608835161061	395608851307154	395608835445905
395608851825228	395608867743300	395608852122467
395608868525124	395608884178561	395608877335697
395608901614967	395608917045019	395608902004655
395608901802936	395608925261634	395608902008874
395608918506999	395608933478769	395608918971999
395608935121686	395608949911894	395608935416999
395608951831842	395608966348613	395608952114342
395608968516842	395608982786321	395608968796165
395608985205280	395608999223874	395608990117728
395609021818561	395609032094498	395609022337780
395609022071374	395609040311530	395609022362467
395609038781374	395609056747103	395609039086374
395609055636790	395609073183769	395609055937311
395609072164134	395609089621321	395609072506999
395609088751061	395609106056738	395609089038717
395609105372467	395609122492363	395609105665228
395609122071686	395609138926216	395609135556790
395609138769655	395609155361998	395609139189030
395609172368821	395609188234394	395609172756009
395609172529967	395609196451373	395609172763717
395609189203092	395609204668092	395609189489498
395609205927623	395609221103560	395609206242623
395609222606373	395609237539134	395609222981061
395609239254759	395609253973143	395609239532936
395609255950436	395609270408925	395609263912884
395609289306790	395609303275435	395609289597884
395609289585748	395609311491946	395609289710696
395609306172155	395609319707467	395609306471217
395609322904134	395609336140332	395609323344030
395609339560280	395609352574081	395609339842467
395609356228509	395609369009290	395609356500071
395609372920384	395609385443925	395609375229811
395609405973092	395609418314654	395609406330123
395609406228561	395609426532779	395609406392571
395609422901946	395609434750696	395609423330905
395609439633873	395609451183352	395609439947103
395609456246061	395609467616633	395609456529030
395609472957571	395609484052519	395609473230436
395609489638978	395609500486685	395609495626061
395609523340228	395609541575747	395609523876842
395609523573248	395609549793612	395609523882467
395609540205696	395609558012623	395609540504498
395609556896217	395609574449602	395609557190852
395609573543821	395609590884914	395609573833405
395609590202623	395609607321790	395609605859446
395609606988821	395609623756789	395609607476790
395609640964811	395609656627936	395609641383717
395609641406530	395609664845331	395609641620436
395609658121165	395609673062102	395609658399342
395609674702102	395609689494289	395609674971477
395609691299811	395609705925592	395609691588352
395609708014134	395609730574498	395609724350123
395609724732102	395609738791373	395609724935852
395609757099029	395609771655383	395609757402571
395609757910123	395609779871112	395609758236946
395609774669446	395609788086165	395609774958821
395609791405071	395609804517831	395609791679759
395609808087727	395609820949602	395609808357467
395609824696373	395609837379393	395609825063040
395609841359290	395609853811998	395609845975540
395609871294029	395609886677987	395609871626686
395609874636217	395609894894550	395609874948196
395609891343404	395609903111061	395609891623509
395609908069759	395609919546477	395609908329029
395609924705904	395609935981789	395609925097936
395609941394811	395609960632154	395609956583821
395609958067727	395609968849602	395609958389446
395609990376217	395610001718144	395609990759759
395609991375384	395610009935956	395609991716217
395610008096061	395610026369238	395610008368040
395610024686998	395610034586008	395610025068404
395610041402779	395610059238352	395610041686321
395610058114029	395610075671842	395610066187467
395610090615748	395610108541529	395610090929186
395610091321842	395610116759029	395610091636217
395610107986373	395610124974863	395610108295436
395610124668665	395610141405851	395610125085436
395610141406529	395610157837519	395610141691061
395610158086998	395610174268977	395610158358404
395610174780123	395610190702935	395610177048561
395610209845123	395610223566633	395610210281842
395610210539602	395610231783247	395610210741008
395610226803092	395610240000070	395610227240748
395610243475279	395610256433925	395610243792779
395610260215540	395610272865747	395610260478561
395610276876842	395610289298144	395610277156008
395610293554758	395610305732102	395610298043561
395610326736008	395610338597467	395610327244342
395610327032467	395610346813404	395610327254915
395610343584186	395610355030018	395610343886373
395610360365540	395610371463456	395610360599967
395610376973873	395610387897206	395610377292727
395610393665279	395610404331216	395610393950071
395610410328040	395610420763612	395610418172310
395610443336373	395610453630591	395610443672623
395610443664654	9223372036854775807	395610443796321

POLL t=278.1 tick=3409
8333333
395619394530120	395619409477931	395619394865120
395619411193505	395619425914807	395619411487620
395619427873401	395619442352514	395619428162151
395619444554442	395619458788921	395619449660276
395619477784599	395619491661838	395619478193713
395619477924338	395619499880223	395619478203245
395619494603245	395619508098817	395619494895901
395619511343036	395619524532984	395619511618245
395619527957151	395619540967776	395619528258713
395619544606995	395619557403036	395619544997307
395619562746213	395619582051526	395619576457307
395619579248817	395619590267724	395619579646995
395619609719026	395619623132671	395619610005536
395619612439755	395619631350015	395619612718349
395619629123817	395619639566733	395619629398713
395619645780536	395619655998504	395619646153036
395619662466213	395619680647932	395619662757307
395619679137932	395619697079963	395619684563244
395619712275588	395619729945639	395619712610067
395619712676005	395619738161421	395619712866838
395619729173713	395619746376838	395619729491213
395619745909599	395619762810275	395619746299807
395619762567724	395619779243765	395619762901994
395619779234494	395619795675744	395619779524651
395619796076057	395619812106161	395619801883088
395619828922932	395619844973140	395619829274130
395619829280276	395619853190431	395619829405432
395619845953036	395619861407411	395619846342151
395619862656838	395619877841473	395619862973817
395619879293713	395619894276317	395619879587307
395619895922880	395619910711056	395619896216942
395619912699807	395619927145848	395619914850224
395619946818713	395619960013452	395619947618974
395619947481161	395619968231108	395619947621838
395619965064807	395619976447723	395619965325119
395619981526213	395619992879702	395619981821682
395619998160744	395620009310692	395619998435276
395620014825224	395620025738660	395620015140432
395620031484963	395620042169650	395620033834598
395620065206994	395620083249963	395620065639182
395620065420432	395620091464806	395620065645432
395620082092463	395620099680692	395620082373401
395620098738869	395620116114129	395620099041057
395620115469130	395620132549338	395620115760588
395620132144651	395620148983191	395620132426838
395620148786369	395620165417463	395620157217151
395620181718661	395620198280535	395620182097255
395620182204807	395620206495796	395620182308088
395620198843869	395620214709962	395620199156682
395620215476369	395620231142202	395620215766213
395620232195432	395620247575119	395620232466005
395620248843869	395620264005379	395620249217255
395620265522463	395620280435275	395620268330900
395620298814442	395620313302254	395620299367255
395620299253973	395620321519337	395620299368088
395620315724911	395620329736890	395620316102567
395620332419650	395620346170535	395620332712619
395620349103869	395620362605691	395620349482932
395620365786525	395620379039910	395620366069807
395620382469130	395620395476525	395620386324130
395620415266161	395620428346108	395620415639650
395620415778869	395620436565223	395620415903869
395620432533348	395620444783452	395620432835223
395620449144130	395620461220692	395620449532463
395620465807723	395620477659390	395620466101213
395620482506682	395620494097775	395620482785744
395620499214182	395620510532411	395620502230380
395620532837932	395620543401264	395620533246994
395620533132932	395620551618713	395620533304494
395620549691525	395620559835535	395620550259963
395620566359338	395620576267566	395620566690119
395620583074442	395620600914025	395620583352880
395620599742307	395620617345692	395620600031942
395620616404494	395620633778816	395620625897307
395620650144650	395620666649077	395620650614650
395620650359807	395620674867514	395620650622775
395620666993557	395620683084806	395620667286005
395620683746317	395620699520119	395620684071057
395620700430900	395620715955067	395620700702775
395620717126994	395620732391004	395620717397879
395620733789182	395620748826369	395620734113661
395620768982932	395620781693192	395620769453088
395620769450588	395620789910796	395620769630432
395620786091057	395620798126525	395620786388817
395620802742723	395620814557150	395620803056004
395620819408713	395620830987202	395620819687463
395620836151838	395620847417827	395620842942879
395620866913817	395620880282514	395620867223661
395620869403088	395620888499441	395620869740067
395620886089754	395620896715535	395620886380067
395620902708348	395620913147671	395620902978348
395620919430067	395620929582202	395620919702567
395620936083192	395620954231993	395620949884494
395620952769598	395620970664233	395620953147931
395620987296838	395621003529181	395620987669442
395620987549494	395621011745170	395620987677306
395621004241681	395621019961369	395621004528556
395621020917463	395621036394546	395621021190379
395621037627723	395621052827097	395621037908973
395621054301317	395621069260900	395621054666786
395621071182879	395621085691681	395621074031994
395621104269754	395621118557931	395621104621838
395621104512306	395621126773921	395621104627723
395621121210067	395621134990431	395621121504181
395621137909650	395621151423452	395621138193817
395621154591994	395621167857202	395621154956213
395621171272723	395621184287723	395621171549963
395621187959442	395621200718452	395621191556369
395621216143244	395621233582618	395621216451056
395621221401681	395621241799858	395621221691004
395621237801681	395621250017045	395621238096681
395621254501838	395621266450900	395621254880900
395621271159129	395621282885170	395621271444806
395621287826786	395621299320639	395621296743817
395621321409963	395621332189442	395621321814129
395621321605119	395621340406472	395621321821681
395621338230275	395621348622515	395621338528348
395621354934806	395621365055327	395621355316994
395621371639910	395621389705483	395621371917463
395621388327254	395621406138191	395621388607567
395621404974806	395621422572566	395621405289442
395621439622931	395621455436994	395621439993348
395621439840119	395621463653764	395621439999806
395621456485744	395621471870482	395621456907879
395621473192306	395621488303452	395621473485119
395621489923660	395621504738399	395621490199025
395621506557306	395621521171837	395621517436785

POLL t=289.1 tick=3495
8333333
395630470630532	395630485608344	395630470982095
395630471044803	395630493824647	395630471156365
395630487650115	395630502041001	395630488084178
395630504345428	395630518473396	395630504628865
395630520994959	395630534909906	395630521276365
395630537684490	395630551342510	395630537976157
395630554325115	395630567775896	395630561619594
395630588021834	395630600642094	395630588592407
395630588381157	395630608860480	395630588597407
395630604957251	395630617078344	395630605256522
395630621608865	395630633512406	395630621890740
395630638276678	395630649944490	395630638554959
395630654947876	395630666376833	395630655224594
395630671624022	395630682809698	395630671795428
395630705588032	395630715672407	395630705983657
395630705795740	395630723889126	395630706036209
395630722466782	395630740320167	395630722759647
395630739101365	395630756749125	395630739401313
395630755843709	395630773175948	395630756096053
395630772483396	395630789607875	395630772761469
395630789247719	395630806040375	395630795878865
395630822926990	395630838900792	395630823457563
395630823210271	395630847116781	395630823466209
395630839813396	395630855333344	395630840105740
395630856501938	395630871766468	395630856802094
395630873195428	395630888199333	395630873472771
395630889865376	395630904629854	395630890239178
395630906555532	395630921061468	395630907841209
395630940278865	395630953927198	395630940805532
395630940702928	395630962144437	395630940816521
395630957194959	395630970359959	395630957514751
395630973812146	395630986791261	395630974134490
395630990500532	395631003221990	395630990886157
395631007147563	395631019652927	395631007481938
395631023812094	395631036082562	395631028340740
395631057116157	395631068943760	395631057538709
395631057548084	395631077159385	395631057539282
395631073960115	395631085375635	395631074284126
395631090628240	395631101805167	395631091004178
395631107306469	395631118235167	395631107654021
395631123973396	395631134664906	395631124262771
395631140664282	395631151094229	395631147538396
395631173635219	395631183950791	395631174001678
395631174058084	395631192165167	395631174172928
395631190734803	395631208593135	395631191144646
395631207406365	395631225019698	395631207693032
395631224140428	395631241446834	395631224404803
395631240782771	395631257875062	395631241054750
395631257455740	395631274304750	395631260262303
395631292253553	395631307161729	395631292805844
395631292559803	395631315377511	395631292875688
395631309069490	395631323593396	395631309393865
395631325780584	395631340024906	395631326114178
395631342423032	395631356456885	395631342709178
395631359085844	395631372888969	395631359375428
395631375748709	395631389321000	395631380868709
395631409438032	395631422184906	395631409925532
395631409656052	395631430401364	395631409946313
395631426293813	395631438617562	395631426609907
395631442946677	395631455049281	395631443249177
395631459677250	395631471479646	395631459953084
395631476343240	395631487910375	395631476622615
395631493022146	395631504336156	395631497160844
395631526419750	395631537192302	395631526794750
395631526610375	395631545406677	395631526841209
395631543278032	395631553621260	395631543565584
395631559956052	395631570051156	395631560310115
395631576632771	395631594696521	395631576914334
395631593285896	395631611126521	395631593707407
395631609967771	395631627558917	395631615907771
395631643696521	395631660419334	395631644132459
395631644041052	395631668634750	395631644159802
395631660638240	395631676851937	395631660941157
395631677326990	395631693285270	395631677604802
395631694004125	395631709719906	395631694388084
395631710665271	395631726152459	395631710950375
395631727324750	395631742585479	395631727664750
395631759631834	395631775448760	395631759948500
395631760598865	395631783665322	395631760929334
395631777356313	395631791881521	395631777655063
395631794025063	395631808316000	395631794398188
395631810728865	395631824747719	395631811002302
395631827414959	395631841182458	395631827696625
395631844137615	395631857616416	395631844655740
395631876868656	395631890481052	395631877153865
395631877445427	395631898697510	395631877558865
395631894162719	395631906913760	395631894568188
395631910824021	395631923349333	395631911110271
395631927484125	395631939781885	395631927763813
395631944111365	395631956213448	395631953200427
395631985475740	395631997292979	395631985761625
395631985616365	395632005509072	395631986186469
395632002406365	395632013724750	395632002699177
395632019105740	395632030155218	395632019364750
395632035798708	395632046586260	395632036056208
395632052384490	395632063017145	395632052670375
395632069161990	395632087661676	395632069509125
395632098756833	395632112307146	395632099135740
395632102513552	395632120520739	395632102876729
395632119109333	395632136950375	395632119395375
395632135791469	395632153380218	395632136077927
395632152416365	395632169809697	395632152697302
395632169095063	395632186240843	395632173621990
395632202658865	395632219102510	395632202996938
395632203075479	395632227316260	395632203220271
395632219886052	395632235530062	395632220168552
395632236606833	395632251958812	395632236866781
395632253200583	395632268388864	395632253472563
395632269871156	395632284818552	395632270148240
395632286535896	395632301249697	395632287599177
395632320399177	395632334115010	395632320806208
395632320612406	395632342331052	395632320820271
395632337255583	395632350547666	395632337548396
395632353950740	395632366979594	395632354318656
395632370648240	395632383412093	395632370929021
395632387293083	395632399843969	395632387676313
395632403991313	395632416274021	395632411437719
395632437294958	395632449135479	395632437686208
395632437520219	395632457351104	395632437691052
395632454215844	395632465565948	395632454570688
395632470869177	395632481997979	395632471164802
395632487549021	395632498431052	395632487932146
395632504256365	395632514865010	395632504575062
395632520975427	395632531297666	395632521269021
395632537589490	395632547732458	395632540381052
395632568804021	395632580597718	395632569122458
395632571040896	9223372036854775807	395632571392458

POLL t=300.2 tick=3581
8333333
395641486385684	395641511895944	395641486578809
395641503117872	395641520114173	395641503431986
395641519755997	395641536551777	395641520147924
395641536452611	395641552989589	395641536728705
395641553167611	395641569428548	395641553396986
395641569828549	395641585869799	395641571998965
395641603876622	395641618744955	395641604387299
395641604204486	395641626962975	395641604392611
395641620816934	395641635180632	395641621248705
395641637456049	395641651616100	395641637750111
395641654108861	395641668054173	395641654433236
395641670775111	395641684489694	395641671067299
395641687494486	395641700924434	395641690953496
395641721487246	395641733786309	395641722334799
395641721957767	395641742002819	395641722344955
395641738445059	395641750219121	395641738770111
395641755116309	395641766652351	395641755408236
395641771847559	395641783084850	395641772121361
395641788530528	395641799519850	395641788811830
395641805179955	395641815954746	395641810461361
395641838207559	395641848820683	395641838601830
395641838692455	395641857038444	395641838804330
395641855267142	395641873471777	395641855565267
395641871893548	395641889905579	395641872174955
395641888581153	395641906342038	395641888856934
395641905244903	395641922778183	395641905524798
395641921928236	395641939213287	395641925721153
395641955684746	395641972081725	395641956122455
395641956169955	395641980298704	395641956362715
395641972701465	395641988516725	395641973014642
395641989353548	395642004952819	395641989651465
395642006031621	395642021390163	395642006318236
395642022699642	395642037826465	395642023070528
395642039363809	395642054262194	395642043421673
395642073209798	395642087134746	395642073750215
395642073518496	395642095353444	395642073755892
395642090085528	395642103571360	395642090399590
395642106811465	395642120006048	395642107132455
395642123456048	395642136441152	395642123848080
395642140148080	395642152873548	395642140451621
395642156805423	395642169308288	395642163003028
395642189718184	395642202172714	395642190127559
395642190241830	395642210388652	395642190365423
395642206851465	395642218604278	395642207211309
395642223517767	395642235037766	395642223889434
395642240201153	395642251470996	395642240486621
395642256873496	395642267904642	395642257150580
395642273559590	395642284336725	395642276093861
395642306992455	395642317201100	395642307479642
395642307245840	395642325417975	395642307483080
395642323869955	395642341852350	395642324365684
395642340609798	395642358285423	395642340896673
395642357269277	395642374719798	395642357556048
395642373939434	395642391153600	395642374216934
395642390611517	395642407586308	395642393556934
395642423904330	395642440450006	395642424486309
395642424156361	395642448665788	395642424505059
395642440743340	395642456881100	395642441059121
395642457421361	395642473311725	395642457715736
395642474115527	395642489743964	395642474402455
395642490813705	395642506175371	395642491090580
395642507495580	395642522609016	395642511903080
395642541190892	395642555478756	395642541654642
395642541389017	395642563696725	395642541660579
395642558050736	395642571913756	395642558338079
395642574783548	395642588347610	395642575054173
395642591392559	395642604782142	395642591691048
395642608090892	395642621215110	395642608374434
395642624785527	395642637649381	395642626991986
395642658504329	395642670513340	395642658810111
395642658686204	395642678729641	395642658816517
395642675370736	395642686944225	395642675780996
395642692126361	395642703373027	395642692428861
395642708739954	395642719801309	395642709008861
395642725419277	395642736234329	395642725777767
395642742106048	395642752669694	395642745942871
395642775543079	395642793754901	395642775925059
395642775764902	395642801971985	395642775928861
395642792421152	395642810189225	395642792736517
395642809147246	395642826624641	395642809425840
395642825806986	395642843057558	395642826181048
395642842535215	395642859490683	395642842819173
395642859222923	395642875922871	395642863883236
395642889131517	395642900571256	395642889457090
395642892619642	395642908788027	395642892896204
395642909181048	395642925224589	395642909463236
395642925856934	395642941657558	395642926218027
395642942530579	395642958091360	395642942822142
395642959142715	395642974523600	395642969958965
395642989894902	395643007389433	395642990209486
395642992437611	395643015605162	395642992724642
395643009166829	395643023821777	395643009449329
395643025840267	395643040253755	395643026211673
395643042553027	395643056686204	395643042830527
395643059211777	395643073120006	395643070390736
395643093089173	395643105989017	395643093399798
395643093393548	395643114208183	395643093521048
395643110122298	395643122427246	395643110406361
395643126737871	395643138862767	395643127103861
395643143439017	395643155295943	395643143713079
395643160167923	395643171731360	395643160456048
395643176741204	395643188164120	395643177065058
395643211760892	395643229245006	395643212158860
395643212228860	395643237460630	395643212418704
395643228702767	395643245675319	395643229145579
395643245423079	395643262108339	395643245700215
395643262011465	395643278542298	395643262299954
395643278793548	395643294978599	395643289911204
395643309000215	395643319634276	395643309314173
395643311992298	395643327853443	395643312281465
395643328719277	395643344289017	395643329096048
395643345363808	395643360724797	395643345642090
395643362024746	395643377160787	395643362309485
395643378666621	395643393596932	395643389224017
395643412825371	395643426470787	395643413171673
395643413053235	395643434689798	395643413192923
395643429692923	395643442907349	395643430087767
395643446405215	395643459341985	395643446692923
395643463047090	395643475779380	395643463348392
395643479773392	395643492215839	395643480076829
395643496446048	395643508650995	395643496838548
395643530582142	395643541520943	395643531072767
395643530793235	395643549738652	395643531077923
395643547440527	395643557957193	395643547762454
395643564133392	395643574390318	395643564453860
395643580862767	395643599044485	395643581135996
395643597515110	395643615479120	395643597799017

POLL t=311.2 tick=3710
8333333
395652551653336	395652563007658	395652551988024
395652551877763	395652571224846	395652552012919
395652568514013	395652579442815	395652568911669
395652585199586	395652595877762	395652585502451
395652601920107	395652612314117	395652602196826
395652618573388	395652636963960	395652634757919
395652635274899	395652653395106	395652635407451
395652677529638	395652694478909	395652678123076
395652677677919	395652702696096	395652678188024
395652694327607	395652710911564	395652694641201
395652711112607	395652727344481	395652711389430
395652727755211	395652743776201	395652728045367
395652744416044	395652760207294	395652744689951
395652761106826	395652776637867	395652765440263
395652794982555	395652809499794	395652795353232
395652795176513	395652817715627	395652795366044
395652811920732	395652825931304	395652812273388
395652828578805	395652842361096	395652828881773
395652845218180	395652858789377	395652845489482
395652861888544	395652875218440	395652862172242
395652878577555	395652891648335	395652889024430
395652912151826	395652924510888	395652912486201
395652912368023	395652932726513	395652912490680
395652929025836	395652940944221	395652929395732
395652945751357	395652957375991	395652946024169
395652962405419	395652973805263	395652962605888
395652979085576	395652998453179	395652995395680
395652995804117	395653006670992	395652995963076
395653029651357	395653047757085	395653030078805
395653029813336	395653055973127	395653030091148
395653046469117	395653064189585	395653046761305
395653063440419	395653080621773	395653063835575
395653079895888	395653097051877	395653080170055
395653096539013	395653113483335	395653096819482
395653113201044	395653129914742	395653123976982
395653147296305	395653162774221	395653147637138
395653147504325	395653170989325	395653147643180
395653164148544	395653179205210	395653164538544
395653180887919	395653195636461	395653181157450
395653197546148	395653212065992	395653197834950
395653214216773	395653228496044	395653214494794
395653230914430	395653244925627	395653232224950
395653264311357	395653277786773	395653264820732
395653264490263	395653286000002	395653264831044
395653281248388	395653294214325	395653281528388
395653297820107	395653310642554	395653298102607
395653314546461	395653327072606	395653314826148
395653331217919	395653343503231	395653331483857
395653347899638	395653359934377	395653354024794
395653381483388	395653392795523	395653382019482
395653381825732	395653401010992	395653382026617
395653398447398	395653409226043	395653398724742
395653415141357	395653425656825	395653415510888
395653431775680	395653450302606	395653432061200
395653448444950	395653466734533	395653448732294
395653465126461	395653483165210	395653472715732
395653495308857	395653507814429	395653495662607
395653498463388	395653516030887	395653498780367
395653515080679	395653532460315	395653515370888
395653531811200	395653548890367	395653532095575
395653548441669	395653565321772	395653548722763
395653565102919	395653581752502	395653565490419
395653581821200	395653598184898	395653582349950
395653615641200	395653631047658	395653615961669
395653615836304	395653639264845	395653615966669
395653632509482	395653647481147	395653632815263
395653649227607	395653663912241	395653649516513
395653665869586	395653680343491	395653666257450
395653682547138	395653696773075	395653682830523
395653699220679	395653713203908	395653700933388
395653733184481	395653746070887	395653733544481
395653733333388	395653754288751	395653733572086
395653749993544	395653762506044	395653750344117
395653766700263	395653778936772	395653767163700
395653783339325	395653795368387	395653783634481
395653800094481	395653811797294	395653800374638
395653816741200	395653828226564	395653820813856
395653851408544	395653869301304	395653851896356
395653851919794	395653877516720	395653852131929
395653868450992	395653885732449	395653868835888
395653885085211	395653902163336	395653885363231
395653901768700	395653918594794	395653902062711
395653918472138	395653935024481	395653918742919
395653935271513	395653951455939	395653935909794
395653969948388	395653984319429	395653970443231
395653970167763	395653992534637	395653970523544
395653986907086	395654000750366	395653987214325
395654003562450	395654017185314	395654003841356
395654020276304	395654033618335	395654020545419
395654036956669	395654050052033	395654037233388
395654053652242	395654066485523	395654053938544
395654070307606	395654082919585	395654072103700
395654103817919	395654115786981	395654104188075
395654104054481	395654124004064	395654104194325
395654120755888	395654132220991	395654121048388
395654137418023	395654148654533	395654137698856
395654154088075	395654165088803	395654154362867
395654170776460	395654181523700	395654171143960
395654187427450	395654197959116	395654191097450
395654220533075	395654230827345	395654220917710
395654220830888	395654239046044	395654220923492
395654237491513	395654255481564	395654237792606
395654254157398	395654271916096	395654254443648
395654270881513	395654288349377	395654271246200
395654287571825	395654304782502	395654287848075
395654304313231	395654321214168	395654313131929
395654333789794	395654345858387	395654334089325
395654337485679	395654354072918	395654337782294
395654354289169	395654370502346	395654354557762
395654370807137	395654386933439	395654371177606
395654387454637	395654403364012	395654387771669
395654404170887	395654419794169	395654417029481
395654420850106	395654436226303	395654421203804
395654454764794	395654469092970	395654455205210
395654454944012	395654477310366	395654455214012
395654471611460	395654485526929	395654472062398
395654488333856	395654501957241	395654488623960
395654504945731	395654518386720	395654505229012
395654521611669	395654534814949	395654521904794
395654538386512	395654551242606	395654538557137
395654572155523	395654584103491	395654572713231
395654572486929	395654592319012	395654572760887
395654589005419	395654600535106	395654589305106
395654605772242	395654616965106	395654606131981
395654622405575	395654633394428	395654622686356
395654639088856	395654649823439	395654639369012
395654655802919	395654666252554	395654664773335

POLL t=322.3 tick=3795
8333333
395663563037446	395663579591300	395663563361613
395663579819165	395663596022550	395663580116509
395663596549009	395663612454738	395663596826040
395663613233696	395663628887603	395663616921353
395663646356457	395663661748331	395663646925363
395663646781665	395663669964582	395663646948540
395663663256196	395663678180883	395663663551301
395663679938384	395663694610987	395663680238801
395663696619009	395663711040363	395663696898488
395663713288957	395663727472237	395663713681509
395663730023696	395663743902290	395663734026665
395663763560103	395663776763853	395663764117759
395663763978228	395663784979269	395663764123801
395663780521353	395663793194894	395663780833696
395663797146926	395663809628227	395663797476665
395663813859321	395663826060467	395663814237759
395663830519946	395663842492759	395663830797238
395663847221613	395663858925519	395663851919426
395663880426457	395663891787654	395663880961196
395663880861978	395663900003280	395663880962290
395663897420259	395663908219530	395663897755884
395663914059009	395663924649946	395663914466665
395663930740259	395663941076925	395663931018696
395663947407134	395663965719164	395663947693853
395663964200884	395663982150467	395663968211196
395663997135103	395664015008435	395663997566144
395663997478019	395664023223019	395663997624790
395664014067550	395664031437862	395664014467446
395664030794946	395664047866404	395664031060571
395664047470207	395664064295415	395664047743488
395664064152290	395664080728071	395664064444582
395664080894321	395664097161144	395664081839478
395664114731821	395664130023019	395664115267707
395664115032603	395664138239268	395664115343228
395664131581353	395664146455362	395664131884009
395664148304790	395664162887602	395664148601821
395664164906821	395664179318852	395664165203696
395664181584009	395664195747706	395664181884946
395664198326977	395664212178383	395664202465259
395664230923384	395664245040779	395664231291196
395664231592446	395664253255623	395664232082082
395664248318227	395664261470779	395664248586300
395664264973540	395664277901040	395664265287290
395664281681040	395664294334581	395664281978696
395664298344582	395664310767185	395664298624165
395664315006665	395664327199529	395664325551352
395664348540727	395664360060206	395664348950727
395664348745884	395664368276664	395664348954894
395664365448540	395664376492237	395664365766196
395664382067602	395664392921872	395664382361925
395664398776196	395664409351977	395664399112863
395664415414790	395664425782654	395664415835675
395664432074321	395664450428748	395664436845259
395664465560884	395664483287810	395664465959634
395664465886040	395664491503435	395664465961300
395664483981352	395664499719217	395664484224321
395664500392759	395664516150310	395664500677759
395664517009894	395664532579581	395664517384634
395664533677602	395664549008800	395664533950415
395664550348332	395664565436247	395664556984894
395664583086300	395664598295727	395664583452290
395664583656040	395664606511716	395664583778800
395664600330102	395664614726612	395664600652706
395664617015884	395664631157810	395664617397134
395664633678696	395664647588227	395664633964581
395664650328956	395664664021040	395664650620415
395664667063696	395664680455259	395664674920415
395664700684790	395664713325310	395664701047238
395664701068227	395664721542186	395664701155102
395664717635415	395664729757654	395664718092863
395664734288071	395664746190623	395664734571509
395664750986613	395664762620519	395664751267550
395664767659946	395664779049633	395664767931613
395664784352446	395664795481300	395664789023852
395664817359946	395664828345102	395664817894477
395664817693852	395664836560049	395664817915102
395664834299321	395664844774268	395664834614581
395664851002706	395664861204008	395664851295571
395664867679321	395664885855310	395664867987915
395664884356821	395664902288226	395664884651665
395664901166508	395664918723591	395664901881821
395664934704633	395664951593539	395664935056508
395664934895675	395664959810883	395664935061821
395664951632133	395664968027966	395664951947290
395664968358071	395664984460779	395664968642446
395664985030727	395665000894268	395664985308071
395665001628071	395665017328383	395665001906665
395665018352081	395665033762237	395665023613488
395665052566821	395665066628591	395665052900102
395665052894165	395665074844997	395665053024008
395665069653852	395665083061143	395665070046040
395665086229321	395665099492601	395665086520727
395665102919633	395665115925935	395665103197915
395665119587446	395665132359372	395665119951456
395665136357394	395665148793435	395665138612238
395665167988227	395665181656040	395665168310519
395665169602446	395665189872237	395665169951508
395665186239894	395665198087549	395665186526821
395665202933852	395665214517289	395665203206352
395665219586352	395665230948695	395665219950988
395665236272758	395665247382080	395665236541665
395665252996612	395665263811872	395665253343800
395665292994633	395665304893019	395665293304790
395665293147915	395665313110778	395665293308800
395665309957133	395665321328851	395665310269581
395665326629633	395665337762341	395665326989112
395665343263487	395665354194059	395665343540258
395665359953852	395665370625414	395665360230362
395665376668175	395665387057810	395665376889165
395665410930883	395665428148748	395665411672706
395665411197915	395665436364998	395665411681508
395665428140415	395665444579425	395665428502290
395665444592133	395665461010779	395665444880831
395665461228175	395665477441872	395665461513852
395665477855831	395665493870154	395665490688227
395665494554633	395665510301508	395665494905987
395665530132394	395665543165987	395665530859164
395665530568071	395665551384216	395665530885362
395665547079269	395665559602081	395665547412758
395665563808227	395665576035570	395665564190571
395665580470727	395665592467550	395665580826039
395665597085050	395665608899841	395665597377237
395665613776977	395665633550466	395665625559894
395665643174633	395665658199008	395665643514789
395665647085675	395665666414164	395665647362758
395665663811821	395665674629424	395665664089789
395665680486508	395665691061299	395665680759789

POLL t=333.3 tick=3880
8333333
395674663378067	395674679100359	395674663655828
395674680110098	395674695530619	395674684514005
395674724981348	395674736612130	395674725357442
395674725126661	395674744827598	395674725362546
395674741808223	395674753043015	395674742130567
395674758497130	395674769475202	395674758779473
395674775196453	395674785909317	395674775575828
395674791869786	395674802343484	395674792158536
395674808563171	395674818779577	395674808780515
395674842198067	395674859869890	395674843213953
395674842375046	395674868088640	395674843606348
395674859091036	395674876306400	395674859399578
395674875715255	395674892740514	395674876151505
395674892440984	395674909173015	395674892717703
395674909115046	395674925605671	395674909393796
395674925804630	395674942037025	395674929952234
395674959008223	395674974900671	395674959327442
395674959147286	395674983115879	395674959339786
395674975824578	395674991331453	395674976211609
395674992472598	395675007762702	395674992787546
395675009167598	395675024193379	395675009458067
395675025829317	395675040623432	395675026115098
395675042496921	395675057056453	395675053179317
395675076803640	395675089920411	395675077286452
395675077000098	395675098137233	395675077293848
395675093660567	395675106353536	395675093965723
395675110386973	395675122784369	395675110659577
395675127043952	395675139213379	395675127330098
395675143715567	395675155643379	395675143998692
395675160388796	395675172073119	395675160754734
395675194944473	395675204935306	395675195234109
395675195120411	395675213150254	395675195267546
395675211806348	395675229579369	395675212119630
395675228485046	395675246011400	395675228858327
395675245172546	395675262441036	395675245450671
395675261842286	395675278868275	395675262119005
395675278521348	395675295295983	395675285543067
395675311653484	395675328159629	395675312034161
395675311872702	395675336375514	395675312062234
395675328516817	395675344591972	395675328802859
395675345229421	395675361024525	395675345508952
395675361851348	395675377458952	395675362136609
395675378518848	395675393894265	395675378899786
395675395254734	395675410325463	395675397173015
395675428995411	395675443190514	395675429390098
395675429153796	395675451408223	395675429412129
395675445834473	395675459625045	395675446215046
395675462505254	395675476059212	395675462803379
395675479182598	395675492490462	395675479553692
395675495835254	395675508922337	395675496128796
395675512606140	395675525355514	395675517611192
395675546247598	395675558222389	395675546792754
395675546665098	395675566438795	395675546797859
395675563221504	395675574654994	395675563543015
395675579895254	395675591087181	395675580279473
395675596581973	395675607517025	395675596872911
395675613251348	395675623946973	395675613542286
395675629995359	395675648595202	395675636210411
395675663201348	395675673243535	395675663637911
395675663557911	395675681457754	395675663638536
395675680186036	395675697890618	395675680629004
395675696813223	395675714324317	395675697097129
395675713508536	395675730760670	395675713787754
395675730176192	395675747195150	395675730484942
395675746872598	395675763629108	395675750424786
395675780807442	395675796497285	395675781611661
395675781032286	395675804714786	395675781618015
395675797640723	395675812931713	395675797933015
395675814385723	395675829364421	395675814663379
395675831038848	395675845797025	395675831314890
395675847644577	395675862229525	395675847926504
395675864405723	395675878662546	395675864723952
395675881064265	395675895099577	395675885266661
395675913805358	395675927964837	395675914238848
395675914378223	395675936181451	395675914537911
395675931123692	395675944397389	395675931427129
395675947799577	395675960831504	395675948091817
395675964485202	395675977267806	395675964728379
395675981140515	395675993704004	395675981514317
395675997899785	395676010140202	395675999500254
395676026506348	395676043015515	395676026827077
395676031095098	395676051233743	395676031406817
395676047829785	395676059452702	395676048109160
395676064515410	395676075889629	395676064786192
395676081186817	395676092324732	395676081544317
395676097838379	395676116979473	395676109857598
395676131481973	395676149848795	395676131811817
395676131869942	395676158066400	395676131992702
395676148542702	395676166284628	395676148828223
395676165194004	395676182717910	395676165500567
395676181833223	395676199150826	395676182211035
395676198509785	395676215584212	395676198777129
395676215118848	395676232019681	395676215409160
395676231931608	395676248451660	395676236859785
395676262145254	395676273097285	395676262466192
395676265283535	395676281312233	395676265604785
395676281824317	395676297744316	395676282199942
395676298507754	395676314176504	395676298780098
395676315204473	395676330606764	395676315475567
395676331867598	395676347038535	395676345042442
395676348563067	395676363470254	395676348839421
395676382976452	395676396332441	395676383482285
395676383510827	395676404548170	395676383635671
395676399928848	395676412763899	395676400234889
395676416655723	395676429194941	395676416939942
395676433318535	395676445625774	395676433582754
395676449984733	395676462055670	395676457213327
395676481110098	395676494920462	395676481413692
395676483196660	395676503137493	395676483613327
395676499988014	395676511353274	395676500283483
395676516626973	395676527786816	395676516901348
395676533284785	395676544217233	395676533570567
395676549976348	395676568867701	395676564231504
395676566628067	395676577083587	395676567009473
395676600060723	395676618168326	395676600361608
395676600230254	395676626385306	395676600367754
395676616929785	395676634602337	395676617289577
395676633595098	395676651038275	395676633874889
395676650239473	395676667476191	395676650534004
395676666950671	395676683914004	395676680873327
395676683614785	395676700349420	395676684127910
395676717338535	395676733216920	395676717730410
395676717509421	395676741433118	395676717734733
395676734199941	395676749649785	395676734510879
395676750884629	395676766082181	395676751169421
395676767563952	395676782516763	395676767860879
395676784193014	395676798950253	395676796540254

POLL t=344.4 tick=3965
8333333
395685764645094	395685788341552	395685764881813
395685781317386	395685796559312	395685781613480
395685798028792	395685812997125	395685798312282
395685814702386	395685829434469	395685815077438
395685831387073	395685845872385	395685831664469
395685848085250	395685862311552	395685848725667
395685881916969	395685895188375	395685882348063
395685882230719	395685903406396	395685882383844
395685898783948	395685911625354	395685899069261
395685915426969	395685928060666	395685915828011
395685932163792	395685944496500	395685932441188
395685948823063	395685960931708	395685949096500
395685965507125	395685977364313	395685971519313
395685998489469	395686010230302	395685998822386
395685998824417	395686018447386	395685998954886
395686015548219	395686026663427	395686015969157
395686032225511	395686043095041	395686032507907
395686048882282	395686059529885	395686049159886
395686065548219	395686075964052	395686065827125
395686082226657	395686100616657	395686083610719
395686116624886	395686133485979	395686117365198
395686116945355	395686141704521	395686117369730
395686133660719	395686149921657	395686133912125
395686150234782	395686166357177	395686150527594
395686166924469	395686182792906	395686167199105
395686183592907	395686199227698	395686183870980
395686200281813	395686215660563	395686204554261
395686233713948	395686248522854	395686234063375
395686233939729	395686256740510	395686234081813
395686250593844	395686264958167	395686250914000
395686267270823	395686281392854	395686267582073
395686283983948	395686297827333	395686284267125
395686300678688	395686314262594	395686300942125
395686317328479	395686330696500	395686324437125
395686350812854	395686363568479	395686351126761
395686351039782	395686371786708	395686351129261
395686367719469	395686380004261	395686368030823
395686384370354	395686396440041	395686384666136
395686401059573	395686412875406	395686401334417
395686417719157	395686429311396	395686418084938
395686434410094	395686445745822	395686436372594
395686468493323	395686478617541	395686468893063
395686468654938	395686486835354	395686468952906
395686485328375	395686503270458	395686485624000
395686501990875	395686519705042	395686502284573
395686518703375	395686536139989	395686519114781
395686535388844	395686552575615	395686535676136
395686552090250	395686569010562	395686555699156
395686585478844	395686601879260	395686585824625
395686585927750	395686610097437	395686586042594
395686602497125	395686618315458	395686602814573
395686619218375	395686634752177	395686619587125
395686635935354	395686651185667	395686636214573
395686652552125	395686667620771	395686652831813
395686669252125	395686684055302	395686675802750
395686702225250	395686716926760	395686702667073
395686702689938	395686725144312	395686702845406
395686719223011	395686733361656	395686719666500
395686735826031	395686749796187	395686736116500
395686752537438	395686766229468	395686752819156
395686769173167	395686782662490	395686769467906
395686785843948	395686799097021	395686788678688
395686819878167	395686831962541	395686820605719
395686820242750	395686840180771	395686820611188
395686836780719	395686848397854	395686837110250
395686853470719	395686864829885	395686853750094
395686870117281	395686881263791	395686870405094
395686886800719	395686897699156	395686887092594
395686903470250	395686914133791	395686909999469
395686937096917	395686955215666	395686937556813
395686937370563	395686963431916	395686937578375
395686953985406	395686971647698	395686954356031
395686970688844	395686988080302	395686970961813
395686987357750	395687004512646	395686987679000
395687004122281	395687020948219	395687004303375
395687020693167	395687037384729	395687024004260
395687053603792	395687070253687	395687053931448
395687054030094	395687078469780	395687054161188
395687070823167	395687086685562	395687071106917
395687087464781	395687103118635	395687087747906
395687104164156	395687119551343	395687104449000
395687120844104	395687135983114	395687135277229
395687137517906	395687152416708	395687137837281
395687167162385	395687185283010	395687167509625
395687170782125	395687193500406	395687171075354
395687187490562	395687201716759	395687187787385
395687204216031	395687218150145	395687204479417
395687220849937	395687234585822	395687221207750
395687237599469	395687251023531	395687240052281
395687271384312	395687283894520	395687271700719
395687271703844	395687292110926	395687271823687
395687288409469	395687300328218	395687288695719
395687305039625	395687316765198	395687305321187
395687321731917	395687333202177	395687322088531
395687338429625	395687349638010	395687338694625
395687355076500	395687366073479	395687355382906
395687384994781	395687398942853	395687385350094
395687388355198	395687407161603	395687388647698
395687405030094	395687415379469	395687405311031
395687421728687	395687431815978	395687422106604
395687438447750	395687456472437	395687438706760
395687455167125	395687472907801	395687459282281
395687488539729	395687505776655	395687488887281
395687488868479	395687513993947	395687489004104
395687505500667	395687522211552	395687505873531
395687522237437	395687538645614	395687522704781
395687538798531	395687555079364	395687539075979
395687555525719	395687571510770	395687555812073
395687572255041	395687587940719	395687573681291
395687606078948	395687620804468	395687606510875
395687606397854	395687629020249	395687606544000
395687622968635	395687637235458	395687623495198
395687639585094	395687653666239	395687639885406
395687656304416	395687670096499	395687656583531
395687672973531	395687686529728	395687673248531
395687689669416	395687702958895	395687695544416
395687723428219	395687735822541	395687723933062
395687723644781	395687744038270	395687723938166
395687740333687	395687752254832	395687740624625
395687757035562	395687768691759	395687757313062
395687773683166	395687785128843	395687773957385
395687790309000	395687801564677	395687790595875
395687807009156	395687817999312	395687807218687
395687837858375	395687850864884	395687838174937
395687840300510	395687859081499	395687840678166
395687857060718	395687875514208	395687857337541
395687873751812	9223372036854775807	395687874104781

POLL t=355.9 tick=4093
8333333
395697273812746	395697283959100	395697274283267
395697290536652	395697300399100	395697290823215
395697307193840	395697325055507	395697307468475
395697323870715	395697341491704	395697324143319
395697340546340	395697357925871	395697340959465
395697374198944	395697390796391	395697374538996
395697374347902	395697399014100	395697374557746
395697391028684	395697407231443	395697391353215
395697407768996	395697423664100	395697408069100
395697424420194	395697440099985	395697424692746
395697441045715	395697456535350	395697441324309
395697457758996	395697472970662	395697458142694
395697491942902	395697505842017	395697492213475
395697492110975	395697514059100	395697492224569
395697508825819	395697522276964	395697509127434
395697525483527	395697538712121	395697525771496
395697542114465	395697555145766	395697542402746
395697558756913	395697571580090	395697568269309
395697592573788	395697604451496	395697592952433
395697592806652	395697612670245	395697592958371
395697609468527	395697620887485	395697609838996
395697626166808	395697637320090	395697626509569
395697642828944	395697653752537	395697643126131
395697659496913	395697670186027	395697659795402
395697676214569	395697686618579	395697676742433
395697709515871	395697719489255	395697709868527
395697709837902	395697727708058	395697710000663
395697726355402	395697744143683	395697726665246
395697743063788	395697760579725	395697743356756
395697759751913	395697777014724	395697760073944
395697776378631	395697793448267	395697776768163
395697793100402	395697809880402	395697799329308
395697826986027	395697842743839	395697827351131
395697827206131	395697850958996	395697827356652
395697843846340	395697859173422	395697844164569
395697860588527	395697875602641	395697860899881
395697877220090	395697892033891	395697877636340
395697893863527	395697908466183	395697894202277
395697910591444	395697924898735	395697911878319
395697944632694	395697957767642	395697945013683
395697944813215	395697965985922	395697945035090
395697961469152	395697974204933	395697961795975
395697978133996	395697990638214	395697978520506
395697994857902	395698007074412	395697995139308
395698011528371	395698023509203	395698011855715
395698028292069	395698039944151	395698033009933
395698061585402	395698072811027	395698061960194
395698061735871	395698081027485	395698061965194
395698078406287	395698089244620	395698078810246
395698095099621	395698105678527	395698095413840
395698111801027	395698122116548	395698112098527
395698128480402	395698138552902	395698128749465
395698145146808	395698163203318	395698154712433
395698177662902	395698187853162	395698177973683
395698178452433	395698196068735	395698178767746
395698195186756	395698212500714	395698195478840
395698211862694	395698228934620	395698212147121
395698228506183	395698245370870	395698228790506
395698245179933	395698261809620	395698245480246
395698261967381	395698278248161	395698262223787
395698295003058	395698311121547	395698295287902
395698295207589	395698319339568	395698295323683
395698311889621	395698327556391	395698312247433
395698328525819	395698343989933	395698328805662
395698345262537	395698360422485	395698345535037
395698361947433	395698376857537	395698362228527
395698378638058	395698393293526	395698378776808
395698412687850	395698426163891	395698413122225
395698413028371	395698434382850	395698413196287
395698429521444	395698442600766	395698429811652
395698446230558	395698459037589	395698446550089
395698462903214	395698475472329	395698463173058
395698479579152	395698491905870	395698479941027
395698496262121	395698508340037	395698501196339
395698529867121	395698541213839	395698530260819
395698530294152	395698549432693	395698530413787
395698546860089	395698557651183	395698547214569
395698563570714	395698574086808	395698563872381
395698580242694	395698598737901	395698580602537
395698596906652	395698615169307	395698597195819
395698613582433	395698631603839	395698615442850
395698645466183	395698656253735	395698645778214
395698646760037	395698664469568	395698647084152
395698663562902	395698680902693	395698663887433
395698680197746	395698697334932	395698680579777
395698696940558	395698713767537	395698697215193
395698713578683	395698730201182	395698713908162
395698730238996	395698746634464	395698730440975
395698770531808	395698787723839	395698771006027
395698770914777	395698795940922	395698771010402
395698787483683	395698804157016	395698787874933
395698804256027	395698820589256	395698804493214
395698820913527	395698837021235	395698821192537
395698837541912	395698853455036	395698849315871
395698869770089	395698886322641	395698870058371
395698870800871	395698894539256	395698871136443
395698887555870	395698902756026	395698887937745
395698904206339	395698919189515	395698904484464
395698920878995	395698935621495	395698921154152
395698937522277	395698952054463	395698951773214
395698954219100	395698968487016	395698954630506
395698987631287	395699001350609	395698987935402
395698987813058	395699009567589	395698987941287
395699004590245	395699017784672	395699004880193
395699021213006	395699034219776	395699021491339
395699037908683	395699050649203	395699038176183
395699054555245	395699067077536	395699064144933
395699089538631	395699108157172	395699090023839
395699090069464	395699116373683	395699090166652
395699106545245	395699124591286	395699106856808
395699123123839	395699141024359	395699123414464
395699139823839	395699157457902	395699140117433
395699156535714	395699173891599	395699156814464
395699173191964	395699190323734	395699182673839
395699206894464	395699223188422	395699207246964
395699207121027	395699231404463	395699207253683
395699223770089	395699239621287	395699224073318
395699240449152	395699256056495	395699240725402
395699257113370	395699272489828	395699257429568
395699273807225	395699288923787	395699274184777
395699290485870	395699305357901	395699302505089
395699307173214	395699321793891	395699307507589
395699335913943	395699346439724	395699336228683
395699340524777	395699354656234	395699340816131
395699357134881	395699371087120	395699357426964
395699373828683	395699387518787	395699374199933
395699390506027	9223372036854775807	395699390791599

POLL t=367.1 tick=4178
8333333
395708436874773	395708449823731	395708437168211
395708453604565	395708466258054	395708453890242
395708470265554	395708482691543	395708470543992
395708486925554	395708499124720	395708487201023
395708503619929	395708515556856	395708507780711
395708538791283	395708556640189	395708539172742
395708538990711	395708564858262	395708539189773
395708555648627	395708573076544	395708555942117
395708572405711	395708589511231	395708572671440
395708589028211	395708605945293	395708589313367
395708605696804	395708622379980	395708606111179
395708622383679	395708638810970	395708630336908
395708657363054	395708671679200	395708657805242
395708657900398	395708679897012	395708658077429
395708674367898	395708688114304	395708674685346
395708691028367	395708704549512	395708691316179
395708707743679	395708720986439	395708708116752
395708724421023	395708737425606	395708724697429
395708741071335	395708762082273	395708755360867
395708757739460	395708770301283	395708758350085
395708793122742	395708811389616	395708793456648
395708793370867	395708819607480	395708793457273
395708810002690	395708827826335	395708810452273
395708826679304	395708844262220	395708826972585
395708843331179	395708860698939	395708843614773
395708859991335	395708877134512	395708860274773
395708876666960	395708893570971	395708888034617
395708908613940	395708926441491	395708908945033
395708909976283	395708934659512	395708910328158
395708926756596	395708942877950	395708927044148
395708943425554	395708959313627	395708943733835
395708960109408	395708975749408	395708960389252
395708976746908	395708992185241	395708977020242
395708993412742	395709008621230	395708993687429
395709010070502	395709033273002	395709026963679
395709026787585	395709041490345	395709027038835
395709061619252	395709074361439	395709061996804
395709061793315	395709082578522	395709062021804
395709078488992	395709090796022	395709078884096
395709095128210	395709107232376	395709095427742
395709111806335	395709123667846	395709112185085
395709128469773	395709140103158	395709128750658
395709145120815	395709156537064	395709145410502
395709161901335	395709172969616	395709163763627
395709197157429	395709214055814	395709197616804
395709197485814	395709222273627	395709197621283
395709213984617	395709230492012	395709214380085
395709230675867	395709246929720	395709230994617
395709247377273	395709263368366	395709247649929
395709264062064	395709279805346	395709264330710
395709280722273	395709296243678	395709281004877
395709297391752	395709312682950	395709308067585
395709332884252	395709345555710	395709333279252
395709333067689	395709353772429	395709333283002
395709349807273	395709361990866	395709350099460
395709366417585	395709378427533	395709366703314
395709383121335	395709394863262	395709383396179
395709399781596	395709411298054	395709400087429
395709416462064	395709427734199	395709416741335
395709433109721	395709444168887	395709433326127
395709468965085	395709485259772	395709469441908
395709469264616	395709493477168	395709469449616
395709485792741	395709501694564	395709486084929
395709502503054	395709518129512	395709502886023
395709519190814	395709534564512	395709519473471
395709535846752	395709550998001	395709536131127
395709552525554	395709567432897	395709552820241
395709569207585	395709583868783	395709570309616
395709605006648	395709616739824	395709605809616
395709605168991	395709624957532	395709605815814
395709621832741	395709633175553	395709622127741
395709638571439	395709649609876	395709638903158
395709655210971	395709666041231	395709655498471
395709671855346	395709682475241	395709672146179
395709688577377	395709698908157	395709695828523
395709723571960	395709739995762	395709723912741
395709724110189	395709748213626	395709724311179
395709740787273	395709756431908	395709741087898
395709757433158	395709772868210	395709757719929
395709774157429	395709789304772	395709774434773
395709790860189	395709805742116	395709791139773
395709807465970	395709822178835	395709812587429
395709842894825	395709855052949	395709843207429
395709843171179	395709863271490	395709843333991
395709860128158	395709871490085	395709860341804
395709876629773	395709887927116	395709876924616
395709893335866	395709904363470	395709893609252
395709909997585	395709920800345	395709910376179
395709926663523	395709937236803	395709932100866
395709963171335	395709978324356	395709963517273
395709963668991	395709986541699	395709963866595
395709980375658	395709994760554	395709980636648
395709997008210	395710011199981	395709997293679
395710013659148	395710027637376	395710014026804
395710030350658	395710044073418	395710030632897
395710047011335	395710060512324	395710051540970
395710082702585	395710093386179	395710083048314
395710083047897	395710101605553	395710083160345
395710099630710	395710118043417	395710099920554
395710116314616	395710134479772	395710116606022
395710132980241	395710150917428	395710133258991
395710149681022	395710167354459	395710149962897
395710166366179	395710183788314	395710170827845
395710202136908	395710216665084	395710202920970
395710202566908	395710224885813	395710202928210
395710219057741	395710233105345	395710219480970
395710235800554	395710249542845	395710236123314
395710252383366	395710265979199	395710252673210
395710269102377	395710282413157	395710269383366
395710285745866	395710298849616	395710287414460
395710322735710	395710339943053	395710323190085
395710323043522	395710348160658	395710323204616
395710339643366	395710356378782	395710339938991
395710356314252	395710372815136	395710360157377
395710373018679	395710389249251	395710373303522
395710389588783	395710405686542	395710389880814
395710406314720	395710422124408	395710412791804
395710436503158	395710446778522	395710436861335
395710439608679	395710454996491	395710439925397
395710456310814	395710471433053	395710456594304
395710472962689	395710487868157	395710473252585
395710489832116	395710504302012	395710490127689
395710506283366	395710520739407	395710506665397
395710540309616	395710553610605	395710540694147
395710540501647	395710561828418	395710540717064
395710557211335	395710570045709	395710557502220
395710573911960	395710586480657	395710575367689

POLL t=378.3 tick=4267
8333333
395719627936175	395719642576331	395719628218363
395719661983935	395719675448049	395719662340238
395719662161904	395719683665497	395719662343831
395719678819769	395719691882998	395719679146331
395719695460550	395719708317789	395719695789873
395719712184560	395719724753571	395719712479873
395719728823206	395719741193414	395719729123519
395719763578206	395719774069560	395719763944404
395719763830029	395719782288102	395719763981488
395719780436956	395719798723987	395719780730706
395719797172894	395719815159769	395719797482998
395719813832894	395719831595810	395719814111956
395719830504300	395719848030967	395719830788050
395719864115185	395719880902476	395719864507529
395719864395081	395719889121331	395719864523987
395719881166019	395719897340132	395719881531175
395719897994352	395719913775602	395719898305706
395719914391175	395719930213883	395719914671592
395719931026748	395719946651279	395719931317425
395719947748050	395719963088205	395719948158779
395719982722373	395719995956956	395719983056800
395719982908831	395720004175081	395719983062269
395719999568987	395720012393779	395719999872529
395720016506331	395720028830706	395720016761435
395720032971175	395720045269195	395720033250862
395720049609925	395720061707685	395720049991592
395720083833154	395720094584612	395720084170967
395720084032894	395720102803622	395720084175550
395720100656123	395720111022216	395720100955237
395720117364769	395720127460081	395720117669248
395720134019612	395720143897060	395720134317894
395720150688154	395720168552164	395720162525394
395720167431592	395720184988154	395720167813362
395720202772269	395720217861799	395720203236592
395720202975394	395720226081904	395720203245237
395720219644404	395720234301330	395720219961019
395720236353050	395720250738258	395720236636019
395720253011800	395720267176851	395720253391800
395720269674248	395720283616800	395720274833675
395720302711487	395720316495705	395720303042216
395720303024456	395720324715028	395720303130237
395720319701800	395720332934351	395720319981019
395720336401331	395720349372164	395720336682216
395720353077998	395720365810601	395720353447425
395720369701123	395720382250184	395720369990706
395720386414873	395720398688049	395720390202425
395720419954612	395720431566591	395720420305081
395720420147998	395720439786331	395720420351956
395720436791644	395720448005185	395720437080394
395720453505810	395720464443309	395720453967998
395720470193935	395720480880029	395720470469612
395720486857425	395720497318466	395720487139144
395720503509091	395720521975810	395720507036644
395720537547581	395720554854925	395720537983675
395720537868050	395720563074299	395720538030550
395720554404612	395720571295080	395720554801956
395720571049143	395720587734612	395720571414560
395720587792581	395720604173622	395720588059768
395720604434456	395720620611278	395720604707893
395720621124456	395720637050237	395720624297060
395720654248623	395720669928154	395720654799143
395720654477268	395720678148466	395720654803831
395720671422581	395720686368987	395720671677841
395720687807268	395720702806226	395720688123935
395720704428987	395720719243726	395720704712268
395720721088206	395720735682164	395720721388987
395720737840393	395720752120028	395720738935862
395720771896956	395720784991852	395720772250393
395720772098779	395720793209924	395720772258050
395720788741279	395720801428049	395720789037581
395720805486800	395720817865132	395720805792581
395720822132268	395720834300862	395720822412425
395720838775810	395720850742007	395720839070550
395720855424612	395720867184403	395720859238518
395720889548050	395720900067893	395720889931175
395720889761748	395720908289300	395720889936904
395720906435081	395720916510132	395720906742737
395720923115081	395720941171018	395720923407893
395720939847373	395720957611018	395720940121175
395720956472112	395720974051226	395720956836747
395720973281331	395720990488830	395720973623206
395721006319300	395721023366174	395721006697529
395721006821018	395721031585080	395721007056643
395721023460706	395721039803102	395721023686643
395721040122737	395721056239351	395721040352060
395721056699404	395721072676018	395721057065237
395721073347841	395721089111122	395721073625706
395721102686487	395721113759507	395721103000341
395721106638310	395721121975393	395721106954143
395721123321904	395721138408778	395721123601122
395721140033675	395721154842059	395721140296800
395721156700341	395721171275549	395721157069560
395721173312581	395721187710028	395721178611747
395721207296122	395721220577164	395721207691799
395721207508674	395721228792789	395721207698206
395721224219560	395721237008466	395721224505497
395721240922997	395721253440132	395721241232529
395721257594612	395721269872684	395721257954768
395721274246174	395721286307424	395721274524768
395721307520497	395721319176226	395721307806799
395721307793362	395721327394195	395721307855966
395721324511174	395721335610966	395721324805966
395721341174768	395721352046747	395721341445341
395721357830862	395721368482893	395721358195341
395721374500237	395721393138882	395721380555654
395721406982581	395721417793101	395721407313206
395721407740706	395721426011799	395721408111279
395721424478154	395721442448466	395721424803987
395721441111591	395721458885549	395721441399456
395721457815393	395721475321903	395721458186331
395721474491174	395721491756434	395721474770237
395721508992685	395721524622580	395721509429299
395721509315393	395721532839612	395721509436747
395721525888831	395721541056955	395721526179768
395721542600029	395721557492216	395721542887216
395721559257268	395721573929716	395721559629247
395721575932581	395721590365289	395721576221435
395721609823518	395721623240965	395721610191799
395721609978622	395721631458830	395721610215081
395721626696799	395721639676278	395721626977997
395721643346018	395721656113413	395721643625549
395721660026435	395721672551070	395721660384560
395721676651747	395721688988153	395721676945185
395721710226747	395721721863205	395721710581903
395721710405706	395721730081069	395721710588674
395721727158049	395721738300237	395721727439143
395721743820497	9223372036854775807	395721744127893

POLL t=389.4 tick=4357
8333333
395730785953046	395730811876535	395730786119244
395730802487577	395730820095077	395730802890702
395730819140181	395730836531327	395730819428619
395730835915077	395730852966483	395730836194400
395730852537681	395730869400806	395730858585337
395730885838358	395730902269608	395730886221431
395730886016640	395730910489035	395730886231015
395730902675702	395730918706274	395730903059765
395730919644192	395730935141848	395730919915858
395730936211119	395730951576952	395730936492890
395730952705702	395730968011587	395730952990650
395730987815806	395731000881743	395730988181171
395730988091483	395731009101066	395730988188046
395731004669764	395731017320337	395731005057369
395731021414400	395731033757211	395731021693827
395731038063775	395731050196014	395731038343150
395731054721952	395731066633618	395731059160702
395731088617733	395731099504764	395731088987681
395731088803983	395731107723723	395731089053514
395731105465806	395731115942212	395731105849452
395731122150337	395731132377160	395731122465077
395731138856483	395731148812316	395731139286275
395731155465806	395731173462316	395731155770650
395731189426014	395731206333098	395731189796171
395731189691587	395731214552004	395731189803046
395731206266796	395731222769608	395731206652577
395731222955546	395731239204087	395731223243202
395731239664087	395731255641586	395731239943671
395731256361171	395731272078827	395731257257733
395731290733619	395731304955806	395731291214764
395731291249921	395731313176170	395731291438202
395731307675389	395731321397316	395731308124764
395731324346119	395731337841170	395731324655546
395731341052056	395731354285232	395731341411744
395731357738827	395731370728670	395731367069452
395731390788931	395731403610441	395731391173306
395731391104921	395731411829972	395731391177837
395731407751587	395731420049816	395731408186796
395731424482889	395731436486795	395731424768306
395731441135181	395731452925129	395731441418514
395731457802421	395731469362108	395731465268306
395731491606483	395731502240077	395731491972837
395731491843618	395731510458983	395731491976743
395731508456327	395731518678305	395731508845702
395731525202264	395731535115650	395731525489139
395731541870025	395731559777212	395731542189139
395731558521796	395731576217056	395731562616171
395731592029921	395731609097316	395731592421483
395731592446587	395731617316900	395731592624868
395731610729764	395731625537004	395731611081014
395731627126327	395731641975858	395731627444764
395731643796014	395731658415389	395731644065337
395731660428775	395731674854451	395731667195650
395731693746327	395731707728670	395731694084920
395731693948983	395731715946222	395731694106014
395731710580337	395731724165649	395731710962837
395731727286327	395731740601743	395731727603358
395731743973983	395731757038878	395731744258462
395731760628306	395731773477524	395731767777264
395731794759295	395731806354608	395731795270806
395731795121118	395731814573826	395731795279452
395731811680702	395731822792211	395731812153670
395731828393931	395731839230858	395731828675702
395731845052264	395731855668618	395731845328618
395731861842837	395731872107160	395731863312733
395731894478358	395731904985701	395731894822212
395731895006014	395731913203982	395731895125858
395731911714920	395731929640701	395731912193514
395731928405702	395731946076742	395731928691170
395731945107264	395731962513410	395731945385545
395731961776014	395731978950440	395731965063827
395731995639556	395732011826378	395731996170077
395731996038150	395732020043774	395731996175962
395732012581327	395732028261065	395732012967681
395732029387889	395732044696951	395732029656952
395732045993358	395732061133617	395732046270858
395732062661587	395732077571118	395732064505077
395732095865077	395732110443565	395732096298774
395732096291795	395732118661534	395732096400702
395732112875702	395732126880284	395732113264139
395732129590389	395732143318253	395732129860858
395732146266483	395732159755909	395732146546639
395732162987264	395732176195909	395732165057368
395732196274920	395732209077211	395732196388983
395732196594764	395732217295805	395732196722264
395732213358045	395732225514503	395732213731014
395732229984452	395732241957733	395732230279087
395732246694868	395732258397940	395732246964452
395732263397212	395732274836638	395732263752056
395732299676170	395732315929607	395732299985702
395732300121795	395732324148982	395732300214712
395732316769295	395732332368670	395732317182733
395732333400389	395732348809191	395732333701118
395732350064243	395732365250753	395732350334920
395732366721795	395732381688982	395732367016483
395732400166014	395732414566274	395732400494712
395732400421899	395732422785336	395732400497837
395732417147576	395732431003826	395732417515962
395732433768826	395732447440597	395732434050858
395732450501170	395732463876378	395732450833931
395732485671951	395732496750857	395732486022264
395732485948774	395732504969503	395732486029243
395732502750024	395732513187993	395732503046899
395732519314139	395732529625180	395732519730337
395732535951014	395732554282003	395732538075545
395732570416170	395732587155337	395732570724451
395732570731326	395732595374815	395732570892733
395732587437420	395732603593045	395732587757524
395732604100181	395732620031586	395732604386951
395732620695337	395732636476013	395732627619295
395732653916951	395732669359555	395732654358149
395732654073618	395732677578722	395732654366639
395732670712264	395732685798721	395732671006795
395732687410389	395732702238774	395732687776014
395732704160649	395732718678878	395732704522889
395732720809451	395732735114972	395732721173201
395732737484087	395732751551534	395732737845962
395732773042733	395732784428149	395732773383201
395732773225701	395732792648253	395732773388358
395732789958358	395732800868878	395732790248618
395732806621274	395732817310962	395732806902420
395732823284608	395732833751638	395732826876899
395732853960701	395732866630337	395732854306483
395732856990701	395732874850180	395732857250805
395732873352368	395732891287784	395732873643826
395732889936639	395732907725648	395732890249087
395732906636795	9223372036854775807	395732906904868

POLL t=400.6 tick=4461
8333333
395741962086792	395741972448561	395741962379708
395741978808198	395741988886426	395741979096896
395742012881219	395742029975593	395742013154552
395742013089292	395742038193250	395742013203667
395742029823771	395742046411635	395742030143510
395742046508354	395742062848666	395742046819239
395742063164917	395742079286271	395742063699917
395742096798927	395742112165021	395742097142260
395742096965646	395742120383458	395742097146010
395742113671010	395742128601635	395742113973667
395742148425177	395742161474760	395742148762573
395742148558354	395742169692312	395742148768146
395742165227208	395742177910958	395742165531166
395742181868458	395742194346843	395742182179396
395742198565021	395742210782989	395742201629448
395742232174916	395742243658770	395742232558823
395742232330698	395742251878249	395742232988823
395742248965177	395742260096270	395742249268198
395742265682833	395742276530645	395742268212104
395742300851010	395742317612468	395742301193771
395742301039604	395742325829760	395742301201739
395742317775802	395742334048302	395742318103198
395742334420333	395742350485437	395742339378458
395742367894864	395742383360072	395742368289291
395742368224135	395742391579811	395742368290073
395742384806635	395742399799916	395742385162260
395742401547104	395742416236791	395742404686427
395742432511791	395742449110281	395742432831948
395742434903823	395742457328509	395742435352521
395742451499708	395742465545802	395742451808666
395742468185333	395742481982468	395742468473771
395742484921271	395742498420437	395742485328198
395742521032833	395742539510593	395742521370333
395742521238354	395742547728301	395742521378354
395742537909135	395742555946322	395742538452052
395742554581166	395742572380541	395742557875489
395742589746635	395742605251114	395742590118198
395742589929604	395742613469448	395742590126323
395742606762885	395742621687155	395742607176010
395742623260802	395742638122781	395742623568979
395742639982520	395742654561322	395742645519968
395742672840802	395742687436323	395742673242416
395742673353823	395742695657103	395742673484604
395742690068145	395742703876947	395742690388770
395742706683041	395742720316166	395742706971791
395742723411323	395742736757728	395742724374916
395742757937416	395742769638770	395742758313666
395742758242885	395742777858874	395742758317573
395742774780958	395742786078197	395742775090854
395742791480177	395742802514135	395742792929291
395742823268979	395742835391062	395742823635177
395742824772572	395742843611061	395742825129552
395742841538770	395742851831531	395742842025958
395742858169760	395742868271322	395742861358979
395742892590489	395742909371582	395742892933770
395742892760854	395742917592468	395742892937416
395742909575541	395742925814030	395742909779447
395742926179083	395742942255489	395742926981010
395742959607572	395742975135749	395742959924604
395742960615697	395742983357416	395742960944239
395742977407416	395742991578353	395742977712833
395742994015333	395743008020437	395742994302104
395743010735645	395743024459655	395743014085541
395743044645958	395743057335957	395743045184916
395743044792677	395743065554551	395743045231166
395743061483302	395743073772468	395743061802729
395743078132729	395743090210176	395743078429552
395743094832989	395743106649499	395743097462104
395743127506791	395743139530957	395743127896635
395743128141479	395743147750957	395743128303979
395743144958302	395743155970749	395743145477833
395743161484291	395743172412155	395743161778927
395743178139916	395743188851947	395743186008770
395743211496947	395743229942416	395743211861583
395743211619604	395743238161322	395743211867260
395743228422416	395743246381479	395743228792676
395743245046010	395743262821895	395743245409239
395743261713354	395743279259864	395743261988979
395743290564916	395743303918613	395743290859604
395743294994447	395743312138040	395743295287572
395743311724447	395743328576322	395743312068926
395743328398770	395743345014134	395743328753041
395743345107729	395743361449238	395743345215176
395743380334395	395743394325905	395743380664604
395743380701479	395743402543458	395743380775645
395743397378926	395743410762259	395743397720229
395743414099239	395743427201166	395743417968041
395743446787051	395743460078561	395743447304551
395743447337260	395743468297050	395743447482051
395743464113353	395743476515853	395743464384447
395743480737103	395743492952519	395743484261583
395743510046478	395743525830124	395743510333510
395743513980853	395743534049707	395743514275697
395743530758353	395743542268874	395743531041166
395743547409291	395743558704551	395743547441322
395743583384760	395743599795072	395743583704447
395743583733510	395743608015019	395743583879135
395743600401947	395743616234290	395743600702520
395743617056739	395743632670123	395743617482364
395743653873458	395743665547728	395743654209551
395743654126426	395743673767103	395743654222885
395743670895853	395743681985905	395743671180853
395743687648822	395743698422624	395743687799083
395743723429916	395743739510593	395743723728197
395743723767520	395743747728092	395743723836739
395743740327885	395743755946947	395743740731947
395743757052103	395743772384707	395743760303145
395743789833510	395743805261426	395743790201166
395743790350645	395743813480228	395743790476322
395743807060228	395743821699239	395743807359916
395743823755489	395743838135280	395743828819916
395743855323510	395743871012623	395743855681791
395743857061478	395743879233197	395743857403197
395743873768978	395743887453145	395743874063822
395743890423614	395743903892051	395743893588510
395743924903197	395743936767676	395743925232728
395743925095385	395743944988093	395743925264603
395743941781166	395743953209134	395743942296895
395743958487103	395743969651582	395743963841947
395743992207364	395744010752311	395743992519916
395743992347103	395744018970957	395743992567416
395744009189291	395744027188665	395744009408822
395744025716635	395744043627624	395744025997051
395744042433145	395744060069395	395744051002364
395744074377103	395744092950697	395744074746166
395744075708510	395744101171790	395744076160697
395744092476322	395744109393301	395744092787051

