POLL t=10.7 tick=600
8333333
438362770531106	438362787040689	438362770825950
438362787448606	438362803472095	438362787719700
438362804125325	438362819905325	438362804400116
438362820587668	438362836335480	438362820876991
438362837254075	438362852766262	438362837542512
438362853928398	438362869198866	438362854207825
438362870667200	438362885628293	438362870940273
438362887339960	438362902061783	438362887615793
438362903922512	438362918494022	438362904199387
438362920546210	438362934925741	438362920838554
438362937142200	438362951358032	438362937430950
438362954037200	438362967789439	438362954238085
438362970620637	438362984222200	438362970912512
438362987292512	438363000651574	438362987580429
438363003814543	438363017082407	438363004107043
438363020552043	438363033510949	438363020839960
438363037314700	438363049937720	438363037615793
438363054040637	438363066367563	438363054320585
438363070642147	438363082796157	438363070914804
438363087162772	438363099225481	438363087453918
438363103847512	438363115654960	438363104142668
438363120927616	438363132084022	438363121207147
438363137310325	438363148510897	438363137589075
438363153838397	438363164939699	438363154120741
438363170477356	438363181369074	438363170759856
438363187335637	438363197793970	438363187623293
438363203957668	438363222435012	438363204244960
438363220673293	438363238865428	438363220965793
438363237177668	438363255295220	438363237461262
438363253864179	438363271724751	438363254157981
438363270607512	438363288152928	438363270892199
438363287300012	438363304581834	438363287591262
438363303924387	438363321012303	438363304216522
438363320469543	438363337441209	438363320754231
438363337223606	438363353868657	438363337561679
438363354060949	438363370296418	438363354282199
438363370535012	438363386726835	438363370846679
438363387120012	438363403156730	438363387407512
438363403894491	438363419586991	438363404168137
438363420855168	438363436015168	438363421132512
438363437316574	438363452443866	438363437589960
438363453801054	438363468875168	438363454073085
438363470505324	438363485306418	438363470794543
438363487357512	438363501736679	438363487680272
438363503868137	438363518168293	438363504148606
438363520616731	438363534599803	438363520904699
438363537310168	438363551032824	438363537616262
438363553834179	438363567464699	438363554127304
438363570600272	438363583895480	438363570883449
438363587254856	438363600326313	438363587542929
438363604016262	438363616758189	438363604287981
438363620620481	438363633188344	438363620900741
438363637125116	438363649618918	438363637407512
438363654049543	438363666049282	438363654340324
438363670654491	438363682480532	438363670933918
438363687478449	438363698913501	438363687757147
438363703792981	438363715345220	438363704072981
438363720577616	438363731773657	438363720870793
438363737291731	438363748203085	438363737567199
438363753883293	438363764630584	438363754166678
438363770620168	438363781059751	438363770890793
438363787295272	438363797488553	438363787560793
438363803861418	438363822136417	438363804152199
438363820568397	438363838570272	438363820846887
438363837312303	438363855003345	438363837605637
438363853849699	438363871436314	438363854157928
438363870515637	438363887869178	438363870809699
438363887073606	438363904301262	438363887372616
438363903928137	438363920732564	438363904229491
438363920684543	438363937164959	438363920982824
438363937378553	438363953596939	438363937656262
438363953758137	438363970027876	438363954042355
438363970499543	438363986461053	438363970785949
438363987370324	438364002895220	438363987704699
438364004095949	438364019327407	438364004383137
438364020667512	438364035759282	438364020834335
438364037110324	438364052187355	438364037405637
438364053750324	438364068612719	438364054056105
438364070521418	438364085042146	438364070810637
438364087323605	438364101469751	438364087507355
438364103925637	438364117897146	438364104215741
438364120759491	438364134325896	438364121030480
438364137651105	438364150756991	438364137939647
438364154290637	438364167188448	438364154583605
438364170974699	438364183618240	438364171269230
438364187643918	438364200046834	438364187937512
438364204359074	438364216475480	438364204637147
438364221229387	438364232904438	438364221510637
438364237867355	438364249332407	438364238140480
438364254519855	438364265762094	438364254799855
438364271267668	438364282190064	438364271548918
438364287967980	438364298619751	438364288254230
438364304707616	438364315048084	438364304981574
438364321338553	438364331475064	438364321624074
438364338089074	438364356116365	438364338364491
438364354761887	438364372544126	438364355041209
438364371357824	438364388973657	438364371662824
438364388121991	438364405403240	438364388296262
438364404765637	438364421832824	438364405043293
438364421460428	438364438260897	438364421746418
438364438213709	438364454688345	438364438496262
438364454885637	438364471117095	438364455163241
438364471617459	438364487543969	438364471918449
438364488341887	438364503973553	438364488611418
438364505018137	438364520402772	438364505306730
438364521513918	438364536831730	438364521799647
438364538198918	438364553261834	438364538470168
438364554653709	438364569692303	438364554922512
438364571424803	438364586123709	438364571700480
438364588169386	438364602555272	438364588448605
438364604606834	438364618985949	438364604887668
438364621139074	438364635415220	438364621416678
438364637657355	438364651844386	438364637918449
438364654437824	438364668274855	438364654724074
438364671006522	438364684707043	438364671299386
438364703481366	438364717572354	438364703764386
438364706069230	438364725789751	438364706369386
438364733094647	438364750436782	438364733371261
438364745173605	438364758653605	438364745454543
438364760724699	438364775085949	438364760994230
438364776520011	438364791518918	438364776803136
438364793657147	438364807952406	438364793957616
438364810356105	438364824384646	438364810659855
438364826952043	438364840816886	438364827232355
438364843487824	438364857247720	438364843774543
438364860218761	438364873676782	438364860496418
438364876919074	9223372036854775807	438364877220324

POLL t=22.0 tick=1201
8333333
438374170126414	438374183574643	438374170417195
438374186823393	438374200009174	438374187096206
438374203413862	438374216443705	438374203694695
438374220042039	438374232875945	438374220327039
438374236953445	438374249309226	438374237231727
438374254229331	438374265741309	438374254512352
438374270221362	438374282176257	438374270507299
438374286813081	438374298607976	438374287093445
438374303461362	438374315041986	438374303727508
438374320391883	438374331476622	438374320670008
438374336875008	438374347910788	438374337157768
438374354020008	438374372561049	438374354295737
438374371257352	438374388994174	438374371541362
438374387870581	438374405427559	438374388162612
438374404564851	438374421864121	438374404857924
438374421253081	438374438300059	438374421547664
438374437833081	438374454736361	438374438112195
438374454673289	438374471171882	438374454976258
438374470689956	438374487605580	438374470963758
438374487267195	438374504038809	438374487530112
438374504193393	438374520472716	438374504385893
438374519965737	438374536906361	438374520260945
438374536666414	438374553337403	438374537011674
438374554029539	438374569770476	438374554315320
438374570037820	438374586202976	438374570336258
438374586857976	438374602633965	438374587127195
438374603429018	438374619063028	438374603705112
438374620074643	438374635494747	438374620341570
438374636719851	438374651929539	438374637007351
438374654099539	438374668362143	438374654386726
438374670084070	438374684792611	438374670363758
438374686838133	438374701226935	438374687107456
438374703337508	438374717662820	438374703620476
438374720105476	438374734097351	438374720383914
438374736781206	438374750532976	438374737068549
438374754653758	438374766967247	438374754939799
438374769943862	438374783402716	438374770236570
438374786704383	438374799836101	438374787001674
438374803407820	438374816271622	438374803681258
438374820120320	438374832705215	438374820416570
438374836914018	438374849140007	438374837194643
438374853851987	438374865574174	438374854129539
438374870097039	438374882005997	438374870387039
438374886957039	438374898435476	438374887231883
438374903502351	438374914866882	438374903783914
438374920134330	438374931297715	438374920415320
438374936885633	438374947727611	438374937169018
438374953998758	438374972377611	438374954292039
438374971399383	438374988812247	438374971685476
438374987872768	438375005243757	438374988186414
438375004623549	438375021674122	438375004911049
438375021184330	438375038105007	438375021479487
438375038070268	438375054536465	438375038361101
438375055312976	438375070969121	438375055591101
438375070475476	438375087398288	438375070773862
438375086874382	438375103828705	438375087164330
438375103831205	438375120257559	438375104136414
438375120067195	438375136690528	438375120367924
438375136653237	438375153122976	438375136936882
438375153862612	438375169557246	438375154130580
438375170247455	438375185992820	438375170534487
438375186903757	438375202427663	438375187193757
438375203346987	438375218860267	438375203654226
438375220113132	438375235290320	438375220392820
438375236875268	438375251718289	438375237163862
438375253933601	438375268151101	438375254241726
438375270070320	438375284583132	438375270359070
438375286809382	438375301015788	438375287103132
438375303423393	438375317448861	438375303725164
438375320122143	438375333881882	438375320406101
438375336758132	438375350314538	438375337040112
438375354048445	438375366747090	438375354343757
438375370168601	438375383181413	438375370448862
438375386728393	438375399617403	438375387011101
438375403401674	438375416053653	438375403692143
438375420131674	438375432490684	438375420414539
438375437020424	438375448928601	438375437297612
438375454131882	438375465362403	438375454426882
438375470050632	438375481797350	438375470341414
438375486781205	438375498231049	438375487068914
438375503606726	438375514666986	438375503899070
438375520323132	438375531102455	438375520598601
438375537034643	438375547537820	438375537301101
438375554144226	438375572195788	438375554447507
438375571465164	438375588634069	438375571745580
438375588171570	438375605069017	438375588452976
438375604944955	438375621504486	438375605221986
438375621469955	438375637940684	438375621774070
438375637994851	438375654378496	438375638283393
438375654691570	438375670816257	438375654963757
438375670698289	438375687250111	438375670975893
438375687330632	438375703683028	438375687606205
438375703296414	438375720117872	438375703572820
438375719982663	438375736553288	438375720286570
438375736972351	438375752988913	438375737284851
438375754039851	438375769420371	438375754337663
438375770365320	438375785850736	438375770633601
438375786710632	438375802284069	438375786980268
438375802967611	438375818719277	438375803251257
438375819745007	438375835154590	438375820053757
438375836374330	438375851589798	438375836634799
438375853449070	438375868025424	438375853759851
438375869581726	438375884461726	438375869847351
438375886053705	438375900897507	438375886333393
438375902887976	438375917333392	438375903157976
438375919683861	438375933769277	438375919951257
438375936413288	438375950203496	438375936732195
438375953419695	438375966635371	438375953712820
438375965402976	438375983067975	438375965693445
438375990206674	438376007715319	438375990485580
438376003920476	438376015931413	438376004237663
438376019540476	438376032362559	438376019833913
438376036134538	438376048794902	438376036406049
438376053269382	438376065228965	438376053549955
438376069515945	438376081664798	438376069787820
438376086173236	438376098099694	438376086450476
438376102078288	438376114530788	438376102355945
438376118545736	438376130963340	438376118822820
438376135112143	438376147394538	438376135394226
438376152502976	438376163826726	438376152789538
438376168822820	438376180257923	438376169099695
438376185361205	438376196690059	438376185650788
438376201979538	438376213122611	438376202262142
438376218521257	438376229556517	438376218802195
438376235300632	438376245990632	438376235580007
438376252603445	438376270641726	438376252884538
438376269041049	9223372036854775807	438376269319226

POLL t=33.7 tick=1625
8333333
438386071304847	438386089160941	438386071668441
438386087869326	438386105601878	438386095018910
438386112050316	438386122039117	438386112319066
438386121262503	438386138475316	438386121617035
438386137928128	438386154914535	438386138299014
438386154579847	438386171353701	438386154956878
438386171184535	438386187794325	438386171550472
438386187891722	438386212456461	438386200181722
438386212047920	438386228897086	438386212314222
438386221260159	438386237118441	438386221414378
438386237951670	438386253558492	438386238301566
438386254565316	438386269998336	438386254926878
438386271238284	438386286435107	438386271581357
438386287913753	438386302873336	438386288272451
438386304578753	438386319312294	438386306191045
438386328501514	438386343970419	438386328771097
438386337842972	438386352189534	438386338211253
438386354581722	438386368628805	438386354935576
438386371237034	438386385067399	438386371584222
438386387913232	438386401506304	438386388251409
438386404620628	438386426158023	438386408220420
438386428234066	438386442592450	438386428500784
438386437926097	438386450810888	438386438297191
438386454622816	438386467247711	438386454981097
438386471238076	438386483684326	438386471588076
438386487892295	438386500122086	438386488248597
438386504588909	438386532995003	438386517129222
438386529289378	438386541211877	438386529582659
438386537860264	438386549429482	438386538213909
438386554607139	438386565863909	438386554932034
438386571342347	438386582298753	438386571724378
438386587973909	438386598732763	438386588329378
438386604627295	438386631600628	438386617484534
438386629254795	438386639817919	438386629555159
438386637937972	438386656250263	438386638319691
438386654594847	438386672684221	438386654959847
438386671247034	438386689118544	438386671594795
438386687914795	438386705550159	438386688280159
438386704582972	438386730200732	438386717305732
438386730184326	438386746636878	438386730465576
438386738092191	438386754855107	438386738232972
438386754626357	438386771292398	438386754994847
438386771314378	438386787729534	438386771685003
438386787996566	438386804167502	438386788345003
438386804594795	438386828818545	438386814465941
438386830032816	438386845255055	438386830325472
438386837910732	438386853474117	438386838087659
438386854611513	438386869914951	438386854958545
438386871232503	438386886353284	438386871586722
438386887963076	438386902790003	438386888323128
438386904625940	438386919230159	438386905007972
438386921303753	438386935670888	438386921380263
438386945515003	438386960333024	438386945803597
438386954548388	438386968552815	438386954912347
438386971272190	438386984993180	438386971662972
438386987959013	438387001431513	438386988311409
438387004630784	438387017868440	438387004970732
438387021274378	438387034305054	438387022016565
438387045847920	438387058962710	438387046140263
438387054570159	438387067181929	438387054927659
438387071314170	438387083619429	438387071680628
438387087968284	438387100057085	438387088319378
438387104621878	438387116493075	438387104978545
438387121297659	438387132930003	438387121566670
438387145573440	438387157580992	438387145861982
438387154604065	438387165798232	438387154956253
438387171266409	438387182233179	438387171614326
438387187977815	438387198669638	438387188345159
438387204619690	438387215106304	438387204975263
438387221228909	438387231543283	438387221554795
438387245688284	438387264417607	438387245972190
438387254711409	438387272636773	438387254966982
438387271299847	438387289073544	438387271662920
438387287926878	438387305509690	438387288285263
438387304586565	438387321945262	438387310600472
438387328431253	438387346596460	438387328785003
438387337951409	438387354812971	438387338746097
438387354621722	438387371248180	438387354971878
438387371284013	438387387685888	438387371624065
438387388057503	438387404125836	438387388397815
438387404675107	438387428781304	438387414885107
438387428183857	438387445218388	438387428462034
438387437968753	438387453438648	438387438178232
438387454695315	438387469880680	438387455044534
438387471341201	438387486317033	438387471704378
438387487991826	438387502754325	438387488344222
438387504671357	438387519191981	438387505031096
438387521305107	438387535628648	438387522010576
438387545204169	438387560283336	438387545493909
438387554651982	438387568501825	438387555016253
438387571358284	438387584939116	438387571722294
438387587968596	438387601373231	438387588321826
438387604678284	438387617806773	438387605037503
438387621339013	438387642459794	438387625724378
438387645087451	438387658898075	438387645367659
438387654657971	438387667116878	438387655000003
438387671320576	438387683553440	438387671676409
438387688080107	438387699989325	438387688383440
438387704787919	438387716423909	438387705160628
438387721403753	438387741076512	438387730434378
438387744988128	438387757513075	438387745260940
438387754662034	438387765730107	438387755032815
438387771344794	438387782162711	438387771707138
438387788048909	438387806814429	438387788405159
438387804697138	438387823248909	438387805069169
438387821381721	438387847896981	438387832510003
438387846030315	438387856113700	438387846303544
438387854597346	438387872549846	438387854963857
438387871324794	438387888987555	438387871675940
438387887986044	438387905421669	438387888339534
438387904670784	438387921858753	438387905032971
438387921264690	438387938297502	438387921625471
438387937930263	438387954734950	438387942809846
438387962020003	438387979389377	438387962318440
438387971302034	438387987607763	438387972083128
438387988045732	438388004043700	438387988400159
438388004584065	438388020480158	438388004931096
438388021292190	438388036916669	438388021665940
438388038001878	438388061570887	438388050598284
438388061430628	438388078007711	438388061715888
438388071293232	438388086227138	438388071657294
438388088061096	438388102666409	438388088366409
438388104677138	438388119104637	438388105024690
438388121362659	438388135542138	438388121729221
438388138037450	438388168414950	438388150433753
438388162418127	438388176633388	438388162703284
438388171296565	9223372036854775807	438388171675575

POLL t=45.5 tick=1768
8333333
438397621798228	438397634675832	438397622165624
438397638457134	438397659319165	438397649519061
438397662278853	438397675749842	438397662554999
438397671775780	438397683966353	438397672152759
438397688593853	438397700398540	438397688873905
438397705184009	438397716831196	438397705535884
438397721779686	438397733265468	438397722130936
438397738436041	438397749695728	438397738787499
438397755135780	438397774341977	438397757229999
438397779483280	438397790772394	438397779766561
438397788499634	438397798988072	438397788846718
438397805108280	438397815418488	438397805474843
438397821911249	438397840065884	438397822133540
438397838474530	438397856496509	438397838843593
438397855174165	438397881145779	438397867881978
438397880387811	438397897577082	438397880666249
438397888467343	438397905792134	438397888734478
438397905149218	438397922223749	438397905528593
438397921836509	438397938653123	438397922186874
438397938475572	438397955084842	438397938833124
438397955142343	438397971518436	438397955511718
438397971781249	438397987951978	438397975378593
438397996037290	438398012599321	438397996304530
438398005119842	438398020814789	438398005315624
438398021808072	438398037248436	438398022175415
438398038483280	438398053684113	438398038832342
438398055156249	438398070119425	438398055514165
438398071783436	438398094772759	438398084377603
438398095836717	438398111208697	438398096139374
438398105058697	438398119425415	438398105438749
438398121808280	438398135857030	438398122163749
438398138477134	438398152288592	438398138851353
438398155132134	438398168722759	438398155501874
438398171837499	438398201591457	438398187753280
438398188458228	438398209808123	438398188726665
438398213472290	438398226241926	438398213760311
438398221834634	438398234459009	438398222209217
438398238427915	438398250894373	438398238779530
438398255080936	438398267329321	438398255451509
438398271834530	438398283766509	438398272203384
438398288463280	438398308419478	438398293221561
438398313017759	438398324854217	438398313292134
438398321735572	438398333071977	438398322102759
438398338583436	438398349508228	438398338889634
438398355210311	438398365942290	438398355568280
438398371837499	438398382376092	438398372199530
438398388453436	438398415242342	438398403318592
438398405132342	438398423458592	438398405406197
438398430009478	438398448107342	438398430307967
438398438453592	438398456323540	438398438730155
438398455088384	438398472755727	438398455446717
438398471776405	438398489188488	438398472154842
438398488502603	438398505621821	438398488881874
438398505208905	438398522054425	438398508672759
438398529783436	438398546704426	438398530066874
438398538419165	438398554920311	438398539466561
438398555264634	438398571352707	438398555647967
438398571809061	438398587784009	438398572172186
438398588492811	438398604214321	438398588856196
438398605171561	438398628856404	438398618159999
438398629754686	438398645284789	438398630054530
438398638462290	438398653500415	438398638821509
438398655178905	438398669930519	438398655529686
438398671862655	438398686360519	438398672217967
438398688532186	438398702791613	438398688895780
438398705259998	438398735655050	438398720572967
438398721779946	438398743871144	438398722036717
438398746408748	438398760305311	438398746684998
438398755153384	438398768522550	438398755502186
438398771800936	438398784954998	438398772161092
438398788510155	438398801388435	438398788857811
438398805191040	438398817820466	438398805556717
438398821817967	438398850686040	438398836884061
438398838551978	438398858903852	438398838794373
438398863546092	438398875339686	438398863847342
438398871848436	438398883557758	438398872214998
438398888532603	438398899991665	438398888878696
438398905180571	438398916426873	438398905533228
438398921844946	438398932863384	438398922209842
438398938539998	438398965728018	438398953490103
438398955216092	438398973944373	438398955474790
438398980224373	438398998594530	438398980513592
438398988507811	438399006810831	438398988767967
438399005175780	438399023240571	438399005547759
438399021820728	438399039670675	438399022188280
438399038547498	438399056102029	438399038929686
438399055269790	438399088958331	438399071282811
438399071892186	438399097173748	438399072157498
438399098084998	438399113607602	438399098394946
438399105131561	438399121824113	438399105933436
438399121919373	438399138256404	438399122192915
438399138645571	438399154692446	438399138991196
438399155191665	438399171126508	438399155566561
438399171844790	438399187561977	438399172206561
438399188553123	438399203996144	438399192215467
438399213610259	438399228645206	438399213895311
438399221781821	438399236862810	438399222145311
438399238506561	438399253295987	438399238859061
438399255156248	438399269728800	438399255508071
438399271842655	438399286160414	438399272252186
438399288500936	438399302593539	438399288855936
438399305170779	438399319028175	438399307816404
438399330059217	438399343680310	438399330347186
438399338426196	438399351898592	438399338807498
438399355171196	438399368336352	438399355513904
438399371944009	438399384773904	438399372235623
438399388516873	438399401205935	438399388856509
438399405196561	438399417641925	438399405548748
438399421785623	438399442296351	438399428869529
438399446804998	438399458733695	438399447094009
438399455124217	438399466951092	438399455474061
438399471872342	438399483383174	438399472223592
438399488508279	438399499818748	438399488859373
438399505189321	438399516255258	438399505547602
438399521784998	438399549123331	438399536911092
438399538480311	438399557340570	438399538738436
438399563480727	438399573774685	438399563760154
438399571858696	438399590208956	438399572222446
438399588478540	438399606642706	438399588834686
438399605113904	438399623075050	438399605481821
438399621759009	438399639505727	438399621999477
438399638496092	438399664156300	438399647818904
438399664338436	438399680587967	438399664599321
438399671947967	438399688803070	438399672127290
438399688514061	438399705231508	438399688939061
438399705209634	438399721662810	438399705558227
438399722002498	9223372036854775807	438399722204373

POLL t=57.0 tick=1867
8333333
438409155735411	438409179922911	438409161877182
438409180419838	438409196360879	438409180699994
438409189097494	438409204579942	438409189456869
438409205799474	438409221019265	438409206168901
438409222385724	438409237457858	438409222753588
438409239121557	438409253895566	438409239502599
438409255777286	438409270334369	438409260263432
438409280168744	438409294990098	438409280451817
438409289088224	438409303209161	438409289452182
438409305794057	438409319645931	438409306149682
438409322463744	438409336080932	438409322804369
438409339131401	438409352517025	438409339498432
438409355806557	438409377171973	438409361178744
438409380341505	438409393607858	438409380636974
438409389100776	438409401826244	438409389455932
438409405851505	438409418263796	438409406197651
438409422439526	438409434699421	438409422800255
438409439161244	438409451135984	438409439555307
438409455773536	438409475790619	438409460288067
438409480332494	438409492226140	438409480654005
438409489286401	438409500444473	438409489541713
438409505857651	438409516879786	438409506204682
438409522438744	438409533313848	438409522795307
438409539219161	438409557961764	438409539562182
438409555812494	438409574395411	438409561388276
438409580227807	438409590830150	438409580508119
438409589123744	438409607265879	438409589489526
438409605774526	438409623703067	438409606135880
438409622461088	438409640141400	438409622830932
438409639124526	438409656579994	438409639503744
438409655800098	438409673019681	438409662614213
438409680277026	438409697675410	438409680565307
438409689083588	438409705894525	438409689664630
438409705795932	438409722333953	438409706150776
438409722509994	438409738771505	438409722837911
438409739167494	438409755206244	438409739537963
438409755791244	438409779860151	438409764209161
438409780064526	438409796298223	438409780326817
438409789149942	438409804518379	438409789487650
438409805829057	438409820958952	438409806189786
438409822468275	438409837397650	438409822818380
438409839101036	438409853833900	438409839463536
438409855764786	438409878484942	438409861186869
438409880271817	438409894920098	438409880560932
438409889096244	438409903138118	438409889482650
438409905800932	438409919573691	438409906178848
438409922456036	438409936008170	438409922817025
438409939159317	438409952446088	438409939520775
438409955861869	438409977101764	438409964239317
438409980170932	438409993538067	438409980447182
438409989139525	438410001755827	438409989500150
438410005808848	438410018194108	438410006200723
438410022468275	438410034630931	438410022833432
438410039160619	438410051066348	438410039530619
438410055766713	438410075723223	438410062077494
438410080406661	438410092159108	438410080706505
438410089120723	438410100376816	438410089493432
438410105786557	438410116813379	438410106153275
438410122388067	438410133251765	438410122748744
438410139100567	438410157908432	438410139489057
438410155748588	438410174346139	438410161224213
438410180216348	438410190785046	438410180507807
438410189069682	438410207222545	438410189443432
438410205752442	438410223660984	438410206119369
438410222402963	438410240100202	438410222787442
438410239059682	438410256537129	438410239431557
438410255792025	438410272971972	438410261229057
438410280283275	438410297622493	438410280578900
438410289058275	438410305839056	438410289507338
438410305741817	438410322276088	438410306116192
438410322419369	438410338714056	438410322791557
438410339069057	438410355145670	438410339479369
438410355838536	438410379800931	438410361367338
438410380050723	438410396239785	438410380309369
438410389072494	438410404458640	438410389438275
438410405743432	438410420898327	438410406113588
438410422404525	438410437336816	438410422777025
438410439046088	438410453776191	438410439414369
438410455791817	438410478432545	438410461900931
438410480584629	438410494868743	438410480906556
438410489101556	438410503086608	438410489516348
438410505767286	438410519520619	438410506144161
438410522499681	438410535954161	438410522867650
438410539149317	438410552389473	438410539534629
438410555818744	438410577044420	438410562391713
438410580331817	438410593479317	438410580618588
438410589131556	438410601696920	438410589493692
438410605888119	438410618131921	438410606253119
438410622502494	438410634568900	438410622857025
438410639173431	438410651006660	438410639533588
438410655890619	438410675661973	438410663150150
438410681389317	438410692100879	438410681711869
438410689148119	438410700320150	438410689531556
438410705864213	438410716757701	438410706264525
438410722544681	438410733197546	438410722904629
438410739192025	438410757857597	438410739576244
438410755837598	438410774296243	438410764228900
438410780454681	438410790730775	438410780739004
438410789207494	438410807167962	438410789561244
438410805844056	438410823603743	438410806209004
438410822512806	438410840039786	438410822870723
438410839439525	438410856476192	438410839763119
438410855795619	438410881133066	438410865533900
438410881449004	438410897568535	438410881745931
438410889086504	438410905788171	438410889500410
438410905818744	438410922227650	438410906209056
438410922494994	438410938663900	438410922854681
438410939101400	438410955099160	438410939468431
438410955781192	438410979752649	438410964120879
438410980649681	438410996191139	438410980944160
438410989101973	438411004411504	438410989472650
438411005754369	438411020850670	438411006116244
438411022410879	438411037290045	438411022806192
438411039105254	438411053724576	438411039490775
438411055812494	438411078374628	438411061140619
438411080503379	438411094808223	438411080834994
438411089082494	438411103025827	438411089457806
438411105771556	438411119460254	438411106148744
438411122415410	438411135896712	438411122784473
438411139076817	438411152330879	438411139443431
438411155787442	438411176983743	438411161743587
438411180557181	438411193418378	438411180857181
438411189109369	438411201634732	438411189478275
438411205769785	438411218069681	438411206137494
438411222418848	438411234504577	438411222800462
438411239142285	438411250937494	438411239505931
438411255770775	9223372036854775807	438411262048275

POLL t=68.5 tick=1988
8333333
438420641054834	438420652819573	438420641464521
438420657729990	438420669256656	438420658095459
438420674388896	438420702128896	438420687747178
438420691047646	438420710346396	438420691401032
438420718842021	438420734997542	438420719227959
438420724384678	438420743213636	438420724657178
438420741061084	438420751431917	438420741415875
438420757767490	438420767869365	438420758216396
438420781529365	438420792523323	438420781821344
438420791061240	438420808964416	438420791425615
438420807731657	438420825404417	438420808102907
438420824404365	438420841843740	438420829701553
438420848764209	438420866500354	438420849127907
438420857690459	438420874719312	438420858598896
438420874378584	438420891158636	438420874825459
438420891058428	438420915814572	438420904164678
438420907741657	438420924030719	438420908667178
438420935571240	438420948683063	438420935861032
438420941008584	438420956899729	438420941404469
438420957757490	438420973334573	438420958127802
438420974454052	438420997985718	438420980570615
438420998229990	438421014419677	438420998526396
438421007739625	438421022636812	438421008127125
438421024353584	438421039073010	438421024735146
438421041022438	438421063725510	438421052039209
438421065368740	438421080158166	438421065655302
438421074397438	438421088375250	438421074776969
438421091073115	438421104811083	438421091461657
438421107763115	438421137681396	438421120958063
438421124393115	438421145898896	438421124692438
438421152644365	438421170550094	438421152947125
438421157674365	438421178767333	438421157992334
438421174400302	438421186985042	438421174759677
438421191070771	438421203419885	438421191614990
438421214946500	438421228078218	438421215254052
438421224340927	438421236298896	438421224730771
438421241084521	438421252739052	438421241441240
438421257741552	438421285620249	438421272358427
438421274385146	438421293842125	438421274710250
438421301751084	438421318500197	438421302050146
438421307725563	438421326718583	438421308003896
438421324391240	438421334937698	438421324762959
438421341095615	438421359590250	438421343728844
438421365284521	438421376026240	438421365655615
438421374360615	438421392462125	438421374745146
438421391029521	438421408897542	438421391401865
438421407709625	438421441776656	438421424707281
438421424755615	438421449996292	438421424888063
438421449284990	438421466432645	438421449597594
438421457808740	438421474651447	438421458748584
438421474408427	438421491089156	438421474809156
438421491103844	438421507528843	438421494012490
438421515136084	438421532188688	438421515478584
438421524409052	438421540409156	438421524677125
438421541085927	438421556847906	438421541452646
438421557741396	438421573285874	438421558103115
438421574435615	438421597943791	438421580716084
438421599860458	438421614381552	438421600228583
438421607693115	438421622600823	438421608062490
438421624410771	438421639039312	438421624796083
438421641074313	438421663694989	438421653758271
438421657755458	438421671913115	438421658240927
438421688351396	438421704785666	438421688731656
438421691045615	438421713003062	438421691397333
438421707732646	438421721219729	438421708257750
438421724393375	438421737654468	438421724755719
438421741071813	438421762309208	438421745352125
438421766141969	438421778746135	438421766424469
438421774369521	438421786965249	438421774734990
438421791091552	438421803404416	438421791447750
438421807763375	438421836286396	438421818730563
438421832659365	438421844507333	438421832950563
438421841019938	438421852728322	438421841395458
438421857778427	438421869167072	438421858130146
438421874409677	438421902047385	438421888153740
438421891176396	438421910265666	438421891542646
438421916881708	438421934920614	438421917184521
438421924424521	438421943139990	438421924701969
438421941100615	438421951359676	438421941462438
438421957753583	438421976019416	438421959274469
438421982021240	438421992457697	438421982313740
438421991114000	438422008895822	438421991476083
438422007795094	438422025335406	438422008147802
438422024489052	438422041773271	438422028547958
438422048318375	438422066431708	438422048614677
438422057829833	438422074650406	438422058113271
438422074478375	438422091086083	438422074852177
438422091220927	438422115741552	438422104632021
438422115409521	438422132179520	438422115718219
438422124472125	438422140398687	438422124656708
438422141166187	438422156838166	438422141530562
438422157854833	438422189710197	438422172719521
438422174520927	438422197928322	438422174810406
438422202342333	438422214363218	438422202657021
438422207811187	438422222582542	438422208232958
438422224506865	438422239021499	438422224879208
438422241157021	438422263677749	438422247486708
438422265161864	438422280113166	438422265455458
438422274498896	438422288330406	438422274861812
438422291158375	438422304764155	438422291525146
438422307864989	438422329414155	438422319838427
438422331784989	438422345849156	438422332083427
438422341147906	438422354067228	438422341514364
438422357848114	438422370502072	438422358240719
438422374521969	438422386938739	438422374873583
438422391142281	438422411597749	438422394780614
438422415708375	438422428036083	438422416044677
438422424459833	438422436256083	438422424833687
438422441126864	438422452696447	438422441494625
438422457797177	438422485573271	438422472546552
438422474458375	438422493791760	438422474774989
438422501176396	438422518447906	438422501527802
438422507783062	438422526667489	438422508088062
438422524460614	438422534887384	438422524835614
438422541142750	438422559546343	438422546497125
438422565045614	438422575987073	438422565374208
438422574468896	438422592427281	438422574833687
438422591132177	438422608864260	438422591494312
438422607800302	438422633521135	438422620769989
438422624499052	438422641741864	438422625841864
438422653814833	438422666401968	438422654127646
438422657750146	438422674620822	438422658717021
438422674471864	438422691059312	438422674876968
438422691157125	438422707500406	438422696977177
438422716339989	438422732159885	438422716651239
438422724521656	438422740379676	438422724738114
438422741154989	438422756818218	438422741526656

POLL t=78.7 tick=2123
8333333
438430919592955	438430935260298	438430919889205
438430924865715	438430943482225	438430925236549
438430941570299	438430951703423	438430941948997
438430958291705	438430976367277	438430965669309
438430983468684	438431001027798	438430983830142
438430991605299	438431009248996	438430991964153
438431008271080	438431025691549	438431008632017
438431024923892	438431050356496	438431039314517
438431041601340	438431058581287	438431041973476
438431066604622	438431083251132	438431066923684
438431074938267	438431091473319	438431075760767
438431091686392	438431107919517	438431091969986
438431108299049	438431124363996	438431112353736
438431132909049	438431149028735	438431133263267
438431141637590	438431157250767	438431142168997
438431158262486	438431173695610	438431158631080
438431174909830	438431198366652	438431188815299
438431191611653	438431206588892	438431191924309
438431220526028	438431231253683	438431220907174
438431224960767	438431239475975	438431225484205
438431241585090	438431255921236	438431242088580
438431258272590	438431272365767	438431258632330
438431274950299	438431288808371	438431276217746
438431300704986	438431313472277	438431301052121
438431308218996	438431321693579	438431308774309
438431325031549	438431338135871	438431325509778
438431341616549	438431354575871	438431341977017
438431358301861	438431379235194	438431365040455
438431383400715	438431395675663	438431383703580
438431391607903	438431403895246	438431391976861
438431408279986	438431420335246	438431408641809
438431424955246	438431453217746	438431436316861
438431451208423	438431461441027	438431451514153
438431458227642	438431469662955	438431458595246
438431474949934	438431486105975	438431475326392
438431491609465	438431518988475	438431505076705
438431508274621	438431527209986	438431508583215
438431537202642	438431551874829	438431537553996
438431541526236	438431560097330	438431541881601
438431558282278	438431576540350	438431558639361
438431574972330	438431592985402	438431581978736
438431599686340	438431617652537	438431599974621
438431608319673	438431625874309	438431608555246
438431624962798	438431642318215	438431625316861
438431641620611	438431666984985	438431653152955
438431667909361	438431683426652	438431668181080
438431674930403	438431691646964	438431675415142
438431691625767	438431708087017	438431692145611
438431708294205	438431740971235	438431723257434
438431724957173	438431749192017	438431725308059
438431752384934	438431765634829	438431752779830
438431758600767	438431773856288	438431759086653
438431775044465	438431790297798	438431775521236
438431791617278	438431814960871	438431799344621
438431816462903	438431831404100	438431816762798
438431824965142	438431839626392	438431825327173
438431841641236	438431856067381	438431842011548
438431858278996	438431888949360	438431872640611
438431874925871	438431897169621	438431875281027
438431900315246	438431913611131	438431900618423
438431908250298	438431921830506	438431908638267
438431924937746	438431938270141	438431925297798
438431941605455	438431962931287	438431945674777
438431967573371	438431979372589	438431967863267
438431974924048	438431987593631	438431975360871
438431991596809	438432004036496	438431991953684
438432008259621	438432036918891	438432023218267
438432024981965	438432045139569	438432025329361
438432050703059	438432061578423	438432050985923
438432058275715	438432069799620	438432058644517
438432074972954	438432086240402	438432075331236
438432091769829	438432110898943	438432095860246
438432116999152	438432127337641	438432117289152
438432125026392	438432135557693	438432125402954
438432141691079	438432151999568	438432142057642
438432158367902	438432184882746	438432173894517
438432175075298	438432193103943	438432175388736
438432203000559	438432217766600	438432203294986
438432208321652	438432225987537	438432208600611
438432225008267	438432242431236	438432225380142
438432241773579	438432258874360	438432246738840
438432270339777	438432283539829	438432270627798
438432274956496	438432291761548	438432275253996
438432291707329	438432308203839	438432292077277
438432308435402	438432341088527	438432324949309
438432326568215	438432349310194	438432326669204
438432355637017	438432373973839	438432355964621
438432359713111	438432382194777	438432360103423
438432376353111	438432390415090	438432376713996
438432393040767	438432415076599	438432404240871
438432418286809	438432431517485	438432418563267
438432426298267	438432439739099	438432426664048
438432442940767	438432456181912	438432443304986
438432459741809	438432489069100	438432475841809
438432476372173	438432497291287	438432476453371
438432502767746	438432513736131	438432503114517
438432511702538	438432530179360	438432512165246
438432528120923	438432538400714	438432528479986
438432544734933	438432563064047	438432545083683
438432561366392	438432579504673	438432568861861
438432587531861	438432604167225	438432587865558
438432594703736	438432612388996	438432594984621
438432611371183	438432628832173	438432611743996
438432628059204	438432661719829	438432643869777
438432644712590	438432669941495	438432645008111
438432673546704	438432686380610	438432673887590
438432677953111	438432694600558	438432678754204
438432694713267	438432711043787	438432695125454
438432711349048	438432735707641	438432725468267
438432728061392	438432743928422	438432728292590
438432754310558	438432768591548	438432754596548
438432761302798	438432776812850	438432761499465
438432778011392	438432793254881	438432778365298
438432794670454	438432809695766	438432799290767
438432819954985	438432834357017	438432820250610
438432827956496	438432842577901	438432828399777
438432844676392	438432859019517	438432845045610
438432861350090	438432875460454	438432861702329
438432878010246	438432891901756	438432881767329
438432903348110	438432916563631	438432903654829
438432911308579	438432924786182	438432911725454
438432928141652	438432941232485	438432928520767
438432944689048	438432957677589	438432945046704
438432961408423	438432974120246	438432964131392
438432988658267	438433007006444	438432989044204
438432994675142	438433015229048	438432994973423
438433011412017	9223372036854775807	438433011808423

POLL t=90.3 tick=2329
8333333
438442461802013	438442483892013	438442467737794
438442485921232	438442500328680	438442486204982
438442495139669	438442508546596	438442495512482
438442511814357	438442524982325	438442512192013
438442528486648	438442549639253	438442535269513
438442552182951	438442566079044	438442552472326
438442561802950	438442574299357	438442562167430
438442578440607	438442590739565	438442578806336
438442595142950	438442615395033	438442601452742
438442618886700	438442631831388	438442619183732
438442628445919	438442640049929	438442628808523
438442645107898	438442656488366	438442645467898
438442661806388	438442681142846	438442667948732
438442685785294	438442697579408	438442686087169
438442695123107	438442705798263	438442695485607
438442711785919	438442722232845	438442712155555
438442728578732	438442746887116	438442734693367
438442752483523	438442763322325	438442752776023
438442761878575	438442779757325	438442762227794
438442778526388	438442796190814	438442778887482
438442795197482	438442812623888	438442802808107
438442819027430	438442837275970	438442819321023
438442828545555	438442845492325	438442829363992
438442845207794	438442861925971	438442845620138
438442861881388	438442886579356	438442872555607
438442886372482	438442903013679	438442886754513
438442895213263	438442911230242	438442895422013
438442911861648	438442927664252	438442912229357
438442928543055	438442952315919	438442936303732
438442952709357	438442968750814	438442953001075
438442961876700	438442976967064	438442962239305
438442978528523	438442993400918	438442978887898
438442995214513	438443018050085	438443001278888
438443019049617	438443034483783	438443019338263
438443028490138	438443042701491	438443028870450
438443045201804	438443059135190	438443045587794
438443061888054	438443083789200	438443068224148
438443085772794	438443100223731	438443086059044
438443095193523	438443108440815	438443095562169
438443111878888	438443124875658	438443112261857
438443128556492	438443149526023	438443134823419
438443152875919	438443165959981	438443153170138
438443161833732	438443174177846	438443162196648
438443178537794	438443190611856	438443178891700
438443195209825	438443215264929	438443201378419
438443219252481	438443231701595	438443219539929
438443228537950	438443239920866	438443228897325
438443245204200	438443256359095	438443245566492
438443261904669	438443281017845	438443267894981
438443285965242	438443297454148	438443286250294
438443295191388	438443305671648	438443295557481
438443311844669	438443322104825	438443312206544
438443328527794	438443346755501	438443334009669
438443353254356	438443371407168	438443353546700
438443361814825	438443379623106	438443362093679
438443378504356	438443396056648	438443378875606
438443395147742	438443420710190	438443403385919
438443422311388	438443437144772	438443422689200
438443428560606	438443445361751	438443429598106
438443445192638	438443461796439	438443445596179
438443461917950	438443486450710	438443471969981
438443486841700	438443502886960	438443487136179
438443495198575	438443511105554	438443495394617
438443511907169	438443527543887	438443512258263
438443528562325	438443552201335	438443537582794
438443553561336	438443568639460	438443553856075
438443561889200	438443576858888	438443562256700
438443578547013	438443593300867	438443578905138
438443595206544	438443617963210	438443601978836
438443619740606	438443634403522	438443620072481
438443628539617	438443642623210	438443628909825
438443645240138	438443659060814	438443645608888
438443661904929	438443683721804	438443668899460
438443686413419	438443700162013	438443686700398
438443695173575	438443708382220	438443695566960
438443711952325	438443724820345	438443712313992
438443728677794	438443749478418	438443735643523
438443753557481	438443765912637	438443753848106
438443761898679	438443774131075	438443762266648
438443778643419	438443790566491	438443778992429
438443795274304	438443815221960	438443802946179
438443819924200	438443831660085	438443820203106
438443828643106	438443839879721	438443829012898
438443845276388	438443856315866	438443845630242
438443862041544	438443880970710	438443869292950
438443886528523	438443897409512	438443886809773
438443895269148	438443913848054	438443895716752
438443911912325	438443930286960	438443912353210
438443928694981	438443954943054	438443937359512
438443955096856	438443971377793	438443955374825
438443961939148	438443979595085	438443962211231
438443978575450	438443996030449	438443978948106
438443995275867	438444020681491	438444004743419
438444021548887	438444037118627	438444021839148
438444028656075	438444045336074	438444029697429
438444045301335	438444061771647	438444045647950
438444061994356	438444086426699	438444070633731
438444087950710	438444102864512	438444088341804
438444095303731	438444111083731	438444095498210
438444111953575	438444127519616	438444112327325
438444128585242	438444152176751	438444138393054
438444153436960	438444168614356	438444153947742
438444161951492	438444176833731	438444162323262
438444178578262	438444193270814	438444178959773
438444195251544	438444217927637	438444203098887
438444220205450	438444234362064	438444220497481
438444228588575	438444242581700	438444228991804
438444245231075	438444259019460	438444245616544
438444261952637	438444283672845	438444270251856
438444287343106	438444300108626	438444287696804
438444295251231	438444308326335	438444295631492
438444311888262	438444324761439	438444312256491
438444328575450	438444357632116	438444340299669
438444345252116	438444365849512	438444345683054
438444370885137	438444382285189	438444371182169
438444378531335	438444390503678	438444378909356
438444395221231	438444423379981	438444409512950
438444411926700	438444431597897	438444412276856
438444440281648	438444456253626	438444440573575
438444445202637	438444464471178	438444445544616
438444461905554	438444472689356	438444462262169
438444486838262	438444505564512	438444487128991
438444495246856	438444513784772	438444495578991
438444511938731	438444530222845	438444512296648
438444528657325	438444546659928	438444536518418
438444554071543	9223372036854775807	438444554355554
438444561938887	9223372036854775807	438444562311387

POLL t=101.6 tick=2476
8333333
438453928874457	438453940417737	438453929267582
438453945582321	438453956855654	438453945955238
438453962263988	438453981507893	438453967513415
438453985918415	438453997943310	438453986218884
438453995528415	438454006162373	438453996046488
438454012303102	438454022600446	438454012656696
438454028915863	438454055476174	438454041334457
438454045708675	438454063694299	438454046059457
438454073431488	438454088351279	438454073723050
438454078921019	438454096570602	438454079291384
438454095549040	438454121230758	438454104214665
438454121270550	438454137673050	438454121639196
438454129109925	438454145893310	438454130112894
438454145559196	438454162334040	438454146002321
438454162244352	438454186990549	438454170398102
438454186453884	438454203428206	438454186736331
438454195586644	438454211646227	438454196225446
438454212259769	438454228082841	438454212622946
438454228943050	438454244521071	438454232859196
438454252537790	438454269184352	438454252939665
438454262231956	438454277405081	438454262424456
438454278905446	438454293846070	438454279271644
438454295586540	438454310286539	438454299878259
438454318988571	438454334946279	438454319284196
438454328910915	438454343166384	438454329285759
438454345578363	438454359607008	438454345943884
438454362248258	438454376048883	438454365548415
438454385691488	438454400713415	438454385996540
438454395525550	438454408933779	438454395914352
438454412270238	438454425373622	438454412636071
438454428933102	438454450033623	438454434682165
438454452119769	438454466473727	438454452406227
438454462251540	438454474693675	438454462665915
438454478939040	438454491132268	438454479287165
438454495599613	438454507571696	438454497595758
438454518916800	438454532231383	438454519217581
438454528886227	438454540451747	438454529281696
438454545571852	438454573333205	438454556424196
438454569991488	438454581553258	438454570287790
438454578884196	438454589773623	438454579264508
438454595556956	438454606214560	438454595934977
438454612320602	438454630872946	438454615941644
438454635455238	438454647310862	438454635772946
438454645571696	438454663749716	438454645939040
438454662248415	438454688409873	438454673247008
438454686693727	438454704850081	438454686981383
438454695579352	438454713069300	438454696705550
438454712279821	438454729507113	438454712649665
438454728968363	438454754162893	438454736919196
438454753486227	438454770601696	438454753774977
438454762278831	438454778821592	438454763383831
438454778913206	438454795261955	438454779282790
438454795619352	438454819923362	438454802355758
438454820212633	438454836362945	438454820503102
438454828934352	438454844582216	438454829298415
438454845594977	438454861020758	438454845958050
438454862267581	438454885676852	438454869408727
438454885278362	438454902117373	438454885572633
438454895569821	438454910337216	438454895934352
438454912249508	438454926779664	438454912614040
438454928952165	438454951442372	438454935660446
438454951760133	438454967883466	438454952075602
438454962288206	438454976102425	438454962714040
438454978932165	438454992541695	438454979293727
438454995621071	438455017200393	438455003722112
438455018592164	438455033638571	438455018879039
438455028942894	438455041857320	438455029310446
438455045593258	438455058299351	438455045960446
438455062321175	438455082963310	438455069682581
438455085633102	438455099405081	438455085915602
438455095652269	438455107626591	438455096059456
438455112342112	438455124068414	438455112712737
438455129072633	438455148730602	438455133700758
438455151762425	438455165172476	438455152084664
438455162307321	438455173392633	438455162677269
438455178977633	438455189832789	438455179368206
438455195747946	438455214496018	438455200974508
438455218828414	438455230938362	438455219123258
438455228984352	438455247384455	438455229393102
438455245648571	438455263826591	438455245996331
438455262315081	438455280268414	438455270296852
438455285584508	438455296711487	438455285885862
438455295677477	438455313155810	438455296078414
438455312331852	438455329598154	438455312695758
438455329055237	438455346042059	438455335671227
438455352507477	438455370705705	438455352779925
438455362369039	438455378927112	438455363410446
438455378979300	438455395369559	438455379354300
438455395790758	438455420032268	438455404180133
438455419103258	438455436477320	438455419386227
438455428972477	438455444700393	438455429401383
438455445666018	438455461145132	438455446037477
438455462619925	438455485807789	438455469499039
438455485770081	438455502248414	438455486079508
438455495707789	438455510469091	438455496125602
438455512360289	438455526910237	438455512712737
438455529083883	438455551574299	438455537452946
438455552629300	438455568013778	438455552917321
438455562345237	438455576234247	438455562711852
438455579015446	438455592674611	438455579373518
438455595719664	438455617335965	438455603193414
438455618759508	438455633775758	438455619044977
438455628946539	438455641996591	438455629310602
438455645667477	438455658435446	438455646040914
438455662379143	438455683092320	438455667697945
438455685563831	438455699531903	438455685842477
438455695672789	438455707750861	438455696051852
438455712322633	438455724189247	438455712693675
438455729009977	438455748849247	438455733735914
438455752037737	438455765289091	438455752321852
438455762242477	438455773508830	438455762619143
438455778960445	438455789947164	438455779333414
438455795627477	438455814603153	438455804160914
438455818967320	438455831041747	438455819262789
438455828996643	438455847481122	438455829361695
438455845651227	438455863918674	438455846018414
438455862361070	438455880354195	438455869562893
438455885674352	438455896789924	438455885983883
438455895712633	438455913225289	438455896087477
438455912367164	438455929662581	438455912723414
438455929044768	438455946101435	438455934879352
438455951879195	438455962538830	438455952225133
438455962400914	438455978975601	438455962778883
438455979055445	438455995414090	438455979402581
438455995782008	438456020069924	438456004085237
438456019055445	438456036508206	438456019351227
438456029029820	9223372036854775807	438456029398570

POLL t=113.6 tick=2627
8333333
438465919033983	438465931308514	438465919324348
438465929419817	438465947746587	438465929844192
438465946080702	438465964183670	438465946496848
438465962738723	438465988838618	438465971841535
438465987016067	438466005277889	438465987316379
438465996235910	438466013497368	438465996384348
438466012740285	438466029934712	438466013112629
438466029398879	438466046373827	438466036569817
438466052525129	438466071029764	438466052829035
438466062729035	438466079249139	438466063039817
438466079503254	438466095687316	438466079914035
438466096167317	438466112126014	438466101069817
438466119213358	438466136787107	438466119508879
438466129454192	438466145007525	438466129615442
438466146063566	438466169667941	438466158020702
438466169606848	438466186106639	438466169893046
438466179392160	438466194325910	438466179777473
438466196132421	438466210761691	438466196493827
438466212747941	438466235415441	438466221999973
438466235877785	438466251853045	438466236159191
438466246058202	438466260072837	438466246491066
438466262731848	438466276513566	438466263105441
438466279398254	438466301170805	438466286127473
438466302526796	438466317610961	438466302802004
438466312745910	438466325831483	438466313112264
438466329464035	438466342269295	438466329676379
438466346123723	438466366922733	438466350284816
438466369224296	438466383357472	438466369512629
438466379452941	438466391574503	438466379811796
438466396132316	438466408007524	438466396496952
438466412800389	438466432659243	438466415977785
438466435708410	438466449095024	438466436029452
438466446114348	438466457314399	438466446603410
438466462746691	438466473753358	438466463115858
438466479396639	438466498411587	438466487164191
438466502487316	438466514845806	438466502784608
438466512776223	438466531280805	438466513148723
438466529410754	438466547716482	438466529798671
438466546146327	438466564153774	438466551522889
438466569102785	438466580590858	438466569411171
438466579469504	438466597029035	438466579953254
438466596107004	438466613467628	438466596469139
438466612789295	438466629903202	438466620565285
438466636810129	438466654555284	438466637108983
438466646066379	438466662773462	438466646852473
438466662752629	438466679211378	438466663125910
438466679553827	438466695645545	438466685598827
438466702425441	438466720302524	438466702721170
438466712776848	438466728520441	438466713140285
438466729457004	438466744956951	438466729888723
438466746134973	438466761392576	438466750954504
438466769242629	438466786045024	438466769540285
438466779472473	438466794262524	438466779950441
438466796137629	438466810698826	438466796511848
438466812802160	438466835353044	438466819081014
438466837848566	438466851789451	438466838190077
438466846092941	438466860007837	438466846515910
438466862815285	438466876445805	438466863226535
438466879458514	438466901102837	438466886351066
438466902534347	438466917538044	438466902837160
438466912788097	438466925755909	438466913159608
438466929459816	438466942191587	438466929837316
438466946189660	438466966844035	438466950185285
438466969508722	438466983279034	438466969865597
438466979424816	438466991496274	438466979813410
438466996102004	438467007930597	438466996491483
438467012749191	438467032582993	438467021265702
438467036395754	438467049019451	438467036692472
438467046095389	438467057237940	438467046458566
438467062777785	438467073676170	438467063146691
438467079517733	438467098330909	438467083906535
438467102551066	438467114763982	438467102851379
438467112820129	438467131197785	438467113205285
438467129476327	438467147636795	438467129850233
438467146167941	438467164074451	438467152098097
438467169715597	438467180510440	438467170009191
438467179465129	438467196945493	438467179826795
438467196198045	438467213383097	438467196551483
438467212909191	438467229816794	438467218764972
438467236515285	438467254469243	438467236811014
438467246153879	438467262684816	438467246746170
438467262853879	438467279115962	438467263202160
438467279566535	438467295549919	438467285559191
438467302646014	438467320197107	438467302978097
438467312840129	438467328412888	438467313352264
438467329513879	438467344845181	438467329884295
438467346232941	438467361277836	438467351553410
438467368990910	438467385927837	438467369283358
438467379482160	438467394143514	438467379853201
438467396207420	438467410576431	438467396581170
438467412890754	438467427009399	438467416899347
438467435874035	438467451658409	438467436191639
438467446150285	438467459875649	438467446537576
438467462845441	438467476310961	438467463213983
438467479522472	438467500962368	438467484558253
438467502513410	438467517396221	438467502814608
438467512825441	438467525613149	438467513190597
438467529533045	438467542046639	438467529894503
438467546279347	438467566699034	438467550498514
438467569290910	438467583136794	438467569576378
438467579551847	438467591354868	438467580080753
438467596184608	438467607788721	438467596556483
438467612828566	438467632435961	438467618515910
438467636057160	438467648868409	438467636359764
438467646124191	438467657085232	438467646492003
438467662874972	438467673518149	438467663221691
438467679532941	438467698169920	438467683793878
438467702710285	438467714602940	438467703059660
438467712821378	438467731036586	438467713177889
438467729491535	438467747470128	438467729860285
438467746203878	438467763903201	438467752459295
438467769264660	438467780338825	438467769546691
438467779491014	438467796775180	438467779848566
438467796172785	438467813209087	438467796543358
438467812834347	438467829643774	438467818269035
438467836043201	438467854297003	438467836312628
438467846223983	438467862514972	438467846430128
438467862817941	438467878950753	438467863198045
438467879512576	438467895386742	438467885126535
438467902631691	438467920038201	438467902915545
438467912812628	438467928255441	438467913009035
438467929436691	438467944690284	438467929809607
438467946155232	438467969342628	438467951715076
438467969371795	438467985778305	438467969676795
438467979505910	438467993996378	438467979901326
438467996227160	438468010430805	438467996584347
438468012862628	438468035086534	438468017719139

POLL t=125.5 tick=2853
8333333
438477746687625	438477766026843	438477752159343
438477769430437	438477782463249	438477769743666
438477779954031	438477790681270	438477780325385
438477796690750	438477807120072	438477797093197
438477813365437	438477831774759	438477819397156
438477836322468	438477848209864	438477836615593
438477846690125	438477864645124	438477847095385
438477863343406	438477881081582	438477863704031
438477880063093	438477897517468	438477887772572
438477902744343	438477913953978	438477903138562
438477913375229	438477930392937	438477913840125
438477930014812	438477946827520	438477930378250
438477946707312	438477971479812	438477957687468
438477970377104	438477987916322	438477970670749
438477979981322	438477996134134	438477980183510
438477996676635	438478012570436	438477997042624
438478013368197	438478037225593	438478022902624
438478036153249	438478053661426	438478036438718
438478046671687	438478061880071	438478047038041
438478063342312	438478078317728	438478063716999
438478079999499	438478102972312	438478088671166
438478103692312	438478119411061	438478104104499
438478113428406	438478127629760	438478113808874
438478130041479	438478144067780	438478130400593
438478146678562	438478176940436	438478161505854
438478163332624	438478185157103	438478163760437
438478189349812	438478201593353	438478189675124
438478196625281	438478209812884	438478197000593
438478213349135	438478234471061	438478224710906
438478237102937	438478250906478	438478237393093
438478246674031	438478259124656	438478247041791
438478263342468	438478275560072	438478263698510
438478280081531	438478300213457	438478289274291
438478303071843	438478316650124	438478303359031
438478313350229	438478324868197	438478313720749
438478330012781	438478341304186	438478330420229
438478346817312	438478365958718	438478354331999
438478369825072	438478382395176	438478370118874
438478380031374	438478390613822	438478380366166
438478396690593	438478407048926	438478397049343
438478413359499	438478431698978	438478422048406
438478436402885	438478448133874	438478436711010
438478446669031	438478464568978	438478447028718
438478463295124	438478481003093	438478463693822
438478479968093	438478497437103	438478487221791
438478503172468	438478513872885	438478503471531
438478513332937	438478530308041	438478513849499
438478529985541	438478546743093	438478530437156
438478546671322	438478571400749	438478558279499
438478570378718	438478587839707	438478570672312
438478580015906	438478596058249	438478580381478
438478596685906	438478612496218	438478597049812
438478613373249	438478637154238	438478622847468
438478636629187	438478653592364	438478636919916
438478646674655	438478661809707	438478647037624
438478663330905	438478678247415	438478663718093
438478679983093	438478702902571	438478688343510
438478703143874	438478719337468	438478703435280
438478713340853	438478727555228	438478713725437
438478730013822	438478743991062	438478730373405
438478746708197	438478768646165	438478754781374
438478769996635	438478785082415	438478770289187
438478779983978	438478793301009	438478780366791
438478796706687	438478809737780	438478797076843
438478813352624	438478834392884	438478822246530
438478836378093	438478850830905	438478836671218
438478846632728	438478859049759	438478847025124
438478863331843	438478875487624	438478863702416
438478880092937	438478900143405	438478886935697
438478903288093	438478916582884	438478903594343
438478913341999	438478924801738	438478913725072
438478930087468	438478941239498	438478930438978
438478946714968	438478965895071	438478953272416
438478970548874	438478982335124	438478970915593
438478980095697	438478990554186	438478980419916
438478996769760	438479006988457	438478997120280
438479013466478	438479039859082	438479024054343
438479037990437	438479056295124	438479038268562
438479046673249	438479064513301	438479047052259
438479063413405	438479080949655	438479063750280
438479080168249	438479105607155	438479090437728
438479105804447	438479122045489	438479106141062
438479113431374	438479130264394	438479113769655
438479130062103	438479146701270	438479130506895
438479146796009	438479171355801	438479158729134
438479163478562	438479179573144	438479163840905
438479191379968	438479204227259	438479191751374
438479196941322	438479212445176	438479197119968
438479213446530	438479228881165	438479213823874
438479230142780	438479253540331	438479235375124
438479253798561	438479269981061	438479254150905
438479263338093	438479278200644	438479263713249
438479280082936	438479294637415	438479280443041
438479296745697	438479319296478	438479304993874
438479320820541	438479335734134	438479321162728
438479330010072	438479343952936	438479330434291
438479346707311	438479360391165	438479347061061
438479363394030	438479393269811	438479376506686
438479380092155	438479401489082	438479380331374
438479406230124	438479417927051	438479406506530
438479413323822	438479426145801	438479413705124
438479430052572	438479459017728	438479442506634
438479454202155	438479467236009	438479454489343
438479463370749	438479475454395	438479463758874
438479480068041	438479491889967	438479480405436
438479496749968	438479516541686	438479506112311
438479520299968	438479532978874	438479520585228
438479530014968	438479541197467	438479530382936
438479546724186	438479557633092	438479547091686
438479563402572	438479582292051	438479570822416
438479586467572	438479598731425	438479586767936
438479596697468	438479615171165	438479597067311
438479613363561	438479631611113	438479613737416
438479630070905	438479648054342	438479637840072
438479653241218	438479664497051	438479653536166
438479663366374	438479680941218	438479663781218
438479680069811	438479697383353	438479680397780
438479696718040	438479713822102	438479704132884
438479721414030	438479738480383	438479721784290
438479730060384	438479746700852	438479731042468
438479746694968	438479763140696	438479747058353
438479763386790	438479796019811	438479778408561
438479780051478	438479804239342	438479780354499
438479807896218	438479820679655	438479808262936
438479813322468	438479828899811	438479813823249
438479830046009	438479845341373	438479830422624
438479846794186	9223372036854775807	438479850073509

POLL t=137.8 tick=3003
8333333
438490063809651	438490078623817	438490064170589
438490080476214	438490103282359	438490086300276
438490103526005	438490119724130	438490103817620
438490113806370	438490127944911	438490114181370
438490130462464	438490144384650	438490130832880
438490147163818	438490169046630	438490152179182
438490170338349	438490185488453	438490170628714
438490180458557	438490193709130	438490180823089
438490197158557	438490210149182	438490197537255
438490213807776	438490234812515	438490217783089
438490236939182	438490251253192	438490237246318
438490247135068	438490259473557	438490247557776
438490263822099	438490275911838	438490264309182
438490280503714	438490300570588	438490284981839
438490303538401	438490317009130	438490303846839
438490313805589	438490325229702	438490314166995
438490330486839	438490341672880	438490330973714
438490347145432	438490374559130	438490358376943
438490371852724	438490382779234	438490372146526
438490380492620	438490391000536	438490381016370
438490397164755	438490407441629	438490397511161
438490413807880	438490440324754	438490427817255
438490430512411	438490448546057	438490430879599
438490456732776	438490473208973	438490457094286
438490463769807	438490481428609	438490464118557
438490480470901	438490506089130	438490492254599
438490497162932	438490514310015	438490497601213
438490522164182	438490538972619	438490522510276
438490530517099	438490547193400	438490531339338
438490547154495	438490571861265	438490560098974
438490563910849	438490580083765	438490564750745
438490588077151	438490604747515	438490588336526
438490597228974	438490612968609	438490597587099
438490613899599	438490637631578	438490625087776
438490637639495	438490654073036	438490637927724
438490647218245	438490662294755	438490647593557
438490663892880	438490678738192	438490664260901
438490680576370	438490703399495	438490688879807
438490703604963	438490719841109	438490703894026
438490713893557	438490728060067	438490714261526
438490730583088	438490744497515	438490730939911
438490747258088	438490769151421	438490753282151
438490770243974	438490785589182	438490770545120
438490780579182	438490793808140	438490780948245
438490797238401	438490810245379	438490797627724
438490813913818	438490834903192	438490818171005
438490836980588	438490851343504	438490837371526
438490847188192	438490859564911	438490847565224
438490863863557	438490892453296	438490875705120
438490880610588	438490900674130	438490880956682
438490907269807	438490925340431	438490907555692
438490913832463	438490933562515	438490914180120
438490931337724	438490950008401	438490931926213
438490947357932	438490966452619	438490951908557
438490970423401	438490982896421	438490970705432
438490980647463	438490991117463	438490981009807
438490997314495	438491007561578	438490997709338
438491014017411	438491032224547	438491021738817
438491037744807	438491048666109	438491038046526
438491047313245	438491065107151	438491047703088
438491063979286	438491081548869	438491064358557
438491080707776	438491097992411	438491086439963
438491103559651	438491114437567	438491103846942
438491114030432	438491130878609	438491114398349
438491130668713	438491147320691	438491131056005
438491147434338	438491163763088	438491152085432
438491170365119	438491188423869	438491170673713
438491180681682	438491196644703	438491181056526
438491197367567	438491213087619	438491197743244
438491214058557	438491237752306	438491220388713
438491236833036	438491254194337	438491237129807
438491247389182	438491262416473	438491247768557
438491264085588	438491278862358	438491264456526
438491280796994	438491303530639	438491285558713
438491303697776	438491319975796	438491303981317
438491314012463	438491328198764	438491314381369
438491330831526	438491344642046	438491331179494
438491347469130	438491369297776	438491355477724
438491370556213	438491385736109	438491370848505
438491380686474	438491393955744	438491381061994
438491397400224	438491410393921	438491397770276
438491414112151	438491435050067	438491418193244
438491436976213	438491451488921	438491437282255
438491447370432	438491459707046	438491447751161
438491464079651	438491476144963	438491464446474
438491480820588	438491500803557	438491484261630
438491503713088	438491517240379	438491504050744
438491514063869	438491525458401	438491514459963
438491530758661	438491541897984	438491531131161
438491547474807	438491566558088	438491554858036
438491570395901	438491582999650	438491570701994
438491580764494	438491591217931	438491581129807
438491597423036	438491607656682	438491597782619
438491614136682	438491632314963	438491617937463
438491637102463	438491648755640	438491637391630
438491647436317	438491665195900	438491647852619
438491664132619	438491681634598	438491664513557
438491680785223	438491698071942	438491685700744
438491703783557	438491714510900	438491704073869
438491714049494	438491730949858	438491714431005
438491730749182	438491747389441	438491731110900
438491747422307	438491772045484	438491754825900
438491770312463	438491788483348	438491770601942
438491780725223	438491796700692	438491781137150
438491797368400	438491813136421	438491797735744
438491814111786	438491829573140	438491818225588
438491838338348	438491854229389	438491838625900
438491847383244	438491862447983	438491847781525
438491864092098	438491887104389	438491873511161
438491886992567	438491903542827	438491887299650
438491897388869	438491911763140	438491897755744
438491914077150	438491928200952	438491914435588
438491930757932	438491944637462	438491934653661
438491953562567	438491969294390	438491953858088
438491964073088	438491977512931	438491964471369
438491980733348	438491993947931	438491981107463
438491997411005	438492018602462	438492000572775
438492021186838	438492035036316	438492021480380
438492030731473	438492043255640	438492031100744
438492047386317	438492067913452	438492057017463
438492070186630	438492084351265	438492070481682
438492080693244	438492092569650	438492081070900
438492097396057	438492109009963	438492097757411
438492114092932	438492133670171	438492118405900
438492137061057	438492150109911	438492137345067
438492147362150	438492158329025	438492147720223
438492164055848	9223372036854775807	438492164420588

POLL t=149.8 tick=3153
8333333
438502014579438	438502029707615	438502014957719
438502031255584	438502046146053	438502034542772
438502054238969	438502070801469	438502054541990
438502064572772	438502079021000	438502064938397
438502081248709	438502095462094	438502081624907
438502097921469	438502111902875	438502101462615
438502120933084	438502136562667	438502121231522
438502131180063	438502144782979	438502131601001
438502147928344	438502161222980	438502148286209
438502164609647	438502185883344	438502170178397
438502187535532	438502202320635	438502187806209
438502197926001	438502210538396	438502198304126
438502214586782	438502226976677	438502214995896
438502231251209	438502251632875	438502233967146
438502254286521	438502268073969	438502254586157
438502264600584	438502276295167	438502264957719
438502281263709	438502292736885	438502281614803
438502297918396	438502317395740	438502301134751
438502321041157	438502333834698	438502321346626
438502331218396	438502342053240	438502331655688
438502347950271	438502358489906	438502348346053
438502364671521	438502391362928	438502375288084
438502389610376	438502407797615	438502389893709
438502397863240	438502416015740	438502398154751
438502414584907	438502432451937	438502414950740
438502431284594	438502448889490	438502438993240
438502455281990	438502473547875	438502455647771
438502464612459	438502481768031	438502465612563
438502481261365	438502498210479	438502481638240
438502497936678	438502522871417	438502505573501
438502521726938	438502539309594	438502522020584
438502531248969	438502547528812	438502532065376
438502547935219	438502563967980	438502548299751
438502564618240	438502580404854	438502570142563
438502587618657	438502605057458	438502587907615
438502597945115	438502613275635	438502598142563
438502614608865	438502629710792	438502614982094
438502631291053	438502654369021	438502637786209
438502654351365	438502670806989	438502654650271
438502664608396	438502679026208	438502664974594
438502681286209	438502695462355	438502681707407
438502697954282	438502720116573	438502702836313
438502721539646	438502736552094	438502721919125
438502731368500	438502744769593	438502731899803
438502747971678	438502761204490	438502748349959
438502764678240	438502785854802	438502772156782
438502787940115	438502802288396	438502788303553
438502797956000	438502810504490	438502798314959
438502814618240	438502826939594	438502815037771
438502831315219	438502851594021	438502836175740
438502854389334	438502868030896	438502854693552
438502864609646	438502876248552	438502864981521
438502881284646	438502892685063	438502881656990
438502897939646	438502917344177	438502902331677
438502921321157	438502933785062	438502921654490
438502931282771	438502942006729	438502931726000
438502947942771	438502958448187	438502948315219
438502964631834	438502983111521	438502971939802
438502987646000	438502999551521	438502987944594
438502997937302	438503015989542	438502998310896
438503014651469	438503032428083	438503015057771
438503031336677	438503048869698	438503036899646
438503054594646	438503065310323	438503054893709
438503064667146	438503081748761	438503065034125
438503081320688	438503106406729	438503093374334
438503104871938	438503122845270	438503105234334
438503114658084	438503131063968	438503115616052
438503131324021	438503147502406	438503131701052
438503147977563	438503180378657	438503164670896
438503164928969	438503188598292	438503165074750
438503189167302	438503205036990	438503189479334
438503197929021	438503213256365	438503198300115
438503214674282	438503246129125	438503228458396
438503231363084	438503254347875	438503231745844
438503257651365	438503270784073	438503257925740
438503264684750	438503279001937	438503265177875
438503281345427	438503311877041	438503293871521
438503298066990	438503320095635	438503298382250
438503322805896	438503336533291	438503323097459
438503331355531	438503344751833	438503331719021
438503348057302	438503377623083	438503360151469
438503364709802	438503385839958	438503365054125
438503391511365	438503402273343	438503391797250
438503398044334	438503410489802	438503398527302
438503414691365	438503443355011	438503427120740
438503431401625	438503451573500	438503431690896
438503456824646	438503468011781	438503457120740
438503464848500	438503476230792	438503465204802
438503481419646	438503492668968	438503481789438
438503498084959	438503517324697	438503499379438
438503522229646	438503533762875	438503522513031
438503531352563	438503541981572	438503531712875
438503547999177	438503574854958	438503559371365
438503572664802	438503583073135	438503572935896
438503581327875	438503599510167	438503581708396
438503598036990	438503615945635	438503598405375
438503614747094	438503640599594	438503623745531
438503639931313	438503657035062	438503640219281
438503648211052	438503665253968	438503648373083
438503664682406	438503681691312	438503665079177
438503681377302	438503706342458	438503690527406
438503706033396	438503722777562	438503706322615
438503714683188	438503730995740	438503715254177
438503731364490	438503747431468	438503731734177
438503748067458	438503772087145	438503755742146
438503770958708	438503788522302	438503771251938
438503781352146	438503796740322	438503781553656
438503798030583	438503813176937	438503798407458
438503814721833	438503837832302	438503821104646
438503837802250	438503854266417	438503838107458
438503847992719	438503862482927	438503848355115
438503864676365	438503878918187	438503865053396
438503881372146	438503903574228	438503887356156
438503905144333	438503920011000	438503905529333
438503914644125	438503928231052	438503915015427
438503931319646	438503944667822	438503931712302
438503948044281	438503969315791	438503956291990
438503971076469	438503985750114	438503971359333
438503981310896	438503993967823	438503981669906
438503998020427	438504010401104	438503998375583
438504014690583	438504035048083	438504019931052
438504037556677	438504051478916	438504037846990
438504047975427	438504059693969	438504048346312
438504064699802	438504076125947	438504065062562
438504081378812	438504100778968	438504086615427
438504104533500	438504117215948	438504104826781
438504114646052	9223372036854775807	438504115029333

POLL t=161.5 tick=3378
8333333
438513688143548	438513700193444	438513688440580
438513698311517	438513716627350	438513698802871
438513714942559	438513733060996	438513715317559
438513731612298	438513757716152	438513740025111
438513756098548	438513774151308	438513756395371
438513765008705	438513782369329	438513766148548
438513781630215	438513798803548	438513782005996
438513798294173	438513815238913	438513804456048
438513821408340	438513831673288	438513821725059
438513831623965	438513848107558	438513832066830
438513848330111	438513864542558	438513848681673
438513865070580	438513889196881	438513873414955
438513887797715	438513905632818	438513888077402
438513898357455	438513913851673	438513898559330
438513915070840	438513930286933	438513915413392
438513931725111	438513946722714	438513935945580
438513954469902	438513971376516	438513954777402
438513965036621	438513979593287	438513965407298
438513981722142	438513996027454	438513982084017
438513998378236	438514020673756	438514003867559
438514021435111	438514037107558	438514021725579
438514031691777	438514045323861	438514032056829
438514048372871	438514061755162	438514048732559
438514065044486	438514086399172	438514069797559
438514087758809	438514102830371	438514088137454
438514098334798	438514111045527	438514098831048
438514115014017	438514127478235	438514115386517
438514131722923	438514160347767	438514142412923
438514155818548	438514168563860	438514156084798
438514165031204	438514176780579	438514165401829
438514181702298	438514193215318	438514182071986
438514198368704	438514217867142	438514206860423
438514222176361	438514234301569	438514222534017
438514231705059	438514242520006	438514232092142
438514248386204	438514258952142	438514248743704
438514265041829	438514291816933	438514274387246
438514289618184	438514300035110	438514289903548
438514298345996	438514316471985	438514298713392
438514315036517	438514332907715	438514315405215
438514331766048	438514349344641	438514339075111
438514354809486	438514365782715	438514355094173
438514365044902	438514382220058	438514365398861
438514381708340	438514398657662	438514382070736
438514398383079	438514415093391	438514404342402
438514421426517	438514431528027	438514421724642
438514431767558	438514447964850	438514432125267
438514448376986	438514464402662	438514448736517
438514465058861	438514480839486	438514470640111
438514487778548	438514505495267	438514488074954
438514498368965	438514513715683	438514498786673
438514515013652	438514530153287	438514515375267
438514531716361	438514546589329	438514536665111
438514554515892	438514571245527	438514554821048
438514565059590	438514579464641	438514565456673
438514581709642	438514595899798	438514582078704
438514598375736	438514620552558	438514604108236
438514621292142	438514636988548	438514621586933
438514631712611	438514645206985	438514632078704
438514648371777	438514661647142	438514648753548
438514665046517	438514686305006	438514669677923
438514687688496	438514702745162	438514687995683
438514698291360	438514710963860	438514698668079
438514714987402	438514727402401	438514715362923
438514731734277	438514752056985	438514737897402
438514754504642	438514768494642	438514754797767
438514765012767	438514776713027	438514765385267
438514781715579	438514793151151	438514782086360
438514798395110	438514817806933	438514801780058
438514821176048	438514834244485	438514821473548
438514831710267	438514842462558	438514832135058
438514848443704	438514858898756	438514848825267
438514865135058	438514883556048	438514868888548
438514887860423	438514899995110	438514888157715
438514898391204	438514916434589	438514898779642
438514915044277	438514932871568	438514915413079
438514931791152	438514957527819	438514940185371
438514955625110	438514965746777	438514955922610
438514965095996	438514982184016	438514965461204
438514981760579	438514998620474	438514982125735
438514998494954	438515015057818	438515004448548
438515021535735	438515039713964	438515021840110
438515031822610	438515047932298	438515032604433
438515048531985	438515064368079	438515048881673
438515065275110	438515080802298	438515070904173
438515087895267	438515105451621	438515088221985
438515098458496	438515113668339	438515098831308
438515115206308	438515130103027	438515115568183
438515131858704	438515154755474	438515137874277
438515154627089	438515171189484	438515154925110
438515165136517	438515179406516	438515165500267
438515181831829	438515195844224	438515182215735
438515198499485	438515220505005	438515202898652
438515221566517	438515236942453	438515221850683
438515231804589	438515245161985	438515232190423
438515248608704	438515278034328	438515259960579
438515272601204	438515286253078	438515272893964
438515281793235	438515294471464	438515282159902
438515298499902	438515310906360	438515298874016
438515315238496	438515335564329	438515322541777
438515337786360	438515352001985	438515338070579
438515348525110	438515360220475	438515348873391
438515365225266	438515376660005	438515365584954
438515381876464	438515401314224	438515390214641
438515404674329	438515417750214	438515404969433
438515415257923	438515425968495	438515415608964
438515431864954	438515442403287	438515432214173
438515448530579	438515467055683	438515453366516
438515471228079	438515483491100	438515471570371
438515481828652	438515499924746	438515482206933
438515498492766	438515516361621	438515498854173
438515515185996	438515532801568	438515520956360
438515538217610	438515549240943	438515538524485
438515548470110	438515565680735	438515548852141
438515565117610	438515582119120	438515565489329
438515581867766	438515606772818	438515591572141
438515605001673	438515623210526	438515605290058
438515615146621	438515631430161	438515615441985
438515631821673	438515647866203	438515632181360
438515648517766	438515672515735	438515656267558
438515671630214	438515688949120	438515671966777
438515681792923	438515697167297	438515682157089
438515698520891	438515713604797	438515698889485
438515715194329	438515738261724	438515721879641
438515738105423	438515754698547	438515738404745
438515748480839	438515762916933	438515748845891
438515765158495	438515779353078	438515765536829
438515781803079	9223372036854775807	438515791679329

POLL t=173.5 tick=3529
8333333
438525632290263	438525649355001	438525632699950
438525649007450	438525665788439	438525649490210
438525665708960	438525682221617	438525671686356
438525688964898	438525706872241	438525689265106
438525698963856	438525715090419	438525699281460
438525715695367	438525731523178	438525716087085
438525732386825	438525747954221	438525737693544
438525755107294	438525772601929	438525755389794
438525765722294	438525780818023	438525766210835
438525782353023	438525797249428	438525782809585
438525799043544	438525821899793	438525808222294
438525822110679	438525838334429	438525822395992
438525832343387	438525846552033	438525832711200
438525848990106	438525862988543	438525849350835
438525865649637	438525887640679	438525872357606
438525888872398	438525904078543	438525889186148
438525898954950	438525912298179	438525899325835
438525915729898	438525928737293	438525916083856
438525932378700	438525953393543	438525938900887
438525955558856	438525969829116	438525955892137
438525965714429	438525978045991	438525966140992
438525982361304	438525994478596	438525982707762
438525999035419	438526019131928	438526007596200
438526022085992	438526035567502	438526022377919
438526032350054	438526043785054	438526032710106
438526049012606	438526060217814	438526049399169
438526065693231	438526084865627	438526069786304
438526088869169	438526101297554	438526089194637
438526099013075	438526109514064	438526099378700
438526115707762	438526125947293	438526116062762
438526132388387	438526150597241	438526136218387
438526155209429	438526167030783	438526155509117
438526165680679	438526183465158	438526166048387
438526182356460	438526199900575	438526182732137
438526199065731	438526216337398	438526203273856
438526221798387	438526232771512	438526222092398
438526232303387	438526249204533	438526232665575
438526248960210	438526265638647	438526249347450
438526265901200	438526282071616	438526269266356
438526288612137	438526306721199	438526288911356
438526299002762	438526314937866	438526299415419
438526315703648	438526331370262	438526316134637
438526332361200	438526356019897	438526343009012
438526355836512	438526372455782	438526356254325
438526365680731	438526380673335	438526366045262
438526382357762	438526397108334	438526382714012
438526399020419	438526421757032	438526409715679
438526422083648	438526438189949	438526422373231
438526432342137	438526446406095	438526432711669
438526449023700	438526462839429	438526449379116
438526465705054	438526487489585	438526471862137
438526489054585	438526503922657	438526489352450
438526499024950	438526512139689	438526499385731
438526515738387	438526528572709	438526516214012
438526532381512	438526553218387	438526536591981
438526555174585	438526569648908	438526555461043
438526565708856	438526577864637	438526566063075
438526582361668	438526594298127	438526582721616
438526599080887	438526618946356	438526604374429
438526621879012	438526635377606	438526622180835
438526632362866	438526643591199	438526632719585
438526649025262	438526660021981	438526649389950
438526665718179	438526684672293	438526669100991
438526689996043	438526701107293	438526690285418
438526699038960	438526717539897	438526699533856
438526715703648	438526733972605	438526716117450
438526732347241	438526758624480	438526745443856
438526749036200	438526766843439	438526749375418
438526776425262	438526791495938	438526776725835
438526782378543	438526799712657	438526782889898
438526799009793	438526824361043	438526809182450
438526815857137	438526832578491	438526816282398
438526839154793	438526857227814	438526839456148
438526849157398	438526865444220	438526849364012
438526865845262	438526881877554	438526866200418
438526882568804	438526906530470	438526890702554
438526905964637	438526922965834	438526906249116
438526915883700	438526931183334	438526916082762
438526932533179	438526947618178	438526932907293
438526949270418	438526964054428	438526954084637
438526972473700	438526988706408	438526972821200
438526982485887	438526996922918	438526982856825
438526999234429	438527013358126	438526999581668
438527015872137	438527038009116	438527020869012
438527038849637	438527054444637	438527039140522
438527049171668	438527062662657	438527049571356
438527065869741	438527079097866	438527066222085
438527082510054	438527103752397	438527091379116
438527105903699	438527120186563	438527106179012
438527115885835	438527128402605	438527116245887
438527132541304	438527144834324	438527132905054
438527149184793	438527169483855	438527153354012
438527172558022	438527185918126	438527172851147
438527182512085	438527194134949	438527182876772
438527199186460	438527227001407	438527210847762
438527223492241	438527235219532	438527223790262
438527232525574	438527243434480	438527232891981
438527249201824	438527259868022	438527249581824
438527265880679	438527284516563	438527272120106
438527289152293	438527300951147	438527289438022
438527299205835	438527317386563	438527299627554
438527315854272	438527333820574	438527316229741
438527332560418	438527358474897	438527341698387
438527356475106	438527374911043	438527356783543
438527366023699	438527383129220	438527366222762
438527382506512	438527399566616	438527382871772
438527399174324	438527424223959	438527408866824
438527423502137	438527440659637	438527423832918
438527432553231	438527448877085	438527433263074
438527449174637	438527465311199	438527449552710
438527465876043	438527481744949	438527472096824
438527489490262	438527506399376	438527489812449
438527499175054	438527514618751	438527499558960
438527515836668	438527531056460	438527516199429
438527532539168	438527555710678	438527538219168
438527555606981	438527572147606	438527555914324
438527565843074	438527580365782	438527566216043
438527582514481	438527596801720	438527582885574
438527599189168	438527621457293	438527603548803
438527622376356	438527637893751	438527622672918
438527632498491	438527646111459	438527632868543
438527649179637	438527662547813	438527649564793
438527665855053	438527687201303	438527669987449
438527689688699	438527703637553	438527690045731
438527699119949	438527711854636	438527699606199
438527715886147	438527728287501	438527716253699
438527732599324	9223372036854775807	438527743545731

POLL t=185.5 tick=3753
8333333
438537716228800	438537745502184	438537729630727
438537732864320	438537753717236	438537733212550
438537759021664	438537770149059	438537759327289
438537766180727	438537778366612	438537766553695
438537782856352	438537803017029	438537793331456
438537805994789	438537819451820	438537806284425
438537816205414	438537827669215	438537816589581
438537832861768	438537844104164	438537833242445
438537849549112	438537868756612	438537857654737
438537873397445	438537885191247	438537873705570
438537882870102	438537893407810	438537883274320
438537899536820	438537909840674	438537899898956
438537916317289	438537934493122	438537921717862
438537938964164	438537950931976	438537939258487
438537949529425	438537967368799	438537949895206
438537966251039	438537983805153	438537966636039
438537982925570	438538000240361	438537988620675
438538005685102	438538016676404	438538005977445
438538016244008	438538033110049	438538016599945
438538032910883	438538049543799	438538033297133
438538049580102	438538074197132	438538056697289
438538074125362	438538090633278	438538074491352
438538082881664	438538098851976	438538083251039
438538099534320	438538115288851	438538099911039
438538116270674	438538139942184	438538124276195
438538139028643	438538156376924	438538139351768
438538149514737	438538164595049	438538149886664
438538166228383	438538181029111	438538166597862
438538182899633	438538205680309	438538188624633
438538205600570	438538222114841	438538205900102
438538216223643	438538230333122	438538216592393
438538232900258	438538246766872	438538233273487
438538249576351	438538271418955	438538255093174
438538273703643	438538287855049	438538274036508
438538282866612	438538296071039	438538283246195
438538299581143	438538312506976	438538299946039
438538316217601	438538337157289	438538323542133
438538338921976	438538353595205	438538339217758
438538349583539	438538361813434	438538349944008
438538366248851	438538378251091	438538366661976
438538382922601	438538402904215	438538387294633
438538405796768	438538419341715	438538406083070
438538416239945	438538427561611	438538416612133
438538432910883	438538444001299	438538433287758
438538449590883	438538468659632	438538454447914
438538473693383	438538485094215	438538474072081
438538482941039	438538501529163	438538483412601
438538499582758	438538517964112	438538499935674
438538516281195	438538542615934	438538526578695
438538540959789	438538559051090	438538541240414
438538549683070	438538567268642	438538549845883
438538566238174	438538583707497	438538566601976
438538582931820	438538608361767	438538592208070
438538607360726	438538624796976	438538607660414
438538616405414	438538633014581	438538616685206
438538632883851	438538649450414	438538633255726
438538649661039	438538674104944	438538658558226
438538673408070	438538690538642	438538673696039
438538682911455	438538698756455	438538683339789
438538699567393	438538715192237	438538699952445
438538716269268	438538739844893	438538723405726
438538740518226	438538756282184	438538740809320
438538749553539	438538764500257	438538749933330
438538766267862	438538780933747	438538766650830
438538782939424	438538805585830	438538789844476
438538805827445	438538822018798	438538806129476
438538816250362	438538830236455	438538816612393
438538832923539	438538846671508	438538833332549
438538849640883	438538871326091	438538854978383
438538872473018	438538887762132	438538872771039
438538882876924	438538895979736	438538883263330
438538899629007	438538912415153	438538899984893
438538916408955	438538937072184	438538923743382
438538939413382	438538953511090	438538939696455
438538949584424	438538961730986	438538949957757
438538966286143	438538978167080	438538966630257
438538983013382	438539002820778	438538988840257
438539006144320	438539019257601	438539006423851
438539016282237	438539027474632	438539016643695
438539032984007	438539043907600	438539033351455
438539049689164	438539068558122	438539054602289
438539072945570	438539084992028	438539073254580
438539082953695	438539101423590	438539083361976
438539099605726	438539117859371	438539099968643
438539116358382	438539142510986	438539125046351
438539140957757	438539158946247	438539141260570
438539149859945	438539167163330	438539150134476
438539166320101	438539183597289	438539166739320
438539182996924	438539200031247	438539189807601
438539206308851	438539216464111	438539206603382
438539216296039	438539232898591	438539216665049
438539233013018	438539249333955	438539233333070
438539249730882	438539265766871	438539255703851
438539273279007	438539290416923	438539273560414
438539282995257	438539298634632	438539283243539
438539299668226	438539315068434	438539300058487
438539316426976	438539339718538	438539323186664
438539339420674	438539356155204	438539339703799
438539349626143	438539364373382	438539349977705
438539366316664	438539380807341	438539366686039
438539382995726	438539405456871	438539389576351
438539406829945	438539421892392	438539407214893
438539416303695	438539430109684	438539416701820
438539432941195	438539446544736	438539433308695
438539449599632	438539471196143	438539457395257
438539473027289	438539487631090	438539473307445
438539482963643	438539495849059	438539483363018
438539499630882	438539512283330	438539500051351
438539516377080	438539536932392	438539521426507
438539539535257	438539553364580	438539539827914
438539549596038	438539561583851	438539549965674
438539566261924	438539578019632	438539566627757
438539582939320	438539602673694	438539591492601
438539606590726	438539619110569	438539606893382
438539616257549	438539627328590	438539616630257
438539632914893	438539643766663	438539633298799
438539649640518	438539668425413	438539654398382
438539673798851	438539684865465	438539674155518
438539682966924	438539701305517	438539683475570
438539699628538	438539717747601	438539700065413
438539716301195	438539742407549	438539725902549
438539740598330	438539758847913	438539740886820
438539749744163	438539767067809	438539749935830
438539766282393	438539783507704	438539766656976
438539783017132	438539808162340	438539793281768
438539807639163	438539824600152	438539807921924
438539816346820	9223372036854775807	438539816577705

POLL t=197.5 tick=3904
8333333
438549550171972	438549577804107	438549561264264
438549575288222	438549586021399	438549575570566
438549583552753	438549594238690	438549583923535
438549600231920	438549610671190	438549600589003
438549616925878	438549635319940	438549622912753
438549639827128	438549651752076	438549640121764
438549650223691	438549668184992	438549650581347
438549666863847	438549684618899	438549667238535
438549683711764	438549701049941	438549688067597
438549707053847	438549725696920	438549707403378
438549717213795	438549733914211	438549717815201
438549733612389	438549750346399	438549734053795
438549750237285	438549774996451	438549764628066
438549766974316	438549783214733	438549767946347
438549792443222	438549807868690	438549792729316
438549800209264	438549816086035	438549800575097
438549816945670	438549840735513	438549825263378
438549839903795	438549857169107	438549840188378
438549850231816	438549865385253	438549850601660
438549866882076	438549881817909	438549867251816
438549883660045	438549906464315	438549889477285
438549906474160	438549922895096	438549906769941
438549916912128	438549931112075	438549917288222
438549933619264	438549947546139	438549933982910
438549950276035	438549972195878	438549954103170
438549975085566	438549988629263	438549975438066
438549983606503	438549996844784	438549983982597
438550000252076	438550013276867	438550000621295
438550016929316	438550037928951	438550024078222
438550039950670	438550054362648	438550040242441
438550050229003	438550062580461	438550050605722
438550066945097	438550079016607	438550067355878
438550083627441	438550103667388	438550087096972
438550107448170	438550120101086	438550107821607
438550116898378	438550128319054	438550117262909
438550133606347	438550144753534	438550133975253
438550150277909	438550169410305	438550154461972
438550173320097	438550185844940	438550173677753
438550183591034	438550194061555	438550183954576
438550200279889	438550210495305	438550200667128
438550216958534	438550235146971	438550221125722
438550240070201	438550251581659	438550240371139
438550250224784	438550268014836	438550250602441
438550266938222	438550292661815	438550276725097
438550291199316	438550309094263	438550291508378
438550300277441	438550317311451	438550301181191
438550316933691	438550333743222	438550317300566
438550333686503	438550350174106	438550339858378
438550356597597	438550366604680	438550356915514
438550366999732	438550383035409	438550367345722
438550383646451	438550399463794	438550384043534
438550400342857	438550415892024	438550404665357
438550423325045	438550440539576	438550423655566
438550433536139	438550448756867	438550433942128
438550450280878	438550465191398	438550450681347
438550466950097	438550489841972	438550472431295
438550490097441	438550506275930	438550490389003
438550500247545	438550514493899	438550500623170
438550516952076	438550530931190	438550517329159
438550533619941	438550555585565	438550538274003
438550556584784	438550572021085	438550556888482
438550566888638	438550580239315	438550567263847
438550583553534	438550613109315	438550596015409
438550600277857	438550621327753	438550600611451
438550626896816	438550637763065	438550627202545
438550633549263	438550645981190	438550634051763
438550650286295	438550662416034	438550650639628
438550666947857	438550678852180	438550667313013
438550690141451	438550703506503	438550690426034
438550700288951	438550711725148	438550700659159
438550716973847	438550744596658	438550728346815
438550741437597	438550752814940	438550741731972
438550750282440	438550761033221	438550750652440
438550766963222	438550777468586	438550767343951
438550783642440	438550810339575	438550792834628
438550807980201	438550818556190	438550808273378
438550816945982	438550834991606	438550817324315
438550833640878	438550851426815	438550834020565
438550850292545	438550867861763	438550858315201
438550873172440	438550884296294	438550873473638
438550883606815	438550900730722	438550883976034
438550900289888	438550917166503	438550900668638
438550916997909	438550933601450	438550920619628
438550939663378	438550950034940	438550939953170
438550950286972	438550966470669	438550950670670
438550967016451	438550982907805	438550967362909
438550983636295	438551007565252	438550991847909
438551006824472	438551023998638	438551007118222
438551016970826	438551032216346	438551017340045
438551033666815	438551048652857	438551034040097
438551050381503	438551065089731	438551054759576
438551073792597	438551089746242	438551074134940
438551083611451	438551097964628	438551083989732
438551100336190	438551114403377	438551100693065
438551117062284	438551139058012	438551122282753
438551139691607	438551155494159	438551139969784
438551150284159	438551163712648	438551150661659
438551166966659	438551180150357	438551167355097
438551183684159	438551204803012	438551190223326
438551206704784	438551221238065	438551207005826
438551217009888	438551229455148	438551217363065
438551233685044	438551245889835	438551234053638
438551250364315	438551270540981	438551253193222
438551275765878	438551286978586	438551276091607
438551283641972	438551295198169	438551284043222
438551300321763	438551319849002	438551309093222
438551322966972	438551336282856	438551323261034
438551333641763	438551344499731	438551334001659
438551350335878	438551360935044	438551350695565
438551367040878	438551385586398	438551370094159
438551392466971	438551410237387	438551392774159
438551400320253	438551418456346	438551400593690
438551416995253	438551443111502	438551427303169
438551440875357	438551451330043	438551441158534
438551450316503	438551467765982	438551450688794
438551466953690	438551484201138	438551467327596
438551483646815	438551508851815	438551491869888
438551507577909	438551525285929	438551507867232
438551517023690	438551533502388	438551517824159
438551533713065	438551549935825	438551534063794
438551550392753	438551566369315	438551554655721
438551573464107	438551591021919	438551573827909
438551583590982	438551599239680	438551583990201
438551600336971	438551615673793	438551600704471
438551617093638	438551640320200	438551622584732
438551640316451	438551656750669	438551640634315
438551650371034	9223372036854775807	438551650728378

POLL t=209.4 tick=4055
8333333
438561650694468	438561674639207	438561659261811
438561673828218	438561691071082	438561674130509
438561684090197	438561699288634	438561684463999
438561700740249	438561715722801	438561701103790
438561717420249	438561740376029	438561724064936
438561740590509	438561756810301	438561740874311
438561750724415	438561765027644	438561751093634
438561767419468	438561781460092	438561767798322
438561784096499	438561806111707	438561790649728
438561807344780	438561822545769	438561807640197
438561817403686	438561830761967	438561817765197
438561834073478	438561847195925	438561834436186
438561850744155	438561871850665	438561858626447
438561875012749	438561888288529	438561875371967
438561884059311	438561896507071	438561884515561
438561900743999	438561912946238	438561901099936
438561917415561	438561945821654	438561935091811
438561934420561	438561954041238	438561935112540
438561957752280	438561970479103	438561958036186
438561967412749	438561978697748	438561967791967
438561984091811	438562011569988	438561997922436
438562000738374	438562019789832	438562001033374
438562026719103	438562044444780	438562027004103
438562034018374	438562052663426	438562034365561
438562050732124	438562069096446	438562051097853
438562067404155	438562085530613	438562069554415
438562091942124	438562110183321	438562092233686
438562100753530	438562118400665	438562101114884
438562117388009	438562143052383	438562128582280
438562142081967	438562159487071	438562142373374
438562150745092	438562167703633	438562151030978
438562167410249	438562184137749	438562167824311
438562184106967	438562208782071	438562194668842
438562209107749	438562225212697	438562209392853
438562217419467	438562233429311	438562217629936
438562234066290	438562249860561	438562234419467
438562250693530	438562274507592	438562262088634
438562274294467	438562290937905	438562274648999
438562284098842	438562299153060	438562284463842
438562300735405	438562315585768	438562301102749
438562317416655	438562340231446	438562326063217
438562340791811	438562356661811	438562341095092
438562350710249	438562364877592	438562351081499
438562367413999	438562381310509	438562367794780
438562384201915	438562405956759	438562391044571
438562407570874	438562422384987	438562407860717
438562417401811	438562430599936	438562417769624
438562434088374	438562447030352	438562434449311
438562450755092	438562471677956	438562456918686
438562474166499	438562488108738	438562474477540
438562484173321	438562496323998	438562484534728
438562500744415	438562512753945	438562501113373
438562517416030	438562537399519	438562525687123
438562540668946	438562553833113	438562540955717
438562550739311	438562562049570	438562551116811
438562567441498	438562578478894	438562567808686
438562584162853	438562603127592	438562590643634
438562607328530	438562619563373	438562607625665
438562617415561	438562635997539	438562617794415
438562634081290	438562652432487	438562634459884
438562650779623	438562668868061	438562657859728
438562673879259	438562685303477	438562674190561
438562684129259	438562701737279	438562684484155
438562700754936	438562718171081	438562701121915
438562717431186	438562734604259	438562724368998
438562740859936	438562759256342	438562741162436
438562750759467	438562767474518	438562751605248
438562767401186	438562783910404	438562767779103
438562784606967	438562808564363	438562793015665
438562807709571	438562825001289	438562807994780
438562817691655	438562833218477	438562818064571
438562834452123	438562849652331	438562834827280
438562851138217	438562874299102	438562859280248
438562874526811	438562890731082	438562874821030
438562884431290	438562898948738	438562884819884
438562901112905	438562915380977	438562901495248
438562917859311	438562940028217	438562925046915
438562941717280	438562956461289	438562942005248
438562951100248	438562964676602	438562951453061
438562967744780	438562981106758	438562968122123
438562984495665	438563005756081	438562992103217
438563008313009	438563022190664	438563008645248
438563017736759	438563030408790	438563018105405
438563034469623	438563046843790	438563034838998
438563051096342	438563079710144	438563065833373
438563067817592	438563087927852	438563068112280
438563094194727	438563104363893	438563094489415
438563101085405	438563112583008	438563101514623
438563117755040	438563145453164	438563129714780
438563142214415	438563153670664	438563142508009
438563151040196	438563161887956	438563151417852
438563167775092	438563178324414	438563168152852
438563184511967	438563202976446	438563193106498
438563207843061	438563219412071	438563208144311
438563217784154	438563235843424	438563218150561
438563234442852	438563252276081	438563234795092
438563251151967	438563268709414	438563258220977
438563274942592	438563293359206	438563275236134
438563284477436	438563301575456	438563285394623
438563301172279	438563318010352	438563301526967
438563317763998	438563342664310	438563328746342
438563342225248	438563359097383	438563342543061
438563351127279	438563367314206	438563352007748
438563367752279	438563383749258	438563368118477
438563384487592	438563408400039	438563395248946
438563407482436	438563424833581	438563407788686
438563417704154	438563433050300	438563418076134
438563434406342	438563449485196	438563434770561
438563451123321	438563474136446	438563458994259
438563474671967	438563490570820	438563474980717
438563484427123	438563498789102	438563484814936
438563501104154	438563515225039	438563501467436
438563517839415	438563539877852	438563524469311
438563541341654	438563556312435	438563541634467
438563551041446	438563564530612	438563551423165
438563567750561	438563580966133	438563568133842
438563584497904	438563605620612	438563592163686
438563607923373	438563622056810	438563608242123
438563617834571	438563630274102	438563618197279
438563634487540	438563646709414	438563634860404
438563651191133	438563671359466	438563659429779
438563674396915	438563687792331	438563674707748
438563684507123	438563696008529	438563684898998
438563701190717	438563712442331	438563701551186
438563717894623	438563737093529	438563723023842
438563741324623	438563753529675	438563741617071
438563751196654	9223372036854775807	438563751599311

POLL t=220.8 tick=4292
8333333
438573024792067	438573038829567	438573025074151
438573034944255	438573047045192	438573035328682
438573051693369	438573063477275	438573052212119
438573068385401	438573088124983	438573075502692
438573091435869	438573104555869	438573091729307
438573101680036	438573112772119	438573102024151
438573118322588	438573129204255	438573118686755
438573135001442	438573145634619	438573135244880
438573158373005	438573170279776	438573158671651
438573168329463	438573186709046	438573168701755
438573184978369	438573203141338	438573192087849
438573208342744	438573219573890	438573208642067
438573219054307	438573236006702	438573219417692
438573235268474	438573252441754	438573235670661
438573258539151	438573268875296	438573258855088
438573268577432	438573285309827	438573269009932
438573285241963	438573301744098	438573285538474
438573302033942	438573318181963	438573302408630
438573328927276	438573342834254	438573329230661
438573335376807	438573351052171	438573335634932
438573351989099	438573367487640	438573355389776
438573376725401	438573392141754	438573377018369
438573385364151	438573400359723	438573385524932
438573402032276	438573416793994	438573402895713
438573428683526	438573441444150	438573429026338
438573435368994	438573449660817	438573435874567
438573452078994	438573474311911	438573457716442
438573475303994	438573490743160	438573475598838
438573485304619	438573498961806	438573485755557
438573502053786	438573515398213	438573502316807
438573518810869	438573531834463	438573519136182
438573545479932	438573556487535	438573545763057
438573552072744	438573564705400	438573552582536
438573568714932	438573589356442	438573574239307
438573592761026	438573605791129	438573593112588
438573602089619	438573614008941	438573602592276
438573618721755	438573630442900	438573619031494
438573641884932	438573655090452	438573642189255
438573652070973	438573663305973	438573652452588
438573668710505	438573679741181	438573668988213
438573691865973	438573704390557	438573692147692
438573702008786	438573720826389	438573707998994
438573718713994	438573737261025	438573719087536
438573741957432	438573753697171	438573742243682
438573752011650	438573770133993	438573758066494
438573768781650	438573786569202	438573769248786
438573792241494	438573803004202	438573792530244
438573802001598	438573819438525	438573802378005
438573818711911	438573835871286	438573819068213
438573835380192	438573852303837	438573837109619
438573859443525	438573876954879	438573859759619
438573868750088	438573885170244	438573869324098
438573885448161	438573909822067	438573892720244
438573908666963	438573926257692	438573908962275
438573918729411	438573934475244	438573919089307
438573935397119	438573950909514	438573935763057
438573952098994	438573967343213	438573955705557
438573975226755	438573991995660	438573975518525
438573985368994	438574000213473	438573985745817
438574002056911	438574016650087	438574002424150
438574018786130	438574033085088	438574020267432
438574041970557	438574057735973	438574042265400
438574052129255	438574065953994	438574052488838
438574068798213	438574090606807	438574076994775
438574091949932	438574107045661	438574092284150
438574102089723	438574115263994	438574102451286
438574118770244	438574131700139	438574119128994
438574135463473	438574148137275	438574135592119
438574159202432	438574172795191	438574159500869
438574168764411	438574181013785	438574169131807
438574185427536	438574205666286	438574191708629
438574208913838	438574222103577	438574209219463
438574218767900	438574230322795	438574219180504
438574235443057	438574246760556	438574235806963
438574252147432	438574271419827	438574254570400
438574275215661	438574287859462	438574275498682
438574285619411	438574296078681	438574285988161
438574302203838	438574312517379	438574302547275
438574318775661	438574337173004	438574325372431
438574341936963	438574353611024	438574342228369
438574352153213	438574370047848	438574352507536
438574368795869	438574386484931	438574369178213
438574385508525	438574402923733	438574387114775
438574408640556	438574419364097	438574408929775
438574418784775	438574435807118	438574419148317
438574435464411	438574460465452	438574443037275
438574459599411	438574476902067	438574459892536
438574468780192	438574485119462	438574469068056
438574485461129	438574501553577	438574485825504
438574502199098	438574517989463	438574503299098
438574525475036	438574542642014	438574525763161
438574535454775	438574550859463	438574535655504
438574552180400	438574575514619	438574561186963
438574575258525	438574591949358	438574575548161
438574585471338	438574600167639	438574585828994
438574602129775	438574616604045	438574602498317
438574618820869	438574633040139	438574620111442
438574643104567	438574657691650	438574643389150
438574652171963	438574665909306	438574652539306
438574668849879	438574690564201	438574674368213
438574692203942	438574707002014	438574692521129
438574702083004	438574715220920	438574702454879
438574718829775	438574731657067	438574719180400
438574735481598	438574748095244	438574737884931
438574759048369	438574772755660	438574759351181
438574768749931	438574780974566	438574769120556
438574785497223	438574805632118	438574793743056
438574808827067	438574822071754	438574809120869
438574818791650	438574830291441	438574819164723
438574835474775	438574846731233	438574835858994
438574852216650	438574863172222	438574852333681
438574875593629	438574887831650	438574875883525
438574885442431	438574896051910	438574885813681
438574902089463	438574920710816	438574909138994
438574925633838	438574937150608	438574925928838
438574935409150	438574953588108	438574935830087
438574952145660	438574970027014	438574952516285
438574968826910	438574986462691	438574971032223
438574992094619	438575002899410	438574992455504
438575002053837	438575019334462	438575002419254
438575018784619	438575035771076	438575019057744
438575035473837	438575052207847	438575035931181
438575063006181	438575076860817	438575063308004
438575068759410	438575085078055	438575068995869
438575085445660	438575101512587	438575086036598
438575110878473	438575126166128	438575111174410
438575118868525	438575134385712	438575119101650

POLL t=232.5 tick=4471
8333333
438584802582584	438584822754927	438584810382532
438584825801802	438584839185604	438584826099719
438584835869250	438584847400656	438584836321959
438584852617115	438584880260709	438584862193209
438584876974719	438584888476229	438584877267219
438584885923469	438584896691802	438584886313938
438584902578157	438584921336750	438584911030969
438584925709146	438584937769302	438584926008052
438584935948365	438584954199562	438584936322427
438584952620084	438584970632323	438584960119146
438584975817584	438584987064041	438584976102063
438584985952584	438585003491542	438584986310552
438585002617063	438585019924510	438585009366490
438585025913990	438585036357896	438585026192844
438585035956959	438585052790500	438585036306802
438585052643834	438585077441594	438585059829927
438585076294459	438585093875396	438585076653157
438585085982896	438585102091697	438585086176594
438585102659875	438585126739719	438585110827427
438585125561334	438585143172375	438585125854146
438585135976646	438585151389511	438585136334146
438585152655657	438585176038417	438585159294615
438585175895188	438585192470291	438585176215396
438585185985188	438585200686646	438585186355552
438585202653938	438585225338729	438585208811334
438585225922219	438585241772948	438585226231959
438585235993834	438585249990656	438585236495240
438585252673834	438585274642792	438585265108990
438585269343365	438585282858989	438585269837271
438585295363990	438585307505343	438585295654094
438585302667584	438585323937270	438585309883781
438585326622063	438585340370135	438585327003521
438585335946334	438585348585552	438585336372531
438585352673000	438585365015604	438585353043781
438585369348834	438585381445604	438585369709094
438585394836594	438585406092739	438585395123469
438585402636959	438585422524562	438585412029771
438585426253833	438585438958312	438585426539615
438585436099146	438585447175604	438585436473990
438585452689563	438585471826854	438585460157740
438585475943052	438585488258364	438585476293677
438585485999615	438585496474510	438585486412115
438585502668000	438585521122219	438585509757271
438585525875552	438585537555083	438585526157531
438585535988677	438585553989718	438585536348313
438585552633833	438585570421801	438585559918313
438585575840813	438585586854302	438585576128000
438585585969302	438585603285968	438585586395708
438585602693156	438585619716541	438585603163990
438585619329719	438585636145812	438585621524406
438585642627896	438585660792896	438585642923677
438585652852271	438585669009562	438585653737844
438585669334771	438585685443625	438585669716125
438585686003990	438585701873937	438585686358521
438585710576646	438585726520604	438585710943000
438585719338677	438585734735656	438585719528469
438585736039615	438585751166281	438585738408938
438585759461750	438585775812062	438585759761333
438585769324875	438585784027739	438585769819458
438585786042740	438585808672896	438585798491333
438585802682740	438585816886073	438585803178833
438585829008938	438585841529041	438585829302896
438585835964094	438585849745708	438585836350083
438585859548990	438585874392010	438585859866021
438585869317427	438585882607792	438585869684458
438585886040031	438585907255030	438585893121177
438585909597062	438585923684979	438585909959458
438585919324875	438585931899562	438585919690500
438585935978990	438585956545447	438585945660240
438585959518156	438585972977583	438585959825396
438585969395396	438585981193364	438585969755552
438585986090552	438586005840551	438585993667583
438586010748521	438586022271698	438586011039094
438586019416490	438586030487947	438586019785865
438586036052896	438586055139197	438586045268625
438586059249927	438586071573417	438586059534927
438586069438208	438586079790030	438586069795396
438586086067427	438586104440864	438586093741958
438586109568156	438586120874978	438586109860864
438586119386958	438586137308312	438586119753208
438586136110864	438586153742843	438586143516333
438586159355031	438586170176177	438586159638208
438586169413781	438586186608155	438586169767427
438586186086958	438586211257843	438586193634094
438586210776646	438586227690968	438586211132271
438586219396646	438586235907374	438586220510552
438586236132427	438586252339406	438586236511489
438586252696802	438586268773781	438586252998052
438586280258833	438586293424666	438586280546594
438586286042739	438586309857009	438586293306125
438586309472427	438586326287999	438586309792114
438586319327114	438586334503677	438586319698833
438586336122583	438586350934822	438586336485083
438586352774458	438586367367635	438586353526177
438586378829927	438586392014301	438586379120552
438586386053989	438586400231698	438586386408521
438586402758469	438586416666489	438586403072896
438586431903052	438586449535239	438586432199875
438586436048937	438586457751020	438586438994562
438586462093156	438586474185291	438586462376958
438586469385396	438586482403155	438586469750083
438586486091958	438586498839666	438586486407739
438586513989718	438586531713363	438586514301489
438586519321958	438586539931645	438586525122271
438586542912271	438586556367635	438586543200864
438586552703677	438586564585812	438586553087427
438586569385812	438586581021124	438586569687271
438586594988989	438586605672634	438586595278468
438586602698312	438586613889614	438586603084614
438586619393052	438586630323260	438586619787583
438586645281802	438586663190759	438586645568677
438586652657687	438586671406958	438586653029458
438586676490396	438586687841905	438586676767583
438586686046437	438586704277791	438586686416958
438586702696021	438586728930552	438586711926021
438586727375187	438586745366749	438586727671646
438586736095656	438586753586385	438586736494302
438586752735708	438586778243103	438586763151958
438586777313468	438586794678311	438586777600083
438586786111125	438586802896072	438586787239302
438586802741958	438586827547790	438586812533052
438586825808312	438586843982583	438586826099302
438586836115500	438586852198624	438586836523156
438586852753625	438586876848677	438586861776125
438586875667062	438586893281540	438586875975187
438586886089145	438586901497791	438586886268520
438586902709927	9223372036854775807	438586910352583

