[ios-env] read /Users/brad/Library/Developer/CoreSimulator/Devices/7662ACD6-6294-4676-B426-26A3F8C7B258/data/Containers/Bundle/Application/FE17B02E-70BF-4488-A0C5-7618C211806A/ps2EntryRunner.app/ps2x.env
[ios-env] no /Users/brad/Library/Developer/CoreSimulator/Devices/7662ACD6-6294-4676-B426-26A3F8C7B258/data/Containers/Data/Application/01ACD1DC-B78A-4AFC-A505-EB46EEEDFFD0/Documents/ps2x.env
[ios-env] set PS2X_BOOT_ELF=/Users/brad/Library/Developer/CoreSimulator/Devices/7662ACD6-6294-4676-B426-26A3F8C7B258/data/Containers/Bundle/Application/FE17B02E-70BF-4488-A0C5-7618C211806A/ps2EntryRunner.app/SLUS_207.72
[ios-env] set PS2X_CD_IMAGE=/Users/brad/Library/Developer/CoreSimulator/Devices/7662ACD6-6294-4676-B426-26A3F8C7B258/data/Containers/Bundle/Application/FE17B02E-70BF-4488-A0C5-7618C211806A/ps2EntryRunner.app/SSX3.iso
[ios-env] set PS2X_DEINTERLACE=weave
[ios-env] set PS2X_MC_ROOT=/Users/brad/Library/Developer/CoreSimulator/Devices/7662ACD6-6294-4676-B426-26A3F8C7B258/data/Containers/Data/Application/01ACD1DC-B78A-4AFC-A505-EB46EEEDFFD0/Documents/mc0
[ios-env] set PS2X_PAD_SCRIPT=10611:start:250,12780:cross:250,14749:cross:250,16567:cross:250,18336:cross:250,19770:cross:250,21205:down:150,21706:down:150,22306:cross:250,24025:cross:250,28512:cross:200,28763:down:700,29513:cross:200,29764:down:700,30514:cross:200,30765:down:700,31515:cross:200,31766:down:700,32516:cross:200,32767:down:700,33517:cross:200,33768:down:700,34518:cross:200,34769:down:700,35519:cross:200,35770:down:700,36520:cross:200,36771:down:700,37521:cross:200,37772:down:700,38522:down:30000
[ios-env] set PS2X_PAD_SCRIPT_CLOCK=vsync
[ios-env] set PS2X_SKIP_MOVIE=1
[ios-env] launcher kept PS2X_VSYNC_RATE_LOG
Using PS2X_BOOT_ELF boot path
INFO: Initializing raylib 5.5
INFO: Platform backend: DESKTOP (SDL)
INFO: Supported raylib modules:
INFO:     > rcore:..... loaded (mandatory)
INFO:     > rlgl:...... loaded (mandatory)
INFO:     > rshapes:... loaded (optional)
INFO:     > rtextures:. loaded (optional)
INFO:     > rtext:..... loaded (optional)
INFO:     > rmodels:... loaded (optional)
INFO:     > raudio:.... loaded (optional)
2026-09-24 06:01:57.075 ps2EntryRunner[95759:4825406] You need UIApplicationSupportsIndirectInputEvents in your Info.plist for mouse support
INFO: DISPLAY: Device initialized successfully
INFO:     > Display size: 402 x 874
INFO:     > Screen size:  640 x 448
INFO:     > Render size:  640 x 448
INFO:     > Viewport offsets: 0, 0
INFO: GLAD: OpenGL ES 2.0 loaded successfully
INFO: GL: Supported extensions count: 43
INFO: GL: OpenGL device information:
INFO:     > Vendor:   Apple Inc.
INFO:     > Renderer: Apple Software Renderer
INFO:     > Version:  OpenGL ES 2.0 APPLE-24.0.2
INFO:     > GLSL:     OpenGL ES GLSL ES 1.00
INFO: GL: VAO extension detected, VAO functions loaded successfully
WARNING: GL: NPOT textures extension not found, limited NPOT support (no-mipmaps, no-repeat)
INFO: GL: PVRT compressed textures supported
INFO: PLATFORM: DESKTOP (SDL): Initialized successfully
INFO: TEXTURE: [ID 1] Texture loaded successfully (1x1 | R8G8B8A8 | 1 mipmaps)
INFO: TEXTURE: [ID 1] Default texture loaded successfully
INFO: SHADER: [ID 1] Vertex shader compiled successfully
INFO: SHADER: [ID 2] Fragment shader compiled successfully
INFO: SHADER: [ID 3] Program shader loaded successfully
INFO: SHADER: [ID 3] Default shader loaded successfully
INFO: RLGL: Render batch vertex buffers loaded successfully in RAM (CPU)
INFO: RLGL: Render batch vertex buffers loaded successfully in VRAM (GPU)
INFO: RLGL: Default OpenGL state initialized successfully
INFO: TEXTURE: [ID 2] Texture loaded successfully (128x128 | GRAY_ALPHA | 1 mipmaps)
INFO: FONT: Default font loaded successfully (224 glyphs)
INFO: SYSTEM: Working Directory: /Users/brad/Library/Developer/CoreSimulator/Devices/7662ACD6-6294-4676-B426-26A3F8C7B258/data/Containers/Bundle/Application/FE17B02E-70BF-4488-A0C5-7618C211806A/ps2EntryRunner.app
[ios-window] attached to window scene
[ios-window] window=874x402 drawable=2622x1206
[k1] armed name=ssx3-copied-payload elf=SLUS_207.72
[widescreen] SSX3 mode=2 (PS2X_WIDESCREEN=default)
[E53] PS2X_EE_FPMODE=ps2 (EE thread: round-toward-zero + flush-to-zero)
[ios-render] screen=640x448 render=1920x1344
[k1] install#1 n=0x5a handler=0x42cb78
[k1] install#2 n=0x5b handler=0x80075000
[k1] install#3 n=0x54 handler=0x42d100
[k1] lookup#1 key=0x55 value=0x80075038
[k1] install#4 n=0x55 handler=0x80075038
[k1] lookup#2 key=0x56 value=0x800750c8
[k1] install#5 n=0x56 handler=0x800750c8
[k1] lookup#3 key=0x57 value=0x80075108
[k1] install#6 n=0x57 handler=0x80075108
[k1] lookup#4 key=0x58 value=0x80075158
[k1] install#7 n=0x58 handler=0x80075158
[k1] lookup#5 key=0x59 value=0x800751a8
[k1] install#8 n=0x59 handler=0x800751a8
[k1] lookup#6 key=0x3 value=0x80075330
[vpad] on=1 pad_in_use=0 first_pad=-1 name="" -> overlay shown
2026-09-24 06:01:57.422 ps2EntryRunner[95759:4825406] Unbalanced calls to begin/end appearance transitions for <SDL_uikitviewcontroller: 0x10bde8000>.
2026-09-24 06:01:57.422 ps2EntryRunner[95759:4825406] Unbalanced calls to begin/end appearance transitions for <SDL_uikitviewcontroller: 0x10bde8000>.
[ios-render] screen=874x402 render=2622x1206
[ios-render] screen=874x402 render=2622x1206
[ios-render] screen=874x402 render=2622x1206
[ios-render] screen=874x402 render=2622x1206
[ios-render] screen=874x402 render=2622x1206
[ios-render] screen=874x402 render=2622x1206
[ios-render] screen=874x402 render=2622x1206
[ios-render] screen=874x402 render=2622x1206
[ios-render] screen=874x402 render=2622x1206
[ios-render] screen=874x402 render=2622x1206
[ios-render] screen=874x402 render=2622x1206
[ios-render] screen=874x402 render=2622x1206
[ios-render] screen=874x402 render=2622x1206
[ios-render] screen=874x402 render=2622x1206
[ios-render] screen=874x402 render=2622x1206
[ios-render] screen=874x402 render=2622x1206
[ios-render] screen=874x402 render=2622x1206
[ios-render] screen=874x402 render=2622x1206
[ios-render] screen=874x402 render=2622x1206
[ios-render] screen=874x402 render=2622x1206
[ios-render] screen=874x402 render=2622x1206
[ios-render] screen=874x402 render=2622x1206
[ios-render] screen=874x402 render=2622x1206
[ios-render] screen=874x402 render=2622x1206
[ios-render] screen=874x402 render=2622x1206
[ios-render] screen=874x402 render=2622x1206
[ios-render] screen=874x402 render=2622x1206
[ios-render] screen=874x402 render=2622x1206
[ios-render] screen=874x402 render=2622x1206
[ios-render] screen=874x402 render=2622x1206
[ios-render] screen=874x402 render=2622x1206
[ios-render] screen=874x402 render=2622x1206
[gs:setcrt] via=sceGsResetGraph interlaced=1 mode=0x2 field_frame=0 smode1=0x740814504 smode2=0x1
[ios-render] screen=874x402 render=2622x1206
[IOP/RPC trace:unhandled] sid=0x80000006 rpc=0xff pc=0x42b0e8 ra=0x42b0e8 send=0x0/0 recv=0x52f080/4 sendBytes=[] loadedModules=[cdrom0:/data/modules/dev9.irx; cdrom0:/data/modules/usbkb.irx; cdrom0:/data/modules/usbd.irx; cdrom0:/data/modules/mcserv.irx; cdrom0:/data/modules/mcman.irx; cdrom0:/data/modules/snddrv.irx]
[ios-render] screen=874x402 render=2622x1206
[ios-render] screen=874x402 render=2622x1206
[ios-render] screen=874x402 render=2622x1206
[ios-render] screen=874x402 render=2622x1206
[ios-render] screen=874x402 render=2622x1206
[ios-render] screen=874x402 render=2622x1206
[ios-render] screen=874x402 render=2622x1206
[ios-render] screen=874x402 render=2622x1206
[sif-handshake] sregs[1]=1
[IOP/RPC trace:unhandled] sid=0x237 rpc=0x0 pc=0x3f6a04 ra=0x3f6a04 send=0x526080/128 recv=0x526140/128 sendBytes=[C0 61 52 20 00 00 00 00 00 00 00 00 00 00 00 00] loadedModules=[cdrom0:/data/modules/voipf.irx; cdrom0:/data/modules/lgaud.irx; cdrom0:/data/modules/drtysckf.irx; cdrom0:/data/modules/libnet.irx; cdrom0:/data/modules/msifrpc.irx; cdrom0:/data/modules/pppoe.irx]
[IOP/RPC trace:unhandled] sid=0x80000211 rpc=0x1 pc=0x40c34c ra=0x40c34c send=0x529100/16 recv=0x529140/144 sendBytes=[00 00 00 00 00 00 00 00 00 00 00 00 00 00 00 00] loadedModules=[cdrom0:/data/modules/voipf.irx; cdrom0:/data/modules/lgaud.irx; cdrom0:/data/modules/drtysckf.irx; cdrom0:/data/modules/libnet.irx; cdrom0:/data/modules/msifrpc.irx; cdrom0:/data/modules/pppoe.irx]
[ios-render] screen=874x402 render=2622x1206
[ios-render] screen=874x402 render=2622x1206
[ios-render] screen=874x402 render=2622x1206
[ios-render] screen=874x402 render=2622x1206
[padscript] armed n=31 source=env clock=vsync
[ios-render] screen=874x402 render=2622x1206
[ios-render] screen=874x402 render=2622x1206
[ios-render] screen=874x402 render=2622x1206
[widescreen] apply source=0x2285a0 guest_mode=0 host_mode=2
[IOP/RPC trace:unhandled] sid=0x534e44 rpc=0x0 pc=0x3c0bc4 ra=0x3c0bc4 send=0x50ad00/20 recv=0x0/0 sendBytes=[03 03 08 00 40 B7 50 00 00 00 00 00 A0 8C C0 5D] loadedModules=[cdrom0:/data/modules/voipf.irx; cdrom0:/data/modules/lgaud.irx; cdrom0:/data/modules/drtysckf.irx; cdrom0:/data/modules/libnet.irx; cdrom0:/data/modules/msifrpc.irx; cdrom0:/data/modules/pppoe.irx]
[ios-render] screen=874x402 render=2622x1206
[ios-render] screen=874x402 render=2622x1206
[ios-render] screen=874x402 render=2622x1206
[ios-render] screen=874x402 render=2622x1206
[ios-render] screen=874x402 render=2622x1206
[ios-render] screen=874x402 render=2622x1206
[ios-render] screen=874x402 render=2622x1206
[ios-render] screen=874x402 render=2622x1206
[ios-render] screen=874x402 render=2622x1206
[ios-render] screen=874x402 render=2622x1206
[ios-render] screen=874x402 render=2622x1206
[ios-render] screen=874x402 render=2622x1206
[ios-render] screen=874x402 render=2622x1206
[ios-render] screen=874x402 render=2622x1206
[ios-render] screen=874x402 render=2622x1206
[ios-render] screen=874x402 render=2622x1206
[ios-render] screen=874x402 render=2622x1206
[ios-render] screen=874x402 render=2622x1206
[ios-render] screen=874x402 render=2622x1206
[ios-render] screen=874x402 render=2622x1206
[ios-render] screen=874x402 render=2622x1206
[ios-render] screen=874x402 render=2622x1206
[ios-render] screen=874x402 render=2622x1206
[ios-render] screen=874x402 render=2622x1206
[ios-render] screen=874x402 render=2622x1206
[ios-render] screen=874x402 render=2622x1206
[ios-render] screen=874x402 render=2622x1206
[ios-render] screen=874x402 render=2622x1206
[ios-render] screen=874x402 render=2622x1206
[ios-render] screen=874x402 render=2622x1206
[ios-render] screen=874x402 render=2622x1206
[ios-render] screen=874x402 render=2622x1206
[ios-render] screen=874x402 render=2622x1206
[ios-render] screen=874x402 render=2622x1206
[ios-render] screen=874x402 render=2622x1206
[ios-render] screen=874x402 render=2622x1206
[ios-render] screen=874x402 render=2622x1206
[ios-render] screen=874x402 render=2622x1206
[ios-render] screen=874x402 render=2622x1206
[ios-render] screen=874x402 render=2622x1206
[ios-render] screen=874x402 render=2622x1206
[ios-render] screen=874x402 render=2622x1206
[ios-render] screen=874x402 render=2622x1206
[ios-render] screen=874x402 render=2622x1206
[ios-render] screen=874x402 render=2622x1206
[ios-render] screen=874x402 render=2622x1206
[ios-render] screen=874x402 render=2622x1206
[ios-render] screen=874x402 render=2622x1206
[ios-render] screen=874x402 render=2622x1206
[ios-render] screen=874x402 render=2622x1206
[ios-render] screen=874x402 render=2622x1206
[ios-render] screen=874x402 render=2622x1206
[ios-render] screen=874x402 render=2622x1206
[ios-render] screen=874x402 render=2622x1206
[ios-render] screen=874x402 render=2622x1206
[ios-render] screen=874x402 render=2622x1206
[ios-render] screen=874x402 render=2622x1206
[ios-render] screen=874x402 render=2622x1206
[ios-render] screen=874x402 render=2622x1206
[ios-render] screen=874x402 render=2622x1206
[ios-render] screen=874x402 render=2622x1206
[ios-render] screen=874x402 render=2622x1206
[ios-render] screen=874x402 render=2622x1206
[ios-render] screen=874x402 render=2622x1206
[ios-render] screen=874x402 render=2622x1206
[ios-render] screen=874x402 render=2622x1206
[ios-render] screen=874x402 render=2622x1206
[ios-render] screen=874x402 render=2622x1206
[ios-render] screen=874x402 render=2622x1206
[ios-render] screen=874x402 render=2622x1206
[ios-render] screen=874x402 render=2622x1206
[ios-render] screen=874x402 render=2622x1206
[ios-render] screen=874x402 render=2622x1206
[ios-render] screen=874x402 render=2622x1206
[ios-render] screen=874x402 render=2622x1206
[ios-render] screen=874x402 render=2622x1206
[ios-render] screen=874x402 render=2622x1206
[ios-render] screen=874x402 render=2622x1206
[ios-render] screen=874x402 render=2622x1206
[ios-render] screen=874x402 render=2622x1206
[ios-render] screen=874x402 render=2622x1206
[ios-render] screen=874x402 render=2622x1206
[ios-render] screen=874x402 render=2622x1206
[ios-render] screen=874x402 render=2622x1206
[ios-render] screen=874x402 render=2622x1206
[ios-render] screen=874x402 render=2622x1206
[ios-render] screen=874x402 render=2622x1206
[ios-render] screen=874x402 render=2622x1206
[ios-render] screen=874x402 render=2622x1206
[ios-render] screen=874x402 render=2622x1206
[ios-render] screen=874x402 render=2622x1206
[ios-render] screen=874x402 render=2622x1206
[ios-render] screen=874x402 render=2622x1206
[ios-render] screen=874x402 render=2622x1206
[ios-render] screen=874x402 render=2622x1206
[ios-render] screen=874x402 render=2622x1206
[ios-render] screen=874x402 render=2622x1206
[ios-render] screen=874x402 render=2622x1206
[ios-render] screen=874x402 render=2622x1206
[ios-render] screen=874x402 render=2622x1206
[ios-render] screen=874x402 render=2622x1206
[ios-render] screen=874x402 render=2622x1206
[ios-render] screen=874x402 render=2622x1206
[ios-render] screen=874x402 render=2622x1206
[ios-render] screen=874x402 render=2622x1206
[ios-render] screen=874x402 render=2622x1206
[ios-render] screen=874x402 render=2622x1206
[ios-render] screen=874x402 render=2622x1206
[ios-render] screen=874x402 render=2622x1206
[ios-render] screen=874x402 render=2622x1206
[ios-render] screen=874x402 render=2622x1206
[ios-render] screen=874x402 render=2622x1206
[ios-render] screen=874x402 render=2622x1206
[ios-render] screen=874x402 render=2622x1206
[ios-render] screen=874x402 render=2622x1206
[ios-render] screen=874x402 render=2622x1206
[ios-render] screen=874x402 render=2622x1206
[ios-render] screen=874x402 render=2622x1206
[ios-render] screen=874x402 render=2622x1206
[ios-render] screen=874x402 render=2622x1206
[ios-render] screen=874x402 render=2622x1206
[ios-render] screen=874x402 render=2622x1206
[ios-render] screen=874x402 render=2622x1206
[ios-render] screen=874x402 render=2622x1206
[ios-render] screen=874x402 render=2622x1206
[ios-render] screen=874x402 render=2622x1206
[ios-render] screen=874x402 render=2622x1206
[ios-render] screen=874x402 render=2622x1206
[ios-render] screen=874x402 render=2622x1206
[ios-render] screen=874x402 render=2622x1206
[ios-render] screen=874x402 render=2622x1206
[ios-render] screen=874x402 render=2622x1206
[ios-render] screen=874x402 render=2622x1206
[ios-render] screen=874x402 render=2622x1206
[ios-render] screen=874x402 render=2622x1206
[ios-render] screen=874x402 render=2622x1206
[ios-render] screen=874x402 render=2622x1206
[ios-render] screen=874x402 render=2622x1206
[ios-render] screen=874x402 render=2622x1206
[ios-render] screen=874x402 render=2622x1206
[ios-render] screen=874x402 render=2622x1206
[ios-render] screen=874x402 render=2622x1206
[ios-render] screen=874x402 render=2622x1206
[ios-render] screen=874x402 render=2622x1206
[ios-render] screen=874x402 render=2622x1206
[ios-render] screen=874x402 render=2622x1206
[ios-render] screen=874x402 render=2622x1206
[ios-render] screen=874x402 render=2622x1206
[ios-render] screen=874x402 render=2622x1206
[ios-render] screen=874x402 render=2622x1206
[ios-render] screen=874x402 render=2622x1206
[ios-render] screen=874x402 render=2622x1206
[ios-render] screen=874x402 render=2622x1206
[ios-render] screen=874x402 render=2622x1206
[ios-render] screen=874x402 render=2622x1206
[ios-render] screen=874x402 render=2622x1206
[ios-render] screen=874x402 render=2622x1206
[ios-render] screen=874x402 render=2622x1206
[ios-render] screen=874x402 render=2622x1206
[ios-render] screen=874x402 render=2622x1206
[ios-render] screen=874x402 render=2622x1206
[ios-render] screen=874x402 render=2622x1206
[ios-render] screen=874x402 render=2622x1206
[ios-render] screen=874x402 render=2622x1206
[ios-render] screen=874x402 render=2622x1206
[ios-render] screen=874x402 render=2622x1206
[ios-render] screen=874x402 render=2622x1206
[ios-render] screen=874x402 render=2622x1206
[ios-render] screen=874x402 render=2622x1206
[ios-render] screen=874x402 render=2622x1206
[vsync-rate] tick=270 rate=53.84/s (0.898x of 59.94)
[ios-render] screen=874x402 render=2622x1206
[ios-render] screen=874x402 render=2622x1206
[ios-render] screen=874x402 render=2622x1206
[ios-render] screen=874x402 render=2622x1206
[ios-render] screen=874x402 render=2622x1206
[ios-render] screen=874x402 render=2622x1206
[ios-render] screen=874x402 render=2622x1206
[ios-render] screen=874x402 render=2622x1206
[ios-render] screen=874x402 render=2622x1206
[ios-render] screen=874x402 render=2622x1206
[ios-render] screen=874x402 render=2622x1206
[ios-render] screen=874x402 render=2622x1206
[ios-render] screen=874x402 render=2622x1206
[ios-render] screen=874x402 render=2622x1206
[ios-render] screen=874x402 render=2622x1206
[ios-render] screen=874x402 render=2622x1206
[ios-render] screen=874x402 render=2622x1206
[ios-render] screen=874x402 render=2622x1206
[ios-render] screen=874x402 render=2622x1206
[ios-render] screen=874x402 render=2622x1206
[ios-render] screen=874x402 render=2622x1206
[ios-render] screen=874x402 render=2622x1206
[ios-render] screen=874x402 render=2622x1206
[ios-render] screen=874x402 render=2622x1206
[ios-render] screen=874x402 render=2622x1206
[ios-render] screen=874x402 render=2622x1206
[ios-render] screen=874x402 render=2622x1206
[ios-render] screen=874x402 render=2622x1206
[ios-render] screen=874x402 render=2622x1206
[ios-render] screen=874x402 render=2622x1206
[ios-render] screen=874x402 render=2622x1206
[ios-render] screen=874x402 render=2622x1206
[ios-render] screen=874x402 render=2622x1206
[ios-render] screen=874x402 render=2622x1206
[ios-render] screen=874x402 render=2622x1206
[ios-render] screen=874x402 render=2622x1206
[ios-render] screen=874x402 render=2622x1206
[ios-render] screen=874x402 render=2622x1206
[ios-render] screen=874x402 render=2622x1206
[ios-render] screen=874x402 render=2622x1206
[ios-render] screen=874x402 render=2622x1206
[ios-render] screen=874x402 render=2622x1206
[ios-render] screen=874x402 render=2622x1206
[ios-render] screen=874x402 render=2622x1206
[ios-render] screen=874x402 render=2622x1206
[ios-render] screen=874x402 render=2622x1206
[ios-render] screen=874x402 render=2622x1206
[ios-render] screen=874x402 render=2622x1206
[ios-render] screen=874x402 render=2622x1206
[ios-render] screen=874x402 render=2622x1206
[ios-render] screen=874x402 render=2622x1206
[ios-render] screen=874x402 render=2622x1206
[ios-render] screen=874x402 render=2622x1206
[ios-render] screen=874x402 render=2622x1206
[ios-render] screen=874x402 render=2622x1206
[ios-render] screen=874x402 render=2622x1206
[ios-render] screen=874x402 render=2622x1206
[ios-render] screen=874x402 render=2622x1206
[ios-render] screen=874x402 render=2622x1206
[ios-render] screen=874x402 render=2622x1206
[ios-render] screen=874x402 render=2622x1206
[ios-render] screen=874x402 render=2622x1206
[ios-render] screen=874x402 render=2622x1206
[ios-render] screen=874x402 render=2622x1206
[ios-render] screen=874x402 render=2622x1206
[ios-render] screen=874x402 render=2622x1206
[ios-render] screen=874x402 render=2622x1206
[ios-render] screen=874x402 render=2622x1206
[ios-render] screen=874x402 render=2622x1206
[ios-render] screen=874x402 render=2622x1206
[ios-render] screen=874x402 render=2622x1206
[ios-render] screen=874x402 render=2622x1206
[ios-render] screen=874x402 render=2622x1206
[ios-render] screen=874x402 render=2622x1206
[ios-render] screen=874x402 render=2622x1206
[ios-render] screen=874x402 render=2622x1206
[ios-render] screen=874x402 render=2622x1206
[ios-render] screen=874x402 render=2622x1206
[ios-render] screen=874x402 render=2622x1206
[ios-render] screen=874x402 render=2622x1206
[ios-render] screen=874x402 render=2622x1206
[ios-render] screen=874x402 render=2622x1206
[ios-render] screen=874x402 render=2622x1206
[ios-render] screen=874x402 render=2622x1206
[ios-render] screen=874x402 render=2622x1206
[ios-render] screen=874x402 render=2622x1206
[ios-render] screen=874x402 render=2622x1206
[ios-render] screen=874x402 render=2622x1206
[ios-render] screen=874x402 render=2622x1206
[ios-render] screen=874x402 render=2622x1206
[ios-render] screen=874x402 render=2622x1206
[ios-render] screen=874x402 render=2622x1206
[ios-render] screen=874x402 render=2622x1206
[ios-render] screen=874x402 render=2622x1206
[ios-render] screen=874x402 render=2622x1206
[ios-render] screen=874x402 render=2622x1206
[ios-render] screen=874x402 render=2622x1206
[ios-render] screen=874x402 render=2622x1206
[ios-render] screen=874x402 render=2622x1206
[ios-render] screen=874x402 render=2622x1206
[ios-render] screen=874x402 render=2622x1206
[ios-render] screen=874x402 render=2622x1206
[ios-render] screen=874x402 render=2622x1206
[ios-render] screen=874x402 render=2622x1206
[ios-render] screen=874x402 render=2622x1206
[ios-render] screen=874x402 render=2622x1206
[ios-render] screen=874x402 render=2622x1206
[ios-render] screen=874x402 render=2622x1206
[ios-render] screen=874x402 render=2622x1206
[ios-render] screen=874x402 render=2622x1206
[ios-render] screen=874x402 render=2622x1206
[ios-render] screen=874x402 render=2622x1206
[ios-render] screen=874x402 render=2622x1206
[ios-render] screen=874x402 render=2622x1206
[ios-render] screen=874x402 render=2622x1206
[ios-render] screen=874x402 render=2622x1206
[ios-render] screen=874x402 render=2622x1206
[ios-render] screen=874x402 render=2622x1206
[ios-render] screen=874x402 render=2622x1206
[ios-render] screen=874x402 render=2622x1206
[ios-render] screen=874x402 render=2622x1206
[ios-render] screen=874x402 render=2622x1206
[ios-render] screen=874x402 render=2622x1206
[ios-render] screen=874x402 render=2622x1206
[ios-render] screen=874x402 render=2622x1206
[ios-render] screen=874x402 render=2622x1206
[ios-render] screen=874x402 render=2622x1206
[ios-render] screen=874x402 render=2622x1206
[ios-render] screen=874x402 render=2622x1206
[ios-render] screen=874x402 render=2622x1206
[ios-render] screen=874x402 render=2622x1206
[ios-render] screen=874x402 render=2622x1206
[ios-render] screen=874x402 render=2622x1206
[ios-render] screen=874x402 render=2622x1206
[ios-render] screen=874x402 render=2622x1206
[ios-render] screen=874x402 render=2622x1206
[ios-render] screen=874x402 render=2622x1206
[ios-render] screen=874x402 render=2622x1206
[ios-render] screen=874x402 render=2622x1206
[ios-render] screen=874x402 render=2622x1206
[ios-render] screen=874x402 render=2622x1206
[ios-render] screen=874x402 render=2622x1206
[ios-render] screen=874x402 render=2622x1206
[ios-render] screen=874x402 render=2622x1206
[ios-render] screen=874x402 render=2622x1206
[ios-render] screen=874x402 render=2622x1206
[ios-render] screen=874x402 render=2622x1206
[ios-render] screen=874x402 render=2622x1206
[ios-render] screen=874x402 render=2622x1206
[ios-render] screen=874x402 render=2622x1206
[ios-render] screen=874x402 render=2622x1206
[ios-render] screen=874x402 render=2622x1206
[ios-render] screen=874x402 render=2622x1206
[ios-render] screen=874x402 render=2622x1206
[ios-render] screen=874x402 render=2622x1206
[ios-render] screen=874x402 render=2622x1206
[ios-render] screen=874x402 render=2622x1206
[ios-render] screen=874x402 render=2622x1206
[ios-render] screen=874x402 render=2622x1206
[ios-render] screen=874x402 render=2622x1206
[ios-render] screen=874x402 render=2622x1206
[ios-render] screen=874x402 render=2622x1206
[ios-render] screen=874x402 render=2622x1206
[ios-render] screen=874x402 render=2622x1206
[ios-render] screen=874x402 render=2622x1206
[ios-render] screen=874x402 render=2622x1206
[ios-render] screen=874x402 render=2622x1206
[ios-render] screen=874x402 render=2622x1206
[ios-render] screen=874x402 render=2622x1206
[ios-render] screen=874x402 render=2622x1206
[ios-render] screen=874x402 render=2622x1206
[ios-render] screen=874x402 render=2622x1206
[ios-render] screen=874x402 render=2622x1206
[ios-render] screen=874x402 render=2622x1206
[ios-render] screen=874x402 render=2622x1206
[ios-render] screen=874x402 render=2622x1206
[ios-render] screen=874x402 render=2622x1206
[ios-render] screen=874x402 render=2622x1206
[ios-render] screen=874x402 render=2622x1206
[ios-render] screen=874x402 render=2622x1206
[ios-render] screen=874x402 render=2622x1206
[ios-render] screen=874x402 render=2622x1206
[ios-render] screen=874x402 render=2622x1206
[ios-render] screen=874x402 render=2622x1206
[ios-render] screen=874x402 render=2622x1206
[ios-render] screen=874x402 render=2622x1206
[ios-render] screen=874x402 render=2622x1206
[ios-render] screen=874x402 render=2622x1206
[ios-render] screen=874x402 render=2622x1206
[ios-render] screen=874x402 render=2622x1206
[ios-render] screen=874x402 render=2622x1206
[ios-render] screen=874x402 render=2622x1206
[ios-render] screen=874x402 render=2622x1206
[ios-render] screen=874x402 render=2622x1206
[ios-render] screen=874x402 render=2622x1206
[ios-render] screen=874x402 render=2622x1206
[ios-render] screen=874x402 render=2622x1206
[ios-render] screen=874x402 render=2622x1206
[ios-render] screen=874x402 render=2622x1206
[vsync-rate] tick=419 rate=29.78/s (0.497x of 59.94)
[ios-render] screen=874x402 render=2622x1206
[ios-render] screen=874x402 render=2622x1206
[ios-render] screen=874x402 render=2622x1206
[ios-render] screen=874x402 render=2622x1206
[ios-render] screen=874x402 render=2622x1206
[ios-render] screen=874x402 render=2622x1206
[ios-render] screen=874x402 render=2622x1206
[ios-render] screen=874x402 render=2622x1206
[ios-render] screen=874x402 render=2622x1206
[ios-render] screen=874x402 render=2622x1206
[ios-render] screen=874x402 render=2622x1206
[ios-render] screen=874x402 render=2622x1206
[ios-render] screen=874x402 render=2622x1206
[ios-render] screen=874x402 render=2622x1206
[ios-render] screen=874x402 render=2622x1206
[ios-render] screen=874x402 render=2622x1206
[ios-render] screen=874x402 render=2622x1206
[ios-render] screen=874x402 render=2622x1206
[ios-render] screen=874x402 render=2622x1206
[ios-render] screen=874x402 render=2622x1206
[ios-render] screen=874x402 render=2622x1206
[ios-render] screen=874x402 render=2622x1206
[ios-render] screen=874x402 render=2622x1206
[ios-render] screen=874x402 render=2622x1206
[ios-render] screen=874x402 render=2622x1206
[ios-render] screen=874x402 render=2622x1206
[ios-render] screen=874x402 render=2622x1206
[ios-render] screen=874x402 render=2622x1206
[ios-render] screen=874x402 render=2622x1206
[ios-render] screen=874x402 render=2622x1206
[ios-render] screen=874x402 render=2622x1206
[ios-render] screen=874x402 render=2622x1206
[ios-render] screen=874x402 render=2622x1206
[ios-render] screen=874x402 render=2622x1206
[ios-render] screen=874x402 render=2622x1206
[ios-render] screen=874x402 render=2622x1206
[ios-render] screen=874x402 render=2622x1206
[ios-render] screen=874x402 render=2622x1206
[ios-render] screen=874x402 render=2622x1206
[ios-render] screen=874x402 render=2622x1206
[ios-render] screen=874x402 render=2622x1206
[ios-render] screen=874x402 render=2622x1206
[ios-render] screen=874x402 render=2622x1206
[ios-render] screen=874x402 render=2622x1206
[ios-render] screen=874x402 render=2622x1206
[ios-render] screen=874x402 render=2622x1206
[ios-render] screen=874x402 render=2622x1206
[ios-render] screen=874x402 render=2622x1206
[ios-render] screen=874x402 render=2622x1206
[ios-render] screen=874x402 render=2622x1206
[ios-render] screen=874x402 render=2622x1206
[ios-render] screen=874x402 render=2622x1206
[ios-render] screen=874x402 render=2622x1206
[ios-render] screen=874x402 render=2622x1206
[ios-render] screen=874x402 render=2622x1206
[ios-render] screen=874x402 render=2622x1206
[ios-render] screen=874x402 render=2622x1206
[ios-render] screen=874x402 render=2622x1206
[ios-render] screen=874x402 render=2622x1206
[ios-render] screen=874x402 render=2622x1206
[ios-render] screen=874x402 render=2622x1206
[ios-render] screen=874x402 render=2622x1206
[ios-render] screen=874x402 render=2622x1206
[ios-render] screen=874x402 render=2622x1206
[ios-render] screen=874x402 render=2622x1206
[ios-render] screen=874x402 render=2622x1206
[ios-render] screen=874x402 render=2622x1206
[ios-render] screen=874x402 render=2622x1206
[ios-render] screen=874x402 render=2622x1206
[ios-render] screen=874x402 render=2622x1206
[ios-render] screen=874x402 render=2622x1206
[ios-render] screen=874x402 render=2622x1206
[ios-render] screen=874x402 render=2622x1206
[ios-render] screen=874x402 render=2622x1206
[ios-render] screen=874x402 render=2622x1206
[ios-render] screen=874x402 render=2622x1206
[ios-render] screen=874x402 render=2622x1206
[ios-render] screen=874x402 render=2622x1206
[ios-render] screen=874x402 render=2622x1206
[ios-render] screen=874x402 render=2622x1206
[ios-render] screen=874x402 render=2622x1206
[ios-render] screen=874x402 render=2622x1206
[ios-render] screen=874x402 render=2622x1206
[ios-render] screen=874x402 render=2622x1206
[ios-render] screen=874x402 render=2622x1206
[ios-render] screen=874x402 render=2622x1206
[ios-render] screen=874x402 render=2622x1206
[ios-render] screen=874x402 render=2622x1206
[ios-render] screen=874x402 render=2622x1206
[ios-render] screen=874x402 render=2622x1206
[ios-render] screen=874x402 render=2622x1206
[ios-render] screen=874x402 render=2622x1206
[ios-render] screen=874x402 render=2622x1206
[ios-render] screen=874x402 render=2622x1206
[ios-render] screen=874x402 render=2622x1206
[ios-render] screen=874x402 render=2622x1206
[ios-render] screen=874x402 render=2622x1206
[ios-render] screen=874x402 render=2622x1206
[ios-render] screen=874x402 render=2622x1206
[ios-render] screen=874x402 render=2622x1206
[ios-render] screen=874x402 render=2622x1206
[ios-render] screen=874x402 render=2622x1206
[ios-render] screen=874x402 render=2622x1206
[ios-render] screen=874x402 render=2622x1206
[ios-render] screen=874x402 render=2622x1206
[ios-render] screen=874x402 render=2622x1206
[ios-render] screen=874x402 render=2622x1206
[ios-render] screen=874x402 render=2622x1206
[ios-render] screen=874x402 render=2622x1206
[ios-render] screen=874x402 render=2622x1206
[ios-render] screen=874x402 render=2622x1206
[ios-render] screen=874x402 render=2622x1206
[ios-render] screen=874x402 render=2622x1206
[ios-render] screen=874x402 render=2622x1206
[ios-render] screen=874x402 render=2622x1206
[ios-render] screen=874x402 render=2622x1206
[ios-render] screen=874x402 render=2622x1206
[ios-render] screen=874x402 render=2622x1206
[ios-render] screen=874x402 render=2622x1206
[ios-render] screen=874x402 render=2622x1206
[ios-render] screen=874x402 render=2622x1206
[ios-render] screen=874x402 render=2622x1206
[ios-render] screen=874x402 render=2622x1206
[ios-render] screen=874x402 render=2622x1206
[ios-render] screen=874x402 render=2622x1206
[ios-render] screen=874x402 render=2622x1206
[ios-render] screen=874x402 render=2622x1206
[ios-render] screen=874x402 render=2622x1206
[ios-render] screen=874x402 render=2622x1206
[ios-render] screen=874x402 render=2622x1206
[ios-render] screen=874x402 render=2622x1206
[ios-render] screen=874x402 render=2622x1206
[ios-render] screen=874x402 render=2622x1206
[ios-render] screen=874x402 render=2622x1206
[ios-render] screen=874x402 render=2622x1206
[ios-render] screen=874x402 render=2622x1206
[ios-render] screen=874x402 render=2622x1206
[ios-render] screen=874x402 render=2622x1206
[ios-render] screen=874x402 render=2622x1206
[ios-render] screen=874x402 render=2622x1206
[ios-render] screen=874x402 render=2622x1206
[ios-render] screen=874x402 render=2622x1206
[ios-render] screen=874x402 render=2622x1206
[ios-render] screen=874x402 render=2622x1206
[ios-render] screen=874x402 render=2622x1206
[ios-render] screen=874x402 render=2622x1206
[ios-render] screen=874x402 render=2622x1206
[ios-render] screen=874x402 render=2622x1206
[ios-render] screen=874x402 render=2622x1206
[ios-render] screen=874x402 render=2622x1206
[ios-render] screen=874x402 render=2622x1206
[ios-render] screen=874x402 render=2622x1206
[ios-render] screen=874x402 render=2622x1206
[ios-render] screen=874x402 render=2622x1206
[ios-render] screen=874x402 render=2622x1206
[ios-render] screen=874x402 render=2622x1206
[ios-render] screen=874x402 render=2622x1206
[ios-render] screen=874x402 render=2622x1206
[ios-render] screen=874x402 render=2622x1206
[ios-render] screen=874x402 render=2622x1206
[ios-render] screen=874x402 render=2622x1206
[ios-render] screen=874x402 render=2622x1206
[ios-render] screen=874x402 render=2622x1206
[ios-render] screen=874x402 render=2622x1206
[ios-render] screen=874x402 render=2622x1206
[ios-render] screen=874x402 render=2622x1206
[ios-render] screen=874x402 render=2622x1206
[ios-render] screen=874x402 render=2622x1206
[ios-render] screen=874x402 render=2622x1206
[ios-render] screen=874x402 render=2622x1206
[ios-render] screen=874x402 render=2622x1206
[ios-render] screen=874x402 render=2622x1206
[ios-render] screen=874x402 render=2622x1206
[ios-render] screen=874x402 render=2622x1206
[ios-render] screen=874x402 render=2622x1206
[ios-render] screen=874x402 render=2622x1206
[ios-render] screen=874x402 render=2622x1206
[ios-render] screen=874x402 render=2622x1206
[ios-render] screen=874x402 render=2622x1206
[ios-render] screen=874x402 render=2622x1206
[ios-render] screen=874x402 render=2622x1206
[vsync-rate] tick=575 rate=31.18/s (0.520x of 59.94)
[ios-render] screen=874x402 render=2622x1206
[ios-render] screen=874x402 render=2622x1206
[ios-render] screen=874x402 render=2622x1206
[ios-render] screen=874x402 render=2622x1206
[ios-render] screen=874x402 render=2622x1206
[ios-render] screen=874x402 render=2622x1206
[ios-render] screen=874x402 render=2622x1206
[ios-render] screen=874x402 render=2622x1206
[ios-render] screen=874x402 render=2622x1206
[ios-render] screen=874x402 render=2622x1206
[ios-render] screen=874x402 render=2622x1206
[ios-render] screen=874x402 render=2622x1206
[ios-render] screen=874x402 render=2622x1206
[ios-render] screen=874x402 render=2622x1206
[ios-render] screen=874x402 render=2622x1206
[ios-render] screen=874x402 render=2622x1206
[ios-render] screen=874x402 render=2622x1206
[ios-render] screen=874x402 render=2622x1206
[ios-render] screen=874x402 render=2622x1206
[ios-render] screen=874x402 render=2622x1206
[ios-render] screen=874x402 render=2622x1206
[ios-render] screen=874x402 render=2622x1206
[ios-render] screen=874x402 render=2622x1206
[ios-render] screen=874x402 render=2622x1206
[ios-render] screen=874x402 render=2622x1206
[ios-render] screen=874x402 render=2622x1206
[ios-render] screen=874x402 render=2622x1206
[ios-render] screen=874x402 render=2622x1206
[ios-render] screen=874x402 render=2622x1206
[ios-render] screen=874x402 render=2622x1206
[ios-render] screen=874x402 render=2622x1206
[ios-render] screen=874x402 render=2622x1206
[ios-render] screen=874x402 render=2622x1206
[ios-render] screen=874x402 render=2622x1206
[ios-render] screen=874x402 render=2622x1206
[ios-render] screen=874x402 render=2622x1206
[ios-render] screen=874x402 render=2622x1206
[ios-render] screen=874x402 render=2622x1206
[ios-render] screen=874x402 render=2622x1206
[ios-render] screen=874x402 render=2622x1206
[ios-render] screen=874x402 render=2622x1206
[ios-render] screen=874x402 render=2622x1206
[ios-render] screen=874x402 render=2622x1206
[ios-render] screen=874x402 render=2622x1206
[ios-render] screen=874x402 render=2622x1206
[ios-render] screen=874x402 render=2622x1206
[ios-render] screen=874x402 render=2622x1206
[ios-render] screen=874x402 render=2622x1206
[ios-render] screen=874x402 render=2622x1206
[ios-render] screen=874x402 render=2622x1206
[ios-render] screen=874x402 render=2622x1206
[ios-render] screen=874x402 render=2622x1206
[ios-render] screen=874x402 render=2622x1206
[ios-render] screen=874x402 render=2622x1206
[ios-render] screen=874x402 render=2622x1206
[ios-render] screen=874x402 render=2622x1206
[ios-render] screen=874x402 render=2622x1206
[ios-render] screen=874x402 render=2622x1206
[ios-render] screen=874x402 render=2622x1206
[ios-render] screen=874x402 render=2622x1206
[ios-render] screen=874x402 render=2622x1206
[ios-render] screen=874x402 render=2622x1206
[padscript] press i=0 now=10627ms at=10611ms hold=250ms buttons=0x0008
[ios-render] screen=874x402 render=2622x1206
[ios-render] screen=874x402 render=2622x1206
[ios-render] screen=874x402 render=2622x1206
[ios-render] screen=874x402 render=2622x1206
[ios-render] screen=874x402 render=2622x1206
[ios-render] screen=874x402 render=2622x1206
[ios-render] screen=874x402 render=2622x1206
[ios-render] screen=874x402 render=2622x1206
[ios-render] screen=874x402 render=2622x1206
[ios-render] screen=874x402 render=2622x1206
[ios-render] screen=874x402 render=2622x1206
[ios-render] screen=874x402 render=2622x1206
[ios-render] screen=874x402 render=2622x1206
[ios-render] screen=874x402 render=2622x1206
[ios-render] screen=874x402 render=2622x1206
[ios-render] screen=874x402 render=2622x1206
[ios-render] screen=874x402 render=2622x1206
[ios-render] screen=874x402 render=2622x1206
[ios-render] screen=874x402 render=2622x1206
[padscript] release i=0 now=10877ms
[ios-render] screen=874x402 render=2622x1206
[ios-render] screen=874x402 render=2622x1206
[ios-render] screen=874x402 render=2622x1206
[ios-render] screen=874x402 render=2622x1206
[ios-render] screen=874x402 render=2622x1206
[ios-render] screen=874x402 render=2622x1206
[ios-render] screen=874x402 render=2622x1206
[ios-render] screen=874x402 render=2622x1206
[ios-render] screen=874x402 render=2622x1206
[ios-render] screen=874x402 render=2622x1206
[ios-render] screen=874x402 render=2622x1206
[ios-render] screen=874x402 render=2622x1206
[ios-render] screen=874x402 render=2622x1206
[ios-render] screen=874x402 render=2622x1206
[ios-render] screen=874x402 render=2622x1206
[ios-render] screen=874x402 render=2622x1206
[ios-render] screen=874x402 render=2622x1206
[ios-render] screen=874x402 render=2622x1206
[ios-render] screen=874x402 render=2622x1206
[ios-render] screen=874x402 render=2622x1206
[ios-render] screen=874x402 render=2622x1206
[ios-render] screen=874x402 render=2622x1206
[ios-render] screen=874x402 render=2622x1206
[ios-render] screen=874x402 render=2622x1206
[ios-render] screen=874x402 render=2622x1206
[ios-render] screen=874x402 render=2622x1206
[ios-render] screen=874x402 render=2622x1206
[ios-render] screen=874x402 render=2622x1206
[ios-render] screen=874x402 render=2622x1206
[ios-render] screen=874x402 render=2622x1206
[ios-render] screen=874x402 render=2622x1206
[ios-render] screen=874x402 render=2622x1206
[ios-render] screen=874x402 render=2622x1206
[ios-render] screen=874x402 render=2622x1206
[ios-render] screen=874x402 render=2622x1206
[ios-render] screen=874x402 render=2622x1206
[ios-render] screen=874x402 render=2622x1206
[ios-render] screen=874x402 render=2622x1206
[ios-render] screen=874x402 render=2622x1206
[ios-render] screen=874x402 render=2622x1206
[ios-render] screen=874x402 render=2622x1206
[ios-render] screen=874x402 render=2622x1206
[ios-render] screen=874x402 render=2622x1206
[ios-render] screen=874x402 render=2622x1206
[ios-render] screen=874x402 render=2622x1206
[ios-render] screen=874x402 render=2622x1206
[ios-render] screen=874x402 render=2622x1206
[ios-render] screen=874x402 render=2622x1206
[ios-render] screen=874x402 render=2622x1206
[ios-render] screen=874x402 render=2622x1206
[ios-render] screen=874x402 render=2622x1206
[ios-render] screen=874x402 render=2622x1206
[ios-render] screen=874x402 render=2622x1206
[ios-render] screen=874x402 render=2622x1206
[ios-render] screen=874x402 render=2622x1206
[ios-render] screen=874x402 render=2622x1206
[ios-render] screen=874x402 render=2622x1206
[ios-render] screen=874x402 render=2622x1206
[ios-render] screen=874x402 render=2622x1206
[ios-render] screen=874x402 render=2622x1206
[ios-render] screen=874x402 render=2622x1206
[ios-render] screen=874x402 render=2622x1206
[ios-render] screen=874x402 render=2622x1206
[ios-render] screen=874x402 render=2622x1206
[ios-render] screen=874x402 render=2622x1206
[ios-render] screen=874x402 render=2622x1206
[ios-render] screen=874x402 render=2622x1206
[ios-render] screen=874x402 render=2622x1206
[ios-render] screen=874x402 render=2622x1206
[ios-render] screen=874x402 render=2622x1206
[ios-render] screen=874x402 render=2622x1206
[ios-render] screen=874x402 render=2622x1206
[ios-render] screen=874x402 render=2622x1206
[ios-render] screen=874x402 render=2622x1206
[ios-render] screen=874x402 render=2622x1206
[ios-render] screen=874x402 render=2622x1206
[ios-render] screen=874x402 render=2622x1206
[ios-render] screen=874x402 render=2622x1206
[ios-render] screen=874x402 render=2622x1206
[ios-render] screen=874x402 render=2622x1206
[ios-render] screen=874x402 render=2622x1206
[ios-render] screen=874x402 render=2622x1206
[ios-render] screen=874x402 render=2622x1206
[ios-render] screen=874x402 render=2622x1206
[ios-render] screen=874x402 render=2622x1206
[ios-render] screen=874x402 render=2622x1206
[ios-render] screen=874x402 render=2622x1206
[ios-render] screen=874x402 render=2622x1206
[ios-render] screen=874x402 render=2622x1206
[ios-render] screen=874x402 render=2622x1206
[ios-render] screen=874x402 render=2622x1206
[ios-render] screen=874x402 render=2622x1206
[ios-render] screen=874x402 render=2622x1206
[ios-render] screen=874x402 render=2622x1206
[ios-render] screen=874x402 render=2622x1206
[ios-render] screen=874x402 render=2622x1206
[ios-render] screen=874x402 render=2622x1206
[ios-render] screen=874x402 render=2622x1206
[ios-render] screen=874x402 render=2622x1206
[ios-render] screen=874x402 render=2622x1206
[ios-render] screen=874x402 render=2622x1206
[ios-render] screen=874x402 render=2622x1206
[ios-render] screen=874x402 render=2622x1206
[vsync-rate] tick=746 rate=34.09/s (0.569x of 59.94)
[ios-render] screen=874x402 render=2622x1206
[ios-render] screen=874x402 render=2622x1206
[ios-render] screen=874x402 render=2622x1206
[ios-render] screen=874x402 render=2622x1206
[ios-render] screen=874x402 render=2622x1206
[ios-render] screen=874x402 render=2622x1206
[ios-render] screen=874x402 render=2622x1206
[ios-render] screen=874x402 render=2622x1206
[ios-render] screen=874x402 render=2622x1206
[ios-render] screen=874x402 render=2622x1206
[ios-render] screen=874x402 render=2622x1206
[ios-render] screen=874x402 render=2622x1206
[ios-render] screen=874x402 render=2622x1206
[ios-render] screen=874x402 render=2622x1206
[ios-render] screen=874x402 render=2622x1206
[ios-render] screen=874x402 render=2622x1206
[ios-render] screen=874x402 render=2622x1206
[ios-render] screen=874x402 render=2622x1206
[ios-render] screen=874x402 render=2622x1206
[ios-render] screen=874x402 render=2622x1206
[ios-render] screen=874x402 render=2622x1206
[padscript] press i=1 now=12796ms at=12780ms hold=250ms buttons=0x4000
[ios-render] screen=874x402 render=2622x1206
[ios-render] screen=874x402 render=2622x1206
[ios-render] screen=874x402 render=2622x1206
[ios-render] screen=874x402 render=2622x1206
[ios-render] screen=874x402 render=2622x1206
[ios-render] screen=874x402 render=2622x1206
[ios-render] screen=874x402 render=2622x1206
[ios-render] screen=874x402 render=2622x1206
[ios-render] screen=874x402 render=2622x1206
[ios-render] screen=874x402 render=2622x1206
[ios-render] screen=874x402 render=2622x1206
[ios-render] screen=874x402 render=2622x1206
[ios-render] screen=874x402 render=2622x1206
[ios-render] screen=874x402 render=2622x1206
[ios-render] screen=874x402 render=2622x1206
[ios-render] screen=874x402 render=2622x1206
[padscript] release i=1 now=13046ms
[ios-render] screen=874x402 render=2622x1206
[ios-render] screen=874x402 render=2622x1206
[ios-render] screen=874x402 render=2622x1206
[ios-render] screen=874x402 render=2622x1206
[ios-render] screen=874x402 render=2622x1206
[ios-render] screen=874x402 render=2622x1206
[ios-render] screen=874x402 render=2622x1206
[ios-render] screen=874x402 render=2622x1206
[ios-render] screen=874x402 render=2622x1206
[ios-render] screen=874x402 render=2622x1206
[ios-render] screen=874x402 render=2622x1206
[ios-render] screen=874x402 render=2622x1206
[ios-render] screen=874x402 render=2622x1206
[ios-render] screen=874x402 render=2622x1206
[ios-render] screen=874x402 render=2622x1206
[ios-render] screen=874x402 render=2622x1206
[ios-render] screen=874x402 render=2622x1206
[ios-render] screen=874x402 render=2622x1206
[ios-render] screen=874x402 render=2622x1206
[ios-render] screen=874x402 render=2622x1206
[ios-render] screen=874x402 render=2622x1206
[ios-render] screen=874x402 render=2622x1206
[ios-render] screen=874x402 render=2622x1206
[ios-render] screen=874x402 render=2622x1206
[ios-render] screen=874x402 render=2622x1206
[ios-render] screen=874x402 render=2622x1206
[ios-render] screen=874x402 render=2622x1206
[ios-render] screen=874x402 render=2622x1206
[ios-render] screen=874x402 render=2622x1206
[ios-render] screen=874x402 render=2622x1206
[ios-render] screen=874x402 render=2622x1206
[ios-render] screen=874x402 render=2622x1206
[ios-render] screen=874x402 render=2622x1206
[ios-render] screen=874x402 render=2622x1206
[ios-render] screen=874x402 render=2622x1206
[ios-render] screen=874x402 render=2622x1206
[ios-render] screen=874x402 render=2622x1206
[ios-render] screen=874x402 render=2622x1206
[ios-render] screen=874x402 render=2622x1206
[ios-render] screen=874x402 render=2622x1206
[ios-render] screen=874x402 render=2622x1206
[ios-render] screen=874x402 render=2622x1206
[ios-render] screen=874x402 render=2622x1206
[ios-render] screen=874x402 render=2622x1206
[ios-render] screen=874x402 render=2622x1206
[ios-render] screen=874x402 render=2622x1206
[ios-render] screen=874x402 render=2622x1206
[ios-render] screen=874x402 render=2622x1206
[ios-render] screen=874x402 render=2622x1206
[ios-render] screen=874x402 render=2622x1206
[ios-render] screen=874x402 render=2622x1206
[ios-render] screen=874x402 render=2622x1206
[ios-render] screen=874x402 render=2622x1206
[ios-render] screen=874x402 render=2622x1206
[ios-render] screen=874x402 render=2622x1206
[ios-render] screen=874x402 render=2622x1206
[ios-render] screen=874x402 render=2622x1206
[ios-render] screen=874x402 render=2622x1206
[ios-render] screen=874x402 render=2622x1206
[ios-render] screen=874x402 render=2622x1206
[ios-render] screen=874x402 render=2622x1206
[ios-render] screen=874x402 render=2622x1206
[ios-render] screen=874x402 render=2622x1206
[ios-render] screen=874x402 render=2622x1206
[ios-render] screen=874x402 render=2622x1206
[ios-render] screen=874x402 render=2622x1206
[ios-render] screen=874x402 render=2622x1206
[ios-render] screen=874x402 render=2622x1206
[ios-render] screen=874x402 render=2622x1206
[ios-render] screen=874x402 render=2622x1206
[ios-render] screen=874x402 render=2622x1206
[ios-render] screen=874x402 render=2622x1206
[ios-render] screen=874x402 render=2622x1206
[ios-render] screen=874x402 render=2622x1206
[ios-render] screen=874x402 render=2622x1206
[ios-render] screen=874x402 render=2622x1206
[ios-render] screen=874x402 render=2622x1206
[ios-render] screen=874x402 render=2622x1206
[ios-render] screen=874x402 render=2622x1206
[ios-render] screen=874x402 render=2622x1206
[ios-render] screen=874x402 render=2622x1206
[ios-render] screen=874x402 render=2622x1206
[ios-render] screen=874x402 render=2622x1206
[ios-render] screen=874x402 render=2622x1206
[ios-render] screen=874x402 render=2622x1206
[ios-render] screen=874x402 render=2622x1206
[ios-render] screen=874x402 render=2622x1206
[ios-render] screen=874x402 render=2622x1206
[ios-render] screen=874x402 render=2622x1206
[ios-render] screen=874x402 render=2622x1206
[ios-render] screen=874x402 render=2622x1206
[ios-render] screen=874x402 render=2622x1206
[ios-render] screen=874x402 render=2622x1206
[ios-render] screen=874x402 render=2622x1206
[ios-render] screen=874x402 render=2622x1206
[ios-render] screen=874x402 render=2622x1206
[ios-render] screen=874x402 render=2622x1206
[ios-render] screen=874x402 render=2622x1206
[ios-render] screen=874x402 render=2622x1206
[ios-render] screen=874x402 render=2622x1206
[ios-render] screen=874x402 render=2622x1206
[ios-render] screen=874x402 render=2622x1206
[ios-render] screen=874x402 render=2622x1206
[ios-render] screen=874x402 render=2622x1206
[ios-render] screen=874x402 render=2622x1206
[ios-render] screen=874x402 render=2622x1206
[ios-render] screen=874x402 render=2622x1206
[ios-render] screen=874x402 render=2622x1206
[ios-render] screen=874x402 render=2622x1206
[ios-render] screen=874x402 render=2622x1206
[ios-render] screen=874x402 render=2622x1206
[ios-render] screen=874x402 render=2622x1206
[ios-render] screen=874x402 render=2622x1206
[ios-render] screen=874x402 render=2622x1206
[ios-render] screen=874x402 render=2622x1206
[ios-render] screen=874x402 render=2622x1206
[ios-render] screen=874x402 render=2622x1206
[ios-render] screen=874x402 render=2622x1206
[ios-render] screen=874x402 render=2622x1206
[ios-render] screen=874x402 render=2622x1206
[ios-render] screen=874x402 render=2622x1206
[ios-render] screen=874x402 render=2622x1206
[ios-render] screen=874x402 render=2622x1206
[ios-render] screen=874x402 render=2622x1206
[ios-render] screen=874x402 render=2622x1206
[ios-render] screen=874x402 render=2622x1206
[ios-render] screen=874x402 render=2622x1206
[ios-render] screen=874x402 render=2622x1206
[ios-render] screen=874x402 render=2622x1206
[ios-render] screen=874x402 render=2622x1206
[ios-render] screen=874x402 render=2622x1206
[ios-render] screen=874x402 render=2622x1206
[ios-render] screen=874x402 render=2622x1206
[ios-render] screen=874x402 render=2622x1206
[ios-render] screen=874x402 render=2622x1206
[ios-render] screen=874x402 render=2622x1206
[ios-render] screen=874x402 render=2622x1206
[ios-render] screen=874x402 render=2622x1206
[ios-render] screen=874x402 render=2622x1206
[ios-render] screen=874x402 render=2622x1206
[ios-render] screen=874x402 render=2622x1206
[ios-render] screen=874x402 render=2622x1206
[ios-render] screen=874x402 render=2622x1206
[ios-render] screen=874x402 render=2622x1206
[ios-render] screen=874x402 render=2622x1206
[ios-render] screen=874x402 render=2622x1206
[ios-render] screen=874x402 render=2622x1206
[ios-render] screen=874x402 render=2622x1206
[ios-render] screen=874x402 render=2622x1206
[ios-render] screen=874x402 render=2622x1206
[ios-render] screen=874x402 render=2622x1206
[ios-render] screen=874x402 render=2622x1206
[ios-render] screen=874x402 render=2622x1206
[ios-render] screen=874x402 render=2622x1206
[ios-render] screen=874x402 render=2622x1206
[ios-render] screen=874x402 render=2622x1206
[vsync-rate] tick=868 rate=24.39/s (0.407x of 59.94)
[ios-render] screen=874x402 render=2622x1206
[ios-render] screen=874x402 render=2622x1206
[ios-render] screen=874x402 render=2622x1206
[ios-render] screen=874x402 render=2622x1206
[ios-render] screen=874x402 render=2622x1206
[ios-render] screen=874x402 render=2622x1206
[ios-render] screen=874x402 render=2622x1206
[ios-render] screen=874x402 render=2622x1206
[ios-render] screen=874x402 render=2622x1206
[ios-render] screen=874x402 render=2622x1206
[ios-render] screen=874x402 render=2622x1206
[ios-render] screen=874x402 render=2622x1206
[ios-render] screen=874x402 render=2622x1206
[ios-render] screen=874x402 render=2622x1206
[ios-render] screen=874x402 render=2622x1206
[ios-render] screen=874x402 render=2622x1206
[ios-render] screen=874x402 render=2622x1206
[ios-render] screen=874x402 render=2622x1206
[ios-render] screen=874x402 render=2622x1206
[ios-render] screen=874x402 render=2622x1206
[ios-render] screen=874x402 render=2622x1206
[ios-render] screen=874x402 render=2622x1206
[ios-render] screen=874x402 render=2622x1206
[ios-render] screen=874x402 render=2622x1206
[ios-render] screen=874x402 render=2622x1206
[ios-render] screen=874x402 render=2622x1206
[ios-render] screen=874x402 render=2622x1206
[ios-render] screen=874x402 render=2622x1206
[ios-render] screen=874x402 render=2622x1206
[ios-render] screen=874x402 render=2622x1206
[ios-render] screen=874x402 render=2622x1206
[ios-render] screen=874x402 render=2622x1206
[ios-render] screen=874x402 render=2622x1206
[ios-render] screen=874x402 render=2622x1206
[ios-render] screen=874x402 render=2622x1206
[ios-render] screen=874x402 render=2622x1206
[ios-render] screen=874x402 render=2622x1206
[ios-render] screen=874x402 render=2622x1206
[ios-render] screen=874x402 render=2622x1206
[ios-render] screen=874x402 render=2622x1206
[ios-render] screen=874x402 render=2622x1206
[padscript] press i=2 now=14764ms at=14749ms hold=250ms buttons=0x4000
[ios-render] screen=874x402 render=2622x1206
[ios-render] screen=874x402 render=2622x1206
[ios-render] screen=874x402 render=2622x1206
[ios-render] screen=874x402 render=2622x1206
[ios-render] screen=874x402 render=2622x1206
[ios-render] screen=874x402 render=2622x1206
[ios-render] screen=874x402 render=2622x1206
[ios-render] screen=874x402 render=2622x1206
[ios-render] screen=874x402 render=2622x1206
[ios-render] screen=874x402 render=2622x1206
[ios-render] screen=874x402 render=2622x1206
[ios-render] screen=874x402 render=2622x1206
[ios-render] screen=874x402 render=2622x1206
[ios-render] screen=874x402 render=2622x1206
[ios-render] screen=874x402 render=2622x1206
[ios-render] screen=874x402 render=2622x1206
[ios-render] screen=874x402 render=2622x1206
[ios-render] screen=874x402 render=2622x1206
[ios-render] screen=874x402 render=2622x1206
[ios-render] screen=874x402 render=2622x1206
[ios-render] screen=874x402 render=2622x1206
[padscript] release i=2 now=15015ms
[ios-render] screen=874x402 render=2622x1206
[ios-render] screen=874x402 render=2622x1206
[ios-render] screen=874x402 render=2622x1206
[ios-render] screen=874x402 render=2622x1206
[ios-render] screen=874x402 render=2622x1206
[ios-render] screen=874x402 render=2622x1206
[ios-render] screen=874x402 render=2622x1206
[ios-render] screen=874x402 render=2622x1206
[ios-render] screen=874x402 render=2622x1206
[ios-render] screen=874x402 render=2622x1206
[ios-render] screen=874x402 render=2622x1206
[ios-render] screen=874x402 render=2622x1206
[ios-render] screen=874x402 render=2622x1206
[ios-render] screen=874x402 render=2622x1206
[ios-render] screen=874x402 render=2622x1206
[ios-render] screen=874x402 render=2622x1206
[ios-render] screen=874x402 render=2622x1206
[ios-render] screen=874x402 render=2622x1206
[ios-render] screen=874x402 render=2622x1206
[ios-render] screen=874x402 render=2622x1206
[ios-render] screen=874x402 render=2622x1206
[ios-render] screen=874x402 render=2622x1206
[ios-render] screen=874x402 render=2622x1206
[ios-render] screen=874x402 render=2622x1206
[ios-render] screen=874x402 render=2622x1206
[ios-render] screen=874x402 render=2622x1206
[ios-render] screen=874x402 render=2622x1206
[ios-render] screen=874x402 render=2622x1206
[ios-render] screen=874x402 render=2622x1206
[ios-render] screen=874x402 render=2622x1206
[ios-render] screen=874x402 render=2622x1206
[ios-render] screen=874x402 render=2622x1206
[ios-render] screen=874x402 render=2622x1206
[ios-render] screen=874x402 render=2622x1206
[ios-render] screen=874x402 render=2622x1206
[ios-render] screen=874x402 render=2622x1206
[ios-render] screen=874x402 render=2622x1206
[ios-render] screen=874x402 render=2622x1206
[ios-render] screen=874x402 render=2622x1206
[ios-render] screen=874x402 render=2622x1206
[ios-render] screen=874x402 render=2622x1206
[ios-render] screen=874x402 render=2622x1206
[ios-render] screen=874x402 render=2622x1206
[ios-render] screen=874x402 render=2622x1206
[ios-render] screen=874x402 render=2622x1206
[ios-render] screen=874x402 render=2622x1206
[ios-render] screen=874x402 render=2622x1206
[ios-render] screen=874x402 render=2622x1206
[ios-render] screen=874x402 render=2622x1206
[ios-render] screen=874x402 render=2622x1206
[ios-render] screen=874x402 render=2622x1206
[ios-render] screen=874x402 render=2622x1206
[ios-render] screen=874x402 render=2622x1206
[ios-render] screen=874x402 render=2622x1206
[ios-render] screen=874x402 render=2622x1206
[ios-render] screen=874x402 render=2622x1206
[ios-render] screen=874x402 render=2622x1206
[ios-render] screen=874x402 render=2622x1206
[ios-render] screen=874x402 render=2622x1206
[ios-render] screen=874x402 render=2622x1206
[ios-render] screen=874x402 render=2622x1206
[ios-render] screen=874x402 render=2622x1206
[ios-render] screen=874x402 render=2622x1206
[ios-render] screen=874x402 render=2622x1206
[ios-render] screen=874x402 render=2622x1206
[ios-render] screen=874x402 render=2622x1206
[ios-render] screen=874x402 render=2622x1206
[ios-render] screen=874x402 render=2622x1206
[ios-render] screen=874x402 render=2622x1206
[ios-render] screen=874x402 render=2622x1206
[ios-render] screen=874x402 render=2622x1206
[ios-render] screen=874x402 render=2622x1206
[ios-render] screen=874x402 render=2622x1206
[ios-render] screen=874x402 render=2622x1206
[ios-render] screen=874x402 render=2622x1206
[ios-render] screen=874x402 render=2622x1206
[ios-render] screen=874x402 render=2622x1206
[ios-render] screen=874x402 render=2622x1206
[ios-render] screen=874x402 render=2622x1206
[ios-render] screen=874x402 render=2622x1206
[ios-render] screen=874x402 render=2622x1206
[ios-render] screen=874x402 render=2622x1206
[ios-render] screen=874x402 render=2622x1206
[ios-render] screen=874x402 render=2622x1206
[ios-render] screen=874x402 render=2622x1206
[ios-render] screen=874x402 render=2622x1206
[ios-render] screen=874x402 render=2622x1206
[ios-render] screen=874x402 render=2622x1206
[ios-render] screen=874x402 render=2622x1206
[ios-render] screen=874x402 render=2622x1206
[ios-render] screen=874x402 render=2622x1206
[ios-render] screen=874x402 render=2622x1206
[ios-render] screen=874x402 render=2622x1206
[ios-render] screen=874x402 render=2622x1206
[ios-render] screen=874x402 render=2622x1206
[ios-render] screen=874x402 render=2622x1206
[ios-render] screen=874x402 render=2622x1206
[ios-render] screen=874x402 render=2622x1206
[ios-render] screen=874x402 render=2622x1206
[ios-render] screen=874x402 render=2622x1206
[ios-render] screen=874x402 render=2622x1206
[ios-render] screen=874x402 render=2622x1206
[ios-render] screen=874x402 render=2622x1206
[ios-render] screen=874x402 render=2622x1206
[ios-render] screen=874x402 render=2622x1206
[ios-render] screen=874x402 render=2622x1206
[ios-render] screen=874x402 render=2622x1206
[ios-render] screen=874x402 render=2622x1206
[ios-render] screen=874x402 render=2622x1206
[ios-render] screen=874x402 render=2622x1206
[ios-render] screen=874x402 render=2622x1206
[ios-render] screen=874x402 render=2622x1206
[ios-render] screen=874x402 render=2622x1206
[ios-render] screen=874x402 render=2622x1206
[ios-render] screen=874x402 render=2622x1206
[ios-render] screen=874x402 render=2622x1206
[ios-render] screen=874x402 render=2622x1206
[ios-render] screen=874x402 render=2622x1206
[ios-render] screen=874x402 render=2622x1206
[ios-render] screen=874x402 render=2622x1206
[ios-render] screen=874x402 render=2622x1206
[ios-render] screen=874x402 render=2622x1206
[ios-render] screen=874x402 render=2622x1206
[ios-render] screen=874x402 render=2622x1206
[ios-render] screen=874x402 render=2622x1206
[ios-render] screen=874x402 render=2622x1206
[ios-render] screen=874x402 render=2622x1206
[ios-render] screen=874x402 render=2622x1206
[ios-render] screen=874x402 render=2622x1206
[ios-render] screen=874x402 render=2622x1206
[ios-render] screen=874x402 render=2622x1206
[ios-render] screen=874x402 render=2622x1206
[ios-render] screen=874x402 render=2622x1206
[ios-render] screen=874x402 render=2622x1206
[ios-render] screen=874x402 render=2622x1206
[ios-render] screen=874x402 render=2622x1206
[ios-render] screen=874x402 render=2622x1206
[ios-render] screen=874x402 render=2622x1206
[ios-render] screen=874x402 render=2622x1206
[ios-render] screen=874x402 render=2622x1206
[vsync-rate] tick=980 rate=22.37/s (0.373x of 59.94)
[ios-render] screen=874x402 render=2622x1206
[ios-render] screen=874x402 render=2622x1206
[ios-render] screen=874x402 render=2622x1206
[ios-render] screen=874x402 render=2622x1206
[ios-render] screen=874x402 render=2622x1206
[ios-render] screen=874x402 render=2622x1206
[ios-render] screen=874x402 render=2622x1206
[ios-render] screen=874x402 render=2622x1206
[ios-render] screen=874x402 render=2622x1206
[ios-render] screen=874x402 render=2622x1206
[ios-render] screen=874x402 render=2622x1206
[ios-render] screen=874x402 render=2622x1206
[ios-render] screen=874x402 render=2622x1206
[ios-render] screen=874x402 render=2622x1206
[ios-render] screen=874x402 render=2622x1206
[ios-render] screen=874x402 render=2622x1206
[ios-render] screen=874x402 render=2622x1206
[ios-render] screen=874x402 render=2622x1206
[ios-render] screen=874x402 render=2622x1206
[ios-render] screen=874x402 render=2622x1206
[ios-render] screen=874x402 render=2622x1206
[ios-render] screen=874x402 render=2622x1206
[ios-render] screen=874x402 render=2622x1206
[ios-render] screen=874x402 render=2622x1206
[ios-render] screen=874x402 render=2622x1206
[ios-render] screen=874x402 render=2622x1206
[ios-render] screen=874x402 render=2622x1206
[padscript] press i=3 now=16583ms at=16567ms hold=250ms buttons=0x4000
[ios-render] screen=874x402 render=2622x1206
[ios-render] screen=874x402 render=2622x1206
[ios-render] screen=874x402 render=2622x1206
[ios-render] screen=874x402 render=2622x1206
[ios-render] screen=874x402 render=2622x1206
[ios-render] screen=874x402 render=2622x1206
[ios-render] screen=874x402 render=2622x1206
[ios-render] screen=874x402 render=2622x1206
[ios-render] screen=874x402 render=2622x1206
[ios-render] screen=874x402 render=2622x1206
[ios-render] screen=874x402 render=2622x1206
[ios-render] screen=874x402 render=2622x1206
[ios-render] screen=874x402 render=2622x1206
[ios-render] screen=874x402 render=2622x1206
[padscript] release i=3 now=16833ms
[ios-render] screen=874x402 render=2622x1206
[ios-render] screen=874x402 render=2622x1206
[ios-render] screen=874x402 render=2622x1206
[ios-render] screen=874x402 render=2622x1206
[ios-render] screen=874x402 render=2622x1206
[ios-render] screen=874x402 render=2622x1206
[ios-render] screen=874x402 render=2622x1206
[ios-render] screen=874x402 render=2622x1206
[ios-render] screen=874x402 render=2622x1206
[ios-render] screen=874x402 render=2622x1206
[ios-render] screen=874x402 render=2622x1206
[ios-render] screen=874x402 render=2622x1206
[ios-render] screen=874x402 render=2622x1206
[ios-render] screen=874x402 render=2622x1206
[ios-render] screen=874x402 render=2622x1206
[ios-render] screen=874x402 render=2622x1206
[ios-render] screen=874x402 render=2622x1206
[ios-render] screen=874x402 render=2622x1206
[ios-render] screen=874x402 render=2622x1206
[ios-render] screen=874x402 render=2622x1206
[ios-render] screen=874x402 render=2622x1206
[ios-render] screen=874x402 render=2622x1206
[ios-render] screen=874x402 render=2622x1206
[ios-render] screen=874x402 render=2622x1206
[ios-render] screen=874x402 render=2622x1206
[ios-render] screen=874x402 render=2622x1206
[ios-render] screen=874x402 render=2622x1206
[ios-render] screen=874x402 render=2622x1206
[ios-render] screen=874x402 render=2622x1206
[ios-render] screen=874x402 render=2622x1206
[ios-render] screen=874x402 render=2622x1206
[ios-render] screen=874x402 render=2622x1206
[ios-render] screen=874x402 render=2622x1206
[ios-render] screen=874x402 render=2622x1206
[ios-render] screen=874x402 render=2622x1206
[ios-render] screen=874x402 render=2622x1206
[ios-render] screen=874x402 render=2622x1206
[ios-render] screen=874x402 render=2622x1206
[ios-render] screen=874x402 render=2622x1206
[ios-render] screen=874x402 render=2622x1206
[ios-render] screen=874x402 render=2622x1206
[ios-render] screen=874x402 render=2622x1206
[ios-render] screen=874x402 render=2622x1206
[ios-render] screen=874x402 render=2622x1206
[ios-render] screen=874x402 render=2622x1206
[ios-render] screen=874x402 render=2622x1206
[ios-render] screen=874x402 render=2622x1206
[ios-render] screen=874x402 render=2622x1206
[ios-render] screen=874x402 render=2622x1206
[ios-render] screen=874x402 render=2622x1206
[ios-render] screen=874x402 render=2622x1206
[ios-render] screen=874x402 render=2622x1206
[ios-render] screen=874x402 render=2622x1206
[ios-render] screen=874x402 render=2622x1206
[ios-render] screen=874x402 render=2622x1206
[ios-render] screen=874x402 render=2622x1206
[ios-render] screen=874x402 render=2622x1206
[ios-render] screen=874x402 render=2622x1206
[ios-render] screen=874x402 render=2622x1206
[ios-render] screen=874x402 render=2622x1206
[ios-render] screen=874x402 render=2622x1206
[ios-render] screen=874x402 render=2622x1206
[ios-render] screen=874x402 render=2622x1206
[ios-render] screen=874x402 render=2622x1206
[ios-render] screen=874x402 render=2622x1206
[ios-render] screen=874x402 render=2622x1206
[ios-render] screen=874x402 render=2622x1206
[ios-render] screen=874x402 render=2622x1206
[ios-render] screen=874x402 render=2622x1206
[ios-render] screen=874x402 render=2622x1206
[ios-render] screen=874x402 render=2622x1206
[ios-render] screen=874x402 render=2622x1206
[ios-render] screen=874x402 render=2622x1206
[ios-render] screen=874x402 render=2622x1206
[ios-render] screen=874x402 render=2622x1206
[ios-render] screen=874x402 render=2622x1206
[ios-render] screen=874x402 render=2622x1206
[ios-render] screen=874x402 render=2622x1206
[ios-render] screen=874x402 render=2622x1206
[ios-render] screen=874x402 render=2622x1206
[ios-render] screen=874x402 render=2622x1206
[ios-render] screen=874x402 render=2622x1206
[ios-render] screen=874x402 render=2622x1206
[ios-render] screen=874x402 render=2622x1206
[ios-render] screen=874x402 render=2622x1206
[ios-render] screen=874x402 render=2622x1206
[ios-render] screen=874x402 render=2622x1206
[ios-render] screen=874x402 render=2622x1206
[ios-render] screen=874x402 render=2622x1206
[ios-render] screen=874x402 render=2622x1206
[ios-render] screen=874x402 render=2622x1206
[ios-render] screen=874x402 render=2622x1206
[ios-render] screen=874x402 render=2622x1206
[ios-render] screen=874x402 render=2622x1206
[ios-render] screen=874x402 render=2622x1206
[ios-render] screen=874x402 render=2622x1206
[ios-render] screen=874x402 render=2622x1206
[ios-render] screen=874x402 render=2622x1206
[ios-render] screen=874x402 render=2622x1206
[ios-render] screen=874x402 render=2622x1206
[ios-render] screen=874x402 render=2622x1206
[ios-render] screen=874x402 render=2622x1206
[ios-render] screen=874x402 render=2622x1206
[ios-render] screen=874x402 render=2622x1206
[ios-render] screen=874x402 render=2622x1206
[ios-render] screen=874x402 render=2622x1206
[ios-render] screen=874x402 render=2622x1206
[ios-render] screen=874x402 render=2622x1206
[ios-render] screen=874x402 render=2622x1206
[ios-render] screen=874x402 render=2622x1206
[ios-render] screen=874x402 render=2622x1206
[ios-render] screen=874x402 render=2622x1206
[ios-render] screen=874x402 render=2622x1206
[ios-render] screen=874x402 render=2622x1206
[padscript] press i=4 now=18351ms at=18336ms hold=250ms buttons=0x4000
[ios-render] screen=874x402 render=2622x1206
[ios-render] screen=874x402 render=2622x1206
[ios-render] screen=874x402 render=2622x1206
[ios-render] screen=874x402 render=2622x1206
[ios-render] screen=874x402 render=2622x1206
[ios-render] screen=874x402 render=2622x1206
[ios-render] screen=874x402 render=2622x1206
[ios-render] screen=874x402 render=2622x1206
[ios-render] screen=874x402 render=2622x1206
[ios-render] screen=874x402 render=2622x1206
[ios-render] screen=874x402 render=2622x1206
[ios-render] screen=874x402 render=2622x1206
[ios-render] screen=874x402 render=2622x1206
[ios-render] screen=874x402 render=2622x1206
[ios-render] screen=874x402 render=2622x1206
[ios-render] screen=874x402 render=2622x1206
[padscript] release i=4 now=18601ms
[ios-render] screen=874x402 render=2622x1206
[ios-render] screen=874x402 render=2622x1206
[ios-render] screen=874x402 render=2622x1206
[ios-render] screen=874x402 render=2622x1206
[ios-render] screen=874x402 render=2622x1206
[ios-render] screen=874x402 render=2622x1206
[ios-render] screen=874x402 render=2622x1206
[ios-render] screen=874x402 render=2622x1206
[ios-render] screen=874x402 render=2622x1206
[ios-render] screen=874x402 render=2622x1206
[ios-render] screen=874x402 render=2622x1206
[ios-render] screen=874x402 render=2622x1206
[ios-render] screen=874x402 render=2622x1206
[ios-render] screen=874x402 render=2622x1206
[ios-render] screen=874x402 render=2622x1206
[ios-render] screen=874x402 render=2622x1206
[ios-render] screen=874x402 render=2622x1206
[ios-render] screen=874x402 render=2622x1206
[ios-render] screen=874x402 render=2622x1206
[ios-render] screen=874x402 render=2622x1206
[ios-render] screen=874x402 render=2622x1206
[ios-render] screen=874x402 render=2622x1206
[ios-render] screen=874x402 render=2622x1206
[ios-render] screen=874x402 render=2622x1206
[ios-render] screen=874x402 render=2622x1206
[ios-render] screen=874x402 render=2622x1206
[ios-render] screen=874x402 render=2622x1206
[ios-render] screen=874x402 render=2622x1206
[vsync-rate] tick=1137 rate=31.26/s (0.522x of 59.94)
[ios-render] screen=874x402 render=2622x1206
[ios-render] screen=874x402 render=2622x1206
[ios-render] screen=874x402 render=2622x1206
[ios-render] screen=874x402 render=2622x1206
[ios-render] screen=874x402 render=2622x1206
[ios-render] screen=874x402 render=2622x1206
[ios-render] screen=874x402 render=2622x1206
[ios-render] screen=874x402 render=2622x1206
[ios-render] screen=874x402 render=2622x1206
[ios-render] screen=874x402 render=2622x1206
[ios-render] screen=874x402 render=2622x1206
[ios-render] screen=874x402 render=2622x1206
[ios-render] screen=874x402 render=2622x1206
[ios-render] screen=874x402 render=2622x1206
[ios-render] screen=874x402 render=2622x1206
[ios-render] screen=874x402 render=2622x1206
[ios-render] screen=874x402 render=2622x1206
[ios-render] screen=874x402 render=2622x1206
[ios-render] screen=874x402 render=2622x1206
[ios-render] screen=874x402 render=2622x1206
[ios-render] screen=874x402 render=2622x1206
[ios-render] screen=874x402 render=2622x1206
[ios-render] screen=874x402 render=2622x1206
[ios-render] screen=874x402 render=2622x1206
[ios-render] screen=874x402 render=2622x1206
[ios-render] screen=874x402 render=2622x1206
[ios-render] screen=874x402 render=2622x1206
[ios-render] screen=874x402 render=2622x1206
[ios-render] screen=874x402 render=2622x1206
[ios-render] screen=874x402 render=2622x1206
[ios-render] screen=874x402 render=2622x1206
[ios-render] screen=874x402 render=2622x1206
[ios-render] screen=874x402 render=2622x1206
[ios-render] screen=874x402 render=2622x1206
[ios-render] screen=874x402 render=2622x1206
[ios-render] screen=874x402 render=2622x1206
[ios-render] screen=874x402 render=2622x1206
[ios-render] screen=874x402 render=2622x1206
[ios-render] screen=874x402 render=2622x1206
[ios-render] screen=874x402 render=2622x1206
[ios-render] screen=874x402 render=2622x1206
[ios-render] screen=874x402 render=2622x1206
[ios-render] screen=874x402 render=2622x1206
[ios-render] screen=874x402 render=2622x1206
[ios-render] screen=874x402 render=2622x1206
[ios-render] screen=874x402 render=2622x1206
[ios-render] screen=874x402 render=2622x1206
[ios-render] screen=874x402 render=2622x1206
[ios-render] screen=874x402 render=2622x1206
[ios-render] screen=874x402 render=2622x1206
[ios-render] screen=874x402 render=2622x1206
[ios-render] screen=874x402 render=2622x1206
[ios-render] screen=874x402 render=2622x1206
[ios-render] screen=874x402 render=2622x1206
[padscript] press i=5 now=19786ms at=19770ms hold=250ms buttons=0x4000
[ios-render] screen=874x402 render=2622x1206
[ios-render] screen=874x402 render=2622x1206
[ios-render] screen=874x402 render=2622x1206
[ios-render] screen=874x402 render=2622x1206
[ios-render] screen=874x402 render=2622x1206
[ios-render] screen=874x402 render=2622x1206
[ios-render] screen=874x402 render=2622x1206
[ios-render] screen=874x402 render=2622x1206
[ios-render] screen=874x402 render=2622x1206
[ios-render] screen=874x402 render=2622x1206
[ios-render] screen=874x402 render=2622x1206
[ios-render] screen=874x402 render=2622x1206
[ios-render] screen=874x402 render=2622x1206
[ios-render] screen=874x402 render=2622x1206
[ios-render] screen=874x402 render=2622x1206
[padscript] release i=5 now=20020ms
[ios-render] screen=874x402 render=2622x1206
[ios-render] screen=874x402 render=2622x1206
[ios-render] screen=874x402 render=2622x1206
[ios-render] screen=874x402 render=2622x1206
[ios-render] screen=874x402 render=2622x1206
[ios-render] screen=874x402 render=2622x1206
[ios-render] screen=874x402 render=2622x1206
[ios-render] screen=874x402 render=2622x1206
[ios-render] screen=874x402 render=2622x1206
[ios-render] screen=874x402 render=2622x1206
[ios-render] screen=874x402 render=2622x1206
[ios-render] screen=874x402 render=2622x1206
[ios-render] screen=874x402 render=2622x1206
[ios-render] screen=874x402 render=2622x1206
[ios-render] screen=874x402 render=2622x1206
[ios-render] screen=874x402 render=2622x1206
[ios-render] screen=874x402 render=2622x1206
[ios-render] screen=874x402 render=2622x1206
[ios-render] screen=874x402 render=2622x1206
[ios-render] screen=874x402 render=2622x1206
[ios-render] screen=874x402 render=2622x1206
[ios-render] screen=874x402 render=2622x1206
[ios-render] screen=874x402 render=2622x1206
[ios-render] screen=874x402 render=2622x1206
[ios-render] screen=874x402 render=2622x1206
[ios-render] screen=874x402 render=2622x1206
[ios-render] screen=874x402 render=2622x1206
[ios-render] screen=874x402 render=2622x1206
[ios-render] screen=874x402 render=2622x1206
[ios-render] screen=874x402 render=2622x1206
[ios-render] screen=874x402 render=2622x1206
[ios-render] screen=874x402 render=2622x1206
[ios-render] screen=874x402 render=2622x1206
[ios-render] screen=874x402 render=2622x1206
[ios-render] screen=874x402 render=2622x1206
[ios-render] screen=874x402 render=2622x1206
[ios-render] screen=874x402 render=2622x1206
[ios-render] screen=874x402 render=2622x1206
[ios-render] screen=874x402 render=2622x1206
[ios-render] screen=874x402 render=2622x1206
[ios-render] screen=874x402 render=2622x1206
[ios-render] screen=874x402 render=2622x1206
[ios-render] screen=874x402 render=2622x1206
[ios-render] screen=874x402 render=2622x1206
[ios-render] screen=874x402 render=2622x1206
[ios-render] screen=874x402 render=2622x1206
[ios-render] screen=874x402 render=2622x1206
[ios-render] screen=874x402 render=2622x1206
[ios-render] screen=874x402 render=2622x1206
[ios-render] screen=874x402 render=2622x1206
[ios-render] screen=874x402 render=2622x1206
[ios-render] screen=874x402 render=2622x1206
[ios-render] screen=874x402 render=2622x1206
[ios-render] screen=874x402 render=2622x1206
[ios-render] screen=874x402 render=2622x1206
[ios-render] screen=874x402 render=2622x1206
[ios-render] screen=874x402 render=2622x1206
[ios-render] screen=874x402 render=2622x1206
[ios-render] screen=874x402 render=2622x1206
[ios-render] screen=874x402 render=2622x1206
[ios-render] screen=874x402 render=2622x1206
[ios-render] screen=874x402 render=2622x1206
[ios-render] screen=874x402 render=2622x1206
[ios-render] screen=874x402 render=2622x1206
[ios-render] screen=874x402 render=2622x1206
[ios-render] screen=874x402 render=2622x1206
[ios-render] screen=874x402 render=2622x1206
[ios-render] screen=874x402 render=2622x1206
[ios-render] screen=874x402 render=2622x1206
[ios-render] screen=874x402 render=2622x1206
[ios-render] screen=874x402 render=2622x1206
[ios-render] screen=874x402 render=2622x1206
[ios-render] screen=874x402 render=2622x1206
[ios-render] screen=874x402 render=2622x1206
[ios-render] screen=874x402 render=2622x1206
[ios-render] screen=874x402 render=2622x1206
[ios-render] screen=874x402 render=2622x1206
[padscript] press i=6 now=21221ms at=21205ms hold=150ms buttons=0x0040
[ios-render] screen=874x402 render=2622x1206
[ios-render] screen=874x402 render=2622x1206
[ios-render] screen=874x402 render=2622x1206
[ios-render] screen=874x402 render=2622x1206
[ios-render] screen=874x402 render=2622x1206
[ios-render] screen=874x402 render=2622x1206
[ios-render] screen=874x402 render=2622x1206
[ios-render] screen=874x402 render=2622x1206
[ios-render] screen=874x402 render=2622x1206
[padscript] release i=6 now=21371ms
[ios-render] screen=874x402 render=2622x1206
[ios-render] screen=874x402 render=2622x1206
[ios-render] screen=874x402 render=2622x1206
[ios-render] screen=874x402 render=2622x1206
[ios-render] screen=874x402 render=2622x1206
[ios-render] screen=874x402 render=2622x1206
[ios-render] screen=874x402 render=2622x1206
[ios-render] screen=874x402 render=2622x1206
[ios-render] screen=874x402 render=2622x1206
[ios-render] screen=874x402 render=2622x1206
[ios-render] screen=874x402 render=2622x1206
[ios-render] screen=874x402 render=2622x1206
[ios-render] screen=874x402 render=2622x1206
[ios-render] screen=874x402 render=2622x1206
[ios-render] screen=874x402 render=2622x1206
[ios-render] screen=874x402 render=2622x1206
[ios-render] screen=874x402 render=2622x1206
[ios-render] screen=874x402 render=2622x1206
[ios-render] screen=874x402 render=2622x1206
[ios-render] screen=874x402 render=2622x1206
[ios-render] screen=874x402 render=2622x1206
[vsync-rate] tick=1302 rate=32.98/s (0.550x of 59.94)
[padscript] press i=7 now=21721ms at=21706ms hold=150ms buttons=0x0040
[ios-render] screen=874x402 render=2622x1206
[ios-render] screen=874x402 render=2622x1206
[ios-render] screen=874x402 render=2622x1206
[ios-render] screen=874x402 render=2622x1206
[ios-render] screen=874x402 render=2622x1206
[ios-render] screen=874x402 render=2622x1206
[ios-render] screen=874x402 render=2622x1206
[ios-render] screen=874x402 render=2622x1206
[ios-render] screen=874x402 render=2622x1206
[padscript] release i=7 now=21871ms
[ios-render] screen=874x402 render=2622x1206
[ios-render] screen=874x402 render=2622x1206
[ios-render] screen=874x402 render=2622x1206
[ios-render] screen=874x402 render=2622x1206
[ios-render] screen=874x402 render=2622x1206
[ios-render] screen=874x402 render=2622x1206
[ios-render] screen=874x402 render=2622x1206
[ios-render] screen=874x402 render=2622x1206
[ios-render] screen=874x402 render=2622x1206
[ios-render] screen=874x402 render=2622x1206
[ios-render] screen=874x402 render=2622x1206
[ios-render] screen=874x402 render=2622x1206
[ios-render] screen=874x402 render=2622x1206
[ios-render] screen=874x402 render=2622x1206
[ios-render] screen=874x402 render=2622x1206
[ios-render] screen=874x402 render=2622x1206
[ios-render] screen=874x402 render=2622x1206
[ios-render] screen=874x402 render=2622x1206
[ios-render] screen=874x402 render=2622x1206
[ios-render] screen=874x402 render=2622x1206
[ios-render] screen=874x402 render=2622x1206
[ios-render] screen=874x402 render=2622x1206
[ios-render] screen=874x402 render=2622x1206
[ios-render] screen=874x402 render=2622x1206
[ios-render] screen=874x402 render=2622x1206
[ios-render] screen=874x402 render=2622x1206
[ios-render] screen=874x402 render=2622x1206
[padscript] press i=8 now=22322ms at=22306ms hold=250ms buttons=0x4000
[ios-render] screen=874x402 render=2622x1206
[ios-render] screen=874x402 render=2622x1206
[ios-render] screen=874x402 render=2622x1206
[ios-render] screen=874x402 render=2622x1206
[ios-render] screen=874x402 render=2622x1206
[ios-render] screen=874x402 render=2622x1206
[ios-render] screen=874x402 render=2622x1206
[ios-render] screen=874x402 render=2622x1206
[ios-render] screen=874x402 render=2622x1206
[ios-render] screen=874x402 render=2622x1206
[ios-render] screen=874x402 render=2622x1206
[ios-render] screen=874x402 render=2622x1206
[ios-render] screen=874x402 render=2622x1206
[ios-render] screen=874x402 render=2622x1206
[ios-render] screen=874x402 render=2622x1206
[ios-render] screen=874x402 render=2622x1206
[padscript] release i=8 now=22572ms
[ios-render] screen=874x402 render=2622x1206
[ios-render] screen=874x402 render=2622x1206
[ios-render] screen=874x402 render=2622x1206
[ios-render] screen=874x402 render=2622x1206
[ios-render] screen=874x402 render=2622x1206
[ios-render] screen=874x402 render=2622x1206
[ios-render] screen=874x402 render=2622x1206
[ios-render] screen=874x402 render=2622x1206
[ios-render] screen=874x402 render=2622x1206
[ios-render] screen=874x402 render=2622x1206
[ios-render] screen=874x402 render=2622x1206
[ios-render] screen=874x402 render=2622x1206
[ios-render] screen=874x402 render=2622x1206
[ios-render] screen=874x402 render=2622x1206
[ios-render] screen=874x402 render=2622x1206
[ios-render] screen=874x402 render=2622x1206
[ios-render] screen=874x402 render=2622x1206
[ios-render] screen=874x402 render=2622x1206
[ios-render] screen=874x402 render=2622x1206
[ios-render] screen=874x402 render=2622x1206
[ios-render] screen=874x402 render=2622x1206
[ios-render] screen=874x402 render=2622x1206
[ios-render] screen=874x402 render=2622x1206
[ios-render] screen=874x402 render=2622x1206
[ios-render] screen=874x402 render=2622x1206
[ios-render] screen=874x402 render=2622x1206
[ios-render] screen=874x402 render=2622x1206
[ios-render] screen=874x402 render=2622x1206
[ios-render] screen=874x402 render=2622x1206
[ios-render] screen=874x402 render=2622x1206
[ios-render] screen=874x402 render=2622x1206
[ios-render] screen=874x402 render=2622x1206
[ios-render] screen=874x402 render=2622x1206
[ios-render] screen=874x402 render=2622x1206
[ios-render] screen=874x402 render=2622x1206
[ios-render] screen=874x402 render=2622x1206
[ios-render] screen=874x402 render=2622x1206
[ios-render] screen=874x402 render=2622x1206
[ios-render] screen=874x402 render=2622x1206
[ios-render] screen=874x402 render=2622x1206
[ios-render] screen=874x402 render=2622x1206
[ios-render] screen=874x402 render=2622x1206
[ios-render] screen=874x402 render=2622x1206
[ios-render] screen=874x402 render=2622x1206
[ios-render] screen=874x402 render=2622x1206
[ios-render] screen=874x402 render=2622x1206
[ios-render] screen=874x402 render=2622x1206
[ios-render] screen=874x402 render=2622x1206
[ios-render] screen=874x402 render=2622x1206
[ios-render] screen=874x402 render=2622x1206
[ios-render] screen=874x402 render=2622x1206
[ios-render] screen=874x402 render=2622x1206
[ios-render] screen=874x402 render=2622x1206
[ios-render] screen=874x402 render=2622x1206
[ios-render] screen=874x402 render=2622x1206
[ios-render] screen=874x402 render=2622x1206
[ios-render] screen=874x402 render=2622x1206
[ios-render] screen=874x402 render=2622x1206
[ios-render] screen=874x402 render=2622x1206
[ios-render] screen=874x402 render=2622x1206
[ios-render] screen=874x402 render=2622x1206
[ios-render] screen=874x402 render=2622x1206
[ios-render] screen=874x402 render=2622x1206
[ios-render] screen=874x402 render=2622x1206
[ios-render] screen=874x402 render=2622x1206
[ios-render] screen=874x402 render=2622x1206
[ios-render] screen=874x402 render=2622x1206
[ios-render] screen=874x402 render=2622x1206
[ios-render] screen=874x402 render=2622x1206
[ios-render] screen=874x402 render=2622x1206
[ios-render] screen=874x402 render=2622x1206
[ios-render] screen=874x402 render=2622x1206
[ios-render] screen=874x402 render=2622x1206
[ios-render] screen=874x402 render=2622x1206
[ios-render] screen=874x402 render=2622x1206
[ios-render] screen=874x402 render=2622x1206
[ios-render] screen=874x402 render=2622x1206
[ios-render] screen=874x402 render=2622x1206
[ios-render] screen=874x402 render=2622x1206
[ios-render] screen=874x402 render=2622x1206
[ios-render] screen=874x402 render=2622x1206
[ios-render] screen=874x402 render=2622x1206
[ios-render] screen=874x402 render=2622x1206
[ios-render] screen=874x402 render=2622x1206
[ios-render] screen=874x402 render=2622x1206
[ios-render] screen=874x402 render=2622x1206
[ios-render] screen=874x402 render=2622x1206
[padscript] press i=9 now=24040ms at=24025ms hold=250ms buttons=0x4000
[ios-render] screen=874x402 render=2622x1206
[ios-render] screen=874x402 render=2622x1206
[ios-render] screen=874x402 render=2622x1206
[ios-render] screen=874x402 render=2622x1206
[ios-render] screen=874x402 render=2622x1206
[ios-render] screen=874x402 render=2622x1206
[ios-render] screen=874x402 render=2622x1206
[ios-render] screen=874x402 render=2622x1206
[ios-render] screen=874x402 render=2622x1206
[ios-render] screen=874x402 render=2622x1206
[ios-render] screen=874x402 render=2622x1206
[ios-render] screen=874x402 render=2622x1206
[ios-render] screen=874x402 render=2622x1206
[ios-render] screen=874x402 render=2622x1206
[ios-render] screen=874x402 render=2622x1206
[ios-render] screen=874x402 render=2622x1206
[ios-render] screen=874x402 render=2622x1206
[ios-render] screen=874x402 render=2622x1206
[ios-render] screen=874x402 render=2622x1206
[ios-render] screen=874x402 render=2622x1206
[ios-render] screen=874x402 render=2622x1206
[ios-render] screen=874x402 render=2622x1206
[ios-render] screen=874x402 render=2622x1206
[ios-render] screen=874x402 render=2622x1206
[ios-render] screen=874x402 render=2622x1206
[ios-render] screen=874x402 render=2622x1206
[ios-render] screen=874x402 render=2622x1206
[ios-render] screen=874x402 render=2622x1206
[padscript] release i=9 now=24290ms
[ios-render] screen=874x402 render=2622x1206
[ios-render] screen=874x402 render=2622x1206
[ios-render] screen=874x402 render=2622x1206
[ios-render] screen=874x402 render=2622x1206
[ios-render] screen=874x402 render=2622x1206
[ios-render] screen=874x402 render=2622x1206
[ios-render] screen=874x402 render=2622x1206
[ios-render] screen=874x402 render=2622x1206
[ios-render] screen=874x402 render=2622x1206
[ios-render] screen=874x402 render=2622x1206
[ios-render] screen=874x402 render=2622x1206
[ios-render] screen=874x402 render=2622x1206
[ios-render] screen=874x402 render=2622x1206
[ios-render] screen=874x402 render=2622x1206
[ios-render] screen=874x402 render=2622x1206
[ios-render] screen=874x402 render=2622x1206
[ios-render] screen=874x402 render=2622x1206
[ios-render] screen=874x402 render=2622x1206
[ios-render] screen=874x402 render=2622x1206
[ios-render] screen=874x402 render=2622x1206
[ios-render] screen=874x402 render=2622x1206
[ios-render] screen=874x402 render=2622x1206
[ios-render] screen=874x402 render=2622x1206
[ios-render] screen=874x402 render=2622x1206
[ios-render] screen=874x402 render=2622x1206
[ios-render] screen=874x402 render=2622x1206
[ios-render] screen=874x402 render=2622x1206
[ios-render] screen=874x402 render=2622x1206
[ios-render] screen=874x402 render=2622x1206
[ios-render] screen=874x402 render=2622x1206
[ios-render] screen=874x402 render=2622x1206
[vsync-rate] tick=1481 rate=35.71/s (0.596x of 59.94)
[ios-render] screen=874x402 render=2622x1206
[ios-render] screen=874x402 render=2622x1206
[ios-render] screen=874x402 render=2622x1206
[ios-render] screen=874x402 render=2622x1206
[ios-render] screen=874x402 render=2622x1206
[ios-render] screen=874x402 render=2622x1206
[ios-render] screen=874x402 render=2622x1206
[ios-render] screen=874x402 render=2622x1206
[ios-render] screen=874x402 render=2622x1206
[ios-render] screen=874x402 render=2622x1206
[ios-render] screen=874x402 render=2622x1206
[ios-render] screen=874x402 render=2622x1206
[ios-render] screen=874x402 render=2622x1206
[ios-render] screen=874x402 render=2622x1206
[ios-render] screen=874x402 render=2622x1206
[ios-render] screen=874x402 render=2622x1206
[ios-render] screen=874x402 render=2622x1206
[ios-render] screen=874x402 render=2622x1206
[ios-render] screen=874x402 render=2622x1206
[ios-render] screen=874x402 render=2622x1206
[ios-render] screen=874x402 render=2622x1206
[ios-render] screen=874x402 render=2622x1206
[ios-render] screen=874x402 render=2622x1206
[ios-render] screen=874x402 render=2622x1206
[ios-render] screen=874x402 render=2622x1206
[ios-render] screen=874x402 render=2622x1206
[ios-render] screen=874x402 render=2622x1206
[ios-render] screen=874x402 render=2622x1206
[ios-render] screen=874x402 render=2622x1206
[ios-render] screen=874x402 render=2622x1206
[ios-render] screen=874x402 render=2622x1206
[ios-render] screen=874x402 render=2622x1206
[ios-render] screen=874x402 render=2622x1206
[ios-render] screen=874x402 render=2622x1206
[ios-render] screen=874x402 render=2622x1206
[ios-render] screen=874x402 render=2622x1206
[ios-render] screen=874x402 render=2622x1206
[ios-render] screen=874x402 render=2622x1206
[ios-render] screen=874x402 render=2622x1206
[ios-render] screen=874x402 render=2622x1206
[ios-render] screen=874x402 render=2622x1206
[ios-render] screen=874x402 render=2622x1206
[ios-render] screen=874x402 render=2622x1206
[ios-render] screen=874x402 render=2622x1206
[ios-render] screen=874x402 render=2622x1206
[ios-render] screen=874x402 render=2622x1206
[ios-render] screen=874x402 render=2622x1206
[ios-render] screen=874x402 render=2622x1206
[ios-render] screen=874x402 render=2622x1206
[ios-render] screen=874x402 render=2622x1206
[ios-render] screen=874x402 render=2622x1206
[ios-render] screen=874x402 render=2622x1206
[ios-render] screen=874x402 render=2622x1206
[ios-render] screen=874x402 render=2622x1206
[ios-render] screen=874x402 render=2622x1206
[ios-render] screen=874x402 render=2622x1206
[ios-render] screen=874x402 render=2622x1206
[ios-render] screen=874x402 render=2622x1206
[ios-render] screen=874x402 render=2622x1206
[ios-render] screen=874x402 render=2622x1206
[ios-render] screen=874x402 render=2622x1206
[ios-render] screen=874x402 render=2622x1206
[ios-render] screen=874x402 render=2622x1206
[ios-render] screen=874x402 render=2622x1206
[ios-render] screen=874x402 render=2622x1206
[ios-render] screen=874x402 render=2622x1206
[ios-render] screen=874x402 render=2622x1206
[ios-render] screen=874x402 render=2622x1206
[ios-render] screen=874x402 render=2622x1206
[ios-render] screen=874x402 render=2622x1206
[ios-render] screen=874x402 render=2622x1206
[ios-render] screen=874x402 render=2622x1206
[ios-render] screen=874x402 render=2622x1206
[ios-render] screen=874x402 render=2622x1206
[ios-render] screen=874x402 render=2622x1206
[ios-render] screen=874x402 render=2622x1206
[ios-render] screen=874x402 render=2622x1206
[ios-render] screen=874x402 render=2622x1206
[ios-render] screen=874x402 render=2622x1206
[ios-render] screen=874x402 render=2622x1206
[ios-render] screen=874x402 render=2622x1206
[ios-render] screen=874x402 render=2622x1206
[ios-render] screen=874x402 render=2622x1206
[ios-render] screen=874x402 render=2622x1206
[ios-render] screen=874x402 render=2622x1206
[ios-render] screen=874x402 render=2622x1206
[ios-render] screen=874x402 render=2622x1206
[ios-render] screen=874x402 render=2622x1206
[ios-render] screen=874x402 render=2622x1206
[ios-render] screen=874x402 render=2622x1206
[ios-render] screen=874x402 render=2622x1206
[ios-render] screen=874x402 render=2622x1206
[ios-render] screen=874x402 render=2622x1206
[ios-render] screen=874x402 render=2622x1206
[ios-render] screen=874x402 render=2622x1206
[ios-render] screen=874x402 render=2622x1206
[ios-render] screen=874x402 render=2622x1206
[ios-render] screen=874x402 render=2622x1206
[ios-render] screen=874x402 render=2622x1206
[ios-render] screen=874x402 render=2622x1206
[ios-render] screen=874x402 render=2622x1206
[ios-render] screen=874x402 render=2622x1206
[ios-render] screen=874x402 render=2622x1206
[ios-render] screen=874x402 render=2622x1206
[ios-render] screen=874x402 render=2622x1206
[ios-render] screen=874x402 render=2622x1206
[ios-render] screen=874x402 render=2622x1206
[ios-render] screen=874x402 render=2622x1206
[ios-render] screen=874x402 render=2622x1206
[ios-render] screen=874x402 render=2622x1206
[ios-render] screen=874x402 render=2622x1206
[ios-render] screen=874x402 render=2622x1206
[ios-render] screen=874x402 render=2622x1206
[ios-render] screen=874x402 render=2622x1206
[ios-render] screen=874x402 render=2622x1206
[ios-render] screen=874x402 render=2622x1206
[ios-render] screen=874x402 render=2622x1206
[ios-render] screen=874x402 render=2622x1206
[ios-render] screen=874x402 render=2622x1206
[ios-render] screen=874x402 render=2622x1206
[ios-render] screen=874x402 render=2622x1206
[ios-render] screen=874x402 render=2622x1206
[ios-render] screen=874x402 render=2622x1206
[ios-render] screen=874x402 render=2622x1206
[ios-render] screen=874x402 render=2622x1206
[ios-render] screen=874x402 render=2622x1206
[ios-render] screen=874x402 render=2622x1206
[ios-render] screen=874x402 render=2622x1206
[ios-render] screen=874x402 render=2622x1206
[ios-render] screen=874x402 render=2622x1206
[ios-render] screen=874x402 render=2622x1206
[ios-render] screen=874x402 render=2622x1206
[ios-render] screen=874x402 render=2622x1206
[ios-render] screen=874x402 render=2622x1206
[ios-render] screen=874x402 render=2622x1206
[ios-render] screen=874x402 render=2622x1206
[ios-render] screen=874x402 render=2622x1206
[ios-render] screen=874x402 render=2622x1206
[ios-render] screen=874x402 render=2622x1206
[ios-render] screen=874x402 render=2622x1206
[ios-render] screen=874x402 render=2622x1206
[ios-render] screen=874x402 render=2622x1206
[ios-render] screen=874x402 render=2622x1206
[ios-render] screen=874x402 render=2622x1206
[ios-render] screen=874x402 render=2622x1206
[ios-render] screen=874x402 render=2622x1206
[ios-render] screen=874x402 render=2622x1206
[ios-render] screen=874x402 render=2622x1206
[ios-render] screen=874x402 render=2622x1206
[ios-render] screen=874x402 render=2622x1206
[ios-render] screen=874x402 render=2622x1206
[ios-render] screen=874x402 render=2622x1206
[ios-render] screen=874x402 render=2622x1206
[ios-render] screen=874x402 render=2622x1206
[ios-render] screen=874x402 render=2622x1206
[ios-render] screen=874x402 render=2622x1206
[ios-render] screen=874x402 render=2622x1206
[ios-render] screen=874x402 render=2622x1206
[ios-render] screen=874x402 render=2622x1206
[ios-render] screen=874x402 render=2622x1206
[ios-render] screen=874x402 render=2622x1206
[ios-render] screen=874x402 render=2622x1206
[ios-render] screen=874x402 render=2622x1206
[ios-render] screen=874x402 render=2622x1206
[ios-render] screen=874x402 render=2622x1206
[ios-render] screen=874x402 render=2622x1206
[ios-render] screen=874x402 render=2622x1206
[ios-render] screen=874x402 render=2622x1206
[ios-render] screen=874x402 render=2622x1206
[ios-render] screen=874x402 render=2622x1206
[ios-render] screen=874x402 render=2622x1206
[ios-render] screen=874x402 render=2622x1206
[ios-render] screen=874x402 render=2622x1206
[ios-render] screen=874x402 render=2622x1206
[ios-render] screen=874x402 render=2622x1206
[ios-render] screen=874x402 render=2622x1206
[ios-render] screen=874x402 render=2622x1206
[ios-render] screen=874x402 render=2622x1206
[ios-render] screen=874x402 render=2622x1206
[ios-render] screen=874x402 render=2622x1206
[ios-render] screen=874x402 render=2622x1206
[ios-render] screen=874x402 render=2622x1206
[ios-render] screen=874x402 render=2622x1206
[ios-render] screen=874x402 render=2622x1206
[ios-render] screen=874x402 render=2622x1206
[ios-render] screen=874x402 render=2622x1206
[ios-render] screen=874x402 render=2622x1206
[ios-render] screen=874x402 render=2622x1206
[ios-render] screen=874x402 render=2622x1206
[ios-render] screen=874x402 render=2622x1206
[ios-render] screen=874x402 render=2622x1206
[ios-render] screen=874x402 render=2622x1206
[ios-render] screen=874x402 render=2622x1206
[ios-render] screen=874x402 render=2622x1206
[ios-render] screen=874x402 render=2622x1206
[ios-render] screen=874x402 render=2622x1206
[ios-render] screen=874x402 render=2622x1206
[ios-render] screen=874x402 render=2622x1206
[ios-render] screen=874x402 render=2622x1206
[ios-render] screen=874x402 render=2622x1206
[ios-render] screen=874x402 render=2622x1206
[ios-render] screen=874x402 render=2622x1206
[ios-render] screen=874x402 render=2622x1206
[ios-render] screen=874x402 render=2622x1206
[ios-render] screen=874x402 render=2622x1206
[ios-render] screen=874x402 render=2622x1206
[ios-render] screen=874x402 render=2622x1206
[ios-render] screen=874x402 render=2622x1206
[ios-render] screen=874x402 render=2622x1206
[ios-render] screen=874x402 render=2622x1206
[ios-render] screen=874x402 render=2622x1206
[ios-render] screen=874x402 render=2622x1206
[ios-render] screen=874x402 render=2622x1206
[ios-render] screen=874x402 render=2622x1206
[ios-render] screen=874x402 render=2622x1206
[vsync-rate] tick=1612 rate=26.11/s (0.436x of 59.94)
[ios-render] screen=874x402 render=2622x1206
[ios-render] screen=874x402 render=2622x1206
[ios-render] screen=874x402 render=2622x1206
[ios-render] screen=874x402 render=2622x1206
[ios-render] screen=874x402 render=2622x1206
[ios-render] screen=874x402 render=2622x1206
[ios-render] screen=874x402 render=2622x1206
[ios-render] screen=874x402 render=2622x1206
[ios-render] screen=874x402 render=2622x1206
[ios-render] screen=874x402 render=2622x1206
[ios-render] screen=874x402 render=2622x1206
[ios-render] screen=874x402 render=2622x1206
[ios-render] screen=874x402 render=2622x1206
[ios-render] screen=874x402 render=2622x1206
[ios-render] screen=874x402 render=2622x1206
[ios-render] screen=874x402 render=2622x1206
[ios-render] screen=874x402 render=2622x1206
[ios-render] screen=874x402 render=2622x1206
[ios-render] screen=874x402 render=2622x1206
[ios-render] screen=874x402 render=2622x1206
[ios-render] screen=874x402 render=2622x1206
[ios-render] screen=874x402 render=2622x1206
[ios-render] screen=874x402 render=2622x1206
[ios-render] screen=874x402 render=2622x1206
[ios-render] screen=874x402 render=2622x1206
[ios-render] screen=874x402 render=2622x1206
[ios-render] screen=874x402 render=2622x1206
[ios-render] screen=874x402 render=2622x1206
[ios-render] screen=874x402 render=2622x1206
[ios-render] screen=874x402 render=2622x1206
[ios-render] screen=874x402 render=2622x1206
[ios-render] screen=874x402 render=2622x1206
[ios-render] screen=874x402 render=2622x1206
[ios-render] screen=874x402 render=2622x1206
[ios-render] screen=874x402 render=2622x1206
[ios-render] screen=874x402 render=2622x1206
[ios-render] screen=874x402 render=2622x1206
[ios-render] screen=874x402 render=2622x1206
[ios-render] screen=874x402 render=2622x1206
[ios-render] screen=874x402 render=2622x1206
[ios-render] screen=874x402 render=2622x1206
[ios-render] screen=874x402 render=2622x1206
[ios-render] screen=874x402 render=2622x1206
[ios-render] screen=874x402 render=2622x1206
[ios-render] screen=874x402 render=2622x1206
[ios-render] screen=874x402 render=2622x1206
[ios-render] screen=874x402 render=2622x1206
[ios-render] screen=874x402 render=2622x1206
[ios-render] screen=874x402 render=2622x1206
[ios-render] screen=874x402 render=2622x1206
[ios-render] screen=874x402 render=2622x1206
[ios-render] screen=874x402 render=2622x1206
[ios-render] screen=874x402 render=2622x1206
[ios-render] screen=874x402 render=2622x1206
[ios-render] screen=874x402 render=2622x1206
[ios-render] screen=874x402 render=2622x1206
[ios-render] screen=874x402 render=2622x1206
[ios-render] screen=874x402 render=2622x1206
[ios-render] screen=874x402 render=2622x1206
[ios-render] screen=874x402 render=2622x1206
[ios-render] screen=874x402 render=2622x1206
[ios-render] screen=874x402 render=2622x1206
[ios-render] screen=874x402 render=2622x1206
[ios-render] screen=874x402 render=2622x1206
[ios-render] screen=874x402 render=2622x1206
[ios-render] screen=874x402 render=2622x1206
[ios-render] screen=874x402 render=2622x1206
[ios-render] screen=874x402 render=2622x1206
[ios-render] screen=874x402 render=2622x1206
[ios-render] screen=874x402 render=2622x1206
[ios-render] screen=874x402 render=2622x1206
[ios-render] screen=874x402 render=2622x1206
[ios-render] screen=874x402 render=2622x1206
[ios-render] screen=874x402 render=2622x1206
[ios-render] screen=874x402 render=2622x1206
[ios-render] screen=874x402 render=2622x1206
[ios-render] screen=874x402 render=2622x1206
[ios-render] screen=874x402 render=2622x1206
[ios-render] screen=874x402 render=2622x1206
[ios-render] screen=874x402 render=2622x1206
[ios-render] screen=874x402 render=2622x1206
[ios-render] screen=874x402 render=2622x1206
[ios-render] screen=874x402 render=2622x1206
[ios-render] screen=874x402 render=2622x1206
[ios-render] screen=874x402 render=2622x1206
[ios-render] screen=874x402 render=2622x1206
[ios-render] screen=874x402 render=2622x1206
[ios-render] screen=874x402 render=2622x1206
[ios-render] screen=874x402 render=2622x1206
[ios-render] screen=874x402 render=2622x1206
[ios-render] screen=874x402 render=2622x1206
[ios-render] screen=874x402 render=2622x1206
[ios-render] screen=874x402 render=2622x1206
[ios-render] screen=874x402 render=2622x1206
[ios-render] screen=874x402 render=2622x1206
[ios-render] screen=874x402 render=2622x1206
[ios-render] screen=874x402 render=2622x1206
[ios-render] screen=874x402 render=2622x1206
[ios-render] screen=874x402 render=2622x1206
[ios-render] screen=874x402 render=2622x1206
[ios-render] screen=874x402 render=2622x1206
[ios-render] screen=874x402 render=2622x1206
[ios-render] screen=874x402 render=2622x1206
[ios-render] screen=874x402 render=2622x1206
[ios-render] screen=874x402 render=2622x1206
[ios-render] screen=874x402 render=2622x1206
[ios-render] screen=874x402 render=2622x1206
[ios-render] screen=874x402 render=2622x1206
[ios-render] screen=874x402 render=2622x1206
[ios-render] screen=874x402 render=2622x1206
[ios-render] screen=874x402 render=2622x1206
[ios-render] screen=874x402 render=2622x1206
[ios-render] screen=874x402 render=2622x1206
[ios-render] screen=874x402 render=2622x1206
[ios-render] screen=874x402 render=2622x1206
[ios-render] screen=874x402 render=2622x1206
[ios-render] screen=874x402 render=2622x1206
[ios-render] screen=874x402 render=2622x1206
[ios-render] screen=874x402 render=2622x1206
[ios-render] screen=874x402 render=2622x1206
[ios-render] screen=874x402 render=2622x1206
[ios-render] screen=874x402 render=2622x1206
[ios-render] screen=874x402 render=2622x1206
[ios-render] screen=874x402 render=2622x1206
[ios-render] screen=874x402 render=2622x1206
[ios-render] screen=874x402 render=2622x1206
[ios-render] screen=874x402 render=2622x1206
[ios-render] screen=874x402 render=2622x1206
[ios-render] screen=874x402 render=2622x1206
[ios-render] screen=874x402 render=2622x1206
[ios-render] screen=874x402 render=2622x1206
[ios-render] screen=874x402 render=2622x1206
[ios-render] screen=874x402 render=2622x1206
[ios-render] screen=874x402 render=2622x1206
[ios-render] screen=874x402 render=2622x1206
[ios-render] screen=874x402 render=2622x1206
[ios-render] screen=874x402 render=2622x1206
[ios-render] screen=874x402 render=2622x1206
[ios-render] screen=874x402 render=2622x1206
[ios-render] screen=874x402 render=2622x1206
[ios-render] screen=874x402 render=2622x1206
[ios-render] screen=874x402 render=2622x1206
[ios-render] screen=874x402 render=2622x1206
[ios-render] screen=874x402 render=2622x1206
[ios-render] screen=874x402 render=2622x1206
[ios-render] screen=874x402 render=2622x1206
[ios-render] screen=874x402 render=2622x1206
[ios-render] screen=874x402 render=2622x1206
[ios-render] screen=874x402 render=2622x1206
[ios-render] screen=874x402 render=2622x1206
[ios-render] screen=874x402 render=2622x1206
[ios-render] screen=874x402 render=2622x1206
[ios-render] screen=874x402 render=2622x1206
[ios-render] screen=874x402 render=2622x1206
[ios-render] screen=874x402 render=2622x1206
[ios-render] screen=874x402 render=2622x1206
[ios-render] screen=874x402 render=2622x1206
[ios-render] screen=874x402 render=2622x1206
[ios-render] screen=874x402 render=2622x1206
[ios-render] screen=874x402 render=2622x1206
[ios-render] screen=874x402 render=2622x1206
[ios-render] screen=874x402 render=2622x1206
[ios-render] screen=874x402 render=2622x1206
[ios-render] screen=874x402 render=2622x1206
[ios-render] screen=874x402 render=2622x1206
[ios-render] screen=874x402 render=2622x1206
[ios-render] screen=874x402 render=2622x1206
[ios-render] screen=874x402 render=2622x1206
[ios-render] screen=874x402 render=2622x1206
[ios-render] screen=874x402 render=2622x1206
[ios-render] screen=874x402 render=2622x1206
[ios-render] screen=874x402 render=2622x1206
[ios-render] screen=874x402 render=2622x1206
[ios-render] screen=874x402 render=2622x1206
[ios-render] screen=874x402 render=2622x1206
[ios-render] screen=874x402 render=2622x1206
[ios-render] screen=874x402 render=2622x1206
[ios-render] screen=874x402 render=2622x1206
[ios-render] screen=874x402 render=2622x1206
[ios-render] screen=874x402 render=2622x1206
[ios-render] screen=874x402 render=2622x1206
[ios-render] screen=874x402 render=2622x1206
[ios-render] screen=874x402 render=2622x1206
[ios-render] screen=874x402 render=2622x1206
[ios-render] screen=874x402 render=2622x1206
[ios-render] screen=874x402 render=2622x1206
[ios-render] screen=874x402 render=2622x1206
[ios-render] screen=874x402 render=2622x1206
[ios-render] screen=874x402 render=2622x1206
[ios-render] screen=874x402 render=2622x1206
[ios-render] screen=874x402 render=2622x1206
[ios-render] screen=874x402 render=2622x1206
[ios-render] screen=874x402 render=2622x1206
[ios-render] screen=874x402 render=2622x1206
[ios-render] screen=874x402 render=2622x1206
[ios-render] screen=874x402 render=2622x1206
[ios-render] screen=874x402 render=2622x1206
[ios-render] screen=874x402 render=2622x1206
[ios-render] screen=874x402 render=2622x1206
[ios-render] screen=874x402 render=2622x1206
[ios-render] screen=874x402 render=2622x1206
[ios-render] screen=874x402 render=2622x1206
[ios-render] screen=874x402 render=2622x1206
[ios-render] screen=874x402 render=2622x1206
[ios-render] screen=874x402 render=2622x1206
[ios-render] screen=874x402 render=2622x1206
[ios-render] screen=874x402 render=2622x1206
[ios-render] screen=874x402 render=2622x1206
[ios-render] screen=874x402 render=2622x1206
[ios-render] screen=874x402 render=2622x1206
[ios-render] screen=874x402 render=2622x1206
[ios-render] screen=874x402 render=2622x1206
[ios-render] screen=874x402 render=2622x1206
[ios-render] screen=874x402 render=2622x1206
[ios-render] screen=874x402 render=2622x1206
[ios-render] screen=874x402 render=2622x1206
[ios-render] screen=874x402 render=2622x1206
[ios-render] screen=874x402 render=2622x1206
[ios-render] screen=874x402 render=2622x1206
[ios-render] screen=874x402 render=2622x1206
[ios-render] screen=874x402 render=2622x1206
[ios-render] screen=874x402 render=2622x1206
[ios-render] screen=874x402 render=2622x1206
[ios-render] screen=874x402 render=2622x1206
[ios-render] screen=874x402 render=2622x1206
[ios-render] screen=874x402 render=2622x1206
[ios-render] screen=874x402 render=2622x1206
[ios-render] screen=874x402 render=2622x1206
[ios-render] screen=874x402 render=2622x1206
[ios-render] screen=874x402 render=2622x1206
[vsync-rate] tick=1648 rate=7.18/s (0.120x of 59.94)
[ios-render] screen=874x402 render=2622x1206
[ios-render] screen=874x402 render=2622x1206
[ios-render] screen=874x402 render=2622x1206
[ios-render] screen=874x402 render=2622x1206
[ios-render] screen=874x402 render=2622x1206
[ios-render] screen=874x402 render=2622x1206
[ios-render] screen=874x402 render=2622x1206
[ios-render] screen=874x402 render=2622x1206
[ios-render] screen=874x402 render=2622x1206
[ios-render] screen=874x402 render=2622x1206
[ios-render] screen=874x402 render=2622x1206
[ios-render] screen=874x402 render=2622x1206
[ios-render] screen=874x402 render=2622x1206
[ios-render] screen=874x402 render=2622x1206
[ios-render] screen=874x402 render=2622x1206
[ios-render] screen=874x402 render=2622x1206
[ios-render] screen=874x402 render=2622x1206
[ios-render] screen=874x402 render=2622x1206
[ios-render] screen=874x402 render=2622x1206
[ios-render] screen=874x402 render=2622x1206
[ios-render] screen=874x402 render=2622x1206
[ios-render] screen=874x402 render=2622x1206
[ios-render] screen=874x402 render=2622x1206
[ios-render] screen=874x402 render=2622x1206
[ios-render] screen=874x402 render=2622x1206
[ios-render] screen=874x402 render=2622x1206
[ios-render] screen=874x402 render=2622x1206
[ios-render] screen=874x402 render=2622x1206
[ios-render] screen=874x402 render=2622x1206
[ios-render] screen=874x402 render=2622x1206
[ios-render] screen=874x402 render=2622x1206
[ios-render] screen=874x402 render=2622x1206
[ios-render] screen=874x402 render=2622x1206
[ios-render] screen=874x402 render=2622x1206
[ios-render] screen=874x402 render=2622x1206
[ios-render] screen=874x402 render=2622x1206
[ios-render] screen=874x402 render=2622x1206
[ios-render] screen=874x402 render=2622x1206
[ios-render] screen=874x402 render=2622x1206
[ios-render] screen=874x402 render=2622x1206
[ios-render] screen=874x402 render=2622x1206
[ios-render] screen=874x402 render=2622x1206
[ios-render] screen=874x402 render=2622x1206
[ios-render] screen=874x402 render=2622x1206
[ios-render] screen=874x402 render=2622x1206
[ios-render] screen=874x402 render=2622x1206
[ios-render] screen=874x402 render=2622x1206
[ios-render] screen=874x402 render=2622x1206
[ios-render] screen=874x402 render=2622x1206
[ios-render] screen=874x402 render=2622x1206
[ios-render] screen=874x402 render=2622x1206
[ios-render] screen=874x402 render=2622x1206
[ios-render] screen=874x402 render=2622x1206
[ios-render] screen=874x402 render=2622x1206
[ios-render] screen=874x402 render=2622x1206
[ios-render] screen=874x402 render=2622x1206
[ios-render] screen=874x402 render=2622x1206
[ios-render] screen=874x402 render=2622x1206
[ios-render] screen=874x402 render=2622x1206
[ios-render] screen=874x402 render=2622x1206
[ios-render] screen=874x402 render=2622x1206
[ios-render] screen=874x402 render=2622x1206
[ios-render] screen=874x402 render=2622x1206
[ios-render] screen=874x402 render=2622x1206
[ios-render] screen=874x402 render=2622x1206
[ios-render] screen=874x402 render=2622x1206
[ios-render] screen=874x402 render=2622x1206
[ios-render] screen=874x402 render=2622x1206
[ios-render] screen=874x402 render=2622x1206
[ios-render] screen=874x402 render=2622x1206
[ios-render] screen=874x402 render=2622x1206
[ios-render] screen=874x402 render=2622x1206
[ios-render] screen=874x402 render=2622x1206
[ios-render] screen=874x402 render=2622x1206
[ios-render] screen=874x402 render=2622x1206
[ios-render] screen=874x402 render=2622x1206
[ios-render] screen=874x402 render=2622x1206
[ios-render] screen=874x402 render=2622x1206
[ios-render] screen=874x402 render=2622x1206
[ios-render] screen=874x402 render=2622x1206
[ios-render] screen=874x402 render=2622x1206
[ios-render] screen=874x402 render=2622x1206
[ios-render] screen=874x402 render=2622x1206
[ios-render] screen=874x402 render=2622x1206
[ios-render] screen=874x402 render=2622x1206
[ios-render] screen=874x402 render=2622x1206
[ios-render] screen=874x402 render=2622x1206
[ios-render] screen=874x402 render=2622x1206
[ios-render] screen=874x402 render=2622x1206
[ios-render] screen=874x402 render=2622x1206
[ios-render] screen=874x402 render=2622x1206
[ios-render] screen=874x402 render=2622x1206
[ios-render] screen=874x402 render=2622x1206
[ios-render] screen=874x402 render=2622x1206
[ios-render] screen=874x402 render=2622x1206
[ios-render] screen=874x402 render=2622x1206
[ios-render] screen=874x402 render=2622x1206
[ios-render] screen=874x402 render=2622x1206
[ios-render] screen=874x402 render=2622x1206
[ios-render] screen=874x402 render=2622x1206
[ios-render] screen=874x402 render=2622x1206
[ios-render] screen=874x402 render=2622x1206
[ios-render] screen=874x402 render=2622x1206
[ios-render] screen=874x402 render=2622x1206
[ios-render] screen=874x402 render=2622x1206
[ios-render] screen=874x402 render=2622x1206
[ios-render] screen=874x402 render=2622x1206
[ios-render] screen=874x402 render=2622x1206
[ios-render] screen=874x402 render=2622x1206
[ios-render] screen=874x402 render=2622x1206
[ios-render] screen=874x402 render=2622x1206
[ios-render] screen=874x402 render=2622x1206
[ios-render] screen=874x402 render=2622x1206
[ios-render] screen=874x402 render=2622x1206
[ios-render] screen=874x402 render=2622x1206
[ios-render] screen=874x402 render=2622x1206
[ios-render] screen=874x402 render=2622x1206
[ios-render] screen=874x402 render=2622x1206
[ios-render] screen=874x402 render=2622x1206
[ios-render] screen=874x402 render=2622x1206
[ios-render] screen=874x402 render=2622x1206
[ios-render] screen=874x402 render=2622x1206
[ios-render] screen=874x402 render=2622x1206
[ios-render] screen=874x402 render=2622x1206
[ios-render] screen=874x402 render=2622x1206
[ios-render] screen=874x402 render=2622x1206
[ios-render] screen=874x402 render=2622x1206
[ios-render] screen=874x402 render=2622x1206
[ios-render] screen=874x402 render=2622x1206
[ios-render] screen=874x402 render=2622x1206
[ios-render] screen=874x402 render=2622x1206
[ios-render] screen=874x402 render=2622x1206
[ios-render] screen=874x402 render=2622x1206
[ios-render] screen=874x402 render=2622x1206
[ios-render] screen=874x402 render=2622x1206
[ios-render] screen=874x402 render=2622x1206
[ios-render] screen=874x402 render=2622x1206
[ios-render] screen=874x402 render=2622x1206
[ios-render] screen=874x402 render=2622x1206
[ios-render] screen=874x402 render=2622x1206
[ios-render] screen=874x402 render=2622x1206
[ios-render] screen=874x402 render=2622x1206
[ios-render] screen=874x402 render=2622x1206
[ios-render] screen=874x402 render=2622x1206
[ios-render] screen=874x402 render=2622x1206
[ios-render] screen=874x402 render=2622x1206
[ios-render] screen=874x402 render=2622x1206
[ios-render] screen=874x402 render=2622x1206
[ios-render] screen=874x402 render=2622x1206
[ios-render] screen=874x402 render=2622x1206
[ios-render] screen=874x402 render=2622x1206
[ios-render] screen=874x402 render=2622x1206
[ios-render] screen=874x402 render=2622x1206
[ios-render] screen=874x402 render=2622x1206
[ios-render] screen=874x402 render=2622x1206
[ios-render] screen=874x402 render=2622x1206
[ios-render] screen=874x402 render=2622x1206
[ios-render] screen=874x402 render=2622x1206
[ios-render] screen=874x402 render=2622x1206
[ios-render] screen=874x402 render=2622x1206
[ios-render] screen=874x402 render=2622x1206
[ios-render] screen=874x402 render=2622x1206
[ios-render] screen=874x402 render=2622x1206
[ios-render] screen=874x402 render=2622x1206
[ios-render] screen=874x402 render=2622x1206
[ios-render] screen=874x402 render=2622x1206
[ios-render] screen=874x402 render=2622x1206
[ios-render] screen=874x402 render=2622x1206
[ios-render] screen=874x402 render=2622x1206
[ios-render] screen=874x402 render=2622x1206
[ios-render] screen=874x402 render=2622x1206
[ios-render] screen=874x402 render=2622x1206
[ios-render] screen=874x402 render=2622x1206
[ios-render] screen=874x402 render=2622x1206
[ios-render] screen=874x402 render=2622x1206
[ios-render] screen=874x402 render=2622x1206
[ios-render] screen=874x402 render=2622x1206
[ios-render] screen=874x402 render=2622x1206
[ios-render] screen=874x402 render=2622x1206
[ios-render] screen=874x402 render=2622x1206
[ios-render] screen=874x402 render=2622x1206
[ios-render] screen=874x402 render=2622x1206
[ios-render] screen=874x402 render=2622x1206
[ios-render] screen=874x402 render=2622x1206
[ios-render] screen=874x402 render=2622x1206
[ios-render] screen=874x402 render=2622x1206
[ios-render] screen=874x402 render=2622x1206
[ios-render] screen=874x402 render=2622x1206
[ios-render] screen=874x402 render=2622x1206
[ios-render] screen=874x402 render=2622x1206
[ios-render] screen=874x402 render=2622x1206
[ios-render] screen=874x402 render=2622x1206
[ios-render] screen=874x402 render=2622x1206
[ios-render] screen=874x402 render=2622x1206
[ios-render] screen=874x402 render=2622x1206
[ios-render] screen=874x402 render=2622x1206
[ios-render] screen=874x402 render=2622x1206
[ios-render] screen=874x402 render=2622x1206
[ios-render] screen=874x402 render=2622x1206
[ios-render] screen=874x402 render=2622x1206
[ios-render] screen=874x402 render=2622x1206
[ios-render] screen=874x402 render=2622x1206
[ios-render] screen=874x402 render=2622x1206
[ios-render] screen=874x402 render=2622x1206
[ios-render] screen=874x402 render=2622x1206
[ios-render] screen=874x402 render=2622x1206
[ios-render] screen=874x402 render=2622x1206
[ios-render] screen=874x402 render=2622x1206
[ios-render] screen=874x402 render=2622x1206
[ios-render] screen=874x402 render=2622x1206
[ios-render] screen=874x402 render=2622x1206
[ios-render] screen=874x402 render=2622x1206
[ios-render] screen=874x402 render=2622x1206
[ios-render] screen=874x402 render=2622x1206
[ios-render] screen=874x402 render=2622x1206
[ios-render] screen=874x402 render=2622x1206
[ios-render] screen=874x402 render=2622x1206
[ios-render] screen=874x402 render=2622x1206
[ios-render] screen=874x402 render=2622x1206
[ios-render] screen=874x402 render=2622x1206
[ios-render] screen=874x402 render=2622x1206
[ios-render] screen=874x402 render=2622x1206
[ios-render] screen=874x402 render=2622x1206
[ios-render] screen=874x402 render=2622x1206
[ios-render] screen=874x402 render=2622x1206
[ios-render] screen=874x402 render=2622x1206
[ios-render] screen=874x402 render=2622x1206
[ios-render] screen=874x402 render=2622x1206
[vsync-rate] tick=1683 rate=6.97/s (0.116x of 59.94)
[ios-render] screen=874x402 render=2622x1206
[ios-render] screen=874x402 render=2622x1206
[ios-render] screen=874x402 render=2622x1206
[ios-render] screen=874x402 render=2622x1206
[ios-render] screen=874x402 render=2622x1206
[ios-render] screen=874x402 render=2622x1206
[ios-render] screen=874x402 render=2622x1206
[ios-render] screen=874x402 render=2622x1206
[ios-render] screen=874x402 render=2622x1206
[ios-render] screen=874x402 render=2622x1206
[ios-render] screen=874x402 render=2622x1206
[ios-render] screen=874x402 render=2622x1206
[ios-render] screen=874x402 render=2622x1206
[ios-render] screen=874x402 render=2622x1206
[ios-render] screen=874x402 render=2622x1206
[ios-render] screen=874x402 render=2622x1206
[ios-render] screen=874x402 render=2622x1206
[ios-render] screen=874x402 render=2622x1206
[ios-render] screen=874x402 render=2622x1206
[ios-render] screen=874x402 render=2622x1206
[ios-render] screen=874x402 render=2622x1206
[ios-render] screen=874x402 render=2622x1206
[ios-render] screen=874x402 render=2622x1206
[ios-render] screen=874x402 render=2622x1206
[ios-render] screen=874x402 render=2622x1206
[ios-render] screen=874x402 render=2622x1206
[ios-render] screen=874x402 render=2622x1206
[ios-render] screen=874x402 render=2622x1206
[ios-render] screen=874x402 render=2622x1206
[ios-render] screen=874x402 render=2622x1206
[ios-render] screen=874x402 render=2622x1206
[ios-render] screen=874x402 render=2622x1206
[ios-render] screen=874x402 render=2622x1206
[ios-render] screen=874x402 render=2622x1206
[ios-render] screen=874x402 render=2622x1206
[ios-render] screen=874x402 render=2622x1206
[ios-render] screen=874x402 render=2622x1206
[ios-render] screen=874x402 render=2622x1206
[ios-render] screen=874x402 render=2622x1206
[ios-render] screen=874x402 render=2622x1206
[ios-render] screen=874x402 render=2622x1206
[ios-render] screen=874x402 render=2622x1206
[ios-render] screen=874x402 render=2622x1206
[ios-render] screen=874x402 render=2622x1206
[ios-render] screen=874x402 render=2622x1206
[ios-render] screen=874x402 render=2622x1206
[ios-render] screen=874x402 render=2622x1206
[ios-render] screen=874x402 render=2622x1206
[ios-render] screen=874x402 render=2622x1206
[ios-render] screen=874x402 render=2622x1206
[ios-render] screen=874x402 render=2622x1206
[ios-render] screen=874x402 render=2622x1206
[ios-render] screen=874x402 render=2622x1206
[ios-render] screen=874x402 render=2622x1206
[ios-render] screen=874x402 render=2622x1206
[ios-render] screen=874x402 render=2622x1206
[ios-render] screen=874x402 render=2622x1206
[ios-render] screen=874x402 render=2622x1206
[ios-render] screen=874x402 render=2622x1206
[ios-render] screen=874x402 render=2622x1206
[ios-render] screen=874x402 render=2622x1206
[ios-render] screen=874x402 render=2622x1206
[ios-render] screen=874x402 render=2622x1206
[ios-render] screen=874x402 render=2622x1206
[ios-render] screen=874x402 render=2622x1206
[ios-render] screen=874x402 render=2622x1206
[ios-render] screen=874x402 render=2622x1206
[ios-render] screen=874x402 render=2622x1206
[ios-render] screen=874x402 render=2622x1206
[ios-render] screen=874x402 render=2622x1206
[ios-render] screen=874x402 render=2622x1206
[ios-render] screen=874x402 render=2622x1206
[ios-render] screen=874x402 render=2622x1206
[ios-render] screen=874x402 render=2622x1206
[ios-render] screen=874x402 render=2622x1206
[ios-render] screen=874x402 render=2622x1206
[ios-render] screen=874x402 render=2622x1206
[ios-render] screen=874x402 render=2622x1206
[ios-render] screen=874x402 render=2622x1206
[ios-render] screen=874x402 render=2622x1206
[ios-render] screen=874x402 render=2622x1206
[ios-render] screen=874x402 render=2622x1206
[ios-render] screen=874x402 render=2622x1206
[ios-render] screen=874x402 render=2622x1206
[ios-render] screen=874x402 render=2622x1206
[ios-render] screen=874x402 render=2622x1206
[ios-render] screen=874x402 render=2622x1206
[ios-render] screen=874x402 render=2622x1206
[ios-render] screen=874x402 render=2622x1206
[ios-render] screen=874x402 render=2622x1206
[ios-render] screen=874x402 render=2622x1206
[ios-render] screen=874x402 render=2622x1206
[ios-render] screen=874x402 render=2622x1206
[ios-render] screen=874x402 render=2622x1206
[ios-render] screen=874x402 render=2622x1206
[ios-render] screen=874x402 render=2622x1206
[ios-render] screen=874x402 render=2622x1206
[ios-render] screen=874x402 render=2622x1206
[ios-render] screen=874x402 render=2622x1206
[ios-render] screen=874x402 render=2622x1206
[ios-render] screen=874x402 render=2622x1206
[ios-render] screen=874x402 render=2622x1206
[ios-render] screen=874x402 render=2622x1206
[ios-render] screen=874x402 render=2622x1206
[ios-render] screen=874x402 render=2622x1206
[ios-render] screen=874x402 render=2622x1206
[ios-render] screen=874x402 render=2622x1206
[ios-render] screen=874x402 render=2622x1206
[ios-render] screen=874x402 render=2622x1206
[ios-render] screen=874x402 render=2622x1206
[ios-render] screen=874x402 render=2622x1206
[ios-render] screen=874x402 render=2622x1206
[ios-render] screen=874x402 render=2622x1206
[ios-render] screen=874x402 render=2622x1206
[ios-render] screen=874x402 render=2622x1206
[ios-render] screen=874x402 render=2622x1206
[ios-render] screen=874x402 render=2622x1206
[ios-render] screen=874x402 render=2622x1206
[ios-render] screen=874x402 render=2622x1206
[ios-render] screen=874x402 render=2622x1206
[ios-render] screen=874x402 render=2622x1206
[ios-render] screen=874x402 render=2622x1206
[ios-render] screen=874x402 render=2622x1206
[ios-render] screen=874x402 render=2622x1206
[ios-render] screen=874x402 render=2622x1206
[ios-render] screen=874x402 render=2622x1206
[ios-render] screen=874x402 render=2622x1206
[ios-render] screen=874x402 render=2622x1206
[ios-render] screen=874x402 render=2622x1206
[ios-render] screen=874x402 render=2622x1206
[ios-render] screen=874x402 render=2622x1206
[ios-render] screen=874x402 render=2622x1206
[ios-render] screen=874x402 render=2622x1206
[ios-render] screen=874x402 render=2622x1206
[ios-render] screen=874x402 render=2622x1206
[ios-render] screen=874x402 render=2622x1206
[ios-render] screen=874x402 render=2622x1206
[ios-render] screen=874x402 render=2622x1206
[ios-render] screen=874x402 render=2622x1206
[ios-render] screen=874x402 render=2622x1206
[ios-render] screen=874x402 render=2622x1206
[ios-render] screen=874x402 render=2622x1206
[ios-render] screen=874x402 render=2622x1206
[ios-render] screen=874x402 render=2622x1206
[ios-render] screen=874x402 render=2622x1206
[ios-render] screen=874x402 render=2622x1206
[ios-render] screen=874x402 render=2622x1206
[ios-render] screen=874x402 render=2622x1206
[ios-render] screen=874x402 render=2622x1206
[ios-render] screen=874x402 render=2622x1206
[ios-render] screen=874x402 render=2622x1206
[ios-render] screen=874x402 render=2622x1206
[ios-render] screen=874x402 render=2622x1206
[ios-render] screen=874x402 render=2622x1206
[ios-render] screen=874x402 render=2622x1206
[ios-render] screen=874x402 render=2622x1206
[ios-render] screen=874x402 render=2622x1206
[ios-render] screen=874x402 render=2622x1206
[ios-render] screen=874x402 render=2622x1206
[ios-render] screen=874x402 render=2622x1206
[ios-render] screen=874x402 render=2622x1206
[ios-render] screen=874x402 render=2622x1206
[ios-render] screen=874x402 render=2622x1206
[ios-render] screen=874x402 render=2622x1206
[ios-render] screen=874x402 render=2622x1206
[ios-render] screen=874x402 render=2622x1206
[ios-render] screen=874x402 render=2622x1206
[ios-render] screen=874x402 render=2622x1206
[ios-render] screen=874x402 render=2622x1206
[padscript] press i=10 now=28528ms at=28512ms hold=200ms buttons=0x4000
[ios-render] screen=874x402 render=2622x1206
[ios-render] screen=874x402 render=2622x1206
[ios-render] screen=874x402 render=2622x1206
[ios-render] screen=874x402 render=2622x1206
[ios-render] screen=874x402 render=2622x1206
[ios-render] screen=874x402 render=2622x1206
[ios-render] screen=874x402 render=2622x1206
[ios-render] screen=874x402 render=2622x1206
[ios-render] screen=874x402 render=2622x1206
[ios-render] screen=874x402 render=2622x1206
[ios-render] screen=874x402 render=2622x1206
[ios-render] screen=874x402 render=2622x1206
[ios-render] screen=874x402 render=2622x1206
[ios-render] screen=874x402 render=2622x1206
[ios-render] screen=874x402 render=2622x1206
[ios-render] screen=874x402 render=2622x1206
[ios-render] screen=874x402 render=2622x1206
[ios-render] screen=874x402 render=2622x1206
[ios-render] screen=874x402 render=2622x1206
[ios-render] screen=874x402 render=2622x1206
[ios-render] screen=874x402 render=2622x1206
[ios-render] screen=874x402 render=2622x1206
[ios-render] screen=874x402 render=2622x1206
[ios-render] screen=874x402 render=2622x1206
[ios-render] screen=874x402 render=2622x1206
[ios-render] screen=874x402 render=2622x1206
[ios-render] screen=874x402 render=2622x1206
[ios-render] screen=874x402 render=2622x1206
[ios-render] screen=874x402 render=2622x1206
[ios-render] screen=874x402 render=2622x1206
[ios-render] screen=874x402 render=2622x1206
[ios-render] screen=874x402 render=2622x1206
[ios-render] screen=874x402 render=2622x1206
[ios-render] screen=874x402 render=2622x1206
[ios-render] screen=874x402 render=2622x1206
[ios-render] screen=874x402 render=2622x1206
[ios-render] screen=874x402 render=2622x1206
[ios-render] screen=874x402 render=2622x1206
[ios-render] screen=874x402 render=2622x1206
[ios-render] screen=874x402 render=2622x1206
[ios-render] screen=874x402 render=2622x1206
[ios-render] screen=874x402 render=2622x1206
[ios-render] screen=874x402 render=2622x1206
[ios-render] screen=874x402 render=2622x1206
[ios-render] screen=874x402 render=2622x1206
[ios-render] screen=874x402 render=2622x1206
[ios-render] screen=874x402 render=2622x1206
[ios-render] screen=874x402 render=2622x1206
[ios-render] screen=874x402 render=2622x1206
[ios-render] screen=874x402 render=2622x1206
[ios-render] screen=874x402 render=2622x1206
[ios-render] screen=874x402 render=2622x1206
[ios-render] screen=874x402 render=2622x1206
[ios-render] screen=874x402 render=2622x1206
[ios-render] screen=874x402 render=2622x1206
[ios-render] screen=874x402 render=2622x1206
[ios-render] screen=874x402 render=2622x1206
[ios-render] screen=874x402 render=2622x1206
[vsync-rate] tick=1719 rate=7.18/s (0.120x of 59.94)
[ios-render] screen=874x402 render=2622x1206
[ios-render] screen=874x402 render=2622x1206
[ios-render] screen=874x402 render=2622x1206
[ios-render] screen=874x402 render=2622x1206
[ios-render] screen=874x402 render=2622x1206
[ios-render] screen=874x402 render=2622x1206
[ios-render] screen=874x402 render=2622x1206
[ios-render] screen=874x402 render=2622x1206
[ios-render] screen=874x402 render=2622x1206
[ios-render] screen=874x402 render=2622x1206
[ios-render] screen=874x402 render=2622x1206
[ios-render] screen=874x402 render=2622x1206
[ios-render] screen=874x402 render=2622x1206
[ios-render] screen=874x402 render=2622x1206
[padscript] release i=10 now=28712ms
[ios-render] screen=874x402 render=2622x1206
[ios-render] screen=874x402 render=2622x1206
[ios-render] screen=874x402 render=2622x1206
[ios-render] screen=874x402 render=2622x1206
[ios-render] screen=874x402 render=2622x1206
[ios-render] screen=874x402 render=2622x1206
[ios-render] screen=874x402 render=2622x1206
[ios-render] screen=874x402 render=2622x1206
[ios-render] screen=874x402 render=2622x1206
[ios-render] screen=874x402 render=2622x1206
[ios-render] screen=874x402 render=2622x1206
[ios-render] screen=874x402 render=2622x1206
[ios-render] screen=874x402 render=2622x1206
[ios-render] screen=874x402 render=2622x1206
[ios-render] screen=874x402 render=2622x1206
[ios-render] screen=874x402 render=2622x1206
[ios-render] screen=874x402 render=2622x1206
[ios-render] screen=874x402 render=2622x1206
[ios-render] screen=874x402 render=2622x1206
[ios-render] screen=874x402 render=2622x1206
[ios-render] screen=874x402 render=2622x1206
[ios-render] screen=874x402 render=2622x1206
[ios-render] screen=874x402 render=2622x1206
[ios-render] screen=874x402 render=2622x1206
[padscript] press i=11 now=28778ms at=28763ms hold=700ms buttons=0x0040
[ios-render] screen=874x402 render=2622x1206
[ios-render] screen=874x402 render=2622x1206
[ios-render] screen=874x402 render=2622x1206
[ios-render] screen=874x402 render=2622x1206
[ios-render] screen=874x402 render=2622x1206
[ios-render] screen=874x402 render=2622x1206
[ios-render] screen=874x402 render=2622x1206
[ios-render] screen=874x402 render=2622x1206
[ios-render] screen=874x402 render=2622x1206
[ios-render] screen=874x402 render=2622x1206
[ios-render] screen=874x402 render=2622x1206
[ios-render] screen=874x402 render=2622x1206
[ios-render] screen=874x402 render=2622x1206
[ios-render] screen=874x402 render=2622x1206
[ios-render] screen=874x402 render=2622x1206
[ios-render] screen=874x402 render=2622x1206
[ios-render] screen=874x402 render=2622x1206
[ios-render] screen=874x402 render=2622x1206
[ios-render] screen=874x402 render=2622x1206
[ios-render] screen=874x402 render=2622x1206
[ios-render] screen=874x402 render=2622x1206
[ios-render] screen=874x402 render=2622x1206
[ios-render] screen=874x402 render=2622x1206
[ios-render] screen=874x402 render=2622x1206
[ios-render] screen=874x402 render=2622x1206
[ios-render] screen=874x402 render=2622x1206
[ios-render] screen=874x402 render=2622x1206
[ios-render] screen=874x402 render=2622x1206
[ios-render] screen=874x402 render=2622x1206
[ios-render] screen=874x402 render=2622x1206
[ios-render] screen=874x402 render=2622x1206
[ios-render] screen=874x402 render=2622x1206
[ios-render] screen=874x402 render=2622x1206
[ios-render] screen=874x402 render=2622x1206
[ios-render] screen=874x402 render=2622x1206
[ios-render] screen=874x402 render=2622x1206
[ios-render] screen=874x402 render=2622x1206
[ios-render] screen=874x402 render=2622x1206
[ios-render] screen=874x402 render=2622x1206
[ios-render] screen=874x402 render=2622x1206
[ios-render] screen=874x402 render=2622x1206
[ios-render] screen=874x402 render=2622x1206
[ios-render] screen=874x402 render=2622x1206
[ios-render] screen=874x402 render=2622x1206
[ios-render] screen=874x402 render=2622x1206
[ios-render] screen=874x402 render=2622x1206
[ios-render] screen=874x402 render=2622x1206
[ios-render] screen=874x402 render=2622x1206
[ios-render] screen=874x402 render=2622x1206
[ios-render] screen=874x402 render=2622x1206
[ios-render] screen=874x402 render=2622x1206
[ios-render] screen=874x402 render=2622x1206
[ios-render] screen=874x402 render=2622x1206
[ios-render] screen=874x402 render=2622x1206
[ios-render] screen=874x402 render=2622x1206
[ios-render] screen=874x402 render=2622x1206
[ios-render] screen=874x402 render=2622x1206
[ios-render] screen=874x402 render=2622x1206
[ios-render] screen=874x402 render=2622x1206
[ios-render] screen=874x402 render=2622x1206
[ios-render] screen=874x402 render=2622x1206
[ios-render] screen=874x402 render=2622x1206
[ios-render] screen=874x402 render=2622x1206
[ios-render] screen=874x402 render=2622x1206
[ios-render] screen=874x402 render=2622x1206
[ios-render] screen=874x402 render=2622x1206
[ios-render] screen=874x402 render=2622x1206
[ios-render] screen=874x402 render=2622x1206
[ios-render] screen=874x402 render=2622x1206
[ios-render] screen=874x402 render=2622x1206
[ios-render] screen=874x402 render=2622x1206
[ios-render] screen=874x402 render=2622x1206
[ios-render] screen=874x402 render=2622x1206
[ios-render] screen=874x402 render=2622x1206
[ios-render] screen=874x402 render=2622x1206
[ios-render] screen=874x402 render=2622x1206
[ios-render] screen=874x402 render=2622x1206
[ios-render] screen=874x402 render=2622x1206
[ios-render] screen=874x402 render=2622x1206
[ios-render] screen=874x402 render=2622x1206
[ios-render] screen=874x402 render=2622x1206
[ios-render] screen=874x402 render=2622x1206
[ios-render] screen=874x402 render=2622x1206
[ios-render] screen=874x402 render=2622x1206
[ios-render] screen=874x402 render=2622x1206
[ios-render] screen=874x402 render=2622x1206
[ios-render] screen=874x402 render=2622x1206
[ios-render] screen=874x402 render=2622x1206
[ios-render] screen=874x402 render=2622x1206
[ios-render] screen=874x402 render=2622x1206
[ios-render] screen=874x402 render=2622x1206
[ios-render] screen=874x402 render=2622x1206
[ios-render] screen=874x402 render=2622x1206
[ios-render] screen=874x402 render=2622x1206
[ios-render] screen=874x402 render=2622x1206
[ios-render] screen=874x402 render=2622x1206
[ios-render] screen=874x402 render=2622x1206
[ios-render] screen=874x402 render=2622x1206
[ios-render] screen=874x402 render=2622x1206
[ios-render] screen=874x402 render=2622x1206
[ios-render] screen=874x402 render=2622x1206
[ios-render] screen=874x402 render=2622x1206
[ios-render] screen=874x402 render=2622x1206
[ios-render] screen=874x402 render=2622x1206
[ios-render] screen=874x402 render=2622x1206
[ios-render] screen=874x402 render=2622x1206
[ios-render] screen=874x402 render=2622x1206
[ios-render] screen=874x402 render=2622x1206
[ios-render] screen=874x402 render=2622x1206
[ios-render] screen=874x402 render=2622x1206
[ios-render] screen=874x402 render=2622x1206
[ios-render] screen=874x402 render=2622x1206
[ios-render] screen=874x402 render=2622x1206
[ios-render] screen=874x402 render=2622x1206
[ios-render] screen=874x402 render=2622x1206
[ios-render] screen=874x402 render=2622x1206
[ios-render] screen=874x402 render=2622x1206
[ios-render] screen=874x402 render=2622x1206
[ios-render] screen=874x402 render=2622x1206
[ios-render] screen=874x402 render=2622x1206
[ios-render] screen=874x402 render=2622x1206
[ios-render] screen=874x402 render=2622x1206
[ios-render] screen=874x402 render=2622x1206
[ios-render] screen=874x402 render=2622x1206
[ios-render] screen=874x402 render=2622x1206
[ios-render] screen=874x402 render=2622x1206
[ios-render] screen=874x402 render=2622x1206
[ios-render] screen=874x402 render=2622x1206
[ios-render] screen=874x402 render=2622x1206
[ios-render] screen=874x402 render=2622x1206
[ios-render] screen=874x402 render=2622x1206
[ios-render] screen=874x402 render=2622x1206
[ios-render] screen=874x402 render=2622x1206
[ios-render] screen=874x402 render=2622x1206
[ios-render] screen=874x402 render=2622x1206
[ios-render] screen=874x402 render=2622x1206
[ios-render] screen=874x402 render=2622x1206
[ios-render] screen=874x402 render=2622x1206
[ios-render] screen=874x402 render=2622x1206
[ios-render] screen=874x402 render=2622x1206
[ios-render] screen=874x402 render=2622x1206
[ios-render] screen=874x402 render=2622x1206
[ios-render] screen=874x402 render=2622x1206
[ios-render] screen=874x402 render=2622x1206
[ios-render] screen=874x402 render=2622x1206
[ios-render] screen=874x402 render=2622x1206
[ios-render] screen=874x402 render=2622x1206
[ios-render] screen=874x402 render=2622x1206
[ios-render] screen=874x402 render=2622x1206
[ios-render] screen=874x402 render=2622x1206
[ios-render] screen=874x402 render=2622x1206
[ios-render] screen=874x402 render=2622x1206
[ios-render] screen=874x402 render=2622x1206
[ios-render] screen=874x402 render=2622x1206
[ios-render] screen=874x402 render=2622x1206
[ios-render] screen=874x402 render=2622x1206
[ios-render] screen=874x402 render=2622x1206
[ios-render] screen=874x402 render=2622x1206
[ios-render] screen=874x402 render=2622x1206
[ios-render] screen=874x402 render=2622x1206
[ios-render] screen=874x402 render=2622x1206
[ios-render] screen=874x402 render=2622x1206
[ios-render] screen=874x402 render=2622x1206
[ios-render] screen=874x402 render=2622x1206
[ios-render] screen=874x402 render=2622x1206
[ios-render] screen=874x402 render=2622x1206
[ios-render] screen=874x402 render=2622x1206
[ios-render] screen=874x402 render=2622x1206
[ios-render] screen=874x402 render=2622x1206
[ios-render] screen=874x402 render=2622x1206
[ios-render] screen=874x402 render=2622x1206
[ios-render] screen=874x402 render=2622x1206
[ios-render] screen=874x402 render=2622x1206
[ios-render] screen=874x402 render=2622x1206
[ios-render] screen=874x402 render=2622x1206
[ios-render] screen=874x402 render=2622x1206
[ios-render] screen=874x402 render=2622x1206
[ios-render] screen=874x402 render=2622x1206
[ios-render] screen=874x402 render=2622x1206
[ios-render] screen=874x402 render=2622x1206
[ios-render] screen=874x402 render=2622x1206
[ios-render] screen=874x402 render=2622x1206
[ios-render] screen=874x402 render=2622x1206
[ios-render] screen=874x402 render=2622x1206
[ios-render] screen=874x402 render=2622x1206
[ios-render] screen=874x402 render=2622x1206
[ios-render] screen=874x402 render=2622x1206
[ios-render] screen=874x402 render=2622x1206
[ios-render] screen=874x402 render=2622x1206
[vsync-rate] tick=1754 rate=6.97/s (0.116x of 59.94)
[ios-render] screen=874x402 render=2622x1206
[ios-render] screen=874x402 render=2622x1206
[ios-render] screen=874x402 render=2622x1206
[ios-render] screen=874x402 render=2622x1206
[ios-render] screen=874x402 render=2622x1206
[ios-render] screen=874x402 render=2622x1206
[ios-render] screen=874x402 render=2622x1206
[ios-render] screen=874x402 render=2622x1206
[ios-render] screen=874x402 render=2622x1206
[ios-render] screen=874x402 render=2622x1206
[ios-render] screen=874x402 render=2622x1206
[ios-render] screen=874x402 render=2622x1206
[ios-render] screen=874x402 render=2622x1206
[ios-render] screen=874x402 render=2622x1206
[ios-render] screen=874x402 render=2622x1206
[ios-render] screen=874x402 render=2622x1206
[ios-render] screen=874x402 render=2622x1206
[ios-render] screen=874x402 render=2622x1206
[ios-render] screen=874x402 render=2622x1206
[ios-render] screen=874x402 render=2622x1206
[ios-render] screen=874x402 render=2622x1206
[ios-render] screen=874x402 render=2622x1206
[ios-render] screen=874x402 render=2622x1206
[ios-render] screen=874x402 render=2622x1206
[ios-render] screen=874x402 render=2622x1206
[ios-render] screen=874x402 render=2622x1206
[ios-render] screen=874x402 render=2622x1206
[ios-render] screen=874x402 render=2622x1206
[ios-render] screen=874x402 render=2622x1206
[ios-render] screen=874x402 render=2622x1206
[ios-render] screen=874x402 render=2622x1206
[ios-render] screen=874x402 render=2622x1206
[ios-render] screen=874x402 render=2622x1206
[ios-render] screen=874x402 render=2622x1206
[ios-render] screen=874x402 render=2622x1206
[ios-render] screen=874x402 render=2622x1206
[ios-render] screen=874x402 render=2622x1206
[ios-render] screen=874x402 render=2622x1206
[ios-render] screen=874x402 render=2622x1206
[ios-render] screen=874x402 render=2622x1206
[ios-render] screen=874x402 render=2622x1206
[ios-render] screen=874x402 render=2622x1206
[ios-render] screen=874x402 render=2622x1206
[ios-render] screen=874x402 render=2622x1206
[ios-render] screen=874x402 render=2622x1206
[ios-render] screen=874x402 render=2622x1206
[ios-render] screen=874x402 render=2622x1206
[ios-render] screen=874x402 render=2622x1206
[ios-render] screen=874x402 render=2622x1206
[ios-render] screen=874x402 render=2622x1206
[ios-render] screen=874x402 render=2622x1206
[ios-render] screen=874x402 render=2622x1206
[ios-render] screen=874x402 render=2622x1206
[ios-render] screen=874x402 render=2622x1206
[ios-render] screen=874x402 render=2622x1206
[ios-render] screen=874x402 render=2622x1206
[ios-render] screen=874x402 render=2622x1206
[ios-render] screen=874x402 render=2622x1206
[ios-render] screen=874x402 render=2622x1206
[ios-render] screen=874x402 render=2622x1206
[ios-render] screen=874x402 render=2622x1206
[ios-render] screen=874x402 render=2622x1206
[ios-render] screen=874x402 render=2622x1206
[ios-render] screen=874x402 render=2622x1206
[ios-render] screen=874x402 render=2622x1206
[ios-render] screen=874x402 render=2622x1206
[ios-render] screen=874x402 render=2622x1206
[ios-render] screen=874x402 render=2622x1206
[ios-render] screen=874x402 render=2622x1206
[ios-render] screen=874x402 render=2622x1206
[ios-render] screen=874x402 render=2622x1206
[ios-render] screen=874x402 render=2622x1206
[ios-render] screen=874x402 render=2622x1206
[ios-render] screen=874x402 render=2622x1206
[ios-render] screen=874x402 render=2622x1206
[ios-render] screen=874x402 render=2622x1206
[padscript] release i=11 now=29479ms
[ios-render] screen=874x402 render=2622x1206
[ios-render] screen=874x402 render=2622x1206
[ios-render] screen=874x402 render=2622x1206
[ios-render] screen=874x402 render=2622x1206
[ios-render] screen=874x402 render=2622x1206
[ios-render] screen=874x402 render=2622x1206
[ios-render] screen=874x402 render=2622x1206
[ios-render] screen=874x402 render=2622x1206
[ios-render] screen=874x402 render=2622x1206
[ios-render] screen=874x402 render=2622x1206
[ios-render] screen=874x402 render=2622x1206
[ios-render] screen=874x402 render=2622x1206
[ios-render] screen=874x402 render=2622x1206
[ios-render] screen=874x402 render=2622x1206
[ios-render] screen=874x402 render=2622x1206
[ios-render] screen=874x402 render=2622x1206
[ios-render] screen=874x402 render=2622x1206
[ios-render] screen=874x402 render=2622x1206
[ios-render] screen=874x402 render=2622x1206
[ios-render] screen=874x402 render=2622x1206
[ios-render] screen=874x402 render=2622x1206
[ios-render] screen=874x402 render=2622x1206
[ios-render] screen=874x402 render=2622x1206
[ios-render] screen=874x402 render=2622x1206
[ios-render] screen=874x402 render=2622x1206
[padscript] press i=12 now=29529ms at=29513ms hold=200ms buttons=0x4000
[ios-render] screen=874x402 render=2622x1206
[ios-render] screen=874x402 render=2622x1206
[ios-render] screen=874x402 render=2622x1206
[ios-render] screen=874x402 render=2622x1206
[ios-render] screen=874x402 render=2622x1206
[ios-render] screen=874x402 render=2622x1206
[ios-render] screen=874x402 render=2622x1206
[ios-render] screen=874x402 render=2622x1206
[ios-render] screen=874x402 render=2622x1206
[ios-render] screen=874x402 render=2622x1206
[ios-render] screen=874x402 render=2622x1206
[ios-render] screen=874x402 render=2622x1206
[ios-render] screen=874x402 render=2622x1206
[ios-render] screen=874x402 render=2622x1206
[ios-render] screen=874x402 render=2622x1206
[ios-render] screen=874x402 render=2622x1206
[ios-render] screen=874x402 render=2622x1206
[ios-render] screen=874x402 render=2622x1206
[ios-render] screen=874x402 render=2622x1206
[ios-render] screen=874x402 render=2622x1206
[ios-render] screen=874x402 render=2622x1206
[ios-render] screen=874x402 render=2622x1206
[ios-render] screen=874x402 render=2622x1206
[ios-render] screen=874x402 render=2622x1206
[ios-render] screen=874x402 render=2622x1206
[ios-render] screen=874x402 render=2622x1206
[ios-render] screen=874x402 render=2622x1206
[ios-render] screen=874x402 render=2622x1206
[ios-render] screen=874x402 render=2622x1206
[ios-render] screen=874x402 render=2622x1206
[ios-render] screen=874x402 render=2622x1206
[ios-render] screen=874x402 render=2622x1206
[ios-render] screen=874x402 render=2622x1206
[ios-render] screen=874x402 render=2622x1206
[ios-render] screen=874x402 render=2622x1206
[ios-render] screen=874x402 render=2622x1206
[ios-render] screen=874x402 render=2622x1206
[ios-render] screen=874x402 render=2622x1206
[ios-render] screen=874x402 render=2622x1206
[ios-render] screen=874x402 render=2622x1206
[ios-render] screen=874x402 render=2622x1206
[ios-render] screen=874x402 render=2622x1206
[ios-render] screen=874x402 render=2622x1206
[ios-render] screen=874x402 render=2622x1206
[ios-render] screen=874x402 render=2622x1206
[ios-render] screen=874x402 render=2622x1206
[ios-render] screen=874x402 render=2622x1206
[ios-render] screen=874x402 render=2622x1206
[ios-render] screen=874x402 render=2622x1206
[ios-render] screen=874x402 render=2622x1206
[ios-render] screen=874x402 render=2622x1206
[ios-render] screen=874x402 render=2622x1206
[ios-render] screen=874x402 render=2622x1206
[ios-render] screen=874x402 render=2622x1206
[ios-render] screen=874x402 render=2622x1206
[ios-render] screen=874x402 render=2622x1206
[ios-render] screen=874x402 render=2622x1206
[ios-render] screen=874x402 render=2622x1206
[ios-render] screen=874x402 render=2622x1206
[ios-render] screen=874x402 render=2622x1206
[ios-render] screen=874x402 render=2622x1206
[ios-render] screen=874x402 render=2622x1206
[ios-render] screen=874x402 render=2622x1206
[ios-render] screen=874x402 render=2622x1206
[ios-render] screen=874x402 render=2622x1206
[ios-render] screen=874x402 render=2622x1206
[ios-render] screen=874x402 render=2622x1206
[ios-render] screen=874x402 render=2622x1206
[padscript] release i=12 now=29713ms
[ios-render] screen=874x402 render=2622x1206
[ios-render] screen=874x402 render=2622x1206
[ios-render] screen=874x402 render=2622x1206
[ios-render] screen=874x402 render=2622x1206
[ios-render] screen=874x402 render=2622x1206
[ios-render] screen=874x402 render=2622x1206
[ios-render] screen=874x402 render=2622x1206
[ios-render] screen=874x402 render=2622x1206
[ios-render] screen=874x402 render=2622x1206
[ios-render] screen=874x402 render=2622x1206
[ios-render] screen=874x402 render=2622x1206
[ios-render] screen=874x402 render=2622x1206
[ios-render] screen=874x402 render=2622x1206
[ios-render] screen=874x402 render=2622x1206
[ios-render] screen=874x402 render=2622x1206
[ios-render] screen=874x402 render=2622x1206
[ios-render] screen=874x402 render=2622x1206
[ios-render] screen=874x402 render=2622x1206
[ios-render] screen=874x402 render=2622x1206
[ios-render] screen=874x402 render=2622x1206
[ios-render] screen=874x402 render=2622x1206
[ios-render] screen=874x402 render=2622x1206
[ios-render] screen=874x402 render=2622x1206
[ios-render] screen=874x402 render=2622x1206
[ios-render] screen=874x402 render=2622x1206
[padscript] press i=13 now=29779ms at=29764ms hold=700ms buttons=0x0040
[ios-render] screen=874x402 render=2622x1206
[ios-render] screen=874x402 render=2622x1206
[ios-render] screen=874x402 render=2622x1206
[ios-render] screen=874x402 render=2622x1206
[ios-render] screen=874x402 render=2622x1206
[ios-render] screen=874x402 render=2622x1206
[ios-render] screen=874x402 render=2622x1206
[ios-render] screen=874x402 render=2622x1206
[ios-render] screen=874x402 render=2622x1206
[ios-render] screen=874x402 render=2622x1206
[ios-render] screen=874x402 render=2622x1206
[ios-render] screen=874x402 render=2622x1206
[ios-render] screen=874x402 render=2622x1206
[ios-render] screen=874x402 render=2622x1206
[ios-render] screen=874x402 render=2622x1206
[ios-render] screen=874x402 render=2622x1206
[ios-render] screen=874x402 render=2622x1206
[ios-render] screen=874x402 render=2622x1206
[ios-render] screen=874x402 render=2622x1206
[ios-render] screen=874x402 render=2622x1206
[ios-render] screen=874x402 render=2622x1206
[ios-render] screen=874x402 render=2622x1206
[ios-render] screen=874x402 render=2622x1206
[ios-render] screen=874x402 render=2622x1206
[ios-render] screen=874x402 render=2622x1206
[ios-render] screen=874x402 render=2622x1206
[ios-render] screen=874x402 render=2622x1206
[ios-render] screen=874x402 render=2622x1206
[ios-render] screen=874x402 render=2622x1206
[ios-render] screen=874x402 render=2622x1206
[ios-render] screen=874x402 render=2622x1206
[ios-render] screen=874x402 render=2622x1206
[vsync-rate] tick=1788 rate=6.78/s (0.113x of 59.94)
[ios-render] screen=874x402 render=2622x1206
[ios-render] screen=874x402 render=2622x1206
[ios-render] screen=874x402 render=2622x1206
[ios-render] screen=874x402 render=2622x1206
[ios-render] screen=874x402 render=2622x1206
[ios-render] screen=874x402 render=2622x1206
[ios-render] screen=874x402 render=2622x1206
[ios-render] screen=874x402 render=2622x1206
[ios-render] screen=874x402 render=2622x1206
[ios-render] screen=874x402 render=2622x1206
[ios-render] screen=874x402 render=2622x1206
[ios-render] screen=874x402 render=2622x1206
[ios-render] screen=874x402 render=2622x1206
[ios-render] screen=874x402 render=2622x1206
[ios-render] screen=874x402 render=2622x1206
[ios-render] screen=874x402 render=2622x1206
[ios-render] screen=874x402 render=2622x1206
[ios-render] screen=874x402 render=2622x1206
[ios-render] screen=874x402 render=2622x1206
[ios-render] screen=874x402 render=2622x1206
[ios-render] screen=874x402 render=2622x1206
[ios-render] screen=874x402 render=2622x1206
[ios-render] screen=874x402 render=2622x1206
[ios-render] screen=874x402 render=2622x1206
[ios-render] screen=874x402 render=2622x1206
[ios-render] screen=874x402 render=2622x1206
[ios-render] screen=874x402 render=2622x1206
[ios-render] screen=874x402 render=2622x1206
[ios-render] screen=874x402 render=2622x1206
[ios-render] screen=874x402 render=2622x1206
[ios-render] screen=874x402 render=2622x1206
[ios-render] screen=874x402 render=2622x1206
[ios-render] screen=874x402 render=2622x1206
[ios-render] screen=874x402 render=2622x1206
[ios-render] screen=874x402 render=2622x1206
[ios-render] screen=874x402 render=2622x1206
[ios-render] screen=874x402 render=2622x1206
[ios-render] screen=874x402 render=2622x1206
[ios-render] screen=874x402 render=2622x1206
[ios-render] screen=874x402 render=2622x1206
[ios-render] screen=874x402 render=2622x1206
[ios-render] screen=874x402 render=2622x1206
[ios-render] screen=874x402 render=2622x1206
[ios-render] screen=874x402 render=2622x1206
[ios-render] screen=874x402 render=2622x1206
[ios-render] screen=874x402 render=2622x1206
[ios-render] screen=874x402 render=2622x1206
[ios-render] screen=874x402 render=2622x1206
[ios-render] screen=874x402 render=2622x1206
[ios-render] screen=874x402 render=2622x1206
[ios-render] screen=874x402 render=2622x1206
[ios-render] screen=874x402 render=2622x1206
[ios-render] screen=874x402 render=2622x1206
[ios-render] screen=874x402 render=2622x1206
[ios-render] screen=874x402 render=2622x1206
[ios-render] screen=874x402 render=2622x1206
[ios-render] screen=874x402 render=2622x1206
[ios-render] screen=874x402 render=2622x1206
[ios-render] screen=874x402 render=2622x1206
[ios-render] screen=874x402 render=2622x1206
[ios-render] screen=874x402 render=2622x1206
[ios-render] screen=874x402 render=2622x1206
[ios-render] screen=874x402 render=2622x1206
[ios-render] screen=874x402 render=2622x1206
[ios-render] screen=874x402 render=2622x1206
[ios-render] screen=874x402 render=2622x1206
[ios-render] screen=874x402 render=2622x1206
[ios-render] screen=874x402 render=2622x1206
[ios-render] screen=874x402 render=2622x1206
[ios-render] screen=874x402 render=2622x1206
[ios-render] screen=874x402 render=2622x1206
[ios-render] screen=874x402 render=2622x1206
[ios-render] screen=874x402 render=2622x1206
[ios-render] screen=874x402 render=2622x1206
[ios-render] screen=874x402 render=2622x1206
[ios-render] screen=874x402 render=2622x1206
[ios-render] screen=874x402 render=2622x1206
[ios-render] screen=874x402 render=2622x1206
[ios-render] screen=874x402 render=2622x1206
[ios-render] screen=874x402 render=2622x1206
[ios-render] screen=874x402 render=2622x1206
[ios-render] screen=874x402 render=2622x1206
[ios-render] screen=874x402 render=2622x1206
[ios-render] screen=874x402 render=2622x1206
[ios-render] screen=874x402 render=2622x1206
[ios-render] screen=874x402 render=2622x1206
[ios-render] screen=874x402 render=2622x1206
[ios-render] screen=874x402 render=2622x1206
[ios-render] screen=874x402 render=2622x1206
[ios-render] screen=874x402 render=2622x1206
[ios-render] screen=874x402 render=2622x1206
[ios-render] screen=874x402 render=2622x1206
[ios-render] screen=874x402 render=2622x1206
[ios-render] screen=874x402 render=2622x1206
[ios-render] screen=874x402 render=2622x1206
[ios-render] screen=874x402 render=2622x1206
[ios-render] screen=874x402 render=2622x1206
[ios-render] screen=874x402 render=2622x1206
[ios-render] screen=874x402 render=2622x1206
[ios-render] screen=874x402 render=2622x1206
[ios-render] screen=874x402 render=2622x1206
[ios-render] screen=874x402 render=2622x1206
[ios-render] screen=874x402 render=2622x1206
[ios-render] screen=874x402 render=2622x1206
[ios-render] screen=874x402 render=2622x1206
[ios-render] screen=874x402 render=2622x1206
[ios-render] screen=874x402 render=2622x1206
[ios-render] screen=874x402 render=2622x1206
[ios-render] screen=874x402 render=2622x1206
[ios-render] screen=874x402 render=2622x1206
[ios-render] screen=874x402 render=2622x1206
[ios-render] screen=874x402 render=2622x1206
[ios-render] screen=874x402 render=2622x1206
[ios-render] screen=874x402 render=2622x1206
[ios-render] screen=874x402 render=2622x1206
[ios-render] screen=874x402 render=2622x1206
[ios-render] screen=874x402 render=2622x1206
[ios-render] screen=874x402 render=2622x1206
[ios-render] screen=874x402 render=2622x1206
[ios-render] screen=874x402 render=2622x1206
[ios-render] screen=874x402 render=2622x1206
[ios-render] screen=874x402 render=2622x1206
[ios-render] screen=874x402 render=2622x1206
[ios-render] screen=874x402 render=2622x1206
[ios-render] screen=874x402 render=2622x1206
[ios-render] screen=874x402 render=2622x1206
[ios-render] screen=874x402 render=2622x1206
[ios-render] screen=874x402 render=2622x1206
[ios-render] screen=874x402 render=2622x1206
[ios-render] screen=874x402 render=2622x1206
[ios-render] screen=874x402 render=2622x1206
[ios-render] screen=874x402 render=2622x1206
[ios-render] screen=874x402 render=2622x1206
[ios-render] screen=874x402 render=2622x1206
[ios-render] screen=874x402 render=2622x1206
[ios-render] screen=874x402 render=2622x1206
[ios-render] screen=874x402 render=2622x1206
[ios-render] screen=874x402 render=2622x1206
[ios-render] screen=874x402 render=2622x1206
[ios-render] screen=874x402 render=2622x1206
[ios-render] screen=874x402 render=2622x1206
[ios-render] screen=874x402 render=2622x1206
[ios-render] screen=874x402 render=2622x1206
[ios-render] screen=874x402 render=2622x1206
[ios-render] screen=874x402 render=2622x1206
[ios-render] screen=874x402 render=2622x1206
[ios-render] screen=874x402 render=2622x1206
[ios-render] screen=874x402 render=2622x1206
[ios-render] screen=874x402 render=2622x1206
[ios-render] screen=874x402 render=2622x1206
[ios-render] screen=874x402 render=2622x1206
[ios-render] screen=874x402 render=2622x1206
[ios-render] screen=874x402 render=2622x1206
[ios-render] screen=874x402 render=2622x1206
[ios-render] screen=874x402 render=2622x1206
[ios-render] screen=874x402 render=2622x1206
[ios-render] screen=874x402 render=2622x1206
[ios-render] screen=874x402 render=2622x1206
[ios-render] screen=874x402 render=2622x1206
[ios-render] screen=874x402 render=2622x1206
[ios-render] screen=874x402 render=2622x1206
[ios-render] screen=874x402 render=2622x1206
[ios-render] screen=874x402 render=2622x1206
[ios-render] screen=874x402 render=2622x1206
[ios-render] screen=874x402 render=2622x1206
[ios-render] screen=874x402 render=2622x1206
[ios-render] screen=874x402 render=2622x1206
[ios-render] screen=874x402 render=2622x1206
[ios-render] screen=874x402 render=2622x1206
[ios-render] screen=874x402 render=2622x1206
[ios-render] screen=874x402 render=2622x1206
[ios-render] screen=874x402 render=2622x1206
[ios-render] screen=874x402 render=2622x1206
[ios-render] screen=874x402 render=2622x1206
[ios-render] screen=874x402 render=2622x1206
[ios-render] screen=874x402 render=2622x1206
[ios-render] screen=874x402 render=2622x1206
[ios-render] screen=874x402 render=2622x1206
[ios-render] screen=874x402 render=2622x1206
[ios-render] screen=874x402 render=2622x1206
[ios-render] screen=874x402 render=2622x1206
[ios-render] screen=874x402 render=2622x1206
[ios-render] screen=874x402 render=2622x1206
[ios-render] screen=874x402 render=2622x1206
[ios-render] screen=874x402 render=2622x1206
[ios-render] screen=874x402 render=2622x1206
[ios-render] screen=874x402 render=2622x1206
[ios-render] screen=874x402 render=2622x1206
[ios-render] screen=874x402 render=2622x1206
[ios-render] screen=874x402 render=2622x1206
[ios-render] screen=874x402 render=2622x1206
[ios-render] screen=874x402 render=2622x1206
[ios-render] screen=874x402 render=2622x1206
[ios-render] screen=874x402 render=2622x1206
[ios-render] screen=874x402 render=2622x1206
[ios-render] screen=874x402 render=2622x1206
[ios-render] screen=874x402 render=2622x1206
[ios-render] screen=874x402 render=2622x1206
[ios-render] screen=874x402 render=2622x1206
[ios-render] screen=874x402 render=2622x1206
[ios-render] screen=874x402 render=2622x1206
[ios-render] screen=874x402 render=2622x1206
[ios-render] screen=874x402 render=2622x1206
[ios-render] screen=874x402 render=2622x1206
[ios-render] screen=874x402 render=2622x1206
[ios-render] screen=874x402 render=2622x1206
[ios-render] screen=874x402 render=2622x1206
[ios-render] screen=874x402 render=2622x1206
[ios-render] screen=874x402 render=2622x1206
[ios-render] screen=874x402 render=2622x1206
[ios-render] screen=874x402 render=2622x1206
[ios-render] screen=874x402 render=2622x1206
[ios-render] screen=874x402 render=2622x1206
[ios-render] screen=874x402 render=2622x1206
[ios-render] screen=874x402 render=2622x1206
[ios-render] screen=874x402 render=2622x1206
[ios-render] screen=874x402 render=2622x1206
[ios-render] screen=874x402 render=2622x1206
[ios-render] screen=874x402 render=2622x1206
[ios-render] screen=874x402 render=2622x1206
[ios-render] screen=874x402 render=2622x1206
[ios-render] screen=874x402 render=2622x1206
[ios-render] screen=874x402 render=2622x1206
[vsync-rate] tick=1824 rate=7.19/s (0.120x of 59.94)
[ios-render] screen=874x402 render=2622x1206
[ios-render] screen=874x402 render=2622x1206
[ios-render] screen=874x402 render=2622x1206
[ios-render] screen=874x402 render=2622x1206
[ios-render] screen=874x402 render=2622x1206
[ios-render] screen=874x402 render=2622x1206
[ios-render] screen=874x402 render=2622x1206
[ios-render] screen=874x402 render=2622x1206
[ios-render] screen=874x402 render=2622x1206
[ios-render] screen=874x402 render=2622x1206
[ios-render] screen=874x402 render=2622x1206
[ios-render] screen=874x402 render=2622x1206
[ios-render] screen=874x402 render=2622x1206
[ios-render] screen=874x402 render=2622x1206
[ios-render] screen=874x402 render=2622x1206
[ios-render] screen=874x402 render=2622x1206
[ios-render] screen=874x402 render=2622x1206
[ios-render] screen=874x402 render=2622x1206
[ios-render] screen=874x402 render=2622x1206
[padscript] release i=13 now=30480ms
[ios-render] screen=874x402 render=2622x1206
[ios-render] screen=874x402 render=2622x1206
[ios-render] screen=874x402 render=2622x1206
[ios-render] screen=874x402 render=2622x1206
[ios-render] screen=874x402 render=2622x1206
[ios-render] screen=874x402 render=2622x1206
[ios-render] screen=874x402 render=2622x1206
[ios-render] screen=874x402 render=2622x1206
[ios-render] screen=874x402 render=2622x1206
[ios-render] screen=874x402 render=2622x1206
[ios-render] screen=874x402 render=2622x1206
[ios-render] screen=874x402 render=2622x1206
[ios-render] screen=874x402 render=2622x1206
[ios-render] screen=874x402 render=2622x1206
[ios-render] screen=874x402 render=2622x1206
[ios-render] screen=874x402 render=2622x1206
[padscript] press i=14 now=30530ms at=30514ms hold=200ms buttons=0x4000
[ios-render] screen=874x402 render=2622x1206
[ios-render] screen=874x402 render=2622x1206
[ios-render] screen=874x402 render=2622x1206
[ios-render] screen=874x402 render=2622x1206
[ios-render] screen=874x402 render=2622x1206
[ios-render] screen=874x402 render=2622x1206
[ios-render] screen=874x402 render=2622x1206
[ios-render] screen=874x402 render=2622x1206
[ios-render] screen=874x402 render=2622x1206
[ios-render] screen=874x402 render=2622x1206
[ios-render] screen=874x402 render=2622x1206
[ios-render] screen=874x402 render=2622x1206
[ios-render] screen=874x402 render=2622x1206
[ios-render] screen=874x402 render=2622x1206
[ios-render] screen=874x402 render=2622x1206
[ios-render] screen=874x402 render=2622x1206
[ios-render] screen=874x402 render=2622x1206
[ios-render] screen=874x402 render=2622x1206
[ios-render] screen=874x402 render=2622x1206
[ios-render] screen=874x402 render=2622x1206
[ios-render] screen=874x402 render=2622x1206
[ios-render] screen=874x402 render=2622x1206
[ios-render] screen=874x402 render=2622x1206
[ios-render] screen=874x402 render=2622x1206
[ios-render] screen=874x402 render=2622x1206
[ios-render] screen=874x402 render=2622x1206
[ios-render] screen=874x402 render=2622x1206
[ios-render] screen=874x402 render=2622x1206
[ios-render] screen=874x402 render=2622x1206
[ios-render] screen=874x402 render=2622x1206
[ios-render] screen=874x402 render=2622x1206
[ios-render] screen=874x402 render=2622x1206
[ios-render] screen=874x402 render=2622x1206
[ios-render] screen=874x402 render=2622x1206
[ios-render] screen=874x402 render=2622x1206
[ios-render] screen=874x402 render=2622x1206
[ios-render] screen=874x402 render=2622x1206
[ios-render] screen=874x402 render=2622x1206
[ios-render] screen=874x402 render=2622x1206
[ios-render] screen=874x402 render=2622x1206
[ios-render] screen=874x402 render=2622x1206
[ios-render] screen=874x402 render=2622x1206
[ios-render] screen=874x402 render=2622x1206
[ios-render] screen=874x402 render=2622x1206
[ios-render] screen=874x402 render=2622x1206
[ios-render] screen=874x402 render=2622x1206
[ios-render] screen=874x402 render=2622x1206
[ios-render] screen=874x402 render=2622x1206
[ios-render] screen=874x402 render=2622x1206
[ios-render] screen=874x402 render=2622x1206
[ios-render] screen=874x402 render=2622x1206
[ios-render] screen=874x402 render=2622x1206
[ios-render] screen=874x402 render=2622x1206
[ios-render] screen=874x402 render=2622x1206
[ios-render] screen=874x402 render=2622x1206
[ios-render] screen=874x402 render=2622x1206
[ios-render] screen=874x402 render=2622x1206
[ios-render] screen=874x402 render=2622x1206
[ios-render] screen=874x402 render=2622x1206
[ios-render] screen=874x402 render=2622x1206
[ios-render] screen=874x402 render=2622x1206
[ios-render] screen=874x402 render=2622x1206
[ios-render] screen=874x402 render=2622x1206
[ios-render] screen=874x402 render=2622x1206
[ios-render] screen=874x402 render=2622x1206
[ios-render] screen=874x402 render=2622x1206
[ios-render] screen=874x402 render=2622x1206
[ios-render] screen=874x402 render=2622x1206
[ios-render] screen=874x402 render=2622x1206
[ios-render] screen=874x402 render=2622x1206
[ios-render] screen=874x402 render=2622x1206
[ios-render] screen=874x402 render=2622x1206
[padscript] release i=14 now=30714ms
[ios-render] screen=874x402 render=2622x1206
[ios-render] screen=874x402 render=2622x1206
[ios-render] screen=874x402 render=2622x1206
[ios-render] screen=874x402 render=2622x1206
[ios-render] screen=874x402 render=2622x1206
[ios-render] screen=874x402 render=2622x1206
[ios-render] screen=874x402 render=2622x1206
[ios-render] screen=874x402 render=2622x1206
[ios-render] screen=874x402 render=2622x1206
[ios-render] screen=874x402 render=2622x1206
[ios-render] screen=874x402 render=2622x1206
[ios-render] screen=874x402 render=2622x1206
[ios-render] screen=874x402 render=2622x1206
[ios-render] screen=874x402 render=2622x1206
[ios-render] screen=874x402 render=2622x1206
[ios-render] screen=874x402 render=2622x1206
[ios-render] screen=874x402 render=2622x1206
[ios-render] screen=874x402 render=2622x1206
[ios-render] screen=874x402 render=2622x1206
[ios-render] screen=874x402 render=2622x1206
[ios-render] screen=874x402 render=2622x1206
[ios-render] screen=874x402 render=2622x1206
[ios-render] screen=874x402 render=2622x1206
[ios-render] screen=874x402 render=2622x1206
[padscript] press i=15 now=30780ms at=30765ms hold=700ms buttons=0x0040
[ios-render] screen=874x402 render=2622x1206
[ios-render] screen=874x402 render=2622x1206
[ios-render] screen=874x402 render=2622x1206
[ios-render] screen=874x402 render=2622x1206
[ios-render] screen=874x402 render=2622x1206
[ios-render] screen=874x402 render=2622x1206
[ios-render] screen=874x402 render=2622x1206
[ios-render] screen=874x402 render=2622x1206
[ios-render] screen=874x402 render=2622x1206
[ios-render] screen=874x402 render=2622x1206
[ios-render] screen=874x402 render=2622x1206
[ios-render] screen=874x402 render=2622x1206
[ios-render] screen=874x402 render=2622x1206
[ios-render] screen=874x402 render=2622x1206
[ios-render] screen=874x402 render=2622x1206
[ios-render] screen=874x402 render=2622x1206
[ios-render] screen=874x402 render=2622x1206
[ios-render] screen=874x402 render=2622x1206
[ios-render] screen=874x402 render=2622x1206
[ios-render] screen=874x402 render=2622x1206
[ios-render] screen=874x402 render=2622x1206
[ios-render] screen=874x402 render=2622x1206
[ios-render] screen=874x402 render=2622x1206
[ios-render] screen=874x402 render=2622x1206
[ios-render] screen=874x402 render=2622x1206
[ios-render] screen=874x402 render=2622x1206
[ios-render] screen=874x402 render=2622x1206
[ios-render] screen=874x402 render=2622x1206
[ios-render] screen=874x402 render=2622x1206
[ios-render] screen=874x402 render=2622x1206
[ios-render] screen=874x402 render=2622x1206
[ios-render] screen=874x402 render=2622x1206
[ios-render] screen=874x402 render=2622x1206
[ios-render] screen=874x402 render=2622x1206
[ios-render] screen=874x402 render=2622x1206
[ios-render] screen=874x402 render=2622x1206
[ios-render] screen=874x402 render=2622x1206
[ios-render] screen=874x402 render=2622x1206
[ios-render] screen=874x402 render=2622x1206
[ios-render] screen=874x402 render=2622x1206
[ios-render] screen=874x402 render=2622x1206
[ios-render] screen=874x402 render=2622x1206
[ios-render] screen=874x402 render=2622x1206
[ios-render] screen=874x402 render=2622x1206
[ios-render] screen=874x402 render=2622x1206
[ios-render] screen=874x402 render=2622x1206
[ios-render] screen=874x402 render=2622x1206
[ios-render] screen=874x402 render=2622x1206
[ios-render] screen=874x402 render=2622x1206
[ios-render] screen=874x402 render=2622x1206
[ios-render] screen=874x402 render=2622x1206
[ios-render] screen=874x402 render=2622x1206
[ios-render] screen=874x402 render=2622x1206
[ios-render] screen=874x402 render=2622x1206
[ios-render] screen=874x402 render=2622x1206
[ios-render] screen=874x402 render=2622x1206
[ios-render] screen=874x402 render=2622x1206
[ios-render] screen=874x402 render=2622x1206
[ios-render] screen=874x402 render=2622x1206
[ios-render] screen=874x402 render=2622x1206
[ios-render] screen=874x402 render=2622x1206
[ios-render] screen=874x402 render=2622x1206
[ios-render] screen=874x402 render=2622x1206
[ios-render] screen=874x402 render=2622x1206
[ios-render] screen=874x402 render=2622x1206
[ios-render] screen=874x402 render=2622x1206
[ios-render] screen=874x402 render=2622x1206
[ios-render] screen=874x402 render=2622x1206
[ios-render] screen=874x402 render=2622x1206
[ios-render] screen=874x402 render=2622x1206
[ios-render] screen=874x402 render=2622x1206
[ios-render] screen=874x402 render=2622x1206
[ios-render] screen=874x402 render=2622x1206
[ios-render] screen=874x402 render=2622x1206
[ios-render] screen=874x402 render=2622x1206
[ios-render] screen=874x402 render=2622x1206
[ios-render] screen=874x402 render=2622x1206
[ios-render] screen=874x402 render=2622x1206
[ios-render] screen=874x402 render=2622x1206
[ios-render] screen=874x402 render=2622x1206
[ios-render] screen=874x402 render=2622x1206
[ios-render] screen=874x402 render=2622x1206
[ios-render] screen=874x402 render=2622x1206
[ios-render] screen=874x402 render=2622x1206
[ios-render] screen=874x402 render=2622x1206
[ios-render] screen=874x402 render=2622x1206
[ios-render] screen=874x402 render=2622x1206
[ios-render] screen=874x402 render=2622x1206
[ios-render] screen=874x402 render=2622x1206
[ios-render] screen=874x402 render=2622x1206
[ios-render] screen=874x402 render=2622x1206
[ios-render] screen=874x402 render=2622x1206
[ios-render] screen=874x402 render=2622x1206
[ios-render] screen=874x402 render=2622x1206
[ios-render] screen=874x402 render=2622x1206
[vsync-rate] tick=1860 rate=7.18/s (0.120x of 59.94)
[ios-render] screen=874x402 render=2622x1206
[ios-render] screen=874x402 render=2622x1206
[ios-render] screen=874x402 render=2622x1206
[ios-render] screen=874x402 render=2622x1206
[ios-render] screen=874x402 render=2622x1206
[ios-render] screen=874x402 render=2622x1206
[ios-render] screen=874x402 render=2622x1206
[ios-render] screen=874x402 render=2622x1206
[ios-render] screen=874x402 render=2622x1206
[ios-render] screen=874x402 render=2622x1206
[ios-render] screen=874x402 render=2622x1206
[ios-render] screen=874x402 render=2622x1206
[ios-render] screen=874x402 render=2622x1206
[ios-render] screen=874x402 render=2622x1206
[ios-render] screen=874x402 render=2622x1206
[ios-render] screen=874x402 render=2622x1206
[ios-render] screen=874x402 render=2622x1206
[ios-render] screen=874x402 render=2622x1206
[ios-render] screen=874x402 render=2622x1206
[ios-render] screen=874x402 render=2622x1206
[ios-render] screen=874x402 render=2622x1206
[ios-render] screen=874x402 render=2622x1206
[ios-render] screen=874x402 render=2622x1206
[ios-render] screen=874x402 render=2622x1206
[ios-render] screen=874x402 render=2622x1206
[ios-render] screen=874x402 render=2622x1206
[ios-render] screen=874x402 render=2622x1206
[ios-render] screen=874x402 render=2622x1206
[ios-render] screen=874x402 render=2622x1206
[ios-render] screen=874x402 render=2622x1206
[ios-render] screen=874x402 render=2622x1206
[ios-render] screen=874x402 render=2622x1206
[ios-render] screen=874x402 render=2622x1206
[ios-render] screen=874x402 render=2622x1206
[ios-render] screen=874x402 render=2622x1206
[ios-render] screen=874x402 render=2622x1206
[ios-render] screen=874x402 render=2622x1206
[ios-render] screen=874x402 render=2622x1206
[ios-render] screen=874x402 render=2622x1206
[ios-render] screen=874x402 render=2622x1206
[ios-render] screen=874x402 render=2622x1206
[ios-render] screen=874x402 render=2622x1206
[ios-render] screen=874x402 render=2622x1206
[ios-render] screen=874x402 render=2622x1206
[ios-render] screen=874x402 render=2622x1206
[ios-render] screen=874x402 render=2622x1206
[ios-render] screen=874x402 render=2622x1206
[ios-render] screen=874x402 render=2622x1206
[ios-render] screen=874x402 render=2622x1206
[ios-render] screen=874x402 render=2622x1206
[ios-render] screen=874x402 render=2622x1206
[ios-render] screen=874x402 render=2622x1206
[ios-render] screen=874x402 render=2622x1206
[ios-render] screen=874x402 render=2622x1206
[ios-render] screen=874x402 render=2622x1206
[ios-render] screen=874x402 render=2622x1206
[ios-render] screen=874x402 render=2622x1206
[ios-render] screen=874x402 render=2622x1206
[ios-render] screen=874x402 render=2622x1206
[ios-render] screen=874x402 render=2622x1206
[ios-render] screen=874x402 render=2622x1206
[ios-render] screen=874x402 render=2622x1206
[ios-render] screen=874x402 render=2622x1206
[ios-render] screen=874x402 render=2622x1206
[ios-render] screen=874x402 render=2622x1206
[ios-render] screen=874x402 render=2622x1206
[ios-render] screen=874x402 render=2622x1206
[ios-render] screen=874x402 render=2622x1206
[ios-render] screen=874x402 render=2622x1206
[ios-render] screen=874x402 render=2622x1206
[ios-render] screen=874x402 render=2622x1206
[ios-render] screen=874x402 render=2622x1206
[ios-render] screen=874x402 render=2622x1206
[ios-render] screen=874x402 render=2622x1206
[ios-render] screen=874x402 render=2622x1206
[ios-render] screen=874x402 render=2622x1206
[ios-render] screen=874x402 render=2622x1206
[ios-render] screen=874x402 render=2622x1206
[ios-render] screen=874x402 render=2622x1206
[ios-render] screen=874x402 render=2622x1206
[ios-render] screen=874x402 render=2622x1206
[ios-render] screen=874x402 render=2622x1206
[ios-render] screen=874x402 render=2622x1206
[ios-render] screen=874x402 render=2622x1206
[ios-render] screen=874x402 render=2622x1206
[ios-render] screen=874x402 render=2622x1206
[ios-render] screen=874x402 render=2622x1206
[ios-render] screen=874x402 render=2622x1206
[ios-render] screen=874x402 render=2622x1206
[ios-render] screen=874x402 render=2622x1206
[ios-render] screen=874x402 render=2622x1206
[ios-render] screen=874x402 render=2622x1206
[ios-render] screen=874x402 render=2622x1206
[ios-render] screen=874x402 render=2622x1206
[ios-render] screen=874x402 render=2622x1206
[ios-render] screen=874x402 render=2622x1206
[ios-render] screen=874x402 render=2622x1206
[ios-render] screen=874x402 render=2622x1206
[ios-render] screen=874x402 render=2622x1206
[ios-render] screen=874x402 render=2622x1206
[ios-render] screen=874x402 render=2622x1206
[ios-render] screen=874x402 render=2622x1206
[ios-render] screen=874x402 render=2622x1206
[ios-render] screen=874x402 render=2622x1206
[ios-render] screen=874x402 render=2622x1206
[ios-render] screen=874x402 render=2622x1206
[ios-render] screen=874x402 render=2622x1206
[ios-render] screen=874x402 render=2622x1206
[ios-render] screen=874x402 render=2622x1206
[ios-render] screen=874x402 render=2622x1206
[ios-render] screen=874x402 render=2622x1206
[ios-render] screen=874x402 render=2622x1206
[ios-render] screen=874x402 render=2622x1206
[ios-render] screen=874x402 render=2622x1206
[ios-render] screen=874x402 render=2622x1206
[ios-render] screen=874x402 render=2622x1206
[ios-render] screen=874x402 render=2622x1206
[ios-render] screen=874x402 render=2622x1206
[ios-render] screen=874x402 render=2622x1206
[ios-render] screen=874x402 render=2622x1206
[ios-render] screen=874x402 render=2622x1206
[ios-render] screen=874x402 render=2622x1206
[ios-render] screen=874x402 render=2622x1206
[ios-render] screen=874x402 render=2622x1206
[ios-render] screen=874x402 render=2622x1206
[ios-render] screen=874x402 render=2622x1206
[ios-render] screen=874x402 render=2622x1206
[ios-render] screen=874x402 render=2622x1206
[ios-render] screen=874x402 render=2622x1206
[ios-render] screen=874x402 render=2622x1206
[ios-render] screen=874x402 render=2622x1206
[ios-render] screen=874x402 render=2622x1206
[ios-render] screen=874x402 render=2622x1206
[ios-render] screen=874x402 render=2622x1206
[ios-render] screen=874x402 render=2622x1206
[ios-render] screen=874x402 render=2622x1206
[ios-render] screen=874x402 render=2622x1206
[ios-render] screen=874x402 render=2622x1206
[ios-render] screen=874x402 render=2622x1206
[ios-render] screen=874x402 render=2622x1206
[ios-render] screen=874x402 render=2622x1206
[ios-render] screen=874x402 render=2622x1206
[ios-render] screen=874x402 render=2622x1206
[ios-render] screen=874x402 render=2622x1206
[ios-render] screen=874x402 render=2622x1206
[ios-render] screen=874x402 render=2622x1206
[ios-render] screen=874x402 render=2622x1206
[ios-render] screen=874x402 render=2622x1206
[ios-render] screen=874x402 render=2622x1206
[ios-render] screen=874x402 render=2622x1206
[ios-render] screen=874x402 render=2622x1206
[ios-render] screen=874x402 render=2622x1206
[ios-render] screen=874x402 render=2622x1206
[ios-render] screen=874x402 render=2622x1206
[ios-render] screen=874x402 render=2622x1206
[ios-render] screen=874x402 render=2622x1206
[ios-render] screen=874x402 render=2622x1206
[ios-render] screen=874x402 render=2622x1206
[ios-render] screen=874x402 render=2622x1206
[ios-render] screen=874x402 render=2622x1206
[ios-render] screen=874x402 render=2622x1206
[ios-render] screen=874x402 render=2622x1206
[padscript] release i=15 now=31481ms
[ios-render] screen=874x402 render=2622x1206
[ios-render] screen=874x402 render=2622x1206
[ios-render] screen=874x402 render=2622x1206
[ios-render] screen=874x402 render=2622x1206
[ios-render] screen=874x402 render=2622x1206
[ios-render] screen=874x402 render=2622x1206
[ios-render] screen=874x402 render=2622x1206
[ios-render] screen=874x402 render=2622x1206
[ios-render] screen=874x402 render=2622x1206
[ios-render] screen=874x402 render=2622x1206
[ios-render] screen=874x402 render=2622x1206
[ios-render] screen=874x402 render=2622x1206
[ios-render] screen=874x402 render=2622x1206
[ios-render] screen=874x402 render=2622x1206
[ios-render] screen=874x402 render=2622x1206
[ios-render] screen=874x402 render=2622x1206
[ios-render] screen=874x402 render=2622x1206
[ios-render] screen=874x402 render=2622x1206
[ios-render] screen=874x402 render=2622x1206
[ios-render] screen=874x402 render=2622x1206
[ios-render] screen=874x402 render=2622x1206
[ios-render] screen=874x402 render=2622x1206
[padscript] press i=16 now=31531ms at=31515ms hold=200ms buttons=0x4000
[ios-render] screen=874x402 render=2622x1206
[ios-render] screen=874x402 render=2622x1206
[ios-render] screen=874x402 render=2622x1206
[ios-render] screen=874x402 render=2622x1206
[ios-render] screen=874x402 render=2622x1206
[ios-render] screen=874x402 render=2622x1206
[ios-render] screen=874x402 render=2622x1206
[ios-render] screen=874x402 render=2622x1206
[ios-render] screen=874x402 render=2622x1206
[ios-render] screen=874x402 render=2622x1206
[ios-render] screen=874x402 render=2622x1206
[ios-render] screen=874x402 render=2622x1206
[ios-render] screen=874x402 render=2622x1206
[ios-render] screen=874x402 render=2622x1206
[ios-render] screen=874x402 render=2622x1206
[ios-render] screen=874x402 render=2622x1206
[ios-render] screen=874x402 render=2622x1206
[ios-render] screen=874x402 render=2622x1206
[ios-render] screen=874x402 render=2622x1206
[ios-render] screen=874x402 render=2622x1206
[ios-render] screen=874x402 render=2622x1206
[ios-render] screen=874x402 render=2622x1206
[ios-render] screen=874x402 render=2622x1206
[ios-render] screen=874x402 render=2622x1206
[ios-render] screen=874x402 render=2622x1206
[ios-render] screen=874x402 render=2622x1206
[ios-render] screen=874x402 render=2622x1206
[ios-render] screen=874x402 render=2622x1206
[ios-render] screen=874x402 render=2622x1206
[ios-render] screen=874x402 render=2622x1206
[ios-render] screen=874x402 render=2622x1206
[ios-render] screen=874x402 render=2622x1206
[ios-render] screen=874x402 render=2622x1206
[ios-render] screen=874x402 render=2622x1206
[ios-render] screen=874x402 render=2622x1206
[ios-render] screen=874x402 render=2622x1206
[ios-render] screen=874x402 render=2622x1206
[ios-render] screen=874x402 render=2622x1206
[ios-render] screen=874x402 render=2622x1206
[ios-render] screen=874x402 render=2622x1206
[ios-render] screen=874x402 render=2622x1206
[ios-render] screen=874x402 render=2622x1206
[vsync-rate] tick=1897 rate=7.39/s (0.123x of 59.94)
[ios-render] screen=874x402 render=2622x1206
[ios-render] screen=874x402 render=2622x1206
[ios-render] screen=874x402 render=2622x1206
[ios-render] screen=874x402 render=2622x1206
[ios-render] screen=874x402 render=2622x1206
[ios-render] screen=874x402 render=2622x1206
[ios-render] screen=874x402 render=2622x1206
[ios-render] screen=874x402 render=2622x1206
[ios-render] screen=874x402 render=2622x1206
[ios-render] screen=874x402 render=2622x1206
[ios-render] screen=874x402 render=2622x1206
[ios-render] screen=874x402 render=2622x1206
[ios-render] screen=874x402 render=2622x1206
[ios-render] screen=874x402 render=2622x1206
[ios-render] screen=874x402 render=2622x1206
[ios-render] screen=874x402 render=2622x1206
[ios-render] screen=874x402 render=2622x1206
[ios-render] screen=874x402 render=2622x1206
[ios-render] screen=874x402 render=2622x1206
[ios-render] screen=874x402 render=2622x1206
[ios-render] screen=874x402 render=2622x1206
[ios-render] screen=874x402 render=2622x1206
[ios-render] screen=874x402 render=2622x1206
[ios-render] screen=874x402 render=2622x1206
[ios-render] screen=874x402 render=2622x1206
[ios-render] screen=874x402 render=2622x1206
[ios-render] screen=874x402 render=2622x1206
[ios-render] screen=874x402 render=2622x1206
[ios-render] screen=874x402 render=2622x1206
[padscript] release i=16 now=31715ms
[ios-render] screen=874x402 render=2622x1206
[ios-render] screen=874x402 render=2622x1206
[ios-render] screen=874x402 render=2622x1206
[ios-render] screen=874x402 render=2622x1206
[ios-render] screen=874x402 render=2622x1206
[ios-render] screen=874x402 render=2622x1206
[ios-render] screen=874x402 render=2622x1206
[ios-render] screen=874x402 render=2622x1206
[ios-render] screen=874x402 render=2622x1206
[ios-render] screen=874x402 render=2622x1206
[ios-render] screen=874x402 render=2622x1206
[ios-render] screen=874x402 render=2622x1206
[ios-render] screen=874x402 render=2622x1206
[ios-render] screen=874x402 render=2622x1206
[ios-render] screen=874x402 render=2622x1206
[ios-render] screen=874x402 render=2622x1206
[ios-render] screen=874x402 render=2622x1206
[ios-render] screen=874x402 render=2622x1206
[ios-render] screen=874x402 render=2622x1206
[ios-render] screen=874x402 render=2622x1206
[ios-render] screen=874x402 render=2622x1206
[ios-render] screen=874x402 render=2622x1206
[ios-render] screen=874x402 render=2622x1206
[padscript] press i=17 now=31781ms at=31766ms hold=700ms buttons=0x0040
[ios-render] screen=874x402 render=2622x1206
[ios-render] screen=874x402 render=2622x1206
[ios-render] screen=874x402 render=2622x1206
[ios-render] screen=874x402 render=2622x1206
[ios-render] screen=874x402 render=2622x1206
[ios-render] screen=874x402 render=2622x1206
[ios-render] screen=874x402 render=2622x1206
[ios-render] screen=874x402 render=2622x1206
[ios-render] screen=874x402 render=2622x1206
[ios-render] screen=874x402 render=2622x1206
[ios-render] screen=874x402 render=2622x1206
[ios-render] screen=874x402 render=2622x1206
[ios-render] screen=874x402 render=2622x1206
[ios-render] screen=874x402 render=2622x1206
[ios-render] screen=874x402 render=2622x1206
[ios-render] screen=874x402 render=2622x1206
[ios-render] screen=874x402 render=2622x1206
[ios-render] screen=874x402 render=2622x1206
[ios-render] screen=874x402 render=2622x1206
[ios-render] screen=874x402 render=2622x1206
[ios-render] screen=874x402 render=2622x1206
[ios-render] screen=874x402 render=2622x1206
[ios-render] screen=874x402 render=2622x1206
[ios-render] screen=874x402 render=2622x1206
[ios-render] screen=874x402 render=2622x1206
[ios-render] screen=874x402 render=2622x1206
[ios-render] screen=874x402 render=2622x1206
[ios-render] screen=874x402 render=2622x1206
[ios-render] screen=874x402 render=2622x1206
[ios-render] screen=874x402 render=2622x1206
[ios-render] screen=874x402 render=2622x1206
[ios-render] screen=874x402 render=2622x1206
[ios-render] screen=874x402 render=2622x1206
[ios-render] screen=874x402 render=2622x1206
[ios-render] screen=874x402 render=2622x1206
[ios-render] screen=874x402 render=2622x1206
[ios-render] screen=874x402 render=2622x1206
[ios-render] screen=874x402 render=2622x1206
[ios-render] screen=874x402 render=2622x1206
[ios-render] screen=874x402 render=2622x1206
[ios-render] screen=874x402 render=2622x1206
[ios-render] screen=874x402 render=2622x1206
[ios-render] screen=874x402 render=2622x1206
[ios-render] screen=874x402 render=2622x1206
[ios-render] screen=874x402 render=2622x1206
[ios-render] screen=874x402 render=2622x1206
[ios-render] screen=874x402 render=2622x1206
[ios-render] screen=874x402 render=2622x1206
[ios-render] screen=874x402 render=2622x1206
[ios-render] screen=874x402 render=2622x1206
[ios-render] screen=874x402 render=2622x1206
[ios-render] screen=874x402 render=2622x1206
[ios-render] screen=874x402 render=2622x1206
[ios-render] screen=874x402 render=2622x1206
[ios-render] screen=874x402 render=2622x1206
[ios-render] screen=874x402 render=2622x1206
[ios-render] screen=874x402 render=2622x1206
[ios-render] screen=874x402 render=2622x1206
[ios-render] screen=874x402 render=2622x1206
[ios-render] screen=874x402 render=2622x1206
[ios-render] screen=874x402 render=2622x1206
[ios-render] screen=874x402 render=2622x1206
[ios-render] screen=874x402 render=2622x1206
[ios-render] screen=874x402 render=2622x1206
[ios-render] screen=874x402 render=2622x1206
[ios-render] screen=874x402 render=2622x1206
[ios-render] screen=874x402 render=2622x1206
[ios-render] screen=874x402 render=2622x1206
[ios-render] screen=874x402 render=2622x1206
[ios-render] screen=874x402 render=2622x1206
[ios-render] screen=874x402 render=2622x1206
[ios-render] screen=874x402 render=2622x1206
[ios-render] screen=874x402 render=2622x1206
[ios-render] screen=874x402 render=2622x1206
[ios-render] screen=874x402 render=2622x1206
[ios-render] screen=874x402 render=2622x1206
[ios-render] screen=874x402 render=2622x1206
[ios-render] screen=874x402 render=2622x1206
[ios-render] screen=874x402 render=2622x1206
[ios-render] screen=874x402 render=2622x1206
[ios-render] screen=874x402 render=2622x1206
[ios-render] screen=874x402 render=2622x1206
[ios-render] screen=874x402 render=2622x1206
[ios-render] screen=874x402 render=2622x1206
[ios-render] screen=874x402 render=2622x1206
[ios-render] screen=874x402 render=2622x1206
[ios-render] screen=874x402 render=2622x1206
[ios-render] screen=874x402 render=2622x1206
[ios-render] screen=874x402 render=2622x1206
[ios-render] screen=874x402 render=2622x1206
[ios-render] screen=874x402 render=2622x1206
[ios-render] screen=874x402 render=2622x1206
[ios-render] screen=874x402 render=2622x1206
[ios-render] screen=874x402 render=2622x1206
[ios-render] screen=874x402 render=2622x1206
[ios-render] screen=874x402 render=2622x1206
[ios-render] screen=874x402 render=2622x1206
[ios-render] screen=874x402 render=2622x1206
[ios-render] screen=874x402 render=2622x1206
[ios-render] screen=874x402 render=2622x1206
[ios-render] screen=874x402 render=2622x1206
[ios-render] screen=874x402 render=2622x1206
[ios-render] screen=874x402 render=2622x1206
[ios-render] screen=874x402 render=2622x1206
[ios-render] screen=874x402 render=2622x1206
[ios-render] screen=874x402 render=2622x1206
[ios-render] screen=874x402 render=2622x1206
[ios-render] screen=874x402 render=2622x1206
[ios-render] screen=874x402 render=2622x1206
[ios-render] screen=874x402 render=2622x1206
[ios-render] screen=874x402 render=2622x1206
[ios-render] screen=874x402 render=2622x1206
[ios-render] screen=874x402 render=2622x1206
[ios-render] screen=874x402 render=2622x1206
[ios-render] screen=874x402 render=2622x1206
[ios-render] screen=874x402 render=2622x1206
[ios-render] screen=874x402 render=2622x1206
[ios-render] screen=874x402 render=2622x1206
[ios-render] screen=874x402 render=2622x1206
[ios-render] screen=874x402 render=2622x1206
[ios-render] screen=874x402 render=2622x1206
[ios-render] screen=874x402 render=2622x1206
[ios-render] screen=874x402 render=2622x1206
[ios-render] screen=874x402 render=2622x1206
[ios-render] screen=874x402 render=2622x1206
[ios-render] screen=874x402 render=2622x1206
[ios-render] screen=874x402 render=2622x1206
[ios-render] screen=874x402 render=2622x1206
[ios-render] screen=874x402 render=2622x1206
[ios-render] screen=874x402 render=2622x1206
[ios-render] screen=874x402 render=2622x1206
[ios-render] screen=874x402 render=2622x1206
[ios-render] screen=874x402 render=2622x1206
[ios-render] screen=874x402 render=2622x1206
[ios-render] screen=874x402 render=2622x1206
[ios-render] screen=874x402 render=2622x1206
[ios-render] screen=874x402 render=2622x1206
[ios-render] screen=874x402 render=2622x1206
[ios-render] screen=874x402 render=2622x1206
[ios-render] screen=874x402 render=2622x1206
[ios-render] screen=874x402 render=2622x1206
[ios-render] screen=874x402 render=2622x1206
[ios-render] screen=874x402 render=2622x1206
[ios-render] screen=874x402 render=2622x1206
[ios-render] screen=874x402 render=2622x1206
[ios-render] screen=874x402 render=2622x1206
[ios-render] screen=874x402 render=2622x1206
[ios-render] screen=874x402 render=2622x1206
[ios-render] screen=874x402 render=2622x1206
[ios-render] screen=874x402 render=2622x1206
[ios-render] screen=874x402 render=2622x1206
[ios-render] screen=874x402 render=2622x1206
[ios-render] screen=874x402 render=2622x1206
[ios-render] screen=874x402 render=2622x1206
[ios-render] screen=874x402 render=2622x1206
[ios-render] screen=874x402 render=2622x1206
[ios-render] screen=874x402 render=2622x1206
[ios-render] screen=874x402 render=2622x1206
[ios-render] screen=874x402 render=2622x1206
[ios-render] screen=874x402 render=2622x1206
[ios-render] screen=874x402 render=2622x1206
[ios-render] screen=874x402 render=2622x1206
[ios-render] screen=874x402 render=2622x1206
[ios-render] screen=874x402 render=2622x1206
[ios-render] screen=874x402 render=2622x1206
[ios-render] screen=874x402 render=2622x1206
[ios-render] screen=874x402 render=2622x1206
[ios-render] screen=874x402 render=2622x1206
[ios-render] screen=874x402 render=2622x1206
[ios-render] screen=874x402 render=2622x1206
[ios-render] screen=874x402 render=2622x1206
[ios-render] screen=874x402 render=2622x1206
[ios-render] screen=874x402 render=2622x1206
[vsync-rate] tick=1935 rate=7.58/s (0.127x of 59.94)
[ios-render] screen=874x402 render=2622x1206
[ios-render] screen=874x402 render=2622x1206
[ios-render] screen=874x402 render=2622x1206
[ios-render] screen=874x402 render=2622x1206
[ios-render] screen=874x402 render=2622x1206
[ios-render] screen=874x402 render=2622x1206
[ios-render] screen=874x402 render=2622x1206
[ios-render] screen=874x402 render=2622x1206
[ios-render] screen=874x402 render=2622x1206
[ios-render] screen=874x402 render=2622x1206
[ios-render] screen=874x402 render=2622x1206
[ios-render] screen=874x402 render=2622x1206
[ios-render] screen=874x402 render=2622x1206
[ios-render] screen=874x402 render=2622x1206
[ios-render] screen=874x402 render=2622x1206
[ios-render] screen=874x402 render=2622x1206
[ios-render] screen=874x402 render=2622x1206
[ios-render] screen=874x402 render=2622x1206
[ios-render] screen=874x402 render=2622x1206
[ios-render] screen=874x402 render=2622x1206
[ios-render] screen=874x402 render=2622x1206
[ios-render] screen=874x402 render=2622x1206
[ios-render] screen=874x402 render=2622x1206
[ios-render] screen=874x402 render=2622x1206
[ios-render] screen=874x402 render=2622x1206
[ios-render] screen=874x402 render=2622x1206
[ios-render] screen=874x402 render=2622x1206
[ios-render] screen=874x402 render=2622x1206
[ios-render] screen=874x402 render=2622x1206
[ios-render] screen=874x402 render=2622x1206
[ios-render] screen=874x402 render=2622x1206
[ios-render] screen=874x402 render=2622x1206
[ios-render] screen=874x402 render=2622x1206
[ios-render] screen=874x402 render=2622x1206
[ios-render] screen=874x402 render=2622x1206
[ios-render] screen=874x402 render=2622x1206
[ios-render] screen=874x402 render=2622x1206
[ios-render] screen=874x402 render=2622x1206
[ios-render] screen=874x402 render=2622x1206
[ios-render] screen=874x402 render=2622x1206
[ios-render] screen=874x402 render=2622x1206
[ios-render] screen=874x402 render=2622x1206
[ios-render] screen=874x402 render=2622x1206
[ios-render] screen=874x402 render=2622x1206
[ios-render] screen=874x402 render=2622x1206
[ios-render] screen=874x402 render=2622x1206
[ios-render] screen=874x402 render=2622x1206
[ios-render] screen=874x402 render=2622x1206
[ios-render] screen=874x402 render=2622x1206
[ios-render] screen=874x402 render=2622x1206
[ios-render] screen=874x402 render=2622x1206
[ios-render] screen=874x402 render=2622x1206
[ios-render] screen=874x402 render=2622x1206
[ios-render] screen=874x402 render=2622x1206
[ios-render] screen=874x402 render=2622x1206
[ios-render] screen=874x402 render=2622x1206
[ios-render] screen=874x402 render=2622x1206
[ios-render] screen=874x402 render=2622x1206
[ios-render] screen=874x402 render=2622x1206
[ios-render] screen=874x402 render=2622x1206
[ios-render] screen=874x402 render=2622x1206
[ios-render] screen=874x402 render=2622x1206
[ios-render] screen=874x402 render=2622x1206
[ios-render] screen=874x402 render=2622x1206
[ios-render] screen=874x402 render=2622x1206
[ios-render] screen=874x402 render=2622x1206
[ios-render] screen=874x402 render=2622x1206
[ios-render] screen=874x402 render=2622x1206
[ios-render] screen=874x402 render=2622x1206
[ios-render] screen=874x402 render=2622x1206
[ios-render] screen=874x402 render=2622x1206
[ios-render] screen=874x402 render=2622x1206
[ios-render] screen=874x402 render=2622x1206
[padscript] release i=17 now=32482ms
[ios-render] screen=874x402 render=2622x1206
[ios-render] screen=874x402 render=2622x1206
[ios-render] screen=874x402 render=2622x1206
[ios-render] screen=874x402 render=2622x1206
[ios-render] screen=874x402 render=2622x1206
[ios-render] screen=874x402 render=2622x1206
[ios-render] screen=874x402 render=2622x1206
[ios-render] screen=874x402 render=2622x1206
[ios-render] screen=874x402 render=2622x1206
[ios-render] screen=874x402 render=2622x1206
[ios-render] screen=874x402 render=2622x1206
[ios-render] screen=874x402 render=2622x1206
[ios-render] screen=874x402 render=2622x1206
[ios-render] screen=874x402 render=2622x1206
[ios-render] screen=874x402 render=2622x1206
[ios-render] screen=874x402 render=2622x1206
[padscript] press i=18 now=32532ms at=32516ms hold=200ms buttons=0x4000
[ios-render] screen=874x402 render=2622x1206
[ios-render] screen=874x402 render=2622x1206
[ios-render] screen=874x402 render=2622x1206
[ios-render] screen=874x402 render=2622x1206
[ios-render] screen=874x402 render=2622x1206
[ios-render] screen=874x402 render=2622x1206
[ios-render] screen=874x402 render=2622x1206
[ios-render] screen=874x402 render=2622x1206
[ios-render] screen=874x402 render=2622x1206
[ios-render] screen=874x402 render=2622x1206
[ios-render] screen=874x402 render=2622x1206
[ios-render] screen=874x402 render=2622x1206
[ios-render] screen=874x402 render=2622x1206
[ios-render] screen=874x402 render=2622x1206
[ios-render] screen=874x402 render=2622x1206
[ios-render] screen=874x402 render=2622x1206
[ios-render] screen=874x402 render=2622x1206
[ios-render] screen=874x402 render=2622x1206
[ios-render] screen=874x402 render=2622x1206
[ios-render] screen=874x402 render=2622x1206
[ios-render] screen=874x402 render=2622x1206
[ios-render] screen=874x402 render=2622x1206
[ios-render] screen=874x402 render=2622x1206
[ios-render] screen=874x402 render=2622x1206
[ios-render] screen=874x402 render=2622x1206
[ios-render] screen=874x402 render=2622x1206
[ios-render] screen=874x402 render=2622x1206
[ios-render] screen=874x402 render=2622x1206
[ios-render] screen=874x402 render=2622x1206
[ios-render] screen=874x402 render=2622x1206
[ios-render] screen=874x402 render=2622x1206
[ios-render] screen=874x402 render=2622x1206
[ios-render] screen=874x402 render=2622x1206
[ios-render] screen=874x402 render=2622x1206
[ios-render] screen=874x402 render=2622x1206
[ios-render] screen=874x402 render=2622x1206
[ios-render] screen=874x402 render=2622x1206
[ios-render] screen=874x402 render=2622x1206
[ios-render] screen=874x402 render=2622x1206
[ios-render] screen=874x402 render=2622x1206
[ios-render] screen=874x402 render=2622x1206
[ios-render] screen=874x402 render=2622x1206
[ios-render] screen=874x402 render=2622x1206
[ios-render] screen=874x402 render=2622x1206
[ios-render] screen=874x402 render=2622x1206
[ios-render] screen=874x402 render=2622x1206
[ios-render] screen=874x402 render=2622x1206
[ios-render] screen=874x402 render=2622x1206
[ios-render] screen=874x402 render=2622x1206
[ios-render] screen=874x402 render=2622x1206
[ios-render] screen=874x402 render=2622x1206
[ios-render] screen=874x402 render=2622x1206
[ios-render] screen=874x402 render=2622x1206
[ios-render] screen=874x402 render=2622x1206
[ios-render] screen=874x402 render=2622x1206
[ios-render] screen=874x402 render=2622x1206
[ios-render] screen=874x402 render=2622x1206
[ios-render] screen=874x402 render=2622x1206
[ios-render] screen=874x402 render=2622x1206
[ios-render] screen=874x402 render=2622x1206
[ios-render] screen=874x402 render=2622x1206
[ios-render] screen=874x402 render=2622x1206
[ios-render] screen=874x402 render=2622x1206
[ios-render] screen=874x402 render=2622x1206
[ios-render] screen=874x402 render=2622x1206
[ios-render] screen=874x402 render=2622x1206
[ios-render] screen=874x402 render=2622x1206
[ios-render] screen=874x402 render=2622x1206
[ios-render] screen=874x402 render=2622x1206
[ios-render] screen=874x402 render=2622x1206
[ios-render] screen=874x402 render=2622x1206
[ios-render] screen=874x402 render=2622x1206
[padscript] release i=18 now=32716ms
[ios-render] screen=874x402 render=2622x1206
[ios-render] screen=874x402 render=2622x1206
[ios-render] screen=874x402 render=2622x1206
[ios-render] screen=874x402 render=2622x1206
[ios-render] screen=874x402 render=2622x1206
[ios-render] screen=874x402 render=2622x1206
[ios-render] screen=874x402 render=2622x1206
[ios-render] screen=874x402 render=2622x1206
[ios-render] screen=874x402 render=2622x1206
[ios-render] screen=874x402 render=2622x1206
[ios-render] screen=874x402 render=2622x1206
[ios-render] screen=874x402 render=2622x1206
[ios-render] screen=874x402 render=2622x1206
[ios-render] screen=874x402 render=2622x1206
[ios-render] screen=874x402 render=2622x1206
[ios-render] screen=874x402 render=2622x1206
[ios-render] screen=874x402 render=2622x1206
[ios-render] screen=874x402 render=2622x1206
[ios-render] screen=874x402 render=2622x1206
[ios-render] screen=874x402 render=2622x1206
[ios-render] screen=874x402 render=2622x1206
[ios-render] screen=874x402 render=2622x1206
[ios-render] screen=874x402 render=2622x1206
[ios-render] screen=874x402 render=2622x1206
[padscript] press i=19 now=32782ms at=32767ms hold=700ms buttons=0x0040
[ios-render] screen=874x402 render=2622x1206
[ios-render] screen=874x402 render=2622x1206
[ios-render] screen=874x402 render=2622x1206
[ios-render] screen=874x402 render=2622x1206
[ios-render] screen=874x402 render=2622x1206
[ios-render] screen=874x402 render=2622x1206
[ios-render] screen=874x402 render=2622x1206
[ios-render] screen=874x402 render=2622x1206
[ios-render] screen=874x402 render=2622x1206
[ios-render] screen=874x402 render=2622x1206
[ios-render] screen=874x402 render=2622x1206
[ios-render] screen=874x402 render=2622x1206
[ios-render] screen=874x402 render=2622x1206
[ios-render] screen=874x402 render=2622x1206
[ios-render] screen=874x402 render=2622x1206
[ios-render] screen=874x402 render=2622x1206
[ios-render] screen=874x402 render=2622x1206
[ios-render] screen=874x402 render=2622x1206
[ios-render] screen=874x402 render=2622x1206
[ios-render] screen=874x402 render=2622x1206
[ios-render] screen=874x402 render=2622x1206
[ios-render] screen=874x402 render=2622x1206
[ios-render] screen=874x402 render=2622x1206
[ios-render] screen=874x402 render=2622x1206
[ios-render] screen=874x402 render=2622x1206
[ios-render] screen=874x402 render=2622x1206
[ios-render] screen=874x402 render=2622x1206
[ios-render] screen=874x402 render=2622x1206
[ios-render] screen=874x402 render=2622x1206
[ios-render] screen=874x402 render=2622x1206
[ios-render] screen=874x402 render=2622x1206
[ios-render] screen=874x402 render=2622x1206
[ios-render] screen=874x402 render=2622x1206
[ios-render] screen=874x402 render=2622x1206
[ios-render] screen=874x402 render=2622x1206
[ios-render] screen=874x402 render=2622x1206
[ios-render] screen=874x402 render=2622x1206
[ios-render] screen=874x402 render=2622x1206
[ios-render] screen=874x402 render=2622x1206
[ios-render] screen=874x402 render=2622x1206
[ios-render] screen=874x402 render=2622x1206
[vsync-rate] tick=1971 rate=7.19/s (0.120x of 59.94)
[ios-render] screen=874x402 render=2622x1206
[ios-render] screen=874x402 render=2622x1206
[ios-render] screen=874x402 render=2622x1206
[ios-render] screen=874x402 render=2622x1206
[ios-render] screen=874x402 render=2622x1206
[ios-render] screen=874x402 render=2622x1206
[ios-render] screen=874x402 render=2622x1206
[ios-render] screen=874x402 render=2622x1206
[ios-render] screen=874x402 render=2622x1206
[ios-render] screen=874x402 render=2622x1206
[ios-render] screen=874x402 render=2622x1206
[ios-render] screen=874x402 render=2622x1206
[ios-render] screen=874x402 render=2622x1206
[ios-render] screen=874x402 render=2622x1206
[ios-render] screen=874x402 render=2622x1206
[ios-render] screen=874x402 render=2622x1206
[ios-render] screen=874x402 render=2622x1206
[ios-render] screen=874x402 render=2622x1206
[ios-render] screen=874x402 render=2622x1206
[ios-render] screen=874x402 render=2622x1206
[ios-render] screen=874x402 render=2622x1206
[ios-render] screen=874x402 render=2622x1206
[ios-render] screen=874x402 render=2622x1206
[ios-render] screen=874x402 render=2622x1206
[ios-render] screen=874x402 render=2622x1206
[ios-render] screen=874x402 render=2622x1206
[ios-render] screen=874x402 render=2622x1206
[ios-render] screen=874x402 render=2622x1206
[ios-render] screen=874x402 render=2622x1206
[ios-render] screen=874x402 render=2622x1206
[ios-render] screen=874x402 render=2622x1206
[ios-render] screen=874x402 render=2622x1206
[ios-render] screen=874x402 render=2622x1206
[ios-render] screen=874x402 render=2622x1206
[ios-render] screen=874x402 render=2622x1206
[ios-render] screen=874x402 render=2622x1206
[ios-render] screen=874x402 render=2622x1206
[ios-render] screen=874x402 render=2622x1206
[ios-render] screen=874x402 render=2622x1206
[ios-render] screen=874x402 render=2622x1206
[ios-render] screen=874x402 render=2622x1206
[ios-render] screen=874x402 render=2622x1206
[ios-render] screen=874x402 render=2622x1206
[ios-render] screen=874x402 render=2622x1206
[ios-render] screen=874x402 render=2622x1206
[ios-render] screen=874x402 render=2622x1206
[ios-render] screen=874x402 render=2622x1206
[ios-render] screen=874x402 render=2622x1206
[ios-render] screen=874x402 render=2622x1206
[ios-render] screen=874x402 render=2622x1206
[ios-render] screen=874x402 render=2622x1206
[ios-render] screen=874x402 render=2622x1206
[ios-render] screen=874x402 render=2622x1206
[ios-render] screen=874x402 render=2622x1206
[ios-render] screen=874x402 render=2622x1206
[ios-render] screen=874x402 render=2622x1206
[ios-render] screen=874x402 render=2622x1206
[ios-render] screen=874x402 render=2622x1206
[ios-render] screen=874x402 render=2622x1206
[ios-render] screen=874x402 render=2622x1206
[ios-render] screen=874x402 render=2622x1206
[ios-render] screen=874x402 render=2622x1206
[ios-render] screen=874x402 render=2622x1206
[ios-render] screen=874x402 render=2622x1206
[ios-render] screen=874x402 render=2622x1206
[ios-render] screen=874x402 render=2622x1206
[ios-render] screen=874x402 render=2622x1206
[ios-render] screen=874x402 render=2622x1206
[ios-render] screen=874x402 render=2622x1206
[ios-render] screen=874x402 render=2622x1206
[ios-render] screen=874x402 render=2622x1206
[ios-render] screen=874x402 render=2622x1206
[ios-render] screen=874x402 render=2622x1206
[ios-render] screen=874x402 render=2622x1206
[ios-render] screen=874x402 render=2622x1206
[ios-render] screen=874x402 render=2622x1206
[ios-render] screen=874x402 render=2622x1206
[ios-render] screen=874x402 render=2622x1206
[ios-render] screen=874x402 render=2622x1206
[ios-render] screen=874x402 render=2622x1206
[ios-render] screen=874x402 render=2622x1206
[ios-render] screen=874x402 render=2622x1206
[ios-render] screen=874x402 render=2622x1206
[ios-render] screen=874x402 render=2622x1206
[ios-render] screen=874x402 render=2622x1206
[ios-render] screen=874x402 render=2622x1206
[ios-render] screen=874x402 render=2622x1206
[ios-render] screen=874x402 render=2622x1206
[ios-render] screen=874x402 render=2622x1206
[ios-render] screen=874x402 render=2622x1206
[ios-render] screen=874x402 render=2622x1206
[ios-render] screen=874x402 render=2622x1206
[ios-render] screen=874x402 render=2622x1206
[ios-render] screen=874x402 render=2622x1206
[ios-render] screen=874x402 render=2622x1206
[ios-render] screen=874x402 render=2622x1206
[ios-render] screen=874x402 render=2622x1206
[ios-render] screen=874x402 render=2622x1206
[ios-render] screen=874x402 render=2622x1206
[ios-render] screen=874x402 render=2622x1206
[ios-render] screen=874x402 render=2622x1206
[ios-render] screen=874x402 render=2622x1206
[ios-render] screen=874x402 render=2622x1206
[ios-render] screen=874x402 render=2622x1206
[ios-render] screen=874x402 render=2622x1206
[ios-render] screen=874x402 render=2622x1206
[ios-render] screen=874x402 render=2622x1206
[ios-render] screen=874x402 render=2622x1206
[ios-render] screen=874x402 render=2622x1206
[ios-render] screen=874x402 render=2622x1206
[ios-render] screen=874x402 render=2622x1206
[ios-render] screen=874x402 render=2622x1206
[ios-render] screen=874x402 render=2622x1206
[ios-render] screen=874x402 render=2622x1206
[ios-render] screen=874x402 render=2622x1206
[ios-render] screen=874x402 render=2622x1206
[ios-render] screen=874x402 render=2622x1206
[ios-render] screen=874x402 render=2622x1206
[ios-render] screen=874x402 render=2622x1206
[ios-render] screen=874x402 render=2622x1206
[ios-render] screen=874x402 render=2622x1206
[ios-render] screen=874x402 render=2622x1206
[ios-render] screen=874x402 render=2622x1206
[ios-render] screen=874x402 render=2622x1206
[ios-render] screen=874x402 render=2622x1206
[ios-render] screen=874x402 render=2622x1206
[ios-render] screen=874x402 render=2622x1206
[ios-render] screen=874x402 render=2622x1206
[ios-render] screen=874x402 render=2622x1206
[ios-render] screen=874x402 render=2622x1206
[ios-render] screen=874x402 render=2622x1206
[ios-render] screen=874x402 render=2622x1206
[ios-render] screen=874x402 render=2622x1206
[ios-render] screen=874x402 render=2622x1206
[ios-render] screen=874x402 render=2622x1206
[ios-render] screen=874x402 render=2622x1206
[ios-render] screen=874x402 render=2622x1206
[ios-render] screen=874x402 render=2622x1206
[ios-render] screen=874x402 render=2622x1206
[ios-render] screen=874x402 render=2622x1206
[ios-render] screen=874x402 render=2622x1206
[ios-render] screen=874x402 render=2622x1206
[ios-render] screen=874x402 render=2622x1206
[ios-render] screen=874x402 render=2622x1206
[ios-render] screen=874x402 render=2622x1206
[ios-render] screen=874x402 render=2622x1206
[ios-render] screen=874x402 render=2622x1206
[ios-render] screen=874x402 render=2622x1206
[ios-render] screen=874x402 render=2622x1206
[ios-render] screen=874x402 render=2622x1206
[ios-render] screen=874x402 render=2622x1206
[ios-render] screen=874x402 render=2622x1206
[ios-render] screen=874x402 render=2622x1206
[ios-render] screen=874x402 render=2622x1206
[ios-render] screen=874x402 render=2622x1206
[ios-render] screen=874x402 render=2622x1206
[ios-render] screen=874x402 render=2622x1206
[ios-render] screen=874x402 render=2622x1206
[ios-render] screen=874x402 render=2622x1206
[ios-render] screen=874x402 render=2622x1206
[ios-render] screen=874x402 render=2622x1206
[ios-render] screen=874x402 render=2622x1206
[ios-render] screen=874x402 render=2622x1206
[ios-render] screen=874x402 render=2622x1206
[ios-render] screen=874x402 render=2622x1206
[ios-render] screen=874x402 render=2622x1206
[ios-render] screen=874x402 render=2622x1206
[ios-render] screen=874x402 render=2622x1206
[ios-render] screen=874x402 render=2622x1206
[ios-render] screen=874x402 render=2622x1206
[ios-render] screen=874x402 render=2622x1206
[ios-render] screen=874x402 render=2622x1206
[ios-render] screen=874x402 render=2622x1206
[ios-render] screen=874x402 render=2622x1206
[ios-render] screen=874x402 render=2622x1206
[ios-render] screen=874x402 render=2622x1206
[ios-render] screen=874x402 render=2622x1206
[ios-render] screen=874x402 render=2622x1206
[ios-render] screen=874x402 render=2622x1206
[ios-render] screen=874x402 render=2622x1206
[ios-render] screen=874x402 render=2622x1206
[ios-render] screen=874x402 render=2622x1206
[ios-render] screen=874x402 render=2622x1206
[ios-render] screen=874x402 render=2622x1206
[ios-render] screen=874x402 render=2622x1206
[ios-render] screen=874x402 render=2622x1206
[ios-render] screen=874x402 render=2622x1206
[ios-render] screen=874x402 render=2622x1206
[ios-render] screen=874x402 render=2622x1206
[ios-render] screen=874x402 render=2622x1206
[ios-render] screen=874x402 render=2622x1206
[ios-render] screen=874x402 render=2622x1206
[ios-render] screen=874x402 render=2622x1206
[ios-render] screen=874x402 render=2622x1206
[ios-render] screen=874x402 render=2622x1206
[ios-render] screen=874x402 render=2622x1206
[ios-render] screen=874x402 render=2622x1206
[ios-render] screen=874x402 render=2622x1206
[ios-render] screen=874x402 render=2622x1206
[ios-render] screen=874x402 render=2622x1206
[ios-render] screen=874x402 render=2622x1206
[ios-render] screen=874x402 render=2622x1206
[ios-render] screen=874x402 render=2622x1206
[ios-render] screen=874x402 render=2622x1206
[ios-render] screen=874x402 render=2622x1206
[ios-render] screen=874x402 render=2622x1206
[ios-render] screen=874x402 render=2622x1206
[ios-render] screen=874x402 render=2622x1206
[ios-render] screen=874x402 render=2622x1206
[ios-render] screen=874x402 render=2622x1206
[ios-render] screen=874x402 render=2622x1206
[ios-render] screen=874x402 render=2622x1206
[ios-render] screen=874x402 render=2622x1206
[ios-render] screen=874x402 render=2622x1206
[ios-render] screen=874x402 render=2622x1206
[ios-render] screen=874x402 render=2622x1206
[ios-render] screen=874x402 render=2622x1206
[ios-render] screen=874x402 render=2622x1206
[ios-render] screen=874x402 render=2622x1206
[ios-render] screen=874x402 render=2622x1206
[ios-render] screen=874x402 render=2622x1206
[ios-render] screen=874x402 render=2622x1206
[ios-render] screen=874x402 render=2622x1206
[ios-render] screen=874x402 render=2622x1206
[ios-render] screen=874x402 render=2622x1206
[ios-render] screen=874x402 render=2622x1206
[ios-render] screen=874x402 render=2622x1206
[ios-render] screen=874x402 render=2622x1206
[vsync-rate] tick=2006 rate=6.99/s (0.117x of 59.94)
[ios-render] screen=874x402 render=2622x1206
[padscript] release i=19 now=33483ms
[ios-render] screen=874x402 render=2622x1206
[ios-render] screen=874x402 render=2622x1206
[ios-render] screen=874x402 render=2622x1206
[ios-render] screen=874x402 render=2622x1206
[ios-render] screen=874x402 render=2622x1206
[ios-render] screen=874x402 render=2622x1206
[ios-render] screen=874x402 render=2622x1206
[ios-render] screen=874x402 render=2622x1206
[ios-render] screen=874x402 render=2622x1206
[ios-render] screen=874x402 render=2622x1206
[ios-render] screen=874x402 render=2622x1206
[ios-render] screen=874x402 render=2622x1206
[ios-render] screen=874x402 render=2622x1206
[ios-render] screen=874x402 render=2622x1206
[ios-render] screen=874x402 render=2622x1206
[padscript] press i=20 now=33533ms at=33517ms hold=200ms buttons=0x4000
[ios-render] screen=874x402 render=2622x1206
[ios-render] screen=874x402 render=2622x1206
[ios-render] screen=874x402 render=2622x1206
[ios-render] screen=874x402 render=2622x1206
[ios-render] screen=874x402 render=2622x1206
[ios-render] screen=874x402 render=2622x1206
[ios-render] screen=874x402 render=2622x1206
[ios-render] screen=874x402 render=2622x1206
[ios-render] screen=874x402 render=2622x1206
[ios-render] screen=874x402 render=2622x1206
[ios-render] screen=874x402 render=2622x1206
[ios-render] screen=874x402 render=2622x1206
[ios-render] screen=874x402 render=2622x1206
[ios-render] screen=874x402 render=2622x1206
[ios-render] screen=874x402 render=2622x1206
[ios-render] screen=874x402 render=2622x1206
[ios-render] screen=874x402 render=2622x1206
[ios-render] screen=874x402 render=2622x1206
[ios-render] screen=874x402 render=2622x1206
[ios-render] screen=874x402 render=2622x1206
[ios-render] screen=874x402 render=2622x1206
[ios-render] screen=874x402 render=2622x1206
[ios-render] screen=874x402 render=2622x1206
[ios-render] screen=874x402 render=2622x1206
[ios-render] screen=874x402 render=2622x1206
[ios-render] screen=874x402 render=2622x1206
[ios-render] screen=874x402 render=2622x1206
[ios-render] screen=874x402 render=2622x1206
[ios-render] screen=874x402 render=2622x1206
[ios-render] screen=874x402 render=2622x1206
[ios-render] screen=874x402 render=2622x1206
[ios-render] screen=874x402 render=2622x1206
[ios-render] screen=874x402 render=2622x1206
[ios-render] screen=874x402 render=2622x1206
[ios-render] screen=874x402 render=2622x1206
[ios-render] screen=874x402 render=2622x1206
[ios-render] screen=874x402 render=2622x1206
[ios-render] screen=874x402 render=2622x1206
[ios-render] screen=874x402 render=2622x1206
[ios-render] screen=874x402 render=2622x1206
[ios-render] screen=874x402 render=2622x1206
[ios-render] screen=874x402 render=2622x1206
[ios-render] screen=874x402 render=2622x1206
[ios-render] screen=874x402 render=2622x1206
[ios-render] screen=874x402 render=2622x1206
[ios-render] screen=874x402 render=2622x1206
[ios-render] screen=874x402 render=2622x1206
[ios-render] screen=874x402 render=2622x1206
[ios-render] screen=874x402 render=2622x1206
[ios-render] screen=874x402 render=2622x1206
[ios-render] screen=874x402 render=2622x1206
[ios-render] screen=874x402 render=2622x1206
[ios-render] screen=874x402 render=2622x1206
[ios-render] screen=874x402 render=2622x1206
[ios-render] screen=874x402 render=2622x1206
[ios-render] screen=874x402 render=2622x1206
[ios-render] screen=874x402 render=2622x1206
[ios-render] screen=874x402 render=2622x1206
[ios-render] screen=874x402 render=2622x1206
[ios-render] screen=874x402 render=2622x1206
[ios-render] screen=874x402 render=2622x1206
[ios-render] screen=874x402 render=2622x1206
[ios-render] screen=874x402 render=2622x1206
[ios-render] screen=874x402 render=2622x1206
[ios-render] screen=874x402 render=2622x1206
[ios-render] screen=874x402 render=2622x1206
[ios-render] screen=874x402 render=2622x1206
[ios-render] screen=874x402 render=2622x1206
[ios-render] screen=874x402 render=2622x1206
[padscript] release i=20 now=33717ms
[ios-render] screen=874x402 render=2622x1206
[ios-render] screen=874x402 render=2622x1206
[ios-render] screen=874x402 render=2622x1206
[ios-render] screen=874x402 render=2622x1206
[ios-render] screen=874x402 render=2622x1206
[ios-render] screen=874x402 render=2622x1206
[ios-render] screen=874x402 render=2622x1206
[ios-render] screen=874x402 render=2622x1206
[ios-render] screen=874x402 render=2622x1206
[ios-render] screen=874x402 render=2622x1206
[ios-render] screen=874x402 render=2622x1206
[ios-render] screen=874x402 render=2622x1206
[ios-render] screen=874x402 render=2622x1206
[ios-render] screen=874x402 render=2622x1206
[ios-render] screen=874x402 render=2622x1206
[ios-render] screen=874x402 render=2622x1206
[ios-render] screen=874x402 render=2622x1206
[ios-render] screen=874x402 render=2622x1206
[ios-render] screen=874x402 render=2622x1206
[ios-render] screen=874x402 render=2622x1206
[ios-render] screen=874x402 render=2622x1206
[ios-render] screen=874x402 render=2622x1206
[ios-render] screen=874x402 render=2622x1206
[padscript] press i=21 now=33783ms at=33768ms hold=700ms buttons=0x0040
[ios-render] screen=874x402 render=2622x1206
[ios-render] screen=874x402 render=2622x1206
[ios-render] screen=874x402 render=2622x1206
[ios-render] screen=874x402 render=2622x1206
[ios-render] screen=874x402 render=2622x1206
[ios-render] screen=874x402 render=2622x1206
[ios-render] screen=874x402 render=2622x1206
[ios-render] screen=874x402 render=2622x1206
[ios-render] screen=874x402 render=2622x1206
[ios-render] screen=874x402 render=2622x1206
[ios-render] screen=874x402 render=2622x1206
[ios-render] screen=874x402 render=2622x1206
[ios-render] screen=874x402 render=2622x1206
[ios-render] screen=874x402 render=2622x1206
[ios-render] screen=874x402 render=2622x1206
[ios-render] screen=874x402 render=2622x1206
[ios-render] screen=874x402 render=2622x1206
[ios-render] screen=874x402 render=2622x1206
[ios-render] screen=874x402 render=2622x1206
[ios-render] screen=874x402 render=2622x1206
[ios-render] screen=874x402 render=2622x1206
[ios-render] screen=874x402 render=2622x1206
[ios-render] screen=874x402 render=2622x1206
[ios-render] screen=874x402 render=2622x1206
[ios-render] screen=874x402 render=2622x1206
[ios-render] screen=874x402 render=2622x1206
[ios-render] screen=874x402 render=2622x1206
[ios-render] screen=874x402 render=2622x1206
[ios-render] screen=874x402 render=2622x1206
[ios-render] screen=874x402 render=2622x1206
[ios-render] screen=874x402 render=2622x1206
[ios-render] screen=874x402 render=2622x1206
[ios-render] screen=874x402 render=2622x1206
[ios-render] screen=874x402 render=2622x1206
[ios-render] screen=874x402 render=2622x1206
[ios-render] screen=874x402 render=2622x1206
[ios-render] screen=874x402 render=2622x1206
[ios-render] screen=874x402 render=2622x1206
[ios-render] screen=874x402 render=2622x1206
[ios-render] screen=874x402 render=2622x1206
[ios-render] screen=874x402 render=2622x1206
[ios-render] screen=874x402 render=2622x1206
[ios-render] screen=874x402 render=2622x1206
[ios-render] screen=874x402 render=2622x1206
[ios-render] screen=874x402 render=2622x1206
[ios-render] screen=874x402 render=2622x1206
[ios-render] screen=874x402 render=2622x1206
[ios-render] screen=874x402 render=2622x1206
[ios-render] screen=874x402 render=2622x1206
[ios-render] screen=874x402 render=2622x1206
[ios-render] screen=874x402 render=2622x1206
[ios-render] screen=874x402 render=2622x1206
[ios-render] screen=874x402 render=2622x1206
[ios-render] screen=874x402 render=2622x1206
[ios-render] screen=874x402 render=2622x1206
[ios-render] screen=874x402 render=2622x1206
[ios-render] screen=874x402 render=2622x1206
[ios-render] screen=874x402 render=2622x1206
[ios-render] screen=874x402 render=2622x1206
[ios-render] screen=874x402 render=2622x1206
[ios-render] screen=874x402 render=2622x1206
[ios-render] screen=874x402 render=2622x1206
[ios-render] screen=874x402 render=2622x1206
[ios-render] screen=874x402 render=2622x1206
[ios-render] screen=874x402 render=2622x1206
[ios-render] screen=874x402 render=2622x1206
[ios-render] screen=874x402 render=2622x1206
[ios-render] screen=874x402 render=2622x1206
[ios-render] screen=874x402 render=2622x1206
[ios-render] screen=874x402 render=2622x1206
[ios-render] screen=874x402 render=2622x1206
[ios-render] screen=874x402 render=2622x1206
[ios-render] screen=874x402 render=2622x1206
[ios-render] screen=874x402 render=2622x1206
[ios-render] screen=874x402 render=2622x1206
[ios-render] screen=874x402 render=2622x1206
[ios-render] screen=874x402 render=2622x1206
[ios-render] screen=874x402 render=2622x1206
[ios-render] screen=874x402 render=2622x1206
[ios-render] screen=874x402 render=2622x1206
[ios-render] screen=874x402 render=2622x1206
[ios-render] screen=874x402 render=2622x1206
[ios-render] screen=874x402 render=2622x1206
[ios-render] screen=874x402 render=2622x1206
[ios-render] screen=874x402 render=2622x1206
[ios-render] screen=874x402 render=2622x1206
[ios-render] screen=874x402 render=2622x1206
[ios-render] screen=874x402 render=2622x1206
[ios-render] screen=874x402 render=2622x1206
[ios-render] screen=874x402 render=2622x1206
[ios-render] screen=874x402 render=2622x1206
[ios-render] screen=874x402 render=2622x1206
[ios-render] screen=874x402 render=2622x1206
[ios-render] screen=874x402 render=2622x1206
[ios-render] screen=874x402 render=2622x1206
[ios-render] screen=874x402 render=2622x1206
[ios-render] screen=874x402 render=2622x1206
[ios-render] screen=874x402 render=2622x1206
[ios-render] screen=874x402 render=2622x1206
[ios-render] screen=874x402 render=2622x1206
[ios-render] screen=874x402 render=2622x1206
[ios-render] screen=874x402 render=2622x1206
[ios-render] screen=874x402 render=2622x1206
[ios-render] screen=874x402 render=2622x1206
[ios-render] screen=874x402 render=2622x1206
[ios-render] screen=874x402 render=2622x1206
[ios-render] screen=874x402 render=2622x1206
[ios-render] screen=874x402 render=2622x1206
[ios-render] screen=874x402 render=2622x1206
[ios-render] screen=874x402 render=2622x1206
[ios-render] screen=874x402 render=2622x1206
[ios-render] screen=874x402 render=2622x1206
[ios-render] screen=874x402 render=2622x1206
[ios-render] screen=874x402 render=2622x1206
[ios-render] screen=874x402 render=2622x1206
[ios-render] screen=874x402 render=2622x1206
[ios-render] screen=874x402 render=2622x1206
[vsync-rate] tick=2044 rate=7.57/s (0.126x of 59.94)
[ios-render] screen=874x402 render=2622x1206
[ios-render] screen=874x402 render=2622x1206
[ios-render] screen=874x402 render=2622x1206
[ios-render] screen=874x402 render=2622x1206
[ios-render] screen=874x402 render=2622x1206
[ios-render] screen=874x402 render=2622x1206
[ios-render] screen=874x402 render=2622x1206
[ios-render] screen=874x402 render=2622x1206
[ios-render] screen=874x402 render=2622x1206
[ios-render] screen=874x402 render=2622x1206
[ios-render] screen=874x402 render=2622x1206
[ios-render] screen=874x402 render=2622x1206
[ios-render] screen=874x402 render=2622x1206
[ios-render] screen=874x402 render=2622x1206
[ios-render] screen=874x402 render=2622x1206
[ios-render] screen=874x402 render=2622x1206
[ios-render] screen=874x402 render=2622x1206
[ios-render] screen=874x402 render=2622x1206
[ios-render] screen=874x402 render=2622x1206
[ios-render] screen=874x402 render=2622x1206
[ios-render] screen=874x402 render=2622x1206
[ios-render] screen=874x402 render=2622x1206
[ios-render] screen=874x402 render=2622x1206
[ios-render] screen=874x402 render=2622x1206
[ios-render] screen=874x402 render=2622x1206
[ios-render] screen=874x402 render=2622x1206
[ios-render] screen=874x402 render=2622x1206
[ios-render] screen=874x402 render=2622x1206
[ios-render] screen=874x402 render=2622x1206
[ios-render] screen=874x402 render=2622x1206
[ios-render] screen=874x402 render=2622x1206
[ios-render] screen=874x402 render=2622x1206
[ios-render] screen=874x402 render=2622x1206
[ios-render] screen=874x402 render=2622x1206
[ios-render] screen=874x402 render=2622x1206
[ios-render] screen=874x402 render=2622x1206
[ios-render] screen=874x402 render=2622x1206
[ios-render] screen=874x402 render=2622x1206
[ios-render] screen=874x402 render=2622x1206
[ios-render] screen=874x402 render=2622x1206
[ios-render] screen=874x402 render=2622x1206
[ios-render] screen=874x402 render=2622x1206
[ios-render] screen=874x402 render=2622x1206
[ios-render] screen=874x402 render=2622x1206
[ios-render] screen=874x402 render=2622x1206
[ios-render] screen=874x402 render=2622x1206
[ios-render] screen=874x402 render=2622x1206
[ios-render] screen=874x402 render=2622x1206
[ios-render] screen=874x402 render=2622x1206
[ios-render] screen=874x402 render=2622x1206
[ios-render] screen=874x402 render=2622x1206
[ios-render] screen=874x402 render=2622x1206
[ios-render] screen=874x402 render=2622x1206
[ios-render] screen=874x402 render=2622x1206
[ios-render] screen=874x402 render=2622x1206
[ios-render] screen=874x402 render=2622x1206
[ios-render] screen=874x402 render=2622x1206
[ios-render] screen=874x402 render=2622x1206
[ios-render] screen=874x402 render=2622x1206
[ios-render] screen=874x402 render=2622x1206
[ios-render] screen=874x402 render=2622x1206
[ios-render] screen=874x402 render=2622x1206
[ios-render] screen=874x402 render=2622x1206
[ios-render] screen=874x402 render=2622x1206
[ios-render] screen=874x402 render=2622x1206
[ios-render] screen=874x402 render=2622x1206
[ios-render] screen=874x402 render=2622x1206
[ios-render] screen=874x402 render=2622x1206
[ios-render] screen=874x402 render=2622x1206
[ios-render] screen=874x402 render=2622x1206
[ios-render] screen=874x402 render=2622x1206
[ios-render] screen=874x402 render=2622x1206
[ios-render] screen=874x402 render=2622x1206
[ios-render] screen=874x402 render=2622x1206
[ios-render] screen=874x402 render=2622x1206
[ios-render] screen=874x402 render=2622x1206
[ios-render] screen=874x402 render=2622x1206
[ios-render] screen=874x402 render=2622x1206
[ios-render] screen=874x402 render=2622x1206
[ios-render] screen=874x402 render=2622x1206
[ios-render] screen=874x402 render=2622x1206
[ios-render] screen=874x402 render=2622x1206
[ios-render] screen=874x402 render=2622x1206
[ios-render] screen=874x402 render=2622x1206
[ios-render] screen=874x402 render=2622x1206
[ios-render] screen=874x402 render=2622x1206
[ios-render] screen=874x402 render=2622x1206
[ios-render] screen=874x402 render=2622x1206
[ios-render] screen=874x402 render=2622x1206
[ios-render] screen=874x402 render=2622x1206
[ios-render] screen=874x402 render=2622x1206
[ios-render] screen=874x402 render=2622x1206
[ios-render] screen=874x402 render=2622x1206
[ios-render] screen=874x402 render=2622x1206
[ios-render] screen=874x402 render=2622x1206
[ios-render] screen=874x402 render=2622x1206
[ios-render] screen=874x402 render=2622x1206
[ios-render] screen=874x402 render=2622x1206
[ios-render] screen=874x402 render=2622x1206
[ios-render] screen=874x402 render=2622x1206
[ios-render] screen=874x402 render=2622x1206
[ios-render] screen=874x402 render=2622x1206
[ios-render] screen=874x402 render=2622x1206
[ios-render] screen=874x402 render=2622x1206
[ios-render] screen=874x402 render=2622x1206
[ios-render] screen=874x402 render=2622x1206
[ios-render] screen=874x402 render=2622x1206
[ios-render] screen=874x402 render=2622x1206
[ios-render] screen=874x402 render=2622x1206
[ios-render] screen=874x402 render=2622x1206
[ios-render] screen=874x402 render=2622x1206
[ios-render] screen=874x402 render=2622x1206
[ios-render] screen=874x402 render=2622x1206
[ios-render] screen=874x402 render=2622x1206
[ios-render] screen=874x402 render=2622x1206
[ios-render] screen=874x402 render=2622x1206
[ios-render] screen=874x402 render=2622x1206
[ios-render] screen=874x402 render=2622x1206
[ios-render] screen=874x402 render=2622x1206
[ios-render] screen=874x402 render=2622x1206
[ios-render] screen=874x402 render=2622x1206
[ios-render] screen=874x402 render=2622x1206
[ios-render] screen=874x402 render=2622x1206
[ios-render] screen=874x402 render=2622x1206
[ios-render] screen=874x402 render=2622x1206
[ios-render] screen=874x402 render=2622x1206
[ios-render] screen=874x402 render=2622x1206
[ios-render] screen=874x402 render=2622x1206
[ios-render] screen=874x402 render=2622x1206
[ios-render] screen=874x402 render=2622x1206
[ios-render] screen=874x402 render=2622x1206
[ios-render] screen=874x402 render=2622x1206
[ios-render] screen=874x402 render=2622x1206
[ios-render] screen=874x402 render=2622x1206
[ios-render] screen=874x402 render=2622x1206
[ios-render] screen=874x402 render=2622x1206
[ios-render] screen=874x402 render=2622x1206
[padscript] release i=21 now=34484ms
[ios-render] screen=874x402 render=2622x1206
[ios-render] screen=874x402 render=2622x1206
[ios-render] screen=874x402 render=2622x1206
[ios-render] screen=874x402 render=2622x1206
[ios-render] screen=874x402 render=2622x1206
[ios-render] screen=874x402 render=2622x1206
[ios-render] screen=874x402 render=2622x1206
[ios-render] screen=874x402 render=2622x1206
[ios-render] screen=874x402 render=2622x1206
[ios-render] screen=874x402 render=2622x1206
[ios-render] screen=874x402 render=2622x1206
[ios-render] screen=874x402 render=2622x1206
[ios-render] screen=874x402 render=2622x1206
[ios-render] screen=874x402 render=2622x1206
[ios-render] screen=874x402 render=2622x1206
[ios-render] screen=874x402 render=2622x1206
[ios-render] screen=874x402 render=2622x1206
[ios-render] screen=874x402 render=2622x1206
[ios-render] screen=874x402 render=2622x1206
[ios-render] screen=874x402 render=2622x1206
[ios-render] screen=874x402 render=2622x1206
[ios-render] screen=874x402 render=2622x1206
[ios-render] screen=874x402 render=2622x1206
[padscript] press i=22 now=34534ms at=34518ms hold=200ms buttons=0x4000
[ios-render] screen=874x402 render=2622x1206
[ios-render] screen=874x402 render=2622x1206
[ios-render] screen=874x402 render=2622x1206
[ios-render] screen=874x402 render=2622x1206
[ios-render] screen=874x402 render=2622x1206
[ios-render] screen=874x402 render=2622x1206
[ios-render] screen=874x402 render=2622x1206
[ios-render] screen=874x402 render=2622x1206
[ios-render] screen=874x402 render=2622x1206
[ios-render] screen=874x402 render=2622x1206
[ios-render] screen=874x402 render=2622x1206
[ios-render] screen=874x402 render=2622x1206
[ios-render] screen=874x402 render=2622x1206
[ios-render] screen=874x402 render=2622x1206
[ios-render] screen=874x402 render=2622x1206
[ios-render] screen=874x402 render=2622x1206
[ios-render] screen=874x402 render=2622x1206
[ios-render] screen=874x402 render=2622x1206
[ios-render] screen=874x402 render=2622x1206
[ios-render] screen=874x402 render=2622x1206
[ios-render] screen=874x402 render=2622x1206
[ios-render] screen=874x402 render=2622x1206
[ios-render] screen=874x402 render=2622x1206
[ios-render] screen=874x402 render=2622x1206
[ios-render] screen=874x402 render=2622x1206
[ios-render] screen=874x402 render=2622x1206
[ios-render] screen=874x402 render=2622x1206
[ios-render] screen=874x402 render=2622x1206
[ios-render] screen=874x402 render=2622x1206
[ios-render] screen=874x402 render=2622x1206
[ios-render] screen=874x402 render=2622x1206
[ios-render] screen=874x402 render=2622x1206
[ios-render] screen=874x402 render=2622x1206
[ios-render] screen=874x402 render=2622x1206
[ios-render] screen=874x402 render=2622x1206
[ios-render] screen=874x402 render=2622x1206
[ios-render] screen=874x402 render=2622x1206
[ios-render] screen=874x402 render=2622x1206
[ios-render] screen=874x402 render=2622x1206
[ios-render] screen=874x402 render=2622x1206
[ios-render] screen=874x402 render=2622x1206
[ios-render] screen=874x402 render=2622x1206
[ios-render] screen=874x402 render=2622x1206
[ios-render] screen=874x402 render=2622x1206
[ios-render] screen=874x402 render=2622x1206
[ios-render] screen=874x402 render=2622x1206
[ios-render] screen=874x402 render=2622x1206
[ios-render] screen=874x402 render=2622x1206
[ios-render] screen=874x402 render=2622x1206
[ios-render] screen=874x402 render=2622x1206
[ios-render] screen=874x402 render=2622x1206
[ios-render] screen=874x402 render=2622x1206
[ios-render] screen=874x402 render=2622x1206
[ios-render] screen=874x402 render=2622x1206
[ios-render] screen=874x402 render=2622x1206
[ios-render] screen=874x402 render=2622x1206
[ios-render] screen=874x402 render=2622x1206
[ios-render] screen=874x402 render=2622x1206
[ios-render] screen=874x402 render=2622x1206
[ios-render] screen=874x402 render=2622x1206
[ios-render] screen=874x402 render=2622x1206
[ios-render] screen=874x402 render=2622x1206
[ios-render] screen=874x402 render=2622x1206
[padscript] release i=22 now=34718ms
[ios-render] screen=874x402 render=2622x1206
[ios-render] screen=874x402 render=2622x1206
[ios-render] screen=874x402 render=2622x1206
[ios-render] screen=874x402 render=2622x1206
[vsync-rate] tick=2081 rate=7.37/s (0.123x of 59.94)
[ios-render] screen=874x402 render=2622x1206
[ios-render] screen=874x402 render=2622x1206
[ios-render] screen=874x402 render=2622x1206
[ios-render] screen=874x402 render=2622x1206
[ios-render] screen=874x402 render=2622x1206
[ios-render] screen=874x402 render=2622x1206
[ios-render] screen=874x402 render=2622x1206
[ios-render] screen=874x402 render=2622x1206
[ios-render] screen=874x402 render=2622x1206
[ios-render] screen=874x402 render=2622x1206
[ios-render] screen=874x402 render=2622x1206
[ios-render] screen=874x402 render=2622x1206
[ios-render] screen=874x402 render=2622x1206
[ios-render] screen=874x402 render=2622x1206
[ios-render] screen=874x402 render=2622x1206
[ios-render] screen=874x402 render=2622x1206
[ios-render] screen=874x402 render=2622x1206
[ios-render] screen=874x402 render=2622x1206
[ios-render] screen=874x402 render=2622x1206
[ios-render] screen=874x402 render=2622x1206
[padscript] press i=23 now=34784ms at=34769ms hold=700ms buttons=0x0040
[ios-render] screen=874x402 render=2622x1206
[ios-render] screen=874x402 render=2622x1206
[ios-render] screen=874x402 render=2622x1206
[ios-render] screen=874x402 render=2622x1206
[ios-render] screen=874x402 render=2622x1206
[ios-render] screen=874x402 render=2622x1206
[ios-render] screen=874x402 render=2622x1206
[ios-render] screen=874x402 render=2622x1206
[ios-render] screen=874x402 render=2622x1206
[ios-render] screen=874x402 render=2622x1206
[ios-render] screen=874x402 render=2622x1206
[ios-render] screen=874x402 render=2622x1206
[ios-render] screen=874x402 render=2622x1206
[ios-render] screen=874x402 render=2622x1206
[ios-render] screen=874x402 render=2622x1206
[ios-render] screen=874x402 render=2622x1206
[ios-render] screen=874x402 render=2622x1206
[ios-render] screen=874x402 render=2622x1206
[ios-render] screen=874x402 render=2622x1206
[ios-render] screen=874x402 render=2622x1206
[ios-render] screen=874x402 render=2622x1206
[ios-render] screen=874x402 render=2622x1206
[ios-render] screen=874x402 render=2622x1206
[ios-render] screen=874x402 render=2622x1206
[ios-render] screen=874x402 render=2622x1206
[ios-render] screen=874x402 render=2622x1206
[ios-render] screen=874x402 render=2622x1206
[ios-render] screen=874x402 render=2622x1206
[ios-render] screen=874x402 render=2622x1206
[ios-render] screen=874x402 render=2622x1206
[ios-render] screen=874x402 render=2622x1206
[ios-render] screen=874x402 render=2622x1206
[ios-render] screen=874x402 render=2622x1206
[ios-render] screen=874x402 render=2622x1206
[ios-render] screen=874x402 render=2622x1206
[ios-render] screen=874x402 render=2622x1206
[ios-render] screen=874x402 render=2622x1206
[ios-render] screen=874x402 render=2622x1206
[ios-render] screen=874x402 render=2622x1206
[ios-render] screen=874x402 render=2622x1206
[ios-render] screen=874x402 render=2622x1206
[ios-render] screen=874x402 render=2622x1206
[ios-render] screen=874x402 render=2622x1206
[ios-render] screen=874x402 render=2622x1206
[ios-render] screen=874x402 render=2622x1206
[ios-render] screen=874x402 render=2622x1206
[ios-render] screen=874x402 render=2622x1206
[ios-render] screen=874x402 render=2622x1206
[ios-render] screen=874x402 render=2622x1206
[ios-render] screen=874x402 render=2622x1206
[ios-render] screen=874x402 render=2622x1206
[ios-render] screen=874x402 render=2622x1206
[ios-render] screen=874x402 render=2622x1206
[ios-render] screen=874x402 render=2622x1206
[ios-render] screen=874x402 render=2622x1206
[ios-render] screen=874x402 render=2622x1206
[ios-render] screen=874x402 render=2622x1206
[ios-render] screen=874x402 render=2622x1206
[ios-render] screen=874x402 render=2622x1206
[ios-render] screen=874x402 render=2622x1206
[ios-render] screen=874x402 render=2622x1206
[ios-render] screen=874x402 render=2622x1206
[ios-render] screen=874x402 render=2622x1206
[ios-render] screen=874x402 render=2622x1206
[ios-render] screen=874x402 render=2622x1206
[ios-render] screen=874x402 render=2622x1206
[ios-render] screen=874x402 render=2622x1206
[ios-render] screen=874x402 render=2622x1206
[ios-render] screen=874x402 render=2622x1206
[ios-render] screen=874x402 render=2622x1206
[ios-render] screen=874x402 render=2622x1206
[ios-render] screen=874x402 render=2622x1206
[ios-render] screen=874x402 render=2622x1206
[ios-render] screen=874x402 render=2622x1206
[ios-render] screen=874x402 render=2622x1206
[ios-render] screen=874x402 render=2622x1206
[ios-render] screen=874x402 render=2622x1206
[ios-render] screen=874x402 render=2622x1206
[ios-render] screen=874x402 render=2622x1206
[ios-render] screen=874x402 render=2622x1206
[ios-render] screen=874x402 render=2622x1206
[ios-render] screen=874x402 render=2622x1206
[ios-render] screen=874x402 render=2622x1206
[ios-render] screen=874x402 render=2622x1206
[ios-render] screen=874x402 render=2622x1206
[ios-render] screen=874x402 render=2622x1206
[ios-render] screen=874x402 render=2622x1206
[ios-render] screen=874x402 render=2622x1206
[ios-render] screen=874x402 render=2622x1206
[ios-render] screen=874x402 render=2622x1206
[ios-render] screen=874x402 render=2622x1206
[ios-render] screen=874x402 render=2622x1206
[ios-render] screen=874x402 render=2622x1206
[ios-render] screen=874x402 render=2622x1206
[ios-render] screen=874x402 render=2622x1206
[ios-render] screen=874x402 render=2622x1206
[ios-render] screen=874x402 render=2622x1206
[ios-render] screen=874x402 render=2622x1206
[ios-render] screen=874x402 render=2622x1206
[ios-render] screen=874x402 render=2622x1206
[ios-render] screen=874x402 render=2622x1206
[ios-render] screen=874x402 render=2622x1206
[ios-render] screen=874x402 render=2622x1206
[ios-render] screen=874x402 render=2622x1206
[ios-render] screen=874x402 render=2622x1206
[ios-render] screen=874x402 render=2622x1206
[ios-render] screen=874x402 render=2622x1206
[ios-render] screen=874x402 render=2622x1206
[ios-render] screen=874x402 render=2622x1206
[ios-render] screen=874x402 render=2622x1206
[ios-render] screen=874x402 render=2622x1206
[ios-render] screen=874x402 render=2622x1206
[ios-render] screen=874x402 render=2622x1206
[ios-render] screen=874x402 render=2622x1206
[ios-render] screen=874x402 render=2622x1206
[ios-render] screen=874x402 render=2622x1206
[ios-render] screen=874x402 render=2622x1206
[ios-render] screen=874x402 render=2622x1206
[ios-render] screen=874x402 render=2622x1206
[ios-render] screen=874x402 render=2622x1206
[ios-render] screen=874x402 render=2622x1206
[ios-render] screen=874x402 render=2622x1206
[ios-render] screen=874x402 render=2622x1206
[ios-render] screen=874x402 render=2622x1206
[ios-render] screen=874x402 render=2622x1206
[ios-render] screen=874x402 render=2622x1206
[ios-render] screen=874x402 render=2622x1206
[ios-render] screen=874x402 render=2622x1206
[ios-render] screen=874x402 render=2622x1206
[ios-render] screen=874x402 render=2622x1206
[ios-render] screen=874x402 render=2622x1206
[ios-render] screen=874x402 render=2622x1206
[ios-render] screen=874x402 render=2622x1206
[ios-render] screen=874x402 render=2622x1206
[ios-render] screen=874x402 render=2622x1206
[ios-render] screen=874x402 render=2622x1206
[ios-render] screen=874x402 render=2622x1206
[ios-render] screen=874x402 render=2622x1206
[ios-render] screen=874x402 render=2622x1206
[ios-render] screen=874x402 render=2622x1206
[ios-render] screen=874x402 render=2622x1206
[ios-render] screen=874x402 render=2622x1206
[ios-render] screen=874x402 render=2622x1206
[ios-render] screen=874x402 render=2622x1206
[ios-render] screen=874x402 render=2622x1206
[ios-render] screen=874x402 render=2622x1206
[ios-render] screen=874x402 render=2622x1206
[ios-render] screen=874x402 render=2622x1206
[ios-render] screen=874x402 render=2622x1206
[ios-render] screen=874x402 render=2622x1206
[ios-render] screen=874x402 render=2622x1206
[ios-render] screen=874x402 render=2622x1206
[ios-render] screen=874x402 render=2622x1206
[ios-render] screen=874x402 render=2622x1206
[ios-render] screen=874x402 render=2622x1206
[ios-render] screen=874x402 render=2622x1206
[ios-render] screen=874x402 render=2622x1206
[ios-render] screen=874x402 render=2622x1206
[ios-render] screen=874x402 render=2622x1206
[ios-render] screen=874x402 render=2622x1206
[ios-render] screen=874x402 render=2622x1206
[ios-render] screen=874x402 render=2622x1206
[ios-render] screen=874x402 render=2622x1206
[ios-render] screen=874x402 render=2622x1206
[ios-render] screen=874x402 render=2622x1206
[ios-render] screen=874x402 render=2622x1206
[ios-render] screen=874x402 render=2622x1206
[ios-render] screen=874x402 render=2622x1206
[ios-render] screen=874x402 render=2622x1206
[ios-render] screen=874x402 render=2622x1206
[ios-render] screen=874x402 render=2622x1206
[ios-render] screen=874x402 render=2622x1206
[ios-render] screen=874x402 render=2622x1206
[ios-render] screen=874x402 render=2622x1206
[ios-render] screen=874x402 render=2622x1206
[ios-render] screen=874x402 render=2622x1206
[ios-render] screen=874x402 render=2622x1206
[ios-render] screen=874x402 render=2622x1206
[ios-render] screen=874x402 render=2622x1206
[ios-render] screen=874x402 render=2622x1206
[ios-render] screen=874x402 render=2622x1206
[ios-render] screen=874x402 render=2622x1206
[ios-render] screen=874x402 render=2622x1206
[ios-render] screen=874x402 render=2622x1206
[ios-render] screen=874x402 render=2622x1206
[ios-render] screen=874x402 render=2622x1206
[ios-render] screen=874x402 render=2622x1206
[ios-render] screen=874x402 render=2622x1206
[ios-render] screen=874x402 render=2622x1206
[ios-render] screen=874x402 render=2622x1206
[ios-render] screen=874x402 render=2622x1206
[ios-render] screen=874x402 render=2622x1206
[ios-render] screen=874x402 render=2622x1206
[ios-render] screen=874x402 render=2622x1206
[ios-render] screen=874x402 render=2622x1206
[ios-render] screen=874x402 render=2622x1206
[ios-render] screen=874x402 render=2622x1206
[ios-render] screen=874x402 render=2622x1206
[ios-render] screen=874x402 render=2622x1206
[ios-render] screen=874x402 render=2622x1206
[ios-render] screen=874x402 render=2622x1206
[ios-render] screen=874x402 render=2622x1206
[ios-render] screen=874x402 render=2622x1206
[ios-render] screen=874x402 render=2622x1206
[ios-render] screen=874x402 render=2622x1206
[ios-render] screen=874x402 render=2622x1206
[ios-render] screen=874x402 render=2622x1206
[vsync-rate] tick=2117 rate=7.17/s (0.120x of 59.94)
[ios-render] screen=874x402 render=2622x1206
[ios-render] screen=874x402 render=2622x1206
[ios-render] screen=874x402 render=2622x1206
[ios-render] screen=874x402 render=2622x1206
[ios-render] screen=874x402 render=2622x1206
[ios-render] screen=874x402 render=2622x1206
[ios-render] screen=874x402 render=2622x1206
[ios-render] screen=874x402 render=2622x1206
[ios-render] screen=874x402 render=2622x1206
[ios-render] screen=874x402 render=2622x1206
[ios-render] screen=874x402 render=2622x1206
[ios-render] screen=874x402 render=2622x1206
[ios-render] screen=874x402 render=2622x1206
[ios-render] screen=874x402 render=2622x1206
[ios-render] screen=874x402 render=2622x1206
[ios-render] screen=874x402 render=2622x1206
[ios-render] screen=874x402 render=2622x1206
[ios-render] screen=874x402 render=2622x1206
[ios-render] screen=874x402 render=2622x1206
[ios-render] screen=874x402 render=2622x1206
[ios-render] screen=874x402 render=2622x1206
[ios-render] screen=874x402 render=2622x1206
[ios-render] screen=874x402 render=2622x1206
[ios-render] screen=874x402 render=2622x1206
[ios-render] screen=874x402 render=2622x1206
[ios-render] screen=874x402 render=2622x1206
[ios-render] screen=874x402 render=2622x1206
[ios-render] screen=874x402 render=2622x1206
[ios-render] screen=874x402 render=2622x1206
[ios-render] screen=874x402 render=2622x1206
[ios-render] screen=874x402 render=2622x1206
[ios-render] screen=874x402 render=2622x1206
[ios-render] screen=874x402 render=2622x1206
[ios-render] screen=874x402 render=2622x1206
[ios-render] screen=874x402 render=2622x1206
[ios-render] screen=874x402 render=2622x1206
[ios-render] screen=874x402 render=2622x1206
[ios-render] screen=874x402 render=2622x1206
[ios-render] screen=874x402 render=2622x1206
[ios-render] screen=874x402 render=2622x1206
[ios-render] screen=874x402 render=2622x1206
[ios-render] screen=874x402 render=2622x1206
[ios-render] screen=874x402 render=2622x1206
[ios-render] screen=874x402 render=2622x1206
[ios-render] screen=874x402 render=2622x1206
[ios-render] screen=874x402 render=2622x1206
[ios-render] screen=874x402 render=2622x1206
[ios-render] screen=874x402 render=2622x1206
[ios-render] screen=874x402 render=2622x1206
[ios-render] screen=874x402 render=2622x1206
[ios-render] screen=874x402 render=2622x1206
[ios-render] screen=874x402 render=2622x1206
[ios-render] screen=874x402 render=2622x1206
[ios-render] screen=874x402 render=2622x1206
[ios-render] screen=874x402 render=2622x1206
[ios-render] screen=874x402 render=2622x1206
[padscript] release i=23 now=35485ms
[ios-render] screen=874x402 render=2622x1206
[ios-render] screen=874x402 render=2622x1206
[ios-render] screen=874x402 render=2622x1206
[ios-render] screen=874x402 render=2622x1206
[ios-render] screen=874x402 render=2622x1206
[ios-render] screen=874x402 render=2622x1206
[ios-render] screen=874x402 render=2622x1206
[ios-render] screen=874x402 render=2622x1206
[ios-render] screen=874x402 render=2622x1206
[ios-render] screen=874x402 render=2622x1206
[ios-render] screen=874x402 render=2622x1206
[ios-render] screen=874x402 render=2622x1206
[ios-render] screen=874x402 render=2622x1206
[ios-render] screen=874x402 render=2622x1206
[ios-render] screen=874x402 render=2622x1206
[padscript] press i=24 now=35535ms at=35519ms hold=200ms buttons=0x4000
[ios-render] screen=874x402 render=2622x1206
[ios-render] screen=874x402 render=2622x1206
[ios-render] screen=874x402 render=2622x1206
[ios-render] screen=874x402 render=2622x1206
[ios-render] screen=874x402 render=2622x1206
[ios-render] screen=874x402 render=2622x1206
[ios-render] screen=874x402 render=2622x1206
[ios-render] screen=874x402 render=2622x1206
[ios-render] screen=874x402 render=2622x1206
[ios-render] screen=874x402 render=2622x1206
[ios-render] screen=874x402 render=2622x1206
[ios-render] screen=874x402 render=2622x1206
[ios-render] screen=874x402 render=2622x1206
[ios-render] screen=874x402 render=2622x1206
[ios-render] screen=874x402 render=2622x1206
[ios-render] screen=874x402 render=2622x1206
[ios-render] screen=874x402 render=2622x1206
[ios-render] screen=874x402 render=2622x1206
[ios-render] screen=874x402 render=2622x1206
[ios-render] screen=874x402 render=2622x1206
[ios-render] screen=874x402 render=2622x1206
[ios-render] screen=874x402 render=2622x1206
[ios-render] screen=874x402 render=2622x1206
[ios-render] screen=874x402 render=2622x1206
[ios-render] screen=874x402 render=2622x1206
[ios-render] screen=874x402 render=2622x1206
[ios-render] screen=874x402 render=2622x1206
[ios-render] screen=874x402 render=2622x1206
[ios-render] screen=874x402 render=2622x1206
[ios-render] screen=874x402 render=2622x1206
[ios-render] screen=874x402 render=2622x1206
[ios-render] screen=874x402 render=2622x1206
[ios-render] screen=874x402 render=2622x1206
[ios-render] screen=874x402 render=2622x1206
[ios-render] screen=874x402 render=2622x1206
[ios-render] screen=874x402 render=2622x1206
[ios-render] screen=874x402 render=2622x1206
[ios-render] screen=874x402 render=2622x1206
[ios-render] screen=874x402 render=2622x1206
[ios-render] screen=874x402 render=2622x1206
[ios-render] screen=874x402 render=2622x1206
[ios-render] screen=874x402 render=2622x1206
[ios-render] screen=874x402 render=2622x1206
[ios-render] screen=874x402 render=2622x1206
[ios-render] screen=874x402 render=2622x1206
[ios-render] screen=874x402 render=2622x1206
[ios-render] screen=874x402 render=2622x1206
[ios-render] screen=874x402 render=2622x1206
[ios-render] screen=874x402 render=2622x1206
[ios-render] screen=874x402 render=2622x1206
[ios-render] screen=874x402 render=2622x1206
[ios-render] screen=874x402 render=2622x1206
[ios-render] screen=874x402 render=2622x1206
[ios-render] screen=874x402 render=2622x1206
[ios-render] screen=874x402 render=2622x1206
[ios-render] screen=874x402 render=2622x1206
[ios-render] screen=874x402 render=2622x1206
[ios-render] screen=874x402 render=2622x1206
[ios-render] screen=874x402 render=2622x1206
[ios-render] screen=874x402 render=2622x1206
[ios-render] screen=874x402 render=2622x1206
[ios-render] screen=874x402 render=2622x1206
[ios-render] screen=874x402 render=2622x1206
[ios-render] screen=874x402 render=2622x1206
[ios-render] screen=874x402 render=2622x1206
[ios-render] screen=874x402 render=2622x1206
[ios-render] screen=874x402 render=2622x1206
[ios-render] screen=874x402 render=2622x1206
[ios-render] screen=874x402 render=2622x1206
[padscript] release i=24 now=35719ms
[ios-render] screen=874x402 render=2622x1206
[ios-render] screen=874x402 render=2622x1206
[ios-render] screen=874x402 render=2622x1206
[ios-render] screen=874x402 render=2622x1206
[ios-render] screen=874x402 render=2622x1206
[ios-render] screen=874x402 render=2622x1206
[ios-render] screen=874x402 render=2622x1206
[ios-render] screen=874x402 render=2622x1206
[ios-render] screen=874x402 render=2622x1206
[ios-render] screen=874x402 render=2622x1206
[ios-render] screen=874x402 render=2622x1206
[ios-render] screen=874x402 render=2622x1206
[ios-render] screen=874x402 render=2622x1206
[ios-render] screen=874x402 render=2622x1206
[ios-render] screen=874x402 render=2622x1206
[ios-render] screen=874x402 render=2622x1206
[ios-render] screen=874x402 render=2622x1206
[ios-render] screen=874x402 render=2622x1206
[ios-render] screen=874x402 render=2622x1206
[ios-render] screen=874x402 render=2622x1206
[ios-render] screen=874x402 render=2622x1206
[ios-render] screen=874x402 render=2622x1206
[ios-render] screen=874x402 render=2622x1206
[ios-render] screen=874x402 render=2622x1206
[padscript] press i=25 now=35785ms at=35770ms hold=700ms buttons=0x0040
[ios-render] screen=874x402 render=2622x1206
[ios-render] screen=874x402 render=2622x1206
[ios-render] screen=874x402 render=2622x1206
[ios-render] screen=874x402 render=2622x1206
[ios-render] screen=874x402 render=2622x1206
[ios-render] screen=874x402 render=2622x1206
[ios-render] screen=874x402 render=2622x1206
[ios-render] screen=874x402 render=2622x1206
[ios-render] screen=874x402 render=2622x1206
[ios-render] screen=874x402 render=2622x1206
[ios-render] screen=874x402 render=2622x1206
[ios-render] screen=874x402 render=2622x1206
[ios-render] screen=874x402 render=2622x1206
[ios-render] screen=874x402 render=2622x1206
[ios-render] screen=874x402 render=2622x1206
[ios-render] screen=874x402 render=2622x1206
[ios-render] screen=874x402 render=2622x1206
[ios-render] screen=874x402 render=2622x1206
[ios-render] screen=874x402 render=2622x1206
[ios-render] screen=874x402 render=2622x1206
[ios-render] screen=874x402 render=2622x1206
[ios-render] screen=874x402 render=2622x1206
[ios-render] screen=874x402 render=2622x1206
[ios-render] screen=874x402 render=2622x1206
[ios-render] screen=874x402 render=2622x1206
[ios-render] screen=874x402 render=2622x1206
[ios-render] screen=874x402 render=2622x1206
[ios-render] screen=874x402 render=2622x1206
[ios-render] screen=874x402 render=2622x1206
[ios-render] screen=874x402 render=2622x1206
[ios-render] screen=874x402 render=2622x1206
[ios-render] screen=874x402 render=2622x1206
[ios-render] screen=874x402 render=2622x1206
[ios-render] screen=874x402 render=2622x1206
[ios-render] screen=874x402 render=2622x1206
[ios-render] screen=874x402 render=2622x1206
[ios-render] screen=874x402 render=2622x1206
[ios-render] screen=874x402 render=2622x1206
[ios-render] screen=874x402 render=2622x1206
[ios-render] screen=874x402 render=2622x1206
[ios-render] screen=874x402 render=2622x1206
[ios-render] screen=874x402 render=2622x1206
[ios-render] screen=874x402 render=2622x1206
[ios-render] screen=874x402 render=2622x1206
[ios-render] screen=874x402 render=2622x1206
[ios-render] screen=874x402 render=2622x1206
[ios-render] screen=874x402 render=2622x1206
[ios-render] screen=874x402 render=2622x1206
[ios-render] screen=874x402 render=2622x1206
[ios-render] screen=874x402 render=2622x1206
[ios-render] screen=874x402 render=2622x1206
[ios-render] screen=874x402 render=2622x1206
[ios-render] screen=874x402 render=2622x1206
[ios-render] screen=874x402 render=2622x1206
[ios-render] screen=874x402 render=2622x1206
[ios-render] screen=874x402 render=2622x1206
[ios-render] screen=874x402 render=2622x1206
[ios-render] screen=874x402 render=2622x1206
[ios-render] screen=874x402 render=2622x1206
[ios-render] screen=874x402 render=2622x1206
[ios-render] screen=874x402 render=2622x1206
[vsync-rate] tick=2154 rate=7.39/s (0.123x of 59.94)
[ios-render] screen=874x402 render=2622x1206
[ios-render] screen=874x402 render=2622x1206
[ios-render] screen=874x402 render=2622x1206
[ios-render] screen=874x402 render=2622x1206
[ios-render] screen=874x402 render=2622x1206
[ios-render] screen=874x402 render=2622x1206
[ios-render] screen=874x402 render=2622x1206
[ios-render] screen=874x402 render=2622x1206
[ios-render] screen=874x402 render=2622x1206
[ios-render] screen=874x402 render=2622x1206
[ios-render] screen=874x402 render=2622x1206
[ios-render] screen=874x402 render=2622x1206
[ios-render] screen=874x402 render=2622x1206
[ios-render] screen=874x402 render=2622x1206
[ios-render] screen=874x402 render=2622x1206
[ios-render] screen=874x402 render=2622x1206
[ios-render] screen=874x402 render=2622x1206
[ios-render] screen=874x402 render=2622x1206
[ios-render] screen=874x402 render=2622x1206
[ios-render] screen=874x402 render=2622x1206
[ios-render] screen=874x402 render=2622x1206
[ios-render] screen=874x402 render=2622x1206
[ios-render] screen=874x402 render=2622x1206
[ios-render] screen=874x402 render=2622x1206
[ios-render] screen=874x402 render=2622x1206
[ios-render] screen=874x402 render=2622x1206
[ios-render] screen=874x402 render=2622x1206
[ios-render] screen=874x402 render=2622x1206
[ios-render] screen=874x402 render=2622x1206
[ios-render] screen=874x402 render=2622x1206
[ios-render] screen=874x402 render=2622x1206
[ios-render] screen=874x402 render=2622x1206
[ios-render] screen=874x402 render=2622x1206
[ios-render] screen=874x402 render=2622x1206
[ios-render] screen=874x402 render=2622x1206
[ios-render] screen=874x402 render=2622x1206
[ios-render] screen=874x402 render=2622x1206
[ios-render] screen=874x402 render=2622x1206
[ios-render] screen=874x402 render=2622x1206
[ios-render] screen=874x402 render=2622x1206
[ios-render] screen=874x402 render=2622x1206
[ios-render] screen=874x402 render=2622x1206
[ios-render] screen=874x402 render=2622x1206
[ios-render] screen=874x402 render=2622x1206
[ios-render] screen=874x402 render=2622x1206
[ios-render] screen=874x402 render=2622x1206
[ios-render] screen=874x402 render=2622x1206
[ios-render] screen=874x402 render=2622x1206
[ios-render] screen=874x402 render=2622x1206
[ios-render] screen=874x402 render=2622x1206
[ios-render] screen=874x402 render=2622x1206
[ios-render] screen=874x402 render=2622x1206
[ios-render] screen=874x402 render=2622x1206
[ios-render] screen=874x402 render=2622x1206
[ios-render] screen=874x402 render=2622x1206
[ios-render] screen=874x402 render=2622x1206
[ios-render] screen=874x402 render=2622x1206
[ios-render] screen=874x402 render=2622x1206
[ios-render] screen=874x402 render=2622x1206
[ios-render] screen=874x402 render=2622x1206
[ios-render] screen=874x402 render=2622x1206
[ios-render] screen=874x402 render=2622x1206
[ios-render] screen=874x402 render=2622x1206
[ios-render] screen=874x402 render=2622x1206
[ios-render] screen=874x402 render=2622x1206
[ios-render] screen=874x402 render=2622x1206
[ios-render] screen=874x402 render=2622x1206
[ios-render] screen=874x402 render=2622x1206
[ios-render] screen=874x402 render=2622x1206
[ios-render] screen=874x402 render=2622x1206
[ios-render] screen=874x402 render=2622x1206
[ios-render] screen=874x402 render=2622x1206
[ios-render] screen=874x402 render=2622x1206
[ios-render] screen=874x402 render=2622x1206
[ios-render] screen=874x402 render=2622x1206
[ios-render] screen=874x402 render=2622x1206
[ios-render] screen=874x402 render=2622x1206
[ios-render] screen=874x402 render=2622x1206
[ios-render] screen=874x402 render=2622x1206
[ios-render] screen=874x402 render=2622x1206
[ios-render] screen=874x402 render=2622x1206
[ios-render] screen=874x402 render=2622x1206
[ios-render] screen=874x402 render=2622x1206
[ios-render] screen=874x402 render=2622x1206
[ios-render] screen=874x402 render=2622x1206
[ios-render] screen=874x402 render=2622x1206
[ios-render] screen=874x402 render=2622x1206
[ios-render] screen=874x402 render=2622x1206
[ios-render] screen=874x402 render=2622x1206
[ios-render] screen=874x402 render=2622x1206
[ios-render] screen=874x402 render=2622x1206
[ios-render] screen=874x402 render=2622x1206
[ios-render] screen=874x402 render=2622x1206
[ios-render] screen=874x402 render=2622x1206
[ios-render] screen=874x402 render=2622x1206
[ios-render] screen=874x402 render=2622x1206
[ios-render] screen=874x402 render=2622x1206
[ios-render] screen=874x402 render=2622x1206
[ios-render] screen=874x402 render=2622x1206
[ios-render] screen=874x402 render=2622x1206
[ios-render] screen=874x402 render=2622x1206
[ios-render] screen=874x402 render=2622x1206
[ios-render] screen=874x402 render=2622x1206
[ios-render] screen=874x402 render=2622x1206
[ios-render] screen=874x402 render=2622x1206
[ios-render] screen=874x402 render=2622x1206
[ios-render] screen=874x402 render=2622x1206
[ios-render] screen=874x402 render=2622x1206
[ios-render] screen=874x402 render=2622x1206
[ios-render] screen=874x402 render=2622x1206
[ios-render] screen=874x402 render=2622x1206
[ios-render] screen=874x402 render=2622x1206
[ios-render] screen=874x402 render=2622x1206
[ios-render] screen=874x402 render=2622x1206
[ios-render] screen=874x402 render=2622x1206
[ios-render] screen=874x402 render=2622x1206
[ios-render] screen=874x402 render=2622x1206
[ios-render] screen=874x402 render=2622x1206
[ios-render] screen=874x402 render=2622x1206
[ios-render] screen=874x402 render=2622x1206
[ios-render] screen=874x402 render=2622x1206
[ios-render] screen=874x402 render=2622x1206
[ios-render] screen=874x402 render=2622x1206
[ios-render] screen=874x402 render=2622x1206
[ios-render] screen=874x402 render=2622x1206
[ios-render] screen=874x402 render=2622x1206
[ios-render] screen=874x402 render=2622x1206
[ios-render] screen=874x402 render=2622x1206
[ios-render] screen=874x402 render=2622x1206
[ios-render] screen=874x402 render=2622x1206
[ios-render] screen=874x402 render=2622x1206
[ios-render] screen=874x402 render=2622x1206
[ios-render] screen=874x402 render=2622x1206
[ios-render] screen=874x402 render=2622x1206
[ios-render] screen=874x402 render=2622x1206
[ios-render] screen=874x402 render=2622x1206
[ios-render] screen=874x402 render=2622x1206
[ios-render] screen=874x402 render=2622x1206
[ios-render] screen=874x402 render=2622x1206
[ios-render] screen=874x402 render=2622x1206
[ios-render] screen=874x402 render=2622x1206
[ios-render] screen=874x402 render=2622x1206
[ios-render] screen=874x402 render=2622x1206
[ios-render] screen=874x402 render=2622x1206
[ios-render] screen=874x402 render=2622x1206
[ios-render] screen=874x402 render=2622x1206
[ios-render] screen=874x402 render=2622x1206
[ios-render] screen=874x402 render=2622x1206
[ios-render] screen=874x402 render=2622x1206
[ios-render] screen=874x402 render=2622x1206
[ios-render] screen=874x402 render=2622x1206
[ios-render] screen=874x402 render=2622x1206
[ios-render] screen=874x402 render=2622x1206
[ios-render] screen=874x402 render=2622x1206
[ios-render] screen=874x402 render=2622x1206
[ios-render] screen=874x402 render=2622x1206
[ios-render] screen=874x402 render=2622x1206
[ios-render] screen=874x402 render=2622x1206
[ios-render] screen=874x402 render=2622x1206
[ios-render] screen=874x402 render=2622x1206
[ios-render] screen=874x402 render=2622x1206
[ios-render] screen=874x402 render=2622x1206
[ios-render] screen=874x402 render=2622x1206
[ios-render] screen=874x402 render=2622x1206
[ios-render] screen=874x402 render=2622x1206
[ios-render] screen=874x402 render=2622x1206
[ios-render] screen=874x402 render=2622x1206
[ios-render] screen=874x402 render=2622x1206
[ios-render] screen=874x402 render=2622x1206
[ios-render] screen=874x402 render=2622x1206
[ios-render] screen=874x402 render=2622x1206
[ios-render] screen=874x402 render=2622x1206
[ios-render] screen=874x402 render=2622x1206
[ios-render] screen=874x402 render=2622x1206
[ios-render] screen=874x402 render=2622x1206
[ios-render] screen=874x402 render=2622x1206
[ios-render] screen=874x402 render=2622x1206
[ios-render] screen=874x402 render=2622x1206
[ios-render] screen=874x402 render=2622x1206
[ios-render] screen=874x402 render=2622x1206
[ios-render] screen=874x402 render=2622x1206
[ios-render] screen=874x402 render=2622x1206
[ios-render] screen=874x402 render=2622x1206
[ios-render] screen=874x402 render=2622x1206
[ios-render] screen=874x402 render=2622x1206
[ios-render] screen=874x402 render=2622x1206
[ios-render] screen=874x402 render=2622x1206
[ios-render] screen=874x402 render=2622x1206
[ios-render] screen=874x402 render=2622x1206
[ios-render] screen=874x402 render=2622x1206
[ios-render] screen=874x402 render=2622x1206
[ios-render] screen=874x402 render=2622x1206
[ios-render] screen=874x402 render=2622x1206
[ios-render] screen=874x402 render=2622x1206
[ios-render] screen=874x402 render=2622x1206
[ios-render] screen=874x402 render=2622x1206
[ios-render] screen=874x402 render=2622x1206
[ios-render] screen=874x402 render=2622x1206
[ios-render] screen=874x402 render=2622x1206
[ios-render] screen=874x402 render=2622x1206
[ios-render] screen=874x402 render=2622x1206
[ios-render] screen=874x402 render=2622x1206
[padscript] release i=25 now=36486ms
[ios-render] screen=874x402 render=2622x1206
[ios-render] screen=874x402 render=2622x1206
[ios-render] screen=874x402 render=2622x1206
[ios-render] screen=874x402 render=2622x1206
[ios-render] screen=874x402 render=2622x1206
[ios-render] screen=874x402 render=2622x1206
[ios-render] screen=874x402 render=2622x1206
[ios-render] screen=874x402 render=2622x1206
[ios-render] screen=874x402 render=2622x1206
[ios-render] screen=874x402 render=2622x1206
[ios-render] screen=874x402 render=2622x1206
[ios-render] screen=874x402 render=2622x1206
[ios-render] screen=874x402 render=2622x1206
[ios-render] screen=874x402 render=2622x1206
[ios-render] screen=874x402 render=2622x1206
[ios-render] screen=874x402 render=2622x1206
[ios-render] screen=874x402 render=2622x1206
[ios-render] screen=874x402 render=2622x1206
[ios-render] screen=874x402 render=2622x1206
[ios-render] screen=874x402 render=2622x1206
[ios-render] screen=874x402 render=2622x1206
[ios-render] screen=874x402 render=2622x1206
[vsync-rate] tick=2189 rate=6.99/s (0.117x of 59.94)
[ios-render] screen=874x402 render=2622x1206
[padscript] press i=26 now=36536ms at=36520ms hold=200ms buttons=0x4000
[ios-render] screen=874x402 render=2622x1206
[ios-render] screen=874x402 render=2622x1206
[ios-render] screen=874x402 render=2622x1206
[ios-render] screen=874x402 render=2622x1206
[ios-render] screen=874x402 render=2622x1206
[ios-render] screen=874x402 render=2622x1206
[ios-render] screen=874x402 render=2622x1206
[ios-render] screen=874x402 render=2622x1206
[ios-render] screen=874x402 render=2622x1206
[ios-render] screen=874x402 render=2622x1206
[ios-render] screen=874x402 render=2622x1206
[ios-render] screen=874x402 render=2622x1206
[ios-render] screen=874x402 render=2622x1206
[ios-render] screen=874x402 render=2622x1206
[ios-render] screen=874x402 render=2622x1206
[ios-render] screen=874x402 render=2622x1206
[ios-render] screen=874x402 render=2622x1206
[ios-render] screen=874x402 render=2622x1206
[ios-render] screen=874x402 render=2622x1206
[ios-render] screen=874x402 render=2622x1206
[ios-render] screen=874x402 render=2622x1206
[ios-render] screen=874x402 render=2622x1206
[ios-render] screen=874x402 render=2622x1206
[ios-render] screen=874x402 render=2622x1206
[ios-render] screen=874x402 render=2622x1206
[ios-render] screen=874x402 render=2622x1206
[ios-render] screen=874x402 render=2622x1206
[ios-render] screen=874x402 render=2622x1206
[ios-render] screen=874x402 render=2622x1206
[ios-render] screen=874x402 render=2622x1206
[ios-render] screen=874x402 render=2622x1206
[ios-render] screen=874x402 render=2622x1206
[ios-render] screen=874x402 render=2622x1206
[ios-render] screen=874x402 render=2622x1206
[ios-render] screen=874x402 render=2622x1206
[ios-render] screen=874x402 render=2622x1206
[ios-render] screen=874x402 render=2622x1206
[ios-render] screen=874x402 render=2622x1206
[ios-render] screen=874x402 render=2622x1206
[ios-render] screen=874x402 render=2622x1206
[ios-render] screen=874x402 render=2622x1206
[ios-render] screen=874x402 render=2622x1206
[ios-render] screen=874x402 render=2622x1206
[ios-render] screen=874x402 render=2622x1206
[ios-render] screen=874x402 render=2622x1206
[ios-render] screen=874x402 render=2622x1206
[ios-render] screen=874x402 render=2622x1206
[ios-render] screen=874x402 render=2622x1206
[ios-render] screen=874x402 render=2622x1206
[ios-render] screen=874x402 render=2622x1206
[ios-render] screen=874x402 render=2622x1206
[ios-render] screen=874x402 render=2622x1206
[ios-render] screen=874x402 render=2622x1206
[ios-render] screen=874x402 render=2622x1206
[ios-render] screen=874x402 render=2622x1206
[ios-render] screen=874x402 render=2622x1206
[ios-render] screen=874x402 render=2622x1206
[ios-render] screen=874x402 render=2622x1206
[ios-render] screen=874x402 render=2622x1206
[ios-render] screen=874x402 render=2622x1206
[ios-render] screen=874x402 render=2622x1206
[ios-render] screen=874x402 render=2622x1206
[ios-render] screen=874x402 render=2622x1206
[ios-render] screen=874x402 render=2622x1206
[ios-render] screen=874x402 render=2622x1206
[padscript] release i=26 now=36720ms
[ios-render] screen=874x402 render=2622x1206
[ios-render] screen=874x402 render=2622x1206
[ios-render] screen=874x402 render=2622x1206
[ios-render] screen=874x402 render=2622x1206
[ios-render] screen=874x402 render=2622x1206
[ios-render] screen=874x402 render=2622x1206
[ios-render] screen=874x402 render=2622x1206
[ios-render] screen=874x402 render=2622x1206
[ios-render] screen=874x402 render=2622x1206
[ios-render] screen=874x402 render=2622x1206
[ios-render] screen=874x402 render=2622x1206
[ios-render] screen=874x402 render=2622x1206
[ios-render] screen=874x402 render=2622x1206
[ios-render] screen=874x402 render=2622x1206
[ios-render] screen=874x402 render=2622x1206
[ios-render] screen=874x402 render=2622x1206
[ios-render] screen=874x402 render=2622x1206
[ios-render] screen=874x402 render=2622x1206
[ios-render] screen=874x402 render=2622x1206
[ios-render] screen=874x402 render=2622x1206
[ios-render] screen=874x402 render=2622x1206
[ios-render] screen=874x402 render=2622x1206
[ios-render] screen=874x402 render=2622x1206
[ios-render] screen=874x402 render=2622x1206
[ios-render] screen=874x402 render=2622x1206
[ios-render] screen=874x402 render=2622x1206
[ios-render] screen=874x402 render=2622x1206
[ios-render] screen=874x402 render=2622x1206
[ios-render] screen=874x402 render=2622x1206
[ios-render] screen=874x402 render=2622x1206
[ios-render] screen=874x402 render=2622x1206
[padscript] press i=27 now=36786ms at=36771ms hold=700ms buttons=0x0040
[ios-render] screen=874x402 render=2622x1206
[ios-render] screen=874x402 render=2622x1206
[ios-render] screen=874x402 render=2622x1206
[ios-render] screen=874x402 render=2622x1206
[ios-render] screen=874x402 render=2622x1206
[ios-render] screen=874x402 render=2622x1206
[ios-render] screen=874x402 render=2622x1206
[ios-render] screen=874x402 render=2622x1206
[ios-render] screen=874x402 render=2622x1206
[ios-render] screen=874x402 render=2622x1206
[ios-render] screen=874x402 render=2622x1206
[ios-render] screen=874x402 render=2622x1206
[ios-render] screen=874x402 render=2622x1206
[ios-render] screen=874x402 render=2622x1206
[ios-render] screen=874x402 render=2622x1206
[ios-render] screen=874x402 render=2622x1206
[ios-render] screen=874x402 render=2622x1206
[ios-render] screen=874x402 render=2622x1206
[ios-render] screen=874x402 render=2622x1206
[ios-render] screen=874x402 render=2622x1206
[ios-render] screen=874x402 render=2622x1206
[ios-render] screen=874x402 render=2622x1206
[ios-render] screen=874x402 render=2622x1206
[ios-render] screen=874x402 render=2622x1206
[ios-render] screen=874x402 render=2622x1206
[ios-render] screen=874x402 render=2622x1206
[ios-render] screen=874x402 render=2622x1206
[ios-render] screen=874x402 render=2622x1206
[ios-render] screen=874x402 render=2622x1206
[ios-render] screen=874x402 render=2622x1206
[ios-render] screen=874x402 render=2622x1206
[ios-render] screen=874x402 render=2622x1206
[ios-render] screen=874x402 render=2622x1206
[ios-render] screen=874x402 render=2622x1206
[ios-render] screen=874x402 render=2622x1206
[ios-render] screen=874x402 render=2622x1206
[ios-render] screen=874x402 render=2622x1206
[ios-render] screen=874x402 render=2622x1206
[ios-render] screen=874x402 render=2622x1206
[ios-render] screen=874x402 render=2622x1206
[ios-render] screen=874x402 render=2622x1206
[ios-render] screen=874x402 render=2622x1206
[ios-render] screen=874x402 render=2622x1206
[ios-render] screen=874x402 render=2622x1206
[ios-render] screen=874x402 render=2622x1206
[ios-render] screen=874x402 render=2622x1206
[ios-render] screen=874x402 render=2622x1206
[ios-render] screen=874x402 render=2622x1206
[ios-render] screen=874x402 render=2622x1206
[ios-render] screen=874x402 render=2622x1206
[ios-render] screen=874x402 render=2622x1206
[ios-render] screen=874x402 render=2622x1206
[ios-render] screen=874x402 render=2622x1206
[ios-render] screen=874x402 render=2622x1206
[ios-render] screen=874x402 render=2622x1206
[ios-render] screen=874x402 render=2622x1206
[ios-render] screen=874x402 render=2622x1206
[ios-render] screen=874x402 render=2622x1206
[ios-render] screen=874x402 render=2622x1206
[ios-render] screen=874x402 render=2622x1206
[ios-render] screen=874x402 render=2622x1206
[ios-render] screen=874x402 render=2622x1206
[ios-render] screen=874x402 render=2622x1206
[ios-render] screen=874x402 render=2622x1206
[ios-render] screen=874x402 render=2622x1206
[ios-render] screen=874x402 render=2622x1206
[ios-render] screen=874x402 render=2622x1206
[ios-render] screen=874x402 render=2622x1206
[ios-render] screen=874x402 render=2622x1206
[ios-render] screen=874x402 render=2622x1206
[ios-render] screen=874x402 render=2622x1206
[ios-render] screen=874x402 render=2622x1206
[ios-render] screen=874x402 render=2622x1206
[ios-render] screen=874x402 render=2622x1206
[ios-render] screen=874x402 render=2622x1206
[ios-render] screen=874x402 render=2622x1206
[ios-render] screen=874x402 render=2622x1206
[ios-render] screen=874x402 render=2622x1206
[ios-render] screen=874x402 render=2622x1206
[ios-render] screen=874x402 render=2622x1206
[ios-render] screen=874x402 render=2622x1206
[ios-render] screen=874x402 render=2622x1206
[ios-render] screen=874x402 render=2622x1206
[ios-render] screen=874x402 render=2622x1206
[ios-render] screen=874x402 render=2622x1206
[ios-render] screen=874x402 render=2622x1206
[ios-render] screen=874x402 render=2622x1206
[ios-render] screen=874x402 render=2622x1206
[ios-render] screen=874x402 render=2622x1206
[ios-render] screen=874x402 render=2622x1206
[ios-render] screen=874x402 render=2622x1206
[ios-render] screen=874x402 render=2622x1206
[ios-render] screen=874x402 render=2622x1206
[ios-render] screen=874x402 render=2622x1206
[ios-render] screen=874x402 render=2622x1206
[ios-render] screen=874x402 render=2622x1206
[ios-render] screen=874x402 render=2622x1206
[ios-render] screen=874x402 render=2622x1206
[ios-render] screen=874x402 render=2622x1206
[ios-render] screen=874x402 render=2622x1206
[ios-render] screen=874x402 render=2622x1206
[ios-render] screen=874x402 render=2622x1206
[ios-render] screen=874x402 render=2622x1206
[ios-render] screen=874x402 render=2622x1206
[ios-render] screen=874x402 render=2622x1206
[ios-render] screen=874x402 render=2622x1206
[ios-render] screen=874x402 render=2622x1206
[ios-render] screen=874x402 render=2622x1206
[ios-render] screen=874x402 render=2622x1206
[ios-render] screen=874x402 render=2622x1206
[ios-render] screen=874x402 render=2622x1206
[ios-render] screen=874x402 render=2622x1206
[ios-render] screen=874x402 render=2622x1206
[ios-render] screen=874x402 render=2622x1206
[ios-render] screen=874x402 render=2622x1206
[ios-render] screen=874x402 render=2622x1206
[ios-render] screen=874x402 render=2622x1206
[ios-render] screen=874x402 render=2622x1206
[ios-render] screen=874x402 render=2622x1206
[ios-render] screen=874x402 render=2622x1206
[ios-render] screen=874x402 render=2622x1206
[ios-render] screen=874x402 render=2622x1206
[ios-render] screen=874x402 render=2622x1206
[ios-render] screen=874x402 render=2622x1206
[ios-render] screen=874x402 render=2622x1206
[ios-render] screen=874x402 render=2622x1206
[ios-render] screen=874x402 render=2622x1206
[ios-render] screen=874x402 render=2622x1206
[ios-render] screen=874x402 render=2622x1206
[vsync-rate] tick=2226 rate=7.37/s (0.123x of 59.94)
[ios-render] screen=874x402 render=2622x1206
[ios-render] screen=874x402 render=2622x1206
[ios-render] screen=874x402 render=2622x1206
[ios-render] screen=874x402 render=2622x1206
[ios-render] screen=874x402 render=2622x1206
[ios-render] screen=874x402 render=2622x1206
[ios-render] screen=874x402 render=2622x1206
[ios-render] screen=874x402 render=2622x1206
[ios-render] screen=874x402 render=2622x1206
[ios-render] screen=874x402 render=2622x1206
[ios-render] screen=874x402 render=2622x1206
[ios-render] screen=874x402 render=2622x1206
[ios-render] screen=874x402 render=2622x1206
[ios-render] screen=874x402 render=2622x1206
[ios-render] screen=874x402 render=2622x1206
[ios-render] screen=874x402 render=2622x1206
[ios-render] screen=874x402 render=2622x1206
[ios-render] screen=874x402 render=2622x1206
[ios-render] screen=874x402 render=2622x1206
[ios-render] screen=874x402 render=2622x1206
[ios-render] screen=874x402 render=2622x1206
[ios-render] screen=874x402 render=2622x1206
[ios-render] screen=874x402 render=2622x1206
[ios-render] screen=874x402 render=2622x1206
[ios-render] screen=874x402 render=2622x1206
[ios-render] screen=874x402 render=2622x1206
[ios-render] screen=874x402 render=2622x1206
[ios-render] screen=874x402 render=2622x1206
[ios-render] screen=874x402 render=2622x1206
[ios-render] screen=874x402 render=2622x1206
[ios-render] screen=874x402 render=2622x1206
[ios-render] screen=874x402 render=2622x1206
[ios-render] screen=874x402 render=2622x1206
[ios-render] screen=874x402 render=2622x1206
[ios-render] screen=874x402 render=2622x1206
[ios-render] screen=874x402 render=2622x1206
[ios-render] screen=874x402 render=2622x1206
[ios-render] screen=874x402 render=2622x1206
[ios-render] screen=874x402 render=2622x1206
[ios-render] screen=874x402 render=2622x1206
[ios-render] screen=874x402 render=2622x1206
[ios-render] screen=874x402 render=2622x1206
[ios-render] screen=874x402 render=2622x1206
[ios-render] screen=874x402 render=2622x1206
[ios-render] screen=874x402 render=2622x1206
[ios-render] screen=874x402 render=2622x1206
[ios-render] screen=874x402 render=2622x1206
[ios-render] screen=874x402 render=2622x1206
[ios-render] screen=874x402 render=2622x1206
[ios-render] screen=874x402 render=2622x1206
[ios-render] screen=874x402 render=2622x1206
[ios-render] screen=874x402 render=2622x1206
[ios-render] screen=874x402 render=2622x1206
[ios-render] screen=874x402 render=2622x1206
[ios-render] screen=874x402 render=2622x1206
[ios-render] screen=874x402 render=2622x1206
[ios-render] screen=874x402 render=2622x1206
[ios-render] screen=874x402 render=2622x1206
[ios-render] screen=874x402 render=2622x1206
[ios-render] screen=874x402 render=2622x1206
[ios-render] screen=874x402 render=2622x1206
[ios-render] screen=874x402 render=2622x1206
[ios-render] screen=874x402 render=2622x1206
[ios-render] screen=874x402 render=2622x1206
[ios-render] screen=874x402 render=2622x1206
[ios-render] screen=874x402 render=2622x1206
[ios-render] screen=874x402 render=2622x1206
[ios-render] screen=874x402 render=2622x1206
[ios-render] screen=874x402 render=2622x1206
[ios-render] screen=874x402 render=2622x1206
[ios-render] screen=874x402 render=2622x1206
[ios-render] screen=874x402 render=2622x1206
[ios-render] screen=874x402 render=2622x1206
[ios-render] screen=874x402 render=2622x1206
[ios-render] screen=874x402 render=2622x1206
[ios-render] screen=874x402 render=2622x1206
[ios-render] screen=874x402 render=2622x1206
[ios-render] screen=874x402 render=2622x1206
[ios-render] screen=874x402 render=2622x1206
[ios-render] screen=874x402 render=2622x1206
[ios-render] screen=874x402 render=2622x1206
[ios-render] screen=874x402 render=2622x1206
[ios-render] screen=874x402 render=2622x1206
[ios-render] screen=874x402 render=2622x1206
[ios-render] screen=874x402 render=2622x1206
[ios-render] screen=874x402 render=2622x1206
[ios-render] screen=874x402 render=2622x1206
[ios-render] screen=874x402 render=2622x1206
[ios-render] screen=874x402 render=2622x1206
[ios-render] screen=874x402 render=2622x1206
[ios-render] screen=874x402 render=2622x1206
[ios-render] screen=874x402 render=2622x1206
[ios-render] screen=874x402 render=2622x1206
[ios-render] screen=874x402 render=2622x1206
[ios-render] screen=874x402 render=2622x1206
[ios-render] screen=874x402 render=2622x1206
[ios-render] screen=874x402 render=2622x1206
[ios-render] screen=874x402 render=2622x1206
[ios-render] screen=874x402 render=2622x1206
[ios-render] screen=874x402 render=2622x1206
[ios-render] screen=874x402 render=2622x1206
[ios-render] screen=874x402 render=2622x1206
[ios-render] screen=874x402 render=2622x1206
[ios-render] screen=874x402 render=2622x1206
[ios-render] screen=874x402 render=2622x1206
[ios-render] screen=874x402 render=2622x1206
[ios-render] screen=874x402 render=2622x1206
[ios-render] screen=874x402 render=2622x1206
[ios-render] screen=874x402 render=2622x1206
[ios-render] screen=874x402 render=2622x1206
[ios-render] screen=874x402 render=2622x1206
[ios-render] screen=874x402 render=2622x1206
[ios-render] screen=874x402 render=2622x1206
[ios-render] screen=874x402 render=2622x1206
[ios-render] screen=874x402 render=2622x1206
[ios-render] screen=874x402 render=2622x1206
[ios-render] screen=874x402 render=2622x1206
[ios-render] screen=874x402 render=2622x1206
[ios-render] screen=874x402 render=2622x1206
[ios-render] screen=874x402 render=2622x1206
[ios-render] screen=874x402 render=2622x1206
[ios-render] screen=874x402 render=2622x1206
[ios-render] screen=874x402 render=2622x1206
[ios-render] screen=874x402 render=2622x1206
[ios-render] screen=874x402 render=2622x1206
[ios-render] screen=874x402 render=2622x1206
[ios-render] screen=874x402 render=2622x1206
[ios-render] screen=874x402 render=2622x1206
[ios-render] screen=874x402 render=2622x1206
[ios-render] screen=874x402 render=2622x1206
[ios-render] screen=874x402 render=2622x1206
[ios-render] screen=874x402 render=2622x1206
[ios-render] screen=874x402 render=2622x1206
[ios-render] screen=874x402 render=2622x1206
[ios-render] screen=874x402 render=2622x1206
[padscript] release i=27 now=37487ms
[ios-render] screen=874x402 render=2622x1206
[ios-render] screen=874x402 render=2622x1206
[ios-render] screen=874x402 render=2622x1206
[ios-render] screen=874x402 render=2622x1206
[ios-render] screen=874x402 render=2622x1206
[ios-render] screen=874x402 render=2622x1206
[ios-render] screen=874x402 render=2622x1206
[ios-render] screen=874x402 render=2622x1206
[ios-render] screen=874x402 render=2622x1206
[ios-render] screen=874x402 render=2622x1206
[ios-render] screen=874x402 render=2622x1206
[ios-render] screen=874x402 render=2622x1206
[ios-render] screen=874x402 render=2622x1206
[ios-render] screen=874x402 render=2622x1206
[ios-render] screen=874x402 render=2622x1206
[ios-render] screen=874x402 render=2622x1206
[padscript] press i=28 now=37537ms at=37521ms hold=200ms buttons=0x4000
[ios-render] screen=874x402 render=2622x1206
[ios-render] screen=874x402 render=2622x1206
[ios-render] screen=874x402 render=2622x1206
[ios-render] screen=874x402 render=2622x1206
[ios-render] screen=874x402 render=2622x1206
[ios-render] screen=874x402 render=2622x1206
[ios-render] screen=874x402 render=2622x1206
[ios-render] screen=874x402 render=2622x1206
[ios-render] screen=874x402 render=2622x1206
[ios-render] screen=874x402 render=2622x1206
[ios-render] screen=874x402 render=2622x1206
[ios-render] screen=874x402 render=2622x1206
[ios-render] screen=874x402 render=2622x1206
[ios-render] screen=874x402 render=2622x1206
[ios-render] screen=874x402 render=2622x1206
[ios-render] screen=874x402 render=2622x1206
[ios-render] screen=874x402 render=2622x1206
[ios-render] screen=874x402 render=2622x1206
[ios-render] screen=874x402 render=2622x1206
[ios-render] screen=874x402 render=2622x1206
[ios-render] screen=874x402 render=2622x1206
[ios-render] screen=874x402 render=2622x1206
[ios-render] screen=874x402 render=2622x1206
[ios-render] screen=874x402 render=2622x1206
[ios-render] screen=874x402 render=2622x1206
[ios-render] screen=874x402 render=2622x1206
[ios-render] screen=874x402 render=2622x1206
[ios-render] screen=874x402 render=2622x1206
[ios-render] screen=874x402 render=2622x1206
[ios-render] screen=874x402 render=2622x1206
[ios-render] screen=874x402 render=2622x1206
[ios-render] screen=874x402 render=2622x1206
[ios-render] screen=874x402 render=2622x1206
[ios-render] screen=874x402 render=2622x1206
[ios-render] screen=874x402 render=2622x1206
[ios-render] screen=874x402 render=2622x1206
[ios-render] screen=874x402 render=2622x1206
[ios-render] screen=874x402 render=2622x1206
[ios-render] screen=874x402 render=2622x1206
[ios-render] screen=874x402 render=2622x1206
[ios-render] screen=874x402 render=2622x1206
[ios-render] screen=874x402 render=2622x1206
[ios-render] screen=874x402 render=2622x1206
[ios-render] screen=874x402 render=2622x1206
[ios-render] screen=874x402 render=2622x1206
[ios-render] screen=874x402 render=2622x1206
[ios-render] screen=874x402 render=2622x1206
[ios-render] screen=874x402 render=2622x1206
[ios-render] screen=874x402 render=2622x1206
[ios-render] screen=874x402 render=2622x1206
[ios-render] screen=874x402 render=2622x1206
[ios-render] screen=874x402 render=2622x1206
[ios-render] screen=874x402 render=2622x1206
[ios-render] screen=874x402 render=2622x1206
[ios-render] screen=874x402 render=2622x1206
[ios-render] screen=874x402 render=2622x1206
[ios-render] screen=874x402 render=2622x1206
[ios-render] screen=874x402 render=2622x1206
[ios-render] screen=874x402 render=2622x1206
[ios-render] screen=874x402 render=2622x1206
[ios-render] screen=874x402 render=2622x1206
[ios-render] screen=874x402 render=2622x1206
[ios-render] screen=874x402 render=2622x1206
[ios-render] screen=874x402 render=2622x1206
[ios-render] screen=874x402 render=2622x1206
[ios-render] screen=874x402 render=2622x1206
[ios-render] screen=874x402 render=2622x1206
[ios-render] screen=874x402 render=2622x1206
[ios-render] screen=874x402 render=2622x1206
[ios-render] screen=874x402 render=2622x1206
[ios-render] screen=874x402 render=2622x1206
[ios-render] screen=874x402 render=2622x1206
[ios-render] screen=874x402 render=2622x1206
[padscript] release i=28 now=37721ms
[ios-render] screen=874x402 render=2622x1206
[vsync-rate] tick=2261 rate=6.97/s (0.116x of 59.94)
[ios-render] screen=874x402 render=2622x1206
[ios-render] screen=874x402 render=2622x1206
[ios-render] screen=874x402 render=2622x1206
[ios-render] screen=874x402 render=2622x1206
[ios-render] screen=874x402 render=2622x1206
[ios-render] screen=874x402 render=2622x1206
[ios-render] screen=874x402 render=2622x1206
[ios-render] screen=874x402 render=2622x1206
[ios-render] screen=874x402 render=2622x1206
[ios-render] screen=874x402 render=2622x1206
[ios-render] screen=874x402 render=2622x1206
[ios-render] screen=874x402 render=2622x1206
[ios-render] screen=874x402 render=2622x1206
[ios-render] screen=874x402 render=2622x1206
[ios-render] screen=874x402 render=2622x1206
[ios-render] screen=874x402 render=2622x1206
[ios-render] screen=874x402 render=2622x1206
[ios-render] screen=874x402 render=2622x1206
[ios-render] screen=874x402 render=2622x1206
[ios-render] screen=874x402 render=2622x1206
[ios-render] screen=874x402 render=2622x1206
[ios-render] screen=874x402 render=2622x1206
[ios-render] screen=874x402 render=2622x1206
[padscript] press i=29 now=37787ms at=37772ms hold=700ms buttons=0x0040
[ios-render] screen=874x402 render=2622x1206
[ios-render] screen=874x402 render=2622x1206
[ios-render] screen=874x402 render=2622x1206
[ios-render] screen=874x402 render=2622x1206
[ios-render] screen=874x402 render=2622x1206
[ios-render] screen=874x402 render=2622x1206
[ios-render] screen=874x402 render=2622x1206
[ios-render] screen=874x402 render=2622x1206
[ios-render] screen=874x402 render=2622x1206
[ios-render] screen=874x402 render=2622x1206
[ios-render] screen=874x402 render=2622x1206
[ios-render] screen=874x402 render=2622x1206
[ios-render] screen=874x402 render=2622x1206
[ios-render] screen=874x402 render=2622x1206
[ios-render] screen=874x402 render=2622x1206
[ios-render] screen=874x402 render=2622x1206
[ios-render] screen=874x402 render=2622x1206
[ios-render] screen=874x402 render=2622x1206
[ios-render] screen=874x402 render=2622x1206
[ios-render] screen=874x402 render=2622x1206
[ios-render] screen=874x402 render=2622x1206
[ios-render] screen=874x402 render=2622x1206
[ios-render] screen=874x402 render=2622x1206
[ios-render] screen=874x402 render=2622x1206
[ios-render] screen=874x402 render=2622x1206
[ios-render] screen=874x402 render=2622x1206
[ios-render] screen=874x402 render=2622x1206
[ios-render] screen=874x402 render=2622x1206
[ios-render] screen=874x402 render=2622x1206
[ios-render] screen=874x402 render=2622x1206
[ios-render] screen=874x402 render=2622x1206
[ios-render] screen=874x402 render=2622x1206
[ios-render] screen=874x402 render=2622x1206
[ios-render] screen=874x402 render=2622x1206
[ios-render] screen=874x402 render=2622x1206
[ios-render] screen=874x402 render=2622x1206
[ios-render] screen=874x402 render=2622x1206
[ios-render] screen=874x402 render=2622x1206
[ios-render] screen=874x402 render=2622x1206
[ios-render] screen=874x402 render=2622x1206
[ios-render] screen=874x402 render=2622x1206
[ios-render] screen=874x402 render=2622x1206
[ios-render] screen=874x402 render=2622x1206
[ios-render] screen=874x402 render=2622x1206
[ios-render] screen=874x402 render=2622x1206
[ios-render] screen=874x402 render=2622x1206
[ios-render] screen=874x402 render=2622x1206
[ios-render] screen=874x402 render=2622x1206
[ios-render] screen=874x402 render=2622x1206
[ios-render] screen=874x402 render=2622x1206
[ios-render] screen=874x402 render=2622x1206
[ios-render] screen=874x402 render=2622x1206
[ios-render] screen=874x402 render=2622x1206
[ios-render] screen=874x402 render=2622x1206
[ios-render] screen=874x402 render=2622x1206
[ios-render] screen=874x402 render=2622x1206
[ios-render] screen=874x402 render=2622x1206
[ios-render] screen=874x402 render=2622x1206
[ios-render] screen=874x402 render=2622x1206
[ios-render] screen=874x402 render=2622x1206
[ios-render] screen=874x402 render=2622x1206
[ios-render] screen=874x402 render=2622x1206
[ios-render] screen=874x402 render=2622x1206
[ios-render] screen=874x402 render=2622x1206
[ios-render] screen=874x402 render=2622x1206
[ios-render] screen=874x402 render=2622x1206
[ios-render] screen=874x402 render=2622x1206
[ios-render] screen=874x402 render=2622x1206
[ios-render] screen=874x402 render=2622x1206
[ios-render] screen=874x402 render=2622x1206
[ios-render] screen=874x402 render=2622x1206
[ios-render] screen=874x402 render=2622x1206
[ios-render] screen=874x402 render=2622x1206
[ios-render] screen=874x402 render=2622x1206
[ios-render] screen=874x402 render=2622x1206
[ios-render] screen=874x402 render=2622x1206
[ios-render] screen=874x402 render=2622x1206
[ios-render] screen=874x402 render=2622x1206
[ios-render] screen=874x402 render=2622x1206
[ios-render] screen=874x402 render=2622x1206
[ios-render] screen=874x402 render=2622x1206
[ios-render] screen=874x402 render=2622x1206
[ios-render] screen=874x402 render=2622x1206
[ios-render] screen=874x402 render=2622x1206
[ios-render] screen=874x402 render=2622x1206
[ios-render] screen=874x402 render=2622x1206
[ios-render] screen=874x402 render=2622x1206
[ios-render] screen=874x402 render=2622x1206
[ios-render] screen=874x402 render=2622x1206
[ios-render] screen=874x402 render=2622x1206
[ios-render] screen=874x402 render=2622x1206
[ios-render] screen=874x402 render=2622x1206
[ios-render] screen=874x402 render=2622x1206
[ios-render] screen=874x402 render=2622x1206
[ios-render] screen=874x402 render=2622x1206
[ios-render] screen=874x402 render=2622x1206
[ios-render] screen=874x402 render=2622x1206
[ios-render] screen=874x402 render=2622x1206
[ios-render] screen=874x402 render=2622x1206
[ios-render] screen=874x402 render=2622x1206
[ios-render] screen=874x402 render=2622x1206
[ios-render] screen=874x402 render=2622x1206
[ios-render] screen=874x402 render=2622x1206
[ios-render] screen=874x402 render=2622x1206
[ios-render] screen=874x402 render=2622x1206
[ios-render] screen=874x402 render=2622x1206
[ios-render] screen=874x402 render=2622x1206
[ios-render] screen=874x402 render=2622x1206
[ios-render] screen=874x402 render=2622x1206
[ios-render] screen=874x402 render=2622x1206
[ios-render] screen=874x402 render=2622x1206
[ios-render] screen=874x402 render=2622x1206
[ios-render] screen=874x402 render=2622x1206
[ios-render] screen=874x402 render=2622x1206
[ios-render] screen=874x402 render=2622x1206
[ios-render] screen=874x402 render=2622x1206
[ios-render] screen=874x402 render=2622x1206
[ios-render] screen=874x402 render=2622x1206
[ios-render] screen=874x402 render=2622x1206
[ios-render] screen=874x402 render=2622x1206
[ios-render] screen=874x402 render=2622x1206
[ios-render] screen=874x402 render=2622x1206
[ios-render] screen=874x402 render=2622x1206
[ios-render] screen=874x402 render=2622x1206
[ios-render] screen=874x402 render=2622x1206
[ios-render] screen=874x402 render=2622x1206
[ios-render] screen=874x402 render=2622x1206
[ios-render] screen=874x402 render=2622x1206
[ios-render] screen=874x402 render=2622x1206
[ios-render] screen=874x402 render=2622x1206
[ios-render] screen=874x402 render=2622x1206
[ios-render] screen=874x402 render=2622x1206
[ios-render] screen=874x402 render=2622x1206
[ios-render] screen=874x402 render=2622x1206
[ios-render] screen=874x402 render=2622x1206
[ios-render] screen=874x402 render=2622x1206
[ios-render] screen=874x402 render=2622x1206
[ios-render] screen=874x402 render=2622x1206
[ios-render] screen=874x402 render=2622x1206
[ios-render] screen=874x402 render=2622x1206
[ios-render] screen=874x402 render=2622x1206
[ios-render] screen=874x402 render=2622x1206
[ios-render] screen=874x402 render=2622x1206
[ios-render] screen=874x402 render=2622x1206
[ios-render] screen=874x402 render=2622x1206
[ios-render] screen=874x402 render=2622x1206
[ios-render] screen=874x402 render=2622x1206
[ios-render] screen=874x402 render=2622x1206
[ios-render] screen=874x402 render=2622x1206
[ios-render] screen=874x402 render=2622x1206
[ios-render] screen=874x402 render=2622x1206
[ios-render] screen=874x402 render=2622x1206
[ios-render] screen=874x402 render=2622x1206
[ios-render] screen=874x402 render=2622x1206
[ios-render] screen=874x402 render=2622x1206
[ios-render] screen=874x402 render=2622x1206
[ios-render] screen=874x402 render=2622x1206
[ios-render] screen=874x402 render=2622x1206
[ios-render] screen=874x402 render=2622x1206
[ios-render] screen=874x402 render=2622x1206
[ios-render] screen=874x402 render=2622x1206
[ios-render] screen=874x402 render=2622x1206
[ios-render] screen=874x402 render=2622x1206
[ios-render] screen=874x402 render=2622x1206
[ios-render] screen=874x402 render=2622x1206
[ios-render] screen=874x402 render=2622x1206
[ios-render] screen=874x402 render=2622x1206
[ios-render] screen=874x402 render=2622x1206
[ios-render] screen=874x402 render=2622x1206
[ios-render] screen=874x402 render=2622x1206
[ios-render] screen=874x402 render=2622x1206
[ios-render] screen=874x402 render=2622x1206
[ios-render] screen=874x402 render=2622x1206
[ios-render] screen=874x402 render=2622x1206
[ios-render] screen=874x402 render=2622x1206
[ios-render] screen=874x402 render=2622x1206
[ios-render] screen=874x402 render=2622x1206
[ios-render] screen=874x402 render=2622x1206
[ios-render] screen=874x402 render=2622x1206
[ios-render] screen=874x402 render=2622x1206
[ios-render] screen=874x402 render=2622x1206
[ios-render] screen=874x402 render=2622x1206
[ios-render] screen=874x402 render=2622x1206
[ios-render] screen=874x402 render=2622x1206
[ios-render] screen=874x402 render=2622x1206
[ios-render] screen=874x402 render=2622x1206
[ios-render] screen=874x402 render=2622x1206
[ios-render] screen=874x402 render=2622x1206
[ios-render] screen=874x402 render=2622x1206
[ios-render] screen=874x402 render=2622x1206
[ios-render] screen=874x402 render=2622x1206
[ios-render] screen=874x402 render=2622x1206
[ios-render] screen=874x402 render=2622x1206
[ios-render] screen=874x402 render=2622x1206
[ios-render] screen=874x402 render=2622x1206
[ios-render] screen=874x402 render=2622x1206
[ios-render] screen=874x402 render=2622x1206
[ios-render] screen=874x402 render=2622x1206
[ios-render] screen=874x402 render=2622x1206
[ios-render] screen=874x402 render=2622x1206
[ios-render] screen=874x402 render=2622x1206
[ios-render] screen=874x402 render=2622x1206
[ios-render] screen=874x402 render=2622x1206
[vsync-rate] tick=2297 rate=7.19/s (0.120x of 59.94)
[ios-render] screen=874x402 render=2622x1206
[ios-render] screen=874x402 render=2622x1206
[ios-render] screen=874x402 render=2622x1206
[ios-render] screen=874x402 render=2622x1206
[ios-render] screen=874x402 render=2622x1206
[ios-render] screen=874x402 render=2622x1206
[ios-render] screen=874x402 render=2622x1206
[ios-render] screen=874x402 render=2622x1206
[ios-render] screen=874x402 render=2622x1206
[ios-render] screen=874x402 render=2622x1206
[ios-render] screen=874x402 render=2622x1206
[ios-render] screen=874x402 render=2622x1206
[ios-render] screen=874x402 render=2622x1206
[ios-render] screen=874x402 render=2622x1206
[ios-render] screen=874x402 render=2622x1206
[ios-render] screen=874x402 render=2622x1206
[ios-render] screen=874x402 render=2622x1206
[ios-render] screen=874x402 render=2622x1206
[ios-render] screen=874x402 render=2622x1206
[ios-render] screen=874x402 render=2622x1206
[ios-render] screen=874x402 render=2622x1206
[ios-render] screen=874x402 render=2622x1206
[ios-render] screen=874x402 render=2622x1206
[ios-render] screen=874x402 render=2622x1206
[ios-render] screen=874x402 render=2622x1206
[ios-render] screen=874x402 render=2622x1206
[ios-render] screen=874x402 render=2622x1206
[ios-render] screen=874x402 render=2622x1206
[ios-render] screen=874x402 render=2622x1206
[ios-render] screen=874x402 render=2622x1206
[ios-render] screen=874x402 render=2622x1206
[ios-render] screen=874x402 render=2622x1206
[ios-render] screen=874x402 render=2622x1206
[ios-render] screen=874x402 render=2622x1206
[ios-render] screen=874x402 render=2622x1206
[ios-render] screen=874x402 render=2622x1206
[ios-render] screen=874x402 render=2622x1206
[ios-render] screen=874x402 render=2622x1206
[ios-render] screen=874x402 render=2622x1206
[ios-render] screen=874x402 render=2622x1206
[ios-render] screen=874x402 render=2622x1206
[ios-render] screen=874x402 render=2622x1206
[ios-render] screen=874x402 render=2622x1206
[ios-render] screen=874x402 render=2622x1206
[ios-render] screen=874x402 render=2622x1206
[ios-render] screen=874x402 render=2622x1206
[ios-render] screen=874x402 render=2622x1206
[ios-render] screen=874x402 render=2622x1206
[ios-render] screen=874x402 render=2622x1206
[ios-render] screen=874x402 render=2622x1206
[ios-render] screen=874x402 render=2622x1206
[ios-render] screen=874x402 render=2622x1206
[ios-render] screen=874x402 render=2622x1206
[ios-render] screen=874x402 render=2622x1206
[ios-render] screen=874x402 render=2622x1206
[ios-render] screen=874x402 render=2622x1206
[ios-render] screen=874x402 render=2622x1206
[ios-render] screen=874x402 render=2622x1206
[ios-render] screen=874x402 render=2622x1206
[ios-render] screen=874x402 render=2622x1206
[ios-render] screen=874x402 render=2622x1206
[padscript] release i=29 now=38488ms
[ios-render] screen=874x402 render=2622x1206
[ios-render] screen=874x402 render=2622x1206
[ios-render] screen=874x402 render=2622x1206
[ios-render] screen=874x402 render=2622x1206
[ios-render] screen=874x402 render=2622x1206
[ios-render] screen=874x402 render=2622x1206
[ios-render] screen=874x402 render=2622x1206
[ios-render] screen=874x402 render=2622x1206
[ios-render] screen=874x402 render=2622x1206
[ios-render] screen=874x402 render=2622x1206
[ios-render] screen=874x402 render=2622x1206
[ios-render] screen=874x402 render=2622x1206
[ios-render] screen=874x402 render=2622x1206
[ios-render] screen=874x402 render=2622x1206
[ios-render] screen=874x402 render=2622x1206
[ios-render] screen=874x402 render=2622x1206
[ios-render] screen=874x402 render=2622x1206
[ios-render] screen=874x402 render=2622x1206
[ios-render] screen=874x402 render=2622x1206
[ios-render] screen=874x402 render=2622x1206
[ios-render] screen=874x402 render=2622x1206
[ios-render] screen=874x402 render=2622x1206
[ios-render] screen=874x402 render=2622x1206
[ios-render] screen=874x402 render=2622x1206
[padscript] press i=30 now=38538ms at=38522ms hold=30000ms buttons=0x0040
[ios-render] screen=874x402 render=2622x1206
[ios-render] screen=874x402 render=2622x1206
[ios-render] screen=874x402 render=2622x1206
[ios-render] screen=874x402 render=2622x1206
[ios-render] screen=874x402 render=2622x1206
[ios-render] screen=874x402 render=2622x1206
[ios-render] screen=874x402 render=2622x1206
[ios-render] screen=874x402 render=2622x1206
[ios-render] screen=874x402 render=2622x1206
[ios-render] screen=874x402 render=2622x1206
[ios-render] screen=874x402 render=2622x1206
[ios-render] screen=874x402 render=2622x1206
[ios-render] screen=874x402 render=2622x1206
[ios-render] screen=874x402 render=2622x1206
[ios-render] screen=874x402 render=2622x1206
[ios-render] screen=874x402 render=2622x1206
[ios-render] screen=874x402 render=2622x1206
[ios-render] screen=874x402 render=2622x1206
[ios-render] screen=874x402 render=2622x1206
[ios-render] screen=874x402 render=2622x1206
[ios-render] screen=874x402 render=2622x1206
[ios-render] screen=874x402 render=2622x1206
[ios-render] screen=874x402 render=2622x1206
[ios-render] screen=874x402 render=2622x1206
[ios-render] screen=874x402 render=2622x1206
[ios-render] screen=874x402 render=2622x1206
[ios-render] screen=874x402 render=2622x1206
[ios-render] screen=874x402 render=2622x1206
[ios-render] screen=874x402 render=2622x1206
[ios-render] screen=874x402 render=2622x1206
[ios-render] screen=874x402 render=2622x1206
[ios-render] screen=874x402 render=2622x1206
[ios-render] screen=874x402 render=2622x1206
[ios-render] screen=874x402 render=2622x1206
[ios-render] screen=874x402 render=2622x1206
[ios-render] screen=874x402 render=2622x1206
[ios-render] screen=874x402 render=2622x1206
[ios-render] screen=874x402 render=2622x1206
[ios-render] screen=874x402 render=2622x1206
[ios-render] screen=874x402 render=2622x1206
[ios-render] screen=874x402 render=2622x1206
[ios-render] screen=874x402 render=2622x1206
[ios-render] screen=874x402 render=2622x1206
[ios-render] screen=874x402 render=2622x1206
[ios-render] screen=874x402 render=2622x1206
[ios-render] screen=874x402 render=2622x1206
[ios-render] screen=874x402 render=2622x1206
[ios-render] screen=874x402 render=2622x1206
[ios-render] screen=874x402 render=2622x1206
[ios-render] screen=874x402 render=2622x1206
[ios-render] screen=874x402 render=2622x1206
[ios-render] screen=874x402 render=2622x1206
[ios-render] screen=874x402 render=2622x1206
[ios-render] screen=874x402 render=2622x1206
[ios-render] screen=874x402 render=2622x1206
[ios-render] screen=874x402 render=2622x1206
[ios-render] screen=874x402 render=2622x1206
[ios-render] screen=874x402 render=2622x1206
[ios-render] screen=874x402 render=2622x1206
[ios-render] screen=874x402 render=2622x1206
[ios-render] screen=874x402 render=2622x1206
[ios-render] screen=874x402 render=2622x1206
[ios-render] screen=874x402 render=2622x1206
[ios-render] screen=874x402 render=2622x1206
[ios-render] screen=874x402 render=2622x1206
[ios-render] screen=874x402 render=2622x1206
[ios-render] screen=874x402 render=2622x1206
[ios-render] screen=874x402 render=2622x1206
[ios-render] screen=874x402 render=2622x1206
[ios-render] screen=874x402 render=2622x1206
[ios-render] screen=874x402 render=2622x1206
[ios-render] screen=874x402 render=2622x1206
[ios-render] screen=874x402 render=2622x1206
[ios-render] screen=874x402 render=2622x1206
[ios-render] screen=874x402 render=2622x1206
[ios-render] screen=874x402 render=2622x1206
[ios-render] screen=874x402 render=2622x1206
[ios-render] screen=874x402 render=2622x1206
[ios-render] screen=874x402 render=2622x1206
[ios-render] screen=874x402 render=2622x1206
[ios-render] screen=874x402 render=2622x1206
[ios-render] screen=874x402 render=2622x1206
[ios-render] screen=874x402 render=2622x1206
[ios-render] screen=874x402 render=2622x1206
[ios-render] screen=874x402 render=2622x1206
[ios-render] screen=874x402 render=2622x1206
[ios-render] screen=874x402 render=2622x1206
[ios-render] screen=874x402 render=2622x1206
[ios-render] screen=874x402 render=2622x1206
[ios-render] screen=874x402 render=2622x1206
[ios-render] screen=874x402 render=2622x1206
[ios-render] screen=874x402 render=2622x1206
[ios-render] screen=874x402 render=2622x1206
[ios-render] screen=874x402 render=2622x1206
[ios-render] screen=874x402 render=2622x1206
[ios-render] screen=874x402 render=2622x1206
[ios-render] screen=874x402 render=2622x1206
[ios-render] screen=874x402 render=2622x1206
[ios-render] screen=874x402 render=2622x1206
[ios-render] screen=874x402 render=2622x1206
[ios-render] screen=874x402 render=2622x1206
[ios-render] screen=874x402 render=2622x1206
[ios-render] screen=874x402 render=2622x1206
[ios-render] screen=874x402 render=2622x1206
[ios-render] screen=874x402 render=2622x1206
[ios-render] screen=874x402 render=2622x1206
[ios-render] screen=874x402 render=2622x1206
[ios-render] screen=874x402 render=2622x1206
[ios-render] screen=874x402 render=2622x1206
[ios-render] screen=874x402 render=2622x1206
[ios-render] screen=874x402 render=2622x1206
[ios-render] screen=874x402 render=2622x1206
[ios-render] screen=874x402 render=2622x1206
[ios-render] screen=874x402 render=2622x1206
[ios-render] screen=874x402 render=2622x1206
[ios-render] screen=874x402 render=2622x1206
[ios-render] screen=874x402 render=2622x1206
[ios-render] screen=874x402 render=2622x1206
[ios-render] screen=874x402 render=2622x1206
[ios-render] screen=874x402 render=2622x1206
[ios-render] screen=874x402 render=2622x1206
[ios-render] screen=874x402 render=2622x1206
[ios-render] screen=874x402 render=2622x1206
[ios-render] screen=874x402 render=2622x1206
[ios-render] screen=874x402 render=2622x1206
[ios-render] screen=874x402 render=2622x1206
[ios-render] screen=874x402 render=2622x1206
[ios-render] screen=874x402 render=2622x1206
[ios-render] screen=874x402 render=2622x1206
[ios-render] screen=874x402 render=2622x1206
[ios-render] screen=874x402 render=2622x1206
[ios-render] screen=874x402 render=2622x1206
[ios-render] screen=874x402 render=2622x1206
[ios-render] screen=874x402 render=2622x1206
[ios-render] screen=874x402 render=2622x1206
[ios-render] screen=874x402 render=2622x1206
[ios-render] screen=874x402 render=2622x1206
[ios-render] screen=874x402 render=2622x1206
[ios-render] screen=874x402 render=2622x1206
[ios-render] screen=874x402 render=2622x1206
[ios-render] screen=874x402 render=2622x1206
[ios-render] screen=874x402 render=2622x1206
[ios-render] screen=874x402 render=2622x1206
[vsync-rate] tick=2331 rate=6.79/s (0.113x of 59.94)
[ios-render] screen=874x402 render=2622x1206
[ios-render] screen=874x402 render=2622x1206
[ios-render] screen=874x402 render=2622x1206
[ios-render] screen=874x402 render=2622x1206
[ios-render] screen=874x402 render=2622x1206
[ios-render] screen=874x402 render=2622x1206
[ios-render] screen=874x402 render=2622x1206
[ios-render] screen=874x402 render=2622x1206
[ios-render] screen=874x402 render=2622x1206
[ios-render] screen=874x402 render=2622x1206
[ios-render] screen=874x402 render=2622x1206
[ios-render] screen=874x402 render=2622x1206
[ios-render] screen=874x402 render=2622x1206
[ios-render] screen=874x402 render=2622x1206
[ios-render] screen=874x402 render=2622x1206
[ios-render] screen=874x402 render=2622x1206
[ios-render] screen=874x402 render=2622x1206
[ios-render] screen=874x402 render=2622x1206
[ios-render] screen=874x402 render=2622x1206
[ios-render] screen=874x402 render=2622x1206
[ios-render] screen=874x402 render=2622x1206
[ios-render] screen=874x402 render=2622x1206
[ios-render] screen=874x402 render=2622x1206
[ios-render] screen=874x402 render=2622x1206
[ios-render] screen=874x402 render=2622x1206
[ios-render] screen=874x402 render=2622x1206
[ios-render] screen=874x402 render=2622x1206
[ios-render] screen=874x402 render=2622x1206
[ios-render] screen=874x402 render=2622x1206
[ios-render] screen=874x402 render=2622x1206
[ios-render] screen=874x402 render=2622x1206
[ios-render] screen=874x402 render=2622x1206
[ios-render] screen=874x402 render=2622x1206
[ios-render] screen=874x402 render=2622x1206
[ios-render] screen=874x402 render=2622x1206
[ios-render] screen=874x402 render=2622x1206
[ios-render] screen=874x402 render=2622x1206
[ios-render] screen=874x402 render=2622x1206
[ios-render] screen=874x402 render=2622x1206
[ios-render] screen=874x402 render=2622x1206
[ios-render] screen=874x402 render=2622x1206
[ios-render] screen=874x402 render=2622x1206
[ios-render] screen=874x402 render=2622x1206
[ios-render] screen=874x402 render=2622x1206
[ios-render] screen=874x402 render=2622x1206
[ios-render] screen=874x402 render=2622x1206
[ios-render] screen=874x402 render=2622x1206
[ios-render] screen=874x402 render=2622x1206
[ios-render] screen=874x402 render=2622x1206
[ios-render] screen=874x402 render=2622x1206
[ios-render] screen=874x402 render=2622x1206
[ios-render] screen=874x402 render=2622x1206
[ios-render] screen=874x402 render=2622x1206
[ios-render] screen=874x402 render=2622x1206
[ios-render] screen=874x402 render=2622x1206
[ios-render] screen=874x402 render=2622x1206
[ios-render] screen=874x402 render=2622x1206
[ios-render] screen=874x402 render=2622x1206
[ios-render] screen=874x402 render=2622x1206
[ios-render] screen=874x402 render=2622x1206
[ios-render] screen=874x402 render=2622x1206
[ios-render] screen=874x402 render=2622x1206
[ios-render] screen=874x402 render=2622x1206
[ios-render] screen=874x402 render=2622x1206
[ios-render] screen=874x402 render=2622x1206
[ios-render] screen=874x402 render=2622x1206
[ios-render] screen=874x402 render=2622x1206
[ios-render] screen=874x402 render=2622x1206
[ios-render] screen=874x402 render=2622x1206
[ios-render] screen=874x402 render=2622x1206
[ios-render] screen=874x402 render=2622x1206
[ios-render] screen=874x402 render=2622x1206
[ios-render] screen=874x402 render=2622x1206
[ios-render] screen=874x402 render=2622x1206
[ios-render] screen=874x402 render=2622x1206
[ios-render] screen=874x402 render=2622x1206
[ios-render] screen=874x402 render=2622x1206
[ios-render] screen=874x402 render=2622x1206
[ios-render] screen=874x402 render=2622x1206
[ios-render] screen=874x402 render=2622x1206
[ios-render] screen=874x402 render=2622x1206
[ios-render] screen=874x402 render=2622x1206
[ios-render] screen=874x402 render=2622x1206
[ios-render] screen=874x402 render=2622x1206
[ios-render] screen=874x402 render=2622x1206
[ios-render] screen=874x402 render=2622x1206
[ios-render] screen=874x402 render=2622x1206
[ios-render] screen=874x402 render=2622x1206
[ios-render] screen=874x402 render=2622x1206
[ios-render] screen=874x402 render=2622x1206
[ios-render] screen=874x402 render=2622x1206
[ios-render] screen=874x402 render=2622x1206
[ios-render] screen=874x402 render=2622x1206
[ios-render] screen=874x402 render=2622x1206
[ios-render] screen=874x402 render=2622x1206
[ios-render] screen=874x402 render=2622x1206
[ios-render] screen=874x402 render=2622x1206
[ios-render] screen=874x402 render=2622x1206
[ios-render] screen=874x402 render=2622x1206
[ios-render] screen=874x402 render=2622x1206
[ios-render] screen=874x402 render=2622x1206
[ios-render] screen=874x402 render=2622x1206
[ios-render] screen=874x402 render=2622x1206
[ios-render] screen=874x402 render=2622x1206
[ios-render] screen=874x402 render=2622x1206
[ios-render] screen=874x402 render=2622x1206
[ios-render] screen=874x402 render=2622x1206
[ios-render] screen=874x402 render=2622x1206
[ios-render] screen=874x402 render=2622x1206
[ios-render] screen=874x402 render=2622x1206
[ios-render] screen=874x402 render=2622x1206
[ios-render] screen=874x402 render=2622x1206
[ios-render] screen=874x402 render=2622x1206
[ios-render] screen=874x402 render=2622x1206
[ios-render] screen=874x402 render=2622x1206
[ios-render] screen=874x402 render=2622x1206
[ios-render] screen=874x402 render=2622x1206
[ios-render] screen=874x402 render=2622x1206
[ios-render] screen=874x402 render=2622x1206
[ios-render] screen=874x402 render=2622x1206
[ios-render] screen=874x402 render=2622x1206
[ios-render] screen=874x402 render=2622x1206
[ios-render] screen=874x402 render=2622x1206
[ios-render] screen=874x402 render=2622x1206
[ios-render] screen=874x402 render=2622x1206
[ios-render] screen=874x402 render=2622x1206
[ios-render] screen=874x402 render=2622x1206
[ios-render] screen=874x402 render=2622x1206
[ios-render] screen=874x402 render=2622x1206
[ios-render] screen=874x402 render=2622x1206
[ios-render] screen=874x402 render=2622x1206
[ios-render] screen=874x402 render=2622x1206
[ios-render] screen=874x402 render=2622x1206
[ios-render] screen=874x402 render=2622x1206
[ios-render] screen=874x402 render=2622x1206
[ios-render] screen=874x402 render=2622x1206
[ios-render] screen=874x402 render=2622x1206
[ios-render] screen=874x402 render=2622x1206
[ios-render] screen=874x402 render=2622x1206
[ios-render] screen=874x402 render=2622x1206
[ios-render] screen=874x402 render=2622x1206
[ios-render] screen=874x402 render=2622x1206
[ios-render] screen=874x402 render=2622x1206
[ios-render] screen=874x402 render=2622x1206
[ios-render] screen=874x402 render=2622x1206
[ios-render] screen=874x402 render=2622x1206
[ios-render] screen=874x402 render=2622x1206
[ios-render] screen=874x402 render=2622x1206
[ios-render] screen=874x402 render=2622x1206
[ios-render] screen=874x402 render=2622x1206
[ios-render] screen=874x402 render=2622x1206
[ios-render] screen=874x402 render=2622x1206
[ios-render] screen=874x402 render=2622x1206
[ios-render] screen=874x402 render=2622x1206
[ios-render] screen=874x402 render=2622x1206
[ios-render] screen=874x402 render=2622x1206
[ios-render] screen=874x402 render=2622x1206
[ios-render] screen=874x402 render=2622x1206
[ios-render] screen=874x402 render=2622x1206
[ios-render] screen=874x402 render=2622x1206
[ios-render] screen=874x402 render=2622x1206
[ios-render] screen=874x402 render=2622x1206
[ios-render] screen=874x402 render=2622x1206
[ios-render] screen=874x402 render=2622x1206
[ios-render] screen=874x402 render=2622x1206
[ios-render] screen=874x402 render=2622x1206
[ios-render] screen=874x402 render=2622x1206
[ios-render] screen=874x402 render=2622x1206
[ios-render] screen=874x402 render=2622x1206
[ios-render] screen=874x402 render=2622x1206
[ios-render] screen=874x402 render=2622x1206
[ios-render] screen=874x402 render=2622x1206
[ios-render] screen=874x402 render=2622x1206
[ios-render] screen=874x402 render=2622x1206
[ios-render] screen=874x402 render=2622x1206
[ios-render] screen=874x402 render=2622x1206
[ios-render] screen=874x402 render=2622x1206
[ios-render] screen=874x402 render=2622x1206
[ios-render] screen=874x402 render=2622x1206
[ios-render] screen=874x402 render=2622x1206
[ios-render] screen=874x402 render=2622x1206
[ios-render] screen=874x402 render=2622x1206
[ios-render] screen=874x402 render=2622x1206
[ios-render] screen=874x402 render=2622x1206
[ios-render] screen=874x402 render=2622x1206
[ios-render] screen=874x402 render=2622x1206
[ios-render] screen=874x402 render=2622x1206
[ios-render] screen=874x402 render=2622x1206
[ios-render] screen=874x402 render=2622x1206
[ios-render] screen=874x402 render=2622x1206
[ios-render] screen=874x402 render=2622x1206
[ios-render] screen=874x402 render=2622x1206
[ios-render] screen=874x402 render=2622x1206
[ios-render] screen=874x402 render=2622x1206
[ios-render] screen=874x402 render=2622x1206
[ios-render] screen=874x402 render=2622x1206
[ios-render] screen=874x402 render=2622x1206
[ios-render] screen=874x402 render=2622x1206
[ios-render] screen=874x402 render=2622x1206
[ios-render] screen=874x402 render=2622x1206
[ios-render] screen=874x402 render=2622x1206
[ios-render] screen=874x402 render=2622x1206
[ios-render] screen=874x402 render=2622x1206
[ios-render] screen=874x402 render=2622x1206
[ios-render] screen=874x402 render=2622x1206
[ios-render] screen=874x402 render=2622x1206
[ios-render] screen=874x402 render=2622x1206
[ios-render] screen=874x402 render=2622x1206
[ios-render] screen=874x402 render=2622x1206
[ios-render] screen=874x402 render=2622x1206
[ios-render] screen=874x402 render=2622x1206
[ios-render] screen=874x402 render=2622x1206
[ios-render] screen=874x402 render=2622x1206
[ios-render] screen=874x402 render=2622x1206
[ios-render] screen=874x402 render=2622x1206
[ios-render] screen=874x402 render=2622x1206
[ios-render] screen=874x402 render=2622x1206
[ios-render] screen=874x402 render=2622x1206
[ios-render] screen=874x402 render=2622x1206
[ios-render] screen=874x402 render=2622x1206
[ios-render] screen=874x402 render=2622x1206
[ios-render] screen=874x402 render=2622x1206
[ios-render] screen=874x402 render=2622x1206
[ios-render] screen=874x402 render=2622x1206
[ios-render] screen=874x402 render=2622x1206
[ios-render] screen=874x402 render=2622x1206
[ios-render] screen=874x402 render=2622x1206
[ios-render] screen=874x402 render=2622x1206
[ios-render] screen=874x402 render=2622x1206
[ios-render] screen=874x402 render=2622x1206
[vsync-rate] tick=2363 rate=6.39/s (0.107x of 59.94)
[ios-render] screen=874x402 render=2622x1206
[ios-render] screen=874x402 render=2622x1206
[ios-render] screen=874x402 render=2622x1206
[ios-render] screen=874x402 render=2622x1206
[ios-render] screen=874x402 render=2622x1206
[ios-render] screen=874x402 render=2622x1206
[ios-render] screen=874x402 render=2622x1206
[ios-render] screen=874x402 render=2622x1206
[ios-render] screen=874x402 render=2622x1206
[ios-render] screen=874x402 render=2622x1206
[ios-render] screen=874x402 render=2622x1206
[ios-render] screen=874x402 render=2622x1206
[ios-render] screen=874x402 render=2622x1206
[ios-render] screen=874x402 render=2622x1206
[ios-render] screen=874x402 render=2622x1206
[ios-render] screen=874x402 render=2622x1206
[ios-render] screen=874x402 render=2622x1206
[ios-render] screen=874x402 render=2622x1206
[ios-render] screen=874x402 render=2622x1206
[ios-render] screen=874x402 render=2622x1206
[ios-render] screen=874x402 render=2622x1206
[ios-render] screen=874x402 render=2622x1206
[ios-render] screen=874x402 render=2622x1206
[ios-render] screen=874x402 render=2622x1206
[ios-render] screen=874x402 render=2622x1206
[ios-render] screen=874x402 render=2622x1206
[ios-render] screen=874x402 render=2622x1206
[ios-render] screen=874x402 render=2622x1206
[ios-render] screen=874x402 render=2622x1206
[ios-render] screen=874x402 render=2622x1206
[ios-render] screen=874x402 render=2622x1206
[ios-render] screen=874x402 render=2622x1206
[ios-render] screen=874x402 render=2622x1206
[ios-render] screen=874x402 render=2622x1206
[ios-render] screen=874x402 render=2622x1206
[ios-render] screen=874x402 render=2622x1206
[ios-render] screen=874x402 render=2622x1206
[ios-render] screen=874x402 render=2622x1206
[ios-render] screen=874x402 render=2622x1206
[ios-render] screen=874x402 render=2622x1206
[ios-render] screen=874x402 render=2622x1206
[ios-render] screen=874x402 render=2622x1206
[ios-render] screen=874x402 render=2622x1206
[ios-render] screen=874x402 render=2622x1206
[ios-render] screen=874x402 render=2622x1206
[ios-render] screen=874x402 render=2622x1206
[ios-render] screen=874x402 render=2622x1206
[ios-render] screen=874x402 render=2622x1206
[ios-render] screen=874x402 render=2622x1206
[ios-render] screen=874x402 render=2622x1206
[ios-render] screen=874x402 render=2622x1206
[ios-render] screen=874x402 render=2622x1206
[ios-render] screen=874x402 render=2622x1206
[ios-render] screen=874x402 render=2622x1206
[ios-render] screen=874x402 render=2622x1206
[ios-render] screen=874x402 render=2622x1206
[ios-render] screen=874x402 render=2622x1206
[ios-render] screen=874x402 render=2622x1206
[ios-render] screen=874x402 render=2622x1206
[ios-render] screen=874x402 render=2622x1206
[ios-render] screen=874x402 render=2622x1206
[ios-render] screen=874x402 render=2622x1206
[ios-render] screen=874x402 render=2622x1206
[ios-render] screen=874x402 render=2622x1206
[ios-render] screen=874x402 render=2622x1206
[ios-render] screen=874x402 render=2622x1206
[ios-render] screen=874x402 render=2622x1206
[ios-render] screen=874x402 render=2622x1206
[ios-render] screen=874x402 render=2622x1206
[ios-render] screen=874x402 render=2622x1206
[ios-render] screen=874x402 render=2622x1206
[ios-render] screen=874x402 render=2622x1206
[ios-render] screen=874x402 render=2622x1206
[ios-render] screen=874x402 render=2622x1206
[ios-render] screen=874x402 render=2622x1206
[ios-render] screen=874x402 render=2622x1206
[ios-render] screen=874x402 render=2622x1206
[ios-render] screen=874x402 render=2622x1206
[ios-render] screen=874x402 render=2622x1206
[ios-render] screen=874x402 render=2622x1206
[ios-render] screen=874x402 render=2622x1206
[ios-render] screen=874x402 render=2622x1206
[ios-render] screen=874x402 render=2622x1206
[ios-render] screen=874x402 render=2622x1206
[ios-render] screen=874x402 render=2622x1206
[ios-render] screen=874x402 render=2622x1206
[ios-render] screen=874x402 render=2622x1206
[ios-render] screen=874x402 render=2622x1206
[ios-render] screen=874x402 render=2622x1206
[ios-render] screen=874x402 render=2622x1206
[ios-render] screen=874x402 render=2622x1206
[ios-render] screen=874x402 render=2622x1206
[ios-render] screen=874x402 render=2622x1206
[ios-render] screen=874x402 render=2622x1206
[ios-render] screen=874x402 render=2622x1206
[ios-render] screen=874x402 render=2622x1206
[ios-render] screen=874x402 render=2622x1206
[ios-render] screen=874x402 render=2622x1206
[ios-render] screen=874x402 render=2622x1206
[ios-render] screen=874x402 render=2622x1206
[ios-render] screen=874x402 render=2622x1206
[ios-render] screen=874x402 render=2622x1206
[ios-render] screen=874x402 render=2622x1206
[ios-render] screen=874x402 render=2622x1206
[ios-render] screen=874x402 render=2622x1206
[ios-render] screen=874x402 render=2622x1206
[ios-render] screen=874x402 render=2622x1206
[ios-render] screen=874x402 render=2622x1206
[ios-render] screen=874x402 render=2622x1206
[ios-render] screen=874x402 render=2622x1206
[ios-render] screen=874x402 render=2622x1206
[ios-render] screen=874x402 render=2622x1206
[ios-render] screen=874x402 render=2622x1206
[ios-render] screen=874x402 render=2622x1206
[ios-render] screen=874x402 render=2622x1206
[ios-render] screen=874x402 render=2622x1206
[ios-render] screen=874x402 render=2622x1206
[ios-render] screen=874x402 render=2622x1206
[ios-render] screen=874x402 render=2622x1206
[ios-render] screen=874x402 render=2622x1206
[ios-render] screen=874x402 render=2622x1206
[ios-render] screen=874x402 render=2622x1206
[ios-render] screen=874x402 render=2622x1206
[ios-render] screen=874x402 render=2622x1206
[ios-render] screen=874x402 render=2622x1206
[ios-render] screen=874x402 render=2622x1206
[ios-render] screen=874x402 render=2622x1206
[ios-render] screen=874x402 render=2622x1206
[ios-render] screen=874x402 render=2622x1206
[ios-render] screen=874x402 render=2622x1206
[ios-render] screen=874x402 render=2622x1206
[ios-render] screen=874x402 render=2622x1206
[ios-render] screen=874x402 render=2622x1206
[ios-render] screen=874x402 render=2622x1206
[ios-render] screen=874x402 render=2622x1206
[ios-render] screen=874x402 render=2622x1206
[ios-render] screen=874x402 render=2622x1206
[ios-render] screen=874x402 render=2622x1206
[ios-render] screen=874x402 render=2622x1206
[ios-render] screen=874x402 render=2622x1206
[ios-render] screen=874x402 render=2622x1206
[ios-render] screen=874x402 render=2622x1206
[ios-render] screen=874x402 render=2622x1206
[ios-render] screen=874x402 render=2622x1206
[ios-render] screen=874x402 render=2622x1206
[ios-render] screen=874x402 render=2622x1206
[ios-render] screen=874x402 render=2622x1206
[ios-render] screen=874x402 render=2622x1206
[ios-render] screen=874x402 render=2622x1206
[ios-render] screen=874x402 render=2622x1206
[ios-render] screen=874x402 render=2622x1206
[ios-render] screen=874x402 render=2622x1206
[ios-render] screen=874x402 render=2622x1206
[ios-render] screen=874x402 render=2622x1206
[ios-render] screen=874x402 render=2622x1206
[ios-render] screen=874x402 render=2622x1206
[ios-render] screen=874x402 render=2622x1206
[ios-render] screen=874x402 render=2622x1206
[ios-render] screen=874x402 render=2622x1206
[ios-render] screen=874x402 render=2622x1206
[ios-render] screen=874x402 render=2622x1206
[ios-render] screen=874x402 render=2622x1206
[ios-render] screen=874x402 render=2622x1206
[ios-render] screen=874x402 render=2622x1206
[ios-render] screen=874x402 render=2622x1206
[ios-render] screen=874x402 render=2622x1206
[ios-render] screen=874x402 render=2622x1206
[ios-render] screen=874x402 render=2622x1206
[ios-render] screen=874x402 render=2622x1206
[ios-render] screen=874x402 render=2622x1206
[ios-render] screen=874x402 render=2622x1206
[ios-render] screen=874x402 render=2622x1206
[ios-render] screen=874x402 render=2622x1206
[ios-render] screen=874x402 render=2622x1206
[ios-render] screen=874x402 render=2622x1206
[ios-render] screen=874x402 render=2622x1206
[ios-render] screen=874x402 render=2622x1206
[ios-render] screen=874x402 render=2622x1206
[ios-render] screen=874x402 render=2622x1206
[ios-render] screen=874x402 render=2622x1206
[ios-render] screen=874x402 render=2622x1206
[ios-render] screen=874x402 render=2622x1206
org.ps2x.ps2entryrunner: 95759
