POLL t=10.5 tick=601
8333333
464155864849912	464155875065380	464155865144912
464155881162568	464155891503349	464155881456318
464155897911891	464155916157151	464155898188974
464155914584287	464155932595797	464155914866787
464155931162255	464155949035693	464155931437672
464155947897360	464155965476318	464155948177985
464155964935641	464155981914442	464155965223193
464155981122047	464155998354390	464155981407724
464155997799599	464156014794026	464155998081630
464156014502255	464156031231838	464156014783610
464156031459547	464156047667255	464156031591787
464156048057360	464156064103766	464156048312203
464156064668662	464156080543609	464156065062099
464156081390380	464156096984546	464156081675068
464156097891266	464156113422775	464156098178453
464156114643453	464156129863245	464156114914860
464156131185849	464156146302463	464156131456787
464156147943349	464156162739912	464156148226891
464156164668505	464156179179546	464156165084755
464156181258037	464156195618609	464156181545380
464156197850224	464156212060171	464156198128349
464156214447880	464156228504077	464156214732255
464156231154912	464156244944130	464156231442880
464156247930537	464156261383557	464156248229859
464156264768505	464156277825171	464156265201734
464156281100224	464156294267047	464156281381630
464156297813662	464156310705849	464156298102412
464156314591162	464156327146005	464156314874547
464156331428818	464156343587359	464156331708193
464156347848974	464156360023869	464156348113349
464156364412099	464156376462880	464156364808766
464156381279391	464156392901890	464156381550328
464156397985536	464156409338557	464156398270536
464156414598922	464156425776317	464156414867984
464156431107411	464156442214338	464156431389859
464156447770016	464156458651942	464156448072724
464156464660016	464156475089598	464156465077880
464156481345953	464156491529390	464156481605172
464156497848036	464156516186734	464156498110328
464156514546005	464156532622931	464156514825641
464156531239547	464156549059129	464156531504599
464156547985380	464156565494963	464156548262880
464156564608974	464156581932359	464156565104755
464156581094859	464156598370067	464156581376943
464156597867880	464156614806421	464156598142880
464156614731474	464156631242411	464156615030745
464156631501943	464156647678088	464156631741161
464156647948661	464156664114442	464156648228974
464156664617203	464156680550380	464156664892099
464156681365068	464156696986473	464156681663661
464156697930693	464156713423036	464156698216943
464156714614703	464156729860536	464156714884859
464156731207411	464156746295640	464156731477516
464156747750797	464156762730171	464156748026318
464156764560172	464156779165744	464156764845641
464156781480224	464156795598609	464156781757255
464156797912047	464156812033192	464156798181266
464156814508193	464156828469807	464156814783140
464156831110172	464156844906473	464156831389599
464156847925849	464156861342411	464156848205536
464156864574703	464156877779442	464156864864130
464156881388297	464156894214807	464156881686786
464156897941265	464156910649286	464156898234599
464156914578765	464156927085119	464156914853609
464156931213974	464156943519338	464156931491474
464156947913818	464156959953244	464156948187672
464156964694911	464156976388453	464156964983349
464156981173036	464156992825953	464156981470068
464156997889547	464157009263140	464156998172880
464157014550484	464157025700223	464157014838036
464157031192880	464157042141525	464157031468036
464157047824130	464157058584129	464157048132411
464157064558192	464157075024547	464157064852255
464157081324130	464157091465328	464157081612099
464157097939703	464157116123349	464157098214599
464157114487099	464157132565901	464157114761942
464157131200484	464157149009338	464157131479547
464157147880692	464157165450535	464157148127099
464157164760328	464157181892359	464157165048349
464157181515536	464157198332046	464157181797724
464157197944390	464157214770692	464157198241161
464157214508609	464157231209390	464157214814859
464157231411422	464157247646890	464157231682203
464157248075484	464157264086577	464157248368817
464157264833765	464157280529077	464157265117567
464157281535536	464157296970432	464157281821317
464157298018453	464157313410432	464157298296422
464157314811317	464157329849338	464157315098453
464157331413661	464157346289598	464157331685640
464157348028765	464157362728192	464157348287828
464157364864703	464157379169702	464157365142047
464157381425015	464157395608504	464157381706422
464157398043974	464157412048869	464157398327724
464157414966786	464157428491056	464157415241005
464157431704286	464157444932984	464157431990953
464157448248974	464157461374130	464157448540172
464157464854599	464157477812879	464157465133974
464157481746578	464157494251681	464157482034703
464157498382567	464157510688973	464157498656630
464157515085692	464157527129285	464157515359130
464157531673817	464157543569286	464157531931474
464157548407567	464157560008608	464157548691630
464157565252515	464157576446317	464157565526161
464157581972984	464157592883140	464157582243505
464157598584911	464157609322931	464157598869546
464157615214234	464157625760796	464157615492203
464157631928140	464157650418296	464157632202515
464157648596474	464157666857411	464157648874755
464157665409442	464157683299182	464157665668661
464157682087411	464157699743192	464157682354598
464157698486786	464157716184806	464157698758609
464157715276005	464157732625535	464157715540640
464157732045067	464157749065379	464157732310328
464157748717828	464157765506681	464157748996265
464157765414911	464157781947462	464157765692723
464157782069078	464157798386473	464157782355692
464157798812411	464157814828556	464157799106473
464157815549859	464157831271160	464157815817723
464157832174755	464157847711942	464157832454078
464157848712203	464157864153660	464157848992723
464157865415067	464157880595223	464157865706161
464157882128296	464157897036630	464157882404390
464157898529911	464157913479130	464157898812411
464157915252515	464157929920380	464157915515536
464157931760692	464157946361265	464157932015015
464157948321890	464157962804233	464157948604755
464157965145640	464157979243817	464157965412411

POLL t=22.2 tick=1201
8333333
464167604329438	464167619284022	464167604601886
464167620451938	464167635721730	464167620739126
464167637059282	464167652157043	464167637349230
464167653439907	464167668593396	464167653729855
464167670397720	464167685029698	464167670690532
464167687072980	464167701465948	464167687343136
464167704298188	464167717902928	464167704569907
464167720132251	464167734339959	464167720396157
464167737172251	464167750775532	464167737419438
464167753837199	464167767211938	464167754104751
464167770365532	464167783647824	464167770634230
464167786802563	464167800084438	464167787086001
464167804159751	464167816519490	464167804443188
464167820326313	464167832955584	464167820590532
464167837064595	464167849394854	464167837333970
464167853655688	464167865836574	464167853925845
464167870230011	464167882277511	464167870503188
464167887105376	464167898716052	464167887373761
464167904325376	464167915152823	464167904606418
464167920294907	464167931588084	464167920538188
464167936880845	464167948022042	464167937164543
464167953418032	464167964455011	464167953700845
464167970242355	464167980886938	464167970526157
464167987049438	464167997320323	464167987318813
464168004154907	464168021973344	464168004448345
464168020118657	464168030189855	464168020411001
464168037005845	464168054836417	464168037291157
464168053655688	464168071269438	464168053946626
464168070340376	464168087700063	464168070608032
464168086824074	464168104134751	464168087100480
464168104204699	464168120570011	464168104504282
464168120507667	464168137008032	464168120797511
464168137032407	464168153442719	464168137313449
464168153751626	464168169876521	464168154009595
464168170321626	464168186308761	464168170612407
464168186842876	464168202739021	464168187125844
464168204154282	464168219172094	464168204444126
464168220448344	464168235601990	464168220727251
464168236884230	464168252031573	464168237162511
464168253420063	464168268462615	464168253703813
464168270154907	464168284893917	464168270450063
464168286906001	464168301325844	464168287209907
464168304511574	464168317757146	464168304802563
464168320316313	464168334188031	464168320601261
464168336858969	464168350619906	464168337155219
464168353631730	464168367050219	464168353902876
464168370353344	464168383481937	464168370617407
464168387007094	464168399911834	464168387275324
464168404069282	464168416340219	464168404332876
464168420108657	464168432768448	464168420386782
464168436946574	464168449196729	464168437226626
464168453630792	464168465625271	464168453900688
464168470392199	464168482052771	464168470669751
464168486870792	464168498482094	464168487147511
464168504182876	464168514912927	464168504485219
464168520424594	464168531345271	464168520682876
464168537050324	464168547776156	464168537320063
464168553462719	464168564203709	464168553748344
464168570046261	464168580633969	464168570363865
464168587372251	464168605283657	464168587670532
464168604370636	464168621712979	464168604654438
464168620347563	464168638141000	464168620628657
464168636882719	464168654569126	464168637161157
464168653383188	464168670995687	464168653662563
464168670354751	464168687425115	464168670614855
464168686924907	464168703855532	464168687186782
464168704291417	464168720282979	464168704586469
464168720101626	464168736712250	464168720388657
464168737001469	464168753140635	464168737288501
464168753700688	464168769568031	464168753988188
464168770384282	464168785999750	464168770655948
464168786911782	464168802432979	464168787189073
464168804078761	464168818865271	464168804359594
464168820320375	464168835297614	464168820610792
464168837079698	464168851732354	464168837373865
464168853700219	464168868166781	464168853978292
464168870304698	464168884600114	464168870589125
464168886981157	464168901033500	464168887273500
464168904392042	464168917468865	464168904680323
464168920427563	464168933902041	464168920698032
464168937099750	464168950333969	464168937373188
464168953842250	464168966765583	464168954117563
464168970338969	464168983199437	464168970607875
464168987027250	464168999631886	464168987304125
464169004373344	464169016064333	464169004663917
464169020462198	464169032493500	464169020740063
464169037182719	464169048923395	464169037456313
464169053689438	464169065354854	464169053962980
464169070359282	464169081787302	464169070630532
464169086785219	464169098217354	464169087056782
464169103823813	464169114645323	464169104111886
464169119983032	464169131073187	464169120251000
464169136589386	464169147499437	464169136857094
464169153068917	464169163927614	464169153345636
464169169732563	464169180355636	464169170002250
464169186578500	464169196784437	464169186850844
464169203706730	464169221430531	464169203963917
464169219987667	464169237860740	464169220266625
464169236638761	464169254290219	464169236927719
464169252971000	464169270720896	464169253262719
464169269490532	464169287154854	464169269760063
464169286437407	464169303588031	464169286703344
464169303659907	464169320023916	464169303945375
464169319669750	464169336457771	464169319958500
464169336461938	464169352891104	464169336733657
464169353393448	464169369324542	464169353667094
464169369710219	464169385759125	464169369980479
464169386363344	464169402191781	464169386622407
464169402126469	464169418622718	464169402439282
464169418914073	464169435055896	464169419192250
464169435524438	464169451488500	464169435805532
464169452145375	464169467918916	464169452421000
464169468802563	464169484353031	464169469089125
464169485298188	464169500785948	464169485568969
464169502340323	464169517218448	464169502619906
464169518902094	464169533649385	464169519193500
464169535536261	464169550082719	464169535797979
464169551944750	464169566515166	464169552214073
464169568730688	464169582949489	464169569019073
464169585554854	464169599382250	464169585841834
464169602257094	464169615811520	464169602539438
464169618756417	464169632242718	464169619021573
464169635487094	464169648672562	464169635774750
464169652070219	464169665101937	464169652355479
464169668871781	464169681531781	464169669155219
464169685544594	464169697961468	464169685820688
464169702423344	9223372036854775807	464169702707354

POLL t=33.6 tick=1631
8333333
464179029889590	464179041901413	464179030246622
464179046552715	464179058340423	464179056850372
464179069589122	464179082996674	464179069876882
464179079845997	464179091216361	464179080106778
464179096552872	464179107654278	464179096798184
464179113284382	464179124091204	464179113555944
464179129856413	464179140529538	464179139239122
464179153248809	464179165185371	464179153523601
464179163150528	464179181622455	464179163410840
464179179877403	464179198058028	464179180131413
464179196549382	464179214493444	464179196802715
464179213183913	464179230929798	464179223322403
464179236661153	464179247364225	464179236944382
464179246528497	464179263799277	464179246784694
464179263235372	464179280237038	464179263491569
464179279910528	464179296673288	464179280167559
464179296472090	464179313113496	464179309034903
464179320415371	464179337772194	464179320722976
464179329844278	464179345991152	464179330113965
464179346594434	464179362430839	464179346854121
464179363225840	464179378868027	464179363476413
464179379879590	464179395305527	464179392518184
464179403109226	464179419961882	464179403382871
464179413189694	464179428180215	464179413444121
464179429896153	464179444617923	464179430251934
464179446543601	464179461055371	464179446801778
464179463125215	464179477491934	464179472340840
464179486756934	464179502145371	464179487035788
464179496516309	464179510362298	464179496777038
464179513234382	464179526795943	464179513485163
464179529852871	464179543228860	464179530199121
464179546499278	464179559659485	464179554326309
464179569986569	464179584308340	464179570263601
464179579906882	464179592524746	464179580154121
464179596544121	464179608955996	464179596805319
464179613158653	464179625388913	464179613417038
464179629812403	464179641823027	464179637465319
464179668870059	464179682905214	464179669183028
464179669279278	464179691122246	464179669356778
464179685843653	464179699340267	464179686107819
464179702500944	464179715774017	464179702760059
464179719275059	464179732207506	464179722078444
464179742713028	464179756861881	464179742990528
464179752553809	464179765080579	464179752828184
464179769286934	464179781517819	464179769511413
464179785915215	464179797953913	464179786157038
464179802542090	464179814388287	464179805149538
464179826703340	464179839036517	464179827003132
464179835891100	464179847253444	464179836139069
464179852567663	464179863689121	464179852830996
464179869222090	464179880125839	464179869469746
464179885872975	464179896559486	464179888224538
464179909636621	464179921213444	464179909928132
464179919266153	464179937650267	464179919529278
464179935901309	464179954084121	464179936245371
464179952537715	464179962300839	464179952804850
464179969212350	464179986950163	464179971862402
464179992757871	464180003380735	464179993041413
464180002549746	464180019810475	464180002809850
464180019224590	464180036243496	464180019490215
464180035893757	464180052675058	464180036239277
464180052556621	464180069107715	464180052837507
464180078179694	464180093757298	464180078463496
464180085885684	464180101974745	464180086155475
464180102530059	464180118408079	464180102791934
464180119198652	464180134841985	464180132982871
464180142294902	464180159493079	464180142597194
464180152569590	464180167709849	464180152847194
464180169207038	464180184142037	464180169466569
464180185824850	464180200574433	464180186087090
464180202602090	464180217007090	464180213378184
464180226519225	464180241659329	464180226824277
464180235832663	464180249877297	464180236102194
464180252555840	464180266311464	464180252805371
464180269280371	464180282747663	464180269562663
464180285934069	464180299182402	464180295450059
464180309563444	464180323831621	464180309841152
464180319230840	464180332047975	464180319486309
464180335895527	464180348482923	464180336254850
464180352609434	464180364916569	464180352871882
464180369262402	464180381353756	464180379610215
464180392812559	464180406006986	464180393108809
464180402669381	464180414226672	464180402949590
464180419277090	464180430662506	464180419525996
464180435940163	464180447097089	464180436307506
464180452738131	464180471746256	464180465589694
464180476279590	464180488183027	464180476575944
464180485954381	464180496401047	464180486229121
464180502596465	464180512835423	464180502858965
464180519233288	464180529268808	464180519492506
464180535943965	464180553923809	464180536290996
464180552623444	464180570360058	464180552988444
464180576183913	464180586796621	464180576466934
464180585874746	464180603233183	464180586130840
464180602565996	464180619669849	464180602821621
464180619290683	464180636104433	464180619553652
464180635978808	464180652538964	464180639274850
464180659333444	464180677192089	464180659632194
464180669248808	464180685409121	464180669506777
464180685917090	464180701844173	464180686178913
464180702574433	464180718276673	464180702829121
464180719296152	464180734710631	464180732063496
464180742669850	464180759363287	464180742936465
464180752562246	464180767581933	464180752824850
464180769299277	464180784016829	464180769551152
464180786020527	464180800452870	464180786205215
464180802579433	464180816886256	464180807510683
464180826062506	464180841538339	464180826384746
464180835892194	464180849756308	464180836252558
464180852628183	464180866191829	464180852882246
464180869264277	464180882626933	464180869516256
464180885884590	464180899060996	464180891277871
464180909493027	464180923713808	464180909791256
464180919250788	464180931930944	464180919497090
464180935923913	464180948366672	464180936263340
464180952604590	464180964801881	464180952859225
464180969190371	464180981235006	464180977981881
464180992777975	464181005886152	464180993059433
464181002572871	464181014104068	464181002858652
464181019236308	464181030539068	464181019477090
464181035885163	464181046976152	464181036254746
464181052552090	464181063413756	464181060952350
464181076124433	464181088070839	464181076435840
464181085920162	464181096288652	464181086170371
464181102533652	464181112727141	464181102794277
464181119225058	464181137384641	464181119505996
464181135908652	464181153823183	464181143787037

POLL t=45.2 tick=1749
8333333
464190653026148	464190670539169	464190653395940
464190669696878	464190686973284	464190669958336
464190686388492	464190703408961	464190686624117
464190703040003	464190719846356	464190717920992
464190719735523	464190736281981	464190720120211
464190746956930	464190760934221	464190747236669
464190753012503	464190769152086	464190753365003
464190769701305	464190785587085	464190769959586
464190786366721	464190802021565	464190786628284
464190803073753	464190818455836	464190805741461
464190828188492	464190843101200	464190828454430
464190836356617	464190851317189	464190836627398
464190853002190	464190867748180	464190853197190
464190869722086	464190884178700	464190869989534
464190886393961	464190900609950	464190897163180
464190911575680	464190925262658	464190911855471
464190919698492	464190933480367	464190919985055
464190936375523	464190949913283	464190936635211
464190953043596	464190966346825	464190953216930
464190969716773	464190990993857	464190983468180
464190986411617	464190999210419	464190986676096
464191012902086	464191023860731	464191013179273
464191019669534	464191032077658	464191019945992
464191036356617	464191048510471	464191036622867
464191053065002	464191073160054	464191066848752
464191076643596	464191089595522	464191076918336
464191086417711	464191097814586	464191086671461
464191103058127	464191114250001	464191103315002
464191119706148	464191130683908	464191119958909
464191136435523	464191147120471	464191136697398
464191153102190	464191163558231	464191155863127
464191178612398	464191196432710	464191178900679
464191186369742	464191204650106	464191186643492
464191203043752	464191221085575	464191203292346
464191219696461	464191237521929	464191219954898
464191236430784	464191253960158	464191246493804
464191262745992	464191278614221	464191263023023
464191269772711	464191286832658	464191270046929
464191286445002	464191303270940	464191286650367
464191303084429	464191319707554	464191303419898
464191319867867	464191336142501	464191329525523
464191344993336	464191360799429	464191345265679
464191353016461	464191369017450	464191353305523
464191369789221	464191385455054	464191370147554
464191386422554	464191401891460	464191386691565
464191403074429	464191418327501	464191417223336
464191419718961	464191434763804	464191420006148
464191445738127	464191459421356	464191446021148
464191453037815	464191467640992	464191453330836
464191469715784	464191484079325	464191470074898
464191486431773	464191508739637	464191501227502
464191503038023	464191516960315	464191503300836
464191528488127	464191541619481	464191528767867
464191536414117	464191549838387	464191536682346
464191553087554	464191566276825	464191553338336
464191569744117	464191582716043	464191570085627
464191586415940	464191599157294	464191591019273
464191611655471	464191623818335	464191611941929
464191619730367	464191632037919	464191619987086
464191636488492	464191648476929	464191636743336
464191653133804	464191664914898	464191653398283
464191669729586	464191681354064	464191680182242
464191695069742	464191706010418	464191695367554
464191703065783	464191714228336	464191703322554
464191719753648	464191730660887	464191719990627
464191736434690	464191747092867	464191736687867
464191753145783	464191771745158	464191764425210
464191778385783	464191796399793	464191778661565
464191786384898	464191804618595	464191786679429
464191803070158	464191821057814	464191803312867
464191819813179	464191837494168	464191820084585
464191836444690	464191853932449	464191836713440
464191853091460	464191870372398	464191853555992
464191878547867	464191895031096	464191878838648
464191886410783	464191903250939	464191886681148
464191903128960	464191919690991	464191903393908
464191919854585	464191936128647	464191920087085
464191936504742	464191952567814	464191939034429
464191961912242	464191977224845	464191962211877
464191969757554	464191985444794	464191970102554
464191986538960	464192001882085	464191986753752
464192003113440	464192018319116	464192003368283
464192019764221	464192034754429	464192033680158
464192036439273	464192051189116	464192036702398
464192061730367	464192075840262	464192061999117
464192069785054	464192084057553	464192070137658
464192086474742	464192100492189	464192086727710
464192103158804	464192116926356	464192103411148
464192119774898	464192133361252	464192126896460
464192144954533	464192158015158	464192145249898
464192153073804	464192166235002	464192153338908
464192169751721	464192182674012	464192170129429
464192186445627	464192199111148	464192186728179
464192203132710	464192215547137	464192203375939
464192219797658	464192231982970	464192219858960
464192244976721	464192256639585	464192245264273
464192253137554	464192264858855	464192253391617
464192269781148	464192281298074	464192270148439
464192286429742	464192297737762	464192286677033
464192303035523	464192322392137	464192318339585
464192319764898	464192330609377	464192320071252
464192345039117	464192363487033	464192345315210
464192353110054	464192371705314	464192353349533
464192369705471	464192379923023	464192370065054
464192386525992	464192404575887	464192386746981
464192403090783	464192421011096	464192403130679
464192428163439	464192445664012	464192428441460
464192436413908	464192453881147	464192436692814
464192453073023	464192470316980	464192453330835
464192469692502	464192486750730	464192470051460
464192486381304	464192503187606	464192486537710
464192511385991	464192527840835	464192511681252
464192519839064	464192536059168	464192520084898
464192536448804	464192552493803	464192536720419
464192553074377	464192568928438	464192553321773
464192569737398	464192585363074	464192580836877
464192594547502	464192610014325	464192594827658
464192603092398	464192618230626	464192603351460
464192619800991	464192634664845	464192620065210
464192636414377	464192651098960	464192636675783
464192653136148	464192667534273	464192653400835
464192669750366	464192683966303	464192672776616
464192694411616	464192708614325	464192694694116
464192703084846	464192716830939	464192703332710
464192719784377	464192733265575	464192720083439
464192736455783	464192749697918	464192736706564
464192753123804	9223372036854775807	464192759697398

POLL t=56.8 tick=1922
8333333
464202236674582	464202250639425	464202245039581
464202261465050	464202275293539	464202261750467
464202269987238	464202283510988	464202270253488
464202286617394	464202299949841	464202286970779
464202303331925	464202316389633	464202303615154
464202320032706	464202332828123	464202325708644
464202344723175	464202357484269	464202345006092
464202353326613	464202365703904	464202353620363
464202369992863	464202382142341	464202370262081
464202386641873	464202398582133	464202387000675
464202403356613	464202415023747	464202411576300
464202427876925	464202439684581	464202428160311
464202436707498	464202447904216	464202436971561
464202453377394	464202464342550	464202453640831
464202469976456	464202480783070	464202470256456
464202486698331	464202497222654	464202496771769
464202511212863	464202521882966	464202511507081
464202520068956	464202538321248	464202520303488
464202536720675	464202554757081	464202536960363
464202553349269	464202571194477	464202553597394
464202569976925	464202587636821	464202581909894
464202596297394	464202612298175	464202596591456
464202603367550	464202620519477	464202603637081
464202620033331	464202636959633	464202620284269
464202636647863	464202653398643	464202636924113
464202653325050	464202669835883	464202666625206
464202678067706	464202694494737	464202678343019
464202686638331	464202702714216	464202686996925
464202703316873	464202719154477	464202703617081
464202720063019	464202735595622	464202720270467
464202736698331	464202752036247	464202746874738
464202761417394	464202776695518	464202761717550
464202769992498	464202784916352	464202770264060
464202786674373	464202801355570	464202786855363
464202803372654	464202817795935	464202803633019
464202820022550	464202834236820	464202830493644
464202848945206	464202867119320	464202849260988
464202853270206	464202875339112	464202853554113
464202870023175	464202883558539	464202870272863
464202886612185	464202899996560	464202886799998
464202903311873	464202924655622	464202916622550
464202927944425	464202941095934	464202928260623
464202936640935	464202949316247	464202936923019
464202953309998	464202965754737	464202953578748
464202969937862	464202982192601	464202970221612
464202986561925	464202998631143	464202995942967
464203011074373	464203023290570	464203011368487
464203019923435	464203031511404	464203020206925
464203036627706	464203047953226	464203036901144
464203053270050	464203064392914	464203053544894
464203069992081	464203080833903	464203072542550
464203094618175	464203105496039	464203094922029
464203103264581	464203113715779	464203103550362
464203119941144	464203130157706	464203120212550
464203136597654	464203146598955	464203136883644
464203153311769	464203171259633	464203155688956
464203177707081	464203195918643	464203178000467
464203186614581	464203204136195	464203186900935
464203203284269	464203220573018	464203203699737
464203219929894	464203237009894	464203220220779
464203236683019	464203253449060	464203240367237
464203261182237	464203278106664	464203261473800
464203269934894	464203286324841	464203270212081
464203286609373	464203302762966	464203286895154
464203303316769	464203319203799	464203303750727
464203319988487	464203335641664	464203324782967
464203344558331	464203360299320	464203344862237
464203353281925	464203368517498	464203353563019
464203369961300	464203384953591	464203370242862
464203386607394	464203401386143	464203386882550
464203403281456	464203417820205	464203408773644
464203427819373	464203442472028	464203428117706
464203436632341	464203450689007	464203436906300
464203453284581	464203467124736	464203453549529
464203469913019	464203483560101	464203470187081
464203486628123	464203499997445	464203490297862
464203511121248	464203524655674	464203511422237
464203520019060	464203532874060	464203520296612
464203536642394	464203549310726	464203536912081
464203553316456	464203565747965	464203553592029
464203570063748	464203582187237	464203574929216
464203594811925	464203606847601	464203595105154
464203603362393	464203615068434	464203603646456
464203620108800	464203631508903	464203620365050
464203636714581	464203647947601	464203636984268
464203653421248	464203664386716	464203659594425
464203677615623	464203689044945	464203677903643
464203686728175	464203697263851	464203687022029
464203703387393	464203713696976	464203703750206
464203720105623	464203730131091	464203720326456
464203736790935	464203754787081	464203738575831
464203761115154	464203779443695	464203761399581
464203770172081	464203787663643	464203770299112
464203786703435	464203804103643	464203786952862
464203803385050	464203820544373	464203803750154
464203820145987	464203836986872	464203825921456
464203844140831	464203861642653	464203844351143
464203853366612	464203869862758	464203853641612
464203870069112	464203886304945	464203870333331
464203886739998	464203902746976	464203887004998
464203903347237	464203919186456	464203912373175
464203927470623	464203943846090	464203927747654
464203936681300	464203952065466	464203936942185
464203953349998	464203968503435	464203953620310
464203970002966	464203984942341	464203970271873
464203986650622	464204001379580	464203994505362
464204010761247	464204026039372	464204011063487
464204019993591	464204034258903	464204020268800
464204036634060	464204050698122	464204036895831
464204053292237	464204067135882	464204053578331
464204069991925	464204083572184	464204074159372
464204094190362	464204108227184	464204094504893
464204103287706	464204116445309	464204103658435
464204119970154	464204132883174	464204120241143
464204136638331	464204149321194	464204136915831
464204153312706	464204165760726	464204159457550
464204177533175	464204190417393	464204177826300
464204186614685	464204198636820	464204186900362
464204203273018	464204215076507	464204203637497
464204219927029	464204231516455	464204220210779
464204236599112	464204247961299	464204240566612
464204261215518	464204272623435	464204261517549
464204269977081	464204280843382	464204270258487
464204286630831	464204297284684	464204286906456
464204303263643	464204313728382	464204303623643
464204320050154	464204338390934	464204325163799
464204344488122	464204354833070	464204344769112

POLL t=68.5 tick=2058
8333333
464214370270358	464214390660253	464214370608952
464214386925983	464214398880827	464214398122546
464214411475931	464214423539368	464214411772337
464214420274056	464214431758587	464214420560150
464214436929837	464214448194473	464214437222025
464214461609212	464214472851764	464214461969421
464214470252389	464214481071452	464214470536921
464214486964108	464214497508848	464214487242858
464214511191452	464214522167493	464214511495306
464214520310618	464214530387337	464214520578431
464214536968327	464214555046868	464214537256452
464214561365671	464214571486608	464214561668483
464214570221868	464214587924420	464214570504108
464214586970827	464214604362493	464214587252702
464214611460671	464214629019160	464214611772858
464214620372702	464214637238899	464214620654993
464214636964264	464214653677337	464214637359681
464214660467389	464214678334681	464214660756452
464214670339993	464214686554004	464214670606087
464214686940514	464214702992441	464214687226921
464214711103639	464214727649264	464214711388170
464214720284577	464214735869472	464214720538014
464214736990358	464214752308586	464214737269525
464214761212389	464214776970358	464214761495775
464214770290045	464214785189837	464214778615358
464214786942702	464214801632129	464214796151400
464214811395045	464214826295566	464214811663952
464214820368327	464214834517701	464214820626452
464214836997077	464214850963170	464214837275358
464214861378952	464214875628222	464214861672389
464214870298952	464214883851243	464214870581087
464214886952650	464214900292961	464214895586087
464214911371920	464214924954108	464214911661556
464214920271087	464214933173170	464214920568795
464214936988431	464214949612181	464214937267493
464214953672077	464214966052232	464214954018743
464214983998952	464214998928014	464214984518014
464214986982962	464215007146607	464214987331452
464215003629681	464215015365254	464215003980045
464215020347962	464215031804524	464215025354525
464215048123327	464215064684888	464215048513795
464215053644733	464215072905566	464215053913275
464215070321452	464215081126191	464215070591920
464215096750358	464215114005566	464215097035306
464215103597702	464215122227597	464215103881608
464215120323795	464215138670722	464215120595983
464215145288587	464215163330774	464215145586764
464215153648639	464215171551451	464215153920514
464215170325306	464215187991347	464215170604577
464215195293327	464215212654004	464215195606243
464215203803639	464215220875617	464215204093014
464215220331295	464215237315462	464215228117493
464215245087545	464215261975097	464215245382858
464215253607702	464215270194940	464215253903587
464215270335149	464215286635931	464215279053274
464215294854056	464215311295670	464215295145983
464215303578952	464215319515566	464215303865618
464215320324993	464215335955410	464215320590983
464215344785826	464215360618274	464215345080774
464215353632024	464215368839211	464215353898795
464215370313431	464215385281086	464215370570201
464215387041451	464215401722233	464215388107233
464215411000149	464215426383534	464215411293951
464215420348795	464215434604003	464215420613326
464215437113326	464215451044003	464215448470983
464215461704524	464215475704367	464215462047806
464215470324837	464215483923586	464215470596920
464215487038326	464215500360982	464215487299108
464215503809264	464215516800514	464215512445983
464215528444889	464215541460045	464215528772233
464215537005045	464215549680826	464215537371764
464215553716764	464215566122596	464215553981764
464215570502233	464215582562024	464215575243170
464215594746087	464215607224003	464215595027649
464215603708951	464215615445097	464215604054576
464215620396295	464215631888587	464215620658743
464215637051608	464215648333118	464215642930045
464215661336087	464215672998326	464215661654681
464215670336608	464215681219315	464215670632649
464215687040514	464215697661815	464215687303639
464215710937389	464215722325357	464215711205201
464215720423014	464215738767545	464215720698014
464215737064681	464215755209992	464215745651920
464215760899889	464215771650826	464215761190618
464215770404056	464215788091764	464215770678431
464215787092858	464215804534367	464215787371295
464215803693483	464215820978326	464215811533639
464215827515201	464215845642961	464215827798430
464215837040983	464215853864940	464215837228795
464215853725149	464215878530721	464215871661451
464215871003170	464215886751972	464215871677962
464215894590358	464215911414992	464215894932337
464215903721087	464215919636607	464215903990930
464215920414108	464215936080930	464215920676451
464215937010514	464215952526190	464215939726399
464215960444420	464215977193690	464215960738014
464215970367337	464215985415305	464215970654993
464215987049889	464216001854940	464215987333326
464216003714576	464216018292284	464216004287857
464216027120045	464216042951972	464216027413639
464216037313170	464216051172857	464216037573014
464216053739576	464216067615462	464216053997857
464216070399732	464216084058430	464216077813743
464216093721764	464216108720513	464216094023326
464216103691764	464216116939940	464216103961243
464216120312076	464216141597753	464216136210305
464216137118118	464216149818846	464216137286243
464216160538743	464216174476867	464216160830305
464216170346451	464216182695513	464216170605305
464216187011712	464216199136607	464216196223743
464216210151868	464216223797075	464216210450670
464216220341920	464216232015722	464216220608014
464216237013326	464216256672962	464216252635305
464216253701712	464216264891711	464216254070670
464216277704107	464216289547961	464216277999264
464216286994576	464216297767492	464216287280045
464216303652701	464216314208274	464216312870149
464216327085982	464216338871086	464216327387076
464216337020982	464216355311555	464216337293951
464216353684524	464216371749576	464216354059837
464216370401607	464216388186347	464216372185982
464216394524055	464216412840357	464216394892857
464216403659107	464216421059211	464216403942389
464216420336295	464216437499003	464216420619732
464216437088482	464216453937961	464216439878899
464216460631295	464216470377389	464216460943639
464216470394055	9223372036854775807	464216470684576

POLL t=78.8 tick=2214
8333333
464224420713948	464224436116187	464224420976552
464224437383323	464224452554520	464224437649886
464224454095511	464224468994573	464224455055458
464224478280927	464224493653062	464224478575146
464224487363948	464224501872854	464224487869729
464224504130615	464224518312541	464224504410511
464224520760667	464224534751656	464224528892021
464224545045198	464224559408739	464224545336292
464224554040510	464224567627541	464224554313740
464224570728323	464224584066239	464224570962385
464224587381917	464224600505718	464224588424104
464224616437854	464224633383791	464224616840510
464224620672802	464224641604416	464224621061708
464224637404833	464224649824677	464224637730771
464224654060979	464224666265406	464224657526135
464224679241708	464224690930458	464224679594365
464224687361917	464224699153010	464224687767021
464224704057490	464224715599155	464224704297229
464224720750198	464224732042385	464224723392177
464224745143271	464224756702385	464224745447698
464224754059104	464224764922750	464224754323167
464224770765510	464224789586708	464224781479573
464224795586292	464224806028479	464224795848115
464224804064885	464224814249885	464224804318115
464224820728635	464224838913270	464224820996708
464224837411708	464224855351240	464224839982698
464224861917073	464224880011031	464224862196604
464224870818948	464224888230770	464224871113323
464224887377698	464224904672541	464224887801396
464224904152542	464224921114521	464224905485042
464224928893635	464224945778635	464224929249208
464224937382646	464224954000666	464224937698531
464224954083792	464224970445719	464224954347333
464224970794364	464224986890614	464224974390927
464224998498635	464225011557853	464224998855979
464225004064833	464225019779104	464225004377646
464225020720771	464225036221343	464225020994104
464225037417542	464225052663531	464225043414729
464225061915667	464225077328739	464225062210771
464225070714417	464225085550249	464225071000042
464225087369104	464225101989208	464225087736760
464225104145198	464225118429676	464225105354104
464225128839989	464225143090770	464225129199260
464225137389573	464225151310406	464225137663635
464225154060302	464225167746604	464225154371135
464225170749208	464225184185561	464225172536552
464225195480354	464225208843114	464225195760927
464225204043583	464225217062697	464225204402229
464225220726135	464225241717593	464225234165979
464225237398010	464225249936812	464225237729833
464225265886708	464225282813843	464225266190510
464225270676448	464225291033062	464225271041916
464225287332385	464225299253322	464225296579677
464225314103166	464225323913374	464225314434260
464225320727854	464225332134052	464225321068010
464225337341604	464225348576291	464225337621760
464225354060354	464225365018947	464225360388323
464225378428635	464225389680249	464225378732541
464225387398948	464225397901604	464225387764208
464225404212021	464225422569207	464225419258739
464225420773323	464225439012697	464225421076864
464225453329677	464225463674676	464225453670927
464225454077958	464225471895614	464225455051656
464225470730198	464225488337802	464225476152073
464225495147021	464225513001968	464225495443948
464225504052802	464225521222958	464225504349052
464225520783948	464225537666082	464225521057177
464225537477489	464225554109676	464225539062177
464225561957854	464225578771343	464225562233791
464225570785510	464225586991239	464225571106916
464225587463896	464225603433322	464225587880771
464225604123166	464225619874676	464225610794677
464225628491135	464225644538478	464225628875979
464225637437177	464225652759676	464225637708166
464225654133583	464225669201291	464225654397698
464225670828948	464225685642437	464225671378791
464225695072802	464225710305978	464225695369104
464225704127073	464225718526708	464225704402541
464225720842958	464225734971499	464225729003166
464225745296291	464225759635353	464225745576552
464225754143739	464225767855979	464225754416395
464225770880198	464225792518218	464225785664104
464225787490823	464225800740509	464225787948166
464225817339573	464225833624572	464225817679989
464225820833270	464225841845926	464225821143479
464225837476135	464225850066759	464225837744416
464225862003322	464225874729415	464225862285458
464225870785666	464225882950457	464225871068635
464225887450770	464225899391291	464225887817229
464225904264104	464225915832124	464225907739885
464225929351135	464225940493270	464225929647020
464225937529520	464225948712801	464225937828479
464225954190354	464225965152593	464225954453635
464225970923270	464225981590665	464225972615197
464225995209260	464226006248895	464225995488739
464226004206083	464226014468322	464226004557020
464226020895197	464226039126082	464226021166604
464226037489729	464226055562697	464226051240822
464226054216135	464226072000874	464226054541083
464226084113739	464226096657489	464226084471552
464226087470354	464226104876812	464226087790197
464226104198739	464226121313895	464226104558739
464226120849260	464226137751968	464226120942697
464226145602854	464226162411030	464226145955822
464226154082958	464226170632541	464226154353010
464226170873947	464226187072593	464226171136864
464226187630354	464226203511187	464226191387854
464226212487697	464226228168374	464226212780458
464226220882489	464226236388217	464226221156083
464226237554520	464226252827020	464226237890145
464226254234260	464226269266395	464226254591864
464226281237854	464226293925978	464226281517541
464226287527801	464226302146031	464226287873635
464226304252541	464226318586030	464226304712645
464226320928479	464226335023842	464226322136083
464226347276551	464226359682176	464226347632958
464226354217176	464226367902228	464226354531291
464226370889885	464226384340822	464226371151864
464226387617229	464226400777749	464226388583166
464226412282229	464226425438009	464226412569572
464226420858947	464226433659260	464226421152854
464226437622697	464226450100040	464226446633635
464226462466447	464226474764676	464226462827229
464226470888635	464226482984676	464226471161760
464226487530978	464226499424624	464226487802801
464226504269103	464226515865978	464226508612958
464226528736239	9223372036854775807	464226529017385

POLL t=88.9 tick=2373
8333333
464234545165194	464234555367434	464234545464205
464234554518892	464234571804881	464234554787538
464234571193319	464234588243683	464234586811392
464234587891861	464234604686183	464234588249413
464234617213632	464234629349725	464234617598788
464234621170038	464234637570506	464234621438944
464234637830507	464234654008370	464234645596600
464234661855455	464234678661964	464234662152538
464234671163423	464234686880298	464234671433892
464234687796600	464234703317017	464234702646705
464234704509361	464234719754204	464234704876757
464234729332486	464234744410662	464234729627850
464234737840819	464234752629569	464234738109725
464234754534725	464234769068371	464234762524048
464234778608267	464234793723579	464234778890663
464234787854725	464234801941600	464234788132538
464234804510507	464234826597902	464234820360038
464234821199100	464234834816965	464234821529986
464234849259725	464234859473787	464234849614829
464234854571913	464234867693527	464234854917954
464234871187538	464234884130923	464234882713111
464234895957694	464234908788736	464234896337382
464234904501913	464234917008839	464234904824882
464234921193579	464234933449568	464234921592069
464234937859725	464234949890454	464234948504569
464234962187382	464234974548006	464234962477017
464234971110298	464234982767538	464234971387225
464234987909569	464234999207694	464234988178475
464235004542486	464235015648995	464235007117642
464235029598944	464235040310714	464235029963319
464235037834048	464235048530870	464235038203788
464235054529361	464235064972902	464235054875923
464235071133163	464235089634568	464235081580194
464235095595142	464235106076131	464235096024465
464235104478579	464235122518891	464235104780819
464235121126913	464235138960871	464235137207017
464235137809569	464235155404777	464235138182225
464235166133111	464235180068318	464235166428788
464235171166131	464235188290038	464235171538579
464235187868788	464235204730610	464235195449100
464235212257225	464235229391756	464235212545663
464235221192069	464235237614100	464235221473163
464235237844100	464235254057485	464235252258631
464235254505663	464235270500298	464235254860975
464235281635298	464235295163319	464235282008944
464235287788006	464235303384151	464235288207538
464235304533006	464235319824152	464235304851131
464235321200194	464235336264933	464235321757069
464235347786913	464235360926235	464235348093944
464235354492954	464235369146079	464235354850038
464235371183788	464235385586131	464235371451288
464235387916600	464235402027068	464235392194829
464235412174881	464235426690766	464235412472850
464235421234829	464235434912120	464235421515506
464235437863163	464235451357225	464235438230819
464235454522798	464235467800402	464235456522850
464235479006548	464235492462172	464235479295038
464235487852381	464235500682329	464235488115194
464235504529569	464235517124203	464235511573163
464235529440819	464235541786964	464235529732225
464235537849985	464235550008214	464235538137381
464235554514569	464235574666548	464235569215506
464235571225350	464235582886600	464235571534881
464235600989569	464235615761027	464235601350819
464235604519413	464235623980297	464235604874360
464235621243163	464235632200089	464235621569673
464235637944100	464235648636704	464235639337485
464235662607069	464235673291183	464235662899725
464235671213787	464235689733526	464235671517537
464235687903944	464235706174933	464235688163006
464235704574412	464235722615453	464235709066287
464235730761756	464235747273995	464235731156079
464235737886392	464235755495193	464235738174048
464235754525142	464235771936860	464235754803787
464235771238735	464235788379360	464235783439360
464235787993267	464235804823214	464235788307225
464235817429725	464235829490871	464235817745194
464235821169100	464235837713370	464235821472381
464235838042225	464235854157641	464235838422850
464235854625819	464235870601652	464235854947954
464235884356444	464235895264777	464235884715767
464235887894412	464235903484621	464235888286079
464235904616912	464235919923162	464235904883006
464235921258631	464235936364464	464235921582954
464235946235454	464235961024151	464235946566548
464235954534204	464235969243422	464235954822954
464235971415662	464235985684412	464235971688006
464235987906444	464236002124047	464235995429412
464236012627694	464236026781599	464236012913162
464236021257694	464236035001651	464236021544256
464236037953006	464236059658318	464236053340350
464236054650610	464236067878631	464236054981444
464236084175298	464236100755558	464236084537173
464236087962017	464236108975662	464236088298006
464236104609412	464236117196443	464236104931704
464236121268162	464236133635349	464236123184569
464236146291391	464236158293787	464236146659673
464236154583944	464236166513839	464236154838787
464236171230141	464236191171860	464236187330037
464236187875298	464236199392536	464236188212537
464236216542850	464236232275141	464236216913006
464236221258319	464236240495037	464236221609985
464236237866287	464236248714620	464236247905662
464236264909673	464236281590714	464236265308162
464236271238319	464236289809308	464236271605819
464236287891391	464236306249984	464236288170610
464236304594725	464236322690766	464236311957485
464236329795506	464236347352589	464236330090141
464236337893579	464236355573838	464236338149516
464236354547225	464236372014881	464236370483423
464236371220662	464236388456182	464236371607068
464236399553787	464236413119359	464236399842693
464236404547798	464236421338161	464236404891287
464236421194256	464236437776443	464236431772537
464236445902537	464236462430922	464236446204412
464236454535662	464236470649620	464236454811287
464236471184256	464236495309828	464236487311131
464236487911600	464236503529412	464236488270350
464236512480975	464236528184307	464236512769568
464236521231131	464236536404047	464236521499673
464236537973318	464236552842120	464236546595298
464236562273318	464236577499151	464236562557485
464236571230350	464236585717537	464236571496443
464236587891756	464236610373630	464236602746131
464236604562537	464236618591234	464236604911131
464236634666600	9223372036854775807	464236635068162
464236637867068	9223372036854775807	464236638216235

POLL t=100.9 tick=2618
8333333
464246438082065	464246448795345	464246442279044
464246460601127	464246473457168	464246460888106
464246471397065	464246481676595	464246471774513
464246488093575	464246506330450	464246500546231
464246511119981	464246522766387	464246511500346
464246521406596	464246539202897	464246521666752
464246538065971	464246555637794	464246553713106
464246554733940	464246572073731	464246555098158
464246579966440	464246596730189	464246580259513
464246588157221	464246604949512	464246588494877
464246604741283	464246621385970	464246608535971
464246627221440	464246637822689	464246627526752
464246638087637	464246654262325	464246638380033
464246654742481	464246670703158	464246655016908
464246671405190	464246687141908	464246673204565
464246694120815	464246711798418	464246694410502
464246704735658	464246720016491	464246705007846
464246721423627	464246736454304	464246725804200
464246743968887	464246761111856	464246744349512
464246754708783	464246769330189	464246755054565
464246771418575	464246785766543	464246771815190
464246788142221	464246802205762	464246789010033
464246810732846	464246826865032	464246811019721
464246821443158	464246835084043	464246821704721
464246838115658	464246851521022	464246842324200
464246860758783	464246876179460	464246861043783
464246871418939	464246884398887	464246871829200
464246888098939	464246900835502	464246900129721
464246904744981	464246917271231	464246905098106
464246931002794	464246941926700	464246931374721
464246938047950	464246950144356	464246938397377
464246954782689	464246966579512	464246955137221
464246971423262	464246983013783	464246971798887
464246994832846	464247007670918	464246995178783
464247004810502	464247015891074	464247005094408
464247021427012	464247040550554	464247036242846
464247038104356	464247048770241	464247038507689
464247063897794	464247081640971	464247064208002
464247071426752	464247089860345	464247071929044
464247088239408	464247106299251	464247088574096
464247104802846	464247122737168	464247105147377
464247128317325	464247139176231	464247128599721
464247138128939	464247155615241	464247138393471
464247154805502	464247172052168	464247158651439
464247177487950	464247188488522	464247177783158
464247188110971	464247204924199	464247188406387
464247204795502	464247221360345	464247205151648
464247221584096	464247237796334	464247221931283
464247247378471	464247262452064	464247247684877
464247254809356	464247270671959	464247255160137
464247271450450	464247287108887	464247278618471
464247293989252	464247311767636	464247294276908
464247304791283	464247319987949	464247305053783
464247321427533	464247344645293	464247336249408
464247338124877	464247352864095	464247338472325
464247363091439	464247377519512	464247363387325
464247371399668	464247385739252	464247371903418
464247388144721	464247402178522	464247396662637
464247410720762	464247426837689	464247411012793
464247421459043	464247435057428	464247421730346
464247438127689	464247459713939	464247452450502
464247454795502	464247467933314	464247455143939
464247480091387	464247492589407	464247480471439
464247488176439	464247500809512	464247488461908
464247504809512	464247517248678	464247511737533
464247527340189	464247541906022	464247527625293
464247538182064	464247550125241	464247538510345
464247554797637	464247574780449	464247569320137
464247571471127	464247582996647	464247571814720
464247597361439	464247615867533	464247597657533
464247604818470	464247624086855	464247605163887
464247621494408	464247632306647	464247625901543
464247644326700	464247656960709	464247644615345
464247654906439	464247665177480	464247655189825
464247671610658	464247689834147	464247684440606
464247688292064	464247706272532	464247688628939
464247715477064	464247730936335	464247715812845
464247721562950	464247739156074	464247721872220
464247738337220	464247755595085	464247738609095
464247760908627	464247772039355	464247761189564
464247771638002	464247788480449	464247771958783
464247788273002	464247804921856	464247802139252
464247810927950	464247829582428	464247811208939
464247821622481	464247837804564	464247821896283
464247838295293	464247854249616	464247852803470
464247854971075	464247870689720	464247855289668
464247882065189	464247895349355	464247882397012
464247888338470	464247903568730	464247888664095
464247904957168	464247920007115	464247905244199
464247921647064	464247936445866	464247922541856
464247944504512	464247961105605	464247944792481
464247954933158	464247969324512	464247955206595
464247971706856	464247985764147	464247978293783
464247994244668	464248010422429	464247994530449
464248004967377	464248018641386	464248005242012
464248021653470	464248035080710	464248033177689
464248044521752	464248059740241	464248044815137
464248054975345	464248067959563	464248055243314
464248071600814	464248092619511	464248086464564
464248088313939	464248100839199	464248088663262
464248112300502	464248125500033	464248112601283
464248121578158	464248133720709	464248121845918
464248138331595	464248150161699	464248142030606
464248161261231	464248174821751	464248161612168
464248171528626	464248183042428	464248171899043
464248188273158	464248207703313	464248201527012
464248204953574	464248215923417	464248205279981
464248232177533	464248248798365	464248232629512
464248238261283	464248257017532	464248238637533
464248254889512	464248265236646	464248257815762
464248277889720	464248289890605	464248278190658
464248288263158	464248306329147	464248288540501
464248304948314	464248322766543	464248308792481
464248327615501	464248339202637	464248327919043
464248338218470	464248355638678	464248338523262
464248354951595	464248372075396	464248369905033
464248371688314	464248388515032	464248371976283
464248397964564	464248413171074	464248398263939
464248404937220	464248421388887	464248405252064
464248421607012	464248437826751	464248424679251
464248444187845	464248454262844	464248444524408
464248454960501	464248470699407	464248455255189
464248471656751	464248487139251	464248472075658
464248488323626	464248503579251	464248489348001
464248512561231	464248528235813	464248512855501
464248521651908	464248536455918	464248521921856
464248538329408	464248552893678	464248541883887

POLL t=112.6 tick=2790
8333333
464258312263310	464258326148779	464258312626383
464258321903623	464258334369247	464258322177529
464258338570185	464258359028675	464258354695133
464258355301539	464258367249612	464258355698571
464258379632373	464258391909977	464258379904716
464258388602529	464258400131383	464258388930133
464258405262529	464258416572477	464258414792477
464258428171695	464258441231851	464258428474716
464258438622477	464258449451591	464258438889560
464258455241591	464258474113205	464258470742633
464258471942998	464258482334924	464258472301123
464258497919039	464258515211382	464258498210758
464258505491904	464258523430028	464258505649873
464258521972998	464258539866695	464258522482373
464258538618727	464258556305237	464258538978779
464258564069404	464258580962268	464258564423466
464258572086591	464258589182164	464258572401904
464258588622529	464258605622112	464258594373935
464258612164195	464258630282893	464258612468154
464258621948154	464258638504612	464258622229872
464258638617216	464258654943361	464258652175497
464258655269091	464258671380184	464258655575810
464258682622841	464258696033882	464258682929247
464258688567216	464258704250497	464258688898154
464258705284039	464258720688622	464258709019247
464258728324091	464258745345862	464258728662997
464258738559404	464258753565132	464258738845810
464258755286591	464258770002945	464258755547477
464258771986279	464258786441278	464258773510914
464258794838102	464258811098101	464258795120966
464258805244560	464258819318466	464258805547685
464258821963779	464258835759559	464258822334247
464258838669664	464258852202736	464258844683727
464258861568310	464258876865237	464258861863466
464258871972477	464258885084195	464258872241539
464258888639247	464258909738778	464258901874977
464258905298779	464258917958206	464258905641747
464258932791435	464258950834247	464258933184352
464258938606435	464258959052580	464258938955654
464258955330185	464258967271278	464258955722841
464258971963154	464258983710913	464258972300341
464258995497529	464259008368466	464258995889352
464259005361383	464259016586070	464259005702164
464259021934560	464259033023206	464259022295497
464259038644872	464259049463258	464259040856279
464259061758779	464259074118049	464259062107685
464259072055445	464259090551173	464259072324247
464259088595654	464259106985757	464259088869872
464259105322841	464259123422893	464259111340914
464259128285185	464259139859247	464259128599351
464259138628622	464259156294507	464259138899820
464259155280758	464259172728049	464259170750029
464259171960133	464259189164299	464259172308935
464259198471591	464259213821799	464259198776435
464259205252997	464259222040445	464259205629404
464259221990601	464259238478569	464259235359351
464259238637216	464259254920028	464259238975810
464259261545966	464259279581747	464259261840810
464259271962685	464259287803048	464259272231226
464259288645966	464259304239507	464259294601070
464259311775758	464259328897685	464259312128310
464259321881591	464259337117320	464259322172685
464259338578101	464259353555913	464259338859351
464259355316122	464259369994507	464259356772216
464259378135810	464259394655080	464259378442997
464259388625133	464259402875289	464259388896747
464259405252476	464259427532632	464259421233310
464259421968883	464259435751382	464259422140653
464259446742060	464259460407841	464259447034403
464259455276122	464259468627320	464259455565133
464259471960497	464259485064768	464259477455653
464259494615445	464259509722840	464259494921435
464259505327164	464259517942319	464259505603622
464259522057216	464259542602216	464259539591226
464259538941903	464259550821643	464259539624247
464259563394508	464259575475340	464259563682164
464259572055601	464259583693361	464259572314091
464259588735497	464259600126226	464259594945653
464259611449351	464259624780080	464259611743101
464259622024351	464259632999143	464259622287216
464259638651695	464259657653309	464259654479351
464259655400810	464259665871955	464259655687528
464259681267060	464259698747319	464259681599560
464259688691747	464259706965549	464259688977216
464259705345966	464259723401122	464259721508466
464259722006382	464259739837528	464259722093310
464259744811851	464259756272111	464259745103414
464259755365497	464259772708101	464259755623153
464259772080966	464259789145340	464259778102528
464259794358935	464259805584976	464259794653310
464259805350653	464259822023153	464259805689872
464259822004872	464259838460393	464259836360966
464259843559403	464259854897632	464259843886747
464259855351122	464259871334038	464259855615445
464259872084716	464259895988934	464259889705653
464259888770497	464259904207319	464259889747841
464259913133934	464259928861955	464259913438622
464259922025757	464259937081122	464259922398570
464259938674716	464259953519455	464259944860601
464259961397684	464259978175444	464259961692372
464259971976851	464259986393518	464259972267997
464259988661278	464260011045652	464260004903466
464260005312476	464260019263882	464260005385341
464260030056591	464260043918778	464260030360184
464260038623466	464260052137788	464260038895966
464260055378309	464260068578309	464260060872216
464260077862684	464260093234611	464260078170809
464260088611903	464260101453466	464260088892528
464260105286695	464260126109872	464260119044976
464260121940809	464260134328778	464260122361903
464260147948570	464260158984090	464260148253622
464260155288466	464260167202007	464260155654716
464260171996278	464260183638153	464260181051070
464260194480289	464260208290861	464260194777320
464260205312164	464260216509038	464260205594716
464260221968153	464260241164924	464260236250132
464260238638257	464260249383882	464260239086226
464260264972528	464260282262788	464260265361434
464260271932945	464260290482631	464260272314351
464260288663466	464260306921069	464260296420341
464260311116434	464260323360809	464260311419403
464260322004976	464260339797319	464260322391278
464260338623778	464260356232215	464260355442372
464260355550184	464260372667215	464260355652320
464260378495497	464260389101381	464260378787216
464260388668778	464260405534559	464260388929195
464260405361747	464260421969923	464260411095809

POLL t=124.4 tick=2954
8333333
464269855653931	464269873806639	464269855770754
464269878747160	464269890245545	464269879027941
464269888930024	464269906682524	464269889202629
464269905667681	464269923122159	464269908875962
464269928651743	464269939562732	464269929041379
464269938907629	464269956005232	464269939185181
464269955645285	464269972445076	464269956026066
464269972337837	464269988884503	464269975443722
464269995263306	464270005323566	464269995590910
464270005702524	464270021762056	464270006021899
464270022282524	464270038199555	464270022556899
464270039025493	464270054638409	464270039571691
464270062998618	464270079301066	464270063293306
464270072320962	464270087522888	464270072595754
464270088989035	464270103964347	464270092479347
464270111888410	464270128626847	464270112222785
464270122265597	464270136848774	464270122582993
464270139020910	464270161511951	464270153718254
464270155644712	464270169733097	464270155970493
464270182802628	464270194394243	464270183086274
464270188951899	464270202614608	464270189318931
464270205649503	464270219054816	464270207657837
464270229464399	464270243714243	464270229787056
464270238994087	464270251934555	464270239296587
464270255671743	464270268373357	464270268189816
464270272357316	464270284810545	464270272686743
464270299695597	464270317689139	464270299956899
464270305685493	464270325908670	464270306016222
464270322331847	464270334128566	464270322639972
464270339016691	464270350567055	464270339207160
464270362991587	464270375227732	464270363333149
464270372323566	464270383446795	464270372646378
464270389017003	464270399883722	464270389293253
464270405718149	464270416320753	464270410553722
464270429103774	464270440975700	464270429464816
464270439011587	464270457412628	464270439272003
464270455682524	464270473850284	464270469051118
464270472358774	464270490289399	464270472685441
464270498849087	464270514946639	464270499146274
464270505666222	464270523166377	464270506015910
464270522283878	464270539605232	464270522714191
464270538974868	464270556044346	464270539305805
464270562924712	464270580701117	464270563294555
464270572315337	464270588921170	464270572720962
464270589068566	464270605358774	464270589339087
464270605630805	464270621796378	464270610001899
464270628569712	464270646455128	464270628867160
464270639013462	464270654674086	464270639300649
464270655670337	464270671116013	464270666966222
464270679446899	464270695774555	464270679806743
464270689002993	464270703993721	464270689270805
464270705677941	464270720432940	464270719959503
464270722342680	464270736874190	464270722700337
464270748943722	464270761531482	464270749341118
464270755637993	464270769750441	464270755994712
464270772383722	464270786186169	464270772699972
464270798493462	464270810845909	464270798833410
464270805689399	464270819064555	464270806009503
464270822353462	464270835502837	464270822608462
464270839048930	464270851940284	464270844887055
464270862122368	464270876593774	464270862410753
464270872352524	464270884813409	464270872615753
464270889013149	464270901251691	464270899767055
464270912088722	464270925908044	464270912380962
464270922352524	464270934125545	464270922622003
464270938995753	464270958778826	464270952208618
464270955692680	464270966997419	464270956092993
464270982937316	464270999872993	464270983301534
464270988985805	464271008089711	464270989330597
464271005719034	464271016306951	464271006044399
464271022376222	464271032741586	464271022716743
464271051015805	464271065611743	464271051401743
464271055708930	464271073830232	464271056133774
464271072401691	464271090267888	464271079792784
464271095313930	464271106706534	464271095622159
464271105743930	464271123145909	464271106027680
464271122375336	464271139586482	464271137988774
464271139055805	464271156028044	464271139352524
464271165817524	464271180684190	464271166107680
464271172344086	464271188903618	464271172651118
464271189059086	464271205341794	464271194722368
464271212643774	464271229998774	464271212983566
464271222380284	464271238217107	464271222655180
464271239057628	464271254657107	464271239327472
464271255904243	464271271095648	464271260507628
464271278661743	464271295755284	464271278947784
464271289063305	464271303973617	464271289334034
464271305823566	464271320412888	464271310009659
464271329234399	464271345071325	464271329528566
464271339051430	464271353290701	464271339320180
464271355805336	464271369730909	464271360660024
464271378524243	464271394388826	464271378823461
464271389121118	464271402607575	464271389414555
464271405779191	464271427266951	464271421634868
464271422457680	464271435486169	464271422787055
464271447793930	464271460144346	464271448087524
464271455757211	464271468365909	464271456268461
464271472443618	464271484805857	464271477446691
464271494841274	464271509464190	464271495128461
464271505732368	464271517683253	464271506022836
464271522410180	464271534120336	464271522670128
464271539098305	464271550554659	464271540671899
464271562383461	464271575206586	464271562733305
464271572358097	464271583424398	464271572638409
464271589056847	464271599861898	464271589319034
464271605804711	464271616299607	464271608781378
464271628512368	464271640954242	464271628787211
464271639019868	464271649173096	464271639282211
464271655711222	464271673829971	464271668151274
464271678578253	464271690269763	464271678888930
464271689035961	464271706708878	464271689306065
464271705691117	464271723147367	464271719582055
464271722369555	464271739583409	464271722716430
464271747559555	464271764241846	464271747881274
464271755729034	464271772461585	464271756256899
464271772412784	464271788901273	464271785210336
464271796052211	464271813559867	464271796421222
464271805845909	464271821780179	464271806169867
464271822606117	464271838218825	464271822857524
464271839197159	464271854658877	464271848610336
464271862302315	464271879322367	464271862619242
464271872516899	464271887544398	464271872780597
464271889142472	464271903987523	464271889418930
464271905867992	464271920429814	464271906005180
464271930678097	464271945087159	464271930982784
464271939139034	464271953307106	464271939410597
464271955873774	464271969746065	464271960932367

POLL t=136.4 tick=3212
8333333
464281939416582	464281955057415	464281939686739
464281956234551	464281971492415	464281959679864
464281979839811	464281996143561	464281980203926
464281989487989	464282004360644	464281989900176
464282006132051	464282020795227	464282006480801
464282022799551	464282037232051	464282023877832
464282045485801	464282061887050	464282045778926
464282056115176	464282070105905	464282056387520
464282072806999	464282086542675	464282077026895
464282096183718	464282111197988	464282096476426
464282106065176	464282119418196	464282106378457
464282122822520	464282135854968	464282123145332
464282139467780	464282152290852	464282143710489
464282162422207	464282176945853	464282162718770
464282172817676	464282185164967	464282173084707
464282189457832	464282209822103	464282204410957
464282206128301	464282218042780	464282206487988
464282232397311	464282242703509	464282232686686
464282239438926	464282250922676	464282239778145
464282256135801	464282267360176	464282262263301
464282281204082	464282292021425	464282281576374
464282289453457	464282300242988	464282289728874
464282306100488	464282324902467	464282322745280
464282322810020	464282333122311	464282323301270
464282348063770	464282366000696	464282348354186
464282356386843	464282374221373	464282356587311
464282372796843	464282390660696	464282376890280
464282397653457	464282415321738	464282398012363
464282406096218	464282423542519	464282406381270
464282422790801	464282439982363	464282438987520
464282439468457	464282456421894	464282439615020
464282466768145	464282481076009	464282467055280
464282472782207	464282489293248	464282473190488
464282489482676	464282505728977	464282489804707
464282506128405	464282522164863	464282506477832
464282533676113	464282546818822	464282534064551
464282539467676	464282555035905	464282539841530
464282556095957	464282571472363	464282556443145
464282572813301	464282587910800	464282577436374
464282597240801	464282612571113	464282597616530
464282606123561	464282620791322	464282606386843
464282622788301	464282645449134	464282638485749
464282639465124	464282653666061	464282639818926
464282663060592	464282678317207	464282663446530
464282672784811	464282686536842	464282673123405
464282689476842	464282702976269	464282689735801
464282706144551	464282719415331	464282713322624
464282729112363	464282744072207	464282729400488
464282739460176	464282752291634	464282739735436
464282756174707	464282768729759	464282768150332
464282772805801	464282785169186	464282773149499
464282800863770	464282818045072	464282801235176
464282806077988	464282826264134	464282806440592
464282822826374	464282842701946	464282834587207
464282847326113	464282859140644	464282847692988
464282856177624	464282867360696	464282856459030
464282872823092	464282883798717	464282873082624
464282889500905	464282900236581	464282896347363
464282912469863	464282924892988	464282912776374
464282922817936	464282933109290	464282923085176
464282939482467	464282957760644	464282952512988
464282956154238	464282974193248	464282956474707
464282981699707	464282998846321	464282982050644
464282989490332	464283007063821	464282989798092
464283006128613	464283023499863	464283013590644
464283029095176	464283039934655	464283029396269
464283039464394	464283056368196	464283039731999
464283056345332	464283072802415	464283068805801
464283072804551	464283089238249	464283073105176
464283100997363	464283113890436	464283101352988
464283106120332	464283122109082	464283106442051
464283122866738	464283138547519	464283123147207
464283139547832	464283154984498	464283139868926
464283162952832	464283179634602	464283163250592
464283173107259	464283187851842	464283173410957
464283189590019	464283204285852	464283189840957
464283206276686	464283220723665	464283211968926
464283229062832	464283245375904	464283229365019
464283239504551	464283253593613	464283239778613
464283256210332	464283278242311	464283269930332
464283272884030	464283286458821	464283273169082
464283302764551	464283319321061	464283303105332
464283306181217	464283327537935	464283306535019
464283322862467	464283335755748	464283323184551
464283339568926	464283352189863	464283339698613
464283364940592	464283376839290	464283365241998
464283372846426	464283385055071	464283373134238
464283389562207	464283401489185	464283395354082
464283412671894	464283426143769	464283412954342
464283422877155	464283434361477	464283423133717
464283439524238	464283459013925	464283452896113
464283456320176	464283467230540	464283456631113
464283484982519	464283500095019	464283485338457
464283489536269	464283508313247	464283489878457
464283506149707	464283516530644	464283506582675
464283522905800	464283532963508	464283523235123
464283546441217	464283557614186	464283546781269
464283556301478	464283574047675	464283556586269
464283572875280	464283590483196	464283589127780
464283589646269	464283606917831	464283589751582
464283612634394	464283623353352	464283612912311
464283622837623	464283639789707	464283623106373
464283639531373	464283656225280	464283645266894
464283662083144	464283672658925	464283662380488
464283672904863	464283689091060	464283673170280
464283689477832	464283705526633	464283702554186
464283706191998	464283721962987	464283706550905
464283731035957	464283746616477	464283731324238
464283739789030	464283754833821	464283740160019
464283756266894	464283771270019	464283766546530
464283779120592	464283795922883	464283779411686
464283789468769	464283804141477	464283789740488
464283806204082	464283828796789	464283823468300
464283823174811	464283837014498	464283823490280
464283845663144	464283861669394	464283845943613
464283856243613	464283869887415	464283856481061
464283872849967	464283886320904	464283886048144
464283889514082	464283902756738	464283889842519
464283916489550	464283927409758	464283916860332
464283922803561	464283935626685	464283923142519
464283939514238	464283960276633	464283952571894
464283956337675	464283968493404	464283956656425
464283979632311	464283993146529	464283979976686
464283989537207	464284001363509	464283989869082
464284006184550	464284017800644	464284006553561
464284022892207	464284034237571	464284027985175
464284046776738	9223372036854775807	464284047070175

POLL t=148.2 tick=3379
8333333
464293879945640	464293896020952	464293880315328
464293889921734	464293904240848	464293890203244
464293906608453	464293928898973	464293922406994
464293923271422	464293937116890	464293923640015
464293949062515	464293961771942	464293949375744
464293956545484	464293969990849	464293956919703
464293973302047	464293986429389	464293985724703
464293998444651	464294011087307	464293998816890
464294006672046	464294019306056	464294007047671
464294023269546	464294035745223	464294023544182
464294039924546	464294060403296	464294052519390
464294063708765	464294076840640	464294064086578
464294073273088	464294085058504	464294073538453
464294089948140	464294109709077	464294106521057
464294106724390	464294117925692	464294106944651
464294131945328	464294142581213	464294132284390
464294139903296	464294150799650	464294140409078
464294156648140	464294167236942	464294160837046
464294179345588	464294191898765	464294179663140
464294189953140	464294200119181	464294190216421
464294206605015	464294224780431	464294220989234
464294223267619	464294241220484	464294223630953
464294250651265	464294265878140	464294251042828
464294256691421	464294274097150	464294257073921
464294273300015	464294290535588	464294273702515
464294296631578	464294306974442	464294296921682
464294306561838	464294323414494	464294306846578
464294323286734	464294339854181	464294338492515
464294340026994	464294356293139	464294340499807
464294367238401	464294380950223	464294367529390
464294373282203	464294389170223	464294373592984
464294389946213	464294405608661	464294393614390
464294413082359	464294430266317	464294413421265
464294423233244	464294438485484	464294423555276
464294439972359	464294454924233	464294440192307
464294456614963	464294471363087	464294459405640
464294479561838	464294496022411	464294479849859
464294489946109	464294504242879	464294490212932
464294506617515	464294520682150	464294510164390
464294529579338	464294545340431	464294529870015
464294539925953	464294553558973	464294540118765
464294556612515	464294569997514	464294561102359
464294579531369	464294594654130	464294579832515
464294589906838	464294602872359	464294590196109
464294606570171	464294627528139	464294620259390
464294623281578	464294635748087	464294623638088
464294650027307	464294668626316	464294650427359
464294656617671	464294676847879	464294656959338
464294673303869	464294685067514	464294673637827
464294689950327	464294701505015	464294690301109
464294715930588	464294726158764	464294716273452
464294723299859	464294734376264	464294723664390
464294739961734	464294750811473	464294740366265
464294756658609	464294767246577	464294763195015
464294779537307	464294791900536	464294779831577
464294789894650	464294808336213	464294790188140
464294806555588	464294824771525	464294817617046
464294829763765	464294841204441	464294830068765
464294839947827	464294857640223	464294840309807
464294856620952	464294874077671	464294867464077
464294879736890	464294890514962	464294880049546
464294889945952	464294906952254	464294890224234
464294906589702	464294923390223	464294920284234
464294923292515	464294939827671	464294923658609
464294950402827	464294964481629	464294950780327
464294956605171	464294972701577	464294956900327
464294973324494	464294989141473	464294973592827
464294996636682	464295013795535	464294996946734
464295006685015	464295022014650	464295006996734
464295023300327	464295038452775	464295023574859
464295040188140	464295054891733	464295050737984
464295063209025	464295079547150	464295063489182
464295073346734	464295087764963	464295073602671
464295089966994	464295104200587	464295101861734
464295113174702	464295128854181	464295113461421
464295123318921	464295137072671	464295123605119
464295139974077	464295153511368	464295151401734
464295163774077	464295178168192	464295164117671
464295173354181	464295186386629	464295173614494
464295190001994	464295202823817	464295190268140
464295206725327	464295219261056	464295207103244
464295231840484	464295243921108	464295232141577
464295239964181	464295252140171	464295240239234
464295256697306	464295268578296	464295262797306
464295279765640	464295293237097	464295280127098
464295290017150	464295301455222	464295290305015
464295306647931	464295326111004	464295318114025
464295329807463	464295342550951	464295330105952
464295340067358	464295350771160	464295340404442
464295356751369	464295375431003	464295368372827
464295379767931	464295391872619	464295380066577
464295390014233	464295408314858	464295390289338
464295406681733	464295424756264	464295418372463
464295429902671	464295441197567	464295430181108
464295440035483	464295457635692	464295440291056
464295456702202	464295474073035	464295470718608
464295473444546	464295490510483	464295473761369
464295498779338	464295515169233	464295499053140
464295506656994	464295523389858	464295506995640
464295523276994	464295539829493	464295532067775
464295546855796	464295564484702	464295547153765
464295556653140	464295572702514	464295556920431
464295573335327	464295589141056	464295586456213
464295589937306	464295605579650	464295590234390
464295618466421	464295630242410	464295618544546
464295623310640	464295638465899	464295623629494
464295639989494	464295654908556	464295640302046
464295663999546	464295679569181	464295664347983
464295673261108	464295687789702	464295673542463
464295689985744	464295704231160	464295690240327
464295706637931	464295720671160	464295707127358
464295731374338	464295745330848	464295731693244
464295739930483	464295753551160	464295740244025
464295756659650	464295769991628	464295765487358
464295779780640	464295794651524	464295780075275
464295789971890	464295802870899	464295790241525
464295806626733	464295827533191	464295819932150
464295829857306	464295843974233	464295830129962
464295839970015	464295852194753	464295840241421
464295856649077	464295876856160	464295869418921
464295879622619	464295893296055	464295879904337
464295890001890	464295901515378	464295890262358
464295906647827	464295926177775	464295919621108
464295929972202	464295942617462	464295930309702
464295939976265	464295950837254	464295940274546
464295956641108	464295967277878	464295957016525
464295973365587	9223372036854775807	464295973710171

POLL t=160.1 tick=3552
8333333
464305708240636	464305722841104	464305708606365
464305724977355	464305739280375	464305735024698
464305747891834	464305763935532	464305748194698
464305758314698	464305772154177	464305758586261
464305774927042	464305788592146	464305775125011
464305791637459	464305805030219	464305791982667
464305815361261	464305829685271	464305815647354
464305824958865	464305837904906	464305825228604
464305841668136	464305854343135	464305844791417
464305864386729	464305878999646	464305864720740
464305874910948	464305887218343	464305875107198
464305891662979	464305903655948	464305891914698
464305908315271	464305920091989	464305910495948
464305931325792	464305944746052	464305931724073
464305941575479	464305952964333	464305941894542
464305958306521	464305969399906	464305958598917
464305974915323	464305985836677	464305984650948
464305998342667	464306010489385	464305998658552
464306008327459	464306018708656	464306008628448
464306024974021	464306035148396	464306025246209
464306041641677	464306059805218	464306043828240
464306064490427	464306076244073	464306064777927
464306074989542	464306092680896	464306075233552
464306091654854	464306109115427	464306094999334
464306114389229	464306125550687	464306114696729
464306125012302	464306141984906	464306125354229
464306141644490	464306158418709	464306141940479
464306158304646	464306174855687	464306158915167
464306182980584	464306199512458	464306183362459
464306191585323	464306207731209	464306191900115
464306208299073	464306224170583	464306208633084
464306224956886	464306240607718	464306232144542
464306247791729	464306265264958	464306248085479
464306258302667	464306273485167	464306258659073
464306274958448	464306298141051	464306290556521
464306291664698	464306306358604	464306291993136
464306317299490	464306331014542	464306317699698
464306324908448	464306339235479	464306325182927
464306341597979	464306355674020	464306345048083
464306365117667	464306380332510	464306365481261
464306374933292	464306388552198	464306375226886
464306391607823	464306413208812	464306406773136
464306408304854	464306421426781	464306408723136
464306431157042	464306446085687	464306431458240
464306441632354	464306454306312	464306441897979
464306458311365	464306470745896	464306461962823
464306482106365	464306495404697	464306482479490
464306491644229	464306503624385	464306491959802
464306508312823	464306520063812	464306508570740
464306524986260	464306536500426	464306527115792
464306547629698	464306561157353	464306547894229
464306558305323	464306569376677	464306558637667
464306574983917	464306585816417	464306575254177
464306591654854	464306602255635	464306593884177
464306614375635	464306626910895	464306614666208
464306624969385	464306643345791	464306625235948
464306641617042	464306659782301	464306654508240
464306658299646	464306676222406	464306658644802
464306684797198	464306700883448	464306685186365
464306691905844	464306709104437	464306692194646
464306708372302	464306725543239	464306708733865
464306724989854	464306741982405	464306725324802
464306748357667	464306758422562	464306748644542
464306758279333	464306774864229	464306758576417
464306774994958	464306791304541	464306775249021
464306791707146	464306807742354	464306794538760
464306815418448	464306832400374	464306815711573
464306825060271	464306840618135	464306825324073
464306841774385	464306857055635	464306845756990
464306864837510	464306881715791	464306865120792
464306875030896	464306889935948	464306875313760
464306891813292	464306906375999	464306895931417
464306914473760	464306931038916	464306914788239
464306924995948	464306939259020	464306925263135
464306941686104	464306955699854	464306953887979
464306964586260	464306980360010	464306964862614
464306975053292	464306988580843	464306975315010
464306991730010	464307013244073	464307006802146
464307008419698	464307021466364	464307008742979
464307031787042	464307046131989	464307032095010
464307041678135	464307054352978	464307041944698
464307058448917	464307070794125	464307063509333
464307081694542	464307095458864	464307082003448
464307091668292	464307103678708	464307091962354
464307108373135	464307120119436	464307108631833
464307124992771	464307136559437	464307126222198
464307149720635	464307161219489	464307150024802
464307158328239	464307169437770	464307158601052
464307175042302	464307185876885	464307179244177
464307200155635	464307210533134	464307200457823
464307208378448	464307218752302	464307208655791
464307225060427	464307243411052	464307237192302
464307247817041	464307259850166	464307248114854
464307258362979	464307276290947	464307258629073
464307274999229	464307292732770	464307275262927
464307291698916	464307309170322	464307296172666
464307314632771	464307325606521	464307314957823
464307325008604	464307342045426	464307325300323
464307341678239	464307358484645	464307341973916
464307358312823	464307374924281	464307362669698
464307381382666	464307399585947	464307381678916
464307391658083	464307407806624	464307391960323
464307408312146	464307424247718	464307423829802
464307425011208	464307440687614	464307425309541
464307451771885	464307465346572	464307452064854
464307458339489	464307473565426	464307458642927
464307474988083	464307490006156	464307475286364
464307491653864	464307506446207	464307491878135
464307517338083	464307531106728	464307517674333
464307524951677	464307539327561	464307525243552
464307541702354	464307555768916	464307542042823
464307558352510	464307572206468	464307566050166
464307581409645	464307596867510	464307581800010
464307591655010	464307605088447	464307591920948
464307608312666	464307629746573	464307622412979
464307624986573	464307637966364	464307625333604
464307651576573	464307662625634	464307651875010
464307658326260	464307670845530	464307658676573
464307675021573	464307687284280	464307675342666
464307691668291	464307703722510	464307692556677
464307714336729	464307728380218	464307714625479
464307725067510	464307736600114	464307725464333
464307741667198	464307753039437	464307741927823
464307758403916	464307769475530	464307760601052
464307781585583	464307794131832	464307781937354
464307791582354	464307802353187	464307791951416
464307808367041	9223372036854775807	464307808636677

POLL t=170.2 tick=3719
8333333
464315718613288	464315733448340	464315718905476
464315725446726	464315741666361	464315725800736
464315742081830	464315758099121	464315747168444
464315765132351	464315782746725	464315765434694
464315775489642	464315790962090	464315775766986
464315792158080	464315807393184	464315804587038
464315815851101	464315832039642	464315816249486
464315825448132	464315840254694	464315825716205
464315842110944	464315856687350	464315855906413
464315865649799	464315881335684	464315866004851
464315875449069	464315889551569	464315875726101
464315892144486	464315905985527	464315892394538
464315908787455	464315922420163	464315910765163
464315931674382	464315947071621	464315931960788
464315942077194	464315955289955	464315942374851
464315958817767	464315971727194	464315959135007
464315975477351	464315988163027	464315979132819
464315998413549	464316012815840	464315998701049
464316008774069	464316021035944	464316009146413
464316025454017	464316045694225	464316038435632
464316042130424	464316053915267	464316042476726
464316067656882	464316078570684	464316067932611
464316075433444	464316086789850	464316075781726
464316092304642	464316111448809	464316105602976
464316108807663	464316119668704	464316109306205
464316132165892	464316144329329	464316132462819
464316142108757	464316152549121	464316142411882
464316158813444	464316168987141	464316159075788
464316175481517	464316193643913	464316179673601
464316198393548	464316210082298	464316198680892
464316208786882	464316226520319	464316209154226
464316225456830	464316242958288	464316239796048
464316242116830	464316259396465	464316242425632
464316265679851	464316284051048	464316265981048
464316275465944	464316292269694	464316275724330
464316292139382	464316308707767	464316297442142
464316315108600	464316325145475	464316315411725
464316325462975	464316341581829	464316325737038
464316342086048	464316358018652	464316355761569
464316365182975	464316382672506	464316365486413
464316375438080	464316390890631	464316375717663
464316392118236	464316407329277	464316406891569
464316408802194	464316423769589	464316409317194
464316431694382	464316448425944	464316431991830
464316442143913	464316456644069	464316442413861
464316458832819	464316473078652	464316465709850
464316481828132	464316497732297	464316482132507
464316492171673	464316505948809	464316492423548
464316508826257	464316530599381	464316523061882
464316525465163	464316538817402	464316525809017
464316552028600	464316563473235	464316552363861
464316558763080	464316571692715	464316559149850
464316575413236	464316588130110	464316581890267
464316598055632	464316612791673	464316598345319
464316608822975	464316621012246	464316609301725
464316625505632	464316645674746	464316642172923
464316642469955	464316653894173	464316642892663
464316670352663	464316686773495	464316670746830
464316675412819	464316694993339	464316675753600
464316692292819	464316703212871	464316692513132
464316708819694	464316719651152	464316709109642
464316732138132	464316744311673	464316732479069
464316742145111	464316760751099	464316742475892
464316758774225	464316777192819	464316759049694
464316775469538	464316793632298	464316777475736
464316797983913	464316810068235	464316798282975
464316808751569	464316826506100	464316808948444
464316825490423	464316842946151	464316830272507
464316847946882	464316859387401	464316848234069
464316858825163	464316875826620	464316859072350
464316875513288	464316892266777	464316875777507
464316892579694	464316908704173	464316893108548
464316917325163	464316933360787	464316917678913
464316925482038	464316941579069	464316925752038
464316942326204	464316958016672	464316946550892
464316965300163	464316982672870	464316965665319
464316975511048	464316990890891	464316975772923
464316992186413	464317007330943	464317005554486
464317008912975	464317023770162	464317009282819
464317036224329	464317048431308	464317036580267
464317042246256	464317056651361	464317042570579
464317058911256	464317073089641	464317069948079
464317081432350	464317097751673	464317081724225
464317092262975	464317105972766	464317092544850
464317108814381	464317130632038	464317123023131
464317131758600	464317147072975	464317132053600
464317142225579	464317155293235	464317142490006
464317158831725	464317179954225	464317171934069
464317175595319	464317188174797	464317175877767
464317205110475	464317221052819	464317205403288
464317208807194	464317229272975	464317209082194
464317225549538	464317237491672	464317225780475
464317251151569	464317262149433	464317251444486
464317258893756	464317270369068	464317259215631
464317275526986	464317286806361	464317280844798
464317298284694	464317311462558	464317298588131
464317308905006	464317319682298	464317309166100
464317325547506	464317344342923	464317337948079
464317348569069	464317360783183	464317348850267
464317358856048	464317377223495	464317359119069
464317375501100	464317393666465	464317389210319
464317392194798	464317410107038	464317392498392
464317420056569	464317434766985	464317420356725
464317425500110	464317442987193	464317425812975
464317442185163	464317459425578	464317442565423
464317458806413	464317475863600	464317459083235
464317481976256	464317492303183	464317482318444
464317492242923	464317508744329	464317492572975
464317508883548	464317525184017	464317509119485
464317525547350	464317541625058	464317529815163
464317548059694	464317558066933	464317548439694
464317558846413	464317574507870	464317559128392
464317575470163	464317590949069	464317586711725
464317598353912	464317615612402	464317598633912
464317608785475	464317623833912	464317609077923
464317625461881	464317648499797	464317640568131
464317642174850	464317656722402	464317642539850
464317667318548	464317681385787	464317667633704
464317675612037	464317689605423	464317675922194
464317692280475	464317706044954	464317700624329
464317714990423	464317730706308	464317715288079
464317725589694	464317738926828	464317725962819
464317742249173	464317755366152	464317753727194
464317765553600	464317780025318	464317765837506
464317775569850	464317788244902	464317775848600
464317792275475	464317812904432	464317807674537
464317808943912	464317821123287	464317809294642

POLL t=181.9 tick=3974
8333333
464327632731044	464327642673960	464327633038075
464327643358596	464327659117971	464327643673700
464327659970732	464327675561408	464327673553544
464327676669690	464327692005367	464327676998909
464327703599065	464327716669377	464327703875315
464327709991513	464327724889897	464327710371044
464327726642138	464327741331408	464327730852971
464327749446721	464327765992554	464327749747034
464327759970784	464327774212710	464327760347294
464327776681825	464327790652085	464327787904065
464327799986669	464327815308648	464327800353596
464327809978075	464327823527502	464327810248544
464327826642919	464327839967033	464327838893232
464327843319482	464327856407346	464327843677190
464327869835419	464327881065679	464327870129638
464327876614846	464327889285783	464327877092971
464327893331669	464327905725054	464327893708284
464327910008284	464327922164742	464327910362190
464327937704794	464327955040940	464327937990159
464327943262971	464327963260262	464327943629846
464327959973284	464327971479064	464327965384377
464327982741356	464327996132971	464327983038284
464327993327190	464328004350522	464327993595471
464328009982763	464328029007867	464328021836044
464328033172971	464328045446200	464328033532346
464328043369950	464328053665627	464328043680471
464328059982971	464328070103387	464328060357606
464328076686044	464328086543335	464328082735783
464328099313908	464328111204064	464328099607190
464328109997033	464328127645731	464328110264221
464328126656877	464328144086303	464328137175315
464328149394377	464328160527346	464328149682346
464328159987190	464328176967554	464328160353596
464328176647606	464328193407815	464328187979065
464328199412919	464328209848751	464328199697190
464328210021252	464328226292346	464328210289638
464328226647658	464328242735053	464328239745731
464328243324846	464328259174845	464328243704846
464328270063440	464328283834845	464328270461981
464328276572919	464328292055106	464328276897971
464328293312502	464328308494168	464328303450888
464328318741096	464328333153074	464328319097346
464328326642450	464328341373752	464328326941200
464328343288908	464328357816877	464328343552658
464328360031721	464328374254950	464328364876981
464328382803388	464328398913700	464328383098908
464328393293388	464328407133648	464328393573752
464328409939533	464328423573075	464328420347815
464328433047658	464328448230783	464328433348283
464328443324377	464328456450783	464328443610888
464328459955158	464328481105262	464328473896096
464328476672606	464328489324064	464328477023127
464328503339846	464328513979793	464328503629377
464328510003908	464328522198856	464328510394065
464328526649533	464328538633596	464328530381721
464328549386877	464328563284428	464328549678752
464328559979846	464328571502398	464328560357033
464328576680575	464328587934794	464328587131669
464328600339221	464328612585783	464328600613231
464328609987033	464328620802346	464328610272502
464328626661408	464328637237450	464328626938596
464328643330575	464328653668803	464328643719377
464328668731669	464328686533075	464328669199846
464328676599065	464328694751044	464328676892346
464328693332190	464328711185783	464328696560783
464328715985002	464328727620314	464328716378596
464328726703856	464328744052189	464328727037971
464328743326877	464328760484793	464328743596512
464328760074064	464328776916876	464328760161512
464328783364794	464328801565262	464328783642346
464328793348387	464328809781408	464328793604794
464328810080783	464328826213596	464328812469325
464328832530158	464328842645991	464328832837294
464328843349533	464328859079949	464328843627658
464328860132137	464328875515470	464328865764637
464328882757762	464328900167189	464328883048387
464328893415314	464328908383439	464328893684012
464328910048752	464328924814949	464328923849325
464328926750783	464328941245366	464328927032346
464328952957971	464328965898334	464328953243283
464328960066669	464328974116668	464328960451877
464328976739377	464328990550939	464328984361200
464328999820106	464329015201252	464329000119481
464329010111877	464329023418752	464329010383439
464329026859689	464329048070158	464329040788856
464329043440939	464329056286043	464329043739377
464329071438752	464329089150731	464329071742814
464329076625002	464329097364949	464329076933283
464329093351044	464329105579689	464329102862502
464329117100471	464329130221668	464329117437346
464329126757606	464329138435939	464329127018908
464329143354689	464329154863022	464329143622346
464329160033283	464329171293127	464329160120783
464329185365158	464329195937606	464329185650939
464329193468752	464329204154689	464329193781252
464329210077814	464329220587814	464329213492971
464329235252293	464329253452814	464329235541512
464329243433127	464329261669481	464329243796877
464329260073075	464329278101668	464329265185627
464329282742189	464329294534533	464329283019689
464329293367033	464329310969273	464329293631200
464329310058596	464329327404949	464329319683439
464329332918856	464329343839064	464329333207814
464329343323752	464329360273543	464329343602346
464329359999533	464329376705626	464329370372606
464329382831825	464329393137970	464329383107033
464329393457658	464329409570835	464329393717345
464329410024637	464329426004637	464329421884377
464329432925731	464329450656876	464329433234793
464329443361095	464329458874637	464329443694325
464329459996512	464329475309324	464329460415939
464329476699377	464329491741043	464329477848595
464329499909689	464329516390417	464329500377918
464329509968543	464329524608491	464329510356408
464329526690575	464329541045261	464329526956981
464329543371668	464329557482658	464329545760783
464329566483700	464329582141512	464329566874533
464329576679689	464329590360835	464329576950158
464329593348075	464329606797032	464329605048908
464329616349168	464329631451460	464329616651877
464329626655939	464329639670365	464329626991564
464329643332658	464329656108230	464329643610158
464329660036720	464329672545522	464329666128439
464329682750627	464329697199740	464329683039950
464329693376668	464329705418542	464329693658543
464329710036043	464329721855105	464329720199012
464329733501825	9223372036854775807	464329733789689

POLL t=192.0 tick=4143
8333333
464337527106092	464337538396665	464337527479061
464337543813072	464337554831769	464337547445624
464337567284478	464337579487550	464337567584217
464337577086561	464337587706873	464337577467186
464337593798072	464337604144009	464337594153749
464337610472603	464337620578696	464337610951874
464337634003697	464337645229842	464337634284217
464337643794999	464337661665467	464337644075780
464337660481040	464337678103280	464337664917290
464337683844374	464337694538176	464337684135936
464337693785415	464337710974217	464337694193749
464337710449999	464337727408592	464337724528749
464337727123905	464337743840571	464337727508853
464337754403905	464337768491873	464337754804999
464337760548436	464337776707238	464337760873696
464337777201092	464337793138124	464337777539321
464337793829374	464337809571456	464337794201196
464337820106196	464337834219582	464337820487603
464337827188124	464337842436456	464337827540155
464337843888592	464337858870467	464337844181561
464337860539217	464337875305988	464337868372290
464337884151978	464337899959216	464337884432186
464337893835155	464337908177602	464337894213436
464337910493592	464337924611873	464337923102967
464337927194217	464337941046405	464337927498592
464337955867967	464337965704842	464337956228280
464337960557603	464337973923488	464337960872134
464337977222498	464337990357862	464337979745623
464338000980103	464338015009842	464338001271561
464338010537030	464338023226977	464338010819842
464338027200155	464338039662185	464338032480623
464338050873280	464338064316196	464338051151873
464338060539478	464338072534946	464338060802498
464338077201248	464338097187133	464338092094842
464338093866561	464338105404477	464338094237498
464338119718748	464338138277081	464338120019842
464338127202811	464338146494373	464338127544790
464338143858228	464338154711352	464338148372759
464338167285936	464338179365102	464338167597811
464338177172186	464338187583488	464338177504478
464338193862446	464338212236560	464338194231353
464338210553280	464338228674061	464338213243748
464338234201717	464338245110310	464338234490936
464338243868592	464338261546039	464338244150623
464338260552811	464338277983332	464338265228436
464338284263592	464338294418540	464338284566405
464338293824946	464338310855727	464338294231092
464338310529530	464338327293384	464338324105623
464338327199373	464338343731560	464338327616873
464338354292446	464338368385831	464338354580311
464338360560311	464338376603852	464338360917342
464338377252186	464338393040154	464338377661092
464338393887498	464338409477029	464338394237967
464338421171977	464338434132758	464338421469373
464338427207967	464338442351404	464338427587290
464338443842602	464338458789217	464338444184842
464338460566040	464338475226769	464338463390311
464338484080780	464338499883696	464338484477342
464338493827811	464338508102915	464338494348748
464338510520155	464338524539998	464338510797290
464338527237290	464338540977289	464338532525571
464338551078748	464338565629112	464338551385936
464338560475467	464338573847394	464338560756977
464338577211092	464338590282289	464338577478748
464338593875311	464338606720258	464338595166248
464338617558436	464338631374946	464338617849529
464338627212602	464338639593539	464338627485623
464338643964686	464338656029164	464338649433904
464338667601873	464338680684841	464338667896717
464338677272134	464338688901612	464338677545936
464338693935154	464338713553591	464338708224529
464338717965884	464338729992915	464338718265102
464338727287654	464338738212811	464338727569790
464338743966404	464338762870675	464338758710936
464338760711561	464338771091769	464338761068123
464338784719061	464338795748644	464338785008279
464338793932654	464338812188018	464338794307967
464338810727811	464338828629268	464338817477186
464338834521561	464338845070935	464338834816248
464338844014373	464338861511508	464338844265154
464338860688436	464338877951664	464338875246665
464338877294998	464338894392133	464338877589842
464338906072498	464338919051404	464338906370154
464338910614217	464338927272550	464338910932446
464338927336561	464338943714581	464338934015779
464338951607811	464338968377706	464338951896092
464338960660415	464338976598279	464338960929634
464338977302446	464339001259425	464338993622498
464338993951717	464339009478331	464338994094061
464339020645311	464339034136872	464339020932290
464339027339633	464339042355518	464339027676248
464339044024217	464339058793852	464339054449998
464339068345154	464339083454060	464339068626977
464339077352029	464339091675101	464339077687758
464339093953123	464339108113279	464339094315779
464339110634998	464339124553019	464339118536248
464339136631092	464339149208644	464339136989529
464339144167811	464339157427081	464339144347915
464339160706561	464339173863383	464339160973748
464339177357602	464339190302967	464339189367602
464339193982915	464339206744320	464339194286352
464339223317342	464339239619424	464339223614685
464339227233123	464339247838279	464339227571092
464339243891560	464339256056716	464339244174685
464339260788123	464339272493643	464339260967498
464339285076248	464339297149425	464339285367185
464339293953435	464339305367862	464339295919842
464339310657290	464339321801404	464339310927602
464339335751560	464339346453174	464339336078383
464339343971717	464339354672081	464339344281508
464339360658279	464339371110987	464339360770883
464339377299685	464339387550050	464339384156717
464339401462915	464339412207550	464339401765727
464339410578435	464339420426091	464339410901404
464339427257029	464339445080883	464339427540779
464339443925415	464339461516821	464339444083383
464339472612654	464339486169685	464339472962602
464339477243279	464339494387237	464339477562185
464339493975883	464339510823851	464339494183383
464339510638904	464339527259737	464339510753748
464339535124790	464339551912341	464339535424373
464339543917342	464339560130519	464339544191560
464339560643435	464339576565153	464339560924685
464339577293748	464339593001144	464339577339842
464339605267602	464339617656768	464339605580258
464339610569373	464339625874320	464339610882185
464339627335779	464339642309528	464339627714165

POLL t=203.5 tick=4331
8333333
464349250927598	464349265378275	464349251239213
464349261064994	464349273595567	464349261337182
464349277779005	464349290030150	464349282179994
464349300906505	464349314680983	464349301188900
464349311104161	464349322898327	464349311379213
464349327771088	464349339332598	464349332534525
464349350831244	464349363982754	464349351130307
464349361103692	464349372199786	464349361374213
464349377778900	464349388634838	464349383836244
464349400798432	464349413287233	464349401095932
464349411105463	464349421504525	464349411365619
464349427787442	464349437938744	464349432346661
464349451388744	464349462585514	464349451757130
464349461153744	464349479018223	464349461518067
464349477765723	464349495452858	464349487443588
464349501121973	464349511887702	464349501419942
464349511119682	464349528322650	464349511394057
464349527773588	464349544760202	464349535879629
464349550800307	464349561194629	464349551093223
464349561116557	464349577627181	464349561400307
464349577771192	464349594058847	464349585029994
464349601663275	464349618708796	464349602031400
464349611088275	464349626925567	464349611435932
464349627822129	464349643361348	464349628312650
464349644470775	464349659796244	464349645198067
464349667728848	464349684444368	464349667995307
464349677774213	464349692661713	464349678050463
464349694442338	464349709098431	464349694804213
464349720404056	464349733750827	464349720709161
464349727785306	464349741967649	464349728265775
464349752692911	464349766615619	464349753009004
464349761131869	464349774834056	464349761460931
464349777796713	464349791266713	464349778061036
464349794483119	464349807699889	464349794823900
464349818099525	464349832351608	464349818450723
464349827982025	464349840568223	464349828401088
464349844516504	464349857003639	464349853400567
464349867100306	464349881655201	464349867379838
464349877796244	464349889873171	464349878058119
464349894547181	464349906310254	464349897788692
464349918107598	464349930961920	464349918468431
464349927740931	464349939180098	464349928168379
464349944482806	464349963835931	464349956087338
464349961147911	464349972053900	464349961491244
464349990512338	464350004926817	464349990790098
464349994439838	464350013144993	464349998345254
464350017230306	464350029581088	464350017513692
464350027741244	464350037799733	464350028130775
464350044521973	464350062453014	464350044879942
464350068086244	464350078887389	464350068468744
464350077797650	464350095321296	464350078125463
464350094464369	464350111755879	464350094720306
464350117500254	464350128188744	464350117790306
464350127791348	464350144621347	464350128144161
464350144413588	464350161052753	464350153338223
464350167230567	464350177487754	464350167549994
464350177836035	464350193922285	464350178169317
464350194446869	464350210354628	464350201751400
464350217233223	464350235004890	464350217547963
464350227775463	464350243221452	464350228161817
464350244472754	464350259652390	464350247517598
464350267108275	464350284298274	464350267416817
464350277788744	464350292514056	464350278077494
464350294480567	464350308942962	464350301425463
464350318658379	464350333588640	464350318953119
464350327765775	464350341803691	464350328130410
464350344655150	464350358231816	464350348252910
464350367405150	464350382875410	464350367710723
464350377833692	464350391090514	464350378104525
464350394565306	464350407521035	464350394900619
464350422508535	464350440385045	464350422792806
464350427745306	464350448602650	464350433482285
464350450520775	464350465036347	464350450801035
464350461129056	464350473252545	464350461406400
464350477894525	464350489682181	464350481055150
464350500999212	464350514329889	464350501285619
464350511171869	464350522546296	464350511455306
464350527838119	464350538978170	464350528304994
464350555598587	464350571843170	464350555870567
464350561070879	464350580059837	464350564157806
464350586214056	464350596493587	464350586525098
464350594514525	464350612928587	464350594786400
464350617396087	464350629361660	464350617680619
464350627797910	464350637577910	464350628192285
464350644562025	464350662225514	464350651311244
464350667568379	464350678659785	464350667863379
464350677858431	464350695093743	464350678120775
464350694550410	464350711529733	464350700007285
464350717619837	464350736180567	464350717941556
464350727770775	464350744397493	464350728142598
464350744531869	464350760831295	464350752080931
464350767413848	464350785484212	464350767707962
464350777828067	464350793703587	464350778102337
464350794503848	464350810141087	464350797584316
464350817479369	464350834791399	464350817777285
464350827790619	464350843007754	464350828250879
464350844573431	464350859442493	464350850664212
464350867747650	464350884089785	464350868077025
464350877844837	464350892305566	464350878148744
464350894528119	464350908739420	464350904766348
464350918513900	464350933389316	464350918861660
464350927798119	464350941605774	464350928036244
464350944483848	464350958042389	464350952435150
464350967889941	464350982695723	464350968181244
464350977855150	464350990912545	464350978170150
464350994476973	464351007348326	464351000979004
464351017775931	464351031995722	464351018062806
464351027790462	464351040211295	464351027994681
464351044535775	464351056641035	464351048135098
464351067779212	464351081286556	464351068087910
464351077773900	464351089502702	464351078163066
464351094484785	464351105935566	464351094745879
464351118025150	464351130585566	464351118311660
464351127793431	464351138803482	464351127983275
464351144493431	464351155240201	464351149024368
464351167909525	464351179891086	464351168210254
464351177787129	464351188107701	464351178067285
464351194421556	464351204540670	464351198409837
464351218276243	464351229188587	464351218659941
464351227753900	464351245619524	464351228149160
464351244435618	464351262049420	464351250520462
464351267695150	464351278481868	464351267999004
464351277792493	464351294916086	464351278084837
464351294484993	464351311350827	464351303384837
464351317747337	464351336000201	464351318037650
464351327787493	464351344216816	464351328106816
464351344584368	9223372036854775807	464351348290410

