POLL t=10.3 tick=361
8333333
355996454955496	355996476818047	355996455027527
355996486617527	355996501476225	355996486909038
355996488316746	355996509697162	355996488600808
355996517878777	355996534355288	355996518166277
355996548785965	355996559012318	355996549092944
355996549013621	355996567230703	355996549096902
355996580076277	355996591885235	355996580342058
355996582417058	355996600103620	355996582704194
355996611745496	355996624760443	355996612070027
355996643096902	355996657631745	355996643416433
355996643425808	355996665849766	355996643505965
355996675507787	355996690505183	355996675791381
355996676639090	355996698723725	355996676926902
355996707972058	355996723380496	355996708250027
355996710023412	355996731600287	355996710303725
355996740024715	355996756256849	355996740295756
355996770586746	355996780912630	355996770905808
355996770780964	355996789130599	355996770908933
355996804181121	355996822002682	355996804482631
355996804490183	355996830221485	355996804592787
355996836147527	355996846661484	355996836445027
355996837851433	355996854882266	355996838150600
355996868423308	355996879542318	355996868719350
355996871094662	355996887761954	355996871768464
355996900958100	355996912417109	355996901232527
355996932322839	355996945288307	355996932730808
355996932525808	355996953505964	355996932734871
355996963957371	355996978160599	355996964245339
355996965903621	355996986377370	355996966190652
355996996875131	355997011031901	355996997155496
355996999204558	355997019249871	355996999497683
355997029470339	355997043902631	355997029851277
355997032542683	355997052121068	355997032868569
355997061827475	355997076773620	355997062132787
355997093957475	355997109647214	355997094250496
355997094274558	355997117864818	355997094378725
355997126438621	355997142516589	355997126722214
355997127545964	355997150733568	355997127941381
355997158069558	355997175385599	355997158392058
355997160892839	355997183603620	355997161185339
355997191399194	355997208256589	355997191649246
355997221611433	355997232906016	355997221809193
355997222037839	355997241122839	355997222161589
355997238727996	355997249339662	355997239142839
355997273853412	355997290423568	355997274177214
355997274164871	355997298641693	355997274177996
355997305107214	355997323292422	355997305397475
355997307446068	355997331507109	355997307726277
355997336931589	355997347939818	355997337230443
355997368701225	355997380807058	355997369012371
355997368887631	355997389025026	355997369019871
355997400096068	355997413676901	355997400347683
355997402265808	355997421894089	355997402589714
355997432613152	355997446552422	355997433011745
355997435658777	355997454772578	355997435991225
355997463848620	355997479428516	355997464156433
355997495896120	355997512299037	355997496190287
355997496257162	355997520517422	355997496349558
355997528377058	355997545172474	355997528765027
355997529490964	355997553391745	355997529805339
355997560946537	355997578045911	355997561236433
355997562854558	355997586263568	355997563145443
355997593647787	355997610917422	355997593934245
355997596211068	355997619135911	355997596496433
355997624838308	355997635572682	355997625130339
355997656425339	355997668450756	355997656726745
355997656703256	355997676669193	355997656796902
355997689342475	355997701322786	355997689510964
355997690008725	355997709540860	355997690309558
355997722288933	355997734197474	355997722571850
355997723397943	355997742416380	355997723679818
355997756163152	355997767073203	355997756440964
355997756738933	355997775291640	355997757101433
355997788739245	355997799946432	355997789034037
355997790131225	355997808164141	355997790440495
355997821206381	355997832813985	355997821530131
355997823934558	355997841031433	355997824992058
355997853432058	355997865683672	355997853725964
355997884816745	355997898556589	355997885117839
355997885012214	355997906774610	355997885121589
355997916528099	355997931429922	355997916828099
355997918364818	355997939649401	355997918661745
355997951161589	355997964311641	355997951446902
355997951724089	355997972532526	355997951820443
355997988760756	355998005411068	355997989090495
355997989022683	355998013631276	355997989094089
355998021966589	355998038287735	355998022218620
355998022463568	355998046506693	355998022557943
355998054093620	355998071161953	355998054391068
355998055791693	355998079379870	355998056103620
355998086091224	355998104030808	355998086371537
355998089236745	355998112249089	355998089563881
355998118271276	355998128684609	355998118574558
355998149801589	355998161553307	355998150089870
355998149970443	355998169771119	355998150130808
355998182843933	355998194429557	355998183122683
355998183405287	355998202649401	355998183500964
355998215616120	355998227305808	355998215911120
355998216730964	355998235525755	355998217023933
355998247512006	355998260180078	355998247812683
355998250093881	355998268397474	355998250380026
355998280374506	355998293051068	355998280656381
355998312867370	355998325922213	355998313146120
355998313299662	355998334139662	355998313400808
355998329970339	355998342356328	355998330360964
355998366557787	355998383440963	355998366870131
355998366832787	355998391657265	355998366928464
355998402105183	355998416311901	355998402416276
355998402354245	355998424530807	355998402419714
355998435180026	355998449185495	355998435573256
355998435714349	355998457403828	355998435803151
355998469000651	355998482060547	355998469320026
355998469252058	355998490278880	355998469324193
355998503345651	355998514933828	355998503634193
355998503624401	355998523153308	355998503727370
355998536636120	355998547806797	355998537026745
355998537044349	355998556024453	355998537135130
355998570521120	355998580676327	355998570849558
355998570795964	355998588893984	355998570853620
355998603397995	355998613544662	355998603670339
355998604133620	355998621762630	355998604432683
355998636560651	355998654633568	355998636961433
355998637542162	355998662853046	355998637842526
355998670029818	355998687506953	355998670304870
355998670893933	355998695724974	355998671207526
355998703525495	355998720380755	355998703807630
355998704257162	355998728599609	355998704539714

POLL t=21.1 tick=671
16666666
356007111530336	356007128024502	356007111824554
356007111813617	356007144694137	356007111904658
356007146961273	356007178033668	356007147293929
356007147231065	356007194702211	356007147297523
356007180604033	356007211368929	356007180934398
356007181209346	356007228038720	356007181900127
356007214766273	356007244708304	356007214975804
356007214990648	356007261378043	356007215077992
356007248410179	356007278047731	356007248637940
356007248705961	356007294718356	356007248805440
356007281453773	356007311389085	356007281650283
356007281975648	356007328060179	356007282323408
356007314606742	356007344730074	356007314942679
356007315401117	356007361398512	356007315708408
356007347628773	356007378068616	356007348385804
356007348723148	356007394735596	356007349054710
356007379241429	356007411403616	356007379516585
356007382083773	356007428070856	356007382461898
356007413719867	356007444740491	356007413901273
356007415451377	356007461407314	356007415685179
356007447293721	356007478074450	356007448299971
356007448733929	356007494741377	356007449039815
356007479897002	356007511411376	356007480247992
356007482091898	356007528081481	356007482496585
356007514337679	356007544747887	356007515162523
356007515430960	356007561416898	356007515511273
356007546275179	356007578086689	356007546547835
356007548770335	356007594758147	356007549149242
356007579901690	356007611428720	356007580189033
356007582153721	356007628098564	356007582552523
356007613122158	356007644768148	356007613421898
356007615448460	356007661436429	356007615836690
356007645991117	356007678104398	356007646267835
356007648806221	356007694772678	356007649203565
356007679412315	356007711442157	356007679705908
356007682161742	356007728111324	356007682555960
356007712469554	356007744779606	356007712760439
356007715459085	356007761446533	356007715840960
356007745449502	356007778114971	356007745745179
356007778679710	356007794785230	356007778979502
356007779041846	356007811451377	356007779133460
356007812142471	356007828119345	356007812429033
356007812456273	356007844789501	356007812522367
356007844465179	356007861458356	356007844767367
356007845723877	356007878128772	356007846038929
356007878337992	356007894797991	356007878631117
356007879060023	356007911467418	356007879377314
356007910033096	356007928137835	356007910343773
356007912397679	356007944811116	356007912709554
356007943511585	356007961481116	356007943802835
356007945773929	356007978151220	356007946073773
356007976322835	356007994819136	356007976632054
356007979060960	356008011485074	356007979368721
356008011025335	356008028149658	356008011310335
356008012407679	356008044815283	356008012711116
356008043738616	356008061484033	356008044068616
356008045734971	356008078151012	356008046048252
356008076717471	356008094820022	356008077022210
356008079116585	356008111486689	356008079422366
356008110632158	356008128153408	356008110920960
356008112429658	356008144820647	356008112743148
356008145325752	356008161488355	356008145603460
356008145767210	356008178158928	356008145865648
356008179312991	356008211495387	356008179629189
356008179569241	356008228163043	356008179633252
356008229023773	356008261494761	356008229302366
356008229413929	356008278163251	356008229501273
356008247852054	356008294827835	356008248636741
356008287074398	356008311496793	356008287515960
356008317001221	356008344831116	356008317315804
356008317308773	356008361500022	356008317415752
356008334016377	356008378169085	356008334424346
356008377246585	356008394836689	356008377550335
356008377706273	356008411502418	356008377794658
356008407791377	356008428170438	356008408102210
356008410983148	356008444836532	356008411270491
356008443888616	356008461502470	356008444102366
356008444260960	356008478167730	356008444354970
356008477350335	356008494833616	356008477664554
356008477680335	356008511501636	356008477799502
356008494439710	356008528169605	356008494844502
356008539686116	356008561499293	356008539950023
356008567477991	356008594835178	356008567791585
356008567853772	356008611504085	356008567954866
356008598332835	356008628173042	356008598868929
356008628596741	356008644841272	356008628879241
356008628962210	356008661513095	356008629068564
356008645559970	356008678184657	356008645978772
356008691165335	356008711524397	356008691466741
356008718130647	356008744862886	356008718298616
356008718414710	356008761533408	356008718513720
356008749132470	356008778206063	356008749569554
356008751852366	356008794877939	356008752152939
356008768527939	356008811548512	356008768914241
356008816203929	356008844895386	356008816489085
356008816676272	356008861568564	356008816782991
356008847684085	356008878241116	356008847835022
356008877475595	356008894909293	356008877788929
356008877811429	356008911578199	356008877938304
356008894561272	356008928247574	356008895036377
356008939775595	356008961581063	356008940098147
356008968850022	356008994913095	356008969043929
356008969209866	356009011578355	356008969298929
356008999915179	356009028242783	356009000345804
356009002570439	356009044907522	356009002872054
356009019293460	356009061572262	356009019680022
356009067140647	356009094908303	356009067563616
356009067711272	356009111576324	356009067800179
356009098804085	356009128244553	356009099068095
356009100926376	356009144911167	356009101223564
356009117702001	356009161577053	356009118096533
356009164178251	356009194911689	356009164566220
356009193632679	356009211576272	356009193793772
356009194068460	356009228244449	356009194175804
356009226322678	356009244911115	356009226606585
356009227546428	356009261576219	356009227848720
356009260201689	356009278241324	356009260370491
356009260862210	356009294908407	356009261180751
356009277628095	356009311577105	356009278026272
356009320581272	356009344912834	356009320883460
356009320911585	356009361581115	356009321029397
356009352103876	356009378248459	356009352535022
356009354348564	356009394912573	356009354627678
356009371033460	356009411575751	356009371446585
356009416505335	356009444907261	356009416772939
356009447047678	356009478240699	356009447124241
356009447625751	9223372036854775807	356009447977053

POLL t=31.8 tick=867
16666666
356017976247675	356017997184706	356017976687467
356017976607206	356018013854029	356017976687831
356017993328769	356018030521998	356017993743092
356018009955800	356018047192570	356018010319706
356018026565019	356018063866476	356018026962050
356018043281217	356018080541217	356018043651581
356018059982988	356018097214029	356018060342988
356018092235488	356018113886268	356018092575956
356018093266894	356018130559915	356018093546113
356018109933717	356018147232102	356018110323769
356018126617050	356018163902519	356018127027831
356018167921269	356018197240070	356018168188144
356018168343092	356018213911685	356018168439811
356018184912935	356018230582831	356018185321998
356018201557935	356018247250123	356018201932935
356018218251894	356018263921060	356018218644498
356018234954863	356018280591321	356018235360956
356018269881113	356018297262101	356018270328873
356018270152988	356018313933300	356018270335019
356018286873925	356018330605956	356018287238925
356018303497779	356018347281685	356018303887519
356018320224654	356018363956216	356018320611060
356018336858248	356018380630018	356018337257050
356018369612831	356018397302726	356018370088456
356018370242519	356018413974029	356018370356060
356018386960019	356018430645227	356018387410331
356018403543456	356018447314289	356018403921529
356018420239394	356018463982674	356018420615019
356018436906737	356018480651580	356018437316217
356018453630748	356018497320800	356018454046425
356018485931269	356018513988716	356018486328612
356018486850435	356018530656477	356018487146894
356018503560800	356018547326528	356018503992675
356018520347206	356018563996841	356018520737519
356018567458925	356018597336685	356018567743300
356018567843769	356018614008456	356018567934081
356018584427675	356018630678873	356018584889237
356018601097206	356018647347414	356018601484862
356018617789654	356018664018403	356018618177675
356018634440175	356018680687831	356018634819654
356018651147935	356018697356945	356018651360331
356018683570487	356018714027362	356018684312519
356018684425435	356018730700695	356018684511112
356018701140956	356018747374601	356018701531060
356018717848560	356018764047414	356018718236112
356018760070904	356018780719654	356018760338769
356018760643873	356018797392935	356018760755644
356018777236894	356018814064080	356018777663456
356018793895904	356018830736268	356018794274029
356018810593092	356018847407935	356018810974237
356018827295487	356018864078143	356018827683092
356018865113300	356018897420487	356018865429550
356018865581425	356018914092674	356018865687935
356018883645175	356018930764914	356018884457831
356018900134081	356018947440070	356018900931269
356018916755904	356018964114185	356018917572206
356018933310331	356018980790383	356018934152519
356018967520487	356018997464393	356018968301529
356018968345175	356019014135695	356018968302050
356018984480904	356019030806320	356018984885175
356019001157206	356019047476268	356019001525175
356019017804862	356019064148768	356019018208560
356019034427675	356019080823090	356019034814966
356019051169706	356019097496685	356019051558143
356019083989498	356019114167258	356019084539341
356019084574393	356019130836737	356019084673768
356019101200956	356019147506320	356019101406060
356019117832518	356019164174393	356019118230331
356019162378612	356019180844601	356019162660279
356019162750279	356019197514914	356019162841112
356019179389810	356019214187258	356019179827362
356019196155018	356019230858716	356019196476268
356019212695279	356019247529601	356019213064185
356019229416112	356019264198143	356019229796529
356019266997987	356019297538351	356019267289862
356019267443456	356019314206477	356019267547987
356019284066425	356019330876059	356019284384654
356019300640643	356019347544810	356019300924706
356019317332779	356019364216007	356019317993612
356019334006529	356019380886007	356019334436841
356019370002987	356019397555747	356019370457831
356019370274862	356019414227466	356019370464237
356019387036893	356019430899288	356019387435643
356019403650435	356019447570538	356019404036581
356019420346841	356019464242727	356019420722623
356019436978300	356019480914236	356019437381998
356019453635591	356019497585070	356019454012362
356019485774029	356019514256060	356019486148248
356019486892987	356019530927049	356019487197831
356019503632622	356019547599340	356019504037518
356019520309393	356019564271372	356019520702050
356019559822050	356019580945590	356019560160643
356019560233456	356019597618091	356019560337518
356019576845904	356019614289080	356019577287362
356019593485956	356019630962622	356019593866893
356019610185487	356019647637570	356019610554706
356019626849341	356019664311424	356019627230122
356019643543456	356019680982987	356019643954497
356019676094706	356019697655955	356019676331425
356019676790279	356019714329185	356019677091268
356019693520643	356019731002726	356019693902622
356019710221060	356019747677778	356019710611997
356019749985643	356019781022101	356019750278404
356019750449862	356019797696789	356019750541112
356019767305799	356019814372205	356019768110279
356019783731268	356019831050069	356019784308872
356019800740487	356019847724340	356019801361581
356019817409393	356019864400226	356019818148143
356019852882518	356019881076997	356019853169081
356019853599654	356019897752726	356019853892987
356019870231424	356019914427206	356019870626737
356019886981268	356019931103247	356019887363924
356019903638924	356019947777830	356019904069497
356019920292310	356019964454237	356019920682622
356019936894237	356019981131215	356019937286581
356019971247310	356019997806528	356019971694081
356019971923247	356020014481893	356019972064081
356019988435331	356020031157049	356019988831737
356020027421529	356020047834914	356020027708872
356020027984862	356020064511736	356020028077362
356020044567674	356020081186580	356020044997935
356020085873247	356020114529133	356020086332831
356020086519862	356020131202309	356020086584810
356020102934654	356020147874184	356020103318768
356020143889810	356020164546685	356020144161528
356020144317518	356020181215955	356020144407935
356020161276372	356020197886633	356020161454862

POLL t=42.5 tick=1044
16666666
356028350409650	356028382827983	356028350720015
356028352833557	356028399497150	356028353709077
356028369589807	356028416163608	356028369803140
356028414622984	356028432830275	356028414933921
356028414813296	356028449498087	356028414937932
356028448230484	356028466166525	356028448476577
356028448582202	356028482833713	356028448667932
356028465362671	356028499503088	356028465712307
356028510676525	356028532836212	356028510979859
356028510912984	356028549505691	356028511002515
356028544251890	356028566173504	356028544551421
356028544578765	356028582842306	356028544652359
356028561261577	356028599511941	356028561654859
356028606356577	356028632844077	356028606669025
356028606588921	356028649507566	356028606669494
356028639391057	356028666174910	356028639766265
356028640070484	356028682842045	356028640155327
356028656737515	356028699511265	356028657137932
356028699450119	356028716181785	356028699740484
356028728312619	356028749516473	356028728602359
356028728586890	356028766182150	356028728685275
356028760721213	356028782846837	356028761046890
356028761955275	356028799515483	356028762304338
356028778887671	356028816179806	356028779117984
356028827842931	356028849513192	356028828126213
356028855526109	356028882844493	356028855845796
356028855707671	356028899509129	356028855850171
356028889129077	356028916177462	356028889598088
356028889434390	356028932846628	356028889614233
356028906155588	356028949515014	356028906557202
356028951080015	356028982846525	356028951387150
356028951363765	356028999514180	356028951454858
356028983521733	356029016181785	356028983820483
356028986028608	356029032847723	356028986842983
356029002265327	356029049512097	356029003027150
356029048367619	356029066177306	356029048652202
356029077822358	356029099507201	356029077991577
356029078408556	356029116174441	356029078717671
356029095086890	356029132841525	356029095518244
356029140255796	356029166176942	356029140552202
356029140671213	356029182841525	356029140798921
356029172387827	356029199507254	356029172848556
356029174079858	356029216173087	356029174390796
356029190747306	356029232840535	356029191172046
356029234053556	356029266172879	356029234340275
356029260425744	356029282840483	356029260729494
356029260739077	356029299505535	356029260823713
356029293882827	356029316167462	356029294329233
356029294116265	356029332831890	356029294332775
356029310842619	356029349497827	356029311227671
356029355417515	356029382827150	356029355715952
356029355595640	356029399495274	356029355719650
356029387594546	356029416164128	356029388083556
356029389058921	356029432832827	356029389382983
356029405729546	356029449502410	356029406152046
356029451431890	356029482839285	356029451737671
356029482589181	356029499507254	356029482967671
356029482988140	356029516176108	356029483124546
356029499765171	356029532845118	356029500160796
356029539760483	356029566180796	356029540019077
356029571798608	356029599515847	356029572050014
356029572209025	356029616179441	356029572296108
356029588888869	356029632840170	356029589310275
356029635108139	356029666167983	356029635408296
356029665094389	356029682833451	356029665170327
356029665802671	356029699498920	356029666159494
356029697843608	356029716162618	356029698278869
356029699044337	356029732827150	356029699358764
356029730767358	356029749488972	356029731085171
356029732562983	356029766148712	356029732946733
356029766062358	356029782808764	356029766387462
356029766538556	356029799471577	356029766629025
356029783139858	356029816136577	356029783513296
356029829955952	356029849464233	356029830252671
356029859853608	356029882786577	356029860114806
356029860391421	356029899448555	356029860501577
356029891544233	356029916112618	356029891988296
356029893711525	356029932773191	356029893936108
356029925510952	356029949437097	356029925957202
356029927448139	356029966102097	356029927529233
356029959168296	356029982768139	356029959097514
356029960501264	356029999434753	356029960796421
356029992187202	356030016098764	356029992591733
356030022569389	356030049424493	356030022850587
356030050507931	356030082752202	356030050804702
356030051042931	356030099417149	356030051150171
356030082556681	356030116080535	356030082891733
356030085758087	356030132745222	356030086588608
356030102084546	356030149411629	356030102870275
356030151018608	356030182742618	356030151276733
356030181892671	356030199408660	356030182025900
356030182491889	356030216076263	356030182866212
356030214659233	356030232741628	356030215001993
356030215847931	356030249405847	356030216245952
356030232653608	356030266069701	356030233059181
356030278424962	356030299400066	356030278747202
356030278841577	356030316064910	356030278945639
356030312580275	356030332730638	356030312872931
356030312993452	356030349399024	356030313092983
356030329694858	356030366065639	356030330090795
356030374606837	356030399397931	356030374778087
356030402177045	356030432727826	356030402402983
356030402585639	356030449393608	356030402704077
356030434669702	356030466059128	356030434800170
356030436520952	356030482725638	356030437254650
356030467339233	356030499393972	356030467622983
356030469792670	356030516062202	356030470656889
356030486271108	356030532731056	356030486475952
356030529822045	356030549399284	356030529894389
356030562567306	356030582731212	356030562624702
356030563231420	356030599400326	356030563580743
356030595814493	356030616067930	356030596239389
356030596944702	356030632733347	356030597261889
356030613793608	356030649400691	356030614102775
356030658819389	356030682734076	356030658902514
356030688201889	356030716070482	356030688517670
356030688779858	356030732738972	356030688893608
356030721682514	356030749405222	356030722104962
356030722274962	356030766070587	356030722369389
356030738900431	356030782735118	356030739297462
356030784949181	356030816068086	356030784865327
356030813601056	356030832733764	356030813903399
356030814188764	356030849399649	356030814277983
356030847693608	356030866067565	356030848012670
356030848286681	356030882736784	356030848368764
356030864801733	356030899405586	356030865218087
356030910475326	356030932742149	356030910770951

POLL t=53.3 tick=1436
16666666
356039150391990	356039182904594	356039150774177
356039167096365	356039199573865	356039167462823
356039183745011	356039216241833	356039184115584
356039200443292	356039232909230	356039200820636
356039217057198	356039249575739	356039217437615
356039233701261	356039266240583	356039234083917
356039250333605	356039282907718	356039250725323
356039267057146	356039299571677	356039267434230
356039283878605	356039316236885	356039284133917
356039300503709	356039332904802	356039300786677
356039317136730	356039349571208	356039317425011
356039333738136	356039366240166	356039334107302
356039350439855	356039382908760	356039350805792
356039367128761	356039399577093	356039367531573
356039383830479	356039416244020	356039384216573
356039400461052	356039432912562	356039400829854
356039417086521	356039449580895	356039417453292
356039433752823	356039466249125	356039434156729
356039450428448	356039482918499	356039450815011
356039467243709	356039499587094	356039467494698
356039483866886	356039516255687	356039484158761
356039500463240	356039532924073	356039500766573
356039517154854	356039549590114	356039517457511
356039551881729	356039582925323	356039552175167
356039552245479	356039599596521	356039552336417
356039569127042	356039616263083	356039569866677
356039600418761	356039632932041	356039600793709
356039629128917	356039649601729	356039629523552
356039658450792	356039682937770	356039658733240
356039658821729	356039699610583	356039658863396
356039685981417	356039716281573	356039686632511
356039692056417	356039732951156	356039692325479
356039708797667	356039749621156	356039709192459
356039741317615	356039766290583	356039741690011
356039742015636	356039782958500	356039742335167
356039779164802	356039799624698	356039779480479
356039779424490	356039816294333	356039779482354
356039796132042	356039832963395	356039796491521
356039831907823	356039849632666	356039832174698
356039832206729	356039866301781	356039832303083
356039873053865	356039899640687	356039873394698
356039873280427	356039916309698	356039873401573
356039914880948	356039932976260	356039915274646
356039915058448	356039949643656	356039915287354
356039956245636	356039982979333	356039956572667
356039956427198	356039999650322	356039956577667
356040004374177	356040032990635	356040004680167
356040004542615	356040049662770	356040004684386
356040045787354	356040066335531	356040046125167
356040046066885	356040083007302	356040046128552
356040062764854	356040099680583	356040063159854
356040097898917	356040116351312	356040098205167
356040098091260	356040133022197	356040098208240
356040141730635	356040166364021	356040142051729
356040141973917	356040183036468	356040142052354
356040182980167	356040199710062	356040183169021
356040183386104	356040216381833	356040183468448
356040223877458	356040249721937	356040224096729
356040224214073	356040266391677	356040224317667
356040266119958	356040283062666	356040266413135
356040266304229	356040299730166	356040266430635
356040306991729	356040333062562	356040307362667
356040307170479	356040349731885	356040307366260
356040347118240	356040366400583	356040347433135
356040347311417	356040383066312	356040347437510
356040389130896	356040416404749	356040389448917
356040389384542	356040433074281	356040389450010
356040432480583	356040449740635	356040432784646
356040432724490	356040466409177	356040432835271
356040474860635	356040499746728	356040475121417
356040475141885	356040516413395	356040475189021
356040514336521	356040533085374	356040514726677
356040514515114	356040549758968	356040514733396
356040555672927	356040583097874	356040555974385
356040555860635	356040599768187	356040555978760
356040597490792	356040616439802	356040597803917
356040597657198	356040633110583	356040597810167
356040637557146	356040666449229	356040637855792
356040637759489	356040683120010	356040637869958
356040679461260	356040699792978	356040679602979
356040679717614	356040716462509	356040679808916
356040720355948	356040749803186	356040720662354
356040720545166	356040766472301	356040720666729
356040762109646	356040783142926	356040762424541
356040762301989	356040799814541	356040762429541
356040801036573	356040833154853	356040801420323
356040801292666	356040849824333	356040801424021
356040840128396	356040866491260	356040840542979
356040840282041	356040883155947	356040840546260
356040879477458	356040899820582	356040879800635
356040879661260	356040916485374	356040879813864
356040918582771	356040949817249	356040918892510
356040918760271	356040966485687	356040918903135
356040959449958	356040983153135	356040959747198
356040959647198	356040999821885	356040959750635
356040998730635	356041016489906	356040999058916
356040998968083	356041033156624	356040999063291
356041038294854	356041066485948	356041038590323
356041038467927	356041083152457	356041038596364
356041080667614	356041099819854	356041080984385
356041081010166	356041116487978	356041081127302
356041121779854	356041149822823	356041122101885
356041121940166	356041166488760	356041122122041
356041162428916	356041183151416	356041162732302
356041162607823	356041199813186	356041162743448
356041202713083	356041233142874	356041203029073
356041202872510	356041249807874	356041203033395
356041242377198	356041266474124	356041242784489
356041242593448	356041283139802	356041242798135
356041284307354	356041316475634	356041284609489
356041284495479	356041333144801	356041284616104
356041325100948	356041349815010	356041325514073
356041325278760	356041366485113	356041325522302
356041366463864	356041383156103	356041366751104
356041366821260	356041399829541	356041366926260
356041408830427	356041433174644	356041409148447
356041409104229	356041449847249	356041409226989
356041450431052	356041466518239	356041450733239
356041450609854	356041483188395	356041450748135
356041493665010	356041516529228	356041493955791
356041493894385	356041533199385	356041493956416
356041539055791	356041566542405	356041539344854
356041539239645	356041583213395	356041539348864
356041581556416	356041599882770	356041581861208
356041581837666	356041616547613	356041581937822
356041623407666	356041649878082	356041623703552
356041623579020	9223372036854775807	356041623714854

POLL t=64.0 tick=1616
16666666
356050207677663	356050250207819	356050208095267
356050224344850	356050266873600	356050224721100
356050240990475	356050283539329	356050241368913
356050257629486	356050300208131	356050258019694
356050274317507	356050316874485	356050274761725
356050290992194	356050333539902	356050291400007
356050307651517	356050350207454	356050308050163
356050324282298	356050366877193	356050324663444
356050340972454	356050383542662	356050341366361
356050357685788	356050400208392	356050358075267
356050374333444	356050416874433	356050374712975
356050390965163	356050433541933	356050391371882
356050407595944	356050450208131	356050407993392
356050424312038	356050466876465	356050424709173
356050459621204	356050483542089	356050459922923
356050460084382	356050500209745	356050460144069
356050476731569	356050516879798	356050477144850
356050493351725	356050533547506	356050493734954
356050510071725	356050550215631	356050510457194
356050526714954	356050566881568	356050526943288
356050543433392	356050583544589	356050543828236
356050560125319	356050600206673	356050560507506
356050576737819	356050616868704	356050577144225
356050593413288	356050633534121	356050593823548
356050610113131	356050650200163	356050610563131
356050626742454	356050666864225	356050626948548
356050643416361	356050683528079	356050643789798
356050660083288	356050700191464	356050660478600
356050676788079	356050716854537	356050677175319
356050693481725	356050733520006	356050693857819
356050728711361	356050750185943	356050729113600
356050729216569	356050766851881	356050729325631
356050745707975	356050783517767	356050746102454
356050762338861	356050800182350	356050762714538
356050779040423	356050816843860	356050779409850
356050795665267	356050833507819	356050796061569
356050812320319	356050850174120	356050812709381
356050828963444	356050866836569	356050829368756
356050845642506	356050883500006	356050846031881
356050862361569	356050900164485	356050862733600
356050879034069	356050916828703	356050879423079
356050895628913	356050933492558	356050896033600
356050912315788	356050950158183	356050912695475
356050928979538	356050966821412	356050929373288
356050945727819	356050983485735	356050946121413
356050962288131	356051000151985	356050962684798
356050978925788	356051016819538	356050979316204
356051019286360	356051050147662	356051019627923
356051019607663	356051066815579	356051019712506
356051036288860	356051083484329	356051036995163
356051052918235	356051100148912	356051053437663
356051069633913	356051116812454	356051070357975
356051086240163	356051133477402	356051086693131
356051102935006	356051150143807	356051103439850
356051119608288	356051166808703	356051120103392
356051136276048	356051183473287	356051136887975
356051152914694	356051200140682	356051153216413
356051169599850	356051216806828	356051169924694
356051186251360	356051233474381	356051186590110
356051202933548	356051250141672	356051203365787
356051219581725	356051266809901	356051219873131
356051236255319	356051283477454	356051236477610
356051253001048	356051300144277	356051253188079
356051269598600	356051316811620	356051270035319
356051286276412	356051333478964	356051299942923
356051314995423	356051350145631	356051315295267
356051319569694	356051366807922	356051320081100
356051356475579	356051383472610	356051356877610
356051356620319	356051400137975	356051356889017
356051373372350	356051416803391	356051373756204
356051389992819	356051433469432	356051390372350
356051406670475	356051450137818	356051407077194
356051423358392	356051466808078	356051423742142
356051440056360	356051483480110	356051440426256
356051456672350	356051500150162	356051457044225
356051473340162	356051516816464	356051473725319
356051490000735	356051533482871	356051490380735
356051506684225	356051550147089	356051507068444
356051523368235	356051566810683	356051523749329
356051540044954	356051583479641	356051540415787
356051556661881	356051600145006	356051557040162
356051573384954	356051616810266	356051573794381
356051613113756	356051633474694	356051613416725
356051613431256	356051650136412	356051613487975
356051630010319	356051666797662	356051630410944
356051646675006	356051683460005	356051647052975
356051663342975	356051700124901	356051663735891
356051679997506	356051716790943	356051680410319
356051696662766	356051733457714	356051697067194
356051713330162	356051750124433	356051713731569
356051729976881	356051766792193	356051730375006
356051746656569	356051783459068	356051747053131
356051763298860	356051800124849	356051763693704
356051779955110	356051816791881	356051780372975
356051796623600	356051833461099	356051797050423
356051813304381	356051850130005	356051813716725
356051829983443	356051866798495	356051830383287
356051846656725	356051883465631	356051847052037
356051876166360	356051900132297	356051876497662
356051880155423	356051916797453	356051880437193
356051896723912	356051933462297	356051897118443
356051913372766	356051950126724	356051913876725
356051930060631	356051966792140	356051930436100
356051946680475	356051983457870	356051947074381
356051963420318	356052000126047	356051963830891
356051980101204	356052016791777	356051980473079
356051996822610	356052033454745	356051997311881
356052013445891	356052050119693	356052013837818
356052030077193	356052066783235	356052030509173
356052046743600	356052083445161	356052047121725
356052063488131	356052100108286	356052063955891
356052080098079	356052116774485	356052080486256
356052096854537	356052133438964	356052097249798
356052113432454	356052150102193	356052113819068
356052130132662	356052166764901	356052130615006
356052165961881	356052183426672	356052166264693
356052166332193	356052200090735	356052166448287
356052183017818	356052216753443	356052183433287
356052199657610	356052233415005	356052200081412
356052216359693	356052250076047	356052216731256
356052232955162	356052266740214	356052233350318
356052249670266	356052283401881	356052250048235
356052266314381	356052300061932	356052266677975
356052282994485	356052316722870	356052283370943
356052299708287	356052333384485	356052300091672
356052316328131	356052350045214	356052316687454
356052332915006	9223372036854775807	356052333288860

POLL t=74.7 tick=1663
16666666
356060993003128	356061016347919	356060993504534
356060993256096	356061033016460	356060993510628
356061009901825	356061049684012	356061010305732
356061026573440	356061066351252	356061027011877
356061043189065	356061083019845	356061043630575
356061059928284	356061099686669	356061060430940
356061076580940	356061116352190	356061076946565
356061093245315	356061133019169	356061093660627
356061109871200	356061149685366	356061110256252
356061126576252	356061166351460	356061127034794
356061143245888	356061183017554	356061143618596
356061159912607	356061199683700	356061160288857
356061176579325	356061216349273	356061176957294
356061217724690	356061249677085	356061218080315
356061217977919	356061266341929	356061218086825
356061235294221	356061283006200	356061236160159
356061251788284	356061299668700	356061252674846
356061268737190	356061316332450	356061269724325
356061285495940	356061332995210	356061286505940
356061302055940	356061349658908	356061302858752
356061318617502	356061366325054	356061319473544
356061335246721	356061382990991	356061336106721
356061352030159	356061399657867	356061352771096
356061368677190	356061416320262	356061369514846
356061385243127	356061432983856	356061386131982
356061401914690	356061449647086	356061402805159
356061442443388	356061466308283	356061442963752
356061471899534	356061499631929	356061472225419
356061472066721	356061516294742	356061472251877
356061488712138	356061532958440	356061489200888
356061505364534	356061549622866	356061505786409
356061522059638	356061566286512	356061522480731
356061538724690	356061582952502	356061539116200
356061555410419	356061599617762	356061555832815
356061572070784	356061616284689	356061572502190
356061588769534	356061632950783	356061589187659
356061605443127	356061649616043	356061605861096
356061622101409	356061666282085	356061622483700
356061666969169	356061682946096	356061667361513
356061667196877	356061699612762	356061667365783
356061683852815	356061716279377	356061684245575
356061700495106	356061732942449	356061700926565
356061717210471	356061749606096	356061717631096
356061733882919	356061766270939	356061734262658
356061750542190	356061782936772	356061750936981
356061767211513	356061799603960	356061767591096
356061783872294	356061816271825	356061784252190
356061800547502	356061832937814	356061800914013
356061817206877	356061849601669	356061817578544
356061833873752	356061866265106	356061834249065
356061850541408	356061882930523	356061850910315
356061887874377	356061916258023	356061888219065
356061888194065	356061932923804	356061888315940
356061904766096	356061949589793	356061905152294
356061921455002	356061966255627	356061921894221
356061938081200	356061982920991	356061938557763
356061954807138	356061999584793	356061955246408
356061971472606	356062016248335	356061971840315
356061988146408	356062032913178	356061988516721
356062004801721	356062049577450	356062005168596
356062021475106	356062066241877	356062021844169
356062038140783	356062082905210	356062038507658
356062054808283	356062099569428	356062055176408
356062071472138	356062116235471	356062071868388
356062113138440	356062132900939	356062113634637
356062113392971	356062149567345	356062113641408
356062130044950	356062166232553	356062130447815
356062146738908	356062182898074	356062147175731
356062163368283	356062199562554	356062163807346
356062180011096	356062216227658	356062180469794
356062196724169	356062232894012	356062197306252
356062213407190	356062249556877	356062213782971
356062230063440	356062266220575	356062230433440
356062246730106	356062282884272	356062247100627
356062263413752	356062299547710	356062263826356
356062280101252	356062316211772	356062280469377
356062296736981	356062332880314	356062297106721
356062313417762	356062349548022	356062313798752
356062347452971	356062366216512	356062347953127
356062347682658	356062382884533	356062347957814
356062378375575	356062399547866	356062378719221
356062380997189	356062416211564	356062381339533
356062397632971	356062432877970	356062398068908
356062414321669	356062449544532	356062414704846
356062431038283	356062466211668	356062431407762
356062447696408	356062482879324	356062448078387
356062464371356	356062499546616	356062464738752
356062481048439	356062516215105	356062481404064
356062497704846	356062532880314	356062498070887
356062514370627	356062549544533	356062514737502
356062531037658	356062566212085	356062531401408
356062574299846	356062599543491	356062574639846
356062574662502	356062616209429	356062574807814
356062591180939	356062632873700	356062591645002
356062607844064	356062649536408	356062608294950
356062624558856	356062666199116	356062624999481
356062641215783	356062682865054	356062641604533
356062657900314	356062699528803	356062658282919
356062674587919	356062716194533	356062674967971
356062691224533	356062732858335	356062691607814
356062707900419	356062749521668	356062708349950
356062724579325	356062766185418	356062724950939
356062741244377	356062782851981	356062741613596
356062757906668	356062799518386	356062758270002
356062792549012	356062816183074	356062793003127
356062792809637	356062832845939	356062793008596
356062809505731	356062849508231	356062809945002
356062826142189	356062866172918	356062826576096
356062842826512	356062882838595	356062843249377
356062859516408	356062899507137	356062859926721
356062876226825	356062916174949	356062876604168
356062892839689	356062932840626	356062893198439
356062909517033	356062949508126	356062909895314
356062926171721	356062966172917	356062926546721
356062942856981	356062982836980	356062943231096
356062959520314	356062999501563	356062959902970
356063004514845	356063032832553	356063004827345
356063004865783	356063049500001	356063004939481
356063021492970	356063066168439	356063021931720
356063038141408	356063082836512	356063038560731
356063054784377	356063099502865	356063055169168
356063071496877	356063116169168	356063071861095
356063088165783	356063132837241	356063088536877
356063104803439	356063149505679	356063105184689
356063121500939	356063166172866	356063121862814
356063138111252	356063182839585	356063138489377
356063154777814	9223372036854775807	356063155147658

POLL t=85.5 tick=1754
16666666
356071789153436	356071832811508	356071789528696
356071805812030	356071849477342	356071806191248
356071822478905	356071866142081	356071822859998
356071839148853	356071882807550	356071839524478
356071855815311	356071899471352	356071856194009
356071894486405	356071916136768	356071894931821
356071894691092	356071932801143	356071894938436
356071911364478	356071949465050	356071911785103
356071927998748	356071966129894	356071928408436
356071944725259	356071982794424	356071945098123
356071961372134	356071999459998	356071961755259
356071978008748	356072016123435	356071978435623
356071994664217	356072032787706	356071995087915
356072011328071	356072049453071	356072011726405
356072027991821	356072066117602	356072028375311
356072044719998	356072082782758	356072045095259
356072084528696	356072116113956	356072084884165
356072084874061	356072132781820	356072085071509
356072101856821	356072149447915	356072102787030
356072118102030	356072166115206	356072119063280
356072134768748	356072182780779	356072135578123
356072151806509	356072199446404	356072152643592
356072168495779	356072216113592	356072169210571
356072185139842	356072232779425	356072185956092
356072201726561	356072249448279	356072202567290
356072218392342	356072266118123	356072219226092
356072235179634	356072282786404	356072236010623
356072272278436	356072299457498	356072272816561
356072272476561	356072316126195	356072272823384
356072289116873	356072332797966	356072289645154
356072305745467	356072349468331	356072306128279
356072322454529	356072366138487	356072322836561
356072339105154	356072382809217	356072339537290
356072355831404	356072399478643	356072356259477
356072372463227	356072416150102	356072372889686
356072389114321	356072432819633	356072389540311
356072405827446	356072449489686	356072406198123
356072422494321	356072466160623	356072422875415
356072473314061	356072499499789	356072473829373
356072473540311	356072516166091	356072473902967
356072490220884	356072532832446	356072490658384
356072506843904	356072549499113	356072507258592
356072523541248	356072566165206	356072523942134
356072540239477	356072582830623	356072540621248
356072556889842	356072599496039	356072557264998
356072573562967	356072616162862	356072573931873
356072590226821	356072632828800	356072590597446
356072606896248	356072649493696	356072607276040
356072623560154	356072666160779	356072623938540
356072666464217	356072682829424	356072666984842
356072666670936	356072699498956	356072667003123
356072683372654	356072716168123	356072683739321
356072699978227	356072732837915	356072700364373
356072716621665	356072749508435	356072717009008
356072733330415	356072766179581	356072733712758
356072749993227	356072782849998	356072750369165
356072766654633	356072799516404	356072767031092
356072783313540	356072816184320	356072783702290
356072800050727	356072832856039	356072800393696
356072816695154	356072849528019	356072817062185
356072851386040	356072882875154	356072851669008
356072851557185	356072899549842	356072851679373
356072868778383	356072916221508	356072869594165
356072884993592	356072932891768	356072885758904
356072901839685	356072949563800	356072902654842
356072918518592	356072966235310	356072919378540
356072935278435	356072982905571	356072936118592
356072951914529	356072999576612	356072952747446
356072968598592	356073016249008	356072969319633
356072985262915	356073032920310	356072986080623
356073001857810	356073049592393	356073002696092
356073039478435	356073066267185	356073040013540
356073039683123	356073082941299	356073040038227
356073056371821	356073099613070	356073056846873
356073073000623	356073116284476	356073073437133
356073089658540	356073132953278	356073090040467
356073106363435	356073149622289	356073106773279
356073123003852	356073166287862	356073123380310
356073139694529	356073182954633	356073140070935
356073156384217	356073199622757	356073156748123
356073173041092	356073216293799	356073173404217
356073189697810	356073232966560	356073190089217
356073224963435	356073249639736	356073225430310
356073225161821	356073266311820	356073225461404
356073241913279	356073282982185	356073242305414
356073258524060	356073299653956	356073258962289
356073275133592	356073316325778	356073275519842
356073291838279	356073332999216	356073292219321
356073308516977	356073349672133	356073308904373
356073325186508	356073366341873	356073325596664
356073341851404	356073383013539	356073342227967
356073358516977	356073399683227	356073358886404
356073375192498	356073416353226	356073375568904
356073409655258	356073433018434	356073410148592
356073411713435	356073449681455	356073412134789
356073426572967	356073466345935	356073427136560
356073443205623	356073483012185	356073443582185
356073459838227	356073499679945	356073460216821
356073476557602	356073516345466	356073476977133
356073493258539	356073533011508	356073493636977
356073509925623	356073549676560	356073510293383
356073526589321	356073566342862	356073527006352
356073543223123	356073583007445	356073543639946
356073559937341	356073599674632	356073560326664
356073595965466	356073616343018	356073596408852
356073596181039	356073633007654	356073596413071
356073612910466	356073649671404	356073613290571
356073629572133	356073666337446	356073629932810
356073646250310	356073683003643	356073646622914
356073662911977	356073699671768	356073663287914
356073679614373	356073716341508	356073679989373
356073696274216	356073733010153	356073696637498
356073712939321	356073749681664	356073713294164
356073729611508	356073766353539	356073730004685
356073746232341	356073783022288	356073746612029
356073786189841	356073816357757	356073786546404
356073786829529	356073833026352	356073787018383
356073803460102	356073849696352	356073803847185
356073820226977	356073866367497	356073820647810
356073836853539	356073883038643	356073837238435
356073853521508	356073899708330	356073853888435
356073870177810	356073916378070	356073870559841
356073886828748	356073933048486	356073887192029
356073903501873	356073949720518	356073903866091
356073920272654	356073966391560	356073920653227
356073936880623	356073983061195	356073937269841
356073970127654	9223372036854775807	356073970513279

POLL t=96.3 tick=1821
16666666
356082570478744	356082602723275	356082570839473
356082572090307	356082619394421	356082573375307
356082588348536	356082636066869	356082589171088
356082604832651	356082652740567	356082605652130
356082621784473	356082669414004	356082622580463
356082638442963	356082686088327	356082639282494
356082655006505	356082702764473	356082655863692
356082671619369	356082719435723	356082672507911
356082688403536	356082736106973	356082689122494
356082705053432	356082752778119	356082705911192
356082754268692	356082786123067	356082754655098
356082787928692	356082819469629	356082788298119
356082788159994	356082836142598	356082788311088
356082804785411	356082852816348	356082805717911
356082821392338	356082869490045	356082822341973
356082838456869	356082886161869	356082839299838
356082855007807	356082902833327	356082855888744
356082871692182	356082919505359	356082872559786
356082888487130	356082936177493	356082889210619
356082905132442	356082952850723	356082905973432
356082938010307	356082969523119	356082938773432
356082938945775	356082986194994	356082939815255
356082954830567	356083002866713	356082955831557
356082971879369	356083019537962	356082972755307
356082988225463	356083036210097	356082988847286
356083005289213	356083052880202	356083006141244
356083021891400	356083069550514	356083022679369
356083038521869	356083086221816	356083039381557
356083055240880	356083102893795	356083056079942
356083071705098	356083119564004	356083072586713
356083088482650	356083136234369	356083089246557
356083125770098	356083152906868	356083126148119
356083126014369	356083169578587	356083126168432
356083142659057	356083186251921	356083143195775
356083159266036	356083202924472	356083159647494
356083175968744	356083219594577	356083176342286
356083192647025	356083236264785	356083193028275
356083209314942	356083252934994	356083209712338
356083225989057	356083269607286	356083226360411
356083242719057	356083286279056	356083243111869
356083259325775	356083302951296	356083259704213
356083307505411	356083336292701	356083307893275
356083307911244	356083352964160	356083308048119
356083324357650	356083369633639	356083324742025
356083341020150	356083386304056	356083341394213
356083357714681	356083402973066	356083358098588
356083374380254	356083419642181	356083374767129
356083391047338	356083436309577	356083391463900
356083407721400	356083452977493	356083408098431
356083424379525	356083469648588	356083424762494
356083441049525	356083486317493	356083441426348
356083485767338	356083502986764	356083486246088
356083487747025	356083519659472	356083488207286
356083502672338	356083536331764	356083503190202
356083519300931	356083553005410	356083519756869
356083535997442	356083569677702	356083536454525
356083552654994	356083586349003	356083553016088
356083569288848	356083603022129	356083569653431
356083585955567	356083619695983	356083586322963
356083602669004	356083636367546	356083603021036
356083619326713	356083653038067	356083619684629
356083666904838	356083686379837	356083667252442
356083667112338	356083703051087	356083667318848
356083683826817	356083719723274	356083684327598
356083700430879	356083736394733	356083700811348
356083717150775	356083753066556	356083717563119
356083733830619	356083769739056	356083734192963
356083750464160	356083786411296	356083750849785
356083767106088	356083803083222	356083767486869
356083783756556	356083819753118	356083784136869
356083800471244	356083836425723	356083800839525
356083817139525	356083853097545	356083817507494
356083851251400	356083869767494	356083851753744
356083851789525	356083886440410	356083851973275
356083868201504	356083903110722	356083868588900
356083884877650	356083919782754	356083885257494
356083901544369	356083936452649	356083901930098
356083918204681	356083953121191	356083918579317
356083934865619	356083969791243	356083935237129
356083951520619	356083986462181	356083951897442
356083968190306	356084003131087	356083968564369
356083984859681	356084019799889	356083985249160
356084028190098	356084053140774	356084028542337
356084028395931	356084069810358	356084028556244
356084045060410	356084086480670	356084045462962
356084061730462	356084103152232	356084062249369
356084078377181	356084119824003	356084078761244
356084095076556	356084136495097	356084095455619
356084111749317	356084153164316	356084112142337
356084128417806	356084169837076	356084128788900
356084145082025	356084186508587	356084145464837
356084161749785	356084203178326	356084162125150
356084208227754	356084236516087	356084208867389
356084208615410	356084253187701	356084208879421
356084225169160	356084269857077	356084225572962
356084241810410	356084286531452	356084242249629
356084258513692	356084303205514	356084258898223
356084275207337	356084319877337	356084275586244
356084291880931	356084336545670	356084292256192
356084308524212	356084353215827	356084308890931
356084325210462	356084369886191	356084325626192
356084341884837	356084386557389	356084342268067
356084387395775	356084419897389	356084387883431
356084387632806	356084436565722	356084387888379
356084406015306	356084453236034	356084406920619
356084422110150	356084469906764	356084423002129
356084438877285	356084486578066	356084439734681
356084455618431	356084503249160	356084456463587
356084472697494	356084519920045	356084473469056
356084489370098	356084536591921	356084490053535
356084505922181	356084553264159	356084506695254
356084522527494	356084569935566	356084523343119
356084569703066	356084586603170	356084570128275
356084570290306	356084603272962	356084570432962
356084586738118	356084619945618	356084587042962
356084603299212	356084636614420	356084603675879
356084620124212	356084653284733	356084620362441
356084636736348	356084669954785	356084637072181
356084653516712	356084686627545	356084653759525
356084670119837	356084703298743	356084670460254
356084686741035	356084719970357	356084687025723
356084703413587	356084736642962	356084703695254
356084750866243	356084769988483	356084751181556
356084751267910	356084786663535	356084751437754
356084768028118	356084803338899	356084768427650
356084784619681	356084820014212	356084784989160
356084801257025	9223372036854775807	356084801637181

POLL t=107.1 tick=1892
16666666
356093346063584	356093388224990	356093346488063
356093362728063	356093404892490	356093363106084
356093379397334	356093421560980	356093379777490
356093396082021	356093438230979	356093396455928
356093443284157	356093471568948	356093443643532
356093443507907	356093488238011	356093443657021
356093460216969	356093504908636	356093460754209
356093476823428	356093521573584	356093477203063
356093493483740	356093538239208	356093493895251
356093510207803	356093554905250	356093510620459
356093526875719	356093571573480	356093527236032
356093543555719	356093588241448	356093543902803
356093560189678	356093604911917	356093560560771
356093576855615	356093621582541	356093577227178
356093620958740	356093638256187	356093621233740
356093621137334	356093654927125	356093621251084
356093637851084	356093671596552	356093638328428
356093654473428	356093688267593	356093654847021
356093671166865	356093704938584	356093671532594
356093687846709	356093721609261	356093688207178
356093704515407	356093738279730	356093704879313
356093721181553	356093754948063	356093721542021
356093737847334	356093771620875	356093738226657
356093754512646	356093788291083	356093754876865
356093802079469	356093821629156	356093802769052
356093802423063	356093838298167	356093802785146
356093819022334	356093854968635	356093819398740
356093835650927	356093871638427	356093836056500
356093852374834	356093888307177	356093852743896
356093869045563	356093904976396	356093869410719
356093885707021	356093921646447	356093886075563
356093902368063	356093938315614	356093902735615
356093919038532	356093954987594	356093919412125
356093935697490	356093971659156	356093936095615
356093978899000	356094005004521	356093979330927
356093979353063	356094021677021	356093979504990
356093995796240	356094038349052	356093996205407
356094012416865	356094055020198	356094012802282
356094029086084	356094071690562	356094029465615
356094045767802	356094088360146	356094046148688
356094062411709	356094105031656	356094062797907
356094079073896	356094121700875	356094079457021
356094095746552	356094138370927	356094096131084
356094112394938	356094155040510	356094112787646
356094157918584	356094188380875	356094158301657
356094158104469	356094205051084	356094158365875
356094174823115	356094221723531	356094175415146
356094191431344	356094238397489	356094191632959
356094208236656	356094255072021	356094208455875
356094224863688	356094271745094	356094225080406
356094241528271	356094288418739	356094241744156
356094258207438	356094305095042	356094258415459
356094274875459	356094321767333	356094275084156
356094291578271	356094338436864	356094291784677
356094337654781	356094355108948	356094338101969
356094337864000	356094371780562	356094338111500
356094354579365	356094388449938	356094355104313
356094371183271	356094405121084	356094371588584
356094387900615	356094421792802	356094388265563
356094404561396	356094438462958	356094404928219
356094421224052	356094455133114	356094421636396
356094437858531	356094471803427	356094438272594
356094454558271	356094488473583	356094454952490
356094471222750	356094505144000	356094471631969
356094517527594	356094538486239	356094517910458
356094517768844	356094555154937	356094517914990
356094534386083	356094571824989	356094534808531
356094551029365	356094588492801	356094551474938
356094567751656	356094605165718	356094568122802
356094584418427	356094621836395	356094584793740
356094601085458	356094638507698	356094601450406
356094617755250	356094655176968	356094618118740
356094634422177	356094671850823	356094634791083
356094651085458	356094688525614	356094651450406
356094667750615	356094705198426	356094668112958
356094684416188	356094721869833	356094684776969
356094722070719	356094738542073	356094722448271
356094722430771	356094755213792	356094722559677
356094738987750	356094771883948	356094739518115
356094755581552	356094788555667	356094755964990
356094772330875	356094805225719	356094772705615
356094788952594	356094821898999	356094789332438
356094805618427	356094838571708	356094806000771
356094822318271	356094855242489	356094822686240
356094838988740	356094871914208	356094839355719
356094855621240	356094888585249	356094855996969
356094901804677	356094921928374	356094902218740
356094901974521	356094938600562	356094902227958
356094918695146	356094955273010	356094919215615
356094935297594	356094971945198	356094935680250
356094952027802	356094988617645	356094952385458
356094968686865	356095005290146	356094969055875
356094985353844	356095021960614	356094985741812
356095002027802	356095038631864	356095002397802
356095018688271	356095055304989	356095019096865
356095035358271	356095071976500	356095035723062
356095082257646	356095105316343	356095082600771
356095082450250	356095121986500	356095082636864
356095099164521	356095138656864	356095099566708
356095115804677	356095155328947	356095116184625
356095132496500	356095171997802	356095132889989
356095149190302	356095188665979	356095149561083
356095165858427	356095205333843	356095166235927
356095182544937	356095222004052	356095182896969
356095199179208	356095238676083	356095199552489
356095215857958	356095255345978	356095216232021
356095263112489	356095288682853	356095263454312
356095265132489	356095305353426	356095265621656
356095280163062	356095322022229	356095280669000
356095296705250	356095338693583	356095297135458
356095313355875	356095355363009	356095313748427
356095330039208	356095372029260	356095330411396
356095346708271	356095388696187	356095347091083
356095363402802	356095405362489	356095363769937
356095380078583	356095422030041	356095380453583
356095396726708	356095438696603	356095397085302
356095444551812	356095472032593	356095444840875
356095444791083	356095488699780	356095444864208
356095461555927	356095505369103	356095461974052
356095478159989	356095522040614	356095478541708
356095494838271	356095538710822	356095495213114
356095511535146	356095555378634	356095511940146
356095528265250	356095572047384	356095528644052
356095544904781	356095588715302	356095545270093
356095561577021	356095605380562	356095561948114
356095578257958	356095622046447	356095578622802
356095623818427	9223372036854775807	356095624095562

POLL t=118.0 tick=1962
16666666
356104166417330	356104207654777	356104166840142
356104183096236	356104224325611	356104183478840
356104199730715	356104240995923	356104200166549
356104216416392	356104257666079	356104216785611
356104233105142	356104274337277	356104233478684
356104249772017	356104291008840	356104250148736
356104291575923	356104307679933	356104291861548
356104291746705	356104324351809	356104291874986
356104308456861	356104341023007	356104308980455
356104325088423	356104357695089	356104325486392
356104341743580	356104374366965	356104342128892
356104358412798	356104391038527	356104358794621
356104375074830	356104407713840	356104375474673
356104391795767	356104424388111	356104392173840
356104408455923	356104441058788	356104408831548
356104425126392	356104457729152	356104425491809
356104467137121	356104491073267	356104467421653
356104467303892	356104507744569	356104467466028
356104483966653	356104524415246	356104484499361
356104500637590	356104541083944	356104501016080
356104517340923	356104557751861	356104517707903
356104534021965	356104574419673	356104534389153
356104550680767	356104591087329	356104551053111
356104567348059	356104607756132	356104567715767
356104584041392	356104624427069	356104584382173
356104600683215	356104641095662	356104601051236
356104642340090	356104674433110	356104642627434
356104642514830	356104691104985	356104642638111
356104660164986	356104707774621	356104661101861
356104676344830	356104724443736	356104677297017
356104693484361	356104741113683	356104694295455
356104710051705	356104757782642	356104710849673
356104726776861	356104774450923	356104727576236
356104743388215	356104791120766	356104744251705
356104760088215	356104807790558	356104760882121
356104776816080	356104824463215	356104777665298
356104818384361	356104841135090	356104818751236
356104820088527	356104857810715	356104820408111
356104835261236	356104874481652	356104835695402
356104851886705	356104891152120	356104852266705
356104868598580	356104907822901	356104868971236
356104885262330	356104924493892	356104885645559
356104901932434	356104941163266	356104902305142
356104918591548	356104957834620	356104919028892
356104935223423	356104974507746	356104935641392
356104951931340	356104991182277	356104952339777
356104995827434	356105024526965	356104996127798
356104995996392	356105041199829	356104996138215
356105012702642	356105057872694	356105013223267
356105029315923	356105074544725	356105029700298
356105045988996	356105091215402	356105046379361
356105062664309	356105107884360	356105063044673
356105079370715	356105124551600	356105079747486
356105096061861	356105141221131	356105096402590
356105112698579	356105157891391	356105113084517
356105129367434	356105174563214	356105129741652
356105172374986	356105191232486	356105172654152
356105172548527	356105207902902	356105172665715
356105189281392	356105224573944	356105189706079
356105205858059	356105241244985	356105206290767
356105222577590	356105257915038	356105222949048
356105239263215	356105274585819	356105239625402
356105255916392	356105291255454	356105256299517
356105272558579	356105307925611	356105272949152
356105289213267	356105324595402	356105289598579
356105305876496	356105341267068	356105306262902
356105347736808	356105374601131	356105348083683
356105347890923	356105391269256	356105348088579
356105364557173	356105407938527	356105365105558
356105381191548	356105424605662	356105381585142
356105397877433	356105441272016	356105398272121
356105414555142	356105457938996	356105414937798
356105431218527	356105474607537	356105431646340
356105447887642	356105491274621	356105448271079
356105464550715	356105507942381	356105464956392
356105481223215	356105524610975	356105481611079
356105525588840	356105557951495	356105525861183
356105525769777	356105574622173	356105525866861
356105543775142	356105591291391	356105544670767
356105559974360	356105607963996	356105560895923
356105576881704	356105624634724	356105577767329
356105593669777	356105641308214	356105594515923
356105610327746	356105657984099	356105611090558
356105627012017	356105674657797	356105627836965
356105643569360	356105691332797	356105644426079
356105660383892	356105708006183	356105661153683
356105719387902	356105741352068	356105719817173
356105719700871	356105758024933	356105719825923
356105736336704	356105774697746	356105736709517
356105752920298	356105791369152	356105753293267
356105769588267	356105808040819	356105769971548
356105786290923	356105824709047	356105786655142
356105802954360	356105841377328	356105803322746
356105819623840	356105858046131	356105820042121
356105836313267	356105874716548	356105836663371
356105852949048	356105891386860	356105853322277
356105892195558	356105924725037	356105892529465
356105892489048	356105941397694	356105892530767
356105910559829	356105958068006	356105911340610
356105926751340	356105974740402	356105927673892
356105944045298	356105991413735	356105944795454
356105960780871	356106008086391	356105961569308
356105977415610	356106024758683	356105978173423
356105993719517	356106041430193	356105994485610
356106010598110	356106058102745	356106011309829
356106027344673	356106074773735	356106028113735
356106065822173	356106091447120	356106066191183
356106066016392	356106108119672	356106066204048
356106082735298	356106124790402	356106083169517
356106099392746	356106141463787	356106099797485
356106116094985	356106158138475	356106116473683
356106132764048	356106174810766	356106133130871
356106149448839	356106191480818	356106149815142
356106166081079	356106208153474	356106166503110
356106182762173	356106224827537	356106183137277
356106199433579	356106241502329	356106199805142
356106239960298	356106258177849	356106240242798
356106240773423	356106274850558	356106241103839
356106257508423	356106291519412	356106258016964
356106274130923	356106308194152	356106274528735
356106290801652	356106324870766	356106291192016
356106307497016	356106341546079	356106307868891
356106324204204	356106358219725	356106324574308
356106340830298	356106374894308	356106341194204
356106357483839	356106391566182	356106357844464
356106374280610	356106408237693	356106374553423
356106409709516	9223372036854775807	356106410181235

POLL t=128.8 tick=2034
16666666
356114941778367	356114976943887	356114942141232
356114958445086	356114993611284	356114958804357
356114975109149	356115010279408	356114975481388
356114991777430	356115026949044	356114992145867
356115008443367	356115043618836	356115008814826
356115045108992	356115076956752	356115045391857
356115046486492	356115093624982	356115046782951
356115062672013	356115110294929	356115063616232
356115078905138	356115126967794	356115079865919
356115095744617	356115143639877	356115096612638
356115112674201	356115160310919	356115113485919
356115129310607	356115176979252	356115130068107
356115145887951	356115193648679	356115146701076
356115162642117	356115210319044	356115163500919
356115179210138	356115226990398	356115180086388
356115226772951	356115243662534	356115227366180
356115226974826	356115260331648	356115227374044
356115243681388	356115277001440	356115244061232
356115260291388	356115293669982	356115260669826
356115276971701	356115310339096	356115277338055
356115293667638	356115327007273	356115294029773
356115310335086	356115343673419	356115310726023
356115327006388	356115360343523	356115327366805
356115343674513	356115377012013	356115344090607
356115360331232	356115393682689	356115360693107
356115406391857	356115427024773	356115406752273
356115406585763	356115443697638	356115406761805
356115423239825	356115460367533	356115423811492
356115439877013	356115477035815	356115440259982
356115456671075	356115493706179	356115456951857
356115473269357	356115510373106	356115473687950
356115489946388	356115527041231	356115490313523
356115506612742	356115543709825	356115506972482
356115523274148	356115560380137	356115523718263
356115539948419	356115577050241	356115540307273
356115585929773	356115610389147	356115586220086
356115586100763	356115627057741	356115586229930
356115602813263	356115643726960	356115603399669
356115619433732	356115660396544	356115619808107
356115636163575	356115677067377	356115636548107
356115652813107	356115693738002	356115653191075
356115669475398	356115710409200	356115669842638
356115686143055	356115727080502	356115686509930
356115702808732	356115743754200	356115703177586
356115719474200	356115760424669	356115719846700
356115767486544	356115793765971	356115767774461
356115769354825	356115810434929	356115769779513
356115784392117	356115827103575	356115784776388
356115800988367	356115843773054	356115801376023
356115817691492	356115860440397	356115818066336
356115834369044	356115877109148	356115834740450
356115851033263	356115893776179	356115851459513
356115867659982	356115910443992	356115868071388
356115884364929	356115927114460	356115884736648
356115901025138	356115943783783	356115901400138
356115964863888	356115993793835	356115965271075
356115965162325	356116010463939	356115965361804
356115981707950	356116027134721	356115982119200
356115998367117	356116043806908	356115998782325
356116015074773	356116060477637	356116015444044
356116031738575	356116077147272	356116032108888
356116048407638	356116093818054	356116048774825
356116065036075	356116110489461	356116065420606
356116081735294	356116127159148	356116082112325
356116098402898	356116143829304	356116098779617
356116158844669	356116177169565	356116159180450
356116159151388	356116193838991	356116159360450
356116175743575	356116210509512	356116176127429
356116192369304	356116227179304	356116192793523
356116209020294	356116243849096	356116209959825
356116225697638	356116260521179	356116226074044
356116242377481	356116277193835	356116242765138
356116259035450	356116293865294	356116259420138
356116275729825	356116310534773	356116276111804
356116292432794	356116327204304	356116299659929
356116340819669	356116360540346	356116341112742
356116340932481	356116377209772	356116341123419
356116362168731	356116393878418	356116362549825
356116378744981	356116410547429	356116379142950
356116395612325	356116427217064	356116396604981
356116412107481	356116443884304	356116412707013
356116428931075	356116460554408	356116429342950
356116445590450	356116477223991	356116445989461
356116462255606	356116493894981	356116462633419
356116478920919	356116527239929	356116479870919
356116519573731	356116543912480	356116521013106
356116519755450	356116560586178	356116521019200
356116536420294	356116577260710	356116536796700
356116553078888	356116593935710	356116553471856
356116569744356	356116610608835	356116570125867
356116586407325	356116627281908	356116586806856
356116603074513	356116643955189	356116603465710
356116619746388	356116660629981	356116620125763
356116636417117	356116677303939	356116636830919
356116653110294	356116693976856	356116653493523
356116669759981	356116710652273	356116672099669
356116698984981	356116727329200	356116699494773
356116703096544	356116744008158	356116703417012
356116719806648	356116760684669	356116720226544
356116736494148	356116777361960	356116736987950
356116753172169	356116794036283	356116753552273
356116769819148	356116810707116	356116770199825
356116786522012	356116827377897	356116786885450
356116803143887	356116844049251	356116803520710
356116819849981	356116860721230	356116820226335
356116836520867	356116877393783	356116836896700
356116881770919	356116910737273	356116882069148
356116881972637	356116927409043	356116882075762
356116898726179	356116944079252	356116899161856
356116915333106	356116960746387	356116915696179
356116932021179	356116977417116	356116932382585
356116948692950	356116994087064	356116949065919
356116965380867	356117010755866	356116965750919
356116982034356	356117027425189	356116982406075
356116998699356	356117044095189	356116999073575
356117015370554	356117060764095	356117015732325
356117032071179	356117077433314	356117032410606
356117067667637	356117094101022	356117068090242
356117067854044	356117110768262	356117068093367
356117084566231	356117127438626	356117085010554
356117101243210	356117144107168	356117101622325
356117117942637	356117160773210	356117118354044
356117134587481	356117177438783	356117134963054
356117151251648	356117194105606	356117151638575
356117167924356	356117210770397	356117168299460
356117184605866	356117227431387	356117184971700
356117201283262	356117244094877	356117201649148

POLL t=139.9 tick=2105
16666666
356126094510394	356126128335029	356126094736228
356126110907894	356126145005446	356126111285915
356126127551957	356126161679353	356126127928988
356126144204926	356126178351539	356126144591644
356126160880603	356126195024196	356126161272738
356126177596957	356126211696540	356126177968676
356126194262738	356126228369977	356126194638415
356126210931019	356126245042581	356126211357790
356126227596540	356126261715290	356126228027009
356126269505290	356126295060706	356126269905082
356126269797478	356126311730029	356126269965915
356126286353884	356126328401383	356126286763728
356126303011540	356126345071852	356126303388103
356126319720134	356126361744248	356126320087790
356126336385915	356126378417998	356126336759300
356126353052165	356126395093207	356126353423728
356126369718884	356126411767217	356126370096019
356126386384769	356126428441280	356126386769509
356126403054665	356126445114769	356126403434925
356126446270238	356126478458622	356126446732738
356126446452738	356126495131280	356126446744144
356126464551228	356126511804196	356126465507634
356126480540707	356126528477685	356126481459978
356126497491332	356126545151175	356126498371384
356126514130238	356126561826696	356126514955446
356126530804457	356126578502841	356126531631175
356126547418102	356126595179456	356126548157165
356126564147009	356126611852060	356126564959665
356126580803675	356126628527164	356126581631957
356126624267269	356126645199196	356126624637269
356126624513415	356126661871227	356126624645759
356126641186540	356126678543259	356126641726071
356126657763727	356126695215290	356126658143102
356126674489509	356126711889039	356126674856800
356126691106019	356126728562790	356126691526019
356126707821384	356126745234925	356126708184509
356126724484509	356126761904196	356126724848988
356126741141019	356126778574717	356126741509977
356126757822477	356126795245967	356126758188415
356126803701227	356126828588362	356126804043207
356126803871957	356126845259040	356126804060863
356126820581175	356126861931904	356126821124196
356126837182477	356126878603362	356126837568415
356126853895602	356126895274873	356126854276071
356126870572165	356126911946332	356126870945602
356126887236957	356126928615446	356126887608207
356126903903415	356126945288623	356126904321332
356126920596800	356126961962112	356126920979040
356126937249769	356126978633154	356126937628675
356126980875446	356127011970654	356126981209925
356126981098415	356127028638883	356126981218259
356126997757634	356127045312477	356126998711644
356127014394821	356127061983831	356127014906384
356127031041852	356127078653050	356127031434821
356127047782113	356127095320967	356127048330759
356127064418259	356127111991018	356127065083727
356127081058519	356127128661696	356127081870863
356127097774977	356127145331748	356127098494769
356127114424144	356127162001644	356127115102165
356127159957425	356127178671591	356127160296644
356127160156488	356127195341644	356127160350602
356127176833102	356127212010081	356127177219196
356127193465550	356127228678987	356127193863727
356127210178883	356127245349924	356127210552633
356127226866956	356127262021852	356127227239769
356127243529508	356127278692894	356127243960238
356127260199196	356127295366071	356127260571696
356127276870446	356127312036540	356127277233571
356127293537008	356127328708414	356127293908415
356127337643415	356127362048205	356127338458571
356127338067946	356127378719143	356127338463883
356127354589144	356127395387216	356127355008727
356127371217269	356127412055549	356127371644144
356127387945915	356127428725550	356127388331227
356127404603050	356127445394612	356127405021852
356127421265081	356127462064976	356127421641956
356127437929508	356127478735602	356127438301696
356127454600238	356127495405497	356127454972321
356127471261383	356127512074716	356127471645602
356127512991175	356127545416435	356127513376071
356127513188050	356127562087320	356127513383571
356127531098571	356127578755393	356127531999977
356127547394977	356127595421799	356127548263102
356127564127790	356127612093571	356127564960446
356127581160602	356127628766331	356127581978883
356127597812581	356127645434977	356127598646800
356127614481383	356127662106539	356127615290290
356127631267165	356127678779664	356127631975758
356127647765237	356127695452737	356127648549925
356127691007321	356127712126643	356127691545758
356127691312165	356127728799351	356127691556800
356127707928831	356127745470810	356127708285706
356127724548102	356127762143154	356127724928206
356127741238987	356127778813362	356127741603883
356127757910602	356127795482789	356127758310133
356127774571331	356127812153049	356127774986696
356127791240758	356127828824820	356127791616696
356127807908831	356127845495185	356127808272633
356127824580758	356127862164352	356127824948415
356127868592789	356127895500706	356127869012008
356127871195446	356127912167736	356127871734977
356127885487789	356127928833518	356127885903050
356127902199352	356127945500654	356127902588883
356127918891383	356127962169508	356127919272269
356127935552477	356127978834143	356127935974508
356127952246071	356127995500602	356127952617633
356127968906071	356128012167372	356127969273414
356127985561800	356128028835497	356127985938258
356128002238050	356128045502737	356128002611800
356128044993414	356128062171278	356128045455081
356128045342946	356128078838258	356128045462008
356128061996852	356128095505237	356128062376227
356128078656019	356128112169612	356128079045914
356128095330914	356128128835341	356128095704039
356128111996071	356128145503882	356128112408466
356128128693362	356128162171435	356128129075914
356128145362321	356128178838414	356128145732633
356128162001331	356128195506955	356128162376696
356128178689196	356128212176435	356128179061696
356128221305758	356128245514559	356128221652321
356128221528258	356128262185497	356128221657477
356128238243258	356128278856122	356128238502008
356128254883362	356128295525706	356128255262946
356128271590914	356128312193570	356128271963987
356128288248414	356128328860080	356128288618987
356128304973050	356128345525914	356128305345446
356128321552321	356128362193622	356128321950446

POLL t=150.7 tick=2211
16666666
356136935064974	356136962924087	356136935397474
356136935269505	356136979595390	356136935402161
356136951953724	356136996266744	356136952284453
356136968569974	356137012936327	356136969040130
356136985258099	356137029607473	356136985643255
356137001945234	356137046279400	356137002383828
356137018612161	356137062949608	356137019022630
356137035239661	356137079622942	356137035628255
356137051907786	356137096294973	356137052136328
356137068619348	356137112966536	356137068999140
356137111750703	356137129635754	356137112039036
356137111925911	356137146306379	356137112050911
356137128653828	356137162976848	356137129168567
356137145266796	356137179647630	356137145643880
356137161962265	356137196318046	356137162334348
356137178641953	356137212989921	356137179015598
356137195311640	356137229662838	356137195673411
356137211997005	356137246333098	356137212342005
356137228632630	356137263003150	356137229023098
356137245309036	356137279674712	356137245678984
356137289644453	356137313016952	356137289925703
356137289821067	356137329686275	356137289966067
356137306500234	356137346355598	356137306948567
356137323150546	356137363024504	356137323562109
356137339797890	356137379694035	356137340179505
356137356528411	356137396360702	356137356894348
356137373187630	356137413027629	356137373559348
356137389855911	356137429692525	356137390226067
356137406524348	356137446358254	356137406897421
356137423190911	356137463023932	356137423557786
356137467353723	356137496357681	356137467636848
356137469128359	356137513026014	356137469789609
356137484270755	356137529692890	356137484653359
356137500874348	356137546360546	356137501255598
356137517565755	356137563028462	356137517939348
356137534224036	356137579697629	356137534598046
356137550889661	356137596366014	356137551317317
356137567564192	356137613031431	356137567935442
356137584228255	356137629697473	356137584603827
356137600892786	356137646366327	356137601263880
356137647178567	356137679696639	356137647563411
356137647383359	356137696363254	356137647577734
356137665423984	356137713028566	356137666151223
356137681665911	356137729694400	356137682629504
356137698756848	356137746362108	356137699589661
356137715390911	356137763029661	356137716191223
356137732016640	356137779696744	356137732879921
356137748639192	356137796363515	356137749486796
356137765307004	356137813030910	356137766055129
356137782040129	356137829700441	356137782773098
356137798714973	356137846368046	356137799566952
356137831405077	356137863038410	356137831793827
356137832389192	356137879708358	356137833358515
356137848581848	356137896376015	356137849497786
356137865250077	356137913043202	356137865782004
356137882095754	356137929711223	356137882927265
356137898719140	356137946380129	356137899524192
356137915399296	356137963051483	356137916257473
356137932047890	356137979721431	356137932840129
356137948734036	356137996391952	356137949592317
356137965307265	356138013062525	356137966084921
356138012162629	356138029733618	356138012571067
356138012382942	356138046404139	356138012590286
356138029055911	356138063072525	356138029468567
356138045724609	356138079744608	356138046106067
356138062426484	356138096414244	356138062798984
356138079066327	356138113085337	356138079479661
356138095749036	356138129759088	356138096127786
356138112407265	356138146433566	356138112777577
356138129037942	356138163107369	356138129416067
356138145742317	356138179777525	356138146148879
356138192646952	356138213123358	356138192993879
356138225469973	356138246466327	356138225867421
356138225635390	356138263134712	356138225870754
356138242278827	356138279804920	356138242664661
356138258935598	356138296475650	356138259340911
356138275677161	356138313146743	356138276046327
356138292325129	356138329816431	356138292696848
356138308995754	356138346491431	356138309367786
356138325686848	356138363161535	356138326050442
356138342337265	356138379835649	356138342747890
356138379003567	356138396507941	356138379304348
356138379323254	356138413180701	356138379402004
356138395882473	356138429855233	356138396340129
356138412493098	356138446532316	356138412871223
356138429185754	356138463207733	356138429571535
356138445853202	356138479881535	356138446241535
356138462516848	356138496552160	356138462897890
356138479181692	356138513223930	356138479565754
356138495839348	356138529895701	356138496219817
356138512515702	356138546566951	356138512895754
356138559940390	356138579910128	356138560425442
356138560141848	356138596581119	356138560438879
356138576812733	356138613254244	356138577211692
356138593441952	356138629923514	356138593825077
356138610185233	356138646594868	356138610559348
356138626855598	356138663265806	356138627218098
356138643524035	356138679937212	356138643895546
356138660231223	356138696608879	356138660583410
356138676873723	356138713278723	356138677235754
356138693546848	356138729946587	356138693914660
356138741311952	356138763281430	356138741608567
356138741499608	356138779951119	356138741613567
356138758283410	356138796619660	356138758789817
356138774875442	356138813286431	356138775297629
356138791567889	356138829953983	356138791942629
356138808230285	356138846621274	356138808607785
356138824907785	356138863290598	356138825283723
356138841588567	356138879956379	356138841948983
356138858251692	356138896623410	356138858621848
356138874923046	356138913290754	356138875291067
356138924051067	356138946632628	356138924349192
356138926599139	356138963303723	356138927000285
356138941076014	356138979977628	356138941466223
356138957717942	356138996649035	356138958094764
356138974447785	356139013319347	356138974817004
356138991078098	356139029987212	356138991461535
356139007775285	356139046656170	356139008148410
356139024449348	356139063325024	356139024808827
356139041102473	356139079995024	356139041471952
356139057760546	356139096661795	356139058143983
356139074440598	356139113328514	356139074807004
356139109795858	356139129996535	356139110244296
356139110408566	356139146666014	356139110695598
356139126883879	356139163334399	356139127321535
356139143520910	356139180004295	356139143906535
356139160187577	9223372036854775807	356139160559816

POLL t=161.5 tick=2279
16666666
356147756090751	356147797031115	356147756469188
356147772727469	356147813698615	356147773101011
356147789399813	356147830365177	356147789815126
356147806072782	356147847033615	356147806454501
356147822737782	356147863702938	356147823114449
356147839400542	356147880372104	356147839788407
356147874589449	356147897042312	356147875112001
356147874796532	356147913712886	356147875259969
356147891489813	356147930382885	356147892034292
356147908103407	356147947052052	356147908480542
356147924820699	356147963718667	356147925193719
356147941468876	356147980386948	356147941863563
356147958163563	356147997056583	356147958585542
356147974830855	356148013723823	356147975199813
356147991493876	356148030387834	356147991863094
356148008161844	356148047054657	356148008528876
356148058425594	356148080387625	356148058703719
356148060373563	356148097055177	356148060838876
356148075463042	356148113724240	356148075822782
356148091973876	356148130394865	356148092348563
356148108690126	356148147062938	356148109063198
356148125341532	356148163730438	356148125721636
356148142008355	356148180395802	356148142418094
356148158676948	356148197061167	356148159052782
356148175347938	356148213726375	356148175712417
356148192024032	356148230391271	356148192380282
356148208677313	356148247058614	356148209041688
356148244102938	356148263724135	356148244677313
356148244435750	356148280389761	356148244684761
356148261048667	356148297054500	356148261596532
356148277657625	356148313719396	356148278038875
356148294352157	356148330385125	356148294784657
356148311013719	356148347053146	356148311401011
356148327687157	356148363720802	356148328100750
356148344352782	356148380391740	356148344733719
356148361014188	356148397064448	356148361388719
356148377680125	356148413735385	356148378064448
356148394348719	356148430404292	356148394774917
356148429426636	356148447072781	356148429868667
356148429754448	356148463741584	356148429877261
356148446293407	356148480410125	356148446675750
356148462935073	356148497077261	356148463308719
356148479639448	356148513743979	356148480013719
356148496300907	356148530412052	356148496676532
356148512968719	356148547081271	356148513396375
356148529633250	356148563751687	356148530003875
356148546301688	356148580420593	356148546712625
356148562966948	356148597088146	356148563347573
356148579650438	356148613754968	356148580014136
356148614364136	356148630423979	356148614649917
356148614522886	356148647091583	356148614657469
356148631269761	356148663757417	356148631825229
356148647846844	356148680424344	356148648245282
356148664555073	356148697089865	356148664954761
356148681198563	356148713755698	356148681624969
356148697863354	356148730418927	356148698248354
356148714513511	356148747083406	356148714898407
356148731186375	356148763747938	356148731612417
356148747926479	356148780412834	356148748275698
356148764574813	356148797078979	356148764961532
356148799274032	356148830412312	356148799684917
356148799592157	356148847080281	356148799703250
356148816172625	356148863748250	356148817002625
356148832791688	356148880417000	356148833302573
356148849502313	356148897085281	356148850224969
356148866127156	356148913754395	356148866869188
356148882838823	356148930426167	356148883367417
356148899501688	356148947096896	356148900277313
356148916152938	356148963766635	356148916875906
356148932835542	356148980439240	356148933632156
356148949501219	356148997112052	356148950215125
356148987950386	356149013784917	356148988374188
356148988214500	356149030456270	356148988386688
356149004861011	356149047126479	356149005239344
356149021506375	356149063795385	356149021887104
356149038211636	356149080464396	356149038590125
356149054875906	356149097133823	356149055252261
356149071542625	356149113802104	356149071912938
356149088173823	356149130471374	356149088555906
356149104833823	356149147140021	356149105222261
356149121537313	356149163809552	356149121917313
356149138213250	356149180480386	356149138580750
356149173509813	356149197150906	356149174210750
356149173819344	356149213821687	356149174223042
356149190424656	356149230491687	356149190920281
356149207039604	356149247159187	356149207427156
356149223759344	356149263826583	356149224179656
356149240452313	356149280495021	356149240830750
356149257077469	356149297162781	356149257462573
356149273756063	356149313830645	356149274127000
356149290414656	356149330497208	356149290811010
356149307113354	356149347166167	356149307494188
356149364970594	356149397173250	356149365324292
356149365161635	356149413844864	356149365350750
356149383038042	356149430514447	356149383953406
356149399074969	356149447186271	356149400065281
356149415981375	356149463857989	356149416884500
356149432826688	356149480529031	356149433692000
356149449519500	356149497195802	356149450378250
356149466100750	356149513862833	356149466950281
356149483058250	356149530531687	356149483771687
356149499669656	356149547200854	356149500448719
356149545412104	356149563869812	356149545702260
356149577235281	356149597207312	356149577625906
356149577515906	356149613879187	356149577631531
356149594221010	356149630548510	356149594590542
356149610868719	356149647217052	356149611256062
356149627538562	356149663886478	356149627924969
356149644247937	356149680555333	356149644614656
356149660959031	356149697225957	356149661314031
356149677609604	356149713896427	356149677996531
356149694267469	356149730565125	356149694632156
356149745587469	356149763903719	356149745920125
356149745855281	356149780573041	356149745925229
356149762577729	356149797241218	356149762973198
356149779193562	356149813908250	356149779563667
356149795867469	356149830576583	356149796249292
356149812554187	356149847243614	356149812920906
356149829216323	356149863911582	356149829588823
356149845896948	356149880579864	356149846260437
356149862574292	356149897246895	356149862933719
356149879243250	356149913914499	356149879609812
356149928834500	356149947251634	356149929122625
356149929053823	356149963920124	356149929123510
356149945827625	356149980590645	356149946265125
356149962399448	356149997260020	356149962788666
356149979083510	9223372036854775807	356149979463406

POLL t=172.3 tick=2343
16666666
356158601647101	356158649264184	356158602606684
356158618372465	356158665933089	356158619406528
356158634854497	356158682603506	356158635687153
356158651593507	356158699275485	356158652567621
356158668475278	356158715949548	356158669418246
356158685106632	356158732624027	356158686016059
356158701659028	356158749296788	356158702628038
356158718329809	356158765970330	356158719372726
356158734927153	356158782644913	356158735942778
356158751586528	356158799317829	356158752568871
356158768217101	356158815991006	356158769056788
356158784866944	356158832665225	356158785658246
356158801549028	356158849338090	356158802396996
356158818318246	356158866006527	356158819358871
356158835106528	356158882677465	356158836169913
356158851688246	356158899349965	356158852713246
356158868403507	356158916023507	356158869398507
356158917180903	356158949365798	356158917479028
356158917530434	356158966036215	356158917623715
356158935160434	356158982707048	356158936071528
356158951359601	356158999376944	356158952260590
356158968225694	356159016048715	356158969091996
356158985059809	356159032721475	356158985802309
356159001773976	356159049394548	356159002600121
356159018413871	356159066066943	356159019231163
356159035069028	356159082743194	356159035906059
356159051716059	356159099415902	356159052573715
356159093189965	356159116089392	356159093547257
356159093424444	356159132761891	356159093588090
356159110059653	356159149431371	356159110489653
356159126685225	356159166101892	356159127063819
356159143402569	356159182772881	356159143838559
356159160101163	356159199444965	356159160496684
356159176712465	356159216117985	356159177090278
356159193382569	356159232788923	356159193798246
356159210016215	356159249460537	356159210394965
356159226681684	356159266134756	356159227067257
356159275767309	356159299476319	356159276061528
356159275940903	356159316149131	356159276077621
356159292597778	356159332822621	356159293000278
356159309251059	356159349495121	356159309640902
356159325978507	356159366166370	356159326352465
356159342645746	356159382837777	356159343017777
356159359315225	356159399510225	356159359685746
356159375979965	356159416184079	356159376354600
356159392654184	356159432857412	356159393022934
356159409322152	356159449531266	356159409689965
356159460258559	356159482880589	356159460715746
356159460592725	356159499555798	356159460739965
356159477139809	356159516229391	356159477653871
356159493751527	356159532903142	356159494159965
356159510482465	356159549578090	356159510860121
356159527144652	356159566252152	356159527546059
356159543819965	356159582926110	356159544186996
356159560487309	356159599599235	356159560857413
356159577159027	356159616271266	356159577528090
356159593822569	356159632941371	356159594179652
356159610491059	356159649610902	356159610869965
356159646133715	356159666281214	356159646853246
356159646471163	356159682952204	356159646861007
356159663057465	356159699625485	356159663452934
356159679721215	356159716294600	356159680109913
356159696440277	356159732966579	356159696813090
356159713094496	356159749638037	356159713486163
356159729761788	356159766309548	356159730138715
356159746442725	356159782981683	356159746855225
356159763090538	356159799653662	356159763474913
356159779764444	356159816322152	356159780147256
356159826134756	356159849661267	356159826589027
356159826462309	356159866331735	356159826612777
356159842997309	356159883001111	356159843445590
356159859616840	356159899669496	356159860002777
356159876328090	356159916337933	356159876708038
356159892996527	356159933006892	356159893374652
356159909652256	356159949676267	356159910034496
356159926306527	356159966344287	356159926690746
356159942979496	356159983013245	356159943361631
356159959700538	356159999684860	356159960081319
356160009154965	356160033026996	356160009456163
356160009351163	356160049699443	356160009463975
356160026097152	356160066371996	356160026633038
356160042681371	356160083044183	356160043096631
356160059355069	356160099716787	356160059732777
356160076087777	356160116387933	356160076469808
356160092738246	356160133060746	356160093101163
356160109388506	356160149732933	356160109762933
356160126053871	356160166405016	356160126441683
356160142721683	356160183075225	356160143182933
356160190898871	356160216416110	356160191429183
356160191119131	356160233084704	356160191449965
356160207783246	356160249757360	356160208170277
356160224429913	356160266426683	356160224805590
356160241131631	356160283098714	356160241551058
356160257802152	356160299770641	356160258214183
356160274471996	356160316439756	356160274859496
356160291180694	356160333109912	356160291545590
356160307780850	356160349779547	356160308157933
356160324507569	356160366450225	356160324874027
356160370622933	356160399792516	356160370997777
356160370936475	356160416464026	356160371104444
356160387599183	356160433138350	356160388128090
356160404189808	356160449807777	356160404578402
356160420882933	356160466478558	356160421250121
356160437574131	356160483150225	356160437950746
356160454247256	356160499821057	356160454621787
356160470913246	356160516494079	356160471280850
356160487568558	356160533167100	356160487956840
356160504244183	356160549838037	356160504623715
356160520910069	356160566509599	356160521292465
356160537590381	356160583179287	356160537960850
356160554260121	356160599851215	356160554632308
356160570860433	356160616524703	356160571231006
356160587556162	356160633195276	356160587955277
356160604297621	356160649866214	356160604772308
356160620951214	356160666536058	356160621433089
356160637632308	356160683205225	356160638115069
356160654287725	356160699870381	356160654771996
356160670938402	356160716537048	356160671427464
356160687625433	356160733203714	356160688102933
356160704251944	356160749871110	356160704631214
356160720879183	356160766539234	356160721254131
356160737598819	356160783206734	356160737971631
356160754284131	356160799873245	356160754773714
356160770946996	356160816541787	356160771430850
356160787610694	356160833210016	356160788099339
356160804303506	356160849877724	356160804780433
356160820958089	356160866547359	356160821442152

POLL t=183.2 tick=2392
16666666
356169451606524	356169484279909	356169452026055
356169468330742	356169500944440	356169468703242
356169484984180	356169517608502	356169485357565
356169501642930	356169534274960	356169502019180
356169518327461	356169550939336	356169518857305
356169534982253	356169567605273	356169535360430
356169551662149	356169584270742	356169552187253
356169568365586	356169600938711	356169568831992
356169584954284	356169617607512	356169585458242
356169601613346	356169634278033	356169602125430
356169618335742	356169650946419	356169618848711
356169634996367	356169667615690	356169635499649
356169651676159	356169684284700	356169652188815
356169668334805	356169700953138	356169668906107
356169684993242	356169717623033	356169685398451
356169701623503	356169734292044	356169701999961
356169718324596	356169750961315	356169718687930
356169735002149	356169767629127	356169735513346
356169751669649	356169784298293	356169752182774
356169768371055	356169800968034	356169768825117
356169785001680	356169817638190	356169785495430
356169832796523	356169850969388	356169833034128
356169833555586	356169867636262	356169833427148
356169849818555	356169884304387	356169850250273
356169866478034	356169900971575	356169866912461
356169883152930	356169917639231	356169883528815
356169899839648	356169934305846	356169900222721
356169916464128	356169950973033	356169916856159
356169933125586	356169967638398	356169933507930
356169949839596	356169984303502	356169950206211
356169966506055	356170000970846	356169966874440
356169983173815	356170017634336	356169983536992
356169999822930	356170034297617	356170000195846
356170016515742	356170050964753	356170017094023
356170033129961	356170067632877	356170033509909
356170049836523	356170084297565	356170050226211
356170066519023	356170100960950	356170067066523
356170083181680	356170117624491	356170083733398
356170099841784	356170134290689	356170100344753
356170116516003	356170150957721	356170117020690
356170133183555	356170167621783	356170133685690
356170149848242	356170184288033	356170150354961
356170166514961	356170200956731	356170167022565
356170183169596	356170217623346	356170183543190
356170199831836	356170234291783	356170200206211
356170216504909	356170250959856	356170216873086
356170233184648	356170267624647	356170233684492
356170249847773	356170284286523	356170250349023
356170266515117	356170300948658	356170267017305
356170283199180	356170317612929	356170283687461
356170328090430	356170350941055	356170328453555
356170328541680	356170367605169	356170328684180
356170345017930	356170384269804	356170345553034
356170361624023	356170400933762	356170362003398
356170378320273	356170417599700	356170378687461
356170395002305	356170434267825	356170395374284
356170411627409	356170450936679	356170412042617
356170428335430	356170467605741	356170428703034
356170445003867	356170484274492	356170445375534
356170461669648	356170500940429	356170462056940
356170478336471	356170517603866	356170478703398
356170518324752	356170550933710	356170518806211
356170518849023	356170567596522	356170518962409
356170536635429	356170584261262	356170537683711
356170552778086	356170600928345	356170553773242
356170569888554	356170617596783	356170570759492
356170586639961	356170634264856	356170587477461
356170603197617	356170650932356	356170603988867
356170620070117	356170667599075	356170620817461
356170636473711	356170684264699	356170637393346
356170653231627	356170700935168	356170654081211
356170669784804	356170717606367	356170670631836
356170711854961	356170734279700	356170712333034
356170712077617	356170750955689	356170712387148
356170728754336	356170767631783	356170729281159
356170745349492	356170784305169	356170745727148
356170762000377	356170800978294	356170762379492
356170778698398	356170817649388	356170779117877
356170795353242	356170834320534	356170795732461
356170812068867	356170850993033	356170812399023
356170828686315	356170867662877	356170829064336
356170845362773	356170884334387	356170845742148
356170862012773	356170901004856	356170862434336
356170903399961	356170934346262	356170903784179
356170903552617	356170951016991	356170903789127
356170920344283	356170967688970	356170921372721
356170936903398	356170984358398	356170937252617
356170953605586	356171001028867	356170954154492
356170970261940	356171017700637	356170970780429
356170986917565	356171034370221	356170987456002
356171003619908	356171051040689	356171004102721
356171020280533	356171067713554	356171020831523
356171036956315	356171084386158	356171037498033
356171053617148	356171101057043	356171054230117
356171093203554	356171117728345	356171093791836
356171093384440	356171134399179	356171093801992
356171110035065	356171151069022	356171110572408
356171126663085	356171167736314	356171127051054
356171143384179	356171184405949	356171143777304
356171160099960	356171201072824	356171160517304
356171176703033	356171217739856	356171177081679
356171193436835	356171234406783	356171193819023
356171210134492	356171251074908	356171210501835
356171226761315	356171267741314	356171227140898
356171243467252	356171284409439	356171243840065
356171295599335	356171317745637	356171295969804
356171295851471	356171334414127	356171295985273
356171312555742	356171351082407	356171312949440
356171329225273	356171367749335	356171329594023
356171345899960	356171384418710	356171346265846
356171362595429	356171401085428	356171362962460
356171379295742	356171417751366	356171379671783
356171395879752	356171434416314	356171396254960
356171412581992	356171451084074	356171412989283
356171429237929	356171467753919	356171429609440
356171445918554	356171484425168	356171446281210
356171479827721	356171501095689	356171480103867
356171480108867	356171517763085	356171480186367
356171496780377	356171534429231	356171497155846
356171513435533	356171551095428	356171513809492
356171530114023	356171567760481	356171530493398
356171546766002	356171584426731	356171547168085
356171563454648	356171601093136	356171563822929
356171580235898	356171617760742	356171580597096
356171596869908	356171634425168	356171597215585
356171613472148	356171651090533	356171613822877
356171630128814	356171667755949	356171630484127

POLL t=194.0 tick=2444
16666666
356180195456988	356180236223655	356180195878551
356180212148655	356180252892145	356180212343863
356180228791207	356180269558290	356180229164280
356180245460582	356180286223915	356180245874020
356180262122874	356180302889332	356180262538551
356180278784124	356180319554696	356180279199124
356180325722249	356180352887196	356180326096936
356180325931936	356180369555060	356180326119957
356180342592092	356180386223134	356180343046676
356180359211207	356180402893185	356180359663499
356180375897301	356180419561571	356180376285113
356180392558863	356180436227821	356180392941207
356180409218342	356180452894748	356180409642144
356180425894436	356180469563342	356180426320894
356180442546519	356180486230425	356180442934488
356180459220426	356180502894748	356180459606676
356180475911936	356180519557769	356180476267301
356180522346988	356180552886623	356180522719332
356180522588394	356180569550998	356180522731467
356180539172301	356180586216519	356180539632301
356180555833342	356180602883341	356180556065061
356180572486624	356180619549435	356180572704280
356180589167613	356180636212769	356180589391363
356180605838030	356180652877144	356180606133499
356180622517717	356180669541050	356180622739644
356180639179644	356180686206415	356180639390061
356180655866207	356180702870998	356180656084176
356180672511676	356180719535321	356180672734905
356180719018863	356180736201311	356180719640217
356180719217613	356180752866363	356180719650842
356180735900426	356180769531571	356180736325738
356180752518967	356180786197301	356180752982248
356180769223238	356180802862717	356180769665426
356180785911467	356180819527404	356180786359384
356180802562457	356180836192352	356180802989644
356180819199332	356180852858967	356180819692248
356180835851363	356180869526623	356180836299123
356180852556988	356180886193967	356180852984019
356180869184644	356180902861571	356180869574332
356180914759957	356180936195529	356180915379592
356180914951623	356180952861310	356180915399488
356180931655998	356180969528550	356180932179800
356180948279280	356180986195582	356180948665373
356180964973811	356181002859852	356180965361675
356180981648186	356181019526154	356180982056519
356180998315269	356181036191779	356180998721832
356181014973655	356181052857091	356181015398394
356181031639175	356181069525581	356181032079644
356181048318550	356181086194800	356181048683811
356181064988082	356181102860946	356181065408863
356181110541519	356181136190216	356181110902561
356181112911519	356181152855060	356181113829332
356181127429280	356181169519748	356181127864957
356181144056832	356181186184383	356181144436363
356181160751623	356181202850060	356181161168967
356181177431311	356181219515789	356181177845894
356181194098498	356181236183602	356181194475998
356181210762613	356181252851675	356181211138498
356181227431832	356181269520738	356181227816988
356181244126363	356181286188759	356181244542405
356181260765738	356181302855216	356181261134957
356181311258967	356181336190477	356181311677561
356181311559957	356181352857509	356181311724488
356181328139175	356181369525112	356181328515738
356181344779488	356181386191727	356181345162300
356181361484957	356181402857509	356181361865894
356181378150894	356181419521935	356181378529175
356181394834175	356181436187873	356181395216832
356181411482925	356181452852456	356181411858029
356181428157561	356181469515685	356181428540738
356181444820529	356181486179800	356181445199904
356181461486936	356181502845373	356181461865582
356181506092248	356181536177092	356181506496779
356181506280686	356181552843914	356181506514332
356181522952769	356181569512092	356181523369800
356181539580582	356181586179123	356181539973342
356181556298394	356181602846831	356181556680113
356181572946467	356181619515633	356181573362613
356181589602456	356181636187404	356181589987300
356181606266050	356181652857456	356181606650998
356181622934331	356181669527039	356181623320113
356181639588811	356181686194956	356181639977248
356181656306154	356181702867612	356181656680894
356181702246519	356181719536154	356181702549644
356181702529019	356181736206779	356181702693550
356181719127300	356181752877560	356181719791623
356181735724592	356181769546206	356181736103967
356181752394644	356181786214748	356181752782769
356181769137613	356181802883862	356181769511988
356181785799956	356181819552456	356181786170529
356181802428081	356181836222299	356181802845113
356181819131050	356181852892300	356181819504748
356181835805061	356181869562196	356181836182925
356181852473863	356181886231362	356181852843238
356181898931363	356181919569435	356181899215529
356181900525217	356181936239435	356181900940113
356181915818498	356181952907769	356181916368342
356181932435738	356181969577092	356181932822456
356181949145269	356181986245008	356181949516623
356181965817404	356182002913393	356181966214800
356181982511519	356182019582664	356181982874331
356181999186519	356182036251414	356181999546675
356182015832561	356182052920216	356182016212144
356182032480113	356182069586779	356182032852300
356182049185269	356182086252091	356182049561988
356182097355113	356182119586622	356182097764175
356182097735529	356182136252768	356182097900269
356182114342925	356182152920424	356182114602925
356182130957769	356182169588445	356182131342404
356182147625894	356182186253289	356182148009279
356182164331519	356182202919696	356182164697456
356182181075425	356182219586154	356182181434488
356182197663706	356182236256831	356182198074435
356182214317613	356182252928081	356182214582925
356182231010894	356182269597456	356182231416779
356182247673237	356182286266414	356182248131102
356182295184748	356182319602039	356182295544487
356182295435269	356182336267820	356182295554592
356182312200373	356182352934435	356182312721519
356182328776623	356182369600320	356182329154435
356182345443862	356182386266675	356182345818967
356182362127560	356182402934955	356182362504644
356182378787092	356182419600737	356182379171831
356182395491519	356182436267091	356182395880060
356182412178394	356182452933237	356182412554644
356182428856519	356182469600164	356182429226310
356182445465737	356182486264956	356182445872873

POLL t=204.8 tick=2508
16666666
356191058748547	356191102884796	356191059120109
356191075404640	356191119549484	356191075774172
356191092101828	356191136217765	356191092473078
356191108748390	356191152885005	356191109118495
356191125411932	356191169549535	356191125785734
356191167476984	356191186215109	356191167823078
356191167671515	356191202881984	356191167833807
356191184358963	356191219549327	356191184731620
356191200993390	356191236218494	356191201380578
356191217699484	356191252888598	356191218079640
356191234359328	356191269556410	356191234730838
356191251031776	356191286223963	356191251400109
356191267704328	356191302892244	356191268079432
356191284366672	356191319562557	356191284736984
356191301040422	356191336229119	356191301404484
356191317703078	356191352895837	356191318069797
356191360279432	356191386228286	356191360600109
356191360520890	356191402897348	356191360634015
356191377145369	356191419562921	356191377541047
356191393789119	356191436229067	356191394173963
356191410525734	356191452894848	356191410913859
356191427165994	356191469563494	356191427541515
356191443828390	356191486231098	356191444248390
356191460520213	356191502897921	356191460899276
356191477151203	356191519566619	356191477495994
356191493805526	356191536233077	356191494155057
356191510522453	356191552899014	356191510892140
356191559202140	356191586233650	356191559601203
356191559399953	356191602902921	356191559661359
356191576077609	356191619572453	356191576524640
356191592685734	356191636239328	356191593090109
356191609403703	356191652906671	356191609783703
356191626072921	356191669573806	356191626449328
356191642756151	356191686240473	356191643131828
356191659429953	356191702906984	356191659805213
356191676125890	356191719571983	356191676514328
356191692748807	356191736239640	356191693119484
356191709421828	356191752907817	356191709788078
356191758493026	356191786245161	356191758909484
356191758693234	356191802913702	356191758925265
356191775344484	356191819583963	356191775769015
356191791993182	356191836252609	356191792380890
356191808711828	356191852918962	356191809100421
356191825368703	356191869589691	356191825745369
356191842045578	356191886260005	356191842462296
356191858706671	356191902929953	356191859127921
356191875371463	356191919599275	356191875749640
356191892058546	356191936265316	356191892425994
356191908711359	356191952931150	356191909079275
356191951230109	356191969596046	356191951827973
356191951664484	356191986260473	356191951829796
356191968160265	356192002927921	356191968571203
356191984825369	356192019594952	356191985206984
356192001528703	356192036261306	356192001894432
356192018196775	356192052929223	356192018557244
356192034852609	356192069599900	356192035217140
356192051528390	356192086271045	356192051889328
356192068197713	356192102939900	356192068561515
356192084867713	356192119606046	356192085229327
356192101525734	356192136272348	356192101889588
356192137886827	356192169604170	356192138270213
356192138059588	356192186268910	356192138294952
356192155547140	356192202937296	356192156533077
356192171665890	356192219606254	356192172576202
356192188489796	356192236273077	356192189353702
356192205291827	356192252940681	356192206107609
356192222002296	356192269607556	356192222863702
356192238603546	356192286274587	356192239391827
356192255211515	356192302944692	356192256094640
356192271885838	356192319613025	356192272774588
356192288579327	356192336281098	356192289440369
356192329113650	356192352950942	356192329501359
356192329268702	356192369619952	356192329518963
356192346000421	356192386285369	356192346595890
356192362609484	356192402951046	356192363024275
356192379270265	356192419621045	356192379650525
356192395982869	356192436290316	356192396364952
356192412647452	356192452960890	356192413013338
356192429312921	356192469627869	356192429687921
356192445980265	356192486296046	356192446350265
356192462649015	356192502962608	356192463076671
356192479315421	356192519629535	356192479692140
356192521603234	356192552964014	356192521890265
356192521776671	356192569631358	356192521905890
356192538936306	356192586298389	356192539905994
356192555104952	356192602966306	356192555849431
356192571757765	356192619632504	356192572533963
356192588714900	356192636300004	356192589562452
356192605353546	356192652967244	356192606193702
356192622014796	356192669636566	356192622834327
356192638655734	356192686308233	356192639397296
356192655338390	356192702977244	356192656156619
356192671929119	356192719647504	356192672759119
356192713233390	356192736317192	356192713597921
356192713402869	356192752986826	356192713609171
356192730110733	356192769655941	356192730553077
356192746749483	356192786325160	356192747130265
356192763436671	356192802994379	356192763831150
356192780162400	356192819662035	356192780534900
356192796783702	356192836331670	356192797167765
356192813480733	356192853001254	356192813851983
356192830158025	356192869667608	356192830530890
356192846969483	356192886332348	356192847240056
356192863512400	356192902999639	356192863918494
356192904227296	356192936335681	356192904556671
356192904634796	356192953006306	356192904774744
356192922713702	356192969676619	356192923729171
356192938643858	356192986348962	356192939483338
356192955197452	356193003020369	356192956103806
356192972267921	356193019692764	356192972956046
356192989181671	356193036365576	356192989926202
356193005750890	356193053035108	356193006499431
356193022337765	356193069704587	356193023072400
356193039036619	356193086371618	356193039728025
356193055705369	356193103039170	356193056475577
356193097472608	356193119706566	356193097983181
356193097818963	356193136376410	356193097989588
356193114561827	356193153043597	356193115025056
356193131184900	356193169713285	356193131399952
356193147839015	356193186382191	356193148231515
356193164524744	356193203050993	356193164895108
356193181211150	356193219722191	356193181577921
356193197877087	356193236390576	356193198238390
356193214554796	356193253057400	356193214915265
356193231210890	356193269727452	356193231550890
356193247990265	356193286399639	356193248262400
356193289516358	9223372036854775807	356193289790733

POLL t=215.6 tick=2606
16666666
356201852866668	356201886881615	356201853237865
356201895148386	356201920207136	356201895573230
356201895360574	356201936871719	356201895582605
356201911986824	356201953536875	356201912438334
356201928658334	356201970201511	356201929043386
356201945357605	356201986867604	356201945734740
356201962035105	356202003534584	356201962410990
356201978697605	356202020198438	356201979069636
356201995377605	356202036864583	356201995766928
356202012075261	356202053530313	356202012407084
356202028698542	356202070193438	356202029080730
356202045336980	356202086858907	356202045723230
356202086458647	356202103523385	356202086782917
356202086630209	356202120189583	356202086793699
356202103327449	356202136855417	356202103752397
356202119967709	356202153522292	356202120343855
356202136665417	356202170187865	356202137037917
356202153340522	356202186854323	356202153717240
356202170006511	356202203519636	356202170368386
356202186674584	356202220184324	356202187034949
356202203340261	356202236850313	356202203712136
356202220031511	356202253517135	356202220380261
356202236637917	356202270183073	356202237058803
356202277401824	356202303520208	356202277818699
356202277598230	356202320190729	356202277827292
356202294297865	356202336860105	356202294811980
356202310902136	356202353529844	356202311285574
356202327608178	356202370197448	356202327986980
356202344290261	356202386864688	356202344663074
356202360956667	356202403532813	356202361337292
356202377619792	356202420200105	356202377995261
356202394286667	356202436865261	356202394673334
356202410953230	356202453531823	356202411332292
356202427623021	356202470200209	356202428049636
356202471141303	356202503533125	356202471496824
356202471334167	356202520199115	356202471544011
356202489227761	356202536867083	356202490178178
356202505491459	356202553536928	356202506440105
356202522433334	356202570204531	356202523264011
356202539314480	356202586871771	356202540154740
356202555896667	356202603536459	356202556621042
356202572489948	356202620203645	356202573382553
356202589242605	356202636869844	356202590123698
356202605831042	356202653537969	356202606667917
356202622356980	356202670205365	356202623208073
356202677251042	356202703533541	356202677836198
356202677551823	356202720197864	356202677843021
356202694123698	356202736867031	356202694565573
356202710729584	356202753535729	356202711180105
356202727427136	356202770202813	356202727814480
356202744160261	356202786871198	356202744540261
356202760808855	356202803539583	356202761195730
356202777471980	356202820208177	356202777883542
356202794138230	356202836878333	356202794512448
356202810800678	356202853545782	356202811175573
356202827472917	356202870211250	356202827844271
356202869669323	356202886880053	356202870063386
356202869880261	356202903548073	356202870081198
356202886602709	356202920218646	356202887045209
356202903194896	356202936885469	356202903664948
356202919897605	356202953549167	356202920292136
356202936573178	356202970216302	356202936964428
356202953236823	356202986884687	356202953655365
356202969906823	356203003553958	356202970305105
356202986574896	356203020220000	356202987022865
356203003241667	356203036888281	356203003694584
356203019931823	356203053559011	356203020350990
356203062455417	356203086896979	356203062802448
356203062654584	356203103565000	356203062809792
356203079336459	356203120232864	356203079778386
356203095965730	356203136900729	356203096353177
356203112631927	356203153570782	356203113009427
356203129310573	356203170240052	356203129686042
356203146013959	356203186906458	356203146387292
356203162680886	356203203572552	356203163054636
356203179345730	356203220241145	356203179719792
356203196037552	356203236909739	356203196388230
356203212681042	356203253581771	356203213059011
356203249420209	356203270251770	356203249993854
356203249628802	356203286919948	356203250004896
356203266268490	356203303586979	356203266824479
356203282893959	356203320254843	356203283311511
356203299598229	356203336925000	356203299976198
356203316314636	356203353592656	356203316680417
356203332924792	356203370260052	356203333309584
356203349632292	356203386928229	356203350001198
356203366306354	356203403596510	356203366669636
356203382976823	356203420262812	356203383385729
356203399644167	356203436930052	356203400010261
356203439928698	356203470272187	356203440302917
356203440154948	356203486940572	356203440319479
356203456880834	356203503608906	356203457261198
356203473447761	356203520275573	356203473832761
356203490163802	356203536942135	356203490363386
356203506830677	356203553612395	356203507202761
356203523489479	356203570283073	356203523692865
356203540156459	356203586950000	356203540361667
356203556822240	356203603620520	356203557248854
356203573498698	356203620288229	356203573696979
356203590201511	356203636955833	356203590401823
356203629249167	356203653624427	356203629759740
356203629480573	356203670292135	356203629779792
356203646178542	356203686959739	356203646569948
356203662836667	356203703628646	356203663265886
356203679517917	356203720300156	356203679915104
356203696214167	356203736968385	356203696597448
356203712871198	356203753635572	356203713263542
356203729545052	356203770304218	356203729955729
356203746183021	356203786971666	356203746564792
356203762835261	356203803638542	356203763212604
356203779526823	356203820301666	356203779905365
356203820941823	356203836965781	356203820884479
356203821431667	356203853630051	356203821865833
356203837950104	356203870294999	356203838388021
356203854584583	356203886962812	356203854983854
356203871273229	356203903632239	356203871654948
356203887939479	356203920300989	356203888326823
356203904656198	356203936967551	356203905000104
356203921329010	356203953631562	356203921671667
356203937976979	356203970294218	356203938343698
356203954629010	356203986958853	356203955007135
356203971440677	356204003624948	356203971724740
356204006767083	356204036954427	356204007040885
356204008366042	356204053619479	356204008725885
356204023751198	356204070284218	356204023985885
356204040351823	356204086949218	356204040780260
356204056992604	9223372036854775807	356204057364479

POLL t=226.4 tick=2670
16666666
356212738208695	356212770724528	356212738575257
356212774039945	356212804056975	356212774375674
356212774208070	356212820725882	356212774383955
356212790898486	356212837393329	356212791173070
356212807540518	356212854064059	356212807926507
356212824233799	356212870732757	356212824611976
356212840904476	356212887404840	356212841282392
356212857570674	356212904073746	356212857946767
356212874249111	356212920743329	356212874621038
356212890908382	356212937413069	356212891289736
356212907576611	356212954084267	356212907948226
356212924241195	356212970755257	356212924618070
356212965118226	356212987425569	356212965576976
356212965297757	356213004094424	356212965624320
356212981978799	356213020764267	356212982425413
356212998601038	356213037431246	356212999043486
356213015279320	356213054097861	356213015657913
356213031985101	356213070764996	356213032370101
356213048622132	356213087434684	356213049004788
356213065277444	356213104104214	356213065656351
356213081935830	356213120771819	356213082326663
356213098609632	356213137441558	356213099032757
356213115274267	356213154112391	356213115696976
356213156214007	356213187450621	356213156658226
356213156514580	356213204123329	356213156665049
356213173129736	356213220794683	356213173947601
356213189727132	356213237466090	356213190284632
356213206442392	356213254137913	356213207121507
356213223105882	356213270807131	356213223890101
356213239800101	356213287477757	356213240523382
356213256534632	356213304146559	356213257396142
356213273172861	356213320812913	356213273934163
356213289851038	356213337479423	356213290665882
356213306535517	356213354147861	356213307377757
356213342517757	356213370815309	356213343035413
356213342708069	356213387485569	356213343112444
356213359391455	356213404153330	356213359771507
356213376029892	356213420817704	356213376399944
356213392702444	356213437485829	356213393074944
356213409353382	356213454155673	356213409734476
356213426018694	356213470824891	356213426401976
356213442683174	356213487496715	356213443065205
356213459346976	356213504167861	356213459737601
356213476103330	356213520836089	356213476489007
356213492684007	356213537504475	356213493110569
356213530048069	356213554173381	356213530432288
356213530289476	356213570838642	356213530440726
356213546939476	356213587505256	356213547467444
356213563542861	356213604172288	356213563938226
356213580237861	356213620840204	356213580614788
356213596909944	356213637507861	356213597284632
356213613575726	356213654175204	356213613950986
356213630241507	356213670842548	356213630658069
356213646908330	356213687508225	356213647302080
356213663588330	356213704173069	356213663955569
356213680246663	356213720838954	356213680631507
356213718257080	356213737505568	356213718623850
356213718445830	356213754170777	356213718632913
356213735095569	356213770836454	356213735624736
356213751721819	356213787500308	356213752139007
356213768412236	356213804163954	356213768799319
356213785081819	356213820828798	356213785469267
356213801803225	356213837495100	356213802180257
356213818463382	356213854164423	356213818834007
356213835135361	356213870832548	356213835546611
356213851809892	356213887502652	356213852164736
356213868438486	356213904173537	356213868813798
356213906020048	356213937506611	356213906604267
356213906220517	356213954170569	356213906618538
356213923381819	356213970836454	356213924241350
356213939775205	356213987504214	356213940845048
356213956427080	356214004171142	356213957286194
356213973096975	356214020837652	356213973816767
356213989875830	356214037504944	356213990732080
356214006412600	356214054173329	356214007285413
356214023159944	356214070840777	356214024039111
356214039741507	356214087507548	356214040593330
356214056417861	356214104172861	356214057268850
356214095731507	356214120840100	356214096420986
356214096093330	356214137511298	356214096426663
356214112662757	356214154180777	356214113041767
356214129312705	356214170850985	356214129709007
356214146020569	356214187522339	356214146392444
356214162688850	356214204190204	356214163072444
356214179351298	356214220858902	356214179730829
356214196028382	356214237529214	356214196390413
356214212683225	356214254198381	356214213055361
356214229352236	356214270868277	356214229766038
356214246013642	356214287537861	356214246390725
356214282943225	356214304205048	356214283315100
356214283196298	356214320868433	356214283338173
356214299855257	356214337533641	356214300369788
356214316470257	356214354196402	356214316853954
356214333162757	356214370861663	356214333533225
356214349834319	356214387529319	356214350197861
356214366493381	356214404197183	356214366867288
356214383185204	356214420866766	356214383560881
356214399859579	356214437537078	356214400221350
356214416508538	356214454208120	356214416875569
356214433201975	356214470880204	356214433574006
356214470165725	356214487551350	356214470547756
356214470353642	356214504219162	356214470552131
356214487113694	356214520888433	356214487547079
356214503750725	356214537558121	356214504128642
356214520421663	356214554227340	356214520793538
356214537118069	356214570896142	356214537483381
356214553760048	356214587565985	356214554130569
356214570446975	356214604235413	356214570813694
356214587120569	356214620906090	356214587483173
356214603738642	356214637572547	356214604118173
356214620452600	356214654236975	356214620810725
356214660524788	356214687573485	356214660912079
356214660912913	356214704243225	356214661025986
356214677502079	356214720909527	356214677960569
356214694118954	356214737576193	356214694499892
356214710807756	356214754243589	356214711237548
356214727502131	356214770910048	356214727879944
356214744180881	356214787575360	356214744546506
356214760816142	356214804240933	356214761197131
356214777497131	356214820907651	356214777860569
356214794159319	356214837575881	356214794523225
356214810797444	356214854242183	356214811179006
356214865404788	356214887574943	356214866021663
356214865751767	356214904240204	356214866028225
356214882494579	356214920905881	356214882823069
356214899076038	356214937570829	356214899453694
356214915691454	9223372036854775807	356214916100100

POLL t=237.3 tick=2736
16666666
356223552040253	356223588008794	356223552420982
356223587491815	356223604677232	356223588251815
356223587815878	356223621345617	356223588266815
356223604360409	356223638012492	356223604820565
356223620998222	356223654679940	356223621501607
356223637700565	356223671347075	356223638172597
356223654390097	356223688013586	356223654848690
356223671049576	356223704681242	356223671566815
356223687716659	356223721348481	356223688183690
356223704394420	356223738016294	356223704821034
356223721048847	356223754684836	356223721503065
356223737716607	356223771350408	356223738139315
356223776891503	356223804678117	356223777265097
356223779837753	356223821343794	356223780332440
356223793785045	356223838010409	356223794306607
356223810397909	356223854675148	356223810818847
356223827068170	356223871341190	356223827447440
356223843775409	356223888010252	356223844146659
356223860405878	356223904680930	356223860788222
356223877109472	356223921348898	356223877478795
356223893779159	356223938016242	356223894207128
356223910445201	356223954684471	356223910813534
356223927104472	356223971351659	356223927483795
356223969380409	356223988017909	356223969918482
356223969754159	356224004685565	356223969930565
356223986301190	356224021354315	356223986679315
356224002945044	356224038020408	356224003345722
356224019662909	356224054686502	356224020055357
356224036317076	356224071352804	356224036691190
356224052985097	356224088020096	356224053353378
356224069649003	356224104689158	356224070013326
356224086317128	356224121354159	356224086723794
356224102967128	356224138019055	356224103362076
356224119653222	356224154684627	356224120034888
356224154258013	356224171349888	356224154581190
356224154480982	356224188015460	356224154588690
356224171177076	356224204682180	356224171678222
356224187783065	356224221347335	356224188196659
356224204500096	356224238013117	356224204922388
356224221173951	356224254675096	356224221553065
356224237835878	356224271338064	356224238203482
356224254497388	356224287999523	356224254873221
356224271169576	356224304663326	356224271549159
356224287832388	356224321328273	356224288212544
356224304498846	356224337991190	356224304866971
356224339110721	356224371318950	356224339453794
356224339294471	356224387979679	356224339466659
356224357151346	356224404641606	356224358131294
356224373312596	356224421303638	356224374355826
356224389901659	356224437966867	356224390754888
356224406978378	356224454629262	356224407808221
356224423687128	356224471295252	356224424507909
356224440431451	356224487960981	356224441241971
356224456932544	356224504623690	356224457796034
356224473553690	356224521286502	356224474417909
356224490184419	356224537950044	356224490967909
356224530994159	356224554616450	356224531516919
356224531200826	356224571282284	356224531548846
356224547893378	356224587949835	356224548435565
356224564512076	356224604618064	356224564905565
356224581205513	356224621286450	356224581582909
356224597888482	356224637955200	356224598258534
356224614555253	356224654622908	356224614922909
356224631217596	356224671289783	356224631580513
356224647886815	356224687954992	356224648250253
356224664559471	356224704620877	356224664938378
356224681223065	356224721288325	356224681590669
356224720874628	356224737954731	356224721290200
356224721176607	356224754625252	356224721529888
356224737778482	356224771291866	356224738277440
356224754364628	356224787958116	356224754803065
356224771102232	356224804624002	356224771471815
356224787733221	356224821290356	356224788165982
356224804510096	356224837959002	356224804879471
356224821118221	356224854625356	356224821504784
356224837785252	356224871293950	356224838157440
356224854450721	356224887961190	356224854824940
356224871116763	356224904627647	356224871488169
356224911020877	356224937956398	356224911401450
356224911224263	356224954623533	356224911416763
356224927895252	356224971292700	356224928316607
356224944526815	356224987965877	356224944950357
356224961233377	356225004636502	356224961613638
356224977899107	356225021303377	356224978273065
356224994571138	356225037970825	356224994989107
356225011239471	356225054638898	356225011652596
356225027862596	356225071304783	356225028295825
356225044523846	356225087969471	356225044953690
356225061244107	356225104633846	356225061671919
356225102640096	356225121298585	356225103195200
356225102996502	356225137964627	356225103201190
356225119512596	356225154629679	356225119899471
356225136209784	356225171294992	356225136605409
356225152869627	356225187960617	356225153250565
356225169579471	356225204625148	356225169963534
356225186243065	356225221290095	356225186610409
356225202914732	356225237956658	356225203286971
356225219638794	356225254621711	356225220004315
356225236263846	356225271285200	356225236628534
356225252948846	356225287951659	356225253311502
356225288163534	356225304616085	356225288551190
356225288432284	356225321280304	356225288565565
356225305158377	356225337945669	356225305577752
356225321808325	356225354611345	356225322203377
356225338465252	356225371279367	356225338835044
356225355167752	356225387946137	356225355529315
356225371834627	356225404612492	356225372197596
356225388497075	356225421280981	356225388857909
356225405170044	356225437948898	356225405532127
356225421838846	356225454614106	356225422202127
356225438465200	356225471277596	356225438831606
356225469756919	356225487940356	356225470080825
356225471877596	356225504602388	356225472216815
356225488462544	356225521262179	356225488859888
356225505133065	356225537923845	356225505512908
356225521849158	356225554587283	356225522211658
356225538508221	356225571251710	356225538876346
356225555164471	356225587916189	356225555539002
356225571838377	356225604580616	356225572206346
356225588501971	356225621244887	356225588869263
356225605171658	356225637910981	356225605552283
356225621843638	356225654574574	356225622204731
356225656853481	356225687900148	356225657135408
356225657056971	356225704560721	356225657140096
356225673901033	356225721223012	356225674832283
356225690411971	356225737886762	356225691044419
356225707060252	9223372036854775807	356225707595981

POLL t=248.1 tick=2802
16666666
356234311682280	356234352628529	356234312055041
356234328353218	356234369288166	356234328725978
356234367833061	356234385948529	356234368131343
356234368033843	356234402609832	356234368136655
356234384710718	356234419269415	356234385082280
356234401347749	356234435929102	356234401711655
356234418052384	356234452589259	356234418418530
356234434717436	356234469251811	356234435081655
356234451379103	356234485912384	356234451749572
356234468020561	356234502573842	356234468384415
356234484662749	356234519233061	356234485047436
356234501403009	356234535893634	356234501770040
356234518057593	356234552551030	356234518432593
356234555231134	356234585868998	356234556111186
356234555409884	356234602527853	356234556441655
356234572124884	356234619188009	356234572850561
356234588809155	356234635845196	356234588988218
356234605454572	356234652505457	356234605691655
356234622118530	356234669166654	356234622441811
356234638754572	356234685828999	356234638989624
356234655418218	356234702488582	356234655656811
356234672148374	356234719148582	356234672353374
356234688757592	356234735806499	356234688995509
356234705411655	356234752466967	356234705683061
356234744318634	356234769129050	356234744806447
356234744505092	356234785789519	356234744815717
356234761188842	356234802450040	356234761677436
356234777818999	356234819111862	356234778200717
356234794489780	356234835772331	356234794872072
356234811162072	356234852432228	356234811600197
356234827865717	356234869091238	356234828236030
356234844539467	356234885749467	356234844909936
356234861200874	356234902411446	356234861573061
356234877869415	356234919072904	356234878243061
356234894535405	356234935733321	356234894915717
356234932045822	356234952394571	356234932578061
356234932270665	356234969057436	356234932597697
356234948941759	356234985718790	356234949375509
356234965547853	356235002381706	356234965929259
356234982271811	356235019045092	356234982641655
356234998912905	356235035710196	356234999295978
356235015589624	356235052372749	356235015971759
356235032257905	356235069034102	356235032631655
356235048917905	356235085696706	356235049296030
356235065584780	356235102361394	356235065966290
356235082244624	356235119024206	356235082659780
356235126203217	356235152349623	356235127370717
356235126592905	356235169013634	356235127383374
356235143092384	356235185677071	356235143537280
356235159698061	356235202343165	356235160092696
356235176401967	356235219006654	356235176789155
356235193081811	356235235670352	356235193456342
356235209748842	356235252331758	356235210119571
356235226410874	356235268996185	356235226780196
356235243081030	356235285660769	356235243459571
356235259747436	356235302325665	356235260125717
356235276415196	356235318988477	356235276784467
356235321702228	356235352314467	356235322109780
356235321897696	356235368976134	356235322124780
356235338593946	356235385639936	356235339474155
356235355210561	356235402304206	356235355416446
356235371900248	356235418967487	356235372074780
356235388585040	356235435631186	356235388780873
356235405278373	356235452296342	356235405480873
356235421869467	356235468961030	356235422160561
356235438538842	356235485627331	356235438772905
356235455198998	356235502287904	356235455460353
356235471862748	356235518949154	356235472153842
356235515661811	356235535609363	356235516346498
356235515974623	356235552269311	356235516352071
356235532579155	356235568930352	356235533153061
356235549239884	356235585591446	356235549763790
356235565874415	356235602253634	356235566298686
356235582595405	356235618914727	356235582983217
356235599250405	356235635576342	356235599628530
356235615929571	356235652238321	356235616296186
356235632590040	356235668901758	356235632957748
356235649258842	356235685568477	356235649624728
356235665931134	356235702235508	356235666293061
356235703120561	356235735568581	356235703872540
356235733633686	356235752232019	356235734047123
356235733758530	356235768893530	356235734052123
356235750453061	356235785556706	356235750838842
356235767089727	356235802220613	356235767460248
356235783846498	356235818884675	356235784198061
356235800504311	356235835548060	356235800867280
356235817169155	356235852211654	356235817543373
356235833839780	356235868876655	356235834210248
356235850513165	356235885541341	356235850879623
356235889535040	356235918868998	356235889876134
356235889728686	356235935532019	356235889886967
356235906412852	356235952193946	356235906795509
356235923034155	356235968858165	356235923459311
356235939724780	356235985522748	356235940111967
356235956379155	356236002190873	356235956762592
356235973039415	356236018856445	356235973431759
356235989704102	356236035523842	356235990091186
356236006382436	356236052189050	356236006770040
356236023119415	356236068853477	356236023490873
356236039734154	356236085519310	356236040115092
356236082447748	356236102188112	356236082932279
356236082773998	356236118855300	356236082939259
356236099445873	356236135521654	356236099818998
356236116139936	356236152185925	356236116516654
356236132811446	356236168850196	356236133193217
356236149476446	356236185514310	356236149841134
356236166086134	356236202178217	356236166461342
356236182781342	356236218841133	356236183148009
356236199435717	356236235507174	356236199800717
356236216173373	356236252175456	356236216545561
356236232803842	356236268839883	356236233172279
356236272840352	356236302170873	356236273249779
356236273104259	356236318833737	356236273268529
356236289759259	356236335497174	356236290152384
356236306420092	356236352159206	356236306794467
356236323098373	356236368824206	356236323485404
356236339798842	356236385488112	356236340174467
356236356466811	356236402151238	356236356841029
356236373145352	356236418815717	356236373522904
356236389818477	356236435479310	356236390190196
356236406472071	356236452142019	356236406842904
356236423100404	356236468804935	356236423472123
356236464140977	356236485464883	356236464653321
356236464456029	356236502123633	356236464658529
356236481044571	356236518783946	356236481433321
356236497715665	356236535446550	356236498085873
356236514384779	9223372036854775807	356236514776186

POLL t=258.9 tick=2867
16666666
356245081066495	356245118127120	356245081310401
356245097700401	356245134790453	356245098130870
356245114246182	356245151452952	356245114631964
356245130911599	356245168114828	356245131288370
356245147631182	356245184780140	356245148004932
356245164284255	356245201443160	356245164657120
356245180915713	356245218105140	356245181299932
356245197572901	356245234770088	356245197961651
356245214245245	356245251433421	356245214677224
356245230915245	356245268097171	356245231285088
356245272560713	356245301423473	356245273052276
356245272855036	356245318085921	356245273058318
356245289458526	356245334749828	356245289904411
356245306095974	356245351412745	356245306487745
356245322795557	356245368077223	356245323165818
356245339471963	356245384739567	356245339853786
356245356142536	356245401402328	356245356519463
356245372807120	356245418067432	356245373184307
356245389478630	356245434734671	356245389852588
356245406148682	356245451397744	356245406525661
356245422820870	356245468064880	356245423186182
356245461022901	356245484731078	356245461546182
356245461210557	356245501397275	356245461559620
356245477923161	356245518063942	356245478365505
356245494512432	356245534731182	356245494899568
356245511218526	356245551397692	356245511760401
356245527902693	356245568062952	356245528278682
356245544563474	356245584728057	356245544935713
356245561227745	356245601392223	356245561599151
356245578036338	356245618055765	356245578408370
356245594557536	356245634717848	356245594943995
356245611243057	356245651382483	356245611667901
356245656480192	356245684709723	356245656862120
356245656671963	356245701375192	356245656869620
356245673340192	356245718041025	356245673768995
356245689951755	356245734706026	356245690333057
356245706634411	356245751370088	356245707057380
356245723317432	356245768035505	356245723702588
356245739997849	356245784697901	356245740384620
356245756658682	356245801360348	356245757049776
356245773322588	356245818024827	356245773707432
356245790058005	356245834688682	356245790469932
356245806721026	356245851355296	356245807156807
356245867405817	356245884686026	356245867782901
356245867626494	356245901351651	356245867791130
356245884330088	356245918018942	356245884907588
356245900948526	356245934683734	356245901392067
356245917645401	356245951346442	356245918015505
356245934267744	356245968012484	356245934639099
356245950982224	356245984680192	356245951459151
356245967649567	356246001345661	356245968080036
356245984314463	356246018009463	356245984676182
356246000976442	356246034672328	356246001383682
356246053724619	356246084658265	356246054165088
356246054200244	356246101321338	356246054362276
356246070673942	356246117984567	356246071231963
356246087292588	356246134647015	356246087521026
356246103962588	356246151309358	356246104565557
356246120691911	356246167973890	356246121057380
356246137357536	356246184638004	356246137802276
356246154019880	356246201301546	356246154432588
356246170688474	356246217965764	356246171131026
356246187357119	356246234625869	356246187800817
356246204035974	356246251286078	356246204396911
356246245928317	356246267944306	356246246528786
356246246119776	356246284601702	356246246538005
356246262809932	356246301259307	356246263243317
356246279441911	356246317918004	356246279843317
356246296116338	356246334576963	356246296493161
356246312770036	356246351237692	356246312994463
356246329427119	356246367899619	356246329811651
356246346087119	356246384561338	356246346472901
356246362763526	356246401222327	356246363147848
356246379431286	356246417884307	356246379814307
356246396126807	356246434548577	356246396505244
356246445966963	356246467877691	356246446431651
356246446173526	356246484543317	356246446474567
356246462876182	356246501208577	356246463374880
356246479485557	356246517875504	356246479860973
356246496168994	356246534542588	356246496543942
356246512856598	356246551206129	356246513072067
356246529528369	356246567871494	356246529893838
356246546193369	356246584539775	356246546554775
356246562832432	356246601208368	356246563202067
356246579486286	356246617876702	356246579858213
356246596144463	356246634546285	356246596521338
356246636958213	356246667882275	356246637518473
356246637361911	356246684550400	356246637525400
356246653842432	356246701218265	356246654783369
356246670488630	356246717885452	356246670965400
356246687220869	356246734551546	356246687688786
356246703881025	356246751217171	356246704378213
356246720550192	356246767883994	356246720875244
356246737214150	356246784550713	356246737684932
356246753884932	356246801217067	356246754339098
356246770531025	356246817884566	356246770985973
356246823509775	356246851216910	356246824070088
356246823820661	356246867883473	356246824092432
356246840419932	356246884550139	356246840861494
356246857009307	356246901218213	356246857398057
356246873737588	356246917884983	356246874124411
356246890416025	356246934553316	356246890798317
356246907062432	356246951224202	356246907480400
356246923764463	356246967891910	356246924137744
356246940460088	356246984559827	356246940823004
356246957121494	356247001226702	356246957498057
356246973747275	356247017892483	356246974128213
356247018841650	356247051224723	356247019363473
356247021831807	356247067891077	356247022295244
356247037228525	356247084556858	356247038133369
356247053554307	356247101223160	356247054385713
356247070449932	356247117887535	356247071230244
356247087234932	356247134556233	356247087986650
356247103926129	356247151224723	356247104686754
356247120554879	356247167890348	356247121237067
356247137277275	356247184556754	356247138038525
356247153889306	356247201223681	356247154685504
356247170588838	356247217891181	356247171355556
356247213104879	356247234558733	356247213618994
356247213423994	356247251222483	356247213678056
356247230069879	356247267886285	356247230505713
356247246686338	356247284551597	356247247079723
356247263403369	356247301214931	356247263764619
356247280829775	356247317880452	356247281161963
356247296795973	356247334544826	356247297161129
356247313357536	356247351207327	356247313720973
356247330043681	9223372036854775807	356247330410244

POLL t=269.7 tick=2932
16666666
356255920191803	356255967001959	356255920398209
356255936848678	356255983665501	356255937239459
356255953524928	356256000329980	356255953724928
356255970191022	356256016993730	356255970393157
356255986837272	356256033656699	356255987043001
356256027125397	356256050320240	356256027644147
356256027436959	356256066984719	356256027661022
356256044264459	356256083651751	356256044590866
356256060614928	356256100316855	356256061001022
356256077348938	356256116980813	356256077715813
356256094010032	356256133646073	356256094368991
356256110677220	356256150312324	356256111048938
356256127342845	356256166980188	356256127716022
356256144035501	356256183647949	356256144381178
356256160678834	356256200311647	356256161050084
356256177349147	356256216975136	356256177712116
356256216033470	356256233637741	356256216409876
356256216328157	356256250299042	356256216472688
356256232945397	356256266960917	356256233385970
356256249555866	356256283623886	356256249963366
356256266260970	356256300287428	356256266642376
356256282956491	356256316949719	356256283343053
356256299581751	356256333613834	356256300016178
356256316290709	356256350278313	356256316660345
356256332954147	356256366940917	356256333374720
356256349622845	356256383602011	356256349995553
356256366291438	356256400262792	356256366660865
356256406329720	356256433588000	356256406728782
356256406607740	356256450250240	356256406734407
356256423193522	356256466911021	356256423639876
356256439816022	356256483572583	356256440208990
356256456499615	356256500237532	356256456881959
356256473208990	356256516902636	356256473637584
356256489875084	356256533564511	356256490286490
356256506540865	356256550227480	356256506918782
356256523208209	356256566888938	356256523630240
356256539875865	356256583550917	356256540254615
356256556532272	356256600209719	356256556958678
356256599529459	356256616870500	356256599967897
356256602120240	356256633533573	356256602855240
356256616398522	356256650195032	356256617022428
356256633022740	356256666855604	356256633404459
356256649697740	356256683518365	356256650086334
356256666384251	356256700180553	356256666763834
356256683035709	356256716838208	356256683413053
356256699706178	356256733497687	356256700087428
356256716374459	356256750160813	356256716747897
356256733045501	356256766821177	356256733466126
356256749711178	356256783480969	356256750088990
356256793181022	356256816799459	356256793547584
356256793359719	356256833459823	356256793613209
356256810074459	356256850123000	356256810591959
356256826681022	356256866781751	356256827104719
356256843329459	356256883440969	356256843713990
356256860087272	356256900102636	356256860455188
356256876724147	356256916763261	356256877088990
356256893347063	356256933424198	356256893765501
356256910064303	356256950086385	356256910431438
356256926715397	356256966747531	356256927087740
356256943387897	356256983406855	356256943754928
356256984464719	356257016730031	356256984964146
356256984798313	356257033393677	356256984972271
356257002633157	356257050055240	356257003756178
356257018678678	356257066716959	356257019701178
356257035478990	356257083379198	356257036328001
356257052473678	356257100042218	356257053296803
356257068960501	356257116704042	356257069819771
356257085576646	356257133365448	356257086432115
356257102380188	356257150026750	356257103239563
356257118860813	356257166690969	356257119728001
356257135657740	356257183355500	356257136412584
356257171545553	356257200020292	356257172083521
356257171733938	356257216685031	356257172095396
356257188414771	356257233348052	356257188941334
356257205034303	356257250011750	356257205434303
356257221766803	356257266674250	356257222284146
356257238424928	356257283336386	356257238839094
356257255087688	356257299997375	356257255483313
356257271753365	356257316661282	356257272167271
356257288421646	356257333325969	356257288796334
356257305081751	356257349990500	356257305461959
356257321756907	356257366652948	356257322124251
356257368201282	356257399976073	356257368572740
356257368399615	356257416638313	356257368678521
356257385881959	356257433301594	356257386772375
356257401931334	356257449966646	356257402883157
356257418589771	356257466633364	356257419528938
356257435572428	356257483296385	356257436354615
356257452324459	356257499958989	356257453134563
356257468880396	356257516621177	356257469747271
356257485461907	356257533285553	356257486308782
356257502213834	356257549948104	356257503073157
356257519023209	356257566609719	356257519844303
356257559803469	356257583271177	356257560314615
356257560025553	356257599934615	356257560368469
356257576679875	356257616597115	356257577120553
356257593300084	356257633258365	356257593722584
356257610016334	356257649921490	356257610374407
356257626738521	356257666584198	356257627116177
356257643350240	356257683244094	356257643715709
356257659988782	356257699906021	356257660377584
356257676732219	356257716568208	356257677103625
356257693430552	356257733234250	356257693804771
356257710082584	356257749898052	356257710441334
356257754504771	356257783230031	356257754939302
356257754834250	356257799893677	356257754946646
356257771461802	356257816555239	356257771915813
356257788127896	356257833218000	356257788519771
356257804782427	356257849881125	356257805161646
356257821483677	356257866544093	356257821857688
356257838072584	356257883209406	356257838442375
356257854795552	356257899872219	356257855169771
356257871441802	356257916533365	356257871829563
356257888191802	356257933197844	356257888540396
356257904801282	356257949859718	356257905178625
356257954898782	356257983188469	356257955233365
356257955066021	356257999854094	356257955237844
356257971821177	356258016517687	356257972188157
356257988438677	356258033182271	356257988833052
356258005138365	356258049846542	356258005506802
356258021828938	356258066513781	356258022199146
356258038483469	356258083176124	356258038866021
356258055130656	356258099840083	356258055513209
356258071803990	356258116505396	356258072180865
356258088491959	356258133168937	356258088872375
356258105182115	356258149835499	356258105557219
356258138833365	356258166498469	356258139210240

POLL t=280.5 tick=2996
16666666
356266742095549	356266781608673	356266742455184
356266782835861	356266814930080	356266783202059
356266783036591	356266831589820	356266783221018
356266800941122	356266848251851	356266801777111
356266816988934	356266864915600	356266817892580
356266833980341	356266881578569	356266834795809
356266850538205	356266898242423	356266851317268
356266867068518	356266914906643	356266867940861
356266883924611	356266931570027	356266884739299
356266900598622	356266948233986	356266901449403
356266917271018	356266964893204	356266918118049
356266933867580	356266981557007	356266934684143
356266973203674	356266998221694	356266973729091
356266973516278	356267014886017	356266973800705
356266990105966	356267031548934	356266990642268
356267006722111	356267048215652	356267007117736
356267023436174	356267064882527	356267023854559
356267040131018	356267081549611	356267040507111
356267056734143	356267098216955	356267057112893
356267073444299	356267114883934	356267073823049
356267090099455	356267131550236	356267090467893
356267106766955	356267148216226	356267107181122
356267123431330	356267164881069	356267123814247
356267163487997	356267181547268	356267163906643
356267163778830	356267198212632	356267163927736
356267180364299	356267214878934	356267180803205
356267197008778	356267231545444	356267197381643
356267213710080	356267248212372	356267214081799
356267230374143	356267264878308	356267230744090
356267247030549	356267281543986	356267247403049
356267263807893	356267298211538	356267264185653
356267280415080	356267314879558	356267280791590
356267297081799	356267331543100	356267297451799
356267313749403	356267348207163	356267314128622
356267351544455	356267381540496	356267352114299
356267351737840	356267398205652	356267352124559
356267368423986	356267414870080	356267368736799
356267385029924	356267431536173	356267385417111
356267401708361	356267448200444	356267402102580
356267418382736	356267464864403	356267418773674
356267435053674	356267481527944	356267435443205
356267451719299	356267498192319	356267452103517
356267468434403	356267514857059	356267468808622
356267485090080	356267531523309	356267485467059
356267501757111	356267548188621	356267502135653
356267541556642	356267564857215	356267542118830
356267541885080	356267581525236	356267542141017
356267558450965	356267598190131	356267558951486
356267575030080	356267614852632	356267575417424
356267591756747	356267631519559	356267592132267
356267608430705	356267648187892	356267608802267
356267625065705	356267664851486	356267625444924
356267641728309	356267681515288	356267642111642
356267658445861	356267698181225	356267658811955
356267675115809	356267714845913	356267675494247
356267691786330	356267731510809	356267692151642
356267732396486	356267764836902	356267732741799
356267732591434	356267781502111	356267732757267
356267750577372	356267798168621	356267751444767
356267766860392	356267814836069	356267767769299
356267783720549	356267831505080	356267784576174
356267800496642	356267848172058	356267801335236
356267817126955	356267864840601	356267817964611
356267833785392	356267881506381	356267834643830
356267850411642	356267898170236	356267851184924
356267867097424	356267914835964	356267867940861
356267883872580	356267931500028	356267884710184
356267923091642	356267948164924	356267923616642
356267923298205	356267964832006	356267923635809
356267939974246	356267981498517	356267940486799
356267956608049	356267998163569	356267956983621
356267973300236	356268014825444	356267973677840
356267989985496	356268031490288	356267990411278
356268006647424	356268048156694	356268007055392
356268023315080	356268064825392	356268023728361
356268039981486	356268081495704	356268040351278
356268056654299	356268098161850	356268057013830
356268073313621	356268114829610	356268073680965
356268116828465	356268148167736	356268117225080
356268117043830	356268164831381	356268117242371
356268134095965	356268181498152	356268135126590
356268150341642	356268198165600	356268150939923
356268167055965	356268214831589	356268167898778
356268183917111	356268231495756	356268184743621
356268200558830	356268248159663	356268201361798
356268217227215	356268264824454	356268218070965
356268233816955	356268281486954	356268234648621
356268250497736	356268298151798	356268251267684
356268267173673	356268314816433	356268268009611
356268312370392	356268331480339	356268313092996
356268312700392	356268348143412	356268313102111
356268329306330	356268364806225	356268329870496
356268345914403	356268381471694	356268346311798
356268362582111	356268398142006	356268362975080
356268379282736	356268414811173	356268379669871
356268395941330	356268431478309	356268396330340
356268412622423	356268448144610	356268413043621
356268429373830	356268464809402	356268429719715
356268446088048	356268481474194	356268446439611
356268462704142	356268498142735	356268463113517
356268501869611	356268531479611	356268502244246
356268502115392	356268548146173	356268502250340
356268518769298	356268564813048	356268519215965
356268535413673	356268581482787	356268535794142
356268552126330	356268598150704	356268552509455
356268568804715	356268614817527	356268569177267
356268585517580	356268631485548	356268585897892
356268602118361	356268648149038	356268602490080
356268618805548	356268664816849	356268619175236
356268635485705	356268681484194	356268635897267
356268652190392	356268698151693	356268652559455
356268694405236	356268714818725	356268694765809
356268694588205	356268731485808	356268694772215
356268711357423	356268748152526	356268711738517
356268728053205	356268764821798	356268728403986
356268744715965	356268781492839	356268745079298
356268761386173	356268798163100	356268761723204
356268778027111	356268814828256	356268778382059
356268794697215	356268831496641	356268795051746
356268811369454	356268848166225	356268811723465
356268828090079	356268864832683	356268828395496
356268844687736	356268881501069	356268845058465
356268888486902	356268914836902	356268888795392
356268888706642	356268931505600	356268888810965
356268905450704	356268948174975	356268905878361
356268922083517	356268964844089	356268922451173
356268938697892	9223372036854775807	356268939095079

POLL t=291.6 tick=3094
16666666
356277910448826	356277947261326	356277910817420
356277927133513	356277963923773	356277927505493
356277943797107	356277980587263	356277944172420
356277960465388	356277997251013	356277960839451
356277977127680	356278013913304	356277977488670
356277993798930	356278030575076	356277994174138
356278010463357	356278047237002	356278010826013
356278050511899	356278080563044	356278050891326
356278050716951	356278097223981	356278050900180
356278067375388	356278113885179	356278067756795
356278084025232	356278130549086	356278084404763
356278100729243	356278147214710	356278101109451
356278117395961	356278163881690	356278117776118
356278134062888	356278180547523	356278134438149
356278150732732	356278197215544	356278151107420
356278167399086	356278213881690	356278167782524
356278184083045	356278230545440	356278184454243
356278200729451	356278247210023	356278201102732
356278237953513	356278263873565	356278238325493
356278238127211	356278280536170	356278238336743
356278254851013	356278297200075	356278255290076
356278271471170	356278313861377	356278271860961
356278288183201	356278330523460	356278288565805
356278304833774	356278347184711	356278305225388
356278321491170	356278363844919	356278321879399
356278338162211	356278380505440	356278338589295
356278354907888	356278397166013	356278355282367
356278371573149	356278413827471	356278371996742
356278388242888	356278430489763	356278388654920
356278427092367	356278447154502	356278427591795
356278427298045	356278463818096	356278427597055
356278443984607	356278480483461	356278444508305
356278460682888	356278497144920	356278461226795
356278477322107	356278513805804	356278477691170
356278494001170	356278530467003	356278494371482
356278510661951	356278547127888	356278511045336
356278527331274	356278563791377	356278527708357
356278543993774	356278580452159	356278544367263
356278560644555	356278597115127	356278561021638
356278577287992	356278613776585	356278577717367
356278614911586	356278647096273	356278615288461
356278615100857	356278663758149	356278615295388
356278632946638	356278680421377	356278633894294
356278649106169	356278697084815	356278650034138
356278665660701	356278713748982	356278666638826
356278682798044	356278730410336	356278683666013
356278699426169	356278747073461	356278700321794
356278716074763	356278763735596	356278716890961
356278732737524	356278780397211	356278733639086
356278749463044	356278797058253	356278750327888
356278766033305	356278813720700	356278766939919
356278804207732	356278830383982	356278804736169
356278804399919	356278847047992	356278804741951
356278821037732	356278863712159	356278821452107
356278837687992	356278880374815	356278838099763
356278854378513	356278897038044	356278854769711
356278871055388	356278913700752	356278871478826
356278887714294	356278930362523	356278888090857
356278904370857	356278947024919	356278904803930
356278921051638	356278963687628	356278921428305
356278937712263	356278980349242	356278938099451
356278954373044	356278997012679	356278954765180
356278995033669	356279013674710	356278995431169
356278995260024	356279030336638	356278995448930
356279011970857	356279046999085	356279012479294
356279028547836	356279063662315	356279028930648
356279045271482	356279080323357	356279045814086
356279061899867	356279096985856	356279062285648
356279078571794	356279113648878	356279078952680
356279095230232	356279130308304	356279095609398
356279111941117	356279146970283	356279112313513
356279128610180	356279163629711	356279128981169
356279145274398	356279180290023	356279145639086
356279204849086	356279230268825	356279205214138
356279205070805	356279246931898	356279205272055
356279221762107	356279263593617	356279222270961
356279238373513	356279280256585	356279238819607
356279255071794	356279296918721	356279255448513
356279271743669	356279313578513	356279272115544
356279288417836	356279330238982	356279288794398
356279305084294	356279346901950	356279305498148
356279321746794	356279363569971	356279322166013
356279338412888	356279380235909	356279338791325
356279355085336	356279396901533	356279355511794
356279396050180	356279413567419	356279396416013
356279396257419	356279430230596	356279396431794
356279412921273	356279446891950	356279413339607
356279429537367	356279463554606	356279429923200
356279446272107	356279480218252	356279446647419
356279462914450	356279496882627	356279463298669
356279479618513	356279513544554	356279479993617
356279496281013	356279530207575	356279496640388
356279512906325	356279546869294	356279513281169
356279529563930	356279563531429	356279529942211
356279546220805	356279580193825	356279546598200
356279581739398	356279613522002	356279582021586
356279581906482	356279630185700	356279582051950
356279599813669	356279646848825	356279600676117
356279615528513	356279663511272	356279616464242
356279633005961	356279680174137	356279633737211
356279649590388	356279696837835	356279650348617
356279666195336	356279713499814	356279666958982
356279682835232	356279730162210	356279683539398
356279699593304	356279746826324	356279700289450
356279716243513	356279763487940	356279716958513
356279732869398	356279780148773	356279733647054
356279767912054	356279796809033	356279768348982
356279770687107	356279813469814	356279771141117
356279784942263	356279830130075	356279785448357
356279801549294	356279846792106	356279801922263
356279818210388	356279863456533	356279818581898
356279834897732	356279880120700	356279835324919
356279851713513	356279896785856	356279851978357
356279868278200	356279913450804	356279868656013
356279884939763	356279930115387	356279885305179
356279901599554	356279946781742	356279901975856
356279918268513	356279963447783	356279918640075
356279961976013	356279980115856	356279962393513
356279962247888	356279996782366	356279962398513
356279978965648	356280013450961	356279979404450
356279995578356	356280030118148	356279995967211
356280012314763	356280046786533	356280012695023
356280028976013	356280063454762	356280029365856
356280045740544	356280080121585	356280046011638
356280062312888	356280096788929	356280062677106
356280078923981	356280113455908	356280079302106
356280095553669	9223372036854775807	356280095973356

POLL t=302.4 tick=3158
16666666
356288711519447	356288745560697	356288711916009
356288728271478	356288762228561	356288728634395
356288744935541	356288778895175	356288745308457
356288761602728	356288795562155	356288761966270
356288778265020	356288812229759	356288778668145
356288794932728	356288828896217	356288795303353
356288811600384	356288845561009	356288812013353
356288828270801	356288862228353	356288828663978
356288863464603	356288895559394	356288863754395
356288863633822	356288912226166	356288863764759
356288881314603	356288928893040	356288882151009
356288897518613	356288945558873	356288898338822
356288914471582	356288962224863	356288915340957
356288931267259	356288978888613	356288932122676
356288947850853	356288995550645	356288948738666
356288964583666	356289012211113	356288965380384
356288981202363	356289028870332	356288982059291
356288997874082	356289045528040	356288998622728
356289014548822	356289062189186	356289015393613
356289049113926	356289078852676	356289049416634
356289049303041	356289095515384	356289049428041
356289066007363	356289112179498	356289066550697
356289082587832	356289128844863	356289082991478
356289099252884	356289145509394	356289099638040
356289115963197	356289162174551	356289116347676
356289132656895	356289178840071	356289133027103
356289149323770	356289195504394	356289149742884
356289165995072	356289212168248	356289166374603
356289182690332	356289228834655	356289183070332
356289199322572	356289245500436	356289199708457
356289235946947	356289262167362	356289236484082
356289236185020	356289278833977	356289236494863
356289252875384	356289295501165	356289253381165
356289269482884	356289312166270	356289269864863
356289286175697	356289328832728	356289286543978
356289302857884	356289345497103	356289303237572
356289319484603	356289362163248	356289319867884
356289336195176	356289378829290	356289336567259
356289352859759	356289395494290	356289353230540
356289369523509	356289412157831	356289369897207
356289386189915	356289428821582	356289386611165
356289424754603	356289445486530	356289425292207
356289425055957	356289462152467	356289425304915
356289441630488	356289478819237	356289442007676
356289458266270	356289495482571	356289458651478
356289474982051	356289512145436	356289475357728
356289491639603	356289528809446	356289492010540
356289508315176	356289545472050	356289508679134
356289524979915	356289562133248	356289525349134
356289541647207	356289578792884	356289542033926
356289558309551	356289595459186	356289558711165
356289574982415	356289612125748	356289575360540
356289613248509	356289645455123	356289613532051
356289613428613	356289662120748	356289613540957
356289631244603	356289678786008	356289632266947
356289647480697	356289695447363	356289648392884
356289664437415	356289712110019	356289665289759
356289681091426	356289728773769	356289681931634
356289697861165	356289745439967	356289698602676
356289714389134	356289762105175	356289715216582
356289731076165	356289778770852	356289731927415
356289747843509	356289795434238	356289748577103
356289764547207	356289812097519	356289765365176
356289798671165	356289828760123	356289799226790
356289798931009	356289845420748	356289799290801
356289815549134	356289862083196	356289815803665
356289832195228	356289878747779	356289832591894
356289848901790	356289895412415	356289849097988
356289865547988	356289912075436	356289865976426
356289882374863	356289928737675	356289882743613
356289898901946	356289945401113	356289899272051
356289915560071	356289962065644	356289915944134
356289932212519	356289978731321	356289932597728
356289948874238	356289995397155	356289949266738
356290005664603	356290028725175	356290006043821
356290005881009	356290045393925	356290006062363
356290022569915	356290062062779	356290023010801
356290039189290	356290078730383	356290039579394
356290055890644	356290095397832	356290056261165
356290072525228	356290112064082	356290072959915
356290089178665	356290128730019	356290089574134
356290105852832	356290145394550	356290106278926
356290122506269	356290162062258	356290122898821
356290139170384	356290178727675	356290139603926
356290155837675	356290195391321	356290156222259
356290194696425	356290212058144	356290195228457
356290194915853	356290228724290	356290195241634
356290211591582	356290245391113	356290211999290
356290228220644	356290262057779	356290228603040
356290244937050	356290278724029	356290245312728
356290261603353	356290295391894	356290261971946
356290278250071	356290312062310	356290278681634
356290294904446	356290328732363	356290295287207
356290311570384	356290345399237	356290311950800
356290328268353	356290362065384	356290328642884
356290344936634	356290378729134	356290345304550
356290384516946	356290412055331	356290385134446
356290384730644	356290428718664	356290385202363
356290401382675	356290445383248	356290401776634
356290418075488	356290462047831	356290418466634
356290434755540	356290478711008	356290435124446
356290451447884	356290495375592	356290451832571
356290468146009	356290512042206	356290468550957
356290484779915	356290528709914	356290484997519
356290501446009	356290545377519	356290501822571
356290518138509	356290562044862	356290518507415
356290534788352	356290578713352	356290535161894
356290572627415	356290595380591	356290572997832
356290572786738	356290612050384	356290573009550
356290589588821	356290628718352	356290590102675
356290606183509	356290645386425	356290606568352
356290622861946	356290662052259	356290623238613
356290639561477	356290678716945	356290639938613
356290656216894	356290695383091	356290656585800
356290672885800	356290712047050	356290673260800
356290689579238	356290728711633	356290689934602
356290706234446	356290745373717	356290706604550
356290722893144	356290762035956	356290723277102
356290759664550	356290778700956	356290760110384
356290759934707	356290795363248	356290760127259
356290776639290	356290812025279	356290777075644
356290793269446	356290828687726	356290793647415
356290809946738	356290845351216	356290810326477
356290826827102	356290862014966	356290827041634
356290843362415	356290878681216	356290843689863
356290859995696	356290895347570	356290860327675
356290876613977	9223372036854775807	356290876991009

POLL t=313.2 tick=3225
16666666
356299486487516	356299527172307	356299486861266
356299503150693	356299543835536	356299503522880
356299519820224	356299560497880	356299520193349
356299536486578	356299577162150	356299536864599
356299553152724	356299593824234	356299553530068
356299569825068	356299610489702	356299570206161
356299608343193	356299627153348	356299608883922
356299610620484	356299643819182	356299611126318
356299625271474	356299660487307	356299625800224
356299641862411	356299677152984	356299642241578
356299658516630	356299693819234	356299658903766
356299675205068	356299710485224	356299675617203
356299691909286	356299727152307	356299692266318
356299708577047	356299743819286	356299708941422
356299725250849	356299760486473	356299725625693
356299741912255	356299777151838	356299742282516
356299758570849	356299793814390	356299758941630
356299796928505	356299827144754	356299797315953
356299797121161	356299843812567	356299797338974
356299813789130	356299860478609	356299814080224
356299830423349	356299877145536	356299830816786
356299847131474	356299893812724	356299847513661
356299863774130	356299910480016	356299864163609
356299880500224	356299927144130	356299880703974
356299897142724	356299943809390	356299897570224
356299913806578	356299960477619	356299914189911
356299930472099	356299977145849	356299930851786
356299947138193	356299993811681	356299947508193
356299987942099	356300010477047	356299988467880
356299988185380	356300027142098	356299988475224
356300004885484	356300043805797	356300005332255
356300021461578	356300060471370	356300021845068
356300038186578	356300077136786	356300038737724
356300054845797	356300093801942	356300055228661
356300071510536	356300110467150	356300071885380
356300088183505	356300127131994	356300088556630
356300104850068	356300143797515	356300105221318
356300121517828	356300160462202	356300121886161
356300138182047	356300177126421	356300138547255
356300181062359	356300210459286	356300181443505
356300181264859	356300227122150	356300181455068
356300197940328	356300243784494	356300198344130
356300214551890	356300260447463	356300214969703
356300231232255	356300277112098	356300231619547
356300247940224	356300293777463	356300248315484
356300264606474	356300310443609	356300264992567
356300281269390	356300327110275	356300281651422
356300297939911	356300343775900	356300298317984
356300314611265	356300360442827	356300314980484
356300331279911	356300377109390	356300331649755
356300370765328	356300393774130	356300371300536
356300370961161	356300410437046	356300371324442
356300387636005	356300427101057	356300388017880
356300404266317	356300443762254	356300404652099
356300420984755	356300460423869	356300421395484
356300437653192	356300477086369	356300438028974
356300454316786	356300493750119	356300454682255
356300470981474	356300510413505	356300471408036
356300487652411	356300527076525	356300488031786
356300504320536	356300543741161	356300504687672
356300555542828	356300577075067	356300555831734
356300556984859	356300593743244	356300557336005
356300572465484	356300610411004	356300572999599
356300589061474	356300627076004	356300589457411
356300605720015	356300643739494	356300606184286
356300622388661	356300660406473	356300622823817
356300639054286	356300677070901	356300639439911
356300655711161	356300693735431	356300656101942
356300672453349	356300710399598	356300672824599
356300689122567	356300727065849	356300689478192
356300705773921	356300743731265	356300706181474
356300743456265	356300760395848	356300743935484
356300743645692	356300777058349	356300743949442
356300760346265	356300793723088	356300760870067
356300776945380	356300810388973	356300777335067
356300793662359	356300827052150	356300794026786
356300810343661	356300843715224	356300810707359
356300827011265	356300860380014	356300827382515
356300843674911	356300877044493	356300844049234
356300860291786	356300893710744	356300860671786
356300877011161	356300910377932	356300877401734
356300893680953	356300927043139	356300894048192
356300932134703	356300960370379	356300932534078
356300932447255	356300977036316	356300932559546
356300949036630	356300993701473	356300949494442
356300965663348	356301010365118	356300966091734
356300982371317	356301027031264	356300982886942
356300999025536	356301043696629	356300999412880
356301015697671	356301060362202	356301016103192
356301032353036	356301077026942	356301032739911
356301049014442	356301093693921	356301049420223
356301065679442	356301110359598	356301066071578
356301082347671	356301127023087	356301082780067
356301130632567	356301160352306	356301131018192
356301130804234	356301177018973	356301131027984
356301147505692	356301193685588	356301147993348
356301164161942	356301210355379	356301164521161
356301180886317	356301227025535	356301181231265
356301197498296	356301243694494	356301197884130
356301214158921	356301260361056	356301214541890
356301230861578	356301277027775	356301231236109
356301247540848	356301293697202	356301247943505
356301264206161	356301310366004	356301264597411
356301280860015	356301327029545	356301281233817
356301322359598	356301343691160	356301322949442
356301322587567	356301360355639	356301322966473
356301339317202	356301377022202	356301339752723
356301355961942	356301393690796	356301356362567
356301372624286	356301410355640	356301373007827
356301389286265	356301427020640	356301389662098
356301405995796	356301443686630	356301406360484
356301422626786	356301460354806	356301423004442
356301439328973	356301477024858	356301439695848
356301455976890	356301493693296	356301456342046
356301472617098	356301510361160	356301473000223
356301514057254	356301543701681	356301514423348
356301514300952	356301560370483	356301514447567
356301531041004	356301577038608	356301531279286
356301547629390	356301593704233	356301548027098
356301564315015	356301610371056	356301564687827
356301580985223	356301627037723	356301581354390
356301597841473	356301643700848	356301598208973
356301614348817	356301660367515	356301614712098
356301631011473	356301677032150	356301631395223
356301647678036	356301693697879	356301648093921
356301664355796	356301710365431	356301664718765
356301705641317	9223372036854775807	356301706214442

POLL t=324.0 tick=3290
16666666
356310322283189	356310360676157	356310322671782
356310338941470	356310377342772	356310339317668
356310355660220	356310394006573	356310356047980
356310372317564	356310410671365	356310372694439
356310388993032	356310427335740	356310389360532
356310405660949	356310444002303	356310406037564
356310422329439	356310460669074	356310422694439
356310438996157	356310477334594	356310439364751
356310477728501	356310493998397	356310478001886
356310477904595	356310510662772	356310478007511
356310494640376	356310527330115	356310495198189
356310511227095	356310543996625	356310511614699
356310527963814	356310560664543	356310528359595
356310544613136	356310577332198	356310544985532
356310561234595	356310594003761	356310561615324
356310577943657	356310610674073	356310578317251
356310594609595	356310627343553	356310594984439
356310611279282	356310644014542	356310611649439
356310627946418	356310660682511	356310628316730
356310665128032	356310694015584	356310665509543
356310665348189	356310710679022	356310665534751
356310682008814	356310727343813	356310682450376
356310698648501	356310744008605	356310699034282
356310715300949	356310760675948	356310715554907
356310732020376	356310777343292	356310732385011
356310748671938	356310794009698	356310749046313
356310765342199	356310810675844	356310765713605
356310782009282	356310827344126	356310782380688
356310798685480	356310844009438	356310799052095
356310815364126	356310860676782	356310815702251
356310855637407	356310877341834	356310856159699
356310855838449	356310894005948	356310856181261
356310872516157	356310910669958	356310872953605
356310889118970	356310927334177	356310889511470
356310905797563	356310943994959	356310906183501
356310922491782	356310960656573	356310922877563
356310939154595	356310977316313	356310939556261
356310955815376	356310993977980	356310956190845
356310972482095	356311010640272	356310972866938
356310989195168	356311027301834	356310989581157
356311005859855	356311043965844	356311006237980
356311048598970	356311077296625	356311048972720
356311048806157	356311093961521	356311048997563
356311065482251	356311110625427	356311065968032
356311082118657	356311127290167	356311082501938
356311098773813	356311143958188	356311099153918
356311115484386	356311160624178	356311115930063
356311132165532	356311177288501	356311132538501
356311148820688	356311193953188	356311149205220
356311165485376	356311210618083	356311165868917
356311182153345	356311227284178	356311182525376
356311198819126	356311243950219	356311199212720
356311241701105	356311260617302	356311242170324
356311241893501	356311277285428	356311242186105
356311258595063	356311293951417	356311259031313
356311275221157	356311310617251	356311275616470
356311291929699	356311327286052	356311292272824
356311308601470	356311343954542	356311308974699
356311325268345	356311360621000	356311325634282
356311341932042	356311377288813	356311342301001
356311358600011	356311393957146	356311358994855
356311375268344	356311410624333	356311375693969
356311391931417	356311427290844	356311392299230
356311431783501	356311460624541	356311432141417
356311431975792	356311477288969	356311432154907
356311448660844	356311493953448	356311449106626
356311465268917	356311510621313	356311465654699
356311481944074	356311527284385	356311482332407
356311498623032	356311543948292	356311499048657
356311515277094	356311560613709	356311515703605
356311531980844	356311577281001	356311532340844
356311548628917	356311593950479	356311549011417
356311565282876	356311610618449	356311565668501
356311581941313	356311627285219	356311582325219
356311624925324	356311643953761	356311625444074
356311627216157	356311660622562	356311627736157
356311641792407	356311677289594	356311642230167
356311658438813	356311693957458	356311658847355
356311675107563	356311710624594	356311675477511
356311691824282	356311727290011	356311692199438
356311708486782	356311743954386	356311708855219
356311725148813	356311760620635	356311725531001
356311741818501	356311777285011	356311742191105
356311758486105	356311793952146	356311758865688
356311775164751	356311810618032	356311775519282
356311819708136	356311843949646	356311820209594
356311819917407	356311860615479	356311820242355
356311836605844	356311877282562	356311837126001
356311853220167	356311893950636	356311853602823
356311869924594	356311910619386	356311870300532
356311886585167	356311927285948	356311886958917
356311903250219	356311943950323	356311903669907
356311919914594	356311960617719	356311920285792
356311936589126	356311977285688	356311936961001
356311953254907	356311993954073	356311953629386
356311969926313	356312010621417	356311970296313
356312010264542	356312027287875	356312010625219
356312010603813	356312043954125	356312011303709
356312027259125	356312060620427	356312027750532
356312043798969	356312077284230	356312044193292
356312060538657	356312093949594	356312060909073
356312077216469	356312110616312	356312077597823
356312093911313	356312127283187	356312094280532
356312110577250	356312143948344	356312110938605
356312127228657	356312160613344	356312127583761
356312143907980	356312177277770	356312144276000
356312160578500	356312193942771	356312160951469
356312199786000	356312227274438	356312200197042
356312200086000	356312243942563	356312200206000
356312216727407	356312260609125	356312217185375
356312233353500	356312277276833	356312233734542
356312250019698	356312293942823	356312250398448
356312266702407	356312310610271	356312267084594
356312283405636	356312327278031	356312283778917
356312300086313	356312343943552	356312300459542
356312316753500	356312360606572	356312317132667
356312333420636	356312377271833	356312333797563
356312350069542	356312393934750	356312350434438
356312392400532	356312410600427	356312392838032
356312392732407	356312427263864	356312392863448
356312409461938	356312443930114	356312409948657
356312426007094	356312460594333	356312426387667
356312442669125	356312477259698	356312443045688
356312459465219	356312493925531	356312459735063
356312476148344	356312510591000	356312476494125
356312492649594	356312527258916	356312493024542
356312509298032	9223372036854775807	356312509671573

POLL t=334.8 tick=3354
16666666
356321129695372	356321177045840	356321130147820
356321146368914	356321193715319	356321146765685
356321163023289	356321210383288	356321163633757
356321179695059	356321227051621	356321180094070
356321196367559	356321243718080	356321196966309
356321234955528	356321260381674	356321235469903
356321235157039	356321277047403	356321235523757
356321251814226	356321293711517	356321252198914
356321268457039	356321310373600	356321268839539
356321285176726	356321327038392	356321285548184
356321301842872	356321343706153	356321302235216
356321318510372	356321360372455	356321318891309
356321335169226	356321377039799	356321335580528
356321351836778	356321393707038	356321352214382
356321368512403	356321410372976	356321368880528
356321385184122	356321427038236	356321385588184
356321423582247	356321443706257	356321424176466
356321423797820	356321460376674	356321424183393
356321440469434	356321477044538	356321440920528
356321457086622	356321493709902	356321457463497
356321473773497	356321510375319	356321474152403
356321490436622	356321527042298	356321490834122
356321507099434	356321543711309	356321507485997
356321523757820	356321560379902	356321524145164
356321540424434	356321577050944	356321540813653
356321557090216	356321593721518	356321557492559
356321573827351	356321610393653	356321574241778
356321619126778	356321643732038	356321619565372
356321619439591	356321660401569	356321619572091
356321635966413	356321677069278	356321636344747
356321652610372	356321693734798	356321653004278
356321669330997	356321710401621	356321669704226
356321685999747	356321727072559	356321686426622
356321702668757	356321743741465	356321703038184
356321719331309	356321760409538	356321719704122
356321735998341	356321777079070	356321736381778
356321752666309	356321793749434	356321753089591
356321769332820	356321810420736	356321769698966
356321805525684	356321827091100	356321805891153
356321805758028	356321843763080	356321805897351
356321822413184	356321860432611	356321822941413
356321839042090	356321877103809	356321839414278
356321855739590	356321893774746	356321856119278
356321872405840	356321910442610	356321872769122
356321889086778	356321927108600	356321889439538
356321905737195	356321943777506	356321906104851
356321922406257	356321960446517	356321922779538
356321939068965	356321977117455	356321939486153
356321955732559	356321993787454	356321956109278
356321992650215	356322010456881	356321993017976
356321992866413	356322027125528	356321993036934
356322009578497	356322043795475	356322010110215
356322026175788	356322060464747	356322026558340
356322042815215	356322077134226	356322043211934
356322059505372	356322093805059	356322059908132
356322076169590	356322110476465	356322076547872
356322092837247	356322127146100	356322093213965
356322109501934	356322143818027	356322109885684
356322126180320	356322160489017	356322126560007
356322142893965	356322177157559	356322143274382
356322178195840	356322210504174	356322178580059
356322178568497	356322227176726	356322178694903
356322196150684	356322243847872	356322196973184
356322212435945	356322260518080	356322213392038
356322229582507	356322277187611	356322230403809
356322246166465	356322293856986	356322246921309
356322262717403	356322310527351	356322263592247
356322279541153	356322327194329	356322280308184
356322296333340	356322343863705	356322297119122
356322312834278	356322360534278	356322313647663
356322329503028	356322377207194	356322330344590
356322372412507	356322393880058	356322373139747
356322372744747	356322410551882	356322373150059
356322389327715	356322427223860	356322389713340
356322405952247	356322443896205	356322406332819
356322422648809	356322460566569	356322423028497
356322439372976	356322477237559	356322439731726
356322456053809	356322493908704	356322456395372
356322472695528	356322510578861	356322473066309
356322489359903	356322527249538	356322489727194
356322506028965	356322543921568	356322506401621
356322522698496	356322560591569	356322523085163
356322558169694	356322577264068	356322558505684
356322558404746	356322593935215	356322558514746
356322575049746	356322610606152	356322575475163
356322591772090	356322627274642	356322592205319
356322608420476	356322643943600	356322608797559
356322625077090	356322660609954	356322625468809
356322641795632	356322677280267	356322642197246
356322658471309	356322693952923	356322658826934
356322675127715	356322710625527	356322675498028
356322691796309	356322727296205	356322692160215
356322708461726	356322743966829	356322708823496
356322743361153	356322760637923	356322743955163
356322743653965	356322777307767	356322743966309
356322760229226	356322793977923	356322760689746
356322776862715	356322810649278	356322777237038
356322793547090	356322827324642	356322793903809
356322810299434	356322843998340	356322810660163
356322826986309	356322860671725	356322827353809
356322843607871	356322877345371	356322843981465
356322860300788	356322894015527	356322860672090
356322876971778	356322910686361	356322877345684
356322893645319	356322927357090	356322894004851
356322945598028	356322977372559	356322945918965
356322945960319	356322994045735	356322946097403
356322963168340	356323010716673	356322964043496
356322979682715	356323027387715	356322980587090
356322996467507	356323044059173	356322997298496
356323013294903	356323060733548	356323014067090
356323030159903	356323077406673	356323030941621
356323046588444	356323094079433	356323047294225
356323063454903	356323110751673	356323064230215
356323080073809	356323127422767	356323080827246
356323127162090	356323144092871	356323127574434
356323127507403	356323160761777	356323128057559
356323144310632	356323177432662	356323144600215
356323160814590	356323194104433	356323161224902
356323177455632	356323210777037	356323177845215
356323194206777	356323227447193	356323194514382
356323210808913	356323244119589	356323211184694
356323227538652	356323260788860	356323227880840
356323244337663	356323277459693	356323244584277
356323260998340	356323294130527	356323261192715
356323277696309	356323310802819	356323277933496
356323294124902	356323327477038	356323294491777
356323339045527	9223372036854775807	356323339556934

POLL t=345.7 tick=3420
16666666
356331931165628	356331978452034	356331931594587
356331947824743	356331995120211	356331948322972
356331964507243	356332011787503	356331965027555
356331981212399	356332028457398	356331981559118
356331997842347	356332045125836	356331998147972
356332014543962	356332061792607	356332014971930
356332055885941	356332078460940	356332056410837
356332056226149	356332095125993	356332056456930
356332072783597	356332111793232	356332073232868
356332089410993	356332128461045	356332089830055
356332106087087	356332145125315	356332106462712
356332122791774	356332161791409	356332123160003
356332139450212	356332178458440	356332139883649
356332156144430	356332195124274	356332156515316
356332172780524	356332211793336	356332173163753
356332189445628	356332228462242	356332189805993
356332206110784	356332245130315	356332206472399
356332244688493	356332261798232	356332245466774
356332244892555	356332278465055	356332245474534
356332261609222	356332295132659	356332262117399
356332278192712	356332311798284	356332278625055
356332294905680	356332328462086	356332295300993
356332311587191	356332345126409	356332311990368
356332328254430	356332361790940	356332328642399
356332344923180	356332378454690	356332345306618
356332361586774	356332395121148	356332361968180
356332378245368	356332411785316	356332378619899
356332394889378	356332428449794	356332395278649
356332434160680	356332461783024	356332434590368
356332436432659	356332478453024	356332436938180
356332451027972	356332495122919	356332451420159
356332467663180	356332511791721	356332468100524
356332484387555	356332528463024	356332484800368
356332501049534	356332545134951	356332501458649
356332517714430	356332561806252	356332518092816
356332534382816	356332578475888	356332534756618
356332551043441	356332595143180	356332551430993
356332567715524	356332611808961	356332568128441
356332584383493	356332628477242	356332584756149
356332628067816	356332645145940	356332628680524
356332628387086	356332661815575	356332628685993
356332644923649	356332678482659	356332645322034
356332661567086	356332695151878	356332661958284
356332678235524	356332711822816	356332678635159
356332694954899	356332728492867	356332695345784
356332711611774	356332745162295	356332711994118
356332728278024	356332761830315	356332728651774
356332744948909	356332778500107	356332745368180
356332761615836	356332795172607	356332761993649
356332778280211	356332811845367	356332778659274
356332817035680	356332845184169	356332817420211
356332817238961	356332861853180	356332817481722
356332833861774	356332878523961	356332834252555
356332850510628	356332895194898	356332850888649
356332867201722	356332911866044	356332867634274
356332883874690	356332928533857	356332884252815
356332900548649	356332945199117	356332900933961
356332917212034	356332961867243	356332917591774
356332933910784	356332978537294	356332934331305
356332950575055	356332995205783	356332950953440
356332967209534	356333011876930	356332967638909
356333008054430	356333028544221	356333008708597
356333008455680	356333045212867	356333008716461
356333024950784	356333061880158	356333025400055
356333041634430	356333078546825	356333042021149
356333058348336	356333095217659	356333058708024
356333075028024	356333111886096	356333075399847
356333091681617	356333128556305	356333092088180
356333108343597	356333145224378	356333108714378
356333124967503	356333161894169	356333125348753
356333141633805	356333178562190	356333142008961
356333158349742	356333195229794	356333158708128
356333191725003	356333211896669	356333192381930
356333221934117	356333245238596	356333222295836
356333222059065	356333261909169	356333222308336
356333238738961	356333278579899	356333239160211
356333255381305	356333295253336	356333255796149
356333272130315	356333311926357	356333272498336
356333288775003	356333328598857	356333289141617
356333305425159	356333345271565	356333305857242
356333322093753	356333361943544	356333322532503
356333338743649	356333378615940	356333339131617
356333375306461	356333395286356	356333375635836
356333375403336	356333411957346	356333375639117
356333392126149	356333428628544	356333392514274
356333408752971	356333445298856	356333409142242
356333425475992	356333461968492	356333425873128
356333442109846	356333478640003	356333442502034
356333458790992	356333495311617	356333459175211
356333475456721	356333511980887	356333475848961
356333492198805	356333528654429	356333492577034
356333508862346	356333545325055	356333509240524
356333525525940	356333561994533	356333525945003
356333563689690	356333595336044	356333563992815
356333563859430	356333612008232	356333564031774
356333581153284	356333628680054	356333582232399
356333597557399	356333645350211	356333598420836
356333614459742	356333662019690	356333615294117
356333630667086	356333678691825	356333631571773
356333647827555	356333695363544	356333648643336
356333664650471	356333712037189	356333665355367
356333681280836	356333728710366	356333682080055
356333698037242	356333745384742	356333698789117
356333714650628	356333762059741	356333715423753
356333760569221	356333778732970	356333761200211
356333760753805	356333795404637	356333761207659
356333777492086	356333812077189	356333777876721
356333794156617	356333828748492	356333794543180
356333810861096	356333845420211	356333811226461
356333827554065	356333862092345	356333827917346
356333844208753	356333878762450	356333844569690
356333860861930	356333895432919	356333861208805
356333877524430	356333912101930	356333877886617
356333894193336	356333928769950	356333894550367
356333910860003	356333945437502	356333911229898
356333945713753	356333962106773	356333945991148
356333945897971	356333978776982	356333946016930
356333962721565	356333995446825	356333963223961
356333979299378	356334012114325	356333979664221
356333995973492	356334028783075	356333996344378
356334012641721	356334045450679	356334013013023
356334029319117	356334062119012	356334029685784
356334046009742	356334078786252	356334046370055
356334062678596	356334095455262	356334063050159
356334079433909	356334112123335	356334079756877
356334096060523	356334128794325	356334096412555
356334137137398	9223372036854775807	356334137505627

POLL t=356.5 tick=3518
16666666
356342761247083	356342796665885	356342761629426
356342777919270	356342813337238	356342778281926
356342794588749	356342830010155	356342794961458
356342811252551	356342846682759	356342811620051
356342853333957	356342880024686	356342853767812
356342853656770	356342896697551	356342853814895
356342870224374	356342913370572	356342870621770
356342886865832	356342930043071	356342887344426
356342903549895	356342946716926	356342903925989
356342920194739	356342963387863	356342920575364
356342936889114	356342980059425	356342937267395
356342953555364	356342996730988	356342953928749
356342970229739	356343013403072	356342970604374
356342986887187	356343030071926	356342987305364
356343003554218	356343046740675	356343003965676
356343045927395	356343063408592	356343046353124
356343046128801	356343080076821	356343046361145
356343062809426	356343096743123	356343063246874
356343079446145	356343113411092	356343079818332
356343096116770	356343130078800	356343096497082
356343112832655	356343146745728	356343113192499
356343129500989	356343163411040	356343129864270
356343146155832	356343180077551	356343146534582
356343162817499	356343196745832	356343163192864
356343179492187	356343213413123	356343179876405
356343196182551	356343230080624	356343196548280
356343238872551	356343263414113	356343239254582
356343239085832	356343280079321	356343239279999
356343255765624	356343296744061	356343256320051
356343272383645	356343313410155	356343272829374
356343289066614	356343330078644	356343289443176
356343305736770	356343346746561	356343306138749
356343322392343	356343363414530	356343322818332
356343339063332	356343380083227	356343339460468
356343355734895	356343396754165	356343356122395
356343372395051	356343413423124	356343372787395
356343389073020	356343430090988	356343389450468
356343430538905	356343446756248	356343431083801
356343430951145	356343463424165	356343431115207
356343447502655	356343480091248	356343448043957
356343464112968	356343496759790	356343464572968
356343480804218	356343513429634	356343481174738
356343497497082	356343530099634	356343497859895
356343514160207	356343546771665	356343514527863
356343530826613	356343563443696	356343531191405
356343547494113	356343580118592	356343547899374
356343564190363	356343596789998	356343564615363
356343580825624	356343613462915	356343581195468
356343618659270	356343646803176	356343619052395
356343618860207	356343663473748	356343619072030
356343635517811	356343680146040	356343635937655
356343652160988	356343696814790	356343652548957
356343668877811	356343713483905	356343669240936
356343685520832	356343730151457	356343685913488
356343702210051	356343746819530	356343702598593
356343718856613	356343763489061	356343719243280
356343735565780	356343780158332	356343735989738
356343752230936	356343796828800	356343752608280
356343768873332	356343813495988	356343769259061
356343808765363	356343830162967	356343809290624
356343808983436	356343846831092	356343809349113
356343825640832	356343863499947	356343826013176
356343842277030	356343880164061	356343842692395
356343858942030	356343896828488	356343859313749
356343875619061	356343913491197	356343875998488
356343892316717	356343930156456	356343892688801
356343908945363	356343946819894	356343909364738
356343925653957	356343963482238	356343926029999
356343942323645	356343980145988	356343942700363
356343958991874	356343996812446	356343959361770
356343995474999	356344013478436	356343995754582
356343995645051	356344030144633	356343995780936
356344012360832	356344046809061	356344012897863
356344028999374	356344063475623	356344029378801
356344045688280	356344080142551	356344046051301
356344062336457	356344096809061	356344062713488
356344078977707	356344113477967	356344079359999
356344095643645	356344130146300	356344096045520
356344112310832	356344146812967	356344112695155
356344129025311	356344163480311	356344129396926
356344145692499	356344180147498	356344146060363
356344182866613	356344213475831	356344183266874
356344183155988	356344230140311	356344183362499
356344199754894	356344246804269	356344200314113
356344216393957	356344263470571	356344216651769
356344233091301	356344280138332	356344233295467
356344249766457	356344296806301	356344249970676
356344266425988	356344313474842	356344266719686
356344283091144	356344330143175	356344283295051
356344299768644	356344346811977	356344299978644
356344316429426	356344363480050	356344316632499
356344333071717	356344380147498	356344333291457
356344371305624	356344396818644	356344371865051
356344371504894	356344413487550	356344371884582
356344388174426	356344430157030	356344388691457
356344404807811	356344446826977	356344405162342
356344421514582	356344463495414	356344421891561
356344438271144	356344480164894	356344438581613
356344454877238	356344496834061	356344455303019
356344471540051	356344513502915	356344471925051
356344488213280	356344530170623	356344488588801
356344504900936	356344546838332	356344505288176
356344521570832	356344563507290	356344521945207
356344564714686	356344596845050	356344564599530
356344565187967	356344613511144	356344565642030
356344582497082	356344630177706	356344583309894
356344599092551	356344646848539	356344599969582
356344615848123	356344663519633	356344616695519
356344632839113	356344680191144	356344633592863
356344649555051	356344696863696	356344650297707
356344666201457	356344713536404	356344666975311
356344682864686	356344730207915	356344683611613
356344699589269	356344746878748	356344700314426
356344746714686	356344763548956	356344747115676
356344747108436	356344780220467	356344747116405
356344763706301	356344796890362	356344764056301
356344780453019	356344813561195	356344780877707
356344797064894	356344830232602	356344797395207
356344813702082	356344846899945	356344814073332
356344830429061	356344863568227	356344830791405
356344847136717	356344880240258	356344847484582
356344863728019	356344896911092	356344864095936
356344880435155	356344913583227	356344880740363
356344897136300	356344930255102	356344897403436
356344913796769	356344946927550	356344914155155
356344951651300	356344980272602	356344951942186
356344951789738	9223372036854775807	356344951975832

POLL t=367.3 tick=3583
16666666
356353655738328	356353681622963	356353656445985
356353656079422	356353698292339	356353656452703
356353672654891	356353714962807	356353673100464
356353689292235	356353731634422	356353689738953
356353705980933	356353748304734	356353706366766
356353722693641	356353764975880	356353723084891
356353739343328	356353781645828	356353739719266
356353756020985	356353798315203	356353756380360
356353772675047	356353814983224	356353773049735
356353789344735	356353831652391	356353789723485
356353805992547	356353848321349	356353806372651
356353843028276	356353864989369	356353843552391
356353843218797	356353881660776	356353843627964
356353859896141	356353898331296	356353860273016
356353876569735	356353914998171	356353876902078
356353893215360	356353931665880	356353893589526
356353909865203	356353948335359	356353910248485
356353926519370	356353965004994	356353926909839
356353943181609	356353981674422	356353943565359
356353959848484	356353998344005	356353960235672
356353976514578	356354015014838	356353976902859
356353993179734	356354031683745	356353993569422
356354030992859	356354048351036	356354031332964
356354031316609	356354065018119	356354031413901
356354048049422	356354081685880	356354048507703
356354064628276	356354098352182	356354065003172
356354081327703	356354115018068	356354081708641
356354098004839	356354131687807	356354098458797
356354114673484	356354148355411	356354115108641
356354131347495	356354165025411	356354131710828
356354148038641	356354181694995	356354148388172
356354164672495	356354198363849	356354165040516
356354181334422	356354215030827	356354181705151
356354219859422	356354248364370	356354220144266
356354220059839	356354265033172	356354220154422
356354236734422	356354281701192	356354237323016
356354253388328	356354298370046	356354253783589
356354270069057	356354315038484	356354270434995
356354286732078	356354331706193	356354287098172
356354303397547	356354348375828	356354303764109
356354320090984	356354365044630	356354320469734
356354336724266	356354381712130	356354337105932
356354353361766	356354398377754	356354353745620
356354370068484	356354415044682	356354370446609
356354409037547	356354431714266	356354409574057
356354409234734	356354448383275	356354409580047
356354425949057	356354465049786	356354426439682
356354442557338	356354481715828	356354442935151
356354459217078	356354498382286	356354459626609
356354475958953	356354515050151	356354476298120
356354492597495	356354531716244	356354492965828
356354509261922	356354548380619	356354509632391
356354525927391	356354565046817	356354526293588
356354542581557	356354581713692	356354542954526
356354559220672	356354598379994	356354559604109
356354597929109	356354615044160	356354598378797
356354598261088	356354631714630	356354598460047
356354614820203	356354648386036	356354615328797
356354631423015	356354665055567	356354631845463
356354648097078	356354681723952	356354648516297
356354664819109	356354698388588	356354665230776
356354681466922	356354715053848	356354681897703
356354698144213	356354731721244	356354698559734
356354714807078	356354748387547	356354715229109
356354731475359	356354765053692	356354731877234
356354748154578	356354781719317	356354748540984
356354783665463	356354815051765	356354784136922
356354783871088	356354831720671	356354784142390
356354801014890	356354848385462	356354802034526
356354817158640	356354865052494	356354817969213
356354834048953	356354881719265	356354834889578
356354850780151	356354898386505	356354851623015
356354867354265	356354915055410	356354868206140
356354884172078	356354931722598	356354884926453
356354900811609	356354948389786	356354901632807
356354917368797	356354965055463	356354918188953
356354934061453	356354981722859	356354934887807
356354971641609	356354998391036	356354972148797
356354971831922	356355015056661	356354972219578
356354988494734	356355031724994	356354988928484
356355005145672	356355048391140	356355005541245
356355021815203	356355065058275	356355022199838
356355038519994	356355081727077	356355038903276
356355055185203	356355098394682	356355055552338
356355071849109	356355115061764	356355072220672
356355088524734	356355131729421	356355088886088
356355105184734	356355148399526	356355105554369
356355121851609	356355165066713	356355122241140
356355160995672	356355181733848	356355161523328
356355161193484	356355198399734	356355161578015
356355177910047	356355215066036	356355178417182
356355194505359	356355231734838	356355194888953
356355211173953	356355248400723	356355211549734
356355227913015	356355265067962	356355228246140
356355244546765	356355281734838	356355244908901
356355261214421	356355298400202	356355261586088
356355277944057	356355315065567	356355278296609
356355294570046	356355331734942	356355294932703
356355311225828	356355348404317	356355311589838
356355348689213	356355365071140	356355349022807
356355349037338	356355381739109	356355349158640
356355365634421	356355398405671	356355366046140
356355382284369	356355415070046	356355382667078
356355398970776	356355431736035	356355399345203
356355415671609	356355448404109	356355416127234
356355432337182	356355465072702	356355432705984
356355449027078	356355481742077	356355449397963
356355465663276	356355498410202	356355466025671
356355482306557	356355515075775	356355482684213
356355498992078	356355531742389	356355499364578
356355535006140	356355565075307	356355535306140
356355535361140	356355581739473	356355535401140
356355551987859	356355598403275	356355552264734
356355568633640	356355615068327	356355569018276
356355585282078	356355631735306	356355585672546
356355602032078	356355648400566	356355602238171
356355618688796	356355665066348	356355618886921
356355635353796	356355681735983	356355635770671
356355651985932	356355698403015	356355652205203
356355668683328	356355715067597	356355669059578
356355685371244	356355731730515	356355685733328
356355723298588	356355748398015	356355723773328
356355723607025	356355765066035	356355723778328
356355740264734	356355781731348	356355740702546
356355756927963	356355798397025	356355757316765
356355773587078	356355815064004	356355773966244
356355790297234	9223372036854775807	356355790649578

POLL t=378.1 tick=3649
16666666
356364366356449	356364413833167	356364366997491
356364409031762	356364430501032	356364409578481
356364409241918	356364447170771	356364409595668
356364425973741	356364463842647	356364426402335
356364442552699	356364480513636	356364442933741
356364459223793	356364497184001	356364459595043
356364475967230	356364513852959	356364476306918
356364492600772	356364530521605	356364492968272
356364509269262	356364547190876	356364509639730
356364525935199	356364563861084	356364526341137
356364542602022	356364580527021	356364542971397
356364559269522	356364597194105	356364559671449
356364599618949	356364630527699	356364600157230
356364599899418	356364647196814	356364600164262
356364616496918	356364663864417	356364617510460
356364633121762	356364680532386	356364633408012
356364649793012	356364697201137	356364650215355
356364666490668	356364713868323	356364667077699
356364683209418	356364730535772	356364683730824
356364699840980	356364747200876	356364700321710
356364716502803	356364763864313	356364717014105
356364733202543	356364780529782	356364733732074
356364749874574	356364797197907	356364750339105
356364789765668	356364813863896	356364790302803
356364789980928	356364830527647	356364790319262
356364806650668	356364847190615	356364807085616
356364823277178	356364863854678	356364823687543
356364839973637	356364880519469	356364840346605
356364856685772	356364897182959	356364857023480
356364873324678	356364913847230	356364873689053
356364889989574	356364930511448	356364890355512
356364906632959	356364947175668	356364907000980
356364923325824	356364963838949	356364923691137
356364940039522	356364980502386	356364940356137
356364979651137	356364997166189	356364979989105
356364979839730	356365013830927	356364980099887
356364996479574	356365030498896	356364996950043
356365013118324	356365047165146	356365013513272
356365029816137	356365063831345	356365030199730
356365046473949	356365080498115	356365046859209
356365063137022	356365097162595	356365063529262
356365079870303	356365113827281	356365080244522
356365096532543	356365130490979	356365096950980
356365113205616	356365147153584	356365113577386
356365129871709	356365163816032	356365130247230
356365171926761	356365197145042	356365172284574
356365172140043	356365213808168	356365172296761
356365188755824	356365230466032	356365189177855
356365205398636	356365247127959	356365205779678
356365222116293	356365263792855	356365222495824
356365238800043	356365280459782	356365239175668
356365255465928	356365297125667	356365255840980
356365272135616	356365313790354	356365272510511
356365288798949	356365330455511	356365289171918
356365305473741	356365347123115	356365305838793
356365322130668	356365363788949	356365322542855
356365364979730	356365397121501	356365365386918
356365365181084	356365413787542	356365365409730
356365383018480	356365430450771	356365383933324
356365399074105	356365447114990	356365399944105
356365415855824	356365463780146	356365416755511
356365432801918	356365480445407	356365433603116
356365449433793	356365497108845	356365450265355
356365466160511	356365513773271	356365466977230
356365482787074	356365530438220	356365483639834
356365499420511	356365547103584	356365500180616
356365516080147	356365563768479	356365516883897
356365557435980	356365580434313	356365558054574
356365557634522	356365597099886	356365558063949
356365574334886	356365613769209	356365574851865
356365590944261	356365630438219	356365591341865
356365607650355	356365647106292	356365608028324
356365624327074	356365663774000	356365624705199
356365640993324	356365680441553	356365641362386
356365657660615	356365697109574	356365658024209
356365674327022	356365713774990	356365674753636
356365690994105	356365730438949	356365691363168
356365707669053	356365747105407	356365708044574
356365748128480	356365780437594	356365748500824
356365750160980	356365797102489	356365750568115
356365766145199	356365813767854	356365767070042
356365782380355	356365830433844	356365783296605
356365799269053	356365847102646	356365800086397
356365815988480	356365863771239	356365816897334
356365832749105	356365880434625	356365833640355
356365849331917	356365897098635	356365850211292
356365865993272	356365913763948	356365866886709
356365882634886	356365930430875	356365883546917
356365899340459	356365947097438	356365900168272
356365950835355	356365980430459	356365951415928
356365951167959	356365997095042	356365951497178
356365967647542	356366013760615	356365968186084
356365984292855	356366030424678	356365984679834
356366001039730	356366047088740	356366001410199
356366017699417	356366063756813	356366018081136
356366034364417	356366080424729	356366034773324
356366051031553	356366097090147	356366051404261
356366067696136	356366113756865	356366068071605
356366084353115	356366130424365	356366084723584
356366101067386	356366147088480	356366101441397
356366155990667	356366180417698	356366156328584
356366156495042	356366197081864	356366156654678
356366173249053	356366213746448	356366173757855
356366189828584	356366230410979	356366190256605
356366206539886	356366247074937	356366206902074
356366223195511	356366263740302	356366223576084
356366239863636	356366280406083	356366240234834
356366256541292	356366297072906	356366256918324
356366273225824	356366313738635	356366273599365
356366289864209	356366330405146	356366290229053
356366306535146	356366347072646	356366306901240
356366347408949	356366363739417	356366347708480
356366347599053	356366380404990	356366347713324
356366364371449	356366397072906	356366364839053
356366380991865	356366413741708	356366381382490
356366397621448	356366430410771	356366398002230
356366414373167	356366447081657	356366414750928
356366431048323	356366463750198	356366431406761
356366447700511	356366480417750	356366448069105
356366464368792	356366497083167	356366464748167
356366481030615	356366513752438	356366481405146
356366497695667	356366530419468	356366498072230
356366539708323	356366563753063	356366539787542
356366540323792	356366580423792	356366540747542
356366556964261	356366597094208	356366557411605
356366573606448	356366613761448	356366574042021
356366590264886	9223372036854775807	356366590631136

POLL t=388.9 tick=3713
16666666
356375196440299	356375230022382	356375196855195
356375213112383	356375246693007	356375213548997
356375229783476	356375263358372	356375230197695
356375246435612	356375280022798	356375246838893
356375263107695	356375296690090	356375263493268
356375279793945	356375313358736	356375280192383
356375296435820	356375330026289	356375296846133
356375313107643	356375346693007	356375313513112
356375351788320	356375380024048	356375352135612
356375351957851	356375396690716	356375352150351
356375368653164	356375413357382	356375369117695
356375385275664	356375430024570	356375385657174
356375401970195	356375446691496	356375402392330
356375418655820	356375463357799	356375419030455
356375435315820	356375480024778	356375435688893
356375452019362	356375496693320	356375452362851
356375468653424	356375513359622	356375469028789
356375485320508	356375530026184	356375485739101
356375501989883	356375546692851	356375502368893
356375542325820	356375563359257	356375542857487
356375542532070	356375580026288	356375542878424
356375559203789	356375596691809	356375559641758
356375575843580	356375613358893	356375576236445
356375592499882	356375630023580	356375592884882
356375609213007	356375646687382	356375609590820
356375625875976	356375663354882	356375626240351
356375642553580	356375680019934	356375642917851
356375659225820	356375696684049	356375659599414
356375675884049	356375713348320	356375676260664
356375692550768	356375730014049	356375692923164
356375742107070	356375763340142	356375742488268
356375742308737	356375780004153	356375742496445
356375759005195	356375796668267	356375759578424
356375775601445	356375813331809	356375775995351
356375792336132	356375829997590	356375792707799
356375808972018	356375846660768	356375809389309
356375825671289	356375863323215	356375826038320
356375842335507	356375879984309	356375842703476
356375859002695	356375896648996	356375859363789
356375875674414	356375913311549	356375876038007
356375892340820	356375929976027	356375892704726
356375934780820	356375963305871	356375935123632
356375934976757	356375979969257	356375935196549
356375951656705	356375996633267	356375952215299
356375968257539	356376013296080	356375968660507
356375984945039	356376029958059	356375985390820
356376001620195	356376046617851	356376002012382
356376018276445	356376063277903	356376018660664
356376034941757	356376079938892	356376035328789
356376051626080	356376096597121	356376052031914
356376068286861	356376113254725	356376068670664
356376084958632	356376129914569	356376085354257
356376126617226	356376146576548	356376127219882
356376126923945	356376163239934	356376127231289
356376143487799	356376179900038	356376143939361
356376160185195	356376196563475	356376160535924
356376176811289	356376213228320	356376177202226
356376193514882	356376229891236	356376193932382
356376210158164	356376246553736	356376210402799
356376226846861	356376263214882	356376227227486
356376243477851	356376279876288	356376243870299
356376260184674	356376296538892	356376260559049
356376276824205	356376313203579	356376277218632
356376313166132	356376329867434	356376313717851
356376313387538	356376346531184	356376313730768
356376330200455	356376363194830	356376330773580
356376346725976	356376379859933	356376347124986
356376363430351	356376396525506	356376363802486
356376380147851	356376413188111	356376380504570
356376396793111	356376429847590	356376397156549
356376413453476	356376446506080	356376413836601
356376430120143	356376463167799	356376430495507
356376446790611	356376479831705	356376447163736
356376463490611	356376496492121	356376463857955
356376502114674	356376529814986	356376502536757
356376502420820	356376546477225	356376502548788
356376519029830	356376563139205	356376519463580
356376535633163	356376579800976	356376536050195
356376552333007	356376596464257	356376552712695
356376569055507	356376613128944	356376569428268
356376585714205	356376629790663	356376586092174
356376602376445	356376646452226	356376602792538
356376619041601	356376663113736	356376619419518
356376635708945	356376679777590	356376636121705
356376652375507	356376696442173	356376652744570
356376694977174	356376713107954	356376695323320
356376695168736	356376729775559	356376695361705
356376711842538	356376746444465	356376712275976
356376728484830	356376763110507	356376728862538
356376745139101	356376779775299	356376745514726
356376761863945	356376796438475	356376762235195
356376778526080	356376813100350	356376778895455
356376795190820	356376829762277	356376795561288
356376811852382	356376846426028	356376812225195
356376828530455	356376863093579	356376828898736
356376845192851	356376879760611	356376845554830
356376889323476	356376913089361	356376889692382
356376889529674	356376929749673	356376889705819
356376906257330	356376946412121	356376906689517
356376922856288	356376963078840	356376923235194
356376939540507	356376979744412	356376939931549
356376956252226	356376996409048	356376956644205
356376972901392	356377013073319	356376973280767
356376989587226	356377029736131	356376990000351
356377006261601	356377046400350	356377006652955
356377022943580	356377063064101	356377023303632
356377039591913	356377079727850	356377039969569
356377080022226	356377096391965	356377080389101
356377080417538	356377113057799	356377080542694
356377097031601	356377129725975	356377097472382
356377113643736	356377146393632	356377114021392
356377130326705	356377163062278	356377130699726
356377146989830	356377179728735	356377147371913
356377163685663	356377196393162	356377164082799
356377180380351	356377213058944	356377180745507
356377197024413	356377229724829	356377197389674
356377213690038	356377246389152	356377214055976
356377230364101	356377263053319	356377230752538
356377274764830	356377296382173	356377275218007
356377275056392	356377313042903	356377275233267
356377291769569	356377329704569	356377292201288
356377308393007	356377346363683	356377308764257
356377325049882	356377363022693	356377325419882
356377341747226	356377379681913	356377342118007
356377358466288	356377396343527	356377358834413
356377375089257	356377413004621	356377375449882
356377391711392	9223372036854775807	356377392101913

POLL t=399.7 tick=3778
16666666
356385990153316	356386028066805	356385990530347
356386006822379	356386044727587	356386007238264
356386023484879	356386061389514	356386023870347
356386040153733	356386078053264	356386040550608
356386056835816	356386094717899	356386057222378
356386096075972	356386128042950	356386096499983
356386096285660	356386144705607	356386096518785
356386113648472	356386161368419	356386114520972
356386129918576	356386178033732	356386130792222
356386146745764	356386194697118	356386147543785
356386163681389	356386211361649	356386164514878
356386180383628	356386228025816	356386181239097
356386196985503	356386244688837	356386197836285
356386213692847	356386261352013	356386214514722
356386230264097	356386278015972	356386231027222
356386246837951	356386294680034	356386247682378
356386285693264	356386311343836	356386286067951
356386285856233	356386328009357	356386286082795
356386302578941	356386344674201	356386303114253
356386319195660	356386361338472	356386319594826
356386335909722	356386378002430	356386336277691
356386352564253	356386394668680	356386352941910
356386369233941	356386411333940	356386369604878
356386385899514	356386427998628	356386386273160
356386402567795	356386444663732	356386402943160
356386419196076	356386461329461	356386419584514
356386435911545	356386477991857	356386436295191
356386475252795	356386494653159	356386475927691
356386475555035	356386511317222	356386475946076
356386492168264	356386527980554	356386492610451
356386508834097	356386544642430	356386509278941
356386525524670	356386561303992	356386525741285
356386542193889	356386577967430	356386542564201
356386558865347	356386594633159	356386559267222
356386575527170	356386611298315	356386575895191
356386592196910	356386627961440	356386592560972
356386608870764	356386644627690	356386609228576
356386659896076	356386677964929	356386660255347
356386661917222	356386694635450	356386662450347
356386676820660	356386711302586	356386677353785
356386693420139	356386727968003	356386693810816
356386710114722	356386744633680	356386710499566
356386726805659	356386761299617	356386727180034
356386743439566	356386777965867	356386743822222
356386760153316	356386794631805	356386760521597
356386776799722	356386811298992	356386777173628
356386793477795	356386827967899	356386793843784
356386810148941	356386844633941	356386810510191
356386857687847	356386877961649	356386858037951
356386857882639	356386894625607	356386858052847
356386874590191	356386911290711	356386875039722
356386891173628	356386927956180	356386891551389
356386907856597	356386944619722	356386908234409
356386924536232	356386961284773	356386924923316
356386941204670	356386977949096	356386941590972
356386957866284	356386994614930	356386958247951
356386974527378	356387011280920	356386974904097
356386991194722	356387027946128	356386991582482
356387007915034	356387044611961	356387008275191
356387053893784	356387077939409	356387054725451
356387054073784	356387094602534	356387055090816
356387070755034	356387111266127	356387071299253
356387087410816	356387127931075	356387087828628
356387104149670	356387144595920	356387104518628
356387120787639	356387161261701	356387121161128
356387137428107	356387177926023	356387137843628
356387154122847	356387194589409	356387154495034
356387170790816	356387211254982	356387171164045
356387187456441	356387227920971	356387187883941
356387204132482	356387244586857	356387204511597
356387245037691	356387261248472	356387245413472
356387245462222	356387277913107	356387245681128
356387261932691	356387294579044	356387262493159
356387278561284	356387311244045	356387279037066
356387295245034	356387327908680	356387295637951
356387311967534	356387344569252	356387312351753
356387328585763	356387361232482	356387328972066
356387345301076	356387377892794	356387345669513
356387361964982	356387394553679	356387362339982
356387378633888	356387411217221	356387379014670
356387429197013	356387461203992	356387429741597
356387431355972	356387477864304	356387431854878
356387447231076	356387494524409	356387448320763
356387463313784	356387511185763	356387464288315
356387479971128	356387527848107	356387480921232
356387496809513	356387544512898	356387497663159
356387513518003	356387561175971	356387514388472
356387530129409	356387577838940	356387530992534
356387546800347	356387594501961	356387547636909
356387563526128	356387611166492	356387564391753
356387580183628	356387627830972	356387581061597
356387622515451	356387644493472	356387623070190
356387622857847	356387661157794	356387623106232
356387639407690	356387677823731	356387639910815
356387656009982	356387694487482	356387656380347
356387672684878	356387711148210	356387673064722
356387689385451	356387727808367	356387689749201
356387706119409	356387744472274	356387706489253
356387722732065	356387761136179	356387723101284
356387739409253	356387777800450	356387739786076
356387756182534	356387794461700	356387756513263
356387772774878	356387811125451	356387773135920
356387814835190	356387844451232	356387815224357
356387815102326	356387861117012	356387815248628
356387831774409	356387877783836	356387832209722
356387848427690	356387894447898	356387848799826
356387865088263	356387911113575	356387865463888
356387881794044	356387927779513	356387882166544
356387898447326	356387944444877	356387898819409
356387915106909	356387961111335	356387915476544
356387931763940	356387977777950	356387932129982
356387948457065	356387994444044	356387948820919
356387965113472	356388011110607	356387965482065
356388005241440	356388027777065	356388005782690
356388005593003	356388044443836	356388005791909
356388022279878	356388061112013	356388022792013
356388038854253	356388077779721	356388039224096
356388055534096	356388094446336	356388055911753
356388072244096	356388111113419	356388072610503
356388088905034	356388127782533	356388089268315
356388105562065	356388144452169	356388105920346
356388122236232	356388161120971	356388122591388
356388138895294	356388177789148	356388139266388
356388155551440	356388194454721	356388155938107
356388197746284	356388227782638	356388198103315
356388198011076	356388244445346	356388198108315
356388214727326	9223372036854775807	356388214961076

POLL t=410.6 tick=3843
16666666
356396826018624	356396844274666	356396826585031
356396826423781	356396860942635	356396826605760
356396842971906	356396877612374	356396843502374
356396859641697	356396894285551	356396860177218
356396876324666	356396910957322	356396876692531
356396892948156	356396927626541	356396893341281
356396909668156	356396944294145	356396910075135
356396926324562	356396960961124	356396926690499
356396942980812	356396977625603	356396943360447
356396959626749	356396994288936	356396959999093
356396976330447	356397010952165	356396976693416
356397013077947	356397044276020	356397013494874
356397013493624	356397060936384	356397013616749
356397030307478	356397077596384	356397031228937
356397046573885	356397094259353	356397047107999
356397063251124	356397110926801	356397064108624
356397079964406	356397127591749	356397080620656
356397096630812	356397144255603	356397097360499
356397113279666	356397160920655	356397114083624
356397129965031	356397177584874	356397130612843
356397146608312	356397194250447	356397147313416
356397163253572	356397210918155	356397164108624
356397203254666	356397227584196	356397203787062
356397203450603	356397244252426	356397203800499
356397220150655	356397260922009	356397220551905
356397236755343	356397277589457	356397237130968
356397253474874	356397294257165	356397253845187
356397270146437	356397310924144	356397270520187
356397286810655	356397327590655	356397287184822
356397303476437	356397344255447	356397303852843
356397320153468	356397360920030	356397320521437
356397336810499	356397377586072	356397337182843
356397353482999	356397394252321	356397353851072
356397406060499	356397427583467	356397406460291
356397406344978	356397444249718	356397406533937
356397422935499	356397460918155	356397423464041
356397439564405	356397477584301	356397439948624
356397456264978	356397494252582	356397456635655
356397472957478	356397510921905	356397473322843
356397489619666	356397527590864	356397489999353
356397506288624	356397544258780	356397506660291
356397522972478	356397560927790	356397523343572
356397539626853	356397577596696	356397539997791
356397556297687	356397594262322	356397556666437
356397593117999	356397610929144	356397593504197
356397593319405	356397627599353	356397593517374
356397610040343	356397644268312	356397610569353
356397626635655	356397660938988	356397627018468
356397643292843	356397677608415	356397643672947
356397660037374	356397694279144	356397660380812
356397676675030	356397710947634	356397677045134
356397693341749	356397727616384	356397693710030
356397710027843	356397744283728	356397710393103
356397726683624	356397760948311	356397727100655
356397743333937	356397777613832	356397743715343
356397780374718	356397810945707	356397780751541
356397780577062	356397827611280	356397780759249
356397797196437	356397844279040	356397797596593
356397813840447	356397860946436	356397814057166
356397830568780	356397877613988	356397830816593
356397847240030	356397894280655	356397847485030
356397863917218	356397910946644	356397864118572
356397880587686	356397927615082	356397880788624
356397897265916	356397944283467	356397897468936
356397913930186	356397960949821	356397914133416
356397930591749	356397977617321	356397930835968
356397971871436	356397994286905	356397972378155
356397972114197	356398010957165	356397972423884
356397988754405	356398027624197	356397989278103
356398005378468	356398044292269	356398005752218
356398022070343	356398060960863	356398022440343
356398038755186	356398077627999	356398039123936
356398055423155	356398094295707	356398055788468
356398072098624	356398110964040	356398072462374
356398088758624	356398127632530	356398089118155
356398105422009	356398144302061	356398105797218
356398122088624	356398160973832	356398122495811
356398166865447	356398194313207	356398167315916
356398167064249	356398210981696	356398167336436
356398183822374	356398227650863	356398184230916
356398200396384	356398244318728	356398200775499
356398217106228	356398260986905	356398217468311
356398233759822	356398277653363	356398234130186
356398250426749	356398294318780	356398250808780
356398267093468	356398310984353	356398267511541
356398283770916	356398327650238	356398284149249
356398300412165	356398344315759	356398300799405
356398317103936	356398360983103	356398317479040
356398356291124	356398377648676	356398356756593
356398356540343	356398394319093	356398356770343
356398373150499	356398410989405	356398373560811
356398389783624	356398427658675	356398390163155
356398406510759	356398444327009	356398406881436
356398423167843	356398460992426	356398423539249
356398439850134	356398477659092	356398440212999
356398456514718	356398494326801	356398456880134
356398473181436	356398510995446	356398473548780
356398489850290	356398527662842	356398490253311
356398506517842	356398544330238	356398506887842
356398544148780	356398560998727	356398544548155
356398544441280	356398577665811	356398544554405
356398561067790	356398594332947	356398561460967
356398577776749	356398610997946	356398578074822
356398594578155	356398627663259	356398594904249
356398611188311	356398644327425	356398611490603
356398627901697	356398660992790	356398628256592
356398644458155	356398677659612	356398644807165
356398661228311	356398694324196	356398661494197
356398677826905	356398710987113	356398678161853
356398694557947	356398727652634	356398694883311
356398729230447	356398760981019	356398729530342
356398729651905	356398777645915	356398729752165
356398746821540	356398794311540	356398747825499
356398763208311	356398810978519	356398764089717
356398779820499	356398827647581	356398780675759
356398796877530	356398844316383	356398797636228
356398813214092	356398860987478	356398814079665
356398830110655	356398877652582	356398830930447
356398847114249	356398894322009	356398847879249
356398863701072	356398910988883	356398864367009
356398880439717	356398927656123	356398881056905
356398942783936	356398960991853	356398943092842
356398943035655	356398977660811	356398943122061
356398959761124	356398994329040	356398960176749
356398976425967	356399010995134	356398976801540
356398993065811	356399027660290	356398993433624
356399009693155	9223372036854775807	356399010070655

POLL t=421.3 tick=3941
16666666
356407592248308	356407628657474	356407592620808
356407608869818	356407645324192	356407609297214
356407625584245	356407661992839	356407625954402
356407663363308	356407695330287	356407663732527
356407663536068	356407711999609	356407663742787
356407680996120	356407728672265	356407681865599
356407697260183	356407745340443	356407698209870
356407713935964	356407762008203	356407714854714
356407730959037	356407778676067	356407731790443
356407747580912	356407795343411	356407748410651
356407764345443	356407812011589	356407765142943
356407781013620	356407828678880	356407781892683
356407797591849	356407845347422	356407798454089
356407814343151	356407862014610	356407815204870
356407849869245	356407878682734	356407850283776
356407850013933	356407895352422	356407850307058
356407866684714	356407912019609	356407867133412
356407883358881	356407928686224	356407883744037
356407900092370	356407945353828	356407900464401
356407916710495	356407962018464	356407917096120
356407933362683	356407978685807	356407933758776
356407950062683	356407995350234	356407950434506
356407966722787	356408012013307	356407967102683
356407983331381	356408028677421	356407983732631
356408000111901	356408045342682	356408000509089
356408031338620	356408062008516	356408032313151
356408033523933	356408078675860	356408033870183
356408050066745	356408095343724	356408050507318
356408066682526	356408112010651	356408067064245
356408083383256	356408128680286	356408083764974
356408100093724	356408145349974	356408100456589
356408116749714	356408162021641	356408117124505
356408133391276	356408178690859	356408133814558
356408150078933	356408195361224	356408150464558
356408166745339	356408212028098	356408167121276
356408216445339	356408245360807	356408216773620
356408218569558	356408262029245	356408218970183
356408233328933	356408278696328	356408233798151
356408249952162	356408295363828	356408250330599
356408266652995	356408312033203	356408267030339
356408283328151	356408328705651	356408283784714
356408299956745	356408345379192	356408300335130
356408316660026	356408362049921	356408317033151
356408333329401	356408378721380	356408333698776
356408349983151	356408395394401	356408350357839
356408366659349	356408412063255	356408367029245
356408407105755	356408428732474	356408407605182
356408407534401	356408445403776	356408407651537
356408423987214	356408462072994	356408424409245
356408440607370	356408478743984	356408440985130
356408457274714	356408495415339	356408457664870
356408473976589	356408512085547	356408474331432
356408490611745	356408528755755	356408490996276
356408507276537	356408545424505	356408507667214
356408523958776	356408562091223	356408524361901
356408540645495	356408578759557	356408540999662
356408557328776	356408595429349	356408557694089
356408596951537	356408628764973	356408597360807
356408597155651	356408645433775	356408597369037
356408614739089	356408662102161	356408615765339
356408630713776	356408678770234	356408631775599
356408647676432	356408695438984	356408648530287
356408664354089	356408712108516	356408665127943
356408681104714	356408728780547	356408681921120
356408697712630	356408745453463	356408698546537
356408714442682	356408762126120	356408715279870
356408731123464	356408778798775	356408731962057
356408747692682	356408795471589	356408748524662
356408790217682	356408812144609	356408790818307
356408790425182	356408828817474	356408790835026
356408807096068	356408845490807	356408807531901
356408823741432	356408862164453	356408824122370
356408840453464	356408878836953	356408840824036
356408857134557	356408895510755	356408857525182
356408873788724	356408912183515	356408874149089
356408890442786	356408928855963	356408890804557
356408907111120	356408945526744	356408907483724
356408923773776	356408962198046	356408924141849
356408940439870	356408978872578	356408940803568
356408985152839	356409012218984	356408985521432
356408985362370	356409028893047	356408985544193
356409002054245	356409045561848	356409002563620
356409018649818	356409062235129	356409019070651
356409035302213	356409078907942	356409035725443
356409051994713	356409095580859	356409052391432
356409068664036	356409112253255	356409069059036
356409085321276	356409128926536	356409085757005
356409101987838	356409145597317	356409102370182
356409118714713	356409162268515	356409119093099
356409135386849	356409178939453	356409135769193
356409174920495	356409195609192	356409175656901
356409175228463	356409212281744	356409175664870
356409191801432	356409228953203	356409192290599
356409208435026	356409245621797	356409208863411
356409225099036	356409262290494	356409225479713
356409241816849	356409278960286	356409242190286
356409258467526	356409295630859	356409258843307
356409275167213	356409312302004	356409275519401
356409291812943	356409328971588	356409292187943
356409308548724	356409345640911	356409308914088
356409325223776	356409362312526	356409325588932
356409362625963	356409378983307	356409363151068
356409362869818	356409395656849	356409363155963
356409379542630	356409412328463	356409379932370
356409396234713	356409429000077	356409396622682
356409412892161	356409445672942	356409413266901
356409429611432	356409462345390	356409429951276
356409446242317	356409479014557	356409446614349
356409462883255	356409495684400	356409463246901
356409479591120	356409512355337	356409479964557
356409496277161	356409529027109	356409496644401
356409512879713	356409545694557	356409513252161
356409548581901	356409579027734	356409548882370
356409548730286	356409595695026	356409548885807
356409565493307	356409612366067	356409566301276
356409582169401	356409629036275	356409582365911
356409598812057	356409645706379	356409599100755
356409615508776	356409662375077	356409615925807
356409632198099	356409679045338	356409632567526
356409648831276	356409695712316	356409649144557
356409665492994	356409712377785	356409665839713
356409682159661	356409729047369	356409682452057
356409698831744	356409745717213	356409699139192
356409755166849	356409779058150	356409755463099
356409755398932	356409795727317	356409755586849
356409772186901	356409812399140	356409772624244
356409788742369	9223372036854775807	356409789116119

POLL t=432.1 tick=4007
16666666
356418342839866	356418379723929	356418343205804
356418359507627	356418396389866	356418359868304
356418376165179	356418413057730	356418376532991
356418392845022	356418429727053	356418393205908
356418427097835	356418446393616	356418427397366
356418427265179	356418463060491	356418427405491
356418443966429	356418479726740	356418444384866
356418460609189	356418496396428	356418460993564
356418477267679	356418513065074	356418477648929
356418493927679	356418529734137	356418494307054
356418510582210	356418546403356	356418510973877
356418527248095	356418563071428	356418527630752
356418543923877	356418579738355	356418544297366
356418560597054	356418596404866	356418560979033
356418577247679	356418613069813	356418577633460
356418615404658	356418646405074	356418615758720
356418615598147	356418663073095	356418615766272
356418632304241	356418679739709	356418633093147
356418648907366	356418696404345	356418649374554
356418665624397	356418713070647	356418666150179
356418682300439	356418729736792	356418682801116
356418698918772	356418746403981	356418699527054
356418715622001	356418763073303	356418716244189
356418732300335	356418779740282	356418732913147
356418748966272	356418796404137	356418749583095
356418765614554	356418813069918	356418766149970
356418805732626	356418829735178	356418806342366
356418806024970	356418846401220	356418806359554
356418822606272	356418863065803	356418823087835
356418839232678	356418879729866	356418839645908
356418855897939	356418896397626	356418856284033
356418872636428	356418913064865	356418873002053
356418889318772	356418929733303	356418889682210
356418905954397	356418946399032	356418906367210
356418922618251	356418963060751	356418922993408
356418939273772	356418979722990	356418939682001
356418955977939	356418996386584	356418956331116
356419001502470	356419029716063	356419001845178
356419001694553	356419046382574	356419001854397
356419018386272	356419063047938	356419018879553
356419035003303	356419079709084	356419035392158
356419051670647	356419096373095	356419052066897
356419068344085	356419113035959	356419068727053
356419085046116	356419129701219	356419085417158
356419101709345	356419146367730	356419102081064
356419118374085	356419163030751	356419118796376
356419135037053	356419179695230	356419135433408
356419151704085	356419196357001	356419152083772
356419191000491	356419213021115	356419191543147
356419193425022	356419229684814	356419193923147
356419207873876	356419246349762	356419208388251
356419224499501	356419263012522	356419224904866
356419241176845	356419279674137	356419241550491
356419257886220	356419296335803	356419258250595
356419274550178	356419312999605	356419274916897
356419291216376	356419329662835	356419291581376
356419307883616	356419346322834	356419308259866
356419324549710	356419362986584	356419324919814
356419341214345	356419379651376	356419341586272
356419381114345	356419412974865	356419381642991
356419381312053	356419429635542	356419381665803
356419398989866	356419446297157	356419399988616
356419414966272	356419462960022	356419415893460
356419431544710	356419479624241	356419432495803
356419448677366	356419496286584	356419449551532
356419465449032	356419512949293	356419466280335
356419481890959	356419529611272	356419482667626
356419498651584	356419546275230	356419499494084
356419515262209	356419562940022	356419516080959
356419531940022	356419579606220	356419532775907
356419571287522	356419596273719	356419571809084
356419571484189	356419612941584	356419571828876
356419588148616	356419629607574	356419588601428
356419604771428	356419646277209	356419605157991
356419621463251	356419662944970	356419621855491
356419638136220	356419679613407	356419638521220
356419654800959	356419696280907	356419655182834
356419671476064	356419712947729	356419671851897
356419688131376	356419729616375	356419688509397
356419704782522	356419746285647	356419705169241
356419721470178	356419762952313	356419721845491
356419763167834	356419779619136	356419763542834
356419763399241	356419796284657	356419763615282
356419780079866	356419812948302	356419780602834
356419796693303	356419829611689	356419797081897
356419813387470	356419846273251	356419813766584
356419830072366	356419862937313	356419830438616
356419846741897	356419879603303	356419847108147
356419863414501	356419896268616	356419863782834
356419880030334	356419912936167	356419880411116
356419896697522	356419929599396	356419897085334
356419913357782	356419946262730	356419913737470
356419952949813	356419979586532	356419953363147
356419953155022	356419996246792	356419953373772
356419969799084	356420012909969	356419970222366
356419986426897	356420029575126	356419986845282
356420003170334	356420046243511	356420003541897
356420019831116	356420062912626	356420020212313
356420036492678	356420079581949	356420036865907
356420053168563	356420096249917	356420053542053
356420069827053	356420112917000	356420070211220
356420086502053	356420129584657	356420086887834
356420103209866	356420146252938	356420103573928
356420140950178	356420162919969	356420141399397
356420141205334	356420179587990	356420141405751
356420157954970	356420196256219	356420158388459
356420174594240	356420212923875	356420175050178
356420191234553	356420229592105	356420191605334
356420207927678	356420246259917	356420208309553
356420224609084	356420262927990	356420224992782
356420241275178	356420279597157	356420241645907
356420257936897	356420296266219	356420258305595
356420274610595	356420312937053	356420275011220
356420291252365	356420329608615	356420291631115
356420323260022	356420346277313	356420323401115
356420325013720	356420362945230	356420325349970
356420341618303	356420379613563	356420341981376
356420358298772	356420396280542	356420358691376
356420374947157	356420412949917	356420375323459
356420391607053	356420429620699	356420391973720
356420408286688	356420446289032	356420408656532
356420424950438	356420462957157	356420425323928
356420441814657	356420479628094	356420442068928
356420458278563	356420496296948	356420458657365
356420474975959	356420512962573	356420475345022
356420522542053	356420546293355	356420522892990
356420522775438	9223372036854775807	356420522897365

POLL t=443.2 tick=4073
16666666
356429540720487	356429579332257	356429541084654
356429578901529	356429595997257	356429579179810
356429579068612	356429612665487	356429579228768
356429595810174	356429629331424	356429596341060
356429612416581	356429645999445	356429612856841
356429629115747	356429662663508	356429629496581
356429645743247	356429679326841	356429646134341
356429662444029	356429695994185	356429662851372
356429679112674	356429712659340	356429679522726
356429695775904	356429729326633	356429696162987
356429712449966	356429745993403	356429712848768
356429729120018	356429762659913	356429729505018
356429764256893	356429795991215	356429764673299
356429764563456	356429812658142	356429764704393
356429781785747	356429829325330	356429782812935
356429797860799	356429845989236	356429798730799
356429814937206	356429862654965	356429815763456
356429831694862	356429879319340	356429832515487
356429848322987	356429895983819	356429849140278
356429864984549	356429912648507	356429865813403
356429881657674	356429929314497	356429882479237
356429898248924	356429945978976	356429899024862
356429914866372	356429962643402	356429915727831
356429951932987	356429979309236	356429952405331
356429952224706	356429995972986	356429952419028
356429968787518	356430012634705	356429969175018
356429985408247	356430029300174	356429985794080
356430002159185	356430045967153	356430002521893
356430018815174	356430062633403	356430019196060
356430035470955	356430079300017	356430035847987
356430052154549	356430095968247	356430052523143
356430068811893	356430112635330	356430069181737
356430085477674	356430129303246	356430085849393
356430102151268	356430145968195	356430102530487
356430137918455	356430162634914	356430138293716
356430138090903	356430179302882	356430138299237
356430154812674	356430195970642	356430155351268
356430171429237	356430212637569	356430171843716
356430188135018	356430229306841	356430188520174
356430204803560	356430245973768	356430205211893
356430221428768	356430262640799	356430221857987
356430238130122	356430279308455	356430238498091
356430254796112	356430295975434	356430255209237
356430271451580	356430312643559	356430271868924
356430288164705	356430329311996	356430288558924
356430325145018	356430345981163	356430325634237
356430325336112	356430362653298	356430325640330
356430342028455	356430379323142	356430342485487
356430358632205	356430395989653	356430359012674
356430375334862	356430412657465	356430375702778
356430391985903	356430429324809	356430392374653
356430408656216	356430445991892	356430409033716
356430425317622	356430462660070	356430425691737
356430441985955	356430479329288	356430442360330
356430458650747	356430495995329	356430459035643
356430475321580	356430512661632	356430475707622
356430515618559	356430546000486	356430516106268
356430515915122	356430562670746	356430516142987
356430532494966	356430579341163	356430532698768
356430549135643	356430596011893	356430549522362
356430565824028	356430612681632	356430566022049
356430582504237	356430629352361	356430582715955
356430599175747	356430646023715	356430599393403
356430615834237	356430662693142	356430616075799
356430632514861	356430679360851	356430632729705
356430649177309	356430696029080	356430649375018
356430665843768	356430712698194	356430666061111
356430702546372	356430729367100	356430702914080
356430702706684	356430746036841	356430703005591
356430719376893	356430762709080	356430719930018
356430736044341	356430779378090	356430736410643
356430752702830	356430796048559	356430753090278
356430769361268	356430812720903	356430769753716
356430786023611	356430829393403	356430786410330
356430802693403	356430846064079	356430803122674
356430819361059	356430862738403	356430819743143
356430836055799	356430879411371	356430836446424
356430852707361	356430896082622	356430853105486
356430887853768	356430912754392	356430888360643
356430888066893	356430929426841	356430888386059
356430904714236	356430946098871	356430905147674
356430921334809	356430962769079	356430921714184
356430938031424	356430979438559	356430938406580
356430954723299	356430996106423	356430955132205
356430971392986	356431012774444	356430971759861
356430988066528	356431029443819	356430988440591
356431004729861	356431046113559	356431005088455
356431021393455	356431062783975	356431021759236
356431038033455	356431079455434	356431038457674
356431073346893	356431096126736	356431073865799
356431073535486	356431112797101	356431073932205
356431090206997	356431129466736	356431090588403
356431106817049	356431146132882	356431107195643
356431123488299	356431162800017	356431123873768
356431140176059	356431179466476	356431140564809
356431156898299	356431196136371	356431157266736
356431173562205	356431212804809	356431173931372
356431190228299	356431229471736	356431190596059
356431206918872	356431246140381	356431207292830
356431223522518	356431262810486	356431223936893
356431279094392	356431296147882	356431279411372
356431279278872	356431312815694	356431279417622
356431296055903	356431329482934	356431296423142
356431312703299	356431346150277	356431313081372
356431329384705	356431362817673	356431329772049
356431346031372	356431379486840	356431346401580
356431362720747	356431396155486	356431363089861
356431379460799	356431412824028	356431379781267
356431396030642	356431429492933	356431396395330
356431412713924	356431446161476	356431413076059
356431429367986	356431462829392	356431429726580
356431466628247	356431496168871	356431466970174
356431467147674	356431512838351	356431467255017
356431483593872	356431529506475	356431484082622
356431500279080	356431546176788	356431500642361
356431516958403	356431562845954	356431517334497
356431533612778	356431579512100	356431533986580
356431550277205	356431596178819	356431550647361
356431566943611	356431612846319	356431567315642
356431583587153	356431629513142	356431583956528
356431600287830	356431646179912	356431600650174
356431616954705	356431662847778	356431617330174
356431654061736	356431679514913	356431654503767
356431654268142	356431696183715	356431654508455
356431672214028	356431712852673	356431672647622
356431688887153	356431729520954	356431689264340
356431705502674	9223372036854775807	356431705896528

POLL t=454.0 tick=4137
16666666
356440221708608	356440263283243	356440222089233
356440238349649	356440279960326	356440238732774
356440275474337	356440296636524	356440276065639
356440275809493	356440313312253	356440276070327
356440292357983	356440329986368	356440292874077
356440308958295	356440346660482	356440309363920
356440325672774	356440363334805	356440326044545
356440342352514	356440380009649	356440342723295
356440358991577	356440396684545	356440359367358
356440375684649	356440413360066	356440376056837
356440392356368	356440430034024	356440392727202
356440409014702	356440446705274	356440409384702
356440425689337	356440463375847	356440426047827
356440469746524	356440496715691	356440470080118
356440471578399	356440513385691	356440472170899
356440486635326	356440530056107	356440487080483
356440503251733	356440546723451	356440503634962
356440519946733	356440563393190	356440520324545
356440536636576	356440580060639	356440537041264
356440553306264	356440596726785	356440553685170
356440569962514	356440613395846	356440570394076
356440586607514	356440630063294	356440586993295
356440603269545	356440646732514	356440603654649
356440619961108	356440663404337	356440620319076
356440664316524	356440696748868	356440664824806
356440664605326	356440713419962	356440664832358
356440682661056	356440730090742	356440683739024
356440698668868	356440746760534	356440699701889
356440715502201	356440763428190	356440716316576
356440732557462	356440780095691	356440733416108
356440749146056	356440796763191	356440749964858
356440765667514	356440813431316	356440766562201
356440782396524	356440830100430	356440783223920
356440798935639	356440846771003	356440799781524
356440815694701	356440863438972	356440836388712
356440850928243	356440880109180	356440851456212
356440851125014	356440896779597	356440851474076
356440867793920	356440913449128	356440868180274
356440884425326	356440930117669	356440884806889
356440901136420	356440946784805	356440901508608
356440917801889	356440963451836	356440918180951
356440934474389	356440980119233	356440934846576
356440951107514	356440996784493	356440951474701
356440967818139	356441013451732	356440968195951
356440984477462	356441030122253	356440984855795
356441001143764	356441046794388	356441001513555
356441041060951	356441063465170	356441041592826
356441041264493	356441080134544	356441041614858
356441057933608	356441096803764	356441058314233
356441074570743	356441113473815	356441074961420
356441091233608	356441130145534	356441091614389
356441107953399	356441146817096	356441108331368
356441124616732	356441163489023	356441124993243
356441141282618	356441180161940	356441141657201
356441157950430	356441196833711	356441158327149
356441174617514	356441213502566	356441174986732
356441191280795	356441230172982	356441191645639
356441233060482	356441263509284	356441233595951
356441233445014	356441280177826	356441233602514
356441249965014	356441296846003	356441250177774
356441266622826	356441313512826	356441267015014
356441283351420	356441330178764	356441283539545
356441300034805	356441346847930	356441300209857
356441316680170	356441363515743	356441317102774
356441333346576	356441380184180	356441333543087
356441350012826	356441396851316	356441350210482
356441366642670	356441413518399	356441366850482
356441416877982	356441446854180	356441417391264
356441419367462	356441463521471	356441419954857
356441433861889	356441480188139	356441434179232
356441450368920	356441496853242	356441450772357
356441467053920	356441513518555	356441467431889
356441483759076	356441530186419	356441484141680
356441500427357	356441546853763	356441500801993
356441517064337	356441563519232	356441517442982
356441533761524	356441580185899	356441534136368
356441550429076	356441596854440	356441550804857
356441567093139	356441613520117	356441567476836
356441608339493	356441630189388	356441608906993
356441608692045	356441646857305	356441608913555
356441625231732	356441663523294	356441625671732
356441641849493	356441680192461	356441642236576
356441658495586	356441696860221	356441658880170
356441675186576	356441713526993	356441675606264
356441691845170	356441730195066	356441692231732
356441708510951	356441746859128	356441708904232
356441725193086	356441763526628	356441725599961
356441741873451	356441780195534	356441742253295
356441758515274	356441796861836	356441758944857
356441799759545	356441830192878	356441800099180
356441799934232	356441846859336	356441800133243
356441816642670	356441863529024	356441816901732
356441833247982	356441880196002	356441833638555
356441849928243	356441896864336	356441850133451
356441866628451	356441913532826	356441866840013
356441883298399	356441930202721	356441883511211
356441899941420	356441946872721	356441900159545
356441916626055	356441963540534	356441916841888
356441933290638	356441980208607	356441933500170
356441949999336	356441996875846	356441950240013
356441991841420	356442013540795	356441992444493
356441992176888	356442030205534	356441992617513
356442008812618	356442046872669	356442009251368
356442025441993	356442063540586	356442025821888
356442042086732	356442080208086	356442042465326
356442058785743	356442096874649	356442059156055
356442075572357	356442113540638	356442075968555
356442092177201	356442130206784	356442092546055
356442108780638	356442146873294	356442109145482
356442125483868	356442163540690	356442125857670
356442142096524	356442180208190	356442142471993
356442184575170	356442213540794	356442184940743
356442184832513	356442230208919	356442184946576
356442202019076	356442246875170	356442202469388
356442218240638	356442263543659	356442218619545
356442234889701	356442280209805	356442235270013
356442251584545	356442296875221	356442251983138
356442268296420	356442313541315	356442268665326
356442284946732	356442330208034	356442285318607
356442301628295	356442346872461	356442301996420
356442318235638	356442363538346	356442318613763
356442334936107	356442380202253	356442335317357
356442387258867	356442413527200	356442387602617
356442387682201	356442430190221	356442387906420
356442404444545	356442446852565	356442404844076
356442421065117	356442463515898	356442421443919
356442437699857	9223372036854775807	356442438066576

POLL t=464.8 tick=4201
16666666
356451085006729	356451130196572	356451085379333
356451101672197	356451146864176	356451102041677
356451133956729	356451163534281	356451134433135
356451134993291	356451180202613	356451135344229
356451151662354	356451196867145	356451152066729
356451168348604	356451213530843	356451168730895
356451185025739	356451230194645	356451187141729
356451201696260	356451246859593	356451202078239
356451218361833	356451263523759	356451218786364
356451235035010	356451280188290	356451235407510
356451251693239	356451296851416	356451252079385
356451268361260	356451313516104	356451268781052
356451284997666	356451330181416	356451285377822
356451314830322	356451346847197	356451315166729
356451318351260	356451363515947	356451318778447
356451335001104	356451380184749	356451335419541
356451351645114	356451396855426	356451352102614
356451368361572	356451413523082	356451368647354
356451384989020	356451430192092	356451385382822
356451401699958	356451446860686	356451402071676
356451418360010	356451463526936	356451418733239
356451435033447	356451480191989	356451435414541
356451451692197	356451496859436	356451452070010
356451468361885	356451513524541	356451468745947
356451508117145	356451530188916	356451508656572
356451508549020	356451546854385	356451508668604
356451524926520	356451563520635	356451525316885
356451541599385	356451580187978	356451541995895
356451558326051	356451596853186	356451560347510
356451574990583	356451613517821	356451575368135
356451591656260	356451630183551	356451592039385
356451608323447	356451646847926	356451608699801
356451624990791	356451663512926	356451625377301
356451641663551	356451680179488	356451642037770
356451658329645	356451696843134	356451658698083
356451688417510	356451713507978	356451688895895
356451691651989	356451730174280	356451691955791
356451708279801	356451746841364	356451708672458
356451724995791	356451763504905	356451725381885
356451741632145	356451780166936	356451741730947
356451758289228	356451796831415	356451758671885
356451774946416	356451813497613	356451775344020
356451791619541	356451830164697	356451791994489
356451808286885	356451846832145	356451808663760
356451825001520	356451863503030	356451825384072
356451841669176	356451880171363	356451842040270
356451871637822	356451896837718	356451872106885
356451875013551	356451913505895	356451875333760
356451891639333	356451930173082	356451892032041
356451908290947	356451946838082	356451908683864
356451924994645	356451963505478	356451925389645
356451941667978	356451980173446	356451942077197
356451958343135	356451996841520	356451958704697
356451975006260	356452013507822	356451975382666
356451991669385	356452030173082	356451992049176
356452008344385	356452046839280	356452008706833
356452025011728	356452063505373	356452025233603
356452055009385	356452080171312	356452055444801
356452058282041	356452096838759	356452058577041
356452074936416	356452113507770	356452075339957
356452091609957	356452130176155	356452092078291
356452108340010	356452146842300	356452108708916
356452124978603	356452163508864	356452125218760
356452141637666	356452180176051	356452142017041
356452158301364	356452196843707	356452158680791
356452175006989	356452213509749	356452175355270
356452191674957	356452230175947	356452192074332
356452208337197	356452246841415	356452208704801
356452247219541	356452263505947	356452247561676
356452247576051	356452280174384	356452247701259
356452264113291	356452296842926	356452264554228
356452280731572	356452313510217	356452281111259
356452297433707	356452330176520	356452297799801
356452314103916	356452346843655	356452314487197
356452330727614	356452363507665	356452331112509
356452347396572	356452380171103	356452347782301
356452364109332	356452396838447	356452364495166
356452380784332	356452413506936	356452381109697
356452397443759	356452430175374	356452397812978
356452444199541	356452463514957	356452444578603
356452444489072	356452480184644	356452444589228
356452461113239	356452496854436	356452461644332
356452477723864	356452513521571	356452478099384
356452494366884	356452530187353	356452494751520
356452511080009	356452546854905	356452511469645
356452527718395	356452563521832	356452528104697
356452544390634	356452580188551	356452544759489
356452561051728	356452596854644	356452561427509
356452577716416	356452613521363	356452578096207
356452594375947	356452630187613	356452594754957
356452631933134	356452663520842	356452632423447
356452632181728	356452680187040	356452632428864
356452649150634	356452696855009	356452650036259
356452665455895	356452713522873	356452666387666
356452682263395	356452730190374	356452683156103
356452699180322	356452746858134	356452700043134
356452715764853	356452763524748	356452716627770
356452732631728	356452780193394	356452733365895
356452749400426	356452796859176	356452750155166
356452765899645	356452813526728	356452766745322
356452782731572	356452830193811	356452783516832
356452821580478	356452846860738	356452822135166
356452821790478	356452863526832	356452822148916
356452838505947	356452880193134	356452838921363
356452855146832	356452896858707	356452855538291
356452871810426	356452913524696	356452872208603
356452888507353	356452930192925	356452888875738
356452905179645	356452946861936	356452905543603
356452921825009	356452963532457	356452922218447
356452938537040	356452980201207	356452938903290
356452955205634	356452996866623	356452955574957
356452971859488	356453013530998	356452972234853
356453012772665	356453030197300	356453013173238
356453013050582	356453046863342	356453013203290
356453029775895	356453063526207	356453030388603
356453046388759	356453080188967	356453046769697
356453063046259	356453096850061	356453063420165
356453079741728	356453113515478	356453080111103
356453096394540	356453130179644	356453096772613
356453113094384	356453146845008	356453113455634
356453129727665	356453163509644	356453130095165
356453146405322	356453180173603	356453146802509
356453163089384	356453196836207	356453163452978
356453204923290	356453230161571	356453205184332
356453205341832	356453246826206	356453205477665
356453222073863	356453263489749	356453222482197
356453238701363	9223372036854775807	356453239067822

POLL t=475.6 tick=4269
16666666
356461883981360	356461931666515	356461884815006
356461916648079	356461948334953	356461916997506
356461917717141	356461965002141	356461918710579
356461933713443	356461981668756	356461934712662
356461950432193	356461998334640	356461951222662
356461967373912	356462015004015	356461968207506
356461984075631	356462031673703	356461984885579
356462000627037	356462048345162	356462001474693
356462017382922	356462065014588	356462018207610
356462034040318	356462081683703	356462034870006
356462050691985	356462098352193	356462051432610
356462098083391	356462115020370	356462098624745
356462129938756	356462148359849	356462130263860
356462130197610	356462165027818	356462130269537
356462146757610	356462181695318	356462147177610
356462163395162	356462198364015	356462164815318
356462180143860	356462215032974	356462180513599
356462196762349	356462231703286	356462197142922
356462213445318	356462248371516	356462213861256
356462230096568	356462265037453	356462230511672
356462246803756	356462281704797	356462247175631
356462276463079	356462298374276	356462276951412
356462280207662	356462315042506	356462280508547
356462296765891	356462331711203	356462297145787
356462313421829	356462348382506	356462313806829
356462330137141	356462365051881	356462330412506
356462346818756	356462381725005	356462347177141
356462363452506	356462398396880	356462363816256
356462380149485	356462415067974	356462380515006
356462396804849	356462431740162	356462397174797
356462413471568	356462448412870	356462413834797
356462454057193	356462481753494	356462454393287
356462454276568	356462498423547	356462454399485
356462470963391	356462515092296	356462471353131
356462487555891	356462531761567	356462487935631
356462504250735	356462548431776	356462506730735
356462520923287	356462565096776	356462521311360
356462537582818	356462581764953	356462537960735
356462554249849	356462598432922	356462554672506
356462570909693	356462615100318	356462571290422
356462587575318	356462631766985	356462587967506
356462604248078	356462648437297	356462604635787
356462634433287	356462665108859	356462635185318
356462637587037	356462681780422	356462637914849
356462654264797	356462698448703	356462654802193
356462670941099	356462715119536	356462671424693
356462687626412	356462731788286	356462688055943
356462704287037	356462748459015	356462704655631
356462720951881	356462765130682	356462721322818
356462737627297	356462781803651	356462737993755
356462754294849	356462798474484	356462754708912
356462770958912	356462815145161	356462771321412
356462805893287	356462831814588	356462806364068
356462806120005	356462848485787	356462806370162
356462822786047	356462865156620	356462823210891
356462839430005	356462881824953	356462839865474
356462856128235	356462898492609	356462856415474
356462872771985	356462915160526	356462873203235
356462889446255	356462931829744	356462889823912
356462906126047	356462948496620	356462906506568
356462922792349	356462965164588	356462923191880
356462939458599	356462981832193	356462939848755
356462956142349	356462998497193	356462956530735
356462986318755	356463015162609	356462986693287
356462989491880	356463031827349	356462989811724
356463006107610	356463048492037	356463006577193
356463022773912	356463065159172	356463023184537
356463039491880	356463081828078	356463039785474
356463056129068	356463098497401	356463056513599
356463072794797	356463115166047	356463073199380
356463089457610	356463131837193	356463089869537
356463106127193	356463148505682	356463106511099
356463122785005	356463165174224	356463123162505
356463161604849	356463181843651	356463162070943
356463161870891	356463198512193	356463162075787
356463178498078	356463215180213	356463178884380
356463195130266	356463231849380	356463195503703
356463211824016	356463248518599	356463212108599
356463228512505	356463265187505	356463228904068
356463245128287	356463281853598	356463245552505
356463261845734	356463298519327	356463262275005
356463278509953	356463315183599	356463278902505
356463295166203	356463331850369	356463295535630
356463347796099	356463365185838	356463348236724
356463347953391	356463381852036	356463348261047
356463364637922	356463398516671	356463365054641
356463381285422	356463415181359	356463381658391
356463398000943	356463431847349	356463398283130
356463414671880	356463448514483	356463415080161
356463431340266	356463465180734	356463431741880
356463448025630	356463481849224	356463448372349
356463464674849	356463498518546	356463465042974
356463481337141	356463515187557	356463481712453
356463498004068	356463531857193	356463498376255
356463528457818	356463548524849	356463528926099
356463531322036	356463565196672	356463531654953
356463548052349	356463581865213	356463548431203
356463564686359	356463598534224	356463565064224
356463581329484	356463615202192	356463581713391
356463598051255	356463631869484	356463598459172
356463614720943	356463648538650	356463615092036
356463631383391	356463665203858	356463631758755
356463648086099	356463681871828	356463648458599
356463664732661	356463698541046	356463665095266
356463712094380	356463731877817	356463712395422
356463712460005	356463748546203	356463712637974
356463729176672	356463765217349	356463729504693
356463745735630	356463781889015	356463746106568
356463762413391	356463798560369	356463762779068
356463779123547	356463815232348	356463779485109
356463795756099	356463831902401	356463796126359
356463812447141	356463848573806	356463812802974
356463829113234	356463865244640	356463829478859
356463845759484	356463881915005	356463846134484
356463862443911	356463898584276	356463862806828
356463898508234	356463915251359	356463898784693
356463898866568	356463931920108	356463898946672
356463915540109	356463948588651	356463915961411
356463932177193	356463965257401	356463932557818
356463948913286	356463981924015	356463949192661
356463965558911	356463998592400	356463965921880
356463982151203	356464015259484	356463982505578
356463998806255	356464031928234	356463999169328
356464015570630	356464048596984	356464015930109
356464032355630	356464065265213	356464032686672
356464048901984	356464081934015	356464049249224
356464082814380	9223372036854775807	356464083126828

POLL t=486.4 tick=4373
16666666
356472681509064	356472715616303	356472681884220
356472719545575	356472748956928	356472719856252
356472719693856	356472765628855	356472719866095
356472736411564	356472782300731	356472736796564
356472753023439	356472798969429	356472753417189
356472769771408	356472815636824	356472770144689
356472786410470	356472832304220	356472786782033
356472803069481	356472848968595	356472803440470
356472819709845	356472865635210	356472820080783
356472836404689	356472882299793	356472836778908
356472853067345	356472898966564	356472853434168
356472889622502	356472915632918	356472890114533
356472889818075	356472932300261	356472890130627
356472906529064	356472948964585	356472907105158
356472923132450	356472965630001	356472923524533
356472939765783	356472982297397	356472940203231
356472956547345	356472998966720	356472956925575
356472973138127	356473015635261	356472973562033
356472989794637	356473032301408	356472990189533
356473006460783	356473048967866	356473006856199
356473023126824	356473065634272	356473023509793
356473059054168	356473082303126	356473059584793
356473059241043	356473098972918	356473059593856
356473075934845	356473115642866	356473076427189
356473092544220	356473132310366	356473092926252
356473109251720	356473148979792	356473109628283
356473125927502	356473165649740	356473126333283
356473142567345	356473182317710	356473142942189
356473159227970	356473198983335	356473159601252
356473175934845	356473215652814	356473176299064
356473192600470	356473232322709	356473192969689
356473229671251	356473248992084	356473229966251
356473231077345	356473265662085	356473231435106
356473246508543	356473282331720	356473246949376
356473263158439	356473299002449	356473263533439
356473279827345	356473315672189	356473280204533
356473296482449	356473332340938	356473296857762
356473313149220	356473349011511	356473313539949
356473329886199	356473365681095	356473330298751
356473346552918	356473382347657	356473346920626
356473363211356	356473399013907	356473363639637
356473398086876	356473415680886	356473398390001
356473398267189	356473432347293	356473398405939
356473414960001	356473449014533	356473415511876
356473431570314	356473465679168	356473431953595
356473448302293	356473482344064	356473448672033
356473464973231	356473499012189	356473465342345
356473481635783	356473515682918	356473482006199
356473498302189	356473532352345	356473498670418
356473514969220	356473549022866	356473515345158
356473531635783	356473565694220	356473532011095
356473564693439	356473582364011	356473565127449
356473564989064	356473599036147	356473565135626
356473581686720	356473615705834	356473582114064
356473598328283	356473632375782	356473598707137
356473615030158	356473649046980	356473615390783
356473631651564	356473665716667	356473632054689
356473648363908	356473682385991	356473648734220
356473665033074	356473699053960	356473665399168
356473681692033	356473715722553	356473682068230
356473698367658	356473732390053	356473698738751
356473730087658	356473749058334	356473730400783
356473731650783	356473765728282	356473732108126
356473748382345	356473782396511	356473748762970
356473764966408	356473799065522	356473765378126
356473781645887	356473815735262	356473782029533
356473798320158	356473832403490	356473798709845
356473814975939	356473849069636	356473815363908
356473831642033	356473865738438	356473832033283
356473848317918	356473882407865	356473848711512
356473864981095	356473899078334	356473865401199
356473897349064	356473915748177	356473897664637
356473900443126	356473932415834	356473900781564
356473915113543	356473949085365	356473915677970
356473931702970	356473965758543	356473932099637
356473948405626	356473982431355	356473948780418
356473965063751	356473999102292	356473965430470
356473981731199	356474015772136	356473982109064
356473998398282	356474032441511	356473998754689
356474015065001	356474049109584	356474015429064
356474031729532	356474065780313	356474032085887
356474066903126	356474099118595	356474067234168
356474067283907	356474115788125	356474067445418
356474084789845	356474132454897	356474085653751
356474101063282	356474149120938	356474102004532
356474117982501	356474165787657	356474118879480
356474134742814	356474182452397	356474135587449
356474151420262	356474199117084	356474152238907
356474168057814	356474215783647	356474168846876
356474184687345	356474232451511	356474185582032
356474201306720	356474249119897	356474202227032
356474235174168	356474265786146	356474235719689
356474235382970	356474282455521	356474235725262
356474252093439	356474299125105	356474252713595
356474268687970	356474315792241	356474268904376
356474285382032	356474332461095	356474285579012
356474302020314	356474349128907	356474302277918
356474318704480	356474365800313	356474318904636
356474335400261	356474382470105	356474335599689
356474352098855	356474399138542	356474352406355
356474368739532	356474415806407	356474369019480
356474400267032	356474432476095	356474400564011
356474402437814	356474449143594	356474403459845
356474418726511	356474465808491	356474418977345
356474435425782	356474482473750	356474435633855
356474452071668	356474499140521	356474452488543
356474468759845	356474515809011	356474469237136
356474485415105	356474532479115	356474485864480
356474502075001	356474549150105	356474502546668
356474518737970	356474565817813	356474519229689
356474535417501	356474582484219	356474535902293
356474567327032	356474599155261	356474567627136
356474568995001	356474615826042	356474570139949
356474585453438	356474632496459	356474586397970
356474602124220	356474649167448	356474602322345
356474618771199	356474665838438	356474618995157
356474635430886	356474682508126	356474635894532
356474652116355	356474699176719	356474652600730
356474668775470	356474715843750	356474669249063
356474685453438	356474732512240	356474685949220
356474732101980	356474749181511	356474732373907
356474761768699	356474782521303	356474762190157
356474762036095	356474799193334	356474762195157
356474778662761	356474815866251	356474779064220
356474795427188	356474832535938	356474795719220
356474812064220	356474849209740	356474812397761
356474828700157	9223372036854775807	356474829059376

POLL t=497.1 tick=4449
16666666
356483432668435	356483466851039	356483433042133
356483474091716	356483500182081	356483474627810
356483474288279	356483516847029	356483474637498
356483490952966	356483533514060	356483491342810
356483507568748	356483550181664	356483507983435
356483524309685	356483566847237	356483524675779
356483540976039	356483583514528	356483541352810
356483557640466	356483600182445	356483558009008
356483574299373	356483616851508	356483574678227
356483590969477	356483633518852	356483591348070
356483637060727	356483666853643	356483637506820
356483637262289	356483683519164	356483637515883
356483653929841	356483700183956	356483654334373
356483670559529	356483716851247	356483670784685
356483687268748	356483733517705	356483687642654
356483703944945	356483750184737	356483704334008
356483720616820	356483766852601	356483720984372
356483737273852	356483783522705	356483737670622
356483753945935	356483800192080	356483754314789
356483799132914	356483816859632	356483799508695
356483799341247	356483833529007	356483799549477
356483816119685	356483850196403	356483816571977
356483832610935	356483866866663	356483833001091
356483849290154	356483883536716	356483849678747
356483865975466	356483900205101	356483866361872
356483882645102	356483916874372	356483883035935
356483899300779	356483933544632	356483899700154
356483916042289	356483950211455	356483916417341
356483951198435	356483983548695	356483951504372
356483951349841	356484000217497	356483951514164
356483969411820	356484016883330	356483970281560
356483985467497	356484033550413	356483986316508
356484002486716	356484050217653	356484003333904
356484019043747	356484066885622	356484019896039
356484035927029	356484083557913	356484036767654
356484052657758	356484100228747	356484053485466
356484069238539	356484116896924	356484070047810
356484103824060	356484133563539	356484104200154
356484103994685	356484150229736	356484104204841
356484120694685	356484166897913	356484121162810
356484137332497	356484183565622	356484137701195
356484154015258	356484200233747	356484154395622
356484170664008	356484216901715	356484171052497
356484187367133	356484233569736	356484187748747
356484204047029	356484250238435	356484204417758
356484220704633	356484266907132	356484221077497
356484260414945	356484283575414	356484260877341
356484260606039	356484300244007	356484260886716
356484277245154	356484316911143	356484277658747
356484293914476	356484333581611	356484294328435
356484310617289	356484350253487	356484311048747
356484327308279	356484366924632	356484327678279
356484343929529	356484383593122	356484344313904
356484360630935	356484400263747	356484361004372
356484377303122	356484416933486	356484377678226
356484416030935	356484433604059	356484416352028
356484416231508	356484450273382	356484416368539
356484432907653	356484466939684	356484433285622
356484449521560	356484483604996	356484449902966
356484466255726	356484500274580	356484466624164
356484482920622	356484516944059	356484483341403
356484499542133	356484533613486	356484499929841
356484516257758	356484550282497	356484516666560
356484532922810	356484566948851	356484533292341
356484570994841	356484600280309	356484571274528
356484571166403	356484616944632	356484571299789
356484587918226	356484633609268	356484588381976
356484604477966	356484650275622	356484604865153
356484621173070	356484666939371	356484621563122
356484637833122	356484683603122	356484638219528
356484654497289	356484700269841	356484654923070
356484671164008	356484716938903	356484671549789
356484687814320	356484733605934	356484688209060
356484724910258	356484750273121	356484725437653
356484725153695	356484766942237	356484725449685
356484741770466	356484783610309	356484742175414
356484758393278	356484800279372	356484758800258
356484775103226	356484816946976	356484775515935
356484791790778	356484833613017	356484792159164
356484808457497	356484850279684	356484808830622
356484825116351	356484866946142	356484825498122
356484841738122	356484883609737	356484842122966
356484878542497	356484900274528	356484878911507
356484878774997	356484916941246	356484878925778
356484895441872	356484933607653	356484895974685
356484912086247	356484950274215	356484912467653
356484928709685	356484966940049	356484929096403
356484945394841	356484983608017	356484945782653
356484962053435	356485000277914	356484962432185
356484978721091	356485016943694	356484979103070
356484995381403	356485033611194	356484995764060
356485028354632	356485050278955	356485028837341
356485028837653	356485066947444	356485028953591
356485045424632	356485083613903	356485045852653
356485062104841	356485100280256	356485062542028
356485078765309	356485116947444	356485079191247
356485095426195	356485133616767	356485095853434
356485112154372	356485150287080	356485112543070
356485128740101	356485166954736	356485129123070
356485145464997	356485183624475	356485145852653
356485162164997	356485200295309	356485162552653
356485205207966	356485233637652	356485205503539
356485205541247	356485250308851	356485205685778
356485222199320	356485266980361	356485222589632
356485238830778	356485283649684	356485239279372
356485255566507	356485300319059	356485255955466
356485272232028	356485316988226	356485272442184
356485288900153	356485333658798	356485289277341
356485305568434	356485350326298	356485305935622
356485322272809	356485366994111	356485322638434
356485338914684	356485383665100	356485339285466
356485379032966	356485400333591	356485379474216
356485379598591	356485417001194	356485379723122
356485407199789	356485433667809	356485407655466
356485412735778	356485450335309	356485413047809
356485429516716	356485467003018	356485429912028
356485446170882	356485483672496	356485446550466
356485462812028	356485500341871	356485463180726
356485479492497	356485517008225	356485479883070
356485496189528	356485533673330	356485496563070
356485512865778	356485550338955	356485513237809
356485529532653	356485567006976	356485542842288
356485561653851	356485583675049	356485562044059
356485562803903	356485600342497	356485563108070
356485580244632	356485617012184	356485580615934
356485596879372	356485633681872	356485597249997
356485613547653	9223372036854775807	356485613914528

POLL t=507.9 tick=4528
16666666
356494221005150	356494268673638	356494221878431
356494237667441	356494285343222	356494238522129
356494254343691	356494302014004	356494264454837
356494286207337	356494318681556	356494286631556
356494287577181	356494335349264	356494288496087
356494305011400	356494352015566	356494305926868
356494320937598	356494368683952	356494321820618
356494337456816	356494385355202	356494338336035
356494354281973	356494402026712	356494355137598
356494370836712	356494418697389	356494371709681
356494387734316	356494435369212	356494388519368
356494419897598	356494452040826	356494420239212
356494421572025	356494468712285	356494422623587
356494437284993	356494485380461	356494438300775
356494453969212	356494502050931	356494454920879
356494470576087	356494518722649	356494471556868
356494487782285	356494535395305	356494488602337
356494504269473	356494552068170	356494505121087
356494521004316	356494568741191	356494521891087
356494537679056	356494585412962	356494538512129
356494554319368	356494602083534	356494555213431
356494584970462	356494618754524	356494585494004
356494588215254	356494635425097	356494589149525
356494604194837	356494652096087	356494605125462
356494621156556	356494668766399	356494622106973
356494637932025	356494685439524	356494638889525
356494654434212	356494702112701	356494655269004
356494671080150	356494718784003	356494671922806
356494687760775	356494735455357	356494688520306
356494704430618	356494752124993	356494705251868
356494743595879	356494768793430	356494744317650
356494770674316	356494802131920	356494771065931
356494771016035	356494818803795	356494771142806
356494787530775	356494835477649	356494788447806
356494804620462	356494852149003	356494805508900
356494820821504	356494868818222	356494821622650
356494837806556	356494885490982	356494838671243
356494854408691	356494902165253	356494855288743
356494871077024	356494918838326	356494871911504
356494910662806	356494935511659	356494911175774
356494910919681	356494952184941	356494911182024
356494927549212	356494968857857	356494927935774
356494944224681	356494985530982	356494944671972
356494960836399	356495002203014	356494961392649
356494977591399	356495018876347	356494978093743
356494994249056	356495035553170	356494994611868
356495010881504	356495052228482	356495011254629
356495027538743	356495068902701	356495027915149
356495044203899	356495085575305	356495044622962
356495093308587	356495118920826	356495093782493
356495093550149	356495135590461	356495093787806
356495110185097	356495152261868	356495110623743
356495126869316	356495168934316	356495127355149
356495143491712	356495185605514	356495143928431
356495160196087	356495202274993	356495160651712
356495176852181	356495218945201	356495177241087
356495193523587	356495235613378	356495193947441
356495210183743	356495252284733	356495210566868
356495226855931	356495268958066	356495227238847
356495257591347	356495285632388	356495258110618
356495260213899	356495302303534	356495260561660
356495276836712	356495318974889	356495277229681
356495293544316	356495335644367	356495293973535
356495310206347	356495352311920	356495310631399
356495326857753	356495368981868	356495327289681
356495343526243	356495385653378	356495343956399
356495360194316	356495402322076	356495360577962
356495376860931	356495418991712	356495377252181
356495416205253	356495435662181	356495416708378
356495416448431	356495452331867	356495416715149
356495444665253	356495469000409	356495444992649
356495449701712	356495485668065	356495450023691
356495466394681	356495502337961	356495466790722
356495483051816	356495519003014	356495483444160
356495499709785	356495535670200	356495500103743
356495516419680	356495552339107	356495516800878
356495533074055	356495569008378	356495533451347
356495549729212	356495585676190	356495550122493
356495582069680	356495602344316	356495582507128
356495583081816	356495619014524	356495583429472
356495599857024	356495635681815	356495600270097
356495616473743	356495652347596	356495616976555
356495633134316	356495669013586	356495633505722
356495649813222	356495685681451	356495650173274
356495666476087	356495702348378	356495666849524
356495683145305	356495719015721	356495683511399
356495713912493	356495735685461	356495714377337
356495716466399	356495752352805	356495716744212
356495733094524	356495769019315	356495733514055
356495749794212	356495785684107	356495750227337
356495766484524	356495802348586	356495766985618
356495783141555	356495819012285	356495783514837
356495799806243	356495835677961	356495800191868
356495816480566	356495852344680	356495816861555
356495833142441	356495869011920	356495833514941
356495849805097	356495885678899	356495861988899
356495882094316	356495902349628	356495882490410
356495883106503	356495919018586	356495883412285
356495899933535	356495935685618	356495900374472
356495916519993	356495952353950	356495916896503
356495933146399	356495969023847	356495933519524
356495949886868	356495985692128	356495950253847
356495966540878	356496002362752	356495966905305
356496010727805	356496035702701	356496011020774
356496011058587	356496052369524	356496011211555
356496027704784	356496069038377	356496028092024
356496044433743	356496085706867	356496044834055
356496061091034	356496102376763	356496061451399
356496077751712	356496119047596	356496078120774
356496094413691	356496135719680	356496094779159
356496111071191	356496152391815	356496111446816
356496127763430	356496169062180	356496128134941
356496160339784	356496185731815	356496160769211
356496186173847	356496202402700	356496186496243
356496186471503	356496219073170	356496186566399
356496203076711	356496235744627	356496203508274
356496219802180	356496252416398	356496220183222
356496236406868	356496269087076	356496236800930
356496253099316	356496285759054	356496253472441
356496269791347	356496302434420	356496270174628
356496286444524	356496319107284	356496286816555
356496321698430	356496352454419	356496322026659
356496322054316	356496369125721	356496322142961
356496338635930	356496385798482	356496339394941
356496355254680	356496402467701	356496355578118
356496371956399	356496419136346	356496372685618
356496388633222	9223372036854775807	356496388899784

