POLL t=10.7 tick=345
8333333
364515266653809	364515279239225	364515266982090
364515266870371	364515287452870	364515266986934
364515296561309	364515312094694	364515296858809
364515326928132	364515344956100	364515327219382
364515327113652	364515353171829	364515327223809
364515358359277	364515369604173	364515358661934
364515360498600	364515377819121	364515360806413
364515389089277	364515402463965	364515389473809
364515420422559	364515435324537	364515420714121
364515420611934	364515443538340	364515420718809
364515450550788	364515468181829	364515450826621
364515479380944	364515492823236	364515479659850
364515479761152	364515501037349	364515479848444
364515496563444	364515509250839	364515496973340
364515531329434	364515542107611	364515531629277
364515531503340	364515550322766	364515531640215
364515561888965	364515574962402	364515562188340
364515564926777	364515583175943	364515565200996
364515593933340	364515607816568	364515594239694
364515627643444	364515640670996	364515627930788
364515627823965	364515648886048	364515627935527
364515659327559	364515673528599	364515659619538
364515661192506	364515681741620	364515661481465
364515690884902	364515706379381	364515691253027
364515722078600	364515739226204	364515722378340
364515722240996	364515747437818	364515722395840
364515753719538	364515763862454	364515754003027
364515755672559	364515772074225	364515756577090
364515785893496	364515796711829	364515786269590
364515788947871	364515804925631	364515789615059
364515817791725	364515829564225	364515818093340
364515850389746	364515862417870	364515850688965
364515850615788	364515870630944	364515850695371
364515880545058	364515895274172	364515880828340
364515911137402	364515928133131	364515911460631
364515911373027	364515936347610	364515911467506
364515941401777	364515952771360	364515941690631
364515970582871	364515985624850	364515970872663
364515970913600	364515993839797	364515971043340
364515987573808	364516002055267	364515987868340
364516023376621	364516034913079	364516023666100
364516023541308	364516043128443	364516023679225
364516052608600	364516067775006	364516052880058
364516083007715	364516100635996	364516083329381
364516083243965	364516108850735	364516083333496
364516113426725	364516125279641	364516113736777
364516116572558	364516133496256	364516117758756
364516144634902	364516158142662	364516144926308
364516175565058	364516191004537	364516175883131
364516175743496	364516199220422	364516175891308
364516205299902	364516215651256	364516205603913
364516236250683	364516248510839	364516236552506
364516236520944	364516256726308	364516236626412
364516267086725	364516281372610	364516267385631
364516269820527	364516289587974	364516270103340
364516298534121	364516314234329	364516298851569
364516329369590	364516347098756	364516329660944
364516329554433	364516355313860	364516329664277
364516359309746	364516371744329	364516359640996
364516390938965	364516404603964	364516391241777
364516391180683	364516412819328	364516391243496
364516420732871	364516437465683	364516421025996
364516452314381	364516470325266	364516452623652
364516452558027	364516478538651	364516452631464
364516482739746	364516494966933	364516483027506
364516485958183	364516503181777	364516486203964
364516514966621	364516527824954	364516515227819
364516545317089	364516560679172	364516545612871
364516545476933	364516568894120	364516545615683
364516576191308	364516593537662	364516576486100
364516578895214	364516601752923	364516579185996
364516608294277	364516626393287	364516608577871
364516638901933	364516651036412	364516639236100
364516639114589	364516659252245	364516639241308
364516670246412	364516683895579	364516670518912
364516672498808	364516692110631	364516672774537
364516702667089	364516716758651	364516703068808
364516705781777	364516724975006	364516706075006
364516733942558	364516749621359	364516734244121
364516764549902	364516782473391	364516764857402
364516764770996	364516790687193	364516764861777
364516795686308	364516807113183	364516795965996
364516798454902	364516815327089	364516798775371
364516827609069	364516839970787	364516827886777
364516858730996	364516872830683	364516859019850
364516859027714	364516881046099	364516859109902
364516890418964	364516905696412	364516890718756
364516892316308	364516913912402	364516892605162
364516921841100	364516938562193	364516922127089
364516953182037	364516971427922	364516953495214
364516953404589	364516979644120	364516953502558
364516984716256	364516996074277	364516984927662
364516987213131	364517004290579	364516987512246
364517016146256	364517028938599	364517016443652
364517048777558	364517061798130	364517049065475
364517049055058	364517070012818	364517049148131
364517079592246	364517094657037	364517079899121
364517082361464	364517102873912	364517082642558
364517115022245	364517127520110	364517115327402
364517115768652	364517135735786	364517116089068
364517145757662	364517160381203	364517146028443
364517149042402	364517168596412	364517149334902
364517177960006	364517193246359	364517178255058
364517209731308	364517226109485	364517210023808
364517209991308	364517234325890	364517210106725
364517242735943	364517258970214	364517242942245
364517243347402	364517267185266	364517243643131
364517276067193	364517291833964	364517276295683
364517276719120	364517300049380	364517277022245
364517309675995	364517324692350	364517309979902
364517310104068	364517332907453	364517310190839
364517343113964	364517357550942	364517343401620
364517343509120	364517365765578	364517343603287
364517376608027	364517390410578	364517376901256
364517376936256	364517398624693	364517377047037
364517409793912	364517423268755	364517410093183
364517410237818	364517431483651	364517410335839
364517443263652	364517456128495	364517443558808
364517443709120	364517464343912	364517443796881
364517476153287	364517488992349	364517476424693
364517477115839	364517497207974	364517477425370
364517510382089	364517521854797	364517510688652
364517510567089	364517530068078	364517510695787
364517543225943	364517554715683	364517543511620
364517543986099	364517562932974	364517544284589
364517576905162	364517587582401	364517577180787
364517577353287	9223372036854775807	364517577452349

POLL t=21.3 tick=662
8333333
364525840104846	364525859494793	364525840396930
364525870810940	364525884138909	364525871122555
364525873412242	364525892353179	364525873686930
364525902344221	364525916997450	364525902648492
364525934065523	364525949852763	364525934391305
364525934286409	364525958066877	364525934396930
364525966970471	364525982711617	364525967262398
364525967604065	364525990926304	364525967909846
364525998729898	364526015570367	364525999030523
364526001013180	364526023785783	364526001297503
364526030814586	364526048430575	364526031100315
364526061992034	364526073074482	364526062304586
364526062173909	364526081290418	364526062308023
364526094124430	364526105936096	364526094417867
364526095515680	364526114151877	364526095823284
364526128068180	364526138799273	364526128326461
364526128871565	364526147014481	364526129170627
364526160216461	364526171657659	364526160505523
364526162245940	364526179872658	364526162537711
364526192897971	364526204520002	364526193197815
364526195616305	364526212736409	364526195894898
364526226345627	364526237384116	364526226628336
364526229050211	364526245600731	364526229255836
364526259257034	364526270244220	364526259533023
364526262226565	364526278457189	364526262813180
364526292233492	364526303098075	364526292528752
364526295619742	364526311313387	364526296392034
364526325981304	364526344171825	364526326255471
364526328923492	364526352386460	364526329208023
364526358462242	364526368816252	364526358753909
364526362320315	364526377030158	364526362720367
364526391947398	364526409883804	364526392236461
364526423928336	364526434523543	364526424190940
364526424324690	364526442736408	364526424422242
364526441013127	364526459163336	364526441418336
364526476882711	364526492016461	364526477170992
364526501297659	364526516656460	364526501595627
364526501707815	364526524869429	364526501815836
364526534042242	364526549508336	364526534318961
364526535050367	364526557722814	364526535339586
364526566169273	364526582361356	364526566461409
364526568420992	364526590573751	364526568711148
364526598920836	364526615214220	364526599187711
364526601756565	364526623429169	364526602037711
364526631562554	364526648073388	364526631845054
364526635110836	364526656288804	364526635400159
364526664742346	364526680932606	364526664995679
364526668494846	364526689145575	364526668779586
364526698311929	364526713790211	364526698610679
364526701771304	364526722006200	364526702051617
364526731339273	364526746653752	364526731643283
364526764710523	364526779512398	364526765031929
364526765129742	364526787726356	364526765215627
364526796957867	364526812372190	364526797244429
364526798263908	364526820585939	364526798562242
364526830990940	364526845229012	364526831295836
364526831700836	364526853443908	364526831991304
364526863426617	364526878087345	364526863720627
364526865052398	364526886301304	364526865315054
364526897007242	364526910946825	364526897286252
364526898275471	364526919161669	364526898579898
364526928342190	364526943802397	364526928628961
364526931674273	364526952015835	364526931975054
364526961443492	364526976655001	364526961754377
364526992234533	364527009510053	364526992535835
364526992449221	364527017724065	364526992549742
364527025234117	364527042362085	364527025528596
364527025795158	364527050575419	364527025897554
364527074752190	364527091648075	364527074965523
364527075224429	364527099862762	364527075335210
364527091962658	364527108077345	364527092216460
364527129549429	364527140936043	364527129813492
364527158554846	364527173797293	364527158855992
364527158947502	364527182012606	364527159043596
364527175585367	364527190227398	364527175983492
364527215835783	364527231298595	364527216125315
364527243524065	364527255937241	364527243819065
364527243883335	364527264151616	364527243992971
364527273788648	364527288793596	364527274081460
364527302853283	364527321655627	364527303115367
364527303194742	364527329870419	364527303300367
364527319892971	364527338086304	364527320290002
364527363829898	364527379168075	364527364118648
364527390917085	364527403816616	364527391196304
364527391250523	364527412031824	364527391355054
364527420607971	364527436677397	364527420903596
364527449185627	364527461319168	364527449399064
364527449503179	364527469533126	364527449596773
364527466275367	364527477747293	364527466676148
364527509678752	364527527027345	364527509901929
364527536710992	364527551666564	364527537013283
364527537100835	364527559878700	364527537203023
364527566601460	364527584518856	364527566912346
364527594668023	364527609159845	364527594984116
364527595062554	364527617375887	364527595252502
364527611770210	364527625591199	364527612155991
364527652717241	364527666663856	364527652883491
364527653048335	364527674879116	364527653145835
364527683173491	364527699523230	364527683441304
364527711208335	364527724164272	364527711529741
364527711561929	364527732378543	364527711699585
364527728285679	364527740592761	364527728680366
364527768474741	364527781663907	364527768750314
364527793826616	364527806303231	364527794147866
364527794243179	364527814515991	364527794349273
364527823220679	364527839154220	364527823500991
364527827461773	364527847367606	364527827784741
364527859633804	364527872007241	364527860100471
364527860986929	364527880220470	364527861292085
364527891739898	364527904861095	364527892099116
364527894208491	364527913074949	364527894496721
364527924747398	364527937715418	364527925039273
364527955573283	364527970566616	364527956091773
364527955901460	364527978779585	364527956098804
364527972643283	364527986992188	364527973033491
364528014319429	364528028056251	364528014605991
364528014716148	364528036270053	364528014817814
364528044798908	364528060908126	364528044931773
364528048080939	364528069120262	364528048368283
364528064739220	364528077334585	364528065142345
364528107396877	364528118398491	364528107673179
364528137831460	364528151246564	364528138129585
364528138275627	364528159458439	364528138367345
364528154867502	364528167671251	364528155267085
364528196410939	364528208732970	364528196716304
364528196814689	364528216945418	364528196922658
364528227164064	9223372036854775807	364528227438179

POLL t=31.9 tick=866
8333333
364536680090363	364536694641040	364536680370051
364536696691613	364536711069946	364536697036248
364536713279373	364536727497342	364536713657030
364536742912863	364536760354582	364536743262707
364536746582498	364536768567654	364536746871613
364536763230676	364536776781613	364536763611873
364536779979530	364536793208279	364536780349061
364536796598748	364536809636404	364536796973123
364536813301613	364536826065050	364536813671769
364536842455155	364536858923227	364536842744738
364536846573488	364536867138019	364536846843748
364536863233488	364536875351144	364536863629269
364536879940936	364536891777967	364536880338436
364536922502550	364536941055311	364536922818488
364536922997498	364536949269321	364536923081873
364536939548488	364536957483383	364536939975207
364536956215675	364536973914477	364536956601717
364536972876925	364536990346143	364536973250832
364536989491092	364537006777290	364536989895988
364537021530988	364537039639164	364537021845936
364537022979373	364537047853227	364537023294061
364537039955936	364537056068539	364537040150675
364537056385155	364537072499582	364537056771925
364537072938644	364537088927289	364537073331925
364537089631613	364537105353487	364537090008800
364537122496925	364537138210415	364537122779530
364537123022550	364537146424477	364537123130675
364537139690519	364537154639841	364537140106717
364537156394373	364537171069582	364537156753905
364537173042238	364537187498331	364537173412550
364537189734998	364537203925154	364537190111769
364537220941769	364537236781352	364537221240832
364537223056613	364537244994425	364537223348488
364537239659425	364537253208019	364537240073800
364537256360519	364537269633852	364537256744113
364537273066613	364537286061925	364537273445623
364537289726404	364537302491820	364537290099842
364537318794529	364537335343747	364537319106561
364537322963332	364537343556665	364537323283644
364537339627550	364537351769216	364537340054425
364537356343644	364537368198695	364537356726873
364537373034529	364537384628279	364537373407082
364537389730623	364537401057290	364537390111873
364537419036717	364537433919685	364537419328019
364537422933175	364537442137238	364537423262186
364537439687342	364537458571820	364537440089581
364537456393175	364537475002342	364537456768748
364537497818956	364537516080154	364537498106144
364537498260467	364537524296821	364537498336300
364537514846613	364537532512446	364537515284842
364537531535623	364537548945050	364537531934581
364537548289686	364537565374894	364537548661456
364537564895831	364537581804737	364537565275154
364537581509269	364537598236612	364537581902342
364537613088592	364537631109112	364537613478019
364537614843488	364537639327290	364537615030519
364537631493488	364537647545102	364537631933956
364537648217186	364537663979269	364537648594217
364537684176613	364537696841196	364537684395363
364537684603488	364537705056665	364537684695363
364537701243644	364537713272186	364537701639738
364537717887706	364537729702810	364537718266300
364537734600206	364537746138539	364537734989529
364537751309425	364537762571560	364537751687550
364537780305050	364537795439581	364537780596456
364537784537081	364537803656352	364537784821248
364537801267342	364537811873852	364537801667238
364537817974842	364537828305154	364537818350519
364537834653956	364537852949946	364537835030831
364537851300206	364537869381612	364537851668956
364537881685623	364537894028904	364537882000050
364537884628904	364537902242966	364537884943175
364537901306144	364537918673643	364537901714269
364537918002550	364537935103175	364537918359738
364537934606873	364537951532862	364537935002654
364537951267498	364537967963383	364537951699842
364537979027238	364537992611247	364537979386456
364537984648592	364538000826403	364537985043175
364538001354060	364538017257810	364538001736717
364538017934113	364538033689841	364538018301456
364538034638644	364538050122185	364538035024738
364538051307863	364538066554112	364538051703956
364538082355050	364538099415153	364538082638331
364538084556456	364538107628226	364538084839217
364538101227237	364538115841768	364538101627810
364538117930310	364538132268695	364538118332654
364538159615519	364538173339789	364538159897498
364538160086612	364538181554373	364538160158487
364538176719425	364538189768487	364538177108956
364538193355987	364538206196143	364538193727081
364538210050675	364538222625935	364538210414112
364538226774737	364538239054164	364538227144269
364538257378331	364538271914112	364538257669373
364538260107237	364538280129789	364538260355206
364538276725675	364538288344321	364538277122810
364538293433644	364538304775153	364538293834217
364538310090467	364538321208018	364538310475935
364538326794425	364538337641664	364538327165467
364538358271092	364538370507393	364538358555623
364538360165935	364538378721507	364538360451404
364538376741873	364538395153070	364538377178331
364538393367654	364538411585258	364538393743904
364538410081925	364538428016039	364538410463800
364538426765519	364538444448591	364538427129425
364538458737654	364538469094945	364538459000623
364538460298019	364538477310049	364538460589112
364538476813175	364538493739529	364538477267029
364538515607237	364538526601300	364538515825675
364538516067706	364538534816195	364538516294581
364538532760519	364538551243956	364538533194581
364538570928175	364538584100518	364538571201769
364538571335987	364538592314372	364538571420310
364538587998435	364538600529425	364538588395310
364538627077966	364538641599008	364538627348019
364538627444373	364538649814476	364538627542706
364538644170154	364538658029112	364538644574529
364538681718644	364538699104789	364538681989269
364538682076769	364538707320726	364538682189216
364538698697862	364538715537029	364538699786248
364538736423643	364538748397028	364538736718175
364538736805154	364538756610674	364538736904737
364538768896143	364538781256143	364538769183123
364538770116560	364538789472706	364538770422341
364538786792237	364538797690206	364538787186456
364538822384581	364538838770726	364538822811143
364538851307393	364538863420726	364538851631456
364538851658748	9223372036854775807	364538851720831

POLL t=42.6 tick=1055
16666666
364547049915672	364547061860463	364547050315359
364547094132182	364547111159161	364547094444265
364547094407338	364547119375358	364547094516922
364547126483744	364547144024004	364547126872078
364547127839213	364547152241036	364547128185203
364547144500984	364547160458119	364547145212859
364547187176453	364547201538535	364547187462547
364547187544109	364547209752233	364547187647338
364547204192026	364547217968171	364547204597547
364547247690984	364547259045255	364547247985619
364547247944734	364547267261244	364547248074526
364547280901713	364547291907129	364547281351296
364547281387234	364547300121088	364547281520776
364547298104682	364547308336087	364547298499994
364547341735203	364547357620879	364547342038328
364547342044682	364547365836453	364547342132703
364547373117546	364547390483067	364547373426244
364547375292859	364547398698848	364547375550619
364547392147807	364547406913848	364547392559734
364547435547338	364547447991765	364547435859838
364547435789838	364547456207546	364547435887234
364547468254265	364547480852963	364547468595463
364547469215932	364547489068744	364547469525828
364547485858119	364547497283640	364547486270359
364547529118328	364547546569057	364547529285515
364547529431244	364547554783848	364547529534890
364547561156140	364547579428431	364547561439890
364547562889526	364547587644212	364547563214421
364547579641765	364547595859681	364547580432703
364547624195359	364547636931816	364547624503432
364547652046765	364547669793275	364547652266401
364547652419369	364547678008691	364547652505359
364547669075463	364547686224265	364547669493119
364547712075046	364547727302025	364547712352703
364547712340203	364547735519316	364547712418432
364547743024265	364547760167858	364547743346765
364547745658640	364547768383848	364547745943796
364547762349369	364547776599681	364547762731609
364547807263484	364547825884108	364547807528796
364547834863015	364547850524994	364547835161921
364547835224369	364547858739472	364547835329057
364547865009057	364547875168327	364547865298432
364547868526921	364547883382129	364547868740046
364547900285046	364547916241243	364547900572807
364547901970203	364547924455150	364547902297494
364547932235827	364547949099577	364547932506921
364547960607025	364547973742182	364547960922702
364547960936557	364547981957962	364547961034109
364547977642338	364547990174317	364547978038796
364548020052390	364548031251712	364548020338900
364548020401400	364548039466556	364548020506296
364548050840046	364548064112597	364548051134421
364548079551140	364548096975827	364548079849109
364548079956452	364548105190098	364548080048796
364548096514994	364548113405358	364548097139369
364548138062546	364548154470463	364548138359994
364548166080150	364548179106973	364548166388015
364548195206765	364548211963119	364548195531088
364548223256296	364548236606556	364548223542494
364548223621765	364548244820775	364548223722025
364548253556713	364548269463535	364548253840827
364548256922807	364548277678014	364548257194109
364548273602963	364548285892494	364548273979369
364548321108588	364548335182598	364548321386765
364548352959890	364548368046765	364548353149421
364548353467702	364548376261713	364548353603588
364548386498119	364548400905202	364548387008171
364548386825046	364548409119264	364548387020775
364548403524681	364548417334421	364548403925671
364548447445931	364548458407286	364548447710827
364548476341400	364548491267962	364548476604994
364548476635827	364548499484161	364548476761296
364548507970046	364548524133171	364548508138484
364548510009265	364548532348639	364548510307702
364548526687234	364548540564525	364548527104265
364548571010202	364548581636869	364548571291869
364548571363900	364548589851765	364548571475358
364548603358900	364548614496504	364548603627702
364548604817390	364548622711556	364548605115827
364548621424108	364548639142962	364548621826296
364548666111452	364548680220410	364548666397233
364548666499369	364548688435254	364548666611244
364548698487077	364548713076191	364548698770931
364548699940671	364548721291087	364548700249681
364548716522077	364548729505826	364548716936140
364548759767338	364548770579785	364548759839056
364548788543483	364548803436504	364548788999525
364548788880306	364548811651088	364548789004056
364548820242494	364548836298483	364548820548900
364548822308327	364548844514629	364548822597702
364548853737494	364548869159264	364548854010827
364548855701765	364548877373796	364548855978171
364548887335931	364548902018066	364548887795827
364548888933640	364548910233587	364548889246244
364548920233327	364548934878483	364548920538015
364548922324890	364548943093743	364548922614577
364548953650463	364548967740149	364548953946400
364548955675358	364548975954316	364548955960983
364548986897858	364549000596973	364548987310358
364548988952233	364549008813066	364548989220983
364549020390306	364549033463951	364549020686921
364549022342390	364549041681192	364549022604525
364549053680775	364549066326660	364549053949681
364549055715306	364549074543170	364549055949369
364549087631244	364549099189628	364549088068327
364549089037650	364549107405254	364549089306400
364549120671765	364549132053222	364549120961296
364549124157077	364549140269212	364549124395306
364549153650150	364549164918795	364549153919525
364549155737962	364549173135826	364549156067390
364549187829056	364549206002545	364549188242806
364549189115931	364549214218796	364549189447077
364549221579212	364549238868170	364549221860671
364549222445619	364549247085514	364549222748639
364549239366139	364549255301921	364549240187546
364549282903327	364549296379212	364549283157858
364549312142650	364549329245774	364549312377025
364549312663327	364549337462753	364549312770671
364549345044369	364549362111295	364549345330775
364549346097077	364549370327754	364549346403431
364549362751139	364549378544889	364549363256921
364549407201869	364549419624785	364549407467858
364549437071869	364549452486503	364549437346556
364549437535671	364549460702077	364549437621296
364549469963796	364549485351816	364549470239212
364549470896139	364549493567910	364549471193171
364549487515827	364549501785045	364549487910358

POLL t=53.2 tick=1434
16666666
364557730849365	364557766510823	364557731226084
364557747466240	364557783173531	364557747863011
364557764244261	364557799833948	364557764590615
364557780790980	364557816495354	364557781161865
364557797474886	364557833157282	364557797849365
364557814158792	364557849820146	364557814558792
364557830856136	364557866485354	364557831231136
364557847478428	364557883151448	364557847862959
364557864149417	364557899813428	364557864537334
364557880788480	364557916474625	364557881179834
364557897497542	364557933137750	364557897890667
364557914160199	364557949801449	364557914535615
364557930789105	364557966469260	364557931166292
364557947457647	364557983133376	364557947871553
364557964174574	364557999796865	364557964567178
364557980823272	364558016459469	364557981203480
364557997522699	364558033122751	364557997887855
364558014152803	364558049785667	364558014527178
364558030800147	364558066448062	364558031175303
364558047448115	364558083109469	364558047826709
364558064151865	364558099771969	364558064544105
364558080831917	364558116438167	364558081220042
364558097495303	364558133101761	364558097901709
364558114095511	364558149764886	364558114483897
364558130748324	364558166428636	364558131148897
364558147489574	364558183091917	364558147882230
364558164185928	364558199754625	364558164567386
364558180859105	364558216416500	364558181218740
364558197487074	364558233080250	364558197886292
364558214129105	364558249742542	364558214543115
364558230803949	364558266404417	364558231189365
364558247483896	364558283067437	364558247880824
364558264199417	364558299731553	364558264577021
364558280833949	364558316395563	364558281210042
364558297449574	364558333059469	364558297828167
364558314116605	364558349721084	364558314565199
364558330789105	364558366385980	364558331185771
364558347491240	364558383051135	364558347890042
364558379337803	364558399713219	364558379614574
364558380764574	364558416374156	364558381054261
364558397505667	364558433037437	364558397888584
364558427408011	364558449700145	364558427716136
364558454227230	364558483023583	364558454529886
364558454638584	364558499685406	364558454727855
364558481521553	364558516347594	364558481807803
364558508605146	364558533010614	364558509086448
364558508896292	364558549673323	364558509094573
364558525614730	364558566335407	364558526001605
364558556867230	364558582995875	364558557320355
364558587292959	364558616317490	364558587602073
364558587443896	364558632981240	364558587606240
364558604245355	364558649644365	364558604628323
364558636715511	364558666308219	364558637135667
364558637489521	364558682970094	364558637808480
364558678313323	364558699632386	364558678634625
364558678487334	364558716297021	364558678643219
364558714936448	364558732962958	364558715346605
364558715099886	364558749628323	364558715357855
364558752560303	364558782957437	364558752870511
364558752755042	364558799619208	364558752874834
364558797607230	364558816280823	364558797886136
364558797790771	364558832943635	364558797889521
364558836568948	364558866268427	364558836871865
364558836740459	364558882934052	364558836884886
364558853479417	364558899600354	364558853851084
364558886650980	364558916266031	364558887057021
364558886788636	364558932932750	364558887087855
364558928400146	364558949600510	364558928734730
364558928588480	364558966266916	364558928737230
364558967074209	364558999600563	364558967396605
364558967214261	364559016266031	364558967400823
364559004300511	364559032931395	364559004727698
364559004451761	364559049598270	364559004730980
364559045563011	364559066265458	364559045872855
364559045728480	364559082933739	364559045883480
364559085700354	364559116266968	364559086006448
364559085849886	364559132933739	364559086078323
364559124631761	364559149600875	364559125034990
364559124885146	364559166266083	364559125070198
364559165437854	364559182932645	364559165767073
364559165611396	364559199599208	364559165780979
364559204040146	364559232935510	364559204336709
364559204194209	364559249600875	364559204342177
364559244144104	364559266263219	364559244482490
364559244453740	364559282925041	364559244551292
364559282847229	364559299587958	364559283163323
364559283186865	364559316250510	364559283256084
364559322884729	364559349576031	364559323215354
364559323046604	364559366240406	364559323219834
364559363003011	364559382903270	364559363320823
364559363193323	364559399568635	364559363326761
364559400843011	364559432896031	364559401036917
364559401088479	364559449561083	364559401195459
364559439394729	364559466226499	364559439807229
364559439563740	364559482893062	364559439810198
364559479157229	364559499558635	364559479458323
364559479319886	364559516224469	364559479467073
364559517630823	364559549559417	364559518006917
364559517789729	364559566224833	364559518011761
364559556331292	364559582889625	364559556742646
364559556471917	364559599554520	364559556747854
364559597078323	364559616219989	364559597383271
364559597372229	364559632885145	364559597475927
364559635326917	364559666211500	364559635624677
364559635481292	364559682876760	364559635627542
364559675048636	364559699543426	364559675284365
364559675408479	364559716208479	364559675499573
364559715792021	364559732872228	364559716162802
364559716037854	364559749538427	364559716175771
364559754663948	364559782870822	364559754972698
364559754980510	364559799541968	364559755070302
364559794423948	364559816212176	364559794718010
364559794601604	364559832883375	364559794722333
364559833100510	364559849554312	364559833363948
364559833328792	364559866225823	364559833429833
364559872795042	364559899567542	364559873110302
364559872993427	364559916237229	364559873136083
364559913775615	364559932906708	364559914208740
364559913962854	364559949577750	364559914213583
364559954409729	364559982919469	364559954724885
364559954663583	364559999589729	364559954727854
364559997008115	364560016258010	364559997314885
364559997297698	364560032926552	364559997398271
364560037565042	364560066266447	364560037863271
364560037771135	364560082937177	364560037876604
364560079840667	364560099602906	364560080083167
364560080148010	9223372036854775807	364560080238583

POLL t=63.8 tick=1615
16666666
364568622581080	364568666008736	364568622986080
364568639252851	364568682674464	364568639642695
364568677633892	364568699342747	364568677742538
364568677765142	364568716009465	364568677870820
364568694565507	364568732676601	364568694938945
364568711155663	364568749340611	364568711541705
364568727786288	364568766005090	364568728174049
364568744483945	364568782670558	364568744885038
364568761145351	364568799338788	364568761544257
364568777797695	364568816008996	364568778185507
364568794486288	364568832678215	364568794976705
364568811132955	364568849347069	364568811545351
364568827798111	364568866017642	364568828212695
364568844466445	364568882687590	364568844862799
364568861140611	364568899356964	364568861634830
364568877801913	364568916026235	364568878203476
364568894509882	364568932694881	364568894981340
364568911162694	364568949361965	364568911538892
364568927833319	364568966032641	364568940839726
364568956425351	364568982702017	364568956830455
364568961166705	364568999372434	364568961463163
364568977849830	364569016043475	364568978265142
364568994475351	364569032714465	364568994870976
364569011128892	364569049385246	364569011535819
364569027791444	364569066054048	364569028197486
364569044511392	364569082723475	364569044906757
364569061133163	364569099393266	364569061529674
364569077851757	364569116062642	364569078243736
364569094533580	364569132734256	364569094916132
364569111226444	364569149403787	364569111631861
364569127840455	364569166073423	364569128219257
364569144556549	364569182742694	364569145077069
364569161256444	364569199409830	364569161736705
364569200287174	364569232746704	364569200598111
364569200678736	364569249418423	364569200785507
364569218475194	364569266088424	364569219400351
364569234720507	364569282757226	364569235579101
364569251328788	364569299426236	364569252271288
364569268105976	364569316093007	364569269060663
364569284725299	364569332760506	364569285717694
364569301240819	364569349426808	364569302236601
364569317903632	364569366094204	364569318860663
364569334579101	364569382763527	364569335497069
364569351136132	364569399435038	364569352179048
364569367910767	364569416105767	364569368883788
364569384603476	364569432778736	364569385553163
364569401285976	364569449451652	364569402255455
364569417894569	364569466121808	364569418873111
364569434655976	364569482789152	364569435533580
364569469407017	364569499453996	364569469837538
364569469961601	364569516122746	364569470072642
364569495059882	364569532792485	364569495418788
364569502984517	364569549460194	364569503398580
364569519623632	364569566125663	364569520026757
364569536271757	364569582789777	364569536648632
364569552956080	364569599454725	364569553370455
364569569624100	364569616120246	364569570025038
364569586288475	364569632784361	364569586675507
364569602955923	364569649450506	364569603357382
364569619619413	364569666116287	364569620055923
364569636296600	364569682784569	364569636692538
364569652953944	364569699450142	364569653336132
364569669624517	364569716115142	364569670075923
364569686287330	364569732781548	364569686704725
364569702961913	364569749447537	364569703358788
364569741157850	364569766112225	364569741530663
364569741454257	364569782776496	364569741530975
364569758118788	364569799441964	364569758503788
364569774745975	364569816108059	364569775123267
364569791490819	364569832775454	364569792097798
364569808151600	364569849440402	364569808528319
364569824797486	364569866105975	364569825213475
364569841494569	364569882771287	364569841907486
364569858133111	364569899438475	364569858544882
364569874795611	364569916106496	364569875206132
364569891461600	364569932772641	364569891851548
364569908144517	364569949436860	364569908558736
364569924795455	364569966103735	364569925166444
364569964557173	364569982769777	364569965084569
364569964851288	364569999436027	364569965089725
364569981453892	364570016100923	364569981893423
364569998102694	364570032767537	364569998541288
364570014818944	364570049433319	364570015211288
364570031473319	364570066100090	364570031851079
364570048161600	364570082766600	364570048530611
364570064814882	364570099433839	364570065178007
364570081478007	364570116101444	364570081841913
364570098102382	364570132770141	364570098478475
364570114810507	364570149440715	364570115174100
364570131472382	364570166109516	364570131860663
364570148161079	364570182781600	364570148593632
364570186792798	364570216119047	364570187153007
364570187042538	364570232787173	364570187161288
364570203678006	364570249455298	364570204071392
364570220333631	364570266123787	364570220780038
364570237047225	364570282794152	364570237536756
364570253672798	364570299465402	364570254053475
364570270370819	364570316135193	364570270749048
364570287033631	364570332803683	364570287411392
364570303690767	364570349469464	364570304076288
364570320380350	364570366137120	364570320758579
364570337075038	364570382805194	364570337443788
364570353735506	364570399471287	364570354109725
364570370399413	364570416134933	364570370792225
364570414895663	364570432799256	364570415383788
364570446440767	364570466131183	364570446847069
364570446744413	364570482796287	364570446864256
364570463461913	364570499464204	364570463826756
364570480109413	364570516130038	364570480524725
364570496867381	364570532796339	364570497343944
364570513435142	364570549463944	364570513801600
364570530083475	364570566132277	364570530453163
364570546742381	364570582799985	364570547145194
364570563432225	364570599469360	364570563801600
364570580161704	364570616137745	364570580525819
364570596782225	364570632807328	364570597151548
364570613436079	364570649475975	364570613813631
364570652578006	364570682812485	364570652848735
364570652917538	364570699481496	364570653042954
364570669550819	364570716152642	364570669778475
364570686144256	364570732824933	364570686364100
364570702836131	364570749493579	364570703040975
364570719542954	364570766162642	364570719765923
364570736296444	364570782830246	364570736525819
364570752986756	364570799501079	364570753178319
364570769666131	364570816171443	364570769860975
364570786333892	9223372036854775807	364570786527069

POLL t=74.5 tick=1670
16666666
364579369183628	364579416746961	364579370005034
364579385826857	364579433412742	364579396437534
364579419720451	364579450079408	364579420330034
364579420156753	364579466745971	364579420352378
364579436575972	364579483413680	364579436783576
364579453218628	364579500082326	364579453606753
364579469943576	364579516750867	364579470140659
364579486602065	364579533419565	364579486804097
364579503261753	364579550087273	364579503465972
364579519932065	364579566753107	364579520143628
364579536601597	364579583421336	364579536798576
364579553274409	364579600090451	364579553498107
364579569956284	364579616758732	364579570161128
364579602297065	364579633426388	364579602753159
364579603316909	364579650092951	364579603684826
364579619948784	364579666761075	364579620203576
364579636634409	364579683429096	364579637156440
364579653304722	364579700098419	364579653677170
364579669998107	364579716768211	364579670187690
364579686645190	364579733438627	364579686856597
364579703307065	364579750110242	364579703503315
364579719971440	364579766778211	364579720171857
364579736639253	364579783445450	364579736840138
364579753298732	364579800113887	364579753516909
364579769972795	364579816781127	364579770180972
364579816366753	364579833451336	364579816703003
364579816611284	364579850120294	364579816709565
364579833253576	364579866787325	364579833638419
364579849903472	364579883454200	364579850341753
364579866565972	364579900122169	364579867003107
364579883302847	364579916792221	364579883844357
364579899961544	364579933461179	364579900370347
364579916598315	364579950129409	364579916991440
364579933266909	364579966799044	364579933652482
364579949924565	364579983464669	364579950330503
364579966592794	364580000131596	364579966970347
364579983234097	364580016800242	364579983659357
364579999908472	364580033465971	364580000304097
364580032860763	364580050132898	364580033185503
364580033294878	364580066802585	364580033400971
364580060905451	364580083469773	364580061290971
364580066635294	364580100135867	364580066934669
364580083275971	364580116804252	364580083661596
364580100039982	364580133471231	364580100392221
364580116685451	364580150136544	364580117050971
364580133350659	364580166798419	364580133752794
364580150009513	364580183465606	364580150374565
364580166683940	364580200132273	364580167092065
364580183352378	364580216801440	364580183728784
364580200016388	364580233471439	364580200390815
364580216657378	364580250142117	364580228649253
364580251363159	364580283478107	364580251883003
364580251908315	364580300146648	364580252047846
364580269099878	364580316814825	364580269981076
364580285505034	364580333483731	364580286433576
364580302156440	364580350153627	364580303080451
364580319189513	364580366822638	364580320029409
364580335842065	364580383494148	364580336704721
364580352426909	364580400164617	364580353226232
364580369177482	364580416833836	364580370042794
364580385834565	364580433504513	364580386650034
364580402713940	364580450175137	364580415039878
364580436225659	364580466846388	364580436918888
364580436431753	364580483517429	364580436924513
364580453074669	364580500185607	364580453310034
364580469785659	364580516853731	364580470093263
364580486431284	364580533519825	364580486751232
364580503115815	364580550186491	364580503459825
364580519750034	364580566853159	364580520083003
364580536404200	364580583520918	364580536785971
364580553111596	364580600189617	364580553403888
364580569776284	364580616857377	364580570080659
364580586446440	364580633523940	364580586645659
364580618929825	364580650193784	364580619295190
364580619800503	364580666865346	364580620387065
364580636461232	364580683533991	364580636681284
364580653089044	364580700201961	364580653322325
364580669775034	364580716870190	364580670167690
364580686428575	364580733539043	364580686838732
364580703084357	364580750208471	364580703471857
364580719822690	364580766875137	364580720057690
364580736478940	364580783541023	364580736774252
364580753119409	364580800206023	364580753413732
364580769808732	364580816872742	364580770235138
364580802733471	364580833543523	364580803974044
364580831305815	364580850209929	364580831631544
364580831427065	364580866876023	364580831667846
364580848120919	364580883541960	364580848665607
364580864789877	364580900210085	364580865344721
364580881540815	364580916878731	364580881898471
364580898116127	364580933546440	364580898496127
364580914791127	364580950211856	364580915171909
364580931458002	364580966875866	364580931864565
364580948116857	364580983540398	364580948500190
364580964803471	364581000207221	364580965175763
364580981504044	364581016873211	364580981876700
364581025838471	364581050209877	364581026140190
364581026130815	364581066876856	364581026242534
364581042771232	364581083547012	364581043195034
364581059364096	364581100214616	364581059848002
364581076147794	364581116884148	364581076515034
364581092784669	364581133553418	364581093151596
364581109453159	364581150222116	364581109829200
364581126113471	364581166889617	364581126485659
364581142766909	364581183557481	364581143146700
364581159455034	364581200223210	364581159827377
364581176179721	364581216887898	364581176548159
364581192780190	364581233552429	364581193200294
364581232500190	364581250219512	364581232928784
364581232759721	364581266885970	364581232933575
364581249471075	364581283552064	364581249892638
364581266065971	364581300221543	364581266444825
364581282819565	364581316891700	364581283178731
364581299479044	364581333562845	364581299859044
364581316185034	364581350236179	364581316538627
364581332816856	364581366911231	364581333177690
364581349470033	364581383581335	364581349833627
364581366149408	364581400251648	364581366515658
364581382817377	364581416923627	364581383186440
364581399487065	364581433591960	364581399849721
364581442930033	364581466928106	364581443230971
364581443259565	364581483596491	364581443331231
364581459934252	364581500265710	364581460318731
364581476605190	364581516932324	364581477022377
364581493236856	364581533599565	364581493602690
364581509916127	364581550267221	364581510279513
364581526570190	364581566931856	364581526987690

POLL t=85.3 tick=1734
16666666
364590009625447	364590050956176	364590010041280
364590026290343	364590067625550	364590026668780
364590042951905	364590084294769	364590043373936
364590088792686	364590117630186	364590089178155
364590088990030	364590134298884	364590089195759
364590105679197	364590150966227	364590106202530
364590122292843	364590167634040	364590122683311
364590139013311	364590184300863	364590139435499
364590155672374	364590200964509	364590156049041
364590172353728	364590217628624	364590172719978
364590189007166	364590234294092	364590189377218
364590205672999	364590250959196	364590206068468
364590222343624	364590267624561	364590222754666
364590266710655	364590284290498	364590267092791
364590266881541	364590300954613	364590267102530
364590283604093	364590317622477	364590284094874
364590300216072	364590334289769	364590300595655
364590316891384	364590350956124	364590317270968
364590333594561	364590367620759	364590333967061
364590350260499	364590384285654	364590350635186
364590366929093	364590400947113	364590367298572
364590383592530	364590417613102	364590383962322
364590400257009	364590434281227	364590400629718
364590416920968	364590450948571	364590417296280
364590468292165	364590500949561	364590469316957
364590468496593	364590517618675	364590469347895
364590486573103	364590534285603	364590487467218
364590503070343	364590550952478	364590504078780
364590520222634	364590567619561	364590520990603
364590536731749	364590584288467	364590537563728
364590553324509	364590600958467	364590554175967
364590570098155	364590617626332	364590570846228
364590586585134	364590634293311	364590587425186
364590603295290	364590650960186	364590604150134
364590645925655	364590667625655	364590646454353
364590646118624	364590684292321	364590646469197
364590662794249	364590700961175	364590663317322
364590679414561	364590717631801	364590679897009
364590696114665	364590734300915	364590696542842
364590712770290	364590750972894	364590713155811
364590729433572	364590767644665	364590729811436
364590746130499	364590784314144	364590746514561
364590762754717	364590800984457	364590763142686
364590779425030	364590817656957	364590779871592
364590825797686	364590850996853	364590826099197
364590827211749	364590867663883	364590827523936
364590842624874	364590884330915	364590843161228
364590859244978	364590900999874	364590859675967
364590875943728	364590917668831	364590876339509
364590892603155	364590934338571	364590893050186
364590909269978	364590951009561	364590909668884
364590925936540	364590967679248	364590926332947
364590942612374	364590984345915	364590943001592
364590959332790	364591001013363	364590959700811
364591006922686	364591034348102	364591007212530
364591007099665	364591051013415	364591007249874
364591023823728	364591067679508	364591024357165
364591040429665	364591084345967	364591040820603
364591057128936	364591101013519	364591057501853
364591073809249	364591117683988	364591074183728
364591090471540	364591134355758	364591090859405
364591107139717	364591151024769	364591107520030
364591123801540	364591167695185	364591124200811
364591140471905	364591184365654	364591140854509
364591186988623	364591217706644	364591187596123
364591187278415	364591234379664	364591187603936
364591203879092	364591251048519	364591204588467
364591220516592	364591267720290	364591220855342
364591237210342	364591284392686	364591237519873
364591253869248	364591301061852	364591254286123
364591270540186	364591317732113	364591270879353
364591287210811	364591334401644	364591287695342
364591303860603	364591351071018	364591304274405
364591320537373	364591367738623	364591321010186
364591337210498	364591384406279	364591337726436
364591353845030	364591401071800	364591354461540
364591392872321	364591417735759	364591393411436
364591395511748	364591434400966	364591396075915
364591409739040	364591451068362	364591410117842
364591426382061	364591467735498	364591426757009
364591443045342	364591484409300	364591443421592
364591459744978	364591501080655	364591460129092
364591476425186	364591517752946	364591476797061
364591493090030	364591534425498	364591493462478
364591509755342	364591551098779	364591510136853
364591526429248	364591567772946	364591526805498
364591543085811	364591584446227	364591543500967
364591577742998	364591601118935	364591578192530
364591577930967	364591617788935	364591578227530
364591594611748	364591634460914	364591595119040
364591611218415	364591651131487	364591611639196
364591627957009	364591667799248	364591628385655
364591644626905	364591684468102	364591645004405
364591661295655	364591701138935	364591661504561
364591677959040	364591717809092	364591678332842
364591694621748	364591734478883	364591694994873
364591711292998	364591751147321	364591711662790
364591757918936	364591784494509	364591758202634
364591758094405	364591801167269	364591758215290
364591774820811	364591817838935	364591775257842
364591791432373	364591834509404	364591791814196
364591808212686	364591851176800	364591808616696
364591824847946	364591867845393	364591825225446
364591841511748	364591884515810	364591841890134
364591858164821	364591901186904	364591858541592
364591874835186	364591917859612	364591875245498
364591891467842	364591934528467	364591891865498
364591908196748	364591951198310	364591908580290
364591942921279	364591967867738	364591943436384
364591943207165	364591984537529	364591943441904
364591959900186	364592001209976	364591960370654
364591976493467	364592017879925	364591976867373
364591993179196	364592034548935	364591993592842
364592009847790	364592051218519	364592010226852
364592026535290	364592067889717	364592026908884
364592043201904	364592084558571	364592043616227
364592059859821	364592101225185	364592060242373
364592076539092	364592117892633	364592076912842
364592123964561	364592151224039	364592124240134
364592124264040	364592167892217	364592124377946
364592141019196	364592184562008	364592141531696
364592157616592	364592201230862	364592158003936
364592174299248	364592217901071	364592174677373
364592191006227	364592234572894	364592191379404
364592207666592	364592251245029	364592208078936
364592224327946	364592267916174	364592224703154
364592240987686	9223372036854775807	364592241360915

POLL t=96.0 tick=1840
16666666
364600742948099	364600785801692	364600743377214
364600759599557	364600802470182	364600759992839
364600776271901	364600819137525	364600776664974
364600820159870	364600852473255	364600820541120
364600820359036	364600869142109	364600820549401
364600838232214	364600885809349	364600839087682
364600854670911	364600902476015	364600855645339
364600871687943	364600919143203	364600872494557
364600888385651	364600935810182	364600889078568
364600904931901	364600952475755	364600905747057
364600921593411	364600969140338	364600922406432
364600938172786	364600985806536	364600939046432
364600954987370	364601002475390	364600955822214
364601000969401	364601019139869	364601001519818
364601001353776	364601035807682	364601001529818
364601017879036	364601052474973	364601018476849
364601034533151	364601069141692	364601034897370
364601051261536	364601085809192	364601051630495
364601067881849	364601102475286	364601068270963
364601084589036	364601119141484	364601084962005
364601101253463	364601135806796	364601101623880
364601117920963	364601152473880	364601118330182
364601134545963	364601169140129	364601134927943
364601174520286	364601202472995	364601174897370
364601174788255	364601219137630	364601174907161
364601191401693	364601235800807	364601191924974
364601208053620	364601252463515	364601208496224
364601224759401	364601269128775	364601225137318
364601241422838	364601285792473	364601241842370
364601258092370	364601302456432	364601258467682
364601274758932	364601319123203	364601275135130
364601291425182	364601335791432	364601291794505
364601308059349	364601352461380	364601308433932
364601350391588	364601369125547	364601350827943
364601350718932	364601385787681	364601350833620
364601367297943	364601402451953	364601367820338
364601383907943	364601419116379	364601384277682
364601400624193	364601435778932	364601400998932
364601417290130	364601452443983	364601417708307
364601433961224	364601469107994	364601434366536
364601450621276	364601485773307	364601451033567
364601467288255	364601502439401	364601467657474
364601483963151	364601519107890	364601484335495
364601528977005	364601552440389	364601529327370
364601529170442	364601569104713	364601529381380
364601545872370	364601585767369	364601546380286
364601562487213	364601602429192	364601562930286
364601579188307	364601619094192	364601579580651
364601595862213	364601635759869	364601596233724
364601612526588	364601652424296	364601612901901
364601629191588	364601669088880	364601629562213
364601645856224	364601685754505	364601646270651
364601662525963	364601702420233	364601662900494
364601705063411	364601735757160	364601705421849
364601705260182	364601752423410	364601705476849
364601721943151	364601769089817	364601722832994
364601738566588	364601785759452	364601738778619
364601755285651	364601802425963	364601755498151
364601771947630	364601819094557	364601772280651
364601788621119	364601835763410	364601788974557
364601805285963	364601852432473	364601805707682
364601821968307	364601869102682	364601822305182
364601838610494	364601885771848	364601839020442
364601881754192	364601902441848	364601882375911
364601914850807	364601935780911	364601915236536
364601914989349	364601952449817	364601915248724
364601931674713	364601969120286	364601932064088
364601948352994	364601985790025	364601948810182
364601965063932	364602002457317	364601965495286
364601981718307	364602019125390	364601982087786
364601998389557	364602035797161	364601998750651
364602015054088	364602052470389	364602015430026
364602031720494	364602069143150	364602032094974
364602063376692	364602085815442	364602063838776
364602065132526	364602102486848	364602065602786
364602081696432	364602119159035	364602082077005
364602098331380	364602135833984	364602098747369
364602115000755	364602152506536	364602115419973
364602131727994	364602169178671	364602132100651
364602148394244	364602185850077	364602148761848
364602165060338	364602202519504	364602165428880
364602181720755	364602219189764	364602182094401
364602198398307	364602235858046	364602198810755
364602237027005	364602269202160	364602237303307
364602237189505	364602285878150	364602237347005
364602255231223	364602302554661	364602256314244
364602271208723	364602319227629	364602272143151
364602288260338	364602335900702	364602288974557
364602304988619	364602352573515	364602305871275
364602321699661	364602369246379	364602322505911
364602338289505	364602385919243	364602339169192
364602354972942	364602402593514	364602355855963
364602371681067	364602419267265	364602372540963
364602414121432	364602435940755	364602414484088
364602414283775	364602452613150	364602414489036
364602430964244	364602469288567	364602431532994
364602447623307	364602485961327	364602447990130
364602464326067	364602502634765	364602464690182
364602480983775	364602519306796	364602481405025
364602497662942	364602535981014	364602498034869
364602514367057	364602552653359	364602514726119
364602531035442	364602569324244	364602531438619
364602547670807	364602585992681	364602548048255
364602588313775	364602619331952	364602588679869
364602588503150	364602636000858	364602588685755
364602606035807	364602652671223	364602607026744
364602622167630	364602669342941	364602622704088
364602638825182	364602686014556	364602639207525
364602655522057	364602702686015	364602656247473
364602672275807	364602719357577	364602672944869
364602688884661	364602736029973	364602689475442
364602705546744	364602752701223	364602706180650
364602722209869	364602769368462	364602722905025
364602764787317	364602786033515	364602765155338
364602764973254	364602802701796	364602765161275
364602781762942	364602819369347	364602782296588
364602798411588	364602836037160	364602798775807
364602815085807	364602852705858	364602815508307
364602831728775	364602869374868	364602832103463
364602848417786	364602886045754	364602848787161
364602865064036	364602902714765	364602865434348
364602881701223	364602919385233	364602882117057
364602898400598	364602936057316	364602898764244
364602945236692	364602969397108	364602945624348
364602945492525	364602986067004	364602945635025
364602962192838	364603002736327	364602962579713
364602978804713	9223372036854775807	364602979179088

POLL t=106.7 tick=1914
16666666
364611449565022	364611486776115	364611449925022
364611466215335	364611503441844	364611466583460
364611482890803	364611520107417	364611483253928
364611499559345	364611536772938	364611499922678
364611516222522	364611553438668	364611516586897
364611532890959	364611570105542	364611533259553
364611572336741	364611603437261	364611572832053
364611572752001	364611620101636	364611572974397
364611589253251	364611636768511	364611589919709
364611605926584	364611653434865	364611606505491
364611622610126	364611670101584	364611623411897
364611639280334	364611686767521	364611640101897
364611655953616	364611703435855	364611656746220
364611672618459	364611720104084	364611673360647
364611689267314	364611736771740	364611689996272
364611705923928	364611753436063	364611706547678
364611745662522	364611770101115	364611746255647
364611745843303	364611786766897	364611746265178
364611762527366	364611803434032	364611762953251
364611779136428	364611820102261	364611779530282
364611795828876	364611836771532	364611796217678
364611812534241	364611853439032	364611812906116
364611829202366	364611870104032	364611829632522
364611845886272	364611886768876	364611846257834
364611862535282	364611903435490	364611862901845
364611879202834	364611920100594	364611879623459
364611921601220	364611953435855	364611921964241
364611921923459	364611970104709	364611922047157
364611939067157	364611986776896	364611939968459
364611955400803	364612003445646	364611956350022
364611972527626	364612020113199	364611973351845
364611989096116	364612036780646	364611989933147
364612005791376	364612053446844	364612006535282
364612022408147	364612070112782	364612023278616
364612039114241	364612086778095	364612039974866
364612055752522	364612103445125	364612056619241
364612093369501	364612120111219	364612093751272
364612094937053	364612136775542	364612095267834
364612110258251	364612153440854	364612110797991
364612126852678	364612170110073	364612127241376
364612143548772	364612186779032	364612143936897
364612160240959	364612203447678	364612160610595
364612176898303	364612220112261	364612177292053
364612193535178	364612236778459	364612193918251
364612210191740	364612253443146	364612210578459
364612226863407	364612270107417	364612227292782
364612270961272	364612303442521	364612271275438
364612271110490	364612320109917	364612271290959
364612289425803	364612336779605	364612290244188
364612305497470	364612353448355	364612306332938
364612322027834	364612370115230	364612322943772
364612339249084	364612386782365	364612340086584
364612355812678	364612403447209	364612356674657
364612372630647	364612420113615	364612373457990
364612389189397	364612436779552	364612390023928
364612405829084	364612453442886	364612406590022
364612446217365	364612470104032	364612446593615
364612446383095	364612486767885	364612446633147
364612463064032	364612503429813	364612463551063
364612479693251	364612520092521	364612480078407
364612496384865	364612536753772	364612496767209
364612513060334	364612553417417	364612513433459
364612529716740	364612570082729	364612530136897
364612546376115	364612586747105	364612546799084
364612563040178	364612603411011	364612563495438
364612579699865	364612620076792	364612580085334
364612620967678	364612653405594	364612621264553
364612621139501	364612670069708	364612621270282
364612639871272	364612686732938	364612640705959
364612655510282	364612703397000	364612656426063
364612672401428	364612720058980	364612673274709
364612688979865	364612736721531	364612689895438
364612705697678	364612753383459	364612706447678
364612722447522	364612770046271	364612723254240
364612739152990	364612786709813	364612740003459
364612755775594	364612803377573	364612756604813
364612795030490	364612820043927	364612795400178
364612795194188	364612836711323	364612795405803
364612811915178	364612853376531	364612812439344
364612828515803	364612870041011	364612828907834
364612845225282	364612886707677	364612845609396
364612861864344	364612903374813	364612862284865
364612878578459	364612920041428	364612878957990
364612895239188	364612936710177	364612895607678
364612911904709	364612953375854	364612912317626
364612928570803	364612970040751	364612928938928
364612969480646	364612986705802	364612969755803
364612969651115	364613003371896	364612969813251
364612986367001	364613020036687	364612986943459
364613002955646	364613036701063	364613003369188
364613019647209	364613053363406	364613020036740
364613036310178	364613070025073	364613036688459
364613053028928	364613086688042	364613053477521
364613069692990	364613103350907	364613070186115
364613086327365	364613120012312	364613086697990
364613102986532	364613136674031	364613103355334
364613145453459	364613169994552	364613145805282
364613145658615	364613186655594	364613145855803
364613162349188	364613203320334	364613162860438
364613178967365	364613219984813	364613179351219
364613195675178	364613236646740	364613196059709
364613212350646	364613253309761	364613212724865
364613229016115	364613269977156	364613229395021
364613245650125	364613286645437	364613246029500
364613262383771	364613303309864	364613262799032
364613279057365	364613319978823	364613279420594
364613319668928	364613336647938	364613320198146
364613351462782	364613369984031	364613351844084
364613351641375	364613386651114	364613351849396
364613368395334	364613403318771	364613368771375
364613385024969	364613419987781	364613385402469
364613401718407	364613436656427	364613402091532
364613418419344	364613453324344	364613418799969
364613435068719	364613469991999	364613435430178
364613451737990	364613486662104	364613452116532
364613495552938	364613520000958	364613496052677
364613495761688	364613536668927	364613496060021
364613512486115	364613553338146	364613512932625
364613529113459	364613570008719	364613529504396
364613545799084	364613586676896	364613546191271
364613562495959	364613603343927	364613562873927
364613579168771	364613620012886	364613579527834
364613595808407	364613636680177	364613596172521
364613612502990	364613653348406	364613612866271
364613629159240	364613670014865	364613629533302
364613669462521	364613686680281	364613669822469
364613669645334	9223372036854775807	364613669827990

POLL t=117.4 tick=1989
16666666
364622185648247	364622220612466	364622186034080
364622202337830	364622237278767	364622202724028
364622218994497	364622253943612	364622219435330
364622235654341	364622270605903	364622236055487
364622252359237	364622287268872	364622252726060
364622269024028	364622303934549	364622269396424
364622285661268	364622320598924	364622286042622
364622327954966	364622353925851	364622328487049
364622328533768	364622370590694	364622328697935
364622345072830	364622387254757	364622345480799
364622361721737	364622403919497	364622362197153
364622378419080	364622420583611	364622378797987
364622395051060	364622437244757	364622395476268
364622411713559	364622453904392	364622412106216
364622428427153	364622470565799	364622428820434
364622445084862	364622487227205	364622445462830
364622461749393	364622503890850	364622462136268
364622497794393	364622520553976	364622498324237
364622498128559	364622537216893	364622498333299
364622514632934	364622553881111	364622515024549
364622531275487	364622570546059	364622531704497
364622547944809	364622587212986	364622548334809
364622564627362	364622603878039	364622565005955
364622581290434	364622620544496	364622581682830
364622597947362	364622637210433	364622598335330
364622614621841	364622653876893	364622615047778
364622631285955	364622670544340	364622631671841
364622668564393	364622687210538	364622668856893
364622668744861	364622703875122	364622668862830
364622685526841	364622720542205	364622686067934
364622702084549	364622737206268	364622702472934
364622718784393	364622753871163	364622719168247
364622735422830	364622770537257	364622735805018
364622752158403	364622787202465	364622752522830
364622768791893	364622803868299	364622769153768
364622785454705	364622820533611	364622785827518
364622802124549	364622837201840	364622802490434
364622838814341	364622870536945	364622839195278
364622839055330	364622887206163	364622839207986
364622856217205	364622903872100	364622857135643
364622872672361	364622920538195	364622873611059
364622889446059	364622937204913	364622890347049
364622906334549	364622953872986	364622907171111
364622922940330	364622970541944	364622923689080
364622939649393	364622987211632	364622940481893
364622956245747	364623003880381	364622957074705
364622973002361	364623020552413	364622973821893
364623010596268	364623037220694	364623011126736
364623010787674	364623053887830	364623011132674
364623027470330	364623070552777	364623027868455
364623044112309	364623087220433	364623044500018
364623060766059	364623103885070	364623061152465
364623077567518	364623120547413	364623077958455
364623094127205	364623137211580	364623094504184
364623110784965	364623153876736	364623111171059
364623127449653	364623170540069	364623127833611
364623144150434	364623187205643	364623144535643
364623181720747	364623203871424	364623182160018
364623181872518	364623220538351	364623182168143
364623198537153	364623237203299	364623198984549
364623215178611	364623253865850	364623215634653
364623231866684	364623270529288	364623232252205
364623248540955	364623287193663	364623248934549
364623265203611	364623303855433	364623265634549
364623281925486	364623320522933	364623282295017
364623298587517	364623337189756	364623298957049
364623315247465	364623353858611	364623315664184
364623361567465	364623387192308	364623362138247
364623362020174	364623403860017	364623362153924
364623378517361	364623420525954	364623378901580
364623395153142	364623437190122	364623395542830
364623411817049	364623453858246	364623412199549
364623428524392	364623470524913	364623428901267
364623445193611	364623487190694	364623445610330
364623461811111	364623503857413	364623462198090
364623478525330	364623520524652	364623478916684
364623495196424	364623537193454	364623495563715
364623534710174	364623553863923	364623534974705
364623534971267	364623570531215	364623535084549
364623551584392	364623587200226	364623552086892
364623568194965	364623603869184	364623568572361
364623584916111	364623620537569	364623585293715
364623601600174	364623637205278	364623601978767
364623618260799	364623653872048	364623618671267
364623634923090	364623670540746	364623635328142
364623651588767	364623687209600	364623651957674
364623668256736	364623703879861	364623668675330
364623706167986	364623737215381	364623706526528
364623706326892	364623753885903	364623706534028
364623723120486	364623770555225	364623724130017
364623739632778	364623787222621	364623740112830
364623756466528	364623803892100	364623757233559
364623773032517	364623820561683	364623773827153
364623789714236	364623837228455	364623790503611
364623806348715	364623853897517	364623807092830
364623823056892	364623870565902	364623823794861
364623839700955	364623887233767	364623840480642
364623879252205	364623903902465	364623879744236
364623879540486	364623920571944	364623879757674
364623896160903	364623937240277	364623896735799
364623912821892	364623953910329	364623913206267
364623929510798	364623970581163	364623929899392
364623946233923	364623987249652	364623946603767
364623962886059	364624003916527	364623963306736
364623979515278	364624020582777	364623979895017
364623996216736	364624037250433	364623996587673
364624012878142	364624053917257	364624013260330
364624050080330	364624070582309	364624050627048
364624050418611	364624087246839	364624050632361
364624067015746	364624103911996	364624067401736
364624083675642	364624120579288	364624084062048
364624100395798	364624137246318	364624100757048
364624117047934	364624153911579	364624117417934
364624133739861	364624170576736	364624134089809
364624150379548	364624187243402	364624150741371
364624167060121	364624203911528	364624167417205
364624183726423	364624220578350	364624184103142
364624222818246	364624253912256	364624223134236
364624223098142	364624270579339	364624223223611
364624239964496	364624287246318	364624240841580
364624256413298	364624303913819	364624257130173
364624273065330	364624320582933	364624273884392
364624289813871	364624337253871	364624290622673
364624306743246	364624353924131	364624307510017
364624323253871	364624370597048	364624323972673
364624340055017	364624387270225	364624340770486
364624356770017	9223372036854775807	364624357550642

POLL t=128.1 tick=2063
16666666
364632853901368	364632886758086	364632854284233
364632870599649	364632903420846	364632870975587
364632887257358	364632920084388	364632887643243
364632903969701	364632936747722	364632904339962
364632920629233	364632953409909	364632920999233
364632937296993	364632970071263	364632937666524
364632953932826	364632986734961	364632954312826
364632995352514	364633020062982	364632995774649
364632995710274	364633036729753	364632995795899
364633012217149	364633053393086	364633012612358
364633028877774	364633070055795	364633029258087
364633045551264	364633086721628	364633045934858
364633062209233	364633103388243	364633062593139
364633078862045	364633120055378	364633079244076
364633095532774	364633136723294	364633095915951
364633112259701	364633153389180	364633112628087
364633128924180	364633170053398	364633129300326
364633169667201	364633186720534	364633170233920
364633169991368	364633203387930	364633170281576
364633186573451	364633220054179	364633186958295
364633203189545	364633236717721	364633203591732
364633219882045	364633253381315	364633220292045
364633236520899	364633270045326	364633236920951
364633253220118	364633286710326	364633253599805
364633269890639	364633303375118	364633270262618
364633286553451	364633320040690	364633286935014
364633303184857	364633336705222	364633303585326
364633348685014	364633370033711	364633349055430
364633348887462	364633386693763	364633349110014
364633365584701	364633403358034	364633366095014
364633382203607	364633420021575	364633382585587
364633398912201	364633436682670	364633399280743
364633415586107	364633453346368	364633415986264
364633432239076	364633470009805	364633432610951
364633448908607	364633486672982	364633449293139
364633465577357	364633503336576	364633465947930
364633482264076	364633520000378	364633482640170
364633521688295	364633553328346	364633522055899
364633521937826	364633569988971	364633522062826
364633539186420	364633586650482	364633539928139
364633555390014	364633603314232	364633556286993
364633572352514	364633619977357	364633573161524
364633589081211	364633636641472	364633589903295
364633605783607	364633653303398	364633606616889
364633622369076	364633669964127	364633623211576
364633639040795	364633686624805	364633639832514
364633655759232	364633703286523	364633656585430
364633696608243	364633719949545	364633697368607
364633696965014	364633736612773	364633697374857
364633713544857	364633753275690	364633713925639
364633730182826	364633769937878	364633730567670
364633746855482	364633786600846	364633747280482
364633763570638	364633803261315	364633763945482
364633780236888	364633819924961	364633780610795
364633796903868	364633836587878	364633797279232
364633813570482	364633853247929	364633813945170
364633830239336	364633869906835	364633830614232
364633868928295	364633886567773	364633869204961
364633869095795	364633903226888	364633869219701
364633885808295	364633919887044	364633886315586
364633902410795	364633936545482	364633902836055
364633919133607	364633953205638	364633919537826
364633935807513	364633969867565	364633936174545
364633952477930	364633986526575	364633952846836
364633969142670	364634003187721	364633969505170
364633985806211	364634019849648	364633986176732
364634002472149	364634036513972	364634002847201
364634049722201	364634069838138	364634050178555
364634081901524	364634103166888	364634082230638
364634082022045	364634119831107	364634082273763
364634098721888	364634136494753	364634099156576
364634115369805	364634153158138	364634115811576
364634132075638	364634169824232	364634132465170
364634148759805	364634186488554	364634149135430
364634165393607	364634203149596	364634165811732
364634182094649	364634219811419	364634182465170
364634198763138	364634236473659	364634199128138
364634230625170	364634253136002	364634231155170
364634232165795	364634269798711	364634232484336
364634248749961	364634286461523	364634249271107
364634265363867	364634303126107	364634265750951
364634282104388	364634319788138	364634282478242
364634298766732	364634336453086	364634299135742
364634315434701	364634353117878	364634315802305
364634332105170	364634369780169	364634332520430
364634348764024	364634386441992	364634349136211
364634365430795	364634403106106	364634365804180
364634404389545	364634436433607	364634404767617
364634404609336	364634453098659	364634404787045
364634421831263	364634469763659	364634422754492
364634438450013	364634486430690	364634439314024
364634455567826	364634503097877	364634456439388
364634472221576	364634519763086	364634473055899
364634488905794	364634536422721	364634489749024
364634505435794	364634553080899	364634506292357
364634522100169	364634569740273	364634522963138
364634538760013	364634586402357	364634539535794
364634579480274	364634603064232	364634580274388
364634579910013	364634619728242	364634580281732
364634596374857	364634636391784	364634596765742
364634613109961	364634653057513	364634613491419
364634629785951	364634669724805	364634630160794
364634646487669	364634686390638	364634646875169
364634663156576	364634703052513	364634663531992
364634679812826	364634719718190	364634680189492
364634696476680	364634736384544	364634696850169
364634713140482	364634753048763	364634713519232
364634755298294	364634786372044	364634755681888
364634755555326	364634803033710	364634755689076
364634772426576	364634819693189	364634773329544
364634788872826	364634836356055	364634789611576
364634805687201	364634853020481	364634806496524
364634822374232	364634869684179	364634823161367
364634839005586	364634886350273	364634839698451
364634855799023	364634903013919	364634856567826
364634872431107	364634919677565	364634873173867
364634889124232	364634936339388	364634889911576
364634933019701	364634953000325	364634933622982
364634933795638	364634969662044	364634933771576
364634949979961	364634986324388	364634950372305
364634966695794	364635002984075	364634967073919
364634983392982	364635019644440	364634983757617
364635000167461	364635036305012	364635000468607
364635016735117	364635052965326	364635017108138
364635033352044	364635069627148	364635033724544
364635050075638	364635086288606	364635050438294
364635066798086	9223372036854775807	364635067142044

POLL t=139.2 tick=2138
16666666
364644001382301	364644035118915	364644001766103
364644018037458	364644051785843	364644018413447
364644034750010	364644068447093	364644035123395
364644051377457	364644085110478	364644051749072
364644068087197	364644101775894	364644068455322
364644084747666	364644118438759	364644085111260
364644101416416	364644135102352	364644101792926
364644146030010	364644168428446	364644146548135
364644146286260	364644185091624	364644146554385
364644162939385	364644201756728	364644163363603
364644179580478	364644218420790	364644179968291
364644196293135	364644235086311	364644196673395
364644212955010	364644251752822	364644213375791
364644229619541	364644268419280	364644229996989
364644246286103	364644285084175	364644246662509
364644262952978	364644301746780	364644263325634
364644279621572	364644318412197	364644280006103
364644322203082	364644351736259	364644322764541
364644322797301	364644368401207	364644322931520
364644339138291	364644385065582	364644339521364
364644355780947	364644401728811	364644356185322
364644372461103	364644418390842	364644372843759
364644389161103	364644435054124	364644389586416
364644405818447	364644451715790	364644406198759
364644422489541	364644468378654	364644422865322
364644439157353	364644485040478	364644439526832
364644455826520	364644501701050	364644456201416
364644496335947	364644518363811	364644496892666
364644496653134	364644535026467	364644496944020
364644513207978	364644551691936	364644513599072
364644529841103	364644568354957	364644530232509
364644546505634	364644585018239	364644546887666
364644563220114	364644601680947	364644563604541
364644579896364	364644618343551	364644580276364
364644596606520	364644635005166	364644596930166
364644613220634	364644651668499	364644613645166
364644629884176	364644668333446	364644630263916
364644673975426	364644701662821	364644674343603
364644674229020	364644718329801	364644674392666
364644690858134	364644734998030	364644691237978
364644707486207	364644751663655	364644707863759
364644724196103	364644768330894	364644724584853
364644740857613	364644784995269	364644741239957
364644757520478	364644801659384	364644757941259
364644774185634	364644818326936	364644774604541
364644790853082	364644834993186	364644791231728
364644807523291	364644851658342	364644807904801
364644847096416	364644868323342	364644847588291
364644847315478	364644884989905	364644847602301
364644864058134	364644901654488	364644864507822
364644880623082	364644918319488	364644881031259
364644897312197	364644934983758	364644897692613
364644914003134	364644951651207	364644914381363
364644930668915	364644968318029	364644931036728
364644947331572	364644984984800	364644947724957
364644964023759	364645001649280	364644964384384
364644980671415	364645018313707	364644981038759
364645017511572	364645034977769	364645017775947
364645017769384	364645051642092	364645017844488
364645034349697	364645068305842	364645034784072
364645050992665	364645084972300	364645051381728
364645067733603	364645101637873	364645068117197
364645084362822	364645118302196	364645084736832
364645101028603	364645134968915	364645101417145
364645117683238	364645151636936	364645118071103
364645134354072	364645168304228	364645134734697
364645151023603	364645184970061	364645151404645
364645194093759	364645218300633	364645194441363
364645226549384	364645251631259	364645226900113
364645226693759	364645268296831	364645226906728
364645243379488	364645284963707	364645243736259
364645260007353	364645301628030	364645260439072
364645276739228	364645318294279	364645277118290
364645293404801	364645334960269	364645293785270
364645310071728	364645351626936	364645310444020
364645326739384	364645368292665	364645327114697
364645343407926	364645384959487	364645343628394
364645378269644	364645401625582	364645378689384
364645378454853	364645418292300	364645378702353
364645395151363	364645434960008	364645395533603
364645411776884	364645451629071	364645412166572
364645428477353	364645468297457	364645428861884
364645445120790	364645484966362	364645445515322
364645461779384	364645501634019	364645462166884
364645478484853	364645518302925	364645478856572
364645495158134	364645534970894	364645495616884
364645511819072	364645551637717	364645512189488
364645554696884	364645584975790	364645555107196
364645554996103	364645601645634	364645555153915
364645571743394	364645618315946	364645571807821
364645588206728	364645634983290	364645588620582
364645604914332	364645651649591	364645605288238
364645621592978	364645668319228	364645621782769
364645638246884	364645684988811	364645638454853
364645654907301	364645701658238	364645655127196
364645671574853	364645718326311	364645671775321
364645688241415	364645734993810	364645688445009
364645730414540	364645751660893	364645730910946
364645730658759	364645768329800	364645730926571
364645747290790	364645784997040	364645747710478
364645763947144	364645801663134	364645764336571
364645780697457	364645818329018	364645781074801
364645797380790	364645834994852	364645797755113
364645814041728	364645851661258	364645814414228
364645830693394	364645868326935	364645831066207
364645847343759	364645884991727	364645847764176
364645864072040	364645901653758	364645864423290
364645904905321	364645934982404	364645905354696
364645905384696	364645951645112	364645905597301
364645921929071	364645968308655	364645922153134
364645938605894	364645984971466	364645938998707
364645955269853	364646001634748	364645955649384
364645971960634	364646018297561	364645972351103
364645988671832	364646034959904	364645988860009
364646005275790	364646051622196	364646005472978
364646021980113	364646068284331	364646022177978
364646038646207	364646084945217	364646038843134
364646080393290	364646101607821	364646080920634
364646080702769	364646118271362	364646080926207
364646097318446	364646134932873	364646097699071
364646113984696	364646151596206	364646114367665
364646130646884	364646168260529	364646131019853
364646147388446	364646184924435	364646147692821
364646164091415	364646201588654	364646164385946
364646180680894	364646218253498	364646181045269
364646197349071	364646234917091	364646197711728
364646214023707	364646251581727	364646214400113

POLL t=149.9 tick=2212
16666666
364654609358078	364654650122766	364654609754849
364654626049849	364654666786724	364654626425474
364654642688131	364654683449849	364654643060162
364654659339537	364654700113495	364654659757974
364654676031203	364654716775526	364654676400578
364654692701881	364654733440630	364654693086256
364654709336985	364654750103182	364654709726412
364654725991985	364654766763807	364654726379016
364654742662974	364654783428911	364654743053078
364654791911724	364654816755682	364654792276255
364654792132974	364654833419901	364654792334641
364654808778130	364654850084016	364654809224849
364654825414797	364654866749276	364654825797349
364654842086985	364654883414327	364654842473755
364654858791724	364654900079692	364654859163130
364654875457818	364654916744380	364654875878287
364654892133912	364654933407036	364654892555578
364654908773391	364654950073078	364654909195162
364654925418912	364654966736619	364654925800630
364654974761360	364655000063078	364654975054380
364654976263443	364655016727974	364654976603443
364654991605318	364655033393182	364654992172349
364655008217141	364655050059380	364655008602766
364655024929849	364655066724640	364655025310318
364655041590578	364655083390734	364655042010943
364655058250735	364655100057036	364655058697505
364655074916672	364655116722192	364655075304849
364655091581568	364655133385890	364655092030735
364655108251047	364655150050057	364655108680787
364655158155735	364655183379901	364655158828547
364655158341412	364655200043650	364655158911255
364655175035787	364655216705890	364655175563912
364655191666516	364655233369328	364655192081359
364655208362974	364655250034432	364655208742297
364655225037818	364655266699380	364655225422193
364655241703443	364655283361463	364655242081412
364655258371412	364655300025317	364655258580162
364655275035630	364655316688182	364655275411880
364655291702505	364655333353026	364655292069537
364655340862818	364655366681307	364655341164172
364655341043391	364655383346463	364655341172037
364655357738859	364655400012193	364655358257297
364655374368078	364655416675473	364655374757818
364655391048234	364655433339327	364655391483859
364655407703286	364655450002557	364655408107193
364655424357818	364655466666099	364655424745578
364655441049797	364655483328494	364655441443078
364655457710266	364655499991463	364655458104693
364655474421411	364655516653130	364655474798755
364655491090161	364655533314119	364655491456255
364655526442609	364655549976098	364655526902349
364655528431672	364655566637869	364655528905630
364655543294849	364655583299692	364655543748755
364655559930109	364655599960994	364655560316099
364655576656724	364655616625109	364655577030474
364655593325005	364655633287713	364655593699380
364655609990786	364655649950318	364655610359797
364655626657036	364655666611620	364655627027036
364655643325786	364655683272245	364655643697818
364655659986255	364655699935421	364655660364068
364655676664693	364655716598807	364655677032505
364655712282974	364655733260838	364655712837193
364655712599016	364655749921984	364655712845943
364655729166984	364655766585161	364655729548443
364655745792818	364655783248234	364655746208755
364655762461099	364655799911880	364655762863443
364655779136411	364655816574328	364655779507661
364655795830578	364655833237348	364655796201047
364655812504484	364655849897921	364655812876255
364655829171359	364655866559328	364655829541099
364655845837349	364655883219484	364655846213443
364655895866255	364655916538650	364655896237818
364655896085422	364655933195317	364655896257818
364655912769953	364655949855681	364655913273911
364655929356515	364655966516671	364655929767297
364655946059536	364655983177245	364655946450005
364655962758443	364655999836099	364655963132818
364655979418911	364656016494223	364655979839328
364655996102140	364656033152296	364655996472349
364656012753130	364656049812556	364656013164380
364656029428703	364656066473025	364656029812818
364656083374224	364656099795005	364656083754640
364656083577192	364656116454172	364656083782817
364656100270786	364656133113077	364656100648130
364656116891828	364656149774379	364656117336828
364656133562765	364656166438702	364656133934380
364656150222036	364656183100682	364656150601255
364656166895317	364656199761724	364656167268599
364656183576724	364656216424223	364656183939328
364656200225265	364656233084379	364656200604536
364656216894692	364656249742713	364656217277661
364656264931203	364656283060369	364656265311047
364656266531828	364656299720369	364656266839067
364656281841255	364656316380264	364656282369640
364656298439849	364656333042244	364656298819797
364656315157140	364656349701671	364656315525734
364656331821359	364656366361202	364656332198286
364656348488755	364656383019275	364656348854224
364656365148286	364656399679587	364656365522922
364656381818703	364656416338285	364656382208599
364656398478599	364656432996983	364656398889849
364656447608599	364656466314535	364656447916880
364656447863442	364656482973702	364656447921984
364656464578078	364656499634691	364656464966255
364656481173546	364656516295682	364656481562817
364656497867817	364656532953234	364656498247036
364656514533078	364656549612765	364656514906567
364656531212296	364656566273702	364656531580578
364656547939067	364656582933234	364656548309796
364656564556671	364656599593754	364656564927349
364656581248755	364656616254692	364656581616724
364656632810630	364656649579275	364656633624067
364656633087974	364656666238390	364656633637817
364656649873286	364656682900368	364656650305786
364656666431880	364656699564015	364656666823599
364656683181255	364656716225369	364656683553911
364656699857348	364656732887712	364656700246880
364656716527192	364656749549275	364656716897036
364656733234848	364656766208754	364656733605005
364656749895421	364656782869588	364656750248390
364656766545942	364656799530994	364656766912973
364656810651880	364656832857504	364656810798442
364656834566880	364656866180889	364656834962296
364656834798286	364656882842452	364656834968130
364656852570630	364656899505005	364656853275109
364656869225317	364656916168390	364656869904692
364656885691515	9223372036854775807	364656886458546

POLL t=160.6 tick=2318
16666666
364665324021251	364665365147293	364665324386095
364665340720626	364665381816824	364665341093387
364665357371876	364665398483386	364665357750939
364665374049324	364665415149636	364665374261981
364665390716564	364665431816042	364665391127814
364665438314793	364665465148439	364665438579012
364665438571251	364665481814271	364665438691564
364665455156095	364665498479012	364665455620314
364665471819064	364665515142397	364665472222293
364665488521981	364665531804533	364665488904064
364665505195418	364665548466667	364665505588543
364665521862501	364665565132553	364665522233908
364665538529012	364665581798491	364665538902033
364665555193595	364665598464792	364665555565158
364665571889064	364665615131460	364665572235939
364665620936876	364665648465939	364665621508908
364665621341564	364665665133595	364665621516564
364665637853387	364665681799845	364665638296095
364665654526408	364665698466303	364665654967033
364665671224376	364665715133283	364665671609689
364665687888595	364665731801251	364665688263074
364665704549533	364665748468647	364665704918126
364665721199689	364665765135573	364665721571095
364665737882658	364665781803126	364665738260262
364665754550262	364665798470157	364665754930418
364665771204533	364665815135574	364665771591668
364665787845314	364665831799793	364665788226668
364665829724689	364665848464740	364665830071824
364665829928439	364665865130886	364665830105158
364665846619220	364665881796198	364665847087345
364665863232345	364665898460521	364665863610574
364665879954064	364665915125053	364665880335782
364665896601876	364665931789220	364665896979012
364665913256876	364665948453855	364665913635470
364665929921043	364665965118646	364665930294845
364665946589168	364665981782761	364665946973126
364665963255262	364665998447813	364665963637657
364666009932501	364666031775261	364666010260887
364666043430418	364666065107396	364666043743439
364666043559220	364666081771563	364666043764064
364666060247814	364666098437188	364666060625262
364666076882501	364666115102344	364666077341980
364666093634532	364666131769376	364666094043439
364666110286512	364666148434532	364666110664532
364666126963595	364666165097553	364666127369064
364666143629845	364666181762657	364666144004845
364666160309793	364666198426928	364666160677970
364666199948699	364666231759064	364666200395939
364666200283543	364666248424896	364666200401980
364666217697762	364666265088230	364666218746407
364666233750314	364666281753647	364666234690418
364666250877345	364666298420782	364666251707814
364666267534220	364666315090104	364666268397449
364666284108074	364666331757345	364666284900626
364666300809220	364666348424323	364666301644012
364666317428282	364666365093386	364666318253751
364666334132657	364666381760209	364666334979168
364666382704949	364666415094220	364666383102970
364666382861980	364666431761875	364666383113907
364666401008595	364666448429011	364666401862605
364666417076720	364666465095521	364666418015470
364666434012970	364666481762136	364666434888751
364666450716251	364666498429011	364666451565626
364666467300574	364666515095001	364666468183699
364666484075939	364666531761563	364666484784480
364666500819532	364666548429427	364666501653282
364666517434845	364666565098282	364666518304689
364666562611563	364666581764636	364666562991876
364666564723751	364666598431146	364666565524011
364666579481407	364666615098125	364666579884376
364666596112293	364666631765417	364666596487761
364666612807136	364666648431875	364666613180313
364666629460001	364666665098438	364666629839532
364666646111980	364666681765782	364666646504011
364666662842345	364666698431511	364666663201668
364666679499063	364666715097761	364666679871251
364666696168855	364666731765104	364666696529376
364666745535782	364666765095834	364666745892449
364666745732605	364666781761979	364666745947136
364666762445261	364666798427657	364666762969063
364666779042918	364666815094115	364666779421720
364666795775626	364666831759167	364666796140470
364666812459063	364666848425470	364666812801355
364666829083126	364666865093074	364666829495418
364666845765418	364666881759792	364666846135886
364666862433751	364666898429845	364666862816720
364666879096720	364666915098282	364666879473907
364666926953438	364666948435260	364666927259063
364666927137449	364666965105261	364666927272188
364666943828126	364666981772865	364666944317449
364666960461407	364666998440677	364666960830001
364666977143699	364667015108698	364666977526720
364666993838126	364667031776146	364666994199063
364667010500261	364667048442969	364667010877501
364667027167449	364667065107813	364667027535261
364667043836042	364667081774376	364667044200938
364667060503282	364667098440105	364667060873282
364667107868282	364667131773647	364667108251720
364667108114167	364667148443334	364667108266980
364667124738595	364667165113177	364667125117657
364667141386355	364667181783437	364667141802657
364667158068595	364667198450260	364667158456876
364667174736095	364667215117292	364667175150313
364667191463386	364667231785937	364667191832917
364667208153542	364667248455678	364667208523594
364667224800469	364667265127292	364667225165574
364667241456719	364667281793594	364667241836355
364667284932188	364667315130625	364667285326199
364667285212188	364667331796511	364667285332032
364667301889480	364667348465312	364667302175001
364667318514011	364667365135365	364667318737969
364667335263594	364667381804688	364667335474636
364667351959949	364667398472500	364667352150001
364667368595626	364667415141042	364667368783699
364667385273282	364667431808802	364667385480469
364667401959949	364667448474688	364667402155469
364667418623542	364667465141406	364667418825938
364667466888907	364667498476771	364667467157969
364667467090626	364667515143542	364667467158594
364667484714376	364667531807969	364667485509376
364667500772501	364667548471719	364667501647813
364667517513855	364667565137656	364667518371042
364667534460938	364667581803282	364667535257449
364667551233751	364667598471979	364667551945626
364667567861407	364667615140156	364667568642969
364667584605157	364667631809479	364667585269532
364667601329532	364667648478386	364667602086824

POLL t=171.4 tick=2375
16666666
364676160222029	364676198113694	364676160589841
364676176887966	364676214778017	364676177292185
364676193549216	364676231441976	364676193929060
364676210213695	364676248105310	364676210629372
364676226884789	364676264767862	364676227292758
364676243567029	364676281433070	364676244112029
364676260232029	364676298098591	364676260740154
364676276898279	364676314761820	364676277456195
364676293559841	364676331426820	364676294070154
364676310227341	364676348093538	364676310796508
364676326900935	364676364758278	364676327451404
364676343564841	364676381420361	364676344085310
364676360235622	364676398083070	364676360737810
364676376885622	364676414745726	364676377252185
364676393547810	364676431410309	364676393920935
364676410216039	364676448075205	364676410590778
364676426901403	364676464739580	364676427399528
364676443567497	364676481404997	364676444117966
364676460231247	364676498069580	364676460736195
364676476901508	364676514730569	364676477466508
364676524914008	364676548059841	364676525205153
364676525262653	364676564727080	364676525351508
364676541789685	364676581394789	364676542237758
364676558417758	364676598062340	364676558793435
364676575107028	364676614730362	364676575476560
364676591787966	364676631399945	364676592174997
364676608447497	364676648069736	364676608816247
364676625120726	364676664738330	364676625493747
364676641790101	364676681405205	364676642153591
364676658434528	364676698073278	364676658849008
364676675087028	364676714739632	364676675462653
364676691781820	364676731406611	364676692153278
364676708452185	364676748073278	364676708864476
364676725118695	364676764739893	364676725531664
364676741796195	364676781404528	364676742353747
364676758463226	364676798070517	364676758974685
364676775129216	364676814736976	364676775642497
364676791800935	364676831403642	364676792302341
364676808468122	364676848069111	364676808976403
364676825132185	364676864733017	364676825702810
364676841791872	364676881398694	364676842368695
364676858464476	364676898066507	364676859015466
364676875119945	364676914732600	364676875485466
364676891787601	364676931397913	364676892170726
364676908462289	364676948064632	364676908981091
364676925126039	364676964732288	364676925684528
364676941794528	364676981399945	364676942411091
364676958482341	364676998065517	364676958990882
364677006241976	364677031402809	364677006528435
364677006557185	364677048070309	364677006667966
364677023149007	364677064737340	364677023689164
364677039767184	364677081403382	364677040161091
364677056465101	364677098069164	364677056840257
364677073137184	364677114735725	364677073572757
364677089810153	364677131400673	364677090187497
364677106478226	364677148066976	364677106854164
364677123143382	364677164734059	364677123609893
364677139791559	364677181403747	364677140173122
364677182929216	364677214741611	364677183208226
364677184678539	364677231409997	364677185112757
364677200582497	364677248076038	364677201350153
364677216694997	364677264743590	364677217634059
364677233695309	364677281412236	364677234590257
364677250485153	364677298080986	364677251364059
364677266931039	364677314750569	364677267851403
364677283557445	364677331419528	364677284473434
364677300468747	364677348086299	364677301258226
364677317227184	364677364751923	364677318064528
364677333859841	364677381421716	364677334638539
364677350536091	364677398090674	364677351355153
364677367043903	364677414755830	364677367927809
364677383682914	364677431421194	364677384579945
364677400484632	364677448090465	364677401431195
364677417146247	364677464759475	364677418212028
364677433774059	364677481426455	364677434852601
364677450451663	364677498093173	364677451524997
364677467178278	364677514760413	364677468174476
364677483889476	364677531426767	364677484962966
364677500575309	364677548094059	364677501499684
364677517369476	364677564759579	364677518348226
364677533751976	364677581423225	364677534590153
364677550515309	364677598089423	364677551350153
364677567181247	364677614756611	364677568065466
364677583904841	364677631425205	364677584935413
364677600671976	364677648094006	364677601520882
364677617290466	364677664761819	364677618322497
364677633864997	364677681431351	364677634839476
364677672964788	364677698097236	364677673612653
364677673636559	364677714762288	364677673758590
364677689865153	364677731426455	364677690271090
364677706517028	364677748092653	364677706894997
364677723227653	364677764762652	364677723613695
364677739908278	364677781429475	364677740320309
364677756565153	364677798094579	364677756933434
364677773223538	364677814759944	364677773647184
364677789889840	364677831425517	364677790269059
364677806560934	364677848092028	364677806928122
364677847174997	364677864762027	364677847621715
364677847451559	364677881432236	364677847630622
364677864147965	364677898100152	364677864660622
364677880683851	364677914770100	364677881062653
364677897419945	364677931440256	364677897820465
364677914094684	364677948110309	364677914471090
364677930764788	364677964781194	364677931139528
364677947459528	364677981452496	364677947821976
364677964134215	364677998124423	364677964501559
364677980801976	364678014794215	364677981166403
364678026631559	364678048134059	364678026907497
364678026830726	364678064801142	364678026922340
364678043557340	364678081469527	364678044103590
364678060258903	364678098140517	364678060634059
364678076906976	364678114810829	364678077278903
364678093558434	364678131481194	364678093923070
364678110265882	364678148151767	364678110634372
364678126920622	364678164820152	364678127280465
364678143595309	364678181489892	364678143957913
364678160269372	364678198158381	364678160621351
364678212947028	364678231495309	364678213349840
364678215769632	364678248164267	364678216220778
364678229979059	364678264835621	364678230476976
364678246562601	364678281504527	364678246934163
364678263256663	364678298174059	364678263624840
364678279917965	364678314845622	364678280304632
364678296585778	364678331517496	364678296950778
364678313255778	364678348187391	364678313616403
364678329909840	364678364858017	364678330279684
364678346682965	9223372036854775807	364678346969840

POLL t=182.0 tick=2432
16666666
364686759298900	364686798997285	364686759671087
364686775967962	364686815662858	364686776341556
364686792632910	364686832330045	364686793051868
364686809294837	364686848997909	364686809716504
364686825966400	364686865662233	364686826338118
364686876261087	364686898986295	364686876581191
364686906752024	364686932314628	364686906976504
364686906869368	364686948978690	364686907010722
364686923555931	364686965643691	364686923949368
364686940217493	364686982305670	364686940606035
364686956895149	364686998968482	364686957322285
364686973570931	364687015631190	364686973960774
364686990222806	364687032295357	364686990612337
364687006887285	364687048958638	364687007279212
364687023550566	364687065623378	364687023976868
364687058883274	364687082290201	364687059417024
364687059056399	364687098953743	364687059435306
364687075747806	364687115619732	364687076120879
364687092393899	364687132286347	364687092771868
364687109085879	364687148952284	364687109458274
364687125748743	364687165616816	364687126117129
364687142417181	364687182282336	364687142786660
364687159083743	364687198950305	364687159456243
364687175750410	364687215617545	364687176159785
364687192414212	364687232282544	364687192795774
364687244196504	364687265609160	364687244480774
364687244370879	364687282272857	364687244493899
364687261087962	364687298937753	364687261551868
364687277702493	364687315600722	364687278079993
364687294367181	364687332267337	364687294741556
364687311076868	364687348933534	364687311459837
364687327751972	364687365597024	364687328137024
364687344416087	364687382262493	364687344785878
364687361084785	364687398926815	364687361456972
364687377751868	364687415591086	364687378130878
364687394417024	364687432258118	364687394788743
364687434379993	364687465594160	364687434734212
364687434619785	364687482261242	364687434742337
364687451453431	364687498928534	364687452493899
364687467873743	364687515594836	364687468537285
364687484767806	364687532261242	364687485589368
364687501437024	364687548926346	364687502263274
364687518124472	364687565591555	364687518720462
364687534693378	364687582255670	364687535534837
364687551302493	364687598921138	364687552152649
364687567969316	364687615587545	364687568827337
364687584616087	364687632254420	364687585484212
364687631262597	364687648920097	364687631668847
364687631484993	364687665582909	364687631678378
364687648213743	364687682246763	364687648599368
364687664811191	364687698910357	364687665247441
364687681500930	364687715575045	364687681883587
364687698192805	364687732241815	364687698573847
364687714844785	364687748909472	364687715228743
364687731493430	364687765573586	364687731898066
364687748166555	364687782238118	364687748551868
364687764824368	364687798903066	364687765212597
364687781485618	364687815567232	364687781877597
364687830913691	364687848894263	364687831315462
364687831090566	364687865557649	364687831357753
364687847810566	364687882220930	364687848343430
364687864390462	364687898883743	364687864778118
364687881039628	364687915547180	364687881433847
364687897737962	364687932211659	364687898137128
364687914402180	364687948878066	364687914825410
364687931062597	364687965544159	364687931442180
364687947739212	364687982209992	364687948121191
364687964429784	364687998874576	364687964805149
364687981071399	364688015540514	364687981451191
364688028986972	364688048871398	364688029352962
364688029182441	364688065535357	364688029361816
364688045829368	364688082201502	364688046370409
364688062463378	364688098872492	364688062880409
364688079121972	364688115540878	364688079561503
364688095838222	364688132206346	364688096224368
364688112496191	364688148872596	364688112879212
364688129245930	364688165536815	364688129615149
364688145874680	364688182199575	364688146251816
364688162511972	364688198863222	364688162943274
364688179164368	364688215524211	364688179601711
364688231972805	364688248847909	364688232395305
364688232428847	364688265513273	364688232539368
364688248966086	364688282177857	364688249469941
364688265524524	364688298842492	364688265912024
364688282256243	364688315506659	364688282619524
364688298925097	364688332172753	364688299282961
364688315649836	364688348838013	364688316026034
364688332319993	364688365500774	364688332690149
364688349016711	364688382164784	364688349372961
364688365636399	364688398830513	364688365952961
364688382250618	364688415496815	364688382614003
364688428841972	364688448823326	364688429207649
364688429036659	364688465486919	364688429262441
364688445739003	364688482149523	364688446290566
364688462351868	364688498812388	364688462737909
364688479063066	364688515474783	364688479428222
364688495736086	364688532137544	364688496146868
364688512400097	364688548800096	364688512776816
364688529065305	364688565461971	364688529487024
364688545731711	364688582124159	364688546145253
364688562420722	364688598787232	364688562794368
364688579099211	364688615450565	364688579472649
364688619665930	364688648773170	364688620077597
364688621841555	364688665435045	364688622161868
364688636571659	364688682099784	364688637019368
364688653199836	364688698762284	364688653579368
364688669911347	364688715428377	364688670289472
364688686587805	364688732094472	364688686974368
364688703266086	364688748759731	364688703634680
364688719895930	364688765423794	364688720275409
364688736589368	364688782086919	364688736965305
364688753262336	364688798751086	364688753642909
364688769927805	364688815413481	364688770300565
364688817244003	364688848741242	364688817698274
364688817457805	364688865401554	364688817704159
364688834643690	364688882063951	364688835513586
364688851079992	364688898726502	364688851965409
364688867693117	364688915391086	364688868586867
364688884720617	364688932054940	364688885463534
364688901604367	364688948715877	364688902350409
364688918164472	364688965380044	364688918902492
364688934807336	364688982042700	364688935591034
364688951491659	364688998704315	364688952235461
364688968276347	364689015368117	364688968927024
364689014082597	364689032030253	364689014760097
364689014779055	364689048693481	364689014908690
364689032728117	9223372036854775807	364689032697180

POLL t=192.8 tick=2499
16666666
364697507895614	364697548449260	364697508299364
364697524595770	364697565114051	364697524969468
364697541259520	364697581779468	364697541636500
364697557925927	364697598446031	364697558298843
364697574593062	364697615116135	364697574964989
364697591271552	364697631783531	364697591637958
364697607924520	364697648450510	364697608300145
364697624585718	364697665117541	364697624959364
364697663934937	364697681782384	364697664247489
364697664254677	364697698451707	364697664354052
364697680782593	364697715120249	364697681171187
364697697415302	364697731789520	364697697821864
364697714082177	364697748455562	364697714498843
364697730818895	364697765123791	364697731224833
364697747491708	364697781791760	364697747888114
364697764158531	364697798460405	364697764525770
364697780813218	364697815128582	364697781193427
364697797483114	364697831797280	364697797856343
364697814149208	364697848466291	364697814508531
364697854634052	364697881800718	364697854913999
364697854798843	364697898466968	364697854926343
364697871492437	364697915133269	364697871937802
364697888124833	364697931799207	364697888505562
364697904828062	364697948463895	364697905203374
364697921503270	364697965129312	364697921889989
364697938176083	364697981793165	364697938598270
364697954841864	364697998457228	364697955261239
364697971507802	364698015120613	364697971903114
364697988176499	364698031783531	364697988552333
364698004841083	364698048449363	364698005215093
364698048254520	364698065114989	364698048740406
364698048838895	364698081781759	364698048985145
364698065271656	364698098450092	364698065628739
364698081823426	364698115119988	364698082197749
364698098515145	364698131789624	364698098899051
364698115182333	364698148457905	364698115540301
364698131877958	364698165127749	364698132235093
364698148541656	364698181797697	364698148914833
364698165198062	364698198468426	364698165556239
364698181915926	364698215138530	364698182249051
364698198544989	364698231807072	364698198896708
364698238007801	364698265144207	364698238282489
364698238174989	364698281812540	364698238320926
364698254871395	364698298482071	364698255319520
364698271502801	364698315150822	364698271931656
364698288203687	364698331819988	364698288587020
364698304877281	364698348490613	364698305259833
364698321500770	364698365158478	364698321882749
364698338217489	364698381826551	364698338631031
364698354861083	364698398495353	364698355233843
364698371552333	364698415165457	364698371962489
364698388217645	364698431835770	364698388583583
364698445822124	364698465174832	364698446201083
364698446016395	364698481843426	364698446214624
364698462729364	364698498511759	364698463244624
364698479303114	364698515177384	364698479701343
364698495983687	364698531844989	364698496372958
364698512687020	364698548513686	364698513057905
364698529324364	364698565182644	364698529703843
364698545990093	364698581853165	364698546370926
364698562661708	364698598522488	364698563040874
364698579327020	364698615192905	364698579700145
364698595991551	364698631862696	364698596369676
364698633736343	364698665201447	364698634129780
364698633886030	364698681867019	364698634139676
364698651061707	364698698535301	364698651946551
364698667213895	364698715202332	364698668120562
364698684258843	364698731872488	364698685092645
364698700819468	364698748541342	364698701689207
364698717629468	364698765209207	364698718485718
364698734238999	364698781877488	364698735012645
364698750829676	364698798545353	364698751688270
364698767511343	364698815213530	364698768368687
364698817742176	364698848546707	364698818194312
364698851094989	364698881877853	364698851404520
364698851209937	364698898544728	364698851435926
364698867921239	364698915213634	364698868304364
364698884601082	364698931881759	364698884829989
364698901277801	364698948551290	364698901908374
364698917946707	364698965218217	364698918446707
364698934614468	364698981886395	364698935132489
364698951284207	364698998553530	364698951869051
364698967941343	364699015222436	364698968477332
364699006707176	364699031890822	364699007078739
364699006862749	364699048559154	364699007128739
364699023521395	364699065227384	364699023901864
364699040155926	364699081897540	364699040555405
364699056869520	364699098565561	364699057231343
364699073513114	364699115233999	364699073957020
364699090176030	364699131902749	364699090569936
364699106837801	364699148570561	364699107266239
364699123496186	364699165236134	364699123968061
364699140196239	364699181904988	364699140580926
364699156858530	364699198572175	364699157240457
364699192708739	364699215237644	364699193225093
364699193058582	364699231902957	364699193240457
364699209582801	364699248567904	364699210121239
364699226208582	364699265231915	364699226681082
364699242917801	364699281895145	364699243336864
364699259549520	364699298557905	364699259972957
364699276259311	364699315220874	364699276627176
364699292930614	364699331884468	364699293369051
364699309608582	364699348551082	364699309993113
364699326292176	364699365213113	364699326667176
364699376908738	364699398535249	364699377277020
364699379135405	364699415197072	364699379564676
364699393854676	364699431859050	364699394238113
364699410497801	364699448520144	364699410865770
364699427158895	364699465181290	364699427573426
364699443903582	364699481845249	364699444240561
364699460510145	364699498508582	364699460879051
364699477204520	364699515173738	364699477568061
364699493873374	364699531838894	364699494241030
364699510553738	364699548506342	364699510912749
364699527194207	364699565171915	364699527603686
364699568617645	364699598506498	364699569056186
364699568952957	364699615172280	364699569077957
364699585553843	364699631840717	364699585770405
364699602180145	364699648507904	364699602579051
364699618862332	364699665177644	364699619233218
364699635536551	364699681847592	364699635908686
364699652224624	364699698516915	364699652640613
364699668899207	364699715184988	364699669267957
364699685559780	364699731853634	364699685979832
364699702170718	364699748520196	364699702546551
364699718854468	364699765187540	364699719225770
364699762599520	9223372036854775807	364699763098061

POLL t=203.5 tick=2566
16666666
364708283678995	364708316258578	364708284073527
364708300349985	364708332923682	364708300742902
364708317006391	364708349590349	364708317398370
364708351844152	364708382924985	364708352165298
364708352129985	364708399593058	364708352166079
364708368966704	364708416261704	364708369820454
364708385310089	364708432930714	364708385960402
364708402014464	364708449601026	364708402799048
364708418815923	364708466268266	364708419617485
364708435371079	364708482934932	364708436155141
364708452080141	364708499602537	364708452708214
364708468702745	364708516268422	364708469474672
364708485368214	364708532933839	364708486206547
364708502035454	364708549600193	364708502846860
364708540319933	364708566268474	364708540697172
364708541919204	364708582935610	364708542265558
364708557209516	364708599603630	364708557728058
364708573801391	364708616269151	364708574218891
364708590527797	364708632935089	364708590882172
364708607188735	364708649598474	364708607552954
364708623849985	364708666260714	364708624241860
364708640527172	364708682925088	364708640867902
364708657182485	364708699589672	364708657530245
364708673839777	364708716254932	364708674199829
364708690503683	364708732918735	364708690893266
364708731830297	364708749583682	364708732111235
364708731997745	364708766246964	364708732125610
364708748703266	364708782914620	364708749208579
364708765306079	364708799578994	364708765688527
364708781996079	364708816241287	364708782377172
364708798679308	364708832905401	364708799098891
364708815335297	364708849570974	364708815715297
364708831999047	364708866236808	364708832384985
364708848669360	364708882905193	364708849086860
364708865332954	364708899571130	364708865721391
364708881988266	364708916237693	364708882373579
364708923935401	364708949566859	364708924232172
364708924110245	364708966233995	364708924239516
364708940760766	364708982900818	364708941281547
364708957393735	364708999567693	364708957812797
364708974078422	364709016234567	364708974466079
364708990747641	364709032902224	364708991134985
364709007413110	364709049568266	364709007803110
364709024101808	364709066233370	364709024489985
364709040745714	364709082900610	364709041140870
364709057410454	364709099567432	364709057808266
364709074073579	364709116232224	364709074461079
364709115216704	364709132896599	364709115585766
364709115381391	364709149562849	364709115592641
364709132071964	364709166228682	364709132577276
364709148710141	364709182894619	364709149086495
364709165433422	364709199559880	364709165804047
364709182055558	364709216228474	364709182433214
364709198783735	364709232893422	364709199152797
364709215427953	364709249555869	364709215842797
364709232102953	364709266220193	364709232518839
364709248727589	364709282885037	364709249114828
364709265386860	364709299548422	364709265767172
364709306726860	364709332878578	364709307064464
364709308639516	364709349543735	364709309086391
364709323547589	364709366208734	364709324110401
364709340191235	364709382874255	364709340611964
364709356937433	364709399539776	364709357354828
364709373560297	364709416205088	364709373943110
364709390265401	364709432869620	364709390638735
364709406931235	364709449536859	364709407301860
364709423599985	364709466198891	364709424063214
364709440218422	364709482860505	364709440598526
364709456875401	364709499521963	364709457306703
364709499342641	364709516184776	364709499833578
364709499863839	364709532848890	364709499999360
364709516253995	364709549514307	364709516778578
364709532823266	364709566179880	364709533212120
364709549545453	364709582844984	364709549944672
364709566224516	364709599509359	364709566592797
364709582889203	364709616175244	364709583259620
364709599561807	364709632842380	364709599924932
364709616225297	364709649508994	364709616574203
364709632916703	364709666173630	364709633261235
364709649573422	364709682836859	364709649954516
364709686745870	364709716167849	364709687383735
364709687060766	364709732834463	364709687393891
364709703698526	364709749498838	364709704222745
364709720247745	364709766165714	364709720635610
364709736981078	364709782831390	364709737338578
364709753641495	364709799495504	364709754018422
364709770298682	364709816159150	364709770682953
364709786965609	364709832825504	364709787339984
364709803642016	364709849491026	364709804052328
364709820298526	364709866153421	364709820675245
364709836978578	364709882815504	364709837354932
364709874054151	364709899477276	364709874580557
364709874252016	364709916139671	364709874602589
364709890920922	364709932801338	364709891341703
364709907578995	364709949461963	364709907935766
364709924225297	364709966127224	364709924605297
364709940943109	364709982794151	364709941312328
364709957561078	364709999461234	364709957949203
364709974271234	364710016126650	364709974643734
364709990942641	364710032791651	364709991316234
364710007656234	364710049456599	364710008034932
364710024304151	364710066119775	364710024685453
364710065909203	364710082782327	364710066389984
364710066447172	364710099444516	364710066632953
364710082956859	364710116104672	364710083230141
364710099601807	364710132768369	364710099969828
364710116325557	364710149432640	364710116611495
364710132932484	364710166096755	364710133255089
364710149692745	364710182763682	364710150059516
364710166312432	364710199430400	364710166675609
364710182974776	364710216097848	364710183257589
364710199724828	364710232767015	364710200087901
364710216350766	364710249432848	364710216706807
364710261424776	364710282762640	364710261783734
364710261658266	364710299429776	364710261791391
364710278439307	364710316095140	364710278979984
364710295019203	364710332762797	364710295395401
364710311748422	364710349430349	364710312102432
364710328399932	364710366096598	364710328771078
364710345044776	364710382761285	364710345411026
364710361722641	364710399428213	364710362096807
364710378382432	364710416093161	364710378751026
364710395064984	364710432758578	364710395430453
364710411712328	364710449423474	364710412094463
364710449794359	364710466085973	364710450290765
364710450005557	364710482751286	364710450296807
364710466713838	9223372036854775807	364710467093682

POLL t=214.2 tick=2634
16666666
364719006080554	364719048706960	364719006469043
364719022746856	364719065371803	364719023127950
364719039459981	364719082036907	364719039839148
364719056148731	364719098699772	364719056523106
364719072788054	364719115362845	364719073171387
364719089458575	364719132026179	364719089867481
364719128107116	364719148688575	364719128485710
364719129944668	364719165349615	364719130306543
364719144964773	364719182011856	364719145394043
364719161592116	364719198674876	364719162004616
364719178271179	364719215337325	364719178655085
364719194930710	364719231996022	364719195355137
364719211619512	364719248656334	364719211992585
364719228268106	364719265317845	364719228643366
364719244923887	364719281980553	364719245305762
364719261596231	364719298640866	364719262031856
364719278275762	364719315303158	364719278664773
364719317095866	364719348629877	364719317478575
364719317296648	364719365293887	364719317483418
364719334915293	364719381959460	364719335913991
364719350708575	364719398622064	364719351731960
364719367275137	364719415285345	364719368134773
364719384443418	364719431948574	364719385295293
364719401066335	364719448611439	364719401902585
364719417675293	364719465275553	364719418508731
364719434260606	364719481942793	364719435146856
364719450900918	364719498610501	364719451783418
364719467636647	364719515276230	364719468379825
364719505227585	364719531942376	364719505847272
364719505421543	364719548609304	364719505868887
364719522096543	364719565272220	364719522493210
364719538722272	364719581938209	364719539105137
364719555399304	364719598600866	364719555617012
364719572077272	364719615262324	364719572459200
364719588767325	364719631924615	364719589139668
364719605438991	364719648588106	364719605857585
364719622067741	364719665252637	364719622462585
364719638772272	364719681918262	364719639242324
364719655426231	364719698581855	364719655764043
364719694064824	364719715244251	364719694442168
364719694222012	364719731906022	364719694446543
364719710935397	364719748565970	364719711376856
364719727562637	364719765228105	364719727962637
364719744223210	364719781892324	364719744599824
364719760924199	364719798557064	364719761296856
364719777600241	364719815221126	364719777967012
364719794263262	364719831883678	364719794629147
364719810930606	364719848546907	364719811294772
364719827593262	364719865210970	364719827962272
364719844266699	364719881875866	364719844633262
364719894609981	364719915200918	364719895020449
364719894898679	364719931864095	364719895090293
364719911426387	364719948530188	364719911844199
364719928119304	364719965196022	364719928506335
364719944849981	364719981861803	364719945216231
364719961492012	364719998528991	364719961861231
364719978166074	364720015196386	364719978528574
364719994839668	364720031864980	364719995199512
364720011500606	364720048530293	364720011861179
364720028167481	364720065195396	364720028530606
364720044836074	364720081861230	364720045219981
364720083422637	364720115194668	364720083793887
364720083617272	364720131863678	364720083809043
364720100957012	364720148531438	364720101822637
364720117356699	364720165200240	364720118290449
364720134325710	364720181870917	364720135199981
364720150852324	364720198537636	364720151715918
364720167661387	364720215206387	364720168363574
364720184306856	364720231873262	364720185145918
364720200959199	364720248539095	364720201792324
364720217645710	364720265206751	364720218475606
364720234274824	364720281873782	364720235114512
364720271853262	364720298539303	364720272439772
364720272187480	364720315203834	364720272459512
364720288720241	364720331865657	364720289107480
364720305367897	364720348527949	364720305756699
364720322032428	364720365193886	364720322414512
364720338754980	364720381860761	364720339139303
364720355429303	364720398529147	364720355792949
364720372108730	364720415196543	364720372482480
364720388762480	364720431863782	364720389139043
364720405426699	364720448531907	364720405803262
364720422093678	364720465201646	364720422510241
364720459027637	364720481870293	364720459546543
364720459216230	364720498539407	364720459617324
364720475912637	364720515209668	364720476415085
364720492532793	364720531878678	364720492911543
364720509229980	364720548551282	364720509613887
364720525914928	364720565219511	364720526301543
364720542573887	364720581888677	364720542991543
364720559239460	364720598561491	364720559656960
364720575910241	364720615231490	364720576279355
364720592571387	364720631898001	364720592939772
364720609238678	364720648565137	364720609607793
364720648880710	364720665231907	364720649156335
364720649046960	364720681899355	364720649171230
364720665749980	364720698566543	364720666157428
364720682388887	364720715233938	364720682773574
364720699124616	364720731901282	364720699490710
364720715808053	364720748568001	364720716167012
364720732466491	364720765232219	364720732839043
364720749135866	364720781893938	364720749512637
364720765814512	364720798559719	364720766174355
364720782480241	364720815224407	364720782851022
364720799154303	364720831888730	364720799533366
364720839321959	364720865216386	364720839911387
364720839925449	364720881883991	364720840166074
364720856262116	364720898552011	364720856705918
364720872915918	364720915222167	364720873306543
364720889623991	364720931889875	364720889999616
364720906311803	364720948557271	364720906691074
364720922973105	364720965223990	364720923339980
364720939636022	364720981892428	364720939999199
364720956301699	364720998558105	364720956684511
364720972971386	364721015222688	364720973349355
364720989641022	364721031887272	364720990025709
364721028977480	364721048554043	364721029496178
364721029215918	364721065220657	364721029501334
364721046004616	364721081888626	364721046495136
364721062573730	364721098554876	364721062956803
364721079247793	364721115220813	364721079621803
364721095940241	364721131885970	364721096314355
364721112597168	364721148548625	364721112964980
364721129295293	364721165213209	364721129661074
364721145951699	364721181878886	364721146328991
364721162608886	364721198543730	364721162983053
364721179303418	9223372036854775807	364721179668574

POLL t=224.9 tick=2701
16666666
364729708541539	364729730522893	364729708889821
364729708677894	364729747179872	364729708893414
364729725368727	364729763837268	364729725741852
364729742027321	364729780497737	364729742416696
364729758742789	364729797158987	364729759109144
364729775405237	364729813820341	364729775819196
364729792143727	364729830480862	364729792495602
364729808734769	364729847141122	364729809109508
364729825400133	364729863801748	364729825819664
364729875449508	364729897118049	364729875981539
364729875639456	364729913775393	364729876077425
364729892287164	364729930436643	364729892676696
364729908953727	364729947096799	364729909335237
364729925616071	364729963754820	364729925998258
364729942293831	364729980411695	364729942723727
364729958957893	364729997068883	364729959376539
364729975632164	364730013725758	364729976032008
364729992285758	364730030384456	364729992718571
364730008953206	364730047043830	364730009333675
364730025624977	364730063705654	364730026008050
364730061111696	364730080368518	364730061405914
364730061259977	364730097033517	364730061412164
364730077966175	364730113697528	364730078406018
364730094599039	364730130357164	364730094964196
364730111299195	364730147015549	364730111700081
364730127974977	364730163672007	364730128340914
364730144639352	364730180329351	364730145011227
364730161311383	364730196984507	364730161683362
364730177968414	364730213641226	364730178390133
364730194649195	364730230301331	364730195023258
364730211318570	364730246960914	364730211693727
364730249157893	364730280276175	364730249513883
364730249359039	364730296933517	364730249535081
364730266432477	364730313589039	364730267462581
364730282700758	364730330243570	364730283150289
364730299397789	364730346901591	364730300114039
364730316134612	364730363561643	364730316933831
364730332728883	364730380219143	364730333541956
364730349452164	364730396877789	364730350266070
364730366097581	364730413536435	364730366941852
364730382734039	364730430192320	364730383318883
364730399384820	364730446850445	364730400206227
364730435192320	364730463505966	364730435711227
364730435378570	364730480162372	364730435779820
364730452101695	364730496820497	364730452456383
364730468698258	364730513479507	364730469080133
364730485369143	364730530139872	364730485745706
364730502020914	364730546801695	364730502452633
364730518697633	364730563462007	364730519124820
364730535349820	364730580122424	364730535778258
364730552030289	364730596781851	364730552413049
364730568680549	364730613442684	364730569114508
364730585346539	364730630101851	364730585785289
364730624825758	364730646758414	364730625371852
364730624999508	364730663418466	364730625387477
364730641658727	364730680077892	364730642039664
364730658295393	364730696739195	364730658677268
364730674957633	364730713400862	364730675377320
364730691630393	364730730063726	364730692054039
364730708326539	364730746725341	364730708712164
364730724990289	364730763388309	364730725375393
364730741710602	364730780053361	364730742081799
364730758373570	364730796716486	364730758783049
364730775023570	364730813380965	364730775410445
364730811633206	364730830043414	364730811906799
364730811795601	364730846705810	364730811914039
364730828527945	364730863369716	364730829040549
364730845133101	364730880032423	364730845517945
364730861792945	364730896694976	364730862167320
364730878506070	364730913357267	364730878873987
364730895182008	364730930019872	364730895604143
364730911842789	364730946683153	364730912210393
364730928465237	364730963343413	364730928846070
364730945178414	364730980004299	364730945546799
364730961843206	364730996663466	364730962253258
364731001416695	364731029980236	364731001794508
364731001709820	364731046639559	364731001799351
364731018297633	364731063298153	364731018786643
364731034929508	364731079954768	364731035316226
364731051639039	364731096611174	364731052074820
364731068307893	364731113269299	364731068683049
364731084967633	364731129927841	364731085392945
364731101603101	364731146588101	364731102021487
364731118300289	364731163247216	364731118674768
364731134971695	364731179906278	364731135390549
364731151640445	364731196565445	364731152024768
364731186832945	364731213225601	364731187340914
364731187104195	364731229884246	364731187353258
364731203697008	364731246544715	364731204121174
364731220325601	364731263204871	364731220710133
364731237028258	364731279862476	364731237408205
364731253666695	364731296519507	364731254067164
364731270376226	364731313174507	364731270754508
364731287050393	364731329832684	364731287423830
364731303708883	364731346491903	364731304144820
364731320383258	364731363150288	364731320779299
364731337049299	364731379807111	364731337432789
364731374936851	364731396463622	364731375362633
364731375097320	364731413119507	364731375367633
364731391759976	364731429777476	364731392305601
364731408453362	364731446435809	364731408836226
364731425130237	364731463095028	364731425507789
364731441834507	364731479755913	364731442209039
364731458485445	364731496417268	364731458898987
364731475160914	364731513076851	364731475542476
364731491827424	364731529737684	364731492211539
364731508498414	364731546398518	364731508870757
364731525209455	364731563060080	364731525576643
364731562283987	364731579722424	364731562564924
364731562458674	364731596384611	364731562574195
364731579281851	364731613045444	364731579994143
364731595860393	364731629707163	364731596240601
364731612523257	364731646366851	364731612906018
364731629234195	364731663027215	364731629602632
364731645877007	364731679687007	364731646243570
364731662565914	364731696346382	364731662929299
364731679206539	364731713004820	364731679578570
364731695881851	364731729662840	364731696255237
364731712555080	364731746320132	364731712922789
364731752374924	364731779640027	364731752750914
364731754774976	364731796299143	364731755193414
364731769366643	364731812955757	364731769879976
364731785952632	364731829612423	364731786322007
364731802612164	364731846270757	364731802985289
364731819302476	364731862930341	364731819678101
364731835946382	364731879588205	364731836338414
364731852648882	9223372036854775807	364731853024976

POLL t=235.6 tick=2768
16666666
364740459891848	364740493541847	364740460381067
364740476568098	364740510205129	364740477017473
364740493219192	364740526866431	364740493717577
364740509894192	364740543527264	364740510320910
364740526574817	364740560189087	364740527006223
364740543231639	364740576852524	364740543646535
364740559947317	364740593515284	364740560336067
364740595156535	364740626837576	364740595684660
364740595336066	364740643499712	364740595800129
364740612644348	364740660161535	364740613518723
364740629041223	364740676822993	364740629972160
364740646008723	364740693483722	364740646844973
364740662623983	364740710145754	364740663428983
364740679301691	364740726807576	364740680128983
364740696028254	364740743470910	364740696742160
364740712706223	364740760135232	364740713494816
364740729361066	364740776800128	364740730146171
364740745895285	364740793463201	364740746752473
364740778150754	364740810125858	364740778422629
364740779194348	364740826788462	364740780129139
364740795679191	364740843450545	364740796507629
364740812231691	364740860114452	364740813095441
364740829280129	364740876777368	364740830113566
364740845857941	364740893440337	364740846687577
364740862571014	364740910103879	364740863409191
364740879215441	364740926768410	364740880074921
364740895948879	364740943430077	364740896695441
364740912573671	364740960092733	364740913407421
364740929184973	364740976754087	364740929996848
364740962610129	364740993416691	364740962979973
364740963127629	364741010079035	364740964101223
364740979489452	364741026740701	364740979952785
364740996227421	364741043402681	364740996446691
364741012845077	364741060063461	364741013448254
364741029525702	364741076721743	364741030056535
364741046179973	364741093384504	364741046650441
364741062848410	364741110046899	364741063294348
364741079514504	364741126711431	364741080036639
364741096156691	364741143376170	364741096620754
364741112850129	364741160039086	364741113348983
364741146091379	364741176703462	364741147093410
364741146502160	364741193365649	364741147177889
364741162944973	364741210028670	364741163619816
364741179580233	364741226690024	364741179796952
364741196262785	364741243353358	364741196534973
364741212971379	364741260015441	364741213282941
364741229633045	364741276674399	364741229964973
364741246299660	364741293334139	364741246761483
364741262968722	364741309994816	364741263279347
364741279636066	364741326656274	364741279920389
364741296301691	364741343314816	364741296515910
364741333042108	364741359975076	364741333517160
364741333218983	364741376638930	364741333526691
364741349901952	364741393301378	364741350367316
364741366539660	364741409962628	364741366973254
364741383241639	364741426625024	364741383633983
364741399918722	364741443287785	364741400287941
364741416543410	364741459951170	364741416921066
364741433242733	364741476610753	364741433622316
364741449909191	364741493271743	364741450288097
364741466574608	364741509933931	364741466948410
364741483200285	364741526596899	364741483592004
364741519202316	364741543260337	364741519573983
364741519364191	364741559921431	364741519613097
364741536121691	364741576583357	364741536510754
364741552669660	364741593247524	364741553051483
364741569361066	364741609911065	364741569772889
364741586071170	364741626575961	364741586444764
364741602742941	364741643239139	364741603110441
364741619402316	364741659903409	364741619777160
364741636077316	364741676567784	364741636491847
364741652752785	364741693229816	364741653138566
364741669374035	364741709893201	364741669758410
364741704739972	364741726556586	364741705087420
364741704953566	364741743221222	364741705098879
364741721629347	364741759882993	364741722140129
364741738243097	364741776543097	364741738631014
364741754955441	364741793205492	364741755330285
364741771633410	364741809871378	364741772031535
364741788286066	364741826536118	364741788668722
364741804952889	364741843198669	364741805324816
364741821658514	364741859862263	364741821988670
364741838282785	364741876526326	364741838646639
364741854954816	364741893189138	364741855313983
364741889757472	364741909849191	364741890295858
364741889948254	364741926512107	364741890304764
364741906628097	364741943176534	364741907014451
364741923271170	364741959839399	364741923660389
364741939968566	364741976504347	364741940342472
364741956647889	364741993171638	364741957020910
364741973310545	364742009835076	364741973691483
364741989971847	364742026496586	364741990351170
364742006646170	364742043160701	364742007059191
364742023312785	364742059825545	364742023687576
364742039967785	364742076489607	364742040347628
364742074868253	364742093154503	364742075163566
364742075107785	364742109818930	364742075174660
364742091733878	364742126485545	364742092246326
364742108349347	364742143150857	364742108759816
364742125123097	364742159815285	364742125487889
364742141778878	364742176478826	364742142142108
364742158456326	364742193143618	364742158817316
364742175124816	364742209808461	364742175485441
364742191767628	364742226474138	364742192144920
364742208466222	364742243138410	364742208834035
364742225126691	364742259803514	364742225489295
364742262849920	364742293130545	364742263253045
364742265245858	364742309793930	364742265757472
364742279826847	364742326460649	364742280767420
364742296415285	364742343125023	364742296817733
364742313174191	364742359789919	364742313348201
364742329863982	364742376458252	364742330049451
364742346483878	364742393125023	364742346760597
364742363142941	364742409788461	364742363389139
364742379809503	364742426452524	364742380109712
364742396504295	364742443119034	364742396714816
364742413151014	364742459783618	364742413368566
364742454656378	364742476449035	364742455168566
364742454861847	364742493114868	364742455175128
364742471706222	364742509779711	364742472211847
364742488237785	364742526444920	364742488622472
364742504912420	364742543111326	364742505291691
364742521608566	364742559778201	364742521973566
364742538301170	364742576443566	364742538665545
364742554938357	364742593109607	364742555300597
364742571619816	364742609777003	364742571970701
364742588358826	9223372036854775807	364742588660701

POLL t=246.3 tick=2868
16666666
364751013397260	364751059368822	364751013774448
364751030060073	364751076032312	364751030438823
364751071598719	364751092695437	364751072159500
364751071772156	364751109362052	364751072166062
364751088467937	364751126029500	364751088869187
364751105088510	364751142697469	364751105469812
364751121782885	364751159364135	364751122173250
364751138476635	364751176031062	364751138846687
364751155144812	364751192697416	364751155511844
364751171809344	364751209361999	364751172176479
364751188475437	364751226027312	364751188844448
364751205132937	364751242688093	364751205504500
364751221800906	364751259351478	364751222213875
364751263102781	364751292679239	364751263425281
364751263262469	364751309344500	364751263430281
364751279944031	364751326008249	364751280357625
364751296565906	364751342670281	364751296961531
364751313255385	364751359334187	364751313639031
364751329918094	364751375998509	364751330316375
364751346625229	364751392664031	364751347011531
364751363307000	364751409328666	364751363684187
364751379972312	364751425992625	364751380356844
364751396609917	364751442657364	364751396997312
364751413270385	364751459322155	364751413650281
364751454478094	364751475988979	364751454942104
364751454639969	364751492657832	364751454982417
364751471347312	364751509324187	364751471785073
364751487980906	364751525990593	364751488397000
364751504662000	364751542656061	364751504881479
364751521354812	364751559322468	364751521763354
364751538017729	364751575988250	364751538388719
364751554684291	364751592655385	364751555047885
364751571349916	364751609324968	364751571717781
364751588029969	364751625992208	364751588394031
364751604663719	364751642655332	364751604881375
364751645619187	364751675991583	364751645914500
364751645860385	364751692659500	364751645926948
364751662510281	364751709327155	364751662999969
364751679118719	364751725996478	364751679495698
364751695787937	364751742667207	364751696174969
364751712494812	364751759336790	364751712722156
364751729168979	364751776007311	364751729347468
364751745787729	364751792677312	364751746003354
364751762461323	364751809347832	364751762675906
364751779117000	364751826016114	364751779331218
364751795785281	364751842685020	364751796039500
364751840534500	364751859352781	364751841159031
364751840825906	364751876017363	364751841166375
364751857471687	364751892684760	364751857980593
364751874075750	364751909352364	364751874453250
364751890777468	364751926019030	364751891154187
364751907463198	364751942683197	364751907878979
364751924147625	364751959346530	364751924520698
364751940803718	364751976011218	364751941173718
364751957471687	364751992674291	364751957848562
364751974144604	364752009337989	364751974519031
364751990801062	364752026003666	364751991206218
364752035553875	364752059335228	364752035979500
364752035922573	364752076001218	364752036139343
364752052434343	364752092668561	364752052822000
364752069099812	364752109335541	364752069478510
364752085795698	364752126002311	364752086176218
364752102453875	364752142671426	364752102829656
364752119147312	364752159339812	364752119525385
364752135794031	364752176005853	364752136161375
364752152461687	364752192669551	364752152832416
364752169123562	364752209331947	364752169553562
364752221893718	364752242666270	364752222187937
364752222060385	364752259333614	364752222197104
364752238783093	364752275999499	364752239296218
364752255392000	364752292663041	364752255773979
364752272098510	364752309328562	364752272473354
364752288776531	364752325995176	364752289147156
364752305415697	364752342664916	364752305652312
364752322103250	364752359331270	364752322475385
364752338780697	364752375999863	364752339192156
364752355446479	364752392665541	364752355819656
364752372122781	364752409334082	364752372489500
364752411120281	364752442669499	364752411490906
364752411285072	364752459339134	364752411502468
364752428705906	364752476006009	364752429482937
364752444639968	364752492676166	364752445559447
364752461322781	364752509348822	364752462269135
364752478498874	364752526022884	364752479338718
364752495128249	364752542692051	364752495983562
364752511796947	364752559361478	364752512563562
364752528480281	364752576028249	364752529302468
364752545064343	364752592697103	364752545938874
364752561765906	364752609367051	364752562556999
364752605181791	364752626037624	364752605820749
364752605501635	364752642708405	364752605825593
364752622126010	364752659378822	364752622663041
364752638739291	364752676047884	364752639224760
364752655412104	364752692716322	364752655828718
364752672159187	364752709384291	364752672513874
364752688799968	364752726053041	364752689179499
364752705476531	364752742723666	364752705844812
364752722141843	364752759394447	364752722510124
364752738799343	364752776065332	364752739163979
364752791751322	364752809398510	364752792133406
364752791943093	364752826066582	364752792153979
364752808651999	364752842737208	364752809183562
364752825314187	364752859406947	364752825697781
364752842033718	364752876074187	364752842395853
364752858694968	364752892741686	364752859069656
364752875360228	364752909409187	364752875726843
364752892160228	364752926074239	364752892395281
364752908673406	364752942738457	364752909047260
364752925342572	364752959401999	364752925715385
364752978604499	364753009397728	364752979041635
364752978927156	364753026062780	364752979081687
364752995500906	364753042726790	364752996191218
364753012177937	364753059390488	364753012479656
364753028849760	364753076054551	364753029289135
364753045517416	364753092719811	364753046161635
364753062181322	364753109387520	364753062743562
364753078979499	364753126053248	364753079719968
364753095549812	364753142717415	364753096328510
364753112217260	364753159381426	364753112861843
364753128886010	364753176045644	364753129622468
364753165006635	364753192712051	364753165383197
364753165189812	364753209379655	364753165411218
364753181921062	364753226047363	364753182368718
364753198564812	364753242713718	364753198949812
364753215217103	364753259381165	364753215603718
364753231921062	364753276047311	364753232298978
364753248585853	9223372036854775807	364753248966218

POLL t=257.0 tick=2935
16666666
364761760459340	364761808766058	364761760703402
364761778088090	364761825430590	364761778993663
364761794089340	364761842095121	364761795004496
364761810779808	364761858760953	364761811704652
364761827775069	364761875428714	364761828549652
364761844474131	364761892093506	364761845279965
364761861113871	364761908757464	364761861961788
364761877721215	364761925422881	364761878584131
364761894386058	364761942085746	364761895244913
364761911242308	364761958751162	364761912052881
364761957033090	364761975416683	364761957561527
364761957393246	364761992080694	364761957571319
364761973955850	364762008746683	364761974340433
364761990625590	364762025407828	364761991009756
364762007316683	364762042069964	364762007687412
364762023940121	364762058733766	364762024322152
364762040647881	364762075395485	364762041021944
364762057316215	364762092056266	364762057686319
364762073980902	364762108720537	364762074362933
364762090647569	364762125382673	364762091018194
364762143592725	364762175379391	364762143867308
364762143891058	364762192046058	364762144039808
364762161389444	364762208716631	364762162227152
364762177435225	364762225385746	364762178359183
364762194210590	364762242052047	364762195121527
364762211107464	364762258719912	364762211988975
364762227732464	364762275386006	364762228530433
364762244462308	364762292050381	364762245328714
364762261251839	364762308714964	364762261987725
364762277827881	364762325378974	364762278623714
364762294405381	364762342043662	364762295246006
364762334901839	364762358707568	364762335330589
364762335060902	364762375373870	364762335339027
364762351751787	364762392041578	364762352186839
364762368364652	364762408708141	364762368801058
364762385067464	364762425373974	364762385493402
364762401723819	364762442040693	364762402150069
364762418428975	364762458709964	364762418845589
364762435106839	364762475380328	364762435468871
364762451763871	364762492049287	364762452179808
364762468431683	364762508717099	364762468807464
364762485098714	364762525387256	364762485470381
364762526055746	364762542057776	364762526443819
364762526211214	364762558726891	364762526461839
364762542924808	364762575395068	364762543363871
364762559549808	364762592063505	364762559932464
364762576242777	364762608729339	364762576620746
364762592924964	364762625395172	364762593301371
364762609594756	364762642062464	364762609970277
364762626253558	364762658727829	364762626628037
364762642894964	364762675394599	364762643272100
364762659541527	364762692061578	364762659945746
364762676202933	364762708727203	364762676617100
364762719017308	364762742060380	364762719349964
364762719166943	364762758725849	364762719357621
364762735832308	364762775390433	364762736300381
364762752474964	364762792055172	364762752854339
364762769153089	364762808722464	364762769541214
364762785826058	364762825388193	364762786206527
364762802495589	364762842052985	364762802914131
364762819155225	364762858719964	364762819540225
364762835831683	364762875384703	364762836264496
364762852552621	364762892049234	364762852923714
364762869217464	364762908713401	364762869592464
364762909725433	364762942043141	364762910007620
364762909889287	364762958708141	364762910036527
364762927734808	364762975372360	364762928591527
364762944077308	364762992038036	364762945008870
364762961049808	364763008704912	364762961925902
364762977789652	364763025369599	364762978602725
364762994629443	364763042033245	364762995343350
364763011192777	364763058696630	364763012052620
364763027842152	364763075359235	364763028585589
364763044427881	364763092025641	364763045255068
364763061305589	364763108691526	364763062109912
364763096314027	364763125358557	364763096814808
364763096507464	364763142024912	364763096820693
364763113195693	364763158693505	364763113636370
364763129815745	364763175359703	364763130199652
364763146531683	364763192029443	364763146904027
364763163195120	364763208701161	364763163585589
364763179862933	364763225371682	364763180253975
364763196527568	364763242040849	364763196943193
364763213194964	364763258708818	364763213596370
364763229866370	364763275374547	364763230247933
364763246490120	364763292038036	364763246871527
364763285987308	364763308704547	364763286731943
364763286302777	364763325371214	364763286739027
364763302904652	364763342036891	364763303291683
364763319559287	364763358701109	364763319943558
364763336233714	364763375367099	364763336609131
364763352929183	364763392034391	364763353300277
364763369593974	364763408698609	364763369970589
364763386470277	364763425364547	364763386852568
364763402959443	364763442027828	364763403328245
364763419623974	364763458693297	364763419991631
364763474106527	364763492027932	364763474562568
364763474601995	364763508696214	364763474795433
364763491098349	364763525363558	364763491482777
364763507758089	364763542033244	364763508147152
364763524451995	364763558699912	364763524827881
364763541136995	364763575369339	364763541509495
364763557806474	364763592038037	364763558165589
364763574470120	364763608705901	364763574843401
364763591098089	364763625372984	364763591515589
364763607813245	364763642038349	364763608180224
364763624473245	364763658702515	364763624845537
364763660603089	364763692037828	364763660896474
364763660831006	364763708705016	364763660906474
364763678623037	364763725372568	364763679503193
364763694324651	364763742037307	364763695197724
364763711153714	364763758701787	364763711988401
364763727988089	364763775367255	364763728681318
364763744872776	364763792032151	364763745644495
364763761506370	364763808696214	364763762256474
364763778150745	364763825358453	364763778925745
364763794858037	364763842022724	364763795618714
364763811436058	364763858687203	364763812206006
364763855016370	364763875353765	364763855456683
364763855279495	364763892022151	364763855462256
364763872141839	364763908688401	364763872513870
364763888620068	364763925354391	364763888985120
364763905307568	364763942020796	364763905676370
364763921964131	364763958683766	364763922338558
364763938661526	364763975350171	364763939016214
364763955330433	364763992016630	364763955689599
364763972034026	9223372036854775807	364763972373974

POLL t=267.7 tick=3001
16666666
364772462895898	364772509045898	364772463271679
364772479594179	364772525712668	364772479965117
364772496273971	364772542379648	364772496652721
364772512940117	364772559046367	364772513314023
364772529623242	364772575713866	364772529994336
364772546272148	364772592380689	364772546653242
364772562940429	364772609047564	364772563324023
364772579615221	364772625716627	364772579991002
364772619270846	364772642382096	364772619822929
364772619458086	364772659051626	364772619828086
364772636161679	364772675721158	364772636666211
364772652775377	364772692389231	364772653162408
364772669451836	364772709058606	364772669843554
364772686129648	364772725726001	364772686528815
364772702799492	364772742392199	364772703191158
364772719461210	364772759060585	364772719847929
364772736164960	364772775729543	364772736578554
364772752809648	364772792395533	364772753236210
364772769487565	364772809062720	364772769866210
364772809863033	364772842398866	364772810465585
364772810216367	364772859067199	364772810481054
364772828107617	364772875737773	364772829043815
364772844387460	364772892408345	364772845326054
364772861407929	364772909076470	364772862257877
364772878036158	364772925744543	364772878894492
364772894757096	364772942411939	364772895603815
364772911429127	364772959079543	364772912239179
364772928200065	364772975748502	364772929016471
364772944823971	364772992415168	364772945616835
364772991666210	364773009084387	364772991952460
364772993715898	364773025752876	364772994251210
364773008528554	364773042416939	364773008905221
364773025167773	364773059080220	364773025560065
364773041838710	364773075742929	364773042256523
364773058495429	364773092407720	364773058880585
364773075162304	364773109071314	364773075564648
364773091911002	364773125736627	364773092262252
364773108583554	364773142403866	364773108948867
364773125249804	364773159069752	364773125649335
364773141883033	364773175735272	364773142258085
364773180288502	364773209068918	364773180746783
364773180617773	364773225733449	364773180768033
364773197199648	364773242397668	364773197639648
364773213825429	364773259061678	364773214278033
364773230490273	364773275727772	364773230876158
364773247182304	364773292394804	364773247561054
364773263833033	364773309059074	364773264214335
364773280514648	364773325725064	364773280886054
364773297169335	364773342392720	364773297566523
364773313831367	364773359060480	364773314217148
364773371808085	364773392394075	364773372194960
364773372029335	364773409059543	364773372202304
364773388696783	364773425725429	364773389139439
364773405324596	364773442390064	364773405701939
364773422024283	364773459055533	364773422395221
364773438698814	364773475720532	364773439069960
364773455370898	364773492382980	364773455738658
364773472073085	364773509046783	364773472412564
364773488702460	364773525711002	364773489073866
364773505372721	364773542375272	364773505741054
364773558893085	364773575703345	364773559288658
364773559303346	364773592367929	364773559432460
364773575958814	364773609034439	364773576490116
364773592461314	364773625699751	364773592823866
364773609161523	364773642365585	364773609528814
364773625838710	364773659032303	364773626203502
364773642527929	364773675700220	364773642910221
364773659183554	364773692368033	364773659537616
364773675897148	364773709037043	364773676231158
364773692525221	364773725702824	364773692872304
364773742756366	364773759033397	364773743121210
364773744453189	364773775697928	364773744935846
364773759705898	364773792363866	364773760257460
364773776230585	364773809029335	364773776629491
364773792927616	364773825694439	364773793301991
364773809615585	364773842359387	364773809972773
364773826247773	364773859026939	364773826634804
364773842911470	364773875692512	364773843296991
364773859573710	364773892360272	364773859966523
364773876253345	364773909026626	364773876640377
364773892965064	364773925690168	364773893358710
364773932027929	364773959017616	364773932354179
364773932351679	364773975681522	364773932529595
364773948957720	364773992344179	364773949396523
364773965577148	364774009009387	364773966021523
364773982293241	364774025671782	364773982801054
364773998969960	364774042336678	364773999539648
364774015627772	364774059002043	364774016052408
364774032293554	364774075668397	364774032671470
364774048972460	364774092335532	364774049370741
364774065633554	364774109001053	364774066008658
364774082294804	364774125667512	364774082664960
364774128702304	364774158998657	364774129084908
364774128906002	364774175664178	364774129112408
364774145592147	364774192329178	364774145821366
364774162201522	364774208992460	364774162603345
364774178863397	364774225659699	364774179249804
364774195546679	364774242325949	364774195761210
364774212211002	364774258989699	364774212432095
364774228974960	364774275654179	364774229170116
364774245634022	364774292321783	364774245855585
364774262314022	364774308988605	364774262518554
364774278966522	364774325656105	364774279170585
364774313286158	364774342321783	364774313662772
364774315192147	364774358985637	364774315525741
364774330161835	364774375651991	364774330585585
364774346835897	364774392318293	364774347222929
364774363531679	364774408982199	364774363903554
364774380241158	364774425647511	364774380626835
364774396883866	364774442312668	364774397253189
364774413540741	364774458977512	364774413907772
364774430236627	364774475642095	364774430631679
364774446878866	364774492304230	364774447246054
364774463520533	364774508965584	364774463888397
364774502881783	364774525630584	364774503390897
364774503100064	364774542297303	364774503397147
364774519863241	364774558962094	364774520258710
364774536475116	364774575629647	364774536852251
364774553155272	364774592294178	364774553536835
364774569858501	364774608957199	364774570218710
364774586479491	364774625621210	364774586848866
364774603155429	364774642286158	364774603521158
364774619864960	364774658950272	364774620235585
364774636501366	364774675614542	364774636871522
364774653188866	364774692279074	364774653576835
364774686066210	364774708945480	364774686379960
364774686687616	9223372036854775807	364774687082147

POLL t=278.7 tick=3068
16666666
364783442048498	364783475897820	364783442461831
364783458679644	364783492564175	364783459060581
364783475336988	364783509228445	364783475716831
364783492022561	364783525892612	364783492405217
364783508680842	364783542555685	364783509081311
364783525340425	364783559222144	364783525762300
364783567620373	364783592553237	364783567917769
364783567870581	364783609217092	364783567918550
364783584481050	364783625880425	364783584863654
364783601110738	364783642545841	364783601493238
364783617799800	364783659211414	364783618218706
364783634482456	364783675875581	364783634866154
364783651148029	364783692540477	364783651531831
364783667815269	364783709204592	364783668240581
364783684497456	364783725868810	364783684875425
364783701157300	364783742538342	364783701531050
364783717834592	364783759207092	364783718208550
364783760188863	364783792547091	364783760927613
364783760523706	364783809215112	364783760934331
364783778179800	364783825883549	364783779070581
364783794484488	364783842549070	364783795529800
364783811426988	364783859214487	364783812337092
364783828256206	364783875882403	364783829109488
364783845053967	364783892550372	364783845908654
364783861679800	364783909218862	364783862441206
364783878274956	364783925886414	364783879089956
364783894960425	364783942552247	364783895811987
364783911464175	364783959216779	364783912309644
364783957265737	364783975881466	364783958011831
364783957559123	364783992548028	364783958020269
364783974154644	364784009215008	364783974535060
364783990840581	364784025884331	364783991257248
364784007535373	364784042552351	364784007907300
364784024198550	364784059218550	364784024569123
364784040865581	364784075884903	364784041234487
364784057525217	364784092553393	364784057941206
364784074198810	364784109222403	364784074568342
364784090869019	364784125889070	364784091279644
364784140138550	364784159219591	364784140470581
364784140494748	364784175885685	364784140575269
364784157041519	364784192552091	364784157584644
364784173673029	364784209218862	364784174061623
364784190396935	364784225884799	364784190766779
364784207062769	364784242553550	364784207433550
364784223849487	364784259222664	364784224113498
364784240385269	364784275892611	364784240759435
364784257063237	364784292558966	364784257433967
364784273695737	364784309226102	364784274080581
364784290362300	364784325891622	364784290750685
364784325688498	364784342557508	364784326123810
364784325870112	364784359224019	364784326169487
364784342580581	364784375890164	364784343098654
364784359190425	364784392556622	364784359635529
364784375858237	364784409222768	364784376261987
364784392552144	364784425890581	364784392919956
364784409203081	364784442555737	364784409600269
364784425871987	364784459222091	364784426244435
364784442567091	364784475885997	364784442939435
364784459249644	364784492549591	364784459625269
364784475864644	364784509213653	364784476285216
364784512269123	364784542541465	364784512654279
364784512473185	364784559203966	364784512706206
364784529156154	364784575870580	364784529433237
364784545777456	364784592535528	364784546161310
364784562465737	364784609198132	364784562841310
364784579161987	364784625861518	364784579364591
364784595828498	364784642525841	364784596134279
364784612495529	364784659192351	364784612697404
364784629152873	364784675858132	364784629360268
364784645788029	364784692527403	364784646003185
364784662447925	364784709193237	364784662679956
364784699745216	364784725859747	364784700153862
364784700041675	364784742524799	364784700169800
364784716649331	364784759194070	364784717187768
364784733277404	364784775862247	364784733656362
364784750002456	364784792528757	364784750369123
364784766687560	364784809194331	364784767051154
364784783345425	364784825857455	364784783716675
364784800051154	364784842520997	364784800384800
364784816677456	364784859186882	364784817051206
364784833352456	364784875855060	364784833723393
364784850010737	364784892523966	364784850380581
364784889968498	364784909190476	364784890255529
364784890134175	364784925858080	364784890268081
364784906833081	364784942523966	364784907297716
364784923445893	364784959189330	364784923832404
364784940137560	364784975855737	364784940519331
364784956789591	364784992522559	364784957174956
364784973452716	364785009189903	364784973842456
364784990124800	364785025858340	364784990508654
364785006808966	364785042524539	364785007190268
364785023474591	364785059191362	364785023863862
364785040181310	364785075859851	364785040560112
364785079851935	364785109191518	364785080195737
364785080177456	364785125859747	364785080339643
364785096750268	364785142527508	364785097189956
364785113354018	364785159191778	364785113785216
364785130067404	364785175856778	364785130442404
364785146734956	364785192522820	364785147115529
364785163396206	364785209187299	364785163765581
364785180097299	364785225850997	364785180471987
364785196759747	364785242518080	364785197165424
364785213423862	364785259186622	364785213806206
364785230106674	364785275855632	364785230477143
364785269041935	364785292521101	364785269528706
364785269222404	364785309186674	364785269533237
364785285953549	364785325851518	364785286374956
364785302600737	364785342515112	364785302986049
364785319312091	364785359177612	364785319678237
364785335994591	364785375840215	364785336374487
364785352823706	364785392504643	364785353193237
364785369414174	364785409165788	364785369770893
364785386074331	364785425826466	364785386446987
364785402741779	364785442486466	364785403116049
364785419402247	364785459149956	364785419769435
364785467884487	364785492473497	364785468412456
364785468129487	364785509135215	364785468416831
364785484837456	364785525799122	364785485283497
364785501461206	364785542464747	364785501851049
364785518133862	364785559129070	364785518559643
364785534826362	364785575790007	364785535215112
364785551510112	364785592451726	364785551876518
364785568257404	364785609114278	364785568620581
364785584858081	364785625776205	364785585233653
364785601496935	364785642441153	364785601872768
364785618145685	364785659106830	364785618577456
364785659096310	9223372036854775807	364785659579174

POLL t=289.4 tick=3136
16666666
364794183059171	364794224975473	364794183433702
364794199716827	364794241639275	364794200101202
364794216389171	364794258304431	364794216769015
364794233057452	364794274969640	364794233427609
364794249723859	364794291633493	364794250103546
364794266393338	364794308300160	364794266810838
364794283054640	364794324966722	364794283421984
364794320187140	364794341633389	364794320716775
364794320398859	364794358299743	364794320767609
364794337071775	364794374965785	364794337448390
364794353698963	364794391630993	364794354077088
364794370396671	364794408297347	364794370728546
364794387095265	364794424961462	364794387506931
364794403729171	364794441626202	364794404102140
364794420425369	364794458292243	364794420791983
364794437087400	364794474960317	364794437467400
364794453760733	364794491628494	364794454134171
364794470418546	364794508294066	364794470791046
364794506080577	364794524961567	364794506452608
364794506346931	364794541628181	364794506458077
364794523014952	364794558294535	364794523528650
364794539609900	364794574963441	364794540137765
364794556242452	364794591628441	364794556623806
364794572940577	364794608295316	364794573315525
364794589615577	364794624963805	364794589995890
364794606270525	364794641633129	364794606658494
364794622934952	364794658299587	364794623321358
364794639593181	364794674963285	364794640041046
364794656256983	364794691625889	364794656674483
364794693037556	364794724958650	364794693468546
364794695416671	364794741625003	364794695946671
364794711124744	364794758293024	364794712125681
364794726982140	364794774962504	364794727926983
364794744102765	364794791632920	364794744946827
364794760736202	364794808304067	364794761587921
364794777362921	364794824972348	364794778115421
364794794050890	364794841641045	364794794898390
364794810787140	364794858310577	364794811599327
364794827421202	364794874981253	364794828271619
364794844067400	364794891651774	364794844896931
364794882368806	364794908319014	364794882992296
364794882739171	364794924985941	364794882996983
364794899240265	364794941650108	364794899646046
364794915891515	364794958317712	364794916244327
364794932577712	364794974985317	364794932955681
364794949233077	364794991654483	364794949596306
364794965909327	364795008324379	364794966267140
364794982575889	364795024993858	364794982961358
364794999243546	364795041663076	364794999608233
364795015913546	364795058329847	364795016263650
364795032577139	364795074996462	364795032969327
364795069656462	364795091663233	364795070025837
364795069876671	364795108329847	364795070326983
364795086491514	364795124997243	364795086944483
364795103139744	364795141664066	364795103530577
364795119827608	364795158332400	364795120210733
364795136537452	364795174997399	364795136902608
364795153204171	364795191660681	364795153575056
364795169869952	364795208325472	364795170189171
364795186538233	364795224987295	364795186908546
364795203205994	364795241651202	364795203571358
364795219846514	364795258316045	364795220221827
364795258103389	364795274980264	364795258506514
364795258274796	364795291644796	364795258518858
364795274963389	364795308309014	364795275440421
364795291588962	364795324976358	364795291960108
364795308312764	364795341642764	364795308674327
364795324979014	364795358308284	364795325340108
364795341601046	364795374977451	364795341986671
364795358308858	364795391646306	364795358682296
364795375276358	364795408313858	364795375653077
364795391628494	364795424983597	364795392047296
364795408315421	364795441650941	364795408680733
364795442766775	364795474988337	364795443611514
364795443037243	364795491657504	364795443617296
364795460659014	364795508325784	364795461583546
364795477182452	364795524994587	364795478029171
364795493964483	364795541660472	364795494856462
364795510594639	364795558328545	364795511501046
364795527287921	364795574994118	364795528135577
364795544218389	364795591661826	364795545036150
364795560748858	364795608329535	364795561605108
364795577477608	364795624996670	364795578266046
364795594121358	364795641663441	364795594965577
364795630397139	364795658331461	364795630952243
364795630610264	364795675000472	364795630962400
364795647244795	364795691667399	364795647815056
364795663896514	364795708333389	364795664279795
364795680604014	364795725001670	364795680981514
364795697287452	364795741670003	364795697658650
364795713950420	364795758337764	364795714365420
364795730609431	364795775006306	364795731040889
364795747286931	364795791675056	364795747664431
364795763929275	364795808344743	364795764310837
364795780620056	364795825015159	364795780994795
364795817125733	364795841683701	364795817635420
364795817316202	364795858353128	364795817664639
364795834008077	364795875021930	364795834513389
364795850602452	364795891692035	364795850990993
364795867300108	364795908364118	364795867679014
364795883965889	364795925036254	364795884339952
364795900666775	364795941710733	364795901043962
364795917316514	364795958384430	364795917716358
364795934043337	364795975056775	364795934425525
364795950723025	364795991728077	364795951088233
364795967381618	364796008399952	364795967800733
364796005634431	364796025072399	364796006147295
364796005874014	364796041745889	364796006153389
364796022645212	364796058417139	364796023203025
364796039240108	364796075088440	364796039617608
364796055932295	364796091760472	364796056296827
364796072557139	364796108431878	364796072938233
364796089269014	364796125100993	364796089637139
364796105944795	364796141770212	364796106312243
364796122603545	364796158440003	364796122982608
364796139273962	364796175109899	364796139634483
364796155923389	364796191778857	364796156289952
364796197281827	364796225120107	364796197720108
364796197613649	364796241789899	364796197723858
364796214199170	364796258459638	364796214612608
364796230852868	364796275132086	364796231236462
364796247512295	364796291803805	364796247888233
364796264248493	364796308473545	364796264629170
364796280917139	364796325142503	364796281283493
364796297579951	364796341812867	364796297940889
364796314246774	364796358481930	364796314632087
364796330906670	9223372036854775807	364796331274170

POLL t=300.1 tick=3204
16666666
364804871450990	364804906872344	364804871821042
364804888120104	364804923534687	364804888495104
364804904749948	364804940199583	364804905128334
364804921404271	364804956866146	364804921823073
364804938119323	364804973531979	364804938492865
364804954788854	364804990196562	364804955179167
364804971444948	364805006862656	364804971819271
364805007562604	364805023528906	364805007846927
364805007766667	364805040193801	364805007856667
364805024477917	364805056858906	364805024865834
364805041094479	364805073522865	364805041492604
364805057834948	364805090187188	364805058175990
364805074481823	364805106850989	364805074857604
364805091140573	364805123514010	364805091526302
364805107790052	364805140174687	364805108173854
364805124478854	364805156840104	364805124854948
364805141143490	364805173505572	364805141520886
364805157783698	364805190169062	364805158160729
364805195749271	364805223493438	364805196133854
364805195912136	364805240157708	364805196140417
364805212587917	364805256819687	364805213133802
364805229222448	364805273481510	364805229664323
364805245895573	364805290144011	364805246289479
364805262584740	364805306805937	364805263054792
364805279241042	364805323467448	364805279668177
364805295906823	364805340127760	364805296288073
364805312570417	364805356788541	364805312964427
364805329234323	364805373447240	364805329625573
364805345895677	364805390105886	364805346322865
364805382683542	364805406764792	364805383209167
364805382846458	364805423424011	364805383217708
364805399502761	364805440083386	364805399991979
364805416145729	364805456740677	364805416541511
364805432845729	364805473395781	364805433234271
364805449496354	364805490054791	364805449881979
364805466219479	364805506716874	364805466592917
364805482879479	364805523381353	364805483264323
364805499525260	364805540047187	364805499901979
364805516231146	364805556709844	364805516619792
364805532896198	364805573370625	364805533308854
364805572643385	364805590033594	364805573040521
364805572849323	364805606699010	364805573059583
364805589539792	364805623360572	364805590057292
364805606166354	364805640019583	364805606561354
364805622869948	364805656679531	364805623283021
364805639540365	364805673339583	364805639908229
364805656209635	364805689998853	364805656585885
364805672874635	364805706659999	364805673243542
364805689531823	364805723320416	364805689910417
364805706209115	364805739981250	364805706574115
364805722876198	364805756643333	364805723244167
364805757624792	364805789968333	364805757880573
364805757875885	364805806631979	364805757993021
364805775770990	364805823295155	364805776719792
364805791791302	364805839959010	364805792688073
364805808919740	364805856620416	364805809794167
364805825617760	364805873280468	364805826443542
364805842337448	364805889942708	364805843199948
364805859048385	364805906604270	364805859923229
364805875713958	364805923264739	364805876588385
364805892398385	364805939923437	364805893171146
364805908983229	364805956585520	364805909865573
364805943665885	364805973248802	364805944090417
364805978254948	364806006579218	364805978589739
364805978384635	364806023247187	364805978612760
364805995058333	364806039912656	364805995484792
364806011712135	364806056575416	364806012116823
364806028409479	364806073239687	364806028790885
364806045059583	364806089902708	364806045491458
364806061779739	364806106567187	364806062160417
364806078412448	364806123232656	364806078800885
364806095124635	364806139901041	364806095498646
364806132846146	364806156566979	364806133650573
364806133147760	364806173232551	364806133667448
364806149712396	364806189900625	364806150109010
364806166418541	364806206566301	364806166846041
364806183068229	364806223233801	364806183496302
364806199803021	364806239902291	364806200208229
364806216448073	364806256567552	364806216821510
364806233119323	364806273234270	364806233519166
364806249781041	364806289899687	364806250150260
364806266437135	364806306567239	364806266816510
364806318614791	364806339894478	364806318936041
364806318794166	364806356556562	364806318942239
364806335506666	364806373218749	364806335945729
364806352168385	364806389883750	364806352523541
364806368839791	364806406550468	364806369219791
364806385526823	364806423215363	364806385892291
364806402189010	364806439879114	364806402555521
364806418853854	364806456542812	364806419222552
364806435524635	364806473205728	364806435896979
364806452195677	364806489869999	364806452561510
364806468855885	364806506534010	364806469223802
364806512943541	364806539860000	364806513392291
364806513149583	364806556523020	364806513401614
364806529814323	364806573186250	364806530348541
364806546435729	364806589849166	364806546825729
364806563091198	364806606510624	364806563511302
364806579796198	364806623175312	364806580177916
364806596503541	364806639838333	364806596890833
364806613190260	364806656500051	364806613569635
364806629844791	364806673162551	364806630239427
364806646542552	364806689823385	364806646917239
364806663218073	364806706484375	364806663630260
364806702174739	364806723147395	364806702554114
364806702373229	364806739812343	364806702566927
364806719170416	364806756479218	364806719704114
364806735753385	364806773143749	364806736149114
364806752424166	364806789805676	364806752796614
364806769137552	364806806470572	364806769500677
364806785785052	364806823136145	364806786148020
364806802510416	364806839801249	364806802853385
364806819128645	364806856463749	364806819499583
364806835805677	364806873127291	364806836169010
364806852448958	364806889791510	364806852819947
364806891689739	364806923120936	364806892186770
364806891992135	364806939786406	364806892192135
364806909548229	364806956451457	364806910560416
364806925438177	364806973112447	364806926304114
364806942064010	364806989772811	364806942947135
364806959330885	364807006433124	364806960076979
364806975918072	364807023093697	364806976689895
364806992536770	364807039754374	364806993293333
364807009229791	364807056414322	364807009990104
364807025887395	364807073073333	364807026640729
364807042529479	364807089732031	364807043294166
364807077838229	9223372036854775807	364807078357395

POLL t=310.8 tick=3304
16666666
364815517079319	364815553948069	364815517448069
364815533743382	364815570610881	364815534117236
364815550423382	364815587274787	364815550795205
364815567086923	364815603936662	364815567498382
364815583706194	364815620599683	364815584090986
364815621939944	364815653922235	364815622314475
364815622123330	364815670584007	364815622374788
364815639993642	364815687245829	364815641029319
364815655992288	364815703907339	364815656935882
364815672959632	364815720571194	364815673838173
364815689635048	364815737235621	364815690515257
364815706315100	364815753900881	364815707170048
364815723221455	364815770564371	364815724234632
364815739696298	364815787228850	364815740549944
364815756356038	364815803892860	364815757206819
364815807633538	364815837216089	364815807938694
364815807870882	364815853878642	364815807950100
364815824513850	364815870540672	364815824905517
364815841148538	364815887202860	364815841534423
364815857841923	364815903863329	364815858227132
364815874540882	364815920522340	364815874914319
364815891200673	364815937182756	364815891578069
364815907889267	364815953843589	364815908238225
364815924533850	364815970505724	364815924910517
364815941181663	364815987165413	364815941573173
364815991179631	364816020493590	364815991558642
364815993172913	364816037159735	364815993622288
364816008106663	364816053826819	364816008630413
364816024682444	364816070489527	364816025063538
364816041406663	364816087153017	364816041780673
364816058059788	364816103818329	364816058434788
364816074733225	364816120484839	364816075106142
364816091401819	364816137150881	364816091773329
364816108085829	364816153816038	364816108457913
364816124727861	364816170480985	364816125102392
364816141391506	364816187145985	364816141764006
364816182645725	364816203809162	364816183261506
364816182848381	364816220473745	364816183272392
364816199513850	364816237138173	364816199924944
364816216147444	364816253802703	364816216542913
364816232828486	364816270463433	364816233208069
364816249487756	364816287122964	364816249913694
364816266151038	364816303783329	364816266543173
364816282823225	364816320444162	364816283205100
364816299493642	364816337105881	364816299931350
364816316164579	364816353768589	364816316586923
364816369171819	364816387095829	364816369626975
364816369408850	364816403761298	364816369648225
364816386136194	364816420425933	364816386487288
364816402740100	364816437091141	364816403107131
364816419410256	364816453754735	364816419795100
364816436128694	364816470416193	364816436498173
364816452726663	364816487074527	364816453111194
364816469442704	364816503732964	364816469813694
364816486069631	364816520394787	364816486473381
364816502777913	364816537058328	364816503187548
364816519444475	364816553720777	364816519814006
364816575797860	364816603711662	364816576123485
364816577722131	364816620375984	364816578164579
364816592697600	364816637039058	364816593075673
364816609325100	364816653699475	364816609752287
364816625982860	364816670359683	364816626364735
364816642699267	364816687023225	364816643075100
364816659375256	364816703686922	364816659750569
364816676070204	364816720346766	364816676405725
364816692703694	364816737008902	364816693077756
364816709360569	364816753672651	364816709752756
364816726033798	364816770336558	364816726404162
364816765668173	364816786999631	364816766112235
364816765872756	364816803662756	364816766117600
364816782556506	364816820325672	364816783031454
364816799179787	364816836989527	364816799555256
364816815880360	364816853652756	364816816251819
364816832572287	364816870313485	364816832936350
364816849231298	364816886974475	364816849604475
364816865856194	364816903639630	364816866236610
364816882559006	364816920301505	364816882926819
364816899231819	364816936965412	364816899606662
364816915897235	364816953629631	364816916300569
364816958004319	364816986950568	364816958289944
364816958179787	364817003613589	364816958301819
364816974868329	364817020274371	364816975310100
364816991481767	364817036933589	364816991871037
364817008147392	364817053593068	364817008549319
364817024829735	364817070251246	364817025220517
364817041547444	364817086909371	364817041924319
364817058208641	364817103567495	364817058582600
364817074876194	364817120228433	364817075253225
364817091542704	364817136891297	364817091923225
364817108208850	364817153554474	364817108594475
364817153630881	364817170218016	364817154017860
364817153914579	364817186879474	364817154124423
364817170570569	364817203542079	364817171014162
364817187172756	364817220203173	364817187557756
364817203864631	364817236864578	364817204234944
364817220534787	364817253526505	364817220917287
364817237188537	364817270188745	364817237579475
364817253868381	364817286851505	364817254263485
364817270517756	364817303514266	364817270902756
364817287198016	364817320175204	364817287595725
364817303866662	364817336837078	364817304247860
364817347205256	364817370164995	364817347564318
364817347441506	364817386828536	364817347571193
364817364125881	364817403493693	364817364536610
364817380768016	364817420160985	364817381155412
364817397474735	364817436826974	364817397851037
364817414147860	364817453492808	364817414526506
364817430809318	364817470156714	364817431181193
364817447497287	364817486825360	364817447907079
364817464197391	364817503492547	364817464565568
364817480834787	364817520160047	364817481222235
364817497493850	364817536827183	364817497910204
364817538194006	364817570161557	364817538581975
364817538441975	364817586827860	364817538590048
364817556303329	364817603492651	364817557136818
364817572570673	364817620159006	364817573424318
364817589633068	364817636825620	364817590397860
364817606341037	364817653490620	364817607079162
364817622929943	364817670155880	364817623617756
364817639641350	364817686822078	364817640387391
364817656312912	364817703488277	364817657040881
364817672970725	364817720156506	364817673748225
364817689603693	364817736822182	364817690396766
364817732578537	364817753488120	364817733096037
364817732803016	364817770154735	364817733101193
364817749504631	364817786820359	364817749899787
364817766194787	9223372036854775807	364817766569631

POLL t=321.5 tick=3370
16666666
364826331899784	364826368862961	364826332271294
364826348569732	364826385524783	364826348930096
364826386808794	364826418846814	364826387164940
364826387002700	364826435507648	364826387228378
364826404733169	364826452167595	364826405628013
364826421010565	364826468830408	364826421920565
364826438005044	364826485492231	364826438743846
364826454732909	364826502154471	364826455520096
364826471284315	364826518816450	364826472132596
364826487991190	364826535478585	364826488852284
364826504671034	364826552140512	364826505508013
364826521284419	364826568801814	364826522127544
364826537864107	364826585464262	364826538628846
364826572482075	364826602124731	364826572877127
364826572632909	364826618787283	364826572904159
364826589326659	364826635450668	364826589773325
364826605938221	364826652114991	364826606325409
364826622635877	364826668780199	364826623025877
364826639306815	364826685444627	364826639704471
364826656040513	364826702107231	364826656380721
364826672673169	364826718767388	364826673048846
364826689310096	364826735428377	364826689693482
364826705959315	364826752087595	364826706353065
364826722684002	364826768744627	364826723064263
364826764908950	364826785402127	364826765531971
364826765221034	364826802060304	364826765541971
364826781841450	364826818718012	364826782408638
364826798456034	364826835377022	364826798853013
364826815136502	364826852039731	364826815553377
364826831818846	364826868703064	364826832199159
364826848533950	364826885367074	364826848900096
364826865204471	364826902027856	364826865556502
364826881857544	364826918689992	364826882219315
364826898522075	364826935352335	364826898916502
364826915193065	364826952016294	364826915613846
364826952318169	364826968680096	364826952744002
364826952629627	364826985343533	364826952791138
364826969227231	364827002007804	364826969780565
364826985832231	364827018670981	364826986218794
364827002540669	364827035333324	364827002915200
364827019206919	364827051997075	364827019576034
364827035833377	364827068663898	364827036212075
364827052540565	364827085329262	364827052914315
364827069205981	364827101991502	364827069591971
364827085873950	364827118653637	364827086247700
364827102529002	364827135315147	364827102910565
364827137973221	364827168641450	364827138365981
364827138167856	364827185303585	364827138374315
364827154818221	364827201967230	364827155345408
364827171465513	364827218633220	364827171671971
364827188276815	364827235300720	364827188405669
364827204849315	364827251967595	364827205272908
364827221520252	364827268632491	364827221950408
364827238190252	364827285298689	364827238445877
364827254854002	364827301963637	364827255163794
364827271590877	364827318626658	364827271839783
364827288189315	364827335292231	364827288510513
364827327105825	364827351957283	364827327514783
364827327274627	364827368621762	364827327525408
364827343968221	364827385288064	364827344376815
364827360590721	364827401953377	364827360983325
364827377254158	364827418621710	364827377641346
364827393979315	364827435289835	364827394356919
364827410641190	364827451955616	364827411011294
364827427310096	364827468623533	364827427675044
364827443977908	364827485288794	364827444349627
364827460632283	364827501955199	364827461006450
364827477263221	364827518618845	364827477657440
364827514888638	364827535282596	364827515394471
364827515275200	364827551948793	364827515400408
364827531757075	364827568614314	364827532194262
364827548418846	364827585280095	364827548858690
364827565088325	364827601947543	364827565468846
364827581762075	364827618612700	364827582185512
364827598412700	364827635276241	364827598789627
364827615094940	364827651939315	364827615456033
364827631735721	364827668605668	364827632137856
364827648396502	364827685271449	364827648777596
364827665058065	364827701933480	364827665454471
364827702344940	364827718599158	364827702762544
364827702788065	364827735263481	364827703018221
364827719234262	364827751930199	364827719649887
364827735897596	364827768593897	364827736285096
364827752576346	364827785260459	364827752979471
364827769249783	364827801926710	364827769645669
364827785921294	364827818592751	364827786352544
364827802633221	364827835257491	364827803008689
364827819303533	364827851921710	364827819669419
364827835930096	364827868586189	364827836335252
364827852635564	364827885250668	364827853018846
364827886676658	364827918578533	364827886951658
364827886854471	364827935241293	364827886965877
364827904525825	364827951908272	364827905378689
364827920603533	364827968571971	364827921551033
364827937523533	364827985236293	364827938282127
364827954301346	364828001899314	364827955122752
364827970925044	364828018561866	364827971816189
364827987470669	364828035226189	364827988353221
364828004291814	364828051888897	364828005142700
364828021058533	364828068552334	364828021907752
364828037878169	364828085218325	364828038567596
364828075647439	364828101883481	364828076037127
364828077535825	364828118549626	364828077882596
364828092564575	364828135215877	364828092970512
364828109193846	364828151886970	364828109594939
364828125882283	364828168558897	364828126262231
364828142584939	364828185230199	364828142944939
364828159217231	364828201897856	364828159605512
364828175906189	364828218566345	364828176276658
364828192572596	364828235233480	364828192946137
364828209256658	364828251899002	364828209630512
364828225890564	364828268565616	364828226253689
364828266940200	364828285233168	364828267233533
364828267173221	364828301900928	364828267244627
364828283985043	364828318567699	364828284492700
364828300548846	364828335233793	364828300935408
364828317242596	364828351899835	364828317625668
364828333913064	364828368563793	364828334279939
364828350591450	364828385231397	364828350993637
364828367254783	364828401897335	364828367624002
364828383879158	364828418564105	364828384255200
364828400538481	364828435232127	364828400907908
364828417242752	364828451897752	364828417615356
364828463525981	364828485231450	364828463810668
364828463835252	364828501898585	364828463981189
364828480479783	364828518563845	364828480860877
364828497280877	9223372036854775807	364828497537283

POLL t=332.2 tick=3437
16666666
364837020331759	364837066853477	364837020723842
364837037029311	364837083517070	364837037411342
364837053712905	364837100181029	364837054090405
364837070380873	364837116842488	364837070761655
364837087043321	364837133503373	364837087421186
364837103697436	364837150165612	364837104081342
364837120344884	364837166826341	364837120736186
364837136998165	364837183491185	364837137384936
364837176779936	364837200156342	364837177251967
364837176949780	364837216818373	364837177256967
364837193601030	364837233479102	364837194113686
364837210257280	364837250141550	364837210631655
364837226936290	364837266804675	364837227323373
364837243636134	364837283468477	364837244077228
364837260280561	364837300130821	364837260658478
364837277026134	364837316793113	364837277406446
364837293646342	364837333456081	364837294051446
364837310279936	364837350116446	364837310673373
364837326943686	364837366778477	364837327366186
364837368058686	364837400101914	364837368406602
364837368255821	364837416764988	364837368463165
364837386146967	364837433426290	364837387140509
364837402124467	364837450087904	364837403084155
364837418745977	364837466748894	364837419701967
364837435774780	364837483410300	364837436650561
364837452566967	364837500069780	364837453333998
364837469160873	364837516731029	364837469988842
364837485855248	364837533394102	364837486696446
364837502361342	364837550055508	364837503231186
364837519033634	364837566715248	364837519888009
364837562031915	364837583374206	364837562562280
364837562225509	364837600032696	364837562634311
364837578924779	364837616692279	364837579439936
364837595523946	364837633352331	364837595913373
364837612196759	364837650011706	364837612576342
364837628868373	364837666671133	364837629293946
364837645525509	364837683329466	364837645906186
364837662194154	364837699987487	364837662574467
364837678925977	364837716645196	364837679308842
364837695602227	364837733303113	364837695953686
364837712259259	364837749959623	364837712619779
364837750423217	364837766618320	364837750935509
364837750656186	364837783276914	364837750946967
364837767344415	364837799933320	364837767903529
364837783943061	364837816589518	364837784361134
364837800659467	364837833246290	364837801031811
364837817317852	364837849904206	364837817687436
364837833977436	364837866562487	364837834355977
364837850634311	364837883221133	364837851017227
364837867292904	364837899880144	364837867685977
364837883960092	364837916537800	364837884348842
364837900645092	364837933194362	364837901034623
364837939516186	364837966510717	364837939923217
364837939694102	364837983168164	364837939933165
364837956334936	364837999825821	364837956762279
364837972993373	364838016485404	364837973389467
364837989715092	364838033144935	364837990100352
364838006346967	364838049804102	364838006732696
364838023055092	364838066463269	364838023429883
364838039712123	364838083125299	364838040096342
364838056388217	364838099786862	364838056770821
364838073052852	364838116446602	364838073438686
364838089719779	364838133106446	364838090095092
364838129279779	364838149764779	364838130085561
364838129704258	364838166424363	364838130094467
364838146187904	364838183084883	364838146578946
364838162864779	364838199744466	364838163246342
364838179562904	364838216403268	364838179946029
364838196243529	364838233064778	364838196654779
364838212909154	364838249728268	364838213281342
364838229573790	364838266392122	364838229941811
364838246239467	364838283052175	364838246613217
364838262909154	364838299713581	364838263277383
364838279582123	364838316376185	364838279941498
364838315882592	364838333038373	364838316211915
364838316126133	364838349697122	364838316216185
364838332771498	364838366357643	364838333220248
364838349406446	364838383021028	364838349883321
364838366085040	364838399682852	364838366499935
364838382793165	364838416344778	364838383211342
364838399416342	364838433007539	364838399838217
364838416155248	364838449668373	364838416556185
364838432788998	364838466328580	364838433176654
364838449456602	364838482986810	364838449895248
364838466128165	364838499645299	364838466507435
364838502123529	364838532965352	364838503279571
364838502314102	364838549626342	364838503688217
364838519011810	364838566286810	364838519865404
364838535638946	364838582946237	364838536093529
364838552348165	364838599604414	364838552893321
364838569011446	364838616260195	364838569581810
364838585681758	364838632918946	364838586257904
364838602341967	364838649577487	364838602825873
364838619019310	364838666233789	364838619608008
364838635678998	364838682891966	364838636216290
364838652337279	364838699552330	364838652784571
364838707963008	364838732872070	364838708313529
364838709760092	364838749533737	364838710240717
364838724813842	364838766194206	364838725251133
364838741483373	364838782854466	364838741730560
364838758195560	364838799513632	364838758566967
364838774879779	364838816171393	364838775298060
364838791547748	364838832829466	364838791926185
364838808262696	364838849485560	364838808634935
364838824932123	364838866143476	364838825303529
364838841623060	364838882805092	364838841833529
364838858268685	364838899467851	364838858665248
364838898769623	364838916128372	364838899192435
364838899255821	364838932786132	364838899357123
364838915926654	364838949444414	364838916313164
364838932535196	364838966105247	364838932938685
364838949227435	364838982768841	364838949649623
364838965914935	364838999433268	364838966282904
364838982586654	364839016097851	364838982961758
364838999207383	364839032759258	364838999626498
364839015911498	364839049421237	364839016297071
364839032586810	364839066084310	364839032946498
364839049251498	364839082747539	364839049644779
364839083867748	364839116070299	364839084162383
364839084268685	364839132730195	364839084344154
364839102565404	364839149388997	364839103504571
364839118407904	364839166048632	364839119268841
364839135025977	364839182708997	364839135892123
364839151800039	364839199367955	364839152586810
364839168899258	364839216028737	364839169684571
364839185575873	364839232691653	364839186329623
364839202165821	9223372036854775807	364839202943685

POLL t=342.9 tick=3505
16666666
364847738118526	364847780441807	364847738495244
364847754782380	364847797107275	364847755159463
364847771451494	364847813772692	364847771820713
364847788144151	364847830436703	364847788518682
364847828204255	364847847101077	364847828615349
364847828410505	364847863765921	364847828628161
364847845080973	364847880429514	364847845448005
364847861700036	364847897093056	364847862088994
364847878437119	364847913756598	364847878809619
364847895098994	364847930418005	364847895471338
364847911763213	364847947079098	364847912136651
364847928432536	364847963741182	364847928796598
364847945097223	364847980403004	364847945468057
364847961745973	364847997064827	364847962123630
364847978425036	364848013724723	364847978804411
364848013304151	364848030384046	364848013615401
364848013479880	364848047042588	364848013628213
364848030215557	364848063704306	364848030768994
364848046815869	364848080367744	364848047198526
364848063508213	364848097029670	364848063936078
364848080193057	364848113688785	364848080566286
364848096859150	364848130346806	364848097283682
364848113508630	364848147006598	364848113878161
364848130151650	364848163667379	364848130560557
364848146818057	364848180328213	364848147211025
364848163483786	364848196989358	364848163889307
364848202514932	364848230316390	364848202804098
364848202669307	364848246979150	364848202818942
364848219368161	364848263641963	364848219814619
364848235991338	364848280307171	364848236378682
364848252707275	364848296971338	364848253083005
364848269347588	364848313636286	364848269724775
364848286043994	364848330302171	364848286414150
364848302704307	364848346966806	364848303078994
364848319373473	364848363631806	364848319748682
364848336079932	364848380293473	364848336459775
364848352710713	364848396956181	364848353124307
364848396285244	364848413618368	364848396674775
364848396490869	364848430279670	364848396687744
364848413223838	364848446941077	364848413665192
364848429814723	364848463599827	364848430213838
364848446505713	364848480259098	364848446931911
364848463149411	364848496915400	364848463577432
364848479815400	364848513574045	364848480207536
364848496521650	364848530232848	364848496897432
364848513191807	364848546889046	364848513603213
364848529871807	364848563545608	364848530235869
364848546499775	364848580201702	364848546871338
364848588622275	364848613516441	364848588912900
364848590092588	364848630174671	364848590402900
364848605517900	364848646834358	364848606005088
364848622159619	364848663494567	364848622552744
364848638820869	364848680154514	364848639241286
364848655535713	364848696812483	364848655914411
364848672201807	364848713468473	364848672614411
364848688868994	364848730125244	364848689242692
364848705533213	364848746783264	364848705911338
364848722202067	364848763445452	364848722624306
364848738871963	364848780104463	364848739299931
364848780779879	364848796762067	364848781115556
364848780962744	364848813422066	364848781120192
364848797748525	364848830082119	364848798144306
364848814284411	364848846745452	364848814679411
364848830989254	364848863409462	364848831361806
364848847671494	364848880071806	364848848091286
364848864331286	364848896733421	364848864700400
364848881000869	364848913397066	364848881366181
364848897670713	364848930059150	364848898043161
364848914338056	364848946723733	364848914716286
364848930999150	364848963385921	364848931375244
364848974731650	364848996710140	364848975013056
364848974910400	364849013371129	364848975031494
364848991604723	364849030030869	364848992126754
364849008220036	364849046692588	364849008603525
364849024950088	364849063357483	364849025308525
364849041623369	364849080018785	364849041993056
364849058291181	364849096681649	364849058688681
364849074956494	364849113345608	364849075362067
364849091622588	364849130009463	364849092034098
364849108291025	364849146671129	364849108655869
364849124957744	364849163330452	364849125332067
364849162955244	364849179993785	364849163520660
364849163181285	364849196656337	364849163528108
364849179860869	364849213320451	364849180418056
364849196476025	364849229982744	364849196889463
364849213165713	364849246644514	364849213544619
364849229829463	364849263307326	364849230203525
364849246537744	364849279968733	364849246909567
364849263190400	364849296630920	364849263566181
364849279868473	364849313290972	364849280229879
364849296533056	364849329949254	364849296901494
364849346136910	364849363275399	364849346560973
364849348288056	364849379940191	364849348802275
364849362983369	364849396603472	364849363399619
364849379621285	364849413268524	364849380095087
364849396326650	364849429932014	364849396740712
364849412970400	364849446596753	364849413395192
364849429634462	364849463260816	364849430143837
364849446337900	364849479923680	364849446764931
364849463038212	364849496587639	364849463459150
364849479785087	364849513253264	364849480176754
364849496444775	364849529917014	364849496812744
364849536854150	364849563248472	364849537259567
364849537162535	364849579912118	364849537276650
364849553779150	364849596575555	364849554175348
364849570439150	364849613242431	364849570841337
364849587123837	364849629910192	364849587516025
364849603783942	364849646574879	364849604197275
364849620487900	364849663237691	364849620855348
364849637156962	364849679901389	364849637519775
364849653813785	364849696565295	364849654196806
364849670495504	364849713229618	364849670854775
364849687147587	364849729895347	364849687530817
364849727108056	364849746560191	364849727548525
364849727378212	364849763223056	364849727553994
364849744227379	364849779886754	364849744690973
364849760760817	364849796551181	364849761174723
364849777391754	364849813213941	364849777767379
364849794100973	364849829875920	364849794469462
364849810761806	364849846540139	364849811131181
364849827434410	364849863203107	364849827798525
364849844120712	364849879866389	364849844494775
364849860747431	364849896528941	364849861107848
364849877406650	364849913193941	364849877785191
364849913655035	364849929858473	364849914025087
364849913878785	364849946522119	364849914031910
364849930599723	364849963187326	364849931033994

POLL t=353.6 tick=3572
16666666
364858485434928	364858528188573	364858485895240
364858502141803	364858544853209	364858502557376
364858518809459	364858561514459	364858519184719
364858535475709	364858578178885	364858535883522
364858552146907	364858594843938	364858552524303
364858568777688	364858611512011	364858569158834
364858585486334	364858628178990	364858585848834
364858602142115	364858644844302	364858602513521
364858640844146	364858661510708	364858641639303
364858641202844	364858678177114	364858641658001
364858657782896	364858694845084	364858658224876
364858674405709	364858711510813	364858674801907
364858691092115	364858728174511	364858691511751
364858707777844	364858744836126	364858708158365
364858724437740	364858761498104	364858724836438
364858741111021	364858778158989	364858741493053
364858757762428	364858794818000	364858758144146
364858774477740	364858811478052	364858774858782
364858791152271	364858828138886	364858791556959
364858828487740	364858844799719	364858828882063
364858828840084	364858861460656	364858829015865
364858845425865	364858878122375	364858845972740
364858862063469	364858894784042	364858862591490
364858878695501	364858911446333	364858879073469
364858895379615	364858928109146	364858895766334
364858912105188	364858944772948	364858912477428
364858928719459	364858961436593	364858929094251
364858945381959	364858978101333	364858945762584
364858962094719	364858994764771	364858962457896
364858978751490	364859011426907	364858979135396
364859013857115	364859044750812	364859014249303
364859014061021	364859061414667	364859014326178
364859030738625	364859078077739	364859031740500
364859047361646	364859094735761	364859047798209
364859064071021	364859111395083	364859064651907
364859080742428	364859128056802	364859081241803
364859097410240	364859144719928	364859098050188
364859114070500	364859161383417	364859114626646
364859130741125	364859178047062	364859131325084
364859147388834	364859194711230	364859147968053
364859164096646	364859211376020	364859164662896
364859207176959	364859228040343	364859207707688
364859207377427	364859244702791	364859207728990
364859224103521	364859261366594	364859224634615
364859240654094	364859278029771	364859241051802
364859257314615	364859294693052	364859257700865
364859274015344	364859311359250	364859274413209
364859290735709	364859328026125	364859291113521
364859307402688	364859344694042	364859307771177
364859324089407	364859361361541	364859324458677
364859340741594	364859378028573	364859341111021
364859357403313	364859394696750	364859357770552
364859396030709	364859428029875	364859396355552
364859396374615	364859444699406	364859396526177
364859413736959	364859461366385	364859414605188
364859430079615	364859478035083	364859431028365
364859447055084	364859494701020	364859447909094
364859463769563	364859511364354	364859464598157
364859480593990	364859528027948	364859481220240
364859497194459	364859544694146	364859498002896
364859513851282	364859561363052	364859514732896
364859530437584	364859578030708	364859531310552
364859547008521	364859594698677	364859547907271
364859584768521	364859611366437	364859585413209
364859584965240	364859628033521	364859585422375
364859601618990	364859644699666	364859602056125
364859618242427	364859661365760	364859618665084
364859634914302	364859678029771	364859635331125
364859651598209	364859694693729	364859652063209
364859668301646	364859711356802	364859668721021
364859684948781	364859728022583	364859685326959
364859701595552	364859744686646	364859701983469
364859718265813	364859761352271	364859718692896
364859734988365	364859778019823	364859735323365
364859775512740	364859794686802	364859775797063
364859775721646	364859811353728	364859775797584
364859792406959	364859828019510	364859792925344
364859809020552	364859844685187	364859809393834
364859825709615	364859861349822	364859826116334
364859842404302	364859878014771	364859842766021
364859859071021	364859894678260	364859859439615
364859875735188	364859911342271	364859876097115
364859892411177	364859928007791	364859892770396
364859909071958	364859944675968	364859909449146
364859925745969	364859961343990	364859926127583
364859961132271	364859978008729	364859961633000
364859963440552	364859994673885	364859963863469
364859978008052	364860011337843	364859978447896
364859994627115	364860028000916	364859995001646
364860011477375	364860044663624	364860011727427
364860028042375	364860061326541	364860028391594
364860044690656	364860077990500	364860045055083
364860061359250	364860094653365	364860061756177
364860078018833	364860111314562	364860078393521
364860094697271	364860127977844	364860095076021
364860111464458	364860144640500	364860111834615
364860150727896	364860177964146	364860151089615
364860150905031	364860194629926	364860151099719
364860167597896	364860211295448	364860168029250
364860184246802	364860227960447	364860184641021
364860200939875	364860244626125	364860201319094
364860217665865	364860261290760	364860218034146
364860234289771	364860277955344	364860234663365
364860250960708	364860294619771	364860251341021
364860267665708	364860311285500	364860268079302
364860284316021	364860327949458	364860284695083
364860300987896	364860344613989	364860301359250
364860341965708	364860361277218	364860342439562
364860342186958	364860377941228	364860342444302
364860359003000	364860394606072	364860359507427
364860375616594	364860411272010	364860375974771
364860392256594	364860427936750	364860392628677
364860408924562	364860444601072	364860409326437
364860425616594	364860461267010	364860425983052
364860442272687	364860477935656	364860442638833
364860458954771	364860494605655	364860459348677
364860475649615	364860511274145	364860475980083
364860492273052	364860527939406	364860492646177
364860532467687	364860561279926	364860532316646
364860532844302	364860577948364	364860533287114
364860549454562	364860594614145	364860549846489
364860566128208	364860611276281	364860566507427
364860582818208	364860627938937	364860583188521
364860599487114	364860644600499	364860599859406
364860616181958	364860661264562	364860616546646
364860632828156	364860677925864	364860633205187
364860649601646	9223372036854775807	364860649922687

POLL t=364.4 tick=3639
16666666
364869147930549	364869194416017	364869148299559
364869164601642	364869211081590	364869164971434
364869181264559	364869227745757	364869181644403
364869197891799	364869244409194	364869198276174
364869237231799	364869261072423	364869237999142
364869237673830	364869277738465	364869238052059
364869254201955	364869294402006	364869254591747
364869270856122	364869311064350	364869271258934
364869287524611	364869327732163	364869287909247
364869304236903	364869344400080	364869304595497
364869320899299	364869361067424	364869321260340
364869337577580	364869377733361	364869337989403
364869354207059	364869394397371	364869354585861
364869370891799	364869411064559	364869371305549
364869387569299	364869427729246	364869387936747
364869427446642	364869444394037	364869427952684
364869427645705	364869461058882	364869427972424
364869444309403	364869477721590	364869444696174
364869460936590	364869494383100	364869461338309
364869477684871	364869511044246	364869478020080
364869494296955	364869527705184	364869494672736
364869511016017	364869544365288	364869511388778
364869527670184	364869561024298	364869528052111
364869544334142	364869577682684	364869544703361
364869561005340	364869594343933	364869561372580
364869577669767	364869611007631	364869578046746
364869618486799	364869644340027	364869618838674
364869618856642	364869661006694	364869618987580
364869635353830	364869677670913	364869635769246
364869652020549	364869694336173	364869652388778
364869668706642	364869711002058	364869669075809
364869685372736	364869727666850	364869685747267
364869702046486	364869744330444	364869702425080
364869718704142	364869760993777	364869719120548
364869735374246	364869777659975	364869735751486
364869752060965	364869794324090	364869752414923
364869768706017	364869810987996	364869769119923
364869806733830	364869827651693	364869807196330
364869806958934	364869844320860	364869807201903
364869823633048	364869860989454	364869824193048
364869840277267	364869877655392	364869840669142
364869856978517	364869894323464	364869857345184
364869873652892	364869910991902	364869874020861
364869890316746	364869927659089	364869890691017
364869906988205	364869944327527	364869907384090
364869923649298	364869960996694	364869924037736
364869940319142	364869977664663	364869940682736
364869956974455	364869994333308	364869957386642
364869989798986	364870011002006	364869990233986
364869990372892	364870027668100	364869990463361
364870007051173	364870044333777	364870007607423
364870023671278	364870061001381	364870024079871
364870040372111	364870077668881	364870040744767
364870057037215	364870094335964	364870057405080
364870073699767	364870111004090	364870074064767
364870090366642	364870127672527	364870090742892
364870107036434	364870144338673	364870107417267
364870123706642	364870161004871	364870124080236
364870140365027	364870177671173	364870140726955
364870179836955	364870211001537	364870180207996
364870180189611	364870227664506	364870180331902
364870196768934	364870244326798	364870197569142
364870213386330	364870260992788	364870214088777
364870230085236	364870277658360	364870230930861
364870246722892	364870294325027	364870247552996
364870263428205	364870310992215	364870264103986
364870280158830	364870327658621	364870280941121
364870296758205	364870344323256	364870297511173
364870313456277	364870360992058	364870314295705
364870330093361	364870377660964	364870330903621
364870368850496	364870394328829	364870369372423
364870369065079	364870410994975	364870369390861
364870385740392	364870427663048	364870386162267
364870402382736	364870444331016	364870402773309
364870419034298	364870461001017	364870419413048
364870435748152	364870477671797	364870436126017
364870452412892	364870494339401	364870452787215
364870469079611	364870511006225	364870469460809
364870485745184	364870527674297	364870486124402
364870502417892	364870544339246	364870502810079
364870519072996	364870561004870	364870519456798
364870556157527	364870577672110	364870556529715
364870557707423	364870594339246	364870558084454
364870572977579	364870611005392	364870573434923
364870589625548	364870627671277	364870590050861
364870606283517	364870644337527	364870606667267
364870622974298	364870661004506	364870623353517
364870639701798	364870677672214	364870640060496
364870656370548	364870694338881	364870656737736
364870673034090	364870711007267	364870673406173
364870689702892	364870727674506	364870690072736
364870706343465	364870744339662	364870706725184
364870746466329	364870777668048	364870746769454
364870746698517	364870794336069	364870746793204
364870763671017	364870811005027	364870764725548
364870779941329	364870827674194	364870780572527
364870796889767	364870844340131	364870797638986
364870813453829	364870861005079	364870814251121
364870830121017	364870877668777	364870830952267
364870846802579	364870894333361	364870847632267
364870863369923	364870910999922	364870864234454
364870880099871	364870927664142	364870880954142
364870896702058	364870944326172	364870897450236
364870937644923	364870960991433	364870938143308
364870937849298	364870977654558	364870938182683
364870954548986	364870994317318	364870955003621
364870971206329	364871010982058	364870971590808
364870987889611	364871027647631	364870988272058
364871004586173	364871044313516	364871004964923
364871021240079	364871060981797	364871021623360
364871037941485	364871077648048	364871038311954
364871054603673	364871094313777	364871054974871
364871071257215	364871110978204	364871071624454
364871087903048	364871127641277	364871088274767
364871125935183	364871144304089	364871126501954
364871126367267	364871160967110	364871126502527
364871142973308	364871177633047	364871143366590
364871159627371	364871194297162	364871160056173
364871176320079	364871210959037	364871176694923
364871193014610	364871227622735	364871193371642
364871209620027	364871244287839	364871209990652
364871226340235	364871260952631	364871226713933
364871243003673	364871277619193	364871243370340
364871259685079	364871294284142	364871260055860
364871305043048	364871327618985	364871305502735
364871332918621	364871360950547	364871333264402
364871333063204	9223372036854775807	364871333268829

POLL t=375.0 tick=3705
16666666
364879822273357	364879860040335	364879822705493
364879838938045	364879876702263	364879839355180
364879876669763	364879893360544	364879877068357
364879876931795	364879910021013	364879877073826
364879893807055	364879926680597	364879894206326
364879910404607	364879943340076	364879910796743
364879927119763	364879960002888	364879927486013
364879943771430	364879976664086	364879944146743
364879960416951	364879993324398	364879960792524
364879977072263	364880009986325	364879977457888
364879993734920	364880026646951	364879994123670
364880010406170	364880043307211	364880010788670
364880027127732	364880059969242	364880027499711
364880070824451	364880093293408	364880071199242
364880071029607	364880109955388	364880071221795
364880087718617	364880126616482	364880088268617
364880104325180	364880143277888	364880104706117
364880121045805	364880159939710	364880121418357
364880137712888	364880176601950	364880138097576
364880154378617	364880193262940	364880154746170
364880171045545	364880209924502	364880171415388
364880187713044	364880226588304	364880188083305
364880204382263	364880243250908	364880204751169
364880221049399	364880259911899	364880221434086
364880261166117	364880293238044	364880261546638
364880261386013	364880309902002	364880261571013
364880279144763	364880326565075	364880280206638
364880295251274	364880343228721	364880296196326
364880312402680	364880359889502	364880313155076
364880328992732	364880376548096	364880329847419
364880345645649	364880393206794	364880346471274
364880362401951	364880409867992	364880363217732
364880379043357	364880426529710	364880379889607
364880395611638	364880443191429	364880396456013
364880412275076	364880459852419	364880413121482
364880450305701	364880476512575	364880450904555
364880450503357	364880493173773	364880450912107
364880467197211	364880509832627	364880467576638
364880483814138	364880526492732	364880484233982
364880500489607	364880543153304	364880500861794
364880517187992	364880559814138	364880517559399
364880533855076	364880576477054	364880534236169
364880550521482	364880593137263	364880550894294
364880567193982	364880609799138	364880567586742
364880583854919	364880626459450	364880584226638
364880600522524	364880643119919	364880600890076
364880639262211	364880659781273	364880639812263
364880639471482	364880676442732	364880639819086
364880656165180	364880693105127	364880656609919
364880672796742	364880709768877	364880673183201
364880689489763	364880726434659	364880689863982
364880706141482	364880743097002	364880706527576
364880722887263	364880759761846	364880723268773
364880739549294	364880776427523	364880739937055
364880756188826	364880793092471	364880756599138
364880772852732	364880809756481	364880773259294
364880789520857	364880826419554	364880789885388
364880829012107	364880859742888	364880829382680
364880829204242	364880876405700	364880829388148
364880845880700	364880893069294	364880846635075
364880862542419	364880909729658	364880862770388
364880879194919	364880926388148	364880879603669
364880895853825	364880943047991	364880896402836
364880912512367	364880959712836	364880913047992
364880929234555	364880976378616	364880929681325
364880945897888	364880993040700	364880946293461
364880962564138	364881009702887	364880962945075
364880979230232	364881026365700	364880979559398
364881026449138	364881043027783	364881026725700
364881026631950	364881059689034	364881026735232
364881043380492	364881076351168	364881043944763
364881059941794	364881093013356	364881060326638
364881076675180	364881109674241	364881077044294
364881093338200	364881126333408	364881093716482
364881110001794	364881142995700	364881110373357
364881126672888	364881159658096	364881127040388
364881143341169	364881176320283	364881143718669
364881160024086	364881192981898	364881160401273
364881176677419	364881209644241	364881177049867
364881214215023	364881242968460	364881214594711
364881214387732	364881259629502	364881214606794
364881231071898	364881276291481	364881231516169
364881247683357	364881292952835	364881248084294
364881264373825	364881309614814	364881264758357
364881281042523	364881326275752	364881281438357
364881297722732	364881342936638	364881298108148
364881314383669	364881359598982	364881314764867
364881331044711	364881376258304	364881331442419
364881347751482	364881392919189	364881348135857
364881364427211	364881409581273	364881364801273
364881404345544	364881426242522	364881404878200
364881404549398	364881442903564	364881404895023
364881421224919	364881459565075	364881421747575
364881437836794	364881476225023	364881438260336
364881454562888	364881492888616	364881454932888
364881471245075	364881509554189	364881471620492
364881487909606	364881526218460	364881488277054
364881504581794	364881542882887	364881504957211
364881521247731	364881559547158	364881521613200
364881537910336	364881576212939	364881538281742
364881554577888	364881592877835	364881554953513
364881596435856	364881626204033	364881596783461
364881596766794	364881642868095	364881596914867
364881613409294	364881659533043	364881613660492
364881630056013	364881676197731	364881630446169
364881646741950	364881692864658	364881647132731
364881663430648	364881709531064	364881663808669
364881680154398	364881726197002	364881680536325
364881696772263	364881742860178	364881697148044
364881713430075	364881759524242	364881713803929
364881730106429	364881776188095	364881730477836
364881746759138	364881792852314	364881747128044
364881792398461	364881809515439	364881792775023
364881792637731	364881826178148	364881792791742
364881809364763	364881842842366	364881809794294
364881826013513	364881859508721	364881826385075
364881842667106	364881876175179	364881843040231
364881859373356	364881892840700	364881859732419
364881876086638	364881909507314	364881876401481
364881892714450	364881926173043	364881893072106
364881909375231	364881942836793	364881909745075
364881926048513	364881959497887	364881926414554
364881942715023	364881976163408	364881943083929
364881988761794	364882009494398	364881989101742
364881988999919	364882026158928	364881989107679
364882005716794	364882042825022	364882006101794
364882022367263	9223372036854775807	364882022746950

POLL t=385.7 tick=3772
16666666
364890530155020	364890575246582	364890530576791
364890546819603	364890591909082	364890547276738
364890563489395	364890608574447	364890563880853
364890580174707	364890625237259	364890580551009
364890596831009	364890641900124	364890597206634
364890637362728	364890658562780	364890637894603
364890637562884	364890675224811	364890637901634
364890654207572	364890691887207	364890654654916
364890670832572	364890708550852	364890671216322
364890687533197	364890725215436	364890687909395
364890704259238	364890741878874	364890704627988
364890720921790	364890758544706	364890721289290
364890737587520	364890775208092	364890737993197
364890754251738	364890791871373	364890754658978
364890770921322	364890808535748	364890771294447
364890787586790	364890825200019	364890787968822
364890830682572	364890858534133	364890831184759
364890830890332	364890875201217	364890831205228
364890847576113	364890891869186	364890848089134
364890864187988	364890908535592	364890864574603
364890880891947	364890925200957	364890881273197
364890897576478	364890941869133	364890897992728
364890914241895	364890958532987	364890914610072
364890930904759	364890975195123	364890931278822
364890947580384	364890991860592	364890948046634
364890964256322	364891008525019	364890964671322
364890980911426	364891025189394	364890981341895
364891023654395	364891041851946	364891024103197
364891023939447	364891058514863	364891024112259
364891040562988	364891075175488	364891041025853
364891057201113	364891091833665	364891057589082
364891073855384	364891108496425	364891074237520
364891090590332	364891125158144	364891091000697
364891107255332	364891141820384	364891107620644
364891123945957	364891158481998	364891124286165
364891140589290	364891175144550	364891140966790
364891157258613	364891191806894	364891157632363
364891173925176	364891208470956	364891174295228
364891212624603	364891241797987	364891213041790
364891212908353	364891258462311	364891213068040
364891229490019	364891275124550	364891229782259
364891246102676	364891291789655	364891246510540
364891262805488	364891308453925	364891263332572
364891279476634	364891325119759	364891279873197
364891296181426	364891341784810	364891296556478
364891312808197	364891358447207	364891313192259
364891329472988	364891375112675	364891329698040
364891346128196	364891391780123	364891346520696
364891362793509	364891408448404	364891363177988
364891407421165	364891425115696	364891407758040
364891407739446	364891441782623	364891407900801
364891424329134	364891458451686	364891424845696
364891440931478	364891475119446	364891441309759
364891457622051	364891491785800	364891458011478
364891474273509	364891508453457	364891474662259
364891490974915	364891525123092	364891491354134
364891507640853	364891541793717	364891508070540
364891524315540	364891558461373	364891524694551
364891540935228	364891575130123	364891541312988
364891557656946	364891591797675	364891558026009
364891594599082	364891625127623	364891594981478
364891594805384	364891641791998	364891594996738
364891611485957	364891658457519	364891612149394
364891628104759	364891675123769	364891628323301
364891644804082	364891691786894	364891645032259
364891661463353	364891708449550	364891661717884
364891678160540	364891725112727	364891678373040
364891694791165	364891741774602	364891695041634
364891711452103	364891758438821	364891711697571
364891728117676	364891775102936	364891728335957
364891744833978	364891791765383	364891745049603
364891784882103	364891808430800	364891785319759
364891785047884	364891825098196	364891785353821
364891801736478	364891841764186	364891802122571
364891818367571	364891858432102	364891818769603
364891835086009	364891875097103	364891835497988
364891851752832	364891891763717	364891852166321
364891868415696	364891908430227	364891868793040
364891885092832	364891925095540	364891885460071
364891901751478	364891941760123	364891902140384
364891918421790	364891958426165	364891918795384
364891935088665	364891975092571	364891935465384
364891975701165	364892008421738	364891976244446
364891976126894	364892025085123	364891976245384
364891994037571	364892041750331	364891994904290
364892010465540	364892058415852	364892011401425
364892027550488	364892075081841	364892028380800
364892044196634	364892091747623	364892044953509
364892060893977	364892108410540	364892061735227
364892077535696	364892125073300	364892078369602
364892094184134	364892141738456	364892095028352
364892110805540	364892158402102	364892111663821
364892160334707	364892191726113	364892160619290
364892161792415	364892208387675	364892162125071
364892177921634	364892225049602	364892179006425
364892193839238	364892241715071	364892194714759
364892210773196	364892258379914	364892211620071
364892227482415	364892275046061	364892228349134
364892244140540	364892291714238	364892244840332
364892260813196	364892308380070	364892261672727
364892277686477	364892325044915	364892278510957
364892294395852	364892341708196	364892295217050
364892311013040	364892358372779	364892311817207
364892352574238	364892375036946	364892352855071
364892352987988	364892391702466	364892353154759
364892369924082	364892408367310	364892370268509
364892386314446	364892425033300	364892386703457
364892402968040	364892441700174	364892403345227
364892419710800	364892458367310	364892420115384
364892436344394	364892475032467	364892436719759
364892453008352	364892491697101	364892453381165
364892469674290	364892508362519	364892470048300
364892486348769	364892525029497	364892486718144
364892503007102	364892541694706	364892503390696
364892540288509	364892558360071	364892540802102
364892540826269	364892575024602	364892540954602
364892557298352	364892591692154	364892557809759
364892573892571	364892608357674	364892574271894
364892590558977	364892625021841	364892590923196
364892607267727	364892641686373	364892607646946
364892623925384	364892658351946	364892624300175
364892640592206	364892675016164	364892640950071
364892657250800	364892691679601	364892657619133
364892673926477	364892708339914	364892674299550
364892690570383	364892725001424	364892690978040
364892732368144	364892758319863	364892732889602
364892732685175	9223372036854775807	364892732902519

POLL t=396.4 tick=3871
16666666
364901211017724	364901257244026	364901211398505
364901227686474	364901273909807	364901228082203
364901244330068	364901290576682	364901244716318
364901260983036	364901307241005	364901261374911
364901277690068	364901323906265	364901278047203
364901294322411	364901340572046	364901294714755
364901332287672	364901357240119	364901332820380
364901332491005	364901373906734	364901332827359
364901349161109	364901390573609	364901349578297
364901365808505	364901407241370	364901366192828
364901382511161	364901423907307	364901382884599
364901399171943	364901440573765	364901399557828
364901415844130	364901457240223	364901416221786
364901432509755	364901473906578	364901432882568
364901449170693	364901490574390	364901449546005
364901465841318	364901507238192	364901466223818
364901482506786	364901523902359	364901482895693
364901523114911	364901540566786	364901523442568
364901523338661	364901557231682	364901523450172
364901540081786	364901573896578	364901540446266
364901556686318	364901590561005	364901557082411
364901573364911	364901607226213	364901573733141
364901590026318	364901623890171	364901590400536
364901606691630	364901640552672	364901607054755
364901623361161	364901657213609	364901623718505
364901640044078	364901673876108	364901640395380
364901656692568	364901690534234	364901657054599
364901673361943	364901707193088	364901673730536
364901710007672	364901740512098	364901710438661
364901710308036	364901757174702	364901710456161
364901726899703	364901773838453	364901727538974
364901743517099	364901790504911	364901743735536
364901760220380	364901807171734	364901760452047
364901776898453	364901823838556	364901777189911
364901793590380	364901840502359	364901793947411
364901810258297	364901857165639	364901810957411
364901826898505	364901873828192	364901827133036
364901843572099	364901890490848	364901843821630
364901860243140	364901907152567	364901860454859
364901902320536	364901923816786	364901902844755
364901902628765	364901940480640	364901902850849
364901919167359	364901957143817	364901919822099
364901935828453	364901973805640	364901936199755
364901952549599	364901990469182	364901952916474
364901969222724	364902007133348	364901969582828
364901985900536	364902023797463	364901986261161
364902002552724	364902040461786	364902002927672
364902019218036	364902057124910	364902019635536
364902035911942	364902073792307	364902036255067
364902052549547	364902090458297	364902052918974
364902091217567	364902123788400	364902091595692
364902091412411	364902140455431	364902091604390
364902109586005	364902157120900	364902110519703
364902125761317	364902173788661	364902126707099
364902142794078	364902190454546	364902143666942
364902159618765	364902207125119	364902160338453
364902176299390	364902223794129	364902177110692
364902192929911	364902240461317	364902193756161
364902209567724	364902257126786	364902210408765
364902226211942	364902273791681	364902227066578
364902242900640	364902290455223	364902243764703
364902282725640	364902307116890	364902283259599
364902282928609	364902323780900	364902283273974
364902299632880	364902340448869	364902300162828
364902316231890	364902357114442	364902316620640
364902332938974	364902373778452	364902333316942
364902349636005	364902390441994	364902350024130
364902366285067	364902407105275	364902366698349
364902382949703	364902423771369	364902383359546
364902399642099	364902440436473	364902400040328
364902416287046	364902457103504	364902416674286
364902432950849	364902473768608	364902433324442
364902475017880	364902507099806	364902475546786
364902475406161	364902523767150	364902475552723
364902492867880	364902540434442	364902493896317
364902509109078	364902557102827	364902510065223
364902526234911	364902573768452	364902527064442
364902542859130	364902590431889	364902543735380
364902559574442	364902607097931	364902560322880
364902576258661	364902623762723	364902577064755
364902592909442	364902640426890	364902593756630
364902609528817	364902657090743	364902610377203
364902659365848	364902690417775	364902659677567
364902693945796	364902723746369	364902694250536
364902694061890	364902740409077	364902694255171
364902710719390	364902757072671	364902711131161
364902727436734	364902773735015	364902727820848
364902744106734	364902790399859	364902744488036
364902760766109	364902807063504	364902761148765
364902777429130	364902823724494	364902777818348
364902794093192	364902840386681	364902794482984
364902810756109	364902857049702	364902811140640
364902849726942	364902873712619	364902850157828
364902849869911	364902890377255	364902850166265
364902866544755	364902907042931	364902867095223
364902883183505	364902923707150	364902883630796
364902899873036	364902940371369	364902900240848
364902916538973	364902957038244	364902916924911
364902933253765	364902973706265	364902933619911
364902949919859	364902990375431	364902950291942
364902966596786	364903007043139	364902967001630
364902983284859	364903023708504	364902983711577
364902999941005	364903040372463	364903000323192
364903037245067	364903057037202	364903037629390
364903037464911	364903073702775	364903037635952
364903054215067	364903090367931	364903054641005
364903070847567	364903107032827	364903071215067
364903087533505	364903123696056	364903087895067
364903104299755	364903140361004	364903104673296
364903120905692	364903157025691	364903121268036
364903137575848	364903173688868	364903137931004
364903154242254	364903190353608	364903154621161
364903170912567	364903207019181	364903171280223
364903187559234	364903223683295	364903187937202
364903227121473	364903257012671	364903227504129
364903227372411	364903273674338	364903227510223
364903244235067	364903290338556	364903244658609
364903260697202	364903307002358	364903261107411
364903277353036	364903323667775	364903277739598
364903294034754	364903340334650	364903294415536
364903310726577	364903357001369	364903311093765
364903327371265	364903373667619	364903327743765
364903344045223	364903390334806	364903344245952
364903360747879	364903407001108	364903361107879
364903377353504	364903423671264	364903377726942
364903423311786	364903440338868	364903423686786
364903424053036	9223372036854775807	364903424437723

POLL t=407.1 tick=3938
16666666
364911960343918	364911989362147	364911960866626
364911960539282	364912006026470	364911961295689
364911977242095	364912022692198	364911977741262
364911993820845	364912039356782	364911994200532
364912010529387	364912056023761	364912010905376
364912027188814	364912072688345	364912027565793
364912043839282	364912089352198	364912044219699
364912060555689	364912106016209	364912060935480
364912077190793	364912122678344	364912077589907
364912093836939	364912139343449	364912094219855
364912110499439	364912156004282	364912110883657
364912150400376	364912172664230	364912150971470
364912150732564	364912189324490	364912151037876
364912167268449	364912205990480	364912167647720
364912183905376	364912222655584	364912184286730
364912200613293	364912239318813	364912200981157
364912217272095	364912255982146	364912217697355
364912233943605	364912272646313	364912234326314
364912250613501	364912289308761	364912250983657
364912267281626	364912305969698	364912267666001
364912283924699	364912322631105	364912284313345
364912300617355	364912339294022	364912300990220
364912338239438	364912355957303	364912338534126
364912338409907	364912372622407	364912338550532
364912355167095	364912389287980	364912355737876
364912371736938	364912405952823	364912372118605
364912388457876	364912422620011	364912388829438
364912405079126	364912439287146	364912405472876
364912421746261	364912455952459	364912422141470
364912438398813	364912472613188	364912438782043
364912455121938	364912489275844	364912455537407
364912471786105	364912505938292	364912472151418
364912488453761	364912522602042	364912488821261
364912525383032	364912555928657	364912525807824
364912527297876	364912572594751	364912527756782
364912542271261	364912589262302	364912543113970
364912558868605	364912605928032	364912559083761
364912575604751	364912622590063	364912575812095
364912592273188	364912639254855	364912592551105
364912608904386	364912655918813	364912609138501
364912625599386	364912672580949	364912625906470
364912642270324	364912689244021	364912642474543
364912658903813	364912705907407	364912659129595
364912675585688	364912722569386	364912675862407
364912717809074	364912739231469	364912718301886
364912718101001	364912755892094	364912718315845
364912734636261	364912772554490	364912735109438
364912751319907	364912789219698	364912751773761
364912768023345	364912805885583	364912768416574
364912784687042	364912822550584	364912785059751
364912801359074	364912839216469	364912801723136
364912818021938	364912855880010	364912818388188
364912834690532	364912872543552	364912835062876
364912851358501	364912889206834	364912851726782
364912868041886	364912905872407	364912868390532
364912908016157	364912939203969	364912908351938
364912908216157	364912955871209	364912908371157
364912925172199	364912972537250	364912926233449
364912941529907	364912989202667	364912942061938
364912958228032	364913005868136	364912959064074
364912975047407	364913022536052	364912975788813
364912991672876	364913039202458	364912992508032
364913008288761	364913055867615	364913009110219
364913025013188	364913072531521	364913025851001
364913041691782	364913089196000	364913042524386
364913058327719	364913105861521	364913059131730
364913095913292	364913122526000	364913096457042
364913096139230	364913139189021	364913096476261
364913112772719	364913155854698	364913113151730
364913129410844	364913172518553	364913129812719
364913146120376	364913189181157	364913146503501
364913162787094	364913205844855	364913163163969
364913179435636	364913222509542	364913179833501
364913196138917	364913239173240	364913196551157
364913212806469	364913255833969	364913213183136
364913229448292	364913272497302	364913229873969
364913246081886	364913289164646	364913246476938
364913283460844	364913305832146	364913283981261
364913283688188	364913322500011	364913283989386
364913300389386	364913339165531	364913300911469
364913316990480	364913355830740	364913317366157
364913333704594	364913372496833	364913334064126
364913350368188	364913389161312	364913350728969
364913367026417	364913405825844	364913367392511
364913383693448	364913422488604	364913384076626
364913400359594	364913439152823	364913400740688
364913417027407	364913455817719	364913417409282
364913433694282	364913472483188	364913434062094
364913468919594	364913489147614	364913469582355
364913469116938	364913505816573	364913469589751
364913485791313	364913522485896	364913486240063
364913502428136	364913539154230	364913502806157
364913519168969	364913555821052	364913519533501
364913535834282	364913572485687	364913536205167
364913552483136	364913589151000	364913552874751
364913569140948	364913605818500	364913569509594
364913585811313	364913622485948	364913586182563
364913602478761	364913639153709	364913602856157
364913619132250	364913655823709	364913619512042
364913659102667	364913689162093	364913659480636
364913659327355	364913705833031	364913659490844
364913675960688	364913722501730	364913676411782
364913692654386	364913739170270	364913693061886
364913709340688	364913755839646	364913709744073
364913725993813	364913772507823	364913726372719
364913742673761	364913789172146	364913743048813
364913759345532	364913805840583	364913759545063
364913776055063	364913822509750	364913776502250
364913792703657	364913839177094	364913792908448
364913809387980	364913855841209	364913809598500
364913852839698	364913872507094	364913853335323
364913853299698	364913889174125	364913853464698
364913869999750	364913905842198	364913870398448
364913886628292	364913922508343	364913887002563
364913903313188	364913939173448	364913903745167
364913919988188	364913955837563	364913920370375
364913936669073	364913972503344	364913937022407
364913953299282	364913989168656	364913953670063
364913970020532	364914005833083	364913970384230
364913986674750	364914022499021	364913987041469
364914003306730	364914039163187	364914003666261
364914039416157	364914055828552	364914039745219
364914039697511	364914072495687	364914039745948
364914056348344	364914089164542	364914056736782
364914072987563	364914105833916	364914073376000
364914089677667	364914122501313	364914090052407
364914106393344	9223372036854775807	364914106756469

POLL t=417.8 tick=4005
16666666
364922643001310	364922690187507	364922643267247
364922659669903	364922706854070	364922660060632
364922676345528	364922723521778	364922676805216
364922693016935	364922740188705	364922693552716
364922731760841	364922756856934	364922732292247
364922732137039	364922773524017	364922732298185
364922748655841	364922790192767	364922749273705
364922765268185	364922806861778	364922765677716
364922781985320	364922823528601	364922782445789
364922798651726	364922840193653	364922799064747
364922815280059	364922856859591	364922815659122
364922831967716	364922873525527	364922832345841
364922848601153	364922890192090	364922848991153
364922865348653	364922906861621	364922865720372
364922881993497	364922923528601	364922882369122
364922924676934	364922956862455	364922925003653
364922924860528	364922973531413	364922925022091
364922942833809	364922990199121	364922943734539
364922958958809	364923006866049	364922959860997
364922975888028	364923023534903	364922976718497
364922992696257	364923040206777	364922993446934
364923009342716	364923056879694	364923010153653
364923025829226	364923073549903	364923026664278
364923042629591	364923090219955	364923043472195
364923059301153	364923106890007	364923060171466
364923075917664	364923123558601	364923076787976
364923112663653	364923140225059	364923113501466
364923144714226	364923173561257	364923145053809
364923144830164	364923190229955	364923145090320
364923161509747	364923206895684	364923161897716
364923178210372	364923223562247	364923178589591
364923194895841	364923240229330	364923195272716
364923211558497	364923256898236	364923211935216
364923228228028	364923273567715	364923228601882
364923244922716	364923290235788	364923245266466
364923261553809	364923306903288	364923261976257
364923312985841	364923340238496	364923313472091
364923313241309	364923356906569	364923313547976
364923329909903	364923373571465	364923330354591
364923346555216	364923390236778	364923346960216
364923363242091	364923406902923	364923363659434
364923379931934	364923423570215	364923380310059
364923396591309	364923440237246	364923396973288
364923413256778	364923456906204	364923413669122
364923429919070	364923473572403	364923430297195
364923446583184	364923490240215	364923447003653
364923463254903	364923506908913	364923463629903
364923505725476	364923523576361	364923506014747
364923505910215	364923540244122	364923506026309
364923522648809	364923556912194	364923523175215
364923539280997	364923573579017	364923539672038
364923555947351	364923590244955	364923556299538
364923572627090	364923606913913	364923573020007
364923589287872	364923623582663	364923589644382
364923605950059	364923640249173	364923606307559
364923622578809	364923656915631	364923622955215
364923639237247	364923673584277	364923639618340
364923655951257	364923690250997	364923656316882
364923692228028	364923723581465	364923692612090
364923692518809	364923740248444	364923692716934
364923709632663	364923756915736	364923710524747
364923725757559	364923773582767	364923726566934
364923742613653	364923790250371	364923743465945
364923759325320	364923806917507	364923760143340
364923776088757	364923823585996	364923776887038
364923792757663	364923840255840	364923793463965
364923809334278	364923856923965	364923810204851
364923825955788	364923873591204	364923826760684
364923842700840	364923890260527	364923843543809
364923879737403	364923906930788	364923880260163
364923879937715	364923923601517	364923880267351
364923896601934	364923940268965	364923896981569
364923913231309	364923956936361	364923913614434
364923929912351	364923973602246	364923930291309
364923946629434	364923990270527	364923947042247
364923963296309	364924006938288	364923963667559
364923979956882	364924023604642	364923980327038
364923996639226	364924040271569	364923997013497
364924013289747	364924056940996	364924013702819
364924029954590	364924073609174	364924030378184
364924070533288	364924090279016	364924071327872
364924070957090	364924106948756	364924071336934
364924087465996	364924123619434	364924087848601
364924104133184	364924140288184	364924104520632
364924120842871	364924156956308	364924121206153
364924137468028	364924173625475	364924137863028
364924154162976	364924190292298	364924154533184
364924170836309	364924206956934	364924171203653
364924187506153	364924223621777	364924187888913
364924204187403	364924240287454	364924204551413
364924220850215	364924256948808	364924221222871
364924255526569	364924273612298	364924255805944
364924255695996	364924290276569	364924255820215
364924272395840	364924306942871	364924272817038
364924289028132	364924323605215	364924289406309
364924305699746	364924340267402	364924306109226
364924322412819	364924356931464	364924322793184
364924339082090	364924373597506	364924339447090
364924355725788	364924390264537	364924356118444
364924372397507	364924406933027	364924372768653
364924389120840	364924423602715	364924389488028
364924405793913	364924440272610	364924406162351
364924441176413	364924473611256	364924441479694
364924441360840	364924490282923	364924441485371
364924460058653	364924506951205	364924461007403
364924475878132	364924523620006	364924476787871
364924493035476	364924540288288	364924493712090
364924509763913	364924556955318	364924510517246
364924526378965	364924573623861	364924527118028
364924543022871	364924590293183	364924543800059
364924559735475	364924606961360	364924560481465
364924576509121	364924623631621	364924577210840
364924593087090	364924640297714	364924593753184
364924633717350	364924656962298	364924634235788
364924633973965	364924673628080	364924634241778
364924650715684	364924690297402	364924651235944
364924667307715	364924706964433	364924667685944
364924683990059	364924723630787	364924684375215
364924700696465	364924740295371	364924701068028
364924717356778	364924756960527	364924717725996
364924733999121	364924773624538	364924734374225
364924750680059	364924790289954	364924751054069
364924767349694	364924806958027	364924767775059
364924783995788	364924823623235	364924784375059
364924823774277	364924840289225	364924824139434
364924824223757	364924856955110	364924824347559
364924840894382	9223372036854775807	364924841213809

POLL t=428.8 tick=4073
16666666
364933631931722	364933673779638	364933632345680
364933648596462	364933690449221	364933648975680
364933665264222	364933707117711	364933665690680
364933700271774	364933723786826	364933700799430
364933700499743	364933740458128	364933700986462
364933717181149	364933757129378	364933717600524
364933733872399	364933773803284	364933734259066
364933750538441	364933790476357	364933750959066
364933767228441	364933807145263	364933767658024
364933783890368	364933823813701	364933784268441
364933800561618	364933840481148	364933800935368
364933817227243	364933857148232	364933817614430
364933833902503	364933873816565	364933834313909
364933850559274	364933890486201	364933850939587
364933887988909	364933907155263	364933888290837
364933888173805	364933923822867	364933888304534
364933904877347	364933940492034	364933905290003
364933921498909	364933957160836	364933921909274
364933938213024	364933973829742	364933938579899
364933954875524	364933990497763	364933955287034
364933971500993	364934007167659	364933971920159
364933988209899	364934023838388	364933988600472
364934004877086	364934040509066	364934005257503
364934021539743	364934057178492	364934021909118
364934038204743	364934073845992	364934038586930
364934074475055	364934090512607	364934074828961
364934074672399	364934107179481	364934074856774
364934091371097	364934123848284	364934091904274
364934107993180	364934140516044	364934108374378
364934124683649	364934157184482	364934125058649
364934141351930	364934173852815	364934141730211
364934157989274	364934190519065	364934158381722
364934174698597	364934207184065	364934175066774
364934191356149	364934223848649	364934191734118
364934208053649	364934240514950	364934208415368
364934224697816	364934257181357	364934225072555
364934265095680	364934290516356	364934265519586
364934265409586	364934307185315	364934265583961
364934281946305	364934323855211	364934282490836
364934298609118	364934340524430	364934298991305
364934315272816	364934357193388	364934315654274
364934331975993	364934373862399	364934332356774
364934348654899	364934390530783	364934349050211
364934365322086	364934407199742	364934365697347
364934381982243	364934423866878	364934382407555
364934398644274	364934440537555	364934399064222
364934415272399	364934457206930	364934415707086
364934450096618	364934473877086	364934450587243
364934450427868	364934490547815	364934450594065
364934466954118	364934507220003	364934467443961
364934483578180	364934523889586	364934483954430
364934500322711	364934540559065	364934500689118
364934516986409	364934557229221	364934517374118
364934533665159	364934573897607	364934534030680
364934550318024	364934590567242	364934550728909
364934566985211	364934607238075	364934567360524
364934583668805	364934623910784	364934584101617
364934600317242	364934640581356	364934600689274
364934638361305	364934657250731	364934638940992
364934638785003	364934673919846	364934638948597
364934655323128	364934690587607	364934655863492
364934671946149	364934707257138	364934672329586
364934688651617	364934723926930	364934689012711
364934705306878	364934740598023	364934705686930
364934722002815	364934757269794	364934722370472
364934738668909	364934773941201	364934739041461
364934755336565	364934790610992	364934755711253
364934771964065	364934807279586	364934772346305
364934788670992	364934823951721	364934789044742
364934827481461	364934857289794	364934828066305
364934827893753	364934873954899	364934828084430
364934844426149	364934890624013	364934844954586
364934861037867	364934907292138	364934861429117
364934877747190	364934923959585	364934878129899
364934894449586	364934940629899	364934894841149
364934911105524	364934957299794	364934911482555
364934927765315	364934973969273	364934928141461
364934944438805	364934990637607	364934944820836
364934961101878	364935007306044	364934961479274
364934977768961	364935023974064	364934978146930
364935015533180	364935040641512	364935016645524
364935015727034	364935057310731	364935016675836
364935032392034	364935073982034	364935032779742
364935049032242	364935090654377	364935049421721
364935065745471	364935107326200	364935066145524
364935082411930	364935123996773	364935082789742
364935099077399	364935140666044	364935099459274
364935115745992	364935157335628	364935116120211
364935132409899	364935174007711	364935132776774
364935149080836	364935190678492	364935149452242
364935165748805	364935207349013	364935166136149
364935201845315	364935224020106	364935202216930
364935202078336	364935240690002	364935202222711
364935218742711	364935257360315	364935219280680
364935235333648	364935274028544	364935235706773
364935252051305	364935290697658	364935252398284
364935268728128	364935307364637	364935269088961
364935285393180	364935324030106	364935285759378
364935302020211	364935340695731	364935302402815
364935318731409	364935357362450	364935319101096
364935335394378	364935374029950	364935335765992
364935352045055	364935390697294	364935352408492
364935392096721	364935424028960	364935392414898
364935392654273	364935440695939	364935392817242
364935410272503	364935457363439	364935411207086
364935426356617	364935474031044	364935427206148
364935443043753	364935490697294	364935443928440
364935459905367	364935507363388	364935460686461
364935476787815	364935524030836	364935477603180
364935493296930	364935540695939	364935494103128
364935510176773	364935557364377	364935510839273
364935526663440	364935574031929	364935527460055
364935575957555	364935607364221	364935576396409
364935576631148	364935624029377	364935576829898
364935595612294	364935640696877	364935595986721
364935611188023	364935657362242	364935611614690
364935627898596	364935674028804	364935628304898
364935644546461	364935690697033	364935644918805
364935661192867	364935707365523	364935661558336
364935677852555	364935724034065	364935678231617
364935694529690	364935740701825	364935694899742
364935711185784	364935757368075	364935711561096
364935727892398	364935774031929	364935728242190
364935744523805	364935790699117	364935744897034
364935793093805	364935824032033	364935793366930
364935794666096	364935840699377	364935795050315
364935810517034	9223372036854775807	364935811315002

POLL t=439.5 tick=4140
16666666
364944306679895	364944340566873	364944307055624
364944323312551	364944357231926	364944323709530
364944340052708	364944373898020	364944340394895
364944356657864	364944390562968	364944357038176
364944400213176	364944423890676	364944400519999
364944400517707	364944440555832	364944400623801
364944417081718	364944457217707	364944417575832
364944433702968	364944473882811	364944434094426
364944450392239	364944490548227	364944450777343
364944467066301	364944507215103	364944467453020
364944483742551	364944523881040	364944484124895
364944500400364	364944540547811	364944500790832
364944517057239	364944557214270	364944517479739
364944533720676	364944573879374	364944534115207
364944550418332	364944590543800	364944550822395
364944592493332	364944623873436	364944592783020
364944592652499	364944640537968	364944592789687
364944610022551	364944657202342	364944610909114
364944625986249	364944673864425	364944626835832
364944642811614	364944690524269	364944643663280
364944659583176	364944707185207	364944660452187
364944676357551	364944723847759	364944677241093
364944692788124	364944740510051	364944693689582
364944709661457	364944757173540	364944710430624
364944726227343	364944773839113	364944727071770
364944742936718	364944790502239	364944743783801
364944784228645	364944807167655	364944784733020
364944784459843	364944823830207	364944784738905
364944801058489	364944840493592	364944801507655
364944817699582	364944857157863	364944818093332
364944834365051	364944873821197	364944834752551
364944851065207	364944890484686	364944851448176
364944867721145	364944907146769	364944868105832
364944884383957	364944923809529	364944884770364
364944901056874	364944940475467	364944901442499
364944917726301	364944957144321	364944918152343
364944934392811	364944973813176	364944934777186
364944975891561	364945007145832	364944976179270
364944976049895	364945023812654	364944976186301
364944993160989	364945040476770	364944994253332
364945009385936	364945057142030	364945010019895
364945026022968	364945073805467	364945026702186
364945042959218	364945090469269	364945043800364
364945059653905	364945107134790	364945060468124
364945076318488	364945123801300	364945077109582
364945092833488	364945140468175	364945093662707
364945109516926	364945157133593	364945110265207
364945126081405	364945173797290	364945126949999
364945168673332	364945190462394	364945169208645
364945168862082	364945207128436	364945169221249
364945185556457	364945223793071	364945185992499
364945202186093	364945240459582	364945202615363
364945218844374	364945257124529	364945219287238
364945235552707	364945273792499	364945235930155
364945252228488	364945290461874	364945252591718
364945268889426	364945307130310	364945269265832
364945285553905	364945323799008	364945285924113
364945302223957	364945340466197	364945302589582
364945318886926	364945357133696	364945319295468
364945362421926	364945390471665	364945362770936
364945362650363	364945407138644	364945362782707
364945379320936	364945423805936	364945379807343
364945396042863	364945440474217	364945396478905
364945412650311	364945457142238	364945413027655
364945429297863	364945473808280	364945429676249
364945445958488	364945490472603	364945446351874
364945462655207	364945507138540	364945463031770
364945479323332	364945523805258	364945479737655
364945495986613	364945540474217	364945496359374
364945512652238	364945557143332	364945513022707
364945550416405	364945573811509	364945550952499
364945550722499	364945590479842	364945551006770
364945567299113	364945607146196	364945567959426
364945583928801	364945623810207	364945584314686
364945600591561	364945640474947	364945600977082
364945617295988	364945657140988	364945617708645
364945633965624	364945673806977	364945634378332
364945650632551	364945690472707	364945651007551
364945667299270	364945707140102	364945667669217
364945683995520	364945723808331	364945684348488
364945700633801	364945740474216	364945701012186
364945758060936	364945790475988	364945758458957
364945758269113	364945807144008	364945758472082
364945776588957	364945823813123	364945777638019
364945792470832	364945840480988	364945793370676
364945809345051	364945857147082	364945810254113
364945826227082	364945873812394	364945827050624
364945842966457	364945890477498	364945843776926
364945859519842	364945907142030	364945860365155
364945876344113	364945923805103	364945877114738
364945892978957	364945940469164	364945893840519
364945909610467	364945957134269	364945910451301
364945948650207	364945973798331	364945949176613
364945948940051	364945990463175	364945949189217
364945965518436	364946007127237	364945965956092
364945982147186	364946023793749	364945982560363
364945998861457	364946040456509	364945999274269
364946015544842	364946057122342	364946015955676
364946032192863	364946073787290	364946032566769
364946048867186	364946090450363	364946049231457
364946065553488	364946107112967	364946065979738
364946082172863	364946123778696	364946082563176
364946098890936	364946140444425	364946099265624
364946136476561	364946157110935	364946136965832
364946136696926	364946173777133	364946136972811
364946153396769	364946190442862	364946153781561
364946170074582	364946207105727	364946170463176
364946186761873	364946223769946	364946187133644
364946203460832	364946240434009	364946203835988
364946220147394	364946257100728	364946220509426
364946236778176	364946273765779	364946237144269
364946253450363	364946290431352	364946253821144
364946270093488	364946307094165	364946270464113
364946286791144	364946323754686	364946287158176
364946324713019	364946357074008	364946325071457
364946324923957	364946373733540	364946325112707
364946342842863	364946390396404	364946343718801
364946359438748	364946407059633	364946360338019
364946376379738	364946423722810	364946377170780
364946393303175	364946440382029	364946394054061
364946409912863	364946457042081	364946410666457
364946426520155	364946473702498	364946427200936
364946443174425	364946490363435	364946443934582
364946459890467	364946507028904	364946460598175
364946476535519	364946523692394	364946477300675
364946514408644	364946540356404	364946514781144
364946514598957	9223372036854775807	364946514786300

POLL t=450.2 tick=4205
16666666
364955080039422	364955105720776	364955080579214
364955083009683	364955122385411	364955083375828
364955099563485	364955139048745	364955099950620
364955116221610	364955155713797	364955116609735
364955132942547	364955172378589	364955133308016
364955149612495	364955189046245	364955149977651
364955166271766	364955205715203	364955166635047
364955182936766	364955222383432	364955183301766
364955199609839	364955239050723	364955199977391
364955216275464	364955255714266	364955216643328
364955232945047	364955272380203	364955233316766
364955272027495	364955289046505	364955272438797
364955272658797	364955305710412	364955272784578
364955288957391	364955322376141	364955289335047
364955305590047	364955339038120	364955305975516
364955322259682	364955355700880	364955322645828
364955338965672	364955372361713	364955339356297
364955355630047	364955389026869	364955356011610
364955372259214	364955405691817	364955372637547
364955388964839	364955422357026	364955389334110
364955405630672	364955439021921	364955406004110
364955422290516	364955455685723	364955422656453
364955464196089	364955489009162	364955464583641
364955464604839	364955505671088	364955464760672
364955481071297	364955522332442	364955481457235
364955497735516	364955538992807	364955498128797
364955514445776	364955555654318	364955514875776
364955531115776	364955572318328	364955531478641
364955547775984	364955588982443	364955548142234
364955564444526	364955605645619	364955564816141
364955581119578	364955622307130	364955581494266
364955597786453	364955638969734	364955598160672
364955614446870	364955655631505	364955614819578
364955655166297	364955672293328	364955655504995
364955655351297	364955688954109	364955655572078
364955672046141	364955705616505	364955672436401
364955688686557	364955722278953	364955689120984
364955705388589	364955738942806	364955705832651
364955722051557	364955755607234	364955722459891
364955738716453	364955772274109	364955739097391
364955755342703	364955788939369	364955755780984
364955772028016	364955805602494	364955772403797
364955788723589	364955822265568	364955789103276
364955805384422	364955838931922	364955805796453
364955846115047	364955872260776	364955846438797
364955846445151	364955888928952	364955846554422
364955862973641	364955905594682	364955863355672
364955879601922	364955922256661	364955879988328
364955896332339	364955938918589	364955896720359
364955912974734	364955955583484	364955913358016
364955929632391	364955972249005	364955930017339
364955946294734	364955988913952	364955946761870
364955962986609	364956005581088	364955963367391
364955979631713	364956022244422	364955980028641
364955996280672	364956038909421	364955996708641
364956035580828	364956055575046	364956035986141
364956035736297	364956072241141	364956035995203
364956052387547	364956088906141	364956052787807
364956069042703	364956105572234	364956069436453
364956085728120	364956122238119	364956086113484
364956102401557	364956138906192	364956102786713
364956119121245	364956155575775	364956119497338
364956135779578	364956172245254	364956136154682
364956152444057	364956188913276	364956152820463
364956169116922	364956205578587	364956169491713
364956185783172	364956222245672	364956186156713
364956223499838	364956255577962	364956223788797
364956223689109	364956272246505	364956223801453
364956241587859	364956288915358	364956242554109
364956257506140	364956305583744	364956258474109
364956274485515	364956322249942	364956275350359
364956291136609	364956338918796	364956292047182
364956308134422	364956355582390	364956308918172
364956324642495	364956372248744	364956325475672
364956341447547	364956388916140	364956342185776
364956358005984	364956405582338	364956358853432
364956374620828	364956422247442	364956375452859
364956412120203	364956438915098	364956412626870
364956412339526	364956455582442	364956412631765
364956428985932	364956472249161	364956429405359
364956445623797	364956488914369	364956446036765
364956462333015	364956505582494	364956462755047
364956479010984	364956522247703	364956479387026
364956495677703	364956538914213	364956496055203
364956512331870	364956555579994	364956512708953
364956528980203	364956572249161	364956529367703
364956545640047	364956588917598	364956546071922
364956562301765	364956605584369	364956562699057
364956599925203	364956622248744	364956600454370
364956600155515	364956638916192	364956600469995
364956616798328	364956655583900	364956617182078
364956633439109	364956672249005	364956633811088
364956650151765	364956688914941	364956650528276
364956666820776	364956705579369	364956667190151
364956683480828	364956722245307	364956683847234
364956700160047	364956738909213	364956700528015
364956716829109	364956755574317	364956717200203
364956733495619	364956772239421	364956733871401
364956750160672	364956788903535	364956750566713
364956786768953	364956805565358	364956787068640
364956786958953	364956822228640	364956787074109
364956803655828	364956838892233	364956804100047
364956820323484	364956855556816	364956820703172
364956837021401	364956872220931	364956837400515
364956853688901	364956888884994	364956854070046
364956870398119	364956905550254	364956870760046
364956887044578	364956922214890	364956887404578
364956903722026	364956938883119	364956904086921
364956920382859	364956955551139	364956920747546
364956937052026	364956972218379	364956937416453
364956973980203	364957005545098	364956974253432
364956976194890	364957022209837	364956976518588
364956992387234	364957038871921	364956993346921
364957007872703	364957055533796	364957008757546
364957024655776	364957072195984	364957025500307
364957041770307	364957088859890	364957042415203
364957058292338	364957105524733	364957059044109
364957075012546	364957122189630	364957075793328
364957091715203	364957138857494	364957092481921
364957108360203	364957155523848	364957109082078
364957125011921	364957172190098	364957125790359
364957164329265	364957188856765	364957164810984
364957164555359	364957205520567	364957164816453
364957181262390	364957222184004	364957181707703
364957197905828	364957238848327	364957198286453
364957214573953	364957255516088	364957214743901
364957231275984	364957272179473	364957231647078

POLL t=461.0 tick=4274
16666666
364965753396137	364965786575251	364965753773168
364965770073637	364965803241397	364965770434522
364965786722856	364965819903688	364965787073168
364965803370460	364965836565511	364965803745356
364965820056085	364965853227960	364965820399366
364965836738949	364965869893897	364965837048428
364965867016449	364965886558168	364965867469835
364965870227543	364965903222698	364965870622699
364965886722856	364965919887959	364965887153012
364965903398168	364965936553532	364965903789106
364965920072699	364965953218480	364965920357387
364965936773637	364965969883897	364965937138949
364965953415356	364965986547803	364965953788793
364965970113324	364966003211657	364965970483949
364965986805981	364966019878584	364965987166137
364966003421762	364966036540616	364966003781449
364966042890512	364966069863220	364966043408793
364966043296137	364966086529053	364966043417543
364966059784105	364966103191969	364966060143637
364966076381449	364966119852543	364966076773793
364966093076866	364966136511814	364966093376605
364966109756553	364966153174730	364966110191605
364966126445668	364966169838272	364966126865980
364966143122074	364966186503063	364966143533793
364966159787855	364966203167907	364966160167230
364966176446449	364966219833168	364966176828324
364966213627647	364966236498897	364966214097335
364966245918480	364966269830564	364966246304574
364966246050980	364966286496813	364966246308741
364966262748012	364966303162334	364966263170668
364966279443793	364966319826761	364966279765980
364966296129730	364966336491761	364966296554418
364966312779887	364966353154990	364966313157491
364966329447803	364966369819730	364966329830512
364966346119574	364966386482230	364966346490980
364966362785616	364966403145564	364966363163793
364966391600668	364966419809365	364966392129522
364966396096762	364966436475199	364966396434418
364966412719366	364966453140824	364966413115355
364966429370668	364966469804365	364966429759418
364966446078324	364966486467074	364966446499210
364966462741449	364966503129886	364966463127022
364966479404418	364966519793636	364966479797543
364966496091293	364966536458376	364966496486241
364966512792074	364966553123011	364966513163949
364966529454574	364966569787542	364966529881137
364966574694678	364966603116449	364966574975668
364966574864262	364966619779990	364966574988012
364966591554418	364966636442126	364966592131449
364966608161084	364966653105563	364966608574730
364966624848428	364966669766657	364966625234105
364966641506866	364966686429105	364966641934887
364966658184262	364966703094209	364966658585355
364966674841553	364966719759417	364966675267543
364966691508636	364966736424730	364966691910355
364966708186761	364966753092438	364966708575199
364966724905824	364966769759469	364966725282855
364966759050668	364966786423480	364966759595772
364966759238636	364966803086761	364966759610668
364966775882074	364966819751136	364966776267699
364966792547386	364966836414782	364966792927543
364966809339991	364966853078532	364966809635147
364966825928636	364966869740667	364966826298480
364966842592491	364966886405459	364966842967386
364966859259261	364966903070875	364966859670511
364966875921605	364966919738532	364966876301761
364966892593584	364966936405511	364966892967855
364966909238324	364966953072490	364966909614209
364966941647022	364966969738427	364966941974105
364966942602855	364966986402021	364966942947074
364966959236918	364967003066344	364966959788636
364966975929105	364967019729261	364966976450772
364966992579574	364967036394833	364966992968949
364967009272074	364967053060979	364967009654574
364967025937803	364967069724521	364967026321918
364967042657699	364967086388428	364967043031449
364967059324834	364967103053532	364967059694418
364967075991449	364967119719886	364967076365147
364967124351084	364967153045459	364967124709105
364967124537490	364967169710146	364967124722386
364967141216136	364967186374937	364967141608324
364967157860511	364967203039833	364967158250459
364967174560199	364967219702594	364967174935615
364967191223949	364967236365823	364967191604261
364967207889522	364967253027803	364967208265043
364967224557699	364967269692125	364967224930355
364967241227178	364967286357073	364967241606449
364967257898584	364967303023896	364967258274209
364967304269886	364967336351969	364967304580199
364967304443324	364967353017073	364967304591084
364967322302647	364967369682542	364967323256918
364967338398324	364967386348011	364967339319105
364967355431136	364967403012959	364967356164261
364967372110928	364967419676761	364967372938011
364967388750824	364967436340094	364967389577386
364967405476397	364967453006969	364967406293011
364967422112542	364967469673011	364967422943428
364967438812542	364967486337907	364967439627386
364967483690303	364967503001917	364967483996240
364967483851449	364967519664625	364967484013115
364967500592178	364967536327438	364967501016917
364967517198324	364967552994105	364967517594886
364967533945303	364967569659469	364967534312490
364967550691240	364967586324417	364967551055928
364967567286240	364967602987646	364967567650772
364967583946917	364967619649730	364967584313740
364967600627542	364967636311865	364967600992490
364967617289730	364967652975355	364967617654730
364967666241292	364967686305615	364967666539053
364967667930511	364967702967959	364967668295199
364967683278272	364967719632438	364967683898324
364967699839261	364967736299001	364967700222074
364967716516397	364967752963427	364967716892386
364967733195042	364967769629677	364967733583480
364967749869834	364967786295771	364967750240980
364967766525772	364967802962334	364967766894417
364967783205303	364967819628583	364967783582334
364967799866449	364967836294678	364967800234730
364967816529417	364967852962542	364967816908167
364967853046605	364967869629261	364967853625042
364967853490303	364967886296136	364967853804417
364967870275355	364967902962594	364967870809053
364967886827490	364967919629157	364967887207855
364967903491240	364967936295875	364967903862803
364967920225355	364967952962386	364967920592386
364967936853324	364967969626240	364967937232230
364967953671605	364967986288376	364967953923324

POLL t=471.7 tick=4381
16666666
364976460098477	364976501228737	364976460478424
364976476752799	364976517892747	364976477125456
364976493418164	364976534558371	364976493834727
364976510084674	364976551224934	364976510506706
364976526752070	364976567889726	364976527123268
364976561223789	364976584555091	364976561596237
364976561401133	364976601221549	364976561612018
364976578113164	364976617888164	364976578704674
364976594734674	364976634553580	364976595152018
364976611395143	364976651218997	364976611771133
364976628137643	364976667882486	364976628504570
364976644774726	364976684546914	364976645142174
364976661439258	364976701211184	364976661851393
364976678102539	364976717877903	364976678479987
364976694773320	364976734541549	364976695141133
364976729122070	364976751206966	364976729671549
364976729321758	364976767872174	364976729685351
364976746008633	364976784536185	364976746411289
364976762635664	364976801200142	364976763060924
364976779337539	364976817865403	364976779755768
364976796018789	364976834529778	364976796374362
364976812680664	364976851195195	364976813046706
364976829349414	364976867859414	364976829708893
364976846015664	364976884523632	364976846388320
364976862675351	364976901188892	364976863045351
364976897110976	364976917854622	364976897630351
364976897326289	364976934519465	364976897637695
364976913992331	364976951185559	364976914495351
364976930619726	364976967853476	364976931006758
364976947326706	364976984519934	364976947733945
364976964062330	364977001185143	364976964376445
364976980672539	364977017850820	364976981047851
364976997352330	364977034513788	364976997709258
364977014014570	364977051178944	364977014436237
364977030679518	364977067845507	364977031052539
364977063792070	364977084511653	364977064318945
364977064045924	364977101173580	364977064325351
364977080663164	364977117837955	364977081043737
364977097291289	364977134502694	364977097671705
364977114020664	364977151165298	364977114390195
364977130688164	364977167828424	364977131054258
364977147352383	364977184494361	364977147723164
364977164032851	364977201158163	364977164386914
364977180683007	364977217824309	364977181054674
364977197358164	364977234488632	364977197738789
364977229587643	364977251154101	364977229951445
364977230648007	364977267817434	364977230954414
364977247362851	364977284479882	364977247802382
364977263983580	364977301143892	364977264360143
364977280693320	364977317808059	364977281067487
364977297372226	364977334470090	364977297751132
364977314039987	364977351132017	364977314407330
364977330703789	364977367796184	364977331074726
364977347376549	364977384459829	364977347740351
364977364081914	364977401123111	364977364418789
364977395346445	364977417783476	364977395709518
364977397333164	364977434447278	364977397727695
364977414021289	364977451113320	364977414408580
364977430680039	364977467779517	364977431054205
364977447379518	364977484445195	364977447750351
364977464058320	364977501108736	364977464412539
364977480699882	364977517772486	364977481077070
364977497334570	364977534436548	364977497716862
364977513993007	364977551099309	364977514418320
364977530667955	364977567762069	364977531065039
364977559882799	364977584422590	364977560410507
364977564203893	364977601084309	364977564506289
364977580657330	364977617744934	364977581047070
364977597318737	364977634407434	364977597707382
364977614020143	364977651069048	364977614392539
364977630723164	364977667730351	364977631094205
364977647347070	364977684392329	364977647723164
364977664076445	364977701053788	364977664445976
364977680724414	364977717715715	364977681088007
364977725435143	364977751042851	364977725803476
364977725817539	364977767705246	364977725976601
364977742310664	364977784372486	364977742753424
364977758937018	364977801041652	364977759319882
364977775658945	364977817710247	364977776087174
364977792317695	364977834377226	364977792690768
364977808986914	364977851044726	364977809368476
364977825655768	364977867711496	364977826022695
364977842323476	364977884379882	364977842697955
364977858988580	364977901044882	364977859360351
364977893576393	364977917710038	364977894090351
364977893834882	364977934374569	364977894107226
364977910436132	364977951040403	364977910820351
364977927084413	364977967707486	364977927493007
364977943788476	364977984373007	364977944166757
364977960448111	364978001038736	364977960825143
364977977120768	364978017702173	364977977499361
364977993791861	364978034366444	364977994158788
364978010439882	364978051033788	364978010859570
364978057001288	364978084362798	364978057348580
364978059192486	364978101029465	364978059911913
364978073873111	364978117695142	364978074321913
364978090503476	364978134362434	364978090881445
364978107219101	364978151028840	364978107637851
364978123840663	364978167698111	364978124225351
364978140551861	364978184364882	364978140924101
364978157219882	364978201033476	364978157604413
364978173872538	364978217700454	364978174253945
364978190545143	364978234365819	364978190938788
364978221743476	364978251030923	364978222131705
364978223929726	364978267695767	364978224264361
364978240672486	364978284361027	364978241189101
364978257220976	364978301028632	364978257608736
364978273899882	364978317697642	364978274274205
364978290585611	364978334366705	364978290972174
364978307263320	364978351032538	364978307640038
364978323902070	364978367694986	364978324278632
364978340568007	364978384358111	364978340942799
364978386080195	364978417685976	364978386358320
364978386386288	364978434349465	364978386495924
364978404368163	364978451013319	364978405087799
364978420037070	364978467676444	364978420876601
364978436665976	364978484340298	364978437544882
364978453871132	364978501004569	364978454628007
364978470500767	364978517669100	364978471187070
364978487163267	364978534334153	364978487926392
364978503761392	364978550998007	364978504505507
364978520517226	364978567660871	364978521261601
364978550649101	364978584327954	364978550970299
364978555393007	364978600992225	364978556425611
364978569970507	364978617657641	364978570782017
364978586643424	364978634320975	364978587520663
364978603424882	9223372036854775807	364978604241132

POLL t=482.3 tick=4459
16666666
364987157946441	364987198232795	364987158330347
364987174587379	364987214893316	364987174963004
364987191293629	364987231552379	364987191667379
364987207956129	364987248210763	364987208322847
364987224629254	364987264869618	364987225058941
364987241291597	364987281526649	364987241711441
364987257960035	364987298183680	364987258400191
364987297525660	364987314843628	364987297808316
364987297698160	364987331507587	364987297825347
364987314515660	364987348171388	364987314968941
364987331075608	364987364836128	364987331498733
364987347685504	364987381497483	364987348089202
364987364411441	364987398157847	364987364785347
364987381071754	364987414818159	364987381448472
364987397741545	364987431477743	364987398109514
364987414410035	364987448137118	364987414767535
364987446949097	364987464800607	364987447266910
364987447740972	364987481463003	364987448088316
364987464382326	364987498125815	364987464813160
364987481052379	364987514788472	364987481557951
364987497754879	364987531450191	364987498337170
364987514412170	364987548111910	364987515038941
364987531068420	364987564775712	364987531447326
364987547731389	364987581440503	364987548115660
364987564410191	364987598104149	364987564798629
364987581080816	364987614763993	364987581491910
364987597743004	364987631423681	364987611200660
364987631005608	364987648084982	364987631369566
364987631177379	364987664747274	364987631378004
364987647854410	364987681406493	364987648253472
364987664559670	364987698068212	364987664938628
364987681190191	364987714730607	364987681593160
364987697884878	364987731393784	364987698259097
364987714551545	364987748056023	364987714924410
364987731342639	364987764716336	364987731647639
364987747912535	364987781377638	364987748263576
364987780631076	364987798038941	364987781128785
364987810045191	364987831364617	364987810427066
364987810172222	364987848028367	364987810437535
364987826922014	364987864692222	364987827447847
364987843592535	364987881354253	364987844065191
364987860217535	364987898014930	364987860592222
364987876903941	364987914678159	364987877278316
364987893577535	364987931339513	364987893942951
364987910240764	364987948001233	364987910607639
364987926906233	364987964666023	364987927273420
364987959978003	364987981328420	364987960491858
364987960315035	364987997991753	364987960497014
364987976905503	364988014653107	364987977323003
364987993575139	364988031313732	364987994006441
364988010279878	364988047974097	364988010706545
364988026949670	364988064634253	364988027314097
364988043613472	364988081295295	364988043976545
364988060279878	364988097956700	364988060642951
364988076934045	364988114617690	364988077306597
364988093604826	364988131280816	364988093981597
364988110279097	364988147943993	364988123999097
364988143648732	364988164603941	364988144107847
364988143822535	364988181262950	364988144120295
364988160521701	364988197925190	364988160897014
364988177189253	364988214588524	364988177579566
364988193817066	364988231251700	364988194238420
364988210484045	364988247913316	364988210866232
364988227198264	364988264578888	364988227594566
364988243894514	364988281239618	364988244237691
364988260532014	364988297900711	364988260897222
364988293077951	364988314562847	364988293562691
364988293907378	364988331227013	364988294283160
364988310534201	364988347889669	364988310939409
364988327163941	364988364551284	364988327610295
364988343925972	364988381213107	364988344487691
364988360574878	364988397877117	364988360949045
364988377237378	364988414536545	364988377617066
364988393897066	364988431198315	364988394267795
364988410573003	364988447860399	364988410929357
364988427235764	364988464522638	364988427615347
364988467845816	364988497847430	364988468204201
364988500962378	364988531171753	364988501286857
364988501094253	364988547832638	364988501302847
364988517780347	364988564495138	364988518004878
364988534431857	364988581158576	364988534875972
364988551133889	364988597824357	364988551341701
364988567813003	364988614487898	364988568019670
364988584483576	364988631152795	364988584702170
364988601155764	364988647818784	364988601352378
364988617814878	364988664484200	364988618022951
364988649994253	364988681149669	364988650255764
364988651179566	364988697816128	364988651381857
364988667847847	364988714481649	364988668080920
364988684506597	364988731147222	364988685024201
364988701145347	364988747815138	364988701538003
364988717844722	364988764481752	364988718047691
364988734509566	364988781144825	364988734713003
364988751178941	364988797810711	364988751601284
364988767848316	364988814474877	364988779707013
364988799757534	364988831137378	364988800092586
364988801226232	364988847799357	364988801431128
364988817829045	364988864463159	364988818043888
364988834482222	364988881128367	364988834696857
364988851146701	364988897793628	364988851533159
364988867844722	364988914458419	364988868228316
364988884550659	364988931122430	364988884934566
364988901201076	364988947785034	364988901410972
364988917891441	364988964447690	364988928743003
364988944987066	364988981109617	364988945311284
364988974812534	364988997770450	364988975153315
364988975255295	364989014431231	364988975573003
364988991895034	364989031090138	364988992291440
364989008542065	364989047748836	364989008933420
364989025230295	364989064406440	364989025604097
364989041931284	364989081066752	364989042302378
364989058565815	364989097727013	364989058987065
364989092607534	364989114386753	364989093062690
364989093178472	364989131047481	364989093275503
364989109620138	364989147709513	364989110021128
364989126267847	364989164372325	364989126659878
364989142930347	364989181033106	364989143298003
364989159590503	364989197692898	364989159960503
364989176231388	364989214353992	364989176605138
364989192917638	364989231015659	364989193277378
364989209588940	364989247680294	364989209960347
364989226269409	364989264341960	364989240759722
364989259444253	364989281002846	364989259817378
364989259646284	364989297666023	364989259851545
364989276358315	364989314327377	364989276729982
364989293012951	364989330990138	364989293389253
364989309692847	364989347655711	364989310071857

POLL t=493.0 tick=4539
16666666
364997824993885	364997862306020	364997825381125
364997841646125	364997878969198	364997842087010
364997858316437	364997895632010	364997858696281
364997874985500	364997912297166	364997875370448
364997891687687	364997928957843	364997892144666
364997908364093	364997945619510	364997908726593
364997925033625	364997962279666	364997925394250
364997963645656	364997995594926	364997963971437
364997993878781	364998012252895	364997994354875
364997994012843	364998028908415	364997994366437
364998010743468	364998045568208	364998011262843
364998027419979	364998062228363	364998027828468
364998044061750	364998078891958	364998044475500
364998060758937	364998095557062	364998061165656
364998077422947	364998112219250	364998077792218
364998094084406	364998128880603	364998094452062
364998137123416	364998162204196	364998137545968
364998137472322	364998178868884	364998137558885
364998153998781	364998195532843	364998154420760
364998170689093	364998212197582	364998171143729
364998187373572	364998228861280	364998187742635
364998204044249	364998245522166	364998204411072
364998220707374	364998262185447	364998221084822
364998237380968	364998278847165	364998237759093
364998254048104	364998295509405	364998254422322
364998286658572	364998312170603	364998287222687
364998287398885	364998328832218	364998287523781
364998304068104	364998345492790	364998304456906
364998320712322	364998362151801	364998321169041
364998337431124	364998378812582	364998337809822
364998354091906	364998395474509	364998354464666
364998370756229	364998412135030	364998371126229
364998387421906	364998428797061	364998387796124
364998404097531	364998445453676	364998404476593
364998439823312	364998462110968	364998440274249
364998440125343	364998478770291	364998440278885
364998456663729	364998495428936	364998457107687
364998473320812	364998512089562	364998473800031
364998490217791	364998528748103	364998490504822
364998506752322	364998545406957	364998507247687
364998523396593	364998562065343	364998523773572
364998540069562	364998578722009	364998540440499
364998556731854	364998595380082	364998557103937
364998573392791	364998612036124	364998587385135
364998605197635	364998628691437	364998605687999
364998633471906	364998662004509	364998633779978
364998633586853	364998678662166	364998633817687
364998650276853	364998695318520	364998650732531
364998666995968	364998711972894	364998667442062
364998683633572	364998728629406	364998684055812
364998700271281	364998745290499	364998700654353
364998716979874	364998761951645	364998717358937
364998733645656	364998778610603	364998734021853
364998750318103	364998795269665	364998759374718
364998782169041	364998811927999	364998782573260
364998783607478	364998828586696	364998783903312
364998800433624	364998845244718	364998801055499
364998816995812	364998861904144	364998817370343
364998833632374	364998878563937	364998834071280
364998850327062	364998895216540	364998850699822
364998866987218	364998911872269	364998867357374
364998883620135	364998928526332	364998883998624
364998916438572	364998945182009	364998916805968
364998916989249	364998961839561	364998917089093
364998933695655	364998978497374	364998934209353
364998950348780	364998995154770	364998950728155
364998967044249	364999011813155	364998967409666
364998983708780	364999028470238	364998984121228
364999000377478	364999045129873	364999000768937
364999017045812	364999061789144	364999017419249
364999051389562	364999078444509	364999051907530
364999051982843	364999095099874	364999052121124
364999068274666	364999111759457	364999068668260
364999084921853	364999128420082	364999085381749
364999101624405	364999145082269	364999102138728
364999118336437	364999161739770	364999118850655
364999134992530	364999178396540	364999135410968
364999151656593	364999195055082	364999152096124
364999168304249	364999211713468	364999168692478
364999184942843	364999228371853	364999185369353
364999220897791	364999245029405	364999221385655
364999249863624	364999278346331	364999250186072
364999250058468	364999295004822	364999250215134
364999266700134	364999311664822	364999267188416
364999283420916	364999328324509	364999283879197
364999300084562	364999344985916	364999300522999
364999316751437	364999361649197	364999317123468
364999333411124	364999378310394	364999333782374
364999350078312	364999394971176	364999350496280
364999366748155	364999411633207	364999376131905
364999398617999	364999428293624	364999399079041
364999400107634	364999444952895	364999400471905
364999416791541	364999461611696	364999417172062
364999433462530	364999478271904	364999433882843
364999450102478	364999494932633	364999450660811
364999466793572	364999511593936	364999467171124
364999483455811	364999528255602	364999483833936
364999500140811	364999544918624	364999500557478
364999534193884	364999561579561	364999534713416
364999534437322	364999578240602	364999534718416
364999551061697	364999594901436	364999551446072
364999567708936	364999611562477	364999568133624
364999584433468	364999628221749	364999584877061
364999601158884	364999644882790	364999601531436
364999617811593	364999661543884	364999618181749
364999634479353	364999678203780	364999634858728
364999651146593	364999694861749	364999651519978
364999667766072	364999711519925	364999668141124
364999695713624	364999728178102	364999696166905
364999701101853	364999744838571	364999701499561
364999717799718	364999761498936	364999718209405
364999734471593	364999778159770	364999734853259
364999751126541	364999794817530	364999751495916
364999767806280	364999811475967	364999768223468
364999784461228	364999828131904	364999784847530
364999801126228	364999844789092	364999801486280
364999817795759	364999861446384	364999818211853
364999853551124	364999878104821	364999854020499
364999880783311	364999911427165	364999881095030
364999880920030	364999928089978	364999881117530
364999897758936	364999944751332	364999898215499
364999914323572	364999961409977	364999914628155
364999930981228	364999978068884	364999931262374
364999947672061	364999994727322	364999948217165
364999964360134	365000011386071	364999964998103
364999981004353	365000028044873	364999981580968
365000019607999	9223372036854775807	365000020070603

