POLL t=10.6 tick=601
8333333
457225199408701	457225214392711	457225199696566
457225214908181	457225230832086	457225215185733
457225231767295	457225247271774	457225232056618
457225248427451	457225263710680	457225248709899
457225264774326	457225280146566	457225265054431
457225281559170	457225296583753	457225281834326
457225298154170	457225313020784	457225298431201
457225314841514	457225329456983	457225315110733
457225330386201	457225345895471	457225330655889
457225349279430	457225362335107	457225349555889
457225364786826	457225378776409	457225365063076
457225381627920	457225395217295	457225381914639
457225398142608	457225411656826	457225398427764
457225414752608	457225428095211	457225415038337
457225431474639	457225444535003	457225431755420
457225447010108	457225460975576	457225447283545
457225466029795	457225477413961	457225466314587
457225481598649	457225493849378	457225481885733
457225498130993	457225510283961	457225498415837
457225514935576	457225526721774	457225515242607
457225531540107	457225543160419	457225531827295
457225548317295	457225559595836	457225548588493
457225564909118	457225576032712	457225565177139
457225581539326	457225592469690	457225581817764
457225597131201	457225608904169	457225597399795
457225616278701	457225633557659	457225616540420
457225631632087	457225649994690	457225631900837
457225648160837	457225666430263	457225648436826
457225664707451	457225682867242	457225664986930
457225681772764	457225699304534	457225682063545
457225698227764	457225715740888	457225698523076
457225713804118	457225732177347	457225714082451
457225732804170	457225748615524	457225733090576
457225748180889	457225765052659	457225748471357
457225764855420	457225781490576	457225765170732
457225781758701	457225797924690	457225782042555
457225798215420	457225814362138	457225798499170
457225814854951	457225830797920	457225815134951
457225831516149	457225847235627	457225831800264
457225848366201	457225863672346	457225848651670
457225863812087	457225880110472	457225864084482
457225882828389	457225896547087	457225883125889
457225898211201	457225912981200	457225898491357
457225914955993	457225929415993	457225915261514
457225931601774	457225945852607	457225931879743
457225948431357	457225962288128	457225948699639
457225964920889	457225978722919	457225965197451
457225980395576	457225995158701	457225980683389
457225999544430	457226011595940	457225999848805
457226014883493	457226028031930	457226015144743
457226031533805	457226044471514	457226031806461
457226048277607	457226060911773	457226048562295
457226064850264	457226077349638	457226065134482
457226081659743	457226093787138	457226081947607
457226098279482	457226110221878	457226098558493
457226114899014	457226126656617	457226115185420
457226130264743	457226143091618	457226130547139
457226149471670	457226159528909	457226149740107
457226164952920	457226175963648	457226165239274
457226181610055	457226192398753	457226181891513
457226198163024	457226208835731	457226198445732
457226214927711	457226225270367	457226215207295
457226231581982	457226249921252	457226231858388
457226247041982	457226258137919	457226247310888
457226266003232	457226282787658	457226266291670
457226281648545	457226299221721	457226281930107
457226298210524	457226315656617	457226298491045
457226314915368	457226332091044	457226315195732
457226331513232	457226348525367	457226331795576
457226348240420	457226364959065	457226348519586
457226364967711	457226381396097	457226365266670
457226381753076	457226397830211	457226382036149
457226398188493	457226414267867	457226398491045
457226414919638	457226430704273	457226415199638
457226431539638	457226447141252	457226431819482
457226448331670	457226463577190	457226448607295
457226464831201	457226480015002	457226465101201
457226481710263	457226496451148	457226481991513
457226498265993	457226512887242	457226498555420
457226513841982	457226529325628	457226514113232
457226532845576	457226545763127	457226533138857
457226548292451	457226562200940	457226548577295
457226565011045	457226578640940	457226565285211
457226581846305	457226595079742	457226582126513
457226598465576	457226611517867	457226598735732
457226615213701	457226627955367	457226615500732
457226631914170	457226644390680	457226632168805
457226648601982	457226660826305	457226648881774
457226665261670	457226677264013	457226665545211
457226682093857	457226693703492	457226682379795
457226698489795	457226710139221	457226698766670
457226715330420	457226726574638	457226715634742
457226732148076	457226743010419	457226732456982
457226748963388	457226759448439	457226749247086
457226765630836	457226775881201	457226765908701
457226781171201	457226792318440	457226781443232
457226800128701	457226816975992	457226800382763
457226815636305	457226833416929	457226815922763
457226832452555	457226849856877	457226832731513
457226849103857	457226866297033	457226849398857
457226865649013	457226882736200	457226865926774
457226882512242	457226899175628	457226882857867
457226899483232	457226915611929	457226899782711
457226915687294	457226932048127	457226915976513
457226932378336	457226948485315	457226932657763
457226949257242	457226964925888	457226949505888
457226965686826	457226981364794	457226965973805
457226982649794	457226997800627	457226982922138
457226999139586	457227014238335	457226999429013
457227015727294	457227030675107	457227015998805
457227032217294	457227047107658	457227032506044
457227047762607	457227063541982	457227048053544
457227066913805	457227079978231	457227067206930
457227082437607	457227096416356	457227082706461
457227098861513	457227112852659	457227099124638
457227115461201	457227129290263	457227115750419
457227132170263	457227145726304	457227132448336
457227148794013	457227162161826	457227149069169
457227165388544	457227178599846	457227165659482
457227182080836	457227195037971	457227182363232
457227215647138	457227227917033	457227215921669
457227215951826	457227236136200	457227216047555
457227249254638	457227260791669	457227249509898
457227252315992	457227269009325	457227252626982
457227276363388	457227293662502	457227276778336
457227289292242	457227301880627	457227289555523
457227305750367	457227318316669	457227306021930

POLL t=22.0 tick=1201
8333333
457236550217760	457236563003853	457236550493332
457236567168072	457236579439478	457236567475676
457236583724947	457236595874634	457236584015832
457236600332239	457236612310311	457236600595572
457236617538957	457236628744946	457236617827447
457236633695207	457236645182030	457236633972603
457236650446353	457236661623228	457236650713072
457236666948072	457236678062238	457236667234166
457236683562291	457236694499269	457236683839114
457236700221666	457236710936821	457236700500884
457236717728489	457236735589738	457236718029895
457236733716197	457236752023488	457236734002082
457236750250884	457236768461196	457236750521770
457236767357239	457236784902602	457236767711978
457236783669478	457236801344166	457236783948541
457236800271041	457236817783957	457236800547447
457236817721822	457236834222759	457236817997447
457236834219009	457236850660467	457236834500259
457236850218697	457236867098592	457236850506457
457236866958645	457236883538176	457236867251197
457236883922447	457236899975675	457236884194947
457236900593228	457236916412134	457236900878176
457236917680103	457236932849269	457236917975884
457236933635832	457236949288228	457236933914322
457236950405051	457236965724894	457236950685884
457236967104895	457236982162968	457236967387759
457236983747551	457236998602499	457236984040832
457237000266978	457237015041822	457237000540832
457237017722551	457237031480363	457237018015207
457237033581822	457237047917447	457237033867551
457237050308228	457237064355519	457237050600832
457237066964478	457237080795832	457237067288020
457237083601770	457237097235936	457237083888384
457237100155207	457237113676144	457237100425103
457237117584270	457237130118332	457237117863384
457237133589947	457237146559686	457237133883072
457237150532238	457237163001457	457237150832603
457237166861978	457237179445572	457237167133384
457237183383645	457237195888019	457237183674009
457237200336353	457237212329217	457237200621926
457237217747291	457237228771666	457237218029322
457237233754322	457237245212915	457237234028176
457237250141666	457237261650623	457237250421145
457237266889738	457237278088436	457237267166926
457237283816145	457237294522654	457237284087082
457237300483853	457237310957863	457237300760676
457237317548801	457237335611353	457237317833645
457237333507290	457237352048280	457237333805832
457237350232759	457237368483852	457237350512290
457237366936822	457237384919998	457237367264634
457237383590415	457237401353696	457237383872082
457237400146770	457237417788749	457237400425884
457237417335103	457237434225415	457237417626353
457237433851822	457237450660467	457237434136978
457237450269165	457237467098436	457237450558645
457237466893072	457237483535936	457237467195572
457237483462447	457237499972811	457237483749322
457237500396509	457237516407967	457237500686978
457237517763332	457237532845259	457237518045572
457237533685572	457237549282133	457237533976301
457237550243176	457237565718019	457237550521822
457237566926197	457237582154790	457237567221665
457237583548384	457237598591457	457237583813384
457237600405988	457237615026092	457237600674113
457237617536926	457237631459790	457237617821040
457237633456457	457237647893228	457237633738540
457237650150572	457237664330623	457237650451770
457237666937290	457237680765936	457237667203697
457237683681197	457237697201769	457237683943020
457237700562707	457237713639321	457237700842603
457237717411665	457237730075936	457237717689478
457237733722759	457237746512759	457237734002759
457237750496665	457237762946822	457237750788384
457237767096978	457237779379581	457237767376040
457237783552603	457237795812759	457237783833332
457237800303228	457237812248956	457237800595728
457237817655832	457237828682759	457237817943801
457237833795832	457237845116092	457237834069322
457237850419165	457237861549061	457237850686197
457237867053540	457237877980832	457237867318488
457237883870259	457237894414269	457237884140519
457237900561926	457237910848540	457237900847134
457237917584426	457237935499738	457237917887290
457237933666457	457237951933071	457237933947759
457237950521613	457237968365415	457237950793801
457237967147446	457237984799529	457237967450103
457237983826457	457238001233435	457237984106509
457238000416665	457238017668436	457238000699321
457238017763696	457238034102029	457238018053176
457238033898071	457238050537810	457238034231353
457238050539946	457238066974998	457238050823228
457238067607863	457238083410050	457238067886353
457238083748957	457238099845623	457238084084165
457238100451144	457238116281509	457238100721769
457238117916613	457238132714842	457238118215415
457238134000832	457238149150779	457238134263071
457238150575415	457238165586196	457238150841978
457238167120571	457238182021352	457238167400103
457238183603228	457238198456873	457238183883384
457238200266769	457238214887915	457238200551196
457238217625676	457238231322446	457238217910728
457238233752134	457238247755362	457238234023644
457238250328384	457238264189530	457238250608853
457238266806926	457238280622290	457238267082759
457238283597863	457238297055675	457238283865728
457238300144894	457238313490779	457238300325832
457238317169946	457238329928175	457238317454269
457238333000519	457238346362602	457238333272915
457238349631301	457238362797654	457238349908540
457238366409894	457238379231405	457238366701196
457238383072707	457238395665050	457238383349478
457238400026665	457238412100883	457238400289009
457238416913540	457238428537550	457238417200675
457238432943540	457238444973228	457238433235832
457238449692707	457238461408904	457238449964634
457238466536040	457238477845571	457238466803175
457238483031457	457238494281508	457238483294946
457238499543800	457238510720414	457238499813853
457238516901144	457238527160571	457238517196821
457238533073957	457238543596509	457238533399321
457238549700728	457238560035571	457238549976300
457238566429478	457238584694373	457238566699113
457238583050675	457238601133748	457238583323644
457238599655050	457238617571716	457238599949634
457238616171509	457238634012290	457238616459009
457238632310519	457238650451977	457238632551925
457238648812602	9223372036854775807	457238649073384

POLL t=33.5 tick=1621
8333333
457248466285359	457248478598328	457248466575880
457248476202442	457248486814577	457248476450567
457248492788797	457248503247755	457248493137234
457248509513849	457248519681192	457248509778224
457248526179317	457248544330723	457248526443067
457248542831349	457248560762442	457248554639005
457248566168797	457248577197234	457248566442703
457248576199005	457248593634213	457248576452755
457248592836349	457248610068952	457248593185411
457248609516036	457248626504369	457248609767390
457248626161036	457248642940358	457248626417390
457248642802755	457248659373796	457248652320255
457248666222234	457248684027494	457248666491192
457248676265672	457248692245724	457248676462755
457248692870880	457248708681817	457248693209890
457248709508380	457248725120983	457248709759734
457248726150255	457248741557337	457248726422078
457248742828067	457248757991869	457248752371036
457248766439005	457248782646869	457248766697390
457248776186817	457248790864213	457248776448536
457248792797442	457248807300359	457248793158849
457248809462911	457248823736453	457248809720255
457248826151974	457248840174004	457248826413015
457248842859265	457248856611087	457248851499317
457248866372911	457248881264786	457248866654005
457248876134317	457248889482911	457248876401349
457248892838640	457248905916817	457248893181661
457248909530411	457248922351504	457248909767599
457248926215724	457248938787754	457248926466765
457248942836349	457248955223328	457248951198692
457248966531140	457248979874421	457248966828380
457248976208224	457248988092598	457248976483380
457248992845828	457249004531765	457248993205671
457249009484109	457249020970775	457249009736817
457249026148067	457249037411244	457249026415671
457249042881036	457249062067546	457249053960255
457249066404578	457249078503536	457249066685255
457249076263380	457249086722807	457249076496974
457249092839630	457249103159525	457249093164786
457249109484734	457249119600254	457249109752442
457249126207078	457249144257546	457249126472755
457249142853380	457249160692442	457249143102442
457249159455880	457249177125931	457249159714630
457249185653484	457249201781296	457249185933692
457249192988380	457249210000931	457249193147911
457249209610567	457249226436452	457249209815098
457249226170515	457249242872129	457249226430880
457249242779942	457249259310046	457249252276609
457249266481296	457249283963692	457249266757598
457249276199630	457249292181765	457249276460828
457249292872546	457249308616661	457249293220984
457249309486140	457249325051296	457249309736973
457249326155984	457249341486348	457249326413067
457249342895098	457249357921609	457249355911192
457249366320880	457249382570880	457249366603328
457249376215567	457249390788848	457249376473380
457249392832078	457249407223848	457249393186973
457249409499161	457249423657494	457249409757859
457249426201505	457249440091400	457249426463380
457249442914473	457249456524733	457249453962130
457249466314630	457249481177390	457249466607442
457249476228640	457249489394577	457249476491192
457249492890098	457249505828379	457249493237130
457249509550203	457249522259369	457249509785046
457249526138223	457249538694160	457249526401192
457249542820827	457249555125097	457249550858171
457249566489317	457249579772754	457249566769890
457249576254005	457249587990098	457249576505202
457249592886192	457249604424994	457249593175984
457249609491817	457249620858119	457249609754317
457249626206348	457249637294161	457249626517390
457249642885984	457249653727545	457249649383692
457249667339421	457249678380775	457249667631973
457249676218536	457249686598640	457249676484473
457249692864005	457249703035515	457249693241609
457249709616348	457249719475202	457249709868536
457249726242286	457249744130826	457249726503848
457249742922129	457249760565201	457249753079265
457249766432754	457249777000775	457249766733171
457249776227911	457249793432754	457249776495879
457249792870723	457249809867494	457249793228379
457249809552911	457249826303536	457249809811140
457249826321296	457249842739317	457249826567546
457249843062286	457249859175254	457249855817546
457249866326348	457249883826920	457249866605671
457249876284786	457249892045931	457249876545098
457249892912911	457249908479785	457249893258536
457249909593015	457249924913639	457249909850254
457249926234004	457249941345566	457249926489890
457249942930098	457249957778535	457249943182234
457249959612598	457249974210983	457249962805046
457249983172286	457249998861139	457249983469161
457249992885515	457250007078691	457249993244473
457250009609265	457250023510514	457250009866609
457250026268379	457250039942129	457250026527754
457250042928223	457250056377285	457250043182129
457250059658848	457250072812233	457250072315671
457250083105046	457250097465098	457250083376973
457250092926504	457250105681973	457250093283015
457250109632390	457250122119525	457250109897754
457250126255671	457250138558848	457250126512286
457250142919942	457250154996192	457250143165671
457250159571504	457250171432129	457250159833692
457250176300411	457250187868795	457250179933067
457250199967754	457250212524629	457250200250046
457250209539161	457250220741973	457250209807286
457250226288067	457250237177754	457250226551661
457250242962546	457250253613431	457250243215254
457250259555411	457250270049524	457250259811348
457250276312390	457250294700306	457250289083067
457250299745411	457250311136556	457250300007233
457250309575254	457250327569785	457250309829786
457250326209629	457250344002181	457250326476296
457250342854629	457250360434577	457250343114108
457250359559577	457250376866972	457250359817754
457250376254942	457250393300358	457250386139786
457250399848015	457250417952233	457250400120827
457250409517077	457250426169577	457250409817910
457250426187702	457250442603066	457250426447754
457250442871660	457250459038327	457250443135202
457250459578692	457250475474317	457250459840098
457250476259890	457250491910774	457250483957754
457250499815410	457250516564160	457250500113327
457250509561192	457250524783431	457250509824421
457250526270827	457250541221660	457250526538796
457250542905983	457250557658587	457250543154890
457250559601348	457250574094942	457250559851035

POLL t=45.2 tick=1720
8333333
457259793175980	457259810534313	457259794229626
457259816881917	457259835184157	457259817168532
457259826517438	457259843401604	457259826765876
457259843228688	457259859838740	457259843508219
457259859864730	457259876274573	457259860146657
457259876540094	457259892711031	457259876800719
457259893182751	457259909147438	457259906314313
457259909849938	457259925585927	457259910117074
457259933487907	457259950240979	457259933777855
457259943145511	457259958459781	457259943433844
457259959855980	457259974896969	457259960114574
457259976542386	457259991333531	457259976807751
457259993276501	457260007769677	457259993507751
457260009870563	457260024204469	457260015387126
457260033326501	457260048858271	457260033616188
457260043184157	457260057074677	457260043436448
457260059898844	457260073509782	457260060157698
457260076491188	457260089941552	457260076751292
457260093179313	457260106372594	457260093436501
457260109817751	457260131020041	457260123342438
457260133347542	457260147453583	457260133623688
457260143223792	457260155671552	457260143472751
457260159863323	457260172106344	457260160107907
457260176557282	457260188537021	457260176754469
457260193168844	457260204967855	457260193430355
457260209825980	457260221400406	457260210186188
457260226543219	457260237835094	457260231136813
457260250346136	457260262483427	457260250646448
457260259911761	457260270700302	457260260171344
457260276536500	457260287133583	457260276791969
457260293260250	457260303568271	457260293479000
457260309811292	457260320001969	457260310197230
457260326573167	457260344656083	457260326820823
457260343229157	457260361092229	457260346615563
457260366939469	457260377529364	457260367239573
457260376552282	457260393964104	457260376799261
457260393231136	457260410400459	457260393496292
457260409878167	457260426835250	457260410239000
457260426529782	457260443270562	457260426783219
457260443174886	457260459706656	457260455911344
457260466964990	457260484362281	457260467278584
457260476544417	457260492581448	457260476846605
457260493285875	457260509018844	457260493491344
457260509900250	457260525455354	457260510252855
457260526570355	457260541890875	457260526826032
457260543200667	457260558324469	457260547164886
457260567518167	457260582973219	457260567791657
457260576576605	457260591189260	457260576799469
457260593239261	457260607622229	457260593506136
457260609803063	457260624059052	457260610153167
457260626484469	457260640492698	457260626750823
457260643161500	457260656926239	457260656451032
457260666243688	457260681574937	457260666559782
457260676568063	457260689791344	457260676875979
457260693230875	457260706221292	457260693477282
457260709891657	457260722652490	457260710323636
457260726517854	457260739087020	457260726777542
457260743284261	457260755521448	457260743494938
457260759887907	457260771956968	457260763007438
457260784311813	457260796609625	457260784604157
457260793200094	457260804826656	457260793457438
457260809927334	457260821261396	457260810289104
457260826596500	457260837697750	457260826871813
457260843188323	457260854135667	457260843461813
457260859856969	457260878791292	457260873651448
457260883962750	457260895229833	457260884210563
457260893272594	457260903447854	457260893517750
457260909864313	457260928102177	457260910236656
457260926579625	457260944535979	457260926828219
457260943250875	457260960970406	457260943500511
457260959842542	457260977403948	457260960117906
457260976548167	457260993837749	457260984387906
457261000701813	457261018489313	457261000981813
457261009840094	457261026707646	457261010195563
457261026641136	457261043142958	457261026902229
457261043345511	457261059579208	457261043484625
457261059915198	457261076014520	457261060179938
457261076582229	457261092448479	457261076840406
457261093258167	457261108882385	457261094360667
457261118205875	457261133528427	457261118477438
457261126596604	457261141744000	457261126843844
457261143277125	457261158175197	457261143517542
457261159910563	457261174606916	457261160168948
457261176618219	457261191040666	457261176858219
457261193302750	457261207474625	457261193561656
457261209918219	457261223911603	457261215790094
457261234580198	457261248564989	457261234850511
457261243201656	457261256783322	457261243449313
457261259998063	457261273217333	457261260259886
457261276757750	457261289648948	457261276953167
457261293274000	457261306080771	457261293511656
457261309902698	457261322513427	457261310261344
457261326620979	457261338947749	457261328263531
457261351453844	457261363599469	457261351735667
457261359946292	457261371817177	457261360198688
457261376659781	457261388252906	457261376925094
457261393291031	457261404688010	457261393539260
457261409928531	457261421121448	457261410298375
457261426626344	457261437558270	457261426876656
457261443342281	457261453993583	457261448053688
457261468429469	457261478644468	457261468700667
457261476573063	457261495080145	457261476832594
457261493264156	457261511513948	457261493504417
457261509953219	457261527947853	457261510310042
457261526619469	457261544382020	457261526890094
457261543245562	457261560815041	457261543478531
457261559924781	457261577249364	457261563503323
457261584729312	457261601901135	457261585025250
457261593259000	457261610115770	457261593527385
457261609858062	457261626544312	457261610240354
457261626523479	457261642975353	457261626803792
457261643259937	457261659407906	457261643514312
457261659914156	457261675841395	457261675001969
457261676580406	457261692273844	457261676841187
457261701542073	457261716922698	457261701826865
457261709826656	457261725140822	457261710185615
457261726568062	457261741576030	457261726845042
457261743298219	457261758012489	457261743531500
457261759953531	457261774449364	457261760199312
457261776606812	457261790886396	457261783979156
457261801200406	457261815539781	457261801465979
457261809891969	457261823758791	457261810244000
457261826663687	457261840196552	457261826928531
457261843273844	457261856633374	457261843545198
457261859871187	457261873069676	457261860151135
457261876628687	457261889504728	457261876895094
457261893255406	9223372036854775807	457261896531031

POLL t=57.0 tick=1864
8333333
457271510174465	457271521986027	457271517329777
457271534642382	457271546637069	457271534924934
457271543486757	457271554853631	457271543744725
457271560154309	457271571287537	457271560419413
457271576798527	457271587722485	457271577072538
457271593527694	457271604158892	457271593779152
457271610173163	457271620593735	457271612777434
457271634353059	457271645243110	457271634636652
457271643485715	457271653460506	457271643772746
457271660248163	457271678113371	457271660490819
457271676842902	457271694549308	457271677197225
457271693517225	457271710983631	457271693798632
457271710163788	457271727418787	457271713382434
457271734753684	457271752072173	457271735027746
457271743535559	457271760290662	457271743791027
457271760217746	457271776725350	457271760477121
457271776898840	457271793159204	457271777120507
457271793527538	457271809594256	457271793786965
457271810207590	457271826030506	457271816422434
457271834490559	457271850679621	457271834782381
457271843470715	457271858896235	457271843745559
457271860269777	457271875330298	457271860513475
457271876858527	457271891763214	457271877128475
457271893563319	457271908196391	457271893828059
457271910154777	457271924631495	457271913660871
457271934726600	457271949285454	457271935037277
457271943513840	457271957503058	457271943787590
457271960258788	457271973938110	457271960518788
457271976918684	457271990373735	457271977117850
457271993541184	457272006809465	457271993793996
457272010178996	457272023246495	457272015478215
457272034391652	457272047899256	457272034692433
457272043465038	457272056116599	457272043750246
457272060271756	457272072551183	457272060536496
457272076872381	457272088982485	457272077137538
457272093498944	457272105414672	457272093765975
457272110172850	457272121845454	457272115923319
457272134551496	457272146494308	457272134851496
457272143586027	457272154712121	457272143841965
457272160261183	457272171145193	457272160516965
457272176821652	457272187578058	457272177078840
457272193498475	457272204008787	457272193759621
457272210141131	457272220442121	457272217804569
457272234854256	457272245085871	457272235137538
457272243494569	457272261516860	457272243759413
457272260210090	457272277948787	457272260473215
457272276814725	457272294381496	457272277072433
457272293478475	457272310813319	457272293754621
457272310201965	457272327242642	457272318580975
457272334972538	457272351889568	457272335268371
457272343478475	457272360106703	457272343761756
457272360278215	457272376537381	457272360514933
457272376885090	457272392970714	457272377140819
457272393502902	457272409402537	457272393764152
457272410203058	457272425836392	457272413159308
457272435015558	457272450490141	457272435304152
457272443480090	457272458707589	457272443749465
457272460268996	457272475142068	457272460517225
457272476887277	457272491577172	457272477151652
457272493564152	457272508011965	457272493826444
457272510163840	457272524447277	457272515640194
457272535019933	457272549100454	457272535336600
457272543536340	457272557317745	457272543795715
457272560227590	457272573753162	457272560527694
457272576793371	457272590187797	457272577072277
457272593451444	457272606622380	457272593731756
457272610188944	457272623057433	457272613019621
457272634854308	457272647707902	457272635157746
457272643497277	457272655925506	457272643757225
457272660205871	457272672358839	457272660470975
457272676868215	457272688792173	457272677111652
457272693465819	457272705228735	457272693744308
457272710182069	457272721662745	457272715438214
457272734905506	457272746313631	457272735205246
457272743458683	457272754532225	457272743748475
457272760189256	457272770969881	457272760447850
457272776785714	457272787407902	457272777051652
457272793459464	457272812061391	457272793732277
457272810185558	457272828497172	457272811984308
457272834888371	457272853150401	457272835192121
457272843524464	457272861370036	457272843790975
457272860168162	457272877808787	457272860449569
457272876788058	457272894245714	457272877063996
457272893454933	457272910682693	457272893732746
457272910225402	457272927119777	457272913824621
457272935141287	457272951772381	457272935458839
457272943509152	457272959990922	457272943778214
457272960262381	457272976426495	457272960528214
457272976883214	457272992861912	457272977149621
457272993550975	457273009298109	457272993819152
457273010241808	457273025733735	457273012969569
457273035047121	457273050383943	457273035336339
457273043560089	457273058600662	457273043828058
457273060287746	457273075034464	457273060548214
457273076877746	457273091470037	457273077136339
457273093573683	457273107905037	457273093827589
457273110295506	457273124342328	457273113426496
457273135032850	457273148995922	457273135353839
457273143535350	457273157213734	457273143808371
457273160251912	457273173649724	457273160521652
457273176911027	457273190082120	457273177183006
457273193550714	457273206512381	457273193809621
457273210218475	457273222946391	457273213387589
457273235218527	457273247596808	457273235528527
457273243556131	457273255813474	457273243874777
457273260218371	457273272249360	457273260491443
457273276860037	457273288682745	457273277143371
457273293532902	457273305117224	457273293809152
457273310247277	457273321553579	457273314027121
457273335024725	457273346208630	457273335314152
457273343520089	457273354426026	457273343819152
457273360181808	457273370861652	457273360456339
457273376808683	457273387294724	457273377079933
457273393461600	457273411946026	457273393734412
457273410154881	457273428381599	457273413418214
457273434994308	457273453034099	457273435348162
457273443483058	457273461252537	457273443760402
457273460178683	457273477686547	457273460449412
457273476801808	457273494123839	457273477080350
457273493471495	457273510558474	457273493758995
457273510193006	457273526993786	457273514825975
457273535740714	457273551643735	457273536040818
457273543445245	457273559861235	457273543722850
457273560207068	457273576296547	457273560480870
457273576829464	457273592735192	457273577109100
457273593459308	457273609173578	457273593740506
457273610180350	9223372036854775807	457273612097068

POLL t=68.1 tick=1981
8333333
457282760524304	457282771864981	457282760804461
457282777196596	457282788297377	457282777556804
457282793856023	457282812947325	457282806650242
457282810531284	457282821162950	457282810872429
457282836888679	457282854029929	457282837239929
457282843854304	457282862246961	457282844237065
457282860518940	457282878679565	457282860802898
457282877194929	457282895111387	457282880802898
457282901501648	457282911544356	457282901808523
457282910492742	457282927979304	457282910836336
457282927267898	457282944415449	457282927556648
457282943855242	457282960849668	457282944126752
457282960535398	457282977284824	457282965358367
457282985549721	457283001938679	457282985937586
457282993806023	457283010157116	457282994064148
457283010538367	457283026593887	457283010795554
457283027182586	457283043030866	457283042671023
457283043897898	457283059466700	457283044209929
457283072744148	457283084118523	457283073089617
457283077184252	457283092337273	457283077499148
457283093849304	457283108774460	457283094126283
457283110523367	457283125209981	457283112693211
457283135001804	457283149865137	457283135299252
457283143858211	457283158084200	457283144201752
457283160520971	457283174522012	457283160836336
457283177209773	457283199179460	457283191406648
457283193851492	457283207400814	457283194170710
457283220433210	457283232058366	457283220742898
457283227149617	457283240277793	457283227476596
457283243858835	457283256716544	457283244130710
457283260523940	457283273157533	457283267446335
457283285772742	457283297819460	457283286073471
457283293861752	457283306039565	457283294130242
457283310536492	457283322480970	457283310803679
457283327191804	457283347139408	457283339273158
457283352257117	457283363579616	457283352527898
457283360526804	457283371799929	457283360797898
457283377200346	457283388239824	457283377561960
457283393860242	457283412899616	457283408651179
457283410527585	457283421119720	457283410876179
457283435296127	457283445779044	457283435682377
457283443803679	457283453996283	457283444199096
457283460540710	457283478652741	457283460814929
457283477216179	457283495093158	457283493162117
457283493875658	457283511532324	457283494237065
457283520916492	457283536188367	457283521213367
457283527149408	457283544408002	457283527513679
457283543812065	457283560846752	457283544083523
457283560564617	457283577283314	457283566065190
457283584792117	457283601942273	457283585092065
457283593886023	457283610161960	457283594135085
457283610524148	457283626601439	457283610792117
457283627160502	457283643039772	457283638776492
457283652070971	457283667698939	457283652337117
457283660524773	457283675919720	457283660803471
457283677208627	457283692358939	457283677561960
457283693859460	457283708799512	457283694128054
457283710593679	457283725242012	457283710931492
457283735783210	457283749903939	457283736153523
457283743863054	457283758125032	457283744269929
457283760557429	457283774565398	457283760846804
457283777193992	457283791004876	457283777557117
457283793898835	457283807445293	457283799033367
457283818544773	457283832103834	457283818862742
457283827214564	457283840323991	457283827481596
457283843831752	457283856764773	457283844115398
457283860506491	457283873205032	457283871809304
457283885121283	457283897864720	457283885416023
457283893807116	457283906084356	457283894078471
457283910493471	457283922519773	457283910764460
457283927196335	457283947173470	457283941337377
457283943874304	457283955392272	457283944298679
457283973522585	457283988267064	457283973904564
457283977178054	457283996486648	457283977542116
457283993896804	457284004706647	457283994191283
457284010583991	457284021147220	457284010839408
457284027291804	457284037587429	457284027614929
457284055264460	457284070466283	457284055550346
457284060566179	457284078685033	457284060856023
457284077220189	457284095123574	457284077595398
457284093889877	457284111562011	457284095286335
457284117929252	457284128000397	457284118218471
457284127240241	457284144442221	457284127508366
457284143941335	457284160879668	457284144197273
457284160664877	457284177316022	457284162000554
457284184286804	457284201970866	457284184581335
457284193929460	457284210189147	457284194191439
457284210598835	457284226626022	457284210857898
457284227336179	457284243064043	457284230214616
457284251641804	457284267723575	457284251996596
457284260643627	457284275941648	457284260921960
457284277218054	457284292378730	457284277570866
457284293954564	457284308814772	457284294212845
457284310695554	457284325249772	457284311382273
457284335719304	457284349903730	457284336076023
457284343916283	457284358122584	457284344181335
457284360613523	457284374560397	457284360877898
457284377234148	457284399216126	457284393263210
457284393982116	457284407434877	457284394331023
457284419841595	457284432091491	457284420135710
457284427288679	457284440311334	457284427543783
457284444495658	457284456750553	457284444611179
457284460763210	457284473189043	457284461034877
457284485634252	457284497849199	457284485922377
457284493971647	457284506069303	457284494238991
457284510659460	457284522510761	457284510931127
457284527471283	457284538949824	457284527819564
457284554515085	457284571826438	457284554789304
457284560629147	457284580044928	457284560988522
457284577322845	457284588263210	457284577678314
457284594023939	457284604701804	457284595312741
457284618332429	457284629356907	457284618691022
457284627304877	457284645794876	457284627597741
457284643953991	457284662236022	457284644225345
457284660624304	457284678676387	457284672579252
457284677287741	457284695116283	457284677659460
457284706095554	457284719778991	457284706392741
457284710607064	457284728000449	457284710959720
457284727286752	457284744436334	457284727573054
457284744038054	457284760874876	457284746065710
457284768544408	457284785532897	457284768904616
457284777337741	457284793752585	457284777739772
457284793967116	457284810189304	457284794243314
457284810679720	457284826623626	457284824225554
457284827343939	457284843058834	457284827702741
457284854738054	457284867714824	457284855009095
457284860665085	9223372036854775807	457284860929929

POLL t=80.1 tick=2115
8333333
457294805840029	457294817306122	457294806132529
457294811806644	457294825523205	457294812082841
457294828531123	457294841957372	457294828807581
457294845190498	457294858390758	457294848132425
457294869881331	457294883038987	457294870179560
457294878534612	457294891255081	457294878894404
457294895218675	457294907685185	457294895479769
457294911835654	457294924116695	457294912208987
457294928548675	457294940548883	457294930519456
457294953787894	457294965195185	457294954088050
457294961869300	457294973410966	457294962160810
457294978528206	457294989842425	457294978801748
457294995190185	457295014490809	457295007658206
457295011908466	457295022706955	457295012263050
457295040140029	457295055574976	457295040445862
457295045192060	457295063791695	457295045558050
457295061845393	457295072008257	457295062112373
457295078493987	457295096654507	457295082300706
457295104141956	457295121300185	457295104530706
457295111811435	457295129515132	457295112204456
457295128564873	457295145945549	457295128896800
457295145164300	457295162377268	457295145448675
457295161883362	457295178808934	457295166274404
457295187068987	457295203457788	457295187376956
457295195146175	457295211673622	457295195446643
457295211974143	457295228105549	457295212340081
457295228580393	457295244539299	457295228852373
457295245261279	457295260973570	457295247411800
457295270584925	457295285625393	457295270888050
457295278531175	457295293842581	457295278921956
457295295212581	457295310276799	457295295507216
457295311928310	457295326711435	457295312309300
457295328619404	457295343146226	457295335009300
457295353841904	457295367798257	457295354135081
457295361923206	457295376014143	457295362192112
457295378583779	457295392447164	457295378856487
457295395248987	457295408881643	457295406195185
457295420461904	457295433532268	457295420745654
457295428584925	457295441749976	457295428850654
457295445269925	457295458185080	457295445529716
457295461910393	457295474622424	457295462176122
457295478604143	457295491057476	457295480548831
457295503975497	457295515707528	457295504581175
457295511899143	457295523925966	457295512270081
457295528574247	457295540363570	457295528852529
457295545217737	457295556801018	457295545496956
457295561870810	457295573237059	457295567775341
457295587600393	457295606110237	457295587914768
457295595176956	457295614329716	457295595486279
457295611912529	457295622547997	457295612275966
457295628589872	457295647198153	457295642371018
457295645264456	457295655414976	457295645617841
457295674160706	457295688286851	457295674449768
457295678702737	457295696504039	457295678995966
457295695249924	457295712936955	457295695518154
457295711942529	457295729370653	457295716216799
457295737131018	457295754023101	457295737432841
457295745196487	457295762241539	457295745476904
457295761951799	457295778677789	457295762216643
457295778627893	457295795113935	457295794453935
457295795282424	457295811549195	457295795648362
457295822459456	457295836199716	457295822758518
457295828582060	457295844416435	457295828861799
457295845263206	457295860845705	457295845534612
457295862004456	457295877277320	457295864042529
457295889830081	457295901923674	457295890115237
457295895302268	457295910140549	457295895617060
457295911955081	457295926573466	457295912393206
457295928579560	457295943007320	457295937353049
457295956058674	457295967659871	457295956375341
457295962021643	457295975876903	457295962311279
457295978689612	457295992311226	457295978956487
457295995305029	457296008747215	457295995589716
457296012039560	457296025184039	457296015393310
457296037793622	457296049834299	457296038078987
457296045340549	457296058049455	457296045617372
457296062018622	457296074483570	457296062284612
457296078703674	457296090917945	457296090111643
457296103823206	457296115568778	457296104101799
457296112026122	457296123785810	457296112391174
457296128709612	457296140221070	457296128972581
457296145319143	457296164872788	457296158484612
457296170503049	457296181307892	457296170790237
457296178665653	457296189525757	457296178946956
457296195325653	457296205961903	457296195601747
457296212092737	457296230619246	457296224798674
457296237820081	457296255273101	457296238108778
457296245326331	457296263489299	457296245615601
457296262037685	457296279922788	457296262298206
457296278695185	457296296358361	457296291462997
457296295458205	457296312795288	457296295783362
457296326562528	457296337444715	457296326938622
457296328632528	457296345660653	457296328967893
457296345432424	457296362092371	457296345817424
457296362067268	457296378522789	457296372079091
457296389159768	457296403169611	457296389454299
457296395358049	457296411385445	457296395637112
457296412131330	457296427815861	457296412493830
457296428693362	457296444249403	457296442455705
457296445471174	457296460682163	457296445821278
457296475164924	457296493552684	457296475461643
457296478671643	457296501771226	457296479015497
457296495316799	457296509989403	457296495591174
457296512132060	457296526425080	457296516208153
457296537696018	457296551079976	457296537973622
457296545398362	457296559297737	457296545766487
457296562018830	457296575735028	457296562321643
457296578712060	457296592170705	457296578973466
457296595401487	457296608604455	457296597308362
457296621598205	457296633255861	457296621903362
457296628692580	457296641472580	457296628969612
457296645359612	457296657907007	457296645625028
457296662041955	457296674341694	457296664055237
457296688233778	457296698993205	457296688587737
457296695309872	457296707210757	457296695657060
457296712133153	457296723643830	457296712673987
457296728694455	457296740080965	457296728959924
457296745413205	457296756515705	457296752078362
457296771472580	457296789384872	457296771762268
457296778687580	457296797601903	457296778959143
457296795355393	457296805818570	457296795635966
457296812145237	457296830466851	457296824327893
457296828686799	457296838684715	457296828995549
457296859499716	457296871557632	457296859793674
457296862308622	457296879777476	457296862588674
457296878743049	457296896214298	457296879002737
457296895406018	9223372036854775807	457296901070653

POLL t=91.9 tick=2326
8333333
457306562502524	457306576121118	457306563708306
457306588321274	457306600777159	457306588726639
457306595742420	457306608995909	457306596063618
457306612528358	457306625433618	457306612861639
457306629137681	457306641870753	457306629396327
457306645807420	457306658307680	457306646932733
457306670758045	457306682961274	457306671058514
457306679084452	457306691180649	457306679429139
457306695766118	457306707617993	457306696052837
457306712419712	457306732270545	457306725215389
457306729156170	457306740488461	457306729520545
457306754616483	457306765142524	457306754907577
457306762428462	457306773360076	457306762754451
457306779097108	457306798011221	457306793267108
457306795852576	457306806227888	457306796203045
457306821208514	457306839100128	457306821513462
457306829071743	457306847317992	457306829456587
457306845742889	457306863754555	457306858991170
457306870456639	457306888408670	457306870765806
457306879086274	457306896627680	457306879373462
457306895853514	457306913061430	457306896141326
457306912539920	457306929493930	457306919504764
457306937097108	457306954140596	457306937381014
457306945760181	457306962356430	457306945969920
457306962501639	457306978789242	457306962746326
457306979170337	457306995224503	457306985621795
457307003924764	457307019875180	457307004248201
457307012425024	457307028091587	457307012705233
457307029082889	457307044521586	457307029358306
457307045767368	457307060953462	457307056218358
457307070594556	457307085604087	457307070902420
457307079082733	457307093820909	457307079371118
457307095745701	457307110253982	457307096044295
457307112410233	457307126688044	457307122998514
457307139952733	457307151332888	457307140247056
457307145790337	457307159549867	457307145991274
457307162454087	457307175981795	457307162708618
457307179136951	457307192413878	457307188191795
457307203832264	457307217063201	457307204117524
457307212470076	457307225278774	457307212759764
457307229146170	457307241708409	457307229413983
457307245813618	457307258139138	457307255966326
457307270806483	457307282784034	457307271120233
457307279138774	457307290999451	457307279426951
457307295816795	457307307427003	457307296083045
457307312429608	457307323855753	457307323446014
457307337192576	457307348503514	457307337478514
457307345762264	457307356718149	457307346061170
457307362439139	457307373147733	457307362807680
457307379094399	457307389577368	457307386527889
457307404042576	457307414221221	457307404302524
457307412428670	457307422435961	457307412727733
457307429091743	457307447079190	457307429371274
457307445826118	457307463508722	457307455186587
457307471111014	457307488156325	457307471461170
457307479146639	457307496371586	457307479418774
457307495815493	457307512801534	457307496094451
457307512481326	457307529232888	457307524092837
457307537530545	457307553875701	457307537831274
457307545869607	457307562089763	457307546145076
457307562477524	457307578520753	457307562836014
457307579142107	457307594949399	457307586958045
457307604422732	457307619592211	457307604769451
457307612469920	457307627806586	457307612748670
457307629116899	457307644231117	457307629384087
457307645853514	457307660656951	457307657183045
457307670958670	457307685296534	457307671237524
457307679133670	457307693509555	457307679413514
457307695816482	457307709935180	457307696069399
457307712486951	457307726359868	457307721713670
457307737708982	457307751000180	457307737994607
457307745827264	457307759216326	457307746100076
457307762543201	457307775645753	457307762897680
457307779165337	457307792075961	457307786030024
457307804387055	457307816719243	457307804766639
457307812459451	457307824933304	457307812738201
457307829211014	457307841361638	457307829475649
457307845946014	457307857790492	457307856689295
457307869787368	457307882431429	457307870076639
457307879178826	457307890646951	457307879445857
457307896047576	457307907075127	457307896302264
457307912506274	457307931716169	457307924153930
457307938176118	457307956358930	457307938467264
457307945819086	457307964573514	457307946108982
457307962495857	457307981000857	457307962867836
457307979217055	457307997431274	457307987115024
457308004794920	457308022079502	457308005086795
457308012483826	457308030294450	457308012769139
457308029174243	457308046724607	457308029485805
457308046012889	457308063155388	457308056207107
457308071662263	457308087801586	457308071940076
457308079195388	457308096017679	457308079475857
457308095858618	457308112448930	457308096207732
457308112566482	457308128880805	457308122931013
457308138328305	457308153526117	457308138603670
457308145869086	457308161740596	457308146146743
457308162509763	457308178170857	457308162862420
457308179240649	457308194602002	457308187636430
457308204649243	457308219247783	457308204939763
457308212485701	457308227462679	457308212752263
457308229237732	457308243891429	457308229490805
457308245974920	457308260320128	457308254098201
457308272067888	457308284965076	457308272413618
457308279162576	457308293181377	457308279435961
457308295825076	457308309610804	457308296106951
457308312546274	457308326040804	457308322862107
457308338134555	457308350686638	457308338419711
457308345850649	457308358901378	457308346125961
457308362474451	457308375330753	457308362839763
457308379175076	457308391762679	457308387293618
457308404994607	457308416410023	457308405281899
457308412500232	457308424626430	457308412771795
457308429142368	457308441059034	457308429418045
457308445871482	457308457490752	457308454456170
457308471882836	457308482133825	457308472231795
457308479128513	457308490346950	457308479418357
457308495864295	457308506772992	457308496113774
457308512505076	457308531417158	457308524888774
457308529178670	457308539633461	457308529506326
457308561724086	457308572500961	457308562092263
457308562445545	457308580717471	457308562767680
457308579155805	457308597148461	457308579523930
457308595872576	457308613578773	457308605926795
457308621614763	457308638221638	457308621916170
457308629254711	457308646436117	457308629484920
457308645907524	457308662865023	457308646158982
457308662598201	457308679295440	457308670692420

POLL t=103.6 tick=2474
8333333
457318412847207	457318423424916	457318418912572
457318435756322	457318448077415	457318436058353
457318446191582	457318456294603	457318446471114
457318462841635	457318480945228	457318463111322
457318479573301	457318497379343	457318487039603
457318502428197	457318513812311	457318502724082
457318512852364	457318530247780	457318513133197
457318529510541	457318546682103	457318529776947
457318546191582	457318563118092	457318550561635
457318569737676	457318587771478	457318570117884
457318579615020	457318595991270	457318579855853
457318596310697	457318612426946	457318596589707
457318612974291	457318628865019	457318620790957
457318635879707	457318653519863	457318636218614
457318646338041	457318661738769	457318646610957
457318662992884	457318678179498	457318663260176
457318679675489	457318694619551	457318686966426
457318702623457	457318719275071	457318702942884
457318712997520	457318727493926	457318713269082
457318729668041	457318743931738	457318729935176
457318746356895	457318760369655	457318751521270
457318769599291	457318785025956	457318769930020
457318779672520	457318793243770	457318779969134
457318796348509	457318809679082	457318796607520
457318813015228	457318826115071	457318821836322
457318836046582	457318850770645	457318836333353
457318846352832	457318858989082	457318846623041
457318863020072	457318875424915	457318863293926
457318879676947	457318891862102	457318888122416
457318902793457	457318916513249	457318903081426
457318913068822	457318924730593	457318913342884
457318929723666	457318941166269	457318929991478
457318946399759	457318957598561	457318955301947
457318969427416	457318982249029	457318969716270
457318979709447	457318990466478	457318980203822
457318996359603	457319006902050	457318996641791
457319013020853	457319023335280	457319018436947
457319036156582	457319047983821	457319036435541
457319046325228	457319056201582	457319046611426
457319062991166	457319080854394	457319063270853
457319079720072	457319097291009	457319088301113
457319102872728	457319113727259	457319103176166
457319113023457	457319130159447	457319113302363
457319129653822	457319146593197	457319129930541
457319146368509	457319163026582	457319151287572
457319169571634	457319187676113	457319169860801
457319179778613	457319195892519	457319180065853
457319196405228	457319212325488	457319196763041
457319212978040	457319228759915	457319224062728
457319236247988	457319253409707	457319236534082
457319246362363	457319261625383	457319246625332
457319263022259	457319278057311	457319263284290
457319279708301	457319294487154	457319285332415
457319302610072	457319319136113	457319302895384
457319313029447	457319327352363	457319313305853
457319329691790	457319343783717	457319329963509
457319346374082	457319360214863	457319350356947
457319370008822	457319384860228	457319370359447
457319379651478	457319393075957	457319379921165
457319396318613	457319409506217	457319396688509
457319412983509	457319425939863	457319418422520
457319436215176	457319450588248	457319436499707
457319446363978	457319458804811	457319446629395
457319463026790	457319483456477	457319475428145
457319486155228	457319499892883	457319486511426
457319496321426	457319508112102	457319496593822
457319513059395	457319524547206	457319513322103
457319529749551	457319540981894	457319539210072
457319552818978	457319565634707	457319553108197
457319563075072	457319573851998	457319563337415
457319579755332	457319590288561	457319580049707
457319596505384	457319606724602	457319601126165
457319619957259	457319631375540	457319620243353
457319629730072	457319647810227	457319630012259
457319646413665	457319664245957	457319646670384
457319663172051	457319680681374	457319668065072
457319687195540	457319705337988	457319687495957
457319696440853	457319713556686	457319696716269
457319713102884	457319729990019	457319713354551
457319729863144	457319746423508	457319736314290
457319753114603	457319771076946	457319753394290
457319763051790	457319779295227	457319763324603
457319779797363	457319795731322	457319780076738
457319796548926	457319812166581	457319800859915
457319819427415	457319836814967	457319819725332
457319829831165	457319845031946	457319830124238
457319846452519	457319861466842	457319846714447
457319863136790	457319877898925	457319869875071
457319887041738	457319902547831	457319887333301
457319896485384	457319910765644	457319896753040
457319913122363	457319927201685	457319913381738
457319929846478	457319943635279	457319934216426
457319952905540	457319968287310	457319953200644
457319963110696	457319976505332	457319963398978
457319979841478	457319992941686	457319980110176
457319996520384	457320009377467	457320002819290
457320019416634	457320034026478	457320019711321
457320029739759	457320042243561	457320030010071
457320046450332	457320058676425	457320046711009
457320063117728	457320075109498	457320068423613
457320086740644	457320099755904	457320087027519
457320096411946	457320107971425	457320096679915
457320113060853	457320132618665	457320125802571
457320129709915	457320140834029	457320130131634
457320156424446	457320173691060	457320156807728
457320163048353	457320181906790	457320163413769
457320179777728	457320190124082	457320180135384
457320196412259	457320206557936	457320199475957
457320219744551	457320231208092	457320220047051
457320229744603	457320247642987	457320230007571
457320246411478	457320264076581	457320246670696
457320263073196	457320280509915	457320267799134
457320286436009	457320296943196	457320286737259
457320296405957	457320313378404	457320296669290
457320313077519	457320329811582	457320313341321
457320329766009	457320346242675	457320335235019
457320352742415	457320362675279	457320353033196
457320363083769	457320379105643	457320363356009
457320379743925	457320395536582	457320380060540
457320396453665	457320411968977	457320401646321
457320419173509	457320436618196	457320419466894
457320429707832	457320444835591	457320429982675
457320446363509	457320461269394	457320446639550
457320463094863	457320477705592	457320466927988
457320485756634	457320502353820	457320486058509
457320496413509	457320510568405	457320496776634
457320513088457	9223372036854775807	457320513368353

POLL t=115.6 tick=2701
8333333
457330386629390	457330403491265	457330386918140
457330397033036	457330411706005	457330397307672
457330413701161	457330428135483	457330413967255
457330430383297	457330444564129	457330434059911
457330453203349	457330469207775	457330453494234
457330463721942	457330477423036	457330464022411
457330480377880	457330493855640	457330480654286
457330497038349	457330510287619	457330500315692
457330522056630	457330534941108	457330522354234
457330530335067	457330543157879	457330530697672
457330547034234	457330559589494	457330555663297
457330569871474	457330584233974	457330570158661
457330580369755	457330592450067	457330580636265
457330597039599	457330608883088	457330597308192
457330613722984	457330625313765	457330617626942
457330636863817	457330649963765	457330637206474
457330647046161	457330658179547	457330647313505
457330663713453	457330674613713	457330663983817
457330680401786	457330691049338	457330684616265
457330703193817	457330715697515	457330703474859
457330713709755	457330723915432	457330713988505
457330730367203	457330748567671	457330730744286
457330747072724	457330765000223	457330750254859
457330770234286	457330781434025	457330770568817
457330780390067	457330797866786	457330780653192
457330797090796	457330814296889	457330797341005
457330813717724	457330830727411	457330824263661
457330836875849	457330847158348	457330837162359
457330847045380	457330863588036	457330847337671
457330863721942	457330880019025	457330863991786
457330880423974	457330896447254	457330883120015
457330903103974	457330921096629	457330903412567
457330913615536	457330929312880	457330913903036
457330930367203	457330945747463	457330930740536
457330947060380	457330962180536	457330953758661
457330969920692	457330986830380	457330970219599
457330980405067	457330995047775	457330980678505
457330997077828	457331011482723	457330997342411
457331013765536	457331027918192	457331016944911
457331036627723	457331052570692	457331036916265
457331047051786	457331060788036	457331047397984
457331063732723	457331077220171	457331064167098
457331080387723	457331093652566	457331092146005
457331104082098	457331118301629	457331104378348
457331113717671	457331126519598	457331113977098
457331130370692	457331142953556	457331130725536
457331147076630	457331159389130	457331153501890
457331169762723	457331184041369	457331170050067
457331180379598	457331192260067	457331180643505
457331197049598	457331208695014	457331197324598
457331213740171	457331225130067	457331216490328
457331236578765	457331249782566	457331236871942
457331247036942	457331257999494	457331247391421
457331263732723	457331274433452	457331263995067
457331280423505	457331299082931	457331290828765
457331303790536	457331315517255	457331304181473
457331313665067	457331331950796	457331313944442
457331330323973	457331348383660	457331330745067
457331347049911	457331364816890	457331353107098
457331369941161	457331381250796	457331370226786
457331380431317	457331397684911	457331380738453
457331397093817	457331414123504	457331397393348
457331413772723	457331430560848	457331416646630
457331436678817	457331446998609	457331436975015
457331447247880	457331463434233	457331447522671
457331463868921	457331479868452	457331464214442
457331480536942	457331496304024	457331491079442
457331503849755	457331520956213	457331504216109
457331513725171	457331529172827	457331513996630
457331530432411	457331545605848	457331530796473
457331547173817	457331562038296	457331552929130
457331571403505	457331586686994	457331571698140
457331580440223	457331594904025	457331580712046
457331597150692	457331611336316	457331597429598
457331613857202	457331627768504	457331619385380
457331636988609	457331652415744	457331637286421
457331647167255	457331660631994	457331647431317
457331663844077	457331677065067	457331664114442
457331680557984	457331693498140	457331685964546
457331703039598	457331718144962	457331703346786
457331713786786	457331726360119	457331714064442
457331730479598	457331742794390	457331730835952
457331747153973	457331759227202	457331753468817
457331770088296	457331783875170	457331770382098
457331780487879	457331792091316	457331780758140
457331797190536	457331808524754	457331797462879
457331813905015	457331824956525	457331817254234
457331836961265	457331849610639	457331837253036
457331847171161	457331857827931	457331847511577
457331863880067	457331874263868	457331864156629
457331880468973	457331898917045	457331891482254
457331903551890	457331915351004	457331903848348
457331913836473	457331931784702	457331914099234
457331930430067	457331948218504	457331930800067
457331947210379	457331964652150	457331952122723
457331969782723	457331981085014	457331970073452
457331980485223	457331997519858	457331980753140
457331997150796	457332013954702	457331997430327
457332013819129	457332030388451	457332017187567
457332036734598	457332055036577	457332037023192
457332047077515	457332063252566	457332047375067
457332063786004	457332079682983	457332064095067
457332080504754	457332096112774	457332083712411
457332103342567	457332120758035	457332103633348
457332113799286	457332128973295	457332114063817
457332130486004	457332145401890	457332130852879
457332147138192	457332161829754	457332151322254
457332170996317	457332186473556	457332171358817
457332180471421	457332194689025	457332180755223
457332197126004	457332211120014	457332197387879
457332213786733	457332227549337	457332222662202
457332236983504	457332252192826	457332237279598
457332247129077	457332260407045	457332247402254
457332263793348	457332276836265	457332264053608
457332280481786	457332293267202	457332286226161
457332303217358	457332317917306	457332303501473
457332313746890	457332326132879	457332314021629
457332330388660	457332342565691	457332330767723
457332347169598	457332359000170	457332351793140
457332369915067	457332383648504	457332370213035
457332380452098	457332391864493	457332380731473
457332397113660	457332408297983	457332397380327
457332413786317	457332424731889	457332419476942
457332436758296	457332449380639	457332437067567
457332447139910	457332457597357	457332447426160
457332463794233	457332474026577	457332464110223
457332480598035	9223372036854775807	457332483092098

POLL t=127.2 tick=2852
8333333
457342147373188	457342160090947	457342156998344
457342170875063	457342184735323	457342171166417
457342180672823	457342192951364	457342180948657
457342197342407	457342209384281	457342197609125
457342214037980	457342225817250	457342222399855
457342236921157	457342250462666	457342237216625
457342247334542	457342258678500	457342247610375
457342263974230	457342275108031	457342264259594
457342280678605	457342291538917	457342287401000
457342303517407	457342316184489	457342303814750
457342313977511	457342324401677	457342314276313
457342330645323	457342349050739	457342330922719
457342347337719	457342365482771	457342355455219
457342370282042	457342381915062	457342370573344
457342380688344	457342398346364	457342380950063
457342397350219	457342414780427	457342397608917
457342414034282	457342431212823	457342419312094
457342436895844	457342447643864	457342437184594
457342447352563	457342464074698	457342447634230
457342464027250	457342480507198	457342464289855
457342480747407	457342496939958	457342486456469
457342503603969	457342521582041	457342503894125
457342514014907	457342529795687	457342514283292
457342530678136	457342546224802	457342530944542
457342547461469	457342562653917	457342552709907
457342570474282	457342587302250	457342570778500
457342580728188	457342595520791	457342581095792
457342597400063	457342611953864	457342597671469
457342614058500	457342628386312	457342619561469
457342637186417	457342653034958	457342637484750
457342647402407	457342661250896	457342647663813
457342664104229	457342677680062	457342664361313
457342680736886	457342694109906	457342687399594
457342703730167	457342718756156	457342704039438
457342714066157	457342726969906	457342714335063
457342730734907	457342743398604	457342731009594
457342747511313	457342759829907	457342753690063
457342770437354	457342784480531	457342770773500
457342780735792	457342792696938	457342781091782
457342797370792	457342809128812	457342797630844
457342814092511	457342825561520	457342818937979
457342837299698	457342850210791	457342837595688
457342847396625	457342858428344	457342847741156
457342864169854	457342874859281	457342864447406
457342880733136	457342899505583	457342894373969
457342897427719	457342907721416	457342897766469
457342924514438	457342940584333	457342924799594
457342930749125	457342948800478	457342931116156
457342947402406	457342965231677	457342947663500
457342964091886	457342981660114	457342964427719
457342988127667	457342998086885	457342988540844
457342997384906	457343014514229	457342997708344
457343014148188	457343030943239	457343014479594
457343030768500	457343047373916	457343046217511
457343047463604	457343063803031	457343047766573
457343071003344	457343088445322	457343071286417
457343080717511	457343096660375	457343081088188
457343097392563	457343113087927	457343097657875
457343114073031	457343129513864	457343120368969
457343137211417	457343154155426	457343137510063
457343147413344	457343162368813	457343147691469
457343164107719	457343178796364	457343164373917
457343180741156	457343195223239	457343189926938
457343204081573	457343219863864	457343204374750
457343214073969	457343228076937	457343214339594
457343230754906	457343244502562	457343231018656
457343247411625	457343260929177	457343253237875
457343270521938	457343285573865	457343270820531
457343280730531	457343293787093	457343281099698
457343297413813	457343310214281	457343297683031
457343314085219	457343326641938	457343319278760
457343337092875	457343351283343	457343337394125
457343347484854	457343359496520	457343347790844
457343364108344	457343375924906	457343364409542
457343380835688	457343392352458	457343391055531
457343404128448	457343416997302	457343404416781
457343414154698	457343425213291	457343414433656
457343430790375	457343441643396	457343431058344
457343447540063	457343458071468	457343454574906
457343470619750	457343482712770	457343470923187
457343480712042	457343490927979	457343481096781
457343497436573	457343515571833	457343497718135
457343514149281	457343532002457	457343519640687
457343537546260	457343548431468	457343537909437
457343547436469	457343564859281	457343547720531
457343564206625	457343581286781	457343564464125
457343580784698	457343597715530	457343592443969
457343604321885	457343622361573	457343604627875
457343614146885	457343630576728	457343614418187
457343630771625	457343647004645	457343631034906
457343647477354	457343663432354	457343659882250
457343670776729	457343688077666	457343671066260
457343680719125	457343696293030	457343681103812
457343697478969	457343712722875	457343697703448
457343714133344	457343729155322	457343719696885
457343737624385	457343753804593	457343737981937
457343747446104	457343762021469	457343747728344
457343764156156	457343778455322	457343764412198
457343780789437	457343803102406	457343795908031
457343797554229	457343811318448	457343797856104
457343822999125	457343835964854	457343823286625
457343830718500	457343844181000	457343830995323
457343847463500	457343860610166	457343858457719
457343870701417	457343885256468	457343870999229
457343880752250	457343893472822	457343880992562
457343897478656	457343909902771	457343897744229
457343914107510	457343926333656	457343921059281
457343937235062	457343950979541	457343937511781
457343947426312	457343959193187	457343947717666
457343964110635	457343975624489	457343964374281
457343980768448	457343992055322	457343988732354
457344003747198	457344016703239	457344004034750
457344014094125	457344024920687	457344014370219
457344030725219	457344041352458	457344031010531
457344047446729	457344057783135	457344053360844
457344071568448	457344082432197	457344071867406
457344080663604	457344090648656	457344081084594
457344097410844	457344115298343	457344097713344
457344114096468	457344131733238	457344124909125
457344137549593	457344148167614	457344137839125
457344147391416	457344164601884	457344147669750
457344164128343	457344181035114	457344164398135
457344180739229	457344197468551	457344191364854
457344203910635	457344222117822	457344204170479
457344214101937	457344230334333	457344214378343
457344230754906	457344246766988	457344231035687
457344247446937	457344263200166	457344255108812

POLL t=139.4 tick=3002
8333333
457354114419381	457354129466464	457354114785683
457354137315683	457354154109850	457354137604746
457354147768965	457354162324537	457354148058652
457354164437402	457354178754537	457354164703600
457354181131777	457354195183183	457354184299590
457354204747819	457354219826673	457354205031152
457354214403496	457354228041724	457354214772246
457354231092090	457354244474276	457354239752350
457354253929277	457354269120683	457354254216465
457354264427194	457354277336516	457354264692402
457354281096621	457354293766048	457354281370944
457354297778756	457354310195526	457354301190006
457354320490527	457354334839224	457354320793808
457354331043027	457354343055475	457354331343340
457354347743652	457354359487089	457354348108652
457354364406100	457354375919954	457354374783027
457354388036881	457354400565683	457354388341621
457354397733965	457354408782193	457354398013652
457354414425996	457354425215109	457354414788183
457354431119121	457354441646984	457354437036412
457354453742819	457354466293704	457354454039121
457354464436308	457354482724693	457354464706777
457354481108965	457354499155630	457354481378965
457354497790006	457354515587922	457354500031777
457354522945527	457354540235474	457354523233027
457354531085944	457354548451725	457354531367090
457354547771933	457354564883600	457354556084277
457354570543965	457354581316516	457354570901725
457354581058496	457354597749798	457354581333496
457354597769381	457354614181568	457354598044433
457354614430475	457354630614068	457354618929433
457354637282089	457354655265526	457354637582246
457354647758496	457354663484120	457354648072246
457354664440683	457354679917193	457354664704433
457354681124121	457354696349485	457354684140787
457354707201933	457354720999746	457354707490996
457354714416881	457354729215839	457354714768652
457354731064850	457354745646881	457354740257089
457354753858131	457354770293443	457354754143027
457354764421621	457354778508131	457354764695527
457354781077402	457354794941568	457354781349277
457354797781308	457354811374277	457354802711933
457354820713964	457354836021621	457354820995631
457354831110683	457354844238182	457354831387037
457354847767819	457354860672349	457354848043027
457354864454589	457354877107506	457354867261152
457354887249589	457354901755370	457354887558131
457354897691308	457354909971776	457354897984589
457354914434121	457354926403183	457354914797089
457354931148600	457354942831724	457354939073183
457354954081256	457354967479537	457354954375996
457354964444277	457354975695058	457354964722506
457354981103808	457354992125839	457354981376621
457354997796100	457355008559901	457355000946256
457355020573964	457355033208235	457355020873339
457355031104433	457355041424172	457355031447402
457355047824746	457355057857141	457355048178287
457355064515475	457355082505266	457355075276621
457355087768756	457355098937766	457355088155839
457355097791152	457355115370475	457355098060371
457355114441933	457355131806100	457355114805996
457355131141308	457355148240995	457355137067871
457355153939746	457355164673808	457355154236464
457355164451464	457355181107974	457355164727714
457355181118496	457355197540579	457355181385943
457355197843600	457355213973963	457355200180527
457355223290318	457355238623026	457355223573808
457355231100318	457355246838495	457355231383496
457355247770943	457355263270474	457355256173964
457355271366256	457355287916412	457355271730943
457355281110683	457355296130474	457355281380943
457355297770683	457355312558391	457355298037402
457355314449433	457355328988130	457355324948495
457355337279381	457355353634797	457355337571152
457355347840370	457355361850683	457355348104745
457355364465370	457355378280891	457355364732245
457355381188339	457355394712766	457355385961568
457355403634277	457355419355942	457355403910058
457355414437662	457355427570057	457355414815214
457355431147558	457355444000734	457355431425058
457355447859120	457355460431255	457355450475995
457355470568183	457355485077454	457355470859277
457355481106881	457355493293495	457355481385683
457355497850214	457355517938547	457355510123027
457355519569225	457355534367714	457355519854225
457355531186881	457355542582245	457355531456152
457355547910527	457355559011620	457355548161933
457355564476881	457355575440943	457355573588964
457355587580214	457355600085683	457355587857870
457355597780995	457355608300474	457355598043183
457355614472089	457355624730735	457355614836933
457355631269589	457355649379797	457355634019433
457355656412089	457355674029901	457355656710370
457355664451100	457355682247402	457355664726308
457355681138756	457355698682245	457355689484589
457355704652245	457355715117505	457355704935527
457355714499277	457355731551829	457355714870214
457355731141256	457355747983443	457355731409902
457355747876464	457355764417401	457355757866256
457355770675006	457355780849068	457355770949745
457355781222089	457355797281255	457355781473183
457355797876620	457355813711776	457355798126464
457355814482402	457355830141360	457355824660058
457355837377089	457355854781932	457355837671308
457355847808808	457355862995109	457355848076308
457355864505995	457355879422349	457355864768912
457355881219537	457355895850786	457355887640995
457355903948495	457355920496151	457355904281620
457355914468808	457355928711932	457355914659224
457355931100058	457355945141828	457355931381933
457355947879276	457355961571099	457355951768964
457355970607662	457355986213859	457355970901099
457355981184537	457355994428443	457355981473495
457355997810683	457356010860110	457355998083808
457356014469120	457356027292037	457356024969589
457356038075214	457356051936933	457356038474901
457356047800683	457356060150994	457356048083443
457356064473964	457356076581307	457356064744589
457356081173808	457356093011568	457356088437089
457356103890839	457356117654485	457356104233287
457356114469589	457356125870005	457356114714537
457356131073443	457356142299328	457356131353808
457356147837349	457356158728860	457356150604381
457356171222089	457356183371620	457356171614068
457356181163183	457356191585630	457356181456933
457356197832870	457356216228859	457356198114120
457356214445526	457356232659537	457356225157245

POLL t=151.0 tick=3233
8333333
457365698074742	457365711756564	457365698355679
457365714769898	457365728181876	457365718964117
457365738247867	457365752823335	457365738608283
457365748098491	457365761037606	457365748395991
457365764703439	457365777465730	457365765078335
457365781395002	457365793892605	457365789315939
457365804520366	457365818532189	457365804815158
457365814689533	457365826746825	457365815010366
457365831418960	457365843172918	457365831680054
457365848099116	457365859598699	457365852533439
457365871047866	457365884235001	457365871359741
457365881408804	457365892446199	457365881684898
457365898074116	457365908869116	457365898334741
457365914737085	457365925292710	457365920897554
457365937807398	457365949928127	457365938094741
457365948113335	457365958140053	457365948390158
457365964734064	457365982775001	457365965098648
457365981420939	457365999199012	457365986280679
457366004301616	457366015624377	457366004690679
457366014691148	457366032047241	457366014989377
457366031431148	457366048472918	457366031704846
457366048111096	457366064900574	457366060616773
457366064745783	457366081326095	457366065203023
457366091920054	457366105964741	457366092231148
457366098062241	457366114178022	457366098405054
457366114734429	457366130605314	457366115098596
457366131451773	457366147028543	457366134277189
457366154424533	457366171669324	457366154786877
457366164691408	457366179882449	457366165069064
457366181369741	457366196309012	457366181649273
457366198057814	457366212734012	457366204146929
457366221175939	457366237371616	457366221485158
457366231404741	457366245584012	457366231694116
457366248100939	457366262008283	457366248366616
457366264748179	457366278431148	457366273090366
457366288070991	457366303066095	457366288370783
457366298074116	457366311278283	457366298337866
457366314744377	457366327704481	457366315008908
457366331409116	457366344128959	457366339173960
457366354295054	457366368767136	457366354585627
457366364744533	457366376979116	457366365109689
457366381418960	457366393403074	457366381690470
457366398073439	457366409824949	457366403107710
457366421033283	457366434460678	457366421329845
457366431410210	457366442672345	457366431683179
457366448094116	457366459096928	457366448362397
457366464749533	457366475522189	457366471878179
457366487711564	457366500161303	457366488035210
457366498052241	457366516587032	457366498324845
457366514695835	457366533012710	457366514980939
457366531390470	457366549438282	457366539151929
457366554482866	457366565862501	457366554776616
457366564748960	457366582288803	457366565124429
457366581423335	457366598715210	457366581695522
457366598113908	457366615140522	457366603389741
457366621152189	457366631566564	457366621469845
457366631423908	457366647992553	457366631701772
457366648207866	457366664417970	457366648400054
457366664764220	457366680842345	457366671909689
457366687619116	457366705479949	457366687926408
457366698088491	457366713692658	457366698353283
457366714742085	457366730121303	457366715017085
457366731438491	457366746549064	457366738345470
457366754240158	457366771190887	457366754519429
457366764725679	457366779404168	457366765143491
457366781391564	457366795832501	457366781661147
457366798122710	457366812260679	457366803022554
457366820937241	457366836902969	457366821222658
457366831422710	457366845116459	457366831706304
457366848154429	457366861544012	457366848419845
457366864791929	457366877973647	457366875782866
457366888466772	457366902619428	457366888750783
457366898083439	457366910833178	457366898356929
457366914788960	457366927258491	457366915053335
457366931546772	457366943687605	457366939091460
457366954484220	457366968331199	457366954781304
457366964778022	457366976545730	457366965176304
457366981459741	457366992973073	457366981723751
457366998207241	457367009399376	457367002934376
457367021223595	457367034041407	457367021516304
457367031459116	457367042256199	457367031737033
457367048218022	457367058686980	457367048478126
457367064857085	457367075117032	457367074625210
457367087462814	457367099760366	457367087762553
457367098127033	457367116190053	457367098402241
457367114806564	457367132619063	457367115076460
457367131509689	457367149047449	457367138465366
457367154544689	457367165476667	457367154820470
457367164756928	457367181904324	457367165125470
457367181481772	457367198331824	457367181759272
457367198213491	457367214760626	457367202765158
457367221180835	457367231185730	457367221466928
457367231481616	457367247610365	457367231746772
457367248190470	457367264035209	457367248464585
457367264845678	457367280464323	457367274802866
457367288336251	457367305102032	457367288621564
457367298153335	457367313313855	457367298419064
457367314792866	457367329740157	457367315066772
457367331570991	457367346166251	457367339235678
457367355841772	457367370804324	457367356115835
457367364793491	457367379017970	457367365154428
457367381461772	457367395444063	457367381721876
457367398204689	457367411869376	457367404105314
457367420856772	457367436508699	457367421166095
457367431440939	457367444723959	457367431735522
457367448137397	457367461152293	457367448404272
457367464746720	457367477575782	457367474762033
457367488860730	457367502213750	457367489171147
457367498187032	457367510426407	457367498460939
457367514786720	457367526852345	457367515052085
457367531456772	457367551486615	457367543263751
457367554733803	457367567909219	457367555012553
457367564773491	457367576121720	457367565176772
457367581419741	457367592547449	457367581687241
457367598120835	457367608976667	457367605232189
457367621127553	457367633617032	457367621426460
457367631419532	457367650043387	457367631700522
457367648169741	457367666470261	457367648436876
457367664781407	457367682899532	457367671364272
457367687563907	457367699330365	457367687855314
457367698118803	457367715757552	457367698390470
457367714797866	457367732182396	457367715067866
457367731437084	457367748608802	457367735315678
457367754442345	457367765036303	457367754716564
457367764818178	457367781461980	457367765202397
457367781466459	457367797889220	457367781744428
457367798214584	457367814315938	457367804597866

POLL t=162.6 tick=3384
8333333
457377298521248	457377311508227	457377298891925
457377315235362	457377327939268	457377315493956
457377332064893	457377344368591	457377339833800
457377354663175	457377369014320	457377354959997
457377365262706	457377377230049	457377365513956
457377381922185	457377393660883	457377382194112
457377398597393	457377410091508	457377402402550
457377421273331	457377434738590	457377421564685
457377431905831	457377442953435	457377432190987
457377448554841	457377467598903	457377461060987
457377465268175	457377475815310	457377465657497
457377491395362	457377508677706	457377491762081
457377498565518	457377516893330	457377498958800
457377515281247	457377533322601	457377515623904
457377531975935	457377549753851	457377533577550
457377554798643	457377566185153	457377555124424
457377565279268	457377582616663	457377565570987
457377581947237	457377599044633	457377582244893
457377598589424	457377615473331	457377608493435
457377621455779	457377631902862	457377621762549
457377631916924	457377648330935	457377632221247
457377648594581	457377664759632	457377648843591
457377665235779	457377681190414	457377672835154
457377687939685	457377705840258	457377688285206
457377698586091	457377714055153	457377698949112
457377715262706	457377730487236	457377715536247
457377731930466	457377746919216	457377736818799
457377754633487	457377771567653	457377754912966
457377765275206	457377779784216	457377765547029
457377781931612	457377796216403	457377782195466
457377798605049	457377812644320	457377803620987
457377821351404	457377837287809	457377821626768
457377831920310	457377845504268	457377832219112
457377848603279	457377861933851	457377848861143
457377865271404	457377878365309	457377869565206
457377887907706	457377903007862	457377888251299
457377898509268	457377911222237	457377898897341
457377915218018	457377927653226	457377915482706
457377931919841	457377944083226	457377937921247
457377954622185	457377968727393	457377954917081
457377965193279	457377976942497	457377965475310
457377981863487	457377993372809	457377982143174
457377998545935	457378009804215	457378008012706
457378021496143	457378034451456	457378021798956
457378031902810	457378042668226	457378032195206
457378048557706	457378059102028	457378048838174
457378065325778	457378075534997	457378069003487
457378088123018	457378100184215	457378088422237
457378098538747	457378116614893	457378098920049
457378115298331	457378133046612	457378115673018
457378131927706	457378149478382	457378144320049
457378148631403	457378165911559	457378148990310
457378175466768	457378190562080	457378175798174
457378181931924	457378198777653	457378182215206
457378198594268	457378215212132	457378208270518
457378222303643	457378239860361	457378222666299
457378231924997	457378248075830	457378232275830
457378248628018	457378264506559	457378248901299
457378265287237	457378280936715	457378280460153
457378281953799	457378297370725	457378282310049
457378305532237	457378322020465	457378305826612
457378315282497	457378330237393	457378315602966
457378331953903	457378346667913	457378332221143
457378348648903	457378363099163	457378355406403
457378371470830	457378387746976	457378371761143
457378381952028	457378395961976	457378382222080
457378398583122	457378412389996	457378398949112
457378415314685	457378428817757	457378418394268
457378438257862	457378453464007	457378438563591
457378448578018	457378461680830	457378448863643
457378465257237	457378478115934	457378465537862
457378481965049	457378494549528	457378486585205
457378505238955	457378519199007	457378505509685
457378515320310	457378527416195	457378515628487
457378531950674	457378543849892	457378542742810
457378555179841	457378568498590	457378555472549
457378565343643	457378576716350	457378565624685
457378581986091	457378593149684	457378582260674
457378598640987	457378609582652	457378605389997
457378621912237	457378634231299	457378622210674
457378631965309	457378642447549	457378632291143
457378648685049	457378667094580	457378648956924
457378665416612	457378683525621	457378670698903
457378688643018	457378699956090	457378688935987
457378698685362	457378716387705	457378699058643
457378715336768	457378732820570	457378715614372
457378732152705	457378749253174	457378735316768
457378754845674	457378765687288	457378755139684
457378765411143	457378782121820	457378765666612
457378782099893	457378798555413	457378782362966
457378798827653	457378814987861	457378807975362
457378822175518	457378839634476	457378822472966
457378832065049	457378847850622	457378832300674
457378848728018	457378864283538	457378848993955
457378865412080	457378880711715	457378869927549
457378888609111	457378905353486	457378888903903
457378898654268	457378913566820	457378899017080
457378915378799	457378929994423	457378915652028
457378932496768	457378946421871	457378935578174
457378955172393	457378971063122	457378955467080
457378965365205	457378979275517	457378965651143
457378982020778	457378995702132	457378982284580
457378998708122	457379012130048	457379010200674
457379021985049	457379036773330	457379022283018
457379032105674	457379044986143	457379032359372
457379048754893	457379061413329	457379049003174
457379065414372	457379077841975	457379071161299
457379088395830	457379102485049	457379088673799
457379098698799	457379110699476	457379099066299
457379115377549	457379127128330	457379115651091
457379132129997	457379143557757	457379135192080
457379155532184	457379168197288	457379155932861
457379165387393	457379176412288	457379165655466
457379182001872	457379192841820	457379182275518
457379198686455	457379217483122	457379210008174
457379222180986	457379233907913	457379222495466
457379232050830	457379242120674	457379232281247
457379248687705	457379266757757	457379248953486
457379265376143	457379283181663	457379271996924
457379288447080	457379299608798	457379288745153
457379298688643	457379316037600	457379299052340
457379315356559	457379332465986	457379315617705
457379332173486	457379348890101	457379335283122
457379355246455	457379373532548	457379355545622
457379365327705	457379381748226	457379365617236
457379382046768	457379398178902	457379382313330
457379398698018	457379414608642	457379407889424

POLL t=174.7 tick=3535
8333333
457389399009732	457389413145669	457389408633795
457389422259732	457389437794784	457389422559576
457389432360982	457389446012128	457389432628743
457389449008482	457389462445409	457389449376555
457389465702857	457389478876242	457389472279212
457389488637180	457389503518690	457389488921399
457389499016399	457389511733482	457389499285149
457389515698587	457389528162232	457389515957805
457389532364732	457389544593326	457389536330201
457389555507649	457389569240253	457389555799576
457389565688014	457389577456607	457389565956451
457389582335045	457389593889420	457389592998482
457389605449420	457389618539471	457389605740514
457389615647701	457389626754576	457389615920982
457389632352857	457389643183430	457389632611920
457389649027962	457389659614419	457389654643118
457389671971712	457389684260096	457389672256764
457389682329524	457389700692440	457389682599576
457389698991868	457389717121867	457389699267857
457389715692493	457389733553743	457389718595357
457389738661451	457389749984523	457389738952962
457389749036607	457389766417284	457389749520357
457389765696920	457389782847701	457389765967232
457389782403326	457389799281711	457389790417857
457389805784211	457389823928794	457389806138482
457389815640514	457389832144680	457389815908743
457389832351607	457389848578378	457389832615930
457389849034889	457389865010565	457389856948639
457389872150930	457389889657492	457389872440670
457389882349420	457389897873170	457389882621139
457389899017493	457389914303690	457389899283743
457389915741920	457389930732805	457389919213639
457389938698014	457389955378638	457389938991243
457389948975461	457389963594107	457389949351451
457389965684576	457389980024523	457389965956764
457389982370357	457389996454211	457389987548639
457390005490930	457390021100825	457390005784055
457390015680045	457390029316503	457390015954420
457390032347701	457390045748742	457390032620513
457390049022649	457390062180617	457390055638951
457390072145826	457390086829003	457390072440357
457390082301399	457390095047388	457390082580982
457390098966868	457390111483951	457390099253326
457390115722388	457390127920825	457390119508170
457390138708638	457390152576971	457390138997701
457390149053274	457390160794471	457390149528118
457390165665045	457390177231658	457390165940826
457390182331868	457390193666346	457390190065774
457390205719420	457390218317179	457390206084107
457390215625774	457390226532805	457390215901451
457390232306763	457390242961554	457390232588482
457390249049680	457390259391034	457390258281295
457390272368586	457390284037075	457390272673326
457390282369576	457390300467179	457390282645045
457390299022180	457390316897180	457390299289576
457390315695618	457390333327492	457390321980357
457390338602805	457390349758274	457390338888326
457390349021607	457390366191658	457390349384211
457390365691555	457390382625096	457390365968795
457390382352076	457390399057596	457390384697545
457390406114732	457390423706086	457390406414420
457390415640149	457390431923117	457390415919732
457390432338482	457390448357388	457390442234263
457390455569367	457390473011503	457390455913586
457390465698482	457390481230981	457390465970982
457390482377232	457390497669107	457390482646086
457390499061711	457390514105201	457390504458170
457390522123482	457390538757388	457390522502909
457390532322232	457390546976138	457390532607545
457390549042492	457390563413013	457390549419211
457390565745982	457390579849783	457390570327128
457390589054992	457390604506763	457390589337232
457390599053638	457390612725565	457390599325149
457390615748742	457390629159159	457390626643638
457390638867492	457390653809576	457390639144107
457390649046919	457390662026867	457390649418169
457390665770826	457390678462023	457390666029992
457390682493638	457390694895929	457390687652232
457390705686763	457390719546502	457390705984107
457390715754732	457390727763637	457390716103326
457390732434055	457390744198741	457390732704992
457390749064419	457390760631763	457390754553638
457390773832180	457390785282804	457390774211086
457390782431763	457390793499679	457390782719888
457390799109263	457390809932023	457390799375044
457390815719680	457390834577492	457390827143638
457390838875617	457390851007908	457390839152857
457390849083013	457390867436086	457390849441086
457390866118951	457390883863846	457390866393013
457390882445826	457390900292284	457390887935982
457390905600669	457390916724159	457390905898638
457390915882076	457390933157648	457390916172544
457390932479263	457390949592856	457390932738169
457390949064524	457390966027856	457390961612388
457390972378951	457390990677232	457390972658586
457390982466451	457390998893169	457390982730513
457390999162701	457391015324106	457390999410982
457391015893482	457391031756919	457391022095305
457391038726763	457391056405721	457391039016138
457391049077024	457391064622076	457391049449576
457391065800513	457391081055305	457391066062492
457391082501138	457391097487179	457391086174576
457391105520669	457391122139627	457391105822701
457391116118586	457391130358065	457391116421398
457391132547857	457391146791346	457391132783638
457391149121451	457391163223690	457391160027857
457391173255461	457391187871241	457391173532232
457391182463638	457391196087648	457391182724055
457391199145617	457391212521086	457391199415201
457391215772805	457391237172388	457391229951763
457391237787023	457391253606241	457391238088482
457391249060513	457391261822492	457391249253013
457391265729992	457391278256710	457391266008117
457391282384732	457391294687335	457391292103430
457391305586138	457391319335513	457391305873586
457391315731867	457391327552075	457391316019575
457391332388117	457391343980825	457391332677388
457391349127544	457391360408793	457391355337648
457391371986242	457391385051971	457391372287388
457391382435930	457391393267231	457391382706294
457391399133950	457391409698898	457391399384367
457391415757700	457391426130460	457391417798325
457391439039575	457391450776242	457391439320773
457391449108638	457391467207388	457391449356138
457391465790148	457391483640148	457391475835044
457391488736242	457391500073065	457391489023794
457391499073169	9223372036854775807	457391499360773

POLL t=186.1 tick=3762
8333333
457401072440509	457401088651394	457401072737957
457401082650457	457401096867227	457401083078426
457401099332384	457401113300561	457401099614051
457401116124259	457401129732800	457401120564728
457401138945509	457401154380612	457401139241915
457401149332228	457401162595665	457401149604051
457401165971395	457401179024571	457401166240145
457401182711395	457401195455717	457401189485978
457401205840040	457401220104050	457401206133478
457401215998478	457401228320769	457401216265197
457401232666290	457401244751967	457401232936447
457401249353478	457401261183425	457401253349415
457401272513009	457401285830300	457401272874103
457401282660040	457401294046134	457401282923582
457401299304728	457401310478582	457401299677801
457401316018009	457401326909519	457401325538947
457401339382072	457401351560769	457401339673322
457401349351238	457401359778060	457401349625613
457401366002228	457401384427124	457401366269728
457401382710665	457401400861811	457401386875509
457401405854051	457401417295873	457401406150665
457401415968634	457401433729102	457401416278270
457401432617957	457401450161081	457401432897540
457401449294363	457401466593477	457401454557697
457401472483165	457401483028061	457401472869363
457401482670665	457401499462019	457401482943634
457401499371134	457401515896186	457401499927697
457401516066603	457401532328165	457401527689363
457401539402176	457401556974676	457401539717228
457401549362853	457401565190612	457401549697697
457401566007853	457401581621342	457401566273009
457401582662801	457401598053373	457401595438426
457401599347697	457401614486811	457401599689884
457401626972072	457401639137123	457401627339572
457401632644884	457401647353529	457401632918947
457401649341394	457401663787540	457401661044884
457401673099988	457401688441550	457401673383269
457401682621447	457401696658373	457401682889572
457401699432801	457401713090405	457401699814207
457401716066290	457401729522488	457401725206759
457401739124572	457401754168113	457401739424884
457401749296603	457401762384623	457401749581238
457401765956394	457401778817384	457401766235197
457401782715978	457401795249623	457401788244259
457401806068113	457401819895144	457401806360769
457401816055509	457401828110248	457401816329103
457401832694259	457401844539519	457401832956394
457401849376134	457401860969987	457401853613946
457401872567540	457401885620508	457401872899259
457401882618321	457401893837905	457401882910353
457401899323426	457401910271394	457401899681551
457401916076446	457401926704415	457401925340040
457401939359259	457401951354206	457401939655978
457401949360769	457401959570977	457401949638269
457401966037540	457401984216238	457401966280665
457401982682696	457402000647435	457401988306915
457402005771238	457402017082228	457402006066915
457402015983165	457402033513894	457402016267071
457402032696863	457402049945092	457402032962332
457402049397071	457402066379987	457402053712696
457402072490353	457402082815040	457402072853321
457402082683009	457402099249623	457402083008842
457402099371134	457402115682540	457402099735613
457402116079415	457402132115248	457402126811603
457402139432540	457402156769154	457402139715196
457402149368582	457402164986811	457402149634103
457402166066238	457402181420196	457402166326134
457402182744676	457402197853790	457402192165926
457402206111863	457402222504988	457402206407019
457402215999728	457402230722384	457402216282332
457402232724363	457402247155768	457402233001915
457402249474363	457402263589570	457402256970665
457402272790509	457402288239675	457402273143269
457402282725353	457402296456810	457402282981707
457402299386603	457402312891029	457402299743634
457402316214988	457402329327331	457402322019884
457402339203634	457402353979206	457402339498946
457402349353009	457402362195560	457402349632384
457402366077384	457402378630561	457402366336290
457402382807696	457402395066290	457402386780665
457402406158582	457402419719727	457402406459259
457402416175978	457402427938061	457402416406603
457402432731707	457402444372904	457402432993165
457402449469571	457402460806446	457402454528113
457402472656134	457402485454935	457402472942800
457402482721394	457402493670717	457402482992800
457402499389415	457402510102904	457402499740821
457402516165977	457402526535143	457402520214727
457402539311238	457402551180195	457402539616915
457402549401290	457402567610821	457402549658634
457402566055300	457402584044727	457402566324415
457402582789675	457402600477748	457402589253321
457402606060352	457402616911602	457402606343113
457402616110665	457402633344883	457402616388321
457402632706446	457402649777331	457402632981446
457402649442540	457402666211550	457402654051602
457402672819363	457402690862540	457402673174571
457402682636915	457402699080404	457402682912488
457402699364727	457402715515040	457402699723477
457402716076238	457402731946602	457402725268165
457402739451238	457402756596289	457402739738946
457402749347175	457402764813633	457402749616707
457402766021602	457402781247643	457402766285821
457402782701602	457402797681862	457402789376290
457402806141290	457402822330560	457402806430509
457402816067852	457402830546342	457402816362800
457402832696915	457402846977279	457402832965821
457402849363634	457402863408998	457402854927644
457402872910977	457402888062331	457402873279415
457402882654988	457402896280560	457402882940196
457402899381759	457402912716446	457402899725196
457402916073634	457402929151238	457402923267331
457402938996602	457402953802904	457402939289259
457402949378321	457402962020664	457402949652227
457402966003425	457402978454727	457402966278634
457402982711759	457402994889102	457402987083165
457403005713894	457403019542435	457403006017696
457403016041915	457403027759311	457403016294988
457403032685925	457403052409206	457403046784571
457403049350977	457403060624623	457403049668738
457403072730196	457403085271341	457403073025509
457403082691446	457403093487435	457403082997175
457403099355040	457403118136654	457403112464050
457403122586446	457403134570717	457403122893477
457403132695821	457403142787279	457403132962696
457403149389102	457403167438008	457403149649258
457403166085352	457403183872644	457403173032696

POLL t=197.9 tick=3915
8333333
457412699678630	457412713952796	457412699942484
457412716362536	457412730383734	457412718424359
457412741763474	457412755031234	457412742046390
457412749699567	457412763248525	457412750027536
457412766337380	457412779680817	457412774870140
457412789349567	457412804331077	457412789629515
457412799640140	457412812549254	457412799930453
457412816302849	457412828985036	457412816562849
457412833055192	457412845419150	457412835727849
457412855727224	457412870067640	457412856033942
457412866340192	457412878284202	457412866691599
457412883027536	457412894718368	457412883295140
457412899694724	457412911152171	457412906688474
457412922333109	457412935802432	457412922644724
457412932974567	457412944019358	457412933380973
457412949626390	457412960453317	457412949909567
457412966344723	457412976888525	457412968433890
457412988926911	457413001542639	457412989225609
457412999678005	457413009760400	457412999945973
457413016346598	457413034412588	457413028340765
457413039481286	457413050849463	457413039835505
457413049681234	457413067283942	457413049964984
457413066342796	457413083716754	457413066614255
457413083034723	457413100149411	457413088065036
457413105513317	457413116582379	457413105798786
457413116344567	457413133013681	457413116626546
457413133013161	457413149445348	457413133373786
457413149770192	457413165876598	457413151293630
457413172325348	457413190524306	457413172621755
457413183016286	457413198739410	457413183305973
457413199727953	457413215172275	457413199999255
457413216407536	457413231603837	457413225231442
457413239106598	457413256252900	457413239402692
457413249728473	457413264468577	457413249997640
457413266394880	457413280901337	457413266667848
457413283075453	457413297334619	457413285276911
457413305749046	457413321980348	457413306033630
457413316414255	457413330195608	457413316742380
457413333063005	457413346625869	457413333417067
457413349707796	457413363056337	457413359635192
457413372500661	457413387699254	457413372782171
457413383013005	457413395913994	457413383283734
457413399688473	457413412340556	457413399973317
457413416402692	457413428768681	457413417795348
457413439219567	457413453410868	457413439514359
457413449725765	457413461625140	457413450002484
457413466388942	457413478057015	457413476761442
457413489147380	457413502704567	457413489434098
457413499728473	457413510921754	457413499999046
457413516403317	457413527356598	457413516680036
457413533062067	457413543789046	457413537436755
457413555925140	457413568438317	457413556224255
457413566342380	457413576654983	457413566625036
457413583000140	457413601306702	457413592453161
457413605816546	457413617741441	457413606120348
457413616343786	457413634174515	457413616624515
457413633004723	457413650607535	457413633386234
457413649757536	457413667043213	457413652762536
457413672406598	457413683476962	457413672695452
457413683028734	457413699911702	457413683354359
457413699736077	457413716345452	457413700069411
457413716569359	457413732776962	457413720604098
457413739177536	457413757424306	457413739467223
457413749732223	457413765639879	457413750001702
457413766350504	457413782072431	457413766640140
457413783097692	457413798506233	457413785283890
457413806065348	457413823156077	457413806393629
457413816432536	457413831373681	457413816687379
457413833083890	457413847807327	457413833441911
457413849801598	457413864239202	457413853137536
457413872702952	457413888886911	457413872988161
457413883079254	457413897104774	457413883354879
457413899824723	457413913539149	457413900095973
457413916515504	457413929973108	457413926289879
457413939190609	457413954623942	457413939499879
457413949794411	457413962841390	457413950071911
457413966465296	457413979277066	457413966728629
457413983140348	457413995711025	457413992664098
457414006075973	457414020361129	457414006365817
457414016447379	457414028576962	457414016715817
457414033086911	457414045010035	457414033449723
457414049855036	457414061442483	457414054847327
457414072759202	457414086087327	457414073047952
457414083131546	457414094305139	457414083395036
457414099816911	457414110737483	457414100079254
457414116566702	457414127169827	457414118330192
457414141104411	457414151820712	457414141447483
457414149809254	457414160037014	457414150075192
457414166435504	457414176468525	457414166694827
457414183150348	457414201114723	457414192995504
457414205970140	457414217544410	457414206257848
457414216492848	457414233973942	457414216752536
457414233135452	457414250404358	457414233495608
457414249874515	457414266836077	457414251391754
457414274840348	457414291484826	457414275130348
457414283088317	457414299701389	457414283417067
457414299785140	457414316136441	457414310262327
457414322709410	457414340783368	457414323019358
457414333101754	457414349000296	457414333467223
457414349837223	457414365432066	457414350088942
457414366510192	457414381866805	457414372749515
457414389208004	457414406516702	457414389500348
457414399731285	457414414733733	457414400018473
457414416465035	457414431167326	457414416727171
457414433115765	457414447600400	457414438112952
457414455588265	457414472250817	457414455893785
457414466428160	457414480467795	457414466707535
457414483123890	457414496900452	457414483386598
457414499788733	457414513332274	457414506126233
457414522534098	457414537978107	457414522813629
457414533102223	457414546194879	457414533473317
457414549780973	457414562629879	457414550042379
457414566435035	457414579064931	457414568545765
457414589226233	457414603713368	457414589523421
457414599736390	457414611930243	457414600065660
457414616382379	457414636577379	457414628549879
457414640345765	457414653010712	457414640623317
457414649710504	457414661226598	457414649986129
457414666387327	457414677658472	457414666703942
457414683077014	457414694089253	457414689299879
457414706207692	457414718737379	457414706512692
457414716461442	457414726952222	457414716729723
457414733050139	457414743382431	457414733410817
457414749783004	457414759810660	457414752602483
457414772870504	457414784461701	457414773217014
457414783092171	457414800895920	457414783381702
457414799801285	457414817329305	457414800085608

POLL t=209.8 tick=4068
8333333
457424583395969	457424595645135	457424591826125
457424606469407	457424620301072	457424606777948
457424616655344	457424628519667	457424616933573
457424633377063	457424644957635	457424633641750
457424650049667	457424661395917	457424656110604
457424673538104	457424686053729	457424673844094
457424683405813	457424694274145	457424683738938
457424700066282	457424710716542	457424700295292
457424716733157	457424727159302	457424726063625
457424739913313	457424751816489	457424740224563
457424750037375	457424760036333	457424750311698
457424766696281	457424784693677	457424767068469
457424783411229	457424801130343	457424790450656
457424806583781	457424817565500	457424806863729
457424816689354	457424834003260	457424816952636
457424833370188	457424850439197	457424833640448
457424850122688	457424866875083	457424855696750
457424873367948	457424891529042	457424873662792
457424883397688	457424899746958	457424883658313
457424900050500	457424916183416	457424900313156
457424916669406	457424932620448	457424930189875
457424933390969	457424949057010	457424933726750
457424959527375	457424973709563	457424959817688
457424966718313	457424981927166	457424967264979
457424983363000	457424998360604	457424995930656
457425000082688	457425014794823	457425000387844
457425025625448	457425039448677	457425025909563
457425033308104	457425047666281	457425033605188
457425050039094	457425064099458	457425050297531
457425066703781	457425080533937	457425067066542
457425092248156	457425105184719	457425092533000
457425100067531	457425113401333	457425100309042
457425116708156	457425129835083	457425128167844
457425140859875	457425154481333	457425141147375
457425150050292	457425162698000	457425150318104
457425166689667	457425179128729	457425167051854
457425183401594	457425195559822	457425192117010
457425206831125	457425220206020	457425207126438
457425216700188	457425228422999	457425216967844
457425233366906	457425244858364	457425233639094
457425250052479	457425261292531	457425258122010
457425273588000	457425285946073	457425273871594
457425283368781	457425294164250	457425283652844
457425300072063	457425310599770	457425300306385
457425316730448	457425327039458	457425322175813
457425339882375	457425351694615	457425340165344
457425350050344	457425359914146	457425350392479
457425366698469	457425384569719	457425367058260
457425383414719	457425401008832	457425390316698
457425406633312	457425417447948	457425406921698
457425416710344	457425433887062	457425416978573
457425433384510	457425450326957	457425433653156
457425450070760	457425466764041	457425455070344
457425473642375	457425491419875	457425473946073
457425483379719	457425499638624	457425483702323
457425500066698	457425516079406	457425500347531
457425516728937	457425532518781	457425529803156
457425533384250	457425548959614	457425533744719
457425559544250	457425573621124	457425559836750
457425566731906	457425581840395	457425566993937
457425583371542	457425598280031	457425595187062
457425607628625	457425622939718	457425608022010
457425616705344	457425631157374	457425616977219
457425633378625	457425647594093	457425633638104
457425650049979	457425664032948	457425659856229
457425673579510	457425688696125	457425673887219
457425683433469	457425696916593	457425683711698
457425700182010	457425713353312	457425700435031
457425716822062	457425729787687	457425722756281
457425741560969	457425754444041	457425741906750
457425750034094	457425762661906	457425750304198
457425766745760	457425779096906	457425766932323
457425783508781	457425795532114	457425790470187
457425807293312	457425820188468	457425807619198
457425816760969	457425828406802	457425817021437
457425833448416	457425844842687	457425833711281
457425850117844	457425861280447	457425857615812
457425873838260	457425885938364	457425874112062
457425883480448	457425894157739	457425883756854
457425900153416	457425910595499	457425900420344
457425916872062	457425927033311	457425920524719
457425940078885	457425951689457	457425940349406
457425950132375	457425968123989	457425950419406
457425966752687	457425984558937	457425967053625
457425983409875	457426000996853	457425990699719
457426006924250	457426017433260	457426007210187
457426016784510	457426033869093	457426017046281
457426033484510	457426050306385	457426033745343
457426050206593	457426066741854	457426053494041
457426075155343	457426091397895	457426075436593
457426083430604	457426099616593	457426083743625
457426100170968	457426116052687	457426100425135
457426116810500	457426132488468	457426126774093
457426140446750	457426157140395	457426140817375
457426150089979	457426165358311	457426150355031
457426166777531	457426181792166	457426167036437
457426183478156	457426198223625	457426191947062
457426207045343	457426222873885	457426207341750
457426216796906	457426231091020	457426217096125
457426233461593	457426247525655	457426233758104
457426250133416	457426263958937	457426254443104
457426274710291	457426288607166	457426275062010
457426283401281	457426296823729	457426283673156
457426300127843	457426313257686	457426300390343
457426316808000	457426329690864	457426322373885
457426339800656	457426354343624	457426340103156
457426350117687	457426362561280	457426350386593
457426366753156	457426378994874	457426367032166
457426383421541	457426395426437	457426386650291
457426406812687	457426420075603	457426407110968
457426416742687	457426428293103	457426417050135
457426433400604	457426444724822	457426433665187
457426450096750	457426461158260	457426456204562
457426474087218	457426485810239	457426474377062
457426483370135	457426494027426	457426483652531
457426500038937	457426510461333	457426500320968
457426516743729	457426526894614	457426520562843
457426540423000	457426551546385	457426540802322
457426550062218	457426567980864	457426550344197
457426566747166	457426584416385	457426567000812
457426583415291	457426600850395	457426587636593
457426606737375	457426617286645	457426607030187
457426616703260	457426633722218	457426616973468
457426633414250	457426650156697	457426633691125
457426650165135	457426666592790	457426653625812
457426675530291	457426691243988	457426675876229
457426683404093	457426699460551	457426683690447

POLL t=221.6 tick=4314
8333333
457436340414246	457436355315547	457436340697996
457436350333881	457436363535079	457436355832631
457436367002162	457436379972005	457436367276433
457436390728777	457436404628099	457436391129090
457436400314871	457436412847058	457436400604871
457436417064715	457436429285287	457436417331902
457436440450496	457436453943933	457436440735912
457436450372840	457436462164766	457436455445183
457436467042996	457436478604766	457436467311121
457436490288465	457436503262891	457436490578777
457436500342840	457436511482370	457436500612996
457436517003152	457436527922996	457436517366433
457436533716381	457436544364558	457436533847683
457436558647475	457436577245235	457436558946902
457436566967162	457436585465808	457436567262631
457436583701850	457436601904974	457436590107214
457436606939402	457436618344714	457436607244506
457436616997527	457436634783360	457436617298933
457436633762371	457436651225391	457436634091537
457436650373464	457436667667735	457436660209194
457436673864246	457436684104401	457436674160339
457436683680131	457436700542839	457436683958100
457436700381902	457436716983725	457436700740235
457436717061433	457436733424662	457436717567162
457436740431902	457436758080912	457436740732996
457436750377371	457436766299454	457436750647058
457436767044246	457436782740078	457436774800912
457436790244089	457436807400234	457436790540339
457436800384975	457436815618412	457436800660652
457436817049558	457436832057423	457436817428152
457436833734819	457436848497735	457436833896121
457436859020027	457436873154766	457436859301277
457436867067527	457436881374610	457436867323933
457436883717996	457436897816016	457436889888777
457436908226694	457436922476381	457436908514714
457436917085808	457436930698256	457436917487371
457436933690444	457436947137527	457436933951902
457436950381850	457436963577266	457436956426225
457436973685756	457436988237006	457436973972839
457436983670339	457436996455651	457436983950600
457437000386277	457437012895443	457437000658100
457437017076589	457437029334922	457437017366277
457437041903933	457437053997682	457437042190964
457437050336277	457437062219870	457437050611381
457437067046589	457437078662995	457437072750964
457437090654350	457437103324297	457437091030287
457437100357058	457437111544089	457437100720287
457437117067996	457437127981485	457437117468464
457437133707996	457437144421693	457437143034246
457437156961121	457437169080287	457437157258933
457437167049818	457437177298985	457437167330964
457437183716693	457437193734453	457437183983933
457437200404870	457437218388463	457437203414975
457437223604245	457437234824193	457437223906850
457437233720808	457437251259505	457437233990339
457437250364558	457437267695339	457437250686433
457437267087995	457437284131693	457437268040808
457437290067162	457437300570131	457437290367943
457437300328256	457437317009402	457437300690027
457437316993933	457437333448203	457437325730652
457437340301693	457437358108255	457437340598933
457437350369975	457437366328047	457437350630443
457437367066433	457437382765911	457437367336120
457437383752787	457437399202578	457437383954245
457437410676589	457437423856276	457437411026120
457437416997058	457437432075756	457437417361120
457437433677006	457437448515235	457437441226068
457437457888256	457437473170860	457437458249558
457437467023933	457437481389245	457437467306745
457437483775027	457437497828568	457437484086381
457437500566902	457437514265599	457437502313725
457437525199870	457437538921432	457437525495027
457437533771693	457437547141433	457437534036745
457437550451589	457437563579870	457437556523256
457437573842370	457437588236433	457437574133777
457437583763777	457437596454609	457437584042527
457437600478152	457437612895338	457437607001745
457437624257995	457437637556744	457437624573933
457437633796224	457437645776745	457437634097370
457437650517995	457437662217057	457437650805287
457437667126849	457437678657683	457437677203568
457437690560652	457437703318672	457437690850287
457437700484402	457437711537995	457437700750183
457437717105339	457437727978047	457437717486902
457437733790027	457437744414766	457437734084402
457437759810027	457437777290703	457437760099714
457437767186224	457437785510755	457437767524714
457437783777943	457437801950807	457437789444974
457437807311224	457437818392214	457437807589714
457437817111120	457437834832474	457437817479974
457437833790131	457437851271901	457437834060131
457437850480651	457437867710755	457437850778464
457437876881120	457437892366797	457437877235964
457437883859401	457437900585859	457437884187370
457437900482162	457437917025912	457437905667839
457437923678151	457437941680807	457437923950756
457437933823464	457437949898620	457437934107683
457437950467474	457437966333567	457437950734714
457437967173620	457437982767369	457437969977318
457437990808151	457438007418099	457437991091849
457438000451068	457438015635703	457438000714662
457438017101745	457438032072474	457438024625808
457438040445495	457438056726536	457438040751381
457438050459974	457438064945442	457438050724349
457438067165808	457438081383359	457438067431433
457438083871120	457438097820599	457438084165912
457438110295339	457438122475390	457438110581120
457438117153620	457438130694817	457438117638256
457438133765599	457438147134609	457438135941745
457438157851224	457438171794661	457438158134714
457438167109506	457438180014662	457438167379089
457438183773308	457438196453047	457438188371276
457438207573464	457438221109558	457438207860339
457438217089401	457438229328307	457438217468099
457438233755651	457438245767369	457438238113933
457438257368151	457438270421015	457438257658151
457438267064558	457438278640339	457438267375287
457438283725964	457438295077942	457438284012526
457438300453880	457438311514662	457438300802058
457438325853308	457438336168672	457438326138620
457438333790183	457438344384714	457438334058933
457438350425026	457438369038307	457438353163620
457438375725808	457438393692943	457438376036120
457438383772370	457438401911015	457438384154922
457438400428412	457438418348151	457438403063308
457438426312526	457438442999921	457438426631745
457438433810495	9223372036854775807	457438434139401

