# I19 DIAG_SEMA probe console — non-sema diag extract (deterministic)
# full:    45764 lines  17191533 bytes sha256 a4d7bfcd2ad0b1200950acbf6f1a4d141c04b16c66c4acb79ea6083899cb2d97
# filter: grep -v GetWindowScaleDPI | grep -v 'diag:dormant' | grep -v 'diag:sema' (full log on SSD: W/logs/launch-sema-console.log)
# lines below:     2655
---
Launched application with org.ps2x.ps2entryrunner bundle identifier.
Waiting for the application to terminate…
Using argv boot path
2026-09-21 08:40:59.198 ps2EntryRunner[4387:2622425] You need UIApplicationSupportsIndirectInputEvents in your Info.plist for mouse support
INFO: Initializing raylib 5.5
INFO: Platform backend: DESKTOP (SDL)
INFO: Supported raylib modules:
INFO:     > rcore:..... loaded (mandatory)
INFO:     > rlgl:...... loaded (mandatory)
INFO:     > rshapes:... loaded (optional)
INFO:     > rtextures:. loaded (optional)
INFO:     > rtext:..... loaded (optional)
INFO:     > rmodels:... loaded (optional)
INFO:     > raudio:.... loaded (optional)
INFO: DISPLAY: Device initialized successfully
INFO:     > Display size: 820 x 1180
INFO:     > Screen size:  640 x 448
INFO:     > Render size:  640 x 448
INFO:     > Viewport offsets: 0, 0
INFO: GLAD: OpenGL ES 2.0 loaded successfully
INFO: GL: Supported extensions count: 43
INFO: GL: OpenGL device information:
INFO:     > Vendor:   Apple Inc.
INFO:     > Renderer: Apple M2 GPU
INFO:     > Version:  OpenGL ES 2.0 Metal - 105
INFO:     > GLSL:     OpenGL ES GLSL ES 1.00
INFO: GL: VAO extension detected, VAO functions loaded successfully
WARNING: GL: NPOT textures extension not found, limited NPOT support (no-mipmaps, no-repeat)
INFO: GL: PVRT compressed textures supported
WARNING: PLATFORM: Unable to open game controller [ERROR: Couldn't find mapping for device (0)]
INFO: PLATFORM: DESKTOP (SDL): Initialized successfully
INFO: TEXTURE: [ID 1] Texture loaded successfully (1x1 | R8G8B8A8 | 1 mipmaps)
INFO: TEXTURE: [ID 1] Default texture loaded successfully
INFO: SHADER: [ID 1] Vertex shader compiled successfully
INFO: SHADER: [ID 2] Fragment shader compiled successfully
INFO: SHADER: [ID 3] Program shader loaded successfully
INFO: SHADER: [ID 3] Default shader loaded successfully
INFO: RLGL: Render batch vertex buffers loaded successfully in RAM (CPU)
INFO: RLGL: Render batch vertex buffers loaded successfully in VRAM (GPU)
INFO: RLGL: Default OpenGL state initialized successfully
INFO: TEXTURE: [ID 2] Texture loaded successfully (128x128 | GRAY_ALPHA | 1 mipmaps)
INFO: FONT: Default font loaded successfully (224 glyphs)
INFO: SYSTEM: Working Directory: /private/var/containers/Bundle/Application/33603E5F-978B-4D3D-A06B-6270872BC82A/ps2EntryRunner.app
INFO: AUDIO: Device initialized successfully
INFO:     > Backend:       miniaudio | Core Audio
INFO:     > Format:        32-bit IEEE Floating Point -> 32-bit IEEE Floating Point
INFO:     > Channels:      2 -> 2
INFO:     > Sample rate:   48000 -> 48000
INFO:     > Periods size:  6144
INFO: TIMER: Target time per frame: 16.667 milliseconds
[k1] armed name=ssx3-copied-payload elf=SLUS_207.72
INFO: TEXTURE: [ID 3] Texture loaded successfully (640x512 | R8G8B8A8 | 1 mipmaps)
[k1] install#1 n=0x5a handler=0x42cb78
[k1] install#2 n=0x5b handler=0x80075000
[k1] install#3 n=0x54 handler=0x42d100
[k1] lookup#1 key=0x55 value=0x80075038
[k1] install#4 n=0x55 handler=0x80075038
[k1] lookup#2 key=0x56 value=0x800750c8
[k1] install#5 n=0x56 handler=0x800750c8
[k1] lookup#3 key=0x57 value=0x80075108
[k1] install#6 n=0x57 handler=0x80075108
[k1] lookup#4 key=0x58 value=0x80075158
[k1] install#7 n=0x58 handler=0x80075158
[k1] lookup#5 key=0x59 value=0x800751a8
[k1] install#8 n=0x59 handler=0x800751a8
[k1] lookup#6 key=0x3 value=0x80075330
2026-09-21 08:40:59.384 ps2EntryRunner[4387:2622425] Unbalanced calls to begin/end appearance transitions for <SDL_uikitviewcontroller: 0x10d728000>.
2026-09-21 08:40:59.384 ps2EntryRunner[4387:2622425] Unbalanced calls to begin/end appearance transitions for <SDL_uikitviewcontroller: 0x10d728000>.
INFO: TEXTURE: [ID 4] Texture loaded successfully (512x128 | R8G8B8A8 | 1 mipmaps)
WARNING: PLATFORM: Unable to open game controller [ERROR: Couldn't find mapping for device (0)]
[diag:cd] sceCdRead lbn=0x10 sectors=1 buf=0x519c80 ret=0x3e3694
[diag:cd] sceCdRead payload lbn=0x10 buf=0x519c80 bytes=0143443030310100
[diag:cd] sceCdRead lbn=0x105 sectors=1 buf=0x519c80 ret=0x3e3694
[diag:cd] sceCdRead payload lbn=0x105 buf=0x519c80 bytes=3000050100000000
[diag:cd] sceCdRead lbn=0x106 sectors=1 buf=0x519c80 ret=0x3e3694
[diag:cd] sceCdRead payload lbn=0x106 buf=0x519c80 bytes=3000060100000000
[diag:cd] sceCdRead lbn=0x107 sectors=1 buf=0x519c80 ret=0x3e3694
[diag:cd] sceCdRead payload lbn=0x107 buf=0x519c80 bytes=3000070100000000
[diag:cd] sceCdRead lbn=0x109 sectors=1 buf=0x519c80 ret=0x3e3694
[diag:cd] sceCdRead payload lbn=0x109 buf=0x519c80 bytes=3000090100000000
[diag:cd] sceCdRead lbn=0x10a sectors=1 buf=0x519c80 ret=0x3e3694
[diag:cd] sceCdRead payload lbn=0x10a buf=0x519c80 bytes=30000a0100000000
 invDepth=1 cbFunc=0 target=1 tStatus=2 tSusp=0 tWaitReason=2 tWaitId=11 result=11
[diag:cd] sceCdRead lbn=0x10b sectors=1 buf=0x519c80 ret=0x3e3694
[diag:cd] sceCdRead payload lbn=0x10b buf=0x519c80 bytes=30000b0100000000
b8 -> 0x3e3588 -> 0x423dd0
[diag:cd] sceCdRead lbn=0x10c sectors=1 buf=0x519c80 ret=0x3e3694
[diag:cd] sceCdRead payload lbn=0x10c buf=0x519c80 bytes=30000c0100000000
 tWaitId=13 result=13
[diag:cd] sceCdRead lbn=0x10d sectors=1 buf=0x519c80 ret=0x3e3694
[diag:cd] sceCdRead payload lbn=0x10d buf=0x519c80 bytes=30000d0100000000
[diag:cd] sceCdRead lbn=0x10e sectors=1 buf=0x519c80 ret=0x3e3694
[diag:cd] sceCdRead payload lbn=0x10e buf=0x519c80 bytes=30000e0100000000
[diag:cd] sceCdRead lbn=0x10f sectors=1 buf=0x519c80 ret=0x3e3694
[diag:cd] sceCdRead payload lbn=0x10f buf=0x519c80 bytes=30000f0100000000
[diag:cd] sceCdRead lbn=0x110 sectors=1 buf=0x519c80 ret=0x3e3694
[diag:cd] sceCdRead payload lbn=0x110 buf=0x519c80 bytes=3000100100000000
[diag:cd] sceCdRead lbn=0x111 sectors=1 buf=0x519c80 ret=0x3e3694
[diag:cd] sceCdRead payload lbn=0x111 buf=0x519c80 bytes=3000110100000000
[diag:cd] sceCdRead lbn=0x112 sectors=1 buf=0x519c80 ret=0x3e3694
[diag:cd] sceCdRead payload lbn=0x112 buf=0x519c80 bytes=3000120100000000
[diag:cd] sceCdRead lbn=0x113 sectors=1 buf=0x519c80 ret=0x3e3694
[diag:cd] sceCdRead payload lbn=0x113 buf=0x519c80 bytes=3000130100000000
[diag:cd] sceCdRead lbn=0x114 sectors=1 buf=0x519c80 ret=0x3e3694
[diag:cd] sceCdRead payload lbn=0x114 buf=0x519c80 bytes=3000140100000000
[diag:cd] sceCdRead lbn=0x115 sectors=1 buf=0x519c80 ret=0x3e3694
[diag:cd] sceCdRead payload lbn=0x115 buf=0x519c80 bytes=3000150100000000
[diag:cd] sceCdRead lbn=0x116 sectors=1 buf=0x519c80 ret=0x3e3694
[diag:cd] sceCdRead payload lbn=0x116 buf=0x519c80 bytes=3000160100000000
[diag:cd] sceCdRead lbn=0x108 sectors=1 buf=0x519c80 ret=0x3e3694
[diag:cd] sceCdRead payload lbn=0x108 buf=0x519c80 bytes=3000080100000000
[diag:cd] sceCdRead lbn=0x117 sectors=1 buf=0x519c80 ret=0x3e3694
[diag:cd] sceCdRead payload lbn=0x117 buf=0x519c80 bytes=3000170100000000
[diag:start-thread] id=2 func=0x3e3be0 stack=0x51ac80 stack_size=0x4000 gp=0x4a30f0 priority=12 attr=0x0 initial_sp=0x51ec80
[diag:cd] sceCdInitEeCB stack=0x51a480 size=0x800 ret=0x3e442c
[diag:start-thread] id=3 func=0x31ac60 stack=0x6088d0 stack_size=0x10000 gp=0x4a30f0 priority=101 attr=0x0 initial_sp=0x6188d0
[diag:start-thread] id=4 func=0x31ac08 stack=0x6048c0 stack_size=0x4000 gp=0x4a30f0 priority=99 attr=0x0 initial_sp=0x6088c0
[diag:start-thread] id=5 func=0x382740 stack=0x621540 stack_size=0x1000 gp=0x4a30f0 priority=5 attr=0x0 initial_sp=0x622540
[diag:cd] sceCdRead lbn=0x5f1a3 sectors=1 buf=0x9d0800 ret=0x3e3b8c
[diag:cd] sceCdRead payload lbn=0x5f1a3 buf=0x9d0800 bytes=42494746147c1a00
[cd:callback] queued func=1 cb=0x3e3ad8
[cd:callback] start func=1 cb=0x3e3ad8
[IOP/RPC trace:unhandled] sid=0x80000006 rpc=0xff pc=0x42b0e8 ra=0x42b0e8 send=0x0/0 recv=0x52f080/4 sendBytes=[] loadedModules=[cdrom0:/data/modules/dev9.irx; cdrom0:/data/modules/usbkb.irx; cdrom0:/data/modules/usbd.irx; cdrom0:/data/modules/mcserv.irx; cdrom0:/data/modules/mcman.irx; cdrom0:/data/modules/snddrv.irx]
[sif-handshake] sregs[1]=1
[IOP/RPC trace:unhandled] sid=0x237 rpc=0x0 pc=0x3f6a04 ra=0x3f6a04 send=0x526080/128 recv=0x526140/128 sendBytes=[C0 61 52 20 00 00 00 00 00 00 00 00 00 00 00 00] loadedModules=[cdrom0:/data/modules/voipf.irx; cdrom0:/data/modules/lgaud.irx; cdrom0:/data/modules/drtysckf.irx; cdrom0:/data/modules/libnet.irx; cdrom0:/data/modules/msifrpc.irx; cdrom0:/data/modules/pppoe.irx]
[IOP/RPC trace:unhandled] sid=0x80000211 rpc=0x1 pc=0x40c34c ra=0x40c34c send=0x529100/16 recv=0x529140/144 sendBytes=[00 00 00 00 00 00 00 00 00 00 00 00 00 00 00 00] loadedModules=[cdrom0:/data/modules/voipf.irx; cdrom0:/data/modules/lgaud.irx; cdrom0:/data/modules/drtysckf.irx; cdrom0:/data/modules/libnet.irx; cdrom0:/data/modules/msifrpc.irx; cdrom0:/data/modules/pppoe.irx]
[diag:cd] sceCdRead lbn=0xe0ba6 sectors=1 buf=0x9d1480 ret=0x3e3b8c
[diag:cd] sceCdRead payload lbn=0xe0ba6 buf=0x9d1480 bytes=42494746801df519
[cd:callback] queued func=1 cb=0x3e3ad8
[cd:callback] start func=1 cb=0x3e3ad8
[diag:cd] sceCdRead lbn=0xe0ba6 sectors=1 buf=0x9d1480 ret=0x3e3b8c
[diag:cd] sceCdRead payload lbn=0xe0ba6 buf=0x9d1480 bytes=42494746801df519
[cd:callback] queued func=1 cb=0x3e3ad8
[cd:callback] start func=1 cb=0x3e3ad8
[diag:cd] sceCdRead lbn=0xe0ba7 sectors=1 buf=0x519c80 ret=0x3e3b8c
[diag:cd] sceCdRead payload lbn=0xe0ba7 buf=0x519c80 bytes=73001750f100016d
[cd:callback] queued func=1 cb=0x3e3ad8
[cd:callback] start func=1 cb=0x3e3ad8
[diag:cd] sceCdRead lbn=0x9bdb4 sectors=1 buf=0x9d1d80 ret=0x3e3b8c
[diag:cd] sceCdRead payload lbn=0x9bdb4 buf=0x9d1d80 bytes=424947460016b21b
[cd:callback] queued func=1 cb=0x3e3ad8
[cd:callback] start func=1 cb=0x3e3ad8
[diag:cd] sceCdRead lbn=0x5f4f3 sectors=1 buf=0x9d2600 ret=0x3e3b8c
[diag:cd] sceCdRead payload lbn=0x5f4f3 buf=0x9d2600 bytes=4249474638d97000
[cd:callback] queued func=1 cb=0x3e3ad8
[cd:callback] start func=1 cb=0x3e3ad8
[diag:cd] sceCdRead lbn=0x5f4f3 sectors=2 buf=0x9d2600 ret=0x3e3b8c
[diag:cd] sceCdRead payload lbn=0x5f4f3 buf=0x9d2600 bytes=4249474638d97000
[cd:callback] queued func=1 cb=0x3e3ad8
[cd:callback] start func=1 cb=0x3e3ad8
[diag:cd] sceCdRead lbn=0x5f4f5 sectors=1 buf=0x519c80 ret=0x3e3b8c
[diag:cd] sceCdRead payload lbn=0x5f4f5 buf=0x519c80 bytes=696f5c576f6c6620
[cd:callback] queued func=1 cb=0x3e3ad8
[cd:callback] start func=1 cb=0x3e3ad8
[diag:cd] sceCdRead lbn=0x6030f sectors=1 buf=0x9d3880 ret=0x3e3b8c
[diag:cd] sceCdRead payload lbn=0x6030f buf=0x9d3880 bytes=42494746e8fd930f
[cd:callback] queued func=1 cb=0x3e3ad8
[cd:callback] start func=1 cb=0x3e3ad8
[diag:cd] sceCdRead lbn=0x6030f sectors=6 buf=0x9d3880 ret=0x3e3b8c
[diag:cd] sceCdRead payload lbn=0x6030f buf=0x9d3880 bytes=42494746e8fd930f
[cd:callback] queued func=1 cb=0x3e3ad8
[cd:callback] start func=1 cb=0x3e3ad8
[diag:cd] sceCdRead lbn=0x60315 sectors=1 buf=0x519c80 ret=0x3e3b8c
[diag:cd] sceCdRead payload lbn=0x60315 buf=0x519c80 bytes=000d98c8800005c8
[cd:callback] queued func=1 cb=0x3e3ad8
[cd:callback] start func=1 cb=0x3e3ad8
[diag:cd] sceCdRead lbn=0x5d79d sectors=1 buf=0x9d7800 ret=0x3e3b8c
[diag:cd] sceCdRead payload lbn=0x5d79d buf=0x9d7800 bytes=424947465c95bd00
[cd:callback] queued func=1 cb=0x3e3ad8
[cd:callback] start func=1 cb=0x3e3ad8
[diag:cd] sceCdRead lbn=0x5d79d sectors=3 buf=0x9d7800 ret=0x3e3b8c
[diag:cd] sceCdRead payload lbn=0x5d79d buf=0x9d7800 bytes=424947465c95bd00
[cd:callback] queued func=1 cb=0x3e3ad8
[cd:callback] start func=1 cb=0x3e3ad8
[diag:cd] sceCdRead lbn=0x5d7a0 sectors=1 buf=0x519c80 ret=0x3e3b8c
[diag:cd] sceCdRead payload lbn=0x5d7a0 buf=0x519c80 bytes=670000b5b9b00000
[cd:callback] queued func=1 cb=0x3e3ad8
[cd:callback] start func=1 cb=0x3e3ad8
[diag:cd] sceCdRead lbn=0x4b9e1 sectors=1 buf=0x9d9500 ret=0x3e3b8c
[diag:cd] sceCdRead payload lbn=0x4b9e1 buf=0x9d9500 bytes=4249474660b3e100
[cd:callback] queued func=1 cb=0x3e3ad8
[cd:callback] start func=1 cb=0x3e3ad8
[diag:cd] sceCdRead lbn=0x4b9e1 sectors=13 buf=0x9d9500 ret=0x3e3b8c
[diag:cd] sceCdRead payload lbn=0x4b9e1 buf=0x9d9500 bytes=4249474660b3e100
[cd:callback] queued func=1 cb=0x3e3ad8
[cd:callback] start func=1 cb=0x3e3ad8
[diag:cd] sceCdRead lbn=0x4b9ee sectors=1 buf=0x519c80 ret=0x3e3b8c
[diag:cd] sceCdRead payload lbn=0x4b9ee buf=0x519c80 bytes=656164412e6d7066
[cd:callback] queued func=1 cb=0x3e3ad8
[cd:callback] start func=1 cb=0x3e3ad8
[diag:cd] sceCdRead lbn=0x4d618 sectors=1 buf=0x9e0200 ret=0x3e3b8c
[diag:cd] sceCdRead payload lbn=0x4d618 buf=0x9e0200 bytes=42494746a63b6b01
[cd:callback] queued func=1 cb=0x3e3ad8
[cd:callback] start func=1 cb=0x3e3ad8
[diag:cd] sceCdRead lbn=0x4d618 sectors=11 buf=0x9e0200 ret=0x3e3b8c
[diag:cd] sceCdRead payload lbn=0x4d618 buf=0x9e0200 bytes=42494746a63b6b01
[cd:callback] queued func=1 cb=0x3e3ad8
[cd:callback] start func=1 cb=0x3e3ad8
[diag:cd] sceCdRead lbn=0x4d623 sectors=1 buf=0x519c80 ret=0x3e3b8c
[diag:cd] sceCdRead payload lbn=0x4d623 buf=0x519c80 bytes=0152a8000000d9ba
[cd:callback] queued func=1 cb=0x3e3ad8
[cd:callback] start func=1 cb=0x3e3ad8
[diag:cd] sceCdRead lbn=0x48297 sectors=1 buf=0x9e5d80 ret=0x3e3b8c
[diag:cd] sceCdRead payload lbn=0x48297 buf=0x9e5d80 bytes=42494746dd8ae800
[cd:callback] queued func=1 cb=0x3e3ad8
[cd:callback] start func=1 cb=0x3e3ad8
[diag:cd] sceCdRead lbn=0x48297 sectors=9 buf=0x9e5d80 ret=0x3e3b8c
[diag:cd] sceCdRead payload lbn=0x48297 buf=0x9e5d80 bytes=42494746dd8ae800
[cd:callback] queued func=1 cb=0x3e3ad8
[cd:callback] start func=1 cb=0x3e3ad8
[diag:cd] sceCdRead lbn=0x482a0 sectors=1 buf=0x519c80 ret=0x3e3b8c
[diag:cd] sceCdRead payload lbn=0x482a0 buf=0x519c80 bytes=6130342e73736800
[cd:callback] queued func=1 cb=0x3e3ad8
[cd:callback] start func=1 cb=0x3e3ad8
0 invKind=-1 invDepth=0 cbFunc=0 target=- tStatus=-1 tSusp=-1 result=5
[diag:cd] sceCdRead lbn=0x43191 sectors=1 buf=0x9eab80 ret=0x3e3b8c
[diag:cd] sceCdRead payload lbn=0x43191 buf=0x9eab80 bytes=42494746469f0a01
[cd:callback] queued func=1 cb=0x3e3ad8
[cd:callback] start func=1 cb=0x3e3ad8
[diag:cd] sceCdRead lbn=0x43191 sectors=10 buf=0x9eab80 ret=0x3e3b8c
[diag:cd] sceCdRead payload lbn=0x43191 buf=0x9eab80 bytes=42494746469f0a01
[cd:callback] queued func=1 cb=0x3e3ad8
[cd:callback] start func=1 cb=0x3e3ad8
[diag:cd] sceCdRead lbn=0x4319b sectors=1 buf=0x519c80 ret=0x3e3b8c
[diag:cd] sceCdRead payload lbn=0x4319b buf=0x519c80 bytes=655f737569745f62
[cd:callback] queued func=1 cb=0x3e3ad8
[cd:callback] start func=1 cb=0x3e3ad8
[diag:cd] sceCdRead lbn=0x49fa9 sectors=1 buf=0x9f0380 ret=0x3e3b8c
[diag:cd] sceCdRead payload lbn=0x49fa9 buf=0x9f0380 bytes=42494746e1b8d100
[cd:callback] queued func=1 cb=0x3e3ad8
[cd:callback] start func=1 cb=0x3e3ad8
[diag:cd] sceCdRead lbn=0x49fa9 sectors=8 buf=0x9f0380 ret=0x3e3b8c
[diag:cd] sceCdRead payload lbn=0x49fa9 buf=0x9f0380 bytes=42494746e1b8d100
[cd:callback] queued func=1 cb=0x3e3ad8
[cd:callback] start func=1 cb=0x3e3ad8
[diag:cd] sceCdRead lbn=0x49fb1 sectors=1 buf=0x519c80 ret=0x3e3b8c
[diag:cd] sceCdRead payload lbn=0x49fb1 buf=0x519c80 bytes=312e7373680000c9
[cd:callback] queued func=1 cb=0x3e3ad8
[cd:callback] start func=1 cb=0x3e3ad8
[diag:cd] sceCdRead lbn=0x5b7fe sectors=1 buf=0x9f4500 ret=0x3e3b8c
[diag:cd] sceCdRead payload lbn=0x5b7fe buf=0x9f4500 bytes=42494746b522d500
[cd:callback] queued func=1 cb=0x3e3ad8
[cd:callback] start func=1 cb=0x3e3ad8
[diag:cd] sceCdRead lbn=0x5b7fe sectors=8 buf=0x9f4500 ret=0x3e3b8c
[diag:cd] sceCdRead payload lbn=0x5b7fe buf=0x9f4500 bytes=42494746b522d500
[cd:callback] queued func=1 cb=0x3e3ad8
[cd:callback] start func=1 cb=0x3e3ad8
[diag:cd] sceCdRead lbn=0x5b806 sectors=1 buf=0x519c80 ret=0x3e3b8c
[diag:cd] sceCdRead payload lbn=0x5b806 buf=0x519c80 bytes=737569745f633034
[cd:callback] queued func=1 cb=0x3e3ad8
[cd:callback] start func=1 cb=0x3e3ad8
[diag:cd] sceCdRead lbn=0x46db6 sectors=1 buf=0x9f8580 ret=0x3e3b8c
[diag:cd] sceCdRead payload lbn=0x46db6 buf=0x9f8580 bytes=424947469b03a700
[cd:callback] queued func=1 cb=0x3e3ad8
[cd:callback] start func=1 cb=0x3e3ad8
[diag:cd] sceCdRead lbn=0x46db6 sectors=8 buf=0x9f8580 ret=0x3e3b8c
[diag:cd] sceCdRead payload lbn=0x46db6 buf=0x9f8580 bytes=424947469b03a700
[cd:callback] queued func=1 cb=0x3e3ad8
[cd:callback] start func=1 cb=0x3e3ad8
[diag:cd] sceCdRead lbn=0x46dbe sectors=1 buf=0x519c80 ret=0x3e3b8c
[diag:cd] sceCdRead payload lbn=0x46dbe buf=0x519c80 bytes=7569745f6130315f
[cd:callback] queued func=1 cb=0x3e3ad8
[cd:callback] start func=1 cb=0x3e3ad8
[diag:cd] sceCdRead lbn=0x4566f sectors=1 buf=0x9fcb00 ret=0x3e3b8c
[diag:cd] sceCdRead payload lbn=0x4566f buf=0x9fcb00 bytes=42494746ad35ba00
[cd:callback] queued func=1 cb=0x3e3ad8
[cd:callback] start func=1 cb=0x3e3ad8
[diag:cd] sceCdRead lbn=0x4566f sectors=8 buf=0x9fcb00 ret=0x3e3b8c
[diag:cd] sceCdRead payload lbn=0x4566f buf=0x9fcb00 bytes=42494746ad35ba00
[cd:callback] queued func=1 cb=0x3e3ad8
[cd:callback] start func=1 cb=0x3e3ad8
[diag:cd] sceCdRead lbn=0x45677 sectors=1 buf=0x519c80 ret=0x3e3b8c
[diag:cd] sceCdRead payload lbn=0x45677 buf=0x519c80 bytes=30322e7373680000
[cd:callback] queued func=1 cb=0x3e3ad8
[cd:callback] start func=1 cb=0x3e3ad8
[diag:cd] sceCdRead lbn=0x50380 sectors=1 buf=0xa00c80 ret=0x3e3b8c
[diag:cd] sceCdRead payload lbn=0x50380 buf=0xa00c80 bytes=42494746a79ea400
[cd:callback] queued func=1 cb=0x3e3ad8
[cd:callback] start func=1 cb=0x3e3ad8
[diag:cd] sceCdRead lbn=0x50380 sectors=7 buf=0xa00c80 ret=0x3e3b8c
[diag:cd] sceCdRead payload lbn=0x50380 buf=0xa00c80 bytes=42494746a79ea400
[cd:callback] queued func=1 cb=0x3e3ad8
[cd:callback] start func=1 cb=0x3e3ad8
[diag:cd] sceCdRead lbn=0x50387 sectors=1 buf=0x519c80 ret=0x3e3b8c
[diag:cd] sceCdRead payload lbn=0x50387 buf=0x519c80 bytes=000083400000002e
[cd:callback] queued func=1 cb=0x3e3ad8
[cd:callback] start func=1 cb=0x3e3ad8
[diag:cd] sceCdRead lbn=0x51cb6 sectors=1 buf=0xa04b80 ret=0x3e3b8c
[diag:cd] sceCdRead payload lbn=0x51cb6 buf=0xa04b80 bytes=4249474665dab200
[cd:callback] queued func=1 cb=0x3e3ad8
[cd:callback] start func=1 cb=0x3e3ad8
[diag:cd] sceCdRead lbn=0x51cb6 sectors=8 buf=0xa04b80 ret=0x3e3b8c
[diag:cd] sceCdRead payload lbn=0x51cb6 buf=0xa04b80 bytes=4249474665dab200
[cd:callback] queued func=1 cb=0x3e3ad8
[cd:callback] start func=1 cb=0x3e3ad8
[diag:cd] sceCdRead lbn=0x51cbe sectors=1 buf=0x519c80 ret=0x3e3b8c
[diag:cd] sceCdRead payload lbn=0x51cbe buf=0x519c80 bytes=807073796d6f6e5f
[cd:callback] queued func=1 cb=0x3e3ad8
[cd:callback] start func=1 cb=0x3e3ad8
[diag:cd] sceCdRead lbn=0x59a52 sectors=1 buf=0xa08e80 ret=0x3e3b8c
[diag:cd] sceCdRead payload lbn=0x59a52 buf=0xa08e80 bytes=424947466c5ded00
[cd:callback] queued func=1 cb=0x3e3ad8
[cd:callback] start func=1 cb=0x3e3ad8
[diag:cd] sceCdRead lbn=0x59a52 sectors=9 buf=0xa08e80 ret=0x3e3b8c
[diag:cd] sceCdRead payload lbn=0x59a52 buf=0xa08e80 bytes=424947466c5ded00
[cd:callback] queued func=1 cb=0x3e3ad8
[cd:callback] start func=1 cb=0x3e3ad8
[diag:cd] sceCdRead lbn=0x59a5b sectors=1 buf=0x519c80 ret=0x3e3b8c
[diag:cd] sceCdRead payload lbn=0x59a5b buf=0x519c80 bytes=5f737569745f6430
[cd:callback] queued func=1 cb=0x3e3ad8
[cd:callback] start func=1 cb=0x3e3ad8
[diag:cd] sceCdRead lbn=0x51814 sectors=1 buf=0xa0dd00 ret=0x3e3b8c
[diag:cd] sceCdRead payload lbn=0x51814 buf=0xa0dd00 bytes=4249474661092500
[cd:callback] queued func=1 cb=0x3e3ad8
[cd:callback] start func=1 cb=0x3e3ad8
[diag:cd] sceCdRead lbn=0x51814 sectors=1 buf=0xa0dd00 ret=0x3e3b8c
[diag:cd] sceCdRead payload lbn=0x51814 buf=0xa0dd00 bytes=4249474661092500
[cd:callback] queued func=1 cb=0x3e3ad8
[cd:callback] start func=1 cb=0x3e3ad8
[diag:cd] sceCdRead lbn=0x51815 sectors=1 buf=0x519c80 ret=0x3e3b8c
[diag:cd] sceCdRead payload lbn=0x51815 buf=0x519c80 bytes=ce6d617274795f62
[cd:callback] queued func=1 cb=0x3e3ad8
[cd:callback] start func=1 cb=0x3e3ad8
[diag:cd] sceCdRead lbn=0x53312 sectors=1 buf=0xa0e900 ret=0x3e3b8c
[diag:cd] sceCdRead payload lbn=0x53312 buf=0xa0e900 bytes=4249474600fa3903
[cd:callback] queued func=1 cb=0x3e3ad8
[cd:callback] start func=1 cb=0x3e3ad8
[diag:cd] sceCdRead lbn=0x53312 sectors=4 buf=0xa0e900 ret=0x3e3b8c
[diag:cd] sceCdRead payload lbn=0x53312 buf=0xa0e900 bytes=4249474600fa3903
[cd:callback] queued func=1 cb=0x3e3ad8
[cd:callback] start func=1 cb=0x3e3ad8
[diag:cd] sceCdRead lbn=0x53316 sectors=1 buf=0x519c80 ret=0x3e3b8c
[diag:cd] sceCdRead payload lbn=0x53316 buf=0x519c80 bytes=685f616c65677261
[cd:callback] queued func=1 cb=0x3e3ad8
[cd:callback] start func=1 cb=0x3e3ad8
[diag:cd] sceCdRead lbn=0x5d7a0 sectors=1 buf=0x519c80 ret=0x3e3b8c
[diag:cd] sceCdRead payload lbn=0x5d7a0 buf=0x519c80 bytes=670000b5b9b00000
[cd:callback] queued func=1 cb=0x3e3ad8
[cd:callback] start func=1 cb=0x3e3ad8
[diag:cd] sceCdRead lbn=0x5d7a1 sectors=1 buf=0x519c80 ret=0x3e3b8c
[diag:cd] sceCdRead payload lbn=0x5d7a1 buf=0x519c80 bytes=9f05000000000000
[cd:callback] queued func=1 cb=0x3e3ad8
[cd:callback] start func=1 cb=0x3e3ad8
[diag:cd] sceCdRead lbn=0x5d7a2 sectors=1 buf=0x519c80 ret=0x3e3b8c
[diag:cd] sceCdRead payload lbn=0x5d7a2 buf=0x519c80 bytes=7269656c6c656200
[cd:callback] queued func=1 cb=0x3e3ad8
[cd:callback] start func=1 cb=0x3e3ad8
[diag:cd] sceCdRead lbn=0x5d7a3 sectors=1 buf=0x519c80 ret=0x3e3b8c
[diag:cd] sceCdRead payload lbn=0x5d7a3 buf=0x519c80 bytes=5f68656c695f6172
[cd:callback] queued func=1 cb=0x3e3ad8
[cd:callback] start func=1 cb=0x3e3ad8
[diag:cd] sceCdRead lbn=0x41b9a sectors=6 buf=0xa19400 ret=0x3e3b8c
[diag:cd] sceCdRead payload lbn=0x41b9a buf=0xa19400 bytes=0d0a53656c656374
[cd:callback] queued func=1 cb=0x3e3ad8
[cd:callback] start func=1 cb=0x3e3ad8
[diag:cd] sceCdRead lbn=0x41ba0 sectors=1 buf=0x519c80 ret=0x3e3b8c
[diag:cd] sceCdRead payload lbn=0x41ba0 buf=0x519c80 bytes=7c7c205371756172
[cd:callback] queued func=1 cb=0x3e3ad8
[cd:callback] start func=1 cb=0x3e3ad8
[diag:cd] sceCdRead lbn=0x41ba1 sectors=6 buf=0xa1bc00 ret=0x3e3b8c
[diag:cd] sceCdRead payload lbn=0x41ba1 buf=0xa1bc00 bytes=0d0a53656c656374
[cd:callback] queued func=1 cb=0x3e3ad8
[cd:callback] start func=1 cb=0x3e3ad8
[diag:cd] sceCdRead lbn=0x41ba7 sectors=1 buf=0x519c80 ret=0x3e3b8c
[diag:cd] sceCdRead payload lbn=0x41ba7 buf=0x519c80 bytes=6f6f6b4261636b20
[cd:callback] queued func=1 cb=0x3e3ad8
[cd:callback] start func=1 cb=0x3e3ad8
[diag:cd] sceCdRead lbn=0x422f6 sectors=16 buf=0xa1bc00 ret=0x3e3b8c
[diag:cd] sceCdRead payload lbn=0x422f6 buf=0xa1bc00 bytes=464e545336e60000
[cd:callback] queued func=1 cb=0x3e3ad8
[cd:callback] start func=1 cb=0x3e3ad8
[diag:cd] sceCdRead lbn=0x42306 sectors=12 buf=0xa23c00 ret=0x3e3b8c
[diag:cd] sceCdRead payload lbn=0x42306 buf=0xa23c00 bytes=0000000000000000
[cd:callback] queued func=1 cb=0x3e3ad8
[cd:callback] start func=1 cb=0x3e3ad8
[diag:cd] sceCdRead lbn=0x42312 sectors=1 buf=0x519c80 ret=0x3e3b8c
[diag:cd] sceCdRead payload lbn=0x42312 buf=0x519c80 bytes=0000000000000000
[cd:callback] queued func=1 cb=0x3e3ad8
[cd:callback] start func=1 cb=0x3e3ad8
[diag:cd] sceCdRead lbn=0x4241a sectors=7 buf=0xa1bc00 ret=0x3e3b8c
[diag:cd] sceCdRead payload lbn=0x4241a buf=0xa1bc00 bytes=464e5453b63a0000
[cd:callback] queued func=1 cb=0x3e3ad8
[cd:callback] start func=1 cb=0x3e3ad8
[diag:cd] sceCdRead lbn=0x42421 sectors=1 buf=0x519c80 ret=0x3e3b8c
[diag:cd] sceCdRead payload lbn=0x42421 buf=0x519c80 bytes=0000000000000000
[cd:callback] queued func=1 cb=0x3e3ad8
[cd:callback] start func=1 cb=0x3e3ad8
[diag:cd] sceCdRead lbn=0x45561 sectors=1 buf=0x519c80 ret=0x3e3b8c
[diag:cd] sceCdRead payload lbn=0x45561 buf=0x519c80 bytes=8e030000dd120000
[cd:callback] queued func=1 cb=0x3e3ad8
[cd:callback] start func=1 cb=0x3e3ad8
[diag:cd] sceCdRead lbn=0x45562 sectors=1 buf=0x519c80 ret=0x3e3b8c
[diag:cd] sceCdRead payload lbn=0x45562 buf=0x519c80 bytes=470e00004f0e0000
[cd:callback] queued func=1 cb=0x3e3ad8
[cd:callback] start func=1 cb=0x3e3ad8
[diag:cd] sceCdRead lbn=0x45563 sectors=1 buf=0x519c80 ret=0x3e3b8c
[diag:cd] sceCdRead payload lbn=0x45563 buf=0x519c80 bytes=000300ff95000900
[cd:callback] queued func=1 cb=0x3e3ad8
[cd:callback] start func=1 cb=0x3e3ad8
[diag:cd] sceCdRead lbn=0x45564 sectors=1 buf=0x519c80 ret=0x3e3b8c
[diag:cd] sceCdRead payload lbn=0x45564 buf=0x519c80 bytes=582000004b200000
[cd:callback] queued func=1 cb=0x3e3ad8
[cd:callback] start func=1 cb=0x3e3ad8
[diag:cd] sceCdRead lbn=0x45565 sectors=1 buf=0x519c80 ret=0x3e3b8c
[diag:cd] sceCdRead payload lbn=0x45565 buf=0x519c80 bytes=ffff3075ba000000
[cd:callback] queued func=1 cb=0x3e3ad8
[cd:callback] start func=1 cb=0x3e3ad8
[diag:cd] sceCdRead lbn=0x45566 sectors=1 buf=0x519c80 ret=0x3e3b8c
[diag:cd] sceCdRead payload lbn=0x45566 buf=0x519c80 bytes=000000003e420200
[cd:callback] queued func=1 cb=0x3e3ad8
[cd:callback] start func=1 cb=0x3e3ad8
[diag:cd] sceCdRead lbn=0x45567 sectors=1 buf=0x519c80 ret=0x3e3b8c
[diag:cd] sceCdRead payload lbn=0x45567 buf=0x519c80 bytes=ffffffff84570200
[cd:callback] queued func=1 cb=0x3e3ad8
[cd:callback] start func=1 cb=0x3e3ad8
[diag:cd] sceCdRead lbn=0x45568 sectors=1 buf=0x519c80 ret=0x3e3b8c
[diag:cd] sceCdRead payload lbn=0x45568 buf=0x519c80 bytes=dd34000015000000
[cd:callback] queued func=1 cb=0x3e3ad8
[cd:callback] start func=1 cb=0x3e3ad8
[diag:cd] sceCdRead lbn=0x45569 sectors=1 buf=0x519c80 ret=0x3e3b8c
[diag:cd] sceCdRead payload lbn=0x45569 buf=0x519c80 bytes=0000000000000000
[cd:callback] queued func=1 cb=0x3e3ad8
[cd:callback] start func=1 cb=0x3e3ad8
[diag:cd] sceCdRead lbn=0x4556a sectors=1 buf=0x519c80 ret=0x3e3b8c
[diag:cd] sceCdRead payload lbn=0x4556a buf=0x519c80 bytes=00ff010235012f01
[cd:callback] queued func=1 cb=0x3e3ad8
[cd:callback] start func=1 cb=0x3e3ad8
[diag:cd] sceCdRead lbn=0x4556b sectors=1 buf=0x519c80 ret=0x3e3b8c
[diag:cd] sceCdRead payload lbn=0x4556b buf=0x519c80 bytes=0000000000000000
[cd:callback] queued func=1 cb=0x3e3ad8
[cd:callback] start func=1 cb=0x3e3ad8
[diag:cd] sceCdRead lbn=0x4556c sectors=1 buf=0x519c80 ret=0x3e3b8c
[diag:cd] sceCdRead payload lbn=0x4556c buf=0x519c80 bytes=1000030000001400
[cd:callback] queued func=1 cb=0x3e3ad8
[cd:callback] start func=1 cb=0x3e3ad8
[diag:cd] sceCdRead lbn=0x4556d sectors=1 buf=0x519c80 ret=0x3e3b8c
[diag:cd] sceCdRead payload lbn=0x4556d buf=0x519c80 bytes=00000000cd750200
[cd:callback] queued func=1 cb=0x3e3ad8
[cd:callback] start func=1 cb=0x3e3ad8
[diag:cd] sceCdRead lbn=0x4556e sectors=1 buf=0x519c80 ret=0x3e3b8c
[diag:cd] sceCdRead payload lbn=0x4556e buf=0x519c80 bytes=ffffffff617c0200
[cd:callback] queued func=1 cb=0x3e3ad8
[cd:callback] start func=1 cb=0x3e3ad8
[diag:cd] sceCdRead lbn=0x4556f sectors=1 buf=0x519c80 ret=0x3e3b8c
[diag:cd] sceCdRead payload lbn=0x4556f buf=0x519c80 bytes=0000000000000000
[cd:callback] queued func=1 cb=0x3e3ad8
[cd:callback] start func=1 cb=0x3e3ad8
[diag:cd] sceCdRead lbn=0x45570 sectors=1 buf=0x519c80 ret=0x3e3b8c
[diag:cd] sceCdRead payload lbn=0x45570 buf=0x519c80 bytes=fb0d0100080e0100
[cd:callback] queued func=1 cb=0x3e3ad8
[cd:callback] start func=1 cb=0x3e3ad8
[diag:cd] sceCdRead lbn=0x45571 sectors=1 buf=0x519c80 ret=0x3e3b8c
[diag:cd] sceCdRead payload lbn=0x45571 buf=0x519c80 bytes=01ff00ffb0001300
[cd:callback] queued func=1 cb=0x3e3ad8
[cd:callback] start func=1 cb=0x3e3ad8
[diag:cd] sceCdRead lbn=0x45572 sectors=1 buf=0x519c80 ret=0x3e3b8c
[diag:cd] sceCdRead payload lbn=0x45572 buf=0x519c80 bytes=0000000000000000
[cd:callback] queued func=1 cb=0x3e3ad8
[cd:callback] start func=1 cb=0x3e3ad8
[diag:cd] sceCdRead lbn=0x45573 sectors=1 buf=0x519c80 ret=0x3e3b8c
[diag:cd] sceCdRead payload lbn=0x45573 buf=0x519c80 bytes=ffff307540030000
[cd:callback] queued func=1 cb=0x3e3ad8
[cd:callback] start func=1 cb=0x3e3ad8
[diag:cd] sceCdRead lbn=0x45574 sectors=1 buf=0x519c80 ret=0x3e3b8c
[diag:cd] sceCdRead payload lbn=0x45574 buf=0x519c80 bytes=0000000067120200
[cd:callback] queued func=1 cb=0x3e3ad8
[cd:callback] start func=1 cb=0x3e3ad8
[diag:cd] sceCdRead lbn=0x45575 sectors=1 buf=0x519c80 ret=0x3e3b8c
[diag:cd] sceCdRead payload lbn=0x45575 buf=0x519c80 bytes=ffffffff77340000
[cd:callback] queued func=1 cb=0x3e3ad8
[cd:callback] start func=1 cb=0x3e3ad8
[diag:cd] sceCdRead lbn=0x45576 sectors=1 buf=0x519c80 ret=0x3e3b8c
[diag:cd] sceCdRead payload lbn=0x45576 buf=0x519c80 bytes=c93c000015000000
[cd:callback] queued func=1 cb=0x3e3ad8
[cd:callback] start func=1 cb=0x3e3ad8
[diag:cd] sceCdRead lbn=0x45577 sectors=1 buf=0x519c80 ret=0x3e3b8c
[diag:cd] sceCdRead payload lbn=0x45577 buf=0x519c80 bytes=0000000000000000
[cd:callback] queued func=1 cb=0x3e3ad8
[cd:callback] start func=1 cb=0x3e3ad8
[diag:cd] sceCdRead lbn=0x45578 sectors=1 buf=0x519c80 ret=0x3e3b8c
[diag:cd] sceCdRead payload lbn=0x45578 buf=0x519c80 bytes=01ff010260015f01
[cd:callback] queued func=1 cb=0x3e3ad8
[cd:callback] start func=1 cb=0x3e3ad8
[diag:cd] sceCdRead lbn=0x45579 sectors=1 buf=0x519c80 ret=0x3e3b8c
[diag:cd] sceCdRead payload lbn=0x45579 buf=0x519c80 bytes=0000000000000000
[cd:callback] queued func=1 cb=0x3e3ad8
[cd:callback] start func=1 cb=0x3e3ad8
[diag:cd] sceCdRead lbn=0x4557a sectors=1 buf=0x519c80 ret=0x3e3b8c
[diag:cd] sceCdRead payload lbn=0x4557a buf=0x519c80 bytes=1500130000000a00
[cd:callback] queued func=1 cb=0x3e3ad8
[cd:callback] start func=1 cb=0x3e3ad8
[diag:cd] sceCdRead lbn=0x4557b sectors=1 buf=0x519c80 ret=0x3e3b8c
[diag:cd] sceCdRead payload lbn=0x4557b buf=0x519c80 bytes=0000000000000000
[cd:callback] queued func=1 cb=0x3e3ad8
[cd:callback] start func=1 cb=0x3e3ad8
[diag:cd] sceCdRead lbn=0x4557c sectors=1 buf=0x519c80 ret=0x3e3b8c
[diag:cd] sceCdRead payload lbn=0x4557c buf=0x519c80 bytes=ffffffffd50f0000
[cd:callback] queued func=1 cb=0x3e3ad8
[cd:callback] start func=1 cb=0x3e3ad8
[diag:cd] sceCdRead lbn=0x4557d sectors=1 buf=0x519c80 ret=0x3e3b8c
[diag:cd] sceCdRead payload lbn=0x4557d buf=0x519c80 bytes=0000000028000000
[cd:callback] queued func=1 cb=0x3e3ad8
[cd:callback] start func=1 cb=0x3e3ad8
[diag:cd] sceCdRead lbn=0x4557e sectors=1 buf=0x519c80 ret=0x3e3b8c
[diag:cd] sceCdRead payload lbn=0x4557e buf=0x519c80 bytes=0000000000000000
[cd:callback] queued func=1 cb=0x3e3ad8
[cd:callback] start func=1 cb=0x3e3ad8
[diag:cd] sceCdRead lbn=0x4557f sectors=1 buf=0x519c80 ret=0x3e3b8c
[diag:cd] sceCdRead payload lbn=0x4557f buf=0x519c80 bytes=0206000432032a00
[cd:callback] queued func=1 cb=0x3e3ad8
[cd:callback] start func=1 cb=0x3e3ad8
[diag:cd] sceCdRead lbn=0x45580 sectors=1 buf=0x519c80 ret=0x3e3b8c
[diag:cd] sceCdRead payload lbn=0x45580 buf=0x519c80 bytes=db7a0000d07a0000
[cd:callback] queued func=1 cb=0x3e3ad8
[cd:callback] start func=1 cb=0x3e3ad8
[diag:cd] sceCdRead lbn=0x45581 sectors=1 buf=0x519c80 ret=0x3e3b8c
[diag:cd] sceCdRead payload lbn=0x45581 buf=0x519c80 bytes=0300070000000a00
[cd:callback] queued func=1 cb=0x3e3ad8
[cd:callback] start func=1 cb=0x3e3ad8
[diag:cd] sceCdRead lbn=0x45582 sectors=1 buf=0x519c80 ret=0x3e3b8c
[diag:cd] sceCdRead payload lbn=0x45582 buf=0x519c80 bytes=0000000099890000
[cd:callback] queued func=1 cb=0x3e3ad8
[cd:callback] start func=1 cb=0x3e3ad8
[diag:cd] sceCdRead lbn=0x45583 sectors=1 buf=0x519c80 ret=0x3e3b8c
[diag:cd] sceCdRead payload lbn=0x45583 buf=0x519c80 bytes=ffffffffd5420000
[cd:callback] queued func=1 cb=0x3e3ad8
[cd:callback] start func=1 cb=0x3e3ad8
[diag:cd] sceCdRead lbn=0x45584 sectors=1 buf=0x519c80 ret=0x3e3b8c
[diag:cd] sceCdRead payload lbn=0x45584 buf=0x519c80 bytes=da45000015000000
[cd:callback] queued func=1 cb=0x3e3ad8
[cd:callback] start func=1 cb=0x3e3ad8
[diag:cd] sceCdRead lbn=0x45585 sectors=1 buf=0x519c80 ret=0x3e3b8c
[diag:cd] sceCdRead payload lbn=0x45585 buf=0x519c80 bytes=0000000000000000
[cd:callback] queued func=1 cb=0x3e3ad8
[cd:callback] start func=1 cb=0x3e3ad8
[diag:cd] sceCdRead lbn=0x45586 sectors=1 buf=0x519c80 ret=0x3e3b8c
[diag:cd] sceCdRead payload lbn=0x45586 buf=0x519c80 bytes=02ff0205a9019d01
[cd:callback] queued func=1 cb=0x3e3ad8
[cd:callback] start func=1 cb=0x3e3ad8
[diag:cd] sceCdRead lbn=0x45587 sectors=1 buf=0x519c80 ret=0x3e3b8c
[diag:cd] sceCdRead payload lbn=0x45587 buf=0x519c80 bytes=0000000000000000
[cd:callback] queued func=1 cb=0x3e3ad8
[cd:callback] start func=1 cb=0x3e3ad8
[diag:cd] sceCdRead lbn=0x45588 sectors=1 buf=0x519c80 ret=0x3e3b8c
[diag:cd] sceCdRead payload lbn=0x45588 buf=0x519c80 bytes=1800190000000a00
[cd:callback] queued func=1 cb=0x3e3ad8
[cd:callback] start func=1 cb=0x3e3ad8
[diag:cd] sceCdRead lbn=0x45589 sectors=1 buf=0x519c80 ret=0x3e3b8c
[diag:cd] sceCdRead payload lbn=0x45589 buf=0x519c80 bytes=0000000000000000
[cd:callback] queued func=1 cb=0x3e3ad8
[cd:callback] start func=1 cb=0x3e3ad8
[diag:cd] sceCdRead lbn=0x4558a sectors=1 buf=0x519c80 ret=0x3e3b8c
[diag:cd] sceCdRead payload lbn=0x4558a buf=0x519c80 bytes=ffffffff3b0f0000
[cd:callback] queued func=1 cb=0x3e3ad8
[cd:callback] start func=1 cb=0x3e3ad8
[diag:cd] sceCdRead lbn=0x4558b sectors=1 buf=0x519c80 ret=0x3e3b8c
[diag:cd] sceCdRead payload lbn=0x4558b buf=0x519c80 bytes=0000000041000000
[cd:callback] queued func=1 cb=0x3e3ad8
[cd:callback] start func=1 cb=0x3e3ad8
[diag:cd] sceCdRead lbn=0x4558c sectors=1 buf=0x519c80 ret=0x3e3b8c
[diag:cd] sceCdRead payload lbn=0x4558c buf=0x519c80 bytes=ed230000fa230000
[cd:callback] queued func=1 cb=0x3e3ad8
[cd:callback] start func=1 cb=0x3e3ad8
[diag:cd] sceCdRead lbn=0x4558d sectors=1 buf=0x519c80 ret=0x3e3b8c
[diag:cd] sceCdRead payload lbn=0x4558d buf=0x519c80 bytes=030000ff30002e00
[cd:callback] queued func=1 cb=0x3e3ad8
[cd:callback] start func=1 cb=0x3e3ad8
[diag:cd] sceCdRead lbn=0x4558e sectors=1 buf=0x519c80 ret=0x3e3b8c
[diag:cd] sceCdRead payload lbn=0x4558e buf=0x519c80 bytes=f2490100e1490100
[cd:callback] queued func=1 cb=0x3e3ad8
[cd:callback] start func=1 cb=0x3e3ad8
[diag:cd] sceCdRead lbn=0x4558f sectors=1 buf=0x519c80 ret=0x3e3b8c
[diag:cd] sceCdRead payload lbn=0x4558f buf=0x519c80 bytes=0300140000006400
[cd:callback] queued func=1 cb=0x3e3ad8
[cd:callback] start func=1 cb=0x3e3ad8
[diag:cd] sceCdRead lbn=0x45590 sectors=1 buf=0x519c80 ret=0x3e3b8c
[diag:cd] sceCdRead payload lbn=0x45590 buf=0x519c80 bytes=000000001eae0100
[cd:callback] queued func=1 cb=0x3e3ad8
[cd:callback] start func=1 cb=0x3e3ad8
[diag:cd] sceCdRead lbn=0x45591 sectors=1 buf=0x519c80 ret=0x3e3b8c
[diag:cd] sceCdRead payload lbn=0x45591 buf=0x519c80 bytes=ffffffff98440000
[cd:callback] queued func=1 cb=0x3e3ad8
[cd:callback] start func=1 cb=0x3e3ad8
[diag:cd] sceCdRead lbn=0x45592 sectors=1 buf=0x519c80 ret=0x3e3b8c
[diag:cd] sceCdRead payload lbn=0x45592 buf=0x519c80 bytes=ab46000015000000
[cd:callback] queued func=1 cb=0x3e3ad8
[cd:callback] start func=1 cb=0x3e3ad8
[diag:cd] sceCdRead lbn=0x45593 sectors=1 buf=0x519c80 ret=0x3e3b8c
[diag:cd] sceCdRead payload lbn=0x45593 buf=0x519c80 bytes=0000000000000000
[cd:callback] queued func=1 cb=0x3e3ad8
[cd:callback] start func=1 cb=0x3e3ad8
[diag:cd] sceCdRead lbn=0x45594 sectors=1 buf=0x519c80 ret=0x3e3b8c
[diag:cd] sceCdRead payload lbn=0x45594 buf=0x519c80 bytes=03ff0205aa019d01
[cd:callback] queued func=1 cb=0x3e3ad8
[cd:callback] start func=1 cb=0x3e3ad8
[diag:cd] sceCdRead lbn=0x45595 sectors=1 buf=0x519c80 ret=0x3e3b8c
[diag:cd] sceCdRead payload lbn=0x45595 buf=0x519c80 bytes=0000000000000000
[cd:callback] queued func=1 cb=0x3e3ad8
[cd:callback] start func=1 cb=0x3e3ad8
[diag:cd] sceCdRead lbn=0x45596 sectors=1 buf=0x519c80 ret=0x3e3b8c
[diag:cd] sceCdRead payload lbn=0x45596 buf=0x519c80 bytes=ffff3075ec010000
[cd:callback] queued func=1 cb=0x3e3ad8
[cd:callback] start func=1 cb=0x3e3ad8
[diag:cd] sceCdRead lbn=0x45597 sectors=1 buf=0x519c80 ret=0x3e3b8c
[diag:cd] sceCdRead payload lbn=0x45597 buf=0x519c80 bytes=0000000000000000
[cd:callback] queued func=1 cb=0x3e3ad8
[cd:callback] start func=1 cb=0x3e3ad8
[diag:cd] sceCdRead lbn=0x45598 sectors=1 buf=0x519c80 ret=0x3e3b8c
[diag:cd] sceCdRead payload lbn=0x45598 buf=0x519c80 bytes=ff0100ff7c210000
[cd:callback] queued func=1 cb=0x3e3ad8
[cd:callback] start func=1 cb=0x3e3ad8
[diag:cd] sceCdRead lbn=0x45599 sectors=1 buf=0x519c80 ret=0x3e3b8c
[diag:cd] sceCdRead payload lbn=0x45599 buf=0x519c80 bytes=f529000015000000
[cd:callback] queued func=1 cb=0x3e3ad8
[cd:callback] start func=1 cb=0x3e3ad8
[diag:cd] sceCdRead lbn=0x4559a sectors=1 buf=0x519c80 ret=0x3e3b8c
[diag:cd] sceCdRead payload lbn=0x4559a buf=0x519c80 bytes=362f0000412f0000
[cd:callback] queued func=1 cb=0x3e3ad8
[cd:callback] start func=1 cb=0x3e3ad8
[diag:cd] sceCdRead lbn=0x4559b sectors=1 buf=0x519c80 ret=0x3e3b8c
[diag:cd] sceCdRead payload lbn=0x4559b buf=0x519c80 bytes=04ff0102f200ee00
[cd:callback] queued func=1 cb=0x3e3ad8
[cd:callback] start func=1 cb=0x3e3ad8
[diag:cd] sceCdRead lbn=0x4559c sectors=1 buf=0x519c80 ret=0x3e3b8c
[diag:cd] sceCdRead payload lbn=0x4559c buf=0x519c80 bytes=0000000000000000
[cd:callback] queued func=1 cb=0x3e3ad8
[cd:callback] start func=1 cb=0x3e3ad8
[diag:cd] sceCdRead lbn=0x4559d sectors=1 buf=0x519c80 ret=0x3e3b8c
[diag:cd] sceCdRead payload lbn=0x4559d buf=0x519c80 bytes=0d000e0000000a00
[cd:callback] queued func=1 cb=0x3e3ad8
[cd:callback] start func=1 cb=0x3e3ad8
[diag:cd] sceCdRead lbn=0x4559e sectors=1 buf=0x519c80 ret=0x3e3b8c
[diag:cd] sceCdRead payload lbn=0x4559e buf=0x519c80 bytes=000000007ef10000
[cd:callback] queued func=1 cb=0x3e3ad8
[cd:callback] start func=1 cb=0x3e3ad8
[diag:cd] sceCdRead lbn=0x4559f sectors=1 buf=0x519c80 ret=0x3e3b8c
[diag:cd] sceCdRead payload lbn=0x4559f buf=0x519c80 bytes=ffffffff724c0000
[cd:callback] queued func=1 cb=0x3e3ad8
[cd:callback] start func=1 cb=0x3e3ad8
[diag:cd] sceCdRead lbn=0x455a0 sectors=1 buf=0x519c80 ret=0x3e3b8c
[diag:cd] sceCdRead payload lbn=0x455a0 buf=0x519c80 bytes=8054000015000000
[cd:callback] queued func=1 cb=0x3e3ad8
[cd:callback] start func=1 cb=0x3e3ad8
 waiters=0->0 waker=3 pc=0x423dc8 ra=0x3e57bc inInt=0 iSafe=0 invKind=-1 invDepth=0 cbFunc=0 target=- tStatus=-1 tSusp=-1 result=5
[diag:cd] sceCdRead lbn=0x455a1 sectors=1 buf=0x519c80 ret=0x3e3b8c
[diag:cd] sceCdRead payload lbn=0x455a1 buf=0x519c80 bytes=e302010000000000
[cd:callback] queued func=1 cb=0x3e3ad8
[cd:callback] start func=1 cb=0x3e3ad8
[diag:cd] sceCdRead lbn=0x455a2 sectors=1 buf=0x519c80 ret=0x3e3b8c
[diag:cd] sceCdRead payload lbn=0x455a2 buf=0x519c80 bytes=05ff00ff03000500
[cd:callback] queued func=1 cb=0x3e3ad8
[cd:callback] start func=1 cb=0x3e3ad8
[diag:cd] sceCdRead lbn=0x455a3 sectors=1 buf=0x519c80 ret=0x3e3b8c
[diag:cd] sceCdRead payload lbn=0x455a3 buf=0x519c80 bytes=0000000000000000
[cd:callback] queued func=1 cb=0x3e3ad8
[cd:callback] start func=1 cb=0x3e3ad8
[diag:cd] sceCdRead lbn=0x455a4 sectors=1 buf=0x519c80 ret=0x3e3b8c
[diag:cd] sceCdRead payload lbn=0x455a4 buf=0x519c80 bytes=ffff307500000000
[cd:callback] queued func=1 cb=0x3e3ad8
[cd:callback] start func=1 cb=0x3e3ad8
[diag:cd] sceCdRead lbn=0x455a5 sectors=1 buf=0x519c80 ret=0x3e3b8c
[diag:cd] sceCdRead payload lbn=0x455a5 buf=0x519c80 bytes=8c26000000000000
[cd:callback] queued func=1 cb=0x3e3ad8
[cd:callback] start func=1 cb=0x3e3ad8
[diag:cd] sceCdRead lbn=0x455a6 sectors=1 buf=0x519c80 ret=0x3e3b8c
[diag:cd] sceCdRead payload lbn=0x455a6 buf=0x519c80 bytes=ffffffff8b2d0000
[cd:callback] queued func=1 cb=0x3e3ad8
[cd:callback] start func=1 cb=0x3e3ad8
[diag:cd] sceCdRead lbn=0x455a7 sectors=1 buf=0x519c80 ret=0x3e3b8c
[diag:cd] sceCdRead payload lbn=0x455a7 buf=0x519c80 bytes=8e31000015080000
[cd:callback] queued func=1 cb=0x3e3ad8
[cd:callback] start func=1 cb=0x3e3ad8
[diag:cd] sceCdRead lbn=0x455a8 sectors=1 buf=0x519c80 ret=0x3e3b8c
[diag:cd] sceCdRead payload lbn=0x455a8 buf=0x519c80 bytes=0000000000000000
[cd:callback] queued func=1 cb=0x3e3ad8
[cd:callback] start func=1 cb=0x3e3ad8
[diag:cd] sceCdRead lbn=0x455a9 sectors=1 buf=0x519c80 ret=0x3e3b8c
[diag:cd] sceCdRead payload lbn=0x455a9 buf=0x519c80 bytes=05ff020225011701
[cd:callback] queued func=1 cb=0x3e3ad8
[cd:callback] start func=1 cb=0x3e3ad8
[diag:cd] sceCdRead lbn=0x455aa sectors=1 buf=0x519c80 ret=0x3e3b8c
[diag:cd] sceCdRead payload lbn=0x455aa buf=0x519c80 bytes=0000000000000000
[cd:callback] queued func=1 cb=0x3e3ad8
[cd:callback] start func=1 cb=0x3e3ad8
[diag:cd] sceCdRead lbn=0x455ab sectors=1 buf=0x519c80 ret=0x3e3b8c
[diag:cd] sceCdRead payload lbn=0x455ab buf=0x519c80 bytes=0f00120000000a00
[cd:callback] queued func=1 cb=0x3e3ad8
[cd:callback] start func=1 cb=0x3e3ad8
[diag:cd] sceCdRead lbn=0x455ac sectors=1 buf=0x519c80 ret=0x3e3b8c
[diag:cd] sceCdRead payload lbn=0x455ac buf=0x519c80 bytes=00000000b9bf0200
[cd:callback] queued func=1 cb=0x3e3ad8
[cd:callback] start func=1 cb=0x3e3ad8
[diag:cd] sceCdRead lbn=0x455ad sectors=1 buf=0x519c80 ret=0x3e3b8c
[diag:cd] sceCdRead payload lbn=0x455ad buf=0x519c80 bytes=ffffffffbe0b0000
[cd:callback] queued func=1 cb=0x3e3ad8
[cd:callback] start func=1 cb=0x3e3ad8
[diag:cd] sceCdRead lbn=0x455ae sectors=1 buf=0x519c80 ret=0x3e3b8c
[diag:cd] sceCdRead payload lbn=0x455ae buf=0x519c80 bytes=0000000020000000
[cd:callback] queued func=1 cb=0x3e3ad8
[cd:callback] start func=1 cb=0x3e3ad8
[diag:cd] sceCdRead lbn=0x455af sectors=1 buf=0x519c80 ret=0x3e3b8c
[diag:cd] sceCdRead payload lbn=0x455af buf=0x519c80 bytes=031800003d180000
[cd:callback] queued func=1 cb=0x3e3ad8
[cd:callback] start func=1 cb=0x3e3ad8
[diag:cd] sceCdRead lbn=0x455b0 sectors=1 buf=0x519c80 ret=0x3e3b8c
[diag:cd] sceCdRead payload lbn=0x455b0 buf=0x519c80 bytes=06ff00ffe5001b00
[cd:callback] queued func=1 cb=0x3e3ad8
[cd:callback] start func=1 cb=0x3e3ad8
[diag:cd] sceCdRead lbn=0x455b1 sectors=1 buf=0x519c80 ret=0x3e3b8c
[diag:cd] sceCdRead payload lbn=0x455b1 buf=0x519c80 bytes=0000000000000000
[cd:callback] queued func=1 cb=0x3e3ad8
[cd:callback] start func=1 cb=0x3e3ad8
[diag:cd] sceCdRead lbn=0x455b2 sectors=1 buf=0x519c80 ret=0x3e3b8c
[diag:cd] sceCdRead payload lbn=0x455b2 buf=0x519c80 bytes=0300090000000a00
[cd:callback] queued func=1 cb=0x3e3ad8
[cd:callback] start func=1 cb=0x3e3ad8
[diag:cd] sceCdRead lbn=0x455b3 sectors=1 buf=0x519c80 ret=0x3e3b8c
[diag:cd] sceCdRead payload lbn=0x455b3 buf=0x519c80 bytes=00000000ca3a0000
[cd:callback] queued func=1 cb=0x3e3ad8
[cd:callback] start func=1 cb=0x3e3ad8
[diag:cd] sceCdRead lbn=0x455b4 sectors=1 buf=0x519c80 ret=0x3e3b8c
[diag:cd] sceCdRead payload lbn=0x455b4 buf=0x519c80 bytes=ffffffff4e430000
[cd:callback] queued func=1 cb=0x3e3ad8
[cd:callback] start func=1 cb=0x3e3ad8
[diag:cd] sceCdRead lbn=0x455b5 sectors=1 buf=0x519c80 ret=0x3e3b8c
[diag:cd] sceCdRead payload lbn=0x455b5 buf=0x519c80 bytes=f545000015000000
[cd:callback] queued func=1 cb=0x3e3ad8
[cd:callback] start func=1 cb=0x3e3ad8
[diag:cd] sceCdRead lbn=0x455b6 sectors=1 buf=0x519c80 ret=0x3e3b8c
[diag:cd] sceCdRead payload lbn=0x455b6 buf=0x519c80 bytes=0000000000000000
[cd:callback] queued func=1 cb=0x3e3ad8
[cd:callback] start func=1 cb=0x3e3ad8
[diag:cd] sceCdRead lbn=0x455b7 sectors=1 buf=0x519c80 ret=0x3e3b8c
[diag:cd] sceCdRead payload lbn=0x455b7 buf=0x519c80 bytes=06ff01005200c001
[cd:callback] queued func=1 cb=0x3e3ad8
[cd:callback] start func=1 cb=0x3e3ad8
[diag:cd] sceCdRead lbn=0x455b8 sectors=1 buf=0x519c80 ret=0x3e3b8c
[diag:cd] sceCdRead payload lbn=0x455b8 buf=0x519c80 bytes=0000000000000000
[cd:callback] queued func=1 cb=0x3e3ad8
[cd:callback] start func=1 cb=0x3e3ad8
[diag:cd] sceCdRead lbn=0x455b9 sectors=1 buf=0x519c80 ret=0x3e3b8c
[diag:cd] sceCdRead payload lbn=0x455b9 buf=0x519c80 bytes=ffff050000000000
[cd:callback] queued func=1 cb=0x3e3ad8
[cd:callback] start func=1 cb=0x3e3ad8
[diag:cd] sceCdRead lbn=0x455ba sectors=1 buf=0x519c80 ret=0x3e3b8c
[diag:cd] sceCdRead payload lbn=0x455ba buf=0x519c80 bytes=d8c7010000000000
[cd:callback] queued func=1 cb=0x3e3ad8
[cd:callback] start func=1 cb=0x3e3ad8
[diag:cd] sceCdRead lbn=0x455bb sectors=1 buf=0x519c80 ret=0x3e3b8c
[diag:cd] sceCdRead payload lbn=0x455bb buf=0x519c80 bytes=ffffffff3b0f0000
[cd:callback] queued func=1 cb=0x3e3ad8
[cd:callback] start func=1 cb=0x3e3ad8
[diag:cd] sceCdRead lbn=0x455bc sectors=1 buf=0x519c80 ret=0x3e3b8c
[diag:cd] sceCdRead payload lbn=0x455bc buf=0x519c80 bytes=0000000001000000
[cd:callback] queued func=1 cb=0x3e3ad8
[cd:callback] start func=1 cb=0x3e3ad8
[diag:cd] sceCdRead lbn=0x455bd sectors=1 buf=0x519c80 ret=0x3e3b8c
[diag:cd] sceCdRead payload lbn=0x455bd buf=0x519c80 bytes=0000000000000000
[cd:callback] queued func=1 cb=0x3e3ad8
[cd:callback] start func=1 cb=0x3e3ad8
[diag:cd] sceCdRead lbn=0x455be sectors=1 buf=0x519c80 ret=0x3e3b8c
[diag:cd] sceCdRead payload lbn=0x455be buf=0x519c80 bytes=07ff0102ef00ee00
[cd:callback] queued func=1 cb=0x3e3ad8
[cd:callback] start func=1 cb=0x3e3ad8
[diag:cd] sceCdRead lbn=0x455bf sectors=1 buf=0x519c80 ret=0x3e3b8c
[diag:cd] sceCdRead payload lbn=0x455bf buf=0x519c80 bytes=0000000000000000
[cd:callback] queued func=1 cb=0x3e3ad8
[cd:callback] start func=1 cb=0x3e3ad8
[diag:cd] sceCdRead lbn=0x455c0 sectors=1 buf=0x519c80 ret=0x3e3b8c
[diag:cd] sceCdRead payload lbn=0x455c0 buf=0x519c80 bytes=0d000b0000000a00
[cd:callback] queued func=1 cb=0x3e3ad8
[cd:callback] start func=1 cb=0x3e3ad8
[diag:cd] sceCdRead lbn=0x455c1 sectors=1 buf=0x519c80 ret=0x3e3b8c
[diag:cd] sceCdRead payload lbn=0x455c1 buf=0x519c80 bytes=0000000009e70100
[cd:callback] queued func=1 cb=0x3e3ad8
[cd:callback] start func=1 cb=0x3e3ad8
[diag:cd] sceCdRead lbn=0x455c2 sectors=1 buf=0x519c80 ret=0x3e3b8c
[diag:cd] sceCdRead payload lbn=0x455c2 buf=0x519c80 bytes=ffffffff8a490000
[cd:callback] queued func=1 cb=0x3e3ad8
[cd:callback] start func=1 cb=0x3e3ad8
[diag:cd] sceCdRead lbn=0x455c3 sectors=1 buf=0x519c80 ret=0x3e3b8c
[diag:cd] sceCdRead payload lbn=0x455c3 buf=0x519c80 bytes=cc5300001d000000
[cd:callback] queued func=1 cb=0x3e3ad8
[cd:callback] start func=1 cb=0x3e3ad8
[diag:cd] sceCdRead lbn=0x455c4 sectors=1 buf=0x519c80 ret=0x3e3b8c
[diag:cd] sceCdRead payload lbn=0x455c4 buf=0x519c80 bytes=0000000000000000
[cd:callback] queued func=1 cb=0x3e3ad8
[cd:callback] start func=1 cb=0x3e3ad8
[diag:cd] sceCdRead lbn=0x455c5 sectors=1 buf=0x519c80 ret=0x3e3b8c
[diag:cd] sceCdRead payload lbn=0x455c5 buf=0x519c80 bytes=08ff00ff1e000500
[cd:callback] queued func=1 cb=0x3e3ad8
[cd:callback] start func=1 cb=0x3e3ad8
[diag:cd] sceCdRead lbn=0x455c6 sectors=1 buf=0x519c80 ret=0x3e3b8c
[diag:cd] sceCdRead payload lbn=0x455c6 buf=0x519c80 bytes=0000000000000000
[cd:callback] queued func=1 cb=0x3e3ad8
[cd:callback] start func=1 cb=0x3e3ad8
[diag:cd] sceCdRead lbn=0x455c7 sectors=1 buf=0x519c80 ret=0x3e3b8c
[diag:cd] sceCdRead payload lbn=0x455c7 buf=0x519c80 bytes=ffff307500000000
[cd:callback] queued func=1 cb=0x3e3ad8
[cd:callback] start func=1 cb=0x3e3ad8
[diag:cd] sceCdRead lbn=0x455c8 sectors=1 buf=0x519c80 ret=0x3e3b8c
[diag:cd] sceCdRead payload lbn=0x455c8 buf=0x519c80 bytes=00000000cb540100
[cd:callback] queued func=1 cb=0x3e3ad8
[cd:callback] start func=1 cb=0x3e3ad8
[diag:cd] sceCdRead lbn=0x455c9 sectors=1 buf=0x519c80 ret=0x3e3b8c
[diag:cd] sceCdRead payload lbn=0x455c9 buf=0x519c80 bytes=ffffffff3b0f0000
[cd:callback] queued func=1 cb=0x3e3ad8
[cd:callback] start func=1 cb=0x3e3ad8
[diag:cd] sceCdRead lbn=0x455ca sectors=1 buf=0x519c80 ret=0x3e3b8c
[diag:cd] sceCdRead payload lbn=0x455ca buf=0x519c80 bytes=f735000015000000
[cd:callback] queued func=1 cb=0x3e3ad8
[cd:callback] start func=1 cb=0x3e3ad8
[diag:cd] sceCdRead lbn=0x455cb sectors=1 buf=0x519c80 ret=0x3e3b8c
[diag:cd] sceCdRead payload lbn=0x455cb buf=0x519c80 bytes=0000000000000000
[cd:callback] queued func=1 cb=0x3e3ad8
[cd:callback] start func=1 cb=0x3e3ad8
[diag:cd] sceCdRead lbn=0x455cc sectors=1 buf=0x519c80 ret=0x3e3b8c
[diag:cd] sceCdRead payload lbn=0x455cc buf=0x519c80 bytes=08ff01023a012f01
[cd:callback] queued func=1 cb=0x3e3ad8
[cd:callback] start func=1 cb=0x3e3ad8
[diag:cd] sceCdRead lbn=0x455cd sectors=1 buf=0x519c80 ret=0x3e3b8c
[diag:cd] sceCdRead payload lbn=0x455cd buf=0x519c80 bytes=0000000000000000
[cd:callback] queued func=1 cb=0x3e3ad8
[cd:callback] start func=1 cb=0x3e3ad8
[diag:cd] sceCdRead lbn=0x455ce sectors=1 buf=0x519c80 ret=0x3e3b8c
[diag:cd] sceCdRead payload lbn=0x455ce buf=0x519c80 bytes=1000080000001400
[cd:callback] queued func=1 cb=0x3e3ad8
[cd:callback] start func=1 cb=0x3e3ad8
[diag:cd] sceCdRead lbn=0x455cf sectors=1 buf=0x519c80 ret=0x3e3b8c
[diag:cd] sceCdRead payload lbn=0x455cf buf=0x519c80 bytes=00000000ed7c0100
[cd:callback] queued func=1 cb=0x3e3ad8
[cd:callback] start func=1 cb=0x3e3ad8
[diag:cd] sceCdRead lbn=0x455d0 sectors=1 buf=0x519c80 ret=0x3e3b8c
[diag:cd] sceCdRead payload lbn=0x455d0 buf=0x519c80 bytes=05ffffff98820100
[cd:callback] queued func=1 cb=0x3e3ad8
[cd:callback] start func=1 cb=0x3e3ad8
[diag:cd] sceCdRead lbn=0x455d1 sectors=1 buf=0x519c80 ret=0x3e3b8c
[diag:cd] sceCdRead payload lbn=0x455d1 buf=0x519c80 bytes=0000000028000000
[cd:callback] queued func=1 cb=0x3e3ad8
[cd:callback] start func=1 cb=0x3e3ad8
[diag:cd] sceCdRead lbn=0x455d2 sectors=1 buf=0x519c80 ret=0x3e3b8c
[diag:cd] sceCdRead payload lbn=0x455d2 buf=0x519c80 bytes=1c14000056140000
[cd:callback] queued func=1 cb=0x3e3ad8
[cd:callback] start func=1 cb=0x3e3ad8
[diag:cd] sceCdRead lbn=0x455d3 sectors=1 buf=0x519c80 ret=0x3e3b8c
[diag:cd] sceCdRead payload lbn=0x455d3 buf=0x519c80 bytes=090000ff2e001600
[cd:callback] queued func=1 cb=0x3e3ad8
[cd:callback] start func=1 cb=0x3e3ad8
[diag:cd] sceCdRead lbn=0x455d4 sectors=1 buf=0x519c80 ret=0x3e3b8c
[diag:cd] sceCdRead payload lbn=0x455d4 buf=0x519c80 bytes=0000000000000000
[cd:callback] queued func=1 cb=0x3e3ad8
[cd:callback] start func=1 cb=0x3e3ad8
[diag:cd] sceCdRead lbn=0x455d5 sectors=1 buf=0x519c80 ret=0x3e3b8c
[diag:cd] sceCdRead payload lbn=0x455d5 buf=0x519c80 bytes=ffff30753c010000
[cd:callback] queued func=1 cb=0x3e3ad8
[cd:callback] start func=1 cb=0x3e3ad8
[diag:cd] sceCdRead lbn=0x455d6 sectors=1 buf=0x519c80 ret=0x3e3b8c
[diag:cd] sceCdRead payload lbn=0x455d6 buf=0x519c80 bytes=000000007c1f0100
[cd:callback] queued func=1 cb=0x3e3ad8
[cd:callback] start func=1 cb=0x3e3ad8
[diag:cd] sceCdRead lbn=0x455d7 sectors=1 buf=0x519c80 ret=0x3e3b8c
[diag:cd] sceCdRead payload lbn=0x455d7 buf=0x519c80 bytes=ffffffffd1370000
[cd:callback] queued func=1 cb=0x3e3ad8
[cd:callback] start func=1 cb=0x3e3ad8
[diag:cd] sceCdRead lbn=0x455d8 sectors=1 buf=0x519c80 ret=0x3e3b8c
[diag:cd] sceCdRead payload lbn=0x455d8 buf=0x519c80 bytes=4540000015000000
[cd:callback] queued func=1 cb=0x3e3ad8
[cd:callback] start func=1 cb=0x3e3ad8
[diag:cd] sceCdRead lbn=0x455d9 sectors=1 buf=0x519c80 ret=0x3e3b8c
[diag:cd] sceCdRead payload lbn=0x455d9 buf=0x519c80 bytes=0000000000000000
[cd:callback] queued func=1 cb=0x3e3ad8
[cd:callback] start func=1 cb=0x3e3ad8
[diag:cd] sceCdRead lbn=0x455da sectors=1 buf=0x519c80 ret=0x3e3b8c
[diag:cd] sceCdRead payload lbn=0x455da buf=0x519c80 bytes=09ff010269015f01
[cd:callback] queued func=1 cb=0x3e3ad8
[cd:callback] start func=1 cb=0x3e3ad8
[diag:cd] sceCdRead lbn=0x455db sectors=1 buf=0x519c80 ret=0x3e3b8c
[diag:cd] sceCdRead payload lbn=0x455db buf=0x519c80 bytes=0000000000000000
[cd:callback] queued func=1 cb=0x3e3ad8
[cd:callback] start func=1 cb=0x3e3ad8
[diag:cd] sceCdRead lbn=0x455dc sectors=1 buf=0x519c80 ret=0x3e3b8c
[diag:cd] sceCdRead payload lbn=0x455dc buf=0x519c80 bytes=1500040000000a00
[cd:callback] queued func=1 cb=0x3e3ad8
[cd:callback] start func=1 cb=0x3e3ad8
[diag:cd] sceCdRead lbn=0x455dd sectors=1 buf=0x519c80 ret=0x3e3b8c
[diag:cd] sceCdRead payload lbn=0x455dd buf=0x519c80 bytes=f80401002c050100
[cd:callback] queued func=1 cb=0x3e3ad8
[cd:callback] start func=1 cb=0x3e3ad8
[diag:cd] sceCdRead lbn=0x455de sectors=1 buf=0x519c80 ret=0x3e3b8c
[diag:cd] sceCdRead payload lbn=0x455de buf=0x519c80 bytes=09ffffffd1020000
[cd:callback] queued func=1 cb=0x3e3ad8
[cd:callback] start func=1 cb=0x3e3ad8
[diag:cd] sceCdRead lbn=0x455df sectors=1 buf=0x519c80 ret=0x3e3b8c
[diag:cd] sceCdRead payload lbn=0x455df buf=0x519c80 bytes=0000000000000000
[cd:callback] queued func=1 cb=0x3e3ad8
[cd:callback] start func=1 cb=0x3e3ad8
[diag:cd] sceCdRead lbn=0x455e0 sectors=1 buf=0x519c80 ret=0x3e3b8c
[diag:cd] sceCdRead payload lbn=0x455e0 buf=0x519c80 bytes=4600000076000000
[cd:callback] queued func=1 cb=0x3e3ad8
[cd:callback] start func=1 cb=0x3e3ad8
[diag:cd] sceCdRead lbn=0x455e1 sectors=1 buf=0x519c80 ret=0x3e3b8c
[diag:cd] sceCdRead payload lbn=0x455e1 buf=0x519c80 bytes=130600ff7d007703
[cd:callback] queued func=1 cb=0x3e3ad8
[cd:callback] start func=1 cb=0x3e3ad8
[diag:cd] sceCdRead lbn=0x455e2 sectors=1 buf=0x519c80 ret=0x3e3b8c
[diag:cd] sceCdRead payload lbn=0x455e2 buf=0x519c80 bytes=bcbd0000acbd0000
[cd:callback] queued func=1 cb=0x3e3ad8
[cd:callback] start func=1 cb=0x3e3ad8
[diag:cd] sceCdRead lbn=0x455e3 sectors=1 buf=0x519c80 ret=0x3e3b8c
[diag:cd] sceCdRead payload lbn=0x455e3 buf=0x519c80 bytes=ffff307564000000
[cd:callback] queued func=1 cb=0x3e3ad8
[cd:callback] start func=1 cb=0x3e3ad8
[diag:cd] sceCdRead lbn=0x455e4 sectors=1 buf=0x519c80 ret=0x3e3b8c
[diag:cd] sceCdRead payload lbn=0x455e4 buf=0x519c80 bytes=89850200b0850200
[cd:callback] queued func=1 cb=0x3e3ad8
[cd:callback] start func=1 cb=0x3e3ad8
[diag:cd] sceCdRead lbn=0x455e5 sectors=1 buf=0x519c80 ret=0x3e3b8c
[diag:cd] sceCdRead payload lbn=0x455e5 buf=0x519c80 bytes=01ffffff81b40000
[cd:callback] queued func=1 cb=0x3e3ad8
[cd:callback] start func=1 cb=0x3e3ad8
[diag:cd] sceCdRead lbn=0x455e6 sectors=1 buf=0x519c80 ret=0x3e3b8c
[diag:cd] sceCdRead payload lbn=0x455e6 buf=0x519c80 bytes=0000ffff0000ee00
[cd:callback] queued func=1 cb=0x3e3ad8
[cd:callback] start func=1 cb=0x3e3ad8
[diag:cd] sceCdRead lbn=0x455e7 sectors=1 buf=0x519c80 ret=0x3e3b8c
[diag:cd] sceCdRead payload lbn=0x455e7 buf=0x519c80 bytes=060148010000ffff
[cd:callback] queued func=1 cb=0x3e3ad8
[cd:callback] start func=1 cb=0x3e3ad8
[diag:cd] sceCdRead lbn=0x455e8 sectors=1 buf=0x519c80 ret=0x3e3b8c
[diag:cd] sceCdRead payload lbn=0x455e8 buf=0x519c80 bytes=00006a000600e101
[cd:callback] queued func=1 cb=0x3e3ad8
[cd:callback] start func=1 cb=0x3e3ad8
[diag:cd] sceCdRead lbn=0x455e9 sectors=1 buf=0x519c80 ret=0x3e3b8c
[diag:cd] sceCdRead payload lbn=0x455e9 buf=0x519c80 bytes=0000ffff00001300
[cd:callback] queued func=1 cb=0x3e3ad8
[cd:callback] start func=1 cb=0x3e3ad8
[diag:cd] sceCdRead lbn=0x455ea sectors=1 buf=0x519c80 ret=0x3e3b8c
[diag:cd] sceCdRead payload lbn=0x455ea buf=0x519c80 bytes=020103010000ffff
[cd:callback] queued func=1 cb=0x3e3ad8
[cd:callback] start func=1 cb=0x3e3ad8
[diag:cd] sceCdRead lbn=0x455eb sectors=1 buf=0x519c80 ret=0x3e3b8c
[diag:cd] sceCdRead payload lbn=0x455eb buf=0x519c80 bytes=0001940002005901
[cd:callback] queued func=1 cb=0x3e3ad8
[cd:callback] start func=1 cb=0x3e3ad8
[diag:cd] sceCdRead lbn=0x455ec sectors=1 buf=0x519c80 ret=0x3e3b8c
[diag:cd] sceCdRead payload lbn=0x455ec buf=0x519c80 bytes=0000ffff00009d01
[cd:callback] queued func=1 cb=0x3e3ad8
[cd:callback] start func=1 cb=0x3e3ad8
[diag:cd] sceCdRead lbn=0x455ed sectors=1 buf=0x519c80 ret=0x3e3b8c
[diag:cd] sceCdRead payload lbn=0x455ed buf=0x519c80 bytes=020061030000ffff
[cd:callback] queued func=1 cb=0x3e3ad8
[cd:callback] start func=1 cb=0x3e3ad8
[diag:cd] sceCdRead lbn=0x455ee sectors=1 buf=0x519c80 ret=0x3e3b8c
[diag:cd] sceCdRead payload lbn=0x455ee buf=0x519c80 bytes=0001be000401d400
[cd:callback] queued func=1 cb=0x3e3ad8
[cd:callback] start func=1 cb=0x3e3ad8
[diag:cd] sceCdRead lbn=0x455ef sectors=1 buf=0x519c80 ret=0x3e3b8c
[diag:cd] sceCdRead payload lbn=0x455ef buf=0x519c80 bytes=0000ffff00012f01
[cd:callback] queued func=1 cb=0x3e3ad8
[cd:callback] start func=1 cb=0x3e3ad8
[diag:cd] sceCdRead lbn=0x455f0 sectors=1 buf=0x519c80 ret=0x3e3b8c
[diag:cd] sceCdRead payload lbn=0x455f0 buf=0x519c80 bytes=040091010000ffff
[cd:callback] queued func=1 cb=0x3e3ad8
[cd:callback] start func=1 cb=0x3e3ad8
[diag:cd] sceCdRead lbn=0x455f1 sectors=1 buf=0x519c80 ret=0x3e3b8c
[diag:cd] sceCdRead payload lbn=0x455f1 buf=0x519c80 bytes=00012e0009013100
[cd:callback] queued func=1 cb=0x3e3ad8
[cd:callback] start func=1 cb=0x3e3ad8
[diag:cd] sceCdRead lbn=0x455f2 sectors=1 buf=0x519c80 ret=0x3e3b8c
[diag:cd] sceCdRead payload lbn=0x455f2 buf=0x519c80 bytes=0000ffff0001ad00
[cd:callback] queued func=1 cb=0x3e3ad8
[cd:callback] start func=1 cb=0x3e3ad8
[diag:cd] sceCdRead lbn=0x455f3 sectors=1 buf=0x519c80 ret=0x3e3b8c
[diag:cd] sceCdRead payload lbn=0x455f3 buf=0x519c80 bytes=090023010000ffff
[cd:callback] queued func=1 cb=0x3e3ad8
[cd:callback] start func=1 cb=0x3e3ad8
[diag:cd] sceCdRead lbn=0x455f4 sectors=1 buf=0x519c80 ret=0x3e3b8c
[diag:cd] sceCdRead payload lbn=0x455f4 buf=0x519c80 bytes=00005f0109017701
[cd:callback] queued func=1 cb=0x3e3ad8
[cd:callback] start func=1 cb=0x3e3ad8
[diag:cd] sceCdRead lbn=0x455f5 sectors=1 buf=0x519c80 ret=0x3e3b8c
[diag:cd] sceCdRead payload lbn=0x455f5 buf=0x519c80 bytes=0000ffff0001cb02
[cd:callback] queued func=1 cb=0x3e3ad8
[cd:callback] start func=1 cb=0x3e3ad8
[diag:cd] sceCdRead lbn=0x455f6 sectors=1 buf=0x519c80 ret=0x3e3b8c
[diag:cd] sceCdRead payload lbn=0x455f6 buf=0x519c80 bytes=08006d000000ffff
[cd:callback] queued func=1 cb=0x3e3ad8
[cd:callback] start func=1 cb=0x3e3ad8
[diag:cd] sceCdRead lbn=0x455f7 sectors=1 buf=0x519c80 ret=0x3e3b8c
[diag:cd] sceCdRead payload lbn=0x455f7 buf=0x519c80 bytes=000031030801d800
[cd:callback] queued func=1 cb=0x3e3ad8
[cd:callback] start func=1 cb=0x3e3ad8
[diag:cd] sceCdRead lbn=0x455f8 sectors=1 buf=0x519c80 ret=0x3e3b8c
[diag:cd] sceCdRead payload lbn=0x455f8 buf=0x519c80 bytes=0000ffff00012f01
[cd:callback] queued func=1 cb=0x3e3ad8
[cd:callback] start func=1 cb=0x3e3ad8
[diag:cd] sceCdRead lbn=0x455f9 sectors=1 buf=0x519c80 ret=0x3e3b8c
[diag:cd] sceCdRead payload lbn=0x455f9 buf=0x519c80 bytes=080191010000ffff
[cd:callback] queued func=1 cb=0x3e3ad8
[cd:callback] start func=1 cb=0x3e3ad8
[diag:cd] sceCdRead lbn=0x455fa sectors=1 buf=0x519c80 ret=0x3e3b8c
[diag:cd] sceCdRead payload lbn=0x455fa buf=0x519c80 bytes=00000d0308011a03
[cd:callback] queued func=1 cb=0x3e3ad8
[cd:callback] start func=1 cb=0x3e3ad8
[diag:cd] sceCdRead lbn=0x455fb sectors=1 buf=0x519c80 ret=0x3e3b8c
[diag:cd] sceCdRead payload lbn=0x455fb buf=0x519c80 bytes=0001ea000000ea00
[cd:callback] queued func=1 cb=0x3e3ad8
[cd:callback] start func=1 cb=0x3e3ad8
[diag:cd] sceCdRead lbn=0x455fc sectors=1 buf=0x519c80 ret=0x3e3b8c
[diag:cd] sceCdRead payload lbn=0x455fc buf=0x519c80 bytes=0301a20000019600
[cd:callback] queued func=1 cb=0x3e3ad8
[cd:callback] start func=1 cb=0x3e3ad8
[diag:cd] sceCdRead lbn=0x455fd sectors=1 buf=0x519c80 ret=0x3e3b8c
[diag:cd] sceCdRead payload lbn=0x455fd buf=0x519c80 bytes=0001ee0003001101
[cd:callback] queued func=1 cb=0x3e3ad8
[cd:callback] start func=1 cb=0x3e3ad8
[diag:cd] sceCdRead lbn=0x455fe sectors=1 buf=0x519c80 ret=0x3e3b8c
[diag:cd] sceCdRead payload lbn=0x455fe buf=0x519c80 bytes=0000ffff00005f01
[cd:callback] queued func=1 cb=0x3e3ad8
[cd:callback] start func=1 cb=0x3e3ad8
[diag:cd] sceCdRead lbn=0x455ff sectors=1 buf=0x519c80 ret=0x3e3b8c
[diag:cd] sceCdRead payload lbn=0x455ff buf=0x519c80 bytes=0301b5010000ffff
[cd:callback] queued func=1 cb=0x3e3ad8
[cd:callback] start func=1 cb=0x3e3ad8
[diag:cd] sceCdRead lbn=0x45600 sectors=1 buf=0x519c80 ret=0x3e3b8c
[diag:cd] sceCdRead payload lbn=0x45600 buf=0x519c80 bytes=0001f70207009d00
[cd:callback] queued func=1 cb=0x3e3ad8
[cd:callback] start func=1 cb=0x3e3ad8
[diag:cd] sceCdRead lbn=0x45601 sectors=1 buf=0x519c80 ret=0x3e3b8c
[diag:cd] sceCdRead payload lbn=0x45601 buf=0x519c80 bytes=0000ffff00001701
[cd:callback] queued func=1 cb=0x3e3ad8
[cd:callback] start func=1 cb=0x3e3ad8
[diag:cd] sceCdRead lbn=0x45602 sectors=1 buf=0x519c80 ret=0x3e3b8c
[diag:cd] sceCdRead payload lbn=0x45602 buf=0x519c80 bytes=07016c010000ffff
[cd:callback] queued func=1 cb=0x3e3ad8
[cd:callback] start func=1 cb=0x3e3ad8
[diag:cd] sceCdRead lbn=0x45603 sectors=1 buf=0x519c80 ret=0x3e3b8c
[diag:cd] sceCdRead payload lbn=0x45603 buf=0x519c80 bytes=0001db010700dd01
[cd:callback] queued func=1 cb=0x3e3ad8
[cd:callback] start func=1 cb=0x3e3ad8
[diag:cd] sceCdRead lbn=0x45604 sectors=1 buf=0x519c80 ret=0x3e3b8c
[diag:cd] sceCdRead payload lbn=0x45604 buf=0x519c80 bytes=0000ffff00002600
[cd:callback] queued func=1 cb=0x3e3ad8
[cd:callback] start func=1 cb=0x3e3ad8
[diag:cd] sceCdRead lbn=0x45605 sectors=1 buf=0x519c80 ret=0x3e3b8c
[diag:cd] sceCdRead payload lbn=0x45605 buf=0x519c80 bytes=010011010000ffff
[cd:callback] queued func=1 cb=0x3e3ad8
[cd:callback] start func=1 cb=0x3e3ad8
[diag:cd] sceCdRead lbn=0x45606 sectors=1 buf=0x519c80 ret=0x3e3b8c
[diag:cd] sceCdRead payload lbn=0x45606 buf=0x519c80 bytes=00015f0101006701
[cd:callback] queued func=1 cb=0x3e3ad8
[cd:callback] start func=1 cb=0x3e3ad8
[diag:cd] sceCdRead lbn=0x45607 sectors=1 buf=0x519c80 ret=0x3e3b8c
[diag:cd] sceCdRead payload lbn=0x45607 buf=0x519c80 bytes=0000ffff00019200
[cd:callback] queued func=1 cb=0x3e3ad8
[cd:callback] start func=1 cb=0x3e3ad8
[diag:cd] sceCdRead lbn=0x45608 sectors=1 buf=0x519c80 ret=0x3e3b8c
[diag:cd] sceCdRead payload lbn=0x45608 buf=0x519c80 bytes=00016b000000ffff
[cd:callback] queued func=1 cb=0x3e3ad8
[cd:callback] start func=1 cb=0x3e3ad8
[diag:cd] sceCdRead lbn=0x45609 sectors=1 buf=0x519c80 ret=0x3e3b8c
[diag:cd] sceCdRead payload lbn=0x45609 buf=0x519c80 bytes=0001ee0000011401
[cd:callback] queued func=1 cb=0x3e3ad8
[cd:callback] start func=1 cb=0x3e3ad8
[diag:cd] sceCdRead lbn=0x4560a sectors=1 buf=0x519c80 ret=0x3e3b8c
[diag:cd] sceCdRead payload lbn=0x4560a buf=0x519c80 bytes=0000ffff00005f01
[cd:callback] queued func=1 cb=0x3e3ad8
[cd:callback] start func=1 cb=0x3e3ad8
[diag:cd] sceCdRead lbn=0x4560b sectors=1 buf=0x519c80 ret=0x3e3b8c
[diag:cd] sceCdRead payload lbn=0x4560b buf=0x519c80 bytes=0001bb010000ffff
[cd:callback] queued func=1 cb=0x3e3ad8
[cd:callback] start func=1 cb=0x3e3ad8
[diag:cd] sceCdRead lbn=0x4560c sectors=1 buf=0x519c80 ret=0x3e3b8c
[diag:cd] sceCdRead payload lbn=0x4560c buf=0x519c80 bytes=0000260000014b02
[cd:callback] queued func=1 cb=0x3e3ad8
[cd:callback] start func=1 cb=0x3e3ad8
[diag:cd] sceCdRead lbn=0x4560d sectors=1 buf=0x519c80 ret=0x3e3b8c
[diag:cd] sceCdRead payload lbn=0x4560d buf=0x519c80 bytes=0001b0000000b000
[cd:callback] queued func=1 cb=0x3e3ad8
[cd:callback] start func=1 cb=0x3e3ad8
[diag:cd] sceCdRead lbn=0x4560e sectors=1 buf=0x519c80 ret=0x3e3b8c
[diag:cd] sceCdRead payload lbn=0x4560e buf=0x519c80 bytes=050123010000ffff
[cd:callback] queued func=1 cb=0x3e3ad8
[cd:callback] start func=1 cb=0x3e3ad8
[diag:cd] sceCdRead lbn=0x4560f sectors=1 buf=0x519c80 ret=0x3e3b8c
[diag:cd] sceCdRead payload lbn=0x4560f buf=0x519c80 bytes=00015f0105007901
[cd:callback] queued func=1 cb=0x3e3ad8
[cd:callback] start func=1 cb=0x3e3ad8
[diag:cd] sceCdRead lbn=0x45610 sectors=1 buf=0x519c80 ret=0x3e3b8c
[diag:cd] sceCdRead payload lbn=0x45610 buf=0x519c80 bytes=7c007e0018000000
[cd:callback] queued func=1 cb=0x3e3ad8
[cd:callback] start func=1 cb=0x3e3ad8
[diag:cd] sceCdRead lbn=0x45611 sectors=1 buf=0x519c80 ret=0x3e3b8c
[diag:cd] sceCdRead payload lbn=0x45611 buf=0x519c80 bytes=612e6d706600426f
[cd:callback] queued func=1 cb=0x3e3ad8
[cd:callback] start func=1 cb=0x3e3ad8
[diag:cd] sceCdRead lbn=0x45612 sectors=1 buf=0x519c80 ret=0x3e3b8c
[diag:cd] sceCdRead payload lbn=0x45612 buf=0x519c80 bytes=7264466c65780042
[cd:callback] queued func=1 cb=0x3e3ad8
[cd:callback] start func=1 cb=0x3e3ad8
[diag:cd] sceCdRead lbn=0x45613 sectors=1 buf=0x519c80 ret=0x3e3b8c
[diag:cd] sceCdRead payload lbn=0x45613 buf=0x519c80 bytes=70325f5368647700
[cd:callback] queued func=1 cb=0x3e3ad8
[cd:callback] start func=1 cb=0x3e3ad8
[diag:cd] sceCdRead lbn=0x45614 sectors=1 buf=0x519c80 ret=0x3e3b8c
[diag:cd] sceCdRead payload lbn=0x45614 buf=0x519c80 bytes=725f4e6f72646963
[cd:callback] queued func=1 cb=0x3e3ad8
[cd:callback] start func=1 cb=0x3e3ad8
[diag:cd] sceCdRead lbn=0x45615 sectors=1 buf=0x519c80 ret=0x3e3b8c
[diag:cd] sceCdRead payload lbn=0x45615 buf=0x519c80 bytes=5f626f74746f6d7a
[cd:callback] queued func=1 cb=0x3e3ad8
[cd:callback] start func=1 cb=0x3e3ad8
[diag:cd] sceCdRead lbn=0x45616 sectors=1 buf=0x519c80 ret=0x3e3b8c
[diag:cd] sceCdRead payload lbn=0x45616 buf=0x519c80 bytes=646174612f636861
[cd:callback] queued func=1 cb=0x3e3ad8
[cd:callback] start func=1 cb=0x3e3ad8
[diag:cd] sceCdRead lbn=0x45617 sectors=1 buf=0x519c80 ret=0x3e3b8c
[diag:cd] sceCdRead payload lbn=0x45617 buf=0x519c80 bytes=416c62696e6f6672
[cd:callback] queued func=1 cb=0x3e3ad8
[cd:callback] start func=1 cb=0x3e3ad8
[diag:cd] sceCdRead lbn=0x45618 sectors=1 buf=0x519c80 ret=0x3e3b8c
[diag:cd] sceCdRead payload lbn=0x45618 buf=0x519c80 bytes=655f486174735f41
[cd:callback] queued func=1 cb=0x3e3ad8
[cd:callback] start func=1 cb=0x3e3ad8
[diag:cd] sceCdRead lbn=0x45619 sectors=1 buf=0x519c80 ret=0x3e3b8c
[diag:cd] sceCdRead payload lbn=0x45619 buf=0x519c80 bytes=78702e6269677c65
[cd:callback] queued func=1 cb=0x3e3ad8
[cd:callback] start func=1 cb=0x3e3ad8
[diag:cd] sceCdRead lbn=0x4561a sectors=1 buf=0x519c80 ret=0x3e3b8c
[diag:cd] sceCdRead payload lbn=0x4561a buf=0x519c80 bytes=5269670064617461
[cd:callback] queued func=1 cb=0x3e3ad8
[cd:callback] start func=1 cb=0x3e3ad8
[diag:cd] sceCdRead lbn=0x4561b sectors=1 buf=0x519c80 ret=0x3e3b8c
[diag:cd] sceCdRead payload lbn=0x4561b buf=0x519c80 bytes=74612f636861722f
[cd:callback] queued func=1 cb=0x3e3ad8
[cd:callback] start func=1 cb=0x3e3ad8
[diag:cd] sceCdRead lbn=0x4561c sectors=1 buf=0x519c80 ret=0x3e3b8c
[diag:cd] sceCdRead payload lbn=0x4561c buf=0x519c80 bytes=0069323631004c6f
[cd:callback] queued func=1 cb=0x3e3ad8
[cd:callback] start func=1 cb=0x3e3ad8
[diag:cd] sceCdRead lbn=0x4561d sectors=1 buf=0x519c80 ret=0x3e3b8c
[diag:cd] sceCdRead payload lbn=0x4561d buf=0x519c80 bytes=005370656369616c
[cd:callback] queued func=1 cb=0x3e3ad8
[cd:callback] start func=1 cb=0x3e3ad8
[diag:cd] sceCdRead lbn=0x4561e sectors=1 buf=0x519c80 ret=0x3e3b8c
[diag:cd] sceCdRead payload lbn=0x4561e buf=0x519c80 bytes=6d70660064617461
[cd:callback] queued func=1 cb=0x3e3ad8
[cd:callback] start func=1 cb=0x3e3ad8
[diag:cd] sceCdRead lbn=0x4561f sectors=1 buf=0x519c80 ret=0x3e3b8c
[diag:cd] sceCdRead payload lbn=0x4561f buf=0x519c80 bytes=74612f636861722f
[cd:callback] queued func=1 cb=0x3e3ad8
[cd:callback] start func=1 cb=0x3e3ad8
[diag:cd] sceCdRead lbn=0x45620 sectors=1 buf=0x519c80 ret=0x3e3b8c
[diag:cd] sceCdRead payload lbn=0x45620 buf=0x519c80 bytes=5f486561645f4230
[cd:callback] queued func=1 cb=0x3e3ad8
[cd:callback] start func=1 cb=0x3e3ad8
[diag:cd] sceCdRead lbn=0x45621 sectors=1 buf=0x519c80 ret=0x3e3b8c
[diag:cd] sceCdRead payload lbn=0x45621 buf=0x519c80 bytes=7269700064617461
[cd:callback] queued func=1 cb=0x3e3ad8
[cd:callback] start func=1 cb=0x3e3ad8
[diag:cd] sceCdRead lbn=0x45622 sectors=1 buf=0x519c80 ret=0x3e3b8c
[diag:cd] sceCdRead payload lbn=0x45622 buf=0x519c80 bytes=4130315f4d31342e
[cd:callback] queued func=1 cb=0x3e3ad8
[cd:callback] start func=1 cb=0x3e3ad8
[diag:cd] sceCdRead lbn=0x45623 sectors=1 buf=0x519c80 ret=0x3e3b8c
[diag:cd] sceCdRead payload lbn=0x45623 buf=0x519c80 bytes=69677c617269656c
[cd:callback] queued func=1 cb=0x3e3ad8
[cd:callback] start func=1 cb=0x3e3ad8
[diag:cd] sceCdRead lbn=0x45624 sectors=1 buf=0x519c80 ret=0x3e3b8c
[diag:cd] sceCdRead payload lbn=0x45624 buf=0x519c80 bytes=2f636861722f616c
[cd:callback] queued func=1 cb=0x3e3ad8
[cd:callback] start func=1 cb=0x3e3ad8
[diag:cd] sceCdRead lbn=0x45625 sectors=1 buf=0x519c80 ret=0x3e3b8c
[diag:cd] sceCdRead payload lbn=0x45625 buf=0x519c80 bytes=20456c626f772053
[cd:callback] queued func=1 cb=0x3e3ad8
[cd:callback] start func=1 cb=0x3e3ad8
[diag:cd] sceCdRead lbn=0x45626 sectors=1 buf=0x519c80 ret=0x3e3b8c
[diag:cd] sceCdRead payload lbn=0x45626 buf=0x519c80 bytes=655f416c70685f45
[cd:callback] queued func=1 cb=0x3e3ad8
[cd:callback] start func=1 cb=0x3e3ad8
[diag:cd] sceCdRead lbn=0x45627 sectors=1 buf=0x519c80 ret=0x3e3b8c
[diag:cd] sceCdRead payload lbn=0x45627 buf=0x519c80 bytes=4261636b7061636b
[cd:callback] queued func=1 cb=0x3e3ad8
[cd:callback] start func=1 cb=0x3e3ad8
[diag:cd] sceCdRead lbn=0x45628 sectors=1 buf=0x519c80 ret=0x3e3b8c
[diag:cd] sceCdRead payload lbn=0x45628 buf=0x519c80 bytes=677c6a757267656e
[cd:callback] queued func=1 cb=0x3e3ad8
[cd:callback] start func=1 cb=0x3e3ad8
[diag:cd] sceCdRead lbn=0x45629 sectors=1 buf=0x519c80 ret=0x3e3b8c
[diag:cd] sceCdRead payload lbn=0x45629 buf=0x519c80 bytes=6c7073322e626967
[cd:callback] queued func=1 cb=0x3e3ad8
[cd:callback] start func=1 cb=0x3e3ad8
[diag:cd] sceCdRead lbn=0x4562a sectors=1 buf=0x519c80 ret=0x3e3b8c
[diag:cd] sceCdRead payload lbn=0x4562a buf=0x519c80 bytes=646c7073322e6269
[cd:callback] queued func=1 cb=0x3e3ad8
[cd:callback] start func=1 cb=0x3e3ad8
[diag:cd] sceCdRead lbn=0x4562b sectors=1 buf=0x519c80 ret=0x3e3b8c
[diag:cd] sceCdRead payload lbn=0x4562b buf=0x519c80 bytes=7a6f655f416c7068
[cd:callback] queued func=1 cb=0x3e3ad8
[cd:callback] start func=1 cb=0x3e3ad8
[diag:cd] sceCdRead lbn=0x4562c sectors=1 buf=0x519c80 ret=0x3e3b8c
[diag:cd] sceCdRead payload lbn=0x4562c buf=0x519c80 bytes=00646174612f6368
[cd:callback] queued func=1 cb=0x3e3ad8
[cd:callback] start func=1 cb=0x3e3ad8
[diag:cd] sceCdRead lbn=0x4562d sectors=1 buf=0x519c80 ret=0x3e3b8c
[diag:cd] sceCdRead payload lbn=0x4562d buf=0x519c80 bytes=6600646174612f63
[cd:callback] queued func=1 cb=0x3e3ad8
[cd:callback] start func=1 cb=0x3e3ad8
[diag:cd] sceCdRead lbn=0x4562e sectors=1 buf=0x519c80 ret=0x3e3b8c
[diag:cd] sceCdRead payload lbn=0x4562e buf=0x519c80 bytes=2e73736800646174
[cd:callback] queued func=1 cb=0x3e3ad8
[cd:callback] start func=1 cb=0x3e3ad8
[diag:cd] sceCdRead lbn=0x4562f sectors=1 buf=0x519c80 ret=0x3e3b8c
[diag:cd] sceCdRead payload lbn=0x4562f buf=0x519c80 bytes=74735f4130315f4f
[cd:callback] queued func=1 cb=0x3e3ad8
[cd:callback] start func=1 cb=0x3e3ad8
[diag:cd] sceCdRead lbn=0x45630 sectors=1 buf=0x519c80 ret=0x3e3b8c
[diag:cd] sceCdRead payload lbn=0x45630 buf=0x519c80 bytes=702e6269677c7a6f
[cd:callback] queued func=1 cb=0x3e3ad8
[cd:callback] start func=1 cb=0x3e3ad8
[diag:cd] sceCdRead lbn=0x45631 sectors=1 buf=0x519c80 ret=0x3e3b8c
[diag:cd] sceCdRead payload lbn=0x45631 buf=0x519c80 bytes=414730312e737368
[cd:callback] queued func=1 cb=0x3e3ad8
[cd:callback] start func=1 cb=0x3e3ad8
[diag:cd] sceCdRead lbn=0x45632 sectors=1 buf=0x519c80 ret=0x3e3b8c
[diag:cd] sceCdRead payload lbn=0x45632 buf=0x519c80 bytes=685f4130312e7373
[cd:callback] queued func=1 cb=0x3e3ad8
[cd:callback] start func=1 cb=0x3e3ad8
[diag:cd] sceCdRead lbn=0x45633 sectors=1 buf=0x519c80 ret=0x3e3b8c
[diag:cd] sceCdRead payload lbn=0x45633 buf=0x519c80 bytes=6d7066005a697020
[cd:callback] queued func=1 cb=0x3e3ad8
[cd:callback] start func=1 cb=0x3e3ad8
[diag:cd] sceCdRead lbn=0x45634 sectors=1 buf=0x519c80 ret=0x3e3b8c
[diag:cd] sceCdRead payload lbn=0x45634 buf=0x519c80 bytes=7c6465697465725f
[cd:callback] queued func=1 cb=0x3e3ad8
[cd:callback] start func=1 cb=0x3e3ad8
[diag:cd] sceCdRead lbn=0x45635 sectors=1 buf=0x519c80 ret=0x3e3b8c
[diag:cd] sceCdRead payload lbn=0x45635 buf=0x519c80 bytes=6600486561746572
[cd:callback] queued func=1 cb=0x3e3ad8
[cd:callback] start func=1 cb=0x3e3ad8
[diag:cd] sceCdRead lbn=0x45636 sectors=1 buf=0x519c80 ret=0x3e3b8c
[diag:cd] sceCdRead payload lbn=0x45636 buf=0x519c80 bytes=6174735f4130315f
[cd:callback] queued func=1 cb=0x3e3ad8
[cd:callback] start func=1 cb=0x3e3ad8
[diag:cd] sceCdRead lbn=0x45637 sectors=1 buf=0x519c80 ret=0x3e3b8c
[diag:cd] sceCdRead payload lbn=0x45637 buf=0x519c80 bytes=6967676f7478702e
[cd:callback] queued func=1 cb=0x3e3ad8
[cd:callback] start func=1 cb=0x3e3ad8
[diag:cd] sceCdRead lbn=0x45638 sectors=1 buf=0x519c80 ret=0x3e3b8c
[diag:cd] sceCdRead payload lbn=0x45638 buf=0x519c80 bytes=5f5130382e737368
[cd:callback] queued func=1 cb=0x3e3ad8
[cd:callback] start func=1 cb=0x3e3ad8
[diag:cd] sceCdRead lbn=0x45639 sectors=1 buf=0x519c80 ret=0x3e3b8c
[diag:cd] sceCdRead payload lbn=0x45639 buf=0x519c80 bytes=766967676f747870
[cd:callback] queued func=1 cb=0x3e3ad8
[cd:callback] start func=1 cb=0x3e3ad8
[diag:cd] sceCdRead lbn=0x4563a sectors=1 buf=0x519c80 ret=0x3e3b8c
[diag:cd] sceCdRead payload lbn=0x4563a buf=0x519c80 bytes=7073322e6269677c
[cd:callback] queued func=1 cb=0x3e3ad8
[cd:callback] start func=1 cb=0x3e3ad8
[diag:cd] sceCdRead lbn=0x4563b sectors=1 buf=0x519c80 ret=0x3e3b8c
[diag:cd] sceCdRead payload lbn=0x4563b buf=0x519c80 bytes=5f5368647700426f
[cd:callback] queued func=1 cb=0x3e3ad8
[cd:callback] start func=1 cb=0x3e3ad8
[diag:cd] sceCdRead lbn=0x4563c sectors=1 buf=0x519c80 ret=0x3e3b8c
[diag:cd] sceCdRead payload lbn=0x4563c buf=0x519c80 bytes=6174612f63686172
[cd:callback] queued func=1 cb=0x3e3ad8
[cd:callback] start func=1 cb=0x3e3ad8
[diag:cd] sceCdRead lbn=0x4563d sectors=1 buf=0x519c80 ret=0x3e3b8c
[diag:cd] sceCdRead payload lbn=0x4563d buf=0x519c80 bytes=6e5f626f72645f41
[cd:callback] queued func=1 cb=0x3e3ad8
[cd:callback] start func=1 cb=0x3e3ad8
[diag:cd] sceCdRead lbn=0x4563e sectors=1 buf=0x519c80 ret=0x3e3b8c
[diag:cd] sceCdRead payload lbn=0x4563e buf=0x519c80 bytes=32372e7373680064
[cd:callback] queued func=1 cb=0x3e3ad8
[cd:callback] start func=1 cb=0x3e3ad8
[diag:cd] sceCdRead lbn=0x4563f sectors=1 buf=0x519c80 ret=0x3e3b8c
[diag:cd] sceCdRead payload lbn=0x4563f buf=0x519c80 bytes=69677c7073796d6f
[cd:callback] queued func=1 cb=0x3e3ad8
[cd:callback] start func=1 cb=0x3e3ad8
[diag:cd] sceCdRead lbn=0x45640 sectors=1 buf=0x519c80 ret=0x3e3b8c
[diag:cd] sceCdRead payload lbn=0x45640 buf=0x519c80 bytes=456174765f30372e
[cd:callback] queued func=1 cb=0x3e3ad8
[cd:callback] start func=1 cb=0x3e3ad8
[diag:cd] sceCdRead lbn=0x45641 sectors=1 buf=0x519c80 ret=0x3e3b8c
[diag:cd] sceCdRead payload lbn=0x45641 buf=0x519c80 bytes=6f7478702e626967
[cd:callback] queued func=1 cb=0x3e3ad8
[cd:callback] start func=1 cb=0x3e3ad8
[diag:cd] sceCdRead lbn=0x45642 sectors=1 buf=0x519c80 ret=0x3e3b8c
[diag:cd] sceCdRead payload lbn=0x45642 buf=0x519c80 bytes=465f536864770042
[cd:callback] queued func=1 cb=0x3e3ad8
[cd:callback] start func=1 cb=0x3e3ad8
[diag:cd] sceCdRead lbn=0x45643 sectors=1 buf=0x519c80 ret=0x3e3b8c
[diag:cd] sceCdRead payload lbn=0x45643 buf=0x519c80 bytes=635f68656164626f
[cd:callback] queued func=1 cb=0x3e3ad8
[cd:callback] start func=1 cb=0x3e3ad8
[diag:cd] sceCdRead lbn=0x45644 sectors=1 buf=0x519c80 ret=0x3e3b8c
[diag:cd] sceCdRead payload lbn=0x45644 buf=0x519c80 bytes=496e66696c747261
[cd:callback] queued func=1 cb=0x3e3ad8
[cd:callback] start func=1 cb=0x3e3ad8
[diag:cd] sceCdRead lbn=0x45645 sectors=1 buf=0x519c80 ret=0x3e3b8c
[diag:cd] sceCdRead payload lbn=0x45645 buf=0x519c80 bytes=7c6d61635f457874
[cd:callback] queued func=1 cb=0x3e3ad8
[cd:callback] start func=1 cb=0x3e3ad8
[diag:cd] sceCdRead lbn=0x45646 sectors=1 buf=0x519c80 ret=0x3e3b8c
[diag:cd] sceCdRead payload lbn=0x45646 buf=0x519c80 bytes=612f636861722f6d
[cd:callback] queued func=1 cb=0x3e3ad8
[cd:callback] start func=1 cb=0x3e3ad8
[diag:cd] sceCdRead lbn=0x45647 sectors=1 buf=0x519c80 ret=0x3e3b8c
[diag:cd] sceCdRead payload lbn=0x45647 buf=0x519c80 bytes=2f6d61637478702e
[cd:callback] queued func=1 cb=0x3e3ad8
[cd:callback] start func=1 cb=0x3e3ad8
[diag:cd] sceCdRead lbn=0x45648 sectors=1 buf=0x519c80 ret=0x3e3b8c
[diag:cd] sceCdRead payload lbn=0x45648 buf=0x519c80 bytes=00646174612f6368
[cd:callback] queued func=1 cb=0x3e3ad8
[cd:callback] start func=1 cb=0x3e3ad8
[diag:cd] sceCdRead lbn=0x45649 sectors=1 buf=0x519c80 ret=0x3e3b8c
[diag:cd] sceCdRead payload lbn=0x45649 buf=0x519c80 bytes=2e6269677c6d6163
[cd:callback] queued func=1 cb=0x3e3ad8
[cd:callback] start func=1 cb=0x3e3ad8
[diag:cd] sceCdRead lbn=0x4564a sectors=1 buf=0x519c80 ret=0x3e3b8c
[diag:cd] sceCdRead payload lbn=0x4564a buf=0x519c80 bytes=692e6d7066006461
[cd:callback] queued func=1 cb=0x3e3ad8
[cd:callback] start func=1 cb=0x3e3ad8
[diag:cd] sceCdRead lbn=0x4564b sectors=1 buf=0x519c80 ret=0x3e3b8c
[diag:cd] sceCdRead payload lbn=0x4564b buf=0x519c80 bytes=456174645f30312e
[cd:callback] queued func=1 cb=0x3e3ad8
[cd:callback] start func=1 cb=0x3e3ad8
[diag:cd] sceCdRead lbn=0x4564c sectors=1 buf=0x519c80 ret=0x3e3b8c
[diag:cd] sceCdRead payload lbn=0x4564c buf=0x519c80 bytes=63636f5f626f7264
[cd:callback] queued func=1 cb=0x3e3ad8
[cd:callback] start func=1 cb=0x3e3ad8
[diag:cd] sceCdRead lbn=0x4564d sectors=1 buf=0x519c80 ret=0x3e3b8c
[diag:cd] sceCdRead payload lbn=0x4564d buf=0x519c80 bytes=7c726f63636f5f48
[cd:callback] queued func=1 cb=0x3e3ad8
[cd:callback] start func=1 cb=0x3e3ad8
[diag:cd] sceCdRead lbn=0x4564e sectors=1 buf=0x519c80 ret=0x3e3b8c
[diag:cd] sceCdRead payload lbn=0x4564e buf=0x519c80 bytes=00646174612f6368
[cd:callback] queued func=1 cb=0x3e3ad8
[cd:callback] start func=1 cb=0x3e3ad8
[diag:cd] sceCdRead lbn=0x4564f sectors=1 buf=0x519c80 ret=0x3e3b8c
[diag:cd] sceCdRead payload lbn=0x4564f buf=0x519c80 bytes=2e6269677c726f63
[cd:callback] queued func=1 cb=0x3e3ad8
[cd:callback] start func=1 cb=0x3e3ad8
[diag:cd] sceCdRead lbn=0x45650 sectors=1 buf=0x519c80 ret=0x3e3b8c
[diag:cd] sceCdRead payload lbn=0x45650 buf=0x519c80 bytes=65425f4800486f6f
[cd:callback] queued func=1 cb=0x3e3ad8
[cd:callback] start func=1 cb=0x3e3ad8
[diag:cd] sceCdRead lbn=0x45651 sectors=1 buf=0x519c80 ret=0x3e3b8c
[diag:cd] sceCdRead payload lbn=0x45651 buf=0x519c80 bytes=2f6d646c7073322e
[cd:callback] queued func=1 cb=0x3e3ad8
[cd:callback] start func=1 cb=0x3e3ad8
[diag:cd] sceCdRead lbn=0x45652 sectors=1 buf=0x519c80 ret=0x3e3b8c
[diag:cd] sceCdRead payload lbn=0x45652 buf=0x519c80 bytes=5f68656164626f6c
[cd:callback] queued func=1 cb=0x3e3ad8
[cd:callback] start func=1 cb=0x3e3ad8
[diag:cd] sceCdRead lbn=0x45653 sectors=1 buf=0x519c80 ret=0x3e3b8c
[diag:cd] sceCdRead payload lbn=0x45653 buf=0x519c80 bytes=68004b6974747920
[cd:callback] queued func=1 cb=0x3e3ad8
[cd:callback] start func=1 cb=0x3e3ad8
[diag:cd] sceCdRead lbn=0x45654 sectors=1 buf=0x519c80 ret=0x3e3b8c
[diag:cd] sceCdRead payload lbn=0x45654 buf=0x519c80 bytes=722f6b616f726974
[cd:callback] queued func=1 cb=0x3e3ad8
[cd:callback] start func=1 cb=0x3e3ad8
[diag:cd] sceCdRead lbn=0x45655 sectors=1 buf=0x519c80 ret=0x3e3b8c
[diag:cd] sceCdRead payload lbn=0x45655 buf=0x519c80 bytes=6800646174612f63
[cd:callback] queued func=1 cb=0x3e3ad8
[cd:callback] start func=1 cb=0x3e3ad8
[diag:cd] sceCdRead lbn=0x45656 sectors=1 buf=0x519c80 ret=0x3e3b8c
[diag:cd] sceCdRead payload lbn=0x45656 buf=0x519c80 bytes=7c6b616f72695f48
[cd:callback] queued func=1 cb=0x3e3ad8
[cd:callback] start func=1 cb=0x3e3ad8
[diag:cd] sceCdRead lbn=0x45657 sectors=1 buf=0x519c80 ret=0x3e3b8c
[diag:cd] sceCdRead payload lbn=0x45657 buf=0x519c80 bytes=72697478702e6269
[cd:callback] queued func=1 cb=0x3e3ad8
[cd:callback] start func=1 cb=0x3e3ad8
[diag:cd] sceCdRead lbn=0x45658 sectors=1 buf=0x519c80 ret=0x3e3b8c
[diag:cd] sceCdRead payload lbn=0x45658 buf=0x519c80 bytes=6e6f776d616e2054
[cd:callback] queued func=1 cb=0x3e3ad8
[cd:callback] start func=1 cb=0x3e3ad8
[diag:cd] sceCdRead lbn=0x45659 sectors=1 buf=0x519c80 ret=0x3e3b8c
[diag:cd] sceCdRead payload lbn=0x45659 buf=0x519c80 bytes=646c7073322e6269
[cd:callback] queued func=1 cb=0x3e3ad8
[cd:callback] start func=1 cb=0x3e3ad8
[diag:cd] sceCdRead lbn=0x4565a sectors=1 buf=0x519c80 ret=0x3e3b8c
[diag:cd] sceCdRead payload lbn=0x4565a buf=0x519c80 bytes=677c6d6f62795f65
[cd:callback] queued func=1 cb=0x3e3ad8
[cd:callback] start func=1 cb=0x3e3ad8
[diag:cd] sceCdRead lbn=0x4565b sectors=1 buf=0x519c80 ret=0x3e3b8c
[diag:cd] sceCdRead payload lbn=0x4565b buf=0x519c80 bytes=6861722f6d6f6279
[cd:callback] queued func=1 cb=0x3e3ad8
[cd:callback] start func=1 cb=0x3e3ad8
[diag:cd] sceCdRead lbn=0x4565c sectors=1 buf=0x519c80 ret=0x3e3b8c
[diag:cd] sceCdRead payload lbn=0x4565c buf=0x519c80 bytes=68004576656e696e
[cd:callback] queued func=1 cb=0x3e3ad8
[cd:callback] start func=1 cb=0x3e3ad8
[diag:cd] sceCdRead lbn=0x4565d sectors=1 buf=0x519c80 ret=0x3e3b8c
[diag:cd] sceCdRead payload lbn=0x4565d buf=0x519c80 bytes=69677c6d6f62795f
[cd:callback] queued func=1 cb=0x3e3ad8
[cd:callback] start func=1 cb=0x3e3ad8
[diag:cd] sceCdRead lbn=0x4565e sectors=1 buf=0x519c80 ret=0x3e3b8c
[diag:cd] sceCdRead payload lbn=0x4565e buf=0x519c80 bytes=00646174612f6368
[cd:callback] queued func=1 cb=0x3e3ad8
[cd:callback] start func=1 cb=0x3e3ad8
1->0 parked=0 waker=2 pc=0x423de8 ra=0x3e3c20 inInt=0 result=26
[diag:cd] sceCdRead lbn=0x4565f sectors=1 buf=0x519c80 ret=0x3e3b8c
[diag:cd] sceCdRead payload lbn=0x4565f buf=0x519c80 bytes=6f62795f48617473
[cd:callback] queued func=1 cb=0x3e3ad8
[cd:callback] start func=1 cb=0x3e3ad8
[diag:cd] sceCdRead lbn=0x45660 sectors=1 buf=0x519c80 ret=0x3e3b8c
[diag:cd] sceCdRead payload lbn=0x45660 buf=0x519c80 bytes=395f4c004261636b
[cd:callback] queued func=1 cb=0x3e3ad8
[cd:callback] start func=1 cb=0x3e3ad8
[diag:cd] sceCdRead lbn=0x45661 sectors=1 buf=0x519c80 ret=0x3e3b8c
[diag:cd] sceCdRead payload lbn=0x45661 buf=0x519c80 bytes=636f20436861696e
[cd:callback] queued func=1 cb=0x3e3ad8
[cd:callback] start func=1 cb=0x3e3ad8
[diag:cd] sceCdRead lbn=0x45662 sectors=1 buf=0x519c80 ret=0x3e3b8c
[diag:cd] sceCdRead payload lbn=0x45662 buf=0x519c80 bytes=7478702e6269677c
[cd:callback] queued func=1 cb=0x3e3ad8
[cd:callback] start func=1 cb=0x3e3ad8
[diag:cd] sceCdRead lbn=0x45663 sectors=1 buf=0x519c80 ret=0x3e3b8c
[diag:cd] sceCdRead payload lbn=0x45663 buf=0x519c80 bytes=2042616c6c204865
[cd:callback] queued func=1 cb=0x3e3ad8
[cd:callback] start func=1 cb=0x3e3ad8
[diag:cd] sceCdRead lbn=0x45664 sectors=1 buf=0x519c80 ret=0x3e3b8c
[diag:cd] sceCdRead payload lbn=0x45664 buf=0x519c80 bytes=2055700064617461
[cd:callback] queued func=1 cb=0x3e3ad8
[cd:callback] start func=1 cb=0x3e3ad8
[diag:cd] sceCdRead lbn=0x45665 sectors=1 buf=0x519c80 ret=0x3e3b8c
[diag:cd] sceCdRead payload lbn=0x45665 buf=0x519c80 bytes=636861722f677269
[cd:callback] queued func=1 cb=0x3e3ad8
[cd:callback] start func=1 cb=0x3e3ad8
[diag:cd] sceCdRead lbn=0x45666 sectors=1 buf=0x519c80 ret=0x3e3b8c
[diag:cd] sceCdRead payload lbn=0x45666 buf=0x519c80 bytes=6800646174612f63
[cd:callback] queued func=1 cb=0x3e3ad8
[cd:callback] start func=1 cb=0x3e3ad8
[diag:cd] sceCdRead lbn=0x45667 sectors=1 buf=0x519c80 ret=0x3e3b8c
[diag:cd] sceCdRead payload lbn=0x45667 buf=0x519c80 bytes=735f4130315f4e30
[cd:callback] queued func=1 cb=0x3e3ad8
[cd:callback] start func=1 cb=0x3e3ad8
[diag:cd] sceCdRead lbn=0x45668 sectors=1 buf=0x519c80 ret=0x3e3b8c
[diag:cd] sceCdRead payload lbn=0x45668 buf=0x519c80 bytes=2e6269677c67726f
[cd:callback] queued func=1 cb=0x3e3ad8
[cd:callback] start func=1 cb=0x3e3ad8
[diag:cd] sceCdRead lbn=0x45669 sectors=1 buf=0x519c80 ret=0x3e3b8c
[diag:cd] sceCdRead payload lbn=0x45669 buf=0x519c80 bytes=6c20526964657200
[cd:callback] queued func=1 cb=0x3e3ad8
[cd:callback] start func=1 cb=0x3e3ad8
[diag:cd] sceCdRead lbn=0x4566a sectors=1 buf=0x519c80 ret=0x3e3b8c
[diag:cd] sceCdRead payload lbn=0x4566a buf=0x519c80 bytes=48616e6473415f4e
[cd:callback] queued func=1 cb=0x3e3ad8
[cd:callback] start func=1 cb=0x3e3ad8
[diag:cd] sceCdRead lbn=0x4566b sectors=1 buf=0x519c80 ret=0x3e3b8c
[diag:cd] sceCdRead payload lbn=0x4566b buf=0x519c80 bytes=6c7442375f313800
[cd:callback] queued func=1 cb=0x3e3ad8
[cd:callback] start func=1 cb=0x3e3ad8
[diag:cd] sceCdRead lbn=0x4566c sectors=1 buf=0x519c80 ret=0x3e3b8c
[diag:cd] sceCdRead payload lbn=0x4566c buf=0x519c80 bytes=5f31004865616442
[cd:callback] queued func=1 cb=0x3e3ad8
[cd:callback] start func=1 cb=0x3e3ad8
[diag:cd] sceCdRead lbn=0x4566d sectors=1 buf=0x519c80 ret=0x3e3b8c
[diag:cd] sceCdRead payload lbn=0x4566d buf=0x519c80 bytes=335f313100506f6e
[cd:callback] queued func=1 cb=0x3e3ad8
[cd:callback] start func=1 cb=0x3e3ad8
[diag:cd] sceCdRead lbn=0x4566e sectors=1 buf=0x519c80 ret=0x3e3b8c
[diag:cd] sceCdRead payload lbn=0x4566e buf=0x519c80 bytes=745f50686f6e6554
[cd:callback] queued func=1 cb=0x3e3ad8
[cd:callback] start func=1 cb=0x3e3ad8
[diag:cd] sceCdRead lbn=0x41f01 sectors=12 buf=0xa1bbc0 ret=0x3e3b8c
[diag:cd] sceCdRead payload lbn=0x41f01 buf=0xa1bbc0 bytes=000000000c000000
[cd:callback] queued func=1 cb=0x3e3ad8
[cd:callback] start func=1 cb=0x3e3ad8
[diag:cd] sceCdRead lbn=0x41f0d sectors=1 buf=0x519c80 ret=0x3e3b8c
[diag:cd] sceCdRead payload lbn=0x41f0d buf=0x519c80 bytes=203100646174612f
[cd:callback] queued func=1 cb=0x3e3ad8
[cd:callback] start func=1 cb=0x3e3ad8
 inInt=0 iSafe=0 invKind=-1 invDepth=0 cbFunc=0 target=- tStatus=-1 tSusp=-1 result=5
[diag:cd] sceCdRead lbn=0x41efe sectors=1 buf=0x519c80 ret=0x3e3b8c
[diag:cd] sceCdRead payload lbn=0x41efe buf=0x519c80 bytes=4d6f6279204a6f6e
[cd:callback] queued func=1 cb=0x3e3ad8
[cd:callback] start func=1 cb=0x3e3ad8
[diag:cd] sceCdRead lbn=0x41f0f sectors=16 buf=0xad0c80 ret=0x3e3b8c
[diag:cd] sceCdRead payload lbn=0x41f0f buf=0xad0c80 bytes=4c4f434814000000
[cd:callback] queued func=1 cb=0x3e3ad8
[cd:callback] start func=1 cb=0x3e3ad8
[diag:cd] sceCdRead lbn=0x41f1f sectors=16 buf=0xad8c80 ret=0x3e3b8c
[diag:cd] sceCdRead payload lbn=0x41f1f buf=0xad8c80 bytes=2000650061007200
[cd:callback] queued func=1 cb=0x3e3ad8
[cd:callback] start func=1 cb=0x3e3ad8
[diag:cd] sceCdRead lbn=0x41f2f sectors=16 buf=0xae0c80 ret=0x3e3b8c
[diag:cd] sceCdRead payload lbn=0x41f2f buf=0xae0c80 bytes=7900000000005300
[cd:callback] queued func=1 cb=0x3e3ad8
[cd:callback] start func=1 cb=0x3e3ad8
[diag:cd] sceCdRead lbn=0x41f3f sectors=7 buf=0xae8c80 ret=0x3e3b8c
[diag:cd] sceCdRead payload lbn=0x41f3f buf=0xae8c80 bytes=650072002e000000
[cd:callback] queued func=1 cb=0x3e3ad8
[cd:callback] start func=1 cb=0x3e3ad8
[diag:cd] sceCdRead lbn=0x41f46 sectors=1 buf=0x519c80 ret=0x3e3b8c
[diag:cd] sceCdRead payload lbn=0x41f46 buf=0x519c80 bytes=7400000000005600
[cd:callback] queued func=1 cb=0x3e3ad8
[cd:callback] start func=1 cb=0x3e3ad8
[diag:start-thread] id=6 func=0x3c19a8 stack=0x50cb20 stack_size=0x6000 gp=0x4a30f0 priority=6 attr=0x0 initial_sp=0x512b20
[IOP/RPC trace:unhandled] sid=0x534e44 rpc=0x0 pc=0x3c0bc4 ra=0x3c0bc4 send=0x50ad00/20 recv=0x0/0 sendBytes=[03 03 08 00 40 B7 50 00 00 00 00 00 A0 8C C0 5D] loadedModules=[cdrom0:/data/modules/voipf.irx; cdrom0:/data/modules/lgaud.irx; cdrom0:/data/modules/drtysckf.irx; cdrom0:/data/modules/libnet.irx; cdrom0:/data/modules/msifrpc.irx; cdrom0:/data/modules/pppoe.irx]
[diag:cd] sceCdRead lbn=0x41ba9 sectors=1 buf=0x519c80 ret=0x3e3b8c
[diag:cd] sceCdRead payload lbn=0x41ba9 buf=0x519c80 bytes=2320476c6f62616c
[cd:callback] queued func=1 cb=0x3e3ad8
[cd:callback] start func=1 cb=0x3e3ad8
[diag:cd] sceCdRead lbn=0x41baa sectors=1 buf=0x519c80 ret=0x3e3b8c
[diag:cd] sceCdRead payload lbn=0x41baa buf=0x519c80 bytes=2020504154484441
[cd:callback] queued func=1 cb=0x3e3ad8
[cd:callback] start func=1 cb=0x3e3ad8
[diag:cd] sceCdRead lbn=0x41bab sectors=1 buf=0x519c80 ret=0x3e3b8c
[diag:cd] sceCdRead payload lbn=0x41bab buf=0x519c80 bytes=2020202042656174
[cd:callback] queued func=1 cb=0x3e3ad8
[cd:callback] start func=1 cb=0x3e3ad8
[diag:cd] sceCdRead lbn=0x41bac sectors=1 buf=0x519c80 ret=0x3e3b8c
[diag:cd] sceCdRead payload lbn=0x41bac buf=0x519c80 bytes=5065725068726173
[cd:callback] queued func=1 cb=0x3e3ad8
[cd:callback] start func=1 cb=0x3e3ad8
[diag:cd] sceCdRead lbn=0x41bad sectors=1 buf=0x519c80 ret=0x3e3b8c
[diag:cd] sceCdRead payload lbn=0x41bad buf=0x519c80 bytes=2020506174686c65
[cd:callback] queued func=1 cb=0x3e3ad8
[cd:callback] start func=1 cb=0x3e3ad8
[diag:cd] sceCdRead lbn=0x41bae sectors=1 buf=0x519c80 ret=0x3e3b8c
[diag:cd] sceCdRead payload lbn=0x41bae buf=0x519c80 bytes=3d20300d0a202020
[cd:callback] queued func=1 cb=0x3e3ad8
[cd:callback] start func=1 cb=0x3e3ad8
[diag:cd] sceCdRead lbn=0x41baf sectors=1 buf=0x519c80 ret=0x3e3b8c
[diag:cd] sceCdRead payload lbn=0x41baf buf=0x519c80 bytes=415445474f525920
[cd:callback] queued func=1 cb=0x3e3ad8
[cd:callback] start func=1 cb=0x3e3ad8
[diag:cd] sceCdRead lbn=0x41bb0 sectors=1 buf=0x519c80 ret=0x3e3b8c
[diag:cd] sceCdRead payload lbn=0x41bb0 buf=0x519c80 bytes=2020202053454456
[cd:callback] queued func=1 cb=0x3e3ad8
[cd:callback] start func=1 cb=0x3e3ad8
[diag:cd] sceCdRead lbn=0x41bb1 sectors=1 buf=0x519c80 ret=0x3e3b8c
[diag:cd] sceCdRead payload lbn=0x41bb1 buf=0x519c80 bytes=7468652053756e0d
[cd:callback] queued func=1 cb=0x3e3ad8
[cd:callback] start func=1 cb=0x3e3ad8
[diag:cd] sceCdRead lbn=0x41bb2 sectors=1 buf=0x519c80 ret=0x3e3b8c
[diag:cd] sceCdRead payload lbn=0x41bb2 buf=0x519c80 bytes=65745d0d0a202020
[cd:callback] queued func=1 cb=0x3e3ad8
[cd:callback] start func=1 cb=0x3e3ad8
[diag:cd] sceCdRead lbn=0x41bb3 sectors=1 buf=0x519c80 ret=0x3e3b8c
[diag:cd] sceCdRead payload lbn=0x41bb3 buf=0x519c80 bytes=54203d2022220d0a
[cd:callback] queued func=1 cb=0x3e3ad8
[cd:callback] start func=1 cb=0x3e3ad8
[diag:cd] sceCdRead lbn=0x41bb4 sectors=1 buf=0x519c80 ret=0x3e3b8c
[diag:cd] sceCdRead payload lbn=0x41bb4 buf=0x519c80 bytes=5b535358204d6978
[cd:callback] queued func=1 cb=0x3e3ad8
[cd:callback] start func=1 cb=0x3e3ad8
[diag:cd] sceCdRead lbn=0x41ba8 sectors=1 buf=0x519c80 ret=0x3e3b8c
[diag:cd] sceCdRead payload lbn=0x41ba8 buf=0x519c80 bytes=2320436f6e746169
[cd:callback] queued func=1 cb=0x3e3ad8
[cd:callback] start func=1 cb=0x3e3ad8
[diag:cd] sceCdRead lbn=0x7f58f sectors=1 buf=0xb2c500 ret=0x3e3b8c
[diag:cd] sceCdRead payload lbn=0x7f58f buf=0xb2c500 bytes=42494746e803410e
[cd:callback] queued func=1 cb=0x3e3ad8
[cd:callback] start func=1 cb=0x3e3ad8
[diag:cd] sceCdRead lbn=0x41ef8 sectors=1 buf=0x519c80 ret=0x3e3b8c
[diag:cd] sceCdRead payload lbn=0x41ef8 buf=0x519c80 bytes=5b434841525d0d0a
[cd:callback] queued func=1 cb=0x3e3ad8
[cd:callback] start func=1 cb=0x3e3ad8
-1 invDepth=0 cbFunc=0 target=- tStatus=-1 tSusp=-1 result=5
[diag:cd] sceCdRead lbn=0x7f55f sectors=1 buf=0x519c80 ret=0x3e3b8c
[diag:cd] sceCdRead payload lbn=0x7f55f buf=0x519c80 bytes=ff2522354ef0facb
[cd:callback] queued func=1 cb=0x3e3ad8
[cd:callback] start func=1 cb=0x3e3ad8
[diag:cd] sceCdRead lbn=0x7f560 sectors=15 buf=0xb51600 ret=0x3e3b8c
[diag:cd] sceCdRead payload lbn=0x7f560 buf=0xb51600 bytes=64720000003c8000
[cd:callback] queued func=1 cb=0x3e3ad8
[cd:callback] start func=1 cb=0x3e3ad8
[diag:cd] sceCdRead lbn=0x7f56f sectors=1 buf=0x519c80 ret=0x3e3b8c
[diag:cd] sceCdRead payload lbn=0x7f56f buf=0x519c80 bytes=7d22ffff010e0e00
[cd:callback] queued func=1 cb=0x3e3ad8
[cd:callback] start func=1 cb=0x3e3ad8
[diag:cd] sceCdRead lbn=0x7f570 sectors=15 buf=0xb59600 ret=0x3e3b8c
[diag:cd] sceCdRead payload lbn=0x7f570 buf=0xb59600 bytes=7e22ffff011f1f00
[cd:callback] queued func=1 cb=0x3e3ad8
[cd:callback] start func=1 cb=0x3e3ad8
[diag:cd] sceCdRead lbn=0x7f57f sectors=1 buf=0x519c80 ret=0x3e3b8c
[diag:cd] sceCdRead payload lbn=0x7f57f buf=0x519c80 bytes=7423ffff00202000
[cd:callback] queued func=1 cb=0x3e3ad8
[cd:callback] start func=1 cb=0x3e3ad8
[diag:cd] sceCdRead lbn=0x7f580 sectors=14 buf=0xb61600 ret=0x3e3b8c
[diag:cd] sceCdRead payload lbn=0x7f580 buf=0xb61600 bytes=2f23ffff01222200
[cd:callback] queued func=1 cb=0x3e3ad8
[cd:callback] start func=1 cb=0x3e3ad8
[diag:cd] sceCdRead lbn=0x7f58e sectors=1 buf=0x519c80 ret=0x3e3b8c
[diag:cd] sceCdRead payload lbn=0x7f58e buf=0x519c80 bytes=0000000039640000
[cd:callback] queued func=1 cb=0x3e3ad8
[cd:callback] start func=1 cb=0x3e3ad8
423dc8 ra=0x3e57bc inInt=0 iSafe=0 invKind=-1 invDepth=0 cbFunc=0 target=- tStatus=-1 tSusp=-1 result=4
5 count=0->1 waiters=0->0 waker=3 pc=0x423dc8 ra=0x3e57bc inInt=0 iSafe=0 invKind=-1 invDepth=0 cbFunc=0 target=- tStatus=-1 tSusp=-1 result=5
[diag:cd] sceCdRead lbn=0x9bda0 sectors=1 buf=0x519c80 ret=0x3e3b8c
[diag:cd] sceCdRead payload lbn=0x9bda0 buf=0x519c80 bytes=e0f1fefcecf01f24
[cd:callback] queued func=1 cb=0x3e3ad8
[cd:callback] start func=1 cb=0x3e3ad8
[diag:cd] sceCdRead lbn=0x9bda1 sectors=14 buf=0xb69300 ret=0x3e3b8c
[diag:cd] sceCdRead payload lbn=0x9bda1 buf=0xb69300 bytes=a523ffff015b5b01
[cd:callback] queued func=1 cb=0x3e3ad8
[cd:callback] start func=1 cb=0x3e3ad8
[diag:cd] sceCdRead lbn=0x9bdaf sectors=1 buf=0x519c80 ret=0x3e3b8c
[diag:cd] sceCdRead payload lbn=0x9bdaf buf=0x519c80 bytes=08000000a4220000
[cd:callback] queued func=1 cb=0x3e3ad8
[cd:callback] start func=1 cb=0x3e3ad8
[diag:cd] sceCdRead lbn=0x5fadd sectors=1 buf=0x519c80 ret=0x3e3b8c
[diag:cd] sceCdRead payload lbn=0x5fadd buf=0x519c80 bytes=2400ff22d022dd20
[cd:callback] queued func=1 cb=0x3e3ad8
[cd:callback] start func=1 cb=0x3e3ad8
[diag:cd] sceCdRead lbn=0x5fade sectors=15 buf=0xb70780 ret=0x3e3b8c
[diag:cd] sceCdRead payload lbn=0x5fade buf=0xb70780 bytes=1d2c4b3e10f1e3e2
[cd:callback] queued func=1 cb=0x3e3ad8
[cd:callback] start func=1 cb=0x3e3ad8
[diag:cd] sceCdRead lbn=0x5faed sectors=1 buf=0x519c80 ret=0x3e3b8c
[diag:cd] sceCdRead payload lbn=0x5faed buf=0x519c80 bytes=cfdcfe0013100ddd
[cd:callback] queued func=1 cb=0x3e3ad8
[cd:callback] start func=1 cb=0x3e3ad8
[diag:cd] sceCdRead lbn=0x5faee sectors=15 buf=0xb78780 ret=0x3e3b8c
[diag:cd] sceCdRead payload lbn=0x5faee buf=0xb78780 bytes=fede0f1023020031
[cd:callback] queued func=1 cb=0x3e3ad8
[cd:callback] start func=1 cb=0x3e3ad8
[diag:cd] sceCdRead lbn=0x5fafd sectors=1 buf=0x519c80 ret=0x3e3b8c
[diag:cd] sceCdRead payload lbn=0x5fafd buf=0x519c80 bytes=206ebf1f34321e11
[cd:callback] queued func=1 cb=0x3e3ad8
[cd:callback] start func=1 cb=0x3e3ad8
[diag:cd] sceCdRead lbn=0x5fafe sectors=1 buf=0x519c80 ret=0x3e3b8c
[diag:cd] sceCdRead payload lbn=0x5fafe buf=0x519c80 bytes=050ff01111edcef1
[cd:callback] queued func=1 cb=0x3e3ad8
[cd:callback] start func=1 cb=0x3e3ad8
 invDepth=0 cbFunc=0 target=- tStatus=-1 tSusp=-1 result=5
[diag:cd] sceCdRead lbn=0x41efb sectors=1 buf=0xb81d80 ret=0x3e3b8c
[diag:cd] sceCdRead payload lbn=0x41efb buf=0xb81d80 bytes=00cccccc9a99993f
[cd:callback] queued func=1 cb=0x3e3ad8
[cd:callback] start func=1 cb=0x3e3ad8
[diag:cd] sceCdRead lbn=0x41efc sectors=1 buf=0x519c80 ret=0x3e3b8c
[diag:cd] sceCdRead payload lbn=0x41efc buf=0x519c80 bytes=6669635f4c6f6f70
[cd:callback] queued func=1 cb=0x3e3ad8
[cd:callback] start func=1 cb=0x3e3ad8
[diag:cd] sceCdRead lbn=0x430db sectors=2 buf=0xb82e80 ret=0x3e3b8c
[diag:cd] sceCdRead payload lbn=0x430db buf=0xb82e80 bytes=495946009a997940
[cd:callback] queued func=1 cb=0x3e3ad8
[cd:callback] start func=1 cb=0x3e3ad8
[diag:cd] sceCdRead lbn=0x430dd sectors=1 buf=0x519c80 ret=0x3e3b8c
[diag:cd] sceCdRead payload lbn=0x430dd buf=0x519c80 bytes=0365017766011767
[cd:callback] queued func=1 cb=0x3e3ad8
[cd:callback] start func=1 cb=0x3e3ad8
[diag:cd] sceCdRead lbn=0x430de sectors=16 buf=0xb84600 ret=0x3e3b8c
[diag:cd] sceCdRead payload lbn=0x430de buf=0xb84600 bytes=5348505330090200
[cd:callback] queued func=1 cb=0x3e3ad8
[cd:callback] start func=1 cb=0x3e3ad8
[diag:cd] sceCdRead lbn=0x430ee sectors=16 buf=0xb8c600 ret=0x3e3b8c
[diag:cd] sceCdRead payload lbn=0x430ee buf=0xb8c600 bytes=0000000000000000
[cd:callback] queued func=1 cb=0x3e3ad8
[cd:callback] start func=1 cb=0x3e3ad8
3e57bc inInt=0 iSafe=0 invKind=-1 invDepth=0 cbFunc=0 target=- tStatus=-1 tSusp=-1 result=5
[diag:cd] sceCdRead lbn=0x430fe sectors=16 buf=0xb94600 ret=0x3e3b8c
[diag:cd] sceCdRead payload lbn=0x430fe buf=0xb94600 bytes=818181818181fa81
[cd:callback] queued func=1 cb=0x3e3ad8
[cd:callback] start func=1 cb=0x3e3ad8
[diag:cd] sceCdRead lbn=0x4310e sectors=16 buf=0xb9c600 ret=0x3e3b8c
[diag:cd] sceCdRead payload lbn=0x4310e buf=0xb9c600 bytes=0000000000000000
[cd:callback] queued func=1 cb=0x3e3ad8
[cd:callback] start func=1 cb=0x3e3ad8
[diag:cd] sceCdRead lbn=0x4311e sectors=1 buf=0xba4600 ret=0x3e3b8c
[diag:cd] sceCdRead payload lbn=0x4311e buf=0xba4600 bytes=0000000000000000
[cd:callback] queued func=1 cb=0x3e3ad8
[cd:callback] start func=1 cb=0x3e3ad8
[diag:cd] sceCdRead lbn=0x4311f sectors=1 buf=0x519c80 ret=0x3e3b8c
[diag:cd] sceCdRead payload lbn=0x4311f buf=0x519c80 bytes=3840752c81818180
[cd:callback] queued func=1 cb=0x3e3ad8
[cd:callback] start func=1 cb=0x3e3ad8
31aa18 -> 0x2326d8 -> 0x227e98 -> 0x326b48 -> 0x31aa58 -> 0x31a9d8 -> 0x423de0 -> 0x3e4db8 -> 0x3825c0 -> 0x3825f8 -> 0x423dd0 -> 0x3c1980
31abf8 inInt=1 iSafe=1 invKind=0 invDepth=1 cbFunc=0 target=4 tStatus=2 tSusp=0 tWaitReason=2 tWaitId=31 result=31
 0x411b08 -> 0x412550 -> 0x411b08 -> 0x411f18 -> 0x411c38 -> 0x411c38 -> 0x411cd8 -> 0x411b08 -> 0x411f70 -> 0x411c38 -> 0x411c38 -> 0x411cd8 -> 0x411b08 -> 0x412500 -> 0x411c38 -> 0x411c38 -> 0x4123e8 -> 0x4126a0 -> 0x411c38 -> 0x371940 -> 0x423dc0 -> 0x423de0 -> 0x31a490 -> 0x31abd0 -> 0x317520 -> 0x423dd0
5 pc=0x423de8 ra=0x3827e8 inInt=0 result=33
> 0x411b08 -> 0x412550 -> 0x411b08 -> 0x411f18 -> 0x411c38 -> 0x411c38 -> 0x411cd8 -> 0x411b08 -> 0x411f70 -> 0x411c38 -> 0x411c38 -> 0x411cd8 -> 0x411b08 -> 0x412500 -> 0x411c38 -> 0x411c38 -> 0x4123e8 -> 0x4126a0 -> 0x411c38 -> 0x371940 -> 0x423dc0 -> 0x423de0 -> 0x31a490 -> 0x31abd0 -> 0x317520 -> 0x423dd0
 pc=0x423de8 ra=0x3e5738 inInt=0 result=4
5 pc=0x423de8 ra=0x3827e8 inInt=0 result=33
[diag:cd] sceCdRead lbn=0x42290 sectors=16 buf=0xc7b400 ret=0x3e3b8c
[diag:cd] sceCdRead payload lbn=0x42290 buf=0xc7b400 bytes=53485053a0fd0200
[cd:callback] queued func=1 cb=0x3e3ad8
[cd:callback] start func=1 cb=0x3e3ad8
[diag:cd] sceCdRead lbn=0x422a0 sectors=16 buf=0xc83400 ret=0x3e3b8c
[diag:cd] sceCdRead payload lbn=0x422a0 buf=0xc83400 bytes=0000000000000000
[cd:callback] queued func=1 cb=0x3e3ad8
[cd:callback] start func=1 cb=0x3e3ad8
[diag:cd] sceCdRead lbn=0x422b0 sectors=16 buf=0xc8b400 ret=0x3e3b8c
[diag:cd] sceCdRead payload lbn=0x422b0 buf=0xc8b400 bytes=0708318007082b80
[cd:callback] queued func=1 cb=0x3e3ad8
[cd:callback] start func=1 cb=0x3e3ad8
[diag:cd] sceCdRead lbn=0x422c0 sectors=16 buf=0xc93400 ret=0x3e3b8c
[diag:cd] sceCdRead payload lbn=0x422c0 buf=0xc93400 bytes=9a792d80af8e3e80
[cd:callback] queued func=1 cb=0x3e3ad8
[cd:callback] start func=1 cb=0x3e3ad8
[diag:cd] sceCdRead lbn=0x422d0 sectors=16 buf=0xc9b400 ret=0x3e3b8c
[diag:cd] sceCdRead payload lbn=0x422d0 buf=0xc9b400 bytes=393939ff565656ff
[cd:callback] queued func=1 cb=0x3e3ad8
[cd:callback] start func=1 cb=0x3e3ad8
[diag:cd] sceCdRead lbn=0x422e0 sectors=15 buf=0xca3400 ret=0x3e3b8c
[diag:cd] sceCdRead payload lbn=0x422e0 buf=0xca3400 bytes=7d7d7dfff4f4f4ff
[cd:callback] queued func=1 cb=0x3e3ad8
[cd:callback] start func=1 cb=0x3e3ad8
[diag:cd] sceCdRead lbn=0x422ef sectors=1 buf=0x519c80 ret=0x3e3b8c
[diag:cd] sceCdRead payload lbn=0x422ef buf=0x519c80 bytes=0000000000000000
[cd:callback] queued func=1 cb=0x3e3ad8
[cd:callback] start func=1 cb=0x3e3ad8
[diag:cd] sceCdRead lbn=0x41f5d sectors=16 buf=0xc7b400 ret=0x3e3b8c
[diag:cd] sceCdRead payload lbn=0x41f5d buf=0xc7b400 bytes=4c4f434814000000
[cd:callback] queued func=1 cb=0x3e3ad8
[cd:callback] start func=1 cb=0x3e3ad8
[diag:cd] sceCdRead lbn=0x41f6d sectors=13 buf=0xc83400 ret=0x3e3b8c
[diag:cd] sceCdRead payload lbn=0x41f6d buf=0xc83400 bytes=69006f006e007300
[cd:callback] queued func=1 cb=0x3e3ad8
[cd:callback] start func=1 cb=0x3e3ad8
[diag:cd] sceCdRead lbn=0x41f7a sectors=1 buf=0x519c80 ret=0x3e3b8c
[diag:cd] sceCdRead payload lbn=0x41f7a buf=0x519c80 bytes=6e00670020006500
[cd:callback] queued func=1 cb=0x3e3ad8
[cd:callback] start func=1 cb=0x3e3ad8
[diag:cd] sceCdRead lbn=0x41f47 sectors=16 buf=0xc8a180 ret=0x3e3b8c
[diag:cd] sceCdRead payload lbn=0x41f47 buf=0xc8a180 bytes=4c4f434814000000
[cd:callback] queued func=1 cb=0x3e3ad8
[cd:callback] start func=1 cb=0x3e3ad8
[diag:cd] sceCdRead lbn=0x41f57 sectors=5 buf=0xc92180 ret=0x3e3b8c
[diag:cd] sceCdRead payload lbn=0x41f57 buf=0xc92180 bytes=640073002f005300
[cd:callback] queued func=1 cb=0x3e3ad8
[cd:callback] start func=1 cb=0x3e3ad8
[diag:cd] sceCdRead lbn=0x41f5c sectors=1 buf=0x519c80 ret=0x3e3b8c
[diag:cd] sceCdRead payload lbn=0x41f5c buf=0x519c80 bytes=790061006e002000
[cd:callback] queued func=1 cb=0x3e3ad8
[cd:callback] start func=1 cb=0x3e3ad8
[diag:cd] sceCdRead lbn=0x41f9c sectors=16 buf=0xcc1e80 ret=0x3e3b8c
[diag:cd] sceCdRead payload lbn=0x41f9c buf=0xcc1e80 bytes=4c4f434814000000
[cd:callback] queued func=1 cb=0x3e3ad8
[cd:callback] start func=1 cb=0x3e3ad8
[diag:cd] sceCdRead lbn=0x41fac sectors=16 buf=0xcc9e80 ret=0x3e3b8c
[diag:cd] sceCdRead payload lbn=0x41fac buf=0xcc9e80 bytes=6e00730065006e00
[cd:callback] queued func=1 cb=0x3e3ad8
[cd:callback] start func=1 cb=0x3e3ad8
[diag:cd] sceCdRead lbn=0x41fbc sectors=13 buf=0xcd1e80 ret=0x3e3b8c
[diag:cd] sceCdRead payload lbn=0x41fbc buf=0xcd1e80 bytes=69006f006e002000
[cd:callback] queued func=1 cb=0x3e3ad8
[cd:callback] start func=1 cb=0x3e3ad8
[diag:cd] sceCdRead lbn=0x41fc9 sectors=1 buf=0x519c80 ret=0x3e3b8c
[diag:cd] sceCdRead payload lbn=0x41fc9 buf=0x519c80 bytes=2000730063007200
[cd:callback] queued func=1 cb=0x3e3ad8
[cd:callback] start func=1 cb=0x3e3ad8
[diag:cd] sceCdRead lbn=0x428e6 sectors=16 buf=0xcd8e80 ret=0x3e3b8c
[diag:cd] sceCdRead payload lbn=0x428e6 buf=0xcd8e80 bytes=495946009a997940
[cd:callback] queued func=1 cb=0x3e3ad8
[cd:callback] start func=1 cb=0x3e3ad8
[diag:cd] sceCdRead lbn=0x428f6 sectors=16 buf=0xce0e80 ret=0x3e3b8c
[diag:cd] sceCdRead payload lbn=0x428f6 buf=0xce0e80 bytes=1000020000008c00
[cd:callback] queued func=1 cb=0x3e3ad8
[cd:callback] start func=1 cb=0x3e3ad8
[diag:cd] sceCdRead lbn=0x42906 sectors=16 buf=0xce8e80 ret=0x3e3b8c
[diag:cd] sceCdRead payload lbn=0x42906 buf=0xce8e80 bytes=100002000000ff00
[cd:callback] queued func=1 cb=0x3e3ad8
[cd:callback] start func=1 cb=0x3e3ad8
[diag:cd] sceCdRead lbn=0x42916 sectors=16 buf=0xcf0e80 ret=0x3e3b8c
[diag:cd] sceCdRead payload lbn=0x42916 buf=0xcf0e80 bytes=1000020000000000
[cd:callback] queued func=1 cb=0x3e3ad8
[cd:callback] start func=1 cb=0x3e3ad8
[diag:cd] sceCdRead lbn=0x42926 sectors=16 buf=0xcf8e80 ret=0x3e3b8c
[diag:cd] sceCdRead payload lbn=0x42926 buf=0xcf8e80 bytes=1000020000000000
[cd:callback] queued func=1 cb=0x3e3ad8
[cd:callback] start func=1 cb=0x3e3ad8
[diag:cd] sceCdRead lbn=0x42936 sectors=16 buf=0xd00e80 ret=0x3e3b8c
[diag:cd] sceCdRead payload lbn=0x42936 buf=0xd00e80 bytes=0000ff000800ff00
[cd:callback] queued func=1 cb=0x3e3ad8
[cd:callback] start func=1 cb=0x3e3ad8
[diag:cd] sceCdRead lbn=0x42946 sectors=16 buf=0xd08e80 ret=0x3e3b8c
[diag:cd] sceCdRead payload lbn=0x42946 buf=0xd08e80 bytes=0b861893c0060b86
[cd:callback] queued func=1 cb=0x3e3ad8
[cd:callback] start func=1 cb=0x3e3ad8
[diag:cd] sceCdRead lbn=0x42956 sectors=16 buf=0xd10e80 ret=0x3e3b8c
[diag:cd] sceCdRead payload lbn=0x42956 buf=0xd10e80 bytes=2447241b04ef04c3
[cd:callback] queued func=1 cb=0x3e3ad8
[cd:callback] start func=1 cb=0x3e3ad8
[diag:cd] sceCdRead lbn=0x42966 sectors=16 buf=0xd18e80 ret=0x3e3b8c
[diag:cd] sceCdRead payload lbn=0x42966 buf=0xd18e80 bytes=99c2539876074eab
[cd:callback] queued func=1 cb=0x3e3ad8
[cd:callback] start func=1 cb=0x3e3ad8
[diag:cd] sceCdRead lbn=0x42976 sectors=16 buf=0xd20e80 ret=0x3e3b8c
[diag:cd] sceCdRead payload lbn=0x42976 buf=0xd20e80 bytes=42931204d701d778
[cd:callback] queued func=1 cb=0x3e3ad8
[cd:callback] start func=1 cb=0x3e3ad8
[diag:cd] sceCdRead lbn=0x42986 sectors=16 buf=0xd28e80 ret=0x3e3b8c
[diag:cd] sceCdRead payload lbn=0x42986 buf=0xd28e80 bytes=e03b9d370a040804
[cd:callback] queued func=1 cb=0x3e3ad8
[cd:callback] start func=1 cb=0x3e3ad8
[diag:cd] sceCdRead lbn=0x42996 sectors=16 buf=0xd30e80 ret=0x3e3b8c
[diag:cd] sceCdRead payload lbn=0x42996 buf=0xd30e80 bytes=400023440b24e324
[cd:callback] queued func=1 cb=0x3e3ad8
[cd:callback] start func=1 cb=0x3e3ad8
[diag:cd] sceCdRead lbn=0x429a6 sectors=16 buf=0xd38e80 ret=0x3e3b8c
[diag:cd] sceCdRead payload lbn=0x429a6 buf=0xd38e80 bytes=03b2b024ef5bf7e2
[cd:callback] queued func=1 cb=0x3e3ad8
[cd:callback] start func=1 cb=0x3e3ad8
[diag:cd] sceCdRead lbn=0x429b6 sectors=11 buf=0xd40e80 ret=0x3e3b8c
[diag:cd] sceCdRead payload lbn=0x429b6 buf=0xd40e80 bytes=1f4cf741f73541f7
[cd:callback] queued func=1 cb=0x3e3ad8
[cd:callback] start func=1 cb=0x3e3ad8
[diag:cd] sceCdRead lbn=0x429c1 sectors=1 buf=0x519c80 ret=0x3e3b8c
[diag:cd] sceCdRead payload lbn=0x429c1 buf=0x519c80 bytes=0080033f602dbb0e
[cd:callback] queued func=1 cb=0x3e3ad8
[cd:callback] start func=1 cb=0x3e3ad8
[diag:cd] sceCdRead lbn=0x429c2 sectors=16 buf=0xd46a00 ret=0x3e3b8c
[diag:cd] sceCdRead payload lbn=0x429c2 buf=0xd46a00 bytes=53485053209a1e00
[cd:callback] queued func=1 cb=0x3e3ad8
[cd:callback] start func=1 cb=0x3e3ad8
[diag:cd] sceCdRead lbn=0x429d2 sectors=16 buf=0xd4ea00 ret=0x3e3b8c
[diag:cd] sceCdRead payload lbn=0x429d2 buf=0xd4ea00 bytes=0707fafafa5d5d5d
[cd:callback] queued func=1 cb=0x3e3ad8
[cd:callback] start func=1 cb=0x3e3ad8
[diag:cd] sceCdRead lbn=0x429e2 sectors=16 buf=0xd56a00 ret=0x3e3b8c
[diag:cd] sceCdRead payload lbn=0x429e2 buf=0xd56a00 bytes=a1a1dfa1a1a1a1a1
[cd:callback] queued func=1 cb=0x3e3ad8
[cd:callback] start func=1 cb=0x3e3ad8
[diag:cd] sceCdRead lbn=0x429f2 sectors=16 buf=0xd5ea00 ret=0x3e3b8c
[diag:cd] sceCdRead payload lbn=0x429f2 buf=0xd5ea00 bytes=123ec2a6c776c7a5
[cd:callback] queued func=1 cb=0x3e3ad8
[cd:callback] start func=1 cb=0x3e3ad8
[diag:cd] sceCdRead lbn=0x42a02 sectors=16 buf=0xd66a00 ret=0x3e3b8c
[diag:cd] sceCdRead payload lbn=0x42a02 buf=0xd66a00 bytes=48484816898e8e8e
[cd:callback] queued func=1 cb=0x3e3ad8
[cd:callback] start func=1 cb=0x3e3ad8
[diag:cd] sceCdRead lbn=0x42a12 sectors=16 buf=0xd6ea00 ret=0x3e3b8c
[diag:cd] sceCdRead payload lbn=0x42a12 buf=0xd6ea00 bytes=8f8f53535366781e
[cd:callback] queued func=1 cb=0x3e3ad8
[cd:callback] start func=1 cb=0x3e3ad8
[diag:cd] sceCdRead lbn=0x42a22 sectors=16 buf=0xd76a00 ret=0x3e3b8c
[diag:cd] sceCdRead payload lbn=0x42a22 buf=0xd76a00 bytes=4a4ac3c3c3c3c35c
[cd:callback] queued func=1 cb=0x3e3ad8
[cd:callback] start func=1 cb=0x3e3ad8
[diag:cd] sceCdRead lbn=0x42a32 sectors=16 buf=0xd7ea00 ret=0x3e3b8c
[diag:cd] sceCdRead payload lbn=0x42a32 buf=0xd7ea00 bytes=6d46464646466d6d
[cd:callback] queued func=1 cb=0x3e3ad8
[cd:callback] start func=1 cb=0x3e3ad8
[diag:cd] sceCdRead lbn=0x42a42 sectors=16 buf=0xd86a00 ret=0x3e3b8c
[diag:cd] sceCdRead payload lbn=0x42a42 buf=0xd86a00 bytes=7171717171717171
[cd:callback] queued func=1 cb=0x3e3ad8
[cd:callback] start func=1 cb=0x3e3ad8
[diag:cd] sceCdRead lbn=0x42a52 sectors=16 buf=0xd8ea00 ret=0x3e3b8c
[diag:cd] sceCdRead payload lbn=0x42a52 buf=0xd8ea00 bytes=1616161616161616
[cd:callback] queued func=1 cb=0x3e3ad8
[cd:callback] start func=1 cb=0x3e3ad8
[diag:cd] sceCdRead lbn=0x42a62 sectors=16 buf=0xd96a00 ret=0x3e3b8c
[diag:cd] sceCdRead payload lbn=0x42a62 buf=0xd96a00 bytes=de58c42472793b3b
[cd:callback] queued func=1 cb=0x3e3ad8
[cd:callback] start func=1 cb=0x3e3ad8
[diag:cd] sceCdRead lbn=0x42a72 sectors=16 buf=0xd9ea00 ret=0x3e3b8c
[diag:cd] sceCdRead payload lbn=0x42a72 buf=0xd9ea00 bytes=adadad038da40303
[cd:callback] queued func=1 cb=0x3e3ad8
[cd:callback] start func=1 cb=0x3e3ad8
[diag:cd] sceCdRead lbn=0x42a82 sectors=16 buf=0xda6a00 ret=0x3e3b8c
[diag:cd] sceCdRead payload lbn=0x42a82 buf=0xda6a00 bytes=adadad038da40303
[cd:callback] queued func=1 cb=0x3e3ad8
[cd:callback] start func=1 cb=0x3e3ad8
[diag:cd] sceCdRead lbn=0x42a92 sectors=16 buf=0xdaea00 ret=0x3e3b8c
[diag:cd] sceCdRead payload lbn=0x42a92 buf=0xdaea00 bytes=f062743f741d3f1d
[cd:callback] queued func=1 cb=0x3e3ad8
[cd:callback] start func=1 cb=0x3e3ad8
[diag:cd] sceCdRead lbn=0x42aa2 sectors=16 buf=0xdb6a00 ret=0x3e3b8c
[diag:cd] sceCdRead payload lbn=0x42aa2 buf=0xdb6a00 bytes=0b0b0b0b0b0b0b0b
[cd:callback] queued func=1 cb=0x3e3ad8
[cd:callback] start func=1 cb=0x3e3ad8
[diag:cd] sceCdRead lbn=0x42ab2 sectors=16 buf=0xdbea00 ret=0x3e3b8c
[diag:cd] sceCdRead payload lbn=0x42ab2 buf=0xdbea00 bytes=0b0b0b0b0b0b0b0b
[cd:callback] queued func=1 cb=0x3e3ad8
[cd:callback] start func=1 cb=0x3e3ad8
[diag:cd] sceCdRead lbn=0x42ac2 sectors=16 buf=0xdc6a00 ret=0x3e3b8c
[diag:cd] sceCdRead payload lbn=0x42ac2 buf=0xdc6a00 bytes=2d2d2d2d2d2d2d2d
[cd:callback] queued func=1 cb=0x3e3ad8
[cd:callback] start func=1 cb=0x3e3ad8
[diag:cd] sceCdRead lbn=0x42ad2 sectors=16 buf=0xdcea00 ret=0x3e3b8c
[diag:cd] sceCdRead payload lbn=0x42ad2 buf=0xdcea00 bytes=2d2d2d2d2d2d2d2d
[cd:callback] queued func=1 cb=0x3e3ad8
[cd:callback] start func=1 cb=0x3e3ad8
[diag:cd] sceCdRead lbn=0x42ae2 sectors=16 buf=0xdd6a00 ret=0x3e3b8c
[diag:cd] sceCdRead payload lbn=0x42ae2 buf=0xdd6a00 bytes=2d2d2d2d2d2d2d2d
[cd:callback] queued func=1 cb=0x3e3ad8
[cd:callback] start func=1 cb=0x3e3ad8
[diag:cd] sceCdRead lbn=0x42af2 sectors=16 buf=0xddea00 ret=0x3e3b8c
[diag:cd] sceCdRead payload lbn=0x42af2 buf=0xddea00 bytes=5656565456565656
[cd:callback] queued func=1 cb=0x3e3ad8
[cd:callback] start func=1 cb=0x3e3ad8
[diag:cd] sceCdRead lbn=0x42b02 sectors=16 buf=0xde6a00 ret=0x3e3b8c
[diag:cd] sceCdRead payload lbn=0x42b02 buf=0xde6a00 bytes=4545454545454545
[cd:callback] queued func=1 cb=0x3e3ad8
[cd:callback] start func=1 cb=0x3e3ad8
[diag:cd] sceCdRead lbn=0x42b12 sectors=16 buf=0xdeea00 ret=0x3e3b8c
[diag:cd] sceCdRead payload lbn=0x42b12 buf=0xdeea00 bytes=4545454545454545
[cd:callback] queued func=1 cb=0x3e3ad8
[cd:callback] start func=1 cb=0x3e3ad8
[diag:cd] sceCdRead lbn=0x42b22 sectors=16 buf=0xdf6a00 ret=0x3e3b8c
[diag:cd] sceCdRead payload lbn=0x42b22 buf=0xdf6a00 bytes=0f0f0f0f0f0f0f0f
[cd:callback] queued func=1 cb=0x3e3ad8
[cd:callback] start func=1 cb=0x3e3ad8
[diag:cd] sceCdRead lbn=0x42b32 sectors=16 buf=0xdfea00 ret=0x3e3b8c
[diag:cd] sceCdRead payload lbn=0x42b32 buf=0xdfea00 bytes=0f0f0f0f0f0f0f0f
[cd:callback] queued func=1 cb=0x3e3ad8
[cd:callback] start func=1 cb=0x3e3ad8
[diag:cd] sceCdRead lbn=0x42b42 sectors=16 buf=0xe06a00 ret=0x3e3b8c
[diag:cd] sceCdRead payload lbn=0x42b42 buf=0xe06a00 bytes=2323232323232323
[cd:callback] queued func=1 cb=0x3e3ad8
[cd:callback] start func=1 cb=0x3e3ad8
[diag:cd] sceCdRead lbn=0x42b52 sectors=16 buf=0xe0ea00 ret=0x3e3b8c
[diag:cd] sceCdRead payload lbn=0x42b52 buf=0xe0ea00 bytes=0423232323232323
[cd:callback] queued func=1 cb=0x3e3ad8
[cd:callback] start func=1 cb=0x3e3ad8
[diag:cd] sceCdRead lbn=0x42b62 sectors=16 buf=0xe16a00 ret=0x3e3b8c
[diag:cd] sceCdRead payload lbn=0x42b62 buf=0xe16a00 bytes=0f0f0f0f0f0f0f0f
[cd:callback] queued func=1 cb=0x3e3ad8
[cd:callback] start func=1 cb=0x3e3ad8
[diag:cd] sceCdRead lbn=0x42b72 sectors=16 buf=0xe1ea00 ret=0x3e3b8c
[diag:cd] sceCdRead payload lbn=0x42b72 buf=0xe1ea00 bytes=0f0f0f0f0f0f0f0f
[cd:callback] queued func=1 cb=0x3e3ad8
[cd:callback] start func=1 cb=0x3e3ad8
[diag:cd] sceCdRead lbn=0x42b82 sectors=16 buf=0xe26a00 ret=0x3e3b8c
[diag:cd] sceCdRead payload lbn=0x42b82 buf=0xe26a00 bytes=0f0f0f0f0f0f0f0f
[cd:callback] queued func=1 cb=0x3e3ad8
[cd:callback] start func=1 cb=0x3e3ad8
[diag:cd] sceCdRead lbn=0x42b92 sectors=16 buf=0xe2ea00 ret=0x3e3b8c
[diag:cd] sceCdRead payload lbn=0x42b92 buf=0xe2ea00 bytes=0f0f0f0f0f0f0f0f
[cd:callback] queued func=1 cb=0x3e3ad8
[cd:callback] start func=1 cb=0x3e3ad8
[diag:cd] sceCdRead lbn=0x42ba2 sectors=16 buf=0xe36a00 ret=0x3e3b8c
[diag:cd] sceCdRead payload lbn=0x42ba2 buf=0xe36a00 bytes=8f8f8f8f8f8f8f8f
[cd:callback] queued func=1 cb=0x3e3ad8
[cd:callback] start func=1 cb=0x3e3ad8
[diag:cd] sceCdRead lbn=0x42bb2 sectors=16 buf=0xe3ea00 ret=0x3e3b8c
[diag:cd] sceCdRead payload lbn=0x42bb2 buf=0xe3ea00 bytes=4141414141414141
[cd:callback] queued func=1 cb=0x3e3ad8
[cd:callback] start func=1 cb=0x3e3ad8
0 cbFunc=0 target=2 tStatus=2 tSusp=0 tWaitReason=2 tWaitId=26 result=26
[diag:cd] sceCdRead lbn=0x42bc2 sectors=16 buf=0xe46a00 ret=0x3e3b8c
[diag:cd] sceCdRead payload lbn=0x42bc2 buf=0xe46a00 bytes=2b00000000000000
[cd:callback] queued func=1 cb=0x3e3ad8
[cd:callback] start func=1 cb=0x3e3ad8
[diag:cd] sceCdRead lbn=0x42bd2 sectors=16 buf=0xe4ea00 ret=0x3e3b8c
[diag:cd] sceCdRead payload lbn=0x42bd2 buf=0xe4ea00 bytes=0000000000000000
[cd:callback] queued func=1 cb=0x3e3ad8
[cd:callback] start func=1 cb=0x3e3ad8
[diag:cd] sceCdRead lbn=0x42be2 sectors=16 buf=0xe56a00 ret=0x3e3b8c
[diag:cd] sceCdRead payload lbn=0x42be2 buf=0xe56a00 bytes=bdbdbdbdbdbdbdbd
[cd:callback] queued func=1 cb=0x3e3ad8
[cd:callback] start func=1 cb=0x3e3ad8
[diag:cd] sceCdRead lbn=0x42bf2 sectors=16 buf=0xe5ea00 ret=0x3e3b8c
[diag:cd] sceCdRead payload lbn=0x42bf2 buf=0xe5ea00 bytes=bdbdbdbdbdbdbdbd
[cd:callback] queued func=1 cb=0x3e3ad8
[cd:callback] start func=1 cb=0x3e3ad8
[diag:cd] sceCdRead lbn=0x42c02 sectors=16 buf=0xe66a00 ret=0x3e3b8c
[diag:cd] sceCdRead payload lbn=0x42c02 buf=0xe66a00 bytes=e7e7e7e7e7e7e7e7
[cd:callback] queued func=1 cb=0x3e3ad8
[cd:callback] start func=1 cb=0x3e3ad8
[diag:cd] sceCdRead lbn=0x42c12 sectors=16 buf=0xe6ea00 ret=0x3e3b8c
[diag:cd] sceCdRead payload lbn=0x42c12 buf=0xe6ea00 bytes=55e4b9a8e681814d
[cd:callback] queued func=1 cb=0x3e3ad8
[cd:callback] start func=1 cb=0x3e3ad8
[diag:cd] sceCdRead lbn=0x42c22 sectors=16 buf=0xe76a00 ret=0x3e3b8c
[diag:cd] sceCdRead payload lbn=0x42c22 buf=0xe76a00 bytes=0000000000000002
[cd:callback] queued func=1 cb=0x3e3ad8
[cd:callback] start func=1 cb=0x3e3ad8
[diag:cd] sceCdRead lbn=0x42c32 sectors=16 buf=0xe7ea00 ret=0x3e3b8c
[diag:cd] sceCdRead payload lbn=0x42c32 buf=0xe7ea00 bytes=0000000054f004f5
[cd:callback] queued func=1 cb=0x3e3ad8
[cd:callback] start func=1 cb=0x3e3ad8
[diag:cd] sceCdRead lbn=0x42c42 sectors=16 buf=0xe86a00 ret=0x3e3b8c
[diag:cd] sceCdRead payload lbn=0x42c42 buf=0xe86a00 bytes=e1ecffd4b1f401ae
[cd:callback] queued func=1 cb=0x3e3ad8
[cd:callback] start func=1 cb=0x3e3ad8
[diag:cd] sceCdRead lbn=0x42c52 sectors=16 buf=0xe8ea00 ret=0x3e3b8c
[diag:cd] sceCdRead payload lbn=0x42c52 buf=0xe8ea00 bytes=0000000000000000
[cd:callback] queued func=1 cb=0x3e3ad8
[cd:callback] start func=1 cb=0x3e3ad8
[diag:cd] sceCdRead lbn=0x42c62 sectors=16 buf=0xe96a00 ret=0x3e3b8c
[diag:cd] sceCdRead payload lbn=0x42c62 buf=0xe96a00 bytes=0000000000533884
[cd:callback] queued func=1 cb=0x3e3ad8
[cd:callback] start func=1 cb=0x3e3ad8
[diag:cd] sceCdRead lbn=0x42c72 sectors=16 buf=0xe9ea00 ret=0x3e3b8c
[diag:cd] sceCdRead payload lbn=0x42c72 buf=0xe9ea00 bytes=eeeeeeeeeeeeeeee
[cd:callback] queued func=1 cb=0x3e3ad8
[cd:callback] start func=1 cb=0x3e3ad8
[diag:cd] sceCdRead lbn=0x42c82 sectors=16 buf=0xea6a00 ret=0x3e3b8c
[diag:cd] sceCdRead payload lbn=0x42c82 buf=0xea6a00 bytes=398f8f8f505df2aa
[cd:callback] queued func=1 cb=0x3e3ad8
[cd:callback] start func=1 cb=0x3e3ad8
[diag:cd] sceCdRead lbn=0x42c92 sectors=16 buf=0xeaea00 ret=0x3e3b8c
[diag:cd] sceCdRead payload lbn=0x42c92 buf=0xeaea00 bytes=b6c6ca6cffbe7980
[cd:callback] queued func=1 cb=0x3e3ad8
[cd:callback] start func=1 cb=0x3e3ad8
[diag:cd] sceCdRead lbn=0x42ca2 sectors=16 buf=0xeb6a00 ret=0x3e3b8c
[diag:cd] sceCdRead payload lbn=0x42ca2 buf=0xeb6a00 bytes=000000000044f132
[cd:callback] queued func=1 cb=0x3e3ad8
[cd:callback] start func=1 cb=0x3e3ad8
[diag:cd] sceCdRead lbn=0x42cb2 sectors=16 buf=0xebea00 ret=0x3e3b8c
[diag:cd] sceCdRead payload lbn=0x42cb2 buf=0xebea00 bytes=0000000000000000
[cd:callback] queued func=1 cb=0x3e3ad8
[cd:callback] start func=1 cb=0x3e3ad8
[diag:cd] sceCdRead lbn=0x42cc2 sectors=16 buf=0xec6a00 ret=0x3e3b8c
[diag:cd] sceCdRead payload lbn=0x42cc2 buf=0xec6a00 bytes=397df32a2a2af372
[cd:callback] queued func=1 cb=0x3e3ad8
[cd:callback] start func=1 cb=0x3e3ad8
[diag:cd] sceCdRead lbn=0x42cd2 sectors=16 buf=0xecea00 ret=0x3e3b8c
[diag:cd] sceCdRead payload lbn=0x42cd2 buf=0xecea00 bytes=0000000000000000
[cd:callback] queued func=1 cb=0x3e3ad8
[cd:callback] start func=1 cb=0x3e3ad8
[diag:cd] sceCdRead lbn=0x42ce2 sectors=16 buf=0xed6a00 ret=0x3e3b8c
[diag:cd] sceCdRead payload lbn=0x42ce2 buf=0xed6a00 bytes=0032a4a4a4d2d884
[cd:callback] queued func=1 cb=0x3e3ad8
[cd:callback] start func=1 cb=0x3e3ad8
[diag:cd] sceCdRead lbn=0x42cf2 sectors=16 buf=0xedea00 ret=0x3e3b8c
[diag:cd] sceCdRead payload lbn=0x42cf2 buf=0xedea00 bytes=2929292929299d29
[cd:callback] queued func=1 cb=0x3e3ad8
[cd:callback] start func=1 cb=0x3e3ad8
[diag:cd] sceCdRead lbn=0x42d02 sectors=16 buf=0xee6a00 ret=0x3e3b8c
[diag:cd] sceCdRead payload lbn=0x42d02 buf=0xee6a00 bytes=0000000000000055
[cd:callback] queued func=1 cb=0x3e3ad8
[cd:callback] start func=1 cb=0x3e3ad8
[diag:cd] sceCdRead lbn=0x42d12 sectors=16 buf=0xeeea00 ret=0x3e3b8c
[diag:cd] sceCdRead payload lbn=0x42d12 buf=0xeeea00 bytes=65c380c3f080e64b
[cd:callback] queued func=1 cb=0x3e3ad8
[cd:callback] start func=1 cb=0x3e3ad8
[diag:cd] sceCdRead lbn=0x42d22 sectors=16 buf=0xef6a00 ret=0x3e3b8c
[diag:cd] sceCdRead payload lbn=0x42d22 buf=0xef6a00 bytes=35abab5a206beaae
[cd:callback] queued func=1 cb=0x3e3ad8
[cd:callback] start func=1 cb=0x3e3ad8
[diag:cd] sceCdRead lbn=0x42d32 sectors=16 buf=0xefea00 ret=0x3e3b8c
[diag:cd] sceCdRead payload lbn=0x42d32 buf=0xefea00 bytes=abca1dd40ccb4949
[cd:callback] queued func=1 cb=0x3e3ad8
[cd:callback] start func=1 cb=0x3e3ad8
[diag:cd] sceCdRead lbn=0x42d42 sectors=16 buf=0xf06a00 ret=0x3e3b8c
[diag:cd] sceCdRead payload lbn=0x42d42 buf=0xf06a00 bytes=0000000000000000
[cd:callback] queued func=1 cb=0x3e3ad8
[cd:callback] start func=1 cb=0x3e3ad8
[diag:cd] sceCdRead lbn=0x42d52 sectors=16 buf=0xf0ea00 ret=0x3e3b8c
[diag:cd] sceCdRead payload lbn=0x42d52 buf=0xf0ea00 bytes=0000000000000000
[cd:callback] queued func=1 cb=0x3e3ad8
[cd:callback] start func=1 cb=0x3e3ad8
[diag:cd] sceCdRead lbn=0x42d62 sectors=16 buf=0xf16a00 ret=0x3e3b8c
[diag:cd] sceCdRead payload lbn=0x42d62 buf=0xf16a00 bytes=0000000000000000
[cd:callback] queued func=1 cb=0x3e3ad8
[cd:callback] start func=1 cb=0x3e3ad8
[diag:cd] sceCdRead lbn=0x42d72 sectors=16 buf=0xf1ea00 ret=0x3e3b8c
[diag:cd] sceCdRead payload lbn=0x42d72 buf=0xf1ea00 bytes=0000000000000000
[cd:callback] queued func=1 cb=0x3e3ad8
[cd:callback] start func=1 cb=0x3e3ad8
[diag:cd] sceCdRead lbn=0x42d82 sectors=16 buf=0xf26a00 ret=0x3e3b8c
[diag:cd] sceCdRead payload lbn=0x42d82 buf=0xf26a00 bytes=0000000000000000
[cd:callback] queued func=1 cb=0x3e3ad8
[cd:callback] start func=1 cb=0x3e3ad8
[diag:cd] sceCdRead lbn=0x42d92 sectors=3 buf=0xf2ea00 ret=0x3e3b8c
[diag:cd] sceCdRead payload lbn=0x42d92 buf=0xf2ea00 bytes=0000c4c4c4c462e8
[cd:callback] queued func=1 cb=0x3e3ad8
[cd:callback] start func=1 cb=0x3e3ad8
[diag:cd] sceCdRead lbn=0x42d95 sectors=1 buf=0x519c80 ret=0x3e3b8c
[diag:cd] sceCdRead payload lbn=0x42d95 buf=0x519c80 bytes=104c65802428242c
[cd:callback] queued func=1 cb=0x3e3ad8
[cd:callback] start func=1 cb=0x3e3ad8
[diag:cd] sceCdRead lbn=0x452e5 sectors=1 buf=0xd48300 ret=0x3e3b8c
[diag:cd] sceCdRead payload lbn=0x452e5 buf=0xd48300 bytes=424947465fdf1300
[cd:callback] queued func=1 cb=0x3e3ad8
[cd:callback] start func=1 cb=0x3e3ad8
[diag:cd] sceCdRead lbn=0x4549c sectors=1 buf=0x519c80 ret=0x3e3b8c
[diag:cd] sceCdRead payload lbn=0x4549c buf=0x519c80 bytes=3f48993943a6fb3c
[cd:callback] queued func=1 cb=0x3e3ad8
[cd:callback] start func=1 cb=0x3e3ad8
[diag:cd] sceCdRead lbn=0x4549d sectors=15 buf=0xd48f00 ret=0x3e3b8c
[diag:cd] sceCdRead payload lbn=0x4549d buf=0xd48f00 bytes=040007e0ca050000
[cd:callback] queued func=1 cb=0x3e3ad8
[cd:callback] start func=1 cb=0x3e3ad8
[diag:cd] sceCdRead lbn=0x454ac sectors=1 buf=0x519c80 ret=0x3e3b8c
[diag:cd] sceCdRead payload lbn=0x454ac buf=0x519c80 bytes=80847da34c821d8d
[cd:callback] queued func=1 cb=0x3e3ad8
[cd:callback] start func=1 cb=0x3e3ad8
[diag:cd] sceCdRead lbn=0x454ad sectors=15 buf=0xd50f00 ret=0x3e3b8c
[diag:cd] sceCdRead payload lbn=0x454ad buf=0xd50f00 bytes=8c21bce1de2bf8f1
[cd:callback] queued func=1 cb=0x3e3ad8
[cd:callback] start func=1 cb=0x3e3ad8
[diag:cd] sceCdRead lbn=0x454bc sectors=1 buf=0x519c80 ret=0x3e3b8c
[diag:cd] sceCdRead payload lbn=0x454bc buf=0x519c80 bytes=8793bbaeb93fa9a5
[cd:callback] queued func=1 cb=0x3e3ad8
[cd:callback] start func=1 cb=0x3e3ad8
[diag:cd] sceCdRead lbn=0x454bd sectors=15 buf=0xd58f00 ret=0x3e3b8c
[diag:cd] sceCdRead payload lbn=0x454bd buf=0xd58f00 bytes=18af09c331c86fdc
[cd:callback] queued func=1 cb=0x3e3ad8
[cd:callback] start func=1 cb=0x3e3ad8
[diag:cd] sceCdRead lbn=0x454cc sectors=1 buf=0x519c80 ret=0x3e3b8c
[diag:cd] sceCdRead payload lbn=0x454cc buf=0x519c80 bytes=dd3a7fb73e2a793a
[cd:callback] queued func=1 cb=0x3e3ad8
[cd:callback] start func=1 cb=0x3e3ad8
[diag:cd] sceCdRead lbn=0x454cd sectors=15 buf=0xd60f00 ret=0x3e3b8c
[diag:cd] sceCdRead payload lbn=0x454cd buf=0xd60f00 bytes=1040feb7107203e8
[cd:callback] queued func=1 cb=0x3e3ad8
[cd:callback] start func=1 cb=0x3e3ad8
[diag:cd] sceCdRead lbn=0x454dc sectors=1 buf=0x519c80 ret=0x3e3b8c
[diag:cd] sceCdRead payload lbn=0x454dc buf=0x519c80 bytes=eafbcb382f40ac2c
[cd:callback] queued func=1 cb=0x3e3ad8
[cd:callback] start func=1 cb=0x3e3ad8
[diag:cd] sceCdRead lbn=0x454dd sectors=15 buf=0xd68f00 ret=0x3e3b8c
[diag:cd] sceCdRead payload lbn=0x454dd buf=0xd68f00 bytes=00000e503e016d4a
[cd:callback] queued func=1 cb=0x3e3ad8
[cd:callback] start func=1 cb=0x3e3ad8
[diag:cd] sceCdRead lbn=0x454ec sectors=1 buf=0x519c80 ret=0x3e3b8c
[diag:cd] sceCdRead payload lbn=0x454ec buf=0x519c80 bytes=8f0000e0c51c1000
[cd:callback] queued func=1 cb=0x3e3ad8
[cd:callback] start func=1 cb=0x3e3ad8
[diag:cd] sceCdRead lbn=0x454ed sectors=15 buf=0xd70f00 ret=0x3e3b8c
[diag:cd] sceCdRead payload lbn=0x454ed buf=0xd70f00 bytes=7fb08afc3a65dc68
[cd:callback] queued func=1 cb=0x3e3ad8
[cd:callback] start func=1 cb=0x3e3ad8
[diag:cd] sceCdRead lbn=0x454fc sectors=1 buf=0x519c80 ret=0x3e3b8c
[diag:cd] sceCdRead payload lbn=0x454fc buf=0x519c80 bytes=4f17de295f900216
[cd:callback] queued func=1 cb=0x3e3ad8
[cd:callback] start func=1 cb=0x3e3ad8
[diag:cd] sceCdRead lbn=0x454fd sectors=15 buf=0xd78f00 ret=0x3e3b8c
[diag:cd] sceCdRead payload lbn=0x454fd buf=0xd78f00 bytes=751915b1450fd57a
[cd:callback] queued func=1 cb=0x3e3ad8
[cd:callback] start func=1 cb=0x3e3ad8
[diag:cd] sceCdRead lbn=0x4550c sectors=1 buf=0x519c80 ret=0x3e3b8c
[diag:cd] sceCdRead payload lbn=0x4550c buf=0x519c80 bytes=a305067b00c2ab6b
[cd:callback] queued func=1 cb=0x3e3ad8
[cd:callback] start func=1 cb=0x3e3ad8
[diag:cd] sceCdRead lbn=0x4550d sectors=15 buf=0xd80f00 ret=0x3e3b8c
[diag:cd] sceCdRead payload lbn=0x4550d buf=0xd80f00 bytes=0002eec1033bb91e
[cd:callback] queued func=1 cb=0x3e3ad8
[cd:callback] start func=1 cb=0x3e3ad8
[diag:cd] sceCdRead lbn=0x4551c sectors=1 buf=0x519c80 ret=0x3e3b8c
[diag:cd] sceCdRead payload lbn=0x4551c buf=0x519c80 bytes=00e91fff0000c449
[cd:callback] queued func=1 cb=0x3e3ad8
[cd:callback] start func=1 cb=0x3e3ad8
[diag:cd] sceCdRead lbn=0x4551d sectors=15 buf=0xd88f00 ret=0x3e3b8c
[diag:cd] sceCdRead payload lbn=0x4551d buf=0xd88f00 bytes=50223f0f49323dbe
[cd:callback] queued func=1 cb=0x3e3ad8
[cd:callback] start func=1 cb=0x3e3ad8
[diag:cd] sceCdRead lbn=0x4552c sectors=1 buf=0x519c80 ret=0x3e3b8c
[diag:cd] sceCdRead payload lbn=0x4552c buf=0x519c80 bytes=6b890bfb2b5fc0c7
[cd:callback] queued func=1 cb=0x3e3ad8
[cd:callback] start func=1 cb=0x3e3ad8
[diag:cd] sceCdRead lbn=0x4552d sectors=15 buf=0xd90f00 ret=0x3e3b8c
[diag:cd] sceCdRead payload lbn=0x4552d buf=0xd90f00 bytes=d375da5a35c7e0bd
[cd:callback] queued func=1 cb=0x3e3ad8
[cd:callback] start func=1 cb=0x3e3ad8
[diag:cd] sceCdRead lbn=0x4553c sectors=1 buf=0x519c80 ret=0x3e3b8c
[diag:cd] sceCdRead payload lbn=0x4553c buf=0x519c80 bytes=c94a07fbb33940ff
[cd:callback] queued func=1 cb=0x3e3ad8
[cd:callback] start func=1 cb=0x3e3ad8
[diag:cd] sceCdRead lbn=0x4553d sectors=15 buf=0xd98f00 ret=0x3e3b8c
[diag:cd] sceCdRead payload lbn=0x4553d buf=0xd98f00 bytes=3c4dd05eb505d10a
[cd:callback] queued func=1 cb=0x3e3ad8
[cd:callback] start func=1 cb=0x3e3ad8
[diag:cd] sceCdRead lbn=0x4554c sectors=1 buf=0x519c80 ret=0x3e3b8c
[diag:cd] sceCdRead payload lbn=0x4554c buf=0x519c80 bytes=0c499b9495822e2b
[cd:callback] queued func=1 cb=0x3e3ad8
[cd:callback] start func=1 cb=0x3e3ad8
[diag:cd] sceCdRead lbn=0x4554d sectors=15 buf=0xda0f00 ret=0x3e3b8c
[diag:cd] sceCdRead payload lbn=0x4554d buf=0xda0f00 bytes=eb54325466f9c80c
[cd:callback] queued func=1 cb=0x3e3ad8
[cd:callback] start func=1 cb=0x3e3ad8
[diag:cd] sceCdRead lbn=0x4555c sectors=1 buf=0x519c80 ret=0x3e3b8c
[diag:cd] sceCdRead payload lbn=0x4555c buf=0x519c80 bytes=a867f1cc86cb66ff
[cd:callback] queued func=1 cb=0x3e3ad8
[cd:callback] start func=1 cb=0x3e3ad8
 inInt=0 iSafe=0 invKind=-1 invDepth=0 cbFunc=0 target=- tStatus=-1 tSusp=-1 result=5
[diag:cd] sceCdRead lbn=0x4555d sectors=3 buf=0xda8f00 ret=0x3e3b8c
[diag:cd] sceCdRead payload lbn=0x4555d buf=0xda8f00 bytes=a688125987e99d61
[cd:callback] queued func=1 cb=0x3e3ad8
[cd:callback] start func=1 cb=0x3e3ad8
[diag:cd] sceCdRead lbn=0x45560 sectors=1 buf=0x519c80 ret=0x3e3b8c
[diag:cd] sceCdRead payload lbn=0x45560 buf=0x519c80 bytes=01a2280431fb3504
[cd:callback] queued func=1 cb=0x3e3ad8
[cd:callback] start func=1 cb=0x3e3ad8
[diag:cd] sceCdRead lbn=0x9bdb0 sectors=3 buf=0xe79080 ret=0x3e3b8c
[diag:cd] sceCdRead payload lbn=0x9bdb0 buf=0xe79080 bytes=2d00000062746f70
[cd:callback] queued func=1 cb=0x3e3ad8
[cd:callback] start func=1 cb=0x3e3ad8
[diag:cd] sceCdRead lbn=0x9bdb3 sectors=1 buf=0x519c80 ret=0x3e3b8c
[diag:cd] sceCdRead payload lbn=0x9bdb3 buf=0x519c80 bytes=c6bf1c3e7bc1143e
[cd:callback] queued func=1 cb=0x3e3ad8
[cd:callback] start func=1 cb=0x3e3ad8
[diag:cd] sceCdRead lbn=0x9bded sectors=1 buf=0x519c80 ret=0x3e3b8c
[diag:cd] sceCdRead payload lbn=0x9bded buf=0x519c80 bytes=81a50000ff060000
[cd:callback] queued func=1 cb=0x3e3ad8
[cd:callback] start func=1 cb=0x3e3ad8
[diag:cd] sceCdRead lbn=0x9bdee sectors=1 buf=0x519c80 ret=0x3e3b8c
[diag:cd] sceCdRead payload lbn=0x9bdee buf=0x519c80 bytes=07040c0411041604
[cd:callback] queued func=1 cb=0x3e3ad8
[cd:callback] start func=1 cb=0x3e3ad8
[diag:cd] sceCdRead lbn=0x9bdef sectors=1 buf=0x519c80 ret=0x3e3b8c
[diag:cd] sceCdRead payload lbn=0x9bdef buf=0x519c80 bytes=0010100440008005
[cd:callback] queued func=1 cb=0x3e3ad8
[cd:callback] start func=1 cb=0x3e3ad8
[diag:cd] sceCdRead lbn=0x9bdf0 sectors=1 buf=0x519c80 ret=0x3e3b8c
[diag:cd] sceCdRead payload lbn=0x9bdf0 buf=0x519c80 bytes=007f62001e004000
[cd:callback] queued func=1 cb=0x3e3ad8
[cd:callback] start func=1 cb=0x3e3ad8
[diag:cd] sceCdRead lbn=0x9bdf1 sectors=1 buf=0x519c80 ret=0x3e3b8c
[diag:cd] sceCdRead payload lbn=0x9bdf1 buf=0x519c80 bytes=00000001010000f1
[cd:callback] queued func=1 cb=0x3e3ad8
[cd:callback] start func=1 cb=0x3e3ad8
[diag:cd] sceCdRead lbn=0x9bdf2 sectors=1 buf=0x519c80 ret=0x3e3b8c
[diag:cd] sceCdRead payload lbn=0x9bdf2 buf=0x519c80 bytes=c1fb020080070000
[cd:callback] queued func=1 cb=0x3e3ad8
[cd:callback] start func=1 cb=0x3e3ad8
[diag:cd] sceCdRead lbn=0x13ba33 sectors=16 buf=0xd48740 ret=0x3e3b8c
[diag:cd] sceCdRead payload lbn=0x13ba33 buf=0xd48740 bytes=4d504368ac130000
[cd:callback] queued func=1 cb=0x3e3ad8
[cd:callback] start func=1 cb=0x3e3ad8
[diag:cd] sceCdRead lbn=0x13ba43 sectors=16 buf=0xd50740 ret=0x3e3b8c
[diag:cd] sceCdRead payload lbn=0x13ba43 buf=0xd50740 bytes=7c586e09033f8e7e
[cd:callback] queued func=1 cb=0x3e3ad8
[cd:callback] start func=1 cb=0x3e3ad8
[diag:cd] sceCdRead lbn=0x13ba53 sectors=16 buf=0xd58740 ret=0x3e3b8c
[diag:cd] sceCdRead payload lbn=0x13ba53 buf=0xd58740 bytes=1b89887e1d8dfc75
[cd:callback] queued func=1 cb=0x3e3ad8
[cd:callback] start func=1 cb=0x3e3ad8
[diag:cd] sceCdRead lbn=0x13ba63 sectors=16 buf=0xd60740 ret=0x3e3b8c
[diag:cd] sceCdRead payload lbn=0x13ba63 buf=0xd60740 bytes=14430299f8795f53
[cd:callback] queued func=1 cb=0x3e3ad8
[cd:callback] start func=1 cb=0x3e3ad8
[diag:cd] sceCdRead lbn=0x13ba73 sectors=16 buf=0xd68740 ret=0x3e3b8c
[diag:cd] sceCdRead payload lbn=0x13ba73 buf=0xd68740 bytes=0de4cf65003701d1
[cd:callback] queued func=1 cb=0x3e3ad8
[cd:callback] start func=1 cb=0x3e3ad8
[diag:cd] sceCdRead lbn=0x13ba83 sectors=16 buf=0xd70740 ret=0x3e3b8c
[diag:cd] sceCdRead payload lbn=0x13ba83 buf=0xd70740 bytes=6243c7ec18422f62
[cd:callback] queued func=1 cb=0x3e3ad8
[cd:callback] start func=1 cb=0x3e3ad8
[diag:cd] sceCdRead lbn=0x13ba93 sectors=16 buf=0xd78740 ret=0x3e3b8c
[diag:cd] sceCdRead payload lbn=0x13ba93 buf=0xd78740 bytes=0b104201d3377260
[cd:callback] queued func=1 cb=0x3e3ad8
[cd:callback] start func=1 cb=0x3e3ad8
[diag:cd] sceCdRead lbn=0x13baa3 sectors=16 buf=0xd80740 ret=0x3e3b8c
[diag:cd] sceCdRead payload lbn=0x13baa3 buf=0xd80740 bytes=f110fe225e23cef6
[cd:callback] queued func=1 cb=0x3e3ad8
[cd:callback] start func=1 cb=0x3e3ad8
[diag:cd] sceCdRead lbn=0x13bab3 sectors=16 buf=0xd88740 ret=0x3e3b8c
[diag:cd] sceCdRead payload lbn=0x13bab3 buf=0xd88740 bytes=070a74edfb540f78
[cd:callback] queued func=1 cb=0x3e3ad8
[cd:callback] start func=1 cb=0x3e3ad8
[diag:cd] sceCdRead lbn=0x13bac3 sectors=16 buf=0xd90740 ret=0x3e3b8c
[diag:cd] sceCdRead payload lbn=0x13bac3 buf=0xd90740 bytes=18be631ecf4753fa
[cd:callback] queued func=1 cb=0x3e3ad8
[cd:callback] start func=1 cb=0x3e3ad8
[diag:cd] sceCdRead lbn=0x13bad3 sectors=16 buf=0xd98740 ret=0x3e3b8c
[diag:cd] sceCdRead payload lbn=0x13bad3 buf=0xd98740 bytes=506a4b18e3011001
[cd:callback] queued func=1 cb=0x3e3ad8
[cd:callback] start func=1 cb=0x3e3ad8
[diag:cd] sceCdRead lbn=0x13bae3 sectors=16 buf=0xda0740 ret=0x3e3b8c
[diag:cd] sceCdRead payload lbn=0x13bae3 buf=0xda0740 bytes=7d03cf807495c4d7
[cd:callback] queued func=1 cb=0x3e3ad8
[cd:callback] start func=1 cb=0x3e3ad8
0 invKind=-1 invDepth=0 cbFunc=0 target=- tStatus=-1 tSusp=-1 result=5
[diag:cd] sceCdRead lbn=0x13baf3 sectors=16 buf=0xda8740 ret=0x3e3b8c
[diag:cd] sceCdRead payload lbn=0x13baf3 buf=0xda8740 bytes=2432c0c067c29b5d
[cd:callback] queued func=1 cb=0x3e3ad8
[cd:callback] start func=1 cb=0x3e3ad8
[diag:cd] sceCdRead lbn=0x13bb03 sectors=16 buf=0xdb0740 ret=0x3e3b8c
[diag:cd] sceCdRead payload lbn=0x13bb03 buf=0xdb0740 bytes=92fd1b018e6cb8ad
[cd:callback] queued func=1 cb=0x3e3ad8
[cd:callback] start func=1 cb=0x3e3ad8
[diag:cd] sceCdRead lbn=0x13bb13 sectors=16 buf=0xdb8740 ret=0x3e3b8c
[diag:cd] sceCdRead payload lbn=0x13bb13 buf=0xdb8740 bytes=0861030216902a1b
[cd:callback] queued func=1 cb=0x3e3ad8
[cd:callback] start func=1 cb=0x3e3ad8
ason=2 tWaitId=31 result=31
0x317520 -> 0x423dd0 -> 0x423de8 -> 0x31ac30 -> 0x317500 -> 0x317348 -> 0x227f58 -> 0x326b88 -> 0x326eb0 -> 0x3ffbc0 -> 0x3ffa58 -> 0x326eb0 -> 0x3ffbc0 -> 0x3ffa58 -> 0x31aac8 -> 0x423de0 -> 0x3e4db8 -> 0x3825c0 -> 0x3825f8 -> 0x3c1980 -> 0x31a490 -> 0x31abd0 -> 0x317520 -> 0x423dd0 -> 0x423de8 -> 0x31ac30 -> 0x317500 -> 0x317348 -> 0x227f58 -> 0x326b88 -> 0x326eb0 -> 0x3ffbc0 -> 0x3ffa58 -> 0x326eb0 -> 0x3ffbc0 -> 0x3ffa58 -> 0x31aac8 -> 0x423de0 -> 0x3e4db8 -> 0x3825c0 -> 0x3825f8 -> 0x3c1980 -> 0x31a490 -> 0x31abd0 -> 0x317520 -> 0x423dd0 -> 0x423de8 -> 0x31ac30 -> 0x317500 -> 0x317348 -> 0x227f58 -> 0x326b88 -> 0x326eb0 -> 0x3ffbc0 -> 0x3ffa58 -> 0x326eb0 -> 0x3ffbc0 -> 0x3ffa58 -> 0x31aac8 -> 0x423de0 -> 0x3e4db8 -> 0x3825c0 -> 0x3825f8 -> 0x3c1980

1 iSafe=1 invKind=0 invDepth=1 cbFunc=0 target=4 tStatus=2 tSusp=0 tWaitReason=2 tWaitId=31 result=31
0x317500 -> 0x317348 -> 0x227f58 -> 0x326b88 -> 0x326eb0 -> 0x3ffbc0 -> 0x3ffa58 -> 0x326eb0 -> 0x3ffbc0 -> 0x3ffa58 -> 0x31aac8 -> 0x423de0 -> 0x3e4db8 -> 0x3825c0 -> 0x3825f8 -> 0x3c1980 -> 0x31a490 -> 0x31abd0 -> 0x317520 -> 0x423dd0 -> 0x423de8 -> 0x31ac30 -> 0x317500 -> 0x317348 -> 0x227f58 -> 0x326b88 -> 0x326eb0 -> 0x3ffbc0 -> 0x3ffa58 -> 0x326eb0 -> 0x3ffbc0 -> 0x3ffa58 -> 0x31aac8 -> 0x423de0 -> 0x3e4db8 -> 0x3825c0 -> 0x3825f8 -> 0x3c1980 -> 0x31a490 -> 0x31abd0 -> 0x317520 -> 0x423dd0 -> 0x423de8 -> 0x31ac30 -> 0x317500 -> 0x317348 -> 0x227f58 -> 0x326b88 -> 0x326eb0 -> 0x3ffbc0 -> 0x3ffa58 -> 0x326eb0 -> 0x3ffbc0 -> 0x3ffa58 -> 0x31aac8 -> 0x423de0 -> 0x3e4db8 -> 0x3825c0 -> 0x3825f8 -> 0x3c1980 -> 0x31a490 -> 0x31abd0 -> 0x317520 -> 0x423dd0

0 invDepth=1 cbFunc=0 target=4 tStatus=2 tSusp=0 tWaitReason=2 tWaitId=31 result=31
0x3c1980 -> 0x31a490 -> 0x31abd0 -> 0x317520 -> 0x423dd0 -> 0x423de8 -> 0x31ac30 -> 0x317500 -> 0x317348 -> 0x227f58 -> 0x326b88 -> 0x326eb0 -> 0x3ffbc0 -> 0x3ffa58 -> 0x326eb0 -> 0x3ffbc0 -> 0x3ffa58 -> 0x31aac8 -> 0x423de0 -> 0x3e4db8 -> 0x3825c0 -> 0x3825f8 -> 0x3c1980 -> 0x31a490 -> 0x31abd0 -> 0x317520 -> 0x423dd0 -> 0x423de8 -> 0x31ac30 -> 0x317500 -> 0x317348 -> 0x227f58 -> 0x326b88 -> 0x326eb0 -> 0x3ffbc0 -> 0x3ffa58 -> 0x326eb0 -> 0x3ffbc0 -> 0x3ffa58 -> 0x31aac8 -> 0x423de0 -> 0x3e4db8 -> 0x3825c0 -> 0x3825f8 -> 0x3c1980 -> 0x31a490 -> 0x31abd0 -> 0x317520 -> 0x423dd0 -> 0x423de8 -> 0x31ac30 -> 0x317500 -> 0x317348 -> 0x227f58 -> 0x326b88 -> 0x326eb0 -> 0x3ffbc0 -> 0x3ffa58 -> 0x326eb0 -> 0x3ffbc0 -> 0x3ffa58 -> 0x31aac8 -> 0x423de0 -> 0x3e4db8
0 invDepth=1 cbFunc=0 target=4 tStatus=2 tSusp=0 tWaitReason=2 tWaitId=31 result=31
 count=0->0 parked=1 waker=4 pc=0x423de8 ra=0x31ac30 inInt=0 waiters=0->1 result=park
0 sp=0x0 gp=0x0 v0=0x0 a0=0x0 scheduled=2005 trace=0x317500 -> 0x317348 -> 0x227f58 -> 0x326b88 -> 0x326eb0 -> 0x3ffbc0 -> 0x3ffa58 -> 0x326eb0 -> 0x3ffbc0 -> 0x3ffa58 -> 0x31aac8 -> 0x423de0 -> 0x3e4db8 -> 0x3825c0 -> 0x3825f8 -> 0x3c1980 -> 0x31a490 -> 0x31abd0 -> 0x317520 -> 0x423dd0 -> 0x423de8 -> 0x31ac30 -> 0x317500 -> 0x317348 -> 0x227f58 -> 0x326b88 -> 0x326eb0 -> 0x3ffbc0 -> 0x3ffa58 -> 0x326eb0 -> 0x3ffbc0 -> 0x3ffa58 -> 0x31aac8 -> 0x423de0 -> 0x3e4db8 -> 0x3825c0 -> 0x3825f8 -> 0x3c1980 -> 0x31a490 -> 0x31abd0 -> 0x317520 -> 0x423dd0 -> 0x423de8 -> 0x31ac30 -> 0x317500 -> 0x317348 -> 0x227f58 -> 0x326b88 -> 0x326eb0 -> 0x3ffbc0 -> 0x3ffa58 -> 0x326eb0 -> 0x3ffbc0 -> 0x3ffa58 -> 0x31aac8 -> 0x423de0 -> 0x3e4db8 -> 0x3825c0 -> 0x3825f8 -> 0x3c1980 -> 0x31a490 -> 0x31abd0 -> 0x317520 -> 0x423dd0
->0 waker=-1 pc=0x423dd8 ra=0x31abf8 inInt=1 iSafe=1 invKind=0 invDepth=1 cbFunc=0 target=4 tStatus=2 tSusp=0 tWaitReason=2 tWaitId=31 result=31
eason=2 tWaitId=31 result=31
0x317500 -> 0x317348 -> 0x227f58 -> 0x326b88 -> 0x326eb0 -> 0x3ffbc0 -> 0x3ffa58 -> 0x326eb0 -> 0x3ffbc0 -> 0x3ffa58 -> 0x31aac8 -> 0x423de0 -> 0x3e4db8 -> 0x3825c0 -> 0x3825f8 -> 0x3c1980 -> 0x31a490 -> 0x31abd0 -> 0x317520 -> 0x423dd0 -> 0x423de8 -> 0x31ac30 -> 0x317500 -> 0x317348 -> 0x227f58 -> 0x326b88 -> 0x326eb0 -> 0x3ffbc0 -> 0x3ffa58 -> 0x326eb0 -> 0x3ffbc0 -> 0x3ffa58 -> 0x31aac8 -> 0x423de0 -> 0x3e4db8 -> 0x3825c0 -> 0x3825f8 -> 0x3c1980 -> 0x31a490 -> 0x31abd0 -> 0x317520 -> 0x423dd0 -> 0x423de8 -> 0x31ac30 -> 0x317500 -> 0x317348 -> 0x227f58 -> 0x326b88 -> 0x326eb0 -> 0x3ffbc0 -> 0x3ffa58 -> 0x326eb0 -> 0x3ffbc0 -> 0x3ffa58 -> 0x31aac8 -> 0x423de0 -> 0x3e4db8 -> 0x3825c0 -> 0x3825f8 -> 0x3c1980 -> 0x31a490 -> 0x31abd0 -> 0x317520 -> 0x423dd0
 pc=0x423dd8 ra=0x31abf8 inInt=1 iSafe=1 invKind=0 invDepth=1 cbFunc=0 target=4 tStatus=2 tSusp=0 tWaitReason=2 tWaitId=31 result=31
[diag:threads] block=0 threads=6 period_ms=15000
[diag:thread] id=1 status=2 waitReason=6 waitId=0 pc=0x3b1028 entry=0x100008 priority=100 scheduled=8255
[diag:thread] id=2 status=2 waitReason=2 waitId=26 pc=0x423de8 entry=0x3e3be0 priority=12 scheduled=206
[diag:thread] id=3 status=2 waitReason=2 waitId=30 pc=0x423de8 entry=0x31ac60 priority=101 scheduled=260
[diag:thread] id=4 status=2 waitReason=2 waitId=31 pc=0x423de8 entry=0x31ac08 priority=99 scheduled=860
[diag:thread] id=5 status=2 waitReason=2 waitId=32 pc=0x423de8 entry=0x382740 priority=5 scheduled=411
[diag:thread] id=6 status=2 waitReason=2 waitId=36 pc=0x423de8 entry=0x3c19a8 priority=6 scheduled=1
[diag:frame] block=0 vsync=900 kicks=43708 kicksDrawing=43356 gif=2795 copyRegs=4655 dma=4542 gifCopy=210 gsWrites=0 vifWrites=2
[diag:stacks] block=0 thread id=6 stack=0x50cb20 stackSize=0x6000 sp=0x512aa0 entry=0x3c19a8 pc=0x423de8
[diag:stacks] block=0 thread id=5 stack=0x621540 stackSize=0x1000 sp=0x622480 entry=0x382740 pc=0x423de8
[diag:stacks] block=0 thread id=-1 stack=0x0 stackSize=0x0 sp=0x0 entry=0x0 pc=0x0
[diag:stacks] block=0 thread id=4 stack=0x6048c0 stackSize=0x4000 sp=0x6088a0 entry=0x31ac08 pc=0x423de8
[diag:stacks] block=0 thread id=3 stack=0x6088d0 stackSize=0x10000 sp=0x6188a0 entry=0x31ac60 pc=0x423de8
[diag:stacks] block=0 thread id=2 stack=0x51ac80 stackSize=0x4000 sp=0x51ec20 entry=0x3e3be0 pc=0x423de8
[diag:stacks] block=0 thread id=1 stack=0x1fe0000 stackSize=0x20000 sp=0x1fffd60 entry=0x100008 pc=0x3b1028
[diag:stacks] block=0 invocation key=0x100000001 thread=1 depth=1 top=0xdfff0
[diag:stacks] block=0 invocation key=0xffffffff00000002 thread=4294967295 depth=2 top=0xe3ff0
[diag:stacks] block=0 invocation key=0x200000000 thread=2 depth=0 top=0xebff0
[diag:stacks] block=0 invocation key=0xffffffff00000000 thread=4294967295 depth=0 top=0xfbff0
[diag:stacks] block=0 invocation key=0x300000000 thread=3 depth=0 top=0xefff0
[diag:stacks] block=0 invocation key=0x500000000 thread=5 depth=0 top=0xf3ff0
[diag:stacks] block=0 invocation key=0x300000001 thread=3 depth=1 top=0xe7ff0
[diag:stacks] block=0 invocation key=0xffffffff00000001 thread=4294967295 depth=1 top=0xf7ff0
[diag:stacks] block=0 invocation key=0x100000000 thread=1 depth=0 top=0xffff0
[diag:stacks] block=0 cdCallbackStackTop=0x51ac80
[diag:stacks] block=0 intc id=6 cause=2 handler=0x3c1980 sp=0x618250
[diag:stacks] block=0 intc id=5 cause=7 handler=0x3623a8 sp=0x1fffd00
[diag:stacks] block=0 intc id=4 cause=5 handler=0x362340 sp=0x1fffd00
[diag:stacks] block=0 intc id=3 cause=2 handler=0x3825c0 sp=0x1fffd90
[diag:stacks] block=0 intc id=2 cause=3 handler=0x31a490 sp=0x1fffe30
[diag:stacks] block=0 intc id=1 cause=10 handler=0x3e4db8 sp=0x1ffff20
[diag:stacks] block=0 dmac id=1 cause=1 handler=0x382650 sp=0x1fffd90
[diag:stacks] block=0 pending kind=0 pc=0x3c1980 sp=0x0
[diag:stacks] block=0 pending kind=0 pc=0x3825c0 sp=0x0
[diag:syscalls] block=0 distinct=30 period_ms=15000
[diag:syscall] id=0x2f count=18050 first=0x423c98 last=0x423c98
[diag:syscall] id=0x30 count=7796 first=0x423ca8 last=0x423ca8
[diag:syscall] id=0x2b count=7795 first=0x423c58 last=0x423c58
[diag:syscall] id=0x44 count=6753 first=0x423de8 last=0x423de8
[diag:syscall] id=0x42 count=4927 first=0x423dc8 last=0x423dc8
[diag:syscall] id=0xffffffbd count=1821 first=0x423dd8 last=0x423dd8
[diag:syscall] id=0x64 count=212 first=0x424028 last=0x424028
[diag:syscall] id=0x45 count=207 first=0x423df8 last=0x423df8
[diag:syscall] id=0x40 count=39 first=0x423da8 last=0x423da8
[diag:syscall] id=0x41 count=21 first=0x423db8 last=0x423db8
[diag:syscall] id=0xfc count=21 first=0x423b28 last=0x423b28
[diag:syscall] id=0x4b count=9 first=0x423e58 last=0x423e58
[diag:syscall] id=0x74 count=8 first=0x42cbc8 last=0x42cbc8
[diag:syscall] id=0x14 count=6 first=0x423ae8 last=0x423ae8
[diag:syscall] id=0x10 count=6 first=0x423a88 last=0x423a88
[diag:syscall] id=0x5b count=6 first=0x42cbb8 last=0x42cbb8
[diag:syscall] id=0x22 count=5 first=0x423bc8 last=0x423bc8
[diag:syscall] id=0x20 count=5 first=0x423ba8 last=0x423ba8
[diag:syscall] id=0x15 count=5 first=0x423af8 last=0x423af8
[diag:syscall] id=0x3e count=3 first=0x423d88 last=0x423d88
[diag:stubs] block=0 distinct=1482 period_ms=15000
[diag:stub] target=0x41ea18 count=953385 firstRa=0x41aac0 lastRa=0x41aae8
[diag:stub] target=0x41aa88 count=192589 firstRa=0x322aec lastRa=0x2b0204
[diag:stub] target=0x416810 count=70066 firstRa=0x318308 lastRa=0x4189ac
[diag:stub] target=0x2a78e0 count=25328 firstRa=0x2a7adc lastRa=0x2a798c
[diag:stub] target=0x326478 count=24756 firstRa=0x3260ec lastRa=0x3262d0
[diag:stub] target=0x326360 count=22835 firstRa=0x32633c lastRa=0x3262b0
[diag:stub] target=0x392c60 count=18870 firstRa=0x3a0df0 lastRa=0x3a0df0
[diag:stub] target=0x3e2490 count=18520 firstRa=0x3e2858 lastRa=0x3e2858
[diag:stub] target=0x423c90 count=18050 firstRa=0x3e5028 lastRa=0x3e5774
[diag:stub] target=0x2a79c8 count=12666 firstRa=0x2a7b50 lastRa=0x2a7948
[diag:stub] target=0x325260 count=10400 firstRa=0x325590 lastRa=0x325f10
[diag:stub] target=0x31aa18 count=8415 firstRa=0x316e24 lastRa=0x316f70
[diag:stub] target=0x31a9d8 count=8415 firstRa=0x316e04 lastRa=0x316f50
[diag:stub] target=0x3e5928 count=8209 firstRa=0x316e0c lastRa=0x3aeb34
[diag:stub] target=0x411c38 count=8161 firstRa=0x412520 lastRa=0x4126b8
[diag:stub] target=0x382730 count=7796 firstRa=0x395f90 lastRa=0x395f90
[diag:stub] target=0x395f80 count=7796 firstRa=0x369c9c lastRa=0x369c9c
[diag:stub] target=0x423ca0 count=7796 firstRa=0x31a75c lastRa=0x3e542c
[diag:stub] target=0x3e5398 count=7795 firstRa=0x369c6c lastRa=0x369c6c
[diag:stub] target=0x423c50 count=7795 firstRa=0x3e5434 lastRa=0x3e5434
[diag:stub] target=0x416210 count=7345 firstRa=0x393958 lastRa=0x3b77ac
[diag:stub] target=0x423de0 count=6753 firstRa=0x418ce0 lastRa=0x31ac30
[diag:stub] target=0x3252f8 count=6240 firstRa=0x3252d8 lastRa=0x3252d8
[diag:stub] target=0x418958 count=5067 firstRa=0x41cae8 lastRa=0x41cae8
[diag:stub] target=0x321af0 count=5028 firstRa=0x3230ac lastRa=0x323244
[diag:stub] target=0x314d60 count=4880 firstRa=0x4190c0 lastRa=0x41903c
[diag:stub] target=0x2a78f8 count=4712 firstRa=0x2a7f18 lastRa=0x2a7fc4
[diag:stub] target=0x41ab78 count=4635 firstRa=0x32170c lastRa=0x321980
[diag:stub] target=0x423dc0 count=4517 firstRa=0x418d3c lastRa=0x3e57bc
[diag:stub] target=0x325250 count=4160 firstRa=0x321130 lastRa=0x321130
->0 waiters=1->0 waker=-1 pc=0x423dd8 ra=0x31abf8 inInt=1 iSafe=1 invKind=0 invDepth=1 cbFunc=0 target=4 tStatus=2 tSusp=0 tWaitReason=2 tWaitId=31 result=31
ason=2 tWaitId=31 result=31
 cbFunc=0 target=4 tStatus=2 tSusp=0 tWaitReason=2 tWaitId=31 result=31
 scheduled=360 trace=0x3c1980 -> 0x31a490 -> 0x31abd0 -> 0x317520 -> 0x423dd0 -> 0x423de8 -> 0x31ac30 -> 0x317500 -> 0x317348 -> 0x227f58 -> 0x326b88 -> 0x326eb0 -> 0x3ffbc0 -> 0x3ffa58 -> 0x326eb0 -> 0x3ffbc0 -> 0x3ffa58 -> 0x31aac8 -> 0x423de0 -> 0x3e4db8 -> 0x3825c0 -> 0x3825f8 -> 0x3c1980 -> 0x31a490 -> 0x31abd0 -> 0x317520 -> 0x423dd0 -> 0x423de8 -> 0x31ac30 -> 0x317500 -> 0x317348 -> 0x227f58 -> 0x326b88 -> 0x326eb0 -> 0x3ffbc0 -> 0x3ffa58 -> 0x326eb0 -> 0x3ffbc0 -> 0x3ffa58 -> 0x31aac8 -> 0x423de0 -> 0x3e4db8 -> 0x3825c0 -> 0x3825f8 -> 0x3c1980 -> 0x31a490 -> 0x31abd0 -> 0x317520 -> 0x423dd0 -> 0x423de8 -> 0x31ac30 -> 0x317500 -> 0x317348 -> 0x227f58 -> 0x326b88 -> 0x326eb0 -> 0x3ffbc0 -> 0x3ffa58 -> 0x326eb0 -> 0x3ffbc0 -> 0x3ffa58 -> 0x31aac8 -> 0x423de0 -> 0x3e4db8
0 invDepth=1 cbFunc=0 target=4 tStatus=2 tSusp=0 tWaitReason=2 tWaitId=31 result=31
ason=2 tWaitId=31 result=31
 v0=0x0 a0=0x0 scheduled=553 trace=0x317520 -> 0x423dd0 -> 0x423de8 -> 0x31ac30 -> 0x317500 -> 0x317348 -> 0x227f58 -> 0x326b88 -> 0x326eb0 -> 0x3ffbc0 -> 0x3ffa58 -> 0x326eb0 -> 0x3ffbc0 -> 0x3ffa58 -> 0x31aac8 -> 0x423de0 -> 0x3e4db8 -> 0x3825c0 -> 0x3825f8 -> 0x3c1980 -> 0x31a490 -> 0x31abd0 -> 0x317520 -> 0x423dd0 -> 0x423de8 -> 0x31ac30 -> 0x317500 -> 0x317348 -> 0x227f58 -> 0x326b88 -> 0x326eb0 -> 0x3ffbc0 -> 0x3ffa58 -> 0x326eb0 -> 0x3ffbc0 -> 0x3ffa58 -> 0x31aac8 -> 0x423de0 -> 0x3e4db8 -> 0x3825c0 -> 0x3825f8 -> 0x3c1980 -> 0x31a490 -> 0x31abd0 -> 0x317520 -> 0x423dd0 -> 0x423de8 -> 0x31ac30 -> 0x317500 -> 0x317348 -> 0x227f58 -> 0x326b88 -> 0x326eb0 -> 0x3ffbc0 -> 0x3ffa58 -> 0x326eb0 -> 0x3ffbc0 -> 0x3ffa58 -> 0x31aac8 -> 0x423de0 -> 0x3e4db8 -> 0x3825c0 -> 0x3825f8 -> 0x3c1980
1 invKind=0 invDepth=1 cbFunc=0 target=4 tStatus=2 tSusp=0 tWaitReason=2 tWaitId=31 result=31
 gp=0x0 v0=0x0 a0=0x0 scheduled=662 trace=0x317500 -> 0x317348 -> 0x227f58 -> 0x326b88 -> 0x326eb0 -> 0x3ffbc0 -> 0x3ffa58 -> 0x326eb0 -> 0x3ffbc0 -> 0x3ffa58 -> 0x31aac8 -> 0x423de0 -> 0x3e4db8 -> 0x3825c0 -> 0x3825f8 -> 0x3c1980 -> 0x31a490 -> 0x31abd0 -> 0x317520 -> 0x423dd0 -> 0x423de8 -> 0x31ac30 -> 0x317500 -> 0x317348 -> 0x227f58 -> 0x326b88 -> 0x326eb0 -> 0x3ffbc0 -> 0x3ffa58 -> 0x326eb0 -> 0x3ffbc0 -> 0x3ffa58 -> 0x31aac8 -> 0x423de0 -> 0x3e4db8 -> 0x3825c0 -> 0x3825f8 -> 0x3c1980 -> 0x31a490 -> 0x31abd0 -> 0x317520 -> 0x423dd0 -> 0x423de8 -> 0x31ac30 -> 0x317500 -> 0x317348 -> 0x227f58 -> 0x326b88 -> 0x326eb0 -> 0x3ffbc0 -> 0x3ffa58 -> 0x326eb0 -> 0x3ffbc0 -> 0x3ffa58 -> 0x31aac8 -> 0x423de0 -> 0x3e4db8 -> 0x3825c0 -> 0x3825f8 -> 0x3c1980 -> 0x31a490 -> 0x31abd0 -> 0x317520 -> 0x423dd0
ason=2 tWaitId=31 result=31
 iSafe=1 invKind=0 invDepth=1 cbFunc=0 target=4 tStatus=2 tSusp=0 tWaitReason=2 tWaitId=31 result=31
 inInt=1 iSafe=1 invKind=0 invDepth=1 cbFunc=0 target=4 tStatus=2 tSusp=0 tWaitReason=2 tWaitId=31 result=31
 inInt=1 iSafe=1 invKind=0 invDepth=1 cbFunc=0 target=4 tStatus=2 tSusp=0 tWaitReason=2 tWaitId=31 result=31
0 tWaitReason=2 tWaitId=31 result=31

 ra=0x31abf8 inInt=1 iSafe=1 invKind=0 invDepth=1 cbFunc=0 target=4 tStatus=2 tSusp=0 tWaitReason=2 tWaitId=31 result=31
0x3c1980 -> 0x31a490 -> 0x31abd0 -> 0x317520 -> 0x423dd0 -> 0x423de8 -> 0x31ac30 -> 0x317500 -> 0x317348 -> 0x227f58 -> 0x326b88 -> 0x326eb0 -> 0x3ffbc0 -> 0x3ffa58 -> 0x326eb0 -> 0x3ffbc0 -> 0x3ffa58 -> 0x31aac8 -> 0x423de0 -> 0x3e4db8 -> 0x3825c0 -> 0x3825f8 -> 0x3c1980 -> 0x31a490 -> 0x31abd0 -> 0x317520 -> 0x423dd0 -> 0x423de8 -> 0x31ac30 -> 0x317500 -> 0x317348 -> 0x227f58 -> 0x326b88 -> 0x326eb0 -> 0x3ffbc0 -> 0x3ffa58 -> 0x326eb0 -> 0x3ffbc0 -> 0x3ffa58 -> 0x31aac8 -> 0x423de0 -> 0x3e4db8 -> 0x3825c0 -> 0x3825f8 -> 0x3c1980 -> 0x31a490 -> 0x31abd0 -> 0x317520 -> 0x423dd0 -> 0x423de8 -> 0x31ac30 -> 0x317500 -> 0x317348 -> 0x227f58 -> 0x326b88 -> 0x326eb0 -> 0x3ffbc0 -> 0x3ffa58 -> 0x326eb0 -> 0x3ffbc0 -> 0x3ffa58 -> 0x31aac8 -> 0x423de0 -> 0x3e4db8
4 pc=0x423de8 ra=0x31ac30 inInt=0 waiters=0->1 result=park
0x317520 -> 0x423dd0 -> 0x423de8 -> 0x31ac30 -> 0x317500 -> 0x317348 -> 0x227f58 -> 0x326b88 -> 0x326eb0 -> 0x3ffbc0 -> 0x3ffa58 -> 0x326eb0 -> 0x3ffbc0 -> 0x3ffa58 -> 0x31aac8 -> 0x423de0 -> 0x3e4db8 -> 0x3825c0 -> 0x3825f8 -> 0x3c1980 -> 0x31a490 -> 0x31abd0 -> 0x317520 -> 0x423dd0 -> 0x423de8 -> 0x31ac30 -> 0x317500 -> 0x317348 -> 0x227f58 -> 0x326b88 -> 0x326eb0 -> 0x3ffbc0 -> 0x3ffa58 -> 0x326eb0 -> 0x3ffbc0 -> 0x3ffa58 -> 0x31aac8 -> 0x423de0 -> 0x3e4db8 -> 0x3825c0 -> 0x3825f8 -> 0x3c1980 -> 0x31a490 -> 0x31abd0 -> 0x317520 -> 0x423dd0 -> 0x423de8 -> 0x31ac30 -> 0x317500 -> 0x317348 -> 0x227f58 -> 0x326b88 -> 0x326eb0 -> 0x3ffbc0 -> 0x3ffa58 -> 0x326eb0 -> 0x3ffbc0 -> 0x3ffa58 -> 0x31aac8 -> 0x423de0 -> 0x3e4db8 -> 0x3825c0 -> 0x3825f8 -> 0x3c1980
0x317500 -> 0x317348 -> 0x227f58 -> 0x326b88 -> 0x326eb0 -> 0x3ffbc0 -> 0x3ffa58 -> 0x326eb0 -> 0x3ffbc0 -> 0x3ffa58 -> 0x31aac8 -> 0x423de0 -> 0x3e4db8 -> 0x3825c0 -> 0x3825f8 -> 0x3c1980 -> 0x31a490 -> 0x31abd0 -> 0x317520 -> 0x423dd0 -> 0x423de8 -> 0x31ac30 -> 0x317500 -> 0x317348 -> 0x227f58 -> 0x326b88 -> 0x326eb0 -> 0x3ffbc0 -> 0x3ffa58 -> 0x326eb0 -> 0x3ffbc0 -> 0x3ffa58 -> 0x31aac8 -> 0x423de0 -> 0x3e4db8 -> 0x3825c0 -> 0x3825f8 -> 0x3c1980 -> 0x31a490 -> 0x31abd0 -> 0x317520 -> 0x423dd0 -> 0x423de8 -> 0x31ac30 -> 0x317500 -> 0x317348 -> 0x227f58 -> 0x326b88 -> 0x326eb0 -> 0x3ffbc0 -> 0x3ffa58 -> 0x326eb0 -> 0x3ffbc0 -> 0x3ffa58 -> 0x31aac8 -> 0x423de0 -> 0x3e4db8 -> 0x3825c0 -> 0x3825f8 -> 0x3c1980 -> 0x31a490 -> 0x31abd0 -> 0x317520 -> 0x423dd0
0->0 waiters=1->0 waker=-1 pc=0x423dd8 ra=0x31abf8 inInt=1 iSafe=1 invKind=0 invDepth=1 cbFunc=0 target=4 tStatus=2 tSusp=0 tWaitReason=2 tWaitId=31 result=31
 cbFunc=0 target=4 tStatus=2 tSusp=0 tWaitReason=2 tWaitId=31 result=31
0x317500 -> 0x317348 -> 0x227f58 -> 0x326b88 -> 0x326eb0 -> 0x3ffbc0 -> 0x3ffa58 -> 0x326eb0 -> 0x3ffbc0 -> 0x3ffa58 -> 0x31aac8 -> 0x423de0 -> 0x3e4db8 -> 0x3825c0 -> 0x3825f8 -> 0x3c1980 -> 0x31a490 -> 0x31abd0 -> 0x317520 -> 0x423dd0 -> 0x423de8 -> 0x31ac30 -> 0x317500 -> 0x317348 -> 0x227f58 -> 0x326b88 -> 0x326eb0 -> 0x3ffbc0 -> 0x3ffa58 -> 0x326eb0 -> 0x3ffbc0 -> 0x3ffa58 -> 0x31aac8 -> 0x423de0 -> 0x3e4db8 -> 0x3825c0 -> 0x3825f8 -> 0x3c1980 -> 0x31a490 -> 0x31abd0 -> 0x317520 -> 0x423dd0 -> 0x423de8 -> 0x31ac30 -> 0x317500 -> 0x317348 -> 0x227f58 -> 0x326b88 -> 0x326eb0 -> 0x3ffbc0 -> 0x3ffa58 -> 0x326eb0 -> 0x3ffbc0 -> 0x3ffa58 -> 0x31aac8 -> 0x423de0 -> 0x3e4db8 -> 0x3825c0 -> 0x3825f8 -> 0x3c1980 -> 0x31a490 -> 0x31abd0 -> 0x317520 -> 0x423dd0
->0 waker=-1 pc=0x423dd8 ra=0x31abf8 inInt=1 iSafe=1 invKind=0 invDepth=1 cbFunc=0 target=4 tStatus=2 tSusp=0 tWaitReason=2 tWaitId=31 result=31
abd0 -> 0x317520 -> 0x423dd0
 iSafe=1 invKind=0 invDepth=1 cbFunc=0 target=4 tStatus=2 tSusp=0 tWaitReason=2 tWaitId=31 result=31
eason=2 tWaitId=31 result=31
->0 waker=-1 pc=0x423dd8 ra=0x31abf8 inInt=1 iSafe=1 invKind=0 invDepth=1 cbFunc=0 target=4 tStatus=2 tSusp=0 tWaitReason=2 tWaitId=31 result=31
 tSusp=0 tWaitReason=2 tWaitId=31 result=31
abd0 -> 0x317520 -> 0x423dd0
[diag:threads] block=1 threads=6 period_ms=15000
[diag:thread] id=1 status=2 waitReason=6 waitId=0 pc=0x3b1028 entry=0x100008 priority=100 scheduled=0
[diag:thread] id=2 status=2 waitReason=2 waitId=26 pc=0x423de8 entry=0x3e3be0 priority=12 scheduled=0
[diag:thread] id=3 status=2 waitReason=2 waitId=30 pc=0x423de8 entry=0x31ac60 priority=101 scheduled=0
[diag:thread] id=4 status=2 waitReason=2 waitId=31 pc=0x423de8 entry=0x31ac08 priority=99 scheduled=900
[diag:thread] id=5 status=2 waitReason=2 waitId=32 pc=0x423de8 entry=0x382740 priority=5 scheduled=0
[diag:thread] id=6 status=2 waitReason=2 waitId=36 pc=0x423de8 entry=0x3c19a8 priority=6 scheduled=0
[diag:frame] block=1 vsync=1800 kicks=43708 kicksDrawing=43356 gif=2795 copyRegs=4655 dma=4542 gifCopy=210 gsWrites=0 vifWrites=2
[diag:stacks] block=1 thread id=6 stack=0x50cb20 stackSize=0x6000 sp=0x512aa0 entry=0x3c19a8 pc=0x423de8
[diag:stacks] block=1 thread id=5 stack=0x621540 stackSize=0x1000 sp=0x622480 entry=0x382740 pc=0x423de8
[diag:stacks] block=1 thread id=-1 stack=0x0 stackSize=0x0 sp=0x0 entry=0x0 pc=0x0
[diag:stacks] block=1 thread id=4 stack=0x6048c0 stackSize=0x4000 sp=0x6088a0 entry=0x31ac08 pc=0x423de8
[diag:stacks] block=1 thread id=3 stack=0x6088d0 stackSize=0x10000 sp=0x6188a0 entry=0x31ac60 pc=0x423de8
[diag:stacks] block=1 thread id=2 stack=0x51ac80 stackSize=0x4000 sp=0x51ec20 entry=0x3e3be0 pc=0x423de8
[diag:stacks] block=1 thread id=1 stack=0x1fe0000 stackSize=0x20000 sp=0x1fffd60 entry=0x100008 pc=0x3b1028
[diag:stacks] block=1 invocation key=0x100000001 thread=1 depth=1 top=0xdfff0
[diag:stacks] block=1 invocation key=0xffffffff00000002 thread=4294967295 depth=2 top=0xe3ff0
[diag:stacks] block=1 invocation key=0x200000000 thread=2 depth=0 top=0xebff0
[diag:stacks] block=1 invocation key=0xffffffff00000000 thread=4294967295 depth=0 top=0xfbff0
[diag:stacks] block=1 invocation key=0x300000000 thread=3 depth=0 top=0xefff0
[diag:stacks] block=1 invocation key=0x500000000 thread=5 depth=0 top=0xf3ff0
[diag:stacks] block=1 invocation key=0x300000001 thread=3 depth=1 top=0xe7ff0
[diag:stacks] block=1 invocation key=0xffffffff00000001 thread=4294967295 depth=1 top=0xf7ff0
[diag:stacks] block=1 invocation key=0x100000000 thread=1 depth=0 top=0xffff0
[diag:stacks] block=1 cdCallbackStackTop=0x51ac80
[diag:stacks] block=1 intc id=6 cause=2 handler=0x3c1980 sp=0x618250
[diag:stacks] block=1 intc id=5 cause=7 handler=0x3623a8 sp=0x1fffd00
[diag:stacks] block=1 intc id=4 cause=5 handler=0x362340 sp=0x1fffd00
[diag:stacks] block=1 intc id=3 cause=2 handler=0x3825c0 sp=0x1fffd90
[diag:stacks] block=1 intc id=2 cause=3 handler=0x31a490 sp=0x1fffe30
[diag:stacks] block=1 intc id=1 cause=10 handler=0x3e4db8 sp=0x1ffff20
[diag:stacks] block=1 dmac id=1 cause=1 handler=0x382650 sp=0x1fffd90
[diag:stacks] block=1 pending kind=0 pc=0x3c1980 sp=0x0
[diag:stacks] block=1 pending kind=0 pc=0x3825c0 sp=0x0
[diag:syscalls] block=1 distinct=2 period_ms=15000
[diag:syscall] id=0x44 count=900 first=0x423de8 last=0x423de8
[diag:syscall] id=0xffffffbd count=900 first=0x423dd8 last=0x423dd8
[diag:stubs] block=1 distinct=13 period_ms=15000
[diag:stub] target=0x3ffa58 count=1800 firstRa=0x3271e8 lastRa=0x3271e8
[diag:stub] target=0x3ffbc0 count=1800 firstRa=0x326f24 lastRa=0x326f24
[diag:stub] target=0x326eb0 count=1800 firstRa=0x326bf8 lastRa=0x326bf8
[diag:stub] target=0x423de0 count=900 firstRa=0x31ac30 lastRa=0x31ac30
[diag:stub] target=0x31aac8 count=900 firstRa=0x3173e4 lastRa=0x3173e4
[diag:stub] target=0x326b88 count=900 firstRa=0x227f70 lastRa=0x227f70
[diag:stub] target=0x227f58 count=900 firstRa=0x3173c4 lastRa=0x3173c4
[diag:stub] target=0x317348 count=900 firstRa=0x317514 lastRa=0x317514
[diag:stub] target=0x317500 count=900 firstRa=0x31ac28 lastRa=0x31ac28
[diag:stub] target=0x423dd0 count=900 firstRa=0x31abf8 lastRa=0x31abf8
[diag:stub] target=0x317520 count=900 firstRa=0x31abe0 lastRa=0x31abe0
[diag:stub] target=0x31abd0 count=900 firstRa=0x31a5a0 lastRa=0x31a5a0
[diag:stub] target=0x3825f8 count=900 firstRa=0x3825dc lastRa=0x3825dc
1 cbFunc=0 target=4 tStatus=2 tSusp=0 tWaitReason=2 tWaitId=31 result=31
 iSafe=1 invKind=0 invDepth=1 cbFunc=0 target=4 tStatus=2 tSusp=0 tWaitReason=2 tWaitId=31 result=31
 pc=0x423de8 ra=0x31ac30 inInt=0 waiters=0->1 result=park
1 invKind=0 invDepth=1 cbFunc=0 target=4 tStatus=2 tSusp=0 tWaitReason=2 tWaitId=31 result=31
ason=2 tWaitId=31 result=31
31abf8 inInt=1 iSafe=1 invKind=0 invDepth=1 cbFunc=0 target=4 tStatus=2 tSusp=0 tWaitReason=2 tWaitId=31 result=31
ason=2 tWaitId=31 result=31
 pc=0x423dd8 ra=0x31abf8 inInt=1 iSafe=1 invKind=0 invDepth=1 cbFunc=0 target=4 tStatus=2 tSusp=0 tWaitReason=2 tWaitId=31 result=31
 invDepth=1 cbFunc=0 target=4 tStatus=2 tSusp=0 tWaitReason=2 tWaitId=31 result=31
 gp=0x0 v0=0x0 a0=0x0 scheduled=908 trace=0x317500 -> 0x317348 -> 0x227f58 -> 0x326b88 -> 0x326eb0 -> 0x3ffbc0 -> 0x3ffa58 -> 0x326eb0 -> 0x3ffbc0 -> 0x3ffa58 -> 0x31aac8 -> 0x423de0 -> 0x3e4db8 -> 0x3825c0 -> 0x3825f8 -> 0x3c1980 -> 0x31a490 -> 0x31abd0 -> 0x317520 -> 0x423dd0 -> 0x423de8 -> 0x31ac30 -> 0x317500 -> 0x317348 -> 0x227f58 -> 0x326b88 -> 0x326eb0 -> 0x3ffbc0 -> 0x3ffa58 -> 0x326eb0 -> 0x3ffbc0 -> 0x3ffa58 -> 0x31aac8 -> 0x423de0 -> 0x3e4db8 -> 0x3825c0 -> 0x3825f8 -> 0x3c1980 -> 0x31a490 -> 0x31abd0 -> 0x317520 -> 0x423dd0 -> 0x423de8 -> 0x31ac30 -> 0x317500 -> 0x317348 -> 0x227f58 -> 0x326b88 -> 0x326eb0 -> 0x3ffbc0 -> 0x3ffa58 -> 0x326eb0 -> 0x3ffbc0 -> 0x3ffa58 -> 0x31aac8 -> 0x423de0 -> 0x3e4db8 -> 0x3825c0 -> 0x3825f8 -> 0x3c1980 -> 0x31a490 -> 0x31abd0 -> 0x317520 -> 0x423dd0
1 iSafe=1 invKind=0 invDepth=1 cbFunc=0 target=4 tStatus=2 tSusp=0 tWaitReason=2 tWaitId=31 result=31
 iSafe=1 invKind=0 invDepth=1 cbFunc=0 target=4 tStatus=2 tSusp=0 tWaitReason=2 tWaitId=31 result=31

0 gp=0x0 v0=0x0 a0=0x0 scheduled=1333 trace=0x317520 -> 0x423dd0 -> 0x423de8 -> 0x31ac30 -> 0x317500 -> 0x317348 -> 0x227f58 -> 0x326b88 -> 0x326eb0 -> 0x3ffbc0 -> 0x3ffa58 -> 0x326eb0 -> 0x3ffbc0 -> 0x3ffa58 -> 0x31aac8 -> 0x423de0 -> 0x3e4db8 -> 0x3825c0 -> 0x3825f8 -> 0x3c1980 -> 0x31a490 -> 0x31abd0 -> 0x317520 -> 0x423dd0 -> 0x423de8 -> 0x31ac30 -> 0x317500 -> 0x317348 -> 0x227f58 -> 0x326b88 -> 0x326eb0 -> 0x3ffbc0 -> 0x3ffa58 -> 0x326eb0 -> 0x3ffbc0 -> 0x3ffa58 -> 0x31aac8 -> 0x423de0 -> 0x3e4db8 -> 0x3825c0 -> 0x3825f8 -> 0x3c1980 -> 0x31a490 -> 0x31abd0 -> 0x317520 -> 0x423dd0 -> 0x423de8 -> 0x31ac30 -> 0x317500 -> 0x317348 -> 0x227f58 -> 0x326b88 -> 0x326eb0 -> 0x3ffbc0 -> 0x3ffa58 -> 0x326eb0 -> 0x3ffbc0 -> 0x3ffa58 -> 0x31aac8 -> 0x423de0 -> 0x3e4db8 -> 0x3825c0 -> 0x3825f8 -> 0x3c1980
 inInt=1 iSafe=1 invKind=0 invDepth=1 cbFunc=0 target=4 tStatus=2 tSusp=0 tWaitReason=2 tWaitId=31 result=31
 scheduled=1444 trace=0x317520 -> 0x423dd0 -> 0x423de8 -> 0x31ac30 -> 0x317500 -> 0x317348 -> 0x227f58 -> 0x326b88 -> 0x326eb0 -> 0x3ffbc0 -> 0x3ffa58 -> 0x326eb0 -> 0x3ffbc0 -> 0x3ffa58 -> 0x31aac8 -> 0x423de0 -> 0x3e4db8 -> 0x3825c0 -> 0x3825f8 -> 0x3c1980 -> 0x31a490 -> 0x31abd0 -> 0x317520 -> 0x423dd0 -> 0x423de8 -> 0x31ac30 -> 0x317500 -> 0x317348 -> 0x227f58 -> 0x326b88 -> 0x326eb0 -> 0x3ffbc0 -> 0x3ffa58 -> 0x326eb0 -> 0x3ffbc0 -> 0x3ffa58 -> 0x31aac8 -> 0x423de0 -> 0x3e4db8 -> 0x3825c0 -> 0x3825f8 -> 0x3c1980 -> 0x31a490 -> 0x31abd0 -> 0x317520 -> 0x423dd0 -> 0x423de8 -> 0x31ac30 -> 0x317500 -> 0x317348 -> 0x227f58 -> 0x326b88 -> 0x326eb0 -> 0x3ffbc0 -> 0x3ffa58 -> 0x326eb0 -> 0x3ffbc0 -> 0x3ffa58 -> 0x31aac8 -> 0x423de0 -> 0x3e4db8 -> 0x3825c0 -> 0x3825f8 -> 0x3c1980
31 count=0->0 parked=1 waker=4 pc=0x423de8 ra=0x31ac30 inInt=0 waiters=0->1 result=park
 count=0->0 waiters=1->0 waker=-1 pc=0x423dd8 ra=0x31abf8 inInt=1 iSafe=1 invKind=0 invDepth=1 cbFunc=0 target=4 tStatus=2 tSusp=0 tWaitReason=2 tWaitId=31 result=31
abd0 -> 0x317520 -> 0x423dd0
0x317500 -> 0x317348 -> 0x227f58 -> 0x326b88 -> 0x326eb0 -> 0x3ffbc0 -> 0x3ffa58 -> 0x326eb0 -> 0x3ffbc0 -> 0x3ffa58 -> 0x31aac8 -> 0x423de0 -> 0x3e4db8 -> 0x3825c0 -> 0x3825f8 -> 0x3c1980 -> 0x31a490 -> 0x31abd0 -> 0x317520 -> 0x423dd0 -> 0x423de8 -> 0x31ac30 -> 0x317500 -> 0x317348 -> 0x227f58 -> 0x326b88 -> 0x326eb0 -> 0x3ffbc0 -> 0x3ffa58 -> 0x326eb0 -> 0x3ffbc0 -> 0x3ffa58 -> 0x31aac8 -> 0x423de0 -> 0x3e4db8 -> 0x3825c0 -> 0x3825f8 -> 0x3c1980 -> 0x31a490 -> 0x31abd0 -> 0x317520 -> 0x423dd0 -> 0x423de8 -> 0x31ac30 -> 0x317500 -> 0x317348 -> 0x227f58 -> 0x326b88 -> 0x326eb0 -> 0x3ffbc0 -> 0x3ffa58 -> 0x326eb0 -> 0x3ffbc0 -> 0x3ffa58 -> 0x31aac8 -> 0x423de0 -> 0x3e4db8 -> 0x3825c0 -> 0x3825f8 -> 0x3c1980 -> 0x31a490 -> 0x31abd0 -> 0x317520 -> 0x423dd0
1 iSafe=1 invKind=0 invDepth=1 cbFunc=0 target=4 tStatus=2 tSusp=0 tWaitReason=2 tWaitId=31 result=31
[diag:threads] block=2 threads=6 period_ms=15000
[diag:thread] id=1 status=2 waitReason=6 waitId=0 pc=0x3b1028 entry=0x100008 priority=100 scheduled=0
[diag:thread] id=2 status=2 waitReason=2 waitId=26 pc=0x423de8 entry=0x3e3be0 priority=12 scheduled=0
[diag:thread] id=3 status=2 waitReason=2 waitId=30 pc=0x423de8 entry=0x31ac60 priority=101 scheduled=0
[diag:thread] id=4 status=2 waitReason=2 waitId=31 pc=0x423de8 entry=0x31ac08 priority=99 scheduled=900
[diag:thread] id=5 status=2 waitReason=2 waitId=32 pc=0x423de8 entry=0x382740 priority=5 scheduled=0
[diag:thread] id=6 status=2 waitReason=2 waitId=36 pc=0x423de8 entry=0x3c19a8 priority=6 scheduled=0
[diag:frame] block=2 vsync=2700 kicks=43708 kicksDrawing=43356 gif=2795 copyRegs=4655 dma=4542 gifCopy=210 gsWrites=0 vifWrites=2
[diag:stacks] block=2 thread id=6 stack=0x50cb20 stackSize=0x6000 sp=0x512aa0 entry=0x3c19a8 pc=0x423de8
[diag:stacks] block=2 thread id=5 stack=0x621540 stackSize=0x1000 sp=0x622480 entry=0x382740 pc=0x423de8
[diag:stacks] block=2 thread id=-1 stack=0x0 stackSize=0x0 sp=0x0 entry=0x0 pc=0x0
2 thread id=4 stack=0x6048c0 stackSize=0x4000 sp=0x6088a0 entry=0x31ac08 pc=0x423de8
[diag:stacks] block=2 thread id=3 stack=0x6088d0 stackSize=0x10000 sp=0x6188a0 entry=0x31ac60 pc=0x423de8
[diag:stacks] block=2 thread id=2 stack=0x51ac80 stackSize=0x4000 sp=0x51ec20 entry=0x3e3be0 pc=0x423de8
[diag:stacks] block=2 thread id=1 stack=0x1fe0000 stackSize=0x20000 sp=0x1fffd60 entry=0x100008 pc=0x3b1028
[diag:stacks] block=2 invocation key=0x100000001 thread=1 depth=1 top=0xdfff0
[diag:stacks] block=2 invocation key=0xffffffff00000002 thread=4294967295 depth=2 top=0xe3ff0
[diag:stacks] block=2 invocation key=0x200000000 thread=2 depth=0 top=0xebff0
[diag:stacks] block=2 invocation key=0xffffffff00000000 thread=4294967295 depth=0 top=0xfbff0
[diag:stacks] block=2 invocation key=0x300000000 thread=3 depth=0 top=0xefff0
[diag:stacks] block=2 invocation key=0x500000000 thread=5 depth=0 top=0xf3ff0
[diag:stacks] block=2 invocation key=0x300000001 thread=3 depth=1 top=0xe7ff0
[diag:stacks] block=2 invocation key=0xffffffff00000001 thread=4294967295 depth=1 top=0xf7ff0
[diag:stacks] block=2 invocation key=0x100000000 thread=1 depth=0 top=0xffff0
[diag:stacks] block=2 cdCallbackStackTop=0x51ac80
[diag:stacks] block=2 intc id=6 cause=2 handler=0x3c1980 sp=0x618250
[diag:stacks] block=2 intc id=5 cause=7 handler=0x3623a8 sp=0x1fffd00
[diag:stacks] block=2 intc id=4 cause=5 handler=0x362340 sp=0x1fffd00
[diag:stacks] block=2 intc id=3 cause=2 handler=0x3825c0 sp=0x1fffd90
[diag:stacks] block=2 intc id=2 cause=3 handler=0x31a490 sp=0x1fffe30
[diag:stacks] block=2 intc id=1 cause=10 handler=0x3e4db8 sp=0x1ffff20
[diag:stacks] block=2 dmac id=1 cause=1 handler=0x382650 sp=0x1fffd90
[diag:stacks] block=2 pending kind=0 pc=0x3c1980 sp=0x0
[diag:stacks] block=2 pending kind=0 pc=0x3825c0 sp=0x0
[diag:syscalls] block=2 distinct=2 period_ms=15000
[diag:syscall] id=0x44 count=900 first=0x423de8 last=0x423de8
[diag:syscall] id=0xffffffbd count=900 first=0x423dd8 last=0x423dd8
[diag:stubs] block=2 distinct=13 period_ms=15000
[diag:stub] target=0x3ffa58 count=1800 firstRa=0x3271e8 lastRa=0x3271e8
[diag:stub] target=0x3ffbc0 count=1800 firstRa=0x326f24 lastRa=0x326f24
[diag:stub] target=0x326eb0 count=1800 firstRa=0x326bf8 lastRa=0x326bf8
[diag:stub] target=0x423de0 count=900 firstRa=0x31ac30 lastRa=0x31ac30
[diag:stub] target=0x31aac8 count=900 firstRa=0x3173e4 lastRa=0x3173e4
[diag:stub] target=0x326b88 count=900 firstRa=0x227f70 lastRa=0x227f70
[diag:stub] target=0x227f58 count=900 firstRa=0x3173c4 lastRa=0x3173c4
[diag:stub] target=0x317348 count=900 firstRa=0x317514 lastRa=0x317514
[diag:stub] target=0x317500 count=900 firstRa=0x31ac28 lastRa=0x31ac28
[diag:stub] target=0x423dd0 count=900 firstRa=0x31abf8 lastRa=0x31abf8
[diag:stub] target=0x317520 count=900 firstRa=0x31abe0 lastRa=0x31abe0
[diag:stub] target=0x31abd0 count=900 firstRa=0x31a5a0 lastRa=0x31a5a0
[diag:stub] target=0x3825f8 count=900 firstRa=0x3825dc lastRa=0x3825dc
0 ra=0x0 sp=0x0 gp=0x0 v0=0x0 a0=0x0 scheduled=68 trace=0x317500 -> 0x317348 -> 0x227f58 -> 0x326b88 -> 0x326eb0 -> 0x3ffbc0 -> 0x3ffa58 -> 0x326eb0 -> 0x3ffbc0 -> 0x3ffa58 -> 0x31aac8 -> 0x423de0 -> 0x3e4db8 -> 0x3825c0 -> 0x3825f8 -> 0x3c1980 -> 0x31a490 -> 0x31abd0 -> 0x317520 -> 0x423dd0 -> 0x423de8 -> 0x31ac30 -> 0x317500 -> 0x317348 -> 0x227f58 -> 0x326b88 -> 0x326eb0 -> 0x3ffbc0 -> 0x3ffa58 -> 0x326eb0 -> 0x3ffbc0 -> 0x3ffa58 -> 0x31aac8 -> 0x423de0 -> 0x3e4db8 -> 0x3825c0 -> 0x3825f8 -> 0x3c1980 -> 0x31a490 -> 0x31abd0 -> 0x317520 -> 0x423dd0 -> 0x423de8 -> 0x31ac30 -> 0x317500 -> 0x317348 -> 0x227f58 -> 0x326b88 -> 0x326eb0 -> 0x3ffbc0 -> 0x3ffa58 -> 0x326eb0 -> 0x3ffbc0 -> 0x3ffa58 -> 0x31aac8 -> 0x423de0 -> 0x3e4db8 -> 0x3825c0 -> 0x3825f8 -> 0x3c1980 -> 0x31a490 -> 0x31abd0 -> 0x317520 -> 0x423dd0
 tWaitId=31 result=31
 cbFunc=0 target=4 tStatus=2 tSusp=0 tWaitReason=2 tWaitId=31 result=31
0x317520 -> 0x423dd0 -> 0x423de8 -> 0x31ac30 -> 0x317500 -> 0x317348 -> 0x227f58 -> 0x326b88 -> 0x326eb0 -> 0x3ffbc0 -> 0x3ffa58 -> 0x326eb0 -> 0x3ffbc0 -> 0x3ffa58 -> 0x31aac8 -> 0x423de0 -> 0x3e4db8 -> 0x3825c0 -> 0x3825f8 -> 0x3c1980 -> 0x31a490 -> 0x31abd0 -> 0x317520 -> 0x423dd0 -> 0x423de8 -> 0x31ac30 -> 0x317500 -> 0x317348 -> 0x227f58 -> 0x326b88 -> 0x326eb0 -> 0x3ffbc0 -> 0x3ffa58 -> 0x326eb0 -> 0x3ffbc0 -> 0x3ffa58 -> 0x31aac8 -> 0x423de0 -> 0x3e4db8 -> 0x3825c0 -> 0x3825f8 -> 0x3c1980 -> 0x31a490 -> 0x31abd0 -> 0x317520 -> 0x423dd0 -> 0x423de8 -> 0x31ac30 -> 0x317500 -> 0x317348 -> 0x227f58 -> 0x326b88 -> 0x326eb0 -> 0x3ffbc0 -> 0x3ffa58 -> 0x326eb0 -> 0x3ffbc0 -> 0x3ffa58 -> 0x31aac8 -> 0x423de0 -> 0x3e4db8 -> 0x3825c0 -> 0x3825f8 -> 0x3c1980
ason=2 tWaitId=31 result=31
eason=2 tWaitId=31 result=31
 tSusp=0 tWaitReason=2 tWaitId=31 result=31
0x317500 -> 0x317348 -> 0x227f58 -> 0x326b88 -> 0x326eb0 -> 0x3ffbc0 -> 0x3ffa58 -> 0x326eb0 -> 0x3ffbc0 -> 0x3ffa58 -> 0x31aac8 -> 0x423de0 -> 0x3e4db8 -> 0x3825c0 -> 0x3825f8 -> 0x3c1980 -> 0x31a490 -> 0x31abd0 -> 0x317520 -> 0x423dd0 -> 0x423de8 -> 0x31ac30 -> 0x317500 -> 0x317348 -> 0x227f58 -> 0x326b88 -> 0x326eb0 -> 0x3ffbc0 -> 0x3ffa58 -> 0x326eb0 -> 0x3ffbc0 -> 0x3ffa58 -> 0x31aac8 -> 0x423de0 -> 0x3e4db8 -> 0x3825c0 -> 0x3825f8 -> 0x3c1980 -> 0x31a490 -> 0x31abd0 -> 0x317520 -> 0x423dd0 -> 0x423de8 -> 0x31ac30 -> 0x317500 -> 0x317348 -> 0x227f58 -> 0x326b88 -> 0x326eb0 -> 0x3ffbc0 -> 0x3ffa58 -> 0x326eb0 -> 0x3ffbc0 -> 0x3ffa58 -> 0x31aac8 -> 0x423de0 -> 0x3e4db8 -> 0x3825c0 -> 0x3825f8 -> 0x3c1980 -> 0x31a490 -> 0x31abd0 -> 0x317520 -> 0x423dd0
 tStatus=2 tSusp=0 tWaitReason=2 tWaitId=31 result=31
0x317500 -> 0x317348 -> 0x227f58 -> 0x326b88 -> 0x326eb0 -> 0x3ffbc0 -> 0x3ffa58 -> 0x326eb0 -> 0x3ffbc0 -> 0x3ffa58 -> 0x31aac8 -> 0x423de0 -> 0x3e4db8 -> 0x3825c0 -> 0x3825f8 -> 0x3c1980 -> 0x31a490 -> 0x31abd0 -> 0x317520 -> 0x423dd0 -> 0x423de8 -> 0x31ac30 -> 0x317500 -> 0x317348 -> 0x227f58 -> 0x326b88 -> 0x326eb0 -> 0x3ffbc0 -> 0x3ffa58 -> 0x326eb0 -> 0x3ffbc0 -> 0x3ffa58 -> 0x31aac8 -> 0x423de0 -> 0x3e4db8 -> 0x3825c0 -> 0x3825f8 -> 0x3c1980 -> 0x31a490 -> 0x31abd0 -> 0x317520 -> 0x423dd0 -> 0x423de8 -> 0x31ac30 -> 0x317500 -> 0x317348 -> 0x227f58 -> 0x326b88 -> 0x326eb0 -> 0x3ffbc0 -> 0x3ffa58 -> 0x326eb0 -> 0x3ffbc0 -> 0x3ffa58 -> 0x31aac8 -> 0x423de0 -> 0x3e4db8 -> 0x3825c0 -> 0x3825f8 -> 0x3c1980 -> 0x31a490 -> 0x31abd0 -> 0x317520 -> 0x423dd0
[diag:threads] block=3 threads=6 period_ms=15000
[diag:thread] id=1 status=2 waitReason=6 waitId=0 pc=0x3b1028 entry=0x100008 priority=100 scheduled=0
[diag:thread] id=2 status=2 waitReason=2 waitId=26 pc=0x423de8 entry=0x3e3be0 priority=12 scheduled=0
[diag:thread] id=3 status=2 waitReason=2 waitId=30 pc=0x423de8 entry=0x31ac60 priority=101 scheduled=0
[diag:thread] id=4 status=2 waitReason=2 waitId=31 pc=0x423de8 entry=0x31ac08 priority=99 scheduled=900
[diag:thread] id=5 status=2 waitReason=2 waitId=32 pc=0x423de8 entry=0x382740 priority=5 scheduled=0
[diag:thread] id=6 status=2 waitReason=2 waitId=36 pc=0x423de8 entry=0x3c19a8 priority=6 scheduled=0
[diag:frame] block=3 vsync=3600 kicks=43708 kicksDrawing=43356 gif=2795 copyRegs=4655 dma=4542 gifCopy=210 gsWrites=0 vifWrites=2
[diag:stacks] block=3 thread id=6 stack=0x50cb20 stackSize=0x6000 sp=0x512aa0 entry=0x3c19a8 pc=0x423de8
[diag:stacks] block=3 thread id=5 stack=0x621540 stackSize=0x1000 sp=0x622480 entry=0x382740 pc=0x423de8
[diag:stacks] block=3 thread id=-1 stack=0x0 stackSize=0x0 sp=0x0 entry=0x0 pc=0x0
[diag:stacks] block=3 thread id=4 stack=0x6048c0 stackSize=0x4000 sp=0x6088a0 entry=0x31ac08 pc=0x423de8
[diag:stacks] block=3 thread id=3 stack=0x6088d0 stackSize=0x10000 sp=0x6188a0 entry=0x31ac60 pc=0x423de8
[diag:stacks] block=3 thread id=2 stack=0x51ac80 stackSize=0x4000 sp=0x51ec20 entry=0x3e3be0 pc=0x423de8
[diag:stacks] block=3 thread id=1 stack=0x1fe0000 stackSize=0x20000 sp=0x1fffd60 entry=0x100008 pc=0x3b1028
[diag:stacks] block=3 invocation key=0x100000001 thread=1 depth=1 top=0xdfff0
[diag:stacks] block=3 invocation key=0xffffffff00000002 thread=4294967295 depth=2 top=0xe3ff0
[diag:stacks] block=3 invocation key=0x200000000 thread=2 depth=0 top=0xebff0
[diag:stacks] block=3 invocation key=0xffffffff00000000 thread=4294967295 depth=0 top=0xfbff0
[diag:stacks] block=3 invocation key=0x300000000 thread=3 depth=0 top=0xefff0
[diag:stacks] block=3 invocation key=0x500000000 thread=5 depth=0 top=0xf3ff0
[diag:stacks] block=3 invocation key=0x300000001 thread=3 depth=1 top=0xe7ff0
[diag:stacks] block=3 invocation key=0xffffffff00000001 thread=4294967295 depth=1 top=0xf7ff0
[diag:stacks] block=3 invocation key=0x100000000 thread=1 depth=0 top=0xffff0
[diag:stacks] block=3 cdCallbackStackTop=0x51ac80
[diag:stacks] block=3 intc id=6 cause=2 handler=0x3c1980 sp=0x618250
[diag:stacks] block=3 intc id=5 cause=7 handler=0x3623a8 sp=0x1fffd00
[diag:stacks] block=3 intc id=4 cause=5 handler=0x362340 sp=0x1fffd00
[diag:stacks] block=3 intc id=3 cause=2 handler=0x3825c0 sp=0x1fffd90
[diag:stacks] block=3 intc id=2 cause=3 handler=0x31a490 sp=0x1fffe30
[diag:stacks] block=3 intc id=1 cause=10 handler=0x3e4db8 sp=0x1ffff20
[diag:stacks] block=3 dmac id=1 cause=1 handler=0x382650 sp=0x1fffd90
[diag:stacks] block=3 pending kind=0 pc=0x3c1980 sp=0x0
[diag:stacks] block=3 pending kind=0 pc=0x3825c0 sp=0x0
[diag:syscalls] block=3 distinct=2 period_ms=15000
[diag:syscall] id=0x44 count=900 first=0x423de8 last=0x423de8
[diag:syscall] id=0xffffffbd count=900 first=0x423dd8 last=0x423dd8
[diag:stubs] block=3 distinct=13 period_ms=15000
[diag:stub] target=0x3ffa58 count=1800 firstRa=0x3271e8 lastRa=0x3271e8
[diag:stub] target=0x3ffbc0 count=1800 firstRa=0x326f24 lastRa=0x326f24
[diag:stub] target=0x326eb0 count=1800 firstRa=0x326bf8 lastRa=0x326bf8
[diag:stub] target=0x423de0 count=900 firstRa=0x31ac30 lastRa=0x31ac30
[diag:stub] target=0x31aac8 count=900 firstRa=0x3173e4 lastRa=0x3173e4
[diag:stub] target=0x326b88 count=900 firstRa=0x227f70 lastRa=0x227f70
[diag:stub] target=0x227f58 count=900 firstRa=0x3173c4 lastRa=0x3173c4
[diag:stub] target=0x317348 count=900 firstRa=0x317514 lastRa=0x317514
[diag:stub] target=0x317500 count=900 firstRa=0x31ac28 lastRa=0x31ac28
[diag:stub] target=0x423dd0 count=900 firstRa=0x31abf8 lastRa=0x31abf8
[diag:stub] target=0x317520 count=900 firstRa=0x31abe0 lastRa=0x31abe0
[diag:stub] target=0x31abd0 count=900 firstRa=0x31a5a0 lastRa=0x31a5a0
[diag:stub] target=0x3825f8 count=900 firstRa=0x3825dc lastRa=0x3825dc
 cbFunc=0 target=4 tStatus=2 tSusp=0 tWaitReason=2 tWaitId=31 result=31
-1 entry=0x0 pc=0x0 ra=0x0 sp=0x0 gp=0x0 v0=0x0 a0=0x0 scheduled=248 trace=0x317500 -> 0x317348 -> 0x227f58 -> 0x326b88 -> 0x326eb0 -> 0x3ffbc0 -> 0x3ffa58 -> 0x326eb0 -> 0x3ffbc0 -> 0x3ffa58 -> 0x31aac8 -> 0x423de0 -> 0x3e4db8 -> 0x3825c0 -> 0x3825f8 -> 0x3c1980 -> 0x31a490 -> 0x31abd0 -> 0x317520 -> 0x423dd0 -> 0x423de8 -> 0x31ac30 -> 0x317500 -> 0x317348 -> 0x227f58 -> 0x326b88 -> 0x326eb0 -> 0x3ffbc0 -> 0x3ffa58 -> 0x326eb0 -> 0x3ffbc0 -> 0x3ffa58 -> 0x31aac8 -> 0x423de0 -> 0x3e4db8 -> 0x3825c0 -> 0x3825f8 -> 0x3c1980 -> 0x31a490 -> 0x31abd0 -> 0x317520 -> 0x423dd0 -> 0x423de8 -> 0x31ac30 -> 0x317500 -> 0x317348 -> 0x227f58 -> 0x326b88 -> 0x326eb0 -> 0x3ffbc0 -> 0x3ffa58 -> 0x326eb0 -> 0x3ffbc0 -> 0x3ffa58 -> 0x31aac8 -> 0x423de0 -> 0x3e4db8 -> 0x3825c0 -> 0x3825f8 -> 0x3c1980 -> 0x31a490 -> 0x31abd0 -> 0x317520 -> 0x423dd0
 waiters=0->1 result=park
 sp=0x0 gp=0x0 v0=0x0 a0=0x0 scheduled=350 trace=0x317500 -> 0x317348 -> 0x227f58 -> 0x326b88 -> 0x326eb0 -> 0x3ffbc0 -> 0x3ffa58 -> 0x326eb0 -> 0x3ffbc0 -> 0x3ffa58 -> 0x31aac8 -> 0x423de0 -> 0x3e4db8 -> 0x3825c0 -> 0x3825f8 -> 0x3c1980 -> 0x31a490 -> 0x31abd0 -> 0x317520 -> 0x423dd0 -> 0x423de8 -> 0x31ac30 -> 0x317500 -> 0x317348 -> 0x227f58 -> 0x326b88 -> 0x326eb0 -> 0x3ffbc0 -> 0x3ffa58 -> 0x326eb0 -> 0x3ffbc0 -> 0x3ffa58 -> 0x31aac8 -> 0x423de0 -> 0x3e4db8 -> 0x3825c0 -> 0x3825f8 -> 0x3c1980 -> 0x31a490 -> 0x31abd0 -> 0x317520 -> 0x423dd0 -> 0x423de8 -> 0x31ac30 -> 0x317500 -> 0x317348 -> 0x227f58 -> 0x326b88 -> 0x326eb0 -> 0x3ffbc0 -> 0x3ffa58 -> 0x326eb0 -> 0x3ffbc0 -> 0x3ffa58 -> 0x31aac8 -> 0x423de0 -> 0x3e4db8 -> 0x3825c0 -> 0x3825f8 -> 0x3c1980 -> 0x31a490 -> 0x31abd0 -> 0x317520 -> 0x423dd0
-1 pc=0x423dd8 ra=0x31abf8 inInt=1 iSafe=1 invKind=0 invDepth=1 cbFunc=0 target=4 tStatus=2 tSusp=0 tWaitReason=2 tWaitId=31 result=31
0x317500 -> 0x317348 -> 0x227f58 -> 0x326b88 -> 0x326eb0 -> 0x3ffbc0 -> 0x3ffa58 -> 0x326eb0 -> 0x3ffbc0 -> 0x3ffa58 -> 0x31aac8 -> 0x423de0 -> 0x3e4db8 -> 0x3825c0 -> 0x3825f8 -> 0x3c1980 -> 0x31a490 -> 0x31abd0 -> 0x317520 -> 0x423dd0 -> 0x423de8 -> 0x31ac30 -> 0x317500 -> 0x317348 -> 0x227f58 -> 0x326b88 -> 0x326eb0 -> 0x3ffbc0 -> 0x3ffa58 -> 0x326eb0 -> 0x3ffbc0 -> 0x3ffa58 -> 0x31aac8 -> 0x423de0 -> 0x3e4db8 -> 0x3825c0 -> 0x3825f8 -> 0x3c1980 -> 0x31a490 -> 0x31abd0 -> 0x317520 -> 0x423dd0 -> 0x423de8 -> 0x31ac30 -> 0x317500 -> 0x317348 -> 0x227f58 -> 0x326b88 -> 0x326eb0 -> 0x3ffbc0 -> 0x3ffa58 -> 0x326eb0 -> 0x3ffbc0 -> 0x3ffa58 -> 0x31aac8 -> 0x423de0 -> 0x3e4db8 -> 0x3825c0 -> 0x3825f8 -> 0x3c1980 -> 0x31a490 -> 0x31abd0 -> 0x317520 -> 0x423dd0
ason=2 tWaitId=31 result=31
0x317500 -> 0x317348 -> 0x227f58 -> 0x326b88 -> 0x326eb0 -> 0x3ffbc0 -> 0x3ffa58 -> 0x326eb0 -> 0x3ffbc0 -> 0x3ffa58 -> 0x31aac8 -> 0x423de0 -> 0x3e4db8 -> 0x3825c0 -> 0x3825f8 -> 0x3c1980 -> 0x31a490 -> 0x31abd0 -> 0x317520 -> 0x423dd0 -> 0x423de8 -> 0x31ac30 -> 0x317500 -> 0x317348 -> 0x227f58 -> 0x326b88 -> 0x326eb0 -> 0x3ffbc0 -> 0x3ffa58 -> 0x326eb0 -> 0x3ffbc0 -> 0x3ffa58 -> 0x31aac8 -> 0x423de0 -> 0x3e4db8 -> 0x3825c0 -> 0x3825f8 -> 0x3c1980 -> 0x31a490 -> 0x31abd0 -> 0x317520 -> 0x423dd0 -> 0x423de8 -> 0x31ac30 -> 0x317500 -> 0x317348 -> 0x227f58 -> 0x326b88 -> 0x326eb0 -> 0x3ffbc0 -> 0x3ffa58 -> 0x326eb0 -> 0x3ffbc0 -> 0x3ffa58 -> 0x31aac8 -> 0x423de0 -> 0x3e4db8 -> 0x3825c0 -> 0x3825f8 -> 0x3c1980 -> 0x31a490 -> 0x31abd0 -> 0x317520 -> 0x423dd0
0x317520 -> 0x423dd0 -> 0x423de8 -> 0x31ac30 -> 0x317500 -> 0x317348 -> 0x227f58 -> 0x326b88 -> 0x326eb0 -> 0x3ffbc0 -> 0x3ffa58 -> 0x326eb0 -> 0x3ffbc0 -> 0x3ffa58 -> 0x31aac8 -> 0x423de0 -> 0x3e4db8 -> 0x3825c0 -> 0x3825f8 -> 0x3c1980 -> 0x31a490 -> 0x31abd0 -> 0x317520 -> 0x423dd0 -> 0x423de8 -> 0x31ac30 -> 0x317500 -> 0x317348 -> 0x227f58 -> 0x326b88 -> 0x326eb0 -> 0x3ffbc0 -> 0x3ffa58 -> 0x326eb0 -> 0x3ffbc0 -> 0x3ffa58 -> 0x31aac8 -> 0x423de0 -> 0x3e4db8 -> 0x3825c0 -> 0x3825f8 -> 0x3c1980 -> 0x31a490 -> 0x31abd0 -> 0x317520 -> 0x423dd0 -> 0x423de8 -> 0x31ac30 -> 0x317500 -> 0x317348 -> 0x227f58 -> 0x326b88 -> 0x326eb0 -> 0x3ffbc0 -> 0x3ffa58 -> 0x326eb0 -> 0x3ffbc0 -> 0x3ffa58 -> 0x31aac8 -> 0x423de0 -> 0x3e4db8 -> 0x3825c0 -> 0x3825f8 -> 0x3c1980
0x317500 -> 0x317348 -> 0x227f58 -> 0x326b88 -> 0x326eb0 -> 0x3ffbc0 -> 0x3ffa58 -> 0x326eb0 -> 0x3ffbc0 -> 0x3ffa58 -> 0x31aac8 -> 0x423de0 -> 0x3e4db8 -> 0x3825c0 -> 0x3825f8 -> 0x3c1980 -> 0x31a490 -> 0x31abd0 -> 0x317520 -> 0x423dd0 -> 0x423de8 -> 0x31ac30 -> 0x317500 -> 0x317348 -> 0x227f58 -> 0x326b88 -> 0x326eb0 -> 0x3ffbc0 -> 0x3ffa58 -> 0x326eb0 -> 0x3ffbc0 -> 0x3ffa58 -> 0x31aac8 -> 0x423de0 -> 0x3e4db8 -> 0x3825c0 -> 0x3825f8 -> 0x3c1980 -> 0x31a490 -> 0x31abd0 -> 0x317520 -> 0x423dd0 -> 0x423de8 -> 0x31ac30 -> 0x317500 -> 0x317348 -> 0x227f58 -> 0x326b88 -> 0x326eb0 -> 0x3ffbc0 -> 0x3ffa58 -> 0x326eb0 -> 0x3ffbc0 -> 0x3ffa58 -> 0x31aac8 -> 0x423de0 -> 0x3e4db8 -> 0x3825c0 -> 0x3825f8 -> 0x3c1980 -> 0x31a490 -> 0x31abd0 -> 0x317520 -> 0x423dd0
0x317500 -> 0x317348 -> 0x227f58 -> 0x326b88 -> 0x326eb0 -> 0x3ffbc0 -> 0x3ffa58 -> 0x326eb0 -> 0x3ffbc0 -> 0x3ffa58 -> 0x31aac8 -> 0x423de0 -> 0x3e4db8 -> 0x3825c0 -> 0x3825f8 -> 0x3c1980 -> 0x31a490 -> 0x31abd0 -> 0x317520 -> 0x423dd0 -> 0x423de8 -> 0x31ac30 -> 0x317500 -> 0x317348 -> 0x227f58 -> 0x326b88 -> 0x326eb0 -> 0x3ffbc0 -> 0x3ffa58 -> 0x326eb0 -> 0x3ffbc0 -> 0x3ffa58 -> 0x31aac8 -> 0x423de0 -> 0x3e4db8 -> 0x3825c0 -> 0x3825f8 -> 0x3c1980 -> 0x31a490 -> 0x31abd0 -> 0x317520 -> 0x423dd0 -> 0x423de8 -> 0x31ac30 -> 0x317500 -> 0x317348 -> 0x227f58 -> 0x326b88 -> 0x326eb0 -> 0x3ffbc0 -> 0x3ffa58 -> 0x326eb0 -> 0x3ffbc0 -> 0x3ffa58 -> 0x31aac8 -> 0x423de0 -> 0x3e4db8 -> 0x3825c0 -> 0x3825f8 -> 0x3c1980 -> 0x31a490 -> 0x31abd0 -> 0x317520 -> 0x423dd0
0x317500 -> 0x317348 -> 0x227f58 -> 0x326b88 -> 0x326eb0 -> 0x3ffbc0 -> 0x3ffa58 -> 0x326eb0 -> 0x3ffbc0 -> 0x3ffa58 -> 0x31aac8 -> 0x423de0 -> 0x3e4db8 -> 0x3825c0 -> 0x3825f8 -> 0x3c1980 -> 0x31a490 -> 0x31abd0 -> 0x317520 -> 0x423dd0 -> 0x423de8 -> 0x31ac30 -> 0x317500 -> 0x317348 -> 0x227f58 -> 0x326b88 -> 0x326eb0 -> 0x3ffbc0 -> 0x3ffa58 -> 0x326eb0 -> 0x3ffbc0 -> 0x3ffa58 -> 0x31aac8 -> 0x423de0 -> 0x3e4db8 -> 0x3825c0 -> 0x3825f8 -> 0x3c1980 -> 0x31a490 -> 0x31abd0 -> 0x317520 -> 0x423dd0 -> 0x423de8 -> 0x31ac30 -> 0x317500 -> 0x317348 -> 0x227f58 -> 0x326b88 -> 0x326eb0 -> 0x3ffbc0 -> 0x3ffa58 -> 0x326eb0 -> 0x3ffbc0 -> 0x3ffa58 -> 0x31aac8 -> 0x423de0 -> 0x3e4db8 -> 0x3825c0 -> 0x3825f8 -> 0x3c1980 -> 0x31a490 -> 0x31abd0 -> 0x317520 -> 0x423dd0
[diag:threads] block=4 threads=6 period_ms=15000
[diag:thread] id=1 status=2 waitReason=6 waitId=0 pc=0x3b1028 entry=0x100008 priority=100 scheduled=0
[diag:thread] id=2 status=2 waitReason=2 waitId=26 pc=0x423de8 entry=0x3e3be0 priority=12 scheduled=0
[diag:thread] id=3 status=2 waitReason=2 waitId=30 pc=0x423de8 entry=0x31ac60 priority=101 scheduled=0
[diag:thread] id=4 status=2 waitReason=2 waitId=31 pc=0x423de8 entry=0x31ac08 priority=99 scheduled=900
[diag:thread] id=5 status=2 waitReason=2 waitId=32 pc=0x423de8 entry=0x382740 priority=5 scheduled=0
[diag:thread] id=6 status=2 waitReason=2 waitId=36 pc=0x423de8 entry=0x3c19a8 priority=6 scheduled=0
[diag:frame] block=4 vsync=4500 kicks=43708 kicksDrawing=43356 gif=2795 copyRegs=4655 dma=4542 gifCopy=210 gsWrites=0 vifWrites=2
[diag:stacks] block=4 thread id=6 stack=0x50cb20 stackSize=0x6000 sp=0x512aa0 entry=0x3c19a8 pc=0x423de8
[diag:stacks] block=4 thread id=5 stack=0x621540 stackSize=0x1000 sp=0x622480 entry=0x382740 pc=0x423de8
[diag:stacks] block=4 thread id=-1 stack=0x0 stackSize=0x0 sp=0x0 entry=0x0 pc=0x0
[diag:stacks] block=4 thread id=4 stack=0x6048c0 stackSize=0x4000 sp=0x6088a0 entry=0x31ac08 pc=0x423de8
[diag:stacks] block=4 thread id=3 stack=0x6088d0 stackSize=0x10000 sp=0x6188a0 entry=0x31ac60 pc=0x423de8
[diag:stacks] block=4 thread id=2 stack=0x51ac80 stackSize=0x4000 sp=0x51ec20 entry=0x3e3be0 pc=0x423de8
[diag:stacks] block=4 thread id=1 stack=0x1fe0000 stackSize=0x20000 sp=0x1fffd60 entry=0x100008 pc=0x3b1028
[diag:stacks] block=4 invocation key=0x100000001 thread=1 depth=1 top=0xdfff0
[diag:stacks] block=4 invocation key=0xffffffff00000002 thread=4294967295 depth=2 top=0xe3ff0
[diag:stacks] block=4 invocation key=0x200000000 thread=2 depth=0 top=0xebff0
[diag:stacks] block=4 invocation key=0xffffffff00000000 thread=4294967295 depth=0 top=0xfbff0
[diag:stacks] block=4 invocation key=0x300000000 thread=3 depth=0 top=0xefff0
[diag:stacks] block=4 invocation key=0x500000000 thread=5 depth=0 top=0xf3ff0
[diag:stacks] block=4 invocation key=0x300000001 thread=3 depth=1 top=0xe7ff0
[diag:stacks] block=4 invocation key=0xffffffff00000001 thread=4294967295 depth=1 top=0xf7ff0
[diag:stacks] block=4 invocation key=0x100000000 thread=1 depth=0 top=0xffff0
[diag:stacks] block=4 cdCallbackStackTop=0x51ac80
[diag:stacks] block=4 intc id=6 cause=2 handler=0x3c1980 sp=0x618250
[diag:stacks] block=4 intc id=5 cause=7 handler=0x3623a8 sp=0x1fffd00
[diag:stacks] block=4 intc id=4 cause=5 handler=0x362340 sp=0x1fffd00
[diag:stacks] block=4 intc id=3 cause=2 handler=0x3825c0 sp=0x1fffd90
[diag:stacks] block=4 intc id=2 cause=3 handler=0x31a490 sp=0x1fffe30
[diag:stacks] block=4 intc id=1 cause=10 handler=0x3e4db8 sp=0x1ffff20
[diag:stacks] block=4 dmac id=1 cause=1 handler=0x382650 sp=0x1fffd90
[diag:stacks] block=4 pending kind=0 pc=0x3c1980 sp=0x0
[diag:stacks] block=4 pending kind=0 pc=0x3825c0 sp=0x0
[diag:syscalls] block=4 distinct=2 period_ms=15000
[diag:syscall] id=0x44 count=900 first=0x423de8 last=0x423de8
[diag:syscall] id=0xffffffbd count=900 first=0x423dd8 last=0x423dd8
[diag:stubs] block=4 distinct=13 period_ms=15000
[diag:stub] target=0x3ffa58 count=1800 firstRa=0x3271e8 lastRa=0x3271e8
[diag:stub] target=0x3ffbc0 count=1800 firstRa=0x326f24 lastRa=0x326f24
[diag:stub] target=0x326eb0 count=1800 firstRa=0x326bf8 lastRa=0x326bf8
[diag:stub] target=0x423de0 count=900 firstRa=0x31ac30 lastRa=0x31ac30
[diag:stub] target=0x31aac8 count=900 firstRa=0x3173e4 lastRa=0x3173e4
[diag:stub] target=0x326b88 count=900 firstRa=0x227f70 lastRa=0x227f70
[diag:stub] target=0x227f58 count=900 firstRa=0x3173c4 lastRa=0x3173c4
[diag:stub] target=0x317348 count=900 firstRa=0x317514 lastRa=0x317514
[diag:stub] target=0x317500 count=900 firstRa=0x31ac28 lastRa=0x31ac28
[diag:stub] target=0x423dd0 count=900 firstRa=0x31abf8 lastRa=0x31abf8
[diag:stub] target=0x317520 count=900 firstRa=0x31abe0 lastRa=0x31abe0
[diag:stub] target=0x31abd0 count=900 firstRa=0x31a5a0 lastRa=0x31a5a0
[diag:stub] target=0x3825f8 count=900 firstRa=0x3825dc lastRa=0x3825dc
4 pc=0x423de8 ra=0x31ac30 inInt=0 waiters=0->1 result=park
0 sp=0x0 gp=0x0 v0=0x0 a0=0x0 scheduled=1135 trace=0x317520 -> 0x423dd0 -> 0x423de8 -> 0x31ac30 -> 0x317500 -> 0x317348 -> 0x227f58 -> 0x326b88 -> 0x326eb0 -> 0x3ffbc0 -> 0x3ffa58 -> 0x326eb0 -> 0x3ffbc0 -> 0x3ffa58 -> 0x31aac8 -> 0x423de0 -> 0x3e4db8 -> 0x3825c0 -> 0x3825f8 -> 0x3c1980 -> 0x31a490 -> 0x31abd0 -> 0x317520 -> 0x423dd0 -> 0x423de8 -> 0x31ac30 -> 0x317500 -> 0x317348 -> 0x227f58 -> 0x326b88 -> 0x326eb0 -> 0x3ffbc0 -> 0x3ffa58 -> 0x326eb0 -> 0x3ffbc0 -> 0x3ffa58 -> 0x31aac8 -> 0x423de0 -> 0x3e4db8 -> 0x3825c0 -> 0x3825f8 -> 0x3c1980 -> 0x31a490 -> 0x31abd0 -> 0x317520 -> 0x423dd0 -> 0x423de8 -> 0x31ac30 -> 0x317500 -> 0x317348 -> 0x227f58 -> 0x326b88 -> 0x326eb0 -> 0x3ffbc0 -> 0x3ffa58 -> 0x326eb0 -> 0x3ffbc0 -> 0x3ffa58 -> 0x31aac8 -> 0x423de0 -> 0x3e4db8 -> 0x3825c0 -> 0x3825f8 -> 0x3c1980
eason=2 tWaitId=31 result=31
0x317500 -> 0x317348 -> 0x227f58 -> 0x326b88 -> 0x326eb0 -> 0x3ffbc0 -> 0x3ffa58 -> 0x326eb0 -> 0x3ffbc0 -> 0x3ffa58 -> 0x31aac8 -> 0x423de0 -> 0x3e4db8 -> 0x3825c0 -> 0x3825f8 -> 0x3c1980 -> 0x31a490 -> 0x31abd0 -> 0x317520 -> 0x423dd0 -> 0x423de8 -> 0x31ac30 -> 0x317500 -> 0x317348 -> 0x227f58 -> 0x326b88 -> 0x326eb0 -> 0x3ffbc0 -> 0x3ffa58 -> 0x326eb0 -> 0x3ffbc0 -> 0x3ffa58 -> 0x31aac8 -> 0x423de0 -> 0x3e4db8 -> 0x3825c0 -> 0x3825f8 -> 0x3c1980 -> 0x31a490 -> 0x31abd0 -> 0x317520 -> 0x423dd0 -> 0x423de8 -> 0x31ac30 -> 0x317500 -> 0x317348 -> 0x227f58 -> 0x326b88 -> 0x326eb0 -> 0x3ffbc0 -> 0x3ffa58 -> 0x326eb0 -> 0x3ffbc0 -> 0x3ffa58 -> 0x31aac8 -> 0x423de0 -> 0x3e4db8 -> 0x3825c0 -> 0x3825f8 -> 0x3c1980 -> 0x31a490 -> 0x31abd0 -> 0x317520 -> 0x423dd0


2264 trace=0x317500 -> 0x317348 -> 0x227f58 -> 0x326b88 -> 0x326eb0 -> 0x3ffbc0 -> 0x3ffa58 -> 0x326eb0 -> 0x3ffbc0 -> 0x3ffa58 -> 0x31aac8 -> 0x423de0 -> 0x3e4db8 -> 0x3825c0 -> 0x3825f8 -> 0x3c1980 -> 0x31a490 -> 0x31abd0 -> 0x317520 -> 0x423dd0 -> 0x423de8 -> 0x31ac30 -> 0x317500 -> 0x317348 -> 0x227f58 -> 0x326b88 -> 0x326eb0 -> 0x3ffbc0 -> 0x3ffa58 -> 0x326eb0 -> 0x3ffbc0 -> 0x3ffa58 -> 0x31aac8 -> 0x423de0 -> 0x3e4db8 -> 0x3825c0 -> 0x3825f8 -> 0x3c1980 -> 0x31a490 -> 0x31abd0 -> 0x317520 -> 0x423dd0 -> 0x423de8 -> 0x31ac30 -> 0x317500 -> 0x317348 -> 0x227f58 -> 0x326b88 -> 0x326eb0 -> 0x3ffbc0 -> 0x3ffa58 -> 0x326eb0 -> 0x3ffbc0 -> 0x3ffa58 -> 0x31aac8 -> 0x423de0 -> 0x3e4db8 -> 0x3825c0 -> 0x3825f8 -> 0x3c1980 -> 0x31a490 -> 0x31abd0 -> 0x317520 -> 0x423dd0
1 cbFunc=0 target=4 tStatus=2 tSusp=0 tWaitReason=2 tWaitId=31 result=31
eason=2 tWaitId=31 result=31
ERROR: Command timeout of 90.0 seconds exceeded. Assuming command got stuck and aborting.
