PID    Executable Path                                                                                                                                                                                   
----   --------------------------------------------------------------------------------------------------------------------------------------------------------------------------------------------------
1      /sbin/launchd                                                                                                                                                                                     
2836   /usr/libexec/UserEventAgent                                                                                                                                                                       
2838   /usr/libexec/logd                                                                                                                                                                                 
2839   /usr/libexec/runningboardd                                                                                                                                                                        
2840   /System/Library/CoreServices/SpringBoard.app/SpringBoard                                                                                                                                          
2842   /System/Library/PrivateFrameworks/AssistantServices.framework/assistantd                                                                                                                          
2843   /usr/libexec/studentd                                                                                                                                                                             
2844   /usr/libexec/routined                                                                                                                                                                             
2845   /System/Library/PrivateFrameworks/MediaRemote.framework/Support/mediaremoted                                                                                                                      
2846   /System/Library/Frameworks/Accounts.framework/accountsd                                                                                                                                           
2847   /System/Library/PrivateFrameworks/AXAssetLoader.framework/Support/axassetsd                                                                                                                       
2848   /usr/libexec/uarpd                                                                                                                                                                                
2849   /usr/libexec/uarpassetmanagerd                                                                                                                                                                    
2850   /usr/libexec/terminusd                                                                                                                                                                            
2851   /System/Library/Frameworks/HealthKit.framework/healthd                                                                                                                                            
2852   /usr/libexec/configd                                                                                                                                                                              
2853   /System/Library/PrivateFrameworks/MobileAccessoryUpdater.framework/Support/accessoryupdaterd                                                                                                      
2854   /System/Library/PrivateFrameworks/TCC.framework/Support/tccd                                                                                                                                      
2855   /System/Library/CoreServices/powerd.bundle/powerd                                                                                                                                                 
2856   /System/Library/PrivateFrameworks/CoreParsec.framework/parsecd                                                                                                                                    
2857   /usr/libexec/atc                                                                                                                                                                                  
2858   /usr/sbin/WirelessRadioManagerd                                                                                                                                                                   
2859   /System/Library/PrivateFrameworks/BiomeStreams.framework/Support/biomed                                                                                                                           
2860   /usr/sbin/wifid                                                                                                                                                                                   
2861   /usr/libexec/remoted                                                                                                                                                                              
2862   /usr/libexec/keybagd                                                                                                                                                                              
2863   /usr/libexec/amfid                                                                                                                                                                                
2865   /usr/libexec/seld                                                                                                                                                                                 
2866   /System/Library/PrivateFrameworks/MobileTimer.framework/Executables/mobiletimerd                                                                                                                  
2867   /System/Library/PrivateFrameworks/MobileSoftwareUpdate.framework/Support/softwareupdated                                                                                                          
2868   /usr/libexec/watchdogd                                                                                                                                                                            
2869   /usr/libexec/nfcd                                                                                                                                                                                 
2870   /System/Library/PrivateFrameworks/IDS.framework/identityservicesd.app/identityservicesd                                                                                                           
2871   /usr/libexec/remotepairingdeviced                                                                                                                                                                 
2872   /usr/libexec/thermalmonitord                                                                                                                                                                      
2873   /System/Library/PrivateFrameworks/CoreDuetContext.framework/Resources/contextstored                                                                                                               
2874   /usr/libexec/cameracaptured                                                                                                                                                                       
2875   /usr/libexec/appprotectiond                                                                                                                                                                       
2876   /usr/libexec/backboardd                                                                                                                                                                           
2877   /System/Library/PrivateFrameworks/AskPermission.framework/Support/askpermissiond                                                                                                                  
2878   /usr/libexec/aonsensed                                                                                                                                                                            
2879   /usr/libexec/timed                                                                                                                                                                                
2880   /usr/libexec/sharingd                                                                                                                                                                             
2881   /System/Library/Frameworks/ManagedSettings.framework/ManagedSettingsAgent                                                                                                                         
2882   /usr/libexec/locationd                                                                                                                                                                            
2883   /usr/libexec/batterytrapd                                                                                                                                                                         
2884   /usr/libexec/powerexceptionsd                                                                                                                                                                     
2885   /System/Library/PrivateFrameworks/IMCore.framework/imagent.app/imagent                                                                                                                            
2886   /usr/libexec/containermanagerd                                                                                                                                                                    
2887   /usr/libexec/audioaccessoryd                                                                                                                                                                      
2888   /usr/libexec/driverkitd                                                                                                                                                                           
2889   /usr/libexec/dasd                                                                                                                                                                                 
2890   /System/Library/PrivateFrameworks/SleepDaemon.framework/sleepd                                                                                                                                    
2892   /System/Library/PrivateFrameworks/PassKitCore.framework/passd                                                                                                                                     
2893   /usr/libexec/lockdownd                                                                                                                                                                            
2894   /usr/libexec/PerfPowerServices                                                                                                                                                                    
2895   /System/Library/CoreServices/OTACrashCopier                                                                                                                                                       
2896   /System/Library/PrivateFrameworks/AppleCredentialManager.framework/AppleCredentialManagerDaemon                                                                                                   
2898   /usr/libexec/peakpowermanagerd                                                                                                                                                                    
2899   /System/Library/PrivateFrameworks/MapsSupport.framework/navd                                                                                                                                      
2900   /usr/libexec/safetyalertsd                                                                                                                                                                        
2901   /usr/libexec/rapportd                                                                                                                                                                             
2903   /usr/sbin/fairplayd.A2                                                                                                                                                                            
2904   /usr/sbin/bluetoothd                                                                                                                                                                              
2905   /System/Library/PrivateFrameworks/AppleMediaServices.framework/amsaccountsd                                                                                                                       
2906   /System/Library/Frameworks/CoreTelephony.framework/Support/CommCenter                                                                                                                             
2907   /usr/libexec/fseventsd                                                                                                                                                                            
2909   /System/Library/PrivateFrameworks/DeviceConfiguration.framework/deviceconfigurationd                                                                                                              
2910   /usr/sbin/distnoted                                                                                                                                                                               
2911   /usr/sbin/notifyd                                                                                                                                                                                 
2912   /usr/libexec/usermanagerd                                                                                                                                                                         
2913   /usr/sbin/cfprefsd                                                                                                                                                                                
2914   /usr/sbin/cfprefsd                                                                                                                                                                                
2915   /System/Library/PrivateFrameworks/CoreAccessories.framework/XPCServices/ACCHWComponentAuthService.xpc/ACCHWComponentAuthService                                                                   
2916   /usr/libexec/audiomxd                                                                                                                                                                             
2917   /usr/libexec/securityd                                                                                                                                                                            
2918   /usr/libexec/containermanagerd_system                                                                                                                                                             
2919   /System/Library/PrivateFrameworks/ChronoCore.framework/Support/chronod                                                                                                                            
2920   /System/Library/Frameworks/LocalAuthentication.framework/Support/coreauthd                                                                                                                        
2921   /System/Library/Frameworks/WirelessInsights.framework/Support/wirelessinsightsd                                                                                                                   
2922   /usr/libexec/logd_helper                                                                                                                                                                          
2923   /usr/libexec/mobileassetd                                                                                                                                                                         
2924   /System/Library/DriverExtensions/com.apple.DriverKit-AppleBCMWLAN.dext/com.apple.DriverKit-AppleBCMWLAN                                                                                           
2925   /usr/libexec/UVCAssistant                                                                                                                                                                         
2927   /usr/libexec/lsd                                                                                                                                                                                  
2928   /usr/libexec/MobileGestaltHelper                                                                                                                                                                  
2929   /usr/libexec/trustd                                                                                                                                                                               
2930   /System/Library/PrivateFrameworks/CoreAnalytics.framework/Support/analyticsd                                                                                                                      
2931   /usr/libexec/nehelper                                                                                                                                                                             
2932   /System/Library/PrivateFrameworks/CoreRepairCore.framework/XPCServices/CoreRepairCoreXPCService.xpc/CoreRepairCoreXPCService                                                                      
2933   /System/Library/PrivateFrameworks/UserNotificationsCore.framework/Support/usernotificationsd                                                                                                      
2934   /usr/libexec/PowerUIAgent                                                                                                                                                                         
2935   /usr/libexec/powerexperienced                                                                                                                                                                     
2937   /usr/libexec/spotlightknowledged.updater                                                                                                                                                          
2938   /usr/libexec/batteryintelligenced                                                                                                                                                                 
2939   /System/Library/PrivateFrameworks/ApplePushService.framework/apsd                                                                                                                                 
2940   /System/Library/Frameworks/CoreTelephony.framework/Support/CommCenterMobileHelper                                                                                                                 
2941   /System/Library/PrivateFrameworks/TelephonyUtilities.framework/callservicesd                                                                                                                      
2942   /System/Library/Frameworks/CoreTelephony.framework/Support/CommCenterRootHelper                                                                                                                   
2943   /usr/libexec/mobileactivationd                                                                                                                                                                    
2945   /System/Library/PrivateFrameworks/CloudKitDaemon.framework/Support/cloudd                                                                                                                         
2946   /System/Library/PrivateFrameworks/SessionCore.framework/Support/liveactivitiesd                                                                                                                   
2947   /usr/libexec/misd                                                                                                                                                                                 
2949   /usr/libexec/pfd                                                                                                                                                                                  
2951   /System/Library/Frameworks/Contacts.framework/Support/contactsd                                                                                                                                   
2952   /usr/sbin/appleh13camerad                                                                                                                                                                         
2953   /usr/libexec/dmd                                                                                                                                                                                  
2954   /System/Library/PrivateFrameworks/CalendarDaemon.framework/Support/calaccessd                                                                                                                     
2955   /usr/sbin/mDNSResponder                                                                                                                                                                           
2956   /System/Library/PrivateFrameworks/PowerLog.framework/XPCServices/PerfPowerTelemetryClientRegistrationService.xpc/PerfPowerTelemetryClientRegistrationService                                      
2957   /usr/libexec/clocksyncd                                                                                                                                                                           
2958   /usr/libexec/manageddeviced                                                                                                                                                                       
2959   /usr/libexec/profiled                                                                                                                                                                             
2960   /usr/libexec/mobilerepaird                                                                                                                                                                        
2961   /System/Library/PrivateFrameworks/SyncedDefaults.framework/Support/syncdefaultsd                                                                                                                  
2962   /usr/libexec/pkd                                                                                                                                                                                  
2963   /System/Library/Frameworks/Metal.framework/XPCServices/MTLCompilerService.xpc/MTLCompilerService                                                                                                  
2964   /System/Library/PrivateFrameworks/GeoServices.framework/geod                                                                                                                                      
2965   /System/Library/PrivateFrameworks/NearFieldPrivateServices.framework/XPCServices/NFStorageServer.xpc/NFStorageServer                                                                              
2966   /usr/libexec/symptomsd                                                                                                                                                                            
2967   /usr/libexec/fmflocatord                                                                                                                                                                          
2968   /usr/libexec/findmydeviced                                                                                                                                                                        
2969   /usr/libexec/bluetoothuserd                                                                                                                                                                       
2970   /System/Library/PrivateFrameworks/CoreEmbeddedSpeechRecognition.framework/speechmaintenanced                                                                                                      
2972   /usr/libexec/milod                                                                                                                                                                                
2973   /System/Library/PrivateFrameworks/CoreCDP.framework/cdpd                                                                                                                                          
2974   /usr/libexec/biometrickitd                                                                                                                                                                        
2975   /usr/libexec/applekeystored                                                                                                                                                                       
2976   /usr/libexec/appleidsetupd                                                                                                                                                                        
2977   /System/Library/PrivateFrameworks/AuthKit.framework/akd                                                                                                                                           
2978   /System/Library/PrivateFrameworks/CoreAccessories.framework/Support/accessoryd                                                                                                                    
2979   /usr/libexec/audioanalyticsd                                                                                                                                                                      
2980   /usr/libexec/networkserviceproxy                                                                                                                                                                  
2981   /usr/libexec/ospredictiond                                                                                                                                                                        
2982   /System/Library/Frameworks/SystemConfiguration.framework/SCHelper                                                                                                                                 
2983   /System/Library/PrivateFrameworks/VoiceShortcuts.framework/Support/siriactionsd                                                                                                                   
2984   /usr/libexec/cryptexd                                                                                                                                                                             
2985   /System/Library/CoreServices/AccessibilityUIServer.app/AccessibilityUIServer                                                                                                                      
2986   /System/Library/Frameworks/CryptoTokenKit.framework/ctkd                                                                                                                                          
2987   /Applications/InputUI.app/InputUI                                                                                                                                                                 
2988   /usr/libexec/coreduetd                                                                                                                                                                            
2989   /System/Library/PrivateFrameworks/SystemStatusServer.framework/Support/systemstatusd                                                                                                              
2990   /System/Library/PrivateFrameworks/CoreSpeech.framework/corespeechd                                                                                                                                
2991   /System/Library/PrivateFrameworks/IntlPreferences.framework/Support/localizationswitcherd                                                                                                         
2992   /System/Library/Frameworks/AudioToolbox.framework/XPCServices/AudioConverterService.xpc/AudioConverterService                                                                                     
2993   /System/Library/PrivateFrameworks/SetupAssistant.framework/budd                                                                                                                                   
2994   /System/Library/PrivateFrameworks/WatchListKit.framework/Support/watchlistd                                                                                                                       
2995   /System/Library/PrivateFrameworks/ModelCatalogRuntime.framework/modelcatalogd                                                                                                                     
2996   /System/Library/Frameworks/ManagedAppDistribution.framework/Support/managedappdistributiond                                                                                                       
2997   /usr/libexec/languageassetd                                                                                                                                                                       
2998   /System/Library/PrivateFrameworks/iTunesCloud.framework/Support/itunescloudd                                                                                                                      
2999   /System/Library/PrivateFrameworks/AppStoreDaemon.framework/Support/appstored                                                                                                                      
3000   /System/Library/PrivateFrameworks/DoNotDisturbServer.framework/Support/donotdisturbd                                                                                                              
3001   /usr/libexec/linkd                                                                                                                                                                                
3002   /Applications/PosterBoard.app/PosterBoard                                                                                                                                                         
3003   /usr/libexec/nearbyd                                                                                                                                                                              
3004   /System/Library/PrivateFrameworks/NewDeviceOutreach.framework/ndoagent                                                                                                                            
3005   /usr/libexec/softposreaderd                                                                                                                                                                       
3006   /usr/libexec/seserviced                                                                                                                                                                           
3008   /usr/libexec/deviceaccessd                                                                                                                                                                        
3009   /System/Library/PrivateFrameworks/Search.framework/searchd                                                                                                                                        
3010   /usr/libexec/transparencyd                                                                                                                                                                        
3011   /System/Library/PrivateFrameworks/ContinuousDialogManagerService.framework/assistant_cdmd                                                                                                         
3012   /System/Library/PrivateFrameworks/FamilyCircle.framework/familycircled                                                                                                                            
3013   /System/Library/PrivateFrameworks/SiriTTSService.framework/sirittsd                                                                                                                               
3014   /System/Library/PrivateFrameworks/IntelligenceFlowRuntime.framework/intelligenceflowd                                                                                                             
3015   /System/Library/PrivateFrameworks/GenerativeExperiencesRuntime.framework/generativeexperiencesd                                                                                                   
3016   /usr/libexec/duetexpertd                                                                                                                                                                          
3017   /usr/libexec/modelmanagerd                                                                                                                                                                        
3018   /private/var/containers/Bundle/Application/38A370E7-51AA-4B8A-B5A2-7959A9A387FE/Photos.app/PlugIns/PhotosReliveWidget.appex/PhotosReliveWidget                                                    
3019   /private/var/containers/Bundle/Application/D2E90BAD-8C0F-413A-961C-DE106EB6860C/Reminders.app/PlugIns/RemindersWidgetExtension.appex/RemindersWidgetExtension                                     
3020   /private/var/containers/Bundle/Application/105E1E02-E832-4131-9A6A-B83E6AE225AE/Tips.app/PlugIns/TipsWidget.appex/TipsWidget                                                                      
3021   /private/var/containers/Bundle/Application/76BE2E6F-84BD-4C95-B665-F2DFF3A1E858/MobileNotes.app/PlugIns/com.apple.mobilenotes.WidgetExtension.appex/com.apple.mobilenotes.WidgetExtension         
3022   /usr/libexec/aned                                                                                                                                                                                 
3023   /usr/libexec/nsurlsessiond                                                                                                                                                                        
3024   /usr/libexec/symptomsd-diag                                                                                                                                                                       
3025   /usr/libexec/corerepaird                                                                                                                                                                          
3026   /System/Library/Frameworks/Security.framework/XPCServices/TrustedPeersHelper.xpc/TrustedPeersHelper                                                                                               
3028   /System/Library/PrivateFrameworks/HomeKitDaemon.framework/Support/homed                                                                                                                           
3029   /usr/sbin/filecoordinationd                                                                                                                                                                       
3030   /private/var/containers/Bundle/Application/54308968-4A9A-40D6-8B70-F4F91F8FCD4D/MobileTimer.app/PlugIns/WorldClockWidget.appex/WorldClockWidget                                                   
3031   /System/Library/PrivateFrameworks/IntelligenceFlowContextRuntime.framework/intelligencecontextd                                                                                                   
3032   /System/Library/PrivateFrameworks/ReplicatorCore.framework/Support/replicatord                                                                                                                    
3033   /System/Library/PrivateFrameworks/WiFiPolicy.framework/XPCServices/WiFiCloudAssetsXPCService.xpc/WiFiCloudAssetsXPCService                                                                        
3034   /System/Library/ExtensionKit/Extensions/CollectionsPoster.appex/CollectionsPoster                                                                                                                 
3035   /System/Library/ExtensionKit/Extensions/PhotosPosterProvider.appex/PhotosPosterProvider                                                                                                           
3036   /System/Library/ExtensionKit/Extensions/MercuryPosterExtension.appex/MercuryPosterExtension                                                                                                       
3037   /System/Library/PrivateFrameworks/MobileAssetDaemon.framework/XPCServices/com.apple.MobileAsset.DownloadService.Builtin.xpc/com.apple.MobileAsset.DownloadService.Builtin                         
3038   /System/Library/Frameworks/FileProvider.framework/Support/fileproviderd                                                                                                                           
3039   /System/Library/PrivateFrameworks/SpaceAttribution.framework/spaceattributiond                                                                                                                    
3040   /System/Library/PrivateFrameworks/MediaAnalysis.framework/mediaanalysisd                                                                                                                          
3041   /System/Library/PrivateFrameworks/PhotoAnalysis.framework/Support/photoanalysisd                                                                                                                  
3042   /System/Library/PrivateFrameworks/IMDPersistence.framework/XPCServices/IMDPersistenceAgent.xpc/IMDPersistenceAgent                                                                                
3043   /System/Library/CoreServices/iconservicesagent                                                                                                                                                    
3044   /usr/sbin/BTLEServer                                                                                                                                                                              
3045   /System/Library/PrivateFrameworks/ScreenTimeCore.framework/ScreenTimeAgent                                                                                                                        
3046   /usr/libexec/rtcreportingd                                                                                                                                                                        
3047   /System/Library/PrivateFrameworks/CoreFollowUp.framework/followupd                                                                                                                                
3048   /private/preboot/Cryptexes/App/usr/libexec/webbookmarksd                                                                                                                                          
3049   /System/Library/PrivateFrameworks/CoreSuggestions.framework/suggestd                                                                                                                              
3050   /System/Library/PrivateFrameworks/SocialLayer.framework/sociallayerd.app/sociallayerd                                                                                                             
3051   /usr/libexec/adid                                                                                                                                                                                 
3052   /System/Library/PrivateFrameworks/UserActivity.framework/Agents/useractivityd                                                                                                                     
3053   /usr/libexec/searchpartyd                                                                                                                                                                         
3054   /System/Library/PrivateFrameworks/iCloudNotification.framework/ind                                                                                                                                
3055   /System/Library/PrivateFrameworks/AppleMediaServicesUI.framework/amsengagementd                                                                                                                   
3056   /usr/libexec/intelligentroutingd                                                                                                                                                                  
3057   /System/Library/PrivateFrameworks/NeighborhoodActivityConduit.framework/XPCServices/com.apple.NeighborhoodActivityConduitService.xpc/com.apple.NeighborhoodActivityConduitService                 
3058   /System/Library/PrivateFrameworks/InstallCoordination.framework/Support/installcoordinationd                                                                                                      
3059   /System/Library/ExtensionKit/Extensions/MercuryPosterExtension.appex/MercuryPosterExtension                                                                                                       
3061   /System/Library/PrivateFrameworks/ProtectedCloudStorage.framework/Helpers/ProtectedCloudKeySyncing                                                                                                
3063   /System/Library/Frameworks/FinanceKit.framework/financed                                                                                                                                          
3064   /System/Library/PrivateFrameworks/FontServices.framework/Support/fontservicesd                                                                                                                    
3065   /usr/libexec/appleaccountd                                                                                                                                                                        
3066   /System/Library/Frameworks/Metal.framework/XPCServices/MTLCompilerService.xpc/MTLCompilerService                                                                                                  
3067   /System/Library/PrivateFrameworks/CloudPhotoLibrary.framework/Support/cloudphotod                                                                                                                 
3068   /System/Library/PrivateFrameworks/MobileInstallation.framework/XPCServices/com.apple.MobileInstallationHelperService.xpc/com.apple.MobileInstallationHelperService                                
3069   /System/Library/PrivateFrameworks/AppleDeviceQuerySupport.framework/XPCServices/AppleDeviceQueryService.xpc/AppleDeviceQueryService                                                               
3070   /usr/libexec/installd                                                                                                                                                                             
3071   /usr/libexec/frauddefensed                                                                                                                                                                        
3072   /usr/libexec/gamed                                                                                                                                                                                
3073   /usr/libexec/eligibilityd                                                                                                                                                                         
3074   /usr/libexec/wifip2pd                                                                                                                                                                             
3075   /usr/libexec/countryd                                                                                                                                                                             
3076   /usr/libexec/siriknowledged                                                                                                                                                                       
3077   /private/var/containers/Bundle/Application/62DB800F-1615-47DA-A9F1-FCE95DD4DECC/News.app/PlugIns/NewsToday2.appex/NewsToday2                                                                      
3078   /System/Library/PrivateFrameworks/AppIntentsLiveEntitySupport.framework/XPCServices/AppIntentsLiveEntityService.xpc/AppIntentsLiveEntityService                                                   
3079   /private/var/containers/Bundle/Application/D2400C19-FB00-428E-8EEA-394BAB9F3395/Weather.app/PlugIns/WeatherWidget.appex/WeatherWidget                                                             
3080   /usr/libexec/gamepolicyd                                                                                                                                                                          
3081   /System/Library/PrivateFrameworks/AppSSO.framework/Support/AppSSODaemon                                                                                                                           
3082   /System/Library/Frameworks/GSS.framework/Helpers/GSSCred                                                                                                                                          
3083   /System/Library/PrivateFrameworks/TelephonyUtilities.framework/XPCServices/com.apple.FaceTime.FTConversationService.xpc/com.apple.FaceTime.FTConversationService                                  
3084   /Applications/Batteries.app/PlugIns/BatteriesAvocadoWidgetExtension.appex/BatteriesAvocadoWidgetExtension                                                                                         
3085   /System/Library/Frameworks/Translation.framework/translationd                                                                                                                                     
3086   /System/Library/Frameworks/Speech.framework/XPCServices/localspeechrecognition.xpc/localspeechrecognition                                                                                         
3087   /System/Library/Frameworks/CallKit.framework/XPCServices/com.apple.CallKit.CallDirectoryMaintenance.xpc/com.apple.CallKit.CallDirectoryMaintenance                                                
3088   /System/Library/PrivateFrameworks/ScreenTimeSettingsFoundation.framework/ScreenTimeSettingsAgent                                                                                                  
3089   /usr/libexec/swcd                                                                                                                                                                                 
3090   /Applications/FindMyExtensionContainer.app/PlugIns/FindMyDeviceBluetoothExtension.appex/FindMyDeviceBluetoothExtension                                                                            
3091   /System/Library/PrivateFrameworks/StatusKit.framework/StatusKitAgent                                                                                                                              
3092   /usr/libexec/triald                                                                                                                                                                               
3093   /System/Library/PrivateFrameworks/ContextKit.framework/XPCServices/ContextService.xpc/ContextService                                                                                              
3094   /private/var/containers/Bundle/Application/DF5C80AB-1730-4120-9F61-35393DBBA54E/Maps.app/PlugIns/GeneralMapsWidget.appex/GeneralMapsWidget                                                        
3095   /System/Library/PrivateFrameworks/CloudTelemetry.framework/Support/cloudtelemetryd                                                                                                                
3096   /System/Library/PrivateFrameworks/MapsSuggestions.framework/destinationd                                                                                                                          
3097   /System/Library/PrivateFrameworks/MapsSync.framework/mapssyncd                                                                                                                                    
3098   /System/Library/PrivateFrameworks/MusicLibrary.framework/Support/medialibraryd                                                                                                                    
3099   /usr/libexec/misagent                                                                                                                                                                             
3100   /private/var/containers/Bundle/Application/5C389C29-D60F-4F68-875C-17BC28255634/Stocks.app/PlugIns/StocksWidget.appex/StocksWidget                                                                
3102   /System/Library/PrivateFrameworks/NearbySessions.framework/XPCServices/com.apple.SharePlay.NearbyInvitationsService.xpc/com.apple.SharePlay.NearbyInvitationsService                              
3103   /usr/libexec/heartbeatd                                                                                                                                                                           
3104   /System/Library/PrivateFrameworks/EmailDaemon.framework/maild                                                                                                                                     
3105   /usr/libexec/tvremoted                                                                                                                                                                            
3106   /System/Library/PrivateFrameworks/CommunicationsFilter.framework/CMFSyncAgent                                                                                                                     
3107   /usr/libexec/textunderstandingd                                                                                                                                                                   
3108   /System/Library/PrivateFrameworks/iTunesStore.framework/Support/itunesstored                                                                                                                      
3109   /usr/libexec/findmylocated                                                                                                                                                                        
3110   /private/var/containers/Bundle/Application/6FD59F5A-88C5-4802-85E7-8432FB070302/MobileCal.app/PlugIns/CalendarWidgetExtension.appex/CalendarWidgetExtension                                       
3111   /System/Library/PrivateFrameworks/HearingCore.framework/heard                                                                                                                                     
3112   /System/Library/PrivateFrameworks/CommunicationTrust.framework/Support/communicationtrustd                                                                                                        
3113   /System/Library/Frameworks/FamilyControls.framework/FamilyControlsAgent                                                                                                                           
3114   /System/Library/Frameworks/Speech.framework/XPCServices/localspeechrecognition.xpc/localspeechrecognition                                                                                         
3115   /usr/libexec/assetsubscriptiond                                                                                                                                                                   
3116   /usr/libexec/wifianalyticsd                                                                                                                                                                       
3117   /Applications/FindMyExtensionContainer.app/PlugIns/FMDMagSafeExtension.appex/FMDMagSafeExtension                                                                                                  
3118   /System/Library/PrivateFrameworks/Pasteboard.framework/Support/pasted                                                                                                                             
3120   /System/Library/PrivateFrameworks/CacheDelete.framework/deleted                                                                                                                                   
3121   /System/Library/CoreServices/ShortcutsActions.app/Extensions/ShortcutsTopHitsExtension.appex/ShortcutsTopHitsExtension                                                                            
3122   /System/Library/PrivateFrameworks/CallHistory.framework/Support/callhistoryd                                                                                                                      
3123   /usr/libexec/watchpresenced                                                                                                                                                                       
3124   /System/Library/Frameworks/Contacts.framework/Support/postersyncd                                                                                                                                 
3125   /usr/libexec/swtransparencyd                                                                                                                                                                      
3127   /System/Library/PrivateFrameworks/WiFiPolicy.framework/XPCServices/ThreeBarsXPCService.xpc/ThreeBarsXPCService                                                                                    
3128   /usr/libexec/captiveagent                                                                                                                                                                         
3129   /Applications/PencilPairingAngel.app/PencilPairingAngel                                                                                                                                           
3130   /System/Library/CoreServices/osanalyticshelper                                                                                                                                                    
3131   /System/Library/PrivateFrameworks/PrivacyAccounting.framework/Versions/A/Resources/privacyaccountingd                                                                                             
3132   /System/Library/PrivateFrameworks/CoreRecents.framework/recentsd                                                                                                                                  
3133   /System/Library/PrivateFrameworks/MessagesEscrow.framework/Daemon/messagesescrowd.xpc/messagesescrowd                                                                                             
3134   /System/Library/PrivateFrameworks/DeviceConfiguration.framework/DeviceConfigurationAgent                                                                                                          
3135   /System/Library/PrivateFrameworks/CloudSubscriptionFeatures.framework/featureaccessd                                                                                                              
3136   /System/Library/PrivateFrameworks/AppleMediaDiscovery.framework/PlugIns/AMDEngagementExtension.appex/AMDEngagementExtension                                                                       
3137   /System/Library/Frameworks/Intents.framework/XPCServices/intents_helper.xpc/intents_helper                                                                                                        
3138   /System/Library/PrivateFrameworks/OnDeviceStorage.framework/Support/amsondevicestoraged                                                                                                           
3139   /System/Library/PrivateFrameworks/AssetCacheServices.framework/XPCServices/AssetCacheLocatorService.xpc/AssetCacheLocatorService                                                                  
3140   /System/Library/PrivateFrameworks/DeviceCheckInternal.framework/devicecheckd                                                                                                                      
3141   /System/Library/PrivateFrameworks/SiriAppIntentsRuntime.framework/siriappintentsd                                                                                                                 
3142   /usr/libexec/promotedcontentd                                                                                                                                                                     
3144   /System/Library/PrivateFrameworks/AppPredictionFoundation.framework/XPCServices/AppPredictionIntentsHelperService.xpc/AppPredictionIntentsHelperService                                           
3145   /System/Library/PrivateFrameworks/CoreThreadCommissionerService.framework/CoreThreadCommissionerServiced                                                                                          
3146   /System/Library/PrivateFrameworks/FitnessCoachingServices.framework/fitnesscoachingd                                                                                                              
3147   /usr/libexec/fairplaydeviceidentityd                                                                                                                                                              
3148   /System/Library/PrivateFrameworks/CascadeSets.framework/XPCServices/SetStoreUpdateService.xpc/SetStoreUpdateService                                                                               
3149   /usr/libexec/findmybeaconingd                                                                                                                                                                     
3150   /usr/libexec/UniversalControl                                                                                                                                                                     
3151   /usr/libexec/pipelined                                                                                                                                                                            
3152   /System/Library/PrivateFrameworks/GeoAnalytics.framework/geoanalyticsd                                                                                                                            
3153   /System/Library/Frameworks/MapKit.framework/XPCServices/com.apple.MapKit.SnapshotService.xpc/com.apple.MapKit.SnapshotService                                                                     
3154   /System/Library/PrivateFrameworks/FontServices.framework/XPCServices/UserFontManager.xpc/UserFontManager                                                                                          
3155   /System/Library/PrivateFrameworks/WiFiPolicy.framework/XPCServices/WiFiCloudAssetsXPCService.xpc/WiFiCloudAssetsXPCService                                                                        
3156   /System/Library/Frameworks/AppManagedFeatures.framework/Support/appmanagedfeaturesd                                                                                                               
3157   /System/Library/PrivateFrameworks/VisualIntelligenceServices.framework/visualintelligenced                                                                                                        
3159   /usr/libexec/mediasetupd                                                                                                                                                                          
3160   /System/Library/PrivateFrameworks/CoreLocationTiles.framework/XPCServices/TilesService.xpc/TilesService                                                                                           
3161   /System/Library/Frameworks/Speech.framework/XPCServices/localspeechrecognition.xpc/localspeechrecognition                                                                                         
3162   /System/Library/CoreServices/ReportCrash                                                                                                                                                          
3164   /System/Library/PrivateFrameworks/CoreSymbolication.framework/coresymbolicationd                                                                                                                  
3165   /System/Library/CoreServices/diagnosticservicesd                                                                                                                                                  
3167   /System/Library/PrivateFrameworks/CascadeSets.framework/XPCServices/SetStoreUpdateService.xpc/SetStoreUpdateService                                                                               
3169   /System/Library/PrivateFrameworks/CascadeSets.framework/XPCServices/SetStoreUpdateService.xpc/SetStoreUpdateService                                                                               
3170   /System/Library/PrivateFrameworks/TrialServer.framework/XPCServices/TrialArchivingService.xpc/TrialArchivingService                                                                               
3171   /usr/libexec/nesessionmanager                                                                                                                                                                     
3172   /System/Library/PrivateFrameworks/MessagesBlastDoorSupport.framework/XPCServices/MessagesBlastDoorService.xpc/MessagesBlastDoorService                                                            
3173   /System/Library/PrivateFrameworks/MobileAccessoryUpdater.framework/XPCServices/UARPUpdaterServiceHID.xpc/UARPUpdaterServiceHID                                                                    
3174   /System/Library/PrivateFrameworks/MobileAccessoryUpdater.framework/XPCServices/UARPUpdaterServiceUSBPD.xpc/UARPUpdaterServiceUSBPD                                                                
3175   /System/Library/PrivateFrameworks/MobileAccessoryUpdater.framework/XPCServices/UARPUpdaterServiceLegacyAudio.xpc/UARPUpdaterServiceLegacyAudio                                                    
3176   /System/Library/PrivateFrameworks/MobileAccessoryUpdater.framework/XPCServices/UARPUpdaterServiceAFU.xpc/UARPUpdaterServiceAFU                                                                    
3177   /System/Library/PrivateFrameworks/AssistantServices.framework/assistant_service                                                                                                                   
3178   /usr/libexec/hybridsearchd                                                                                                                                                                        
3179   /System/Library/PrivateFrameworks/AppIntentsLiveEntitySupport.framework/XPCServices/AppIntentsLiveEntityService.xpc/AppIntentsLiveEntityService                                                   
3180   /System/Library/PrivateFrameworks/CascadeSets.framework/XPCServices/SetStoreUpdateService.xpc/SetStoreUpdateService                                                                               
3181   /usr/libexec/mediaplaybackd                                                                                                                                                                       
3182   /usr/libexec/mediaparserd                                                                                                                                                                         
3184   /System/Library/PrivateFrameworks/FindMyDevice.framework/XPCServices/FindMyDeviceSharedConfigurationXPCService.xpc/FindMyDeviceSharedConfigurationXPCService                                      
3187   /private/var/containers/Bundle/Application/4C539959-BE2E-4F07-AE58-C583EBB9DBE6/Health.app/PlugIns/HealthBalanceWidgetExtension.appex/HealthBalanceWidgetExtension                                
3188   /System/Library/PrivateFrameworks/MobileSoftwareUpdate.framework/XPCServices/com.apple.MobileSoftwareUpdate.CleanupPreparePathService.xpc/com.apple.MobileSoftwareUpdate.CleanupPreparePathService
3189   /private/var/containers/Bundle/Application/18901BBE-4EAE-4AC1-BFDF-44DEF008E2BA/Dominguez.app/PlugIns/WidgetExtension.appex/WidgetExtension                                                       
3190   /System/Library/PrivateFrameworks/FileIndexerDaemon.framework/Support/fileindexerd                                                                                                                
3191   /System/Library/PrivateFrameworks/WeatherDaemon.framework/weatherd                                                                                                                                
3192   /usr/libexec/mmaintenanced                                                                                                                                                                        
3194   /System/Library/PrivateFrameworks/JetCore.framework/Support/jetpackassetd                                                                                                                         
3195   /System/Library/PrivateFrameworks/IntelligencePlatformCompute.framework/XPCServices/IntelligencePlatformComputeService.xpc/IntelligencePlatformComputeService                                     
3196   /System/Library/PrivateFrameworks/BookLibraryCore.framework/Support/bookassetd                                                                                                                    
3197   /System/Library/PrivateFrameworks/CascadeSets.framework/XPCServices/SetStoreUpdateService.xpc/SetStoreUpdateService                                                                               
3198   /System/Library/PrivateFrameworks/CascadeSets.framework/XPCServices/SetStoreUpdateService.xpc/SetStoreUpdateService                                                                               
3199   /System/Library/PrivateFrameworks/HomeKitEvents.framework/Support/homeeventsd                                                                                                                     
3200   /System/Library/PrivateFrameworks/ActionPredictionHeuristics.framework/XPCServices/HeuristicInterpreter.xpc/HeuristicInterpreter                                                                  
3204   /private/var/containers/Bundle/Application/D48EB747-CDA8-4FAF-AE22-D8823B9B402B/MyApp.app/MyApp                                                                                                   
3205   /System/Library/PrivateFrameworks/CascadeSets.framework/XPCServices/SetStoreUpdateService.xpc/SetStoreUpdateService                                                                               
3206   /private/var/containers/Bundle/Application/A09B4AFA-69BC-4E9A-A485-AFACC198A860/Zone2.app/Zone2                                                                                                   
3207   /private/var/containers/Bundle/Application/BC2F7ED3-D4AE-4A02-99F6-05E42DB8CB77/Plex.app/Plex                                                                                                     
3208   /System/Library/PrivateFrameworks/CoreAnalytics.framework/Support/analyticsagent                                                                                                                  
3209   /System/Library/PrivateFrameworks/UARPAssetManager.framework/XPCServices/UARPAssetManagerServiceMobileAsset.xpc/UARPAssetManagerServiceMobileAsset                                                
3210   /System/Library/PrivateFrameworks/CloudServices.framework/Helpers/com.apple.sbd                                                                                                                   
3211   /System/Library/PrivateFrameworks/ClassroomKit.framework/XPCServices/ScreenshotService.xpc/ScreenshotService                                                                                      
3214   /usr/libexec/videosubscriptionsd                                                                                                                                                                  
3219   /private/preboot/Cryptexes/App/usr/libexec/guidedbrowsingd                                                                                                                                        
3220   /usr/libexec/tailspind                                                                                                                                                                            
3222   /usr/libexec/betaenrollmentd                                                                                                                                                                      
3223   /usr/libexec/adprivacyd                                                                                                                                                                           
3224   /System/Library/PrivateFrameworks/CacheDelete.framework/deleted_helper                                                                                                                            
3225   /usr/libexec/diagnosticextensionsd                                                                                                                                                                
3226   /System/Library/PrivateFrameworks/SiriInference.framework/Support/siriinferenced                                                                                                                  
3227   /System/Library/PrivateFrameworks/LockdownMode.framework/lockdownmoded                                                                                                                            
3228   /usr/libexec/icloudmailagent                                                                                                                                                                      
3229   /System/Library/Frameworks/PassKit.framework/PlugIns/PassKitSpotlightIndexExtension.appex/PassKitSpotlightIndexExtension                                                                          
3230   /usr/sbin/absd                                                                                                                                                                                    
3231   /System/Library/PrivateFrameworks/IDSBlastDoorSupport.framework/XPCServices/IDSBlastDoorService.xpc/IDSBlastDoorService                                                                           
3232   /System/Library/PrivateFrameworks/iCloudDriveCore.framework/bird                                                                                                                                  
3233   /System/Library/PrivateFrameworks/TextToSpeechVoiceBankingSupport.framework/Support/voicebankingd                                                                                                 
3234   /usr/libexec/visioncompaniond                                                                                                                                                                     
3235   /System/Library/Frameworks/ClassKit.framework/progressd                                                                                                                                           
3236   /System/Library/PrivateFrameworks/CloudDocs.framework/PlugIns/com.apple.CloudDocs.iCloudDriveFileProvider.appex/com.apple.CloudDocs.iCloudDriveFileProvider                                       
3237   /System/Library/PrivateFrameworks/CascadeSets.framework/XPCServices/SetStoreUpdateService.xpc/SetStoreUpdateService                                                                               
3238   /System/Library/PrivateFrameworks/iCloudDriveService.framework/XPCServices/ContainerMetadataExtractor.xpc/ContainerMetadataExtractor                                                              
3239   /usr/libexec/OTATaskingAgent                                                                                                                                                                      
3241   /usr/libexec/fpassetmanagerd                                                                                                                                                                      
3242   /System/Library/CoreServices/CacheDeleteAppContainerCaches                                                                                                                                        
3243   /usr/libexec/replayd                                                                                                                                                                              
3244   /System/Library/Frameworks/QuickLookThumbnailing.framework/Support/com.apple.quicklook.ThumbnailsAgent                                                                                            
3245   /System/Library/TextInput/kbd                                                                                                                                                                     
3246   /System/Library/PrivateFrameworks/MobileBackup.framework/MobileBackupCacheDeleteService                                                                                                           
3247   /System/Library/PrivateFrameworks/SiriSuggestionsSupport.framework/XPCServices/SiriSuggestionsBookkeepingService.xpc/SiriSuggestionsBookkeepingService                                            
3249   /System/Library/ExtensionKit/Extensions/PCCAgentClientExtension.appex/PCCAgentClientExtension                                                                                                     
3250   /private/var/containers/Bundle/Application/C6B9CF78-2C01-4AC6-8D29-6F321FA9F06D/MobilePhone.app/Extensions/PhoneFocus.appex/PhoneFocus                                                            
3251   /private/var/containers/Bundle/Application/E4FCD190-9B4B-46B5-BC58-D9A42EC2ACC0/MobileMail.app/Extensions/MailShortcutsExtension.appex/MailShortcutsExtension                                     
3252   /private/var/containers/Bundle/Application/6FD59F5A-88C5-4802-85E7-8432FB070302/MobileCal.app/Extensions/CalendarIntentsExtension.appex/CalendarIntentsExtension                                  
3253   /private/var/containers/Bundle/Application/AC1E2AE9-6F08-41D1-A14C-B24270902B8E/MobileSafari.app/Extensions/SafariLinkExtension.appex/SafariLinkExtension                                         
3254   /private/var/containers/Bundle/Application/8F85BE3F-E1C1-4CA9-8B92-2D2A16F9A77B/Music.app/Extensions/MusicFocusFilters.appex/MusicFocusFilters                                                    
3255   /private/var/containers/Bundle/Application/EE573EC4-277A-474D-B417-78EF8085EC36/MobileSMS.app/Extensions/MessagesActionExtension.appex/MessagesActionExtension                                    
3256   /private/var/containers/Bundle/Application/6FD59F5A-88C5-4802-85E7-8432FB070302/MobileCal.app/MobileCal                                                                                           
3257   /System/Library/PrivateFrameworks/CascadeSets.framework/XPCServices/SetStoreUpdateService.xpc/SetStoreUpdateService                                                                               
3260   /usr/libexec/NANDTaskScheduler                                                                                                                                                                    
3261   /System/Library/PrivateFrameworks/CoreEmbeddedSpeechRecognition.framework/XPCServices/com.apple.siri.embeddedspeech.xpc/com.apple.siri.embeddedspeech                                             
3262   /System/Library/PrivateFrameworks/DictionaryServices.framework/XPCServices/com.apple.DictionaryServiceHelper.xpc/com.apple.DictionaryServiceHelper                                                
3263   /System/Library/PrivateFrameworks/IMDPersistence.framework/IMAutomaticHistoryDeletionAgent.app/IMAutomaticHistoryDeletionAgent                                                                    
3264   /System/Library/PrivateFrameworks/MobileAccessoryUpdater.framework/XPCServices/EAUpdaterService.xpc/EAUpdaterService                                                                              
3267   /usr/libexec/textcontextd                                                                                                                                                                         
3268   /System/Library/PrivateFrameworks/CascadeSets.framework/XPCServices/SetStoreUpdateService.xpc/SetStoreUpdateService                                                                               
3269   /usr/libexec/tipsd                                                                                                                                                                                
3270   /System/Library/PrivateFrameworks/DataAccess.framework/Support/dataaccessd                                                                                                                        
3271   /private/preboot/Cryptexes/App/usr/libexec/SafariBookmarksSyncAgent                                                                                                                               
3274   /System/Library/PrivateFrameworks/CKSharingManagementDaemon.framework/Support/cksharingmanagementd                                                                                                
3275   /usr/libexec/devicesharingd                                                                                                                                                                       
3276   /usr/libexec/managedassetsd                                                                                                                                                                       
3277   /usr/libexec/metrickitd                                                                                                                                                                           
3278   /usr/libexec/NRDUpdated                                                                                                                                                                           
3280   /System/Library/PrivateFrameworks/RemoteManagement.framework/remotemanagementd                                                                                                                    
3281   /System/Library/PrivateFrameworks/FinHealth.framework/finhealthd                                                                                                                                  
3283   /System/Library/CoreServices/CacheDeleteDaily                                                                                                                                                     
3284   /System/Library/PrivateFrameworks/EcosystemAnalytics.framework/Support/ecosystemanalyticsd                                                                                                        
3286   /System/Library/PrivateFrameworks/CascadeSets.framework/XPCServices/SetStoreUpdateService.xpc/SetStoreUpdateService                                                                               
3287   /private/preboot/Cryptexes/OS/System/Library/PrivateFrameworks/SafariFoundation.framework/XPCServices/SafariConfigurationSubscriber.xpc/SafariConfigurationSubscriber                             
3288   /System/Library/PrivateFrameworks/RemoteManagement.framework/XPCServices/PasscodeSettingsSubscriber.xpc/PasscodeSettingsSubscriber                                                                
3289   /System/Library/PrivateFrameworks/RemoteManagement.framework/XPCServices/ManagedAppsSubscriber.xpc/ManagedAppsSubscriber                                                                          
3290   /System/Library/PrivateFrameworks/RemoteManagement.framework/XPCServices/ManagementTestSubscriber.xpc/ManagementTestSubscriber                                                                    
3291   /System/Library/PrivateFrameworks/RemoteManagement.framework/XPCServices/InteractiveLegacyProfilesSubscriber.xpc/InteractiveLegacyProfilesSubscriber                                              
3292   /System/Library/PrivateFrameworks/RemoteManagement.framework/XPCServices/NetworkExtensionSubscriber.xpc/NetworkExtensionSubscriber                                                                
3293   /System/Library/PrivateFrameworks/RemoteManagement.framework/XPCServices/AccountSubscriber.xpc/AccountSubscriber                                                                                  
3294   /System/Library/PrivateFrameworks/RemoteManagement.framework/XPCServices/SecuritySubscriber.xpc/SecuritySubscriber                                                                                
3295   /System/Library/PrivateFrameworks/RemoteManagement.framework/XPCServices/WatchEnrollmentSubscriber.xpc/WatchEnrollmentSubscriber                                                                  
3296   /System/Library/PrivateFrameworks/RemoteManagement.framework/XPCServices/SoftwareUpdateSubscriber.xpc/SoftwareUpdateSubscriber                                                                    
3297   /System/Library/PrivateFrameworks/SoftwareUpdateServices.framework/Support/softwareupdateservicesd                                                                                                
3298   /System/Library/ExtensionKit/Extensions/TGOnDeviceInferenceProviderService.appex/TGOnDeviceInferenceProviderService                                                                               
3299   /System/Library/PrivateFrameworks/RemoteManagement.framework/XPCServices/ManagedSettingsSubscriber.xpc/ManagedSettingsSubscriber                                                                  
3302   /System/Library/PrivateFrameworks/RemoteManagement.framework/XPCServices/ASConfigurationSubscriber.xpc/ASConfigurationSubscriber                                                                  
3303   /System/Library/PrivateFrameworks/RemoteManagement.framework/XPCServices/ExtensibleSSOSubscriber.xpc/ExtensibleSSOSubscriber                                                                      
3306   /System/Library/PrivateFrameworks/RemoteManagement.framework/XPCServices/DeviceConfigurationSubscriber.xpc/DeviceConfigurationSubscriber                                                          
3309   /System/Library/PrivateFrameworks/RemoteManagement.framework/XPCServices/LegacyProfilesSubscriber.xpc/LegacyProfilesSubscriber                                                                    
3310   /usr/libexec/online-auth-agent                                                                                                                                                                    
3311   /System/Library/PrivateFrameworks/ClipServices.framework/clipserviced                                                                                                                             
3312   /System/Library/PrivateFrameworks/CallHistory.framework/Support/CallHistorySyncHelper                                                                                                             
3313   /System/Library/Frameworks/AdAttributionKit.framework/Support/attributionkitd                                                                                                                     
3314   /usr/libexec/mlhostd                                                                                                                                                                              
3318   /usr/libexec/momentslited                                                                                                                                                                         
3319   /Applications/MomentsUIService.app/MomentsUIService                                                                                                                                               
3321   /usr/libexec/ASPCarryLog                                                                                                                                                                          
3325   /System/Library/PrivateFrameworks/SiriAnalytics.framework/XPCServices/SAExtensionOrchestrator.xpc/SAExtensionOrchestrator                                                                         
3326   /System/Library/ExtensionKit/Extensions/BiomeSELFIngestor.appex/BiomeSELFIngestor                                                                                                                 
3327   /System/Library/ExtensionKit/Extensions/AppleIntelligenceReportingSELFIngestor.appex/AppleIntelligenceReportingSELFIngestor                                                                       
3328   /System/Library/ExtensionKit/Extensions/IFTelemetrySELFIngestor.appex/IFTelemetrySELFIngestor                                                                                                     
3329   /System/Library/ExtensionKit/Extensions/LLMCacheSELFIngestor.appex/LLMCacheSELFIngestor                                                                                                           
3330   /System/Library/ExtensionKit/Extensions/GMSSELFIngestor.appex/GMSSELFIngestor                                                                                                                     
3331   /System/Library/ExtensionKit/Extensions/IFTranscriptSELFIngestor.appex/IFTranscriptSELFIngestor                                                                                                   
3335   /usr/libexec/powerdatad                                                                                                                                                                           
3336   /System/Library/PrivateFrameworks/NearFieldPrivateServices.framework/XPCServices/NFReportingService.xpc/NFReportingService                                                                        
3337   /System/Library/PrivateFrameworks/UsageTracking.framework/UsageTrackingAgent                                                                                                                      
3338   /System/Library/PrivateFrameworks/Categories.framework/XPCServices/CategoriesService.xpc/CategoriesService                                                                                        
3342   /usr/libexec/seputil                                                                                                                                                                              
3353   /usr/libexec/ciphermld                                                                                                                                                                            
3354   /System/Library/PrivateFrameworks/PrivateCloudCompute.framework/privatecloudcomputed.app/privatecloudcomputed                                                                                     
3366   /System/Library/PrivateFrameworks/IntelligencePlatformCore.framework/intelligenceplatformd                                                                                                        
3378   /System/Library/PrivateFrameworks/SuggestedImage.framework/Support/imageplaygroundd                                                                                                               
3379   /System/Library/PrivateFrameworks/Stickers.framework/Support/stickersd                                                                                                                            
3380   /Applications/ImagePlaygroundPosterApp.app/Extensions/ImagePlaygroundPosterExtension.appex/ImagePlaygroundPosterExtension                                                                         
3381   /usr/libexec/videocodecd                                                                                                                                                                          
3382   /System/Library/ExtensionKit/Extensions/TGOnDeviceInferenceProviderService.appex/TGOnDeviceInferenceProviderService                                                                               
3383   /usr/libexec/dprivacyd                                                                                                                                                                            
3391   /usr/libexec/backgroundassets.user                                                                                                                                                                
3394   /System/Library/PrivateFrameworks/BusinessChatService.framework/businessservicesd                                                                                                                 
3396   /System/Library/PrivateFrameworks/MessagesBlastDoorSupport.framework/XPCServices/MessagesBlastDoorService.xpc/MessagesBlastDoorService                                                            
3407   /usr/libexec/crash_mover                                                                                                                                                                          
3409   /usr/libexec/feedbackd                                                                                                                                                                            
3421   /System/Library/PrivateFrameworks/MapsSupport.framework/geocorrectiond                                                                                                                            
3442   /System/Library/PrivateFrameworks/NewsDaemon.framework/newsd                                                                                                                                      
3443   /System/Library/PrivateFrameworks/NewsUI2.framework/XPCServices/TodayFeedConfigDecoder.xpc/TodayFeedConfigDecoder                                                                                 
3444   /System/Library/PrivateFrameworks/NewsUI2.framework/XPCServices/NewsScoringService.xpc/NewsScoringService                                                                                         
3445   /System/Library/PrivateFrameworks/NewsDaemon.framework/XPCServices/ANFDecoder.xpc/ANFDecoder                                                                                                      
3462   /System/Library/PrivateFrameworks/FindMyDevice.framework/XPCServices/FindMyDeviceBTDiscoveryXPCService.xpc/FindMyDeviceBTDiscoveryXPCService                                                      
3482   /System/Library/PrivateFrameworks/FaceTimeMessageStore.framework/facetimemessagestored                                                                                                            
3483   /usr/libexec/griddatad                                                                                                                                                                            
3484   /System/Library/PrivateFrameworks/CoreEmbeddedSpeechRecognition.framework/XPCServices/com.apple.siri.embeddedspeech.xpc/com.apple.siri.embeddedspeech                                             
3486   /System/Library/PrivateFrameworks/HealthRecordServices.framework/healthrecordsd                                                                                                                   
3487   /System/Library/PrivateFrameworks/UARPAssetManager.framework/XPCServices/UARPAssetManagerServiceiCloud.xpc/UARPAssetManagerServiceiCloud                                                          
3488   /System/Library/PrivateFrameworks/ProfileValidatedAppIdentity.framework/XPCServices/ProfileValidatedAppIdentityService.xpc/ProfileValidatedAppIdentityService                                     
3489   /usr/libexec/MTLAssetUpgraderD                                                                                                                                                                    
3490   /System/Library/PrivateFrameworks/GenerationalStorage.framework/revisiond                                                                                                                         
3491   /usr/libexec/sysdiagnosed                                                                                                                                                                         
3494   /usr/libexec/keychainsharingmessagingd                                                                                                                                                            
3496   /usr/libexec/proactiveeventtrackerd                                                                                                                                                               
3498   /usr/libexec/tzd                                                                                                                                                                                  
3499   /System/Library/PrivateFrameworks/AppleNeuralEngine.framework/XPCServices/ANEStorageMaintainer.xpc/ANEStorageMaintainer                                                                           
3500   /System/Library/Frameworks/CallKit.framework/XPCServices/com.apple.CallKit.CallDirectory.xpc/com.apple.CallKit.CallDirectory                                                                      
3501   /System/Library/PrivateFrameworks/MessagesBlastDoorSupport.framework/XPCServices/MessagesBlastDoorService.xpc/MessagesBlastDoorService                                                            
3502   /System/Library/PrivateFrameworks/CascadeSets.framework/XPCServices/SetStoreUpdateService.xpc/SetStoreUpdateService                                                                               
3503   /System/Library/PrivateFrameworks/SiriPrivateLearningAnalytics.framework/PlugIns/SiriUserFeedbackLearningPlatformPlugin.appex/SiriUserFeedbackLearningPlatformPlugin                              
3509   /usr/libexec/lskdd                                                                                                                                                                                
3511   /System/Library/CoreServices/EscrowSecurityAlert.app/EscrowSecurityAlert                                                                                                                          
3513   /System/Library/PrivateFrameworks/DifferentialPrivacy.framework/XPCServices/DPSubmissionService.xpc/DPSubmissionService                                                                           
3524   /usr/libexec/asktod                                                                                                                                                                               
3526   /System/Library/PrivateFrameworks/MessagesBlastDoorSupport.framework/XPCServices/UnknownSendersBlastDoorService.xpc/UnknownSendersBlastDoorService                                                
3527   /System/Library/PrivateFrameworks/MessagesBlastDoorSupport.framework/XPCServices/MessagesBlastDoorService.xpc/MessagesBlastDoorService                                                            
3529   /System/Library/PrivateFrameworks/IMTranscoding.framework/XPCServices/IMTranscoderAgent.xpc/IMTranscoderAgent                                                                                     
3530   /System/Library/PrivateFrameworks/MessagesBlastDoorSupport.framework/XPCServices/UnknownSendersBlastDoorService.xpc/UnknownSendersBlastDoorService                                                
3531   /System/Library/PrivateFrameworks/MessagesBlastDoorSupport.framework/XPCServices/MessagesBlastDoorService.xpc/MessagesBlastDoorService                                                            
3532   /System/Library/PrivateFrameworks/CascadeSets.framework/XPCServices/SetStoreUpdateService.xpc/SetStoreUpdateService                                                                               
3535   /usr/libexec/deferredmediad                                                                                                                                                                       
3536   /usr/libexec/mlruntimed                                                                                                                                                                           
3557   /System/Library/ExtensionKit/Extensions/AskToExtension.appex/AskToExtension                                                                                                                       
3560   /System/Library/PrivateFrameworks/CloudKitDaemon.framework/Support/ckdiscretionaryd                                                                                                               
3580   /System/Library/Frameworks/Metal.framework/XPCServices/MTLCompilerService.xpc/MTLCompilerService                                                                                                  
3584   /usr/libexec/asd                                                                                                                                                                                  
3590   /private/var/containers/Bundle/Application/EE573EC4-277A-474D-B417-78EF8085EC36/MobileSMS.app/PlugIns/MessagesAssistantExtension.appex/MessagesAssistantExtension                                 
3592   /usr/libexec/textcomposerd                                                                                                                                                                        
3593   /System/Library/ExtensionKit/Extensions/GenerativeExperiencesSafetyInferenceProvider.appex/GenerativeExperiencesSafetyInferenceProvider                                                           
3598   /System/Library/CoreServices/ReportSystemMemory                                                                                                                                                   
3608   /System/Library/PrivateFrameworks/People.framework/peopled                                                                                                                                        
3629   /System/Library/PrivateFrameworks/MediaConversionService.framework/XPCServices/com.apple.photos.ImageConversionService.xpc/com.apple.photos.ImageConversionService                                
3630   /System/Library/PrivateFrameworks/MessagesBlastDoorSupport.framework/XPCServices/HubbleBlastDoorService.xpc/HubbleBlastDoorService                                                                
3631   /System/Library/PrivateFrameworks/ManagedBackgroundAssets.framework/XPCServices/Managed Background Assets Helper Service.xpc/Managed Background Assets Helper Service                             
3728   /System/Library/Frameworks/MusicKit.framework/Support/musicd                                                                                                                                      
3729   /System/Library/PrivateFrameworks/IntelligenceTasksEngine.framework/Support/intelligencetasksd                                                                                                    
3730   /System/Library/PrivateFrameworks/CascadeSets.framework/XPCServices/SetStoreUpdateService.xpc/SetStoreUpdateService                                                                               
3731   /usr/libexec/dbtelemetryd                                                                                                                                                                         
3732   /System/Library/PrivateFrameworks/AppleAccountTransparency.framework/appleaccounttransparencyd                                                                                                    
3736   /System/Library/PrivateFrameworks/AppleIntelligenceReportingProcessing.framework/XPCServices/AppleIntelligenceReportingProcessingService.xpc/AppleIntelligenceReportingProcessingService          
3739   /System/Library/PrivateFrameworks/AppInstallationMetrics.framework/Support/appinstallationmetricsd                                                                                                
3740   /usr/libexec/ValidUpdater                                                                                                                                                                         
3741   /usr/libexec/coreidvd                                                                                                                                                                             
3743   /System/Library/PrivateFrameworks/CascadeSets.framework/XPCServices/SetStoreUpdateService.xpc/SetStoreUpdateService                                                                               
3749   /System/Library/PrivateFrameworks/CameraUI.framework/Support/nebulad                                                                                                                              
3768   /usr/libexec/photosfaced                                                                                                                                                                          
3769   /System/Library/PrivateFrameworks/PromotedContentJetSupport.framework/XPCServices/PromotedContentJetService.xpc/PromotedContentJetService                                                         
3770   /System/Library/PrivateFrameworks/CascadeSets.framework/XPCServices/SetStoreUpdateService.xpc/SetStoreUpdateService                                                                               
3772   /System/Library/PrivateFrameworks/FileProviderDaemon.framework/XPCServices/FPCKService.xpc/FPCKService                                                                                            
3779   /usr/libexec/inputanalyticsd                                                                                                                                                                      
3782   /Applications/DockFolderViewService.app/DockFolderViewService                                                                                                                                     
3783   /Applications/Spotlight.app/Spotlight                                                                                                                                                             
3785   /Applications/WidgetRenderer_Default.app/WidgetRenderer_Default                                                                                                                                   
3786   /System/Library/PrivateFrameworks/CascadeSets.framework/XPCServices/SetStoreUpdateService.xpc/SetStoreUpdateService                                                                               
3787   /usr/libexec/handwritingd                                                                                                                                                                         
3788   /System/Library/Frameworks/Metal.framework/XPCServices/MTLCompilerService.xpc/MTLCompilerService                                                                                                  
3789   /private/var/db/com.apple.xpc.roleaccountd.staging/exec/16777222.5015504.xpc/com.apple.NRD.UpdateBrainService                                                                                     
3790   /usr/libexec/xpcroleaccountd                                                                                                                                                                      
3791   /usr/libexec/momentsd                                                                                                                                                                             
3792   /System/Library/PrivateFrameworks/ServicesIntelligence.framework/servicesintelligenced                                                                                                            
3793   /System/Library/PrivateFrameworks/HealthPluginHost.framework/healthappd                                                                                                                           
3794   /System/Library/PrivateFrameworks/EyeRelief.framework/Resources/eyereliefd                                                                                                                        
3796   /System/Library/PrivateFrameworks/CascadeSets.framework/XPCServices/SetStoreUpdateService.xpc/SetStoreUpdateService                                                                               
3797   /System/Library/PrivateFrameworks/HealthAlgorithms.framework/XPCServices/DayStreamProcessorService.xpc/DayStreamProcessorService                                                                  
3798   /System/Library/PrivateFrameworks/HealthAlgorithms.framework/XPCServices/HistoricalAnalyzerService.xpc/HistoricalAnalyzerService                                                                  
3799   /private/preboot/Cryptexes/App/usr/libexec/passwordbreachd                                                                                                                                        
3800   /private/var/containers/Bundle/Application/4C539959-BE2E-4F07-AE58-C583EBB9DBE6/Health.app/PlugIns/HealthCycleTrackingWidgetExtension.appex/HealthCycleTrackingWidgetExtension                    
3801   /usr/libexec/idcredd                                                                                                                                                                              
3805   /Applications/Preferences.app/Preferences                                                                                                                                                         
3808   /System/Library/Frameworks/CoreSpotlight.framework/PlugIns/CoreSpotlightTextImporter.appex/CoreSpotlightTextImporter                                                                              
3817   /usr/libexec/notification_proxy                                                                                                                                                                   
3819   /System/Developer/usr/libexec/dtdeviceinfod                                                                                                                                                       
3820   /usr/libexec/mobile_assertion_agent                                                                                                                                                               
3821   /usr/libexec/mobile_storage_proxy                                                                                                                                                                 
3831   /System/Developer/usr/libexec/dtappserviced                                                                                                                                                       
3836   /System/Library/Frameworks/AssetsLibrary.framework/Support/assetsd                                                                                                                                
3851   /System/Library/PrivateFrameworks/InstallCoordination.framework/Support/installcoordination_proxy                                                                                                 
3852   /System/Library/PrivateFrameworks/StreamingZip.framework/XPCServices/com.apple.StreamingUnzipService.xpc/com.apple.StreamingUnzipService                                                          
3853   /System/Library/Frameworks/StoreKit.framework/Support/storekitd                                                                                                                                   
3857   /System/Developer/usr/libexec/dtfileserviced                                                                                                                                                      
3858   /System/Developer/usr/libexec/dtfilesandboxd                                                                                                                                                      
3861   /private/var/containers/Bundle/Application/ACB0EED6-4937-4C6D-88E9-CCEB95C2CAA7/MF1Probe.app/MF1Probe                                                                                             
3883   /System/Library/PrivateFrameworks/WebPrivacy.framework/webprivacyd                                                                                                                                
3898   /System/Library/PrivateFrameworks/CascadeSets.framework/XPCServices/SetStoreUpdateService.xpc/SetStoreUpdateService                                                                               
3917   /usr/libexec/splashboardd                                                                                                                                                                         
3921   /private/var/containers/Bundle/Application/5F6A4398-1EDE-449D-92D4-085ADD16AE52/SSXNative.app/SSXNative                                                                                           
3947   /usr/libexec/announced                                                                                                                                                                            
3948   /usr/libexec/FSTaskScheduler                                                                                                                                                                      
3954   /System/Library/PrivateFrameworks/DASDelegate.framework/XPCServices/DASDelegateService.xpc/DASDelegateService                                                                                     
3962   /System/Library/Frameworks/ShazamKit.framework/shazamd                                                                                                                                            
3997   /System/Library/Frameworks/CoreSpotlight.framework/spotlightknowledged                                                                                                                            
4015   /private/var/containers/Bundle/Application/105E1E02-E832-4131-9A6A-B83E6AE225AE/Tips.app/PlugIns/TipsSpotlightIndex.appex/TipsSpotlightIndex                                                      
4041   /System/Library/Frameworks/Intents.framework/XPCServices/intents_helper.xpc/intents_helper                                                                                                        
4042   /System/Library/Frameworks/Intents.framework/XPCServices/intents_helper.xpc/intents_helper                                                                                                        
4047   /usr/libexec/microstackshot                                                                                                                                                                       
4078   /usr/libexec/gamecontrollerd                                                                                                                                                                      
4079   /System/Developer/usr/libexec/dtscreencaptured                                                                                                                                                    
4100   /usr/libexec/merchantd                                                                                                                                                                            
4106   /usr/libexec/wifivelocityd                                                                                                                                                                        
4108   /usr/libexec/remindd                                                                                                                                                                              
4147   /System/Library/PrivateFrameworks/HomeEnergyDaemon.framework/Support/homeenergyd                                                                                                                  
4152   /System/Library/PrivateFrameworks/AvatarPersistence.framework/Support/avatarsd                                                                                                                    
4157   /System/Library/PrivateFrameworks/ContactsDonation.framework/Versions/A/Support/contactsdonationagent                                                                                             
4218   /System/Library/ExtensionKit/Extensions/AlchemistInferenceProvider.appex/AlchemistInferenceProvider                                                                                               
4220   /private/preboot/Cryptexes/App/usr/libexec/AuthenticationServicesAgent                                                                                                                            
4338   /usr/libexec/symptomsd-helper                                                                                                                                                                     
4346   /System/Library/PrivateFrameworks/CoreParsec.framework/parsec-fbf                                                                                                                                 
4349   /System/Library/PrivateFrameworks/IMTransferServices.framework/IMTransferAgent.app/IMTransferAgent                                                                                                
4357   /System/Library/PrivateFrameworks/IntelligencePlatformCore.framework/knowledgeconstructiond                                                                                                       
4358   /System/Library/PrivateFrameworks/CascadeSets.framework/XPCServices/SetStoreUpdateService.xpc/SetStoreUpdateService                                                                               
4359   /System/Library/PrivateFrameworks/CascadeSets.framework/XPCServices/SetStoreUpdateService.xpc/SetStoreUpdateService                                                                               
4365   /private/var/containers/Bundle/Application/33603E5F-978B-4D3D-A06B-6270872BC82A/ps2EntryRunner.app/ps2EntryRunner                                                                                 
4377   /usr/libexec/biomesyncd                                                                                                                                                                           
4379   /System/Library/PrivateFrameworks/MessagesBlastDoorSupport.framework/XPCServices/UnknownSendersBlastDoorService.xpc/UnknownSendersBlastDoorService                                                
4380   /System/Library/PrivateFrameworks/MessagesBlastDoorSupport.framework/XPCServices/MessagesBlastDoorService.xpc/MessagesBlastDoorService                                                            
