POLL t=10.3 tick=361
8333333
409304249132608	409304264671669	409304249419899
409304277547451	409304289325055	409304277836826
409304277774326	409304297543336	409304277851462
409304305929951	409304322198649	409304306181358
409304334725368	409304346851982	409304335032608
409304335004326	409304355070523	409304335094170
409304362980212	409304379728337	409304363243389
409304390524482	409304404382242	409304390829899
409304390761514	409304412600836	409304390836201
409304419534899	409304437256617	409304419918076
409304446998389	409304461914795	409304447289274
409304447196305	409304470133493	409304447293337
409304476171826	409304486571669	409304476472139
409304505480368	409304519444430	409304505785837
409304505688389	409304527662815	409304505789951
409304533588076	409304544099014	409304533872607
409304562564639	409304576970211	409304562944951
409304562863024	409304585190471	409304562949274
409304591544482	409304609847711	409304591817399
409304620779587	409304634507711	409304621206826
409304621050889	409304642727451	409304621215107
409304651179795	409304667385576	409304651452607
409304678680576	409304692038545	409304678997295
409304678926982	409304700257242	409304679001982
409304708288857	409304724912867	409304708565368
409304739395889	409304749565107	409304739720212
409304739573232	409304757783128	409304739725680
409304768432295	409304782435107	409304768703076
409304797274014	409304815306982	409304797577607
409304797511357	409304823524430	409304797591670
409304826005889	409304839962450	409304826391982
409304855516305	409304872841618	409304855795836
409304855824482	409304881059377	409304855948389
409304883411670	409304897496096	409304883689795
409304912093961	409304922148804	409304912306149
409304912379014	409304930366200	409304912468232
409304941141930	409304955026773	409304941507451
409304968982764	409304979691304	409304969275993
409304969162139	409304987911982	409304969280889
409304997783076	409305012573649	409304998085264
409305026720524	409305037234065	409305027131045
409305026914482	409305045453023	409305027134170
409305055023805	409305070110159	409305055305732
409305084914482	409305102988805	409305085174430
409305085231826	409305111208388	409305085325836
409305113985888	409305127647919	409305114275107
409305142198545	409305152307138	409305142489170
409305142524743	409305160527555	409305142586201
409305172099951	409305185184013	409305172393805
409305199759899	409305209844795	409305200092399
409305199959743	409305218064951	409305200096149
409305229420263	409305242724638	409305229709326
409305257954638	409305275607034	409305258264013
409305258197555	409305283826825	409305258267086
409305285655732	409305300267867	409305285961982
409305315141930	409305333145471	409305315427711
409305315400107	409305341365367	409305315503649
409305343324274	409305357804638	409305343612868
409305372930732	409305390679847	409305373191826
409305373221045	409305398898701	409305373324326
409305402648388	409305415335993	409305402930211
409305433366201	409305448204377	409305433633076
409305433610211	409305456422242	409305433702138
409305462911201	409305481073700	409305463171670
409305492146982	409305505724742	409305492404482
409305492460576	409305513941878	409305492559274
409305520331201	409305530375524	409305520626774
409305549082763	409305563238700	409305549389013
409305549322138	409305571452919	409305549393545
409305578069274	409305596100158	409305578366513
409305606095107	409305620750367	409305606403232
409305606336982	409305628967659	409305606410576
409305635721357	409305653614794	409305636003701
409305665140888	409305678264064	409305665338180
409305665461461	409305686481564	409305665584430
409305695694430	409305711135003	409305695986826
409305724549638	409305735789846	409305724846669
409305724793492	409305744008648	409305724889794
409305755049638	409305768661877	409305755337086
409305787355055	409305801533544	409305787647451
409305787592086	409305809751773	409305787648076
409305816760419	409305834402762	409305817037086
409305845690263	409305859058076	409305845974482
409305845978857	409305867277034	409305846054169
409305875424586	409305891930523	409305875713336
409305903890576	409305916581096	409305904166305
409305904182919	409305924798023	409305904316305
409305933302294	409305949455992	409305933586774
409305962115732	409305974111409	409305962434326
409305962351513	409305982331200	409305962438232
409305991798544	409306006985471	409305992134326
409306021367399	409306031640210	409306021672711
409306021609326	409306039859377	409306021676513
409306052060680	409306064514742	409306052333857
409306082927242	409306097393179	409306083197867
409306083198544	409306105611981	409306083292867
409306113597242	409306130266720	409306113895524
409306143590888	409306154921773	409306143896826
409306143870263	409306163140211	409306143968232
409306174417711	409306187794638	409306174684013
409306205343961	409306220668961	409306205629326
409306205642294	409306228889013	409306205732451
409306236289169	409306253551825	409306236560888
409306266974169	409306278210158	409306267231826
409306267315523	409306286428492	409306267391461
409306296847607	409306311084273	409306297124326
409306327445836	409306343963283	409306327871669
409306327739586	409306352183127	409306327877138
409306357592450	409306368620888	409306357865992
409306387576357	409306401495262	409306387876357
409306387807398	409306409713440	409306387879742
409306417253388	409306434371930	409306417517763
409306447044950	409306459032190	409306447339638
409306447259325	409306467252502	409306447344794
409306476105263	409306491912658	409306476347398
409306507168075	409306524790366	409306507477763
409306507403336	409306533009637	409306507481461
409306537600367	409306549449482	409306537882919
409306567111044	409306582324689	409306567411825
409306567342763	409306590543440	409306567420055
409306596434430	409306606980211	409306596723961
409306627469482	409306639856565	409306627943180
409306627712607	409306648076304	409306627964325
409306656492086	409306672736930	409306656742607
409306685621825	409306697403127	409306685924794
409306685882138	409306705624377	409306685985888
409306715971825	409306730286512	409306716255107

POLL t=21.3 tick=709
8333333
409315201777708	409315211810468	409315202050103
409315227200208	409315244683228	409315227515416
409315227590885	409315252902603	409315227689895
409315244245260	409315261121405	409315244495364
409315291524322	409315302223645	409315291803697
409315317308801	409315335101249	409315317569947
409315317596353	409315343321092	409315317713697
409315334364635	409315351541144	409315334650572
409315379739426	409315392634686	409315380119947
409315380271978	409315400853228	409315380343697
409315409558228	409315425508697	409315409844791
409315436943541	409315450163696	409315437211510
409315437382291	409315458381769	409315437451041
409315454116353	409315466599999	409315454392239
409315499765728	409315515907498	409315500058801
409315500153385	409315524127811	409315500253541
409315529686978	409315540564581	409315529953541
409315557278384	409315573436717	409315557415259
409315557612447	409315581655311	409315557714791
409315574301770	409315589874530	409315574580884
409315612933384	409315630969686	409315613215676
409315637859791	409315655628905	409315638133489
409315638217447	409315663847238	409315638315728
409315654906614	409315672065207	409315655210832
409315701117916	409315713160675	409315701387447
409315701489114	409315721379999	409315701595416
409315731153228	409315746035311	409315731365259
409315757920364	409315770691561	409315758197447
409315758355416	409315778912082	409315758438697
409315775008801	409315787132499	409315775303072
409315819222603	409315836454738	409315819482707
409315844985051	409315861115988	409315845274895
409315845356666	409315869336717	409315845454114
409315875724322	409315893993279	409315875919270
409315902622134	409315918654738	409315902919895
409315903022447	409315926874998	409315903119009
409315919619634	409315935095624	409315919907082
409315966220884	409315976188800	409315966502551
409315992776770	409316009060467	409315993064791
409315993204791	409316017279582	409315993289322
409316009775884	409316025498905	409316010064113
409316055417134	409316066592186	409316055684009
409316055744322	409316074811353	409316055844113
409316085658332	409316099469582	409316085808853
409316113199634	409316124125884	409316113467447
409316113577238	409316132344946	409316113655103
409316130252395	409316140563019	409316130537238
409316178238957	409316189864633	409316178645832
409316202544582	409316214518175	409316202801509
409316202862707	409316222735675	409316202966197
409316219541509	409316230953800	409316219853697
409316266332447	409316280261717	409316266579478
409316293070832	409316304916822	409316293358228
409316293365103	409316313135051	409316293456978
409316310059165	409316321351978	409316310327447
409316358016197	409316370661092	409316358338697
409316382313488	409316395314165	409316382814738
409316382691197	409316403531821	409316382824478
409316399396301	409316411749738	409316399683228
409316439969165	409316452838227	409316440256770
409316440432290	409316461055832	409316440533072
409316470744270	409316485708436	409316470872447
409316498257082	409316510361926	409316498522551
409316498540259	409316518581769	409316498672915
409316515281822	409316526800780	409316515576040
409316563697863	409316576114946	409316564067290
409316588464895	409316600768436	409316588737238
409316588842863	409316608985311	409316588926197
409316605507759	409316617203280	409316605800988
409316650658853	409316666518384	409316650936613
409316651069790	409316674737394	409316651161197
409316680574894	409316691175988	409316681001665
409316707675572	409316724045935	409316708012915
409316708082603	409316732264269	409316708181926
409316724727759	409316740482134	409316725011978
409316770516509	409316781567082	409316770789634
409316770881613	409316789784946	409316770970519
409316800455103	409316814437706	409316800760103
409316827713696	409316839090415	409316828019790
409316828156353	409316847306509	409316828245988
409316844771926	409316855522914	409316845069009
409316891424478	409316904827342	409316891687603
409316891885728	409316913045259	409316891928071
409316919736926	409316937696509	409316920058696
409316925201509	409316945913540	409316925501196
409316960745832	409316970566144	409316961033071
409316961158853	409316978783332	409316961286717
409316991071353	409317003431925	409316991372082
409317020987759	409317036300050	409317021252290
409317021352134	409317044517290	409317021457915
409317038066509	409317052734477	409317038363540
409317081885415	409317093820103	409317082299165
409317111548228	409317126692030	409317111813332
409317111945884	409317134911977	409317112062238
409317128668644	409317143129842	409317128953071
409317171058019	409317184216248	409317171362707
409317171472707	409317192432498	409317171562134
409317202129165	409317217081665	409317202415207
409317204719790	409317225299373	409317205015676
409317221458540	409317233516092	409317221745571
409317257680415	409317274599217	409317257954946
409317284182759	409317299246664	409317284535519
409317284656978	409317307460988	409317284754478
409317301307915	409317315676143	409317301584634
409317342069946	409317356758956	409317342331509
409317369260363	409317381413800	409317369541353
409317369532446	409317389631196	409317369617603
409317386322707	409317397849164	409317386696821
409317421446769	409317438935207	409317421727082
409317447281978	409317463585675	409317447495415
409317447670259	409317471801769	409317447770884
409317464426925	409317480017810	409317464711978
409317500390988	409317512883852	409317500675727
409317525866769	409317537536404	409317526165884
409317526235102	409317545755102	409317526343175
409317542941977	409317553972915	409317543241144
409317577759946	409317595056821	409317578040259
409317603738071	409317619707966	409317604044946
409317604170832	409317627924529	409317604252290
409317620783696	409317636140206	409317621075415
409317655573332	409317669005102	409317655862707
409317681109477	409317693655206	409317681401769
409317682787394	409317701870310	409317683079425
409317719041509	409317734734269	409317719320727
409317745660363	409317759378800	409317745932446
409317746041509	409317767595206	409317746141144
409317762777602	409317775812290	409317763081613

POLL t=32.4 tick=955
8333333
409326555030724	409326569968171	409326555294474
409326589061141	409326602842807	409326589335724
409326589651662	409326611061662	409326589846557
409326606256974	409326619279734	409326606652391
409326639835672	409326652153744	409326640097443
409326640233849	409326660372338	409326640335099
409326656890516	409326668589838	409326657191818
409326689796036	409326701457806	409326690079161
409326690213068	409326709675723	409326690313536
409326706927443	409326717893171	409326707318328
409326740849943	409326758986140	409326741137130
409326741301818	409326767204994	409326741395359
409326772805672	409326783639005	409326773115203
409326774705516	409326791856244	409326775026505
409326791246505	409326808289577	409326791534161
409326807833224	409326824722182	409326808193380
409326842583536	409326857590723	409326842859630
409326842955880	409326865806609	409326843050672
409326859642755	409326874023848	409326859926036
409326892429005	409326906894474	409326892720516
409326892923380	409326915112859	409326893016661
409326909641818	409326923330151	409326910025099
409326926351818	409326939764734	409326926614943
409326964011297	409326980852494	409326964034630
409326990565568	409327005509370	409326990878380
409326990986922	409327013728327	409326991064630
409327007638536	409327021948327	409327008077911
409327024314891	409327038386556	409327024588328
409327058066193	409327071261296	409327058397599
409327058631974	409327079478483	409327058740724
409327075340411	409327087696713	409327075650099
409327109834474	409327120564786	409327110286818
409327110219318	409327128780620	409327110287859
409327140998380	409327153433692	409327141279161
409327143466036	409327161652390	409327143763068
409327160207078	409327178089213	409327160479890
409327176848536	409327194526192	409327177127599
409327212290255	409327227396192	409327212699318
409327212583015	409327235614474	409327212704161
409327243695568	409327260268119	409327243963536
409327245933015	409327268484474	409327246266661
409327262670255	409327276702963	409327262946453
409327279366765	409327293137494	409327279626036
409327312588797	409327326003327	409327313018536
409327312860672	409327334221035	409327313023015
409327329619161	409327342437286	409327329914734
409327361753536	409327375310255	409327361998849
409327363039786	409327383528067	409327363330984
409327379601817	409327391746713	409327379917599
409327411999786	409327424622598	409327412370880
409327412997911	409327432841660	409327413314161
409327429661453	409327441060150	409327429960724
409327463017286	409327473930671	409327463262859
409327463467755	409327482148796	409327463571765
409327494369786	409327506802911	409327494624890
409327496832547	409327515021140	409327497138328
409327513547911	409327531456452	409327513947442
409327530195724	409327547889630	409327530469942
409327564092390	409327580755202	409327564329890
409327564539474	409327588972182	409327564629890
409327581214005	409327597190098	409327581508953
409327613590047	409327630060359	409327614029161
409327614613067	409327638277755	409327614955411
409327631236661	409327646495515	409327631529005
409327664222755	409327679368640	409327664478536
409327664580359	409327687586035	409327664678067
409327681253380	409327695802910	409327681555099
409327714527859	409327728668848	409327714969942
409327715098484	409327736885463	409327715203849
409327731771974	409327745102442	409327732129005
409327764174161	409327777977963	409327764454942
409327765042755	409327786196973	409327765350671
409327781783015	409327794415671	409327782087078
409327814061192	409327827288379	409327814470411
409327815103484	409327835508223	409327815422755
409327831792599	409327843727234	409327832109786
409327864730411	409327876596087	409327865005828
409327865273692	409327884813848	409327865353640
409327895237755	409327909466192	409327895511192
409327925485567	409327942336921	409327925778015
409327926005411	409327950554630	409327926095255
409327942661817	409327958771712	409327942940567
409327986688067	409327999857181	409327986959942
409328013261973	409328024509369	409328013697911
409328013771296	409328032726139	409328013873848
409328030272703	409328040943900	409328030566973
409328078372286	409328090251244	409328078678953
409328079967546	409328098468536	409328080233484
409328110558848	409328123122703	409328110974942
409328112262911	409328131341712	409328112521921
409328128835411	409328139559838	409328129121348
409328175403692	409328188873275	409328175675411
409328202597859	409328213529629	409328203015880
409328203024161	409328221749213	409328203142025
409328232519942	409328246404733	409328232796973
409328236275255	409328254623796	409328236543328
409328267539005	409328279276920	409328267824473
409328269697703	409328287494733	409328270002390
409328299462859	409328312154213	409328299730098
409328329355359	409328345028640	409328329633067
409328329829942	409328353247702	409328329891192
409328346497078	409328361466244	409328346799942
409328390414421	409328402558900	409328390681973
409328418076921	409328435435254	409328418345723
409328418432234	409328443654473	409328418539265
409328435241348	409328451873014	409328435554005
409328480208484	409328492963484	409328480474005
409328505938327	409328517620307	409328506250255
409328506185359	409328525839941	409328506251348
409328542573067	409328558718900	409328542849630
409328543021036	409328566939004	409328543118171
409328559746505	409328575158640	409328560071296
409328605584734	409328616252754	409328605910255
409328605841452	409328624471348	409328605911192
409328635051765	409328649124056	409328635330567
409328639220567	409328657344004	409328639533484
409328671076452	409328682000515	409328671232911
409328698023067	409328714876140	409328698303640
409328698414786	409328723095358	409328698529109
409328715149004	409328731314472	409328715536192
409328761049317	409328772405462	409328761378379
409328761300515	409328780624629	409328761382286
409328791472546	409328805281868	409328791776036
409328794653379	409328813500046	409328794933223
409328826446036	409328838154421	409328826748796
409328828120671	409328846372493	409328828421036
409328858214265	409328871027962	409328858497442

POLL t=43.5 tick=1326
8333333
409337783700564	409337796191865	409337783837074
409337784252699	409337804411396	409337784566814
409337800984105	409337812630979	409337801266501
409337843754418	409337853726553	409337844054782
409337844189626	409337861944834	409337844275043
409337860765407	409337878382230	409337861147751
409337905113949	409337919472438	409337905383063
409337932864626	409337944124417	409337933143220
409337933265668	409337952342229	409337933365876
409337949958480	409337960558479	409337950231032
409337992619626	409338009862282	409337992745407
409338018592543	409338034516761	409338018884626
409338019066657	409338042734730	409338019161032
409338035751136	409338050953635	409338036070043
409338077794782	409338092046136	409338077917126
409338103543949	409338116695876	409338103857751
409338103883480	409338124912959	409338104074157
409338120575043	409338133130199	409338120883220
409338164765355	409338182435198	409338165050251
409338165295355	409338190652855	409338165379001
409338181984470	409338198871344	409338182276761
409338228246188	409338239965563	409338228505251
409338254106032	409338272843427	409338254420095
409338254502751	409338281060875	409338254822074
409338271174157	409338289279313	409338271485251
409338317597699	409338330371708	409338317894574
409338317814938	409338338591084	409338317899157
409338334556501	409338346808479	409338334827438
409338351247595	409338363245459	409338351513167
409338367977751	409338379681917	409338368333376
409338384677282	409338396120563	409338384912438
409338401228532	409338412557281	409338401499938
409338417937282	409338428994729	409338418251188
409338434595407	409338445433531	409338434856605
409338451293063	409338461873062	409338451554417
409338467953949	409338486529521	409338468304469
409338484566344	409338502966500	409338484833688
409338501211969	409338519401657	409338501500199
409338517940042	409338535838584	409338518205980
409338534624417	409338552274104	409338534896344
409338551269938	409338568710614	409338551537699
409338567910094	409338585146969	409338568290355
409338584576344	409338601583636	409338584842751
409338601273324	409338618019729	409338601539938
409338617944938	409338634456917	409338618211188
409338634672907	409338650895198	409338634904469
409338651281657	409338667333323	409338651545719
409338667940094	409338683770199	409338668307594
409338684600355	409338700208323	409338684878949
409338701270407	409338716645042	409338701545042
409338717966188	409338733079782	409338718230251
409338734670199	409338749515094	409338734922438
409338751272230	409338765951396	409338751541605
409338767931449	409338782388687	409338768295563
409338784720094	409338798829052	409338784972855
409338801382907	409338815267490	409338801639001
409338818029626	409338831702958	409338818271188
409338834591188	409338848138688	409338834861292
409338851407074	409338864574782	409338851706813
409338868041761	409338881009416	409338868361501
409338884696292	409338897442803	409338884955563
409338901347751	409338913877230	409338901593219
409338917976657	409338930313271	409338918238323
409338934671501	409338946748896	409338934926969
409338951378167	409338963185458	409338951618948
409338968088792	409338979621864	409338968390980
409338984659938	409338996059469	409338984919417
409339001255251	409339012495354	409339001530719
409339017933167	409339028930458	409339018210719
409339034741136	409339045366552	409339035014469
409339051353219	409339061803375	409339051616344
409339067977126	409339086458896	409339068330198
409339084620407	409339102896396	409339084897698
409339101328948	409339119333844	409339101591657
409339118038375	409339135767802	409339118302073
409339134694573	409339152204469	409339134954157
409339151313063	409339168641605	409339151589886
409339167985823	409339185079208	409339168342073
409339184691657	409339201517802	409339184994782
409339222336969	409339234392386	409339222642698
409339222657698	409339242611552	409339222754625
409339239392282	409339250831552	409339239653063
409339273024261	409339283710615	409339273308844
409339273323844	409339291928740	409339273405511
409339301459625	409339316583480	409339301734782
409339330045094	409339341236344	409339330327438
409339330340980	409339349454312	409339330422907
409339358670042	409339374112177	409339358931761
409339363691813	409339382330302	409339364072438
409339380433375	409339398768948	409339380708532
409339413679573	409339431642802	409339413960823
409339440231813	409339456300511	409339440531188
409339440475667	409339464521344	409339440531761
409339457232750	409339472742698	409339457529000
409339488776344	409339505615614	409339489073219
409339490533375	409339513833323	409339490813219
409339527263323	409339538487542	409339527556188
409339527492386	409339546707750	409339527559469
409339565287386	409339579582386	409339565671969
409339565512073	409339587802229	409339565676813
409339603216032	409339620677594	409339603491813
409339603523375	409339628895302	409339603609313
409339644833375	409339661770302	409339645125198
409339645101032	409339669990875	409339645195511
409339681925563	409339694649312	409339682234573
409339682143063	409339702869416	409339682240354
409339723459261	409339735750198	409339723795407
409339723694573	409339743970302	409339723812438
409339760621032	409339776851083	409339760825250
409339760947854	409339785071604	409339761039000
409339798781761	409339809732645	409339799093063
409339799084000	409339817954729	409339799153479
409339836033792	409339850834573	409339836313636
409339836323219	409339859053687	409339836410250
409339874605667	409339891930874	409339874936188
409339874851656	409339900150406	409339874941656
409339910555511	409339924809677	409339910889469
409339910820511	409339933027749	409339910890094
409339947435563	409339957686083	409339947765823
409339947675094	409339965905041	409339947778323
409339983846344	409339998775979	409339984154625
409339984144625	409340006995198	409339984239938
409340020369625	409340031653531	409340020680354
409340020560354	409340039872385	409340020684781
409340057923375	409340072748947	409340058244417
409340058156344	409340080969833	409340058247438
409340094193479	9223372036854775807	409340094495406

POLL t=54.7 tick=1609
8333333
409349052940247	409349065787381	409349053215090
409349069575507	409349082229570	409349069851653
409349086248059	409349098670194	409349087313840
409349115606184	409349131550090	409349115901184
409349119561132	409349139770975	409349119841653
409349136259934	409349147991704	409349136560976
409349152931445	409349164431444	409349153222434
409349169593684	409349180872226	409349169873007
409349186298684	409349197312537	409349186566497
409349202888945	409349213752017	409349203268476
409349219561757	409349230192381	409349219847434
409349236241028	409349254854048	409349236524309
409349252927590	409349271293580	409349253197122
409349282361809	409349295953319	409349282633007
409349286270715	409349304173684	409349286542070
409349302902434	409349320613944	409349303277903
409349319630559	409349337053787	409349319911184
409349336288372	409349353494881	409349336551340
409349352934778	409349369933371	409349353209726
409349369553007	409349386375298	409349369833372
409349386228059	409349402818267	409349386515247
409349402981653	409349419261601	409349403351184
409349419664882	409349435703944	409349419931757
409349436251497	409349452148111	409349436405872
409349465975090	409349476812590	409349466272590
409349469591913	409349485033371	409349469895715
409349486312903	409349501475038	409349486620194
409349502911601	409349517918892	409349503303580
409349519537538	409349534360976	409349519819986
409349536243840	409349550802277	409349536524361
409349552923059	409349567242590	409349553202434
409349569766392	409349583685402	409349570043997
409349586342434	409349600128319	409349586592747
409349602897903	409349616569621	409349611356965
409349632195507	409349649459257	409349632378996
409349636259726	409349657682485	409349636554726
409349652965194	409349665906704	409349653252434
409349669611809	409349682352121	409349669888528
409349686285403	409349698796184	409349686559934
409349702976444	409349715242746	409349703400559
409349719696132	409349731688892	409349719979778
409349736365715	409349748133735	409349736641132
409349752952069	409349764579413	409349760532903
409349783298371	409349797465923	409349783614621
409349786231028	409349805687798	409349786533684
409349802938840	409349813910558	409349803337694
409349819624934	409349830354621	409349819909882
409349836256809	409349846798735	409349836540976
409349852929309	409349871460819	409349853200663
409349869612903	409349887901235	409349869904361
409349886272278	409349904340506	409349886555246
409349902904726	409349920780923	409349903293840
409349919559465	409349937221600	409349919837278
409349936303528	409349953665090	409349944443059
409349965740351	409349978325090	409349966039934
409349969670351	409349986544621	409349969905351
409349986290090	409350002982694	409349986656757
409350002911965	409350019420506	409350003288684
409350019599465	409350035857537	409350019886184
409350036274100	409350052296236	409350036552434
409350052981653	409350068734725	409350053256496
409350069589257	409350085177277	409350069865090
409350086242278	409350101619621	409350086521340
409350102916028	409350118058475	409350103318267
409350119615194	409350134498683	409350126532434
409350149208215	409350167380246	409350149503840
409350152912746	409350175601028	409350153174257
409350169609569	409350183822225	409350169897434
409350186273528	409350200264204	409350186541184
409350202927121	409350216708214	409350203295975
409350219651965	409350233149413	409350219932746
409350236269257	409350249591652	409350236569465
409350252912277	409350266037538	409350253171340
409350269602434	409350282484621	409350269880402
409350286274100	409350298929099	409350286557590
409350302928163	409350315375142	409350308503944
409350332455350	409350348264621	409350332655507
409350336239934	409350356487016	409350336533215
409350352951965	409350364709152	409350353250559
409350369685507	409350381154048	409350369947277
409350386328371	409350397600610	409350386639621
409350402961184	409350414045142	409350403332225
409350419666809	409350430490090	409350419941913
409350436416652	409350446935193	409350436676496
409350453075194	409350463381704	409350453342902
409350469705507	409350488052172	409350469967850
409350486347069	409350504498944	409350494971132
409350516551288	409350529166496	409350516871809
409350519698163	409350537388319	409350519972590
409350536374100	409350553833371	409350536656288
409350553051965	409350570279048	409350553326496
409350569717538	409350586723579	409350569993059
409350586380194	409350603168631	409350586644152
409350603046965	409350619614569	409350603427902
409350619772069	409350636059152	409350620068684
409350636413371	409350652503110	409350636674152
409350652988371	409350668950194	409350653082694
409350683101809	409350701839777	409350683405559
409350686334152	409350710061704	409350686642121
409350703001444	409350718282745	409350703399569
409350719724256	409350734725038	409350719996184
409350736465871	409350751166912	409350736713215
409350753026184	409350767606548	409350753293371
409350769650402	409350784046339	409350769917902
409350786359621	409350800487277	409350786633788
409350802954465	409350816928475	409350803326756
409350819636340	409350833369152	409350819931548
409350836337434	409350849811235	409350837142746
409350866625506	409350882694777	409350866898215
409350869739934	409350890914725	409350870032590
409350886323371	409350899133944	409350886621756
409350903003788	409350915575610	409350903410871
409350919620715	409350932015766	409350919897694
409350936284621	409350948458371	409350936593840
409350953002694	409350964901079	409350953285402
409350969649308	409350981342902	409350969919777
409350986273058	409350997786964	409350986548215
409351002874308	409351014228058	409351003253527
409351019611027	409351030671131	409351021653996
409351049386496	409351063550610	409351049657121
409351052911496	409351071771026	409351053207746
409351069615194	409351079990401	409351069877225
409351086258215	409351096429985	409351086548371
409351102970871	409351121090610	409351103339569
409351119683163	409351137533214	409351119956027
409351136372746	409351153977850	409351136654308
409351152950663	9223372036854775807	409351153237381

POLL t=65.7 tick=1705
8333333
409360145044461	409360156024252	409360145424149
409360161770190	409360172465867	409360162049149
409360178441805	409360188904721	409360178728524
409360195115711	409360213565502	409360195401753
409360211801180	409360230006805	409360212069305
409360228468159	409360246449565	409360228681961
409360262518055	409360279340137	409360262843784
409360262720867	409360287563158	409360262848836
409360279662899	409360295784982	409360279923159
409360296165399	409360312227742	409360296452847
409360312781805	409360328670815	409360313056649
409360329446961	409360345116335	409360329733055
409360346081284	409360361561283	409360346449930
409360362755867	409360378005972	409360363123472
409360397042690	409360410893575	409360397351961
409360397204930	409360419114721	409360397358940
409360414184617	409360427336179	409360414425086
409360430643836	409360443780450	409360430941649
409360447268211	409360460224982	409360447636597
409360463906336	409360476670294	409360464193836
409360480602899	409360493113784	409360480871961
409360497360503	409360509557742	409360498918472
409360543183263	409360558893888	409360543621024
409360543439044	409360567116961	409360543650242
409360560242742	409360575340398	409360560538159
409360576809149	409360591785763	409360577104461
409360593491284	409360608232638	409360593780815
409360610159774	409360624677898	409360610437742
409360626820867	409360641124669	409360627108055
409360643536961	409360657571752	409360644041180
409360678588159	409360690459981	409360678936336
409360678870190	409360698681960	409360678940242
409360695464305	409360706903783	409360695787065
409360712278211	409360723348107	409360712552899
409360728865503	409360739790970	409360729137899
409360745518523	409360756233523	409360745899148
409360762153211	409360772677482	409360762445555
409360778852586	409360789122638	409360779250346
409360812721440	409360830239982	409360813136909
409360812920555	409360838465033	409360813142221
409360829548940	409360846688732	409360829847273
409360846284617	409360863138262	409360846683992
409360862914305	409360879583679	409360863308211
409360879658055	409360896028210	409360879941805
409360896317846	409360912473836	409360896594930
409360913030711	409360928918679	409360913389878
409360948169617	409360961808575	409360948637378
409360948314878	409360970030658	409360948642117
409360965028211	409360978253940	409360965380086
409360981670034	409360994700346	409360981958315
409360998411180	409361011146180	409360998760659
409361015053992	409361027587846	409361015344773
409361031732065	409361044032169	409361032014773
409361048397117	409361060476960	409361052248628
409361082421805	409361093367325	409361082811909
409361082635086	409361101589304	409361082826753
409361099316492	409361109811023	409361099597117
409361116275867	409361134475710	409361116547846
409361132679930	409361142698054	409361132971753
409361149341909	409361167360867	409361149763367
409361166013992	409361183803418	409361166337690
409361182664930	409361200247481	409361190083627
409361216479877	409361233133471	409361217244930
409361216634930	409361241356180	409361217249565
409361233364930	409361249579304	409361233655711
409361249989252	409361266024305	409361250376023
409361266700346	409361282470554	409361266975815
409361283380867	409361298916023	409361283673992
409361300079461	409361315359721	409361300349305
409361316761752	409361331802950	409361318381805
409361350788627	409361364693471	409361351298680
409361350954565	409361372916700	409361351312273
409361367646440	409361381140033	409361367955034
409361384258680	409361397583366	409361384558680
409361400995346	409361414026856	409361401277377
409361417632742	409361430468679	409361417918054
409361434324148	409361446908679	409361434607586
409361451102586	409361463352169	409361454188992
409361480845502	409361496239564	409361481176336
409361484477429	409361504461179	409361484785867
409361501060502	409361512682637	409361501364773
409361517748836	409361529126648	409361518026804
409361534410398	409361545569616	409361534687273
409361551076752	409361562013054	409361551450398
409361567726492	409361578455606	409361567996492
409361584458523	409361594898992	409361584623002
409361618925971	409361636004461	409361619354148
409361619197846	409361644225086	409361619361492
409361635868940	409361652446023	409361636184929
409361652581440	409361668886179	409361652923159
409361669261648	409361685331179	409361669537898
409361685912273	409361701775086	409361686185034
409361702600346	409361718218679	409361702872898
409361719279252	409361734661284	409361719543367
409361735915867	409361751104929	409361738093679
409361752590971	409361767548992	409361752987221
409361784153836	409361800434929	409361784351492
409361785932273	409361808656648	409361786252429
409361802573784	409361816878471	409361802893523
409361819216909	409361833322741	409361819497429
409361835935033	409361849768575	409361836219565
409361852601127	409361866213783	409361852980086
409361869262846	409361882662221	409361880521648
409361902101127	409361915559199	409361902406023
409361902575033	409361923783314	409361902681961
409361919322742	409361932008210	409361919603211
409361935936908	409361948457064	409361936213002
409361952562221	409361964906491	409361952930398
409361969280554	409361981355658	409361969561023
409361985936596	409361997804251	409361986216596
409362002621440	409362014250971	409362003524461
409362036500242	409362047142898	409362036956336
409362037263054	409362055367429	409362037423367
409362053570085	409362071816283	409362053996596
409362070185033	409362088264252	409362070471283
409362086871283	409362104712585	409362087153210
409362103543315	409362121158887	409362103858835
409362120222377	409362137600658	409362120497742
409362136899617	409362154044616	409362145129877
409362170753992	409362186932480	409362171050658
409362171137898	409362195152793	409362171245398
409362187635085	409362203374199	409362187946908
409362204305398	409362219818887	409362204587898
409362221006440	409362236260449	409362221288940
409362237669460	409362252705345	409362237957742
409362254326908	409362269152012	409362254692846
409362271091752	9223372036854775807	409362272451908

POLL t=76.9 tick=1780
8333333
409371429127738	409371444547374	409371429403207
409371445777217	409371460992790	409371446051905
409371462497582	409371477439926	409371464907582
409371498703780	409371510333623	409371499182582
409371498943832	409371518556592	409371499193311
409371515584874	409371526780134	409371515900863
409371532312582	409371543225863	409371532565394
409371548930238	409371559668311	409371549200238
409371565641801	409371576111749	409371565966280
409371582307582	409371592553206	409371582600186
409371598970551	409371617210810	409371600987738
409371634182426	409371650092113	409371634556957
409371634383311	409371658311800	409371634582061
409371651067426	409371666532060	409371651366176
409371667737269	409371682974717	409371668132998
409371684431905	409371699416279	409371684688988
409371701054301	409371715857738	409371701480707
409371717713832	409371732298102	409371717998676
409371734367894	409371748740186	409371745908676
409371767934613	409371781618519	409371768217426
409371768140863	409371789838415	409371768223311
409371784781957	409371798058676	409371785085863
409371801511019	409371814498832	409371801889873
409371818181176	409371830939248	409371818461488
409371834838676	409371847379196	409371835120186
409371851508832	409371863819977	409371851801019
409371868188155	409371880257841	409371868465707
409371884877894	409371896696695	409371888218207
409371920181644	409371937796696	409371920543780
409371920517686	409371946018154	409371920672998
409371937080550	409371954239664	409371937464248
409371953695186	409371970684196	409371953999613
409371970362373	409371987127529	409371970653207
409371987053519	409372003569560	409371987343988
409372003812425	409372020009560	409372004182217
409372020454300	409372036448570	409372030669769
409372055122425	409372069327008	409372055491800
409372055282373	409372077548102	409372055495186
409372071984925	409372085770082	409372072291644
409372088605030	409372102213102	409372088893675
409372105282894	409372118657269	409372105663675
409372121991644	409372135102477	409372122277842
409372138625863	409372151546592	409372138932269
409372155291957	409372167987477	409372161298675
409372190783623	409372209089404	409372191151436
409372191050550	409372217310602	409372191186957
409372207635811	409372225531695	409372208037425
409372224314144	409372241972686	409372224615238
409372240982894	409372258413988	409372241291332
409372257717998	409372274853675	409372258002217
409372274372269	409372291294039	409372274645863
409372291064457	409372307736695	409372292197894
409372326278154	409372340618571	409372326624925
409372326469092	409372348840602	409372326630082
409372343150707	409372357061383	409372343450654
409372359861800	409372373505237	409372360168936
409372376516488	409372389948102	409372376827842
409372393195029	409372406390081	409372393478154
409372409868832	409372422831800	409372410221748
409372426521957	409372439275498	409372429818467
409372461653988	409372472158154	409372462296279
409372461804404	409372480378050	409372462301279
409372478473832	409372488597061	409372478770967
409372495208988	409372513253831	409372495642582
409372511875967	409372529690394	409372512150550
409372528536644	409372546128518	409372528821332
409372545206800	409372562567269	409372545499456
409372561886331	409372579006070	409372565516331
409372597311800	409372611886591	409372597856800
409372597474300	409372620106748	409372597867529
409372614172894	409372628326904	409372614531488
409372630807269	409372644765601	409372631102581
409372647492217	409372661203414	409372647787581
409372664150706	409372677641278	409372664441956
409372680817529	409372694080810	409372681097113
409372697547373	409372710520862	409372702277113
409372728955342	409372743399300	409372729271175
409372730829769	409372751619821	409372731168988
409372747500342	409372759840185	409372747804144
409372764240654	409372776280966	409372764518675
409372780948519	409372792720862	409372781223831
409372797549144	409372809161956	409372797934300
409372814260863	409372833821591	409372826359456
409372831011175	409372842040081	409372831351956
409372865305811	409372883137841	409372865628206
409372865541019	409372891358623	409372865632998
409372882294144	409372899580133	409372882582529
409372898902686	409372916023258	409372899289456
409372915602581	409372932465393	409372915891175
409372932312269	409372948906227	409372932604873
409372949186956	409372965349821	409372954256956
409372985176279	409372998232737	409372985520706
409372985498363	409373006452842	409372985668831
409373002162269	409373014674299	409373002563675
409373018786175	409373031117581	409373019066956
409373035499769	409373047562216	409373035782894
409373052245550	409373064003883	409373052516279
409373068781800	409373080446331	409373069066435
409373085607685	409373096887841	409373087630238
409373122065238	409373137993414	409373122411123
409373122300706	409373146215289	409373122435342
409373139035029	409373154437321	409373139329144
409373155679925	409373170880654	409373155970238
409373172373467	409373187324716	409373172641644
409373189003987	409373203770914	409373189276956
409373205679248	409373220216435	409373206041800
409373222374612	409373236661122	409373224421800
409373254997894	409373269546799	409373255302373
409373255601279	409373277768883	409373255989144
409373272308206	409373285992477	409373272591800
409373288971019	409373302437633	409373289261487
409373305642425	409373318881539	409373306024456
409373322382894	409373335323466	409373322656487
409373339004144	409373351766591	409373339284717
409373355707842	409373368211591	409373357352425
409373390775550	409373401095498	409373391096019
409373390909300	409373409317633	409373391101487
409373407623675	409373425762737	409373408056748
409373424329769	409373442205550	409373424608831
409373440997842	409373458646382	409373441266331
409373457658519	409373475088258	409373457948623
409373474324769	409373491529925	409373474611175
409373490961019	409373507972164	409373493259873
409373534229404	409373549072269	409373534556487
409373534382737	409373557291070	409373534560550
409373551164456	409373565509768	409373551440810
409373567794769	9223372036854775807	409373568071904

POLL t=88.2 tick=1854
8333333
409382549797369	409382567051691	409382550221432
409382566436328	409382583489609	409382566737213
409382583096640	409382599923307	409382583387682
409382599830494	409382616358463	409382600239557
409382634511744	409382649231796	409382634856953
409382634708151	409382657449817	409382634863515
409382651402994	409382665667785	409382651933828
409382668096015	409382682103046	409382668381328
409382684764244	409382698541171	409382685045494
409382701433828	409382714978723	409382701719713
409382718087994	409382739639556	409382731629713
409382734776588	409382747859869	409382735138203
409382770938515	409382788952681	409382771414088
409382771240390	409382797171275	409382771422734
409382789350651	409382805390962	409382789588984
409382805707265	409382821828462	409382805982734
409382822380078	409382838266900	409382822655963
409382839051484	409382854702108	409382839331953
409382855714140	409382871136587	409382864935338
409382890199921	409382904007681	409382890542838
409382890449400	409382912225545	409382890549609
409382907072421	409382920443255	409382907359296
409382923749765	409382936881691	409382924050859
409382940463619	409382953321119	409382940752994
409382957130234	409382969759713	409382957498984
409382973789140	409382994414713	409382987126171
409382990470859	409383002632629	409382990844765
409383026134921	409383043728462	409383026597421
409383026455859	409383051947681	409383026608202
409383044550286	409383060166847	409383044782994
409383060913619	409383076606952	409383061277577
409383077587577	409383093044295	409383077864609
409383094252109	409383109480754	409383094569140
409383110918202	409383125917368	409383120674088
409383145308932	409383158797316	409383145605963
409383145499452	409383167013775	409383145992369
409383162172265	409383175233150	409383162468827
409383178830963	409383191670233	409383179128619
409383195514609	409383208106587	409383195798359
409383212163359	409383224541066	409383212452109
409383228826171	409383240976692	409383229113827
409383245505390	409383257411900	409383254237838
409383279577265	409383290280493	409383279928932
409383279746640	409383298497264	409383279937525
409383296419609	409383306713514	409383296713202
409383313128359	409383331365963	409383313404557
409383329800963	409383347800650	409383330074452
409383346469609	409383364236692	409383346674609
409383363123515	409383380673514	409383376810025
409383379841484	409383397106640	409383380161119
409383414929452	409383429972890	409383415247577
409383415171484	409383438188984	409383415253515
409383431789765	409383446406379	409383432086171
409383448479557	409383462842108	409383448921171
409383465151431	409383479278983	409383465435234
409383481848306	409383495714296	409383482127056
409383498518515	409383512147056	409383511486796
409383532854869	409383545012994	409383533168202
409383533059452	409383553229869	409383533174400
409383549739296	409383561446587	409383550182838
409383566424713	409383577880650	409383566718775
409383583073150	409383594314869	409383583359296
409383599775390	409383610752941	409383600075546
409383616443150	409383627191952	409383616723827
409383633147994	409383643630650	409383635511900
409383668265234	409383684721899	409383668625859
409383668498046	409383692940598	409383668655963
409383685111640	409383701158879	409383685401796
409383701838619	409383717594868	409383702127421
409383718503463	409383734031379	409383718777994
409383735171952	409383750466223	409383735461431
409383751830233	409383766899972	409383752207108
409383768534452	409383783333878	409383770279765
409383803882056	409383816205389	409383804219296
409383804082369	409383824424816	409383804236015
409383820704400	409383832643358	409383820998775
409383837420390	409383849078827	409383837698306
409383854068463	409383865512681	409383854437838
409383870833619	409383881945910	409383871115233
409383887454296	409383898382316	409383887736952
409383904257838	409383914818462	409383905576015
409383938143150	409383955910025	409383938439713
409383938432369	409383964129140	409383938535650
409383955129869	409383972346691	409383955470390
409383971747577	409383988783775	409383972049765
409383988457733	409384005220077	409383988727733
409384005104608	409384021656431	409384005410702
409384021817733	409384038094973	409384035836588
409384038511327	409384054531535	409384038863983
409384075794556	409384087403983	409384076154556
409384076271640	409384095622368	409384076410181
409384092960858	409384103840129	409384093240546
409384109641483	409384120276378	409384109929765
409384126336952	409384136712316	409384126612890
409384143033202	409384153150754	409384143312525
409384159659244	409384177806691	409384171820233
409384193751431	409384210686222	409384194042681
409384194142265	409384218906066	409384194237525
409384210848827	409384227125493	409384211038671
409384227428983	409384243567108	409384227713202
409384244125233	409384260004556	409384244397994
409384260730546	409384276441535	409384261113306
409384277422890	409384292879608	409384290376483
409384294200233	409384309320910	409384294604140
409384326479400	409384342195285	409384326771900
409384327393358	409384350413149	409384327738671
409384344226900	409384358631952	409384344510233
409384360787056	409384375070441	409384361147108
409384377451327	409384391508619	409384377721744
409384394107837	409384407946430	409384394384452
409384410768671	409384424383618	409384420329087
409384445446483	409384457256170	409384445781275
409384445815962	409384465475024	409384445880962
409384462323514	409384473693618	409384462741275
409384478980077	409384490130649	409384479264869
409384495624400	409384506569451	409384495911327
409384512329244	409384523009816	409384512607837
409384528971327	409384539452420	409384529262369
409384545641639	409384555893983	409384549044712
409384580474452	409384596993046	409384580846587
409384580682108	409384605211952	409384580856275
409384597337108	409384613431066	409384597696639
409384614041952	409384629868201	409384614335337
409384630671796	409384646306639	409384630955962
409384647383671	409384662743827	409384647665858
409384664129869	409384679181534	409384664486483
409384680754921	409384695619868	409384683309921

POLL t=99.3 tick=1929
8333333
409393763101323	409393778625177	409393763377053
409393779764553	409393795064136	409393780046011
409393796433355	409393811500386	409393797987053
409393830873823	409393844374083	409393831249605
409393831049240	409393852592938	409393831296792
409393847700698	409393860812469	409393847991115
409393864363771	409393877252157	409393864654605
409393881095230	409393893690646	409393881369292
409393897753146	409393910130802	409393898130855
409393914427573	409393926570593	409393914707365
409393931118303	409393943010646	409393936214761
409393965754292	409393984104656	409393966156896
409393966155073	409393992324135	409393966271636
409393982636271	409394000544135	409393982929605
409393999327105	409394016981843	409393999707677
409394016067261	409394033419761	409394016312730
409394032700802	409394049857937	409394032983823
409394049364917	409394066296792	409394049641792
409394066048511	409394082735854	409394069873667
409394082702886	409394099174031	409394083003615
409394117153198	409394132054031	409394117521115
409394117351323	409394140274188	409394117525334
409394134004605	409394148494083	409394134328771
409394150660855	409394164932208	409394150997209
409394167367052	409394181371999	409394167797886
409394184049240	409394197809917	409394184316011
409394200673823	409394214250593	409394201053042
409394217455542	409394230688822	409394223474136
409394251867417	409394263563041	409394252260698
409394252047573	409394271781740	409394252266323
409394268696636	409394280000229	409394268988042
409394285416948	409394296436843	409394285689604
409394302080542	409394312873771	409394302455646
409394318754917	409394329310490	409394319051740
409394335421011	409394345748406	409394335700177
409394352171584	409394370403406	409394355858042
409394386879240	409394403275281	409394387276427
409394387135073	409394411494187	409394387279396
409394403818979	409394419711896	409394404203823
409394420451167	409394436148667	409394420745959
409394437177261	409394452584812	409394437449604
409394453799604	409394469022260	409394454086323
409394470471948	409394485458614	409394470763511
409394487189865	409394501895541	409394496163927
409394522318823	409394534770801	409394522695959
409394522567886	409394542989396	409394522701479
409394539182573	409394551208458	409394539499552
409394555912573	409394567648562	409394556195021
409394572608459	409394584087156	409394572856323
409394589245854	409394600524031	409394589531948
409394605913511	409394616960281	409394606283823
409394622594604	409394633396739	409394622990073
409394657880646	409394674490125	409394658429448
409394658212104	409394682710333	409394658437886
409394674797261	409394690930854	409394675087365
409394691431896	409394707370438	409394691764708
409394708192365	409394723805906	409394708565958
409394724801636	409394740244083	409394725095958
409394741461011	409394756683927	409394741760802
409394758119761	409394773122260	409394764708198
409394793251636	409394805998875	409394793769865
409394793557886	409394814218666	409394793776792
409394810123667	409394822439135	409394810530646
409394826776167	409394838876062	409394827069448
409394843460229	409394855313249	409394843762729
409394860135385	409394871749500	409394860423510
409394876800802	409394888187104	409394877095073
409394893556479	409394904623405	409394895672990
409394928129604	409394945720333	409394928545229
409394928443458	409394953939187	409394928612417
409394944980542	409394962157937	409394945267885
409394961642052	409394978597677	409394961924292
409394978371583	409394995033666	409394978732052
409394995078458	409395011471531	409394995372208
409395011689708	409395027910957	409395012094083
409395028431740	409395044346531	409395035700385
409395059359604	409395077218405	409395059667365
409395061752573	409395085437052	409395062037729
409395078420333	409395093656062	409395078701010
409395095125073	409395110091479	409395095399604
409395111723510	409395126528666	409395112110073
409395128409292	409395142965542	409395128689708
409395145096635	409395159403198	409395158291792
409395161885073	409395175838458	409395162235542
409395197667990	409395208711374	409395198012885
409395197886479	409395216927989	409395198028667
409395214584448	409395225147364	409395214966323
409395231307573	409395241582990	409395231588823
409395247936479	409395258020437	409395248227885
409395264664917	409395282675125	409395264947729
409395281307260	409395299113510	409395281579292
409395298035073	409395315553093	409395300574604
409395332103979	409395348426895	409395332943614
409395332336635	409395356646479	409395333328614
409395349021792	409395364864395	409395349318510
409395365705073	409395381294760	409395365997104
409395382408146	409395397725749	409395382675698
409395399088042	409395414157833	409395399366479
409395415722208	409395430592312	409395416144292
409395432465958	409395447027364	409395436882260
409395470203771	409395488119656	409395470562364
409395470394135	409395496337259	409395470569083
409395487177989	409395504554187	409395487472885
409395503811166	409395520989500	409395504127729
409395520487260	409395537424812	409395520851479
409395537128198	409395553859186	409395537457989
409395553791948	409395570295437	409395554068666
409395570517573	409395586730281	409395575913614
409395605439396	409395619602104	409395606342729
409395605748771	409395627821166	409395606405698
409395622341583	409395636038718	409395622628354
409395639070854	409395652474708	409395639351583
409395655717573	409395668909291	409395655995177
409395672394448	409395685343874	409395672671166
409395689055229	409395701779291	409395689327573
409395705740854	409395718215229	409395708585541
409395740817989	409395759305958	409395741129604
409395741043614	409395767525020	409395741135021
409395757718666	409395775743718	409395758012989
409395774399291	409395792179082	409395774688354
409395791084916	409395808614499	409395791358198
409395807732364	409395825049812	409395808108510
409395824411635	409395841484396	409395824697989
409395841098198	409395857922572	409395848108614
409395874553510	409395890799499	409395874818510
409395874933198	9223372036854775807	409395875035073
409395891552677	9223372036854775807	409395891879239

POLL t=110.5 tick=2039
8333333
409404901601267	409404916358715	409404901908298
409404918230225	409404932795902	409404918509444
409404934916736	409404949234444	409404935228298
409404951582882	409404965673090	409404951995330
409404968202830	409404982109704	409404968497257
409404984932257	409404998547100	409404986629132
409405019445382	409405031416840	409405019849392
409405019654132	409405039634236	409405019854600
409405036334861	409405047851944	409405036650486
409405052982569	409405064288142	409405053370798
409405069664288	409405080726371	409405069946736
409405086315850	409405097162621	409405086611892
409405102972725	409405113599027	409405103295642
409405119648975	409405130037829	409405122726892
409405155018663	409405171132777	409405155517204
409405155531163	409405179351579	409405155661788
409405171951007	409405187568871	409405172314132
409405188564444	409405204005589	409405188856163
409405205268038	409405220441110	409405205561736
409405221924757	409405236878610	409405222225069
409405238591007	409405253315850	409405238893819
409405255327413	409405269753350	409405258271944
409405290632413	409405302624913	409405290996319
409405291003975	409405310844131	409405291114861
409405307512413	409405319063090	409405307806944
409405324264444	409405335499651	409405324616788
409405340848819	409405351935694	409405341138923
409405357547881	409405368370173	409405357918975
409405374220329	409405384804756	409405374495694
409405390910381	409405401239339	409405395368663
409405425023506	409405442334131	409405425393454
409405425188038	409405450554183	409405425396631
409405441911319	409405458774131	409405442244131
409405458570850	409405475211683	409405458951006
409405475236267	409405491648871	409405475523819
409405491920954	409405508084860	409405492190538
409405508564861	409405524522516	409405508846892
409405525293819	409405540960224	409405526507361
409405560414756	409405573833767	409405560805694
409405560572673	409405582053974	409405560812725
409405577234913	409405590273350	409405577563038
409405593895538	409405606711527	409405594186788
409405610646163	409405623150641	409405610921475
409405627306579	409405639586527	409405627592725
409405643981111	409405656022204	409405644260173
409405660639444	409405672456943	409405663225850
409405694946319	409405713550381	409405695285850
409405695154756	409405721768089	409405695307725
409405711808819	409405729986163	409405712115850
409405728450694	409405746419287	409405728746631
409405745167985	409405762855173	409405745442985
409405761833506	409405779292308	409405762242725
409405778505798	409405795728246	409405778781892
409405795182413	409405812164235	409405795798923
409405829748350	409405845034808	409405830344131
409405829996788	409405853253350	409405830348663
409405846594288	409405861471475	409405846912569
409405863267881	409405877905641	409405863660694
409405879940694	409405894339704	409405880231892
409405896593038	409405910777621	409405896894704
409405913311788	409405935430746	409405928777204
409405929991788	409405943648766	409405930366319
409405974003767	409405984737256	409405974398142
409405974181319	409405992955328	409405974402881
409405990838975	409406001173297	409405991126475
409406007555485	409406025826995	409406007909444
409406024230485	409406042262672	409406024508923
409406040901006	409406058697985	409406041176110
409406057570329	409406075133662	409406057938506
409406074259392	409406091568037	409406074423194
409406108820537	409406124437412	409406109260694
409406109156631	409406132657308	409406109265381
409406125651579	409406140876891	409406125951162
409406142645694	409406157312672	409406142900069
409406159086319	409406173749496	409406159451892
409406175757881	409406190185901	409406176091214
409406192438662	409406206622880	409406192727881
409406209107256	409406223061422	409406217241475
409406239781475	409406255927777	409406240086162
409406242347412	409406264144391	409406242639287
409406259097100	409406272361995	409406259487412
409406275818194	409406288795381	409406276065642
409406292471631	409406305227985	409406292739548
409406309145642	409406321659182	409406309418975
409406325887569	409406338093870	409406336081631
409406360223194	409406370959964	409406360668298
409406360500850	409406379176891	409406360673975
409406377227725	409406395612411	409406377498298
409406393846006	409406412046735	409406394136891
409406410519391	409406428481735	409406410799704
409406427197725	409406444915641	409406427476006
409406443899912	409406461348246	409406456132204
409406460608350	409406477781578	409406460949704
409406490484287	409406502434183	409406490773819
409406493817204	409406510651526	409406494120537
409406510517360	409406527087255	409406510801475
409406527223819	409406543521370	409406527505850
409406543922881	409406559957725	409406544174600
409406560581162	409406576393922	409406560942204
409406577305173	409406592830745	409406581498662
409406612445381	409406625707047	409406612775850
409406612786318	409406633926370	409406612927256
409406629460068	409406642147307	409406629749756
409406646118662	409406658583505	409406646391006
409406662801162	409406675019495	409406663202100
409406679491475	409406691455329	409406679771318
409406696123766	409406716111109	409406711041110
409406712747412	409406724330381	409406713048506
409406747081318	409406765420485	409406747404287
409406747393766	409406773638037	409406747481891
409406764276683	409406781856630	409406764669287
409406780689235	409406798295693	409406780967881
409406797350068	409406814734443	409406797628662
409406813991110	409406831171995	409406814285693
409406830633506	409406847609547	409406843198818
409406865460693	409406880483401	409406865936631
409406865674600	409406888701683	409406865946735
409406882329391	409406896920589	409406882614443
409406899052412	409406913358610	409406899332829
409406915685225	409406929796006	409406915968506
409406932391475	409406946232516	409406932676318
409406949034704	409406970886891	409406963156943
409406965725693	409406979104391	409406966124600
409406999762985	409407011974547	409407000112100
409406999998037	409407020193818	409407000117516
409407016911110	409407028413453	409407017176631
409407033462100	409407044849599	409407033747412

POLL t=121.6 tick=2116
8333333
409416050188659	409416068549335	409416050474388
409416066824596	409416084984961	409416067108294
409416083489127	409416101420116	409416084933919
409416118104544	409416134291679	409416118494388
409416118257825	409416142509439	409416118506159
409416134977721	409416150727668	409416135351784
409416151625846	409416167163815	409416151936940
409416168326107	409416183600169	409416168597200
409416185001575	409416200039022	409416185285482
409416201649857	409416216477981	409416202015950
409416218334752	409416232914648	409416218838815
409416252978919	409416265786939	409416253338190
409416253145377	409416274006263	409416253362513
409416269815534	409416282226002	409416270108190
409416286541784	409416298665064	409416286854752
409416303201940	409416315104439	409416303575013
409416319824909	409416331542409	409416320125013
409416336490846	409416347982668	409416336777044
409416353224440	409416364421002	409416355707565
409416388048659	409416405514700	409416388445481
409416388277252	409416413732981	409416388451315
409416404936419	409416421952043	409416405375377
409416421566159	409416438387877	409416421860534
409416438246159	409416454827043	409416438561159
409416455039752	409416471267199	409416455320638
409416471647565	409416487708189	409416487571263
409416488319752	409416504149231	409416488670377
409416523817877	409416537027825	409416524185481
409416523987044	409416545246679	409416524192877
409416540670846	409416553464231	409416540942721
409416557402096	409416569900116	409416562205481
409416574058971	409416586337095	409416574340013
409416590721263	409416602778502	409416591005846
409416607376783	409416619216679	409416611909908
409416642122981	409416652089752	409416642951888
409416642422721	409416660309074	409416642959388
409416659019075	409416676745638	409416659332669
409416675675221	409416693179908	409416683755481
409416692406263	409416709617564	409416692676940
409416709070533	409416726056002	409416709440950
409416725714127	409416742495377	409416733227252
409416759646158	409416775373554	409416759946158
409416759821419	409416783592512	409416759958971
409416776488190	409416791812303	409416776801002
409416793175533	409416808252408	409416793459283
409416809871575	409416824692877	409416810244231
409416826494231	409416841134491	409416826826315
409416843163190	409416857573346	409416843446002
409416859886315	409416874013033	409416861530481
409416893967096	409416906888450	409416894372408
409416894342096	409416915107252	409416894485846
409416910799127	409416923327095	409416911190481
409416927511471	409416939766887	409416927855533
409416944194283	409416956206366	409416944470169
409416960850065	409416972646731	409416961133137
409416977500169	409416989086158	409416977793137
409416994225065	409417005524179	409416994383502
409417027213815	409417038405220	409417027560221
409417027564752	409417046624335	409417027676887
409417044213502	409417054843189	409417044499075
409417060934387	409417071279595	409417061215950
409417077588658	409417087719595	409417077867252
409417094222408	409417112382356	409417094511158
409417110935689	409417128821731	409417118569283
409417145179596	409417161699803	409417145537721
409417145557877	409417169919960	409417145692096
409417162074908	409417178140116	409417162347408
409417178803502	409417194580168	409417179113502
409417195442981	409417211019596	409417195726887
409417212113658	409417227460116	409417212487877
409417228792356	409417243902460	409417238465533
409417263082877	409417276785012	409417263471419
409417263274439	409417285004334	409417263479439
409417279924439	409417293224700	409417280223189
409417296627669	409417309666314	409417296909283
409417313303346	409417326105377	409417313675794
409417330045481	409417342546053	409417330325794
409417346708658	409417358987095	409417353506575
409417377021314	409417391863346	409417377331783
409417379967877	409417400082304	409417380290064
409417396703762	409417408303605	409417396978189
409417413368658	409417424744648	409417413727252
409417430065377	409417441183919	409417430331731
409417446710064	409417457620689	409417446981314
409417463508137	409417474058136	409417467217825
409417497943658	409417515152980	409417498380481
409417498369596	409417523373866	409417498521887
409417515008658	409417531594335	409417515415221
409417531745169	409417548036990	409417531913033
409417548523450	409417564480325	409417548794752
409417565065064	409417580925688	409417565352408
409417581776314	409417597366470	409417590969752
409417615397408	409417630243866	409417615855064
409417615662252	409417638464804	409417615861939
409417632413450	409417646685950	409417632698137
409417649041575	409417663127147	409417649324439
409417665744700	409417679568501	409417666017096
409417682422512	409417696007668	409417682701002
409417699096627	409417712446730	409417707035377
409417729101002	409417745327356	409417729381314
409417732308137	409417753547459	409417732607564
409417749049439	409417761767512	409417749320533
409417765776470	409417778208605	409417766049908
409417782415220	409417794646678	409417782692095
409417799047356	409417811088137	409417799323137
409417815761627	409417827528449	409417822238658
409417849843502	409417860408710	409417850267408
409417850195377	409417868629699	409417850271783
409417866783970	409417885071002	409417867097095
409417883477408	409417901512929	409417883783345
409417900166627	409417917955376	409417900446158
409417916947512	409417934393918	409417917282252
409417933551002	409417950834022	409417933833450
409417950230220	409417967272512	409417951274908
409417984322720	409418000148710	409417984678450
409417984510689	409418008367512	409417984703345
409418001179439	409418016586574	409418001481627
409418017846002	409418033023501	409418018237252
409418034557564	409418049459908	409418034826470
409418051223137	409418065896938	409418051506314
409418067909752	409418082335115	409418068187095
409418084575220	409418098773657	409418084847356
409418113865064	409418131652043	409418114288137
409418117900689	409418139872563	409418118247252
409418134596627	409418148092095	409418134895533
409418151233502	409418164531886	409418151518293
409418167934127	9223372036854775807	409418168216627

POLL t=133.3 tick=2192
8333333
409427652282248	409427667827508	409427665450529
409427688565946	409427700717195	409427688847873
409427688834279	409427708938602	409427688925373
409427705438654	409427717158810	409427705723967
409427722166310	409427733599435	409427722441883
409427738821467	409427750040008	409427739108602
409427755496571	409427766482455	409427755878029
409427772211154	409427791146727	409427783560529
409427808131258	409427824029695	409427808481415
409427808342717	409427832249435	409427808487404
409427824999279	409427840469227	409427825285008
409427841656779	409427856910424	409427841957248
409427858380060	409427873348133	409427858747196
409427875058810	409427889785060	409427875343342
409427891708810	409427906225789	409427903170685
409427927628602	409427939106258	409427927991779
409427927860060	409427947326414	409427928028967
409427944496727	409427955547924	409427944788029
409427961209279	409427971991466	409427961585842
409427977839279	409427988434487	409427978125060
409427994515790	409428013093393	409427994820217
409428011163029	409428029535685	409428021118498
409428046773498	409428062419956	409428047157560
409428046955529	409428070641726	409428047163498
409428063625008	409428078863081	409428064061623
409428080312196	409428095305893	409428080594435
409428096997039	409428111749643	409428097273967
409428113669696	409428128195112	409428113936414
409428130319748	409428144641622	409428141712508
409428167183446	409428177528549	409428167568758
409428167343185	409428185750789	409428167576779
409428184036102	409428202192248	409428184314435
409428200719071	409428218635737	409428201000373
409428217400685	409428235078289	409428217696727
409428234076623	409428251520893	409428234358654
409428250720841	409428267963861	409428264144279
409428267424904	409428284410164	409428267813758
409428306416310	409428317299487	409428306838289
409428306625529	409428325522768	409428306852977
409428323345008	409428333746414	409428323701102
409428340054227	409428358413184	409428340318185
409428356665841	409428366635320	409428357047716
409428373336154	409428391304174	409428373617404
409428390000685	409428407751049	409428390272508
409428406682248	409428424198966	409428407053029
409428443158810	409428457090529	409428443562196
409428443460529	409428465313081	409428443573966
409428459998446	409428473535268	409428460396727
409428476680685	409428489979487	409428476967716
409428493358966	409428506424331	409428493643133
409428510049591	409428522867091	409428510333446
409428526681883	409428539309643	409428526971466
409428543418289	409428555756623	409428543794383
409428579849852	409428596870372	409428580201623
409428580088498	409428605093080	409428580216779
409428596690373	409428613316154	409428597019279
409428613413810	409428629762456	409428613695685
409428630083498	409428646207612	409428630361935
409428646747716	409428662651570	409428647038133
409428663414435	409428679094434	409428663785529
409428680101779	409428695535632	409428680431466
409428716272404	409428728419590	409428716606570
409428716448029	409428736639279	409428716615789
409428733116779	409428744860893	409428733405008
409428749836935	409428761303602	409428750112716
409428766509123	409428777746675	409428766880633
409428783139123	409428794192924	409428783423133
409428799836102	409428818862195	409428813686102
409428816497873	409428827084851	409428816851466
409428852289227	409428868184747	409428852668029
409428852519435	409428876405841	409428852673758
409428869165685	409428884626674	409428869600216
409428885857404	409428901066935	409428886152248
409428902550633	409428917510060	409428902830529
409428919220008	409428933952768	409428919491883
409428935881154	409428950393028	409428936158602
409428952543133	409428966833549	409428952902195
409428988857820	409428999711414	409428989247247
409428989133497	409429007932611	409428989270685
409429005883966	409429016154799	409429006186414
409429022509695	409429040817247	409429022832091
409429039181883	409429057259018	409429039462247
409429055801258	409429073703236	409429056182039
409429072516883	409429090143341	409429078634383
409429108218289	409429123020580	409429108493602
409429108741310	409429131241153	409429109170529
409429125427352	409429139462351	409429125718445
409429142174852	409429155903080	409429142462508
409429158797247	409429172341622	409429159177716
409429175498966	409429188778705	409429175769383
409429192170320	409429205218185	409429203035529
409429226617195	409429238095528	409429226901258
409429226993029	409429246315580	409429227108185
409429243589070	409429254533602	409429243891622
409429260250685	409429270972508	409429260621414
409429276988185	409429295631101	409429277268445
409429293621310	409429303851205	409429293909279
409429310302820	409429328508080	409429322971622
409429327009122	409429344945163	409429327362716
409429364150997	409429377829226	409429364495372
409429364418654	409429386050424	409429364496154
409429381129591	409429394271101	409429381431310
409429397783289	409429410710581	409429398052247
409429414470945	409429427153705	409429414780164
409429431138914	409429443594122	409429431414435
409429447773445	409429460033913	409429455620372
409429484362872	409429501137820	409429484750060
409429484677351	409429509358028	409429484793810
409429501404122	409429517577351	409429501696310
409429518090476	409429534018237	409429518368758
409429534729747	409429550458392	409429535005685
409429551390320	409429566897403	409429551665685
409429568070528	409429583337768	409429580202820
409429604280216	409429616218549	409429604632560
409429604533028	409429624438341	409429604637351
409429621161883	409429632659278	409429621457351
409429637837403	409429649098705	409429638133341
409429654550476	409429665539747	409429654787247
409429671214747	409429681981726	409429671504435
409429687830841	409429706647039	409429698578653
409429723335008	409429739532038	409429723672872
409429723546414	409429747752715	409429723679278
409429740264435	409429755973236	409429740523028
409429756856726	409429772414955	409429757250164
409429773571622	409429788855528	409429773858966
409429790251570	409429805296725	409429790537872
409429806909435	409429821736882	409429817680476

POLL t=144.4 tick=2270
8333333
409438884119535	409438897851150	409438884434900
409438900788910	409438914290889	409438901191619
409438917445837	409438930730994	409438917736567
409438934174275	409438947171775	409438934471879
409438950855473	409438963611357	409438951131462
409438967468910	409438980051878	409438975992712
409439000676306	409439012933701	409439000904379
409439000861306	409439021153233	409439000974744
409439017614587	409439029371826	409439017872712
409439034244275	409439045811722	409439034522244
409439050911306	409439062252816	409439051185160
409439067581931	409439078693233	409439067851306
409439084289900	409439095133702	409439086748181
409439118708598	409439136241983	409439119018494
409439118938962	409439144463494	409439119079587
409439135549744	409439152685421	409439135835525
409439152268285	409439169127400	409439152568181
409439168942400	409439185572034	409439169267400
409439185608806	409439202012712	409439185884848
409439202260941	409439218453284	409439214645004
409439218953910	409439234898076	409439219321931
409439254323025	409439267790368	409439254754275
409439254557087	409439276012920	409439254762400
409439271209119	409439284236462	409439271511775
409439287846723	409439300681878	409439288144744
409439304504744	409439317127295	409439304933337
409439321183285	409439333569222	409439321471254
409439337828285	409439350013597	409439338445473
409439372978441	409439382899118	409439373385004
409439373128598	409439391119743	409439373391566
409439389905473	409439407562243	409439390200004
409439406655785	409439424007139	409439407182243
409439423437816	409439440451774	409439423712087
409439439965525	409439456896098	409439440245368
409439456654118	409439473338857	409439463169743
409439491469431	409439506224951	409439491810629
409439491681931	409439514446774	409439491824223
409439508337035	409439522667347	409439508710837
409439525055993	409439539107712	409439525319118
409439541708181	409439555547451	409439541989900
409439558374066	409439571987816	409439558646566
409439575053962	409439588427399	409439578323285
409439609747035	409439621306149	409439610490681
409439610030993	409439629526513	409439610497087
409439626649118	409439637746513	409439626968650
409439643298441	409439654189066	409439643589587
409439660079691	409439670630524	409439660315056
409439676690004	409439695294743	409439676963962
409439693342973	409439711738545	409439704573181
409439710021879	409439728181357	409439710406150
409439744381931	409439761072243	409439746922035
409439744637868	409439769295212	409439746934587
409439761307660	409439777517764	409439762119223
409439777985681	409439793961149	409439778269900
409439794664431	409439810403128	409439794946306
409439811328493	409439826844691	409439811711618
409439828041931	409439843287764	409439836528493
409439861690004	409439876168545	409439862066306
409439861958337	409439884388544	409439862070785
409439878628285	409439892607607	409439878910212
409439895222400	409439909045055	409439895505837
409439911956618	409439925482816	409439912325056
409439928627504	409439941923233	409439928905316
409439945314587	409439958367660	409439949093962
409439979333181	409439991250941	409439979668597
409439979499743	409439999471982	409439979680525
409439996170056	409440007691722	409439996458754
409440012829587	409440024130108	409440013217816
409440029509587	409440040569222	409440029810472
409440046173597	409440057007555	409440046465004
409440062845993	409440073448232	409440068540368
409440097024847	409440114540680	409440097504118
409440097417712	409440122759794	409440097504899
409440113913441	409440130978857	409440114363649
409440130631462	409440147419691	409440130945212
409440147304222	409440163860419	409440147586149
409440164242347	409440180299638	409440164401306
409440180720316	409440196740055	409440194110785
409440197358024	409440213178962	409440197668962
409440231717399	409440246053858	409440232066410
409440231964222	409440254272034	409440232067347
409440248673806	409440262490576	409440248974743
409440265316931	409440278925471	409440265596774
409440282034118	409440295361305	409440282311410
409440298722087	409440311796878	409440299004274
409440315354535	409440328230159	409440318473649
409440347913649	409440361098753	409440348184066
409440348603962	409440369317243	409440348921149
409440365373910	409440377534482	409440365677243
409440382071462	409440393966461	409440382350368
409440398741722	409440410398701	409440399018024
409440415388754	409440426831461	409440415763493
409440432377712	409440443267451	409440438635837
409440464662660	409440476142086	409440464959431
409440465387399	409440484360367	409440465729691
409440482117399	409440492579378	409440482389118
409440498733753	409440509016930	409440499051097
409440515448024	409440533673024	409440515805993
409440532179431	409440550112867	409440532452087
409440548876149	409440566553545	409440552066462
409440581886878	409440599430524	409440582292868
409440582207243	409440607651722	409440582293493
409440598940628	409440615872399	409440599188649
409440615540472	409440632311357	409440615987660
409440632217243	409440648750837	409440632488024
409440648952868	409440665188441	409440649231462
409440665611931	409440681628753	409440670731097
409440700497816	409440714506253	409440700787555
409440700983024	409440722724170	409440701146462
409440717633024	409440730942138	409440718023649
409440734268285	409440747380575	409440734558649
409440750933649	409440763820003	409440751234691
409440767649274	409440780261357	409440767937660
409440784312243	409440796697867	409440792600003
409440818769899	409440829574014	409440819129274
409440819044274	409440837792868	409440819141410
409440835690785	409440846013492	409440836230993
409440852381305	409440862456097	409440852661149
409440869038024	409440887118961	409440869307503
409440885704743	409440903560732	409440885977399
409440902395003	409440920003128	409440909866722
409440934360212	409440944665367	409440934705055
409440935658805	409440952885992	409440935993753
409440952452555	409440969326357	409440952710628
409440969068180	409440985766878	409440969345524
409440985747087	409441002207347	409440986021462
409441002431305	9223372036854775807	409441002703285

POLL t=155.6 tick=2394
8333333
409449980043646	409449994435364	409449980295521
409449996688489	409450010870885	409449996961771
409450013354219	409450027308176	409450013539896
409450059196458	409450076619009	409450059998333
409450059390989	409450084838906	409450060025521
409450076064687	409450093058541	409450076350833
409450092778177	409450109496875	409450093052396
409450109388594	409450125935676	409450109686302
409450126124062	409450142374270	409450126404114
409450142792187	409450158813229	409450147072083
409450179186458	409450191695052	409450179774375
409450179490521	409450199916249	409450179781146
409450196126302	409450208136197	409450196429427
409450212770833	409450224577968	409450213055989
409450229456927	409450241017500	409450229727708
409450246124271	409450257457343	409450246403489
409450262787396	409450273896874	409450272738177
409450298907396	409450314997760	409450299303802
409450299231302	409450323218072	409450299304531
409450315822864	409450331438749	409450316118333
409450332533802	409450347880885	409450332804843
409450349186146	409450364320468	409450349473281
409450365857187	409450380759739	409450366270052
409450382533750	409450397197395	409450385943646
409450419118333	409450430074114	409450419653281
409450419407239	409450438294218	409450419660521
409450435980833	409450446513385	409450436284114
409450452692500	409450462952135	409450452979062
409450469336458	409450479390416	409450469709896
409450486034739	409450504046874	409450486323021
409450502694427	409450520485156	409450513807396
409450539366875	409450553363332	409450539727187
409450539592239	409450561583384	409450539737031
409450556189583	409450569803384	409450556578437
409450572922395	409450586241770	409450573208020
409450589629687	409450602683176	409450589906458
409450606295000	409450619124426	409450606573593
409450622957083	409450635563176	409450627543489
409450658630208	409450676663072	409450659377239
409450658911250	409450684882343	409450659381927
409450675773125	409450693101249	409450676102239
409450692401770	409450709540520	409450692712187
409450709089895	409450725981249	409450709400989
409450725807708	409450742422447	409450726108489
409450742470677	409450758866614	409450753662031
409450778210677	409450791750624	409450778556302
409450778593645	409450799972915	409450778690052
409450795121093	409450808194218	409450795411614
409450811830989	409450824636405	409450812090364
409450828498020	409450841082031	409450828775833
409450845142239	409450857528645	409450845424895
409450861801302	409450873974114	409450868230677
409450896952552	409450906863020	409450897360833
409450897170781	409450915084322	409450897364739
409450913841562	409450931527655	409450914191458
409450930515677	409450947971926	409450930803958
409450947197187	409450964411978	409450947475833
409450963863333	409450980851718	409450964234427
409450980519062	409450997291926	409450991803749
409450997203802	409451013733541	409450997568177
409451034086614	409451046611458	409451034492864
409451034338177	409451054830624	409451034501927
409451050953177	409451063049218	409451051275364
409451067693645	409451079487291	409451068090989
409451084302552	409451095924113	409451084587395
409451101018958	409451112359686	409451101295989
409451117769895	409451128799218	409451122115520
409451153516093	409451169902343	409451153965312
409451154054739	409451178122291	409451154244270
409451170511614	409451186341144	409451170955677
409451187157239	409451202779113	409451187452656
409451203906093	409451219216196	409451204189687
409451220556301	409451235650207	409451220839114
409451237184999	409451252087083	409451249598749
409451253902708	409451268525207	409451254252812
409451291596874	409451309621249	409451292019426
409451291920833	409451317839634	409451292020520
409451308545520	409451326058020	409451308838958
409451325227656	409451342496457	409451325507239
409451341908020	409451358934895	409451342223489
409451358561406	409451375372655	409451358936718
409451375292656	409451391810311	409451375540937
409451411132864	409451424684218	409451411475364
409451411366301	409451432903228	409451411482239
409451428103749	409451441122447	409451428409114
409451444741614	409451457564374	409451445023489
409451461452343	409451474001301	409451461817187
409451478148489	409451490435363	409451478414739
409451494811249	409451506869686	409451500480051
409451525057708	409451539745989	409451525405208
409451528051926	409451547964738	409451528360364
409451544800468	409451556184165	409451545079739
409451561396301	409451572625416	409451561767812
409451578082708	409451589064634	409451578361458
409451594766614	409451605503488	409451595045208
409451611517499	409451621942238	409451615125155
409451644594843	409451663041718	409451644943489
409451644769530	409451671262342	409451644947864
409451661526770	409451679482499	409451661913020
409451678218176	409451695921873	409451678497030
409451694880520	409451712361717	409451695165155
409451711543801	409451728804530	409451711814895
409451728366562	409451745245780	409451732968333
409451764028020	409451778128384	409451764459583
409451764200208	409451786348072	409451764464114
409451780924270	409451794568020	409451781211249
409451797627030	409451811004530	409451797908280
409451814268645	409451827442811	409451814548645
409451830972864	409451843882186	409451831251770
409451847613749	409451860321613	409451851782707
409451883484426	409451901426404	409451883903176
409451883763280	409451909648124	409451883917864
409451900373593	409451917868644	409451900635364
409451917043489	409451934309530	409451917332030
409451933730624	409451950748852	409451934008645
409451950399374	409451967189270	409451950679895
409451967058957	409451983631092	409451976818176
409452001909895	409452016515259	409452002262343
409452002145207	409452024735519	409452002267864
409452018789114	409452032956977	409452019073801
409452035455676	409452049398645	409452035775051
409452052143957	409452065839425	409452052431562
409452068884582	409452082280832	409452069258957
409452085504114	409452098721092	409452089761301
409452120629895	409452131600467	409452121033593
409452120888801	409452139819999	409452121034270
409452137574739	409452148040103	409452137885468

POLL t=166.8 tick=2477
8333333
409461201427391	409461214534266	409461204695777
409461235799735	409461247410777	409461236176089
409461236063641	409461255629474	409461236182548
409461252768954	409461263849006	409461253088798
409461269378798	409461280288328	409461269661923
409461286070933	409461296726089	409461286350829
409461302740933	409461313163276	409461303030048
409461319394058	409461329598797	409461324021766
409461353658433	409461370688901	409461354007860
409461354000516	409461378907963	409461354125777
409461370556766	409461387127495	409461371061923
409461387178121	409461403565568	409461387484891
409461403887391	409461420006245	409461404174839
409461420549423	409461436446401	409461420911402
409461437297391	409461452888432	409461438279579
409461471018485	409461485773068	409461471367079
409461471212964	409461493993328	409461471382183
409461487882391	409461502212859	409461488173329
409461504572391	409461518652338	409461504891766
409461521283798	409461535091193	409461521705048
409461537942183	409461551529943	409461538220360
409461554598589	409461567969318	409461565872235
409461571277495	409461584406558	409461571635204
409461606378120	409461617283797	409461606997808
409461606635048	409461625502443	409461607066923
409461623264058	409461633722079	409461623577860
409461639994579	409461650162703	409461640278485
409461656649579	409461666600829	409461656925985
409461673319266	409461691260412	409461673588641
409461690027235	409461707699942	409461690387027
409461724521610	409461740582078	409461724938641
409461724830777	409461748802339	409461724982235
409461741356141	409461757022599	409461741654579
409461758119058	409461773458692	409461758476297
409461774757860	409461789896713	409461775038016
409461791424579	409461806334162	409461791696089
409461808090672	409461822770516	409461816486766
409461842611922	409461855642704	409461842955620
409461842834214	409461863862286	409461842960985
409461859480777	409461872080881	409461859780152
409461876206402	409461888520203	409461876481297
409461892863641	409461904960567	409461893136610
409461909523641	409461921400984	409461909934266
409461926189891	409461937840099	409461926507547
409461960290672	409461970719994	409461960670985
409461960464735	409461978938433	409461960689110
409461977131610	409461995374526	409461977429579
409461993810672	409462011810307	409461994098954
409462010505152	409462028248693	409462010922964
409462027157235	409462044685880	409462027443954
409462043883797	409462061119838	409462046146402
409462078025985	409462093988954	409462078409735
409462078196141	409462102206505	409462078441766
409462094912860	409462110424162	409462095162339
409462111546297	409462126860672	409462111950985
409462128206922	409462143299161	409462128500204
409462144881297	409462159736818	409462145172547
409462161550360	409462176175672	409462167143901
409462195815047	409462209055724	409462196191089
409462196187547	409462217275620	409462196369526
409462212618329	409462225495099	409462213009370
409462229333954	409462241935620	409462229633797
409462246048120	409462258374526	409462246326610
409462262715829	409462274810776	409462262984891
409462279398329	409462291246193	409462281941766
409462313698954	409462332338537	409462314352391
409462313977183	409462340556661	409462314358016
409462330631089	409462348774942	409462330944683
409462347292026	409462365209942	409462347565203
409462363990776	409462381649005	409462364260516
409462380656766	409462398085724	409462380935047
409462397346922	409462414524109	409462402184266
409462430966870	409462447405098	409462431324891
409462431254995	409462455626453	409462431325672
409462447800203	409462463847130	409462448077391
409462464479578	409462480282911	409462464766297
409462481190047	409462496717598	409462481466922
409462497899891	409462513156193	409462498172235
409462514485828	409462529594995	409462516126610
409462547497964	409462562467859	409462547809214
409462547937860	409462570686348	409462548061922
409462564707391	409462578905567	409462565003953
409462581380360	409462595344422	409462581653953
409462598037495	409462611783068	409462598321714
409462614730203	409462628221766	409462627734214
409462631485672	409462644661401	409462631837391
409462665765985	409462677542235	409462666059266
409462666222183	409462685763067	409462666334422
409462682813901	409462693984057	409462683136922
409462699438641	409462710422807	409462699716089
409462716121766	409462726861505	409462716487078
409462732740047	409462751521401	409462743655933
409462767088953	409462784399630	409462767413901
409462767409214	409462792620099	409462767530985
409462784245776	409462800839995	409462784567495
409462800732339	409462817278692	409462801010203
409462817488328	409462833717702	409462817866401
409462834087182	409462850157338	409462834369682
409462850833797	409462866598380	409462852837547
409462884465203	409462899479005	409462884830985
409462884852391	409462907699005	409462885033328
409462901502235	409462915917547	409462901806453
409462918132651	409462932356141	409462918515828
409462934796401	409462948795932	409462935072860
409462951487391	409462965233848	409462951756766
409462968254891	409462981672338	409462970881766
409463002533953	409463014547807	409463003234526
409463003029891	409463022766818	409463003732703
409463019689891	409463030985046	409463020096401
409463036338328	409463047423172	409463036650620
409463053002547	409463063862963	409463053270464
409463069661089	409463080302078	409463069941401
409463086340151	409463104957181	409463093428953
409463119996297	409463137834994	409463120533328
409463120385672	409463146053380	409463120545776
409463136917339	409463154271765	409463137210203
409463153646453	409463170708484	409463153951870
409463170300047	409463187146296	409463170576245
409463186926245	409463203585984	409463187262182
409463203735047	409463220025671	409463204185203
409463237396609	409463252905046	409463237752703
409463237553016	409463261126348	409463237762026
409463254255932	409463269346609	409463254582703
409463270964109	409463285785828	409463271279422
409463287655672	409463302224005	409463287926141
409463304296401	409463318658952	409463304575516
409463320924057	409463335096192	409463330133432

POLL t=178.0 tick=2562
8333333
409472371131866	409472385610512	409472371598637
409472387732700	409472402049991	409472388078012
409472404458950	409472418490407	409472404741398
409472421133637	409472434929938	409472421408950
409472437816241	409472451370407	409472439182023
409472471065200	409472484247439	409472471599679
409472471229679	409472492465772	409472471626085
409472487895929	409472500684366	409472488207700
409472504587648	409472517122700	409472504950512
409472521237648	409472533560199	409472521568741
409472537893429	409472549998481	409472538190460
409472554584991	409472566437387	409472563477543
409472588114835	409472599321293	409472588438481
409472588308012	409472607543220	409472588442543
409472604930981	409472615764054	409472605244522
409472621624575	409472632205199	409472621913637
409472638278116	409472648646084	409472638568325
409472654959106	409472665088064	409472655253950
409472671684835	409472689751241	409472674103897
409472705319418	409472722631502	409472705700200
409472705499418	409472730851918	409472705707804
409472722172700	409472739074314	409472722462491
409472738813325	409472755514990	409472739107700
409472755562700	409472771955720	409472755819418
409472772218481	409472788395616	409472772599991
409472788870512	409472804833585	409472795828950
409472821900981	409472837714939	409472822222543
409472822218793	409472845935824	409472822332022
409472838878949	409472854155824	409472839171606
409472855582387	409472870595668	409472855871762
409472872275512	409472887036657	409472872679731
409472888952491	409472903474313	409472889229210
409472905625460	409472919911345	409472907027647
409472948251554	409472961006032	409472948573168
409472948392804	409472969225615	409472948576554
409472965029679	409472977444991	409472965422022
409472981756606	409472993883012	409472982038272
409472998460512	409473010323220	409472998744418
409473015129106	409473026765459	409473015402387
409473031820981	409473043207230	409473032718481
409473065449262	409473076084782	409473065987543
409473065647335	409473084303220	409473065993897
409473082307387	409473092522542	409473082610512
409473098960668	409473108961345	409473099255668
409473115685824	409473133622074	409473115962074
409473132353116	409473150064157	409473132628012
409473149082804	409473166508011	409473155515616
409473182119574	409473199386970	409473182485356
409473182352074	409473207606501	409473182488012
409473199062856	409473215826813	409473199353481
409473215695147	409473232267334	409473215991241
409473232387543	409473248704678	409473232663741
409473249060981	409473265144313	409473249336553
409473265743324	409473281584209	409473271637543
409473299299574	409473314459939	409473299690460
409473299579887	409473322679574	409473299702178
409473316166241	409473330898793	409473316470043
409473332863637	409473347336449	409473333182699
409473349558324	409473363775251	409473349836710
409473366219418	409473380215876	409473366594678
409473382917231	409473396654157	409473384739366
409473416227387	409473429535876	409473416600824
409473416409731	409473437756293	409473416627022
409473433094418	409473445976970	409473433367231
409473449734835	409473462416345	409473450017491
409473466451449	409473478854834	409473466816449
409473483139574	409473495294938	409473483405772
409473499823741	409473511732282	409473504290512
409473533151449	409473544604990	409473533529262
409473533304105	409473552825459	409473533553168
409473549978428	409473561045771	409473550276137
409473566679418	409473577483844	409473567100043
409473583365980	409473593923115	409473583641397
409473600050668	409473618583480	409473600311762
409473616704418	409473635024574	409473622519887
409473650016762	409473667905980	409473650383793
409473650315043	409473676124886	409473650400980
409473666929835	409473684343949	409473667204522
409473683627699	409473700779521	409473683998793
409473700356918	409473717216552	409473700641918
409473716950355	409473733653584	409473717229418
409473733730512	409473750089105	409473733858480
409473769088012	409473782967803	409473769571085
409473769309053	409473791185668	409473769577647
409473786059262	409473799404626	409473786404053
409473802667230	409473815840511	409473802945147
409473819389678	409473832277959	409473819659105
409473836137178	409473856933740	409473849107543
409473852807074	409473865152803	409473853136293
409473885582647	409473898028584	409473885903949
409473886051449	409473906247022	409473886159887
409473902795980	409473914466084	409473903073480
409473919443480	409473930901917	409473919715199
409473936148012	409473947339834	409473936421137
409473952783168	409473963780355	409473953052230
409473969388793	409473980219105	409473979110512
409473999261605	409474013097490	409473999551762
409474002847959	409474021317803	409474003169418
409474019439105	409474037758428	409474019720616
409474036185355	409474054196813	409474036453116
409474052771137	409474070635876	409474053043897
409474069422699	409474087076397	409474083716918
409474086131605	409474103518636	409474086507230
409474115286761	409474128176240	409474115606605
409474119340511	409474136394521	409474119630928
409474136092230	409474152831917	409474136369991
409474152709209	409474169268376	409474153002022
409474169486397	409474185704573	409474169875043
409474186093584	409474202142802	409474192182803
409474221157647	409474235019521	409474221557855
409474221821709	409474243238115	409474221998793
409474238360199	409474251458375	409474238668168
409474254849261	409474267897542	409474255134886
409474271496605	409474284334573	409474271887543
409474288218793	409474300774677	409474288500147
409474304907491	409474317214209	409474308215668
409474337279418	409474350090251	409474337637803
409474338235355	409474358309001	409474338690616
409474354863584	409474366528375	409474355179522
409474371529105	409474382967907	409474371909886
409474388251449	409474399407594	409474388524418
409474404930303	409474415844990	409474405224418
409474421615824	409474432282126	409474426254678
409474450104730	409474465155719	409474450406084
409474454853324	409474473374209	409474455170824
409474471610303	409474489814313	409474471986449
409474488263324	409474506253479	409474488539678

POLL t=189.1 tick=2648
8333333
409483504447227	409483516133268	409483504886445
409483521155612	409483532578477	409483521438008
409483537827643	409483549024831	409483538102018
409483554493581	409483565472435	409483554776445
409483571192852	409483581916862	409483571538425
409483604662175	409483614806914	409483605458477
409483604832331	409483623029935	409483605468008
409483621545612	409483639475091	409483621922695
409483638229987	409483655918945	409483638511862
409483654902383	409483672363945	409483655189258
409483671558789	409483688809049	409483684307383
409483688246914	409483705255039	409483688617539
409483722034102	409483738151288	409483722388164
409483722199675	409483746375767	409483722401445
409483738878164	409483754599101	409483739177643
409483755533477	409483771044779	409483755862383
409483772255299	409483787488581	409483772527799
409483788940924	409483803932643	409483789215039
409483805563477	409483820378059	409483810524674
409483838596758	409483853267747	409483838946706
409483838949883	409483861490403	409483839052331
409483855641758	409483869713424	409483855929883
409483872354727	409483886156601	409483872663633
409483889037070	409483902600038	409483889314570
409483905691862	409483919044934	409483906068633
409483922361081	409483935491914	409483927640352
409483955539362	409483968382643	409483955876133
409483955738633	409483976604465	409483955882070
409483972393476	409483984826236	409483972687070
409483989086445	409484001269414	409483989377383
409484005781549	409484017711028	409484006173320
409484022458633	409484034154361	409484022732226
409484039136758	409484050595195	409484039529570
409484073891081	409484091706028	409484074187695
409484074061758	409484099927173	409484074193789
409484090771914	409484108148215	409484091109362
409484107392695	409484124592434	409484107833320
409484124171133	409484141036288	409484124443008
409484140789883	409484157484153	409484141091289
409484157518476	409484173929934	409484157715039
409484190730508	409484206820195	409484191106706
409484190928945	409484215043997	409484191130508
409484207609518	409484223268632	409484208153320
409484224246289	409484239714049	409484224541758
409484240979726	409484256155403	409484241260351
409484257629258	409484272599153	409484257913424
409484274327226	409484289044205	409484279436028
409484308428737	409484321927694	409484309010195
409484308573945	409484330148684	409484309019258
409484325253164	409484338369518	409484325542383
409484341955195	409484354810455	409484342256601
409484358611237	409484371253163	409484358933008
409484375309570	409484387695819	409484375593633
409484392019258	409484404136705	409484398451133
409484425275351	409484437019778	409484425653945
409484425519101	409484445240559	409484425659414
409484442157330	409484453462278	409484442471445
409484458882539	409484469904153	409484459153789
409484475545768	409484486345091	409484475834883
409484492210508	409484502787174	409484492492018
409484508897851	409484519228476	409484510854414
409484541362330	409484552111237	409484541695195
409484542180976	409484560333372	409484542542955
409484558856445	409484576777955	409484559139258
409484575512383	409484593220976	409484575798164
409484592191549	409484609664777	409484592476758
409484608914101	409484626106028	409484609283737
409484625583789	409484642548268	409484625955664
409484659150768	409484675434726	409484659589882
409484659486237	409484683655611	409484659596289
409484675996132	409484691877018	409484676284414
409484692712851	409484708320923	409484692988789
409484709384205	409484724762955	409484709755924
409484726055612	409484741206549	409484726331914
409484742741549	409484757648371	409484745669882
409484777032226	409484790531809	409484777333320
409484777178320	409484798752330	409484777347070
409484793950351	409484806971288	409484794237070
409484810615768	409484823407903	409484810993268
409484827288112	409484839846549	409484827579049
409484844062226	409484856285090	409484844293320
409484860762487	409484872724934	409484862541132
409484894070768	409484905598736	409484894418007
409484894275664	409484913817851	409484894438580
409484911065768	409484922037486	409484911553945
409484927699726	409484938475195	409484927975039
409484944393007	409484954914101	409484944668580
409484961050924	409484979574986	409484961327955
409484977705195	409484996015299	409484988076132
409485011734362	409485028890871	409485012155299
409485012105820	409485037110246	409485012155976
409485028761757	409485045330819	409485029075195
409485045440664	409485061770976	409485045716757
409485062125768	409485078215611	409485062391914
409485078790611	409485094658788	409485079060611
409485095468007	409485111100351	409485095744518
409485129568007	409485143984309	409485129898164
409485129782174	409485152204934	409485129903789
409485146548320	409485160426236	409485146843893
409485163197539	409485176866548	409485163473268
409485179866914	409485193309413	409485180139257
409485196567643	409485209751028	409485196837539
409485213358893	409485226193007	409485216461914
409485245801445	409485259075715	409485246099205
409485246432174	409485267297798	409485246762330
409485263326913	409485275519621	409485263503163
409485279890507	409485291964204	409485280173424
409485296588320	409485308405923	409485296863632
409485313249882	409485324846340	409485313610611
409485329895507	409485341285924	409485330130351
409485363440611	409485374167330	409485363865351
409485363828632	409485382389518	409485363968580
409485380317538	409485398832642	409485380607382
409485397032070	409485415273840	409485397306288
409485413699986	409485431717278	409485414078424
409485430373424	409485448159204	409485430660195
409485447050507	409485464600976	409485452069674
409485480400195	409485497489204	409485480789101
409485480735507	409485505710715	409485480907695
409485497320455	409485513932851	409485498759413
409485514048632	409485530373736	409485514397018
409485530687538	409485546818632	409485530968007
409485547339257	409485563260455	409485547612486
409485564082382	409485579701809	409485569555924
409485597263580	409485612589049	409485597603945
409485597489570	409485620810819	409485597608945
409485614280195	9223372036854775807	409485614741705

POLL t=200.2 tick=2733
8333333
409494637545295	409494662846024	409494637732222
409494654248629	409494671066128	409494654788889
409494670879514	409494687508212	409494671220191
409494687576441	409494703948056	409494687856754
409494704245764	409494720384566	409494704533316
409494720946441	409494736823836	409494725510452
409494754452795	409494769703263	409494754984566
409494754744410	409494777922847	409494754990452
409494771314983	409494786143316	409494771607066
409494788081129	409494802583785	409494788341129
409494804706285	409494819025659	409494804977379
409494821377691	409494835469461	409494821653004
409494838039566	409494851910555	409494838266129
409494870913004	409494884794253	409494871296129
409494871336910	409494893015919	409494871509254
409494888092483	409494901237118	409494888377379
409494904725035	409494917681284	409494905039722
409494921396129	409494934126441	409494921723316
409494938056441	409494950570712	409494938343316
409494954728420	409494967013941	409494963675191
409494988126076	409494999900868	409494988463576
409494988383264	409495008122482	409494988468004
409495004965816	409495016344826	409495005260347
409495021656129	409495032785191	409495021950347
409495038319566	409495049225608	409495038648160
409495054997535	409495065668263	409495055383733
409495071738889	409495090327326	409495072071597
409495105271128	409495123208940	409495105603628
409495105458785	409495131430295	409495105617066
409495122183472	409495139651961	409495122441076
409495138789358	409495156094826	409495139085503
409495155506128	409495172537170	409495155906285
409495172186233	409495188979200	409495172473316
409495188852222	409495205423315	409495193159097
409495221736389	409495238312170	409495222077847
409495222183160	409495246533524	409495222314722
409495238859410	409495254753420	409495239169097
409495255541753	409495271192430	409495255908733
409495272208316	409495287631701	409495272501910
409495288908628	409495304070815	409495289177535
409495305636910	409495320508888	409495309005920
409495337900191	409495353385972	409495338242483
409495338923941	409495361605815	409495339286701
409495355584410	409495369825139	409495356010503
409495372288316	409495386263836	409495372566128
409495388939097	409495402704930	409495389215347
409495405608733	409495419145920	409495405888733
409495422299201	409495435588003	409495427114878
409495455498785	409495468471285	409495456055660
409495455714253	409495476692066	409495456063889
409495472359566	409495484913523	409495472656233
409495489050972	409495501357013	409495489382326
409495505727483	409495517798836	409495506011753
409495522453941	409495534242066	409495522717066
409495539133889	409495550683159	409495541329670
409495572900972	409495583565242	409495573255503
409495573213628	409495591786649	409495573383732
409495589733003	409495600009201	409495590026910
409495606426076	409495624672742	409495606781701
409495623144253	409495641115503	409495623422326
409495639787170	409495657556648	409495640084982
409495656424410	409495673997118	409495667097795
409495690846441	409495706882899	409495691189566
409495691035347	409495715105555	409495691197951
409495707698785	409495723327795	409495707986597
409495724398628	409495739771545	409495724675660
409495741076284	409495756216076	409495741353316
409495757746284	409495772660555	409495758115347
409495774435191	409495789106180	409495774611232
409495807443316	409495821996180	409495807860347
409495807759409	409495830218888	409495807876909
409495824450034	409495838441700	409495824705816
409495841097951	409495854888159	409495841406232
409495857801545	409495871331336	409495858172534
409495874469982	409495887774253	409495874783472
409495891213784	409495904215867	409495897052639
409495925743784	409495937101597	409495926108889
409495926104201	409495945324409	409495926275034
409495942761441	409495953547117	409495943047014
409495959425034	409495969989618	409495959788003
409495976158003	409495986431180	409495976424566
409495992773420	409496011092274	409495993042951
409496009438003	409496027533940	409496009831284
409496044350451	409496060423940	409496044714566
409496044521909	409496068647951	409496044720972
409496061284409	409496076871336	409496061676284
409496077954878	409496093317794	409496078236284
409496094609878	409496109765190	409496094887222
409496111293420	409496126209774	409496116212534
409496142640347	409496159094305	409496142941128
409496144725139	409496167315034	409496145066441
409496161279253	409496175537065	409496161690451
409496177933472	409496191980763	409496178216388
409496194601909	409496208426023	409496194881284
409496211294253	409496224869981	409496223436597
409496240909878	409496257760242	409496241188628
409496244530763	409496265982950	409496244824409
409496261231597	409496274205138	409496261605763
409496277952378	409496290648524	409496278226701
409496294637066	409496307092690	409496294917013
409496311319097	409496323536597	409496311594566
409496328053888	409496339980502	409496335894253
409496362252222	409496372869878	409496362709878
409496362553472	409496381093836	409496362710816
409496379227013	409496389317638	409496379521857
409496395936857	409496413985815	409496396212482
409496412512065	409496430429773	409496412789513
409496429209565	409496446872482	409496429490607
409496445892847	409496463315502	409496446288576
409496479192013	409496496202533	409496479513159
409496479358888	409496504423836	409496479521545
409496496157690	409496512645607	409496496453888
409496512958315	409496529091440	409496513194982
409496529464409	409496545534200	409496529727222
409496546089565	409496561978054	409496546356128
409496562757222	409496578422534	409496563825659
409496595964357	409496611307742	409496596341284
409496596266545	409496619531805	409496596346232
409496612946909	409496627755294	409496613252378
409496629584201	409496644200607	409496629860347
409496646265347	409496660645450	409496646538472
409496662932847	409496677090034	409496663297534
409496679575034	409496693534981	409496683248315
409496713742482	409496726424825	409496714115972
409496714143159	409496734648367	409496714331857
409496730794409	409496742871857	409496731071440
409496747436128	9223372036854775807	409496747723628

POLL t=211.3 tick=2861
8333333
409505703117062	409505719229093	409505704910499
409505736546072	409505752107895	409505736913104
409505736717947	409505760327322	409505736919197
409505753397843	409505768546957	409505753725135
409505770033885	409505784984562	409505770344874
409505786735343	409505801422218	409505787115187
409505803394562	409505817862790	409505803687062
409505820127218	409505834302113	409505828370499
409505853736593	409505867179457	409505854114249
409505854046593	409505875398312	409505854137947
409505870709979	409505883618676	409505871013781
409505887319197	409505900060082	409505887702947
409505904053468	409505916499145	409505904301072
409505920706541	409505932938780	409505921016906
409505937377531	409505949378728	409505942727531
409505971301906	409505982250760	409505971634249
409505971509249	409505990469249	409505971640291
409505988178781	409505998687895	409505988601124
409506004872166	409506015126801	409506005145187
409506021553572	409506039784405	409506021846281
409506038220343	409506056221593	409506038497374
409506054909406	409506072658364	409506056943416
409506088697999	409506105538781	409506089289353
409506088896541	409506113759197	409506089310968
409506105572218	409506121978675	409506105875343
409506122280135	409506138415916	409506122580187
409506138897947	409506154848832	409506139162531
409506155580031	409506171282531	409506155877687
409506172310812	409506187717217	409506180080343
409506205670916	409506220590655	409506206051593
409506205894562	409506228809405	409506206056437
409506222548156	409506237029353	409506222853885
409506239213728	409506253466853	409506239542218
409506255932218	409506269903832	409506256208155
409506272596905	409506286341384	409506272875916
409506289262218	409506302775238	409506294919249
409506323147843	409506335652634	409506323486072
409506323353468	409506343870186	409506323492374
409506340076593	409506352088155	409506340344718
409506356751593	409506368526020	409506357029093
409506373403103	409506384961436	409506373675447
409506390060812	409506401396332	409506390441853
409506406762999	409506417831644	409506407106280
409506439754405	409506450703988	409506440504718
409506440112374	409506458923467	409506440509249
409506456776072	409506467142269	409506457140760
409506473386124	409506483579509	409506473692062
409506490094822	409506500016696	409506490553885
409506506740187	409506524674197	409506507037374
409506523407999	409506541111957	409506532152687
409506557127687	409506573989197	409506557501749
409506557373260	409506582208051	409506557504718
409506574142010	409506590426749	409506574398780
409506590717530	409506606863103	409506591097374
409506607405812	409506623299562	409506607678572
409506624077843	409506639736644	409506624349562
409506640755968	409506656175187	409506645229874
409506674704874	409506689053103	409506675294562
409506675100447	409506697271332	409506675301124
409506691581905	409506705489978	409506692064405
409506708275447	409506721929301	409506708556437
409506724973728	409506738367321	409506725258103
409506741612791	409506754805291	409506741902166
409506758322062	409506771241123	409506764335968
409506791072374	409506804113363	409506791600499
409506791666384	409506812333051	409506791777530
409506808364249	409506820552321	409506808672218
409506825137999	409506836990654	409506825401749
409506841739874	409506853429613	409506842013468
409506858369405	409506869867999	409506858639249
409506875062218	409506886305186	409506878463155
409506909134874	409506919180394	409506909504353
409506909347061	409506927400238	409506909508728
409506925992218	409506943839093	409506926285343
409506942697061	409506960277217	409506942978624
409506959343311	409506976715655	409506959622843
409506976018259	409506993152425	409506976321280
409506992682009	409507009591644	409506997608936
409507023298311	409507034249196	409507023621228
409507026230030	409507042467843	409507026437999
409507042782061	409507058903155	409507043064718
409507059405447	409507075342322	409507059694197
409507076150291	409507091781852	409507076429093
409507092782843	409507108222581	409507106467999
409507109489353	409507124661956	409507109825655
409507139729718	409507157540811	409507140110968
409507142678624	409507165760394	409507142972374
409507159444978	409507173980030	409507159713103
409507176116280	409507190419197	409507176388103
409507192778311	409507206857270	409507193151541
409507209447218	409507223295967	409507217313936
409507243508624	409507256175707	409507243859041
409507243852322	409507264396904	409507243903416
409507260490343	409507272617113	409507260776280
409507277193311	409507289060290	409507277455343
409507293859093	409507305503624	409507294223311
409507310461072	409507321944301	409507310740603
409507327147009	409507338387373	409507328857843
409507360755499	409507371269769	409507361090499
409507360967530	409507379491228	409507361097374
409507377704405	409507395931540	409507378037061
409507394342843	409507412372009	409507394707374
409507411047218	409507428811800	409507411330030
409507427739561	409507445251696	409507428046280
409507444465343	409507461689353	409507448996905
409507473677999	409507486344561	409507474017478
409507477871749	409507494562686	409507478191384
409507494405030	409507511001175	409507494795290
409507511111384	409507527438831	409507511365759
409507527746280	409507543874717	409507528033155
409507544354092	409507560311956	409507557298624
409507561059717	409507576747842	409507561398624
409507595429822	409507609622269	409507595815811
409507595610342	409507617841696	409507595821697
409507612346853	409507626061175	409507612656592
409507628989717	409507642499456	409507629274978
409507645670603	409507658936748	409507645960967
409507662322374	409507683595915	409507676711592
409507679034092	409507691816331	409507679387842
409507713063624	409507724694821	409507713450186
409507713285134	409507732913675	409507713462374
409507729934197	409507741132321	409507730243624
409507746608311	409507757569925	409507746903780
409507763327999	409507774008832	409507763608884
409507779997061	409507790445602	409507780285342
409507796705655	409507806881800	409507798096436
409507830211124	9223372036854775807	409507830594561

POLL t=222.4 tick=2946
8333333
409516764832058	409516781890494	409516778384870
409516781509245	409516798327578	409516781874662
409516815607787	409516831203672	409516815913620
409516815740443	409516839422838	409516815918933
409516832417006	409516847640286	409516832933151
409516849139089	409516864077318	409516849443933
409516865814558	409516880516328	409516866095183
409516882448412	409516896955235	409516882738933
409516899199193	409516913391745	409516899577058
409516915861745	409516929827838	409516916385443
409516950045339	409516962700287	409516950429870
409516950209401	409516970918099	409516950439193
409516966867526	409516979136692	409516967181589
409516983541693	409516995574609	409516983830756
409517000265339	409517012010807	409517000543620
409517016930131	409517028447630	409517017210756
409517033598620	409517044884609	409517037852370
409517067408933	409517077759609	409517067793620
409517067593099	409517085978099	409517067799506
409517084239714	409517102415078	409517084539818
409517100926276	409517118851745	409517101258308
409517117639401	409517135286797	409517117913308
409517134316433	409517151725130	409517134690912
409517150966068	409517168159765	409517161247162
409517185298568	409517201026536	409517185699193
409517185615912	409517209244505	409517185699870
409517202168412	409517217463359	409517202467474
409517218886276	409517233901796	409517219155183
409517235534662	409517250340338	409517235914558
409517252248776	409517266777474	409517252523776
409517268945026	409517283212682	409517269987526
409517302453880	409517316081901	409517302824037
409517302622058	409517324300026	409517302835339
409517319289245	409517332519401	409517319626901
409517335987683	409517348955963	409517336416589
409517352683151	409517365393099	409517352962214
409517369345026	409517381831640	409517369624245
409517386030807	409517398269140	409517396052214
409517419930495	409517431140287	409517420262057
409517420167057	409517439358984	409517420266849
409517436798932	409517447577838	409517437174870
409517453544505	409517464013724	409517453832682
409517470195964	409517480450026	409517470495912
409517486864193	409517496886641	409517487134089
409517503568464	409517521543515	409517503764401
409517538001276	409517554414088	409517538529089
409517538199349	409517562632265	409517538548880
409517554847370	409517570848932	409517555146745
409517571489193	409517587283880	409517571790182
409517588212839	409517603722005	409517588495807
409517604855807	409517620159661	409517605149870
409517621585599	409517636598151	409517628962682
409517654951432	409517669472578	409517655351589
409517655248464	409517677691588	409517655355807
409517671909662	409517685910391	409517672204714
409517688533464	409517702347630	409517688816120
409517705214037	409517718785859	409517705490912
409517721889818	409517735224869	409517722172630
409517738555443	409517751663411	409517743721432
409517772226432	409517784540599	409517772667162
409517772457370	409517792760130	409517772676849
409517789085755	409517800980547	409517789402787
409517805784089	409517817421223	409517806067682
409517822445286	409517833861380	409517822734557
409517839111901	409517850300859	409517839489557
409517855850182	409517866739452	409517856298464
409517889712057	409517899613620	409517890446849
409517889890807	409517907832733	409517890469974
409517906567214	409517924273255	409517906859505
409517923191276	409517940712161	409517923489036
409517939904089	409517957152056	409517940285495
409517956541224	409517973590495	409517956833099
409517973270911	409517990026901	409517981729089
409518006625651	409518022897890	409518006935964
409518006773724	409518031115338	409518006952839
409518023437838	409518039333098	409518023740443
409518040169661	409518055771224	409518040545807
409518056854974	409518072210599	409518057144245
409518073525338	409518088648098	409518073809193
409518090289713	409518105085286	409518092415651
409518123288307	409518137959036	409518123598932
409518123484870	409518146177370	409518123607057
409518140234036	409518154395442	409518140606276
409518156951120	409518170833047	409518157222213
409518173605443	409518187269349	409518173874661
409518190283307	409518203706224	409518190551068
409518206883463	409518220142422	409518207495651
409518236183307	409518253014244	409518236711745
409518240350182	409518261232213	409518240677370
409518256918411	409518269450078	409518257194505
409518273600443	409518285885026	409518273874245
409518290262526	409518302320702	409518290541068
409518306933620	409518326975390	409518320608724
409518323588776	409518335194296	409518323909401
409518357285182	409518368066796	409518357646432
409518357515807	409518376284817	409518357652005
409518374274557	409518384502160	409518374549245
409518390947057	409518409153984	409518391229088
409518407603776	409518425589557	409518407895495
409518424344088	409518442025755	409518433941432
409518454015807	409518466679192	409518454314713
409518457564713	409518474895130	409518457846692
409518474234713	409518491328984	409518474553099
409518490905495	409518507766796	409518491181901
409518507575130	409518524204192	409518507972942
409518524292526	409518540641327	409518537485599
409518558121224	409518573513931	409518558409870
409518558496432	409518581732108	409518558603151
409518575087474	409518589951119	409518575373463
409518591700442	409518606390494	409518591983776
409518608376276	409518622826327	409518608664245
409518625071536	409518639265025	409518625351849
409518641709661	409518655702785	409518647240338
409518675754245	409518688580338	409518676078620
409518676242786	409518696799140	409518676348880
409518692640963	409518705018410	409518692938151
409518709377994	409518721456744	409518709652161
409518726006276	409518737892786	409518726294869
409518742660026	409518754329557	409518743042213
409518759332213	409518770769244	409518763230338
409518793023724	409518803644608	409518793404817
409518793209713	409518811862629	409518793465182
409518809887994	409518820080546	409518810176224
409518826541744	409518844738775	409518826822994
409518843265286	409518861177838	409518843633463
409518859935963	409518877615494	409518860219088
409518876623307	9223372036854775807	409518884972057

POLL t=233.8 tick=3031
8333333
409528180522835	409528197535491	409528180798147
409528197165647	409528213970543	409528197542939
409528213819085	409528230408303	409528220409814
409528246906376	409528263286740	409528247236741
409528247125908	409528271506063	409528247240178
409528263804189	409528279725334	409528264165283
409528280507991	409528296167574	409528280795283
409528297197678	409528312607417	409528297570126
409528313822991	409528329046948	409528314106741
409528330541585	409528345487469	409528333587782
409528364110647	409528378369084	409528364537522
409528364412522	409528386589762	409528364543095
409528380960491	409528394809449	409528381260022
409528397629866	409528411247729	409528398011741
409528414362678	409528427686585	409528414643303
409528431025282	409528444123459	409528431311428
409528447705491	409528460560490	409528449500491
409528491494189	409528501654188	409528492417522
409528491699501	409528509872938	409528492449085
409528508318251	409528526311792	409528508606897
409528525007522	409528542751480	409528525299084
409528541722001	409528559190542	409528541995803
409528558381220	409528575629240	409528558656897
409528575095803	409528592066376	409528577625491
409528609307678	409528624946167	409528609707053
409528609611584	409528633165803	409528609764709
409528626169553	409528641385334	409528626451220
409528642820022	409528657825230	409528643108616
409528659544709	409528674266219	409528659826064
409528676208564	409528690705178	409528676483564
409528692884241	409528707142574	409528699828876
409528726205647	409528740017573	409528726554657
409528726373147	409528748237261	409528726558251
409528743122626	409528756456532	409528743405907
409528759779501	409528772892209	409528760080751
409528776424501	409528789326897	409528776717834
409528793062678	409528805762626	409528793454501
409528809799501	409528822197469	409528812512991
409528843458616	409528855069084	409528844090022
409528843902157	409528863286792	409528844112053
409528860419397	409528871504397	409528860729553
409528877042991	409528887941636	409528877326584
409528893725178	409528904383823	409528894104709
409528910405803	409528929041011	409528910687834
409528927087366	409528945481220	409528931146741
409528960495647	409528978352834	409528960863616
409528960702834	409528986570074	409528960912053
409528977422001	409528994788147	409528977720022
409528994056376	409529011225229	409528994434709
409529010725178	409529027663146	409529011001897
409529027403459	409529044100230	409529027670959
409529044085022	409529060537313	409529044437366
409529077622313	409529093409657	409529077967209
409529077801220	409529101627313	409529077971584
409529094466220	409529109844917	409529094902834
409529111205647	409529126280438	409529111529657
409529127857522	409529142715491	409529128144397
409529144525334	409529159149605	409529144810438
409529161187053	409529175584969	409529163271115
409529195649240	409529208453823	409529196419032
409529195940334	409529216672001	409529196425334
409529212563147	409529224889917	409529212882522
409529229221220	409529241324292	409529229506376
409529245910647	409529257756896	409529246183928
409529262579709	409529274187782	409529262851584
409529279247053	409529290618667	409529283812209
409529312766220	409529323480646	409529313313251
409529313128303	409529331697990	409529313322365
409529329697522	409529348133459	409529330000022
409529346418876	409529364566740	409529346693147
409529363076740	409529381003094	409529363361063
409529379749345	409529397438458	409529380044084
409529396426428	409529413871428	409529396803928
409529429961584	409529446736375	409529430458876
409529430249084	409529454953355	409529430464970
409529446792522	409529463170750	409529447095907
409529463460959	409529479606063	409529463773303
409529480290595	409529496042938	409529480526115
409529496825022	409529512478823	409529497200647
409529513630334	409529528911792	409529522811220
409529546488303	409529561779969	409529546800490
409529546926115	409529569997522	409529547045490
409529563656063	409529578215594	409529563938147
409529580423459	409529594653042	409529580688459
409529597017157	409529611088407	409529597401428
409529613731115	409529635742938	409529627779709
409529630434709	409529643962416	409529630760178
409529660682782	409529676833979	409529660981688
409529663622522	409529685051167	409529663913719
409529680409813	409529693268511	409529680686584
409529696996272	409529709706219	409529697369188
409529713726897	409529726141636	409529714003094
409529730479188	409529742575958	409529733885178
409529759858303	409529775444760	409529760117782
409529763634344	409529783661688	409529763943772
409529780362157	409529791877573	409529780741584
409529797045126	409529808307157	409529797415022
409529813739032	409529824741428	409529814018615
409529830379969	409529849394657	409529842327678
409529847049188	409529857612469	409529847406844
409529883313928	409529898691271	409529883655855
409529883951740	409529906906323	409529884186584
409529900623459	409529915122104	409529901055178
409529917296376	409529931555333	409529917600021
409529933962053	409529947989605	409529934229709
409529950635126	409529964423093	409529950909396
409529967350178	409529980857521	409529967689240
409529997440803	409530013724501	409529997920282
409530000560646	409530021940178	409530000898094
409530017209344	409530030156635	409530017485490
409530033994396	409530046589500	409530034260646
409530050598563	409530063020802	409530050895021
409530067258459	409530087667365	409530081023615
409530083969657	409530095882833	409530084365803
409530117911740	409530128748198	409530118270594
409530118440803	409530136965906	409530118696792
409530134904969	409530145183562	409530135295021
409530151526532	409530161616896	409530151800907
409530168191428	409530186266948	409530168470021
409530184821740	409530202701115	409530198269396
409530201541688	409530219136844	409530201942626
409530235368407	409530252008615	409530235701011
409530235621376	409530260226479	409530235746323
409530252289396	409530268443667	409530252607834
409530269018250	409530284878250	409530269286271
409530285675125	409530301316740	409530285953407
409530302345334	9223372036854775807	409530302703146

POLL t=244.9 tick=3117
8333333
409539248194393	409539260159445	409539248478924
409539264829966	409539276599237	409539269751268
409539298084549	409539309473819	409539298445799
409539298334028	409539317691892	409539298464393
409539314977518	409539325910277	409539315263560
409539331631893	409539342348091	409539332033143
409539348303716	409539358786997	409539348601424
409539364959549	409539383444809	409539365249497
409539381712205	409539399882517	409539382088612
409539414498091	409539424537049	409539414925539
409539415065174	409539432755017	409539415290174
409539431711737	409539449190903	409539432147987
409539448378768	409539465627101	409539448673768
409539465105591	409539482066736	409539465388768
409539481755643	409539498504496	409539493957674
409539498447830	409539514942414	409539498853768
409539532376528	409539547815174	409539532825799
409539532541372	409539556034340	409539532838143
409539549214028	409539564252361	409539549510643
409539565920903	409539580688142	409539566236684
409539582606893	409539597124549	409539582923768
409539599272778	409539613560902	409539599550330
409539615942674	409539629996319	409539622141112
409539649722466	409539662872048	409539650089080
409539650076528	409539671091111	409539650190174
409539666587153	409539679310017	409539666887830
409539683293611	409539695749236	409539683576736
409539700036893	409539712190538	409539700300018
409539716656216	409539728631527	409539716935955
409539733319393	409539745075695	409539737103091
409539766562622	409539777959600	409539766929966
409539766816424	409539786180747	409539766934861
409539783451424	409539794400434	409539783748611
409539800216528	409539810840278	409539800486528
409539816820330	409539827280381	409539817119705
409539833502830	409539843721945	409539833875643
409539850207309	409539868381372	409539850582309
409539883861216	409539901261788	409539884137049
409539883989549	409539909483559	409539884144393
409539900706580	409539917705070	409539901075174
409539917745330	409539934146424	409539918071736
409539934098559	409539950583975	409539934471424
409539950750434	409539967022309	409539951026580
409539967432361	409539983464184	409539971143768
409540000308299	409540016342049	409540000606372
409540000722986	409540024561736	409540000841580
409540017473455	409540032782518	409540017775643
409540034252518	409540049222621	409540034520330
409540050798455	409540065661423	409540051087830
409540067466268	409540082099653	409540067759861
409540084212518	409540098536944	409540085686268
409540117280330	409540131404913	409540117592674
409540117424965	409540139622829	409540117633299
409540134109965	409540147840694	409540134509549
409540150778559	409540164277361	409540151096893
409540167464861	409540180712674	409540167746424
409540184204549	409540197146267	409540184484080
409540200909497	409540213582413	409540208335955
409540233993924	409540246459600	409540234579028
409540234227934	409540254678558	409540234593768
409540250878403	409540262897465	409540251177934
409540267575643	409540279334652	409540267867309
409540284260018	409540295771684	409540284533611
409540300930747	409540312209913	409540301204340
409540317637517	409540328647882	409540317745434
409540350674184	409540361526839	409540351067934
409540350931997	409540369746059	409540351104497
409540367600330	409540377965226	409540367889809
409540384356580	409540402622725	409540384631267
409540400946111	409540410842100	409540401243715
409540417653611	409540435496214	409540417939809
409540434348872	409540451931579	409540440224549
409540468250330	409540484803924	409540468553767
409540468637153	409540493023090	409540468720017
409540485103767	409540501241267	409540485400590
409540501822830	409540517679287	409540502114965
409540518575278	409540534114912	409540518854549
409540535211215	409540550550694	409540535584549
409540551953142	409540566988350	409540553223767
409540586072049	409540599859965	409540586459705
409540586468142	409540608078038	409540586627986
409540603115330	409540616295538	409540603402986
409540619803611	409540632732413	409540620058455
409540636495955	409540649167934	409540636868142
409540653188924	409540665601944	409540653456580
409540669902049	409540682037361	409540670867465
409540698942830	409540714915538	409540698975955
409540703079965	409540723134861	409540703402517
409540719825642	409540731353559	409540720137049
409540736438924	409540747793402	409540736807465
409540753112934	409540764234548	409540753403403
409540769798299	409540788896944	409540780855746
409540802131059	409540813555798	409540802425017
409540803173403	409540821775642	409540803537674
409540819842830	409540829995277	409540820129549
409540836546111	409540846431996	409540836919549
409540853210486	409540871089808	409540853481892
409540869862830	409540887528350	409540883212205
409540886563559	409540903968038	409540886864028
409540921739809	409540936844600	409540922159184
409540922156580	409540945064809	409540922305174
409540938902465	409540953286371	409540939287778
409540955496580	409540969727568	409540955842361
409540972076267	409540986163038	409540972389184
409540988682986	409541002599756	409540989074392
409541005408715	409541019035434	409541012484548
409541038401059	409541051908767	409541038895330
409541038649705	409541060126214	409541038921528
409541055370642	409541068344705	409541055671892
409541072066840	409541084782725	409541072307673
409541088703090	409541101221475	409541088974340
409541105363298	409541117662777	409541105636892
409541122050330	409541134101787	409541124496059
409541156145486	409541166974131	409541156503455
409541156526267	409541175190485	409541156737673
409541173427465	409541191624705	409541173663767
409541189826580	409541199842673	409541190119705
409541206465903	409541224495486	409541206740017
409541223105746	409541240929548	409541223393142
409541239797517	409541257368246	409541245328142
409541273499548	409541290241371	409541273815173
409541273684861	409541298461111	409541273836528
409541290511423	409541306680069	409541290803923
409541307017778	409541323119184	409541307314080
409541323770017	409541339558714	409541324065486
409541340433455	409541355998090	409541340813871
409541357160017	9223372036854775807	409541360961996

POLL t=255.9 tick=3245
8333333
409550293469545	409550306422252	409550293755170
409550310139805	409550322860847	409550310419337
409550326804232	409550339298451	409550327087826
409550343831107	409550355734752	409550346121732
409550376967826	409550388603555	409550377391576
409550377288764	409550396821055	409550377409545
409550393887149	409550405038867	409550394180482
409550410564857	409550421474544	409550410866680
409550427281107	409550437906784	409550427570274
409550443955014	409550454341941	409550444243868
409550460637045	409550470775586	409550461062201
409550477322201	409550487210274	409550482132201
409550510167930	409550528306264	409550510529805
409550510628555	409550536526576	409550510754649
409550527312357	409550544746940	409550527600430
409550543971368	409550561183242	409550544290170
409550560688399	409550577620117	409550561062045
409550577368607	409550594058607	409550577649180
409550594044545	409550610496419	409550598858868
409550627986420	409550643371836	409550628365795
409550628390170	409550651592200	409550628537670
409550644882514	409550659812669	409550645171524
409550661521524	409550676251471	409550661904857
409550678228451	409550692689857	409550678513868
409550694891524	409550709128451	409550695217357
409550711664545	409550725566836	409550712066211
409550745033764	409550758445013	409550745401524
409550745226889	409550766665743	409550745469701
409550761881576	409550774885742	409550762275326
409550778548607	409550791326523	409550778835430
409550795277774	409550807766315	409550795603295
409550811936107	409550824206420	409550812219336
409550828605013	409550840645430	409550835206420
409550861467930	409550873524909	409550862060430
409550861941836	409550881744701	409550862065899
409550878584701	409550889963451	409550878898763
409550895292513	409550906399127	409550895576576
409550912053607	409550922835222	409550912280013
409550928669232	409550939270950	409550928963711
409550945343399	409550955707513	409550948844232
409550979200638	409550996795846	409550979772618
409550979588451	409551005015638	409550979776420
409550996120013	409551013233919	409550996442513
409551012850326	409551029669336	409551013175118
409551029460274	409551046106524	409551029823763
409551046193607	409551062543554	409551046469545
409551062843295	409551078980690	409551073357305
409551095786368	409551111857461	409551096104701
409551096246420	409551120075690	409551096336107
409551112873243	409551128294076	409551113171993
409551129601576	409551144730533	409551129879649
409551146260170	409551161165690	409551146537357
409551162920586	409551177599909	409551163292357
409551179615899	409551194037305	409551181065743
409551212842826	409551226911679	409551213196524
409551213015326	409551235130690	409551213246368
409551229836992	409551243350012	409551230204024
409551246401055	409551259786992	409551246699701
409551263048295	409551276227045	409551263430951
409551279751888	409551292665534	409551280052826
409551296439857	409551309101575	409551303379492
409551329666888	409551341973138	409551330022461
409551329931107	409551350190378	409551330029545
409551346571576	409551358407565	409551346940326
409551363212774	409551374844180	409551363739388
409551379952357	409551391280377	409551380228138
409551396610326	409551407714909	409551396890951
409551413294336	409551424150221	409551420120899
409551445985430	409551457021210	409551446312044
409551446577774	409551465239596	409551446694701
409551463284857	409551473457721	409551463698711
409551479989805	409551489892096	409551480276576
409551496646576	409551514546784	409551496930274
409551513315482	409551530981992	409551513597201
409551530003242	409551547414960	409551533177669
409551563501263	409551580286680	409551563995586
409551563688555	409551588504440	409551564018086
409551580593294	409551596721992	409551580827513
409551597157357	409551613157721	409551597477982
409551613785899	409551629594596	409551614055586
409551630462826	409551646031991	409551630728399
409551647140482	409551662467200	409551655654232
409551681039232	409551695340065	409551681380586
409551681405899	409551703557669	409551681479492
409551698034180	409551711775638	409551698312044
409551714711888	409551728210638	409551715012982
409551731394076	409551744645794	409551731660482
409551748116576	409551761081107	409551748387982
409551764769076	409551777517826	409551771863555
409551797659388	409551810393398	409551797972774
409551798050013	409551818611940	409551798151836
409551814759388	409551826829960	409551815042461
409551831427513	409551843264491	409551831715951
409551848161263	409551859700898	409551848435169
409551864862513	409551884357669	409551880673451
409551881516888	409551892576680	409551881861263
409551914470794	409551925453814	409551914777669
409551915162044	409551933672044	409551915506107
409551931808242	409551950111887	409551932063138
409551948441367	409551966550898	409551948733398
409551965172513	409551982988919	409551965556107
409551981819701	409551999427044	409551997236888
409551998566367	409552015863451	409551998954492
409552027842305	409552040519180	409552028162201
409552031725013	409552048738242	409552032076263
409552048450742	409552065173866	409552048730951
409552065062044	409552081609908	409552065434701
409552081893398	409552098043658	409552082184076
409552098430951	409552114476158	409552104017461
409552132419388	409552147340013	409552132777825
409552132889180	409552155557408	409552133001575
409552149290273	409552163774023	409552149582044
409552165985586	409552180210325	409552166365742
409552182712982	409552196644075	409552182990482
409552199361107	409552213077877	409552199634857
409552216066523	409552229514440	409552216932669
409552249616732	409552262391366	409552250047617
409552249955794	409552270610742	409552250195325
409552266469805	409552278829961	409552266859232
409552283139857	409552295267408	409552283443867
409552299862513	409552311704960	409552300152200
409552316540013	409552328141575	409552316811732
409552333328294	409552344576471	409552339336367
409552362199023	409552377447720	409552362594961
409552366517461	409552385666263	409552366815482
409552383286367	409552393884752	409552383560950
409552399955950	409552410321159	409552400226263

POLL t=267.0 tick=3330
8333333
409561365701103	409561376737197	409561369287770
409561398969228	409561409610374	409561399323239
409561399127926	409561417828081	409561399362041
409561415807614	409561426045061	409561416116989
409561432504176	409561442480946	409561432794697
409561449189853	409561467130582	409561449465947
409561465877197	409561483565165	409561466161051
409561482525009	409561500001155	409561490995166
409561516170791	409561532872040	409561516534228
409561516366884	409561541089280	409561516551051
409561533075009	409561549306103	409561533364645
409561549721572	409561565741207	409561550002666
409561566408916	409561582175529	409561566691572
409561583075270	409561598609593	409561583346728
409561599758603	409561615043342	409561601243603
409561633673759	409561647906259	409561634017353
409561634007301	409561656121780	409561634187353
409561650542197	409561664337509	409561650891364
409561667218447	409561680768342	409561667500634
409561683957301	409561697200686	409561684263291
409561700582197	409561713634123	409561700953916
409561717262822	409561730069852	409561723674541
409561750107509	409561762937821	409561750470582
409561750559384	409561771153238	409561750673395
409561767286728	409561779368810	409561767609332
409561783949697	409561795800998	409561784231051
409561800607822	409561812235373	409561800982041
409561817322353	409561828670425	409561817601884
409561833984697	409561845106675	409561838785166
409561867630322	409561886199332	409561867998134
409561867836572	409561894415791	409561868012301
409561884565478	409561902631415	409561884842301
409561901212353	409561919064749	409561901576416
409561917868707	409561935504592	409561918141416
409561934542665	409561951944019	409561934823290
409561951172926	409561968382092	409561957949645
409561984625165	409562001252456	409561985025582
409561985170947	409562009469072	409561985338290
409562001616415	409562017686050	409562002049697
409562018337301	409562034120061	409562018616259
409562035012665	409562050555581	409562035298447
409562051670270	409562066991779	409562051957040
409562068337040	409562083428186	409562076792509
409562101439853	409562116299853	409562101927040
409562101626884	409562124518602	409562101932197
409562118288759	409562132738081	409562118575947
409562135019176	409562149176259	409562135300790
409562151684853	409562165613342	409562152003603
409562168349488	409562182048706	409562168625478
409562185038915	409562198482560	409562185468290
409562218851988	409562231352717	409562219140790
409562219035426	409562239570633	409562219147353
409562235697770	409562247789957	409562236087457
409562252422301	409562264226415	409562252707040
409562269041415	409562280662874	409562269341415
409562285704540	409562305320686	409562300854697
409562302433290	409562313540895	409562302827040
409562334980634	409562346417769	409562335280738
409562335752822	409562354637665	409562336073551
409562352373863	409562362857404	409562352685790
409562369073447	409562379294071	409562369367144
409562385798082	409562403943498	409562386109853
409562402462353	409562420378498	409562402863082
409562419142665	409562436813081	409562419324540
409562452735269	409562469681728	409562453122822
409562453063759	409562477899644	409562453215322
409562469568863	409562486117613	409562469906051
409562486302613	409562502553654	409562486610738
409562502967197	409562518989957	409562503331728
409562519633603	409562535426311	409562519908915
409562536297301	409562551860373	409562548921103
409562570148915	409562584729748	409562570465947
409562570377509	409562592947404	409562570473290
409562587026832	409562601165738	409562587300946
409562603715321	409562617602092	409562604102978
409562620399071	409562634039956	409562620671207
409562637068551	409562650478081	409562637343759
409562653744019	409562666914591	409562655036103
409562687169384	409562699787561	409562687595790
409562687372040	409562708005894	409562687605165
409562704294696	409562716224019	409562704661415
409562720835738	409562732657977	409562721123446
409562737468915	409562749094853	409562737784801
409562754157509	409562765529956	409562754437196
409562770815790	409562781963602	409562777502040
409562802144228	409562814839748	409562802582040
409562804114696	409562823058811	409562804440165
409562820772457	409562831277613	409562821052353
409562837502665	409562847715425	409562837812196
409562854154853	409562864150477	409562854460321
409562870803603	409562888801883	409562885176207
409562887545009	409562905239176	409562887885946
409562921231103	409562938108654	409562921508134
409562921713394	409562946325581	409562921831571
409562938585686	409562954543029	409562938835113
409562955167665	409562970978134	409562955431103
409562971825894	409562987415790	409562972086571
409562988535321	409563003853706	409563001072769
409563005159696	409563020286831	409563005509384
409563037972821	409563053157716	409563038322665
409563038436415	409563061375164	409563038551207
409563055167040	409563069593081	409563055454175
409563071833759	409563086029748	409563072108915
409563088478446	409563102468654	409563088758915
409563105188394	409563118905112	409563105558550
409563121836259	409563135340164	409563125941832
409563150363550	409563168205998	409563150673759
409563155148759	409563176423550	409563155453603
409563171801728	409563184642404	409563172117353
409563188504488	409563201079956	409563188761675
409563205120321	409563217516988	409563205532457
409563221783446	409563242174227	409563236286259
409563238473238	409563250395269	409563238834175
409563273257196	409563291492716	409563273535477
409563273537925	409563299711936	409563273662769
409563290123290	409563307931831	409563290426259
409563306783759	409563324371363	409563307203238
409563323506675	409563340810581	409563323828759
409563340199227	409563357248446	409563340470165
409563356880946	409563373685008	409563357837509
409563390253602	409563406558862	409563390706571
409563390626415	409563414778863	409563390713446
409563407118602	409563422999279	409563407500009
409563423821415	409563439437665	409563424232977
409563440520790	409563455875738	409563440795321
409563457217040	409563472312924	409563457494644
409563473844800	409563488751675	409563484115321

POLL t=278.0 tick=3416
8333333
409572487645005	409572504836046	409572487918443
409572504317193	409572521278234	409572504606724
409572521008286	409572537720109	409572526052922
409572553996255	409572570591619	409572554433859
409572554499953	409572578809016	409572554680891
409572571015891	409572587027088	409572571407036
409572587662974	409572603462869	409572587957505
409572604387661	409572619900525	409572604664380
409572621067193	409572636337817	409572621331984
409572637743234	409572652774432	409572642261568
409572670735109	409572685653233	409572671060734
409572671068911	409572693868859	409572671169693
409572687722609	409572702085994	409572688032922
409572704431203	409572718523703	409572704719536
409572721111568	409572734963703	409572721387609
409572737783911	409572751405682	409572738150786
409572754464328	409572767847088	409572760795943
409572788028130	409572800730005	409572788416880
409572788314224	409572808950057	409572788423859
409572804896984	409572817171255	409572805187974
409572821558755	409572833611619	409572821849953
409572838294380	409572850051411	409572838701411
409572854970630	409572866489327	409572855252974
409572871642661	409572882928442	409572872075786
409572905170578	409572915805317	409572905548755
409572905375786	409572924026099	409572905604484
409572922044693	409572932246307	409572922328599
409572938695786	409572948687036	409572939271724
409572955423443	409572973350056	409572955716568
409572972094484	409572989790734	409572972372974
409572988749068	409573006227505	409572996871359
409573021742765	409573039101515	409573022094068
409573022141984	409573047321723	409573022265161
409573038815005	409573055541307	409573039323963
409573055483286	409573071978130	409573055779797
409573072185005	409573088414796	409573072457036
409573088812661	409573104850838	409573089094172
409573105479536	409573121285682	409573108899380
409573139029224	409573154158026	409573139711828
409573139398599	409573162375682	409573139727505
409573156076984	409573170593337	409573156331359
409573172693911	409573187028858	409573172981724
409573189396880	409573203466254	409573189690474
409573206062349	409573219905161	409573206346880
409573222738703	409573236344275	409573228720630
409573256392297	409573269220213	409573256816515
409573256908286	409573277439067	409573257050786
409573273385005	409573285656931	409573273701567
409573290055005	409573302094848	409573290362922
409573306719536	409573318531098	409573307003599
409573323385942	409573334966046	409573323668234
409573340116359	409573351397349	409573349085630
409573373130630	409573384265994	409573373511828
409573373532609	409573392484797	409573373610005
409573391587088	409573408923338	409573391824015
409573407970005	409573425363546	409573408252661
409573424623755	409573441805005	409573424910942
409573441272140	409573458244432	409573441648130
409573457945317	409573474683286	409573463489536
409573491371984	409573507559744	409573491704067
409573491581515	409573515778650	409573491710630
409573508329171	409573523998077	409573508607036
409573524948755	409573540434276	409573525220630
409573541613130	409573556872192	409573541985265
409573558287296	409573573309796	409573558562609
409573575045161	409573589748338	409573575443599
409573608576515	409573622622764	409573608949067
409573608748703	409573630840265	409573608974484
409573625447453	409573639058130	409573625803546
409573642052140	409573655494848	409573642480630
409573658763755	409573671933807	409573659042817
409573675474692	409573688373181	409573675759796
409573692217192	409573704814431	409573698939171
409573724909953	409573737694328	409573725266984
409573725506880	409573745913546	409573725619536
409573742195265	409573754132713	409573742648442
409573758931359	409573770572244	409573759210161
409573775591984	409573787011462	409573775860942
409573792260578	409573803450890	409573792529536
409573808912036	409573819886671	409573812077505
409573842969796	409573860981150	409573843702505
409573843494640	409573869200265	409573843715942
409573860231203	409573877419015	409573860543442
409573876706255	409573893857660	409573876999640
409573893402192	409573910297348	409573893671828
409573910083130	409573926738285	409573910423130
409573926807661	409573943177556	409573932296984
409573960488546	409573976052243	409573960807661
409573960691098	409573984271306	409573960814848
409573977446880	409573992490681	409573977721359
409573994208703	409574008927505	409573994593286
409574010780317	409574025363963	409574011051567
409574027446880	409574041800629	409574027721203
409574044137348	409574058237713	409574049346098
409574076186098	409574091111462	409574076519796
409574077420317	409574099330057	409574077766880
409574094144796	409574107550785	409574094427973
409574110761411	409574123990056	409574111039536
409574127506098	409574140428286	409574127780109
409574144154796	409574156865057	409574144517505
409574160907973	409574173303181	409574161013234
409574194196098	409574206177660	409574194490473
409574194400161	409574214395889	409574194506255
409574211179015	409574222615994	409574211487192
409574227846255	409574239050733	409574228148442
409574244433390	409574255486931	409574244810630
409574261126515	409574271925994	409574261408702
409574277775005	409574288366202	409574282242192
409574311578911	409574329465004	409574311957817
409574311797609	409574337684900	409574311965317
409574328456671	409574345903390	409574328741411
409574345168911	409574362338337	409574345581567
409574361824536	409574378775889	409574362096880
409574378493130	409574395214275	409574378770109
409574395179692	409574411654223	409574397225942
409574428784692	409574444532921	409574429187504
409574429082036	409574452752920	409574429253129
409574445661098	409574460972920	409574446182036
409574462306723	409574477412608	409574462599379
409574479027661	409574493851359	409574479298286
409574495677504	409574510290525	409574495952504
409574512377348	409574526729743	409574520536723
409574545391515	409574559609170	409574545865786
409574545720473	409574567826931	409574545871359
409574562402192	409574576046045	409574562688442
409574579070265	409574592485316	409574579362192
409574595776567	409574608922661	409574596060786

POLL t=289.2 tick=3501
8333333
409583574102032	409583584117761	409583574487813
409583590769688	409583608772865	409583591068282
409583607448751	409583625210157	409583612750730
409583641005886	409583658084271	409583641506563
409583641370418	409583666303230	409583641511511
409583657901407	409583674522292	409583658248074
409583674581824	409583690960626	409583674950313
409583691267761	409583707396979	409583691543230
409583707931355	409583723832709	409583708209168
409583724617032	409583740272813	409583729724168
409583758102501	409583773150625	409583758573126
409583758292501	409583781370052	409583758579845
409583774950001	409583789588126	409583775326720
409583791681043	409583806020573	409583792100626
409583808348438	409583822455678	409583808624220
409583825028751	409583838893333	409583825333282
409583841712449	409583855329167	409583847188438
409583875897918	409583888201563	409583876470313
409583876356251	409583896419427	409583876476355
409583892949636	409583904636511	409583893260626
409583909605626	409583921071771	409583909890626
409583926299636	409583937510573	409583926609376
409583942966876	409583953946199	409583943244688
409583959623438	409583970382969	409583965589532
409583993335782	409584011467917	409583993955157
409583993839376	409584019686510	409583993956511
409584010222345	409584027904792	409584010530105
409584026923595	409584044339896	409584027199792
409584043604063	409584060776094	409584043875417
409584060280626	409584077212812	409584060563386
409584076978282	409584093650886	409584079379376
409584110345626	409584126528750	409584110711824
409584110504949	409584134748698	409584110735470
409584127172657	409584142966928	409584127470001
409584143894480	409584159401250	409584144231355
409584160565313	409584175834115	409584160849324
409584177209532	409584192269167	409584177585886
409584193910157	409584208703282	409584200334949
409584227436563	409584241571875	409584227839376
409584227642969	409584249790574	409584227846719
409584244285417	409584258008906	409584244575730
409584261020157	409584274445834	409584261299324
409584277671251	409584290877916	409584278085157
409584294345313	409584307310625	409584294621407
409584311018438	409584323742813	409584311145626
409584344635313	409584356614688	409584345046355
409584344940105	409584364833437	409584345110001
409584361509063	409584373051458	409584361877188
409584378150157	409584389484323	409584378523699
409584394874844	409584405919583	409584395161563
409584411545730	409584422354531	409584411811876
409584428228074	409584438789323	409584435117188
409584461253751	409584471659531	409584461629324
409584461545782	409584479878334	409584461691407
409584478201094	409584496316355	409584478585886
409584494922188	409584512752761	409584495256251
409584511609688	409584529190156	409584511888438
409584528279844	409584545629011	409584528551876
409584545009688	409584562065938	409584549418751
409584578169480	409584594939584	409584578777865
409584578404376	409584603157917	409584578788490
409584595111511	409584611376302	409584595378907
409584611723907	409584627814584	409584612026563
409584628382969	409584644254219	409584628661355
409584645044167	409584660695001	409584645325730
409584661773907	409584677133229	409584661911094
409584695012188	409584710009636	409584695384167
409584695197657	409584718229271	409584695431407
409584711834063	409584726450209	409584712134948
409584728496407	409584742891250	409584728786823
409584745216876	409584759328698	409584745540417
409584761883907	409584775765000	409584762168230
409584778560157	409584792201458	409584783805782
409584811887813	409584825070157	409584812246563
409584812209792	409584833287292	409584812356563
409584828731251	409584841505261	409584829015469
409584845492657	409584857941302	409584845773751
409584862110157	409584874378906	409584862389532
409584878805886	409584890816250	409584879177448
409584895513698	409584907251875	409584898452605
409584929015313	409584940124219	409584929327292
409584929199532	409584948343802	409584929335000
409584945941823	409584956561667	409584946215313
409584962610782	409584972997500	409584962902136
409584979267136	409584989432604	409584979637969
409584996028282	409585014089167	409584996282188
409585012678750	409585030528281	409585014862032
409585041369948	409585055185364	409585041681875
409585046080938	409585063404427	409585046387032
409585062651823	409585079845260	409585062998438
409585079243386	409585096285312	409585079620000
409585095969375	409585112724323	409585096253386
409585112645261	409585129162136	409585124753438
409585147328907	409585162033386	409585147652969
409585147745000	409585170250885	409585147880157
409585164358438	409585178469219	409585164651875
409585180983698	409585194903698	409585181357344
409585197646563	409585211337500	409585197937136
409585214371719	409585227771927	409585214647136
409585231133073	409585244209791	409585231473698
409585264775000	409585277086614	409585265085000
409585264990000	409585285305833	409585265101407
409585281707813	409585293523593	409585282086094
409585298394948	409585309954688	409585298668698
409585315055000	409585326387031	409585315337813
409585331704844	409585342821406	409585331982500
409585348458438	409585359258438	409585349004063
409585381369844	409585392132656	409585382016302
409585381718542	409585400351718	409585382029584
409585398425625	409585408570833	409585398737188
409585415020782	409585425007708	409585415308907
409585431710157	409585449660885	409585431992657
409585448375573	409585466094531	409585448656875
409585465068594	409585482530834	409585467586354
409585499281250	409585515401510	409585499716875
409585499715000	409585523618124	409585499870938
409585516325625	409585531835469	409585516627604
409585532933386	409585548272031	409585533228906
409585549603125	409585564708697	409585549887969
409585566592031	409585581145000	409585566918281
409585583009688	409585597583333	409585588387031
409585616244792	409585630457344	409585616585313
409585616493438	409585638676042	409585616592448
409585633413906	409585646895885	409585633650469
409585649891094	409585663331563	409585650167500
409585666571979	409585679768333	409585666842136
409585683181667	9223372036854775807	409585683562917

POLL t=300.2 tick=3586
8333333
409594702060257	409594720028955	409594702326038
409594718725570	409594736465100	409594729292809
409594751998122	409594769340830	409594752328590
409594752317497	409594777560570	409594752424163
409594768901559	409594785779319	409594769186403
409594785617132	409594802216663	409594785899215
409594802275309	409594818653069	409594802552340
409594818937809	409594835094840	409594819311872
409594835625153	409594851533538	409594837381872
409594868985413	409594884405986	409594869360934
409594869141820	409594892624110	409594869413434
409594885854788	409594900842340	409594886208695
409594902513903	409594917280881	409594902848747
409594919207132	409594933719788	409594919575101
409594935872809	409594950158642	409594936157288
409594952560934	409594966597705	409594960355622
409594986294840	409594999477652	409594986711403
409594986608122	409595007696923	409594986724372
409595003172340	409595015915933	409595003460622
409595019893538	409595032352236	409595020311195
409595036546403	409595048790986	409595036830622
409595053213590	409595065228590	409595053497913
409595070004684	409595081665465	409595072242028
409595102937028	409595114543069	409595103338122
409595103242653	409595122763434	409595103369163
409595119889215	409595130984267	409595120273226
409595136566247	409595147421455	409595136880569
409595153277028	409595163857601	409595153551090
409595169950153	409595188510882	409595170224372
409595186618694	409595204946767	409595194818538
409595220281403	409595237819319	409595220836403
409595220499997	409595246037287	409595220841872
409595237150257	409595254253954	409595237442340
409595253879319	409595270686038	409595254159528
409595270530622	409595287119997	409595270811090
409595287213278	409595303552600	409595287478434
409595303927444	409595319989163	409595304130465
409595337622028	409595352858017	409595337934944
409595337800934	409595361075882	409595337966194
409595354488538	409595369293590	409595354774944
409595371130621	409595385728850	409595371423903
409595387862809	409595402164683	409595388139996
409595404528590	409595418600829	409595404812757
409595421205413	409595435035569	409595425942444
409595454597601	409595467904683	409595454961871
409595454772132	409595476122339	409595454987184
409595471440621	409595484339163	409595471741715
409595488191090	409595500774163	409595488480101
409595504853746	409595517209110	409595505128590
409595521527653	409595533644632	409595521902757
409595538204684	409595550081246	409595542985934
409595571982965	409595582953641	409595572451715
409595572323851	409595591169631	409595572458538
409595588916194	409595599385881	409595589208903
409595605644840	409595624037964	409595605923278
409595622354476	409595640474788	409595622712340
409595638991663	409595656911819	409595639268121
409595655688278	409595673346402	409595657168694
409595690058278	409595706215673	409595690544476
409595690413121	409595714433226	409595690550726
409595706925621	409595722651090	409595707242913
409595723631090	409595739085985	409595724028434
409595740301715	409595755521819	409595740582184
409595756977496	409595771957861	409595757259007
409595773635413	409595788396246	409595776365569
409595806994215	409595821267027	409595807343746
409595807150309	409595829483277	409595807357028
409595823829684	409595837698850	409595824203590
409595840544684	409595854132235	409595840866350
409595857213434	409595870564475	409595857494840
409595873849996	409595886998277	409595874136090
409595890550413	409595903432704	409595897673225
409595924331975	409595936304944	409595924826715
409595924562340	409595944522079	409595924831715
409595941261507	409595952738068	409595941538121
409595958004788	409595969169787	409595958277653
409595974609475	409595985599684	409595974904215
409595991272184	409596002031298	409595991551090
409596008097653	409596026681141	409596008437757
409596043156090	409596059546923	409596043508850
409596043677809	409596067763277	409596043863225
409596060321871	409596075979006	409596060607965
409596077037340	409596092411923	409596077383434
409596093636038	409596108846611	409596093912027
409596110301819	409596125282912	409596110577496
409596126988277	409596141718694	409596134511455
409596161332965	409596174590568	409596161671194
409596161672913	409596182806923	409596161794319
409596178315152	409596191023954	409596178613382
409596195005465	409596207453954	409596195287757
409596211692809	409596223888017	409596211975934
409596228346975	409596240324007	409596228716090
409596245112809	409596256759839	409596245465309
409596277608277	409596289628850	409596277961038
409596278282132	409596297846402	409596278688590
409596295096090	409596306064318	409596295370257
409596311777340	409596322499787	409596312084944
409596328383590	409596338935672	409596328753382
409596345068225	409596355370100	409596345340309
409596361803902	409596380023850	409596362602809
409596396572652	409596412893694	409596396810465
409596397071402	409596421110308	409596397245621
409596413767184	409596429328693	409596414070934
409596430412184	409596445765933	409596430818277
409596447107027	409596462197965	409596447379631
409596463692652	409596478631662	409596463980725
409596480457600	409596495063693	409596483171038
409596514867444	409596527925152	409596515327809
409596515514527	409596536141037	409596515665934
409596531987600	409596544356714	409596532429840
409596548643902	409596560789423	409596548932652
409596565337184	409596577225047	409596565620569
409596582003381	409596593660881	409596582284319
409596598702340	409596610097652	409596600811871
409596633325413	409596651183069	409596633706819
409596633727809	409596659399527	409596633866715
409596650297652	409596667617235	409596650527288
409596666963381	409596684050516	409596667238850
409596683617444	409596700483329	409596683894683
409596700281402	409596716915724	409596700611194
409596717117652	409596733350099	409596717510308
409596750888590	409596766213850	409596751375413
409596751576558	409596774429735	409596751759058
409596767857027	409596782645256	409596768154371
409596784497965	409596799075256	409596784779163
409596801236663	409596815509787	409596801515881
409596817874371	409596831942600	409596818158746

POLL t=311.4 tick=3714
8333333
409605818118899	409605829395461	409605818548586
409605852474836	409605870484732	409605852797492
409605852613899	409605878703742	409605852803430
409605869303534	409605886922231	409605869745930
409605885987024	409605903356450	409605886273222
409605902693065	409605919791242	409605902980930
409605919354003	409605936224054	409605932617336
409605936056711	409605952655304	409605936374992
409605970850722	409605985519940	409605971394367
409605971042440	409605993736711	409605971436086
409605987682024	409606001952805	409605988022805
409606004467753	409606018386138	409606004761034
409606021088534	409606034821450	409606021357336
409606037751086	409606051257232	409606038025878
409606054427180	409606067692075	409606056645722
409606087959836	409606100558429	409606088512909
409606088609003	409606108776034	409606088767805
409606104992805	409606116994367	409606105314211
409606121733534	409606133432596	409606122015409
409606138392024	409606149867596	409606138675149
409606155018378	409606166302596	409606155331086
409606171752284	409606182737492	409606180213222
409606205435305	409606215613273	409606205797128
409606205605930	409606223831867	409606205800878
409606222314367	409606240267596	409606222636399
409606239010617	409606256702335	409606239301399
409606255666867	409606273137961	409606255947961
409606272340930	409606289572128	409606272714524
409606289021086	409606306005825	409606292444159
409606322647961	409606338872128	409606322970149
409606322768378	409606347090929	409606322987753
409606339455096	409606355309627	409606339772180
409606356192961	409606371743117	409606356530930
409606372820930	409606388172961	409606373201086
409606389478586	409606404606607	409606389767596
409606406140617	409606421039002	409606415073274
409606439707024	409606453901711	409606440074940
409606440044992	409606462120408	409606440241867
409606456637180	409606470338273	409606456901971
409606473277649	409606486775564	409606473661190
409606489937492	409606503213898	409606490232649
409606506594159	409606519651138	409606506931242
409606523361711	409606536088950	409606526078273
409606557133690	409606568964314	409606557505148
409606557278534	409606577182961	409606557513846
409606573922284	409606585401554	409606574348690
409606590621711	409606601838794	409606590949940
409606607291346	409606618277856	409606607576398
409606624070461	409606634717127	409606624299680
409606640712753	409606651154783	409606649788690
409606674671242	409606692243950	409606675163586
409606674911867	409606700461450	409606675170253
409606691548273	409606708679523	409606691849940
409606708281398	409606725115981	409606708555148
409606724943534	409606741554627	409606725229003
409606741603534	409606757991450	409606741877492
409606758334940	409606774427231	409606760217232
409606791911815	409606807300512	409606792295409
409606792287492	409606815519315	409606792419628
409606808758586	409606823737491	409606809051242
409606825414992	409606840175408	409606825704003
409606842145096	409606856614939	409606842422596
409606858819680	409606873051294	409606859095305
409606875487648	409606889486658	409606883866971
409606909189471	409606922352648	409606909560409
409606909405253	409606930569419	409606909563586
409606926131346	409606938787022	409606926441398
409606942783273	409606955221294	409606943066502
409606959413117	409606971654888	409606959705617
409606976144002	409606988084887	409606976528273
409606992785305	409607004516398	409606998033898
409607026450773	409607037380877	409607026840148
409607026661502	409607045598846	409607026844992
409607043309055	409607053815356	409607043612648
409607060055877	409607070245981	409607060355461
409607076706659	409607086679679	409607077083742
409607093357284	409607111331293	409607093637961
409607110061242	409607127766189	409607118017180
409607142476034	409607160632543	409607142762284
409607143324940	409607168849106	409607143679002
409607160155877	409607177064262	409607160439523
409607176779054	409607193497231	409607177166346
409607193500148	409607209930564	409607193773534
409607210130461	409607226366137	409607210400304
409607226850773	409607242800721	409607229893117
409607259784367	409607275665773	409607260097492
409607260105617	409607283882804	409607260232127
409607276854784	409607292099835	409607277235252
409607293513898	409607308533585	409607293800617
409607310209471	409607324968117	409607310472179
409607326881659	409607341402023	409607327157023
409607343566867	409607357836971	409607345008898
409607378357492	409607390704054	409607379198742
409607378762648	409607398921762	409607379208690
409607395407336	409607407138585	409607395703586
409607412075877	409607423571606	409607412359940
409607428776190	409607440005044	409607429049159
409607445437804	409607456436814	409607445706034
409607462157023	409607472871033	409607464244002
409607494853742	409607505733429	409607495201502
409607495326086	409607513949210	409607495453898
409607512176242	409607530379002	409607512457804
409607528767804	409607546811502	409607529052909
409607545483586	409607563242179	409607545759627
409607562134679	409607579675096	409607562407804
409607578753690	409607596109471	409607581900096
409607607496398	409607620762856	409607607806971
409607612095461	409607628981137	409607612394315
409607628734315	409607645413012	409607629006398
409607645465304	409607661844991	409607645728533
409607662120148	409607678277387	409607662392336
409607678762492	409607694711814	409607690641086
409607695447283	409607711144679	409607695797283
409607731301658	409607744010564	409607731796086
409607731624679	409607752226345	409607731821711
409607748222492	409607760443845	409607748627804
409607764870877	409607776878898	409607765184992
409607781512179	409607793313273	409607781895148
409607798170408	409607809746137	409607798464054
409607814863585	409607826180981	409607819977648
409607848452492	409607859051449	409607848809210
409607848699627	409607867269523	409607848815721
409607865330148	409607883705355	409607865661085
409607882059367	409607900139106	409607882436242
409607898732752	409607916577179	409607899019002
409607915357127	409607933015876	409607915650304
409607932217804	409607949454367	409607936779210

POLL t=322.5 tick=3799
8333333
409616896972436	409616914933529	409616904784467
409616930523582	409616947795613	409616930928374
409616930831030	409616956011759	409616930935249
409616947391967	409616964228582	409616947679832
409616964161551	409616980659154	409616964427332
409616980787019	409616997090196	409616981065301
409616997447644	409617013520405	409616997722905
409617014139363	409617029948738	409617014686082
409617047057957	409617062813634	409617047428113
409617047427436	409617071030039	409617047563426
409617064191238	409617079245978	409617064574832
409617080825769	409617095677904	409617081146707
409617097527644	409617112108789	409617097829832
409617114173738	409617128539675	409617114557280
409617130849780	409617144972383	409617144357019
409617147519363	409617161404414	409617147909207
409617180803113	409617194268998	409617181202332
409617180997488	409617202485352	409617181210092
409617197658113	409617210702540	409617197970717
409617214356030	409617227135769	409617214744363
409617231048894	409617243570300	409617231333999
409617247717124	409617260003998	409617247998894
409617264409467	409617276437592	409617265111811
409617297878217	409617309307540	409617298443999
409617298324832	409617317525301	409617298444676
409617314818738	409617325743165	409617315257801
409617331445457	409617342179780	409617331763269
409617348175301	409617358614415	409617348447176
409617364849311	409617375048478	409617365122957
409617381533582	409617399699311	409617384126186
409617414524832	409617432561394	409617415032019
409617414844051	409617440777019	409617415079936
409617431522019	409617448992957	409617431805301
409617448201707	409617465423686	409617448455405
409617464909936	409617481855457	409617465178894
409617481576863	409617498286758	409617481851863
409617498261967	409617514721186	409617504518373
409617532080301	409617547586133	409617532443269
409617532278842	409617555802748	409617532448998
409617548905613	409617564017696	409617549208426
409617565619155	409617580450612	409617565906863
409617582269832	409617596882436	409617582548582
409617599000769	409617613315144	409617599276238
409617615674363	409617629751290	409617622463269
409617648829675	409617662615247	409617649187123
409617649066030	409617670830977	409617649192488
409617665690613	409617679046342	409617665981498
409617682427592	409617695478634	409617682720769
409617699084155	409617711911706	409617699358686
409617715745925	409617728345144	409617716119363
409617732450300	409617744778321	409617735683061
409617765460769	409617777643842	409617765911030
409617765846394	409617785860352	409617766021550
409617782420457	409617794075821	409617782710457
409617799119467	409617810509050	409617799408373
409617815799155	409617826942904	409617816175248
409617832476707	409617843375039	409617832757644
409617849201394	409617859808113	409617850614363
409617882610561	409617900894622	409617883074988
409617883128894	409617909111497	409617883238998
409617899554155	409617917328530	409617899890717
409617916220405	409617933761863	409617916611186
409617932953582	409617950196550	409617933254675
409617949637436	409617966630352	409617949932905
409617966284155	409617983065040	409617972329988
409617995314363	409618007713113	409617995650717
409617999548738	409618015928634	409617999854780
409618016278582	409618032362540	409618016654363
409618032926030	409618048794623	409618033212019
409618049564675	409618065227071	409618049852019
409618066243113	409618081661758	409618076742019
409618100104363	409618114530821	409618100446238
409618100330561	409618122748946	409618100450300
409618116976654	409618130966550	409618117372175
409618133735144	409618147401654	409618134007957
409618150401498	409618163837175	409618150678269
409618167060769	409618180272800	409618167341238
409618183768529	409618196709049	409618184151707
409618215377332	409618229576238	409618216144832
409618217083842	409618237793477	409618217435248
409618233719519	409618246012019	409618234010613
409618250425300	409618262445665	409618250701238
409618267112175	409618278879311	409618267396498
409618283746654	409618295314518	409618284026082
409618300557175	409618311747800	409618301219363
409618334399206	409618344619258	409618334772748
409618334622644	409618352838008	409618334813894
409618351406706	409618369276394	409618351686811
409618368087644	409618385712956	409618368325873
409618384715300	409618402149726	409618384985717
409618401423738	409618418586550	409618401697488
409618418176967	409618435023477	409618425144050
409618447356967	409618459675300	409618447652644
409618451311081	409618467893633	409618451614519
409618468032956	409618484330404	409618468299675
409618484730613	409618500766654	409618485003425
409618501364831	409618517202174	409618501641394
409618518029831	409618533636915	409618530390456
409618550843686	409618566508841	409618551131394
409618551359050	409618574727123	409618551452175
409618568144467	409618582944101	409618568437956
409618584743894	409618599377904	409618585020300
409618601448894	409618615810612	409618601720925
409618618132331	409618640460925	409618632569675
409618634761186	409618648678633	409618635136238
409618669112019	409618681547279	409618669456081
409618669300769	409618689762435	409618669468894
409618686034467	409618697978685	409618686309050
409618702762331	409618714410977	409618703112488
409618719343686	409618730844831	409618719715873
409618736043217	409618747280352	409618736288425
409618752709675	409618763713998	409618753158269
409618786858894	409618804796133	409618787303269
409618787195404	409618813013945	409618787339206
409618803753581	409618821231914	409618804025873
409618820443217	409618837668113	409618820820717
409618837101550	409618854101810	409618837380300
409618853777175	409618870535092	409618854058217
409618870436342	409618886967956	409618876897800
409618903524623	409618919835300	409618903838425
409618903765613	409618928052748	409618903842331
409618920485873	409618936269310	409618920886342
409618937137956	409618952702695	409618937424831
409618953835769	409618969135768	409618954109362
409618970499623	409618985570612	409618970786394
409618987186394	409619002002852	409618989489831
409619028854206	9223372036854775807	409619029310873

POLL t=333.6 tick=3884
8333333
409628040544047	409628055893317	409628040828057
409628057235557	409628072324983	409628061985922
409628090936234	409628105189307	409628091299776
409628091156703	409628113405036	409628091305609
409628107818213	409628121620713	409628108094151
409628124497744	409628138054411	409628124778265
409628141182432	409628154489150	409628141457796
409628157853421	409628170921755	409628158223213
409628174503109	409628187354514	409628174815244
409628207407015	409628220218889	409628207790921
409628207822119	409628228434671	409628208125557
409628224542328	409628236649254	409628224833369
409628241205140	409628253079463	409628241496234
409628257934046	409628269510036	409628258313109
409628274598057	409628285937118	409628274868109
409628291288734	409628302368317	409628295321859
409628324599671	409628335226077	409628324990713
409628324895609	409628343438785	409628325082276
409628341433734	409628359865504	409628341741494
409628358178526	409628376291807	409628358549776
409628374829671	409628392718942	409628375111390
409628391507276	409628409149879	409628391779203
409628408269307	409628425579359	409628411543369
409628441944932	409628458431859	409628442278109
409628442428682	409628466645348	409628442606234
409628458811078	409628474859515	409628459193890
409628475460609	409628491288577	409628475775244
409628492151390	409628507718108	409628492445296
409628508880453	409628524147379	409628509156703
409628525568734	409628540576911	409628528377276
409628559089463	409628573446754	409628559616234
409628559265765	409628581666754	409628559674828
409628575938109	409628589886078	409628576233890
409628592614932	409628606321129	409628592937640
409628609282640	409628622754202	409628609566963
409628625967171	409628639189723	409628626256859
409628642667015	409628655624202	409628651713578
409628676721234	409628688495921	409628677056703
409628676970140	409628696712431	409628677063057
409628693595453	409628704929411	409628693874203
409628710326390	409628721365608	409628710599515
409628726952900	409628737799306	409628727227119
409628743649984	409628754231389	409628743920765
409628760323890	409628778881285	409628763775765
409628793559932	409628811756650	409628793915765
409628793792796	409628819973577	409628793950869
409628810449984	409628828190139	409628810741390
409628827131077	409628844625556	409628827413369
409628843816859	409628861059462	409628844089463
409628860489671	409628877495035	409628860890921
409628877156702	409628893929514	409628877902171
409628910116390	409628926795035	409628910527432
409628910466494	409628935010765	409628910665765
409628927155088	409628943228838	409628927448265
409628943830765	409628959664671	409628944148682
409628960553682	409628976101025	409628960928057
409628977222171	409628992533629	409628977502588
409628993897952	409629008966285	409629003480400
409629027840452	409629041834983	409629028149827
409629028173682	409629050053108	409629028300452
409629044732640	409629058270764	409629045020088
409629061468734	409629074703577	409629061835921
409629078107171	409629091135869	409629078392275
409629094760244	409629107573629	409629095049775
409629111465296	409629124012431	409629112892015
409629145398369	409629156884671	409629145804046
409629145587171	409629165103317	409629145821025
409629162256077	409629173321911	409629162639619
409629178920140	409629189758160	409629179207171
409629195641182	409629206195192	409629195925296
409629212275921	409629222632014	409629212564827
409629229006077	409629247279358	409629235092952
409629262078109	409629280145087	409629262590140
409629262300765	409629288363420	409629262593577
409629279081390	409629296582223	409629279420765
409629295684046	409629313018838	409629295967171
409629312385921	409629329454046	409629312658577
409629329069984	409629345887015	409629329356390
409629345815088	409629362323108	409629350267640
409629379811077	409629395193525	409629380146546
409629380169984	409629403412431	409629380310921
409629396843890	409629411631493	409629397129827
409629413467952	409629428069045	409629413751025
409629430189984	409629444505556	409629430455140
409629446849358	409629460942899	409629447115556
409629463487900	409629477378733	409629463913421
409629495664150	409629510254358	409629496034202
409629496727796	409629518473212	409629497046233
409629513500452	409629526691702	409629513953890
409629530223265	409629543129202	409629530587119
409629546876963	409629559562639	409629547148994
409629563465400	409629575995868	409629563859619
409629580242744	409629592431858	409629580377796
409629609817640	409629625301180	409629610137640
409629613464671	409629633518890	409629613787640
409629630150608	409629641736962	409629630434515
409629646859306	409629658171702	409629647136077
409629663518265	409629674608733	409629663882952
409629680229931	409629691045192	409629680505400
409629696926181	409629707482952	409629697263733
409629731036338	409629748574827	409629731396858
409629731391233	409629756791233	409629731524358
409629748036650	409629765009566	409629748279827
409629764688733	409629781443108	409629765132015
409629781347796	409629797875503	409629781642483
409629797987483	409629814310296	409629798275765
409629814724202	409629830747275	409629818647015
409629848237483	409629863619775	409629848608890
409629848528265	409629871835399	409629848615244
409629865186963	409629880051441	409629865597327
409629881839931	409629896483212	409629882114515
409629898457015	409629912917639	409629898740452
409629915167483	409629929352952	409629915445712
409629931885296	409629945789149	409629933324671
409629965549619	409629978661441	409629966074775
409629965850765	409629986878993	409629966140921
409629982401390	409629995097171	409629982714515
409629999108108	409630011532900	409629999403733
409630015788265	409630027969931	409630016076962
409630032458994	409630044410034	409630032737327
409630049118265	409630060847848	409630052982587
409630083438577	409630101940399	409630083903056
409630083969775	409630110158524	409630084139983
409630100466546	409630118376597	409630100769514
409630117077639	409630134812431	409630117373369
409630133757796	409630151249254	409630134071077
409630150494358	9223372036854775807	409630150774514

POLL t=344.7 tick=3970
8333333
409639158473261	409639173947896	409639158752011
409639175129928	409639190380291	409639175406334
409639191798053	409639206809459	409639192161699
409639208470449	409639223239458	409639208584199
409639242339459	409639256102948	409639242679928
409639242529042	409639264319719	409639242689042
409639259215084	409639272537010	409639259556699
409639275917167	409639288971229	409639276223678
409639292545292	409639305404354	409639292928209
409639309189667	409639321834615	409639309481178
409639325921855	409639338267896	409639328089928
409639358948365	409639371133000	409639359377271
409639359246959	409639379350292	409639359394355
409639375918678	409639387566802	409639376202792
409639392607896	409639404000448	409639393038053
409639409302480	409639420433678	409639409578521
409639425944615	409639436866333	409639426223990
409639442579980	409639453298625	409639451968053
409639475984355	409639494378573	409639476344980
409639476360292	409639502594146	409639476469355
409639492886542	409639510809979	409639493275553
409639509593834	409639527242114	409639509881386
409639526242323	409639543674198	409639526531073
409639542945292	409639560107270	409639543226490
409639559638105	409639576539771	409639560047480
409639593442480	409639609407844	409639593942480
409639593627167	409639617625968	409639593968834
409639610322323	409639625844615	409639610705865
409639626968886	409639642281125	409639627356490
409639643673886	409639658717532	409639643950605
409639660340136	409639675152011	409639660622792
409639676994980	409639691586959	409639683079667
409639710064146	409639724455292	409639710428261
409639710382271	409639732672270	409639710517740
409639727094198	409639740888885	409639727403417
409639743711230	409639757324927	409639743996698
409639760410084	409639773762896	409639760683521
409639777079042	409639790198208	409639777360292
409639793768730	409639806632427	409639798895761
409639827235240	409639839501021	409639827595396
409639827493052	409639847718521	409639827600136
409639844121855	409639855934823	409639844447948
409639860792636	409639872367063	409639861077167
409639877429980	409639888799458	409639877723886
409639894099042	409639905235083	409639894519615
409639910845448	409639921668104	409639911018521
409639943928729	409639954536125	409639944329667
409639944230604	409639962754198	409639944338573
409639960848365	409639979190760	409639961232896
409639977474667	409639995626177	409639977773521
409639994181073	409640012064459	409639994558729
409640010838729	409640028502062	409640011143261
409640027501698	409640044943729	409640034180917
409640060618417	409640077815916	409640061027636
409640060957011	409640086035083	409640061028521
409640077537636	409640094253365	409640077859927
409640094232636	409640110690812	409640094618052
409640110883209	409640127127948	409640111154042
409640127580136	409640143563833	409640127861490
409640144258104	409640159999458	409640148688417
409640177639146	409640192873468	409640178137896
409640178011698	409640201090344	409640178142740
409640194532636	409640209306854	409640194977792
409640211196229	409640225738781	409640211519771
409640227907011	409640242172167	409640228206854
409640244555448	409640258603781	409640244850136
409640261287948	409640275035031	409640267563365
409640294345917	409640307907792	409640294823209
409640294688886	409640316126438	409640294826698
409640311340761	409640324345656	409640311659146
409640327972011	409640340783833	409640328263417
409640344684354	409640357219614	409640344965761
409640361358677	409640373657062	409640361684198
409640378044458	409640390091229	409640381656802
409640411807948	409640422961124	409640412111958
409640411961802	409640431178312	409640412115708
409640428741229	409640439395187	409640429049823
409640445377896	409640455828780	409640445680292
409640462087948	409640480481749	409640462360136
409640478766854	409640496914094	409640479040136
409640495417583	409640513349406	409640498755448
409640527694979	409640538002479	409640528003261
409640528670083	409640546220760	409640529007583
409640545407479	409640562656489	409640545713104
409640562092479	409640579093052	409640562370708
409640578782010	409640595529197	409640579053573
409640595489979	409640611965239	409640595881073
409640612271698	409640628398364	409640615115760
409640646123365	409640661267999	409640646496073
409640646520448	409640669485864	409640646740760
409640663199823	409640677703312	409640663510865
409640679786854	409640694139041	409640680100396
409640696503885	409640710574874	409640696867635
409640713184198	409640727010135	409640713456385
409640729912583	409640743445239	409640731984354
409640763852427	409640776314823	409640764165448
409640764182115	409640784532322	409640764356229
409640780813260	409640792750030	409640781094771
409640797443417	409640809183937	409640797818260
409640814141385	409640825617791	409640814417115
409640830829979	409640842053312	409640831104667
409640847572583	409640858488624	409640848612167
409640876330917	409640891356697	409640876637323
409640880733417	409640899574146	409640881031385
409640897478104	409640907790916	409640897870917
409640914063729	409640924221072	409640914379979
409640930832635	409640948873832	409640931103521
409640947427792	409640965309041	409640959879042
409640964183833	409640981742010	409640964532792
409640998193885	409641014615030	409640998672167
409640998398990	409641022833677	409640998677010
409641016541802	409641031052271	409641016789354
409641033035604	409641047484823	409641033314198
409641049618364	409641063920187	409641049904042
409641066334667	409641080357323	409641066606802
409641083012635	409641096793052	409641083316698
409641116865239	409641129667687	409641117142896
409641117007948	409641137888884	409641117172739
409641133719042	409641146109614	409641134024198
409641150384771	409641162549094	409641150676646
409641167082948	409641178988416	409641167368260
409641183751542	409641195425760	409641191971698
409641212692323	409641228298520	409641213018364
409641217044510	409641236516333	409641217349771
409641233741333	409641244735030	409641234026698
409641250465760	409641261172062	409641250743104
409641267126854	9223372036854775807	409641267405864

POLL t=356.5 tick=4098
8333333
409650884894819	409650901328777	409650885825079
409650918529975	409650934205288	409650918888829
409650918708257	409650942424922	409650918900913
409650935366538	409650950644298	409650935763725
409650952057475	409650967082995	409650952371382
409650968710132	409650983521537	409650969002163
409650985426069	409650999959298	409650985695392
409651002082475	409651016398673	409651013018361
409651036153413	409651049277787	409651036629819
409651036460600	409651057497215	409651036675132
409651053064038	409651065716485	409651053376486
409651069795131	409651082155547	409651070070756
409651086456225	409651098593308	409651086731329
409651103121538	409651115030912	409651103396381
409651119799506	409651131466641	409651120595131
409651153373569	409651164342891	409651153742267
409651153568100	409651172560965	409651153799506
409651170398725	409651188997787	409651170524663
409651187207267	409651205435548	409651187462006
409651203636694	409651221873985	409651203911225
409651220291381	409651238311485	409651220580756
409651236947736	409651254750496	409651246181798
409651270086017	409651287623360	409651270421798
409651270285913	409651295842474	409651270428725
409651286949767	409651304061172	409651287243100
409651303631486	409651320499766	409651303914767
409651320330131	409651336941276	409651320632788
409651337005600	409651353380808	409651337383413
409651353692319	409651369818569	409651353857788
409651387542319	409651402696694	409651387902944
409651387723256	409651410916016	409651387910913
409651404375392	409651419134454	409651404666694
409651421095079	409651435573464	409651421378100
409651437786225	409651452013412	409651438153361
409651454434819	409651468451798	409651454716850
409651471152788	409651484891797	409651476631538
409651504967735	409651517766954	409651505525756
409651505269506	409651525985964	409651505532163
409651521855444	409651534204610	409651522173256
409651538578569	409651550640548	409651538944975
409651555237944	409651567079037	409651555519819
409651571908725	409651583518517	409651572189506
409651588573256	409651599956121	409651597219506
409651621881538	409651632829610	409651622218256
409651622105704	409651641049037	409651622223256
409651638763881	409651649267735	409651639158256
409651655498100	409651665703568	409651655793829
409651672191694	409651690359662	409651672468204
409651688796069	409651706796068	409651689070860
409651705555288	409651723232058	409651706159610
409651739671225	409651756108464	409651740159662
409651739848412	409651764327735	409651740219506
409651756512319	409651772546641	409651756812267
409651773232110	409651788984558	409651773515287
409651789910704	409651805421693	409651790183100
409651806580548	409651821857891	409651806846225
409651823257162	409651838294089	409651828938256
409651867068881	409651879387631	409651867597475
409651867415548	409651887606745	409651867601954
409651884037110	409651895825443	409651884334506
409651900717787	409651912263776	409651901003829
409651917381537	409651928700443	409651917658360
409651934039350	409651945134819	409651934413881
409651950728100	409651961571172	409651956992631
409651983721381	409651994445443	409651984075287
409651984217267	409652002665183	409651984335600
409652000795235	409652019104453	409652001128100
409652017420079	409652027321694	409652017712631
409652034094819	409652051978464	409652034467944
409652050771798	409652068419871	409652051059037
409652067447423	409652084862527	409652072296694
409652100835600	409652117742839	409652101423256
409652101204975	409652125963464	409652101426485
409652117706069	409652134184089	409652117998256
409652134392162	409652150624923	409652134768412
409652151112162	409652167065547	409652151394506
409652167787944	409652183504037	409652168069506
409652184437006	409652199944193	409652188211641
409652215498204	409652232828203	409652215800235
409652217886954	409652241047995	409652218227891
409652234423204	409652249268620	409652234826381
409652251131225	409652265711225	409652251438829
409652267833829	409652282152162	409652268108673
409652284481485	409652298592839	409652284763204
409652301242891	409652315034037	409652307835079
409652334797266	409652347912734	409652335417891
409652335177266	409652356131693	409652335422423
409652351937006	409652364351016	409652352241225
409652368561954	409652380789870	409652368840756
409652385258412	409652397228984	409652385524298
409652401896225	409652413669818	409652402166381
409652418647943	409652430112734	409652421739975
409652455834818	409652471216537	409652456198725
409652456196850	409652479437735	409652456405912
409652473126381	409652487658776	409652473453256
409652489674975	409652504094974	409652489948985
409652506316225	409652520531433	409652506593568
409652523003100	409652536968151	409652523281016
409652539648725	409652553405235	409652543634558
409652573507006	409652586284245	409652573874454
409652573714454	409652594503464	409652573883256
409652590438673	409652602722995	409652590722787
409652607212579	409652619161225	409652607493100
409652623833881	409652635601953	409652624101850
409652640486693	409652652041068	409652640902318
409652657216641	409652668481068	409652663832318
409652691779923	409652709575131	409652691957318
409652692278412	409652717793203	409652692722006
409652708912006	409652726012683	409652709172318
409652725586537	409652742450548	409652725816016
409652742167735	409652758888256	409652742590391
409652758834975	409652775323620	409652759108204
409652775623412	409652791759089	409652777035756
409652809628256	409652824633672	409652809981485
409652809826068	409652832852318	409652809990235
409652826546954	409652841071849	409652826953881
409652843181641	409652857511589	409652843695912
409652859870287	409652873951380	409652860159818
409652876534297	409652890391172	409652876809975
409652893213256	409652906833360	409652903035079
409652927226068	409652939711797	409652927602162
409652927428204	409652947931433	409652927610704
409652944108256	409652956151381	409652944497735
409652960824818	409652972589245	409652961108985
409652977466381	409652989027370	409652977766225
409652994157318	409653005465703	409652994436954
409653011056745	409653021906901	409653011336068

POLL t=367.6 tick=4182
8333333
409661989321794	409662005291428	409661989710596
409662005991221	409662021728147	409662006273565
409662022655440	409662038164658	409662022931377
409662039347002	409662054600440	409662040749294
409662075253096	409662087478460	409662075683721
409662075448565	409662095697158	409662075769502
409662092113877	409662103915231	409662092405127
409662108818981	409662120350387	409662109107419
409662125485440	409662136783616	409662125759919
409662142152159	409662153218303	409662142430700
409662158839346	409662169653408	409662159158252
409662175485284	409662186089398	409662179450596
409662211027940	409662227176273	409662211563408
409662211291325	409662235393668	409662211568721
409662227939763	409662243612523	409662228242731
409662244620752	409662260051012	409662244693565
409662261290596	409662276488824	409662261579346
409662277947783	409662292926898	409662278321377
409662294625752	409662309363825	409662294910752
409662329988513	409662342237731	409662330356221
409662330232158	409662350456480	409662330363565
409662346867471	409662358675022	409662347175908
409662363509763	409662375109815	409662363700440
409662380199138	409662391545908	409662380585596
409662396855544	409662407984763	409662397152002
409662413516221	409662424422991	409662413814658
409662449041846	409662465513460	409662449412158
409662449469502	409662473732158	409662449601013
409662465957731	409662481951273	409662466251846
409662482704346	409662498391846	409662482858825
409662499372106	409662514830960	409662499656794
409662515998981	409662531267575	409662516285596
409662532651377	409662547703721	409662532949815
409662567081013	409662580584866	409662567475908
409662567305127	409662588805699	409662567480283
409662583978877	409662597024554	409662584428981
409662600676013	409662613464033	409662601050908
409662617352002	409662629902002	409662617631325
409662634017315	409662646339137	409662634297158
409662650689450	409662662779085	409662650971221
409662685817106	409662695649554	409662686910908
409662685976690	409662703868408	409662686916221
409662702646377	409662720306533	409662702930752
409662719387471	409662736744346	409662720072783
409662736100231	409662753180803	409662736324658
409662752710596	409662769618616	409662752984815
409662769376377	409662786055491	409662769720856
409662804297315	409662818927054	409662804667419
409662804664658	409662827145647	409662804812731
409662821247783	409662835364554	409662821517158
409662837920752	409662851802523	409662838282002
409662854564346	409662868240960	409662854841637
409662871233408	409662884678720	409662871518669
409662887898096	409662901116845	409662891823564
409662923146533	409662933996116	409662923503252
409662923336169	409662942215074	409662923558721
409662939998096	409662950434866	409662940299502
409662956723721	409662966875075	409662958671064
409662973387314	409662983314866	409662973672419
409662990054971	409663007970856	409662990430700
409663006711064	409663024408407	409663011800439
409663042928721	409663057284554	409663043449346
409663043260752	409663065504866	409663043456064
409663059829919	409663073724606	409663060116481
409663076508252	409663090162783	409663076831221
409663093224189	409663106602835	409663093589502
409663109840127	409663123042105	409663110129658
409663145162575	409663155923199	409663145535752
409663145458356	409663164143928	409663145548721
409663162068408	409663172363877	409663162378252
409663178796637	409663197023928	409663179080075
409663195444346	409663213465752	409663195846950
409663212149137	409663229905803	409663212430387
409663246525908	409663262783200	409663246825439
409663246692627	409663271002470	409663246829658
409663263431533	409663279221949	409663263732783
409663280138721	409663295657418	409663280432471
409663296955543	409663312094710	409663297324137
409663313437262	409663328532678	409663313730387
409663330160283	409663344973616	409663330506533
409663372383564	409663386071741	409663372731689
409663372692002	409663394291428	409663372824033
409663389356533	409663402511949	409663389758877
409663406138252	409663418951793	409663406438096
409663422718096	409663435392418	409663422996846
409663439380700	409663451831168	409663439666481
409663471964918	409663484710179	409663472267158
409663472760596	409663492929709	409663473099033
409663489410700	409663501149033	409663489823564
409663506083564	409663517586636	409663506382731
409663522731325	409663534023095	409663524838877
409663539457575	409663550459137	409663539729918
409663556155283	409663566895803	409663556422470
409663572802731	409663583335595	409663573115700
409663606586689	409663624427783	409663606889658
409663606867575	409663632645491	409663606986950
409663623558877	409663640863980	409663623844033
409663640264033	409663657301532	409663640538564
409663656901064	409663673739085	409663657202939
409663673599345	409663690177417	409663673898408
409663704934658	409663723057158	409663705282262
409663706942731	409663731276533	409663707318564
409663723562002	409663739496845	409663723850856
409663740239502	409663755936637	409663740521533
409663756976012	409663772376011	409663757231637
409663773601533	409663788814501	409663773877783
409663808379033	409663821692106	409663808679033
409663808543720	409663829911793	409663808691950
409663825293720	409663838130855	409663825593252
409663841982314	409663854568304	409663842267158
409663858626845	409663871007522	409663858903720
409663875284918	409663887447418	409663875561168
409663892042106	409663903889085	409663892391064
409663927621220	409663944989033	409663927959970
409663927829502	409663953209085	409663927965231
409663944485595	409663961427730	409663944800595
409663961203720	409663977865595	409663961548095
409663977872627	409663994303772	409663978186168
409663994544970	409664010739397	409663994919970
409664011219033	409664027176636	409664011593095
409664046425595	409664060050647	409664046753095
409664046612314	409664068270335	409664046759137
409664063336637	409664076489189	409664063622887
409664080054189	409664092926012	409664080302002
409664096642939	409664109361428	409664097020283
409664113368043	409664125797001	409664118799189
409664148226324	9223372036854775807	409664148607002

POLL t=378.7 tick=4270
8333333
409673105852154	409673116905123	409673106229342
409673122531165	409673133345539	409673122873873
409673139208717	409673149786685	409673139584811
409673155890279	409673166227102	409673156159446
409673172549602	409673182668092	409673180245904
409673205715592	409673223761425	409673206076477
409673205896061	409673231979549	409673206082779
409673222557623	409673240195852	409673222847415
409673239226373	409673256629237	409673239605227
409673255962258	409673273062987	409673256238821
409673272623092	409673289498143	409673272899915
409673289297623	409673305935539	409673289701686
409673323093873	409673338810747	409673323450904
409673323315748	409673347028872	409673323457623
409673339967467	409673355248247	409673340375852
409673356676946	409673371687935	409673356956165
409673373341685	409673388126217	409673373615071
409673390003873	409673404564914	409673390284029
409673406692623	409673421004133	409673407386685
409673440291529	409673453884497	409673441031946
409673440585123	409673462103821	409673441035748
409673457270123	409673470322571	409673457577935
409673473889342	409673486760123	409673474190592
409673490566529	409673503196841	409673490845748
409673507242102	409673519633248	409673507524967
409673523961217	409673536071997	409673524326060
409673557673352	409673568946112	409673558081842
409673557969185	409673577162675	409673558158248
409673574541529	409673585381216	409673574910748
409673591220227	409673601817675	409673591518560
409673607857727	409673618251841	409673608152310
409673624575852	409673642903560	409673624849967
409673641263040	409673659341373	409673642401060
409673675057467	409673692215435	409673675495904
409673675411998	409673700433612	409673675513404
409673691966060	409673708650331	409673692755904
409673708664029	409673725084133	409673708947935
409673725300279	409673741519185	409673725589758
409673742014967	409673757955227	409673742379290
409673758729810	409673774387987	409673760967102
409673792689342	409673807254810	409673793029342
409673792928873	409673815471424	409673793037258
409673809560279	409673823687726	409673809852883
409673826274185	409673840120643	409673826545279
409673842935227	409673856555539	409673843303092
409673859589967	409673872991268	409673864624185
409673893061842	409673905861685	409673893426789
409673893216008	409673914077519	409673893495279
409673909881217	409673922293507	409673910177102
409673926576217	409673938727414	409673930364758
409673943275123	409673955162258	409673943686217
409673959952623	409673971597466	409673960240539
409673976563977	409673988029185	409673979720748
409674010706060	409674020893038	409674011079810
409674010913873	409674029109809	409674011100748
409674027576529	409674045545278	409674027878352
409674044297779	409674061981216	409674044590852
409674060915071	409674078416580	409674061200904
409674077570748	409674094854341	409674077868821
409674110836529	409674127726685	409674111210123
409674111036060	409674135946164	409674111215435
409674127678873	409674144165904	409674127974133
409674144420383	409674160602101	409674144698873
409674161080591	409674177039289	409674161356529
409674177726633	409674193474654	409674178012623
409674211209498	409674226348560	409674211624654
409674211514341	409674234566685	409674211644133
409674228070696	409674242785956	409674228359654
409674244794810	409674259222310	409674244931477
409674261454341	409674275657101	409674261747310
409674278119341	409674292091477	409674278405279
409674311246946	409674324962987	409674311597310
409674311441164	409674333180279	409674311603404
409674328152779	409674341398404	409674328461685
409674344806529	409674357833716	409674345083716
409674361432310	409674374270174	409674361718091
409674378091373	409674390704237	409674378379185
409674411685904	409674423574653	409674412099654
409674411884185	409674431792570	409674412120123
409674428555748	409674440010331	409674428845904
409674445232623	409674456447934	409674445535591
409674461949914	409674472886164	409674462229341
409674478641216	409674489322414	409674478917258
409674512766373	409674530414185	409674513140383
409674513337258	409674538633091	409674513464029
409674530159966	409674546852153	409674530328820
409674546704966	409674563290122	409674547079654
409674563486529	409674579729028	409674563767102
409674580056685	409674596167049	409674580326216
409674612955904	409674629040852	409674613273404
409674613447466	409674637258768	409674613561789
409674630126685	409674645478091	409674630418248
409674646859341	409674661916997	409674647148560
409674663520852	409674678355226	409674663785591
409674680196997	409674694794028	409674680474341
409674711522570	409674727669341	409674711786372
409674713790070	409674735889549	409674714079289
409674730156841	409674744110799	409674730435747
409674746810122	409674760550017	409674747085435
409674763551841	409674776985539	409674763831841
409674780199185	409674793421372	409674780471685
409674813356372	409674826293039	409674813728872
409674813719810	409674834511789	409674813861841
409674830327883	409674842731684	409674830611685
409674847025435	409674859170904	409674847322779
409674863698820	409674875609497	409674863971216
409674880332414	409674892050695	409674880599133
409674915028872	409674933151319	409674915266060
409674915633247	409674941370955	409674915578352
409674932032727	409674949590591	409674932307570
409674948677883	409674966029393	409674949067102
409674965314133	409674982467570	409674965613508
409674981973404	409674998903507	409674982265279
409674998725591	409675015341892	409674999129810
409675034176529	409675048221267	409675034667154
409675034486372	409675056440487	409675034675122
409675051087414	409675064659132	409675051525591
409675067793716	409675081095487	409675068077310
409675084451685	409675097531008	409675084740591
409675101129966	409675113965486	409675101408664
409675135159029	409675146840278	409675135506216
409675135373091	409675155059913	409675135512779
409675152056476	409675163279029	409675152436841
409675168756685	409675179715903	409675169027726
409675185416216	409675196155903	409675185693091
409675202086529	409675212593768	409675202363039
409675218807779	409675229034028	409675219189601

POLL t=389.8 tick=4361
8333333
409684225185692	409684237212931	409684225489494
409684241873556	409684253652983	409684246202619
409684275912463	409684286529597	409684276497879
409684276525692	409684294748556	409684276649338
409684292959806	409684311185691	409684293396525
409684309623088	409684327621160	409684309903088
409684326288504	409684344055275	409684326571213
409684342956369	409684360493296	409684349291525
409684376281213	409684393370015	409684376703713
409684376590119	409684401589077	409684376707775
409684393179754	409684409807410	409684393603869
409684409890275	409684426243296	409684410160535
409684426549494	409684442681577	409684426828192
409684443224181	409684459121889	409684447395379
409684476923244	409684492001577	409684477328244
409684477233556	409684500220535	409684477402150
409684493780535	409684508439962	409684494306212
409684510472567	409684524877149	409684510785848
409684527152462	409684541314232	409684527433087
409684543819442	409684557751160	409684554070431
409684577461056	409684590624962	409684577808400
409684577827150	409684598843972	409684577940848
409684594368400	409684607061525	409684594751004
409684611116473	409684623496785	409684611425431
409684627764806	409684639931941	409684628056004
409684644437462	409684656367514	409684647978973
409684677296837	409684689238296	409684677674962
409684677779181	409684697456785	409684677910535
409684694600119	409684705675118	409684695124025
409684711070119	409684722111368	409684711372150
409684727800431	409684738547827	409684728144650
409684744446837	409684754983556	409684744727931
409684761326994	409684771421681	409684761697567
409684794918973	409684812516733	409684795486837
409684795122150	409684820736577	409684795510587
409684811779337	409684828955847	409684812065744
409684828528244	409684845396733	409684828832619
409684845166212	409684861834806	409684845519962
409684861822619	409684878273764	409684862096525
409684895067775	409684911145795	409684895560744
409684895259754	409684919364077	409684895571004
409684911913244	409684927581889	409684912202619
409684928568712	409684944018555	409684928858556
409684945303400	409684960455847	409684945581837
409684962002306	409684976892827	409684962411212
409684996774962	409685009765171	409684997227619
409684997027098	409685017983972	409684997235900
409685013683244	409685026203556	409685014002619
409685030359598	409685042641941	409685030635431
409685046986994	409685059080691	409685047279285
409685085834598	409685100168451	409685086390744
409685086153400	409685108387514	409685086437619
409685102854806	409685116606577	409685103111525
409685119428400	409685133042410	409685119707254
409685136097150	409685149475587	409685136386525
409685152775691	409685165907410	409685152956056
409685186244129	409685198774805	409685186744025
409685186436056	409685206992722	409685186749493
409685203057566	409685215209597	409685203373816
409685219778868	409685231642149	409685220048712
409685236437150	409685248074284	409685236729962
409685269526056	409685280939232	409685269941212
409685269867254	409685289156837	409685269943712
409685286543087	409685297375170	409685286963816
409685303222931	409685313811420	409685303501056
409685319848504	409685338463556	409685320140587
409685336502931	409685354897723	409685339020118
409685370425900	409685387763555	409685370794754
409685370620118	409685395980274	409685370801056
409685387395066	409685404196889	409685388144285
409685403941212	409685420630014	409685404348400
409685420660275	409685437065013	409685420938556
409685437279754	409685453497462	409685445424910
409685469852150	409685486367930	409685470238243
409685470651368	409685494585899	409685471129493
409685487306004	409685502803035	409685487743712
409685504030900	409685519239493	409685504296785
409685520736837	409685535674025	409685521020587
409685537423556	409685552109753	409685538050848
409685571413400	409685584983451	409685571726993
409685571693556	409685593202931	409685571808556
409685588344285	409685601421420	409685588736993
409685605091941	409685617856940	409685605369650
409685621733400	409685634293294	409685628753868
409685655302410	409685667162045	409685655627306
409685655564650	409685675379233	409685655636681
409685672269597	409685683595795	409685672561004
409685688963660	409685700030639	409685689381368
409685705629650	409685716467774	409685705909441
409685722319025	409685732902722	409685723587150
409685755454337	409685765770274	409685755792879
409685755740691	409685773987879	409685755852150
409685772453816	409685790421941	409685772724181
409685789116316	409685806856212	409685789509337
409685805796368	409685823292045	409685813369337
409685837961524	409685847942878	409685838295899
409685839071524	409685856159024	409685839386524
409685855811941	409685872588190	409685856086993
409685872516941	409685889021524	409685872790587
409685889133712	409685905458035	409685889510379
409685905827618	409685921889441	409685908166368
409685939897254	409685954758295	409685940166785
409685940194493	409685962974337	409685940376837
409685956965743	409685971190222	409685957279649
409685973633504	409685987623190	409685973909806
409685990211368	409686004055326	409685990625274
409686006986785	409686020486368	409686007276472
409686037260118	409686053344857	409686037543347
409686040178191	409686061559961	409686040500691
409686056918243	409686069776107	409686057191681
409686073573972	409686086208035	409686073859493
409686104745899	409686119068503	409686105043556
409686106848556	409686127284545	409686107206629
409686123579285	409686135500951	409686123867722
409686140235743	409686151932826	409686140516941
409686156906004	409686168364753	409686157179962
409686190973816	409686209448034	409686191547149
409686191512306	409686217664232	409686191635222
409686207848399	409686225880795	409686208139493
409686224578816	409686242313868	409686224859285
409686241231837	409686258746524	409686241512618
409686257891681	409686275178243	409686258066628
409686289583399	409686299822461	409686290043868
409686291227983	409686308037878	409686291606785
409686307998660	409686324468295	409686308286160
409686324753503	409686340898243	409686325023035
409686341327774	409686357332618	409686341600743

POLL t=400.9 tick=4527
8333333
409695283693240	409695305138499	409695284052563
409695300354333	409695313354593	409695300636000
409695317079021	409695329784906	409695317361208
409695350460688	409695362651885	409695350774594
409695350648500	409695370868604	409695350780219
409695367362250	409695379085166	409695367659333
409695383967927	409695395519645	409695384290271
409695400658708	409695411951677	409695404854594
409695434854646	409695453031104	409695435690375
409695435024021	409695461246260	409695435702615
409695451706000	409695469463656	409695452155740
409695468347771	409695485899333	409695468635740
409695485054281	409695502334958	409695493448344
409695518524021	409695535203656	409695518853500
409695518741000	409695543421260	409695518859333
409695535476365	409695551639645	409695536062458
409695551990531	409695568072406	409695552283187
409695568688656	409695584506260	409695574043083
409695602634177	409695617373708	409695603037406
409695602909281	409695625591833	409695603047458
409695619563812	409695633809385	409695619854646
409695636154646	409695650243500	409695636545896
409695652860219	409695666677510	409695654222614
409695686796833	409695699551156	409695687186000
409695687109333	409695707769073	409695687191364
409695703635375	409695715988395	409695704002927
409695720454437	409695732426521	409695725017302
409695750731625	409695765300791	409695751036989
409695753590583	409695773518447	409695753949906
409695770381000	409695781735791	409695770680531
409695786967146	409695798168812	409695787243864
409695803813552	409695814598708	409695806328864
409695837460375	409695855684645	409695837972146
409695837643239	409695863902718	409695837986208
409695854364021	409695872120271	409695854704802
409695871036521	409695888558030	409695875196989
409695901209489	409695913212614	409695901528083
409695904305583	409695921430219	409695904638344
409695920981989	409695937868604	409695921275739
409695937637771	409695954304802	409695938063656
409695954367146	409695970738916	409695954685375
409695989248396	409696003611780	409695989598864
409695989454958	409696011829698	409695989604125
409696006136677	409696020048708	409696006502302
409696022808396	409696036486468	409696023105375
409696053886156	409696069361520	409696054203552
409696056066312	409696077581052	409696056392146
409696072834021	409696085801260	409696073142458
409696089428083	409696102238291	409696089721989
409696106093708	409696118674333	409696111894593
409696140165427	409696151550218	409696140659489
409696140343396	409696159769072	409696140671781
409696157043864	409696167987926	409696157321677
409696173707302	409696184425738	409696174067771
409696190397927	409696200859021	409696195132146
409696223312302	409696241943551	409696223684021
409696223693812	409696250160218	409696223907458
409696240434177	409696258378134	409696240818552
409696257096677	409696274810479	409696257436521
409696273762458	409696291242406	409696276013187
409696307751833	409696324114801	409696308093552
409696307928343	409696332333290	409696308103812
409696324602770	409696340551520	409696324970583
409696341260531	409696356989592	409696347676937
409696373586833	409696389865322	409696373943239
409696374577458	409696398083239	409696374921364
409696391342562	409696406301312	409696391703864
409696408048395	409696422739592	409696411627406
409696442571208	409696455612874	409696443088968
409696442777302	409696463830791	409696443095583
409696459414593	409696472048655	409696459800895
409696476129437	409696488485322	409696482566833
409696509260895	409696521357353	409696509651208
409696509409958	409696529574176	409696509667875
409696526146364	409696537790791	409696526425427
409696542788187	409696554224749	409696543216625
409696559479802	409696570660062	409696566447875
409696592898500	409696603530426	409696593283708
409696593107093	409696611748291	409696593305531
409696609850895	409696628186051	409696610232614
409696626455687	409696644623291	409696626745583
409696643111208	409696661059228	409696652984333
409696676054020	409696693925999	409696676333552
409696676434958	409696702144488	409696676543187
409696693224333	409696710361989	409696693507718
409696709968395	409696726796989	409696710249437
409696726648864	409696743232666	409696730223031
409696758833499	409696776105791	409696759098395
409696761822093	409696784325374	409696762141052
409696778552614	409696792543864	409696778825583
409696795195062	409696808979801	409696795468499
409696811909020	409696825417301	409696814411677
409696845360114	409696858291259	409696845829281
409696845633656	409696866509436	409696845835583
409696862395999	409696874728707	409696862687614
409696879001364	409696891164749	409696882241833
409696911611833	409696924038603	409696911908239
409696912418187	409696932258968	409696912743708
409696929156781	409696940478655	409696929439489
409696945783812	409696956916467	409696950108499
409696979397458	409696997998134	409696979709489
409696979596520	409697006215843	409696979715270
409696996381312	409697014433395	409696996675739
409697012994958	409697030869645	409697013276208
409697029670999	409697047305634	409697037434906
409697062275739	409697080177822	409697062583239
409697062928812	409697088395738	409697063241364
409697079709645	409697096613342	409697080008395
409697096406156	409697113050791	409697096731051
409697113024176	409697129489905	409697121050843
409697147011989	409697162366624	409697147423499
409697147166051	409697170585999	409697147431989
409697163937874	409697178804801	409697164240114
409697180518395	409697195243655	409697180869801
409697197219593	409697211680009	409697205547093
409697230406156	409697244550530	409697230782926
409697230574645	409697252767561	409697230808968
409697247293864	409697260984853	409697247912145
409697263954593	409697277419905	409697264276937
409697280620270	409697293853916	409697280904489
409697297302301	409697310291051	409697297661208
409697333318708	409697351383290	409697333649906
409697333511312	409697359601415	409697333656989
409697350175895	409697367819958	409697350582301
409697366884958	409697384256937	409697369463239
409697399793655	409697417130947	409697400103551
409697400235583	9223372036854775807	409697400346155

