2026-09-19 21:09:16.922 Df SpringBoard[4578:2d90e6] [com.apple.SpringBoard:Common] Executing request: <SBMainWorkspaceTransitionRequest: 0x1184946e0; eventLabel: OpenApplication(sceneID:org.ps2x.ps2entryrunner-default)ForRequester(CoreSimulatorBr.4608); display: Main; source: FBSystemService>
2026-09-19 21:09:16.922 Df SpringBoard[4578:2d90e6] [com.apple.FrontBoard:Common] [FBWorkspaceEvent] Executing: <FBWorkspaceEvent: 0x11b41ffe0; OpenApplication(sceneID:org.ps2x.ps2entryrunner-default)ForRequester(CoreSimulatorBr.4608)>
2026-09-19 21:09:16.923 Df SpringBoard[4578:2d90e6] [com.apple.SpringBoard:TraitsArbiter] [SwitcherOrientation] outSwitcherOrientation: portrait (1), outElementsOrientations: {
    "sceneID:org.ps2x.ps2entryrunner-default" = 1;
}
2026-09-19 21:09:16.923 Df SpringBoard[4578:2d90e6] [com.apple.SpringBoard:Transaction] Running <SBAppToAppWorkspaceTransaction: 0x11b55ed00> for transition request:
<SBMainWorkspaceTransitionRequest: 0x1184946e0; eventLabel: OpenApplication(sceneID:org.ps2x.ps2entryrunner-default)ForRequester(CoreSimulatorBr.4608); display: Main; source: FBSystemService> {
    applicationContext = <SBWorkspaceApplicationSceneTransitionContext: 0x119a2e940; background: NO> entities = {
        SBLayoutRolePrimary = <SBDeviceApplicationSceneEntity: 0x1196ef890; ID: sceneID:org.ps2x.ps2entryrunner-default; layoutRole: primary>;
    };
}
2026-09-19 21:09:16.925 Df runningboardd[4581:2d92fe] [com.apple.runningboard:job_oversize] 'app<org.ps2x.ps2entryrunner((null))>' Constructed job description:
<dictionary: 0x1091e0fc0> { count = 23, transaction: 0, voucher = 0x0, contents =
	"ProcessType" => <string: 0x1091938a0> { string cache = 0x0, length = 3, contents = "App" }
	"EnableTransactions" => <bool: 0x222423a90>: false
	"_ManagedBy" => <string: 0x109190cc0> { string cache = 0x0, length = 22, contents = "com.apple.runningboard" }
	"RootedSimulatorPath" => <bool: 0x222423a70>: true
	"StandardOutPath" => <string: 0x109193630> { string cache = 0x0, length = 129, contents = "/Users/bradrichardson/Library/Developer/CoreSimulator/Devices/4DE6C37C-77EF-45AE-827E-26286E68D022/data/tmp/launch_console-5021-1" }
	"CFBundleIdentifier" => <string: 0x109191950> { string cache = 0x0, length = 23, contents = "org.ps2x.ps2entryrunner" }
	"_ResourceCoalition" => <string: 0x109191da0> { string cache = 0x0, length = 36, contents = "app<org.ps2x.ps2entryrunner((null))>" }
	"_POSIXSpawnTelemetryPageIn" => <bool: 0x222423a70>: true
	"ThrottleInterval" => <int64: 0xaceae9b0ba6cf78f>: 2147483647
	"StandardErrorPath" => <string: 0x109191b30> { string cache = 0x0, length = 129, contents = "/Users/bradrichardson/Library/Developer/CoreSimulator/Devices/4DE6C37C-77EF-45AE-827E-26286E68D022/data/tmp/launch_console-5021-2" }
	"MachServices" => <dictionary: 0x1091e3300> { count = 0, transaction: 0, voucher = 0x0, contents =
	}
	"EnablePressuredExit" => <bool: 0x222423a90>: false
	"InitialTaskRole" => <int64: 0xaceae9b34593087f>: 1
	"UserName" => <string: 0x109190d80> { string cache = 0x0, length = 6, contents = "mobile" }
	"EnvironmentVariables" => <dictionary: 0x1091e2880> { count = 5, transaction: 0, voucher = 0x0, contents =
		"TMPDIR" => <string: 0x109192d90> { string cache = 0x0, length = 172, contents = "/Users/bradrichardson/Library/Developer/CoreSimulator/Devices/4DE6C37C-77EF-45AE-827E-26286E68D022/data/Containers/Data/Application/DFE75948-5352-4A4C-8EB9-943389638BA3/tmp" }
		"HOME" => <string: 0x109190420> { string cache = 0x0, length = 168, contents = "/Users/bradrichardson/Library/Developer/CoreSimulator/Devices/4DE6C37C-77EF-45AE-827E-26286E68D022/data/Containers/Data/Application/DFE75948-5352-4A4C-8EB9-943389638BA3" }
		"CFFIXED_USER_HOME" => <string: 0x1091919e0> { string cache = 0x0, length = 168, contents = "/Users/bradrichardson/Library/Developer/CoreSimulator/Devices/4DE6C37C-77EF-45AE-827E-26286E68D022/data/Containers/Data/Application/DFE75948-5352-4A4C-8EB9-943389638BA3" }
		"TERM" => <string: 0x109191800> { string cache = 0x0, length = 14, contents = "xterm-256color" }
		"_DYLD_CLOSURE_HOME" => <string: 0x1091900c0> { string cache = 0x0, length = 168, contents = "/Users/bradrichardson/Library/Developer/CoreSimulator/Devices/4DE6C37C-77EF-45AE-827E-26286E68D022/data/Containers/Data/Application/DFE75948-5352-4A4C-8EB9-943389638BA3" }
	}
	"_AdditionalProperties" => <dictionary: 0x1091e1500> { count = 1, transaction: 0, voucher = 0x0, contents =
		"RunningBoard" => <dictionary: 0x1091e00c0> { count = 3, transaction: 0, voucher = 0x0, contents =
			"Managed" => <bool: 0x222423a70>: true
			"RunningBoardLaunchedIdentity" => <dictionary: 0x1091e1380> { count = 2, transaction: 0, voucher = 0x0, contents =
				"TYPE" => <int64: 0xaceae9b345930867>: 2
				"EAI" => <string: 0x109191860> { string cache = 0x0, length = 23, contents = "org.ps2x.ps2entryrunner" }
			}
			"RunningBoardLaunched" => <bool: 0x222423a70>: true
		}
	}
	"ExitTimeOut" => <int64: 0xaceae9b34593087f>: 1
	"Label" => <string: 0x109191770> { string cache = 0x0, length = 57, contents = "UIKitApplication:org.ps2x.ps2entryrunner[e6f0][rb-legacy]" }
	"MaterializeDatalessFiles" => <bool: 0x222423a70>: true
	"SandboxContainer" => <string: 0x109193e10> { string cache = 0x0, length = 168, contents = "/Users/bradrichardson/Library/Developer/CoreSimulator/Devices/4DE6C37C-77EF-45AE-827E-26286E68D022/data/Containers/Data/Application/DFE75948-5352-4A4C-8EB9-943389638BA3" }
	"_LaunchType" => <int64: 0xaceae9b34593086f>: 3
	"ProgramArguments" => <array: 0x109192f70> { count = 1, capacity = 10, contents =
		0: <string: 0x109192880> { string cache = 0x0, length = 204, contents = "/Users/bradrichardson/Library/Developer/CoreSimulator/Devices/4DE6C37C-77EF-45AE-827E-26286E68D022/data/Containers/Bundle/Application/3116D6CA-DC65-41D2-B753-141D55145FDF/ps2EntryRunner.app/ps2EntryRunner" }
	}
	"Program" => <string: 0x109190660> { string cache = 0x0, length = 204, contents = "/Users/bradrichardson/Library/Developer/CoreSimulator/Devices/4DE6C37C-77EF-45AE-827E-26286E68D022/data/Containers/Bundle/Application/3116D6CA-DC65-41D2-B753-141D55145FDF/ps2EntryRunner.app/ps2EntryRunner" }
}
2026-09-19 21:09:16.937 Df SpringBoard[4578:2d90e6] [com.apple.SpringBoard:KeyboardFocus] _updateDeferringRules(didMoveToParentViewController) sceneID:org.ps2x.ps2entryrunner-default hasParent:YES contentState:notReady hasRule:NO wantsRule:NO
2026-09-19 21:09:16.937 Df SpringBoard[4578:2d90e6] [com.apple.SpringBoard:KeyboardFocus] _updateDeferringRules(didMoveToParentViewController) outcome:(no change) sceneID:org.ps2x.ps2entryrunner-default
2026-09-19 21:09:16.937 Df SpringBoard[4578:2d90e6] [com.apple.SpringBoard:AppRestrictionsOverlay] [sceneID:org.ps2x.ps2entryrunner-default] init without scene; waiting for scene creation
2026-09-19 21:09:16.939 Df SpringBoard[4578:2d90e6] [com.apple.SpringBoard:AppRestrictionsOverlay] [sceneID:org.ps2x.ps2entryrunner-default] tearing down vc for overlay: 0x0
2026-09-19 21:09:16.939 Df SpringBoard[4578:2d90e6] [com.apple.SpringBoard:KeyboardFocus] _updateDeferringRules(didMoveToParentViewController) sceneID:org.ps2x.ps2entryrunner-default hasParent:YES contentState:notReady hasRule:NO wantsRule:NO
2026-09-19 21:09:16.939 Df SpringBoard[4578:2d90e6] [com.apple.SpringBoard:KeyboardFocus] _updateDeferringRules(didMoveToParentViewController) outcome:(no change) sceneID:org.ps2x.ps2entryrunner-default
2026-09-19 21:09:16.939 Df launchd_sim[4575:2d9eaf] [user/501/UIKitApplication:org.ps2x.ps2entryrunner[e6f0][rb-legacy] [5033]:] Successfully spawned ps2EntryRunner[5033] because launch job demand
2026-09-19 21:09:16.939 Df SpringBoard[4578:2d90e6] [com.apple.UIKit:SceneDeactivation] Added: <UIApplicationSceneDeactivationAssertion: 0x119a8aa90; reason: systemAnimation; all scene levels; hasPredicate: YES>
2026-09-19 21:09:16.940 Df SpringBoard[4578:2d90e6] [com.apple.SpringBoard:ZStack] _updatePreferences <Switcher>: {
    activationPolicyForParticipantsBelow: AtMostBG;
    homeAffordanceDrawingSuppression: Default;
    associatedSceneIdentifiersToSuppressInSystemAperture: (
        sceneID:org.ps2x.ps2entryrunner-default
    );
    associatedBundleIdentifiersToSuppressInSystemAperture: (
        org.ps2x.ps2entryrunner
    );
    allowsDimmingWhenForegroundInactive: No;
}
2026-09-19 21:09:16.940 Df SpringBoard[4578:2d90e6] [com.apple.SpringBoard:SystemApertureViewController] Invalidating promoted elements with coversheet suppression NO liquid detection suppression NO proximity reader suppression NO system chrome suppression NO bundleIDs {(
    "org.ps2x.ps2entryrunner"
)} sceneIds {(
    "sceneID:org.ps2x.ps2entryrunner-default"
)}
2026-09-19 21:09:16.941 Df InputUI[4727:2d95af] [com.apple.UIKit:AppLifecycle] sceneOfRecord: sceneID: com.apple.UIKit.remote-keyboard  persistentID: com.apple.UIKit.remote-keyboard
2026-09-19 21:09:16.941 Df SpringBoard[4578:2d90e6] [com.apple.SpringBoard:Common] [DeviceSceneHandle] sceneID:org.ps2x.ps2entryrunner-default display=Main bounds={{0, 0}, {402, 874}} sceneFrame={{0, 0}, {402, 874}} capability=.None
2026-09-19 21:09:16.941 Df SpringBoard[4578:2d90e6] [com.apple.SpringBoard:TraitsArbiter] [DeviceSceneHandle] Did set interfaceOrientation[1] on scene with identifier[sceneID:org.ps2x.ps2entryrunner-default]
2026-09-19 21:09:16.941 Df SpringBoard[4578:2d90e6] [com.apple.SpringBoard:ContinuitySession] modifying scene setting userInterfaceStyle to Light displayIdentity: Main forSceneManagers: Main <SBDeviceApplicationSceneHandle: 0x11877e800; sceneID: sceneID:org.ps2x.ps2entryrunner-default; scenePointer: 0x0>
2026-09-19 21:09:16.941 Df SpringBoard[4578:2d90e6] [com.apple.SpringBoard:AppProtection] modifying scene setting underAppProtection to 0
2026-09-19 21:09:16.944 Df SpringBoard[4578:2d90e6] [com.apple.SpringBoard:AppSwitcher] [Main (EmbeddedDisplay)] dispatch event:
<SBSceneReadySwitcherModifierEvent: 0x1162a81b0; type: SceneReady; appLayout: <SBAppLayout: 0x116646f40; primary: org.ps2x.ps2entryrunner:default; environment: main> {
    environment = main;
    centerConfiguration = undefined;
    preferredDisplayOrdinal = 0;
    continuousExposeIdentifier = org.ps2x.ps2entryrunner;
    layoutItems = {
        primary = <SBDisplayItem: 0x116263600; type: App; bundleIdentifier: org.ps2x.ps2entryrunner; uniqueIdentifier: sceneID:org.ps2x.ps2entryrunner-default>;
    }
}>
2026-09-19 21:09:16.945 Df SpringBoard[4578:2d90e6] [com.apple.SpringBoard:Common] Process is nil on the scene's clientHandle, falling back to retrieving from FBProcessManager
2026-09-19 21:09:16.946 Df CoreSimulatorBridge[4608:2da705] [com.apple.FrontBoard:Common] [FBSSystemService][0x8554] Request successful: <BSProcessHandle: 0x102456220; ps2EntryRunner:5033; valid: YES>
2026-09-19 21:09:16.947 Df SpringBoard[4578:2d90e6] [com.apple.SpringBoard:AppRestrictionsOverlay] [sceneID:org.ps2x.ps2entryrunner-default] didCreateScene
2026-09-19 21:09:16.947 Df SpringBoard[4578:2d90e6] [preflight:PreflightSceneExtension] sceneID:org.ps2x.ps2entryrunner-default: returning requiresPreflight FALSE as there's no activePreflightSource
2026-09-19 21:09:16.947 Df SpringBoard[4578:2d90e6] [com.apple.SpringBoard:AppRestrictionsOverlay] [sceneID:org.ps2x.ps2entryrunner-default] tearing down vc for overlay: 0x0
2026-09-19 21:09:16.947 Df SpringBoard[4578:2d90e6] [com.apple.SpringBoard:AppProtection] <BSCompoundAssertion:0x11beee670> (SBApplicationAppProtectionAssistant: 0x11be79600 - org.ps2x.ps2entryrunner) acquire for reason:NULL scene acq:0x116087f20 count:1
2026-09-19 21:09:16.947 Df SpringBoard[4578:2d90e6] [com.apple.appprotection:framework] scene will become FG visible for <APApplication: org.ps2x.ps2entryrunner>
2026-09-19 21:09:16.948 Df SpringBoard[4578:2d90e6] [com.apple.UIKit:KBProxyForwarding] <StateMachine:0x11bfcf200> Created with presentation environment: <0x116362f40:<_UISceneKeyboardProxyLayerForwardingPresentationScene: 0x116362f40> Tracking scene: <FBScene: 0x119aac800; FBSceneManager:sceneID:org.ps2x.ps2entryrunner-default>>
2026-09-19 21:09:16.948 Df SpringBoard[4578:2d90e6] [com.apple.SpringBoard:Common] [DeviceSceneHandle] sceneID:org.ps2x.ps2entryrunner-default display=Main bounds={{0, 0}, {402, 874}} sceneFrame={{0, 0}, {402, 874}} capability=.None
2026-09-19 21:09:16.948 Df SpringBoard[4578:2d90e6] [com.apple.SpringBoard:TraitsArbiter] orientationMode=dynamic for <SBTraitsSceneParticipantDelegate: 0x118494be0> (
    "com.apple.frontboard.systemappservices/FBSceneManager:sceneID%3Aorg.ps2x.ps2entryrunner-default"
)
2026-09-19 21:09:16.948 Df SpringBoard[4578:2d90e6] [com.apple.SpringBoard:TraitsArbiter] [DeviceSceneHandle] Did set interfaceOrientation[1] on scene with identifier[sceneID:org.ps2x.ps2entryrunner-default]
2026-09-19 21:09:16.949 Df SpringBoard[4578:2d90e6] [com.apple.SpringBoard:ContinuitySession] modifying scene setting userInterfaceStyle to Light displayIdentity: Main forSceneManagers: Main <SBDeviceApplicationSceneHandle: 0x11877e800; sceneID: sceneID:org.ps2x.ps2entryrunner-default; scenePointer: 0x119aac800>
2026-09-19 21:09:16.949 Df SpringBoard[4578:2d90e6] [com.apple.SpringBoard:AppProtection] modifying scene setting underAppProtection to 0
2026-09-19 21:09:16.949 Df SpringBoard[4578:2d90e6] [com.apple.FrontBoard:ProcessScene] [0x1186ce7c0:(FBSceneManager):sceneID:org.ps2x.ps2entryrunner-default] Initialized with connection: 0x1199a5c80.
2026-09-19 21:09:16.949 Df SpringBoard[4578:2d90e6] [com.apple.FrontBoard:ProcessWorkspace] [app<org.ps2x.ps2entryrunner>:5033] Registered new scene: <FBWorkspaceScene: 0x1186ce7c0; (FBSceneManager):sceneID:org.ps2x.ps2entryrunner-default> (fromRemnant = 0)
2026-09-19 21:09:16.949 Df SpringBoard[4578:2d90e6] [com.apple.FrontBoard:Scene] [(FBSceneManager):sceneID:org.ps2x.ps2entryrunner-default][1] Scene activated.
2026-09-19 21:09:16.949 Df SpringBoard[4578:2d90e6] [com.apple.UIKit:SceneDeactivation] Now tracking: <FBScene: 0x119aac800; FBSceneManager:sceneID:org.ps2x.ps2entryrunner-default>
2026-09-19 21:09:16.949 Df SpringBoard[4578:2d90e6] [com.apple.UIKit:SceneDeactivation] [sceneID:org.ps2x.ps2entryrunner-default] Setting deactivation reasons to: 'systemAnimation' for reason: scene settings update - settings are eligible for deactivation reasons.
2026-09-19 21:09:16.949 Df SpringBoard[4578:2d90e6] [com.apple.FrontBoard:Scene] [(FBSceneManager):sceneID:org.ps2x.ps2entryrunner-default] scene content state changed: preparing
2026-09-19 21:09:16.949 Df SpringBoard[4578:2d90e6] [com.apple.SpringBoard:KeyboardFocus] _updateDeferringRules(didUpdateContentState) sceneID:org.ps2x.ps2entryrunner-default hasParent:YES contentState:preparing hasRule:NO wantsRule:YES
2026-09-19 21:09:16.949 E  SpringBoard[4578:2d90e6] [com.apple.SpringBoard:KeyboardFocus] invalid pid for scene sceneID:org.ps2x.ps2entryrunner-default, returning nil target
2026-09-19 21:09:16.949 Df SpringBoard[4578:2d90e6] [com.apple.SpringBoard:KeyboardFocus] _updateDeferringRules(didUpdateContentState) outcome:(wanted, but focusTarget is nil) sceneID:org.ps2x.ps2entryrunner-default
2026-09-19 21:09:16.950 Df SpringBoard[4578:2da70b] [com.apple.FrontBoard:ProcessScene] [0x1186ce7c0:(FBSceneManager):sceneID:org.ps2x.ps2entryrunner-default] Scene lifecycle state did change: Foreground
2026-09-19 21:09:16.950 Df SpringBoard[4578:2da70b] [com.apple.FrontBoard:ProcessScene] [0x1186ce7c0:(FBSceneManager):sceneID:org.ps2x.ps2entryrunner-default] Scene state did change: FV-Focal[100].
2026-09-19 21:09:16.971 Df SpringBoard[4578:2d90e6] [com.apple.PaperBoardUI:Common] activating lock scene
2026-09-19 21:09:16.971 Df SpringBoard[4578:2d90e6] [com.apple.paperboard.rendering:FenceReason] Poster scenes un-fenced update for reasons: UpdateForActiveVariant
2026-09-19 21:09:16.972 Df SpringBoard[4578:2d90e6] [com.apple.ShellSceneKit.extensions:Preferences] Received preferences update from scene: com.apple.frontboard.systemappservices/SSK.primary.root(mainDisplay):SB-main
2026-09-19 21:09:16.974 Df SpringBoard[4578:2d90e6] [com.apple.UIKit:KeyWindow] SBWindowScene: 0x10f6f4280: Window became key in scene: SBMainSwitcherWindow: 0x10beb9800; contextId: 0x63494F14: reason: SBWindowScene: 0x10f6f4280: Window requested to become key in scene: 0x10beb9800
2026-09-19 21:09:16.974 Df SpringBoard[4578:2d90e6] [com.apple.UIKit:KeyWindow] Key window needs update: 1; currentKeyWindowScene: 0x10f6f4280; evaluatedKeyWindowScene: 0x10f6f4280; currentApplicationKeyWindow: 0x116653000; evaluatedApplicationKeyWindow: 0x10beb9800; reason: SBWindowScene: 0x10f6f4280: Window requested to become key in scene: 0x10beb9800
2026-09-19 21:09:16.974 Df SpringBoard[4578:2d90e6] [com.apple.UIKit:KeyWindow] Window did become application key: SBMainSwitcherWindow: 0x10beb9800; contextId: 0x63494F14; scene identity: com.apple.frontboard.systemappservices/SSK.primary.root(mainDisplay):SB-main
2026-09-19 21:09:16.974 Df SpringBoard[4578:2d90e6] [com.apple.UIKit:KeyWindow] Window resigning application key: SBHomeScreenWindow: 0x116653000; contextId: 0xE8533055; scene identity: com.apple.frontboard.systemappservices/SSK.primary.root(mainDisplay):SB-main
2026-09-19 21:09:16.974 Df SpringBoard[4578:2d90e6] [com.apple.UIKit:KeyboardSceneDelegate] Try reloading input views for responder:(nil) requiresKB:N force:N scene-identity:com.apple.frontboard.systemappservices/SSK.primary.root(mainDisplay):SB-main
2026-09-19 21:09:16.974 Df SpringBoard[4578:2d90e6] [com.apple.UIKit:KeyboardSceneDelegate] Reloading input views for key-window scene responder:(nil) requiresKB:N force:N scene-identity:com.apple.frontboard.systemappservices/SSK.primary.root(mainDisplay):SB-main
2026-09-19 21:09:16.976 Df SpringBoard[4578:2d90e6] [com.apple.UIKit:KeyboardSceneDelegate] _setKeyWindowSceneInputViews:<<UIInputViewSet: 0x118445800>; (empty)> scene-identity:com.apple.frontboard.systemappservices/SSK.primary.root(mainDisplay):SB-main
2026-09-19 21:09:16.976 Df SpringBoard[4578:2d90e6] [com.apple.UIKit:UIPeripheralHost] endPlacementForInputViewSet: <<UIInputViewSet: 0x118445800>; (empty)> windowScene: <SBWindowScene: 0x10f6f4280; scene: "<FBSScene: 0x10f6cd0e0; identifier: SB-main>"; persistentIdentifier: SB-main>
2026-09-19 21:09:16.978 Df SpringBoard[4578:2d90e6] [com.apple.KeyboardArbiter:Client] TX signalKeyboardChanged: <<fence:Y pos:{{0, 0}, {0, 0}} anim:Y onScreen:N tracking:N resizing:N local:N uiPos:Unknown notif:N> src{scene:com.apple.frontboard.systemappservices/SSK.primary.root(mainDisplay):SB-main display:Main bundle:com.apple.springboard} hostBundle:(null) posWithIAV:(same) snapshot:Y >
2026-09-19 21:09:16.979 Df InputUI[4727:2d95af] [com.apple.KeyboardArbiter:Handle] RX com.apple.springboard(4578) signalKeyboardChanged
    keyboardChanges:<<fence:Y pos:{{0, 0}, {0, 0}} anim:Y onScreen:N tracking:N resizing:N local:N uiPos:Unknown notif:N> src{scene:com.apple.frontboard.systemappservices/SSK.primary.root(mainDisplay):SB-main display:Main bundle:com.apple.springboard} hostBundle:(null) posWithIAV:(same) snapshot:Y >
2026-09-19 21:09:16.979 Df SpringBoard[4578:2d90e6] [com.apple.UIKit:UIPeripheralHost] endPlacementForInputViewSet: <<UIInputViewSet: 0x1187f2ac0>; (empty)> windowScene: <SBWindowScene: 0x10f6f4280; scene: "<FBSScene: 0x10f6cd0e0; identifier: SB-main>"; persistentIdentifier: SB-main>
2026-09-19 21:09:16.991 Df SpringBoard[4578:2d90e6] [com.apple.UIKit:SceneDeactivation] Added: <UIApplicationSceneDeactivationAssertion: 0x1187c5290; reason: systemAnimation; all scene levels; hasPredicate: YES>
2026-09-19 21:09:16.991 Df SpringBoard[4578:2d90e6] [com.apple.UIKit:SceneDeactivation] Removed: <UIApplicationSceneDeactivationAssertion: 0x119a8aa90; reason: systemAnimation; all scene levels; hasPredicate: NO>
2026-09-19 21:09:16.992 Df InputUI[4727:2d95af] [com.apple.UIKit:AppLifecycle] sceneOfRecord: sceneID: com.apple.UIKit.remote-keyboard  persistentID: com.apple.UIKit.remote-keyboard
2026-09-19 21:09:16.999 Df SpringBoard[4578:2d90e6] [com.apple.ShellSceneKit.extensions:Preferences] Received preferences update from scene: com.apple.frontboard.systemappservices/SSK.primary.root(mainDisplay):SB-main
2026-09-19 21:09:17.012 Df SpringBoard[4578:2d90e6] [com.apple.chrono:ViewController] [0x119458e00-Timeline[com.apple.Maps::com.apple.Maps.GeneralMapsWidget:com.apple.Maps:systemSmall::164.33/164.33/27.94:(null)~(null)]] Detached scene detected. Starting idle timer...
2026-09-19 21:09:17.012 Df SpringBoard[4578:2d90e6] [com.apple.chrono:ViewController] [0x11945a300-Timeline[com.apple.mobilecal::com.apple.mobilecal.CalendarWidgetExtension:com.apple.CalendarWidget.CalendarUpNextWidget:systemSmall:2474718758988609311:164.33/164.33/27.94:(null)~(null)]] Detached scene detected. Starting idle timer...
2026-09-19 21:09:17.018 Df SpringBoard[4578:2d90e6] [com.apple.FrontBoard:Scene] [com.apple.chrono:scene::C8AC438A-FAF8-4A6E-A79B-E050C185A6AC::0x119458e00] scene content state changed: notReady
2026-09-19 21:09:17.018 Df SpringBoard[4578:2da70f] [com.apple.FrontBoard:ProcessScene] [0x11b4bfe40:com.apple.chrono:scene::C8AC438A-FAF8-4A6E-A79B-E050C185A6AC::0x119458e00] Scene lifecycle state did change: Background
2026-09-19 21:09:17.018 Df SpringBoard[4578:2da70f] [com.apple.FrontBoard:ProcessScene] [0x11b4bfe40:com.apple.chrono:scene::C8AC438A-FAF8-4A6E-A79B-E050C185A6AC::0x119458e00] Scene state did change: FG-Active[90].
2026-09-19 21:09:17.018 Df SpringBoard[4578:2da70f] [com.apple.FrontBoard:ProcessScene] [0x11b4bfe40:com.apple.chrono:scene::C8AC438A-FAF8-4A6E-A79B-E050C185A6AC::0x119458e00] Sending scene action [Logical Deactivate][0x5169] to process 0x11b488180 (watchdog: 10.00s)
2026-09-19 21:09:17.019 Df SpringBoard[4578:2d90e6] [com.apple.FrontBoard:Scene] [com.apple.chrono:scene::B32E9697-EF3E-483B-B9EC-814DB089BC83::0x11945a300] scene content state changed: notReady
2026-09-19 21:09:17.019 Df SpringBoard[4578:2da70f] [com.apple.FrontBoard:ProcessScene] [0x11b629c80:com.apple.chrono:scene::B32E9697-EF3E-483B-B9EC-814DB089BC83::0x11945a300] Scene lifecycle state did change: Background
2026-09-19 21:09:17.019 Df SpringBoard[4578:2da70f] [com.apple.FrontBoard:ProcessScene] [0x11b629c80:com.apple.chrono:scene::B32E9697-EF3E-483B-B9EC-814DB089BC83::0x11945a300] Scene state did change: FG-Active[90].
2026-09-19 21:09:17.019 Df WidgetRenderer_Default[4774:2d97a6] [com.apple.UIKit:InterfaceStyle] Not push traits update to screen for new style 0, <CHUISWidgetScene: 0x10425a300> (scene::C8AC438A-FAF8-4A6E-A79B-E050C185A6AC::0x119458e00)
2026-09-19 21:09:17.019 Df WidgetRenderer_Default[4774:2d97a6] [com.apple.chrono:limiter] Removed foreground content for reason backgrounded: scene::C8AC438A-FAF8-4A6E-A79B-E050C185A6AC::0x119458e00
2026-09-19 21:09:17.019 Df WidgetRenderer_Default[4774:2d97a6] [com.apple.chrono:limiter] Foreground scene count: 1 (with content: 1)
2026-09-19 21:09:17.019 Df WidgetRenderer_Default[4774:2d97a6] [com.apple.chrono:keepalive] Removed: Widget UI [com.apple.Maps.GeneralMapsWidget:com.apple.Maps] (scene: Timeline[com.apple.Maps::com.apple.Maps.GeneralMapsWidget:com.apple.Maps:systemSmall::164.33/164.33/27.94:(null)~(null)]-pid:4578--E050C185A6AC::0x119458e00))
2026-09-19 21:09:17.019 Df chronod[4705:2d96c5] [com.apple.chrono:widgetRendererSession] [<WidgetRenderSession-3215108077107731046-scene::C8AC438A-FAF8-4A6E-A79B-E050C185A6AC::0x119458e00-[com.apple.Maps::com.apple.Maps.GeneralMapsWidget:com.apple.Maps:systemSmall::164.33/164.33/27.94:(null)~(null)]>] Task priority did change: backgroundOpportunistic
2026-09-19 21:09:17.019 Df WidgetRenderer_Default[4774:2d97a6] [com.apple.UIKit:AppLifecycle] sceneOfRecord: sceneID: scene::B32E9697-EF3E-483B-B9EC-814DB089BC83::0x11945a300  persistentID: scene::B32E9697-EF3E-483B-B9EC-814DB089BC83::0x11945a300
2026-09-19 21:09:17.020 Df SpringBoard[4578:2da70f] [com.apple.FrontBoard:ProcessScene] [0x11b629c80:com.apple.chrono:scene::B32E9697-EF3E-483B-B9EC-814DB089BC83::0x11945a300] Sending scene action [Logical Deactivate][0xcfd8] to process 0x11b488180 (watchdog: 10.00s)
2026-09-19 21:09:17.020 Df SpringBoard[4578:2da70f] [com.apple.FrontBoard:ProcessScene] [0x11b4bfe40:com.apple.chrono:scene::C8AC438A-FAF8-4A6E-A79B-E050C185A6AC::0x119458e00] Scene action [Logical Deactivate][0x5169] completed with success: 1
2026-09-19 21:09:17.020 Df WidgetRenderer_Default[4774:2d97a6] [com.apple.UIKit:InterfaceStyle] Not push traits update to screen for new style 0, <CHUISWidgetScene: 0x10425a580> (scene::B32E9697-EF3E-483B-B9EC-814DB089BC83::0x11945a300)
2026-09-19 21:09:17.020 Df WidgetRenderer_Default[4774:2d97a6] [com.apple.chrono:limiter] Removed foreground content for reason backgrounded: scene::B32E9697-EF3E-483B-B9EC-814DB089BC83::0x11945a300
2026-09-19 21:09:17.020 Df WidgetRenderer_Default[4774:2d97a6] [com.apple.chrono:limiter] Foreground scene count: 0 (with content: 0)
2026-09-19 21:09:17.020 Df backboardd[4599:2da31a] [com.apple.BackBoard:EventDelivery] [<keyboardFocus; builtin> 0x10a113e90] setRules:forPID(4774) generation: 96: [
    [4774-9]; <keyboardFocus; com.apple.frontboard.systemappservices/com.apple.chrono:scene%3A%3AB32E9697-EF3E-483B-B9EC-814DB089BC83%3A%3A0x11945a300> -> <token: <uq: 5; UIKit-localContainer>; pid: 4774>; reason: UIKit-localContainer,
    [4774-7]; <keyboardFocus; com.apple.frontboard.systemappservices/com.apple.chrono:scene%3A%3AC8AC438A-FAF8-4A6E-A79B-E050C185A6AC%3A%3A0x119458e00> -> <token: <uq: 4; UIKit-localContainer>; pid: 4774>; reason: UIKit-localContainer,
    [4774-5]; <keyboardFocus; com.apple.frontboard.systemappservices/com.apple.chrono:scene%3A%3A051211FB-1D22-48CF-8C58-3B0E67227B45%3A%3A0x119458700> -> <token: <uq: 3; UIKit-localContainer>; pid: 4774>; reason: UIKit-localContainer,
    [4774-3]; <keyboardFocus; com.apple.frontboard.systemappservices/com.apple.chrono:scene%3A%3A4258CF1A-9520-4580-A0F7-186582F1B40F%3A%3A0x119458000> -> <token: <uq: 2; UIKit-localContainer>; pid: 4774>; reason: UIKit-localContainer,
    [4774-1]<…>
2026-09-19 21:09:17.021 Df backboardd[4599:2da31a] [com.apple.BackBoard:EventDelivery] [<keyboardFocus> 0x10a113f70] setRules:forPID(4774) generation: 96: [
    [4774-A]; <keyboardFocus; 1118B1C0-B79A-4722-9B0A-E8E153529791; <uq: 5; UIKit-localContainer>> -> <token: 0x9FE028E3; pid: 4774>; reason: CHUISWidgetScene: 0x10425a580: Begin event deferring in keyboardFocus for window: 0x10422b000,
    [4774-9]; <keyboardFocus; com.apple.frontboard.systemappservices/com.apple.chrono:scene%3A%3AB32E9697-EF3E-483B-B9EC-814DB089BC83%3A%3A0x11945a300> -> <token: <uq: 5; UIKit-localContainer>; pid: 4774>; reason: UIKit-localContainer,
    [4774-7]; <keyboardFocus; com.apple.frontboard.systemappservices/com.apple.chrono:scene%3A%3AC8AC438A-FAF8-4A6E-A79B-E050C185A6AC%3A%3A0x119458e00> -> <token: <uq: 4; UIKit-localContainer>; pid: 4774>; reason: UIKit-localContainer,
    [4774-5]; <keyboardFocus; com.apple.frontboard.systemappservices/com.apple.chrono:scene%3A%3A051211FB-1D22-48CF-8C58-3B0E67227B45%3A%3A0x119458700> -> <token: <uq: 3; UIKit-localContainer>; pid: 4774>; reason: UIKit-localContainer,
    [4774-3]; <keybo<…>
2026-09-19 21:09:17.021 Df WidgetRenderer_Default[4774:2d97a6] [com.apple.chrono:keepalive] Removed: Widget UI [com.apple.mobilecal.CalendarWidgetExtension:com.apple.CalendarWidget.CalendarUpNextWidget] (scene: Timeline[com.apple.mobilecal::com.apple.mobilecal.CalendarWidgetExtension:com.apple.CalendarWidget.CalendarUpNextWidget:systemSmall:2474718758988609311:164.33/164.33/27.94:(null)~(null)]-pid:4578--814DB089BC83::0x11945a300))
2026-09-19 21:09:17.021 Df chronod[4705:2d96c5] [com.apple.chrono:widgetRendererSession] [<WidgetRenderSession--3424250443819965871-scene::B32E9697-EF3E-483B-B9EC-814DB089BC83::0x11945a300-[com.apple.mobilecal::com.apple.mobilecal.CalendarWidgetExtension:com.apple.CalendarWidget.CalendarUpNextWidget:systemSmall:2474718758988609311:164.33/164.33/27.94:(null)~(null)]>] Task priority did change: backgroundOpportunistic
2026-09-19 21:09:17.021 Df WidgetRenderer_Default[4774:2d97a6] [com.apple.UIKit:AppLifecycle] sceneOfRecord: sceneID: scene::B32E9697-EF3E-483B-B9EC-814DB089BC83::0x11945a300  persistentID: scene::B32E9697-EF3E-483B-B9EC-814DB089BC83::0x11945a300
2026-09-19 21:09:17.024 Df backboardd[4599:2d9372] [com.apple.BackBoard:EventDelivery] [<keyboardFocus; builtin> 0x10a113e90] setRules:forPID(4774) generation: 97: [
    [4774-9]; <keyboardFocus; com.apple.frontboard.systemappservices/com.apple.chrono:scene%3A%3AB32E9697-EF3E-483B-B9EC-814DB089BC83%3A%3A0x11945a300> -> <token: <uq: 5; UIKit-localContainer>; pid: 4774>; reason: UIKit-localContainer,
    [4774-7]; <keyboardFocus; com.apple.frontboard.systemappservices/com.apple.chrono:scene%3A%3AC8AC438A-FAF8-4A6E-A79B-E050C185A6AC%3A%3A0x119458e00> -> <token: <uq: 4; UIKit-localContainer>; pid: 4774>; reason: UIKit-localContainer,
    [4774-5]; <keyboardFocus; com.apple.frontboard.systemappservices/com.apple.chrono:scene%3A%3A051211FB-1D22-48CF-8C58-3B0E67227B45%3A%3A0x119458700> -> <token: <uq: 3; UIKit-localContainer>; pid: 4774>; reason: UIKit-localContainer,
    [4774-3]; <keyboardFocus; com.apple.frontboard.systemappservices/com.apple.chrono:scene%3A%3A4258CF1A-9520-4580-A0F7-186582F1B40F%3A%3A0x119458000> -> <token: <uq: 2; UIKit-localContainer>; pid: 4774>; reason: UIKit-localContainer,
    [4774-1]<…>
2026-09-19 21:09:17.024 Df backboardd[4599:2d9372] [com.apple.BackBoard:EventDelivery] [<keyboardFocus> 0x10a113f70] setRules:forPID(4774) generation: 97: [
    [4774-9]; <keyboardFocus; com.apple.frontboard.systemappservices/com.apple.chrono:scene%3A%3AB32E9697-EF3E-483B-B9EC-814DB089BC83%3A%3A0x11945a300> -> <token: <uq: 5; UIKit-localContainer>; pid: 4774>; reason: UIKit-localContainer,
    [4774-7]; <keyboardFocus; com.apple.frontboard.systemappservices/com.apple.chrono:scene%3A%3AC8AC438A-FAF8-4A6E-A79B-E050C185A6AC%3A%3A0x119458e00> -> <token: <uq: 4; UIKit-localContainer>; pid: 4774>; reason: UIKit-localContainer,
    [4774-5]; <keyboardFocus; com.apple.frontboard.systemappservices/com.apple.chrono:scene%3A%3A051211FB-1D22-48CF-8C58-3B0E67227B45%3A%3A0x119458700> -> <token: <uq: 3; UIKit-localContainer>; pid: 4774>; reason: UIKit-localContainer,
    [4774-3]; <keyboardFocus; com.apple.frontboard.systemappservices/com.apple.chrono:scene%3A%3A4258CF1A-9520-4580-A0F7-186582F1B40F%3A%3A0x119458000> -> <token: <uq: 2; UIKit-localContainer>; pid: 4774>; reason: UIKit-localContainer,
    [4774-1]; <keyboa<…>
2026-09-19 21:09:17.027 Df WidgetRenderer_Default[4774:2d97a6] [com.apple.FrontBoard:SceneClient] [com.apple.chrono:scene::C8AC438A-FAF8-4A6E-A79B-E050C185A6AC::0x119458e00] Sending action(s): CHUISSnapshotTakenAction
2026-09-19 21:09:17.028 Df SpringBoard[4578:2da70b] [com.apple.FrontBoard:ProcessScene] [0x11b629c80:com.apple.chrono:scene::B32E9697-EF3E-483B-B9EC-814DB089BC83::0x11945a300] Scene action [Logical Deactivate][0xcfd8] completed with success: 1
2026-09-19 21:09:17.029 Df SpringBoard[4578:2d90e6] [com.apple.FrontBoard:Scene] [com.apple.chrono:scene::C8AC438A-FAF8-4A6E-A79B-E050C185A6AC::0x119458e00] Received action(s): CHUISSnapshotTakenAction
2026-09-19 21:09:17.029 Df WidgetRenderer_Default[4774:2d97a6] [com.apple.FrontBoard:SceneClient] [com.apple.chrono:scene::B32E9697-EF3E-483B-B9EC-814DB089BC83::0x11945a300] Sending action(s): CHUISSnapshotTakenAction
2026-09-19 21:09:17.029 Df SpringBoard[4578:2d90e6] [com.apple.FrontBoard:Scene] [com.apple.chrono:scene::C8AC438A-FAF8-4A6E-A79B-E050C185A6AC::0x119458e00] Delegate <SBHWidgetViewController: 0x119458e00; widget: <CHSWidget: 0x11b4d8740> {
    extensionIdentity = com.apple.Maps::com.apple.Maps.GeneralMapsWidget;
    kind = com.apple.Maps;
    family = systemSmall;
    intent = 0x0;
    activityIdentifier = 0x0;
}; metrics: <CHSWidgetMetrics: 0x11b45ba20> {
    size = {164.33333333333334, 164.33333333333334};
    rawEffectiveSize = {164.33333333333334, 164.33333333333334};
    cornerRadius = 27.936667;
    scaleFactor = 1;
    supportsDynamicText = Yes;
    fontStyle = default;
    margins = <CHSWidgetMargins: 0x119b45220> {
        safeAreaInsets = "{0, 0, 0, 0}";
        layoutInsets = "{0, 0, 0, 0}";
        contentMargins = "{18.036585365853661, 18.036585365853661, 18.036585365853661, 18.036585365853661}";
        backgroundRemovedContentMargins = "{0, 0, 0, 0}";
    };
}; contentType: Timeline; requestedMode: static; effectiveMode: static; invalidated: NO> handled action(s): CHU<…>
2026-09-19 21:09:17.029 Df SpringBoard[4578:2d90e6] [com.apple.FrontBoard:Scene] [com.apple.chrono:scene::B32E9697-EF3E-483B-B9EC-814DB089BC83::0x11945a300] Received action(s): CHUISSnapshotTakenAction
2026-09-19 21:09:17.030 Df SpringBoard[4578:2d90e6] [com.apple.FrontBoard:Scene] [com.apple.chrono:scene::B32E9697-EF3E-483B-B9EC-814DB089BC83::0x11945a300] Delegate <SBHWidgetViewController: 0x11945a300; widget: <CHSWidget: 0x11b4da000> {
    extensionIdentity = com.apple.mobilecal::com.apple.mobilecal.CalendarWidgetExtension;
    kind = com.apple.CalendarWidget.CalendarUpNextWidget;
    family = systemSmall;
    intent = <CHSIntentReference: 0x11b5198c0; hash: 2474718758988609311>;
    activityIdentifier = 0x0;
}; metrics: <CHSWidgetMetrics: 0x11b5e4dc0> {
    size = {164.33333333333334, 164.33333333333334};
    rawEffectiveSize = {164.33333333333334, 164.33333333333334};
    cornerRadius = 27.936667;
    scaleFactor = 1;
    supportsDynamicText = Yes;
    fontStyle = default;
    margins = <CHSWidgetMargins: 0x11b5da940> {
        safeAreaInsets = "{0, 0, 0, 0}";
        layoutInsets = "{0, 0, 0, 0}";
        contentMargins = "{18.036585365853661, 18.036585365853661, 18.036585365853661, 18.036585365853661}";
        backgroundRemovedContentMargins = "{0, 0, 0, 0}";
 <…> handled action(s): <decode: missing data>
2026-09-19 21:09:17.124 Df SpringBoard[4578:2da70b] [com.apple.FrontBoard:ProcessScene] [0x11b4bfe40:com.apple.chrono:scene::C8AC438A-FAF8-4A6E-A79B-E050C185A6AC::0x119458e00] Scene state did change: XX-None[0].
2026-09-19 21:09:17.131 Df SpringBoard[4578:2da70b] [com.apple.FrontBoard:ProcessScene] [0x11b629c80:com.apple.chrono:scene::B32E9697-EF3E-483B-B9EC-814DB089BC83::0x11945a300] Scene state did change: XX-None[0].
2026-09-19 21:09:17.201 Df SpringBoard[4578:2d90e6] [com.apple.UIKit:SceneDeactivation] Removed: <UIApplicationSceneDeactivationAssertion: 0x1187c5290; reason: systemAnimation; all scene levels; hasPredicate: NO>
2026-09-19 21:09:17.201 Df SpringBoard[4578:2d90e6] [com.apple.UIKit:SceneDeactivation] [sceneID:org.ps2x.ps2entryrunner-default] Setting deactivation reasons to: '(none)' for reason: updateAllScenesForBand - Assertion removed.
2026-09-19 21:09:17.294 Df ps2EntryRunner[5033:0] [com.apple.libsystem.libdispatch:] BUG in libdispatch: 26A428 24A434 - 612 - 0x4
2026-09-19 21:09:17.294 Df ps2EntryRunner[5033:2da70d] [com.apple.UIKit.tracing:UITraceManager] UITraceInitialize: registering notify listener
2026-09-19 21:09:17.294 Df ps2EntryRunner[5033:2da70d] [com.apple.UIKit.tracing:UITraceManager] handle_trace_notification: received notify (state=0)
2026-09-19 21:09:17.297 Df ps2EntryRunner[5033:2da70d] (libMobileGestalt.dylib) No persisted cache on this platform.
2026-09-19 21:09:17.298 Df ps2EntryRunner[5033:2da724] [com.apple.xpc:connection] [0x10cd94690] activating connection: mach=true listener=false peer=false name=com.apple.cfprefsd.daemon
2026-09-19 21:09:17.298 Df ps2EntryRunner[5033:2da726] [com.apple.xpc:connection] [0x10cd95d80] activating connection: mach=false listener=false peer=false name=(anonymous)
2026-09-19 21:09:17.300 Df backboardd[4599:2da324] [com.apple.iohid:default] Connection added: IOHIDEventSystemConnection uuid:C4525873-F280-4D7A-A7DC-E0728A173614 pid:5033 process:ps2EntryRunner type:Passive entitlements:0x0 caller:BackBoardServices: ___getHIDEventSystemClient_block_invoke + 352 attributes:{
    HighFrequency = 0;
    bundleID = "org.ps2x.ps2entryrunner";
    lastPathComponent = ps2EntryRunner;
    pid = 5033;
} state:0x0 events:0 mask:0x0 dropped:0 dropStatus:0 droppedMask:0x0 lastDroppedTime:NONE
2026-09-19 21:09:17.300 Df backboardd[4599:2da324] [com.apple.BackBoard:HID] Adding client connection: <BKHIDClientConnection: 0x10abc6600; IOHIDEventSystemConnectionRef: 0x10a9cbc00; vpid: 5033(vA0A60); taskPort: 0x2AAA3; bundleID: org.ps2x.ps2entryrunner> for client: IOHIDEventSystemConnection uuid:C4525873-F280-4D7A-A7DC-E0728A173614 pid:5033 process:ps2EntryRunner type:Passive entitlements:0x0 caller:BackBoardServices: ___getHIDEventSystemClient_block_invoke + 352 attributes:{
    HighFrequency = 0;
    bundleID = "org.ps2x.ps2entryrunner";
    lastPathComponent = ps2EntryRunner;
    pid = 5033;
} state:0x0 events:0 mask:0x0 dropped:0 dropStatus:0 droppedMask:0x0 lastDroppedTime:NONE
2026-09-19 21:09:17.301 A  ps2EntryRunner[5033:2da725] (CoreFoundation) Loading Preferences From User Session CFPrefsD
2026-09-19 21:09:17.301 Df ps2EntryRunner[5033:2da724] [com.apple.UIKit:BackgroundTask] Creating new assertion because there is no existing background assertion.
2026-09-19 21:09:17.301 Df ps2EntryRunner[5033:2da724] [com.apple.UIKit:BackgroundTask] Creating new background assertion
2026-09-19 21:09:17.301 Df ps2EntryRunner[5033:2da724] [com.apple.UIKit:BackgroundTask] Created new background assertion <BKSProcessAssertion: 0x10cd951d0>
2026-09-19 21:09:17.301 Df ps2EntryRunner[5033:2da70d] [com.apple.UIKit:Application] Deactivation reason added: 10; deactivation reasons: 0 -> 1024; animating application lifecycle event: 0
2026-09-19 21:09:17.301 Df ps2EntryRunner[5033:2da724] [com.apple.runningboard:connection] Initializing connection
2026-09-19 21:09:17.301 Df ps2EntryRunner[5033:2da724] [com.apple.runningboard:process] Removing all cached process handles
2026-09-19 21:09:17.301 Df ps2EntryRunner[5033:2da729] [com.apple.runningboard:connection] Sending handshake request attempt #1 to server
2026-09-19 21:09:17.301 Df ps2EntryRunner[5033:2da729] [com.apple.runningboard:connection] Creating connection to com.apple.runningboard
2026-09-19 21:09:17.301 Df ps2EntryRunner[5033:2da729] [com.apple.xpc:connection] [0x10d99c280] activating connection: mach=true listener=false peer=false name=com.apple.runningboard
2026-09-19 21:09:17.301 Df ps2EntryRunner[5033:2da70d] [com.apple.BoardServices:Injection] activating monitor for service com.apple.frontboard.open
2026-09-19 21:09:17.301 Df ps2EntryRunner[5033:2da70d] [com.apple.BoardServices:Injection] activating monitor for service com.apple.frontboard.workspace-service
2026-09-19 21:09:17.302 A  ps2EntryRunner[5033:2da725] (RunningBoardServices) didChangeInheritances
2026-09-19 21:09:17.302 Df ps2EntryRunner[5033:2da729] [com.apple.runningboard:connection] Handshake succeeded
2026-09-19 21:09:17.302 Df ps2EntryRunner[5033:2da729] [com.apple.runningboard:connection] Identity resolved as app<org.ps2x.ps2entryrunner((null))>
2026-09-19 21:09:17.302 Df ps2EntryRunner[5033:2da724] [com.apple.UIKit:BackgroundTask] Incrementing reference count for background assertion <BKSProcessAssertion: 0x10cd951d0>
2026-09-19 21:09:17.302 Df ps2EntryRunner[5033:2da724] [com.apple.UIKit:BackgroundTask] Created background task <_UIBackgroundTaskInfo: 0x10d8b5000>: taskID = 1, taskName = Launch Background Task for Coalescing, creationTime = 78571 (elapsed = 0).
2026-09-19 21:09:17.303 Df ps2EntryRunner[5033:2da724] [com.apple.FrontBoard:SceneExtension] Realizing settings extension _UIApplicationSceneKeyboardSettings on FBSSceneSettings
2026-09-19 21:09:17.303 Df ps2EntryRunner[5033:2da70d] [com.apple.FrontBoard:Common] FBSWorkspace registering source: com.apple.frontboard.systemappservices
2026-09-19 21:09:17.303 Df ps2EntryRunner[5033:2da70d] [com.apple.FrontBoard:Common] FBSWorkspace connected to endpoint : <BSServiceConnectionEndpoint: 0x10d90c7a0; target: com.apple.frontboard.systemappservices; service: com.apple.frontboard.workspace-service>
2026-09-19 21:09:17.303 Df ps2EntryRunner[5033:2da70d] [com.apple.FrontBoard:Common] <FBSWorkspaceScenesClient:0x10d8d9c20 com.apple.frontboard.systemappservices> attempting immediate handshake from activate
2026-09-19 21:09:17.303 Df ps2EntryRunner[5033:2da70d] [com.apple.FrontBoard:Common] <FBSWorkspaceScenesClient:0x10d8d9c20 com.apple.frontboard.systemappservices> sent handshake
2026-09-19 21:09:17.303 Df SpringBoard[4578:2da70b] [com.apple.FrontBoard:ProcessScene] [0x1186ce7c0:(FBSceneManager):sceneID:org.ps2x.ps2entryrunner-default] Sending scene action [Create Active][0x3853] to process 0x11b55e100 (watchdog: 599.64s)
2026-09-19 21:09:17.303 Df SpringBoard[4578:2da70b] [com.apple.FrontBoard:ProcessScene] [0x1186ce7c0:(FBSceneManager):sceneID:org.ps2x.ps2entryrunner-default] Sending scene create.
2026-09-19 21:09:17.303 Df ps2EntryRunner[5033:2da724] [com.apple.FrontBoard:SceneExtension] Realizing settings extension <_UISceneOcclusionSettings> on FBSSceneSettings
2026-09-19 21:09:17.303 Df ps2EntryRunner[5033:2da70d] [com.apple.runningboard:general] Added observer for process assertions expiration warning: <_RBSExpirationWarningClient: 0x10d90cfe0>
2026-09-19 21:09:17.303 Df SpringBoard[4578:2d90e6] [com.apple.FrontBoard:Scene] [(FBSceneManager):sceneID:org.ps2x.ps2entryrunner-default] Client process connected: [app<org.ps2x.ps2entryrunner((null))>:5033]
2026-09-19 21:09:17.303 Df ps2EntryRunner[5033:2da724] [com.apple.FrontBoard:SceneExtension] Realizing settings extension <_UISceneInterfaceProtectionSettings> on FBSSceneSettings
2026-09-19 21:09:17.303 Df ps2EntryRunner[5033:2da724] [com.apple.FrontBoard:SceneExtension] Realizing settings extension <_UISceneDestructionClientSettings> on FBSSceneClientSettings
2026-09-19 21:09:17.304 Df SpringBoard[4578:2d90e6] [com.apple.SpringBoard:ResourceConditions] Considering foreground scene <FBScene: 0x11b5a0f00; FBSceneManager:com.apple.UIKit.remote-keyboard> with handle=[osservice<com.apple.InputUI>:4727] (isApp=NO) and parentScene=(null)
2026-09-19 21:09:17.304 Df SpringBoard[4578:2d90e6] [com.apple.SpringBoard:ResourceConditions] Considering foreground scene <FBScene: 0x119aac800; FBSceneManager:sceneID:org.ps2x.ps2entryrunner-default> with handle=[app<org.ps2x.ps2entryrunner((null))>:5033] (isApp=YES) and parentScene=(null)
2026-09-19 21:09:17.304 Df SpringBoard[4578:2d90e6] [com.apple.SpringBoard:ResourceConditions] Setting resource conditions for scene=<FBScene: 0x119aac800; FBSceneManager:sceneID:org.ps2x.ps2entryrunner-default> to memoryPressure=normal
2026-09-19 21:09:17.304 Df SpringBoard[4578:2d90e6] [com.apple.SpringBoard:HostedScenePolicy] Host window scene changed for sceneID:org.ps2x.ps2entryrunner-default: <SBWindowScene: 0x10f6f4280; scene: "<FBSScene: 0x10f6cd0e0; identifier: SB-main>"; persistentIdentifier: SB-main>
2026-09-19 21:09:17.304 Df SpringBoard[4578:2d90e6] [com.apple.SpringBoard:SuspendedUnderLock] Started observing hosted policy component for sceneID:org.ps2x.ps2entryrunner-default
2026-09-19 21:09:17.304 Df ps2EntryRunner[5033:2da724] [com.apple.FrontBoard:SceneExtension] Realizing settings extension _UISceneLayoutPreferencesHostSettingsExtension on FBSSceneSettings
2026-09-19 21:09:17.304 Df ps2EntryRunner[5033:2da724] [com.apple.FrontBoard:SceneExtension] Realizing settings extension _UISceneSafeAreaSettingsExtension on FBSSceneSettings
2026-09-19 21:09:17.304 Df ps2EntryRunner[5033:2da724] [com.apple.FrontBoard:SceneExtension] Realizing settings extension _UISceneBarPositionSettingsExtension on FBSSceneSettings
2026-09-19 21:09:17.304 Df SpringBoard[4578:2d90e6] [com.apple.SpringBoard:KeyboardFocus] [coordinator] didAddExternalForegroundApplicationSceneHandle pid:5033 scene:com.apple.frontboard.systemappservices/FBSceneManager:sceneID%3Aorg.ps2x.ps2entryrunner-default now:<recentPIDs: [5033]; recentSceneIdentityTokensByPID: {5033: [com.apple.frontboard.systemappservices/FBSceneManager:sceneID%3Aorg.ps2x.ps2entryrunner-default]}>
2026-09-19 21:09:17.304 Df ps2EntryRunner[5033:2da724] [com.apple.FrontBoard:SceneExtension] Realizing settings extension _UISceneLayoutPreferenceClientSettingsExtension on FBSSceneClientSettings
2026-09-19 21:09:17.305 Df ps2EntryRunner[5033:2da724] [com.apple.FrontBoard:SceneExtension] Realizing settings extension <_UIHomeAffordanceHostSceneSettings> on FBSSceneSettings
2026-09-19 21:09:17.305 Df ps2EntryRunner[5033:2da724] [com.apple.FrontBoard:SceneExtension] Realizing settings extension _UISystemShellSceneHostingEnvironmentSettings on FBSSceneSettings
2026-09-19 21:09:17.305 Df ps2EntryRunner[5033:2da724] [com.apple.FrontBoard:SceneExtension] Realizing settings extension _UISceneRenderingEnvironmentSettings on FBSSceneSettings
2026-09-19 21:09:17.305 Df ps2EntryRunner[5033:2da724] [com.apple.FrontBoard:SceneExtension] Realizing settings extension _UISceneRenderingEnvironmentClientSettings on FBSSceneClientSettings
2026-09-19 21:09:17.305 Df ps2EntryRunner[5033:2da724] [com.apple.FrontBoard:SceneExtension] Realizing settings extension <_UISceneTransitioningHostSettings> on FBSSceneSettings
2026-09-19 21:09:17.305 Df ps2EntryRunner[5033:2da724] [com.apple.FrontBoard:SceneExtension] Realizing settings extension <_UISceneActivationInteractionSettings> on FBSSceneSettings
2026-09-19 21:09:17.305 Df ps2EntryRunner[5033:2da724] [com.apple.FrontBoard:SceneExtension] Realizing settings extension <_UISceneFocusSystemSettings> on FBSSceneSettings
2026-09-19 21:09:17.305 Df ps2EntryRunner[5033:2da724] [com.apple.FrontBoard:SceneExtension] Realizing settings extension _UISceneOrientationSettingsExtension on FBSSceneSettings
2026-09-19 21:09:17.306 Df ps2EntryRunner[5033:2da724] [com.apple.FrontBoard:SceneExtension] Realizing settings extension _UISceneOrientationClientSettingsExtension on FBSSceneClientSettings
2026-09-19 21:09:17.306 Df ps2EntryRunner[5033:2da724] [com.apple.FrontBoard:SceneExtension] Realizing settings extension _UISceneRegionSettings on FBSSceneSettings
2026-09-19 21:09:17.306 Df ps2EntryRunner[5033:2da724] [com.apple.FrontBoard:SceneExtension] Realizing settings extension _UISceneWindowingControlClientSettings on FBSSceneClientSettings
2026-09-19 21:09:17.306 Df ps2EntryRunner[5033:2da724] [com.apple.FrontBoard:SceneExtension] Realizing settings extension <_UICompanionSceneInterestClientSettings> on FBSSceneClientSettings
2026-09-19 21:09:17.306 Df ps2EntryRunner[5033:2da724] [com.apple.FrontBoard:SceneExtension] Realizing settings extension <_UIResourceConditionsSceneSettings> on FBSSceneSettings
2026-09-19 21:09:17.306 Df ps2EntryRunner[5033:2da724] [com.apple.FrontBoard:SceneExtension] Realizing settings extension _UIKeyboardInputScenePairingSettings on FBSSceneSettings
2026-09-19 21:09:17.306 Df ps2EntryRunner[5033:2da724] [com.apple.FrontBoard:SceneExtension] Realizing settings extension <_UISceneHostingContentSizePreferenceClientSettings> on FBSSceneClientSettings
2026-09-19 21:09:17.306 Df ps2EntryRunner[5033:2da724] [com.apple.FrontBoard:SceneExtension] Realizing settings extension _UISceneHostingTraitCollectionPropagationSettings on FBSSceneSettings
2026-09-19 21:09:17.306 Df ps2EntryRunner[5033:2da724] [com.apple.FrontBoard:SceneExtension] Realizing settings extension <_UISceneHostingSheetPresentationSettings> on FBSSceneSettings
2026-09-19 21:09:17.307 Df ps2EntryRunner[5033:2da724] [com.apple.FrontBoard:SceneExtension] Realizing settings extension <_UISceneHostingSheetPresentationClientSettings> on FBSSceneClientSettings
2026-09-19 21:09:17.307 Df ps2EntryRunner[5033:2da724] [com.apple.FrontBoard:SceneExtension] Realizing settings extension <UIKit__UITypedKeyValueSceneSettings> on FBSSceneSettings
2026-09-19 21:09:17.307 Df ps2EntryRunner[5033:2da724] [com.apple.FrontBoard:SceneExtension] Realizing settings extension <UIKit__UITypedKeyValueSceneSettings> on FBSSceneClientSettings
2026-09-19 21:09:17.307 Df ps2EntryRunner[5033:2da70d] [com.apple.dt.xctest:Default] Registering for test daemon availability notify post.
2026-09-19 21:09:17.307 Df ps2EntryRunner[5033:2da724] [com.apple.FrontBoard:SceneExtension] Realizing settings extension <_UISceneHostingViewControllerPreferencePropagationClientSettings> on FBSSceneClientSettings
2026-09-19 21:09:17.307 Df ps2EntryRunner[5033:2da70d] [com.apple.dt.xctest:Default] notify_get_state check indicated test daemon not ready.
2026-09-19 21:09:17.307 Df ps2EntryRunner[5033:2da724] [com.apple.FrontBoard:SceneExtension] Realizing settings extension <_UISceneZoomTransitionSettings> on FBSSceneSettings
2026-09-19 21:09:17.307 Df ps2EntryRunner[5033:2da70d] [com.apple.dt.xctest:Default] notify_get_state check indicated test daemon not ready.
2026-09-19 21:09:17.307 Df ps2EntryRunner[5033:2da727] [com.apple.FrontBoard:SceneExtension] Realizing settings extension FBSSceneSettingsCore on FBSSceneSettings
2026-09-19 21:09:17.307 Df ps2EntryRunner[5033:2da70d] [com.apple.dt.xctest:Default] notify_get_state check indicated test daemon not ready.
2026-09-19 21:09:17.308 Df ps2EntryRunner[5033:2da727] [com.apple.FrontBoard:SceneExtension] Realizing settings extension FBSSceneClientSettingsCore on FBSSceneClientSettings
2026-09-19 21:09:17.309 Df ps2EntryRunner[5033:2da727] [com.apple.FrontBoard:SceneExtension] UIMutableApplicationSceneSettings setting counterpart class: UIApplicationSceneSettings
2026-09-19 21:09:17.310 Df ps2EntryRunner[5033:2da727] [com.apple.FrontBoard:SceneExtension] UIMutableApplicationSceneClientSettings setting counterpart class: UIApplicationSceneClientSettings
2026-09-19 21:09:17.310 Df ps2EntryRunner[5033:2da727] [com.apple.FrontBoard:SceneExtension] Realizing settings extension FBSSceneTransitionContextCore on FBSSceneTransitionContext
2026-09-19 21:09:17.311 Df SpringBoard[4578:2d90e6] [com.apple.SpringBoard:KeyboardFocus] _updateDeferringRules(clientConnected) sceneID:org.ps2x.ps2entryrunner-default hasParent:YES contentState:preparing hasRule:NO wantsRule:YES
2026-09-19 21:09:17.311 Df SpringBoard[4578:2d90e6] [com.apple.SpringBoard:KeyboardFocus] deferFromSBWindowScene: adding rule for <token: com.apple.frontboard.systemappservices/FBSceneManager:sceneID%3Aorg.ps2x.ps2entryrunner-default; pid: 5033>
2026-09-19 21:09:17.311 Df SpringBoard[4578:2d90e6] [com.apple.SpringBoard:KeyboardFocus] _updateDeferringRules(clientConnected) outcome:(wanted, created) sceneID:org.ps2x.ps2entryrunner-default
2026-09-19 21:09:17.312 Df backboardd[4599:2d9372] [com.apple.BackBoard:EventDelivery] new deferring rules for pid:4578: [
    [4578-5]; <keyboardFocus; 1118B1C0-B79A-4722-9B0A-E8E153529791; <uq: 1; UIKit-localContainer>> -> <token: 0x63494F14; pid: 4578>; reason: …gin event deferring in keyboardFocus for window: 0x10beb9800,
    [4578-2]; <system; 1118B1C0-B79A-4722-9B0A-E8E153529791; SBMainSystemGestures> -> <token: 0x6AB0BC48; pid: 4578>; reason: systemGestureSymbol-1118B1C0-B79A-4722-9B0A-E8E153529791,
    [4578-1]; <system; 1118B1C0-B79A-4722-9B0A-E8E153529791> -> <token: 0x6AB0BC48; pid: 4578>; reason: systemGestures-1118B1C0-B79A-4722-9B0A-E8E153529791,
    [4578-3]; <keyboardFocus; …oard.systemappservices/SSK.primary.root(mainDisplay):SB-main> -> <token: <uq: 1; UIKit-localContainer>; pid: 4578>; reason: UIKit-localContainer,
    [4578-6]; <keyboardFocus; …oard.systemappservices/SSK.primary.root(mainDisplay):SB-main> -> <token: …ces/FBSceneManager:sceneID%3Aorg.ps2x.ps2entryrunner-default; pid: 5033>; reason: SB link
]
2026-09-19 21:09:17.312 Df backboardd[4599:2d9372] [com.apple.BackBoard:EventDelivery] [<keyboardFocus; builtin> 0x10a113e90] setRules:forPID(4578) generation: 98: [
    [4578-3]; <keyboardFocus; com.apple.frontboard.systemappservices/SSK.primary.root(mainDisplay):SB-main> -> <token: <uq: 1; UIKit-localContainer>; pid: 4578>; reason: UIKit-localContainer,
    [4578-6]; <keyboardFocus; com.apple.frontboard.systemappservices/SSK.primary.root(mainDisplay):SB-main> -> <token: com.apple.frontboard.systemappservices/FBSceneManager:sceneID%3Aorg.ps2x.ps2entryrunner-default; pid: 5033>; reason: SB link
]
2026-09-19 21:09:17.312 Df backboardd[4599:2d9372] [com.apple.BackBoard:EventDelivery] [<keyboardFocus> 0x10a113f70] setRules:forPID(4578) generation: 98: [
    [4578-5]; <keyboardFocus; 1118B1C0-B79A-4722-9B0A-E8E153529791; <uq: 1; UIKit-localContainer>> -> <token: 0x63494F14; pid: 4578>; reason: SBWindowScene: 0x10f6f4280: Begin event deferring in keyboardFocus for window: 0x10beb9800,
    [4578-3]; <keyboardFocus; com.apple.frontboard.systemappservices/SSK.primary.root(mainDisplay):SB-main> -> <token: <uq: 1; UIKit-localContainer>; pid: 4578>; reason: UIKit-localContainer,
    [4578-6]; <keyboardFocus; com.apple.frontboard.systemappservices/SSK.primary.root(mainDisplay):SB-main> -> <token: com.apple.frontboard.systemappservices/FBSceneManager:sceneID%3Aorg.ps2x.ps2entryrunner-default; pid: 5033>; reason: SB link
]
2026-09-19 21:09:17.312 Df backboardd[4599:2d9372] [com.apple.BackBoard:EventDelivery] chain did update (setDeferringRules) <<keyboardFocus>; generation: 98; selectionPath: primary; finalStringTargetIndex: 1> containsEndOfChain: YES; [
    <token: com.apple.frontboard.systemappservices/SSK.primary.root(mainDisplay):SB-main; pid: 4578>,
    <token: com.apple.frontboard.systemappservices/FBSceneManager:sceneID%3Aorg.ps2x.ps2entryrunner-default; pid: 5033>
]
2026-09-19 21:09:17.312 Df ps2EntryRunner[5033:2da70d] [com.apple.app_launch_measurement:ApplicationLaunch] alm_acquire_pageins_recording_assertion: acquired pageins recording assertion!
2026-09-19 21:09:17.313 Df backboardd[4599:2d9372] [com.apple.BackBoard:EventDelivery] chain did update (setDeferringRules) <<keyboardFocus; builtin>; generation: 98; selectionPath: primary; finalStringTargetIndex: 1> containsEndOfChain: YES; [
    <token: com.apple.frontboard.systemappservices/SSK.primary.root(mainDisplay):SB-main; pid: 4578>,
    <token: com.apple.frontboard.systemappservices/FBSceneManager:sceneID%3Aorg.ps2x.ps2entryrunner-default; pid: 5033>
]
2026-09-19 21:09:17.313 Df InputUI[4727:2d95af] [com.apple.KeyboardArbiter:Events] Event deferring target change: com.apple.frontboard.systemappservices/SSK.primary.root(mainDisplay):SB-main -> com.apple.frontboard.systemappservices/FBSceneManager:sceneID%3Aorg.ps2x.ps2entryrunner-default (activeInput=N)
2026-09-19 21:09:17.313 Df ps2EntryRunner[5033:2da70d] [com.apple.UIKit:UIScreen] Evaluated capturing state as 0 on <UIScreen: 0x10d99ca00> for initial
2026-09-19 21:09:17.313 Df ps2EntryRunner[5033:2da70d] [com.apple.UIKit:UIScreen] Evaluated capturing state as 0 on <UIScreen: 0x10d99ca00> for CADisplay KVO
2026-09-19 21:09:17.313 Df SpringBoard[4578:2d90e6] [com.apple.SpringBoard:KeyboardFocus] deliveryChainDidUpdate: scene:com.apple.frontboard.systemappservices/FBSceneManager:sceneID%3Aorg.ps2x.ps2entryrunner-default in windowScene:SB-main
2026-09-19 21:09:17.314 Df ps2EntryRunner[5033:2da70d] [com.apple.Accessibility:AXSupportCommon] Read CategoryName: per-app = 1, category name = (null)
2026-09-19 21:09:17.314 Df ps2EntryRunner[5033:2da70d] [com.apple.Accessibility:AXSupportCommon] Read CategoryName: per-app = 0, category name = (null)
2026-09-19 21:09:17.314 Df ps2EntryRunner[5033:2da70d] [com.apple.UIKit:BackgroundTask] Will add backgroundTask with taskName: Persistent SceneSession Map Update, expirationHandler: <__NSGlobalBlock__: 0x222a2e0c0>
2026-09-19 21:09:17.314 Df ps2EntryRunner[5033:2da70d] [com.apple.UIKit:BackgroundTask] Reusing background assertion <BKSProcessAssertion: 0x10cd951d0>
2026-09-19 21:09:17.315 Df ps2EntryRunner[5033:2da70d] [com.apple.UIKit:BackgroundTask] Incrementing reference count for background assertion <BKSProcessAssertion: 0x10cd951d0>
2026-09-19 21:09:17.315 Df ps2EntryRunner[5033:2da70d] [com.apple.UIKit:BackgroundTask] Created background task <_UIBackgroundTaskInfo: 0x10da34400>: taskID = 2, taskName = Persistent SceneSession Map Update, creationTime = 78571 (elapsed = 0).
2026-09-19 21:09:17.315 Df ps2EntryRunner[5033:2da70d] [com.apple.UIKit:Application] Deactivation reason added: 5; deactivation reasons: 1024 -> 1056; animating application lifecycle event: 1
2026-09-19 21:09:17.316 Df ps2EntryRunner[5033:2da70d] [com.apple.UIKit:InterfaceStyle] Not push traits update to screen for new style 1, <UIWindowScene: 0x10da10000> (FD961832-7649-413D-9DC8-3FD94C92F717)
2026-09-19 21:09:17.316 Df ps2EntryRunner[5033:2da70d] [com.apple.UIKit:InterfaceStyle] Should send trait collection or coordinate space update, interface style 1 -> 1, <UIWindowScene: 0x10da10000> (FD961832-7649-413D-9DC8-3FD94C92F717)
2026-09-19 21:09:17.317 Df ps2EntryRunner[5033:2da70d] [com.apple.UIKit:InterfaceStyle] Not push traits update to screen for new style 1, <UIWindowScene: 0x10da10000> (FD961832-7649-413D-9DC8-3FD94C92F717)
2026-09-19 21:09:17.317 Df ps2EntryRunner[5033:2da70d] [com.apple.UIKit:HomeAffordanceObservation] Initializing: <_UIHomeAffordanceSceneNotifier: 0x10da385b0>; with scene: <UIWindowScene: 0x10da10000>
2026-09-19 21:09:17.317 Df ps2EntryRunner[5033:2da70d] [com.apple.BacklightServices:scenes] 0x10da00660 setDelegate:<0x10da033f0 _UIBacklightEnvironment> hasDelegate:YES for environment:sceneID:org.ps2x.ps2entryrunner-default
2026-09-19 21:09:17.317 Df ps2EntryRunner[5033:2da70d] [com.apple.UIKit:InterfaceStyle] Not push traits update to screen for new style 1, <UIWindowScene: 0x10da10000> (FD961832-7649-413D-9DC8-3FD94C92F717)
2026-09-19 21:09:17.317 Df ps2EntryRunner[5033:2da70d] [com.apple.UIKit:EventDeferring] [0x10da92e00] Initialized with scene: <UIWindowScene: 0x10da10000>; behavior: <_UIEventDeferringBehavior_iOS: 0x10da8ed20>; availableForProcess: 1, systemShellManagesKeyboardFocus: 1
2026-09-19 21:09:17.318 Df ps2EntryRunner[5033:2da70d] [com.apple.GenerativeModels:availability] UserDefaults(com.apple.gms.availability, 501
2026-09-19 21:09:17.323 Df ps2EntryRunner[5033:2da70d] [com.apple.GenerativeModels:availability] registering darwin observer for name: com.apple.gms.availability.notification
2026-09-19 21:09:17.323 Df ps2EntryRunner[5033:2da70d] [com.apple.GenerativeModels:availability] registering darwin observer for name: com.apple.os-eligibility-domain.change.greymatter
2026-09-19 21:09:17.323 Df ps2EntryRunner[5033:2da70d] [com.apple.GenerativeModels:availability] registering darwin observer for name: com.apple.language.changed
2026-09-19 21:09:17.323 Df ps2EntryRunner[5033:2da70d] [com.apple.UIKit:InterfaceStyle] Not push traits update to screen for new style 1, <UIWindowScene: 0x10da10000> (FD961832-7649-413D-9DC8-3FD94C92F717)
2026-09-19 21:09:17.323 Df ps2EntryRunner[5033:2da70d] [com.apple.xpc:connection] [0x10d99d900] activating connection: mach=false listener=false peer=false name=(anonymous)
2026-09-19 21:09:17.324 Df ps2EntryRunner[5033:2da70d] [com.apple.BackBoard:EventDelivery] policy observer <BKSHIDEventDeliveryPolicyObserver: 0x10da38a80; process scope; policy: UNKNOWN> added
2026-09-19 21:09:17.324 Df ps2EntryRunner[5033:2da70d] [com.apple.BackBoard:EventDelivery] [BKSHIDEventObserver] set observing:YES
2026-09-19 21:09:17.324 Df ps2EntryRunner[5033:2da727] [com.apple.BackBoard:EventDelivery] [BKSHIDEventObserver] - connection activation
2026-09-19 21:09:17.324 Df ps2EntryRunner[5033:2da70d] [com.apple.BackBoard:EventDelivery] policyStatus:<BKSHIDEventDeliveryPolicyObserver: 0x10da38a80; process scope; <target; generation: 98; finalStringToken>> was:(null)
2026-09-19 21:09:17.324 Df ps2EntryRunner[5033:2da70d] [com.apple.BackBoard:EventDelivery] [BKSHIDEventObserver] 0x10da38a80 _UIKeyWindowSceneObserver-0x10da028b0 setToken:com.apple.frontboard.systemappservices/FBSceneManager:sceneID%3Aorg.ps2x.ps2entryrunner-default
2026-09-19 21:09:17.324 Df ps2EntryRunner[5033:2da70d] [com.apple.UIKit:KeyWindow] Setting default evaluation strategy for UIUserInterfaceIdiomPhone to LastOneWins
2026-09-19 21:09:17.324 Df ps2EntryRunner[5033:2da70d] [com.apple.UIKit:KeyWindow] Scene target of keyboard event deferring environment did change: target=1; ancestor=0; scene: UIWindowScene: 0x10da10000; scene identity: com.apple.frontboard.systemappservices/FBSceneManager:sceneID%3Aorg.ps2x.ps2entryrunner-default
2026-09-19 21:09:17.324 Df ps2EntryRunner[5033:2da727] [com.apple.BackBoard:EventDelivery] will update observations for 0 observers
2026-09-19 21:09:17.324 Df ps2EntryRunner[5033:2da70d] [com.apple.UIKit:EventDeferring] [0x10da92e00] Scene target of event deferring environments did update: scene: 0x10da10000; current systemShellManagesKeyboardFocus: 1; systemShellManagesKeyboardFocusForScene: 1; eligibleForRecordRemoval: 1;
2026-09-19 21:09:17.324 Df ps2EntryRunner[5033:2da70d] [com.apple.UIKit:KeyWindow] Scene became target of keyboard event deferring environment: UIWindowScene: 0x10da10000; scene identity: com.apple.frontboard.systemappservices/FBSceneManager:sceneID%3Aorg.ps2x.ps2entryrunner-default
2026-09-19 21:09:17.324 Df ps2EntryRunner[5033:2da70d] [com.apple.UIKit:KeyWindow] Stack[KeyWindow] 0x10da02820: Taking no further action for migration from LastOneWins -> SystemShellManaged as there are no scenes
2026-09-19 21:09:17.324 Df ps2EntryRunner[5033:2da70d] [com.apple.UIKit:KeyWindow] Setting default evaluation strategy for UIUserInterfaceIdiomPhone to SystemShellManaged
2026-09-19 21:09:17.324 Df ps2EntryRunner[5033:2da70d] [com.apple.UIKit:KeyWindow] Key window needs update: 0; currentKeyWindowScene: 0x0; evaluatedKeyWindowScene: 0x10da10000; currentApplicationKeyWindow: 0x0; evaluatedApplicationKeyWindow: 0x0; reason: UIWindowScene: 0x10da10000: Window scene became target of keyboard environment
2026-09-19 21:09:17.324 Df ps2EntryRunner[5033:2da70d] [com.apple.UIKit:InterfaceStyle] Not push traits update to screen for new style 1, <UIWindowScene: 0x10da10000> (FD961832-7649-413D-9DC8-3FD94C92F717)
2026-09-19 21:09:17.324 Df ps2EntryRunner[5033:2da70d] [com.apple.UIKit:InterfaceStyle] Not push traits update to screen for new style 1, <UIWindowScene: 0x10da10000> (FD961832-7649-413D-9DC8-3FD94C92F717)
2026-09-19 21:09:17.325 Df ps2EntryRunner[5033:2da70d] [com.apple.BackBoard:EventDelivery] policy observer <BKSHIDEventDeliveryPolicyObserver: 0x10da39500; process scope; policy: UNKNOWN> added
2026-09-19 21:09:17.325 Df ps2EntryRunner[5033:2da70d] [com.apple.BackBoard:EventDelivery] [BKSHIDEventObserver] set observing:YES
2026-09-19 21:09:17.325 Df ps2EntryRunner[5033:2da70d] [com.apple.BackBoard:EventDelivery] policyStatus:<BKSHIDEventDeliveryPolicyObserver: 0x10da39500; process scope; <target; generation: 98; finalStringToken>> was:(null)
2026-09-19 21:09:17.325 Df ps2EntryRunner[5033:2da727] [com.apple.BackBoard:EventDelivery] will update observations for 0 observers
2026-09-19 21:09:17.325 Df ps2EntryRunner[5033:2da70d] [com.apple.BackBoard:EventDelivery] [BKSHIDEventObserver] 0x10da39500  setToken:com.apple.frontboard.systemappservices/FBSceneManager:sceneID%3Aorg.ps2x.ps2entryrunner-default
2026-09-19 21:09:17.325 Df ps2EntryRunner[5033:2da70d] [com.apple.UIKit:KeyboardFocusAssistant] Event deferring policy changed: finalScene:N->Y (token: com.apple.frontboard.systemappservices/FBSceneManager:sceneID%3Aorg.ps2x.ps2entryrunner-default)
2026-09-19 21:09:17.325 Df ps2EntryRunner[5033:2da70d] [com.apple.UIKit:KeyboardSceneDelegate] Scene gained keyboard focus (scene: <UIWindowScene: 0x10da10000>, responder: (nil), wantsKB: N)
2026-09-19 21:09:17.325 Df ps2EntryRunner[5033:2da70d] [com.apple.UIKit:KeyboardArbiterClientLog] isWritingToolsHandlingKeyboardTracking:Y (WT ready:Y, Arbiter ready:Y)
2026-09-19 21:09:17.325 Df ps2EntryRunner[5033:2da70d] [com.apple.UIKit:KeyboardArbiterClientLog] -[_UIRemoteKeyboards prepareToMoveKeyboard:withIAV:isIAVRelevant:showing:notifyRemote:forScene:] position: {{0, 0}, {0, 0}} visible: 0; notifyRemote: 1; isMinimized: NO
2026-09-19 21:09:17.325 Df ps2EntryRunner[5033:2da70d] [com.apple.UIKit:InterfaceStyle] Not push traits update to screen for new style 1, <UIWindowScene: 0x10da10000> (FD961832-7649-413D-9DC8-3FD94C92F717)
2026-09-19 21:09:17.326 Df ps2EntryRunner[5033:2da70d] [com.apple.UIKit:InterfaceStyle] Not push traits update to screen for new style 1, <UIWindowScene: 0x10da10000> (FD961832-7649-413D-9DC8-3FD94C92F717)
2026-09-19 21:09:17.326 Df ps2EntryRunner[5033:2da70d] [com.apple.UIKit:InterfaceStyle] Not push traits update to screen for new style 1, <UIWindowScene: 0x10da10000> (FD961832-7649-413D-9DC8-3FD94C92F717)
2026-09-19 21:09:17.326 Df ps2EntryRunner[5033:2da70d] [com.apple.UIKit:InterfaceStyle] Not push traits update to screen for new style 1, <UIWindowScene: 0x10da10000> (FD961832-7649-413D-9DC8-3FD94C92F717)
2026-09-19 21:09:17.326 Df ps2EntryRunner[5033:2da70d] [com.apple.UIKit:InterfaceStyle] Not push traits update to screen for new style 1, <UIWindowScene: 0x10da10000> (FD961832-7649-413D-9DC8-3FD94C92F717)
2026-09-19 21:09:17.326 Df ps2EntryRunner[5033:2da70d] [com.apple.UIKit:InterfaceStyle] Not push traits update to screen for new style 1, <UIWindowScene: 0x10da10000> (FD961832-7649-413D-9DC8-3FD94C92F717)
2026-09-19 21:09:17.326 Df ps2EntryRunner[5033:2da70d] [com.apple.UIKit:InterfaceStyle] Not push traits update to screen for new style 1, <UIWindowScene: 0x10da10000> (FD961832-7649-413D-9DC8-3FD94C92F717)
2026-09-19 21:09:17.326 Df ps2EntryRunner[5033:2da70d] [com.apple.UIKit:KeyboardScene] Requesting keyboard scene for (FBSceneManager):sceneID:org.ps2x.ps2entryrunner-default
2026-09-19 21:09:17.326 Df ps2EntryRunner[5033:2da70d] [com.apple.xpc:connection] [0x10d99fe80] activating connection: mach=false listener=false peer=false name=(anonymous)
2026-09-19 21:09:17.326 Df ps2EntryRunner[5033:2da70d] [com.apple.FrontBoard:Common] FBSWorkspace registering source: com.apple.UIKit.KeyboardManagement.hosted
2026-09-19 21:09:17.326 Df ps2EntryRunner[5033:2da70d] [com.apple.FrontBoard:Common] FBSWorkspace connected to endpoint : <BSServiceConnectionEndpoint: 0x10d90d020; target: NL:com.apple.UIKit.KeyboardManagement.hosted; service: com.apple.frontboard.workspace-service>
2026-09-19 21:09:17.326 E  ps2EntryRunner[5033:2da70d] (UIKitCore) failure in void _UIApplicationEvaluateRuntimeIssueForNoSceneLifecycleAdoption(void)_block_invoke (UIApplication_RuntimeIssues.m:106) : Application failed to launch: UIScene life cycle is required for apps built with this SDK. See "Transitioning to the UIKit scene-based life cycle" in the UIKit documentation for more information on migration.
2026-09-19 21:09:17.327 Df backboardd[4599:2da319] [com.apple.iohid:default] Connection removed: IOHIDEventSystemConnection uuid:C4525873-F280-4D7A-A7DC-E0728A173614 pid:5033 process:ps2EntryRunner type:Passive entitlements:0x0 caller:BackBoardServices: ___getHIDEventSystemClient_block_invoke + 352 attributes:{
    HighFrequency = 0;
    bundleID = "org.ps2x.ps2entryrunner";
    lastPathComponent = ps2EntryRunner;
    pid = 5033;
} state:0x1 events:0 mask:0x0 dropped:0 dropStatus:0 droppedMask:0x0 lastDroppedTime:NONE
2026-09-19 21:09:17.327 Df backboardd[4599:2da319] [com.apple.BackBoard:HID] Removing client connection <BKHIDClientConnection: 0x10abc6600; IOHIDEventSystemConnectionRef: 0x10a9cbc00; vpid: 5033(vA0A60); taskPort: 0x2AAA3; bundleID: org.ps2x.ps2entryrunner> for client: IOHIDEventSystemConnection uuid:C4525873-F280-4D7A-A7DC-E0728A173614 pid:5033 process:ps2EntryRunner type:Passive entitlements:0x0 caller:BackBoardServices: ___getHIDEventSystemClient_block_invoke + 352 attributes:{
    HighFrequency = 0;
    bundleID = "org.ps2x.ps2entryrunner";
    lastPathComponent = ps2EntryRunner;
    pid = 5033;
} state:0x1 events:0 mask:0x0 dropped:0 dropStatus:0 droppedMask:0x0 lastDroppedTime:NONE source:HID
2026-09-19 21:09:17.327 E  SpringBoard[4578:2d9d86] [com.apple.FrontBoard:ProcessScene] [0x1186ce7c0:(FBSceneManager):sceneID:org.ps2x.ps2entryrunner-default] Scene creation failed: <NSError: 0x10e6ddd40; domain: FBWorkspaceScene; code: 2 ("scene-creation-failed"); "Scene create failed. (null)">
2026-09-19 21:09:17.327 Df SpringBoard[4578:2d9d86] [com.apple.FrontBoard:ProcessScene] [0x1186ce7c0:(FBSceneManager):sceneID:org.ps2x.ps2entryrunner-default] Scene action [Create Active][0x3853] completed with success: 0
2026-09-19 21:09:17.327 Df backboardd[4599:2da31a] [com.apple.BackBoard:EventDelivery] [BKHIDEventDeliveryObserver] connection invalidated: (ps2EntryRunner.5033)
2026-09-19 21:09:17.327 E  SpringBoard[4578:2d90e6] [com.apple.FrontBoard:Scene] [(FBSceneManager):sceneID:org.ps2x.ps2entryrunner-default] Update failed: <NSError: 0x119a89da0; domain: FBSceneErrorDomain; code: 1 ("operation-failed"); "Scene update failed."> {
    NSUnderlyingError = <NSError: 0x10e6dd470; domain: BSServiceConnectionErrorDomain; code: 3 ("OperationFailed"); "XPC error received on message reply handler">;
}
2026-09-19 21:09:17.327 E  SpringBoard[4578:2d90e6] [com.apple.FrontBoard:Scene] [(FBSceneManager):sceneID:org.ps2x.ps2entryrunner-default] Update failed: <NSError: 0x119a8b2a0; domain: FBSceneErrorDomain; code: 1 ("operation-failed"); "Scene update failed."> {
    NSUnderlyingError = <NSError: 0x10e6dfba0; domain: BSServiceConnectionErrorDomain; code: 3 ("OperationFailed"); "XPC error received on message reply handler">;
}
2026-09-19 21:09:17.327 E  SpringBoard[4578:2d90e6] [com.apple.FrontBoard:Scene] [(FBSceneManager):sceneID:org.ps2x.ps2entryrunner-default] Update failed: <NSError: 0x119a8b2a0; domain: FBSceneErrorDomain; code: 1 ("operation-failed"); "Scene update failed."> {
    NSUnderlyingError = <NSError: 0x10e6de070; domain: BSServiceConnectionErrorDomain; code: 3 ("OperationFailed"); "XPC error received on message reply handler">;
}
2026-09-19 21:09:17.327 E  SpringBoard[4578:2d90e6] [com.apple.FrontBoard:Scene] [(FBSceneManager):sceneID:org.ps2x.ps2entryrunner-default] Update failed: <NSError: 0x119a8b2a0; domain: FBSceneErrorDomain; code: 1 ("operation-failed"); "Scene update failed."> {
    NSUnderlyingError = <NSError: 0x10e6ddd40; domain: FBWorkspaceScene; code: 2 ("scene-creation-failed"); "Scene create failed. (null)"> {
        NSUnderlyingError = <NSError: 0x116185bc0; domain: BSServiceConnectionErrorDomain; code: 3 ("OperationFailed"); "XPC error received on message reply handler">;
    };
}
2026-09-19 21:09:17.327 Df SpringBoard[4578:2d90e6] [com.apple.FrontBoard:Scene] Deactivating scene: (FBSceneManager):sceneID:org.ps2x.ps2entryrunner-default
2026-09-19 21:09:17.328 Df SpringBoard[4578:2d90e6] [com.apple.SpringBoard:KeyboardFocus] [coordinator] _removeSceneFromRecents willRemoveExternalForegroundApplicationSceneHandle pid:5033 scene:com.apple.frontboard.systemappservices/FBSceneManager:sceneID%3Aorg.ps2x.ps2entryrunner-default now:<empty>
2026-09-19 21:09:17.328 Df SpringBoard[4578:2d90e6] [com.apple.UIKit:SceneDeactivation] No longer tracking: <FBScene: 0x119aac800; FBSceneManager:sceneID:org.ps2x.ps2entryrunner-default>
2026-09-19 21:09:17.328 Df SpringBoard[4578:2d90e6] [com.apple.FrontBoard:Scene] [(FBSceneManager):sceneID:org.ps2x.ps2entryrunner-default] scene content state changed: notReady
2026-09-19 21:09:17.328 Df SpringBoard[4578:2d90e6] [com.apple.SpringBoard:KeyboardFocus] _updateDeferringRules(didUpdateContentState) sceneID:org.ps2x.ps2entryrunner-default hasParent:YES contentState:notReady hasRule:YES wantsRule:NO
2026-09-19 21:09:17.328 Df SpringBoard[4578:2d90e6] [com.apple.SpringBoard:KeyboardFocus] deferFromSBWindowScene: invalidate for <token: com.apple.frontboard.systemappservices/FBSceneManager:sceneID%3Aorg.ps2x.ps2entryrunner-default; pid: 5033>
2026-09-19 21:09:17.328 Df SpringBoard[4578:2d90e6] [com.apple.SpringBoard:KeyboardFocus] _updateDeferringRules(didUpdateContentState) outcome:(unwanted, destroyed) sceneID:org.ps2x.ps2entryrunner-default
2026-09-19 21:09:17.328 Df SpringBoard[4578:2d90e6] [com.apple.FrontBoard:Scene] [(FBSceneManager):sceneID:org.ps2x.ps2entryrunner-default][1] Scene deactivated.
2026-09-19 21:09:17.328 Df SpringBoard[4578:2d90e6] [com.apple.FrontBoard:ProcessWorkspace] [app<org.ps2x.ps2entryrunner>:5033] Unregistering scene: <FBWorkspaceScene: 0x1186ce7c0; (FBSceneManager):sceneID:org.ps2x.ps2entryrunner-default>
2026-09-19 21:09:17.328 Df SpringBoard[4578:2d90e6] [com.apple.FrontBoard:Scene] Invalidating scene: (FBSceneManager):sceneID:org.ps2x.ps2entryrunner-default
2026-09-19 21:09:17.328 Df SpringBoard[4578:2d9d86] [com.apple.FrontBoard:ProcessScene] [0x1186ce7c0:(FBSceneManager):sceneID:org.ps2x.ps2entryrunner-default] Invalidated for connection: 0x1199a5c80.
2026-09-19 21:09:17.328 Df SpringBoard[4578:2d90e6] [com.apple.FrontBoard:Scene] [(FBSceneManager):sceneID:org.ps2x.ps2entryrunner-default][1] Scene invalidated.
2026-09-19 21:09:17.328 E  SpringBoard[4578:2d90e6] [com.apple.FrontBoard:Scene] Ignoring update for invalidated scene: (FBSceneManager):sceneID:org.ps2x.ps2entryrunner-default
2026-09-19 21:09:17.328 Df SpringBoard[4578:2d90e6] [com.apple.SpringBoard:AppRestrictionsOverlay] [sceneID:org.ps2x.ps2entryrunner-default] didDestroyScene
2026-09-19 21:09:17.328 Df SpringBoard[4578:2d90e6] [com.apple.SpringBoard:AppRestrictionsOverlay] [sceneID:org.ps2x.ps2entryrunner-default] tearing down vc for overlay: 0x0
2026-09-19 21:09:17.329 Df SpringBoard[4578:2d90e6] [com.apple.appprotection:framework] All scenes dismissed for <APApplication: org.ps2x.ps2entryrunner>
2026-09-19 21:09:17.329 Df SpringBoard[4578:2d90e6] [com.apple.SpringBoard:CompanionScenes] [sceneID:org.ps2x.ps2entryrunner-default] Host scene invalidated, unregistering all presentations.
2026-09-19 21:09:17.329 Df SpringBoard[4578:2d90e6] [com.apple.SpringBoard:CompanionScenes] [sceneID:org.ps2x.ps2entryrunner-default] Component invalidated, unregistering all presentations.
2026-09-19 21:09:17.329 Df SpringBoard[4578:2d90e6] [com.apple.SpringBoard:ResourceConditions] Considering foreground scene <FBScene: 0x11b5a0f00; FBSceneManager:com.apple.UIKit.remote-keyboard> with handle=[osservice<com.apple.InputUI>:4727] (isApp=NO) and parentScene=(null)
2026-09-19 21:09:17.329 E  SpringBoard[4578:2d90e6] [com.apple.FrontBoard:Scene] Ignoring update for invalidated scene: (FBSceneManager):sceneID:org.ps2x.ps2entryrunner-default
2026-09-19 21:09:17.329 Df SpringBoard[4578:2d90e6] [com.apple.UIKit:KBProxyForwarding] <StateMachine:0x11bfcf200> Presentation environment invalidated: <_UISceneKeyboardProxyLayerForwardingPresentationScene: 0x116362f40> Tracking scene: <FBScene: 0x119aac800; (null):sceneID:org.ps2x.ps2entryrunner-default>
2026-09-19 21:09:17.330 Df SpringBoard[4578:2d90e6] [com.apple.SpringBoard:AppSwitcher] [Main (EmbeddedDisplay)] dispatch event:
<SBSceneReadySwitcherModifierEvent: 0x119a88f90; type: SceneReady; appLayout: <SBAppLayout: 0x116646f40; primary: org.ps2x.ps2entryrunner:default; environment: main> {
    environment = main;
    centerConfiguration = undefined;
    preferredDisplayOrdinal = 0;
    continuousExposeIdentifier = org.ps2x.ps2entryrunner;
    layoutItems = {
        primary = <SBDisplayItem: 0x116263600; type: App; bundleIdentifier: org.ps2x.ps2entryrunner; uniqueIdentifier: sceneID:org.ps2x.ps2entryrunner-default>;
    }
}>
2026-09-19 21:09:17.331 Df InputUI[4727:2d95af] [com.apple.KeyboardArbiter:Events] Event deferring target change: com.apple.frontboard.systemappservices/FBSceneManager:sceneID%3Aorg.ps2x.ps2entryrunner-default -> com.apple.frontboard.systemappservices/SSK.primary.root(mainDisplay):SB-main (activeInput=N)
2026-09-19 21:09:17.331 Df InputUI[4727:2d95af] [com.apple.UIKit:KeyboardScene] KeyboardArbiter has no scene identity for client handle <_UIKeyboardArbiterClientHandle: 0x101a9c1c0; [osservice<com.apple.SpringBoard>:4578] <(null)>; hosting PIDs {(
)}; level 0.000000; active NO [wants NO]; suppression 0; iav 0.000000; on screen NO; isAcquiringFocus: NO>
2026-09-19 21:09:17.332 Df SpringBoard[4578:2d90e6] [com.apple.UIKit:EventDeferring] [0x116281280] Scene target of event deferring environments did update: scene: 0x10e7df200; current systemShellManagesKeyboardFocus: 1; systemShellManagesKeyboardFocusForScene: 1; eligibleForRecordRemoval: 1;
2026-09-19 21:09:17.332 Df SpringBoard[4578:2d90e6] [com.apple.UIKit:EventDeferring] [0x116157400] Scene target of event deferring environments did update: scene: 0x10f7f0500; current systemShellManagesKeyboardFocus: 1; systemShellManagesKeyboardFocusForScene: 1; eligibleForRecordRemoval: 1;
2026-09-19 21:09:17.332 Df SpringBoard[4578:2d90e6] [com.apple.UIKit:EventDeferring] [0x116156880] Scene target of event deferring environments did update: scene: 0x10f7f0280; current systemShellManagesKeyboardFocus: 1; systemShellManagesKeyboardFocusForScene: 1; eligibleForRecordRemoval: 1;
2026-09-19 21:09:17.332 Df SpringBoard[4578:2d90e6] [com.apple.UIKit:EventDeferring] [0x116156f00] Scene target of event deferring environments did update: scene: 0x10f7eed00; current systemShellManagesKeyboardFocus: 0; systemShellManagesKeyboardFocusForScene: 0; eligibleForRecordRemoval: 0;
2026-09-19 21:09:17.332 Df SpringBoard[4578:2d90e6] [com.apple.UIKit:EventDeferring] [0x10f771e00] Scene target of event deferring environments did update: scene: 0x10f6f4280; current systemShellManagesKeyboardFocus: 1; systemShellManagesKeyboardFocusForScene: 1; eligibleForRecordRemoval: 1;
2026-09-19 21:09:17.332 Df SpringBoard[4578:2d90e6] [com.apple.UIKit:KeyWindow] Scene became target of keyboard event deferring environment: SBWindowScene: 0x10f6f4280; scene identity: com.apple.frontboard.systemappservices/SSK.primary.root(mainDisplay):SB-main
2026-09-19 21:09:17.333 Df SpringBoard[4578:2d90e6] [com.apple.UIKit:KeyboardSceneDelegate] Scene gained keyboard focus (scene: <SBWindowScene: 0x10f6f4280>, responder: (nil), wantsKB: N)
2026-09-19 21:09:17.334 Df SpringBoard[4578:2d90e6] [com.apple.KeyboardArbiter:Client] TX signalKeyboardChanged: <<fence:Y pos:{{0, 0}, {0, 0}} anim:Y onScreen:N tracking:N resizing:N local:N uiPos:Unknown notif:N> src{scene:com.apple.frontboard.systemappservices/SSK.primary.root(mainDisplay):SB-main display:Main bundle:com.apple.springboard} hostBundle:(null) posWithIAV:(same) snapshot:Y >
2026-09-19 21:09:17.335 Df InputUI[4727:2d95af] [com.apple.KeyboardArbiter:Handle] RX com.apple.springboard(4578) signalKeyboardChanged
    keyboardChanges:<<fence:Y pos:{{0, 0}, {0, 0}} anim:Y onScreen:N tracking:N resizing:N local:N uiPos:Unknown notif:N> src{scene:com.apple.frontboard.systemappservices/SSK.primary.root(mainDisplay):SB-main display:Main bundle:com.apple.springboard} hostBundle:(null) posWithIAV:(same) snapshot:Y >
2026-09-19 21:09:17.437 Df SpringBoard[4578:2d90e6] [com.apple.SpringBoard:AppResize] No resizable app because sceneHandle is nil
2026-09-19 21:09:17.440 Df SpringBoard[4578:2d90e6] [com.apple.PaperBoardUI:Common] activating lock scene
2026-09-19 21:09:17.440 Df SpringBoard[4578:2d90e6] [com.apple.paperboard.rendering:FenceReason] Poster scenes un-fenced update for reasons: UpdateForActiveVariant
2026-09-19 21:09:17.441 Df SpringBoard[4578:2d90e6] [com.apple.PaperBoardUI:Common] activating lock scene
2026-09-19 21:09:17.441 Df SpringBoard[4578:2d90e6] [com.apple.paperboard.rendering:FenceReason] Poster scenes un-fenced update for reasons: UpdateForActiveVariant
2026-09-19 21:09:17.441 Df SpringBoard[4578:2d90e6] [com.apple.PaperBoardUI:Common] activating lock scene
2026-09-19 21:09:17.441 Df SpringBoard[4578:2d90e6] [com.apple.paperboard.rendering:FenceReason] Poster scenes un-fenced update for reasons: UpdateForActiveVariant
2026-09-19 21:09:17.441 Df SpringBoard[4578:2d90e6] [com.apple.SpringBoard:Common] Process is nil on the scene's clientHandle, falling back to retrieving from FBProcessManager
2026-09-19 21:09:17.449 Df SpringBoard[4578:2d90e6] [com.apple.SpringBoard:SystemApertureViewController] Invalidating promoted elements with coversheet suppression NO liquid detection suppression NO proximity reader suppression NO system chrome suppression NO bundleIDs (null) sceneIds (null)
2026-09-19 21:09:17.450 Df SpringBoard[4578:2d90e6] [com.apple.SpringBoard:AppRestrictionsOverlay] [sceneID:org.ps2x.ps2entryrunner-default] tearing down vc for overlay: 0x0
2026-09-19 21:09:17.450 Df SpringBoard[4578:2d90e6] [com.apple.SpringBoard:AppResize] No resizable app because sceneHandle is nil
2026-09-19 21:09:17.457 Df SpringBoard[4578:2d90e6] [com.apple.PaperBoardUI:Common] activating lock scene
2026-09-19 21:09:17.457 Df SpringBoard[4578:2d90e6] [com.apple.paperboard.rendering:FenceReason] Poster scenes un-fenced update for reasons: UpdateForActiveVariant
2026-09-19 21:09:17.457 Df SpringBoard[4578:2d90e6] [com.apple.PaperBoardUI:Common] activating lock scene
2026-09-19 21:09:17.457 Df SpringBoard[4578:2d90e6] [com.apple.paperboard.rendering:FenceReason] Poster scenes un-fenced update for reasons: UpdateForActiveVariant
2026-09-19 21:09:17.458 Df SpringBoard[4578:2d90e6] [com.apple.UIKit:KeyWindow] SBWindowScene: 0x10f6f4280: Window became key in scene: SBHomeScreenWindow: 0x116653000; contextId: 0xE8533055: reason: SBWindowScene: 0x10f6f4280: Window requested to become key in scene: 0x116653000
2026-09-19 21:09:17.458 Df SpringBoard[4578:2d90e6] [com.apple.UIKit:KeyWindow] Key window needs update: 1; currentKeyWindowScene: 0x10f6f4280; evaluatedKeyWindowScene: 0x10f6f4280; currentApplicationKeyWindow: 0x10beb9800; evaluatedApplicationKeyWindow: 0x116653000; reason: SBWindowScene: 0x10f6f4280: Window requested to become key in scene: 0x116653000
2026-09-19 21:09:17.458 Df SpringBoard[4578:2d90e6] [com.apple.UIKit:KeyWindow] Window did become application key: SBHomeScreenWindow: 0x116653000; contextId: 0xE8533055; scene identity: com.apple.frontboard.systemappservices/SSK.primary.root(mainDisplay):SB-main
2026-09-19 21:09:17.458 Df SpringBoard[4578:2d90e6] [com.apple.UIKit:KeyWindow] Window resigning application key: SBMainSwitcherWindow: 0x10beb9800; contextId: 0x63494F14; scene identity: com.apple.frontboard.systemappservices/SSK.primary.root(mainDisplay):SB-main
2026-09-19 21:09:17.458 Df SpringBoard[4578:2d90e6] [com.apple.UIKit:KeyboardSceneDelegate] Try reloading input views for responder:<SBHomeScreenViewController: 0x1166a4f00> requiresKB:N force:N scene-identity:com.apple.frontboard.systemappservices/SSK.primary.root(mainDisplay):SB-main
2026-09-19 21:09:17.458 Df SpringBoard[4578:2d90e6] [com.apple.UIKit:KeyboardSceneDelegate] Reloading input views for key-window scene responder:<SBHomeScreenViewController: 0x1166a4f00> requiresKB:N force:N scene-identity:com.apple.frontboard.systemappservices/SSK.primary.root(mainDisplay):SB-main
2026-09-19 21:09:17.458 Df SpringBoard[4578:2d90e6] [com.apple.UIKit:KeyboardSceneDelegate] _setKeyWindowSceneInputViews:<<UIInputViewSet: 0x11b7c0900>; (empty)> scene-identity:com.apple.frontboard.systemappservices/SSK.primary.root(mainDisplay):SB-main
2026-09-19 21:09:17.458 Df SpringBoard[4578:2d90e6] [com.apple.UIKit:UIPeripheralHost] endPlacementForInputViewSet: <<UIInputViewSet: 0x11b7c0900>; (empty)> windowScene: <SBWindowScene: 0x10f6f4280; scene: "<FBSScene: 0x10f6cd0e0; identifier: SB-main>"; persistentIdentifier: SB-main>
2026-09-19 21:09:17.459 Df SpringBoard[4578:2d90e6] [com.apple.KeyboardArbiter:Client] TX signalKeyboardChanged: <<fence:Y pos:{{0, 0}, {0, 0}} anim:Y onScreen:N tracking:N resizing:N local:N uiPos:Unknown notif:N> src{scene:com.apple.frontboard.systemappservices/SSK.primary.root(mainDisplay):SB-main display:Main bundle:com.apple.springboard} hostBundle:(null) posWithIAV:(same) snapshot:Y >
2026-09-19 21:09:17.460 Df InputUI[4727:2d95af] [com.apple.KeyboardArbiter:Handle] RX com.apple.springboard(4578) signalKeyboardChanged
    keyboardChanges:<<fence:Y pos:{{0, 0}, {0, 0}} anim:Y onScreen:N tracking:N resizing:N local:N uiPos:Unknown notif:N> src{scene:com.apple.frontboard.systemappservices/SSK.primary.root(mainDisplay):SB-main display:Main bundle:com.apple.springboard} hostBundle:(null) posWithIAV:(same) snapshot:Y >
2026-09-19 21:09:17.460 Df SpringBoard[4578:2d90e6] [com.apple.UIKit:UIPeripheralHost] endPlacementForInputViewSet: <<UIInputViewSet: 0x11b7c2f40>; (empty)> windowScene: <SBWindowScene: 0x10f6f4280; scene: "<FBSScene: 0x10f6cd0e0; identifier: SB-main>"; persistentIdentifier: SB-main>
2026-09-19 21:09:17.461 Df SpringBoard[4578:2d90e6] [com.apple.ShellSceneKit.extensions:Preferences] Received preferences update from scene: com.apple.frontboard.systemappservices/SSK.primary.root(mainDisplay):SB-main
2026-09-19 21:09:17.464 Df SpringBoard[4578:2d90e6] [com.apple.ShellSceneKit.extensions:Preferences] Received preferences update from scene: com.apple.frontboard.systemappservices/SSK.primary.root(mainDisplay):SB-main
2026-09-19 21:09:17.465 Df SpringBoard[4578:2d90e6] [com.apple.SpringBoard:KeyboardFocus] _updateDeferringRules(didMoveToParentViewController) sceneID:org.ps2x.ps2entryrunner-default hasParent:NO contentState:notReady hasRule:NO wantsRule:NO
2026-09-19 21:09:17.465 Df SpringBoard[4578:2d90e6] [com.apple.SpringBoard:KeyboardFocus] _updateDeferringRules(didMoveToParentViewController) outcome:(no change) sceneID:org.ps2x.ps2entryrunner-default
2026-09-19 21:09:17.465 Df SpringBoard[4578:2d90e6] [com.apple.SpringBoard:AppRestrictionsOverlay] [sceneID:org.ps2x.ps2entryrunner-default] tearing down vc for overlay: 0x0
2026-09-19 21:09:17.465 Df SpringBoard[4578:2d90e6] [com.apple.SpringBoard:KeyboardFocus] _updateDeferringRules(didMoveToParentViewController) sceneID:org.ps2x.ps2entryrunner-default hasParent:NO contentState:notReady hasRule:NO wantsRule:NO
2026-09-19 21:09:17.465 Df SpringBoard[4578:2d90e6] [com.apple.SpringBoard:KeyboardFocus] _updateDeferringRules(didMoveToParentViewController) outcome:(no change) sceneID:org.ps2x.ps2entryrunner-default
2026-09-19 21:09:17.467 Df SpringBoard[4578:2d90e6] [com.apple.SpringBoard:AppRestrictionsOverlay] [sceneID:org.ps2x.ps2entryrunner-default] tearing down vc for overlay: 0x0
2026-09-19 21:09:17.533 Df SpringBoard[4578:2d90e6] [com.apple.SpringBoard:AppResize] No resizable app because sceneHandle is nil
2026-09-19 21:09:18.911 Df SpringBoard[4578:2d95dd] [com.apple.FrontBoard:ProcessScene] [0x11b4bff00:(FBSceneManager):sceneID:com.apple.mobilecal-351CD8DD-F7E3-408D-A8E2-66EAE0D827B5] Sending scene action [Create Inactive][0x6711] to process 0x11b55c000 (watchdog: 10.00s)
2026-09-19 21:09:18.911 Df SpringBoard[4578:2d95dd] [com.apple.FrontBoard:ProcessScene] [0x11b4bff00:(FBSceneManager):sceneID:com.apple.mobilecal-351CD8DD-F7E3-408D-A8E2-66EAE0D827B5] Sending scene create.
2026-09-19 21:09:18.912 Df SpringBoard[4578:2d95dd] [com.apple.FrontBoard:ProcessScene] [0x11b4bff00:(FBSceneManager):sceneID:com.apple.mobilecal-351CD8DD-F7E3-408D-A8E2-66EAE0D827B5] Sending scene action [Forward Event][0x378d] to process 0x11b55c000 (watchdog: 30.00s)
2026-09-19 21:09:18.912 Df SpringBoard[4578:2d90e6] [com.apple.FrontBoard:Scene] [(FBSceneManager):sceneID:com.apple.mobilecal-351CD8DD-F7E3-408D-A8E2-66EAE0D827B5] Client process connected: [app<com.apple.mobilecal((null))>:5031]
2026-09-19 21:09:18.912 Df SpringBoard[4578:2d90e6] [com.apple.SpringBoard:ResourceConditions] Considering foreground scene <FBScene: 0x11b5a0f00; FBSceneManager:com.apple.UIKit.remote-keyboard> with handle=[osservice<com.apple.InputUI>:4727] (isApp=NO) and parentScene=(null)
2026-09-19 21:09:18.912 Df SpringBoard[4578:2d90e6] [com.apple.SpringBoard:HostedScenePolicy] Host window scene changed for sceneID:com.apple.mobilecal-351CD8DD-F7E3-408D-A8E2-66EAE0D827B5: <SBWindowScene: 0x10f6f4280; scene: "<FBSScene: 0x10f6cd0e0; identifier: SB-main>"; persistentIdentifier: SB-main>
2026-09-19 21:09:18.912 Df SpringBoard[4578:2d90e6] [com.apple.SpringBoard:SuspendedUnderLock] Started observing hosted policy component for sceneID:com.apple.mobilecal-351CD8DD-F7E3-408D-A8E2-66EAE0D827B5
2026-09-19 21:09:18.913 Df SpringBoard[4578:2da70b] [com.apple.FrontBoard:ProcessScene] [0x11b4bff00:(FBSceneManager):sceneID:com.apple.mobilecal-351CD8DD-F7E3-408D-A8E2-66EAE0D827B5] Sending scene action [Forward Event][0x30b5] to process 0x11b55c000 (watchdog: 30.00s)
2026-09-19 21:09:18.913 Df SpringBoard[4578:2da70b] [com.apple.FrontBoard:ProcessScene] [0x11b4bff00:(FBSceneManager):sceneID:com.apple.mobilecal-351CD8DD-F7E3-408D-A8E2-66EAE0D827B5] Sending scene action [Forward Event][0x4496] to process 0x11b55c000 (watchdog: 30.00s)
2026-09-19 21:09:19.046 Df MobileCal[5031:2da6ef] [com.apple.FrontBoard:SceneClient] [(FBSceneManager):sceneID:com.apple.mobilecal-351CD8DD-F7E3-408D-A8E2-66EAE0D827B5] Received action(s) in scene-create: <UIFetchContentInBackgroundAction: 0x11e20008>
2026-09-19 21:09:19.050 Df MobileCal[5031:2da6ef] [com.apple.UIKit:HomeAffordanceObservation] Initializing: <_UIHomeAffordanceSceneNotifier: 0x1035c91f0>; with scene: <UIWindowScene: 0x10369c000>
2026-09-19 21:09:19.050 Df MobileCal[5031:2da6ef] [com.apple.BacklightServices:scenes] 0x1060eb0c0 setDelegate:<0x1060eacd0 _UIBacklightEnvironment> hasDelegate:YES for environment:sceneID:com.apple.mobilecal-351CD8DD-F7E3-408D-A8E2-66EAE0D827B5
2026-09-19 21:09:19.051 Df MobileCal[5031:2da6ef] [com.apple.UIKit:EventDeferring] [0x10359e880] Initialized with scene: <UIWindowScene: 0x10369c000>; behavior: <_UIEventDeferringBehavior_iOS: 0x10610dd40>; availableForProcess: 1, systemShellManagesKeyboardFocus: 1
2026-09-19 21:09:19.061 Df MobileCal[5031:2da6ef] [com.apple.BackBoard:EventDelivery] [BKSHIDEventObserver] 0x1035c9490 _UIKeyWindowSceneObserver-0x1060ea8e0 setToken:com.apple.frontboard.systemappservices/FBSceneManager:sceneID%3Acom.apple.mobilecal-351CD8DD-F7E3-408D-A8E2-66EAE0D827B5
2026-09-19 21:09:19.061 Df MobileCal[5031:2da6ef] [com.apple.BackBoard:EventDelivery] [BKSHIDEventObserver] 0x1035cb250  setToken:com.apple.frontboard.systemappservices/FBSceneManager:sceneID%3Acom.apple.mobilecal-351CD8DD-F7E3-408D-A8E2-66EAE0D827B5
2026-09-19 21:09:19.061 Df MobileCal[5031:2da6ef] [com.apple.UIKit:KeyboardFocusAssistant] Event deferring policy changed: finalScene:N->N (token: com.apple.frontboard.systemappservices/FBSceneManager:sceneID%3Acom.apple.mobilecal-351CD8DD-F7E3-408D-A8E2-66EAE0D827B5)
2026-09-19 21:09:19.062 Df MobileCal[5031:2da6ef] [com.apple.UIKit:KeyboardScene] Requesting keyboard scene for (FBSceneManager):sceneID:com.apple.mobilecal-351CD8DD-F7E3-408D-A8E2-66EAE0D827B5
2026-09-19 21:09:19.062 Df MobileCal[5031:2da6ef] [com.apple.mobilecal:CalendarUI] CalendarSceneManager scene:willConnectToSession:options: <UISceneSession: 0x103681a90; role: UIWindowSceneSessionRoleApplication; persistentIdentifier: 351CD8DD-F7E3-408D-A8E2-66EAE0D827B5; scene: (nil); configuration: <UISceneConfiguration: 0x103681b30>; userInfo: <__NSDictionary0: 0x2227cc280>>
2026-09-19 21:09:19.066 Df InputUI[4727:2d95af] [com.apple.FrontBoard:ProcessScene] [0x1044a9800:com.apple.InputUI.keyboard:KeyboardInputScene-com.apple.frontboard.systemappservices/FBSceneManager:sceneID%3Acom.apple.mobilecal-351CD8DD-F7E3-408D-A8E2-66EAE0D827B5] Initialized with connection: 0x104655f50.
2026-09-19 21:09:19.066 Df InputUI[4727:2d95af] [com.apple.FrontBoard:ProcessWorkspace] [app<com.apple.mobilecal>:5031] Registered new scene: <FBWorkspaceScene: 0x1044a9800; com.apple.InputUI.keyboard:KeyboardInputScene-com.apple.frontboard.systemappservices/FBSceneManager:sceneID%3Acom.apple.mobilecal-351CD8DD-F7E3-408D-A8E2-66EAE0D827B5> (fromRemnant = 0)
2026-09-19 21:09:19.066 Df InputUI[4727:2d95af] [com.apple.FrontBoard:Scene] [com.apple.InputUI.keyboard:KeyboardInputScene-com.apple.frontboard.systemappservices/FBSceneManager:sceneID%3Acom.apple.mobilecal-351CD8DD-F7E3-408D-A8E2-66EAE0D827B5][1] Scene activated.
2026-09-19 21:09:19.066 Df InputUI[4727:2d95af] [com.apple.FrontBoard:Scene] [com.apple.InputUI.keyboard:KeyboardInputScene-com.apple.frontboard.systemappservices/FBSceneManager:sceneID%3Acom.apple.mobilecal-351CD8DD-F7E3-408D-A8E2-66EAE0D827B5] Client process connected: [app<com.apple.mobilecal((null))>:5031]
2026-09-19 21:09:19.066 Df InputUI[4727:2d95af] [com.apple.UIKit:KeyboardScene] Created keyboard scene com.apple.UIKit.KeyboardManagement.hosted/com.apple.InputUI.keyboard:KeyboardInputScene-com.apple.frontboard.systemappservices%2FFBSceneManager%3AsceneID%253Acom.apple.mobilecal-351CD8DD-F7E3-408D-A8E2-66EAE0D827B5 requested from [app<com.apple.mobilecal((null))>:5031]
2026-09-19 21:09:19.066 Df InputUI[4727:2da72e] [com.apple.FrontBoard:ProcessScene] [0x1044a9800:com.apple.InputUI.keyboard:KeyboardInputScene-com.apple.frontboard.systemappservices/FBSceneManager:sceneID%3Acom.apple.mobilecal-351CD8DD-F7E3-408D-A8E2-66EAE0D827B5] Scene lifecycle state did change: Background
2026-09-19 21:09:19.066 Df InputUI[4727:2da72e] [com.apple.FrontBoard:ProcessScene] [0x1044a9800:com.apple.InputUI.keyboard:KeyboardInputScene-com.apple.frontboard.systemappservices/FBSceneManager:sceneID%3Acom.apple.mobilecal-351CD8DD-F7E3-408D-A8E2-66EAE0D827B5] Scene state did change: BG-Active[40].
2026-09-19 21:09:19.067 Df InputUI[4727:2da72e] [com.apple.FrontBoard:ProcessScene] [0x1044a9800:com.apple.InputUI.keyboard:KeyboardInputScene-com.apple.frontboard.systemappservices/FBSceneManager:sceneID%3Acom.apple.mobilecal-351CD8DD-F7E3-408D-A8E2-66EAE0D827B5] Sending scene action [Create Inactive][0x9bd5] to process 0x101a22100 (watchdog: none)
2026-09-19 21:09:19.067 Df InputUI[4727:2da72e] [com.apple.FrontBoard:ProcessScene] [0x1044a9800:com.apple.InputUI.keyboard:KeyboardInputScene-com.apple.frontboard.systemappservices/FBSceneManager:sceneID%3Acom.apple.mobilecal-351CD8DD-F7E3-408D-A8E2-66EAE0D827B5] Sending scene create.
2026-09-19 21:09:19.234 Df MobileCal[5031:2da6ef] [com.apple.UIKit:KeyWindow] Key window API is scene-level: YES
2026-09-19 21:09:19.234 Df MobileCal[5031:2da6ef] [com.apple.UIKit:KeyWindow] UIWindowScene: 0x10369c000: Window became key in scene: MobileCalWindow: 0x103685000; contextId: 0x0: reason: UIWindowScene: 0x10369c000: Window requested to become key in scene: 0x103685000
2026-09-19 21:09:19.234 Df MobileCal[5031:2da6ef] [com.apple.UIKit:KeyWindow] Key window needs update: 1; currentKeyWindowScene: 0x0; evaluatedKeyWindowScene: 0x10369c000; currentApplicationKeyWindow: 0x0; evaluatedApplicationKeyWindow: 0x103685000; reason: UIWindowScene: 0x10369c000: Window requested to become key in scene: 0x103685000
2026-09-19 21:09:19.234 Df MobileCal[5031:2da6ef] [com.apple.UIKit:KeyWindow] Window did become application key: MobileCalWindow: 0x103685000; contextId: 0x0; scene identity: com.apple.frontboard.systemappservices/FBSceneManager:sceneID%3Acom.apple.mobilecal-351CD8DD-F7E3-408D-A8E2-66EAE0D827B5
2026-09-19 21:09:19.234 Df backboardd[4599:2da31e] [com.apple.BackBoard:EventDelivery] [<keyboardFocus; builtin> 0x10a113e90] setRules:forPID(5031) generation: 101: [[5031-1]; <keyboardFocus; com.apple.frontboard.systemappservices/FBSceneManager:sceneID%3Acom.apple.mobilecal-351CD8DD-F7E3-408D-A8E2-66EAE0D827B5> -> <token: <uq: 1; UIKit-localContainer>; pid: 5031>; reason: UIKit-localContainer]
2026-09-19 21:09:19.234 Df backboardd[4599:2da31e] [com.apple.BackBoard:EventDelivery] [<keyboardFocus> 0x10a113f70] setRules:forPID(5031) generation: 101: [[5031-1]; <keyboardFocus; com.apple.frontboard.systemappservices/FBSceneManager:sceneID%3Acom.apple.mobilecal-351CD8DD-F7E3-408D-A8E2-66EAE0D827B5> -> <token: <uq: 1; UIKit-localContainer>; pid: 5031>; reason: UIKit-localContainer]
2026-09-19 21:09:19.235 Df MobileCal[5031:2da6ef] [com.apple.UIKit:KeyboardSceneDelegate] Try reloading input views for responder:<SplitViewWindowRootViewController: 0x103678000> requiresKB:N force:N scene-identity:com.apple.frontboard.systemappservices/FBSceneManager:sceneID%3Acom.apple.mobilecal-351CD8DD-F7E3-408D-A8E2-66EAE0D827B5
2026-09-19 21:09:19.235 Df MobileCal[5031:2da6ef] [com.apple.UIKit:KeyboardSceneDelegate] Reloading input views for key-window scene responder:<SplitViewWindowRootViewController: 0x103678000> requiresKB:N force:N scene-identity:com.apple.frontboard.systemappservices/FBSceneManager:sceneID%3Acom.apple.mobilecal-351CD8DD-F7E3-408D-A8E2-66EAE0D827B5
2026-09-19 21:09:19.240 Df MobileCal[5031:2da6ef] [com.apple.UIKit:KeyboardSceneDelegate] [Interface Orientation] was:Interface Unknown now:UIInterfaceOrientationPortrait reason:Using key window scene
2026-09-19 21:09:19.262 Df MobileCal[5031:2da6ef] [com.apple.UIKit:KeyboardSceneDelegate] Try reloading input views for responder:(nil) requiresKB:N force:N scene-identity:com.apple.frontboard.systemappservices/FBSceneManager:sceneID%3Acom.apple.mobilecal-351CD8DD-F7E3-408D-A8E2-66EAE0D827B5
2026-09-19 21:09:19.262 Df MobileCal[5031:2da6ef] [com.apple.UIKit:KeyboardSceneDelegate] Reloading input views for key-window scene responder:(nil) requiresKB:N force:N scene-identity:com.apple.frontboard.systemappservices/FBSceneManager:sceneID%3Acom.apple.mobilecal-351CD8DD-F7E3-408D-A8E2-66EAE0D827B5
2026-09-19 21:09:19.262 Df MobileCal[5031:2da6ef] [com.apple.UIKit:KeyboardSceneDelegate] _setKeyWindowSceneInputViews:<<UIInputViewSet: 0x1061e9200>; (empty)> scene-identity:com.apple.frontboard.systemappservices/FBSceneManager:sceneID%3Acom.apple.mobilecal-351CD8DD-F7E3-408D-A8E2-66EAE0D827B5
2026-09-19 21:09:19.268 Df MobileCal[5031:2da6ef] [com.apple.UIKit:AppLifecycle] sceneOfRecord: sceneID: sceneID:com.apple.mobilecal-351CD8DD-F7E3-408D-A8E2-66EAE0D827B5  persistentID: 351CD8DD-F7E3-408D-A8E2-66EAE0D827B5
2026-09-19 21:09:19.271 Df MobileCal[5031:2da6ef] [com.apple.UIKit:AppLifecycle] sceneOfRecord: sceneID: sceneID:com.apple.mobilecal-351CD8DD-F7E3-408D-A8E2-66EAE0D827B5  persistentID: 351CD8DD-F7E3-408D-A8E2-66EAE0D827B5
2026-09-19 21:09:19.271 Df SpringBoard[4578:2da70b] [com.apple.FrontBoard:ProcessScene] [0x11b4bff00:(FBSceneManager):sceneID:com.apple.mobilecal-351CD8DD-F7E3-408D-A8E2-66EAE0D827B5] Scene action [Create Inactive][0x6711] completed with success: 1
2026-09-19 21:09:19.272 Df SpringBoard[4578:2da70b] [com.apple.FrontBoard:ProcessScene] [0x11b4bff00:(FBSceneManager):sceneID:com.apple.mobilecal-351CD8DD-F7E3-408D-A8E2-66EAE0D827B5] Scene action [Forward Event][0x378d] completed with success: 1
2026-09-19 21:09:19.638 Df MobileCal[5031:2da6ef] [com.apple.UIKit:AppLifecycle] sceneOfRecord: sceneID: sceneID:com.apple.mobilecal-351CD8DD-F7E3-408D-A8E2-66EAE0D827B5  persistentID: 351CD8DD-F7E3-408D-A8E2-66EAE0D827B5
2026-09-19 21:09:19.673 Df SpringBoard[4578:2d96ad] [com.apple.FrontBoard:ProcessScene] [0x11b4bff00:(FBSceneManager):sceneID:com.apple.mobilecal-351CD8DD-F7E3-408D-A8E2-66EAE0D827B5] Scene action [Forward Event][0x30b5] completed with success: 1
2026-09-19 21:09:19.673 Df MobileCal[5031:2da6ef] [com.apple.UIKit:AppLifecycle] sceneOfRecord: sceneID: sceneID:com.apple.mobilecal-351CD8DD-F7E3-408D-A8E2-66EAE0D827B5  persistentID: 351CD8DD-F7E3-408D-A8E2-66EAE0D827B5
2026-09-19 21:09:19.674 Df MobileCal[5031:2da6ef] [com.apple.UIKit:KeyboardSceneDelegate] Try reloading input views for responder:<SplashScreenViewController: 0x103679200> requiresKB:N force:N scene-identity:com.apple.frontboard.systemappservices/FBSceneManager:sceneID%3Acom.apple.mobilecal-351CD8DD-F7E3-408D-A8E2-66EAE0D827B5
2026-09-19 21:09:19.674 Df MobileCal[5031:2da6ef] [com.apple.UIKit:KeyboardSceneDelegate] Reloading input views for key-window scene responder:<SplashScreenViewController: 0x103679200> requiresKB:N force:N scene-identity:com.apple.frontboard.systemappservices/FBSceneManager:sceneID%3Acom.apple.mobilecal-351CD8DD-F7E3-408D-A8E2-66EAE0D827B5
2026-09-19 21:09:19.674 Df MobileCal[5031:2da6ef] [com.apple.UIKit:KeyboardSceneDelegate] _setKeyWindowSceneInputViews:<<UIInputViewSet: 0x11002e7c0>; (empty)> scene-identity:com.apple.frontboard.systemappservices/FBSceneManager:sceneID%3Acom.apple.mobilecal-351CD8DD-F7E3-408D-A8E2-66EAE0D827B5
2026-09-19 21:09:19.675 Df MobileCal[5031:2da6ef] [com.apple.UIKit:InterfaceStyle] Should send trait collection or coordinate space update, interface style 1 -> 1, <_UIKeyboardInputScene: 0x1101daf80> (KeyboardInputScene-com.apple.frontboard.systemappservices/FBSceneManager:sceneID%3Acom.apple.mobilecal-351CD8DD-F7E3-408D-A8E2-66EAE0D827B5)
2026-09-19 21:09:19.676 Df MobileCal[5031:2da6ef] [com.apple.UIKit:InterfaceStyle] Not push traits update to screen for new style 0, <_UIKeyboardInputScene: 0x1101daf80> (KeyboardInputScene-com.apple.frontboard.systemappservices/FBSceneManager:sceneID%3Acom.apple.mobilecal-351CD8DD-F7E3-408D-A8E2-66EAE0D827B5)
2026-09-19 21:09:19.676 Df MobileCal[5031:2da6ef] [com.apple.UIKit:HomeAffordanceObservation] Initializing: <_UIHomeAffordanceSceneNotifier: 0x1101e92d0>; with scene: <_UIKeyboardInputScene: 0x1101daf80>
2026-09-19 21:09:19.676 Df MobileCal[5031:2da6ef] [com.apple.BacklightServices:scenes] 0x110334f00 setDelegate:<0x1103354a0 _UIBacklightEnvironment> hasDelegate:YES for environment:KeyboardInputScene-com.apple.frontboard.systemappservices/FBSceneManager:sceneID%3Acom.apple.mobilecal-351CD8DD-F7E3-408D-A8E2-66EAE0D827B5
2026-09-19 21:09:19.676 Df MobileCal[5031:2da6ef] [com.apple.UIKit:InterfaceStyle] Not push traits update to screen for new style 0, <_UIKeyboardInputScene: 0x1101daf80> (KeyboardInputScene-com.apple.frontboard.systemappservices/FBSceneManager:sceneID%3Acom.apple.mobilecal-351CD8DD-F7E3-408D-A8E2-66EAE0D827B5)
2026-09-19 21:09:19.676 Df MobileCal[5031:2da6ef] [com.apple.UIKit:EventDeferring] [0x1063e6180] Initialized with scene: <_UIKeyboardInputScene: 0x1101daf80>; behavior: <_UIEventDeferringBehavior_iOS: 0x1063eb980>; availableForProcess: 1, systemShellManagesKeyboardFocus: 1
2026-09-19 21:09:19.676 Df MobileCal[5031:2da6ef] [com.apple.UIKit:InterfaceStyle] Not push traits update to screen for new style 0, <_UIKeyboardInputScene: 0x1101daf80> (KeyboardInputScene-com.apple.frontboard.systemappservices/FBSceneManager:sceneID%3Acom.apple.mobilecal-351CD8DD-F7E3-408D-A8E2-66EAE0D827B5)
2026-09-19 21:09:19.676 Df MobileCal[5031:2da6ef] [com.apple.BackBoard:EventDelivery] [BKSHIDEventObserver] 0x1101e9500 _UIKeyWindowSceneObserver-0x110336880 setToken:com.apple.UIKit.KeyboardManagement.hosted/com.apple.InputUI.keyboard:KeyboardInputScene-com.apple.frontboard.systemappservices%2FFBSceneManager%3AsceneID%253Acom.apple.mobilecal-351CD8DD-F7E3-408D-A8E2-66EAE0D827B5
2026-09-19 21:09:19.676 Df MobileCal[5031:2da6ef] [com.apple.UIKit:InterfaceStyle] Not push traits update to screen for new style 0, <_UIKeyboardInputScene: 0x1101daf80> (KeyboardInputScene-com.apple.frontboard.systemappservices/FBSceneManager:sceneID%3Acom.apple.mobilecal-351CD8DD-F7E3-408D-A8E2-66EAE0D827B5)
2026-09-19 21:09:19.677 Df MobileCal[5031:2da6ef] [com.apple.UIKit:InterfaceStyle] Not push traits update to screen for new style 0, <_UIKeyboardInputScene: 0x1101daf80> (KeyboardInputScene-com.apple.frontboard.systemappservices/FBSceneManager:sceneID%3Acom.apple.mobilecal-351CD8DD-F7E3-408D-A8E2-66EAE0D827B5)
2026-09-19 21:09:19.677 Df MobileCal[5031:2da6ef] [com.apple.UIKit:InterfaceStyle] Not push traits update to screen for new style 0, <_UIKeyboardInputScene: 0x1101daf80> (KeyboardInputScene-com.apple.frontboard.systemappservices/FBSceneManager:sceneID%3Acom.apple.mobilecal-351CD8DD-F7E3-408D-A8E2-66EAE0D827B5)
2026-09-19 21:09:19.677 Df MobileCal[5031:2da6ef] [com.apple.UIKit:InterfaceStyle] Not push traits update to screen for new style 0, <_UIKeyboardInputScene: 0x1101daf80> (KeyboardInputScene-com.apple.frontboard.systemappservices/FBSceneManager:sceneID%3Acom.apple.mobilecal-351CD8DD-F7E3-408D-A8E2-66EAE0D827B5)
2026-09-19 21:09:19.677 Df MobileCal[5031:2da6ef] [com.apple.UIKit:InterfaceStyle] Not push traits update to screen for new style 0, <_UIKeyboardInputScene: 0x1101daf80> (KeyboardInputScene-com.apple.frontboard.systemappservices/FBSceneManager:sceneID%3Acom.apple.mobilecal-351CD8DD-F7E3-408D-A8E2-66EAE0D827B5)
2026-09-19 21:09:19.677 Df MobileCal[5031:2da6ef] [com.apple.UIKit:InterfaceStyle] Not push traits update to screen for new style 0, <_UIKeyboardInputScene: 0x1101daf80> (KeyboardInputScene-com.apple.frontboard.systemappservices/FBSceneManager:sceneID%3Acom.apple.mobilecal-351CD8DD-F7E3-408D-A8E2-66EAE0D827B5)
2026-09-19 21:09:19.677 Df MobileCal[5031:2da6ef] [com.apple.UIKit:InterfaceStyle] Not push traits update to screen for new style 0, <_UIKeyboardInputScene: 0x1101daf80> (KeyboardInputScene-com.apple.frontboard.systemappservices/FBSceneManager:sceneID%3Acom.apple.mobilecal-351CD8DD-F7E3-408D-A8E2-66EAE0D827B5)
2026-09-19 21:09:19.677 Df MobileCal[5031:2da6ef] [com.apple.UIKit:InterfaceStyle] Not push traits update to screen for new style 0, <_UIKeyboardInputScene: 0x1101daf80> (KeyboardInputScene-com.apple.frontboard.systemappservices/FBSceneManager:sceneID%3Acom.apple.mobilecal-351CD8DD-F7E3-408D-A8E2-66EAE0D827B5)
2026-09-19 21:09:19.677 Df MobileCal[5031:2da6ef] [com.apple.UIKit:InterfaceStyle] Not push traits update to screen for new style 0, <_UIKeyboardInputScene: 0x1101daf80> (KeyboardInputScene-com.apple.frontboard.systemappservices/FBSceneManager:sceneID%3Acom.apple.mobilecal-351CD8DD-F7E3-408D-A8E2-66EAE0D827B5)
2026-09-19 21:09:19.678 Df MobileCal[5031:2da6ef] [com.apple.UIKit:InterfaceStyle] Not push traits update to screen for new style 0, <_UIKeyboardInputScene: 0x1101daf80> (KeyboardInputScene-com.apple.frontboard.systemappservices/FBSceneManager:sceneID%3Acom.apple.mobilecal-351CD8DD-F7E3-408D-A8E2-66EAE0D827B5)
2026-09-19 21:09:19.678 Df MobileCal[5031:2da6ef] [com.apple.UIKit:AppLifecycle] sceneOfRecord: sceneID: sceneID:com.apple.mobilecal-351CD8DD-F7E3-408D-A8E2-66EAE0D827B5  persistentID: 351CD8DD-F7E3-408D-A8E2-66EAE0D827B5
2026-09-19 21:09:19.678 Df MobileCal[5031:2da6ef] [com.apple.UIKit:InterfaceStyle] Not push traits update to screen for new style 0, <_UIKeyboardInputScene: 0x1101daf80> (KeyboardInputScene-com.apple.frontboard.systemappservices/FBSceneManager:sceneID%3Acom.apple.mobilecal-351CD8DD-F7E3-408D-A8E2-66EAE0D827B5)
2026-09-19 21:09:19.678 Df MobileCal[5031:2da6ef] [com.apple.UIKit:KeyboardScene] Notifying observers of geometry update -> app scene 1: {{0, 0}, {402, 874}}, keyboard scene: 1: {{0, 0}, {402, 874}}
2026-09-19 21:09:19.678 Df MobileCal[5031:2da6ef] [com.apple.UIKit:InterfaceStyle] Not push traits update to screen for new style 0, <_UIKeyboardInputScene: 0x1101daf80> (KeyboardInputScene-com.apple.frontboard.systemappservices/FBSceneManager:sceneID%3Acom.apple.mobilecal-351CD8DD-F7E3-408D-A8E2-66EAE0D827B5)
2026-09-19 21:09:19.678 Df MobileCal[5031:2da6ef] [com.apple.UIKit:InterfaceStyle] Not push traits update to screen for new style 0, <_UIKeyboardInputScene: 0x1101daf80> (KeyboardInputScene-com.apple.frontboard.systemappservices/FBSceneManager:sceneID%3Acom.apple.mobilecal-351CD8DD-F7E3-408D-A8E2-66EAE0D827B5)
2026-09-19 21:09:19.678 Df MobileCal[5031:2da6ef] [com.apple.UIKit:InterfaceStyle] Not push traits update to screen for new style 0, <_UIKeyboardInputScene: 0x1101daf80> (KeyboardInputScene-com.apple.frontboard.systemappservices/FBSceneManager:sceneID%3Acom.apple.mobilecal-351CD8DD-F7E3-408D-A8E2-66EAE0D827B5)
2026-09-19 21:09:19.684 Df SpringBoard[4578:2d95dd] [com.apple.FrontBoard:ProcessScene] [0x11b4bff00:(FBSceneManager):sceneID:com.apple.mobilecal-351CD8DD-F7E3-408D-A8E2-66EAE0D827B5] Scene action [Forward Event][0x4496] completed with success: 1
2026-09-19 21:09:19.684 Df InputUI[4727:2da72e] [com.apple.FrontBoard:ProcessScene] [0x1044a9800:com.apple.InputUI.keyboard:KeyboardInputScene-com.apple.frontboard.systemappservices/FBSceneManager:sceneID%3Acom.apple.mobilecal-351CD8DD-F7E3-408D-A8E2-66EAE0D827B5] Scene action [Create Inactive][0x9bd5] completed with success: 1
2026-09-19 21:09:19.684 Df MobileCal[5031:2da6ef] [com.apple.UIKit:AppLifecycle] sceneOfRecord: sceneID: sceneID:com.apple.mobilecal-351CD8DD-F7E3-408D-A8E2-66EAE0D827B5  persistentID: 351CD8DD-F7E3-408D-A8E2-66EAE0D827B5
2026-09-19 21:09:19.684 Df MobileCal[5031:2da6ef] [com.apple.UIKit:InterfaceStyle] Scene did update interface style to 1, <_UIKeyboardInputScene: 0x1101daf80> (KeyboardInputScene-com.apple.frontboard.systemappservices/FBSceneManager:sceneID%3Acom.apple.mobilecal-351CD8DD-F7E3-408D-A8E2-66EAE0D827B5)
2026-09-19 21:09:19.685 Df MobileCal[5031:2da6ef] [com.apple.UIKit:InterfaceStyle] Push traits update to screen for new style 1, <_UIKeyboardInputScene: 0x1101daf80> (KeyboardInputScene-com.apple.frontboard.systemappservices/FBSceneManager:sceneID%3Acom.apple.mobilecal-351CD8DD-F7E3-408D-A8E2-66EAE0D827B5)
2026-09-19 21:09:19.685 Df MobileCal[5031:2da6ef] [com.apple.UIKit:InterfaceStyle] Should not send trait collection or coordinate space update, interface style 1 -> 1, <_UIKeyboardInputScene: 0x1101daf80> (KeyboardInputScene-com.apple.frontboard.systemappservices/FBSceneManager:sceneID%3Acom.apple.mobilecal-351CD8DD-F7E3-408D-A8E2-66EAE0D827B5)
2026-09-19 21:09:19.686 Df MobileCal[5031:2da6ef] [com.apple.UIKit:KeyboardScene] Keyboard scene for com.apple.frontboard.systemappservices/FBSceneManager:sceneID%3Acom.apple.mobilecal-351CD8DD-F7E3-408D-A8E2-66EAE0D827B5 successfully connected: com.apple.UIKit.KeyboardManagement.hosted/com.apple.InputUI.keyboard:KeyboardInputScene-com.apple.frontboard.systemappservices%2FFBSceneManager%3AsceneID%253Acom.apple.mobilecal-351CD8DD-F7E3-408D-A8E2-66EAE0D827B5
2026-09-19 21:09:19.686 Df MobileCal[5031:2da6ef] [com.apple.UIKit:KeyboardScene] reloadInputViews for keyboard scene com.apple.UIKit.KeyboardManagement.hosted/com.apple.InputUI.keyboard:KeyboardInputScene-com.apple.frontboard.systemappservices%2FFBSceneManager%3AsceneID%253Acom.apple.mobilecal-351CD8DD-F7E3-408D-A8E2-66EAE0D827B5
2026-09-19 21:09:19.686 Df MobileCal[5031:2da6ef] [com.apple.UIKit:KeyboardSceneDelegate] Try reloading input views for responder:<SplashScreenViewController: 0x103679200> requiresKB:N force:Y scene-identity:com.apple.frontboard.systemappservices/FBSceneManager:sceneID%3Acom.apple.mobilecal-351CD8DD-F7E3-408D-A8E2-66EAE0D827B5
2026-09-19 21:09:19.686 Df MobileCal[5031:2da6ef] [com.apple.UIKit:KeyboardSceneDelegate] Reloading input views for key-window scene responder:<SplashScreenViewController: 0x103679200> requiresKB:N force:Y scene-identity:com.apple.frontboard.systemappservices/FBSceneManager:sceneID%3Acom.apple.mobilecal-351CD8DD-F7E3-408D-A8E2-66EAE0D827B5
2026-09-19 21:09:19.686 Df MobileCal[5031:2da6ef] [com.apple.UIKit:KeyboardSceneDelegate] _setKeyWindowSceneInputViews:<<UIInputViewSet: 0x11002e880>; (empty)> scene-identity:com.apple.frontboard.systemappservices/FBSceneManager:sceneID%3Acom.apple.mobilecal-351CD8DD-F7E3-408D-A8E2-66EAE0D827B5
2026-09-19 21:09:19.788 Df SpringBoard[4578:2d95dd] [com.apple.FrontBoard:ProcessScene] [0x11b4bff00:(FBSceneManager):sceneID:com.apple.mobilecal-351CD8DD-F7E3-408D-A8E2-66EAE0D827B5] Scene state did change: XX-None[0].
2026-09-19 21:09:19.795 Df InputUI[4727:2da72d] [com.apple.FrontBoard:ProcessScene] [0x1044a9800:com.apple.InputUI.keyboard:KeyboardInputScene-com.apple.frontboard.systemappservices/FBSceneManager:sceneID%3Acom.apple.mobilecal-351CD8DD-F7E3-408D-A8E2-66EAE0D827B5] Scene state did change: XX-None[0].
2026-09-19 21:09:21.291 Df dasd[4604:2d9321] [com.apple.duetactivityscheduler:scoring] com.apple.mediaanalysisd.photos.scene.fastpass:42B933:[
	{name: Result Dependency Policy, policyWeight: 0.001, response: {AMNP, 0.00, [{dependencySatisfaction == 0}]}}
 ], Decision: AMNP}
2026-09-19 21:09:29.238 Df dasd[4604:2dabfe] [com.apple.duetactivityscheduler:scoring] com.apple.mediaanalysisd.photos.scene.fastpass:42B933:[
	{name: Result Dependency Policy, policyWeight: 0.001, response: {AMNP, 0.00, [{dependencySatisfaction == 0}]}}
 ], Decision: AMNP}
2026-09-19 21:09:47.067 Df SpringBoard[4578:2d90e6] [com.apple.chrono:ViewController] [0x119458e00-Timeline[com.apple.Maps::com.apple.Maps.GeneralMapsWidget:com.apple.Maps:systemSmall::164.33/164.33/27.94:(null)~(null)]] Invalidating detached scene timer for reason: Timer fired (no longer foreground)
2026-09-19 21:09:47.067 Df SpringBoard[4578:2d90e6] [com.apple.chrono:ViewController] [0x11945a300-Timeline[com.apple.mobilecal::com.apple.mobilecal.CalendarWidgetExtension:com.apple.CalendarWidget.CalendarUpNextWidget:systemSmall:2474718758988609311:164.33/164.33/27.94:(null)~(null)]] Invalidating detached scene timer for reason: Timer fired (no longer foreground)
2026-09-19 21:10:22.837 Df log[5518:0] [com.apple.log:] log run noninteractively, parent: 4575 (launchd_sim), args: 'log' 'show' '--last' '6m' '--style' 'compact' '--predicate' 'process == "ps2EntryRunner" OR eventMessage CONTAINS "ps2EntryRunner" OR eventMessage CONTAINS "NoSceneLifecycle" OR eventMessage CON
