getpwuid_r did not find a match for uid 501
Timestamp               Ty Process[PID:TID]
2026-09-19 21:25:43.553 Df ps2EntryRunner[8916:0] [com.apple.libsystem.libdispatch:] BUG in libdispatch: 26A428 24A434 - 612 - 0x4
2026-09-19 21:25:43.553 Df ps2EntryRunner[8916:2e47ec] [com.apple.UIKit.tracing:UITraceManager] UITraceInitialize: registering notify listener
2026-09-19 21:25:43.553 Df ps2EntryRunner[8916:2e47ec] [com.apple.UIKit.tracing:UITraceManager] handle_trace_notification: received notify (state=0)
2026-09-19 21:25:43.560 Df ps2EntryRunner[8916:2e47fa] [com.apple.xpc:connection] [0x10a52aae0] activating connection: mach=true listener=false peer=false name=com.apple.cfprefsd.daemon
2026-09-19 21:25:43.560 Df ps2EntryRunner[8916:2e47ec] (libMobileGestalt.dylib) No persisted cache on this platform.
2026-09-19 21:25:43.561 Df ps2EntryRunner[8916:2e47fc] [com.apple.xpc:connection] [0x10a52f090] activating connection: mach=false listener=false peer=false name=(anonymous)
2026-09-19 21:25:43.562 A  ps2EntryRunner[8916:2e47fb] (CoreFoundation) Loading Preferences From User Session CFPrefsD
2026-09-19 21:25:43.564 Df ps2EntryRunner[8916:2e47fa] [com.apple.UIKit:BackgroundTask] Creating new assertion because there is no existing background assertion.
2026-09-19 21:25:43.564 Df ps2EntryRunner[8916:2e47fa] [com.apple.UIKit:BackgroundTask] Creating new background assertion
2026-09-19 21:25:43.564 Df ps2EntryRunner[8916:2e47fa] [com.apple.UIKit:BackgroundTask] Created new background assertion <BKSProcessAssertion: 0x10a51efa0>
2026-09-19 21:25:43.564 Df ps2EntryRunner[8916:2e47fa] [com.apple.runningboard:connection] Initializing connection
2026-09-19 21:25:43.564 Df ps2EntryRunner[8916:2e47fa] [com.apple.runningboard:process] Removing all cached process handles
2026-09-19 21:25:43.564 Df ps2EntryRunner[8916:2e47fb] [com.apple.runningboard:connection] Sending handshake request attempt #1 to server
2026-09-19 21:25:43.564 Df ps2EntryRunner[8916:2e47fb] [com.apple.runningboard:connection] Creating connection to com.apple.runningboard
2026-09-19 21:25:43.564 Df ps2EntryRunner[8916:2e47fb] [com.apple.xpc:connection] [0x10b19c280] activating connection: mach=true listener=false peer=false name=com.apple.runningboard
2026-09-19 21:25:43.565 Df ps2EntryRunner[8916:2e47ec] [com.apple.UIKit:Application] Deactivation reason added: 10; deactivation reasons: 0 -> 1024; animating application lifecycle event: 0
2026-09-19 21:25:43.565 Df ps2EntryRunner[8916:2e47ec] [com.apple.BoardServices:Injection] activating monitor for service com.apple.frontboard.open
2026-09-19 21:25:43.565 A  ps2EntryRunner[8916:2e47ff] (RunningBoardServices) didChangeInheritances
2026-09-19 21:25:43.565 Df ps2EntryRunner[8916:2e47ec] [com.apple.BoardServices:Injection] activating monitor for service com.apple.frontboard.workspace-service
2026-09-19 21:25:43.565 Df ps2EntryRunner[8916:2e47fb] [com.apple.runningboard:connection] Handshake succeeded
2026-09-19 21:25:43.565 Df ps2EntryRunner[8916:2e47fb] [com.apple.runningboard:connection] Identity resolved as app<org.ps2x.ps2entryrunner((null))>
2026-09-19 21:25:43.566 Df ps2EntryRunner[8916:2e47fa] [com.apple.UIKit:BackgroundTask] Incrementing reference count for background assertion <BKSProcessAssertion: 0x10a51efa0>
2026-09-19 21:25:43.566 Df ps2EntryRunner[8916:2e47fa] [com.apple.UIKit:BackgroundTask] Created background task <_UIBackgroundTaskInfo: 0x10b0b4900>: taskID = 1, taskName = Launch Background Task for Coalescing, creationTime = 79557 (elapsed = 0).
2026-09-19 21:25:43.567 Df ps2EntryRunner[8916:2e47ec] [com.apple.FrontBoard:Common] FBSWorkspace registering source: com.apple.frontboard.systemappservices
2026-09-19 21:25:43.567 Df ps2EntryRunner[8916:2e47fa] [com.apple.FrontBoard:SceneExtension] Realizing settings extension _UIApplicationSceneKeyboardSettings on FBSSceneSettings
2026-09-19 21:25:43.567 Df ps2EntryRunner[8916:2e47ec] [com.apple.FrontBoard:Common] FBSWorkspace connected to endpoint : <BSServiceConnectionEndpoint: 0x10b10c7c0; target: com.apple.frontboard.systemappservices; service: com.apple.frontboard.workspace-service>
2026-09-19 21:25:43.567 Df ps2EntryRunner[8916:2e47ec] [com.apple.FrontBoard:Common] <FBSWorkspaceScenesClient:0x10b0dd2c0 com.apple.frontboard.systemappservices> attempting immediate handshake from activate
2026-09-19 21:25:43.567 Df ps2EntryRunner[8916:2e47ec] [com.apple.FrontBoard:Common] <FBSWorkspaceScenesClient:0x10b0dd2c0 com.apple.frontboard.systemappservices> sent handshake
2026-09-19 21:25:43.567 Df ps2EntryRunner[8916:2e47ec] [com.apple.runningboard:general] Added observer for process assertions expiration warning: <_RBSExpirationWarningClient: 0x10b10cea0>
2026-09-19 21:25:43.567 Df ps2EntryRunner[8916:2e47fa] [com.apple.FrontBoard:SceneExtension] Realizing settings extension <_UISceneOcclusionSettings> on FBSSceneSettings
2026-09-19 21:25:43.568 Df ps2EntryRunner[8916:2e47fa] [com.apple.FrontBoard:SceneExtension] Realizing settings extension <_UISceneInterfaceProtectionSettings> on FBSSceneSettings
2026-09-19 21:25:43.568 Df ps2EntryRunner[8916:2e47fa] [com.apple.FrontBoard:SceneExtension] Realizing settings extension <_UISceneDestructionClientSettings> on FBSSceneClientSettings
2026-09-19 21:25:43.568 Df ps2EntryRunner[8916:2e47fa] [com.apple.FrontBoard:SceneExtension] Realizing settings extension _UISceneLayoutPreferencesHostSettingsExtension on FBSSceneSettings
2026-09-19 21:25:43.571 Df ps2EntryRunner[8916:2e47fa] [com.apple.FrontBoard:SceneExtension] Realizing settings extension _UISceneSafeAreaSettingsExtension on FBSSceneSettings
2026-09-19 21:25:43.571 Df ps2EntryRunner[8916:2e47fa] [com.apple.FrontBoard:SceneExtension] Realizing settings extension _UISceneBarPositionSettingsExtension on FBSSceneSettings
2026-09-19 21:25:43.571 Df ps2EntryRunner[8916:2e47fa] [com.apple.FrontBoard:SceneExtension] Realizing settings extension _UISceneLayoutPreferenceClientSettingsExtension on FBSSceneClientSettings
2026-09-19 21:25:43.571 Df ps2EntryRunner[8916:2e47fa] [com.apple.FrontBoard:SceneExtension] Realizing settings extension <_UIHomeAffordanceHostSceneSettings> on FBSSceneSettings
2026-09-19 21:25:43.572 Df ps2EntryRunner[8916:2e47fa] [com.apple.FrontBoard:SceneExtension] Realizing settings extension _UISystemShellSceneHostingEnvironmentSettings on FBSSceneSettings
2026-09-19 21:25:43.572 Df ps2EntryRunner[8916:2e47fa] [com.apple.FrontBoard:SceneExtension] Realizing settings extension _UISceneRenderingEnvironmentSettings on FBSSceneSettings
2026-09-19 21:25:43.572 Df ps2EntryRunner[8916:2e47fa] [com.apple.FrontBoard:SceneExtension] Realizing settings extension _UISceneRenderingEnvironmentClientSettings on FBSSceneClientSettings
2026-09-19 21:25:43.572 Df ps2EntryRunner[8916:2e47fa] [com.apple.FrontBoard:SceneExtension] Realizing settings extension <_UISceneTransitioningHostSettings> on FBSSceneSettings
2026-09-19 21:25:43.572 Df ps2EntryRunner[8916:2e47fa] [com.apple.FrontBoard:SceneExtension] Realizing settings extension <_UISceneActivationInteractionSettings> on FBSSceneSettings
2026-09-19 21:25:43.572 Df ps2EntryRunner[8916:2e47fa] [com.apple.FrontBoard:SceneExtension] Realizing settings extension <_UISceneFocusSystemSettings> on FBSSceneSettings
2026-09-19 21:25:43.572 Df ps2EntryRunner[8916:2e47fa] [com.apple.FrontBoard:SceneExtension] Realizing settings extension _UISceneOrientationSettingsExtension on FBSSceneSettings
2026-09-19 21:25:43.572 Df ps2EntryRunner[8916:2e47fa] [com.apple.FrontBoard:SceneExtension] Realizing settings extension _UISceneOrientationClientSettingsExtension on FBSSceneClientSettings
2026-09-19 21:25:43.572 Df ps2EntryRunner[8916:2e47fa] [com.apple.FrontBoard:SceneExtension] Realizing settings extension _UISceneRegionSettings on FBSSceneSettings
2026-09-19 21:25:43.573 Df ps2EntryRunner[8916:2e47fa] [com.apple.FrontBoard:SceneExtension] Realizing settings extension _UISceneWindowingControlClientSettings on FBSSceneClientSettings
2026-09-19 21:25:43.573 Df ps2EntryRunner[8916:2e47fa] [com.apple.FrontBoard:SceneExtension] Realizing settings extension <_UICompanionSceneInterestClientSettings> on FBSSceneClientSettings
2026-09-19 21:25:43.573 Df ps2EntryRunner[8916:2e47fa] [com.apple.FrontBoard:SceneExtension] Realizing settings extension <_UIResourceConditionsSceneSettings> on FBSSceneSettings
2026-09-19 21:25:43.577 Df ps2EntryRunner[8916:2e47fa] [com.apple.FrontBoard:SceneExtension] Realizing settings extension _UIKeyboardInputScenePairingSettings on FBSSceneSettings
2026-09-19 21:25:43.577 Df ps2EntryRunner[8916:2e47fa] [com.apple.FrontBoard:SceneExtension] Realizing settings extension <_UISceneHostingContentSizePreferenceClientSettings> on FBSSceneClientSettings
2026-09-19 21:25:43.577 Df ps2EntryRunner[8916:2e47fa] [com.apple.FrontBoard:SceneExtension] Realizing settings extension _UISceneHostingTraitCollectionPropagationSettings on FBSSceneSettings
2026-09-19 21:25:43.577 Df ps2EntryRunner[8916:2e47fa] [com.apple.FrontBoard:SceneExtension] Realizing settings extension <_UISceneHostingSheetPresentationSettings> on FBSSceneSettings
2026-09-19 21:25:43.577 Df ps2EntryRunner[8916:2e47fa] [com.apple.FrontBoard:SceneExtension] Realizing settings extension <_UISceneHostingSheetPresentationClientSettings> on FBSSceneClientSettings
2026-09-19 21:25:43.577 Df ps2EntryRunner[8916:2e47fa] [com.apple.FrontBoard:SceneExtension] Realizing settings extension <UIKit__UITypedKeyValueSceneSettings> on FBSSceneSettings
2026-09-19 21:25:43.577 Df ps2EntryRunner[8916:2e47fa] [com.apple.FrontBoard:SceneExtension] Realizing settings extension <UIKit__UITypedKeyValueSceneSettings> on FBSSceneClientSettings
2026-09-19 21:25:43.577 Df ps2EntryRunner[8916:2e47fa] [com.apple.FrontBoard:SceneExtension] Realizing settings extension <_UISceneHostingViewControllerPreferencePropagationClientSettings> on FBSSceneClientSettings
2026-09-19 21:25:43.578 Df ps2EntryRunner[8916:2e47fa] [com.apple.FrontBoard:SceneExtension] Realizing settings extension <_UISceneZoomTransitionSettings> on FBSSceneSettings
2026-09-19 21:25:43.578 Df ps2EntryRunner[8916:2e4803] [com.apple.FrontBoard:SceneExtension] Realizing settings extension FBSSceneSettingsCore on FBSSceneSettings
2026-09-19 21:25:43.582 Df ps2EntryRunner[8916:2e4803] [com.apple.FrontBoard:SceneExtension] Realizing settings extension FBSSceneClientSettingsCore on FBSSceneClientSettings
2026-09-19 21:25:43.585 Df ps2EntryRunner[8916:2e47ec] [com.apple.dt.xctest:Default] Registering for test daemon availability notify post.
2026-09-19 21:25:43.585 Df ps2EntryRunner[8916:2e47ec] [com.apple.dt.xctest:Default] notify_get_state check indicated test daemon not ready.
2026-09-19 21:25:43.585 Df ps2EntryRunner[8916:2e47ec] [com.apple.dt.xctest:Default] notify_get_state check indicated test daemon not ready.
2026-09-19 21:25:43.585 Df ps2EntryRunner[8916:2e47ec] [com.apple.dt.xctest:Default] notify_get_state check indicated test daemon not ready.
2026-09-19 21:25:43.586 Df ps2EntryRunner[8916:2e47ec] [com.apple.UIKit:Application] Deactivation reason added: 11; deactivation reasons: 1024 -> 3072; animating application lifecycle event: 0
2026-09-19 21:25:43.591 Df ps2EntryRunner[8916:2e4803] [com.apple.FrontBoard:SceneExtension] UIMutableApplicationSceneSettings setting counterpart class: UIApplicationSceneSettings
2026-09-19 21:25:43.591 Df ps2EntryRunner[8916:2e4803] [com.apple.FrontBoard:SceneExtension] UIMutableApplicationSceneClientSettings setting counterpart class: UIApplicationSceneClientSettings
2026-09-19 21:25:43.591 Df ps2EntryRunner[8916:2e4803] [com.apple.FrontBoard:SceneExtension] Realizing settings extension FBSSceneTransitionContextCore on FBSSceneTransitionContext
2026-09-19 21:25:43.595 Df ps2EntryRunner[8916:2e47ec] [com.apple.UIKit:UIScreen] Evaluated capturing state as 0 on <UIScreen: 0x10b19c500> for initial
2026-09-19 21:25:43.595 Df ps2EntryRunner[8916:2e47ec] [com.apple.UIKit:UIScreen] Evaluated capturing state as 0 on <UIScreen: 0x10b19c500> for CADisplay KVO
2026-09-19 21:25:43.596 Df ps2EntryRunner[8916:2e47ec] [com.apple.Accessibility:AXSupportCommon] Read CategoryName: per-app = 1, category name = (null)
2026-09-19 21:25:43.596 Df ps2EntryRunner[8916:2e47ec] [com.apple.Accessibility:AXSupportCommon] Read CategoryName: per-app = 0, category name = (null)
2026-09-19 21:25:43.600 E  ps2EntryRunner[8916:2e47ec] [com.apple.UIKit:Assert] -[UIApplication statusBarOrientation] API has been deprecated and is a no-op on 27.0 and later.
2026-09-19 21:25:43.600 E  ps2EntryRunner[8916:2e47ec] [com.apple.UIKit:Assert] -[UIApplication statusBarOrientation] API has been deprecated and is a no-op on 27.0 and later.
2026-09-19 21:25:43.604 E  ps2EntryRunner[8916:2e47ec] [com.apple.coreui:framework] CoreUI: -[CUICatalog initWithName:fromBundle:error:] unable to find a bundle 'NSBundle </Users/bradrichardson/Library/Developer/CoreSimulator/Devices/4DE6C37C-77EF-45AE-827E-26286E68D022/data/Containers/Bundle/Application/DDA5DF4C-E16B-4724-BAD7-238F3495EA57/ps2EntryRunner.app> (loaded)' with identifier 'org.ps2x.ps2entryrunner'
2026-09-19 21:25:43.604 F  ps2EntryRunner[8916:2e47ec] [com.apple.coreui:framework] CoreUI: -[CUICatalog initWithName:fromBundle:error:] unable to find a bundle 'NSBundle </Users/bradrichardson/Library/Developer/CoreSimulator/Devices/4DE6C37C-77EF-45AE-827E-26286E68D022/data/Containers/Bundle/Application/DDA5DF4C-E16B-4724-BAD7-238F3495EA57/ps2EntryRunner.app> (loaded)' with identifier 'org.ps2x.ps2entryrunner'
2026-09-19 21:25:43.604 A  ps2EntryRunner[8916:2e47ec] (libsystem_trace.dylib) Activity for state dumps
2026-09-19 21:25:43.604 Df ps2EntryRunner[8916:2e47ec] [com.apple.UIKit:AssetManager] Could not load asset catalog from bundle NSBundle </Users/bradrichardson/Library/Developer/CoreSimulator/Devices/4DE6C37C-77EF-45AE-827E-26286E68D022/data/Containers/Bundle/Application/DDA5DF4C-E16B-4724-BAD7-238F3495EA57/ps2EntryRunner.app> (loaded): Error Domain=NSCocoaErrorDomain Code=260 "RunTimeThemeRefForBundleIdentifierAndName() couldn't find Assets.car in bundle with identifier: org.ps2x.ps2entryrunner" UserInfo={NSLocalizedDescription=RunTimeThemeRefForBundleIdentifierAndName() couldn't find Assets.car in bundle with identifier: org.ps2x.ps2entryrunner}
2026-09-19 21:25:43.606 Df ps2EntryRunner[8916:2e47ec] [com.apple.UIKit:Application] Deactivation reason removed: 10; deactivation reasons: 3072 -> 2048; animating application lifecycle event: 0
2026-09-19 21:25:43.625 Df ps2EntryRunner[8916:2e47ec] [com.apple.xpc:connection] [0x10b19ca00] activating connection: mach=true listener=false peer=false name=com.apple.lsd.mapdb
2026-09-19 21:25:43.650 Df ps2EntryRunner[8916:2e4803] [com.apple.xpc:connection] [0x10b19cb40] activating connection: mach=true listener=false peer=false name=com.apple.fontservicesd
2026-09-19 21:25:43.670 Df ps2EntryRunner[8916:2e47ec] [com.apple.xpc:connection] [0x10b19cdc0] activating connection: mach=false listener=false peer=false name=(anonymous)
2026-09-19 21:25:43.671 Df ps2EntryRunner[8916:2e4803] [com.apple.BackBoard:EventDelivery] BKSHIDEventDeliveryManager - connection activation
2026-09-19 21:25:43.683 Df ps2EntryRunner[8916:2e47ec] [com.apple.app_launch_measurement:ApplicationLaunch] alm_acquire_pageins_recording_assertion: acquired pageins recording assertion!
2026-09-19 21:25:43.684 Df ps2EntryRunner[8916:2e47ec] [com.apple.UIKit:BackgroundTask] Will add backgroundTask with taskName: Persistent SceneSession Map Update, expirationHandler: <__NSGlobalBlock__: 0x222a2e0c0>
2026-09-19 21:25:43.684 Df ps2EntryRunner[8916:2e47ec] [com.apple.UIKit:BackgroundTask] Reusing background assertion <BKSProcessAssertion: 0x10a51efa0>
2026-09-19 21:25:43.684 Df ps2EntryRunner[8916:2e47ec] [com.apple.UIKit:BackgroundTask] Incrementing reference count for background assertion <BKSProcessAssertion: 0x10a51efa0>
2026-09-19 21:25:43.684 Df ps2EntryRunner[8916:2e47ec] [com.apple.UIKit:BackgroundTask] Created background task <_UIBackgroundTaskInfo: 0x10b2322c0>: taskID = 2, taskName = Persistent SceneSession Map Update, creationTime = 79557 (elapsed = 0).
2026-09-19 21:25:43.685 Df ps2EntryRunner[8916:2e47ec] [com.apple.UIKit:Application] Deactivation reason added: 5; deactivation reasons: 2048 -> 2080; animating application lifecycle event: 1
2026-09-19 21:25:43.685 Df ps2EntryRunner[8916:2e47ec] [com.apple.UIKit:InterfaceStyle] Should send trait collection or coordinate space update, interface style 1 -> 1, <UIWindowScene: 0x10b214000> (FD961832-7649-413D-9DC8-3FD94C92F717)
2026-09-19 21:25:43.687 Df ps2EntryRunner[8916:2e47ec] [com.apple.UIKit:InterfaceStyle] Not push traits update to screen for new style 1, <UIWindowScene: 0x10b214000> (FD961832-7649-413D-9DC8-3FD94C92F717)
2026-09-19 21:25:43.687 Df ps2EntryRunner[8916:2e47ec] [com.apple.UIKit:HomeAffordanceObservation] Initializing: <_UIHomeAffordanceSceneNotifier: 0x10b235500>; with scene: <UIWindowScene: 0x10b214000>
2026-09-19 21:25:43.688 Df ps2EntryRunner[8916:2e47ec] [com.apple.BacklightServices:scenes] 0x10b02c660 setDelegate:<0x10b02d8c0 _UIBacklightEnvironment> hasDelegate:YES for environment:sceneID:org.ps2x.ps2entryrunner-default
2026-09-19 21:25:43.688 Df ps2EntryRunner[8916:2e47ec] [com.apple.UIKit:InterfaceStyle] Not push traits update to screen for new style 1, <UIWindowScene: 0x10b214000> (FD961832-7649-413D-9DC8-3FD94C92F717)
2026-09-19 21:25:43.688 Df ps2EntryRunner[8916:2e47ec] [com.apple.UIKit:EventDeferring] [0x10b29b380] Initialized with scene: <UIWindowScene: 0x10b214000>; behavior: <_UIEventDeferringBehavior_iOS: 0x10b28ff00>; availableForProcess: 1, systemShellManagesKeyboardFocus: 1
2026-09-19 21:25:43.697 Df ps2EntryRunner[8916:2e47ec] [com.apple.GenerativeModels:availability] UserDefaults(com.apple.gms.availability, 501
2026-09-19 21:25:43.715 Df ps2EntryRunner[8916:2e47ec] [com.apple.GenerativeModels:availability] registering darwin observer for name: com.apple.gms.availability.notification
2026-09-19 21:25:43.715 Df ps2EntryRunner[8916:2e47ec] [com.apple.GenerativeModels:availability] registering darwin observer for name: com.apple.os-eligibility-domain.change.greymatter
2026-09-19 21:25:43.715 Df ps2EntryRunner[8916:2e47ec] [com.apple.GenerativeModels:availability] registering darwin observer for name: com.apple.language.changed
2026-09-19 21:25:43.715 Df ps2EntryRunner[8916:2e47ec] [com.apple.UIKit:InterfaceStyle] Not push traits update to screen for new style 1, <UIWindowScene: 0x10b214000> (FD961832-7649-413D-9DC8-3FD94C92F717)
2026-09-19 21:25:43.715 Df ps2EntryRunner[8916:2e47ec] [com.apple.BackBoard:EventDelivery] policy observer <BKSHIDEventDeliveryPolicyObserver: 0x10b2357a0; process scope; policy: UNKNOWN> added
2026-09-19 21:25:43.715 Df ps2EntryRunner[8916:2e47ec] [com.apple.BackBoard:EventDelivery] [BKSHIDEventObserver] set observing:YES
2026-09-19 21:25:43.716 Df ps2EntryRunner[8916:2e4803] [com.apple.BackBoard:EventDelivery] [BKSHIDEventObserver] - connection activation
2026-09-19 21:25:43.716 Df ps2EntryRunner[8916:2e4803] [com.apple.BackBoard:EventDelivery] will update observations for 0 observers
2026-09-19 21:25:43.716 Df ps2EntryRunner[8916:2e47ec] [com.apple.BackBoard:EventDelivery] policyStatus:<BKSHIDEventDeliveryPolicyObserver: 0x10b2357a0; process scope; <none; generation: 0>> was:(null)
2026-09-19 21:25:43.716 Df ps2EntryRunner[8916:2e47ec] [com.apple.BackBoard:EventDelivery] [BKSHIDEventObserver] 0x10b2357a0 _UIKeyWindowSceneObserver-0x10b02dbc0 setToken:com.apple.frontboard.systemappservices/FBSceneManager:sceneID%3Aorg.ps2x.ps2entryrunner-default
2026-09-19 21:25:43.716 Df ps2EntryRunner[8916:2e47ec] [com.apple.UIKit:KeyWindow] Setting default evaluation strategy for UIUserInterfaceIdiomPhone to LastOneWins
2026-09-19 21:25:43.716 Df ps2EntryRunner[8916:2e47ec] [com.apple.UIKit:InterfaceStyle] Not push traits update to screen for new style 1, <UIWindowScene: 0x10b214000> (FD961832-7649-413D-9DC8-3FD94C92F717)
2026-09-19 21:25:43.716 Df ps2EntryRunner[8916:2e47ec] [com.apple.UIKit:InterfaceStyle] Not push traits update to screen for new style 1, <UIWindowScene: 0x10b214000> (FD961832-7649-413D-9DC8-3FD94C92F717)
2026-09-19 21:25:43.716 Df ps2EntryRunner[8916:2e47ec] [com.apple.BackBoard:EventDelivery] policy observer <BKSHIDEventDeliveryPolicyObserver: 0x10b234000; process scope; policy: UNKNOWN> added
2026-09-19 21:25:43.716 Df ps2EntryRunner[8916:2e47ec] [com.apple.BackBoard:EventDelivery] [BKSHIDEventObserver] set observing:YES
2026-09-19 21:25:43.716 Df ps2EntryRunner[8916:2e47ec] [com.apple.BackBoard:EventDelivery] policyStatus:<BKSHIDEventDeliveryPolicyObserver: 0x10b234000; process scope; <none; generation: 0>> was:(null)
2026-09-19 21:25:43.716 Df ps2EntryRunner[8916:2e47ec] [com.apple.BackBoard:EventDelivery] [BKSHIDEventObserver] 0x10b234000  setToken:com.apple.frontboard.systemappservices/FBSceneManager:sceneID%3Aorg.ps2x.ps2entryrunner-default
2026-09-19 21:25:43.716 Df ps2EntryRunner[8916:2e4803] [com.apple.BackBoard:EventDelivery] will update observations for 0 observers
2026-09-19 21:25:43.716 Df ps2EntryRunner[8916:2e47ec] [com.apple.UIKit:KeyboardFocusAssistant] Event deferring policy changed: finalScene:N->N (token: com.apple.frontboard.systemappservices/FBSceneManager:sceneID%3Aorg.ps2x.ps2entryrunner-default)
2026-09-19 21:25:43.716 Df ps2EntryRunner[8916:2e47ec] [com.apple.UIKit:InterfaceStyle] Not push traits update to screen for new style 1, <UIWindowScene: 0x10b214000> (FD961832-7649-413D-9DC8-3FD94C92F717)
2026-09-19 21:25:43.717 Df ps2EntryRunner[8916:2e47ec] [com.apple.UIKit:InterfaceStyle] Not push traits update to screen for new style 1, <UIWindowScene: 0x10b214000> (FD961832-7649-413D-9DC8-3FD94C92F717)
2026-09-19 21:25:43.717 Df ps2EntryRunner[8916:2e47ec] [com.apple.UIKit:InterfaceStyle] Not push traits update to screen for new style 1, <UIWindowScene: 0x10b214000> (FD961832-7649-413D-9DC8-3FD94C92F717)
2026-09-19 21:25:43.717 Df ps2EntryRunner[8916:2e47ec] [com.apple.UIKit:InterfaceStyle] Not push traits update to screen for new style 1, <UIWindowScene: 0x10b214000> (FD961832-7649-413D-9DC8-3FD94C92F717)
2026-09-19 21:25:43.717 Df ps2EntryRunner[8916:2e47ec] [com.apple.UIKit:InterfaceStyle] Not push traits update to screen for new style 1, <UIWindowScene: 0x10b214000> (FD961832-7649-413D-9DC8-3FD94C92F717)
2026-09-19 21:25:43.717 Df ps2EntryRunner[8916:2e47ec] [com.apple.UIKit:InterfaceStyle] Not push traits update to screen for new style 1, <UIWindowScene: 0x10b214000> (FD961832-7649-413D-9DC8-3FD94C92F717)
2026-09-19 21:25:43.717 Df ps2EntryRunner[8916:2e47ec] [com.apple.UIKit:InterfaceStyle] Not push traits update to screen for new style 1, <UIWindowScene: 0x10b214000> (FD961832-7649-413D-9DC8-3FD94C92F717)
2026-09-19 21:25:43.717 Df ps2EntryRunner[8916:2e47ec] [com.apple.UIKit:KeyboardScene] Requesting keyboard scene for (FBSceneManager):sceneID:org.ps2x.ps2entryrunner-default
2026-09-19 21:25:43.717 Df ps2EntryRunner[8916:2e47ec] [com.apple.xpc:connection] [0x10b19fac0] activating connection: mach=false listener=false peer=false name=(anonymous)
2026-09-19 21:25:43.717 Df ps2EntryRunner[8916:2e47ec] [com.apple.FrontBoard:Common] FBSWorkspace registering source: com.apple.UIKit.KeyboardManagement.hosted
2026-09-19 21:25:43.717 Df ps2EntryRunner[8916:2e47ec] [com.apple.FrontBoard:Common] FBSWorkspace connected to endpoint : <BSServiceConnectionEndpoint: 0x10b10d800; target: NL:com.apple.UIKit.KeyboardManagement.hosted; service: com.apple.frontboard.workspace-service>
2026-09-19 21:25:43.720 Df ps2EntryRunner[8916:2e47ec] [com.apple.UIKit:InterfaceStyle] Not push traits update to screen for new style 1, <UIWindowScene: 0x10b214000> (FD961832-7649-413D-9DC8-3FD94C92F717)
2026-09-19 21:25:43.721 A  ps2EntryRunner[8916:2e4803] (RunningBoardServices) didChangeInheritances
2026-09-19 21:25:43.722 Df ps2EntryRunner[8916:2e47fe] [com.apple.FrontBoard:Common] <FBSWorkspaceScenesClient:0x10b0df020 com.apple.UIKit.KeyboardManagement.hosted> attempting delayed handshake from activation handler
2026-09-19 21:25:43.722 Df ps2EntryRunner[8916:2e47fe] [com.apple.FrontBoard:Common] <FBSWorkspaceScenesClient:0x10b0df020 com.apple.UIKit.KeyboardManagement.hosted> sent handshake
2026-09-19 21:25:43.723 Df ps2EntryRunner[8916:2e47ec] [com.apple.UIKit:AppLifecycle] sceneOfRecord: sceneID: sceneID:org.ps2x.ps2entryrunner-default  persistentID: FD961832-7649-413D-9DC8-3FD94C92F717
2026-09-19 21:25:43.723 Df ps2EntryRunner[8916:2e47ec] [com.apple.UIKit:Application] Ignoring already applied deactivation reason: 5; deactivation reasons: 2080
2026-09-19 21:25:43.723 Df ps2EntryRunner[8916:2e47ec] [com.apple.UIKit:Application] Deactivation reason added: 12; deactivation reasons: 2080 -> 6176; animating application lifecycle event: 1
2026-09-19 21:25:43.723 Df ps2EntryRunner[8916:2e47ec] [com.apple.UIKit:Application] Deactivation reason removed: 11; deactivation reasons: 6176 -> 4128; animating application lifecycle event: 1
2026-09-19 21:25:43.723 Df ps2EntryRunner[8916:2e47ec] [com.apple.FrontBoard:SceneExtension] Realizing settings extension <_UISceneIntelligenceSupportSettings> on FBSSceneSettings
2026-09-19 21:25:43.725 Df ps2EntryRunner[8916:2e47ec] [com.apple.UIKit:InterfaceStyle] Not push traits update to screen for new style 1, <UIWindowScene: 0x10b214000> (FD961832-7649-413D-9DC8-3FD94C92F717)
2026-09-19 21:25:43.725 Df ps2EntryRunner[8916:2e47ec] [com.apple.FrontBoard:SceneExtension] Ingesting properties from UIApplicationSceneSettings...
2026-09-19 21:25:43.726 Df ps2EntryRunner[8916:2e47ec] [com.apple.FrontBoard:SceneExtension] Realizing settings extension <UIApplicationSceneSettings[derived]> on FBSSceneSettings
2026-09-19 21:25:43.726 Df ps2EntryRunner[8916:2e47ec] [com.apple.UIKit:ScenePostSettingsUpdateResponse] <_UIScenePostSettingsUpdateResponseComponent: 0x10b3e0630>: Scheduling <_UIScenePostSettingsUpdateWindowLayout: 0x10b21d890>
2026-09-19 21:25:43.728 Df ps2EntryRunner[8916:2e47fe] [com.apple.UIIntelligenceSupport:xpc] establishing connection to agent
2026-09-19 21:25:43.728 Df ps2EntryRunner[8916:2e47ec] [com.apple.UIKit:ScenePostSettingsUpdateResponse] <_UIScenePostSettingsUpdateResponseComponent: 0x10b3e0630>: Reducing <_UIScenePostSettingsUpdateWindowLayout: 0x10b21d630> into <_UIScenePostSettingsUpdateWindowLayout: 0x10b21d890>
2026-09-19 21:25:43.728 Df ps2EntryRunner[8916:2e47fe] [com.apple.xpc:session] [0x10b1b53b0] Session created.
2026-09-19 21:25:43.728 Df ps2EntryRunner[8916:2e47fe] [com.apple.xpc:session] [0x10b1b53b0] Session created from connection [0x10b3dcb40]
2026-09-19 21:25:43.728 Df ps2EntryRunner[8916:2e47fe] [com.apple.xpc:connection] [0x10b3dcb40] activating connection: mach=true listener=false peer=false name=com.apple.uiintelligencesupport.agent
2026-09-19 21:25:43.728 Df ps2EntryRunner[8916:2e47ec] [com.apple.UIKit:InterfaceStyle] Not push traits update to screen for new style 1, <UIWindowScene: 0x10b214000> (FD961832-7649-413D-9DC8-3FD94C92F717)
2026-09-19 21:25:43.728 Df ps2EntryRunner[8916:2e47fe] [com.apple.xpc:session] [0x10b1b53b0] Session activated
2026-09-19 21:25:43.729 Df ps2EntryRunner[8916:2e47ec] [com.apple.UIKit:InterfaceStyle] Not push traits update to screen for new style 1, <UIWindowScene: 0x10b214000> (FD961832-7649-413D-9DC8-3FD94C92F717)
2026-09-19 21:25:43.729 Df ps2EntryRunner[8916:2e47fb] [com.apple.FrontBoard:SceneExtension] Realizing settings extension <_UIKeyboardInputSceneSettings> on FBSSceneSettings
2026-09-19 21:25:43.733 Df ps2EntryRunner[8916:2e47fb] [com.apple.FrontBoard:SceneExtension] Realizing settings extension <_UIKeyboardInputSceneClientSettings> on FBSSceneClientSettings
2026-09-19 21:25:43.736 Df ps2EntryRunner[8916:2e47ec] [com.apple.network:activity] Create activity from XPC object <nw_activity 50:1 [D4D2CDA8-B2F0-49B9-A642-4E2F697B9371] (reporting strategy default)>
2026-09-19 21:25:43.736 Df ps2EntryRunner[8916:2e47ec] [com.apple.network:activity] Create activity from XPC object <nw_activity 50:2 [BE1E5C05-29DA-49D3-9EFA-FB5C6DB8677F] (reporting strategy default)>
2026-09-19 21:25:43.736 Df ps2EntryRunner[8916:2e47ec] [com.apple.network:activity] Set activity <nw_activity 50:1 [D4D2CDA8-B2F0-49B9-A642-4E2F697B9371] (reporting strategy default)> as the global parent
2026-09-19 21:25:43.736 Df ps2EntryRunner[8916:2e47ec] [com.apple.UIKit:BackgroundTask] Ending background task with UIBackgroundTaskIdentifier: 1
2026-09-19 21:25:43.736 Df ps2EntryRunner[8916:2e47ec] [com.apple.UIKit:BackgroundTask] Ending task with identifier 1 and description: <_UIBackgroundTaskInfo: 0x10b0b4900>: taskID = 1, taskName = Launch Background Task for Coalescing, creationTime = 79557 (elapsed = 0), _expireHandler: (null)
2026-09-19 21:25:43.736 Df ps2EntryRunner[8916:2e47ec] [com.apple.UIKit:BackgroundTask] Decrementing reference count for assertion <BKSProcessAssertion: 0x10a51efa0> (used by background task with identifier 1: <_UIBackgroundTaskInfo: 0x10b0b4900>: taskID = 1, taskName = Launch Background Task for Coalescing, creationTime = 79557 (elapsed = 0))
2026-09-19 21:25:43.737 Df ps2EntryRunner[8916:2e47ec] [com.apple.KeyboardArbiter:Client] applicationWillResume note:UIApplicationWillEnterForegroundNotification
2026-09-19 21:25:43.738 Df ps2EntryRunner[8916:2e47ec] [com.apple.KeyboardArbiter:Client] startConnection
2026-09-19 21:25:54.255 Df ps2EntryRunner[8981:0] [com.apple.libsystem.libdispatch:] BUG in libdispatch: 26A428 24A434 - 612 - 0x4
2026-09-19 21:25:54.255 Df ps2EntryRunner[8981:2e4b71] [com.apple.UIKit.tracing:UITraceManager] UITraceInitialize: registering notify listener
2026-09-19 21:25:54.256 Df ps2EntryRunner[8981:2e4b71] [com.apple.UIKit.tracing:UITraceManager] handle_trace_notification: received notify (state=0)
2026-09-19 21:25:54.257 Df ps2EntryRunner[8981:2e4b71] (libMobileGestalt.dylib) No persisted cache on this platform.
2026-09-19 21:25:54.258 Df ps2EntryRunner[8981:2e4b88] [com.apple.xpc:connection] [0x1087bd880] activating connection: mach=true listener=false peer=false name=com.apple.cfprefsd.daemon
2026-09-19 21:25:54.258 Df ps2EntryRunner[8981:2e4b8a] [com.apple.xpc:connection] [0x1087bea20] activating connection: mach=false listener=false peer=false name=(anonymous)
2026-09-19 21:25:54.260 Df ps2EntryRunner[8981:2e4b88] [com.apple.UIKit:BackgroundTask] Creating new assertion because there is no existing background assertion.
2026-09-19 21:25:54.260 Df ps2EntryRunner[8981:2e4b88] [com.apple.UIKit:BackgroundTask] Creating new background assertion
2026-09-19 21:25:54.260 Df ps2EntryRunner[8981:2e4b88] [com.apple.UIKit:BackgroundTask] Created new background assertion <BKSProcessAssertion: 0x1087bec20>
2026-09-19 21:25:54.260 Df ps2EntryRunner[8981:2e4b88] [com.apple.runningboard:connection] Initializing connection
2026-09-19 21:25:54.260 A  ps2EntryRunner[8981:2e4b89] (CoreFoundation) Loading Preferences From User Session CFPrefsD
2026-09-19 21:25:54.260 Df ps2EntryRunner[8981:2e4b88] [com.apple.runningboard:process] Removing all cached process handles
2026-09-19 21:25:54.260 Df ps2EntryRunner[8981:2e4b8b] [com.apple.runningboard:connection] Sending handshake request attempt #1 to server
2026-09-19 21:25:54.260 Df ps2EntryRunner[8981:2e4b8b] [com.apple.runningboard:connection] Creating connection to com.apple.runningboard
2026-09-19 21:25:54.260 Df ps2EntryRunner[8981:2e4b8b] [com.apple.xpc:connection] [0x1095c4280] activating connection: mach=true listener=false peer=false name=com.apple.runningboard
2026-09-19 21:25:54.260 Df ps2EntryRunner[8981:2e4b71] [com.apple.UIKit:Application] Deactivation reason added: 10; deactivation reasons: 0 -> 1024; animating application lifecycle event: 0
2026-09-19 21:25:54.260 Df ps2EntryRunner[8981:2e4b71] [com.apple.BoardServices:Injection] activating monitor for service com.apple.frontboard.open
2026-09-19 21:25:54.260 A  ps2EntryRunner[8981:2e4b8c] (RunningBoardServices) didChangeInheritances
2026-09-19 21:25:54.260 Df ps2EntryRunner[8981:2e4b71] [com.apple.BoardServices:Injection] activating monitor for service com.apple.frontboard.workspace-service
2026-09-19 21:25:54.261 Df ps2EntryRunner[8981:2e4b8b] [com.apple.runningboard:connection] Handshake succeeded
2026-09-19 21:25:54.261 Df ps2EntryRunner[8981:2e4b8b] [com.apple.runningboard:connection] Identity resolved as app<org.ps2x.ps2entryrunner((null))>
2026-09-19 21:25:54.261 Df ps2EntryRunner[8981:2e4b88] [com.apple.UIKit:BackgroundTask] Incrementing reference count for background assertion <BKSProcessAssertion: 0x1087bec20>
2026-09-19 21:25:54.261 Df ps2EntryRunner[8981:2e4b88] [com.apple.UIKit:BackgroundTask] Created background task <_UIBackgroundTaskInfo: 0x1094b4ec0>: taskID = 1, taskName = Launch Background Task for Coalescing, creationTime = 79568 (elapsed = 0).
2026-09-19 21:25:54.261 Df ps2EntryRunner[8981:2e4b88] [com.apple.FrontBoard:SceneExtension] Realizing settings extension _UIApplicationSceneKeyboardSettings on FBSSceneSettings
2026-09-19 21:25:54.261 Df ps2EntryRunner[8981:2e4b71] [com.apple.FrontBoard:Common] FBSWorkspace registering source: com.apple.frontboard.systemappservices
2026-09-19 21:25:54.261 Df ps2EntryRunner[8981:2e4b71] [com.apple.FrontBoard:Common] FBSWorkspace connected to endpoint : <BSServiceConnectionEndpoint: 0x1095108c0; target: com.apple.frontboard.systemappservices; service: com.apple.frontboard.workspace-service>
2026-09-19 21:25:54.262 Df ps2EntryRunner[8981:2e4b71] [com.apple.FrontBoard:Common] <FBSWorkspaceScenesClient:0x1094ddb80 com.apple.frontboard.systemappservices> attempting immediate handshake from activate
2026-09-19 21:25:54.262 Df ps2EntryRunner[8981:2e4b71] [com.apple.FrontBoard:Common] <FBSWorkspaceScenesClient:0x1094ddb80 com.apple.frontboard.systemappservices> sent handshake
2026-09-19 21:25:54.262 Df ps2EntryRunner[8981:2e4b88] [com.apple.FrontBoard:SceneExtension] Realizing settings extension <_UISceneOcclusionSettings> on FBSSceneSettings
2026-09-19 21:25:54.262 Df ps2EntryRunner[8981:2e4b88] [com.apple.FrontBoard:SceneExtension] Realizing settings extension <_UISceneInterfaceProtectionSettings> on FBSSceneSettings
2026-09-19 21:25:54.262 Df ps2EntryRunner[8981:2e4b71] [com.apple.runningboard:general] Added observer for process assertions expiration warning: <_RBSExpirationWarningClient: 0x109510f80>
2026-09-19 21:25:54.262 Df ps2EntryRunner[8981:2e4b88] [com.apple.FrontBoard:SceneExtension] Realizing settings extension <_UISceneDestructionClientSettings> on FBSSceneClientSettings
2026-09-19 21:25:54.262 Df ps2EntryRunner[8981:2e4b88] [com.apple.FrontBoard:SceneExtension] Realizing settings extension _UISceneLayoutPreferencesHostSettingsExtension on FBSSceneSettings
2026-09-19 21:25:54.262 Df ps2EntryRunner[8981:2e4b88] [com.apple.FrontBoard:SceneExtension] Realizing settings extension _UISceneSafeAreaSettingsExtension on FBSSceneSettings
2026-09-19 21:25:54.263 Df ps2EntryRunner[8981:2e4b88] [com.apple.FrontBoard:SceneExtension] Realizing settings extension _UISceneBarPositionSettingsExtension on FBSSceneSettings
2026-09-19 21:25:54.263 Df ps2EntryRunner[8981:2e4b88] [com.apple.FrontBoard:SceneExtension] Realizing settings extension _UISceneLayoutPreferenceClientSettingsExtension on FBSSceneClientSettings
2026-09-19 21:25:54.263 Df ps2EntryRunner[8981:2e4b88] [com.apple.FrontBoard:SceneExtension] Realizing settings extension <_UIHomeAffordanceHostSceneSettings> on FBSSceneSettings
2026-09-19 21:25:54.263 Df ps2EntryRunner[8981:2e4b88] [com.apple.FrontBoard:SceneExtension] Realizing settings extension _UISystemShellSceneHostingEnvironmentSettings on FBSSceneSettings
2026-09-19 21:25:54.263 Df ps2EntryRunner[8981:2e4b88] [com.apple.FrontBoard:SceneExtension] Realizing settings extension _UISceneRenderingEnvironmentSettings on FBSSceneSettings
2026-09-19 21:25:54.263 Df ps2EntryRunner[8981:2e4b88] [com.apple.FrontBoard:SceneExtension] Realizing settings extension _UISceneRenderingEnvironmentClientSettings on FBSSceneClientSettings
2026-09-19 21:25:54.263 Df ps2EntryRunner[8981:2e4b88] [com.apple.FrontBoard:SceneExtension] Realizing settings extension <_UISceneTransitioningHostSettings> on FBSSceneSettings
2026-09-19 21:25:54.263 Df ps2EntryRunner[8981:2e4b88] [com.apple.FrontBoard:SceneExtension] Realizing settings extension <_UISceneActivationInteractionSettings> on FBSSceneSettings
2026-09-19 21:25:54.264 Df ps2EntryRunner[8981:2e4b88] [com.apple.FrontBoard:SceneExtension] Realizing settings extension <_UISceneFocusSystemSettings> on FBSSceneSettings
2026-09-19 21:25:54.264 Df ps2EntryRunner[8981:2e4b88] [com.apple.FrontBoard:SceneExtension] Realizing settings extension _UISceneOrientationSettingsExtension on FBSSceneSettings
2026-09-19 21:25:54.264 Df ps2EntryRunner[8981:2e4b88] [com.apple.FrontBoard:SceneExtension] Realizing settings extension _UISceneOrientationClientSettingsExtension on FBSSceneClientSettings
2026-09-19 21:25:54.264 Df ps2EntryRunner[8981:2e4b88] [com.apple.FrontBoard:SceneExtension] Realizing settings extension _UISceneRegionSettings on FBSSceneSettings
2026-09-19 21:25:54.264 Df ps2EntryRunner[8981:2e4b88] [com.apple.FrontBoard:SceneExtension] Realizing settings extension _UISceneWindowingControlClientSettings on FBSSceneClientSettings
2026-09-19 21:25:54.264 Df ps2EntryRunner[8981:2e4b88] [com.apple.FrontBoard:SceneExtension] Realizing settings extension <_UICompanionSceneInterestClientSettings> on FBSSceneClientSettings
2026-09-19 21:25:54.264 Df ps2EntryRunner[8981:2e4b88] [com.apple.FrontBoard:SceneExtension] Realizing settings extension <_UIResourceConditionsSceneSettings> on FBSSceneSettings
2026-09-19 21:25:54.264 Df ps2EntryRunner[8981:2e4b88] [com.apple.FrontBoard:SceneExtension] Realizing settings extension _UIKeyboardInputScenePairingSettings on FBSSceneSettings
2026-09-19 21:25:54.265 Df ps2EntryRunner[8981:2e4b88] [com.apple.FrontBoard:SceneExtension] Realizing settings extension <_UISceneHostingContentSizePreferenceClientSettings> on FBSSceneClientSettings
2026-09-19 21:25:54.265 Df ps2EntryRunner[8981:2e4b88] [com.apple.FrontBoard:SceneExtension] Realizing settings extension _UISceneHostingTraitCollectionPropagationSettings on FBSSceneSettings
2026-09-19 21:25:54.265 Df ps2EntryRunner[8981:2e4b88] [com.apple.FrontBoard:SceneExtension] Realizing settings extension <_UISceneHostingSheetPresentationSettings> on FBSSceneSettings
2026-09-19 21:25:54.265 Df ps2EntryRunner[8981:2e4b88] [com.apple.FrontBoard:SceneExtension] Realizing settings extension <_UISceneHostingSheetPresentationClientSettings> on FBSSceneClientSettings
2026-09-19 21:25:54.265 Df ps2EntryRunner[8981:2e4b88] [com.apple.FrontBoard:SceneExtension] Realizing settings extension <UIKit__UITypedKeyValueSceneSettings> on FBSSceneSettings
2026-09-19 21:25:54.265 Df ps2EntryRunner[8981:2e4b88] [com.apple.FrontBoard:SceneExtension] Realizing settings extension <UIKit__UITypedKeyValueSceneSettings> on FBSSceneClientSettings
2026-09-19 21:25:54.265 Df ps2EntryRunner[8981:2e4b88] [com.apple.FrontBoard:SceneExtension] Realizing settings extension <_UISceneHostingViewControllerPreferencePropagationClientSettings> on FBSSceneClientSettings
2026-09-19 21:25:54.265 Df ps2EntryRunner[8981:2e4b88] [com.apple.FrontBoard:SceneExtension] Realizing settings extension <_UISceneZoomTransitionSettings> on FBSSceneSettings
2026-09-19 21:25:54.265 Df ps2EntryRunner[8981:2e4b8a] [com.apple.FrontBoard:SceneExtension] Realizing settings extension FBSSceneSettingsCore on FBSSceneSettings
2026-09-19 21:25:54.265 Df ps2EntryRunner[8981:2e4b71] [com.apple.dt.xctest:Default] Registering for test daemon availability notify post.
2026-09-19 21:25:54.266 Df ps2EntryRunner[8981:2e4b71] [com.apple.dt.xctest:Default] notify_get_state check indicated test daemon not ready.
2026-09-19 21:25:54.266 Df ps2EntryRunner[8981:2e4b71] [com.apple.dt.xctest:Default] notify_get_state check indicated test daemon not ready.
2026-09-19 21:25:54.266 Df ps2EntryRunner[8981:2e4b8a] [com.apple.FrontBoard:SceneExtension] Realizing settings extension FBSSceneClientSettingsCore on FBSSceneClientSettings
2026-09-19 21:25:54.266 Df ps2EntryRunner[8981:2e4b71] [com.apple.dt.xctest:Default] notify_get_state check indicated test daemon not ready.
2026-09-19 21:25:54.267 Df ps2EntryRunner[8981:2e4b71] [com.apple.UIKit:Application] Deactivation reason added: 11; deactivation reasons: 1024 -> 3072; animating application lifecycle event: 0
2026-09-19 21:25:54.267 Df ps2EntryRunner[8981:2e4b8a] [com.apple.FrontBoard:SceneExtension] UIMutableApplicationSceneSettings setting counterpart class: UIApplicationSceneSettings
2026-09-19 21:25:54.269 Df ps2EntryRunner[8981:2e4b8a] [com.apple.FrontBoard:SceneExtension] UIMutableApplicationSceneClientSettings setting counterpart class: UIApplicationSceneClientSettings
2026-09-19 21:25:54.269 Df ps2EntryRunner[8981:2e4b71] [com.apple.UIKit:UIScreen] Evaluated capturing state as 0 on <UIScreen: 0x1095c4500> for initial
2026-09-19 21:25:54.269 Df ps2EntryRunner[8981:2e4b8a] [com.apple.FrontBoard:SceneExtension] Realizing settings extension FBSSceneTransitionContextCore on FBSSceneTransitionContext
2026-09-19 21:25:54.269 Df ps2EntryRunner[8981:2e4b71] [com.apple.UIKit:UIScreen] Evaluated capturing state as 0 on <UIScreen: 0x1095c4500> for CADisplay KVO
2026-09-19 21:25:54.270 Df ps2EntryRunner[8981:2e4b71] [com.apple.Accessibility:AXSupportCommon] Read CategoryName: per-app = 1, category name = (null)
2026-09-19 21:25:54.270 Df ps2EntryRunner[8981:2e4b71] [com.apple.Accessibility:AXSupportCommon] Read CategoryName: per-app = 0, category name = (null)
2026-09-19 21:25:54.270 E  ps2EntryRunner[8981:2e4b71] [com.apple.UIKit:Assert] -[UIApplication statusBarOrientation] API has been deprecated and is a no-op on 27.0 and later.
2026-09-19 21:25:54.270 E  ps2EntryRunner[8981:2e4b71] [com.apple.UIKit:Assert] -[UIApplication statusBarOrientation] API has been deprecated and is a no-op on 27.0 and later.
2026-09-19 21:25:54.270 E  ps2EntryRunner[8981:2e4b71] [com.apple.coreui:framework] CoreUI: -[CUICatalog initWithName:fromBundle:error:] unable to find a bundle 'NSBundle </Users/bradrichardson/Library/Developer/CoreSimulator/Devices/4DE6C37C-77EF-45AE-827E-26286E68D022/data/Containers/Bundle/Application/DDA5DF4C-E16B-4724-BAD7-238F3495EA57/ps2EntryRunner.app> (loaded)' with identifier 'org.ps2x.ps2entryrunner'
2026-09-19 21:25:54.270 F  ps2EntryRunner[8981:2e4b71] [com.apple.coreui:framework] CoreUI: -[CUICatalog initWithName:fromBundle:error:] unable to find a bundle 'NSBundle </Users/bradrichardson/Library/Developer/CoreSimulator/Devices/4DE6C37C-77EF-45AE-827E-26286E68D022/data/Containers/Bundle/Application/DDA5DF4C-E16B-4724-BAD7-238F3495EA57/ps2EntryRunner.app> (loaded)' with identifier 'org.ps2x.ps2entryrunner'
2026-09-19 21:25:54.270 A  ps2EntryRunner[8981:2e4b71] (libsystem_trace.dylib) Activity for state dumps
2026-09-19 21:25:54.271 Df ps2EntryRunner[8981:2e4b71] [com.apple.UIKit:AssetManager] Could not load asset catalog from bundle NSBundle </Users/bradrichardson/Library/Developer/CoreSimulator/Devices/4DE6C37C-77EF-45AE-827E-26286E68D022/data/Containers/Bundle/Application/DDA5DF4C-E16B-4724-BAD7-238F3495EA57/ps2EntryRunner.app> (loaded): Error Domain=NSCocoaErrorDomain Code=260 "RunTimeThemeRefForBundleIdentifierAndName() couldn't find Assets.car in bundle with identifier: org.ps2x.ps2entryrunner" UserInfo={NSLocalizedDescription=RunTimeThemeRefForBundleIdentifierAndName() couldn't find Assets.car in bundle with identifier: org.ps2x.ps2entryrunner}
2026-09-19 21:25:54.271 Df ps2EntryRunner[8981:2e4b71] [com.apple.UIKit:Application] Deactivation reason removed: 10; deactivation reasons: 3072 -> 2048; animating application lifecycle event: 0
2026-09-19 21:25:54.273 Df ps2EntryRunner[8981:2e4b71] [com.apple.xpc:connection] [0x1095c4a00] activating connection: mach=true listener=false peer=false name=com.apple.lsd.mapdb
2026-09-19 21:25:54.276 Df ps2EntryRunner[8981:2e4b88] [com.apple.xpc:connection] [0x1095c4b40] activating connection: mach=true listener=false peer=false name=com.apple.fontservicesd
2026-09-19 21:25:54.282 Df ps2EntryRunner[8981:2e4b71] [com.apple.xpc:connection] [0x1095c4dc0] activating connection: mach=false listener=false peer=false name=(anonymous)
2026-09-19 21:25:54.282 Df ps2EntryRunner[8981:2e4b8c] [com.apple.BackBoard:EventDelivery] BKSHIDEventDeliveryManager - connection activation
2026-09-19 21:25:54.283 Df ps2EntryRunner[8981:2e4b71] [com.apple.app_launch_measurement:ApplicationLaunch] alm_acquire_pageins_recording_assertion: acquired pageins recording assertion!
2026-09-19 21:25:54.284 Df ps2EntryRunner[8981:2e4b71] [com.apple.UIKit:BackgroundTask] Will add backgroundTask with taskName: Persistent SceneSession Map Update, expirationHandler: <__NSGlobalBlock__: 0x222a2e0c0>
2026-09-19 21:25:54.284 Df ps2EntryRunner[8981:2e4b71] [com.apple.UIKit:BackgroundTask] Reusing background assertion <BKSProcessAssertion: 0x1087bec20>
2026-09-19 21:25:54.284 Df ps2EntryRunner[8981:2e4b71] [com.apple.UIKit:BackgroundTask] Incrementing reference count for background assertion <BKSProcessAssertion: 0x1087bec20>
2026-09-19 21:25:54.284 Df ps2EntryRunner[8981:2e4b71] [com.apple.UIKit:BackgroundTask] Created background task <_UIBackgroundTaskInfo: 0x109642240>: taskID = 2, taskName = Persistent SceneSession Map Update, creationTime = 79568 (elapsed = 0).
2026-09-19 21:25:54.284 Df ps2EntryRunner[8981:2e4b71] [com.apple.UIKit:Application] Deactivation reason added: 5; deactivation reasons: 2048 -> 2080; animating application lifecycle event: 1
2026-09-19 21:25:54.284 Df ps2EntryRunner[8981:2e4b71] [com.apple.UIKit:InterfaceStyle] Should send trait collection or coordinate space update, interface style 1 -> 1, <UIWindowScene: 0x109614780> (FD961832-7649-413D-9DC8-3FD94C92F717)
2026-09-19 21:25:54.285 Df ps2EntryRunner[8981:2e4b71] [com.apple.UIKit:InterfaceStyle] Not push traits update to screen for new style 1, <UIWindowScene: 0x109614780> (FD961832-7649-413D-9DC8-3FD94C92F717)
2026-09-19 21:25:54.285 Df ps2EntryRunner[8981:2e4b71] [com.apple.UIKit:HomeAffordanceObservation] Initializing: <_UIHomeAffordanceSceneNotifier: 0x109645500>; with scene: <UIWindowScene: 0x109614780>
2026-09-19 21:25:54.285 Df ps2EntryRunner[8981:2e4b71] [com.apple.BacklightServices:scenes] 0x10942ed90 setDelegate:<0x10942dec0 _UIBacklightEnvironment> hasDelegate:YES for environment:sceneID:org.ps2x.ps2entryrunner-default
2026-09-19 21:25:54.285 Df ps2EntryRunner[8981:2e4b71] [com.apple.UIKit:InterfaceStyle] Not push traits update to screen for new style 1, <UIWindowScene: 0x109614780> (FD961832-7649-413D-9DC8-3FD94C92F717)
2026-09-19 21:25:54.285 Df ps2EntryRunner[8981:2e4b71] [com.apple.UIKit:EventDeferring] [0x1096a3a80] Initialized with scene: <UIWindowScene: 0x109614780>; behavior: <_UIEventDeferringBehavior_iOS: 0x1095115e0>; availableForProcess: 1, systemShellManagesKeyboardFocus: 1
2026-09-19 21:25:54.286 Df ps2EntryRunner[8981:2e4b71] [com.apple.GenerativeModels:availability] UserDefaults(com.apple.gms.availability, 501
2026-09-19 21:25:54.289 Df ps2EntryRunner[8981:2e4b71] [com.apple.GenerativeModels:availability] registering darwin observer for name: com.apple.gms.availability.notification
2026-09-19 21:25:54.289 Df ps2EntryRunner[8981:2e4b71] [com.apple.GenerativeModels:availability] registering darwin observer for name: com.apple.os-eligibility-domain.change.greymatter
2026-09-19 21:25:54.289 Df ps2EntryRunner[8981:2e4b71] [com.apple.GenerativeModels:availability] registering darwin observer for name: com.apple.language.changed
2026-09-19 21:25:54.289 Df ps2EntryRunner[8981:2e4b71] [com.apple.UIKit:InterfaceStyle] Not push traits update to screen for new style 1, <UIWindowScene: 0x109614780> (FD961832-7649-413D-9DC8-3FD94C92F717)
2026-09-19 21:25:54.289 Df ps2EntryRunner[8981:2e4b71] [com.apple.BackBoard:EventDelivery] policy observer <BKSHIDEventDeliveryPolicyObserver: 0x1096457a0; process scope; policy: UNKNOWN> added
2026-09-19 21:25:54.289 Df ps2EntryRunner[8981:2e4b71] [com.apple.BackBoard:EventDelivery] [BKSHIDEventObserver] set observing:YES
2026-09-19 21:25:54.294 Df ps2EntryRunner[8981:2e4b8c] [com.apple.BackBoard:EventDelivery] [BKSHIDEventObserver] - connection activation
2026-09-19 21:25:54.294 Df ps2EntryRunner[8981:2e4b71] [com.apple.BackBoard:EventDelivery] policyStatus:<BKSHIDEventDeliveryPolicyObserver: 0x1096457a0; process scope; <target; generation: 119; finalStringToken>> was:(null)
2026-09-19 21:25:54.294 Df ps2EntryRunner[8981:2e4b71] [com.apple.BackBoard:EventDelivery] [BKSHIDEventObserver] 0x1096457a0 _UIKeyWindowSceneObserver-0x10942e190 setToken:com.apple.frontboard.systemappservices/FBSceneManager:sceneID%3Aorg.ps2x.ps2entryrunner-default
2026-09-19 21:25:54.294 Df ps2EntryRunner[8981:2e4b71] [com.apple.UIKit:KeyWindow] Setting default evaluation strategy for UIUserInterfaceIdiomPhone to LastOneWins
2026-09-19 21:25:54.294 Df ps2EntryRunner[8981:2e4b71] [com.apple.UIKit:KeyWindow] Scene target of keyboard event deferring environment did change: target=1; ancestor=0; scene: UIWindowScene: 0x109614780; scene identity: com.apple.frontboard.systemappservices/FBSceneManager:sceneID%3Aorg.ps2x.ps2entryrunner-default
2026-09-19 21:25:54.294 Df ps2EntryRunner[8981:2e4b8c] [com.apple.BackBoard:EventDelivery] will update observations for 0 observers
2026-09-19 21:25:54.294 Df ps2EntryRunner[8981:2e4b71] [com.apple.UIKit:EventDeferring] [0x1096a3a80] Scene target of event deferring environments did update: scene: 0x109614780; current systemShellManagesKeyboardFocus: 1; systemShellManagesKeyboardFocusForScene: 1; eligibleForRecordRemoval: 1;
2026-09-19 21:25:54.294 Df ps2EntryRunner[8981:2e4b71] [com.apple.UIKit:KeyWindow] Scene became target of keyboard event deferring environment: UIWindowScene: 0x109614780; scene identity: com.apple.frontboard.systemappservices/FBSceneManager:sceneID%3Aorg.ps2x.ps2entryrunner-default
2026-09-19 21:25:54.294 Df ps2EntryRunner[8981:2e4b71] [com.apple.UIKit:KeyWindow] Stack[KeyWindow] 0x10942da70: Taking no further action for migration from LastOneWins -> SystemShellManaged as there are no scenes
2026-09-19 21:25:54.294 Df ps2EntryRunner[8981:2e4b71] [com.apple.UIKit:KeyWindow] Setting default evaluation strategy for UIUserInterfaceIdiomPhone to SystemShellManaged
2026-09-19 21:25:54.294 Df ps2EntryRunner[8981:2e4b71] [com.apple.UIKit:KeyWindow] Key window needs update: 0; currentKeyWindowScene: 0x0; evaluatedKeyWindowScene: 0x109614780; currentApplicationKeyWindow: 0x0; evaluatedApplicationKeyWindow: 0x0; reason: UIWindowScene: 0x109614780: Window scene became target of keyboard environment
2026-09-19 21:25:54.294 Df ps2EntryRunner[8981:2e4b71] [com.apple.UIKit:InterfaceStyle] Not push traits update to screen for new style 1, <UIWindowScene: 0x109614780> (FD961832-7649-413D-9DC8-3FD94C92F717)
2026-09-19 21:25:54.294 Df ps2EntryRunner[8981:2e4b71] [com.apple.UIKit:InterfaceStyle] Not push traits update to screen for new style 1, <UIWindowScene: 0x109614780> (FD961832-7649-413D-9DC8-3FD94C92F717)
2026-09-19 21:25:54.295 Df ps2EntryRunner[8981:2e4b71] [com.apple.BackBoard:EventDelivery] policy observer <BKSHIDEventDeliveryPolicyObserver: 0x109644000; process scope; policy: UNKNOWN> added
2026-09-19 21:25:54.295 Df ps2EntryRunner[8981:2e4b71] [com.apple.BackBoard:EventDelivery] [BKSHIDEventObserver] set observing:YES
2026-09-19 21:25:54.295 Df ps2EntryRunner[8981:2e4b71] [com.apple.BackBoard:EventDelivery] policyStatus:<BKSHIDEventDeliveryPolicyObserver: 0x109644000; process scope; <target; generation: 119; finalStringToken>> was:(null)
2026-09-19 21:25:54.295 Df ps2EntryRunner[8981:2e4b8c] [com.apple.BackBoard:EventDelivery] will update observations for 0 observers
2026-09-19 21:25:54.295 Df ps2EntryRunner[8981:2e4b71] [com.apple.BackBoard:EventDelivery] [BKSHIDEventObserver] 0x109644000  setToken:com.apple.frontboard.systemappservices/FBSceneManager:sceneID%3Aorg.ps2x.ps2entryrunner-default
2026-09-19 21:25:54.295 Df ps2EntryRunner[8981:2e4b71] [com.apple.UIKit:KeyboardFocusAssistant] Event deferring policy changed: finalScene:N->Y (token: com.apple.frontboard.systemappservices/FBSceneManager:sceneID%3Aorg.ps2x.ps2entryrunner-default)
2026-09-19 21:25:54.295 Df ps2EntryRunner[8981:2e4b71] [com.apple.UIKit:KeyboardSceneDelegate] Scene gained keyboard focus (scene: <UIWindowScene: 0x109614780>, responder: (nil), wantsKB: N)
2026-09-19 21:25:54.300 Df ps2EntryRunner[8981:2e4b71] [com.apple.UIKit:KeyboardArbiterClientLog] isWritingToolsHandlingKeyboardTracking:Y (WT ready:Y, Arbiter ready:Y)
2026-09-19 21:25:54.301 Df ps2EntryRunner[8981:2e4b71] [com.apple.UIKit:KeyboardArbiterClientLog] -[_UIRemoteKeyboards prepareToMoveKeyboard:withIAV:isIAVRelevant:showing:notifyRemote:forScene:] position: {{0, 0}, {0, 0}} visible: 0; notifyRemote: 1; isMinimized: NO
2026-09-19 21:25:54.301 Df ps2EntryRunner[8981:2e4b71] [com.apple.UIKit:InterfaceStyle] Not push traits update to screen for new style 1, <UIWindowScene: 0x109614780> (FD961832-7649-413D-9DC8-3FD94C92F717)
2026-09-19 21:25:54.301 Df ps2EntryRunner[8981:2e4b71] [com.apple.UIKit:InterfaceStyle] Not push traits update to screen for new style 1, <UIWindowScene: 0x109614780> (FD961832-7649-413D-9DC8-3FD94C92F717)
2026-09-19 21:25:54.301 Df ps2EntryRunner[8981:2e4b71] [com.apple.UIKit:InterfaceStyle] Not push traits update to screen for new style 1, <UIWindowScene: 0x109614780> (FD961832-7649-413D-9DC8-3FD94C92F717)
2026-09-19 21:25:54.301 Df ps2EntryRunner[8981:2e4b71] [com.apple.UIKit:InterfaceStyle] Not push traits update to screen for new style 1, <UIWindowScene: 0x109614780> (FD961832-7649-413D-9DC8-3FD94C92F717)
2026-09-19 21:25:54.301 Df ps2EntryRunner[8981:2e4b71] [com.apple.UIKit:InterfaceStyle] Not push traits update to screen for new style 1, <UIWindowScene: 0x109614780> (FD961832-7649-413D-9DC8-3FD94C92F717)
2026-09-19 21:25:54.301 Df ps2EntryRunner[8981:2e4b71] [com.apple.UIKit:InterfaceStyle] Not push traits update to screen for new style 1, <UIWindowScene: 0x109614780> (FD961832-7649-413D-9DC8-3FD94C92F717)
2026-09-19 21:25:54.301 Df ps2EntryRunner[8981:2e4b71] [com.apple.UIKit:InterfaceStyle] Not push traits update to screen for new style 1, <UIWindowScene: 0x109614780> (FD961832-7649-413D-9DC8-3FD94C92F717)
2026-09-19 21:25:54.301 Df ps2EntryRunner[8981:2e4b71] [com.apple.UIKit:KeyboardScene] Requesting keyboard scene for (FBSceneManager):sceneID:org.ps2x.ps2entryrunner-default
2026-09-19 21:25:54.301 Df ps2EntryRunner[8981:2e4b71] [com.apple.xpc:connection] [0x1095c7ac0] activating connection: mach=false listener=false peer=false name=(anonymous)
2026-09-19 21:25:54.301 Df ps2EntryRunner[8981:2e4b71] [com.apple.FrontBoard:Common] FBSWorkspace registering source: com.apple.UIKit.KeyboardManagement.hosted
2026-09-19 21:25:54.301 Df ps2EntryRunner[8981:2e4b71] [com.apple.FrontBoard:Common] FBSWorkspace connected to endpoint : <BSServiceConnectionEndpoint: 0x1095133e0; target: NL:com.apple.UIKit.KeyboardManagement.hosted; service: com.apple.frontboard.workspace-service>
2026-09-19 21:25:54.301 Df ps2EntryRunner[8981:2e4b71] [com.apple.UIKit:InterfaceStyle] Not push traits update to screen for new style 1, <UIWindowScene: 0x109614780> (FD961832-7649-413D-9DC8-3FD94C92F717)
2026-09-19 21:25:54.302 Df ps2EntryRunner[8981:2e4b71] [com.apple.UIKit:AppLifecycle] sceneOfRecord: sceneID: sceneID:org.ps2x.ps2entryrunner-default  persistentID: FD961832-7649-413D-9DC8-3FD94C92F717
2026-09-19 21:25:54.302 Df ps2EntryRunner[8981:2e4b71] [com.apple.UIKit:Application] Ignoring already applied deactivation reason: 5; deactivation reasons: 2080
2026-09-19 21:25:54.302 Df ps2EntryRunner[8981:2e4b71] [com.apple.UIKit:Application] Deactivation reason added: 12; deactivation reasons: 2080 -> 6176; animating application lifecycle event: 1
2026-09-19 21:25:54.302 Df ps2EntryRunner[8981:2e4b71] [com.apple.UIKit:Application] Deactivation reason removed: 11; deactivation reasons: 6176 -> 4128; animating application lifecycle event: 1
2026-09-19 21:25:54.302 Df ps2EntryRunner[8981:2e4b71] [com.apple.FrontBoard:SceneExtension] Realizing settings extension <_UISceneIntelligenceSupportSettings> on FBSSceneSettings
2026-09-19 21:25:54.302 Df ps2EntryRunner[8981:2e4b88] [com.apple.UIIntelligenceSupport:xpc] establishing connection to agent
2026-09-19 21:25:54.302 Df ps2EntryRunner[8981:2e4b88] [com.apple.xpc:session] [0x1095da3a0] Session created.
2026-09-19 21:25:54.302 Df ps2EntryRunner[8981:2e4b88] [com.apple.xpc:session] [0x1095da3a0] Session created from connection [0x1097f0280]
2026-09-19 21:25:54.302 Df ps2EntryRunner[8981:2e4b71] [com.apple.UIKit:InterfaceStyle] Not push traits update to screen for new style 1, <UIWindowScene: 0x109614780> (FD961832-7649-413D-9DC8-3FD94C92F717)
2026-09-19 21:25:54.302 Df ps2EntryRunner[8981:2e4b88] [com.apple.xpc:connection] [0x1097f0280] activating connection: mach=true listener=false peer=false name=com.apple.uiintelligencesupport.agent
2026-09-19 21:25:54.302 Df ps2EntryRunner[8981:2e4b71] [com.apple.FrontBoard:SceneExtension] Ingesting properties from UIApplicationSceneSettings...
2026-09-19 21:25:54.302 Df ps2EntryRunner[8981:2e4b88] [com.apple.xpc:session] [0x1095da3a0] Session activated
2026-09-19 21:25:54.303 Df ps2EntryRunner[8981:2e4b8c] [com.apple.UIIntelligenceSupport:xpc] Connection established with agent PID: 4875
2026-09-19 21:25:54.303 Df ps2EntryRunner[8981:2e4b71] [com.apple.FrontBoard:SceneExtension] Realizing settings extension <UIApplicationSceneSettings[derived]> on FBSSceneSettings
2026-09-19 21:25:54.303 Df ps2EntryRunner[8981:2e4b71] [com.apple.UIKit:ScenePostSettingsUpdateResponse] <_UIScenePostSettingsUpdateResponseComponent: 0x1097c0a80>: Scheduling <_UIScenePostSettingsUpdateWindowLayout: 0x109621960>
2026-09-19 21:25:54.303 Df ps2EntryRunner[8981:2e4b71] [com.apple.UIKit:ScenePostSettingsUpdateResponse] <_UIScenePostSettingsUpdateResponseComponent: 0x1097c0a80>: Reducing <_UIScenePostSettingsUpdateWindowLayout: 0x109621700> into <_UIScenePostSettingsUpdateWindowLayout: 0x109621960>
2026-09-19 21:25:54.303 Df ps2EntryRunner[8981:2e4b71] [com.apple.UIKit:InterfaceStyle] Not push traits update to screen for new style 1, <UIWindowScene: 0x109614780> (FD961832-7649-413D-9DC8-3FD94C92F717)
2026-09-19 21:25:54.303 A  ps2EntryRunner[8981:2e4b8c] (RunningBoardServices) didChangeInheritances
2026-09-19 21:25:54.304 Df ps2EntryRunner[8981:2e4b71] [com.apple.UIKit:InterfaceStyle] Not push traits update to screen for new style 1, <UIWindowScene: 0x109614780> (FD961832-7649-413D-9DC8-3FD94C92F717)
2026-09-19 21:25:54.304 Df ps2EntryRunner[8981:2e4b71] [com.apple.network:activity] Create activity from XPC object <nw_activity 50:1 [FF2752CF-65A6-4795-819C-C3FD4CF5F0B6] (reporting strategy default)>
2026-09-19 21:25:54.304 Df ps2EntryRunner[8981:2e4b71] [com.apple.network:activity] Create activity from XPC object <nw_activity 50:2 [7AC00B9D-2B46-4FAF-B13E-32ED46D5D35E] (reporting strategy default)>
2026-09-19 21:25:54.304 Df ps2EntryRunner[8981:2e4b71] [com.apple.network:activity] Set activity <nw_activity 50:1 [FF2752CF-65A6-4795-819C-C3FD4CF5F0B6] (reporting strategy default)> as the global parent
2026-09-19 21:25:54.304 Df ps2EntryRunner[8981:2e4b88] [com.apple.FrontBoard:Common] <FBSWorkspaceScenesClient:0x1094deee0 com.apple.UIKit.KeyboardManagement.hosted> attempting delayed handshake from activation handler
2026-09-19 21:25:54.304 Df ps2EntryRunner[8981:2e4b88] [com.apple.FrontBoard:Common] <FBSWorkspaceScenesClient:0x1094deee0 com.apple.UIKit.KeyboardManagement.hosted> sent handshake
2026-09-19 21:25:54.304 Df ps2EntryRunner[8981:2e4b71] [com.apple.UIKit:BackgroundTask] Ending background task with UIBackgroundTaskIdentifier: 1
2026-09-19 21:25:54.304 Df ps2EntryRunner[8981:2e4b71] [com.apple.UIKit:BackgroundTask] Ending task with identifier 1 and description: <_UIBackgroundTaskInfo: 0x1094b4ec0>: taskID = 1, taskName = Launch Background Task for Coalescing, creationTime = 79568 (elapsed = 0), _expireHandler: (null)
2026-09-19 21:25:54.304 Df ps2EntryRunner[8981:2e4b71] [com.apple.UIKit:BackgroundTask] Decrementing reference count for assertion <BKSProcessAssertion: 0x1087bec20> (used by background task with identifier 1: <_UIBackgroundTaskInfo: 0x1094b4ec0>: taskID = 1, taskName = Launch Background Task for Coalescing, creationTime = 79568 (elapsed = 0))
2026-09-19 21:25:54.305 Df ps2EntryRunner[8981:2e4b71] [com.apple.UIKit:AppLifecycle] sceneOfRecord: sceneID: sceneID:org.ps2x.ps2entryrunner-default  persistentID: FD961832-7649-413D-9DC8-3FD94C92F717
2026-09-19 21:25:54.305 Df ps2EntryRunner[8981:2e4b71] [com.apple.UIKit:InterfaceStyle] Not push traits update to screen for new style 1, <UIWindowScene: 0x109614780> (FD961832-7649-413D-9DC8-3FD94C92F717)
2026-09-19 21:25:54.306 A  ps2EntryRunner[8981:2e4b8a] (RunningBoardServices) didChangeInheritances
2026-09-19 21:25:54.307 Df ps2EntryRunner[8981:2e4b8a] [com.apple.FrontBoard:SceneExtension] Realizing settings extension <_UIKeyboardInputSceneSettings> on FBSSceneSettings
2026-09-19 21:25:54.308 Df ps2EntryRunner[8981:2e4b8a] [com.apple.FrontBoard:SceneExtension] Realizing settings extension <_UIKeyboardInputSceneClientSettings> on FBSSceneClientSettings
2026-09-19 21:25:54.309 A  ps2EntryRunner[8981:2e4b8c] (RunningBoardServices) didChangeInheritances
2026-09-19 21:25:54.309 E  ps2EntryRunner[8981:2e4b71] [com.apple.UIKit:Assert] -[UIApplication statusBarOrientation] API has been deprecated and is a no-op on 27.0 and later.
2026-09-19 21:25:54.309 E  ps2EntryRunner[8981:2e4b71] [com.apple.UIKit:Assert] -[UIApplication statusBarOrientation] API has been deprecated and is a no-op on 27.0 and later.
2026-09-19 21:25:54.309 E  ps2EntryRunner[8981:2e4b71] [com.apple.UIKit:Assert] -[UIApplication statusBarOrientation] API has been deprecated and is a no-op on 27.0 and later.
2026-09-19 21:25:54.359 Df ps2EntryRunner[8981:2e4b71] [com.apple.gamecontroller:Session] Creating the shared game controller session...
2026-09-19 21:25:54.380 Df ps2EntryRunner[8981:2e4b71] [com.apple.BackBoard:EventDelivery] policy observer <BKSHIDEventDeliveryPolicyObserver: 0x1095fce70; process scope; policy: UNKNOWN> added
2026-09-19 21:25:54.380 Df ps2EntryRunner[8981:2e4b71] [com.apple.BackBoard:EventDelivery] [BKSHIDEventObserver] set observing:YES
2026-09-19 21:25:54.380 Df ps2EntryRunner[8981:2e4b71] [com.apple.BackBoard:EventDelivery] policyStatus:<BKSHIDEventDeliveryPolicyObserver: 0x1095fce70; process scope; <target; generation: 119; finalStringToken>> was:(null)
2026-09-19 21:25:54.380 Df ps2EntryRunner[8981:2e4b8c] [com.apple.BackBoard:EventDelivery] will update observations for 0 observers
2026-09-19 21:25:54.380 A  ps2EntryRunner[8981:2e4b71] (GameController) [GCDeviceSession] Activate
2026-09-19 21:25:54.380 Df ps2EntryRunner[8981:2e4b71] You need UIApplicationSupportsIndirectInputEvents in your Info.plist for mouse support
2026-09-19 21:25:54.381 E  ps2EntryRunner[8981:2e4b71] [com.apple.UIKit:Assert] -[UIApplication setStatusBarHidden:] API has been deprecated and is a no-op on 27.0 and later.
2026-09-19 21:25:54.392 E  ps2EntryRunner[8981:2e4b71] [com.apple.UIKit:Assert] -[UIApplication statusBarOrientation] API has been deprecated and is a no-op on 27.0 and later.
2026-09-19 21:25:54.416 A  ps2EntryRunner[8981:2e4b8c] (RunningBoardServices) didChangeInheritances
2026-09-19 21:25:54.435 Df ps2EntryRunner[8981:2e4b8a] [com.apple.xpc:connection] [0x1097f1e00] activating connection: mach=false listener=false peer=false name=(anonymous)
2026-09-19 21:25:54.468 E  ps2EntryRunner[8981:2e4b71] [com.apple.UIKit:Assert] -[UIApplication statusBarOrientation] API has been deprecated and is a no-op on 27.0 and later.
2026-09-19 21:25:54.689 Df ps2EntryRunner[8981:2e4b71] [com.apple.audio.caulk:alloc] Registered notify signal com.apple.caulk.alloc.rtdump (0)
2026-09-19 21:25:54.730 Df ps2EntryRunner[8981:2e4b71] (CoreAudio)   HALPlugInManagement.cpp:443    HALPlugInManagement::RegisterPlugIns: loading in-process plug-ins
2026-09-19 21:25:54.730 E  ps2EntryRunner[8981:2e4b71] [com.apple.CFBundle:plugin] AddInstanceForFactory: No factory registered for id <CFUUID 0x1094746e0> F8BB1C28-BAE8-11D6-9C31-00039315CD46
2026-09-19 21:25:54.746 Df ps2EntryRunner[8981:2e4b71] [com.apple.coreaudio:as_client] AVAudioSessionImpl_Simulator.mm:111   Set volume on device 70 to 0.60
2026-09-19 21:25:54.746 Df ps2EntryRunner[8981:2e4b71] [com.apple.coreaudio:as_client] AVAudioSessionImpl_Simulator.mm:111   Set volume on device 70 to 0.60
2026-09-19 21:25:54.746 F  ps2EntryRunner[8981:2e4b71] [com.apple.runtime-issues:AVAudioSession Hang Risk]     AVAudioSession_iOS.mm:978   This method can lead to UI unresponsiveness if called on the main thread. Consider using the asynchronous activate/deactivate API instead for calls from the main thread.
2026-09-19 21:25:54.746 A  ps2EntryRunner[8981:2e4b71] (libsystem_trace.dylib) Activity for state dumps
2026-09-19 21:25:54.754 Df ps2EntryRunner[8981:2e4b71] [com.apple.coreaudio:ddagg]        AggregateDevice.mm:887   Creating DefaultDeviceAggregate
2026-09-19 21:25:54.762 Df ps2EntryRunner[8981:2e4b71] [com.apple.coreaudio:ddagg]        AggregateDevice.mm:688   Built valid aggregate 109
2026-09-19 21:25:54.762 Df ps2EntryRunner[8981:2e4b71] [com.apple.coreaudio:ddagg]        AggregateDevice.mm:1008  PrimarySessionActiveWithInputEnabled 0 -> 1
2026-09-19 21:25:54.767 Df ps2EntryRunner[8981:2e4b71] [com.apple.coreaudio:ddagg]        AggregateDevice.mm:688   Built valid aggregate 112
2026-09-19 21:25:54.788 Df ps2EntryRunner[8981:2e4b71] [com.apple.extensionkit:NSExtension] Class EXGetExtensionClass(void) returning EXConcreteExtension
2026-09-19 21:25:54.788 Df ps2EntryRunner[8981:2e4b71] [com.apple.xpc:connection] [0x1095c5b80] activating connection: mach=true listener=false peer=false name=com.apple.pluginkit.pkd
2026-09-19 21:25:54.788 A  ps2EntryRunner[8981:2e4b71] (PlugInKit) continuous-discovery
2026-09-19 21:25:54.790 Df ps2EntryRunner[8981:2e4b71] [com.apple.PlugInKit:discovery] <PKDiscoveryDriver:0x10959a8e0> created discovery driver
2026-09-19 21:25:54.790 Df ps2EntryRunner[8981:2e4b71] [com.apple.PlugInKit:discovery] [d 36715DFC-9B7E-4BEC-A847-FCC00994FB0C] <PKHost:0x10cca8a40> Beginning discovery for flags: 0, point: com.apple.AudioUnit
2026-09-19 21:25:54.791 Df ps2EntryRunner[8981:2e4b89] [com.apple.PlugInKit:discovery] [d 36715DFC-9B7E-4BEC-A847-FCC00994FB0C] <PKHost:0x10cca8a40> Completed discovery. Final # of matches: 0
2026-09-19 21:25:54.791 Df ps2EntryRunner[8981:2e4b8a] [com.apple.PlugInKit:discovery] <PKDiscoveryDriver:0x10959a8e0> delivering update to host (0 plugins)
2026-09-19 21:25:54.791 A  ps2EntryRunner[8981:2e4b8a] (ExtensionFoundation) discovering extensions
2026-09-19 21:25:54.791 Df ps2EntryRunner[8981:2e4b8a] [com.apple.extensionkit:NSExtension] discovered extensions: attributes {
    NSExtensionPointName = "com.apple.AudioUnit";
}, extensionSet {(
)}
2026-09-19 21:25:54.791 Df ps2EntryRunner[8981:2e4b8a] [com.apple.PlugInKit:discovery] <PKDiscoveryDriver:0x10959a8e0> installing watchers for continuous discovery
2026-09-19 21:25:54.791 A  ps2EntryRunner[8981:2e4b71] (PlugInKit) continuous-discovery
2026-09-19 21:25:54.791 Df ps2EntryRunner[8981:2e4b71] [com.apple.PlugInKit:discovery] <PKDiscoveryDriver:0x10959bba0> created discovery driver
2026-09-19 21:25:54.791 Df ps2EntryRunner[8981:2e4b71] [com.apple.PlugInKit:discovery] [d BAFDCC04-293C-4345-BFA2-87457A4397C5] <PKHost:0x10cca8a40> Beginning discovery for flags: 0, point: com.apple.AudioUnit-UI
2026-09-19 21:25:54.791 Df ps2EntryRunner[8981:2e4b8a] [com.apple.launchservices:appinstallation] registering for distributed notification com.apple.LaunchServices.pluginsregistered in this process
2026-09-19 21:25:54.791 Df ps2EntryRunner[8981:2e4b8a] [com.apple.xpc:connection] [0x1095c5f40] activating connection: mach=true listener=false peer=false name=com.apple.distributed_notifications@1v3
2026-09-19 21:25:54.791 Df ps2EntryRunner[8981:2e4b8a] [com.apple.launchservices:appinstallation] registering for distributed notification com.apple.LaunchServices.pluginsunregistered in this process
2026-09-19 21:25:54.791 Df ps2EntryRunner[8981:2e4b89] [com.apple.PlugInKit:discovery] [d BAFDCC04-293C-4345-BFA2-87457A4397C5] <PKHost:0x10cca8a40> Completed discovery. Final # of matches: 0
2026-09-19 21:25:54.794 Df ps2EntryRunner[8981:2e4b8e] [com.apple.PlugInKit:discovery] <PKDiscoveryDriver:0x10959bba0> delivering update to host (0 plugins)
2026-09-19 21:25:54.794 A  ps2EntryRunner[8981:2e4b8e] (ExtensionFoundation) discovering extensions
2026-09-19 21:25:54.794 Df ps2EntryRunner[8981:2e4b8e] [com.apple.extensionkit:NSExtension] discovered extensions: attributes {
    NSExtensionPointName = "com.apple.AudioUnit-UI";
}, extensionSet {(
)}
2026-09-19 21:25:54.794 Df ps2EntryRunner[8981:2e4b8e] [com.apple.PlugInKit:discovery] <PKDiscoveryDriver:0x10959bba0> installing watchers for continuous discovery
2026-09-19 21:25:54.794 A  ps2EntryRunner[8981:2e4b71] (PlugInKit) continuous-discovery
2026-09-19 21:25:54.794 Df ps2EntryRunner[8981:2e4b71] [com.apple.PlugInKit:discovery] <PKDiscoveryDriver:0x109599140> created discovery driver
2026-09-19 21:25:54.794 Df ps2EntryRunner[8981:2e4b71] [com.apple.PlugInKit:discovery] [d AF3BF854-C9FB-4FB8-8550-5653BE4E59B4] <PKHost:0x10cca8a40> Beginning discovery for flags: 0, point: com.apple.AudioUnit-Speech
2026-09-19 21:25:54.794 Df ps2EntryRunner[8981:2e4b8a] [com.apple.launchservices:progress] Establishing xpc connection to lsd
2026-09-19 21:25:54.794 Df ps2EntryRunner[8981:2e4b8a] [com.apple.xpc:connection] [0x1095c61c0] activating connection: mach=true listener=false peer=false name=com.apple.lsd.xpc
2026-09-19 21:25:54.794 Df ps2EntryRunner[8981:2e4b8e] [com.apple.launchservices:progress] Received LSWorkspaceObserverPing, xpc connection established
2026-09-19 21:25:54.795 Df ps2EntryRunner[8981:2e4b8e] [com.apple.PlugInKit:discovery] [d AF3BF854-C9FB-4FB8-8550-5653BE4E59B4] <PKHost:0x10cca8a40> Completed discovery. Final # of matches: 3
2026-09-19 21:25:54.795 Df ps2EntryRunner[8981:2e4b8a] [com.apple.PlugInKit:discovery] <PKDiscoveryDriver:0x109599140> delivering update to host (3 plugins)
2026-09-19 21:25:54.795 A  ps2EntryRunner[8981:2e4b8a] (ExtensionFoundation) discovering extensions
2026-09-19 21:25:54.796 Df ps2EntryRunner[8981:2e4b8a] [com.apple.extensionkit:NSExtension] discovered extensions: attributes {
    NSExtensionPointName = "com.apple.AudioUnit-Speech";
}, extensionSet {(
    <EXConcreteExtension: 0x10960e4c0> {id = com.apple.ax.MauiTTSSupport.MauiAUSP},
    <EXConcreteExtension: 0x10960e680> {id = com.apple.texttospeech.SiriAUSP},
    <EXConcreteExtension: 0x10960e5a0> {id = com.apple.speech.MacinTalkFramework.MacinTalkAUSP}
)}
2026-09-19 21:25:54.796 Df ps2EntryRunner[8981:2e4b8a] [com.apple.PlugInKit:discovery] <PKDiscoveryDriver:0x109599140> installing watchers for continuous discovery
2026-09-19 21:25:54.796 A  ps2EntryRunner[8981:2e4b71] (PlugInKit) continuous-discovery
2026-09-19 21:25:54.796 Df ps2EntryRunner[8981:2e4b71] [com.apple.PlugInKit:discovery] <PKDiscoveryDriver:0x10959af40> created discovery driver
2026-09-19 21:25:54.796 Df ps2EntryRunner[8981:2e4b71] [com.apple.PlugInKit:discovery] [d 98D384B6-7828-41A4-8389-B8092BA19FCD] <PKHost:0x10cca8a40> Beginning discovery for flags: 0, point: com.apple.AudioUnit-BinauralRenderer
2026-09-19 21:25:54.797 Df ps2EntryRunner[8981:2e4b8a] [com.apple.PlugInKit:discovery] [d 98D384B6-7828-41A4-8389-B8092BA19FCD] <PKHost:0x10cca8a40> Completed discovery. Final # of matches: 0
2026-09-19 21:25:54.797 Df ps2EntryRunner[8981:2e4b8e] [com.apple.PlugInKit:discovery] <PKDiscoveryDriver:0x10959af40> delivering update to host (0 plugins)
2026-09-19 21:25:54.797 A  ps2EntryRunner[8981:2e4b8e] (ExtensionFoundation) discovering extensions
2026-09-19 21:25:54.797 Df ps2EntryRunner[8981:2e4b8e] [com.apple.extensionkit:NSExtension] discovered extensions: attributes {
    NSExtensionPointName = "com.apple.AudioUnit-BinauralRenderer";
}, extensionSet {(
)}
2026-09-19 21:25:54.797 Df ps2EntryRunner[8981:2e4b8e] [com.apple.PlugInKit:discovery] <PKDiscoveryDriver:0x10959af40> installing watchers for continuous discovery
2026-09-19 21:25:54.808 Df ps2EntryRunner[8981:2e4b89] [com.apple.UIKit:BackgroundTask] Ending background task with UIBackgroundTaskIdentifier: 2
2026-09-19 21:25:54.808 Df ps2EntryRunner[8981:2e4b89] [com.apple.UIKit:BackgroundTask] Ending task with identifier 2 and description: <_UIBackgroundTaskInfo: 0x109642240>: taskID = 2, taskName = Persistent SceneSession Map Update, creationTime = 79568 (elapsed = 1), _expireHandler: <__NSGlobalBlock__: 0x222a2e0c0>
2026-09-19 21:25:54.808 Df ps2EntryRunner[8981:2e4b89] [com.apple.UIKit:BackgroundTask] Decrementing reference count for assertion <BKSProcessAssertion: 0x1087bec20> (used by background task with identifier 2: <_UIBackgroundTaskInfo: 0x109642240>: taskID = 2, taskName = Persistent SceneSession Map Update, creationTime = 79568 (elapsed = 1))
2026-09-19 21:25:54.808 Df ps2EntryRunner[8981:2e4b89] [com.apple.UIKit:BackgroundTask] Will invalidate assertion: <BKSProcessAssertion: 0x1087bec20> for task identifier: 2
2026-09-19 21:25:54.898 Df ps2EntryRunner[8981:2e4b88] (libAudioDSP.dylib) cannot migrate AudioUnit assets for current process
2026-09-19 21:25:55.417 A  ps2EntryRunner[8981:2e4b89] (RunningBoardServices) didChangeInheritances
2026-09-19 21:26:03.811 F  ps2EntryRunner[8981:2e4b71] [com.apple.coreaudio:default] Initialize: RPC timeout. Apparently deadlocked. Aborting now.
2026-09-19 21:26:03.811 A  ps2EntryRunner[8981:2e4b71] (libsystem_trace.dylib) Activity for state dumps
2026-09-19 21:26:51.759 Df ps2EntryRunner[9184:0] [com.apple.libsystem.libdispatch:] BUG in libdispatch: 26A428 24A434 - 612 - 0x4
2026-09-19 21:26:51.759 Df ps2EntryRunner[9184:2e5763] [com.apple.UIKit.tracing:UITraceManager] UITraceInitialize: registering notify listener
2026-09-19 21:26:51.759 Df ps2EntryRunner[9184:2e5763] [com.apple.UIKit.tracing:UITraceManager] handle_trace_notification: received notify (state=0)
2026-09-19 21:26:51.761 Df ps2EntryRunner[9184:2e5763] (libMobileGestalt.dylib) No persisted cache on this platform.
2026-09-19 21:26:51.761 Df ps2EntryRunner[9184:2e5780] [com.apple.xpc:connection] [0x109073ca0] activating connection: mach=true listener=false peer=false name=com.apple.cfprefsd.daemon
2026-09-19 21:26:51.761 Df ps2EntryRunner[9184:2e5782] [com.apple.xpc:connection] [0x109074fb0] activating connection: mach=false listener=false peer=false name=(anonymous)
2026-09-19 21:26:51.763 Df ps2EntryRunner[9184:2e5780] [com.apple.UIKit:BackgroundTask] Creating new assertion because there is no existing background assertion.
2026-09-19 21:26:51.763 Df ps2EntryRunner[9184:2e5780] [com.apple.UIKit:BackgroundTask] Creating new background assertion
2026-09-19 21:26:51.763 Df ps2EntryRunner[9184:2e5780] [com.apple.UIKit:BackgroundTask] Created new background assertion <BKSProcessAssertion: 0x109074100>
2026-09-19 21:26:51.764 Df ps2EntryRunner[9184:2e5780] [com.apple.runningboard:connection] Initializing connection
2026-09-19 21:26:51.764 Df ps2EntryRunner[9184:2e5780] [com.apple.runningboard:process] Removing all cached process handles
2026-09-19 21:26:51.764 Df ps2EntryRunner[9184:2e5785] [com.apple.runningboard:connection] Sending handshake request attempt #1 to server
2026-09-19 21:26:51.764 Df ps2EntryRunner[9184:2e5785] [com.apple.runningboard:connection] Creating connection to com.apple.runningboard
2026-09-19 21:26:51.764 Df ps2EntryRunner[9184:2e5785] [com.apple.xpc:connection] [0x109d9c280] activating connection: mach=true listener=false peer=false name=com.apple.runningboard
2026-09-19 21:26:51.764 Df ps2EntryRunner[9184:2e5763] [com.apple.UIKit:Application] Deactivation reason added: 10; deactivation reasons: 0 -> 1024; animating application lifecycle event: 0
2026-09-19 21:26:51.764 Df ps2EntryRunner[9184:2e5763] [com.apple.BoardServices:Injection] activating monitor for service com.apple.frontboard.open
2026-09-19 21:26:51.764 A  ps2EntryRunner[9184:2e5781] (CoreFoundation) Loading Preferences From User Session CFPrefsD
2026-09-19 21:26:51.764 Df ps2EntryRunner[9184:2e5763] [com.apple.BoardServices:Injection] activating monitor for service com.apple.frontboard.workspace-service
2026-09-19 21:26:51.764 A  ps2EntryRunner[9184:2e5782] (RunningBoardServices) didChangeInheritances
2026-09-19 21:26:51.765 Df ps2EntryRunner[9184:2e5785] [com.apple.runningboard:connection] Handshake succeeded
2026-09-19 21:26:51.765 Df ps2EntryRunner[9184:2e5785] [com.apple.runningboard:connection] Identity resolved as app<org.ps2x.ps2entryrunner((null))>
2026-09-19 21:26:51.765 Df ps2EntryRunner[9184:2e5780] [com.apple.UIKit:BackgroundTask] Incrementing reference count for background assertion <BKSProcessAssertion: 0x109074100>
2026-09-19 21:26:51.765 Df ps2EntryRunner[9184:2e5780] [com.apple.UIKit:BackgroundTask] Created background task <_UIBackgroundTaskInfo: 0x109cb5040>: taskID = 1, taskName = Launch Background Task for Coalescing, creationTime = 79625 (elapsed = 0).
2026-09-19 21:26:51.765 Df ps2EntryRunner[9184:2e5780] [com.apple.FrontBoard:SceneExtension] Realizing settings extension _UIApplicationSceneKeyboardSettings on FBSSceneSettings
2026-09-19 21:26:51.765 Df ps2EntryRunner[9184:2e5763] [com.apple.FrontBoard:Common] FBSWorkspace registering source: com.apple.frontboard.systemappservices
2026-09-19 21:26:51.765 Df ps2EntryRunner[9184:2e5763] [com.apple.FrontBoard:Common] FBSWorkspace connected to endpoint : <BSServiceConnectionEndpoint: 0x109d10900; target: com.apple.frontboard.systemappservices; service: com.apple.frontboard.workspace-service>
2026-09-19 21:26:51.765 Df ps2EntryRunner[9184:2e5763] [com.apple.FrontBoard:Common] <FBSWorkspaceScenesClient:0x109cd9a40 com.apple.frontboard.systemappservices> attempting immediate handshake from activate
2026-09-19 21:26:51.765 Df ps2EntryRunner[9184:2e5763] [com.apple.FrontBoard:Common] <FBSWorkspaceScenesClient:0x109cd9a40 com.apple.frontboard.systemappservices> sent handshake
2026-09-19 21:26:51.765 Df ps2EntryRunner[9184:2e5763] [com.apple.runningboard:general] Added observer for process assertions expiration warning: <_RBSExpirationWarningClient: 0x109d10fa0>
2026-09-19 21:26:51.765 Df ps2EntryRunner[9184:2e5780] [com.apple.FrontBoard:SceneExtension] Realizing settings extension <_UISceneOcclusionSettings> on FBSSceneSettings
2026-09-19 21:26:51.766 Df ps2EntryRunner[9184:2e5780] [com.apple.FrontBoard:SceneExtension] Realizing settings extension <_UISceneInterfaceProtectionSettings> on FBSSceneSettings
2026-09-19 21:26:51.766 Df ps2EntryRunner[9184:2e5780] [com.apple.FrontBoard:SceneExtension] Realizing settings extension <_UISceneDestructionClientSettings> on FBSSceneClientSettings
2026-09-19 21:26:51.766 Df ps2EntryRunner[9184:2e5780] [com.apple.FrontBoard:SceneExtension] Realizing settings extension _UISceneLayoutPreferencesHostSettingsExtension on FBSSceneSettings
2026-09-19 21:26:51.766 Df ps2EntryRunner[9184:2e5780] [com.apple.FrontBoard:SceneExtension] Realizing settings extension _UISceneSafeAreaSettingsExtension on FBSSceneSettings
2026-09-19 21:26:51.766 Df ps2EntryRunner[9184:2e5780] [com.apple.FrontBoard:SceneExtension] Realizing settings extension _UISceneBarPositionSettingsExtension on FBSSceneSettings
2026-09-19 21:26:51.767 Df ps2EntryRunner[9184:2e5780] [com.apple.FrontBoard:SceneExtension] Realizing settings extension _UISceneLayoutPreferenceClientSettingsExtension on FBSSceneClientSettings
2026-09-19 21:26:51.767 Df ps2EntryRunner[9184:2e5780] [com.apple.FrontBoard:SceneExtension] Realizing settings extension <_UIHomeAffordanceHostSceneSettings> on FBSSceneSettings
2026-09-19 21:26:51.767 Df ps2EntryRunner[9184:2e5780] [com.apple.FrontBoard:SceneExtension] Realizing settings extension _UISystemShellSceneHostingEnvironmentSettings on FBSSceneSettings
2026-09-19 21:26:51.767 Df ps2EntryRunner[9184:2e5780] [com.apple.FrontBoard:SceneExtension] Realizing settings extension _UISceneRenderingEnvironmentSettings on FBSSceneSettings
2026-09-19 21:26:51.767 Df ps2EntryRunner[9184:2e5780] [com.apple.FrontBoard:SceneExtension] Realizing settings extension _UISceneRenderingEnvironmentClientSettings on FBSSceneClientSettings
2026-09-19 21:26:51.767 Df ps2EntryRunner[9184:2e5780] [com.apple.FrontBoard:SceneExtension] Realizing settings extension <_UISceneTransitioningHostSettings> on FBSSceneSettings
2026-09-19 21:26:51.767 Df ps2EntryRunner[9184:2e5780] [com.apple.FrontBoard:SceneExtension] Realizing settings extension <_UISceneActivationInteractionSettings> on FBSSceneSettings
2026-09-19 21:26:51.767 Df ps2EntryRunner[9184:2e5780] [com.apple.FrontBoard:SceneExtension] Realizing settings extension <_UISceneFocusSystemSettings> on FBSSceneSettings
2026-09-19 21:26:51.768 Df ps2EntryRunner[9184:2e5780] [com.apple.FrontBoard:SceneExtension] Realizing settings extension _UISceneOrientationSettingsExtension on FBSSceneSettings
2026-09-19 21:26:51.768 Df ps2EntryRunner[9184:2e5780] [com.apple.FrontBoard:SceneExtension] Realizing settings extension _UISceneOrientationClientSettingsExtension on FBSSceneClientSettings
2026-09-19 21:26:51.768 Df ps2EntryRunner[9184:2e5780] [com.apple.FrontBoard:SceneExtension] Realizing settings extension _UISceneRegionSettings on FBSSceneSettings
2026-09-19 21:26:51.768 Df ps2EntryRunner[9184:2e5780] [com.apple.FrontBoard:SceneExtension] Realizing settings extension _UISceneWindowingControlClientSettings on FBSSceneClientSettings
2026-09-19 21:26:51.768 Df ps2EntryRunner[9184:2e5780] [com.apple.FrontBoard:SceneExtension] Realizing settings extension <_UICompanionSceneInterestClientSettings> on FBSSceneClientSettings
2026-09-19 21:26:51.768 Df ps2EntryRunner[9184:2e5780] [com.apple.FrontBoard:SceneExtension] Realizing settings extension <_UIResourceConditionsSceneSettings> on FBSSceneSettings
2026-09-19 21:26:51.768 Df ps2EntryRunner[9184:2e5780] [com.apple.FrontBoard:SceneExtension] Realizing settings extension _UIKeyboardInputScenePairingSettings on FBSSceneSettings
2026-09-19 21:26:51.768 Df ps2EntryRunner[9184:2e5780] [com.apple.FrontBoard:SceneExtension] Realizing settings extension <_UISceneHostingContentSizePreferenceClientSettings> on FBSSceneClientSettings
2026-09-19 21:26:51.768 Df ps2EntryRunner[9184:2e5780] [com.apple.FrontBoard:SceneExtension] Realizing settings extension _UISceneHostingTraitCollectionPropagationSettings on FBSSceneSettings
2026-09-19 21:26:51.769 Df ps2EntryRunner[9184:2e5780] [com.apple.FrontBoard:SceneExtension] Realizing settings extension <_UISceneHostingSheetPresentationSettings> on FBSSceneSettings
2026-09-19 21:26:51.769 Df ps2EntryRunner[9184:2e5763] [com.apple.dt.xctest:Default] Registering for test daemon availability notify post.
2026-09-19 21:26:51.769 Df ps2EntryRunner[9184:2e5780] [com.apple.FrontBoard:SceneExtension] Realizing settings extension <_UISceneHostingSheetPresentationClientSettings> on FBSSceneClientSettings
2026-09-19 21:26:51.769 Df ps2EntryRunner[9184:2e5780] [com.apple.FrontBoard:SceneExtension] Realizing settings extension <UIKit__UITypedKeyValueSceneSettings> on FBSSceneSettings
2026-09-19 21:26:51.769 Df ps2EntryRunner[9184:2e5763] [com.apple.dt.xctest:Default] notify_get_state check indicated test daemon not ready.
2026-09-19 21:26:51.769 Df ps2EntryRunner[9184:2e5780] [com.apple.FrontBoard:SceneExtension] Realizing settings extension <UIKit__UITypedKeyValueSceneSettings> on FBSSceneClientSettings
2026-09-19 21:26:51.769 Df ps2EntryRunner[9184:2e5763] [com.apple.dt.xctest:Default] notify_get_state check indicated test daemon not ready.
2026-09-19 21:26:51.769 Df ps2EntryRunner[9184:2e5780] [com.apple.FrontBoard:SceneExtension] Realizing settings extension <_UISceneHostingViewControllerPreferencePropagationClientSettings> on FBSSceneClientSettings
2026-09-19 21:26:51.769 Df ps2EntryRunner[9184:2e5763] [com.apple.dt.xctest:Default] notify_get_state check indicated test daemon not ready.
2026-09-19 21:26:51.769 Df ps2EntryRunner[9184:2e5780] [com.apple.FrontBoard:SceneExtension] Realizing settings extension <_UISceneZoomTransitionSettings> on FBSSceneSettings
2026-09-19 21:26:51.769 Df ps2EntryRunner[9184:2e5784] [com.apple.FrontBoard:SceneExtension] Realizing settings extension FBSSceneSettingsCore on FBSSceneSettings
2026-09-19 21:26:51.770 Df ps2EntryRunner[9184:2e5763] [com.apple.UIKit:Application] Deactivation reason added: 11; deactivation reasons: 1024 -> 3072; animating application lifecycle event: 0
2026-09-19 21:26:51.770 Df ps2EntryRunner[9184:2e5784] [com.apple.FrontBoard:SceneExtension] Realizing settings extension FBSSceneClientSettingsCore on FBSSceneClientSettings
2026-09-19 21:26:51.771 Df ps2EntryRunner[9184:2e5784] [com.apple.FrontBoard:SceneExtension] UIMutableApplicationSceneSettings setting counterpart class: UIApplicationSceneSettings
2026-09-19 21:26:51.771 Df ps2EntryRunner[9184:2e5763] [com.apple.UIKit:UIScreen] Evaluated capturing state as 0 on <UIScreen: 0x109d9c500> for initial
2026-09-19 21:26:51.772 Df ps2EntryRunner[9184:2e5784] [com.apple.FrontBoard:SceneExtension] UIMutableApplicationSceneClientSettings setting counterpart class: UIApplicationSceneClientSettings
2026-09-19 21:26:51.772 Df ps2EntryRunner[9184:2e5784] [com.apple.FrontBoard:SceneExtension] Realizing settings extension FBSSceneTransitionContextCore on FBSSceneTransitionContext
2026-09-19 21:26:51.772 Df ps2EntryRunner[9184:2e5763] [com.apple.UIKit:UIScreen] Evaluated capturing state as 0 on <UIScreen: 0x109d9c500> for CADisplay KVO
2026-09-19 21:26:51.773 Df ps2EntryRunner[9184:2e5763] [com.apple.Accessibility:AXSupportCommon] Read CategoryName: per-app = 1, category name = (null)
2026-09-19 21:26:51.773 Df ps2EntryRunner[9184:2e5763] [com.apple.Accessibility:AXSupportCommon] Read CategoryName: per-app = 0, category name = (null)
2026-09-19 21:26:51.774 E  ps2EntryRunner[9184:2e5763] [com.apple.UIKit:Assert] -[UIApplication statusBarOrientation] API has been deprecated and is a no-op on 27.0 and later.
2026-09-19 21:26:51.774 E  ps2EntryRunner[9184:2e5763] [com.apple.UIKit:Assert] -[UIApplication statusBarOrientation] API has been deprecated and is a no-op on 27.0 and later.
2026-09-19 21:26:51.774 E  ps2EntryRunner[9184:2e5763] [com.apple.coreui:framework] CoreUI: -[CUICatalog initWithName:fromBundle:error:] unable to find a bundle 'NSBundle </Users/bradrichardson/Library/Developer/CoreSimulator/Devices/4DE6C37C-77EF-45AE-827E-26286E68D022/data/Containers/Bundle/Application/DDA5DF4C-E16B-4724-BAD7-238F3495EA57/ps2EntryRunner.app> (loaded)' with identifier 'org.ps2x.ps2entryrunner'
2026-09-19 21:26:51.774 F  ps2EntryRunner[9184:2e5763] [com.apple.coreui:framework] CoreUI: -[CUICatalog initWithName:fromBundle:error:] unable to find a bundle 'NSBundle </Users/bradrichardson/Library/Developer/CoreSimulator/Devices/4DE6C37C-77EF-45AE-827E-26286E68D022/data/Containers/Bundle/Application/DDA5DF4C-E16B-4724-BAD7-238F3495EA57/ps2EntryRunner.app> (loaded)' with identifier 'org.ps2x.ps2entryrunner'
2026-09-19 21:26:51.774 A  ps2EntryRunner[9184:2e5763] (libsystem_trace.dylib) Activity for state dumps
2026-09-19 21:26:51.774 Df ps2EntryRunner[9184:2e5763] [com.apple.UIKit:AssetManager] Could not load asset catalog from bundle NSBundle </Users/bradrichardson/Library/Developer/CoreSimulator/Devices/4DE6C37C-77EF-45AE-827E-26286E68D022/data/Containers/Bundle/Application/DDA5DF4C-E16B-4724-BAD7-238F3495EA57/ps2EntryRunner.app> (loaded): Error Domain=NSCocoaErrorDomain Code=260 "RunTimeThemeRefForBundleIdentifierAndName() couldn't find Assets.car in bundle with identifier: org.ps2x.ps2entryrunner" UserInfo={NSLocalizedDescription=RunTimeThemeRefForBundleIdentifierAndName() couldn't find Assets.car in bundle with identifier: org.ps2x.ps2entryrunner}
2026-09-19 21:26:51.774 Df ps2EntryRunner[9184:2e5763] [com.apple.UIKit:Application] Deactivation reason removed: 10; deactivation reasons: 3072 -> 2048; animating application lifecycle event: 0
2026-09-19 21:26:51.776 Df ps2EntryRunner[9184:2e5763] [com.apple.xpc:connection] [0x109d9ca00] activating connection: mach=true listener=false peer=false name=com.apple.lsd.mapdb
2026-09-19 21:26:51.780 Df ps2EntryRunner[9184:2e5780] [com.apple.xpc:connection] [0x109d9cb40] activating connection: mach=true listener=false peer=false name=com.apple.fontservicesd
2026-09-19 21:26:51.785 Df ps2EntryRunner[9184:2e5763] [com.apple.xpc:connection] [0x109d9cdc0] activating connection: mach=false listener=false peer=false name=(anonymous)
2026-09-19 21:26:51.785 Df ps2EntryRunner[9184:2e5780] [com.apple.BackBoard:EventDelivery] BKSHIDEventDeliveryManager - connection activation
2026-09-19 21:26:51.786 Df ps2EntryRunner[9184:2e5763] [com.apple.app_launch_measurement:ApplicationLaunch] alm_acquire_pageins_recording_assertion: acquired pageins recording assertion!
2026-09-19 21:26:51.787 Df ps2EntryRunner[9184:2e5763] [com.apple.UIKit:Application] Deactivation reason added: 5; deactivation reasons: 2048 -> 2080; animating application lifecycle event: 1
2026-09-19 21:26:51.788 Df ps2EntryRunner[9184:2e5763] [com.apple.UIKit:InterfaceStyle] Should send trait collection or coordinate space update, interface style 1 -> 1, <UIWindowScene: 0x109e18500> (FD961832-7649-413D-9DC8-3FD94C92F717)
2026-09-19 21:26:51.788 Df ps2EntryRunner[9184:2e5763] [com.apple.UIKit:InterfaceStyle] Not push traits update to screen for new style 1, <UIWindowScene: 0x109e18500> (FD961832-7649-413D-9DC8-3FD94C92F717)
2026-09-19 21:26:51.788 Df ps2EntryRunner[9184:2e5763] [com.apple.UIKit:HomeAffordanceObservation] Initializing: <_UIHomeAffordanceSceneNotifier: 0x109e4d500>; with scene: <UIWindowScene: 0x109e18500>
2026-09-19 21:26:51.788 Df ps2EntryRunner[9184:2e5763] [com.apple.BacklightServices:scenes] 0x109c2e0d0 setDelegate:<0x109c2c900 _UIBacklightEnvironment> hasDelegate:YES for environment:sceneID:org.ps2x.ps2entryrunner-default
2026-09-19 21:26:51.789 Df ps2EntryRunner[9184:2e5763] [com.apple.UIKit:InterfaceStyle] Not push traits update to screen for new style 1, <UIWindowScene: 0x109e18500> (FD961832-7649-413D-9DC8-3FD94C92F717)
2026-09-19 21:26:51.789 Df ps2EntryRunner[9184:2e5763] [com.apple.UIKit:EventDeferring] [0x109eaba00] Initialized with scene: <UIWindowScene: 0x109e18500>; behavior: <_UIEventDeferringBehavior_iOS: 0x109e77c20>; availableForProcess: 1, systemShellManagesKeyboardFocus: 1
2026-09-19 21:26:51.789 Df ps2EntryRunner[9184:2e5763] [com.apple.GenerativeModels:availability] UserDefaults(com.apple.gms.availability, 501
2026-09-19 21:26:51.791 Df ps2EntryRunner[9184:2e5763] [com.apple.GenerativeModels:availability] registering darwin observer for name: com.apple.gms.availability.notification
2026-09-19 21:26:51.791 Df ps2EntryRunner[9184:2e5763] [com.apple.GenerativeModels:availability] registering darwin observer for name: com.apple.os-eligibility-domain.change.greymatter
2026-09-19 21:26:51.791 Df ps2EntryRunner[9184:2e5763] [com.apple.GenerativeModels:availability] registering darwin observer for name: com.apple.language.changed
2026-09-19 21:26:51.791 Df ps2EntryRunner[9184:2e5763] [com.apple.UIKit:InterfaceStyle] Not push traits update to screen for new style 1, <UIWindowScene: 0x109e18500> (FD961832-7649-413D-9DC8-3FD94C92F717)
2026-09-19 21:26:51.791 Df ps2EntryRunner[9184:2e5763] [com.apple.BackBoard:EventDelivery] policy observer <BKSHIDEventDeliveryPolicyObserver: 0x109e4d7a0; process scope; policy: UNKNOWN> added
2026-09-19 21:26:51.792 Df ps2EntryRunner[9184:2e5763] [com.apple.BackBoard:EventDelivery] [BKSHIDEventObserver] set observing:YES
2026-09-19 21:26:51.792 Df ps2EntryRunner[9184:2e5780] [com.apple.BackBoard:EventDelivery] [BKSHIDEventObserver] - connection activation
2026-09-19 21:26:51.792 Df ps2EntryRunner[9184:2e5763] [com.apple.BackBoard:EventDelivery] policyStatus:<BKSHIDEventDeliveryPolicyObserver: 0x109e4d7a0; process scope; <target; generation: 126; finalStringToken>> was:(null)
2026-09-19 21:26:51.792 Df ps2EntryRunner[9184:2e5763] [com.apple.BackBoard:EventDelivery] [BKSHIDEventObserver] 0x109e4d7a0 _UIKeyWindowSceneObserver-0x109c2d980 setToken:com.apple.frontboard.systemappservices/FBSceneManager:sceneID%3Aorg.ps2x.ps2entryrunner-default
2026-09-19 21:26:51.792 Df ps2EntryRunner[9184:2e5763] [com.apple.UIKit:KeyWindow] Setting default evaluation strategy for UIUserInterfaceIdiomPhone to LastOneWins
2026-09-19 21:26:51.792 Df ps2EntryRunner[9184:2e5763] [com.apple.UIKit:KeyWindow] Scene target of keyboard event deferring environment did change: target=1; ancestor=0; scene: UIWindowScene: 0x109e18500; scene identity: com.apple.frontboard.systemappservices/FBSceneManager:sceneID%3Aorg.ps2x.ps2entryrunner-default
2026-09-19 21:26:51.792 Df ps2EntryRunner[9184:2e5780] [com.apple.BackBoard:EventDelivery] will update observations for 0 observers
2026-09-19 21:26:51.792 Df ps2EntryRunner[9184:2e5763] [com.apple.UIKit:EventDeferring] [0x109eaba00] Scene target of event deferring environments did update: scene: 0x109e18500; current systemShellManagesKeyboardFocus: 1; systemShellManagesKeyboardFocusForScene: 1; eligibleForRecordRemoval: 1;
2026-09-19 21:26:51.792 Df ps2EntryRunner[9184:2e5763] [com.apple.UIKit:KeyWindow] Scene became target of keyboard event deferring environment: UIWindowScene: 0x109e18500; scene identity: com.apple.frontboard.systemappservices/FBSceneManager:sceneID%3Aorg.ps2x.ps2entryrunner-default
2026-09-19 21:26:51.792 Df ps2EntryRunner[9184:2e5763] [com.apple.UIKit:KeyWindow] Stack[KeyWindow] 0x109c2d440: Taking no further action for migration from LastOneWins -> SystemShellManaged as there are no scenes
2026-09-19 21:26:51.792 Df ps2EntryRunner[9184:2e5763] [com.apple.UIKit:KeyWindow] Setting default evaluation strategy for UIUserInterfaceIdiomPhone to SystemShellManaged
2026-09-19 21:26:51.792 Df ps2EntryRunner[9184:2e5763] [com.apple.UIKit:KeyWindow] Key window needs update: 0; currentKeyWindowScene: 0x0; evaluatedKeyWindowScene: 0x109e18500; currentApplicationKeyWindow: 0x0; evaluatedApplicationKeyWindow: 0x0; reason: UIWindowScene: 0x109e18500: Window scene became target of keyboard environment
2026-09-19 21:26:51.792 Df ps2EntryRunner[9184:2e5763] [com.apple.UIKit:InterfaceStyle] Not push traits update to screen for new style 1, <UIWindowScene: 0x109e18500> (FD961832-7649-413D-9DC8-3FD94C92F717)
2026-09-19 21:26:51.792 Df ps2EntryRunner[9184:2e5763] [com.apple.UIKit:InterfaceStyle] Not push traits update to screen for new style 1, <UIWindowScene: 0x109e18500> (FD961832-7649-413D-9DC8-3FD94C92F717)
2026-09-19 21:26:51.792 Df ps2EntryRunner[9184:2e5763] [com.apple.BackBoard:EventDelivery] policy observer <BKSHIDEventDeliveryPolicyObserver: 0x109e4c000; process scope; policy: UNKNOWN> added
2026-09-19 21:26:51.792 Df ps2EntryRunner[9184:2e5763] [com.apple.BackBoard:EventDelivery] [BKSHIDEventObserver] set observing:YES
2026-09-19 21:26:51.793 Df ps2EntryRunner[9184:2e5763] [com.apple.BackBoard:EventDelivery] policyStatus:<BKSHIDEventDeliveryPolicyObserver: 0x109e4c000; process scope; <target; generation: 126; finalStringToken>> was:(null)
2026-09-19 21:26:51.793 Df ps2EntryRunner[9184:2e5780] [com.apple.BackBoard:EventDelivery] will update observations for 0 observers
2026-09-19 21:26:51.793 Df ps2EntryRunner[9184:2e5763] [com.apple.BackBoard:EventDelivery] [BKSHIDEventObserver] 0x109e4c000  setToken:com.apple.frontboard.systemappservices/FBSceneManager:sceneID%3Aorg.ps2x.ps2entryrunner-default
2026-09-19 21:26:51.793 Df ps2EntryRunner[9184:2e5763] [com.apple.UIKit:KeyboardFocusAssistant] Event deferring policy changed: finalScene:N->Y (token: com.apple.frontboard.systemappservices/FBSceneManager:sceneID%3Aorg.ps2x.ps2entryrunner-default)
2026-09-19 21:26:51.793 Df ps2EntryRunner[9184:2e5763] [com.apple.UIKit:KeyboardSceneDelegate] Scene gained keyboard focus (scene: <UIWindowScene: 0x109e18500>, responder: (nil), wantsKB: N)
2026-09-19 21:26:51.793 Df ps2EntryRunner[9184:2e5763] [com.apple.UIKit:KeyboardArbiterClientLog] isWritingToolsHandlingKeyboardTracking:Y (WT ready:Y, Arbiter ready:Y)
2026-09-19 21:26:51.793 Df ps2EntryRunner[9184:2e5763] [com.apple.UIKit:KeyboardArbiterClientLog] -[_UIRemoteKeyboards prepareToMoveKeyboard:withIAV:isIAVRelevant:showing:notifyRemote:forScene:] position: {{0, 0}, {0, 0}} visible: 0; notifyRemote: 1; isMinimized: NO
2026-09-19 21:26:51.793 Df ps2EntryRunner[9184:2e5763] [com.apple.UIKit:InterfaceStyle] Not push traits update to screen for new style 1, <UIWindowScene: 0x109e18500> (FD961832-7649-413D-9DC8-3FD94C92F717)
2026-09-19 21:26:51.793 Df ps2EntryRunner[9184:2e5763] [com.apple.UIKit:InterfaceStyle] Not push traits update to screen for new style 1, <UIWindowScene: 0x109e18500> (FD961832-7649-413D-9DC8-3FD94C92F717)
2026-09-19 21:26:51.793 Df ps2EntryRunner[9184:2e5763] [com.apple.UIKit:InterfaceStyle] Not push traits update to screen for new style 1, <UIWindowScene: 0x109e18500> (FD961832-7649-413D-9DC8-3FD94C92F717)
2026-09-19 21:26:51.793 Df ps2EntryRunner[9184:2e5763] [com.apple.UIKit:InterfaceStyle] Not push traits update to screen for new style 1, <UIWindowScene: 0x109e18500> (FD961832-7649-413D-9DC8-3FD94C92F717)
2026-09-19 21:26:51.793 Df ps2EntryRunner[9184:2e5763] [com.apple.UIKit:InterfaceStyle] Not push traits update to screen for new style 1, <UIWindowScene: 0x109e18500> (FD961832-7649-413D-9DC8-3FD94C92F717)
2026-09-19 21:26:51.794 Df ps2EntryRunner[9184:2e5763] [com.apple.UIKit:InterfaceStyle] Not push traits update to screen for new style 1, <UIWindowScene: 0x109e18500> (FD961832-7649-413D-9DC8-3FD94C92F717)
2026-09-19 21:26:51.794 Df ps2EntryRunner[9184:2e5763] [com.apple.UIKit:InterfaceStyle] Not push traits update to screen for new style 1, <UIWindowScene: 0x109e18500> (FD961832-7649-413D-9DC8-3FD94C92F717)
2026-09-19 21:26:51.794 Df ps2EntryRunner[9184:2e5763] [com.apple.UIKit:KeyboardScene] Requesting keyboard scene for (FBSceneManager):sceneID:org.ps2x.ps2entryrunner-default
2026-09-19 21:26:51.794 Df ps2EntryRunner[9184:2e5763] [com.apple.xpc:connection] [0x109d9fac0] activating connection: mach=false listener=false peer=false name=(anonymous)
2026-09-19 21:26:51.794 Df ps2EntryRunner[9184:2e5763] [com.apple.FrontBoard:Common] FBSWorkspace registering source: com.apple.UIKit.KeyboardManagement.hosted
2026-09-19 21:26:51.794 Df ps2EntryRunner[9184:2e5763] [com.apple.FrontBoard:Common] FBSWorkspace connected to endpoint : <BSServiceConnectionEndpoint: 0x109d11220; target: NL:com.apple.UIKit.KeyboardManagement.hosted; service: com.apple.frontboard.workspace-service>
2026-09-19 21:26:51.794 Df ps2EntryRunner[9184:2e5763] [com.apple.UIKit:InterfaceStyle] Not push traits update to screen for new style 1, <UIWindowScene: 0x109e18500> (FD961832-7649-413D-9DC8-3FD94C92F717)
2026-09-19 21:26:51.794 Df ps2EntryRunner[9184:2e5763] [com.apple.UIKit:AppLifecycle] sceneOfRecord: sceneID: sceneID:org.ps2x.ps2entryrunner-default  persistentID: FD961832-7649-413D-9DC8-3FD94C92F717
2026-09-19 21:26:51.794 Df ps2EntryRunner[9184:2e5763] [com.apple.UIKit:Application] Ignoring already applied deactivation reason: 5; deactivation reasons: 2080
2026-09-19 21:26:51.794 Df ps2EntryRunner[9184:2e5763] [com.apple.UIKit:Application] Deactivation reason added: 12; deactivation reasons: 2080 -> 6176; animating application lifecycle event: 1
2026-09-19 21:26:51.794 Df ps2EntryRunner[9184:2e5763] [com.apple.UIKit:Application] Deactivation reason removed: 11; deactivation reasons: 6176 -> 4128; animating application lifecycle event: 1
2026-09-19 21:26:51.794 Df ps2EntryRunner[9184:2e5763] [com.apple.FrontBoard:SceneExtension] Realizing settings extension <_UISceneIntelligenceSupportSettings> on FBSSceneSettings
2026-09-19 21:26:51.794 Df ps2EntryRunner[9184:2e5785] [com.apple.UIIntelligenceSupport:xpc] establishing connection to agent
2026-09-19 21:26:51.795 Df ps2EntryRunner[9184:2e5763] [com.apple.UIKit:InterfaceStyle] Not push traits update to screen for new style 1, <UIWindowScene: 0x109e18500> (FD961832-7649-413D-9DC8-3FD94C92F717)
2026-09-19 21:26:51.795 Df ps2EntryRunner[9184:2e5763] [com.apple.FrontBoard:SceneExtension] Ingesting properties from UIApplicationSceneSettings...
2026-09-19 21:26:51.795 Df ps2EntryRunner[9184:2e5785] [com.apple.xpc:session] [0x109dd22b0] Session created.
2026-09-19 21:26:51.795 Df ps2EntryRunner[9184:2e5785] [com.apple.xpc:session] [0x109dd22b0] Session created from connection [0x109fec280]
2026-09-19 21:26:51.795 Df ps2EntryRunner[9184:2e5785] [com.apple.xpc:connection] [0x109fec280] activating connection: mach=true listener=false peer=false name=com.apple.uiintelligencesupport.agent
2026-09-19 21:26:51.795 Df ps2EntryRunner[9184:2e5785] [com.apple.xpc:session] [0x109dd22b0] Session activated
2026-09-19 21:26:51.795 Df ps2EntryRunner[9184:2e5763] [com.apple.FrontBoard:SceneExtension] Realizing settings extension <UIApplicationSceneSettings[derived]> on FBSSceneSettings
2026-09-19 21:26:51.795 Df ps2EntryRunner[9184:2e5780] [com.apple.UIIntelligenceSupport:xpc] Connection established with agent PID: 4875
2026-09-19 21:26:51.795 Df ps2EntryRunner[9184:2e5763] [com.apple.UIKit:ScenePostSettingsUpdateResponse] <_UIScenePostSettingsUpdateResponseComponent: 0x109fbc9f0>: Scheduling <_UIScenePostSettingsUpdateWindowLayout: 0x109e21980>
2026-09-19 21:26:51.796 Df ps2EntryRunner[9184:2e5763] [com.apple.UIKit:ScenePostSettingsUpdateResponse] <_UIScenePostSettingsUpdateResponseComponent: 0x109fbc9f0>: Reducing <_UIScenePostSettingsUpdateWindowLayout: 0x109e21720> into <_UIScenePostSettingsUpdateWindowLayout: 0x109e21980>
2026-09-19 21:26:51.796 Df ps2EntryRunner[9184:2e5763] [com.apple.UIKit:InterfaceStyle] Not push traits update to screen for new style 1, <UIWindowScene: 0x109e18500> (FD961832-7649-413D-9DC8-3FD94C92F717)
2026-09-19 21:26:51.796 A  ps2EntryRunner[9184:2e5780] (RunningBoardServices) didChangeInheritances
2026-09-19 21:26:51.796 Df ps2EntryRunner[9184:2e5763] [com.apple.UIKit:InterfaceStyle] Not push traits update to screen for new style 1, <UIWindowScene: 0x109e18500> (FD961832-7649-413D-9DC8-3FD94C92F717)
2026-09-19 21:26:51.797 Df ps2EntryRunner[9184:2e5763] [com.apple.network:activity] Create activity from XPC object <nw_activity 50:1 [8E2659B6-87F2-4557-9716-7CB742D60A8A] (reporting strategy default)>
2026-09-19 21:26:51.797 Df ps2EntryRunner[9184:2e5763] [com.apple.network:activity] Create activity from XPC object <nw_activity 50:2 [06A248DF-CC5D-428F-A1F4-4872D5307306] (reporting strategy default)>
2026-09-19 21:26:51.797 Df ps2EntryRunner[9184:2e5763] [com.apple.network:activity] Set activity <nw_activity 50:1 [8E2659B6-87F2-4557-9716-7CB742D60A8A] (reporting strategy default)> as the global parent
2026-09-19 21:26:51.797 Df ps2EntryRunner[9184:2e5763] [com.apple.UIKit:BackgroundTask] Ending background task with UIBackgroundTaskIdentifier: 1
2026-09-19 21:26:51.797 Df ps2EntryRunner[9184:2e5763] [com.apple.UIKit:BackgroundTask] Ending task with identifier 1 and description: <_UIBackgroundTaskInfo: 0x109cb5040>: taskID = 1, taskName = Launch Background Task for Coalescing, creationTime = 79625 (elapsed = 1), _expireHandler: (null)
2026-09-19 21:26:51.797 Df ps2EntryRunner[9184:2e5763] [com.apple.UIKit:BackgroundTask] Decrementing reference count for assertion <BKSProcessAssertion: 0x109074100> (used by background task with identifier 1: <_UIBackgroundTaskInfo: 0x109cb5040>: taskID = 1, taskName = Launch Background Task for Coalescing, creationTime = 79625 (elapsed = 1))
2026-09-19 21:26:51.797 Df ps2EntryRunner[9184:2e5763] [com.apple.UIKit:BackgroundTask] Will invalidate assertion: <BKSProcessAssertion: 0x109074100> for task identifier: 1
2026-09-19 21:26:51.797 Df ps2EntryRunner[9184:2e5784] [com.apple.FrontBoard:Common] <FBSWorkspaceScenesClient:0x109cdaf80 com.apple.UIKit.KeyboardManagement.hosted> attempting delayed handshake from activation handler
2026-09-19 21:26:51.797 Df ps2EntryRunner[9184:2e5784] [com.apple.FrontBoard:Common] <FBSWorkspaceScenesClient:0x109cdaf80 com.apple.UIKit.KeyboardManagement.hosted> sent handshake
2026-09-19 21:26:51.797 Df ps2EntryRunner[9184:2e5763] [com.apple.UIKit:AppLifecycle] sceneOfRecord: sceneID: sceneID:org.ps2x.ps2entryrunner-default  persistentID: FD961832-7649-413D-9DC8-3FD94C92F717
2026-09-19 21:26:51.797 Df ps2EntryRunner[9184:2e5763] [com.apple.UIKit:InterfaceStyle] Not push traits update to screen for new style 1, <UIWindowScene: 0x109e18500> (FD961832-7649-413D-9DC8-3FD94C92F717)
2026-09-19 21:26:51.798 A  ps2EntryRunner[9184:2e5785] (RunningBoardServices) didChangeInheritances
2026-09-19 21:26:51.800 Df ps2EntryRunner[9184:2e5780] [com.apple.FrontBoard:SceneExtension] Realizing settings extension <_UIKeyboardInputSceneSettings> on FBSSceneSettings
2026-09-19 21:26:51.800 Df ps2EntryRunner[9184:2e5780] [com.apple.FrontBoard:SceneExtension] Realizing settings extension <_UIKeyboardInputSceneClientSettings> on FBSSceneClientSettings
2026-09-19 21:26:51.800 E  ps2EntryRunner[9184:2e5763] [com.apple.UIKit:Assert] -[UIApplication statusBarOrientation] API has been deprecated and is a no-op on 27.0 and later.
2026-09-19 21:26:51.800 E  ps2EntryRunner[9184:2e5763] [com.apple.UIKit:Assert] -[UIApplication statusBarOrientation] API has been deprecated and is a no-op on 27.0 and later.
2026-09-19 21:26:51.801 E  ps2EntryRunner[9184:2e5763] [com.apple.UIKit:Assert] -[UIApplication statusBarOrientation] API has been deprecated and is a no-op on 27.0 and later.
2026-09-19 21:26:51.801 A  ps2EntryRunner[9184:2e5784] (RunningBoardServices) didChangeInheritances
2026-09-19 21:26:51.828 Df ps2EntryRunner[9184:2e5763] [com.apple.gamecontroller:Session] Creating the shared game controller session...
2026-09-19 21:26:51.829 Df ps2EntryRunner[9184:2e5763] [com.apple.BackBoard:EventDelivery] policy observer <BKSHIDEventDeliveryPolicyObserver: 0x109dfe4c0; process scope; policy: UNKNOWN> added
2026-09-19 21:26:51.829 Df ps2EntryRunner[9184:2e5763] [com.apple.BackBoard:EventDelivery] [BKSHIDEventObserver] set observing:YES
2026-09-19 21:26:51.829 Df ps2EntryRunner[9184:2e5763] [com.apple.BackBoard:EventDelivery] policyStatus:<BKSHIDEventDeliveryPolicyObserver: 0x109dfe4c0; process scope; <target; generation: 126; finalStringToken>> was:(null)
2026-09-19 21:26:51.829 Df ps2EntryRunner[9184:2e5780] [com.apple.BackBoard:EventDelivery] will update observations for 0 observers
2026-09-19 21:26:51.829 A  ps2EntryRunner[9184:2e5763] (GameController) [GCDeviceSession] Activate
2026-09-19 21:26:51.829 Df ps2EntryRunner[9184:2e5763] You need UIApplicationSupportsIndirectInputEvents in your Info.plist for mouse support
2026-09-19 21:26:51.829 E  ps2EntryRunner[9184:2e5763] [com.apple.UIKit:Assert] -[UIApplication setStatusBarHidden:] API has been deprecated and is a no-op on 27.0 and later.
2026-09-19 21:26:51.832 E  ps2EntryRunner[9184:2e5763] [com.apple.UIKit:Assert] -[UIApplication statusBarOrientation] API has been deprecated and is a no-op on 27.0 and later.
2026-09-19 21:26:51.839 Df ps2EntryRunner[9184:2e5780] [com.apple.xpc:connection] [0x109fedcc0] activating connection: mach=false listener=false peer=false name=(anonymous)
2026-09-19 21:26:51.849 E  ps2EntryRunner[9184:2e5763] [com.apple.UIKit:Assert] -[UIApplication statusBarOrientation] API has been deprecated and is a no-op on 27.0 and later.
2026-09-19 21:26:51.864 Df ps2EntryRunner[9184:2e5763] [com.apple.audio.caulk:alloc] Registered notify signal com.apple.caulk.alloc.rtdump (0)
2026-09-19 21:26:51.877 Df ps2EntryRunner[9184:2e5763] (CoreAudio)   HALPlugInManagement.cpp:443    HALPlugInManagement::RegisterPlugIns: loading in-process plug-ins
2026-09-19 21:26:51.877 E  ps2EntryRunner[9184:2e5763] [com.apple.CFBundle:plugin] AddInstanceForFactory: No factory registered for id <CFUUID 0x109c76440> F8BB1C28-BAE8-11D6-9C31-00039315CD46
2026-09-19 21:26:51.885 Df ps2EntryRunner[9184:2e5763] [com.apple.coreaudio:as_client] AVAudioSessionImpl_Simulator.mm:111   Set volume on device 70 to 0.60
2026-09-19 21:26:51.885 Df ps2EntryRunner[9184:2e5763] [com.apple.coreaudio:as_client] AVAudioSessionImpl_Simulator.mm:111   Set volume on device 70 to 0.60
2026-09-19 21:26:51.885 F  ps2EntryRunner[9184:2e5763] [com.apple.runtime-issues:AVAudioSession Hang Risk]     AVAudioSession_iOS.mm:978   This method can lead to UI unresponsiveness if called on the main thread. Consider using the asynchronous activate/deactivate API instead for calls from the main thread.
2026-09-19 21:26:51.885 A  ps2EntryRunner[9184:2e5763] (libsystem_trace.dylib) Activity for state dumps
2026-09-19 21:26:51.886 Df ps2EntryRunner[9184:2e5763] [com.apple.coreaudio:ddagg]        AggregateDevice.mm:887   Creating DefaultDeviceAggregate
2026-09-19 21:26:51.890 Df ps2EntryRunner[9184:2e5763] [com.apple.coreaudio:ddagg]        AggregateDevice.mm:688   Built valid aggregate 109
2026-09-19 21:26:51.890 Df ps2EntryRunner[9184:2e5763] [com.apple.coreaudio:ddagg]        AggregateDevice.mm:1008  PrimarySessionActiveWithInputEnabled 0 -> 1
2026-09-19 21:26:51.897 Df ps2EntryRunner[9184:2e5763] [com.apple.coreaudio:ddagg]        AggregateDevice.mm:688   Built valid aggregate 112
2026-09-19 21:26:51.904 Df ps2EntryRunner[9184:2e5784] (libAudioDSP.dylib) cannot migrate AudioUnit assets for current process
2026-09-19 21:26:51.904 Df ps2EntryRunner[9184:2e5763] [com.apple.extensionkit:NSExtension] Class EXGetExtensionClass(void) returning EXConcreteExtension
2026-09-19 21:26:51.904 Df ps2EntryRunner[9184:2e5763] [com.apple.xpc:connection] [0x109d9dcc0] activating connection: mach=true listener=false peer=false name=com.apple.pluginkit.pkd
2026-09-19 21:26:51.904 A  ps2EntryRunner[9184:2e5763] (PlugInKit) continuous-discovery
2026-09-19 21:26:51.905 Df ps2EntryRunner[9184:2e5763] [com.apple.PlugInKit:discovery] <PKDiscoveryDriver:0x109c56fa0> created discovery driver
2026-09-19 21:26:51.905 Df ps2EntryRunner[9184:2e5763] [com.apple.PlugInKit:discovery] [d C4217107-A58D-4159-8E7C-6A9FBD035C0A] <PKHost:0x10d488a40> Beginning discovery for flags: 0, point: com.apple.AudioUnit
2026-09-19 21:26:51.905 Df ps2EntryRunner[9184:2e5784] [com.apple.PlugInKit:discovery] [d C4217107-A58D-4159-8E7C-6A9FBD035C0A] <PKHost:0x10d488a40> Completed discovery. Final # of matches: 0
2026-09-19 21:26:51.905 Df ps2EntryRunner[9184:2e5786] [com.apple.PlugInKit:discovery] <PKDiscoveryDriver:0x109c56fa0> delivering update to host (0 plugins)
2026-09-19 21:26:51.905 A  ps2EntryRunner[9184:2e5786] (ExtensionFoundation) discovering extensions
2026-09-19 21:26:51.905 Df ps2EntryRunner[9184:2e5786] [com.apple.extensionkit:NSExtension] discovered extensions: attributes {
    NSExtensionPointName = "com.apple.AudioUnit";
}, extensionSet {(
)}
2026-09-19 21:26:51.905 Df ps2EntryRunner[9184:2e5786] [com.apple.PlugInKit:discovery] <PKDiscoveryDriver:0x109c56fa0> installing watchers for continuous discovery
2026-09-19 21:26:51.905 A  ps2EntryRunner[9184:2e5763] (PlugInKit) continuous-discovery
2026-09-19 21:26:51.905 Df ps2EntryRunner[9184:2e5763] [com.apple.PlugInKit:discovery] <PKDiscoveryDriver:0x109c55620> created discovery driver
2026-09-19 21:26:51.905 Df ps2EntryRunner[9184:2e5763] [com.apple.PlugInKit:discovery] [d E0C4B34F-6DA0-48E9-A6FB-D17040993339] <PKHost:0x10d488a40> Beginning discovery for flags: 0, point: com.apple.AudioUnit-UI
2026-09-19 21:26:51.906 Df ps2EntryRunner[9184:2e5786] [com.apple.launchservices:appinstallation] registering for distributed notification com.apple.LaunchServices.pluginsregistered in this process
2026-09-19 21:26:51.906 Df ps2EntryRunner[9184:2e5786] [com.apple.xpc:connection] [0x109d9da40] activating connection: mach=true listener=false peer=false name=com.apple.distributed_notifications@1v3
2026-09-19 21:26:51.906 Df ps2EntryRunner[9184:2e5786] [com.apple.launchservices:appinstallation] registering for distributed notification com.apple.LaunchServices.pluginsunregistered in this process
2026-09-19 21:26:51.906 Df ps2EntryRunner[9184:2e5784] [com.apple.PlugInKit:discovery] [d E0C4B34F-6DA0-48E9-A6FB-D17040993339] <PKHost:0x10d488a40> Completed discovery. Final # of matches: 0
2026-09-19 21:26:51.907 A  ps2EntryRunner[9184:2e5785] (RunningBoardServices) didChangeInheritances
2026-09-19 21:26:51.909 Df ps2EntryRunner[9184:2e5781] [com.apple.PlugInKit:discovery] <PKDiscoveryDriver:0x109c55620> delivering update to host (0 plugins)
2026-09-19 21:26:51.909 A  ps2EntryRunner[9184:2e5781] (ExtensionFoundation) discovering extensions
2026-09-19 21:26:51.909 Df ps2EntryRunner[9184:2e5781] [com.apple.extensionkit:NSExtension] discovered extensions: attributes {
    NSExtensionPointName = "com.apple.AudioUnit-UI";
}, extensionSet {(
)}
2026-09-19 21:26:51.909 A  ps2EntryRunner[9184:2e5763] (PlugInKit) continuous-discovery
2026-09-19 21:26:51.909 Df ps2EntryRunner[9184:2e5781] [com.apple.PlugInKit:discovery] <PKDiscoveryDriver:0x109c55620> installing watchers for continuous discovery
2026-09-19 21:26:51.909 Df ps2EntryRunner[9184:2e5763] [com.apple.PlugInKit:discovery] <PKDiscoveryDriver:0x109c567c0> created discovery driver
2026-09-19 21:26:51.909 Df ps2EntryRunner[9184:2e5763] [com.apple.PlugInKit:discovery] [d 99557B01-7621-4079-B110-2E86A8D3AAA7] <PKHost:0x10d488a40> Beginning discovery for flags: 0, point: com.apple.AudioUnit-Speech
2026-09-19 21:26:51.909 Df ps2EntryRunner[9184:2e5786] [com.apple.launchservices:progress] Establishing xpc connection to lsd
2026-09-19 21:26:51.909 Df ps2EntryRunner[9184:2e5786] [com.apple.xpc:connection] [0x109d9e1c0] activating connection: mach=true listener=false peer=false name=com.apple.lsd.xpc
2026-09-19 21:26:51.909 Df ps2EntryRunner[9184:2e5786] [com.apple.launchservices:progress] Received LSWorkspaceObserverPing, xpc connection established
2026-09-19 21:26:51.909 Df ps2EntryRunner[9184:2e5786] [com.apple.PlugInKit:discovery] [d 99557B01-7621-4079-B110-2E86A8D3AAA7] <PKHost:0x10d488a40> Completed discovery. Final # of matches: 3
2026-09-19 21:26:51.909 Df ps2EntryRunner[9184:2e5781] [com.apple.PlugInKit:discovery] <PKDiscoveryDriver:0x109c567c0> delivering update to host (3 plugins)
2026-09-19 21:26:51.909 A  ps2EntryRunner[9184:2e5781] (ExtensionFoundation) discovering extensions
2026-09-19 21:26:51.910 Df ps2EntryRunner[9184:2e5781] [com.apple.extensionkit:NSExtension] discovered extensions: attributes {
    NSExtensionPointName = "com.apple.AudioUnit-Speech";
}, extensionSet {(
    <EXConcreteExtension: 0x109e0a4c0> {id = com.apple.ax.MauiTTSSupport.MauiAUSP},
    <EXConcreteExtension: 0x109e0a680> {id = com.apple.texttospeech.SiriAUSP},
    <EXConcreteExtension: 0x109e0a5a0> {id = com.apple.speech.MacinTalkFramework.MacinTalkAUSP}
)}
2026-09-19 21:26:51.910 Df ps2EntryRunner[9184:2e5781] [com.apple.PlugInKit:discovery] <PKDiscoveryDriver:0x109c567c0> installing watchers for continuous discovery
2026-09-19 21:26:51.911 A  ps2EntryRunner[9184:2e5763] (PlugInKit) continuous-discovery
2026-09-19 21:26:51.911 Df ps2EntryRunner[9184:2e5763] [com.apple.PlugInKit:discovery] <PKDiscoveryDriver:0x109c550e0> created discovery driver
2026-09-19 21:26:51.911 Df ps2EntryRunner[9184:2e5763] [com.apple.PlugInKit:discovery] [d ED6975C6-4253-4607-BF0D-48843C7280F3] <PKHost:0x10d488a40> Beginning discovery for flags: 0, point: com.apple.AudioUnit-BinauralRenderer
2026-09-19 21:26:51.911 Df ps2EntryRunner[9184:2e5781] [com.apple.PlugInKit:discovery] [d ED6975C6-4253-4607-BF0D-48843C7280F3] <PKHost:0x10d488a40> Completed discovery. Final # of matches: 0
2026-09-19 21:26:51.911 Df ps2EntryRunner[9184:2e5786] [com.apple.PlugInKit:discovery] <PKDiscoveryDriver:0x109c550e0> delivering update to host (0 plugins)
2026-09-19 21:26:51.911 A  ps2EntryRunner[9184:2e5786] (ExtensionFoundation) discovering extensions
2026-09-19 21:26:51.911 Df ps2EntryRunner[9184:2e5786] [com.apple.extensionkit:NSExtension] discovered extensions: attributes {
    NSExtensionPointName = "com.apple.AudioUnit-BinauralRenderer";
}, extensionSet {(
)}
2026-09-19 21:26:51.911 Df ps2EntryRunner[9184:2e5786] [com.apple.PlugInKit:discovery] <PKDiscoveryDriver:0x109c550e0> installing watchers for continuous discovery
2026-09-19 21:26:52.926 A  ps2EntryRunner[9184:2e5786] (RunningBoardServices) didChangeInheritances
2026-09-19 21:27:00.915 F  ps2EntryRunner[9184:2e5763] [com.apple.coreaudio:default] Initialize: RPC timeout. Apparently deadlocked. Aborting now.
2026-09-19 21:27:00.915 A  ps2EntryRunner[9184:2e5763] (libsystem_trace.dylib) Activity for state dumps
2026-09-19 21:27:44.055 Df ps2EntryRunner[9424:0] [com.apple.libsystem.libdispatch:] BUG in libdispatch: 26A428 24A434 - 612 - 0x4
2026-09-19 21:27:44.055 Df ps2EntryRunner[9424:2e6433] [com.apple.UIKit.tracing:UITraceManager] UITraceInitialize: registering notify listener
2026-09-19 21:27:44.055 Df ps2EntryRunner[9424:2e6433] [com.apple.UIKit.tracing:UITraceManager] handle_trace_notification: received notify (state=0)
2026-09-19 21:27:44.057 Df ps2EntryRunner[9424:2e6433] (libMobileGestalt.dylib) No persisted cache on this platform.
2026-09-19 21:27:44.058 Df ps2EntryRunner[9424:2e6453] [com.apple.xpc:connection] [0x10d2c80c0] activating connection: mach=true listener=false peer=false name=com.apple.cfprefsd.daemon
2026-09-19 21:27:44.058 Df ps2EntryRunner[9424:2e6455] [com.apple.xpc:connection] [0x10d2c9600] activating connection: mach=false listener=false peer=false name=(anonymous)
2026-09-19 21:27:44.060 A  ps2EntryRunner[9424:2e6454] (CoreFoundation) Loading Preferences From User Session CFPrefsD
2026-09-19 21:27:44.060 Df ps2EntryRunner[9424:2e6453] [com.apple.UIKit:BackgroundTask] Creating new assertion because there is no existing background assertion.
2026-09-19 21:27:44.060 Df ps2EntryRunner[9424:2e6453] [com.apple.UIKit:BackgroundTask] Creating new background assertion
2026-09-19 21:27:44.060 Df ps2EntryRunner[9424:2e6453] [com.apple.UIKit:BackgroundTask] Created new background assertion <BKSProcessAssertion: 0x10d2c79c0>
2026-09-19 21:27:44.060 Df ps2EntryRunner[9424:2e6453] [com.apple.runningboard:connection] Initializing connection
2026-09-19 21:27:44.060 Df ps2EntryRunner[9424:2e6433] [com.apple.UIKit:Application] Deactivation reason added: 10; deactivation reasons: 0 -> 1024; animating application lifecycle event: 0
2026-09-19 21:27:44.060 Df ps2EntryRunner[9424:2e6453] [com.apple.runningboard:process] Removing all cached process handles
2026-09-19 21:27:44.060 Df ps2EntryRunner[9424:2e6457] [com.apple.runningboard:connection] Sending handshake request attempt #1 to server
2026-09-19 21:27:44.060 Df ps2EntryRunner[9424:2e6457] [com.apple.runningboard:connection] Creating connection to com.apple.runningboard
2026-09-19 21:27:44.060 Df ps2EntryRunner[9424:2e6433] [com.apple.BoardServices:Injection] activating monitor for service com.apple.frontboard.open
2026-09-19 21:27:44.060 Df ps2EntryRunner[9424:2e6457] [com.apple.xpc:connection] [0x10dda4280] activating connection: mach=true listener=false peer=false name=com.apple.runningboard
2026-09-19 21:27:44.061 Df ps2EntryRunner[9424:2e6433] [com.apple.BoardServices:Injection] activating monitor for service com.apple.frontboard.workspace-service
2026-09-19 21:27:44.061 A  ps2EntryRunner[9424:2e6458] (RunningBoardServices) didChangeInheritances
2026-09-19 21:27:44.061 Df ps2EntryRunner[9424:2e6457] [com.apple.runningboard:connection] Handshake succeeded
2026-09-19 21:27:44.061 Df ps2EntryRunner[9424:2e6457] [com.apple.runningboard:connection] Identity resolved as app<org.ps2x.ps2entryrunner((null))>
2026-09-19 21:27:44.061 Df ps2EntryRunner[9424:2e6453] [com.apple.UIKit:BackgroundTask] Incrementing reference count for background assertion <BKSProcessAssertion: 0x10d2c79c0>
2026-09-19 21:27:44.061 Df ps2EntryRunner[9424:2e6453] [com.apple.UIKit:BackgroundTask] Created background task <_UIBackgroundTaskInfo: 0x10dcb4f80>: taskID = 1, taskName = Launch Background Task for Coalescing, creationTime = 79678 (elapsed = 0).
2026-09-19 21:27:44.062 Df ps2EntryRunner[9424:2e6453] [com.apple.FrontBoard:SceneExtension] Realizing settings extension _UIApplicationSceneKeyboardSettings on FBSSceneSettings
2026-09-19 21:27:44.062 Df ps2EntryRunner[9424:2e6433] [com.apple.FrontBoard:Common] FBSWorkspace registering source: com.apple.frontboard.systemappservices
2026-09-19 21:27:44.062 Df ps2EntryRunner[9424:2e6433] [com.apple.FrontBoard:Common] FBSWorkspace connected to endpoint : <BSServiceConnectionEndpoint: 0x10dd08c60; target: com.apple.frontboard.systemappservices; service: com.apple.frontboard.workspace-service>
2026-09-19 21:27:44.062 Df ps2EntryRunner[9424:2e6433] [com.apple.FrontBoard:Common] <FBSWorkspaceScenesClient:0x10dcd9ae0 com.apple.frontboard.systemappservices> attempting immediate handshake from activate
2026-09-19 21:27:44.062 Df ps2EntryRunner[9424:2e6433] [com.apple.FrontBoard:Common] <FBSWorkspaceScenesClient:0x10dcd9ae0 com.apple.frontboard.systemappservices> sent handshake
2026-09-19 21:27:44.062 Df ps2EntryRunner[9424:2e6453] [com.apple.FrontBoard:SceneExtension] Realizing settings extension <_UISceneOcclusionSettings> on FBSSceneSettings
2026-09-19 21:27:44.062 Df ps2EntryRunner[9424:2e6433] [com.apple.runningboard:general] Added observer for process assertions expiration warning: <_RBSExpirationWarningClient: 0x10dd08fc0>
2026-09-19 21:27:44.062 Df ps2EntryRunner[9424:2e6453] [com.apple.FrontBoard:SceneExtension] Realizing settings extension <_UISceneInterfaceProtectionSettings> on FBSSceneSettings
2026-09-19 21:27:44.062 Df ps2EntryRunner[9424:2e6453] [com.apple.FrontBoard:SceneExtension] Realizing settings extension <_UISceneDestructionClientSettings> on FBSSceneClientSettings
2026-09-19 21:27:44.063 Df ps2EntryRunner[9424:2e6453] [com.apple.FrontBoard:SceneExtension] Realizing settings extension _UISceneLayoutPreferencesHostSettingsExtension on FBSSceneSettings
2026-09-19 21:27:44.063 Df ps2EntryRunner[9424:2e6453] [com.apple.FrontBoard:SceneExtension] Realizing settings extension _UISceneSafeAreaSettingsExtension on FBSSceneSettings
2026-09-19 21:27:44.063 Df ps2EntryRunner[9424:2e6453] [com.apple.FrontBoard:SceneExtension] Realizing settings extension _UISceneBarPositionSettingsExtension on FBSSceneSettings
2026-09-19 21:27:44.063 Df ps2EntryRunner[9424:2e6453] [com.apple.FrontBoard:SceneExtension] Realizing settings extension _UISceneLayoutPreferenceClientSettingsExtension on FBSSceneClientSettings
2026-09-19 21:27:44.063 Df ps2EntryRunner[9424:2e6453] [com.apple.FrontBoard:SceneExtension] Realizing settings extension <_UIHomeAffordanceHostSceneSettings> on FBSSceneSettings
2026-09-19 21:27:44.064 Df ps2EntryRunner[9424:2e6453] [com.apple.FrontBoard:SceneExtension] Realizing settings extension _UISystemShellSceneHostingEnvironmentSettings on FBSSceneSettings
2026-09-19 21:27:44.064 Df ps2EntryRunner[9424:2e6453] [com.apple.FrontBoard:SceneExtension] Realizing settings extension _UISceneRenderingEnvironmentSettings on FBSSceneSettings
2026-09-19 21:27:44.064 Df ps2EntryRunner[9424:2e6453] [com.apple.FrontBoard:SceneExtension] Realizing settings extension _UISceneRenderingEnvironmentClientSettings on FBSSceneClientSettings
2026-09-19 21:27:44.064 Df ps2EntryRunner[9424:2e6453] [com.apple.FrontBoard:SceneExtension] Realizing settings extension <_UISceneTransitioningHostSettings> on FBSSceneSettings
2026-09-19 21:27:44.064 Df ps2EntryRunner[9424:2e6453] [com.apple.FrontBoard:SceneExtension] Realizing settings extension <_UISceneActivationInteractionSettings> on FBSSceneSettings
2026-09-19 21:27:44.064 Df ps2EntryRunner[9424:2e6453] [com.apple.FrontBoard:SceneExtension] Realizing settings extension <_UISceneFocusSystemSettings> on FBSSceneSettings
2026-09-19 21:27:44.064 Df ps2EntryRunner[9424:2e6453] [com.apple.FrontBoard:SceneExtension] Realizing settings extension _UISceneOrientationSettingsExtension on FBSSceneSettings
2026-09-19 21:27:44.064 Df ps2EntryRunner[9424:2e6453] [com.apple.FrontBoard:SceneExtension] Realizing settings extension _UISceneOrientationClientSettingsExtension on FBSSceneClientSettings
2026-09-19 21:27:44.065 Df ps2EntryRunner[9424:2e6453] [com.apple.FrontBoard:SceneExtension] Realizing settings extension _UISceneRegionSettings on FBSSceneSettings
2026-09-19 21:27:44.065 Df ps2EntryRunner[9424:2e6453] [com.apple.FrontBoard:SceneExtension] Realizing settings extension _UISceneWindowingControlClientSettings on FBSSceneClientSettings
2026-09-19 21:27:44.065 Df ps2EntryRunner[9424:2e6453] [com.apple.FrontBoard:SceneExtension] Realizing settings extension <_UICompanionSceneInterestClientSettings> on FBSSceneClientSettings
2026-09-19 21:27:44.065 Df ps2EntryRunner[9424:2e6453] [com.apple.FrontBoard:SceneExtension] Realizing settings extension <_UIResourceConditionsSceneSettings> on FBSSceneSettings
2026-09-19 21:27:44.065 Df ps2EntryRunner[9424:2e6453] [com.apple.FrontBoard:SceneExtension] Realizing settings extension _UIKeyboardInputScenePairingSettings on FBSSceneSettings
2026-09-19 21:27:44.065 Df ps2EntryRunner[9424:2e6453] [com.apple.FrontBoard:SceneExtension] Realizing settings extension <_UISceneHostingContentSizePreferenceClientSettings> on FBSSceneClientSettings
2026-09-19 21:27:44.065 Df ps2EntryRunner[9424:2e6453] [com.apple.FrontBoard:SceneExtension] Realizing settings extension _UISceneHostingTraitCollectionPropagationSettings on FBSSceneSettings
2026-09-19 21:27:44.065 Df ps2EntryRunner[9424:2e6433] [com.apple.dt.xctest:Default] Registering for test daemon availability notify post.
2026-09-19 21:27:44.065 Df ps2EntryRunner[9424:2e6453] [com.apple.FrontBoard:SceneExtension] Realizing settings extension <_UISceneHostingSheetPresentationSettings> on FBSSceneSettings
2026-09-19 21:27:44.066 Df ps2EntryRunner[9424:2e6433] [com.apple.dt.xctest:Default] notify_get_state check indicated test daemon not ready.
2026-09-19 21:27:44.066 Df ps2EntryRunner[9424:2e6453] [com.apple.FrontBoard:SceneExtension] Realizing settings extension <_UISceneHostingSheetPresentationClientSettings> on FBSSceneClientSettings
2026-09-19 21:27:44.066 Df ps2EntryRunner[9424:2e6433] [com.apple.dt.xctest:Default] notify_get_state check indicated test daemon not ready.
2026-09-19 21:27:44.066 Df ps2EntryRunner[9424:2e6453] [com.apple.FrontBoard:SceneExtension] Realizing settings extension <UIKit__UITypedKeyValueSceneSettings> on FBSSceneSettings
2026-09-19 21:27:44.066 Df ps2EntryRunner[9424:2e6433] [com.apple.dt.xctest:Default] notify_get_state check indicated test daemon not ready.
2026-09-19 21:27:44.066 Df ps2EntryRunner[9424:2e6453] [com.apple.FrontBoard:SceneExtension] Realizing settings extension <UIKit__UITypedKeyValueSceneSettings> on FBSSceneClientSettings
2026-09-19 21:27:44.066 Df ps2EntryRunner[9424:2e6453] [com.apple.FrontBoard:SceneExtension] Realizing settings extension <_UISceneHostingViewControllerPreferencePropagationClientSettings> on FBSSceneClientSettings
2026-09-19 21:27:44.066 Df ps2EntryRunner[9424:2e6453] [com.apple.FrontBoard:SceneExtension] Realizing settings extension <_UISceneZoomTransitionSettings> on FBSSceneSettings
2026-09-19 21:27:44.066 Df ps2EntryRunner[9424:2e6458] [com.apple.FrontBoard:SceneExtension] Realizing settings extension FBSSceneSettingsCore on FBSSceneSettings
2026-09-19 21:27:44.066 Df ps2EntryRunner[9424:2e6433] [com.apple.UIKit:Application] Deactivation reason added: 11; deactivation reasons: 1024 -> 3072; animating application lifecycle event: 0
2026-09-19 21:27:44.067 Df ps2EntryRunner[9424:2e6458] [com.apple.FrontBoard:SceneExtension] Realizing settings extension FBSSceneClientSettingsCore on FBSSceneClientSettings
2026-09-19 21:27:44.068 Df ps2EntryRunner[9424:2e6433] [com.apple.UIKit:UIScreen] Evaluated capturing state as 0 on <UIScreen: 0x10dda4500> for initial
2026-09-19 21:27:44.068 Df ps2EntryRunner[9424:2e6433] [com.apple.UIKit:UIScreen] Evaluated capturing state as 0 on <UIScreen: 0x10dda4500> for CADisplay KVO
2026-09-19 21:27:44.069 Df ps2EntryRunner[9424:2e6433] [com.apple.Accessibility:AXSupportCommon] Read CategoryName: per-app = 1, category name = (null)
2026-09-19 21:27:44.069 Df ps2EntryRunner[9424:2e6458] [com.apple.FrontBoard:SceneExtension] UIMutableApplicationSceneSettings setting counterpart class: UIApplicationSceneSettings
2026-09-19 21:27:44.070 Df ps2EntryRunner[9424:2e6433] [com.apple.Accessibility:AXSupportCommon] Read CategoryName: per-app = 0, category name = (null)
2026-09-19 21:27:44.070 Df ps2EntryRunner[9424:2e6458] [com.apple.FrontBoard:SceneExtension] UIMutableApplicationSceneClientSettings setting counterpart class: UIApplicationSceneClientSettings
2026-09-19 21:27:44.070 Df ps2EntryRunner[9424:2e6458] [com.apple.FrontBoard:SceneExtension] Realizing settings extension FBSSceneTransitionContextCore on FBSSceneTransitionContext
2026-09-19 21:27:44.070 E  ps2EntryRunner[9424:2e6433] [com.apple.UIKit:Assert] -[UIApplication statusBarOrientation] API has been deprecated and is a no-op on 27.0 and later.
2026-09-19 21:27:44.070 E  ps2EntryRunner[9424:2e6433] [com.apple.UIKit:Assert] -[UIApplication statusBarOrientation] API has been deprecated and is a no-op on 27.0 and later.
2026-09-19 21:27:44.070 E  ps2EntryRunner[9424:2e6433] [com.apple.coreui:framework] CoreUI: -[CUICatalog initWithName:fromBundle:error:] unable to find a bundle 'NSBundle </Users/bradrichardson/Library/Developer/CoreSimulator/Devices/4DE6C37C-77EF-45AE-827E-26286E68D022/data/Containers/Bundle/Application/DDA5DF4C-E16B-4724-BAD7-238F3495EA57/ps2EntryRunner.app> (loaded)' with identifier 'org.ps2x.ps2entryrunner'
2026-09-19 21:27:44.071 F  ps2EntryRunner[9424:2e6433] [com.apple.coreui:framework] CoreUI: -[CUICatalog initWithName:fromBundle:error:] unable to find a bundle 'NSBundle </Users/bradrichardson/Library/Developer/CoreSimulator/Devices/4DE6C37C-77EF-45AE-827E-26286E68D022/data/Containers/Bundle/Application/DDA5DF4C-E16B-4724-BAD7-238F3495EA57/ps2EntryRunner.app> (loaded)' with identifier 'org.ps2x.ps2entryrunner'
2026-09-19 21:27:44.071 A  ps2EntryRunner[9424:2e6433] (libsystem_trace.dylib) Activity for state dumps
2026-09-19 21:27:44.071 Df ps2EntryRunner[9424:2e6433] [com.apple.UIKit:AssetManager] Could not load asset catalog from bundle NSBundle </Users/bradrichardson/Library/Developer/CoreSimulator/Devices/4DE6C37C-77EF-45AE-827E-26286E68D022/data/Containers/Bundle/Application/DDA5DF4C-E16B-4724-BAD7-238F3495EA57/ps2EntryRunner.app> (loaded): Error Domain=NSCocoaErrorDomain Code=260 "RunTimeThemeRefForBundleIdentifierAndName() couldn't find Assets.car in bundle with identifier: org.ps2x.ps2entryrunner" UserInfo={NSLocalizedDescription=RunTimeThemeRefForBundleIdentifierAndName() couldn't find Assets.car in bundle with identifier: org.ps2x.ps2entryrunner}
2026-09-19 21:27:44.071 Df ps2EntryRunner[9424:2e6433] [com.apple.UIKit:Application] Deactivation reason removed: 10; deactivation reasons: 3072 -> 2048; animating application lifecycle event: 0
2026-09-19 21:27:44.073 Df ps2EntryRunner[9424:2e6433] [com.apple.xpc:connection] [0x10dda4a00] activating connection: mach=true listener=false peer=false name=com.apple.lsd.mapdb
2026-09-19 21:27:44.077 Df ps2EntryRunner[9424:2e6453] [com.apple.xpc:connection] [0x10dda4b40] activating connection: mach=true listener=false peer=false name=com.apple.fontservicesd
2026-09-19 21:27:44.082 Df ps2EntryRunner[9424:2e6433] [com.apple.xpc:connection] [0x10dda4dc0] activating connection: mach=false listener=false peer=false name=(anonymous)
2026-09-19 21:27:44.082 Df ps2EntryRunner[9424:2e6454] [com.apple.BackBoard:EventDelivery] BKSHIDEventDeliveryManager - connection activation
2026-09-19 21:27:44.084 Df ps2EntryRunner[9424:2e6433] [com.apple.app_launch_measurement:ApplicationLaunch] alm_acquire_pageins_recording_assertion: acquired pageins recording assertion!
2026-09-19 21:27:44.084 Df ps2EntryRunner[9424:2e6433] [com.apple.UIKit:Application] Deactivation reason added: 5; deactivation reasons: 2048 -> 2080; animating application lifecycle event: 1
2026-09-19 21:27:44.085 Df ps2EntryRunner[9424:2e6433] [com.apple.UIKit:InterfaceStyle] Should send trait collection or coordinate space update, interface style 1 -> 1, <UIWindowScene: 0x10de10500> (FD961832-7649-413D-9DC8-3FD94C92F717)
2026-09-19 21:27:44.085 Df ps2EntryRunner[9424:2e6433] [com.apple.UIKit:InterfaceStyle] Not push traits update to screen for new style 1, <UIWindowScene: 0x10de10500> (FD961832-7649-413D-9DC8-3FD94C92F717)
2026-09-19 21:27:44.086 Df ps2EntryRunner[9424:2e6433] [com.apple.UIKit:HomeAffordanceObservation] Initializing: <_UIHomeAffordanceSceneNotifier: 0x10de48700>; with scene: <UIWindowScene: 0x10de10500>
2026-09-19 21:27:44.086 Df ps2EntryRunner[9424:2e6433] [com.apple.BacklightServices:scenes] 0x10dc2cf00 setDelegate:<0x10dc2cbd0 _UIBacklightEnvironment> hasDelegate:YES for environment:sceneID:org.ps2x.ps2entryrunner-default
2026-09-19 21:27:44.086 Df ps2EntryRunner[9424:2e6433] [com.apple.UIKit:InterfaceStyle] Not push traits update to screen for new style 1, <UIWindowScene: 0x10de10500> (FD961832-7649-413D-9DC8-3FD94C92F717)
2026-09-19 21:27:44.086 Df ps2EntryRunner[9424:2e6433] [com.apple.UIKit:EventDeferring] [0x10dea3980] Initialized with scene: <UIWindowScene: 0x10de10500>; behavior: <_UIEventDeferringBehavior_iOS: 0x10de5f9a0>; availableForProcess: 1, systemShellManagesKeyboardFocus: 1
2026-09-19 21:27:44.087 Df ps2EntryRunner[9424:2e6433] [com.apple.GenerativeModels:availability] UserDefaults(com.apple.gms.availability, 501
2026-09-19 21:27:44.089 Df ps2EntryRunner[9424:2e6433] [com.apple.GenerativeModels:availability] registering darwin observer for name: com.apple.gms.availability.notification
2026-09-19 21:27:44.089 Df ps2EntryRunner[9424:2e6433] [com.apple.GenerativeModels:availability] registering darwin observer for name: com.apple.os-eligibility-domain.change.greymatter
2026-09-19 21:27:44.089 Df ps2EntryRunner[9424:2e6433] [com.apple.GenerativeModels:availability] registering darwin observer for name: com.apple.language.changed
2026-09-19 21:27:44.089 Df ps2EntryRunner[9424:2e6433] [com.apple.UIKit:InterfaceStyle] Not push traits update to screen for new style 1, <UIWindowScene: 0x10de10500> (FD961832-7649-413D-9DC8-3FD94C92F717)
2026-09-19 21:27:44.089 Df ps2EntryRunner[9424:2e6433] [com.apple.BackBoard:EventDelivery] policy observer <BKSHIDEventDeliveryPolicyObserver: 0x10de49810; process scope; policy: UNKNOWN> added
2026-09-19 21:27:44.089 Df ps2EntryRunner[9424:2e6433] [com.apple.BackBoard:EventDelivery] [BKSHIDEventObserver] set observing:YES
2026-09-19 21:27:44.090 Df ps2EntryRunner[9424:2e6454] [com.apple.BackBoard:EventDelivery] [BKSHIDEventObserver] - connection activation
2026-09-19 21:27:44.090 Df ps2EntryRunner[9424:2e6433] [com.apple.BackBoard:EventDelivery] policyStatus:<BKSHIDEventDeliveryPolicyObserver: 0x10de49810; process scope; <target; generation: 133; finalStringToken>> was:(null)
2026-09-19 21:27:44.090 Df ps2EntryRunner[9424:2e6433] [com.apple.BackBoard:EventDelivery] [BKSHIDEventObserver] 0x10de49810 _UIKeyWindowSceneObserver-0x10dc2e070 setToken:com.apple.frontboard.systemappservices/FBSceneManager:sceneID%3Aorg.ps2x.ps2entryrunner-default
2026-09-19 21:27:44.090 Df ps2EntryRunner[9424:2e6433] [com.apple.UIKit:KeyWindow] Setting default evaluation strategy for UIUserInterfaceIdiomPhone to LastOneWins
2026-09-19 21:27:44.090 Df ps2EntryRunner[9424:2e6433] [com.apple.UIKit:KeyWindow] Scene target of keyboard event deferring environment did change: target=1; ancestor=0; scene: UIWindowScene: 0x10de10500; scene identity: com.apple.frontboard.systemappservices/FBSceneManager:sceneID%3Aorg.ps2x.ps2entryrunner-default
2026-09-19 21:27:44.090 Df ps2EntryRunner[9424:2e6454] [com.apple.BackBoard:EventDelivery] will update observations for 0 observers
2026-09-19 21:27:44.090 Df ps2EntryRunner[9424:2e6433] [com.apple.UIKit:EventDeferring] [0x10dea3980] Scene target of event deferring environments did update: scene: 0x10de10500; current systemShellManagesKeyboardFocus: 1; systemShellManagesKeyboardFocusForScene: 1; eligibleForRecordRemoval: 1;
2026-09-19 21:27:44.090 Df ps2EntryRunner[9424:2e6433] [com.apple.UIKit:KeyWindow] Scene became target of keyboard event deferring environment: UIWindowScene: 0x10de10500; scene identity: com.apple.frontboard.systemappservices/FBSceneManager:sceneID%3Aorg.ps2x.ps2entryrunner-default
2026-09-19 21:27:44.090 Df ps2EntryRunner[9424:2e6433] [com.apple.UIKit:KeyWindow] Stack[KeyWindow] 0x10dc2da70: Taking no further action for migration from LastOneWins -> SystemShellManaged as there are no scenes
2026-09-19 21:27:44.090 Df ps2EntryRunner[9424:2e6433] [com.apple.UIKit:KeyWindow] Setting default evaluation strategy for UIUserInterfaceIdiomPhone to SystemShellManaged
2026-09-19 21:27:44.090 Df ps2EntryRunner[9424:2e6433] [com.apple.UIKit:KeyWindow] Key window needs update: 0; currentKeyWindowScene: 0x0; evaluatedKeyWindowScene: 0x10de10500; currentApplicationKeyWindow: 0x0; evaluatedApplicationKeyWindow: 0x0; reason: UIWindowScene: 0x10de10500: Window scene became target of keyboard environment
2026-09-19 21:27:44.090 Df ps2EntryRunner[9424:2e6433] [com.apple.UIKit:InterfaceStyle] Not push traits update to screen for new style 1, <UIWindowScene: 0x10de10500> (FD961832-7649-413D-9DC8-3FD94C92F717)
2026-09-19 21:27:44.090 Df ps2EntryRunner[9424:2e6433] [com.apple.UIKit:InterfaceStyle] Not push traits update to screen for new style 1, <UIWindowScene: 0x10de10500> (FD961832-7649-413D-9DC8-3FD94C92F717)
2026-09-19 21:27:44.090 Df ps2EntryRunner[9424:2e6433] [com.apple.BackBoard:EventDelivery] policy observer <BKSHIDEventDeliveryPolicyObserver: 0x10de49a40; process scope; policy: UNKNOWN> added
2026-09-19 21:27:44.090 Df ps2EntryRunner[9424:2e6433] [com.apple.BackBoard:EventDelivery] [BKSHIDEventObserver] set observing:YES
2026-09-19 21:27:44.090 Df ps2EntryRunner[9424:2e6433] [com.apple.BackBoard:EventDelivery] policyStatus:<BKSHIDEventDeliveryPolicyObserver: 0x10de49a40; process scope; <target; generation: 133; finalStringToken>> was:(null)
2026-09-19 21:27:44.090 Df ps2EntryRunner[9424:2e6454] [com.apple.BackBoard:EventDelivery] will update observations for 0 observers
2026-09-19 21:27:44.090 Df ps2EntryRunner[9424:2e6433] [com.apple.BackBoard:EventDelivery] [BKSHIDEventObserver] 0x10de49a40  setToken:com.apple.frontboard.systemappservices/FBSceneManager:sceneID%3Aorg.ps2x.ps2entryrunner-default
2026-09-19 21:27:44.090 Df ps2EntryRunner[9424:2e6433] [com.apple.UIKit:KeyboardFocusAssistant] Event deferring policy changed: finalScene:N->Y (token: com.apple.frontboard.systemappservices/FBSceneManager:sceneID%3Aorg.ps2x.ps2entryrunner-default)
2026-09-19 21:27:44.090 Df ps2EntryRunner[9424:2e6433] [com.apple.UIKit:KeyboardSceneDelegate] Scene gained keyboard focus (scene: <UIWindowScene: 0x10de10500>, responder: (nil), wantsKB: N)
2026-09-19 21:27:44.091 Df ps2EntryRunner[9424:2e6433] [com.apple.UIKit:KeyboardArbiterClientLog] isWritingToolsHandlingKeyboardTracking:Y (WT ready:Y, Arbiter ready:Y)
2026-09-19 21:27:44.091 Df ps2EntryRunner[9424:2e6433] [com.apple.UIKit:KeyboardArbiterClientLog] -[_UIRemoteKeyboards prepareToMoveKeyboard:withIAV:isIAVRelevant:showing:notifyRemote:forScene:] position: {{0, 0}, {0, 0}} visible: 0; notifyRemote: 1; isMinimized: NO
2026-09-19 21:27:44.091 Df ps2EntryRunner[9424:2e6433] [com.apple.UIKit:InterfaceStyle] Not push traits update to screen for new style 1, <UIWindowScene: 0x10de10500> (FD961832-7649-413D-9DC8-3FD94C92F717)
2026-09-19 21:27:44.091 Df ps2EntryRunner[9424:2e6433] [com.apple.UIKit:InterfaceStyle] Not push traits update to screen for new style 1, <UIWindowScene: 0x10de10500> (FD961832-7649-413D-9DC8-3FD94C92F717)
2026-09-19 21:27:44.091 Df ps2EntryRunner[9424:2e6433] [com.apple.UIKit:InterfaceStyle] Not push traits update to screen for new style 1, <UIWindowScene: 0x10de10500> (FD961832-7649-413D-9DC8-3FD94C92F717)
2026-09-19 21:27:44.091 Df ps2EntryRunner[9424:2e6433] [com.apple.UIKit:InterfaceStyle] Not push traits update to screen for new style 1, <UIWindowScene: 0x10de10500> (FD961832-7649-413D-9DC8-3FD94C92F717)
2026-09-19 21:27:44.091 Df ps2EntryRunner[9424:2e6433] [com.apple.UIKit:InterfaceStyle] Not push traits update to screen for new style 1, <UIWindowScene: 0x10de10500> (FD961832-7649-413D-9DC8-3FD94C92F717)
2026-09-19 21:27:44.091 Df ps2EntryRunner[9424:2e6433] [com.apple.UIKit:InterfaceStyle] Not push traits update to screen for new style 1, <UIWindowScene: 0x10de10500> (FD961832-7649-413D-9DC8-3FD94C92F717)
2026-09-19 21:27:44.091 Df ps2EntryRunner[9424:2e6433] [com.apple.UIKit:InterfaceStyle] Not push traits update to screen for new style 1, <UIWindowScene: 0x10de10500> (FD961832-7649-413D-9DC8-3FD94C92F717)
2026-09-19 21:27:44.091 Df ps2EntryRunner[9424:2e6433] [com.apple.UIKit:KeyboardScene] Requesting keyboard scene for (FBSceneManager):sceneID:org.ps2x.ps2entryrunner-default
2026-09-19 21:27:44.091 Df ps2EntryRunner[9424:2e6433] [com.apple.xpc:connection] [0x10dda7ac0] activating connection: mach=false listener=false peer=false name=(anonymous)
2026-09-19 21:27:44.091 Df ps2EntryRunner[9424:2e6433] [com.apple.FrontBoard:Common] FBSWorkspace registering source: com.apple.UIKit.KeyboardManagement.hosted
2026-09-19 21:27:44.091 Df ps2EntryRunner[9424:2e6433] [com.apple.FrontBoard:Common] FBSWorkspace connected to endpoint : <BSServiceConnectionEndpoint: 0x10dd0a660; target: NL:com.apple.UIKit.KeyboardManagement.hosted; service: com.apple.frontboard.workspace-service>
2026-09-19 21:27:44.092 Df ps2EntryRunner[9424:2e6433] [com.apple.UIKit:InterfaceStyle] Not push traits update to screen for new style 1, <UIWindowScene: 0x10de10500> (FD961832-7649-413D-9DC8-3FD94C92F717)
2026-09-19 21:27:44.092 Df ps2EntryRunner[9424:2e6433] [com.apple.UIKit:AppLifecycle] sceneOfRecord: sceneID: sceneID:org.ps2x.ps2entryrunner-default  persistentID: FD961832-7649-413D-9DC8-3FD94C92F717
2026-09-19 21:27:44.092 Df ps2EntryRunner[9424:2e6433] [com.apple.UIKit:Application] Ignoring already applied deactivation reason: 5; deactivation reasons: 2080
2026-09-19 21:27:44.092 Df ps2EntryRunner[9424:2e6433] [com.apple.UIKit:Application] Deactivation reason added: 12; deactivation reasons: 2080 -> 6176; animating application lifecycle event: 1
2026-09-19 21:27:44.092 Df ps2EntryRunner[9424:2e6433] [com.apple.UIKit:Application] Deactivation reason removed: 11; deactivation reasons: 6176 -> 4128; animating application lifecycle event: 1
2026-09-19 21:27:44.092 Df ps2EntryRunner[9424:2e6433] [com.apple.FrontBoard:SceneExtension] Realizing settings extension <_UISceneIntelligenceSupportSettings> on FBSSceneSettings
2026-09-19 21:27:44.092 Df ps2EntryRunner[9424:2e6453] [com.apple.UIIntelligenceSupport:xpc] establishing connection to agent
2026-09-19 21:27:44.092 Df ps2EntryRunner[9424:2e6433] [com.apple.UIKit:InterfaceStyle] Not push traits update to screen for new style 1, <UIWindowScene: 0x10de10500> (FD961832-7649-413D-9DC8-3FD94C92F717)
2026-09-19 21:27:44.092 Df ps2EntryRunner[9424:2e6453] [com.apple.xpc:session] [0x10ddc5310] Session created.
2026-09-19 21:27:44.092 Df ps2EntryRunner[9424:2e6453] [com.apple.xpc:session] [0x10ddc5310] Session created from connection [0x10dfe4280]
2026-09-19 21:27:44.092 Df ps2EntryRunner[9424:2e6433] [com.apple.FrontBoard:SceneExtension] Ingesting properties from UIApplicationSceneSettings...
2026-09-19 21:27:44.092 Df ps2EntryRunner[9424:2e6453] [com.apple.xpc:connection] [0x10dfe4280] activating connection: mach=true listener=false peer=false name=com.apple.uiintelligencesupport.agent
2026-09-19 21:27:44.092 Df ps2EntryRunner[9424:2e6453] [com.apple.xpc:session] [0x10ddc5310] Session activated
2026-09-19 21:27:44.093 Df ps2EntryRunner[9424:2e6433] [com.apple.FrontBoard:SceneExtension] Realizing settings extension <UIApplicationSceneSettings[derived]> on FBSSceneSettings
2026-09-19 21:27:44.093 Df ps2EntryRunner[9424:2e6454] [com.apple.UIIntelligenceSupport:xpc] Connection established with agent PID: 4875
2026-09-19 21:27:44.093 Df ps2EntryRunner[9424:2e6433] [com.apple.UIKit:ScenePostSettingsUpdateResponse] <_UIScenePostSettingsUpdateResponseComponent: 0x10dfb8a20>: Scheduling <_UIScenePostSettingsUpdateWindowLayout: 0x10de19980>
2026-09-19 21:27:44.093 Df ps2EntryRunner[9424:2e6433] [com.apple.UIKit:ScenePostSettingsUpdateResponse] <_UIScenePostSettingsUpdateResponseComponent: 0x10dfb8a20>: Reducing <_UIScenePostSettingsUpdateWindowLayout: 0x10de19720> into <_UIScenePostSettingsUpdateWindowLayout: 0x10de19980>
2026-09-19 21:27:44.093 Df ps2EntryRunner[9424:2e6433] [com.apple.UIKit:InterfaceStyle] Not push traits update to screen for new style 1, <UIWindowScene: 0x10de10500> (FD961832-7649-413D-9DC8-3FD94C92F717)
2026-09-19 21:27:44.093 A  ps2EntryRunner[9424:2e6454] (RunningBoardServices) didChangeInheritances
2026-09-19 21:27:44.094 Df ps2EntryRunner[9424:2e6433] [com.apple.UIKit:InterfaceStyle] Not push traits update to screen for new style 1, <UIWindowScene: 0x10de10500> (FD961832-7649-413D-9DC8-3FD94C92F717)
2026-09-19 21:27:44.094 Df ps2EntryRunner[9424:2e6433] [com.apple.network:activity] Create activity from XPC object <nw_activity 50:1 [7285DC59-F20D-4F8C-893C-9456BB053FD0] (reporting strategy default)>
2026-09-19 21:27:44.094 Df ps2EntryRunner[9424:2e6433] [com.apple.network:activity] Create activity from XPC object <nw_activity 50:2 [10B09204-5F07-434E-A5BA-C1DFDC22D418] (reporting strategy default)>
2026-09-19 21:27:44.094 Df ps2EntryRunner[9424:2e6433] [com.apple.network:activity] Set activity <nw_activity 50:1 [7285DC59-F20D-4F8C-893C-9456BB053FD0] (reporting strategy default)> as the global parent
2026-09-19 21:27:44.094 Df ps2EntryRunner[9424:2e6433] [com.apple.UIKit:BackgroundTask] Ending background task with UIBackgroundTaskIdentifier: 1
2026-09-19 21:27:44.094 Df ps2EntryRunner[9424:2e6433] [com.apple.UIKit:BackgroundTask] Ending task with identifier 1 and description: <_UIBackgroundTaskInfo: 0x10dcb4f80>: taskID = 1, taskName = Launch Background Task for Coalescing, creationTime = 79678 (elapsed = 0), _expireHandler: (null)
2026-09-19 21:27:44.094 Df ps2EntryRunner[9424:2e6433] [com.apple.UIKit:BackgroundTask] Decrementing reference count for assertion <BKSProcessAssertion: 0x10d2c79c0> (used by background task with identifier 1: <_UIBackgroundTaskInfo: 0x10dcb4f80>: taskID = 1, taskName = Launch Background Task for Coalescing, creationTime = 79678 (elapsed = 0))
2026-09-19 21:27:44.094 Df ps2EntryRunner[9424:2e6433] [com.apple.UIKit:BackgroundTask] Will invalidate assertion: <BKSProcessAssertion: 0x10d2c79c0> for task identifier: 1
2026-09-19 21:27:44.094 Df ps2EntryRunner[9424:2e6453] [com.apple.FrontBoard:Common] <FBSWorkspaceScenesClient:0x10dcdb020 com.apple.UIKit.KeyboardManagement.hosted> attempting delayed handshake from activation handler
2026-09-19 21:27:44.094 Df ps2EntryRunner[9424:2e6453] [com.apple.FrontBoard:Common] <FBSWorkspaceScenesClient:0x10dcdb020 com.apple.UIKit.KeyboardManagement.hosted> sent handshake
2026-09-19 21:27:44.095 Df ps2EntryRunner[9424:2e6433] [com.apple.UIKit:AppLifecycle] sceneOfRecord: sceneID: sceneID:org.ps2x.ps2entryrunner-default  persistentID: FD961832-7649-413D-9DC8-3FD94C92F717
2026-09-19 21:27:44.095 Df ps2EntryRunner[9424:2e6433] [com.apple.UIKit:InterfaceStyle] Not push traits update to screen for new style 1, <UIWindowScene: 0x10de10500> (FD961832-7649-413D-9DC8-3FD94C92F717)
2026-09-19 21:27:44.096 A  ps2EntryRunner[9424:2e6453] (RunningBoardServices) didChangeInheritances
2026-09-19 21:27:44.098 E  ps2EntryRunner[9424:2e6433] [com.apple.UIKit:Assert] -[UIApplication statusBarOrientation] API has been deprecated and is a no-op on 27.0 and later.
2026-09-19 21:27:44.098 E  ps2EntryRunner[9424:2e6433] [com.apple.UIKit:Assert] -[UIApplication statusBarOrientation] API has been deprecated and is a no-op on 27.0 and later.
2026-09-19 21:27:44.098 E  ps2EntryRunner[9424:2e6433] [com.apple.UIKit:Assert] -[UIApplication statusBarOrientation] API has been deprecated and is a no-op on 27.0 and later.
2026-09-19 21:27:44.098 Df ps2EntryRunner[9424:2e6453] [com.apple.FrontBoard:SceneExtension] Realizing settings extension <_UIKeyboardInputSceneSettings> on FBSSceneSettings
2026-09-19 21:27:44.098 Df ps2EntryRunner[9424:2e6453] [com.apple.FrontBoard:SceneExtension] Realizing settings extension <_UIKeyboardInputSceneClientSettings> on FBSSceneClientSettings
2026-09-19 21:27:44.099 A  ps2EntryRunner[9424:2e6454] (RunningBoardServices) didChangeInheritances
2026-09-19 21:27:44.127 Df ps2EntryRunner[9424:2e6433] [com.apple.gamecontroller:Session] Creating the shared game controller session...
2026-09-19 21:27:44.128 Df ps2EntryRunner[9424:2e6433] [com.apple.BackBoard:EventDelivery] policy observer <BKSHIDEventDeliveryPolicyObserver: 0x10ddf1110; process scope; policy: UNKNOWN> added
2026-09-19 21:27:44.128 Df ps2EntryRunner[9424:2e6433] [com.apple.BackBoard:EventDelivery] [BKSHIDEventObserver] set observing:YES
2026-09-19 21:27:44.128 Df ps2EntryRunner[9424:2e6433] [com.apple.BackBoard:EventDelivery] policyStatus:<BKSHIDEventDeliveryPolicyObserver: 0x10ddf1110; process scope; <target; generation: 133; finalStringToken>> was:(null)
2026-09-19 21:27:44.128 Df ps2EntryRunner[9424:2e6458] [com.apple.BackBoard:EventDelivery] will update observations for 0 observers
2026-09-19 21:27:44.128 A  ps2EntryRunner[9424:2e6433] (GameController) [GCDeviceSession] Activate
2026-09-19 21:27:44.128 Df ps2EntryRunner[9424:2e6433] You need UIApplicationSupportsIndirectInputEvents in your Info.plist for mouse support
2026-09-19 21:27:44.129 E  ps2EntryRunner[9424:2e6433] [com.apple.UIKit:Assert] -[UIApplication setStatusBarHidden:] API has been deprecated and is a no-op on 27.0 and later.
2026-09-19 21:27:44.132 E  ps2EntryRunner[9424:2e6433] [com.apple.UIKit:Assert] -[UIApplication statusBarOrientation] API has been deprecated and is a no-op on 27.0 and later.
2026-09-19 21:27:44.139 Df ps2EntryRunner[9424:2e6458] [com.apple.xpc:connection] [0x10dfe5cc0] activating connection: mach=false listener=false peer=false name=(anonymous)
2026-09-19 21:27:44.143 E  ps2EntryRunner[9424:2e6433] [com.apple.UIKit:Assert] -[UIApplication statusBarOrientation] API has been deprecated and is a no-op on 27.0 and later.
2026-09-19 21:27:44.158 Df ps2EntryRunner[9424:2e6433] [com.apple.audio.caulk:alloc] Registered notify signal com.apple.caulk.alloc.rtdump (0)
2026-09-19 21:27:44.171 Df ps2EntryRunner[9424:2e6433] (CoreAudio)   HALPlugInManagement.cpp:443    HALPlugInManagement::RegisterPlugIns: loading in-process plug-ins
2026-09-19 21:27:44.171 E  ps2EntryRunner[9424:2e6433] [com.apple.CFBundle:plugin] AddInstanceForFactory: No factory registered for id <CFUUID 0x10dc77f40> F8BB1C28-BAE8-11D6-9C31-00039315CD46
2026-09-19 21:27:44.179 Df ps2EntryRunner[9424:2e6433] [com.apple.coreaudio:as_client] AVAudioSessionImpl_Simulator.mm:111   Set volume on device 70 to 0.60
2026-09-19 21:27:44.179 Df ps2EntryRunner[9424:2e6433] [com.apple.coreaudio:as_client] AVAudioSessionImpl_Simulator.mm:111   Set volume on device 70 to 0.60
2026-09-19 21:27:44.179 F  ps2EntryRunner[9424:2e6433] [com.apple.runtime-issues:AVAudioSession Hang Risk]     AVAudioSession_iOS.mm:978   This method can lead to UI unresponsiveness if called on the main thread. Consider using the asynchronous activate/deactivate API instead for calls from the main thread.
2026-09-19 21:27:44.179 A  ps2EntryRunner[9424:2e6433] (libsystem_trace.dylib) Activity for state dumps
2026-09-19 21:27:44.179 Df ps2EntryRunner[9424:2e6433] [com.apple.coreaudio:ddagg]        AggregateDevice.mm:887   Creating DefaultDeviceAggregate
2026-09-19 21:27:44.184 Df ps2EntryRunner[9424:2e6433] [com.apple.coreaudio:ddagg]        AggregateDevice.mm:688   Built valid aggregate 109
2026-09-19 21:27:44.184 Df ps2EntryRunner[9424:2e6433] [com.apple.coreaudio:ddagg]        AggregateDevice.mm:1008  PrimarySessionActiveWithInputEnabled 0 -> 1
2026-09-19 21:27:44.190 Df ps2EntryRunner[9424:2e6433] [com.apple.coreaudio:ddagg]        AggregateDevice.mm:688   Built valid aggregate 112
2026-09-19 21:27:44.197 Df ps2EntryRunner[9424:2e6453] (libAudioDSP.dylib) cannot migrate AudioUnit assets for current process
2026-09-19 21:27:44.197 Df ps2EntryRunner[9424:2e6433] [com.apple.extensionkit:NSExtension] Class EXGetExtensionClass(void) returning EXConcreteExtension
2026-09-19 21:27:44.197 Df ps2EntryRunner[9424:2e6433] [com.apple.xpc:connection] [0x10dda5b80] activating connection: mach=true listener=false peer=false name=com.apple.pluginkit.pkd
2026-09-19 21:27:44.197 A  ps2EntryRunner[9424:2e6433] (PlugInKit) continuous-discovery
2026-09-19 21:27:44.198 Df ps2EntryRunner[9424:2e6433] [com.apple.PlugInKit:discovery] <PKDiscoveryDriver:0x10dd9b6c0> created discovery driver
2026-09-19 21:27:44.198 Df ps2EntryRunner[9424:2e6433] [com.apple.PlugInKit:discovery] [d 21BABBE0-8398-4697-931B-1BBEAEA52BED] <PKHost:0x1114809c0> Beginning discovery for flags: 0, point: com.apple.AudioUnit
2026-09-19 21:27:44.199 Df ps2EntryRunner[9424:2e6457] [com.apple.PlugInKit:discovery] [d 21BABBE0-8398-4697-931B-1BBEAEA52BED] <PKHost:0x1114809c0> Completed discovery. Final # of matches: 0
2026-09-19 21:27:44.199 Df ps2EntryRunner[9424:2e6453] [com.apple.PlugInKit:discovery] <PKDiscoveryDriver:0x10dd9b6c0> delivering update to host (0 plugins)
2026-09-19 21:27:44.199 A  ps2EntryRunner[9424:2e6453] (ExtensionFoundation) discovering extensions
2026-09-19 21:27:44.199 Df ps2EntryRunner[9424:2e6453] [com.apple.extensionkit:NSExtension] discovered extensions: attributes {
    NSExtensionPointName = "com.apple.AudioUnit";
}, extensionSet {(
)}
2026-09-19 21:27:44.199 Df ps2EntryRunner[9424:2e6453] [com.apple.PlugInKit:discovery] <PKDiscoveryDriver:0x10dd9b6c0> installing watchers for continuous discovery
2026-09-19 21:27:44.199 A  ps2EntryRunner[9424:2e6433] (PlugInKit) continuous-discovery
2026-09-19 21:27:44.199 Df ps2EntryRunner[9424:2e6433] [com.apple.PlugInKit:discovery] <PKDiscoveryDriver:0x10dd9b7e0> created discovery driver
2026-09-19 21:27:44.199 Df ps2EntryRunner[9424:2e6433] [com.apple.PlugInKit:discovery] [d 27E69611-16D2-4AAC-87C4-1EDC4C06EDEB] <PKHost:0x1114809c0> Beginning discovery for flags: 0, point: com.apple.AudioUnit-UI
2026-09-19 21:27:44.199 Df ps2EntryRunner[9424:2e6453] [com.apple.launchservices:appinstallation] registering for distributed notification com.apple.LaunchServices.pluginsregistered in this process
2026-09-19 21:27:44.199 Df ps2EntryRunner[9424:2e6453] [com.apple.xpc:connection] [0x10dda5a40] activating connection: mach=true listener=false peer=false name=com.apple.distributed_notifications@1v3
2026-09-19 21:27:44.199 Df ps2EntryRunner[9424:2e6453] [com.apple.launchservices:appinstallation] registering for distributed notification com.apple.LaunchServices.pluginsunregistered in this process
2026-09-19 21:27:44.200 Df ps2EntryRunner[9424:2e6457] [com.apple.PlugInKit:discovery] [d 27E69611-16D2-4AAC-87C4-1EDC4C06EDEB] <PKHost:0x1114809c0> Completed discovery. Final # of matches: 0
2026-09-19 21:27:44.203 Df ps2EntryRunner[9424:2e6454] [com.apple.PlugInKit:discovery] <PKDiscoveryDriver:0x10dd9b7e0> delivering update to host (0 plugins)
2026-09-19 21:27:44.203 A  ps2EntryRunner[9424:2e6454] (ExtensionFoundation) discovering extensions
2026-09-19 21:27:44.203 Df ps2EntryRunner[9424:2e6454] [com.apple.extensionkit:NSExtension] discovered extensions: attributes {
    NSExtensionPointName = "com.apple.AudioUnit-UI";
}, extensionSet {(
)}
2026-09-19 21:27:44.203 Df ps2EntryRunner[9424:2e6454] [com.apple.PlugInKit:discovery] <PKDiscoveryDriver:0x10dd9b7e0> installing watchers for continuous discovery
2026-09-19 21:27:44.203 A  ps2EntryRunner[9424:2e6433] (PlugInKit) continuous-discovery
2026-09-19 21:27:44.203 Df ps2EntryRunner[9424:2e6433] [com.apple.PlugInKit:discovery] <PKDiscoveryDriver:0x10dd98840> created discovery driver
2026-09-19 21:27:44.203 Df ps2EntryRunner[9424:2e6433] [com.apple.PlugInKit:discovery] [d 79A455A0-8D6E-4630-AE1B-0ACCCA40EF53] <PKHost:0x1114809c0> Beginning discovery for flags: 0, point: com.apple.AudioUnit-Speech
2026-09-19 21:27:44.203 Df ps2EntryRunner[9424:2e6453] [com.apple.launchservices:progress] Establishing xpc connection to lsd
2026-09-19 21:27:44.203 Df ps2EntryRunner[9424:2e6453] [com.apple.xpc:connection] [0x10dda61c0] activating connection: mach=true listener=false peer=false name=com.apple.lsd.xpc
2026-09-19 21:27:44.203 A  ps2EntryRunner[9424:2e6457] (RunningBoardServices) didChangeInheritances
2026-09-19 21:27:44.203 Df ps2EntryRunner[9424:2e6455] [com.apple.launchservices:progress] Received LSWorkspaceObserverPing, xpc connection established
2026-09-19 21:27:44.204 Df ps2EntryRunner[9424:2e6455] [com.apple.PlugInKit:discovery] [d 79A455A0-8D6E-4630-AE1B-0ACCCA40EF53] <PKHost:0x1114809c0> Completed discovery. Final # of matches: 3
2026-09-19 21:27:44.204 Df ps2EntryRunner[9424:2e6454] [com.apple.PlugInKit:discovery] <PKDiscoveryDriver:0x10dd98840> delivering update to host (3 plugins)
2026-09-19 21:27:44.204 A  ps2EntryRunner[9424:2e6454] (ExtensionFoundation) discovering extensions
2026-09-19 21:27:44.204 Df ps2EntryRunner[9424:2e6454] [com.apple.extensionkit:NSExtension] discovered extensions: attributes {
    NSExtensionPointName = "com.apple.AudioUnit-Speech";
}, extensionSet {(
    <EXConcreteExtension: 0x10de064c0> {id = com.apple.ax.MauiTTSSupport.MauiAUSP},
    <EXConcreteExtension: 0x10de06680> {id = com.apple.texttospeech.SiriAUSP},
    <EXConcreteExtension: 0x10de065a0> {id = com.apple.speech.MacinTalkFramework.MacinTalkAUSP}
)}
2026-09-19 21:27:44.204 Df ps2EntryRunner[9424:2e6454] [com.apple.PlugInKit:discovery] <PKDiscoveryDriver:0x10dd98840> installing watchers for continuous discovery
2026-09-19 21:27:44.205 A  ps2EntryRunner[9424:2e6433] (PlugInKit) continuous-discovery
2026-09-19 21:27:44.205 Df ps2EntryRunner[9424:2e6433] [com.apple.PlugInKit:discovery] <PKDiscoveryDriver:0x10dd98360> created discovery driver
2026-09-19 21:27:44.205 Df ps2EntryRunner[9424:2e6433] [com.apple.PlugInKit:discovery] [d C09F8584-A631-46B5-93ED-93AA24A0255C] <PKHost:0x1114809c0> Beginning discovery for flags: 0, point: com.apple.AudioUnit-BinauralRenderer
2026-09-19 21:27:44.206 Df ps2EntryRunner[9424:2e6454] [com.apple.PlugInKit:discovery] [d C09F8584-A631-46B5-93ED-93AA24A0255C] <PKHost:0x1114809c0> Completed discovery. Final # of matches: 0
2026-09-19 21:27:44.206 Df ps2EntryRunner[9424:2e6455] [com.apple.PlugInKit:discovery] <PKDiscoveryDriver:0x10dd98360> delivering update to host (0 plugins)
2026-09-19 21:27:44.206 A  ps2EntryRunner[9424:2e6455] (ExtensionFoundation) discovering extensions
2026-09-19 21:27:44.206 Df ps2EntryRunner[9424:2e6455] [com.apple.extensionkit:NSExtension] discovered extensions: attributes {
    NSExtensionPointName = "com.apple.AudioUnit-BinauralRenderer";
}, extensionSet {(
)}
2026-09-19 21:27:44.206 Df ps2EntryRunner[9424:2e6455] [com.apple.PlugInKit:discovery] <PKDiscoveryDriver:0x10dd98360> installing watchers for continuous discovery
2026-09-19 21:27:45.216 A  ps2EntryRunner[9424:2e6453] (RunningBoardServices) didChangeInheritances
2026-09-19 21:27:53.210 F  ps2EntryRunner[9424:2e6433] [com.apple.coreaudio:default] Initialize: RPC timeout. Apparently deadlocked. Aborting now.
2026-09-19 21:27:53.210 A  ps2EntryRunner[9424:2e6433] (libsystem_trace.dylib) Activity for state dumps
