POLL t=10.8 tick=600
8333333
439277750499194	439277763164298	439277750781226
439277767106278	439277779597735	439277767381903
439277783839871	439277796029038	439277784129819
439277800637371	439277812460548	439277800913465
439277817142059	439277828894610	439277817438726
439277833858257	439277845328778	439277834147371
439277850565184	439277861760860	439277850881226
439277867329976	439277878192632	439277867611903
439277883881226	439277894622840	439277884135496
439277900427371	439277911051330	439277900719976
439277917338569	439277935699298	439277917654246
439277933798621	439277952132162	439277934091590
439277950558778	439277968563413	439277950847215
439277967027684	439277984999558	439277967320444
439277983729090	439278001433309	439277984050601
439278000588778	439278017864871	439278000863934
439278017248465	439278034295132	439278017528569
439278033788413	439278050729038	439278034092528
439278050428413	439278067162476	439278050710288
439278067185028	439278083593152	439278067490965
439278084148465	439278100023986	439278084437371
439278100678621	439278116455131	439278100972319
439278117099246	439278132889038	439278117380340
439278133860965	439278149321642	439278134140601
439278150679559	439278165752788	439278150948413
439278167292059	439278182186850	439278167572371
439278183845184	439278198618673	439278184177163
439278200620809	439278215050652	439278200898569
439278217337371	439278231484090	439278217611590
439278233882684	439278247920027	439278234167371
439278250547371	439278264356069	439278250850028
439278267116903	439278280791641	439278267414246
439278283855340	439278297227891	439278284122319
439278300643153	439278313665548	439278300917996
439278317262371	439278330103517	439278317545600
439278333911278	439278346540027	439278334197528
439278350459819	439278362978100	439278350747163
439278367106590	439278379411641	439278367391590
439278384204559	439278395846277	439278384486590
439278400536902	439278412279871	439278400818725
439278417068777	439278428714246	439278417358934
439278433782059	439278445147110	439278434077996
439278450760340	439278461578516	439278451052059
439278467193100	439278478013204	439278467474194
439278483897944	439278494447891	439278484162684
439278500584715	439278519095600	439278500863934
439278517197840	439278535530287	439278517490809
439278533863621	439278551961069	439278534144402
439278550653725	439278568392736	439278550951902
439278567102163	439278584824610	439278567400288
439278583784507	439278601257318	439278584065340
439278600582944	439278617689090	439278600872007
439278617159559	439278634121537	439278617434715
439278633641850	439278650555860	439278633925965
439278650343934	439278666989037	439278650647371
439278667317996	439278683423413	439278667618361
439278684075652	439278699857527	439278684335913
439278700568100	439278716290912	439278700846590
439278717283309	439278732726121	439278717551277
439278733858309	439278749160965	439278734147996
439278750514038	439278765594402	439278750800027
439278767154819	439278782029402	439278767453413
439278783912996	439278798463621	439278784210132
439278800517631	439278814898725	439278800802788
439278817371277	439278831332995	439278817652163
439278833782788	439278847765391	439278834075340
439278850400809	439278864193985	439278850690288
439278867084506	439278880624662	439278867379090
439278883931277	439278897054767	439278884187319
439278900417527	439278913483673	439278900710965
439278917038100	439278929913672	439278917348777
439278933621381	439278946343673	439278933912840
439278950534663	439278962774715	439278950824506
439278967232527	439278979204246	439278967512788
439278983736694	439278995634715	439278984057215
439279000585184	439279012067839	439279000868152
439279017319871	439279028500340	439279017610913
439279033693569	439279044934349	439279033993308
439279050445965	439279061368047	439279050727319
439279067315288	439279077802058	439279067600808
439279084150965	439279094238203	439279084443933
439279100834715	439279118890600	439279101135808
439279117325183	439279135323047	439279117605965
439279133941590	439279151756433	439279134221902
439279150852371	439279168191797	439279151136225
439279167692371	439279184624505	439279167978569
439279184457683	439279201058100	439279184749819
439279201252371	439279217491902	439279201531121
439279217749663	439279233926329	439279218038308
439279234280496	439279250359870	439279234569402
439279251265808	439279266791902	439279251559194
439279268097996	439279283225235	439279268365965
439279284651902	439279299659089	439279284934194
439279301329038	439279316091642	439279301621590
439279318068933	439279332524662	439279318355288
439279334701277	439279348955599	439279335003725
439279351431746	439279365388985	439279351717944
439279368141746	439279381824246	439279368401902
439279384952006	439279398257683	439279385228621
439279401545340	439279414693360	439279401826225
439279418256694	439279431128100	439279418539558
439279435450183	439279447565027	439279435750027
439279451504558	439279464001901	439279451783725
439279468140131	439279480439610	439279468422840
439279484877475	439279496875495	439279485160808
439279501542371	439279513310182	439279501830965
439279518033256	439279529744610	439279518304246
439279535389090	439279546177215	439279535655340
439279551430340	439279562609246	439279551698152
439279568026433	439279579039037	439279568281902
439279584548777	439279595472319	439279584833152
439279601195756	439279611905704	439279601479871
439279617866277	439279628338099	439279618138152
439279634919715	439279652987891	439279635204975
439279666774975	439279677636433	439279667066694
439279670316225	439279685852787	439279670583725
439279696407839	439279710498932	439279696662214
439279708556381	439279718713932	439279708835496
439279724769037	439279735144766	439279725050652
439279739304506	439279751576225	439279739591433
439279757932475	439279776224662	439279758205808
439279774542631	439279792655755	439279774825183
439279791662996	439279809087214	439279791944089
439279807333777	439279817302891	439279807626069
439279825021121	439279841947943	439279825289402
439279839440964	439279850163411	439279839730339
439279858416537	9223372036854775807	439279858694402

POLL t=21.9 tick=1201
8333333
439288996431430	439289010968825	439288996715753
439289013020023	439289027399241	439289013299242
439289029654971	439289043830752	439289029949242
439289046453461	439289060263252	439289046731430
439289063023773	439289076697939	439289063297211
439289080375753	439289093133408	439289080652992
439289096406742	439289109567523	439289096693305
439289113035336	439289126004086	439289113340180
439289129666898	439289142438669	439289129938096
439289146412471	439289158873773	439289146697940
439289163038930	439289175305179	439289163327680
439289180204086	439289191735284	439289180483305
439289196416586	439289208165179	439289196699971
439289213211898	439289224594345	439289213498565
439289229690440	439289241023564	439289229987836
439289246270440	439289257454762	439289246575128
439289263089346	439289273887783	439289263369971
439289280375180	439289298535596	439289280660648
439289297470492	439289314966273	439289297748096
439289314141690	439289331395805	439289314426430
439289330805284	439289347822731	439289331134190
439289347577680	439289364248200	439289347937523
439289364246586	439289380678877	439289364535961
439289380854242	439289397109085	439289381152211
439289396712680	439289413539763	439289396997992
439289413352680	439289429971065	439289413657836
439289429653461	439289446400856	439289429952680
439289446366846	439289462835075	439289446660648
439289462868773	439289479268408	439289463145909
439289480293148	439289495701116	439289480571065
439289496487992	439289512134971	439289496778148
439289513137679	439289528566585	439289513416586
439289530121898	439289544999815	439289530394867
439289546426221	439289561430387	439289546713357
439289563027054	439289577862887	439289563320440
439289580282054	439289594294450	439289580570492
439289596477627	439289610724345	439289596756117
439289613200336	439289627155231	439289613477992
439289629594242	439289643586586	439289629869711
439289646311273	439289660020335	439289646585127
439289663142523	439289676453044	439289663435023
439289680330179	439289692884970	439289680610336
439289696383096	439289709317314	439289696661586
439289713007054	439289725747783	439289713266065
439289729933617	439289742178877	439289730230648
439289746494554	439289758611845	439289746773252
439289763114346	439289775043148	439289763396690
439289780162627	439289791475647	439289780456898
439289796407836	439289807906585	439289796690961
439289813123929	439289824336949	439289813404867
439289829841586	439289840769450	439289830115284
439289846362679	439289857201221	439289846647211
439289863055961	439289873635023	439289863379346
439289880355596	439289898285283	439289880642002
439289897525336	439289914719449	439289897807159
439289914176690	439289931149398	439289914472836
439289930761377	439289947580336	439289931048304
439289947500752	439289964014241	439289947786429
439289963605908	439289980446429	439289963889971
439289980888461	439289996878721	439289981190908
439289996512679	439290013312575	439289996801065
439290013151690	439290029747106	439290013456586
439290029601429	439290046177627	439290029899711
439290046487158	439290062608356	439290046776690
439290063042679	439290079040700	439290063332523
439290080242211	439290095472366	439290080518408
439290096577002	439290111904137	439290096863461
439290113621221	439290128334501	439290113910804
439290129658617	439290144767418	439290129941533
439290146257054	439290161199606	439290146534658
439290163032315	439290177630543	439290163319398
439290180261273	439290194059137	439290180544085
439290196431846	439290210488304	439290196704971
439290212911065	439290226913876	439290213193148
439290229629971	439290243340699	439290229924710
439290246495648	439290259772262	439290246778096
439290263177523	439290276202314	439290263459085
439290280419398	439290292631324	439290280701377
439290296509502	439290309060022	439290296789867
439290313120023	439290325487730	439290313395440
439290330012210	439290341919710	439290330278304
439290346647627	439290358352158	439290346933408
439290363232210	439290374782939	439290363508773
439290380331065	439290391214085	439290380648460
439290396686221	439290407645804	439290396973929
439290413289867	439290424081273	439290413580960
439290429905908	439290440516273	439290430189971
439290446554971	439290456949971	439290446830648
439290463384710	439290481600179	439290463664398
439290481659085	439290498033199	439290481935960
439290497684242	439290514466116	439290497960804
439290514276742	439290530902470	439290514568304
439290531267627	439290547336012	439290531551429
439290546795596	439290563770699	439290547090179
439290563688096	439290580208356	439290563978565
439290580671585	439290596643616	439290580956585
439290596584398	439290613077678	439290596889710
439290613356429	439290629510387	439290613629554
439290629812835	439290645942730	439290630083773
439290646424242	439290662378199	439290646694398
439290663020283	439290678811221	439290663299710
439290680386898	439290695246064	439290680655023
439290696505648	439290711680751	439290696798929
439290713068148	439290728115543	439290713349398
439290729647471	439290744550230	439290729917210
439290746171221	439290760984084	439290746450648
439290762546742	439290777416689	439290762832523
439290779572210	439290793850491	439290779846898
439290795759242	439290810284658	439290796045908
439290812429398	439290826718563	439290812710804
439290829233564	439290843149657	439290829510491
439290845816585	439290859580699	439290846096116
439290858547627	439290876012314	439290858839502
439290883870960	439290900662835	439290884154554
439290896823148	439290908878772	439290897110491
439290912576741	439290925308199	439290912854398
439290928922366	439290941737314	439290929215179
439290946439346	439290958165126	439290946713252
439290962478616	439290974592731	439290962761064
439290979734033	439290991019449	439290980035804
439290995828096	439291007447835	439290996118096
439291012592314	439291023879345	439291012890387
439291029192314	439291040314085	439291029482627
439291045698616	439291056745907	439291045985596
439291061542366	439291073179189	439291061830127
439291078860648	439291089613199	439291079139346
439291095157835	9223372036854775807	439291095442054

POLL t=33.1 tick=1626
8333333
439300417810644	439300431694811	439300418143717
439300434447675	439300448130695	439300434813613
439300451058873	439300472781477	439300457806113
439300474790644	439300489214601	439300475081738
439300484446113	439300497433091	439300484800488
439300501122988	439300513867988	439300501477519
439300517749186	439300530302154	439300518107779
439300534417779	439300546735800	439300534786061
439300551105800	439300579602102	439300564475592
439300575672207	439300587817779	439300576000332
439300584387988	439300596034863	439300584740332
439300601127988	439300612463612	439300601491373
439300617781582	439300628892050	439300618133925
439300634434811	439300645320747	439300634806790
439300651106686	439300678182154	439300661176894
439300675738925	439300686398300	439300676124550
439300684468873	439300702830019	439300684837363
439300701110644	439300719262154	439300701495488
439300717746425	439300735692102	439300718092831
439300734423925	439300752123092	439300734779706
439300751092936	439300776771320	439300762070331
439300776259550	439300793199966	439300776452936
439300784857050	439300801416373	439300785127936
439300801325331	439300817847050	439300801679811
439300818083300	439300834276841	439300818402936
439300834692467	439300850706738	439300835039706
439300851374654	439300867135487	439300851703769
439300868095331	439300883564966	439300872610904
439300891590644	439300908209289	439300891874081
439300901303769	439300916423977	439300901666425
439300918057675	439300932852154	439300918425279
439300934691894	439300949281372	439300935042831
439300951356581	439300965713352	439300951716842
439300967992831	439300998570747	439300981251061
439300992545644	439301006785436	439300992831373
439301001328300	439301015000748	439301001683144
439301018062623	439301031428456	439301018412779
439301034781842	439301047856269	439301035082311
439301051363613	439301064285748	439301051721113
439301068161425	439301097145330	439301083213144
439301084681529	439301105360227	439301084937154
439301109450435	439301121789289	439301109725904
439301117970279	439301130004132	439301118318092
439301134627779	439301146433508	439301134980175
439301151410904	439301162863716	439301151719290
439301168110175	439301195723872	439301178939863
439301192630123	439301203938977	439301192912363
439301201324185	439301212154497	439301201676425
439301218035123	439301228584758	439301218387050
439301234695175	439301245016790	439301235045175
439301251399654	439301261450123	439301251778300
439301268121269	439301294312779	439301276694706
439301293192935	439301310743456	439301293477362
439301301444237	439301318959914	439301301639810
439301318035175	439301335390800	439301318405487
439301334689498	439301351820382	439301335042519
439301351342154	439301368252727	439301351705748
439301367994862	439301392899341	439301377794550
439301393019654	439301409331997	439301393306842
439301401308873	439301417548612	439301402019654
439301418064081	439301433980383	439301418406998
439301434625019	439301450414497	439301434978717
439301451329394	439301466848612	439301451705123
439301468081425	439301491496060	439301478953769
439301492235175	439301507926424	439301492520487
439301501283404	439301516141632	439301501656217
439301518098144	439301532571737	439301518443092
439301534703560	439301549002571	439301535058664
439301551343873	439301565434497	439301551716842
439301567987206	439301590075487	439301578462831
439301592422519	439301606505174	439301592733925
439301601361737	439301614719810	439301601724862
439301618055435	439301631149497	439301618401737
439301634750019	439301647581216	439301635097987
439301651372519	439301664011998	439301651720956
439301668065904	439301688661268	439301677095019
439301693362362	439301705093872	439301693635019
439301701407831	439301713310487	439301701776894
439301718095019	439301729741841	439301718447362
439301734717519	439301746173560	439301735064706
439301751425175	439301762606946	439301751787050
439301768228716	439301795468352	439301781494550
439301793404394	439301803684862	439301793677154
439301801384185	439301820116789	439301801773404
439301818035800	439301836545278	439301818400904
439301834725956	439301852975851	439301835076685
439301851394862	439301869406164	439301851776529
439301868114706	439301885834497	439301868466581
439301884731581	439301902262257	439301890280123
439301908441529	439301918691372	439301908727466
439301918061581	439301935121632	439301918440487
439301934740644	439301951552779	439301935118456
439301951387675	439301967984028	439301951734706
439301968185591	439301984419341	439301968504393
439301984731060	439302000855695	439301985101581
439302001420331	439302017291685	439302001680800
439302025788091	439302041942466	439302026060800
439302034857050	439302050160175	439302035037050
439302051405331	439302066591945	439302051761268
439302068066737	439302083025122	439302068395956
439302084654810	439302099459601	439302085012206
439302101384706	439302115893039	439302104687362
439302125211112	439302140543924	439302125502518
439302134678300	439302148760539	439302135051737
439302151398612	439302165190382	439302151755435
439302168102362	439302181619393	439302168409862
439302184676737	439302198052622	439302185031112
439302201364185	439302214485695	439302201717466
439302218001268	439302230919237	439302218802518
439302242003925	439302255566268	439302242291529
439302251305800	439302263781841	439302251685175
439302267999498	439302280211789	439302268379654
439302284672362	439302296641164	439302285028560
439302301396529	439302329502778	439302313660175
439302326056737	439302337717831	439302326333456
439302334677623	439302345933977	439302335038925
439302351398560	439302362364705	439302351737518
439302368116268	439302378795955	439302368401268
439302384699029	439302403440799	439302385063716
439302401344081	439302419872726	439302401725747
439302418021372	439302436302361	439302418740747
439302442036372	439302452733039	439302442312622
439302451420018	439302469164184	439302451762779
439302468029706	439302485593612	439302468367154
439302484813143	439302502021632	439302485176737
439302501375487	439302518450695	439302501731216
439302518047518	9223372036854775807	439302523127310

POLL t=45.0 tick=1723
8333333
439312068535796	439312082279129	439312068894858
439312085157775	439312098715588	439312085524858
439312101847983	439312131579546	439312117538765
439312118569963	439312139794441	439312118830275
439312142407358	439312156224702	439312142689963
439312151809233	439312164440170	439312152163921
439312168567983	439312180871525	439312168906994
439312185216213	439312197302202	439312185563556
439312201906108	439312213731472	439312202258140
439312218546577	439312238377827	439312221852150
439312242252358	439312254807930	439312242557827
439312251847931	439312263024076	439312252207462
439312268577671	439312279457410	439312268941577
439312285217150	439312295889493	439312285568712
439312301862515	439312312322410	439312302221681
439312318532150	439312345185795	439312330258087
439312343751837	439312361617410	439312344085640
439312351848452	439312369833920	439312352225171
439312368535327	439312386265483	439312368897827
439312385244233	439312402699441	439312385618400
439312401877306	439312419133191	439312402269494
439312418504025	439312435566993	439312418875900
439312435162671	439312451999441	439312438822306
439312459404962	439312476644493	439312459694806
439312468502514	439312484860222	439312469491681
439312485190796	439312501291681	439312485541577
439312501854858	439312517720379	439312502204389
439312518502358	439312534150899	439312518878869
439312535222671	439312558798347	439312546263452
439312559458087	439312575229493	439312559743712
439312568529546	439312583444389	439312568893400
439312585250483	439312599876576	439312585612827
439312601896681	439312616307046	439312602250014
439312618540483	439312632738139	439312618894077
439312635225014	439312649171003	439312635566264
439312651884337	439312673812670	439312657552931
439312676264233	439312690240587	439312676491264
439312685207514	439312698455796	439312685567879
439312701913452	439312714886003	439312702260431
439312718578608	439312731316368	439312718926056
439312735244077	439312747745952	439312735599858
439312751851889	439312764175222	439312752243139
439312768532827	439312780606784	439312770071837
439312792966681	439312805253503	439312793256733
439312801876994	439312813469910	439312802233139
439312818589962	439312829901785	439312818946733
439312835225014	439312846334494	439312835570171
439312851881421	439312862767150	439312852253087
439312868562671	439312895634805	439312883712358
439312885222827	439312903851524	439312885474962
439312909663712	439312920285379	439312909946264
439312918514389	439312936717618	439312918867514
439312935205952	439312953149962	439312935590014
439312951816681	439312969582513	439312952178139
439312968560639	439312986015952	439312968919337
439312985251264	439313002450326	439312991077514
439313009842827	439313027101212	439313010111264
439313018677983	439313035318191	439313018981264
439313035218921	439313051750274	439313035598139
439313051904233	439313068180379	439313052259077
439313068575171	439313084611368	439313068928243
439313085190014	439313109260899	439313098538295
439313109576368	439313125693190	439313109857358
439313118513295	439313133908347	439313118874858
439313135245587	439313150338139	439313135605275
439313151859858	439313166770899	439313152237514
439313168600170	439313183202774	439313168966733
439313185188243	439313199637149	439313185567670
439313201831420	439313216070587	439313203995275
439313226603764	439313240717149	439313226895639
439313235267306	439313248931993	439313235665170
439313251896525	439313265361107	439313252268556
439313268607931	439313281790952	439313268964077
439313285279389	439313298220274	439313285626368
439313302013452	439313331076420	439313318610014
439313318737983	439313339290118	439313318771420
439313343389545	439313355719492	439313343676212
439313351886681	439313363935535	439313352301420
439313368681108	439313380364597	439313369051577
439313385322827	439313396795535	439313385695014
439313401984858	439313413227566	439313402338920
439313418721889	439313446095743	439313435038556
439313435296681	439313454313191	439313435367775
439313459961889	439313470746055	439313460255639
439313468705639	439313487179545	439313469064702
439313485321837	439313503612879	439313485705795
439313501946577	439313520042982	439313502314077
439313518618920	439313536473555	439313518975587
439313535330170	439313552902201	439313535693712
439313551915118	439313577549076	439313559937827
439313577779233	439313593978972	439313578083139
439313585372514	439313602194545	439313585623243
439313602087306	439313618624597	439313602464077
439313618830118	439313635053816	439313619119181
439313635409649	439313651481836	439313635768608
439313652091993	439313667909857	439313652257358
439313668741577	439313692556367	439313678213087
439313693537149	439313708986003	439313693844545
439313702052618	439313717201368	439313702237514
439313718751264	439313733634388	439313719110639
439313735398764	439313750064284	439313735747827
439313752107306	439313766495013	439313752264701
439313768703295	439313782926367	439313769062201
439313785329076	439313807571315	439313790528139
439313810490170	439313824004597	439313810763451
439313818677358	439313832220274	439313819050014
439313835378608	439313848652670	439313835738920
439313851998139	439313865085795	439313852186264
439313868668139	439313881519181	439313869036420
439313885362462	439313914379388	439313901036993
439313902011524	439313922595013	439313902270951
439313926844024	439313939027149	439313927139649
439313935292045	439313947242983	439313935656264
439313952257774	439313963675847	439313952474337
439313968690743	439313980106367	439313969064337
439313985327983	439313996540326	439313985691368
439314001978139	439314021188294	439314005725639
439314026680431	439314037619128	439314026983451
439314035333608	439314045833659	439314035716264
439314052094962	439314062261316	439314052409858
439314068706733	439314078691680	439314069047931
439314085370483	439314103337253	439314085734858
439314102027774	439314127983242	439314117189389
439314118692670	439314136199232	439314118963295
439314143858920	439314160844597	439314144141368
439314152080951	439314169059493	439314152293087
439314168721524	9223372036854775807	439314169161420

POLL t=56.4 tick=1868
8333333
439323452541573	439323469204177	439323452941104
439323469281260	439323493857874	439323477597146
439323494198917	439323510292354	439323494487667
439323502518917	439323518509385	439323502711573
439323519210948	439323534944125	439323519580323
439323535850583	439323551378239	439323536221833
439323552526677	439323584245999	439323568743135
439323569228396	439323592465479	439323569311364
439323594305166	439323608903916	439323594597927
439323602544385	439323617121989	439323602894229
439323619190948	439323633556624	439323619561573
439323635869541	439323649991624	439323636238916
439323652570791	439323674641937	439323659915791
439323676897614	439323691076520	439323677202771
439323685845323	439323699293083	439323686211260
439323702552146	439323715726728	439323702935323
439323719185271	439323732160010	439323719547979
439323735904854	439323765024072	439323751314385
439323752492771	439323773240010	439323752791260
439323777031416	439323789673135	439323777332198
439323785839229	439323797889125	439323786236521
439323802535791	439323814323968	439323802908239
439323819196260	439323830759645	439323819559854
439323835968448	439323855415114	439323842248291
439323860276104	439323871851988	439323860575166
439323869198916	439323880070738	439323869572041
439323885873760	439323896505947	439323886239698
439323902500479	439323921158343	439323902877666
439323919155739	439323945809021	439323935273916
439323935866260	439323954026364	439323936151416
439323960331729	439323970461364	439323960653864
439323969172614	439323986894958	439323969576104
439323985856260	439324003331520	439323986220323
439324002525427	439324019768603	439324002896885
439324019180166	439324044425687	439324027843135
439324043873395	439324060861208	439324044185323
439324052513916	439324069078082	439324053286104
439324069233604	439324085511885	439324069596260
439324085854020	439324101945478	439324086242198
439324102509854	439324134812093	439324118385583
439324119165479	439324143028447	439324119449698
439324143765427	439324159463187	439324144082145
439324152597354	439324167680842	439324152971989
439324169267041	439324184116363	439324169638604
439324185893760	439324200549332	439324186259229
439324202585791	439324225198707	439324207077198
439324227095479	439324241634280	439324227399385
439324235870947	439324249852457	439324236238291
439324252553447	439324266289853	439324252924333
439324269210427	439324282727926	439324269578135
439324285893239	439324299164176	439324286265739
439324302627979	439324323818915	439324308157041
439324326977354	439324340255218	439324327275791
439324335867666	439324348473447	439324336251260
439324352549333	439324364907822	439324352924541
439324369198083	439324381341468	439324369562927
439324385892197	439324397777249	439324386261052
439324402580114	439324422432092	439324405198135
439324426972197	439324438867249	439324427272510
439324435947927	439324447084645	439324436310479
439324452584802	439324463520686	439324452968135
439324469200166	439324479954488	439324469573447
439324485864645	439324504607874	439324486241572
439324502558083	439324521043551	439324507992614
439324526900010	439324537479541	439324527205635
439324535851260	439324553914436	439324536231364
439324552525947	439324570348655	439324552901989
439324569186885	439324586788499	439324569575635
439324585839385	439324603226884	439324586215947
439324602540791	439324619663759	439324605858604
439324626896885	439324644319488	439324627198708
439324635918760	439324652538238	439324636130635
439324652546364	439324668978082	439324652899541
439324669213135	439324685418707	439324669574385
439324685882666	439324701859020	439324686266104
439324702590426	439324718301156	439324707289697
439324726866572	439324742958603	439324727166104
439324735923239	439324751176103	439324736308135
439324752599229	439324767611363	439324752977822
439324769221676	439324784046207	439324769590947
439324785968447	439324800479749	439324786325739
439324802704072	439324825130947	439324807782458
439324826941104	439324841566884	439324827233916
439324835946833	439324849785530	439324836314072
439324852683604	439324866221208	439324853072926
439324869370947	439324882657770	439324869729176
439324885991572	439324915534436	439324902951416
439324902824176	439324923752353	439324902975478
439324927196364	439324940186884	439324927492145
439324935955166	439324948404593	439324936350426
439324952636728	439324964840062	439324952988291
439324969343291	439324981275530	439324969700635
439324986010322	439325014143030	439324998378760
439325011788083	439325022359280	439325012053239
439325019292353	439325030576207	439325019684228
439325036043551	439325047008082	439325036366833
439325052663135	439325063442458	439325053024333
439325069320947	439325079878238	439325069669385
439325086009489	439325104530843	439325093890947
439325110923239	439325129186103	439325111305166
439325119285478	439325137404436	439325119567510
439325135922614	439325153840426	439325136299853
439325152545739	439325170276572	439325152932926
439325169343447	439325186712353	439325169726989
439325185937458	439325203149801	439325191581103
439325211027614	439325227805061	439325211307926
439325219240270	439325236021676	439325220327041
439325235973603	439325252458707	439325236340322
439325252645426	439325268893186	439325252982978
439325269223708	439325301761780	439325284099697
439325285882822	439325309979957	439325286167458
439325311679176	439325326414905	439325311990478
439325319190166	439325334631832	439325319563291
439325335871364	439325351064853	439325336251103
439325352579697	439325367499228	439325352959541
439325369231885	439325392152092	439325376133239
439325394569228	439325408588915	439325394873395
439325402544853	439325416805426	439325402914072
439325419245166	439325433242457	439325419614541
439325435890322	439325449677717	439325436255478
439325452542353	439325466113655	439325452913082
439325469255426	439325490765894	439325473183603
439325494180791	439325507200634	439325494494697
439325502592510	439325515417561	439325502966103
439325519261364	439325531854384	439325519625322
439325535999385	439325548291415	439325536363135
439325552608291	9223372036854775807	439325552989853

POLL t=68.0 tick=1990
8333333
439335103009173	439335121245943	439335103374068
439335119664537	439335137680839	439335120044954
439335136345423	439335154112766	439335141702454
439335160976829	439335178763495	439335161358756
439335169664225	439335186978807	439335169936829
439335186337506	439335203410578	439335186703756
439335203013079	439335228062245	439335215053443
439335227213391	439335244497558	439335227525943
439335236358704	439335252715057	439335236868079
439335253024797	439335269147974	439335253372766
439335269680162	439335302015630	439335286852975
439335286634797	439335310231881	439335286858287
439335310923860	439335326663547	439335311223547
439335319623756	439335334878703	439335320134225
439335336393443	439335351308860	439335336774381
439335353014850	439335367742245	439335353375735
439335369680162	439335384176568	439335372106099
439335394761412	439335408828755	439335395198287
439335402995006	439335417045994	439335403362506
439335419698287	439335433478859	439335420051047
439335436329797	439335466344120	439335449831985
439335452989016	439335474560682	439335453338287
439335481111516	439335499212558	439335481479381
439335486284954	439335507429119	439335486628235
439335502997349	439335515645474	439335503396985
439335519699849	439335532078026	439335520326672
439335545306099	439335556727661	439335545653704
439335552971568	439335564943026	439335553343860
439335569684016	439335581376568	439335570040891
439335586342818	439335614238755	439335599585631
439335602999224	439335622454328	439335603351047
439335631196204	439335647101828	439335631584537
439335636335943	439335655318287	439335636641829
439335653005735	439335671750631	439335653365943
439335669680006	439335688181776	439335674349224
439335693766412	439335704613599	439335694060318
439335703018912	439335721050578	439335703387662
439335719680266	439335737487297	439335720072766
439335736374381	439335762141464	439335747174381
439335761505006	439335778575109	439335761792037
439335769759537	439335786792453	439335770097089
439335786366204	439335803226933	439335786729016
439335803012141	439335827877140	439335815783912
439335819779016	439335836094432	439335820073547
439335847692037	439335860741776	439335847910318
439335852999797	439335868957349	439335853762453
439335869701724	439335885391047	439335870213756
439335886348912	439335901823130	439335891240266
439335910563391	439335926477036	439335910852662
439335919675787	439335934695318	439335920064172
439335936350006	439335951128287	439335936717193
439335953045162	439335975776671	439335964031360
439335977718912	439335992208912	439335978061412
439335986311516	439336000426933	439335986702193
439336002978599	439336016861672	439336003359381
439336019651881	439336049733912	439336032826412
439336036358860	439336057952297	439336036718755
439336065140943	439336082602452	439336065546880
439336069635630	439336090820005	439336070014849
439336086319537	439336099037297	439336086880005
439336102977610	439336123687505	439336106870943
439336127127453	439336140119744	439336127432453
439336136418547	439336148335526	439336136785943
439336153074485	439336164766724	439336153431724
439336169737349	439336197631411	439336181044068
439336195670474	439336214067088	439336195962766
439336203020891	439336222284119	439336203298287
439336219738130	439336230500839	439336220102974
439336236409537	439336263364797	439336251469016
439336253069537	439336271582922	439336253447037
439336281143235	439336296233078	439336281503443
439336286352974	439336304450005	439336286714224
439336303058078	439336320884952	439336303438391
439336319773235	439336337319432	439336323853755
439336344795787	439336361972766	439336345183912
439336353058443	439336370190630	439336353337349
439336369770630	439336386626776	439336370140318
439336386453599	439336411280109	439336401122453
439336403197037	439336419497192	439336403545318
439336430793912	439336444147296	439336431124797
439336436463287	439336452363234	439336437420891
439336453149224	439336468796671	439336453522453
439336469804641	439336485227661	439336474055630
439336494269641	439336509878286	439336494571203
439336503081359	439336518094588	439336503441984
439336519808599	439336534527088	439336520159641
439336536442349	439336550962505	439336539027349
439336561505630	439336575613442	439336561800162
439336569760578	439336583831463	439336570131724
439336586468755	439336600266620	439336586820266
439336603132609	439336616702244	439336605581724
439336627309172	439336641359067	439336627602349
439336636399380	439336649577921	439336636777037
439336653136255	439336666015734	439336653501047
439336669857818	439336690669119	439336673863130
439336693920786	439336707104484	439336694198547
439336703107974	439336715321775	439336703541255
439336719761672	439336731756411	439336720152818
439336736522036	439336764623494	439336749165630
439336753208443	439336772839797	439336753578755
439336782477349	439336797491203	439336782769224
439336786429380	439336805708130	439336786755266
439336803098911	439336813925630	439336803556411
439336819788130	439336830357817	439336820141411
439336843611568	439336855006203	439336843920474
439336853126672	439336871441619	439336853485318
439336869773547	439336887875942	439336870144224
439336886386047	439336904309901	439336886756880
439336903111411	439336920744067	439336910006099
439336927575630	439336945393130	439336927871255
439336936565578	439336953609431	439336936816099
439336953108286	439336970040578	439336953468130
439336969786724	439336994687609	439336981601099
439336994801724	439337011118911	439336995080943
439337003130630	439337019334797	439337003320734
439337019762036	439337035769848	439337020130891
439337036415318	439337068640943	439337051614172
439337053098286	439337076858911	439337053442974
439337080984328	439337093295369	439337081340943
439337086436880	439337101513077	439337086910943
439337103098234	439337117946307	439337103485422
439337119753859	439337134380213	439337123383130
439337143331255	439337159031880	439337143616568
439337153029068	439337167249380	439337153439849
439337169738911	439337183685317	439337170110005
439337186425161	439337216554796	439337200202505
439337203112453	439337224772661	439337203453130

POLL t=79.8 tick=2124
8333333
439346920294064	439346938328334	439346925865158
439346946464324	439346962981771	439346946751251
439346953632658	439346971200730	439346953977970
439346970294064	439346987636772	439346970656251
439346986930470	439347012290261	439347001558543
439347003644533	439347020508438	439347003943074
439347032242449	439347045166407	439347032534376
439347036939168	439347053384897	439347037780626
439347053607501	439347069821824	439347053996980
439347070290730	439347086259115	439347073924480
439347095347501	439347110914532	439347095636095
439347103551251	439347119132292	439347103936980
439347120322345	439347135568907	439347120656043
439347136951095	439347152004064	439347137309845
439347153614376	439347168440886	439347157347658
439347179101407	439347193094688	439347179394532
439347186961720	439347201312136	439347187400939
439347203660939	439347217747605	439347204150470
439347220290001	439347234185365	439347220651668
439347236975418	439347258839689	439347240577449
439347262482032	439347275275053	439347262815939
439347270273439	439347283492553	439347270643387
439347286970001	439347299928802	439347287308543
439347303621564	439347324586146	439347315206564
439347329079064	439347341024063	439347329389064
439347336946720	439347349243073	439347337315001
439347353614845	439347365682709	439347353997032
439347370296199	439347398560001	439347382089064
439347386947293	439347406779480	439347387303855
439347413715470	439347431437344	439347414016876
439347420279376	439347439656720	439347420551980
439347436943595	439347447876719	439347437301095
439347453600574	439347472530365	439347458850314
439347478773230	439347497187918	439347479080157
439347486902345	439347505407292	439347487184689
439347503585157	439347521844740	439347504005730
439347520247345	439347546499011	439347532571720
439347536972345	439347554715469	439347537346095
439347568137657	439347579367396	439347568503543
439347570304845	439347587584896	439347570909220
439347586937189	439347604021147	439347587442814
439347603638074	439347620458699	439347604150730
439347620376564	439347636896823	439347622499480
439347647098907	439347661551355	439347647602605
439347653609220	439347669769584	439347654397345
439347670368074	439347686203333	439347670849064
439347686976980	439347702639688	439347687332032
439347703641199	439347727293959	439347713893855
439347729494220	439347743729636	439347729783595
439347736978751	439347751948490	439347737333126
439347753611668	439347768384636	439347753967814
439347770294220	439347793037709	439347782723907
439347787002345	439347801255261	439347787535626
439347817195730	439347834126927	439347817548439
439347820677814	439347842344740	439347820979064
439347837011563	439347850562501	439347837377657
439347853682501	439347875215469	439347862017345
439347879030938	439347891650938	439347879317136
439347887001407	439347899868177	439347887365157
439347903686876	439347916303386	439347904053386
439347920343074	439347949172865	439347931530470
439347947537657	439347965607031	439347947827136
439347953673699	439347973823126	439347954018282
439347970333126	439347982040626	439347970702136
439347986969845	439348014913646	439348002433907
439348003694480	439348023133386	439348004067449
439348031969220	439348047788542	439348032253699
439348037012970	439348056006980	439348037341355
439348053664532	439348064226198	439348054027032
439348070364845	439348088883021	439348072889793
439348099490313	439348113539323	439348099822918
439348103681407	439348121757969	439348103978751
439348120360418	439348138195365	439348120727761
439348137064688	439348171066146	439348156973230
439348154082032	439348179282865	439348157049011
439348181199532	439348195718542	439348181595001
439348187016563	439348203937083	439348188063282
439348203736668	439348220370157	439348204172501
439348220406199	439348236804532	439348220779220
439348237108438	439348261459688	439348244242449
439348264398386	439348277896407	439348264690105
439348270411667	439348286115209	439348270613542
439348287083386	439348302551407	439348287457970
439348303705938	439348335419949	439348318448751
439348320415626	439348343637656	439348320721199
439348347467813	439348360073542	439348347759636
439348353729063	439348368291615	439348354092501
439348370398126	439348384728907	439348370779480
439348387105105	439348401167449	439348389887188
439348413047657	439348425824011	439348413353751
439348420429376	439348434043438	439348420805470
439348437095470	439348450480521	439348437460574
439348453725938	439348466916459	439348454093907
439348470524220	439348491567605	439348474350730
439348495944011	439348508002917	439348496241667
439348503709063	439348516220573	439348504081563
439348520402969	439348532659219	439348520760417
439348537066719	439348565531667	439348551005938
439348553795782	439348573750208	439348554082136
439348584566355	439348598404114	439348584916407
439348586995157	439348606622188	439348587311719
439348603725001	439348614839792	439348604160105
439348620452761	439348639495989	439348625110313
439348646101407	439348664154115	439348646390782
439348653719532	439348672372657	439348653998907
439348670409844	439348688807604	439348670772813
439348687040157	439348713460365	439348699195626
439348703768386	439348721679323	439348704068438
439348735706251	439348746335678	439348736091719
439348737100001	439348754554896	439348737786876
439348753721719	439348770991771	439348754168282
439348770376251	439348795647605	439348779911876
439348796689219	439348812084219	439348797048386
439348803771407	439348820301563	439348804659688
439348820406667	439348836735990	439348820777501
439348837078594	439348853170000	439348837441667
439348853733907	439348869603750	439348857048699
439348880630782	439348894252761	439348880997449
439348887029532	439348902469376	439348887443907
439348903695157	439348918905886	439348904093751
439348920407813	439348951772760	439348935806251
439348937063282	439348959990208	439348937416876
439348964688855	439348976424844	439348964968230
439348970383855	439348984642396	439348970758907
439348987041407	439349001073750	439348987415782
439349003818698	439349025722032	439349008038438
439349029757813	9223372036854775807	439349030149480

POLL t=91.6 tick=2330
8333333
439359054114632	439359065900778	439359054490257
439359070786403	439359082339788	439359071159684
439359087472497	439359106998850	439359093845882
439359112652965	439359123434840	439359113033122
439359120770622	439359131652236	439359121136715
439359137435465	439359148087132	439359137797028
439359154108434	439359172740100	439359162366715
439359179087965	439359197392601	439359179382809
439359187449476	439359205609997	439359187718226
439359204144945	439359222044996	439359204501820
439359220796976	439359246696194	439359228874997
439359246751403	439359263135986	439359247066507
439359254107601	439359271355517	439359254464684
439359270773434	439359287795673	439359271137497
439359287463747	439359312458277	439359295690309
439359313302445	439359328900725	439359313591559
439359320736090	439359337120308	439359320941403
439359337438434	439359353558070	439359337803278
439359354113747	439359378213642	439359361576195
439359379188903	439359394648277	439359379494528
439359387441403	439359402866715	439359387812445
439359404150778	439359419301246	439359404508590
439359420799319	439359443950777	439359427419632
439359445789684	439359460385726	439359446085309
439359454112028	439359468604319	439359454474372
439359470791715	439359485039944	439359471151715
439359487466090	439359509692913	439359493631507
439359513073538	439359526128694	439359513432028
439359520777653	439359534344267	439359521135569
439359537448122	439359550778746	439359537812497
439359554120153	439359575428382	439359563323747
439359579703069	439359591861819	439359579984684
439359587416663	439359600078850	439359587783069
439359604154788	439359616514424	439359604498590
439359620793382	439359641165621	439359629064371
439359646086403	439359657601871	439359646369684
439359654128746	439359665820153	439359654490465
439359670790934	439359682254683	439359671152757
439359687466715	439359706906714	439359695442965
439359712961871	439359731556350	439359713254319
439359720774215	439359739772600	439359721043278
439359737445309	439359747990100	439359737804840
439359754172809	439359772638902	439359762056715
439359779622184	439359797289007	439359779963538
439359787442965	439359805506194	439359787759684
439359804145569	439359821942183	439359804505465
439359820811559	439359846591766	439359830073903
439359847771038	439359863025829	439359848159528
439359854117340	439359871242079	439359855013746
439359870795882	439359887674579	439359871227184
439359887408746	439359912324891	439359896350621
439359913366715	439359928758850	439359913656246
439359920799371	439359936975881	439359920990621
439359937480778	439359953409944	439359937836559
439359954178434	439359978060205	439359962433746
439359979574944	439359994492184	439359979856403
439359987471246	439360002707236	439359987843746
439360004157809	439360019136558	439360004524996
439360020806976	439360043780882	439360028382965
439360047450309	439360060210568	439360047737496
439360054092965	439360068426246	439360054469215
439360070817965	439360084856663	439360071193746
439360087483069	439360109503434	439360098275725
439360113252757	439360125935568	439360113561246
439360120796350	439360134151922	439360121154215
439360137477340	439360150582548	439360137896715
439360154164215	439360175230725	439360162627965
439360179933434	439360191664163	439360180229840
439360187440153	439360199882548	439360187806246
439360204174163	439360216316871	439360204549788
439360220800309	439360240961766	439360228964840
439360247413121	439360265604527	439360247692184
439360254144371	439360273818694	439360254401090
439360270835934	439360282033381	439360271194996
439360287548225	439360306676871	439360296534944
439360313577184	439360331323537	439360313919527
439360320817809	439360339540412	439360321085777
439360337472965	439360355975360	439360337844059
439360354203850	439360380626402	439360364865569
439360381708902	439360397055152	439360382004996
439360387529684	439360405271350	439360387932809
439360404204475	439360421703590	439360404568277
439360420883277	439360446352809	439360431852027
439360448974527	439360462789579	439360449257132
439360454181871	439360471006975	439360455021246
439360470779163	439360487441611	439360471168277
439360487562288	439360512092860	439360498695152
439360514603694	439360528528902	439360514900309
439360520790465	439360536747496	439360521159632
439360537514996	439360553181559	439360537877496
439360554201194	439360577830985	439360564205934
439360580366559	439360594264423	439360580659527
439360587498850	439360602480256	439360587882757
439360604227652	439360618913902	439360604592340
439360620865621	439360643563693	439360630121194
439360647564996	439360659998277	439360647853277
439360654144840	439360668215725	439360654523590
439360670861559	439360684646506	439360671216090
439360687528590	439360717507392	439360700370100
439360704329632	439360725722235	439360704634215
439360734125465	439360750366037	439360734411559
439360737641090	439360758581766	439360737982340
439360754235152	439360766797495	439360754703434
439360770914475	439360791446193	439360780902340
439360796983590	439360807877236	439360797267913
439360804304475	439360816093590	439360804648121
439360820934996	439360832526819	439360821287184
439360837593694	439360865392599	439360848485152
439360865144631	439360881825621	439360865508902
439360870896090	439360890042756	439360871165777
439360887573746	439360898260047	439360887945309
439360904285621	439360931128225	439360914593850
439360931809840	439360947563120	439360932102808
439360937503225	439360955780413	439360937808850
439360954201558	439360972213589	439360954597444
439360970883850	439360996861766	439360980901246
439360998045152	439361013295099	439360998347808
439361004239371	439361021512287	439361004529371
439361020854371	439361037946037	439361021234631
439361037523590	439361062595621	439361046634371
439361065246871	439361079028537	439361065555308
439361070865777	439361087245308	439361071035777
439361087602027	439361103679683	439361087963069
439361104287652	439361128334266	439361113790308
439361129907808	439361144766141	439361130203902
439361137555413	439361152983433	439361137923433
439361154271194	9223372036854775807	439361154641194

POLL t=103.6 tick=2475
8333333
439371044241242	439371054295773	439371044531398
439371054513117	439371070728898	439371054888378
439371071178221	439371087161450	439371071549211
439371087872128	439371111807075	439371094203378
439371110962648	439371128238013	439371111302023
439371121171971	439371136454002	439371121537909
439371137850148	439371152885200	439371138210565
439371154541034	439371177530721	439371161214211
439371177857128	439371193962179	439371178154680
439371187859784	439371202177700	439371188227336
439371204528273	439371218609679	439371204895721
439371221218898	439371243256242	439371227984784
439371244385461	439371259686137	439371244682440
439371254522492	439371267901450	439371254883742
439371271203430	439371284332648	439371271576086
439371287865930	439371308976450	439371293467336
439371310984784	439371325404679	439371311275617
439371321137284	439371333619627	439371321504627
439371337871711	439371350049262	439371338239784
439371354509680	439371374699627	439371362237492
439371377883690	439371391133273	439371378192492
439371387867284	439371399349888	439371388222492
439371404638846	439371415783273	439371404987805
439371421200773	439371440430877	439371426715148
439371444632648	439371456863533	439371444960252
439371454534054	439371473294939	439371454901659
439371471194992	439371489728429	439371471554367
439371487875096	439371506164263	439371496165409
439371511370409	439371522599002	439371511675304
439371521206867	439371539035565	439371521575304
439371537856242	439371555468377	439371538216190
439371554520721	439371580120460	439371562239836
439371578963742	439371596555200	439371579263586
439371587937179	439371604773533	439371588203065
439371604538429	439371621206658	439371604934523
439371621225148	439371645852908	439371628249367
439371644486711	439371662284835	439371644778429
439371654495565	439371670501501	439371654938429
439371671204836	439371686935773	439371671571502
439371687888117	439371711581501	439371693815461
439371711104940	439371728010824	439371711403898
439371721161086	439371736226241	439371721544471
439371737862804	439371752657231	439371738084784
439371754552492	439371777301658	439371760399679
439371777884992	439371793734627	439371778183065
439371787822336	439371801949627	439371788202804
439371804496086	439371818381710	439371804904679
439371821182492	439371843030929	439371825862023
439371844613898	439371859463064	439371844972752
439371854469367	439371867677648	439371854842023
439371871227908	439371884108689	439371871588065
439371887898117	439371908757699	439371893529158
439371911088742	439371925190460	439371911389523
439371921200929	439371933406502	439371921562023
439371937870461	439371949837075	439371938232440
439371954546971	439371974485200	439371958641033
439371978484679	439371990916137	439371978837023
439371987863377	439371999130512	439371988227336
439372004547752	439372015560825	439372004923117
439372021228429	439372040209210	439372026212752
439372045925461	439372056642387	439372046284315
439372054541815	439372073074991	439372054890721
439372071167283	439372089505408	439372071598221
439372087848898	439372114150877	439372096367335
439372112800877	439372130581241	439372113120721
439372121214315	439372138796450	439372121471867
439372137872908	439372155227023	439372138244367
439372154534367	439372179871658	439372161934367
439372179278585	439372196303117	439372179575565
439372187816242	439372204518533	439372188692023
439372204516971	439372220950824	439372204895148
439372221285929	439372245597647	439372229717127
439372245507335	439372262029939	439372245817492
439372254554835	439372270247648	439372254831554
439372271264523	439372286680669	439372271616190
439372287976867	439372311330668	439372293464471
439372311167179	439372327764678	439372311459367
439372321158690	439372335983064	439372321529679
439372337956398	439372352420616	439372338473585
439372354570929	439372377075929	439372362441971
439372377925617	439372393512804	439372378222023
439372387902492	439372401732022	439372388276554
439372404555773	439372418167908	439372404908585
439372421344992	439372442818585	439372425781710
439372444880304	439372459254679	439372445181190
439372454571554	439372467473325	439372454934940
439372471292023	439372483910148	439372471663117
439372488035565	439372508564418	439372493040929
439372511088273	439372525001346	439372511363429
439372521212752	439372533220304	439372521584314
439372537942335	439372549654679	439372538290304
439372554602804	439372574304835	439372563418742
439372577819679	439372590739783	439372578093533
439372587959054	439372598955668	439372588320564
439372604624002	439372615388429	439372604983898
439372621364314	439372640036450	439372626001502
439372645022127	439372656470355	439372645396242
439372654596710	439372672900669	439372654945460
439372671246658	439372689330408	439372671695148
439372687928742	439372705762074	439372695722908
439372711138585	439372722194782	439372711426242
439372721267492	439372738628637	439372721619992
439372737924783	439372755063949	439372738281710
439372754613741	439372779714991	439372763697283
439372778934314	439372796149261	439372779216398
439372787857752	439372804366450	439372788226241
439372804560616	439372820799054	439372804927179
439372821314627	439372845448116	439372828161971
439372844575096	439372861880252	439372844864158
439372854549991	439372870097856	439372854744210
439372871207491	439372886531189	439372871570616
439372887873689	439372911178481	439372893555460
439372910895096	439372927611085	439372911199991
439372921142752	439372935828116	439372921520564
439372937852439	439372952261657	439372938226971
439372954511866	439372976908585	439372963321658
439372977622752	439372993340147	439372977920929
439372987856658	439373001556554	439372988237127
439373004526033	439373017987855	439373004915616
439373021259002	439373042635096	439373026973846
439373044178689	439373059067178	439373044714523
439373054488689	439373067282908	439373054877804
439373071201971	439373083712282	439373071574783
439373087943377	439373108358376	439373092834158
439373110952491	439373124788481	439373111242960
439373121179523	439373133004835	439373121552283
439373137943429	9223372036854775807	439373138308273

POLL t=115.5 tick=2701
8333333
439382938301238	439382951639987	439382938700613
439382954977019	439382976293008	439382960236394
439382977953998	439382992726758	439382978240613
439382988301081	439383000944102	439382988667019
439383004975092	439383017379050	439383005344779
439383021640248	439383042034518	439383028411394
439383044701081	439383058469779	439383044995144
439383054969363	439383066685925	439383055335769
439383071642175	439383083118425	439383072049154
439383088312435	439383107763268	439383091425613
439383111229154	439383124198789	439383111517331
439383121539363	439383132415664	439383121918269
439383138246863	439383148850040	439383138618738
439383154908373	439383173501029	439383161943113
439383177927956	439383189935769	439383178242175
439383188359310	439383206370091	439383188715300
439383204960769	439383222803945	439383205329988
439383221693060	439383239234987	439383228374831
439383244634935	439383255667174	439383244920873
439383254968894	439383272101654	439383255328998
439383271644050	439383288536132	439383272038685
439383288327175	439383304968580	439383292711862
439383311263269	439383329617070	439383311565404
439383321571706	439383337834102	439383321950300
439383338298581	439383354267435	439383338666029
439383354918737	439383378915196	439383362877019
439383377886862	439383395348008	439383378191967
439383388257331	439383403564205	439383388469050
439383404968581	439383419995872	439383405351185
439383421636706	439383444644153	439383428915925
439383444575925	439383461077382	439383444878269
439383454957435	439383469292903	439383455324935
439383471664675	439383485725300	439383472064675
439383488323842	439383510374258	439383492623112
439383512703685	439383526809570	439383513000925
439383521633425	439383535026601	439383522053425
439383538349519	439383551462122	439383538853737
439383554959831	439383584335404	439383567333373
439383571628269	439383592553633	439383571969935
439383597828685	439383608988998	439383598166394
439383604972644	439383617206706	439383605346810
439383621631967	439383650073216	439383632416654
439383646102644	439383658289310	439383646397435
439383654966341	439383666505091	439383655338269
439383671624050	439383682937800	439383671989206
439383688303112	439383707587487	439383694869519
439383711298894	439383724023164	439383711620091
439383721633529	439383732240091	439383722001237
439383738318685	439383748673008	439383738696550
439383754992748	439383773323424	439383758322331
439383778619362	439383789760508	439383778981966
439383788268737	439383806197383	439383788642331
439383804940456	439383822631914	439383805348529
439383821617487	439383847283528	439383830207175
439383845790612	439383863718425	439383846084466
439383854984206	439383871935195	439383855620925
439383871636550	439383888370716	439383872070300
439383888333216	439383904803893	439383893898373
439383911180612	439383921237174	439383911489310
439383921669206	439383937670508	439383921877800
439383938304623	439383954103476	439383938671237
439383955011550	439383978751654	439383960909362
439383977914154	439383995184883	439383978203581
439383988299831	439384003401445	439383988667643
439384004981550	439384019832382	439384005374831
439384021661237	439384044476393	439384027423893
439384044526081	439384060905143	439384044828112
439384054965925	439384069119518	439384055325768
439384071652487	439384085548945	439384072019362
439384088379206	439384110198997	439384092175716
439384111456654	439384126629883	439384111732904
439384121628581	439384134844882	439384121964831
439384138373268	439384151275039	439384138728268
439384155045612	439384175921914	439384160438581
439384178081393	439384192354362	439384178356810
439384188371341	439384200570612	439384188725143
439384205040612	439384217003788	439384205415143
439384221770456	439384241655351	439384226871185
439384244810925	439384258090925	439384245107018
439384255069466	439384266308477	439384255433998
439384271734310	439384299172851	439384284546654
439384288465456	439384307390925	439384288769154
439384315133737	439384332041497	439384315421081
439384321701706	439384340257956	439384322008737
439384338436810	439384348474622	439384338838997
439384355094518	439384373124153	439384356109206
439384378274518	439384389553997	439384378568893
439384388405612	439384405985924	439384388772331
439384405097018	439384430633320	439384416779831
439384429659206	439384447064257	439384429940872
439384438347904	439384455279153	439384439146706
439384455056550	439384471710560	439384455438893
439384471844935	439384496356862	439384478567122
439384495189987	439384512788945	439384495469518
439384505070143	439384521004258	439384505702487
439384521774675	439384537433580	439384522134675
439384538454206	439384562076757	439384544223581
439384561283372	439384578506653	439384561579518
439384571743737	439384586721966	439384572101029
439384588405456	439384603153997	439384588770872
439384605076549	439384619587487	439384609429987
439384628774362	439384644240194	439384629087956
439384638349049	439384652457226	439384638727956
439384655071654	439384668889987	439384655432331
439384671800143	439384693541914	439384676720768
439384694568268	439384709976549	439384694872331
439384705068841	439384718194726	439384705424362
439384721738424	439384734629466	439384722103841
439384738461185	439384759281549	439384742199622
439384761459831	439384775716862	439384761766654
439384771685247	439384783933788	439384772058112
439384788421706	439384800365768	439384788793737
439384805108424	439384825015976	439384813269674
439384828608893	439384841451757	439384828890299
439384838384674	439384849669205	439384838743581
439384855025456	439384866104361	439384855410612
439384871732747	439384890754882	439384875791810
439384894637435	439384907188581	439384894935299
439384905055872	439384923623840	439384905470820
439384921724518	439384940060559	439384922097487
439384938413424	439384956495403	439384943954674
439384961163528	439384972930299	439384961457487
439384971752956	439384989368424	439384972112174
439384988409206	439385005804153	439384988766393
439385005099674	439385022240976	439385009215768
439385027945143	439385038677799	439385028271237
439385038506393	439385055115403	439385039010924

POLL t=127.4 tick=2852
8333333
439394595248056	439394613128629	439394595536389
439394605422639	439394621345295	439394605836806
439394622096858	439394637778994	439394622464827
439394638780296	439394662429149	439394647444514
439394661893421	439394678865868	439394662182952
439394672137483	439394687083368	439394672516389
439394688778889	439394703518941	439394689141858
439394705434358	439394728173577	439394715617014
439394728684983	439394744612275	439394728974931
439394738771858	439394752831857	439394739135921
439394755451233	439394769270920	439394755802639
439394772215087	439394793926441	439394779465712
439394795341233	439394810363785	439394795624514
439394805443837	439394818582222	439394805822639
439394822126702	439394835018785	439394822483368
439394838782796	439394859672170	439394844606702
439394862094202	439394876109201	439394862384514
439394872174358	439394884327639	439394872531650
439394888793733	439394900764306	439394889153681
439394905455764	439394925417951	439394912018681
439394928738421	439394941855764	439394929061389
439394938781077	439394950073941	439394939194671
439394955406962	439394966513837	439394955767639
439394972204046	439394991170347	439394979665243
439394995436962	439395007607638	439394995785087
439395005450764	439395024042899	439395005818577
439395022082483	439395040478941	439395022457170
439395038795764	439395056916701	439395045786233
439395062101858	439395073354878	439395062394514
439395072171077	439395089794982	439395072530764
439395088788212	439395106234670	439395089170764
439395105508212	439395122674826	439395112315920
439395128889827	439395139113628	439395129177014
439395138795920	439395155552899	439395139297795
439395155426389	439395171994305	439395155789983
439395172326858	439395196655504	439395180885295
439395195584202	439395213095503	439395195878420
439395205453056	439395221315243	439395205758264
439395222146806	439395237755347	439395222510295
439395238841337	439395262416285	439395245983264
439395262083577	439395278852430	439395262380764
439395272182483	439395287071076	439395272544150
439395288805452	439395303509566	439395289179827
439395305481806	439395328169201	439395311878264
439395328791545	439395344609305	439395329104514
439395338756181	439395352829618	439395339123212
439395355421389	439395369269097	439395355792483
439395372209514	439395393926077	439395378323577
439395395341493	439395410365295	439395395667170
439395405466962	439395418582691	439395405830087
439395422152587	439395435019670	439395422515556
439395438815920	439395459678628	439395444099358
439395462171858	439395476115086	439395462481389
439395472169618	439395484333680	439395472538993
439395488811389	439395500772430	439395489175452
439395505486337	439395525427534	439395510793264
439395529329202	439395541863315	439395529686233
439395538804670	439395550081493	439395539171233
439395555477483	439395566515763	439395555839931
439395572176858	439395591171545	439395579783264
439395595331702	439395607612222	439395595628368
439395605497952	439395624049045	439395605858837
439395622171858	439395640485712	439395622540295
439395638845295	439395656921805	439395645449045
439395662150399	439395673357899	439395662440452
439395672178733	439395689794826	439395672544983
439395688803420	439395706231233	439395689167587
439395705526076	439395722668263	439395712139514
439395729364045	439395747320659	439395729666545
439395738960243	439395755537742	439395739265139
439395755458264	439395771976233	439395755830608
439395772315451	439395796632534	439395781432170
439395795553420	439395813068941	439395795846389
439395805589149	439395821287586	439395805979670
439395822249514	439395837728524	439395822610556
439395838958576	439395862384878	439395846056181
439395862349983	439395878823056	439395862677639
439395872277639	439395887042586	439395872655868
439395888924201	439395903480295	439395889303264
439395905596337	439395928139045	439395913985139
439395928729514	439395944577743	439395929029983
439395938913420	439395952798003	439395939284358
439395955603264	439395969239982	439395956052899
439395972357899	439395993901805	439395979257170
439395995541076	439396010341180	439395995839201
439396005618733	439396018561909	439396005994774
439396022306962	439396035002117	439396022672274
439396039041545	439396059662274	439396044844358
439396062145139	439396076104565	439396062429201
439396072325139	439396084325295	439396072701389
439396088955295	439396100767482	439396089317743
439396105725920	439396125430034	439396111381389
439396128976233	439396141870086	439396129292326
439396138941701	439396150091180	439396139311233
439396155615399	439396166529357	439396155983368
439396172382639	439396191189721	439396179110451
439396195017014	439396207631441	439396195325764
439396205619305	439396224072170	439396205978576
439396222299358	439396240511544	439396222656233
439396239064514	439396256949097	439396245598889
439396262310139	439396273389149	439396262594045
439396272320087	439396289829045	439396272681076
439396288998889	439396306268628	439396289353420
439396305657587	439396322709357	439396312307587
439396329052014	439396347365034	439396329340920
439396338906232	439396355583941	439396339334357
439396355581024	439396372021753	439396355950399
439396372348107	439396396680138	439396381126857
439396395573107	439396413120919	439396395867639
439396405591701	439396421340607	439396406003368
439396422263368	439396437780815	439396422633420
439396438982014	439396462444773	439396446110920
439396463367014	439396478884461	439396463659670
439396472266337	439396487104618	439396472638264
439396488947639	439396503542430	439396489309514
439396505656857	439396528197222	439396513649149
439396529118264	439396544635503	439396529402274
439396538944045	439396552855815	439396539317482
439396555619201	439396569297847	439396556011232
439396572355295	439396593957326	439396579607274
439396595369670	439396610396389	439396595707014
439396605593837	439396618616336	439396605972639
439396622344357	439396635057951	439396622703680
439396638986545	439396659720399	439396644866232
439396662037587	439396676160659	439396662330764
439396672339514	439396684379826	439396672700764
439396688979618	439396700816284	439396689340555

POLL t=139.9 tick=3001
8333333
439407072665603	439407097140811	439407081545916
439407095986541	439407113576332	439407096284197
439407105997322	439407121794405	439407106217270
439407122661020	439407138230291	439407123031958
439407139338103	439407154661853	439407144261020
439407162253103	439407179312895	439407162558103
439407172664458	439407187529718	439407173033103
439407189331645	439407203964301	439407189703676
439407206014978	439407220399509	439407210394926
439407230405760	439407245049509	439407230701333
439407239287583	439407253267322	439407239672426
439407256019978	439407277919770	439407266632478
439407279473416	439407294353728	439407279756541
439407289336697	439407302572269	439407289696801
439407306008260	439407319007686	439407306368572
439407322700603	439407343662634	439407328358260
439407345787010	439407360100759	439407346070447
439407356058416	439407368320395	439407356395291
439407372679353	439407384757947	439407373075603
439407389357166	439407409413312	439407392798416
439407412370551	439407425848988	439407412755135
439407422696228	439407434066176	439407423160291
439407439352947	439407450502218	439407439712166
439407456081697	439407475153936	439407464608728
439407479197478	439407491590342	439407479488103
439407489345603	439407499808103	439407489707791
439407506008364	439407516244248	439407506375082
439407522699041	439407540897634	439407526388364
439407546496697	439407557333780	439407546847009
439407556062895	439407573767218	439407556405603
439407572674822	439407590201957	439407573048520
439407589364353	439407606637790	439407594854197
439407612242009	439407623073728	439407612530759
439407622674197	439407639511331	439407623034978
439407639297114	439407655946957	439407639669041
439407656298051	439407672383050	439407660690707
439407679269666	439407697037738	439407679629145
439407689282791	439407705255343	439407689674301
439407706022582	439407721692791	439407706386801
439407722680603	439407746346332	439407731192739
439407745453259	439407762779717	439407745744353
439407756059197	439407770997269	439407756388884
439407772687634	439407787433103	439407773061853
439407789355759	439407803870447	439407793742009
439407812395239	439407828528363	439407812734666
439407822675916	439407836746853	439407823035134
439407839351384	439407853182738	439407839745291
439407856084770	439407877837478	439407860416853
439407878990447	439407894277530	439407879289666
439407889350759	439407902496957	439407889709614
439407906011384	439407918932478	439407906378728
439407922696072	439407943584925	439407925975082
439407945955603	439407960020759	439407946327166
439407956127947	439407968239873	439407956516176
439407972687166	439407984676279	439407973045447
439407989370863	439408009333363	439407995152478
439408012555291	439408025770915	439408012847895
439408022693572	439408033988936	439408023096853
439408039362478	439408050426852	439408039738884
439408056059822	439408075082894	439408059349197
439408078896332	439408091522009	439408079191488
439408089369197	439408107960343	439408089738988
439408106039457	439408124398884	439408106400603
439408122731697	439408140837685	439408127161645
439408146566228	439408157277529	439408146928415
439408156187478	439408173712426	439408156533259
439408172714665	439408190148259	439408173066020
439408189398728	439408214804353	439408197127582
439408213350134	439408231238520	439408213649040
439408222695707	439408239455185	439408223095447
439408239413415	439408255888362	439408239760082
439408256166488	439408272322426	439408261500551
439408279073884	439408296973519	439408279368259
439408289359613	439408305190759	439408289569978
439408306062478	439408321624821	439408306445082
439408322764145	439408346273936	439408330505395
439408345464509	439408362707634	439408345762738
439408356088415	439408370925238	439408356462790
439408372732165	439408387359457	439408373111801
439408389486853	439408403795186	439408393511697
439408413198572	439408428451436	439408413549665
439408422723832	439408436670029	439408423078572
439408439414145	439408453104040	439408439782009
439408456190915	439408477756227	439408460610290
439408479205915	439408494190082	439408479490447
439408489428415	439408502407477	439408489798363
439408506116384	439408518845603	439408506480082
439408522795290	439408543503988	439408526717790
439408546304040	439408559943103	439408546642270
439408556147009	439408568161384	439408556558988
439408572756384	439408584600862	439408573109665
439408589424353	439408609256592	439408598555447
439408612706228	439408625692842	439408612997634
439408622712009	439408633910967	439408623092582
439408639422947	439408650347529	439408639799457
439408656153415	439408674997374	439408659067165
439408679177790	439408691432842	439408679485394
439408689407634	439408707868363	439408689811072
439408706087634	439408724300290	439408706449769
439408722738415	439408748950394	439408731464822
439408747148103	439408765388571	439408747448415
439408756143259	439408773609560	439408756406697
439408772690446	439408790045915	439408773059978
439408789473728	439408806483780	439408796508103
439408812846228	439408831140134	439408813147009
439408822705551	439408839358987	439408822886644
439408839476228	439408855796279	439408839763415
439408856144821	439408872233675	439408861021540
439408879057946	439408896891904	439408879334665
439408889313415	439408905110134	439408889655759
439408906071019	439408921546904	439408906439196
439408922724821	439408946199873	439408928415603
439408945826696	439408962637842	439408946111644
439408956091332	439408970854821	439408956469144
439408972747009	439408987291175	439408973126696
439408989404196	439409003727737	439408993246332
439409012533988	439409028382529	439409012908259
439409022729040	439409036599821	439409023093571
439409039399301	439409053032633	439409039785551
439409056147165	439409077685602	439409061688103
439409079749040	439409094121748	439409080084144
439409089397790	439409102340290	439409089776332
439409106047790	439409118774977	439409106398363
439409122781853	439409143428623	439409127999040
439409146048988	439409159864978	439409146333571
439409156117321	439409168082946	439409156475290
439409172791176	439409184519092	439409173151228

POLL t=151.6 tick=3229
8333333
439418906664922	439418921979817	439418907056016
439418923309349	439418946635025	439418931364505
439418946528203	439418963070598	439418946842943
439418956615859	439418971288099	439418956996536
439418973349193	439418987723255	439418973728724
439418990027005	439419012378619	439418996772474
439419013099193	439419028812630	439419013398568
439419023286172	439419037030859	439419023658568
439419040059349	439419053466119	439419040404974
439419056687005	439419078119505	439419063138568
439419079763047	439419094555338	439419080081224
439419090016328	439419102772005	439419090363099
439419106688672	439419119206380	439419107066536
439419123351849	439419143855859	439419130524922
439419146277318	439419160288775	439419146565599
439419156696068	439419168504401	439419157050390
439419173392161	439419184934973	439419173801015
439419190085911	439419209584556	439419195145911
439419213050599	439419226020651	439419213348255
439419223400286	439419234238931	439419223816797
439419240127786	439419250672942	439419240496953
439419256752318	439419275325963	439419262300286
439419279735442	439419291762942	439419280049609
439419290070078	439419308199453	439419290445286
439419306740078	439419324634244	439419307114140
439419323424505	439419341070182	439419330698203
439419346387630	439419357504712	439419346691015
439419356745703	439419373940546	439419357098359
439419373409140	439419390376067	439419373766536
439419390081328	439419406810182	439419396332265
439419412993567	439419431457890	439419413318880
439419423364036	439419439674296	439419423782630
439419440091484	439419456107629	439419440446692
439419456773515	439419480753723	439419463111380
439419479701849	439419497187213	439419480007942
439419490032109	439419505403880	439419490228099
439419506751536	439419521835234	439419507107005
439419523413411	439419546482109	439419530775234
439419546398724	439419562912733	439419546720755
439419556711067	439419571127264	439419557086380
439419573413567	439419587558463	439419573796797
439419590087161	439419612206379	439419596460442
439419613332265	439419628638879	439419613639140
439419623400286	439419636855234	439419623821536
439419640120911	439419653285078	439419640514036
439419656754453	439419677932161	439419662862578
439419679558359	439419694362994	439419679863255
439419690080130	439419702579452	439419690445755
439419706736067	439419719012005	439419707117734
439419723413828	439419743662681	439419730610599
439419746299505	439419760094661	439419746608203
439419756713255	439419768309556	439419757083411
439419773419765	439419784740650	439419773797317
439419790105599	439419809389400	439419794764505
439419813018255	439419825825233	439419813308984
439419823415442	439419834041171	439419823813359
439419840142786	439419850473827	439419840509817
439419856764817	439419875124036	439419863353724
439419879608099	439419891554765	439419879902161
439419890088567	439419907986431	439419890461849
439419906744296	439419924420807	439419907099505
439419923413880	439419949077212	439419932086796
439419947558880	439419965510650	439419947869817
439419956728098	439419973727473	439419957436796
439419973404192	439419990159921	439419973837942
439419990109973	439420014809036	439419997776692
439420013619348	439420031241900	439420013937161
439420023409140	439420039456848	439420024060859
439420040133723	439420055888046	439420040510859
439420056784661	439420080539296	439420063961223
439420079576015	439420096972421	439420079880911
439420090021848	439420105189452	439420090409192
439420106769036	439420121623984	439420107147161
439420123502786	439420146272421	439420136399973
439420140197005	439420154488098	439420140692890
439420168119036	439420179136170	439420168489140
439420173451692	439420187353984	439420173878098
439420190133411	439420212005962	439420201665130
439420213188880	439420228436067	439420213494036
439420223542786	439420236650859	439420223950755
439420240226640	439420253080755	439420240584817
439420256921328	439420285947942	439420269126692
439420273549765	439420294165234	439420273887161
439420300604973	439420318819868	439420300912630
439420306844609	439420327037733	439420307168046
439420323482421	439420335256431	439420323855546
439420340273828	439420351693463	439420340597161
439420364967786	439420376343618	439420365254452
439420373490546	439420384560702	439420373864140
439420390197630	439420417425598	439420400786848
439420414101848	439420425641327	439420414403880
439420423492630	439420442070702	439420423907630
439420440187265	439420458500494	439420440562942
439420456865234	439420474931640	439420465122473
439420479822577	439420491364348	439420480132786
439420490194036	439420507797421	439420490570911
439420506867421	439420524228775	439420507224192
439420523687630	439420548879817	439420532031015
439420547963723	439420565312890	439420548257005
439420556837161	439420573528618	439420557524817
439420573591015	439420589960286	439420573971223
439420590416952	439420614613931	439420597895598
439420614069192	439420631047525	439420614351223
439420623584765	439420639264504	439420623787786
439420640299452	439420655697837	439420640655129
439420656964921	439420680345962	439420663496640
439420679782629	439420696778879	439420680118046
439420690217786	439420704994660	439420690587629
439420706918984	439420721426639	439420707283202
439420723506067	439420746075494	439420731795859
439420746668984	439420762507577	439420746974921
439420756862629	439420770723358	439420757234504
439420773556848	439420787154035	439420773932786
439420790217161	439420811801379	439420795836952
439420813626848	439420828234244	439420813905546
439420823569973	439420836449296	439420823947109
439420840243411	439420852879452	439420840619348
439420856918723	439420877527837	439420862302786
439420879826536	439420893959869	439420880118202
439420890245911	439420902174817	439420890668827
439420906925702	439420918604504	439420907305390
439420923597577	439420943247577	439420928278046
439420946621692	439420959675286	439420946919348
439420956901796	439420967889400	439420957338567
439420973603359	439420984320702	439420973964192
439420990352421	439421008965858	439420997160702
439421013602786	9223372036854775807	439421013888723

POLL t=163.2 tick=3378
8333333
439430424048563	439430450829917	439430435004605
439430448149761	439430459045490	439430448449605
439430457319344	439430475477729	439430457697157
439430473994917	439430491912209	439430474404657
439430490687886	439430516557209	439430499477417
439430514777938	439430532991792	439430515071219
439430524144813	439430541209292	439430524958407
439430540760751	439430557644188	439430541052938
439430557419188	439430582299917	439430564716688
439430581039917	439430598734656	439430581334501
439430590765594	439430606951636	439430591557001
439430607445542	439430623387573	439430607817157
439430624155282	439430648042208	439430630299501
439430646654605	439430664480906	439430646966376
439430657437261	439430672700282	439430657807469
439430674122157	439430689137625	439430674503094
439430690794813	439430713792885	439430696311063
439430714271167	439430730228823	439430714631688
439430724076480	439430738447469	439430724499813
439430740770751	439430754884657	439430741316167
439430757404605	439430787761896	439430772554969
439430774110751	439430795981323	439430774458199
439430799660751	439430812421791	439430799959761
439430807395438	439430820642678	439430807814501
439430824094761	439430845301636	439430833605282
439430847172157	439430861739136	439430847465386
439430857395126	439430869957365	439430857802730
439430874066844	439430886395385	439430874431844
439430890800386	439430911050282	439430896185282
439430913711219	439430927487469	439430914010594
439430924097105	439430935706531	439430924459917
439430940747157	439430952142364	439430941128876
439430957548355	439430976798094	439430961301532
439430980481844	439430993235750	439430980772417
439430990783198	439431001454031	439430991205438
439431007444292	439431017889604	439431007808823
439431024143251	439431042545489	439431030342001
439431047004813	439431058981947	439431047292469
439431057422573	439431075417573	439431057804605
439431074121844	439431091857156	439431074492157
439431090820125	439431108297520	439431095487886
439431113779605	439431124736792	439431114078980
439431124136636	439431141174552	439431124509969
439431140790073	439431157612000	439431141145073
439431157492261	439431174052520	439431163726063
439431180741688	439431198709344	439431181045438
439431190777938	439431206928197	439431191145750
439431207454761	439431223367781	439431207819344
439431224202261	439431239807469	439431229537782
439431247169032	439431264464865	439431247457000
439431257389032	439431272683407	439431257761532
439431274127573	439431289119917	439431274501323
439431290823719	439431313776218	439431296783355
439431313930907	439431330214864	439431314219188
439431324132730	439431338434552	439431324511844
439431340784657	439431354873250	439431341143667
439431357445230	439431379529448	439431361982105
439431380649969	439431395967000	439431380949188
439431390787573	439431404185490	439431391199292
439431407448823	439431420623510	439431407820073
439431424191063	439431445279136	439431428233719
439431447282000	439431461716219	439431447578250
439431457468667	439431469933927	439431457841219
439431474142157	439431486369968	439431474533563
439431490813875	439431511029187	439431496131167
439431513998407	439431527470490	439431514291011
439431524127782	439431535689604	439431524571063
439431540807469	439431552126844	439431541159136
439431557472886	439431576784708	439431565027261
439431580903979	439431593220958	439431581201375
439431590815125	439431601438458	439431591175438
439431607500125	439431617870541	439431607857938
439431624208094	439431642522156	439431627713563
439431647407469	439431658958510	439431647699032
439431657438094	439431675395229	439431657803563
439431674388719	439431691832157	439431674756636
439431690936063	439431708267886	439431698398875
439431714211688	439431732924343	439431714488250
439431724189969	439431741144344	439431725060854
439431740872573	439431757583510	439431741283250
439431757666167	439431774022260	439431762664761
439431780693563	439431798678145	439431780993511
439431790827000	439431806896323	439431791287104
439431807524969	439431831552729	439431820541375
439431824327729	439431839770281	439431824833042
439431851307156	439431864420177	439431851672313
439431857594813	439431872636114	439431858182625
439431874254813	439431897286635	439431885757729
439431897801948	439431913719552	439431898076688
439431907509292	439431921937208	439431907888042
439431924266948	439431938373301	439431924631479
439431940936063	439431963027937	439431948216063
439431964504448	439431979462103	439431964801688
439431974215281	439431987680072	439431974594761
439431990943250	439432004116427	439431991307417
439432007558719	439432028768823	439432014400698
439432030850073	439432045206583	439432031137104
439432040844761	439432053424864	439432041225750
439432057575438	439432069863146	439432057929188
439432074264656	439432094520438	439432081529500
439432097461375	439432110957833	439432097742261
439432107592000	439432119176115	439432107804917
439432124293354	439432135614344	439432124666375
439432140952469	439432160270281	439432144194813
439432163980594	439432176706947	439432164267885
439432174229969	439432184926010	439432174628563
439432190866375	439432201364499	439432191235281
439432207595906	439432234240594	439432218010906
439432232112625	439432250680957	439432232410906
439432240892313	439432258900489	439432241157313
439432257555750	439432275337416	439432257928250
439432274262885	439432291776948	439432280430125
439432297603719	439432308219603	439432297908875
439432307555281	439432324660854	439432307952781
439432324176792	439432341101531	439432324558198
439432340907156	439432357541635	439432345753719
439432364022573	439432382199291	439432364316688
439432374254187	439432390419551	439432374442937
439432390893354	439432415077728	439432402961948
439432414672156	439432431514395	439432415031062
439432424227000	439432439733145	439432424421531
439432440852781	439432456170593	439432441225906
439432457610229	439432480826999	439432464614917
439432480908510	439432497265020	439432481198562
439432490851375	439432505483509	439432491269292
439432507583719	439432521917572	439432507953667
439432524266323	9223372036854775807	439432528934344

POLL t=175.0 tick=3529
8333333
439442167601684	439442185765225	439442167884496
439442174620434	439442193982829	439442174965434
439442191265382	439442218636318	439442203615694
439442207941632	439442226855850	439442208282152
439442233588871	439442251514965	439442233885590
439442241221684	439442259735485	439442241566527
439442257916215	439442276174079	439442258314027
439442274591788	439442292609600	439442274709496
439442298814027	439442309046006	439442299116996
439442307969288	439442325483089	439442308289444
439442324901319	439442350139183	439442334506059
439442349061684	439442366578350	439442349374184
439442357969027	439442374797829	439442358800850
439442374613975	439442391234913	439442374977309
439442391290069	439442415889236	439442402641996
439442415136840	439442432320277	439442415489288
439442424607413	439442440536995	439442424807725
439442441286215	439442456970433	439442441658559
439442457988975	439442481621996	439442464495225
439442481291215	439442498054496	439442481714027
439442491220069	439442506272673	439442491653975
439442507953871	439442522709183	439442508313559
439442524648402	439442547361788	439442531864965
439442548078246	439442563796110	439442548377100
439442557939027	439442572013715	439442558304652
439442574563194	439442588451944	439442574938715
439442591288715	439442613108402	439442597699600
439442614506632	439442629545537	439442614798715
439442624604652	439442637763454	439442624973246
439442641294965	439442654197360	439442641666215
439442657970746	439442678853871	439442661835902
439442681347152	439442695290641	439442681707725
439442691249756	439442703510485	439442691661319
439442707978506	439442719949548	439442708479809
439442724612934	439442752824183	439442737645434
439442741276163	439442761043923	439442741656059
439442768851527	439442785700121	439442769239809
439442774615746	439442793918506	439442774981371
439442791278715	439442818574339	439442800874756
439442816704288	439442835012672	439442817057725
439442824611840	439442843229860	439442824902621
439442841277152	439442859664495	439442841659288
439442857947933	439442884315225	439442871560225
439442874624652	439442892533089	439442874985277
439442900924496	439442917188714	439442901233871
439442908222152	439442925406631	439442909171840
439442924667152	439442941840589	439442925141058
439442941342777	439442958275537	439442946084496
439442964617881	439442974711214	439442964905225
439442974661475	439442991144756	439442975045538
439442991333090	439443007576995	439442991686215
439443008051058	439443024012620	439443013738350
439443031184444	439443048663819	439443031478663
439443041297152	439443056880433	439443041486944
439443057989808	439443073315589	439443058340277
439443074658194	439443089751214	439443079210902
439443097691788	439443114403922	439443098067413
439443107977308	439443122620797	439443108344444
439443124653871	439443139056058	439443125009756
439443141328246	439443163707516	439443146063819
439443164871683	439443180141630	439443165160225
439443174590694	439443188358975	439443174963090
439443191324652	439443213011891	439443201311215
439443214568558	439443229446527	439443214963715
439443224619131	439443237664547	439443224990746
439443241334808	439443254098610	439443241694965
439443257995902	439443278752100	439443261896840
439443281611683	439443295188662	439443281943194
439443291321006	439443303407516	439443291699600
439443308054027	439443319844756	439443308388558
439443324694131	439443344499496	439443329301058
439443347719965	439443360934912	439443347997308
439443358037308	439443369152308	439443358415902
439443374690902	439443385587464	439443375049600
439443391371215	439443410243454	439443394804496
439443414544496	439443426679704	439443414754756
439443424677152	439443443116267	439443425062100
439443441332777	439443459554912	439443441720381
439443458146058	439443475993610	439443463709808
439443483976840	439443500652568	439443484341840
439443491402152	439443508872516	439443491785485
439443508056475	439443525309912	439443508419183
439443524700589	439443549968714	439443536843662
439443548499808	439443566403922	439443548796683
439443557987100	439443574622099	439443558778819
439443574722777	439443591058297	439443575090902
439443591463558	439443615711734	439443599487100
439443615498871	439443632146110	439443615933714
439443624684756	439443640365328	439443624942152
439443641367256	439443656803245	439443641749444
439443658086683	439443673240068	439443663735121
439443681246527	439443697894964	439443681581996
439443691367464	439443706111631	439443691739183
439443708070746	439443722546944	439443708405694
439443724763714	439443747201787	439443729909808
439443747919808	439443763639547	439443748249496
439443758045746	439443771859651	439443758416319
439443774727152	439443788295849	439443775080121
439443791466058	439443812948141	439443796227725
439443814458714	439443829384079	439443814789339
439443824699652	439443837602360	439443825056214
439443841364964	439443854037829	439443841797100
439443858121058	439443878690902	439443861388037
439443883296683	439443895128349	439443883576944
439443891416683	439443903346422	439443891883819
439443907993089	439443919780277	439443908381006
439443924739964	439443944426995	439443928204339
439443947806839	439443960857829	439443948109183
439443958026475	439443969074130	439443958448089
439443974680121	439443985504391	439443975041214
439443991377621	439444010151318	439443996774652
439444014466996	439444026583401	439444014764756
439444024642412	439444043017464	439444025002464
439444041294912	439444059451891	439444041678089
439444057983089	439444075885693	439444063073818
439444081310277	439444092318662	439444081605589
439444091350537	439444108752203	439444091711371
439444108072621	439444133406682	439444120444912
439444124674652	439444141624704	439444125046006
439444151206787	439444166277255	439444151496839
439444157946943	439444174495641	439444158475589
439444174620225	439444199149703	439444183846370
439444198596370	439444215586683	439444198881006
439444208021683	439444223804442	439444208445537
439444224703662	439444240240953	439444225050068
439444241431214	439444264895172	439444247530277
439444264515589	9223372036854775807	439444264811058

POLL t=187.0 tick=3755
8333333
439454475547408	439454487909804	439454475920846
439454492264179	439454512563710	439454498645377
439454515494492	439454529000949	439454515820585
439454525550273	439454537219075	439454525922564
439454542268554	439454553654491	439454542632460
439454558939804	439454578307251	439454563681939
439454582291835	439454594740637	439454582577408
439454592294492	439454602958449	439454592656210
439454608939648	439454619392877	439454609304335
439454625606471	439454644046523	439454633509283
439454649021835	439454660482720	439454649319648
439454658886054	439454676917981	439454659296002
439454675600064	439454693351887	439454675967616
439454692287564	439454709787252	439454697741835
439454715510585	439454726220949	439454715806679
439454725555846	439454742656262	439454725987773
439454742272148	439454759091574	439454742681835
439454758946210	439454783743345	439454766220741
439454782629335	439454800180116	439454782936314
439454792268189	439454808396678	439454792634127
439454808937929	439454824832200	439454809294804
439454825605741	439454849486835	439454833056366
439454848753554	439454865920584	439454849033502
439454858923241	439454874137876	439454859278554
439454875610898	439454890571522	439454875968033
439454892292460	439454915220845	439454899339960
439454915673554	439454931655949	439454915931366
439454925601835	439454939874335	439454925979491
439454942281627	439454956310481	439454942655689
439454958945273	439454980962668	439454964765585
439454982190846	439454997397721	439454982485221
439454992268398	439455005614543	439454992640585
439455008941054	439455022047147	439455009319023
439455025658971	439455046698136	439455032749752
439455048856627	439455063133866	439455049153241
439455058914491	439455071352043	439455059333554
439455075555116	439455087786678	439455075949960
439455092300116	439455112434699	439455098721783
439455115425116	439455128867668	439455115753398
439455125558710	439455137083709	439455125923033
439455142291054	439455153517408	439455142654960
439455158956627	439455178172355	439455163736679
439455182258398	439455194607772	439455182571470
439455192313241	439455202825741	439455192692460
439455208939127	439455219261313	439455209320273
439455225593554	439455243915429	439455233191783
439455248872460	439455260349908	439455249163241
439455258986158	439455276784022	439455259340741
439455275634439	439455293220688	439455275996002
439455292314752	439455309655167	439455297873554
439455315596054	439455334306313	439455315911158
439455325609752	439455342523762	439455326433866
439455342294491	439455358960012	439455342676470
439455359042772	439455375395897	439455365008397
439455383493554	439455400049283	439455383791991
439455392298085	439455408266678	439455392959335
439455408950845	439455424699647	439455409309127
439455425667304	439455449351470	439455435189908
439455448863554	439455465788032	439455449159283
439455458957252	439455474005845	439455459332772
439455475637877	439455490439751	439455475998866
439455492375689	439455515090689	439455498179752
439455515826054	439455531524230	439455516088085
439455525595689	439455539740376	439455525994283
439455542347720	439455556174543	439455542704960
439455559070741	439455580831053	439455564956314
439455582301835	439455597269074	439455582600897
439455592276522	439455605487668	439455592655429
439455608970429	439455621922043	439455609331522
439455625747460	439455646576418	439455634803554
439455649701522	439455663011991	439455649996314
439455658955585	439455671230481	439455659334491
439455675714127	439455687667043	439455676043866
439455692332616	439455712325584	439455699288710
439455715620429	439455728762980	439455715907772
439455725685897	439455736980376	439455726054804
439455742344960	439455753413085	439455742706001
439455759036939	439455778064595	439455763724179
439455782386366	439455794501470	439455782678814
439455792313085	439455810938761	439455792682929
439455808968554	439455827377407	439455809335272
439455825695741	439455852039074	439455836986835
439455850404804	439455868480845	439455850701835
439455858966522	439455876700376	439455859241210
439455875624908	439455893138085	439455876031522
439455892279335	439455917793813	439455901131679
439455916957304	439455934230793	439455917246210
439455925687147	439455942448710	439455926537408
439455942279179	439455958881886	439455942661054
439455959082303	439455983534490	439455966935116
439455982437303	439455999971313	439455982740428
439455992251522	439456008188553	439455992466158
439456008960585	439456024624907	439456009324960
439456025645272	439456049281105	439456032648866
439456048749491	439456065719698	439456049030220
439456058951366	439456073938917	439456059310064
439456075620585	439456090376678	439456076015064
439456092302408	439456115032667	439456099089283
439456115461210	439456131471053	439456115756522
439456125617616	439456139690012	439456125987928
439456142293189	439456156125948	439456142662616
439456159051366	439456180780637	439456165628397
439456182175376	439456197214282	439456182485741
439456192302303	439456205431417	439456192661991
439456209030116	439456221866991	439456209387460
439456225598814	439456246518918	439456231257147
439456248718397	439456262953761	439456249072616
439456258917616	439456271171522	439456259292303
439456275713553	439456287604907	439456276205585
439456292306991	439456320475741	439456303832303
439456317043397	439456328693397	439456317362147
439456325625272	439456336912146	439456326005220
439456342297147	439456353347928	439456342495741
439456358980428	439456386219907	439456369900272
439456383086626	439456394438553	439456383387095
439456392289335	439456402657875	439456392698553
439456408975064	439456427311730	439456409333397
439456425645741	439456443746938	439456434061210
439456448543241	439456460184699	439456448837147
439456458967876	439456476620688	439456459344647
439456475643241	439456493057043	439456476050897
439456492298553	439456509494647	439456497389022
439456515227616	439456525933189	439456515510428
439456525654335	439456542369178	439456526076053
439456542299647	439456558804334	439456542523397
439456559012303	439456583453501	439456567279803
439456582350897	9223372036854775807	439456582648814

POLL t=199.4 tick=3905
8333333
439466676154487	439466691760580	439466682006622
439466698784487	439466716411049	439466699072560
439466709389799	439466724628549	439466709751518
439466726077299	439466741063028	439466726440060
439466742702560	439466757499069	439466746195372
439466765806987	439466782147247	439466766167456
439466776060216	439466790362716	439466776420841
439466792727299	439466806796570	439466793086362
439466809332924	439466823230945	439466813009279
439466832125685	439466847884538	439466832441831
439466842741674	439466856102611	439466843214956
439466859361622	439466872539122	439466859728029
439466876155893	439466897194538	439466881653237
439466898847143	439466913628184	439466899124174
439466909415581	439466921845059	439466909781778
439466926078081	439466938278966	439466926476935
439466942777716	439466962927143	439466945501310
439466965596206	439466979363653	439466965890372
439466976098966	439466987582351	439466976451466
439466992743862	439467020454226	439467004302456
439467016826206	439467028671986	439467017118549
439467026095893	439467036890215	439467026476831
439467042758028	439467053327403	439467043110685
439467059425997	439467077979435	439467065128810
439467082299799	439467094414278	439467082586987
439467092722299	439467110849695	439467093097612
439467109408393	439467127283237	439467109774487
439467126090737	439467143715632	439467133088966
439467148979122	439467160149746	439467149274174
439467159382612	439467176584798	439467159755893
439467176131153	439467193017819	439467176483393
439467192772716	439467209451153	439467196271674
439467216988810	439467234102299	439467217289799
439467226078028	439467242321725	439467226396153
439467242756205	439467266976726	439467251701987
439467265649330	439467283411830	439467265932924
439467276183705	439467291628757	439467276375424
439467292754799	439467308064330	439467293130424
439467309486674	439467324500267	439467314333705
439467332341987	439467349154330	439467332711778
439467342745893	439467357372246	439467343109174
439467359421153	439467373809226	439467359793080
439467376123237	439467398461101	439467380663341
439467398954643	439467414899538	439467399238497
439467409335685	439467423118444	439467409750112
439467426084799	439467439555944	439467426491674
439467442753653	439467464209590	439467448328862
439467465750737	439467480646414	439467466056205
439467476085685	439467488866153	439467476461987
439467492766518	439467505304382	439467493126466
439467509435580	439467529961622	439467512526153
439467532143393	439467546401934	439467532524435
439467542775528	439467554621309	439467543175112
439467559430893	439467571058809	439467559790268
439467576103862	439467595710163	439467585630424
439467599144591	439467612147351	439467599432768
439467609422924	439467620365840	439467609798862
439467626099278	439467636802194	439467626465424
439467642752872	439467661452767	439467646618497
439467666234591	439467677885997	439467666585216
439467676130893	439467694321673	439467676484643
439467692745841	439467710756778	439467693111830
439467709450580	439467727194590	439467714058393
439467732546778	439467743632350	439467732835268
439467742768862	439467760070111	439467743123237
439467759435997	439467776506934	439467759817247
439467776133080	439467792942559	439467780260580
439467799284330	439467817597350	439467799571518
439467809423393	439467825815579	439467809612872
439467826083341	439467850472142	439467836516934
439467849590216	439467866910007	439467849880893
439467859384330	439467875128965	439467859763966
439467876177716	439467891569069	439467876525059
439467892774799	439467916226934	439467898602768
439467915564330	439467932664070	439467915870893
439467926089018	439467940881673	439467926471830
439467942828966	439467957319174	439467943178809
439467959539330	439467981975631	439467964228549
439467982419330	439467998415892	439467982700893
439467992811205	439468006636413	439467993202299
439468009494955	439468023074486	439468009849799
439468026142091	439468047731048	439468032953341
439468049198393	439468064165580	439468049499643
439468059485893	439468072384330	439468059836778
439468076220424	439468088823757	439468076586986
439468092894903	439468113484121	439468097635111
439468115663080	439468129922038	439468115936205
439468126105268	439468138138965	439468126484122
439468142803809	439468154575215	439468143171778
439468159547924	439468179227819	439468162651986
439468182192403	439468195664590	439468182497559
439468192790268	439468203883236	439468193169590
439468209488549	439468220321257	439468209864903
439468226208861	439468244974226	439468231783965
439468249290893	439468261411882	439468249576309
439468259431986	439468277845788	439468259851518
439468276152768	439468294280683	439468276511986
439468292863184	439468310719330	439468299217247
439468315830580	439468327159382	439468316126465
439468326099903	439468343597924	439468326513653
439468342815424	439468360036778	439468343169278
439468359454174	439468376477142	439468363695528
439468382623861	439468392914746	439468382940997
439468392814434	439468409354954	439468393182924
439468409429278	439468425795736	439468409782924
439468426136465	439468450456517	439468434179486
439468449194017	439468466895423	439468449493965
439468459426986	439468475115215	439468459792455
439468476213965	439468491555059	439468476590424
439468492804747	439468507994746	439468496945267
439468515737767	439468532650110	439468516064590
439468526109955	439468540869746	439468526593653
439468542780267	439468557310163	439468543145997
439468559435528	439468581967194	439468569880892
439468582716361	439468598404851	439468582997559
439468592768549	439468606624121	439468593132559
439468609413392	439468623062038	439468609784799
439468626118705	439468647721621	439468634353549
439468649268653	439468664161100	439468649554903
439468659441049	439468672380632	439468659815267
439468676139122	439468688821152	439468676504903
439468692838236	439468713479381	439468696447299
439468715736674	439468729918079	439468716007767
439468726140111	439468738136673	439468726513184
439468742825892	439468754572767	439468743184174
439468759489330	439468779226986	439468764812403
439468782539590	9223372036854775807	439468782830215

POLL t=209.5 tick=4058
8333333
439476843214118	439476864046305	439476853872608
439476866497921	439476880480316	439476866801671
439476876519327	439476888696409	439476876940733
439476893193233	439476905129483	439476893558337
439476909858233	439476929781097	439476917351358
439476933089118	439476946213284	439476933386358
439476943213545	439476954429587	439476943565420
439476959910889	439476970861149	439476960109639
439476976555889	439476995513025	439476981912556
439476999919014	439477011947764	439477000207764
439477009875108	439477028381514	439477010242920
439477026554431	439477044816513	439477026930525
439477043228702	439477061251878	439477050246827
439477066996514	439477077687972	439477067355733
439477076558858	439477094122712	439477077052712
439477093184639	439477110557190	439477093550525
439477109839587	439477135207243	439477124246670
439477126560212	439477143425159	439477127443181
439477152875733	439477168074118	439477153208389
439477160068806	439477176289378	439477160981462
439477176551670	439477200933857	439477189424170
439477193219118	439477209149847	439477194029275
439477216886670	439477233797764	439477217176983
439477226533545	439477242014535	439477226903389
439477243174952	439477274881097	439477257801202
439477259925264	439477283097764	439477260248025
439477285611150	439477299530368	439477285896202
439477293202920	439477307745889	439477293569118
439477309912452	439477332392452	439477320829327
439477333492139	439477348825316	439477333776514
439477343209952	439477357042295	439477343613233
439477359860889	439477373477451	439477360256306
439477376586931	439477398129951	439477385489483
439477399940837	439477414566202	439477400231983
439477409883389	439477422784430	439477410257139
439477426563233	439477439218649	439477426939170
439477443236931	439477463868285	439477449959587
439477466917452	439477480301254	439477467204014
439477476543702	439477488518649	439477476903233
439477493227452	439477504952868	439477493606931
439477509894743	439477529608701	439477516318806
439477533189795	439477546047503	439477533484795
439477543229327	439477554266983	439477543589014
439477559896202	439477570704483	439477560262868
439477576561045	439477595354534	439477582913962
439477599918181	439477611790940	439477600211983
439477609885212	439477628227451	439477610247139
439477626545264	439477644661722	439477626924639
439477643233701	439477669312191	439477652046045
439477668400420	439477685745159	439477668717920
439477676555264	439477693962763	439477676820576
439477693182764	439477710395472	439477693561826
439477709899795	439477735045264	439477720810420
439477726563701	439477743264586	439477727743233
439477750773701	439477767917399	439477751081826
439477760134691	439477776135472	439477760499795
439477776613233	439477792570108	439477776964274
439477793257399	439477817221201	439477806558806
439477809955733	439477825439586	439477810223545
439477837275108	439477850091409	439477837640056
439477843183962	439477858310940	439477843681358
439477859951514	439477874746096	439477860384639
439477876586149	439477899394586	439477881695681
439477899840733	439477915828076	439477900141358
439477909892608	439477924046982	439477910263858
439477926560264	439477940484430	439477926926670
439477943237608	439477965139013	439477951122608
439477966726306	439477981576514	439477967078337
439477976553493	439477989794326	439477976911462
439477993233233	439478006231462	439477993601931
439478009905420	439478030885315	439478016641514
439478033500212	439478047319222	439478033800420
439478043240576	439478055537868	439478043594587
439478059876045	439478071974586	439478060236201
439478076619951	439478096625889	439478084166826
439478099536358	439478113057451	439478099843701
439478109930993	439478121272867	439478110316358
439478126643180	439478137704951	439478127001462
439478143331774	439478162353336	439478148540264
439478166699118	439478178786462	439478166991983
439478176601514	439478195223336	439478176983545
439478193285420	439478211657399	439478193656983
439478210015733	439478228093180	439478216414951
439478233654170	439478244528648	439478233972139
439478243349482	439478260960628	439478243728857
439478260110368	439478277393440	439478260411045
439478276748805	439478302044326	439478284865264
439478302223076	439478318478389	439478302559118
439478309968545	439478326695211	439478310511670
439478326676045	439478343130263	439478327056826
439478343432451	439478367781982	439478353096201
439478367755107	439478384216878	439478368060368
439478376725212	439478392434638	439478376944639
439478393413857	439478408869899	439478393773232
439478410047139	439478433523180	439478420470107
439478433313857	439478449958961	439478433634274
439478443401774	439478458177764	439478443775420
439478460070264	439478474613023	439478460414326
439478476724170	439478499266565	439478485083649
439478500218389	439478515703649	439478500512295
439478510086045	439478523921878	439478510446305
439478526689899	439478540357138	439478527058962
439478543404170	439478565010472	439478549927243
439478566937243	439478581445628	439478567229430
439478576688232	439478589665263	439478577080889
439478593421045	439478606100940	439478593778076
439478610067399	439478630755941	439478620140368
439478633450889	439478647190889	439478633742764
439478643390420	439478655408180	439478643745680
439478660075524	439478671842711	439478660406201
439478676715107	439478696493649	439478685570889
439478700383805	439478712928805	439478700672555
439478710044326	439478721147659	439478710404014
439478726710576	439478737586409	439478727117764
439478743382451	439478762245732	439478749294482
439478766853805	439478778682711	439478767152139
439478776616670	439478795120679	439478776986774
439478793319118	439478811555367	439478793684274
439478809968805	439478836204534	439478820081461
439478834745889	439478852639013	439478835033076
439478843392139	439478860856982	439478843654482
439478860082920	439478877293440	439478860447868
439478876715420	439478901946618	439478887675524
439478901036982	439478918382190	439478901318701
439478910020420	439478926600524	439478910682451
439478926806149	439478943037815	439478927092920
439478943386149	9223372036854775807	439478950487868

POLL t=221.3 tick=4299
8333333
439488537456301	439488551337551	439488537814479
439488545148385	439488559557707	439488545509583
439488561802604	439488575997759	439488562214739
439488578540208	439488592439166	439488580812135
439488601751979	439488617102134	439488602049947
439488611840364	439488625323020	439488612336354
439488628543645	439488641765519	439488628896041
439488645199322	439488666430311	439488655912083
439488668903385	439488682868020	439488669190260
439488678525260	439488691087967	439488678878333
439488695191041	439488707531301	439488695566979
439488711878489	439488732198853	439488715049010
439488735010833	439488748644999	439488735301510
439488745149478	439488756869426	439488745535260
439488761907916	439488773311613	439488762261822
439488778634322	439488789754010	439488778748385
439488802261041	439488814415884	439488802549947
439488811867760	439488822635728	439488812227239
439488828551197	439488847294009	439488834628489
439488851559010	439488863730415	439488851846510
439488861862760	439488871949582	439488862227395
439488878503385	439488896607603	439488878867864
439488895208853	439488913045416	439488896861978
439488918150051	439488929485832	439488918437135
439488928540416	439488945925676	439488928893645
439488945207291	439488970583332	439488954300572
439488968835520	439488987021614	439488969095728
439488978487447	439488995239530	439488979297916
439488995207916	439489011676457	439488995554583
439489011952708	439489028114269	439489012476614
439489035788385	439489052772030	439489036068801
439489045190208	439489060990259	439489045571978
439489061876197	439489077426093	439489067534635
439489084952551	439489102076145	439489085239478
439489095190520	439489110293749	439489095556510
439489111865833	439489126729947	439489112227135
439489128583333	439489143169947	439489128689791
439489155096197	439489167826145	439489155384010
439489161836301	439489176044739	439489162356666
439489178562239	439489200700051	439489183781666
439489202491197	439489217137551	439489202853541
439489211864635	439489225356040	439489212305885
439489228535728	439489241794269	439489228894739
439489245211510	439489266448384	439489252985416
439489268732916	439489282882916	439489269093697
439489278480051	439489291099998	439489278869322
439489295178645	439489307533280	439489295610572
439489311849322	439489332185623	439489315528645
439489335110832	439489348619894	439489335412395
439489345151770	439489356838489	439489345542135
439489361815260	439489373274478	439489362201510
439489378494166	439489397928176	439489380375260
439489401786926	439489414366040	439489402092082
439489411875832	439489422584113	439489412336041
439489428483541	439489439019113	439489428884114
439489445147603	439489463674217	439489449982864
439489468608176	439489480109217	439489468989478
439489478484270	439489496550155	439489478859426
439489495135884	439489512991613	439489495515989
439489511862395	439489529430780	439489515041197
439489535106145	439489545872186	439489535416822
439489545145572	439489562314217	439489545554114
439489561893228	439489578757238	439489562257759
439489578590676	439489595197916	439489580276353
439489602464166	439489619855936	439489602827916
439489611879791	439489628075572	439489612108541
439489628545051	439489644514530	439489628906822
439489645228541	439489660953801	439489650353697
439489668712134	439489685611665	439489668996770
439489678541822	439489702050884	439489684451509
439489695165884	439489710271613	439489695587291
439489718789947	439489734929322	439489719084791
439489728500416	439489751363228	439489734157134
439489745196666	439489759582239	439489745421457
439489768504322	439489784238228	439489768805676
439489778582864	439489800677655	439489783779322
439489795245207	439489808898228	439489795612239
439489818642916	439489833556040	439489818941822
439489828624166	439489849993175	439489834776041
439489845291353	439489858211092	439489845506666
439489869708853	439489882864634	439489870009738
439489878558072	439489899300259	439489884850728
439489895257291	439489907519061	439489895618072
439489918806613	439489932173541	439489919093697
439489928551301	439489940393228	439489928912916
439489945239478	439489956833175	439489945579478
439489962128332	439489973274946	439489962207551
439489986347603	439489997933957	439489986634478
439489995291822	439490006151717	439489995677134
439490011975416	439490030808332	439490019690884
439490035510676	439490047246561	439490035790572
439490045282238	439490063684165	439490045644738
439490061941353	439490080121717	439490062328801
439490078644165	439490096560676	439490080806978
439490102429790	439490112997863	439490102741301
439490111932082	439490129437863	439490112290572
439490128634478	439490145878384	439490128987915
439490145342603	439490162316612	439490149311770
439490168604947	439490186975832	439490168897551
439490178542290	439490195197394	439490179180363
439490195456353	439490211640259	439490195712915
439490211942238	439490228079842	439490216142603
439490235424582	439490252736665	439490235724165
439490245218072	439490260956509	439490245689113
439490261946040	439490285610206	439490269548540
439490285355572	439490302047967	439490285769009
439490295218853	439490310267342	439490295578540
439490311927863	439490326702446	439490312293540
439490328627707	439490343138436	439490330374270
439490352616353	439490367790415	439490352909790
439490361910728	439490376007811	439490362310884
439490378586040	439490400661561	439490387387134
439490402077603	439490417098228	439490402364790
439490411904634	439490425317029	439490412285103
439490428584270	439490441753019	439490428963488
439490445250415	439490458190467	439490446985103
439490468677238	439490482847134	439490468971353
439490478582134	439490491066561	439490478960988
439490495247915	439490515720884	439490503430103
439490518689947	439490532156665	439490518995259
439490528576613	439490540375415	439490528945884
439490545248644	439490556812394	439490545617082
439490561986197	439490573245571	439490562078019
439490588056613	439490606110155	439490588354790
439490595210103	439490614327499	439490595526040
439490611930519	439490630758800	439490617640884
439490635226665	439490647190206	439490635510832

POLL t=233.1 tick=4481
8333333
439500262389318	439500278477078	439500262827130
439500279096922	439500303127390	439500287105880
439500302486193	439500319560307	439500302777599
439500312415568	439500327777339	439500312791766
439500329105255	439500352429005	439500337233380
439500352608537	439500368864213	439500352897130
439500362417130	439500377081713	439500362781505
439500379036193	439500401734161	439500386298224
439500402301141	439500418165828	439500402601037
439500412376141	439500426382546	439500412793537
439500429060412	439500459248016	439500441901974
439500445762599	439500467464839	439500446168797
439500473512287	439500483898641	439500473804005
439500479031662	439500500332702	439500483516141
439500504967859	439500516769370	439500505276662
439500512325203	439500524986401	439500512719318
439500536232078	439500549639890	439500536482130
439500545693328	439500557858380	439500546111505
439500562444318	439500582512130	439500570385099
439500585432130	439500598947963	439500585714943
439500595755984	439500607168171	439500596133068
439500612424266	439500631821974	439500619423693
439500636410724	439500648259578	439500636700203
439500645761349	439500656478641	439500646145880
439500662428641	439500689352390	439500670972391
439500686692130	439500697571296	439500686978068
439500695740411	439500714009630	439500696136818
439500712433328	439500738666088	439500721058068
439500737197391	439500755105828	439500737518641
439500745793380	439500763324057	439500746086505
439500762461349	439500779759369	439500762864161
439500779111661	439500796193953	439500779437443
439500806644474	439500820845568	439500806932911
439500812423224	439500837279474	439500820106818
439500836626505	439500853713796	439500836921453
439500845778068	439500861930411	439500845998224
439500862450880	439500878365099	439500863354266
439500888510203	439500903019890	439500888792443
439500895737234	439500911236974	439500896107755
439500912465672	439500927671921	439500912803484
439500940682443	439500952324213	439500940961505
439500945779786	439500968757442	439500951627911
439500968960359	439500985192130	439500969330880
439500979041505	439500993410046	439500979411765
439500995832130	439501009846817	439500996305203
439501012457911	439501026281921	439501013493172
439501037577599	439501050935932	439501037871193
439501045746349	439501059153536	439501046121922
439501062462911	439501075587599	439501062812859
439501088568015	439501100241974	439501088864630
439501095779005	439501108461661	439501096140568
439501119268380	439501133114473	439501119636036
439501129123015	439501141331140	439501129479265
439501145782755	439501165985880	439501156218172
439501169221661	439501182420358	439501169526505
439501179117130	439501190637077	439501179492911
439501195780880	439501215290411	439501204693536
439501219170724	439501231723953	439501219465984
439501229112442	439501239939630	439501229469786
439501245785724	439501272803587	439501255126036
439501270173224	439501281020723	439501270462547
439501279089005	439501297453379	439501279446922
439501295737911	439501322100515	439501305551817
439501319914005	439501330317806	439501320244005
439501329082599	439501346751921	439501329458067
439501345739161	439501371401505	439501354831453
439501369834422	439501387834734	439501370127286
439501379351609	439501396052338	439501380143797
439501395805255	439501420698901	439501404941661
439501420111349	439501437130671	439501420413015
439501429116349	439501445347130	439501429497442
439501445752755	439501469995723	439501455333328
439501468595984	439501486429317	439501468882442
439501479137078	439501494648067	439501479334005
439501495823380	439501519300046	439501503090411
439501518634317	439501535731608	439501518924161
439501529115567	439501543947963	439501529483640
439501545823640	439501568597286	439501552882286
439501569929474	439501585031973	439501570267911
439501579181765	439501593248328	439501579557547
439501595855255	439501609683692	439501596211349
439501612539005	439501626118379	439501612830515
439501639306817	439501650769473	439501639608796
439501645769161	439501667203015	439501652881453
439501668768224	439501683635411	439501669055567
439501679112130	439501691851556	439501679480046
439501695816505	439501708284109	439501695983849
439501723473536	439501741152911	439501723766661
439501729139474	439501749370984	439501732933536
439501752563067	439501765802494	439501752928849
439501762479942	439501774018900	439501762882546
439501779190671	439501790452807	439501779535255
439501795910255	439501815106400	439501796830255
439501819601349	439501831541036	439501819897390
439501829208067	439501839758848	439501829559109
439501845826921	439501856195203	439501846144421
439501874061765	439501889058380	439501874341817
439501879145671	439501897273484	439501886309630
439501901811817	439501913703796	439501902094734
439501912496505	439501930132234	439501912873848
439501929193692	439501954780306	439501941025098
439501953197442	439501971213900	439501953481609
439501962769005	439501979430567	439501963071505
439501979220411	439501995865306	439501979756921
439501995936348	439502012299004	439501996290880
439502020572755	439502036951765	439502020830567
439502029180828	439502045169629	439502029376609
439502045878171	439502061603484	439502047819578
439502070151505	439502086255931	439502070418380
439502079173015	439502094474525	439502079523223
439502095852390	439502110912859	439502096267442
439502121727442	439502135567650	439502122014109
439502129151973	439502152004629	439502137191348
439502151709005	439502168443223	439502152156192
439502162486921	439502176660879	439502162848796
439502179156609	439502201319108	439502188222286
439502202134317	439502217755984	439502202432442
439502212454890	439502225974577	439502212812911
439502229156609	439502250629212	439502238288796
439502251991661	439502267066400	439502252285828
439502262526192	439502275284160	439502262875984
439502279160723	439502299934681	439502288145723
439502301772755	439502316367442	439502302075880
439502312431661	439502324583691	439502312809265
439502329122442	439502349237390	439502338948380
439502352525984	439502365671764	439502352811192
439502362441609	439502373889577	439502362814161

