POLL t=10.7 tick=600
8333333
449507999966959	449508012330240	449508000251490
449508016776646	449508028765239	449508017050865
449508033391438	449508045201177	449508033678990
449508050150813	449508061634510	449508050443469
449508066494302	449508078069874	449508066782740
449508083330709	449508094502947	449508083634875
449508100142427	449508110935656	449508100421646
449508117008156	449508127369615	449508117288365
449508133303833	449508143803937	449508133571333
449508150100396	449508168455917	449508150387219
449508166723833	449508184890187	449508167005396
449508183405344	449508201323260	449508183684458
449508200237896	449508217755655	449508200514875
449508216796125	449508234186541	449508217086438
449508233345552	449508250621958	449508233614146
449508250146802	449508267056333	449508250438521
449508266625708	449508283490812	449508266913365
449508283337844	449508299924458	449508283634406
449508299898469	449508316360708	449508300189719
449508316729719	449508332798052	449508317005552
449508333281594	449508349235343	449508333562531
449508350108365	449508365670240	449508350409250
449508366752688	449508382103990	449508367045396
449508383304458	449508398537062	449508383584458
449508399905813	449508414971437	449508400200031
449508416625083	449508431407427	449508416912844
449508433394302	449508447843052	449508433683781
449508450219146	449508464279615	449508450517896
449508466638208	449508480715656	449508466915708
449508483404615	449508497152531	449508483731490
449508500213781	449508513590031	449508500480500
449508516730396	449508530026072	449508517015500
449508533498312	449508546460969	449508533763052
449508550285187	449508562894718	449508550570187
449508566861021	449508579328468	449508567123312
449508583330865	449508595762010	449508583598365
449508600103208	449508612196905	449508600370396
449508616701594	449508628629041	449508616975500
449508633419146	449508645063677	449508633693052
449508650258000	449508661496906	449508650542740
449508666688000	449508677930135	449508666973677
449508683189771	449508694362739	449508683462427
449508699887740	449508710797583	449508700185396
449508716907896	449508727231437	449508717186177
449508733354719	449508743664874	449508733628833
449508750069146	449508768316697	449508750371646
449508766619562	449508784754510	449508766906906
449508783314614	449508801189718	449508783595864
449508800102531	449508817624145	449508800387739
449508816649302	449508834058676	449508816936333
449508833153937	449508850495083	449508833433156
449508850168000	449508866929978	449508850455083
449508866678677	449508883365604	449508867047271
449508883210656	449508899801385	449508883507687
449508899788312	449508916236072	449508900063156
449508916830083	449508932672114	449508917121594
449508933384875	449508949108884	449508933668052
449508950179146	449508965548416	449508950455552
449508966632271	449508981985760	449508966906281
449508983340031	449508998421437	449508983634302
449509000114562	449509014855447	449509000404146
449509016768156	449509031290707	449509017036958
449509033343521	449509047726593	449509033610812
449509050019771	449509064161646	449509050310656
449509066629250	449509080598312	449509066918833
449509083438989	449509097032010	449509083741021
449509100104302	449509113468781	449509100377896
449509116575552	449509129903156	449509116867844
449509133211333	449509146339509	449509133487427
449509150175812	449509162776281	449509150466958
449509166675656	449509179213364	449509166955708
449509183222896	449509195648781	449509183500239
449509200049562	449509212086853	449509200293521
449509216877896	449509228526436	449509217174614
449509233324458	449509244962166	449509233621906
449509250103000	449509261399405	449509250390239
449509266791177	449509277837374	449509267071646
449509283630239	449509294277322	449509283932896
449509300112427	449509310716437	449509300398312
449509316862739	449509327156958	449509317136489
449509333656593	449509343598155	449509333932531
449509350504771	449509368256385	449509350776750
449509367030083	449509384696125	449509367307271
449509383809302	449509401135968	449509384089771
449509400803156	449509417576541	449509401080968
449509417360864	449509434015186	449509417690552
449509433943833	449509450451853	449509434230239
449509450839406	449509466888155	449509451130656
449509467492739	449509483323832	449509467788937
449509484368937	449509499760447	449509484641489
449509500862114	449509516197009	449509501123625
449509517655708	449509532634509	449509517936437
449509534165395	449509549072478	449509534441802
449509550989145	449509565513780	449509551270083
449509567630656	449509581953051	449509567903052
449509584284458	449509598390238	449509584562062
449509600920656	449509614827374	449509601214145
449509617586125	449509631265968	449509617857895
449509634268052	449509647705082	449509634533052
449509651275343	449509664147426	449509651552427
449509667693677	449509680587218	449509667955083
449509684167739	449509697026176	449509684457270
449509700966645	449509713468936	449509701250812
449509717592739	449509729910395	449509717865708
449509734130187	449509746353311	449509734407583
449509750846125	449509762794510	449509751125864
449509767264770	449509779233416	449509767539250
449509784179927	449509795670238	449509784444614
449509800684145	449509812105186	449509800956177
449509817301593	449509828539978	449509817575812
449509833687114	449509844974822	449509833961281
449509868338989	449509886068207	449509868630239
449509870946177	449509894286176	449509871230239
449509897550083	449509910724718	449509897836489
449509908763156	449509927159561	449509909044770
449509925535031	449509943596644	449509925827114
449509941497270	449509951814561	449509941792739
449509959520708	449509976468051	449509959814614
449509973902427	449509984686541	449509974187114
449509992305552	449510009342061	449509992586645
449510007789874	449510025778833	449510008078937
449510025081333	449510042216488	449510025365187
449510041773677	449510058652166	449510042053624
449510059114458	449510075087478	449510059388051
449510075087583	449510091523468	449510075364301
449510091159145	449510107960343	449510091443208
449510108791593	449510124397061	449510109062583

POLL t=22.1 tick=1201
8333333
449519451589767	449519467430443	449519451861017
449519468018829	449519483869766	449519468283465
449519485233465	449519500308933	449519485523152
449519501431485	449519516746954	449519501711954
449519518098673	449519533184819	449519518378204
449519534700079	449519549618360	449519534958829
449519551246642	449519566051380	449519551531173
449519567900235	449519582486693	449519568178829
449519585226017	449519598921589	449519585523360
449519601472579	449519615355704	449519601739767
449519618023829	449519631789923	449519618300235
449519634711277	449519648229141	449519634983360
449519651366485	449519664662578	449519651659402
449519668096902	449519681100026	449519668372892
449519685336433	449519697538099	449519685616329
449519701336277	449519713973777	449519701624298
449519717938360	449519730408048	449519718217735
449519734754610	449519746841224	449519735032735
449519751650548	449519763273933	449519751945548
449519768143048	449519779707371	449519768426746
449519785080392	449519796141798	449519785361589
449519801115392	449519812575287	449519801408048
449519818143933	449519829011068	449519818418933
449519834841433	449519845446484	449519835140079
449519851360339	449519861881537	449519851652110
449519867820392	449519878312006	449519868106017
449519885253621	449519902965495	449519885534610
449519901444454	449519919398568	449519901727371
449519918034246	449519935832579	449519918320808
449519934587266	449519952265026	449519934865860
449519951273985	449519968699349	449519951557266
449519967992423	449519985132526	449519968274454
449519985343204	449520001565547	449519985628516
449520001408464	449520017999662	449520001685860
449520017979298	449520034435234	449520018271746
449520034495964	449520050869714	449520034774766
449520051414923	449520067304714	449520051731954
449520068084871	449520083740443	449520068358308
449520085336329	449520100175807	449520085622110
449520101218464	449520116611276	449520101512579
449520118001485	449520133049037	449520118288777
449520134613048	449520149485547	449520134888933
449520151330235	449520165921797	449520151605391
449520167904766	449520182356954	449520168183829
449520185135704	449520198792995	449520185436798
449520201248777	449520215229454	449520201520027
449520217960704	449520231661485	449520218245704
449520234741016	449520248094297	449520235021485
449520251170704	449520264528308	449520251444610
449520267776641	449520280962422	449520268052683
449520285230079	449520297395234	449520285514402
449520301529298	449520313829766	449520301813777
449520318003048	449520330263985	449520318277579
449520334574454	449520346698360	449520334850860
449520351171016	449520363133411	449520351468829
449520367999558	449520379571797	449520368289610
449520385213829	449520396009089	449520385486954
449520401299714	449520412446901	449520401570079
449520417909141	449520428886120	449520418185079
449520434685548	449520445324349	449520434956173
449520451319558	449520461759662	449520451589454
449520468097683	449520486416589	449520468365027
449520485306173	449520502854401	449520485590860
449520501296016	449520519291172	449520501590860
449520517909923	449520535727631	449520518188464
449520534675704	449520552164401	449520534968829
449520551333152	449520568599714	449520551594610
449520567850547	449520585036432	449520568153360
449520585275235	449520601471901	449520585548620
449520601338204	449520617908047	449520601625339
449520618046954	449520634343099	449520618317527
449520634639610	449520650779401	449520634898152
449520651303152	449520667216537	449520651582214
449520668059245	449520683653672	449520668323985
449520684892370	449520700091380	449520685184454
449520701782110	449520716525287	449520702038047
449520717970235	449520732964922	449520718262370
449520734618829	449520749402682	449520734888985
449520751303672	449520765840026	449520751585964
449520768097579	449520782276016	449520768305339
449520784834297	449520798711224	449520785119141
449520801544454	449520815146432	449520801841954
449520818069141	449520831581901	449520818348985
449520834733672	449520848017318	449520835003204
449520851548829	449520864453308	449520851836172
449520868184922	449520880889141	449520868470704
449520884886797	449520897325182	449520885167527
449520901359766	449520913760703	449520901647579
449520918137214	449520930195547	449520918403047
449520934801641	449520946632474	449520935100860
449520951259558	449520963067161	449520951533204
449520967616329	449520979500807	449520967893360
449520984190235	449520995936016	449520984398516
449521000850651	449521012370547	449521001132214
449521017537579	449521028804869	449521017804454
449521034223672	449521045239714	449521034487891
449521051030860	449521061672735	449521051301641
449521067534714	449521078105338	449521067821641
449521084085235	449521094537110	449521084352422
449521100920235	449521119186432	449521101198047
449521117557370	449521135617474	449521117825079
449521134063829	449521152049817	449521134343776
449521150760860	449521168485287	449521151023308
449521167512422	449521184922109	449521167792579
449521183993516	449521201357214	449521184439454
449521200834922	449521217792422	449521201102578
449521217391797	449521234226380	449521217668360
449521234096641	449521250661015	449521234374610
449521250677839	449521267095807	449521250953985
449521266487370	449521283532369	449521266771953
449521283161016	449521299967421	449521283446953
449521299814766	449521316401744	449521300124766
449521316612058	449521332836275	449521316861797
449521333197839	449521349274661	449521333484297
449521349720964	449521365713307	449521350016433
449521366450964	449521382151380	449521366735235
449521383310703	449521398589036	449521383584714
449521399989453	449521415026432	449521400240078
449521416537526	449521431463515	449521416812422
449521433102422	449521447900078	449521433396328
449521449795808	449521464338516	449521450090235
449521466510078	449521480778412	449521466795235
449521483147266	449521497219297	449521483419714
449521499945651	449521513660860	449521500228308
449521516677370	449521530101276	449521516970964
449521533219089	449521546540286	449521533489453
449521549949558	9223372036854775807	449521550208360

POLL t=33.8 tick=1626
8333333
449531109523200	449531120125491	449531109787054
449531126194241	449531144775075	449531137558825
449531149800960	449531161207782	449531150088616
449531159513460	449531169422939	449531159768773
449531176316950	449531194070803	449531176552887
449531192865856	449531210502053	449531193217835
449531209534137	449531226932627	449531209810856
449531226241481	449531243361845	449531234721793
449531249746741	449531268008772	449531250012523
449531259493616	449531276225543	449531259753200
449531276317262	449531292658928	449531276490075
449531293022679	449531309091793	449531293375856
449531309509762	449531325523199	449531309767731
449531326190856	449531341951116	449531331687262
449531349795856	449531366597001	449531350087523
449531359557262	449531374813824	449531359803356
449531376293043	449531391248095	449531376540231
449531392857106	449531407680439	449531393211741
449531409512262	449531424113251	449531409777054
449531426228668	449531440545282	449531431384606
449531449909918	449531465191533	449531450194293
449531459533200	449531473406897	449531459811585
449531476240335	449531489837626	449531476479606
449531492851325	449531506270856	449531493194293
449531509577991	449531522705074	449531509833668
449531526225543	449531539139449	449531534789918
449531549937262	449531563794137	449531550201012
449531559531168	449531572011688	449531559794554
449531576263147	449531588444657	449531576523356
449531592898200	449531604879397	449531593234606
449531609565647	449531621315022	449531609823512
449531626230856	449531637749136	449531637477731
449531649783356	449531662399293	449531650019710
449531659598825	449531670614345	449531659852887
449531676278825	449531687045699	449531676522731
449531692868356	449531703481116	449531693231481
449531709592418	449531728134606	449531709843772
449531726199710	449531744572209	449531738420543
449531749555074	449531761007418	449531749831272
449531759609137	449531777441272	449531759804918
449531776257054	449531793874918	449531776510387
449531792909085	449531810308459	449531793249293
449531809586637	449531826740804	449531809842731
449531826226429	449531843175022	449531837488043
449531850662522	449531867827106	449531850939241
449531859501637	449531876044970	449531859765335
449531876374293	449531892479397	449531876563929
449531892926897	449531908916011	449531893267366
449531909567262	449531925352001	449531909829606
449531926168199	449531941788459	449531926463356
449531949749397	449531966439710	449531950034449
449531959581012	449531974656636	449531959840231
449531976269606	449531991090387	449531976529241
449531992856324	449532007524084	449531993208668
449532009596012	449532023956533	449532009861012
449532026285960	449532040388407	449532026539449
449532049864762	449532065037470	449532050146793
449532059534137	449532073253407	449532059798304
449532076212887	449532089685021	449532076472418
449532092903147	449532106114137	449532093255387
449532109649137	449532122543876	449532109898512
449532126206428	449532138973511	449532138350856
449532149686012	449532163620074	449532149963199
449532159574085	449532171836740	449532159832418
449532176290074	449532188268616	449532176542262
449532192930491	449532204699605	449532193260022
449532209547887	449532221130699	449532209811168
449532226196949	449532245774553	449532237870022
449532249581793	449532262206011	449532249858199
449532259605647	449532270421949	449532259866949
449532276297887	449532286851532	449532276561637
449532292858668	449532303280282	449532293210022
449532309501168	449532327926896	449532309761793
449532326265699	449532344355750	449532326515074
449532342989449	449532360788928	449532343252887
449532367125699	449532377220543	449532367393668
449532376223355	449532393651168	449532376484137
449532392956324	449532410082677	449532393321168
449532409633512	449532426512782	449532409875803
449532426730960	449532442942990	449532426967887
449532442910230	449532459374449	449532444356116
449532466701897	449532484023355	449532466976272
449532476315178	449532492238928	449532476581012
449532492957991	449532508664344	449532493297418
449532509606637	449532525093928	449532509857366
449532526267887	449532541522626	449532526513355
449532542942418	449532557950334	449532549502574
449532566829137	449532582593407	449532567074710
449532576359605	449532590809084	449532576611012
449532592929293	449532607239188	449532593256168
449532609580491	449532623666011	449532609844293
449532626285230	449532640093043	449532626539449
449532642974085	449532656520803	449532643204137
449532666459866	449532681162469	449532666737887
449532676266637	449532689378095	449532676524449
449532692979605	449532705808199	449532693349137
449532709623824	449532722239501	449532709868355
449532726294293	449532738670438	449532726543824
449532742952730	449532755102417	449532743201480
449532759628512	449532771533615	449532761002210
449532783407574	449532796181272	449532783689293
449532792897209	449532804397834	449532793240491
449532809623355	449532820832262	449532809884084
449532826281949	449532837265178	449532826529709
449532842948355	449532853697782	449532843205491
449532859646168	449532870128824	449532861776637
449532883219605	449532894776897	449532883533824
449532892916012	449532911209969	449532893281793
449532909563772	449532927642417	449532909825699
449532926249449	449532944073511	449532926497209
449532942959605	449532960505855	449532943192678
449532959605074	449532976937625	449532967103459
449532983215803	449532993368875	449532983520230
449532992888668	449533009804605	449532993236168
449533009625543	449533026237365	449533009942522
449533026271428	449533042673147	449533026535491
449533042964293	449533059107833	449533043218980
449533059599918	449533075542938	449533071870230
449533083027105	449533100190333	449533083305386
449533092873511	449533108406427	449533093216011
449533109740543	449533124839501	449533109957261
449533126308928	449533141275333	449533126565647
449533142930699	449533157710750	449533143191324
449533159574449	449533174146741	449533159829553
449533183230230	449533198797834	449533183507834
449533193007418	449533207015958	449533193328043
449533209688928	9223372036854775807	449533209950959

POLL t=45.6 tick=1771
8333333
449542960057726	449542976811528	449542960157570
449542984380539	449543001459236	449542984663508
449542993415383	449543009675851	449542993649081
449543010090226	449543026108351	449543010342206
449543026698039	449543042541424	449543027065070
449543043413508	449543058972882	449543043673195
449543060054601	449543075406111	449543067618664
449543084345643	449543100054862	449543084625695
449543093406424	449543108270851	449543093650018
449543110121008	449543124702621	449543110374549
449543126713924	449543141133664	449543127068456
449543143353039	449543157562049	449543143621268
449543160109393	449543173990382	449543160304289
449543176731268	449543190419340	449543177520539
449543201363195	449543215063299	449543201648508
449543210064914	449543223279236	449543210330851
449543226668299	449543239712726	449543227020799
449543243400331	449543256145955	449543243665695
449543260105695	449543272578872	449543260351476
449543276742258	449543289011528	449543288812570
449543301254914	449543313660383	449543301529237
449543310073195	449543321877048	449543310328351
449543326702883	449543338309757	449543327051424
449543343438508	449543354742413	449543343678039
449543360134445	449543371172621	449543360383195
449543376728039	449543387604132	449543376988508
449543393379862	449543404033924	449543396968976
449543418731633	449543436899132	449543419007883
449543426729914	449543445116632	449543426996112
449543443405070	449543461549653	449543443765539
449543460094914	449543477984132	449543460353508
449543476698039	449543494419496	449543476960070
449543493385539	449543510853195	449543493633612
449543510108455	449543527286163	449543515086007
449543535674549	449543551941059	449543535935226
449543543354132	449543560158455	449543543620851
449543560093976	449543576592100	449543560306476
449543576825070	449543593025694	449543577065955
449543593478612	449543609461944	449543593701476
449543610136580	449543625899861	449543610388507
449543626737987	449543642337673	449543628328507
449543651413195	449543666997152	449543651722414
449543660101632	449543675215122	449543660365539
449543676839445	449543691650278	449543677102257
449543693486945	449543708085902	449543693737726
449543710100643	449543724521684	449543710362518
449543726701580	449543740958767	449543735007882
449543751467205	449543765611527	449543751748924
449543760106164	449543773827986	449543760373924
449543776789601	449543790261736	449543777048455
449543793415695	449543806698299	449543793669705
449543810062414	449543823132101	449543810328664
449543826717726	449543839565173	449543826985643
449543843402987	449543855999652	449543845667570
449543868185539	449543880647465	449543868472830
449543876710487	449543888864392	449543876975226
449543893411632	449543905300122	449543893677257
449543910073664	449543921734861	449543910330955
449543926770486	449543938169444	449543927028820
449543943418351	449543962820434	449543956353507
449543967784445	449543979253767	449543968085695
449543976734549	449543987470642	449543976990695
449543993459757	449544003907674	449543993726789
449544010101424	449544020342361	449544010352414
449544026785695	449544044996163	449544027036789
449544043637049	449544061430902	449544043994080
449544060110070	449544077864236	449544062362101
449544085484601	449544102512361	449544085787830
449544093945018	449544110728715	449544094207101
449544110612986	449544127163299	449544110888820
449544127286164	449544143599445	449544127516789
449544143967101	449544160035069	449544144319705
449544160626632	449544176473819	449544160884757
449544177303143	449544192910747	449544179741320
449544202097986	449544217565954	449544202380851
449544210601945	449544225783350	449544210871788
449544227310226	449544242220381	449544227563924
449544243955070	449544258654392	449544244295799
449544260654236	449544275090746	449544260903768
449544277376893	449544299747726	449544293436736
449544293947413	449544307965851	449544293988195
449544319091424	449544332619601	449544319376736
449544327298038	449544340836892	449544327567413
449544343989757	449544357271059	449544344338455
449544360621476	449544373705798	449544360873820
449544377286632	449544390141683	449544377555174
449544393958976	449544406576788	449544394217726
449544410688507	449544423010694	449544412785538
449544435575226	449544447665017	449544435893611
449544443925643	449544455883142	449544444180486
449544460630486	449544472320747	449544460886111
449544477307882	449544488757882	449544477557205
449544493978820	449544505195382	449544494259393
449544510652882	449544529848038	449544525103351
449544527278924	449544538065642	449544527528768
449544552227882	449544562715798	449544552502570
449544560597413	449544570932517	449544560874601
449544577312257	449544587364809	449544577563038
449544593957517	449544612015902	449544594209601
449544610613299	449544628449705	449544610870642
449544627267413	449544644884236	449544641759445
449544643934601	449544661321007	449544644204132
449544668738142	449544685973246	449544669044288
449544677271424	449544694188663	449544677536163
449544693991892	449544710624079	449544694309132
449544710603195	449544727059809	449544710857517
449544727264913	449544743495955	449544727516788
449544743933351	449544759934184	449544744283611
449544760613507	449544776371371	449544762555955
449544785458767	449544801023350	449544785759913
449544793894601	449544809240902	449544794158819
449544810598611	449544825675278	449544810859288
449544827294444	449544842109809	449544827551580
449544843924601	449544858541996	449544844284549
449544860616007	449544874973141	449544860868976
449544877261476	449544891403715	449544877772517
449544902020694	449544916048298	449544902296424
449544910653767	449544924262985	449544910898455
449544927284757	449544940693506	449544927549236
449544943890382	449544957122465	449544944247830
449544960637257	449544973550746	449544960886111
449544977306632	449544998194600	449544991529288
449544993933507	449545006411215	449544994199913
449545018928194	449545031059965	449545019219444
449545027286944	449545039278090	449545027542101
449545043959236	449545055713350	449545044293507
449545060578299	449545072150433	449545060839601

POLL t=55.7 tick=1870
8333333
449553177421316	449553190830274	449553177693816
449553194125170	449553207261316	449553194377879
449553210736941	449553223691681	449553211011889
449553227457566	449553240126368	449553227738348
449553244155379	449553256560795	449553249288139
449553268527358	449553281212618	449553268814702
449553277440379	449553289429232	449553277704389
449553294136004	449553305864076	449553294392410
449553310784910	449553322299493	449553311048608
449553327435379	449553338733711	449553327694233
449553344153347	449553355169544	449553346102358
449553368634233	449553379822774	449553368930535
449553377469389	449553388040952	449553377741420
449553394148504	449553404476420	449553394400535
449553410757410	449553420910118	449553411018191
449553427413347	449553445557983	449553427672722
449553444115691	449553461991836	449553448322983
449553468379754	449553486642409	449553468676472
449553477544441	449553494859754	449553477806785
449553494276577	449553511295535	449553494537514
449553510954077	449553527728451	449553511214285
449553527579754	449553544161524	449553527861264
449553544263347	449553560595378	449553547018191
449553568788191	449553585246785	449553569079597
449553577626941	449553593464128	449553577889702
449553594306941	449553609899493	449553594571004
449553610937670	449553626334806	449553611206264
449553627587097	449553642771316	449553627853347
449553644313035	449553659207774	449553646628816
449553668851264	449553683858294	449553669133764
449553677632566	449553692075847	449553677899129
449553694268764	449553708512461	449553694534285
449553710962514	449553724947722	449553711223764
449553727657410	449553741385066	449553727918347
449553744290170	449553757820274	449553746029910
449553768748139	449553782469805	449553769030847
449553777624858	449553790688242	449553777904754
449553794345326	449553807124024	449553794603451
449553810981160	449553823558191	449553811239858
449553827590639	449553839991993	449553827857983
449553844299233	449553856425639	449553845979389
449553868837670	449553881077722	449553869134129
449553877635379	449553889295274	449553877898608
449553894278972	449553905727774	449553894530535
449553910967358	449553922161107	449553911248504
449553927656160	449553938593607	449553927910795
449553944356108	449553955026003	449553947010066
449553968749128	449553979673294	449553969046889
449553977614128	449553987887670	449553977896160
449553994359701	449554004317878	449553994637201
449554011028660	449554028962305	449554011290378
449554027680847	449554045392566	449554027942722
449554044336160	449554061825639	449554048317097
449554068912722	449554086473971	449554069206160
449554077687410	449554094690326	449554077949753
449554094413608	449554111125378	449554094675847
449554111028608	449554127560222	449554111306316
449554127665378	449554143994597	449554127934753
449554144333035	449554160426472	449554149002201
449554168959910	449554185074075	449554169249233
449554177673035	449554193290170	449554177952410
449554194318660	449554209724961	449554194580222
449554211005535	449554226161055	449554211272097
449554227730847	449554242595378	449554227968347
449554244356733	449554259027826	449554246324545
449554268717358	449554283676628	449554269004753
449554277692722	449554291891315	449554277961733
449554294382566	449554308322670	449554294638816
449554311027826	449554324755586	449554311298920
449554327642722	449554341189492	449554327914701
449554344349858	449554357623503	449554347334076
449554368913035	449554382271784	449554369203191
449554377732514	449554390488607	449554377993035
449554394366472	449554406921523	449554394627983
449554411025691	449554423353138	449554411298764
449554427751785	449554439786472	449554428034753
449554444430639	449554456220534	449554448919753
449554468864128	449554480869961	449554469158347
449554477727722	449554489085742	449554477990847
449554494468347	449554505516368	449554494711889
449554511105951	449554521947253	449554511403035
449554527749857	449554538375690	449554528079597
449554544440222	449554554802982	449554552340482
449554569031264	449554579444284	449554569318503
449554577774857	449554587659805	449554578027878
449554594417878	449554612305690	449554594674128
449554611106316	449554628737566	449554611363191
449554627783451	449554645172044	449554628077097
449554644499441	449554661602670	449554653570795
449554668767826	449554686250118	449554669050534
449554677750847	449554694465899	449554678010066
449554694459597	449554710896732	449554694719076
449554711127722	449554727328346	449554711394701
449554727837670	449554743762357	449554728105534
449554744493816	449554760192305	449554752091889
449554768929909	449554784839440	449554769233347
449554777747722	449554793055846	449554778017982
449554794430534	449554809488294	449554794692253
449554811100066	449554825922201	449554811392253
449554827721472	449554842354492	449554827971316
449554844433295	449554858787253	449554852898920
449554868511628	449554883439023	449554868810222
449554877661003	449554891656106	449554877945222
449554894328920	449554908089076	449554894611941
449554911043607	449554924521836	449554911304597
449554927751107	449554940956941	449554928087253
449554944393764	449554957390014	449554948074701
449554968779597	449554982037930	449554969089753
449554977670639	449554990252200	449554977947566
449554994376784	449555006680117	449554994657409
449555011001628	449555023112045	449555011268503
449555027671941	449555039542409	449555027934441
449555044460534	449555055973815	449555045661159
449555068762045	449555080622722	449555069047722
449555077681628	449555088839909	449555077943503
449555094351784	449555105273659	449555094624909
449555111009597	449555121706680	449555111278034
449555127663972	449555138139753	449555127943034
449555144377409	449555154573711	449555148413295
449555168774441	449555179225065	449555169096784
449555177705534	449555195659805	449555177997409
449555194372513	449555212094128	449555194636263
449555211025795	449555228527461	449555211295066
449555227713191	449555244961784	449555227973972
449555244454857	449555261397409	449555244850170
449555268510691	449555286050169	449555268793503
449555277680795	9223372036854775807	449555277977513

POLL t=67.7 tick=1988
8333333
449565102688343	449565114035114	449565102979124
449565111377562	449565122253238	449565111685530
449565128092562	449565138688916	449565128345218
449565144717978	449565163340894	449565157532041
449565161395166	449565171557509	449565161702249
449565190716260	449565204426520	449565191078499
449565194649541	449565212645113	449565194964905
449565211343812	449565229083968	449565211775843
449565228089853	449565245523707	449565228354280
449565244738135	449565261963446	449565245088812
449565270094905	449565286623290	449565270420062
449565278280687	449565294842978	449565278537666
449565294772249	449565311281103	449565295049124
449565311458291	449565327718968	449565311803499
449565328112093	449565344157301	449565330377874
449565352792405	449565368815426	449565353075530
449565361397510	449565377035269	449565361670687
449565378061885	449565393475999	449565378333030
449565394748135	449565409917926	449565408820218
449565411412510	449565426357874	449565411808655
449565437130322	449565451013550	449565437420530
449565444740791	449565459232457	449565445008135
449565461404385	449565475671467	449565461669905
449565478063291	449565492110114	449565490219437
449565503527093	449565516766155	449565503895010
449565511384593	449565524983239	449565511666312
449565528111728	449565541418551	449565528363655
449565544757249	449565566070218	449565558423343
449565561478030	449565574288134	449565561841780
449565589011884	449565607160842	449565589304228
449565594746312	449565615379852	449565595129437
449565611397405	449565623598499	449565611758030
449565628139124	449565640035790	449565630377093
449565652112353	449565664693290	449565652551155
449565661393187	449565672911467	449565661729541
449565678086572	449565689350894	449565678355062
449565694753603	449565705787874	449565695017093
449565711431312	449565722225426	449565715191468
449565736069280	449565746881467	449565736422093
449565744744228	449565755101363	449565745030687
449565761420218	449565771540165	449565761685166
449565778069749	449565796196154	449565790009280
449565802900374	449565820852822	449565803183916
449565811380166	449565829070478	449565811670530
449565828050686	449565845506884	449565828309541
449565844683603	449565861944071	449565858611259
449565861408134	449565878379852	449565861751936
449565889461311	449565903033395	449565889880947
449565894702093	449565911250894	449565895053916
449565911428916	449565927685166	449565911725374
449565928223499	449565944120061	449565928667353
449565951916572	449565968771728	449565952248603
449565961399905	449565976989645	449565961662093
449565978082561	449565993424749	449565978348499
449565994735530	449566009860843	449566008362405
449566011421468	449566026299176	449566011770530
449566039012509	449566050956780	449566039300009
449566044729905	449566059175947	449566045079905
449566061438030	449566075610843	449566061783968
449566078075218	449566092047977	449566082031103
449566101911311	449566116700738	449566102296103
449566111414124	449566124918134	449566111684905
449566128094905	449566141352874	449566128369697
449566144757978	449566157787926	449566156028655
449566168895478	449566182436155	449566169181468
449566178066468	449566190650895	449566178337249
449566194751259	449566207080947	449566195028916
449566211415374	449566231729904	449566225550530
449566228287718	449566239948030	449566228400374
449566255788030	449566272814644	449566256080947
449566261508290	449566281031727	449566261849853
449566278068811	449566289247561	449566278338186
449566294814593	449566305677457	449566296123968
449566318859228	449566330326259	449566319139853
449566328103915	449566338543498	449566328411103
449566344786415	449566363191155	449566345069228
449566361440009	449566379622769	449566361698968
449566378175634	449566396055269	449566378619905
449566402888811	449566420706832	449566403273655
449566411445947	449566428924800	449566411712040
449566428104280	449566445360269	449566428368915
449566444840947	449566461795217	449566445187874
449566471859436	449566486449800	449566472154540
449566478140009	449566494668811	449566478441103
449566494872249	449566511105894	449566495066572
449566511525999	449566527539592	449566513774280
449566535439540	449566552188862	449566535726259
449566544772561	449566560406259	449566545038134
449566561429749	449566576840529	449566561698499
449566578118603	449566593277300	449566591277249
449566594860999	449566609709644	449566595208967
449566622700217	449566634356415	449566622990061
449566628132561	449566642573550	449566628439749
449566644775165	449566659007040	449566645040842
449566661556155	449566675440894	449566662453655
449566685425530	449566700092301	449566685703967
449566694772249	449566708310060	449566695076572
449566711436780	449566724746102	449566711796624
449566728259697	449566741182405	449566730287665
449566751877249	449566765833967	449566752160790
449566761457874	449566774051832	449566761726467
449566778076780	449566790483134	449566778352717
449566794789592	449566815133706	449566806902405
449566811453030	449566823350790	449566811817561
449566839957978	449566856220581	449566840333811
449566844706572	449566864437925	449566845060217
449566861507405	449566872654124	449566861832978
449566878095478	449566889089279	449566884909228
449566902008134	449566913741988	449566902310374
449566911427040	449566921956831	449566911799540
449566928129749	449566938388133	449566928381884
449566944752249	449566963038133	449566955696103
449566969175686	449566979471155	449566969461780
449566978090217	449566995903551	449566978354905
449566994769280	449567012337405	449566995036415
449567011422249	449567028769852	449567024791728
449567035343446	449567045201311	449567035649853
449567044721103	449567061632560	449567045009071
449567061462405	449567078066206	449567061838030
449567078061936	449567094500893	449567093564853
449567094789748	449567110936258	449567095132353
449567121644696	449567135592248	449567121941936
449567128068498	449567143810165	449567128504123
449567144781155	449567160245425	449567145040321
449567161456467	449567176678811	449567168165373
449567185307665	449567201329123	449567185605998
449567194730165	449567209545425	449567195003655

POLL t=77.8 tick=2124
8333333
449575402159120	449575418839224	449575402477974
449575411693339	449575427057036	449575411973183
449575428380787	449575443491516	449575428620787
449575445040162	449575459927245	449575454983495
449575469328495	449575484581828	449575469722506
449575478315839	449575492801567	449575478601620
449575495018443	449575509239849	449575495289277
449575511648756	449575533894016	449575526376620
449575528362558	449575542113234	449575528737349
449575557935527	449575574983651	449575558244745
449575561646412	449575583200942	449575561994277
449575578572870	449575591418235	449575578813599
449575595112401	449575607853235	449575605935006
449575619114537	449575632506255	449575619392401
449575628380683	449575640724484	449575628654433
449575645029849	449575657157922	449575645403651
449575661698495	449575681811046	449575674301724
449575678386776	449575690029640	449575678743599
449575706916881	449575722901307	449575707212089
449575711709849	449575731118026	449575712168443
449575728368495	449575739333859	449575728634849
449575745041933	449575755768703	449575747849224
449575769036464	449575780418964	449575769322506
449575778322089	449575796854171	449575778631308
449575794995474	449575813290265	449575795269537
449575811723808	449575829724433	449575824346308
449575828379068	449575846159744	449575828729120
449575857856933	449575870811516	449575858226308
449575861627818	449575879029484	449575862009120
449575878378808	449575895463859	449575878638495
449575895054068	449575911898183	449575900245943
449575919193339	449575936549276	449575919527558
449575928368964	449575944766255	449575928636776
449575945025162	449575961198651	449575945402662
449575961655370	449575977632818	449575973052558
449575986202193	449576002283859	449575986493131
449575995012870	449576010501047	449575995282245
449576011720214	449576026935578	449576011986412
449576028408339	449576043371151	449576040307558
449576045047662	449576059805473	449576045404120
449576073457401	449576084457036	449576073759693
449576078336933	449576092674328	449576078681464
449576095004589	449576109109276	449576095289120
449576111761412	449576125541724	449576114779745
449576135926776	449576150193286	449576136241880
449576145040995	449576158411047	449576145414276
449576161728964	449576174846619	449576161987558
449576178374745	449576191281620	449576188962349
449576202587089	449576215934849	449576202884068
449576211682558	449576224152974	449576211948964
449576228337714	449576240589172	449576228664276
449576245000630	449576257026047	449576256325995
449576269413495	449576281679484	449576269727714
449576278384901	449576289895682	449576278645526
449576295048964	449576306326879	449576295350057
449576311713495	449576322760526	449576322012714
449576336100214	449576347415682	449576336393026
449576345054120	449576355633807	449576345396151
449576361720943	449576372069692	449576361973339
449576378376620	449576396721307	449576390859432
449576395053651	449576404938963	449576395401464
449576423201151	449576437804536	449576423497401
449576428323026	449576446021203	449576428678964
449576445062714	449576462456046	449576445735526
449576461724901	449576478891203	449576467664120
449576486406412	449576503544120	449576486687662
449576495084432	449576511760787	449576495428755
449576511756464	449576528194172	449576512030839
449576528478651	449576544627921	449576540455682
449576553299120	449576569278025	449576553583287
449576561823495	449576577494328	449576562105318
449576578468964	449576593928390	449576578734589
449576595140214	449576610365213	449576608783755
449576611867401	449576626801307	449576612149589
449576641279068	449576659673547	449576641619432
449576645167974	449576667890265	449576645587037
449576661852870	449576676106828	449576662121880
449576678524432	449576692541151	449576681447818
449576703352349	449576717191046	449576703639276
449576711820318	449576725408911	449576712132870
449576728517870	449576741844171	449576728786464
449576745167036	449576766498755	449576760880682
449576761905005	449576774717297	449576762261411
449576790084276	449576807586255	449576790377818
449576795207401	449576815804067	449576795525943
449576811843182	449576824022036	449576812106776
449576828595005	449576840459015	449576830464432
449576853747714	449576865112088	449576854022089
449576861909432	449576873328807	449576862229901
449576878527557	449576889764536	449576878789589
449576895170161	449576906201723	449576895429380
449576911934276	449576922637400	449576912079901
449576937464901	449576955509744	449576937759380
449576945112245	449576963728338	449576945532713
449576961829380	449576971946671	449576962106463
449576978585213	449576996601047	449576981077661
449577003742505	449577021254848	449577003988911
449577011797401	449577029471515	449577012099849
449577028494276	449577045906411	449577028777245
449577045171776	449577062343338	449577049847245
449577070545995	449577086996150	449577070830838
449577078452505	449577095215109	449577078758182
449577095189276	449577111654015	449577095472766
449577111833130	449577128093650	449577112113182
449577128552401	449577144532661	449577130784849
449577155177870	449577169190577	449577155652245
449577161780474	449577177410369	449577162055213
449577178478495	449577193847557	449577178741099
449577195128963	449577210283754	449577209801568
449577211813755	449577226721098	449577212148026
449577240126463	449577251381828	449577240523651
449577245120786	449577259601567	449577245612401
449577261803338	449577276040108	449577262075943
449577278487349	449577292477973	449577280478338
449577303670370	449577317131671	449577303964120
449577311809745	449577325350577	449577312108026
449577328439745	449577341786984	449577328713026
449577345128338	449577366445161	449577359408026
449577361829901	449577374664692	449577362226307
449577387677713	449577399324119	449577387947505
449577395101411	449577407541723	449577395374901
449577411823651	449577423975161	449577412091411
449577428497192	449577440412817	449577430182870
449577453605474	449577465068234	449577453994120
449577461833807	449577473287035	449577462224901
449577478481463	449577489725786	449577478747661
449577495163026	9223372036854775807	449577495432557

POLL t=89.5 tick=2263
8333333
449586880292033	449586890899845	449586888419116
449586904264272	449586915544689	449586904554689
449586913588803	449586923760730	449586913861460
449586930259272	449586940190783	449586930544428
449586946949689	449586964832918	449586954541303
449586970762866	449586981261980	449586971063491
449586980249533	449586997693438	449586980496928
449586996928647	449587014126043	449586997189376
449587013608022	449587030559272	449587019839220
449587037582658	449587055207189	449587037877501
449587046924689	449587063424168	449587047193908
449587063594428	449587079857136	449587063856095
449587080325053	449587096289376	449587088453178
449587104263178	449587120936095	449587104590470
449587113587658	449587129151876	449587113860991
449587130254741	449587145581928	449587130519376
449587146937085	449587162011355	449587154382397
449587170797085	449587186656563	449587171088803
449587180236460	449587194872762	449587180715835
449587196937866	449587211303907	449587197212085
449587213613907	449587227735313	449587219759897
449587237316616	449587252379584	449587237611251
449587246935366	449587260593438	449587247211772
449587263595939	449587277022969	449587263857085
449587280318960	449587293450626	449587288914116
449587304415939	449587318098855	449587304707710
449587313573126	449587326313490	449587313874897
449587330227085	449587342741512	449587330508335
449587346897553	449587359171042	449587356106928
449587370932970	449587383818178	449587371217189
449587380276460	449587392034479	449587380546876
449587396946564	449587408465834	449587397350209
449587413632084	449587424897188	449587420372084
449587437448439	449587449545626	449587437747709
449587446945053	449587457763490	449587447212241
449587463609376	449587474197813	449587463876147
449587480327814	449587490631616	449587487592657
449587503945834	449587515282240	449587504308282
449587513632345	449587531715470	449587513898595
449587530279272	449587548149323	449587530550470
449587546961459	449587564584272	449587552407241
449587570721720	449587589233177	449587571007709
449587580274584	449587597449272	449587580538491
449587596950522	449587613883177	449587597326616
449587613638907	449587630313438	449587618695834
449587637310991	449587654963282	449587637580209
449587646948126	449587663181147	449587647208751
449587663571407	449587679617970	449587663838803
449587680343647	449587696054897	449587687897397
449587704053491	449587720707709	449587704355782
449587713573647	449587728924428	449587713853751
449587730282553	449587745357188	449587730548022
449587746964220	449587761790261	449587752687397
449587770808751	449587786438543	449587771095470
449587780282709	449587794653491	449587780554741
449587796956772	449587811086199	449587797328022
449587813636147	449587827520001	449587819200470
449587837488282	449587852165938	449587837774272
449587846949428	449587860383126	449587847222501
449587863617866	449587876817500	449587863886720
449587880297813	449587893252188	449587885977709
449587904669532	449587917902449	449587905042241
449587913615313	449587926118646	449587913883334
449587930282709	449587942550156	449587930555209
449587946949741	449587958981875	449587954155366
449587971067032	449587983631511	449587971353022
449587980310834	449587991847553	449587980585053
449587996945522	449588008281042	449587997308178
449588013649428	449588024714479	449588019451147
449588038680366	449588049365469	449588038972709
449588046996095	449588057582188	449588047263751
449588063648647	449588074017344	449588063908647
449588080385990	449588090451772	449588087637813
449588104750470	449588123317188	449588105040522
449588113627865	449588131533959	449588113900990
449588130347188	449588147966355	449588130620678
449588146996407	449588164401250	449588152567084
449588171365053	449588189050209	449588171659740
449588180466563	449588197266719	449588180745782
449588197018126	449588213701459	449588197394272
449588213680938	449588230134897	449588227210678
449588230417032	449588246569479	449588230709897
449588258995678	449588271217500	449588259296876
449588263653647	449588279434531	449588263977553
449588280406147	449588295867449	449588280677240
449588297049532	449588312301927	449588299860678
449588323248959	449588336953490	449588323547865
449588330370365	449588345172865	449588330655678
449588347054272	449588361612813	449588359937188
449588370363803	449588386272292	449588370667501
449588380412032	449588394491511	449588380679532
449588397032657	449588410930886	449588397382553
449588413731147	449588427368125	449588424569897
449588438361615	449588452024167	449588438636303
449588447028334	449588460240990	449588447300313
449588463711615	449588476673907	449588463967032
449588480365365	449588493104688	449588489677501
449588504675834	449588517751771	449588504970053
449588513670782	449588525968490	449588513939897
449588530344219	449588542400729	449588530613594
449588547035209	449588558833281	449588554091615
449588571287657	449588583485886	449588571568022
449588580369115	449588591703230	449588580641407
449588597008647	449588608138646	449588597368959
449588613686459	449588624573022	449588620763959
449588638258647	449588649219532	449588638530209
449588647027240	449588657434115	449588647289219
449588663677240	449588682082865	449588663942969
449588680425313	449588698516823	449588686794115
449588705277084	449588723170417	449588705547709
449588713688021	449588731387604	449588713961303
449588730344688	449588747823854	449588730609428
449588747003126	449588764261510	449588754158490
449588771668490	449588788917396	449588771993126
449588780328021	449588797135573	449588780617032
449588796992553	449588813570469	449588797365053
449588813748021	449588830005938	449588820612969
449588838864532	449588854657032	449588839218178
449588847000521	449588862874271	449588847268178
449588863635157	449588879308334	449588863913282
449588880282032	449588895743281	449588889296771
449588905181303	449588920396511	449588905458334
449588913666459	449588928614896	449588913956146
449588930342709	449588945050209	449588930606876
449588947030209	449588961485677	449588953748334
449588971903646	449588986135521	449588972198751
449588980363751	9223372036854775807	449588980638490

POLL t=101.6 tick=2485
8333333
449599003574893	449599018311767	449599003869059
449599013973955	449599026528746	449599014238330
449599030635205	449599042965257	449599030990518
449599047325986	449599059401924	449599049002080
449599070432236	449599084054215	449599070732705
449599080628330	449599092271559	449599080903330
449599097315674	449599108703277	449599097584268
449599113954528	449599125135257	449599117940622
449599137420674	449599149787184	449599137732080
449599147318122	449599158006611	449599147583955
449599163979580	449599174444840	449599164246559
449599180660830	449599190881089	449599184130778
449599203719215	449599215536455	449599203984892
449599213993017	449599231972444	449599214253955
449599230645986	449599248408590	449599243278434
449599253736090	449599264844944	449599254030205
449599263979684	449599281279475	449599264252236
449599280631924	449599297714892	449599280902236
449599297326090	449599314152705	449599301595465
449599320078330	449599330587080	449599320448278
449599330585830	449599347022912	449599330962028
449599347313903	449599363457444	449599347581142
449599364028017	449599379889996	449599369063330
449599386734580	449599404541194	449599387029372
449599397316924	449599412758069	449599397585934
449599413978955	449599429189788	449599414242549
449599430647340	449599445622027	449599435785517
449599453389840	449599470272444	449599453676715
449599463939424	449599478490621	449599464205309
449599480653330	449599494928330	449599480917809
449599497321455	449599511363746	449599501617809
449599521607028	449599536017653	449599521932965
449599530638174	449599544234111	449599531007549
449599547318486	449599560668642	449599547583017
449599563933434	449599585323590	449599577614736
449599580653174	449599593541715	449599580962861
449599607830361	449599626410048	449599608118174
449599613965049	449599634627080	449599614281247
449599630623486	449599642845569	449599642278017
449599653832184	449599667493903	449599654158955
449599663985986	449599675710465	449599664253903
449599680652236	449599692143486	449599680909111
449599697312236	449599708579475	449599705949267
449599720233486	449599733238329	449599720506299
449599730633174	449599741457965	449599731004528
449599747311299	449599757894684	449599747625830
449599763985830	449599774329736	449599769608903
449599786876559	449599798981767	449599787163590
449599797305153	449599807200830	449599797594111
449599813991142	449599831853642	449599814247549
449599830643955	449599848286350	449599837865465
449599853655205	449599864719163	449599853951559
449599863980153	449599881151558	449599864245153
449599880647809	449599897587861	449599880906246
449599897327028	449599914024736	449599901704267
449599920369892	449599930462912	449599920678278
449599930562236	449599946902391	449599930957080
449599947310830	449599963340152	449599947579423
449599963971923	449599979779111	449599970264840
449599987003434	449600004434527	449599987288278
449599997306715	449600012652183	449599997571246
449600013982965	449600029085205	449600014251611
449600030658955	449600045516194	449600038542653
449600053841298	449600070161402	449600054141767
449600063965048	449600078377548	449600064250517
449600080656246	449600094810621	449600080906455
449600097317548	449600111244318	449600103284840
449600120569736	449600135892183	449600120886142
449600130615361	449600144108589	449600131014371
449600147330361	449600160544267	449600147596455
449600164034996	449600176979111	449600172188017
449600186967548	449600201633746	449600187253955
449600197340361	449600209851402	449600197614892
449600214020361	449600226285881	449600214280517
449600230947392	449600242720100	449600238177496
449600254341455	449600267375204	449600254678434
449600264077548	449600275594840	449600264284580
449600280676923	449600292029423	449600280946142
449600297437392	449600308466350	449600303071767
449600320531246	449600333122548	449600320828642
449600330674423	449600341341818	449600331040673
449600347380048	449600365996714	449600347658017
449600364180986	449600382432288	449600368656142
449600387050309	449600398867652	449600387332392
449600397442340	449600415303069	449600397751715
449600414031611	449600431739162	449600414297080
449600430745621	449600448174683	449600439827340
449600454311767	449600464607912	449600454665934
449600464067652	449600481043850	449600464290673
449600480681923	449600497477027	449600480949996
449600497320673	449600513913433	449600504895204
449600520545517	449600538566767	449600520834215
449600530677027	449600546784423	449600531060204
449600547342236	449600563221037	449600547625465
449600564117548	449600579656767	449600569373121
449600587024892	449600604312808	449600587318434
449600597369267	449600612531662	449600597635204
449600614041454	449600628967391	449600614305673
449600630740777	449600645402861	449600638867079
449600654033329	449600670055568	449600654328173
449600664026559	449600678273017	449600664271298
449600680720465	449600694708225	449600680983798
449600697466090	449600711144423	449600703311559
449600724183173	449600735800100	449600724493017
449600730700361	449600744018329	449600730967861
449600747374111	449600760456767	449600747653902
449600764049579	449600785116506	449600779330829
449600780677340	449600793335360	449600781012496
449600806838434	449600817992235	449600807134579
449600813946559	449600826211610	449600814233329
449600830658798	449600850871037	449600843545152
449600853994579	449600867309944	449600854306923
449600864045986	449600875528381	449600864275465
449600880674423	449600891969371	449600880948121
449600897368590	449600908410568	449600904242236
449600920628642	449600933074423	449600920916923
449600930697548	449600941297444	449600930874736
449600947323954	449600965959527	449600947629371
449600964043121	449600982400621	449600969396767
449600987248486	449600998841558	449600987534996
449600997350048	449601015281871	449600997622861
449601013987027	449601031719787	449601014258173
449601030699423	449601048156506	449601038969996
449601053963798	449601064592808	449601054274579
449601064089892	449601081030048	449601064345204
449601080698902	449601097467756	449601080959423
449601097380986	449601113905517	449601101187965

POLL t=113.6 tick=2638
8333333
449611097692388	449611114606606	449611097956919
449611114357492	449611131044054	449611118066867
449611137544419	449611155698794	449611137874732
449611147693898	449611163916711	449611147978013
449611164406294	449611180355304	449611164634836
449611181032805	449611196791710	449611185142857
449611203862336	449611221444055	449611204151138
449611214360930	449611229659575	449611214626398
449611231046242	449611246097908	449611231323169
449611247704732	449611262534002	449611250918794
449611271487544	449611287189522	449611271817075
449611280967648	449611295408898	449611281249888
449611297711138	449611311845877	449611297972180
449611314353742	449611328282127	449611323348169
449611337436607	449611352936710	449611337729992
449611347701919	449611361154367	449611347964107
449611364375669	449611377587700	449611364644263
449611381049575	449611394022908	449611385266398
449611403948325	449611418676085	449611404263794
449611414358638	449611426894732	449611414628742
449611431027857	449611443329992	449611431333638
449611447792075	449611459769835	449611450812388
449611471447232	449611484428950	449611471803482
449611481037648	449611492647856	449611481350982
449611497675357	449611509083898	449611497944419
449611514375304	449611525520824	449611520909419
449611537485825	449611550177127	449611537772544
449611547694054	449611558395460	449611547963950
449611564375044	449611574834002	449611564654888
449611581049888	449611591271971	449611584402336
449611603915982	449611615925981	449611604242492
449611614363950	449611632359835	449611614636450
449611630995669	449611648795095	449611631284575
449611647729367	449611665229367	449611651628325
449611671101294	449611681666086	449611671397856
449611681045617	449611698100512	449611681324419
449611697706450	449611714533742	449611697979419
449611714375200	449611730968117	449611721261763
449611737260825	449611755619575	449611737553950
449611747697388	449611763837908	449611747970200
449611764374731	449611780272803	449611764663169
449611781053013	449611796710564	449611785368950
449611803850148	449611821362752	449611804149575
449611814372179	449611829579939	449611814635825
449611831038742	449611846016658	449611831304731
449611847733013	449611862453690	449611852429731
449611871136919	449611887112231	449611871430356
449611881034575	449611895330981	449611881305461
449611897715044	449611911768168	449611897977388
449611914398638	449611928203637	449611919827492
449611937395304	449611952857023	449611937680148
449611947674679	449611961074887	449611947987179
449611964380356	449611977509471	449611964650617
449611981054106	449611993943533	449611984249263
449612003711450	449612018594002	449612003998273
449612014382804	449612026811346	449612014648117
449612031052544	449612043248221	449612031317388
449612047767700	449612059685981	449612052058481
449612070995461	449612084345669	449612071294731
449612081003481	449612092565564	449612081274888
449612097710513	449612109004627	449612097974419
449612114402700	449612125439470	449612118958325
449612137446919	449612150096345	449612137748585
449612147716398	449612158315095	449612147970148
449612164345148	449612174750929	449612164632700
449612181047856	449612191187960	449612184072388
449612203905513	449612215841918	449612204221867
449612214452544	449612232276085	449612214782231
449612231063013	449612248711137	449612231332856
449612247755148	449612265147127	449612255989783
449612271142231	449612281583533	449612271529731
449612281078429	449612298020304	449612281358169
449612297784262	449612314455408	449612298132023
449612314522075	449612330894314	449612317305460
449612337393637	449612355555199	449612337687544
449612347751710	449612363775668	449612348093794
449612364480356	449612380215200	449612364735825
449612381111294	449612396653741	449612392047387
449612404343012	449612421312751	449612404657700
449612414379262	449612429534002	449612414660617
449612431104887	449612445973064	449612431371867
449612447853950	449612462412075	449612454630512
449612470951398	449612487071501	449612471231867
449612481095356	449612495291032	449612481460617
449612497783794	449612511732491	449612498043637
449612514464575	449612528172804	449612517261242
449612538727231	449612552831345	449612539011450
449612547749731	449612561051189	449612548047492
449612564407075	449612577491137	449612576352179
449612587413481	449612602148376	449612587764887
449612597746606	449612610367179	449612598006450
449612614446762	449612626804887	449612614719523
449612631195773	449612643243377	449612634586606
449612654259679	449612667899106	449612654541294
449612664433481	449612676119835	449612664706137
449612681126398	449612692558116	449612681478012
449612697875669	449612708993064	449612701105512
449612720956450	449612733649158	449612721231137
449612731107856	449612741868220	449612731363169
449612747786294	449612766526606	449612758865512
449612770940825	449612782962543	449612771240148
449612781080044	449612799399106	449612781431866
449612797747700	449612815834002	449612798005512
449612814458950	449612832266970	449612821222179
449612837088012	449612848701970	449612837388273
449612847718012	449612865137387	449612847986762
449612864414991	449612881574574	449612864682387
449612881074991	449612898008637	449612884906919
449612903982387	449612914445929	449612904285981
449612914418585	449612930884366	449612914722544
449612931081554	449612947324887	449612931320512
449612947709418	449612963765147	449612952989887
449612970588325	449612988423063	449612970908950
449612981008012	449612996642960	449612981380356
449612997742231	449613013081397	449612998002231
449613014415773	449613029520095	449613017504523
449613037446085	449613054174262	449613037826450
449613047724262	449613062392491	449613047998585
449613064390616	449613078828845	449613064690304
449613081075825	449613095265720	449613086385043
449613104725981	449613119924314	449613105078637
449613114363012	449613128142699	449613114627804
449613131102387	449613144582231	449613131447543
449613147774054	449613161021970	449613152986710
449613171403950	449613185682282	449613171780512
449613181028793	449613193902282	449613181404575
449613197745356	9223372036854775807	449613198011085

POLL t=125.6 tick=2864
8333333
449623214742227	449623227938372	449623224905300
449623237590769	449623252589726	449623237888633
449623248038165	449623260807383	449623248284519
449623264690144	449623277244883	449623264973165
449623281473008	449623293680508	449623289346550
449623304379883	449623318335404	449623304682383
449623314690508	449623326553112	449623314950040
449623331362383	449623342990924	449623331743946
449623348079831	449623359426810	449623353940665
449623370875300	449623384080351	449623371166133
449623381349883	449623392298685	449623381631237
449623398019258	449623408734935	449623398289831
449623414726446	449623433388372	449623425346602
449623437726602	449623449824362	449623438010508
449623448034987	449623458041706	449623448285456
449623464690196	449623482696028	449623464950664
449623481374258	449623499131341	449623489269206
449623504368112	449623515566393	449623504656758
449623514689258	449623532001393	449623514969414
449623531355039	449623548439882	449623531718008
449623548075352	449623564876757	449623554053737
449623570738789	449623581312852	449623571033321
449623581353946	449623597751445	449623581619987
449623598098477	449623614186602	449623598371133
449623614721550	449623630622800	449623620830664
449623637522956	449623655273894	449623637816133
449623648038321	449623663489622	449623648288425
449623664712487	449623679922852	449623664983477
449623681414102	449623696359205	449623687300508
449623704832331	449623721009414	449623705183477
449623714654987	449623729227174	449623714932800
449623731368008	449623745661601	449623731740612
449623748061550	449623762094154	449623756850769
449623770969883	449623786745664	449623771272696
449623781373164	449623794963685	449623781642227
449623798040612	449623811398997	449623798306602
449623814731706	449623827834154	449623821315508
449623837506289	449623852484778	449623837802227
449623848046081	449623860699830	449623848314675
449623864659571	449623877129570	449623864930977
449623881391133	449623893560038	449623887638737
449623904637227	449623918203059	449623904989258
449623914702539	449623926419049	449623914959258
449623931364883	449623942849934	449623931735508
449623948075352	449623959279466	449623956302227
449623970866289	449623983926236	449623971166237
449623981383633	449623992142799	449623981648893
449623998043946	449624008575560	449623998311289
449624014722383	449624025007070	449624020717227
449624037592227	449624049654571	449624037882696
449624048053737	449624066086236	449624048333321
449624064709987	449624082519623	449624064978008
449624081332071	449624098954205	449624087315508
449624104631862	449624115386393	449624104963633
449624114708320	449624131816810	449624114974883
449624131341445	449624148250455	449624131726914
449624148103164	449624164682591	449624154574258
449624170873320	449624181112018	449624171187643
449624181417643	449624197545872	449624181684050
449624198034102	449624213976653	449624198299102
449624214735039	449624230407018	449624222621393
449624237549883	449624255056549	449624237844883
449624248041914	449624263272695	449624248297227
449624264703268	449624279706653	449624264971393
449624281396133	449624296140247	449624287028789
449624304370300	449624320785820	449624304666914
449624314681602	449624329002487	449624314962695
449624331388945	449624345437017	449624331800664
449624348090508	449624361868685	449624357254518
449624371036445	449624386515143	449624371331445
449624381422383	449624394731028	449624381690508
449624398102018	449624411164309	449624398370768
449624414784102	449624427595820	449624420382070
449624438304727	449624452243477	449624438594206
449624448103633	449624460459882	449624448376914
449624464764102	449624476891705	449624465032070
449624481512643	449624493324101	449624487155820
449624504630352	449624517971705	449624504923112
449624514739206	449624526185768	449624515010195
449624531423477	449624550829726	449624545782487
449624548161758	449624559045195	449624548444362
449624573531133	449624583693997	449624573817852
449624581388164	449624591909465	449624581659362
449624598101758	449624616559986	449624608738008
449624621693112	449624632993268	449624621983112
449624631359102	449624649426237	449624631738633
449624648145352	449624665860143	449624648415924
449624664805143	449624682296081	449624671777539
449624688531445	449624706951289	449624688842799
449624698089102	449624715169153	449624698360508
449624714752383	449624731604830	449624715022383
449624731447331	449624748039986	449624739063737
449624754640976	449624764475976	449624754922487
449624764717174	449624780913163	449624765000508
449624781408008	449624797348476	449624781678424
449624798154570	449624813780403	449624806154414
449624821346758	449624838433945	449624821630612
449624831451081	449624846652174	449624831809518
449624848150976	449624863090299	449624848412643
449624864808737	449624879527538	449624870254883
449624887938476	449624904177642	449624888234258
449624898066862	449624912395663	449624898340039
449624914723789	449624928834101	449624914989674
449624931432331	449624945274413	449624940791758
449624954773633	449624969927226	449624955060351
449624964746601	449624978144466	449624965003164
449624981380351	449624994582695	449624981640612
449624998112799	449625011022121	449625003870664
449625021131289	449625035678319	449625021421914
449625031352383	449625043899257	449625031705508
449625048112643	449625060338685	449625048341706
449625064752799	449625076776601	449625069968789
449625087888476	449625101430299	449625088176758
449625097996289	449625109646653	449625098278737
449625114726445	449625126079310	449625114996133
449625131391914	449625142513267	449625140897070
449625154443633	449625167167434	449625154735768
449625164716758	449625175385038	449625164999362
449625181370820	449625191820871	449625181645039
449625198083633	449625208255298	449625204434414
449625220873320	449625232914048	449625221165664
449625231381393	449625249351653	449625231737955
449625248104570	449625265785611	449625248358945
449625264735976	449625282221288	449625269393008
449625287680664	449625298656549	449625287972643
449625298027330	449625315090768	449625298305351
449625314754830	449625331524258	449625315015976

POLL t=138.1 tick=3016
8333333
449635715312639	449635727835763	449635715633629
449635740735191	449635752490347	449635741029097
449635748699879	449635760708003	449635748995347
449635765316389	449635777144410	449635774200972
449635788169201	449635801800399	449635788443576
449635798646389	449635810017951	449635798909097
449635815320764	449635826455971	449635815596910
449635831977222	449635842894670	449635836778004
449635854688316	449635867552222	449635854981701
449635865312379	449635875771180	449635865583108
449635881971389	449635900429878	449635882321910
449635898657847	449635916867169	449635901093003
449635923387691	449635941522795	449635923698941
449635931926753	449635949742430	449635932296389
449635948582535	449635966179826	449635956638420
449635972056753	449635982618680	449635972340347
449635981961545	449635999054670	449635982233785
449635998687014	449636015494566	449635998958003
449636015373003	449636031933159	449636019242378
449636038279097	449636048368888	449636038583785
449636048627222	449636064809305	449636048910816
449636065288316	449636081249513	449636065568003
449636081988264	449636097689097	449636085054722
449636104807326	449636122342586	449636105196233
449636115313889	449636130561284	449636115587951
449636131977691	449636146998524	449636132248941
449636148689514	449636163435347	449636158997222
449636172102535	449636188091910	449636172393420
449636182021285	449636196311284	449636182283941
449636198686701	449636212747638	449636198954670
449636215350660	449636229183524	449636221316233
449636238247066	449636253839617	449636238542691
449636248674097	449636262058941	449636248945191
449636265350295	449636278495451	449636265622795
449636282017795	449636294932482	449636285010660
449636304838264	449636319587065	449636305215660
449636315292066	449636327804617	449636315570972
449636332072535	449636344238003	449636332380139
449636348678160	449636368892169	449636363520347
449636365390139	449636377109722	449636365732847
449636391207482	449636401760763	449636391505139
449636398704826	449636409978315	449636398979878
449636415372691	449636426414722	449636423574826
449636438663628	449636451070763	449636438961857
449636448741076	449636459287013	449636448990920
449636465375816	449636483941597	449636465635035
449636482060816	449636500379514	449636489412535
449636504932378	449636516818889	449636505225607
449636515368160	449636533257795	449636515654722
449636532047378	449636549696492	449636532314722
449636548722534	449636566135555	449636551106597
449636573772222	449636590795711	449636574063316
449636582030034	449636599015294	449636582306441
449636598701545	449636615455451	449636607711597
449636621582847	449636631896544	449636621865503
449636632130191	449636648338993	449636632305503
449636648745503	449636664780450	449636648988003
449636665389982	449636681221128	449636669287847
449636688467639	449636705881753	449636688754514
449636698710451	449636714101128	449636698969670
449636715369722	449636730538107	449636726980191
449636738192534	449636755192378	449636738470191
449636748710764	449636763409357	449636748968732
449636765375191	449636779845867	449636765639097
449636782044878	449636796282430	449636788519722
449636804659253	449636820942013	449636804951284
449636815418941	449636829161232	449636815678784
449636832114201	449636845599617	449636832375659
449636848757066	449636862034826	449636851085139
449636871496441	449636886689878	449636871777534
449636882029826	449636894908992	449636882397170
449636898761701	449636911346180	449636899023472
449636915511284	449636927781544	449636920612014
449636938336753	449636952432117	449636938627847
449636948774409	449636960650971	449636949029514
449636965470139	449636977089618	449636965731909
449636983901961	449637001748471	449636985292951
449637009131753	449637026405711	449637009422691
449637016969253	449637034626545	449637017244253
449637033610191	449637051066180	449637042408472
449637056705034	449637067502169	449637057004722
449637066979045	449637083939304	449637067242482
449637083635503	449637100379877	449637084128888
449637100419878	449637116821075	449637103293784
449637123105920	449637133259408	449637123397222
449637133701909	449637149700295	449637133979201
449637150310503	449637166141544	449637150570347
449637166979097	449637182581753	449637173585191
449637189691076	449637207241440	449637189975659
449637200272534	449637215461857	449637200555607
449637217015138	449637231901388	449637217272013
449637233713940	449637248342533	449637237716232
449637256550659	449637273002169	449637256840815
449637267003940	449637281220659	449637267283159
449637283599565	449637297658731	449637283975815
449637300364045	449637314099721	449637304865972
449637323102690	449637338766127	449637323395607
449637333631753	449637346988471	449637333924253
449637350286440	449637363430815	449637350585659
449637367054513	449637379868210	449637369758003
449637390092326	449637404523680	449637390398315
449637400284097	449637412742950	449637400553628
449637416960763	449637429179149	449637428203628
449637440687222	449637453836231	449637440973784
449637450329565	449637462055867	449637450598003
449637466908628	449637478493211	449637467185138
449637484109045	449637494927690	449637490549201
449637506412013	449637519582065	449637506709357
449637516941753	449637527801440	449637517260034
449637533596857	449637544239878	449637533910920
449637550345763	449637560678888	449637553233107
449637573152795	449637585332013	449637573455972
449637583654357	449637601769044	449637584009878
449637600357847	449637618203940	449637611568263
449637623163940	449637634641076	449637623471701
449637633645503	449637651078054	449637633905919
449637650309982	449637667515451	449637650574201
449637667020815	449637683952377	449637671158940
449637689827847	449637700389721	449637690113784
449637700314097	449637716829304	449637700583628
449637716958003	449637733265137	449637717199826
449637733663472	449637749703314	449637736493003
449637758843784	449637774358262	449637759125815
449637766990451	449637782576544	449637767250034
449637783643472	449637799014044	449637792689409
449637807593419	449637823668575	449637807959409
449637817013940	449637831886180	449637817323159

POLL t=149.9 tick=3171
8333333
449647357145916	449647374401957	449647357432687
449647367354093	449647382620551	449647367628468
449647384026905	449647399057010	449647396603780
449647400690916	449647415496020	449647401039405
449647427463728	449647440151437	449647427758572
449647433977843	449647448369197	449647434343416
449647450721749	449647464806697	449647451060447
449647467377530	449647481243936	449647469020812
449647490736437	449647505901332	449647491030968
449647500651697	449647514120603	449647500919093
449647517330812	449647530558051	449647529435134
449647534074718	449647546994457	449647534411072
449647560872218	449647571651280	449647561161072
449647567361280	449647579871593	449647567725916
449647584036384	449647596310134	449647594637530
449647607200343	449647620970030	449647607600187
449647617357999	449647629190916	449647617775812
449647634078155	449647645630447	449647634338468
449647650737687	449647670286384	449647666436697
449647667411124	449647678504665	449647667772062
449647693157166	449647711379874	449647693431593
449647700719041	449647719598571	449647700974561
449647717393468	449647727817530	449647727464353
449647740823728	449647752474665	449647741104978
449647750739249	449647768913936	449647750999197
449647767397218	449647785354509	449647767655134
449647784133780	449647801793155	449647791665655
449647807587686	449647818231540	449647807881436
449647817397634	449647834668936	449647817666384
449647834061280	449647851110238	449647834321905
449647850727947	449647867549821	449647860156072
449647873784041	449647883989821	449647874078468
449647884222791	449647900427843	449647884394249
449647900806124	449647916870081	449647901072999
449647917438936	449647933313988	449647924511593
449647940415030	449647957978311	449647940706905
449647950726853	449647966198936	449647951003311
449647967401124	449647982638780	449647967669718
449647984149405	449647999078831	449647988770030
449648006958311	449648023734925	449648007265811
449648017330968	449648031950967	449648017711436
449648034053103	449648048385030	449648034337009
449648050719509	449648064820394	449648060843728
449648073852374	449648089471123	449648074155343
449648084080968	449648097687738	449648084353936
449648100708884	449648114121852	449648100993311
449648117451749	449648130556123	449648124815655
449648140355499	449648155210759	449648140650030
449648150749093	449648163429196	449648151023728
449648167422374	449648179865811	449648167695290
449648184151853	449648196303102	449648189275186
449648206998155	449648220960759	449648207299405
449648217355499	449648229178884	449648217746228
449648234091593	449648245615238	449648234411593
449648250764718	449648262054352	449648258591124
449648273590655	449648286712321	449648273883780
449648284121280	449648294932373	449648284391905
449648300755134	449648311370811	449648301024561
449648317421384	449648327805446	449648322993311
449648340213780	449648352459821	449648340516072
449648350779561	449648368896331	449648351097530
449648367425186	449648385334456	449648367680342
449648384145447	449648401769352	449648395666072
449648407631592	449648418206436	449648408101540
449648417431280	449648434643102	449648417785186
449648434088155	449648451079561	449648434348311
449648450785134	449648467516384	449648459264197
449648473644717	449648483952633	449648473944665
449648484125030	449648500391383	449648484381592
449648500791436	449648516828363	449648501054249
449648517473467	449648533266487	449648522950342
449648540235342	449648557921331	449648540527061
449648550827322	449648566138988	449648551100447
449648567502322	449648582572217	449648567766280
449648584306853	449648599005550	449648589420186
449648608377061	449648623657790	449648608744405
449648617403467	449648631875862	449648617776124
449648634143311	449648648311748	449648634416540
449648650882686	449648664745863	449648662054405
449648673845186	449648689399821	449648674119561
449648684244249	449648697617894	449648684511905
449648700804040	449648714055029	449648701073728
449648717504353	449648730490029	449648726051228
449648740304249	449648755143467	449648740595811
449648750836540	449648763362165	449648751101749
449648767530915	449648779800550	449648767788415
449648784325967	449648796239352	449648790029509
449648807060030	449648820893259	449648807338103
449648817433780	449648829109925	449648817807790
449648834173467	449648845544300	449648834440342
449648850909874	449648861980550	449648858920499
449648873973624	449648886636800	449648874265290
449648884132321	449648894854300	449648884431749
449648900848936	449648911290238	449648901127530
449648917540655	449648927727321	449648926259092
449648940565603	449648952382008	449648940862061
449648950830342	449648968821331	449648951095186
449648967515915	449648985260550	449648967774196
449648984322530	449649001700342	449648989225134
449649006900967	449649018138935	449649007173155
449649017465967	449649034577581	449649017832790
449649034186280	449649051018259	449649034448311
449649050961696	449649067457008	449649054864821
449649073735446	449649083896384	449649074035134
449649084173936	449649100336800	449649084468415
449649100859040	449649116776019	449649101109509
449649117480030	449649133215915	449649126272998
449649140549873	449649157873727	449649140838623
449649150792790	449649166092269	449649151065030
449649167485498	449649182528571	449649167744717
449649184190342	449649198968727	449649187648936
449649206976592	449649223626904	449649207300655
449649217457321	449649231846540	449649217817478
449649234129405	449649248288571	449649234391280
449649250842634	449649264729144	449649256255603
449649274115134	449649289390029	449649274464092
449649284122217	449649297610082	449649284414405
449649300810967	449649314048206	449649301077842
449649317459873	449649330485862	449649327906540
449649340536748	449649355140602	449649340845446
449649350752061	449649363358832	449649351032842
449649367452634	449649379799561	449649367734821
449649384164405	449649396237998	449649393232061
449649407089873	449649420892998	449649407395290
449649417392998	449649429111227	449649417755290
449649434144196	449649445549144	449649434425186
449649450871592	449649461989508	449649456782842

POLL t=161.5 tick=3399
8333333
449658917921276	449658929529453	449658918195651
449658934656588	449658945965494	449658938182526
449658957402057	449658970616067	449658957722682
449658967879870	449658978833984	449658968196276
449658984526588	449658995267994	449658984809349
449659001268307	449659011702526	449659005429557
449659023790651	449659036349765	449659024078151
449659034595130	449659052784400	449659034861276
449659051245495	449659069220390	449659051631588
449659067966745	449659085654296	449659071943724
449659090537161	449659102087578	449659090822213
449659101266068	449659118522005	449659101537838
449659117924870	449659134953515	449659118197838
449659134622057	449659151385130	449659139059193
449659157470911	449659176034869	449659157771745
449659167915026	449659184250494	449659168222057
449659184578724	449659200684349	449659184842526
449659201292370	449659217116068	449659205197370
449659223794349	449659233550442	449659224115182
449659234524661	449659249985442	449659234806276
449659251240911	449659266419921	449659251645495
449659267900182	449659282855650	449659274661588
449659290472057	449659307512056	449659290772682
449659301245963	449659315730702	449659301513307
449659317939557	449659332169921	449659318188776
449659334610651	449659348606432	449659338706276
449659357450807	449659373260286	449659357754401
449659367918724	449659381477629	449659368235286
449659384695338	449659397912005	449659384974088
449659401266224	449659414346900	449659406181276
449659423941380	449659439001223	449659424277526
449659434541849	449659447219713	449659434807213
449659451255651	449659463656275	449659451646276
449659467938932	449659480094296	449659476802838
449659490756119	449659504749296	449659491045338
449659501259192	449659512968567	449659501525338
449659517919869	449659529405494	449659518188776
449659534602213	449659545840338	449659539800286
449659557512942	449659570496639	449659557815963
449659567931432	449659578715286	449659568199557
449659584600494	449659595151744	449659584867213
449659601287786	449659611586796	449659604975182
449659623994869	449659636237525	449659624327213
449659634589036	449659652671796	449659634848932
449659651246380	449659669108984	449659651650494
449659667934974	449659685544973	449659674535755
449659690682630	449659701980025	449659690974713
449659701260182	449659718416639	449659701525651
449659717940651	449659734854139	449659718197526
449659734634036	449659751292890	449659738127317
449659757500286	449659767731223	449659757771692
449659767971744	449659784168619	449659768213619
449659784586119	449659800603983	449659784847369
449659801274713	449659817041692	449659806690807
449659825692942	449659841693827	449659826022057
449659834586901	449659849911015	449659834852526
449659851261692	449659866344244	449659851702005
449659867919244	449659882781587	449659881389244
449659884581849	449659899216223	449659884888619
449659911656744	449659923868202	449659911942838
449659917930494	449659932085598	449659918247838
449659934587526	449659948519140	449659944301901
449659957874869	449659973172786	449659958193411
449659967924036	449659981390703	449659968212213
449659984593619	449659997827161	449659984857161
449660001268463	449660014264296	449660008274869
449660024426432	449660038919140	449660024715026
449660034599557	449660047135755	449660034875651
449660051258619	449660063571483	449660051628776
449660068050963	449660080005077	449660073612057
449660090977994	449660104658775	449660091277213
449660101227786	449660112876275	449660101521432
449660117918776	449660129308463	449660118199401
449660134726692	449660145743723	449660138642057
449660158858307	449660170392525	449660159160755
449660167971432	449660178607108	449660168233255
449660184636900	449660203254556	449660194185025
449660207543932	449660219689921	449660207855494
449660217951744	449660236125963	449660218221848
449660234620755	449660252562994	449660234901900
449660251357473	449660269000233	449660259390338
449660274784036	449660285438358	449660275075182
449660284609505	449660301878358	449660284873775
449660301351119	449660318315650	449660301601744
449660318182838	449660334753098	449660321925650
449660341171744	449660359406743	449660341464557
449660351289192	449660367624868	449660351502682
449660368129244	449660384060962	449660368390025
449660384775338	449660400499713	449660388260286
449660407759817	449660425156275	449660408060650
449660418044192	449660433374713	449660418309869
449660434705182	449660449810546	449660434967213
449660451371275	449660466247785	449660458947525
449660474735442	449660490901484	449660475026900
449660484685911	449660499120598	449660484957682
449660501337525	449660515559244	449660501604661
449660518000338	449660531996431	449660525130442
449660541439505	449660556649921	449660541732057
449660551328255	449660564867213	449660551512057
449660568041119	449660581299921	449660568276588
449660584656275	449660597733514	449660588363150
449660607720963	449660622385390	449660608034400
449660617938567	449660630603567	449660618209817
449660634701744	449660647038931	449660634960963
449660651371692	449660663475181	449660661549817
449660674690963	449660688123046	449660674986588
449660684673775	449660696339347	449660684946744
449660701328463	449660712771066	449660701588463
449660718040650	449660729205494	449660720489088
449660741050650	449660753856535	449660741336848
449660751382161	449660762073098	449660751660807
449660768098254	449660778508306	449660768446223
449660784685494	449660803156431	449660795485025
449660808461431	449660819589400	449660808728931
449660818000129	449660836020076	449660818255650
449660834644244	449660852452577	449660834919556
449660851315338	449660868884920	449660859987369
449660874522681	449660885319139	449660874820338
449660884618775	449660901754139	449660884897369
449660901342681	449660918190597	449660901616692
449660918000963	449660934624295	449660921168150
449660943400911	449660959277473	449660943689869
449660951293619	449660967494764	449660951577004
449660968036275	449660983928983	449660977009504
449660992452681	449661008581535	449660992798150
449661001341744	449661016797265	449661001626119
449661018049400	9223372036854775807	449661018319661

POLL t=173.3 tick=3550
8333333
449670752166063	449670763434291	449670752422209
449670768844553	449670779866636	449670772478615
449670791751688	449670804515803	449670792046063
449670802081584	449670812733250	449670802359396
449670818814188	449670837388250	449670819113407
449670835482834	449670853821948	449670844661584
449670858542626	449670870260021	449670858841740
449670868817001	449670886695802	449670869091584
449670885466740	449670903130594	449670885839344
449670902166896	449670919565490	449670905558407
449670925438303	449670935999500	449670925810021
449670935481428	449670952433459	449670935746428
449670952149240	449670968867000	449670952420438
449670968858146	449670985303250	449670973833303
449670991895490	449671009956323	449670992192678
449671002133459	449671018175125	449671002417521
449671018802782	449671034613563	449671019076532
449671035524084	449671051050385	449671040124709
449671058346896	449671075704344	449671058643563
449671068877365	449671083921218	449671069207678
449671085463615	449671100356844	449671085827365
449671102162782	449671116791896	449671110344396
449671125734084	449671141445125	449671126082521
449671135474240	449671149662521	449671135799709
449671152152990	449671166098927	449671152407209
449671168811584	449671182533615	449671176284240
449671192061896	449671207181740	449671192336532
449671202139396	449671215398407	449671202413719
449671218810282	449671231830907	449671219085282
449671235523928	449671248265282	449671239128250
449671258283303	449671272911583	449671258572365
449671268808303	449671281129864	449671269083928
449671285470438	449671297563198	449671297265177
449671308945750	449671322215229	449671309252052
449671318809865	449671330432209	449671319075282
449671335487365	449671346868094	449671335758875
449671352163875	449671363304136	449671355772938
449671375240594	449671387958198	449671375532052
449671385468250	449671396175333	449671385834709
449671402101844	449671412611791	449671402375750
449671418812209	449671429045281	449671424102052
449671442003615	449671453696062	449671442328771
449671452229084	449671470131375	449671452461896
449671468827521	449671486565385	449671469124240
449671485482052	449671503001218	449671492439865
449671508703302	449671519435125	449671509033459
449671518832052	449671535867990	449671519097000
449671535489969	449671552299760	449671535763615
449671552221115	449671568731583	449671556203875
449671575213407	449671593377937	449671575510802
449671585473615	449671601594604	449671585835282
449671602150594	449671618026843	449671602418459
449671618796584	449671634458979	449671625306271
449671642046584	449671659108979	449671642355021
449671652181688	449671667326740	449671652457834
449671668817834	449671683760698	449671669083459
449671685489969	449671700193198	449671692094709
449671708596896	449671724842052	449671708891427
449671718816844	449671733058979	449671719102052
449671735504865	449671749492729	449671735755021
449671752195021	449671765921843	449671755141740
449671775198302	449671790569188	449671775483094
449671785407365	449671798787312	449671785783250
449671802155959	449671815222365	449671802408719
449671818825334	449671831655021	449671825429656
449671842143459	449671856303666	449671842427834
449671852172000	449671864522156	449671852432156
449671868799709	449671880956896	449671869068771
449671885487938	449671897390958	449671890660959
449671908360802	449671922041687	449671908650959
449671918839656	449671930258822	449671919123146
449671935562052	449671946689187	449671935833719
449671952248771	449671963121167	449671955086583
449671975227000	449671987769604	449671975523927
449671985489552	449671995984917	449671985868094
449672002189083	449672012416687	449672002467938
449672018855490	449672028848718	449672024627677
449672042205958	449672053496791	449672042489865
449672052216115	449672069928354	449672052496427
449672068892677	449672086360750	449672069164240
449672085555438	449672102792260	449672090999969
449672108608302	449672119221375	449672108909552
449672118839865	449672135652833	449672119101115
449672135535802	449672152082521	449672135806688
449672152335906	449672168514239	449672155895177
449672175196583	449672193161479	449672175495490
449672185636115	449672201378302	449672185964552
449672202234708	449672217813302	449672202486427
449672218896115	449672234247520	449672225224500
449672241775490	449672258895541	449672242069552
449672252222781	449672267113458	449672252493458
449672268896219	449672283546583	449672269152521
449672285621896	449672299976219	449672291326271
449672308880906	449672324621010	449672309220646
449672318885802	449672332836948	449672319151896
449672335561427	449672349269812	449672335847677
449672352312521	449672365701739	449672356366740
449672374973094	449672390347417	449672375279500
449672385473875	449672398563041	449672385682365
449672402248719	449672414995229	449672402520333
449672418923302	449672431426010	449672421482833
449672442831271	449672456071479	449672443171427
449672452250594	449672464288041	449672452481427
449672468883771	449672480723198	449672469143146
449672485549969	449672497158041	449672492967365
449672508675177	449672521810020	449672508965906
449672518850958	449672530026479	449672519121687
449672535526687	449672546458614	449672535796219
449672552207469	449672562892260	449672558425333
449672575321896	449672587543562	449672575604396
449672585497208	449672595760437	449672585877312
449672602180958	449672612194083	449672602448614
449672618853146	449672636846114	449672621052156
449672641942989	449672653281166	449672642232208
449672652205802	449672669717364	449672652473302
449672668864969	449672686153614	449672680645021
449672693261427	449672710807468	449672693552833
449672702192989	449672719024187	449672702462833
449672718833406	449672735455854	449672719150958
449672735633146	449672751888041	449672742644656
449672759033458	449672776536010	449672759390125
449672768870958	449672784753197	449672769146114
449672785487833	449672801186426	449672785958875
449672802295646	449672817619552	449672808912937
449672825372312	449672842268978	449672825656114
449672835520646	449672850485906	449672835818875
449672852238094	449672866921166	449672852502000

POLL t=185.2 tick=3701
8333333
449682569143559	449682579895954	449682573518871
449682592118298	449682604551527	449682592415590
449682602418715	449682612769964	449682602693767
449682619106423	449682637426840	449682619520329
449682635840173	449682653863090	449682642925590
449682658691996	449682670302777	449682658983298
449682669153559	449682686743975	449682669426371
449682685822934	449682703183610	449682686097517
449682702503090	449682719622204	449682706956423
449682726827621	449682744275850	449682727117934
449682735814236	449682752492516	449682736078923
449682752480486	449682768929131	449682752841892
449682769266423	449682785365954	449682775643923
449682792634861	449682810021631	449682792983871
449682802490590	449682818240329	449682802745486
449682819150642	449682834677100	449682819509704
449682835806840	449682851114912	449682843392204
449682858744392	449682875772204	449682859043715
449682869085486	449682883992880	449682869375486
449682885788402	449682900433818	449682886062673
449682902524548	449682916871214	449682906859392
449682925622673	449682941527152	449682925929548
449682935826371	449682949746267	449682936110017
449682952484027	449682966185693	449682952774861
449682969182204	449682982628037	449682974053142
449682992684496	449683007289131	449682993032933
449683002494079	449683015509860	449683002764808
449683019144340	449683031953558	449683019509079
449683035821058	449683048396058	449683042419704
449683058851111	449683073057828	449683059142933
449683069154340	449683081277152	449683069420642
449683085824652	449683097713714	449683086131996
449683102514548	449683114152985	449683107594704
449683126190954	449683138812829	449683126629860
449683135802829	449683147031422	449683136089548
449683152487777	449683163470745	449683152754548
449683169187829	449683179912620	449683175156058
449683193021579	449683204578506	449683193376996
449683202450433	449683212799964	449683202720433
449683219145642	449683237464079	449683219510798
449683235848558	449683253905173	449683241408454
449683258964860	449683270346787	449683259253298
449683269118715	449683286787308	449683269393090
449683285851683	449683303226735	449683286107152
449683302515642	449683319666787	449683306649808
449683326204079	449683344326579	449683326583715
449683335812517	449683352547099	449683336177048
449683352446840	449683368985797	449683352739548
449683369282204	449683385429131	449683375525485
449683392806371	449683410092829	449683393248454
449683402585173	449683418315016	449683402849652
449683419201423	449683434754182	449683419573871
449683435928246	449683451192465	449683441904183
449683458862829	449683475849808	449683459159235
449683469263610	449683484068818	449683469532152
449683485958871	449683500509287	449683486222517
449683502616579	449683516946579	449683507168402
449683525769392	449683541601474	449683526068767
449683535921110	449683549821526	449683536190902
449683552579548	449683566264183	449683552859027
449683569263402	449683582704652	449683574130954
449683592397048	449683607361839	449683592694548
449683602496423	449683615580224	449683602792829
449683619197673	449683632017360	449683619571735
449683635873142	449683648452569	449683642999235
449683658907985	449683673107724	449683659209548
449683669194548	449683681326526	449683669477829
449683686007673	449683697765641	449683686298089
449683702585017	449683714204600	449683707016735
449683726240277	449683738862203	449683726596266
449683735944391	449683747082881	449683736221996
449683752666527	449683763524183	449683752982152
449683769319496	449683779964912	449683776605016
449683792670173	449683804626579	449683792957829
449683802644652	449683812845380	449683802911110
449683819298141	449683837502464	449683819688923
449683835980016	449683853938818	449683840428402
449683859063766	449683870377047	449683859353298
449683869302621	449683886816526	449683869570329
449683885959652	449683903254911	449683886230173
449683902742152	449683919692881	449683909328454
449683925956996	449683936128297	449683926251371
449683935988454	449683952565381	449683936254548
449683952698714	449683969001006	449683952928610
449683969385746	449683985436423	449683973351266
449683992468454	449684010093610	449683992762204
449684002654704	449684018313193	449684002943714
449684019334704	449684034749808	449684019792464
449684035931735	449684051187151	449684048499964
449684059251266	449684075848193	449684059558298
449684069331266	449684084067932	449684069591579
449684085943298	449684100507880	449684086204808
449684102667673	449684116950173	449684112010746
449684126102985	449684141615172	449684126393246
449684135989860	449684149836735	449684136255329
449684152647308	449684166277255	449684152899704
449684169372777	449684182717829	449684173729079
449684192560745	449684207375745	449684192871423
449684202637985	449684215595901	449684202923714
449684219277829	449684232037516	449684219654183
449684235970954	449684248477100	449684243566579
449684258759339	449684273141110	449684259065641
449684269262673	449684281361317	449684269535329
449684285914391	449684297799547	449684286194860
449684304072568	449684314240797	449684306835589
449684327797048	449684338902672	449684328081891
449684337107673	449684347122151	449684337387516
449684353777360	449684371774807	449684364885902
449684377052985	449684388211578	449684377346891
449684387050172	449684404652828	449684387331735
449684403759860	449684421092360	449684404074391
449684420433402	449684437531109	449684430336995
449684443741735	449684453969599	449684444104391
449684453769183	449684470410016	449684454103922
449684470425016	449684486851943	449684470701266
449684487115954	449684503294026	449684493035277
449684510135120	449684527955953	449684510436891
449684520401683	449684536175485	449684520773297
449684537049391	449684552616474	449684537329860
449684553779235	449684569056474	449684558342829
449684576881579	449684593716994	449684577180016
449684587060172	449684601938089	449684587329339
449684603816839	449684618379182	449684616769079
449684620418922	449684634819495	449684620908454
449684646998454	449684659481109	449684647291058
449684653765902	449684667702360	449684654120745
449684670386735	449684684144911	449684681537308

POLL t=196.7 tick=3929
8333333
449694410364544	449694423735325	449694410651262
449694420909023	449694431953450	449694421178919
449694437555481	449694448389803	449694437827356
449694454276679	449694464823137	449694460641106
449694477074387	449694489475012	449694477361523
449694487577773	449694505910794	449694487838085
449694504279387	449694522346314	449694504545169
449694520942617	449694538783397	449694523398919
449694543639231	449694555220533	449694543931523
449694554262460	449694571657304	449694554636835
449694570899387	449694588093814	449694582876106
449694593687512	449694604530532	449694593976106
449694604274856	449694620968293	449694604536731
449694620946575	449694637405012	449694621206575
449694637735794	449694653843970	449694641497460
449694660528294	449694678500012	449694660819544
449694671013919	449694686718658	449694671289023
449694687673294	449694703154908	449694687937669
449694704382200	449694719593085	449694706806366
449694726947460	449694744251314	449694727237200
449694737681419	449694752469648	449694737955325
449694754343450	449694768906002	449694754709544
449694771035325	449694785342616	449694773218137
449694794069179	449694809997512	449694794425794
449694804353294	449694818217147	449694804630481
449694821022044	449694834656679	449694821296991
449694837696054	449694851093814	449694844242200
449694860568137	449694875751470	449694860864387
449694870977512	449694883970532	449694871262043
449694887642460	449694900407564	449694887916731
449694904398137	449694916844387	449694906671575
449694926961731	449694941502407	449694927252043
449694937674491	449694949722303	449694938024179
449694954355168	449694966161262	449694954712825
449694971044491	449694982597876	449694979819231
449694993821731	449695007254960	449694994117200
449695004359335	449695015473136	449695004624387
449695021023137	449695031909178	449695021294700
449695037754856	449695048342824	449695041949700
449695060621366	449695072994908	449695060913918
449695071019231	449695089430845	449695071322616
449695087697304	449695105863657	449695087984179
449695104385637	449695122297981	449695106965481
449695126990481	449695138734231	449695127279023
449695137632304	449695155170585	449695137919700
449695154352304	449695171606939	449695154713606
449695171061054	449695188043085	449695176681731
449695193691731	449695204480428	449695193986835
449695204360325	449695220919908	449695204627981
449695221049856	449695237360168	449695221309023
449695237718762	449695253800636	449695239527304
449695260369179	449695270238813	449695260691575
449695270993710	449695286674595	449695271291523
449695287716731	449695303111105	449695287965950
449695304404543	449695319549595	449695313529543
449695327093450	449695344205272	449695327392356
449695337688450	449695352425428	449695337955950
449695354350793	449695368863813	449695354559491
449695371054075	449695385301470	449695374354387
449695393651418	449695409955272	449695393942981
449695404371418	449695418173189	449695404645116
449695421026210	449695434609334	449695421294543
449695437728762	449695451047355	449695443576887
449695460353918	449695475700272	449695460651575
449695471026575	449695483919647	449695471312772
449695487703866	449695500357459	449695487981418
449695504530585	449695516797043	449695506910481
449695527158449	449695541456470	449695527450637
449695537694387	449695549676626	449695537972512
449695554426731	449695566115637	449695554593866
449695571151574	449695582553970	449695577243449
449695593924960	449695607210845	449695594222616
449695604408918	449695615428970	449695604680272
449695621085897	449695631865897	449695621352460
449695637827304	449695648302355	449695639647043
449695660833137	449695672956783	449695661120429
449695671044491	449695689393449	449695671316106
449695687700481	449695705828240	449695698978606
449695710736887	449695722265792	449695711034074
449695721112304	449695738704647	449695721371887
449695737784960	449695755144542	449695738050429
449695754446262	449695771586001	449695762415949
449695777140481	449695788026730	449695777439179
449695787756679	449695804466418	449695788037668
449695804451262	449695820906626	449695804715481
449695821146418	449695837345741	449695823353397
449695844024856	449695862000012	449695844300116
449695854361522	449695870217251	449695854800637
449695871092304	449695886651678	449695882010012
449695893664022	449695911309230	449695893960481
449695904418449	449695919529699	449695904690272
449695921135949	449695935968344	449695921397356
449695937829804	449695952404751	449695942679387
449695961532043	449695977058605	449695961871731
449695971099231	449695985276835	449695971379387
449695987755793	449696001713970	449695988035168
449696004476991	449696018149230	449696008180741
449696026866731	449696042803606	449696027143866
449696037760428	449696051021366	449696038038449
449696054395324	449696067457355	449696054666574
449696072591106	449696083895272	449696072669647
449696098516418	449696116772251	449696098793293
449696105613449	449696124992095	449696105870481
449696122276522	449696133212355	449696129787460
449696145481731	449696157870688	449696145771418
449696155593606	449696166091001	449696155961574
449696172288762	449696190750896	449696172550637
449696188963605	449696207189594	449696192309543
449696211624699	449696223628970	449696211917043
449696222351678	449696240066887	449696222681418
449696238913449	449696256503918	449696239180480
449696255565741	449696272942512	449696265540480
449696278231418	449696289382615	449696278538293
449696288888553	449696305819387	449696289182512
449696305599178	449696322259803	449696305979230
449696322297355	449696338697824	449696325851105
449696346209855	449696363353918	449696346508293
449696355567616	449696371571626	449696355948137
449696372283553	449696388008553	449696382656418
449696395113293	449696412661782	449696395407928
449696405638449	449696420880271	449696405909022
449696422311887	449696437317772	449696422567043
449696438972772	449696453753761	449696444040480
449696461961574	449696478408032	449696462266835
449696472261262	449696486625949	449696472532980
449696488982355	449696503059803	449696489252980
449696505679699	449696519495740	449696508322303

POLL t=207.1 tick=4084
8333333
449704595436415	449704607065633	449704595746259
449704605922821	449704623506831	449704606196571
449704622556363	449704639946154	449704622837352
449704639280009	449704656383185	449704643974644
449704662270894	449704672822924	449704662565738
449704672603446	449704689261258	449704672869331
449704689254175	449704705701467	449704689620790
449704706023602	449704722141727	449704711212040
449704728857196	449704746797821	449704729160581
449704739333133	449704755016883	449704739621988
449704755960321	449704771458549	449704756227821
449704772684383	449704787897248	449704779534227
449704795890425	449704812555477	449704796278133
449704805975790	449704820775894	449704806245477
449704822660894	449704837218966	449704822913915
449704839340269	449704853660113	449704844411571
449704862435581	449704878318028	449704862719071
449704872665790	449704886537039	449704872921727
449704889313238	449704911192352	449704903209383
449704905987456	449704919410581	449704906331258
449704930819383	449704944067040	449704931124175
449704939267977	449704952285737	449704939547352
449704955935008	449704968721310	449704966330321
449704979134227	449704993374227	449704979427196
449704989274019	449705001591622	449704989648133
449705005935269	449705018027821	449705006214383
449705022601571	449705034465893	449705031673446
449705046275425	449705059125112	449705046605321
449705055944019	449705067346258	449705056283446
449705072599383	449705083785217	449705072877144
449705089567144	449705100223966	449705099120321
449705112816206	449705124885581	449705113114331
449705122600477	449705133105424	449705122878602
449705139266883	449705149544696	449705139541675
449705155965790	449705174200945	449705162880165
449705178913081	449705190638237	449705179214331
449705189347925	449705207076466	449705189829852
449705205956102	449705223514331	449705206234227
449705222630894	449705239956362	449705232849696
449705245932665	449705256398289	449705246234696
449705256179071	449705272839071	449705256523706
449705272692665	449705289278915	449705272961258
449705289351883	449705305716831	449705299686519
449705312546362	449705330372456	449705312837769
449705322688394	449705338591571	449705322960477
449705339346362	449705355030633	449705339628706
449705356091102	449705371467768	449705361911258
449705378960008	449705396122768	449705379251362
449705389356571	449705404342977	449705389721571
449705406030946	449705420782768	449705406313446
449705422708914	449705437222247	449705427532039
449705445899956	449705461880268	449705446198706
449705456069383	449705470100216	449705456292508
449705472693289	449705486541571	449705472967456
449705489366571	449705502981101	449705498735477
449705513278914	449705527636987	449705513636727
449705522708237	449705535854799	449705522999383
449705539373550	449705552291153	449705539660164
449705556039383	449705576945893	449705569342821
449705572696831	449705585165372	449705573039071
449705600052612	449705618040476	449705600387977
449705606020269	449705626260268	449705606369383
449705622683862	449705642699956	449705635728394
449705639363862	449705650919539	449705639703081
449705664962300	449705675572716	449705665259696
449705672630008	449705683791934	449705672909539
449705689352769	449705700229903	449705689736571
449705706035894	449705716666674	449705706396050
449705730983602	449705741324279	449705731267769
449705739339227	449705757762976	449705739636102
449705756048706	449705774202456	449705766787300
449705779307456	449705790639852	449705779635633
449705789405008	449705807077820	449705789791987
449705806081102	449705823513601	449705806353237
449705822799852	449705839950581	449705832012821
449705846259852	449705856384799	449705846562300
449705856128862	449705872818862	449705856391102
449705872763133	449705889254278	449705873066987
449705889364175	449705905693653	449705902077821
449705906173133	449705922129435	449705906507977
449705933685008	449705946782195	449705934019018
449705939477508	449705954999643	449705939808862
449705956097821	449705971434486	449705969350477
449705980177508	449705996086986	449705980507821
449705989391414	449706004304279	449705989760789
449706006094071	449706020737872	449706006360268
449706022784539	449706037170529	449706035497664
449706039511050	449706053604539	449706039810633
449706067439852	449706078252976	449706067715008
449706072788914	449706086470476	449706073116414
449706089365477	449706102903862	449706102532456
449706106136102	449706119337611	449706106455789
449706131561727	449706143988757	449706131853445
449706139391883	449706152206726	449706139671883
449706156120789	449706168643028	449706156377768
449706172810164	449706185082507	449706173127508
449706198295268	449706209743445	449706198590320
449706206072352	449706217963862	449706206347039
449706222737612	449706242623758	449706234570112
449706246164800	449706259065789	449706246448081
449706256109227	449706267286153	449706256355320
449706272747300	449706283727091	449706273004852
449706289356831	449706308387559	449706301065945
449706312707925	449706324825580	449706312988862
449706322762820	449706333045788	449706323031987
449706339397039	449706357707976	449706339662508
449706356104695	449706374148237	449706367375633
449706379296518	449706390586830	449706379588602
449706389386727	449706407024070	449706389574070
449706406034331	449706423463549	449706406310164
449706422775320	449706439903080	449706429972195
449706445861831	449706456340216	449706446156831
449706456080581	449706472779382	449706456444018
449706472751727	449706489216726	449706473012195
449706489405737	449706505654226	449706499983133
449706512727612	449706530314070	449706513024227
449706522730893	449706538534799	449706522998081
449706539398289	449706554973601	449706539668445
449706556159331	449706571410215	449706561939227
449706579068758	449706596062455	449706579357664
449706589384018	449706604281309	449706589593081
449706606045789	449706620718133	449706606325320
449706622781570	449706637154851	449706627991570
449706645977143	449706661806831	449706646285581
449706656117977	449706670024018	449706656385633
449706672752768	449706686460320	449706673009383
449706689446258	9223372036854775807	9223372036854775807

POLL t=218.8 tick=4246
8333333
449716096699327	449716113598390	449716097029692
449716106361515	449716121817295	449716106651723
449716123001515	449716138251879	449716123375733
449716146083702	449716162906462	449716146372660
449716156332192	449716171123650	449716156609223
449716173016254	449716187560576	449716173265473
449716196236827	449716212215056	449716196490004
449716206325421	449716220434170	449716212984379
449716223187452	449716236872764	449716223565473
449716246159067	449716261535003	449716246457817
449716256328390	449716269754952	449716262369640
449716272960890	449716286193336	449716273235942
449716296788442	449716310852087	449716297160629
449716306332192	449716319070473	449716306600317
449716322998233	449716335506566	449716323366514
449716346238442	449716360165160	449716346543285
449716356331567	449716368385577	449716362144535
449716373007348	449716384828025	449716373275629
449716396385004	449716409491983	449716396746567
449716406271567	449716417713546	449716406569692
449716423013129	449716434158024	449716423297608
449716439675004	449716450600576	449716439780264
449716466129848	449716483487347	449716466425004
449716473006983	449716491710107	449716473361567
449716489658129	449716508152087	449716495303441
449716513313441	449716524591253	449716513682191
449716522940941	449716541033546	449716523445629
449716539663754	449716557476410	449716539928389
449716556323910	449716573919118	449716556681566
449716581965889	449716598584535	449716582274952
449716589689691	449716606806514	449716589963858
449716606353702	449716623250889	449716611144639
449716629661098	449716639694535	449716629962608
449716639682191	449716656137243	449716639951254
449716656351098	449716672580732	449716662845941
449716679489171	449716697244535	449716679779535
449716689669535	449716705465212	449716689950577
449716706307816	449716721905629	449716706580889
449716723011723	449716738344743	449716723999796
449716746134327	449716763004274	449716746442816
449716756338285	449716771224066	449716756602504
449716773035004	449716787665160	449716779979327
449716795988598	449716812328493	449716796272348
449716806338285	449716820549639	449716806605941
449716823000160	449716836992191	449716823366879
449716839680473	449716853432608	449716840041566
449716864665264	449716878092555	449716864947816
449716872997504	449716886314222	449716873296723
449716889682660	449716902753232	449716894709483
449716912641254	449716927413389	449716912928598
449716922999848	449716935633389	449716923356202
449716939702348	449716952072660	449716947128702
449716962631827	449716976731983	449716962923545
449716972969066	449716984951514	449716973242035
449716989624014	449717001389483	449716989912452
449717006310004	449717017830003	449717008222348
449717029882608	449717042489847	449717030256254
449717039647452	449717050711253	449717039917764
449717056318441	449717067150472	449717056586098
449717073041358	449717083590629	449717076127348
449717095820108	449717108247191	449717096120004
449717106301254	449717124684847	449717106588077
449717122954327	449717141124379	449717123337504
449717139719535	449717157565264	449717140801879
449717162660629	449717174007190	449717162958754
449717172980941	449717190445888	449717173256879
449717189707608	449717206881826	449717196895733
449717212607660	449717223315680	449717212902035
449717222971827	449717239751982	449717223401983
449717239637035	449717256186253	449717239945004
449717256367608	449717272620212	449717256734795
449717281739066	449717297274535	449717282033129
449717289679222	449717305492243	449717289950629
449717306395889	449717321927868	449717311431670
449717329440472	449717346580264	449717329729066
449717339740941	449717354797555	449717339986566
449717356460472	449717371234065	449717363670577
449717379537035	449717395889222	449717379823285
449717389744691	449717404107972	449717390013910
449717406419795	449717420545056	449717406686566
449717423091254	449717436985629	449717423786254
449717446010004	449717461644951	449717446302295
449717456353597	449717469864535	449717456624795
449717473118077	449717486303128	449717480074952
449717496353545	449717510960368	449717496635004
449717506349066	449717519180003	449717506623129
449717523216254	449717535619639	449717523428441
449717539791566	449717552061774	449717541211254
449717563205316	449717576722972	449717563496879
449717573038129	449717584943753	449717573309066
449717589782608	449717601383389	449717596168910
449717613687035	449717626039691	449717613977660
449717623020316	449717634257919	449717623386097
449717639788285	449717650698180	449717640052191
449717656682191	449717667138024	449717657059847
449717680065889	449717691795941	449717680342608
449717689780264	449717700014378	449717690045160
449717706406410	449717716451045	449717706672660
449717723126097	449717741106253	449717724902816
449717746453129	449717757545159	449717746746254
449717756475785	449717773984378	449717756752139
449717773168285	449717790422243	449717773390629
449717796882660	449717806861045	449717797173285
449717806537347	449717823300264	449717812741566
449717823030420	449717839738597	449717823513858
449717846510576	449717864396722	449717846783597
449717856373233	449717872617971	449717861591878
449717873045003	449717889056566	449717873311566
449717896532035	449717913712555	449717896821358
449717906398441	449717921932763	449717911905785
449717923047191	449717938370263	449717923427816
449717946437139	449717963023233	449717946754378
449717956355160	449717971240160	449717962459222
449717973059222	449717987676253	449717973329535
449717996659170	449718012328232	449717997021566
449718006356097	449718020545107	449718006633441
449718023043233	449718036980003	449718023398441
449718039773910	449718053415888	449718040753128
449718063406514	449718078069274	449718063758858
449718073063597	449718086287607	449718073330628
449718089718128	449718102725628	449718089989066
449718106420576	449718119163284	449718108883910
449718129499691	449718143817972	449718129802035
449718139719378	449718152037451	449718140057035
449718156477503	449718168475524	449718156755785
449718173157608	449718184911826	449718179676722
449718196510628	9223372036854775807	449718196811514

POLL t=230.6 tick=4526
8333333
449728496568437	449728507371301	449728496874843
449728506940885	449728523803905	449728507212499
449728523597447	449728540240572	449728531589531
449728546724687	449728556682082	449728547021093
449728556923906	449728573123020	449728557195156
449728573559843	449728589564166	449728580966562
449728596576718	449728614228593	449728596859218
449728606965781	449728622449790	449728607228906
449728623658593	449728638890520	449728630879999
449728646435260	449728663551978	449728646727656
449728656954166	449728671772395	449728657214947
449728673611822	449728688214062	449728681019791
449728696770468	449728712877186	449728697149218
449728707143176	449728721097812	449728707392135
449728723755468	449728737541509	449728724060781
449728740339322	449728753986406	449728741145937
449728766946093	449728778648853	449728767234218
449728773584947	449728786869166	449728773910156
449728796834999	449728811530728	449728797129687
449728806952968	449728819750676	449728807251249
449728823663906	449728836193124	449728823997812
449728847238906	449728860858540	449728847594062
449728856959062	449728869080155	449728857219791
449728873595572	449728885521457	449728883089374
449728897072447	449728910182291	449728897351718
449728906913385	449728918403071	449728907189687
449728923605572	449728934844113	449728932627656
449728947178124	449728959506249	449728947531978
449728956951353	449728967726249	449728957223072
449728973607655	449728984167134	449728982115624
449728996691041	449729008827030	449728996997187
449729006961197	449729025268748	449729007230260
449729023622030	449729041713019	449729031514218
449729046812968	449729058158800	449729047112499
449729056946093	449729074603384	449729057218280
449729073627343	449729091044530	449729083762603
449729096790780	449729107485050	449729097085780
449729106969010	449729123923020	449729107237968
449729123588280	449729140361718	449729131210885
449729146674635	449729156800416	449729146985780
449729156975155	449729173241770	449729157230780
449729173612187	449729189682916	449729181662187
449729196635155	449729214342239	449729196928593
449729206949530	449729222564790	449729207219999
449729223558749	449729239005676	449729232845728
449729246941041	449729263668175	449729247300937
449729256975468	449729271890728	449729257312030
449729273582447	449729288332238	449729273940937
449729290312030	449729304773384	449729290665728
449729316169478	449729329432655	449729316448905
449729323582447	449729337650728	449729332412655
449729346344687	449729362303697	449729346635312
449729356995572	449729370522030	449729357264010
449729373624687	449729386959790	449729381379009
449729396523072	449729411617811	449729396881718
449729406960780	449729419835780	449729407230728
449729423622812	449729436271301	449729433501718
449729447156041	449729460928593	449729447520312
449729457023384	449729469148957	449729457352134
449729473634062	449729485588332	449729474027759
449729490309999	449729502028592	449729490647499
449729516581666	449729534909634	449729516864843
449729523608853	449729543130832	449729530559062
449729546397030	449729559571509	449729546685780
449729556980572	449729567792030	449729557248280
449729573655155	449729584233905	449729574332187
449729598888228	449729617110936	449729599169687
449729606945468	449729625328540	449729607217811
449729629846874	449729641764634	449729630127811
449729640371561	449729658198331	449729640635936
449729657038280	449729674632551	449729663326666
449729680080468	449729691069061	449729680375155
449729690384322	449729707504217	449729690650311
449729707020416	449729723941457	449729716634999
449729729883749	449729740380311	449729730183124
449729740409322	449729756821092	449729740666509
449729757153749	449729773261769	449729764655311
449729779803853	449729797914946	449729780109218
449729790363228	449729806133488	449729790629478
449729807017655	449729822572863	449729815356718
449729829832655	449729847230779	449729830120780
449729840380936	449729855451457	449729840633280
449729857043853	449729871892811	449729864802030
449729879814791	449729896553749	449729880113905
449729890375259	449729904774738	449729890667499
449729907076509	449729921216197	449729907335572
449729929748436	449729945875988	449729930040155
449729940387968	449729954094478	449729940647343
449729957040416	449729970533905	449729964849166
449729979627499	449729995192498	449729979916822
449729990354947	449730003413175	449729990624999
449730007008436	449730019852655	449730014989374
449730029529686	449730044512342	449730029813749
449730040333749	449730052731353	449730040596405
449730057053540	449730069170050	449730064502655
449730079885155	449730093829269	449730080177759
449730090383228	449730102049843	449730090653905
449730107079165	449730118490624	449730114902655
449730129330572	449730143147447	449730129631561
449730140376040	449730151366405	449730140662968
449730157033853	449730167803332	449730164772811
449730179490311	449730192461613	449730179779061
449730190365103	449730200681092	449730190660780
449730206992968	449730225342447	449730217550311
449730229590624	449730241782030	449730229859947
449730240364478	449730258219165	449730240617655
449730257023749	449730274657758	449730265584999
449730279632030	449730291098279	449730279927811
449730290381665	449730307536353	449730290672186
449730307005467	449730323977186	449730318449374
449730329813228	449730340417186	449730330142134
449730340331509	449730356858279	449730340613072
449730357054165	449730373297654	449730365355780
449730379435103	449730397956769	449730379745780
449730390285467	449730406174738	449730390564947
449730406973072	449730422612551	449730415169374
449730429666040	449730447269790	449730430026249
449730440258905	449730455489738	449730440553280
449730456984999	449730471929634	449730457310311
449730473629999	449730488367602	449730475807967
449730498188436	449730513026613	449730498488436
449730506953280	449730521247759	449730515492134
449730529480415	449730545904008	449730529772499
449730540344842	449730554122758	449730540609374
449730557067499	449730570559842	449730562844947
449730579417030	449730595214998	449730579713540
449730591022811	9223372036854775807	449730591095155

