function_start,function_end,role,instruction_addr,word,opcode,disassembly,family,edge_test_status,test_evidence
0x003C1638,0x003C1B80,sound thread; tag-1 record and DMA,0x003C1640,0x7FB00070,sq,"sq $s0, 0x70($sp)",EE 128-bit memory,untested,No EE LQ/SQ alignment edge test found
0x003C1638,0x003C1B80,sound thread; tag-1 record and DMA,0x003C1648,0x7FB40030,sq,"sq $s4, 0x30($sp)",EE 128-bit memory,untested,No EE LQ/SQ alignment edge test found
0x003C1638,0x003C1B80,sound thread; tag-1 record and DMA,0x003C1650,0x7FB60010,sq,"sq $s6, 0x10($sp)",EE 128-bit memory,untested,No EE LQ/SQ alignment edge test found
0x003C1638,0x003C1B80,sound thread; tag-1 record and DMA,0x003C1664,0x7FB20050,sq,"sq $s2, 0x50($sp)",EE 128-bit memory,untested,No EE LQ/SQ alignment edge test found
0x003C1638,0x003C1B80,sound thread; tag-1 record and DMA,0x003C166C,0x7FB30040,sq,"sq $s3, 0x40($sp)",EE 128-bit memory,untested,No EE LQ/SQ alignment edge test found
0x003C1638,0x003C1B80,sound thread; tag-1 record and DMA,0x003C1670,0x7FB50020,sq,"sq $s5, 0x20($sp)",EE 128-bit memory,untested,No EE LQ/SQ alignment edge test found
0x003C1638,0x003C1B80,sound thread; tag-1 record and DMA,0x003C1678,0x7FB10060,sq,"sq $s1, 0x60($sp)",EE 128-bit memory,untested,No EE LQ/SQ alignment edge test found
0x003C1638,0x003C1B80,sound thread; tag-1 record and DMA,0x003C18F4,0x7BB10060,lq,"lq $s1, 0x60($sp)",EE 128-bit memory,untested,No EE LQ/SQ alignment edge test found
0x003C1638,0x003C1B80,sound thread; tag-1 record and DMA,0x003C18FC,0x7BB20050,lq,"lq $s2, 0x50($sp)",EE 128-bit memory,untested,No EE LQ/SQ alignment edge test found
0x003C1638,0x003C1B80,sound thread; tag-1 record and DMA,0x003C1904,0x7BB30040,lq,"lq $s3, 0x40($sp)",EE 128-bit memory,untested,No EE LQ/SQ alignment edge test found
0x003C1638,0x003C1B80,sound thread; tag-1 record and DMA,0x003C1914,0x7BB40030,lq,"lq $s4, 0x30($sp)",EE 128-bit memory,untested,No EE LQ/SQ alignment edge test found
0x003C1638,0x003C1B80,sound thread; tag-1 record and DMA,0x003C1920,0x7BB50020,lq,"lq $s5, 0x20($sp)",EE 128-bit memory,untested,No EE LQ/SQ alignment edge test found
0x003C1638,0x003C1B80,sound thread; tag-1 record and DMA,0x003C1930,0x7BB60010,lq,"lq $s6, 0x10($sp)",EE 128-bit memory,untested,No EE LQ/SQ alignment edge test found
0x003C1638,0x003C1B80,sound thread; tag-1 record and DMA,0x003C1970,0x7BB00070,lq,"lq $s0, 0x70($sp)",EE 128-bit memory,untested,No EE LQ/SQ alignment edge test found
0x003C1638,0x003C1B80,sound thread; tag-1 record and DMA,0x003C19B0,0x7FB40030,sq,"sq $s4, 0x30($sp)",EE 128-bit memory,untested,No EE LQ/SQ alignment edge test found
0x003C1638,0x003C1B80,sound thread; tag-1 record and DMA,0x003C19B4,0x7FB10060,sq,"sq $s1, 0x60($sp)",EE 128-bit memory,untested,No EE LQ/SQ alignment edge test found
0x003C1638,0x003C1B80,sound thread; tag-1 record and DMA,0x003C19BC,0x7FB30040,sq,"sq $s3, 0x40($sp)",EE 128-bit memory,untested,No EE LQ/SQ alignment edge test found
0x003C1638,0x003C1B80,sound thread; tag-1 record and DMA,0x003C19C4,0x7FB50020,sq,"sq $s5, 0x20($sp)",EE 128-bit memory,untested,No EE LQ/SQ alignment edge test found
0x003C1638,0x003C1B80,sound thread; tag-1 record and DMA,0x003C19CC,0x7FB60010,sq,"sq $s6, 0x10($sp)",EE 128-bit memory,untested,No EE LQ/SQ alignment edge test found
0x003C1638,0x003C1B80,sound thread; tag-1 record and DMA,0x003C19D4,0x7FB00070,sq,"sq $s0, 0x70($sp)",EE 128-bit memory,untested,No EE LQ/SQ alignment edge test found
0x003C1638,0x003C1B80,sound thread; tag-1 record and DMA,0x003C19DC,0x7FB20050,sq,"sq $s2, 0x50($sp)",EE 128-bit memory,untested,No EE LQ/SQ alignment edge test found
0x003C1298,0x003C1578,sound thread direct callee,0x003C12A0,0x7FB20070,sq,"sq $s2, 0x70($sp)",EE 128-bit memory,untested,No EE LQ/SQ alignment edge test found
0x003C1298,0x003C1578,sound thread direct callee,0x003C12A8,0x7FBE0010,sq,"sq $fp, 0x10($sp)",EE 128-bit memory,untested,No EE LQ/SQ alignment edge test found
0x003C1298,0x003C1578,sound thread direct callee,0x003C12B0,0x7FB00090,sq,"sq $s0, 0x90($sp)",EE 128-bit memory,untested,No EE LQ/SQ alignment edge test found
0x003C1298,0x003C1578,sound thread direct callee,0x003C12B4,0x7FB10080,sq,"sq $s1, 0x80($sp)",EE 128-bit memory,untested,No EE LQ/SQ alignment edge test found
0x003C1298,0x003C1578,sound thread direct callee,0x003C12B8,0x7FB30060,sq,"sq $s3, 0x60($sp)",EE 128-bit memory,untested,No EE LQ/SQ alignment edge test found
0x003C1298,0x003C1578,sound thread direct callee,0x003C12BC,0x7FB40050,sq,"sq $s4, 0x50($sp)",EE 128-bit memory,untested,No EE LQ/SQ alignment edge test found
0x003C1298,0x003C1578,sound thread direct callee,0x003C12C0,0x7FB50040,sq,"sq $s5, 0x40($sp)",EE 128-bit memory,untested,No EE LQ/SQ alignment edge test found
0x003C1298,0x003C1578,sound thread direct callee,0x003C12C4,0x7FB60030,sq,"sq $s6, 0x30($sp)",EE 128-bit memory,untested,No EE LQ/SQ alignment edge test found
0x003C1298,0x003C1578,sound thread direct callee,0x003C12C8,0x7FB70020,sq,"sq $s7, 0x20($sp)",EE 128-bit memory,untested,No EE LQ/SQ alignment edge test found
0x003C1298,0x003C1578,sound thread direct callee,0x003C1544,0x7BB00090,lq,"lq $s0, 0x90($sp)",EE 128-bit memory,untested,No EE LQ/SQ alignment edge test found
0x003C1298,0x003C1578,sound thread direct callee,0x003C1548,0x7BB10080,lq,"lq $s1, 0x80($sp)",EE 128-bit memory,untested,No EE LQ/SQ alignment edge test found
0x003C1298,0x003C1578,sound thread direct callee,0x003C154C,0x7BB20070,lq,"lq $s2, 0x70($sp)",EE 128-bit memory,untested,No EE LQ/SQ alignment edge test found
0x003C1298,0x003C1578,sound thread direct callee,0x003C1550,0x7BB30060,lq,"lq $s3, 0x60($sp)",EE 128-bit memory,untested,No EE LQ/SQ alignment edge test found
0x003C1298,0x003C1578,sound thread direct callee,0x003C1554,0x7BB40050,lq,"lq $s4, 0x50($sp)",EE 128-bit memory,untested,No EE LQ/SQ alignment edge test found
0x003C1298,0x003C1578,sound thread direct callee,0x003C1558,0x7BB50040,lq,"lq $s5, 0x40($sp)",EE 128-bit memory,untested,No EE LQ/SQ alignment edge test found
0x003C1298,0x003C1578,sound thread direct callee,0x003C155C,0x7BB60030,lq,"lq $s6, 0x30($sp)",EE 128-bit memory,untested,No EE LQ/SQ alignment edge test found
0x003C1298,0x003C1578,sound thread direct callee,0x003C1560,0x7BB70020,lq,"lq $s7, 0x20($sp)",EE 128-bit memory,untested,No EE LQ/SQ alignment edge test found
0x003C1298,0x003C1578,sound thread direct callee,0x003C1564,0x7BBE0010,lq,"lq $fp, 0x10($sp)",EE 128-bit memory,untested,No EE LQ/SQ alignment edge test found
0x003C07A8,0x003C0858,sound thread VU0 state helper,0x003C07C4,0x44800000,mtc1,"mtc1 $zero, $f0",COP1,untested,No matching PCSX2 edge-input semantics test found
0x003C07A8,0x003C0858,sound thread VU0 state helper,0x003C07D4,0x44810000,mtc1,"mtc1 $at, $f0",COP1,untested,No matching PCSX2 edge-input semantics test found
0x003C07A8,0x003C0858,sound thread VU0 state helper,0x003C07E8,0x44810000,mtc1,"mtc1 $at, $f0",COP1,untested,No matching PCSX2 edge-input semantics test found
0x003C07A8,0x003C0858,sound thread VU0 state helper,0x003C07FC,0x44810000,mtc1,"mtc1 $at, $f0",COP1,untested,No matching PCSX2 edge-input semantics test found
0x003C07A8,0x003C0858,sound thread VU0 state helper,0x003C0808,0xE4A00000,swc1,"swc1 $f0, 0x0($a1)",COP1,untested,No matching PCSX2 edge-input semantics test found
0x003C07A8,0x003C0858,sound thread VU0 state helper,0x003C080C,0x46000007,neg.s,"neg.s $f0, $f0",COP1,tested,ps2_fpu_cop2_audit_tests.cpp
0x003C07A8,0x003C0858,sound thread VU0 state helper,0x003C0818,0xE4400000,swc1,"swc1 $f0, 0x0($v0)",COP1,untested,No matching PCSX2 edge-input semantics test found
0x003C07A8,0x003C0858,sound thread VU0 state helper,0x003C082C,0x48280800,qmfc2.ni,"qmfc2.ni $t0, $vf1",COP2/VU0,untested,No matching PCSX2 edge-input semantics test found
0x003C07A8,0x003C0858,sound thread VU0 state helper,0x003C0830,0x48291000,qmfc2.ni,"qmfc2.ni $t1, $vf2",COP2/VU0,untested,No matching PCSX2 edge-input semantics test found
0x003C07A8,0x003C0858,sound thread VU0 state helper,0x003C0834,0xDBA10000,lqc2,"lqc2 $vf1, 0x0($sp)",COP2/VU0,untested,No matching PCSX2 edge-input semantics test found
0x003C07A8,0x003C0858,sound thread VU0 state helper,0x003C0838,0xDBA20010,lqc2,"lqc2 $vf2, 0x10($sp)",COP2/VU0,untested,No matching PCSX2 edge-input semantics test found
0x003C07A8,0x003C0858,sound thread VU0 state helper,0x003C083C,0x4BE2086A,vmul.xyzw,"vmul.xyzw $vf1, $vf1, $vf2",COP2/VU0,tested,ps2_fpu_cop2_audit_tests.cpp
0x003C07A8,0x003C0858,sound thread VU0 state helper,0x003C0840,0x48A80800,qmtc2.ni,"qmtc2.ni $t0, $vf1",COP2/VU0,untested,No matching PCSX2 edge-input semantics test found
0x003C07A8,0x003C0858,sound thread VU0 state helper,0x003C0844,0x48A91000,qmtc2.ni,"qmtc2.ni $t1, $vf2",COP2/VU0,untested,No matching PCSX2 edge-input semantics test found
0x003C07A8,0x003C0858,sound thread VU0 state helper,0x003C0848,0x4A0002FF,vnop,vnop,COP2/VU0,untested,No matching PCSX2 edge-input semantics test found
0x003C0858,0x003C08F8,sound thread VU0 save,0x003C085C,0x48498801,cfc2.i,"cfc2.i $t1, $vi17",COP2/VU0,untested,No matching PCSX2 edge-input semantics test found
0x003C0858,0x003C08F8,sound thread VU0 save,0x003C0860,0xF9010000,sqc2,"sqc2 $vf1, 0x0($t0)",COP2/VU0,untested,No matching PCSX2 edge-input semantics test found
0x003C0858,0x003C08F8,sound thread VU0 save,0x003C0864,0xF9020010,sqc2,"sqc2 $vf2, 0x10($t0)",COP2/VU0,untested,No matching PCSX2 edge-input semantics test found
0x003C0858,0x003C08F8,sound thread VU0 save,0x003C086C,0xF9030020,sqc2,"sqc2 $vf3, 0x20($t0)",COP2/VU0,untested,No matching PCSX2 edge-input semantics test found
0x003C0858,0x003C08F8,sound thread VU0 save,0x003C0870,0xF9040030,sqc2,"sqc2 $vf4, 0x30($t0)",COP2/VU0,untested,No matching PCSX2 edge-input semantics test found
0x003C0858,0x003C08F8,sound thread VU0 save,0x003C0874,0x48C98000,ctc2.ni,"ctc2.ni $t1, $vi16",COP2/VU0,untested,No matching PCSX2 edge-input semantics test found
0x003C0858,0x003C08F8,sound thread VU0 save,0x003C0878,0xF9050040,sqc2,"sqc2 $vf5, 0x40($t0)",COP2/VU0,untested,No matching PCSX2 edge-input semantics test found
0x003C0858,0x003C08F8,sound thread VU0 save,0x003C087C,0xF9060050,sqc2,"sqc2 $vf6, 0x50($t0)",COP2/VU0,untested,No matching PCSX2 edge-input semantics test found
0x003C0858,0x003C08F8,sound thread VU0 save,0x003C0884,0xF9070060,sqc2,"sqc2 $vf7, 0x60($t0)",COP2/VU0,untested,No matching PCSX2 edge-input semantics test found
0x003C0858,0x003C08F8,sound thread VU0 save,0x003C0888,0xF9080070,sqc2,"sqc2 $vf8, 0x70($t0)",COP2/VU0,untested,No matching PCSX2 edge-input semantics test found
0x003C0858,0x003C08F8,sound thread VU0 save,0x003C088C,0x4BE00048,vmaddx.xyzw,"vmaddx.xyzw $vf1, $vf0, $vf0x",COP2/VU0,untested,No matching PCSX2 edge-input semantics test found
0x003C0858,0x003C08F8,sound thread VU0 save,0x003C0890,0xF9090080,sqc2,"sqc2 $vf9, 0x80($t0)",COP2/VU0,untested,No matching PCSX2 edge-input semantics test found
0x003C0858,0x003C08F8,sound thread VU0 save,0x003C0894,0xF90A0090,sqc2,"sqc2 $vf10, 0x90($t0)",COP2/VU0,untested,No matching PCSX2 edge-input semantics test found
0x003C0858,0x003C08F8,sound thread VU0 save,0x003C0898,0xF90B00A0,sqc2,"sqc2 $vf11, 0xA0($t0)",COP2/VU0,untested,No matching PCSX2 edge-input semantics test found
0x003C0858,0x003C08F8,sound thread VU0 save,0x003C089C,0xF90C00B0,sqc2,"sqc2 $vf12, 0xB0($t0)",COP2/VU0,untested,No matching PCSX2 edge-input semantics test found
0x003C0858,0x003C08F8,sound thread VU0 save,0x003C08A0,0xF90D00C0,sqc2,"sqc2 $vf13, 0xC0($t0)",COP2/VU0,untested,No matching PCSX2 edge-input semantics test found
0x003C0858,0x003C08F8,sound thread VU0 save,0x003C08A4,0xF90E00D0,sqc2,"sqc2 $vf14, 0xD0($t0)",COP2/VU0,untested,No matching PCSX2 edge-input semantics test found
0x003C0858,0x003C08F8,sound thread VU0 save,0x003C08A8,0xF90F00E0,sqc2,"sqc2 $vf15, 0xE0($t0)",COP2/VU0,untested,No matching PCSX2 edge-input semantics test found
0x003C0858,0x003C08F8,sound thread VU0 save,0x003C08AC,0xF91000F0,sqc2,"sqc2 $vf16, 0xF0($t0)",COP2/VU0,untested,No matching PCSX2 edge-input semantics test found
0x003C0858,0x003C08F8,sound thread VU0 save,0x003C08B0,0xF9110100,sqc2,"sqc2 $vf17, 0x100($t0)",COP2/VU0,untested,No matching PCSX2 edge-input semantics test found
0x003C0858,0x003C08F8,sound thread VU0 save,0x003C08B4,0xF9120110,sqc2,"sqc2 $vf18, 0x110($t0)",COP2/VU0,untested,No matching PCSX2 edge-input semantics test found
0x003C0858,0x003C08F8,sound thread VU0 save,0x003C08B8,0xF9130120,sqc2,"sqc2 $vf19, 0x120($t0)",COP2/VU0,untested,No matching PCSX2 edge-input semantics test found
0x003C0858,0x003C08F8,sound thread VU0 save,0x003C08BC,0xF9140130,sqc2,"sqc2 $vf20, 0x130($t0)",COP2/VU0,untested,No matching PCSX2 edge-input semantics test found
0x003C0858,0x003C08F8,sound thread VU0 save,0x003C08C0,0xF9150140,sqc2,"sqc2 $vf21, 0x140($t0)",COP2/VU0,untested,No matching PCSX2 edge-input semantics test found
0x003C0858,0x003C08F8,sound thread VU0 save,0x003C08C4,0xF9160150,sqc2,"sqc2 $vf22, 0x150($t0)",COP2/VU0,untested,No matching PCSX2 edge-input semantics test found
0x003C0858,0x003C08F8,sound thread VU0 save,0x003C08C8,0xF9170160,sqc2,"sqc2 $vf23, 0x160($t0)",COP2/VU0,untested,No matching PCSX2 edge-input semantics test found
0x003C0858,0x003C08F8,sound thread VU0 save,0x003C08CC,0xF9180170,sqc2,"sqc2 $vf24, 0x170($t0)",COP2/VU0,untested,No matching PCSX2 edge-input semantics test found
0x003C0858,0x003C08F8,sound thread VU0 save,0x003C08D0,0xF9190180,sqc2,"sqc2 $vf25, 0x180($t0)",COP2/VU0,untested,No matching PCSX2 edge-input semantics test found
0x003C0858,0x003C08F8,sound thread VU0 save,0x003C08D4,0xF91A0190,sqc2,"sqc2 $vf26, 0x190($t0)",COP2/VU0,untested,No matching PCSX2 edge-input semantics test found
0x003C0858,0x003C08F8,sound thread VU0 save,0x003C08D8,0xF91B01A0,sqc2,"sqc2 $vf27, 0x1A0($t0)",COP2/VU0,untested,No matching PCSX2 edge-input semantics test found
0x003C0858,0x003C08F8,sound thread VU0 save,0x003C08DC,0xF91C01B0,sqc2,"sqc2 $vf28, 0x1B0($t0)",COP2/VU0,untested,No matching PCSX2 edge-input semantics test found
0x003C0858,0x003C08F8,sound thread VU0 save,0x003C08E0,0xF91D01C0,sqc2,"sqc2 $vf29, 0x1C0($t0)",COP2/VU0,untested,No matching PCSX2 edge-input semantics test found
0x003C0858,0x003C08F8,sound thread VU0 save,0x003C08E4,0xF91E01D0,sqc2,"sqc2 $vf30, 0x1D0($t0)",COP2/VU0,untested,No matching PCSX2 edge-input semantics test found
0x003C0858,0x003C08F8,sound thread VU0 save,0x003C08E8,0xF91F01E0,sqc2,"sqc2 $vf31, 0x1E0($t0)",COP2/VU0,untested,No matching PCSX2 edge-input semantics test found
0x003C0858,0x003C08F8,sound thread VU0 save,0x003C08EC,0xF90101F0,sqc2,"sqc2 $vf1, 0x1F0($t0)",COP2/VU0,untested,No matching PCSX2 edge-input semantics test found
0x003C08F8,0x003C09B8,sound thread VU0 restore,0x003C08FC,0x7FB00010,sq,"sq $s0, 0x10($sp)",EE 128-bit memory,untested,No EE LQ/SQ alignment edge test found
0x003C08F8,0x003C09B8,sound thread VU0 restore,0x003C090C,0xD90101F0,lqc2,"lqc2 $vf1, 0x1F0($t0)",COP2/VU0,untested,No matching PCSX2 edge-input semantics test found
0x003C08F8,0x003C09B8,sound thread VU0 restore,0x003C0910,0x4BE0083C,vaddax.xyzw,"vaddax.xyzw $ACC, $vf1, $vf0x",COP2/VU0,untested,No matching PCSX2 edge-input semantics test found
0x003C08F8,0x003C09B8,sound thread VU0 restore,0x003C0914,0xD9010000,lqc2,"lqc2 $vf1, 0x0($t0)",COP2/VU0,untested,No matching PCSX2 edge-input semantics test found
0x003C08F8,0x003C09B8,sound thread VU0 restore,0x003C0918,0xD9020010,lqc2,"lqc2 $vf2, 0x10($t0)",COP2/VU0,untested,No matching PCSX2 edge-input semantics test found
0x003C08F8,0x003C09B8,sound thread VU0 restore,0x003C091C,0xD9030020,lqc2,"lqc2 $vf3, 0x20($t0)",COP2/VU0,untested,No matching PCSX2 edge-input semantics test found
0x003C08F8,0x003C09B8,sound thread VU0 restore,0x003C0920,0xD9040030,lqc2,"lqc2 $vf4, 0x30($t0)",COP2/VU0,untested,No matching PCSX2 edge-input semantics test found
0x003C08F8,0x003C09B8,sound thread VU0 restore,0x003C0924,0xD9050040,lqc2,"lqc2 $vf5, 0x40($t0)",COP2/VU0,untested,No matching PCSX2 edge-input semantics test found
0x003C08F8,0x003C09B8,sound thread VU0 restore,0x003C0928,0xD9060050,lqc2,"lqc2 $vf6, 0x50($t0)",COP2/VU0,untested,No matching PCSX2 edge-input semantics test found
0x003C08F8,0x003C09B8,sound thread VU0 restore,0x003C0938,0xD9070060,lqc2,"lqc2 $vf7, 0x60($t0)",COP2/VU0,untested,No matching PCSX2 edge-input semantics test found
0x003C08F8,0x003C09B8,sound thread VU0 restore,0x003C093C,0xD9080070,lqc2,"lqc2 $vf8, 0x70($t0)",COP2/VU0,untested,No matching PCSX2 edge-input semantics test found
0x003C08F8,0x003C09B8,sound thread VU0 restore,0x003C0940,0xD9090080,lqc2,"lqc2 $vf9, 0x80($t0)",COP2/VU0,untested,No matching PCSX2 edge-input semantics test found
0x003C08F8,0x003C09B8,sound thread VU0 restore,0x003C0944,0xD90A0090,lqc2,"lqc2 $vf10, 0x90($t0)",COP2/VU0,untested,No matching PCSX2 edge-input semantics test found
0x003C08F8,0x003C09B8,sound thread VU0 restore,0x003C0948,0xD90B00A0,lqc2,"lqc2 $vf11, 0xA0($t0)",COP2/VU0,untested,No matching PCSX2 edge-input semantics test found
0x003C08F8,0x003C09B8,sound thread VU0 restore,0x003C094C,0xD90C00B0,lqc2,"lqc2 $vf12, 0xB0($t0)",COP2/VU0,untested,No matching PCSX2 edge-input semantics test found
0x003C08F8,0x003C09B8,sound thread VU0 restore,0x003C0954,0xD90D00C0,lqc2,"lqc2 $vf13, 0xC0($t0)",COP2/VU0,untested,No matching PCSX2 edge-input semantics test found
0x003C08F8,0x003C09B8,sound thread VU0 restore,0x003C0958,0xD90E00D0,lqc2,"lqc2 $vf14, 0xD0($t0)",COP2/VU0,untested,No matching PCSX2 edge-input semantics test found
0x003C08F8,0x003C09B8,sound thread VU0 restore,0x003C095C,0x48C98000,ctc2.ni,"ctc2.ni $t1, $vi16",COP2/VU0,untested,No matching PCSX2 edge-input semantics test found
0x003C08F8,0x003C09B8,sound thread VU0 restore,0x003C0960,0xD90F00E0,lqc2,"lqc2 $vf15, 0xE0($t0)",COP2/VU0,untested,No matching PCSX2 edge-input semantics test found
0x003C08F8,0x003C09B8,sound thread VU0 restore,0x003C0964,0xD91000F0,lqc2,"lqc2 $vf16, 0xF0($t0)",COP2/VU0,untested,No matching PCSX2 edge-input semantics test found
0x003C08F8,0x003C09B8,sound thread VU0 restore,0x003C0968,0xD9110100,lqc2,"lqc2 $vf17, 0x100($t0)",COP2/VU0,untested,No matching PCSX2 edge-input semantics test found
0x003C08F8,0x003C09B8,sound thread VU0 restore,0x003C096C,0xD9120110,lqc2,"lqc2 $vf18, 0x110($t0)",COP2/VU0,untested,No matching PCSX2 edge-input semantics test found
0x003C08F8,0x003C09B8,sound thread VU0 restore,0x003C0970,0xD9130120,lqc2,"lqc2 $vf19, 0x120($t0)",COP2/VU0,untested,No matching PCSX2 edge-input semantics test found
0x003C08F8,0x003C09B8,sound thread VU0 restore,0x003C0974,0xD9140130,lqc2,"lqc2 $vf20, 0x130($t0)",COP2/VU0,untested,No matching PCSX2 edge-input semantics test found
0x003C08F8,0x003C09B8,sound thread VU0 restore,0x003C0978,0xD9150140,lqc2,"lqc2 $vf21, 0x140($t0)",COP2/VU0,untested,No matching PCSX2 edge-input semantics test found
0x003C08F8,0x003C09B8,sound thread VU0 restore,0x003C097C,0xD9160150,lqc2,"lqc2 $vf22, 0x150($t0)",COP2/VU0,untested,No matching PCSX2 edge-input semantics test found
0x003C08F8,0x003C09B8,sound thread VU0 restore,0x003C0980,0xD9170160,lqc2,"lqc2 $vf23, 0x160($t0)",COP2/VU0,untested,No matching PCSX2 edge-input semantics test found
0x003C08F8,0x003C09B8,sound thread VU0 restore,0x003C0984,0xD9180170,lqc2,"lqc2 $vf24, 0x170($t0)",COP2/VU0,untested,No matching PCSX2 edge-input semantics test found
0x003C08F8,0x003C09B8,sound thread VU0 restore,0x003C0988,0xD9190180,lqc2,"lqc2 $vf25, 0x180($t0)",COP2/VU0,untested,No matching PCSX2 edge-input semantics test found
0x003C08F8,0x003C09B8,sound thread VU0 restore,0x003C098C,0xD91A0190,lqc2,"lqc2 $vf26, 0x190($t0)",COP2/VU0,untested,No matching PCSX2 edge-input semantics test found
0x003C08F8,0x003C09B8,sound thread VU0 restore,0x003C0990,0xD91B01A0,lqc2,"lqc2 $vf27, 0x1A0($t0)",COP2/VU0,untested,No matching PCSX2 edge-input semantics test found
0x003C08F8,0x003C09B8,sound thread VU0 restore,0x003C0994,0xD91C01B0,lqc2,"lqc2 $vf28, 0x1B0($t0)",COP2/VU0,untested,No matching PCSX2 edge-input semantics test found
0x003C08F8,0x003C09B8,sound thread VU0 restore,0x003C0998,0xD91D01C0,lqc2,"lqc2 $vf29, 0x1C0($t0)",COP2/VU0,untested,No matching PCSX2 edge-input semantics test found
0x003C08F8,0x003C09B8,sound thread VU0 restore,0x003C099C,0xD91E01D0,lqc2,"lqc2 $vf30, 0x1D0($t0)",COP2/VU0,untested,No matching PCSX2 edge-input semantics test found
0x003C08F8,0x003C09B8,sound thread VU0 restore,0x003C09A0,0xD91F01E0,lqc2,"lqc2 $vf31, 0x1E0($t0)",COP2/VU0,untested,No matching PCSX2 edge-input semantics test found
0x003C08F8,0x003C09B8,sound thread VU0 restore,0x003C09A4,0x7BB00010,lq,"lq $s0, 0x10($sp)",EE 128-bit memory,untested,No EE LQ/SQ alignment edge test found
0x003C8968,0x003C8A40,sound thread direct mix dispatcher,0x003C8970,0x7FB00060,sq,"sq $s0, 0x60($sp)",EE 128-bit memory,untested,No EE LQ/SQ alignment edge test found
0x003C8968,0x003C8A40,sound thread direct mix dispatcher,0x003C897C,0x7FB10050,sq,"sq $s1, 0x50($sp)",EE 128-bit memory,untested,No EE LQ/SQ alignment edge test found
0x003C8968,0x003C8A40,sound thread direct mix dispatcher,0x003C8980,0x7FB20040,sq,"sq $s2, 0x40($sp)",EE 128-bit memory,untested,No EE LQ/SQ alignment edge test found
0x003C8968,0x003C8A40,sound thread direct mix dispatcher,0x003C8984,0x7FB30030,sq,"sq $s3, 0x30($sp)",EE 128-bit memory,untested,No EE LQ/SQ alignment edge test found
0x003C8968,0x003C8A40,sound thread direct mix dispatcher,0x003C8A20,0x7BB00060,lq,"lq $s0, 0x60($sp)",EE 128-bit memory,untested,No EE LQ/SQ alignment edge test found
0x003C8968,0x003C8A40,sound thread direct mix dispatcher,0x003C8A24,0x7BB10050,lq,"lq $s1, 0x50($sp)",EE 128-bit memory,untested,No EE LQ/SQ alignment edge test found
0x003C8968,0x003C8A40,sound thread direct mix dispatcher,0x003C8A28,0x7BB20040,lq,"lq $s2, 0x40($sp)",EE 128-bit memory,untested,No EE LQ/SQ alignment edge test found
0x003C8968,0x003C8A40,sound thread direct mix dispatcher,0x003C8A2C,0x7BB30030,lq,"lq $s3, 0x30($sp)",EE 128-bit memory,untested,No EE LQ/SQ alignment edge test found
0x003C85D0,0x003C8968,mix dispatcher callee; indirect callbacks,0x003C85D8,0xE7B400B0,swc1,"swc1 $f20, 0xB0($sp)",COP1,untested,No matching PCSX2 edge-input semantics test found
0x003C85D0,0x003C8968,mix dispatcher callee; indirect callbacks,0x003C85E0,0x7FB000A0,sq,"sq $s0, 0xA0($sp)",EE 128-bit memory,untested,No EE LQ/SQ alignment edge test found
0x003C85D0,0x003C8968,mix dispatcher callee; indirect callbacks,0x003C85E4,0x7FB10090,sq,"sq $s1, 0x90($sp)",EE 128-bit memory,untested,No EE LQ/SQ alignment edge test found
0x003C85D0,0x003C8968,mix dispatcher callee; indirect callbacks,0x003C85EC,0x7FB20080,sq,"sq $s2, 0x80($sp)",EE 128-bit memory,untested,No EE LQ/SQ alignment edge test found
0x003C85D0,0x003C8968,mix dispatcher callee; indirect callbacks,0x003C85F4,0x7FB30070,sq,"sq $s3, 0x70($sp)",EE 128-bit memory,untested,No EE LQ/SQ alignment edge test found
0x003C85D0,0x003C8968,mix dispatcher callee; indirect callbacks,0x003C85FC,0x7FBE0020,sq,"sq $fp, 0x20($sp)",EE 128-bit memory,untested,No EE LQ/SQ alignment edge test found
0x003C85D0,0x003C8968,mix dispatcher callee; indirect callbacks,0x003C8604,0x7FB40060,sq,"sq $s4, 0x60($sp)",EE 128-bit memory,untested,No EE LQ/SQ alignment edge test found
0x003C85D0,0x003C8968,mix dispatcher callee; indirect callbacks,0x003C860C,0x7FB50050,sq,"sq $s5, 0x50($sp)",EE 128-bit memory,untested,No EE LQ/SQ alignment edge test found
0x003C85D0,0x003C8968,mix dispatcher callee; indirect callbacks,0x003C8610,0x7FB60040,sq,"sq $s6, 0x40($sp)",EE 128-bit memory,untested,No EE LQ/SQ alignment edge test found
0x003C85D0,0x003C8968,mix dispatcher callee; indirect callbacks,0x003C8614,0x7FB70030,sq,"sq $s7, 0x30($sp)",EE 128-bit memory,untested,No EE LQ/SQ alignment edge test found
0x003C85D0,0x003C8968,mix dispatcher callee; indirect callbacks,0x003C861C,0x4480A000,mtc1,"mtc1 $zero, $f20",COP1,untested,No matching PCSX2 edge-input semantics test found
0x003C85D0,0x003C8968,mix dispatcher callee; indirect callbacks,0x003C8638,0xC6000000,lwc1,"lwc1 $f0, 0x0($s0)",COP1,untested,No matching PCSX2 edge-input semantics test found
0x003C85D0,0x003C8968,mix dispatcher callee; indirect callbacks,0x003C863C,0x46140032,c.eq.s,"c.eq.s $f0, $f20",COP1,tested,ps2_fpu_cop2_audit_tests.cpp
0x003C85D0,0x003C8968,mix dispatcher callee; indirect callbacks,0x003C867C,0x4480A000,mtc1,"mtc1 $zero, $f20",COP1,untested,No matching PCSX2 edge-input semantics test found
0x003C85D0,0x003C8968,mix dispatcher callee; indirect callbacks,0x003C8698,0xC6000000,lwc1,"lwc1 $f0, 0x0($s0)",COP1,untested,No matching PCSX2 edge-input semantics test found
0x003C85D0,0x003C8968,mix dispatcher callee; indirect callbacks,0x003C869C,0x46140032,c.eq.s,"c.eq.s $f0, $f20",COP1,tested,ps2_fpu_cop2_audit_tests.cpp
0x003C85D0,0x003C8968,mix dispatcher callee; indirect callbacks,0x003C8794,0xC440FFFC,lwc1,"lwc1 $f0, -0x4($v0)",COP1,untested,No matching PCSX2 edge-input semantics test found
0x003C85D0,0x003C8968,mix dispatcher callee; indirect callbacks,0x003C8798,0xE620003C,swc1,"swc1 $f0, 0x3C($s1)",COP1,untested,No matching PCSX2 edge-input semantics test found
0x003C85D0,0x003C8968,mix dispatcher callee; indirect callbacks,0x003C87A8,0x4480A000,mtc1,"mtc1 $zero, $f20",COP1,untested,No matching PCSX2 edge-input semantics test found
0x003C85D0,0x003C8968,mix dispatcher callee; indirect callbacks,0x003C87B8,0xC60C0000,lwc1,"lwc1 $f12, 0x0($s0)",COP1,untested,No matching PCSX2 edge-input semantics test found
0x003C85D0,0x003C8968,mix dispatcher callee; indirect callbacks,0x003C87BC,0x46146032,c.eq.s,"c.eq.s $f12, $f20",COP1,tested,ps2_fpu_cop2_audit_tests.cpp
0x003C85D0,0x003C8968,mix dispatcher callee; indirect callbacks,0x003C8800,0x4480A000,mtc1,"mtc1 $zero, $f20",COP1,untested,No matching PCSX2 edge-input semantics test found
0x003C85D0,0x003C8968,mix dispatcher callee; indirect callbacks,0x003C8830,0xC60C0000,lwc1,"lwc1 $f12, 0x0($s0)",COP1,untested,No matching PCSX2 edge-input semantics test found
0x003C85D0,0x003C8968,mix dispatcher callee; indirect callbacks,0x003C8834,0x46146032,c.eq.s,"c.eq.s $f12, $f20",COP1,tested,ps2_fpu_cop2_audit_tests.cpp
0x003C85D0,0x003C8968,mix dispatcher callee; indirect callbacks,0x003C8934,0x7BB000A0,lq,"lq $s0, 0xA0($sp)",EE 128-bit memory,untested,No EE LQ/SQ alignment edge test found
0x003C85D0,0x003C8968,mix dispatcher callee; indirect callbacks,0x003C8938,0x7BB10090,lq,"lq $s1, 0x90($sp)",EE 128-bit memory,untested,No EE LQ/SQ alignment edge test found
0x003C85D0,0x003C8968,mix dispatcher callee; indirect callbacks,0x003C893C,0x7BB20080,lq,"lq $s2, 0x80($sp)",EE 128-bit memory,untested,No EE LQ/SQ alignment edge test found
0x003C85D0,0x003C8968,mix dispatcher callee; indirect callbacks,0x003C8940,0x7BB30070,lq,"lq $s3, 0x70($sp)",EE 128-bit memory,untested,No EE LQ/SQ alignment edge test found
0x003C85D0,0x003C8968,mix dispatcher callee; indirect callbacks,0x003C8944,0x7BB40060,lq,"lq $s4, 0x60($sp)",EE 128-bit memory,untested,No EE LQ/SQ alignment edge test found
0x003C85D0,0x003C8968,mix dispatcher callee; indirect callbacks,0x003C8948,0x7BB50050,lq,"lq $s5, 0x50($sp)",EE 128-bit memory,untested,No EE LQ/SQ alignment edge test found
0x003C85D0,0x003C8968,mix dispatcher callee; indirect callbacks,0x003C894C,0x7BB60040,lq,"lq $s6, 0x40($sp)",EE 128-bit memory,untested,No EE LQ/SQ alignment edge test found
0x003C85D0,0x003C8968,mix dispatcher callee; indirect callbacks,0x003C8950,0x7BB70030,lq,"lq $s7, 0x30($sp)",EE 128-bit memory,untested,No EE LQ/SQ alignment edge test found
0x003C85D0,0x003C8968,mix dispatcher callee; indirect callbacks,0x003C8954,0x7BBE0020,lq,"lq $fp, 0x20($sp)",EE 128-bit memory,untested,No EE LQ/SQ alignment edge test found
0x003C85D0,0x003C8968,mix dispatcher callee; indirect callbacks,0x003C895C,0xC7B400B0,lwc1,"lwc1 $f20, 0xB0($sp)",COP1,untested,No matching PCSX2 edge-input semantics test found
0x003C9E50,0x003CA7A0,decoder upstream caller,0x003C9E54,0x7FB20010,sq,"sq $s2, 0x10($sp)",EE 128-bit memory,untested,No EE LQ/SQ alignment edge test found
0x003C9E50,0x003CA7A0,decoder upstream caller,0x003C9E58,0x7FB00030,sq,"sq $s0, 0x30($sp)",EE 128-bit memory,untested,No EE LQ/SQ alignment edge test found
0x003C9E50,0x003CA7A0,decoder upstream caller,0x003C9E60,0x7FB10020,sq,"sq $s1, 0x20($sp)",EE 128-bit memory,untested,No EE LQ/SQ alignment edge test found
0x003C9E50,0x003CA7A0,decoder upstream caller,0x003C9E98,0x7BB00030,lq,"lq $s0, 0x30($sp)",EE 128-bit memory,untested,No EE LQ/SQ alignment edge test found
0x003C9E50,0x003CA7A0,decoder upstream caller,0x003C9EC0,0x7BB00030,lq,"lq $s0, 0x30($sp)",EE 128-bit memory,untested,No EE LQ/SQ alignment edge test found
0x003C9E50,0x003CA7A0,decoder upstream caller,0x003C9EE0,0x71004588,pextlh,"pextlh $t0, $t0, $zero",MMI,untested,No PCSX2 edge-input semantics test found; codegen/decoder tests do not qualify
0x003C9E50,0x003CA7A0,decoder upstream caller,0x003C9EE4,0x71204D88,pextlh,"pextlh $t1, $t1, $zero",MMI,untested,No PCSX2 edge-input semantics test found; codegen/decoder tests do not qualify
0x003C9E50,0x003CA7A0,decoder upstream caller,0x003C9EE8,0x71405588,pextlh,"pextlh $t2, $t2, $zero",MMI,untested,No PCSX2 edge-input semantics test found; codegen/decoder tests do not qualify
0x003C9E50,0x003CA7A0,decoder upstream caller,0x003C9EEC,0x71605D88,pextlh,"pextlh $t3, $t3, $zero",MMI,untested,No PCSX2 edge-input semantics test found; codegen/decoder tests do not qualify
0x003C9E50,0x003CA7A0,decoder upstream caller,0x003C9EF0,0x7008443F,psraw,"psraw $t0, $t0, 16",MMI,untested,No PCSX2 edge-input semantics test found; codegen/decoder tests do not qualify
0x003C9E50,0x003CA7A0,decoder upstream caller,0x003C9EF4,0x70094C3F,psraw,"psraw $t1, $t1, 16",MMI,untested,No PCSX2 edge-input semantics test found; codegen/decoder tests do not qualify
0x003C9E50,0x003CA7A0,decoder upstream caller,0x003C9EF8,0x700A543F,psraw,"psraw $t2, $t2, 16",MMI,untested,No PCSX2 edge-input semantics test found; codegen/decoder tests do not qualify
0x003C9E50,0x003CA7A0,decoder upstream caller,0x003C9EFC,0x700B5C3F,psraw,"psraw $t3, $t3, 16",MMI,untested,No PCSX2 edge-input semantics test found; codegen/decoder tests do not qualify
0x003C9E50,0x003CA7A0,decoder upstream caller,0x003C9F00,0x48A80800,qmtc2.ni,"qmtc2.ni $t0, $vf1",COP2/VU0,untested,No matching PCSX2 edge-input semantics test found
0x003C9E50,0x003CA7A0,decoder upstream caller,0x003C9F04,0x48A91000,qmtc2.ni,"qmtc2.ni $t1, $vf2",COP2/VU0,untested,No matching PCSX2 edge-input semantics test found
0x003C9E50,0x003CA7A0,decoder upstream caller,0x003C9F08,0x48AA1800,qmtc2.ni,"qmtc2.ni $t2, $vf3",COP2/VU0,untested,No matching PCSX2 edge-input semantics test found
0x003C9E50,0x003CA7A0,decoder upstream caller,0x003C9F0C,0x48AB2000,qmtc2.ni,"qmtc2.ni $t3, $vf4",COP2/VU0,untested,No matching PCSX2 edge-input semantics test found
0x003C9E50,0x003CA7A0,decoder upstream caller,0x003C9F10,0x4BE1093C,vitof0.xyzw,"vitof0.xyzw $vf1, $vf1",COP2/VU0,tested,ps2_fpu_cop2_audit_tests.cpp
0x003C9E50,0x003CA7A0,decoder upstream caller,0x003C9F14,0x4BE2113C,vitof0.xyzw,"vitof0.xyzw $vf2, $vf2",COP2/VU0,tested,ps2_fpu_cop2_audit_tests.cpp
0x003C9E50,0x003CA7A0,decoder upstream caller,0x003C9F18,0x4BE3193C,vitof0.xyzw,"vitof0.xyzw $vf3, $vf3",COP2/VU0,tested,ps2_fpu_cop2_audit_tests.cpp
0x003C9E50,0x003CA7A0,decoder upstream caller,0x003C9F1C,0x4BE4213C,vitof0.xyzw,"vitof0.xyzw $vf4, $vf4",COP2/VU0,tested,ps2_fpu_cop2_audit_tests.cpp
0x003C9E50,0x003CA7A0,decoder upstream caller,0x003C9F20,0xF8C10000,sqc2,"sqc2 $vf1, 0x0($a2)",COP2/VU0,untested,No matching PCSX2 edge-input semantics test found
0x003C9E50,0x003CA7A0,decoder upstream caller,0x003C9F24,0xF8C20010,sqc2,"sqc2 $vf2, 0x10($a2)",COP2/VU0,untested,No matching PCSX2 edge-input semantics test found
0x003C9E50,0x003CA7A0,decoder upstream caller,0x003C9F2C,0xF8C30020,sqc2,"sqc2 $vf3, 0x20($a2)",COP2/VU0,untested,No matching PCSX2 edge-input semantics test found
0x003C9E50,0x003CA7A0,decoder upstream caller,0x003C9F34,0xF8C40030,sqc2,"sqc2 $vf4, 0x30($a2)",COP2/VU0,untested,No matching PCSX2 edge-input semantics test found
0x003C9E50,0x003CA7A0,decoder upstream caller,0x003C9F40,0x7BB00030,lq,"lq $s0, 0x30($sp)",EE 128-bit memory,untested,No EE LQ/SQ alignment edge test found
0x003C9E50,0x003CA7A0,decoder upstream caller,0x003C9F44,0x7BB10020,lq,"lq $s1, 0x20($sp)",EE 128-bit memory,untested,No EE LQ/SQ alignment edge test found
0x003C9E50,0x003CA7A0,decoder upstream caller,0x003C9F48,0x7BB20010,lq,"lq $s2, 0x10($sp)",EE 128-bit memory,untested,No EE LQ/SQ alignment edge test found
0x003C9E50,0x003CA7A0,decoder upstream caller,0x003C9F5C,0x7FB10030,sq,"sq $s1, 0x30($sp)",EE 128-bit memory,untested,No EE LQ/SQ alignment edge test found
0x003C9E50,0x003CA7A0,decoder upstream caller,0x003C9F60,0x7FB20020,sq,"sq $s2, 0x20($sp)",EE 128-bit memory,untested,No EE LQ/SQ alignment edge test found
0x003C9E50,0x003CA7A0,decoder upstream caller,0x003C9F68,0x7FB00040,sq,"sq $s0, 0x40($sp)",EE 128-bit memory,untested,No EE LQ/SQ alignment edge test found
0x003C9E50,0x003CA7A0,decoder upstream caller,0x003C9FE0,0x7BB00040,lq,"lq $s0, 0x40($sp)",EE 128-bit memory,untested,No EE LQ/SQ alignment edge test found
0x003C9E50,0x003CA7A0,decoder upstream caller,0x003C9FE4,0x7BB10030,lq,"lq $s1, 0x30($sp)",EE 128-bit memory,untested,No EE LQ/SQ alignment edge test found
0x003C9E50,0x003CA7A0,decoder upstream caller,0x003C9FE8,0x7BB20020,lq,"lq $s2, 0x20($sp)",EE 128-bit memory,untested,No EE LQ/SQ alignment edge test found
0x003C9E50,0x003CA7A0,decoder upstream caller,0x003CA030,0x7FB00020,sq,"sq $s0, 0x20($sp)",EE 128-bit memory,untested,No EE LQ/SQ alignment edge test found
0x003C9E50,0x003CA7A0,decoder upstream caller,0x003CA038,0x7FB10010,sq,"sq $s1, 0x10($sp)",EE 128-bit memory,untested,No EE LQ/SQ alignment edge test found
0x003C9E50,0x003CA7A0,decoder upstream caller,0x003CA0A4,0x7BB00020,lq,"lq $s0, 0x20($sp)",EE 128-bit memory,untested,No EE LQ/SQ alignment edge test found
0x003C9E50,0x003CA7A0,decoder upstream caller,0x003CA0A8,0x7BB10010,lq,"lq $s1, 0x10($sp)",EE 128-bit memory,untested,No EE LQ/SQ alignment edge test found
0x003C9E50,0x003CA7A0,decoder upstream caller,0x003CA0BC,0x7FB00110,sq,"sq $s0, 0x110($sp)",EE 128-bit memory,untested,No EE LQ/SQ alignment edge test found
0x003C9E50,0x003CA7A0,decoder upstream caller,0x003CA0C0,0x7FB10100,sq,"sq $s1, 0x100($sp)",EE 128-bit memory,untested,No EE LQ/SQ alignment edge test found
0x003C9E50,0x003CA7A0,decoder upstream caller,0x003CA0C8,0x7FB400D0,sq,"sq $s4, 0xD0($sp)",EE 128-bit memory,untested,No EE LQ/SQ alignment edge test found
0x003C9E50,0x003CA7A0,decoder upstream caller,0x003CA0D0,0x7FB200F0,sq,"sq $s2, 0xF0($sp)",EE 128-bit memory,untested,No EE LQ/SQ alignment edge test found
0x003C9E50,0x003CA7A0,decoder upstream caller,0x003CA0D8,0x7FB300E0,sq,"sq $s3, 0xE0($sp)",EE 128-bit memory,untested,No EE LQ/SQ alignment edge test found
0x003C9E50,0x003CA7A0,decoder upstream caller,0x003CA0DC,0x7FB500C0,sq,"sq $s5, 0xC0($sp)",EE 128-bit memory,untested,No EE LQ/SQ alignment edge test found
0x003C9E50,0x003CA7A0,decoder upstream caller,0x003CA1DC,0xC601004C,lwc1,"lwc1 $f1, 0x4C($s0)",COP1,untested,No matching PCSX2 edge-input semantics test found
0x003C9E50,0x003CA7A0,decoder upstream caller,0x003CA218,0xC7A00000,lwc1,"lwc1 $f0, 0x0($sp)",COP1,untested,No matching PCSX2 edge-input semantics test found
0x003C9E50,0x003CA7A0,decoder upstream caller,0x003CA21C,0xC7A10004,lwc1,"lwc1 $f1, 0x4($sp)",COP1,untested,No matching PCSX2 edge-input semantics test found
0x003C9E50,0x003CA7A0,decoder upstream caller,0x003CA220,0xE600004C,swc1,"swc1 $f0, 0x4C($s0)",COP1,untested,No matching PCSX2 edge-input semantics test found
0x003C9E50,0x003CA7A0,decoder upstream caller,0x003CA228,0xE6010050,swc1,"swc1 $f1, 0x50($s0)",COP1,untested,No matching PCSX2 edge-input semantics test found
0x003C9E50,0x003CA7A0,decoder upstream caller,0x003CA264,0xC6000050,lwc1,"lwc1 $f0, 0x50($s0)",COP1,untested,No matching PCSX2 edge-input semantics test found
0x003C9E50,0x003CA7A0,decoder upstream caller,0x003CA26C,0xE7A10000,swc1,"swc1 $f1, 0x0($sp)",COP1,untested,No matching PCSX2 edge-input semantics test found
0x003C9E50,0x003CA7A0,decoder upstream caller,0x003CA274,0xE7A00004,swc1,"swc1 $f0, 0x4($sp)",COP1,untested,No matching PCSX2 edge-input semantics test found
0x003C9E50,0x003CA7A0,decoder upstream caller,0x003CA330,0x7BB00110,lq,"lq $s0, 0x110($sp)",EE 128-bit memory,untested,No EE LQ/SQ alignment edge test found
0x003C9E50,0x003CA7A0,decoder upstream caller,0x003CA334,0x7BB10100,lq,"lq $s1, 0x100($sp)",EE 128-bit memory,untested,No EE LQ/SQ alignment edge test found
0x003C9E50,0x003CA7A0,decoder upstream caller,0x003CA338,0x7BB200F0,lq,"lq $s2, 0xF0($sp)",EE 128-bit memory,untested,No EE LQ/SQ alignment edge test found
0x003C9E50,0x003CA7A0,decoder upstream caller,0x003CA33C,0x7BB300E0,lq,"lq $s3, 0xE0($sp)",EE 128-bit memory,untested,No EE LQ/SQ alignment edge test found
0x003C9E50,0x003CA7A0,decoder upstream caller,0x003CA340,0x7BB400D0,lq,"lq $s4, 0xD0($sp)",EE 128-bit memory,untested,No EE LQ/SQ alignment edge test found
0x003C9E50,0x003CA7A0,decoder upstream caller,0x003CA344,0x7BB500C0,lq,"lq $s5, 0xC0($sp)",EE 128-bit memory,untested,No EE LQ/SQ alignment edge test found
0x003C9E50,0x003CA7A0,decoder upstream caller,0x003CA390,0x7FB00020,sq,"sq $s0, 0x20($sp)",EE 128-bit memory,untested,No EE LQ/SQ alignment edge test found
0x003C9E50,0x003CA7A0,decoder upstream caller,0x003CA398,0x7FB10010,sq,"sq $s1, 0x10($sp)",EE 128-bit memory,untested,No EE LQ/SQ alignment edge test found
0x003C9E50,0x003CA7A0,decoder upstream caller,0x003CA44C,0x7BB00020,lq,"lq $s0, 0x20($sp)",EE 128-bit memory,untested,No EE LQ/SQ alignment edge test found
0x003C9E50,0x003CA7A0,decoder upstream caller,0x003CA450,0x7BB10010,lq,"lq $s1, 0x10($sp)",EE 128-bit memory,untested,No EE LQ/SQ alignment edge test found
0x003C9E50,0x003CA7A0,decoder upstream caller,0x003CA464,0x7FB00070,sq,"sq $s0, 0x70($sp)",EE 128-bit memory,untested,No EE LQ/SQ alignment edge test found
0x003C9E50,0x003CA7A0,decoder upstream caller,0x003CA468,0x7FB10060,sq,"sq $s1, 0x60($sp)",EE 128-bit memory,untested,No EE LQ/SQ alignment edge test found
0x003C9E50,0x003CA7A0,decoder upstream caller,0x003CA470,0x7FB20050,sq,"sq $s2, 0x50($sp)",EE 128-bit memory,untested,No EE LQ/SQ alignment edge test found
0x003C9E50,0x003CA7A0,decoder upstream caller,0x003CA478,0x7FB30040,sq,"sq $s3, 0x40($sp)",EE 128-bit memory,untested,No EE LQ/SQ alignment edge test found
0x003C9E50,0x003CA7A0,decoder upstream caller,0x003CA480,0x7FB40030,sq,"sq $s4, 0x30($sp)",EE 128-bit memory,untested,No EE LQ/SQ alignment edge test found
0x003C9E50,0x003CA7A0,decoder upstream caller,0x003CA540,0x44820000,mtc1,"mtc1 $v0, $f0",COP1,untested,No matching PCSX2 edge-input semantics test found
0x003C9E50,0x003CA7A0,decoder upstream caller,0x003CA544,0x46800020,cvt.s.w,"cvt.s.w $f0, $f0",COP1,tested,ps2_fpu_cop2_audit_tests.cpp
0x003C9E50,0x003CA7A0,decoder upstream caller,0x003CA548,0xE7A00000,swc1,"swc1 $f0, 0x0($sp)",COP1,untested,No matching PCSX2 edge-input semantics test found
0x003C9E50,0x003CA7A0,decoder upstream caller,0x003CA550,0x44820000,mtc1,"mtc1 $v0, $f0",COP1,untested,No matching PCSX2 edge-input semantics test found
0x003C9E50,0x003CA7A0,decoder upstream caller,0x003CA554,0x46800020,cvt.s.w,"cvt.s.w $f0, $f0",COP1,tested,ps2_fpu_cop2_audit_tests.cpp
0x003C9E50,0x003CA7A0,decoder upstream caller,0x003CA55C,0xE7A00004,swc1,"swc1 $f0, 0x4($sp)",COP1,untested,No matching PCSX2 edge-input semantics test found
0x003C9E50,0x003CA7A0,decoder upstream caller,0x003CA5C8,0x7BB00070,lq,"lq $s0, 0x70($sp)",EE 128-bit memory,untested,No EE LQ/SQ alignment edge test found
0x003C9E50,0x003CA7A0,decoder upstream caller,0x003CA5CC,0x7BB10060,lq,"lq $s1, 0x60($sp)",EE 128-bit memory,untested,No EE LQ/SQ alignment edge test found
0x003C9E50,0x003CA7A0,decoder upstream caller,0x003CA5D0,0x7BB20050,lq,"lq $s2, 0x50($sp)",EE 128-bit memory,untested,No EE LQ/SQ alignment edge test found
0x003C9E50,0x003CA7A0,decoder upstream caller,0x003CA5D4,0x7BB30040,lq,"lq $s3, 0x40($sp)",EE 128-bit memory,untested,No EE LQ/SQ alignment edge test found
0x003C9E50,0x003CA7A0,decoder upstream caller,0x003CA5D8,0x7BB40030,lq,"lq $s4, 0x30($sp)",EE 128-bit memory,untested,No EE LQ/SQ alignment edge test found
0x003C9E50,0x003CA7A0,decoder upstream caller,0x003CA618,0x7FB00020,sq,"sq $s0, 0x20($sp)",EE 128-bit memory,untested,No EE LQ/SQ alignment edge test found
0x003C9E50,0x003CA7A0,decoder upstream caller,0x003CA624,0x7FB10010,sq,"sq $s1, 0x10($sp)",EE 128-bit memory,untested,No EE LQ/SQ alignment edge test found
0x003C9E50,0x003CA7A0,decoder upstream caller,0x003CA690,0x7BB00020,lq,"lq $s0, 0x20($sp)",EE 128-bit memory,untested,No EE LQ/SQ alignment edge test found
0x003C9E50,0x003CA7A0,decoder upstream caller,0x003CA694,0x7BB10010,lq,"lq $s1, 0x10($sp)",EE 128-bit memory,untested,No EE LQ/SQ alignment edge test found
0x003C9E50,0x003CA7A0,decoder upstream caller,0x003CA6AC,0x7FB00030,sq,"sq $s0, 0x30($sp)",EE 128-bit memory,untested,No EE LQ/SQ alignment edge test found
0x003C9E50,0x003CA7A0,decoder upstream caller,0x003CA6B0,0x7FB10020,sq,"sq $s1, 0x20($sp)",EE 128-bit memory,untested,No EE LQ/SQ alignment edge test found
0x003C9E50,0x003CA7A0,decoder upstream caller,0x003CA6B8,0x7FB20010,sq,"sq $s2, 0x10($sp)",EE 128-bit memory,untested,No EE LQ/SQ alignment edge test found
0x003C9E50,0x003CA7A0,decoder upstream caller,0x003CA6EC,0x7BB00030,lq,"lq $s0, 0x30($sp)",EE 128-bit memory,untested,No EE LQ/SQ alignment edge test found
0x003C9E50,0x003CA7A0,decoder upstream caller,0x003CA704,0x48A80800,qmtc2.ni,"qmtc2.ni $t0, $vf1",COP2/VU0,untested,No matching PCSX2 edge-input semantics test found
0x003C9E50,0x003CA7A0,decoder upstream caller,0x003CA708,0x48A91000,qmtc2.ni,"qmtc2.ni $t1, $vf2",COP2/VU0,untested,No matching PCSX2 edge-input semantics test found
0x003C9E50,0x003CA7A0,decoder upstream caller,0x003CA70C,0x4BE1093C,vitof0.xyzw,"vitof0.xyzw $vf1, $vf1",COP2/VU0,tested,ps2_fpu_cop2_audit_tests.cpp
0x003C9E50,0x003CA7A0,decoder upstream caller,0x003CA710,0x4BE2113C,vitof0.xyzw,"vitof0.xyzw $vf2, $vf2",COP2/VU0,tested,ps2_fpu_cop2_audit_tests.cpp
0x003C9E50,0x003CA7A0,decoder upstream caller,0x003CA714,0xD8A30000,lqc2,"lqc2 $vf3, 0x0($a1)",COP2/VU0,untested,No matching PCSX2 edge-input semantics test found
0x003C9E50,0x003CA7A0,decoder upstream caller,0x003CA718,0xD8A40010,lqc2,"lqc2 $vf4, 0x10($a1)",COP2/VU0,untested,No matching PCSX2 edge-input semantics test found
0x003C9E50,0x003CA7A0,decoder upstream caller,0x003CA71C,0xD8A50020,lqc2,"lqc2 $vf5, 0x20($a1)",COP2/VU0,untested,No matching PCSX2 edge-input semantics test found
0x003C9E50,0x003CA7A0,decoder upstream caller,0x003CA720,0xD8A60030,lqc2,"lqc2 $vf6, 0x30($a1)",COP2/VU0,untested,No matching PCSX2 edge-input semantics test found
0x003C9E50,0x003CA7A0,decoder upstream caller,0x003CA724,0x4BE118D0,vmaxx.xyzw,"vmaxx.xyzw $vf3, $vf3, $vf1x",COP2/VU0,untested,No matching PCSX2 edge-input semantics test found
0x003C9E50,0x003CA7A0,decoder upstream caller,0x003CA728,0x4BE12110,vmaxx.xyzw,"vmaxx.xyzw $vf4, $vf4, $vf1x",COP2/VU0,untested,No matching PCSX2 edge-input semantics test found
0x003C9E50,0x003CA7A0,decoder upstream caller,0x003CA72C,0x4BE12950,vmaxx.xyzw,"vmaxx.xyzw $vf5, $vf5, $vf1x",COP2/VU0,untested,No matching PCSX2 edge-input semantics test found
0x003C9E50,0x003CA7A0,decoder upstream caller,0x003CA730,0x4BE13190,vmaxx.xyzw,"vmaxx.xyzw $vf6, $vf6, $vf1x",COP2/VU0,untested,No matching PCSX2 edge-input semantics test found
0x003C9E50,0x003CA7A0,decoder upstream caller,0x003CA734,0x4BE218D4,vminix.xyzw,"vminix.xyzw $vf3, $vf3, $vf2x",COP2/VU0,untested,No matching PCSX2 edge-input semantics test found
0x003C9E50,0x003CA7A0,decoder upstream caller,0x003CA738,0x4BE22114,vminix.xyzw,"vminix.xyzw $vf4, $vf4, $vf2x",COP2/VU0,untested,No matching PCSX2 edge-input semantics test found
0x003C9E50,0x003CA7A0,decoder upstream caller,0x003CA73C,0x4BE22954,vminix.xyzw,"vminix.xyzw $vf5, $vf5, $vf2x",COP2/VU0,untested,No matching PCSX2 edge-input semantics test found
0x003C9E50,0x003CA7A0,decoder upstream caller,0x003CA740,0x4BE23194,vminix.xyzw,"vminix.xyzw $vf6, $vf6, $vf2x",COP2/VU0,untested,No matching PCSX2 edge-input semantics test found
0x003C9E50,0x003CA7A0,decoder upstream caller,0x003CA744,0x4BE3197C,vftoi0.xyzw,"vftoi0.xyzw $vf3, $vf3",COP2/VU0,tested,ps2_fpu_cop2_audit_tests.cpp
0x003C9E50,0x003CA7A0,decoder upstream caller,0x003CA748,0x4BE4217C,vftoi0.xyzw,"vftoi0.xyzw $vf4, $vf4",COP2/VU0,tested,ps2_fpu_cop2_audit_tests.cpp
0x003C9E50,0x003CA7A0,decoder upstream caller,0x003CA74C,0x4BE5297C,vftoi0.xyzw,"vftoi0.xyzw $vf5, $vf5",COP2/VU0,tested,ps2_fpu_cop2_audit_tests.cpp
0x003C9E50,0x003CA7A0,decoder upstream caller,0x003CA750,0x4BE6317C,vftoi0.xyzw,"vftoi0.xyzw $vf6, $vf6",COP2/VU0,tested,ps2_fpu_cop2_audit_tests.cpp
0x003C9E50,0x003CA7A0,decoder upstream caller,0x003CA75C,0x48271800,qmfc2.ni,"qmfc2.ni $a3, $vf3",COP2/VU0,untested,No matching PCSX2 edge-input semantics test found
0x003C9E50,0x003CA7A0,decoder upstream caller,0x003CA760,0x48282000,qmfc2.ni,"qmfc2.ni $t0, $vf4",COP2/VU0,untested,No matching PCSX2 edge-input semantics test found
0x003C9E50,0x003CA7A0,decoder upstream caller,0x003CA764,0x48292800,qmfc2.ni,"qmfc2.ni $t1, $vf5",COP2/VU0,untested,No matching PCSX2 edge-input semantics test found
0x003C9E50,0x003CA7A0,decoder upstream caller,0x003CA768,0x482A3000,qmfc2.ni,"qmfc2.ni $t2, $vf6",COP2/VU0,untested,No matching PCSX2 edge-input semantics test found
0x003C9E50,0x003CA7A0,decoder upstream caller,0x003CA76C,0x71073DC8,ppach,"ppach $a3, $t0, $a3",MMI,untested,No PCSX2 edge-input semantics test found; codegen/decoder tests do not qualify
0x003C9E50,0x003CA7A0,decoder upstream caller,0x003CA770,0x71494DC8,ppach,"ppach $t1, $t2, $t1",MMI,untested,No PCSX2 edge-input semantics test found; codegen/decoder tests do not qualify
0x003C9E50,0x003CA7A0,decoder upstream caller,0x003CA774,0x7CC70000,sq,"sq $a3, 0x0($a2)",EE 128-bit memory,untested,No EE LQ/SQ alignment edge test found
0x003C9E50,0x003CA7A0,decoder upstream caller,0x003CA778,0x7CC90010,sq,"sq $t1, 0x10($a2)",EE 128-bit memory,untested,No EE LQ/SQ alignment edge test found
0x003C9E50,0x003CA7A0,decoder upstream caller,0x003CA788,0x7BB00030,lq,"lq $s0, 0x30($sp)",EE 128-bit memory,untested,No EE LQ/SQ alignment edge test found
0x003C9E50,0x003CA7A0,decoder upstream caller,0x003CA78C,0x7BB10020,lq,"lq $s1, 0x20($sp)",EE 128-bit memory,untested,No EE LQ/SQ alignment edge test found
0x003C9E50,0x003CA7A0,decoder upstream caller,0x003CA790,0x7BB20010,lq,"lq $s2, 0x10($sp)",EE 128-bit memory,untested,No EE LQ/SQ alignment edge test found
0x003CCF90,0x003CD138,XA decoder direct caller,0x003CCF94,0x7FB00050,sq,"sq $s0, 0x50($sp)",EE 128-bit memory,untested,No EE LQ/SQ alignment edge test found
0x003CCF90,0x003CD138,XA decoder direct caller,0x003CCF98,0x7FB30020,sq,"sq $s3, 0x20($sp)",EE 128-bit memory,untested,No EE LQ/SQ alignment edge test found
0x003CCF90,0x003CD138,XA decoder direct caller,0x003CCFA0,0x7FB10040,sq,"sq $s1, 0x40($sp)",EE 128-bit memory,untested,No EE LQ/SQ alignment edge test found
0x003CCF90,0x003CD138,XA decoder direct caller,0x003CCFA8,0x7FB20030,sq,"sq $s2, 0x30($sp)",EE 128-bit memory,untested,No EE LQ/SQ alignment edge test found
0x003CCF90,0x003CD138,XA decoder direct caller,0x003CCFAC,0x7FB40010,sq,"sq $s4, 0x10($sp)",EE 128-bit memory,untested,No EE LQ/SQ alignment edge test found
0x003CCF90,0x003CD138,XA decoder direct caller,0x003CD004,0xC4400000,lwc1,"lwc1 $f0, 0x0($v0)",COP1,untested,No matching PCSX2 edge-input semantics test found
0x003CCF90,0x003CD138,XA decoder direct caller,0x003CD008,0xE4600000,swc1,"swc1 $f0, 0x0($v1)",COP1,untested,No matching PCSX2 edge-input semantics test found
0x003CCF90,0x003CD138,XA decoder direct caller,0x003CD0F4,0xC4400000,lwc1,"lwc1 $f0, 0x0($v0)",COP1,untested,No matching PCSX2 edge-input semantics test found
0x003CCF90,0x003CD138,XA decoder direct caller,0x003CD0F8,0xE4A00000,swc1,"swc1 $f0, 0x0($a1)",COP1,untested,No matching PCSX2 edge-input semantics test found
0x003CCF90,0x003CD138,XA decoder direct caller,0x003CD118,0x7BB00050,lq,"lq $s0, 0x50($sp)",EE 128-bit memory,untested,No EE LQ/SQ alignment edge test found
0x003CCF90,0x003CD138,XA decoder direct caller,0x003CD11C,0x7BB10040,lq,"lq $s1, 0x40($sp)",EE 128-bit memory,untested,No EE LQ/SQ alignment edge test found
0x003CCF90,0x003CD138,XA decoder direct caller,0x003CD120,0x7BB20030,lq,"lq $s2, 0x30($sp)",EE 128-bit memory,untested,No EE LQ/SQ alignment edge test found
0x003CCF90,0x003CD138,XA decoder direct caller,0x003CD124,0x7BB30020,lq,"lq $s3, 0x20($sp)",EE 128-bit memory,untested,No EE LQ/SQ alignment edge test found
0x003CCF90,0x003CD138,XA decoder direct caller,0x003CD128,0x7BB40010,lq,"lq $s4, 0x10($sp)",EE 128-bit memory,untested,No EE LQ/SQ alignment edge test found
0x003CCA08,0x003CCEF0,XA decoder,0x003CCA28,0xC48A0004,lwc1,"lwc1 $f10, 0x4($a0)",COP1,untested,No matching PCSX2 edge-input semantics test found
0x003CCA08,0x003CCEF0,XA decoder,0x003CCA2C,0xC48B0008,lwc1,"lwc1 $f11, 0x8($a0)",COP1,untested,No matching PCSX2 edge-input semantics test found
0x003CCA08,0x003CCEF0,XA decoder,0x003CCAB0,0xC48A0004,lwc1,"lwc1 $f10, 0x4($a0)",COP1,untested,No matching PCSX2 edge-input semantics test found
0x003CCA08,0x003CCEF0,XA decoder,0x003CCAB4,0xC48B0008,lwc1,"lwc1 $f11, 0x8($a0)",COP1,untested,No matching PCSX2 edge-input semantics test found
0x003CCA08,0x003CCEF0,XA decoder,0x003CCAD8,0xC5400000,lwc1,"lwc1 $f0, 0x0($t2)",COP1,untested,No matching PCSX2 edge-input semantics test found
0x003CCA08,0x003CCEF0,XA decoder,0x003CCADC,0xC5410010,lwc1,"lwc1 $f1, 0x10($t2)",COP1,untested,No matching PCSX2 edge-input semantics test found
0x003CCA08,0x003CCEF0,XA decoder,0x003CCB00,0x448C1000,mtc1,"mtc1 $t4, $f2",COP1,untested,No matching PCSX2 edge-input semantics test found
0x003CCA08,0x003CCEF0,XA decoder,0x003CCB04,0x448B1800,mtc1,"mtc1 $t3, $f3",COP1,untested,No matching PCSX2 edge-input semantics test found
0x003CCA08,0x003CCEF0,XA decoder,0x003CCB08,0x468010A0,cvt.s.w,"cvt.s.w $f2, $f2",COP1,tested,ps2_fpu_cop2_audit_tests.cpp
0x003CCA08,0x003CCEF0,XA decoder,0x003CCB0C,0x468018E0,cvt.s.w,"cvt.s.w $f3, $f3",COP1,tested,ps2_fpu_cop2_audit_tests.cpp
0x003CCA08,0x003CCEF0,XA decoder,0x003CCB10,0x4480F800,mtc1,"mtc1 $zero, $f31",COP1,untested,No matching PCSX2 edge-input semantics test found
0x003CCA08,0x003CCEF0,XA decoder,0x003CCB14,0x461F1018,adda.s,"adda.s $f2, $f31",COP1,untested,No matching PCSX2 edge-input semantics test found
0x003CCA08,0x003CCEF0,XA decoder,0x003CCB18,0x4600501E,madda.s,"madda.s $f10, $f0",COP1,tested,ps2_fpu_cop2_audit_tests.cpp
0x003CCA08,0x003CCEF0,XA decoder,0x003CCB1C,0x46015ADC,madd.s,"madd.s $f11, $f11, $f1",COP1,tested,ps2_fpu_cop2_audit_tests.cpp
0x003CCA08,0x003CCEF0,XA decoder,0x003CCB34,0xE50B0000,swc1,"swc1 $f11, 0x0($t0)",COP1,untested,No matching PCSX2 edge-input semantics test found
0x003CCA08,0x003CCEF0,XA decoder,0x003CCB38,0x461F1818,adda.s,"adda.s $f3, $f31",COP1,untested,No matching PCSX2 edge-input semantics test found
0x003CCA08,0x003CCEF0,XA decoder,0x003CCB3C,0x4600581E,madda.s,"madda.s $f11, $f0",COP1,tested,ps2_fpu_cop2_audit_tests.cpp
0x003CCA08,0x003CCEF0,XA decoder,0x003CCB40,0x4601529C,madd.s,"madd.s $f10, $f10, $f1",COP1,tested,ps2_fpu_cop2_audit_tests.cpp
0x003CCA08,0x003CCEF0,XA decoder,0x003CCB44,0x448C2000,mtc1,"mtc1 $t4, $f4",COP1,untested,No matching PCSX2 edge-input semantics test found
0x003CCA08,0x003CCEF0,XA decoder,0x003CCB48,0x448B2800,mtc1,"mtc1 $t3, $f5",COP1,untested,No matching PCSX2 edge-input semantics test found
0x003CCA08,0x003CCEF0,XA decoder,0x003CCB4C,0x46802120,cvt.s.w,"cvt.s.w $f4, $f4",COP1,tested,ps2_fpu_cop2_audit_tests.cpp
0x003CCA08,0x003CCEF0,XA decoder,0x003CCB50,0x46802960,cvt.s.w,"cvt.s.w $f5, $f5",COP1,tested,ps2_fpu_cop2_audit_tests.cpp
0x003CCA08,0x003CCEF0,XA decoder,0x003CCB54,0xE50A0004,swc1,"swc1 $f10, 0x4($t0)",COP1,untested,No matching PCSX2 edge-input semantics test found
0x003CCA08,0x003CCEF0,XA decoder,0x003CCB58,0x461F2018,adda.s,"adda.s $f4, $f31",COP1,untested,No matching PCSX2 edge-input semantics test found
0x003CCA08,0x003CCEF0,XA decoder,0x003CCB5C,0x4600501E,madda.s,"madda.s $f10, $f0",COP1,tested,ps2_fpu_cop2_audit_tests.cpp
0x003CCA08,0x003CCEF0,XA decoder,0x003CCB60,0x46015ADC,madd.s,"madd.s $f11, $f11, $f1",COP1,tested,ps2_fpu_cop2_audit_tests.cpp
0x003CCA08,0x003CCEF0,XA decoder,0x003CCB78,0xE50B0008,swc1,"swc1 $f11, 0x8($t0)",COP1,untested,No matching PCSX2 edge-input semantics test found
0x003CCA08,0x003CCEF0,XA decoder,0x003CCB7C,0x461F2818,adda.s,"adda.s $f5, $f31",COP1,untested,No matching PCSX2 edge-input semantics test found
0x003CCA08,0x003CCEF0,XA decoder,0x003CCB80,0x4600581E,madda.s,"madda.s $f11, $f0",COP1,tested,ps2_fpu_cop2_audit_tests.cpp
0x003CCA08,0x003CCEF0,XA decoder,0x003CCB84,0x4601529C,madd.s,"madd.s $f10, $f10, $f1",COP1,tested,ps2_fpu_cop2_audit_tests.cpp
0x003CCA08,0x003CCEF0,XA decoder,0x003CCB88,0x448C1000,mtc1,"mtc1 $t4, $f2",COP1,untested,No matching PCSX2 edge-input semantics test found
0x003CCA08,0x003CCEF0,XA decoder,0x003CCB8C,0x448B1800,mtc1,"mtc1 $t3, $f3",COP1,untested,No matching PCSX2 edge-input semantics test found
0x003CCA08,0x003CCEF0,XA decoder,0x003CCB90,0x468010A0,cvt.s.w,"cvt.s.w $f2, $f2",COP1,tested,ps2_fpu_cop2_audit_tests.cpp
0x003CCA08,0x003CCEF0,XA decoder,0x003CCB94,0x468018E0,cvt.s.w,"cvt.s.w $f3, $f3",COP1,tested,ps2_fpu_cop2_audit_tests.cpp
0x003CCA08,0x003CCEF0,XA decoder,0x003CCB98,0xE50A000C,swc1,"swc1 $f10, 0xC($t0)",COP1,untested,No matching PCSX2 edge-input semantics test found
0x003CCA08,0x003CCEF0,XA decoder,0x003CCB9C,0x461F1018,adda.s,"adda.s $f2, $f31",COP1,untested,No matching PCSX2 edge-input semantics test found
0x003CCA08,0x003CCEF0,XA decoder,0x003CCBA0,0x4600501E,madda.s,"madda.s $f10, $f0",COP1,tested,ps2_fpu_cop2_audit_tests.cpp
0x003CCA08,0x003CCEF0,XA decoder,0x003CCBA4,0x46015ADC,madd.s,"madd.s $f11, $f11, $f1",COP1,tested,ps2_fpu_cop2_audit_tests.cpp
0x003CCA08,0x003CCEF0,XA decoder,0x003CCBBC,0xE50B0010,swc1,"swc1 $f11, 0x10($t0)",COP1,untested,No matching PCSX2 edge-input semantics test found
0x003CCA08,0x003CCEF0,XA decoder,0x003CCBC0,0x461F1818,adda.s,"adda.s $f3, $f31",COP1,untested,No matching PCSX2 edge-input semantics test found
0x003CCA08,0x003CCEF0,XA decoder,0x003CCBC4,0x4600581E,madda.s,"madda.s $f11, $f0",COP1,tested,ps2_fpu_cop2_audit_tests.cpp
0x003CCA08,0x003CCEF0,XA decoder,0x003CCBC8,0x4601529C,madd.s,"madd.s $f10, $f10, $f1",COP1,tested,ps2_fpu_cop2_audit_tests.cpp
0x003CCA08,0x003CCEF0,XA decoder,0x003CCBCC,0x448C2000,mtc1,"mtc1 $t4, $f4",COP1,untested,No matching PCSX2 edge-input semantics test found
0x003CCA08,0x003CCEF0,XA decoder,0x003CCBD0,0x448B2800,mtc1,"mtc1 $t3, $f5",COP1,untested,No matching PCSX2 edge-input semantics test found
0x003CCA08,0x003CCEF0,XA decoder,0x003CCBD4,0x46802120,cvt.s.w,"cvt.s.w $f4, $f4",COP1,tested,ps2_fpu_cop2_audit_tests.cpp
0x003CCA08,0x003CCEF0,XA decoder,0x003CCBD8,0x46802960,cvt.s.w,"cvt.s.w $f5, $f5",COP1,tested,ps2_fpu_cop2_audit_tests.cpp
0x003CCA08,0x003CCEF0,XA decoder,0x003CCBDC,0xE50A0014,swc1,"swc1 $f10, 0x14($t0)",COP1,untested,No matching PCSX2 edge-input semantics test found
0x003CCA08,0x003CCEF0,XA decoder,0x003CCBE0,0x461F2018,adda.s,"adda.s $f4, $f31",COP1,untested,No matching PCSX2 edge-input semantics test found
0x003CCA08,0x003CCEF0,XA decoder,0x003CCBE4,0x4600501E,madda.s,"madda.s $f10, $f0",COP1,tested,ps2_fpu_cop2_audit_tests.cpp
0x003CCA08,0x003CCEF0,XA decoder,0x003CCBE8,0x46015ADC,madd.s,"madd.s $f11, $f11, $f1",COP1,tested,ps2_fpu_cop2_audit_tests.cpp
0x003CCA08,0x003CCEF0,XA decoder,0x003CCC00,0xE50B0018,swc1,"swc1 $f11, 0x18($t0)",COP1,untested,No matching PCSX2 edge-input semantics test found
0x003CCA08,0x003CCEF0,XA decoder,0x003CCC04,0x461F2818,adda.s,"adda.s $f5, $f31",COP1,untested,No matching PCSX2 edge-input semantics test found
0x003CCA08,0x003CCEF0,XA decoder,0x003CCC08,0x4600581E,madda.s,"madda.s $f11, $f0",COP1,tested,ps2_fpu_cop2_audit_tests.cpp
0x003CCA08,0x003CCEF0,XA decoder,0x003CCC0C,0x4601529C,madd.s,"madd.s $f10, $f10, $f1",COP1,tested,ps2_fpu_cop2_audit_tests.cpp
0x003CCA08,0x003CCEF0,XA decoder,0x003CCC10,0x448C1000,mtc1,"mtc1 $t4, $f2",COP1,untested,No matching PCSX2 edge-input semantics test found
0x003CCA08,0x003CCEF0,XA decoder,0x003CCC14,0x448B1800,mtc1,"mtc1 $t3, $f3",COP1,untested,No matching PCSX2 edge-input semantics test found
0x003CCA08,0x003CCEF0,XA decoder,0x003CCC18,0x468010A0,cvt.s.w,"cvt.s.w $f2, $f2",COP1,tested,ps2_fpu_cop2_audit_tests.cpp
0x003CCA08,0x003CCEF0,XA decoder,0x003CCC1C,0x468018E0,cvt.s.w,"cvt.s.w $f3, $f3",COP1,tested,ps2_fpu_cop2_audit_tests.cpp
0x003CCA08,0x003CCEF0,XA decoder,0x003CCC20,0xE50A001C,swc1,"swc1 $f10, 0x1C($t0)",COP1,untested,No matching PCSX2 edge-input semantics test found
0x003CCA08,0x003CCEF0,XA decoder,0x003CCC24,0x461F1018,adda.s,"adda.s $f2, $f31",COP1,untested,No matching PCSX2 edge-input semantics test found
0x003CCA08,0x003CCEF0,XA decoder,0x003CCC28,0x4600501E,madda.s,"madda.s $f10, $f0",COP1,tested,ps2_fpu_cop2_audit_tests.cpp
0x003CCA08,0x003CCEF0,XA decoder,0x003CCC2C,0x46015ADC,madd.s,"madd.s $f11, $f11, $f1",COP1,tested,ps2_fpu_cop2_audit_tests.cpp
0x003CCA08,0x003CCEF0,XA decoder,0x003CCC44,0xE50B0020,swc1,"swc1 $f11, 0x20($t0)",COP1,untested,No matching PCSX2 edge-input semantics test found
0x003CCA08,0x003CCEF0,XA decoder,0x003CCC48,0x461F1818,adda.s,"adda.s $f3, $f31",COP1,untested,No matching PCSX2 edge-input semantics test found
0x003CCA08,0x003CCEF0,XA decoder,0x003CCC4C,0x4600581E,madda.s,"madda.s $f11, $f0",COP1,tested,ps2_fpu_cop2_audit_tests.cpp
0x003CCA08,0x003CCEF0,XA decoder,0x003CCC50,0x4601529C,madd.s,"madd.s $f10, $f10, $f1",COP1,tested,ps2_fpu_cop2_audit_tests.cpp
0x003CCA08,0x003CCEF0,XA decoder,0x003CCC54,0x448C2000,mtc1,"mtc1 $t4, $f4",COP1,untested,No matching PCSX2 edge-input semantics test found
0x003CCA08,0x003CCEF0,XA decoder,0x003CCC58,0x448B2800,mtc1,"mtc1 $t3, $f5",COP1,untested,No matching PCSX2 edge-input semantics test found
0x003CCA08,0x003CCEF0,XA decoder,0x003CCC5C,0x46802120,cvt.s.w,"cvt.s.w $f4, $f4",COP1,tested,ps2_fpu_cop2_audit_tests.cpp
0x003CCA08,0x003CCEF0,XA decoder,0x003CCC60,0x46802960,cvt.s.w,"cvt.s.w $f5, $f5",COP1,tested,ps2_fpu_cop2_audit_tests.cpp
0x003CCA08,0x003CCEF0,XA decoder,0x003CCC64,0xE50A0024,swc1,"swc1 $f10, 0x24($t0)",COP1,untested,No matching PCSX2 edge-input semantics test found
0x003CCA08,0x003CCEF0,XA decoder,0x003CCC68,0x461F2018,adda.s,"adda.s $f4, $f31",COP1,untested,No matching PCSX2 edge-input semantics test found
0x003CCA08,0x003CCEF0,XA decoder,0x003CCC6C,0x4600501E,madda.s,"madda.s $f10, $f0",COP1,tested,ps2_fpu_cop2_audit_tests.cpp
0x003CCA08,0x003CCEF0,XA decoder,0x003CCC70,0x46015ADC,madd.s,"madd.s $f11, $f11, $f1",COP1,tested,ps2_fpu_cop2_audit_tests.cpp
0x003CCA08,0x003CCEF0,XA decoder,0x003CCC88,0xE50B0028,swc1,"swc1 $f11, 0x28($t0)",COP1,untested,No matching PCSX2 edge-input semantics test found
0x003CCA08,0x003CCEF0,XA decoder,0x003CCC8C,0x461F2818,adda.s,"adda.s $f5, $f31",COP1,untested,No matching PCSX2 edge-input semantics test found
0x003CCA08,0x003CCEF0,XA decoder,0x003CCC90,0x4600581E,madda.s,"madda.s $f11, $f0",COP1,tested,ps2_fpu_cop2_audit_tests.cpp
0x003CCA08,0x003CCEF0,XA decoder,0x003CCC94,0x4601529C,madd.s,"madd.s $f10, $f10, $f1",COP1,tested,ps2_fpu_cop2_audit_tests.cpp
0x003CCA08,0x003CCEF0,XA decoder,0x003CCC98,0x448C1000,mtc1,"mtc1 $t4, $f2",COP1,untested,No matching PCSX2 edge-input semantics test found
0x003CCA08,0x003CCEF0,XA decoder,0x003CCC9C,0x448B1800,mtc1,"mtc1 $t3, $f3",COP1,untested,No matching PCSX2 edge-input semantics test found
0x003CCA08,0x003CCEF0,XA decoder,0x003CCCA0,0x468010A0,cvt.s.w,"cvt.s.w $f2, $f2",COP1,tested,ps2_fpu_cop2_audit_tests.cpp
0x003CCA08,0x003CCEF0,XA decoder,0x003CCCA4,0x468018E0,cvt.s.w,"cvt.s.w $f3, $f3",COP1,tested,ps2_fpu_cop2_audit_tests.cpp
0x003CCA08,0x003CCEF0,XA decoder,0x003CCCA8,0xE50A002C,swc1,"swc1 $f10, 0x2C($t0)",COP1,untested,No matching PCSX2 edge-input semantics test found
0x003CCA08,0x003CCEF0,XA decoder,0x003CCCAC,0x461F1018,adda.s,"adda.s $f2, $f31",COP1,untested,No matching PCSX2 edge-input semantics test found
0x003CCA08,0x003CCEF0,XA decoder,0x003CCCB0,0x4600501E,madda.s,"madda.s $f10, $f0",COP1,tested,ps2_fpu_cop2_audit_tests.cpp
0x003CCA08,0x003CCEF0,XA decoder,0x003CCCB4,0x46015ADC,madd.s,"madd.s $f11, $f11, $f1",COP1,tested,ps2_fpu_cop2_audit_tests.cpp
0x003CCA08,0x003CCEF0,XA decoder,0x003CCCCC,0xE50B0030,swc1,"swc1 $f11, 0x30($t0)",COP1,untested,No matching PCSX2 edge-input semantics test found
0x003CCA08,0x003CCEF0,XA decoder,0x003CCCD0,0x461F1818,adda.s,"adda.s $f3, $f31",COP1,untested,No matching PCSX2 edge-input semantics test found
0x003CCA08,0x003CCEF0,XA decoder,0x003CCCD4,0x4600581E,madda.s,"madda.s $f11, $f0",COP1,tested,ps2_fpu_cop2_audit_tests.cpp
0x003CCA08,0x003CCEF0,XA decoder,0x003CCCD8,0x4601529C,madd.s,"madd.s $f10, $f10, $f1",COP1,tested,ps2_fpu_cop2_audit_tests.cpp
0x003CCA08,0x003CCEF0,XA decoder,0x003CCCDC,0x448C2000,mtc1,"mtc1 $t4, $f4",COP1,untested,No matching PCSX2 edge-input semantics test found
0x003CCA08,0x003CCEF0,XA decoder,0x003CCCE0,0x448B2800,mtc1,"mtc1 $t3, $f5",COP1,untested,No matching PCSX2 edge-input semantics test found
0x003CCA08,0x003CCEF0,XA decoder,0x003CCCE4,0x46802120,cvt.s.w,"cvt.s.w $f4, $f4",COP1,tested,ps2_fpu_cop2_audit_tests.cpp
0x003CCA08,0x003CCEF0,XA decoder,0x003CCCE8,0x46802960,cvt.s.w,"cvt.s.w $f5, $f5",COP1,tested,ps2_fpu_cop2_audit_tests.cpp
0x003CCA08,0x003CCEF0,XA decoder,0x003CCCEC,0xE50A0034,swc1,"swc1 $f10, 0x34($t0)",COP1,untested,No matching PCSX2 edge-input semantics test found
0x003CCA08,0x003CCEF0,XA decoder,0x003CCCF0,0x461F2018,adda.s,"adda.s $f4, $f31",COP1,untested,No matching PCSX2 edge-input semantics test found
0x003CCA08,0x003CCEF0,XA decoder,0x003CCCF4,0x4600501E,madda.s,"madda.s $f10, $f0",COP1,tested,ps2_fpu_cop2_audit_tests.cpp
0x003CCA08,0x003CCEF0,XA decoder,0x003CCCF8,0x46015ADC,madd.s,"madd.s $f11, $f11, $f1",COP1,tested,ps2_fpu_cop2_audit_tests.cpp
0x003CCA08,0x003CCEF0,XA decoder,0x003CCD10,0xE50B0038,swc1,"swc1 $f11, 0x38($t0)",COP1,untested,No matching PCSX2 edge-input semantics test found
0x003CCA08,0x003CCEF0,XA decoder,0x003CCD14,0x461F2818,adda.s,"adda.s $f5, $f31",COP1,untested,No matching PCSX2 edge-input semantics test found
0x003CCA08,0x003CCEF0,XA decoder,0x003CCD18,0x4600581E,madda.s,"madda.s $f11, $f0",COP1,tested,ps2_fpu_cop2_audit_tests.cpp
0x003CCA08,0x003CCEF0,XA decoder,0x003CCD1C,0x4601529C,madd.s,"madd.s $f10, $f10, $f1",COP1,tested,ps2_fpu_cop2_audit_tests.cpp
0x003CCA08,0x003CCEF0,XA decoder,0x003CCD20,0x448C1000,mtc1,"mtc1 $t4, $f2",COP1,untested,No matching PCSX2 edge-input semantics test found
0x003CCA08,0x003CCEF0,XA decoder,0x003CCD24,0x448B1800,mtc1,"mtc1 $t3, $f3",COP1,untested,No matching PCSX2 edge-input semantics test found
0x003CCA08,0x003CCEF0,XA decoder,0x003CCD28,0x468010A0,cvt.s.w,"cvt.s.w $f2, $f2",COP1,tested,ps2_fpu_cop2_audit_tests.cpp
0x003CCA08,0x003CCEF0,XA decoder,0x003CCD2C,0x468018E0,cvt.s.w,"cvt.s.w $f3, $f3",COP1,tested,ps2_fpu_cop2_audit_tests.cpp
0x003CCA08,0x003CCEF0,XA decoder,0x003CCD30,0xE50A003C,swc1,"swc1 $f10, 0x3C($t0)",COP1,untested,No matching PCSX2 edge-input semantics test found
0x003CCA08,0x003CCEF0,XA decoder,0x003CCD34,0x461F1018,adda.s,"adda.s $f2, $f31",COP1,untested,No matching PCSX2 edge-input semantics test found
0x003CCA08,0x003CCEF0,XA decoder,0x003CCD38,0x4600501E,madda.s,"madda.s $f10, $f0",COP1,tested,ps2_fpu_cop2_audit_tests.cpp
0x003CCA08,0x003CCEF0,XA decoder,0x003CCD3C,0x46015ADC,madd.s,"madd.s $f11, $f11, $f1",COP1,tested,ps2_fpu_cop2_audit_tests.cpp
0x003CCA08,0x003CCEF0,XA decoder,0x003CCD54,0xE50B0040,swc1,"swc1 $f11, 0x40($t0)",COP1,untested,No matching PCSX2 edge-input semantics test found
0x003CCA08,0x003CCEF0,XA decoder,0x003CCD58,0x461F1818,adda.s,"adda.s $f3, $f31",COP1,untested,No matching PCSX2 edge-input semantics test found
0x003CCA08,0x003CCEF0,XA decoder,0x003CCD5C,0x4600581E,madda.s,"madda.s $f11, $f0",COP1,tested,ps2_fpu_cop2_audit_tests.cpp
0x003CCA08,0x003CCEF0,XA decoder,0x003CCD60,0x4601529C,madd.s,"madd.s $f10, $f10, $f1",COP1,tested,ps2_fpu_cop2_audit_tests.cpp
0x003CCA08,0x003CCEF0,XA decoder,0x003CCD64,0x448C2000,mtc1,"mtc1 $t4, $f4",COP1,untested,No matching PCSX2 edge-input semantics test found
0x003CCA08,0x003CCEF0,XA decoder,0x003CCD68,0x448B2800,mtc1,"mtc1 $t3, $f5",COP1,untested,No matching PCSX2 edge-input semantics test found
0x003CCA08,0x003CCEF0,XA decoder,0x003CCD6C,0x46802120,cvt.s.w,"cvt.s.w $f4, $f4",COP1,tested,ps2_fpu_cop2_audit_tests.cpp
0x003CCA08,0x003CCEF0,XA decoder,0x003CCD70,0x46802960,cvt.s.w,"cvt.s.w $f5, $f5",COP1,tested,ps2_fpu_cop2_audit_tests.cpp
0x003CCA08,0x003CCEF0,XA decoder,0x003CCD74,0xE50A0044,swc1,"swc1 $f10, 0x44($t0)",COP1,untested,No matching PCSX2 edge-input semantics test found
0x003CCA08,0x003CCEF0,XA decoder,0x003CCD78,0x461F2018,adda.s,"adda.s $f4, $f31",COP1,untested,No matching PCSX2 edge-input semantics test found
0x003CCA08,0x003CCEF0,XA decoder,0x003CCD7C,0x4600501E,madda.s,"madda.s $f10, $f0",COP1,tested,ps2_fpu_cop2_audit_tests.cpp
0x003CCA08,0x003CCEF0,XA decoder,0x003CCD80,0x46015ADC,madd.s,"madd.s $f11, $f11, $f1",COP1,tested,ps2_fpu_cop2_audit_tests.cpp
0x003CCA08,0x003CCEF0,XA decoder,0x003CCD98,0xE50B0048,swc1,"swc1 $f11, 0x48($t0)",COP1,untested,No matching PCSX2 edge-input semantics test found
0x003CCA08,0x003CCEF0,XA decoder,0x003CCD9C,0x461F2818,adda.s,"adda.s $f5, $f31",COP1,untested,No matching PCSX2 edge-input semantics test found
0x003CCA08,0x003CCEF0,XA decoder,0x003CCDA0,0x4600581E,madda.s,"madda.s $f11, $f0",COP1,tested,ps2_fpu_cop2_audit_tests.cpp
0x003CCA08,0x003CCEF0,XA decoder,0x003CCDA4,0x4601529C,madd.s,"madd.s $f10, $f10, $f1",COP1,tested,ps2_fpu_cop2_audit_tests.cpp
0x003CCA08,0x003CCEF0,XA decoder,0x003CCDA8,0x448C1000,mtc1,"mtc1 $t4, $f2",COP1,untested,No matching PCSX2 edge-input semantics test found
0x003CCA08,0x003CCEF0,XA decoder,0x003CCDAC,0x448B1800,mtc1,"mtc1 $t3, $f3",COP1,untested,No matching PCSX2 edge-input semantics test found
0x003CCA08,0x003CCEF0,XA decoder,0x003CCDB0,0x468010A0,cvt.s.w,"cvt.s.w $f2, $f2",COP1,tested,ps2_fpu_cop2_audit_tests.cpp
0x003CCA08,0x003CCEF0,XA decoder,0x003CCDB4,0x468018E0,cvt.s.w,"cvt.s.w $f3, $f3",COP1,tested,ps2_fpu_cop2_audit_tests.cpp
0x003CCA08,0x003CCEF0,XA decoder,0x003CCDB8,0xE50A004C,swc1,"swc1 $f10, 0x4C($t0)",COP1,untested,No matching PCSX2 edge-input semantics test found
0x003CCA08,0x003CCEF0,XA decoder,0x003CCDBC,0x461F1018,adda.s,"adda.s $f2, $f31",COP1,untested,No matching PCSX2 edge-input semantics test found
0x003CCA08,0x003CCEF0,XA decoder,0x003CCDC0,0x4600501E,madda.s,"madda.s $f10, $f0",COP1,tested,ps2_fpu_cop2_audit_tests.cpp
0x003CCA08,0x003CCEF0,XA decoder,0x003CCDC4,0x46015ADC,madd.s,"madd.s $f11, $f11, $f1",COP1,tested,ps2_fpu_cop2_audit_tests.cpp
0x003CCA08,0x003CCEF0,XA decoder,0x003CCDDC,0xE50B0050,swc1,"swc1 $f11, 0x50($t0)",COP1,untested,No matching PCSX2 edge-input semantics test found
0x003CCA08,0x003CCEF0,XA decoder,0x003CCDE0,0x461F1818,adda.s,"adda.s $f3, $f31",COP1,untested,No matching PCSX2 edge-input semantics test found
0x003CCA08,0x003CCEF0,XA decoder,0x003CCDE4,0x4600581E,madda.s,"madda.s $f11, $f0",COP1,tested,ps2_fpu_cop2_audit_tests.cpp
0x003CCA08,0x003CCEF0,XA decoder,0x003CCDE8,0x4601529C,madd.s,"madd.s $f10, $f10, $f1",COP1,tested,ps2_fpu_cop2_audit_tests.cpp
0x003CCA08,0x003CCEF0,XA decoder,0x003CCDEC,0x448C2000,mtc1,"mtc1 $t4, $f4",COP1,untested,No matching PCSX2 edge-input semantics test found
0x003CCA08,0x003CCEF0,XA decoder,0x003CCDF0,0x448B2800,mtc1,"mtc1 $t3, $f5",COP1,untested,No matching PCSX2 edge-input semantics test found
0x003CCA08,0x003CCEF0,XA decoder,0x003CCDF4,0x46802120,cvt.s.w,"cvt.s.w $f4, $f4",COP1,tested,ps2_fpu_cop2_audit_tests.cpp
0x003CCA08,0x003CCEF0,XA decoder,0x003CCDF8,0x46802960,cvt.s.w,"cvt.s.w $f5, $f5",COP1,tested,ps2_fpu_cop2_audit_tests.cpp
0x003CCA08,0x003CCEF0,XA decoder,0x003CCDFC,0xE50A0054,swc1,"swc1 $f10, 0x54($t0)",COP1,untested,No matching PCSX2 edge-input semantics test found
0x003CCA08,0x003CCEF0,XA decoder,0x003CCE00,0x461F2018,adda.s,"adda.s $f4, $f31",COP1,untested,No matching PCSX2 edge-input semantics test found
0x003CCA08,0x003CCEF0,XA decoder,0x003CCE04,0x4600501E,madda.s,"madda.s $f10, $f0",COP1,tested,ps2_fpu_cop2_audit_tests.cpp
0x003CCA08,0x003CCEF0,XA decoder,0x003CCE08,0x46015ADC,madd.s,"madd.s $f11, $f11, $f1",COP1,tested,ps2_fpu_cop2_audit_tests.cpp
0x003CCA08,0x003CCEF0,XA decoder,0x003CCE20,0xE50B0058,swc1,"swc1 $f11, 0x58($t0)",COP1,untested,No matching PCSX2 edge-input semantics test found
0x003CCA08,0x003CCEF0,XA decoder,0x003CCE24,0x461F2818,adda.s,"adda.s $f5, $f31",COP1,untested,No matching PCSX2 edge-input semantics test found
0x003CCA08,0x003CCEF0,XA decoder,0x003CCE28,0x4600581E,madda.s,"madda.s $f11, $f0",COP1,tested,ps2_fpu_cop2_audit_tests.cpp
0x003CCA08,0x003CCEF0,XA decoder,0x003CCE2C,0x4601529C,madd.s,"madd.s $f10, $f10, $f1",COP1,tested,ps2_fpu_cop2_audit_tests.cpp
0x003CCA08,0x003CCEF0,XA decoder,0x003CCE30,0x448C1000,mtc1,"mtc1 $t4, $f2",COP1,untested,No matching PCSX2 edge-input semantics test found
0x003CCA08,0x003CCEF0,XA decoder,0x003CCE34,0x448B1800,mtc1,"mtc1 $t3, $f3",COP1,untested,No matching PCSX2 edge-input semantics test found
0x003CCA08,0x003CCEF0,XA decoder,0x003CCE38,0x468010A0,cvt.s.w,"cvt.s.w $f2, $f2",COP1,tested,ps2_fpu_cop2_audit_tests.cpp
0x003CCA08,0x003CCEF0,XA decoder,0x003CCE3C,0x468018E0,cvt.s.w,"cvt.s.w $f3, $f3",COP1,tested,ps2_fpu_cop2_audit_tests.cpp
0x003CCA08,0x003CCEF0,XA decoder,0x003CCE40,0xE50A005C,swc1,"swc1 $f10, 0x5C($t0)",COP1,untested,No matching PCSX2 edge-input semantics test found
0x003CCA08,0x003CCEF0,XA decoder,0x003CCE44,0x461F1018,adda.s,"adda.s $f2, $f31",COP1,untested,No matching PCSX2 edge-input semantics test found
0x003CCA08,0x003CCEF0,XA decoder,0x003CCE48,0x4600501E,madda.s,"madda.s $f10, $f0",COP1,tested,ps2_fpu_cop2_audit_tests.cpp
0x003CCA08,0x003CCEF0,XA decoder,0x003CCE4C,0x46015ADC,madd.s,"madd.s $f11, $f11, $f1",COP1,tested,ps2_fpu_cop2_audit_tests.cpp
0x003CCA08,0x003CCEF0,XA decoder,0x003CCE64,0xE50B0060,swc1,"swc1 $f11, 0x60($t0)",COP1,untested,No matching PCSX2 edge-input semantics test found
0x003CCA08,0x003CCEF0,XA decoder,0x003CCE68,0x461F1818,adda.s,"adda.s $f3, $f31",COP1,untested,No matching PCSX2 edge-input semantics test found
0x003CCA08,0x003CCEF0,XA decoder,0x003CCE6C,0x4600581E,madda.s,"madda.s $f11, $f0",COP1,tested,ps2_fpu_cop2_audit_tests.cpp
0x003CCA08,0x003CCEF0,XA decoder,0x003CCE70,0x4601529C,madd.s,"madd.s $f10, $f10, $f1",COP1,tested,ps2_fpu_cop2_audit_tests.cpp
0x003CCA08,0x003CCEF0,XA decoder,0x003CCE74,0x448C2000,mtc1,"mtc1 $t4, $f4",COP1,untested,No matching PCSX2 edge-input semantics test found
0x003CCA08,0x003CCEF0,XA decoder,0x003CCE78,0x448B2800,mtc1,"mtc1 $t3, $f5",COP1,untested,No matching PCSX2 edge-input semantics test found
0x003CCA08,0x003CCEF0,XA decoder,0x003CCE7C,0x46802120,cvt.s.w,"cvt.s.w $f4, $f4",COP1,tested,ps2_fpu_cop2_audit_tests.cpp
0x003CCA08,0x003CCEF0,XA decoder,0x003CCE80,0x46802960,cvt.s.w,"cvt.s.w $f5, $f5",COP1,tested,ps2_fpu_cop2_audit_tests.cpp
0x003CCA08,0x003CCEF0,XA decoder,0x003CCE84,0xE50A0064,swc1,"swc1 $f10, 0x64($t0)",COP1,untested,No matching PCSX2 edge-input semantics test found
0x003CCA08,0x003CCEF0,XA decoder,0x003CCE88,0x461F2018,adda.s,"adda.s $f4, $f31",COP1,untested,No matching PCSX2 edge-input semantics test found
0x003CCA08,0x003CCEF0,XA decoder,0x003CCE8C,0x4600501E,madda.s,"madda.s $f10, $f0",COP1,tested,ps2_fpu_cop2_audit_tests.cpp
0x003CCA08,0x003CCEF0,XA decoder,0x003CCE90,0x46015ADC,madd.s,"madd.s $f11, $f11, $f1",COP1,tested,ps2_fpu_cop2_audit_tests.cpp
0x003CCA08,0x003CCEF0,XA decoder,0x003CCE94,0xE50B0068,swc1,"swc1 $f11, 0x68($t0)",COP1,untested,No matching PCSX2 edge-input semantics test found
0x003CCA08,0x003CCEF0,XA decoder,0x003CCE98,0x461F2818,adda.s,"adda.s $f5, $f31",COP1,untested,No matching PCSX2 edge-input semantics test found
0x003CCA08,0x003CCEF0,XA decoder,0x003CCE9C,0x4600581E,madda.s,"madda.s $f11, $f0",COP1,tested,ps2_fpu_cop2_audit_tests.cpp
0x003CCA08,0x003CCEF0,XA decoder,0x003CCEA0,0x4601529C,madd.s,"madd.s $f10, $f10, $f1",COP1,tested,ps2_fpu_cop2_audit_tests.cpp
0x003CCA08,0x003CCEF0,XA decoder,0x003CCEA4,0xE50A006C,swc1,"swc1 $f10, 0x6C($t0)",COP1,untested,No matching PCSX2 edge-input semantics test found
0x003CCA08,0x003CCEF0,XA decoder,0x003CCEB0,0xE48A0004,swc1,"swc1 $f10, 0x4($a0)",COP1,untested,No matching PCSX2 edge-input semantics test found
0x003CCA08,0x003CCEF0,XA decoder,0x003CCEB4,0xE48B0008,swc1,"swc1 $f11, 0x8($a0)",COP1,untested,No matching PCSX2 edge-input semantics test found
0x003CCA08,0x003CCEF0,XA decoder,0x003CCECC,0xE48A0004,swc1,"swc1 $f10, 0x4($a0)",COP1,untested,No matching PCSX2 edge-input semantics test found
0x003CCA08,0x003CCEF0,XA decoder,0x003CCED0,0xE48B0008,swc1,"swc1 $f11, 0x8($a0)",COP1,untested,No matching PCSX2 edge-input semantics test found
0x003CCA08,0x003CCEF0,XA decoder,0x003CCEDC,0x7BBF0000,lq,"lq $ra, 0x0($sp)",EE 128-bit memory,untested,No EE LQ/SQ alignment edge test found
0x003CB538,0x003CBB28,voice path candidate; PINTEH,0x003CB558,0x7FB000D0,sq,"sq $s0, 0xD0($sp)",EE 128-bit memory,untested,No EE LQ/SQ alignment edge test found
0x003CB538,0x003CBB28,voice path candidate; PINTEH,0x003CB55C,0x7FB100C0,sq,"sq $s1, 0xC0($sp)",EE 128-bit memory,untested,No EE LQ/SQ alignment edge test found
0x003CB538,0x003CBB28,voice path candidate; PINTEH,0x003CB564,0x7FB200B0,sq,"sq $s2, 0xB0($sp)",EE 128-bit memory,untested,No EE LQ/SQ alignment edge test found
0x003CB538,0x003CBB28,voice path candidate; PINTEH,0x003CB568,0x7FB300A0,sq,"sq $s3, 0xA0($sp)",EE 128-bit memory,untested,No EE LQ/SQ alignment edge test found
0x003CB538,0x003CBB28,voice path candidate; PINTEH,0x003CB56C,0x7FB40090,sq,"sq $s4, 0x90($sp)",EE 128-bit memory,untested,No EE LQ/SQ alignment edge test found
0x003CB538,0x003CBB28,voice path candidate; PINTEH,0x003CB570,0x7FB50080,sq,"sq $s5, 0x80($sp)",EE 128-bit memory,untested,No EE LQ/SQ alignment edge test found
0x003CB538,0x003CBB28,voice path candidate; PINTEH,0x003CB574,0x7FB60070,sq,"sq $s6, 0x70($sp)",EE 128-bit memory,untested,No EE LQ/SQ alignment edge test found
0x003CB538,0x003CBB28,voice path candidate; PINTEH,0x003CB578,0x7FB70060,sq,"sq $s7, 0x60($sp)",EE 128-bit memory,untested,No EE LQ/SQ alignment edge test found
0x003CB538,0x003CBB28,voice path candidate; PINTEH,0x003CB57C,0x7FBE0050,sq,"sq $fp, 0x50($sp)",EE 128-bit memory,untested,No EE LQ/SQ alignment edge test found
0x003CB538,0x003CBB28,voice path candidate; PINTEH,0x003CB5FC,0xC4400000,lwc1,"lwc1 $f0, 0x0($v0)",COP1,untested,No matching PCSX2 edge-input semantics test found
0x003CB538,0x003CBB28,voice path candidate; PINTEH,0x003CB600,0xE7200000,swc1,"swc1 $f0, 0x0($t9)",COP1,untested,No matching PCSX2 edge-input semantics test found
0x003CB538,0x003CBB28,voice path candidate; PINTEH,0x003CB6C8,0xC4E10000,lwc1,"lwc1 $f1, 0x0($a3)",COP1,untested,No matching PCSX2 edge-input semantics test found
0x003CB538,0x003CBB28,voice path candidate; PINTEH,0x003CB6D4,0xE4A10028,swc1,"swc1 $f1, 0x28($a1)",COP1,untested,No matching PCSX2 edge-input semantics test found
0x003CB538,0x003CBB28,voice path candidate; PINTEH,0x003CB6D8,0xC4E00004,lwc1,"lwc1 $f0, 0x4($a3)",COP1,untested,No matching PCSX2 edge-input semantics test found
0x003CB538,0x003CBB28,voice path candidate; PINTEH,0x003CB6DC,0xE4A0002C,swc1,"swc1 $f0, 0x2C($a1)",COP1,untested,No matching PCSX2 edge-input semantics test found
0x003CB538,0x003CBB28,voice path candidate; PINTEH,0x003CB6E0,0xC4E10008,lwc1,"lwc1 $f1, 0x8($a3)",COP1,untested,No matching PCSX2 edge-input semantics test found
0x003CB538,0x003CBB28,voice path candidate; PINTEH,0x003CB6E4,0xE4A10030,swc1,"swc1 $f1, 0x30($a1)",COP1,untested,No matching PCSX2 edge-input semantics test found
0x003CB538,0x003CBB28,voice path candidate; PINTEH,0x003CB6E8,0xC4E0000C,lwc1,"lwc1 $f0, 0xC($a3)",COP1,untested,No matching PCSX2 edge-input semantics test found
0x003CB538,0x003CBB28,voice path candidate; PINTEH,0x003CB6F0,0xE4A00034,swc1,"swc1 $f0, 0x34($a1)",COP1,untested,No matching PCSX2 edge-input semantics test found
0x003CB538,0x003CBB28,voice path candidate; PINTEH,0x003CB764,0xC4800028,lwc1,"lwc1 $f0, 0x28($a0)",COP1,untested,No matching PCSX2 edge-input semantics test found
0x003CB538,0x003CBB28,voice path candidate; PINTEH,0x003CB768,0xE7200000,swc1,"swc1 $f0, 0x0($t9)",COP1,untested,No matching PCSX2 edge-input semantics test found
0x003CB538,0x003CBB28,voice path candidate; PINTEH,0x003CB76C,0xC481002C,lwc1,"lwc1 $f1, 0x2C($a0)",COP1,untested,No matching PCSX2 edge-input semantics test found
0x003CB538,0x003CBB28,voice path candidate; PINTEH,0x003CB770,0xE7210004,swc1,"swc1 $f1, 0x4($t9)",COP1,untested,No matching PCSX2 edge-input semantics test found
0x003CB538,0x003CBB28,voice path candidate; PINTEH,0x003CB774,0xC4800030,lwc1,"lwc1 $f0, 0x30($a0)",COP1,untested,No matching PCSX2 edge-input semantics test found
0x003CB538,0x003CBB28,voice path candidate; PINTEH,0x003CB778,0xE7200008,swc1,"swc1 $f0, 0x8($t9)",COP1,untested,No matching PCSX2 edge-input semantics test found
0x003CB538,0x003CBB28,voice path candidate; PINTEH,0x003CB77C,0xC4810034,lwc1,"lwc1 $f1, 0x34($a0)",COP1,untested,No matching PCSX2 edge-input semantics test found
0x003CB538,0x003CBB28,voice path candidate; PINTEH,0x003CB780,0xE721000C,swc1,"swc1 $f1, 0xC($t9)",COP1,untested,No matching PCSX2 edge-input semantics test found
0x003CB538,0x003CBB28,voice path candidate; PINTEH,0x003CB850,0x71084488,pextlw,"pextlw $t0, $t0, $t0",MMI,untested,No PCSX2 edge-input semantics test found; codegen/decoder tests do not qualify
0x003CB538,0x003CBB28,voice path candidate; PINTEH,0x003CB854,0x71084488,pextlw,"pextlw $t0, $t0, $t0",MMI,untested,No PCSX2 edge-input semantics test found; codegen/decoder tests do not qualify
0x003CB538,0x003CBB28,voice path candidate; PINTEH,0x003CB860,0x71604C88,pextlw,"pextlw $t1, $t3, $zero",MMI,untested,No PCSX2 edge-input semantics test found; codegen/decoder tests do not qualify
0x003CB538,0x003CBB28,voice path candidate; PINTEH,0x003CB864,0x718A7488,pextlw,"pextlw $t6, $t4, $t2",MMI,untested,No PCSX2 edge-input semantics test found; codegen/decoder tests do not qualify
0x003CB538,0x003CBB28,voice path candidate; PINTEH,0x003CB868,0x71C94C88,pextlw,"pextlw $t1, $t6, $t1",MMI,untested,No PCSX2 edge-input semantics test found; codegen/decoder tests do not qualify
0x003CB538,0x003CBB28,voice path candidate; PINTEH,0x003CB86C,0x71285008,paddw,"paddw $t2, $t1, $t0",MMI,untested,No PCSX2 edge-input semantics test found; codegen/decoder tests do not qualify
0x003CB538,0x003CBB28,voice path candidate; PINTEH,0x003CB870,0x71485808,paddw,"paddw $t3, $t2, $t0",MMI,untested,No PCSX2 edge-input semantics test found; codegen/decoder tests do not qualify
0x003CB538,0x003CBB28,voice path candidate; PINTEH,0x003CB874,0x71686008,paddw,"paddw $t4, $t3, $t0",MMI,untested,No PCSX2 edge-input semantics test found; codegen/decoder tests do not qualify
0x003CB538,0x003CBB28,voice path candidate; PINTEH,0x003CB878,0x700840BC,psllw,"psllw $t0, $t0, 2",MMI,untested,No PCSX2 edge-input semantics test found; codegen/decoder tests do not qualify
0x003CB538,0x003CBB28,voice path candidate; PINTEH,0x003CB880,0x71AD6C88,pextlw,"pextlw $t5, $t5, $t5",MMI,untested,No PCSX2 edge-input semantics test found; codegen/decoder tests do not qualify
0x003CB538,0x003CBB28,voice path candidate; PINTEH,0x003CB884,0x71AD6C88,pextlw,"pextlw $t5, $t5, $t5",MMI,untested,No PCSX2 edge-input semantics test found; codegen/decoder tests do not qualify
0x003CB538,0x003CBB28,voice path candidate; PINTEH,0x003CB88C,0x48AE0800,qmtc2.ni,"qmtc2.ni $t6, $vf1",COP2/VU0,untested,No matching PCSX2 edge-input semantics test found
0x003CB538,0x003CBB28,voice path candidate; PINTEH,0x003CB89C,0x71A97008,paddw,"paddw $t6, $t5, $t1",MMI,untested,No PCSX2 edge-input semantics test found; codegen/decoder tests do not qualify
0x003CB538,0x003CBB28,voice path candidate; PINTEH,0x003CB8A0,0x71AA7808,paddw,"paddw $t7, $t5, $t2",MMI,untested,No PCSX2 edge-input semantics test found; codegen/decoder tests do not qualify
0x003CB538,0x003CBB28,voice path candidate; PINTEH,0x003CB8A4,0x71AB8008,paddw,"paddw $s0, $t5, $t3",MMI,untested,No PCSX2 edge-input semantics test found; codegen/decoder tests do not qualify
0x003CB538,0x003CBB28,voice path candidate; PINTEH,0x003CB8A8,0x71AC8808,paddw,"paddw $s1, $t5, $t4",MMI,untested,No PCSX2 edge-input semantics test found; codegen/decoder tests do not qualify
0x003CB538,0x003CBB28,voice path candidate; PINTEH,0x003CB8AC,0x71A86808,paddw,"paddw $t5, $t5, $t0",MMI,untested,No PCSX2 edge-input semantics test found; codegen/decoder tests do not qualify
0x003CB538,0x003CBB28,voice path candidate; PINTEH,0x003CB8B0,0x700E92A9,pinteh,"pinteh $s2, $zero, $t6",MMI,untested,No PCSX2 edge-input semantics test found; codegen/decoder tests do not qualify
0x003CB538,0x003CBB28,voice path candidate; PINTEH,0x003CB8B4,0x700F9AA9,pinteh,"pinteh $s3, $zero, $t7",MMI,untested,No PCSX2 edge-input semantics test found; codegen/decoder tests do not qualify
0x003CB538,0x003CBB28,voice path candidate; PINTEH,0x003CB8B8,0x7010A2A9,pinteh,"pinteh $s4, $zero, $s0",MMI,untested,No PCSX2 edge-input semantics test found; codegen/decoder tests do not qualify
0x003CB538,0x003CBB28,voice path candidate; PINTEH,0x003CB8BC,0x7011AAA9,pinteh,"pinteh $s5, $zero, $s1",MMI,untested,No PCSX2 edge-input semantics test found; codegen/decoder tests do not qualify
0x003CB538,0x003CBB28,voice path candidate; PINTEH,0x003CB8C0,0x48B21000,qmtc2.ni,"qmtc2.ni $s2, $vf2",COP2/VU0,untested,No matching PCSX2 edge-input semantics test found
0x003CB538,0x003CBB28,voice path candidate; PINTEH,0x003CB8C4,0x48B31800,qmtc2.ni,"qmtc2.ni $s3, $vf3",COP2/VU0,untested,No matching PCSX2 edge-input semantics test found
0x003CB538,0x003CBB28,voice path candidate; PINTEH,0x003CB8C8,0x48B42000,qmtc2.ni,"qmtc2.ni $s4, $vf4",COP2/VU0,untested,No matching PCSX2 edge-input semantics test found
0x003CB538,0x003CBB28,voice path candidate; PINTEH,0x003CB8CC,0x48B52800,qmtc2.ni,"qmtc2.ni $s5, $vf5",COP2/VU0,untested,No matching PCSX2 edge-input semantics test found
0x003CB538,0x003CBB28,voice path candidate; PINTEH,0x003CB8D0,0x4BE2113C,vitof0.xyzw,"vitof0.xyzw $vf2, $vf2",COP2/VU0,tested,ps2_fpu_cop2_audit_tests.cpp
0x003CB538,0x003CBB28,voice path candidate; PINTEH,0x003CB8D4,0x4BE3193C,vitof0.xyzw,"vitof0.xyzw $vf3, $vf3",COP2/VU0,tested,ps2_fpu_cop2_audit_tests.cpp
0x003CB538,0x003CBB28,voice path candidate; PINTEH,0x003CB8D8,0x70C69488,pextlw,"pextlw $s2, $a2, $a2",MMI,untested,No PCSX2 edge-input semantics test found; codegen/decoder tests do not qualify
0x003CB538,0x003CBB28,voice path candidate; PINTEH,0x003CB8DC,0x4BE4213C,vitof0.xyzw,"vitof0.xyzw $vf4, $vf4",COP2/VU0,tested,ps2_fpu_cop2_audit_tests.cpp
0x003CB538,0x003CBB28,voice path candidate; PINTEH,0x003CB8E0,0x4BE5293C,vitof0.xyzw,"vitof0.xyzw $vf5, $vf5",COP2/VU0,tested,ps2_fpu_cop2_audit_tests.cpp
0x003CB538,0x003CBB28,voice path candidate; PINTEH,0x003CB8E4,0x4BE11098,vmulx.xyzw,"vmulx.xyzw $vf2, $vf2, $vf1x",COP2/VU0,untested,No matching PCSX2 edge-input semantics test found
0x003CB538,0x003CBB28,voice path candidate; PINTEH,0x003CB8E8,0x4BE118D8,vmulx.xyzw,"vmulx.xyzw $vf3, $vf3, $vf1x",COP2/VU0,untested,No matching PCSX2 edge-input semantics test found
0x003CB538,0x003CBB28,voice path candidate; PINTEH,0x003CB8EC,0x72529488,pextlw,"pextlw $s2, $s2, $s2",MMI,untested,No PCSX2 edge-input semantics test found; codegen/decoder tests do not qualify
0x003CB538,0x003CBB28,voice path candidate; PINTEH,0x003CB8F0,0x4BE12118,vmulx.xyzw,"vmulx.xyzw $vf4, $vf4, $vf1x",COP2/VU0,untested,No matching PCSX2 edge-input semantics test found
0x003CB538,0x003CBB28,voice path candidate; PINTEH,0x003CB8F4,0x4BE12958,vmulx.xyzw,"vmulx.xyzw $vf5, $vf5, $vf1x",COP2/VU0,untested,No matching PCSX2 edge-input semantics test found
0x003CB538,0x003CBB28,voice path candidate; PINTEH,0x003CB8F8,0x700E743E,psrlw,"psrlw $t6, $t6, 16",MMI,untested,No PCSX2 edge-input semantics test found; codegen/decoder tests do not qualify
0x003CB538,0x003CBB28,voice path candidate; PINTEH,0x003CB8FC,0x700F7C3E,psrlw,"psrlw $t7, $t7, 16",MMI,untested,No PCSX2 edge-input semantics test found; codegen/decoder tests do not qualify
0x003CB538,0x003CBB28,voice path candidate; PINTEH,0x003CB900,0x7010843E,psrlw,"psrlw $s0, $s0, 16",MMI,untested,No PCSX2 edge-input semantics test found; codegen/decoder tests do not qualify
0x003CB538,0x003CBB28,voice path candidate; PINTEH,0x003CB904,0x70118C3E,psrlw,"psrlw $s1, $s1, 16",MMI,untested,No PCSX2 edge-input semantics test found; codegen/decoder tests do not qualify
0x003CB538,0x003CBB28,voice path candidate; PINTEH,0x003CB908,0x700E70BC,psllw,"psllw $t6, $t6, 2",MMI,untested,No PCSX2 edge-input semantics test found; codegen/decoder tests do not qualify
0x003CB538,0x003CBB28,voice path candidate; PINTEH,0x003CB90C,0x700F78BC,psllw,"psllw $t7, $t7, 2",MMI,untested,No PCSX2 edge-input semantics test found; codegen/decoder tests do not qualify
0x003CB538,0x003CBB28,voice path candidate; PINTEH,0x003CB910,0x701080BC,psllw,"psllw $s0, $s0, 2",MMI,untested,No PCSX2 edge-input semantics test found; codegen/decoder tests do not qualify
0x003CB538,0x003CBB28,voice path candidate; PINTEH,0x003CB914,0x701188BC,psllw,"psllw $s1, $s1, 2",MMI,untested,No PCSX2 edge-input semantics test found; codegen/decoder tests do not qualify
0x003CB538,0x003CBB28,voice path candidate; PINTEH,0x003CB918,0x71D27008,paddw,"paddw $t6, $t6, $s2",MMI,untested,No PCSX2 edge-input semantics test found; codegen/decoder tests do not qualify
0x003CB538,0x003CBB28,voice path candidate; PINTEH,0x003CB91C,0x71F27808,paddw,"paddw $t7, $t7, $s2",MMI,untested,No PCSX2 edge-input semantics test found; codegen/decoder tests do not qualify
0x003CB538,0x003CBB28,voice path candidate; PINTEH,0x003CB920,0x72128008,paddw,"paddw $s0, $s0, $s2",MMI,untested,No PCSX2 edge-input semantics test found; codegen/decoder tests do not qualify
0x003CB538,0x003CBB28,voice path candidate; PINTEH,0x003CB924,0x72328808,paddw,"paddw $s1, $s1, $s2",MMI,untested,No PCSX2 edge-input semantics test found; codegen/decoder tests do not qualify
0x003CB538,0x003CBB28,voice path candidate; PINTEH,0x003CB94C,0x72F39C88,pextlw,"pextlw $s3, $s7, $s3",MMI,untested,No PCSX2 edge-input semantics test found; codegen/decoder tests do not qualify
0x003CB538,0x003CBB28,voice path candidate; PINTEH,0x003CB958,0x7314A488,pextlw,"pextlw $s4, $t8, $s4",MMI,untested,No PCSX2 edge-input semantics test found; codegen/decoder tests do not qualify
0x003CB538,0x003CBB28,voice path candidate; PINTEH,0x003CB95C,0x72F5AC88,pextlw,"pextlw $s5, $s7, $s5",MMI,untested,No PCSX2 edge-input semantics test found; codegen/decoder tests do not qualify
0x003CB538,0x003CBB28,voice path candidate; PINTEH,0x003CB960,0x71D6B488,pextlw,"pextlw $s6, $t6, $s6",MMI,untested,No PCSX2 edge-input semantics test found; codegen/decoder tests do not qualify
0x003CB538,0x003CBB28,voice path candidate; PINTEH,0x003CB964,0x72B39C88,pextlw,"pextlw $s3, $s5, $s3",MMI,untested,No PCSX2 edge-input semantics test found; codegen/decoder tests do not qualify
0x003CB538,0x003CBB28,voice path candidate; PINTEH,0x003CB968,0x72D4A488,pextlw,"pextlw $s4, $s6, $s4",MMI,untested,No PCSX2 edge-input semantics test found; codegen/decoder tests do not qualify
0x003CB538,0x003CBB28,voice path candidate; PINTEH,0x003CB96C,0x48B33000,qmtc2.ni,"qmtc2.ni $s3, $vf6",COP2/VU0,untested,No matching PCSX2 edge-input semantics test found
0x003CB538,0x003CBB28,voice path candidate; PINTEH,0x003CB970,0x48B45000,qmtc2.ni,"qmtc2.ni $s4, $vf10",COP2/VU0,untested,No matching PCSX2 edge-input semantics test found
0x003CB538,0x003CBB28,voice path candidate; PINTEH,0x003CB998,0x72F39C88,pextlw,"pextlw $s3, $s7, $s3",MMI,untested,No PCSX2 edge-input semantics test found; codegen/decoder tests do not qualify
0x003CB538,0x003CBB28,voice path candidate; PINTEH,0x003CB9A4,0x7314A488,pextlw,"pextlw $s4, $t8, $s4",MMI,untested,No PCSX2 edge-input semantics test found; codegen/decoder tests do not qualify
0x003CB538,0x003CBB28,voice path candidate; PINTEH,0x003CB9A8,0x72F5AC88,pextlw,"pextlw $s5, $s7, $s5",MMI,untested,No PCSX2 edge-input semantics test found; codegen/decoder tests do not qualify
0x003CB538,0x003CBB28,voice path candidate; PINTEH,0x003CB9AC,0x71D6B488,pextlw,"pextlw $s6, $t6, $s6",MMI,untested,No PCSX2 edge-input semantics test found; codegen/decoder tests do not qualify
0x003CB538,0x003CBB28,voice path candidate; PINTEH,0x003CB9B0,0x72B39C88,pextlw,"pextlw $s3, $s5, $s3",MMI,untested,No PCSX2 edge-input semantics test found; codegen/decoder tests do not qualify
0x003CB538,0x003CBB28,voice path candidate; PINTEH,0x003CB9B4,0x72D4A488,pextlw,"pextlw $s4, $s6, $s4",MMI,untested,No PCSX2 edge-input semantics test found; codegen/decoder tests do not qualify
0x003CB538,0x003CBB28,voice path candidate; PINTEH,0x003CB9B8,0x48B33800,qmtc2.ni,"qmtc2.ni $s3, $vf7",COP2/VU0,untested,No matching PCSX2 edge-input semantics test found
0x003CB538,0x003CBB28,voice path candidate; PINTEH,0x003CB9BC,0x48B45800,qmtc2.ni,"qmtc2.ni $s4, $vf11",COP2/VU0,untested,No matching PCSX2 edge-input semantics test found
0x003CB538,0x003CBB28,voice path candidate; PINTEH,0x003CB9E4,0x72F39C88,pextlw,"pextlw $s3, $s7, $s3",MMI,untested,No PCSX2 edge-input semantics test found; codegen/decoder tests do not qualify
0x003CB538,0x003CBB28,voice path candidate; PINTEH,0x003CB9F0,0x7314A488,pextlw,"pextlw $s4, $t8, $s4",MMI,untested,No PCSX2 edge-input semantics test found; codegen/decoder tests do not qualify
0x003CB538,0x003CBB28,voice path candidate; PINTEH,0x003CB9F4,0x72F5AC88,pextlw,"pextlw $s5, $s7, $s5",MMI,untested,No PCSX2 edge-input semantics test found; codegen/decoder tests do not qualify
0x003CB538,0x003CBB28,voice path candidate; PINTEH,0x003CB9F8,0x71D6B488,pextlw,"pextlw $s6, $t6, $s6",MMI,untested,No PCSX2 edge-input semantics test found; codegen/decoder tests do not qualify
0x003CB538,0x003CBB28,voice path candidate; PINTEH,0x003CB9FC,0x72B39C88,pextlw,"pextlw $s3, $s5, $s3",MMI,untested,No PCSX2 edge-input semantics test found; codegen/decoder tests do not qualify
0x003CB538,0x003CBB28,voice path candidate; PINTEH,0x003CBA00,0x72D4A488,pextlw,"pextlw $s4, $s6, $s4",MMI,untested,No PCSX2 edge-input semantics test found; codegen/decoder tests do not qualify
0x003CB538,0x003CBB28,voice path candidate; PINTEH,0x003CBA04,0x48B34000,qmtc2.ni,"qmtc2.ni $s3, $vf8",COP2/VU0,untested,No matching PCSX2 edge-input semantics test found
0x003CB538,0x003CBB28,voice path candidate; PINTEH,0x003CBA08,0x48B46000,qmtc2.ni,"qmtc2.ni $s4, $vf12",COP2/VU0,untested,No matching PCSX2 edge-input semantics test found
0x003CB538,0x003CBB28,voice path candidate; PINTEH,0x003CBA30,0x72F39C88,pextlw,"pextlw $s3, $s7, $s3",MMI,untested,No PCSX2 edge-input semantics test found; codegen/decoder tests do not qualify
0x003CB538,0x003CBB28,voice path candidate; PINTEH,0x003CBA3C,0x7314A488,pextlw,"pextlw $s4, $t8, $s4",MMI,untested,No PCSX2 edge-input semantics test found; codegen/decoder tests do not qualify
0x003CB538,0x003CBB28,voice path candidate; PINTEH,0x003CBA40,0x72F5AC88,pextlw,"pextlw $s5, $s7, $s5",MMI,untested,No PCSX2 edge-input semantics test found; codegen/decoder tests do not qualify
0x003CB538,0x003CBB28,voice path candidate; PINTEH,0x003CBA44,0x71D6B488,pextlw,"pextlw $s6, $t6, $s6",MMI,untested,No PCSX2 edge-input semantics test found; codegen/decoder tests do not qualify
0x003CB538,0x003CBB28,voice path candidate; PINTEH,0x003CBA48,0x72B39C88,pextlw,"pextlw $s3, $s5, $s3",MMI,untested,No PCSX2 edge-input semantics test found; codegen/decoder tests do not qualify
0x003CB538,0x003CBB28,voice path candidate; PINTEH,0x003CBA4C,0x72D4A488,pextlw,"pextlw $s4, $s6, $s4",MMI,untested,No PCSX2 edge-input semantics test found; codegen/decoder tests do not qualify
0x003CB538,0x003CBB28,voice path candidate; PINTEH,0x003CBA50,0x48B34800,qmtc2.ni,"qmtc2.ni $s3, $vf9",COP2/VU0,untested,No matching PCSX2 edge-input semantics test found
0x003CB538,0x003CBB28,voice path candidate; PINTEH,0x003CBA54,0x48B46800,qmtc2.ni,"qmtc2.ni $s4, $vf13",COP2/VU0,untested,No matching PCSX2 edge-input semantics test found
0x003CB538,0x003CBB28,voice path candidate; PINTEH,0x003CBA5C,0x4BE652AC,vsub.xyzw,"vsub.xyzw $vf10, $vf10, $vf6",COP2/VU0,untested,No matching PCSX2 edge-input semantics test found
0x003CB538,0x003CBB28,voice path candidate; PINTEH,0x003CBA60,0x4BE75AEC,vsub.xyzw,"vsub.xyzw $vf11, $vf11, $vf7",COP2/VU0,untested,No matching PCSX2 edge-input semantics test found
0x003CB538,0x003CBB28,voice path candidate; PINTEH,0x003CBA64,0x4BE8632C,vsub.xyzw,"vsub.xyzw $vf12, $vf12, $vf8",COP2/VU0,untested,No matching PCSX2 edge-input semantics test found
0x003CB538,0x003CBB28,voice path candidate; PINTEH,0x003CBA68,0x4BE96B6C,vsub.xyzw,"vsub.xyzw $vf13, $vf13, $vf9",COP2/VU0,untested,No matching PCSX2 edge-input semantics test found
0x003CB538,0x003CBB28,voice path candidate; PINTEH,0x003CBA6C,0x4BE252AA,vmul.xyzw,"vmul.xyzw $vf10, $vf10, $vf2",COP2/VU0,tested,ps2_fpu_cop2_audit_tests.cpp
0x003CB538,0x003CBB28,voice path candidate; PINTEH,0x003CBA70,0x4BE35AEA,vmul.xyzw,"vmul.xyzw $vf11, $vf11, $vf3",COP2/VU0,tested,ps2_fpu_cop2_audit_tests.cpp
0x003CB538,0x003CBB28,voice path candidate; PINTEH,0x003CBA74,0x4BE4632A,vmul.xyzw,"vmul.xyzw $vf12, $vf12, $vf4",COP2/VU0,tested,ps2_fpu_cop2_audit_tests.cpp
0x003CB538,0x003CBB28,voice path candidate; PINTEH,0x003CBA78,0x4BE56B6A,vmul.xyzw,"vmul.xyzw $vf13, $vf13, $vf5",COP2/VU0,tested,ps2_fpu_cop2_audit_tests.cpp
0x003CB538,0x003CBB28,voice path candidate; PINTEH,0x003CBA7C,0x4BE652A8,vadd.xyzw,"vadd.xyzw $vf10, $vf10, $vf6",COP2/VU0,tested,ps2_fpu_cop2_audit_tests.cpp
0x003CB538,0x003CBB28,voice path candidate; PINTEH,0x003CBA80,0x4BE75AE8,vadd.xyzw,"vadd.xyzw $vf11, $vf11, $vf7",COP2/VU0,tested,ps2_fpu_cop2_audit_tests.cpp
0x003CB538,0x003CBB28,voice path candidate; PINTEH,0x003CBA84,0x4BE86328,vadd.xyzw,"vadd.xyzw $vf12, $vf12, $vf8",COP2/VU0,tested,ps2_fpu_cop2_audit_tests.cpp
0x003CB538,0x003CBB28,voice path candidate; PINTEH,0x003CBA88,0x4BE96B68,vadd.xyzw,"vadd.xyzw $vf13, $vf13, $vf9",COP2/VU0,tested,ps2_fpu_cop2_audit_tests.cpp
0x003CB538,0x003CBB28,voice path candidate; PINTEH,0x003CBA8C,0xF8EAFFC0,sqc2,"sqc2 $vf10, -0x40($a3)",COP2/VU0,untested,No matching PCSX2 edge-input semantics test found
0x003CB538,0x003CBB28,voice path candidate; PINTEH,0x003CBA90,0xF8EBFFD0,sqc2,"sqc2 $vf11, -0x30($a3)",COP2/VU0,untested,No matching PCSX2 edge-input semantics test found
0x003CB538,0x003CBB28,voice path candidate; PINTEH,0x003CBA94,0xF8ECFFE0,sqc2,"sqc2 $vf12, -0x20($a3)",COP2/VU0,untested,No matching PCSX2 edge-input semantics test found
0x003CB538,0x003CBB28,voice path candidate; PINTEH,0x003CBA9C,0xF8EDFFF0,sqc2,"sqc2 $vf13, -0x10($a3)",COP2/VU0,untested,No matching PCSX2 edge-input semantics test found
0x003CB538,0x003CBB28,voice path candidate; PINTEH,0x003CBAD0,0xC4E00000,lwc1,"lwc1 $f0, 0x0($a3)",COP1,untested,No matching PCSX2 edge-input semantics test found
0x003CB538,0x003CBB28,voice path candidate; PINTEH,0x003CBAD4,0xE7200028,swc1,"swc1 $f0, 0x28($t9)",COP1,untested,No matching PCSX2 edge-input semantics test found
0x003CB538,0x003CBB28,voice path candidate; PINTEH,0x003CBAD8,0xC4E10004,lwc1,"lwc1 $f1, 0x4($a3)",COP1,untested,No matching PCSX2 edge-input semantics test found
0x003CB538,0x003CBB28,voice path candidate; PINTEH,0x003CBADC,0xE721002C,swc1,"swc1 $f1, 0x2C($t9)",COP1,untested,No matching PCSX2 edge-input semantics test found
0x003CB538,0x003CBB28,voice path candidate; PINTEH,0x003CBAE0,0xC4E00008,lwc1,"lwc1 $f0, 0x8($a3)",COP1,untested,No matching PCSX2 edge-input semantics test found
0x003CB538,0x003CBB28,voice path candidate; PINTEH,0x003CBAE4,0xE7200030,swc1,"swc1 $f0, 0x30($t9)",COP1,untested,No matching PCSX2 edge-input semantics test found
0x003CB538,0x003CBB28,voice path candidate; PINTEH,0x003CBAE8,0xC4E1000C,lwc1,"lwc1 $f1, 0xC($a3)",COP1,untested,No matching PCSX2 edge-input semantics test found
0x003CB538,0x003CBB28,voice path candidate; PINTEH,0x003CBAF0,0xE7210034,swc1,"swc1 $f1, 0x34($t9)",COP1,untested,No matching PCSX2 edge-input semantics test found
0x003CB538,0x003CBB28,voice path candidate; PINTEH,0x003CBAF4,0x7BB000D0,lq,"lq $s0, 0xD0($sp)",EE 128-bit memory,untested,No EE LQ/SQ alignment edge test found
0x003CB538,0x003CBB28,voice path candidate; PINTEH,0x003CBAF8,0x7BB100C0,lq,"lq $s1, 0xC0($sp)",EE 128-bit memory,untested,No EE LQ/SQ alignment edge test found
0x003CB538,0x003CBB28,voice path candidate; PINTEH,0x003CBAFC,0x7BB200B0,lq,"lq $s2, 0xB0($sp)",EE 128-bit memory,untested,No EE LQ/SQ alignment edge test found
0x003CB538,0x003CBB28,voice path candidate; PINTEH,0x003CBB00,0x7BB300A0,lq,"lq $s3, 0xA0($sp)",EE 128-bit memory,untested,No EE LQ/SQ alignment edge test found
0x003CB538,0x003CBB28,voice path candidate; PINTEH,0x003CBB04,0x7BB40090,lq,"lq $s4, 0x90($sp)",EE 128-bit memory,untested,No EE LQ/SQ alignment edge test found
0x003CB538,0x003CBB28,voice path candidate; PINTEH,0x003CBB08,0x7BB50080,lq,"lq $s5, 0x80($sp)",EE 128-bit memory,untested,No EE LQ/SQ alignment edge test found
0x003CB538,0x003CBB28,voice path candidate; PINTEH,0x003CBB0C,0x7BB60070,lq,"lq $s6, 0x70($sp)",EE 128-bit memory,untested,No EE LQ/SQ alignment edge test found
0x003CB538,0x003CBB28,voice path candidate; PINTEH,0x003CBB10,0x7BB70060,lq,"lq $s7, 0x60($sp)",EE 128-bit memory,untested,No EE LQ/SQ alignment edge test found
0x003CB538,0x003CBB28,voice path candidate; PINTEH,0x003CBB14,0x7BBE0050,lq,"lq $fp, 0x50($sp)",EE 128-bit memory,untested,No EE LQ/SQ alignment edge test found
0x003CBB28,0x003CBC00,VU0 mix callback container; entry 0x3CBB78,0x003CBB80,0x44086000,mfc1,"mfc1 $t0, $f12",COP1,untested,No matching PCSX2 edge-input semantics test found
0x003CBB28,0x003CBC00,VU0 mix callback container; entry 0x3CBB78,0x003CBB88,0x48A80800,qmtc2.ni,"qmtc2.ni $t0, $vf1",COP2/VU0,untested,No matching PCSX2 edge-input semantics test found
0x003CBB28,0x003CBC00,VU0 mix callback container; entry 0x3CBB78,0x003CBB9C,0xD8C20000,lqc2,"lqc2 $vf2, 0x0($a2)",COP2/VU0,untested,No matching PCSX2 edge-input semantics test found
0x003CBB28,0x003CBC00,VU0 mix callback container; entry 0x3CBB78,0x003CBBA0,0xD8C30010,lqc2,"lqc2 $vf3, 0x10($a2)",COP2/VU0,untested,No matching PCSX2 edge-input semantics test found
0x003CBB28,0x003CBC00,VU0 mix callback container; entry 0x3CBB78,0x003CBBA4,0xD8C40020,lqc2,"lqc2 $vf4, 0x20($a2)",COP2/VU0,untested,No matching PCSX2 edge-input semantics test found
0x003CBB28,0x003CBC00,VU0 mix callback container; entry 0x3CBB78,0x003CBBA8,0xD8C50030,lqc2,"lqc2 $vf5, 0x30($a2)",COP2/VU0,untested,No matching PCSX2 edge-input semantics test found
0x003CBB28,0x003CBC00,VU0 mix callback container; entry 0x3CBB78,0x003CBBAC,0xD8E60000,lqc2,"lqc2 $vf6, 0x0($a3)",COP2/VU0,untested,No matching PCSX2 edge-input semantics test found
0x003CBB28,0x003CBC00,VU0 mix callback container; entry 0x3CBB78,0x003CBBB0,0xD8E70010,lqc2,"lqc2 $vf7, 0x10($a3)",COP2/VU0,untested,No matching PCSX2 edge-input semantics test found
0x003CBB28,0x003CBC00,VU0 mix callback container; entry 0x3CBB78,0x003CBBB4,0xD8E80020,lqc2,"lqc2 $vf8, 0x20($a3)",COP2/VU0,untested,No matching PCSX2 edge-input semantics test found
0x003CBB28,0x003CBC00,VU0 mix callback container; entry 0x3CBB78,0x003CBBB8,0xD8E90030,lqc2,"lqc2 $vf9, 0x30($a3)",COP2/VU0,untested,No matching PCSX2 edge-input semantics test found
0x003CBB28,0x003CBC00,VU0 mix callback container; entry 0x3CBB78,0x003CBBBC,0x4BE11098,vmulx.xyzw,"vmulx.xyzw $vf2, $vf2, $vf1x",COP2/VU0,untested,No matching PCSX2 edge-input semantics test found
0x003CBB28,0x003CBC00,VU0 mix callback container; entry 0x3CBB78,0x003CBBC0,0x4BE118D8,vmulx.xyzw,"vmulx.xyzw $vf3, $vf3, $vf1x",COP2/VU0,untested,No matching PCSX2 edge-input semantics test found
0x003CBB28,0x003CBC00,VU0 mix callback container; entry 0x3CBB78,0x003CBBC4,0x4BE12118,vmulx.xyzw,"vmulx.xyzw $vf4, $vf4, $vf1x",COP2/VU0,untested,No matching PCSX2 edge-input semantics test found
0x003CBB28,0x003CBC00,VU0 mix callback container; entry 0x3CBB78,0x003CBBC8,0x4BE12958,vmulx.xyzw,"vmulx.xyzw $vf5, $vf5, $vf1x",COP2/VU0,untested,No matching PCSX2 edge-input semantics test found
0x003CBB28,0x003CBC00,VU0 mix callback container; entry 0x3CBB78,0x003CBBCC,0x4BE231A8,vadd.xyzw,"vadd.xyzw $vf6, $vf6, $vf2",COP2/VU0,tested,ps2_fpu_cop2_audit_tests.cpp
0x003CBB28,0x003CBC00,VU0 mix callback container; entry 0x3CBB78,0x003CBBD0,0x4BE339E8,vadd.xyzw,"vadd.xyzw $vf7, $vf7, $vf3",COP2/VU0,tested,ps2_fpu_cop2_audit_tests.cpp
0x003CBB28,0x003CBC00,VU0 mix callback container; entry 0x3CBB78,0x003CBBD8,0x4BE44228,vadd.xyzw,"vadd.xyzw $vf8, $vf8, $vf4",COP2/VU0,tested,ps2_fpu_cop2_audit_tests.cpp
0x003CBB28,0x003CBC00,VU0 mix callback container; entry 0x3CBB78,0x003CBBDC,0x4BE54A68,vadd.xyzw,"vadd.xyzw $vf9, $vf9, $vf5",COP2/VU0,tested,ps2_fpu_cop2_audit_tests.cpp
0x003CBB28,0x003CBC00,VU0 mix callback container; entry 0x3CBB78,0x003CBBE0,0xF8E60000,sqc2,"sqc2 $vf6, 0x0($a3)",COP2/VU0,untested,No matching PCSX2 edge-input semantics test found
0x003CBB28,0x003CBC00,VU0 mix callback container; entry 0x3CBB78,0x003CBBE4,0xF8E70010,sqc2,"sqc2 $vf7, 0x10($a3)",COP2/VU0,untested,No matching PCSX2 edge-input semantics test found
0x003CBB28,0x003CBC00,VU0 mix callback container; entry 0x3CBB78,0x003CBBE8,0xF8E80020,sqc2,"sqc2 $vf8, 0x20($a3)",COP2/VU0,untested,No matching PCSX2 edge-input semantics test found
0x003CBB28,0x003CBC00,VU0 mix callback container; entry 0x3CBB78,0x003CBBEC,0xF8E90030,sqc2,"sqc2 $vf9, 0x30($a3)",COP2/VU0,untested,No matching PCSX2 edge-input semantics test found
0x003C03E0,0x003C0564,MMI pack/level candidate; tag-1 link unproven,0x003C03E0,0x700074E9,pnor,"pnor $t6, $zero, $zero",MMI,untested,No PCSX2 edge-input semantics test found; codegen/decoder tests do not qualify
0x003C03E0,0x003C0564,MMI pack/level candidate; tag-1 link unproven,0x003C03E4,0x700E707E,psrlw,"psrlw $t6, $t6, 1",MMI,untested,No PCSX2 edge-input semantics test found; codegen/decoder tests do not qualify
0x003C03E0,0x003C0564,MMI pack/level candidate; tag-1 link unproven,0x003C03EC,0x78860000,lq,"lq $a2, 0x0($a0)",EE 128-bit memory,untested,No EE LQ/SQ alignment edge test found
0x003C03E0,0x003C0564,MMI pack/level candidate; tag-1 link unproven,0x003C03F0,0x78870040,lq,"lq $a3, 0x40($a0)",EE 128-bit memory,untested,No EE LQ/SQ alignment edge test found
0x003C03E0,0x003C0564,MMI pack/level candidate; tag-1 link unproven,0x003C03F4,0x78880080,lq,"lq $t0, 0x80($a0)",EE 128-bit memory,untested,No EE LQ/SQ alignment edge test found
0x003C03E0,0x003C0564,MMI pack/level candidate; tag-1 link unproven,0x003C03F8,0x788900C0,lq,"lq $t1, 0xC0($a0)",EE 128-bit memory,untested,No EE LQ/SQ alignment edge test found
0x003C03E0,0x003C0564,MMI pack/level candidate; tag-1 link unproven,0x003C03FC,0x70CE3489,pand,"pand $a2, $a2, $t6",MMI,untested,No PCSX2 edge-input semantics test found; codegen/decoder tests do not qualify
0x003C03E0,0x003C0564,MMI pack/level candidate; tag-1 link unproven,0x003C0400,0x70EE3C89,pand,"pand $a3, $a3, $t6",MMI,untested,No PCSX2 edge-input semantics test found; codegen/decoder tests do not qualify
0x003C03E0,0x003C0564,MMI pack/level candidate; tag-1 link unproven,0x003C0404,0x710E4489,pand,"pand $t0, $t0, $t6",MMI,untested,No PCSX2 edge-input semantics test found; codegen/decoder tests do not qualify
0x003C03E0,0x003C0564,MMI pack/level candidate; tag-1 link unproven,0x003C0408,0x712E4C89,pand,"pand $t1, $t1, $t6",MMI,untested,No PCSX2 edge-input semantics test found; codegen/decoder tests do not qualify
0x003C03E0,0x003C0564,MMI pack/level candidate; tag-1 link unproven,0x003C040C,0x788A0010,lq,"lq $t2, 0x10($a0)",EE 128-bit memory,untested,No EE LQ/SQ alignment edge test found
0x003C03E0,0x003C0564,MMI pack/level candidate; tag-1 link unproven,0x003C0410,0x788B0050,lq,"lq $t3, 0x50($a0)",EE 128-bit memory,untested,No EE LQ/SQ alignment edge test found
0x003C03E0,0x003C0564,MMI pack/level candidate; tag-1 link unproven,0x003C0414,0x788C0090,lq,"lq $t4, 0x90($a0)",EE 128-bit memory,untested,No EE LQ/SQ alignment edge test found
0x003C03E0,0x003C0564,MMI pack/level candidate; tag-1 link unproven,0x003C0418,0x788D00D0,lq,"lq $t5, 0xD0($a0)",EE 128-bit memory,untested,No EE LQ/SQ alignment edge test found
0x003C03E0,0x003C0564,MMI pack/level candidate; tag-1 link unproven,0x003C041C,0x714E5489,pand,"pand $t2, $t2, $t6",MMI,untested,No PCSX2 edge-input semantics test found; codegen/decoder tests do not qualify
0x003C03E0,0x003C0564,MMI pack/level candidate; tag-1 link unproven,0x003C0420,0x716E5C89,pand,"pand $t3, $t3, $t6",MMI,untested,No PCSX2 edge-input semantics test found; codegen/decoder tests do not qualify
0x003C03E0,0x003C0564,MMI pack/level candidate; tag-1 link unproven,0x003C0424,0x718E6489,pand,"pand $t4, $t4, $t6",MMI,untested,No PCSX2 edge-input semantics test found; codegen/decoder tests do not qualify
0x003C03E0,0x003C0564,MMI pack/level candidate; tag-1 link unproven,0x003C0428,0x71AE6C89,pand,"pand $t5, $t5, $t6",MMI,untested,No PCSX2 edge-input semantics test found; codegen/decoder tests do not qualify
0x003C03E0,0x003C0564,MMI pack/level candidate; tag-1 link unproven,0x003C042C,0x70CA30C8,pmaxw,"pmaxw $a2, $a2, $t2",MMI,untested,No PCSX2 edge-input semantics test found; codegen/decoder tests do not qualify
0x003C03E0,0x003C0564,MMI pack/level candidate; tag-1 link unproven,0x003C0430,0x70EB38C8,pmaxw,"pmaxw $a3, $a3, $t3",MMI,untested,No PCSX2 edge-input semantics test found; codegen/decoder tests do not qualify
0x003C03E0,0x003C0564,MMI pack/level candidate; tag-1 link unproven,0x003C0434,0x710C40C8,pmaxw,"pmaxw $t0, $t0, $t4",MMI,untested,No PCSX2 edge-input semantics test found; codegen/decoder tests do not qualify
0x003C03E0,0x003C0564,MMI pack/level candidate; tag-1 link unproven,0x003C0438,0x712D48C8,pmaxw,"pmaxw $t1, $t1, $t5",MMI,untested,No PCSX2 edge-input semantics test found; codegen/decoder tests do not qualify
0x003C03E0,0x003C0564,MMI pack/level candidate; tag-1 link unproven,0x003C043C,0x788A0020,lq,"lq $t2, 0x20($a0)",EE 128-bit memory,untested,No EE LQ/SQ alignment edge test found
0x003C03E0,0x003C0564,MMI pack/level candidate; tag-1 link unproven,0x003C0440,0x788B0060,lq,"lq $t3, 0x60($a0)",EE 128-bit memory,untested,No EE LQ/SQ alignment edge test found
0x003C03E0,0x003C0564,MMI pack/level candidate; tag-1 link unproven,0x003C0444,0x788C00A0,lq,"lq $t4, 0xA0($a0)",EE 128-bit memory,untested,No EE LQ/SQ alignment edge test found
0x003C03E0,0x003C0564,MMI pack/level candidate; tag-1 link unproven,0x003C0448,0x788D00E0,lq,"lq $t5, 0xE0($a0)",EE 128-bit memory,untested,No EE LQ/SQ alignment edge test found
0x003C03E0,0x003C0564,MMI pack/level candidate; tag-1 link unproven,0x003C044C,0x714E5489,pand,"pand $t2, $t2, $t6",MMI,untested,No PCSX2 edge-input semantics test found; codegen/decoder tests do not qualify
0x003C03E0,0x003C0564,MMI pack/level candidate; tag-1 link unproven,0x003C0450,0x716E5C89,pand,"pand $t3, $t3, $t6",MMI,untested,No PCSX2 edge-input semantics test found; codegen/decoder tests do not qualify
0x003C03E0,0x003C0564,MMI pack/level candidate; tag-1 link unproven,0x003C0454,0x718E6489,pand,"pand $t4, $t4, $t6",MMI,untested,No PCSX2 edge-input semantics test found; codegen/decoder tests do not qualify
0x003C03E0,0x003C0564,MMI pack/level candidate; tag-1 link unproven,0x003C0458,0x71AE6C89,pand,"pand $t5, $t5, $t6",MMI,untested,No PCSX2 edge-input semantics test found; codegen/decoder tests do not qualify
0x003C03E0,0x003C0564,MMI pack/level candidate; tag-1 link unproven,0x003C045C,0x70CA30C8,pmaxw,"pmaxw $a2, $a2, $t2",MMI,untested,No PCSX2 edge-input semantics test found; codegen/decoder tests do not qualify
0x003C03E0,0x003C0564,MMI pack/level candidate; tag-1 link unproven,0x003C0460,0x70EB38C8,pmaxw,"pmaxw $a3, $a3, $t3",MMI,untested,No PCSX2 edge-input semantics test found; codegen/decoder tests do not qualify
0x003C03E0,0x003C0564,MMI pack/level candidate; tag-1 link unproven,0x003C0464,0x710C40C8,pmaxw,"pmaxw $t0, $t0, $t4",MMI,untested,No PCSX2 edge-input semantics test found; codegen/decoder tests do not qualify
0x003C03E0,0x003C0564,MMI pack/level candidate; tag-1 link unproven,0x003C0468,0x712D48C8,pmaxw,"pmaxw $t1, $t1, $t5",MMI,untested,No PCSX2 edge-input semantics test found; codegen/decoder tests do not qualify
0x003C03E0,0x003C0564,MMI pack/level candidate; tag-1 link unproven,0x003C046C,0x788A0030,lq,"lq $t2, 0x30($a0)",EE 128-bit memory,untested,No EE LQ/SQ alignment edge test found
0x003C03E0,0x003C0564,MMI pack/level candidate; tag-1 link unproven,0x003C0470,0x788B0070,lq,"lq $t3, 0x70($a0)",EE 128-bit memory,untested,No EE LQ/SQ alignment edge test found
0x003C03E0,0x003C0564,MMI pack/level candidate; tag-1 link unproven,0x003C0474,0x788C00B0,lq,"lq $t4, 0xB0($a0)",EE 128-bit memory,untested,No EE LQ/SQ alignment edge test found
0x003C03E0,0x003C0564,MMI pack/level candidate; tag-1 link unproven,0x003C0478,0x788D00F0,lq,"lq $t5, 0xF0($a0)",EE 128-bit memory,untested,No EE LQ/SQ alignment edge test found
0x003C03E0,0x003C0564,MMI pack/level candidate; tag-1 link unproven,0x003C047C,0x714E5489,pand,"pand $t2, $t2, $t6",MMI,untested,No PCSX2 edge-input semantics test found; codegen/decoder tests do not qualify
0x003C03E0,0x003C0564,MMI pack/level candidate; tag-1 link unproven,0x003C0480,0x716E5C89,pand,"pand $t3, $t3, $t6",MMI,untested,No PCSX2 edge-input semantics test found; codegen/decoder tests do not qualify
0x003C03E0,0x003C0564,MMI pack/level candidate; tag-1 link unproven,0x003C0484,0x718E6489,pand,"pand $t4, $t4, $t6",MMI,untested,No PCSX2 edge-input semantics test found; codegen/decoder tests do not qualify
0x003C03E0,0x003C0564,MMI pack/level candidate; tag-1 link unproven,0x003C0488,0x71AE6C89,pand,"pand $t5, $t5, $t6",MMI,untested,No PCSX2 edge-input semantics test found; codegen/decoder tests do not qualify
0x003C03E0,0x003C0564,MMI pack/level candidate; tag-1 link unproven,0x003C048C,0x70CA30C8,pmaxw,"pmaxw $a2, $a2, $t2",MMI,untested,No PCSX2 edge-input semantics test found; codegen/decoder tests do not qualify
0x003C03E0,0x003C0564,MMI pack/level candidate; tag-1 link unproven,0x003C0490,0x70EB38C8,pmaxw,"pmaxw $a3, $a3, $t3",MMI,untested,No PCSX2 edge-input semantics test found; codegen/decoder tests do not qualify
0x003C03E0,0x003C0564,MMI pack/level candidate; tag-1 link unproven,0x003C0494,0x710C40C8,pmaxw,"pmaxw $t0, $t0, $t4",MMI,untested,No PCSX2 edge-input semantics test found; codegen/decoder tests do not qualify
0x003C03E0,0x003C0564,MMI pack/level candidate; tag-1 link unproven,0x003C0498,0x712D48C8,pmaxw,"pmaxw $t1, $t1, $t5",MMI,untested,No PCSX2 edge-input semantics test found; codegen/decoder tests do not qualify
0x003C03E0,0x003C0564,MMI pack/level candidate; tag-1 link unproven,0x003C049C,0x70E65488,pextlw,"pextlw $t2, $a3, $a2",MMI,untested,No PCSX2 edge-input semantics test found; codegen/decoder tests do not qualify
0x003C03E0,0x003C0564,MMI pack/level candidate; tag-1 link unproven,0x003C04A0,0x70E63CA8,pextuw,"pextuw $a3, $a3, $a2",MMI,untested,No PCSX2 edge-input semantics test found; codegen/decoder tests do not qualify
0x003C03E0,0x003C0564,MMI pack/level candidate; tag-1 link unproven,0x003C04A4,0x71285C88,pextlw,"pextlw $t3, $t1, $t0",MMI,untested,No PCSX2 edge-input semantics test found; codegen/decoder tests do not qualify
0x003C03E0,0x003C0564,MMI pack/level candidate; tag-1 link unproven,0x003C04A8,0x71284CA8,pextuw,"pextuw $t1, $t1, $t0",MMI,untested,No PCSX2 edge-input semantics test found; codegen/decoder tests do not qualify
0x003C03E0,0x003C0564,MMI pack/level candidate; tag-1 link unproven,0x003C04AC,0x716A3389,pcpyld,"pcpyld $a2, $t3, $t2",MMI,untested,No PCSX2 edge-input semantics test found; codegen/decoder tests do not qualify
0x003C03E0,0x003C0564,MMI pack/level candidate; tag-1 link unproven,0x003C04B0,0x714B43A9,pcpyud,"pcpyud $t0, $t2, $t3",MMI,untested,No PCSX2 edge-input semantics test found; codegen/decoder tests do not qualify
0x003C03E0,0x003C0564,MMI pack/level candidate; tag-1 link unproven,0x003C04B4,0x71275389,pcpyld,"pcpyld $t2, $t1, $a3",MMI,untested,No PCSX2 edge-input semantics test found; codegen/decoder tests do not qualify
0x003C03E0,0x003C0564,MMI pack/level candidate; tag-1 link unproven,0x003C04B8,0x70E95BA9,pcpyud,"pcpyud $t3, $a3, $t1",MMI,untested,No PCSX2 edge-input semantics test found; codegen/decoder tests do not qualify
0x003C03E0,0x003C0564,MMI pack/level candidate; tag-1 link unproven,0x003C04BC,0x70C830C8,pmaxw,"pmaxw $a2, $a2, $t0",MMI,untested,No PCSX2 edge-input semantics test found; codegen/decoder tests do not qualify
0x003C03E0,0x003C0564,MMI pack/level candidate; tag-1 link unproven,0x003C04C0,0x714B50C8,pmaxw,"pmaxw $t2, $t2, $t3",MMI,untested,No PCSX2 edge-input semantics test found; codegen/decoder tests do not qualify
0x003C03E0,0x003C0564,MMI pack/level candidate; tag-1 link unproven,0x003C04C8,0x70CA30C8,pmaxw,"pmaxw $a2, $a2, $t2",MMI,untested,No PCSX2 edge-input semantics test found; codegen/decoder tests do not qualify
0x003C03E0,0x003C0564,MMI pack/level candidate; tag-1 link unproven,0x003C04D0,0x7CA60000,sq,"sq $a2, 0x0($a1)",EE 128-bit memory,untested,No EE LQ/SQ alignment edge test found
0x003C03E0,0x003C0564,MMI pack/level candidate; tag-1 link unproven,0x003C04F0,0x44066000,mfc1,"mfc1 $a2, $f12",COP1,untested,No matching PCSX2 edge-input semantics test found
0x003C03E0,0x003C0564,MMI pack/level candidate; tag-1 link unproven,0x003C04F4,0x48A62800,qmtc2.ni,"qmtc2.ni $a2, $vf5",COP2/VU0,untested,No matching PCSX2 edge-input semantics test found
0x003C03E0,0x003C0564,MMI pack/level candidate; tag-1 link unproven,0x003C04F8,0xD8810000,lqc2,"lqc2 $vf1, 0x0($a0)",COP2/VU0,untested,No matching PCSX2 edge-input semantics test found
0x003C03E0,0x003C0564,MMI pack/level candidate; tag-1 link unproven,0x003C0500,0xD8820010,lqc2,"lqc2 $vf2, 0x10($a0)",COP2/VU0,untested,No matching PCSX2 edge-input semantics test found
0x003C03E0,0x003C0564,MMI pack/level candidate; tag-1 link unproven,0x003C0504,0x700A56E9,pcpyh,"pcpyh $t2, $t2",MMI,untested,No PCSX2 edge-input semantics test found; codegen/decoder tests do not qualify
0x003C03E0,0x003C0564,MMI pack/level candidate; tag-1 link unproven,0x003C0508,0xD8830020,lqc2,"lqc2 $vf3, 0x20($a0)",COP2/VU0,untested,No matching PCSX2 edge-input semantics test found
0x003C03E0,0x003C0564,MMI pack/level candidate; tag-1 link unproven,0x003C050C,0x714A5389,pcpyld,"pcpyld $t2, $t2, $t2",MMI,untested,No PCSX2 edge-input semantics test found; codegen/decoder tests do not qualify
0x003C03E0,0x003C0564,MMI pack/level candidate; tag-1 link unproven,0x003C0510,0xD8840030,lqc2,"lqc2 $vf4, 0x30($a0)",COP2/VU0,untested,No matching PCSX2 edge-input semantics test found
0x003C03E0,0x003C0564,MMI pack/level candidate; tag-1 link unproven,0x003C0514,0x4BE50858,vmulx.xyzw,"vmulx.xyzw $vf1, $vf1, $vf5x",COP2/VU0,untested,No matching PCSX2 edge-input semantics test found
0x003C03E0,0x003C0564,MMI pack/level candidate; tag-1 link unproven,0x003C0518,0x4BE51098,vmulx.xyzw,"vmulx.xyzw $vf2, $vf2, $vf5x",COP2/VU0,untested,No matching PCSX2 edge-input semantics test found
0x003C03E0,0x003C0564,MMI pack/level candidate; tag-1 link unproven,0x003C051C,0x4BE518D8,vmulx.xyzw,"vmulx.xyzw $vf3, $vf3, $vf5x",COP2/VU0,untested,No matching PCSX2 edge-input semantics test found
0x003C03E0,0x003C0564,MMI pack/level candidate; tag-1 link unproven,0x003C0520,0x4BE52118,vmulx.xyzw,"vmulx.xyzw $vf4, $vf4, $vf5x",COP2/VU0,untested,No matching PCSX2 edge-input semantics test found
0x003C03E0,0x003C0564,MMI pack/level candidate; tag-1 link unproven,0x003C0524,0x4BE1097C,vftoi0.xyzw,"vftoi0.xyzw $vf1, $vf1",COP2/VU0,tested,ps2_fpu_cop2_audit_tests.cpp
0x003C03E0,0x003C0564,MMI pack/level candidate; tag-1 link unproven,0x003C0528,0x4BE2117C,vftoi0.xyzw,"vftoi0.xyzw $vf2, $vf2",COP2/VU0,tested,ps2_fpu_cop2_audit_tests.cpp
0x003C03E0,0x003C0564,MMI pack/level candidate; tag-1 link unproven,0x003C052C,0x4BE3197C,vftoi0.xyzw,"vftoi0.xyzw $vf3, $vf3",COP2/VU0,tested,ps2_fpu_cop2_audit_tests.cpp
0x003C03E0,0x003C0564,MMI pack/level candidate; tag-1 link unproven,0x003C0530,0x4BE4217C,vftoi0.xyzw,"vftoi0.xyzw $vf4, $vf4",COP2/VU0,tested,ps2_fpu_cop2_audit_tests.cpp
0x003C03E0,0x003C0564,MMI pack/level candidate; tag-1 link unproven,0x003C0534,0x48260800,qmfc2.ni,"qmfc2.ni $a2, $vf1",COP2/VU0,untested,No matching PCSX2 edge-input semantics test found
0x003C03E0,0x003C0564,MMI pack/level candidate; tag-1 link unproven,0x003C0538,0x48271000,qmfc2.ni,"qmfc2.ni $a3, $vf2",COP2/VU0,untested,No matching PCSX2 edge-input semantics test found
0x003C03E0,0x003C0564,MMI pack/level candidate; tag-1 link unproven,0x003C053C,0x48281800,qmfc2.ni,"qmfc2.ni $t0, $vf3",COP2/VU0,untested,No matching PCSX2 edge-input semantics test found
0x003C03E0,0x003C0564,MMI pack/level candidate; tag-1 link unproven,0x003C0540,0x48292000,qmfc2.ni,"qmfc2.ni $t1, $vf4",COP2/VU0,untested,No matching PCSX2 edge-input semantics test found
0x003C03E0,0x003C0564,MMI pack/level candidate; tag-1 link unproven,0x003C0544,0x70E635C8,ppach,"ppach $a2, $a3, $a2",MMI,untested,No PCSX2 edge-input semantics test found; codegen/decoder tests do not qualify
0x003C03E0,0x003C0564,MMI pack/level candidate; tag-1 link unproven,0x003C0548,0x712845C8,ppach,"ppach $t0, $t1, $t0",MMI,untested,No PCSX2 edge-input semantics test found; codegen/decoder tests do not qualify
0x003C03E0,0x003C0564,MMI pack/level candidate; tag-1 link unproven,0x003C054C,0x70CA3489,pand,"pand $a2, $a2, $t2",MMI,untested,No PCSX2 edge-input semantics test found; codegen/decoder tests do not qualify
0x003C03E0,0x003C0564,MMI pack/level candidate; tag-1 link unproven,0x003C0550,0x710A4489,pand,"pand $t0, $t0, $t2",MMI,untested,No PCSX2 edge-input semantics test found; codegen/decoder tests do not qualify
0x003C03E0,0x003C0564,MMI pack/level candidate; tag-1 link unproven,0x003C0554,0x7CA60000,sq,"sq $a2, 0x0($a1)",EE 128-bit memory,untested,No EE LQ/SQ alignment edge test found
0x003C03E0,0x003C0564,MMI pack/level candidate; tag-1 link unproven,0x003C0558,0x7CA80010,sq,"sq $t0, 0x10($a1)",EE 128-bit memory,untested,No EE LQ/SQ alignment edge test found
