getpwuid_r did not find a match for uid 501
Timestamp               Ty Process[PID:TID]
2026-09-19 19:58:08.469 Df runningboardd[26710:26766b] [com.apple.runningboard:connection] Received termination request from [osservice<com.apple.installcoordinationd>:27014] on <RBSProcessPredicate <RBSProcessBundleIdentifierPredicate "org.ps2x.ps2entryrunner">> with context <RBSTerminateContext| explanation:installcoordinationd app:[org.ps2x.ps2entryrunner/Invalid/[system-defined]] uuid:DAEA2CED-8F91-4A20-89D8-82F51339EF44 isPlaceholder:Y reportType:None maxTerminationResistance:Absolute attrs:[
	<RBSPreventLaunchLimitation| <RBSProcessPredicate <RBSProcessBundleIdentifierPredicate "org.ps2x.ps2entryrunner">> allow:(null)>
	]>
2026-09-19 19:58:08.470 Df runningboardd[26710:266e4a] [com.apple.runningboard:general] failed to get LSApplicationRecord for org.ps2x.ps2entryrunner - probably OK
2026-09-19 19:58:08.470 Df runningboardd[26710:266e4a] [com.apple.runningboard:connection] skipping plugin hold for uninstalled proxy org.ps2x.ps2entryrunner
2026-09-19 19:58:08.470 Df runningboardd[26710:266e4a] [com.apple.runningboard:ttl] Acquiring assertion targeting system from originator [osservice<com.apple.installcoordinationd>:27014] with description <RBSAssertionDescriptor| "installcoordinationd app:[org.ps2x.ps2entryrunner/Invalid/[system-defined]] uuid:DAEA2CED-8F91-4A20-89D8-82F51339EF44 isPlaceholder:Y" ID:26710-27014-377 target:system attributes:[
	<RBSPreventLaunchLimitation| <RBSProcessPredicate <RBSProcessBundleIdentifierPredicate "org.ps2x.ps2entryrunner">> allow:(null)>
	]>
2026-09-19 19:58:08.470 Df runningboardd[26710:266e4a] [com.apple.runningboard:process] Executing termination request for: <RBSProcessPredicate <RBSProcessBundleIdentifierPredicate "org.ps2x.ps2entryrunner">>
2026-09-19 19:58:08.470 Df SpringBoard[26707:266d9e] [com.apple.SpringBoard:Common] termination assertion acquired for org.ps2x.ps2entryrunner (app not found)
2026-09-19 19:58:09.100 Df runningboardd[26710:266e4b] [com.apple.runningboard:process] Checking PreventLaunch: global:0 exPath:(null) predicates:{(
    <RBSProcessPredicate <RBSProcessBundleIdentifierPredicate "org.ps2x.ps2entryrunner">>
)} allow:(null)
2026-09-19 19:58:09.127 Df runningboardd[26710:266e46] [com.apple.runningboard:process] Checking PreventLaunch: global:0 exPath:(null) predicates:{(
    <RBSProcessPredicate <RBSProcessBundleIdentifierPredicate "org.ps2x.ps2entryrunner">>
)} allow:(null)
2026-09-19 19:58:09.149 Df runningboardd[26710:267661] [com.apple.runningboard:process] Checking PreventLaunch: global:0 exPath:(null) predicates:{(
    <RBSProcessPredicate <RBSProcessBundleIdentifierPredicate "org.ps2x.ps2entryrunner">>
)} allow:(null)
2026-09-19 19:58:09.627 Df runningboardd[26710:266e46] [com.apple.runningboard:process] Checking PreventLaunch: global:0 exPath:(null) predicates:{(
    <RBSProcessPredicate <RBSProcessBundleIdentifierPredicate "org.ps2x.ps2entryrunner">>
)} allow:(null)
2026-09-19 19:58:11.954 Df runningboardd[26710:267661] [com.apple.runningboard:process] Checking PreventLaunch: global:0 exPath:(null) predicates:{(
    <RBSProcessPredicate <RBSProcessBundleIdentifierPredicate "org.ps2x.ps2entryrunner">>
)} allow:(null)
2026-09-19 19:58:11.970 Df runningboardd[26710:266e46] [com.apple.runningboard:process] Checking PreventLaunch: global:0 exPath:(null) predicates:{(
    <RBSProcessPredicate <RBSProcessBundleIdentifierPredicate "org.ps2x.ps2entryrunner">>
)} allow:(null)
2026-09-19 19:58:11.987 Df runningboardd[26710:26766c] [com.apple.runningboard:process] Checking PreventLaunch: global:0 exPath:(null) predicates:{(
    <RBSProcessPredicate <RBSProcessBundleIdentifierPredicate "org.ps2x.ps2entryrunner">>
)} allow:(null)
2026-09-19 19:58:11.992 Df runningboardd[26710:266e46] [com.apple.runningboard:process] Checking PreventLaunch: global:0 exPath:(null) predicates:{(
    <RBSProcessPredicate <RBSProcessBundleIdentifierPredicate "org.ps2x.ps2entryrunner">>
)} allow:(null)
2026-09-19 19:58:12.006 Df runningboardd[26710:266e46] [com.apple.runningboard:process] Checking PreventLaunch: global:0 exPath:(null) predicates:{(
    <RBSProcessPredicate <RBSProcessBundleIdentifierPredicate "org.ps2x.ps2entryrunner">>
)} allow:(null)
2026-09-19 19:58:12.010 Df runningboardd[26710:266e4a] [com.apple.runningboard:process] Checking PreventLaunch: global:0 exPath:(null) predicates:{(
    <RBSProcessPredicate <RBSProcessBundleIdentifierPredicate "org.ps2x.ps2entryrunner">>
)} allow:(null)
2026-09-19 19:58:12.028 Df runningboardd[26710:266e4a] [com.apple.runningboard:process] Checking PreventLaunch: global:0 exPath:(null) predicates:{(
    <RBSProcessPredicate <RBSProcessBundleIdentifierPredicate "org.ps2x.ps2entryrunner">>
)} allow:(null)
2026-09-19 19:58:12.034 Df runningboardd[26710:267661] [com.apple.runningboard:process] Checking PreventLaunch: global:0 exPath:(null) predicates:{(
    <RBSProcessPredicate <RBSProcessBundleIdentifierPredicate "org.ps2x.ps2entryrunner">>
)} allow:(null)
2026-09-19 19:58:12.053 Df runningboardd[26710:267661] [com.apple.runningboard:process] Checking PreventLaunch: global:0 exPath:(null) predicates:{(
    <RBSProcessPredicate <RBSProcessBundleIdentifierPredicate "org.ps2x.ps2entryrunner">>
)} allow:(null)
2026-09-19 19:58:12.071 Df runningboardd[26710:266e3d] [com.apple.runningboard:process] Checking PreventLaunch: global:0 exPath:(null) predicates:{(
    <RBSProcessPredicate <RBSProcessBundleIdentifierPredicate "org.ps2x.ps2entryrunner">>
)} allow:(null)
2026-09-19 19:58:12.163 Df runningboardd[26710:266e46] [com.apple.runningboard:process] Checking PreventLaunch: global:0 exPath:(null) predicates:{(
    <RBSProcessPredicate <RBSProcessBundleIdentifierPredicate "org.ps2x.ps2entryrunner">>
)} allow:(null)
2026-09-19 19:58:12.187 Df runningboardd[26710:266e46] [com.apple.runningboard:process] Checking PreventLaunch: global:0 exPath:(null) predicates:{(
    <RBSProcessPredicate <RBSProcessBundleIdentifierPredicate "org.ps2x.ps2entryrunner">>
)} allow:(null)
2026-09-19 19:58:12.216 Df runningboardd[26710:267661] [com.apple.runningboard:process] Checking PreventLaunch: global:0 exPath:(null) predicates:{(
    <RBSProcessPredicate <RBSProcessBundleIdentifierPredicate "org.ps2x.ps2entryrunner">>
)} allow:(null)
2026-09-19 19:58:12.279 Df runningboardd[26710:266e46] [com.apple.runningboard:process] Checking PreventLaunch: global:0 exPath:(null) predicates:{(
    <RBSProcessPredicate <RBSProcessBundleIdentifierPredicate "org.ps2x.ps2entryrunner">>
)} allow:(null)
2026-09-19 19:58:12.524 Df runningboardd[26710:266e46] [com.apple.runningboard:process] Checking PreventLaunch: global:0 exPath:(null) predicates:{(
    <RBSProcessPredicate <RBSProcessBundleIdentifierPredicate "org.ps2x.ps2entryrunner">>
)} allow:(null)
2026-09-19 19:58:12.580 Df runningboardd[26710:267661] [com.apple.runningboard:process] Checking PreventLaunch: global:0 exPath:(null) predicates:{(
    <RBSProcessPredicate <RBSProcessBundleIdentifierPredicate "org.ps2x.ps2entryrunner">>
)} allow:(null)
2026-09-19 19:58:14.956 Df runningboardd[26710:267662] [com.apple.runningboard:process] Checking PreventLaunch: global:0 exPath:(null) predicates:{(
    <RBSProcessPredicate <RBSProcessBundleIdentifierPredicate "org.ps2x.ps2entryrunner">>
)} allow:(null)
2026-09-19 19:58:15.045 Df runningboardd[26710:266e3d] [com.apple.runningboard:process] Checking PreventLaunch: global:0 exPath:(null) predicates:{(
    <RBSProcessPredicate <RBSProcessBundleIdentifierPredicate "org.ps2x.ps2entryrunner">>
)} allow:(null)
2026-09-19 19:58:15.072 Df runningboardd[26710:266e46] [com.apple.runningboard:process] Checking PreventLaunch: global:0 exPath:(null) predicates:{(
    <RBSProcessPredicate <RBSProcessBundleIdentifierPredicate "org.ps2x.ps2entryrunner">>
)} allow:(null)
2026-09-19 19:58:15.136 Df runningboardd[26710:26766b] [com.apple.runningboard:process] Checking PreventLaunch: global:0 exPath:(null) predicates:{(
    <RBSProcessPredicate <RBSProcessBundleIdentifierPredicate "org.ps2x.ps2entryrunner">>
)} allow:(null)
2026-09-19 19:58:15.174 Df runningboardd[26710:267e17] [com.apple.runningboard:process] Checking PreventLaunch: global:0 exPath:(null) predicates:{(
    <RBSProcessPredicate <RBSProcessBundleIdentifierPredicate "org.ps2x.ps2entryrunner">>
)} allow:(null)
2026-09-19 19:58:15.437 Df runningboardd[26710:266e46] [com.apple.runningboard:process] Checking PreventLaunch: global:0 exPath:(null) predicates:{(
    <RBSProcessPredicate <RBSProcessBundleIdentifierPredicate "org.ps2x.ps2entryrunner">>
)} allow:(null)
2026-09-19 19:58:15.507 Df runningboardd[26710:266e4b] [com.apple.runningboard:process] Checking PreventLaunch: global:0 exPath:(null) predicates:{(
    <RBSProcessPredicate <RBSProcessBundleIdentifierPredicate "org.ps2x.ps2entryrunner">>
)} allow:(null)
2026-09-19 19:58:15.625 Df runningboardd[26710:266e4a] [com.apple.runningboard:process] Checking PreventLaunch: global:0 exPath:(null) predicates:{(
    <RBSProcessPredicate <RBSProcessBundleIdentifierPredicate "org.ps2x.ps2entryrunner">>
)} allow:(null)
2026-09-19 19:58:15.660 Df runningboardd[26710:266e4a] [com.apple.runningboard:process] Checking PreventLaunch: global:0 exPath:(null) predicates:{(
    <RBSProcessPredicate <RBSProcessBundleIdentifierPredicate "org.ps2x.ps2entryrunner">>
)} allow:(null)
2026-09-19 19:58:15.911 Df runningboardd[26710:266e4a] [com.apple.runningboard:process] Checking PreventLaunch: global:0 exPath:(null) predicates:{(
    <RBSProcessPredicate <RBSProcessBundleIdentifierPredicate "org.ps2x.ps2entryrunner">>
)} allow:(null)
2026-09-19 19:58:15.959 Df runningboardd[26710:267e17] [com.apple.runningboard:process] Checking PreventLaunch: global:0 exPath:(null) predicates:{(
    <RBSProcessPredicate <RBSProcessBundleIdentifierPredicate "org.ps2x.ps2entryrunner">>
)} allow:(null)
2026-09-19 19:58:16.196 Df runningboardd[26710:267eae] [com.apple.runningboard:process] Checking PreventLaunch: global:0 exPath:(null) predicates:{(
    <RBSProcessPredicate <RBSProcessBundleIdentifierPredicate "org.ps2x.ps2entryrunner">>
)} allow:(null)
2026-09-19 19:58:16.461 Df runningboardd[26710:266e4a] [com.apple.runningboard:process] Checking PreventLaunch: global:0 exPath:(null) predicates:{(
    <RBSProcessPredicate <RBSProcessBundleIdentifierPredicate "org.ps2x.ps2entryrunner">>
)} allow:(null)
2026-09-19 19:58:16.605 Df SpringBoard[26707:266d9e] [com.apple.SpringBoard:Common] termination assertion released for org.ps2x.ps2entryrunner (app not found)
2026-09-19 19:58:16.728 Df SpringBoard[26707:267cfa] [com.apple.launchservices:appinstallation] LaunchServices observer: InstallsStarted (
    "<LSApplicationProxy: 0x1216aeac0> org.ps2x.ps2entryrunner file:///Users/bradrichardson/Library/Developer/CoreSimulator/Devices/4DE6C37C-77EF-45AE-827E-26286E68D022/data/Containers/Bundle/Application/6CF69596-ECF0-46B0-9D71-FDAE7F945C67/ps2EntryRunner.app/ <org.ps2x.ps2entryrunner <placeholder >:1>"
)
2026-09-19 19:58:16.734 Df runningboardd[26710:267662] [com.apple.launchservices:appinstallation] LaunchServices observer: InstallsStarted (
    "<LSApplicationProxy: 0x1065b0000> org.ps2x.ps2entryrunner file:///Users/bradrichardson/Library/Developer/CoreSimulator/Devices/4DE6C37C-77EF-45AE-827E-26286E68D022/data/Containers/Bundle/Application/6CF69596-ECF0-46B0-9D71-FDAE7F945C67/ps2EntryRunner.app/ <org.ps2x.ps2entryrunner <placeholder >:1>"
)
2026-09-19 19:58:16.807 Df SpringBoard[26707:267cfa] [com.apple.frontboard.ApplicationLibrary:observer] -[FBSApplicationLibrary applicationInstallsDidStart:] org.ps2x.ps2entryrunner
2026-09-19 19:58:16.807 Df SpringBoard[26707:267cfa] [com.apple.frontboard.ApplicationLibrary:default] Added placeholder: <SBApplicationPlaceholderProxy: 0x116240f00; org.ps2x.ps2entryrunner (ps2EntryRunner); LSInstallType: StoreDownload>
2026-09-19 19:58:16.807 Df SpringBoard[26707:266d9e] [com.apple.frontboard.ApplicationLibrary:sb.placeholder] App placeholder proxies added: (
    "<SBApplicationPlaceholderProxy: 0x116240f00; org.ps2x.ps2entryrunner (ps2EntryRunner); LSInstallType: StoreDownload>"
), currentlyKnownExistingPlaceholders: {
}
2026-09-19 19:58:16.807 Df SpringBoard[26707:266d9e] [com.apple.appinstallation:TransactionLog] org.ps2x.ps2entryrunner/Unknown Persona:10:0:1:1:Placeholder add BEGIN
2026-09-19 19:58:16.813 Df SpringBoard[26707:267244] [com.apple.launchservices:progress] #LSInstallProgressList add subscriber: <_NSProgressSubscriber: 0x10f50f990> publishingString: org.ps2x.ps2entryrunner
2026-09-19 19:58:16.813 Df SpringBoard[26707:267244] [com.apple.launchservices:progress] Subscribing to progress for app org.ps2x.ps2entryrunner,
2026-09-19 19:58:16.813 E  SpringBoard[26707:267244] [com.apple.frontboard.ApplicationLibrary:placeholder] Non-demoted placeholder for org.ps2x.ps2entryrunner has no associated NSProgress!
2026-09-19 19:58:16.820 Df SpringBoard[26707:266d9e] [com.apple.SpringBoard:Icon] <<SBLeafIcon:0x1216aeb80 [org.ps2x.ps2entryrunner]>> Changing active data source: <SBApplicationIcon: 0x1216aeb80; uniqueIdentifier: org.ps2x.ps2entryrunner; bundleID: org.ps2x.ps2entryrunner>
2026-09-19 19:58:16.820 Df SpringBoard[26707:266d9e] [com.apple.SpringBoard:Icon] <<SBLeafIcon:0x1216aeb80 [org.ps2x.ps2entryrunner]>> Changing from data souce: (null) to data source:org.ps2x.ps2entryrunner.
2026-09-19 19:58:16.820 Df SpringBoard[26707:266d9e] [com.apple.SpringBoard:Icon] Reload icon image of org.ps2x.ps2entryrunner for reason 'active data source did change'
2026-09-19 19:58:16.821 Df SpringBoard[26707:266d9e] [com.apple.SpringBoard:Icon] icon model preparing to add icon to designated location: <SBApplicationIcon: 0x1216aeb80; uniqueIdentifier: org.ps2x.ps2entryrunner; bundleID: org.ps2x.ps2entryrunner>
2026-09-19 19:58:16.833 Df runningboardd[26710:267eae] [com.apple.runningboard:connection] Received termination request from [osservice<com.apple.installcoordinationd>:27014] on <RBSProcessPredicate <RBSProcessBundleIdentifierPredicate "org.ps2x.ps2entryrunner">> with context <RBSTerminateContext| explanation:installcoordinationd app:[org.ps2x.ps2entryrunner/Invalid/[system-defined]] uuid:DAEA2CED-8F91-4A20-89D8-82F51339EF44 isPlaceholder:N reportType:None maxTerminationResistance:Absolute attrs:[
	<RBSPreventLaunchLimitation| <RBSProcessPredicate <RBSProcessBundleIdentifierPredicate "org.ps2x.ps2entryrunner">> allow:(null)>
	]>
2026-09-19 19:58:16.840 Df runningboardd[26710:267eae] [com.apple.runningboard:general] failed to get LSApplicationRecord for org.ps2x.ps2entryrunner - probably OK
2026-09-19 19:58:16.840 Df runningboardd[26710:267eae] [com.apple.runningboard:connection] skipping plugin hold for uninstalled proxy org.ps2x.ps2entryrunner
2026-09-19 19:58:16.841 Df runningboardd[26710:267eae] [com.apple.runningboard:ttl] Acquiring assertion targeting system from originator [osservice<com.apple.installcoordinationd>:27014] with description <RBSAssertionDescriptor| "installcoordinationd app:[org.ps2x.ps2entryrunner/Invalid/[system-defined]] uuid:DAEA2CED-8F91-4A20-89D8-82F51339EF44 isPlaceholder:N" ID:26710-27014-1623 target:system attributes:[
	<RBSPreventLaunchLimitation| <RBSProcessPredicate <RBSProcessBundleIdentifierPredicate "org.ps2x.ps2entryrunner">> allow:(null)>
	]>
2026-09-19 19:58:16.858 Df SpringBoard[26707:266d9e] [com.apple.appinstallation:TransactionLog] org.ps2x.ps2entryrunner/Unknown Persona:10:1:3:1:Created icon for placeholder.
2026-09-19 19:58:16.862 Df SpringBoard[26707:266d9e] [com.apple.frontboard.ApplicationLibrary:sb.placeholder] Placeholders added: (
    "<SBApplicationPlaceholder: 0x10f728060; bundleIdentifier: org.ps2x.ps2entryrunner; displayName: ps2EntryRunner>"
), modified: (
), removed: (null)
2026-09-19 19:58:16.862 Df SpringBoard[26707:266d9e] [com.apple.launchservices:progress] Got progress <NSProgress: org.ps2x.ps2entryrunner phase=InstallingPlaceholder; state=Finished; finalPhase=Installing; fractionCompleted=0.000000> for app org.ps2x.ps2entryrunner,
2026-09-19 19:58:16.863 Df runningboardd[26710:267eae] [com.apple.runningboard:process] Executing termination request for: <RBSProcessPredicate <RBSProcessBundleIdentifierPredicate "org.ps2x.ps2entryrunner">>
2026-09-19 19:58:16.877 Df runningboardd[26710:266e4a] [com.apple.launchservices:appinstallation] LaunchServices observer: MetadataUpdate (
    "org.ps2x.ps2entryrunner"
)
2026-09-19 19:58:16.898 Df SpringBoard[26707:266d9e] [com.apple.appinstallation:TransactionLog] org.ps2x.ps2entryrunner/Unknown Persona:10:2:3:1:Reloading icon image.
2026-09-19 19:58:16.898 Df SpringBoard[26707:266d9e] [com.apple.SpringBoard:Icon] Reload icon image of org.ps2x.ps2entryrunner for reason 'active data source did generate image'
2026-09-19 19:58:16.898 Df SpringBoard[26707:266d9e] [com.apple.SpringBoard:Common] termination assertion acquired for org.ps2x.ps2entryrunner (app not found)
2026-09-19 19:58:16.899 Df SpringBoard[26707:266d9e] [com.apple.appinstallation:TransactionLog] org.ps2x.ps2entryrunner/Unknown Persona:10:2:3:1:Reloading icon image.
2026-09-19 19:58:16.899 Df SpringBoard[26707:266d9e] [com.apple.SpringBoard:Icon] Reload icon image of org.ps2x.ps2entryrunner for reason 'active data source did generate image'
2026-09-19 19:58:16.920 Df SpringBoard[26707:267cf2] [com.apple.launchservices:appinstallation] LaunchServices observer: MetadataUpdate (
    "org.ps2x.ps2entryrunner"
)
2026-09-19 19:58:17.002 Df SpringBoard[26707:267cf9] [com.apple.launchservices:appinstallation] LaunchServices observer: InstallsStarted (
    "<LSApplicationProxy: 0x1217b4000> org.ps2x.ps2entryrunner file:///Users/bradrichardson/Library/Developer/CoreSimulator/Devices/4DE6C37C-77EF-45AE-827E-26286E68D022/data/Containers/Bundle/Application/6CF69596-ECF0-46B0-9D71-FDAE7F945C67/ps2EntryRunner.app/ <org.ps2x.ps2entryrunner <placeholder >:1>"
)
2026-09-19 19:58:17.002 Df SpringBoard[26707:267cf9] [com.apple.frontboard.ApplicationLibrary:observer] -[FBSApplicationLibrary applicationInstallsDidStart:] org.ps2x.ps2entryrunner
2026-09-19 19:58:17.006 Df SpringBoard[26707:266d9e] [com.apple.appinstallation:TransactionLog] org.ps2x.ps2entryrunner/Unknown Persona:10:2:3:1:Reloading icon image.
2026-09-19 19:58:17.006 Df SpringBoard[26707:266d9e] [com.apple.SpringBoard:Icon] Reload icon image of org.ps2x.ps2entryrunner for reason 'active data source did generate image'
2026-09-19 19:58:17.033 Df runningboardd[26710:266e4a] [com.apple.launchservices:appinstallation] LaunchServices observer: InstallsStarted (
    "<LSApplicationProxy: 0x1065b0240> org.ps2x.ps2entryrunner file:///Users/bradrichardson/Library/Developer/CoreSimulator/Devices/4DE6C37C-77EF-45AE-827E-26286E68D022/data/Containers/Bundle/Application/6CF69596-ECF0-46B0-9D71-FDAE7F945C67/ps2EntryRunner.app/ <org.ps2x.ps2entryrunner <placeholder >:1>"
)
2026-09-19 19:58:17.204 Df runningboardd[26710:266e46] [com.apple.runningboard:process] Checking PreventLaunch: global:0 exPath:(null) predicates:{(
    <RBSProcessPredicate <RBSProcessBundleIdentifierPredicate "org.ps2x.ps2entryrunner">>
)} allow:(null)
2026-09-19 19:58:17.606 Df SpringBoard[26707:266d9e] [com.apple.SpringBoard:Common] termination assertion released for org.ps2x.ps2entryrunner (app not found)
2026-09-19 19:58:17.637 Df SpringBoard[26707:266d9e] [com.apple.launchservices:progress] Unpublishing progress block called for app org.ps2x.ps2entryrunner
2026-09-19 19:58:17.637 Df SpringBoard[26707:267240] [com.apple.launchservices:progress] #LSInstallProgressList remove subscriber: <_NSProgressSubscriber: 0x10f50f990> publishingString: org.ps2x.ps2entryrunner
2026-09-19 19:58:17.692 Df runningboardd[26710:267eae] [com.apple.launchservices:appinstallation] Received applicationsDidInstall:(
    "<LSApplicationProxy: 0x1065b0000> org.ps2x.ps2entryrunner file:///Users/bradrichardson/Library/Developer/CoreSimulator/Devices/4DE6C37C-77EF-45AE-827E-26286E68D022/data/Containers/Bundle/Application/813AA66E-03FF-4F2D-B6EB-57210E098028/ps2EntryRunner.app/ <org.ps2x.ps2entryrunner <installed >:0>"
)
2026-09-19 19:58:17.696 Df SpringBoard[26707:267f1e] [com.apple.launchservices:appinstallation] Received applicationsDidInstall:(
    "<LSApplicationProxy: 0x1186be580> org.ps2x.ps2entryrunner file:///Users/bradrichardson/Library/Developer/CoreSimulator/Devices/4DE6C37C-77EF-45AE-827E-26286E68D022/data/Containers/Bundle/Application/813AA66E-03FF-4F2D-B6EB-57210E098028/ps2EntryRunner.app/ <org.ps2x.ps2entryrunner <installed >:0>"
)
2026-09-19 19:58:17.704 Df runningboardd[26710:267eae] [com.apple.appinstallation:TransactionLog] org.ps2x.ps2entryrunner/Unknown Persona:5:8:3:1:applicationsDidInstall <LSApplicationProxy: 0x1065b00c0> org.ps2x.ps2entryrunner file:///Users/bradrichardson/Library/Developer/CoreSimulator/Devices/4DE6C37C-77EF-45AE-827E-26286E68D022/data/Containers/Bundle/Application/813AA66E-03FF-4F2D-B6EB-57210E098028/ps2EntryRunner.app/ <org.ps2x.ps2entryrunner <installed >:0>
2026-09-19 19:58:17.753 Df SpringBoard[26707:267f1e] [com.apple.appinstallation:TransactionLog] org.ps2x.ps2entryrunner/Unknown Persona:5:8:3:1:applicationsDidInstall <LSApplicationProxy: 0x1186be1c0> org.ps2x.ps2entryrunner file:///Users/bradrichardson/Library/Developer/CoreSimulator/Devices/4DE6C37C-77EF-45AE-827E-26286E68D022/data/Containers/Bundle/Application/813AA66E-03FF-4F2D-B6EB-57210E098028/ps2EntryRunner.app/ <org.ps2x.ps2entryrunner <installed >:0>
2026-09-19 19:58:17.753 Df SpringBoard[26707:267f1e] [com.apple.frontboard.ApplicationLibrary:observer] -[FBSApplicationLibrary applicationsDidInstall:] org.ps2x.ps2entryrunner
2026-09-19 19:58:17.773 Df SpringBoard[26707:267f1e] [com.apple.frontboard.ApplicationLibrary:default] Removed placeholder: <SBApplicationPlaceholderProxy: 0x116240f00; org.ps2x.ps2entryrunner (ps2EntryRunner); LSInstallType: StoreDownload>
2026-09-19 19:58:17.774 Df SpringBoard[26707:267f1e] [com.apple.SpringBoard:Common] org.ps2x.ps2entryrunner updated restrictionReason: 0
2026-09-19 19:58:17.774 Df SpringBoard[26707:267f1e] [com.apple.frontboard.ApplicationLibrary:default] Added application: <SBApplicationInfo: 0x10bfdc300; org.ps2x.ps2entryrunner (ps2EntryRunner)>
2026-09-19 19:58:17.774 Df SpringBoard[26707:266d9e] [com.apple.frontboard.ApplicationLibrary:sb.placeholder] App placeholder proxies installed: (
    "<SBApplicationPlaceholderProxy: 0x116240f00; org.ps2x.ps2entryrunner (ps2EntryRunner); LSInstallType: StoreDownload>"
)
2026-09-19 19:58:17.774 Df SpringBoard[26707:266d9e] [com.apple.appinstallation:TransactionLog] org.ps2x.ps2entryrunner/Unknown Persona:10:4:1:1:Placeholder remove BEGIN
2026-09-19 19:58:17.774 Df SpringBoard[26707:266d9e] [com.apple.SplashBoard:FileManifest] org.ps2x.ps2entryrunner Manifest is empty; purging everything at /Users/bradrichardson/Library/Developer/CoreSimulator/Devices/4DE6C37C-77EF-45AE-827E-26286E68D022/data/Containers/Data/Application/66B79458-8486-4FF6-A021-87B6892848D3/Library/SplashBoard/Snapshots
2026-09-19 19:58:17.774 E  SpringBoard[26707:266d9e] [com.apple.SpringBoard:Workspace] [org.ps2x.ps2entryrunner] savedCachedGUIDString=(null) currentCacheGUID=5382FDFD-06CA-4A0C-8ED3-B766E6B54F8E savedInstallInstanceID=(null) currentInstallInstanceID=file:///Users/bradrichardson/Library/Developer/CoreSimulator/Devices/4DE6C37C-77EF-45AE-827E-26286E68D022/data/Containers/Bundle/Application/813AA66E-03FF-4F2D-B6EB-57210E098028/ps2EntryRunner.app/ savedIngestorVersionNSNumber=(null) currentIngestorVersion=5 dataStore=<FBSApplicationDataStore: 0x10f632ee0; org.ps2x.ps2entryrunner (legacy)>
2026-09-19 19:58:17.774 E  SpringBoard[26707:266d9e] [com.apple.SplashBoard:FileManifest] [org.ps2x.ps2entryrunner] ID Mismatch. purging and reingesting. savedCachedGUIDString=(null) currentCacheGUID=5382FDFD-06CA-4A0C-8ED3-B766E6B54F8E savedInstallInstanceID=(null) currentInstallInstanceID=file:///Users/bradrichardson/Library/Developer/CoreSimulator/Devices/4DE6C37C-77EF-45AE-827E-26286E68D022/data/Containers/Bundle/Application/813AA66E-03FF-4F2D-B6EB-57210E098028/ps2EntryRunner.app/ savedIngestorVersionNSNumber=(null) currentIngestorVersion=5 dataStore=<FBSApplicationDataStore: 0x10f632ee0; org.ps2x.ps2entryrunner (legacy)>
2026-09-19 19:58:17.775 Df SpringBoard[26707:266d9e] [com.apple.appinstallation:TransactionLog] org.ps2x.ps2entryrunner/Unknown Persona:10:10:3:1:Application added
2026-09-19 19:58:17.776 Df SpringBoard[26707:267f1e] [com.apple.SplashBoard:FileManifest] Applications were added. Updating launch images for: (
    "org.ps2x.ps2entryrunner"
)
2026-09-19 19:58:17.778 Df SpringBoard[26707:266d9e] [com.apple.SpringBoard:Common] Installed apps did change.
Added: {(
    "org.ps2x.ps2entryrunner"
)}
Removed: {(
)}
Replaced: {(
)}
Updated: (null)
2026-09-19 19:58:17.779 Df SpringBoard[26707:266d9e] [com.apple.SpringBoard:Widgets] handleRemovedDataSource:<SBApplicationPlaceholder: 0x10f728060; bundleIdentifier: org.ps2x.ps2entryrunner; displayName: ps2EntryRunner; progress: 100%; state: Finished> ofIcon:<SBApplicationIcon: 0x1216aeb80; uniqueIdentifier: org.ps2x.ps2entryrunner; bundleID: org.ps2x.ps2entryrunner>
2026-09-19 19:58:17.780 Df SpringBoard[26707:266d9e] [com.apple.SpringBoard:Icon] <<SBLeafIcon:0x1216aeb80 [org.ps2x.ps2entryrunner]>> Changing active data source: <SBApplicationIcon: 0x1216aeb80; uniqueIdentifier: org.ps2x.ps2entryrunner; bundleID: org.ps2x.ps2entryrunner>
2026-09-19 19:58:17.780 Df SpringBoard[26707:266d9e] [com.apple.SpringBoard:Icon] <<SBLeafIcon:0x1216aeb80 [org.ps2x.ps2entryrunner]>> Changing from data souce: org.ps2x.ps2entryrunner to data source:org.ps2x.ps2entryrunner.
2026-09-19 19:58:17.781 Df SpringBoard[26707:266d9e] [com.apple.SpringBoard:Icon] Reload icon image of org.ps2x.ps2entryrunner for reason 'active data source did change'
2026-09-19 19:58:17.781 Df SpringBoard[26707:266d9e] [com.apple.frontboard.ApplicationLibrary:sb.placeholder] Placeholders added: (null), modified: (null), removed: (
    "<SBApplicationPlaceholder: 0x10f728060; bundleIdentifier: org.ps2x.ps2entryrunner; displayName: ps2EntryRunner; progress: 100%; state: Finished>"
)
2026-09-19 19:58:17.817 E  SpringBoard[26707:267f1e] [com.apple.SplashBoard:Capture] Unable to generate launch image for org.ps2x.ps2entryrunner because the app has no valid launch interfaces.
2026-09-19 19:58:17.880 Df SpringBoard[26707:267f00] [com.apple.SpringBoard:ProactiveAppLibrary] (2) Library category map changes: LHS: 0x121659e00
RHS: 0x118454cc0
	-->CategoryIdentifiers: 
		INSERT <SBHLibraryCategoryIdentifier: 0x121599b90; localizedDisplayName: Other; predictionCategoryID: 3001>
Category id '<SBHLibraryCategoryIdentifier: 0x121599e60; localizedDisplayName: " System"; predictionCategoryID: 3000>' name change from '(null)'->'(null)'Category id '<SBHLibraryCategoryIdentifier: 0x121599b90; localizedDisplayName: Other; predictionCategoryID: 3001>' name change from '(null)'->'(null)'	-->Other: 
		INSERT org.ps2x.ps2entryrunner
2026-09-19 19:58:17.980 Df SpringBoard[26707:267efe] [com.apple.UserNotifications:DataProviderFactory] [org.ps2x.ps2entryrunner] Application installed using default data provider
2026-09-19 19:58:17.980 Df SpringBoard[26707:267efe] [com.apple.UserNotifications:Settings] Getting sectionInfos for section identifiers: {(
    "org.ps2x.ps2entryrunner"
)}
2026-09-19 19:58:17.982 Df SpringBoard[26707:267efe] [com.apple.UserNotifications:Settings] [{(
    "org.ps2x.ps2entryrunner"
)}] Got section infos [ hasResult: 1 ]
2026-09-19 19:58:18.824 Df SpringBoard[26707:267efd] [com.apple.SplashBoard:FileManifest] <XBApplicationSnapshotManifestImpl: 0x11634e200> [org.ps2x.ps2entryrunner] We don't have any snapshots, so we're clearing our manifest data.
2026-09-19 19:58:21.232 Df SpringBoard[26707:267f0b] [com.apple.launchservices:progress] #LSInstallProgressList add subscriber: <_NSProgressSubscriber: 0x10f6336f0> publishingString: org.ps2x.ps2entryrunner
2026-09-19 19:58:23.966 Df SpringBoard[26707:267f0b] [com.apple.launchservices:progress] Subscribing to progress for app org.ps2x.ps2entryrunner,
2026-09-19 19:58:49.535 Df SpringBoard[26707:267f0c] [com.apple.FrontBoard:Common] [FBSystemService][0x486d] Received request to open "org.ps2x.ps2entryrunner" from CoreSimulatorBr:26737.
2026-09-19 19:58:49.535 Df SpringBoard[26707:267f0c] [com.apple.FrontBoard:Common] [FBSystemService][0x486d] Activation request for org.ps2x.ps2entryrunner contained LSCacheGUID 5382FDFD-06CA-4A0C-8ED3-B766E6B54F8E and LSSequenceNumber 728.
2026-09-19 19:58:49.536 Df SpringBoard[26707:266d9e] [com.apple.FrontBoard:Common] [FBSystemService][0x486d] Activation request for org.ps2x.ps2entryrunner will wait 10.00s for app availability, with retry every 2.00s.
2026-09-19 19:58:49.536 Df SpringBoard[26707:266d9e] [com.apple.FrontBoard:Common] [FBSystemService][0x486d] Attempting activation of org.ps2x.ps2entryrunner with {UUID: 5382FDFD-06CA-4A0C-8ED3-B766E6B54F8E, Sequence: 728} vs {UUID: 5382FDFD-06CA-4A0C-8ED3-B766E6B54F8E, Sequence: 728}
2026-09-19 19:58:49.536 Df SpringBoard[26707:266d9e] [com.apple.SpringBoard:Workspace] Received trusted open application request for "org.ps2x.ps2entryrunner" from <FBProcess: 0x10bf5ca80; osservice<com.apple.CoreSimulator.bridge>:26737(v7CE5D)>.
2026-09-19 19:58:49.538 Df SpringBoard[26707:266d9e] [com.apple.SpringBoard:Common] Executing request: <SBMainWorkspaceTransitionRequest: 0x11c4897c0; eventLabel: OpenApplication(sceneID:org.ps2x.ps2entryrunner-default)ForRequester(CoreSimulatorBr.26737); display: Main; source: FBSystemService>
2026-09-19 19:58:49.538 Df SpringBoard[26707:266d9e] [com.apple.FrontBoard:Common] [FBWorkspaceEvent] Executing: <FBWorkspaceEvent: 0x12158ef80; OpenApplication(sceneID:org.ps2x.ps2entryrunner-default)ForRequester(CoreSimulatorBr.26737)>
2026-09-19 19:58:49.541 Df SpringBoard[26707:266d9e] [com.apple.SpringBoard:TraitsArbiter] [SwitcherOrientation] outSwitcherOrientation: portrait (1), outElementsOrientations: {
    "sceneID:org.ps2x.ps2entryrunner-default" = 1;
}
2026-09-19 19:58:49.543 Df SpringBoard[26707:266d9e] [com.apple.SpringBoard:Transaction] Running <SBAppToAppWorkspaceTransaction: 0x121773480> for transition request:
<SBMainWorkspaceTransitionRequest: 0x11c4897c0; eventLabel: OpenApplication(sceneID:org.ps2x.ps2entryrunner-default)ForRequester(CoreSimulatorBr.26737); display: Main; source: FBSystemService> {
    applicationContext = <SBWorkspaceApplicationSceneTransitionContext: 0x1220e1680; background: NO> entities = {
        SBLayoutRolePrimary = <SBDeviceApplicationSceneEntity: 0x122076030; ID: sceneID:org.ps2x.ps2entryrunner-default; layoutRole: primary>;
    };
}
2026-09-19 19:58:49.543 Df SpringBoard[26707:266d9e] [preflight:SceneHostedPreflight] [Source: TCCs] org.ps2x.ps2entryrunner requires preflight: false
2026-09-19 19:58:49.543 Df SpringBoard[26707:266d9e] [preflight:SceneHostedPreflight] [Source: ScreenTime] org.ps2x.ps2entryrunner requires preflight: false
2026-09-19 19:58:49.544 Df SpringBoard[26707:266d9e] [com.apple.SpringBoard:Common] Generating initialization context on main thread for: org.ps2x.ps2entryrunner
2026-09-19 19:58:49.544 Df SpringBoard[26707:267f0c] [com.apple.FrontBoard:Process] Asked to bootstrap a new process with identity: app<org.ps2x.ps2entryrunner((null))>
2026-09-19 19:58:49.544 Df SpringBoard[26707:267f0c] [com.apple.FrontBoard:Process] Creating process (sync=true) with identity: app<org.ps2x.ps2entryrunner((null))>
2026-09-19 19:58:49.544 Df SpringBoard[26707:267f0c] [com.apple.FrontBoard:ProcessWorkspace] Created <FBWorkspace: 0x11c48aa80; <FBApplicationProcess: 0x121772d00; app<org.ps2x.ps2entryrunner>:<invalid>>>
2026-09-19 19:58:49.544 Df SpringBoard[26707:267f0c] [com.apple.FrontBoard:Process] Bootstrapping app<org.ps2x.ps2entryrunner> with intent foreground-interactive
2026-09-19 19:58:49.545 Df runningboardd[26710:266e3d] [com.apple.DynamicPrefetching:default] start_scenario: recording pageins for bundleid "org.ps2x.ps2entryrunner" scenario "Launch"
2026-09-19 19:58:49.545 Df runningboardd[26710:266e3d] [com.apple.DynamicPrefetching:default] start_scenario: Prefetching clean profile for bundleid "org.ps2x.ps2entryrunner" scenario "Launch"
2026-09-19 19:58:49.545 Df runningboardd[26710:266e46] [com.apple.runningboard:ttl] Acquiring assertion targeting app<org.ps2x.ps2entryrunner((null))> from originator [osservice<com.apple.SpringBoard>:26707] with description <RBSAssertionDescriptor| "FBApplicationProcess" ID:26710-26707-4976 target:app<org.ps2x.ps2entryrunner((null))> attributes:[
	<RBSDomainAttribute| domain:"com.apple.frontboard" name:"SuspendableLPRunReason-Resume" sourceEnvironment:"(null)">,
	<RBSDomainAttribute| domain:"com.apple.frontboard" name:"Visibility" sourceEnvironment:"(null)">,
	<RBSDomainAttribute| domain:"com.apple.frontboard" name:"SuspendableRole-UIFocal" sourceEnvironment:"(null)">,
	<RBSDomainAttribute| domain:"com.apple.frontboard" name:"SuspendableJetsamPriority-Foreground" sourceEnvironment:"(null)">,
	<RBSDomainAttribute| domain:"com.apple.frontboard" name:"SuspendableBootstrapping" sourceEnvironment:"(null)">,
	<RBSDomainAttribute| domain:"com.apple.pagein-prefetching" name:"LaunchPrefetch" sourceEnvironment:"(null)">
	]>
2026-09-19 19:58:49.546 E  runningboardd[26710:266e46] [com.apple.runningboard:assertion] Multiple RBSRunningReasonAttribute provided: 10000 vs 20838. First one wins, but client should be fixed for assertion 26710-26707-4976 (target:app<org.ps2x.ps2entryrunner((null))>)
2026-09-19 19:58:49.546 Df runningboardd[26710:266e46] [com.apple.runningboard:ttl] Assertion 26710-26707-4976 (target:app<org.ps2x.ps2entryrunner((null))>) will be created as active
2026-09-19 19:58:49.546 Df runningboardd[26710:266e3d] [com.apple.runningboard:job] Creating and launching job for: app<org.ps2x.ps2entryrunner((null))>
2026-09-19 19:58:49.546 Df runningboardd[26710:266e3d] [com.apple.runningboard:general] _mutateContextIfNeeded called for org.ps2x.ps2entryrunner
2026-09-19 19:58:49.547 Df runningboardd[26710:266e3d] [com.apple.runningboard:job] app<org.ps2x.ps2entryrunner((null))> Looking up container path with persona (null) using container identifier 'org.ps2x.ps2entryrunner'
2026-09-19 19:58:49.548 Df runningboardd[26710:266e46] [com.apple.runningboard:job_oversize] 'app<org.ps2x.ps2entryrunner((null))>' Constructed job description:
<dictionary: 0x109e19080> { count = 23, transaction: 0, voucher = 0x0, contents =
	"ProcessType" => <string: 0x109e674e0> { string cache = 0x0, length = 3, contents = "App" }
	"EnableTransactions" => <bool: 0x222423a90>: false
	"_ManagedBy" => <string: 0x109e652c0> { string cache = 0x0, length = 22, contents = "com.apple.runningboard" }
	"RootedSimulatorPath" => <bool: 0x222423a70>: true
	"StandardOutPath" => <string: 0x109e65c50> { string cache = 0x0, length = 51, contents = "/Volumes/Extreme SSD/ps2x-i6/logs/launch-stdout.log" }
	"CFBundleIdentifier" => <string: 0x109e64b40> { string cache = 0x0, length = 23, contents = "org.ps2x.ps2entryrunner" }
	"_ResourceCoalition" => <string: 0x109e643c0> { string cache = 0x0, length = 36, contents = "app<org.ps2x.ps2entryrunner((null))>" }
	"_POSIXSpawnTelemetryPageIn" => <bool: 0x222423a70>: true
	"ThrottleInterval" => <int64: 0x805f341a872dd7e7>: 2147483647
	"StandardErrorPath" => <string: 0x109e64630> { string cache = 0x0, length = 51, contents = "/Volumes/Extreme SSD/ps2x-i6/logs/launch-stderr.log" }
	"MachServices" => <dictionary: 0x109e19e00> { count = 0, transaction: 0, voucher = 0x0, contents =
	}
	"EnablePressuredExit" => <bool: 0x222423a90>: false
	"InitialTaskRole" => <int64: 0x805f341978d22817>: 1
	"UserName" => <string: 0x109e65890> { string cache = 0x0, length = 6, contents = "mobile" }
	"EnvironmentVariables" => <dictionary: 0x109e1bf00> { count = 5, transaction: 0, voucher = 0x0, contents =
		"TMPDIR" => <string: 0x109e67ed0> { string cache = 0x0, length = 172, contents = "/Users/bradrichardson/Library/Developer/CoreSimulator/Devices/4DE6C37C-77EF-45AE-827E-26286E68D022/data/Containers/Data/Application/66B79458-8486-4FF6-A021-87B6892848D3/tmp" }
		"HOME" => <string: 0x109e66550> { string cache = 0x0, length = 168, contents = "/Users/bradrichardson/Library/Developer/CoreSimulator/Devices/4DE6C37C-77EF-45AE-827E-26286E68D022/data/Containers/Data/Application/66B79458-8486-4FF6-A021-87B6892848D3" }
		"CFFIXED_USER_HOME" => <string: 0x109e66490> { string cache = 0x0, length = 168, contents = "/Users/bradrichardson/Library/Developer/CoreSimulator/Devices/4DE6C37C-77EF-45AE-827E-26286E68D022/data/Containers/Data/Application/66B79458-8486-4FF6-A021-87B6892848D3" }
		"TERM" => <string: 0x109e67030> { string cache = 0x0, length = 14, contents = "xterm-256color" }
		"_DYLD_CLOSURE_HOME" => <string: 0x109e67840> { string cache = 0x0, length = 168, contents = "/Users/bradrichardson/Library/Developer/CoreSimulator/Devices/4DE6C37C-77EF-45AE-827E-26286E68D022/data/Containers/Data/Application/66B79458-8486-4FF6-A021-87B6892848D3" }
	}
	"_AdditionalProperties" => <dictionary: 0x109e1b3c0> { count = 1, transaction: 0, voucher = 0x0, contents =
		"RunningBoard" => <dictionary: 0x109e1a3a0> { count = 3, transaction: 0, voucher = 0x0, contents =
			"Managed" => <bool: 0x222423a70>: true
			"RunningBoardLaunchedIdentity" => <dictionary: 0x109e19620> { count = 2, transaction: 0, voucher = 0x0, contents =
				"TYPE" => <int64: 0x805f341978d2280f>: 2
				"EAI" => <string: 0x109e67e40> { string cache = 0x0, length = 23, contents = "org.ps2x.ps2entryrunner" }
			}
			"RunningBoardLaunched" => <bool: 0x222423a70>: true
		}
	}
	"ExitTimeOut" => <int64: 0x805f341978d22817>: 1
	"Label" => <string: 0x109e671b0> { string cache = 0x0, length = 57, contents = "UIKitApplication:org.ps2x.ps2entryrunner[3549][rb-legacy]" }
	"MaterializeDatalessFiles" => <bool: 0x222423a70>: true
	"SandboxContainer" => <string: 0x109e64090> { string cache = 0x0, length = 168, contents = "/Users/bradrichardson/Library/Developer/CoreSimulator/Devices/4DE6C37C-77EF-45AE-827E-26286E68D022/data/Containers/Data/Application/66B79458-8486-4FF6-A021-87B6892848D3" }
	"_LaunchType" => <int64: 0x805f341978d22807>: 3
	"ProgramArguments" => <array: 0x109e645d0> { count = 1, capacity = 10, contents =
		0: <string: 0x109e66430> { string cache = 0x0, length = 204, contents = "/Users/bradrichardson/Library/Developer/CoreSimulator/Devices/4DE6C37C-77EF-45AE-827E-26286E68D022/data/Containers/Bundle/Application/813AA66E-03FF-4F2D-B6EB-57210E098028/ps2EntryRunner.app/ps2EntryRunner" }
	}
	"Program" => <string: 0x109e676c0> { string cache = 0x0, length = 204, contents = "/Users/bradrichardson/Library/Developer/CoreSimulator/Devices/4DE6C37C-77EF-45AE-827E-26286E68D022/data/Containers/Bundle/Application/813AA66E-03FF-4F2D-B6EB-57210E098028/ps2EntryRunner.app/ps2EntryRunner" }
}
2026-09-19 19:58:49.561 E  launchd_sim[26704:2689ad] [user/501/UIKitApplication:org.ps2x.ps2entryrunner[3549][rb-legacy] [27360]:] Service could not initialize: Unable to open stdout path (/Volumes/Extreme SSD/ps2x-i6/logs/launch-stdout.log), error 0x1 - Operation not permitted
2026-09-19 19:58:49.561 E  runningboardd[26710:266e3d] [com.apple.libxpc.OSLaunchdJob:all] <OSLaunchdJob | handle=81DF0751-1C38-4AA5-A136-DA11D189FC6E>: job failed to spawn, plist={
	ProcessType => App
	EnableTransactions => false
	_ManagedBy => com.apple.runningboard
	RootedSimulatorPath => true
	StandardOutPath => /Volumes/Extreme SSD/ps2x-i6/logs/launch-stdout.log
	CFBundleIdentifier => org.ps2x.ps2entryrunner
	_ResourceCoalition => app<org.ps2x.ps2entryrunner((null))>
	_POSIXSpawnTelemetryPageIn => true
	ThrottleInterval => 2147483647
	StandardErrorPath => /Volumes/Extreme SSD/ps2x-i6/logs/launch-stderr.log
	MachServices => {
	}
	EnablePressuredExit => false
	InitialTaskRole => 1
	UserName => mobile
	EnvironmentVariables => {
		TMPDIR => /Users/bradrichardson/Library/Developer/CoreSimulator/Devices/4DE6C37C-77EF-45AE-827E-26286E68D022/data/Containers/Data/Application/66B79458-8486-4FF6-A021-87B6892848D3/tmp
		HOME => /Users/bradrichardson/Library/Developer/CoreSimulator/Devices/4DE6C37C-77EF-45AE-827E-26286E68D022/data/Containers/Data/Application/66B79458-8486-4FF6-A021-87B6892848D3
		CFFIXED_USER_HOME => /<…>
2026-09-19 19:58:49.561 Df runningboardd[26710:266e3d] [com.apple.runningboard:ttl] Invalidating assertion 26710-26707-4976 (target:app<org.ps2x.ps2entryrunner((null))>) from originator [osservice<com.apple.SpringBoard>:26707]
2026-09-19 19:58:49.562 Df runningboardd[26710:266e3d] [com.apple.runningboard:general] Full encoding handle <inert:[app<org.ps2x.ps2entryrunner((null))>:-1]*>, with data 0, and pid -1
2026-09-19 19:58:49.562 Df SpringBoard[26707:267f1e] [com.apple.runningboard:monitor] Received state update for -1 (app<org.ps2x.ps2entryrunner((null))>, none-Visible
2026-09-19 19:58:49.562 E  SpringBoard[26707:267f0c] [com.apple.FrontBoard:Process] Bootstrapping failed for <FBApplicationProcess: 0x121772d00; app<org.ps2x.ps2entryrunner>:<invalid>> with error: <NSError: 0x116118a80; domain: RBSRequestErrorDomain; code: 5; "Launch failed."> {
    NSUnderlyingError = <NSError: 0x116119920; domain: NSPOSIXErrorDomain; code: 1> {
        NSLocalizedDescription = Launchd job spawn failed;
    };
}
2026-09-19 19:58:49.562 Df SpringBoard[26707:267f0c] [com.apple.FrontBoard:Process] [app<org.ps2x.ps2entryrunner>:-1] Now flagged as pending exit for reason: Bootstrap failed
2026-09-19 19:58:49.562 Df SpringBoard[26707:267f0c] [com.apple.FrontBoard:Process] [app<org.ps2x.ps2entryrunner>:-1] Connection to remote process was not established.
2026-09-19 19:58:49.562 Df SpringBoard[26707:267f0c] [com.apple.FrontBoard:Process] Adding: <FBApplicationProcess: 0x121772d00; app<org.ps2x.ps2entryrunner>:<invalid>>
2026-09-19 19:58:49.562 Df launchd_sim[26704:2689ad] [user/501:] service inactive: UIKitApplication:org.ps2x.ps2entryrunner[3549][rb-legacy]
2026-09-19 19:58:49.562 Df launchd_sim[26704:2689ad] [user/501:] removing service: UIKitApplication:org.ps2x.ps2entryrunner[3549][rb-legacy]
2026-09-19 19:58:49.581 Df SpringBoard[26707:266d9e] [com.apple.SpringBoard:KeyboardFocus] _updateDeferringRules(didMoveToParentViewController) sceneID:org.ps2x.ps2entryrunner-default hasParent:YES contentState:notReady hasRule:NO wantsRule:NO
2026-09-19 19:58:49.581 Df SpringBoard[26707:266d9e] [com.apple.SpringBoard:KeyboardFocus] _updateDeferringRules(didMoveToParentViewController) outcome:(no change) sceneID:org.ps2x.ps2entryrunner-default
2026-09-19 19:58:49.581 Df SpringBoard[26707:266d9e] [com.apple.SpringBoard:AppRestrictionsOverlay] [sceneID:org.ps2x.ps2entryrunner-default] init without scene; waiting for scene creation
2026-09-19 19:58:49.585 Df SpringBoard[26707:266d9e] [com.apple.SpringBoard:AppRestrictionsOverlay] [sceneID:org.ps2x.ps2entryrunner-default] tearing down vc for overlay: 0x0
2026-09-19 19:58:49.585 Df SpringBoard[26707:266d9e] [com.apple.SpringBoard:KeyboardFocus] _updateDeferringRules(didMoveToParentViewController) sceneID:org.ps2x.ps2entryrunner-default hasParent:YES contentState:notReady hasRule:NO wantsRule:NO
2026-09-19 19:58:49.585 Df SpringBoard[26707:266d9e] [com.apple.SpringBoard:KeyboardFocus] _updateDeferringRules(didMoveToParentViewController) outcome:(no change) sceneID:org.ps2x.ps2entryrunner-default
2026-09-19 19:58:49.585 Df SpringBoard[26707:266d9e] [com.apple.SpringBoard:AppSwitcher] <SBFullScreenSwitcherLiveContentOverlayCoordinator: 0x116331400> Adding SwitcherScene overlay for: <SBAppLayout: 0x122103c60; primary: org.ps2x.ps2entryrunner:default; environment: main>, animated: NO
2026-09-19 19:58:49.586 Df SpringBoard[26707:266d9e] [com.apple.SpringBoard:ZStack] _updatePreferences <Switcher>: {
    activationPolicyForParticipantsBelow: AtMostBG;
    homeAffordanceDrawingSuppression: Default;
    associatedSceneIdentifiersToSuppressInSystemAperture: (
        sceneID:org.ps2x.ps2entryrunner-default
    );
    associatedBundleIdentifiersToSuppressInSystemAperture: (
        org.ps2x.ps2entryrunner
    );
    allowsDimmingWhenForegroundInactive: No;
}
2026-09-19 19:58:49.586 Df SpringBoard[26707:266d9e] [com.apple.SpringBoard:SystemApertureViewController] Invalidating promoted elements with coversheet suppression NO liquid detection suppression NO proximity reader suppression NO system chrome suppression NO bundleIDs {(
    "org.ps2x.ps2entryrunner"
)} sceneIds {(
    "sceneID:org.ps2x.ps2entryrunner-default"
)}
2026-09-19 19:58:49.586 Df SpringBoard[26707:266d9e] [com.apple.SpringBoard:ZStack] Resolved Stack (update(Switcher)) [
    Highest: ⬇ ,
    SystemAperture: ⬇ ,
    HUD: ⬇ ,
    TransientOverlayPresentation: ⬇ ,
    Switcher: ownsHomeGesture; FGActive; homeAffordanceDrawingSuppressed: Y->N; suppressedBundles: (none)->org.ps2x.ps2entryrunner; suppressedScenes: 0->1,
    HomeScreen: FGActive->BG
]
2026-09-19 19:58:49.587 Df SpringBoard[26707:266d9e] [com.apple.SpringBoard:Common] [DeviceSceneHandle] sceneID:org.ps2x.ps2entryrunner-default display=Main bounds={{0, 0}, {402, 874}} sceneFrame={{0, 0}, {402, 874}} capability=.None
2026-09-19 19:58:49.587 Df SpringBoard[26707:266d9e] [com.apple.SpringBoard:TraitsArbiter] [DeviceSceneHandle] Did set interfaceOrientation[1] on scene with identifier[sceneID:org.ps2x.ps2entryrunner-default]
2026-09-19 19:58:49.587 Df SpringBoard[26707:266d9e] [com.apple.SpringBoard:ContinuitySession] modifying scene setting userInterfaceStyle to Light displayIdentity: Main forSceneManagers: Main <SBDeviceApplicationSceneHandle: 0x12207ca00; sceneID: sceneID:org.ps2x.ps2entryrunner-default; scenePointer: 0x0>
2026-09-19 19:58:49.587 Df SpringBoard[26707:266d9e] [preflight:SceneHostedPreflight] [Source: TCCs] org.ps2x.ps2entryrunner requires preflight: false
2026-09-19 19:58:49.587 Df SpringBoard[26707:266d9e] [preflight:SceneHostedPreflight] [Source: ScreenTime] org.ps2x.ps2entryrunner requires preflight: false
2026-09-19 19:58:49.591 Df SpringBoard[26707:266d9e] [com.apple.SpringBoard:Common] [SBApplicationSceneUpdateTransaction] org.ps2x.ps2entryrunner requiresPreflight: false false (null)
2026-09-19 19:58:49.591 Df SpringBoard[26707:266d9e] [com.apple.SpringBoard:Common] [SBApplicationSceneUpdateTransaction] org.ps2x.ps2entryrunner not running preflight as not restricted
2026-09-19 19:58:49.662 Df runningboardd[26710:266e46] [com.apple.runningboard:assertion] Removed last relative-start-date-defining assertion for process app<org.ps2x.ps2entryrunner((null))>
2026-09-19 19:58:49.662 Df runningboardd[26710:266e4b] [com.apple.runningboard:general] Full encoding handle <inert:[app<org.ps2x.ps2entryrunner((null))>:-1]*>, with data 0, and pid -1
2026-09-19 19:58:49.662 Df SpringBoard[26707:2689ea] [com.apple.runningboard:monitor] Received state update for -1 (app<org.ps2x.ps2entryrunner((null))>, none-NotVisible
2026-09-19 19:58:49.666 Df SpringBoard[26707:267f0c] [com.apple.FrontBoard:Process] [app<org.ps2x.ps2entryrunner>:-1] Process exited: .
2026-09-19 19:58:49.666 Df SpringBoard[26707:267f0c] [com.apple.FrontBoard:Process] [app<org.ps2x.ps2entryrunner>:-1] Setting process task state to: Not Running
2026-09-19 19:58:49.666 Df SpringBoard[26707:267f0c] [com.apple.FrontBoard:ProcessWorkspace] [app<org.ps2x.ps2entryrunner>:-1] Invalidating workspace.
2026-09-19 19:58:49.666 Df SpringBoard[26707:267f0c] [com.apple.FrontBoard:Process] Removing: <FBApplicationProcess: 0x121772d00; app<org.ps2x.ps2entryrunner>:<invalid>>
2026-09-19 19:58:49.666 Df SpringBoard[26707:266d9e] [com.apple.SpringBoard:Workspace] Process exited: <FBApplicationProcess: 0x121772d00; app<org.ps2x.ps2entryrunner>:<invalid>> ->
2026-09-19 19:58:49.667 Df SpringBoard[26707:266d9e] [com.apple.SpringBoard:Common] Application process state changed for org.ps2x.ps2entryrunner: (null)
2026-09-19 19:58:49.670 Df SpringBoard[26707:266d9e] [preflight:SceneHostedPreflight] [Preflighter: TCCs] org.ps2x.ps2entryrunner requires preflight: false
2026-09-19 19:58:49.670 Df SpringBoard[26707:266d9e] [preflight:SceneHostedPreflight] [Preflighter: ScreenTime] org.ps2x.ps2entryrunner requires preflight: false
2026-09-19 19:58:49.670 Df SpringBoard[26707:266d9e] [com.apple.SpringBoard:AppRestrictionsOverlay] [sceneID:org.ps2x.ps2entryrunner-default] didCreateScene
2026-09-19 19:58:49.670 Df SpringBoard[26707:266d9e] [preflight:SceneHostedPreflight] [Preflighter: TCCs] org.ps2x.ps2entryrunner requires preflight: false
2026-09-19 19:58:49.670 Df SpringBoard[26707:266d9e] [preflight:SceneHostedPreflight] [Preflighter: ScreenTime] org.ps2x.ps2entryrunner requires preflight: false
2026-09-19 19:58:49.670 Df SpringBoard[26707:266d9e] [preflight:PreflightSceneExtension] sceneID:org.ps2x.ps2entryrunner-default: returning requiresPreflight FALSE as there's no activePreflightSource
2026-09-19 19:58:49.670 Df SpringBoard[26707:266d9e] [com.apple.SpringBoard:AppRestrictionsOverlay] [sceneID:org.ps2x.ps2entryrunner-default] tearing down vc for overlay: 0x0
2026-09-19 19:58:49.671 Df SpringBoard[26707:266d9e] [com.apple.SpringBoard:AppProtection] <BSCompoundAssertion:0x1220a6210> (SBApplicationAppProtectionAssistant: 0x11c66e140 - org.ps2x.ps2entryrunner) acquire for reason:NULL scene acq:0x12158d8c0 count:1
2026-09-19 19:58:49.671 Df SpringBoard[26707:266d9e] [com.apple.SpringBoard:AppProtection] Informing <APSystemAppOutlet: 0x10be25d10> that <APApplication: org.ps2x.ps2entryrunner> will become foreground visible
2026-09-19 19:58:49.671 Df SpringBoard[26707:266d9e] [com.apple.appprotection:framework] scene will become FG visible for <APApplication: org.ps2x.ps2entryrunner>
2026-09-19 19:58:49.671 Df SpringBoard[26707:266d9e] [com.apple.appprotection:framework] auth result for <APApplication: org.ps2x.ps2entryrunner>: true (null)
2026-09-19 19:58:49.671 Df SpringBoard[26707:266d9e] [com.apple.UIKit:KBProxyForwarding] <StateMachine:0x1221651c0> Created with presentation environment: <0x11b0b14a0:<_UISceneKeyboardProxyLayerForwardingPresentationScene: 0x11b0b14a0> Tracking scene: <FBScene: 0x121700000; FBSceneManager:sceneID:org.ps2x.ps2entryrunner-default>>
2026-09-19 19:58:49.672 Df SpringBoard[26707:266d9e] [com.apple.SpringBoard:Common] [DeviceSceneHandle] sceneID:org.ps2x.ps2entryrunner-default display=Main bounds={{0, 0}, {402, 874}} sceneFrame={{0, 0}, {402, 874}} capability=.None
2026-09-19 19:58:49.672 Df SpringBoard[26707:266d9e] [com.apple.SpringBoard:TraitsArbiter] orientationMode=dynamic for <SBTraitsSceneParticipantDelegate: 0x11c48a4e0> (
    "com.apple.frontboard.systemappservices/FBSceneManager:sceneID%3Aorg.ps2x.ps2entryrunner-default"
)
2026-09-19 19:58:49.672 Df SpringBoard[26707:266d9e] [com.apple.SpringBoard:TraitsArbiter] [DeviceSceneHandle] Did set interfaceOrientation[1] on scene with identifier[sceneID:org.ps2x.ps2entryrunner-default]
2026-09-19 19:58:49.672 Df SpringBoard[26707:266d9e] [com.apple.SpringBoard:ContinuitySession] modifying scene setting userInterfaceStyle to Light displayIdentity: Main forSceneManagers: Main <SBDeviceApplicationSceneHandle: 0x12207ca00; sceneID: sceneID:org.ps2x.ps2entryrunner-default; scenePointer: 0x121700000>
2026-09-19 19:58:49.672 Df SpringBoard[26707:266d9e] [com.apple.SpringBoard:Common] No capture application found for the org.ps2x.ps2entryrunner, launchCameraCapture: NO, isCaptureApplication: NO
2026-09-19 19:58:49.673 Df SpringBoard[26707:266d9e] [com.apple.FrontBoard:Process] Asked to bootstrap a new process with identity: app<org.ps2x.ps2entryrunner((null))>
2026-09-19 19:58:49.673 Df SpringBoard[26707:266d9e] [com.apple.FrontBoard:Process] Creating process (sync=false) with identity: app<org.ps2x.ps2entryrunner((null))>
2026-09-19 19:58:49.673 Df SpringBoard[26707:266d9e] [com.apple.FrontBoard:ProcessWorkspace] Created <FBWorkspace: 0x11b330c80; <FBApplicationProcess: 0x11c623780; app<org.ps2x.ps2entryrunner>:<invalid>>>
2026-09-19 19:58:49.673 Df SpringBoard[26707:267f0c] [com.apple.FrontBoard:Process] Bootstrapping app<org.ps2x.ps2entryrunner> with intent foreground-interactive
2026-09-19 19:58:49.673 Df SpringBoard[26707:266d9e] [com.apple.FrontBoard:ProcessScene] [0x1221103c0:(FBSceneManager):sceneID:org.ps2x.ps2entryrunner-default] Initialized with connection: 0x11b0b2760.
2026-09-19 19:58:49.673 Df SpringBoard[26707:266d9e] [com.apple.FrontBoard:ProcessWorkspace] [app<org.ps2x.ps2entryrunner>:-1] Registered new scene: <FBWorkspaceScene: 0x1221103c0; (FBSceneManager):sceneID:org.ps2x.ps2entryrunner-default> (fromRemnant = 0)
2026-09-19 19:58:49.673 Df SpringBoard[26707:266d9e] [com.apple.FrontBoard:Scene] [(FBSceneManager):sceneID:org.ps2x.ps2entryrunner-default][1] Scene activated.
2026-09-19 19:58:49.673 Df SpringBoard[26707:268fb0] [com.apple.FrontBoard:Process] [app<org.ps2x.ps2entryrunner>:-1] Setting process visibility to: Foreground
2026-09-19 19:58:49.673 Df SpringBoard[26707:266d9e] [com.apple.UIKit:SceneDeactivation] Now tracking: <FBScene: 0x121700000; FBSceneManager:sceneID:org.ps2x.ps2entryrunner-default>
2026-09-19 19:58:49.673 Df SpringBoard[26707:266d9e] [com.apple.UIKit:SceneDeactivation] [sceneID:org.ps2x.ps2entryrunner-default] Setting deactivation reasons to: 'systemAnimation' for reason: scene settings update - settings are eligible for deactivation reasons.
2026-09-19 19:58:49.673 Df runningboardd[26710:26766c] [com.apple.runningboard:ttl] Acquiring assertion targeting app<org.ps2x.ps2entryrunner((null))> from originator [osservice<com.apple.SpringBoard>:26707] with description <RBSAssertionDescriptor| "FBApplicationProcess" ID:26710-26707-4977 target:app<org.ps2x.ps2entryrunner((null))> attributes:[
	<RBSDomainAttribute| domain:"com.apple.frontboard" name:"SuspendableLPRunReason-Resume" sourceEnvironment:"(null)">,
	<RBSDomainAttribute| domain:"com.apple.frontboard" name:"Visibility" sourceEnvironment:"(null)">,
	<RBSDomainAttribute| domain:"com.apple.frontboard" name:"SuspendableRole-UIFocal" sourceEnvironment:"(null)">,
	<RBSDomainAttribute| domain:"com.apple.frontboard" name:"SuspendableJetsamPriority-Foreground" sourceEnvironment:"(null)">,
	<RBSDomainAttribute| domain:"com.apple.frontboard" name:"SuspendableBootstrapping" sourceEnvironment:"(null)">,
	<RBSDomainAttribute| domain:"com.apple.pagein-prefetching" name:"LaunchPrefetch" sourceEnvironment:"(null)">
	]>
2026-09-19 19:58:49.673 E  runningboardd[26710:26766c] [com.apple.runningboard:assertion] Multiple RBSRunningReasonAttribute provided: 10000 vs 20838. First one wins, but client should be fixed for assertion 26710-26707-4977 (target:app<org.ps2x.ps2entryrunner((null))>)
2026-09-19 19:58:49.673 Df runningboardd[26710:26766c] [com.apple.runningboard:ttl] Assertion 26710-26707-4977 (target:app<org.ps2x.ps2entryrunner((null))>) will be created as active
2026-09-19 19:58:49.673 Df SpringBoard[26707:266d9e] [com.apple.FrontBoard:Scene] [(FBSceneManager):sceneID:org.ps2x.ps2entryrunner-default] scene content state changed: preparing
2026-09-19 19:58:49.673 Df SpringBoard[26707:266d9e] [com.apple.SpringBoard:KeyboardFocus] _updateDeferringRules(didUpdateContentState) sceneID:org.ps2x.ps2entryrunner-default hasParent:YES contentState:preparing hasRule:NO wantsRule:YES
2026-09-19 19:58:49.673 E  SpringBoard[26707:266d9e] [com.apple.SpringBoard:KeyboardFocus] invalid pid for scene sceneID:org.ps2x.ps2entryrunner-default, returning nil target
2026-09-19 19:58:49.673 Df SpringBoard[26707:266d9e] [com.apple.SpringBoard:KeyboardFocus] _updateDeferringRules(didUpdateContentState) outcome:(wanted, but focusTarget is nil) sceneID:org.ps2x.ps2entryrunner-default
2026-09-19 19:58:49.674 Df runningboardd[26710:266e46] [com.apple.runningboard:job] Creating and launching job for: app<org.ps2x.ps2entryrunner((null))>
2026-09-19 19:58:49.674 Df runningboardd[26710:266e46] [com.apple.runningboard:general] _mutateContextIfNeeded called for org.ps2x.ps2entryrunner
2026-09-19 19:58:49.674 Df runningboardd[26710:266e46] [com.apple.runningboard:job] app<org.ps2x.ps2entryrunner((null))> Looking up container path with persona (null) using container identifier 'org.ps2x.ps2entryrunner'
2026-09-19 19:58:49.674 Df SpringBoard[26707:268fab] [com.apple.FrontBoard:ProcessScene] [0x1221103c0:(FBSceneManager):sceneID:org.ps2x.ps2entryrunner-default] Scene lifecycle state did change: Foreground
2026-09-19 19:58:49.674 Df SpringBoard[26707:268fab] [com.apple.FrontBoard:ProcessScene] [0x1221103c0:(FBSceneManager):sceneID:org.ps2x.ps2entryrunner-default] Scene state did change: FV-Focal[100].
2026-09-19 19:58:49.674 Df SpringBoard[26707:268fab] [com.apple.FrontBoard:ProcessWorkspace] [app<org.ps2x.ps2entryrunner>:-1] Workspace state did change: XX-None[0] --> FV-Focal[100] (awaiting concrete target).
2026-09-19 19:58:49.674 Df runningboardd[26710:266e3d] [com.apple.runningboard:job_oversize] 'app<org.ps2x.ps2entryrunner((null))>' Constructed job description:
<dictionary: 0x109e19e00> { count = 23, transaction: 0, voucher = 0x0, contents =
	"ProcessType" => <string: 0x109e64660> { string cache = 0x0, length = 3, contents = "App" }
	"EnableTransactions" => <bool: 0x222423a90>: false
	"_ManagedBy" => <string: 0x109e64e40> { string cache = 0x0, length = 22, contents = "com.apple.runningboard" }
	"RootedSimulatorPath" => <bool: 0x222423a70>: true
	"StandardOutPath" => <string: 0x109e64b40> { string cache = 0x0, length = 51, contents = "/Volumes/Extreme SSD/ps2x-i6/logs/launch-stdout.log" }
	"CFBundleIdentifier" => <string: 0x109e65c50> { string cache = 0x0, length = 23, contents = "org.ps2x.ps2entryrunner" }
	"_ResourceCoalition" => <string: 0x109e645d0> { string cache = 0x0, length = 36, contents = "app<org.ps2x.ps2entryrunner((null))>" }
	"_POSIXSpawnTelemetryPageIn" => <bool: 0x222423a70>: true
	"ThrottleInterval" => <int64: 0x805f341a872dd7e7>: 2147483647
	"StandardErrorPath" => <string: 0x109e64930> { string cache = 0x0, length = 51, contents = "/Volumes/Extreme SSD/ps2x-i6/logs/launch-stderr.log" }
	"MachServices" => <dictionary: 0x109e19080> { count = 0, transaction: 0, voucher = 0x0, contents =
	}
	"EnablePressuredExit" => <bool: 0x222423a90>: false
	"InitialTaskRole" => <int64: 0x805f341978d22817>: 1
	"UserName" => <string: 0x109e67030> { string cache = 0x0, length = 6, contents = "mobile" }
	"EnvironmentVariables" => <dictionary: 0x109e1bf00> { count = 5, transaction: 0, voucher = 0x0, contents =
		"TMPDIR" => <string: 0x109e66f70> { string cache = 0x0, length = 172, contents = "/Users/bradrichardson/Library/Developer/CoreSimulator/Devices/4DE6C37C-77EF-45AE-827E-26286E68D022/data/Containers/Data/Application/66B79458-8486-4FF6-A021-87B6892848D3/tmp" }
		"HOME" => <string: 0x109e640c0> { string cache = 0x0, length = 168, contents = "/Users/bradrichardson/Library/Developer/CoreSimulator/Devices/4DE6C37C-77EF-45AE-827E-26286E68D022/data/Containers/Data/Application/66B79458-8486-4FF6-A021-87B6892848D3" }
		"CFFIXED_USER_HOME" => <string: 0x109e66130> { string cache = 0x0, length = 168, contents = "/Users/bradrichardson/Library/Developer/CoreSimulator/Devices/4DE6C37C-77EF-45AE-827E-26286E68D022/data/Containers/Data/Application/66B79458-8486-4FF6-A021-87B6892848D3" }
		"TERM" => <string: 0x109e65ce0> { string cache = 0x0, length = 14, contents = "xterm-256color" }
		"_DYLD_CLOSURE_HOME" => <string: 0x109e67510> { string cache = 0x0, length = 168, contents = "/Users/bradrichardson/Library/Developer/CoreSimulator/Devices/4DE6C37C-77EF-45AE-827E-26286E68D022/data/Containers/Data/Application/66B79458-8486-4FF6-A021-87B6892848D3" }
	}
	"_AdditionalProperties" => <dictionary: 0x109e19140> { count = 1, transaction: 0, voucher = 0x0, contents =
		"RunningBoard" => <dictionary: 0x109e19620> { count = 3, transaction: 0, voucher = 0x0, contents =
			"Managed" => <bool: 0x222423a70>: true
			"RunningBoardLaunchedIdentity" => <dictionary: 0x109e18ea0> { count = 2, transaction: 0, voucher = 0x0, contents =
				"TYPE" => <int64: 0x805f341978d2280f>: 2
				"EAI" => <string: 0x109e64630> { string cache = 0x0, length = 23, contents = "org.ps2x.ps2entryrunner" }
			}
			"RunningBoardLaunched" => <bool: 0x222423a70>: true
		}
	}
	"ExitTimeOut" => <int64: 0x805f341978d22817>: 1
	"Label" => <string: 0x109e65e60> { string cache = 0x0, length = 57, contents = "UIKitApplication:org.ps2x.ps2entryrunner[6089][rb-legacy]" }
	"MaterializeDatalessFiles" => <bool: 0x222423a70>: true
	"SandboxContainer" => <string: 0x109e66e80> { string cache = 0x0, length = 168, contents = "/Users/bradrichardson/Library/Developer/CoreSimulator/Devices/4DE6C37C-77EF-45AE-827E-26286E68D022/data/Containers/Data/Application/66B79458-8486-4FF6-A021-87B6892848D3" }
	"_LaunchType" => <int64: 0x805f341978d22807>: 3
	"ProgramArguments" => <array: 0x109e66430> { count = 1, capacity = 10, contents =
		0: <string: 0x109e67840> { string cache = 0x0, length = 204, contents = "/Users/bradrichardson/Library/Developer/CoreSimulator/Devices/4DE6C37C-77EF-45AE-827E-26286E68D022/data/Containers/Bundle/Application/813AA66E-03FF-4F2D-B6EB-57210E098028/ps2EntryRunner.app/ps2EntryRunner" }
	}
	"Program" => <string: 0x109e652c0> { string cache = 0x0, length = 204, contents = "/Users/bradrichardson/Library/Developer/CoreSimulator/Devices/4DE6C37C-77EF-45AE-827E-26286E68D022/data/Containers/Bundle/Application/813AA66E-03FF-4F2D-B6EB-57210E098028/ps2EntryRunner.app/ps2EntryRunner" }
}
2026-09-19 19:58:49.680 Df SpringBoard[26707:266d9e] [com.apple.SpringBoard:AppSwitcher] [Main (EmbeddedDisplay)] dispatch event:
<SBTransitionSwitcherModifierEvent: 0x11c623d80; type: MainTransition; transitionID: 0C7B8BDD-96A8-42EC-9201-FC27B03CA0FA; phase: Prepare; animated: YES; fromAppLayout: 0x0; toAppLayout: <SBAppLayout: 0x122103c60; primary: org.ps2x.ps2entryrunner:default; environment: main>; fromEnvironmentMode: home-screen; toEnvironmentMode: application; fromSpaceConfiguration: undefined; toSpaceConfiguration: full; pendingTermination: {(
)}; morphingPIPLayoutRole: undefined; previousDesktopItems: {(
)}>
2026-09-19 19:58:49.680 Df SpringBoard[26707:266d9e] [com.apple.SpringBoard:AppSwitcher] [Main (EmbeddedDisplay)] handle response:
<SBSwitcherModifierEventResponse: 0x1215ef3f0> {
    <SBSwitcherModifierEventResponse: 0x1215eee50> {
	    <SBSwitcherModifierEventResponse: 0x1215eca50> {
		    <SBTimerEventSwitcherEventResponse: 0x1215edf80; delay: 0.240000; reason: kSBTransitionModifierInvalidateAsyncRenderingReason>;
		    <SBInvalidateAdjustedAppLayoutsSwitcherEventResponse: 0x1215ed140>;
		};
	    <SBTimerEventSwitcherEventResponse: 0x1215ee820; delay: 0.060000; reason: kSBFullScreenToHomeCornerRadiusDelayReason>;
	};
    <SBSwitcherModifierEventResponse: 0x1215ec780> {
	    <SBUpdateLayoutSwitcherEventResponse: 0x122165a80; updateVisibleItems; layout; style; mode: None>;
	    <SBRequestFolderSnapshotsSwitcherEventResponse: 0x1215ed080; snapshotRequested: YES>;
	    <SBIconOverlayVisibilitySwitcherEventResponse: 0x122165ac0; visible: YES; appLayout: <SBAppLayout: 0x122103c60; primary: org.ps2x.ps2entryrunner:default; environment: main>>;
	    <SBIconViewVisibilitySwitcherEventResponse: 0x1217d1400;
2026-09-19 19:58:49.696 E  launchd_sim[26704:2689ad] [user/501/UIKitApplication:org.ps2x.ps2entryrunner[6089][rb-legacy] [27361]:] Service could not initialize: Unable to open stdout path (/Volumes/Extreme SSD/ps2x-i6/logs/launch-stdout.log), error 0x1 - Operation not permitted
2026-09-19 19:58:49.696 E  runningboardd[26710:266e46] [com.apple.libxpc.OSLaunchdJob:all] <OSLaunchdJob | handle=CE356764-5757-467F-AD7B-B344F9E2320D>: job failed to spawn, plist={
	ProcessType => App
	EnableTransactions => false
	_ManagedBy => com.apple.runningboard
	RootedSimulatorPath => true
	StandardOutPath => /Volumes/Extreme SSD/ps2x-i6/logs/launch-stdout.log
	CFBundleIdentifier => org.ps2x.ps2entryrunner
	_ResourceCoalition => app<org.ps2x.ps2entryrunner((null))>
	_POSIXSpawnTelemetryPageIn => true
	ThrottleInterval => 2147483647
	StandardErrorPath => /Volumes/Extreme SSD/ps2x-i6/logs/launch-stderr.log
	MachServices => {
	}
	EnablePressuredExit => false
	InitialTaskRole => 1
	UserName => mobile
	EnvironmentVariables => {
		TMPDIR => /Users/bradrichardson/Library/Developer/CoreSimulator/Devices/4DE6C37C-77EF-45AE-827E-26286E68D022/data/Containers/Data/Application/66B79458-8486-4FF6-A021-87B6892848D3/tmp
		HOME => /Users/bradrichardson/Library/Developer/CoreSimulator/Devices/4DE6C37C-77EF-45AE-827E-26286E68D022/data/Containers/Data/Application/66B79458-8486-4FF6-A021-87B6892848D3
		CFFIXED_USER_HOME => /<…>
2026-09-19 19:58:49.697 Df runningboardd[26710:266e46] [com.apple.runningboard:ttl] Invalidating assertion 26710-26707-4977 (target:app<org.ps2x.ps2entryrunner((null))>) from originator [osservice<com.apple.SpringBoard>:26707]
2026-09-19 19:58:49.697 E  SpringBoard[26707:267f0c] [com.apple.FrontBoard:Process] Bootstrapping failed for <FBApplicationProcess: 0x11c623780; app<org.ps2x.ps2entryrunner>:<invalid>> with error: <NSError: 0x11611a550; domain: RBSRequestErrorDomain; code: 5; "Launch failed."> {
    NSUnderlyingError = <NSError: 0x116118120; domain: NSPOSIXErrorDomain; code: 1> {
        NSLocalizedDescription = Launchd job spawn failed;
    };
}
2026-09-19 19:58:49.697 Df SpringBoard[26707:267f0c] [com.apple.FrontBoard:Process] [app<org.ps2x.ps2entryrunner>:-1] Now flagged as pending exit for reason: Bootstrap failed
2026-09-19 19:58:49.697 Df SpringBoard[26707:267f0c] [com.apple.FrontBoard:Process] [app<org.ps2x.ps2entryrunner>:-1] Connection to remote process was not established.
2026-09-19 19:58:49.697 Df SpringBoard[26707:267f0c] [com.apple.FrontBoard:Process] Adding: <FBApplicationProcess: 0x11c623780; app<org.ps2x.ps2entryrunner>:<invalid>>
2026-09-19 19:58:49.697 Df launchd_sim[26704:2689ad] [user/501:] service inactive: UIKitApplication:org.ps2x.ps2entryrunner[6089][rb-legacy]
2026-09-19 19:58:49.697 Df launchd_sim[26704:2689ad] [user/501:] removing service: UIKitApplication:org.ps2x.ps2entryrunner[6089][rb-legacy]
2026-09-19 19:58:49.724 Df SpringBoard[26707:266d9e] [com.apple.SpringBoard:Icon] Creating ISIcon on main thread for app org.ps2x.ps2entryrunner
2026-09-19 19:58:49.733 Df SpringBoard[26707:266d9e] [com.apple.SpringBoard:AppSwitcher] [Main (EmbeddedDisplay)] dispatch event:
<SBTransitionSwitcherModifierEvent: 0x11c623d80; type: MainTransition; transitionID: 0C7B8BDD-96A8-42EC-9201-FC27B03CA0FA; phase: Animate; animated: YES; fromAppLayout: 0x0; toAppLayout: <SBAppLayout: 0x122103c60; primary: org.ps2x.ps2entryrunner:default; environment: main>; fromEnvironmentMode: home-screen; toEnvironmentMode: application; fromSpaceConfiguration: undefined; toSpaceConfiguration: full; pendingTermination: {(
)}; morphingPIPLayoutRole: undefined; previousDesktopItems: {(
)}>
2026-09-19 19:58:49.767 Df runningboardd[26710:266e3d] [com.apple.runningboard:general] Full encoding handle <inert:[app<org.ps2x.ps2entryrunner((null))>:-1]*>, with data 0, and pid -1
2026-09-19 19:58:49.767 Df SpringBoard[26707:268fb0] [com.apple.runningboard:monitor] Received state update for -1 (app<org.ps2x.ps2entryrunner((null))>, none-Visible
2026-09-19 19:58:49.806 Df SpringBoard[26707:267f0c] [com.apple.FrontBoard:Process] [app<org.ps2x.ps2entryrunner>:-1] Process exited: .
2026-09-19 19:58:49.806 Df runningboardd[26710:266e3d] [com.apple.runningboard:assertion] Removed last relative-start-date-defining assertion for process app<org.ps2x.ps2entryrunner((null))>
2026-09-19 19:58:49.806 Df SpringBoard[26707:267f0c] [com.apple.FrontBoard:Process] [app<org.ps2x.ps2entryrunner>:-1] Setting process task state to: Not Running
2026-09-19 19:58:49.806 Df SpringBoard[26707:267f0c] [com.apple.FrontBoard:Process] [app<org.ps2x.ps2entryrunner>:-1] Setting process visibility to: Unknown
2026-09-19 19:58:49.806 Df SpringBoard[26707:267f0c] [com.apple.FrontBoard:ProcessWorkspace] [app<org.ps2x.ps2entryrunner>:-1] Invalidating workspace.
2026-09-19 19:58:49.806 Df SpringBoard[26707:267f0c] [com.apple.FrontBoard:ProcessScene] [0x1221103c0:(FBSceneManager):sceneID:org.ps2x.ps2entryrunner-default] Invalidated for connection: 0x11b0b2760.
2026-09-19 19:58:49.806 Df SpringBoard[26707:267f0c] [com.apple.FrontBoard:Process] Removing: <FBApplicationProcess: 0x11c623780; app<org.ps2x.ps2entryrunner>:<invalid>>
2026-09-19 19:58:49.806 Df SpringBoard[26707:266d9e] [com.apple.SpringBoard:AppSwitcher] [Main (EmbeddedDisplay)] dispatch event:
<SBSceneReadySwitcherModifierEvent: 0x11c5140f0; type: SceneReady; appLayout: <SBAppLayout: 0x122103c60; primary: org.ps2x.ps2entryrunner:default; environment: main> {
    environment = main;
    centerConfiguration = undefined;
    preferredDisplayOrdinal = 0;
    continuousExposeIdentifier = org.ps2x.ps2entryrunner;
    layoutItems = {
        primary = <SBDisplayItem: 0x11c4fffc0; type: App; bundleIdentifier: org.ps2x.ps2entryrunner; uniqueIdentifier: sceneID:org.ps2x.ps2entryrunner-default>;
    }
}>
2026-09-19 19:58:49.806 Df SpringBoard[26707:266d9e] [com.apple.FrontBoard:Scene] Invalidating scene: (FBSceneManager):sceneID:org.ps2x.ps2entryrunner-default
2026-09-19 19:58:49.807 Df SpringBoard[26707:266d9e] [com.apple.UIKit:SceneDeactivation] No longer tracking: <FBScene: 0x121700000; FBSceneManager:sceneID:org.ps2x.ps2entryrunner-default>
2026-09-19 19:58:49.807 Df SpringBoard[26707:266d9e] [com.apple.FrontBoard:Scene] [(FBSceneManager):sceneID:org.ps2x.ps2entryrunner-default] scene content state changed: notReady
2026-09-19 19:58:49.807 Df SpringBoard[26707:266d9e] [com.apple.SpringBoard:KeyboardFocus] _updateDeferringRules(didUpdateContentState) sceneID:org.ps2x.ps2entryrunner-default hasParent:YES contentState:notReady hasRule:NO wantsRule:NO
2026-09-19 19:58:49.807 Df SpringBoard[26707:266d9e] [com.apple.SpringBoard:KeyboardFocus] _updateDeferringRules(didUpdateContentState) outcome:(no change) sceneID:org.ps2x.ps2entryrunner-default
2026-09-19 19:58:49.807 Df runningboardd[26710:266e4b] [com.apple.runningboard:general] Full encoding handle <inert:[app<org.ps2x.ps2entryrunner((null))>:-1]*>, with data 0, and pid -1
2026-09-19 19:58:49.807 Df SpringBoard[26707:267f0c] [com.apple.FrontBoard:Scene] [(FBSceneManager):sceneID:org.ps2x.ps2entryrunner-default][1] Scene invalidated with error: <NSError: 0x11611a880; domain: FBWorkspace; code: 1; "Scene client is invalid.">.
2026-09-19 19:58:49.807 E  SpringBoard[26707:266d9e] [com.apple.FrontBoard:Scene] Ignoring update for invalidated scene: (FBSceneManager):sceneID:org.ps2x.ps2entryrunner-default
2026-09-19 19:58:49.807 Df SpringBoard[26707:266d9e] [com.apple.SpringBoard:AppRestrictionsOverlay] [sceneID:org.ps2x.ps2entryrunner-default] didDestroyScene
2026-09-19 19:58:49.807 Df SpringBoard[26707:266d9e] [com.apple.SpringBoard:AppRestrictionsOverlay] [sceneID:org.ps2x.ps2entryrunner-default] tearing down vc for overlay: 0x0
2026-09-19 19:58:49.807 Df SpringBoard[26707:266d9e] [com.apple.SpringBoard:AppProtection] <BSCompoundAssertion:0x1220a6210> (SBApplicationAppProtectionAssistant: 0x11c66e140 - org.ps2x.ps2entryrunner) invalidate acq:0x12158d8c0 count:1
2026-09-19 19:58:49.807 Df SpringBoard[26707:266d9e] [com.apple.SpringBoard:AppProtection] Informing <APSystemAppOutlet: 0x10be25d10> that <APApplication: org.ps2x.ps2entryrunner> will become background as far as we know
2026-09-19 19:58:49.807 Df SpringBoard[26707:266d9e] [com.apple.appprotection:framework] All scenes dismissed for <APApplication: org.ps2x.ps2entryrunner>
2026-09-19 19:58:49.807 Df SpringBoard[26707:267f0c] [com.apple.runningboard:monitor] Received state update for -1 (app<org.ps2x.ps2entryrunner((null))>, none-NotVisible
2026-09-19 19:58:49.807 Df SpringBoard[26707:266d9e] [com.apple.UIKit:KBProxyForwarding] <StateMachine:0x1221651c0> Presentation environment invalidated: <_UISceneKeyboardProxyLayerForwardingPresentationScene: 0x11b0b14a0> Tracking scene: <FBScene: 0x121700000; (null):sceneID:org.ps2x.ps2entryrunner-default>
2026-09-19 19:58:49.808 E  SpringBoard[26707:266d9e] [com.apple.FrontBoard:Scene] [(FBSceneManager):sceneID:org.ps2x.ps2entryrunner-default] Update failed: <NSError: 0x11c515320; domain: FBSceneErrorDomain; code: 1 ("operation-failed"); "Scene update failed."> {
    NSUnderlyingError = <NSError: 0x116118d80; domain: FBWorkspaceScene; code: 1 ("send-message-failed"); "Scene update failed. Client process exited."> {
        NSUnderlyingError = <NSError: 0x116118900; domain: FBProcessExit; code: 64 ("launch-failed"); "The process failed to launch."> {
            NSUnderlyingError = <NSError: 0x11611a550; domain: RBSRequestErrorDomain; code: 5; "Launch failed."> {
                NSUnderlyingError = <NSError: 0x116118120; domain: NSPOSIXErrorDomain; code: 1> {
                    NSLocalizedDescription = Launchd job spawn failed;
                };
            };
        };
    };
}
2026-09-19 19:58:49.808 Df SpringBoard[26707:266d9e] [com.apple.SpringBoard:Workspace] Process exited: <FBApplicationProcess: 0x11c623780; app<org.ps2x.ps2entryrunner>:<invalid>> ->
2026-09-19 19:58:49.808 Df SpringBoard[26707:266d9e] [com.apple.SpringBoard:Common] Application process state changed for org.ps2x.ps2entryrunner: (null)
2026-09-19 19:58:49.808 E  SpringBoard[26707:266d9e] [com.apple.FrontBoard:Scene] [(FBSceneManager):sceneID:org.ps2x.ps2entryrunner-default] Update failed: <NSError: 0x11c515320; domain: FBSceneErrorDomain; code: 1 ("operation-failed"); "Scene update failed."> {
    NSUnderlyingError = <NSError: 0x116118780; domain: FBWorkspaceScene; code: 1 ("send-message-failed"); "Scene update failed. Client process exited."> {
        NSUnderlyingError = <NSError: 0x11611a130; domain: FBProcessExit; code: 64 ("launch-failed"); "The process failed to launch."> {
            NSUnderlyingError = <NSError: 0x11611a550; domain: RBSRequestErrorDomain; code: 5; "Launch failed."> {
                NSUnderlyingError = <NSError: 0x116118120; domain: NSPOSIXErrorDomain; code: 1> {
                    NSLocalizedDescription = Launchd job spawn failed;
                };
            };
        };
    };
}
2026-09-19 19:58:49.808 Df SpringBoard[26707:266d9e] [com.apple.FrontBoard:Scene] [(FBSceneManager):sceneID:org.ps2x.ps2entryrunner-default] Ignoring client invalidation due to token mismatch (probably due to prior deactivation). expected=0x0 received=0x1221103c0
2026-09-19 19:58:49.816 Df SpringBoard[26707:268fb0] [com.apple.appprotection:framework] told auth provider org.ps2x.ps2entryrunner was dimissed. result:true err:(null)
2026-09-19 19:58:50.164 Df SpringBoard[26707:266d9e] [com.apple.SpringBoard:AppSwitcher] [Main (EmbeddedDisplay)] dispatch event:
<SBTransitionSwitcherModifierEvent: 0x11c623a80; type: MainTransition; transitionID: 0C7B8BDD-96A8-42EC-9201-FC27B03CA0FA; phase: Complete; animated: YES; fromAppLayout: 0x0; toAppLayout: <SBAppLayout: 0x122103c60; primary: org.ps2x.ps2entryrunner:default; environment: main>; fromEnvironmentMode: home-screen; toEnvironmentMode: application; fromSpaceConfiguration: undefined; toSpaceConfiguration: full; pendingTermination: {(
)}; morphingPIPLayoutRole: undefined; previousDesktopItems: {(
)}>
2026-09-19 19:58:50.164 Df SpringBoard[26707:266d9e] [com.apple.SpringBoard:AppSwitcher] [Main (EmbeddedDisplay)] handle response:
<SBSwitcherModifierEventResponse: 0x11c515170> {
    <SBPreemptAnimationSwitcherEventResponse: 0x11c514db0>;
    <SBSwitcherModifierEventResponse: 0x11c514750> {
	    <SBInvalidateAdjustedAppLayoutsSwitcherEventResponse: 0x11c515050>;
	    <SBSwitcherModifierEventResponse: 0x11c515080> {
		    <SBRequestFolderSnapshotsSwitcherEventResponse: 0x11c514ff0; snapshotRequested: NO>;
		    <SBIconOverlayVisibilitySwitcherEventResponse: 0x1221d16c0; visible: NO; appLayout: <SBAppLayout: 0x122103c60; primary: org.ps2x.ps2entryrunner:default; environment: main>>;
		    <SBIconViewVisibilitySwitcherEventResponse: 0x1220faa30; visible: YES; animationSettings: 0x0; appLayout: <SBAppLayout: 0x122103c60; primary: org.ps2x.ps2entryrunner:default; environment: main>>;
		    <SBMatchMoveToIconViewSwitcherEventResponse: 0x12155cd20; active: NO; appLayout: <SBAppLayout: 0x122103c60; primary: org.ps2x.ps2entryrunner:default; environment: main>>;
		};
	};
}
2026-09-19 19:58:50.173 Df SpringBoard[26707:266d9e] [com.apple.SpringBoard:Common] Front display did change: <SBApplication: 0x121700900; org.ps2x.ps2entryrunner>
2026-09-19 19:58:50.173 Df SpringBoard[26707:266d9e] [preflight:SceneHostedPreflight] [Source: TCCs] org.ps2x.ps2entryrunner requires preflight: false
2026-09-19 19:58:50.173 Df SpringBoard[26707:266d9e] [preflight:SceneHostedPreflight] [Source: ScreenTime] org.ps2x.ps2entryrunner requires preflight: false
2026-09-19 19:58:50.180 Df SpringBoard[26707:266d9e] [com.apple.SpringBoard:ZStack] Resolved Stack (update(Switcher)) [
    Highest: ⬇ ,
    SystemAperture: ⬇ ,
    HUD: ⬇ ,
    TransientOverlayPresentation: ⬇ ,
    Switcher: ownsHomeGesture; FGActive; homeAffordanceDrawingSuppressed: N->Y; suppressedBundles: org.ps2x.ps2entryrunner->(none); suppressedScenes: 1->0,
    HomeScreen: BG->FGActive
]
2026-09-19 19:58:50.181 Df SpringBoard[26707:266d9e] [com.apple.SpringBoard:AppRestrictionsOverlay] [sceneID:org.ps2x.ps2entryrunner-default] tearing down vc for overlay: 0x0
2026-09-19 19:58:50.200 Df SpringBoard[26707:266d9e] [com.apple.SpringBoard:KeyboardFocus] _updateDeferringRules(didMoveToParentViewController) sceneID:org.ps2x.ps2entryrunner-default hasParent:NO contentState:notReady hasRule:NO wantsRule:NO
2026-09-19 19:58:50.200 Df SpringBoard[26707:266d9e] [com.apple.SpringBoard:KeyboardFocus] _updateDeferringRules(didMoveToParentViewController) outcome:(no change) sceneID:org.ps2x.ps2entryrunner-default
2026-09-19 19:58:50.200 Df SpringBoard[26707:266d9e] [com.apple.SpringBoard:AppRestrictionsOverlay] [sceneID:org.ps2x.ps2entryrunner-default] tearing down vc for overlay: 0x0
2026-09-19 19:58:50.200 Df SpringBoard[26707:266d9e] [com.apple.SpringBoard:KeyboardFocus] _updateDeferringRules(didMoveToParentViewController) sceneID:org.ps2x.ps2entryrunner-default hasParent:NO contentState:notReady hasRule:NO wantsRule:NO
2026-09-19 19:58:50.200 Df SpringBoard[26707:266d9e] [com.apple.SpringBoard:KeyboardFocus] _updateDeferringRules(didMoveToParentViewController) outcome:(no change) sceneID:org.ps2x.ps2entryrunner-default
2026-09-19 19:58:50.200 Df SpringBoard[26707:266d9e] [com.apple.SpringBoard:AppSwitcher] <SBFullScreenSwitcherLiveContentOverlayCoordinator: 0x116331400> Removing SwitcherScene overlay for: <SBAppLayout: 0x122103c60; primary: org.ps2x.ps2entryrunner:default; environment: main>, animated: NO
2026-09-19 19:58:50.201 Df SpringBoard[26707:266d9e] [com.apple.SpringBoard:AppRestrictionsOverlay] [sceneID:org.ps2x.ps2entryrunner-default] tearing down vc for overlay: 0x0
2026-09-19 19:58:54.691 E  runningboardd[26710:26766c] [com.apple.DynamicPrefetching:default] mark_profile_seen_this_boot: exists() failed for "/private/var/root/Library/Caches/com.apple.runningboardd/DynamicPrefetching/org.ps2x.ps2entryrunner/0.profile": Permission denied
2026-09-19 19:58:54.691 Df runningboardd[26710:26766c] [com.apple.DynamicPrefetching:default] end_scenario_internal: first launch after boot for bundleid org.ps2x.ps2entryrunner scenario Launch — discarded 0 pageins, refreshed profile mtime
2026-09-19 19:59:14.991 Df SpringBoard[26707:268fd9] [com.apple.FrontBoard:Common] [FBSystemService][0xa07f] Received request to open "org.ps2x.ps2entryrunner" from CoreSimulatorBr:26737.
2026-09-19 19:59:14.991 Df SpringBoard[26707:268fd9] [com.apple.FrontBoard:Common] [FBSystemService][0xa07f] Activation request for org.ps2x.ps2entryrunner contained LSCacheGUID 5382FDFD-06CA-4A0C-8ED3-B766E6B54F8E and LSSequenceNumber 728.
2026-09-19 19:59:14.991 Df SpringBoard[26707:266d9e] [com.apple.FrontBoard:Common] [FBSystemService][0xa07f] Activation request for org.ps2x.ps2entryrunner will wait 10.00s for app availability, with retry every 2.00s.
2026-09-19 19:59:14.991 Df SpringBoard[26707:266d9e] [com.apple.FrontBoard:Common] [FBSystemService][0xa07f] Attempting activation of org.ps2x.ps2entryrunner with {UUID: 5382FDFD-06CA-4A0C-8ED3-B766E6B54F8E, Sequence: 728} vs {UUID: 5382FDFD-06CA-4A0C-8ED3-B766E6B54F8E, Sequence: 728}
2026-09-19 19:59:14.991 Df SpringBoard[26707:266d9e] [com.apple.SpringBoard:Workspace] Received trusted open application request for "org.ps2x.ps2entryrunner" from <FBProcess: 0x10bf5ca80; osservice<com.apple.CoreSimulator.bridge>:26737(v7CE5D)>.
2026-09-19 19:59:14.992 Df SpringBoard[26707:266d9e] [com.apple.SpringBoard:Common] Executing request: <SBMainWorkspaceTransitionRequest: 0x1197897c0; eventLabel: OpenApplication(sceneID:org.ps2x.ps2entryrunner-default)ForRequester(CoreSimulatorBr.26737); display: Main; source: FBSystemService>
2026-09-19 19:59:14.993 Df SpringBoard[26707:266d9e] [com.apple.FrontBoard:Common] [FBWorkspaceEvent] Executing: <FBWorkspaceEvent: 0x10e525060; OpenApplication(sceneID:org.ps2x.ps2entryrunner-default)ForRequester(CoreSimulatorBr.26737)>
2026-09-19 19:59:14.995 Df SpringBoard[26707:266d9e] [com.apple.SpringBoard:TraitsArbiter] [SwitcherOrientation] outSwitcherOrientation: portrait (1), outElementsOrientations: {
    "sceneID:org.ps2x.ps2entryrunner-default" = 1;
}
2026-09-19 19:59:14.995 Df SpringBoard[26707:266d9e] [com.apple.SpringBoard:Transaction] Running <SBAppToAppWorkspaceTransaction: 0x11965ca80> for transition request:
<SBMainWorkspaceTransitionRequest: 0x1197897c0; eventLabel: OpenApplication(sceneID:org.ps2x.ps2entryrunner-default)ForRequester(CoreSimulatorBr.26737); display: Main; source: FBSystemService> {
    applicationContext = <SBWorkspaceApplicationSceneTransitionContext: 0x1185eabc0; background: NO> entities = {
        SBLayoutRolePrimary = <SBDeviceApplicationSceneEntity: 0x1220a57c0; ID: sceneID:org.ps2x.ps2entryrunner-default; layoutRole: primary>;
    };
}
2026-09-19 19:59:14.995 Df SpringBoard[26707:266d9e] [preflight:SceneHostedPreflight] [Source: TCCs] org.ps2x.ps2entryrunner requires preflight: false
2026-09-19 19:59:14.995 Df SpringBoard[26707:266d9e] [preflight:SceneHostedPreflight] [Source: ScreenTime] org.ps2x.ps2entryrunner requires preflight: false
2026-09-19 19:59:14.996 Df SpringBoard[26707:266d9e] [com.apple.SpringBoard:Common] Generating initialization context on main thread for: org.ps2x.ps2entryrunner
2026-09-19 19:59:14.996 Df SpringBoard[26707:2689ea] [com.apple.FrontBoard:Process] Asked to bootstrap a new process with identity: app<org.ps2x.ps2entryrunner((null))>
2026-09-19 19:59:14.996 Df SpringBoard[26707:2689ea] [com.apple.FrontBoard:Process] Creating process (sync=true) with identity: app<org.ps2x.ps2entryrunner((null))>
2026-09-19 19:59:14.996 Df SpringBoard[26707:2689ea] [com.apple.FrontBoard:ProcessWorkspace] Created <FBWorkspace: 0x119789900; <FBApplicationProcess: 0x11965cc00; app<org.ps2x.ps2entryrunner>:<invalid>>>
2026-09-19 19:59:14.996 Df SpringBoard[26707:2689ea] [com.apple.FrontBoard:Process] Bootstrapping app<org.ps2x.ps2entryrunner> with intent foreground-interactive
2026-09-19 19:59:14.997 Df runningboardd[26710:269b34] [com.apple.DynamicPrefetching:default] start_scenario: recording pageins for bundleid "org.ps2x.ps2entryrunner" scenario "Launch"
2026-09-19 19:59:14.997 Df runningboardd[26710:269b34] [com.apple.DynamicPrefetching:default] start_scenario: Prefetching clean profile for bundleid "org.ps2x.ps2entryrunner" scenario "Launch"
2026-09-19 19:59:14.997 Df runningboardd[26710:2689e6] [com.apple.runningboard:ttl] Acquiring assertion targeting app<org.ps2x.ps2entryrunner((null))> from originator [osservice<com.apple.SpringBoard>:26707] with description <RBSAssertionDescriptor| "FBApplicationProcess" ID:26710-26707-5000 target:app<org.ps2x.ps2entryrunner((null))> attributes:[
	<RBSDomainAttribute| domain:"com.apple.frontboard" name:"SuspendableLPRunReason-Resume" sourceEnvironment:"(null)">,
	<RBSDomainAttribute| domain:"com.apple.frontboard" name:"Visibility" sourceEnvironment:"(null)">,
	<RBSDomainAttribute| domain:"com.apple.frontboard" name:"SuspendableRole-UIFocal" sourceEnvironment:"(null)">,
	<RBSDomainAttribute| domain:"com.apple.frontboard" name:"SuspendableJetsamPriority-Foreground" sourceEnvironment:"(null)">,
	<RBSDomainAttribute| domain:"com.apple.frontboard" name:"SuspendableBootstrapping" sourceEnvironment:"(null)">,
	<RBSDomainAttribute| domain:"com.apple.pagein-prefetching" name:"LaunchPrefetch" sourceEnvironment:"(null)">
	]>
2026-09-19 19:59:14.997 E  runningboardd[26710:2689e6] [com.apple.runningboard:assertion] Multiple RBSRunningReasonAttribute provided: 10000 vs 20838. First one wins, but client should be fixed for assertion 26710-26707-5000 (target:app<org.ps2x.ps2entryrunner((null))>)
2026-09-19 19:59:14.997 Df runningboardd[26710:2689e6] [com.apple.runningboard:ttl] Assertion 26710-26707-5000 (target:app<org.ps2x.ps2entryrunner((null))>) will be created as active
2026-09-19 19:59:14.998 Df runningboardd[26710:269b36] [com.apple.runningboard:job] Creating and launching job for: app<org.ps2x.ps2entryrunner((null))>
2026-09-19 19:59:14.998 Df runningboardd[26710:269b36] [com.apple.runningboard:general] _mutateContextIfNeeded called for org.ps2x.ps2entryrunner
2026-09-19 19:59:14.999 Df runningboardd[26710:269b36] [com.apple.runningboard:job] app<org.ps2x.ps2entryrunner((null))> Looking up container path with persona (null) using container identifier 'org.ps2x.ps2entryrunner'
2026-09-19 19:59:14.999 Df runningboardd[26710:2689e6] [com.apple.runningboard:job_oversize] 'app<org.ps2x.ps2entryrunner((null))>' Constructed job description:
<dictionary: 0x109db1980> { count = 23, transaction: 0, voucher = 0x0, contents =
	"ProcessType" => <string: 0x109e64390> { string cache = 0x0, length = 3, contents = "App" }
	"EnableTransactions" => <bool: 0x222423a90>: false
	"_ManagedBy" => <string: 0x109e64c00> { string cache = 0x0, length = 22, contents = "com.apple.runningboard" }
	"RootedSimulatorPath" => <bool: 0x222423a70>: true
	"StandardOutPath" => <string: 0x109e65350> { string cache = 0x0, length = 52, contents = "/Volumes/Extreme SSD/ps2x-i6/logs/launch2-stdout.log" }
	"CFBundleIdentifier" => <string: 0x109e67fc0> { string cache = 0x0, length = 23, contents = "org.ps2x.ps2entryrunner" }
	"_ResourceCoalition" => <string: 0x109e64ab0> { string cache = 0x0, length = 36, contents = "app<org.ps2x.ps2entryrunner((null))>" }
	"_POSIXSpawnTelemetryPageIn" => <bool: 0x222423a70>: true
	"ThrottleInterval" => <int64: 0x805f341a872dd7e7>: 2147483647
	"StandardErrorPath" => <string: 0x109e66be0> { string cache = 0x0, length = 52, contents = "/Volumes/Extreme SSD/ps2x-i6/logs/launch2-stderr.log" }
	"MachServices" => <dictionary: 0x109db1b60> { count = 0, transaction: 0, voucher = 0x0, contents =
	}
	"EnablePressuredExit" => <bool: 0x222423a90>: false
	"InitialTaskRole" => <int64: 0x805f341978d22817>: 1
	"UserName" => <string: 0x109e67570> { string cache = 0x0, length = 6, contents = "mobile" }
	"EnvironmentVariables" => <dictionary: 0x109db03c0> { count = 5, transaction: 0, voucher = 0x0, contents =
		"TMPDIR" => <string: 0x109e66190> { string cache = 0x0, length = 172, contents = "/Users/bradrichardson/Library/Developer/CoreSimulator/Devices/4DE6C37C-77EF-45AE-827E-26286E68D022/data/Containers/Data/Application/66B79458-8486-4FF6-A021-87B6892848D3/tmp" }
		"HOME" => <string: 0x109e67bd0> { string cache = 0x0, length = 168, contents = "/Users/bradrichardson/Library/Developer/CoreSimulator/Devices/4DE6C37C-77EF-45AE-827E-26286E68D022/data/Containers/Data/Application/66B79458-8486-4FF6-A021-87B6892848D3" }
		"CFFIXED_USER_HOME" => <string: 0x109e65f20> { string cache = 0x0, length = 168, contents = "/Users/bradrichardson/Library/Developer/CoreSimulator/Devices/4DE6C37C-77EF-45AE-827E-26286E68D022/data/Containers/Data/Application/66B79458-8486-4FF6-A021-87B6892848D3" }
		"TERM" => <string: 0x109e67ab0> { string cache = 0x0, length = 14, contents = "xterm-256color" }
		"_DYLD_CLOSURE_HOME" => <string: 0x109e67f90> { string cache = 0x0, length = 168, contents = "/Users/bradrichardson/Library/Developer/CoreSimulator/Devices/4DE6C37C-77EF-45AE-827E-26286E68D022/data/Containers/Data/Application/66B79458-8486-4FF6-A021-87B6892848D3" }
	}
	"_AdditionalProperties" => <dictionary: 0x109db1080> { count = 1, transaction: 0, voucher = 0x0, contents =
		"RunningBoard" => <dictionary: 0x109db3540> { count = 3, transaction: 0, voucher = 0x0, contents =
			"Managed" => <bool: 0x222423a70>: true
			"RunningBoardLaunchedIdentity" => <dictionary: 0x109db0360> { count = 2, transaction: 0, voucher = 0x0, contents =
				"TYPE" => <int64: 0x805f341978d2280f>: 2
				"EAI" => <string: 0x109e66730> { string cache = 0x0, length = 23, contents = "org.ps2x.ps2entryrunner" }
			}
			"RunningBoardLaunched" => <bool: 0x222423a70>: true
		}
	}
	"ExitTimeOut" => <int64: 0x805f341978d22817>: 1
	"Label" => <string: 0x109e66e50> { string cache = 0x0, length = 57, contents = "UIKitApplication:org.ps2x.ps2entryrunner[a09f][rb-legacy]" }
	"MaterializeDatalessFiles" => <bool: 0x222423a70>: true
	"SandboxContainer" => <string: 0x109e67cc0> { string cache = 0x0, length = 168, contents = "/Users/bradrichardson/Library/Developer/CoreSimulator/Devices/4DE6C37C-77EF-45AE-827E-26286E68D022/data/Containers/Data/Application/66B79458-8486-4FF6-A021-87B6892848D3" }
	"_LaunchType" => <int64: 0x805f341978d22807>: 3
	"ProgramArguments" => <array: 0x109e66fa0> { count = 1, capacity = 10, contents =
		0: <string: 0x109e66a00> { string cache = 0x0, length = 204, contents = "/Users/bradrichardson/Library/Developer/CoreSimulator/Devices/4DE6C37C-77EF-45AE-827E-26286E68D022/data/Containers/Bundle/Application/813AA66E-03FF-4F2D-B6EB-57210E098028/ps2EntryRunner.app/ps2EntryRunner" }
	}
	"Program" => <string: 0x109e664c0> { string cache = 0x0, length = 204, contents = "/Users/bradrichardson/Library/Developer/CoreSimulator/Devices/4DE6C37C-77EF-45AE-827E-26286E68D022/data/Containers/Bundle/Application/813AA66E-03FF-4F2D-B6EB-57210E098028/ps2EntryRunner.app/ps2EntryRunner" }
}
2026-09-19 19:59:15.008 Df SpringBoard[26707:266d9e] [com.apple.SpringBoard:KeyboardFocus] _updateDeferringRules(didMoveToParentViewController) sceneID:org.ps2x.ps2entryrunner-default hasParent:YES contentState:notReady hasRule:NO wantsRule:NO
2026-09-19 19:59:15.008 Df SpringBoard[26707:266d9e] [com.apple.SpringBoard:KeyboardFocus] _updateDeferringRules(didMoveToParentViewController) outcome:(no change) sceneID:org.ps2x.ps2entryrunner-default
2026-09-19 19:59:15.008 Df SpringBoard[26707:266d9e] [com.apple.SpringBoard:AppRestrictionsOverlay] [sceneID:org.ps2x.ps2entryrunner-default] init without scene; waiting for scene creation
2026-09-19 19:59:15.008 Df SpringBoard[26707:266d9e] [com.apple.SpringBoard:AppRestrictionsOverlay] [sceneID:org.ps2x.ps2entryrunner-default] tearing down vc for overlay: 0x0
2026-09-19 19:59:15.008 Df SpringBoard[26707:266d9e] [com.apple.SpringBoard:KeyboardFocus] _updateDeferringRules(didMoveToParentViewController) sceneID:org.ps2x.ps2entryrunner-default hasParent:YES contentState:notReady hasRule:NO wantsRule:NO
2026-09-19 19:59:15.008 Df SpringBoard[26707:266d9e] [com.apple.SpringBoard:KeyboardFocus] _updateDeferringRules(didMoveToParentViewController) outcome:(no change) sceneID:org.ps2x.ps2entryrunner-default
2026-09-19 19:59:15.008 Df SpringBoard[26707:266d9e] [com.apple.SpringBoard:AppSwitcher] <SBFullScreenSwitcherLiveContentOverlayCoordinator: 0x116331400> Adding SwitcherScene overlay for: <SBAppLayout: 0x122103c60; primary: org.ps2x.ps2entryrunner:default; environment: main>, animated: NO
2026-09-19 19:59:15.018 Df SpringBoard[26707:266d9e] [com.apple.SpringBoard:ZStack] _updatePreferences <Switcher>: {
    activationPolicyForParticipantsBelow: AtMostBG;
    homeAffordanceDrawingSuppression: Default;
    associatedSceneIdentifiersToSuppressInSystemAperture: (
        sceneID:org.ps2x.ps2entryrunner-default
    );
    associatedBundleIdentifiersToSuppressInSystemAperture: (
        org.ps2x.ps2entryrunner
    );
    allowsDimmingWhenForegroundInactive: No;
}
2026-09-19 19:59:15.018 Df SpringBoard[26707:266d9e] [com.apple.SpringBoard:SystemApertureViewController] Invalidating promoted elements with coversheet suppression NO liquid detection suppression NO proximity reader suppression NO system chrome suppression NO bundleIDs {(
    "org.ps2x.ps2entryrunner"
)} sceneIds {(
    "sceneID:org.ps2x.ps2entryrunner-default"
)}
2026-09-19 19:59:15.018 Df SpringBoard[26707:266d9e] [com.apple.SpringBoard:ZStack] Resolved Stack (update(Switcher)) [
    Highest: ⬇ ,
    SystemAperture: ⬇ ,
    HUD: ⬇ ,
    TransientOverlayPresentation: ⬇ ,
    Switcher: ownsHomeGesture; FGActive; homeAffordanceDrawingSuppressed: Y->N; suppressedBundles: (none)->org.ps2x.ps2entryrunner; suppressedScenes: 0->1,
    HomeScreen: FGActive->BG
]
2026-09-19 19:59:15.018 Df SpringBoard[26707:266d9e] [com.apple.SpringBoard:Common] [DeviceSceneHandle] sceneID:org.ps2x.ps2entryrunner-default display=Main bounds={{0, 0}, {402, 874}} sceneFrame={{0, 0}, {402, 874}} capability=.None
2026-09-19 19:59:15.018 Df SpringBoard[26707:266d9e] [com.apple.SpringBoard:TraitsArbiter] [DeviceSceneHandle] Did set interfaceOrientation[1] on scene with identifier[sceneID:org.ps2x.ps2entryrunner-default]
2026-09-19 19:59:15.019 Df SpringBoard[26707:266d9e] [com.apple.SpringBoard:ContinuitySession] modifying scene setting userInterfaceStyle to Light displayIdentity: Main forSceneManagers: Main <SBDeviceApplicationSceneHandle: 0x12207ca00; sceneID: sceneID:org.ps2x.ps2entryrunner-default; scenePointer: 0x0>
2026-09-19 19:59:15.019 Df SpringBoard[26707:266d9e] [preflight:SceneHostedPreflight] [Source: TCCs] org.ps2x.ps2entryrunner requires preflight: false
2026-09-19 19:59:15.019 Df SpringBoard[26707:266d9e] [preflight:SceneHostedPreflight] [Source: ScreenTime] org.ps2x.ps2entryrunner requires preflight: false
2026-09-19 19:59:15.019 Df SpringBoard[26707:266d9e] [com.apple.SpringBoard:Common] [SBApplicationSceneUpdateTransaction] org.ps2x.ps2entryrunner requiresPreflight: false false (null)
2026-09-19 19:59:15.019 Df SpringBoard[26707:266d9e] [com.apple.SpringBoard:Common] [SBApplicationSceneUpdateTransaction] org.ps2x.ps2entryrunner not running preflight as not restricted
2026-09-19 19:59:15.019 Df SpringBoard[26707:266d9e] [com.apple.SpringBoard:AppSwitcher] [Main (EmbeddedDisplay)] dispatch event:
<SBSceneReadySwitcherModifierEvent: 0x1196b93e0; type: SceneReady; appLayout: <SBAppLayout: 0x122103c60; primary: org.ps2x.ps2entryrunner:default; environment: main> {
    environment = main;
    centerConfiguration = undefined;
    preferredDisplayOrdinal = 0;
    continuousExposeIdentifier = org.ps2x.ps2entryrunner;
    layoutItems = {
        primary = <SBDisplayItem: 0x11c4fffc0; type: App; bundleIdentifier: org.ps2x.ps2entryrunner; uniqueIdentifier: sceneID:org.ps2x.ps2entryrunner-default>;
    }
}>
2026-09-19 19:59:15.021 E  launchd_sim[26704:2690d4] [user/501/UIKitApplication:org.ps2x.ps2entryrunner[a09f][rb-legacy] [27586]:] Service could not initialize: Unable to open stdout path (/Volumes/Extreme SSD/ps2x-i6/logs/launch2-stdout.log), error 0x1 - Operation not permitted
2026-09-19 19:59:15.021 E  runningboardd[26710:269b36] [com.apple.libxpc.OSLaunchdJob:all] <OSLaunchdJob | handle=F2858BA7-67DF-4279-8EBF-D91B2AA64150>: job failed to spawn, plist={
	ProcessType => App
	EnableTransactions => false
	_ManagedBy => com.apple.runningboard
	RootedSimulatorPath => true
	StandardOutPath => /Volumes/Extreme SSD/ps2x-i6/logs/launch2-stdout.log
	CFBundleIdentifier => org.ps2x.ps2entryrunner
	_ResourceCoalition => app<org.ps2x.ps2entryrunner((null))>
	_POSIXSpawnTelemetryPageIn => true
	ThrottleInterval => 2147483647
	StandardErrorPath => /Volumes/Extreme SSD/ps2x-i6/logs/launch2-stderr.log
	MachServices => {
	}
	EnablePressuredExit => false
	InitialTaskRole => 1
	UserName => mobile
	EnvironmentVariables => {
		TMPDIR => /Users/bradrichardson/Library/Developer/CoreSimulator/Devices/4DE6C37C-77EF-45AE-827E-26286E68D022/data/Containers/Data/Application/66B79458-8486-4FF6-A021-87B6892848D3/tmp
		HOME => /Users/bradrichardson/Library/Developer/CoreSimulator/Devices/4DE6C37C-77EF-45AE-827E-26286E68D022/data/Containers/Data/Application/66B79458-8486-4FF6-A021-87B6892848D3
		CFFIXED_USER_HOME =><…>
2026-09-19 19:59:15.021 Df runningboardd[26710:269b36] [com.apple.runningboard:ttl] Invalidating assertion 26710-26707-5000 (target:app<org.ps2x.ps2entryrunner((null))>) from originator [osservice<com.apple.SpringBoard>:26707]
2026-09-19 19:59:15.021 E  SpringBoard[26707:2689ea] [com.apple.FrontBoard:Process] Bootstrapping failed for <FBApplicationProcess: 0x11965cc00; app<org.ps2x.ps2entryrunner>:<invalid>> with error: <NSError: 0x11966b8d0; domain: RBSRequestErrorDomain; code: 5; "Launch failed."> {
    NSUnderlyingError = <NSError: 0x11966aa00; domain: NSPOSIXErrorDomain; code: 1> {
        NSLocalizedDescription = Launchd job spawn failed;
    };
}
2026-09-19 19:59:15.021 Df SpringBoard[26707:2689ea] [com.apple.FrontBoard:Process] [app<org.ps2x.ps2entryrunner>:-1] Now flagged as pending exit for reason: Bootstrap failed
2026-09-19 19:59:15.021 Df runningboardd[26710:269b36] [com.apple.runningboard:general] Full encoding handle <inert:[app<org.ps2x.ps2entryrunner((null))>:-1]*>, with data 0, and pid -1
2026-09-19 19:59:15.021 Df launchd_sim[26704:2690c1] [user/501:] service inactive: UIKitApplication:org.ps2x.ps2entryrunner[a09f][rb-legacy]
2026-09-19 19:59:15.021 Df SpringBoard[26707:2689ea] [com.apple.FrontBoard:Process] [app<org.ps2x.ps2entryrunner>:-1] Connection to remote process was not established.
2026-09-19 19:59:15.021 Df launchd_sim[26704:2690c1] [user/501:] removing service: UIKitApplication:org.ps2x.ps2entryrunner[a09f][rb-legacy]
2026-09-19 19:59:15.021 Df SpringBoard[26707:2689ea] [com.apple.FrontBoard:Process] Adding: <FBApplicationProcess: 0x11965cc00; app<org.ps2x.ps2entryrunner>:<invalid>>
2026-09-19 19:59:15.021 Df SpringBoard[26707:269b3b] [com.apple.runningboard:monitor] Received state update for -1 (app<org.ps2x.ps2entryrunner((null))>, none-Visible
2026-09-19 19:59:15.022 Df SpringBoard[26707:266d9e] [preflight:SceneHostedPreflight] [Preflighter: TCCs] org.ps2x.ps2entryrunner requires preflight: false
2026-09-19 19:59:15.022 Df SpringBoard[26707:266d9e] [preflight:SceneHostedPreflight] [Preflighter: ScreenTime] org.ps2x.ps2entryrunner requires preflight: false
2026-09-19 19:59:15.022 Df SpringBoard[26707:266d9e] [com.apple.SpringBoard:AppRestrictionsOverlay] [sceneID:org.ps2x.ps2entryrunner-default] didCreateScene
2026-09-19 19:59:15.022 Df SpringBoard[26707:266d9e] [preflight:SceneHostedPreflight] [Preflighter: TCCs] org.ps2x.ps2entryrunner requires preflight: false
2026-09-19 19:59:15.022 Df SpringBoard[26707:266d9e] [preflight:SceneHostedPreflight] [Preflighter: ScreenTime] org.ps2x.ps2entryrunner requires preflight: false
2026-09-19 19:59:15.022 Df SpringBoard[26707:266d9e] [preflight:PreflightSceneExtension] sceneID:org.ps2x.ps2entryrunner-default: returning requiresPreflight FALSE as there's no activePreflightSource
2026-09-19 19:59:15.022 Df SpringBoard[26707:266d9e] [com.apple.SpringBoard:AppRestrictionsOverlay] [sceneID:org.ps2x.ps2entryrunner-default] tearing down vc for overlay: 0x0
2026-09-19 19:59:15.022 Df SpringBoard[26707:266d9e] [com.apple.SpringBoard:AppProtection] <BSCompoundAssertion:0x1220a6210> (SBApplicationAppProtectionAssistant: 0x11c66e140 - org.ps2x.ps2entryrunner) acquire for reason:NULL scene acq:0x11c7055c0 count:1
2026-09-19 19:59:15.022 Df SpringBoard[26707:266d9e] [com.apple.SpringBoard:AppProtection] Informing <APSystemAppOutlet: 0x10be25d10> that <APApplication: org.ps2x.ps2entryrunner> will become foreground visible
2026-09-19 19:59:15.022 Df SpringBoard[26707:266d9e] [com.apple.appprotection:framework] scene will become FG visible for <APApplication: org.ps2x.ps2entryrunner>
2026-09-19 19:59:15.022 Df SpringBoard[26707:266d9e] [com.apple.appprotection:framework] auth result for <APApplication: org.ps2x.ps2entryrunner>: true (null)
2026-09-19 19:59:15.022 Df SpringBoard[26707:266d9e] [com.apple.UIKit:KBProxyForwarding] <StateMachine:0x118720080> Created with presentation environment: <0x10f759ec0:<_UISceneKeyboardProxyLayerForwardingPresentationScene: 0x10f759ec0> Tracking scene: <FBScene: 0x121701e00; FBSceneManager:sceneID:org.ps2x.ps2entryrunner-default>>
2026-09-19 19:59:15.023 Df SpringBoard[26707:266d9e] [com.apple.SpringBoard:Common] [DeviceSceneHandle] sceneID:org.ps2x.ps2entryrunner-default display=Main bounds={{0, 0}, {402, 874}} sceneFrame={{0, 0}, {402, 874}} capability=.None
2026-09-19 19:59:15.023 Df SpringBoard[26707:266d9e] [com.apple.SpringBoard:TraitsArbiter] orientationMode=dynamic for <SBTraitsSceneParticipantDelegate: 0x1197899a0> (
    "com.apple.frontboard.systemappservices/FBSceneManager:sceneID%3Aorg.ps2x.ps2entryrunner-default"
)
2026-09-19 19:59:15.023 Df SpringBoard[26707:266d9e] [com.apple.SpringBoard:TraitsArbiter] [DeviceSceneHandle] Did set interfaceOrientation[1] on scene with identifier[sceneID:org.ps2x.ps2entryrunner-default]
2026-09-19 19:59:15.024 Df SpringBoard[26707:266d9e] [com.apple.SpringBoard:ContinuitySession] modifying scene setting userInterfaceStyle to Light displayIdentity: Main forSceneManagers: Main <SBDeviceApplicationSceneHandle: 0x12207ca00; sceneID: sceneID:org.ps2x.ps2entryrunner-default; scenePointer: 0x121701e00>
2026-09-19 19:59:15.024 Df SpringBoard[26707:266d9e] [com.apple.SpringBoard:Common] No capture application found for the org.ps2x.ps2entryrunner, launchCameraCapture: NO, isCaptureApplication: NO
2026-09-19 19:59:15.024 Df SpringBoard[26707:266d9e] [com.apple.FrontBoard:Process] Asked to bootstrap a new process with identity: app<org.ps2x.ps2entryrunner((null))>
2026-09-19 19:59:15.024 Df SpringBoard[26707:266d9e] [com.apple.FrontBoard:Process] Did not create a new process: A process for app<org.ps2x.ps2entryrunner((null))> already exists.
2026-09-19 19:59:15.024 Df SpringBoard[26707:266d9e] [com.apple.FrontBoard:ProcessScene] [0x122112700:(FBSceneManager):sceneID:org.ps2x.ps2entryrunner-default] Initialized with connection: 0x1197964c0.
2026-09-19 19:59:15.024 Df SpringBoard[26707:266d9e] [com.apple.FrontBoard:ProcessWorkspace] [app<org.ps2x.ps2entryrunner>:-1] Registered new scene: <FBWorkspaceScene: 0x122112700; (FBSceneManager):sceneID:org.ps2x.ps2entryrunner-default> (fromRemnant = 0)
2026-09-19 19:59:15.024 Df SpringBoard[26707:266d9e] [com.apple.FrontBoard:Scene] [(FBSceneManager):sceneID:org.ps2x.ps2entryrunner-default][1] Scene activated.
2026-09-19 19:59:15.024 Df SpringBoard[26707:2689ea] [com.apple.FrontBoard:Process] [app<org.ps2x.ps2entryrunner>:-1] Setting process visibility to: Foreground
2026-09-19 19:59:15.024 Df SpringBoard[26707:266d9e] [com.apple.UIKit:SceneDeactivation] Now tracking: <FBScene: 0x121701e00; FBSceneManager:sceneID:org.ps2x.ps2entryrunner-default>
2026-09-19 19:59:15.024 Df SpringBoard[26707:266d9e] [com.apple.UIKit:SceneDeactivation] [sceneID:org.ps2x.ps2entryrunner-default] Setting deactivation reasons to: 'systemAnimation' for reason: scene settings update - settings are eligible for deactivation reasons.
2026-09-19 19:59:15.024 Df SpringBoard[26707:266d9e] [com.apple.FrontBoard:Scene] [(FBSceneManager):sceneID:org.ps2x.ps2entryrunner-default] scene content state changed: preparing
2026-09-19 19:59:15.024 Df SpringBoard[26707:266d9e] [com.apple.SpringBoard:KeyboardFocus] _updateDeferringRules(didUpdateContentState) sceneID:org.ps2x.ps2entryrunner-default hasParent:YES contentState:preparing hasRule:NO wantsRule:YES
2026-09-19 19:59:15.024 E  SpringBoard[26707:266d9e] [com.apple.SpringBoard:KeyboardFocus] invalid pid for scene sceneID:org.ps2x.ps2entryrunner-default, returning nil target
2026-09-19 19:59:15.024 Df SpringBoard[26707:266d9e] [com.apple.SpringBoard:KeyboardFocus] _updateDeferringRules(didUpdateContentState) outcome:(wanted, but focusTarget is nil) sceneID:org.ps2x.ps2entryrunner-default
2026-09-19 19:59:15.025 Df SpringBoard[26707:2689ea] [com.apple.FrontBoard:ProcessScene] [0x122112700:(FBSceneManager):sceneID:org.ps2x.ps2entryrunner-default] Scene lifecycle state did change: Foreground
2026-09-19 19:59:15.025 Df SpringBoard[26707:2689ea] [com.apple.FrontBoard:ProcessScene] [0x122112700:(FBSceneManager):sceneID:org.ps2x.ps2entryrunner-default] Scene state did change: FV-Focal[100].
2026-09-19 19:59:15.025 Df SpringBoard[26707:2689ea] [com.apple.FrontBoard:ProcessWorkspace] [app<org.ps2x.ps2entryrunner>:-1] Workspace state did change: XX-None[0] --> FV-Focal[100] (awaiting concrete target).
2026-09-19 19:59:15.026 Df SpringBoard[26707:266d9e] [com.apple.SpringBoard:AppSwitcher] [Main (EmbeddedDisplay)] dispatch event:
<SBTransitionSwitcherModifierEvent: 0x11c620480; type: MainTransition; transitionID: 3544B104-4E6E-4F2C-8BC8-CA3CB6B36959; phase: Prepare; animated: YES; fromAppLayout: 0x0; toAppLayout: <SBAppLayout: 0x122103c60; primary: org.ps2x.ps2entryrunner:default; environment: main>; fromEnvironmentMode: home-screen; toEnvironmentMode: application; fromSpaceConfiguration: undefined; toSpaceConfiguration: full; pendingTermination: {(
)}; morphingPIPLayoutRole: undefined; previousDesktopItems: {(
)}>
2026-09-19 19:59:15.026 Df SpringBoard[26707:266d9e] [com.apple.SpringBoard:AppSwitcher] [Main (EmbeddedDisplay)] handle response:
<SBSwitcherModifierEventResponse: 0x121697300> {
    <SBSwitcherModifierEventResponse: 0x1216979c0> {
	    <SBSwitcherModifierEventResponse: 0x10f758c60> {
		    <SBTimerEventSwitcherEventResponse: 0x10f737ae0; delay: 0.240000; reason: kSBTransitionModifierInvalidateAsyncRenderingReason>;
		    <SBInvalidateAdjustedAppLayoutsSwitcherEventResponse: 0x10f758ba0>;
		};
	    <SBTimerEventSwitcherEventResponse: 0x121697db0; delay: 0.060000; reason: kSBFullScreenToHomeCornerRadiusDelayReason>;
	};
    <SBSwitcherModifierEventResponse: 0x10f759560> {
	    <SBUpdateLayoutSwitcherEventResponse: 0x1186155c0; updateVisibleItems; layout; style; mode: None>;
	    <SBRequestFolderSnapshotsSwitcherEventResponse: 0x121694090; snapshotRequested: YES>;
	    <SBIconOverlayVisibilitySwitcherEventResponse: 0x118617600; visible: YES; appLayout: <SBAppLayout: 0x122103c60; primary: org.ps2x.ps2entryrunner:default; environment: main>>;
	    <SBIconViewVisibilitySwitcherEventResponse: 0x11871aa30;
2026-09-19 19:59:15.036 Df SpringBoard[26707:266d9e] [com.apple.SpringBoard:Icon] Creating ISIcon on main thread for app org.ps2x.ps2entryrunner
2026-09-19 19:59:15.038 Df SpringBoard[26707:266d9e] [com.apple.SpringBoard:AppSwitcher] [Main (EmbeddedDisplay)] dispatch event:
<SBTransitionSwitcherModifierEvent: 0x11c620480; type: MainTransition; transitionID: 3544B104-4E6E-4F2C-8BC8-CA3CB6B36959; phase: Animate; animated: YES; fromAppLayout: 0x0; toAppLayout: <SBAppLayout: 0x122103c60; primary: org.ps2x.ps2entryrunner:default; environment: main>; fromEnvironmentMode: home-screen; toEnvironmentMode: application; fromSpaceConfiguration: undefined; toSpaceConfiguration: full; pendingTermination: {(
)}; morphingPIPLayoutRole: undefined; previousDesktopItems: {(
)}>
2026-09-19 19:59:15.127 Df SpringBoard[26707:2689ea] [com.apple.FrontBoard:Process] [app<org.ps2x.ps2entryrunner>:-1] Process exited: .
2026-09-19 19:59:15.127 Df SpringBoard[26707:2689ea] [com.apple.FrontBoard:Process] [app<org.ps2x.ps2entryrunner>:-1] Setting process task state to: Not Running
2026-09-19 19:59:15.127 Df SpringBoard[26707:2689ea] [com.apple.FrontBoard:Process] [app<org.ps2x.ps2entryrunner>:-1] Setting process visibility to: Unknown
2026-09-19 19:59:15.127 Df runningboardd[26710:269b34] [com.apple.runningboard:assertion] Removed last relative-start-date-defining assertion for process app<org.ps2x.ps2entryrunner((null))>
2026-09-19 19:59:15.127 Df SpringBoard[26707:268fd9] [com.apple.FrontBoard:ProcessWorkspace] [app<org.ps2x.ps2entryrunner>:-1] Invalidating workspace.
2026-09-19 19:59:15.127 Df SpringBoard[26707:268fd9] [com.apple.FrontBoard:ProcessScene] [0x122112700:(FBSceneManager):sceneID:org.ps2x.ps2entryrunner-default] Invalidated for connection: 0x1197964c0.
2026-09-19 19:59:15.128 Df SpringBoard[26707:268fd9] [com.apple.FrontBoard:Process] Removing: <FBApplicationProcess: 0x11965cc00; app<org.ps2x.ps2entryrunner>:<invalid>>
2026-09-19 19:59:15.128 E  SpringBoard[26707:266d9e] [com.apple.FrontBoard:Scene] [(FBSceneManager):sceneID:org.ps2x.ps2entryrunner-default] Update failed: <NSError: 0x12177a010; domain: FBSceneErrorDomain; code: 1 ("operation-failed"); "Scene update failed."> {
    NSUnderlyingError = <NSError: 0x1216a2d60; domain: FBWorkspaceScene; code: 1 ("send-message-failed"); "Scene update failed. Client process exited."> {
        NSUnderlyingError = <NSError: 0x1216a0ae0; domain: FBProcessExit; code: 64 ("launch-failed"); "The process failed to launch."> {
            NSUnderlyingError = <NSError: 0x11966b8d0; domain: RBSRequestErrorDomain; code: 5; "Launch failed."> {
                NSUnderlyingError = <NSError: 0x11966aa00; domain: NSPOSIXErrorDomain; code: 1> {
                    NSLocalizedDescription = Launchd job spawn failed;
                };
            };
        };
    };
}
2026-09-19 19:59:15.128 Df SpringBoard[26707:266d9e] [com.apple.FrontBoard:Scene] Deactivating scene: (FBSceneManager):sceneID:org.ps2x.ps2entryrunner-default
2026-09-19 19:59:15.128 Df SpringBoard[26707:266d9e] [com.apple.UIKit:SceneDeactivation] No longer tracking: <FBScene: 0x121701e00; FBSceneManager:sceneID:org.ps2x.ps2entryrunner-default>
2026-09-19 19:59:15.128 Df SpringBoard[26707:266d9e] [com.apple.FrontBoard:Scene] [(FBSceneManager):sceneID:org.ps2x.ps2entryrunner-default] scene content state changed: notReady
2026-09-19 19:59:15.128 Df SpringBoard[26707:266d9e] [com.apple.SpringBoard:KeyboardFocus] _updateDeferringRules(didUpdateContentState) sceneID:org.ps2x.ps2entryrunner-default hasParent:YES contentState:notReady hasRule:NO wantsRule:NO
2026-09-19 19:59:15.128 Df SpringBoard[26707:266d9e] [com.apple.SpringBoard:KeyboardFocus] _updateDeferringRules(didUpdateContentState) outcome:(no change) sceneID:org.ps2x.ps2entryrunner-default
2026-09-19 19:59:15.128 Df SpringBoard[26707:266d9e] [com.apple.FrontBoard:Scene] [(FBSceneManager):sceneID:org.ps2x.ps2entryrunner-default][1] Scene deactivated.
2026-09-19 19:59:15.128 Df SpringBoard[26707:266d9e] [com.apple.FrontBoard:Scene] Invalidating scene: (FBSceneManager):sceneID:org.ps2x.ps2entryrunner-default
2026-09-19 19:59:15.128 Df runningboardd[26710:269b37] [com.apple.runningboard:general] Full encoding handle <inert:[app<org.ps2x.ps2entryrunner((null))>:-1]*>, with data 0, and pid -1
2026-09-19 19:59:15.128 Df SpringBoard[26707:266d9e] [com.apple.FrontBoard:Scene] [(FBSceneManager):sceneID:org.ps2x.ps2entryrunner-default][1] Scene invalidated.
2026-09-19 19:59:15.128 E  SpringBoard[26707:266d9e] [com.apple.FrontBoard:Scene] Ignoring update for invalidated scene: (FBSceneManager):sceneID:org.ps2x.ps2entryrunner-default
2026-09-19 19:59:15.128 Df SpringBoard[26707:266d9e] [com.apple.SpringBoard:AppRestrictionsOverlay] [sceneID:org.ps2x.ps2entryrunner-default] didDestroyScene
2026-09-19 19:59:15.128 Df SpringBoard[26707:266d9e] [com.apple.SpringBoard:AppRestrictionsOverlay] [sceneID:org.ps2x.ps2entryrunner-default] tearing down vc for overlay: 0x0
2026-09-19 19:59:15.129 Df SpringBoard[26707:266d9e] [com.apple.SpringBoard:AppProtection] <BSCompoundAssertion:0x1220a6210> (SBApplicationAppProtectionAssistant: 0x11c66e140 - org.ps2x.ps2entryrunner) invalidate acq:0x11c7055c0 count:1
2026-09-19 19:59:15.129 Df SpringBoard[26707:266d9e] [com.apple.SpringBoard:AppProtection] Informing <APSystemAppOutlet: 0x10be25d10> that <APApplication: org.ps2x.ps2entryrunner> will become background as far as we know
2026-09-19 19:59:15.129 Df SpringBoard[26707:266d9e] [com.apple.appprotection:framework] All scenes dismissed for <APApplication: org.ps2x.ps2entryrunner>
2026-09-19 19:59:15.129 Df SpringBoard[26707:268fd9] [com.apple.runningboard:monitor] Received state update for -1 (app<org.ps2x.ps2entryrunner((null))>, none-NotVisible
2026-09-19 19:59:15.129 Df SpringBoard[26707:2689ea] [com.apple.appprotection:framework] told auth provider org.ps2x.ps2entryrunner was dimissed. result:true err:(null)
2026-09-19 19:59:15.129 Df SpringBoard[26707:266d9e] [com.apple.UIKit:KBProxyForwarding] <StateMachine:0x118720080> Presentation environment invalidated: <_UISceneKeyboardProxyLayerForwardingPresentationScene: 0x10f759ec0> Tracking scene: <FBScene: 0x121701e00; (null):sceneID:org.ps2x.ps2entryrunner-default>
2026-09-19 19:59:15.129 Df SpringBoard[26707:266d9e] [com.apple.SpringBoard:AppSwitcher] [Main (EmbeddedDisplay)] dispatch event:
<SBSceneReadySwitcherModifierEvent: 0x12177a190; type: SceneReady; appLayout: <SBAppLayout: 0x122103c60; primary: org.ps2x.ps2entryrunner:default; environment: main> {
    environment = main;
    centerConfiguration = undefined;
    preferredDisplayOrdinal = 0;
    continuousExposeIdentifier = org.ps2x.ps2entryrunner;
    layoutItems = {
        primary = <SBDisplayItem: 0x11c4fffc0; type: App; bundleIdentifier: org.ps2x.ps2entryrunner; uniqueIdentifier: sceneID:org.ps2x.ps2entryrunner-default>;
    }
}>
2026-09-19 19:59:15.130 E  SpringBoard[26707:266d9e] [com.apple.FrontBoard:Scene] [(FBSceneManager):sceneID:org.ps2x.ps2entryrunner-default] Update failed: <NSError: 0x121779da0; domain: FBSceneErrorDomain; code: 1 ("operation-failed"); "Scene update failed."> {
    NSUnderlyingError = <NSError: 0x1216a3930; domain: FBWorkspaceScene; code: 1 ("send-message-failed"); "Scene update failed. Client process exited."> {
        NSUnderlyingError = <NSError: 0x1216a2cd0; domain: FBProcessExit; code: 64 ("launch-failed"); "The process failed to launch."> {
            NSUnderlyingError = <NSError: 0x11966b8d0; domain: RBSRequestErrorDomain; code: 5; "Launch failed."> {
                NSUnderlyingError = <NSError: 0x11966aa00; domain: NSPOSIXErrorDomain; code: 1> {
                    NSLocalizedDescription = Launchd job spawn failed;
                };
            };
        };
    };
}
2026-09-19 19:59:15.130 Df SpringBoard[26707:266d9e] [com.apple.SpringBoard:Workspace] Process exited: <FBApplicationProcess: 0x11965cc00; app<org.ps2x.ps2entryrunner>:<invalid>> ->
2026-09-19 19:59:15.131 Df SpringBoard[26707:266d9e] [com.apple.SpringBoard:Common] Application process state changed for org.ps2x.ps2entryrunner: (null)
2026-09-19 19:59:15.131 Df SpringBoard[26707:266d9e] [com.apple.FrontBoard:Scene] [(FBSceneManager):sceneID:org.ps2x.ps2entryrunner-default] Ignoring client invalidation due to token mismatch (probably due to prior deactivation). expected=0x0 received=0x122112700
2026-09-19 19:59:15.465 Df SpringBoard[26707:266d9e] [com.apple.SpringBoard:AppSwitcher] [Main (EmbeddedDisplay)] dispatch event:
<SBTransitionSwitcherModifierEvent: 0x1186ec180; type: MainTransition; transitionID: 3544B104-4E6E-4F2C-8BC8-CA3CB6B36959; phase: Complete; animated: YES; fromAppLayout: 0x0; toAppLayout: <SBAppLayout: 0x122103c60; primary: org.ps2x.ps2entryrunner:default; environment: main>; fromEnvironmentMode: home-screen; toEnvironmentMode: application; fromSpaceConfiguration: undefined; toSpaceConfiguration: full; pendingTermination: {(
)}; morphingPIPLayoutRole: undefined; previousDesktopItems: {(
)}>
2026-09-19 19:59:15.465 Df SpringBoard[26707:266d9e] [com.apple.SpringBoard:AppSwitcher] [Main (EmbeddedDisplay)] handle response:
<SBSwitcherModifierEventResponse: 0x12177b930> {
    <SBPreemptAnimationSwitcherEventResponse: 0x12177bed0>;
    <SBSwitcherModifierEventResponse: 0x12177a190> {
	    <SBInvalidateAdjustedAppLayoutsSwitcherEventResponse: 0x121778180>;
	    <SBSwitcherModifierEventResponse: 0x12177b9c0> {
		    <SBRequestFolderSnapshotsSwitcherEventResponse: 0x121779d40; snapshotRequested: NO>;
		    <SBIconOverlayVisibilitySwitcherEventResponse: 0x1214bad00; visible: NO; appLayout: <SBAppLayout: 0x122103c60; primary: org.ps2x.ps2entryrunner:default; environment: main>>;
		    <SBIconViewVisibilitySwitcherEventResponse: 0x11871ab70; visible: YES; animationSettings: 0x0; appLayout: <SBAppLayout: 0x122103c60; primary: org.ps2x.ps2entryrunner:default; environment: main>>;
		    <SBMatchMoveToIconViewSwitcherEventResponse: 0x12155dce0; active: NO; appLayout: <SBAppLayout: 0x122103c60; primary: org.ps2x.ps2entryrunner:default; environment: main>>;
		};
	};
}
2026-09-19 19:59:15.480 Df SpringBoard[26707:266d9e] [com.apple.SpringBoard:Common] Front display did change: <SBApplication: 0x121700900; org.ps2x.ps2entryrunner>
2026-09-19 19:59:15.480 Df SpringBoard[26707:266d9e] [preflight:SceneHostedPreflight] [Source: TCCs] org.ps2x.ps2entryrunner requires preflight: false
2026-09-19 19:59:15.480 Df SpringBoard[26707:266d9e] [preflight:SceneHostedPreflight] [Source: ScreenTime] org.ps2x.ps2entryrunner requires preflight: false
2026-09-19 19:59:15.490 Df SpringBoard[26707:266d9e] [com.apple.SpringBoard:ZStack] Resolved Stack (update(Switcher)) [
    Highest: ⬇ ,
    SystemAperture: ⬇ ,
    HUD: ⬇ ,
    TransientOverlayPresentation: ⬇ ,
    Switcher: ownsHomeGesture; FGActive; homeAffordanceDrawingSuppressed: N->Y; suppressedBundles: org.ps2x.ps2entryrunner->(none); suppressedScenes: 1->0,
    HomeScreen: BG->FGActive
]
2026-09-19 19:59:15.492 Df SpringBoard[26707:266d9e] [com.apple.SpringBoard:AppRestrictionsOverlay] [sceneID:org.ps2x.ps2entryrunner-default] tearing down vc for overlay: 0x0
2026-09-19 19:59:15.507 Df SpringBoard[26707:266d9e] [com.apple.SpringBoard:KeyboardFocus] _updateDeferringRules(didMoveToParentViewController) sceneID:org.ps2x.ps2entryrunner-default hasParent:NO contentState:notReady hasRule:NO wantsRule:NO
2026-09-19 19:59:15.507 Df SpringBoard[26707:266d9e] [com.apple.SpringBoard:KeyboardFocus] _updateDeferringRules(didMoveToParentViewController) outcome:(no change) sceneID:org.ps2x.ps2entryrunner-default
2026-09-19 19:59:15.507 Df SpringBoard[26707:266d9e] [com.apple.SpringBoard:AppRestrictionsOverlay] [sceneID:org.ps2x.ps2entryrunner-default] tearing down vc for overlay: 0x0
2026-09-19 19:59:15.507 Df SpringBoard[26707:266d9e] [com.apple.SpringBoard:KeyboardFocus] _updateDeferringRules(didMoveToParentViewController) sceneID:org.ps2x.ps2entryrunner-default hasParent:NO contentState:notReady hasRule:NO wantsRule:NO
2026-09-19 19:59:15.507 Df SpringBoard[26707:266d9e] [com.apple.SpringBoard:KeyboardFocus] _updateDeferringRules(didMoveToParentViewController) outcome:(no change) sceneID:org.ps2x.ps2entryrunner-default
2026-09-19 19:59:15.508 Df SpringBoard[26707:266d9e] [com.apple.SpringBoard:AppSwitcher] <SBFullScreenSwitcherLiveContentOverlayCoordinator: 0x116331400> Removing SwitcherScene overlay for: <SBAppLayout: 0x122103c60; primary: org.ps2x.ps2entryrunner:default; environment: main>, animated: NO
2026-09-19 19:59:15.510 Df SpringBoard[26707:266d9e] [com.apple.SpringBoard:AppRestrictionsOverlay] [sceneID:org.ps2x.ps2entryrunner-default] tearing down vc for overlay: 0x0
2026-09-19 19:59:20.033 E  runningboardd[26710:269b34] [com.apple.DynamicPrefetching:default] mark_profile_seen_this_boot: exists() failed for "/private/var/root/Library/Caches/com.apple.runningboardd/DynamicPrefetching/org.ps2x.ps2entryrunner/0.profile": Permission denied
2026-09-19 19:59:20.033 Df runningboardd[26710:269b34] [com.apple.DynamicPrefetching:default] end_scenario_internal: first launch after boot for bundleid org.ps2x.ps2entryrunner scenario Launch — discarded 0 pageins, refreshed profile mtime
2026-09-19 20:00:53.534 Df SpringBoard[26707:269b3a] [com.apple.FrontBoard:Common] [FBSystemService] Request received from CoreSimulatorBr.26737 to terminate application org.ps2x.ps2entryrunner: "Termination requested by simulator host"
2026-09-19 20:00:59.650 Df SpringBoard[26707:269b3c] [com.apple.FrontBoard:Common] [FBSystemService][0x8555] Received request to open "org.ps2x.ps2entryrunner" from CoreSimulatorBr:26737.
2026-09-19 20:00:59.650 Df SpringBoard[26707:269b3c] [com.apple.FrontBoard:Common] [FBSystemService][0x8555] Activation request for org.ps2x.ps2entryrunner contained LSCacheGUID 5382FDFD-06CA-4A0C-8ED3-B766E6B54F8E and LSSequenceNumber 728.
2026-09-19 20:00:59.650 Df SpringBoard[26707:266d9e] [com.apple.FrontBoard:Common] [FBSystemService][0x8555] Activation request for org.ps2x.ps2entryrunner will wait 10.00s for app availability, with retry every 2.00s.
2026-09-19 20:00:59.650 Df SpringBoard[26707:266d9e] [com.apple.FrontBoard:Common] [FBSystemService][0x8555] Attempting activation of org.ps2x.ps2entryrunner with {UUID: 5382FDFD-06CA-4A0C-8ED3-B766E6B54F8E, Sequence: 728} vs {UUID: 5382FDFD-06CA-4A0C-8ED3-B766E6B54F8E, Sequence: 728}
2026-09-19 20:00:59.650 Df SpringBoard[26707:266d9e] [com.apple.SpringBoard:Workspace] Received trusted open application request for "org.ps2x.ps2entryrunner" from <FBProcess: 0x10bf5ca80; osservice<com.apple.CoreSimulator.bridge>:26737(v7CE5D)>.
2026-09-19 20:00:59.653 Df SpringBoard[26707:266d9e] [com.apple.SpringBoard:Common] Executing request: <SBMainWorkspaceTransitionRequest: 0x12216fd40; eventLabel: OpenApplication(sceneID:org.ps2x.ps2entryrunner-default)ForRequester(CoreSimulatorBr.26737); display: Main; source: FBSystemService>
2026-09-19 20:00:59.654 Df SpringBoard[26707:266d9e] [com.apple.FrontBoard:Common] [FBWorkspaceEvent] Executing: <FBWorkspaceEvent: 0x116179400; OpenApplication(sceneID:org.ps2x.ps2entryrunner-default)ForRequester(CoreSimulatorBr.26737)>
2026-09-19 20:00:59.656 Df SpringBoard[26707:266d9e] [com.apple.SpringBoard:TraitsArbiter] [SwitcherOrientation] outSwitcherOrientation: portrait (1), outElementsOrientations: {
    "sceneID:org.ps2x.ps2entryrunner-default" = 1;
}
2026-09-19 20:00:59.656 Df SpringBoard[26707:266d9e] [com.apple.SpringBoard:Transaction] Running <SBAppToAppWorkspaceTransaction: 0x11c620180> for transition request:
<SBMainWorkspaceTransitionRequest: 0x12216fd40; eventLabel: OpenApplication(sceneID:org.ps2x.ps2entryrunner-default)ForRequester(CoreSimulatorBr.26737); display: Main; source: FBSystemService> {
    applicationContext = <SBWorkspaceApplicationSceneTransitionContext: 0x119674b40; background: NO> entities = {
        SBLayoutRolePrimary = <SBDeviceApplicationSceneEntity: 0x1220fb890; ID: sceneID:org.ps2x.ps2entryrunner-default; layoutRole: primary>;
    };
}
2026-09-19 20:00:59.657 Df SpringBoard[26707:266d9e] [preflight:SceneHostedPreflight] [Source: TCCs] org.ps2x.ps2entryrunner requires preflight: false
2026-09-19 20:00:59.657 Df SpringBoard[26707:266d9e] [preflight:SceneHostedPreflight] [Source: ScreenTime] org.ps2x.ps2entryrunner requires preflight: false
2026-09-19 20:00:59.657 Df SpringBoard[26707:266d9e] [com.apple.SpringBoard:Common] Generating initialization context on main thread for: org.ps2x.ps2entryrunner
2026-09-19 20:00:59.658 Df SpringBoard[26707:269b3c] [com.apple.FrontBoard:Process] Asked to bootstrap a new process with identity: app<org.ps2x.ps2entryrunner((null))>
2026-09-19 20:00:59.658 Df SpringBoard[26707:269b3c] [com.apple.FrontBoard:Process] Creating process (sync=true) with identity: app<org.ps2x.ps2entryrunner((null))>
2026-09-19 20:00:59.658 Df SpringBoard[26707:269b3c] [com.apple.FrontBoard:ProcessWorkspace] Created <FBWorkspace: 0x12216cd20; <FBApplicationProcess: 0x11c623d80; app<org.ps2x.ps2entryrunner>:<invalid>>>
2026-09-19 20:00:59.658 Df SpringBoard[26707:269b3c] [com.apple.FrontBoard:Process] Bootstrapping app<org.ps2x.ps2entryrunner> with intent foreground-interactive
2026-09-19 20:00:59.659 Df runningboardd[26710:26c30e] [com.apple.DynamicPrefetching:default] start_scenario: recording pageins for bundleid "org.ps2x.ps2entryrunner" scenario "Launch"
2026-09-19 20:00:59.659 Df runningboardd[26710:26c30e] [com.apple.DynamicPrefetching:default] start_scenario: Prefetching clean profile for bundleid "org.ps2x.ps2entryrunner" scenario "Launch"
2026-09-19 20:00:59.659 Df runningboardd[26710:26c162] [com.apple.runningboard:ttl] Acquiring assertion targeting app<org.ps2x.ps2entryrunner((null))> from originator [osservice<com.apple.SpringBoard>:26707] with description <RBSAssertionDescriptor| "FBApplicationProcess" ID:26710-26707-5007 target:app<org.ps2x.ps2entryrunner((null))> attributes:[
	<RBSDomainAttribute| domain:"com.apple.frontboard" name:"SuspendableLPRunReason-Resume" sourceEnvironment:"(null)">,
	<RBSDomainAttribute| domain:"com.apple.frontboard" name:"Visibility" sourceEnvironment:"(null)">,
	<RBSDomainAttribute| domain:"com.apple.frontboard" name:"SuspendableRole-UIFocal" sourceEnvironment:"(null)">,
	<RBSDomainAttribute| domain:"com.apple.frontboard" name:"SuspendableJetsamPriority-Foreground" sourceEnvironment:"(null)">,
	<RBSDomainAttribute| domain:"com.apple.frontboard" name:"SuspendableBootstrapping" sourceEnvironment:"(null)">,
	<RBSDomainAttribute| domain:"com.apple.pagein-prefetching" name:"LaunchPrefetch" sourceEnvironment:"(null)">
	]>
2026-09-19 20:00:59.659 E  runningboardd[26710:26c162] [com.apple.runningboard:assertion] Multiple RBSRunningReasonAttribute provided: 10000 vs 20838. First one wins, but client should be fixed for assertion 26710-26707-5007 (target:app<org.ps2x.ps2entryrunner((null))>)
2026-09-19 20:00:59.659 Df runningboardd[26710:26c162] [com.apple.runningboard:ttl] Assertion 26710-26707-5007 (target:app<org.ps2x.ps2entryrunner((null))>) will be created as active
2026-09-19 20:00:59.659 Df runningboardd[26710:26c30f] [com.apple.runningboard:job] Creating and launching job for: app<org.ps2x.ps2entryrunner((null))>
2026-09-19 20:00:59.659 Df runningboardd[26710:26c30f] [com.apple.runningboard:general] _mutateContextIfNeeded called for org.ps2x.ps2entryrunner
2026-09-19 20:00:59.660 Df runningboardd[26710:26c30f] [com.apple.runningboard:job] app<org.ps2x.ps2entryrunner((null))> Looking up container path with persona (null) using container identifier 'org.ps2x.ps2entryrunner'
2026-09-19 20:00:59.661 Df runningboardd[26710:26c162] [com.apple.runningboard:job_oversize] 'app<org.ps2x.ps2entryrunner((null))>' Constructed job description:
<dictionary: 0x109db04e0> { count = 23, transaction: 0, voucher = 0x0, contents =
	"ProcessType" => <string: 0x109e67390> { string cache = 0x0, length = 3, contents = "App" }
	"EnableTransactions" => <bool: 0x222423a90>: false
	"_ManagedBy" => <string: 0x109e65260> { string cache = 0x0, length = 22, contents = "com.apple.runningboard" }
	"RootedSimulatorPath" => <bool: 0x222423a70>: true
	"StandardOutPath" => <string: 0x109e65890> { string cache = 0x0, length = 130, contents = "/Users/bradrichardson/Library/Developer/CoreSimulator/Devices/4DE6C37C-77EF-45AE-827E-26286E68D022/data/tmp/launch_console-28316-1" }
	"CFBundleIdentifier" => <string: 0x109e665e0> { string cache = 0x0, length = 23, contents = "org.ps2x.ps2entryrunner" }
	"_ResourceCoalition" => <string: 0x109e670f0> { string cache = 0x0, length = 36, contents = "app<org.ps2x.ps2entryrunner((null))>" }
	"_POSIXSpawnTelemetryPageIn" => <bool: 0x222423a70>: true
	"ThrottleInterval" => <int64: 0x805f341a872dd7e7>: 2147483647
	"StandardErrorPath" => <string: 0x109e64e40> { string cache = 0x0, length = 130, contents = "/Users/bradrichardson/Library/Developer/CoreSimulator/Devices/4DE6C37C-77EF-45AE-827E-26286E68D022/data/tmp/launch_console-28316-2" }
	"MachServices" => <dictionary: 0x109db1b60> { count = 0, transaction: 0, voucher = 0x0, contents =
	}
	"EnablePressuredExit" => <bool: 0x222423a90>: false
	"InitialTaskRole" => <int64: 0x805f341978d22817>: 1
	"UserName" => <string: 0x109e66100> { string cache = 0x0, length = 6, contents = "mobile" }
	"EnvironmentVariables" => <dictionary: 0x109db03c0> { count = 5, transaction: 0, voucher = 0x0, contents =
		"TMPDIR" => <string: 0x109e66490> { string cache = 0x0, length = 172, contents = "/Users/bradrichardson/Library/Developer/CoreSimulator/Devices/4DE6C37C-77EF-45AE-827E-26286E68D022/data/Containers/Data/Application/66B79458-8486-4FF6-A021-87B6892848D3/tmp" }
		"HOME" => <string: 0x109e658f0> { string cache = 0x0, length = 168, contents = "/Users/bradrichardson/Library/Developer/CoreSimulator/Devices/4DE6C37C-77EF-45AE-827E-26286E68D022/data/Containers/Data/Application/66B79458-8486-4FF6-A021-87B6892848D3" }
		"CFFIXED_USER_HOME" => <string: 0x109e66910> { string cache = 0x0, length = 168, contents = "/Users/bradrichardson/Library/Developer/CoreSimulator/Devices/4DE6C37C-77EF-45AE-827E-26286E68D022/data/Containers/Data/Application/66B79458-8486-4FF6-A021-87B6892848D3" }
		"TERM" => <string: 0x109e67000> { string cache = 0x0, length = 14, contents = "xterm-256color" }
		"_DYLD_CLOSURE_HOME" => <string: 0x109e65800> { string cache = 0x0, length = 168, contents = "/Users/bradrichardson/Library/Developer/CoreSimulator/Devices/4DE6C37C-77EF-45AE-827E-26286E68D022/data/Containers/Data/Application/66B79458-8486-4FF6-A021-87B6892848D3" }
	}
	"_AdditionalProperties" => <dictionary: 0x109db0360> { count = 1, transaction: 0, voucher = 0x0, contents =
		"RunningBoard" => <dictionary: 0x109db38a0> { count = 3, transaction: 0, voucher = 0x0, contents =
			"Managed" => <bool: 0x222423a70>: true
			"RunningBoardLaunchedIdentity" => <dictionary: 0x109db0240> { count = 2, transaction: 0, voucher = 0x0, contents =
				"TYPE" => <int64: 0x805f341978d2280f>: 2
				"EAI" => <string: 0x109e67d50> { string cache = 0x0, length = 23, contents = "org.ps2x.ps2entryrunner" }
			}
			"RunningBoardLaunched" => <bool: 0x222423a70>: true
		}
	}
	"ExitTimeOut" => <int64: 0x805f341978d22817>: 1
	"Label" => <string: 0x109e65d70> { string cache = 0x0, length = 57, contents = "UIKitApplication:org.ps2x.ps2entryrunner[d470][rb-legacy]" }
	"MaterializeDatalessFiles" => <bool: 0x222423a70>: true
	"SandboxContainer" => <string: 0x109e66eb0> { string cache = 0x0, length = 168, contents = "/Users/bradrichardson/Library/Developer/CoreSimulator/Devices/4DE6C37C-77EF-45AE-827E-26286E68D022/data/Containers/Data/Application/66B79458-8486-4FF6-A021-87B6892848D3" }
	"_LaunchType" => <int64: 0x805f341978d22807>: 3
	"ProgramArguments" => <array: 0x109e64930> { count = 1, capacity = 10, contents =
		0: <string: 0x109e66b20> { string cache = 0x0, length = 204, contents = "/Users/bradrichardson/Library/Developer/CoreSimulator/Devices/4DE6C37C-77EF-45AE-827E-26286E68D022/data/Containers/Bundle/Application/813AA66E-03FF-4F2D-B6EB-57210E098028/ps2EntryRunner.app/ps2EntryRunner" }
	}
	"Program" => <string: 0x109e671b0> { string cache = 0x0, length = 204, contents = "/Users/bradrichardson/Library/Developer/CoreSimulator/Devices/4DE6C37C-77EF-45AE-827E-26286E68D022/data/Containers/Bundle/Application/813AA66E-03FF-4F2D-B6EB-57210E098028/ps2EntryRunner.app/ps2EntryRunner" }
}
2026-09-19 20:00:59.684 Df SpringBoard[26707:266d9e] [com.apple.SpringBoard:KeyboardFocus] _updateDeferringRules(didMoveToParentViewController) sceneID:org.ps2x.ps2entryrunner-default hasParent:YES contentState:notReady hasRule:NO wantsRule:NO
2026-09-19 20:00:59.684 Df SpringBoard[26707:266d9e] [com.apple.SpringBoard:KeyboardFocus] _updateDeferringRules(didMoveToParentViewController) outcome:(no change) sceneID:org.ps2x.ps2entryrunner-default
2026-09-19 20:00:59.684 Df SpringBoard[26707:266d9e] [com.apple.SpringBoard:AppRestrictionsOverlay] [sceneID:org.ps2x.ps2entryrunner-default] init without scene; waiting for scene creation
2026-09-19 20:00:59.684 Df SpringBoard[26707:266d9e] [com.apple.SpringBoard:AppRestrictionsOverlay] [sceneID:org.ps2x.ps2entryrunner-default] tearing down vc for overlay: 0x0
2026-09-19 20:00:59.684 Df SpringBoard[26707:266d9e] [com.apple.SpringBoard:KeyboardFocus] _updateDeferringRules(didMoveToParentViewController) sceneID:org.ps2x.ps2entryrunner-default hasParent:YES contentState:notReady hasRule:NO wantsRule:NO
2026-09-19 20:00:59.684 Df SpringBoard[26707:266d9e] [com.apple.SpringBoard:KeyboardFocus] _updateDeferringRules(didMoveToParentViewController) outcome:(no change) sceneID:org.ps2x.ps2entryrunner-default
2026-09-19 20:00:59.684 Df SpringBoard[26707:266d9e] [com.apple.SpringBoard:AppSwitcher] <SBFullScreenSwitcherLiveContentOverlayCoordinator: 0x116331400> Adding SwitcherScene overlay for: <SBAppLayout: 0x122103c60; primary: org.ps2x.ps2entryrunner:default; environment: main>, animated: NO
2026-09-19 20:00:59.695 Df SpringBoard[26707:266d9e] [com.apple.SpringBoard:ZStack] _updatePreferences <Switcher>: {
    activationPolicyForParticipantsBelow: AtMostBG;
    homeAffordanceDrawingSuppression: Default;
    associatedSceneIdentifiersToSuppressInSystemAperture: (
        sceneID:org.ps2x.ps2entryrunner-default
    );
    associatedBundleIdentifiersToSuppressInSystemAperture: (
        org.ps2x.ps2entryrunner
    );
    allowsDimmingWhenForegroundInactive: No;
}
2026-09-19 20:00:59.695 Df SpringBoard[26707:266d9e] [com.apple.SpringBoard:SystemApertureViewController] Invalidating promoted elements with coversheet suppression NO liquid detection suppression NO proximity reader suppression NO system chrome suppression NO bundleIDs {(
    "org.ps2x.ps2entryrunner"
)} sceneIds {(
    "sceneID:org.ps2x.ps2entryrunner-default"
)}
2026-09-19 20:00:59.695 Df SpringBoard[26707:266d9e] [com.apple.SpringBoard:ZStack] Resolved Stack (update(Switcher)) [
    Highest: ⬇ ,
    SystemAperture: ⬇ ,
    HUD: ⬇ ,
    TransientOverlayPresentation: ⬇ ,
    Switcher: ownsHomeGesture; FGActive; homeAffordanceDrawingSuppressed: Y->N; suppressedBundles: (none)->org.ps2x.ps2entryrunner; suppressedScenes: 0->1,
    HomeScreen: FGActive->BG
]
2026-09-19 20:00:59.696 Df SpringBoard[26707:266d9e] [com.apple.SpringBoard:Common] [DeviceSceneHandle] sceneID:org.ps2x.ps2entryrunner-default display=Main bounds={{0, 0}, {402, 874}} sceneFrame={{0, 0}, {402, 874}} capability=.None
2026-09-19 20:00:59.696 Df SpringBoard[26707:266d9e] [com.apple.SpringBoard:TraitsArbiter] [DeviceSceneHandle] Did set interfaceOrientation[1] on scene with identifier[sceneID:org.ps2x.ps2entryrunner-default]
2026-09-19 20:00:59.696 Df SpringBoard[26707:266d9e] [com.apple.SpringBoard:ContinuitySession] modifying scene setting userInterfaceStyle to Light displayIdentity: Main forSceneManagers: Main <SBDeviceApplicationSceneHandle: 0x12207ca00; sceneID: sceneID:org.ps2x.ps2entryrunner-default; scenePointer: 0x0>
2026-09-19 20:00:59.696 Df SpringBoard[26707:266d9e] [preflight:SceneHostedPreflight] [Source: TCCs] org.ps2x.ps2entryrunner requires preflight: false
2026-09-19 20:00:59.696 Df SpringBoard[26707:266d9e] [preflight:SceneHostedPreflight] [Source: ScreenTime] org.ps2x.ps2entryrunner requires preflight: false
2026-09-19 20:00:59.696 Df SpringBoard[26707:266d9e] [com.apple.SpringBoard:Common] [SBApplicationSceneUpdateTransaction] org.ps2x.ps2entryrunner requiresPreflight: false false (null)
2026-09-19 20:00:59.696 Df SpringBoard[26707:266d9e] [com.apple.SpringBoard:Common] [SBApplicationSceneUpdateTransaction] org.ps2x.ps2entryrunner not running preflight as not restricted
2026-09-19 20:00:59.697 Df SpringBoard[26707:266d9e] [com.apple.SpringBoard:AppSwitcher] [Main (EmbeddedDisplay)] dispatch event:
<SBSceneReadySwitcherModifierEvent: 0x121778450; type: SceneReady; appLayout: <SBAppLayout: 0x122103c60; primary: org.ps2x.ps2entryrunner:default; environment: main> {
    environment = main;
    centerConfiguration = undefined;
    preferredDisplayOrdinal = 0;
    continuousExposeIdentifier = org.ps2x.ps2entryrunner;
    layoutItems = {
        primary = <SBDisplayItem: 0x11c4fffc0; type: App; bundleIdentifier: org.ps2x.ps2entryrunner; uniqueIdentifier: sceneID:org.ps2x.ps2entryrunner-default>;
    }
}>
2026-09-19 20:00:59.699 Df runningboardd[26710:26c30f] [com.apple.runningboard:general] Full encoding handle [app<org.ps2x.ps2entryrunner((null))>:28325], with data e8c6022e00006ea5, and pid 28325
2026-09-19 20:00:59.699 Df runningboardd[26710:26c30f] [com.apple.runningboard:process] [app<org.ps2x.ps2entryrunner((null))>:28325] Memory Limits: active 0 inactive 0
 <RBJetsamProperties| tasklimit=0
(null)>
2026-09-19 20:00:59.699 Df runningboardd[26710:26c30f] [com.apple.runningboard:process] [app<org.ps2x.ps2entryrunner((null))>:28325] This process will be managed.
2026-09-19 20:00:59.699 E  runningboardd[26710:26c30f] [com.apple.runningboard:process] [app<org.ps2x.ps2entryrunner((null))>:28325] Memorystatus failed with unexpected error: Operation not permitted (1)
2026-09-19 20:00:59.699 Df runningboardd[26710:26c30f] [com.apple.runningboard:process] [app<org.ps2x.ps2entryrunner((null))>:28325] is not freezer eligible, disabling freezing.
2026-09-19 20:00:59.699 E  runningboardd[26710:26c30f] [com.apple.runningboard:process] [app<org.ps2x.ps2entryrunner((null))>:28325] Memorystatus failed with unexpected error: Invalid argument (22)
2026-09-19 20:00:59.699 E  runningboardd[26710:26c30f] [com.apple.runningboard:process] [app<org.ps2x.ps2entryrunner((null))>:28325] Memorystatus failed with unexpected error: Operation not permitted (1)
2026-09-19 20:00:59.699 Df runningboardd[26710:26c30f] [com.apple.runningboard:ttl] Now tracking process: [app<org.ps2x.ps2entryrunner((null))>:28325]
2026-09-19 20:00:59.699 Df runningboardd[26710:26c30f] [com.apple.runningboard:assertion] [app<org.ps2x.ps2entryrunner((null))>:28325]: applying persistent assertion '26710-26707-5007 (target:app<org.ps2x.ps2entryrunner((null))>)'
2026-09-19 20:00:59.700 Df runningboardd[26710:26c30e] [com.apple.runningboard:monitor] Calculated state for app<org.ps2x.ps2entryrunner((null))>: running-active (role: UserInteractiveFocal) (endowments: {(
    <RBSProcessEndowmentInfo| namespace:com.apple.frontboard.visibility env:(null)  0>
)})
2026-09-19 20:00:59.700 Df runningboardd[26710:26c30f] [com.apple.runningboard:assertion] Using default underlying assertion for app: [app<org.ps2x.ps2entryrunner((null))>:28325]
2026-09-19 20:00:59.700 Df runningboardd[26710:26c30f] [com.apple.runningboard:ttl] Acquiring assertion targeting [app<org.ps2x.ps2entryrunner((null))>:28325] from originator [app<org.ps2x.ps2entryrunner((null))>:28325] with description <RBSAssertionDescriptor| "RB Underlying Assertion" ID:26710-26710-5008 target:28325 attributes:[
	<RBSDomainAttribute| domain:"com.apple.underlying" name:"defaultUnderlyingAppAssertion" sourceEnvironment:"(null)">,
	<RBSAcquisitionCompletionAttribute| policy:AfterApplication>
	]>
2026-09-19 20:00:59.700 Df runningboardd[26710:26c30f] [com.apple.runningboard:ttl] Assertion 26710-26710-5008 (target:[app<org.ps2x.ps2entryrunner((null))>:28325]) will be created as active
2026-09-19 20:00:59.700 Df SpringBoard[26707:26c30d] [com.apple.runningboard:process] Hit the server for a process handle 8c6022e00006ea5 that resolved to: [app<org.ps2x.ps2entryrunner((null))>:28325]
2026-09-19 20:00:59.700 Df SpringBoard[26707:26c30d] [com.apple.runningboard:monitor] Received state update for 28325 (app<org.ps2x.ps2entryrunner((null))>, running-active-Visible
2026-09-19 20:00:59.700 Df runningboardd[26710:26c162] [com.apple.runningboard:ttl] [app<org.ps2x.ps2entryrunner((null))>:28325] Resuming task.
2026-09-19 20:00:59.700 Df SpringBoard[26707:269b3c] [com.apple.FrontBoard:Process] [app<org.ps2x.ps2entryrunner>:28325] Bootstrap success!
2026-09-19 20:00:59.700 Df runningboardd[26710:26c310] [com.apple.runningboard:general] [app<org.ps2x.ps2entryrunner((null))>:28325] reported to RB as running
2026-09-19 20:00:59.700 Df SpringBoard[26707:269b3c] [com.apple.FrontBoard:Process] [app<org.ps2x.ps2entryrunner>:28325] Setting process task state to: Running
2026-09-19 20:00:59.700 Df SpringBoard[26707:269b3c] [com.apple.FrontBoard:Process] [app<org.ps2x.ps2entryrunner>:28325] Setting process visibility to: Foreground
2026-09-19 20:00:59.701 Df SpringBoard[26707:269b3c] [com.apple.FrontBoard:ProcessWorkspace] [app<org.ps2x.ps2entryrunner>:28325] Registering event dispatcher after bootstrap
2026-09-19 20:00:59.701 Df SpringBoard[26707:269b3c] [com.apple.FrontBoard:ProcessWorkspace] [app<org.ps2x.ps2entryrunner>:28325] Initial launch state: FV-Focal[100].
2026-09-19 20:00:59.701 Df SpringBoard[26707:269b3c] [com.apple.runningboard:process] Starting death monitoring for handle [app<org.ps2x.ps2entryrunner((null))>:28325]
2026-09-19 20:00:59.701 Df runningboardd[26710:26c310] [com.apple.runningboard:monitor] Calculated state for app<org.ps2x.ps2entryrunner((null))>: running-active (role: UserInteractiveFocal) (endowments: {(
    <RBSProcessEndowmentInfo| namespace:com.apple.frontboard.visibility env:(null)  0>
)})
2026-09-19 20:00:59.701 Df SpringBoard[26707:269b3c] [com.apple.FrontBoard:Process] Adding: <FBApplicationProcess: 0x11c623d80; app<org.ps2x.ps2entryrunner>:28325(v7DE0F)>
2026-09-19 20:00:59.702 Df SpringBoard[26707:2689ea] [com.apple.UserNotifications:Settings] [org.ps2x.ps2entryrunner] Foreground app will not request ephemeral notifications
2026-09-19 20:00:59.702 Df runningboardd[26710:26c162] [com.apple.runningboard:ttl] [app<org.ps2x.ps2entryrunner((null))>:28325] Set darwin role to: UserInteractiveFocal
2026-09-19 20:00:59.702 E  runningboardd[26710:26c162] [com.apple.runningboard:process] [app<org.ps2x.ps2entryrunner((null))>:28325] Error 1 setting Carplay mode to 0: Operation not permitted
2026-09-19 20:00:59.702 Df runningboardd[26710:26c162] [com.apple.runningboard:ttl] [app<org.ps2x.ps2entryrunner((null))>:28325] visiblity is yes
2026-09-19 20:00:59.702 Df runningboardd[26710:26c311] [com.apple.runningboard:assertion] Successfully acquired underlying assertion for [app<org.ps2x.ps2entryrunner((null))>:28325]
2026-09-19 20:00:59.703 Df SpringBoard[26707:2689ea] [com.apple.UserNotifications:RemoteNotifications] [org.ps2x.ps2entryrunner] org.ps2x.ps2entryrunner application state changed to <RBSProcessState| task:running-active debug:none endowmentNamespace:[
	com.apple.frontboard.visibility
	]>
2026-09-19 20:00:59.703 Df SpringBoard[26707:266d9e] [preflight:SceneHostedPreflight] [Preflighter: TCCs] org.ps2x.ps2entryrunner requires preflight: false
2026-09-19 20:00:59.703 Df SpringBoard[26707:266d9e] [preflight:SceneHostedPreflight] [Preflighter: ScreenTime] org.ps2x.ps2entryrunner requires preflight: false
2026-09-19 20:00:59.703 Df SpringBoard[26707:266d9e] [com.apple.SpringBoard:AppProtection] <BSCompoundAssertion:0x1220a6210> (SBApplicationAppProtectionAssistant: 0x11c66e140 - org.ps2x.ps2entryrunner) acquire for reason:NULL scene acq:0x11c706900 count:1
2026-09-19 20:00:59.703 Df SpringBoard[26707:266d9e] [com.apple.SpringBoard:AppProtection] Informing <APSystemAppOutlet: 0x10be25d10> that <APApplication: org.ps2x.ps2entryrunner> will become foreground visible
2026-09-19 20:00:59.703 Df SpringBoard[26707:266d9e] [com.apple.appprotection:framework] scene will become FG visible for <APApplication: org.ps2x.ps2entryrunner>
2026-09-19 20:00:59.703 Df SpringBoard[26707:266d9e] [com.apple.appprotection:framework] auth result for <APApplication: org.ps2x.ps2entryrunner>: true (null)
2026-09-19 20:00:59.703 Df SpringBoard[26707:266d9e] [com.apple.SpringBoard:AppRestrictionsOverlay] [sceneID:org.ps2x.ps2entryrunner-default] didCreateScene
2026-09-19 20:00:59.703 Df SpringBoard[26707:266d9e] [preflight:SceneHostedPreflight] [Preflighter: TCCs] org.ps2x.ps2entryrunner requires preflight: false
2026-09-19 20:00:59.703 Df SpringBoard[26707:266d9e] [preflight:SceneHostedPreflight] [Preflighter: ScreenTime] org.ps2x.ps2entryrunner requires preflight: false
2026-09-19 20:00:59.703 Df SpringBoard[26707:266d9e] [preflight:PreflightSceneExtension] sceneID:org.ps2x.ps2entryrunner-default: returning requiresPreflight FALSE as there's no activePreflightSource
2026-09-19 20:00:59.703 Df SpringBoard[26707:266d9e] [com.apple.SpringBoard:AppRestrictionsOverlay] [sceneID:org.ps2x.ps2entryrunner-default] tearing down vc for overlay: 0x0
2026-09-19 20:00:59.704 Df SpringBoard[26707:266d9e] [com.apple.UIKit:KBProxyForwarding] <StateMachine:0x12214fb00> Created with presentation environment: <0x1187411d0:<_UISceneKeyboardProxyLayerForwardingPresentationScene: 0x1187411d0> Tracking scene: <FBScene: 0x121702400; FBSceneManager:sceneID:org.ps2x.ps2entryrunner-default>>
2026-09-19 20:00:59.704 Df SpringBoard[26707:266d9e] [com.apple.SpringBoard:Common] [DeviceSceneHandle] sceneID:org.ps2x.ps2entryrunner-default display=Main bounds={{0, 0}, {402, 874}} sceneFrame={{0, 0}, {402, 874}} capability=.None
2026-09-19 20:00:59.704 Df SpringBoard[26707:266d9e] [com.apple.SpringBoard:TraitsArbiter] orientationMode=dynamic for <SBTraitsSceneParticipantDelegate: 0x12216c780> (
    "com.apple.frontboard.systemappservices/FBSceneManager:sceneID%3Aorg.ps2x.ps2entryrunner-default"
)
2026-09-19 20:00:59.704 Df SpringBoard[26707:266d9e] [com.apple.SpringBoard:TraitsArbiter] [DeviceSceneHandle] Did set interfaceOrientation[1] on scene with identifier[sceneID:org.ps2x.ps2entryrunner-default]
2026-09-19 20:00:59.704 Df SpringBoard[26707:266d9e] [com.apple.SpringBoard:ContinuitySession] modifying scene setting userInterfaceStyle to Light displayIdentity: Main forSceneManagers: Main <SBDeviceApplicationSceneHandle: 0x12207ca00; sceneID: sceneID:org.ps2x.ps2entryrunner-default; scenePointer: 0x121702400>
2026-09-19 20:00:59.704 Df SpringBoard[26707:266d9e] [com.apple.SpringBoard:Common] No capture application found for the org.ps2x.ps2entryrunner, launchCameraCapture: NO, isCaptureApplication: NO
2026-09-19 20:00:59.705 Df SpringBoard[26707:266d9e] [com.apple.FrontBoard:Process] Asked to bootstrap a new process with identity: app<org.ps2x.ps2entryrunner((null))>
2026-09-19 20:00:59.705 Df SpringBoard[26707:266d9e] [com.apple.FrontBoard:Process] Did not create a new process: A process for app<org.ps2x.ps2entryrunner((null))> already exists.
2026-09-19 20:00:59.705 Df SpringBoard[26707:266d9e] [com.apple.FrontBoard:ProcessScene] [0x122111c80:(FBSceneManager):sceneID:org.ps2x.ps2entryrunner-default] Initialized with connection: 0x10bff0c90.
2026-09-19 20:00:59.705 Df SpringBoard[26707:266d9e] [com.apple.FrontBoard:ProcessWorkspace] [app<org.ps2x.ps2entryrunner>:28325] Registered new scene: <FBWorkspaceScene: 0x122111c80; (FBSceneManager):sceneID:org.ps2x.ps2entryrunner-default> (fromRemnant = 0)
2026-09-19 20:00:59.705 Df SpringBoard[26707:266d9e] [com.apple.FrontBoard:Scene] [(FBSceneManager):sceneID:org.ps2x.ps2entryrunner-default][1] Scene activated.
2026-09-19 20:00:59.705 Df SpringBoard[26707:26c31b] [com.apple.FrontBoard:ProcessWorkspace] [app<org.ps2x.ps2entryrunner>:28325] Workspace interruption policy did change: reconnect
2026-09-19 20:00:59.705 Df SpringBoard[26707:266d9e] [com.apple.UIKit:SceneDeactivation] Now tracking: <FBScene: 0x121702400; FBSceneManager:sceneID:org.ps2x.ps2entryrunner-default>
2026-09-19 20:00:59.705 Df SpringBoard[26707:266d9e] [com.apple.UIKit:SceneDeactivation] [sceneID:org.ps2x.ps2entryrunner-default] Setting deactivation reasons to: 'systemAnimation' for reason: scene settings update - settings are eligible for deactivation reasons.
2026-09-19 20:00:59.705 Df SpringBoard[26707:266d9e] [com.apple.FrontBoard:Scene] [(FBSceneManager):sceneID:org.ps2x.ps2entryrunner-default] scene content state changed: preparing
2026-09-19 20:00:59.705 Df SpringBoard[26707:266d9e] [com.apple.SpringBoard:KeyboardFocus] _updateDeferringRules(didUpdateContentState) sceneID:org.ps2x.ps2entryrunner-default hasParent:YES contentState:preparing hasRule:NO wantsRule:YES
2026-09-19 20:00:59.705 E  SpringBoard[26707:266d9e] [com.apple.SpringBoard:KeyboardFocus] invalid pid for scene sceneID:org.ps2x.ps2entryrunner-default, returning nil target
2026-09-19 20:00:59.705 Df SpringBoard[26707:266d9e] [com.apple.SpringBoard:KeyboardFocus] _updateDeferringRules(didUpdateContentState) outcome:(wanted, but focusTarget is nil) sceneID:org.ps2x.ps2entryrunner-default
2026-09-19 20:00:59.706 Df SpringBoard[26707:266d9e] [com.apple.SpringBoard:AppSwitcher] [Main (EmbeddedDisplay)] dispatch event:
<SBTransitionSwitcherModifierEvent: 0x11c620a80; type: MainTransition; transitionID: 490C8E6B-EAB5-4FD8-BE9E-6C05FE65C3A4; phase: Prepare; animated: YES; fromAppLayout: 0x0; toAppLayout: <SBAppLayout: 0x122103c60; primary: org.ps2x.ps2entryrunner:default; environment: main>; fromEnvironmentMode: home-screen; toEnvironmentMode: application; fromSpaceConfiguration: undefined; toSpaceConfiguration: full; pendingTermination: {(
)}; morphingPIPLayoutRole: undefined; previousDesktopItems: {(
)}>
2026-09-19 20:00:59.707 Df SpringBoard[26707:266d9e] [com.apple.SpringBoard:AppSwitcher] [Main (EmbeddedDisplay)] handle response:
<SBSwitcherModifierEventResponse: 0x119797150> {
    <SBSwitcherModifierEventResponse: 0x1197970f0> {
	    <SBSwitcherModifierEventResponse: 0x116119680> {
		    <SBTimerEventSwitcherEventResponse: 0x1196e10b0; delay: 0.240000; reason: kSBTransitionModifierInvalidateAsyncRenderingReason>;
		    <SBInvalidateAdjustedAppLayoutsSwitcherEventResponse: 0x119542b20>;
		};
	    <SBTimerEventSwitcherEventResponse: 0x10f72bc30; delay: 0.060000; reason: kSBFullScreenToHomeCornerRadiusDelayReason>;
	};
    <SBSwitcherModifierEventResponse: 0x1161193b0> {
	    <SBUpdateLayoutSwitcherEventResponse: 0x12214ff00; updateVisibleItems; layout; style; mode: None>;
	    <SBRequestFolderSnapshotsSwitcherEventResponse: 0x116118720; snapshotRequested: YES>;
	    <SBIconOverlayVisibilitySwitcherEventResponse: 0x12214edc0; visible: YES; appLayout: <SBAppLayout: 0x122103c60; primary: org.ps2x.ps2entryrunner:default; environment: main>>;
	    <SBIconViewVisibilitySwitcherEventResponse: 0x1217d3020;
2026-09-19 20:00:59.707 Df runningboardd[26710:26c30f] [com.apple.runningboard:ttl] Acquiring assertion targeting [app<org.ps2x.ps2entryrunner((null))>:28325] from originator [osservice<com.apple.SpringBoard>:26707] with description <RBSAssertionDescriptor| "com.apple.frontboard.after-life.interrupted" ID:26710-26707-5009 target:28325 attributes:[
	<RBSDomainAttribute| domain:"com.apple.frontboard" name:"AfterLife-Interrupted" sourceEnvironment:"(null)">
	]>
2026-09-19 20:00:59.707 Df runningboardd[26710:26c30f] [com.apple.runningboard:ttl] Assertion 26710-26707-5009 (target:[app<org.ps2x.ps2entryrunner((null))>:28325]) will be created as inactive as originator process has not exited
2026-09-19 20:00:59.708 Df SpringBoard[26707:26c31b] [com.apple.FrontBoard:ProcessScene] [0x122111c80:(FBSceneManager):sceneID:org.ps2x.ps2entryrunner-default] Scene lifecycle state did change: Foreground
2026-09-19 20:00:59.708 Df SpringBoard[26707:26c31b] [com.apple.FrontBoard:ProcessScene] [0x122111c80:(FBSceneManager):sceneID:org.ps2x.ps2entryrunner-default] Scene state did change: FV-Focal[100].
2026-09-19 20:00:59.708 Df runningboardd[26710:26c30e] [com.apple.runningboard:ttl] Acquiring assertion targeting [app<org.ps2x.ps2entryrunner((null))>:28325] from originator [osservice<com.apple.SpringBoard>:26707] with description <RBSAssertionDescriptor| "FBWorkspace (FV-Focal[100])" ID:26710-26707-5010 target:28325 attributes:[
	<RBSDomainAttribute| domain:"com.apple.frontboard" name:"SuspendableLPRunReason-Resume" sourceEnvironment:"(null)">,
	<RBSDomainAttribute| domain:"com.apple.frontboard" name:"Visibility" sourceEnvironment:"(null)">,
	<RBSDomainAttribute| domain:"com.apple.frontboard" name:"SuspendableRole-UIFocal" sourceEnvironment:"(null)">,
	<RBSDomainAttribute| domain:"com.apple.frontboard" name:"SuspendableJetsamPriority-Foreground" sourceEnvironment:"(null)">
	]>
2026-09-19 20:00:59.708 Df runningboardd[26710:26c30e] [com.apple.runningboard:ttl] Assertion 26710-26707-5010 (target:[app<org.ps2x.ps2entryrunner((null))>:28325]) will be created as active
2026-09-19 20:00:59.708 Df runningboardd[26710:26c319] [com.apple.runningboard:monitor] Calculated state for app<org.ps2x.ps2entryrunner((null))>: running-active (role: UserInteractiveFocal) (endowments: {(
    <RBSProcessEndowmentInfo| namespace:com.apple.frontboard.visibility env:(null)  0>
)})
2026-09-19 20:00:59.708 Df SpringBoard[26707:26c31b] [com.apple.FrontBoard:ProcessWorkspace] [app<org.ps2x.ps2entryrunner>:28325] Workspace state did change: XX-None[0] --> FV-Focal[100] (assertion acquired).
2026-09-19 20:00:59.729 Df SpringBoard[26707:266d9e] [com.apple.SpringBoard:Icon] Creating ISIcon on main thread for app org.ps2x.ps2entryrunner
2026-09-19 20:00:59.733 Df SpringBoard[26707:266d9e] [com.apple.SpringBoard:AppSwitcher] [Main (EmbeddedDisplay)] dispatch event:
<SBTransitionSwitcherModifierEvent: 0x11c620a80; type: MainTransition; transitionID: 490C8E6B-EAB5-4FD8-BE9E-6C05FE65C3A4; phase: Animate; animated: YES; fromAppLayout: 0x0; toAppLayout: <SBAppLayout: 0x122103c60; primary: org.ps2x.ps2entryrunner:default; environment: main>; fromEnvironmentMode: home-screen; toEnvironmentMode: application; fromSpaceConfiguration: undefined; toSpaceConfiguration: full; pendingTermination: {(
)}; morphingPIPLayoutRole: undefined; previousDesktopItems: {(
)}>
2026-09-19 20:00:59.788 Df SpringBoard[26707:2689ea] [com.apple.UserNotifications:RemoteNotifications] [org.ps2x.ps2entryrunner] Ignore becoming foreground for application without push registration
2026-09-19 20:00:59.793 Df SpringBoard[26707:266d9e] [com.apple.SpringBoard:Common] Application process state changed for org.ps2x.ps2entryrunner: <SBApplicationProcessState: 0x10e6968c0; pid: 28325; taskState: Running; visibility: Foreground>
2026-09-19 20:00:59.822 Df SpringBoard[26707:2689ea] [com.apple.runningboard:monitor] Received state update for 28325 (app<org.ps2x.ps2entryrunner((null))>, running-active-Visible
2026-09-19 20:00:59.823 Df SpringBoard[26707:266d9e] [com.apple.SpringBoard:Common] Returning cached initialization context for org.ps2x.ps2entryrunner
2026-09-19 20:00:59.956 Df SpringBoard[26707:266d9e] [com.apple.UIKit:SceneDeactivation] [sceneID:org.ps2x.ps2entryrunner-default] Setting deactivation reasons to: '(none)' for reason: updateAllScenesForBand - Assertion removed.
2026-09-19 20:00:59.980 Df launchd_sim[26704:26c0dd] [user/501:] service inactive: UIKitApplication:org.ps2x.ps2entryrunner[d470][rb-legacy]
2026-09-19 20:00:59.980 Df runningboardd[26710:26c310] [com.apple.runningboard:ttl] [app<org.ps2x.ps2entryrunner((null))>:28325] termination reported by launchd (0, 0, 256)
2026-09-19 20:00:59.980 Df runningboardd[26710:26c310] [com.apple.runningboard:process] Removing process: [app<org.ps2x.ps2entryrunner((null))>:28325]
2026-09-19 20:00:59.980 Df runningboardd[26710:26c310] [com.apple.runningboard:job] Removing launch job for: [app<org.ps2x.ps2entryrunner((null))>:28325]
2026-09-19 20:00:59.980 Df launchd_sim[26704:26c0d8] [user/501:] removing service: UIKitApplication:org.ps2x.ps2entryrunner[d470][rb-legacy]
2026-09-19 20:00:59.980 Df runningboardd[26710:26c310] [com.apple.runningboard:job] Removed job for [app<org.ps2x.ps2entryrunner((null))>:28325]
2026-09-19 20:00:59.981 Df runningboardd[26710:26c310] [com.apple.runningboard:process] Removing assertions for terminated process: [app<org.ps2x.ps2entryrunner((null))>:28325]
2026-09-19 20:00:59.981 Df runningboardd[26710:26c310] [com.apple.runningboard:assertion] Removed last relative-start-date-defining assertion for process app<org.ps2x.ps2entryrunner((null))>
2026-09-19 20:00:59.981 Df runningboardd[26710:26c30f] [com.apple.runningboard:process] Notifying connection [osservice<com.apple.SpringBoard>:26707] that process [app<org.ps2x.ps2entryrunner((null))>:28325] exited with context <RBSProcessExitContext| voluntary>
2026-09-19 20:00:59.981 Df runningboardd[26710:26c319] [com.apple.runningboard:monitor] Calculated state for app<org.ps2x.ps2entryrunner((null))>: none (role: None) (endowments: (null))
2026-09-19 20:00:59.981 Df runningboardd[26710:26c319] [com.apple.runningboard:monitor] Calculated state for app<org.ps2x.ps2entryrunner((null))>: none (role: None) (endowments: (null))
2026-09-19 20:00:59.981 Df SpringBoard[26707:2689ea] [com.apple.FrontBoard:ProcessWorkspace] [app<org.ps2x.ps2entryrunner>:28325] Workspace assertion invalidated: <NSError: 0x10e7e5680; domain: RBSAssertionErrorDomain; code: 1; "Assertions were invalidated, count = 3.
26710-26707-5007: invalidation reason: 1
26710-26707-5009: invalidation reason: 1
26710-26707-5010: invalidation reason: 1">
2026-09-19 20:00:59.981 Df SpringBoard[26707:2689ea] [com.apple.FrontBoard:ProcessWorkspace] [app<org.ps2x.ps2entryrunner>:28325] Launch assertion invalidated: <NSError: 0x10e7e5680; domain: RBSAssertionErrorDomain; code: 1; "Assertions were invalidated, count = 3.
26710-26707-5007: invalidation reason: 1
26710-26707-5009: invalidation reason: 1
26710-26707-5010: invalidation reason: 1">
2026-09-19 20:00:59.981 Df SpringBoard[26707:2689ea] [com.apple.runningboard:process] Calling process death completion block for handle [app<org.ps2x.ps2entryrunner((null))>:28325]
2026-09-19 20:00:59.981 Df SpringBoard[26707:2689ea] [com.apple.FrontBoard:Process] [app<org.ps2x.ps2entryrunner>:28325] Connection to remote process was not established.
2026-09-19 20:00:59.981 Df SpringBoard[26707:2689ea] [com.apple.FrontBoard:Process] [app<org.ps2x.ps2entryrunner>:28325] Now flagged as pending exit for reason: launch failed
2026-09-19 20:00:59.981 Df SpringBoard[26707:2689ea] [com.apple.FrontBoard:Process] [app<org.ps2x.ps2entryrunner>:28325] Process exited: <RBSProcessExitContext| voluntary>.
2026-09-19 20:00:59.981 Df SpringBoard[26707:2689ea] [com.apple.FrontBoard:Process] [app<org.ps2x.ps2entryrunner>:28325] Setting process task state to: Not Running
2026-09-19 20:00:59.981 Df SpringBoard[26707:26c31b] [com.apple.runningboard:monitor] Received state update for 28325 (app<org.ps2x.ps2entryrunner((null))>, none-NotVisible
2026-09-19 20:00:59.982 Df SpringBoard[26707:2689ea] [com.apple.FrontBoard:Process] [app<org.ps2x.ps2entryrunner>:28325] Setting process visibility to: Unknown
2026-09-19 20:00:59.982 Df SpringBoard[26707:26c31a] [com.apple.FrontBoard:ProcessWorkspace] [app<org.ps2x.ps2entryrunner>:28325] Invalidating workspace.
2026-09-19 20:00:59.982 Df SpringBoard[26707:26c31a] [com.apple.FrontBoard:ProcessWorkspace] Removing source registration for processHandle: [app<org.ps2x.ps2entryrunner((null))>:28325]
2026-09-19 20:00:59.982 Df SpringBoard[26707:26c31a] [com.apple.FrontBoard:ProcessScene] [0x122111c80:(FBSceneManager):sceneID:org.ps2x.ps2entryrunner-default] Invalidated for connection: 0x10bff0c90.
2026-09-19 20:00:59.982 Df SpringBoard[26707:26c31a] [com.apple.FrontBoard:Process] Removing: <FBApplicationProcess: 0x11c623d80; app<org.ps2x.ps2entryrunner>:28325(v7DE0F)>
2026-09-19 20:00:59.982 E  SpringBoard[26707:266d9e] [com.apple.FrontBoard:Scene] [(FBSceneManager):sceneID:org.ps2x.ps2entryrunner-default] Update failed: <NSError: 0x11c515e00; domain: FBSceneErrorDomain; code: 1 ("operation-failed"); "Scene update failed."> {
    NSUnderlyingError = <NSError: 0x10e7e5290; domain: FBWorkspaceScene; code: 1 ("send-message-failed"); "Scene update failed. Client process exited."> {
        NSUnderlyingError = <NSError: 0x10e7e5f20; domain: FBProcessExit; code: 1 ("voluntary"); "The process exited voluntarily.">;
    };
}
2026-09-19 20:00:59.982 Df SpringBoard[26707:266d9e] [com.apple.FrontBoard:Scene] Deactivating scene: (FBSceneManager):sceneID:org.ps2x.ps2entryrunner-default
2026-09-19 20:00:59.982 Df SpringBoard[26707:266d9e] [com.apple.UIKit:SceneDeactivation] No longer tracking: <FBScene: 0x121702400; FBSceneManager:sceneID:org.ps2x.ps2entryrunner-default>
2026-09-19 20:00:59.982 Df SpringBoard[26707:266d9e] [com.apple.FrontBoard:Scene] [(FBSceneManager):sceneID:org.ps2x.ps2entryrunner-default] scene content state changed: notReady
2026-09-19 20:00:59.982 Df SpringBoard[26707:266d9e] [com.apple.SpringBoard:KeyboardFocus] _updateDeferringRules(didUpdateContentState) sceneID:org.ps2x.ps2entryrunner-default hasParent:YES contentState:notReady hasRule:NO wantsRule:NO
2026-09-19 20:00:59.982 Df SpringBoard[26707:266d9e] [com.apple.SpringBoard:KeyboardFocus] _updateDeferringRules(didUpdateContentState) outcome:(no change) sceneID:org.ps2x.ps2entryrunner-default
2026-09-19 20:00:59.982 Df SpringBoard[26707:266d9e] [com.apple.FrontBoard:Scene] [(FBSceneManager):sceneID:org.ps2x.ps2entryrunner-default][1] Scene deactivated.
2026-09-19 20:00:59.982 Df SpringBoard[26707:266d9e] [com.apple.FrontBoard:Scene] Invalidating scene: (FBSceneManager):sceneID:org.ps2x.ps2entryrunner-default
2026-09-19 20:00:59.982 Df SpringBoard[26707:266d9e] [com.apple.FrontBoard:Scene] [(FBSceneManager):sceneID:org.ps2x.ps2entryrunner-default][1] Scene invalidated.
2026-09-19 20:00:59.982 E  SpringBoard[26707:266d9e] [com.apple.FrontBoard:Scene] Ignoring update for invalidated scene: (FBSceneManager):sceneID:org.ps2x.ps2entryrunner-default
2026-09-19 20:00:59.982 Df SpringBoard[26707:266d9e] [com.apple.SpringBoard:AppProtection] <BSCompoundAssertion:0x1220a6210> (SBApplicationAppProtectionAssistant: 0x11c66e140 - org.ps2x.ps2entryrunner) invalidate acq:0x11c706900 count:1
2026-09-19 20:00:59.982 Df SpringBoard[26707:266d9e] [com.apple.SpringBoard:AppProtection] Informing <APSystemAppOutlet: 0x10be25d10> that <APApplication: org.ps2x.ps2entryrunner> will become background as far as we know
2026-09-19 20:00:59.982 Df SpringBoard[26707:266d9e] [com.apple.appprotection:framework] All scenes dismissed for <APApplication: org.ps2x.ps2entryrunner>
2026-09-19 20:00:59.982 Df SpringBoard[26707:26c31a] [com.apple.UserNotifications:RemoteNotifications] [org.ps2x.ps2entryrunner] org.ps2x.ps2entryrunner application state changed to <RBSProcessState| task:none debug:none>
2026-09-19 20:00:59.982 Df SpringBoard[26707:266d9e] [com.apple.SpringBoard:AppRestrictionsOverlay] [sceneID:org.ps2x.ps2entryrunner-default] didDestroyScene
2026-09-19 20:00:59.982 Df SpringBoard[26707:266d9e] [com.apple.SpringBoard:AppRestrictionsOverlay] [sceneID:org.ps2x.ps2entryrunner-default] tearing down vc for overlay: 0x0
2026-09-19 20:00:59.982 Df SpringBoard[26707:269b3c] [com.apple.appprotection:framework] told auth provider org.ps2x.ps2entryrunner was dimissed. result:true err:(null)
2026-09-19 20:00:59.982 Df SpringBoard[26707:266d9e] [com.apple.UIKit:KBProxyForwarding] <StateMachine:0x12214fb00> Presentation environment invalidated: <_UISceneKeyboardProxyLayerForwardingPresentationScene: 0x1187411d0> Tracking scene: <FBScene: 0x121702400; (null):sceneID:org.ps2x.ps2entryrunner-default>
2026-09-19 20:00:59.983 Df SpringBoard[26707:26c31a] [com.apple.UserNotifications:RemoteNotifications] [org.ps2x.ps2entryrunner] Ignore becoming background for application without push registration
2026-09-19 20:00:59.983 Df SpringBoard[26707:266d9e] [com.apple.SpringBoard:AppSwitcher] [Main (EmbeddedDisplay)] dispatch event:
<SBSceneReadySwitcherModifierEvent: 0x11c5161f0; type: SceneReady; appLayout: <SBAppLayout: 0x122103c60; primary: org.ps2x.ps2entryrunner:default; environment: main> {
    environment = main;
    centerConfiguration = undefined;
    preferredDisplayOrdinal = 0;
    continuousExposeIdentifier = org.ps2x.ps2entryrunner;
    layoutItems = {
        primary = <SBDisplayItem: 0x11c4fffc0; type: App; bundleIdentifier: org.ps2x.ps2entryrunner; uniqueIdentifier: sceneID:org.ps2x.ps2entryrunner-default>;
    }
}>
2026-09-19 20:00:59.983 E  SpringBoard[26707:266d9e] [com.apple.FrontBoard:Scene] [(FBSceneManager):sceneID:org.ps2x.ps2entryrunner-default] Update failed: <NSError: 0x11c514090; domain: FBSceneErrorDomain; code: 1 ("operation-failed"); "Scene update failed."> {
    NSUnderlyingError = <NSError: 0x10e7e5500; domain: FBWorkspaceScene; code: 1 ("send-message-failed"); "Scene update failed. Client process exited."> {
        NSUnderlyingError = <NSError: 0x10e7e5860; domain: FBProcessExit; code: 1 ("voluntary"); "The process exited voluntarily.">;
    };
}
2026-09-19 20:00:59.983 E  SpringBoard[26707:266d9e] [com.apple.FrontBoard:Scene] [(FBSceneManager):sceneID:org.ps2x.ps2entryrunner-default] Update failed: <NSError: 0x11c517ae0; domain: FBSceneErrorDomain; code: 1 ("operation-failed"); "Scene update failed."> {
    NSUnderlyingError = <NSError: 0x10e7e6850; domain: FBWorkspaceScene; code: 1 ("send-message-failed"); "Scene update failed. Client process exited."> {
        NSUnderlyingError = <NSError: 0x10e7e5680; domain: FBProcessExit; code: 1 ("voluntary"); "The process exited voluntarily.">;
    };
}
2026-09-19 20:00:59.983 Df SpringBoard[26707:266d9e] [com.apple.SpringBoard:Workspace] Process exited: <FBApplicationProcess: 0x11c623d80; app<org.ps2x.ps2entryrunner>:28325(v7DE0F)> -> <RBSProcessExitContext| voluntary>
2026-09-19 20:00:59.983 Df SpringBoard[26707:266d9e] [com.apple.SpringBoard:Common] Application process state changed for org.ps2x.ps2entryrunner: (null)
2026-09-19 20:00:59.984 Df SpringBoard[26707:266d9e] [com.apple.FrontBoard:Scene] [(FBSceneManager):sceneID:org.ps2x.ps2entryrunner-default] Ignoring client invalidation due to token mismatch (probably due to prior deactivation). expected=0x0 received=0x122111c80
2026-09-19 20:01:00.215 Df SpringBoard[26707:266d9e] [com.apple.SpringBoard:AppSwitcher] [Main (EmbeddedDisplay)] dispatch event:
<SBTransitionSwitcherModifierEvent: 0x11b05ea00; type: MainTransition; transitionID: 490C8E6B-EAB5-4FD8-BE9E-6C05FE65C3A4; phase: Complete; animated: YES; fromAppLayout: 0x0; toAppLayout: <SBAppLayout: 0x122103c60; primary: org.ps2x.ps2entryrunner:default; environment: main>; fromEnvironmentMode: home-screen; toEnvironmentMode: application; fromSpaceConfiguration: undefined; toSpaceConfiguration: full; pendingTermination: {(
)}; morphingPIPLayoutRole: undefined; previousDesktopItems: {(
)}>
2026-09-19 20:01:00.215 Df SpringBoard[26707:266d9e] [com.apple.SpringBoard:AppSwitcher] [Main (EmbeddedDisplay)] handle response:
<SBSwitcherModifierEventResponse: 0x11c5177e0> {
    <SBPreemptAnimationSwitcherEventResponse: 0x11c516fa0>;
    <SBSwitcherModifierEventResponse: 0x11c517540> {
	    <SBInvalidateAdjustedAppLayoutsSwitcherEventResponse: 0x11c516280>;
	    <SBSwitcherModifierEventResponse: 0x11c516400> {
		    <SBRequestFolderSnapshotsSwitcherEventResponse: 0x11c514e10; snapshotRequested: NO>;
		    <SBIconOverlayVisibilitySwitcherEventResponse: 0x122165780; visible: NO; appLayout: <SBAppLayout: 0x122103c60; primary: org.ps2x.ps2entryrunner:default; environment: main>>;
		    <SBIconViewVisibilitySwitcherEventResponse: 0x118719770; visible: YES; animationSettings: 0x0; appLayout: <SBAppLayout: 0x122103c60; primary: org.ps2x.ps2entryrunner:default; environment: main>>;
		    <SBMatchMoveToIconViewSwitcherEventResponse: 0x12167e220; active: NO; appLayout: <SBAppLayout: 0x122103c60; primary: org.ps2x.ps2entryrunner:default; environment: main>>;
		};
	};
}
2026-09-19 20:01:00.225 Df SpringBoard[26707:266d9e] [com.apple.SpringBoard:Common] Front display did change: <SBApplication: 0x121700900; org.ps2x.ps2entryrunner>
2026-09-19 20:01:00.225 Df SpringBoard[26707:266d9e] [preflight:SceneHostedPreflight] [Source: TCCs] org.ps2x.ps2entryrunner requires preflight: false
2026-09-19 20:01:00.225 Df SpringBoard[26707:266d9e] [preflight:SceneHostedPreflight] [Source: ScreenTime] org.ps2x.ps2entryrunner requires preflight: false
2026-09-19 20:01:00.237 Df SpringBoard[26707:266d9e] [com.apple.SpringBoard:ZStack] Resolved Stack (update(Switcher)) [
    Highest: ⬇ ,
    SystemAperture: ⬇ ,
    HUD: ⬇ ,
    TransientOverlayPresentation: ⬇ ,
    Switcher: ownsHomeGesture; FGActive; homeAffordanceDrawingSuppressed: N->Y; suppressedBundles: org.ps2x.ps2entryrunner->(none); suppressedScenes: 1->0,
    HomeScreen: BG->FGActive
]
2026-09-19 20:01:00.238 Df SpringBoard[26707:266d9e] [com.apple.SpringBoard:AppRestrictionsOverlay] [sceneID:org.ps2x.ps2entryrunner-default] tearing down vc for overlay: 0x0
2026-09-19 20:01:00.254 Df SpringBoard[26707:266d9e] [com.apple.SpringBoard:KeyboardFocus] _updateDeferringRules(didMoveToParentViewController) sceneID:org.ps2x.ps2entryrunner-default hasParent:NO contentState:notReady hasRule:NO wantsRule:NO
2026-09-19 20:01:00.254 Df SpringBoard[26707:266d9e] [com.apple.SpringBoard:KeyboardFocus] _updateDeferringRules(didMoveToParentViewController) outcome:(no change) sceneID:org.ps2x.ps2entryrunner-default
2026-09-19 20:01:00.254 Df SpringBoard[26707:266d9e] [com.apple.SpringBoard:AppRestrictionsOverlay] [sceneID:org.ps2x.ps2entryrunner-default] tearing down vc for overlay: 0x0
2026-09-19 20:01:00.254 Df SpringBoard[26707:266d9e] [com.apple.SpringBoard:KeyboardFocus] _updateDeferringRules(didMoveToParentViewController) sceneID:org.ps2x.ps2entryrunner-default hasParent:NO contentState:notReady hasRule:NO wantsRule:NO
2026-09-19 20:01:00.254 Df SpringBoard[26707:266d9e] [com.apple.SpringBoard:KeyboardFocus] _updateDeferringRules(didMoveToParentViewController) outcome:(no change) sceneID:org.ps2x.ps2entryrunner-default
2026-09-19 20:01:00.254 Df SpringBoard[26707:266d9e] [com.apple.SpringBoard:AppSwitcher] <SBFullScreenSwitcherLiveContentOverlayCoordinator: 0x116331400> Removing SwitcherScene overlay for: <SBAppLayout: 0x122103c60; primary: org.ps2x.ps2entryrunner:default; environment: main>, animated: NO
2026-09-19 20:01:00.256 Df SpringBoard[26707:266d9e] [com.apple.SpringBoard:AppRestrictionsOverlay] [sceneID:org.ps2x.ps2entryrunner-default] tearing down vc for overlay: 0x0
2026-09-19 20:01:04.724 E  runningboardd[26710:26c30f] [com.apple.DynamicPrefetching:default] mark_profile_seen_this_boot: exists() failed for "/private/var/root/Library/Caches/com.apple.runningboardd/DynamicPrefetching/org.ps2x.ps2entryrunner/0.profile": Permission denied
2026-09-19 20:01:04.725 Df runningboardd[26710:26c30f] [com.apple.DynamicPrefetching:default] end_scenario_internal: first launch after boot for bundleid org.ps2x.ps2entryrunner scenario Launch — discarded 0 pageins, refreshed profile mtime
2026-09-19 20:01:50.572 Df SpringBoard[26707:2689ea] [com.apple.FrontBoard:Common] [FBSystemService][0x79fd] Received request to open "org.ps2x.ps2entryrunner" from CoreSimulatorBr:26737.
2026-09-19 20:01:50.572 Df SpringBoard[26707:2689ea] [com.apple.FrontBoard:Common] [FBSystemService][0x79fd] Activation request for org.ps2x.ps2entryrunner contained LSCacheGUID 5382FDFD-06CA-4A0C-8ED3-B766E6B54F8E and LSSequenceNumber 728.
2026-09-19 20:01:50.572 Df SpringBoard[26707:266d9e] [com.apple.FrontBoard:Common] [FBSystemService][0x79fd] Activation request for org.ps2x.ps2entryrunner will wait 10.00s for app availability, with retry every 2.00s.
2026-09-19 20:01:50.572 Df SpringBoard[26707:266d9e] [com.apple.FrontBoard:Common] [FBSystemService][0x79fd] Attempting activation of org.ps2x.ps2entryrunner with {UUID: 5382FDFD-06CA-4A0C-8ED3-B766E6B54F8E, Sequence: 728} vs {UUID: 5382FDFD-06CA-4A0C-8ED3-B766E6B54F8E, Sequence: 728}
2026-09-19 20:01:50.572 Df SpringBoard[26707:266d9e] [com.apple.SpringBoard:Workspace] Received trusted open application request for "org.ps2x.ps2entryrunner" from <FBProcess: 0x10bf5ca80; osservice<com.apple.CoreSimulator.bridge>:26737(v7CE5D)>.
2026-09-19 20:01:50.573 Df SpringBoard[26707:266d9e] [com.apple.SpringBoard:Common] Executing request: <SBMainWorkspaceTransitionRequest: 0x11865dea0; eventLabel: OpenApplication(sceneID:org.ps2x.ps2entryrunner-default)ForRequester(CoreSimulatorBr.26737); display: Main; source: FBSystemService>
2026-09-19 20:01:50.574 Df SpringBoard[26707:266d9e] [com.apple.FrontBoard:Common] [FBWorkspaceEvent] Executing: <FBWorkspaceEvent: 0x11c74f500; OpenApplication(sceneID:org.ps2x.ps2entryrunner-default)ForRequester(CoreSimulatorBr.26737)>
2026-09-19 20:01:50.575 Df SpringBoard[26707:266d9e] [com.apple.SpringBoard:TraitsArbiter] [SwitcherOrientation] outSwitcherOrientation: portrait (1), outElementsOrientations: {
    "sceneID:org.ps2x.ps2entryrunner-default" = 1;
}
2026-09-19 20:01:50.575 Df SpringBoard[26707:266d9e] [com.apple.SpringBoard:Transaction] Running <SBAppToAppWorkspaceTransaction: 0x11965ca80> for transition request:
<SBMainWorkspaceTransitionRequest: 0x11865dea0; eventLabel: OpenApplication(sceneID:org.ps2x.ps2entryrunner-default)ForRequester(CoreSimulatorBr.26737); display: Main; source: FBSystemService> {
    applicationContext = <SBWorkspaceApplicationSceneTransitionContext: 0x1196770c0; background: NO> entities = {
        SBLayoutRolePrimary = <SBDeviceApplicationSceneEntity: 0x1217d37a0; ID: sceneID:org.ps2x.ps2entryrunner-default; layoutRole: primary>;
    };
}
2026-09-19 20:01:50.576 Df SpringBoard[26707:266d9e] [preflight:SceneHostedPreflight] [Source: TCCs] org.ps2x.ps2entryrunner requires preflight: false
2026-09-19 20:01:50.576 Df SpringBoard[26707:266d9e] [preflight:SceneHostedPreflight] [Source: ScreenTime] org.ps2x.ps2entryrunner requires preflight: false
2026-09-19 20:01:50.576 Df SpringBoard[26707:266d9e] [com.apple.SpringBoard:Common] Generating initialization context on main thread for: org.ps2x.ps2entryrunner
2026-09-19 20:01:50.576 Df SpringBoard[26707:26c31b] [com.apple.FrontBoard:Process] Asked to bootstrap a new process with identity: app<org.ps2x.ps2entryrunner((null))>
2026-09-19 20:01:50.576 Df SpringBoard[26707:26c31b] [com.apple.FrontBoard:Process] Creating process (sync=true) with identity: app<org.ps2x.ps2entryrunner((null))>
2026-09-19 20:01:50.576 Df SpringBoard[26707:26c31b] [com.apple.FrontBoard:ProcessWorkspace] Created <FBWorkspace: 0x11865ebc0; <FBApplicationProcess: 0x11965cc00; app<org.ps2x.ps2entryrunner>:<invalid>>>
2026-09-19 20:01:50.576 Df SpringBoard[26707:26c31b] [com.apple.FrontBoard:Process] Bootstrapping app<org.ps2x.ps2entryrunner> with intent foreground-interactive
2026-09-19 20:01:50.577 Df runningboardd[26710:26cd57] [com.apple.DynamicPrefetching:default] start_scenario: recording pageins for bundleid "org.ps2x.ps2entryrunner" scenario "Launch"
2026-09-19 20:01:50.577 Df runningboardd[26710:26cd57] [com.apple.DynamicPrefetching:default] start_scenario: Prefetching clean profile for bundleid "org.ps2x.ps2entryrunner" scenario "Launch"
2026-09-19 20:01:50.577 Df runningboardd[26710:26c311] [com.apple.runningboard:ttl] Acquiring assertion targeting app<org.ps2x.ps2entryrunner((null))> from originator [osservice<com.apple.SpringBoard>:26707] with description <RBSAssertionDescriptor| "FBApplicationProcess" ID:26710-26707-5017 target:app<org.ps2x.ps2entryrunner((null))> attributes:[
	<RBSDomainAttribute| domain:"com.apple.frontboard" name:"SuspendableLPRunReason-Resume" sourceEnvironment:"(null)">,
	<RBSDomainAttribute| domain:"com.apple.frontboard" name:"Visibility" sourceEnvironment:"(null)">,
	<RBSDomainAttribute| domain:"com.apple.frontboard" name:"SuspendableRole-UIFocal" sourceEnvironment:"(null)">,
	<RBSDomainAttribute| domain:"com.apple.frontboard" name:"SuspendableJetsamPriority-Foreground" sourceEnvironment:"(null)">,
	<RBSDomainAttribute| domain:"com.apple.frontboard" name:"SuspendableBootstrapping" sourceEnvironment:"(null)">,
	<RBSDomainAttribute| domain:"com.apple.pagein-prefetching" name:"LaunchPrefetch" sourceEnvironment:"(null)">
	]>
2026-09-19 20:01:50.578 E  runningboardd[26710:26c311] [com.apple.runningboard:assertion] Multiple RBSRunningReasonAttribute provided: 10000 vs 20838. First one wins, but client should be fixed for assertion 26710-26707-5017 (target:app<org.ps2x.ps2entryrunner((null))>)
2026-09-19 20:01:50.578 Df runningboardd[26710:26c311] [com.apple.runningboard:ttl] Assertion 26710-26707-5017 (target:app<org.ps2x.ps2entryrunner((null))>) will be created as active
2026-09-19 20:01:50.578 Df runningboardd[26710:26cd57] [com.apple.runningboard:job] Creating and launching job for: app<org.ps2x.ps2entryrunner((null))>
2026-09-19 20:01:50.578 Df runningboardd[26710:26cd57] [com.apple.runningboard:general] _mutateContextIfNeeded called for org.ps2x.ps2entryrunner
2026-09-19 20:01:50.579 Df runningboardd[26710:26cd57] [com.apple.runningboard:job] app<org.ps2x.ps2entryrunner((null))> Looking up container path with persona (null) using container identifier 'org.ps2x.ps2entryrunner'
2026-09-19 20:01:50.579 Df runningboardd[26710:26cd59] [com.apple.runningboard:job_oversize] 'app<org.ps2x.ps2entryrunner((null))>' Constructed job description:
<dictionary: 0x109db0240> { count = 23, transaction: 0, voucher = 0x0, contents =
	"ProcessType" => <string: 0x109e64390> { string cache = 0x0, length = 3, contents = "App" }
	"EnableTransactions" => <bool: 0x222423a90>: false
	"_ManagedBy" => <string: 0x109e642d0> { string cache = 0x0, length = 22, contents = "com.apple.runningboard" }
	"RootedSimulatorPath" => <bool: 0x222423a70>: true
	"StandardOutPath" => <string: 0x109e66eb0> { string cache = 0x0, length = 130, contents = "/Users/bradrichardson/Library/Developer/CoreSimulator/Devices/4DE6C37C-77EF-45AE-827E-26286E68D022/data/tmp/launch_console-28497-1" }
	"CFBundleIdentifier" => <string: 0x109e64ba0> { string cache = 0x0, length = 23, contents = "org.ps2x.ps2entryrunner" }
	"_ResourceCoalition" => <string: 0x109e67240> { string cache = 0x0, length = 36, contents = "app<org.ps2x.ps2entryrunner((null))>" }
	"_POSIXSpawnTelemetryPageIn" => <bool: 0x222423a70>: true
	"ThrottleInterval" => <int64: 0x805f341a872dd7e7>: 2147483647
	"StandardErrorPath" => <string: 0x109e67f90> { string cache = 0x0, length = 130, contents = "/Users/bradrichardson/Library/Developer/CoreSimulator/Devices/4DE6C37C-77EF-45AE-827E-26286E68D022/data/tmp/launch_console-28497-2" }
	"MachServices" => <dictionary: 0x109db00c0> { count = 0, transaction: 0, voucher = 0x0, contents =
	}
	"EnablePressuredExit" => <bool: 0x222423a90>: false
	"InitialTaskRole" => <int64: 0x805f341978d22817>: 1
	"UserName" => <string: 0x109e67c30> { string cache = 0x0, length = 6, contents = "mobile" }
	"EnvironmentVariables" => <dictionary: 0x109db1080> { count = 5, transaction: 0, voucher = 0x0, contents =
		"TMPDIR" => <string: 0x109e66f10> { string cache = 0x0, length = 172, contents = "/Users/bradrichardson/Library/Developer/CoreSimulator/Devices/4DE6C37C-77EF-45AE-827E-26286E68D022/data/Containers/Data/Application/66B79458-8486-4FF6-A021-87B6892848D3/tmp" }
		"HOME" => <string: 0x109e67570> { string cache = 0x0, length = 168, contents = "/Users/bradrichardson/Library/Developer/CoreSimulator/Devices/4DE6C37C-77EF-45AE-827E-26286E68D022/data/Containers/Data/Application/66B79458-8486-4FF6-A021-87B6892848D3" }
		"CFFIXED_USER_HOME" => <string: 0x109e66730> { string cache = 0x0, length = 168, contents = "/Users/bradrichardson/Library/Developer/CoreSimulator/Devices/4DE6C37C-77EF-45AE-827E-26286E68D022/data/Containers/Data/Application/66B79458-8486-4FF6-A021-87B6892848D3" }
		"TERM" => <string: 0x109e66fa0> { string cache = 0x0, length = 14, contents = "xterm-256color" }
		"_DYLD_CLOSURE_HOME" => <string: 0x109e64480> { string cache = 0x0, length = 168, contents = "/Users/bradrichardson/Library/Developer/CoreSimulator/Devices/4DE6C37C-77EF-45AE-827E-26286E68D022/data/Containers/Data/Application/66B79458-8486-4FF6-A021-87B6892848D3" }
	}
	"_AdditionalProperties" => <dictionary: 0x109db1b00> { count = 1, transaction: 0, voucher = 0x0, contents =
		"RunningBoard" => <dictionary: 0x109db0a80> { count = 3, transaction: 0, voucher = 0x0, contents =
			"Managed" => <bool: 0x222423a70>: true
			"RunningBoardLaunchedIdentity" => <dictionary: 0x109db1c80> { count = 2, transaction: 0, voucher = 0x0, contents =
				"TYPE" => <int64: 0x805f341978d2280f>: 2
				"EAI" => <string: 0x109e664c0> { string cache = 0x0, length = 23, contents = "org.ps2x.ps2entryrunner" }
			}
			"RunningBoardLaunched" => <bool: 0x222423a70>: true
		}
	}
	"ExitTimeOut" => <int64: 0x805f341978d22817>: 1
	"Label" => <string: 0x109e65a10> { string cache = 0x0, length = 57, contents = "UIKitApplication:org.ps2x.ps2entryrunner[cdae][rb-legacy]" }
	"MaterializeDatalessFiles" => <bool: 0x222423a70>: true
	"SandboxContainer" => <string: 0x109e65b90> { string cache = 0x0, length = 168, contents = "/Users/bradrichardson/Library/Developer/CoreSimulator/Devices/4DE6C37C-77EF-45AE-827E-26286E68D022/data/Containers/Data/Application/66B79458-8486-4FF6-A021-87B6892848D3" }
	"_LaunchType" => <int64: 0x805f341978d22807>: 3
	"ProgramArguments" => <array: 0x109e65c20> { count = 2, capacity = 10, contents =
		0: <string: 0x109e66be0> { string cache = 0x0, length = 204, contents = "/Users/bradrichardson/Library/Developer/CoreSimulator/Devices/4DE6C37C-77EF-45AE-827E-26286E68D022/data/Containers/Bundle/Application/813AA66E-03FF-4F2D-B6EB-57210E098028/ps2EntryRunner.app/ps2EntryRunner" }
		1: <string: 0x109e670f0> { string cache = 0x0, length = 21, contents = "/nonexistent-boot.elf" }
	}
	"Program" => <string: 0x109e66340> { string cache = 0x0, length = 204, contents = "/Users/bradrichardson/Library/Developer/CoreSimulator/Devices/4DE6C37C-77EF-45AE-827E-26286E68D022/data/Containers/Bundle/Application/813AA66E-03FF-4F2D-B6EB-57210E098028/ps2EntryRunner.app/ps2EntryRunner" }
}
2026-09-19 20:01:50.587 Df SpringBoard[26707:266d9e] [com.apple.SpringBoard:KeyboardFocus] _updateDeferringRules(didMoveToParentViewController) sceneID:org.ps2x.ps2entryrunner-default hasParent:YES contentState:notReady hasRule:NO wantsRule:NO
2026-09-19 20:01:50.587 Df SpringBoard[26707:266d9e] [com.apple.SpringBoard:KeyboardFocus] _updateDeferringRules(didMoveToParentViewController) outcome:(no change) sceneID:org.ps2x.ps2entryrunner-default
2026-09-19 20:01:50.587 Df SpringBoard[26707:266d9e] [com.apple.SpringBoard:AppRestrictionsOverlay] [sceneID:org.ps2x.ps2entryrunner-default] init without scene; waiting for scene creation
2026-09-19 20:01:50.588 Df SpringBoard[26707:266d9e] [com.apple.SpringBoard:AppRestrictionsOverlay] [sceneID:org.ps2x.ps2entryrunner-default] tearing down vc for overlay: 0x0
2026-09-19 20:01:50.588 Df SpringBoard[26707:266d9e] [com.apple.SpringBoard:KeyboardFocus] _updateDeferringRules(didMoveToParentViewController) sceneID:org.ps2x.ps2entryrunner-default hasParent:YES contentState:notReady hasRule:NO wantsRule:NO
2026-09-19 20:01:50.588 Df SpringBoard[26707:266d9e] [com.apple.SpringBoard:KeyboardFocus] _updateDeferringRules(didMoveToParentViewController) outcome:(no change) sceneID:org.ps2x.ps2entryrunner-default
2026-09-19 20:01:50.588 Df SpringBoard[26707:266d9e] [com.apple.SpringBoard:AppSwitcher] <SBFullScreenSwitcherLiveContentOverlayCoordinator: 0x116331400> Adding SwitcherScene overlay for: <SBAppLayout: 0x122103c60; primary: org.ps2x.ps2entryrunner:default; environment: main>, animated: NO
2026-09-19 20:01:50.598 Df SpringBoard[26707:266d9e] [com.apple.SpringBoard:ZStack] _updatePreferences <Switcher>: {
    activationPolicyForParticipantsBelow: AtMostBG;
    homeAffordanceDrawingSuppression: Default;
    associatedSceneIdentifiersToSuppressInSystemAperture: (
        sceneID:org.ps2x.ps2entryrunner-default
    );
    associatedBundleIdentifiersToSuppressInSystemAperture: (
        org.ps2x.ps2entryrunner
    );
    allowsDimmingWhenForegroundInactive: No;
}
2026-09-19 20:01:50.598 Df SpringBoard[26707:266d9e] [com.apple.SpringBoard:SystemApertureViewController] Invalidating promoted elements with coversheet suppression NO liquid detection suppression NO proximity reader suppression NO system chrome suppression NO bundleIDs {(
    "org.ps2x.ps2entryrunner"
)} sceneIds {(
    "sceneID:org.ps2x.ps2entryrunner-default"
)}
2026-09-19 20:01:50.599 Df SpringBoard[26707:266d9e] [com.apple.SpringBoard:ZStack] Resolved Stack (update(Switcher)) [
    Highest: ⬇ ,
    SystemAperture: ⬇ ,
    HUD: ⬇ ,
    TransientOverlayPresentation: ⬇ ,
    Switcher: ownsHomeGesture; FGActive; homeAffordanceDrawingSuppressed: Y->N; suppressedBundles: (none)->org.ps2x.ps2entryrunner; suppressedScenes: 0->1,
    HomeScreen: FGActive->BG
]
2026-09-19 20:01:50.599 Df SpringBoard[26707:266d9e] [com.apple.SpringBoard:Common] [DeviceSceneHandle] sceneID:org.ps2x.ps2entryrunner-default display=Main bounds={{0, 0}, {402, 874}} sceneFrame={{0, 0}, {402, 874}} capability=.None
2026-09-19 20:01:50.599 Df SpringBoard[26707:266d9e] [com.apple.SpringBoard:TraitsArbiter] [DeviceSceneHandle] Did set interfaceOrientation[1] on scene with identifier[sceneID:org.ps2x.ps2entryrunner-default]
2026-09-19 20:01:50.599 Df SpringBoard[26707:266d9e] [com.apple.SpringBoard:ContinuitySession] modifying scene setting userInterfaceStyle to Light displayIdentity: Main forSceneManagers: Main <SBDeviceApplicationSceneHandle: 0x12207ca00; sceneID: sceneID:org.ps2x.ps2entryrunner-default; scenePointer: 0x0>
2026-09-19 20:01:50.600 Df SpringBoard[26707:266d9e] [preflight:SceneHostedPreflight] [Source: TCCs] org.ps2x.ps2entryrunner requires preflight: false
2026-09-19 20:01:50.600 Df SpringBoard[26707:266d9e] [preflight:SceneHostedPreflight] [Source: ScreenTime] org.ps2x.ps2entryrunner requires preflight: false
2026-09-19 20:01:50.600 Df SpringBoard[26707:266d9e] [com.apple.SpringBoard:Common] [SBApplicationSceneUpdateTransaction] org.ps2x.ps2entryrunner requiresPreflight: false false (null)
2026-09-19 20:01:50.600 Df SpringBoard[26707:266d9e] [com.apple.SpringBoard:Common] [SBApplicationSceneUpdateTransaction] org.ps2x.ps2entryrunner not running preflight as not restricted
2026-09-19 20:01:50.600 Df SpringBoard[26707:266d9e] [com.apple.SpringBoard:AppSwitcher] [Main (EmbeddedDisplay)] dispatch event:
<SBSceneReadySwitcherModifierEvent: 0x11c516280; type: SceneReady; appLayout: <SBAppLayout: 0x122103c60; primary: org.ps2x.ps2entryrunner:default; environment: main> {
    environment = main;
    centerConfiguration = undefined;
    preferredDisplayOrdinal = 0;
    continuousExposeIdentifier = org.ps2x.ps2entryrunner;
    layoutItems = {
        primary = <SBDisplayItem: 0x11c4fffc0; type: App; bundleIdentifier: org.ps2x.ps2entryrunner; uniqueIdentifier: sceneID:org.ps2x.ps2entryrunner-default>;
    }
}>
2026-09-19 20:01:50.604 Df SpringBoard[26707:266d9e] [preflight:SceneHostedPreflight] [Preflighter: TCCs] org.ps2x.ps2entryrunner requires preflight: false
2026-09-19 20:01:50.604 Df SpringBoard[26707:266d9e] [preflight:SceneHostedPreflight] [Preflighter: ScreenTime] org.ps2x.ps2entryrunner requires preflight: false
2026-09-19 20:01:50.604 Df SpringBoard[26707:266d9e] [com.apple.SpringBoard:AppProtection] <BSCompoundAssertion:0x1220a6210> (SBApplicationAppProtectionAssistant: 0x11c66e140 - org.ps2x.ps2entryrunner) acquire for reason:NULL scene acq:0x121733e00 count:1
2026-09-19 20:01:50.604 Df SpringBoard[26707:266d9e] [com.apple.SpringBoard:AppProtection] Informing <APSystemAppOutlet: 0x10be25d10> that <APApplication: org.ps2x.ps2entryrunner> will become foreground visible
2026-09-19 20:01:50.604 Df SpringBoard[26707:266d9e] [com.apple.appprotection:framework] scene will become FG visible for <APApplication: org.ps2x.ps2entryrunner>
2026-09-19 20:01:50.604 Df SpringBoard[26707:266d9e] [com.apple.appprotection:framework] auth result for <APApplication: org.ps2x.ps2entryrunner>: true (null)
2026-09-19 20:01:50.604 Df SpringBoard[26707:266d9e] [com.apple.SpringBoard:AppRestrictionsOverlay] [sceneID:org.ps2x.ps2entryrunner-default] didCreateScene
2026-09-19 20:01:50.604 Df SpringBoard[26707:266d9e] [preflight:SceneHostedPreflight] [Preflighter: TCCs] org.ps2x.ps2entryrunner requires preflight: false
2026-09-19 20:01:50.604 Df SpringBoard[26707:266d9e] [preflight:SceneHostedPreflight] [Preflighter: ScreenTime] org.ps2x.ps2entryrunner requires preflight: false
2026-09-19 20:01:50.604 Df SpringBoard[26707:266d9e] [preflight:PreflightSceneExtension] sceneID:org.ps2x.ps2entryrunner-default: returning requiresPreflight FALSE as there's no activePreflightSource
2026-09-19 20:01:50.604 Df SpringBoard[26707:266d9e] [com.apple.SpringBoard:AppRestrictionsOverlay] [sceneID:org.ps2x.ps2entryrunner-default] tearing down vc for overlay: 0x0
2026-09-19 20:01:50.604 Df SpringBoard[26707:266d9e] [com.apple.UIKit:KBProxyForwarding] <StateMachine:0x12214fa00> Created with presentation environment: <0x118706ac0:<_UISceneKeyboardProxyLayerForwardingPresentationScene: 0x118706ac0> Tracking scene: <FBScene: 0x121702800; FBSceneManager:sceneID:org.ps2x.ps2entryrunner-default>>
2026-09-19 20:01:50.605 Df runningboardd[26710:26cd57] [com.apple.runningboard:general] Full encoding handle [app<org.ps2x.ps2entryrunner((null))>:28506], with data f99c815300006f5a, and pid 28506
2026-09-19 20:01:50.605 Df SpringBoard[26707:266d9e] [com.apple.SpringBoard:Common] [DeviceSceneHandle] sceneID:org.ps2x.ps2entryrunner-default display=Main bounds={{0, 0}, {402, 874}} sceneFrame={{0, 0}, {402, 874}} capability=.None
2026-09-19 20:01:50.605 Df SpringBoard[26707:266d9e] [com.apple.SpringBoard:TraitsArbiter] orientationMode=dynamic for <SBTraitsSceneParticipantDelegate: 0x11865dc20> (
    "com.apple.frontboard.systemappservices/FBSceneManager:sceneID%3Aorg.ps2x.ps2entryrunner-default"
)
2026-09-19 20:01:50.605 Df SpringBoard[26707:266d9e] [com.apple.SpringBoard:TraitsArbiter] [DeviceSceneHandle] Did set interfaceOrientation[1] on scene with identifier[sceneID:org.ps2x.ps2entryrunner-default]
2026-09-19 20:01:50.605 Df runningboardd[26710:26cd57] [com.apple.runningboard:process] [app<org.ps2x.ps2entryrunner((null))>:28506] Memory Limits: active 0 inactive 0
 <RBJetsamProperties| tasklimit=0
(null)>
2026-09-19 20:01:50.605 Df runningboardd[26710:26cd57] [com.apple.runningboard:process] [app<org.ps2x.ps2entryrunner((null))>:28506] This process will be managed.
2026-09-19 20:01:50.605 E  runningboardd[26710:26cd57] [com.apple.runningboard:process] [app<org.ps2x.ps2entryrunner((null))>:28506] Memorystatus failed with unexpected error: Operation not permitted (1)
2026-09-19 20:01:50.605 Df runningboardd[26710:26cd57] [com.apple.runningboard:process] [app<org.ps2x.ps2entryrunner((null))>:28506] is not freezer eligible, disabling freezing.
2026-09-19 20:01:50.605 E  runningboardd[26710:26cd57] [com.apple.runningboard:process] [app<org.ps2x.ps2entryrunner((null))>:28506] Memorystatus failed with unexpected error: Invalid argument (22)
2026-09-19 20:01:50.605 E  runningboardd[26710:26cd57] [com.apple.runningboard:process] [app<org.ps2x.ps2entryrunner((null))>:28506] Memorystatus failed with unexpected error: Operation not permitted (1)
2026-09-19 20:01:50.605 Df runningboardd[26710:26cd57] [com.apple.runningboard:ttl] Now tracking process: [app<org.ps2x.ps2entryrunner((null))>:28506]
2026-09-19 20:01:50.605 Df runningboardd[26710:26cd57] [com.apple.runningboard:assertion] [app<org.ps2x.ps2entryrunner((null))>:28506]: applying persistent assertion '26710-26707-5017 (target:app<org.ps2x.ps2entryrunner((null))>)'
2026-09-19 20:01:50.605 Df SpringBoard[26707:266d9e] [com.apple.SpringBoard:ContinuitySession] modifying scene setting userInterfaceStyle to Light displayIdentity: Main forSceneManagers: Main <SBDeviceApplicationSceneHandle: 0x12207ca00; sceneID: sceneID:org.ps2x.ps2entryrunner-default; scenePointer: 0x121702800>
2026-09-19 20:01:50.606 Df runningboardd[26710:26cd58] [com.apple.runningboard:monitor] Calculated state for app<org.ps2x.ps2entryrunner((null))>: running-active (role: UserInteractiveFocal) (endowments: {(
    <RBSProcessEndowmentInfo| namespace:com.apple.frontboard.visibility env:(null)  0>
)})
2026-09-19 20:01:50.606 Df SpringBoard[26707:266d9e] [com.apple.SpringBoard:Common] No capture application found for the org.ps2x.ps2entryrunner, launchCameraCapture: NO, isCaptureApplication: NO
2026-09-19 20:01:50.606 Df runningboardd[26710:26cd57] [com.apple.runningboard:assertion] Using default underlying assertion for app: [app<org.ps2x.ps2entryrunner((null))>:28506]
2026-09-19 20:01:50.606 Df runningboardd[26710:26cd57] [com.apple.runningboard:ttl] Acquiring assertion targeting [app<org.ps2x.ps2entryrunner((null))>:28506] from originator [app<org.ps2x.ps2entryrunner((null))>:28506] with description <RBSAssertionDescriptor| "RB Underlying Assertion" ID:26710-26710-5018 target:28506 attributes:[
	<RBSDomainAttribute| domain:"com.apple.underlying" name:"defaultUnderlyingAppAssertion" sourceEnvironment:"(null)">,
	<RBSAcquisitionCompletionAttribute| policy:AfterApplication>
	]>
2026-09-19 20:01:50.606 Df SpringBoard[26707:266d9e] [com.apple.FrontBoard:Process] Asked to bootstrap a new process with identity: app<org.ps2x.ps2entryrunner((null))>
2026-09-19 20:01:50.606 Df SpringBoard[26707:266d9e] [com.apple.FrontBoard:Process] Did not create a new process: A pending process for app<org.ps2x.ps2entryrunner((null))> already exists.
2026-09-19 20:01:50.606 Df SpringBoard[26707:266d9e] [com.apple.FrontBoard:ProcessScene] [0x1217b6580:(FBSceneManager):sceneID:org.ps2x.ps2entryrunner-default] Initialized with connection: 0x11b09c990.
2026-09-19 20:01:50.606 Df SpringBoard[26707:266d9e] [com.apple.FrontBoard:ProcessWorkspace] [app<org.ps2x.ps2entryrunner>:-1] Registered new scene: <FBWorkspaceScene: 0x1217b6580; (FBSceneManager):sceneID:org.ps2x.ps2entryrunner-default> (fromRemnant = 0)
2026-09-19 20:01:50.606 Df SpringBoard[26707:266d9e] [com.apple.FrontBoard:Scene] [(FBSceneManager):sceneID:org.ps2x.ps2entryrunner-default][1] Scene activated.
2026-09-19 20:01:50.606 Df SpringBoard[26707:26cd63] [com.apple.FrontBoard:Process] [app<org.ps2x.ps2entryrunner>:-1] Setting process visibility to: Foreground
2026-09-19 20:01:50.606 Df SpringBoard[26707:266d9e] [com.apple.UIKit:SceneDeactivation] Now tracking: <FBScene: 0x121702800; FBSceneManager:sceneID:org.ps2x.ps2entryrunner-default>
2026-09-19 20:01:50.606 Df SpringBoard[26707:266d9e] [com.apple.UIKit:SceneDeactivation] [sceneID:org.ps2x.ps2entryrunner-default] Setting deactivation reasons to: 'systemAnimation' for reason: scene settings update - settings are eligible for deactivation reasons.
2026-09-19 20:01:50.606 Df SpringBoard[26707:266d9e] [com.apple.FrontBoard:Scene] [(FBSceneManager):sceneID:org.ps2x.ps2entryrunner-default] scene content state changed: preparing
2026-09-19 20:01:50.606 Df SpringBoard[26707:266d9e] [com.apple.SpringBoard:KeyboardFocus] _updateDeferringRules(didUpdateContentState) sceneID:org.ps2x.ps2entryrunner-default hasParent:YES contentState:preparing hasRule:NO wantsRule:YES
2026-09-19 20:01:50.606 E  SpringBoard[26707:266d9e] [com.apple.SpringBoard:KeyboardFocus] invalid pid for scene sceneID:org.ps2x.ps2entryrunner-default, returning nil target
2026-09-19 20:01:50.606 Df SpringBoard[26707:266d9e] [com.apple.SpringBoard:KeyboardFocus] _updateDeferringRules(didUpdateContentState) outcome:(wanted, but focusTarget is nil) sceneID:org.ps2x.ps2entryrunner-default
2026-09-19 20:01:50.607 Df runningboardd[26710:26cd57] [com.apple.runningboard:ttl] Assertion 26710-26710-5018 (target:[app<org.ps2x.ps2entryrunner((null))>:28506]) will be created as active
2026-09-19 20:01:50.607 Df runningboardd[26710:26cd5a] [com.apple.runningboard:ttl] [app<org.ps2x.ps2entryrunner((null))>:28506] Resuming task.
2026-09-19 20:01:50.607 Df SpringBoard[26707:26c31b] [com.apple.FrontBoard:Process] [app<org.ps2x.ps2entryrunner>:28506] Bootstrap success!
2026-09-19 20:01:50.607 Df SpringBoard[26707:26cd61] [com.apple.FrontBoard:ProcessScene] [0x1217b6580:(FBSceneManager):sceneID:org.ps2x.ps2entryrunner-default] Scene lifecycle state did change: Foreground
2026-09-19 20:01:50.607 Df SpringBoard[26707:26cd61] [com.apple.FrontBoard:ProcessScene] [0x1217b6580:(FBSceneManager):sceneID:org.ps2x.ps2entryrunner-default] Scene state did change: FV-Focal[100].
2026-09-19 20:01:50.607 Df SpringBoard[26707:2689ea] [com.apple.runningboard:process] Hit the server for a process handle 199c815300006f5a that resolved to: [app<org.ps2x.ps2entryrunner((null))>:28506]
2026-09-19 20:01:50.608 Df runningboardd[26710:26cd59] [com.apple.runningboard:ttl] Acquiring assertion targeting [app<org.ps2x.ps2entryrunner((null))>:28506] from originator [osservice<com.apple.SpringBoard>:26707] with description <RBSAssertionDescriptor| "FBWorkspace (FV-Focal[100])" ID:26710-26707-5019 target:28506 attributes:[
	<RBSDomainAttribute| domain:"com.apple.frontboard" name:"SuspendableLPRunReason-Resume" sourceEnvironment:"(null)">,
	<RBSDomainAttribute| domain:"com.apple.frontboard" name:"Visibility" sourceEnvironment:"(null)">,
	<RBSDomainAttribute| domain:"com.apple.frontboard" name:"SuspendableRole-UIFocal" sourceEnvironment:"(null)">,
	<RBSDomainAttribute| domain:"com.apple.frontboard" name:"SuspendableJetsamPriority-Foreground" sourceEnvironment:"(null)">
	]>
2026-09-19 20:01:50.608 Df runningboardd[26710:26cd69] [com.apple.runningboard:monitor] Calculated state for app<org.ps2x.ps2entryrunner((null))>: running-active (role: UserInteractiveFocal) (endowments: {(
    <RBSProcessEndowmentInfo| namespace:com.apple.frontboard.visibility env:(null)  0>
)})
2026-09-19 20:01:50.608 Df runningboardd[26710:26cd59] [com.apple.runningboard:ttl] Assertion 26710-26707-5019 (target:[app<org.ps2x.ps2entryrunner((null))>:28506]) will be created as active
2026-09-19 20:01:50.608 Df runningboardd[26710:26c311] [com.apple.runningboard:general] [app<org.ps2x.ps2entryrunner((null))>:28506] reported to RB as running
2026-09-19 20:01:50.608 Df SpringBoard[26707:26c31b] [com.apple.runningboard:process] Hit the server for a process handle 199c815300006f5a that resolved to: [app<org.ps2x.ps2entryrunner((null))>:28506]
2026-09-19 20:01:50.608 Df SpringBoard[26707:26c31b] [com.apple.FrontBoard:Process] [app<org.ps2x.ps2entryrunner>:28506] Setting process task state to: Running
2026-09-19 20:01:50.609 Df SpringBoard[26707:26c31b] [com.apple.FrontBoard:ProcessWorkspace] [app<org.ps2x.ps2entryrunner>:28506] Registering event dispatcher after bootstrap
2026-09-19 20:01:50.609 Df runningboardd[26710:26cd69] [com.apple.runningboard:monitor] Calculated state for app<org.ps2x.ps2entryrunner((null))>: running-active (role: UserInteractiveFocal) (endowments: {(
    <RBSProcessEndowmentInfo| namespace:com.apple.frontboard.visibility env:(null)  0>
)})
2026-09-19 20:01:50.609 Df SpringBoard[26707:26c31b] [com.apple.FrontBoard:ProcessWorkspace] [app<org.ps2x.ps2entryrunner>:28506] Initial launch state: FV-Focal[100].
2026-09-19 20:01:50.609 Df SpringBoard[26707:26c31b] [com.apple.FrontBoard:ProcessWorkspace] [app<org.ps2x.ps2entryrunner>:28506] Workspace interruption policy did change: reconnect
2026-09-19 20:01:50.609 Df runningboardd[26710:26cd69] [com.apple.runningboard:ttl] Acquiring assertion targeting [app<org.ps2x.ps2entryrunner((null))>:28506] from originator [osservice<com.apple.SpringBoard>:26707] with description <RBSAssertionDescriptor| "com.apple.frontboard.after-life.interrupted" ID:26710-26707-5020 target:28506 attributes:[
	<RBSDomainAttribute| domain:"com.apple.frontboard" name:"AfterLife-Interrupted" sourceEnvironment:"(null)">
	]>
2026-09-19 20:01:50.609 Df SpringBoard[26707:2689ea] [com.apple.runningboard:monitor] Received state update for 28506 (app<org.ps2x.ps2entryrunner((null))>, running-active-Visible
2026-09-19 20:01:50.609 Df runningboardd[26710:26cd69] [com.apple.runningboard:ttl] Assertion 26710-26707-5020 (target:[app<org.ps2x.ps2entryrunner((null))>:28506]) will be created as inactive as originator process has not exited
2026-09-19 20:01:50.609 Df runningboardd[26710:26cd5a] [com.apple.runningboard:ttl] [app<org.ps2x.ps2entryrunner((null))>:28506] Set darwin role to: UserInteractiveFocal
2026-09-19 20:01:50.609 Df SpringBoard[26707:26c31b] [com.apple.runningboard:process] Starting death monitoring for handle [app<org.ps2x.ps2entryrunner((null))>:28506]
2026-09-19 20:01:50.609 E  runningboardd[26710:26cd5a] [com.apple.runningboard:process] [app<org.ps2x.ps2entryrunner((null))>:28506] Error 1 setting Carplay mode to 0: Operation not permitted
2026-09-19 20:01:50.610 Df runningboardd[26710:26cd5a] [com.apple.runningboard:ttl] [app<org.ps2x.ps2entryrunner((null))>:28506] visiblity is yes
2026-09-19 20:01:50.610 Df runningboardd[26710:26cd57] [com.apple.runningboard:assertion] Successfully acquired underlying assertion for [app<org.ps2x.ps2entryrunner((null))>:28506]
2026-09-19 20:01:50.610 Df SpringBoard[26707:26cd61] [com.apple.FrontBoard:ProcessWorkspace] [app<org.ps2x.ps2entryrunner>:28506] Workspace state did change: XX-None[0] --> FV-Focal[100] (assertion acquired).
2026-09-19 20:01:50.610 Df SpringBoard[26707:26c31b] [com.apple.FrontBoard:Process] Adding: <FBApplicationProcess: 0x11965cc00; app<org.ps2x.ps2entryrunner>:28506(v7DFD1)>
2026-09-19 20:01:50.611 Df SpringBoard[26707:266d9e] [com.apple.SpringBoard:AppSwitcher] [Main (EmbeddedDisplay)] dispatch event:
<SBTransitionSwitcherModifierEvent: 0x11c620480; type: MainTransition; transitionID: 5DBB5ED8-D80F-4386-AD39-94E09BD264A8; phase: Prepare; animated: YES; fromAppLayout: 0x0; toAppLayout: <SBAppLayout: 0x122103c60; primary: org.ps2x.ps2entryrunner:default; environment: main>; fromEnvironmentMode: home-screen; toEnvironmentMode: application; fromSpaceConfiguration: undefined; toSpaceConfiguration: full; pendingTermination: {(
)}; morphingPIPLayoutRole: undefined; previousDesktopItems: {(
)}>
2026-09-19 20:01:50.611 Df SpringBoard[26707:26cd63] [com.apple.UserNotifications:Settings] [org.ps2x.ps2entryrunner] Foreground app will not request ephemeral notifications
2026-09-19 20:01:50.611 Df SpringBoard[26707:266d9e] [com.apple.SpringBoard:AppSwitcher] [Main (EmbeddedDisplay)] handle response:
<SBSwitcherModifierEventResponse: 0x1217799b0> {
    <SBSwitcherModifierEventResponse: 0x12177adc0> {
	    <SBSwitcherModifierEventResponse: 0x121779a10> {
		    <SBTimerEventSwitcherEventResponse: 0x12177b900; delay: 0.240000; reason: kSBTransitionModifierInvalidateAsyncRenderingReason>;
		    <SBInvalidateAdjustedAppLayoutsSwitcherEventResponse: 0x121778030>;
		};
	    <SBTimerEventSwitcherEventResponse: 0x12177a0a0; delay: 0.060000; reason: kSBFullScreenToHomeCornerRadiusDelayReason>;
	};
    <SBSwitcherModifierEventResponse: 0x12177a610> {
	    <SBUpdateLayoutSwitcherEventResponse: 0x12214fb80; updateVisibleItems; layout; style; mode: None>;
	    <SBRequestFolderSnapshotsSwitcherEventResponse: 0x12177a100; snapshotRequested: YES>;
	    <SBIconOverlayVisibilitySwitcherEventResponse: 0x12214fb00; visible: YES; appLayout: <SBAppLayout: 0x122103c60; primary: org.ps2x.ps2entryrunner:default; environment: main>>;
	    <SBIconViewVisibilitySwitcherEventResponse: 0x118718d20;
2026-09-19 20:01:50.611 Df SpringBoard[26707:26cd63] [com.apple.UserNotifications:RemoteNotifications] [org.ps2x.ps2entryrunner] org.ps2x.ps2entryrunner application state changed to <RBSProcessState| task:running-active debug:none endowmentNamespace:[
	com.apple.frontboard.visibility
	]>
2026-09-19 20:01:50.612 Df SpringBoard[26707:26cd63] [com.apple.UserNotifications:RemoteNotifications] [org.ps2x.ps2entryrunner] Ignore becoming foreground for application without push registration
2026-09-19 20:01:50.622 Df SpringBoard[26707:266d9e] [com.apple.SpringBoard:Icon] Creating ISIcon on main thread for app org.ps2x.ps2entryrunner
2026-09-19 20:01:50.623 Df SpringBoard[26707:266d9e] [com.apple.SpringBoard:AppSwitcher] [Main (EmbeddedDisplay)] dispatch event:
<SBTransitionSwitcherModifierEvent: 0x11c620480; type: MainTransition; transitionID: 5DBB5ED8-D80F-4386-AD39-94E09BD264A8; phase: Animate; animated: YES; fromAppLayout: 0x0; toAppLayout: <SBAppLayout: 0x122103c60; primary: org.ps2x.ps2entryrunner:default; environment: main>; fromEnvironmentMode: home-screen; toEnvironmentMode: application; fromSpaceConfiguration: undefined; toSpaceConfiguration: full; pendingTermination: {(
)}; morphingPIPLayoutRole: undefined; previousDesktopItems: {(
)}>
2026-09-19 20:01:50.633 Df SpringBoard[26707:266d9e] [com.apple.SpringBoard:Common] Application process state changed for org.ps2x.ps2entryrunner: <SBApplicationProcessState: 0x11c705500; pid: 28506; taskState: Running; visibility: Foreground>
2026-09-19 20:01:50.634 Df SpringBoard[26707:266d9e] [com.apple.SpringBoard:Common] Returning cached initialization context for org.ps2x.ps2entryrunner
2026-09-19 20:01:50.710 Df SpringBoard[26707:26c30d] [com.apple.runningboard:monitor] Received state update for 28506 (app<org.ps2x.ps2entryrunner((null))>, running-active-Visible
2026-09-19 20:01:50.821 Df launchd_sim[26704:26cd5c] [user/501:] service inactive: UIKitApplication:org.ps2x.ps2entryrunner[cdae][rb-legacy]
2026-09-19 20:01:50.821 Df runningboardd[26710:26c311] [com.apple.runningboard:ttl] [app<org.ps2x.ps2entryrunner((null))>:28506] termination reported by launchd (2, 11, 11)
2026-09-19 20:01:50.821 Df runningboardd[26710:26c311] [com.apple.runningboard:process] Removing process: [app<org.ps2x.ps2entryrunner((null))>:28506]
2026-09-19 20:01:50.821 Df runningboardd[26710:26c311] [com.apple.runningboard:job] Removing launch job for: [app<org.ps2x.ps2entryrunner((null))>:28506]
2026-09-19 20:01:50.821 Df launchd_sim[26704:26cd5b] [user/501:] removing service: UIKitApplication:org.ps2x.ps2entryrunner[cdae][rb-legacy]
2026-09-19 20:01:50.821 Df runningboardd[26710:26c311] [com.apple.runningboard:job] Removed job for [app<org.ps2x.ps2entryrunner((null))>:28506]
2026-09-19 20:01:50.821 Df runningboardd[26710:26c311] [com.apple.runningboard:process] Removing assertions for terminated process: [app<org.ps2x.ps2entryrunner((null))>:28506]
2026-09-19 20:01:50.821 Df runningboardd[26710:26c311] [com.apple.runningboard:assertion] Removed last relative-start-date-defining assertion for process app<org.ps2x.ps2entryrunner((null))>
2026-09-19 20:01:50.821 Df runningboardd[26710:26cd58] [com.apple.runningboard:process] Notifying connection [osservice<com.apple.SpringBoard>:26707] that process [app<org.ps2x.ps2entryrunner((null))>:28506] exited with context <RBSProcessExitContext| specific, status:<RBSProcessExitStatus| domain:signal(2) code:SIGSEGV(11)>>
2026-09-19 20:01:50.821 Df runningboardd[26710:26cd5a] [com.apple.runningboard:monitor] Calculated state for app<org.ps2x.ps2entryrunner((null))>: none (role: None) (endowments: (null))
2026-09-19 20:01:50.821 Df runningboardd[26710:26cd5a] [com.apple.runningboard:monitor] Calculated state for app<org.ps2x.ps2entryrunner((null))>: none (role: None) (endowments: (null))
2026-09-19 20:01:50.821 Df SpringBoard[26707:26c30d] [com.apple.FrontBoard:ProcessWorkspace] [app<org.ps2x.ps2entryrunner>:28506] Workspace assertion invalidated: <NSError: 0x10f50f3c0; domain: RBSAssertionErrorDomain; code: 1; "Assertions were invalidated, count = 3.
26710-26707-5019: invalidation reason: 1
26710-26707-5020: invalidation reason: 1
26710-26707-5017: invalidation reason: 1">
2026-09-19 20:01:50.821 Df SpringBoard[26707:26c30d] [com.apple.runningboard:process] Calling process death completion block for handle [app<org.ps2x.ps2entryrunner((null))>:28506]
2026-09-19 20:01:50.821 Df SpringBoard[26707:26c30d] [com.apple.FrontBoard:Process] [app<org.ps2x.ps2entryrunner>:28506] Connection to remote process was not established.
2026-09-19 20:01:50.822 Df SpringBoard[26707:26c30d] [com.apple.FrontBoard:Process] [app<org.ps2x.ps2entryrunner>:28506] Now flagged as pending exit for reason: launch failed
2026-09-19 20:01:50.822 Df SpringBoard[26707:26c30d] [com.apple.FrontBoard:Process] [app<org.ps2x.ps2entryrunner>:28506] Process exited: <RBSProcessExitContext| specific, status:<RBSProcessExitStatus| domain:signal(2) code:SIGSEGV(11)>>.
2026-09-19 20:01:50.822 Df SpringBoard[26707:26c30d] [com.apple.FrontBoard:Process] [app<org.ps2x.ps2entryrunner>:28506] Setting process task state to: Not Running
2026-09-19 20:01:50.822 Df SpringBoard[26707:26c30d] [com.apple.FrontBoard:Process] [app<org.ps2x.ps2entryrunner>:28506] Setting process visibility to: Unknown
2026-09-19 20:01:50.822 Df SpringBoard[26707:26c31b] [com.apple.FrontBoard:ProcessWorkspace] [app<org.ps2x.ps2entryrunner>:28506] Invalidating workspace.
2026-09-19 20:01:50.822 Df SpringBoard[26707:26c31b] [com.apple.FrontBoard:ProcessWorkspace] Removing source registration for processHandle: [app<org.ps2x.ps2entryrunner((null))>:28506]
2026-09-19 20:01:50.822 Df SpringBoard[26707:26c31b] [com.apple.FrontBoard:ProcessScene] [0x1217b6580:(FBSceneManager):sceneID:org.ps2x.ps2entryrunner-default] Invalidated for connection: 0x11b09c990.
2026-09-19 20:01:50.822 Df SpringBoard[26707:26cd63] [com.apple.runningboard:monitor] Received state update for 28506 (app<org.ps2x.ps2entryrunner((null))>, none-NotVisible
2026-09-19 20:01:50.822 Df SpringBoard[26707:26c31b] [com.apple.FrontBoard:Process] Removing: <FBApplicationProcess: 0x11965cc00; app<org.ps2x.ps2entryrunner>:28506(v7DFD1)>
2026-09-19 20:01:50.822 E  SpringBoard[26707:266d9e] [com.apple.FrontBoard:Scene] [(FBSceneManager):sceneID:org.ps2x.ps2entryrunner-default] Update failed: <NSError: 0x10e7e5c80; domain: FBSceneErrorDomain; code: 1 ("operation-failed"); "Scene update failed."> {
    NSUnderlyingError = <NSError: 0x10f50cea0; domain: FBWorkspaceScene; code: 1 ("send-message-failed"); "Scene update failed. Client process exited."> {
        NSUnderlyingError = <NSError: 0x10f50eca0; domain: FBProcessExit; code: 4 ("crash"); "The process crashed."> {
            NSUnderlyingError = <NSError: 0x10f50f3c0; domain: signal; code: 11; SIGSEGV(11)>;
        };
    };
}
2026-09-19 20:01:50.822 Df SpringBoard[26707:266d9e] [com.apple.FrontBoard:Scene] Deactivating scene: (FBSceneManager):sceneID:org.ps2x.ps2entryrunner-default
2026-09-19 20:01:50.822 Df SpringBoard[26707:266d9e] [com.apple.UIKit:SceneDeactivation] No longer tracking: <FBScene: 0x121702800; FBSceneManager:sceneID:org.ps2x.ps2entryrunner-default>
2026-09-19 20:01:50.822 Df SpringBoard[26707:266d9e] [com.apple.FrontBoard:Scene] [(FBSceneManager):sceneID:org.ps2x.ps2entryrunner-default] scene content state changed: notReady
2026-09-19 20:01:50.822 Df SpringBoard[26707:266d9e] [com.apple.SpringBoard:KeyboardFocus] _updateDeferringRules(didUpdateContentState) sceneID:org.ps2x.ps2entryrunner-default hasParent:YES contentState:notReady hasRule:NO wantsRule:NO
2026-09-19 20:01:50.822 Df SpringBoard[26707:266d9e] [com.apple.SpringBoard:KeyboardFocus] _updateDeferringRules(didUpdateContentState) outcome:(no change) sceneID:org.ps2x.ps2entryrunner-default
2026-09-19 20:01:50.822 Df SpringBoard[26707:266d9e] [com.apple.FrontBoard:Scene] [(FBSceneManager):sceneID:org.ps2x.ps2entryrunner-default][1] Scene deactivated.
2026-09-19 20:01:50.822 Df SpringBoard[26707:266d9e] [com.apple.FrontBoard:Scene] Invalidating scene: (FBSceneManager):sceneID:org.ps2x.ps2entryrunner-default
2026-09-19 20:01:50.822 Df SpringBoard[26707:266d9e] [com.apple.FrontBoard:Scene] [(FBSceneManager):sceneID:org.ps2x.ps2entryrunner-default][1] Scene invalidated.
2026-09-19 20:01:50.822 E  SpringBoard[26707:266d9e] [com.apple.FrontBoard:Scene] Ignoring update for invalidated scene: (FBSceneManager):sceneID:org.ps2x.ps2entryrunner-default
2026-09-19 20:01:50.822 Df SpringBoard[26707:266d9e] [com.apple.SpringBoard:AppProtection] <BSCompoundAssertion:0x1220a6210> (SBApplicationAppProtectionAssistant: 0x11c66e140 - org.ps2x.ps2entryrunner) invalidate acq:0x121733e00 count:1
2026-09-19 20:01:50.822 Df SpringBoard[26707:266d9e] [com.apple.SpringBoard:AppProtection] Informing <APSystemAppOutlet: 0x10be25d10> that <APApplication: org.ps2x.ps2entryrunner> will become background as far as we know
2026-09-19 20:01:50.822 Df SpringBoard[26707:266d9e] [com.apple.appprotection:framework] All scenes dismissed for <APApplication: org.ps2x.ps2entryrunner>
2026-09-19 20:01:50.822 Df SpringBoard[26707:26c31b] [com.apple.UserNotifications:RemoteNotifications] [org.ps2x.ps2entryrunner] org.ps2x.ps2entryrunner application state changed to <RBSProcessState| task:none debug:none>
2026-09-19 20:01:50.822 Df SpringBoard[26707:266d9e] [com.apple.SpringBoard:AppRestrictionsOverlay] [sceneID:org.ps2x.ps2entryrunner-default] didDestroyScene
2026-09-19 20:01:50.822 Df SpringBoard[26707:266d9e] [com.apple.SpringBoard:AppRestrictionsOverlay] [sceneID:org.ps2x.ps2entryrunner-default] tearing down vc for overlay: 0x0
2026-09-19 20:01:50.822 Df SpringBoard[26707:26cd63] [com.apple.appprotection:framework] told auth provider org.ps2x.ps2entryrunner was dimissed. result:true err:(null)
2026-09-19 20:01:50.823 Df SpringBoard[26707:266d9e] [com.apple.UIKit:KBProxyForwarding] <StateMachine:0x12214fa00> Presentation environment invalidated: <_UISceneKeyboardProxyLayerForwardingPresentationScene: 0x118706ac0> Tracking scene: <FBScene: 0x121702800; (null):sceneID:org.ps2x.ps2entryrunner-default>
2026-09-19 20:01:50.823 Df SpringBoard[26707:26c31b] [com.apple.UserNotifications:RemoteNotifications] [org.ps2x.ps2entryrunner] Ignore becoming background for application without push registration
2026-09-19 20:01:50.823 Df SpringBoard[26707:266d9e] [com.apple.SpringBoard:AppSwitcher] [Main (EmbeddedDisplay)] dispatch event:
<SBSceneReadySwitcherModifierEvent: 0x11b09ccf0; type: SceneReady; appLayout: <SBAppLayout: 0x122103c60; primary: org.ps2x.ps2entryrunner:default; environment: main> {
    environment = main;
    centerConfiguration = undefined;
    preferredDisplayOrdinal = 0;
    continuousExposeIdentifier = org.ps2x.ps2entryrunner;
    layoutItems = {
        primary = <SBDisplayItem: 0x11c4fffc0; type: App; bundleIdentifier: org.ps2x.ps2entryrunner; uniqueIdentifier: sceneID:org.ps2x.ps2entryrunner-default>;
    }
}>
2026-09-19 20:01:50.823 Df SpringBoard[26707:266d9e] [com.apple.SpringBoard:Workspace] Process exited: <FBApplicationProcess: 0x11965cc00; app<org.ps2x.ps2entryrunner>:28506(v7DFD1)> -> <RBSProcessExitContext| specific, status:<RBSProcessExitStatus| domain:signal(2) code:SIGSEGV(11)>>
2026-09-19 20:01:50.823 Df SpringBoard[26707:266d9e] [com.apple.SpringBoard:Common] Application process state changed for org.ps2x.ps2entryrunner: (null)
2026-09-19 20:01:50.825 E  SpringBoard[26707:266d9e] [com.apple.FrontBoard:Scene] [(FBSceneManager):sceneID:org.ps2x.ps2entryrunner-default] Update failed: <NSError: 0x11b09c810; domain: FBSceneErrorDomain; code: 1 ("operation-failed"); "Scene update failed."> {
    NSUnderlyingError = <NSError: 0x116310b10; domain: FBWorkspaceScene; code: 1 ("send-message-failed"); "Scene update failed. Client process exited."> {
        NSUnderlyingError = <NSError: 0x10f50eac0; domain: FBProcessExit; code: 4 ("crash"); "The process crashed."> {
            NSUnderlyingError = <NSError: 0x10f50c3f0; domain: signal; code: 11; SIGSEGV(11)>;
        };
    };
}
2026-09-19 20:01:50.825 Df SpringBoard[26707:266d9e] [com.apple.FrontBoard:Scene] [(FBSceneManager):sceneID:org.ps2x.ps2entryrunner-default] Ignoring client invalidation due to token mismatch (probably due to prior deactivation). expected=0x0 received=0x1217b6580
2026-09-19 20:01:51.064 Df SpringBoard[26707:266d9e] [com.apple.SpringBoard:AppSwitcher] [Main (EmbeddedDisplay)] dispatch event:
<SBTransitionSwitcherModifierEvent: 0x11c58c000; type: MainTransition; transitionID: 5DBB5ED8-D80F-4386-AD39-94E09BD264A8; phase: Complete; animated: YES; fromAppLayout: 0x0; toAppLayout: <SBAppLayout: 0x122103c60; primary: org.ps2x.ps2entryrunner:default; environment: main>; fromEnvironmentMode: home-screen; toEnvironmentMode: application; fromSpaceConfiguration: undefined; toSpaceConfiguration: full; pendingTermination: {(
)}; morphingPIPLayoutRole: undefined; previousDesktopItems: {(
)}>
2026-09-19 20:01:51.064 Df SpringBoard[26707:266d9e] [com.apple.SpringBoard:AppSwitcher] [Main (EmbeddedDisplay)] handle response:
<SBSwitcherModifierEventResponse: 0x11b09d890> {
    <SBPreemptAnimationSwitcherEventResponse: 0x11b09ccf0>;
    <SBSwitcherModifierEventResponse: 0x11b09f2d0> {
	    <SBInvalidateAdjustedAppLayoutsSwitcherEventResponse: 0x11b09ee80>;
	    <SBSwitcherModifierEventResponse: 0x11b09da10> {
		    <SBRequestFolderSnapshotsSwitcherEventResponse: 0x11b09e9a0; snapshotRequested: NO>;
		    <SBIconOverlayVisibilitySwitcherEventResponse: 0x11b3eba80; visible: NO; appLayout: <SBAppLayout: 0x122103c60; primary: org.ps2x.ps2entryrunner:default; environment: main>>;
		    <SBIconViewVisibilitySwitcherEventResponse: 0x118718fa0; visible: YES; animationSettings: 0x0; appLayout: <SBAppLayout: 0x122103c60; primary: org.ps2x.ps2entryrunner:default; environment: main>>;
		    <SBMatchMoveToIconViewSwitcherEventResponse: 0x12167e820; active: NO; appLayout: <SBAppLayout: 0x122103c60; primary: org.ps2x.ps2entryrunner:default; environment: main>>;
		};
	};
}
2026-09-19 20:01:51.073 Df SpringBoard[26707:266d9e] [com.apple.SpringBoard:Common] Front display did change: <SBApplication: 0x121700900; org.ps2x.ps2entryrunner>
2026-09-19 20:01:51.073 Df SpringBoard[26707:266d9e] [preflight:SceneHostedPreflight] [Source: TCCs] org.ps2x.ps2entryrunner requires preflight: false
2026-09-19 20:01:51.073 Df SpringBoard[26707:266d9e] [preflight:SceneHostedPreflight] [Source: ScreenTime] org.ps2x.ps2entryrunner requires preflight: false
2026-09-19 20:01:51.084 Df SpringBoard[26707:266d9e] [com.apple.SpringBoard:ZStack] Resolved Stack (update(Switcher)) [
    Highest: ⬇ ,
    SystemAperture: ⬇ ,
    HUD: ⬇ ,
    TransientOverlayPresentation: ⬇ ,
    Switcher: ownsHomeGesture; FGActive; homeAffordanceDrawingSuppressed: N->Y; suppressedBundles: org.ps2x.ps2entryrunner->(none); suppressedScenes: 1->0,
    HomeScreen: BG->FGActive
]
2026-09-19 20:01:51.086 Df SpringBoard[26707:266d9e] [com.apple.SpringBoard:AppRestrictionsOverlay] [sceneID:org.ps2x.ps2entryrunner-default] tearing down vc for overlay: 0x0
2026-09-19 20:01:51.102 Df SpringBoard[26707:266d9e] [com.apple.SpringBoard:KeyboardFocus] _updateDeferringRules(didMoveToParentViewController) sceneID:org.ps2x.ps2entryrunner-default hasParent:NO contentState:notReady hasRule:NO wantsRule:NO
2026-09-19 20:01:51.102 Df SpringBoard[26707:266d9e] [com.apple.SpringBoard:KeyboardFocus] _updateDeferringRules(didMoveToParentViewController) outcome:(no change) sceneID:org.ps2x.ps2entryrunner-default
2026-09-19 20:01:51.102 Df SpringBoard[26707:266d9e] [com.apple.SpringBoard:AppRestrictionsOverlay] [sceneID:org.ps2x.ps2entryrunner-default] tearing down vc for overlay: 0x0
2026-09-19 20:01:51.102 Df SpringBoard[26707:266d9e] [com.apple.SpringBoard:KeyboardFocus] _updateDeferringRules(didMoveToParentViewController) sceneID:org.ps2x.ps2entryrunner-default hasParent:NO contentState:notReady hasRule:NO wantsRule:NO
2026-09-19 20:01:51.102 Df SpringBoard[26707:266d9e] [com.apple.SpringBoard:KeyboardFocus] _updateDeferringRules(didMoveToParentViewController) outcome:(no change) sceneID:org.ps2x.ps2entryrunner-default
2026-09-19 20:01:51.102 Df SpringBoard[26707:266d9e] [com.apple.SpringBoard:AppSwitcher] <SBFullScreenSwitcherLiveContentOverlayCoordinator: 0x116331400> Removing SwitcherScene overlay for: <SBAppLayout: 0x122103c60; primary: org.ps2x.ps2entryrunner:default; environment: main>, animated: NO
2026-09-19 20:01:51.104 Df SpringBoard[26707:266d9e] [com.apple.SpringBoard:AppRestrictionsOverlay] [sceneID:org.ps2x.ps2entryrunner-default] tearing down vc for overlay: 0x0
2026-09-19 20:01:55.621 E  runningboardd[26710:26cd6a] [com.apple.DynamicPrefetching:default] mark_profile_seen_this_boot: exists() failed for "/private/var/root/Library/Caches/com.apple.runningboardd/DynamicPrefetching/org.ps2x.ps2entryrunner/0.profile": Permission denied
2026-09-19 20:01:55.621 Df runningboardd[26710:26cd6a] [com.apple.DynamicPrefetching:default] end_scenario_internal: first launch after boot for bundleid org.ps2x.ps2entryrunner scenario Launch — discarded 0 pageins, refreshed profile mtime
