getpwuid_r did not find a match for uid 501
Timestamp               Ty Process[PID:TID]
2026-09-19 19:58:08.187 Df CoreSimulatorBridge[26737:266e07] Request received for installation with info of file:///Volumes/Extreme%20SSD/ps2x-i6/ios-runtime-rel/ps2xRuntime/Release-iphonesimulator/ps2EntryRunner.app/ with options: {
    PackageType = Developer;
    SimulatorRootPath = "/private/var/run/com.apple.security.cryptexd/mnt/com.apple.iPhoneOS.SimulatorRuntime-v24.1.434.0.5sKIUJ/Library/Developer/CoreSimulator/Profiles/Runtimes/iOS 27.0.simruntime/Contents/Resources/RuntimeRoot";
    SimulatorUserPath = "/Users/bradrichardson/Library/Developer/CoreSimulator/Devices/4DE6C37C-77EF-45AE-827E-26286E68D022/data";
}
2026-09-19 19:58:08.188 Df CoreSimulatorBridge[26737:266e07] [com.apple.installcoordination:framework] +[IXAppInstallCoordinator(IXSimpleInstaller) _beginInstallForURL:forPersonaUniqueString:consumeSource:options:progressBlock:completionWithIdentity:]: Beginning install for /Volumes/Extreme SSD/ps2x-i6/ios-runtime-rel/ps2xRuntime/Release-iphonesimulator/ps2EntryRunner.app consuming source:N options:{
    IsUserInitiated = 1;
    PackageType = Developer;
} installationRequestorAuditToken: NULL
2026-09-19 19:58:08.203 Df installcoordinationd[27014:267bce] [com.apple.installcoordination:daemon] -[IXSDataPromiseManager registerPromise:]: Registered promise <IXSPlaceholder(0x101968640) Name:App Placeholder: ps2EntryRunner (org.ps2x.ps2entryrunner) Creator:InstallCoordination Simple SPI UUID:9499FCEB-5A68-4987-BD7E-DD702A1E6C33 Location:[system-defined]> for UUID 9499FCEB-5A68-4987-BD7E-DD702A1E6C33
2026-09-19 19:58:08.205 Df installcoordinationd[27014:267bce] [com.apple.installcoordination:daemon] -[IXSPlaceholder setAttributes:]: <IXSPlaceholder(0x101968640) Name:App Placeholder: ps2EntryRunner (org.ps2x.ps2entryrunner) Creator:InstallCoordination Simple SPI UUID:9499FCEB-5A68-4987-BD7E-DD702A1E6C33 Location:[system-defined]>: setting placeholder attributes to <IXPlaceholderAttributes<0x1018c8aa0> : {
    CFBundleSupportedPlatforms =     (
        iPhoneSimulator
    );
    DTPlatformName = iphonesimulator;
    MinimumOSVersion = "27.0";
    UIDeviceFamily =     (
        1
    );
}>
2026-09-19 19:58:08.209 Df installcoordinationd[27014:267bce] [com.apple.installcoordination:daemon] -[IXSDataPromise _setPercentComplete:saveStateIfNeeded:]: Progress: <IXSPromisedInMemoryDictionary(0x101911100) Name:Entitlements Promise for org.ps2x.ps2entryrunner Creator:InstallCoordination Simple SPI UUID:98803F0E-7C91-4F41-AC9F-16DDC0C65EE3 Location:[system-defined]>
2026-09-19 19:58:08.209 Df installcoordinationd[27014:267bce] [com.apple.installcoordination:daemon] -[IXSDataPromiseManager registerPromise:]: Registered promise <IXSPromisedInMemoryDictionary(0x101911100) Name:Entitlements Promise for org.ps2x.ps2entryrunner Creator:InstallCoordination Simple SPI UUID:98803F0E-7C91-4F41-AC9F-16DDC0C65EE3 Location:[system-defined]> for UUID 98803F0E-7C91-4F41-AC9F-16DDC0C65EE3
2026-09-19 19:58:08.209 Df installcoordinationd[27014:267c5b] [com.apple.installcoordination:daemon] -[IXSDataPromiseManager promiseDidBegin:]: Unowned promise began: <IXSPromisedInMemoryDictionary(0x101911100) Name:Entitlements Promise for org.ps2x.ps2entryrunner Creator:InstallCoordination Simple SPI UUID:98803F0E-7C91-4F41-AC9F-16DDC0C65EE3 Location:[system-defined]>
2026-09-19 19:58:08.209 Df installcoordinationd[27014:267c5b] [com.apple.installcoordination:daemon] -[IXSDataPromiseManager promise:didUpdateProgress:]: Unowned promise update progress to 1.000000 : <IXSPromisedInMemoryDictionary(0x101911100) Name:Entitlements Promise for org.ps2x.ps2entryrunner Creator:InstallCoordination Simple SPI UUID:98803F0E-7C91-4F41-AC9F-16DDC0C65EE3 Location:[system-defined]>
2026-09-19 19:58:08.209 Df installcoordinationd[27014:267c5b] [com.apple.installcoordination:daemon] -[IXSDataPromiseManager promiseDidComplete:]: Unowned promise completed: <IXSPromisedInMemoryDictionary(0x101911100) Name:Entitlements Promise for org.ps2x.ps2entryrunner Creator:InstallCoordination Simple SPI UUID:98803F0E-7C91-4F41-AC9F-16DDC0C65EE3 Location:[system-defined]>
2026-09-19 19:58:08.210 Df installcoordinationd[27014:267c5b] [com.apple.installcoordination:daemon] -[IXSPlaceholder setEntitlements:]: <IXSPlaceholder(0x101968640) Name:App Placeholder: ps2EntryRunner (org.ps2x.ps2entryrunner) Creator:InstallCoordination Simple SPI UUID:9499FCEB-5A68-4987-BD7E-DD702A1E6C33 Location:[system-defined]>: setting entitlements promise to <IXSPromisedInMemoryDictionary(0x101911100) Name:Entitlements Promise for org.ps2x.ps2entryrunner Creator:InstallCoordination Simple SPI UUID:98803F0E-7C91-4F41-AC9F-16DDC0C65EE3 Location:[system-defined]>
2026-09-19 19:58:08.212 Df installcoordinationd[27014:267c5b] [com.apple.installcoordination:daemon] -[IXSDataPromiseManager promiseDidBegin:]: Unowned promise began: <IXSPlaceholder(0x101968640) Name:App Placeholder: ps2EntryRunner (org.ps2x.ps2entryrunner) Creator:InstallCoordination Simple SPI UUID:9499FCEB-5A68-4987-BD7E-DD702A1E6C33 Location:[system-defined]>
2026-09-19 19:58:08.212 Df installcoordinationd[27014:267c5b] [com.apple.installcoordination:daemon] -[IXSDataPromiseManager promise:didUpdateProgress:]: Unowned promise update progress to 0.000000 : <IXSPlaceholder(0x101968640) Name:App Placeholder: ps2EntryRunner (org.ps2x.ps2entryrunner) Creator:InstallCoordination Simple SPI UUID:9499FCEB-5A68-4987-BD7E-DD702A1E6C33 Location:[system-defined]>
2026-09-19 19:58:08.212 Df CoreSimulatorBridge[26737:267c63] [com.apple.installcoordination:framework] +[IXPlaceholder _placeholderForBundle:client:withParent:installType:metadata:placeholderType:mayBeDeltaPackage:isFromSerializedPlaceholder:location:error:]: Using full fidelity icons for org.ps2x.ps2entryrunner at /Volumes/Extreme SSD/ps2x-i6/ios-runtime-rel/ps2xRuntime/Release-iphonesimulator/ps2EntryRunner.app
2026-09-19 19:58:08.214 Df installcoordinationd[27014:267bce] [com.apple.installcoordination:daemon] -[IXSDataPromiseManager registerPromise:]: Registered promise <IXSPromisedTransferToPath(0x101911280) Name:Icon resources for org.ps2x.ps2entryrunner Creator:InstallCoordination Simple SPI UUID:4BBDD5A0-5E3B-4E07-B063-FE299C5DDCEA Location:[system-defined]> for UUID 4BBDD5A0-5E3B-4E07-B063-FE299C5DDCEA
2026-09-19 19:58:08.218 Df installcoordinationd[27014:267bce] [com.apple.installcoordination:daemon] -[IXSDataPromise cancelForReason:client:error:]: <IXSPromisedTransferToPath(0x101911280) Name:Icon resources for org.ps2x.ps2entryrunner Creator:InstallCoordination Simple SPI UUID:4BBDD5A0-5E3B-4E07-B063-FE299C5DDCEA Location:[system-defined]> : canceled by client 15 for reason Error Domain=IXErrorDomain Code=1 "No icon found for bundle org.ps2x.ps2entryrunner at /Volumes/Extreme SSD/ps2x-i6/ios-runtime-rel/ps2xRuntime/Release-iphonesimulator/ps2EntryRunner.app; skipping icon resources promise" UserInfo={NSLocalizedFailureReason=Internal error., FunctionName=+[IXPlaceholder _placeholderForBundle:client:withParent:installType:metadata:placeholderType:mayBeDeltaPackage:isFromSerializedPlaceholder:location:error:], SourceFileLine=927, NSLocalizedDescription=No icon found for bundle org.ps2x.ps2entryrunner at /Volumes/Extreme SSD/ps2x-i6/ios-runtime-rel/ps2xRuntime/Release-iphonesimulator/ps2EntryRunner.app; skipping icon resources promise}
2026-09-19 19:58:08.218 Df installcoordinationd[27014:267bce] [com.apple.installcoordination:daemon] -[IXSDataPromise decommission]: Decommissioning <IXSPromisedTransferToPath(0x101911280) Name:Icon resources for org.ps2x.ps2entryrunner Creator:InstallCoordination Simple SPI UUID:4BBDD5A0-5E3B-4E07-B063-FE299C5DDCEA Location:[system-defined]>
2026-09-19 19:58:08.218 Df installcoordinationd[27014:267bce] [com.apple.installcoordination:daemon] -[IXSDataPromiseManager promise:didCancelForReason:client:]: Unowned promise <IXSPromisedTransferToPath(0x101911280) Name:Icon resources for org.ps2x.ps2entryrunner Creator:InstallCoordination Simple SPI UUID:4BBDD5A0-5E3B-4E07-B063-FE299C5DDCEA Location:[system-defined]> canceled for reason: Error Domain=IXErrorDomain Code=1 "No icon found for bundle org.ps2x.ps2entryrunner at /Volumes/Extreme SSD/ps2x-i6/ios-runtime-rel/ps2xRuntime/Release-iphonesimulator/ps2EntryRunner.app; skipping icon resources promise" UserInfo={NSLocalizedFailureReason=Internal error., FunctionName=+[IXPlaceholder _placeholderForBundle:client:withParent:installType:metadata:placeholderType:mayBeDeltaPackage:isFromSerializedPlaceholder:location:error:], SourceFileLine=927, NSLocalizedDescription=No icon found for bundle org.ps2x.ps2entryrunner at /Volumes/Extreme SSD/ps2x-i6/ios-runtime-rel/ps2xRuntime/Release-iphonesimulator/ps2EntryRunner.app; skipping icon resources promise} client: 15
2026-09-19 19:58:08.221 Df installcoordinationd[27014:267c5b] [com.apple.installcoordination:daemon] -[IXSDataPromise _setPercentComplete:saveStateIfNeeded:]: Progress: <IXSPromisedInMemoryDictionary(0x101911280) Name:Localizations for org.ps2x.ps2entryrunner Creator:InstallCoordination Simple SPI UUID:2447F532-15BD-4B0E-BF66-F6C6E3B6100D Location:[system-defined]>
2026-09-19 19:58:08.221 Df installcoordinationd[27014:267c5b] [com.apple.installcoordination:daemon] -[IXSDataPromiseManager registerPromise:]: Registered promise <IXSPromisedInMemoryDictionary(0x101911280) Name:Localizations for org.ps2x.ps2entryrunner Creator:InstallCoordination Simple SPI UUID:2447F532-15BD-4B0E-BF66-F6C6E3B6100D Location:[system-defined]> for UUID 2447F532-15BD-4B0E-BF66-F6C6E3B6100D
2026-09-19 19:58:08.221 Df installcoordinationd[27014:267bce] [com.apple.installcoordination:daemon] -[IXSDataPromiseManager promiseDidBegin:]: Unowned promise began: <IXSPromisedInMemoryDictionary(0x101911280) Name:Localizations for org.ps2x.ps2entryrunner Creator:InstallCoordination Simple SPI UUID:2447F532-15BD-4B0E-BF66-F6C6E3B6100D Location:[system-defined]>
2026-09-19 19:58:08.221 Df installcoordinationd[27014:267bce] [com.apple.installcoordination:daemon] -[IXSDataPromiseManager promise:didUpdateProgress:]: Unowned promise update progress to 1.000000 : <IXSPromisedInMemoryDictionary(0x101911280) Name:Localizations for org.ps2x.ps2entryrunner Creator:InstallCoordination Simple SPI UUID:2447F532-15BD-4B0E-BF66-F6C6E3B6100D Location:[system-defined]>
2026-09-19 19:58:08.221 Df installcoordinationd[27014:267bce] [com.apple.installcoordination:daemon] -[IXSDataPromiseManager promiseDidComplete:]: Unowned promise completed: <IXSPromisedInMemoryDictionary(0x101911280) Name:Localizations for org.ps2x.ps2entryrunner Creator:InstallCoordination Simple SPI UUID:2447F532-15BD-4B0E-BF66-F6C6E3B6100D Location:[system-defined]>
2026-09-19 19:58:08.222 Df installcoordinationd[27014:267c5b] [com.apple.installcoordination:daemon] -[IXSPlaceholder setLocalizationDictionaryPromise:]: <IXSPlaceholder(0x101968640) Name:App Placeholder: ps2EntryRunner (org.ps2x.ps2entryrunner) Creator:InstallCoordination Simple SPI UUID:9499FCEB-5A68-4987-BD7E-DD702A1E6C33 Location:[system-defined]>: setting localization dict promise to <IXSPromisedInMemoryDictionary(0x101911280) Name:Localizations for org.ps2x.ps2entryrunner Creator:InstallCoordination Simple SPI UUID:2447F532-15BD-4B0E-BF66-F6C6E3B6100D Location:[system-defined]>
2026-09-19 19:58:08.223 Df installcoordinationd[27014:267c65] [com.apple.installcoordination:daemon] -[IXSDataPromiseManager promise:didUpdateProgress:]: Unowned promise update progress to 0.000000 : <IXSPlaceholder(0x101968640) Name:App Placeholder: ps2EntryRunner (org.ps2x.ps2entryrunner) Creator:InstallCoordination Simple SPI UUID:9499FCEB-5A68-4987-BD7E-DD702A1E6C33 Location:[system-defined]>
2026-09-19 19:58:08.224 Df installcoordinationd[27014:267c65] [com.apple.installcoordination:daemon] -[IXSPlaceholder setConfigurationComplete:]: <IXSPlaceholder(0x101968640) Name:App Placeholder: ps2EntryRunner (org.ps2x.ps2entryrunner) Creator:InstallCoordination Simple SPI UUID:9499FCEB-5A68-4987-BD7E-DD702A1E6C33 Location:[system-defined]>: setting configuration complete to Y
2026-09-19 19:58:08.225 Df installcoordinationd[27014:267c65] [com.apple.installcoordination:daemon] -[IXSPlaceholder _materialize]: <IXSPlaceholder(0x101968640) Name:App Placeholder: ps2EntryRunner (org.ps2x.ps2entryrunner) Creator:InstallCoordination Simple SPI UUID:9499FCEB-5A68-4987-BD7E-DD702A1E6C33 Location:[system-defined]>: Materializing placeholder at /Users/bradrichardson/Library/Developer/CoreSimulator/Devices/4DE6C37C-77EF-45AE-827E-26286E68D022/data/Containers/Shared/SystemGroup/systemgroup.com.apple.installcoordinationd/Library/InstallCoordination/PromiseStaging/9499FCEB-5A68-4987-BD7E-DD702A1E6C33/ps2EntryRunner.app
2026-09-19 19:58:08.225 Df installcoordinationd[27014:267c65] [com.apple.installcoordination:daemon] -[IXSPlaceholder _materialize]_block_invoke: <IXSPlaceholder(0x101968640) Name:App Placeholder: ps2EntryRunner (org.ps2x.ps2entryrunner) Creator:InstallCoordination Simple SPI UUID:9499FCEB-5A68-4987-BD7E-DD702A1E6C33 Location:[system-defined]>: Added entitlements
2026-09-19 19:58:08.225 Df installcoordinationd[27014:267c65] [com.apple.installcoordination:daemon] -[IXSPlaceholder _materialize]: <IXSPlaceholder(0x101968640) Name:App Placeholder: ps2EntryRunner (org.ps2x.ps2entryrunner) Creator:InstallCoordination Simple SPI UUID:9499FCEB-5A68-4987-BD7E-DD702A1E6C33 Location:[system-defined]>: Including lproj localizations for (
)
2026-09-19 19:58:08.226 Df installcoordinationd[27014:267bce] [com.apple.installcoordination:daemon] -[IXSDataPromiseManager promiseDidComplete:]: Unowned promise completed: <IXSPlaceholder(0x101968640) Name:App Placeholder: ps2EntryRunner (org.ps2x.ps2entryrunner) Creator:InstallCoordination Simple SPI UUID:9499FCEB-5A68-4987-BD7E-DD702A1E6C33 Location:[system-defined]>
2026-09-19 19:58:08.226 Df com.apple.MobileInstallationHelperService[27025:267c56] (MobileSystemServices) 0x16b8cb000 -[MobileInstallationHelperService volumeUUIDForURL:completion:]: 2719: Path /Volumes/Extreme SSD/ps2x-i6/ios-runtime-rel/ps2xRuntime/Release-iphonesimulator/ps2EntryRunner.app is present on a non APFS formatted volume
2026-09-19 19:58:08.228 Df installcoordinationd[27014:267bce] [com.apple.installcoordination:daemon] -[IXSDataPromiseManager registerPromise:]: Registered promise <IXSPromisedTransferToPath(0x101910f00) Name:App Asset: org.ps2x.ps2entryrunner Creator:InstallCoordination Simple SPI UUID:E28DA2B6-CC58-448C-8B84-970661F983DE Location:[system-defined]> for UUID E28DA2B6-CC58-448C-8B84-970661F983DE
2026-09-19 19:58:08.235 Df installcoordinationd[27014:267bce] [com.apple.installcoordination:daemon] -[IXSCoordinatorManager coordinatorForIdentity:connection:error:creatingIfNotExisting:]_block_invoke: Registered coordinator: <IXSCoordinatedAppInstall<0x101a10000> [P=CoreSimulatorBridge (pid 26737)] identifier:[org.ps2x.ps2entryrunner/Invalid/[system-defined]] uuid:DAEA2CED-8F91-4A20-89D8-82F51339EF44 intent:IXCoordinatorIntentInitiating creator/appDRI:InstallCoordination Simple SPI importance:Background state:IXAppCoordinationStatePlaceholderPromiseNotSet promise-state:01234>
2026-09-19 19:58:08.235 Df installcoordinationd[27014:267bce] [com.apple.appinstallation:TransactionLog] org.ps2x.ps2entryrunner/Unknown Persona:4:1:1:1:Created coordinator with intent IXCoordinatorIntentInitiating for client InstallCoordination Simple SPI
2026-09-19 19:58:08.236 Df installcoordinationd[27014:267bce] [com.apple.installcoordination:daemon] -[IXSCoordinatedAppInstall setPriorityBoostCompletion:withSourceInfo:]: <IXSCoordinatedAppInstall<0x101a10000> [P=CoreSimulatorBridge (pid 26737)] identifier:[org.ps2x.ps2entryrunner/Invalid/[system-defined]] uuid:DAEA2CED-8F91-4A20-89D8-82F51339EF44 intent:IXCoordinatorIntentInitiating creator/appDRI:InstallCoordination Simple SPI importance:Background state:IXAppCoordinationStatePlaceholderPromiseNotSet promise-state:01234>: Retaining completion from CoreSimulatorBridge (26737), QOS_CLASS_DEFAULT (0x15)
2026-09-19 19:58:08.237 Df installcoordinationd[27014:267bce] [com.apple.installcoordination:daemon] -[IXSCoordinatedAppInstall _onQueue_fireObserversForClient:]: <IXSCoordinatedAppInstall<0x101a10000> [P=CoreSimulatorBridge (pid 26737)] identifier:[org.ps2x.ps2entryrunner/Invalid/[system-defined]] uuid:DAEA2CED-8F91-4A20-89D8-82F51339EF44 intent:IXCoordinatorIntentInitiating creator/appDRI:InstallCoordination Simple SPI importance:Background state:IXAppCoordinationStatePlaceholderPromiseNotSet promise-state:01234>: Firing applicable observers for client <IXSClientConnection<0x101850660> client:CoreSimulatorBridge (pid 26737) uuid:1FD42E38-2A8C-439D-B3A4-39910A6A2F32>
2026-09-19 19:58:08.237 Df installcoordinationd[27014:267bce] [com.apple.installcoordination:daemon] -[IXSCoordinatedAppInstall setImportance:]: <IXSCoordinatedAppInstall<0x101a10000> [P=CoreSimulatorBridge (pid 26737)] identifier:[org.ps2x.ps2entryrunner/Invalid/[system-defined]] uuid:DAEA2CED-8F91-4A20-89D8-82F51339EF44 intent:IXCoordinatorIntentInitiating creator/appDRI:InstallCoordination Simple SPI importance:UserWaiting state:IXAppCoordinationStatePlaceholderPromiseNotSet promise-state:01234>: set importance to UserWaiting
2026-09-19 19:58:08.237 Df CoreSimulatorBridge[26737:267c64] [com.apple.installcoordination:framework] -[IXAppInstallCoordinator _clientDelegate_didRegisterForObservation]: <IXInitiatingAppInstallCoordinator<0x105878680> identity:[org.ps2x.ps2entryrunner/Invalid/[system-defined]] uuid:DAEA2CED-8F91-4A20-89D8-82F51339EF44 creator:InstallCoordination Simple SPI>: Got observer registration delegate
2026-09-19 19:58:08.237 Df CoreSimulatorBridge[26737:267c64] [com.apple.installcoordination:framework] -[IXAppInstallCoordinator _clientDelegate_shouldResume]: <IXInitiatingAppInstallCoordinator<0x105878680> identity:[org.ps2x.ps2entryrunner/Invalid/[system-defined]] uuid:DAEA2CED-8F91-4A20-89D8-82F51339EF44 creator:InstallCoordination Simple SPI>: Got should resume delegate
2026-09-19 19:58:08.237 Df CoreSimulatorBridge[26737:267c64] [com.apple.installcoordination:framework] -[IXAppInstallCoordinator _clientDelegate_didRegisterForObservation]_block_invoke: <IXInitiatingAppInstallCoordinator<0x105878680> identity:[org.ps2x.ps2entryrunner/Invalid/[system-defined]] uuid:DAEA2CED-8F91-4A20-89D8-82F51339EF44 creator:InstallCoordination Simple SPI>: Observer <_IXSimpleInstallerDelegate 0x0x105854ea0> does not respond to coordinatorDidRegisterForObservation:
2026-09-19 19:58:08.237 Df CoreSimulatorBridge[26737:267c64] [com.apple.installcoordination:framework] -[IXAppInstallCoordinator _clientDelegate_shouldResume]_block_invoke: <IXInitiatingAppInstallCoordinator<0x105878680> identity:[org.ps2x.ps2entryrunner/Invalid/[system-defined]] uuid:DAEA2CED-8F91-4A20-89D8-82F51339EF44 creator:InstallCoordination Simple SPI>: Observer <_IXSimpleInstallerDelegate 0x0x105854ea0> does not respond to coordinatorShouldResume:
2026-09-19 19:58:08.238 Df installcoordinationd[27014:267bce] [com.apple.installcoordination:daemon] -[IXSCoordinatedAppInstall setPriorityBoostCompletion:withSourceInfo:]: <IXSCoordinatedAppInstall<0x101a10000> [P=CoreSimulatorBridge (pid 26737)] identifier:[org.ps2x.ps2entryrunner/Invalid/[system-defined]] uuid:DAEA2CED-8F91-4A20-89D8-82F51339EF44 intent:IXCoordinatorIntentInitiating creator/appDRI:InstallCoordination Simple SPI importance:UserWaiting state:IXAppCoordinationStatePlaceholderPromiseNotSet promise-state:01234>: Disposing of completion from CoreSimulatorBridge (26737), QOS_CLASS_DEFAULT (0x15)
2026-09-19 19:58:08.238 Df installcoordinationd[27014:267bce] [com.apple.installcoordination:daemon] -[IXSCoordinatedAppInstall setPriorityBoostCompletion:withSourceInfo:]: <IXSCoordinatedAppInstall<0x101a10000> [P=CoreSimulatorBridge (pid 26737)] identifier:[org.ps2x.ps2entryrunner/Invalid/[system-defined]] uuid:DAEA2CED-8F91-4A20-89D8-82F51339EF44 intent:IXCoordinatorIntentInitiating creator/appDRI:InstallCoordination Simple SPI importance:UserWaiting state:IXAppCoordinationStatePlaceholderPromiseNotSet promise-state:01234>: Retaining completion from CoreSimulatorBridge (26737), QOS_CLASS_DEFAULT (0x15)
2026-09-19 19:58:08.241 Df installcoordinationd[27014:267bce] [com.apple.installcoordination:daemon] -[IXSCoordinatedAppInstall _internal_setInstallOptionsPromise:performExternalActions:]: <IXSCoordinatedAppInstall<0x101a10000> [P=CoreSimulatorBridge (pid 26737)] identifier:[org.ps2x.ps2entryrunner/Invalid/[system-defined]] uuid:DAEA2CED-8F91-4A20-89D8-82F51339EF44 intent:IXCoordinatorIntentInitiating creator/appDRI:InstallCoordination Simple SPI importance:UserWaiting state:IXAppCoordinationStatePlaceholderPromiseNotSet promise-state:012I4> : install options set: <IXSPromisedInMemoryData(0x101911900) Name:MIInstallOptions data Creator:Install Coordination Internal UUID:EECD1EB5-CA26-42E3-B686-201D3AF0988C Location:[system-defined]>
2026-09-19 19:58:08.241 Df installcoordinationd[27014:267c5b] [com.apple.installcoordination:daemon] -[IXSCoordinatedAppInstall promiseDidComplete:]: <IXSCoordinatedAppInstall<0x101a10000> [P=CoreSimulatorBridge (pid 26737)] identifier:[org.ps2x.ps2entryrunner/Invalid/[system-defined]] uuid:DAEA2CED-8F91-4A20-89D8-82F51339EF44 intent:IXCoordinatorIntentInitiating creator/appDRI:InstallCoordination Simple SPI importance:UserWaiting state:IXAppCoordinationStatePlaceholderPromiseNotSet promise-state:012I4> : Promise completed: <IXSPromisedInMemoryData(0x101911900) Name:MIInstallOptions data Creator:Install Coordination Internal UUID:EECD1EB5-CA26-42E3-B686-201D3AF0988C Location:[system-defined]>
2026-09-19 19:58:08.242 Df installcoordinationd[27014:267c5b] [com.apple.appinstallation:TransactionLog] org.ps2x.ps2entryrunner/Unknown Persona:4:13:1:1:Install Options Promise began. Coordinator State: IXAppCoordinationStatePlaceholderPromiseNotSet
2026-09-19 19:58:08.242 Df installcoordinationd[27014:267c5b] [com.apple.appinstallation:TransactionLog] org.ps2x.ps2entryrunner/Unknown Persona:4:13:2:1:Install Options Promise completed. Coordinator State: IXAppCoordinationStatePlaceholderPromiseNotSet
2026-09-19 19:58:08.242 Df installcoordinationd[27014:267bce] [com.apple.installcoordination:daemon] -[IXSCoordinatedAppInstall _internal_setAppAssetPromise:performExternalActions:]: <IXSCoordinatedAppInstall<0x101a10000> [P=CoreSimulatorBridge (pid 26737)] identifier:[org.ps2x.ps2entryrunner/Invalid/[system-defined]] uuid:DAEA2CED-8F91-4A20-89D8-82F51339EF44 intent:IXCoordinatorIntentInitiating creator/appDRI:InstallCoordination Simple SPI importance:UserWaiting state:IXAppCoordinationStatePlaceholderPromiseNotSet promise-state:0a2I4> : App Asset Promise set: <IXSPromisedTransferToPath(0x101910f00) Name:App Asset: org.ps2x.ps2entryrunner Creator:InstallCoordination Simple SPI UUID:E28DA2B6-CC58-448C-8B84-970661F983DE Location:[system-defined]>
2026-09-19 19:58:08.243 Df installcoordinationd[27014:267c65] [com.apple.installcoordination:daemon] -[IXSCoordinatedAppInstall setInitialODRAssetPromises:]: <IXSCoordinatedAppInstall<0x101a10000> [P=CoreSimulatorBridge (pid 26737)] identifier:[org.ps2x.ps2entryrunner/Invalid/[system-defined]] uuid:DAEA2CED-8F91-4A20-89D8-82F51339EF44 intent:IXCoordinatorIntentInitiating creator/appDRI:InstallCoordination Simple SPI importance:UserWaiting state:IXAppCoordinationStatePlaceholderPromiseNotSet promise-state:0a2I4> : Initial ODR Asset Promises set: (
)
2026-09-19 19:58:08.458 Df CoreSimulatorBridge[26737:267c63] [com.apple.installcoordination:framework] -[IXPromisedTransferToPath setComplete:]: <IXPromisedTransferToPath<0x105878fc0> name:"App Asset: org.ps2x.ps2entryrunner" uuid:E28DA2B6-CC58-448C-8B84-970661F983DE creator:"InstallCoordination Simple SPI" location:[system-defined]> Copy operation from /Volumes/Extreme SSD/ps2x-i6/ios-runtime-rel/ps2xRuntime/Release-iphonesimulator/ps2EntryRunner.app to /Users/bradrichardson/Library/Developer/CoreSimulator/Devices/4DE6C37C-77EF-45AE-827E-26286E68D022/data/Containers/Shared/SystemGroup/systemgroup.com.apple.installcoordinationd/Library/InstallCoordination/PromiseStaging/E28DA2B6-CC58-448C-8B84-970661F983DE/ps2EntryRunner.app took 0.213398 seconds
2026-09-19 19:58:08.459 Df installcoordinationd[27014:267c65] [com.apple.installcoordination:daemon] -[IXSDataPromise _setPercentComplete:saveStateIfNeeded:]: Progress: <IXSPromisedTransferToPath(0x101910f00) Name:App Asset: org.ps2x.ps2entryrunner Creator:InstallCoordination Simple SPI UUID:E28DA2B6-CC58-448C-8B84-970661F983DE Location:[system-defined]>
2026-09-19 19:58:08.459 Df installcoordinationd[27014:267bce] [com.apple.appinstallation:TransactionLog] org.ps2x.ps2entryrunner/Unknown Persona:4:10:1:1:App Asset Promise began. Coordinator State: IXAppCoordinationStatePlaceholderPromiseNotSet
2026-09-19 19:58:08.459 Df CoreSimulatorBridge[26737:267c64] [com.apple.installcoordination:framework] -[IXAppInstallCoordinator _clientDelegate_promiseDidBeginFulfillmentWithIdentifier:]: <IXInitiatingAppInstallCoordinator<0x105878680> identity:[org.ps2x.ps2entryrunner/Invalid/[system-defined]] uuid:DAEA2CED-8F91-4A20-89D8-82F51339EF44 creator:InstallCoordination Simple SPI>: Got promise did begin fulfillment for identifier 2
2026-09-19 19:58:08.459 Df installcoordinationd[27014:267c65] [com.apple.installcoordination:daemon] -[IXSCoordinatedAppInstall promiseDidComplete:]: <IXSCoordinatedAppInstall<0x101a10000> [P=CoreSimulatorBridge (pid 26737)] identifier:[org.ps2x.ps2entryrunner/Invalid/[system-defined]] uuid:DAEA2CED-8F91-4A20-89D8-82F51339EF44 intent:IXCoordinatorIntentInitiating creator/appDRI:InstallCoordination Simple SPI importance:UserWaiting state:IXAppCoordinationStatePlaceholderPromiseNotSet promise-state:0A2I4> : Promise completed: <IXSPromisedTransferToPath(0x101910f00) Name:App Asset: org.ps2x.ps2entryrunner Creator:InstallCoordination Simple SPI UUID:E28DA2B6-CC58-448C-8B84-970661F983DE Location:[system-defined]>
2026-09-19 19:58:08.459 Df CoreSimulatorBridge[26737:267c64] [com.apple.installcoordination:framework] -[IXAppInstallCoordinator _clientDelegate_promiseDidBeginFulfillmentWithIdentifier:]_block_invoke: <IXInitiatingAppInstallCoordinator<0x105878680> identity:[org.ps2x.ps2entryrunner/Invalid/[system-defined]] uuid:DAEA2CED-8F91-4A20-89D8-82F51339EF44 creator:InstallCoordination Simple SPI>: Observer <_IXSimpleInstallerDelegate 0x0x105854ea0> does not respond to coordinator:configuredPromiseDidBeginFulfillment: (or any deprecated equivalent)
2026-09-19 19:58:08.460 Df installcoordinationd[27014:267c65] [com.apple.appinstallation:TransactionLog] org.ps2x.ps2entryrunner/Unknown Persona:4:10:2:1:App Asset Promise completed. Coordinator State: IXAppCoordinationStatePlaceholderPromiseNotSet
2026-09-19 19:58:08.460 Df CoreSimulatorBridge[26737:267c66] [com.apple.installcoordination:framework] -[IXAppInstallCoordinator _clientDelegate_didUpdateProgress:forPhase:overallProgress:]: <IXInitiatingAppInstallCoordinator<0x105878680> identity:[org.ps2x.ps2entryrunner/Invalid/[system-defined]] uuid:DAEA2CED-8F91-4A20-89D8-82F51339EF44 creator:InstallCoordination Simple SPI>: Got did update progress delegate with percentComplete 100.000000 phase IXCoordinatorProgressPhaseLoading overallProgress 60.000000
2026-09-19 19:58:08.460 Df CoreSimulatorBridge[26737:267c66] [com.apple.installcoordination:framework] -[IXAppInstallCoordinator _clientDelegate_didUpdateProgress:forPhase:overallProgress:]_block_invoke: <IXInitiatingAppInstallCoordinator<0x105878680> identity:[org.ps2x.ps2entryrunner/Invalid/[system-defined]] uuid:DAEA2CED-8F91-4A20-89D8-82F51339EF44 creator:InstallCoordination Simple SPI>: Calling selector coordinator:didUpdateProgress:forPhase:overallProgress: on observer <_IXSimpleInstallerDelegate 0x0x105854ea0>
2026-09-19 19:58:08.460 Df installcoordinationd[27014:267bce] [com.apple.installcoordination:daemon] -[IXSCoordinatedAppInstall setPlaceholderPromise:]: <IXSCoordinatedAppInstall<0x101a10000> [P=CoreSimulatorBridge (pid 26737)] identifier:[org.ps2x.ps2entryrunner/Invalid/[system-defined]] uuid:DAEA2CED-8F91-4A20-89D8-82F51339EF44 intent:IXCoordinatorIntentInitiating creator/appDRI:InstallCoordination Simple SPI importance:UserWaiting state:IXAppCoordinationStateReadyForPlaceholderInstall promise-state:PA2I4> : Placeholder Promise set: <IXSPlaceholder(0x101968640) Name:App Placeholder: ps2EntryRunner (org.ps2x.ps2entryrunner) Creator:InstallCoordination Simple SPI UUID:9499FCEB-5A68-4987-BD7E-DD702A1E6C33 Location:[system-defined]>
2026-09-19 19:58:08.460 Df installcoordinationd[27014:267c5b] [com.apple.installcoordination:daemon] -[IXSCoordinatedAppInstall promiseDidComplete:]: <IXSCoordinatedAppInstall<0x101a10000> [P=CoreSimulatorBridge (pid 26737)] identifier:[org.ps2x.ps2entryrunner/Invalid/[system-defined]] uuid:DAEA2CED-8F91-4A20-89D8-82F51339EF44 intent:IXCoordinatorIntentInitiating creator/appDRI:InstallCoordination Simple SPI importance:UserWaiting state:IXAppCoordinationStateReadyForPlaceholderInstall promise-state:PA2I4> : Promise completed: <IXSPlaceholder(0x101968640) Name:App Placeholder: ps2EntryRunner (org.ps2x.ps2entryrunner) Creator:InstallCoordination Simple SPI UUID:9499FCEB-5A68-4987-BD7E-DD702A1E6C33 Location:[system-defined]>
2026-09-19 19:58:08.461 Df installcoordinationd[27014:267bce] [com.apple.installcoordination:daemon] -[IXSCoordinatedAppInstall _onQueue_acquireAssertionAndInstallPlaceholder]: Acquiring termination assertion to install placeholder for [org.ps2x.ps2entryrunner/Invalid/[system-defined]]
2026-09-19 19:58:08.461 Df installcoordinationd[27014:267bce] [com.apple.installcoordination:daemon] -[IXSPendingOperationsTracker beginPendingOperationForIdentity:]_block_invoke: Beginning pending operation for [org.ps2x.ps2entryrunner/Invalid/[system-defined]]
2026-09-19 19:58:08.469 Df runningboardd[26710:26766b] [com.apple.runningboard:connection] Received termination request from [osservice<com.apple.installcoordinationd>:27014] on <RBSProcessPredicate <RBSProcessBundleIdentifierPredicate "org.ps2x.ps2entryrunner">> with context <RBSTerminateContext| explanation:installcoordinationd app:[org.ps2x.ps2entryrunner/Invalid/[system-defined]] uuid:DAEA2CED-8F91-4A20-89D8-82F51339EF44 isPlaceholder:Y reportType:None maxTerminationResistance:Absolute attrs:[
	<RBSPreventLaunchLimitation| <RBSProcessPredicate <RBSProcessBundleIdentifierPredicate "org.ps2x.ps2entryrunner">> allow:(null)>
	]>
2026-09-19 19:58:08.470 Df runningboardd[26710:266e4a] [com.apple.runningboard:general] failed to get LSApplicationRecord for org.ps2x.ps2entryrunner - probably OK
2026-09-19 19:58:08.470 Df runningboardd[26710:266e4a] [com.apple.runningboard:connection] skipping plugin hold for uninstalled proxy org.ps2x.ps2entryrunner
2026-09-19 19:58:08.470 Df runningboardd[26710:266e4a] [com.apple.runningboard:ttl] Acquiring assertion targeting system from originator [osservice<com.apple.installcoordinationd>:27014] with description <RBSAssertionDescriptor| "installcoordinationd app:[org.ps2x.ps2entryrunner/Invalid/[system-defined]] uuid:DAEA2CED-8F91-4A20-89D8-82F51339EF44 isPlaceholder:Y" ID:26710-27014-377 target:system attributes:[
	<RBSPreventLaunchLimitation| <RBSProcessPredicate <RBSProcessBundleIdentifierPredicate "org.ps2x.ps2entryrunner">> allow:(null)>
	]>
2026-09-19 19:58:08.470 Df runningboardd[26710:266e4a] [com.apple.runningboard:process] Executing termination request for: <RBSProcessPredicate <RBSProcessBundleIdentifierPredicate "org.ps2x.ps2entryrunner">>
2026-09-19 19:58:08.470 Df SpringBoard[26707:266d9e] [com.apple.SpringBoard:Common] termination assertion acquired for org.ps2x.ps2entryrunner (app not found)
2026-09-19 19:58:08.471 Df installcoordinationd[27014:267bce] [com.apple.installcoordination:daemon] -[IXSCoordinatedAppInstall assertionAcquiredCallback]: RBS termination assertion observer called for <IXSCoordinatedAppInstall<0x101a10000> [P=CoreSimulatorBridge (pid 26737)] identifier:[org.ps2x.ps2entryrunner/Invalid/[system-defined]] uuid:DAEA2CED-8F91-4A20-89D8-82F51339EF44 intent:IXCoordinatorIntentInitiating creator/appDRI:InstallCoordination Simple SPI importance:UserWaiting state:IXAppCoordinationStateWaitingForPlaceholderAssertion promise-state:PA2I4>
2026-09-19 19:58:08.471 Df installcoordinationd[27014:267bce] [com.apple.appinstallation:TransactionLog] org.ps2x.ps2entryrunner/Unknown Persona:4:9:1:1:Placeholder Promise began. Coordinator State: IXAppCoordinationStateWaitingForPlaceholderAssertion
2026-09-19 19:58:08.471 Df installcoordinationd[27014:267bce] [com.apple.installcoordination:daemon] -[IXSCoordinatorProgress setTotalUnitsCompleted:]: Progress for coordinator: [org.ps2x.ps2entryrunner/Invalid/[system-defined]], Phase: IXCoordinatorProgressPhaseLoading, Percentage: 100.000000: Attempt to set units completed on finished progress: 100
2026-09-19 19:58:08.471 Df installcoordinationd[27014:267bce] [com.apple.appinstallation:TransactionLog] org.ps2x.ps2entryrunner/Unknown Persona:4:9:2:1:Placeholder Promise completed. Coordinator State: IXAppCoordinationStateWaitingForPlaceholderAssertion
2026-09-19 19:58:08.471 Df CoreSimulatorBridge[26737:267c64] [com.apple.installcoordination:framework] -[IXAppInstallCoordinator _clientDelegate_promiseDidBeginFulfillmentWithIdentifier:]: <IXInitiatingAppInstallCoordinator<0x105878680> identity:[org.ps2x.ps2entryrunner/Invalid/[system-defined]] uuid:DAEA2CED-8F91-4A20-89D8-82F51339EF44 creator:InstallCoordination Simple SPI>: Got promise did begin fulfillment for identifier 1
2026-09-19 19:58:08.471 Df CoreSimulatorBridge[26737:267c64] [com.apple.installcoordination:framework] -[IXAppInstallCoordinator _clientDelegate_promiseDidBeginFulfillmentWithIdentifier:]_block_invoke: <IXInitiatingAppInstallCoordinator<0x105878680> identity:[org.ps2x.ps2entryrunner/Invalid/[system-defined]] uuid:DAEA2CED-8F91-4A20-89D8-82F51339EF44 creator:InstallCoordination Simple SPI>: Observer <_IXSimpleInstallerDelegate 0x0x105854ea0> does not respond to coordinator:configuredPromiseDidBeginFulfillment: (or any deprecated equivalent)
2026-09-19 19:58:08.472 Df installcoordinationd[27014:267bce] [com.apple.installcoordination:daemon] -[IXSCoordinatedAppInstall _onQueue_installPlaceholder]: Acquired termination assertion for placeholder [org.ps2x.ps2entryrunner/Invalid/[system-defined]]; proceeding with install.
2026-09-19 19:58:08.472 Df installcoordinationd[27014:267bce] [com.apple.installcoordination:daemon] -[IXSPowerAssertion initWithAssertionName:details:]: Acquired power assertion IXPowerAssertion-12-[org.ps2x.ps2entryrunner/Invalid/[system-defined]]
2026-09-19 19:58:08.473 Df installd[27031:267c55] (MobileSystemServices) 0x16bb27000 -[MIClientConnection _doInstallationForURL:identity:domain:options:operationType:completion:]: Install of "/Users/bradrichardson/Library/Developer/CoreSimulator/Devices/4DE6C37C-77EF-45AE-827E-26286E68D022/data/Containers/Shared/SystemGroup/systemgroup.com.apple.installcoordinationd/Library/InstallCoordination/PromiseStaging/9499FCEB-5A68-4987-BD7E-DD702A1E6C33/ps2EntryRunner.app" type Placeholder (LSInstallType = 1, Domain: MIInstallationDomainDefault) requested by installcoordinationd (pid 27014 (501/20))
2026-09-19 19:58:08.483 Df installd[27031:267c55] [com.apple.containermanager:xpc] Query; euid = 501, uid = 501, class = 1, identifier = [org.ps2x.ps2entryrunner](1), gidentifier = [(null)](0), flags = 300000002
2026-09-19 19:58:08.483 Df containermanagerd_system[26761:266e75] [com.apple.containermanager:query] Selected query plan; plan = <MCMCommandQueryPlanWithIdentities; identities = [<MCMContainerIdentity: 0x10645e3c0; userIdentity = <501/20/501/3/501>, identifier = org.ps2x.ps2entryrunner, class = (1)app, platform = 0, ownership = {501:20:u+rwx,g+rx,o+rx}, transient = 0>]>
2026-09-19 19:58:09.100 Df runningboardd[26710:266e4b] [com.apple.runningboard:process] Checking PreventLaunch: global:0 exPath:(null) predicates:{(
    <RBSProcessPredicate <RBSProcessBundleIdentifierPredicate "org.ps2x.ps2entryrunner">>
)} allow:(null)
2026-09-19 19:58:09.127 Df runningboardd[26710:266e46] [com.apple.runningboard:process] Checking PreventLaunch: global:0 exPath:(null) predicates:{(
    <RBSProcessPredicate <RBSProcessBundleIdentifierPredicate "org.ps2x.ps2entryrunner">>
)} allow:(null)
2026-09-19 19:58:09.149 Df runningboardd[26710:267661] [com.apple.runningboard:process] Checking PreventLaunch: global:0 exPath:(null) predicates:{(
    <RBSProcessPredicate <RBSProcessBundleIdentifierPredicate "org.ps2x.ps2entryrunner">>
)} allow:(null)
2026-09-19 19:58:09.222 Df installd[27031:267c55] [com.apple.containermanager:xpc] Query; euid = 501, uid = 501, class = 1, identifier = [org.ps2x.ps2entryrunner](1), gidentifier = [(null)](0), flags = 300000002
2026-09-19 19:58:09.222 Df containermanagerd_system[26761:266e75] [com.apple.containermanager:query] Selected query plan; plan = <MCMCommandQueryPlanWithIdentities; identities = [<MCMContainerIdentity: 0x10645e3c0; userIdentity = <501/20/501/3/501>, identifier = org.ps2x.ps2entryrunner, class = (1)app, platform = 0, ownership = {501:20:u+rwx,g+rx,o+rx}, transient = 0>]>
2026-09-19 19:58:09.223 Df installd[27031:267c55] (MobileSystemServices) 0x16bb27000 -[MIInstaller _installInstallable:containingSymlink:error:]: Installing <MIInstallableBundle ID=org.ps2x.ps2entryrunner; Persona=com.apple.containermanager.primary-persona, Version=(null), ShortVersion=(null)>
2026-09-19 19:58:09.223 Df installd[27031:267c55] [com.apple.appinstallation:TransactionLog] org.ps2x.ps2entryrunner/com.apple.containermanager.primary-persona:7:4:1:1:Start : Install (Placeholder)
2026-09-19 19:58:09.627 Df runningboardd[26710:266e46] [com.apple.runningboard:process] Checking PreventLaunch: global:0 exPath:(null) predicates:{(
    <RBSProcessPredicate <RBSProcessBundleIdentifierPredicate "org.ps2x.ps2entryrunner">>
)} allow:(null)
2026-09-19 19:58:11.954 Df runningboardd[26710:267661] [com.apple.runningboard:process] Checking PreventLaunch: global:0 exPath:(null) predicates:{(
    <RBSProcessPredicate <RBSProcessBundleIdentifierPredicate "org.ps2x.ps2entryrunner">>
)} allow:(null)
2026-09-19 19:58:11.970 Df runningboardd[26710:266e46] [com.apple.runningboard:process] Checking PreventLaunch: global:0 exPath:(null) predicates:{(
    <RBSProcessPredicate <RBSProcessBundleIdentifierPredicate "org.ps2x.ps2entryrunner">>
)} allow:(null)
2026-09-19 19:58:11.987 Df runningboardd[26710:26766c] [com.apple.runningboard:process] Checking PreventLaunch: global:0 exPath:(null) predicates:{(
    <RBSProcessPredicate <RBSProcessBundleIdentifierPredicate "org.ps2x.ps2entryrunner">>
)} allow:(null)
2026-09-19 19:58:11.992 Df runningboardd[26710:266e46] [com.apple.runningboard:process] Checking PreventLaunch: global:0 exPath:(null) predicates:{(
    <RBSProcessPredicate <RBSProcessBundleIdentifierPredicate "org.ps2x.ps2entryrunner">>
)} allow:(null)
2026-09-19 19:58:12.006 Df runningboardd[26710:266e46] [com.apple.runningboard:process] Checking PreventLaunch: global:0 exPath:(null) predicates:{(
    <RBSProcessPredicate <RBSProcessBundleIdentifierPredicate "org.ps2x.ps2entryrunner">>
)} allow:(null)
2026-09-19 19:58:12.010 Df runningboardd[26710:266e4a] [com.apple.runningboard:process] Checking PreventLaunch: global:0 exPath:(null) predicates:{(
    <RBSProcessPredicate <RBSProcessBundleIdentifierPredicate "org.ps2x.ps2entryrunner">>
)} allow:(null)
2026-09-19 19:58:12.028 Df runningboardd[26710:266e4a] [com.apple.runningboard:process] Checking PreventLaunch: global:0 exPath:(null) predicates:{(
    <RBSProcessPredicate <RBSProcessBundleIdentifierPredicate "org.ps2x.ps2entryrunner">>
)} allow:(null)
2026-09-19 19:58:12.034 Df runningboardd[26710:267661] [com.apple.runningboard:process] Checking PreventLaunch: global:0 exPath:(null) predicates:{(
    <RBSProcessPredicate <RBSProcessBundleIdentifierPredicate "org.ps2x.ps2entryrunner">>
)} allow:(null)
2026-09-19 19:58:12.053 Df runningboardd[26710:267661] [com.apple.runningboard:process] Checking PreventLaunch: global:0 exPath:(null) predicates:{(
    <RBSProcessPredicate <RBSProcessBundleIdentifierPredicate "org.ps2x.ps2entryrunner">>
)} allow:(null)
2026-09-19 19:58:12.071 Df runningboardd[26710:266e3d] [com.apple.runningboard:process] Checking PreventLaunch: global:0 exPath:(null) predicates:{(
    <RBSProcessPredicate <RBSProcessBundleIdentifierPredicate "org.ps2x.ps2entryrunner">>
)} allow:(null)
2026-09-19 19:58:12.163 Df runningboardd[26710:266e46] [com.apple.runningboard:process] Checking PreventLaunch: global:0 exPath:(null) predicates:{(
    <RBSProcessPredicate <RBSProcessBundleIdentifierPredicate "org.ps2x.ps2entryrunner">>
)} allow:(null)
2026-09-19 19:58:12.187 Df runningboardd[26710:266e46] [com.apple.runningboard:process] Checking PreventLaunch: global:0 exPath:(null) predicates:{(
    <RBSProcessPredicate <RBSProcessBundleIdentifierPredicate "org.ps2x.ps2entryrunner">>
)} allow:(null)
2026-09-19 19:58:12.216 Df runningboardd[26710:267661] [com.apple.runningboard:process] Checking PreventLaunch: global:0 exPath:(null) predicates:{(
    <RBSProcessPredicate <RBSProcessBundleIdentifierPredicate "org.ps2x.ps2entryrunner">>
)} allow:(null)
2026-09-19 19:58:12.279 Df runningboardd[26710:266e46] [com.apple.runningboard:process] Checking PreventLaunch: global:0 exPath:(null) predicates:{(
    <RBSProcessPredicate <RBSProcessBundleIdentifierPredicate "org.ps2x.ps2entryrunner">>
)} allow:(null)
2026-09-19 19:58:12.524 Df runningboardd[26710:266e46] [com.apple.runningboard:process] Checking PreventLaunch: global:0 exPath:(null) predicates:{(
    <RBSProcessPredicate <RBSProcessBundleIdentifierPredicate "org.ps2x.ps2entryrunner">>
)} allow:(null)
2026-09-19 19:58:12.580 Df runningboardd[26710:267661] [com.apple.runningboard:process] Checking PreventLaunch: global:0 exPath:(null) predicates:{(
    <RBSProcessPredicate <RBSProcessBundleIdentifierPredicate "org.ps2x.ps2entryrunner">>
)} allow:(null)
2026-09-19 19:58:14.956 Df runningboardd[26710:267662] [com.apple.runningboard:process] Checking PreventLaunch: global:0 exPath:(null) predicates:{(
    <RBSProcessPredicate <RBSProcessBundleIdentifierPredicate "org.ps2x.ps2entryrunner">>
)} allow:(null)
2026-09-19 19:58:15.045 Df runningboardd[26710:266e3d] [com.apple.runningboard:process] Checking PreventLaunch: global:0 exPath:(null) predicates:{(
    <RBSProcessPredicate <RBSProcessBundleIdentifierPredicate "org.ps2x.ps2entryrunner">>
)} allow:(null)
2026-09-19 19:58:15.072 Df runningboardd[26710:266e46] [com.apple.runningboard:process] Checking PreventLaunch: global:0 exPath:(null) predicates:{(
    <RBSProcessPredicate <RBSProcessBundleIdentifierPredicate "org.ps2x.ps2entryrunner">>
)} allow:(null)
2026-09-19 19:58:15.136 Df runningboardd[26710:26766b] [com.apple.runningboard:process] Checking PreventLaunch: global:0 exPath:(null) predicates:{(
    <RBSProcessPredicate <RBSProcessBundleIdentifierPredicate "org.ps2x.ps2entryrunner">>
)} allow:(null)
2026-09-19 19:58:15.174 Df runningboardd[26710:267e17] [com.apple.runningboard:process] Checking PreventLaunch: global:0 exPath:(null) predicates:{(
    <RBSProcessPredicate <RBSProcessBundleIdentifierPredicate "org.ps2x.ps2entryrunner">>
)} allow:(null)
2026-09-19 19:58:15.437 Df runningboardd[26710:266e46] [com.apple.runningboard:process] Checking PreventLaunch: global:0 exPath:(null) predicates:{(
    <RBSProcessPredicate <RBSProcessBundleIdentifierPredicate "org.ps2x.ps2entryrunner">>
)} allow:(null)
2026-09-19 19:58:15.507 Df runningboardd[26710:266e4b] [com.apple.runningboard:process] Checking PreventLaunch: global:0 exPath:(null) predicates:{(
    <RBSProcessPredicate <RBSProcessBundleIdentifierPredicate "org.ps2x.ps2entryrunner">>
)} allow:(null)
2026-09-19 19:58:15.625 Df runningboardd[26710:266e4a] [com.apple.runningboard:process] Checking PreventLaunch: global:0 exPath:(null) predicates:{(
    <RBSProcessPredicate <RBSProcessBundleIdentifierPredicate "org.ps2x.ps2entryrunner">>
)} allow:(null)
2026-09-19 19:58:15.660 Df runningboardd[26710:266e4a] [com.apple.runningboard:process] Checking PreventLaunch: global:0 exPath:(null) predicates:{(
    <RBSProcessPredicate <RBSProcessBundleIdentifierPredicate "org.ps2x.ps2entryrunner">>
)} allow:(null)
2026-09-19 19:58:15.911 Df runningboardd[26710:266e4a] [com.apple.runningboard:process] Checking PreventLaunch: global:0 exPath:(null) predicates:{(
    <RBSProcessPredicate <RBSProcessBundleIdentifierPredicate "org.ps2x.ps2entryrunner">>
)} allow:(null)
2026-09-19 19:58:15.959 Df runningboardd[26710:267e17] [com.apple.runningboard:process] Checking PreventLaunch: global:0 exPath:(null) predicates:{(
    <RBSProcessPredicate <RBSProcessBundleIdentifierPredicate "org.ps2x.ps2entryrunner">>
)} allow:(null)
2026-09-19 19:58:16.196 Df runningboardd[26710:267eae] [com.apple.runningboard:process] Checking PreventLaunch: global:0 exPath:(null) predicates:{(
    <RBSProcessPredicate <RBSProcessBundleIdentifierPredicate "org.ps2x.ps2entryrunner">>
)} allow:(null)
2026-09-19 19:58:16.461 Df runningboardd[26710:266e4a] [com.apple.runningboard:process] Checking PreventLaunch: global:0 exPath:(null) predicates:{(
    <RBSProcessPredicate <RBSProcessBundleIdentifierPredicate "org.ps2x.ps2entryrunner">>
)} allow:(null)
2026-09-19 19:58:16.468 Df installd[27031:267c55] [com.apple.containermanager:query] Query; personaid = 4294967295, type = NOPERSONA, name = <unknown>, origin [pid = 0, personaid = 0], proximate [pid = 0, personaid = 0], euid = 501, uid = 501, class = 4, identifier = [org.ps2x.ps2entryrunner](1), gidentifier = [(null)](0), flags = 300000000
2026-09-19 19:58:16.469 Df containermanagerd[26767:266edf] [com.apple.containermanager:query] Selected query plan; plan = <MCMCommandQueryPlanWithIdentities; identities = [<MCMContainerIdentity: 0x103c60dc0; userIdentity = <501/20/501/2/501>, identifier = org.ps2x.ps2entryrunner, class = (4)pluginData, platform = 0, ownership = {501:20:u+rwx,g+rx,o+rx}, transient = 0>]>
2026-09-19 19:58:16.470 Df installd[27031:267c55] [com.apple.containermanager:query] Query; personaid = 4294967295, type = NOPERSONA, name = <unknown>, origin [pid = 0, personaid = 0], proximate [pid = 0, personaid = 0], euid = 501, uid = 501, class = 4, identifier = [org.ps2x.ps2entryrunner](1), gidentifier = [(null)](0), flags = 300000000
2026-09-19 19:58:16.472 Df containermanagerd[26767:266edf] [com.apple.containermanager:query] Selected query plan; plan = <MCMCommandQueryPlanWithIdentities; identities = [<MCMContainerIdentity: 0x103c60dc0; userIdentity = <501/20/501/2/501>, identifier = org.ps2x.ps2entryrunner, class = (4)pluginData, platform = 0, ownership = {501:20:u+rwx,g+rx,o+rx}, transient = 0>]>
2026-09-19 19:58:16.472 Df installd[27031:267c55] [com.apple.containermanager:xpc] Query; euid = 501, uid = 501, class = 1T, identifier = [org.ps2x.ps2entryrunner](1), gidentifier = [(null)](0), flags = 300000003
2026-09-19 19:58:16.478 Df containermanagerd_system[26761:266e75] [com.apple.containermanager:query] Selected query plan; plan = <MCMCommandQueryPlanWithIdentities; identities = [<MCMContainerIdentity: 0x10645e2c0; userIdentity = <501/20/501/3/501>, identifier = org.ps2x.ps2entryrunner, class = (1)app, platform = 0, ownership = {501:20:u+rwx,g+rx,o+rx}, transient = 1>]>
2026-09-19 19:58:16.478 E  containermanagerd_system[26761:266e75] [com.apple.containermanager:schema] [org.ps2x.ps2entryrunner(app)] Current schema version (1) is newer than the latest (0), ignoring.
2026-09-19 19:58:16.481 Df containermanagerd_system[26761:266e75] [com.apple.containermanager:schema] [u C425BADF-C27C-4E96-8075-0DD629BBA24F:p 🔒D3E4D995-4385-4110-9A46-415F0D9822F3:c org.ps2x.ps2entryrunner(app):i86421510] Successfully updated schema from (0) → (0), actions count = 0
2026-09-19 19:58:16.513 Df installd[27031:267c55] [com.apple.containermanager:xpc] Query; euid = 501, uid = 501, class = 1T, identifier = [org.ps2x.ps2entryrunner](1), gidentifier = [(null)](0), flags = 300000002
2026-09-19 19:58:16.514 Df containermanagerd_system[26761:266e75] [com.apple.containermanager:query] Selected query plan; plan = <MCMCommandQueryPlanWithIdentities; identities = [<MCMContainerIdentity: 0x10645e2c0; userIdentity = <501/20/501/3/501>, identifier = org.ps2x.ps2entryrunner, class = (1)app, platform = 0, ownership = {501:20:u+rwx,g+rx,o+rx}, transient = 1>]>
2026-09-19 19:58:16.526 Df installd[27031:267c55] [com.apple.containermanager:query] Query; personaid = 4294967295, type = NOPERSONA, name = <unknown>, origin [pid = 0, personaid = 0], proximate [pid = 0, personaid = 0], euid = 501, uid = 501, class = 2, identifier = [org.ps2x.ps2entryrunner](1), gidentifier = [(null)](0), flags = 300000003
2026-09-19 19:58:16.526 Df containermanagerd[26767:266edf] [com.apple.containermanager:query] Selected query plan; plan = <MCMCommandQueryPlanWithIdentities; identities = [<MCMContainerIdentity: 0x103c60dc0; userIdentity = <501/20/501/2/501>, identifier = org.ps2x.ps2entryrunner, class = (2)appData, platform = 0, ownership = {501:20:u+rwx,g+rx,o+rx}, transient = 0>]>
2026-09-19 19:58:16.532 Df containermanagerd[26767:266edf] [com.apple.containermanager:schema] [u 9A8002E8-471F-48D4-801E-EDB471655472:p 🔒FCD3651A-9FBD-4E57-A0A2-5B9378E18D62:c org.ps2x.ps2entryrunner(appData):i86421516] Successfully updated schema from (0) → (1), actions count = 6
2026-09-19 19:58:16.540 Df installd[27031:267c55] [com.apple.containermanager:query] Query; personaid = 4294967295, type = NOPERSONA, name = <unknown>, origin [pid = 0, personaid = 0], proximate [pid = 0, personaid = 0], euid = 501, uid = 501, class = 2, identifier = [org.ps2x.ps2entryrunner](1), gidentifier = [(null)](0), flags = 300000002
2026-09-19 19:58:16.540 Df containermanagerd[26767:266edf] [com.apple.containermanager:query] Selected query plan; plan = <MCMCommandQueryPlanWithIdentities; identities = [<MCMContainerIdentity: 0x103c60dc0; userIdentity = <501/20/501/2/501>, identifier = org.ps2x.ps2entryrunner, class = (2)appData, platform = 0, ownership = {501:20:u+rwx,g+rx,o+rx}, transient = 0>]>
2026-09-19 19:58:16.545 Df installd[27031:267c55] (MobileSystemServices) 0x16bb27000 -[MIInstallationJournalEntry _refreshUUIDForContainer:withError:]: Data container for org.ps2x.ps2entryrunner is now at /Users/bradrichardson/Library/Developer/CoreSimulator/Devices/4DE6C37C-77EF-45AE-827E-26286E68D022/data/Containers/Data/Application/C42BD208-3DB4-41FC-AF24-7958EBC202F5
2026-09-19 19:58:16.558 Df containermanagerd[26767:266edf] [com.apple.containermanager:schema] [u 9A8002E8-471F-48D4-801E-EDB471655472:p 🔒C42BD208-3DB4-41FC-AF24-7958EBC202F5:c org.ps2x.ps2entryrunner(appData):i0] Successfully updated schema from (0) → (1), actions count = 6
2026-09-19 19:58:16.559 Df installd[27031:267c55] [com.apple.containermanager:unspecified] Replace; old = <NULL>, new = [temp-app:org.ps2x.ps2entryrunner:501::(C425BADF-C27C-4E96-8075-0DD629BBA24F):{501:20:u+rwx,g+rx,o+rx}] {NEW}
2026-09-19 19:58:16.562 Df installd[27031:267c55] [com.apple.containermanager:xpc] Query; euid = 501, uid = 501, class = 1, identifier = [org.ps2x.ps2entryrunner](1), gidentifier = [(null)](0), flags = 300000002
2026-09-19 19:58:16.567 Df containermanagerd_system[26761:266e75] [com.apple.containermanager:query] Selected query plan; plan = <MCMCommandQueryPlanWithIdentities; identities = [<MCMContainerIdentity: 0x10645c940; userIdentity = <501/20/501/3/501>, identifier = org.ps2x.ps2entryrunner, class = (1)app, platform = 0, ownership = {501:20:u+rwx,g+rx,o+rx}, transient = 0>]>
2026-09-19 19:58:16.568 Df installd[27031:267c55] (MobileSystemServices) 0x16bb27000 -[MIContainer makeContainerLiveReplacingContainer:reason:waitForDeletion:withError:]: Made container live for org.ps2x.ps2entryrunner at /Users/bradrichardson/Library/Developer/CoreSimulator/Devices/4DE6C37C-77EF-45AE-827E-26286E68D022/data/Containers/Bundle/Application/6CF69596-ECF0-46B0-9D71-FDAE7F945C67
2026-09-19 19:58:16.568 Df containermanagerd[26767:266edf] [com.apple.containermanager:codesignmapping] Reconciled [org.ps2x.ps2entryrunner]; old app groups: (null), new app groups: (null), old system groups: (null), new system groups: (null)
2026-09-19 19:58:16.569 Df installd[27031:267c55] [com.apple.containermanager:unspecified] Requesting disk usage; class = 1, identifier = org.ps2x.ps2entryrunner
2026-09-19 19:58:16.575 Df installd[27031:267c55] [com.apple.containermanager:query] Query; personaid = 4294967295, type = NOPERSONA, name = <unknown>, origin [pid = 0, personaid = 0], proximate [pid = 0, personaid = 0], euid = 501, uid = 501, class = 7, identifier = [org.ps2x.ps2entryrunner](1), gidentifier = [(null)](0), flags = 300000001
2026-09-19 19:58:16.587 Df installd[27031:267c55] (MobileSystemServices) 0x16bb27000 -[MILaunchServicesOperationManager _onQueue_addPendingLaunchServicesOperation:error:]: Added pending LS operation <MILaunchServicesRegisterOperation: F1611167-0388-4F13-BB1D-FC28C20D7B5D:1 org.ps2x.ps2entryrunner/MIInstallationDomainSystemShared personas:[com.apple.containermanager.primary-persona]>
2026-09-19 19:58:16.600 Df lsd[26764:266e78] [com.apple.launchservices:appinstallation] Post installation registration: request to register org.ps2x.ps2entryrunner, operation F1611167-0388-4F13-BB1D-FC28C20D7B5D, from pid 27031
2026-09-19 19:58:16.601 Df lsd[26764:266e78] [com.apple.appinstallation:TransactionLog] org.ps2x.ps2entryrunner/Unknown Persona:5:4:1:1:Registering bundles via registrant - start
2026-09-19 19:58:16.605 Df SpringBoard[26707:266d9e] [com.apple.SpringBoard:Common] termination assertion released for org.ps2x.ps2entryrunner (app not found)
2026-09-19 19:58:16.649 E  lsd[26764:266e78] [com.apple.launchservices:default] LSStringLocalizer development region en not found in localizations available for bundle file:///Users/bradrichardson/Library/Developer/CoreSimulator/Devices/4DE6C37C-77EF-45AE-827E-26286E68D022/data/Containers/Bundle/Application/6CF69596-ECF0-46B0-9D71-FDAE7F945C67/ps2EntryRunner.app/
2026-09-19 19:58:16.703 Df lsd[26764:266e78] [com.apple.appinstallation:TransactionLog] org.ps2x.ps2entryrunner/Unknown Persona:5:5:1:1:Building bundle record for app
2026-09-19 19:58:16.703 Df lsd[26764:266e78] [com.apple.launchservices:appinstallation] No bundles to remove for org.ps2x.ps2entryrunner
2026-09-19 19:58:16.707 Df lsd[26764:266e78] [com.apple.launchservices:appinstallation] Placeholder detected - Flagging bundle org.ps2x.ps2entryrunner incomplete
2026-09-19 19:58:16.709 Df lsd[26764:266e78] [com.apple.appinstallation:TransactionLog] org.ps2x.ps2entryrunner/Unknown Persona:5:5:2:1:Built bundle record for app
2026-09-19 19:58:16.714 Df lsd[26764:266e78] [com.apple.appinstallation:TransactionLog] org.ps2x.ps2entryrunner/Unknown Persona:5:4:2:1:Registered bundle status = success
2026-09-19 19:58:16.715 Df lsd[26764:266e78] [com.apple.appinstallation:TransactionLog] org.ps2x.ps2entryrunner/Unknown Persona:5:4:2:1:Finished registering org.ps2x.ps2entryrunner, bundle unit 2d4
2026-09-19 19:58:16.719 Df lsd[26764:266ef1] [com.apple.launchservices:progress] Sending applicationInstallsDidStart: for (
    "<LSApplicationProxy: 0x104b51f00> org.ps2x.ps2entryrunner file:///Users/bradrichardson/Library/Developer/CoreSimulator/Devices/4DE6C37C-77EF-45AE-827E-26286E68D022/data/Containers/Bundle/Application/6CF69596-ECF0-46B0-9D71-FDAE7F945C67/ps2EntryRunner.app/ <org.ps2x.ps2entryrunner <placeholder >:1>"
)
2026-09-19 19:58:16.720 Df installd[27031:267c55] (MobileSystemServices) 0x16bb27000 -[MIJournal purgeJournalEntry:withError:]: Removing journal entry <MIInstallationJournalEntry<0x1058bc820> [org.ps2x.ps2entryrunner/com.apple.containermanager.primary-persona/[system-defined]]/MIInstallationDomainSystemShared op:2 phase:JournalPhaseDidRegisterWithLS version:(null)>
2026-09-19 19:58:16.720 Df lsd[26764:266ef1] [com.apple.launchservices:progress] Created parent progress <NSProgress: org.ps2x.ps2entryrunner phase=InstallingPlaceholder; state=Waiting; finalPhase=Installing; fractionCompleted=0.000000>
2026-09-19 19:58:16.727 Df nsurlsessiond[26760:266efe] [com.apple.launchservices:appinstallation] LaunchServices observer: InstallsStarted (
    "<LSApplicationProxy: 0x104690240> org.ps2x.ps2entryrunner file:///Users/bradrichardson/Library/Developer/CoreSimulator/Devices/4DE6C37C-77EF-45AE-827E-26286E68D022/data/Containers/Bundle/Application/6CF69596-ECF0-46B0-9D71-FDAE7F945C67/ps2EntryRunner.app/ <org.ps2x.ps2entryrunner <placeholder >:1>"
)
2026-09-19 19:58:16.728 Df SpringBoard[26707:267cfa] [com.apple.launchservices:appinstallation] LaunchServices observer: InstallsStarted (
    "<LSApplicationProxy: 0x1216aeac0> org.ps2x.ps2entryrunner file:///Users/bradrichardson/Library/Developer/CoreSimulator/Devices/4DE6C37C-77EF-45AE-827E-26286E68D022/data/Containers/Bundle/Application/6CF69596-ECF0-46B0-9D71-FDAE7F945C67/ps2EntryRunner.app/ <org.ps2x.ps2entryrunner <placeholder >:1>"
)
2026-09-19 19:58:16.732 Df appstored[26913:267b2c] [com.apple.launchservices:appinstallation] LaunchServices observer: InstallsStarted (
    "<LSApplicationProxy: 0x1018b08f0> org.ps2x.ps2entryrunner file:///Users/bradrichardson/Library/Developer/CoreSimulator/Devices/4DE6C37C-77EF-45AE-827E-26286E68D022/data/Containers/Bundle/Application/6CF69596-ECF0-46B0-9D71-FDAE7F945C67/ps2EntryRunner.app/ <org.ps2x.ps2entryrunner <placeholder >:1>"
)
2026-09-19 19:58:16.734 Df homed[26787:2675c9] [com.apple.launchservices:appinstallation] LaunchServices observer: InstallsStarted (
    "<LSApplicationProxy: 0x108a9f9c0> org.ps2x.ps2entryrunner file:///Users/bradrichardson/Library/Developer/CoreSimulator/Devices/4DE6C37C-77EF-45AE-827E-26286E68D022/data/Containers/Bundle/Application/6CF69596-ECF0-46B0-9D71-FDAE7F945C67/ps2EntryRunner.app/ <org.ps2x.ps2entryrunner <placeholder >:1>"
)
2026-09-19 19:58:16.734 Df runningboardd[26710:267662] [com.apple.launchservices:appinstallation] LaunchServices observer: InstallsStarted (
    "<LSApplicationProxy: 0x1065b0000> org.ps2x.ps2entryrunner file:///Users/bradrichardson/Library/Developer/CoreSimulator/Devices/4DE6C37C-77EF-45AE-827E-26286E68D022/data/Containers/Bundle/Application/6CF69596-ECF0-46B0-9D71-FDAE7F945C67/ps2EntryRunner.app/ <org.ps2x.ps2entryrunner <placeholder >:1>"
)
2026-09-19 19:58:16.743 Df callservicesd[26783:2670fa] [com.apple.launchservices:appinstallation] LaunchServices observer: InstallsStarted (
    "<LSApplicationProxy: 0x105dadf80> org.ps2x.ps2entryrunner file:///Users/bradrichardson/Library/Developer/CoreSimulator/Devices/4DE6C37C-77EF-45AE-827E-26286E68D022/data/Containers/Bundle/Application/6CF69596-ECF0-46B0-9D71-FDAE7F945C67/ps2EntryRunner.app/ <org.ps2x.ps2entryrunner <placeholder >:1>"
)
2026-09-19 19:58:16.747 Df lsd[26764:266ef1] [com.apple.launchservices:progress] Sent distributed notification com.apple.LaunchServices.applicationRegistered with payload {
    bundleIDs =     (
        "org.ps2x.ps2entryrunner"
    );
    isPlaceholder = 1;
}
2026-09-19 19:58:16.748 Df webbookmarksd[26825:2677d5] [com.apple.launchservices:appinstallation] LaunchServices observer: InstallsStarted (
    "<LSApplicationProxy: 0x102e01300> org.ps2x.ps2entryrunner file:///Users/bradrichardson/Library/Developer/CoreSimulator/Devices/4DE6C37C-77EF-45AE-827E-26286E68D022/data/Containers/Bundle/Application/6CF69596-ECF0-46B0-9D71-FDAE7F945C67/ps2EntryRunner.app/ <org.ps2x.ps2entryrunner <placeholder >:1>"
)
2026-09-19 19:58:16.749 Df dasd[26733:266e88] [com.apple.launchservices:appinstallation] LaunchServices observer: InstallsStarted (
    "<LSApplicationProxy: 0x105fdc000> org.ps2x.ps2entryrunner file:///Users/bradrichardson/Library/Developer/CoreSimulator/Devices/4DE6C37C-77EF-45AE-827E-26286E68D022/data/Containers/Bundle/Application/6CF69596-ECF0-46B0-9D71-FDAE7F945C67/ps2EntryRunner.app/ <org.ps2x.ps2entryrunner <placeholder >:1>"
)
2026-09-19 19:58:16.751 Df donotdisturbd[26765:267c89] [com.apple.launchservices:appinstallation] LaunchServices observer: InstallsStarted (
    "<LSApplicationProxy: 0x103e89c80> org.ps2x.ps2entryrunner file:///Users/bradrichardson/Library/Developer/CoreSimulator/Devices/4DE6C37C-77EF-45AE-827E-26286E68D022/data/Containers/Bundle/Application/6CF69596-ECF0-46B0-9D71-FDAE7F945C67/ps2EntryRunner.app/ <org.ps2x.ps2entryrunner <placeholder >:1>"
)
2026-09-19 19:58:16.755 Df profiled[26788:2670d1] [com.apple.launchservices:appinstallation] LaunchServices observer: InstallsStarted (
    "<LSApplicationProxy: 0x105049df0> org.ps2x.ps2entryrunner file:///Users/bradrichardson/Library/Developer/CoreSimulator/Devices/4DE6C37C-77EF-45AE-827E-26286E68D022/data/Containers/Bundle/Application/6CF69596-ECF0-46B0-9D71-FDAE7F945C67/ps2EntryRunner.app/ <org.ps2x.ps2entryrunner <placeholder >:1>"
)
2026-09-19 19:58:16.755 Df locationd[26731:267e3a] [com.apple.launchservices:appinstallation] LaunchServices observer: InstallsStarted (
    "<LSApplicationProxy: 0x1036e0e40> org.ps2x.ps2entryrunner file:///Users/bradrichardson/Library/Developer/CoreSimulator/Devices/4DE6C37C-77EF-45AE-827E-26286E68D022/data/Containers/Bundle/Application/6CF69596-ECF0-46B0-9D71-FDAE7F945C67/ps2EntryRunner.app/ <org.ps2x.ps2entryrunner <placeholder >:1>"
)
2026-09-19 19:58:16.760 Df dmd[26846:2671df] Received xpc stream event (trusted distributed notification matching) with name: com.apple.LaunchServices.applicationRegistered user info: {
    bundleIDs =     (
        "org.ps2x.ps2entryrunner"
    );
    isPlaceholder = 1;
}
2026-09-19 19:58:16.764 Df sleepd[26734:266e2d] [com.apple.launchservices:appinstallation] LaunchServices observer: InstallsStarted (
    "<LSApplicationProxy: 0x1026140c0> org.ps2x.ps2entryrunner file:///Users/bradrichardson/Library/Developer/CoreSimulator/Devices/4DE6C37C-77EF-45AE-827E-26286E68D022/data/Containers/Bundle/Application/6CF69596-ECF0-46B0-9D71-FDAE7F945C67/ps2EntryRunner.app/ <org.ps2x.ps2entryrunner <placeholder >:1>"
)
2026-09-19 19:58:16.779 Df installd[27031:267c55] [com.apple.appinstallation:TransactionLog] org.ps2x.ps2entryrunner/com.apple.containermanager.primary-persona:7:4:2:1:Success (End) : Install (Placeholder)
2026-09-19 19:58:16.779 Df installd[27031:267c55] (MobileSystemServices) 0x16bb27000 -[MIInstaller _logOperationCompletionWithStartTime:distributorID:]: Install successful for (Placeholder:org.ps2x.ps2entryrunner) [Distributor: (null)]; Staging: 0.00s; Waiting: 0.00s; Preflight/Patch: 7.24s, Verifying: 0.00s; Overall: 8.31s
2026-09-19 19:58:16.789 Df chronod[26778:267779] [com.apple.launchservices:appinstallation] LaunchServices observer: InstallsStarted (
    "<LSApplicationProxy: 0x1026170c0> org.ps2x.ps2entryrunner file:///Users/bradrichardson/Library/Developer/CoreSimulator/Devices/4DE6C37C-77EF-45AE-827E-26286E68D022/data/Containers/Bundle/Application/6CF69596-ECF0-46B0-9D71-FDAE7F945C67/ps2EntryRunner.app/ <org.ps2x.ps2entryrunner <placeholder >:1>"
)
2026-09-19 19:58:16.789 Df mobiletimerd[26723:267946] [com.apple.launchservices:appinstallation] LaunchServices observer: InstallsStarted (
    "<LSApplicationProxy: 0x1025a00c0> org.ps2x.ps2entryrunner file:///Users/bradrichardson/Library/Developer/CoreSimulator/Devices/4DE6C37C-77EF-45AE-827E-26286E68D022/data/Containers/Bundle/Application/6CF69596-ECF0-46B0-9D71-FDAE7F945C67/ps2EntryRunner.app/ <org.ps2x.ps2entryrunner <placeholder >:1>"
)
2026-09-19 19:58:16.789 Df passd[26736:267816] [com.apple.launchservices:appinstallation] LaunchServices observer: InstallsStarted (
    "<LSApplicationProxy: 0x10a9f92c0> org.ps2x.ps2entryrunner file:///Users/bradrichardson/Library/Developer/CoreSimulator/Devices/4DE6C37C-77EF-45AE-827E-26286E68D022/data/Containers/Bundle/Application/6CF69596-ECF0-46B0-9D71-FDAE7F945C67/ps2EntryRunner.app/ <org.ps2x.ps2entryrunner <placeholder >:1>"
)
2026-09-19 19:58:16.790 Df liveactivitiesd[26771:266fbb] [com.apple.launchservices:appinstallation] LaunchServices observer: InstallsStarted (
    "<LSApplicationProxy: 0x106291ec0> org.ps2x.ps2entryrunner file:///Users/bradrichardson/Library/Developer/CoreSimulator/Devices/4DE6C37C-77EF-45AE-827E-26286E68D022/data/Containers/Bundle/Application/6CF69596-ECF0-46B0-9D71-FDAE7F945C67/ps2EntryRunner.app/ <org.ps2x.ps2entryrunner <placeholder >:1>"
)
2026-09-19 19:58:16.791 Df deviceaccessd[26862:26743b] [com.apple.launchservices:appinstallation] LaunchServices observer: InstallsStarted (
    "<LSApplicationProxy: 0x103e7c000> org.ps2x.ps2entryrunner file:///Users/bradrichardson/Library/Developer/CoreSimulator/Devices/4DE6C37C-77EF-45AE-827E-26286E68D022/data/Containers/Bundle/Application/6CF69596-ECF0-46B0-9D71-FDAE7F945C67/ps2EntryRunner.app/ <org.ps2x.ps2entryrunner <placeholder >:1>"
)
2026-09-19 19:58:16.791 Df routined[26715:267c3a] [com.apple.launchservices:appinstallation] LaunchServices observer: InstallsStarted (
    "<LSApplicationProxy: 0x10a1743c0> org.ps2x.ps2entryrunner file:///Users/bradrichardson/Library/Developer/CoreSimulator/Devices/4DE6C37C-77EF-45AE-827E-26286E68D022/data/Containers/Bundle/Application/6CF69596-ECF0-46B0-9D71-FDAE7F945C67/ps2EntryRunner.app/ <org.ps2x.ps2entryrunner <placeholder >:1>"
)
2026-09-19 19:58:16.794 Df appprotectiond[26726:2672c3] [com.apple.appprotection:server] received note: name = com.apple.LaunchServices.applicationRegistered, object = Optional(AppProtection.DistnotedXPCEventStreamTranslator), userInfo = Optional([AnyHashable("bundleIDs"): <__NSCFArray 0x1015e6740>(
org.ps2x.ps2entryrunner
)
, AnyHashable("isPlaceholder"): 1])
2026-09-19 19:58:16.794 Df appprotectiond[26726:2672c3] [com.apple.appprotection:server] processing settings authority event: SettingsAuthorityEvent.promotePreferenceFromProvisionalForApplication(org.ps2x.ps2entryrunner)
2026-09-19 19:58:16.795 Df installcoordinationd[27014:267c5b] [com.apple.installcoordination:daemon] -[IXSPowerAssertion invalidate]: Released power assertion IXPowerAssertion-12-[org.ps2x.ps2entryrunner/Invalid/[system-defined]]
2026-09-19 19:58:16.797 Df installcoordinationd[27014:267c5b] [com.apple.installcoordination:daemon] -[IXSPendingOperationsTracker endPendingOperationForIdentity:]_block_invoke: Ending pending operation for [org.ps2x.ps2entryrunner/Invalid/[system-defined]]
2026-09-19 19:58:16.798 Df installcoordinationd[27014:267c5b] [com.apple.installcoordination:daemon] -[IXSCoordinatedAppInstall setPlaceholderInstallState:withLSRecordPromiseForCompletion:]: <IXSCoordinatedAppInstall<0x101a10000> [P=CoreSimulatorBridge (pid 26737)] identifier:[org.ps2x.ps2entryrunner/Invalid/[system-defined]] uuid:DAEA2CED-8F91-4A20-89D8-82F51339EF44 intent:IXCoordinatorIntentInitiating creator/appDRI:InstallCoordination Simple SPI importance:UserWaiting state:IXAppCoordinationStateReadyForInstall promise-state:PA2I4>: Placeholder install completed.
2026-09-19 19:58:16.799 Df installcoordinationd[27014:267c5b] [com.apple.installprogress:server] initiating progress for [org.ps2x.ps2entryrunner/Invalid/[system-defined]]
2026-09-19 19:58:16.802 Df financed[26830:267393] [com.apple.launchservices:appinstallation] LaunchServices observer: InstallsStarted (
    "<LSApplicationProxy: 0x106531bc0> org.ps2x.ps2entryrunner file:///Users/bradrichardson/Library/Developer/CoreSimulator/Devices/4DE6C37C-77EF-45AE-827E-26286E68D022/data/Containers/Bundle/Application/6CF69596-ECF0-46B0-9D71-FDAE7F945C67/ps2EntryRunner.app/ <org.ps2x.ps2entryrunner <placeholder >:1>"
)
2026-09-19 19:58:16.804 Df installcoordinationd[27014:267c5b] [com.apple.installprogress:default] Created published identity progress for [org.ps2x.ps2entryrunner/Invalid/[system-defined]], observer 0x101888dc0
2026-09-19 19:58:16.805 Df installcoordinationd[27014:267c5b] [com.apple.installcoordination:daemon] -[IXSCoordinatorProgress setTotalUnitsCompleted:]: Progress for coordinator: [org.ps2x.ps2entryrunner/Invalid/[system-defined]], Phase: IXCoordinatorProgressPhaseLoading, Percentage: 100.000000: Attempt to set units completed on finished progress: 100
2026-09-19 19:58:16.805 Df installcoordinationd[27014:267c5b] [com.apple.installcoordination:daemon] -[IXSCoordinatedAppInstall _onQueue_acquireAssertionAndDoInstall]: Acquiring termination assertion to install [org.ps2x.ps2entryrunner/Invalid/[system-defined]]
2026-09-19 19:58:16.805 Df installcoordinationd[27014:267c5b] [com.apple.installcoordination:daemon] -[IXSPendingOperationsTracker beginPendingOperationForIdentity:]_block_invoke: Beginning pending operation for [org.ps2x.ps2entryrunner/Invalid/[system-defined]]
2026-09-19 19:58:16.807 Df SpringBoard[26707:267cfa] [com.apple.frontboard.ApplicationLibrary:observer] -[FBSApplicationLibrary applicationInstallsDidStart:] org.ps2x.ps2entryrunner
2026-09-19 19:58:16.807 Df SpringBoard[26707:267cfa] [com.apple.frontboard.ApplicationLibrary:default] Added placeholder: <SBApplicationPlaceholderProxy: 0x116240f00; org.ps2x.ps2entryrunner (ps2EntryRunner); LSInstallType: StoreDownload>
2026-09-19 19:58:16.807 Df SpringBoard[26707:266d9e] [com.apple.frontboard.ApplicationLibrary:sb.placeholder] App placeholder proxies added: (
    "<SBApplicationPlaceholderProxy: 0x116240f00; org.ps2x.ps2entryrunner (ps2EntryRunner); LSInstallType: StoreDownload>"
), currentlyKnownExistingPlaceholders: {
}
2026-09-19 19:58:16.807 Df SpringBoard[26707:266d9e] [com.apple.appinstallation:TransactionLog] org.ps2x.ps2entryrunner/Unknown Persona:10:0:1:1:Placeholder add BEGIN
2026-09-19 19:58:16.810 Df PosterBoard[26854:267d67] [com.apple.launchservices:appinstallation] LaunchServices observer: InstallsStarted (
    "<LSApplicationProxy: 0x10ad9de00> org.ps2x.ps2entryrunner file:///Users/bradrichardson/Library/Developer/CoreSimulator/Devices/4DE6C37C-77EF-45AE-827E-26286E68D022/data/Containers/Bundle/Application/6CF69596-ECF0-46B0-9D71-FDAE7F945C67/ps2EntryRunner.app/ <org.ps2x.ps2entryrunner <placeholder >:1>"
)
2026-09-19 19:58:16.811 Df installcoordinationd[27014:267ed7] [com.apple.installcoordination:daemon] -[IXSCoordinatedAppInstall _limitedConcurrency_fetchLoadingProgressForPlaceholderInstallType:progressHint:andRun:]: <IXSCoordinatedAppInstall<0x101a10000> [P=CoreSimulatorBridge (pid 26737)] identifier:[org.ps2x.ps2entryrunner/Invalid/[system-defined]] uuid:DAEA2CED-8F91-4A20-89D8-82F51339EF44 intent:IXCoordinatorIntentInitiating creator/appDRI:InstallCoordination Simple SPI importance:UserWaiting state:IXAppCoordinationStateWaitingForInstallAssertion promise-state:PA2I4>: initiating loading progress with install type 1
2026-09-19 19:58:16.813 Df SpringBoard[26707:267244] [com.apple.launchservices:progress] #LSInstallProgressList add subscriber: <_NSProgressSubscriber: 0x10f50f990> publishingString: org.ps2x.ps2entryrunner
2026-09-19 19:58:16.813 Df SpringBoard[26707:267244] [com.apple.launchservices:progress] Subscribing to progress for app org.ps2x.ps2entryrunner,
2026-09-19 19:58:16.813 Df CoreSimulatorBridge[26737:267ede] [com.apple.installcoordination:framework] -[IXAppInstallCoordinator _clientDelegate_placeholderDidInstallForApplicationRecord:]: <IXInitiatingAppInstallCoordinator<0x105878680> identity:[org.ps2x.ps2entryrunner/Invalid/[system-defined]] uuid:DAEA2CED-8F91-4A20-89D8-82F51339EF44 creator:InstallCoordination Simple SPI>: Got placeholder did install delegate for app record { bundleID: org.ps2x.ps2entryrunner, URL: file:///Users/bradrichardson/Library/Developer/CoreSimulator/Devices/4DE6C37C-77EF-45AE-827E-26286E68D022/data/Containers/Bundle/Application/6CF69596-ECF0-46B0-9D71-FDAE7F945C67/ps2EntryRunner.app/ }
2026-09-19 19:58:16.813 E  SpringBoard[26707:267244] [com.apple.frontboard.ApplicationLibrary:placeholder] Non-demoted placeholder for org.ps2x.ps2entryrunner has no associated NSProgress!
2026-09-19 19:58:16.813 Df CoreSimulatorBridge[26737:267ede] [com.apple.installcoordination:framework] -[IXAppInstallCoordinator _clientDelegate_placeholderDidInstallForApplicationRecord:]_block_invoke: <IXInitiatingAppInstallCoordinator<0x105878680> identity:[org.ps2x.ps2entryrunner/Invalid/[system-defined]] uuid:DAEA2CED-8F91-4A20-89D8-82F51339EF44 creator:InstallCoordination Simple SPI>: Observer <_IXSimpleInstallerDelegate 0x0x105854ea0> does not respond to coordinatorDidInstallPlaceholder:forApplicationRecord: (or any deprecated equivalent)
2026-09-19 19:58:16.819 Df installcoordinationd[27014:267ed7] [com.apple.appinstallation:TransactionLog] org.ps2x.ps2entryrunner/Unknown Persona:5:11:1:1:Updating PlaceholderMetadata for org.ps2x.ps2entryrunner with LSInstallType 1
2026-09-19 19:58:16.820 Df SpringBoard[26707:266d9e] [com.apple.SpringBoard:Icon] <<SBLeafIcon:0x1216aeb80 [org.ps2x.ps2entryrunner]>> Changing active data source: <SBApplicationIcon: 0x1216aeb80; uniqueIdentifier: org.ps2x.ps2entryrunner; bundleID: org.ps2x.ps2entryrunner>
2026-09-19 19:58:16.820 Df SpringBoard[26707:266d9e] [com.apple.SpringBoard:Icon] <<SBLeafIcon:0x1216aeb80 [org.ps2x.ps2entryrunner]>> Changing from data souce: (null) to data source:org.ps2x.ps2entryrunner.
2026-09-19 19:58:16.820 Df SpringBoard[26707:266d9e] [com.apple.SpringBoard:Icon] Reload icon image of org.ps2x.ps2entryrunner for reason 'active data source did change'
2026-09-19 19:58:16.821 Df SpringBoard[26707:266d9e] [com.apple.SpringBoard:Icon] icon model preparing to add icon to designated location: <SBApplicationIcon: 0x1216aeb80; uniqueIdentifier: org.ps2x.ps2entryrunner; bundleID: org.ps2x.ps2entryrunner>
2026-09-19 19:58:16.823 Df lsd[26764:266ef1] [com.apple.launchservices:progress] Using publishing string "org.ps2x.ps2entryrunner.InstallingPlaceholder" for the first time
2026-09-19 19:58:16.824 Df lsd[26764:266ef1] [com.apple.launchservices:progress] Parent progress for installation <NSProgress: org.ps2x.ps2entryrunner phase=InstallingPlaceholder; state=Finished; finalPhase=Installing; fractionCompleted=0.000000>, adding phase 3
2026-09-19 19:58:16.827 Df lsd[26764:266ef1] [com.apple.launchservices:progress] #LSInstallProgressList add subscriber: <_NSProgressSubscriber: 0x1056fd2f0> publishingString: org.ps2x.ps2entryrunner.InstallingPlaceholder
2026-09-19 19:58:16.827 Df lsd[26764:266ef1] [com.apple.launchservices:progress] Subscribing to org.ps2x.ps2entryrunner.InstallingPlaceholder
2026-09-19 19:58:16.828 Df installcoordinationd[27014:267ed7] [com.apple.launchservices:progress] Published install progress <NSProgress: org.ps2x.ps2entryrunner.InstallingPlaceholder phase=InstallingPlaceholder; state=Waiting; finalPhase=Installing; fractionCompleted=0.000000>
2026-09-19 19:58:16.833 Df runningboardd[26710:267eae] [com.apple.runningboard:connection] Received termination request from [osservice<com.apple.installcoordinationd>:27014] on <RBSProcessPredicate <RBSProcessBundleIdentifierPredicate "org.ps2x.ps2entryrunner">> with context <RBSTerminateContext| explanation:installcoordinationd app:[org.ps2x.ps2entryrunner/Invalid/[system-defined]] uuid:DAEA2CED-8F91-4A20-89D8-82F51339EF44 isPlaceholder:N reportType:None maxTerminationResistance:Absolute attrs:[
	<RBSPreventLaunchLimitation| <RBSProcessPredicate <RBSProcessBundleIdentifierPredicate "org.ps2x.ps2entryrunner">> allow:(null)>
	]>
2026-09-19 19:58:16.836 Df installd[27031:267c55] (MobileSystemServices) 0x16bb27000 -[MIClientConnection updatePlaceholderMetadataForApp:installType:failureReason:underlyingError:failureSource:completion:]: Update placeholder metadata requested by client installcoordinationd (pid 27014 (501/20)) for app org.ps2x.ps2entryrunner installType = 1 failureReason = 0 underlyingError = (null) failureSource = 0
2026-09-19 19:58:16.836 Df installd[27031:267c55] [com.apple.containermanager:xpc] Query; euid = 501, uid = 501, class = 1, identifier = [org.ps2x.ps2entryrunner](1), gidentifier = [(null)](0), flags = 300000002
2026-09-19 19:58:16.837 Df containermanagerd_system[26761:266e75] [com.apple.containermanager:query] Selected query plan; plan = <MCMCommandQueryPlanWithIdentities; identities = [<MCMContainerIdentity: 0x10645e2c0; userIdentity = <501/20/501/3/501>, identifier = org.ps2x.ps2entryrunner, class = (1)app, platform = 0, ownership = {501:20:u+rwx,g+rx,o+rx}, transient = 0>]>
2026-09-19 19:58:16.838 Df lsd[26764:266e4c] [com.apple.launchservices:progress] unsubscribing from org.ps2x.ps2entryrunner.InstallingPlaceholder as it was unpublished
2026-09-19 19:58:16.838 Df lsd[26764:266e4c] [com.apple.launchservices:progress] #LSInstallProgressList remove subscriber: <_NSProgressSubscriber: 0x1056fd2f0> publishingString: org.ps2x.ps2entryrunner.InstallingPlaceholder
2026-09-19 19:58:16.840 Df runningboardd[26710:267eae] [com.apple.runningboard:general] failed to get LSApplicationRecord for org.ps2x.ps2entryrunner - probably OK
2026-09-19 19:58:16.840 Df runningboardd[26710:267eae] [com.apple.runningboard:connection] skipping plugin hold for uninstalled proxy org.ps2x.ps2entryrunner
2026-09-19 19:58:16.841 Df runningboardd[26710:267eae] [com.apple.runningboard:ttl] Acquiring assertion targeting system from originator [osservice<com.apple.installcoordinationd>:27014] with description <RBSAssertionDescriptor| "installcoordinationd app:[org.ps2x.ps2entryrunner/Invalid/[system-defined]] uuid:DAEA2CED-8F91-4A20-89D8-82F51339EF44 isPlaceholder:N" ID:26710-27014-1623 target:system attributes:[
	<RBSPreventLaunchLimitation| <RBSProcessPredicate <RBSProcessBundleIdentifierPredicate "org.ps2x.ps2entryrunner">> allow:(null)>
	]>
2026-09-19 19:58:16.843 Df installd[27031:267c55] [com.apple.containermanager:xpc] Query; euid = 501, uid = 501, class = 1, identifier = [org.ps2x.ps2entryrunner](1), gidentifier = [(null)](0), flags = 300000002
2026-09-19 19:58:16.844 Df containermanagerd_system[26761:266e75] [com.apple.containermanager:query] Selected query plan; plan = <MCMCommandQueryPlanWithIdentities; identities = [<MCMContainerIdentity: 0x10645e2c0; userIdentity = <501/20/501/3/501>, identifier = org.ps2x.ps2entryrunner, class = (1)app, platform = 0, ownership = {501:20:u+rwx,g+rx,o+rx}, transient = 0>]>
2026-09-19 19:58:16.858 Df SpringBoard[26707:266d9e] [com.apple.appinstallation:TransactionLog] org.ps2x.ps2entryrunner/Unknown Persona:10:1:3:1:Created icon for placeholder.
2026-09-19 19:58:16.862 Df SpringBoard[26707:266d9e] [com.apple.frontboard.ApplicationLibrary:sb.placeholder] Placeholders added: (
    "<SBApplicationPlaceholder: 0x10f728060; bundleIdentifier: org.ps2x.ps2entryrunner; displayName: ps2EntryRunner>"
), modified: (
), removed: (null)
2026-09-19 19:58:16.862 Df SpringBoard[26707:266d9e] [com.apple.launchservices:progress] Got progress <NSProgress: org.ps2x.ps2entryrunner phase=InstallingPlaceholder; state=Finished; finalPhase=Installing; fractionCompleted=0.000000> for app org.ps2x.ps2entryrunner,
2026-09-19 19:58:16.863 Df runningboardd[26710:267eae] [com.apple.runningboard:process] Executing termination request for: <RBSProcessPredicate <RBSProcessBundleIdentifierPredicate "org.ps2x.ps2entryrunner">>
2026-09-19 19:58:16.872 Df lsd[26764:266ef1] [com.apple.appinstallation:TransactionLog] org.ps2x.ps2entryrunner/Unknown Persona:5:11:1:1:Updating bundle record for app (placeholderMetadata)
2026-09-19 19:58:16.872 Df lsd[26764:266ef1] [com.apple.launchservices:default] Created bundleRecordUpdater for app org.ps2x.ps2entryrunner. flags=14000040202
2026-09-19 19:58:16.872 Df lsd[26764:266ef1] [com.apple.launchservices:default] Updating database with (null) (null) {
    LSInstallType = 1;
    PlaceholderFailureReason = 0;
} for org.ps2x.ps2entryrunner: did not actually need an update, and it was not forced, so skipping
2026-09-19 19:58:16.872 Df lsd[26764:266ef1] [com.apple.appinstallation:TransactionLog] org.ps2x.ps2entryrunner/Unknown Persona:5:11:2:1:Updated bundle record (skipped)
2026-09-19 19:58:16.872 Df lsd[26764:266ef1] [com.apple.launchservices:progress] Sending applicationsDidUpdateMetadata: for (
    "org.ps2x.ps2entryrunner"
)
2026-09-19 19:58:16.873 Df profiled[26788:2670d1] [com.apple.launchservices:appinstallation] LaunchServices observer: MetadataUpdate (
    "org.ps2x.ps2entryrunner"
)
2026-09-19 19:58:16.873 Df mobiletimerd[26723:267ec0] [com.apple.launchservices:appinstallation] LaunchServices observer: MetadataUpdate (
    "org.ps2x.ps2entryrunner"
)
2026-09-19 19:58:16.874 Df chronod[26778:267779] [com.apple.launchservices:appinstallation] LaunchServices observer: MetadataUpdate (
    "org.ps2x.ps2entryrunner"
)
2026-09-19 19:58:16.875 Df locationd[26731:266e6e] [com.apple.launchservices:appinstallation] LaunchServices observer: MetadataUpdate (
    "org.ps2x.ps2entryrunner"
)
2026-09-19 19:58:16.875 Df financed[26830:267ef5] [com.apple.launchservices:appinstallation] LaunchServices observer: MetadataUpdate (
    "org.ps2x.ps2entryrunner"
)
2026-09-19 19:58:16.875 Df dasd[26733:266e73] [com.apple.launchservices:appinstallation] LaunchServices observer: MetadataUpdate (
    "org.ps2x.ps2entryrunner"
)
2026-09-19 19:58:16.876 Df sleepd[26734:266e2d] [com.apple.launchservices:appinstallation] LaunchServices observer: MetadataUpdate (
    "org.ps2x.ps2entryrunner"
)
2026-09-19 19:58:16.876 Df webbookmarksd[26825:2677d5] [com.apple.launchservices:appinstallation] LaunchServices observer: MetadataUpdate (
    "org.ps2x.ps2entryrunner"
)
2026-09-19 19:58:16.876 Df appstored[26913:267b2c] [com.apple.launchservices:appinstallation] LaunchServices observer: MetadataUpdate (
    "org.ps2x.ps2entryrunner"
)
2026-09-19 19:58:16.877 Df callservicesd[26783:2670fa] [com.apple.launchservices:appinstallation] LaunchServices observer: MetadataUpdate (
    "org.ps2x.ps2entryrunner"
)
2026-09-19 19:58:16.877 Df deviceaccessd[26862:267ef3] [com.apple.launchservices:appinstallation] LaunchServices observer: MetadataUpdate (
    "org.ps2x.ps2entryrunner"
)
2026-09-19 19:58:16.877 Df runningboardd[26710:266e4a] [com.apple.launchservices:appinstallation] LaunchServices observer: MetadataUpdate (
    "org.ps2x.ps2entryrunner"
)
2026-09-19 19:58:16.877 Df nsurlsessiond[26760:267ec4] [com.apple.launchservices:appinstallation] LaunchServices observer: MetadataUpdate (
    "org.ps2x.ps2entryrunner"
)
2026-09-19 19:58:16.877 Df passd[26736:2674c5] [com.apple.launchservices:appinstallation] LaunchServices observer: MetadataUpdate (
    "org.ps2x.ps2entryrunner"
)
2026-09-19 19:58:16.877 Df liveactivitiesd[26771:266fcb] [com.apple.launchservices:appinstallation] LaunchServices observer: MetadataUpdate (
    "org.ps2x.ps2entryrunner"
)
2026-09-19 19:58:16.884 Df homed[26787:2675c9] [com.apple.launchservices:appinstallation] LaunchServices observer: MetadataUpdate (
    "org.ps2x.ps2entryrunner"
)
2026-09-19 19:58:16.890 Df gamed[26848:267b00] [com.apple.launchservices:appinstallation] LaunchServices observer: MetadataUpdate (
    "org.ps2x.ps2entryrunner"
)
2026-09-19 19:58:16.897 Df installcoordinationd[27014:267ef7] [com.apple.installcoordination:daemon] -[IXSClientConnection _remote_removabilityForAppWithIdentity:completion:]: Returning removability PossibleAndAllowed for org.ps2x.ps2entryrunner to client SpringBoard (pid 26707)
2026-09-19 19:58:16.898 Df SpringBoard[26707:266d9e] [com.apple.appinstallation:TransactionLog] org.ps2x.ps2entryrunner/Unknown Persona:10:2:3:1:Reloading icon image.
2026-09-19 19:58:16.898 Df SpringBoard[26707:266d9e] [com.apple.SpringBoard:Icon] Reload icon image of org.ps2x.ps2entryrunner for reason 'active data source did generate image'
2026-09-19 19:58:16.898 Df SpringBoard[26707:266d9e] [com.apple.SpringBoard:Common] termination assertion acquired for org.ps2x.ps2entryrunner (app not found)
2026-09-19 19:58:16.899 Df SpringBoard[26707:266d9e] [com.apple.appinstallation:TransactionLog] org.ps2x.ps2entryrunner/Unknown Persona:10:2:3:1:Reloading icon image.
2026-09-19 19:58:16.899 Df SpringBoard[26707:266d9e] [com.apple.SpringBoard:Icon] Reload icon image of org.ps2x.ps2entryrunner for reason 'active data source did generate image'
2026-09-19 19:58:16.900 Df donotdisturbd[26765:267eed] [com.apple.launchservices:appinstallation] LaunchServices observer: MetadataUpdate (
    "org.ps2x.ps2entryrunner"
)
2026-09-19 19:58:16.913 Df installcoordinationd[27014:267c5b] [com.apple.installcoordination:daemon] -[IXSCoordinatedAppInstall assertionAcquiredCallback]: RBS termination assertion observer called for <IXSCoordinatedAppInstall<0x101a10000> [P=CoreSimulatorBridge (pid 26737)] identifier:[org.ps2x.ps2entryrunner/Invalid/[system-defined]] uuid:DAEA2CED-8F91-4A20-89D8-82F51339EF44 intent:IXCoordinatorIntentInitiating creator/appDRI:InstallCoordination Simple SPI importance:UserWaiting state:IXAppCoordinationStateWaitingForInstallAssertion promise-state:PA2I4>
2026-09-19 19:58:16.920 Df SpringBoard[26707:267cf2] [com.apple.launchservices:appinstallation] LaunchServices observer: MetadataUpdate (
    "org.ps2x.ps2entryrunner"
)
2026-09-19 19:58:16.924 Df routined[26715:266f9f] [com.apple.launchservices:appinstallation] LaunchServices observer: MetadataUpdate (
    "org.ps2x.ps2entryrunner"
)
2026-09-19 19:58:16.967 Df lsd[26764:267edd] [com.apple.appinstallation:TransactionLog] org.ps2x.ps2entryrunner/Unknown Persona:5:11:1:1:Updating bundle record for app (placeholderMetadata)
2026-09-19 19:58:16.985 Df lsd[26764:267edd] [com.apple.launchservices:default] Created bundleRecordUpdater for app org.ps2x.ps2entryrunner. flags=14000040202
2026-09-19 19:58:16.985 Df lsd[26764:267edd] [com.apple.launchservices:default] Updating database with (null) (null) {
    LSInstallType = 1;
} for org.ps2x.ps2entryrunner: did not actually need an update, and it was not forced, so skipping
2026-09-19 19:58:16.985 Df lsd[26764:267edd] [com.apple.appinstallation:TransactionLog] org.ps2x.ps2entryrunner/Unknown Persona:5:11:2:1:Updated bundle record (skipped)
2026-09-19 19:58:16.990 Df lsd[26764:267edd] [com.apple.launchservices:progress] Sending applicationInstallsDidStart: for (
    "<LSApplicationProxy: 0x105764000> org.ps2x.ps2entryrunner file:///Users/bradrichardson/Library/Developer/CoreSimulator/Devices/4DE6C37C-77EF-45AE-827E-26286E68D022/data/Containers/Bundle/Application/6CF69596-ECF0-46B0-9D71-FDAE7F945C67/ps2EntryRunner.app/ <org.ps2x.ps2entryrunner <placeholder >:1>"
)
2026-09-19 19:58:16.990 Df installcoordinationd[27014:267c5b] [com.apple.installcoordination:daemon] -[IXSCoordinatedAppInstall _onQueue_doInstall]: Acquired termination assertion for [org.ps2x.ps2entryrunner/Invalid/[system-defined]]; proceeding with install.
2026-09-19 19:58:16.991 Df installcoordinationd[27014:267ed7] [com.apple.appinstallation:TransactionLog] org.ps2x.ps2entryrunner/Unknown Persona:5:11:2:1:Updated Placeholder install type with error (null)
2026-09-19 19:58:16.992 Df installcoordinationd[27014:267c5b] [com.apple.installcoordination:daemon] -[IXSPowerAssertion initWithAssertionName:details:]: Acquired power assertion IXPowerAssertion-12-[org.ps2x.ps2entryrunner/Invalid/[system-defined]]
2026-09-19 19:58:16.994 Df profiled[26788:2670d1] [com.apple.launchservices:appinstallation] LaunchServices observer: InstallsStarted (
    "<LSApplicationProxy: 0x10948c000> org.ps2x.ps2entryrunner file:///Users/bradrichardson/Library/Developer/CoreSimulator/Devices/4DE6C37C-77EF-45AE-827E-26286E68D022/data/Containers/Bundle/Application/6CF69596-ECF0-46B0-9D71-FDAE7F945C67/ps2EntryRunner.app/ <org.ps2x.ps2entryrunner <placeholder >:1>"
)
2026-09-19 19:58:16.996 Df mobiletimerd[26723:267ec0] [com.apple.launchservices:appinstallation] LaunchServices observer: InstallsStarted (
    "<LSApplicationProxy: 0x1025a00c0> org.ps2x.ps2entryrunner file:///Users/bradrichardson/Library/Developer/CoreSimulator/Devices/4DE6C37C-77EF-45AE-827E-26286E68D022/data/Containers/Bundle/Application/6CF69596-ECF0-46B0-9D71-FDAE7F945C67/ps2EntryRunner.app/ <org.ps2x.ps2entryrunner <placeholder >:1>"
)
2026-09-19 19:58:16.998 Df locationd[26731:266e6e] [com.apple.launchservices:appinstallation] LaunchServices observer: InstallsStarted (
    "<LSApplicationProxy: 0x1036e0e40> org.ps2x.ps2entryrunner file:///Users/bradrichardson/Library/Developer/CoreSimulator/Devices/4DE6C37C-77EF-45AE-827E-26286E68D022/data/Containers/Bundle/Application/6CF69596-ECF0-46B0-9D71-FDAE7F945C67/ps2EntryRunner.app/ <org.ps2x.ps2entryrunner <placeholder >:1>"
)
2026-09-19 19:58:17.002 Df SpringBoard[26707:267cf9] [com.apple.launchservices:appinstallation] LaunchServices observer: InstallsStarted (
    "<LSApplicationProxy: 0x1217b4000> org.ps2x.ps2entryrunner file:///Users/bradrichardson/Library/Developer/CoreSimulator/Devices/4DE6C37C-77EF-45AE-827E-26286E68D022/data/Containers/Bundle/Application/6CF69596-ECF0-46B0-9D71-FDAE7F945C67/ps2EntryRunner.app/ <org.ps2x.ps2entryrunner <placeholder >:1>"
)
2026-09-19 19:58:17.002 Df SpringBoard[26707:267cf9] [com.apple.frontboard.ApplicationLibrary:observer] -[FBSApplicationLibrary applicationInstallsDidStart:] org.ps2x.ps2entryrunner
2026-09-19 19:58:17.006 Df SpringBoard[26707:266d9e] [com.apple.appinstallation:TransactionLog] org.ps2x.ps2entryrunner/Unknown Persona:10:2:3:1:Reloading icon image.
2026-09-19 19:58:17.006 Df SpringBoard[26707:266d9e] [com.apple.SpringBoard:Icon] Reload icon image of org.ps2x.ps2entryrunner for reason 'active data source did generate image'
2026-09-19 19:58:17.010 Df financed[26830:267393] [com.apple.launchservices:appinstallation] LaunchServices observer: InstallsStarted (
    "<LSApplicationProxy: 0x106531bc0> org.ps2x.ps2entryrunner file:///Users/bradrichardson/Library/Developer/CoreSimulator/Devices/4DE6C37C-77EF-45AE-827E-26286E68D022/data/Containers/Bundle/Application/6CF69596-ECF0-46B0-9D71-FDAE7F945C67/ps2EntryRunner.app/ <org.ps2x.ps2entryrunner <placeholder >:1>"
)
2026-09-19 19:58:17.010 Df chronod[26778:267779] [com.apple.launchservices:appinstallation] LaunchServices observer: InstallsStarted (
    "<LSApplicationProxy: 0x1026170c0> org.ps2x.ps2entryrunner file:///Users/bradrichardson/Library/Developer/CoreSimulator/Devices/4DE6C37C-77EF-45AE-827E-26286E68D022/data/Containers/Bundle/Application/6CF69596-ECF0-46B0-9D71-FDAE7F945C67/ps2EntryRunner.app/ <org.ps2x.ps2entryrunner <placeholder >:1>"
)
2026-09-19 19:58:17.011 Df installcoordinationd[27014:267ed7] [com.apple.appinstallation:TransactionLog] org.ps2x.ps2entryrunner/Unknown Persona:5:11:2:1:Updated PlaceholderMetadata for app with error (null)
2026-09-19 19:58:17.016 Df gamed[26848:267b00] [com.apple.launchservices:appinstallation] LaunchServices observer: InstallsStarted (
    "<LSApplicationProxy: 0x105ee4240> org.ps2x.ps2entryrunner file:///Users/bradrichardson/Library/Developer/CoreSimulator/Devices/4DE6C37C-77EF-45AE-827E-26286E68D022/data/Containers/Bundle/Application/6CF69596-ECF0-46B0-9D71-FDAE7F945C67/ps2EntryRunner.app/ <org.ps2x.ps2entryrunner <placeholder >:1>"
)
2026-09-19 19:58:17.017 Df donotdisturbd[26765:267eed] [com.apple.launchservices:appinstallation] LaunchServices observer: InstallsStarted (
    "<LSApplicationProxy: 0x103e89c80> org.ps2x.ps2entryrunner file:///Users/bradrichardson/Library/Developer/CoreSimulator/Devices/4DE6C37C-77EF-45AE-827E-26286E68D022/data/Containers/Bundle/Application/6CF69596-ECF0-46B0-9D71-FDAE7F945C67/ps2EntryRunner.app/ <org.ps2x.ps2entryrunner <placeholder >:1>"
)
2026-09-19 19:58:17.019 Df sleepd[26734:267ee0] [com.apple.launchservices:appinstallation] LaunchServices observer: InstallsStarted (
    "<LSApplicationProxy: 0x1026140c0> org.ps2x.ps2entryrunner file:///Users/bradrichardson/Library/Developer/CoreSimulator/Devices/4DE6C37C-77EF-45AE-827E-26286E68D022/data/Containers/Bundle/Application/6CF69596-ECF0-46B0-9D71-FDAE7F945C67/ps2EntryRunner.app/ <org.ps2x.ps2entryrunner <placeholder >:1>"
)
2026-09-19 19:58:17.021 Df lsd[26764:267edd] [com.apple.launchservices:progress] Sent distributed notification com.apple.LaunchServices.applicationRegistered with payload {
    bundleIDs =     (
        "org.ps2x.ps2entryrunner"
    );
    isPlaceholder = 1;
}
2026-09-19 19:58:17.022 Df deviceaccessd[26862:267ef3] [com.apple.launchservices:appinstallation] LaunchServices observer: InstallsStarted (
    "<LSApplicationProxy: 0x103e7c000> org.ps2x.ps2entryrunner file:///Users/bradrichardson/Library/Developer/CoreSimulator/Devices/4DE6C37C-77EF-45AE-827E-26286E68D022/data/Containers/Bundle/Application/6CF69596-ECF0-46B0-9D71-FDAE7F945C67/ps2EntryRunner.app/ <org.ps2x.ps2entryrunner <placeholder >:1>"
)
2026-09-19 19:58:17.023 Df passd[26736:2674c5] [com.apple.launchservices:appinstallation] LaunchServices observer: InstallsStarted (
    "<LSApplicationProxy: 0x10a9f92c0> org.ps2x.ps2entryrunner file:///Users/bradrichardson/Library/Developer/CoreSimulator/Devices/4DE6C37C-77EF-45AE-827E-26286E68D022/data/Containers/Bundle/Application/6CF69596-ECF0-46B0-9D71-FDAE7F945C67/ps2EntryRunner.app/ <org.ps2x.ps2entryrunner <placeholder >:1>"
)
2026-09-19 19:58:17.025 Df routined[26715:266f9f] [com.apple.launchservices:appinstallation] LaunchServices observer: InstallsStarted (
    "<LSApplicationProxy: 0x10a175d40> org.ps2x.ps2entryrunner file:///Users/bradrichardson/Library/Developer/CoreSimulator/Devices/4DE6C37C-77EF-45AE-827E-26286E68D022/data/Containers/Bundle/Application/6CF69596-ECF0-46B0-9D71-FDAE7F945C67/ps2EntryRunner.app/ <org.ps2x.ps2entryrunner <placeholder >:1>"
)
2026-09-19 19:58:17.026 Df liveactivitiesd[26771:266fcb] [com.apple.launchservices:appinstallation] LaunchServices observer: InstallsStarted (
    "<LSApplicationProxy: 0x106292a00> org.ps2x.ps2entryrunner file:///Users/bradrichardson/Library/Developer/CoreSimulator/Devices/4DE6C37C-77EF-45AE-827E-26286E68D022/data/Containers/Bundle/Application/6CF69596-ECF0-46B0-9D71-FDAE7F945C67/ps2EntryRunner.app/ <org.ps2x.ps2entryrunner <placeholder >:1>"
)
2026-09-19 19:58:17.026 Df appstored[26913:267ee3] [com.apple.launchservices:appinstallation] LaunchServices observer: InstallsStarted (
    "<LSApplicationProxy: 0x1026cc000> org.ps2x.ps2entryrunner file:///Users/bradrichardson/Library/Developer/CoreSimulator/Devices/4DE6C37C-77EF-45AE-827E-26286E68D022/data/Containers/Bundle/Application/6CF69596-ECF0-46B0-9D71-FDAE7F945C67/ps2EntryRunner.app/ <org.ps2x.ps2entryrunner <placeholder >:1>"
)
2026-09-19 19:58:17.027 Df lsd[26764:266e78] [com.apple.launchservices:progress] Setting progress proportions for org.ps2x.ps2entryrunner to {
    0 = "0.6";
    1 = "0.4";
    4 = 0;
}, error is (null)
2026-09-19 19:58:17.028 Df installcoordinationd[27014:267ed7] [com.apple.installcoordination:daemon] -[IXSCoordinatedAppInstall _limitedConcurrency_setUpLSProgressForInstallType:progressHint:]: <IXSCoordinatedAppInstall<0x101a10000> [P=CoreSimulatorBridge (pid 26737)] identifier:[org.ps2x.ps2entryrunner/Invalid/[system-defined]] uuid:DAEA2CED-8F91-4A20-89D8-82F51339EF44 intent:IXCoordinatorIntentInitiating creator/appDRI:InstallCoordination Simple SPI importance:UserWaiting state:IXAppCoordinationStateWaitingForInstall promise-state:PA2I4>: Set progress proportions to {
    0 = "0.6";
    1 = "0.4";
    4 = 0;
}
2026-09-19 19:58:17.028 Df webbookmarksd[26825:2677d5] [com.apple.launchservices:appinstallation] LaunchServices observer: InstallsStarted (
    "<LSApplicationProxy: 0x102dfbe60> org.ps2x.ps2entryrunner file:///Users/bradrichardson/Library/Developer/CoreSimulator/Devices/4DE6C37C-77EF-45AE-827E-26286E68D022/data/Containers/Bundle/Application/6CF69596-ECF0-46B0-9D71-FDAE7F945C67/ps2EntryRunner.app/ <org.ps2x.ps2entryrunner <placeholder >:1>"
)
2026-09-19 19:58:17.029 Df nsurlsessiond[26760:267ec4] [com.apple.launchservices:appinstallation] LaunchServices observer: InstallsStarted (
    "<LSApplicationProxy: 0x104690240> org.ps2x.ps2entryrunner file:///Users/bradrichardson/Library/Developer/CoreSimulator/Devices/4DE6C37C-77EF-45AE-827E-26286E68D022/data/Containers/Bundle/Application/6CF69596-ECF0-46B0-9D71-FDAE7F945C67/ps2EntryRunner.app/ <org.ps2x.ps2entryrunner <placeholder >:1>"
)
2026-09-19 19:58:17.029 Df callservicesd[26783:2670fa] [com.apple.launchservices:appinstallation] LaunchServices observer: InstallsStarted (
    "<LSApplicationProxy: 0x105dadf80> org.ps2x.ps2entryrunner file:///Users/bradrichardson/Library/Developer/CoreSimulator/Devices/4DE6C37C-77EF-45AE-827E-26286E68D022/data/Containers/Bundle/Application/6CF69596-ECF0-46B0-9D71-FDAE7F945C67/ps2EntryRunner.app/ <org.ps2x.ps2entryrunner <placeholder >:1>"
)
2026-09-19 19:58:17.029 Df lsd[26764:266e78] [com.apple.launchservices:progress] Using publishing string "org.ps2x.ps2entryrunner.Loading" for the first time
2026-09-19 19:58:17.029 Df lsd[26764:266e78] [com.apple.launchservices:progress] Updating installPhase for <NSProgress: org.ps2x.ps2entryrunner phase=InstallingPlaceholder; state=Finished; finalPhase=Installing; fractionCompleted=0.000000> to 0
2026-09-19 19:58:17.029 Df lsd[26764:266e78] [com.apple.launchservices:progress] Parent progress for installation <NSProgress: org.ps2x.ps2entryrunner phase=Loading; state=Finished; finalPhase=Installing; fractionCompleted=0.000000>, adding phase 0
2026-09-19 19:58:17.029 Df dasd[26733:266e88] [com.apple.launchservices:appinstallation] LaunchServices observer: InstallsStarted (
    "<LSApplicationProxy: 0x105fdc000> org.ps2x.ps2entryrunner file:///Users/bradrichardson/Library/Developer/CoreSimulator/Devices/4DE6C37C-77EF-45AE-827E-26286E68D022/data/Containers/Bundle/Application/6CF69596-ECF0-46B0-9D71-FDAE7F945C67/ps2EntryRunner.app/ <org.ps2x.ps2entryrunner <placeholder >:1>"
)
2026-09-19 19:58:17.029 Df homed[26787:2675c9] [com.apple.launchservices:appinstallation] LaunchServices observer: InstallsStarted (
    "<LSApplicationProxy: 0x108a9f9c0> org.ps2x.ps2entryrunner file:///Users/bradrichardson/Library/Developer/CoreSimulator/Devices/4DE6C37C-77EF-45AE-827E-26286E68D022/data/Containers/Bundle/Application/6CF69596-ECF0-46B0-9D71-FDAE7F945C67/ps2EntryRunner.app/ <org.ps2x.ps2entryrunner <placeholder >:1>"
)
2026-09-19 19:58:17.033 Df runningboardd[26710:266e4a] [com.apple.launchservices:appinstallation] LaunchServices observer: InstallsStarted (
    "<LSApplicationProxy: 0x1065b0240> org.ps2x.ps2entryrunner file:///Users/bradrichardson/Library/Developer/CoreSimulator/Devices/4DE6C37C-77EF-45AE-827E-26286E68D022/data/Containers/Bundle/Application/6CF69596-ECF0-46B0-9D71-FDAE7F945C67/ps2EntryRunner.app/ <org.ps2x.ps2entryrunner <placeholder >:1>"
)
2026-09-19 19:58:17.039 Df PosterBoard[26854:2675b1] [com.apple.launchservices:appinstallation] LaunchServices observer: MetadataUpdate (
    "org.ps2x.ps2entryrunner"
)
2026-09-19 19:58:17.050 Df lsd[26764:266e78] [com.apple.launchservices:progress] #LSInstallProgressList add subscriber: <_NSProgressSubscriber: 0x1056fe220> publishingString: org.ps2x.ps2entryrunner.Loading
2026-09-19 19:58:17.078 Df lsd[26764:266e78] [com.apple.launchservices:progress] Subscribing to org.ps2x.ps2entryrunner.Loading
2026-09-19 19:58:17.082 Df installcoordinationd[27014:267ed7] [com.apple.launchservices:progress] Published install progress <NSProgress: org.ps2x.ps2entryrunner.Loading phase=Loading; state=Waiting; finalPhase=Installing; fractionCompleted=0.000000>
2026-09-19 19:58:17.083 Df CoreSimulatorBridge[26737:267c63] [com.apple.installcoordination:framework] -[IXAppInstallCoordinator _clientDelegate_didUpdateProgress:forPhase:overallProgress:]: <IXInitiatingAppInstallCoordinator<0x105878680> identity:[org.ps2x.ps2entryrunner/Invalid/[system-defined]] uuid:DAEA2CED-8F91-4A20-89D8-82F51339EF44 creator:InstallCoordination Simple SPI>: Got did update progress delegate with percentComplete 100.000000 phase IXCoordinatorProgressPhaseLoading overallProgress 60.000000
2026-09-19 19:58:17.083 Df CoreSimulatorBridge[26737:267c63] [com.apple.installcoordination:framework] -[IXAppInstallCoordinator _clientDelegate_didUpdateProgress:forPhase:overallProgress:]_block_invoke: <IXInitiatingAppInstallCoordinator<0x105878680> identity:[org.ps2x.ps2entryrunner/Invalid/[system-defined]] uuid:DAEA2CED-8F91-4A20-89D8-82F51339EF44 creator:InstallCoordination Simple SPI>: Calling selector coordinator:didUpdateProgress:forPhase:overallProgress: on observer <_IXSimpleInstallerDelegate 0x0x105854ea0>
2026-09-19 19:58:17.085 Df PosterBoard[26854:2675b1] [com.apple.launchservices:appinstallation] LaunchServices observer: InstallsStarted (
    "<LSApplicationProxy: 0x10ad9db00> org.ps2x.ps2entryrunner file:///Users/bradrichardson/Library/Developer/CoreSimulator/Devices/4DE6C37C-77EF-45AE-827E-26286E68D022/data/Containers/Bundle/Application/6CF69596-ECF0-46B0-9D71-FDAE7F945C67/ps2EntryRunner.app/ <org.ps2x.ps2entryrunner <placeholder >:1>"
)
2026-09-19 19:58:17.085 Df lsd[26764:267f0a] [com.apple.launchservices:progress] Using publishing string "org.ps2x.ps2entryrunner.Installing" for the first time
2026-09-19 19:58:17.085 Df lsd[26764:267f0a] [com.apple.launchservices:progress] Updating installPhase for <NSProgress: org.ps2x.ps2entryrunner phase=Loading; state=Finished; finalPhase=Installing; fractionCompleted=0.000000> to 1
2026-09-19 19:58:17.101 Df lsd[26764:267f0a] [com.apple.launchservices:progress] Parent progress for installation <NSProgress: org.ps2x.ps2entryrunner phase=Installing; state=Finished; finalPhase=Installing; fractionCompleted=0.000000>, adding phase 1
2026-09-19 19:58:17.102 Df lsd[26764:266e4c] [com.apple.launchservices:progress] unsubscribing from org.ps2x.ps2entryrunner.Loading as it was unpublished
2026-09-19 19:58:17.106 Df liveactivitiesd[26771:266edb] [com.apple.launchservices:progress] Got progress <NSProgress: org.ps2x.ps2entryrunner phase=Loading; state=Finished; finalPhase=Installing; fractionCompleted=0.000000> for app org.ps2x.ps2entryrunner,
2026-09-19 19:58:17.106 Df liveactivitiesd[26771:267f03] [com.apple.launchservices:progress] #LSInstallProgressList add subscriber: <_NSProgressSubscriber: 0x106095f80> publishingString: org.ps2x.ps2entryrunner
2026-09-19 19:58:17.106 Df liveactivitiesd[26771:267f03] [com.apple.launchservices:progress] Subscribing to progress for app org.ps2x.ps2entryrunner,
2026-09-19 19:58:17.172 Df lsd[26764:267f0a] [com.apple.launchservices:progress] #LSInstallProgressList add subscriber: <_NSProgressSubscriber: 0x1056fdb90> publishingString: org.ps2x.ps2entryrunner.Installing
2026-09-19 19:58:17.190 Df lsd[26764:267f0a] [com.apple.launchservices:progress] Subscribing to org.ps2x.ps2entryrunner.Installing
2026-09-19 19:58:17.191 Df installcoordinationd[27014:267bce] [com.apple.launchservices:progress] Published install progress <NSProgress: org.ps2x.ps2entryrunner.Installing phase=Installing; state=Waiting; finalPhase=Installing; fractionCompleted=0.000000>
2026-09-19 19:58:17.197 Df lsd[26764:266e4c] [com.apple.launchservices:progress] #LSInstallProgressList remove subscriber: <_NSProgressSubscriber: 0x1056fe220> publishingString: org.ps2x.ps2entryrunner.Loading
2026-09-19 19:58:17.204 Df runningboardd[26710:266e46] [com.apple.runningboard:process] Checking PreventLaunch: global:0 exPath:(null) predicates:{(
    <RBSProcessPredicate <RBSProcessBundleIdentifierPredicate "org.ps2x.ps2entryrunner">>
)} allow:(null)
2026-09-19 19:58:17.207 Df installd[27031:267d23] (MobileSystemServices) 0x16bc3f000 -[MIClientConnection _doInstallationForURL:identity:domain:options:operationType:completion:]: Install of "/Users/bradrichardson/Library/Developer/CoreSimulator/Devices/4DE6C37C-77EF-45AE-827E-26286E68D022/data/Containers/Shared/SystemGroup/systemgroup.com.apple.installcoordinationd/Library/InstallCoordination/PromiseStaging/E28DA2B6-CC58-448C-8B84-970661F983DE/ps2EntryRunner.app" type Developer (LSInstallType = 0, Domain: MIInstallationDomainDefault) requested by installcoordinationd (pid 27014 (501/20))
2026-09-19 19:58:17.211 Df CoreSimulatorBridge[26737:267ede] [com.apple.installcoordination:framework] -[IXAppInstallCoordinator _clientDelegate_didUpdateProgress:forPhase:overallProgress:]: <IXInitiatingAppInstallCoordinator<0x105878680> identity:[org.ps2x.ps2entryrunner/Invalid/[system-defined]] uuid:DAEA2CED-8F91-4A20-89D8-82F51339EF44 creator:InstallCoordination Simple SPI>: Got did update progress delegate with percentComplete 5.000000 phase IXCoordinatorProgressPhaseInstalling overallProgress 62.000000
2026-09-19 19:58:17.211 Df CoreSimulatorBridge[26737:267ede] [com.apple.installcoordination:framework] -[IXAppInstallCoordinator _clientDelegate_didUpdateProgress:forPhase:overallProgress:]_block_invoke: <IXInitiatingAppInstallCoordinator<0x105878680> identity:[org.ps2x.ps2entryrunner/Invalid/[system-defined]] uuid:DAEA2CED-8F91-4A20-89D8-82F51339EF44 creator:InstallCoordination Simple SPI>: Calling selector coordinator:didUpdateProgress:forPhase:overallProgress: on observer <_IXSimpleInstallerDelegate 0x0x105854ea0>
2026-09-19 19:58:17.214 Df installd[27031:267d23] [com.apple.containermanager:xpc] Query; euid = 501, uid = 501, class = 1, identifier = [org.ps2x.ps2entryrunner](1), gidentifier = [(null)](0), flags = 300000002
2026-09-19 19:58:17.214 Df containermanagerd_system[26761:266e75] [com.apple.containermanager:query] Selected query plan; plan = <MCMCommandQueryPlanWithIdentities; identities = [<MCMContainerIdentity: 0x10645c700; userIdentity = <501/20/501/3/501>, identifier = org.ps2x.ps2entryrunner, class = (1)app, platform = 0, ownership = {501:20:u+rwx,g+rx,o+rx}, transient = 0>]>
2026-09-19 19:58:17.216 Df installd[27031:267d23] [com.apple.containermanager:xpc] Query; euid = 501, uid = 501, class = 1, identifier = [org.ps2x.ps2entryrunner](1), gidentifier = [(null)](0), flags = 300000002
2026-09-19 19:58:17.216 Df containermanagerd_system[26761:266e75] [com.apple.containermanager:query] Selected query plan; plan = <MCMCommandQueryPlanWithIdentities; identities = [<MCMContainerIdentity: 0x10645c700; userIdentity = <501/20/501/3/501>, identifier = org.ps2x.ps2entryrunner, class = (1)app, platform = 0, ownership = {501:20:u+rwx,g+rx,o+rx}, transient = 0>]>
2026-09-19 19:58:17.223 Df installd[27031:267d23] [com.apple.containermanager:xpc] Query; euid = 501, uid = 501, class = 1, identifier = [org.ps2x.ps2entryrunner](1), gidentifier = [(null)](0), flags = 300000002
2026-09-19 19:58:17.223 Df installcoordinationd[27014:267f02] [com.apple.installcoordination:daemon] -[IXSCoordinatorProgress setTotalUnitsCompleted:]: Progress for coordinator: [org.ps2x.ps2entryrunner/Invalid/[system-defined]], Phase: IXCoordinatorProgressPhaseInstalling, Percentage: 20.000000: Attempt to set units completed on finished progress: 20
2026-09-19 19:58:17.224 Df containermanagerd_system[26761:266e75] [com.apple.containermanager:query] Selected query plan; plan = <MCMCommandQueryPlanWithIdentities; identities = [<MCMContainerIdentity: 0x10645c700; userIdentity = <501/20/501/3/501>, identifier = org.ps2x.ps2entryrunner, class = (1)app, platform = 0, ownership = {501:20:u+rwx,g+rx,o+rx}, transient = 0>]>
2026-09-19 19:58:17.225 Df installd[27031:267d23] [com.apple.containermanager:xpc] Query; euid = 501, uid = 501, class = 1, identifier = [org.ps2x.ps2entryrunner](1), gidentifier = [(null)](0), flags = 300000002
2026-09-19 19:58:17.225 Df containermanagerd_system[26761:266e75] [com.apple.containermanager:query] Selected query plan; plan = <MCMCommandQueryPlanWithIdentities; identities = [<MCMContainerIdentity: 0x10645c700; userIdentity = <501/20/501/3/501>, identifier = org.ps2x.ps2entryrunner, class = (1)app, platform = 0, ownership = {501:20:u+rwx,g+rx,o+rx}, transient = 0>]>
2026-09-19 19:58:17.240 Df CoreSimulatorBridge[26737:267c63] [com.apple.installcoordination:framework] -[IXAppInstallCoordinator _clientDelegate_didUpdateProgress:forPhase:overallProgress:]: <IXInitiatingAppInstallCoordinator<0x105878680> identity:[org.ps2x.ps2entryrunner/Invalid/[system-defined]] uuid:DAEA2CED-8F91-4A20-89D8-82F51339EF44 creator:InstallCoordination Simple SPI>: Got did update progress delegate with percentComplete 15.000000 phase IXCoordinatorProgressPhaseInstalling overallProgress 66.000000
2026-09-19 19:58:17.240 Df CoreSimulatorBridge[26737:267c63] [com.apple.installcoordination:framework] -[IXAppInstallCoordinator _clientDelegate_didUpdateProgress:forPhase:overallProgress:]: <IXInitiatingAppInstallCoordinator<0x105878680> identity:[org.ps2x.ps2entryrunner/Invalid/[system-defined]] uuid:DAEA2CED-8F91-4A20-89D8-82F51339EF44 creator:InstallCoordination Simple SPI>: Got did update progress delegate with percentComplete 20.000000 phase IXCoordinatorProgressPhaseInstalling overallProgress 68.000000
2026-09-19 19:58:17.240 Df CoreSimulatorBridge[26737:267c63] [com.apple.installcoordination:framework] -[IXAppInstallCoordinator _clientDelegate_didUpdateProgress:forPhase:overallProgress:]_block_invoke: <IXInitiatingAppInstallCoordinator<0x105878680> identity:[org.ps2x.ps2entryrunner/Invalid/[system-defined]] uuid:DAEA2CED-8F91-4A20-89D8-82F51339EF44 creator:InstallCoordination Simple SPI>: Calling selector coordinator:didUpdateProgress:forPhase:overallProgress: on observer <_IXSimpleInstallerDelegate 0x0x105854ea0>
2026-09-19 19:58:17.240 Df CoreSimulatorBridge[26737:267c63] [com.apple.installcoordination:framework] -[IXAppInstallCoordinator _clientDelegate_didUpdateProgress:forPhase:overallProgress:]_block_invoke: <IXInitiatingAppInstallCoordinator<0x105878680> identity:[org.ps2x.ps2entryrunner/Invalid/[system-defined]] uuid:DAEA2CED-8F91-4A20-89D8-82F51339EF44 creator:InstallCoordination Simple SPI>: Calling selector coordinator:didUpdateProgress:forPhase:overallProgress: on observer <_IXSimpleInstallerDelegate 0x0x105854ea0>
2026-09-19 19:58:17.261 Df installd[27031:267d23] (MobileSystemServices) 0x16bc3f000 -[MIInstaller _installInstallable:containingSymlink:error:]: Installing <MIInstallableBundle ID=org.ps2x.ps2entryrunner; Persona=com.apple.containermanager.primary-persona, Version=(null), ShortVersion=(null)>
2026-09-19 19:58:17.261 Df installd[27031:267d23] [com.apple.appinstallation:TransactionLog] org.ps2x.ps2entryrunner/com.apple.containermanager.primary-persona:7:5:1:1:Start : Install (New)
2026-09-19 19:58:17.262 Df CoreSimulatorBridge[26737:267ede] [com.apple.installcoordination:framework] -[IXAppInstallCoordinator _clientDelegate_didUpdateProgress:forPhase:overallProgress:]: <IXInitiatingAppInstallCoordinator<0x105878680> identity:[org.ps2x.ps2entryrunner/Invalid/[system-defined]] uuid:DAEA2CED-8F91-4A20-89D8-82F51339EF44 creator:InstallCoordination Simple SPI>: Got did update progress delegate with percentComplete 30.000000 phase IXCoordinatorProgressPhaseInstalling overallProgress 72.000000
2026-09-19 19:58:17.262 Df CoreSimulatorBridge[26737:267ede] [com.apple.installcoordination:framework] -[IXAppInstallCoordinator _clientDelegate_didUpdateProgress:forPhase:overallProgress:]_block_invoke: <IXInitiatingAppInstallCoordinator<0x105878680> identity:[org.ps2x.ps2entryrunner/Invalid/[system-defined]] uuid:DAEA2CED-8F91-4A20-89D8-82F51339EF44 creator:InstallCoordination Simple SPI>: Calling selector coordinator:didUpdateProgress:forPhase:overallProgress: on observer <_IXSimpleInstallerDelegate 0x0x105854ea0>
2026-09-19 19:58:17.265 Df installd[27031:267d23] [com.apple.containermanager:query] Query; personaid = 4294967295, type = NOPERSONA, name = <unknown>, origin [pid = 0, personaid = 0], proximate [pid = 0, personaid = 0], euid = 501, uid = 501, class = 4, identifier = [org.ps2x.ps2entryrunner](1), gidentifier = [(null)](0), flags = 300000000
2026-09-19 19:58:17.265 Df containermanagerd[26767:266edf] [com.apple.containermanager:query] Selected query plan; plan = <MCMCommandQueryPlanWithIdentities; identities = [<MCMContainerIdentity: 0x103c618c0; userIdentity = <501/20/501/2/501>, identifier = org.ps2x.ps2entryrunner, class = (4)pluginData, platform = 0, ownership = {501:20:u+rwx,g+rx,o+rx}, transient = 0>]>
2026-09-19 19:58:17.270 Df CoreSimulatorBridge[26737:267c63] [com.apple.installcoordination:framework] -[IXAppInstallCoordinator _clientDelegate_didUpdateProgress:forPhase:overallProgress:]: <IXInitiatingAppInstallCoordinator<0x105878680> identity:[org.ps2x.ps2entryrunner/Invalid/[system-defined]] uuid:DAEA2CED-8F91-4A20-89D8-82F51339EF44 creator:InstallCoordination Simple SPI>: Got did update progress delegate with percentComplete 40.000000 phase IXCoordinatorProgressPhaseInstalling overallProgress 76.000000
2026-09-19 19:58:17.270 Df CoreSimulatorBridge[26737:267c63] [com.apple.installcoordination:framework] -[IXAppInstallCoordinator _clientDelegate_didUpdateProgress:forPhase:overallProgress:]_block_invoke: <IXInitiatingAppInstallCoordinator<0x105878680> identity:[org.ps2x.ps2entryrunner/Invalid/[system-defined]] uuid:DAEA2CED-8F91-4A20-89D8-82F51339EF44 creator:InstallCoordination Simple SPI>: Calling selector coordinator:didUpdateProgress:forPhase:overallProgress: on observer <_IXSimpleInstallerDelegate 0x0x105854ea0>
2026-09-19 19:58:17.272 Df installd[27031:267d23] [com.apple.containermanager:query] Query; personaid = 4294967295, type = NOPERSONA, name = <unknown>, origin [pid = 0, personaid = 0], proximate [pid = 0, personaid = 0], euid = 501, uid = 501, class = 4, identifier = [org.ps2x.ps2entryrunner](1), gidentifier = [(null)](0), flags = 300000000
2026-09-19 19:58:17.272 Df containermanagerd[26767:266edf] [com.apple.containermanager:query] Selected query plan; plan = <MCMCommandQueryPlanWithIdentities; identities = [<MCMContainerIdentity: 0x103c618c0; userIdentity = <501/20/501/2/501>, identifier = org.ps2x.ps2entryrunner, class = (4)pluginData, platform = 0, ownership = {501:20:u+rwx,g+rx,o+rx}, transient = 0>]>
2026-09-19 19:58:17.273 Df installd[27031:267d23] [com.apple.containermanager:xpc] Query; euid = 501, uid = 501, class = 1T, identifier = [org.ps2x.ps2entryrunner](1), gidentifier = [(null)](0), flags = 300000003
2026-09-19 19:58:17.274 Df CoreSimulatorBridge[26737:267ede] [com.apple.installcoordination:framework] -[IXAppInstallCoordinator _clientDelegate_didUpdateProgress:forPhase:overallProgress:]: <IXInitiatingAppInstallCoordinator<0x105878680> identity:[org.ps2x.ps2entryrunner/Invalid/[system-defined]] uuid:DAEA2CED-8F91-4A20-89D8-82F51339EF44 creator:InstallCoordination Simple SPI>: Got did update progress delegate with percentComplete 50.000000 phase IXCoordinatorProgressPhaseInstalling overallProgress 80.000000
2026-09-19 19:58:17.274 Df CoreSimulatorBridge[26737:267ede] [com.apple.installcoordination:framework] -[IXAppInstallCoordinator _clientDelegate_didUpdateProgress:forPhase:overallProgress:]_block_invoke: <IXInitiatingAppInstallCoordinator<0x105878680> identity:[org.ps2x.ps2entryrunner/Invalid/[system-defined]] uuid:DAEA2CED-8F91-4A20-89D8-82F51339EF44 creator:InstallCoordination Simple SPI>: Calling selector coordinator:didUpdateProgress:forPhase:overallProgress: on observer <_IXSimpleInstallerDelegate 0x0x105854ea0>
2026-09-19 19:58:17.281 Df appprotectiond[26726:267ef4] [com.apple.appprotection:server] received note: name = com.apple.LaunchServices.applicationRegistered, object = Optional(AppProtection.DistnotedXPCEventStreamTranslator), userInfo = Optional([AnyHashable("bundleIDs"): <__NSCFArray 0x1015e6740>(
org.ps2x.ps2entryrunner
)
, AnyHashable("isPlaceholder"): 1])
2026-09-19 19:58:17.281 Df appprotectiond[26726:267ef4] [com.apple.appprotection:server] processing settings authority event: SettingsAuthorityEvent.promotePreferenceFromProvisionalForApplication(org.ps2x.ps2entryrunner)
2026-09-19 19:58:17.282 Df containermanagerd_system[26761:266e75] [com.apple.containermanager:query] Selected query plan; plan = <MCMCommandQueryPlanWithIdentities; identities = [<MCMContainerIdentity: 0x10645c700; userIdentity = <501/20/501/3/501>, identifier = org.ps2x.ps2entryrunner, class = (1)app, platform = 0, ownership = {501:20:u+rwx,g+rx,o+rx}, transient = 1>]>
2026-09-19 19:58:17.286 Df dmd[26846:2671df] Received xpc stream event (trusted distributed notification matching) with name: com.apple.LaunchServices.applicationRegistered user info: {
    bundleIDs =     (
        "org.ps2x.ps2entryrunner"
    );
    isPlaceholder = 1;
}
2026-09-19 19:58:17.287 E  containermanagerd_system[26761:266e75] [com.apple.containermanager:schema] [org.ps2x.ps2entryrunner(app)] Current schema version (1) is newer than the latest (0), ignoring.
2026-09-19 19:58:17.287 Df containermanagerd_system[26761:266e75] [com.apple.containermanager:schema] [u D224CE35-2851-4265-AEBE-B99FBB443B68:p 🔒8C8BD472-3DFC-4C5F-B650-A0993544D9EB:c org.ps2x.ps2entryrunner(app):i86421581] Successfully updated schema from (0) → (0), actions count = 0
2026-09-19 19:58:17.308 Df installd[27031:267d23] [com.apple.containermanager:xpc] Query; euid = 501, uid = 501, class = 1T, identifier = [org.ps2x.ps2entryrunner](1), gidentifier = [(null)](0), flags = 300000002
2026-09-19 19:58:17.308 Df containermanagerd_system[26761:266e75] [com.apple.containermanager:query] Selected query plan; plan = <MCMCommandQueryPlanWithIdentities; identities = [<MCMContainerIdentity: 0x10645c700; userIdentity = <501/20/501/3/501>, identifier = org.ps2x.ps2entryrunner, class = (1)app, platform = 0, ownership = {501:20:u+rwx,g+rx,o+rx}, transient = 1>]>
2026-09-19 19:58:17.313 Df installd[27031:267d23] [com.apple.containermanager:query] Query; personaid = 4294967295, type = NOPERSONA, name = <unknown>, origin [pid = 0, personaid = 0], proximate [pid = 0, personaid = 0], euid = 501, uid = 501, class = 2, identifier = [org.ps2x.ps2entryrunner](1), gidentifier = [(null)](0), flags = 300000003
2026-09-19 19:58:17.314 Df CoreSimulatorBridge[26737:267c63] [com.apple.installcoordination:framework] -[IXAppInstallCoordinator _clientDelegate_didUpdateProgress:forPhase:overallProgress:]: <IXInitiatingAppInstallCoordinator<0x105878680> identity:[org.ps2x.ps2entryrunner/Invalid/[system-defined]] uuid:DAEA2CED-8F91-4A20-89D8-82F51339EF44 creator:InstallCoordination Simple SPI>: Got did update progress delegate with percentComplete 60.000000 phase IXCoordinatorProgressPhaseInstalling overallProgress 84.000000
2026-09-19 19:58:17.314 Df CoreSimulatorBridge[26737:267c63] [com.apple.installcoordination:framework] -[IXAppInstallCoordinator _clientDelegate_didUpdateProgress:forPhase:overallProgress:]_block_invoke: <IXInitiatingAppInstallCoordinator<0x105878680> identity:[org.ps2x.ps2entryrunner/Invalid/[system-defined]] uuid:DAEA2CED-8F91-4A20-89D8-82F51339EF44 creator:InstallCoordination Simple SPI>: Calling selector coordinator:didUpdateProgress:forPhase:overallProgress: on observer <_IXSimpleInstallerDelegate 0x0x105854ea0>
2026-09-19 19:58:17.314 Df CoreSimulatorBridge[26737:267ede] [com.apple.installcoordination:framework] -[IXAppInstallCoordinator _clientDelegate_didUpdateProgress:forPhase:overallProgress:]: <IXInitiatingAppInstallCoordinator<0x105878680> identity:[org.ps2x.ps2entryrunner/Invalid/[system-defined]] uuid:DAEA2CED-8F91-4A20-89D8-82F51339EF44 creator:InstallCoordination Simple SPI>: Got did update progress delegate with percentComplete 70.000000 phase IXCoordinatorProgressPhaseInstalling overallProgress 88.000000
2026-09-19 19:58:17.314 Df CoreSimulatorBridge[26737:267ede] [com.apple.installcoordination:framework] -[IXAppInstallCoordinator _clientDelegate_didUpdateProgress:forPhase:overallProgress:]_block_invoke: <IXInitiatingAppInstallCoordinator<0x105878680> identity:[org.ps2x.ps2entryrunner/Invalid/[system-defined]] uuid:DAEA2CED-8F91-4A20-89D8-82F51339EF44 creator:InstallCoordination Simple SPI>: Calling selector coordinator:didUpdateProgress:forPhase:overallProgress: on observer <_IXSimpleInstallerDelegate 0x0x105854ea0>
2026-09-19 19:58:17.335 Df containermanagerd[26767:266edf] [com.apple.containermanager:query] Selected query plan; plan = <MCMCommandQueryPlanWithIdentities; identities = [<MCMContainerIdentity: 0x103c618c0; userIdentity = <501/20/501/2/501>, identifier = org.ps2x.ps2entryrunner, class = (2)appData, platform = 0, ownership = {501:20:u+rwx,g+rx,o+rx}, transient = 0>]>
2026-09-19 19:58:17.358 Df installd[27031:267d23] [com.apple.containermanager:query] Query; personaid = 4294967295, type = NOPERSONA, name = <unknown>, origin [pid = 0, personaid = 0], proximate [pid = 0, personaid = 0], euid = 501, uid = 501, class = 2, identifier = [org.ps2x.ps2entryrunner](1), gidentifier = [(null)](0), flags = 300000002
2026-09-19 19:58:17.358 Df containermanagerd[26767:266edf] [com.apple.containermanager:query] Selected query plan; plan = <MCMCommandQueryPlanWithIdentities; identities = [<MCMContainerIdentity: 0x103c618c0; userIdentity = <501/20/501/2/501>, identifier = org.ps2x.ps2entryrunner, class = (2)appData, platform = 0, ownership = {501:20:u+rwx,g+rx,o+rx}, transient = 0>]>
2026-09-19 19:58:17.386 Df installd[27031:267d23] (MobileSystemServices) 0x16bc3f000 -[MIPlaceholderConstructor _writeIconToPlaceholder:infoPlistIconContent:error:]: Bundle at /Users/bradrichardson/Library/Developer/CoreSimulator/Devices/4DE6C37C-77EF-45AE-827E-26286E68D022/data/Containers/Temp/Bundle/Application/813AA66E-03FF-4F2D-B6EB-57210E098028/ps2EntryRunner.app has no icon (no Icon Info.plist content)
2026-09-19 19:58:17.425 Df CoreSimulatorBridge[26737:267c63] [com.apple.installcoordination:framework] -[IXAppInstallCoordinator _clientDelegate_didUpdateProgress:forPhase:overallProgress:]: <IXInitiatingAppInstallCoordinator<0x105878680> identity:[org.ps2x.ps2entryrunner/Invalid/[system-defined]] uuid:DAEA2CED-8F91-4A20-89D8-82F51339EF44 creator:InstallCoordination Simple SPI>: Got did update progress delegate with percentComplete 80.000000 phase IXCoordinatorProgressPhaseInstalling overallProgress 92.000000
2026-09-19 19:58:17.425 Df CoreSimulatorBridge[26737:267c63] [com.apple.installcoordination:framework] -[IXAppInstallCoordinator _clientDelegate_didUpdateProgress:forPhase:overallProgress:]_block_invoke: <IXInitiatingAppInstallCoordinator<0x105878680> identity:[org.ps2x.ps2entryrunner/Invalid/[system-defined]] uuid:DAEA2CED-8F91-4A20-89D8-82F51339EF44 creator:InstallCoordination Simple SPI>: Calling selector coordinator:didUpdateProgress:forPhase:overallProgress: on observer <_IXSimpleInstallerDelegate 0x0x105854ea0>
2026-09-19 19:58:17.450 Df installd[27031:267d23] (MobileSystemServices) 0x16bc3f000 -[MIInstallationJournalEntry _refreshUUIDForContainer:withError:]: Data container for org.ps2x.ps2entryrunner is now at /Users/bradrichardson/Library/Developer/CoreSimulator/Devices/4DE6C37C-77EF-45AE-827E-26286E68D022/data/Containers/Data/Application/66B79458-8486-4FF6-A021-87B6892848D3
2026-09-19 19:58:17.451 Df containermanagerd[26767:266edf] [com.apple.containermanager:schema] [u 9A8002E8-471F-48D4-801E-EDB471655472:p 🔒66B79458-8486-4FF6-A021-87B6892848D3:c org.ps2x.ps2entryrunner(appData):i0] Successfully updated schema from (0) → (1), actions count = 6
2026-09-19 19:58:17.451 Df installd[27031:267d23] [com.apple.containermanager:unspecified] Replace; old = [app:org.ps2x.ps2entryrunner:501::(C425BADF-C27C-4E96-8075-0DD629BBA24F):{501:20:u+rwx,g+rx,o+rx}], new = [temp-app:org.ps2x.ps2entryrunner:501::(D224CE35-2851-4265-AEBE-B99FBB443B68):{501:20:u+rwx,g+rx,o+rx}] {NEW}
2026-09-19 19:58:17.529 Df appstored[26913:267ee1] [com.apple.launchservices:progress] #LSInstallProgressList add subscriber: <_NSProgressSubscriber: 0x10265f240> publishingString: org.ps2x.ps2entryrunner
2026-09-19 19:58:17.529 Df appstored[26913:267ee1] [com.apple.launchservices:progress] Subscribing to progress for app org.ps2x.ps2entryrunner,
2026-09-19 19:58:17.530 Df appstored[26913:267617] [com.apple.launchservices:progress] Got progress <NSProgress: org.ps2x.ps2entryrunner phase=Installing; state=Active; finalPhase=Installing; fractionCompleted=0.920000> for app org.ps2x.ps2entryrunner,
2026-09-19 19:58:17.562 Df installd[27031:267d23] [com.apple.containermanager:xpc] Query; euid = 501, uid = 501, class = 1, identifier = [org.ps2x.ps2entryrunner](1), gidentifier = [(null)](0), flags = 300000002
2026-09-19 19:58:17.562 Df containermanagerd_system[26761:266e77] [com.apple.containermanager:query] Selected query plan; plan = <MCMCommandQueryPlanWithIdentities; identities = [<MCMContainerIdentity: 0x10645ca80; userIdentity = <501/20/501/3/501>, identifier = org.ps2x.ps2entryrunner, class = (1)app, platform = 0, ownership = {501:20:u+rwx,g+rx,o+rx}, transient = 0>]>
2026-09-19 19:58:17.563 Df installd[27031:267d23] (MobileSystemServices) 0x16bc3f000 -[MIContainer makeContainerLiveReplacingContainer:reason:waitForDeletion:withError:]: Made container live for org.ps2x.ps2entryrunner at /Users/bradrichardson/Library/Developer/CoreSimulator/Devices/4DE6C37C-77EF-45AE-827E-26286E68D022/data/Containers/Bundle/Application/813AA66E-03FF-4F2D-B6EB-57210E098028
2026-09-19 19:58:17.564 Df installd[27031:267d23] [com.apple.containermanager:xpc] Query; euid = 501, uid = 501, class = 1, identifier = [org.ps2x.ps2entryrunner](1), gidentifier = [(null)](0), flags = 300000002
2026-09-19 19:58:17.568 Df containermanagerd_system[26761:266e75] [com.apple.containermanager:query] Selected query plan; plan = <MCMCommandQueryPlanWithIdentities; identities = [<MCMContainerIdentity: 0x10645c700; userIdentity = <501/20/501/3/501>, identifier = org.ps2x.ps2entryrunner, class = (1)app, platform = 0, ownership = {501:20:u+rwx,g+rx,o+rx}, transient = 0>]>
2026-09-19 19:58:17.573 Df CoreSimulatorBridge[26737:267ede] [com.apple.installcoordination:framework] -[IXAppInstallCoordinator _clientDelegate_didUpdateProgress:forPhase:overallProgress:]: <IXInitiatingAppInstallCoordinator<0x105878680> identity:[org.ps2x.ps2entryrunner/Invalid/[system-defined]] uuid:DAEA2CED-8F91-4A20-89D8-82F51339EF44 creator:InstallCoordination Simple SPI>: Got did update progress delegate with percentComplete 90.000000 phase IXCoordinatorProgressPhaseInstalling overallProgress 96.000000
2026-09-19 19:58:17.573 Df CoreSimulatorBridge[26737:267ede] [com.apple.installcoordination:framework] -[IXAppInstallCoordinator _clientDelegate_didUpdateProgress:forPhase:overallProgress:]_block_invoke: <IXInitiatingAppInstallCoordinator<0x105878680> identity:[org.ps2x.ps2entryrunner/Invalid/[system-defined]] uuid:DAEA2CED-8F91-4A20-89D8-82F51339EF44 creator:InstallCoordination Simple SPI>: Calling selector coordinator:didUpdateProgress:forPhase:overallProgress: on observer <_IXSimpleInstallerDelegate 0x0x105854ea0>
2026-09-19 19:58:17.573 Df containermanagerd[26767:266edf] [com.apple.containermanager:codesignmapping] Reconciled [org.ps2x.ps2entryrunner]; old app groups: (null), new app groups: (null), old system groups: (null), new system groups: (null)
2026-09-19 19:58:17.574 Df installd[27031:267d23] [com.apple.containermanager:unspecified] Requesting disk usage; class = 1, identifier = org.ps2x.ps2entryrunner
2026-09-19 19:58:17.581 Df installd[27031:267d23] [com.apple.containermanager:query] Query; personaid = 4294967295, type = NOPERSONA, name = <unknown>, origin [pid = 0, personaid = 0], proximate [pid = 0, personaid = 0], euid = 501, uid = 501, class = 7, identifier = [org.ps2x.ps2entryrunner](1), gidentifier = [(null)](0), flags = 300000001
2026-09-19 19:58:17.583 Df installd[27031:267d23] (MobileSystemServices) 0x16bc3f000 -[MILaunchServicesOperationManager _onQueue_addPendingLaunchServicesOperation:error:]: Added pending LS operation <MILaunchServicesRegisterOperation: 5984F30B-ECBB-4D3D-B35D-07DCC06D479E:2 org.ps2x.ps2entryrunner/MIInstallationDomainSystemShared personas:[com.apple.containermanager.primary-persona]>
2026-09-19 19:58:17.583 Df lsd[26764:267edd] [com.apple.launchservices:appinstallation] Post installation registration: request to register org.ps2x.ps2entryrunner, operation 5984F30B-ECBB-4D3D-B35D-07DCC06D479E, from pid 27031
2026-09-19 19:58:17.583 Df lsd[26764:267edd] [com.apple.appinstallation:TransactionLog] org.ps2x.ps2entryrunner/Unknown Persona:5:4:1:1:Registering bundles via registrant - start
2026-09-19 19:58:17.589 Df lsd[26764:267edd] [com.apple.appinstallation:TransactionLog] org.ps2x.ps2entryrunner/Unknown Persona:5:5:1:1:Building bundle record for app
2026-09-19 19:58:17.589 Df lsd[26764:267edd] [com.apple.launchservices:appinstallation] Removed existing registered placeholder for org.ps2x.ps2entryrunner
2026-09-19 19:58:17.591 Df lsd[26764:267edd] [com.apple.appinstallation:TransactionLog] org.ps2x.ps2entryrunner/Unknown Persona:5:5:2:1:Built bundle record for app
2026-09-19 19:58:17.592 Df lsd[26764:267edd] [com.apple.launchservices:icons] clearAlternateNameForBundleIdentifier: will clear for org.ps2x.ps2entryrunner
2026-09-19 19:58:17.593 Df lsd[26764:267edd] [com.apple.appinstallation:TransactionLog] org.ps2x.ps2entryrunner/Unknown Persona:5:4:2:1:Registered bundle status = success
2026-09-19 19:58:17.593 Df lsd[26764:267edd] [com.apple.appinstallation:TransactionLog] org.ps2x.ps2entryrunner/Unknown Persona:5:4:2:1:Finished registering org.ps2x.ps2entryrunner, bundle unit 2d8
2026-09-19 19:58:17.593 Df lsd[26764:267edd] [com.apple.launchservices:progress] Installation ended for org.ps2x.ps2entryrunner with state 5
2026-09-19 19:58:17.594 Df installd[27031:267d23] (MobileSystemServices) 0x16bc3f000 -[MIJournal purgeJournalEntry:withError:]: Removing journal entry <MIInstallationJournalEntry<0x1058bc780> [org.ps2x.ps2entryrunner/com.apple.containermanager.primary-persona/[system-defined]]/MIInstallationDomainSystemShared op:1 phase:JournalPhaseDidRegisterWithLS version:(null)>
2026-09-19 19:58:17.594 Df installd[27031:267d23] [com.apple.appinstallation:TransactionLog] org.ps2x.ps2entryrunner/com.apple.containermanager.primary-persona:7:5:2:1:Success (End) : Install (New)
2026-09-19 19:58:17.594 Df installd[27031:267d23] (MobileSystemServices) 0x16bc3f000 -[MIInstaller _logOperationCompletionWithStartTime:distributorID:]: Install successful for (Developer:org.ps2x.ps2entryrunner) [Distributor: (null)]; Staging: 0.00s; Waiting: 0.00s; Preflight/Patch: 0.00s, Verifying: 0.01s; Overall: 0.39s
2026-09-19 19:58:17.597 Df installcoordinationd[27014:267bce] [com.apple.installcoordination:daemon] -[IXSPendingOperationsTracker endPendingOperationForIdentity:]_block_invoke: Ending pending operation for [org.ps2x.ps2entryrunner/Invalid/[system-defined]]
2026-09-19 19:58:17.598 Df CoreSimulatorBridge[26737:267ede] [com.apple.installcoordination:framework] -[IXAppInstallCoordinator _clientDelegate_didUpdateProgress:forPhase:overallProgress:]: <IXInitiatingAppInstallCoordinator<0x105878680> identity:[org.ps2x.ps2entryrunner/Invalid/[system-defined]] uuid:DAEA2CED-8F91-4A20-89D8-82F51339EF44 creator:InstallCoordination Simple SPI>: Got did update progress delegate with percentComplete 100.000000 phase IXCoordinatorProgressPhaseInstalling overallProgress 100.000000
2026-09-19 19:58:17.598 Df CoreSimulatorBridge[26737:267ede] [com.apple.installcoordination:framework] -[IXAppInstallCoordinator _clientDelegate_didUpdateProgress:forPhase:overallProgress:]_block_invoke: <IXInitiatingAppInstallCoordinator<0x105878680> identity:[org.ps2x.ps2entryrunner/Invalid/[system-defined]] uuid:DAEA2CED-8F91-4A20-89D8-82F51339EF44 creator:InstallCoordination Simple SPI>: Calling selector coordinator:didUpdateProgress:forPhase:overallProgress: on observer <_IXSimpleInstallerDelegate 0x0x105854ea0>
2026-09-19 19:58:17.598 Df installcoordinationd[27014:267bce] [com.apple.installcoordination:daemon] -[IXSCoordinatedAppInstall setComplete:]: <IXSCoordinatedAppInstall<0x101a10000> [P=CoreSimulatorBridge (pid 26737)] identifier:[org.ps2x.ps2entryrunner/Invalid/[system-defined]] uuid:DAEA2CED-8F91-4A20-89D8-82F51339EF44 intent:IXCoordinatorIntentInitiating creator/appDRI:InstallCoordination Simple SPI importance:UserWaiting state:IXAppCoordinationStateComplete promise-state:PA2I4> complete!
2026-09-19 19:58:17.598 Df lsd[26764:266e4c] [com.apple.launchservices:progress] unsubscribing from org.ps2x.ps2entryrunner.Installing as it was unpublished
2026-09-19 19:58:17.600 Df installcoordinationd[27014:267bce] [com.apple.installcoordination:daemon] -[IXSPowerAssertion invalidate]: Released power assertion IXPowerAssertion-12-[org.ps2x.ps2entryrunner/Invalid/[system-defined]]
2026-09-19 19:58:17.606 Df SpringBoard[26707:266d9e] [com.apple.SpringBoard:Common] termination assertion released for org.ps2x.ps2entryrunner (app not found)
2026-09-19 19:58:17.622 Df installcoordinationd[27014:267bce] [com.apple.installcoordination:daemon] -[IXSDataPromise decommission]: Decommissioning <IXSPromisedInMemoryDictionary(0x101911100) Name:Entitlements Promise for org.ps2x.ps2entryrunner Creator:InstallCoordination Simple SPI UUID:98803F0E-7C91-4F41-AC9F-16DDC0C65EE3 Location:[system-defined]>
2026-09-19 19:58:17.622 Df lsd[26764:267edd] [com.apple.launchservices:progress] Discarding proportions for org.ps2x.ps2entryrunner
2026-09-19 19:58:17.624 Df installcoordinationd[27014:267bce] [com.apple.installcoordination:daemon] -[IXSDataPromise decommission]: Decommissioning <IXSPromisedInMemoryDictionary(0x101911280) Name:Localizations for org.ps2x.ps2entryrunner Creator:InstallCoordination Simple SPI UUID:2447F532-15BD-4B0E-BF66-F6C6E3B6100D Location:[system-defined]>
2026-09-19 19:58:17.626 Df installcoordinationd[27014:267bce] [com.apple.installcoordination:daemon] -[IXSDataPromise decommission]: Decommissioning <IXSPlaceholder(0x101968640) Name:App Placeholder: ps2EntryRunner (org.ps2x.ps2entryrunner) Creator:InstallCoordination Simple SPI UUID:9499FCEB-5A68-4987-BD7E-DD702A1E6C33 Location:[system-defined]>
2026-09-19 19:58:17.626 Df installcoordinationd[27014:267bce] [com.apple.installcoordination:daemon] -[IXSDataPromise decommission]: Decommissioning <IXSPromisedTransferToPath(0x101910f00) Name:App Asset: org.ps2x.ps2entryrunner Creator:InstallCoordination Simple SPI UUID:E28DA2B6-CC58-448C-8B84-970661F983DE Location:[system-defined]>
2026-09-19 19:58:17.627 Df installcoordinationd[27014:267bce] [com.apple.appinstallation:TransactionLog] org.ps2x.ps2entryrunner/Unknown Persona:4:1:2:1:Coordinator completed successfully.
2026-09-19 19:58:17.628 Df installcoordinationd[27014:267bce] [com.apple.installcoordination:daemon] -[IXSCoordinatorManager unregisterCoordinator:]: Unregistered coordinator: <IXSCoordinatedAppInstall<0x101a10000> [P=CoreSimulatorBridge (pid 26737)] identifier:[org.ps2x.ps2entryrunner/Invalid/[system-defined]] uuid:DAEA2CED-8F91-4A20-89D8-82F51339EF44 intent:IXCoordinatorIntentInitiating creator/appDRI:InstallCoordination Simple SPI importance:UserWaiting state:IXAppCoordinationStateComplete promise-state:PA2I4>
2026-09-19 19:58:17.628 Df installcoordinationd[27014:267bce] [com.apple.installcoordination:daemon] -[IXSCoordinatedAppInstall setPriorityBoostCompletion:withSourceInfo:]: <IXSCoordinatedAppInstall<0x101a10000> [P=CoreSimulatorBridge (pid 26737)] identifier:[org.ps2x.ps2entryrunner/Invalid/[system-defined]] uuid:DAEA2CED-8F91-4A20-89D8-82F51339EF44 intent:IXCoordinatorIntentInitiating creator/appDRI:InstallCoordination Simple SPI importance:UserWaiting state:IXAppCoordinationStateComplete promise-state:PA2I4>: Disposing of completion from CoreSimulatorBridge (26737), QOS_CLASS_DEFAULT (0x15)
2026-09-19 19:58:17.628 Df appstored[26913:267617] [com.apple.launchservices:progress] Unpublishing progress block called for app org.ps2x.ps2entryrunner
2026-09-19 19:58:17.629 Df appstored[26913:267ee1] [com.apple.launchservices:progress] #LSInstallProgressList remove subscriber: <_NSProgressSubscriber: 0x10265f240> publishingString: org.ps2x.ps2entryrunner
2026-09-19 19:58:17.637 Df SpringBoard[26707:266d9e] [com.apple.launchservices:progress] Unpublishing progress block called for app org.ps2x.ps2entryrunner
2026-09-19 19:58:17.637 Df SpringBoard[26707:267240] [com.apple.launchservices:progress] #LSInstallProgressList remove subscriber: <_NSProgressSubscriber: 0x10f50f990> publishingString: org.ps2x.ps2entryrunner
2026-09-19 19:58:17.638 Df CoreSimulatorBridge[26737:267c63] [com.apple.installcoordination:framework] -[IXAppInstallCoordinator _clientDelegate_didCompleteForApplicationRecord:]: <IXInitiatingAppInstallCoordinator<0x105878680> identity:[org.ps2x.ps2entryrunner/Invalid/[system-defined]] uuid:DAEA2CED-8F91-4A20-89D8-82F51339EF44 creator:InstallCoordination Simple SPI>: Got completion delegate for app record { bundleID: org.ps2x.ps2entryrunner, URL: file:///Users/bradrichardson/Library/Developer/CoreSimulator/Devices/4DE6C37C-77EF-45AE-827E-26286E68D022/data/Containers/Bundle/Application/813AA66E-03FF-4F2D-B6EB-57210E098028/ps2EntryRunner.app/ }
2026-09-19 19:58:17.638 Df CoreSimulatorBridge[26737:267c63] [com.apple.installcoordination:framework] -[IXAppInstallCoordinator _clientDelegate_didCompleteForApplicationRecord:]_block_invoke: <IXInitiatingAppInstallCoordinator<0x105878680> identity:[org.ps2x.ps2entryrunner/Invalid/[system-defined]] uuid:DAEA2CED-8F91-4A20-89D8-82F51339EF44 creator:InstallCoordination Simple SPI>: Calling selector coordinatorDidCompleteSuccessfully:forApplicationRecord: on observer <_IXSimpleInstallerDelegate 0x0x105854ea0>
2026-09-19 19:58:17.643 Df liveactivitiesd[26771:266edb] [com.apple.launchservices:progress] Unpublishing progress block called for app org.ps2x.ps2entryrunner
2026-09-19 19:58:17.652 Df siriactionsd[26774:26744a] [com.apple.shortcuts:Daemon] Dispatching XPC event: <distributed notification: com.apple.LaunchServices.applicationRegistered, userInfo: [AnyHashable("bundleIDs"): <__NSSingleObjectArrayI 0x106600040>(
org.ps2x.ps2entryrunner
)
, AnyHashable("isPlaceholder"): 1]>
2026-09-19 19:58:17.652 Df siriactionsd[26774:26744a] [com.apple.shortcuts:Daemon] Firing event: <distributed notification: com.apple.LaunchServices.applicationRegistered, userInfo: [AnyHashable("bundleIDs"): <__NSSingleObjectArrayI 0x106600040>(
org.ps2x.ps2entryrunner
)
, AnyHashable("isPlaceholder"): 1]>
2026-09-19 19:58:17.652 Df siriactionsd[26774:26744a] [com.apple.shortcuts:Daemon] Dispatching XPC event: <distributed notification: com.apple.LaunchServices.applicationRegistered, userInfo: [AnyHashable("bundleIDs"): <__NSSingleObjectArrayI 0x106600040>(
org.ps2x.ps2entryrunner
)
, AnyHashable("isPlaceholder"): 1]>
2026-09-19 19:58:17.652 Df siriactionsd[26774:26744a] [com.apple.shortcuts:Daemon] Firing event: <distributed notification: com.apple.LaunchServices.applicationRegistered, userInfo: [AnyHashable("bundleIDs"): <__NSSingleObjectArrayI 0x106600040>(
org.ps2x.ps2entryrunner
)
, AnyHashable("isPlaceholder"): 1]>
2026-09-19 19:58:17.658 Df liveactivitiesd[26771:266fc4] [com.apple.launchservices:progress] #LSInstallProgressList remove subscriber: <_NSProgressSubscriber: 0x106095f80> publishingString: org.ps2x.ps2entryrunner
2026-09-19 19:58:17.688 Df lsd[26764:266e4c] [com.apple.launchservices:progress] #LSInstallProgressList remove subscriber: <_NSProgressSubscriber: 0x1056fdb90> publishingString: org.ps2x.ps2entryrunner.Installing
2026-09-19 19:58:17.688 Df lsd[26764:267f0a] [com.apple.launchservices:progress] Sending applicationsDidInstall: for (
    "<LSApplicationProxy: 0x105764000> org.ps2x.ps2entryrunner file:///Users/bradrichardson/Library/Developer/CoreSimulator/Devices/4DE6C37C-77EF-45AE-827E-26286E68D022/data/Containers/Bundle/Application/813AA66E-03FF-4F2D-B6EB-57210E098028/ps2EntryRunner.app/ <org.ps2x.ps2entryrunner <installed >:0>"
)
2026-09-19 19:58:17.689 Df profiled[26788:2670d1] [com.apple.launchservices:appinstallation] Received applicationsDidInstall:(
    "<LSApplicationProxy: 0x10948c000> org.ps2x.ps2entryrunner file:///Users/bradrichardson/Library/Developer/CoreSimulator/Devices/4DE6C37C-77EF-45AE-827E-26286E68D022/data/Containers/Bundle/Application/813AA66E-03FF-4F2D-B6EB-57210E098028/ps2EntryRunner.app/ <org.ps2x.ps2entryrunner <installed >:0>"
)
2026-09-19 19:58:17.689 Df mobiletimerd[26723:267ec0] [com.apple.launchservices:appinstallation] Received applicationsDidInstall:(
    "<LSApplicationProxy: 0x1025a00c0> org.ps2x.ps2entryrunner file:///Users/bradrichardson/Library/Developer/CoreSimulator/Devices/4DE6C37C-77EF-45AE-827E-26286E68D022/data/Containers/Bundle/Application/813AA66E-03FF-4F2D-B6EB-57210E098028/ps2EntryRunner.app/ <org.ps2x.ps2entryrunner <installed >:0>"
)
2026-09-19 19:58:17.689 Df chronod[26778:267e8d] [com.apple.launchservices:appinstallation] Received applicationsDidInstall:(
    "<LSApplicationProxy: 0x102617600> org.ps2x.ps2entryrunner file:///Users/bradrichardson/Library/Developer/CoreSimulator/Devices/4DE6C37C-77EF-45AE-827E-26286E68D022/data/Containers/Bundle/Application/813AA66E-03FF-4F2D-B6EB-57210E098028/ps2EntryRunner.app/ <org.ps2x.ps2entryrunner <installed >:0>"
)
2026-09-19 19:58:17.690 Df locationd[26731:266e70] [com.apple.launchservices:appinstallation] Received applicationsDidInstall:(
    "<LSApplicationProxy: 0x1036e0e40> org.ps2x.ps2entryrunner file:///Users/bradrichardson/Library/Developer/CoreSimulator/Devices/4DE6C37C-77EF-45AE-827E-26286E68D022/data/Containers/Bundle/Application/813AA66E-03FF-4F2D-B6EB-57210E098028/ps2EntryRunner.app/ <org.ps2x.ps2entryrunner <installed >:0>"
)
2026-09-19 19:58:17.690 Df dasd[26733:266e88] [com.apple.launchservices:appinstallation] Received applicationsDidInstall:(
    "<LSApplicationProxy: 0x105fdc000> org.ps2x.ps2entryrunner file:///Users/bradrichardson/Library/Developer/CoreSimulator/Devices/4DE6C37C-77EF-45AE-827E-26286E68D022/data/Containers/Bundle/Application/813AA66E-03FF-4F2D-B6EB-57210E098028/ps2EntryRunner.app/ <org.ps2x.ps2entryrunner <installed >:0>"
)
2026-09-19 19:58:17.690 Df financed[26830:267393] [com.apple.launchservices:appinstallation] Received applicationsDidInstall:(
    "<LSApplicationProxy: 0x106531bc0> org.ps2x.ps2entryrunner file:///Users/bradrichardson/Library/Developer/CoreSimulator/Devices/4DE6C37C-77EF-45AE-827E-26286E68D022/data/Containers/Bundle/Application/813AA66E-03FF-4F2D-B6EB-57210E098028/ps2EntryRunner.app/ <org.ps2x.ps2entryrunner <installed >:0>"
)
2026-09-19 19:58:17.690 Df sleepd[26734:266e2d] [com.apple.launchservices:appinstallation] Received applicationsDidInstall:(
    "<LSApplicationProxy: 0x1026140c0> org.ps2x.ps2entryrunner file:///Users/bradrichardson/Library/Developer/CoreSimulator/Devices/4DE6C37C-77EF-45AE-827E-26286E68D022/data/Containers/Bundle/Application/813AA66E-03FF-4F2D-B6EB-57210E098028/ps2EntryRunner.app/ <org.ps2x.ps2entryrunner <installed >:0>"
)
2026-09-19 19:58:17.691 Df gamed[26848:267bc0] [com.apple.launchservices:appinstallation] Received applicationsDidInstall:(
    "<LSApplicationProxy: 0x105ee4240> org.ps2x.ps2entryrunner file:///Users/bradrichardson/Library/Developer/CoreSimulator/Devices/4DE6C37C-77EF-45AE-827E-26286E68D022/data/Containers/Bundle/Application/813AA66E-03FF-4F2D-B6EB-57210E098028/ps2EntryRunner.app/ <org.ps2x.ps2entryrunner <installed >:0>"
)
2026-09-19 19:58:17.691 Df routined[26715:267ced] [com.apple.launchservices:appinstallation] Received applicationsDidInstall:(
    "<LSApplicationProxy: 0x10a175d40> org.ps2x.ps2entryrunner file:///Users/bradrichardson/Library/Developer/CoreSimulator/Devices/4DE6C37C-77EF-45AE-827E-26286E68D022/data/Containers/Bundle/Application/813AA66E-03FF-4F2D-B6EB-57210E098028/ps2EntryRunner.app/ <org.ps2x.ps2entryrunner <installed >:0>"
)
2026-09-19 19:58:17.691 Df webbookmarksd[26825:267eea] [com.apple.launchservices:appinstallation] Received applicationsDidInstall:(
    "<LSApplicationProxy: 0x1039c0000> org.ps2x.ps2entryrunner file:///Users/bradrichardson/Library/Developer/CoreSimulator/Devices/4DE6C37C-77EF-45AE-827E-26286E68D022/data/Containers/Bundle/Application/813AA66E-03FF-4F2D-B6EB-57210E098028/ps2EntryRunner.app/ <org.ps2x.ps2entryrunner <installed >:0>"
)
2026-09-19 19:58:17.692 Df appstored[26913:267ee1] [com.apple.launchservices:appinstallation] Received applicationsDidInstall:(
    "<LSApplicationProxy: 0x1026cc000> org.ps2x.ps2entryrunner file:///Users/bradrichardson/Library/Developer/CoreSimulator/Devices/4DE6C37C-77EF-45AE-827E-26286E68D022/data/Containers/Bundle/Application/813AA66E-03FF-4F2D-B6EB-57210E098028/ps2EntryRunner.app/ <org.ps2x.ps2entryrunner <installed >:0>"
)
2026-09-19 19:58:17.692 Df homed[26787:2675c9] [com.apple.launchservices:appinstallation] Received applicationsDidInstall:(
    "<LSApplicationProxy: 0x108a9f9c0> org.ps2x.ps2entryrunner file:///Users/bradrichardson/Library/Developer/CoreSimulator/Devices/4DE6C37C-77EF-45AE-827E-26286E68D022/data/Containers/Bundle/Application/813AA66E-03FF-4F2D-B6EB-57210E098028/ps2EntryRunner.app/ <org.ps2x.ps2entryrunner <installed >:0>"
)
2026-09-19 19:58:17.692 Df runningboardd[26710:267eae] [com.apple.launchservices:appinstallation] Received applicationsDidInstall:(
    "<LSApplicationProxy: 0x1065b0000> org.ps2x.ps2entryrunner file:///Users/bradrichardson/Library/Developer/CoreSimulator/Devices/4DE6C37C-77EF-45AE-827E-26286E68D022/data/Containers/Bundle/Application/813AA66E-03FF-4F2D-B6EB-57210E098028/ps2EntryRunner.app/ <org.ps2x.ps2entryrunner <installed >:0>"
)
2026-09-19 19:58:17.692 Df donotdisturbd[26765:267eed] [com.apple.launchservices:appinstallation] Received applicationsDidInstall:(
    "<LSApplicationProxy: 0x103e89c80> org.ps2x.ps2entryrunner file:///Users/bradrichardson/Library/Developer/CoreSimulator/Devices/4DE6C37C-77EF-45AE-827E-26286E68D022/data/Containers/Bundle/Application/813AA66E-03FF-4F2D-B6EB-57210E098028/ps2EntryRunner.app/ <org.ps2x.ps2entryrunner <installed >:0>"
)
2026-09-19 19:58:17.693 Df deviceaccessd[26862:26743b] [com.apple.launchservices:appinstallation] Received applicationsDidInstall:(
    "<LSApplicationProxy: 0x103e7c000> org.ps2x.ps2entryrunner file:///Users/bradrichardson/Library/Developer/CoreSimulator/Devices/4DE6C37C-77EF-45AE-827E-26286E68D022/data/Containers/Bundle/Application/813AA66E-03FF-4F2D-B6EB-57210E098028/ps2EntryRunner.app/ <org.ps2x.ps2entryrunner <installed >:0>"
)
2026-09-19 19:58:17.693 Df callservicesd[26783:266ff7] [com.apple.launchservices:appinstallation] Received applicationsDidInstall:(
    "<LSApplicationProxy: 0x105dadf80> org.ps2x.ps2entryrunner file:///Users/bradrichardson/Library/Developer/CoreSimulator/Devices/4DE6C37C-77EF-45AE-827E-26286E68D022/data/Containers/Bundle/Application/813AA66E-03FF-4F2D-B6EB-57210E098028/ps2EntryRunner.app/ <org.ps2x.ps2entryrunner <installed >:0>"
)
2026-09-19 19:58:17.694 Df nsurlsessiond[26760:267ae7] [com.apple.launchservices:appinstallation] Received applicationsDidInstall:(
    "<LSApplicationProxy: 0x104690240> org.ps2x.ps2entryrunner file:///Users/bradrichardson/Library/Developer/CoreSimulator/Devices/4DE6C37C-77EF-45AE-827E-26286E68D022/data/Containers/Bundle/Application/813AA66E-03FF-4F2D-B6EB-57210E098028/ps2EntryRunner.app/ <org.ps2x.ps2entryrunner <installed >:0>"
)
2026-09-19 19:58:17.694 Df lsd[26764:267f0a] [com.apple.launchservices:progress] Sent distributed notification com.apple.LaunchServices.applicationRegistered with payload {
    bundleIDs =     (
        "org.ps2x.ps2entryrunner"
    );
    isPlaceholder = 0;
}
2026-09-19 19:58:17.694 Df passd[26736:267816] [com.apple.launchservices:appinstallation] Received applicationsDidInstall:(
    "<LSApplicationProxy: 0x10a9f92c0> org.ps2x.ps2entryrunner file:///Users/bradrichardson/Library/Developer/CoreSimulator/Devices/4DE6C37C-77EF-45AE-827E-26286E68D022/data/Containers/Bundle/Application/813AA66E-03FF-4F2D-B6EB-57210E098028/ps2EntryRunner.app/ <org.ps2x.ps2entryrunner <installed >:0>"
)
2026-09-19 19:58:17.695 Df liveactivitiesd[26771:266fc4] [com.apple.launchservices:appinstallation] Received applicationsDidInstall:(
    "<LSApplicationProxy: 0x106292940> org.ps2x.ps2entryrunner file:///Users/bradrichardson/Library/Developer/CoreSimulator/Devices/4DE6C37C-77EF-45AE-827E-26286E68D022/data/Containers/Bundle/Application/813AA66E-03FF-4F2D-B6EB-57210E098028/ps2EntryRunner.app/ <org.ps2x.ps2entryrunner <installed >:0>"
)
2026-09-19 19:58:17.696 Df SpringBoard[26707:267f1e] [com.apple.launchservices:appinstallation] Received applicationsDidInstall:(
    "<LSApplicationProxy: 0x1186be580> org.ps2x.ps2entryrunner file:///Users/bradrichardson/Library/Developer/CoreSimulator/Devices/4DE6C37C-77EF-45AE-827E-26286E68D022/data/Containers/Bundle/Application/813AA66E-03FF-4F2D-B6EB-57210E098028/ps2EntryRunner.app/ <org.ps2x.ps2entryrunner <installed >:0>"
)
2026-09-19 19:58:17.696 Df PosterBoard[26854:267d50] [com.apple.launchservices:appinstallation] Received applicationsDidInstall:(
    "<LSApplicationProxy: 0x10b05b9c0> org.ps2x.ps2entryrunner file:///Users/bradrichardson/Library/Developer/CoreSimulator/Devices/4DE6C37C-77EF-45AE-827E-26286E68D022/data/Containers/Bundle/Application/813AA66E-03FF-4F2D-B6EB-57210E098028/ps2EntryRunner.app/ <org.ps2x.ps2entryrunner <installed >:0>"
)
2026-09-19 19:58:17.696 Df profiled[26788:2670d1] [com.apple.appinstallation:TransactionLog] org.ps2x.ps2entryrunner/Unknown Persona:5:8:3:1:applicationsDidInstall <LSApplicationProxy: 0x10948c0c0> org.ps2x.ps2entryrunner file:///Users/bradrichardson/Library/Developer/CoreSimulator/Devices/4DE6C37C-77EF-45AE-827E-26286E68D022/data/Containers/Bundle/Application/813AA66E-03FF-4F2D-B6EB-57210E098028/ps2EntryRunner.app/ <org.ps2x.ps2entryrunner <installed >:0>
2026-09-19 19:58:17.698 Df appprotectiond[26726:2672c3] [com.apple.appprotection:server] received note: name = com.apple.LaunchServices.applicationRegistered, object = Optional(AppProtection.DistnotedXPCEventStreamTranslator), userInfo = Optional([AnyHashable("bundleIDs"): <__NSCFArray 0x1015e6740>(
org.ps2x.ps2entryrunner
)
, AnyHashable("isPlaceholder"): 0])
2026-09-19 19:58:17.698 Df appprotectiond[26726:2672c3] [com.apple.appprotection:server] processing settings authority event: SettingsAuthorityEvent.promotePreferenceFromProvisionalForApplication(org.ps2x.ps2entryrunner)
2026-09-19 19:58:17.699 Df locationd[26731:266e70] [com.apple.appinstallation:TransactionLog] org.ps2x.ps2entryrunner/Unknown Persona:5:8:3:1:applicationsDidInstall <LSApplicationProxy: 0x1036e0f00> org.ps2x.ps2entryrunner file:///Users/bradrichardson/Library/Developer/CoreSimulator/Devices/4DE6C37C-77EF-45AE-827E-26286E68D022/data/Containers/Bundle/Application/813AA66E-03FF-4F2D-B6EB-57210E098028/ps2EntryRunner.app/ <org.ps2x.ps2entryrunner <installed >:0>
2026-09-19 19:58:17.699 Df mobiletimerd[26723:267ec0] [com.apple.appinstallation:TransactionLog] org.ps2x.ps2entryrunner/Unknown Persona:5:8:3:1:applicationsDidInstall <LSApplicationProxy: 0x1025a0d80> org.ps2x.ps2entryrunner file:///Users/bradrichardson/Library/Developer/CoreSimulator/Devices/4DE6C37C-77EF-45AE-827E-26286E68D022/data/Containers/Bundle/Application/813AA66E-03FF-4F2D-B6EB-57210E098028/ps2EntryRunner.app/ <org.ps2x.ps2entryrunner <installed >:0>
2026-09-19 19:58:17.699 Df locationd[26731:266e70] [com.apple.locationd.Core:Core] {"msg":"#Warning #ClientResolution the passed keyPath is not registered. Resolving to #nullCKP", "InputCKP":iorg.ps2x.ps2entryrunner:}
2026-09-19 19:58:17.699 Df locationd[26731:266e70] [com.apple.locationd.Core:Core] {"msg":"AppMonitor - application (un)installation notification", "notification":Installation, "BundleId":org.ps2x.ps2entryrunner, "BundlePath":/Users/bradrichardson/Library/Developer/CoreSimulator/Devices/4DE6C37C-77EF-45AE-827E-26286E68D022/data/Containers/Bundle/Application/813AA66E-03FF-4F2D-B6EB-57210E098028/ps2EntryRunner.app, "ExecutablePath":/Users/bradrichardson/Library/Developer/CoreSimulator/Devices/4DE6C37C-77EF-45AE-827E-26286E68D022/data/Containers/Bundle/Application/813AA66E-03FF-4F2D-B6EB-57210E098028/ps2EntryRunner.app/ps2EntryRunner}
2026-09-19 19:58:17.701 Df gamed[26848:267bc0] [com.apple.appinstallation:TransactionLog] org.ps2x.ps2entryrunner/Unknown Persona:5:8:3:1:applicationsDidInstall <LSApplicationProxy: 0x105ee4cc0> org.ps2x.ps2entryrunner file:///Users/bradrichardson/Library/Developer/CoreSimulator/Devices/4DE6C37C-77EF-45AE-827E-26286E68D022/data/Containers/Bundle/Application/813AA66E-03FF-4F2D-B6EB-57210E098028/ps2EntryRunner.app/ <org.ps2x.ps2entryrunner <installed >:0>
2026-09-19 19:58:17.701 Df passd[26736:267816] [com.apple.appinstallation:TransactionLog] org.ps2x.ps2entryrunner/Unknown Persona:5:8:3:1:applicationsDidInstall <LSApplicationProxy: 0x10a9f9440> org.ps2x.ps2entryrunner file:///Users/bradrichardson/Library/Developer/CoreSimulator/Devices/4DE6C37C-77EF-45AE-827E-26286E68D022/data/Containers/Bundle/Application/813AA66E-03FF-4F2D-B6EB-57210E098028/ps2EntryRunner.app/ <org.ps2x.ps2entryrunner <installed >:0>
2026-09-19 19:58:17.702 Df nsurlsessiond[26760:267ae7] [com.apple.appinstallation:TransactionLog] org.ps2x.ps2entryrunner/Unknown Persona:5:8:3:1:applicationsDidInstall <LSApplicationProxy: 0x104690300> org.ps2x.ps2entryrunner file:///Users/bradrichardson/Library/Developer/CoreSimulator/Devices/4DE6C37C-77EF-45AE-827E-26286E68D022/data/Containers/Bundle/Application/813AA66E-03FF-4F2D-B6EB-57210E098028/ps2EntryRunner.app/ <org.ps2x.ps2entryrunner <installed >:0>
2026-09-19 19:58:17.702 Df liveactivitiesd[26771:266fc4] [com.apple.appinstallation:TransactionLog] org.ps2x.ps2entryrunner/Unknown Persona:5:8:3:1:applicationsDidInstall <LSApplicationProxy: 0x106292a00> org.ps2x.ps2entryrunner file:///Users/bradrichardson/Library/Developer/CoreSimulator/Devices/4DE6C37C-77EF-45AE-827E-26286E68D022/data/Containers/Bundle/Application/813AA66E-03FF-4F2D-B6EB-57210E098028/ps2EntryRunner.app/ <org.ps2x.ps2entryrunner <installed >:0>
2026-09-19 19:58:17.702 Df deviceaccessd[26862:26743b] [com.apple.appinstallation:TransactionLog] org.ps2x.ps2entryrunner/Unknown Persona:5:8:3:1:applicationsDidInstall <LSApplicationProxy: 0x103e7c0c0> org.ps2x.ps2entryrunner file:///Users/bradrichardson/Library/Developer/CoreSimulator/Devices/4DE6C37C-77EF-45AE-827E-26286E68D022/data/Containers/Bundle/Application/813AA66E-03FF-4F2D-B6EB-57210E098028/ps2EntryRunner.app/ <org.ps2x.ps2entryrunner <installed >:0>
2026-09-19 19:58:17.702 Df dasd[26733:266e88] [com.apple.appinstallation:TransactionLog] org.ps2x.ps2entryrunner/Unknown Persona:5:8:3:1:applicationsDidInstall <LSApplicationProxy: 0x105fdc540> org.ps2x.ps2entryrunner file:///Users/bradrichardson/Library/Developer/CoreSimulator/Devices/4DE6C37C-77EF-45AE-827E-26286E68D022/data/Containers/Bundle/Application/813AA66E-03FF-4F2D-B6EB-57210E098028/ps2EntryRunner.app/ <org.ps2x.ps2entryrunner <installed >:0>
2026-09-19 19:58:17.703 Df deviceaccessd[26862:267ee4] [com.apple.DeviceAccess:DADaemonServer] ### applicationsDidInstall [
    <LSApplicationProxy: 0x103e7c0c0> org.ps2x.ps2entryrunner file:///Users/bradrichardson/Library/Developer/CoreSimulator/Devices/4DE6C37C-77EF-45AE-827E-26286E68D022/data/Containers/Bundle/Application/813AA66E-03FF-4F2D-B6EB-57210E098028/ps2EntryRunner.app/ <org.ps2x.ps2entryrunner <installed >:0>
]
2026-09-19 19:58:17.703 Df homed[26787:2675c9] [com.apple.appinstallation:TransactionLog] org.ps2x.ps2entryrunner/Unknown Persona:5:8:3:1:applicationsDidInstall <LSApplicationProxy: 0x108a9fcc0> org.ps2x.ps2entryrunner file:///Users/bradrichardson/Library/Developer/CoreSimulator/Devices/4DE6C37C-77EF-45AE-827E-26286E68D022/data/Containers/Bundle/Application/813AA66E-03FF-4F2D-B6EB-57210E098028/ps2EntryRunner.app/ <org.ps2x.ps2entryrunner <installed >:0>
2026-09-19 19:58:17.703 Df deviceaccessd[26862:267ee4] [com.apple.DeviceAccess:DADaemonServer] ### applicationsDidInstall org.ps2x.ps2entryrunner
2026-09-19 19:58:17.704 Df runningboardd[26710:267eae] [com.apple.appinstallation:TransactionLog] org.ps2x.ps2entryrunner/Unknown Persona:5:8:3:1:applicationsDidInstall <LSApplicationProxy: 0x1065b00c0> org.ps2x.ps2entryrunner file:///Users/bradrichardson/Library/Developer/CoreSimulator/Devices/4DE6C37C-77EF-45AE-827E-26286E68D022/data/Containers/Bundle/Application/813AA66E-03FF-4F2D-B6EB-57210E098028/ps2EntryRunner.app/ <org.ps2x.ps2entryrunner <installed >:0>
2026-09-19 19:58:17.705 Df webbookmarksd[26825:267eea] [com.apple.appinstallation:TransactionLog] org.ps2x.ps2entryrunner/Unknown Persona:5:8:3:1:applicationsDidInstall <LSApplicationProxy: 0x1039c00c0> org.ps2x.ps2entryrunner file:///Users/bradrichardson/Library/Developer/CoreSimulator/Devices/4DE6C37C-77EF-45AE-827E-26286E68D022/data/Containers/Bundle/Application/813AA66E-03FF-4F2D-B6EB-57210E098028/ps2EntryRunner.app/ <org.ps2x.ps2entryrunner <installed >:0>
2026-09-19 19:58:17.706 Df deviceaccessd[26862:267ee4] [com.apple.DeviceAccess:DADaemonServer] ### appBundleHasASKEnabled org.ps2x.ps2entryrunner supports None
2026-09-19 19:58:17.707 Df linkd[26853:2679b1] [com.apple.appintents:IndexCoordinator] Ignoring isPlaceholder for org.ps2x.ps2entryrunner
2026-09-19 19:58:17.707 Df linkd[26853:2679b1] [com.apple.appintents:IndexCoordinator] Ignoring isPlaceholder for org.ps2x.ps2entryrunner
2026-09-19 19:58:17.707 Df financed[26830:267393] [com.apple.appinstallation:TransactionLog] org.ps2x.ps2entryrunner/Unknown Persona:5:8:3:1:applicationsDidInstall <LSApplicationProxy: 0x106531c80> org.ps2x.ps2entryrunner file:///Users/bradrichardson/Library/Developer/CoreSimulator/Devices/4DE6C37C-77EF-45AE-827E-26286E68D022/data/Containers/Bundle/Application/813AA66E-03FF-4F2D-B6EB-57210E098028/ps2EntryRunner.app/ <org.ps2x.ps2entryrunner <installed >:0>
2026-09-19 19:58:17.707 Df chronod[26778:267e8d] [com.apple.appinstallation:TransactionLog] org.ps2x.ps2entryrunner/Unknown Persona:5:8:3:1:applicationsDidInstall <LSApplicationProxy: 0x1061e4000> org.ps2x.ps2entryrunner file:///Users/bradrichardson/Library/Developer/CoreSimulator/Devices/4DE6C37C-77EF-45AE-827E-26286E68D022/data/Containers/Bundle/Application/813AA66E-03FF-4F2D-B6EB-57210E098028/ps2EntryRunner.app/ <org.ps2x.ps2entryrunner <installed >:0>
2026-09-19 19:58:17.709 Df callservicesd[26783:266ff7] [com.apple.appinstallation:TransactionLog] org.ps2x.ps2entryrunner/Unknown Persona:5:8:3:1:applicationsDidInstall <LSApplicationProxy: 0x105dae040> org.ps2x.ps2entryrunner file:///Users/bradrichardson/Library/Developer/CoreSimulator/Devices/4DE6C37C-77EF-45AE-827E-26286E68D022/data/Containers/Bundle/Application/813AA66E-03FF-4F2D-B6EB-57210E098028/ps2EntryRunner.app/ <org.ps2x.ps2entryrunner <installed >:0>
2026-09-19 19:58:17.711 Df appstored[26913:267ee1] [com.apple.appinstallation:TransactionLog] org.ps2x.ps2entryrunner/Unknown Persona:5:8:3:1:applicationsDidInstall <LSApplicationProxy: 0x1026cc180> org.ps2x.ps2entryrunner file:///Users/bradrichardson/Library/Developer/CoreSimulator/Devices/4DE6C37C-77EF-45AE-827E-26286E68D022/data/Containers/Bundle/Application/813AA66E-03FF-4F2D-B6EB-57210E098028/ps2EntryRunner.app/ <org.ps2x.ps2entryrunner <installed >:0>
2026-09-19 19:58:17.711 Df sleepd[26734:266e2d] [com.apple.appinstallation:TransactionLog] org.ps2x.ps2entryrunner/Unknown Persona:5:8:3:1:applicationsDidInstall <LSApplicationProxy: 0x102614780> org.ps2x.ps2entryrunner file:///Users/bradrichardson/Library/Developer/CoreSimulator/Devices/4DE6C37C-77EF-45AE-827E-26286E68D022/data/Containers/Bundle/Application/813AA66E-03FF-4F2D-B6EB-57210E098028/ps2EntryRunner.app/ <org.ps2x.ps2entryrunner <installed >:0>
2026-09-19 19:58:17.711 Df donotdisturbd[26765:267eed] [com.apple.appinstallation:TransactionLog] org.ps2x.ps2entryrunner/Unknown Persona:5:8:3:1:applicationsDidInstall <LSApplicationProxy: 0x103e89d40> org.ps2x.ps2entryrunner file:///Users/bradrichardson/Library/Developer/CoreSimulator/Devices/4DE6C37C-77EF-45AE-827E-26286E68D022/data/Containers/Bundle/Application/813AA66E-03FF-4F2D-B6EB-57210E098028/ps2EntryRunner.app/ <org.ps2x.ps2entryrunner <installed >:0>
2026-09-19 19:58:17.712 Df routined[26715:267ced] [com.apple.appinstallation:TransactionLog] org.ps2x.ps2entryrunner/Unknown Persona:5:8:3:1:applicationsDidInstall <LSApplicationProxy: 0x10a175e00> org.ps2x.ps2entryrunner file:///Users/bradrichardson/Library/Developer/CoreSimulator/Devices/4DE6C37C-77EF-45AE-827E-26286E68D022/data/Containers/Bundle/Application/813AA66E-03FF-4F2D-B6EB-57210E098028/ps2EntryRunner.app/ <org.ps2x.ps2entryrunner <installed >:0>
2026-09-19 19:58:17.713 Df callservicesd[26783:266ff7] [com.apple.calls.copresencecore:Default] Invalidating cached value for bundle identifier: org.ps2x.ps2entryrunner
2026-09-19 19:58:17.715 Df appstored[26913:267ee3] [com.apple.appstored:ODR] Handling application installation: {bundleID = org.ps2x.ps2entryrunner; version = (null); shortVersion = (null); variantID = (null)}
2026-09-19 19:58:17.715 Df dmd[26846:2671df] Received xpc stream event (trusted distributed notification matching) with name: com.apple.LaunchServices.applicationRegistered user info: {
    bundleIDs =     (
        "org.ps2x.ps2entryrunner"
    );
    isPlaceholder = 0;
}
2026-09-19 19:58:17.716 Df deviceaccessd[26862:267ee4] [com.apple.DeviceAccess:DADaemonServer] ### UpdateAppsAccess: org.ps2x.ps2entryrunner with existing info plist options: None
2026-09-19 19:58:17.723 Df appleaccountd[26785:266f87] [com.apple.appleaccount:daemon] Dataclass App Install Observer - Ignoring ["org.ps2x.ps2entryrunner"]
2026-09-19 19:58:17.730 Df appstored[26913:267ee3] [com.apple.appstored:ODR] Ignoring installation for {bundleID = org.ps2x.ps2entryrunner; version = (null); shortVersion = (null); variantID = (null)} as it does not appear to support ODR
2026-09-19 19:58:17.731 Df appstored[26913:267b2c] [com.apple.appstored:ODR] Handling application installation: {bundleID = org.ps2x.ps2entryrunner; version = (null); shortVersion = (null); variantID = (null)}
2026-09-19 19:58:17.734 Df appstored[26913:267ee3] [com.apple.appstored:General] Checking to see if apps need to be migrated to managed: [org.ps2x.ps2entryrunner]
2026-09-19 19:58:17.742 Df appstored[26913:267b2c] [com.apple.appstored:ODR] Ignoring installation for {bundleID = org.ps2x.ps2entryrunner; version = (null); shortVersion = (null); variantID = (null)} as it does not appear to support ODR
2026-09-19 19:58:17.742 Df appstored[26913:267b2c] [com.apple.appstored:General] Checking to see if apps need to be migrated to managed: [org.ps2x.ps2entryrunner]
2026-09-19 19:58:17.750 Df PosterBoard[26854:267d50] [com.apple.appinstallation:TransactionLog] org.ps2x.ps2entryrunner/Unknown Persona:5:8:3:1:applicationsDidInstall <LSApplicationProxy: 0x10b058a80> org.ps2x.ps2entryrunner file:///Users/bradrichardson/Library/Developer/CoreSimulator/Devices/4DE6C37C-77EF-45AE-827E-26286E68D022/data/Containers/Bundle/Application/813AA66E-03FF-4F2D-B6EB-57210E098028/ps2EntryRunner.app/ <org.ps2x.ps2entryrunner <installed >:0>
2026-09-19 19:58:17.753 Df SpringBoard[26707:267f1e] [com.apple.appinstallation:TransactionLog] org.ps2x.ps2entryrunner/Unknown Persona:5:8:3:1:applicationsDidInstall <LSApplicationProxy: 0x1186be1c0> org.ps2x.ps2entryrunner file:///Users/bradrichardson/Library/Developer/CoreSimulator/Devices/4DE6C37C-77EF-45AE-827E-26286E68D022/data/Containers/Bundle/Application/813AA66E-03FF-4F2D-B6EB-57210E098028/ps2EntryRunner.app/ <org.ps2x.ps2entryrunner <installed >:0>
2026-09-19 19:58:17.753 Df SpringBoard[26707:267f1e] [com.apple.frontboard.ApplicationLibrary:observer] -[FBSApplicationLibrary applicationsDidInstall:] org.ps2x.ps2entryrunner
2026-09-19 19:58:17.757 Df callservicesd[26783:266ff7] [com.apple.calls.copresencecore:Default] Invalidating cached value for bundle identifier: org.ps2x.ps2entryrunner
2026-09-19 19:58:17.773 Df SpringBoard[26707:267f1e] [com.apple.frontboard.ApplicationLibrary:default] Removed placeholder: <SBApplicationPlaceholderProxy: 0x116240f00; org.ps2x.ps2entryrunner (ps2EntryRunner); LSInstallType: StoreDownload>
2026-09-19 19:58:17.774 Df SpringBoard[26707:267f1e] [com.apple.SpringBoard:Common] org.ps2x.ps2entryrunner updated restrictionReason: 0
2026-09-19 19:58:17.774 Df SpringBoard[26707:267f1e] [com.apple.frontboard.ApplicationLibrary:default] Added application: <SBApplicationInfo: 0x10bfdc300; org.ps2x.ps2entryrunner (ps2EntryRunner)>
2026-09-19 19:58:17.774 Df SpringBoard[26707:266d9e] [com.apple.frontboard.ApplicationLibrary:sb.placeholder] App placeholder proxies installed: (
    "<SBApplicationPlaceholderProxy: 0x116240f00; org.ps2x.ps2entryrunner (ps2EntryRunner); LSInstallType: StoreDownload>"
)
2026-09-19 19:58:17.774 Df SpringBoard[26707:266d9e] [com.apple.appinstallation:TransactionLog] org.ps2x.ps2entryrunner/Unknown Persona:10:4:1:1:Placeholder remove BEGIN
2026-09-19 19:58:17.774 Df SpringBoard[26707:266d9e] [com.apple.SplashBoard:FileManifest] org.ps2x.ps2entryrunner Manifest is empty; purging everything at /Users/bradrichardson/Library/Developer/CoreSimulator/Devices/4DE6C37C-77EF-45AE-827E-26286E68D022/data/Containers/Data/Application/66B79458-8486-4FF6-A021-87B6892848D3/Library/SplashBoard/Snapshots
2026-09-19 19:58:17.774 E  SpringBoard[26707:266d9e] [com.apple.SpringBoard:Workspace] [org.ps2x.ps2entryrunner] savedCachedGUIDString=(null) currentCacheGUID=5382FDFD-06CA-4A0C-8ED3-B766E6B54F8E savedInstallInstanceID=(null) currentInstallInstanceID=file:///Users/bradrichardson/Library/Developer/CoreSimulator/Devices/4DE6C37C-77EF-45AE-827E-26286E68D022/data/Containers/Bundle/Application/813AA66E-03FF-4F2D-B6EB-57210E098028/ps2EntryRunner.app/ savedIngestorVersionNSNumber=(null) currentIngestorVersion=5 dataStore=<FBSApplicationDataStore: 0x10f632ee0; org.ps2x.ps2entryrunner (legacy)>
2026-09-19 19:58:17.774 E  SpringBoard[26707:266d9e] [com.apple.SplashBoard:FileManifest] [org.ps2x.ps2entryrunner] ID Mismatch. purging and reingesting. savedCachedGUIDString=(null) currentCacheGUID=5382FDFD-06CA-4A0C-8ED3-B766E6B54F8E savedInstallInstanceID=(null) currentInstallInstanceID=file:///Users/bradrichardson/Library/Developer/CoreSimulator/Devices/4DE6C37C-77EF-45AE-827E-26286E68D022/data/Containers/Bundle/Application/813AA66E-03FF-4F2D-B6EB-57210E098028/ps2EntryRunner.app/ savedIngestorVersionNSNumber=(null) currentIngestorVersion=5 dataStore=<FBSApplicationDataStore: 0x10f632ee0; org.ps2x.ps2entryrunner (legacy)>
2026-09-19 19:58:17.775 Df SpringBoard[26707:266d9e] [com.apple.appinstallation:TransactionLog] org.ps2x.ps2entryrunner/Unknown Persona:10:10:3:1:Application added
2026-09-19 19:58:17.776 Df SpringBoard[26707:267f1e] [com.apple.SplashBoard:FileManifest] Applications were added. Updating launch images for: (
    "org.ps2x.ps2entryrunner"
)
2026-09-19 19:58:17.778 Df SpringBoard[26707:266d9e] [com.apple.SpringBoard:Common] Installed apps did change.
Added: {(
    "org.ps2x.ps2entryrunner"
)}
Removed: {(
)}
Replaced: {(
)}
Updated: (null)
2026-09-19 19:58:17.779 Df SpringBoard[26707:266d9e] [com.apple.SpringBoard:Widgets] handleRemovedDataSource:<SBApplicationPlaceholder: 0x10f728060; bundleIdentifier: org.ps2x.ps2entryrunner; displayName: ps2EntryRunner; progress: 100%; state: Finished> ofIcon:<SBApplicationIcon: 0x1216aeb80; uniqueIdentifier: org.ps2x.ps2entryrunner; bundleID: org.ps2x.ps2entryrunner>
2026-09-19 19:58:17.780 Df SpringBoard[26707:266d9e] [com.apple.SpringBoard:Icon] <<SBLeafIcon:0x1216aeb80 [org.ps2x.ps2entryrunner]>> Changing active data source: <SBApplicationIcon: 0x1216aeb80; uniqueIdentifier: org.ps2x.ps2entryrunner; bundleID: org.ps2x.ps2entryrunner>
2026-09-19 19:58:17.780 Df SpringBoard[26707:266d9e] [com.apple.SpringBoard:Icon] <<SBLeafIcon:0x1216aeb80 [org.ps2x.ps2entryrunner]>> Changing from data souce: org.ps2x.ps2entryrunner to data source:org.ps2x.ps2entryrunner.
2026-09-19 19:58:17.781 Df SpringBoard[26707:266d9e] [com.apple.SpringBoard:Icon] Reload icon image of org.ps2x.ps2entryrunner for reason 'active data source did change'
2026-09-19 19:58:17.781 Df SpringBoard[26707:266d9e] [com.apple.frontboard.ApplicationLibrary:sb.placeholder] Placeholders added: (null), modified: (null), removed: (
    "<SBApplicationPlaceholder: 0x10f728060; bundleIdentifier: org.ps2x.ps2entryrunner; displayName: ps2EntryRunner; progress: 100%; state: Finished>"
)
2026-09-19 19:58:17.817 E  SpringBoard[26707:267f1e] [com.apple.SplashBoard:Capture] Unable to generate launch image for org.ps2x.ps2entryrunner because the app has no valid launch interfaces.
2026-09-19 19:58:17.867 Df lsd[26764:267edd] [com.apple.launchservices:appinstallation] Save after update app record for bundle org.ps2x.ps2entryrunner attempted: 1 save error: (null)
2026-09-19 19:58:17.880 Df SpringBoard[26707:267f00] [com.apple.SpringBoard:ProactiveAppLibrary] (2) Library category map changes: LHS: 0x121659e00
RHS: 0x118454cc0
	-->CategoryIdentifiers: 
		INSERT <SBHLibraryCategoryIdentifier: 0x121599b90; localizedDisplayName: Other; predictionCategoryID: 3001>
Category id '<SBHLibraryCategoryIdentifier: 0x121599e60; localizedDisplayName: " System"; predictionCategoryID: 3000>' name change from '(null)'->'(null)'Category id '<SBHLibraryCategoryIdentifier: 0x121599b90; localizedDisplayName: Other; predictionCategoryID: 3001>' name change from '(null)'->'(null)'	-->Other: 
		INSERT org.ps2x.ps2entryrunner
2026-09-19 19:58:17.934 Df tccd[26719:266dbe] [com.apple.TCC:access] Handling Application Installed event for {
    bundleIDs =     (
        "org.ps2x.ps2entryrunner"
    );
    isPlaceholder = 1;
}.
2026-09-19 19:58:17.940 Df tccd[26719:266dbe] [com.apple.TCC:access] Handling Application Installed event for {
    bundleIDs =     (
        "org.ps2x.ps2entryrunner"
    );
    isPlaceholder = 1;
}.
2026-09-19 19:58:17.980 Df SpringBoard[26707:267efe] [com.apple.UserNotifications:DataProviderFactory] [org.ps2x.ps2entryrunner] Application installed using default data provider
2026-09-19 19:58:17.980 Df SpringBoard[26707:267efe] [com.apple.UserNotifications:Settings] Getting sectionInfos for section identifiers: {(
    "org.ps2x.ps2entryrunner"
)}
2026-09-19 19:58:17.982 Df SpringBoard[26707:267efe] [com.apple.UserNotifications:Settings] [{(
    "org.ps2x.ps2entryrunner"
)}] Got section infos [ hasResult: 1 ]
2026-09-19 19:58:18.246 Df installd[27031:267c55] (MobileSystemServices) 0x16bb27000 -[MILaunchServicesOperationManager _onQueue_removePendingLaunchServicesOperationForUUID:dueToLSSave:]: Removing operation after LS save: <MILaunchServicesRegisterOperation: F1611167-0388-4F13-BB1D-FC28C20D7B5D:1 org.ps2x.ps2entryrunner/MIInstallationDomainSystemShared personas:[com.apple.containermanager.primary-persona]>
2026-09-19 19:58:18.251 Df installd[27031:267c55] (MobileSystemServices) 0x16bb27000 -[MILaunchServicesOperationManager _onQueue_removePendingLaunchServicesOperationForUUID:dueToLSSave:]: Removing operation after LS save: <MILaunchServicesRegisterOperation: 5984F30B-ECBB-4D3D-B35D-07DCC06D479E:2 org.ps2x.ps2entryrunner/MIInstallationDomainSystemShared personas:[com.apple.containermanager.primary-persona]>
2026-09-19 19:58:18.253 E  iconservicesagent[26871:267385] [com.apple.iconservices:default] Failed to find icon resources for bundle identifier org.ps2x.ps2entryrunner - (null). Creating placeholder provider
2026-09-19 19:58:18.259 Df tccd[26719:266dbe] [com.apple.TCC:access] Handling Application Installed event for {
    bundleIDs =     (
        "org.ps2x.ps2entryrunner"
    );
    isPlaceholder = 0;
}.
2026-09-19 19:58:18.264 Df iconservicesagent[26871:267385] [com.apple.iconservices:default] Resource provider <ISResourceProvider: 0x105916580> for <ISBundleIdentifierIcon 0x1058ae400>BundleID: org.ps2x.ps2entryrunner digest: A20874BD-16DE-3E8C-9B6F-1FEF32F48B8A has no record identifiers
2026-09-19 19:58:18.492 Df siriactionsd[26774:26744a] [com.apple.shortcuts:Daemon] Dispatching XPC event: <distributed notification: com.apple.LaunchServices.applicationRegistered, userInfo: [AnyHashable("bundleIDs"): <__NSSingleObjectArrayI 0x106600040>(
org.ps2x.ps2entryrunner
)
, AnyHashable("isPlaceholder"): 0]>
2026-09-19 19:58:18.492 Df siriactionsd[26774:26744a] [com.apple.shortcuts:Daemon] Firing event: <distributed notification: com.apple.LaunchServices.applicationRegistered, userInfo: [AnyHashable("bundleIDs"): <__NSSingleObjectArrayI 0x106600040>(
org.ps2x.ps2entryrunner
)
, AnyHashable("isPlaceholder"): 0]>
2026-09-19 19:58:18.613 Df linkd[26853:2679b1] [com.apple.appintents:IndexCoordinator] Auditing metadata, received XPC event com.apple.LaunchServices.applicationRegistered ["isPlaceholder": 0, "bundleIDs": <__NSSingleObjectArrayI 0x104540a20>(
org.ps2x.ps2entryrunner
)
]
2026-09-19 19:58:18.616 Df linkd[26853:2679b1] [com.apple.appintents:IndexCoordinator] Starting task: Audit: Bundles: org.ps2x.ps2entryrunner
2026-09-19 19:58:18.700 E  iconservicesagent[26871:267385] [com.apple.iconservices:default] Failed to find icon resources for bundle identifier org.ps2x.ps2entryrunner - (null). Creating placeholder provider
2026-09-19 19:58:18.703 Df iconservicesagent[26871:267385] [com.apple.iconservices:default] Resource provider <ISResourceProvider: 0x105916580> for <ISBundleIdentifierIcon 0x1058ae640>BundleID: org.ps2x.ps2entryrunner digest: 2A1E4DDD-9994-3C93-AC71-F50D7DDA9A16 has no record identifiers
2026-09-19 19:58:18.824 Df SpringBoard[26707:267efd] [com.apple.SplashBoard:FileManifest] <XBApplicationSnapshotManifestImpl: 0x11634e200> [org.ps2x.ps2entryrunner] We don't have any snapshots, so we're clearing our manifest data.
2026-09-19 19:58:21.005 Df clipserviced[27064:268076] [com.apple.ClipServices:ClipServices] CPSClipCleanupManager: Post notification with name: com.apple.LaunchServices.applicationRegistered, userInfo: {
    bundleIDs =     (
        "org.ps2x.ps2entryrunner"
    );
    isPlaceholder = 1;
}
2026-09-19 19:58:21.005 Df clipserviced[27064:268076] [com.apple.ClipServices:ClipServices] CPSClipCleanupManager: Post notification with name: com.apple.LaunchServices.applicationRegistered, userInfo: {
    bundleIDs =     (
        "org.ps2x.ps2entryrunner"
    );
    isPlaceholder = 1;
}
2026-09-19 19:58:21.005 Df clipserviced[27064:268076] [com.apple.ClipServices:ClipServices] CPSClipCleanupManager: Post notification with name: com.apple.LaunchServices.applicationRegistered, userInfo: {
    bundleIDs =     (
        "org.ps2x.ps2entryrunner"
    );
    isPlaceholder = 0;
}
2026-09-19 19:58:21.021 Df clipserviced[27064:268076] [com.apple.ClipServices:ClipServices] CPSClipCleanupManager: Detected installation of new app (org.ps2x.ps2entryrunner)
2026-09-19 19:58:21.232 Df SpringBoard[26707:267f0b] [com.apple.launchservices:progress] #LSInstallProgressList add subscriber: <_NSProgressSubscriber: 0x10f6336f0> publishingString: org.ps2x.ps2entryrunner
2026-09-19 19:58:21.257 Df linkd[26853:2679b1] [com.apple.appintents:Indexing] Looking for bundle: org.ps2x.ps2entryrunner
2026-09-19 19:58:21.462 Df storekitd[27065:26806a] [com.apple.storekit:Default] [storekitd.LaunchServicesObserver] Handling installed event for ["org.ps2x.ps2entryrunner"]
2026-09-19 19:58:23.966 Df SpringBoard[26707:267f0b] [com.apple.launchservices:progress] Subscribing to progress for app org.ps2x.ps2entryrunner,
2026-09-19 19:58:24.755 Df linkd[26853:2679b1] [com.apple.appintents:IndexCoordinator] Finished task: Audit: Bundles: org.ps2x.ps2entryrunner
2026-09-19 19:58:24.987 Df storekitd[27065:26806a] [com.apple.storekit:Default] [7ac49601] Clearing app transactions for ["org.ps2x.ps2entryrunner"]
2026-09-19 19:58:31.904 Df searchd[26856:268504] [com.apple.spotlight:default] Apps changed: (
    "com.apple.Passbook",
    "com.apple.MobileAddressBook",
    "com.apple.Fitness",
    "com.apple.DocumentsApp",
    "com.apple.MobileSMS",
    "com.apple.Maps",
    "com.apple.Passwords",
    "com.apple.mobilecal",
    "com.apple.Bridge",
    "org.ps2x.ps2entryrunner",
    "com.apple.BarcodeScanner",
    "com.apple.Preferences",
    "com.apple.SiriApp",
    "com.apple.reminders",
    "com.apple.Health",
    "com.apple.news",
    "com.apple.mobileslideshow",
    "com.apple.mobilesafari",
    "com.apple.TVRemoteApp",
    "com.apple.Preview",
    "com.apple.shortcuts"
)
2026-09-19 19:58:33.913 E  siriknowledged[26885:267e4a] [com.apple.launchservices:registration] no install info, bundle at <FSNode 0x105e6cae0> { isDir = ?, path = '/Users/bradrichardson/Library/Developer/CoreSimulator/Devices/4DE6C37C-77EF-45AE-827E-26286E68D022/data/Containers/Bundle/Application/813AA66E-03FF-4F2D-B6EB-57210E098028/ps2EntryRunner.app' } will not be registered
2026-09-19 19:58:34.047 E  siriknowledged[26885:2688f6] [com.apple.launchservices:registration] no install info, bundle at <FSNode 0x105e6cae0> { isDir = ?, path = '/Users/bradrichardson/Library/Developer/CoreSimulator/Devices/4DE6C37C-77EF-45AE-827E-26286E68D022/data/Containers/Bundle/Application/813AA66E-03FF-4F2D-B6EB-57210E098028/ps2EntryRunner.app' } will not be registered
2026-09-19 19:58:36.557 Df BackgroundShortcutRunner[27240:268a3b] [com.apple.shortcuts:ToolKitIndexing] Indexing for request: <WFToolKitIndexingRequest: 0x1060500c0>, changeset: .partial(updatedCount: 1 removedCount: 0 updated: ["org.ps2x.ps2entryrunner"], removed: [], provenance: [VoiceShortcutClient.ToolKitIndexingReason.Changeset.Provenance.launchServicesSnapshot(<LaunchServicesSnapshot uuid=5382FDFD-06CA-4A0C-8ED3-B766E6B54F8E, v=728)> ["com.apple.MediaRemoteAppIntentsExtension", "com.apple.GameCenterRemoteAlert", "com.apple.coreidv.CoreIDVUIService", "com.apple.Fitness.FitnessSettingsIntents", "com.apple.chrono.WidgetRenderer-StandBy", "com.apple.SystemPaperViewService", "com.apple.SafariViewService", "com.apple.family.FamilyIntents", "com.apple.Posters.WeatherPosterApp", "com.apple.ActivityProgress.ActivityProgressUI", "com.apple.Preferences.DictionarySettingsExtension", "com.apple.ScreenTimeWidgetApplication", "com.apple.mobilesafari", "com.apple.family", "com.apple.AccessibilityUIServer", "com.apple.MusicKit.UI", "com.apple.HearingApp", "com.apple.AXUIViewService", "com.apple.BarcodeScanner", "com.apple.MobileSMS", "com.a<…>, priority: <decode: missing data>
2026-09-19 19:58:36.577 Df BackgroundShortcutRunner[27240:268a37] [com.apple.shortcuts:AppIntentsMetadata] Loading LNEntityMetadata for bundle identifier org.ps2x.ps2entryrunner
2026-09-19 19:58:36.578 Df BackgroundShortcutRunner[27240:268a37] [com.apple.shortcuts:AppIntentsMetadata] Loading LNActionMetadata for bundle identifier org.ps2x.ps2entryrunner
2026-09-19 19:58:37.195 Df siriactionsd[26774:267401] [com.apple.shortcuts:ToolKitScheduler] retriable indexing: decoded result from BGSR: changeset=.partial(updatedCount: 1 removedCount: 0 updated: ["org.ps2x.ps2entryrunner"], removed: [], provenance: [VoiceShortcutClient.ToolKitIndexingReason.Changeset.Provenance.launchServicesSnapshot(<LaunchServicesSnapshot uuid=5382FDFD-06CA-4A0C-8ED3-B766E6B54F8E, v=728)> ["com.apple.AAUIViewService", "com.apple.CarPlaySettings", "com.apple.DocumentManager.DockFolderViewService", "com.apple.SystemIntents", "com.apple.Posters.KaleidoscopePosterApp", "com.apple.Animoji.StickersApp", "com.apple.Home.HomeUIService", "com.apple.icloud.FMF.FindMySettingsAppIntentsExtension", "com.apple.siri.SiriGeo.SiriGeoAppIntentExtension", "com.apple.livetranscriptionui", "com.apple.DocumentsApp.DocumentAppShortcuts", "com.apple.VideoSubscriberAccount.Intents", "com.apple.UIKit.ColorPickerUIService", "com.apple.EmojiPoster", "com.apple.Fitness", "com.apple.PASViewService", "com.apple.FinanceUIService", "com.apple.mobileslideshow", "com.apple.TVAccessViewService", "com.apple.HomeCaptiveViewService", "com.apple.camera.settings.C<…> removedTools=<decode: missing data>
2026-09-19 19:58:37.216 Df intelligenceflowd[27032:268a9e] [com.apple.shortcuts:ToolKitDatabase] Fetching multiple records using request: <ToolKitDatabaseRequest id=7C32C4CA-F55B-4F09-80E4-A0D71174451F scope: all locale: en query: <ContainerDefinitionQuery identifier: is(org.ps2x.ps2entryrunner) origin: any containerType: any sourceDevice: is(local) version: any>>
2026-09-19 19:58:37.216 Df intelligenceflowd[27032:268a9e] [com.apple.shortcuts:ToolKitDatabase] Fetched multiple records: 0 for request: <ToolKitDatabaseRequest id=7C32C4CA-F55B-4F09-80E4-A0D71174451F scope: all locale: en query: <ContainerDefinitionQuery identifier: is(org.ps2x.ps2entryrunner) origin: any containerType: any sourceDevice: is(local) version: any>>
2026-09-19 19:58:49.530 Df CoreSimulatorBridge[26737:268c87] Requesting launch of org.ps2x.ps2entryrunner with options: {
    environment =     {
        TERM = "xterm-256color";
    };
    stderr = "/Volumes/Extreme SSD/ps2x-i6/logs/launch-stderr.log";
    stdout = "/Volumes/Extreme SSD/ps2x-i6/logs/launch-stdout.log";
}
2026-09-19 19:58:49.532 Df CoreSimulatorBridge[26737:268c87] Beginning launch sequence for bundle 'org.ps2x.ps2entryrunner'
	retryTimeout: 300.000000 (default write com.apple.CoreSimulatorBridge LaunchRetryTimeout <value>)
	bootTimeout: 300.000000 (default write com.apple.CoreSimulatorBridge BootRetryTimeout <value>)
	bootLeeway: 120.000000 (default write com.apple.CoreSimulatorBridge BootLeeway <value>)
	Note: Use 'xcrun simctl spawn booted defaults write <domain> <key> <value>' to modify defaults in the booted Simulator device.
Simulator booted at: Sat Sep 19 19:57:45 2026
Current time: Sat Sep 19 19:58:49 2026
Within boot leeway: YES
2026-09-19 19:58:49.534 Df CoreSimulatorBridge[26737:268c87] Launch attempt #0 for bundle 'org.ps2x.ps2entryrunner', have been trying to launch for 0 seconds.
2026-09-19 19:58:49.534 Df CoreSimulatorBridge[26737:268c87] Got LSBundleProxy for 'org.ps2x.ps2entryrunner', sequenceNumber 728, cacheGUID 5382FDFD-06CA-4A0C-8ED3-B766E6B54F8E
2026-09-19 19:58:49.535 Df CoreSimulatorBridge[26737:268c87] [com.apple.FrontBoard:Common] [FBSSystemService][0x486d] Sending request to open "org.ps2x.ps2entryrunner"
2026-09-19 19:58:49.535 Df SpringBoard[26707:267f0c] [com.apple.FrontBoard:Common] [FBSystemService][0x486d] Received request to open "org.ps2x.ps2entryrunner" from CoreSimulatorBr:26737.
2026-09-19 19:58:49.535 Df SpringBoard[26707:267f0c] [com.apple.FrontBoard:Common] [FBSystemService][0x486d] Activation request for org.ps2x.ps2entryrunner contained LSCacheGUID 5382FDFD-06CA-4A0C-8ED3-B766E6B54F8E and LSSequenceNumber 728.
2026-09-19 19:58:49.536 Df SpringBoard[26707:266d9e] [com.apple.FrontBoard:Common] [FBSystemService][0x486d] Activation request for org.ps2x.ps2entryrunner will wait 10.00s for app availability, with retry every 2.00s.
2026-09-19 19:58:49.536 Df SpringBoard[26707:266d9e] [com.apple.FrontBoard:Common] [FBSystemService][0x486d] Attempting activation of org.ps2x.ps2entryrunner with {UUID: 5382FDFD-06CA-4A0C-8ED3-B766E6B54F8E, Sequence: 728} vs {UUID: 5382FDFD-06CA-4A0C-8ED3-B766E6B54F8E, Sequence: 728}
2026-09-19 19:58:49.536 Df SpringBoard[26707:266d9e] [com.apple.SpringBoard:Workspace] Received trusted open application request for "org.ps2x.ps2entryrunner" from <FBProcess: 0x10bf5ca80; osservice<com.apple.CoreSimulator.bridge>:26737(v7CE5D)>.
2026-09-19 19:58:49.538 Df SpringBoard[26707:266d9e] [com.apple.SpringBoard:Common] Executing request: <SBMainWorkspaceTransitionRequest: 0x11c4897c0; eventLabel: OpenApplication(sceneID:org.ps2x.ps2entryrunner-default)ForRequester(CoreSimulatorBr.26737); display: Main; source: FBSystemService>
2026-09-19 19:58:49.538 Df SpringBoard[26707:266d9e] [com.apple.FrontBoard:Common] [FBWorkspaceEvent] Executing: <FBWorkspaceEvent: 0x12158ef80; OpenApplication(sceneID:org.ps2x.ps2entryrunner-default)ForRequester(CoreSimulatorBr.26737)>
2026-09-19 19:58:49.541 Df SpringBoard[26707:266d9e] [com.apple.SpringBoard:TraitsArbiter] [SwitcherOrientation] outSwitcherOrientation: portrait (1), outElementsOrientations: {
    "sceneID:org.ps2x.ps2entryrunner-default" = 1;
}
2026-09-19 19:58:49.543 Df SpringBoard[26707:266d9e] [com.apple.SpringBoard:Transaction] Running <SBAppToAppWorkspaceTransaction: 0x121773480> for transition request:
<SBMainWorkspaceTransitionRequest: 0x11c4897c0; eventLabel: OpenApplication(sceneID:org.ps2x.ps2entryrunner-default)ForRequester(CoreSimulatorBr.26737); display: Main; source: FBSystemService> {
    applicationContext = <SBWorkspaceApplicationSceneTransitionContext: 0x1220e1680; background: NO> entities = {
        SBLayoutRolePrimary = <SBDeviceApplicationSceneEntity: 0x122076030; ID: sceneID:org.ps2x.ps2entryrunner-default; layoutRole: primary>;
    };
}
2026-09-19 19:58:49.543 Df SpringBoard[26707:266d9e] [preflight:SceneHostedPreflight] [Source: TCCs] org.ps2x.ps2entryrunner requires preflight: false
2026-09-19 19:58:49.543 Df SpringBoard[26707:266d9e] [preflight:SceneHostedPreflight] [Source: ScreenTime] org.ps2x.ps2entryrunner requires preflight: false
2026-09-19 19:58:49.544 Df SpringBoard[26707:266d9e] [com.apple.SpringBoard:Common] Generating initialization context on main thread for: org.ps2x.ps2entryrunner
2026-09-19 19:58:49.544 Df SpringBoard[26707:267f0c] [com.apple.FrontBoard:Process] Asked to bootstrap a new process with identity: app<org.ps2x.ps2entryrunner((null))>
2026-09-19 19:58:49.544 Df SpringBoard[26707:267f0c] [com.apple.FrontBoard:Process] Creating process (sync=true) with identity: app<org.ps2x.ps2entryrunner((null))>
2026-09-19 19:58:49.544 Df SpringBoard[26707:267f0c] [com.apple.FrontBoard:ProcessWorkspace] Created <FBWorkspace: 0x11c48aa80; <FBApplicationProcess: 0x121772d00; app<org.ps2x.ps2entryrunner>:<invalid>>>
2026-09-19 19:58:49.544 Df SpringBoard[26707:267f0c] [com.apple.FrontBoard:Process] Bootstrapping app<org.ps2x.ps2entryrunner> with intent foreground-interactive
2026-09-19 19:58:49.545 Df runningboardd[26710:266e3d] [com.apple.DynamicPrefetching:default] start_scenario: recording pageins for bundleid "org.ps2x.ps2entryrunner" scenario "Launch"
2026-09-19 19:58:49.545 Df runningboardd[26710:266e3d] [com.apple.DynamicPrefetching:default] start_scenario: Prefetching clean profile for bundleid "org.ps2x.ps2entryrunner" scenario "Launch"
2026-09-19 19:58:49.545 Df runningboardd[26710:266e46] [com.apple.runningboard:ttl] Acquiring assertion targeting app<org.ps2x.ps2entryrunner((null))> from originator [osservice<com.apple.SpringBoard>:26707] with description <RBSAssertionDescriptor| "FBApplicationProcess" ID:26710-26707-4976 target:app<org.ps2x.ps2entryrunner((null))> attributes:[
	<RBSDomainAttribute| domain:"com.apple.frontboard" name:"SuspendableLPRunReason-Resume" sourceEnvironment:"(null)">,
	<RBSDomainAttribute| domain:"com.apple.frontboard" name:"Visibility" sourceEnvironment:"(null)">,
	<RBSDomainAttribute| domain:"com.apple.frontboard" name:"SuspendableRole-UIFocal" sourceEnvironment:"(null)">,
	<RBSDomainAttribute| domain:"com.apple.frontboard" name:"SuspendableJetsamPriority-Foreground" sourceEnvironment:"(null)">,
	<RBSDomainAttribute| domain:"com.apple.frontboard" name:"SuspendableBootstrapping" sourceEnvironment:"(null)">,
	<RBSDomainAttribute| domain:"com.apple.pagein-prefetching" name:"LaunchPrefetch" sourceEnvironment:"(null)">
	]>
2026-09-19 19:58:49.546 E  runningboardd[26710:266e46] [com.apple.runningboard:assertion] Multiple RBSRunningReasonAttribute provided: 10000 vs 20838. First one wins, but client should be fixed for assertion 26710-26707-4976 (target:app<org.ps2x.ps2entryrunner((null))>)
2026-09-19 19:58:49.546 Df runningboardd[26710:266e46] [com.apple.runningboard:ttl] Assertion 26710-26707-4976 (target:app<org.ps2x.ps2entryrunner((null))>) will be created as active
2026-09-19 19:58:49.546 Df runningboardd[26710:266e3d] [com.apple.runningboard:job] Creating and launching job for: app<org.ps2x.ps2entryrunner((null))>
2026-09-19 19:58:49.546 Df runningboardd[26710:266e3d] [com.apple.runningboard:general] _mutateContextIfNeeded called for org.ps2x.ps2entryrunner
2026-09-19 19:58:49.547 Df runningboardd[26710:266e3d] [com.apple.runningboard:job] app<org.ps2x.ps2entryrunner((null))> Looking up container path with persona (null) using container identifier 'org.ps2x.ps2entryrunner'
2026-09-19 19:58:49.548 Df runningboardd[26710:266e46] [com.apple.runningboard:job_oversize] 'app<org.ps2x.ps2entryrunner((null))>' Constructed job description:
<dictionary: 0x109e19080> { count = 23, transaction: 0, voucher = 0x0, contents =
	"ProcessType" => <string: 0x109e674e0> { string cache = 0x0, length = 3, contents = "App" }
	"EnableTransactions" => <bool: 0x222423a90>: false
	"_ManagedBy" => <string: 0x109e652c0> { string cache = 0x0, length = 22, contents = "com.apple.runningboard" }
	"RootedSimulatorPath" => <bool: 0x222423a70>: true
	"StandardOutPath" => <string: 0x109e65c50> { string cache = 0x0, length = 51, contents = "/Volumes/Extreme SSD/ps2x-i6/logs/launch-stdout.log" }
	"CFBundleIdentifier" => <string: 0x109e64b40> { string cache = 0x0, length = 23, contents = "org.ps2x.ps2entryrunner" }
	"_ResourceCoalition" => <string: 0x109e643c0> { string cache = 0x0, length = 36, contents = "app<org.ps2x.ps2entryrunner((null))>" }
	"_POSIXSpawnTelemetryPageIn" => <bool: 0x222423a70>: true
	"ThrottleInterval" => <int64: 0x805f341a872dd7e7>: 2147483647
	"StandardErrorPath" => <string: 0x109e64630> { string cache = 0x0, length = 51, contents = "/Volumes/Extreme SSD/ps2x-i6/logs/launch-stderr.log" }
	"MachServices" => <dictionary: 0x109e19e00> { count = 0, transaction: 0, voucher = 0x0, contents =
	}
	"EnablePressuredExit" => <bool: 0x222423a90>: false
	"InitialTaskRole" => <int64: 0x805f341978d22817>: 1
	"UserName" => <string: 0x109e65890> { string cache = 0x0, length = 6, contents = "mobile" }
	"EnvironmentVariables" => <dictionary: 0x109e1bf00> { count = 5, transaction: 0, voucher = 0x0, contents =
		"TMPDIR" => <string: 0x109e67ed0> { string cache = 0x0, length = 172, contents = "/Users/bradrichardson/Library/Developer/CoreSimulator/Devices/4DE6C37C-77EF-45AE-827E-26286E68D022/data/Containers/Data/Application/66B79458-8486-4FF6-A021-87B6892848D3/tmp" }
		"HOME" => <string: 0x109e66550> { string cache = 0x0, length = 168, contents = "/Users/bradrichardson/Library/Developer/CoreSimulator/Devices/4DE6C37C-77EF-45AE-827E-26286E68D022/data/Containers/Data/Application/66B79458-8486-4FF6-A021-87B6892848D3" }
		"CFFIXED_USER_HOME" => <string: 0x109e66490> { string cache = 0x0, length = 168, contents = "/Users/bradrichardson/Library/Developer/CoreSimulator/Devices/4DE6C37C-77EF-45AE-827E-26286E68D022/data/Containers/Data/Application/66B79458-8486-4FF6-A021-87B6892848D3" }
		"TERM" => <string: 0x109e67030> { string cache = 0x0, length = 14, contents = "xterm-256color" }
		"_DYLD_CLOSURE_HOME" => <string: 0x109e67840> { string cache = 0x0, length = 168, contents = "/Users/bradrichardson/Library/Developer/CoreSimulator/Devices/4DE6C37C-77EF-45AE-827E-26286E68D022/data/Containers/Data/Application/66B79458-8486-4FF6-A021-87B6892848D3" }
	}
	"_AdditionalProperties" => <dictionary: 0x109e1b3c0> { count = 1, transaction: 0, voucher = 0x0, contents =
		"RunningBoard" => <dictionary: 0x109e1a3a0> { count = 3, transaction: 0, voucher = 0x0, contents =
			"Managed" => <bool: 0x222423a70>: true
			"RunningBoardLaunchedIdentity" => <dictionary: 0x109e19620> { count = 2, transaction: 0, voucher = 0x0, contents =
				"TYPE" => <int64: 0x805f341978d2280f>: 2
				"EAI" => <string: 0x109e67e40> { string cache = 0x0, length = 23, contents = "org.ps2x.ps2entryrunner" }
			}
			"RunningBoardLaunched" => <bool: 0x222423a70>: true
		}
	}
	"ExitTimeOut" => <int64: 0x805f341978d22817>: 1
	"Label" => <string: 0x109e671b0> { string cache = 0x0, length = 57, contents = "UIKitApplication:org.ps2x.ps2entryrunner[3549][rb-legacy]" }
	"MaterializeDatalessFiles" => <bool: 0x222423a70>: true
	"SandboxContainer" => <string: 0x109e64090> { string cache = 0x0, length = 168, contents = "/Users/bradrichardson/Library/Developer/CoreSimulator/Devices/4DE6C37C-77EF-45AE-827E-26286E68D022/data/Containers/Data/Application/66B79458-8486-4FF6-A021-87B6892848D3" }
	"_LaunchType" => <int64: 0x805f341978d22807>: 3
	"ProgramArguments" => <array: 0x109e645d0> { count = 1, capacity = 10, contents =
		0: <string: 0x109e66430> { string cache = 0x0, length = 204, contents = "/Users/bradrichardson/Library/Developer/CoreSimulator/Devices/4DE6C37C-77EF-45AE-827E-26286E68D022/data/Containers/Bundle/Application/813AA66E-03FF-4F2D-B6EB-57210E098028/ps2EntryRunner.app/ps2EntryRunner" }
	}
	"Program" => <string: 0x109e676c0> { string cache = 0x0, length = 204, contents = "/Users/bradrichardson/Library/Developer/CoreSimulator/Devices/4DE6C37C-77EF-45AE-827E-26286E68D022/data/Containers/Bundle/Application/813AA66E-03FF-4F2D-B6EB-57210E098028/ps2EntryRunner.app/ps2EntryRunner" }
}
2026-09-19 19:58:49.561 E  launchd_sim[26704:2689ad] [user/501/UIKitApplication:org.ps2x.ps2entryrunner[3549][rb-legacy] [27360]:] Service could not initialize: Unable to open stdout path (/Volumes/Extreme SSD/ps2x-i6/logs/launch-stdout.log), error 0x1 - Operation not permitted
2026-09-19 19:58:49.561 E  runningboardd[26710:266e3d] [com.apple.libxpc.OSLaunchdJob:all] <OSLaunchdJob | handle=81DF0751-1C38-4AA5-A136-DA11D189FC6E>: job failed to spawn, plist={
	ProcessType => App
	EnableTransactions => false
	_ManagedBy => com.apple.runningboard
	RootedSimulatorPath => true
	StandardOutPath => /Volumes/Extreme SSD/ps2x-i6/logs/launch-stdout.log
	CFBundleIdentifier => org.ps2x.ps2entryrunner
	_ResourceCoalition => app<org.ps2x.ps2entryrunner((null))>
	_POSIXSpawnTelemetryPageIn => true
	ThrottleInterval => 2147483647
	StandardErrorPath => /Volumes/Extreme SSD/ps2x-i6/logs/launch-stderr.log
	MachServices => {
	}
	EnablePressuredExit => false
	InitialTaskRole => 1
	UserName => mobile
	EnvironmentVariables => {
		TMPDIR => /Users/bradrichardson/Library/Developer/CoreSimulator/Devices/4DE6C37C-77EF-45AE-827E-26286E68D022/data/Containers/Data/Application/66B79458-8486-4FF6-A021-87B6892848D3/tmp
		HOME => /Users/bradrichardson/Library/Developer/CoreSimulator/Devices/4DE6C37C-77EF-45AE-827E-26286E68D022/data/Containers/Data/Application/66B79458-8486-4FF6-A021-87B6892848D3
		CFFIXED_USER_HOME => /<…>
2026-09-19 19:58:49.561 Df runningboardd[26710:266e3d] [com.apple.runningboard:ttl] Invalidating assertion 26710-26707-4976 (target:app<org.ps2x.ps2entryrunner((null))>) from originator [osservice<com.apple.SpringBoard>:26707]
2026-09-19 19:58:49.562 Df runningboardd[26710:266e3d] [com.apple.runningboard:general] Full encoding handle <inert:[app<org.ps2x.ps2entryrunner((null))>:-1]*>, with data 0, and pid -1
2026-09-19 19:58:49.562 Df SpringBoard[26707:267f1e] [com.apple.runningboard:monitor] Received state update for -1 (app<org.ps2x.ps2entryrunner((null))>, none-Visible
2026-09-19 19:58:49.562 E  SpringBoard[26707:267f0c] [com.apple.FrontBoard:Process] Bootstrapping failed for <FBApplicationProcess: 0x121772d00; app<org.ps2x.ps2entryrunner>:<invalid>> with error: <NSError: 0x116118a80; domain: RBSRequestErrorDomain; code: 5; "Launch failed."> {
    NSUnderlyingError = <NSError: 0x116119920; domain: NSPOSIXErrorDomain; code: 1> {
        NSLocalizedDescription = Launchd job spawn failed;
    };
}
2026-09-19 19:58:49.562 Df SpringBoard[26707:267f0c] [com.apple.FrontBoard:Process] [app<org.ps2x.ps2entryrunner>:-1] Now flagged as pending exit for reason: Bootstrap failed
2026-09-19 19:58:49.562 Df SpringBoard[26707:267f0c] [com.apple.FrontBoard:Process] [app<org.ps2x.ps2entryrunner>:-1] Connection to remote process was not established.
2026-09-19 19:58:49.562 Df SpringBoard[26707:267f0c] [com.apple.FrontBoard:Process] Adding: <FBApplicationProcess: 0x121772d00; app<org.ps2x.ps2entryrunner>:<invalid>>
2026-09-19 19:58:49.562 Df launchd_sim[26704:2689ad] [user/501:] service inactive: UIKitApplication:org.ps2x.ps2entryrunner[3549][rb-legacy]
2026-09-19 19:58:49.562 Df launchd_sim[26704:2689ad] [user/501:] removing service: UIKitApplication:org.ps2x.ps2entryrunner[3549][rb-legacy]
2026-09-19 19:58:49.581 Df SpringBoard[26707:266d9e] [com.apple.SpringBoard:KeyboardFocus] _updateDeferringRules(didMoveToParentViewController) sceneID:org.ps2x.ps2entryrunner-default hasParent:YES contentState:notReady hasRule:NO wantsRule:NO
2026-09-19 19:58:49.581 Df SpringBoard[26707:266d9e] [com.apple.SpringBoard:KeyboardFocus] _updateDeferringRules(didMoveToParentViewController) outcome:(no change) sceneID:org.ps2x.ps2entryrunner-default
2026-09-19 19:58:49.581 Df SpringBoard[26707:266d9e] [com.apple.SpringBoard:AppRestrictionsOverlay] [sceneID:org.ps2x.ps2entryrunner-default] init without scene; waiting for scene creation
2026-09-19 19:58:49.585 Df SpringBoard[26707:266d9e] [com.apple.SpringBoard:AppRestrictionsOverlay] [sceneID:org.ps2x.ps2entryrunner-default] tearing down vc for overlay: 0x0
2026-09-19 19:58:49.585 Df SpringBoard[26707:266d9e] [com.apple.SpringBoard:KeyboardFocus] _updateDeferringRules(didMoveToParentViewController) sceneID:org.ps2x.ps2entryrunner-default hasParent:YES contentState:notReady hasRule:NO wantsRule:NO
2026-09-19 19:58:49.585 Df SpringBoard[26707:266d9e] [com.apple.SpringBoard:KeyboardFocus] _updateDeferringRules(didMoveToParentViewController) outcome:(no change) sceneID:org.ps2x.ps2entryrunner-default
2026-09-19 19:58:49.585 Df SpringBoard[26707:266d9e] [com.apple.SpringBoard:AppSwitcher] <SBFullScreenSwitcherLiveContentOverlayCoordinator: 0x116331400> Adding SwitcherScene overlay for: <SBAppLayout: 0x122103c60; primary: org.ps2x.ps2entryrunner:default; environment: main>, animated: NO
2026-09-19 19:58:49.586 Df SpringBoard[26707:266d9e] [com.apple.SpringBoard:ZStack] _updatePreferences <Switcher>: {
    activationPolicyForParticipantsBelow: AtMostBG;
    homeAffordanceDrawingSuppression: Default;
    associatedSceneIdentifiersToSuppressInSystemAperture: (
        sceneID:org.ps2x.ps2entryrunner-default
    );
    associatedBundleIdentifiersToSuppressInSystemAperture: (
        org.ps2x.ps2entryrunner
    );
    allowsDimmingWhenForegroundInactive: No;
}
2026-09-19 19:58:49.586 Df SpringBoard[26707:266d9e] [com.apple.SpringBoard:SystemApertureViewController] Invalidating promoted elements with coversheet suppression NO liquid detection suppression NO proximity reader suppression NO system chrome suppression NO bundleIDs {(
    "org.ps2x.ps2entryrunner"
)} sceneIds {(
    "sceneID:org.ps2x.ps2entryrunner-default"
)}
2026-09-19 19:58:49.586 Df SpringBoard[26707:266d9e] [com.apple.SpringBoard:ZStack] Resolved Stack (update(Switcher)) [
    Highest: ⬇ ,
    SystemAperture: ⬇ ,
    HUD: ⬇ ,
    TransientOverlayPresentation: ⬇ ,
    Switcher: ownsHomeGesture; FGActive; homeAffordanceDrawingSuppressed: Y->N; suppressedBundles: (none)->org.ps2x.ps2entryrunner; suppressedScenes: 0->1,
    HomeScreen: FGActive->BG
]
2026-09-19 19:58:49.587 Df SpringBoard[26707:266d9e] [com.apple.SpringBoard:Common] [DeviceSceneHandle] sceneID:org.ps2x.ps2entryrunner-default display=Main bounds={{0, 0}, {402, 874}} sceneFrame={{0, 0}, {402, 874}} capability=.None
2026-09-19 19:58:49.587 Df SpringBoard[26707:266d9e] [com.apple.SpringBoard:TraitsArbiter] [DeviceSceneHandle] Did set interfaceOrientation[1] on scene with identifier[sceneID:org.ps2x.ps2entryrunner-default]
2026-09-19 19:58:49.587 Df SpringBoard[26707:266d9e] [com.apple.SpringBoard:ContinuitySession] modifying scene setting userInterfaceStyle to Light displayIdentity: Main forSceneManagers: Main <SBDeviceApplicationSceneHandle: 0x12207ca00; sceneID: sceneID:org.ps2x.ps2entryrunner-default; scenePointer: 0x0>
2026-09-19 19:58:49.587 Df SpringBoard[26707:266d9e] [preflight:SceneHostedPreflight] [Source: TCCs] org.ps2x.ps2entryrunner requires preflight: false
2026-09-19 19:58:49.587 Df SpringBoard[26707:266d9e] [preflight:SceneHostedPreflight] [Source: ScreenTime] org.ps2x.ps2entryrunner requires preflight: false
2026-09-19 19:58:49.591 Df SpringBoard[26707:266d9e] [com.apple.SpringBoard:Common] [SBApplicationSceneUpdateTransaction] org.ps2x.ps2entryrunner requiresPreflight: false false (null)
2026-09-19 19:58:49.591 Df SpringBoard[26707:266d9e] [com.apple.SpringBoard:Common] [SBApplicationSceneUpdateTransaction] org.ps2x.ps2entryrunner not running preflight as not restricted
2026-09-19 19:58:49.662 Df runningboardd[26710:266e46] [com.apple.runningboard:assertion] Removed last relative-start-date-defining assertion for process app<org.ps2x.ps2entryrunner((null))>
2026-09-19 19:58:49.662 Df runningboardd[26710:266e4b] [com.apple.runningboard:general] Full encoding handle <inert:[app<org.ps2x.ps2entryrunner((null))>:-1]*>, with data 0, and pid -1
2026-09-19 19:58:49.662 Df SpringBoard[26707:2689ea] [com.apple.runningboard:monitor] Received state update for -1 (app<org.ps2x.ps2entryrunner((null))>, none-NotVisible
2026-09-19 19:58:49.666 Df SpringBoard[26707:267f0c] [com.apple.FrontBoard:Process] [app<org.ps2x.ps2entryrunner>:-1] Process exited: .
2026-09-19 19:58:49.666 Df SpringBoard[26707:267f0c] [com.apple.FrontBoard:Process] [app<org.ps2x.ps2entryrunner>:-1] Setting process task state to: Not Running
2026-09-19 19:58:49.666 Df SpringBoard[26707:267f0c] [com.apple.FrontBoard:ProcessWorkspace] [app<org.ps2x.ps2entryrunner>:-1] Invalidating workspace.
2026-09-19 19:58:49.666 Df SpringBoard[26707:267f0c] [com.apple.FrontBoard:Process] Removing: <FBApplicationProcess: 0x121772d00; app<org.ps2x.ps2entryrunner>:<invalid>>
2026-09-19 19:58:49.666 Df SpringBoard[26707:266d9e] [com.apple.SpringBoard:Workspace] Process exited: <FBApplicationProcess: 0x121772d00; app<org.ps2x.ps2entryrunner>:<invalid>> ->
2026-09-19 19:58:49.667 Df SpringBoard[26707:266d9e] [com.apple.SpringBoard:Common] Application process state changed for org.ps2x.ps2entryrunner: (null)
2026-09-19 19:58:49.668 F  CoreSimulatorBridge[26737:268fa8] Application launch for 'org.ps2x.ps2entryrunner' did not return a process handle nor launch error.
2026-09-19 19:58:49.668 Df CoreSimulatorBridge[26737:268c87] Error Launching: Error Domain=NSPOSIXErrorDomain Code=3 "No such process" UserInfo={NSLocalizedDescription=Application launch for 'org.ps2x.ps2entryrunner' did not return a process handle nor launch error.}
2026-09-19 19:58:49.668 Df CoreSimulatorBridge[26737:268c87] Non-FBS error launching 'org.ps2x.ps2entryrunner'. Error was: Error Domain=NSPOSIXErrorDomain Code=3 "No such process" UserInfo={NSLocalizedDescription=Application launch for 'org.ps2x.ps2entryrunner' did not return a process handle nor launch error.}
2026-09-19 19:58:49.670 Df SpringBoard[26707:266d9e] [preflight:SceneHostedPreflight] [Preflighter: TCCs] org.ps2x.ps2entryrunner requires preflight: false
2026-09-19 19:58:49.670 Df SpringBoard[26707:266d9e] [preflight:SceneHostedPreflight] [Preflighter: ScreenTime] org.ps2x.ps2entryrunner requires preflight: false
2026-09-19 19:58:49.670 Df SpringBoard[26707:266d9e] [com.apple.SpringBoard:AppRestrictionsOverlay] [sceneID:org.ps2x.ps2entryrunner-default] didCreateScene
2026-09-19 19:58:49.670 Df SpringBoard[26707:266d9e] [preflight:SceneHostedPreflight] [Preflighter: TCCs] org.ps2x.ps2entryrunner requires preflight: false
2026-09-19 19:58:49.670 Df SpringBoard[26707:266d9e] [preflight:SceneHostedPreflight] [Preflighter: ScreenTime] org.ps2x.ps2entryrunner requires preflight: false
2026-09-19 19:58:49.670 Df SpringBoard[26707:266d9e] [preflight:PreflightSceneExtension] sceneID:org.ps2x.ps2entryrunner-default: returning requiresPreflight FALSE as there's no activePreflightSource
2026-09-19 19:58:49.670 Df SpringBoard[26707:266d9e] [com.apple.SpringBoard:AppRestrictionsOverlay] [sceneID:org.ps2x.ps2entryrunner-default] tearing down vc for overlay: 0x0
2026-09-19 19:58:49.671 Df SpringBoard[26707:266d9e] [com.apple.SpringBoard:AppProtection] <BSCompoundAssertion:0x1220a6210> (SBApplicationAppProtectionAssistant: 0x11c66e140 - org.ps2x.ps2entryrunner) acquire for reason:NULL scene acq:0x12158d8c0 count:1
2026-09-19 19:58:49.671 Df SpringBoard[26707:266d9e] [com.apple.SpringBoard:AppProtection] Informing <APSystemAppOutlet: 0x10be25d10> that <APApplication: org.ps2x.ps2entryrunner> will become foreground visible
2026-09-19 19:58:49.671 Df SpringBoard[26707:266d9e] [com.apple.appprotection:framework] scene will become FG visible for <APApplication: org.ps2x.ps2entryrunner>
2026-09-19 19:58:49.671 Df SpringBoard[26707:266d9e] [com.apple.appprotection:framework] auth result for <APApplication: org.ps2x.ps2entryrunner>: true (null)
2026-09-19 19:58:49.671 Df SpringBoard[26707:266d9e] [com.apple.UIKit:KBProxyForwarding] <StateMachine:0x1221651c0> Created with presentation environment: <0x11b0b14a0:<_UISceneKeyboardProxyLayerForwardingPresentationScene: 0x11b0b14a0> Tracking scene: <FBScene: 0x121700000; FBSceneManager:sceneID:org.ps2x.ps2entryrunner-default>>
2026-09-19 19:58:49.672 Df SpringBoard[26707:266d9e] [com.apple.SpringBoard:Common] [DeviceSceneHandle] sceneID:org.ps2x.ps2entryrunner-default display=Main bounds={{0, 0}, {402, 874}} sceneFrame={{0, 0}, {402, 874}} capability=.None
2026-09-19 19:58:49.672 Df SpringBoard[26707:266d9e] [com.apple.SpringBoard:TraitsArbiter] orientationMode=dynamic for <SBTraitsSceneParticipantDelegate: 0x11c48a4e0> (
    "com.apple.frontboard.systemappservices/FBSceneManager:sceneID%3Aorg.ps2x.ps2entryrunner-default"
)
2026-09-19 19:58:49.672 Df SpringBoard[26707:266d9e] [com.apple.SpringBoard:TraitsArbiter] [DeviceSceneHandle] Did set interfaceOrientation[1] on scene with identifier[sceneID:org.ps2x.ps2entryrunner-default]
2026-09-19 19:58:49.672 Df SpringBoard[26707:266d9e] [com.apple.SpringBoard:ContinuitySession] modifying scene setting userInterfaceStyle to Light displayIdentity: Main forSceneManagers: Main <SBDeviceApplicationSceneHandle: 0x12207ca00; sceneID: sceneID:org.ps2x.ps2entryrunner-default; scenePointer: 0x121700000>
2026-09-19 19:58:49.672 Df SpringBoard[26707:266d9e] [com.apple.SpringBoard:Common] No capture application found for the org.ps2x.ps2entryrunner, launchCameraCapture: NO, isCaptureApplication: NO
2026-09-19 19:58:49.673 Df SpringBoard[26707:266d9e] [com.apple.FrontBoard:Process] Asked to bootstrap a new process with identity: app<org.ps2x.ps2entryrunner((null))>
2026-09-19 19:58:49.673 Df SpringBoard[26707:266d9e] [com.apple.FrontBoard:Process] Creating process (sync=false) with identity: app<org.ps2x.ps2entryrunner((null))>
2026-09-19 19:58:49.673 Df SpringBoard[26707:266d9e] [com.apple.FrontBoard:ProcessWorkspace] Created <FBWorkspace: 0x11b330c80; <FBApplicationProcess: 0x11c623780; app<org.ps2x.ps2entryrunner>:<invalid>>>
2026-09-19 19:58:49.673 Df SpringBoard[26707:267f0c] [com.apple.FrontBoard:Process] Bootstrapping app<org.ps2x.ps2entryrunner> with intent foreground-interactive
2026-09-19 19:58:49.673 Df SpringBoard[26707:266d9e] [com.apple.FrontBoard:ProcessScene] [0x1221103c0:(FBSceneManager):sceneID:org.ps2x.ps2entryrunner-default] Initialized with connection: 0x11b0b2760.
2026-09-19 19:58:49.673 Df SpringBoard[26707:266d9e] [com.apple.FrontBoard:ProcessWorkspace] [app<org.ps2x.ps2entryrunner>:-1] Registered new scene: <FBWorkspaceScene: 0x1221103c0; (FBSceneManager):sceneID:org.ps2x.ps2entryrunner-default> (fromRemnant = 0)
2026-09-19 19:58:49.673 Df SpringBoard[26707:266d9e] [com.apple.FrontBoard:Scene] [(FBSceneManager):sceneID:org.ps2x.ps2entryrunner-default][1] Scene activated.
2026-09-19 19:58:49.673 Df SpringBoard[26707:268fb0] [com.apple.FrontBoard:Process] [app<org.ps2x.ps2entryrunner>:-1] Setting process visibility to: Foreground
2026-09-19 19:58:49.673 Df SpringBoard[26707:266d9e] [com.apple.UIKit:SceneDeactivation] Now tracking: <FBScene: 0x121700000; FBSceneManager:sceneID:org.ps2x.ps2entryrunner-default>
2026-09-19 19:58:49.673 Df SpringBoard[26707:266d9e] [com.apple.UIKit:SceneDeactivation] [sceneID:org.ps2x.ps2entryrunner-default] Setting deactivation reasons to: 'systemAnimation' for reason: scene settings update - settings are eligible for deactivation reasons.
2026-09-19 19:58:49.673 Df runningboardd[26710:26766c] [com.apple.runningboard:ttl] Acquiring assertion targeting app<org.ps2x.ps2entryrunner((null))> from originator [osservice<com.apple.SpringBoard>:26707] with description <RBSAssertionDescriptor| "FBApplicationProcess" ID:26710-26707-4977 target:app<org.ps2x.ps2entryrunner((null))> attributes:[
	<RBSDomainAttribute| domain:"com.apple.frontboard" name:"SuspendableLPRunReason-Resume" sourceEnvironment:"(null)">,
	<RBSDomainAttribute| domain:"com.apple.frontboard" name:"Visibility" sourceEnvironment:"(null)">,
	<RBSDomainAttribute| domain:"com.apple.frontboard" name:"SuspendableRole-UIFocal" sourceEnvironment:"(null)">,
	<RBSDomainAttribute| domain:"com.apple.frontboard" name:"SuspendableJetsamPriority-Foreground" sourceEnvironment:"(null)">,
	<RBSDomainAttribute| domain:"com.apple.frontboard" name:"SuspendableBootstrapping" sourceEnvironment:"(null)">,
	<RBSDomainAttribute| domain:"com.apple.pagein-prefetching" name:"LaunchPrefetch" sourceEnvironment:"(null)">
	]>
2026-09-19 19:58:49.673 E  runningboardd[26710:26766c] [com.apple.runningboard:assertion] Multiple RBSRunningReasonAttribute provided: 10000 vs 20838. First one wins, but client should be fixed for assertion 26710-26707-4977 (target:app<org.ps2x.ps2entryrunner((null))>)
2026-09-19 19:58:49.673 Df runningboardd[26710:26766c] [com.apple.runningboard:ttl] Assertion 26710-26707-4977 (target:app<org.ps2x.ps2entryrunner((null))>) will be created as active
2026-09-19 19:58:49.673 Df SpringBoard[26707:266d9e] [com.apple.FrontBoard:Scene] [(FBSceneManager):sceneID:org.ps2x.ps2entryrunner-default] scene content state changed: preparing
2026-09-19 19:58:49.673 Df SpringBoard[26707:266d9e] [com.apple.SpringBoard:KeyboardFocus] _updateDeferringRules(didUpdateContentState) sceneID:org.ps2x.ps2entryrunner-default hasParent:YES contentState:preparing hasRule:NO wantsRule:YES
2026-09-19 19:58:49.673 E  SpringBoard[26707:266d9e] [com.apple.SpringBoard:KeyboardFocus] invalid pid for scene sceneID:org.ps2x.ps2entryrunner-default, returning nil target
2026-09-19 19:58:49.673 Df SpringBoard[26707:266d9e] [com.apple.SpringBoard:KeyboardFocus] _updateDeferringRules(didUpdateContentState) outcome:(wanted, but focusTarget is nil) sceneID:org.ps2x.ps2entryrunner-default
2026-09-19 19:58:49.674 Df runningboardd[26710:266e46] [com.apple.runningboard:job] Creating and launching job for: app<org.ps2x.ps2entryrunner((null))>
2026-09-19 19:58:49.674 Df runningboardd[26710:266e46] [com.apple.runningboard:general] _mutateContextIfNeeded called for org.ps2x.ps2entryrunner
2026-09-19 19:58:49.674 Df runningboardd[26710:266e46] [com.apple.runningboard:job] app<org.ps2x.ps2entryrunner((null))> Looking up container path with persona (null) using container identifier 'org.ps2x.ps2entryrunner'
2026-09-19 19:58:49.674 Df SpringBoard[26707:268fab] [com.apple.FrontBoard:ProcessScene] [0x1221103c0:(FBSceneManager):sceneID:org.ps2x.ps2entryrunner-default] Scene lifecycle state did change: Foreground
2026-09-19 19:58:49.674 Df SpringBoard[26707:268fab] [com.apple.FrontBoard:ProcessScene] [0x1221103c0:(FBSceneManager):sceneID:org.ps2x.ps2entryrunner-default] Scene state did change: FV-Focal[100].
2026-09-19 19:58:49.674 Df SpringBoard[26707:268fab] [com.apple.FrontBoard:ProcessWorkspace] [app<org.ps2x.ps2entryrunner>:-1] Workspace state did change: XX-None[0] --> FV-Focal[100] (awaiting concrete target).
2026-09-19 19:58:49.674 Df runningboardd[26710:266e3d] [com.apple.runningboard:job_oversize] 'app<org.ps2x.ps2entryrunner((null))>' Constructed job description:
<dictionary: 0x109e19e00> { count = 23, transaction: 0, voucher = 0x0, contents =
	"ProcessType" => <string: 0x109e64660> { string cache = 0x0, length = 3, contents = "App" }
	"EnableTransactions" => <bool: 0x222423a90>: false
	"_ManagedBy" => <string: 0x109e64e40> { string cache = 0x0, length = 22, contents = "com.apple.runningboard" }
	"RootedSimulatorPath" => <bool: 0x222423a70>: true
	"StandardOutPath" => <string: 0x109e64b40> { string cache = 0x0, length = 51, contents = "/Volumes/Extreme SSD/ps2x-i6/logs/launch-stdout.log" }
	"CFBundleIdentifier" => <string: 0x109e65c50> { string cache = 0x0, length = 23, contents = "org.ps2x.ps2entryrunner" }
	"_ResourceCoalition" => <string: 0x109e645d0> { string cache = 0x0, length = 36, contents = "app<org.ps2x.ps2entryrunner((null))>" }
	"_POSIXSpawnTelemetryPageIn" => <bool: 0x222423a70>: true
	"ThrottleInterval" => <int64: 0x805f341a872dd7e7>: 2147483647
	"StandardErrorPath" => <string: 0x109e64930> { string cache = 0x0, length = 51, contents = "/Volumes/Extreme SSD/ps2x-i6/logs/launch-stderr.log" }
	"MachServices" => <dictionary: 0x109e19080> { count = 0, transaction: 0, voucher = 0x0, contents =
	}
	"EnablePressuredExit" => <bool: 0x222423a90>: false
	"InitialTaskRole" => <int64: 0x805f341978d22817>: 1
	"UserName" => <string: 0x109e67030> { string cache = 0x0, length = 6, contents = "mobile" }
	"EnvironmentVariables" => <dictionary: 0x109e1bf00> { count = 5, transaction: 0, voucher = 0x0, contents =
		"TMPDIR" => <string: 0x109e66f70> { string cache = 0x0, length = 172, contents = "/Users/bradrichardson/Library/Developer/CoreSimulator/Devices/4DE6C37C-77EF-45AE-827E-26286E68D022/data/Containers/Data/Application/66B79458-8486-4FF6-A021-87B6892848D3/tmp" }
		"HOME" => <string: 0x109e640c0> { string cache = 0x0, length = 168, contents = "/Users/bradrichardson/Library/Developer/CoreSimulator/Devices/4DE6C37C-77EF-45AE-827E-26286E68D022/data/Containers/Data/Application/66B79458-8486-4FF6-A021-87B6892848D3" }
		"CFFIXED_USER_HOME" => <string: 0x109e66130> { string cache = 0x0, length = 168, contents = "/Users/bradrichardson/Library/Developer/CoreSimulator/Devices/4DE6C37C-77EF-45AE-827E-26286E68D022/data/Containers/Data/Application/66B79458-8486-4FF6-A021-87B6892848D3" }
		"TERM" => <string: 0x109e65ce0> { string cache = 0x0, length = 14, contents = "xterm-256color" }
		"_DYLD_CLOSURE_HOME" => <string: 0x109e67510> { string cache = 0x0, length = 168, contents = "/Users/bradrichardson/Library/Developer/CoreSimulator/Devices/4DE6C37C-77EF-45AE-827E-26286E68D022/data/Containers/Data/Application/66B79458-8486-4FF6-A021-87B6892848D3" }
	}
	"_AdditionalProperties" => <dictionary: 0x109e19140> { count = 1, transaction: 0, voucher = 0x0, contents =
		"RunningBoard" => <dictionary: 0x109e19620> { count = 3, transaction: 0, voucher = 0x0, contents =
			"Managed" => <bool: 0x222423a70>: true
			"RunningBoardLaunchedIdentity" => <dictionary: 0x109e18ea0> { count = 2, transaction: 0, voucher = 0x0, contents =
				"TYPE" => <int64: 0x805f341978d2280f>: 2
				"EAI" => <string: 0x109e64630> { string cache = 0x0, length = 23, contents = "org.ps2x.ps2entryrunner" }
			}
			"RunningBoardLaunched" => <bool: 0x222423a70>: true
		}
	}
	"ExitTimeOut" => <int64: 0x805f341978d22817>: 1
	"Label" => <string: 0x109e65e60> { string cache = 0x0, length = 57, contents = "UIKitApplication:org.ps2x.ps2entryrunner[6089][rb-legacy]" }
	"MaterializeDatalessFiles" => <bool: 0x222423a70>: true
	"SandboxContainer" => <string: 0x109e66e80> { string cache = 0x0, length = 168, contents = "/Users/bradrichardson/Library/Developer/CoreSimulator/Devices/4DE6C37C-77EF-45AE-827E-26286E68D022/data/Containers/Data/Application/66B79458-8486-4FF6-A021-87B6892848D3" }
	"_LaunchType" => <int64: 0x805f341978d22807>: 3
	"ProgramArguments" => <array: 0x109e66430> { count = 1, capacity = 10, contents =
		0: <string: 0x109e67840> { string cache = 0x0, length = 204, contents = "/Users/bradrichardson/Library/Developer/CoreSimulator/Devices/4DE6C37C-77EF-45AE-827E-26286E68D022/data/Containers/Bundle/Application/813AA66E-03FF-4F2D-B6EB-57210E098028/ps2EntryRunner.app/ps2EntryRunner" }
	}
	"Program" => <string: 0x109e652c0> { string cache = 0x0, length = 204, contents = "/Users/bradrichardson/Library/Developer/CoreSimulator/Devices/4DE6C37C-77EF-45AE-827E-26286E68D022/data/Containers/Bundle/Application/813AA66E-03FF-4F2D-B6EB-57210E098028/ps2EntryRunner.app/ps2EntryRunner" }
}
2026-09-19 19:58:49.680 Df SpringBoard[26707:266d9e] [com.apple.SpringBoard:AppSwitcher] [Main (EmbeddedDisplay)] dispatch event:
<SBTransitionSwitcherModifierEvent: 0x11c623d80; type: MainTransition; transitionID: 0C7B8BDD-96A8-42EC-9201-FC27B03CA0FA; phase: Prepare; animated: YES; fromAppLayout: 0x0; toAppLayout: <SBAppLayout: 0x122103c60; primary: org.ps2x.ps2entryrunner:default; environment: main>; fromEnvironmentMode: home-screen; toEnvironmentMode: application; fromSpaceConfiguration: undefined; toSpaceConfiguration: full; pendingTermination: {(
)}; morphingPIPLayoutRole: undefined; previousDesktopItems: {(
)}>
2026-09-19 19:58:49.680 Df SpringBoard[26707:266d9e] [com.apple.SpringBoard:AppSwitcher] [Main (EmbeddedDisplay)] handle response:
<SBSwitcherModifierEventResponse: 0x1215ef3f0> {
    <SBSwitcherModifierEventResponse: 0x1215eee50> {
	    <SBSwitcherModifierEventResponse: 0x1215eca50> {
		    <SBTimerEventSwitcherEventResponse: 0x1215edf80; delay: 0.240000; reason: kSBTransitionModifierInvalidateAsyncRenderingReason>;
		    <SBInvalidateAdjustedAppLayoutsSwitcherEventResponse: 0x1215ed140>;
		};
	    <SBTimerEventSwitcherEventResponse: 0x1215ee820; delay: 0.060000; reason: kSBFullScreenToHomeCornerRadiusDelayReason>;
	};
    <SBSwitcherModifierEventResponse: 0x1215ec780> {
	    <SBUpdateLayoutSwitcherEventResponse: 0x122165a80; updateVisibleItems; layout; style; mode: None>;
	    <SBRequestFolderSnapshotsSwitcherEventResponse: 0x1215ed080; snapshotRequested: YES>;
	    <SBIconOverlayVisibilitySwitcherEventResponse: 0x122165ac0; visible: YES; appLayout: <SBAppLayout: 0x122103c60; primary: org.ps2x.ps2entryrunner:default; environment: main>>;
	    <SBIconViewVisibilitySwitcherEventResponse: 0x1217d1400;
2026-09-19 19:58:49.696 E  launchd_sim[26704:2689ad] [user/501/UIKitApplication:org.ps2x.ps2entryrunner[6089][rb-legacy] [27361]:] Service could not initialize: Unable to open stdout path (/Volumes/Extreme SSD/ps2x-i6/logs/launch-stdout.log), error 0x1 - Operation not permitted
2026-09-19 19:58:49.696 E  runningboardd[26710:266e46] [com.apple.libxpc.OSLaunchdJob:all] <OSLaunchdJob | handle=CE356764-5757-467F-AD7B-B344F9E2320D>: job failed to spawn, plist={
	ProcessType => App
	EnableTransactions => false
	_ManagedBy => com.apple.runningboard
	RootedSimulatorPath => true
	StandardOutPath => /Volumes/Extreme SSD/ps2x-i6/logs/launch-stdout.log
	CFBundleIdentifier => org.ps2x.ps2entryrunner
	_ResourceCoalition => app<org.ps2x.ps2entryrunner((null))>
	_POSIXSpawnTelemetryPageIn => true
	ThrottleInterval => 2147483647
	StandardErrorPath => /Volumes/Extreme SSD/ps2x-i6/logs/launch-stderr.log
	MachServices => {
	}
	EnablePressuredExit => false
	InitialTaskRole => 1
	UserName => mobile
	EnvironmentVariables => {
		TMPDIR => /Users/bradrichardson/Library/Developer/CoreSimulator/Devices/4DE6C37C-77EF-45AE-827E-26286E68D022/data/Containers/Data/Application/66B79458-8486-4FF6-A021-87B6892848D3/tmp
		HOME => /Users/bradrichardson/Library/Developer/CoreSimulator/Devices/4DE6C37C-77EF-45AE-827E-26286E68D022/data/Containers/Data/Application/66B79458-8486-4FF6-A021-87B6892848D3
		CFFIXED_USER_HOME => /<…>
2026-09-19 19:58:49.697 Df runningboardd[26710:266e46] [com.apple.runningboard:ttl] Invalidating assertion 26710-26707-4977 (target:app<org.ps2x.ps2entryrunner((null))>) from originator [osservice<com.apple.SpringBoard>:26707]
2026-09-19 19:58:49.697 E  SpringBoard[26707:267f0c] [com.apple.FrontBoard:Process] Bootstrapping failed for <FBApplicationProcess: 0x11c623780; app<org.ps2x.ps2entryrunner>:<invalid>> with error: <NSError: 0x11611a550; domain: RBSRequestErrorDomain; code: 5; "Launch failed."> {
    NSUnderlyingError = <NSError: 0x116118120; domain: NSPOSIXErrorDomain; code: 1> {
        NSLocalizedDescription = Launchd job spawn failed;
    };
}
2026-09-19 19:58:49.697 Df SpringBoard[26707:267f0c] [com.apple.FrontBoard:Process] [app<org.ps2x.ps2entryrunner>:-1] Now flagged as pending exit for reason: Bootstrap failed
2026-09-19 19:58:49.697 Df SpringBoard[26707:267f0c] [com.apple.FrontBoard:Process] [app<org.ps2x.ps2entryrunner>:-1] Connection to remote process was not established.
2026-09-19 19:58:49.697 Df SpringBoard[26707:267f0c] [com.apple.FrontBoard:Process] Adding: <FBApplicationProcess: 0x11c623780; app<org.ps2x.ps2entryrunner>:<invalid>>
2026-09-19 19:58:49.697 Df launchd_sim[26704:2689ad] [user/501:] service inactive: UIKitApplication:org.ps2x.ps2entryrunner[6089][rb-legacy]
2026-09-19 19:58:49.697 Df launchd_sim[26704:2689ad] [user/501:] removing service: UIKitApplication:org.ps2x.ps2entryrunner[6089][rb-legacy]
2026-09-19 19:58:49.711 E  iconservicesagent[26871:268999] [com.apple.iconservices:default] Failed to find icon resources for bundle identifier org.ps2x.ps2entryrunner - (null). Creating placeholder provider
2026-09-19 19:58:49.711 Df iconservicesagent[26871:268999] [com.apple.iconservices:default] Resource provider <ISResourceProvider: 0x105bfde80> for <ISBundleIdentifierIcon 0x10c85e480>BundleID: org.ps2x.ps2entryrunner digest: 2A1E4DDD-9994-3C93-AC71-F50D7DDA9A16 has no record identifiers
2026-09-19 19:58:49.724 Df SpringBoard[26707:266d9e] [com.apple.SpringBoard:Icon] Creating ISIcon on main thread for app org.ps2x.ps2entryrunner
2026-09-19 19:58:49.725 E  iconservicesagent[26871:268999] [com.apple.iconservices:default] Failed to find icon resources for bundle identifier org.ps2x.ps2entryrunner - (null). Creating placeholder provider
2026-09-19 19:58:49.731 Df iconservicesagent[26871:268999] [com.apple.iconservices:default] Resource provider <ISResourceProvider: 0x105bfde80> for <ISBundleIdentifierIcon 0x10c85e640>BundleID: org.ps2x.ps2entryrunner digest: 2A1E4DDD-9994-3C93-AC71-F50D7DDA9A16 has no record identifiers
2026-09-19 19:58:49.733 Df SpringBoard[26707:266d9e] [com.apple.SpringBoard:AppSwitcher] [Main (EmbeddedDisplay)] dispatch event:
<SBTransitionSwitcherModifierEvent: 0x11c623d80; type: MainTransition; transitionID: 0C7B8BDD-96A8-42EC-9201-FC27B03CA0FA; phase: Animate; animated: YES; fromAppLayout: 0x0; toAppLayout: <SBAppLayout: 0x122103c60; primary: org.ps2x.ps2entryrunner:default; environment: main>; fromEnvironmentMode: home-screen; toEnvironmentMode: application; fromSpaceConfiguration: undefined; toSpaceConfiguration: full; pendingTermination: {(
)}; morphingPIPLayoutRole: undefined; previousDesktopItems: {(
)}>
2026-09-19 19:58:49.767 Df runningboardd[26710:266e3d] [com.apple.runningboard:general] Full encoding handle <inert:[app<org.ps2x.ps2entryrunner((null))>:-1]*>, with data 0, and pid -1
2026-09-19 19:58:49.767 Df SpringBoard[26707:268fb0] [com.apple.runningboard:monitor] Received state update for -1 (app<org.ps2x.ps2entryrunner((null))>, none-Visible
2026-09-19 19:58:49.806 Df SpringBoard[26707:267f0c] [com.apple.FrontBoard:Process] [app<org.ps2x.ps2entryrunner>:-1] Process exited: .
2026-09-19 19:58:49.806 Df runningboardd[26710:266e3d] [com.apple.runningboard:assertion] Removed last relative-start-date-defining assertion for process app<org.ps2x.ps2entryrunner((null))>
2026-09-19 19:58:49.806 Df SpringBoard[26707:267f0c] [com.apple.FrontBoard:Process] [app<org.ps2x.ps2entryrunner>:-1] Setting process task state to: Not Running
2026-09-19 19:58:49.806 Df SpringBoard[26707:267f0c] [com.apple.FrontBoard:Process] [app<org.ps2x.ps2entryrunner>:-1] Setting process visibility to: Unknown
2026-09-19 19:58:49.806 Df SpringBoard[26707:267f0c] [com.apple.FrontBoard:ProcessWorkspace] [app<org.ps2x.ps2entryrunner>:-1] Invalidating workspace.
2026-09-19 19:58:49.806 Df SpringBoard[26707:267f0c] [com.apple.FrontBoard:ProcessScene] [0x1221103c0:(FBSceneManager):sceneID:org.ps2x.ps2entryrunner-default] Invalidated for connection: 0x11b0b2760.
2026-09-19 19:58:49.806 Df SpringBoard[26707:267f0c] [com.apple.FrontBoard:Process] Removing: <FBApplicationProcess: 0x11c623780; app<org.ps2x.ps2entryrunner>:<invalid>>
2026-09-19 19:58:49.806 Df SpringBoard[26707:266d9e] [com.apple.SpringBoard:AppSwitcher] [Main (EmbeddedDisplay)] dispatch event:
<SBSceneReadySwitcherModifierEvent: 0x11c5140f0; type: SceneReady; appLayout: <SBAppLayout: 0x122103c60; primary: org.ps2x.ps2entryrunner:default; environment: main> {
    environment = main;
    centerConfiguration = undefined;
    preferredDisplayOrdinal = 0;
    continuousExposeIdentifier = org.ps2x.ps2entryrunner;
    layoutItems = {
        primary = <SBDisplayItem: 0x11c4fffc0; type: App; bundleIdentifier: org.ps2x.ps2entryrunner; uniqueIdentifier: sceneID:org.ps2x.ps2entryrunner-default>;
    }
}>
2026-09-19 19:58:49.806 Df SpringBoard[26707:266d9e] [com.apple.FrontBoard:Scene] Invalidating scene: (FBSceneManager):sceneID:org.ps2x.ps2entryrunner-default
2026-09-19 19:58:49.807 Df SpringBoard[26707:266d9e] [com.apple.UIKit:SceneDeactivation] No longer tracking: <FBScene: 0x121700000; FBSceneManager:sceneID:org.ps2x.ps2entryrunner-default>
2026-09-19 19:58:49.807 Df SpringBoard[26707:266d9e] [com.apple.FrontBoard:Scene] [(FBSceneManager):sceneID:org.ps2x.ps2entryrunner-default] scene content state changed: notReady
2026-09-19 19:58:49.807 Df SpringBoard[26707:266d9e] [com.apple.SpringBoard:KeyboardFocus] _updateDeferringRules(didUpdateContentState) sceneID:org.ps2x.ps2entryrunner-default hasParent:YES contentState:notReady hasRule:NO wantsRule:NO
2026-09-19 19:58:49.807 Df SpringBoard[26707:266d9e] [com.apple.SpringBoard:KeyboardFocus] _updateDeferringRules(didUpdateContentState) outcome:(no change) sceneID:org.ps2x.ps2entryrunner-default
2026-09-19 19:58:49.807 Df runningboardd[26710:266e4b] [com.apple.runningboard:general] Full encoding handle <inert:[app<org.ps2x.ps2entryrunner((null))>:-1]*>, with data 0, and pid -1
2026-09-19 19:58:49.807 Df SpringBoard[26707:267f0c] [com.apple.FrontBoard:Scene] [(FBSceneManager):sceneID:org.ps2x.ps2entryrunner-default][1] Scene invalidated with error: <NSError: 0x11611a880; domain: FBWorkspace; code: 1; "Scene client is invalid.">.
2026-09-19 19:58:49.807 E  SpringBoard[26707:266d9e] [com.apple.FrontBoard:Scene] Ignoring update for invalidated scene: (FBSceneManager):sceneID:org.ps2x.ps2entryrunner-default
2026-09-19 19:58:49.807 Df SpringBoard[26707:266d9e] [com.apple.SpringBoard:AppRestrictionsOverlay] [sceneID:org.ps2x.ps2entryrunner-default] didDestroyScene
2026-09-19 19:58:49.807 Df SpringBoard[26707:266d9e] [com.apple.SpringBoard:AppRestrictionsOverlay] [sceneID:org.ps2x.ps2entryrunner-default] tearing down vc for overlay: 0x0
2026-09-19 19:58:49.807 Df SpringBoard[26707:266d9e] [com.apple.SpringBoard:AppProtection] <BSCompoundAssertion:0x1220a6210> (SBApplicationAppProtectionAssistant: 0x11c66e140 - org.ps2x.ps2entryrunner) invalidate acq:0x12158d8c0 count:1
2026-09-19 19:58:49.807 Df SpringBoard[26707:266d9e] [com.apple.SpringBoard:AppProtection] Informing <APSystemAppOutlet: 0x10be25d10> that <APApplication: org.ps2x.ps2entryrunner> will become background as far as we know
2026-09-19 19:58:49.807 Df SpringBoard[26707:266d9e] [com.apple.appprotection:framework] All scenes dismissed for <APApplication: org.ps2x.ps2entryrunner>
2026-09-19 19:58:49.807 Df SpringBoard[26707:267f0c] [com.apple.runningboard:monitor] Received state update for -1 (app<org.ps2x.ps2entryrunner((null))>, none-NotVisible
2026-09-19 19:58:49.807 Df SpringBoard[26707:266d9e] [com.apple.UIKit:KBProxyForwarding] <StateMachine:0x1221651c0> Presentation environment invalidated: <_UISceneKeyboardProxyLayerForwardingPresentationScene: 0x11b0b14a0> Tracking scene: <FBScene: 0x121700000; (null):sceneID:org.ps2x.ps2entryrunner-default>
2026-09-19 19:58:49.808 E  SpringBoard[26707:266d9e] [com.apple.FrontBoard:Scene] [(FBSceneManager):sceneID:org.ps2x.ps2entryrunner-default] Update failed: <NSError: 0x11c515320; domain: FBSceneErrorDomain; code: 1 ("operation-failed"); "Scene update failed."> {
    NSUnderlyingError = <NSError: 0x116118d80; domain: FBWorkspaceScene; code: 1 ("send-message-failed"); "Scene update failed. Client process exited."> {
        NSUnderlyingError = <NSError: 0x116118900; domain: FBProcessExit; code: 64 ("launch-failed"); "The process failed to launch."> {
            NSUnderlyingError = <NSError: 0x11611a550; domain: RBSRequestErrorDomain; code: 5; "Launch failed."> {
                NSUnderlyingError = <NSError: 0x116118120; domain: NSPOSIXErrorDomain; code: 1> {
                    NSLocalizedDescription = Launchd job spawn failed;
                };
            };
        };
    };
}
2026-09-19 19:58:49.808 Df SpringBoard[26707:266d9e] [com.apple.SpringBoard:Workspace] Process exited: <FBApplicationProcess: 0x11c623780; app<org.ps2x.ps2entryrunner>:<invalid>> ->
2026-09-19 19:58:49.808 Df SpringBoard[26707:266d9e] [com.apple.SpringBoard:Common] Application process state changed for org.ps2x.ps2entryrunner: (null)
2026-09-19 19:58:49.808 E  SpringBoard[26707:266d9e] [com.apple.FrontBoard:Scene] [(FBSceneManager):sceneID:org.ps2x.ps2entryrunner-default] Update failed: <NSError: 0x11c515320; domain: FBSceneErrorDomain; code: 1 ("operation-failed"); "Scene update failed."> {
    NSUnderlyingError = <NSError: 0x116118780; domain: FBWorkspaceScene; code: 1 ("send-message-failed"); "Scene update failed. Client process exited."> {
        NSUnderlyingError = <NSError: 0x11611a130; domain: FBProcessExit; code: 64 ("launch-failed"); "The process failed to launch."> {
            NSUnderlyingError = <NSError: 0x11611a550; domain: RBSRequestErrorDomain; code: 5; "Launch failed."> {
                NSUnderlyingError = <NSError: 0x116118120; domain: NSPOSIXErrorDomain; code: 1> {
                    NSLocalizedDescription = Launchd job spawn failed;
                };
            };
        };
    };
}
2026-09-19 19:58:49.808 Df SpringBoard[26707:266d9e] [com.apple.FrontBoard:Scene] [(FBSceneManager):sceneID:org.ps2x.ps2entryrunner-default] Ignoring client invalidation due to token mismatch (probably due to prior deactivation). expected=0x0 received=0x1221103c0
2026-09-19 19:58:49.816 Df SpringBoard[26707:268fb0] [com.apple.appprotection:framework] told auth provider org.ps2x.ps2entryrunner was dimissed. result:true err:(null)
2026-09-19 19:58:50.164 Df SpringBoard[26707:266d9e] [com.apple.SpringBoard:AppSwitcher] [Main (EmbeddedDisplay)] dispatch event:
<SBTransitionSwitcherModifierEvent: 0x11c623a80; type: MainTransition; transitionID: 0C7B8BDD-96A8-42EC-9201-FC27B03CA0FA; phase: Complete; animated: YES; fromAppLayout: 0x0; toAppLayout: <SBAppLayout: 0x122103c60; primary: org.ps2x.ps2entryrunner:default; environment: main>; fromEnvironmentMode: home-screen; toEnvironmentMode: application; fromSpaceConfiguration: undefined; toSpaceConfiguration: full; pendingTermination: {(
)}; morphingPIPLayoutRole: undefined; previousDesktopItems: {(
)}>
2026-09-19 19:58:50.164 Df SpringBoard[26707:266d9e] [com.apple.SpringBoard:AppSwitcher] [Main (EmbeddedDisplay)] handle response:
<SBSwitcherModifierEventResponse: 0x11c515170> {
    <SBPreemptAnimationSwitcherEventResponse: 0x11c514db0>;
    <SBSwitcherModifierEventResponse: 0x11c514750> {
	    <SBInvalidateAdjustedAppLayoutsSwitcherEventResponse: 0x11c515050>;
	    <SBSwitcherModifierEventResponse: 0x11c515080> {
		    <SBRequestFolderSnapshotsSwitcherEventResponse: 0x11c514ff0; snapshotRequested: NO>;
		    <SBIconOverlayVisibilitySwitcherEventResponse: 0x1221d16c0; visible: NO; appLayout: <SBAppLayout: 0x122103c60; primary: org.ps2x.ps2entryrunner:default; environment: main>>;
		    <SBIconViewVisibilitySwitcherEventResponse: 0x1220faa30; visible: YES; animationSettings: 0x0; appLayout: <SBAppLayout: 0x122103c60; primary: org.ps2x.ps2entryrunner:default; environment: main>>;
		    <SBMatchMoveToIconViewSwitcherEventResponse: 0x12155cd20; active: NO; appLayout: <SBAppLayout: 0x122103c60; primary: org.ps2x.ps2entryrunner:default; environment: main>>;
		};
	};
}
2026-09-19 19:58:50.173 Df SpringBoard[26707:266d9e] [com.apple.SpringBoard:Common] Front display did change: <SBApplication: 0x121700900; org.ps2x.ps2entryrunner>
2026-09-19 19:58:50.173 Df SpringBoard[26707:266d9e] [preflight:SceneHostedPreflight] [Source: TCCs] org.ps2x.ps2entryrunner requires preflight: false
2026-09-19 19:58:50.173 Df SpringBoard[26707:266d9e] [preflight:SceneHostedPreflight] [Source: ScreenTime] org.ps2x.ps2entryrunner requires preflight: false
2026-09-19 19:58:50.180 Df SpringBoard[26707:266d9e] [com.apple.SpringBoard:ZStack] Resolved Stack (update(Switcher)) [
    Highest: ⬇ ,
    SystemAperture: ⬇ ,
    HUD: ⬇ ,
    TransientOverlayPresentation: ⬇ ,
    Switcher: ownsHomeGesture; FGActive; homeAffordanceDrawingSuppressed: N->Y; suppressedBundles: org.ps2x.ps2entryrunner->(none); suppressedScenes: 1->0,
    HomeScreen: BG->FGActive
]
2026-09-19 19:58:50.181 Df SpringBoard[26707:266d9e] [com.apple.SpringBoard:AppRestrictionsOverlay] [sceneID:org.ps2x.ps2entryrunner-default] tearing down vc for overlay: 0x0
2026-09-19 19:58:50.200 Df SpringBoard[26707:266d9e] [com.apple.SpringBoard:KeyboardFocus] _updateDeferringRules(didMoveToParentViewController) sceneID:org.ps2x.ps2entryrunner-default hasParent:NO contentState:notReady hasRule:NO wantsRule:NO
2026-09-19 19:58:50.200 Df SpringBoard[26707:266d9e] [com.apple.SpringBoard:KeyboardFocus] _updateDeferringRules(didMoveToParentViewController) outcome:(no change) sceneID:org.ps2x.ps2entryrunner-default
2026-09-19 19:58:50.200 Df SpringBoard[26707:266d9e] [com.apple.SpringBoard:AppRestrictionsOverlay] [sceneID:org.ps2x.ps2entryrunner-default] tearing down vc for overlay: 0x0
2026-09-19 19:58:50.200 Df SpringBoard[26707:266d9e] [com.apple.SpringBoard:KeyboardFocus] _updateDeferringRules(didMoveToParentViewController) sceneID:org.ps2x.ps2entryrunner-default hasParent:NO contentState:notReady hasRule:NO wantsRule:NO
2026-09-19 19:58:50.200 Df SpringBoard[26707:266d9e] [com.apple.SpringBoard:KeyboardFocus] _updateDeferringRules(didMoveToParentViewController) outcome:(no change) sceneID:org.ps2x.ps2entryrunner-default
2026-09-19 19:58:50.200 Df SpringBoard[26707:266d9e] [com.apple.SpringBoard:AppSwitcher] <SBFullScreenSwitcherLiveContentOverlayCoordinator: 0x116331400> Removing SwitcherScene overlay for: <SBAppLayout: 0x122103c60; primary: org.ps2x.ps2entryrunner:default; environment: main>, animated: NO
2026-09-19 19:58:50.201 Df SpringBoard[26707:266d9e] [com.apple.SpringBoard:AppRestrictionsOverlay] [sceneID:org.ps2x.ps2entryrunner-default] tearing down vc for overlay: 0x0
2026-09-19 19:58:54.691 E  runningboardd[26710:26766c] [com.apple.DynamicPrefetching:default] mark_profile_seen_this_boot: exists() failed for "/private/var/root/Library/Caches/com.apple.runningboardd/DynamicPrefetching/org.ps2x.ps2entryrunner/0.profile": Permission denied
2026-09-19 19:58:54.691 Df runningboardd[26710:26766c] [com.apple.DynamicPrefetching:default] end_scenario_internal: first launch after boot for bundleid org.ps2x.ps2entryrunner scenario Launch — discarded 0 pageins, refreshed profile mtime
2026-09-19 19:59:14.990 Df CoreSimulatorBridge[26737:2692ee] Requesting launch of org.ps2x.ps2entryrunner with options: {
    environment =     {
        TERM = "xterm-256color";
    };
    stderr = "/Volumes/Extreme SSD/ps2x-i6/logs/launch2-stderr.log";
    stdout = "/Volumes/Extreme SSD/ps2x-i6/logs/launch2-stdout.log";
}
2026-09-19 19:59:14.990 Df CoreSimulatorBridge[26737:2692ee] Beginning launch sequence for bundle 'org.ps2x.ps2entryrunner'
	retryTimeout: 300.000000 (default write com.apple.CoreSimulatorBridge LaunchRetryTimeout <value>)
	bootTimeout: 300.000000 (default write com.apple.CoreSimulatorBridge BootRetryTimeout <value>)
	bootLeeway: 120.000000 (default write com.apple.CoreSimulatorBridge BootLeeway <value>)
	Note: Use 'xcrun simctl spawn booted defaults write <domain> <key> <value>' to modify defaults in the booted Simulator device.
Simulator booted at: Sat Sep 19 19:57:45 2026
Current time: Sat Sep 19 19:59:14 2026
Within boot leeway: YES
2026-09-19 19:59:14.990 Df CoreSimulatorBridge[26737:2692ee] Launch attempt #0 for bundle 'org.ps2x.ps2entryrunner', have been trying to launch for 0 seconds.
2026-09-19 19:59:14.990 Df CoreSimulatorBridge[26737:2692ee] Got LSBundleProxy for 'org.ps2x.ps2entryrunner', sequenceNumber 728, cacheGUID 5382FDFD-06CA-4A0C-8ED3-B766E6B54F8E
2026-09-19 19:59:14.990 Df CoreSimulatorBridge[26737:2692ee] [com.apple.FrontBoard:Common] [FBSSystemService][0xa07f] Sending request to open "org.ps2x.ps2entryrunner"
2026-09-19 19:59:14.991 Df SpringBoard[26707:268fd9] [com.apple.FrontBoard:Common] [FBSystemService][0xa07f] Received request to open "org.ps2x.ps2entryrunner" from CoreSimulatorBr:26737.
2026-09-19 19:59:14.991 Df SpringBoard[26707:268fd9] [com.apple.FrontBoard:Common] [FBSystemService][0xa07f] Activation request for org.ps2x.ps2entryrunner contained LSCacheGUID 5382FDFD-06CA-4A0C-8ED3-B766E6B54F8E and LSSequenceNumber 728.
2026-09-19 19:59:14.991 Df SpringBoard[26707:266d9e] [com.apple.FrontBoard:Common] [FBSystemService][0xa07f] Activation request for org.ps2x.ps2entryrunner will wait 10.00s for app availability, with retry every 2.00s.
2026-09-19 19:59:14.991 Df SpringBoard[26707:266d9e] [com.apple.FrontBoard:Common] [FBSystemService][0xa07f] Attempting activation of org.ps2x.ps2entryrunner with {UUID: 5382FDFD-06CA-4A0C-8ED3-B766E6B54F8E, Sequence: 728} vs {UUID: 5382FDFD-06CA-4A0C-8ED3-B766E6B54F8E, Sequence: 728}
2026-09-19 19:59:14.991 Df SpringBoard[26707:266d9e] [com.apple.SpringBoard:Workspace] Received trusted open application request for "org.ps2x.ps2entryrunner" from <FBProcess: 0x10bf5ca80; osservice<com.apple.CoreSimulator.bridge>:26737(v7CE5D)>.
2026-09-19 19:59:14.992 Df SpringBoard[26707:266d9e] [com.apple.SpringBoard:Common] Executing request: <SBMainWorkspaceTransitionRequest: 0x1197897c0; eventLabel: OpenApplication(sceneID:org.ps2x.ps2entryrunner-default)ForRequester(CoreSimulatorBr.26737); display: Main; source: FBSystemService>
2026-09-19 19:59:14.993 Df SpringBoard[26707:266d9e] [com.apple.FrontBoard:Common] [FBWorkspaceEvent] Executing: <FBWorkspaceEvent: 0x10e525060; OpenApplication(sceneID:org.ps2x.ps2entryrunner-default)ForRequester(CoreSimulatorBr.26737)>
2026-09-19 19:59:14.995 Df SpringBoard[26707:266d9e] [com.apple.SpringBoard:TraitsArbiter] [SwitcherOrientation] outSwitcherOrientation: portrait (1), outElementsOrientations: {
    "sceneID:org.ps2x.ps2entryrunner-default" = 1;
}
2026-09-19 19:59:14.995 Df SpringBoard[26707:266d9e] [com.apple.SpringBoard:Transaction] Running <SBAppToAppWorkspaceTransaction: 0x11965ca80> for transition request:
<SBMainWorkspaceTransitionRequest: 0x1197897c0; eventLabel: OpenApplication(sceneID:org.ps2x.ps2entryrunner-default)ForRequester(CoreSimulatorBr.26737); display: Main; source: FBSystemService> {
    applicationContext = <SBWorkspaceApplicationSceneTransitionContext: 0x1185eabc0; background: NO> entities = {
        SBLayoutRolePrimary = <SBDeviceApplicationSceneEntity: 0x1220a57c0; ID: sceneID:org.ps2x.ps2entryrunner-default; layoutRole: primary>;
    };
}
2026-09-19 19:59:14.995 Df SpringBoard[26707:266d9e] [preflight:SceneHostedPreflight] [Source: TCCs] org.ps2x.ps2entryrunner requires preflight: false
2026-09-19 19:59:14.995 Df SpringBoard[26707:266d9e] [preflight:SceneHostedPreflight] [Source: ScreenTime] org.ps2x.ps2entryrunner requires preflight: false
2026-09-19 19:59:14.996 Df SpringBoard[26707:266d9e] [com.apple.SpringBoard:Common] Generating initialization context on main thread for: org.ps2x.ps2entryrunner
2026-09-19 19:59:14.996 Df SpringBoard[26707:2689ea] [com.apple.FrontBoard:Process] Asked to bootstrap a new process with identity: app<org.ps2x.ps2entryrunner((null))>
2026-09-19 19:59:14.996 Df SpringBoard[26707:2689ea] [com.apple.FrontBoard:Process] Creating process (sync=true) with identity: app<org.ps2x.ps2entryrunner((null))>
2026-09-19 19:59:14.996 Df SpringBoard[26707:2689ea] [com.apple.FrontBoard:ProcessWorkspace] Created <FBWorkspace: 0x119789900; <FBApplicationProcess: 0x11965cc00; app<org.ps2x.ps2entryrunner>:<invalid>>>
2026-09-19 19:59:14.996 Df SpringBoard[26707:2689ea] [com.apple.FrontBoard:Process] Bootstrapping app<org.ps2x.ps2entryrunner> with intent foreground-interactive
2026-09-19 19:59:14.997 Df runningboardd[26710:269b34] [com.apple.DynamicPrefetching:default] start_scenario: recording pageins for bundleid "org.ps2x.ps2entryrunner" scenario "Launch"
2026-09-19 19:59:14.997 Df runningboardd[26710:269b34] [com.apple.DynamicPrefetching:default] start_scenario: Prefetching clean profile for bundleid "org.ps2x.ps2entryrunner" scenario "Launch"
2026-09-19 19:59:14.997 Df runningboardd[26710:2689e6] [com.apple.runningboard:ttl] Acquiring assertion targeting app<org.ps2x.ps2entryrunner((null))> from originator [osservice<com.apple.SpringBoard>:26707] with description <RBSAssertionDescriptor| "FBApplicationProcess" ID:26710-26707-5000 target:app<org.ps2x.ps2entryrunner((null))> attributes:[
	<RBSDomainAttribute| domain:"com.apple.frontboard" name:"SuspendableLPRunReason-Resume" sourceEnvironment:"(null)">,
	<RBSDomainAttribute| domain:"com.apple.frontboard" name:"Visibility" sourceEnvironment:"(null)">,
	<RBSDomainAttribute| domain:"com.apple.frontboard" name:"SuspendableRole-UIFocal" sourceEnvironment:"(null)">,
	<RBSDomainAttribute| domain:"com.apple.frontboard" name:"SuspendableJetsamPriority-Foreground" sourceEnvironment:"(null)">,
	<RBSDomainAttribute| domain:"com.apple.frontboard" name:"SuspendableBootstrapping" sourceEnvironment:"(null)">,
	<RBSDomainAttribute| domain:"com.apple.pagein-prefetching" name:"LaunchPrefetch" sourceEnvironment:"(null)">
	]>
2026-09-19 19:59:14.997 E  runningboardd[26710:2689e6] [com.apple.runningboard:assertion] Multiple RBSRunningReasonAttribute provided: 10000 vs 20838. First one wins, but client should be fixed for assertion 26710-26707-5000 (target:app<org.ps2x.ps2entryrunner((null))>)
2026-09-19 19:59:14.997 Df runningboardd[26710:2689e6] [com.apple.runningboard:ttl] Assertion 26710-26707-5000 (target:app<org.ps2x.ps2entryrunner((null))>) will be created as active
2026-09-19 19:59:14.998 Df runningboardd[26710:269b36] [com.apple.runningboard:job] Creating and launching job for: app<org.ps2x.ps2entryrunner((null))>
2026-09-19 19:59:14.998 Df runningboardd[26710:269b36] [com.apple.runningboard:general] _mutateContextIfNeeded called for org.ps2x.ps2entryrunner
2026-09-19 19:59:14.999 Df runningboardd[26710:269b36] [com.apple.runningboard:job] app<org.ps2x.ps2entryrunner((null))> Looking up container path with persona (null) using container identifier 'org.ps2x.ps2entryrunner'
2026-09-19 19:59:14.999 Df runningboardd[26710:2689e6] [com.apple.runningboard:job_oversize] 'app<org.ps2x.ps2entryrunner((null))>' Constructed job description:
<dictionary: 0x109db1980> { count = 23, transaction: 0, voucher = 0x0, contents =
	"ProcessType" => <string: 0x109e64390> { string cache = 0x0, length = 3, contents = "App" }
	"EnableTransactions" => <bool: 0x222423a90>: false
	"_ManagedBy" => <string: 0x109e64c00> { string cache = 0x0, length = 22, contents = "com.apple.runningboard" }
	"RootedSimulatorPath" => <bool: 0x222423a70>: true
	"StandardOutPath" => <string: 0x109e65350> { string cache = 0x0, length = 52, contents = "/Volumes/Extreme SSD/ps2x-i6/logs/launch2-stdout.log" }
	"CFBundleIdentifier" => <string: 0x109e67fc0> { string cache = 0x0, length = 23, contents = "org.ps2x.ps2entryrunner" }
	"_ResourceCoalition" => <string: 0x109e64ab0> { string cache = 0x0, length = 36, contents = "app<org.ps2x.ps2entryrunner((null))>" }
	"_POSIXSpawnTelemetryPageIn" => <bool: 0x222423a70>: true
	"ThrottleInterval" => <int64: 0x805f341a872dd7e7>: 2147483647
	"StandardErrorPath" => <string: 0x109e66be0> { string cache = 0x0, length = 52, contents = "/Volumes/Extreme SSD/ps2x-i6/logs/launch2-stderr.log" }
	"MachServices" => <dictionary: 0x109db1b60> { count = 0, transaction: 0, voucher = 0x0, contents =
	}
	"EnablePressuredExit" => <bool: 0x222423a90>: false
	"InitialTaskRole" => <int64: 0x805f341978d22817>: 1
	"UserName" => <string: 0x109e67570> { string cache = 0x0, length = 6, contents = "mobile" }
	"EnvironmentVariables" => <dictionary: 0x109db03c0> { count = 5, transaction: 0, voucher = 0x0, contents =
		"TMPDIR" => <string: 0x109e66190> { string cache = 0x0, length = 172, contents = "/Users/bradrichardson/Library/Developer/CoreSimulator/Devices/4DE6C37C-77EF-45AE-827E-26286E68D022/data/Containers/Data/Application/66B79458-8486-4FF6-A021-87B6892848D3/tmp" }
		"HOME" => <string: 0x109e67bd0> { string cache = 0x0, length = 168, contents = "/Users/bradrichardson/Library/Developer/CoreSimulator/Devices/4DE6C37C-77EF-45AE-827E-26286E68D022/data/Containers/Data/Application/66B79458-8486-4FF6-A021-87B6892848D3" }
		"CFFIXED_USER_HOME" => <string: 0x109e65f20> { string cache = 0x0, length = 168, contents = "/Users/bradrichardson/Library/Developer/CoreSimulator/Devices/4DE6C37C-77EF-45AE-827E-26286E68D022/data/Containers/Data/Application/66B79458-8486-4FF6-A021-87B6892848D3" }
		"TERM" => <string: 0x109e67ab0> { string cache = 0x0, length = 14, contents = "xterm-256color" }
		"_DYLD_CLOSURE_HOME" => <string: 0x109e67f90> { string cache = 0x0, length = 168, contents = "/Users/bradrichardson/Library/Developer/CoreSimulator/Devices/4DE6C37C-77EF-45AE-827E-26286E68D022/data/Containers/Data/Application/66B79458-8486-4FF6-A021-87B6892848D3" }
	}
	"_AdditionalProperties" => <dictionary: 0x109db1080> { count = 1, transaction: 0, voucher = 0x0, contents =
		"RunningBoard" => <dictionary: 0x109db3540> { count = 3, transaction: 0, voucher = 0x0, contents =
			"Managed" => <bool: 0x222423a70>: true
			"RunningBoardLaunchedIdentity" => <dictionary: 0x109db0360> { count = 2, transaction: 0, voucher = 0x0, contents =
				"TYPE" => <int64: 0x805f341978d2280f>: 2
				"EAI" => <string: 0x109e66730> { string cache = 0x0, length = 23, contents = "org.ps2x.ps2entryrunner" }
			}
			"RunningBoardLaunched" => <bool: 0x222423a70>: true
		}
	}
	"ExitTimeOut" => <int64: 0x805f341978d22817>: 1
	"Label" => <string: 0x109e66e50> { string cache = 0x0, length = 57, contents = "UIKitApplication:org.ps2x.ps2entryrunner[a09f][rb-legacy]" }
	"MaterializeDatalessFiles" => <bool: 0x222423a70>: true
	"SandboxContainer" => <string: 0x109e67cc0> { string cache = 0x0, length = 168, contents = "/Users/bradrichardson/Library/Developer/CoreSimulator/Devices/4DE6C37C-77EF-45AE-827E-26286E68D022/data/Containers/Data/Application/66B79458-8486-4FF6-A021-87B6892848D3" }
	"_LaunchType" => <int64: 0x805f341978d22807>: 3
	"ProgramArguments" => <array: 0x109e66fa0> { count = 1, capacity = 10, contents =
		0: <string: 0x109e66a00> { string cache = 0x0, length = 204, contents = "/Users/bradrichardson/Library/Developer/CoreSimulator/Devices/4DE6C37C-77EF-45AE-827E-26286E68D022/data/Containers/Bundle/Application/813AA66E-03FF-4F2D-B6EB-57210E098028/ps2EntryRunner.app/ps2EntryRunner" }
	}
	"Program" => <string: 0x109e664c0> { string cache = 0x0, length = 204, contents = "/Users/bradrichardson/Library/Developer/CoreSimulator/Devices/4DE6C37C-77EF-45AE-827E-26286E68D022/data/Containers/Bundle/Application/813AA66E-03FF-4F2D-B6EB-57210E098028/ps2EntryRunner.app/ps2EntryRunner" }
}
2026-09-19 19:59:15.008 Df SpringBoard[26707:266d9e] [com.apple.SpringBoard:KeyboardFocus] _updateDeferringRules(didMoveToParentViewController) sceneID:org.ps2x.ps2entryrunner-default hasParent:YES contentState:notReady hasRule:NO wantsRule:NO
2026-09-19 19:59:15.008 Df SpringBoard[26707:266d9e] [com.apple.SpringBoard:KeyboardFocus] _updateDeferringRules(didMoveToParentViewController) outcome:(no change) sceneID:org.ps2x.ps2entryrunner-default
2026-09-19 19:59:15.008 Df SpringBoard[26707:266d9e] [com.apple.SpringBoard:AppRestrictionsOverlay] [sceneID:org.ps2x.ps2entryrunner-default] init without scene; waiting for scene creation
2026-09-19 19:59:15.008 Df SpringBoard[26707:266d9e] [com.apple.SpringBoard:AppRestrictionsOverlay] [sceneID:org.ps2x.ps2entryrunner-default] tearing down vc for overlay: 0x0
2026-09-19 19:59:15.008 Df SpringBoard[26707:266d9e] [com.apple.SpringBoard:KeyboardFocus] _updateDeferringRules(didMoveToParentViewController) sceneID:org.ps2x.ps2entryrunner-default hasParent:YES contentState:notReady hasRule:NO wantsRule:NO
2026-09-19 19:59:15.008 Df SpringBoard[26707:266d9e] [com.apple.SpringBoard:KeyboardFocus] _updateDeferringRules(didMoveToParentViewController) outcome:(no change) sceneID:org.ps2x.ps2entryrunner-default
2026-09-19 19:59:15.008 Df SpringBoard[26707:266d9e] [com.apple.SpringBoard:AppSwitcher] <SBFullScreenSwitcherLiveContentOverlayCoordinator: 0x116331400> Adding SwitcherScene overlay for: <SBAppLayout: 0x122103c60; primary: org.ps2x.ps2entryrunner:default; environment: main>, animated: NO
2026-09-19 19:59:15.018 Df SpringBoard[26707:266d9e] [com.apple.SpringBoard:ZStack] _updatePreferences <Switcher>: {
    activationPolicyForParticipantsBelow: AtMostBG;
    homeAffordanceDrawingSuppression: Default;
    associatedSceneIdentifiersToSuppressInSystemAperture: (
        sceneID:org.ps2x.ps2entryrunner-default
    );
    associatedBundleIdentifiersToSuppressInSystemAperture: (
        org.ps2x.ps2entryrunner
    );
    allowsDimmingWhenForegroundInactive: No;
}
2026-09-19 19:59:15.018 Df SpringBoard[26707:266d9e] [com.apple.SpringBoard:SystemApertureViewController] Invalidating promoted elements with coversheet suppression NO liquid detection suppression NO proximity reader suppression NO system chrome suppression NO bundleIDs {(
    "org.ps2x.ps2entryrunner"
)} sceneIds {(
    "sceneID:org.ps2x.ps2entryrunner-default"
)}
2026-09-19 19:59:15.018 Df SpringBoard[26707:266d9e] [com.apple.SpringBoard:ZStack] Resolved Stack (update(Switcher)) [
    Highest: ⬇ ,
    SystemAperture: ⬇ ,
    HUD: ⬇ ,
    TransientOverlayPresentation: ⬇ ,
    Switcher: ownsHomeGesture; FGActive; homeAffordanceDrawingSuppressed: Y->N; suppressedBundles: (none)->org.ps2x.ps2entryrunner; suppressedScenes: 0->1,
    HomeScreen: FGActive->BG
]
2026-09-19 19:59:15.018 Df SpringBoard[26707:266d9e] [com.apple.SpringBoard:Common] [DeviceSceneHandle] sceneID:org.ps2x.ps2entryrunner-default display=Main bounds={{0, 0}, {402, 874}} sceneFrame={{0, 0}, {402, 874}} capability=.None
2026-09-19 19:59:15.018 Df SpringBoard[26707:266d9e] [com.apple.SpringBoard:TraitsArbiter] [DeviceSceneHandle] Did set interfaceOrientation[1] on scene with identifier[sceneID:org.ps2x.ps2entryrunner-default]
2026-09-19 19:59:15.019 Df SpringBoard[26707:266d9e] [com.apple.SpringBoard:ContinuitySession] modifying scene setting userInterfaceStyle to Light displayIdentity: Main forSceneManagers: Main <SBDeviceApplicationSceneHandle: 0x12207ca00; sceneID: sceneID:org.ps2x.ps2entryrunner-default; scenePointer: 0x0>
2026-09-19 19:59:15.019 Df SpringBoard[26707:266d9e] [preflight:SceneHostedPreflight] [Source: TCCs] org.ps2x.ps2entryrunner requires preflight: false
2026-09-19 19:59:15.019 Df SpringBoard[26707:266d9e] [preflight:SceneHostedPreflight] [Source: ScreenTime] org.ps2x.ps2entryrunner requires preflight: false
2026-09-19 19:59:15.019 Df SpringBoard[26707:266d9e] [com.apple.SpringBoard:Common] [SBApplicationSceneUpdateTransaction] org.ps2x.ps2entryrunner requiresPreflight: false false (null)
2026-09-19 19:59:15.019 Df SpringBoard[26707:266d9e] [com.apple.SpringBoard:Common] [SBApplicationSceneUpdateTransaction] org.ps2x.ps2entryrunner not running preflight as not restricted
2026-09-19 19:59:15.019 Df SpringBoard[26707:266d9e] [com.apple.SpringBoard:AppSwitcher] [Main (EmbeddedDisplay)] dispatch event:
<SBSceneReadySwitcherModifierEvent: 0x1196b93e0; type: SceneReady; appLayout: <SBAppLayout: 0x122103c60; primary: org.ps2x.ps2entryrunner:default; environment: main> {
    environment = main;
    centerConfiguration = undefined;
    preferredDisplayOrdinal = 0;
    continuousExposeIdentifier = org.ps2x.ps2entryrunner;
    layoutItems = {
        primary = <SBDisplayItem: 0x11c4fffc0; type: App; bundleIdentifier: org.ps2x.ps2entryrunner; uniqueIdentifier: sceneID:org.ps2x.ps2entryrunner-default>;
    }
}>
2026-09-19 19:59:15.021 E  launchd_sim[26704:2690d4] [user/501/UIKitApplication:org.ps2x.ps2entryrunner[a09f][rb-legacy] [27586]:] Service could not initialize: Unable to open stdout path (/Volumes/Extreme SSD/ps2x-i6/logs/launch2-stdout.log), error 0x1 - Operation not permitted
2026-09-19 19:59:15.021 E  runningboardd[26710:269b36] [com.apple.libxpc.OSLaunchdJob:all] <OSLaunchdJob | handle=F2858BA7-67DF-4279-8EBF-D91B2AA64150>: job failed to spawn, plist={
	ProcessType => App
	EnableTransactions => false
	_ManagedBy => com.apple.runningboard
	RootedSimulatorPath => true
	StandardOutPath => /Volumes/Extreme SSD/ps2x-i6/logs/launch2-stdout.log
	CFBundleIdentifier => org.ps2x.ps2entryrunner
	_ResourceCoalition => app<org.ps2x.ps2entryrunner((null))>
	_POSIXSpawnTelemetryPageIn => true
	ThrottleInterval => 2147483647
	StandardErrorPath => /Volumes/Extreme SSD/ps2x-i6/logs/launch2-stderr.log
	MachServices => {
	}
	EnablePressuredExit => false
	InitialTaskRole => 1
	UserName => mobile
	EnvironmentVariables => {
		TMPDIR => /Users/bradrichardson/Library/Developer/CoreSimulator/Devices/4DE6C37C-77EF-45AE-827E-26286E68D022/data/Containers/Data/Application/66B79458-8486-4FF6-A021-87B6892848D3/tmp
		HOME => /Users/bradrichardson/Library/Developer/CoreSimulator/Devices/4DE6C37C-77EF-45AE-827E-26286E68D022/data/Containers/Data/Application/66B79458-8486-4FF6-A021-87B6892848D3
		CFFIXED_USER_HOME =><…>
2026-09-19 19:59:15.021 Df runningboardd[26710:269b36] [com.apple.runningboard:ttl] Invalidating assertion 26710-26707-5000 (target:app<org.ps2x.ps2entryrunner((null))>) from originator [osservice<com.apple.SpringBoard>:26707]
2026-09-19 19:59:15.021 E  SpringBoard[26707:2689ea] [com.apple.FrontBoard:Process] Bootstrapping failed for <FBApplicationProcess: 0x11965cc00; app<org.ps2x.ps2entryrunner>:<invalid>> with error: <NSError: 0x11966b8d0; domain: RBSRequestErrorDomain; code: 5; "Launch failed."> {
    NSUnderlyingError = <NSError: 0x11966aa00; domain: NSPOSIXErrorDomain; code: 1> {
        NSLocalizedDescription = Launchd job spawn failed;
    };
}
2026-09-19 19:59:15.021 Df SpringBoard[26707:2689ea] [com.apple.FrontBoard:Process] [app<org.ps2x.ps2entryrunner>:-1] Now flagged as pending exit for reason: Bootstrap failed
2026-09-19 19:59:15.021 Df runningboardd[26710:269b36] [com.apple.runningboard:general] Full encoding handle <inert:[app<org.ps2x.ps2entryrunner((null))>:-1]*>, with data 0, and pid -1
2026-09-19 19:59:15.021 Df launchd_sim[26704:2690c1] [user/501:] service inactive: UIKitApplication:org.ps2x.ps2entryrunner[a09f][rb-legacy]
2026-09-19 19:59:15.021 Df SpringBoard[26707:2689ea] [com.apple.FrontBoard:Process] [app<org.ps2x.ps2entryrunner>:-1] Connection to remote process was not established.
2026-09-19 19:59:15.021 Df launchd_sim[26704:2690c1] [user/501:] removing service: UIKitApplication:org.ps2x.ps2entryrunner[a09f][rb-legacy]
2026-09-19 19:59:15.021 Df SpringBoard[26707:2689ea] [com.apple.FrontBoard:Process] Adding: <FBApplicationProcess: 0x11965cc00; app<org.ps2x.ps2entryrunner>:<invalid>>
2026-09-19 19:59:15.021 Df SpringBoard[26707:269b3b] [com.apple.runningboard:monitor] Received state update for -1 (app<org.ps2x.ps2entryrunner((null))>, none-Visible
2026-09-19 19:59:15.022 Df SpringBoard[26707:266d9e] [preflight:SceneHostedPreflight] [Preflighter: TCCs] org.ps2x.ps2entryrunner requires preflight: false
2026-09-19 19:59:15.022 Df SpringBoard[26707:266d9e] [preflight:SceneHostedPreflight] [Preflighter: ScreenTime] org.ps2x.ps2entryrunner requires preflight: false
2026-09-19 19:59:15.022 Df SpringBoard[26707:266d9e] [com.apple.SpringBoard:AppRestrictionsOverlay] [sceneID:org.ps2x.ps2entryrunner-default] didCreateScene
2026-09-19 19:59:15.022 Df SpringBoard[26707:266d9e] [preflight:SceneHostedPreflight] [Preflighter: TCCs] org.ps2x.ps2entryrunner requires preflight: false
2026-09-19 19:59:15.022 Df SpringBoard[26707:266d9e] [preflight:SceneHostedPreflight] [Preflighter: ScreenTime] org.ps2x.ps2entryrunner requires preflight: false
2026-09-19 19:59:15.022 Df SpringBoard[26707:266d9e] [preflight:PreflightSceneExtension] sceneID:org.ps2x.ps2entryrunner-default: returning requiresPreflight FALSE as there's no activePreflightSource
2026-09-19 19:59:15.022 Df SpringBoard[26707:266d9e] [com.apple.SpringBoard:AppRestrictionsOverlay] [sceneID:org.ps2x.ps2entryrunner-default] tearing down vc for overlay: 0x0
2026-09-19 19:59:15.022 Df SpringBoard[26707:266d9e] [com.apple.SpringBoard:AppProtection] <BSCompoundAssertion:0x1220a6210> (SBApplicationAppProtectionAssistant: 0x11c66e140 - org.ps2x.ps2entryrunner) acquire for reason:NULL scene acq:0x11c7055c0 count:1
2026-09-19 19:59:15.022 Df SpringBoard[26707:266d9e] [com.apple.SpringBoard:AppProtection] Informing <APSystemAppOutlet: 0x10be25d10> that <APApplication: org.ps2x.ps2entryrunner> will become foreground visible
2026-09-19 19:59:15.022 Df SpringBoard[26707:266d9e] [com.apple.appprotection:framework] scene will become FG visible for <APApplication: org.ps2x.ps2entryrunner>
2026-09-19 19:59:15.022 Df SpringBoard[26707:266d9e] [com.apple.appprotection:framework] auth result for <APApplication: org.ps2x.ps2entryrunner>: true (null)
2026-09-19 19:59:15.022 Df SpringBoard[26707:266d9e] [com.apple.UIKit:KBProxyForwarding] <StateMachine:0x118720080> Created with presentation environment: <0x10f759ec0:<_UISceneKeyboardProxyLayerForwardingPresentationScene: 0x10f759ec0> Tracking scene: <FBScene: 0x121701e00; FBSceneManager:sceneID:org.ps2x.ps2entryrunner-default>>
2026-09-19 19:59:15.023 Df SpringBoard[26707:266d9e] [com.apple.SpringBoard:Common] [DeviceSceneHandle] sceneID:org.ps2x.ps2entryrunner-default display=Main bounds={{0, 0}, {402, 874}} sceneFrame={{0, 0}, {402, 874}} capability=.None
2026-09-19 19:59:15.023 Df SpringBoard[26707:266d9e] [com.apple.SpringBoard:TraitsArbiter] orientationMode=dynamic for <SBTraitsSceneParticipantDelegate: 0x1197899a0> (
    "com.apple.frontboard.systemappservices/FBSceneManager:sceneID%3Aorg.ps2x.ps2entryrunner-default"
)
2026-09-19 19:59:15.023 Df SpringBoard[26707:266d9e] [com.apple.SpringBoard:TraitsArbiter] [DeviceSceneHandle] Did set interfaceOrientation[1] on scene with identifier[sceneID:org.ps2x.ps2entryrunner-default]
2026-09-19 19:59:15.024 Df SpringBoard[26707:266d9e] [com.apple.SpringBoard:ContinuitySession] modifying scene setting userInterfaceStyle to Light displayIdentity: Main forSceneManagers: Main <SBDeviceApplicationSceneHandle: 0x12207ca00; sceneID: sceneID:org.ps2x.ps2entryrunner-default; scenePointer: 0x121701e00>
2026-09-19 19:59:15.024 Df SpringBoard[26707:266d9e] [com.apple.SpringBoard:Common] No capture application found for the org.ps2x.ps2entryrunner, launchCameraCapture: NO, isCaptureApplication: NO
2026-09-19 19:59:15.024 Df SpringBoard[26707:266d9e] [com.apple.FrontBoard:Process] Asked to bootstrap a new process with identity: app<org.ps2x.ps2entryrunner((null))>
2026-09-19 19:59:15.024 Df SpringBoard[26707:266d9e] [com.apple.FrontBoard:Process] Did not create a new process: A process for app<org.ps2x.ps2entryrunner((null))> already exists.
2026-09-19 19:59:15.024 Df SpringBoard[26707:266d9e] [com.apple.FrontBoard:ProcessScene] [0x122112700:(FBSceneManager):sceneID:org.ps2x.ps2entryrunner-default] Initialized with connection: 0x1197964c0.
2026-09-19 19:59:15.024 Df SpringBoard[26707:266d9e] [com.apple.FrontBoard:ProcessWorkspace] [app<org.ps2x.ps2entryrunner>:-1] Registered new scene: <FBWorkspaceScene: 0x122112700; (FBSceneManager):sceneID:org.ps2x.ps2entryrunner-default> (fromRemnant = 0)
2026-09-19 19:59:15.024 Df SpringBoard[26707:266d9e] [com.apple.FrontBoard:Scene] [(FBSceneManager):sceneID:org.ps2x.ps2entryrunner-default][1] Scene activated.
2026-09-19 19:59:15.024 Df SpringBoard[26707:2689ea] [com.apple.FrontBoard:Process] [app<org.ps2x.ps2entryrunner>:-1] Setting process visibility to: Foreground
2026-09-19 19:59:15.024 Df SpringBoard[26707:266d9e] [com.apple.UIKit:SceneDeactivation] Now tracking: <FBScene: 0x121701e00; FBSceneManager:sceneID:org.ps2x.ps2entryrunner-default>
2026-09-19 19:59:15.024 Df SpringBoard[26707:266d9e] [com.apple.UIKit:SceneDeactivation] [sceneID:org.ps2x.ps2entryrunner-default] Setting deactivation reasons to: 'systemAnimation' for reason: scene settings update - settings are eligible for deactivation reasons.
2026-09-19 19:59:15.024 Df SpringBoard[26707:266d9e] [com.apple.FrontBoard:Scene] [(FBSceneManager):sceneID:org.ps2x.ps2entryrunner-default] scene content state changed: preparing
2026-09-19 19:59:15.024 Df SpringBoard[26707:266d9e] [com.apple.SpringBoard:KeyboardFocus] _updateDeferringRules(didUpdateContentState) sceneID:org.ps2x.ps2entryrunner-default hasParent:YES contentState:preparing hasRule:NO wantsRule:YES
2026-09-19 19:59:15.024 E  SpringBoard[26707:266d9e] [com.apple.SpringBoard:KeyboardFocus] invalid pid for scene sceneID:org.ps2x.ps2entryrunner-default, returning nil target
2026-09-19 19:59:15.024 Df SpringBoard[26707:266d9e] [com.apple.SpringBoard:KeyboardFocus] _updateDeferringRules(didUpdateContentState) outcome:(wanted, but focusTarget is nil) sceneID:org.ps2x.ps2entryrunner-default
2026-09-19 19:59:15.025 Df SpringBoard[26707:2689ea] [com.apple.FrontBoard:ProcessScene] [0x122112700:(FBSceneManager):sceneID:org.ps2x.ps2entryrunner-default] Scene lifecycle state did change: Foreground
2026-09-19 19:59:15.025 Df SpringBoard[26707:2689ea] [com.apple.FrontBoard:ProcessScene] [0x122112700:(FBSceneManager):sceneID:org.ps2x.ps2entryrunner-default] Scene state did change: FV-Focal[100].
2026-09-19 19:59:15.025 Df SpringBoard[26707:2689ea] [com.apple.FrontBoard:ProcessWorkspace] [app<org.ps2x.ps2entryrunner>:-1] Workspace state did change: XX-None[0] --> FV-Focal[100] (awaiting concrete target).
2026-09-19 19:59:15.026 Df SpringBoard[26707:266d9e] [com.apple.SpringBoard:AppSwitcher] [Main (EmbeddedDisplay)] dispatch event:
<SBTransitionSwitcherModifierEvent: 0x11c620480; type: MainTransition; transitionID: 3544B104-4E6E-4F2C-8BC8-CA3CB6B36959; phase: Prepare; animated: YES; fromAppLayout: 0x0; toAppLayout: <SBAppLayout: 0x122103c60; primary: org.ps2x.ps2entryrunner:default; environment: main>; fromEnvironmentMode: home-screen; toEnvironmentMode: application; fromSpaceConfiguration: undefined; toSpaceConfiguration: full; pendingTermination: {(
)}; morphingPIPLayoutRole: undefined; previousDesktopItems: {(
)}>
2026-09-19 19:59:15.026 Df SpringBoard[26707:266d9e] [com.apple.SpringBoard:AppSwitcher] [Main (EmbeddedDisplay)] handle response:
<SBSwitcherModifierEventResponse: 0x121697300> {
    <SBSwitcherModifierEventResponse: 0x1216979c0> {
	    <SBSwitcherModifierEventResponse: 0x10f758c60> {
		    <SBTimerEventSwitcherEventResponse: 0x10f737ae0; delay: 0.240000; reason: kSBTransitionModifierInvalidateAsyncRenderingReason>;
		    <SBInvalidateAdjustedAppLayoutsSwitcherEventResponse: 0x10f758ba0>;
		};
	    <SBTimerEventSwitcherEventResponse: 0x121697db0; delay: 0.060000; reason: kSBFullScreenToHomeCornerRadiusDelayReason>;
	};
    <SBSwitcherModifierEventResponse: 0x10f759560> {
	    <SBUpdateLayoutSwitcherEventResponse: 0x1186155c0; updateVisibleItems; layout; style; mode: None>;
	    <SBRequestFolderSnapshotsSwitcherEventResponse: 0x121694090; snapshotRequested: YES>;
	    <SBIconOverlayVisibilitySwitcherEventResponse: 0x118617600; visible: YES; appLayout: <SBAppLayout: 0x122103c60; primary: org.ps2x.ps2entryrunner:default; environment: main>>;
	    <SBIconViewVisibilitySwitcherEventResponse: 0x11871aa30;
2026-09-19 19:59:15.036 Df SpringBoard[26707:266d9e] [com.apple.SpringBoard:Icon] Creating ISIcon on main thread for app org.ps2x.ps2entryrunner
2026-09-19 19:59:15.038 Df SpringBoard[26707:266d9e] [com.apple.SpringBoard:AppSwitcher] [Main (EmbeddedDisplay)] dispatch event:
<SBTransitionSwitcherModifierEvent: 0x11c620480; type: MainTransition; transitionID: 3544B104-4E6E-4F2C-8BC8-CA3CB6B36959; phase: Animate; animated: YES; fromAppLayout: 0x0; toAppLayout: <SBAppLayout: 0x122103c60; primary: org.ps2x.ps2entryrunner:default; environment: main>; fromEnvironmentMode: home-screen; toEnvironmentMode: application; fromSpaceConfiguration: undefined; toSpaceConfiguration: full; pendingTermination: {(
)}; morphingPIPLayoutRole: undefined; previousDesktopItems: {(
)}>
2026-09-19 19:59:15.127 Df SpringBoard[26707:2689ea] [com.apple.FrontBoard:Process] [app<org.ps2x.ps2entryrunner>:-1] Process exited: .
2026-09-19 19:59:15.127 Df SpringBoard[26707:2689ea] [com.apple.FrontBoard:Process] [app<org.ps2x.ps2entryrunner>:-1] Setting process task state to: Not Running
2026-09-19 19:59:15.127 Df SpringBoard[26707:2689ea] [com.apple.FrontBoard:Process] [app<org.ps2x.ps2entryrunner>:-1] Setting process visibility to: Unknown
2026-09-19 19:59:15.127 Df runningboardd[26710:269b34] [com.apple.runningboard:assertion] Removed last relative-start-date-defining assertion for process app<org.ps2x.ps2entryrunner((null))>
2026-09-19 19:59:15.127 Df SpringBoard[26707:268fd9] [com.apple.FrontBoard:ProcessWorkspace] [app<org.ps2x.ps2entryrunner>:-1] Invalidating workspace.
2026-09-19 19:59:15.127 Df SpringBoard[26707:268fd9] [com.apple.FrontBoard:ProcessScene] [0x122112700:(FBSceneManager):sceneID:org.ps2x.ps2entryrunner-default] Invalidated for connection: 0x1197964c0.
2026-09-19 19:59:15.128 Df SpringBoard[26707:268fd9] [com.apple.FrontBoard:Process] Removing: <FBApplicationProcess: 0x11965cc00; app<org.ps2x.ps2entryrunner>:<invalid>>
2026-09-19 19:59:15.128 E  SpringBoard[26707:266d9e] [com.apple.FrontBoard:Scene] [(FBSceneManager):sceneID:org.ps2x.ps2entryrunner-default] Update failed: <NSError: 0x12177a010; domain: FBSceneErrorDomain; code: 1 ("operation-failed"); "Scene update failed."> {
    NSUnderlyingError = <NSError: 0x1216a2d60; domain: FBWorkspaceScene; code: 1 ("send-message-failed"); "Scene update failed. Client process exited."> {
        NSUnderlyingError = <NSError: 0x1216a0ae0; domain: FBProcessExit; code: 64 ("launch-failed"); "The process failed to launch."> {
            NSUnderlyingError = <NSError: 0x11966b8d0; domain: RBSRequestErrorDomain; code: 5; "Launch failed."> {
                NSUnderlyingError = <NSError: 0x11966aa00; domain: NSPOSIXErrorDomain; code: 1> {
                    NSLocalizedDescription = Launchd job spawn failed;
                };
            };
        };
    };
}
2026-09-19 19:59:15.128 Df SpringBoard[26707:266d9e] [com.apple.FrontBoard:Scene] Deactivating scene: (FBSceneManager):sceneID:org.ps2x.ps2entryrunner-default
2026-09-19 19:59:15.128 Df SpringBoard[26707:266d9e] [com.apple.UIKit:SceneDeactivation] No longer tracking: <FBScene: 0x121701e00; FBSceneManager:sceneID:org.ps2x.ps2entryrunner-default>
2026-09-19 19:59:15.128 Df SpringBoard[26707:266d9e] [com.apple.FrontBoard:Scene] [(FBSceneManager):sceneID:org.ps2x.ps2entryrunner-default] scene content state changed: notReady
2026-09-19 19:59:15.128 Df SpringBoard[26707:266d9e] [com.apple.SpringBoard:KeyboardFocus] _updateDeferringRules(didUpdateContentState) sceneID:org.ps2x.ps2entryrunner-default hasParent:YES contentState:notReady hasRule:NO wantsRule:NO
2026-09-19 19:59:15.128 Df SpringBoard[26707:266d9e] [com.apple.SpringBoard:KeyboardFocus] _updateDeferringRules(didUpdateContentState) outcome:(no change) sceneID:org.ps2x.ps2entryrunner-default
2026-09-19 19:59:15.128 E  CoreSimulatorBridge[26737:269b31] [com.apple.FrontBoard:Common] [FBSSystemService][0xa07f] Error handling open request for org.ps2x.ps2entryrunner: <NSError: 0x105854d80; domain: FBSOpenApplicationServiceErrorDomain; code: 3 ("ProcessExited"); "Process failed to launch."> {
    FBSOpenApplicationRequestID = 0xa07f;
    NSUnderlyingError = <NSError: 0x1058542d0; domain: FBProcessExit; code: 64 ("launch-failed"); "The process failed to launch."> {
        NSUnderlyingError = <NSError: 0x105856460; domain: RBSRequestErrorDomain; code: 5; "Launch failed."> {
            NSUnderlyingError = <NSError: 0x105855cb0; domain: NSPOSIXErrorDomain; code: 1> {
                NSLocalizedDescription = Launchd job spawn failed;
            };
        };
    };
}
2026-09-19 19:59:15.128 Df SpringBoard[26707:266d9e] [com.apple.FrontBoard:Scene] [(FBSceneManager):sceneID:org.ps2x.ps2entryrunner-default][1] Scene deactivated.
2026-09-19 19:59:15.128 Df SpringBoard[26707:266d9e] [com.apple.FrontBoard:Scene] Invalidating scene: (FBSceneManager):sceneID:org.ps2x.ps2entryrunner-default
2026-09-19 19:59:15.128 Df runningboardd[26710:269b37] [com.apple.runningboard:general] Full encoding handle <inert:[app<org.ps2x.ps2entryrunner((null))>:-1]*>, with data 0, and pid -1
2026-09-19 19:59:15.128 Df SpringBoard[26707:266d9e] [com.apple.FrontBoard:Scene] [(FBSceneManager):sceneID:org.ps2x.ps2entryrunner-default][1] Scene invalidated.
2026-09-19 19:59:15.128 Df CoreSimulatorBridge[26737:2692ee] Non-FBS error launching 'org.ps2x.ps2entryrunner'. Error was: Error Domain=FBSOpenApplicationServiceErrorDomain Code=3 "(null)" UserInfo={BSErrorCodeDescription=ProcessExited, NSLocalizedFailure=Process failed to launch., FBSOpenApplicationRequestID=0xa07f, NSUnderlyingError=0x1058542d0 {Error Domain=FBProcessExit Code=64 "The process failed to launch." UserInfo={NSUnderlyingError=0x105856460 {Error Domain=RBSRequestErrorDomain Code=5 "Launch failed." UserInfo={NSLocalizedFailureReason=Launch failed., NSUnderlyingError=0x105855cb0 {Error Domain=NSPOSIXErrorDomain Code=1 "Operation not permitted" UserInfo=0x105919da0 (not displayed)}}}, NSLocalizedFailureReason=The process failed to launch., BSErrorCodeDescription=launch-failed}}}
2026-09-19 19:59:15.128 E  SpringBoard[26707:266d9e] [com.apple.FrontBoard:Scene] Ignoring update for invalidated scene: (FBSceneManager):sceneID:org.ps2x.ps2entryrunner-default
2026-09-19 19:59:15.128 Df SpringBoard[26707:266d9e] [com.apple.SpringBoard:AppRestrictionsOverlay] [sceneID:org.ps2x.ps2entryrunner-default] didDestroyScene
2026-09-19 19:59:15.128 Df SpringBoard[26707:266d9e] [com.apple.SpringBoard:AppRestrictionsOverlay] [sceneID:org.ps2x.ps2entryrunner-default] tearing down vc for overlay: 0x0
2026-09-19 19:59:15.129 Df SpringBoard[26707:266d9e] [com.apple.SpringBoard:AppProtection] <BSCompoundAssertion:0x1220a6210> (SBApplicationAppProtectionAssistant: 0x11c66e140 - org.ps2x.ps2entryrunner) invalidate acq:0x11c7055c0 count:1
2026-09-19 19:59:15.129 Df SpringBoard[26707:266d9e] [com.apple.SpringBoard:AppProtection] Informing <APSystemAppOutlet: 0x10be25d10> that <APApplication: org.ps2x.ps2entryrunner> will become background as far as we know
2026-09-19 19:59:15.129 Df SpringBoard[26707:266d9e] [com.apple.appprotection:framework] All scenes dismissed for <APApplication: org.ps2x.ps2entryrunner>
2026-09-19 19:59:15.129 Df SpringBoard[26707:268fd9] [com.apple.runningboard:monitor] Received state update for -1 (app<org.ps2x.ps2entryrunner((null))>, none-NotVisible
2026-09-19 19:59:15.129 Df SpringBoard[26707:2689ea] [com.apple.appprotection:framework] told auth provider org.ps2x.ps2entryrunner was dimissed. result:true err:(null)
2026-09-19 19:59:15.129 Df SpringBoard[26707:266d9e] [com.apple.UIKit:KBProxyForwarding] <StateMachine:0x118720080> Presentation environment invalidated: <_UISceneKeyboardProxyLayerForwardingPresentationScene: 0x10f759ec0> Tracking scene: <FBScene: 0x121701e00; (null):sceneID:org.ps2x.ps2entryrunner-default>
2026-09-19 19:59:15.129 Df SpringBoard[26707:266d9e] [com.apple.SpringBoard:AppSwitcher] [Main (EmbeddedDisplay)] dispatch event:
<SBSceneReadySwitcherModifierEvent: 0x12177a190; type: SceneReady; appLayout: <SBAppLayout: 0x122103c60; primary: org.ps2x.ps2entryrunner:default; environment: main> {
    environment = main;
    centerConfiguration = undefined;
    preferredDisplayOrdinal = 0;
    continuousExposeIdentifier = org.ps2x.ps2entryrunner;
    layoutItems = {
        primary = <SBDisplayItem: 0x11c4fffc0; type: App; bundleIdentifier: org.ps2x.ps2entryrunner; uniqueIdentifier: sceneID:org.ps2x.ps2entryrunner-default>;
    }
}>
2026-09-19 19:59:15.130 E  SpringBoard[26707:266d9e] [com.apple.FrontBoard:Scene] [(FBSceneManager):sceneID:org.ps2x.ps2entryrunner-default] Update failed: <NSError: 0x121779da0; domain: FBSceneErrorDomain; code: 1 ("operation-failed"); "Scene update failed."> {
    NSUnderlyingError = <NSError: 0x1216a3930; domain: FBWorkspaceScene; code: 1 ("send-message-failed"); "Scene update failed. Client process exited."> {
        NSUnderlyingError = <NSError: 0x1216a2cd0; domain: FBProcessExit; code: 64 ("launch-failed"); "The process failed to launch."> {
            NSUnderlyingError = <NSError: 0x11966b8d0; domain: RBSRequestErrorDomain; code: 5; "Launch failed."> {
                NSUnderlyingError = <NSError: 0x11966aa00; domain: NSPOSIXErrorDomain; code: 1> {
                    NSLocalizedDescription = Launchd job spawn failed;
                };
            };
        };
    };
}
2026-09-19 19:59:15.130 Df SpringBoard[26707:266d9e] [com.apple.SpringBoard:Workspace] Process exited: <FBApplicationProcess: 0x11965cc00; app<org.ps2x.ps2entryrunner>:<invalid>> ->
2026-09-19 19:59:15.131 Df SpringBoard[26707:266d9e] [com.apple.SpringBoard:Common] Application process state changed for org.ps2x.ps2entryrunner: (null)
2026-09-19 19:59:15.131 Df SpringBoard[26707:266d9e] [com.apple.FrontBoard:Scene] [(FBSceneManager):sceneID:org.ps2x.ps2entryrunner-default] Ignoring client invalidation due to token mismatch (probably due to prior deactivation). expected=0x0 received=0x122112700
2026-09-19 19:59:15.465 Df SpringBoard[26707:266d9e] [com.apple.SpringBoard:AppSwitcher] [Main (EmbeddedDisplay)] dispatch event:
<SBTransitionSwitcherModifierEvent: 0x1186ec180; type: MainTransition; transitionID: 3544B104-4E6E-4F2C-8BC8-CA3CB6B36959; phase: Complete; animated: YES; fromAppLayout: 0x0; toAppLayout: <SBAppLayout: 0x122103c60; primary: org.ps2x.ps2entryrunner:default; environment: main>; fromEnvironmentMode: home-screen; toEnvironmentMode: application; fromSpaceConfiguration: undefined; toSpaceConfiguration: full; pendingTermination: {(
)}; morphingPIPLayoutRole: undefined; previousDesktopItems: {(
)}>
2026-09-19 19:59:15.465 Df SpringBoard[26707:266d9e] [com.apple.SpringBoard:AppSwitcher] [Main (EmbeddedDisplay)] handle response:
<SBSwitcherModifierEventResponse: 0x12177b930> {
    <SBPreemptAnimationSwitcherEventResponse: 0x12177bed0>;
    <SBSwitcherModifierEventResponse: 0x12177a190> {
	    <SBInvalidateAdjustedAppLayoutsSwitcherEventResponse: 0x121778180>;
	    <SBSwitcherModifierEventResponse: 0x12177b9c0> {
		    <SBRequestFolderSnapshotsSwitcherEventResponse: 0x121779d40; snapshotRequested: NO>;
		    <SBIconOverlayVisibilitySwitcherEventResponse: 0x1214bad00; visible: NO; appLayout: <SBAppLayout: 0x122103c60; primary: org.ps2x.ps2entryrunner:default; environment: main>>;
		    <SBIconViewVisibilitySwitcherEventResponse: 0x11871ab70; visible: YES; animationSettings: 0x0; appLayout: <SBAppLayout: 0x122103c60; primary: org.ps2x.ps2entryrunner:default; environment: main>>;
		    <SBMatchMoveToIconViewSwitcherEventResponse: 0x12155dce0; active: NO; appLayout: <SBAppLayout: 0x122103c60; primary: org.ps2x.ps2entryrunner:default; environment: main>>;
		};
	};
}
2026-09-19 19:59:15.480 Df SpringBoard[26707:266d9e] [com.apple.SpringBoard:Common] Front display did change: <SBApplication: 0x121700900; org.ps2x.ps2entryrunner>
2026-09-19 19:59:15.480 Df SpringBoard[26707:266d9e] [preflight:SceneHostedPreflight] [Source: TCCs] org.ps2x.ps2entryrunner requires preflight: false
2026-09-19 19:59:15.480 Df SpringBoard[26707:266d9e] [preflight:SceneHostedPreflight] [Source: ScreenTime] org.ps2x.ps2entryrunner requires preflight: false
2026-09-19 19:59:15.490 Df SpringBoard[26707:266d9e] [com.apple.SpringBoard:ZStack] Resolved Stack (update(Switcher)) [
    Highest: ⬇ ,
    SystemAperture: ⬇ ,
    HUD: ⬇ ,
    TransientOverlayPresentation: ⬇ ,
    Switcher: ownsHomeGesture; FGActive; homeAffordanceDrawingSuppressed: N->Y; suppressedBundles: org.ps2x.ps2entryrunner->(none); suppressedScenes: 1->0,
    HomeScreen: BG->FGActive
]
2026-09-19 19:59:15.492 Df SpringBoard[26707:266d9e] [com.apple.SpringBoard:AppRestrictionsOverlay] [sceneID:org.ps2x.ps2entryrunner-default] tearing down vc for overlay: 0x0
2026-09-19 19:59:15.507 Df SpringBoard[26707:266d9e] [com.apple.SpringBoard:KeyboardFocus] _updateDeferringRules(didMoveToParentViewController) sceneID:org.ps2x.ps2entryrunner-default hasParent:NO contentState:notReady hasRule:NO wantsRule:NO
2026-09-19 19:59:15.507 Df SpringBoard[26707:266d9e] [com.apple.SpringBoard:KeyboardFocus] _updateDeferringRules(didMoveToParentViewController) outcome:(no change) sceneID:org.ps2x.ps2entryrunner-default
2026-09-19 19:59:15.507 Df SpringBoard[26707:266d9e] [com.apple.SpringBoard:AppRestrictionsOverlay] [sceneID:org.ps2x.ps2entryrunner-default] tearing down vc for overlay: 0x0
2026-09-19 19:59:15.507 Df SpringBoard[26707:266d9e] [com.apple.SpringBoard:KeyboardFocus] _updateDeferringRules(didMoveToParentViewController) sceneID:org.ps2x.ps2entryrunner-default hasParent:NO contentState:notReady hasRule:NO wantsRule:NO
2026-09-19 19:59:15.507 Df SpringBoard[26707:266d9e] [com.apple.SpringBoard:KeyboardFocus] _updateDeferringRules(didMoveToParentViewController) outcome:(no change) sceneID:org.ps2x.ps2entryrunner-default
2026-09-19 19:59:15.508 Df SpringBoard[26707:266d9e] [com.apple.SpringBoard:AppSwitcher] <SBFullScreenSwitcherLiveContentOverlayCoordinator: 0x116331400> Removing SwitcherScene overlay for: <SBAppLayout: 0x122103c60; primary: org.ps2x.ps2entryrunner:default; environment: main>, animated: NO
2026-09-19 19:59:15.510 Df SpringBoard[26707:266d9e] [com.apple.SpringBoard:AppRestrictionsOverlay] [sceneID:org.ps2x.ps2entryrunner-default] tearing down vc for overlay: 0x0
2026-09-19 19:59:20.033 E  runningboardd[26710:269b34] [com.apple.DynamicPrefetching:default] mark_profile_seen_this_boot: exists() failed for "/private/var/root/Library/Caches/com.apple.runningboardd/DynamicPrefetching/org.ps2x.ps2entryrunner/0.profile": Permission denied
2026-09-19 19:59:20.033 Df runningboardd[26710:269b34] [com.apple.DynamicPrefetching:default] end_scenario_internal: first launch after boot for bundleid org.ps2x.ps2entryrunner scenario Launch — discarded 0 pageins, refreshed profile mtime
2026-09-19 19:59:30.643 Df log[27789:0] [com.apple.log:] log run noninteractively, parent: 26704 (launchd_sim), args: 'log' 'show' '--last' '10m' '--style' 'compact' '--predicate' 'eventMessage CONTAINS "ps2" OR eventMessage CONTAINS "org.ps2x" OR process == "ps2EntryRunner"'
