POLL t=10.3 tick=345
8333333
410919368527044	410919393554179	410919368629648
410919397769075	410919409992772	410919398172929
410919427576054	410919442865845	410919428210741
410919427890168	410919451083918	410919428216106
410919457537460	410919475739283	410919457823554
410919487395325	410919500392408	410919487719960
410919487647460	410919508608293	410919487724023
410919517086210	410919533259908	410919517377773
410919546021418	410919557909387	410919546319700
410919546237929	410919566126783	410919546323241
410919575376731	410919590779178	410919575652460
410919604701835	410919615429074	410919604999543
410919604886575	410919623645533	410919605003554
410919634635116	410919648296313	410919634943241
410919664645637	410919681166679	410919664929543
410919664996731	410919689384543	410919665088866
410919693854075	410919705820950	410919694125273
410919723755116	410919738691886	410919724089543
410919724107929	410919746911314	410919724182616
410919754165168	410919771568293	410919754442200
410919784130168	410919796225272	410919784436106
410919784377981	410919804445220	410919784436731
410919813086731	410919829104439	410919813389856
410919843081575	410919853761001	410919843387460
410919843302772	410919861980272	410919843390741
410919871799075	410919886636106	410919872117668
410919901489700	410919919511730	410919901895325
410919901696106	410919927731574	410919901900429
410919931077200	410919944168657	410919931420897
410919960847512	410919977040272	410919961068866
410919961078085	410919985257407	410919961171575
410919990966210	410920001692043	410919991266054
410920020865637	410920034562876	410920021156418
410920021075637	410920042780272	410920021164543
410920049029856	410920067435532	410920049322981
410920078782460	410920092087407	410920079132824
410920079052616	410920100304387	410920079137043
410920111488866	410920124955845	410920111791887
410920112401366	410920133174334	410920112690012
410920142142981	410920157829855	410920142439647
410920172674179	410920190701001	410920172979074
410920172918397	410920198919074	410920172986210
410920202470324	410920215352043	410920202859543
410920232204804	410920248220167	410920232473137
410920232448606	410920256436314	410920232549074
410920262726991	410920272868657	410920262894856
410920292564231	410920305741939	410920292850481
410920292740272	410920313960376	410920292854022
410920321706887	410920338615689	410920321993293
410920351396522	410920363267251	410920351675637
410920351620012	410920371485428	410920351687043
410920381959543	410920396136105	410920382266991
410920411519856	410920429005012	410920411866574
410920411801522	410920437223397	410920411867512
410920441694335	410920453660896	410920441995481
410920470970168	410920486529022	410920471294387
410920471143137	410920494745220	410920471297981
410920501393762	410920519396417	410920501792043
410920530718293	410920544049439	410920531041053
410920530914231	410920552267251	410920531047824
410920561107824	410920576919126	410920561379856
410920590644699	410920601569595	410920590946731
410920590884699	410920609786834	410920590951262
410920621603293	410920634439022	410920621898866
410920652210012	410920667308033	410920652507668
410920652584231	410920675526314	410920652716991
410920683225012	410920700179751	410920683518397
410920712542043	410920724830480	410920712838918
410920712941262	410920733047928	410920713039022
410920729617980	410920741266261	410920730044699
410920767051262	410920782352928	410920767338918
410920792108866	410920807004751	410920792369543
410920792343762	410920815222564	410920792442460
410920822921678	410920839874021	410920823221418
410920853240116	410920864524594	410920853543605
410920853480637	410920872743397	410920853547512
410920884450480	410920897401678	410920884748605
410920886814647	410920905621105	410920887185637
410920915014699	410920930274907	410920915306210
410920945041366	410920963143344	410920945337199
410920945323241	410920971361626	410920945421887
410920974893293	410920987798188	410920975189543
410921005552824	410921020666053	410921005956053
410921005740116	410921028883032	410921005963605
410921034379230	410921045320740	410921034705741
410921064536887	410921078188397	410921064841574
410921064785324	410921086404126	410921064842355
410921094878762	410921111049230	410921095177199
410921125421262	410921143916730	410921125713866
410921125720637	410921152134907	410921125785949
410921156847199	410921168570220	410921157140116
410921159008293	410921176788605	410921159313293
410921188198605	410921201440480	410921188495012
410921221406209	410921234310584	410921221693241
410921221702824	410921242528084	410921221797147
410921252832355	410921267177876	410921253146991
410921255047043	410921275394907	410921255322980
410921287462668	410921300047928	410921287764855
410921288363762	410921308265844	410921288655272
410921318880637	410921332921573	410921319187199
410921349221991	410921365795323	410921349511991
410921349580324	410921374014230	410921349679855
410921380935636	410921398663970	410921381229959
410921383016678	410921406881365	410921383298449
410921412252668	410921423315011	410921412543084
410921444808293	410921456178709	410921445097824
410921445117199	410921464395375	410921445179699
410921476252459	410921489048708	410921476551105
410921478458084	410921497265636	410921478728918
410921507510272	410921521917563	410921507892668
410921537852668	410921554784282	410921538175011
410921538104855	410921563002042	410921538178449
410921569522980	410921587653500	410921569822355
410921571396209	410921595870844	410921571688918
410921599643553	410921612307146	410921599945480
410921628613866	410921645178032	410921628914543
410921628909855	410921653397563	410921629003709
410921659061730	410921669834594	410921659374647
410921689792824	410921702700531	410921690092668
410921690039543	410921710917511	410921690098761
410921720834074	410921735566521	410921721127668
410921751147199	410921768434282	410921751430116
410921751404230	410921776650479	410921751523605
410921781752668	410921793085480	410921782054959
410921812770949	410921825955480	410921813066886
410921813079022	410921834173500	410921813149074
410921844313918	9223372036854775807	410921844617980

POLL t=21.3 tick=676
8333333
410930425521050	410930446340424	410930425622352
410930457267143	410930470993602	410930457557039
410930458834956	410930479212873	410930459117664
410930489338758	410930503869643	410930489646414
410930521007977	410930536742716	410930521333914
410930521236518	410930544961622	410930521339956
410930551500477	410930569614799	410930551809539
410930584091883	410930602488757	410930584405893
410930584359956	410930610707143	410930584466206
410930617104487	410930635358601	410930617400268
410930617694852	410930643576674	410930618057508
410930649397664	410930660011154	410930649689383
410930651050789	410930668229851	410930651365737
410930682740789	410930701100685	410930683045789
410930684392977	410930709318810	410930684728133
410930713442039	410930725757716	410930713728237
410930743290581	410930758633132	410930743576362
410930743611831	410930766851518	410930743722664
410930774973862	410930791505268	410930775299018
410930776857352	410930799724591	410930777240112
410930806358914	410930824380736	410930806641414
410930837789383	410930849033862	410930838098862
410930838102820	410930857251622	410930838209695
410930870170320	410930881906049	410930870436727
410930871574175	410930890123236	410930871877508
410930919755112	410930931209070	410930920031206
410930920225789	410930939427039	410930920308289
410930936846727	410930947643601	410930937244695
410930978295789	410930988732820	410930978760320
410931002764331	410931013385736	410931003093133
410931003144070	410931021603809	410931003186362
410931034019852	410931046258914	410931034352508
410931036437508	410931054478393	410931036702195
410931066930945	410931079137091	410931067245633
410931095554539	410931112005008	410931095850945
410931096073602	410931120221413	410931096127820
410931112559227	410931128438758	410931113124852
410931157398445	410931169523392	410931157687820
410931183076674	410931194175476	410931183529383
410931183708133	410931202393393	410931183781987
410931214026258	410931227044330	410931214369174
410931243208758	410931259913914	410931243508445
410931243609799	410931268131205	410931243715164
410931260494383	410931276348289	410931260724383
410931304792456	410931317432508	410931305079226
410931305210633	410931325649798	410931305298862
410931321831674	410931333866882	410931322200424
410931367603393	410931383162768	410931367867039
410931367910008	410931391379955	410931368035581
410931398073914	410931416031778	410931398360164
410931426265424	410931440683288	410931426545164
410931426675789	410931448900424	410931426755581
410931443274174	410931457118184	410931443658445
410931485152820	410931498195008	410931485204799
410931485880789	410931506410112	410931486197768
410931515225789	410931531058341	410931515479695
410931519078914	410931539275372	410931519371674
410931550512508	410931563927507	410931550837351
410931552481258	410931572145580	410931552751049
410931582759487	410931596799538	410931583233081
410931611617039	410931629669538	410931611880320
410931612061726	410931637887351	410931612124070
410931628652456	410931646104330	410931629100789
410931671164383	410931687190528	410931671399330
410931699917299	410931711841466	410931700128393
410931700392195	410931720059486	410931700489851
410931717124226	410931728276257	410931717514330
410931763496362	410931777578913	410931763794695
410931763874070	410931785796518	410931763978758
410931792681570	410931810450268	410931792959539
410931797238705	410931818667663	410931797521987
410931813867976	410931826886622	410931814242664
410931860810580	410931876190111	410931861095893
410931861281882	410931884409590	410931861388757
410931892446257	410931909061257	410931892776674
410931894505476	410931917278236	410931894812143
410931926179018	410931941930268	410931926498757
410931927873393	410931950147767	410931928185424
410931958498132	410931974800580	410931958796257
410931985801882	410931999454382	410931986264695
410931986382195	410932007671570	410931986486205
410932002788237	410932015888080	410932003173132
410932048695632	410932065197143	410932049045320
410932049360580	410932073415944	410932049426570
410932078555007	410932089852715	410932078847924
410932082592820	410932098071986	410932082800945
410932114407976	410932130943184	410932114685007
410932116218601	410932139161517	410932116455632
410932146672664	410932163814539	410932146945476
410932149316101	410932172031934	410932149603445
410932179898862	410932196686934	410932180139174
410932211428705	410932229559798	410932211672664
410932211833393	410932237778340	410932211930112
410932228477664	410932245997507	410932228909955
410932270227976	410932287089226	410932270477976
410932270638862	410932295307455	410932270752351
410932300599539	410932311742871	410932300891830
410932303943289	410932319961570	410932304675945
410932336094539	410932352832507	410932336359070
410932337500945	410932361050789	410932337763080
410932367744539	410932385705527	410932368068289
410932397899486	410932410358861	410932398191570
410932398346414	410932418576986	410932398446257
410932415009851	410932426795997	410932415408914
410932456529018	410932467887299	410932456846361
410932457118549	410932476104591	410932457204539
410932486410164	410932500757299	410932486692820
410932490490580	410932508976308	410932490902820
410932522394330	410932533630944	410932522672299
410932523894538	410932541849434	410932524147351
410932554391257	410932566502819	410932554505476
410932583293445	410932599375476	410932583780893
410932583951726	410932607594538	410932584034538
410932600306674	410932615813132	410932600702299
410932646294695	410932656905632	410932646566570
410932646677976	410932665123809	410932646784174
410932676124226	410932689781465	410932676360945
410932680074538	410932698001257	410932680358445
410932696757924	410932714438601	410932697167976
410932740744799	410932755531205	410932741065007
410932766400268	410932780187663	410932766806413
410932767145632	410932788405319	410932767511101
410932783655945	410932796624590	410932784065320
410932827338913	410932845934643	410932827616257
410932854886049	410932870588653	410932855186413
410932855335163	410932878805788	410932855438132
410932871899643	9223372036854775807	410932872298445

POLL t=32.3 tick=931
16666666
410941574893598	410941602997451	410941575434066
410941575533858	410941619667087	410941575622816
410941591907608	410941636338024	410941592314483
410941608590733	410941653011566	410941608971410
410941646575577	410941669682400	410941646667504
410941646842191	410941686352451	410941646927920
410941678625004	410941703022295	410941679124379
410941680332035	410941719694274	410941680615785
410941696986202	410941736365056	410941697382816
410941734693910	410941753035941	410941735007035
410941734892920	410941769708284	410941735012139
410941778482972	410941803048285	410941778796514
410941779002608	410941819717972	410941779107972
410941795733910	410941836386930	410941796145785
410941828684379	410941853053388	410941829172920
410941829100316	410941869716774	410941829177191
410941845789222	410941886382191	410941846215889
410941862414639	410941903050784	410941862788754
410941901103702	410941919716462	410941901409066
410941930088754	410941953049483	410941930354066
410941930508754	410941969717191	410941930591670
410941947154222	410941986386878	410941947544691
410941963809535	410942003053545	410941964162347
410941998653910	410942019721930	410941998964691
410941999101202	410942036387451	410941999192191
410942015720941	410942053050837	410942016118129
410942032390577	410942069716930	410942032761983
410942071759535	410942103049378	410942072047972
410942101356514	410942119715837	410942101654691
410942101765577	410942136384482	410942101872920
410942118538389	410942153052451	410942118923285
410942135115576	410942169718389	410942135479014
410942151728389	410942186385680	410942152109795
410942192168754	410942219720680	410942192458441
410942192521097	410942236386305	410942192605733
410942226743754	410942253051253	410942227237451
410942227161879	410942269718181	410942227238597
410942243798441	410942286382659	410942244184847
410942260420472	410942303046983	410942260795941
410942300377764	410942319713701	410942300679691
410942300605316	410942336378076	410942300683076
410942331324639	410942353043441	410942331602816
410942333976410	410942369711149	410942334254847
410942350652451	410942386378544	410942351062920
410942367348285	410942403044170	410942367742816
410942407668233	410942436375785	410942407962191
410942436744378	410942453044482	410942437040160
410942437154014	410942469710576	410942437243701
410942453790628	410942486377868	410942454207035
410942470431826	410942503046097	410942470820785
410942487088285	410942519712242	410942487476722
410942527043858	410942553046774	410942527158389
410942556673441	410942586382503	410942557146722
410942556977816	410942603050211	410942557152035
410942573662816	410942619718544	410942574084066
410942590344535	410942636384586	410942590713285
410942606983701	410942653052190	410942607345472
410942645716253	410942669718336	410942645827660
410942675581045	410942703050055	410942675959535
410942676201097	410942719716722	410942676309535
410942692662035	410942736382972	410942693042347
410942709255420	410942753050940	410942709621722
410942725942503	410942769720315	410942726312035
410942767485785	410942786388075	410942767604691
410942796072191	410942819722816	410942796364378
410942796497660	410942836390523	410942796597191
410942813112191	410942853057347	410942813525003
410942829755785	410942869722139	410942830179795
410942846447139	410942886388024	410942846868545
410942886420732	410942903051617	410942886506253
410942914195941	410942936379274	410942914524222
410942914604691	410942953044066	410942914710160
410942931250785	410942969711878	410942931656097
410942947967972	410942986380680	410942948304222
410942964560472	410943003047711	410942964933441
410943004825420	410943036383804	410943005164326
410943036570628	410943053051252	410943036949639
410943037139326	410943069718544	410943037251670
410943053842503	410943086386097	410943054234222
410943070409066	410943103053544	410943070785107
410943087135316	410943119721566	410943087529170
410943127917347	410943153059378	410943128230576
410943158535472	410943186393440	410943158851253
410943158919222	410943203061044	410943159028284
410943175605941	410943219730107	410943176016878
410943192306670	410943236400367	410943192686826
410943208948545	410943253069222	410943209317607
410943248816878	410943269737347	410943249108284
410943249121097	410943286404066	410943249206201
410943283340628	410943303071930	410943283622191
410943283829951	410943319737711	410943283927764
410943300604691	410943336404117	410943301017972
410943317220159	410943353070419	410943317586722
410943358018128	410943386408961	410943358093701
410943358260159	410943403079013	410943358335472
410943389888441	410943419747503	410943390800472
410943391836201	410943436418231	410943392099222
410943408367972	410943453087659	410943408767503
410943425024222	410943469755367	410943425403597
410943465058284	410943486420992	410943465363128
410943465319691	410943503085472	410943465363753
410943500235159	410943519753805	410943500211826
410943500636097	410943536421149	410943500980472
410943517376201	410943553088597	410943517769222
410943533984795	410943569753597	410943534354691
410943574845159	410943603085576	410943574939847
410943575097972	410943619750836	410943575176253
410943607796722	410943636418232	410943608228545
410943608631357	410943653085888	410943608958128
410943625260263	410943669754533	410943625658441
410943641891513	410943686421096	410943642309482
410943680982451	410943703089169	410943681335159
410943681194690	410943719755419	410943681345784
410943715982920	410943736423544	410943716221878
410943716400472	410943753089482	410943716513440
410943733107503	410943769756877	410943733556565
410943749792347	410943786422451	410943750181878
410943789280107	410943819753700	410943789633440
410943789512138	410943836423700	410943789639065
410943823655628	410943853091877	410943824218909
410943824083545	410943869758024	410943824231565
410943840714326	410943886423597	410943841102295
410943857333388	410943903091096	410943857707034
410943895782034	410943919757346	410943895900784
410943896060784	410943936424794	410943896156409
410943933870888	410943953096044	410943934196670
410943934424690	9223372036854775807	410943934515315

POLL t=43.4 tick=1251
16666666
410952443672500	410952487084010	410952444095000
410952472923750	410952503749531	410952473421823
410952503251718	410952520412031	410952503538854
410952503642135	410952537079322	410952503747916
410952520364531	410952553745833	410952520738437
410952561747656	410952587072968	410952562049531
410952589794218	410952620404427	410952590117812
410952590205573	410952637070572	410952590323906
410952606832447	410952653734062	410952607404531
410952647161979	410952670397343	410952647491718
410952647840885	410952687061874	410952648229687
410952678421562	410952703724218	410952678913593
410952681050729	410952720387811	410952681330260
410952712838125	410952737053489	410952713331718
410952714519843	410952753720884	410952714847447
410952744162604	410952770387551	410952744593437
410952747819843	410952787052135	410952748082812
410952780964062	410952803714374	410952781258750
410952781467968	410952820377916	410952781566406
410952812196093	410952837041510	410952812643750
410952814770312	410952853708176	410952815064531
410952831578854	410952870373957	410952831979843
410952879133593	410952903708801	410952879448281
410952909906041	410952937040207	410952910230937
410952910448437	410952953705832	410952910551406
410952927124218	410952970371145	410952927571249
410952973314843	410953003701561	410952973748385
410952973897916	410953020366822	410952973979999
410953005460572	410953037031614	410953005463697
410953007424687	410953053694842	410953008249687
410953023626197	410953070360728	410953024055312
410953075153906	410953103692708	410953075607760
410953101838854	410953120359635	410953102134999
410953102237812	410953137025936	410953102344218
410953133181197	410953153693124	410953133498593
410953135457968	410953170357812	410953135747656
410953152255104	410953187021145	410953152640781
410953202847187	410953220349999	410953203128072
410953229071718	410953253674270	410953229325156
410953229631406	410953270338592	410953230039791
410953259739218	410953287003958	410953260165416
410953263035260	410953303670780	410953263301718
410953280069062	410953320337707	410953280051510
410953329624374	410953353669530	410953329710781
410953356580468	410953387000989	410953356829478
410953357026041	410953403666926	410953357113281
410953387442760	410953420333541	410953387737603
410953390643593	410953436999374	410953391460937
410953420710312	410953453663072	410953421059843
410953424249478	410953470328384	410953425030312
410953454335416	410953486993592	410953454608697
410953457696978	410953503656613	410953458401197
410953486889218	410953520321510	410953487186405
410953490532187	410953536987915	410953491262447
410953520779374	410953553654478	410953521003437
410953524660468	410953570321561	410953524885260
410953554403593	410953586987446	410953554684218
410953557591874	410953603652759	410953558330937
410953588690885	410953620318540	410953589016978
410953591159478	410953636983436	410953591578749
410953621712812	410953653649322	410953621961249
410953624264687	410953670314478	410953624585885
410953656646405	410953686980988	410953657672812
410953657856874	410953703643905	410953657913905
410953687871197	410953720309530	410953688147030
410953690942030	410953736977238	410953691151666
410953707608072	410953753644842	410953707980728
410953750273228	410953770311041	410953750395312
410953779194166	410953803641717	410953779461353
410953779585468	410953820308853	410953779675624
410953796246093	410953836974218	410953796650468
410953840607655	410953870308905	410953840915937
410953868992187	410953886976561	410953869484999
410953869511093	410953903641613	410953869639530
410953886051510	410953920308176	410953886440103
410953929917812	410953953640467	410953930080103
410953930352812	410953970304894	410953930462603
410953947223124	410953986968853	410953947412968
410953990715312	410954020296666	410953990924999
410954020307499	410954036957811	410954020619166
410954020941197	410954053620468	410954021042603
410954037612030	410954070284946	410954038006405
410954081263905	410954103619009	410954081434947
410954109154009	410954136947082	410954109443749
410954109547343	410954153612759	410954109659374
410954126274999	410954170280467	410954126682812
410954169225624	410954186948801	410954169136561
410954197769061	410954220288592	410954197903124
410954198516718	410954236958540	410954198870155
410954215188853	410954253627863	410954215545624
410954261410936	410954286967029	410954261671874
410954261817186	410954303636405	410954261904791
410954278542343	410954320302603	410954278932603
410954321392447	410954353638175	410954321647811
410954349223384	410954370305727	410954349532343
410954349657968	410954386974686	410954349753749
410954366368436	410954403642238	410954366776874
410954408712916	410954436975155	410954408989530
410954409260103	410954453642446	410954409355259
410954425949322	410954470310103	410954426338124
410954466340780	410954486976822	410954466630468
410954466719009	410954503644373	410954466812968
410954483497759	410954520309425	410954483953541
410954523968124	410954553640311	410954524191197
410954524353905	410954570307290	410954524450936
410954541060624	410954586972238	410954541491093
410954582376040	410954603637498	410954582683124
410954617416822	410954636971040	410954617711874
410954617849218	410954653639582	410954617925884
410954634497915	410954670306352	410954634890468
410954680507915	410954703641405	410954680955103
410954681182343	410954720307394	410954681250884
410954697722343	410954736974998	410954698136509
410954739483905	410954770309529	410954739803540
410954767858228	410954786979790	410954768181561
410954768343749	410954803648956	410954768446249
410954784995468	410954820317759	410954785407030
410954828763228	410954853652758	410954828870415
410954855059999	410954886986821	410954855376874
410954855472655	410954903653696	410954855584374
410954873348540	410954920322498	410954874167811
410954916553384	410954936993176	410954916636092
410954945395780	410954970329529	410954945489009
410954946016249	410954986997133	410954946343436
410954963703436	410955003664738	410954963922811
410955004251249	410955020330936	410955004488749
410955004669322	9223372036854775807	410955004766978

POLL t=54.5 tick=1556
16666666
410963887584683	410963921080047	410963887969839
410963904275099	410963937748277	410963908794058
410963934999214	410963954412703	410963935256193
410963937675099	410963971078432	410963937994318
410963954273902	410963987745672	410963954683433
410963970956974	410964004410880	410963971335933
410963987600620	410964021077287	410963987981089
410964004295620	410964037744526	410964004662339
410964020932183	410964054409786	410964021330620
410964037589943	410964071077859	410964037974631
410964054246870	410964087744942	410964054644995
410964070960308	410964104411401	410964071356193
410964087605881	410964121076349	410964100779318
410964118752599	410964137742026	410964119051245
410964120938745	410964154409213	410964121322287
410964137663589	410964171076296	410964138052026
410964154334683	410964187742339	410964154713849
410964171000881	410964204408484	410964171368849
410964187623849	410964221072963	410964188014370
410964204358589	410964237736973	410964204751818
410964220941089	410964254404265	410964221335620
410964237588276	410964271071089	410964237988433
410964254274683	410964287739786	410964254664995
410964270953589	410964304405880	410964276912964
410964301379214	410964321070463	410964301646193
410964304270776	410964337737286	410964304569787
410964320940412	410964354402963	410964321362339
410964337617964	410964371066193	410964337994683
410964354299058	410964387731453	410964354668120
410964370951193	410964404400776	410964371317287
410964387608120	410964421070411	410964387988276
410964404277130	410964437738015	410964404692130
410964420934370	410964454406141	410964421330776
410964437621662	410964471073744	410964438004839
410964454367339	410964487739735	410964467144683
410964485104318	410964504405203	410964485366245
410964487999630	410964521070672	410964488429839
410964504760412	410964537737546	410964505145933
410964521389318	410964554404266	410964521800308
410964537988276	410964571070411	410964538377026
410964554682495	410964587738171	410964555057964
410964571369370	410964604405516	410964571744787
410964587979005	410964621071661	410964588371401
410964604680776	410964637735723	410964605071662
410964621395620	410964654403015	410964621791557
410964638047807	410964671070203	410964638459943
410964654751818	410964687736609	410964655059943
410964739364370	410964771069682	410964739275464
410964742125307	410964787738223	410964742093537
410964757248432	410964804408692	410964758111349
410964773721818	410964821079891	410964774372651
410964790397912	410964837750463	410964790784214
410964807049839	410964854418640	410964807643068
410964823749682	410964871086297	410964824394995
410964840400151	410964887752130	410964841076401
410964857047651	410964904421193	410964857633380
410964873770307	410964921090047	410964874778745
410964890424318	410964937757234	410964891062964
410964907096505	410964954425567	410964909527182
410964937601714	410964971093484	410964937798120
410964941148432	410964987764421	410964942009214
410964957788537	410965004433745	410964958005880
410964974569839	410965021101870	410964974776974
410964991240880	410965037770359	410964991411037
410965007799370	410965054438588	410965008200255
410965024457026	410965071102859	410965024672287
410965041174162	410965087770307	410965041395464
410965057910255	410965104438641	410965058116505
410965074489318	410965121107703	410965075317286
410965104512807	410965137776296	410965104771036
410965107981036	410965154442026	410965108815880
410965124441557	410965171106661	410965124657026
410965141098849	410965187770984	410965141480099
410965157749318	410965204433484	410965157974682
410965174456089	410965221095464	410965174843901
410965191129839	410965237762390	410965191336089
410965207938380	410965254428484	410965208304682
410965224570724	410965271097806	410965224817755
410965241117964	410965287764838	410965241520932
410965257804682	410965304432025	410965267472443
410965288534057	410965321100307	410965288832755
410965291589682	410965337767233	410965292450620
410965307828693	410965354431609	410965308153432
410965324601974	410965371097286	410965324815776
410965341246349	410965387760203	410965341430880
410965357901245	410965404424995	410965358134838
410965374577338	410965421091296	410965374780776
410965391216713	410965437756088	410965391418901
410965407868901	410965454419422	410965408089005
410965424633849	410965471082442	410965424796557
410965441249995	410965487746192	410965441469213
410965457853120	410965504413953	410965464269995
410965497055463	410965521081140	410965497570307
410965497745620	410965537748223	410965497848432
410965514210932	410965554417338	410965514642286
410965530810463	410965571086297	410965531243693
410965547443745	410965587755620	410965547815620
410965564240307	410965604421244	410965564592963
410965580824005	410965621085463	410965581214682
410965597480411	410965637751973	410965597860307
410965614162963	410965654421193	410965614600620
410965630892807	410965671090671	410965631192182
410965647489213	410965687757286	410965647889526
410965664171088	410965704423745	410965666811401
410965693978536	410965721090619	410965694449995
410965697399682	410965737757025	410965697709786
410965714131505	410965754423275	410965714528901
410965730796870	410965771089838	410965731172182
410965747453120	410965787756713	410965747838432
410965764076817	410965804424056	410965764469370
410965780793849	410965821093692	410965781272182
410965797417495	410965837759890	410965797803276
410965814124057	410965854424317	410965814521505
410965830783692	410965871091713	410965831162338
410965847397651	410965887759577	410965847792182
410965864087807	410965904425202	410965870485567
410965893972911	410965921088588	410965894422182
410965897380307	410965937752129	410965897666401
410965914122026	410965954416244	410965914524370
410965930762651	410965971081661	410965931178588
410965947393744	410965987747963	410965947791036
410965964127026	410966004413223	410965964497963
410965980767651	410966021082754	410965981229005
410965997405151	410966037748900	410965997784838
410966014120880	410966054414525	410966014513588
410966030784682	410966071079578	410966031165932
410966047484682	9223372036854775807	410966054170411

POLL t=65.5 tick=1674
16666666
410975086625616	410975121828480	410975086919158
410975091400564	410975138495251	410975091619783
410975107835460	410975155163949	410975108064001
410975124471710	410975171829835	410975124729522
410975141122022	410975188491136	410975141361241
410975157850408	410975205154678	410975158499783
410975174498064	410975221819053	410975175159678
410975191176033	410975238484522	410975192177335
410975207820616	410975255149001	410975208553272
410975224525772	410975271812230	410975226234783
410975256433116	410975288475147	410975256741241
410975258563585	410975305137698	410975259400876
410975274498116	410975321802647	410975274919210
410975291160147	410975338465668	410975291517595
410975307797022	410975355129887	410975308050303
410975324524366	410975371795563	410975325123741
410975341197647	410975388461084	410975341888116
410975357867283	410975405125720	410975358504991
410975374459053	410975421792282	410975387251553
410975405959991	410975438457178	410975406498741
410975407930408	410975455121657	410975408867022
410975424525772	410975471788272	410975424746345
410975441142439	410975488455616	410975441368689
410975457844001	410975505121709	410975458062908
410975474568428	410975521790876	410975475146970
410975491204053	410975538461762	410975491802751
410975507858845	410975555132282	410975508563428
410975524560772	410975571799574	410975525545928
410975557759366	410975588469365	410975558967022
410975558394835	410975605134209	410975558984210
410975574727803	410975621797594	410975574941710
410975591368741	410975638463063	410975591592907
410975607984314	410975655127334	410975608213897
410975624718428	410975671788688	410975625011085
410975641399835	410975688449574	410975641855616
410975658045876	410975705111188	410975658447647
410975674739314	410975721774834	410975675429626
410975691388845	410975738438897	410975691740407
410975708091189	410975755101813	410975717022178
410975742730303	410975771765563	410975743284470
410975742903376	410975788428688	410975743298585
410975759548272	410975805091917	410975759943116
410975776222959	410975821757334	410975776648584
410975792897178	410975838423219	410975793270459
410975809605303	410975855089313	410975809974053
410975826271241	410975871755251	410975826702178
410975842944053	410975888424000	410975843318845
410975859646241	410975905093168	410975859811241
410975901210564	410975921759678	410975901718272
410975901476501	410975938426344	410975901721709
410975918091970	410975955092021	410975918546241
410975934742282	410975971758115	410975935193845
410975951390564	410975988424573	410975951772491
410975968095720	410976005089261	410975968478584
410975984766866	410976021756292	410975985150303
410976001416032	410976038424834	410976001855772
410976018105616	410976055091970	410976019364366
410976053512751	410976071759469	410976053912439
410976053728584	410976088428428	410976053918376
410976070431709	410976105093584	410976070860459
410976087041709	410976121760459	410976087503689
410976103713376	410976138425355	410976104115928
410976120367334	410976155091084	410976120754470
410976137026189	410976171756136	410976137409053
410976153685303	410976188422282	410976154070251
410976170358584	410976205088740	410976173985928
410976206422491	410976238419574	410976207206241
410976206699991	410976255083427	410976207211241
410976223912491	410976271746761	410976224912959
410976240478584	410976288412282	410976241444209
410976256971553	410976305075876	410976257935459
410976274363845	410976321737803	410976275157647
410976290937282	410976338400198	410976291774053
410976307510928	410976355062230	410976308263220
410976324330876	410976371724990	410976325256501
410976360342595	410976388387125	410976360812751
410976360578741	410976405050459	410976360817751
410976377236709	410976421716396	410976377664834
410976393881866	410976438382229	410976394318272
410976410615772	410976455046448	410976411084991
410976427287022	410976471712438	410976427695720
410976443954678	410976488376553	410976444345563
410976460609313	410976505042750	410976471800303
410976495883584	410976521709313	410976496321813
410976496452959	410976538373740	410976496575615
410976512938584	410976555038532	410976513342438
410976529562282	410976571704938	410976529956709
410976546294209	410976588367386	410976546682178
410976562956188	410976605030198	410976563328897
410976579647647	410976621695406	410976580087959
410976596322959	410976638360042	410976607577334
410976631127126	410976655027386	410976631628897
410976631459313	410976671691657	410976631634522
410976648122282	410976688358271	410976648546084
410976664750615	410976705025667	410976665134209
410976681445147	410976721692178	410976681827178
410976698135407	410976738357647	410976698512438
410976714782803	410976755024157	410976715160303
410976731436032	410976771693844	410976731817595
410976748167282	410976788362490	410976758757178
410976784410876	410976805031553	410976784996240
410976784853897	410976821701240	410976785001865
410976801464678	410976838367438	410976801899053
410976818098428	410976855035823	410976818474209
410976834712490	410976871705875	410976835094522
410976851468063	410976888375094	410976851844626
410976868143272	410976905042386	410976868511969
410976884780459	410976921709833	410976896889782
410976916534834	410976938379001	410976917015459
410976918067959	410976955046344	410976918423272
410976934692803	410976971716188	410976935119001
410976951372022	410976988385355	410976951804313
410976968118428	410977005052751	410976968439522
410976984746709	410977021720771	410976985117907
410977001408584	410977038388219	410977001780147
410977018075615	410977055055407	410977018498219
410977034739365	410977071721865	410977049137022
410977051419209	410977088386917	410977051824469
410977087512594	410977105050928	410977087801969
410977087795771	410977121714365	410977087888844
410977104391396	410977138377125	410977104842646
410977121074365	410977155042750	410977121501084
410977137704209	410977171709104	410977138136553
410977154374834	410977188375979	410977154913428
410977171121553	410977205043532	410977171620771
410977187789053	410977221708792	410977188140615
410977204436084	410977238374782	410977214438532

POLL t=76.8 tick=1741
16666666
410986306955560	410986339265715	410986307383268
410986307380924	410986355928528	410986307637018
410986324952643	410986372593372	410986325791653
410986341213893	410986389257851	410986342233216
410986358486080	410986405923163	410986359448841
410986375162435	410986422586601	410986376118424
410986391654674	410986439251184	410986392501810
410986408423528	410986455916913	410986409265091
410986425147122	410986472582382	410986428700143
410986458638893	410986489249465	410986459534674
410986458753268	410986505919101	410986459566028
410986475493685	410986522587955	410986475730612
410986492226653	410986539255612	410986492573372
410986508953268	410986555924934	410986509721185
410986525609830	410986572590924	410986525871080
410986542254153	410986589256497	410986542469987
410986558897955	410986605923997	410986559227487
410986575647955	410986622588423	410986582665299
410986609731862	410986639251653	410986610217487
410986609939153	410986655915559	410986610222799
410986626611028	410986672577590	410986627008997
410986643239987	410986689242434	410986643634362
410986659953060	410986705907747	410986660326862
410986676617122	410986722574726	410986676992903
410986693288580	410986739241757	410986693662747
410986709966966	410986755908320	410986719732278
410986744285716	410986772576340	410986744818372
410986744528893	410986789240090	410986744822955
410986761159518	410986805904622	410986761544153
410986777795612	410986822570299	410986778191080
410986794495143	410986839236496	410986794881966
410986811160299	410986855901028	410986811587799
410986827857434	410986872567539	410986828239518
410986844538424	410986889232799	410986854931705
410986879024987	410986905897174	410986879545768
410986879153112	410986922563580	410986879549830
410986895831080	410986939230507	410986896316862
410986912488111	410986955899152	410986912939049
410986929149830	410986972570351	410986929524934
410986945830455	410986989241079	410986946256861
410986962506028	410987005908111	410986962976861
410986979170247	410987022572538	410986990736236
410987014248424	410987039239152	410987014835768
410987014477799	410987055905194	410987014845299
410987031094830	410987072573267	410987031479674
410987047741549	410987089240299	410987048153268
410987064427174	410987105908580	410987064807018
410987081089049	410987122577850	410987081471861
410987097758684	410987139249465	410987098153580
410987114425091	410987155920403	410987124406549
410987148831549	410987172590871	410987149413424
410987149065247	410987189259517	410987149418059
410987165692799	410987205929205	410987166087486
410987182332799	410987222598059	410987182813111
410987199032747	410987239267798	410987199484049
410987215694674	410987255937747	410987216076966
410987232367799	410987272607746	410987232794986
410987248999830	410987289276496	410987249426809
410987265687174	410987305945143	410987272826549
410987299866341	410987322613476	410987300366236
410987300077591	410987339279309	410987300370924
410987316739986	410987355946445	410987317291393
410987333380143	410987372614360	410987333762434
410987350086184	410987389282277	410987350491705
410987366755768	410987405947434	410987367162330
410987383427122	410987422613475	410987383801497
410987400098580	410987439280975	410987407451393
410987432401184	410987455951756	410987432934674
410987433372486	410987472620715	410987433738424
410987450023372	410987489287017	410987450439309
410987466721653	410987505955195	410987467098424
410987483446184	410987522623371	410987483809465
410987500138736	410987539291392	410987500508424
410987516778684	410987555957746	410987517158111
410987533467955	410987572623840	410987537083268
410987567352174	410987589289048	410987567855715
410987567587486	410987605956340	410987567914049
410987584312017	410987622622069	410987584682486
410987600961080	410987639289100	410987601493267
410987617604517	410987655956340	410987617977174
410987634299361	410987672623788	410987634673580
410987650974674	410987689288684	410987651343997
410987667661549	410987705955871	410987683594622
410987684369778	410987722621131	410987684707174
410987718249830	410987739285246	410987718949361
410987718669622	410987755951808	410987718954309
410987735398736	410987772617694	410987735769674
410987751950767	410987789283788	410987752349153
410987768607642	410987805949465	410987768981549
410987785328997	410987822612589	410987785684517
410987802006809	410987839280298	410987802374830
410987818678736	410987855946496	410987825317642
410987855236184	410987872611756	410987855550455
410987855582955	410987889275819	410987855748267
410987872265142	410987905939985	410987872719778
410987888927330	410987922605507	410987889326705
410987905587799	410987939267798	410987905983892
410987922301236	410987955930194	410987922742017
410987938999309	410987972593059	410987939410299
410987955595924	410987989257954	410987964510767
410987990347642	410988022587694	410987990689205
410987990768997	410988039251652	410987990891184
410988008637955	410988055917225	410988009546653
410988025157174	410988072583944	410988026064986
410988042059309	410988089250454	410988042728111
410988058675871	410988105913476	410988059453267
410988075061236	410988122576548	410988075915299
410988091991080	410988139241132	410988101420455
410988124504830	410988155902902	410988124641028
410988125830871	410988172567329	410988126807955
410988141612903	410988189234100	410988142204049
410988158259465	410988205899933	410988158859934
410988174922642	410988222566287	410988175393424
410988191648736	410988239232277	410988192484674
410988208477955	410988255899204	410988209259674
410988225181548	410988272566444	410988232808267
410988259624048	410988289236027	410988260129986
410988259894361	410988305901548	410988260132955
410988276444309	410988322569569	410988276879153
410988293134361	410988339238527	410988293571548
410988309843267	410988355906183	410988310372590
410988326493684	410988372575506	410988326866809
410988343147955	410988389241600	410988343531809
410988359809830	410988405907017	410988360184153
410988376486548	410988422572641	410988380742642
410988406485715	410988439238996	410988406829153
410988409780455	9223372036854775807	410988410264361

POLL t=87.9 tick=1809
16666666
410997453053368	410997489832482	410997453658732
410997469775139	410997506500816	410997470302951
410997486428212	410997523167795	410997486805399
410997503091545	410997539831545	410997520975295
410997519774045	410997556497534	410997521044201
410997557711076	410997589830242	410997558136857
410997557913107	410997606498263	410997558152951
410997575909670	410997623164513	410997576943420
410997591940764	410997639832534	410997593020295
410997608388576	410997656501023	410997609433889
410997625878264	410997673166545	410997626902639
410997642157795	410997689834253	410997642947482
410997659041232	410997706502795	410997659864514
410997675795920	410997723169878	410997682651545
410997711495399	410997739837013	410997711945139
410997711694201	410997756507066	410997711953420
410997728361962	410997773175868	410997728751857
410997744968055	410997789843888	410997745448732
410997761621805	410997806512794	410997762050764
410997778313107	410997823183055	410997778701024
410997794990555	410997839850867	410997795424514
410997811636545	410997856516492	410997820815555
410997846927014	410997873185763	410997847482326
410997847206076	410997889853107	410997847486076
410997863821076	410997906522742	410997864214982
410997880491389	410997923192690	410997880873055
410997897206961	410997939859044	410997897572274
410997913874982	410997956527534	410997914243107
410997930493420	410997973196232	410997930908264
410997947208055	410997989864253	410997949606701
410997982094826	410998006530711	410997982457743
410997982262326	410998023198992	410997982469514
410997998963264	410998039867117	410997999401232
410998015595086	410998056535294	410998015983107
410998032294670	410998073203055	410998032673368
410998048968680	410998089870867	410998049358368
410998065638368	410998106540815	410998066018993
410998082327013	410998123210711	410998087437482
410998118093888	410998139881179	410998118707013
410998118407326	410998156548836	410998118727170
410998135032482	410998173216596	410998135551857
410998151692795	410998189885346	410998152243732
410998168396388	410998206554305	410998168954461
410998185040399	410998223226024	410998185409982
410998201708732	410998239895659	410998202091232
410998218328420	410998256562638	410998233857118
410998235054774	410998273230294	410998235414357
410998271644982	410998289897378	410998272216701
410998271974930	410998306565242	410998272222586
410998288562170	410998323233576	410998289005451
410998305201805	410998339903055	410998305644045
410998321888107	410998356572065	410998322439461
410998338540295	410998373240138	410998338908055
410998355207586	410998389906857	410998355582743
410998371890086	410998406575503	410998386622326
410998388601336	410998423246752	410998389042170
410998425495607	410998456584878	410998425867586
410998425695138	410998473253211	410998425873420
410998442445763	410998489921752	410998443645920
410998459010295	410998506592690	410998459611232
410998475880711	410998523263263	410998476956493
410998492396076	410998539931440	410998493082117
410998509128888	410998556600763	410998509930920
410998525745086	410998573270294	410998535558992
410998562000138	410998589936023	410998562527430
410998562333992	410998606603576	410998562533263
410998578924149	410998623272065	410998579317951
410998595567899	410998639941804	410998595957013
410998612272951	410998656610190	410998612649774
410998628923680	410998673279357	410998629358211
410998645581545	410998689949305	410998645961701
410998662264774	410998706616492	410998665393680
410998698088836	410998723286335	410998698895086
410998698459617	410998739956908	410998698899930
410998715042117	410998756624513	410998715489513
410998731687169	410998773292742	410998732136701
410998748473732	410998789961231	410998749013419
410998765073576	410998806628575	410998765448263
410998781863055	410998823298627	410998782241492
410998798484201	410998839968627	410998798896544
410998815152169	410998856640398	410998817546805
410998851145138	410998873310815	410998851649617
410998851457169	410998889979357	410998851656076
410998868128576	410998906647482	410998868508055
410998884787169	410998923316700	410998885188680
410998901455294	410998939985502	410998901828732
410998918169669	410998956655033	410998918546232
410998934832013	410998973326388	410998935195086
410998951496857	410998989997117	410998955932169
410998988751701	410999006669877	410998988958836
410998989192326	410999023340971	410998989373992
410999005863524	410999040012585	410999006301076
410999022513888	410999056683315	410999022911024
410999039213263	410999073356387	410999039628576
410999055859826	410999090027846	410999056306388
410999072546701	410999106698836	410999072914826
410999089193992	410999123370138	410999102519461
410999126911180	410999156712742	410999127208211
410999127277326	410999173382377	410999127400607
410999143903107	410999190052846	410999144138367
410999160538576	410999206723888	410999160942638
410999177232273	410999223393679	410999177607013
410999193909930	410999240061023	410999194292169
410999210582117	410999256729513	410999210955451
410999227237482	410999273396179	410999237710294
410999263756701	410999290067846	410999264232430
410999264344513	410999306741336	410999264467326
410999280722586	410999323414616	410999281121492
410999297401544	410999340086180	410999297782638
410999314080763	410999356756335	410999314456544
410999330759930	410999373425137	410999331126961
410999347417482	410999390094200	410999347823992
410999364162117	410999406763419	410999365307794
410999400413263	410999423431960	410999401195294
410999400792430	410999440103523	410999401199825
410999417309669	410999456775346	410999417736232
410999433950398	410999473444460	410999434411232
410999450662325	410999490114825	410999451116180
410999467333992	410999506786127	410999467777950
410999483992638	410999523456856	410999484358575
410999500660607	410999540128888	410999508960763
410999535610398	410999556802064	410999536093680
410999535847794	410999573472950	410999536099461
410999552487794	410999590143210	410999552873575
410999569193263	410999606817117	410999569606961
410999585844773	410999623487898	410999586211492
410999602572950	9223372036854775807	410999602937325

POLL t=99.2 tick=1878
16666666
411008695445864	411008741934769	411008695820239
411008712121228	411008758603103	411008721324666
411008747585291	411008775274509	411008748082322
411008747775603	411008791945186	411008748086228
411008764423728	411008808612946	411008764846801
411008781074041	411008825280655	411008781464770
411008797748572	411008841947530	411008798135082
411008814447478	411008858612009	411008814876541
411008831111645	411008875276019	411008831492166
411008847802634	411008891939561	411008851938884
411008883787114	411008908604248	411008884536853
411008884165759	411008925268779	411008884542114
411008900657634	411008941934197	411008901089822
411008917335134	411008958601332	411008917785603
411008934072426	411008975268572	411008934504509
411008950732478	411008991935291	411008951105291
411008967411072	411009008600707	411008967823416
411008984126176	411009025267738	411008994137478
411009019628520	411009041931800	411009020163676
411009019819978	411009058598832	411009020168884
411009036488103	411009075261696	411009036898988
411009053119353	411009091927009	411009053525447
411009069838728	411009108591748	411009070382738
411009086480759	411009125256228	411009086867634
411009103188416	411009141919873	411009103561645
411009119813572	411009158583259	411009130924145
411009156501697	411009175245186	411009156996332
411009156717791	411009191908415	411009157002947
411009173374301	411009208574821	411009173754197
411009190043572	411009225241280	411009190449040
411009206744926	411009241904925	411009207107426
411009223410134	411009258568571	411009223788520
411009240089978	411009275233884	411009240456176
411009256733728	411009291899092	411009263714770
411009293939978	411009325229560	411009294328988
411009294064457	411009341892009	411009294333103
411009310757270	411009358554509	411009311698520
411009327414197	411009375217842	411009328268676
411009344598520	411009391881176	411009345382009
411009360747426	411009408547113	411009361395863
411009377756384	411009425211384	411009378537322
411009394305082	411009441873467	411009395122738
411009411240915	411009458538154	411009412328207
411009446244301	411009475203207	411009446789770
411009446394509	411009491872113	411009446798520
411009463073884	411009508542790	411009463639197
411009479710290	411009525211280	411009480106228
411009496426957	411009541880394	411009496801645
411009513127634	411009558546019	411009513501384
411009529773884	411009575211956	411009530195290
411009546437478	411009591877895	411009557862270
411009563111801	411009608545863	411009563575863
411009598718988	411009625215446	411009599225603
411009598932582	411009641885237	411009599231072
411009615576853	411009658553832	411009615965915
411009632243988	411009675220342	411009632697009
411009648866072	411009691885185	411009649320603
411009665619457	411009708550029	411009665995082
411009682331176	411009725215029	411009682703103
411009698928103	411009741877165	411009712805290
411009734603728	411009758540915	411009735093259
411009734841072	411009775204873	411009735097947
411009751496697	411009791869456	411009751932113
411009768164457	411009808537426	411009768576853
411009784856697	411009825204404	411009785227790
411009801524457	411009841869665	411009801948572
411009818185759	411009858534300	411009818560551
411009834858884	411009875200133	411009840033728
411009870706540	411009891869717	411009871230082
411009870915603	411009908535186	411009871240290
411009887591853	411009925202373	411009888185030
411009904250446	411009941869821	411009904695238
411009920971853	411009958537112	411009921465134
411009937611176	411009975204040	411009937971384
411009954283884	411009991872008	411009954668519
411009970945446	411010008538988	411009984112582
411010008318988	411010025205862	411010008684457
411010008617113	411010041873623	411010008744144
411010025373103	411010058538623	411010025764301
411010042018363	411010075204561	411010042338884
411010058589457	411010091868311	411010058964353
411010075487113	411010108535186	411010075858415
411010091973363	411010125204144	411010092335551
411010108725551	411010141871384	411010111003103
411010144931332	411010175200238	411010145370394
411010145256228	411010191864821	411010145376071
411010161915551	411010208529821	411010162171696
411010178536696	411010225196331	411010178791696
411010195182321	411010241864091	411010195567634
411010211956696	411010258532685	411010212158103
411010228600082	411010275200707	411010228888207
411010245239613	411010291867321	411010256693259
411010261953728	411010308533728	411010262685082
411010297652009	411010325200029	411010298457634
411010297943415	411010341866487	411010298464040
411010314630707	411010358533571	411010315149665
411010331240134	411010375200550	411010331649821
411010347905134	411010391869144	411010348325603
411010364610915	411010408537478	411010364980759
411010381273207	411010425203935	411010381651019
411010397932009	411010441871592	411010410008728
411010414645915	411010458539978	411010415117478
411010452450603	411010475208727	411010453128571
411010453225863	411010491879821	411010453413103
411010469613728	411010508549195	411010470078207
411010486312165	411010525217217	411010486719040
411010502978259	411010541885238	411010503347321
411010519648727	411010558554144	411010520049352
411010536290394	411010575225706	411010536670134
411010552976800	411010591895915	411010560283415
411010588695446	411010608565342	411010589154509
411010588952477	411010625233831	411010589162113
411010605656540	411010641899768	411010606162165
411010622236957	411010658569665	411010622629665
411010638965394	411010675236696	411010639441227
411010655651852	411010691904299	411010656073363
411010672321332	411010708572009	411010672700238
411010688970134	411010725240082	411010702018675
411010705692946	411010741906643	411010706034040
411010754427946	411010775246852	411010754939665
411010754725915	411010791916175	411010754945290
411010771358988	411010808584664	411010771778884
411010787965602	411010825253050	411010788407113
411010804741384	411010841921331	411010805181800
411010821345915	411010858588883	411010821729821
411010838013102	411010875256487	411010838424977
411010854744040	9223372036854775807	411010855260446

POLL t=110.4 tick=1946
16666666
411019864384922	411019909236901	411019864770599
411019881057578	411019925903463	411019889906328
411019917077578	411019942571015	411019917563516
411019917314193	411019959236900	411019917569141
411019933963880	411019975902734	411019934375130
411019950606849	411019992567473	411019951048984
411019967311068	411020009234244	411019967722266
411019983991380	411020025900495	411019984358880
411020000657109	411020042565806	411020001037005
411020017319349	411020059231692	411020028384297
411020053475859	411020075897786	411020054106536
411020053735599	411020092562890	411020054116068
411020070387786	411020109228724	411020070837109
411020087046849	411020125899036	411020087453880
411020103741224	411020142570077	411020104117630
411020120410599	411020159237526	411020120781224
411020137078568	411020175902317	411020137445286
411020153744974	411020192570129	411020162864974
411020191592422	411020209237161	411020191933880
411020191848984	411020225903099	411020191938984
411020208510443	411020242566744	411020208880234
411020225146068	411020259231952	411020225585286
411020241792786	411020275897682	411020242246172
411020258478984	411020292564140	411020258858568
411020275180911	411020309228775	411020275603568
411020291874349	411020325891952	411020292220234
411020308530911	411020342559452	411020311716484
411020345913255	411020375890494	411020346199036
411020346150390	411020392556015	411020346224349
411020362823984	411020409221327	411020363141536
411020379412786	411020425888931	411020379817630
411020396133411	411020442557005	411020396634609
411020412803828	411020459223775	411020413101692
411020429457474	411020475889401	411020429829609
411020446121849	411020492554348	411020446500547
411020462801640	411020509219087	411020463175911
411020479430911	411020525881015	411020489636692
411020516426849	411020542543515	411020516897474
411020516628984	411020559208515	411020516902578
411020533279609	411020575870962	411020533666536
411020549951172	411020592533723	411020550346797
411020566655703	411020609196276	411020567093984
411020583337422	411020625860129	411020583763724
411020599961849	411020642526223	411020600337265
411020616658672	411020659191067	411020623096067
411020652808255	411020675852889	411020653297474
411020653051797	411020692514348	411020653304349
411020669716067	411020709176275	411020670178567
411020686363359	411020725836223	411020686817630
411020703006536	411020742499036	411020703445286
411020719743099	411020759163671	411020720264661
411020736403828	411020775828359	411020736779922
411020753071640	411020792493098	411020753436692
411020769757630	411020809157213	411020775372161
411020806982942	411020825821952	411020807325442
411020807295911	411020842484505	411020807420599
411020823937161	411020859147785	411020824465911
411020840549817	411020875813307	411020840997317
411020857192630	411020892480182	411020857634296
411020873917942	411020909143983	411020874420234
411020890559609	411020925809921	411020890997578
411020907257005	411020942473150	411020907643203
411020923914817	411020959140858	411020932668203
411020961511224	411020992471380	411020961880130
411020961875078	411021009137681	411020961997786
411020978416484	411021025801536	411020979028046
411020995041067	411021042466536	411020995505755
411021011717317	411021059131432	411021012324140
411021028428880	411021075795233	411021029033411
411021045089453	411021092458983	411021045726536
411021061765911	411021109125130	411021062363255
411021078674453	411021125791379	411021080951380
411021115241067	411021142456743	411021115836380
411021115429296	411021159121118	411021115840546
411021132109192	411021175785755	411021132547630
411021148764765	411021192451171	411021149202161
411021165500078	411021209115858	411021165937630
411021182172473	411021225781483	411021182542421
411021198808203	411021242448254	411021199234296
411021215499348	411021259114608	411021215872786
411021232218567	411021275781536	411021235608255
411021267090755	411021292447473	411021267542317
411021267258880	411021309116119	411021267546380
411021284025286	411021325785234	411021284379765
411021300661796	411021342453984	411021301083984
411021317344505	411021359124400	411021317725598
411021334024817	411021375793827	411021334413046
411021350660286	411021392461067	411021351039348
411021367386380	411021409127369	411021373840130
411021404784296	411021425791640	411021405307109
411021405072005	411021442457212	411021405320234
411021421792473	411021459123046	411021422304505
411021438432942	411021475788410	411021438817005
411021455122317	411021492454816	411021455543567
411021471753984	411021509122316	411021472129765
411021488441171	411021525789295	411021488813515
411021505121015	411021542456640	411021519974661
411021521837786	411021559123983	411021522179505
411021560680130	411021592457994	411021560860077
411021561330598	411021609120911	411021561711484
411021578499921	411021625784713	411021579504973
411021594887161	411021642449608	411021595804765
411021611905286	411021659114973	411021612684140
411021628510911	411021675780025	411021629304661
411021645107265	411021692447472	411021645890702
411021661960442	411021709114296	411021675628984
411021678764348	411021725779661	411021679794036
411021716202265	411021742445911	411021716631848
411021716388098	411021759112004	411021716634817
411021733083723	411021775776171	411021733469661
411021749731379	411021792440389	411021750119452
411021766454036	411021809106014	411021766822577
411021783124348	411021825769556	411021783492317
411021799766848	411021842432004	411021800143359
411021816492629	411021859096900	411021822881692
411021853235077	411021875763358	411021853702161
411021853486223	411021892431535	411021853707786
411021870137942	411021909097524	411021870549973
411021886776015	411021925765129	411021887182265
411021903437265	411021942432733	411021903890442
411021920222317	411021959100181	411021920606484
411021936859504	411021975766848	411021937279973
411021953527473	411021992431848	411021953902109
411021970222629	411022009098983	411021972507317
411022003122629	411022025767108	411022003574504
411022003525598	411022042431327	411022003647629
411022020275390	9223372036854775807	411022020695129

POLL t=121.5 tick=2047
16666666
411031059073355	411031093118927	411031059519918
411031075720907	411031109789344	411031076172157
411031092449188	411031126457729	411031092966376
411031109099761	411031143129813	411031109474345
411031125756532	411031159800855	411031126182001
411031142403095	411031176472001	411031158027313
411031159109032	411031193142313	411031159475907
411031195958355	411031226483927	411031196797938
411031196328720	411031243153875	411031196803668
411031212903668	411031259827000	411031213159032
411031229625282	411031276499552	411031229952313
411031246249918	411031293172209	411031246634761
411031262972470	411031309845490	411031263173720
411031279638720	411031326520854	411031279850230
411031296310907	411031343194396	411031307194813
411031312986376	411031359866896	411031313548251
411031348064761	411031376540594	411031348547626
411031348263095	411031393215073	411031348553876
411031364957782	411031409887313	411031365486845
411031381572157	411031426560959	411031381970751
411031398288407	411031443234188	411031398728667
411031414951688	411031459908355	411031415349449
411031431619188	411031476580646	411031432023980
411031448238251	411031493251792	411031448623199
411031464959813	411031509924969	411031466316688
411031500319969	411031526597417	411031500876063
411031500683563	411031543267782	411031500882782
411031517269032	411031559937417	411031517687105
411031533915126	411031576607782	411031534392313
411031550605751	411031593276427	411031550978355
411031567296219	411031609944761	411031567671063
411031583966219	411031626613303	411031584340751
411031600642469	411031643284709	411031607946792
411031632192417	411031659955021	411031632674449
411031633890230	411031676623354	411031634211324
411031650602313	411031693291219	411031651025282
411031667252157	411031709961323	411031667697469
411031683962938	411031726628250	411031684415751
411031700625907	411031743295334	411031701002626
411031717308407	411031759964135	411031717679501
411031733967313	411031776633719	411031747826063
411031750659449	411031793302677	411031751015126
411031786019657	411031809971427	411031786543667
411031786205282	411031826642209	411031786551688
411031802907157	411031843313927	411031803286949
411031819568667	411031859984136	411031820157938
411031836206792	411031876652677	411031836725230
411031852901219	411031893320386	411031853415594
411031869546688	411031909986532	411031869922105
411031886208407	411031926651479	411031886584917
411031902941376	411031943319500	411031909965126
411031938843198	411031959988459	411031939366532
411031939074605	411031976659084	411031939377417
411031955811219	411031993327156	411031956236011
411031972369501	411032009997000	411031972780282
411031989049813	411032026664760	411031989430698
411032005722261	411032043332781	411032006116376
411032022390126	411032060000438	411032022769969
411032039084344	411032076665802	411032043150698
411032075472001	411032093333094	411032075866636
411032075746219	411032109999292	411032075882105
411032092365907	411032126665906	411032092802417
411032109041167	411032143333979	411032109486844
411032125677417	411032160001948	411032126059292
411032142420907	411032176670959	411032142792157
411032159094917	411032193340906	411032159469344
411032175751636	411032210010958	411032185373875
411032212420698	411032243346531	411032212745907
411032212646219	411032260014812	411032212752157
411032229270698	411032276683198	411032230033875
411032245956688	411032293353197	411032246425386
411032262655907	411032310023355	411032263340282
411032279338250	411032326691896	411032279974761
411032295970750	411032343363406	411032296664136
411032312832157	411032360038406	411032321443719
411032348694032	411032376712104	411032349193719
411032348904917	411032393384761	411032349198407
411032365589761	411032410056635	411032366007469
411032382218719	411032426728198	411032382609344
411032398920282	411032443399083	411032399305750
411032415624917	411032460070698	411032415996011
411032432318563	411032476743927	411032449659657
411032448973980	411032493413146	411032449663407
411032484986948	411032510083719	411032485362886
411032485175907	411032526753770	411032485387730
411032501956844	411032543422572	411032502473980
411032518551532	411032560090176	411032518945230
411032535254344	411032576758041	411032535658563
411032551967730	411032593426375	411032552372730
411032568606219	411032610096270	411032569003719
411032585294500	411032626763770	411032585664344
411032601913875	411032643431896	411032614344969
411032636862886	411032660098406	411032637328094
411032637124344	411032676766531	411032637334500
411032653843094	411032693435125	411032654231688
411032670501844	411032710101115	411032670893250
411032687168563	411032726765437	411032687541219
411032703856063	411032743430906	411032704229136
411032720530229	411032760100593	411032739289761
411032737286844	411032776770072	411032739335073
411032772802938	411032793436844	411032773171167
411032772989604	411032810102261	411032773187000
411032789838250	411032826768562	411032790353979
411032806410594	411032843437156	411032806787469
411032823073563	411032860104604	411032823450594
411032839747469	411032876770125	411032840121167
411032856424500	411032893437520	411032856791063
411032873115594	411032910107260	411032881293406
411032906859656	411032926778510	411032907339656
411032907136688	411032943449031	411032907347625
411032923776792	411032960119760	411032924177156
411032940416219	411032976787989	411032940793979
411032957104188	411032993456479	411032957496323
411032973760125	411033010125958	411032974142625
411032990480125	411033026798197	411033008250594
411033007187781	411033043471791	411033008291219
411033043734188	411033060141427	411033044020750
411033044089136	411033076809239	411033044085906
411033060606323	411033093481739	411033061046323
411033077291375	411033110151843	411033077674292
411033093974344	411033126822521	411033094340125
411033110612417	411033143496688	411033110985750
411033127268094	411033160170021	411033127641844
411033143968094	411033176841479	411033150248979
411033179202313	411033210187000	411033179598406
411033179503667	411033226857676	411033179607469
411033196104969	9223372036854775807	411033196662104

POLL t=133.2 tick=2119
16666666
411042752084288	411042780429496	411042752556840
411042752315851	411042797098402	411042752562621
411042768979184	411042813768350	411042769429288
411042785605278	411042830439340	411042786025903
411042802291215	411042847110850	411042802706840
411042818988351	411042863780746	411042819378507
411042835650434	411042880451058	411042836075590
411042852317726	411042897123350	411042856770746
411042887014340	411042913794444	411042887673559
411042887189913	411042930463141	411042887677101
411042903828090	411042947134704	411042904264913
411042920519340	411042963805277	411042920965903
411042937218559	411042980476319	411042937594809
411042953898246	411042997146788	411042954289913
411042970563871	411043013817621	411042970928715
411042987243715	411043030490486	411042995265434
411043023320226	411043047163090	411043023800382
411043023546059	411043063830537	411043023807101
411043040200226	411043080500120	411043040613194
411043056840069	411043097168871	411043057363559
411043073498090	411043113836318	411043073961215
411043090182100	411043130504444	411043090568663
411043106849340	411043147173141	411043107273663
411043123525278	411043163841527	411043127208663
411043158200278	411043180509704	411043158687882
411043158334653	411043197180694	411043158693350
411043174984913	411043213853663	411043175467153
411043191662257	411043230526423	411043192169392
411043208377153	411043247198662	411043208806059
411043225013715	411043263869756	411043225399184
411043241681059	411043280540798	411043242072778
411043258446007	411043297211996	411043263809340
411043293812725	411043313882985	411043294642309
411043294261059	411043330554183	411043294648246
411043310690590	411043347221996	411043311104809
411043327361632	411043363890485	411043327811371
411043343994652	411043380561735	411043344474027
411043360696215	411043397232569	411043361184184
411043377400277	411043413902934	411043377778819
411043394054027	411043430577464	411043408143402
411043410733819	411043447253871	411043411237152
411043446673038	411043463929704	411043447028819
411043446911840	411043480603454	411043447034444
411043463549340	411043497275902	411043464126215
411043480225902	411043513948663	411043481309027
411043496860902	411043530619288	411043497336371
411043513596319	411043547291214	411043514296267
411043530252569	411043563961579	411043530733194
411043546867257	411043580632881	411043561932621
411043563589809	411043597306162	411043563951371
411043600351684	411043630654600	411043600716632
411043600549809	411043647329444	411043600783402
411043617273715	411043664003350	411043617634184
411043633838715	411043680675538	411043634077152
411043650487569	411043697348819	411043650918507
411043667179757	411043714020589	411043667393090
411043683922309	411043730693246	411043684131996
411043700569496	411043747366527	411043715808194
411043717215746	411043764040173	411043717901475
411043751313715	411043780712673	411043751842777
411043751481527	411043797385642	411043751860121
411043768158246	411043814054756	411043768566840
411043784786996	411043830723194	411043785184756
411043801514809	411043847392360	411043801892309
411043818185434	411043864061840	411043818558194
411043834842152	411043880731683	411043835220121
411043851523663	411043897403610	411043854162777
411043886747934	411043914073610	411043887479340
411043887083975	411043930744183	411043887487777
411043903699288	411043947411891	411043904238350
411043920330121	411043964082308	411043920772621
411043936975381	411043980753870	411043937458871
411043953711996	411043997423454	411043954253715
411043970363090	411044014093089	411043970737777
411043987030590	411044030763141	411044001941996
411044003706371	411044047434443	411044004046319
411044036473715	411044064108194	411044036836840
411044037005433	411044080782725	411044037092933
411044053774496	411044097455329	411044054240277
411044070401058	411044114128766	411044070789808
411044087112933	411044130798297	411044087505069
411044103804288	411044147465381	411044104187308
411044120464027	411044164134495	411044139915590
411044137167465	411044180805745	411044139967256
411044173110433	411044197472255	411044173786319
411044173571840	411044214141110	411044173790277
411044190136840	411044230811787	411044190581996
411044206814288	411044247480953	411044207205225
411044223505538	411044264155328	411044223880381
411044240282308	411044280829079	411044240595590
411044256881058	411044297500224	411044257246996
411044273554600	411044314171631	411044277544340
411044309227621	411044330840277	411044309780694
411044309526058	411044347511735	411044309784965
411044326229913	411044364181839	411044326666996
411044342894288	411044380852255	411044343298558
411044359575069	411044397526527	411044359997933
411044376302256	411044414198818	411044376673037
411044392916840	411044430872464	411044393291371
411044409594027	411044447545902	411044424966840
411044426286944	411044464218246	411044426621787
411044461125590	411044480888922	411044461644444
411044461445746	411044497559339	411044461649756
411044478182465	411044514232204	411044478714965
411044494739131	411044530905381	411044495174027
411044511353350	411044547579912	411044511732152
411044528154965	411044564255277	411044528527412
411044544721162	411044580930849	411044545109183
411044561398871	411044597607255	411044574520694
411044578138662	411044614283193	411044578486371
411044614042933	411044630956579	411044614635277
411044614289808	411044647630121	411044614640121
411044630945433	411044664304391	411044631399652
411044647604808	411044680978714	411044648065069
411044664332933	411044697652412	411044664811527
411044680961058	411044714327412	411044681324496
411044697641162	411044731002984	411044698009339
411044714279652	411044747673557	411044730256839
411044730996527	411044764344027	411044731353871
411044767484027	411044797689078	411044767850121
411044767694339	411044814363141	411044767902256
411044784342777	411044831040328	411044784835589
411044800994652	411044847717673	411044801405121
411044817666996	411044864393558	411044818048246
411044834328819	411044881070068	411044834717725
411044851075694	411044897745016	411044851292152
411044867651214	411044914419495	411044873537308

POLL t=144.4 tick=2190
16666666
411053884566055	411053916152252	411053884939596
411053884766680	411053932823502	411053884960117
411053902055065	411053949495325	411053903218867
411053918048555	411053966166314	411053919028555
411053934907773	411053982837408	411053935721940
411053951850534	411053999510585	411053952729961
411053968668711	411054016181992	411053969483086
411053985501159	411054032853762	411053991674440
411054022832773	411054049526887	411054023259492
411054023002096	411054066198398	411054023265430
411054039670378	411054082870742	411054040302409
411054056325273	411054099542825	411054056708346
411054073058867	411054116214075	411054073492461
411054089714128	411054132886315	411054090152617
411054106377096	411054149556419	411054106776992
411054123049128	411054166224908	411054133128815
411054160276836	411054182893606	411054160755430
411054160493503	411054199564961	411054160761211
411054177176367	411054216235637	411054177545430
411054193805898	411054232905325	411054194183242
411054210494492	411054249574023	411054210859805
411054227172461	411054266244179	411054227555377
411054243870534	411054282915221	411054244221315
411054260536680	411054299585637	411054262520117
411054297296992	411054316255481	411054297624023
411054297547617	411054332925325	411054297635273
411054314202617	411054349596367	411054314763971
411054330818502	411054366267773	411054331200117
411054347558242	411054382938971	411054347980742
411054364175117	411054399609961	411054364572721
411054380881159	411054416282877	411054381255065
411054397541055	411054432955949	411054407647929
411054435540429	411054466308919	411054436031679
411054435808346	411054482985533	411054436036159
411054452437148	411054499660689	411054453600742
411054469074179	411054516335012	411054469309179
411054485788554	411054533008242	411054486376940
411054502445377	411054549681523	411054503020429
411054519109023	411054566354284	411054519634752
411054535787721	411054583029543	411054541313398
411054572358815	411054599703866	411054572899492
411054572559492	411054616378449	411054572903190
411054589205898	411054633052512	411054589599179
411054605869596	411054649723450	411054606309961
411054622584179	411054666393189	411054622981471
411054639251159	411054683063189	411054639631159
411054655915117	411054699733918	411054656280534
411054672583346	411054716406783	411054678727148
411054708859179	411054733076054	411054709215117
411054709055898	411054749743971	411054709225742
411054725731211	411054766412981	411054726188346
411054742420065	411054783083033	411054742972461
411054759103867	411054799749543	411054759641159
411054775741992	411054816419544	411054776131002
411054792463398	411054833091106	411054792845586
411054809129492	411054849763710	411054816938086
411054846366679	411054866433241	411054846998867
411054846699648	411054883100794	411054847006367
411054863303554	411054899771002	411054863684179
411054879964752	411054916439700	411054880477565
411054896586523	411054933110429	411054897039127
411054913291211	411054949779960	411054913823554
411054929931783	411054966447981	411054930334492
411054946604804	411054983114179	411054960571158
411054963331679	411054999782408	411054963763867
411055001149127	411055033123711	411055001576836
411055001476002	411055049797356	411055001578033
411055018542304	411055066470428	411055019596002
411055035058398	411055083142356	411055036074492
411055051927148	411055099816002	411055052906783
411055069020065	411055116490533	411055069822304
411055085557721	411055133162721	411055086373033
411055102360117	411055149834960	411055111154960
411055139611992	411055166507460	411055140083085
411055139835065	411055183181366	411055140088033
411055156474596	411055199854335	411055156901940
411055173123502	411055216528294	411055173516679
411055189785273	411055233199804	411055190178398
411055206472304	411055249873606	411055206906992
411055223169440	411055266546679	411055223554908
411055239875429	411055283218814	411055244127929
411055285325533	411055316560533	411055285823242
411055285503815	411055333234126	411055285833398
411055302480117	411055349909751	411055303400429
411055318882460	411055366583554	411055319765742
411055335702773	411055383257251	411055336512877
411055352471315	411055399931210	411055353316210
411055369181679	411055416603658	411055369973971
411055386110898	411055433275689	411055388249752
411055423765690	411055449951106	411055424427617
411055424470742	411055466628137	411055424428658
411055440771210	411055483302772	411055441175117
411055457464335	411055499975481	411055457882460
411055474101054	411055516651471	411055474484335
411055490793867	411055533324700	411055491163815
411055507485533	411055549994804	411055507866314
411055524239179	411055566667356	411055534582148
411055560762929	411055583340585	411055561236992
411055561086523	411055600012720	411055561242773
411055577787148	411055616684387	411055578203242
411055594429492	411055633357668	411055594815273
411055611125117	411055650028606	411055611495898
411055627754283	411055666699127	411055628140689
411055644418867	411055683366627	411055644793814
411055661211002	411055700034179	411055662138658
411055697620742	411055716701835	411055698080064
411055698230689	411055733369908	411055698401627
411055714721939	411055750041835	411055715166679
411055731377773	411055766714126	411055731774179
411055748068189	411055783385637	411055748441314
411055764728189	411055800057199	411055765154596
411055781390741	411055816728866	411055781767408
411055798029335	411055833400949	411055800765116
411055835326991	411055866747095	411055835918346
411055835665585	411055883418970	411055835925064
411055852994023	411055900088918	411055854048189
411055868910064	411055916759804	411055869846054
411055885712721	411055933432304	411055886612929
411055902568710	411055950105168	411055903410898
411055919255429	411055966778449	411055920044335
411055935983241	411055983448970	411055945380689
411055973202616	411056000121731	411055973749752
411055973477148	411056016792460	411055973758241
411055990110533	411056033461731	411055990524283
411056006788398	411056050131366	411056007195064
411056023491210	411056066797980	411056023939752
411056040239960	9223372036854775807	411056040726679

POLL t=155.5 tick=2298
16666666
411065023854957	411065068642716	411065024287092
411065040522613	411065085314227	411065051008550
411065076827717	411065101986102	411065077415738
411065077021467	411065118656415	411065077418707
411065093731207	411065135329071	411065094150373
411065110392092	411065152001311	411065110816988
411065127012092	411065168671258	411065127436207
411065143685738	411065185339018	411065144079123
411065160384123	411065202009487	411065171015217
411065196575582	411065218676988	411065197109175
411065196833550	411065235346727	411065197117613
411065213468811	411065252016623	411065213856155
411065230120738	411065268686363	411065230566467
411065246838498	411065285356519	411065247266155
411065263507925	411065302026831	411065263877717
411065280172405	411065318697092	411065280584019
411065296860738	411065335367976	411065298391623
411065333584800	411065352038081	411065334044332
411065334034279	411065368706935	411065334253029
411065350521936	411065385373914	411065351032457
411065367143811	411065402043706	411065367687925
411065383823707	411065418716363	411065384266207
411065400497144	411065435388081	411065400862404
411065417168186	411065452060529	411065417583394
411065433817925	411065468734123	411065447588707
411065450548707	411065485406258	411065450920061
411065491033654	411065518749487	411065491366675
411065491391363	411065535418966	411065491536207
411065507937457	411065552088446	411065508392404
411065524581623	411065568762456	411065525025529
411065541305738	411065585434436	411065541839175
411065557924175	411065602103966	411065558299019
411065574614279	411065618771675	411065574985581
411065591285998	411065635441154	411065597416519
411065627403186	411065652109331	411065627949956
411065627661206	411065668779852	411065627955738
411065644324331	411065685452404	411065644709175
411065660928654	411065702127768	411065661386467
411065677647717	411065718801883	411065678222717
411065694288863	411065735476102	411065694682300
411065710954488	411065752149539	411065711372769
411065727670581	411065768823758	411065731293081
411065763412769	411065785500529	411065763809019
411065763577769	411065802173862	411065763814644
411065780271675	411065818844539	411065780732092
411065796934019	411065835516467	411065797394748
411065813630581	411065852189227	411065814003498
411065830289436	411065868858498	411065830744748
411065846950113	411065885526049	411065862702873
411065863630738	411065902198081	411065864052456
411065896180061	411065918866622	411065896699279
411065897016206	411065935538342	411065897562092
411065913618342	411065952207508	411065914066154
411065930262613	411065968877195	411065930666154
411065946958811	411065985546675	411065947340738
411065963663654	411066002218341	411065964065894
411065980334436	411066018887612	411065996215217
411065997028654	411066035556101	411065997381988
411066032776675	411066052224227	411066033565685
411066033050113	411066068892091	411066033569279
411066049665685	411066085561102	411066050109800
411066066320113	411066102229227	411066066771363
411066083007560	411066118900477	411066083518706
411066099691310	411066135569592	411066100072560
411066116365738	411066152241466	411066116740685
411066132998238	411066168911571	411066135544904
411066168640425	411066185578706	411066169028081
411066168809956	411066202247456	411066169037925
411066185486467	411066218916726	411066185909644
411066202158081	411066235588029	411066202599800
411066218872925	411066252258446	411066219306831
411066235534592	411066268929070	411066235904487
411066252215581	411066285600581	411066252575112
411066268880060	411066302271153	411066269252456
411066305371519	411066335610112	411066305726831
411066305579800	411066352282299	411066305745581
411066322291206	411066368952300	411066322899123
411066339054019	411066385622039	411066339353237
411066355575894	411066402293446	411066355997300
411066372315737	411066418963966	411066372680581
411066388961987	411066435632716	411066389230217
411066405629279	411066452299539	411066405843810
411066422318237	411066468967612	411066423276623
411066469911310	411066502306675	411066470405269
411066470113237	411066518972039	411066470410373
411066488860998	411066535639227	411066489865269
411066504684748	411066552306934	411066505618706
411066521724956	411066568975997	411066522577300
411066538441362	411066585647664	411066539215842
411066555124175	411066602319592	411066555770269
411066571771675	411066618990008	411066573124644
411066607537612	411066635660946	411066608185842
411066607991206	411066652332716	411066608192144
411066624573862	411066669002716	411066624990998
411066641235685	411066685672196	411066641646831
411066657883341	411066702339643	411066658257091
411066674609019	411066719009800	411066674997925
411066691242769	411066735680945	411066703198862
411066707980998	411066752350580	411066708477612
411066743675373	411066769019851	411066744211831
411066743893654	411066785687716	411066744630216
411066760664800	411066802353966	411066761194123
411066777233237	411066819022300	411066777646831
411066793947144	411066835691258	411066794330112
411066810624487	411066852356258	411066811035425
411066827266935	411066869024851	411066827640060
411066843953706	411066885694956	411066851221466
411066879218810	411066902366414	411066879744487
411066879672612	411066919038549	411066879745268
411066896199123	411066935710633	411066896570373
411066912784748	411066952382768	411066913198862
411066929448862	411066969052091	411066929844487
411066946130060	411066985721935	411066946519956
411066962791050	411067002389747	411066973921206
411066997483029	411067019058445	411066997989643
411066997744904	411067035730007	411066997998185
411067014392716	411067052402143	411067014807925
411067031014123	411067069071258	411067031442873
411067047742404	411067085740789	411067048118393
411067064408393	411067102411257	411067064799956
411067081037716	411067119081986	411067096036362
411067097744487	411067135754122	411067098034123
411067131931831	411067152424122	411067132597768
411067132135581	411067169092716	411067132601779
411067148801466	411067185763914	411067149248081
411067165457560	411067202434018	411067165900737
411067182239748	9223372036854775807	411067182782456

POLL t=166.7 tick=2373
16666666
411076170878546	411076203701619	411076171343390
411076187558546	411076220369691	411076187951515
411076204250057	411076237039015	411076204618077
411076220887452	411076253707921	411076234260838
411076237585421	411076270376879	411076237914900
411076276771984	411076303716358	411076277267557
411076277296202	411076320386202	411076277384952
411076293638234	411076337058129	411076294090734
411076310278963	411076353730994	411076310730734
411076326994588	411076370400264	411076327433702
411076343664015	411076387071150	411076344103859
411076360330577	411076403741619	411076360764015
411076377001827	411076420410993	411076386464015
411076413840577	411076437082868	411076414375994
411076414093494	411076453751098	411076414383234
411076430722609	411076470422816	411076431143702
411076447416150	411076487092087	411076447954015
411076464102765	411076503763806	411076464570890
411076480778546	411076520434171	411076481141046
411076497430421	411076537103233	411076513785265
411076514127869	411076553771150	411076514261515
411076551893077	411076570440681	411076552338702
411076552270734	411076587108077	411076552451671
411076568803025	411076603775316	411076569326984
411076585431515	411076620442191	411076585828806
411076602154431	411076637112243	411076602618546
411076618797140	411076653780473	411076619333546
411076635482765	411076670452452	411076635860109
411076652166202	411076687125160	411076655010421
411076690211827	411076720464952	411076690577608
411076690584744	411076737134795	411076690715577
411076707119640	411076753804900	411076707613077
411076723732921	411076770473910	411076724089171
411076740431931	411076787141983	411076740904171
411076757096983	411076803809067	411076757457921
411076773762556	411076820476878	411076774178390
411076790434483	411076837145316	411076798243338
411076827105265	411076853814066	411076827607296
411076827345890	411076870484900	411076827613077
411076843989588	411076887156410	411076844389640
411076860682608	411076903825317	411076861102765
411076877309952	411076920494327	411076877704640
411076894012921	411076937162869	411076894432296
411076910699327	411076953830056	411076920073338
411076947367140	411076970495733	411076947912140
411076947581463	411076987162660	411076947915265
411076964253806	411077003832817	411076964684640
411076980908702	411077020503910	411076981332088
411076997574900	411077037176305	411076997948546
411077014233233	411077053847660	411077014618858
411077030901358	411077070517035	411077038624015
411077068696671	411077087187972	411077069434952
411077068998702	411077103856774	411077069441150
411077085607608	411077120528493	411077085987296
411077102255577	411077137197555	411077102705890
411077118945369	411077153868754	411077119480369
411077135635265	411077170540837	411077136017765
411077152313077	411077187212660	411077169303181
411077169004327	411077203883962	411077169343337
411077207128702	411077237227973	411077207471462
411077207324744	411077253899535	411077207528650
411077224140890	411077270570680	411077224349327
411077240631983	411077287242608	411077241040525
411077257282087	411077303915525	411077257816515
411077274029587	411077320586722	411077274358390
411077290702452	411077337258545	411077291038702
411077307301358	411077353929274	411077318624640
411077344461046	411077370596775	411077344985264
411077344704483	411077387265212	411077344991306
411077361353337	411077403935993	411077361758389
411077377979796	411077420607139	411077378444900
411077394688546	411077437277868	411077395068181
411077411319587	411077453946982	411077411765264
411077428035889	411077470619535	411077435799014
411077464264014	411077487294327	411077464725421
411077464486671	411077503968545	411077464736150
411077481156046	411077520643181	411077481552869
411077497787087	411077537313806	411077498190889
411077514514327	411077553981566	411077514888650
411077531198806	411077570651930	411077531591150
411077547876827	411077587321409	411077557674639
411077585549796	411077603990004	411077585894796
411077585916827	411077620658598	411077586035369
411077602800212	411077637325055	411077603211827
411077619308962	411077653992921	411077619676983
411077635991358	411077670659483	411077636365525
411077652705108	411077687326097	411077653071931
411077669307296	411077703994431	411077680576671
411077706956462	411077737334483	411077707267608
411077707353858	411077754004847	411077707450525
411077723889483	411077770674587	411077724359327
411077740527452	411077787347556	411077740754952
411077757269900	411077804017920	411077757746931
411077773948337	411077820688806	411077774159796
411077790608077	411077837359795	411077790905681
411077807282921	411077854029586	411077823497400
411077823977712	411077870698441	411077824557921
411077861861983	411077887370629	411077862577764
411077862309639	411077904043128	411077862583546
411077878916827	411077920714014	411077879361046
411077895547400	411077937385056	411077895990056
411077912266931	411077954053128	411077912689327
411077928942868	411077970724327	411077929379118
411077945573233	411077987394066	411077945941671
411077962222400	411078004064378	411077980279431
411077978932556	411078020732191	411077980283337
411078016861150	411078037401357	411078017458233
411078017328962	411078054066306	411078017464587
411078033957087	411078070733232	411078034391202
411078050612295	411078087398753	411078051010108
411078067220108	411078104066566	411078067647139
411078083896827	411078120733754	411078084273233
411078100589639	411078137402607	411078115671670
411078117272139	411078154067972	411078117627608
411078155460264	411078187402139	411078155930368
411078155768650	411078204068493	411078155935577
411078172999170	411078220736462	411078173874743
411078189403806	411078237406618	411078190410733
411078206280108	411078254075888	411078207352452
411078223162139	411078270744274	411078224029795
411078239857868	411078287413857	411078240720577
411078256761150	411078304081409	411078259921775
411078293300681	411078320750837	411078293953389
411078293483858	411078337420160	411078293958233
411078310127400	411078354089274	411078310573545
411078326799483	411078370756617	411078327260733
411078343516306	9223372036854775807	411078343908545

POLL t=177.9 tick=2448
16666666
411087385541979	411087405605938	411087386097396
411087385758229	411087422277188	411087386105261
411087402425834	411087438948177	411087402889427
411087419064115	411087455619010	411087419476198
411087435799584	411087472291250	411087436387240
411087452456979	411087488962344	411087452835104
411087469109792	411087505634791	411087486977136
411087485814167	411087522306041	411087486999011
411087523226146	411087555652135	411087523599011
411087523421979	411087572324479	411087523648802
411087541741771	411087588997604	411087542704896
411087557766198	411087605668906	411087558710729
411087574756927	411087622341979	411087575582240
411087591429636	411087639014531	411087592165677
411087608177761	411087655687760	411087622873229
411087624264740	411087672359479	411087625238021
411087658621042	411087689031354	411087658882292
411087658910886	411087705701510	411087659021354
411087675503542	411087722371146	411087675764636
411087692152240	411087739042031	411087692587761
411087708789479	411087755711042	411087709248229
411087725549792	411087772381979	411087726177865
411087742170833	411087789048542	411087742479323
411087758883490	411087805716979	411087766632083
411087795799948	411087822386354	411087796307917
411087795952708	411087839054322	411087796311823
411087812620521	411087855725520	411087813066198
411087829361927	411087872397395	411087829904583
411087846013073	411087889070885	411087846667604
411087862661458	411087905743958	411087863044115
411087879324115	411087922416666	411087879698698
411087895999740	411087939086666	411087899369010
411087932236354	411087955755573	411087932771979
411087932415573	411087972427291	411087932774792
411087949079427	411087989097812	411087949506354
411087965748073	411088005767708	411087966186979
411087982393698	411088022437291	411087982803021
411087999093854	411088039108333	411087999471198
411088015791198	411088055779114	411088025895573
411088051693229	411088072446458	411088052150365
411088051953854	411088089118750	411088052155260
411088068623542	411088105790104	411088069024635
411088085294427	411088122462396	411088085719792
411088101942604	411088139136667	411088102316615
411088118641510	411088155810208	411088119012448
411088135306042	411088172482865	411088150312552
411088151943073	411088189155104	411088152308646
411088190634635	411088222496405	411088191010573
411088190787396	411088239164948	411088191023385
411088207985104	411088255833749	411088208981615
411088224397604	411088272505468	411088225418229
411088241719271	411088289176770	411088242730729
411088258167135	411088305847656	411088259027604
411088274848958	411088322516822	411088275680260
411088292019167	411088339186301	411088292727292
411088327921042	411088355852812	411088328591302
411088328185573	411088372520312	411088328594896
411088344810521	411088389187083	411088345255885
411088361462864	411088405854896	411088361909479
411088378210364	411088422522031	411088378717604
411088394850573	411088439190104	411088395228073
411088411526302	411088455857760	411088426978385
411088428212135	411088472524635	411088428556510
411088464245729	411088489193489	411088464834010
411088464447760	411088505862291	411088464858385
411088481143646	411088522531718	411088481646927
411088497791510	411088539201457	411088498341666
411088514399166	411088555871613	411088514841979
411088531134948	411088572540468	411088531554271
411088547801979	411088589210207	411088548167135
411088564471979	411088605878697	411088569780208
411088600176666	411088622549322	411088600705521
411088600505104	411088639216874	411088600711458
411088617101823	411088655884791	411088617557604
411088633746354	411088672553020	411088634143854
411088650477448	411088689218228	411088650971354
411088667125573	411088705884583	411088667514479
411088683818541	411088722554166	411088701172448
411088700536614	411088739220520	411088701240573
411088733460416	411088755887759	411088733770260
411088733866354	411088772551874	411088733971979
411088750511771	411088789217968	411088750950364
411088767200260	411088805884687	411088767658541
411088783848854	411088822551770	411088784229739
411088800536666	411088839221405	411088800926198
411088817269010	411088855889686	411088828351458
411088854088021	411088872555781	411088854564271
411088854360573	411088889222499	411088854569948
411088871072291	411088905889530	411088871452552
411088887735573	411088922556822	411088888146510
411088904429114	411088939223750	411088904793177
411088921061198	411088955889999	411088921436823
411088937769635	411088972556145	411088946634948
411088975410520	411089005885729	411088975731666
411088975766198	411089022551354	411088975903385
411088992436927	411089039217968	411088992658229
411089009116666	411089055887759	411089009331770
411089025735416	411089072556041	411089025939791
411089042396510	411089089223906	411089042776198
411089059080729	411089105891874	411089070181979
411089096046198	411089122557603	411089096503385
411089096310208	411089139225885	411089096507916
411089112989479	411089155894009	411089113392916
411089129652916	411089172561665	411089130030885
411089146360572	411089189229113	411089146732760
411089163018802	411089205896457	411089163391510
411089179631458	411089222564790	411089190748541
411089214484114	411089239233644	411089214934270
411089214631666	411089255902499	411089214939479
411089231337864	411089272570364	411089231726822
411089247962083	411089289240937	411089248354322
411089264701770	411089305911041	411089265068541
411089281372604	411089322582239	411089281799010
411089298034791	411089339254583	411089305016614
411089334344166	411089355926301	411089334874010
411089334614427	411089372598072	411089334881041
411089351256197	411089389271301	411089351686302
411089367906770	411089405940312	411089368297916
411089384600833	411089422609686	411089384980052
411089401275677	411089439279166	411089401649947
411089417939895	411089455950312	411089433172604
411089434602447	411089472624114	411089434893489
411089468105104	411089489295728	411089468488802
411089468728385	411089505964530	411089468845260
411089485313958	411089522631926	411089485748177
411089501947447	411089539301301	411089502354947
411089518618541	9223372036854775807	411089518981927

POLL t=189.0 tick=2525
16666666
411098552277913	411098573734370	411098552745361
411098552507079	411098590405621	411098552753173
411098569158017	411098607077704	411098569581350
411098585821038	411098623749891	411098586243486
411098602528694	411098640419423	411098602895413
411098619196194	411098657090568	411098619576506
411098635850256	411098673764162	411098646561767
411098669504788	411098690434787	411098669820569
411098669639319	411098707104579	411098669840048
411098686339475	411098723777599	411098686762756
411098703001663	411098740451194	411098703446506
411098719721975	411098757123850	411098720137236
411098736381663	411098773794527	411098736746767
411098753040673	411098790467860	411098765812913
411098769711038	411098807140204	411098770068850
411098805453798	411098823812600	411098806243850
411098805859579	411098840485360	411098806251663
411098822345204	411098857158277	411098822797600
411098839012444	411098873829943	411098839463642
411098855708225	411098890503068	411098856205881
411098872390985	411098907177860	411098872760360
411098889073850	411098923849474	411098889442444
411098905733954	411098940521037	411098909595725
411098940898850	411098957192912	411098941186819
411098941067756	411098973865412	411098941202756
411098957794892	411098990537495	411098958335725
411098974385673	411099007209006	411098974759579
411098991059735	411099023879579	411098991499787
411099007770569	411099040550308	411099008301610
411099024450048	411099057220464	411099024813381
411099041123017	411099073891037	411099042040985
411099076899631	411099107225048	411099077499475
411099077419006	411099123891453	411099077501506
411099093777912	411099140559996	411099094041194
411099110460256	411099157227131	411099110736767
411099127167392	411099173895308	411099127362600
411099143824631	411099190563016	411099144047287
411099160496975	411099207231401	411099173574892
411099177193485	411099223900672	411099177606819
411099212227600	411099240568849	411099212883381
411099212468694	411099257237496	411099212887548
411099229369944	411099273905151	411099229831454
411099246021975	411099290574006	411099246502444
411099262705100	411099307241714	411099263110673
411099279425100	411099323910776	411099279843381
411099296139319	411099340579109	411099305320100
411099331174475	411099357247547	411099331653850
411099331391194	411099373915464	411099331659267
411099348095204	411099390581609	411099348483850
411099364690569	411099407249526	411099365093225
411099381380881	411099423916610	411099381801610
411099398080048	411099440585672	411099398461350
411099414755569	411099457254527	411099421046662
411099449827444	411099473921558	411099450319319
411099450047079	411099490591141	411099450328694
411099466701037	411099507261037	411099467139110
411099483360516	411099523930256	411099483806350
411099500035360	411099540599318	411099500527235
411099516749631	411099557270568	411099517260100
411099533399787	411099573941766	411099533772912
411099550063694	411099590614266	411099554225673
411099584657548	411099607286871	411099585363225
411099584987444	411099623955724	411099585376766
411099601597912	411099640627964	411099601971819
411099618242235	411099657297338	411099618734162
411099634921818	411099673968380	411099635330881
411099651579162	411099690637183	411099652037235
411099668264162	411099707306661	411099675867443
411099703011037	411099723978068	411099703483329
411099703223954	411099740650568	411099703492131
411099719897287	411099757323016	411099720328693
411099736557912	411099773992027	411099736995048
411099753178485	411099790660359	411099753592548
411099769919735	411099807328849	411099770295568
411099786579475	411099823999734	411099795878641
411099818483798	411099840671661	411099818801298
411099819840256	411099857342807	411099820150568
411099836611506	411099874014891	411099837032079
411099853296662	411099890686036	411099853651350
411099869948954	411099907356297	411099870321975
411099886641610	411099924027339	411099887009475
411099903304162	411099940695985	411099908366975
411099938938173	411099957366349	411099939070256
411099939580985	411099974035984	411099939925568
411099956224266	411099990705100	411099956606037
411099972910673	411100007373641	411099973294162
411099989579579	411100024042703	411099989938693
411100006245100	411100040712599	411100006608225
411100022965829	411100057379578	411100023772443
411100059362079	411100090715255	411100059737756
411100059597756	411100107382443	411100059746298
411100077099631	411100124053901	411100077927287
411100093505360	411100140725724	411100094339631
411100109895829	411100157395047	411100110707547
411100126776975	411100174062130	411100127560047
411100143584631	411100190731297	411100158634162
411100160371350	411100207400777	411100161084475
411100196172131	411100224069265	411100196699162
411100196401818	411100240739005	411100197138693
411100213096454	411100257407599	411100213521037
411100229763016	411100274073693	411100230205204
411100246451454	411100290743172	411100246831766
411100263123693	411100307412495	411100263498537
411100279791766	411100324082130	411100292907912
411100311635829	411100340749161	411100312101141
411100313104474	411100357418120	411100313457860
411100329751141	411100374086818	411100330163068
411100346428224	411100390756036	411100346970360
411100363253016	411100407425255	411100363570256
411100379751766	411100424094526	411100380189422
411100396420881	411100440763953	411100396804474
411100413088485	411100457435308	411100424577287
411100429785724	411100474106036	411100430277391
411100464504318	411100490775099	411100464979735
411100464715204	411100507446193	411100464984422
411100481369579	411100524117078	411100481777547
411100498048954	411100540788901	411100498465881
411100514689318	411100557462234	411100515144006
411100531343381	411100574134214	411100531843068
411100548051662	411100590806610	411100548435360
411100564713641	411100607478693	411100573551349
411100599193068	411100624150151	411100599725568
411100599433016	411100640820099	411100599730256
411100616183381	411100657487391	411100616583068
411100632764318	411100674154526	411100633196662
411100649405204	411100690823433	411100649829006
411100666137131	9223372036854775807	411100666505829

POLL t=200.2 tick=2604
16666666
411109703984315	411109741377231	411109704384783
411109720644888	411109758043376	411109721088377
411109737342908	411109774712231	411109737707908
411109754005356	411109791380200	411109754378221
411109770672544	411109808045668	411109779429471
411109804477544	411109824714574	411109804840408
411109804618221	411109841381710	411109804843950
411109821312752	411109858051606	411109821720513
411109837969315	411109874721398	411109838346815
411109854708690	411109891393741	411109855079002
411109871371763	411109908065929	411109871744940
411109888051033	411109924736293	411109889209002
411109922508012	411109941405773	411109923026971
411109922713846	411109958074471	411109923087596
411109939399471	411109974741501	411109939953221
411109956110096	411109991406814	411109956544783
411109972819783	411110008073116	411109973356815
411109989434783	411110024741970	411109989839940
411110006082752	411110041410929	411110006449106
411110022770096	411110058082179	411110025883481
411110057945408	411110074749575	411110058291658
411110058301815	411110091417439	411110058391190
411110074898533	411110108086554	411110075340565
411110091517440	411110124753428	411110091969262
411110108203690	411110141419418	411110108585096
411110124893169	411110158087334	411110125232439
411110141580044	411110174754575	411110151892908
411110177598481	411110208089314	411110177910408
411110177781033	411110224756761	411110177918012
411110194462856	411110241424783	411110194851033
411110211084627	411110258095095	411110211308950
411110227785564	411110274763116	411110228151814
411110244481658	411110291430772	411110244692439
411110261147283	411110308100251	411110270787596
411110296215408	411110324769783	411110296727700
411110296329002	411110341440616	411110296749627
411110313018221	411110358109314	411110313489731
411110329701450	411110374776189	411110330197752
411110346407283	411110391444470	411110346786450
411110363064262	411110408112387	411110363443689
411110379715356	411110424779939	411110388567544
411110413920252	411110441446605	411110414490669
411110414141033	411110458113741	411110414500408
411110430752283	411110474783481	411110431147700
411110447406658	411110491453324	411110447791346
411110464145096	411110508121033	411110464540408
411110480808481	411110524787647	411110481186658
411110497469002	411110541453741	411110508865408
411110532066814	411110558120043	411110532464471
411110532277439	411110574788168	411110532470044
411110548933064	411110591453324	411110549316606
411110565581502	411110608120251	411110566033064
411110582258846	411110624786188	411110582680408
411110598915096	411110641452491	411110599349939
411110615575096	411110658117022	411110624962752
411110649975721	411110674780720	411110650454314
411110650182908	411110691447595	411110650462231
411110666839158	411110708110043	411110667216189
411110683499627	411110724774887	411110683934002
411110700214783	411110741441918	411110700587856
411110716879262	411110758109731	411110717249158
411110733538689	411110774776813	411110740035877
411110765422700	411110791445564	411110765904939
411110766805200	411110808112855	411110767162439
411110783467439	411110824781813	411110783905720
411110800117075	411110841452856	411110800497856
411110816830408	411110858120877	411110817210043
411110833495668	411110874791136	411110833920095
411110850216658	411110891460460	411110853146137
411110884194939	411110908127595	411110884719002
411110884367700	411110924795459	411110884735720
411110901080877	411110941462178	411110901538377
411110917686137	411110958128220	411110918132075
411110934396658	411110974794939	411110934952439
411110951026502	411110991463585	411110951461658
411110967683845	411111008133480	411110968131189
411110984397387	411111024803012	411110988100408
411111015194158	411111041471710	411111015644002
411111017750564	411111058141136	411111018079939
411111034415825	411111074812543	411111034853220
411111051096658	411111091484990	411111051498689
411111067751450	411111108154887	411111068136918
411111084455877	411111124826501	411111084826450
411111101149470	411111141495095	411111106714575
411111136297231	411111158162127	411111136761606
411111136653012	411111174829418	411111136766606
411111153285408	411111191494210	411111153664418
411111169958793	411111208159782	411111170330043
411111186613689	411111224826136	411111186980356
411111203299314	411111241491137	411111203668689
411111220134314	411111258159730	411111223316345
411111255078845	411111274827542	411111255573793
411111255501345	411111291493063	411111255574627
411111272460043	411111308159313	411111272886918
411111288844627	411111324825667	411111289245199
411111305505095	411111341494210	411111305878845
411111322206293	411111358163637	411111322568377
411111338885043	411111374833167	411111342857752
411111372512543	411111391504262	411111372829887
411111372797231	411111408174261	411111372910824
411111389497127	411111424843064	411111389936762
411111406111918	411111441509001	411111406492387
411111423001189	411111458179001	411111423210043
411111439482908	411111474850199	411111439857595
411111456238376	411111491520876	411111463544887
411111489132699	411111508189886	411111489450720
411111489480668	411111524858012	411111489618481
411111506219262	411111541525407	411111506595981
411111522853689	411111558193168	411111523289939
411111539499574	411111574861918	411111539880251
411111556188064	411111591530772	411111556562595
411111572844939	411111608200459	411111585005720
411111589538220	411111624871553	411111589883793
411111624233012	411111641537959	411111624627595
411111624438376	411111658206032	411111624634783
411111641133689	411111674872543	411111641761033
411111657742856	411111691538064	411111658192074
411111674443689	411111708202803	411111674823793
411111691130981	411111724869001	411111691719158
411111707755668	411111741536657	411111724473376
411111724534418	411111758201292	411111724704626
411111756446189	411111774869365	411111756862595
411111757874158	411111791539001	411111758362908
411111774452387	411111808208064	411111774872908
411111791131137	411111824878324	411111791560356
411111807806814	411111841546606	411111808188064
411111824512439	9223372036854775807	411111824901658

POLL t=211.3 tick=2725
16666666
411120805965977	411120843131549	411120806521498
411120822682123	411120859805195	411120823203790
411120839339310	411120876477539	411120839698685
411120855990717	411120893150247	411120856364310
411120872646498	411120909821914	411120874981290
411120903828373	411120926496185	411120904148060
411120905957852	411120943166498	411120906323790
411120922609571	411120959834727	411120923018321
411120939266758	411120976505404	411120939721446
411120955984415	411120993177539	411120956353685
411120972654154	411121009850664	411120973032592
411120989322279	411121026522800	411120994559571
411121034057071	411121059867123	411121034791029
411121034365717	411121076537122	411121034795196
411121050950717	411121093204831	411121051401654
411121067602071	411121109872904	411121068032696
411121084292696	411121126540455	411121084672748
411121100985717	411121143207748	411121101362123
411121117654467	411121159876967	411121127181810
411121152449779	411121176546757	411121153005873
411121152647123	411121193215664	411121153017696
411121169313789	411121209886028	411121169697227
411121185958373	411121226558216	411121186405717
411121202675560	411121243230351	411121203098373
411121219310352	411121259904570	411121219701967
411121236021342	411121276575612	411121243234467
411121270396133	411121293247643	411121270997227
411121270630091	411121309920559	411121271005716
411121287235039	411121326593580	411121287629154
411121303908998	411121343265925	411121304343477
411121320594154	411121359939622	411121320975977
411121337273998	411121376611081	411121337663321
411121354021185	411121393283320	411121354421185
411121370627904	411121409955299	411121376112591
411121404931914	411121426626445	411121405502904
411121405212748	411121443295196	411121405506185
411121421795091	411121459964205	411121422230821
411121438458633	411121476635248	411121438938841
411121455112279	411121493305872	411121455488946
411121471828789	411121509977539	411121472204154
411121488489883	411121526651341	411121494143373
411121522753946	411121543322903	411121523359935
411121523018841	411121559996184	411121523368685
411121539614727	411121576667174	411121540025716
411121556265977	411121593340248	411121556676758
411121572964466	411121610010455	411121573339258
411121589640716	411121626678268	411121590071498
411121606291498	411121643349153	411121609935560
411121640859623	411121660019309	411121641256289
411121641032279	411121676688736	411121641261185
411121657667435	411121693358008	411121658120560
411121674356966	411121710027070	411121674802123
411121691043789	411121726697695	411121691554258
411121707739779	411121743371185	411121708113477
411121724402852	411121760043685	411121724777748
411121741064310	411121776716601	411121741354623
411121776285820	411121793388789	411121776889623
411121776660664	411121810063425	411121776907279
411121793384466	411121826733476	411121793830091
411121810064779	411121843403216	411121810504935
411121826743998	411121860072695	411121827232695
411121843570716	411121876741029	411121843938841
411121860156029	411121893410091	411121872748320
411121876787383	411121910081028	411121877149310
411121913162591	411121943424413	411121913723685
411121913542435	411121960097070	411121913728997
411121930102227	411121976765872	411121930560977
411121946763320	411121993434101	411121947206341
411121963522591	411122010100299	411121963865508
411121980156133	411122026766601	411121980585091
411121996829154	411122043432330	411121997030508
411122013496133	411122060098997	411122013591341
411122047333841	411122076766288	411122047708997
411122047502852	411122093433685	411122047722747
411122064210716	411122110100976	411122064730091
411122080818320	411122126768008	411122081342383
411122097462904	411122143435143	411122097911966
411122114164622	411122160097174	411122114556133
411122130893320	411122176761081	411122131271497
411122147604779	411122193425195	411122151384466
411122181399466	411122210090039	411122181898164
411122181630091	411122226757956	411122181902852
411122198344466	411122243424309	411122198794310
411122215040560	411122260089830	411122215438477
411122231674310	411122276757279	411122232136289
411122248359154	411122293423477	411122248727747
411122265011029	411122310090195	411122272700091
411122299964935	411122326756862	411122300422904
411122300265560	411122343421497	411122300427539
411122316940560	411122360089987	411122317333997
411122333592591	411122376757956	411122333984154
411122350278216	411122393424361	411122350693685
411122366941341	411122410090143	411122367317435
411122383623529	411122426758632	411122389666341
411122415578945	411122443426549	411122416077279
411122416908320	411122460095716	411122417265560
411122433594779	411122476765663	411122433970664
411122450286341	411122493434257	411122450669414
411122466938997	411122510104153	411122467315247
411122483647435	411122526771862	411122484026654
411122500396966	411122543441757	411122508250195
411122535403633	411122560112642	411122535922591
411122535819935	411122576785195	411122535926810
411122552487747	411122593458580	411122552927435
411122569094310	411122610128423	411122569537278
411122585840351	411122626798372	411122586209778
411122602514883	411122643467903	411122602886028
411122619179310	411122660138476	411122627461028
411122653358633	411122676810455	411122653863164
411122653610039	411122693481341	411122653870560
411122670235039	411122710157798	411122670651653
411122686879622	411122726828163	411122687323685
411122703594622	411122743500247	411122704093685
411122720246497	411122760171341	411122720632903
411122736913528	411122776842382	411122747648372
411122771362435	411122793515194	411122771871914
411122771600716	411122810188372	411122771881445
411122788257695	411122826860507	411122788801185
411122804899153	411122843533423	411122805338372
411122821539310	411122860206289	411122821992435
411122838242226	411122876879048	411122838699935
411122854886497	411122893553372	411122855282591
411122871563633	411122910226601	411122876848216
411122904900091	411122926897590	411122905384778
411122905177539	411122943569258	411122905421028
411122921774570	411122960239726	411122922163060
411122938465560	9223372036854775807	411122938882539

POLL t=222.4 tick=2807
16666666
411131949524254	411131995266702	411131961213681
411131966233994	411132011939358	411131966766337
411132000719879	411132028609306	411132001247067
411132000914462	411132045282066	411132001311181
411132017600504	411132061955348	411132018002900
411132034236025	411132078628004	411132034679567
411132050898369	411132095302795	411132051268681
411132067609567	411132111978472	411132067990817
411132084268056	411132128650660	411132099324150
411132100950556	411132145322796	411132101319462
411132134486494	411132161995920	411132135038994
411132134699775	411132178671650	411132135046181
411132151367275	411132195346909	411132151816754
411132168037900	411132212020399	411132168420869
411132184704462	411132228693941	411132185081494
411132201412848	411132245368212	411132201785244
411132218071962	411132262041337	411132222888369
411132249595712	411132278714409	411132250111910
411132251382744	411132295386857	411132251710556
411132268055556	411132312058160	411132268494775
411132284686494	411132328731649	411132285116025
411132301417223	411132345401337	411132301788837
411132318075869	411132362071597	411132318451650
411132334738785	411132378743055	411132341340869
411132366913994	411132395411285	411132367411494
411132368039150	411132412080347	411132368387900
411132384707119	411132428748837	411132385095869
411132401358160	411132445420660	411132401772848
411132418087275	411132462089931	411132418459150
411132434749723	411132478759253	411132435120087
411132451452900	411132495430139	411132458514098
411132485666025	411132512102847	411132486137118
411132485890035	411132528772326	411132486143212
411132502566962	411132545443055	411132503088004
411132519189306	411132562113784	411132519610712
411132535896181	411132578786701	411132536263837
411132552575087	411132595457430	411132552936806
411132569223525	411132612129565	411132578919306
411132603688681	411132628803211	411132604159150
411132603895348	411132645474149	411132604167379
411132620584775	411132662146128	411132620965868
411132637206493	411132678815190	411132637613681
411132653933212	411132695484774	411132654341650
411132670589775	411132712155139	411132670962379
411132687268473	411132728825399	411132687699931
411132703895348	411132745495608	411132712552587
411132736744098	411132762166388	411132737307431
411132737330243	411132778836754	411132737491181
411132753954462	411132795508368	411132754336806
411132770591025	411132812179774	411132770987223
411132787247275	411132828849514	411132787673993
411132803978368	411132845518992	411132804355400
411132820664775	411132862187378	411132827217535
411132855596962	411132878855815	411132856141650
411132855883993	411132895524357	411132856157900
411132872511754	411132912195139	411132872918212
411132889151337	411132928865764	411132889593472
411132905793056	411132945537170	411132906244879
411132922500504	411132962210712	411132923076806
411132939167847	411132978882483	411132939547743
411132955816493	411132995553003	411132962028941
411132990574410	411133012225503	411132991115660
411132990758785	411133028894878	411132991123160
411133007396337	411133045565034	411133007835556
411133024073525	411133062234826	411133024468993
411133040717587	411133078906024	411133041105712
411133057419149	411133095577743	411133057797379
411133074135816	411133112249878	411133078228629
411133107628837	411133128922638	411133108010556
411133107795712	411133145596076	411133108065243
411133124471181	411133162269461	411133124853004
411133141142847	411133178941128	411133141687379
411133157806962	411133195614982	411133158174931
411133174474722	411133212289201	411133175031285
411133191107222	411133228959045	411133209428160
411133207878368	411133245630972	411133209478524
411133240718524	411133262304201	411133241044618
411133241256649	411133278978785	411133241376962
411133257904931	411133295654514	411133258290399
411133274570399	411133312330139	411133274971493
411133291304879	411133329002066	411133291664462
411133307938524	411133345671284	411133308326649
411133324709566	411133362338524	411133327929462
411133360655712	411133379008420	411133360969618
411133360997743	411133395676440	411133361068524
411133377640399	411133412348055	411133378061493
411133394241441	411133429019774	411133394626181
411133411003681	411133445690868	411133411403056
411133427654410	411133462362378	411133428104566
411133444447587	411133479030399	411133454045868
411133481368681	411133512368524	411133481541441
411133481775399	411133529038680	411133481904931
411133498647899	411133545711180	411133499078524
411133515119253	411133562383576	411133515626441
411133531808212	411133579054305	411133532468056
411133548589149	411133595724357	411133549227066
411133565212118	411133612396128	411133575068785
411133601366337	411133629062847	411133601845035
411133601669774	411133645727274	411133601851285
411133618321649	411133662393471	411133618730191
411133634994722	411133679062326	411133635397535
411133651640868	411133695731232	411133652083524
411133668432274	411133712397117	411133668731024
411133685023212	411133729063159	411133694326806
411133719332743	411133745731128	411133719889774
411133719612274	411133762399669	411133719898628
411133736280399	411133779066128	411133736674774
411133752915087	411133795735555	411133753334462
411133769638212	411133812404982	411133770014149
411133786241805	411133829073732	411133786664253
411133802958212	411133845744201	411133808945399
411133837723524	411133862412378	411133838218941
411133837973524	411133879083472	411133838225347
411133854624566	411133895753472	411133855006180
411133871265555	411133912420242	411133871691285
411133887944722	411133929087066	411133888322274
411133904647118	411133945754618	411133905032118
411133921313316	411133962421023	411133930353837
411133954317222	411133979090451	411133954755816
411133954624462	411133995761597	411133954792118
411133971348993	411134012433524	411133971825868
411133987998160	411134029101075	411133988442066
411134004702847	411134045771388	411134005086441
411134021365660	411134062441857	411134021746753
411134038040347	411134079111909	411134058393316
411134054770868	411134095782690	411134058431493
411134089363941	9223372036854775807	411134089871962

POLL t=233.5 tick=2887
16666666
411143072918781	411143114133468	411143073308364
411143089544614	411143130802062	411143090024875
411143106228364	411143147471020	411143106606333
411143122905708	411143164139666	411143123335708
411143139577739	411143180808364	411143149223625
411143175759458	411143197475291	411143176331333
411143175951646	411143214142270	411143176334146
411143192609927	411143230808781	411143193042844
411143209284927	411143247474250	411143209790708
411143225995187	411143264140552	411143226361021
411143242661177	411143280806594	411143243027896
411143259314927	411143297474354	411143276016021
411143276115187	411143314140291	411143276198521
411143310195552	411143330806281	411143310590552
411143310431489	411143347472426	411143310600708
411143327095968	411143364138364	411143327605083
411143343714927	411143380805239	411143344239146
411143360350343	411143397473573	411143360796958
411143377098781	411143414142218	411143377637114
411143393748989	411143430812634	411143394116750
411143410429614	411143447484093	411143410823468
411143427069927	411143464154302	411143431626437
411143461835864	411143480825187	411143462365552
411143462046489	411143497494041	411143462373312
411143478664927	411143514164718	411143479052739
411143495332375	411143530833833	411143495751177
411143512038052	411143547504562	411143512398000
411143528682739	411143564175239	411143529067427
411143545416802	411143580846958	411143551558781
411143581028312	411143597517374	411143581308781
411143581394458	411143614188729	411143581494614
411143597928781	411143630857739	411143598333364
411143614567583	411143647528937	411143615005656
411143631233520	411143664200604	411143631756802
411143647934145	411143680872478	411143648455864
411143664581958	411143697545447	411143664955395
411143681273156	411143714218832	411143685210395
411143716696125	411143747558884	411143717057062
411143716922531	411143764229874	411143717067583
411143733516177	411143780901333	411143734376177
411143750182739	411143797571957	411143750909458
411143766852895	411143814242479	411143767124927
411143783552375	411143830912166	411143784416437
411143800190864	411143847583051	411143800854927
411143816939145	411143864253729	411143828050395
411143852225552	411143880924562	411143852705187
411143852446802	411143897594665	411143852712270
411143869088520	411143914265708	411143869470187
411143885746020	411143930937790	411143886203208
411143902451645	411143947610135	411143902843468
411143919124770	411143964280030	411143919538625
411143935791333	411143980949613	411143944034406
411143971062999	411143997622374	411143971539302
411143971222270	411144014294457	411143971551020
411143987896333	411144030968572	411143988334614
411144004611802	411144047642427	411144004983833
411144021259458	411144064315864	411144021676802
411144037929718	411144080987582	411144038300031
411144054610864	411144097658572	411144055736802
411144089205812	411144114331072	411144089994614
411144089553364	411144131002843	411144089998052
411144106155187	411144147673311	411144106596020
411144122827739	411144164343728	411144123414302
411144139529093	411144181016280	411144139902531
411144156180656	411144197689301	411144156568677
411144172854302	411144214363832	411144185251958
411144207814874	411144231036697	411144208310395
411144208082739	411144247708572	411144208317426
411144224712895	411144264379353	411144225094874
411144241355395	411144281051540	411144241781020
411144258051645	411144297725394	411144258447843
411144274742270	411144314401436	411144275108676
411144291411645	411144331075603	411144302432999
411144326093364	411144347747530	411144326561020
411144326331281	411144364419822	411144326571489
411144342999614	411144381090811	411144343381749
411144359676958	411144397759196	411144360064145
411144376359406	411144414428519	411144376725864
411144393065864	411144431098363	411144393441958
411144409739249	411144447770238	411144418790656
411144444875239	411144464441332	411144444962270
411144445197114	411144481112791	411144445317270
411144461883833	411144497784196	411144462275083
411144478558833	411144514451645	411144478944562
411144495245083	411144531119666	411144495616020
411144511914770	411144547786072	411144512278520
411144528567218	411144564454301	411144530159718
411144564039093	411144581124249	411144564472426
411144564284926	411144597792374	411144564482062
411144580990395	411144614462322	411144581378781
411144597685395	411144631132426	411144598092270
411144614329926	411144647803780	411144614712426
411144631040499	411144664476228	411144631416489
411144647693937	411144681146801	411144661090343
411144682081801	411144714488051	411144682136333
411144682376645	411144731158885	411144682471020
411144700314458	411144747829301	411144701182062
411144716818468	411144764499145	411144717647739
411144733612583	411144781169509	411144734432895
411144750587426	411144797836437	411144774059249
411144767611280	411144814504717	411144774065395
411144801505655	411144831176332	411144801686749
411144801893364	411144847846853	411144801987843
411144818563937	411144864517686	411144819089145
411144835208520	411144881190499	411144835610812
411144851865082	411144897859509	411144852322999
411144868593312	411144914530864	411144868966749
411144885202270	411144931200811	411144903306905
411144901925239	411144947870082	411144903329614
411144936715551	411144964540707	411144937235187
411144936928312	411144981210186	411144937246124
411144953616176	411144997879093	411144954049926
411144970253832	411145014545654	411144970727426
411144986911489	411145031213155	411144987441176
411145003595499	411145047880499	411145004181593
411145020248155	411145064548520	411145020647530
411145036911957	411145081217009	411145047006905
411145071869926	411145097885968	411145072313780
411145072075030	411145114553207	411145072321176
411145088871280	411145131221540	411145089271176
411145105376645	411145147890343	411145105783624
411145122075395	411145164558936	411145122523468
411145138762270	411145181226488	411145139139249
411145155450082	411145197896853	411145171228207
411145172204405	411145214567166	411145172566801
411145205681905	411145231235967	411145206259145
411145205896020	9223372036854775807	411145206268832

POLL t=244.7 tick=2967
16666666
411154237476589	411154281742630	411154237898985
411154254141746	411154298407579	411154259663673
411154288950548	411154315072422	411154289428360
411154289231016	411154331739975	411154289434402
411154305846329	411154348407266	411154306283464
411154322473777	411154365073724	411154322882579
411154339175964	411154381740391	411154339545391
411154355857058	411154398406485	411154356238204
411154372574923	411154415071433	411154379659298
411154406876954	411154431736120	411154407487058
411154407206329	411154448403828	411154407490235
411154423800704	411154465070338	411154424247996
411154440431641	411154481737162	411154440882891
411154457174766	411154498404558	411154457549558
411154473842891	411154515074765	411154474231277
411154490526016	411154531744037	411154502575652
411154524463829	411154548415339	411154524936798
411154524684766	411154565086954	411154524947058
411154541327423	411154581756953	411154541799454
411154558022266	411154598426016	411154558495079
411154574639245	411154615095182	411154575086433
411154591368777	411154631763932	411154591817735
411154608030183	411154648434349	411154608435860
411154624687110	411154665103255	411154625061329
411154641405652	411154681771380	411154646004245
411154675381589	411154698438360	411154675783516
411154675559454	411154715105911	411154675792422
411154692241172	411154731774661	411154692604141
411154708855547	411154748442370	411154709334297
411154725612891	411154765112317	411154726013985
411154742260183	411154781784610	411154742633152
411154758893672	411154798454922	411154759267891
411154775654558	411154815120495	411154779087058
411154807765860	411154831786015	411154808284610
411154808859766	411154848451381	411154809224558
411154825580704	411154865116276	411154826077422
411154842217683	411154881784558	411154842640860
411154858942891	411154898453411	411154859320391
411154875606329	411154915123047	411154875992110
411154892272891	411154931791120	411154899832110
411154926898829	411154948460182	411154927363204
411154927133985	411154965129922	411154927368672
411154943786277	411154981799817	411154944195027
411154960427422	411154998469766	411154960909297
411154977095808	411155015140443	411154977599402
411154993834558	411155031809714	411154994346745
411155010482422	411155048477631	411155010848516
411155027142579	411155065146536	411155031465808
411155061537266	411155081814349	411155062320183
411155061853985	411155098483463	411155062323204
411155080054297	411155115153359	411155080400704
411155096376172	411155131824245	411155096819610
411155113067110	411155148492578	411155113440704
411155129706485	411155165161172	411155130083464
411155146399610	411155181828568	411155154046172
411155181766954	411155198496224	411155182234610
411155182153672	411155215165130	411155182239870
411155198722422	411155231832995	411155199201329
411155215309141	411155248500026	411155215727422
411155231994766	411155265168567	411155232367839
411155248692422	411155281836224	411155249063776
411155265347110	411155298503776	411155280283464
411155281979454	411155315170912	411155282339297
411155314579245	411155331840234	411155314974714
411155315416641	411155348506797	411155315900547
411155332161745	411155365174348	411155332592735
411155348819401	411155381838411	411155349256328
411155365474610	411155398504192	411155365841641
411155382136016	411155415169557	411155382518776
411155398804297	411155431834818	411155413431485
411155415491797	411155448502994	411155415848360
411155451367058	411155481834505	411155451697578
411155451677422	411155498501640	411155451816485
411155468295651	411155515167630	411155468860703
411155484894922	411155531833984	411155485170078
411155501588464	411155548498828	411155501901328
411155518282110	411155565163567	411155518866328
411155534944245	411155581826901	411155535322995
411155551598828	411155598489922	411155561063985
411155588100391	411155615153047	411155588491745
411155588287578	411155631816537	411155588523151
411155604985651	411155648481015	411155605371433
411155621655026	411155665146016	411155622039922
411155638481589	411155681812213	411155638842214
411155655026641	411155698478151	411155655402995
411155671742735	411155715144766	411155680626953
411155705651953	411155731812370	411155706143308
411155705833047	411155748480338	411155706147110
411155722534714	411155765147474	411155722949922
411155739199453	411155781813046	411155739584766
411155755879089	411155798479193	411155756253151
411155772564766	411155815146432	411155772951328
411155789268047	411155831815651	411155800900182
411155824824766	411155848484192	411155825332057
411155825258516	411155865150078	411155825332891
411155841822578	411155881815286	411155842203776
411155858422735	411155898479713	411155858814245
411155875140703	411155915145338	411155875614922
411155891826328	411155931809765	411155892200860
411155908491953	411155948474089	411155917070964
411155944161641	411155965141172	411155944595807
411155944492422	411155981807994	411155944601276
411155961148828	411155998472942	411155961528516
411155977806641	411156015138879	411155978040339
411155994485651	411156031802266	411155994846797
411156011182422	411156048467734	411156011579557
411156027767266	411156065132577	411156033883359
411156063520859	411156081797526	411156063836641
411156063856120	411156098463567	411156063941328
411156080462214	411156115130234	411156080888203
411156097096484	411156131793307	411156097536953
411156113823828	411156148459244	411156114332266
411156130483620	411156165122109	411156130891328
411156147130495	411156181784193	411156158947578
411156163837526	411156198445911	411156164178516
411156195286328	411156215110495	411156195659453
411156197119453	411156231773307	411156197479609
411156213771797	411156248438828	411156214200495
411156230439453	411156265104505	411156230812057
411156247127266	411156281766432	411156247504297
411156263794141	411156298428880	411156264199557
411156280468672	411156315090182	411156287934245
411156316162578	411156348415651	411156316484870
411156316493672	411156365077370	411156316590234
411156334276745	411156381739296	411156335169453
411156350626328	411156398401588	411156351643047
411156367485339	9223372036854775807	411156368258151

POLL t=256.3 tick=3086
16666666
411165861607991	411165899361532	411165862047574
411165878321324	411165916034085	411165878690231
411165894944137	411165932703668	411165895375856
411165911625856	411165949369501	411165930154449
411165928317366	411165966035594	411165930232835
411165960340804	411165982704084	411165960686481
411165961633824	411165999372314	411165961990179
411165978271168	411166016038303	411165978692366
411165994938356	411166032704397	411165995323824
411166011651168	411166049371689	411166012012574
411166028320699	411166066040542	411166028698772
411166044975856	411166082708824	411166052971116
411166079527522	411166099375439	411166080055074
411166079848304	411166116043876	411166080060074
411166096399710	411166132711271	411166096813512
411166113043199	411166149376844	411166113470387
411166129773356	411166166042469	411166130240335
411166146437262	411166182708772	411166146800543
411166163091116	411166199375751	411166173051897
411166199105699	411166216044761	411166199640491
411166199355387	411166232710855	411166199643616
411166215993824	411166249377990	411166216412574
411166232650231	411166266042626	411166233088668
411166249368199	411166282707991	411166249768824
411166266040491	411166299374814	411166266404553
411166282700856	411166316041376	411166297571585
411166299378616	411166332706168	411166299789085
411166334967418	411166366035334	411166335361949
411166335160022	411166382698981	411166335375960
411166351885387	411166399364397	411166352980074
411166368473460	411166416031376	411166369305960
411166385127210	411166432698095	411166385639553
411166402001793	411166449364658	411166402838668
411166418517991	411166466030490	411166419353772
411166435315074	411166482696115	411166438796949
411166469925960	411166499364293	411166470438616
411166470150387	411166516032626	411166470457418
411166486810960	411166532700855	411166487257366
411166503448512	411166549368094	411166503931949
411166520181324	411166566035177	411166520683355
411166536826793	411166582701376	411166537224918
411166553499762	411166599369605	411166567650022
411166570168824	411166616035073	411166570725230
411166604539710	411166632703198	411166605324085
411166604813303	411166649370022	411166605328824
411166621406741	411166666037782	411166621857678
411166638065178	411166682703928	411166638516949
411166654806012	411166699366844	411166655326324
411166671424241	411166716033251	411166671851012
411166688130074	411166732698668	411166711048824
411166704805803	411166749364032	411166711072366
411166739185647	411166766026741	411166739609866
411166739516793	411166782690543	411166739614918
411166756173824	411166799353511	411166756574605
411166772776793	411166816017938	411166773179449
411166789473043	411166832679552	411166789842574
411166806151637	411166849343407	411166806517262
411166822806949	411166866004605	411166832547522
411166856703355	411166882668771	411166857189553
411166856935178	411166899330438	411166857193199
411166873542574	411166915994605	411166873928043
411166890219293	411166932661116	411166890602418
411166906946949	411166949326688	411166907314866
411166923593616	411166965995490	411166923973355
411166940320074	411166982661688	411166944827105
411166974306584	411166999329865	411166974688355
411166974474866	411167015998303	411166974704709
411166991192262	411167032667209	411166991817209
411167007798459	411167049334814	411167008327366
411167024495178	411167066000647	411167024884137
411167041186272	411167082666741	411167041565855
411167057852574	411167099333407	411167070687730
411167074541637	411167116002626	411167074931741
411167109215855	411167132672470	411167109673668
411167109783980	411167149342313	411167109958668
411167126432418	411167166012938	411167126875959
411167143095074	411167182685386	411167143538043
411167159823824	411167199356375	411167160197574
411167176511168	411167216023511	411167176894293
411167193148355	411167232690178	411167209428043
411167209947261	411167249355178	411167210048928
411167245809449	411167266021532	411167246488824
411167246223043	411167282689396	411167246496949
411167262884084	411167299356480	411167263318511
411167279473928	411167316023875	411167279874449
411167296225543	411167332689709	411167296637574
411167312866324	411167349357261	411167313246741
411167329513824	411167366029032	411167342852209
411167346257105	411167382698824	411167346571741
411167382065699	411167399367261	411167382256897
411167382396897	411167416032886	411167382527522
411167399137261	411167432698667	411167399569136
411167415773199	411167449361532	411167416269761
411167432503303	411167466022886	411167432879605
411167449155699	411167482685074	411167449522834
411167465825491	411167499346948	411167480194293
411167482525022	411167516008980	411167482877001
411167518393928	411167549337730	411167518743199
411167518627261	411167566004500	411167518749449
411167535501636	411167582668980	411167536503511
411167551932574	411167599337001	411167552610959
411167568638043	411167616003876	411167569534240
411167585309553	411167632670490	411167585941168
411167601998928	411167649333667	411167615324709
411167618815855	411167665996688	411167619630178
411167650610959	411167682658355	411167650942105
411167652267418	411167699319865	411167653356428
411167668935699	411167715984136	411167670003615
411167685595022	411167732650438	411167686505386
411167701966011	411167749320282	411167702644761
411167718648824	411167765987209	411167719356324
411167735316480	411167782653771	411167746825699
411167771116793	411167799321063	411167771595855
411167771384136	411167815987365	411167771606480
411167787998042	411167832650750	411167788380074
411167804655855	411167849314605	411167805135959
411167821333042	411167865980073	411167821711480
411167838040230	411167882645854	411167838411011
411167854696636	411167899310907	411167864345230
411167885782730	411167915979032	411167886029449
411167887976011	411167932644969	411167888283824
411167904648303	411167949311531	411167905083199
411167921322730	411167965975126	411167921798667
411167937973042	411167982638876	411167938356167
411167954673928	411167999306271	411167955081272
411167971313511	411168015972469	411167982125074
411168007515230	9223372036854775807	411168008075386

POLL t=267.5 tick=3166
16666666
411177077198976	411177099624809	411177077712674
411177077435018	411177116295903	411177077726737
411177094168976	411177132966163	411177094608143
411177110769081	411177149634653	411177111015539
411177127454133	411177166302414	411177127830539
411177144130539	411177182972310	411177144506320
411177160816320	411177199640070	411177164963143
411177195360018	411177216308195	411177195895695
411177195559914	411177232974341	411177195898664
411177212213039	411177249640694	411177212658612
411177228885070	411177266306268	411177229327570
411177245535956	411177282972101	411177245907101
411177262269758	411177299638560	411177262630070
411177278934289	411177316304184	411177288142414
411177312866320	411177332971111	411177313373976
411177313029081	411177349636841	411177313377831
411177329706008	411177366302049	411177330138768
411177346338768	411177382967986	411177346724445
411177363043039	411177399633351	411177363431945
411177379712206	411177416303403	411177380094758
411177396419080	411177432975017	411177396983820
411177430549705	411177449647257	411177430896580
411177430725539	411177466318351	411177430902101
411177447358143	411177482988455	411177447803143
411177464150539	411177499657361	411177464568820
411177480724237	411177516326424	411177481127674
411177497439445	411177532997622	411177497805070
411177514100226	411177549666841	411177529362830
411177530775383	411177566334809	411177531090955
411177565291580	411177583003351	411177565593976
411177565485539	411177599672205	411177565607883
411177582162362	411177616338924	411177582579445
411177598803039	411177633008142	411177599215695
411177615493612	411177649676840	411177615888039
411177632226737	411177666344600	411177632594445
411177648884862	411177683014027	411177659207726
411177682442362	411177699682153	411177682763820
411177682614445	411177716348351	411177682775018
411177699336789	411177733015173	411177699804549
411177715945070	411177749682518	411177716490643
411177732672362	411177766349705	411177733779028
411177749341320	411177783016997	411177749856476
411177765959601	411177799683611	411177766392257
411177782657674	411177816350173	411177784176737
411177818106164	411177849683403	411177818633664
411177818301945	411177866350121	411177818637257
411177835057414	411177883016268	411177836067882
411177851625643	411177899682361	411177852682414
411177868852882	411177916348872	411177869704393
411177885457726	411177933013924	411177886324914
411177902167882	411177949680902	411177913545851
411177919016164	411177966350278	411177920036424
411177954127570	411177983020277	411177954648820
411177954326007	411177999686945	411177954720695
411177971048195	411178016354549	411177971582518
411177987644757	411178033021528	411177988052882
411178004350799	411178049690018	411178004739914
411178021011007	411178066356423	411178021388039
411178037674289	411178083022570	411178050434132
411178054296164	411178099690434	411178054676476
411178084638195	411178116359653	411178085023299
411178087695070	411178133027829	411178088298611
411178104540851	411178149696527	411178104932414
411178121040539	411178166364080	411178121541424
411178137678455	411178183033767	411178138058351
411178154345643	411178199702934	411178154719914
411178171028924	411178216373872	411178179615695
411178205704601	411178233042569	411178206178664
411178205908507	411178249709913	411178206193507
411178222561632	411178266378559	411178222949601
411178239209549	411178283050017	411178239591580
411178255929601	411178299720382	411178256306164
411178272598195	411178316392986	411178272996320
411178289262882	411178333067674	411178295511007
411178322521163	411178349738455	411178323049757
411178322697570	411178366407933	411178323087726
411178339376788	411178383076527	411178339821476
411178356035538	411178399743038	411178356426893
411178372778351	411178416412829	411178373206268
411178389452101	411178433086111	411178389839601
411178406135018	411178449756476	411178406507882
411178422806476	411178466426058	411178429529132
411178457571580	411178483094288	411178457840070
411178457930695	411178499762726	411178458056632
411178474526476	411178516436528	411178474915486
411178491206476	411178533108402	411178491623820
411178507843351	411178549779600	411178508235538
411178524570174	411178566449861	411178524947101
411178541301476	411178583120069	411178548511736
411178575677570	411178599787517	411178576111893
411178575946476	411178616454965	411178576123299
411178592641945	411178633124913	411178593068038
411178609289913	411178649795121	411178609674913
411178625978507	411178666465278	411178626341163
411178642658976	411178683134132	411178643070226
411178659306580	411178699806163	411178662408924
411178693028351	411178716477517	411178693405486
411178693191007	411178733145225	411178693409913
411178710020695	411178749812569	411178710505851
411178726567257	411178766481372	411178726939445
411178743243195	411178783147257	411178743666632
411178759987413	411178799814913	411178760388611
411178776631632	411178816481007	411178793109288
411178793415695	411178833147309	411178793444445
411178829631632	411178849814913	411178830303142
411178830349757	411178866482465	411178830429445
411178846756320	411178883149756	411178847291632
411178863412413	411178899818871	411178863961580
411178880022257	411178916485278	411178880394132
411178896688142	411178933150902	411178897087257
411178913338038	411178949814964	411178928333507
411178930064132	411178966480382	411178930421163
411178964155851	411178983144340	411178964534080
411178964390382	411178999810069	411178964538299
411178981061476	411179016478871	411178981480069
411178997786788	411179033148142	411178998318351
411179014446632	411179049816006	411179014960069
411179031101111	411179066485069	411179031478351
411179047737101	411179083153611	411179061453038
411179064469757	411179099823871	411179064837882
411179099676007	411179116491840	411179100040538
411179099894392	411179133161735	411179100061319
411179116598299	411179149831735	411179117024444
411179133355694	411179166501371	411179133705851
411179149921424	411179183175903	411179150356788
411179166678976	411179199849235	411179166990226
411179183320069	9223372036854775807	411179195227674

POLL t=278.7 tick=3247
16666666
411188303129285	411188351148399	411188304071316
411188319849910	411188367816368	411188320849285
411188336923764	411188384484284	411188337684389
411188353505795	411188401150846	411188354340222
411188370586941	411188417814753	411188372407722
411188399914441	411188434482305	411188400251785
411188404065326	411188451146368	411188404998347
411188419907097	411188467809909	411188420899441
411188436638972	411188484473659	411188437449441
411188453607566	411188501138607	411188454431160
411188470197826	411188517804024	411188471083503
411188487017253	411188534472878	411188489146472
411188518650066	411188551140169	411188518987983
411188520921160	411188567806055	411188521918764
411188536692878	411188584470013	411188537521941
411188553204597	411188601138399	411188554229701
411188569825170	411188617806941	411188570845691
411188587026889	411188634475221	411188588070535
411188603520535	411188651140118	411188604396941
411188620524753	411188667804285	411188627592722
411188654892722	411188684468138	411188655432982
411188655350066	411188701132409	411188655437097
411188671752722	411188717797410	411188672274701
411188688404857	411188734463450	411188688931576
411188705061003	411188751127878	411188705445222
411188721774285	411188767791575	411188722153607
411188738555066	411188784455065	411188749316420
411188773179753	411188801120118	411188773601784
411188773361316	411188817785638	411188773654128
411188790063503	411188834452097	411188790502409
411188806668503	411188851119649	411188807056107
411188823410222	411188867786419	411188823938607
411188840148920	411188884453711	411188840524284
411188856736316	411188901121263	411188857128347
411188873433972	411188917784856	411188873649753
411188908104597	411188934450274	411188908843920
411188908392722	411188951115482	411188908848972
411188924999701	411188967780378	411188925433764
411188941663972	411188984448242	411188942107670
411188958384441	411189001116159	411188958893659
411188975046628	411189017785847	411188975421889
411188991713659	411189034455221	411189007183920
411189008405014	411189051121888	411189008777878
411189043163972	411189067790482	411189043623972
411189043357357	411189084461524	411189043667566
411189060102357	411189101132461	411189060620170
411189076692201	411189117802982	411189077156628
411189093387670	411189134474284	411189093763034
411189110052982	411189151144128	411189110474753
411189126733920	411189167815430	411189140127357
411189143405066	411189184488190	411189143725534
411189177318816	411189201160378	411189177714909
411189177494128	411189217830586	411189177720847
411189194172409	411189234503086	411189194655066
411189210819753	411189251173763	411189211341003
411189227539753	411189267845325	411189227936159
411189244196628	411189284520534	411189244573816
411189260866316	411189301195482	411189269051003
411189293866576	411189317866211	411189294410066
411189294211784	411189334535951	411189294425638
411189310883503	411189351206836	411189311291003
411189327565847	411189367879023	411189327941628
411189344217670	411189384547097	411189344632513
411189360895066	411189401217409	411189361310222
411189377554284	411189417885429	411189386347357
411189411916107	411189434553346	411189412451628
411189412145951	411189451222356	411189412455222
411189428723607	411189467890065	411189429136472
411189445408659	411189484559440	411189445811107
411189462092513	411189501228867	411189462476107
411189478782722	411189517894284	411189479170690
411189495423815	411189534561940	411189499021940
411189530488347	411189551230117	411189530967045
411189530788815	411189567898554	411189530970378
411189547506940	411189584566263	411189547899388
411189564240534	411189601236419	411189564724440
411189580890065	411189617908034	411189581273815
411189597610638	411189634580273	411189597979128
411189614267097	411189651251524	411189614648190
411189630927253	411189667922201	411189644867878
411189647600013	411189684593919	411189647911940
411189682561732	411189701268659	411189682876003
411189682734128	411189717941731	411189682888503
411189699590013	411189734617357	411189700137513
411189716160378	411189751291888	411189716562097
411189732839597	411189767963815	411189733254753
411189749515170	411189784634232	411189749945065
411189766173659	411189801304180	411189781671263
411189782847409	411189817975430	411189783133920
411189818434597	411189834643867	411189818857201
411189818763815	411189851314648	411189818891888
411189835420847	411189867986003	411189835810847
411189852043294	411189884657669	411189852407357
411189868773972	411189901329024	411189869193919
411189885448190	411189918002930	411189885830326
411189902076419	411189934673450	411189915152565
411189918818451	411189951343658	411189919172097
411189954749701	411189984681159	411189955140013
411189955025847	411190001349648	411189955147513
411189971661263	411190018022513	411189972101628
411189988345222	411190034693034	411189988780013
411190005033503	411190051364544	411190005416576
411190021677826	411190068034335	411190022068607
411190038378503	411190084703346	411190047461003
411190074141315	411190101370221	411190074675846
411190074446628	411190118037252	411190074681315
411190091054753	411190134705325	411190091475482
411190107743763	411190151375898	411190108127253
411190124377878	411190168045481	411190124753138
411190141059440	411190184713762	411190141479388
411190157743815	411190201383137	411190166101732
411190193172565	411190218052617	411190193617826
411190193484232	411190234721680	411190193623138
411190210160013	411190251391523	411190210563763
411190226778294	411190268060169	411190227187721
411190243469596	411190284727044	411190243857721
411190260164596	411190301397513	411190260534284
411190276816784	411190318066679	411190282014753
411190311283971	411190334734804	411190311868190
411190311721576	411190351400585	411190311878294
411190328163503	411190368065429	411190328650221
411190344834440	411190384731575	411190345284128
411190361536315	411190401397669	411190361997409
411190378198503	411190418063398	411190378584909
411190394816315	411190434728711	411190415583190
411190411633346	411190451394648	411190415653346
411190447159128	9223372036854775807	411190447524753

POLL t=289.9 tick=3326
16666666
411199471708187	411199518286624	411199472190478
411199488364124	411199534955530	411199488751728
411199505015478	411199551626572	411199505394124
411199521727562	411199568294488	411199521937666
411199538394228	411199584960269	411199547290010
411199572862197	411199601626207	411199573382405
411199573110687	411199618294488	411199573388812
411199589728655	411199634962926	411199590114437
411199606364853	411199651631571	411199606748760
411199623056624	411199668300321	411199623442718
411199639708916	411199684969645	411199640103187
411199656449228	411199701636676	411199665877666
411199689135166	411199718301676	411199689634437
411199689808655	411199734972717	411199689910999
411199706468030	411199751638082	411199706864905
411199723135374	411199768303499	411199723516312
411199739841884	411199784967717	411199740220791
411199756520999	411199801630217	411199756898343
411199773191155	411199818294123	411199781527405
411199814024853	411199834960009	411199814441884
411199814142822	411199851625894	411199814449384
411199830869124	411199868291884	411199831400999
411199847497249	411199884958551	411199847889541
411199864262509	411199901624697	411199864597405
411199880891780	411199918292613	411199881276780
411199897562822	411199934955425	411199908648499
411199932546572	411199951621519	411199933037561
411199932710843	411199968287092	411199933041155
411199949383968	411199984953238	411199949772405
411199966045009	411200001617144	411199966453030
411199982769072	411200018281780	411199983137561
411199999438186	411200034945843	411199999810686
411200016067041	411200051607405	411200032348811
411200032725218	411200068270477	411200032850843
411200067941468	411200084935738	411200068211884
411200068128134	411200101598916	411200068221468
411200084848186	411200118263967	411200085417197
411200101490166	411200134929384	411200102003655
411200118171624	411200151592144	411200118540478
411200134835374	411200168256363	411200135206468
411200151497666	411200184919436	411200165235061
411200168240947	411200201585790	411200168602874
411200203114228	411200234917665	411200203414280
411200203298499	411200251584332	411200203420686
411200221020322	411200268250530	411200221959280
411200237081884	411200284916051	411200238048343
411200254091155	411200301585008	411200254857822
411200270622249	411200318256832	411200271421780
411200287458343	411200334925009	411200298868447
411200319460686	411200351593238	411200319769749
411200320661624	411200368259175	411200321686103
411200336970686	411200384924800	411200337935374
411200353675061	411200401591780	411200354507093
411200370293968	411200418260113	411200371206103
411200387368759	411200434928551	411200388221624
411200404338655	411200451599071	411200415978603
411200420940374	411200468267040	411200421968499
411200455396468	411200484937821	411200456063499
411200455644072	411200501610582	411200456067874
411200472271624	411200518282040	411200472724384
411200488916103	411200534952561	411200489409749
411200505602040	411200551623290	411200505988603
411200522275061	411200568292352	411200522667822
411200538944540	411200584959332	411200557665530
411200555678655	411200601627664	411200557673499
411200589565217	411200618298082	411200590039697
411200589739905	411200634965789	411200590045217
411200606379280	411200651629592	411200606800009
411200623036467	411200668293186	411200623484592
411200639692561	411200684960790	411200640148134
411200656436936	411200701627925	411200656898603
411200673055842	411200718296415	411200673440217
411200689732561	411200734964384	411200692681311
411200723639072	411200751630112	411200724427249
411200723794280	411200768300164	411200724432665
411200740501311	411200784968915	411200740941311
411200757220165	411200801632717	411200757610947
411200773873655	411200818298602	411200774282249
411200790594540	411200834961519	411200790967092
411200807271467	411200851625425	411200818279280
411200843542561	411200868290790	411200843984124
411200843826728	411200884959019	411200843990478
411200860501780	411200901625477	411200860892717
411200877173811	411200918293342	411200877564749
411200893845530	411200934961728	411200894216311
411200910493186	411200951628602	411200910859905
411200927283915	411200968297822	411200932284749
411200962587249	411200984966519	411200963029592
411200962854436	411201001635477	411200963037405
411200979595530	411201018301362	411200980057353
411200996233499	411201034969592	411200996635217
411201012923030	411201051640581	411201013301571
411201029584280	411201068310946	411201029945999
411201046259853	411201084982404	411201051463342
411201081428603	411201101653550	411201081935686
411201081774749	411201118324956	411201081945061
411201098420009	411201134993915	411201098805842
411201115056728	411201151664904	411201115448499
411201131759071	411201168338706	411201132137665
411201148421624	411201185012769	411201148807561
411201165208030	411201201681519	411201169586311
411201199414384	411201218351102	411201199572717
411201199846571	411201235022509	411201199963967
411201216551936	411201251691675	411201216950373
411201233172353	411201268360061	411201233560217
411201249878030	411201285028550	411201250248498
411201266503030	411201301696155	411201266880373
411201283224540	411201318364279	411201286166259
411201313402978	411201335030842	411201313770998
411201316578811	411201351698810	411201316884592
411201333151155	411201368366675	411201333592717
411201349798342	411201385034540	411201350173655
411201366513186	411201401701311	411201366888342
411201383191467	411201418370738	411201399774071
411201399845634	411201435043498	411201399934384
411201434810217	411201451715216	411201435928759
411201435035530	411201468384592	411201435960061
411201451715634	411201485054018	411201452237353
411201468411571	411201501725268	411201468867405
411201484995998	411201518395061	411201485420998
411201501722873	411201535065008	411201502244905
411201518374436	411201551737456	411201518749280
411201535040061	411201568412196	411201541973498
411201570737092	411201601755061	411201571040530
411201571054071	411201618427195	411201571177405
411201587726103	411201635099279	411201588324748
411201604524071	9223372036854775807	411201605311311

POLL t=301.2 tick=3447
16666666
411210719773755	411210753538546	411210720225318
411210736532974	411210770203598	411210737109276
411210753178182	411210786868234	411210753547037
411210769801880	411210803537661	411210786772818
411210786547870	411210820206984	411210786836776
411210822245526	411210853542765	411210822600214
411210822441880	411210870210578	411210822627193
411210839587557	411210886875161	411210840640214
411210855756724	411210903542713	411210856764276
411210872818755	411210920210526	411210873584432
411210889398026	411210936879223	411210890263964
411210906028339	411210953547244	411210906858339
411210922779432	411210970214484	411210925780682
411210957661307	411210986881567	411210958427974
411210958009849	411211003548026	411210958435214
411210974588182	411211020212921	411210974966307
411210991227557	411211036877349	411210991675214
411211007931880	411211053542453	411211008374432
411211024614068	411211070206359	411211025000370
411211041283443	411211086871411	411211053305995
411211057962349	411211103537400	411211058468495
411211092448599	411211120203546	411211092982401
411211092651932	411211136869588	411211093006411
411211109349068	411211153531358	411211109978651
411211125961932	411211170192660	411211126539901
411211142600057	411211186858442	411211143054432
411211159363599	411211203524119	411211159801307
411211176038599	411211220188963	411211176550213
411211192673338	411211236852609	411211202077661
411211226959536	411211253514484	411211227522557
411211227188911	411211270177921	411211227534276
411211243837088	411211286840681	411211244221099
411211260476463	411211303506046	411211260874588
411211277190682	411211320172348	411211277564276
411211293856099	411211336836671	411211294231724
411211310554432	411211353503338	411211320964380
411211342026307	411211370170942	411211342481568
411211343777401	411211386838442	411211344098651
411211360468651	411211403507348	411211360899120
411211377145995	411211420174744	411211377535057
411211393825213	411211436840890	411211394218026
411211410525005	411211453507713	411211410950057
411211427191880	411211470174952	411211433286776
411211443926151	411211486841150	411211444448963
411211460468651	411211503512297	411211460918963
411211495010995	411211520182192	411211495735474
411211495520786	411211536852817	411211495740942
411211511983651	411211553525473	411211512436411
411211528662088	411211570195369	411211529157036
411211545361932	411211586864588	411211545801567
411211562029224	411211603533651	411211562410005
411211578705838	411211620201046	411211589490474
411211613113495	411211636869901	411211613613286
411211613303182	411211653537712	411211613617557
411211629959432	411211670209067	411211630390526
411211646602713	411211686879223	411211646985526
411211663303442	411211703550525	411211663678495
411211679956463	411211720220681	411211680341411
411211696684588	411211736891151	411211700904380
411211730844119	411211753561984	411211731346307
411211731025369	411211770231463	411211731350838
411211747697869	411211786900681	411211748105942
411211764396463	411211803572140	411211764771619
411211781065057	411211820243233	411211781438182
411211797728911	411211836913963	411211798104692
411211814399119	411211853582973	411211816633494
411211847855213	411211870251254	411211848313651
411211848088494	411211886917556	411211848319119
411211864750369	411211903586879	411211865273442
411211881416463	411211920257765	411211881812817
411211898035630	411211936929952	411211898457505
411211914776151	411211953601358	411211915297661
411211931452505	411211970274014	411211932018599
411211948120317	411211986947764	411211953322088
411211982066724	411212003618650	411211982593651
411211982375838	411212020291359	411211982599432
411211998969588	411212036963807	411211999359224
411212015682349	411212053634380	411212016072557
411212032392713	411212070303598	411212032755682
411212049051463	411212086974014	411212049422869
411212065783182	411212103645057	411212071666255
411212100413651	411212120313962	411212100850526
411212100689276	411212136985369	411212100886619
411212117411463	411212153654171	411212117832974
411212134039432	411212170321931	411212134431619
411212150750786	411212186990786	411212151178494
411212167422661	411212203659535	411212167843963
411212184140994	411212220327348	411212184486619
411212200743026	411212236992973	411212201287817
411212234293651	411212253661358	411212234583911
411212234478911	411212270328858	411212234591723
411212251243286	411212286996411	411212251727713
411212267849432	411212303664692	411212268282869
411212284584276	411212320331879	411212284952973
411212301238182	411212336999380	411212301607557
411212317887973	411212353669588	411212334662973
411212334767244	411212370338233	411212334900838
411212371378182	411212403673286	411212372147973
411212372224900	411212420338806	411212372148494
411212389593807	411212437004639	411212390536619
411212406507661	411212453672504	411212407402869
411212422851932	411212470339119	411212423743338
411212439540630	411212487003337	411212440373025
411212456491932	411212503670369	411212475055838
411212473289275	411212520339535	411212475062713
411212508102713	411212537009223	411212508546567
411212508327557	411212553675733	411212508550942
411212525017088	411212570343545	411212525527400
411212541633650	411212587013233	411212542050161
411212558281932	411212603683962	411212558658442
411212574997817	411212620355213	411212575569432
411212591671255	411212637023442	411212592072661
411212608360525	411212653690056	411212614265630
411212642980525	411212670355629	411212643513963
411212643190838	411212687019223	411212643517869
411212659847400	411212703689692	411212660283963
411212676517400	411212720362295	411212676947557
411212693207400	411212737032191	411212693587817
411212709848494	411212753702921	411212710276567
411212726554692	411212770373546	411212733743650
411212760639848	411212787039796	411212761160369
411212760868025	411212803710472	411212761169119
411212777523755	411212820377869	411212777962400
411212794170213	411212837046514	411212794556307
411212810867557	411212853718182	411212811303911
411212827553807	411212870387608	411212827954432
411212844244900	411212887055993	411212851992661

POLL t=312.4 tick=3527
16666666
411221989477553	411222036783178	411221990338907
411222005946251	411222053451407	411222019716303
411222022730053	411222070118073	411222023788959
411222056712866	411222086787084	411222057029741
411222056883022	411222103456772	411222057033022
411222073542241	411222120124740	411222073976563
411222090203647	411222136791667	411222090653282
411222106931928	411222153456511	411222107167032
411222123585209	411222170121772	411222124015522
411222140281303	411222186781823	411222140851459
411222156879116	411222203443906	411222167439532
411222191939688	411222220106459	411222192453647
411222192259740	411222236769427	411222192460470
411222208864897	411222253433386	411222209289532
411222225527657	411222270095990	411222225967813
411222242211095	411222286760469	411222242598490
411222258901303	411222303425677	411222259336147
411222275566147	411222320090886	411222285398907
411222310493438	411222336756979	411222310997865
411222310746615	411222353423230	411222311004063
411222327395001	411222370087917	411222327793022
411222344064740	411222386755365	411222344496615
411222360751459	411222403423490	411222361128438
411222377419584	411222420093906	411222377799688
411222394090782	411222436764532	411222402339845
411222428662188	411222453434688	411222429214584
411222428892240	411222470102344	411222429220834
411222445526407	411222486771459	411222445950990
411222462198178	411222503438074	411222462764272
411222478868178	411222520101511	411222479244584
411222495569428	411222536767188	411222495939063
411222512275001	411222553432500	411222519972813
411222544584688	411222570098282	411222545085209
411222545521928	411222586761928	411222545879428
411222562234272	411222603425417	411222562670470
411222578940053	411222620090209	411222579405938
411222595573438	411222636753334	411222595950470
411222612259376	411222653414896	411222612633647
411222628931407	411222670078542	411222637145365
411222663795990	411222686744896	411222664350834
411222664095157	411222703410729	411222664355938
411222680695938	411222720076823	411222680940626
411222697345834	411222736740573	411222697749428
411222713999844	411222753403333	411222714382397
411222730707813	411222770063907	411222731136094
411222747393594	411222786728073	411222754624063
411222782400209	411222803393333	411222782867969
411222782519584	411222820062865	411222782882709
411222799222188	411222836731510	411222799618334
411222815858490	411222853400573	411222816239532
411222832563021	411222870068073	411222832953126
411222849232553	411222886734843	411222849610678
411222865956771	411222903396667	411222867329688
411222900544271	411222920061303	411222901085782
411222900859740	411222936722239	411222901156146
411222917455001	411222953385365	411222917983282
411222934095678	411222970048385	411222934626771
411222950787084	411222986712864	411222951235053
411222967456459	411223003375573	411222967826876
411222984149219	411223020038229	411222984524688
411223000766459	411223036699740	411223003334115
411223035307032	411223053362240	411223035646459
411223035534115	411223070026407	411223035653490
411223052214271	411223086692136	411223052628803
411223068852084	411223103360313	411223069297709
411223085491876	411223120026875	411223086023959
411223102245521	411223136692031	411223102759376
411223118893490	411223153357448	411223119273803
411223135575678	411223170024792	411223137010365
411223170884428	411223203354323	411223171329532
411223171333021	411223220021302	411223171523021
411223188756719	411223236687865	411223189712032
411223205701094	411223253355156	411223206652084
411223222542553	411223270024532	411223223376615
411223239374063	411223286694323	411223240162865
411223256200001	411223303361770	411223268445834
411223273231146	411223320030520	411223274182396
411223306863646	411223336699948	411223307054688
411223307137084	411223353367084	411223307211407
411223323757709	411223370033646	411223324208907
411223340412709	411223386700833	411223340850990
411223357157084	411223403368125	411223357629115
411223373838803	411223420036146	411223374054271
411223390513282	411223436702812	411223402300365
411223407353646	411223453368907	411223407658438
411223436600000	411223470036771	411223436988334
411223440478959	411223486702917	411223441230000
411223457141771	411223503370834	411223457535834
411223473780469	411223520035989	411223474177188
411223490518490	411223536702604	411223490903334
411223507190209	411223553370052	411223507555521
411223523870469	411223570037135	411223528471250
411223558996927	411223586706458	411223559454271
411223559568490	411223603373437	411223559664532
411223576205052	411223620040052	411223576737084
411223592809584	411223636705416	411223593308594
411223609452188	411223653370416	411223609867188
411223626162813	411223670036459	411223626548177
411223642828646	411223686701875	411223643196927
411223659501771	411223703368958	411223659790209
411223694583021	411223720036198	411223695051771
411223694792240	411223736704427	411223695057084
411223711540209	411223753375104	411223711997344
411223728133177	411223770047760	411223728522240
411223744864584	411223786714740	411223745270938
411223761467396	411223803383698	411223761885834
411223778138334	411223820049584	411223792247084
411223794855677	411223836716459	411223795210052
411223826129896	411223853383854	411223826639271
411223828238646	411223870049479	411223828663646
411223844809375	411223886714218	411223845254219
411223861519740	411223903378802	411223861940677
411223878188490	411223920044531	411223878627188
411223894846459	411223936710833	411223895231563
411223911511615	411223953375521	411223920513282
411223945996146	411223970039010	411223946509427
411223946241146	411223986701771	411223946518959
411223962874584	411224003366927	411223963288021
411223979524896	411224020031979	411223979920209
411223996251459	411224036695833	411223996615469
411224012909427	411224053360260	411224013286927
411224029598802	411224070027552	411224034583646
411224059353334	411224086693489	411224059790365
411224062967031	411224103363489	411224063341927
411224079549740	411224120033646	411224079987188
411224096201771	411224136703177	411224096590000
411224112941875	9223372036854775807	411224113324740

POLL t=323.6 tick=3607
16666666
411233144956611	411233186222288	411233145388174
411233161610934	411233202887809	411233161997497
411233178330934	411233219553902	411233178756768
411233195001403	411233236219528	411233195375986
411233211666611	411233252886871	411233217858330
411233246326611	411233269554580	411233246808643
411233246575361	411233286222861	411233246813747
411233263215674	411233302891090	411233263652236
411233279821872	411233319557287	411233280265830
411233296534372	411233336220725	411233296968122
411233313216455	411233352883173	411233313603174
411233329884372	411233369547235	411233337888486
411233364668330	411233386210517	411233365240830
411233364902549	411233402873902	411233365250830
411233381508017	411233419540465	411233381904580
411233398187861	411233436206662	411233398709111
411233414875986	411233452873798	411233415417549
411233431524580	411233469541715	411233431909892
411233448204267	411233486209580	411233459754892
411233479796767	411233502878121	411233480226559
411233481487392	411233519543746	411233481809267
411233498425361	411233536207912	411233498837549
411233514853486	411233552872548	411233515239267
411233531542392	411233569538902	411233531940205
411233548228799	411233586205933	411233548593799
411233564924424	411233602874163	411233569679997
411233598875049	411233619541924	411233599345778
411233599091559	411233636209788	411233599356247
411233615754736	411233652878121	411233616175986
411233632393330	411233669545985	411233632837236
411233649093122	411233686213642	411233649596299
411233665742965	411233702882808	411233666130674
411233682401767	411233719551194	411233691190205
411233717648903	411233736217027	411233717963174
411233717901715	411233752884267	411233717994111
411233734532340	411233769553434	411233734972705
411233751163122	411233786220049	411233751616090
411233767830830	411233802888277	411233768386090
411233784557496	411233819556663	411233785090517
411233801199996	411233836224684	411233801579580
411233817865205	411233852893798	411233827174736
411233853869684	411233886233590	411233854207861
411233854098017	411233902903226	411233854212861
411233871720153	411233919573798	411233872682861
411233888211299	411233936242080	411233889273903
411233905122496	411233952911194	411233905940674
411233922020517	411233969580464	411233922835361
411233938765049	411233986249215	411233944801142
411233973411142	411234002917756	411233973947548
411233973653017	411234019585412	411233973952340
411233990283278	411234036253954	411233990672705
411234006950517	411234052922131	411234007394059
411234023642392	411234069591038	411234024041559
411234040312705	411234086259058	411234040687705
411234056992653	411234102928277	411234066123486
411234088308955	411234119597235	411234088626298
411234090240205	411234136266506	411234090685830
411234106936611	411234152935830	411234107363746
411234123568330	411234169604631	411234123955205
411234140434111	411234186274475	411234140805517
411234156942392	411234202944475	411234157324528
411234173655048	411234219613277	411234180298746
411234208154580	411234236281766	411234208592340
411234208565986	411234252951871	411234208750257
411234225040309	411234269625464	411234225547809
411234241663017	411234286297912	411234242084684
411234258364111	411234302966923	411234258874684
411234275065309	411234319632756	411234275569423
411234291718017	411234336299058	411234292145205
411234308572965	411234352965153	411234311313903
411234342779111	411234369630777	411234343597392
411234343093434	411234386298329	411234343603121
411234359685830	411234402961975	411234360119580
411234376339736	411234419625308	411234376825205
411234393019840	411234436292079	411234393407080
411234409692392	411234452960673	411234410072652
411234426356455	411234469628641	411234436571298
411234460783746	411234486295517	411234461409007
411234461192496	411234502960621	411234461427184
411234477687965	411234519623902	411234478084423
411234494391246	411234536287913	411234494778017
411234511078173	411234552950829	411234511445205
411234527763486	411234569615881	411234528151298
411234544407548	411234586281142	411234547470361
411234578955048	411234602946194	411234579324736
411234579158017	411234619613381	411234579336871
411234595952184	411234636277131	411234596333798
411234612571767	411234652940412	411234612973017
411234629249059	411234669603433	411234629625152
411234645910465	411234686268485	411234646286142
411234662603798	411234702934162	411234669338017
411234698427548	411234719600256	411234698879579
411234698750465	411234736270204	411234698880517
411234715418954	411234752937339	411234715828642
411234732112652	411234769604006	411234732524215
411234748719267	411234786272912	411234749096454
411234765391611	411234802936923	411234765776142
411234782119736	411234819601194	411234787269736
411234817829059	411234836266506	411234818187548
411234818069996	411234852932964	411234818192184
411234835375152	411234869599058	411234835821454
411234852086246	411234886264631	411234852441090
411234868716715	411234902930256	411234869081767
411234885404267	411234919598485	411234885754736
411234902028173	411234936264162	411234910995204
411234938453017	411234969597912	411234938793329
411234938814736	411234986264787	411234938971298
411234955655256	411235002930724	411234956386142
411234972105986	411235019599006	411234972810517
411234988835777	411235036269892	411234989653954
411235005507079	411235052939839	411235006224579
411235022172392	411235069609631	411235032473590
411235057245986	411235086278277	411235057748954
411235057499996	411235102945986	411235057754892
411235074155517	411235119615673	411235074523277
411235090771871	411235136283954	411235091163017
411235107491454	411235152950933	411235107878173
411235124174892	411235169618016	411235124551767
411235140851767	411235186284579	411235150133121
411235176791246	411235202951610	411235177271402
411235177025986	411235219617964	411235177314111
411235193657079	411235236285725	411235194036923
411235210438121	411235252953017	411235210766923
411235226979736	411235269618016	411235227364215
411235243641767	411235286286923	411235244062340
411235260357808	411235302954422	411235266003642
411235294787808	9223372036854775807	411235295245465

POLL t=334.7 tick=3688
16666666
411244282009420	411244305017597	411244282540826
411244282215670	411244321689003	411244282544055
411244298853795	411244338363898	411244299310826
411244315525617	411244355037284	411244315979420
411244332187701	411244371711919	411244332570201
411244348922076	411244388387440	411244349313117
411244365584836	411244405060981	411244376483482
411244400183638	411244421734679	411244400716295
411244400391607	411244438408742	411244400722388
411244417022701	411244455079159	411244417468013
411244433675826	411244471748325	411244434172545
411244450345774	411244488419940	411244450730149
411244467032336	411244505091606	411244467414732
411244483701555	411244521764575	411244493386763
411244517807388	411244538437283	411244518336451
411244518093013	411244555111086	411244518341451
411244534678638	411244571779523	411244535063794
411244551322492	411244588449419	411244551793482
411244568019055	411244605117908	411244568438794
411244584666763	411244621784159	411244585053430
411244601346763	411244638450304	411244618184107
411244618124680	411244655119783	411244618240149
411244649375513	411244671791606	411244649706919
411244651376399	411244688465253	411244651728117
411244668016555	411244705137492	411244668426607
411244684660149	411244721812179	411244685051242
411244701371242	411244738483742	411244701757805
411244718022544	411244755154523	411244718463013
411244734693169	411244771824835	411244741872232
411244769649055	411244788496399	411244769981919
411244769861555	411244805165617	411244769990513
411244786566763	411244821835044	411244787071138
411244803188482	411244838505252	411244803784211
411244819866711	411244855176190	411244820249263
411244836547076	411244871846971	411244836922336
411244853226138	411244888518273	411244868457024
411244869890201	411244905191137	411244870261294
411244905052961	411244921861971	411244905484576
411244905275669	411244938532648	411244905491138
411244922066919	411244955202231	411244922593898
411244938644888	411244971871815	411244939100201
411244955208117	411244988542284	411244955651867
411244971977232	411245005213898	411244972475826
411244988613951	411245021883794	411244988986711
411245005388898	411245038554679	411245012712492
411245041363638	411245071898950	411245041738430
411245041587492	411245088570825	411245041745669
411245058260305	411245105241658	411245059055669
411245074876086	411245121912283	411245075096607
411245091546867	411245138583169	411245091920201
411245108306919	411245155254887	411245108771398
411245124933638	411245171924002	411245125145982
411245141606763	411245188594835	411245143630148
411245175933638	411245205267544	411245176734263
411245176269732	411245221937439	411245176737857
411245192867388	411245238607283	411245193321711
411245209525461	411245255276034	411245209976711
411245226259680	411245271945721	411245226757388
411245242910513	411245288617127	411245243328013
411245259573638	411245305288742	411245259945513
411245276209888	411245321960356	411245291980930
411245292914107	411245338632700	411245293232961
411245327319523	411245355307491	411245327880461
411245327520825	411245371983325	411245327899575
411245344234211	411245388656606	411245344788482
411245360816450	411245405330408	411245361339575
411245377470200	411245422002127	411245377945148
411245394179888	411245438670721	411245394781919
411245410869107	411245455343689	411245411291919
411245427533794	411245472015616	411245435416763
411245462650461	411245488683637	411245463138898
411245462893430	411245505351502	411245463144211
411245479526607	411245522020981	411245479925825
411245496158273	411245538691710	411245496617336
411245512856555	411245555364107	411245513302075
411245529571555	411245572036814	411245529990044
411245546251450	411245588710043	411245561122388
411245562984836	411245605380721	411245563382961
411245597994367	411245622054211	411245598500357
411245598293013	411245638728013	411245598507075
411245614995148	411245655402491	411245615511763
411245631566138	411245672078012	411245631999107
411245648268638	411245688752908	411245648653169
411245664951294	411245705429575	411245665333325
411245681630044	411245722104054	411245693372232
411245698379836	411245738775877	411245698715773
411245733983586	411245755450096	411245734520461
411245734630773	411245772123742	411245734786138
411245751239992	411245788793637	411245751674992
411245767858273	411245805464471	411245768274263
411245784564263	411245822132439	411245784933325
411245801231138	411245838800877	411245801613169
411245817865356	411245855469783	411245835343429
411245834604263	411245872138429	411245835349836
411245870765304	411245888807595	411245871528325
411245871396554	411245905476970	411245871529523
411245887977179	411245922147439	411245888505044
411245904563273	411245938818533	411245904966450
411245921201554	411245955489471	411245921607700
411245937895669	411245972160928	411245938264731
411245954580669	411245988831241	411245967747336
411245971251919	411246005500825	411245971588117
411246006216919	411246038841086	411246006580825
411246006602388	411246055511501	411246006750825
411246024496919	411246072182700	411246025368638
411246041120044	411246088851293	411246042054263
411246058247648	411246105520147	411246059040356
411246074716919	411246122189210	411246075558325
411246091570200	411246138859887	411246102728273
411246108026398	411246155529418	411246109045669
411246142002804	411246172196866	411246142867075
411246142206450	411246188865095	411246142936606
411246158890461	411246205532543	411246159140044
411246175532961	411246222198324	411246175979888
411246192183898	411246238865407	411246192638794
411246208839419	411246255533637	411246209289679
411246225597700	411246272203221	411246225938638
411246242230513	411246288876866	411246257744731
411246258894679	411246305549262	411246258987075
411246293078742	411246322218793	411246293601138
411246293349992	411246338887387	411246293607856
411246309931294	411246355557752	411246310475981
411246326590825	411246372228377	411246327126763
411246343266294	411246388899783	411246343653429
411246359926138	411246405572074	411246360310044
411246376616242	411246422248116	411246376993898
411246393408794	9223372036854775807	411246394299992

POLL t=345.9 tick=3806
16666666
411255461604572	411255507390717	411255461876447
411255478243634	411255524062540	411255478646707
411255494900978	411255540733946	411255495349103
411255511595509	411255557405561	411255511967228
411255528261707	411255574074467	411255528645457
411255544929884	411255590747279	411255554611863
411255577505978	411255607423009	411255577993426
411255578250457	411255624097071	411255578398322
411255594898009	411255640768946	411255595299103
411255611578009	411255657440092	411255611988113
411255628272696	411255674110509	411255628649415
411255644981863	411255690780925	411255645353165
411255661649363	411255707451966	411255664956394
411255695581603	411255724123164	411255696111551
411255695809571	411255740795143	411255696114884
411255712451759	411255757466967	411255712865821
411255729094207	411255774136915	411255729518321
411255745771238	411255790807227	411255746156290
411255762479103	411255807478425	411255762857801
411255779149571	411255824145717	411255786489051
411255813480613	411255840815248	411255814001290
411255813791603	411255857485040	411255814009207
411255830383426	411255874155091	411255830776759
411255847043634	411255890826134	411255847515509
411255863740821	411255907498946	411255864112071
411255880404884	411255924170456	411255880795978
411255897082957	411255940842540	411255908430769
411255928813946	411255957512175	411255929279571
411255930324676	411255974184415	411255930657228
411255947074363	411255990855769	411255947503894
411255963693478	411256007528009	411255964078478
411255980385353	411256024199727	411255980765353
411255997079207	411256040874466	411255997467957
411256013749832	411256057546810	411256025404051
411256048834832	411256074217956	411256049326759
411256049085665	411256090889884	411256049332800
411256065738165	411256107562487	411256066115040
411256082367488	411256124235665	411256082761446
411256099028582	411256140908582	411256099513425
411256115724571	411256157583946	411256116280509
411256132428425	411256174260040	411256148125769
411256149099884	411256190931655	411256149464728
411256182972384	411256207604467	411256183777071
411256183248113	411256224276915	411256183781550
411256199825665	411256240949623	411256200262019
411256216481134	411256257621029	411256216976446
411256233187019	411256274293112	411256233564571
411256249844884	411256290967331	411256250229728
411256266504102	411256307636081	411256276413582
411256300505821	411256324305040	411256301085040
411256300711134	411256340974363	411256301094571
411256317332384	411256357645092	411256317763113
411256333984050	411256374318789	411256334414415
411256350691707	411256390993477	411256351192800
411256367356602	411256407667071	411256367793165
411256384033946	411256424341237	411256392390821
411256418383894	411256441015560	411256418901290
411256418604832	411256457687487	411256418907332
411256435285665	411256474360300	411256435671759
411256451913894	411256491033946	411256452300196
411256468574519	411256507708477	411256468975196
411256485285509	411256524381029	411256485669571
411256501958738	411256541052904	411256509021550
411256536571134	411256557725248	411256537055665
411256536795925	411256574394831	411256537061602
411256553455352	411256591066497	411256553830300
411256570091290	411256607740873	411256570525665
411256586797227	411256624412383	411256587232227
411256603473425	411256641084154	411256603901602
411256620120925	411256657755821	411256635983321
411256636835509	411256674426602	411256637207644
411256670418634	411256691099206	411256671015613
411256670705769	411256707770040	411256671019259
411256687345144	411256724443060	411256687789102
411256704065613	411256741115508	411256704502852
411256720695300	411256757786966	411256721146550
411256737411134	411256774455352	411256737800040
411256754062227	411256791126446	411256769445665
411256770740144	411256807795248	411256771025352
411256805706134	411256824465196	411256806367331
411256806455665	411256841134362	411256806607384
411256822878634	411256857804414	411256823282384
411256839578269	411256874470717	411256839979675
411256856252540	411256891138425	411256856626394
411256872934415	411256907805508	411256873295821
411256889621238	411256924475352	411256892548946
411256925212383	411256957809102	411256925980196
411256925469363	411256974476653	411256925995300
411256943737383	411256991144362	411256944579102
411256960253165	411257007812800	411256961129415
411256977429102	411257024482799	411256978259102
411256994019988	411257041156133	411256994785456
411257010679102	411257057825665	411257020781446
411257027610352	411257074494519	411257028596758
411257055800769	411257091163946	411257056149206
411257061473738	411257107831914	411257062394675
411257077288738	411257124502904	411257078107540
411257093699831	411257141174258	411257094605352
411257110250196	411257157844466	411257111103165
411257127133946	411257174515612	411257127945352
411257144155196	411257191187070	411257151205456
411257177565977	411257207860404	411257177754154
411257177969415	411257224534988	411257178807331
411257194604519	411257241209258	411257195054102
411257211270352	411257257880091	411257211659675
411257228024883	411257274555664	411257228210613
411257244653790	411257291229571	411257244877331
411257261326133	411257307901342	411257267443008
411257298683269	411257324571654	411257299163894
411257298958008	411257341243008	411257299168790
411257315636394	411257357911654	411257316363373
411257332266446	411257374580612	411257332626238
411257348979206	411257391249883	411257349332019
411257365656446	411257407919727	411257366030769
411257382332800	411257424588685	411257388336706
411257416710300	411257441257696	411257417238008
411257416970300	411257457927175	411257417242956
411257433597071	411257474595091	411257433982227
411257450257956	411257491265300	411257450784675
411257466933425	411257507936289	411257467329831
411257483594102	411257524607331	411257484039415
411257500259102	411257541277852	411257510499883
411257531536446	411257557948424	411257531984415
411257533561602	411257574619049	411257533806290
411257550345977	411257591288268	411257550797227
411257566940039	411257607956289	411257567373321
411257583628008	9223372036854775807	411257584044883

POLL t=357.1 tick=3887
16666666
411266622471078	411266643778733	411266623009724
411266622784359	411266660453421	411266623020192
411266639368734	411266677127171	411266639811599
411266656146078	411266693799098	411266656574411
411266672693474	411266710472171	411266673064099
411266689415505	411266727144879	411266689776755
411266706077380	411266743818837	411266711969515
411266741590192	411266760492327	411266741959255
411266741859255	411266777163317	411266741965661
411266758495192	411266793835557	411266758874046
411266775152484	411266810505817	411266775597067
411266791850453	411266827176650	411266792222380
411266808514671	411266843846650	411266808889255
411266825177536	411266860516546	411266836536078
411266861709723	411266893861910	411266862046598
411266861846755	411266910534514	411266862056078
411266879485817	411266927204827	411266880496911
411266895721078	411266943876442	411266896663005
411266912929515	411266960547171	411266913778734
411266929539723	411266977220556	411266930404359
411266946454515	411266993894931	411266947314671
411266981027692	411267010567067	411266981788109
411266981463786	411267027238368	411266981794098
411266997944359	411267043911181	411266998399411
411267014611442	411267060584775	411267015059880
411267031338109	411267077254931	411267031705348
411267048020817	411267093925921	411267048417015
411267064663005	411267110597587	411267077453317
411267081327328	411267127269462	411267081824255
411267115839567	411267143939202	411267116239515
411267116059098	411267160611754	411267116245348
411267132685817	411267177286493	411267133130609
411267149373005	411267193958994	411267149812692
411267165991130	411267210631546	411267166437796
411267182684255	411267227305139	411267183128473
411267199344984	411267243979098	411267199725348
411267216076859	411267260654723	411267216377223
411267262827848	411267294002379	411267263300036
411267262990296	411267310677171	411267263306286
411267279912536	411267327350087	411267281001442
411267296322796	411267344022743	411267296958473
411267312989098	411267360698785	411267313898786
411267329844827	411267377375348	411267330971755
411267346586598	411267394046963	411267347389567
411267363320973	411267410718577	411267366636911
411267398034202	411267427391129	411267398565921
411267398254723	411267444060452	411267398573629
411267414885817	411267460733368	411267415273577
411267431518004	411267477407015	411267431953473
411267448272067	411267494078785	411267448696390
411267464926598	411267510753264	411267465305348
411267481596911	411267527426962	411267494256129
411267498274827	411267544099097	411267498794879
411267532188629	411267560769671	411267532582952
411267532325504	411267577441858	411267532586911
411267549006859	411267594113681	411267549285036
411267565645348	411267610784462	411267566100192
411267582340348	411267627455400	411267582886129
411267599047796	411267644126025	411267599666598
411267615681286	411267660797848	411267628104046
411267632402379	411267677469149	411267632914671
411267664411754	411267694139306	411267665480817
411267665718629	411267710807484	411267665866442
411267682348473	411267727474723	411267682786911
411267699001286	411267744142639	411267699481286
411267715654567	411267760814879	411267716055504
411267732363890	411267777486546	411267732750765
411267749090452	411267794156390	411267755318942
411267783503265	411267810828056	411267784074515
411267783703942	411267827497275	411267784080296
411267800365036	411267844164358	411267800802015
411267817025452	411267860835347	411267817540817
411267833737067	411267877506129	411267834148317
411267850407067	411267894179722	411267850793161
411267867073317	411267910852327	411267876803317
411267901962952	411267927521025	411267902439567
411267902205504	411267944190400	411267902447536
411267918887848	411267960861077	411267919279879
411267935500817	411267977535191	411267935932067
411267952248577	411267994209827	411267952619723
411267968916286	411268010883993	411267969288629
411267985576286	411268027555347	411267991594827
411268016030504	411268044223629	411268016435921
411268018956598	411268060894046	411268019290452
411268035593577	411268077562535	411268036064098
411268052248004	411268094232587	411268052664671
411268068940608	411268110902795	411268069316754
411268085577015	411268127570920	411268085943942
411268102283317	411268144241233	411268104874879
411268137381285	411268160911806	411268137891546
411268137631754	411268177581650	411268137898160
411268154331910	411268194250400	411268154772692
411268170987483	411268210917482	411268171387379
411268187676754	411268227586805	411268188114827
411268204346598	411268244255555	411268204728785
411268221013317	411268260925400	411268233429879
411268237717848	411268277594462	411268238066702
411268273342015	411268294265295	411268273850348
411268273587952	411268310939358	411268273856233
411268290346754	411268327612952	411268290929358
411268306903160	411268344286754	411268307341754
411268323614567	411268360960139	411268324052067
411268340396754	411268377631702	411268340763629
411268356980140	411268394303525	411268369653421
411268373856858	411268410974462	411268374063785
411268408305504	411268427646129	411268408626129
411268408578265	411268444318264	411268408636129
411268425393004	411268460988733	411268425837327
411268441892796	411268477661076	411268442330973
411268458616233	411268494332743	411268459145452
411268475227640	411268511000244	411268475609567
411268491944098	411268527670139	411268492323733
411268508557067	411268544340296	411268513167848
411268545232379	411268577684098	411268545587171
411268545488108	411268594354306	411268545594410
411268563373317	411268611025660	411268564227067
411268579795192	411268627697170	411268580723160
411268596495817	411268644366546	411268597590139
411268613645192	411268661035712	411268614464410
411268630149098	411268677704827	411268643910192
411268646957952	411268694374983	411268648061910
411268682069671	411268711044045	411268682813160
411268682348421	411268727711701	411268682817171
411268698941233	411268744378733	411268699394827
411268715578316	411268761045607	411268716030191
411268732275139	411268777712274	411268732696910
411268749006129	9223372036854775807	411268749400348

POLL t=368.3 tick=3967
16666666
411277791055344	411277829638001	411277791498001
411277807634823	411277846309354	411277808017948
411277824373261	411277862982010	411277824746855
411277841040032	411277879655761	411277848085292
411277876116594	411277896329562	411277876522376
411277876428105	411277913002532	411277876528417
411277893028313	411277929674146	411277893412688
411277909699042	411277946343416	411277910189250
411277926399511	411277963014823	411277926815605
411277943063782	411277979688260	411277943446125
411277959720969	411277996359459	411277974895032
411277976368886	411278013027688	411277976747844
411278011464667	411278029695968	411278011985813
411278011834823	411278046363677	411278011990761
411278028396698	411278063031802	411278028841282
411278045055500	411278079697948	411278045493730
411278061749042	411278096365240	411278062295188
411278078394250	411278113031490	411278078783261
411278095056750	411278129701958	411278109380344
411278111773417	411278146371073	411278112142375
411278147371073	411278179710968	411278147824563
411278147685344	411278196381073	411278147837063
411278165147532	411278213052063	411278166077844
411278181612167	411278229723312	411278182650969
411278199003886	411278246395291	411278200047375
411278215432323	411278263065969	411278216267688
411278232191282	411278279737896	411278232968886
411278249206125	411278296411177	411278251275188
411278283367011	411278313081438	411278283809823
411278283705136	411278329751124	411278283810500
411278300307688	411278346420552	411278300720969
411278316910448	411278363089718	411278317354563
411278333580917	411278379757584	411278333987688
411278350250188	411278396425395	411278350636282
411278366926594	411278413094094	411278367308313
411278383621854	411278429760136	411278384011698
411278417711907	411278446428625	411278418194719
411278417923157	411278463099354	411278418200344
411278434584250	411278479770292	411278434978469
411278451224094	411278496440396	411278451661698
411278467936907	411278513111698	411278468350761
411278484561750	411278529785448	411278484938261
411278501274875	411278546453937	411278509047844
411278535741282	411278563124458	411278536197792
411278535979407	411278579794926	411278536203000
411278552631906	411278596469354	411278553010500
411278569298469	411278613142166	411278569721229
411278585992531	411278629815239	411278586365761
411278602654719	411278646487375	411278603071073
411278619334250	411278663156594	411278627702948
411278654100969	411278679824979	411278654605813
411278654312531	411278696494615	411278654613417
411278670968469	411278713165499	411278671446594
411278687606854	411278729835188	411278688021386
411278704281542	411278746503469	411278704664563
411278720996281	411278763176281	411278721372531
411278737663781	411278779850604	411278742282167
411278781053573	411278813195291	411278781822167
411278781427688	411278829865656	411278781864563
411278798635031	411278846536749	411278799635500
411278815145813	411278863207271	411278816175136
411278832183313	411278879877687	411278833032688
411278848779250	411278896546437	411278849665813
411278865589406	411278913216646	411278874086698
411278901061854	411278929885656	411278901656750
411278901254511	411278946554875	411278901660656
411278917894875	411278963222844	411278918325344
411278934603000	411278979894354	411278934982375
411278951274511	411278996564197	411278951646906
411278967943313	411279013232844	411278968316125
411278984625917	411279029899927	411278991497219
411279019481906	411279046567791	411279020114719
411279019658417	411279063236750	411279020119406
411279036313417	411279079905864	411279036750188
411279052985292	411279096573000	411279053519719
411279069640500	411279113240655	411279070057948
411279086372531	411279129909926	411279086759510
411279103024354	411279146577115	411279112214094
411279138252635	411279163247062	411279138727063
411279138545813	411279179914041	411279138732844
411279155214875	411279196578052	411279155641438
411279171877688	411279213244093	411279172262531
411279188579719	411279229912166	411279188943781
411279205218156	411279246579822	411279205601437
411279221973573	411279263249301	411279227689406
411279254247062	411279279917427	411279254777323
411279255194250	411279296583052	411279255572062
411279271879250	411279313248520	411279272288573
411279288558417	411279329915968	411279288937062
411279305221073	411279346583885	411279305602219
411279321926750	411279363247739	411279322308625
411279338675969	411279379915135	411279344639406
411279372108156	411279396582895	411279372595500
411279372373156	411279413250395	411279372603000
411279389068000	411279429916698	411279389457479
411279405724042	411279446584874	411279406112219
411279422384094	411279463252687	411279422755656
411279439074562	411279479918416	411279439459094
411279455743312	411279496584874	411279460405760
411279491077062	411279513252843	411279491538781
411279491465812	411279529920760	411279491539562
411279508335969	411279546590968	411279508682062
411279524740031	411279563260395	411279525114875
411279541413156	411279579930083	411279541772687
411279558081594	411279596597270	411279558452948
411279574732375	411279613265968	411279577073625
411279608414510	411279629934927	411279608686906
411279608771437	411279646604562	411279608899094
411279625333937	411279663275083	411279625783104
411279641972687	411279679946854	411279642348573
411279658665135	411279696618416	411279659094250
411279675330916	411279713293833	411279675719250
411279691983625	411279729966802	411279705161541
411279708655760	411279746637114	411279708959510
411279743207375	411279763306021	411279743992219
411279743492166	411279779975552	411279743998625
411279760119562	411279796644718	411279760556541
411279776730500	411279813314926	411279777178781
411279793418312	411279829986437	411279793959510
411279810088625	411279846657635	411279810478469
411279826756906	411279863328624	411279827137635
411279843451125	411279879997634	411279843552010
411279876370031	411279896665499	411279876771125
411279876826125	411279913337010	411279876937843
411279893538260	411279930003624	411279893969041
411279910158937	411279946669197	411279910608312
411279926881281	9223372036854775807	411279927258625

POLL t=379.8 tick=4047
16666666
411289325185809	411289367203256	411289325631590
411289341842371	411289383877319	411289342274507
411289358531277	411289400552631	411289358948413
411289375234246	411289417227319	411289375606850
411289391901277	411289433901746	411289398035496
411289426448413	411289450578882	411289426941121
411289426780027	411289467253673	411289426945340
411289443415652	411289483928047	411289443881434
411289460130340	411289500602891	411289460668621
411289476791277	411289517276537	411289477218777
411289493499402	411289533950547	411289493867371
411289510160027	411289550624350	411289517152788
411289545033256	411289567298569	411289545563569
411289545290027	411289583972319	411289545569715
411289561914038	411289600644194	411289562328569
411289578579194	411289617316069	411289578810131
411289595291121	411289633989766	411289595708256
411289611961538	411289650663881	411289612339871
411289628646277	411289667337996	411289633361538
411289662938777	411289684009870	411289663487059
411289663140756	411289700684871	411289663491069
411289679785600	411289717358673	411289680217371
411289696464663	411289734033777	411289696902058
411289713107996	411289750707266	411289713493465
411289729799090	411289767378777	411289730170652
411289746458465	411289784051121	411289750544558
411289780322631	411289800722995	411289780809402
411289780529506	411289817395444	411289780864402
411289797153777	411289834067474	411289797604715
411289813823569	411289850740599	411289814237788
411289830500756	411289867414141	411289830881121
411289847180027	411289884085547	411289847565183
411289863833413	411289900758360	411289869335756
411289898622840	411289917433152	411289898995913
411289898915496	411289934106902	411289898997006
411289915466902	411289950782996	411289915866225
411289932155496	411289967457215	411289932704715
411289948838308	411289984130183	411289949295965
411289965493777	411290000803881	411289965932788
411289982165288	411290017482891	411289994830808
411289998847788	411290034160756	411289999211746
411290035009350	411290067502006	411290035489506
411290035516225	411290084171746	411290035637006
411290053043308	411290100839246	411290054070340
411290069516746	411290117510860	411290070554194
411290086657788	411290134182579	411290087562527
411290103467371	411290150856433	411290104397163
411290119980496	411290167528307	411290120828621
411290136786433	411290184199401	411290137859090
411290169705183	411290200870235	411290170147683
411290170151590	411290217542162	411290171273725
411290186552996	411290234214766	411290187494819
411290203186433	411290250884662	411290203799506
411290219875965	411290267556797	411290220628569
411290236653256	411290284228985	411290237494402
411290253346433	411290300901276	411290254174662
411290270204871	411290317574454	411290271330652
411290304797840	411290334248881	411290305639558
411290305064402	411290350922943	411290305643465
411290321680965	411290367594922	411290322130652
411290338329089	411290384265495	411290338773569
411290355022371	411290400936589	411290355553621
411290371709871	411290417607110	411290372095444
411290388385808	411290434277370	411290401121537
411290405064037	411290450947735	411290405550183
411290439068464	411290467621068	411290439461121
411290439389506	411290484294141	411290439472944
411290455905339	411290500967057	411290456364714
411290472573308	411290517640235	411290473022839
411290489232996	411290534313516	411290489727475
411290505986902	411290550985860	411290506495652
411290522611277	411290567659609	411290522988725
411290539290756	411290584331849	411290540040964
411290573835027	411290601003047	411290574600756
411290574167839	411290617673464	411290574605183
411290590711746	411290634344714	411290591150183
411290607418412	411290651015182	411290607872683
411290624092006	411290667686016	411290624466433
411290640822319	411290684356641	411290641205496
411290657497475	411290701028047	411290664833777
411290692702527	411290717702682	411290693154506
411290692960808	411290734375287	411290693162319
411290709662631	411290751047631	411290710110444
411290726320964	411290767720703	411290726731902
411290742963152	411290784392579	411290743344402
411290759651746	411290801065496	411290760147891
411290776370339	411290817736485	411290781237318
411290811486746	411290834408620	411290811941589
411290811780183	411290851081537	411290811947996
411290828460183	411290867755027	411290828842527
411290845150339	411290884430443	411290845565339
411290861789871	411290901105547	411290862170496
411290878500131	411290917783516	411290878885600
411290895179246	411290934459818	411290901044193
411290929760027	411290951133568	411290930215652
411290930034871	411290967804714	411290930220600
411290946737006	411290984478203	411290947142839
411290963351693	411291001150651	411290963783308
411290980172058	411291017824297	411290980652839
411290996796537	411291034498776	411290997168256
411291013463568	411291051176485	411291018110183
411291049326120	411291067849557	411291049797995
411291049700339	411291084523515	411291049802527
411291066363568	411291101198047	411291066753308
411291082999089	411291117873724	411291083401745
411291099664402	411291134550026	411291100037527
411291116405495	411291151224922	411291116782058
411291133026537	411291167901328	411291143316433
411291165289037	411291184576797	411291165556277
411291166282162	411291201252891	411291166591433
411291183004870	411291217929037	411291183436537
411291199658308	411291234603620	411291200102370
411291216326120	411291251279297	411291216692631
411291233022631	411291267951901	411291233392527
411291249682527	411291284624036	411291260220964
411291285670183	411291317967943	411291286201902
411291285880652	411291334640338	411291286204818
411291303378412	411291351312058	411291304387839
411291319892527	411291367982630	411291320878725
411291336977370	411291384652839	411291337836277
411291353782839	411291401325183	411291354662370
411291370652787	411291417996120	411291376506068
411291405372058	411291434667370	411291405904037
411291405625183	411291451338724	411291405909089
411291422274870	411291468008411	411291422654558
411291438916902	411291484677630	411291439365964
411291455682527	9223372036854775807	411291456099506

POLL t=391.0 tick=4168
16666666
411300503487159	411300536843513	411300503952679
411300520485752	411300553512210	411300520856898
411300537045492	411300570178199	411300537290804
411300553574398	411300586843981	411300567159554
411300570377836	411300603508252	411300570759554
411300606605127	411300636840492	411300606960336
411300606876221	411300653507314	411300606961429
411300623511533	411300670173512	411300623769554
411300640175908	411300686838356	411300640434398
411300656802627	411300703507887	411300657254554
411300673585804	411300720179918	411300673821898
411300690213148	411300736851793	411300707435023
411300706939554	411300753522835	411300707440961
411300740982992	411300770194398	411300741360023
411300741153565	411300786865804	411300741367940
411300757839711	411300803538773	411300758268721
411300774478408	411300820211169	411300774852315
411300791202783	411300836883356	411300791699033
411300807855648	411300853554710	411300808238304
411300824534398	411300870223929	411300834361273
411300860098148	411300886891793	411300860655648
411300860306742	411300903557783	411300860659033
411300876938408	411300920224137	411300877358460
411300893611846	411300936891689	411300894060752
411300910279085	411300953557679	411300910658929
411300926994190	411300970222887	411300927376117
411300943657054	411300986888407	411300951407210
411300978144867	411301003557418	411300978619710
411300978413617	411301020226689	411300978624085
411300995078460	411301036896585	411300995564190
411301011716742	411301053563356	411301012217783
411301028424346	411301070231168	411301028810023
411301045104242	411301086895855	411301045477054
411301061763148	411301103560075	411301066603617
411301096994502	411301120226533	411301097757210
411301097283773	411301136893616	411301097762315
411301113855492	411301153562367	411301114317471
411301130521690	411301170231898	411301130975492
411301147207679	411301186901377	411301147590127
411301163880804	411301203571377	411301164274710
411301180559085	411301220240908	411301188067210
411301215588617	411301236909032	411301216167679
411301215738096	411301253575960	411301216171117
411301232381898	411301270244554	411301232814710
411301249045335	411301286913824	411301249479190
411301265724502	411301303582574	411301266111429
411301282418773	411301320253721	411301282802314
411301299072210	411301336925700	411301309139242
411301334799242	411301353597054	411301335164085
411301335047054	411301370266012	411301335167367
411301351682158	411301386934502	411301352132523
411301368341273	411301403604502	411301368865023
411301385064085	411301420273408	411301385429971
411301401716533	411301436941689	411301402098617
411301418397054	411301453610491	411301428775596
411301455705023	411301486948304	411301456128252
411301455909398	411301503616324	411301456155127
411301472532158	411301520286168	411301473342210
411301489215335	411301536957470	411301489891221
411301505890127	411301553628043	411301506463096
411301522778304	411301570297157	411301523591741
411301539487314	411301586968043	411301546118148
411301575152210	411301603641584	411301575639398
411301575367835	411301620313408	411301575644866
411301592043616	411301636984189	411301592431064
411301608672002	411301653659084	411301609084710
411301625365960	411301670329970	411301625860596
411301642048616	411301687002262	411301642427054
411301658711898	411301703672835	411301671409085
411301675404658	411301720342782	411301675972523
411301707703877	411301737012991	411301708313929
411301708709502	411301753683616	411301709133564
411301725373564	411301770354345	411301725812783
411301742006741	411301787025074	411301742458773
411301758770648	411301803696845	411301759292210
411301775410804	411301820366897	411301775786585
411301792109346	411301837036845	411301808451898
411301808842991	411301853707731	411301808935179
411301839346741	411301870378511	411301839591846
411301842131273	411301887049918	411301842644710
411301858719398	411301903720959	411301859146741
411301875413408	411301920391897	411301875834241
411301892112210	411301937061532	411301892487366
411301908783616	411301953733356	411301909153929
411301925449658	411301970404605	411301929617366
411301959925179	411301987074136	411301960330491
411301960140648	411302003744710	411301960336585
411301976944398	411302020416220	411301977294033
411301993522783	411302037089918	411301994020335
411302010186273	411302053761637	411302010621273
411302026840804	411302070435179	411302027229710
411302043492679	411302087106480	411302056463304
411302060279658	411302103777522	411302060699398
411302097155491	411302120448407	411302097646273
411302097503148	411302137120543	411302098167991
411302114377262	411302153792262	411302114772679
411302130872366	411302170461741	411302131261064
411302147480022	411302187131272	411302147869554
411302164236741	411302203798251	411302164606845
411302180830752	411302220465804	411302185897679
411302229390804	411302253803720	411302229771845
411302229620335	411302270472157	411302229776585
411302246351116	411302287142314	411302246799710
411302263082835	411302303812626	411302263471845
411302279648304	411302320480542	411302280069241
411302296347991	411302337150699	411302296732835
411302313053929	411302353817938	411302320093460
411302348612679	411302370486845	411302349065335
411302348893304	411302387157939	411302349071533
411302365543460	411302403828720	411302365933929
411302382168095	411302420498408	411302382554658
411302398877783	411302437166636	411302399244814
411302415502054	411302453830438	411302415883460
411302432267054	411302470497209	411302435823929
411302468171220	411302487167105	411302468470804
411302468480647	411302503838199	411302468585127
411302485070439	411302520507887	411302485576689
411302501702991	411302537180335	411302502218304
411302518373147	411302553849918	411302518750022
411302535084814	411302570519241	411302535492991
411302551743929	411302587185907	411302564632679
411302568437522	411302603853042	411302568790595
411302604610595	411302637187418	411302605095126
411302604818095	411302653853615	411302605099970
411302622798304	411302670522001	411302623695960
411302639145647	411302687188355	411302640146741
411302656560491	9223372036854775807	411302657356585

POLL t=402.2 tick=4249
16666666
411311702116738	411311737842310	411311702344238
411311718684706	411311754512310	411311719058769
411311735357988	411311771178664	411311735675644
411311752079081	411311787843143	411311752435435
411311768713613	411311804509394	411311769083300
411311785386113	411311821176112	411311785561998
411311820188613	411311837842049	411311820728613
411311820385592	411311854507727	411311820749238
411311837028613	411311871175018	411311837487779
411311853692988	411311887844967	411311859436842
411311870406113	411311904513143	411311870758613
411311887043300	411311921179602	411311887524550
411311903772310	411311937846217	411311904216425
411311920423613	411311954514758	411311922719706
411311955912779	411311987847987	411311956203769
411311956223717	411312004513664	411311956324238
411311973329550	411312021180643	411311974290592
411311990393456	411312037849862	411311991120644
411312006938144	411312054521112	411312007817467
411312023581112	411312071193403	411312024326685
411312040312987	411312087862779	411312046470487
411312075186425	411312104530487	411312075709185
411312075382623	411312121201008	411312075777050
411312092088925	411312137869862	411312092601112
411312108712987	411312154539133	411312116090644
411312125364862	411312171210956	411312125818092
411312142006373	411312187879862	411312142387519
411312158737050	411312204550643	411312159266373
411312175399342	411312221219602	411312175692206
411312209523456	411312237888768	411312210012519
411312209749654	411312254556841	411312210018612
411312226399237	411312271225279	411312226817206
411312243040748	411312287895644	411312243388456
411312259732935	411312304563404	411312260150019
411312276411112	411312321232727	411312276847050
411312293064394	411312337900018	411312296222987
411312327498456	411312354566997	411312328030592
411312327638925	411312371234029	411312328033769
411312344309967	411312387901373	411312344769498
411312360981217	411312404568924	411312361104498
411312377623925	411312421237935	411312378009081
411312394357050	411312437905747	411312394734706
411312411019810	411312454575018	411312414321737
411312445678769	411312471241581	411312446247050
411312446010644	411312487904549	411312446261581
411312462555019	411312504567101	411312463085487
411312479193404	411312521230278	411312484260800
411312495851425	411312537894706	411312496296998
411312512493716	411312554559601	411312513023612
411312529206112	411312571224081	411312529747779
411312545861112	411312587885904	411312548983873
411312579941112	411312604550539	411312580347987
411312580115644	411312621212206	411312580353456
411312596805279	411312637872101	411312597232987
411312613422310	411312654534236	411312618009341
411312630159237	411312671198872	411312630589498
411312646809966	411312687864184	411312647181425
411312663478300	411312704530070	411312669354029
411312697721268	411312721194706	411312698254393
411312697915331	411312737861737	411312698309706
411312714578456	411312754530591	411312714952050
411312731255748	411312771197049	411312734732154
411312747900956	411312787861997	411312748435279
411312764622206	411312804526997	411312765132675
411312781269862	411312821192987	411312781646529
411312797964706	411312837861163	411312798041216
411312832866529	411312854528560	411312833333716
411312833160331	411312871193612	411312833341425
411312849772623	411312887860226	411312850208143
411312866413456	411312904525748	411312866735956
411312883091112	411312921194706	411312883498300
411312899740904	411312937863403	411312900153612
411312916459081	411312954528925	411312916745018
411312952498716	411312971193247	411312952993248
411312952845123	411312987859185	411312952998716
411312969472675	411313004528820	411312969914393
411312986129185	411313021198300	411312986458143
411313002765175	411313037863924	411313003197831
411313019480331	411313054530695	411313019910956
411313036190331	411313071194914	411313036555643
411313072582935	411313104523039	411313072897987
411313072895643	411313121186893	411313072999185
411313090522206	411313137849913	411313091500175
411313106931529	411313154513299	411313107841581
411313123626268	411313171174653	411313124372622
411313140700331	411313187837726	411313141436841
411313157345643	411313204499341	411313158875800
411313191865435	411313221163247	411313192280122
411313192081216	411313237828299	411313192284810
411313208752987	411313254494393	411313209201425
411313225423768	411313271162101	411313225838404
411313242131112	411313287829341	411313242556581
411313258757987	411313304494862	411313259130643
411313275444497	411313321158456	411313275826893
411313292213299	411313337823039	411313292798143
411313328359966	411313354487778	411313328877831
411313328598091	411313371152361	411313328903143
411313345334341	411313387815747	411313345777987
411313361953404	411313404479132	411313362380018
411313378575174	411313421141841	411313379023456
411313395307674	411313437805330	411313395768247
411313411966581	411313454469966	411313412343299
411313428653456	411313471132413	411313429733299
411313464711268	411313487796424	411313464981737
411313465276997	411313504463142	411313465463560
411313481712518	411313521128507	411313482147518
411313498371893	411313537794340	411313498777987
411313515084654	411313554459757	411313515459810
411313531717987	411313571125018	411313532094393
411313548415799	411313587790278	411313550461581
411313583988924	411313604452622	411313584502987
411313584299862	411313621116424	411313584509654
411313600972154	411313637779601	411313601500174
411313617578612	411313654444184	411313618110331
411313634231060	411313671110070	411313634669029
411313650904393	411313687775331	411313651419497
411313667594393	411313704441945	411313668111737
411313684281268	411313721107517	411313696212987
411313700983924	411313737775174	411313701373768
411313734609497	411313754443819	411313734977206
411313734799549	411313771111267	411313734981216
411313751513456	411313787779393	411313751900435
411313768168716	411313804447414	411313768608247
411313784857049	411313821117830	411313785218560
411313801573768	411313837788767	411313801903143
411313818189549	411313854455330	411313826122049
411313854511424	9223372036854775807	411313854797935

POLL t=413.3 tick=4331
16666666
411322842383296	411322888733712	411322842479702
411322858942827	411322905403660	411322859427202
411322875587619	411322922072306	411322875988088
411322892330171	411322938741473	411322892704806
411322908967306	411322955413868	411322909347931
411322925614337	411322972084493	411322935051890
411322956977150	411322988755483	411322957304858
411322958921421	411323005422306	411322959351733
411322975605640	411323022090796	411322976048400
411322992257046	411323038761212	411322992698765
411323008917150	411323055429597	411323009293712
411323025628608	411323072097722	411323026007671
411323042302202	411323088764493	411323045975015
411323076841108	411323105432254	411323077509233
411323077116837	411323122102149	411323077514233
411323093699962	411323138775170	411323094154077
411323110384806	411323155446421	411323110829858
411323127094858	411323172117098	411323127531577
411323143756733	411323188788191	411323144142775
411323160400171	411323205457097	411323166645483
411323194950483	411323222125691	411323195457202
411323195190014	411323238793503	411323195463139
411323211859702	411323255462097	411323212395744
411323228529389	411323272128400	411323229066889
411323245122827	411323288795014	411323245608764
411323261823608	411323305461629	411323262264702
411323278483452	411323322128764	411323278875796
411323295161837	411323338797306	411323295545639
411323311805327	411323355465378	411323316014389
411323347466108	411323372135170	411323348008921
411323347672671	411323388805483	411323348014546
411323364300327	411323405478347	411323364759858
411323380982358	411323422148973	411323381441733
411323397702514	411323438818399	411323398225483
411323414368712	411323455487201	411323414895796
411323431024077	411323472159910	411323440357358
411323465789546	411323488830899	411323466271264
411323465965744	411323505502879	411323466276369
411323482674389	411323522173659	411323483290171
411323499288764	411323538845118	411323499663087
411323516040952	411323555517358	411323516406525
411323532667983	411323572188659	411323533044858
411323549349858	411323588861264	411323556803296
411323582636264	411323605536212	411323583145483
411323582838868	411323622209493	411323583149546
411323599487046	411323638882930	411323599872150
411323616172514	411323655555691	411323616726577
411323632848400	411323672226837	411323633201368
411323649533452	411323688895223	411323649910639
411323666208608	411323705562358	411323666528868
411323701468764	411323722230118	411323701996056
411323701832514	411323738898191	411323702001837
411323718384702	411323755567305	411323718828921
411323735055014	411323772237201	411323735493400
411323751769077	411323788907149	411323752225952
411323768441577	411323805577462	411323768802358
411323785101420	411323822246941	411323792826368
411323820233712	411323838915222	411323820595483
411323820516108	411323855583815	411323820649545
411323837117045	411323872253035	411323837509181
411323853774025	411323888922566	411323854208087
411323870462983	411323905587566	411323870843087
411323887158400	411323922254388	411323887580014
411323903836420	411323938922930	411323906684702
411323940025795	411323972264910	411323940511733
411323940233868	411323988936785	411323940530170
411323958242618	411324005609806	411323959270900
411323974317045	411324022279910	411323975270170
411323991367670	411324038950326	411323992304545
411324007899389	411324055620899	411324008883295
411324024733087	411324072288660	411324025524545
411324041464181	411324088959545	411324042295431
411324076362462	411324105629753	411324077158452
411324076643295	411324122301264	411324077165170
411324093244389	411324138975222	411324093681264
411324109886733	411324155645013	411324110379077
411324126607670	411324172317670	411324126993400
411324143268087	411324188987827	411324143642827
411324159956368	411324205657045	411324160390795
411324194849077	411324222328399	411324195382254
411324195129962	411324239000118	411324195395014
411324211844545	411324255670587	411324212259389
411324228422045	411324272339285	411324228859545
411324245163868	411324289008607	411324245534389
411324261832983	411324305678451	411324262242827
411324278482670	411324322349649	411324278859233
411324313991420	411324339020222	411324314624181
411324314711993	411324355689806	411324314883087
411324331199806	411324372361107	411324331499233
411324347880118	411324389033764	411324348307827
411324364555327	411324405703608	411324364939702
411324381235952	411324422376107	411324381607149
411324397936420	411324439043138	411324399472670
411324433470431	411324455708503	411324434208764
411324433931733	411324472377305	411324434214962
411324450507670	411324489044389	411324450958295
411324467198295	411324505712670	411324467628556
411324483877045	411324522383346	411324484238087
411324500529024	411324539052774	411324500907358
411324517244337	411324555724440	411324517538764
411324550890170	411324572391888	411324551352201
411324551124806	411324589060430	411324551357045
411324567860795	411324605729024	411324568258868
411324584542201	411324622397096	411324584949389
411324601170014	411324639067357	411324601587514
411324617849806	411324655740482	411324618291576
411324634482462	411324672409597	411324634810431
411324669328295	411324689078346	411324669760795
411324669578451	411324705745743	411324669765743
411324686291212	411324722412305	411324686737358
411324702910014	411324739080846	411324703365014
411324719608087	411324755748138	411324719960431
411324736267983	411324772418347	411324736695326
411324752955170	411324789092097	411324753777306
411324784480326	411324805761836	411324784842826
411324786285795	411324822436315	411324786631733
411324802904545	411324839107670	411324803342826
411324819546264	411324855778555	411324819992983
411324836273087	411324872449962	411324836684701
411324852941420	411324889121784	411324853318764
411324869625326	411324905796472	411324869812358
411324905358555	411324922468086	411324905742358
411324905757774	411324939138243	411324905742930
411324922235639	411324955808295	411324922648243
411324938897930	411324972479388	411324939297774
411324955605795	411324989150117	411324956064233
411324972404076	9223372036854775807	411324972779701

POLL t=424.5 tick=4420
16666666
411333997846208	411334040518604	411334000003604
411334032619698	411334057189125	411334033371833
411334033091417	411334073857926	411334033384177
411334049597042	411334090526885	411334050120739
411334066209021	411334107196937	411334066691260
411334082873135	411334123866520	411334083405427
411334099579229	411334140538083	411334100116104
411334116238864	411334157208604	411334117441417
411334150390010	411334173879749	411334150870167
411334150619854	411334190552197	411334150877302
411334167245583	411334207224020	411334167648604
411334183914177	411334223893395	411334184414073
411334200564698	411334240564697	411334201019698
411334217291364	411334257235114	411334217806417
411334234002354	411334273903812	411334234370792
411334267630323	411334290572041	411334268124385
411334267922198	411334307239124	411334268130896
411334284519333	411334323907875	411334285049802
411334301190948	411334340576885	411334301628291
411334317888448	411334357244906	411334318285791
411334334554541	411334373914905	411334344898604
411334369117198	411334390580999	411334369644698
411334369468291	411334407250166	411334369650010
411334386006052	411334423921468	411334386448552
411334402626677	411334440592561	411334403074333
411334419340479	411334457262458	411334419939698
411334436008916	411334473933968	411334436525635
411334452715583	411334490601000	411334457860323
411334486455323	411334507267353	411334486941260
411334486655635	411334523933655	411334486944385
411334503319958	411334540601729	411334503746833
411334519974073	411334557267874	411334520394541
411334536670010	411334573932562	411334537109646
411334553343916	411334590599541	411334559771364
411334588113760	411334607266676	411334588482614
411334588366573	411334623933916	411334588483448
411334605017979	411334640600218	411334605393760
411334621659385	411334657268499	411334622081573
411334638382510	411334673936833	411334638759229
411334655045010	411334690609177	411334657677510
411334690112823	411334707281311	411334690427041
411334690319385	411334723954437	411334690430323
411334707040323	411334740626312	411334707552145
411334723656416	411334757296885	411334724148031
411334740320635	411334773965270	411334740746885
411334757029958	411334790633291	411334767693448
411334792572302	411334823973447	411334792960062
411334792822666	411334840644541	411334792993552
411334809815948	411334857314072	411334810766260
411334826088135	411334873983291	411334826895010
411334843393864	411334890651416	411334844364020
411334859954698	411334907318811	411334860658604
411334895125791	411334923986051	411334895676260
411334895324229	411334940654229	411334895688135
411334911985635	411334957323134	411334912525427
411334928601989	411334973993499	411334929015270
411334945275635	411334990662562	411334945661572
411334961966260	411335007333968	411334970121729
411334995969229	411335024003915	411334996425947
411334996169385	411335040674697	411334996438916
411335012831989	411335057345270	411335013383656
411335029510010	411335074014540	411335029945947
411335046199958	411335090685166	411335046617145
411335062867822	411335107355010	411335063362614
411335097165791	411335124024385	411335097805635
411335097467927	411335140692458	411335097810270
411335114028708	411335157361832	411335114468135
411335130689541	411335174030895	411335131179854
411335147426833	411335190701364	411335147863083
411335164119020	411335207371780	411335164509645
411335198897145	411335224039801	411335199668552
411335199255166	411335240707406	411335199687041
411335215871677	411335257375999	411335216379697
411335232490947	411335274047353	411335232940166
411335249158447	411335290718812	411335249683552
411335265892354	411335307390739	411335266401364
411335282554072	411335324059749	411335282633291
411335317226052	411335340729176	411335317736833
411335317523552	411335357397561	411335317784854
411335334150010	411335374068759	411335334586572
411335350780791	411335390740738	411335351199801
411335367462354	411335407413031	411335367857041
411335384226104	411335424083603	411335386595947
411335416083291	411335440754541	411335416531885
411335417554072	411335457422874	411335417879333
411335434145426	411335474092613	411335434558708
411335450786572	411335490761468	411335451188916
411335467545010	411335507430582	411335467977666
411335484237354	411335524101624	411335487811572
411335518620635	411335540773968	411335519114229
411335518854958	411335557442874	411335519155583
411335535566260	411335574111623	411335536046989
411335552212510	411335590780634	411335552595426
411335568887666	411335607449540	411335569276833
411335585590635	411335624119853	411335590156833
411335620613708	411335640791467	411335621147510
411335620847822	411335657460166	411335621153708
411335637632978	411335674129176	411335638185426
411335654215322	411335690799280	411335654629228
411335670876728	411335707467926	411335671255322
411335687594072	411335724138863	411335695745583
411335720327353	411335740807197	411335720631572
411335720830322	411335757475842	411335720930635
411335737611728	411335774144801	411335738037822
411335754251572	411335790812874	411335754694697
411335770969801	411335807479228	411335771337822
411335787629801	411335824149749	411335787898760
411335822640114	411335840820218	411335822993291
411335822907197	411335857491259	411335823002510
411335839596572	411335874162821	411335840133760
411335856198603	411335890835530	411335856599228
411335872875270	411335907506572	411335873251364
411335889569853	411335924176415	411335892385791
411335925052197	411335957514749	411335925393447
411335925312666	411335974186051	411335925394385
411335943100583	411335990857353	411335944101572
411335959779333	411336007529437	411335960676885
411335976791208	411336024203916	411335977828760
411335993459332	411336040878655	411336001312978
411336028097510	411336057552666	411336028520895
411336028294072	411336074226885	411336028558864
411336044996416	411336090900738	411336045371416
411336061651989	411336107573603	411336062173916
411336078261260	411336124244228	411336078650322
411336094957353	411336140917196	411336098344957
411336129261364	411336157591416	411336129796260
411336129462666	9223372036854775807	411336129800635

