POLL t=10.3 tick=600
8333333
456716513674937	456716530036812	456716513977906
456716530362541	456716546469416	456716530649156
456716547112072	456716562902853	456716547396968
456716563909468	456716579336031	456716564179312
456716580467437	456716595770197	456716580742750
456716596992697	456716612202384	456716597306343
456716613846447	456716628633114	456716614133635
456716630498531	456716645068270	456716630795250
456716647141031	456716661502385	456716647423687
456716663627385	456716677936863	456716663910562
456716680509468	456716694371238	456716680782593
456716697278166	456716710805822	456716697537593
456716713695666	456716727238738	456716713983843
456716730313322	456716743669624	456716730585406
456716746980979	456716760103322	456716747256343
456716763711343	456716776536708	456716763980093
456716780383479	456716792969416	456716780669104
456716797050249	456716809403634	456716797326812
456716813836031	456716825838270	456716814131291
456716830344468	456716842272020	456716830623999
456716847095406	456716858705613	456716847366499
456716863653479	456716875138635	456716863926031
456716880744104	456716891573530	456716881018062
456716897219260	456716908006291	456716897504937
456716913941187	456716924439363	456716914225874
456716930530354	456716940872540	456716930803791
456716947376499	456716957303791	456716947656343
456716963945249	456716981953843	456716964199312
456716980747854	456716998388009	456716981026031
456716997275874	456717014820093	456716997551812
456717013904416	456717031252437	456717014189416
456717030426187	456717047687645	456717030707749
456717047169729	456717064121812	456717047459937
456717063738999	456717080554363	456717064044624
456717080493999	456717096985926	456717080788687
456717097067593	456717113419520	456717097354312
456717113871656	456717129853322	456717114145249
456717130323843	456717146285614	456717130624937
456717147110249	456717162718999	456717147385718
456717163873947	456717179152436	456717164132385
456717180533687	456717195585562	456717180802437
456717196997437	456717212021238	456717197277749
456717213718843	456717228456916	456717214017541
456717230397281	456717244890040	456717230686343
456717247185249	456717261322072	456717247488531
456717263730249	456717277754676	456717264018791
456717280293687	456717294187228	456717280571031
456717297060874	456717310619885	456717297356603
456717313960562	456717327052384	456717314225406
456717330529937	456717343485249	456717330830041
456717347064312	456717359917489	456717347372906
456717363751812	456717376348895	456717364029312
456717380426812	456717392779832	456717380696812
456717397217280	456717409210353	456717397507124
456717413895874	456717425644415	456717414178374
456717430293530	456717442076342	456717430602280
456717447034937	456717458508582	456717447320718
456717463772593	456717474939363	456717464064416
456717480611968	456717491369832	456717480890562
456717496991291	456717507802280	456717497270562
456717513753843	456717524233530	456717514038999
456717530434572	456717540664832	456717530725718
456717547108530	456717557095145	456717547410718
456717563712697	456717581742488	456717563951812
456717580431343	456717598174936	456717580708374
456717597109416	456717614608478	456717597384885
456717613904624	456717631039571	456717614194780
456717630509937	456717647471968	456717630796812
456717647038843	456717663904520	456717647349937
456717663764312	456717680338738	456717664078426
456717680584103	456717696774780	456717680863791
456717697119624	456717713209936	456717697405353
456717713865562	456717729645352	456717714145874
456717730414260	456717746079937	456717730694155
456717747053687	456717762511812	456717747368374
456717763814624	456717778945509	456717764095093
456717780613687	456717795379364	456717780892541
456717797137124	456717811816238	456717797416187
456717813734259	456717828249259	456717814021343
456717830353687	456717844684676	456717830630093
456717847067124	456717861120718	456717847424624
456717863852280	456717877554831	456717864136603
456717880407853	456717893990978	456717880696447
456717897046134	456717910425509	456717897336291
456717914023478	456717926860770	456717914313530
456717930589468	456717943295509	456717930878687
456717947207905	456717959729779	456717947485666
456717963909572	456717976163374	456717964169780
456717980679624	456717992595769	456717980962853
456717997250822	456718009029415	456717997530562
456718013991603	456718025465300	456718014288843
456718030459259	456718041902019	456718030746291
456718047075353	456718058336603	456718047374884
456718063931134	456718074768686	456718064214468
456718080877436	456718091201134	456718081163947
456718097321759	456718115850874	456718097601186
456718113915561	456718132285457	456718114198634
456718130548009	456718148719259	456718130848634
456718147176291	456718165153322	456718147470353
456718163955249	456718181585300	456718164241603
456718180681811	456718198016915	456718180947593
456718197253999	456718214450457	456718197539780
456718213974416	456718230885040	456718214252124
456718230740561	456718247320613	456718231020718
456718247248166	456718263755561	456718247521968
456718263860874	456718280190769	456718264141811
456718280768374	456718296624676	456718281034884
456718297165405	456718313057592	456718297457384
456718314293843	456718329489936	456718314553791
456718330779728	456718345922436	456718331098634
456718347375041	456718362354155	456718347660249
456718363834884	456718378784519	456718364090197
456718380655249	456718395216290	456718380936499
456718397573947	456718411647644	456718397860093
456718414428634	456718428080145	456718414708009
456718430924468	456718444514050	456718431203009
456718447545509	456718460947852	456718447842593
456718464317540	456718477384415	456718464598061
456718481084311	456718493818894	456718481369259
456718497884311	456718510253530	456718498173061
456718514511655	456718526691133	456718514809936
456718530963530	456718543127332	456718531241290
456718547918686	456718559561758	456718548208218
456718564782540	456718575996706	456718565077593
456718581346343	456718592430613	456718581608165
456718597747436	456718608865665	456718598043009
456718614706290	456718625301603	456718614993843

POLL t=21.8 tick=1201
8333333
456728047216443	456728065831078	456728047499308
456728063272276	456728074048162	456728063552068
456728079822849	456728090480141	456728080112381
456728096500714	456728106909620	456728096777276
456728113152901	456728123341234	456728113436495
456728129803006	456728147988005	456728130078526
456728147209724	456728164418057	456728147499308
456728163248214	456728180850401	456728163521339
456728179841183	456728197283318	456728180088631
456728196445506	456728213714255	456728196729151
456728213193787	456728230145036	456728213477537
456728229839412	456728246577640	456728230120506
456728247188839	456728263009047	456728247492745
456728263078526	456728279439098	456728263358214
456728279898370	456728295868317	456728280194256
456728296648214	456728312295714	456728296933370
456728313339620	456728328724516	456728313620558
456728329882537	456728345155296	456728330158214
456728347002589	456728361585713	456728347292276
456728363509880	456728378014515	456728363786860
456728379969412	456728394443630	456728380243683
456728396632433	456728410871598	456728396904933
456728413110974	456728427301495	456728413383943
456728429753683	456728443733005	456728430042745
456728447184568	456728460163318	456728447497901
456728463308839	456728476592640	456728463583058
456728479938787	456728493021651	456728480211651
456728496481495	456728509450349	456728496764568
456728513136807	456728525878162	456728513421130
456728529912745	456728542307276	456728530204412
456728547177120	456728558737380	456728547463787
456728563190557	456728575167380	456728563469307
456728579850401	456728591596964	456728580135818
456728596530401	456728608025869	456728596806339
456728613723318	456728624456338	456728613993839
456728629905349	456728640888161	456728630174724
456728647107745	456728657318057	456728647396339
456728663170662	456728673748838	456728663469099
456728679792276	456728690180661	456728680079255
456728696561443	456728714829046	456728696849932
456728713172693	456728723045088	456728713463682
456728729889255	456728747693109	456728730178005
456728747152745	456728764123265	456728747432901
456728763244255	456728780554567	456728763526130
456728779912120	456728796986703	456728780173682
456728796583943	456728813418734	456728796853214
456728813114255	456728829852641	456728813401287
456728829833839	456728846287015	456728830112120
456728847117276	456728862715974	456728847403057
456728863198839	456728879145817	456728863479620
456728879812745	456728895574359	456728880110401
456728896694307	456728912002953	456728896967589
456728913618839	456728928432849	456728913919724
456728929769620	456728944862849	456728930077068
456728947063370	456728961292692	456728947348943
456728963146026	456728977724255	456728963430714
456728979925401	456728994154567	456728980201807
456728996542276	456729010584151	456728996833682
456729013158526	456729027014880	456729013430661
456729029903214	456729043444463	456729030178214
456729047132120	456729059873734	456729047418370
456729063234776	456729076303682	456729063511026
456729079721339	456729092732015	456729080011339
456729096569568	456729109159047	456729096849255
456729113263682	456729125587796	456729113533682
456729129990557	456729142017484	456729130258526
456729146935089	456729158445504	456729147213839
456729163115036	456729174874046	456729163404307
456729179978995	456729191300349	456729180267224
456729196548943	456729207727067	456729196826286
456729213184099	456729224156390	456729213448213
456729229747224	456729240587484	456729229972588
456729247200557	456729265228786	456729247495818
456729263163995	456729281658473	456729263445401
456729279855245	456729298088057	456729280140088
456729296391338	456729314519984	456729296681338
456729313124463	456729330950088	456729313415974
456729329857276	456729347377900	456729330127432
456729347290401	456729363806390	456729347613682
456729363344776	456729380233890	456729363637068
456729379877588	456729396661546	456729380145870
456729396700088	456729413090765	456729396981651
456729413408370	456729429520713	456729413682901
456729430020401	456729445949619	456729430305193
456729447322588	456729462375817	456729447603786
456729463412432	456729478806702	456729463686963
456729479984932	456729495236442	456729480283838
456729496761130	456729511664359	456729497019151
456729513392068	456729528094776	456729513665245
456729530042849	456729544525348	456729530335401
456729547239932	456729560953057	456729547527276
456729563278370	456729577383005	456729563552224
456729579919463	456729593814047	456729580208213
456729596783161	456729610246494	456729597067380
456729613382901	456729626679776	456729613664099
456729629867588	456729643111598	456729630139776
456729647253942	456729659542432	456729647528005
456729663436651	456729675976130	456729663721599
456729680082276	456729692407796	456729680350245
456729696703682	456729708838838	456729696972588
456729713263005	456729725271077	456729713535870
456729729948370	456729741704828	456729730221963
456729747258474	456729758137172	456729747568213
456729763400036	456729774568161	456729763705870
456729779863213	456729790997796	456729780173995
456729796632849	456729807429046	456729796914880
456729813277120	456729823859411	456729813548995
456729829890713	456729840290244	456729830179932
456729847146026	456729864934255	456729847429151
456729863274880	456729881366077	456729863563161
456729879914255	456729897797588	456729880196963
456729896470974	456729914229359	456729896757067
456729913161651	456729930657952	456729913448786
456729929859307	456729947086702	456729930142067
456729947105974	456729963512171	456729947376182
456729962912536	456729979942535	456729963204307
456729979226182	456729996373316	456729979502276
456729995896651	456730012803577	456729996171442
456730012575557	456730029233212	456730012916182
456730029323994	456730045661234	456730029600661
456730046511338	456730062088577	456730046787744
456730062479099	456730078516754	456730062755869
456730079407588	456730094942171	456730079684307
456730096078161	456730111368629	456730096337744
456730112682276	456730127797067	456730112953057
456730129253630	456730144224514	456730129521338
456730146663317	456730160651651	456730146930869

POLL t=33.4 tick=1621
8333333
456739741810084	456739755692584	456739742069772
456739766955553	456739780342428	456739767226803
456739775107428	456739788558573	456739775377689
456739791776126	456739804993886	456739792052897
456739808440709	456739821425344	456739808785553
456739825140189	456739837857532	456739836251439
456739848556022	456739862504563	456739848830084
456739858438522	456739870722480	456739858709095
456739875156022	456739887158678	456739875373522
456739891772428	456739903595865	456739892048366
456739908445032	456739920031178	456739908802584
456739925159616	456739944685136	456739936795241
456739948495189	456739961119459	456739948766959
456739958484928	456739969337948	456739958746491
456739975127741	456739985773261	456739975384772
456739991767116	456740002209094	456739992027376
456740008443157	456740026862949	456740008795553
456740025072220	456740043298678	456740035766803
456740048637064	456740059735500	456740048916959
456740058474459	456740076170709	456740058738678
456740075166178	456740092607740	456740075438991
456740091841022	456740109043782	456740092121959
456740108464928	456740125476959	456740108820084
456740125162116	456740141907741	456740130643209
456740148805813	456740166555501	456740149085032
456740158498938	456740174771438	456740158706647
456740175163991	456740191203625	456740175407897
456740191794147	456740207633574	456740192053991
456740208472584	456740224066438	456740208831491
456740225130553	456740240497219	456740235736178
456740248610970	456740265143781	456740248883678
456740258451334	456740273358990	456740258706959
456740275181022	456740289788782	456740275436959
456740291831022	456740306220813	456740292096907
456740308464615	456740322652949	456740308809407
456740325093990	456740339085917	456740334991126
456740349017115	456740363736906	456740349283522
456740358466178	456740371954354	456740358739615
456740375114928	456740388385813	456740375379563
456740391779615	456740404816854	456740392036022
456740408433990	456740421250396	456740408799772
456740425156490	456740437683885	456740433965397
456740450197740	456740462332583	456740450484928
456740458433938	456740470549407	456740458690032
456740475151178	456740486980605	456740475417897
456740491820240	456740503410865	456740492079772
456740508479615	456740519838573	456740508833990
456740525167220	456740536267948	456740536075397
456740548601803	456740560911074	456740548895240
456740558513626	456740569126855	456740558782688
456740575138053	456740585555604	456740575383522
456740591809772	456740601981177	456740592085397
456740608430865	456740626621021	456740608800501
456740625130397	456740643051125	456740634590397
456740648708626	456740659483105	456740648986334
456740658493157	456740675913365	456740658750397
456740675182897	456740692343261	456740675443053
456740691838834	456740708776646	456740692102115
456740708463365	456740725209094	456740708960917
456740725161022	456740741641073	456740735693053
456740748691490	456740766290292	456740748992584
456740758467740	456740774506125	456740758725501
456740775150969	456740790938834	456740775409459
456740791846647	456740807372063	456740792106334
456740808447376	456740823804979	456740808802272
456740825111959	456740840239198	456740836913678
456740848716334	456740864893834	456740848994407
456740858490240	456740873110657	456740858749459
456740875187584	456740889541229	456740875434147
456740891836647	456740905975031	456740892101959
456740908435813	456740922409875	456740908794459
456740925187376	456740938845084	456740925478938
456740948732532	456740963493938	456740949006647
456740958507688	456740971710292	456740958765865
456740975177428	456740988144094	456740975414303
456740991839928	456741004575032	456740992095240
456741008485344	456741021006542	456741008858521
456741025327428	456741045652271	456741038219928
456741048863313	456741062085448	456741049140553
456741058513626	456741070303208	456741058780084
456741075228209	456741086735135	456741075475553
456741091927271	456741103167010	456741092175813
456741108494928	456741119598365	456741108860553
456741125168053	456741136028885	456741125422115
456741141896438	456741152458886	456741146767584
456741165673001	456741177108729	456741165964771
456741175248990	456741185325448	456741175504928
456741191902428	456741209974094	456741192143157
456741208497688	456741226404719	456741208843678
456741225221907	456741242837480	456741225477896
456741241901126	456741259268938	456741242153001
456741258560813	456741275700553	456741258595813
456741282413990	456741300350708	456741282698209
456741291859615	456741308566646	456741292127740
456741308506594	456741324999250	456741308875553
456741325229615	456741341429354	456741325480188
456741341869771	456741357859667	456741342119459
456741358544251	456741374290135	456741363537584
456741383187532	456741398934510	456741383460240
456741392031021	456741407149718	456741392164459
456741408534563	456741423581333	456741408896334
456741425236646	456741440013417	456741425493365
456741441804928	456741456446646	456741442079146
456741458488469	456741472881906	456741458743834
456741475175865	456741489316333	456741475443678
456741499712532	456741513965448	456741499988053
456741508508209	456741522182792	456741508864928
456741525209615	456741538618625	456741525462896
456741541846803	456741555053365	456741542107844
456741558525188	456741571487791	456741558796178
456741575196959	456741587922323	456741576794719
456741598906750	456741612574979	456741599185084
456741608441490	456741620791959	456741608808313
456741625128000	456741637223937	456741625385709
456741641840240	456741653656385	456741642105500
456741658532271	456741670091021	456741658797115
456741675224563	456741686522792	456741678072740
456741698652584	456741711173468	456741698939302
456741708440657	456741719389771	456741708799927
456741725206802	456741735820552	456741725472688
456741741877271	456741752249823	456741742127271
456741758553157	456741768679041	456741758798677
456741775182844	456741793327479	456741785934615
456741798718990	456741809758469	456741798992063
456741808467688	456741826192948	456741808842427
456741825233157	456741842625812	456741825481282
456741841863677	456741859059615	456741842125657

POLL t=45.4 tick=1765
8333333
456751625513361	456751636397058	456751625782580
456751642252267	456751661044559	456751657444455
456751658800549	456751669261121	456751659090757
456751682264299	456751693910496	456751682577892
456751692195392	456751710343464	456751692468986
456751708851017	456751726773517	456751709112736
456751725519403	456751743201538	456751725770965
456751742148934	456751759632683	456751742405184
456751758787580	456751776066173	456751773027215
456751775440497	456751792497476	456751775727267
456751798994142	456751817146017	456751799274611
456751808920028	456751825362579	456751809082580
456751825557580	456751841795236	456751825798830
456751842158049	456751858228621	456751842428361
456751858780184	456751874661538	456751859134142
456751875445861	456751891094558	456751878902267
456751899351330	456751915740496	456751899660340
456751908825705	456751923956538	456751909090496
456751925563465	456751940390184	456751925788778
456751942160236	456751956823308	456751942421486
456751958854142	456751973255809	456751959233986
456751975537267	456751997900600	456751990316642
456751992222736	456752006116225	456751992471799
456752015854767	456752030763204	456752016139611
456752025456174	456752038978464	456752025754403
456752042197059	456752055408725	456752042448830
456752058853049	456752071840132	456752059199142
456752075554455	456752088273412	456752075783465
456752092272892	456752104706381	456752096989924
456752115919090	456752129355444	456752116178205
456752125479871	456752137571173	456752125768517
456752142184455	456752154002371	456752142440340
456752158878361	456752170432006	456752159217736
456752175549871	456752186859454	456752175819767
456752192238309	456752211507423	456752207302736
456752208803778	456752219725704	456752209065392
456752232927423	456752244373725	456752233206173
456752242227684	456752260801693	456752242457267
456752258835392	456752277231850	456752259191798
456752275505184	456752293662110	456752275758830
456752292174246	456752310094558	456752292447423
456752308823361	456752326526486	456752318097423
456752332932267	456752351171538	456752333221590
456752342307371	456752359387631	456752342568778
456752358821642	456752375819298	456752359205340
456752375482684	456752392251902	456752375742840
456752392184767	456752408683777	456752392461955
456752408900809	456752425115444	456752409103205
456752425537111	456752441548204	456752426758986
456752449425809	456752466196225	456752449729246
456752458767892	456752474412267	456752459132371
456752475681121	456752490842892	456752475877111
456752492266486	456752507275340	456752492513830
456752508901798	456752523709350	456752509147684
456752525560548	456752540141016	456752529525340
456752549644715	456752564790756	456752549931902
456752558841173	456752573007788	456752559198517
456752575550861	456752589440704	456752575800080
456752592224715	456752605872892	456752592480392
456752608836798	456752622307162	456752609099871
456752625478517	456752638741277	456752638252580
456752649602736	456752663393986	456752649884142
456752658868673	456752671610860	456752659219142
456752675605652	456752688045287	456752675864402
456752692247111	456752704480652	456752692498673
456752708857840	456752720911017	456752709097111
456752725538621	456752737343517	456752725793517
456752742186330	456752753775027	456752750032111
456752766865496	456752778420287	456752767142996
456752775514246	456752786634662	456752775774767
456752792183829	456752803063724	456752792429246
456752808842579	456752819494298	456752809096798
456752825554611	456752844138204	456752825817892
456752842199142	456752860567839	456752842452996
456752858817423	456752876998829	456752862087215
456752883505392	456752893430444	456752883803517
456752892242579	456752909862059	456752892517684
456752908898517	456752926293725	456752909157579
456752925563621	456752942725339	456752925813517
456752942220079	456752959159402	456752942476329
456752958900392	456752975592058	456752959301642
456752975549611	456752992023933	456752975893517
456753000392840	456753016672319	456753000667215
456753008856121	456753024887944	456753009139298
456753025575027	456753041319350	456753025830704
456753042260704	456753057753724	456753042519454
456753058859559	456753074187266	456753059218777
456753075604246	456753090619506	456753075853309
456753092278986	456753107050600	456753096102267
456753117053986	456753131700183	456753117338517
456753125593517	456753139916381	456753125877684
456753142225340	456753156347944	456753142479767
456753158874298	456753172778569	456753159230496
456753175582267	456753189209715	456753175809142
456753192251277	456753205641069	456753192496017
456753208935236	456753222076121	456753212375704
456753233665496	456753246730287	456753233948933
456753242228308	456753254949922	456753242487736
456753258850079	456753271385703	456753259193517
456753275581173	456753287820548	456753275840392
456753292362267	456753304254246	456753292578829
456753308891486	456753320688360	456753309145392
456753325558308	456753337122735	456753332816433
456753350133986	456753361774610	456753350410236
456753358838204	456753369991850	456753359198517
456753375646590	456753386427266	456753375906642
456753392260808	456753402863256	456753392518621
456753408932527	456753419299610	456753409191954
456753425548673	456753435736745	456753425807840
456753442183621	456753460390339	456753451703777
456753466946590	456753485041954	456753467208673
456753475539871	456753493260860	456753475814454
456753492286433	456753509695756	456753492539454
456753508839090	456753526130443	456753509093048
456753525557892	456753542565548	456753525819142
456753542201954	456753558999453	456753542462267
456753558835860	456753575432527	456753563790235
456753583420808	456753600083360	456753583731590
456753592243048	456753608300808	456753592501329
456753608894923	456753624737162	456753609155704
456753625560704	456753641174662	456753625813204
456753642272267	456753657609193	456753642550548
456753658903465	456753674043724	456753659258048
456753675550652	456753690476641	456753678252267
456753700284923	456753715127839	456753700556746
456753708901485	456753723343829	456753709168777
456753725614454	456753739775964	456753725858048

POLL t=57.1 tick=1862
8333333
456763259691482	456763269773773	456763259956482
456763276274867	456763294419814	456763284312575
456763300636950	456763310848772	456763300933669
456763309606950	456763327277263	456763309877575
456763326344607	456763343708460	456763326614971
456763342943669	456763360140387	456763343209346
456763359584294	456763376573877	456763359848617
456763376263930	456763393006325	456763382545700
456763400610075	456763417654867	456763400892732
456763409703825	456763425871638	456763409980857
456763426353982	456763442304555	456763426616586
456763442953773	456763458737679	456763443225180
456763459650180	456763475173773	456763459891325
456763476295180	456763491609085	456763482867211
456763500732263	456763516257679	456763501034763
456763509623357	456763524474242	456763509945544
456763526318200	456763540905908	456763526570232
456763542983982	456763557336741	456763543239919
456763559676325	456763573768720	456763559957471
456763576258982	456763590199711	456763578791638
456763600958200	456763614844502	456763601246638
456763609644867	456763623059867	456763609904763
456763626354711	456763639488773	456763626617836
456763643011169	456763655919190	456763643274919
456763659668982	456763672347314	456763659932523
456763676304919	456763688776273	456763683882732
456763700883825	456763713416116	456763701178773
456763709679554	456763721629866	456763709942575
456763726367888	456763738057159	456763726630232
456763743012107	456763754487575	456763743269294
456763759802888	456763770916794	456763760035388
456763776277263	456763787346065	456763783860700
456763800660388	456763811990127	456763800961429
456763809710179	456763820206012	456763809978044
456763826352367	456763836636168	456763826618513
456763842947575	456763853065491	456763843219919
456763859678513	456763877708929	456763859917575
456763876270648	456763894137054	456763887096586
456763900457107	456763910568095	456763900768200
456763909612419	456763926999554	456763909879294
456763926353617	456763943431637	456763926638200
456763942983669	456763959864241	456763943262367
456763959666638	456763976298981	456763960037575
456763976235856	456763992733408	456763990016013
456764000504606	456764017383095	456764000785075
456764009650856	456764025600387	456764009928617
456764026344763	456764042031481	456764026609763
456764043007211	456764058463721	456764043266169
456764059704138	456764074897992	456764059960075
456764076329294	456764099548199	456764091226950
456764092992263	456764107764242	456764093260231
456764118210856	456764132412887	456764118532888
456764126326898	456764140630335	456764126613408
456764142988825	456764157063564	456764143264763
456764159737575	456764173495231	456764159988981
456764176303304	456764198141897	456764190934398
456764192974086	456764206358252	456764193236169
456764217766481	456764231006168	456764218047575
456764226268513	456764239221742	456764226536169
456764242942523	456764255650960	456764243218148
456764259620856	456764272080439	456764259886950
456764276446898	456764296726168	456764290036638
456764300338148	456764313157470	456764300619763
456764309616586	456764321373356	456764309896950
456764326285336	456764337805596	456764326569398
456764342951325	456764354238981	456764343228929
456764359584138	456764370671637	456764359852888
456764376311169	456764387103929	456764384010960
456764400398200	456764411751220	456764400686325
456764409651794	456764419967470	456764409929450
456764426307575	456764436400491	456764426602523
456764442930231	456764452829814	456764443206429
456764459663825	456764477473929	456764473234450
456764484104867	456764502115804	456764484392106
456764492934606	456764510331012	456764493202263
456764509621273	456764526760544	456764509912367
456764526285231	456764543189085	456764526560804
456764542929138	456764559617366	456764543211429
456764559641585	456764576046012	456764564299606
456764584639867	456764600689814	456764584938981
456764593016429	456764608905023	456764593286950
456764609677575	456764625334814	456764609931637
456764626323669	456764641765699	456764626587992
456764643012575	456764658198199	456764643284450
456764659730387	456764674631689	456764663490335
456764684742731	456764699284762	456764685016117
456764692984762	456764707502471	456764693249398
456764709714919	456764723938721	456764709982992
456764726361325	456764740375231	456764726622367
456764743026481	456764756810074	456764743298304
456764759732835	456764773241064	456764765442262
456764784863669	456764797887731	456764785156898
456764793016950	456764806102470	456764793280387
456764809698981	456764822532782	456764809973200
456764826368512	456764838961637	456764826637731
456764843063617	456764855392314	456764843323929
456764859733200	456764871821689	456764864249450
456764884666012	456764896467731	456764884964606
456764893017523	456764904682835	456764893278356
456764909719085	456764921114710	456764909990387
456764926332523	456764937546168	456764926593825
456764942999867	456764953977158	456764943270075
456764959707106	456764970407991	456764967303669
456764984516794	456764995055178	456764984804606
456764992999294	456765003270074	456764993264450
456765009703200	456765019701272	456765009982210
456765026349710	456765044347731	456765026613669
456765042966325	456765060780178	456765043248981
456765059641325	456765077212001	456765068638981
456765084343669	456765101858408	456765084663981
456765092959137	456765110073928	456765093230856
456765109647054	456765126504554	456765109919137
456765126265544	456765142933669	456765126543616
456765142950544	456765159363355	456765143239606
456765159691794	456765175794345	456765162681794
456765184366116	456765200442575	456765184666169
456765192907575	456765208657626	456765193197419
456765209649450	456765225089814	456765209931950
456765226275960	456765241520439	456765226546168
456765242922887	456765257951845	456765243193981
456765259710648	456765274383251	456765260605023
456765287109398	456765299029033	456765287389918
456765292900231	456765307245804	456765293180075
456765309636793	456765323677366	456765309905491
456765326337418	456765340106741	456765326609450
456765342944293	456765356537053	456765343223825
456765359651012	9223372036854775807	456765366372731

POLL t=68.3 tick=1977
8333333
456774634820332	456774649987675	456774635118352
456774643184290	456774658204029	456774643508613
456774659850384	456774674636112	456774660136425
456774676534915	456774691071477	456774678793040
456774700802050	456774715720904	456774701092259
456774709855957	456774723936790	456774710375852
456774726532571	456774740369915	456774726802675
456774743252884	456774756802675	456774743507102
456774759932259	456774773236217	456774762345071
456774784988821	456774797886165	456774785283665
456774793243821	456774806103404	456774793510384
456774809908821	456774822537518	456774810271165
456774826605384	456774838976165	456774829889134
456774851331790	456774863630487	456774851704863
456774859877363	456774871848821	456774860241009
456774876515540	456774888282363	456774876876790
456774893194915	456774904716790	456774893476477
456774909856790	456774929367466	456774922271009
456774926594134	456774937584810	456774926937415
456774955720019	456774970454342	456774955985331
456774959909134	456774978669914	456774960258196
456774976576894	456774986886581	456774976854915
456774993282102	456775003320956	456774995506269
456775017742884	456775036186998	456775018028925
456775026828144	456775044403508	456775027216477
456775043241477	456775060833821	456775043512258
456775059914706	456775077265123	456775073832571
456775084758925	456775101912622	456775085049081
456775093236946	456775110129862	456775093513769
456775109908613	456775126562622	456775110306113
456775126578196	456775142995383	456775139104915
456775143274394	456775159430122	456775143647258
456775172095956	456775184087466	456775172482258
456775176536894	456775192306685	456775176891269
456775193319446	456775208746113	456775193657831
456775209952883	456775225181997	456775218746321
456775234316008	456775249836216	456775234592727
456775243282727	456775258053664	456775243556269
456775259945540	456775274489185	456775260203977
456775276637050	456775290920748	456775289091946
456775301104133	456775315570227	456775301389915
456775309941008	456775323787258	456775310289394
456775326610696	456775340219966	456775326868769
456775343273977	456775356653195	456775355093613
456775359949863	456775373087154	456775360315956
456775388857258	456775405955851	456775389265175
456775393219863	456775414172779	456775393601946
456775409929706	456775422391685	456775410302727
456775426634238	456775438828820	456775427897883
456775450652102	456775463481216	456775450944758
456775459956269	456775471699185	456775460353352
456775476602206	456775488133768	456775476877883
456775493229915	456775512781112	456775506353456
456775509949602	456775520998352	456775510436581
456775538873196	456775553867258	456775539164758
456775543275383	456775562084706	456775543638040
456775559936477	456775570303248	456775560203612
456775576648508	456775594955695	456775577305800
456775600790644	456775611391269	456775601100383
456775609893665	456775627828352	456775610271008
456775626564862	456775644265123	456775626847206
456775643315540	456775660699810	456775644670956
456775670985227	456775685351893	456775671344915
456775676565383	456775693569133	456775676907258
456775693279602	456775710002050	456775693548508
456775709944758	456775726438143	456775718775227
456775734001789	456775751098716	456775734299394
456775743367414	456775759318039	456775743633508
456775760048612	456775775758664	456775760292987
456775776690696	456775792192101	456775788389289
456775800750227	456775816844393	456775801032519
456775810029914	456775825062831	456775810396946
456775826755644	456775841498195	456775827021946
456775843376477	456775857933091	456775854069446
456775867431946	456775882584601	456775867742050
456775876726477	456775890802675	456775877011946
456775893381789	456775907239393	456775893659602
456775910070019	456775923679133	456775910429289
456775926834706	456775940117310	456775928616321
456775951293039	456775964776893	456775951571789
456775960124289	456775972996737	456775960387571
456775976739289	456775989435747	456775977005019
456775993393664	456776005875226	456776005285487
456776017715331	456776030536059	456776018002102
456776026754081	456776038756476	456776027031477
456776043426269	456776055196424	456776043695800
456776060099758	456776079853039	456776074533664
456776076800019	456776088073560	456776077150644
456776104340852	456776120951633	456776104619394
456776110077414	456776129170226	456776110413300
456776126716164	456776137388820	456776127088925
456776143557414	456776153827102	456776145463196
456776167106164	456776178487049	456776167392102
456776176727206	456776194926633	456776177048039
456776193468039	456776211364289	456776193716425
456776210062883	456776227804705	456776222840539
456776226798664	456776244241997	456776227132727
456776251497727	456776268898611	456776251789081
456776260113821	456776277119185	456776260383352
456776276748925	456776293560643	456776277007675
456776293515071	456776309997206	456776294845643
456776319716737	456776334650382	456776320067883
456776326703456	456776342869601	456776327000227
456776343471946	456776359305174	456776343738508
456776360145539	456776375740226	456776360409602
456776376793664	456776392174497	456776383392570
456776400996008	456776416831163	456776401305539
456776410041737	456776425049445	456776410337258
456776426733300	456776441487622	456776427094445
456776443388977	456776457923612	456776455730383
456776460077102	456776474362257	456776460380175
456776488389914	456776499017310	456776488674706
456776493396945	456776507235486	456776493693300
456776510043768	456776523673559	456776510324602
456776526735643	456776540111372	456776530005539
456776550649550	456776564765174	456776550954289
456776560062362	456776572983403	456776560319289
456776576716737	456776589419340	456776576982414
456776593383977	456776605855383	456776605257102
456776610047987	456776622291163	456776610388039
456776638286789	456776655161008	456776638682831
456776643334289	456776663379341	456776643672883
456776660043195	456776671595591	456776660312102
456776676811893	456776688028403	456776685630070
456776700648820	456776712681424	456776700933508
456776710042727	456776720897830	456776710316008
456776726774133	9223372036854775807	456776727125383

POLL t=78.4 tick=2114
8333333
456784843786474	456784855963660	456784844060484
456784860407724	456784872396264	456784860786005
456784877076578	456784888832775	456784885680067
456784900709286	456784913484650	456784900994234
456784910402723	456784921702567	456784910685848
456784927080536	456784938138712	456784927379078
456784943741473	456784954574390	456784953510536
456784967514598	456784979231316	456784967828765
456784977073348	456784987449546	456784977349703
456784993748192	456785003883400	456784994025640
456785010401265	456785028537411	456785022070953
456785034358348	456785044972514	456785034640692
456785043774130	456785061409963	456785044042203
456785060410223	456785077844077	456785060765171
456785077071005	456785094277358	456785089857984
456785093748192	456785110712202	456785094105536
456785122014703	456785135365067	456785122305953
456785127075536	456785143582775	456785127435796
456785143837098	456785160017723	456785144092671
456785160409598	456785176453036	456785163430848
456785184471005	456785201103036	456785184757255
456785193659911	456785209319911	456785193952411
456785210421630	456785225752098	456785210672671
456785227088817	456785242185118	456785241528348
456785243766317	456785258618556	456785244136942
456785271450171	456785283269598	456785271741109
456785277040171	456785291487358	456785277320692
456785293754703	456785307921630	456785294021786
456785310439234	456785324354024	456785310767827
456785334429911	456785349003504	456785334716942
456785343757359	456785357220275	456785344043296
456785360418452	456785373655171	456785360769286
456785377090952	456785390088660	456785387122202
456785401662880	456785414739910	456785401947098
456785410406473	456785422959077	456785410678661
456785427076317	456785439397515	456785427352880
456785443777098	456785455832619	456785454443348
456785468053973	456785480481890	456785468335067
456785477083817	456785488699077	456785477369755
456785493708661	456785505134806	456785493983192
456785510399598	456785529789806	456785524215327
456785527064442	456785538008608	456785527418452
456785555713661	456785570880952	456785556084234
456785560416942	456785579099441	456785560861213
456785577120067	456785587317567	456785577506317
456785593749702	456785611968921	456785604196421
456785618124598	456785628405379	456785618463140
456785627071265	456785644841681	456785627359129
456785643747723	456785661275379	456785644020796
456785660366734	456785677707671	456785670063973
456785684782254	456785702356056	456785685081161
456785693715848	456785710572983	456785693986317
456785710361890	456785727006838	456785710688817
456785727106473	456785743441524	456785736039442
456785751451161	456785768090379	456785751747046
456785760383140	456785776308556	456785760759911
456785777090848	456785792742567	456785777378973
456785793781734	456785809175379	456785802784129
456785818044754	456785833823973	456785818327411
456785827055067	456785842040483	456785827340536
456785843745379	456785858471577	456785844033192
456785860415848	456785874903504	456785870805067
456785884804546	456785899549389	456785885095015
456785893744129	456785907764650	456785894003973
456785910415379	456785924195015	456785910673036
456785927075952	456785940626837	456785940428765
456785943749598	456785957061681	456785944149390
456785971439233	456785989927983	456785971739754
456785977064598	456785998142983	456785977402515
456785993760536	456786006358816	456785994025223
456786010491421	456786022793712	456786013738817
456786035330848	456786047444806	456786035688140
456786043805223	456786055661889	456786044106733
456786060501629	456786072095743	456786060883504
456786077186577	456786088529858	456786077448817
456786093911265	456786104964910	456786097380640
456786118883817	456786129616316	456786119166004
456786127233608	456786137833556	456786127516004
456786143871473	456786154267149	456786144121317
456786160533348	456786178917775	456786172184129
456786185142254	456786203567410	456786185413504
456786193839442	456786211783660	456786194081108
456786210509129	456786228214442	456786210772671
456786227162567	456786244646524	456786240518035
456786243822254	456786261079024	456786244126577
456786272487827	456786285726629	456786272821629
456786277150067	456786293943348	456786277462671
456786293869129	456786310376317	456786294169233
456786310586942	456786326807774	456786315331942
456786335268817	456786351456421	456786335568817
456786343843608	456786359673191	456786344133452
456786360505379	456786376106160	456786360864129
456786377145692	456786392539285	456786389446317
456786402106473	456786417189910	456786402383817
456786410475015	456786425407150	456786410742879
456786427136942	456786441840275	456786427398035
456786443897671	456786466488504	456786459234285
456786460559285	456786474705691	456786460897723
456786486471629	456786499356473	456786486753452
456786493855379	456786507574337	456786494117723
456786510530535	456786524008556	456786510793348
456786527220379	456786540440639	456786529562410
456786551585535	456786565093139	456786551866317
456786560397410	456786573310587	456786560784285
456786577166785	456786589745275	456786577427879
456786593801785	456786614398296	456786606693504
456786618878817	456786630832202	456786619158035
456786627148817	456786639050691	456786627417410
456786643817098	456786655486680	456786644083608
456786660460067	456786680142618	456786673835379
456786677150379	456786688360482	456786677503504
456786706154598	456786721236160	456786706455535
456786710423817	456786729454285	456786710777410
456786727084442	456786737672514	456786727365952
456786743835327	456786754107722	456786746295379
456786768959077	456786778762097	456786769260535
456786777064546	456786795198035	456786777365796
456786793809285	456786811637722	456786794080483
456786810418973	456786828072462	456786810685067
456786827159858	456786844509493	456786828210692
456786852689077	456786869160900	456786852989441
456786860394129	456786877377826	456786860771889
456786877136941	456786893811368	456786877414441
456786893938035	456786910246993	456786896709858
456786919273191	456786934904441	456786919666889
456786927151004	456786943123139	456786927448191
456786943807410	9223372036854775807	456786944094754

POLL t=90.1 tick=2251
8333333
456796378575844	456796392324229	456796378935063
456796404284594	456796416972771	456796404600219
456796411875480	456796425189698	456796412309594
456796428581261	456796441621677	456796428843917
456796445249438	456796458055791	456796455357250
456796468446782	456796482707458	456796468735063
456796478572875	456796490925062	456796478839073
456796495212719	456796507358344	456796495477354
456796511905688	456796523792927	456796519498188
456796535267042	456796548439333	456796535605219
456796545190792	456796556654958	456796545492979
456796562215375	456796573086000	456796562234125
456796578529750	456796589518708	456796589135323
456796601837407	456796614166885	456796602131729
456796611897250	456796622383916	456796612267042
456796628534229	456796638817510	456796628815532
456796645278188	456796655250896	456796653118657
456796668501729	456796679900739	456796668819125
456796678586469	456796696334541	456796678857667
456796695246938	456796712768968	456796695527563
456796711912406	456796729204854	456796719375688
456796735778500	456796753855219	456796736143969
456796745248656	456796762072302	456796745514698
456796761911469	456796778504020	456796762270584
456796778585531	456796794936521	456796788407875
456796802165323	456796819588291	456796802454750
456796811911417	456796827806312	456796812284594
456796828588136	456796844240218	456796828851938
456796845304854	456796860674073	456796852928500
456796869074594	456796885322458	456796869370375
456796878586781	456796893538604	456796878857563
456796895253344	456796909970323	456796895531886
456796911915063	456796926399958	456796920496156
456796935731886	456796951044854	456796936056156
456796945227406	456796959261104	456796945493344
456796961920063	456796975692874	456796962185219
456796978606000	456796992125896	456796984546313
456797002340219	456797016774958	456797002633136
456797011907406	456797024991572	456797012095688
456797028585219	456797041425426	456797028863656
456797045258969	456797057858187	456797050904386
456797069016781	456797082504854	456797069315688
456797078534906	456797090721208	456797078831313
456797095202094	456797107153396	456797095490636
456797111914698	456797123588187	456797120163292
456797135685375	456797148237562	456797135994438
456797145215063	456797156454698	456797145494854
456797161868604	456797172886521	456797162151625
456797178557823	456797189317822	456797186351781
456797202162875	456797213965688	456797202449542
456797211934594	456797222181052	456797212140219
456797228610375	456797238610687	456797228873604
456797245292719	456797263257562	456797250742198
456797268890219	456797279689021	456797269174125
456797278609073	456797296122094	456797278873292
456797295267250	456797312553708	456797295534906
456797311931885	456797328988135	456797321309438
456797336120948	456797353639697	456797336423917
456797345256729	456797361856260	456797345521260
456797361961729	456797378290635	456797362217250
456797378692198	456797394726833	456797387699698
456797402522406	456797419380114	456797402808292
456797411956625	456797427596989	456797412207250
456797428608187	456797444029281	456797428979125
456797445263760	456797460461676	456797452928292
456797469064229	456797485109073	456797469365375
456797478595167	456797493323916	456797478863812
456797495260635	456797509754593	456797495528500
456797511955635	456797526185530	456797520191937
456797535587667	456797550829802	456797535905479
456797545249542	456797559045531	456797545552562
456797561936417	456797575478395	456797562214437
456797578644281	456797591912093	456797587757094
456797602099229	456797616565583	456797602384281
456797611945531	456797624782093	456797612252198
456797628619437	456797641215843	456797628992562
456797645301469	456797657650166	456797652396937
456797668943135	456797682302250	456797669232875
456797678718969	456797690520791	456797678984125
456797695345062	456797706952771	456797695603500
456797712061729	456797723385270	456797719358917
456797735545323	456797748034072	456797735837875
456797745292406	456797756248968	456797745551417
456797762002875	456797772680166	456797762264437
456797778726312	456797789110947	456797785378760
456797802573187	456797813761364	456797802856000
456797811975062	456797830192718	456797812240844
456797828615948	456797846626416	456797828978500
456797845363812	456797863060270	456797850737354
456797869500531	456797887710478	456797869799698
456797878614750	456797895927198	456797878901937
456797895273656	456797912360999	456797895540062
456797911971156	456797928794541	456797920519541
456797936428812	456797953440948	456797936785219
456797945366000	456797961659281	456797945528344
456797961963760	456797978092874	456797962229073
456797978744906	456797994525010	456797985239593
456798003926000	456798019173864	456798004240479
456798011979125	456798027390218	456798012275687
456798028674854	456798043823655	456798029028968
456798045274385	456798060254697	456798052633135
456798070519698	456798084907353	456798070817406
456798078662093	456798093124905	456798078960791
456798095302875	456798109557718	456798095593656
456798112046416	456798125989802	456798120829906
456798136405479	456798150636260	456798136684125
456798145340843	456798158851468	456798145659750
456798161986312	456798175280947	456798162248343
456798178681260	456798191710791	456798184413135
456798202940218	456798216360947	456798203220010
456798211993500	456798224576573	456798212236156
456798228614854	456798241007874	456798228985062
456798245285531	456798257439436	456798251767718
456798269654593	456798282086988	456798269942041
456798278651625	456798290302770	456798278911312
456798295304750	456798306737510	456798295569229
456798311966468	456798323171052	456798318543343
456798336366573	456798347822562	456798336660166
456798345252979	456798356040738	456798345534229
456798361963031	456798372474958	456798362278656
456798378638656	456798388910583	456798385663343
456798403038291	456798413563135	456798403411312
456798411962562	456798429998499	456798412230010
456798428601729	456798446431728	456798428968812
456798445279697	456798462862562	456798452556937
456798469821312	456798487510738	456798470130531
456798478634906	456798495728342	456798478900479

POLL t=101.6 tick=2470
8333333
456808245860840	456808258479120	456808246141152
456808262486621	456808274914068	456808262862506
456808279212350	456808291346412	456808289876725
456808303123756	456808315998235	456808303420215
456808312523496	456808324215214	456808312775058
456808329197715	456808340650423	456808329444694
456808345892037	456808357085371	456808353557402
456808369401308	456808381734641	456808369702037
456808379186465	456808389950683	456808379462819
456808395852558	456808406383392	456808396126308
456808412543287	456808422818287	456808415724069
456808436124694	456808447470944	456808436509381
456808445819850	456808463906829	456808446164225
456808462485215	456808480340371	456808462861308
456808479149069	456808496772662	456808492289121
456808495870996	456808513204328	456808496221412
456808523668027	456808537855318	456808523929225
456808529185319	456808546071933	456808529558600
456808545899121	456808562503079	456808546276569
456808562769381	456808578935578	456808563565944
456808588856152	456808603584954	456808589308131
456808595876256	456808611802402	456808596268964
456808612535214	456808628237402	456808621910319
456808636238912	456808652888548	456808636546881
456808645861569	456808661105787	456808646134537
456808662515058	456808677540995	456808662880371
456808679250683	456808693977870	456808682142402
456808702689589	456808718631881	456808702978808
456808712538600	456808726850161	456808712809746
456808729165996	456808743285943	456808729442714
456808745899537	456808759722245	456808753240058
456808769407037	456808784375214	456808769697714
456808779216308	456808792592714	456808779485214
456808795915683	456808809028287	456808796200058
456808812579433	456808825461672	456808814563756
456808836052194	456808850114901	456808836388183
456808845870162	456808858332505	456808846142819
456808862517714	456808874766308	456808862878912
456808879188027	456808891201256	456808885111100
456808902517558	456808915854641	456808902809537
456808912543964	456808924071621	456808912811621
456808929209433	456808940503495	456808929504381
456808945924433	456808956936359	456808947551464
456808969412714	456808981587661	456808969706100
456808979228652	456808989805682	456808979551464
456808995888443	456809014457193	456808996231933
456809012535371	456809030891568	456809023494277
456809036592089	456809047324901	456809036886464
456809045866308	456809063761672	456809046139121
456809062547089	456809080199015	456809062904902
456809079218964	456809096636516	456809086898027
456809102459902	456809113074172	456809102744746
456809112541308	456809129510839	456809112810371
456809129168495	456809145946620	456809129449589
456809145895995	456809162382245	456809148219433
456809169105058	456809187035214	456809169398652
456809179213912	456809195252765	456809179499537
456809195929433	456809211690162	456809196328287
456809212558756	456809228127922	456809224260527
456809234569537	456809252783756	456809234896777
456809245900995	456809261000943	456809246165370
456809262559902	456809277436359	456809262957245
456809279218652	456809293871568	456809289008339
456809302268131	456809318526464	456809302556100
456809312557193	456809326745786	456809312817089
456809329223027	456809343182297	456809329475370
456809345890058	456809359618859	456809353042402
456809368808808	456809384269953	456809369107245
456809379220162	456809392487557	456809379492089
456809395891725	456809408921620	456809396171100
456809412544902	456809425357140	456809416112037
456809435429850	456809450010735	456809435718756
456809445923183	456809458231672	456809446196308
456809462599433	456809474671620	456809462958912
456809479392089	456809491109485	456809486065318
456809501981620	456809515768131	456809502279745
456809512590995	456809523986151	456809512863964
456809529287714	456809540425110	456809529560995
456809546041620	456809556862661	456809550830162
456809569122506	456809581517088	456809569423599
456809579380839	456809589735890	456809579666933
456809595947193	456809614400318	456809596210058
456809612674433	456809630837505	456809620198443
456809638119224	456809655492037	456809638483339
456809645931933	456809663708912	456809646278131
456809662572402	456809680145682	456809662933964
456809679363443	456809696583287	456809687581568
456809702837193	456809713018755	456809703162193
456809712576152	456809729455474	456809712845370
456809729239902	456809745891724	456809729600370
456809745990162	456809762329224	456809751189745
456809769277870	456809786985630	456809769572870
456809779250631	456809795205630	456809779521620
456809795963964	456809811641776	456809796225162
456809812648183	456809828081516	456809817650839
456809835548183	456809852736568	456809835851568
456809845931776	456809860955578	456809846206151
456809862614745	456809877393755	456809875950683
456809879344433	456809893835839	456809879739745
456809905644849	456809918498078	456809905938131
456809912583026	456809926718078	456809912936464
456809929230474	456809943156620	456809929504433
456809945915943	456809959593703	456809946260214
456809969179381	456809984250890	456809969471308
456809979258808	456809992471203	456809979526412
456809995917037	456810008910838	456809996184276
456810012560995	456810025350057	456810020162870
456810035783651	456810050009745	456810036070474
456810045910058	456810058228911	456810046176881
456810062576151	456810074667922	456810062932506
456810079264433	456810091106672	456810084795214
456810102525214	456810115768547	456810102826881
456810112574589	456810123988599	456810112846568
456810129251464	456810140426411	456810129516568
456810145895526	456810156863495	456810151812401
456810169416776	456810181517714	456810169717818
456810179305162	456810189736255	456810179648912
456810195887245	456810214394537	456810196158339
456810212564901	456810230833182	456810221585474
456810235665995	456810247273807	456810235957714
456810245838755	456810263710995	456810246117870
456810262503183	456810280149172	456810262887245
456810279262714	456810296584849	456810285165630
456810302273339	456810313020786	456810302547193
456810312599433	456810329458182	456810312863495
456810329258183	456810345895005	456810341632818
456810345947245	456810362329953	456810346293755

POLL t=113.7 tick=2621
8333333
456820297897033	456820313286615	456820302952241
456820320827658	456820337938230	456820321110991
456820331195054	456820346153595	456820331468960
456820347828335	456820362585991	456820348107554
456820364544220	456820379017553	456820367599116
456820387551772	456820403665627	456820387846304
456820397852085	456820411880678	456820398284116
456820414540314	456820428316251	456820414810835
456820431202710	456820444750366	456820439028908
456820454004845	456820469402501	456820454291147
456820464508283	456820477620783	456820464786147
456820481210522	456820494057501	456820481478335
456820497856720	456820510493439	456820503341460
456820520782397	456820535149376	456820521072554
456820531176616	456820543367657	456820531444585
456820547875835	456820559804688	456820548133752
456820564558960	456820576241147	456820567761720
456820587458960	456820600892710	456820587770470
456820597912814	456820609109793	456820598398960
456820614531772	456820625543595	456820614799377
456820631183127	456820641979220	456820639783595
456820654293647	456820666635366	456820654591616
456820664487241	456820674854063	456820664771147
456820681155210	456820699510782	456820681424741
456820697929845	456820715945834	456820703247345
456820720974116	456820732382032	456820721325835
456820731199376	456820748817710	456820731518439
456820747841616	456820765252293	456820748124272
456820764583022	456820781688126	456820770116460
456820787360314	456820798121564	456820787671616
456820797898804	456820814555626	456820798259741
456820814564585	456820830991042	456820814844116
456820831264533	456820847427397	456820834831772
456820854783022	456820872080678	456820855089741
456820864534585	456820880297918	456820864810835
456820881188022	456820896731512	456820890948335
456820904249689	456820921380313	456820904533595
456820914535991	456820929596720	456820914814116
456820931249585	456820946031095	456820931519585
456820947954272	456820962462969	456820953037866
456820970798335	456820987117084	456820971095783
456820981253803	456820995334376	456820981519741
456820997930522	456821011772293	456820998293178
456821014603908	456821028209949	456821017480783
456821037495210	456821052861407	456821037779220
456821047937501	456821061078907	456821048283335
456821064585991	456821077514584	456821064857033
456821081262866	456821093952553	456821085352241
456821104315678	456821118609584	456821104685366
456821114579533	456821126828750	456821114845835
456821131251303	456821143265730	456821131516147
456821147991876	456821159705469	456821155205991
456821171046251	456821184364324	456821171336408
456821181252553	456821192584793	456821181580314
456821197889585	456821209023282	456821198260678
456821214602710	456821225460730	456821217912033
456821237459064	456821250117188	456821237743491
456821247921772	456821258335783	456821248258178
456821264590678	456821274771042	456821264849845
456821281285783	456821299423959	456821284577866
456821304493491	456821315859792	456821304775001
456821314596772	456821332294741	456821314859116
456821331254741	456821348732085	456821342444272
456821354373960	456821365168647	456821354645366
456821364597085	456821381604897	456821364855470
456821381262553	456821398044793	456821381529220
456821397932501	456821414481199	456821405994585
456821421078647	456821439137137	456821421363907
456821431289897	456821447356094	456821431558647
456821447970001	456821463792136	456821448233595
456821464649689	456821480228647	456821470238282
456821487614428	456821504887865	456821487898803
456821497887814	456821513108230	456821498282501
456821514603126	456821529546980	456821514869741
456821531341772	456821545985834	456821537075053
456821554896772	456821570643646	456821555239741
456821564625939	456821578862397	456821564900991
456821581276459	456821595303230	456821581546928
456821598003959	456821611741615	456821602639116
456821620905522	456821636397866	456821621206928
456821631257866	456821644616876	456821631531459
456821647951303	456821661053751	456821660313907
456821664631303	456821677487918	456821664960314
456821691141720	456821702142448	456821691442657
456821697918022	456821710361615	456821698339897
456821714655209	456821726797761	456821714907553
456821737703439	456821751452553	456821737985991
456821747959220	456821759671720	456821748226303
456821764639116	456821776108490	456821764898491
456821781336251	456821792541406	456821791438803
456821804451772	456821817191928	456821804746459
456821814650001	456821825408074	456821814917241
456821831285782	456821841840209	456821831566616
456821848024064	456821858271719	456821854461407
456821870600522	456821882923647	456821870903022
456821881287866	456821891141355	456821881556928
456821897968282	456821915793594	456821898328178
456821914664584	456821932229792	456821917913282
456821937884272	456821948665417	456821938172866
456821947938022	456821965099480	456821948203282
456821964607084	456821981535104	456821974725678
456821987719897	456821997971928	456821987995522
456821997924584	456822014410834	456821998293751
456822014631616	456822030850522	456822014896459
456822031338334	456822047289168	456822034460678
456822054306147	456822071948438	456822054566095
456822064638959	456822080168333	456822064897813
456822081276928	456822096606250	456822081545678
456822097941459	456822113045105	456822102997866
456822120912397	456822137700470	456822121207397
456822131267241	456822145919792	456822131539220
456822147900834	456822162358230	456822148168647
456822164612709	456822178797241	456822167733438
456822187544584	456822203454271	456822187836928
456822198005522	456822211674532	456822198479845
456822214611720	456822228115678	456822214860991
456822231283647	456822244553542	456822239886407
456822254179063	456822269213073	456822254451615
456822264593959	456822277433178	456822264864063
456822281234115	456822293871198	456822281505522
456822297960834	456822310307865	456822305289272
456822320943803	456822334964011	456822321296147
456822331230365	456822343182084	456822331528334
456822347922397	456822359622813	456822348186772
456822364609063	456822376062396	456822373986147
456822387680626	456822400719115	456822387951563
456822397896928	456822408938438	456822398263334

POLL t=125.3 tick=2850
8333333
456831781612862	456831793493330	456831781960987
456831807416612	456831818148538	456831807710987
456831814883331	456831826367132	456831815156612
456831831548487	456831851023435	456831843236924
456831855445206	456831867462496	456831855815518
456831864934372	456831875681299	456831865201456
456831881604268	456831892117966	456831881871768
456831898260831	456831916772705	456831909501143
456831921580049	456831933209216	456831921944528
456831931633799	456831949645414	456831931963799
456831948256299	456831966080830	456831948523174
456831964916924	456831982517601	456831974548278
456831987634581	456831998953487	456831987921924
456831998223278	456832015387184	456831998503174
456832014880310	456832031818851	456832015162393
456832031604372	456832048251507	456832038697081
456832054253643	456832064685830	456832054547237
456832064894737	456832081119684	456832065167810
456832081628278	456832097553590	456832081895518
456832098300205	456832113989789	456832103217497
456832121208435	456832138642861	456832121544580
456832131632237	456832146860726	456832132061455
456832148296716	456832163296768	456832148564893
456832164961091	456832179731038	456832172944841
456832187660778	456832204379736	456832187950362
456832198290518	456832212598382	456832198561716
456832214954372	456832229034736	456832215232237
456832231614112	456832245467132	456832241404372
456832254379841	456832270116038	456832254664424
456832264963174	456832278333486	456832265226612
456832281628174	456832294768590	456832281894268
456832298309997	456832311203955	456832305186299
456832320987497	456832335858017	456832321268903
456832331639060	456832344075569	456832331986768
456832348304112	456832360511768	456832348578174
456832364946768	456832376949372	456832371373330
456832387651716	456832401602913	456832387933018
456832398283018	456832409820569	456832398561091
456832414955674	456832426255414	456832415224424
456832431620466	456832442691403	456832441688747
456832454248487	456832467342965	456832454536560
456832465020518	456832475562080	456832465292393
456832481633435	456832500216142	456832481898903
456832498319997	456832516653382	456832505236143
456832521010674	456832533090726	456832521302653
456832531631091	456832549527340	456832531979841
456832548318643	456832565964476	456832548581559
456832564989580	456832582400778	456832570530309
456832587632393	456832598839319	456832587913591
456832598308747	456832615276559	456832598608903
456832614964737	456832631714944	456832615228018
456832631643018	456832648152809	456832641353487
456832654415049	456832664590101	456832654718643
456832664969997	456832681026091	456832665228330
456832681708799	456832697462080	456832681976143
456832698330362	456832713896455	456832705133955
456832721034893	456832738551194	456832721339736
456832731628330	456832746768278	456832731984372
456832748297549	456832763202653	456832748573591
456832765002653	456832779638747	456832770842549
456832787724372	456832804291871	456832788041143
456832798305518	456832812509580	456832798576872
456832814966611	456832828942601	456832815233955
456832831640830	456832845376246	456832842972236
456832855324893	456832870028695	456832855676924
456832864964111	456832878245674	456832865237236
456832881634893	456832894679371	456832881907393
456832898319841	456832911115622	456832908352236
456832921252184	456832935766351	456832921533174
456832931672236	456832943983277	456832931862653
456832948296716	456832960417965	456832948577236
456832965022236	456832976851038	456832973554268
456832988095986	456833001501090	456832988387966
456832998351455	456833009717288	456832998633643
456833015007236	456833026148746	456833015275049
456833031641143	456833042582913	456833041390049
456833054559424	456833067234684	456833054846143
456833065041143	456833075451455	456833065304997
456833081682966	456833100099007	456833081949580
456833098461143	456833116531872	456833103876716
456833121494268	456833132964007	456833121787653
456833131693591	456833149397496	456833132154268
456833148333799	456833165826610	456833148606299
456833165300465	456833182257601	456833172648747
456833187905518	456833198689215	456833188199684
456833198340778	456833215123174	456833198618799
456833215060518	456833231557288	456833215334893
456833231863018	456833247989423	456833238059580
456833254546768	456833272637079	456833254853330
456833265004372	456833280851767	456833265276299
456833281735778	456833297281715	456833281982236
456833298439111	456833313713330	456833304074424
456833321698955	456833338361037	456833322056924
456833331662393	456833346576558	456833331943799
456833348384372	456833363007288	456833348731559
456833365053955	456833379439944	456833377261403
456833388204215	456833404088955	456833388490049
456833398372080	456833412304892	456833398641611
456833414988278	456833428737027	456833415258642
456833431721924	456833445166715	456833442648434
456833455289424	456833469810829	456833455579580
456833465020361	456833478026298	456833465281559
456833481673642	456833494456090	456833481931142
456833498326299	456833510889110	456833506371299
456833522788903	456833535536611	456833523102861
456833531653017	456833543753278	456833531934528
456833548377965	456833560186506	456833548738955
456833565041142	456833576619163	456833571924528
456833588112965	456833601268850	456833588392392
456833598334528	456833609484996	456833598600934
456833614997080	456833625918174	456833615262392
456833631725309	456833642350830	456833638786924
456833654593278	456833667001819	456833654877392
456833664988330	456833675219683	456833665256299
456833681654372	456833699868486	456833681924267
456833698344267	456833716299423	456833704353642
456833721387236	456833732729944	456833721683434
456833731668122	456833749158121	456833731965778
456833748293122	456833765587808	456833748662497
456833765016455	456833782018590	456833772848642
456833788111142	456833798445674	456833788415465
456833798272340	456833814873121	456833798598122
456833815006611	456833831302288	456833815244892
456833831769840	456833847732548	456833839109892
456833854613903	456833872380412	456833854902236
456833864977705	456833880595257	456833865243330
456833881697861	9223372036854775807	456833881975465

POLL t=136.9 tick=3001
8333333
456843338652857	456843354646242	456843338956243
456843348699264	456843362862805	456843348960201
456843365369212	456843379296659	456843365719420
456843382056451	456843395731815	456843391331087
456843405558326	456843420383898	456843405847337
456843415308587	456843428601659	456843415583951
456843431973014	456843445036086	456843432255826
456843448716607	456843461470097	456843452564524
456843471806399	456843486122388	456843472106868
456843481971555	456843494340513	456843482269420
456843498737545	456843510776763	456843499070826
456843515374732	456843527212180	456843524937389
456843538600514	456843551864784	456843538882337
456843548663951	456843560082909	456843549006764
456843565364107	456843576519159	456843565730357
456843582026920	456843592956451	456843592524420
456843605622805	456843617609680	456843605907701
456843615363326	456843625826867	456843615637649
456843632047389	456843650479888	456843632300357
456843648725514	456843666915045	456843654720461
456843671992805	456843683350982	456843672292180
456843681984993	456843699786868	456843682279732
456843698734680	456843716222856	456843699068482
456843715361086	456843732657388	456843727134889
456843732063482	456843749089992	456843732394055
456843756605045	456843773737493	456843756905670
456843765320982	456843781953117	456843765703951
456843782005045	456843798384940	456843791569524
456843805691711	456843823036138	456843805978899
456843815354211	456843831254420	456843815627649
456843832044836	456843847691502	456843832288170
456843848717701	456843864126451	456843854238170
456843871868482	456843888783326	456843872144107
456843882002076	456843897002909	456843882267336
456843898690357	456843913441138	456843909769107
456843921990670	456843938096243	456843922299107
456843932112545	456843946315565	456843932338170
456843948697545	456843962754628	456843948974420
456843965378430	456843979194732	456843975759263
456843988874420	456844003855409	456843989167024
456843998701243	456844012073742	456843998967701
456844015374420	456844028512232	456844015641451
456844032098326	456844044950930	456844037853951
456844055442701	456844069608794	456844055829211
456844065355045	456844077829783	456844065717493
456844082033951	456844094271815	456844082301920
456844098719263	456844110711554	456844103410930
456844123370045	456844135369367	456844123669107
456844132064524	456844143588481	456844132326086
456844148702701	456844160026346	456844148974263
456844165398638	456844176465461	456844171929368
456844188463170	456844201123742	456844188758638
456844198698951	456844209341763	456844198964420
456844215365982	456844225777127	456844215635461
456844232080982	456844242212283	456844235254263
456844254882961	456844266865408	456844255165461
456844265302857	456844283297232	456844265673326
456844282041920	456844299728377	456844282308118
456844298724107	456844316164575	456844305888899
456844321707961	456844332600513	456844321993586
456844332055617	456844349034472	456844332322701
456844348703482	456844365468325	456844348975149
456844365457388	456844381901346	456844371935357
456844388529420	456844406553586	456844388819680
456844398657701	456844414771503	456844398977492
456844415393795	456844431205200	456844415649524
456844432123326	456844447636919	456844436233326
456844454833013	456844472281294	456844455130617
456844465384888	456844480498065	456844465753013
456844482045670	456844496933795	456844482310826
456844498725670	456844513368481	456844501940045
456844521678586	456844538015826	456844521981867
456844532009732	456844546231450	456844532297388
456844548738794	456844562667232	456844549002961
456844565372649	456844579103429	456844575675774
456844588792024	456844603755096	456844589167024
456844598762649	456844611973065	456844599021867
456844615441919	456844628410616	456844615703482
456844632125930	456844644847179	456844640460513
456844655139419	456844669501971	456844655437180
456844665420201	456844677720564	456844665791919
456844682090982	456844694158898	456844682361555
456844698832232	456844710596241	456844703409524
456844721709524	456844735250305	456844722025617
456844732102076	456844743468898	456844732370044
456844748810513	456844759906242	456844749065826
456844765479680	456844776343638	456844772106607
456844788323117	456844800999471	456844788625826
456844798745044	456844809217179	456844799021399
456844815426763	456844825652596	456844815693899
456844832262076	456844850302284	456844836734524
456844854930305	456844866739835	456844855234732
456844865379211	456844883177075	456844865752180
456844882101138	456844899614679	456844882366294
456844898793482	456844916052596	456844905618742
456844921691138	456844932489575	456844921972544
456844932141294	456844948924158	456844932410826
456844948813430	456844965358586	456844949172492
456844965470201	456844981796710	456844972641607
456844988604576	456845006453221	456844988892076
456844998725148	456845014672284	456844999000044
456845015444419	456845031111971	456845015702701
456845032213898	456845047551033	456845035747388
456845055002701	456845072207231	456845055320930
456845065440617	456845080425461	456845065630513
456845082103169	456845096863690	456845082366763
456845098804419	456845113300096	456845104862961
456845121371763	456845137955981	456845121666919
456845132122388	456845146174159	456845132392076
456845148725982	456845162610305	456845148997701
456845165414576	456845179047439	456845169221138
456845188391398	456845203698325	456845188676607
456845198800357	456845211915044	456845199226138
456845215426607	456845228350356	456845215690200
456845232124263	456845244786918	456845240635773
456845254944419	456845269436919	456845255218950
456845265427544	456845277655617	456845265686086
456845282071555	456845294089836	456845282341919
456845298765357	456845310524419	456845302823742
456845321735513	456845335178950	456845322021242
456845332103638	456845343396815	456845332378794
456845348739680	456845359834315	456845348997544
456845365460044	456845376272857	456845371288898
456845387870513	456845400931919	456845388167023
456845398725200	456845409151502	456845398990513
456845415456763	456845425590721	456845415715930
456845432194211	456845450248169	456845435338950

POLL t=146.9 tick=3153
8333333
456853273938895	456853289317801	456853274282802
456853283809989	456853297536342	456853284083166
456853300452072	456853313974103	456853300822645
456853317170197	456853330409104	456853320908479
456853340070197	456853355058791	456853340399104
456853350396708	456853363274363	456853350687854
456853367148114	456853379705613	456853367417385
456853383813479	456853396138427	456853394670822
456853407179208	456853420783479	456853407489833
456853417104104	456853428998322	456853417384104
456853433800354	456853445429208	456853434078895
456853450467385	456853461860458	456853457954729
456853473330822	456853486507176	456853473624051
456853483801916	456853494722489	456853484072385
456853500467229	456853511151655	456853500841291
456853517160197	456853527581811	456853520129208
456853539952801	456853552225509	456853540325301
456853550493010	456853560439624	456853550773322
456853567147801	456853585082385	456853567411916
456853583824416	456853601513010	456853591844833
456853606823635	456853617944155	456853607120197
456853617086604	456853634377593	456853617367697
456853633818114	456853650810978	456853634079572
456853650492333	456853667243374	456853653934260
456853673798114	456853691896864	456853674151135
456853683838635	456853700114937	456853684088791
456853700460926	456853716549051	456853700645666
456853717155145	456853732979259	456853720818583
456853740072958	456853757624780	456853740437072
456853750461551	456853765841030	456853750733322
456853767136239	456853782272124	456853767403114
456853783827489	456853798703791	456853788307228
456853806499989	456853823353009	456853806791760
456853817130041	456853831569884	456853817397489
456853833809520	456853848000405	456853834071135
456853850491291	456853864431186	456853853119416
456853873323114	456853889077644	456853873600041
456853883803270	456853897294155	456853884125353
456853900466239	456853913727593	456853900728791
456853917164208	456853930161290	456853927791916
456853940555197	456853954809936	456853940848895
456853950446760	456853963027853	456853950779416
456853967090614	456853979458947	456853967372072
456853983745197	456853995890041	456853994703583
456854007068166	456854020538894	456854007353166
456854017145822	456854028756134	456854017409728
456854033810197	456854045188842	456854034067489
456854050472958	456854061623791	456854056147020
456854073543478	456854086272644	456854073837228
456854083807385	456854094489623	456854084079520
456854100510145	456854110924780	456854101052280
456854117151291	456854127359624	456854120454103
456854140063166	456854152009572	456854140345197
456854150483270	456854168443582	456854150752228
456854167152489	456854184875821	456854167417957
456854183818791	456854201306498	456854188739103
456854207226707	456854217739207	456854207525457
456854217085145	456854234173790	456854217368635
456854233815197	456854250608739	456854234080978
456854250477332	456854267039675	456854257096447
456854273359728	456854283470770	456854273659260
456854283893582	456854299901759	456854284194260
456854300496239	456854316330770	456854300774520
456854317151916	456854332759624	456854319799989
456854339893947	456854357405144	456854340213010
456854350553009	456854365620196	456854350880666
456854367146707	456854382050145	456854367408791
456854383807489	456854398478686	456854392993322
456854407506134	456854423121603	456854407796291
456854417145353	456854431335977	456854417419676
456854433808739	456854447761967	456854434072176
456854450492853	456854464187436	456854454447645
456854473230353	456854488826550	456854473528270
456854483815353	456854497039675	456854484096759
456854500624207	456854513469207	456854500803895
456854517229989	456854529899259	456854520396395
456854539846551	456854554542645	456854540158791
456854550494676	456854562757071	456854550773009
456854567175666	456854579187332	456854567437541
456854583880978	456854595617488	456854587834416
456854608232645	456854620262227	456854608519103
456854617177541	456854628477853	456854617442541
456854633864416	456854644908061	456854642775509
456854656757541	456854669552176	456854657048791
456854667220822	456854677767696	456854667480197
456854683867176	456854694197071	456854684145041
456854700508634	456854710628530	456854704173322
456854723421603	456854735276916	456854723701759
456854733836239	456854751708269	456854734101291
456854750540197	456854768139832	456854761636759
456854773552957	456854784570509	456854773834572
456854783849676	456854801002332	456854784118166
456854800538426	456854817435822	456854800802801
456854817271759	456854833870613	456854822763009
456854841344416	456854858523165	456854841634103
456854850540301	456854866741498	456854850815613
456854867219363	456854883173582	456854867475509
456854883891916	456854899604675	456854889971551
456854907344416	456854924250301	456854907644728
456854917229416	456854932465821	456854917490666
456854933896395	456854948895196	456854934167645
456854950619207	456854965327800	456854954338947
456854973807541	456854989972852	456854974154884
456854983853322	456854998186290	456854984123634
456855000525197	456855014616082	456855000786134
456855017220457	456855031045822	456855022429988
456855040364207	456855055692228	456855040659884
456855050454103	456855063908113	456855050734676
456855067161707	456855080338009	456855067429415
456855083896707	456855096766810	456855092716238
456855106651759	456855121413581	456855107042853
456855117189207	456855129630040	456855117436603
456855133838947	456855146064780	456855134116238
456855150531603	456855162496810	456855152854363
456855173226447	456855187146602	456855173521447
456855183861395	456855195363373	456855184190822
456855200494415	456855211799311	456855200761707
456855217191134	456855228235509	456855220916238
456855239897697	456855252888790	456855240225040
456855250502488	456855261106342	456855250778322
456855267180457	456855277540821	456855267442645
456855283901290	456855302190717	456855287749207
456855308164415	456855318624519	456855308557228
456855317126551	456855335060665	456855317422176
456855333837801	456855351494363	456855334129884
456855350543790	456855367928269	456855361903478
456855373553270	456855384361863	456855373850040

POLL t=158.3 tick=3305
8333333
456864684356078	456864701533318	456864689174724
456864707008162	456864717965609	456864707305141
456864717670610	456864734397640	456864717939516
456864734327224	456864750827953	456864734691547
456864751160506	456864767260714	456864757156287
456864773988318	456864791905922	456864774264985
456864784441078	456864800121442	456864784707381
456864801125349	456864816553735	456864801386235
456864817788006	456864832983161	456864822724881
456864840792380	456864857628109	456864841085766
456864851054568	456864865842328	456864851341912
456864867794360	456864882271286	456864868082537
456864884486755	456864898702849	456864890987328
456864907339985	456864923349046	456864907648891
456864917789672	456864931564776	456864918059568
456864934414828	456864947996025	456864934786912
456864951156130	456864964428786	456864956490818
456864973964203	456864989075349	456864974258474
456864984461599	456864997291130	456864984733005
456865001122693	456865013720557	456865001383735
456865017810922	456865030150401	456865022846443
456865040957224	456865054793265	456865041245453
456865051064412	456865063007901	456865051338630
456865067767485	456865079438474	456865068044880
456865084447485	456865095869724	456865092782537
456865107332849	456865120512589	456865107655662
456865117745349	456865128727744	456865118021599
456865134461443	456865145155973	456865134838943
456865151187172	456865161587328	456865155850922
456865174760818	456865186231963	456865175115818
456865184450193	456865194448213	456865184738318
456865201118943	456865219093005	456865201386599
456865217816860	456865235523265	456865225783630
456865240993005	456865251954307	456865241287849
456865251127797	456865268383473	456865251402693
456865267792849	456865284813786	456865268072641
456865284564047	456865301245036	456865289683162
456865307244828	456865317674254	456865307524099
456865317807016	456865334102900	456865318072068
456865334455974	456865350530088	456865334809568
456865351160766	456865366957276	456865355951130
456865374085349	456865391595192	456865374369516
456865384468630	456865399807953	456865384734880
456865401146130	456865416235140	456865401406443
456865417824412	456865432661703	456865422783162
456865441510297	456865457302224	456865441884099
456865451161234	456865465516286	456865451493474
456865467800297	456865481948265	456865468083266
456865484501599	456865498380400	456865492168266
456865507769724	456865523027692	456865508071703
456865517805036	456865531244255	456865518066286
456865534468474	456865547676754	456865534833474
456865551170818	456865564104932	456865556112016
456865574165193	456865588748526	456865574458630
456865584471078	456865596964463	456865584740036
456865601140505	456865613393370	456865601406599
456865617865974	456865629822640	456865622357068
456865641000609	456865654464723	456865641286443
456865651080141	456865662679567	456865651376755
456865667816859	456865679107536	456865668084099
456865684529568	456865695535765	456865690593786
456865707431599	456865720180036	456865707731755
456865717814411	456865728394359	456865718071755
456865734461859	456865753035452	456865734822849
456865751143318	456865769462693	456865756061703
456865774129724	456865785887380	456865774415193
456865784481859	456865802312171	456865784737536
456865801147693	456865818737692	456865801420609
456865817802693	456865835163422	456865822255766
456865841007224	456865851588681	456865841325036
456865851145349	456865868013838	456865851448161
456865867840661	456865884439568	456865868155505
456865884531547	456865900867744	456865892818318
456865907465974	456865925509046	456865907764411
456865917818161	456865933721858	456865918098474
456865934499359	456865950149827	456865934861286
456865951240193	456865966578056	456865955035818
456865976802640	456865991218004	456865977088786
456865984490765	456865999431858	456865984764724
456866001204880	456866015859307	456866012941911
456866024574984	456866040499932	456866024880922
456866034498734	456866048713004	456866034869099
456866051182693	456866065138421	456866051454099
456866067858318	456866081565140	456866074582224
456866091081286	456866106204046	456866091379828
456866101169568	456866114416494	456866101444047
456866117903265	456866130843057	456866118166547
456866134560453	456866147271911	456866141861286
456866157762067	456866171912848	456866158043161
456866167857953	456866180127223	456866168140765
456866184668786	456866196554931	456866184914047
456866201291130	456866212981755	456866205087380
456866224391286	456866237625036	456866224685765
456866234529828	456866245839463	456866234940297
456866251194724	456866262268369	456866251451755
456866267920765	456866278698213	456866273737484
456866291091599	456866303342327	456866291376078
456866301216547	456866311557431	456866301487536
456866317904099	456866327984359	456866318165661
456866334544828	456866352630817	456866341147328
456866357890349	456866369062223	456866358185505
456866367847536	456866385491703	456866368111286
456866384578005	456866401922432	456866384831599
456866401305922	456866418351703	456866404576442
456866424208786	456866434780140	456866424492380
456866434522015	456866451208004	456866434916859
456866451264724	456866467635817	456866451541130
456866467866911	456866484064567	456866478867849
456866492067172	456866508708994	456866492419359
456866501172380	456866516923890	456866501443005
456866517832015	456866533352640	456866518094567
456866534492692	456866549782796	456866545635036
456866557957067	456866574427432	456866558246234
456866567807849	456866582641703	456866568075140
456866584444828	456866599069150	456866584727067
456866601159724	456866615497015	456866607244880
456866624420765	456866640138317	456866624715453
456866634436442	456866648352067	456866634644984
456866651120765	456866664782275	456866651405817
456866667898005	456866681211911	456866671141286
456866690997796	456866705856650	456866691297380
456866701184567	456866714072119	456866701538942
456866717820817	456866730504671	456866718100349
456866734505036	456866746935504	456866745199359
456866757959099	456866771582848	456866758255505
456866767814046	456866779798578	456866768091390
456866784536442	9223372036854775807	456866784812953

POLL t=170.1 tick=3457
8333333
456876391247220	456876408912063	456876391500657
456876401600032	456876417130136	456876401878001
456876418261751	456876433568001	456876418538470
456876435011543	456876450005657	456876438337689
456876458363105	456876474659719	456876458733157
456876468390449	456876482879459	456876468658157
456876484955761	456876499317897	456876485334407
456876501642324	456876515753678	456876508093626
456876524357168	456876540408626	456876524655345
456876534983418	456876548625553	456876535247011
456876551658261	456876565060345	456876551918886
456876568364564	456876581493469	456876571252532
456876591336907	456876606141959	456876591639355
456876601657064	456876614359042	456876601947220
456876618319720	456876630793104	456876629714980
456876641485761	456876655441438	456876641802688
456876651697063	456876663657323	456876652009251
456876668318574	456876680092271	456876668587532
456876685008418	456876704739042	456876696699563
456876708698157	456876721170500	456876708977949
456876718331855	456876729386177	456876718598261
456876734986230	456876745818626	456876735259251
456876751689355	456876762250292	456876759317688
456876774622532	456876786895813	456876774911230
456876784989876	456876803325240	456876785354095
456876801611438	456876819754459	456876801884980
456876818328313	456876836184979	456876822905657
456876841720605	456876852615136	456876842077636
456876851630293	456876869046386	456876851878313
456876868271543	456876885476490	456876868544720
456876884944407	456876901908417	456876890123261
456876907759095	456876918340761	456876908120813
456876918320813	456876934774251	456876918600761
456876934986907	456876951207740	456876935252793
456876951827480	456876967641751	456876954680501
456876974610761	456876992291855	456876974906386
456876984951595	456877000506907	456876985333938
456877001648626	456877016939511	456877013795345
456877018318001	456877033372740	456877018653470
456877042396126	456877058019771	456877042688626
456877051680188	456877066236646	456877051919511
456877068354824	456877082672167	456877077717376
456877091345449	456877107325500	456877091657063
456877101613001	456877115542479	456877101889824
456877118333313	456877131976385	456877118610188
456877134999563	456877148406751	456877140308001
456877157888261	456877173056073	456877158174563
456877168318938	456877181273677	456877168588938
456877184988105	456877197709511	456877185366907
456877201658157	456877214142480	456877204934251
456877224616074	456877238791803	456877224954876
456877234979095	456877247006751	456877235245970
456877251656230	456877263439510	456877251929095
456877268324095	456877279874146	456877274500188
456877291391751	456877304526125	456877291708001
456877301670449	456877312743052	456877301943782
456877318337844	456877329178417	456877318646907
456877335025761	456877345614302	456877338357532
456877358018157	456877370269042	456877358305605
456877368366542	456877378486073	456877368630188
456877384990501	456877403137166	456877385356751
456877401689980	456877419569407	456877405553626
456877424796699	456877436002375	456877425088782
456877435002011	456877452436386	456877435260969
456877451679719	456877468868625	456877462904876
456877474657792	456877485302324	456877474952844
456877484998261	456877501734927	456877485538522
456877501663626	456877518167219	456877501953313
456877518346594	456877534599719	456877526987844
456877541464667	456877559250657	456877541749563
456877551667636	456877567467375	456877551935501
456877568335605	456877583899563	456877568599042
456877585005032	456877600333104	456877590385501
456877608105605	456877624984251	456877608390657
456877618344876	456877633200917	456877618617219
456877635047219	456877649633313	456877635322219
456877651738313	456877666066855	456877657744563
456877674792949	456877690713937	456877675075657
456877685003574	456877698929459	456877685390917
456877701688938	456877715360605	456877701960188
456877718451282	456877731791125	456877721979094
456877741829719	456877756440552	456877742131282
456877751734511	456877764656490	456877752055501
456877768393626	456877781089250	456877768656594
456877785093001	456877797525864	456877793062011
456877807929980	456877822176282	456877808256126
456877818402167	456877830393052	456877818676542
456877835090292	456877846826125	456877835355448
456877851819563	456877863259355	456877854642688
456877874772376	456877887907271	456877875055969
456877885011751	456877896123052	456877885377480
456877901731282	456877912554302	456877901992219
456877918460813	456877928985812	456877923097688
456877942793469	456877953633521	456877943073625
456877951735917	456877970063729	456877952056438
456877968361750	456877986493364	456877968629667
456877985123417	456878002924719	456877993968938
456878008554407	456878019356750	456878008865657
456878018345188	456878035789458	456878018609511
456878035030969	456878052221958	456878035303886
456878051728782	456878068653469	456878059877011
456878074820136	456878093300864	456878075102323
456878085023157	456878101516229	456878085377375
456878101709875	456878117948520	456878101964875
456878118434250	456878134378052	456878121162480
456878141565500	456878159022843	456878141855292
456878151652792	456878167238312	456878151934563
456878168318157	456878183670864	456878180633469
456878191448938	456878208317375	456878191764042
456878201639563	456878216532323	456878201922844
456878218315761	456878232964041	456878218581542
456878235000500	456878249393521	456878238181282
456878258064511	456878274041802	456878258360188
456878268389563	456878282258938	456878268757063
456878285006438	456878298690916	456878285368261
456878301719094	456878315123260	456878309735657
456878324976125	456878339773937	456878325337844
456878335013938	456878347991073	456878335272792
456878351694980	456878364424146	456878351949198
456878368376230	456878380855344	456878375930969
456878391540761	456878405501854	456878391832011
456878401685448	456878413716177	456878401953782
456878418303104	456878430146229	456878418588000
456878435015917	456878446574302	456878438588625
456878457960657	456878471217062	456878458258157
456878468427688	456878479431437	456878468686854
456878485069198	9223372036854775807	456878485262844

POLL t=181.7 tick=3687
8333333
456888135483257	456888150195548	456888135834872
456888152077476	456888166633152	456888165937788
456888168782840	456888183069976	456888169132528
456888194016903	456888207724298	456888194317059
456888202044247	456888215941694	456888202338778
456888218724663	456888240598256	456888235104194
456888235503309	456888248817580	456888235632840
456888258618882	456888273473673	456888258906747
456888268759090	456888281691589	456888269032840
456888285398309	456888306346590	456888298852840
456888308891122	456888322783778	456888309174038
456888318773309	456888331002163	456888319044403
456888335444819	456888347441330	456888335806851
456888352201382	456888363877684	456888359969715
456888375205497	456888388532319	456888375493934
456888385459247	456888396749663	456888385710913
456888402112997	456888413185912	456888402368778
456888418816694	456888437841381	456888430407215
456888441835288	456888454279559	456888442146590
456888452133882	456888462499298	456888452400444
456888468738778	456888487154298	456888469017059
456888485437684	456888503589715	456888494574559
456888508452528	456888520025861	456888508752632
456888518772788	456888536463361	456888519049871
456888535467684	456888552902162	456888535817371
456888552146590	456888569339559	456888559177996
456888575486903	456888585774663	456888575859403
456888585449976	456888602210183	456888585710653
456888602117319	456888618643516	456888602394559
456888618796121	456888635075912	456888629436590
456888641733569	456888659727475	456888642045809
456888652140132	456888667944975	456888652404871
456888668746382	456888684380756	456888669019090
456888685447788	456888700817631	456888690592476
456888708329194	456888725469871	456888708626538
456888718725132	456888733687059	456888719001903
456888735433465	456888750121226	456888735805757
456888752130653	456888766554610	456888757724715
456888774996121	456888791204246	456888775305340
456888785381069	456888799420860	456888785664507
456888802103726	456888815854090	456888802372788
456888818796226	456888832285184	456888830639715
456888841893621	456888856931121	456888842188726
456888852131278	456888865146954	456888852397840
456888868779403	456888881579142	456888869043153
456888885472371	456888898010809	456888890970809
456888908286121	456888922664871	456888908574871
456888918777944	456888930882839	456888919050809
456888935427007	456888947319350	456888935790653
456888952166590	456888963755496	456888958021069
456888974916850	456888988410808	456888975212475
456888985434871	456888996629246	456888985715809
456889002109090	456889013063673	456889002372059
456889018799559	456889029500340	456889024392684
456889042059038	456889054157944	456889042429246
456889052255184	456889062377110	456889052486434
456889068777632	456889087031694	456889069047684
456889085478152	456889103468361	456889094117163
456889108590288	456889119905235	456889108880809
456889118778309	456889136340756	456889119051590
456889135452840	456889152776485	456889135817684
456889152175496	456889169212423	456889157797215
456889174915809	456889185644767	456889175212059
456889185392840	456889202079090	456889185676694
456889202117632	456889218511485	456889202384246
456889218885132	456889234947787	456889229260184
456889241824507	456889259596225	456889242120913
456889252102840	456889267813725	456889252366277
456889268740809	456889284248777	456889269016277
456889285501434	456889300684350	456889290718309
456889308461434	456889325338725	456889308750600
456889318809246	456889333556121	456889319074975
456889335432684	456889349991641	456889335822632
456889352301902	456889366424402	456889357837163
456889375080965	456889391078412	456889375372684
456889385487371	456889399297006	456889385760184
456889402180340	456889415735444	456889402434090
456889418912319	456889432172006	456889423804559
456889442044246	456889456825131	456889442341902
456889452210027	456889465042475	456889452489507
456889468867632	456889481475391	456889469142840
456889485561277	456889497911902	456889492604246
456889508589038	456889522566902	456889508880340
456889518805965	456889530784402	456889519104559
456889535461381	456889547217996	456889535825965
456889552349663	456889563650547	456889557842996
456889575202215	456889588300444	456889575487840
456889585450131	456889596516901	456889585739246
456889602185027	456889612947943	456889602441850
456889618924663	456889629380183	456889624166538
456889641745913	456889654031798	456889642030340
456889652200756	456889662247787	456889652467684
456889668869038	456889686899402	456889669137631
456889685964350	456889703333881	456889690515965
456889708657684	456889719766433	456889708944871
456889719018256	456889736199037	456889719321225
456889735543308	456889752633152	456889735908933
456889752322215	456889769066016	456889764842371
456889768896850	456889785501016	456889769229350
456889795892840	456889810151537	456889796170340
456889802213933	456889818367683	456889802545652
456889818864246	456889834800340	456889819182944
456889835569975	456889851234349	456889840478308
456889858605600	456889875884818	456889858888933
456889868842058	456889884101277	456889869110808
456889885513465	456889900534141	456889885792319
456889902142371	456889916968829	456889907294506
456889925391590	456889941619089	456889925675496
456889935460913	456889949836224	456889935832840
456889952255131	456889966269037	456889952519350
456889968904871	456889982703464	456889973899558
456889993227371	456890007354975	456889993577371
456890002138725	456890015572839	456890002420183
456890018874715	456890032006953	456890019139715
456890035526850	456890048439193	456890046532683
456890058651433	456890073087370	456890058934871
456890068860496	456890081304297	456890069140808
456890085531381	456890097737683	456890085795131
456890102198933	456890114171068	456890110657006
456890125096590	456890138818985	456890125396121
456890135495808	456890147035287	456890135881694
456890152175340	456890163465756	456890152445913
456890168835965	456890179896068	456890174480965
456890191736121	456890204543152	456890192070496
456890202244871	456890212760183	456890202495131
456890218866225	456890229193776	456890219174506
456890235560183	9223372036854775807	456890243785808

POLL t=193.4 tick=3837
8333333
456899875211690	456899885831533	456899875505336
456899885755961	456899902267418	456899886052315
456899902491065	456899918702263	456899902757523
456899919159242	456899935140075	456899922284086
456899941769971	456899959793929	456899942063305
456899952469815	456899968010857	456899952741534
456899969132940	456899984445075	456899969496586
456899985822003	456900000880388	456899989452992
456900008558305	456900025533617	456900008919659
456900019142002	456900033750596	456900019415961
456900035802315	456900050181482	456900036074190
456900052476846	456900066616117	456900056177784
456900075274711	456900091265856	456900075569190
456900085850440	456900099483721	456900086168617
456900102473305	456900115917836	456900102778617
456900119140284	456900132350596	456900126602211
456900141851065	456900157000752	456900142143877
456900152472940	456900165217002	456900152735648
456900169132680	456900181650387	456900169502471
456900185828461	456900198086586	456900189953409
456900208355180	456900222739189	456900208654555
456900219138929	456900230957002	456900219400804
456900235834971	456900247394033	456900236094190
456900252517836	456900263832158	456900255178929
456900275209867	456900288488043	456900275509659
456900285827002	456900296708460	456900286119554
456900302468929	456900313145647	456900302739867
456900319116846	456900329579502	456900325001586
456900341767784	456900354233720	456900342059554
456900352443148	456900370670231	456900352714971
456900369116429	456900387106949	456900369505023
456900385860752	456900403544033	456900388885648
456900408662054	456900419983200	456900409023565
456900419123617	456900436419606	456900419408565
456900435779502	456900452858200	456900436090440
456900452607159	456900469297419	456900458821273
456900475678304	456900493955752	456900475994554
456900485852002	456900502175804	456900486127784
456900502507471	456900518611950	456900502776846
456900519194502	456900535048356	456900523420127
456900541812836	456900559702262	456900542104971
456900552479554	456900567921220	456900552764554
456900569134086	456900584359346	456900569500961
456900585874502	456900600795439	456900588021273
456900608588409	456900625451325	456900608962523
456900619115023	456900633670387	456900619393252
456900635847992	456900650105700	456900636112679
456900652533773	456900666542835	456900660076742
456900675652836	456900691197835	456900675931221
456900685840179	456900699415803	456900686108252
456900702520961	456900715850439	456900702790804
456900719184554	456900732285804	456900722556586
456900741865648	456900756940856	456900742161273
456900752464971	456900765159658	456900752753773
456900769133617	456900781596429	456900769545752
456900785865336	456900798032158	456900790178304
456900808503773	456900822685595	456900808804711
456900819126533	456900830904918	456900819410961
456900835810440	456900855557991	456900847708617
456900858627471	456900871992783	456900858912627
456900869167627	456900880210751	456900869536846
456900885849554	456900896645960	456900886108929
456900902512158	456900913082314	456900910474242
456900925373304	456900937737783	456900925660960
456900935851377	456900945955439	456900936118460
456900952547367	456900970613720	456900952814502
456900969227210	456900987051480	456900975712315
456900992129658	456901003489762	456900992409658
456901002553460	456901019925856	456901002815283
456901019255127	456901036366325	456901019522679
456901036026117	456901052804449	456901039681117
456901058809554	456901069243512	456901059112835
456901069241846	456901085683512	456901069590023
456901085947210	456901102122002	456901086209502
456901102651846	456901118560022	456901105475440
456901125615908	456901143218721	456901125903721
456901135870648	456901151437575	456901136142679
456901152673304	456901167875231	456901163235440
456901176189190	456901192532575	456901176565752
456901185902835	456901200752210	456901186169242
456901202605335	456901217192106	456901202866533
456901219369398	456901233632157	456901225164346
456901242781846	456901258292939	456901243144085
456901252596898	456901266513304	456901252869398
456901269237158	456901282952210	456901269610960
456901285946585	456901299389919	456901296355492
456901309301585	456901324049502	456901309593148
456901319246585	456901332270230	456901319524658
456901335947835	456901348710752	456901336210335
456901352670439	456901365150803	456901359807627
456901375478304	456901389807523	456901375769554
456901385911533	456901398026064	456901386182210
456901402598148	456901414463876	456901402866898
456901419329242	456901430903668	456901421306689
456901442873929	456901455561533	456901443228148
456901452598929	456901463780960	456901452889710
456901469255804	456901480218668	456901469620596
456901485958304	456901496655335	456901494093721
456901509832679	456901521311897	456901510119189
456901519291117	456901529530543	456901519636585
456901535940648	456901554190751	456901536219033
456901552604554	456901570628616	456901560347627
456901575154346	456901587066064	456901575451221
456901585858564	456901603502939	456901586135023
456901602622991	456901619941845	456901602892054
456901620530179	456901636380022	456901621688096
456901645593773	456901661037574	456901645877991
456901653704398	456901669257366	456901653970335
456901670357991	456901685694762	456901678681429
456901693207523	456901710352523	456901693526533
456901703654241	456901718570908	456901703927054
456901720351741	456901735008980	456901720617366
456901737078148	456901751446272	456901740025960
456901759771221	456901776101116	456901760065960
456901770311429	456901784319033	456901770823460
456901787020804	456901800754658	456901787296429
456901803752158	456901817189657	456901812120335
456901826536846	456901841843564	456901826818929
456901837017835	456901850059293	456901837288929
456901853686898	456901866491376	456901853966221
456901870356273	456901882927106	456901877085439
456901892951064	456901907582470	456901893247523
456901903696221	456901915799762	456901903965127
456901920375491	456901932232678	456901920634085
456901937094554	456901948667314	456901940099866
456901959801116	456901973319397	456901960080127
456901970314398	9223372036854775807	456901970686273

POLL t=205.1 tick=3991
8333333
456911520501738	456911532854550	456911520787363
456911537176529	456911549296737	456911537484498
456911553878300	456911565737466	456911557719186
456911577239081	456911590400539	456911577588404
456911587184394	456911598622258	456911587482467
456911603869654	456911615066737	456911604240748
456911620588300	456911631511893	456911624668144
456911643377363	456911656176737	456911643701686
456911653890175	456911664398196	456911654159186
456911670569863	456911680839393	456911670836738
456911687292050	456911705504341	456911691223613
456911710193456	456911721948092	456911710484706
456911720562467	456911738390592	456911720828925
456911737222675	456911754833247	456911737488925
456911753927154	456911771275175	456911757566061
456911776750644	456911787716268	456911777036529
456911787163561	456911804158091	456911787454550
456911803879706	456911820598925	456911804289810
456911820567206	456911837041216	456911827396581
456911843332050	456911853484601	456911843639967
456911853863613	456911869926841	456911854150488
456911870562050	456911886367622	456911870837154
456911887227779	456911902808248	456911889991269
456911910462675	456911927467258	456911910757675
456911920516894	456911935686737	456911920794706
456911937198300	456911952125696	456911947610644
456911960137310	456911976781737	456911960522935
456911970517050	456911985001425	456911970807310
456911987175644	456912001442154	456911987461998
456912003840123	456912017880643	456912009213925
456912028125956	456912042542310	456912028490644
456912037214394	456912050761789	456912037480279
456912053885748	456912067199237	456912054157050
456912070568717	456912083638664	456912076414706
456912093267362	456912108303456	456912093564862
456912103871581	456912116524706	456912104234394
456912120553300	456912132964445	456912120821217
456912137231529	456912149402726	456912140167519
456912159947935	456912174062883	456912160238456
456912170492935	456912182282310	456912170773092
456912187223144	456912198721216	456912187488769
456912203902831	456912215161320	456912211084706
456912226783456	456912239824602	456912227072623
456912237218456	456912248045019	456912237486269
456912253911269	456912264483925	456912254151425
456912270550592	456912280920904	456912273927779
456912293270644	456912305581425	456912293559394
456912303885644	456912322021477	456912304289237
456912320560123	456912338459393	456912320823925
456912337241269	456912354898404	456912340645904
456912360101842	456912371338143	456912360401425
456912370559237	456912387778143	456912370810331
456912387235175	456912404219862	456912387488456
456912403911269	456912420657883	456912415270956
456912426858456	456912445313247	456912427139081
456912437221894	456912453532049	456912437493612
456912453915800	456912469968977	456912454163873
456912470564966	456912486405122	456912479051841
456912493596269	456912511057778	456912493878144
456912503892310	456912519276008	456912504255175
456912520567623	456912535709966	456912520829862
456912537261581	456912552146320	456912541833925
456912560042206	456912576799185	456912560300019
456912570568873	456912585017830	456912570840956
456912587237987	456912601455487	456912587509081
456912603932675	456912617892362	456912609793560
456912626856373	456912642548925	456912627152935
456912637264706	456912650768456	456912637560331
456912653903300	456912667207726	456912654164498
456912670605643	456912683645539	456912681195904
456912693570487	456912708298455	456912693858091
456912703919810	456912716515799	456912704289966
456912720613456	456912732949393	456912720884393
456912737384393	456912749382518	456912742941737
456912760114393	456912774034081	456912760414550
456912770592675	456912782253143	456912770866060
456912787303456	456912798689706	456912787568300
456912803938143	456912815127206	456912809805956
456912826873300	456912839784965	456912827161529
456912837293768	456912848003820	456912837559081
456912853976581	456912864443299	456912854242675
456912870690748	456912880881997	456912873978143
456912893634029	456912905540747	456912893931998
456912903941425	456912921980123	456912904163456
456912920656737	456912938420956	456912920920643
456912937370018	456912954862466	456912941142779
456912960349081	456912971302934	456912960726216
456912970568925	456912987746425	456912970842675
456912987289550	456913004191112	456912987553143
456913004159393	456913020632206	456913015789081
456913026957779	456913045296060	456913027246841
456913037269966	456913053515591	456913037538091
456913053936893	456913069956945	456913054199237
456913070622206	456913086394653	456913076121112
456913093624393	456913111053090	456913093905748
456913103975175	456913119273455	456913104163404
456913120656737	456913135713091	456913120891372
456913137346997	456913152152153	456913141044081
456913160442987	456913176815851	456913160764341
456913170575279	456913185036320	456913170843456
456913187236581	456913201476215	456913187521216
456913203884081	456913217914549	456913215622154
456913227127831	456913242571737	456913227414550
456913237262622	456913250790747	456913237531425
456913253925643	456913267229393	456913254196581
456913270625643	456913283669862	456913281521372
456913293325018	456913308328247	456913293612206
456913303916737	456913316549445	456913304350279
456913320591841	456913332989757	456913320880175
456913337315435	456913349430903	456913342979862
456913360214549	456913374090070	456913360485643
456913370579862	456913382309340	456913371016112
456913387264341	456913398751424	456913387521581
456913403967674	456913423414705	456913415082779
456913426879654	456913439856685	456913427160643
456913437209966	456913448077101	456913437500487
456913453866581	456913464516789	456913454142206
456913470532206	456913480954861	456913477448299
456913493566060	456913505614549	456913493850799
456913503937987	456913522055539	456913504223456
456913520589862	456913538495591	456913520957674
456913537273143	456913554937882	456913541639237
456913560026893	456913571378976	456913560288716
456913570566581	456913587821320	456913570846685
456913587216581	456913604262622	456913600257935
456913603958143	456913620705642	456913604296997
456913629544237	9223372036854775807	456913629845643

POLL t=217.2 tick=4226
8333333
456923605011421	456923617485326	456923605298139
456923628358452	456923642147670	456923628671108
456923638327671	456923650368660	456923644190014
456923655004181	456923666810743	456923655383921
456923678839077	456923691474024	456923679162306
456923688413764	456923699696628	456923688692775
456923705019858	456923716140274	456923705314233
456923728614389	456923740806889	456923728907671
456923738391056	456923749026732	456923744111577
456923755027306	456923765466941	456923755396368
456923778470118	456923790125326	456923778761577
456923788392358	456923798345066	456923794198764
456923805065171	456923823005639	456923805350796
456923828401108	456923839446055	456923828687983
456923838395639	456923855888191	456923844042931
456923855059702	456923872329441	456923855433295
456923878254545	456923888772618	456923878545014
456923888363920	456923905213764	456923894490014
456923905065275	456923921651941	456923905351577
456923928212670	456923938090899	456923928474181
456923938387983	456923954530534	456923943803608
456923955068608	456923970970795	456923955436420
456923978179077	456923995630066	456923978486108
456923988354702	456924003850847	456923994267306
456924005066420	456924020292306	456924005335743
456924028416733	456924044954909	456924028704233
456924038365483	456924053175899	456924044544545
456924055063295	456924069618763	456924055428764
456924078190327	456924094280431	456924078480170
456924088401993	456924102500378	456924093401733
456924105070795	456924118938868	456924105342775
456924128211525	456924143600691	456924128558920
456924138350639	456924151821628	456924144503764
456924155066420	456924168263243	456924155437514
456924178747306	456924192924701	456924179116525
456924188384858	456924201145847	456924195112670
456924205071889	456924217586368	456924205340795
456924228176420	456924242248138	456924228476837
456924238392358	456924250469753	456924244328868
456924255041993	456924266911160	456924255468452
456924278218295	456924291571993	456924278508399
456924288402983	456924299790743	456924288673452
456924305027202	456924316228764	456924305305431
456924321760327	456924332668399	456924322350483
456924344979806	456924357331524	456924345269024
456924355050014	456924365553451	456924355406889
456924371778295	456924390218971	456924380760952
456924394980014	456924406658920	456924395265431
456924405026733	456924423101576	456924405300795
456924421685587	456924439542409	456924422011420
456924438438608	456924455984128	456924439613764
456924461759649	456924472426160	456924462056264
456924471696681	456924488868503	456924471971212
456924488375795	456924505310899	456924497502983
456924511426264	456924529966940	456924511721108
456924521754389	456924538187253	456924522024493
456924538425170	456924554626784	456924538690639
456924555080014	456924571067878	456924558459858
456924578302045	456924595726993	456924578644389
456924588549806	456924603948086	456924588830431
456924605113608	456924620391681	456924605380795
456924621766420	456924636832774	456924628707931
456924645025951	456924661495847	456924645345951
456924655083295	456924669717514	456924655466524
456924671762201	456924686157930	456924672051056
456924688532306	456924702598503	456924690039389
456924711742670	456924727255273	456924712055431
456924721823920	456924735473763	456924722096420
456924738480326	456924751911367	456924748311264
456924762004076	456924776566524	456924762293087
456924771823451	456924784784649	456924772082201
456924788483451	456924801221211	456924788758920
456924805173399	456924817656107	456924808536837
456924828218608	456924842308763	456924828508451
456924838490118	456924850527773	456924838795014
456924855183920	456924866966003	456924855550639
456924871907826	456924883403451	456924874242670
456924895150326	456924908056628	456924895452045
456924905154076	456924916273139	456924905419337
456924921869493	456924932708190	456924922137514
456924938618764	456924949143294	456924944031889
456924961808087	456924973796940	456924962094024
456924971864962	456924982014284	456924972123764
456924988569337	456925006670326	456924988834076
456925005282045	456925023107670	456925006430795
456925028500014	456925039543086	456925028780014
456925038503243	456925055978868	456925038774649
456925055155014	456925072415899	456925065259024
456925079764076	456925097074857	456925080071733
456925088543920	456925105294857	456925088797983
456925105212514	456925121734180	456925105559389
456925128670743	456925146390690	456925128952826
456925138526055	456925154609857	456925144475795
456925155221264	456925171048034	456925155621420
456925178821732	456925195703919	456925179089701
456925188520795	456925203923295	456925194282201
456925205222982	456925220361107	456925205499076
456925228648607	456925245017200	456925228942670
456925238540326	456925253236784	456925243752357
456925255187462	456925269673711	456925255547305
456925278269024	456925294327826	456925278550743
456925288499857	456925302546940	456925293747305
456925305237982	456925318985117	456925305500639
456925328694649	456925343644337	456925329051368
456925338480639	456925351863607	456925338754337
456925355208399	456925368302982	456925355582201
456925378663451	456925392962669	456925378929701
456925388528087	456925401181315	456925394529962
456925405183607	456925417621264	456925405443295
456925428533712	456925442278243	456925428803451
456925438515639	456925450497565	456925438802982
456925455175951	456925466934961	456925455533451
456925478416680	456925491591524	456925478694649
456925488492201	456925499811263	456925494311107
456925505167357	456925516248815	456925505442201
456925528361107	456925540904544	456925528738451
456925538506055	456925549123763	456925538764493
456925555128868	456925565561367	456925555501576
456925571876107	456925581999492	456925572022514
456925595510326	456925606658502	456925595795170
456925605172357	456925623096315	456925605439389
456925621827149	456925639533607	456925628286264
456925644802201	456925655971263	456925645085326
456925655156524	456925672409961	456925655576368
456925671868086	456925688851107	456925672141732
456925688573399	456925705290899	456925690059857
456925711447461	456925721728607	456925711742618

POLL t=229.1 tick=4405
8333333
456935544918604	456935559017561	456935545216051
456935555433291	456935567235166	456935555695322
456935572145791	456935583668759	456935574012041
456935594995010	456935608320582	456935595294697
456935605734333	456935616538603	456935606009697
456935622131260	456935632972300	456935622382978
456935638882614	456935649409384	456935639772353
456935661818916	456935674067093	456935662125114
456935672083603	456935682286416	456935672369541
456935688740270	456935698723446	456935691634020
456935712252145	456935723375478	456935712674801
456935722050583	456935739809436	456935722350478
456935738777353	456935756242145	456935739034176
456935761784697	456935772675843	456935762081364
456935772139333	456935789106884	456935772384697
456935788725947	456935805539957	456935798865791
456935811982353	456935830188394	456935812350166
456935822133864	456935838405321	456935822369853
456935838769385	456935854839905	456935849317822
456935862001208	456935879489853	456935862362145
456935872121260	456935887706467	456935872382978
456935888760322	456935904140582	456935889168135
456935911629645	456935928791936	456935911908603
456935922099072	456935937010738	456935922366885
456935938767041	456935953447092	456935947791572
456935961567510	456935978101260	456935961859853
456935972135791	456935986320270	456935972404958
456935988770947	456936002755478	456935997479541
456936011560114	456936027409749	456936011865739
456936022109541	456936035627873	456936022393603
456936038728135	456936052065217	456936047422822
456936061660635	456936076716363	456936061961103
456936072122353	456936084933707	456936072393135
456936088738603	456936101366103	456936099361207
456936111694385	456936126018082	456936112010478
456936122117457	456936134235270	456936122371416
456936138780947	456936150674020	456936139039385
456936161684176	456936175328968	456936161999853
456936172146832	456936183546624	456936172438447
456936188775166	456936208201311	456936200186520
456936205448916	456936216419228	456936205802145
456936233734541	456936249288238	456936234020478
456936238711103	456936257506416	456936243514385
456936262879645	456936273942145	456936263146416
456936272068916	456936282159488	456936272358603
456936288785322	456936306807249	456936289150791
456936311614801	456936323245061	456936311922509
456936322106416	456936339680946	456936322374853
456936338774228	456936356115686	456936340176728
456936365064957	456936380767874	456936365357301
456936372139072	456936388986155	456936372415791
456936394795582	456936405422561	456936395082822
456936405464541	456936421856207	456936405732926
456936422099801	456936438292509	456936431000791
456936444908134	456936462945790	456936445198603
456936455356728	456936471163498	456936455637197
456936472143603	456936487598863	456936483062353
456936494656884	456936512253030	456936494959541
456936505467353	456936520472145	456936505776259
456936522098864	456936536908394	456936531073603
456936544867509	456936561561155	456936545206676
456936555448603	456936569778498	456936555716728
456936572166989	456936586214124	456936579131259
456936594980895	456936610865842	456936595268916
456936605467666	456936619082613	456936605734384
456936622147822	456936635514853	456936626994176
456936644925791	456936660166571	456936645370322
456936655461884	456936668385738	456936655730322
456936672127509	456936684821936	456936679077353
456936695053134	456936709476103	456936695349853
456936705455478	456936717694176	456936705724332
456936722137353	456936734128395	456936726598447
456936746107509	456936758778655	456936746407822
456936755447666	456936766995582	456936755736416
456936778496103	456936791645738	456936778840478
456936788807041	456936799862509	456936789166259
456936805515791	456936824512248	456936817205322
456936828849957	456936840944697	456936829197666
456936838822666	456936849161624	456936839123395
456936855519384	456936873811519	456936866517978
456936878379072	456936890245113	456936878667197
456936888844384	456936906680009	456936889197509
456936905508395	456936923115165	456936915491884
456936928353603	456936939547925	456936928651728
456936938802770	456936955982248	456936939078551
456936955481415	456936972417301	456936963446676
456936978368134	456936988853863	456936978656103
456936988811832	456937005288290	456936989194697
456937005596572	456937021722509	456937012457822
456937028433395	456937046373186	456937028777457
456937038819697	456937054590165	456937039097822
456937055512040	456937071029176	456937064087822
456937078682457	456937095684801	456937078968134
456937088817770	456937103902822	456937089183759
456937105520634	456937120337196	456937113635165
456937128518551	456937144991571	456937128810165
456937138842040	456937153209905	456937139102509
456937155526207	456937169646624	456937161751259
456937178473447	456937194300477	456937178764384
456937188796051	456937202517300	456937189170322
456937205599384	456937218949800	456937212026572
456937228593863	456937243601676	456937229018238
456937238799020	456937251817352	456937239070790
456937255482926	456937268246936	456937263906415
456937278833290	456937292893758	456937279125582
456937288808290	456937301111571	456937289172665
456937305507822	456937317547613	456937313752301
456937328485582	456937342204280	456937328779228
456937338760113	456937350422457	456937339056884
456937355482978	456937366856935	456937365266572
456937378501103	456937391512978	456937378796363
456937388799488	456937399731675	456937389188290
456937405495165	456937416167822	456937412229697
456937428513447	456937440819644	456937428845634
456937438802509	456937449036259	456937439061884
456937455473394	456937465470581	456937464149644
456937478578707	456937490125738	456937478864072
456937488754853	456937506562196	456937489124488
456937505469228	456937522997925	456937512258447
456937529004384	456937539434332	456937529346988
456937538855322	456937555869540	456937539147978
456937555473290	456937572306310	456937567212509
456937578407144	456937588740321	456937578701988
456937588808915	456937605172456	456937589162665
456937605537821	456937621605946	456937612113759
456937628264384	456937646255321	456937628656519
456937638821988	9223372036854775807	456937639086988

