name,start,end,size
sub_00100008,0x100008,0x1001c8,0x1c0
sub_001001C8,0x1001c8,0x1001d8,0x10
sub_001001D8,0x1001d8,0x100218,0x40
sub_00100218,0x100218,0x100348,0x130
sub_00100348,0x100348,0x100610,0x2c8
sub_00100610,0x100610,0x100680,0x70
sub_00100680,0x100680,0x101310,0xc90
sub_00101310,0x101310,0x1013a8,0x98
sub_001013A8,0x1013a8,0x101688,0x2e0
sub_00101688,0x101688,0x101728,0xa0
sub_00101728,0x101728,0x101888,0x160
sub_00101888,0x101888,0x101900,0x78
sub_00101900,0x101900,0x101970,0x70
sub_00101970,0x101970,0x101a10,0xa0
sub_00101A10,0x101a10,0x101a28,0x18
sub_00101A28,0x101a28,0x101b60,0x138
sub_00101B60,0x101b60,0x1032c0,0x1760
sub_001032C0,0x1032c0,0x103308,0x48
sub_00103308,0x103308,0x103358,0x50
sub_00103358,0x103358,0x1033b0,0x58
sub_001033B0,0x1033b0,0x1033f8,0x48
sub_001033F8,0x1033f8,0x103480,0x88
sub_00103480,0x103480,0x103578,0xf8
sub_00103578,0x103578,0x103aa0,0x528
sub_00103AA0,0x103aa0,0x103be0,0x140
sub_00103BE0,0x103be0,0x103cc8,0xe8
sub_00103CC8,0x103cc8,0x103e28,0x160
sub_00103E28,0x103e28,0x103ff8,0x1d0
sub_00103FF8,0x103ff8,0x104110,0x118
sub_00104110,0x104110,0x104178,0x68
sub_00104178,0x104178,0x104238,0xc0
sub_00104238,0x104238,0x1042a8,0x70
sub_001042A8,0x1042a8,0x1042e0,0x38
sub_001042E0,0x1042e0,0x104358,0x78
sub_00104358,0x104358,0x1043f8,0xa0
sub_001043F8,0x1043f8,0x1045b8,0x1c0
sub_001045B8,0x1045b8,0x1045d8,0x20
sub_001045D8,0x1045d8,0x104660,0x88
sub_00104660,0x104660,0x1046b0,0x50
sub_001046B0,0x1046b0,0x104728,0x78
sub_00104728,0x104728,0x1047f0,0xc8
sub_001047F0,0x1047f0,0x1048c0,0xd0
sub_001048C0,0x1048c0,0x104940,0x80
sub_00104940,0x104940,0x1049c0,0x80
sub_001049C0,0x1049c0,0x104a40,0x80
sub_00104A40,0x104a40,0x104a60,0x20
sub_00104A60,0x104a60,0x104b48,0xe8
sub_00104B48,0x104b48,0x104b78,0x30
sub_00104B78,0x104b78,0x104b98,0x20
sub_00104B98,0x104b98,0x104bb8,0x20
sub_00104BB8,0x104bb8,0x104bd8,0x20
sub_00104BD8,0x104bd8,0x104c18,0x40
sub_00104C18,0x104c18,0x104c38,0x20
sub_00104C38,0x104c38,0x104c80,0x48
sub_00104C80,0x104c80,0x104ca0,0x20
sub_00104CA0,0x104ca0,0x104cc8,0x28
sub_00104CC8,0x104cc8,0x104cf8,0x30
sub_00104CF8,0x104cf8,0x104d38,0x40
sub_00104D38,0x104d38,0x104d50,0x18
sub_00104D50,0x104d50,0x104d68,0x18
sub_00104D68,0x104d68,0x104de0,0x78
sub_00104DE0,0x104de0,0x104e70,0x90
sub_00104E70,0x104e70,0x105398,0x528
sub_00105398,0x105398,0x1057b8,0x420
sub_001057B8,0x1057b8,0x105d98,0x5e0
sub_00105D98,0x105d98,0x106538,0x7a0
sub_00106538,0x106538,0x1065b0,0x78
sub_001065B0,0x1065b0,0x106828,0x278
sub_00106828,0x106828,0x106848,0x20
sub_00106848,0x106848,0x106f78,0x730
sub_00106F78,0x106f78,0x107578,0x600
sub_00107578,0x107578,0x107888,0x310
sub_00107888,0x107888,0x107e70,0x5e8
sub_00107E70,0x107e70,0x108388,0x518
sub_00108388,0x108388,0x1086b8,0x330
sub_001086B8,0x1086b8,0x108a48,0x390
sub_00108A48,0x108a48,0x108c80,0x238
sub_00108C80,0x108c80,0x108e88,0x208
sub_00108E88,0x108e88,0x10a960,0x1ad8
sub_0010A960,0x10a960,0x10aa70,0x110
sub_0010AA70,0x10aa70,0x10ad78,0x308
sub_0010AD78,0x10ad78,0x10aed8,0x160
sub_0010AED8,0x10aed8,0x10b0e8,0x210
sub_0010B0E8,0x10b0e8,0x10b250,0x168
sub_0010B250,0x10b250,0x10b590,0x340
sub_0010B590,0x10b590,0x10b750,0x1c0
sub_0010B750,0x10b750,0x10b790,0x40
sub_0010B790,0x10b790,0x10b980,0x1f0
sub_0010B980,0x10b980,0x10bb18,0x198
sub_0010BB18,0x10bb18,0x10bbf8,0xe0
sub_0010BBF8,0x10bbf8,0x10bd10,0x118
sub_0010BD10,0x10bd10,0x10bfa8,0x298
sub_0010BFA8,0x10bfa8,0x10c0a8,0x100
sub_0010C0A8,0x10c0a8,0x10c140,0x98
sub_0010C140,0x10c140,0x10c1d0,0x90
sub_0010C1D0,0x10c1d0,0x10c258,0x88
sub_0010C258,0x10c258,0x10c320,0xc8
sub_0010C320,0x10c320,0x10c3b8,0x98
sub_0010C3B8,0x10c3b8,0x10c450,0x98
sub_0010C450,0x10c450,0x10c4f8,0xa8
sub_0010C4F8,0x10c4f8,0x10c758,0x260
sub_0010C758,0x10c758,0x10c9a8,0x250
sub_0010C9A8,0x10c9a8,0x10cab8,0x110
sub_0010CAB8,0x10cab8,0x10cad8,0x20
sub_0010CAD8,0x10cad8,0x10cbe0,0x108
sub_0010CBE0,0x10cbe0,0x10cd20,0x140
sub_0010CD20,0x10cd20,0x10cf68,0x248
sub_0010CF68,0x10cf68,0x10d170,0x208
sub_0010D170,0x10d170,0x10d1a0,0x30
sub_0010D1A0,0x10d1a0,0x10d410,0x270
sub_0010D410,0x10d410,0x10d870,0x460
sub_0010D870,0x10d870,0x10d8f8,0x88
sub_0010D8F8,0x10d8f8,0x10d9e8,0xf0
sub_0010D9E8,0x10d9e8,0x10da10,0x28
sub_0010DA10,0x10da10,0x10dbf0,0x1e0
sub_0010DBF0,0x10dbf0,0x10deb0,0x2c0
sub_0010DEB0,0x10deb0,0x10def0,0x40
sub_0010DEF0,0x10def0,0x10e028,0x138
sub_0010E028,0x10e028,0x10e098,0x70
sub_0010E098,0x10e098,0x10e228,0x190
sub_0010E228,0x10e228,0x10e2e8,0xc0
sub_0010E2E8,0x10e2e8,0x10e3a8,0xc0
sub_0010E3A8,0x10e3a8,0x10e468,0xc0
sub_0010E468,0x10e468,0x10e558,0xf0
sub_0010E558,0x10e558,0x10e5d8,0x80
sub_0010E5D8,0x10e5d8,0x10e8b8,0x2e0
sub_0010E8B8,0x10e8b8,0x10e910,0x58
sub_0010E910,0x10e910,0x10eb30,0x220
sub_0010EB30,0x10eb30,0x10f1c0,0x690
sub_0010F1C0,0x10f1c0,0x10f280,0xc0
sub_0010F280,0x10f280,0x10f2b8,0x38
sub_0010F2B8,0x10f2b8,0x10f2d8,0x20
sub_0010F2D8,0x10f2d8,0x10f338,0x60
sub_0010F338,0x10f338,0x10f398,0x60
sub_0010F398,0x10f398,0x10f3b8,0x20
sub_0010F3B8,0x10f3b8,0x10f560,0x1a8
sub_0010F560,0x10f560,0x10f878,0x318
sub_0010F878,0x10f878,0x10f998,0x120
sub_0010F998,0x10f998,0x10fc30,0x298
sub_0010FC30,0x10fc30,0x10fcd8,0xa8
sub_0010FCD8,0x10fcd8,0x1112b8,0x15e0
sub_001112B8,0x1112b8,0x1112f8,0x40
sub_001112F8,0x1112f8,0x111380,0x88
sub_00111380,0x111380,0x111408,0x88
sub_00111408,0x111408,0x1114a0,0x98
sub_001114A0,0x1114a0,0x111538,0x98
sub_00111538,0x111538,0x111578,0x40
sub_00111578,0x111578,0x111630,0xb8
sub_00111630,0x111630,0x111728,0xf8
sub_00111728,0x111728,0x111830,0x108
sub_00111830,0x111830,0x111860,0x30
sub_00111860,0x111860,0x111890,0x30
sub_00111890,0x111890,0x111948,0xb8
sub_00111948,0x111948,0x1119f8,0xb0
sub_001119F8,0x1119f8,0x111aa0,0xa8
sub_00111AA0,0x111aa0,0x111ac0,0x20
sub_00111AC0,0x111ac0,0x111d98,0x2d8
sub_00111D98,0x111d98,0x112180,0x3e8
sub_00112180,0x112180,0x112338,0x1b8
sub_00112338,0x112338,0x112588,0x250
sub_00112588,0x112588,0x1125a8,0x20
sub_001125A8,0x1125a8,0x1125b8,0x10
sub_001125B8,0x1125b8,0x1125c0,0x8
sub_001125C0,0x1125c0,0x1127f0,0x230
sub_001127F0,0x1127f0,0x112a50,0x260
sub_00112A50,0x112a50,0x112d58,0x308
sub_00112D58,0x112d58,0x112fb0,0x258
sub_00112FB0,0x112fb0,0x113128,0x178
sub_00113128,0x113128,0x113130,0x8
sub_00113130,0x113130,0x113138,0x8
sub_00113138,0x113138,0x113170,0x38
sub_00113170,0x113170,0x113198,0x28
sub_00113198,0x113198,0x113200,0x68
sub_00113200,0x113200,0x1135b8,0x3b8
sub_001135B8,0x1135b8,0x113618,0x60
sub_00113618,0x113618,0x113648,0x30
sub_00113648,0x113648,0x113998,0x350
sub_00113998,0x113998,0x1139a0,0x8
sub_001139A0,0x1139a0,0x113aa0,0x100
sub_00113AA0,0x113aa0,0x113ad8,0x38
sub_00113AD8,0x113ad8,0x113b10,0x38
sub_00113B10,0x113b10,0x113b48,0x38
sub_00113B48,0x113b48,0x113c20,0xd8
sub_00113C20,0x113c20,0x113e80,0x260
sub_00113E80,0x113e80,0x113f38,0xb8
sub_00113F38,0x113f38,0x113f88,0x50
sub_00113F88,0x113f88,0x114130,0x1a8
sub_00114130,0x114130,0x114298,0x168
sub_00114298,0x114298,0x114cc0,0xa28
sub_00114CC0,0x114cc0,0x114db8,0xf8
sub_00114DB8,0x114db8,0x115168,0x3b0
sub_00115168,0x115168,0x115358,0x1f0
sub_00115358,0x115358,0x115640,0x2e8
sub_00115640,0x115640,0x1158b8,0x278
sub_001158B8,0x1158b8,0x115ab0,0x1f8
sub_00115AB0,0x115ab0,0x115b08,0x58
sub_00115B08,0x115b08,0x115b58,0x50
sub_00115B58,0x115b58,0x115d48,0x1f0
sub_00115D48,0x115d48,0x116120,0x3d8
sub_00116120,0x116120,0x1161d0,0xb0
sub_001161D0,0x1161d0,0x1162c8,0xf8
sub_001162C8,0x1162c8,0x116378,0xb0
sub_00116378,0x116378,0x1163b0,0x38
sub_001163B0,0x1163b0,0x116930,0x580
sub_00116930,0x116930,0x116938,0x8
sub_00116938,0x116938,0x116950,0x18
sub_00116950,0x116950,0x116e08,0x4b8
sub_00116E08,0x116e08,0x116fa8,0x1a0
sub_00116FA8,0x116fa8,0x116fb8,0x10
sub_00116FB8,0x116fb8,0x117008,0x50
sub_00117008,0x117008,0x117048,0x40
sub_00117048,0x117048,0x1170a8,0x60
sub_001170A8,0x1170a8,0x1171a8,0x100
sub_001171A8,0x1171a8,0x117248,0xa0
sub_00117248,0x117248,0x117290,0x48
sub_00117290,0x117290,0x1172e0,0x50
sub_001172E0,0x1172e0,0x1173b8,0xd8
sub_001173B8,0x1173b8,0x117400,0x48
sub_00117400,0x117400,0x1174b0,0xb0
sub_001174B0,0x1174b0,0x1174e8,0x38
sub_001174E8,0x1174e8,0x117520,0x38
sub_00117520,0x117520,0x117540,0x20
sub_00117540,0x117540,0x1175b8,0x78
sub_001175B8,0x1175b8,0x1175f8,0x40
sub_001175F8,0x1175f8,0x117638,0x40
sub_00117638,0x117638,0x1176f8,0xc0
sub_001176F8,0x1176f8,0x117708,0x10
sub_00117708,0x117708,0x117718,0x10
sub_00117718,0x117718,0x117838,0x120
sub_00117838,0x117838,0x117900,0xc8
sub_00117900,0x117900,0x117908,0x8
sub_00117908,0x117908,0x117948,0x40
sub_00117948,0x117948,0x117990,0x48
sub_00117990,0x117990,0x1179e0,0x50
sub_001179E0,0x1179e0,0x117a58,0x78
sub_00117A58,0x117a58,0x117ae8,0x90
sub_00117AE8,0x117ae8,0x117b88,0xa0
sub_00117B88,0x117b88,0x117c28,0xa0
sub_00117C28,0x117c28,0x117fe0,0x3b8
sub_00117FE0,0x117fe0,0x118ff8,0x1018
sub_00118FF8,0x118ff8,0x119068,0x70
sub_00119068,0x119068,0x119080,0x18
sub_00119080,0x119080,0x1190f0,0x70
sub_001190F0,0x1190f0,0x119210,0x120
sub_00119210,0x119210,0x119310,0x100
sub_00119310,0x119310,0x119368,0x58
sub_00119368,0x119368,0x1193e0,0x78
sub_001193E0,0x1193e0,0x119400,0x20
sub_00119400,0x119400,0x119448,0x48
sub_00119448,0x119448,0x1194c0,0x78
sub_001194C0,0x1194c0,0x1195a8,0xe8
sub_001195A8,0x1195a8,0x1195d8,0x30
sub_001195D8,0x1195d8,0x119608,0x30
sub_00119608,0x119608,0x119708,0x100
sub_00119708,0x119708,0x1197d8,0xd0
sub_001197D8,0x1197d8,0x119898,0xc0
sub_00119898,0x119898,0x1198d8,0x40
sub_001198D8,0x1198d8,0x119918,0x40
sub_00119918,0x119918,0x119938,0x20
sub_00119938,0x119938,0x119958,0x20
sub_00119958,0x119958,0x1199f8,0xa0
sub_001199F8,0x1199f8,0x119a38,0x40
sub_00119A38,0x119a38,0x119ad8,0xa0
sub_00119AD8,0x119ad8,0x119b08,0x30
sub_00119B08,0x119b08,0x119bb0,0xa8
sub_00119BB0,0x119bb0,0x119bf0,0x40
sub_00119BF0,0x119bf0,0x119c38,0x48
sub_00119C38,0x119c38,0x119c98,0x60
sub_00119C98,0x119c98,0x119d40,0xa8
sub_00119D40,0x119d40,0x119e38,0xf8
sub_00119E38,0x119e38,0x119ef8,0xc0
sub_00119EF8,0x119ef8,0x11a088,0x190
sub_0011A088,0x11a088,0x11a0c0,0x38
sub_0011A0C0,0x11a0c0,0x11a0e0,0x20
sub_0011A0E0,0x11a0e0,0x11a110,0x30
sub_0011A110,0x11a110,0x11a168,0x58
sub_0011A168,0x11a168,0x11a228,0xc0
sub_0011A228,0x11a228,0x11a7a8,0x580
sub_0011A7A8,0x11a7a8,0x11a8c8,0x120
sub_0011A8C8,0x11a8c8,0x11b1a8,0x8e0
sub_0011B1A8,0x11b1a8,0x11b2c0,0x118
sub_0011B2C0,0x11b2c0,0x11b3f8,0x138
sub_0011B3F8,0x11b3f8,0x11b678,0x280
sub_0011B678,0x11b678,0x11b698,0x20
sub_0011B698,0x11b698,0x11b978,0x2e0
sub_0011B978,0x11b978,0x11bb40,0x1c8
sub_0011BB40,0x11bb40,0x11bb98,0x58
sub_0011BB98,0x11bb98,0x11bbe8,0x50
sub_0011BBE8,0x11bbe8,0x11bd60,0x178
sub_0011BD60,0x11bd60,0x11be88,0x128
sub_0011BE88,0x11be88,0x11c0e0,0x258
sub_0011C0E0,0x11c0e0,0x11c138,0x58
sub_0011C138,0x11c138,0x11c230,0xf8
sub_0011C230,0x11c230,0x11c298,0x68
sub_0011C298,0x11c298,0x11d390,0x10f8
sub_0011D390,0x11d390,0x11d640,0x2b0
sub_0011D640,0x11d640,0x11d660,0x20
sub_0011D660,0x11d660,0x11dd98,0x738
sub_0011DD98,0x11dd98,0x11de60,0xc8
sub_0011DE60,0x11de60,0x11df18,0xb8
sub_0011DF18,0x11df18,0x11dfe0,0xc8
sub_0011DFE0,0x11dfe0,0x11e098,0xb8
sub_0011E098,0x11e098,0x11e150,0xb8
sub_0011E150,0x11e150,0x11eb60,0xa10
sub_0011EB60,0x11eb60,0x11eb98,0x38
sub_0011EB98,0x11eb98,0x11f3d8,0x840
sub_0011F3D8,0x11f3d8,0x11fa10,0x638
sub_0011FA10,0x11fa10,0x11fe78,0x468
sub_0011FE78,0x11fe78,0x11fe98,0x20
sub_0011FE98,0x11fe98,0x11fec8,0x30
sub_0011FEC8,0x11fec8,0x11fee8,0x20
sub_0011FEE8,0x11fee8,0x11ff48,0x60
sub_0011FF48,0x11ff48,0x11ff98,0x50
sub_0011FF98,0x11ff98,0x120038,0xa0
sub_00120038,0x120038,0x120090,0x58
sub_00120090,0x120090,0x1200d0,0x40
sub_001200D0,0x1200d0,0x120378,0x2a8
sub_00120378,0x120378,0x120d58,0x9e0
sub_00120D58,0x120d58,0x120d90,0x38
sub_00120D90,0x120d90,0x120e30,0xa0
sub_00120E30,0x120e30,0x120e50,0x20
sub_00120E50,0x120e50,0x120e88,0x38
sub_00120E88,0x120e88,0x120ed8,0x50
sub_00120ED8,0x120ed8,0x120f20,0x48
sub_00120F20,0x120f20,0x121068,0x148
sub_00121068,0x121068,0x1210b0,0x48
sub_001210B0,0x1210b0,0x1211f8,0x148
sub_001211F8,0x1211f8,0x1216e0,0x4e8
sub_001216E0,0x1216e0,0x121700,0x20
sub_00121700,0x121700,0x121728,0x28
sub_00121728,0x121728,0x121750,0x28
sub_00121750,0x121750,0x1217f8,0xa8
sub_001217F8,0x1217f8,0x121818,0x20
sub_00121818,0x121818,0x1218d0,0xb8
sub_001218D0,0x1218d0,0x121950,0x80
sub_00121950,0x121950,0x121aa0,0x150
sub_00121AA0,0x121aa0,0x121f30,0x490
sub_00121F30,0x121f30,0x122088,0x158
sub_00122088,0x122088,0x1220d8,0x50
sub_001220D8,0x1220d8,0x122278,0x1a0
sub_00122278,0x122278,0x122448,0x1d0
sub_00122448,0x122448,0x1225c0,0x178
sub_001225C0,0x1225c0,0x1225f0,0x30
sub_001225F0,0x1225f0,0x122638,0x48
sub_00122638,0x122638,0x122658,0x20
sub_00122658,0x122658,0x122898,0x240
sub_00122898,0x122898,0x122c28,0x390
sub_00122C28,0x122c28,0x122c98,0x70
sub_00122C98,0x122c98,0x122cd0,0x38
sub_00122CD0,0x122cd0,0x122cf0,0x20
sub_00122CF0,0x122cf0,0x122d78,0x88
sub_00122D78,0x122d78,0x122e50,0xd8
sub_00122E50,0x122e50,0x122ee8,0x98
sub_00122EE8,0x122ee8,0x123128,0x240
sub_00123128,0x123128,0x123168,0x40
sub_00123168,0x123168,0x1231a8,0x40
sub_001231A8,0x1231a8,0x1235f8,0x450
sub_001235F8,0x1235f8,0x123640,0x48
sub_00123640,0x123640,0x123b48,0x508
sub_00123B48,0x123b48,0x123da8,0x260
sub_00123DA8,0x123da8,0x123e30,0x88
sub_00123E30,0x123e30,0x123f38,0x108
sub_00123F38,0x123f38,0x1241c0,0x288
sub_001241C0,0x1241c0,0x1242b0,0xf0
sub_001242B0,0x1242b0,0x124788,0x4d8
sub_00124788,0x124788,0x125038,0x8b0
sub_00125038,0x125038,0x1250a8,0x70
sub_001250A8,0x1250a8,0x125108,0x60
sub_00125108,0x125108,0x125228,0x120
sub_00125228,0x125228,0x1253d0,0x1a8
sub_001253D0,0x1253d0,0x125448,0x78
sub_00125448,0x125448,0x125958,0x510
sub_00125958,0x125958,0x125970,0x18
sub_00125970,0x125970,0x125ad0,0x160
sub_00125AD0,0x125ad0,0x125ad8,0x8
sub_00125AD8,0x125ad8,0x125b18,0x40
sub_00125B18,0x125b18,0x125c70,0x158
sub_00125C70,0x125c70,0x125eb8,0x248
sub_00125EB8,0x125eb8,0x1276f0,0x1838
sub_001276F0,0x1276f0,0x127848,0x158
sub_00127848,0x127848,0x1286a0,0xe58
sub_001286A0,0x1286a0,0x128958,0x2b8
sub_00128958,0x128958,0x128998,0x40
sub_00128998,0x128998,0x1289f0,0x58
sub_001289F0,0x1289f0,0x128a10,0x20
sub_00128A10,0x128a10,0x128a48,0x38
sub_00128A48,0x128a48,0x128ac0,0x78
sub_00128AC0,0x128ac0,0x128af0,0x30
sub_00128AF0,0x128af0,0x129160,0x670
sub_00129160,0x129160,0x1296f8,0x598
sub_001296F8,0x1296f8,0x129768,0x70
sub_00129768,0x129768,0x1297c8,0x60
sub_001297C8,0x1297c8,0x1298c8,0x100
sub_001298C8,0x1298c8,0x129c00,0x338
sub_00129C00,0x129c00,0x129e20,0x220
sub_00129E20,0x129e20,0x129ff8,0x1d8
sub_00129FF8,0x129ff8,0x12a180,0x188
sub_0012A180,0x12a180,0x12a1f0,0x70
sub_0012A1F0,0x12a1f0,0x12a250,0x60
sub_0012A250,0x12a250,0x12a340,0xf0
sub_0012A340,0x12a340,0x12a490,0x150
sub_0012A490,0x12a490,0x12ab20,0x690
sub_0012AB20,0x12ab20,0x12abd0,0xb0
sub_0012ABD0,0x12abd0,0x12ac48,0x78
sub_0012AC48,0x12ac48,0x12acf8,0xb0
sub_0012ACF8,0x12acf8,0x12ae38,0x140
sub_0012AE38,0x12ae38,0x12aed0,0x98
sub_0012AED0,0x12aed0,0x12af68,0x98
sub_0012AF68,0x12af68,0x12b000,0x98
sub_0012B000,0x12b000,0x12b030,0x30
sub_0012B030,0x12b030,0x12b090,0x60
sub_0012B090,0x12b090,0x12b180,0xf0
sub_0012B180,0x12b180,0x12b200,0x80
sub_0012B200,0x12b200,0x12b280,0x80
sub_0012B280,0x12b280,0x12b340,0xc0
sub_0012B340,0x12b340,0x12b420,0xe0
sub_0012B420,0x12b420,0x12b498,0x78
sub_0012B498,0x12b498,0x12b698,0x200
sub_0012B698,0x12b698,0x12b788,0xf0
sub_0012B788,0x12b788,0x12bac0,0x338
sub_0012BAC0,0x12bac0,0x12baf0,0x30
sub_0012BAF0,0x12baf0,0x12bb20,0x30
sub_0012BB20,0x12bb20,0x12be20,0x300
sub_0012BE20,0x12be20,0x12bf68,0x148
sub_0012BF68,0x12bf68,0x12c028,0xc0
sub_0012C028,0x12c028,0x12c078,0x50
sub_0012C078,0x12c078,0x12c0c0,0x48
sub_0012C0C0,0x12c0c0,0x12c130,0x70
sub_0012C130,0x12c130,0x12c230,0x100
sub_0012C230,0x12c230,0x12c408,0x1d8
sub_0012C408,0x12c408,0x12c558,0x150
sub_0012C558,0x12c558,0x12c590,0x38
sub_0012C590,0x12c590,0x12c5c8,0x38
sub_0012C5C8,0x12c5c8,0x12c678,0xb0
sub_0012C678,0x12c678,0x12c9c0,0x348
sub_0012C9C0,0x12c9c0,0x12c9f8,0x38
sub_0012C9F8,0x12c9f8,0x12ca30,0x38
sub_0012CA30,0x12ca30,0x12cb68,0x138
sub_0012CB68,0x12cb68,0x12cd20,0x1b8
sub_0012CD20,0x12cd20,0x12d160,0x440
sub_0012D160,0x12d160,0x12d4e8,0x388
sub_0012D4E8,0x12d4e8,0x12d848,0x360
sub_0012D848,0x12d848,0x12d9d8,0x190
sub_0012D9D8,0x12d9d8,0x12da88,0xb0
sub_0012DA88,0x12da88,0x12dcb0,0x228
sub_0012DCB0,0x12dcb0,0x12dd98,0xe8
sub_0012DD98,0x12dd98,0x12de80,0xe8
sub_0012DE80,0x12de80,0x12df48,0xc8
sub_0012DF48,0x12df48,0x12e010,0xc8
sub_0012E010,0x12e010,0x12e468,0x458
sub_0012E468,0x12e468,0x12e528,0xc0
sub_0012E528,0x12e528,0x12e690,0x168
sub_0012E690,0x12e690,0x12e708,0x78
sub_0012E708,0x12e708,0x12e740,0x38
sub_0012E740,0x12e740,0x12e778,0x38
sub_0012E778,0x12e778,0x12e980,0x208
sub_0012E980,0x12e980,0x12e9b0,0x30
sub_0012E9B0,0x12e9b0,0x12e9b8,0x8
sub_0012E9B8,0x12e9b8,0x12ee30,0x478
sub_0012EE30,0x12ee30,0x12f118,0x2e8
sub_0012F118,0x12f118,0x12f230,0x118
sub_0012F230,0x12f230,0x12f398,0x168
sub_0012F398,0x12f398,0x12f588,0x1f0
sub_0012F588,0x12f588,0x12f5b0,0x28
sub_0012F5B0,0x12f5b0,0x12f5e8,0x38
sub_0012F5E8,0x12f5e8,0x12f620,0x38
sub_0012F620,0x12f620,0x12f730,0x110
sub_0012F730,0x12f730,0x12fb68,0x438
sub_0012FB68,0x12fb68,0x12fbf0,0x88
sub_0012FBF0,0x12fbf0,0x12fc28,0x38
sub_0012FC28,0x12fc28,0x12fc60,0x38
sub_0012FC60,0x12fc60,0x12fc80,0x20
sub_0012FC80,0x12fc80,0x12fe98,0x218
sub_0012FE98,0x12fe98,0x12fec8,0x30
sub_0012FEC8,0x12fec8,0x12fff8,0x130
sub_0012FFF8,0x12fff8,0x130228,0x230
sub_00130228,0x130228,0x1303e0,0x1b8
sub_001303E0,0x1303e0,0x1304d0,0xf0
sub_001304D0,0x1304d0,0x1304e0,0x10
sub_001304E0,0x1304e0,0x1306b0,0x1d0
sub_001306B0,0x1306b0,0x1307b8,0x108
sub_001307B8,0x1307b8,0x1308d8,0x120
sub_001308D8,0x1308d8,0x130dd0,0x4f8
sub_00130DD0,0x130dd0,0x131200,0x430
sub_00131200,0x131200,0x131348,0x148
sub_00131348,0x131348,0x1313a8,0x60
sub_001313A8,0x1313a8,0x131428,0x80
sub_00131428,0x131428,0x131598,0x170
sub_00131598,0x131598,0x1315d0,0x38
sub_001315D0,0x1315d0,0x131608,0x38
sub_00131608,0x131608,0x131620,0x18
sub_00131620,0x131620,0x131c30,0x610
sub_00131C30,0x131c30,0x131cc0,0x90
sub_00131CC0,0x131cc0,0x131d08,0x48
sub_00131D08,0x131d08,0x131d30,0x28
sub_00131D30,0x131d30,0x132040,0x310
sub_00132040,0x132040,0x132048,0x8
sub_00132048,0x132048,0x132060,0x18
sub_00132060,0x132060,0x132620,0x5c0
sub_00132620,0x132620,0x1326c8,0xa8
sub_001326C8,0x1326c8,0x132770,0xa8
sub_00132770,0x132770,0x13283c,0xcc
sub_0013283C,0x13283c,0x132840,0x4
sub_00132840,0x132840,0x132878,0x38
sub_00132878,0x132878,0x1328b0,0x38
sub_001328B0,0x1328b0,0x1329b0,0x100
sub_001329B0,0x1329b0,0x132a30,0x80
sub_00132A30,0x132a30,0x132f98,0x568
sub_00132F98,0x132f98,0x132fb8,0x20
sub_00132FB8,0x132fb8,0x1330b8,0x100
sub_001330B8,0x1330b8,0x1330f0,0x38
sub_001330F0,0x1330f0,0x133128,0x38
sub_00133128,0x133128,0x133308,0x1e0
sub_00133308,0x133308,0x134cb0,0x19a8
sub_00134CB0,0x134cb0,0x134dd0,0x120
sub_00134DD0,0x134dd0,0x135180,0x3b0
sub_00135180,0x135180,0x1352a8,0x128
sub_001352A8,0x1352a8,0x135b30,0x888
sub_00135B30,0x135b30,0x135be0,0xb0
sub_00135BE0,0x135be0,0x135cb0,0xd0
sub_00135CB0,0x135cb0,0x135db0,0x100
sub_00135DB0,0x135db0,0x135eb0,0x100
sub_00135EB0,0x135eb0,0x135ef0,0x40
sub_00135EF0,0x135ef0,0x135f30,0x40
sub_00135F30,0x135f30,0x135f70,0x40
sub_00135F70,0x135f70,0x1360c8,0x158
sub_001360C8,0x1360c8,0x136100,0x38
sub_00136100,0x136100,0x136168,0x68
sub_00136168,0x136168,0x1361f8,0x90
sub_001361F8,0x1361f8,0x136230,0x38
sub_00136230,0x136230,0x136268,0x38
sub_00136268,0x136268,0x136508,0x2a0
sub_00136508,0x136508,0x1368e8,0x3e0
sub_001368E8,0x1368e8,0x136920,0x38
sub_00136920,0x136920,0x136958,0x38
sub_00136958,0x136958,0x136978,0x20
sub_00136978,0x136978,0x136980,0x8
sub_00136980,0x136980,0x136ad0,0x150
sub_00136AD0,0x136ad0,0x136c40,0x170
sub_00136C40,0x136c40,0x136d40,0x100
sub_00136D40,0x136d40,0x136de0,0xa0
sub_00136DE0,0x136de0,0x136e98,0xb8
sub_00136E98,0x136e98,0x136ee0,0x48
sub_00136EE0,0x136ee0,0x136f28,0x48
sub_00136F28,0x136f28,0x136f30,0x8
sub_00136F30,0x136f30,0x137138,0x208
sub_00137138,0x137138,0x137550,0x418
sub_00137550,0x137550,0x137750,0x200
sub_00137750,0x137750,0x137860,0x110
sub_00137860,0x137860,0x137d18,0x4b8
sub_00137D18,0x137d18,0x138640,0x928
sub_00138640,0x138640,0x138960,0x320
sub_00138960,0x138960,0x138ad8,0x178
sub_00138AD8,0x138ad8,0x138b10,0x38
sub_00138B10,0x138b10,0x138b48,0x38
sub_00138B48,0x138b48,0x138ba0,0x58
sub_00138BA0,0x138ba0,0x139178,0x5d8
sub_00139178,0x139178,0x1391a8,0x30
sub_001391A8,0x1391a8,0x139528,0x380
sub_00139528,0x139528,0x139548,0x20
sub_00139548,0x139548,0x139970,0x428
sub_00139970,0x139970,0x1399a8,0x38
sub_001399A8,0x1399a8,0x1399e0,0x38
sub_001399E0,0x1399e0,0x139a18,0x38
sub_00139A18,0x139a18,0x139a20,0x8
sub_00139A20,0x139a20,0x139c88,0x268
sub_00139C88,0x139c88,0x13a7b0,0xb28
sub_0013A7B0,0x13a7b0,0x13a8f8,0x148
sub_0013A8F8,0x13a8f8,0x13a968,0x70
sub_0013A968,0x13a968,0x13aa48,0xe0
sub_0013AA48,0x13aa48,0x13acb0,0x268
sub_0013ACB0,0x13acb0,0x13ace8,0x38
sub_0013ACE8,0x13ace8,0x13ad20,0x38
sub_0013AD20,0x13ad20,0x13adc0,0xa0
sub_0013ADC0,0x13adc0,0x13af28,0x168
sub_0013AF28,0x13af28,0x13bd80,0xe58
sub_0013BD80,0x13bd80,0x13bfa8,0x228
sub_0013BFA8,0x13bfa8,0x13c140,0x198
sub_0013C140,0x13c140,0x13c5a0,0x460
sub_0013C5A0,0x13c5a0,0x13c5e0,0x40
sub_0013C5E0,0x13c5e0,0x13c618,0x38
sub_0013C618,0x13c618,0x13c650,0x38
sub_0013C650,0x13c650,0x13c7a8,0x158
sub_0013C7A8,0x13c7a8,0x13c878,0xd0
sub_0013C878,0x13c878,0x13c948,0xd0
sub_0013C948,0x13c948,0x13ccf0,0x3a8
sub_0013CCF0,0x13ccf0,0x13d028,0x338
sub_0013D028,0x13d028,0x13d1b8,0x190
sub_0013D1B8,0x13d1b8,0x13d818,0x660
sub_0013D818,0x13d818,0x13f178,0x1960
sub_0013F178,0x13f178,0x13f410,0x298
sub_0013F410,0x13f410,0x13f488,0x78
sub_0013F488,0x13f488,0x13f848,0x3c0
sub_0013F848,0x13f848,0x13f880,0x38
sub_0013F880,0x13f880,0x13f8f8,0x78
sub_0013F8F8,0x13f8f8,0x13fad8,0x1e0
sub_0013FAD8,0x13fad8,0x13fb20,0x48
sub_0013FB20,0x13fb20,0x140680,0xb60
sub_00140680,0x140680,0x1406b0,0x30
sub_001406B0,0x1406b0,0x1406c8,0x18
sub_001406C8,0x1406c8,0x1406d0,0x8
sub_001406D0,0x1406d0,0x1406f8,0x28
sub_001406F8,0x1406f8,0x140700,0x8
sub_00140700,0x140700,0x140708,0x8
sub_00140708,0x140708,0x140710,0x8
sub_00140710,0x140710,0x140718,0x8
sub_00140718,0x140718,0x140720,0x8
sub_00140720,0x140720,0x140728,0x8
sub_00140728,0x140728,0x140730,0x8
sub_00140730,0x140730,0x140738,0x8
sub_00140738,0x140738,0x1408f0,0x1b8
sub_001408F0,0x1408f0,0x140910,0x20
sub_00140910,0x140910,0x140b80,0x270
sub_00140B80,0x140b80,0x140bc8,0x48
sub_00140BC8,0x140bc8,0x140c68,0xa0
sub_00140C68,0x140c68,0x140c70,0x8
sub_00140C70,0x140c70,0x140c78,0x8
sub_00140C78,0x140c78,0x140c80,0x8
sub_00140C80,0x140c80,0x140ce0,0x60
sub_00140CE0,0x140ce0,0x140d80,0xa0
sub_00140D80,0x140d80,0x140ee0,0x160
sub_00140EE0,0x140ee0,0x14103c,0x15c
sub_0014103C,0x14103c,0x141040,0x4
sub_00141040,0x141040,0x1411c0,0x180
sub_001411C0,0x1411c0,0x141320,0x160
sub_00141320,0x141320,0x141480,0x160
sub_00141480,0x141480,0x1415c8,0x148
sub_001415C8,0x1415c8,0x141728,0x160
sub_00141728,0x141728,0x141880,0x158
sub_00141880,0x141880,0x141888,0x8
sub_00141888,0x141888,0x1419e8,0x160
sub_001419E8,0x1419e8,0x141b48,0x160
sub_00141B48,0x141b48,0x141ca8,0x160
sub_00141CA8,0x141ca8,0x141e08,0x160
sub_00141E08,0x141e08,0x141f68,0x160
sub_00141F68,0x141f68,0x1420c8,0x160
sub_001420C8,0x1420c8,0x142228,0x160
sub_00142228,0x142228,0x142388,0x160
sub_00142388,0x142388,0x1424d0,0x148
sub_001424D0,0x1424d0,0x142630,0x160
sub_00142630,0x142630,0x142790,0x160
sub_00142790,0x142790,0x1428f0,0x160
sub_001428F0,0x1428f0,0x142a50,0x160
sub_00142A50,0x142a50,0x144068,0x1618
sub_00144068,0x144068,0x1441a0,0x138
sub_001441A0,0x1441a0,0x1441b8,0x18
sub_001441B8,0x1441b8,0x144368,0x1b0
sub_00144368,0x144368,0x144610,0x2a8
sub_00144610,0x144610,0x144670,0x60
sub_00144670,0x144670,0x1446a0,0x30
sub_001446A0,0x1446a0,0x1446b8,0x18
sub_001446B8,0x1446b8,0x1446e8,0x30
sub_001446E8,0x1446e8,0x1446f8,0x10
sub_001446F8,0x1446f8,0x1448a8,0x1b0
sub_001448A8,0x1448a8,0x1448b8,0x10
sub_001448B8,0x1448b8,0x1448d8,0x20
sub_001448D8,0x1448d8,0x144aa8,0x1d0
sub_00144AA8,0x144aa8,0x144af8,0x50
sub_00144AF8,0x144af8,0x144b20,0x28
sub_00144B20,0x144b20,0x144bc0,0xa0
sub_00144BC0,0x144bc0,0x144be0,0x20
sub_00144BE0,0x144be0,0x144bf0,0x10
sub_00144BF0,0x144bf0,0x144c48,0x58
sub_00144C48,0x144c48,0x144c60,0x18
sub_00144C60,0x144c60,0x144c78,0x18
sub_00144C78,0x144c78,0x144c98,0x20
sub_00144C98,0x144c98,0x144cc0,0x28
sub_00144CC0,0x144cc0,0x144ce0,0x20
sub_00144CE0,0x144ce0,0x144d18,0x38
sub_00144D18,0x144d18,0x144d38,0x20
sub_00144D38,0x144d38,0x144d50,0x18
sub_00144D50,0x144d50,0x144d70,0x20
sub_00144D70,0x144d70,0x144d98,0x28
sub_00144D98,0x144d98,0x144df0,0x58
sub_00144DF0,0x144df0,0x145108,0x318
sub_00145108,0x145108,0x1451e8,0xe0
sub_001451E8,0x1451e8,0x145340,0x158
sub_00145340,0x145340,0x145378,0x38
sub_00145378,0x145378,0x145398,0x20
sub_00145398,0x145398,0x1453b8,0x20
sub_001453B8,0x1453b8,0x1453d0,0x18
sub_001453D0,0x1453d0,0x1454f8,0x128
sub_001454F8,0x1454f8,0x1455d0,0xd8
sub_001455D0,0x1455d0,0x145600,0x30
sub_00145600,0x145600,0x145630,0x30
sub_00145630,0x145630,0x145668,0x38
sub_00145668,0x145668,0x1456a0,0x38
sub_001456A0,0x1456a0,0x145750,0xb0
sub_00145750,0x145750,0x145870,0x120
sub_00145870,0x145870,0x145930,0xc0
sub_00145930,0x145930,0x145970,0x40
sub_00145970,0x145970,0x1459b8,0x48
sub_001459B8,0x1459b8,0x145a98,0xe0
sub_00145A98,0x145a98,0x145b20,0x88
sub_00145B20,0x145b20,0x145bd8,0xb8
sub_00145BD8,0x145bd8,0x145c38,0x60
sub_00145C38,0x145c38,0x145cb0,0x78
sub_00145CB0,0x145cb0,0x145d38,0x88
sub_00145D38,0x145d38,0x145dd0,0x98
sub_00145DD0,0x145dd0,0x145e68,0x98
sub_00145E68,0x145e68,0x145ef0,0x88
sub_00145EF0,0x145ef0,0x145f90,0xa0
sub_00145F90,0x145f90,0x146008,0x78
sub_00146008,0x146008,0x146150,0x148
sub_00146150,0x146150,0x146320,0x1d0
sub_00146320,0x146320,0x1464d0,0x1b0
sub_001464D0,0x1464d0,0x146a70,0x5a0
sub_00146A70,0x146a70,0x146d98,0x328
sub_00146D98,0x146d98,0x146e10,0x78
sub_00146E10,0x146e10,0x146e98,0x88
sub_00146E98,0x146e98,0x146f88,0xf0
sub_00146F88,0x146f88,0x147138,0x1b0
sub_00147138,0x147138,0x147170,0x38
sub_00147170,0x147170,0x147220,0xb0
sub_00147220,0x147220,0x147290,0x70
sub_00147290,0x147290,0x1472c8,0x38
sub_001472C8,0x1472c8,0x147318,0x50
sub_00147318,0x147318,0x147338,0x20
sub_00147338,0x147338,0x147398,0x60
sub_00147398,0x147398,0x1473d0,0x38
sub_001473D0,0x1473d0,0x147410,0x40
sub_00147410,0x147410,0x147448,0x38
sub_00147448,0x147448,0x147488,0x40
sub_00147488,0x147488,0x1474a8,0x20
sub_001474A8,0x1474a8,0x1474c8,0x20
sub_001474C8,0x1474c8,0x1474e8,0x20
sub_001474E8,0x1474e8,0x147528,0x40
sub_00147528,0x147528,0x147580,0x58
sub_00147580,0x147580,0x1475c0,0x40
sub_001475C0,0x1475c0,0x147618,0x58
sub_00147618,0x147618,0x147658,0x40
sub_00147658,0x147658,0x147798,0x140
sub_00147798,0x147798,0x1477e8,0x50
sub_001477E8,0x1477e8,0x147828,0x40
sub_00147828,0x147828,0x147898,0x70
sub_00147898,0x147898,0x147908,0x70
sub_00147908,0x147908,0x147980,0x78
sub_00147980,0x147980,0x147a30,0xb0
sub_00147A30,0x147a30,0x147cb8,0x288
sub_00147CB8,0x147cb8,0x147d20,0x68
sub_00147D20,0x147d20,0x147e18,0xf8
sub_00147E18,0x147e18,0x147f78,0x160
sub_00147F78,0x147f78,0x148158,0x1e0
sub_00148158,0x148158,0x1483a0,0x248
sub_001483A0,0x1483a0,0x148410,0x70
sub_00148410,0x148410,0x148470,0x60
sub_00148470,0x148470,0x1484e0,0x70
sub_001484E0,0x1484e0,0x148540,0x60
sub_00148540,0x148540,0x1485b0,0x70
sub_001485B0,0x1485b0,0x148610,0x60
sub_00148610,0x148610,0x148680,0x70
sub_00148680,0x148680,0x1486e0,0x60
sub_001486E0,0x1486e0,0x148750,0x70
sub_00148750,0x148750,0x1487b0,0x60
sub_001487B0,0x1487b0,0x148820,0x70
sub_00148820,0x148820,0x148880,0x60
sub_00148880,0x148880,0x1488f0,0x70
sub_001488F0,0x1488f0,0x148950,0x60
sub_00148950,0x148950,0x148aa8,0x158
sub_00148AA8,0x148aa8,0x148b78,0xd0
sub_00148B78,0x148b78,0x148bc8,0x50
sub_00148BC8,0x148bc8,0x148c18,0x50
sub_00148C18,0x148c18,0x148c68,0x50
sub_00148C68,0x148c68,0x148cb8,0x50
sub_00148CB8,0x148cb8,0x148d08,0x50
sub_00148D08,0x148d08,0x148d58,0x50
sub_00148D58,0x148d58,0x148d80,0x28
sub_00148D80,0x148d80,0x148e68,0xe8
sub_00148E68,0x148e68,0x148f50,0xe8
sub_00148F50,0x148f50,0x149038,0xe8
sub_00149038,0x149038,0x149120,0xe8
sub_00149120,0x149120,0x149208,0xe8
sub_00149208,0x149208,0x1493d8,0x1d0
sub_001493D8,0x1493d8,0x1494c0,0xe8
sub_001494C0,0x1494c0,0x1495a8,0xe8
sub_001495A8,0x1495a8,0x149690,0xe8
sub_00149690,0x149690,0x149778,0xe8
sub_00149778,0x149778,0x149860,0xe8
sub_00149860,0x149860,0x1499a8,0x148
sub_001499A8,0x1499a8,0x149a88,0xe0
sub_00149A88,0x149a88,0x149bb8,0x130
sub_00149BB8,0x149bb8,0x14a078,0x4c0
sub_0014A078,0x14a078,0x14a080,0x8
sub_0014A080,0x14a080,0x14a0b0,0x30
sub_0014A0B0,0x14a0b0,0x14a0e0,0x30
sub_0014A0E0,0x14a0e0,0x14a130,0x50
sub_0014A130,0x14a130,0x14a17c,0x4c
sub_0014A17C,0x14a17c,0x14a188,0xc
sub_0014A188,0x14a188,0x14a5e0,0x458
sub_0014A5E0,0x14a5e0,0x14ab20,0x540
sub_0014AB20,0x14ab20,0x14ab68,0x48
sub_0014AB68,0x14ab68,0x14abe0,0x78
sub_0014ABE0,0x14abe0,0x14ac30,0x50
sub_0014AC30,0x14ac30,0x14ac50,0x20
sub_0014AC50,0x14ac50,0x14ac70,0x20
sub_0014AC70,0x14ac70,0x14acb0,0x40
sub_0014ACB0,0x14acb0,0x14ad28,0x78
sub_0014AD28,0x14ad28,0x14ad50,0x28
sub_0014AD50,0x14ad50,0x14ada8,0x58
sub_0014ADA8,0x14ada8,0x14ae28,0x80
sub_0014AE28,0x14ae28,0x14aea8,0x80
sub_0014AEA8,0x14aea8,0x14af10,0x68
sub_0014AF10,0x14af10,0x14afb0,0xa0
sub_0014AFB0,0x14afb0,0x14b478,0x4c8
sub_0014B478,0x14b478,0x14b560,0xe8
sub_0014B560,0x14b560,0x14b700,0x1a0
sub_0014B700,0x14b700,0x14b7a8,0xa8
sub_0014B7A8,0x14b7a8,0x14b988,0x1e0
sub_0014B988,0x14b988,0x14bd78,0x3f0
sub_0014BD78,0x14bd78,0x14bd98,0x20
sub_0014BD98,0x14bd98,0x14bdb8,0x20
sub_0014BDB8,0x14bdb8,0x14be70,0xb8
sub_0014BE70,0x14be70,0x14c2b0,0x440
sub_0014C2B0,0x14c2b0,0x14c320,0x70
sub_0014C320,0x14c320,0x14c3c8,0xa8
sub_0014C3C8,0x14c3c8,0x14c488,0xc0
sub_0014C488,0x14c488,0x14c548,0xc0
sub_0014C548,0x14c548,0x14c590,0x48
sub_0014C590,0x14c590,0x14c5d8,0x48
sub_0014C5D8,0x14c5d8,0x14c620,0x48
sub_0014C620,0x14c620,0x14c658,0x38
sub_0014C658,0x14c658,0x14c6a0,0x48
sub_0014C6A0,0x14c6a0,0x14c7a0,0x100
sub_0014C7A0,0x14c7a0,0x14d068,0x8c8
sub_0014D068,0x14d068,0x14d240,0x1d8
sub_0014D240,0x14d240,0x14d448,0x208
sub_0014D448,0x14d448,0x14d4c8,0x80
sub_0014D4C8,0x14d4c8,0x14d558,0x90
sub_0014D558,0x14d558,0x14d608,0xb0
sub_0014D608,0x14d608,0x14d7e8,0x1e0
sub_0014D7E8,0x14d7e8,0x14d908,0x120
sub_0014D908,0x14d908,0x14d988,0x80
sub_0014D988,0x14d988,0x14d998,0x10
sub_0014D998,0x14d998,0x14d9d0,0x38
sub_0014D9D0,0x14d9d0,0x14dac0,0xf0
sub_0014DAC0,0x14dac0,0x14db40,0x80
sub_0014DB40,0x14db40,0x14dc00,0xc0
sub_0014DC00,0x14dc00,0x14dc10,0x10
sub_0014DC10,0x14dc10,0x14dc40,0x30
sub_0014DC40,0x14dc40,0x14dc50,0x10
sub_0014DC50,0x14dc50,0x14dc80,0x30
sub_0014DC80,0x14dc80,0x14dd58,0xd8
sub_0014DD58,0x14dd58,0x14dd98,0x40
sub_0014DD98,0x14dd98,0x14de28,0x90
sub_0014DE28,0x14de28,0x14de68,0x40
sub_0014DE68,0x14de68,0x14df08,0xa0
sub_0014DF08,0x14df08,0x14dfa8,0xa0
sub_0014DFA8,0x14dfa8,0x14e048,0xa0
sub_0014E048,0x14e048,0x14e050,0x8
sub_0014E050,0x14e050,0x14e0c0,0x70
sub_0014E0C0,0x14e0c0,0x14e0e0,0x20
sub_0014E0E0,0x14e0e0,0x14e2c0,0x1e0
sub_0014E2C0,0x14e2c0,0x14e2c8,0x8
sub_0014E2C8,0x14e2c8,0x14e5c8,0x300
sub_0014E5C8,0x14e5c8,0x14e9c0,0x3f8
sub_0014E9C0,0x14e9c0,0x14e9f8,0x38
sub_0014E9F8,0x14e9f8,0x14ea90,0x98
sub_0014EA90,0x14ea90,0x14eb08,0x78
sub_0014EB08,0x14eb08,0x14ebb8,0xb0
sub_0014EBB8,0x14ebb8,0x14ebd8,0x20
sub_0014EBD8,0x14ebd8,0x14ebf8,0x20
sub_0014EBF8,0x14ebf8,0x14eca0,0xa8
sub_0014ECA0,0x14eca0,0x14edd8,0x138
sub_0014EDD8,0x14edd8,0x14ee28,0x50
sub_0014EE28,0x14ee28,0x14ee58,0x30
sub_0014EE58,0x14ee58,0x14eec8,0x70
sub_0014EEC8,0x14eec8,0x14ef30,0x68
sub_0014EF30,0x14ef30,0x14ef70,0x40
sub_0014EF70,0x14ef70,0x14efa8,0x38
sub_0014EFA8,0x14efa8,0x14f250,0x2a8
sub_0014F250,0x14f250,0x14f418,0x1c8
sub_0014F418,0x14f418,0x14f458,0x40
sub_0014F458,0x14f458,0x14f4f8,0xa0
sub_0014F4F8,0x14f4f8,0x14f600,0x108
sub_0014F600,0x14f600,0x14f648,0x48
sub_0014F648,0x14f648,0x14f678,0x30
sub_0014F678,0x14f678,0x14f6a8,0x30
sub_0014F6A8,0x14f6a8,0x14f6e8,0x40
sub_0014F6E8,0x14f6e8,0x14f758,0x70
sub_0014F758,0x14f758,0x14f7a8,0x50
sub_0014F7A8,0x14f7a8,0x14f7e8,0x40
sub_0014F7E8,0x14f7e8,0x14f810,0x28
sub_0014F810,0x14f810,0x14f870,0x60
sub_0014F870,0x14f870,0x14f898,0x28
sub_0014F898,0x14f898,0x14f900,0x68
sub_0014F900,0x14f900,0x14fc40,0x340
sub_0014FC40,0x14fc40,0x14fd80,0x140
sub_0014FD80,0x14fd80,0x14fe08,0x88
sub_0014FE08,0x14fe08,0x14fea8,0xa0
sub_0014FEA8,0x14fea8,0x14ff90,0xe8
sub_0014FF90,0x14ff90,0x14ffb8,0x28
sub_0014FFB8,0x14ffb8,0x150048,0x90
sub_00150048,0x150048,0x1500d8,0x90
sub_001500D8,0x1500d8,0x1500f8,0x20
sub_001500F8,0x1500f8,0x150118,0x20
sub_00150118,0x150118,0x150138,0x20
sub_00150138,0x150138,0x150158,0x20
sub_00150158,0x150158,0x150178,0x20
sub_00150178,0x150178,0x150198,0x20
sub_00150198,0x150198,0x1502c8,0x130
sub_001502C8,0x1502c8,0x1503f8,0x130
sub_001503F8,0x1503f8,0x150528,0x130
sub_00150528,0x150528,0x150540,0x18
sub_00150540,0x150540,0x150558,0x18
sub_00150558,0x150558,0x1508d8,0x380
sub_001508D8,0x1508d8,0x150928,0x50
sub_00150928,0x150928,0x150960,0x38
sub_00150960,0x150960,0x1509c0,0x60
sub_001509C0,0x1509c0,0x1509f8,0x38
sub_001509F8,0x1509f8,0x150a90,0x98
sub_00150A90,0x150a90,0x150b48,0xb8
sub_00150B48,0x150b48,0x150b88,0x40
sub_00150B88,0x150b88,0x150c20,0x98
sub_00150C20,0x150c20,0x150e50,0x230
sub_00150E50,0x150e50,0x151040,0x1f0
sub_00151040,0x151040,0x151178,0x138
sub_00151178,0x151178,0x1511b0,0x38
sub_001511B0,0x1511b0,0x151368,0x1b8
sub_00151368,0x151368,0x1513b8,0x50
sub_001513B8,0x1513b8,0x1515b8,0x200
sub_001515B8,0x1515b8,0x151600,0x48
sub_00151600,0x151600,0x1519e0,0x3e0
sub_001519E0,0x1519e0,0x151a88,0xa8
sub_00151A88,0x151a88,0x151c48,0x1c0
sub_00151C48,0x151c48,0x151c90,0x48
sub_00151C90,0x151c90,0x151ef0,0x260
sub_00151EF0,0x151ef0,0x1520e8,0x1f8
sub_001520E8,0x1520e8,0x1521f0,0x108
sub_001521F0,0x1521f0,0x152368,0x178
sub_00152368,0x152368,0x152398,0x30
sub_00152398,0x152398,0x1523e8,0x50
sub_001523E8,0x1523e8,0x152430,0x48
sub_00152430,0x152430,0x152460,0x30
sub_00152460,0x152460,0x152528,0xc8
sub_00152528,0x152528,0x152638,0x110
sub_00152638,0x152638,0x152688,0x50
sub_00152688,0x152688,0x1526d0,0x48
sub_001526D0,0x1526d0,0x152700,0x30
sub_00152700,0x152700,0x152728,0x28
sub_00152728,0x152728,0x152758,0x30
sub_00152758,0x152758,0x152940,0x1e8
sub_00152940,0x152940,0x152948,0x8
sub_00152948,0x152948,0x152950,0x8
sub_00152950,0x152950,0x152ba8,0x258
sub_00152BA8,0x152ba8,0x152bb0,0x8
sub_00152BB0,0x152bb0,0x152de0,0x230
sub_00152DE0,0x152de0,0x153050,0x270
sub_00153050,0x153050,0x153088,0x38
sub_00153088,0x153088,0x1530e0,0x58
sub_001530E0,0x1530e0,0x1532a0,0x1c0
sub_001532A0,0x1532a0,0x153350,0xb0
sub_00153350,0x153350,0x153390,0x40
sub_00153390,0x153390,0x153498,0x108
sub_00153498,0x153498,0x153520,0x88
sub_00153520,0x153520,0x1535c0,0xa0
sub_001535C0,0x1535c0,0x153688,0xc8
sub_00153688,0x153688,0x153708,0x80
sub_00153708,0x153708,0x1538e8,0x1e0
sub_001538E8,0x1538e8,0x153b00,0x218
sub_00153B00,0x153b00,0x153c88,0x188
sub_00153C88,0x153c88,0x153d28,0xa0
sub_00153D28,0x153d28,0x153d78,0x50
sub_00153D78,0x153d78,0x153dd0,0x58
sub_00153DD0,0x153dd0,0x153e28,0x58
sub_00153E28,0x153e28,0x153e80,0x58
sub_00153E80,0x153e80,0x153ed8,0x58
sub_00153ED8,0x153ed8,0x153fa0,0xc8
sub_00153FA0,0x153fa0,0x153fd8,0x38
sub_00153FD8,0x153fd8,0x154010,0x38
sub_00154010,0x154010,0x154080,0x70
sub_00154080,0x154080,0x1540f0,0x70
sub_001540F0,0x1540f0,0x154160,0x70
sub_00154160,0x154160,0x1541d0,0x70
sub_001541D0,0x1541d0,0x154240,0x70
sub_00154240,0x154240,0x154278,0x38
sub_00154278,0x154278,0x1542a0,0x28
sub_001542A0,0x1542a0,0x1542e0,0x40
sub_001542E0,0x1542e0,0x154368,0x88
sub_00154368,0x154368,0x1543e0,0x78
sub_001543E0,0x1543e0,0x1544d0,0xf0
sub_001544D0,0x1544d0,0x154588,0xb8
sub_00154588,0x154588,0x1545b0,0x28
sub_001545B0,0x1545b0,0x1545f8,0x48
sub_001545F8,0x1545f8,0x154630,0x38
sub_00154630,0x154630,0x154678,0x48
sub_00154678,0x154678,0x154760,0xe8
sub_00154760,0x154760,0x1547a0,0x40
sub_001547A0,0x1547a0,0x1547d8,0x38
sub_001547D8,0x1547d8,0x1547e0,0x8
sub_001547E0,0x1547e0,0x154948,0x168
sub_00154948,0x154948,0x1549a8,0x60
sub_001549A8,0x1549a8,0x1549e8,0x40
sub_001549E8,0x1549e8,0x154a58,0x70
sub_00154A58,0x154a58,0x154ab8,0x60
sub_00154AB8,0x154ab8,0x154ee8,0x430
sub_00154EE8,0x154ee8,0x1550e8,0x200
sub_001550E8,0x1550e8,0x155130,0x48
sub_00155130,0x155130,0x155190,0x60
sub_00155190,0x155190,0x155208,0x78
sub_00155208,0x155208,0x155270,0x68
sub_00155270,0x155270,0x155288,0x18
sub_00155288,0x155288,0x1552b0,0x28
sub_001552B0,0x1552b0,0x155328,0x78
sub_00155328,0x155328,0x155388,0x60
sub_00155388,0x155388,0x155390,0x8
sub_00155390,0x155390,0x155420,0x90
sub_00155420,0x155420,0x1557e0,0x3c0
sub_001557E0,0x1557e0,0x1558f8,0x118
sub_001558F8,0x1558f8,0x155a50,0x158
sub_00155A50,0x155a50,0x155aa8,0x58
sub_00155AA8,0x155aa8,0x155ab0,0x8
sub_00155AB0,0x155ab0,0x155b50,0xa0
sub_00155B50,0x155b50,0x155bf0,0xa0
sub_00155BF0,0x155bf0,0x155e58,0x268
sub_00155E58,0x155e58,0x156338,0x4e0
sub_00156338,0x156338,0x156390,0x58
sub_00156390,0x156390,0x156570,0x1e0
sub_00156570,0x156570,0x1565c8,0x58
sub_001565C8,0x1565c8,0x1567b8,0x1f0
sub_001567B8,0x1567b8,0x156810,0x58
sub_00156810,0x156810,0x156858,0x48
sub_00156858,0x156858,0x156950,0xf8
sub_00156950,0x156950,0x156988,0x38
sub_00156988,0x156988,0x1569c0,0x38
sub_001569C0,0x1569c0,0x156a10,0x50
sub_00156A10,0x156a10,0x156a38,0x28
sub_00156A38,0x156a38,0x156a60,0x28
sub_00156A60,0x156a60,0x156a90,0x30
sub_00156A90,0x156a90,0x156ae0,0x50
sub_00156AE0,0x156ae0,0x156b28,0x48
sub_00156B28,0x156b28,0x156c70,0x148
sub_00156C70,0x156c70,0x156ee0,0x270
sub_00156EE0,0x156ee0,0x157080,0x1a0
sub_00157080,0x157080,0x157210,0x190
sub_00157210,0x157210,0x1572b0,0xa0
sub_001572B0,0x1572b0,0x1572d0,0x20
sub_001572D0,0x1572d0,0x1572f0,0x20
sub_001572F0,0x1572f0,0x157310,0x20
sub_00157310,0x157310,0x157330,0x20
sub_00157330,0x157330,0x157350,0x20
sub_00157350,0x157350,0x157370,0x20
sub_00157370,0x157370,0x157390,0x20
sub_00157390,0x157390,0x1573f0,0x60
sub_001573F0,0x1573f0,0x157430,0x40
sub_00157430,0x157430,0x157468,0x38
sub_00157468,0x157468,0x157518,0xb0
sub_00157518,0x157518,0x1575c0,0xa8
sub_001575C0,0x1575c0,0x157620,0x60
sub_00157620,0x157620,0x157680,0x60
sub_00157680,0x157680,0x1576e0,0x60
sub_001576E0,0x1576e0,0x157740,0x60
sub_00157740,0x157740,0x1577a0,0x60
sub_001577A0,0x1577a0,0x1577e0,0x40
sub_001577E0,0x1577e0,0x1578a0,0xc0
sub_001578A0,0x1578a0,0x157920,0x80
sub_00157920,0x157920,0x157a78,0x158
sub_00157A78,0x157a78,0x157b08,0x90
sub_00157B08,0x157b08,0x157b70,0x68
sub_00157B70,0x157b70,0x157bf0,0x80
sub_00157BF0,0x157bf0,0x157d60,0x170
sub_00157D60,0x157d60,0x157da0,0x40
sub_00157DA0,0x157da0,0x157de0,0x40
sub_00157DE0,0x157de0,0x157e20,0x40
sub_00157E20,0x157e20,0x157e60,0x40
sub_00157E60,0x157e60,0x157ee0,0x80
sub_00157EE0,0x157ee0,0x157f20,0x40
sub_00157F20,0x157f20,0x157fd0,0xb0
sub_00157FD0,0x157fd0,0x1580f8,0x128
sub_001580F8,0x1580f8,0x158220,0x128
sub_00158220,0x158220,0x158348,0x128
sub_00158348,0x158348,0x158470,0x128
sub_00158470,0x158470,0x158558,0xe8
sub_00158558,0x158558,0x158618,0xc0
sub_00158618,0x158618,0x158700,0xe8
sub_00158700,0x158700,0x158728,0x28
sub_00158728,0x158728,0x158750,0x28
sub_00158750,0x158750,0x1587b8,0x68
sub_001587B8,0x1587b8,0x1587f8,0x40
sub_001587F8,0x1587f8,0x158820,0x28
sub_00158820,0x158820,0x158848,0x28
sub_00158848,0x158848,0x158870,0x28
sub_00158870,0x158870,0x158890,0x20
sub_00158890,0x158890,0x1588b0,0x20
sub_001588B0,0x1588b0,0x158910,0x60
sub_00158910,0x158910,0x158960,0x50
sub_00158960,0x158960,0x1589b0,0x50
sub_001589B0,0x1589b0,0x158a50,0xa0
sub_00158A50,0x158a50,0x158af0,0xa0
sub_00158AF0,0x158af0,0x158be0,0xf0
sub_00158BE0,0x158be0,0x158c80,0xa0
sub_00158C80,0x158c80,0x158d58,0xd8
sub_00158D58,0x158d58,0x158e30,0xd8
sub_00158E30,0x158e30,0x158f20,0xf0
sub_00158F20,0x158f20,0x158f30,0x10
sub_00158F30,0x158f30,0x158f60,0x30
sub_00158F60,0x158f60,0x159080,0x120
sub_00159080,0x159080,0x159170,0xf0
sub_00159170,0x159170,0x1591e8,0x78
sub_001591E8,0x1591e8,0x1597b0,0x5c8
sub_001597B0,0x1597b0,0x159818,0x68
sub_00159818,0x159818,0x1599a0,0x188
sub_001599A0,0x1599a0,0x159b08,0x168
sub_00159B08,0x159b08,0x159cd0,0x1c8
sub_00159CD0,0x159cd0,0x15a2e0,0x610
sub_0015A2E0,0x15a2e0,0x15a320,0x40
sub_0015A320,0x15a320,0x15a358,0x38
sub_0015A358,0x15a358,0x15a398,0x40
sub_0015A398,0x15a398,0x15a3b8,0x20
sub_0015A3B8,0x15a3b8,0x15a478,0xc0
sub_0015A478,0x15a478,0x15a488,0x10
sub_0015A488,0x15a488,0x15a510,0x88
sub_0015A510,0x15a510,0x15a5b0,0xa0
sub_0015A5B0,0x15a5b0,0x15a5f0,0x40
sub_0015A5F0,0x15a5f0,0x15a628,0x38
sub_0015A628,0x15a628,0x15a6f0,0xc8
sub_0015A6F0,0x15a6f0,0x15a750,0x60
sub_0015A750,0x15a750,0x15a768,0x18
sub_0015A768,0x15a768,0x15a778,0x10
sub_0015A778,0x15a778,0x15a7d0,0x58
sub_0015A7D0,0x15a7d0,0x15a818,0x48
sub_0015A818,0x15a818,0x15ad58,0x540
sub_0015AD58,0x15ad58,0x15ae00,0xa8
sub_0015AE00,0x15ae00,0x15af40,0x140
sub_0015AF40,0x15af40,0x15b028,0xe8
sub_0015B028,0x15b028,0x15bb08,0xae0
sub_0015BB08,0x15bb08,0x15bb10,0x8
sub_0015BB10,0x15bb10,0x15bb18,0x8
sub_0015BB18,0x15bb18,0x15bcc8,0x1b0
sub_0015BCC8,0x15bcc8,0x15c228,0x560
sub_0015C228,0x15c228,0x15c6d0,0x4a8
sub_0015C6D0,0x15c6d0,0x15c6d8,0x8
sub_0015C6D8,0x15c6d8,0x15c6e0,0x8
sub_0015C6E0,0x15c6e0,0x15c7d8,0xf8
sub_0015C7D8,0x15c7d8,0x15c830,0x58
sub_0015C830,0x15c830,0x15c870,0x40
sub_0015C870,0x15c870,0x15c8b0,0x40
sub_0015C8B0,0x15c8b0,0x15c8f0,0x40
sub_0015C8F0,0x15c8f0,0x15c910,0x20
sub_0015C910,0x15c910,0x15c930,0x20
sub_0015C930,0x15c930,0x15c940,0x10
sub_0015C940,0x15c940,0x15c988,0x48
sub_0015C988,0x15c988,0x15ca50,0xc8
sub_0015CA50,0x15ca50,0x15cb08,0xb8
sub_0015CB08,0x15cb08,0x15cba0,0x98
sub_0015CBA0,0x15cba0,0x15cc10,0x70
sub_0015CC10,0x15cc10,0x15cc70,0x60
sub_0015CC70,0x15cc70,0x15ccf0,0x80
sub_0015CCF0,0x15ccf0,0x15cd60,0x70
sub_0015CD60,0x15cd60,0x15cd80,0x20
sub_0015CD80,0x15cd80,0x15cf28,0x1a8
sub_0015CF28,0x15cf28,0x15cf80,0x58
sub_0015CF80,0x15cf80,0x15d020,0xa0
sub_0015D020,0x15d020,0x15d050,0x30
sub_0015D050,0x15d050,0x15d078,0x28
sub_0015D078,0x15d078,0x15d698,0x620
sub_0015D698,0x15d698,0x15d700,0x68
sub_0015D700,0x15d700,0x15d928,0x228
sub_0015D928,0x15d928,0x15dac0,0x198
sub_0015DAC0,0x15dac0,0x15db58,0x98
sub_0015DB58,0x15db58,0x15dc18,0xc0
sub_0015DC18,0x15dc18,0x15dc70,0x58
sub_0015DC70,0x15dc70,0x15dfd8,0x368
sub_0015DFD8,0x15dfd8,0x15e030,0x58
sub_0015E030,0x15e030,0x15e050,0x20
sub_0015E050,0x15e050,0x15e2a8,0x258
sub_0015E2A8,0x15e2a8,0x15e360,0xb8
sub_0015E360,0x15e360,0x15e460,0x100
sub_0015E460,0x15e460,0x15e668,0x208
sub_0015E668,0x15e668,0x15ec98,0x630
sub_0015EC98,0x15ec98,0x15edc8,0x130
sub_0015EDC8,0x15edc8,0x15ee00,0x38
sub_0015EE00,0x15ee00,0x15f938,0xb38
sub_0015F938,0x15f938,0x15f9b8,0x80
sub_0015F9B8,0x15f9b8,0x15fd08,0x350
sub_0015FD08,0x15fd08,0x15fd50,0x48
sub_0015FD50,0x15fd50,0x15ffb0,0x260
sub_0015FFB0,0x15ffb0,0x15fff0,0x40
sub_0015FFF0,0x15fff0,0x160028,0x38
sub_00160028,0x160028,0x160130,0x108
sub_00160130,0x160130,0x160228,0xf8
sub_00160228,0x160228,0x1603f0,0x1c8
sub_001603F0,0x1603f0,0x160438,0x48
sub_00160438,0x160438,0x160760,0x328
sub_00160760,0x160760,0x160b70,0x410
sub_00160B70,0x160b70,0x161060,0x4f0
sub_00161060,0x161060,0x1616a8,0x648
sub_001616A8,0x1616a8,0x161950,0x2a8
sub_00161950,0x161950,0x1619a8,0x58
sub_001619A8,0x1619a8,0x161a10,0x68
sub_00161A10,0x161a10,0x161a60,0x50
sub_00161A60,0x161a60,0x161ab0,0x50
sub_00161AB0,0x161ab0,0x161e58,0x3a8
sub_00161E58,0x161e58,0x161ef0,0x98
sub_00161EF0,0x161ef0,0x161f50,0x60
sub_00161F50,0x161f50,0x161fa0,0x50
sub_00161FA0,0x161fa0,0x162060,0xc0
sub_00162060,0x162060,0x1620d0,0x70
sub_001620D0,0x1620d0,0x162138,0x68
sub_00162138,0x162138,0x162170,0x38
sub_00162170,0x162170,0x1621a8,0x38
sub_001621A8,0x1621a8,0x162218,0x70
sub_00162218,0x162218,0x162258,0x40
sub_00162258,0x162258,0x162290,0x38
sub_00162290,0x162290,0x1622b0,0x20
sub_001622B0,0x1622b0,0x162310,0x60
sub_00162310,0x162310,0x162318,0x8
sub_00162318,0x162318,0x162458,0x140
sub_00162458,0x162458,0x162568,0x110
sub_00162568,0x162568,0x162998,0x430
sub_00162998,0x162998,0x162a20,0x88
sub_00162A20,0x162a20,0x162b80,0x160
sub_00162B80,0x162b80,0x162b90,0x10
sub_00162B90,0x162b90,0x162c78,0xe8
sub_00162C78,0x162c78,0x163010,0x398
sub_00163010,0x163010,0x163158,0x148
sub_00163158,0x163158,0x163270,0x118
sub_00163270,0x163270,0x1633b0,0x140
sub_001633B0,0x1633b0,0x163450,0xa0
sub_00163450,0x163450,0x1635f8,0x1a8
sub_001635F8,0x1635f8,0x1641c0,0xbc8
sub_001641C0,0x1641c0,0x1643a8,0x1e8
sub_001643A8,0x1643a8,0x1646a0,0x2f8
sub_001646A0,0x1646a0,0x164878,0x1d8
sub_00164878,0x164878,0x165540,0xcc8
sub_00165540,0x165540,0x1656b0,0x170
sub_001656B0,0x1656b0,0x165938,0x288
sub_00165938,0x165938,0x1662a0,0x968
sub_001662A0,0x1662a0,0x166530,0x290
sub_00166530,0x166530,0x166550,0x20
sub_00166550,0x166550,0x166640,0xf0
sub_00166640,0x166640,0x1668b8,0x278
sub_001668B8,0x1668b8,0x166c60,0x3a8
sub_00166C60,0x166c60,0x166f28,0x2c8
sub_00166F28,0x166f28,0x166f90,0x68
sub_00166F90,0x166f90,0x1673a0,0x410
sub_001673A0,0x1673a0,0x1673f8,0x58
sub_001673F8,0x1673f8,0x167d88,0x990
sub_00167D88,0x167d88,0x167d98,0x10
sub_00167D98,0x167d98,0x167da8,0x10
sub_00167DA8,0x167da8,0x167db8,0x10
sub_00167DB8,0x167db8,0x167de8,0x30
sub_00167DE8,0x167de8,0x167e18,0x30
sub_00167E18,0x167e18,0x167e20,0x8
sub_00167E20,0x167e20,0x167e28,0x8
sub_00167E28,0x167e28,0x167e30,0x8
sub_00167E30,0x167e30,0x168150,0x320
sub_00168150,0x168150,0x168298,0x148
sub_00168298,0x168298,0x1682b8,0x20
sub_001682B8,0x1682b8,0x168650,0x398
sub_00168650,0x168650,0x1689c8,0x378
sub_001689C8,0x1689c8,0x168cd8,0x310
sub_00168CD8,0x168cd8,0x168fe8,0x310
sub_00168FE8,0x168fe8,0x169190,0x1a8
sub_00169190,0x169190,0x1692d8,0x148
sub_001692D8,0x1692d8,0x169340,0x68
sub_00169340,0x169340,0x169418,0xd8
sub_00169418,0x169418,0x1694a8,0x90
sub_001694A8,0x1694a8,0x1694b0,0x8
sub_001694B0,0x1694b0,0x1694b8,0x8
sub_001694B8,0x1694b8,0x169cf8,0x840
sub_00169CF8,0x169cf8,0x16a458,0x760
sub_0016A458,0x16a458,0x16ad38,0x8e0
sub_0016AD38,0x16ad38,0x16bce0,0xfa8
sub_0016BCE0,0x16bce0,0x16bd30,0x50
sub_0016BD30,0x16bd30,0x16bee8,0x1b8
sub_0016BEE8,0x16bee8,0x16bef8,0x10
sub_0016BEF8,0x16bef8,0x16bf20,0x28
sub_0016BF20,0x16bf20,0x16bf40,0x20
sub_0016BF40,0x16bf40,0x16c098,0x158
sub_0016C098,0x16c098,0x16c120,0x88
sub_0016C120,0x16c120,0x16c170,0x50
sub_0016C170,0x16c170,0x16c228,0xb8
sub_0016C228,0x16c228,0x16c390,0x168
sub_0016C390,0x16c390,0x16c3a8,0x18
sub_0016C3A8,0x16c3a8,0x16c3d0,0x28
sub_0016C3D0,0x16c3d0,0x16c428,0x58
sub_0016C428,0x16c428,0x16c4c8,0xa0
sub_0016C4C8,0x16c4c8,0x16c4f0,0x28
sub_0016C4F0,0x16c4f0,0x16c518,0x28
sub_0016C518,0x16c518,0x16c5a8,0x90
sub_0016C5A8,0x16c5a8,0x16c5d0,0x28
sub_0016C5D0,0x16c5d0,0x16c5e0,0x10
sub_0016C5E0,0x16c5e0,0x16c628,0x48
sub_0016C628,0x16c628,0x16c678,0x50
sub_0016C678,0x16c678,0x16c6b0,0x38
sub_0016C6B0,0x16c6b0,0x16c6e0,0x30
sub_0016C6E0,0x16c6e0,0x16c718,0x38
sub_0016C718,0x16c718,0x16c778,0x60
sub_0016C778,0x16c778,0x16c800,0x88
sub_0016C800,0x16c800,0x16c888,0x88
sub_0016C888,0x16c888,0x16c918,0x90
sub_0016C918,0x16c918,0x16c968,0x50
sub_0016C968,0x16c968,0x16c9b0,0x48
sub_0016C9B0,0x16c9b0,0x16ca10,0x60
sub_0016CA10,0x16ca10,0x16ca18,0x8
sub_0016CA18,0x16ca18,0x16cbe0,0x1c8
sub_0016CBE0,0x16cbe0,0x16ce30,0x250
sub_0016CE30,0x16ce30,0x16cec8,0x98
sub_0016CEC8,0x16cec8,0x16cef0,0x28
sub_0016CEF0,0x16cef0,0x16cf18,0x28
sub_0016CF18,0x16cf18,0x16cf40,0x28
sub_0016CF40,0x16cf40,0x16cf48,0x8
sub_0016CF48,0x16cf48,0x16d1b8,0x270
sub_0016D1B8,0x16d1b8,0x16d1d8,0x20
sub_0016D1D8,0x16d1d8,0x16d200,0x28
sub_0016D200,0x16d200,0x16d210,0x10
sub_0016D210,0x16d210,0x16d238,0x28
sub_0016D238,0x16d238,0x16d260,0x28
sub_0016D260,0x16d260,0x16d320,0xc0
sub_0016D320,0x16d320,0x16e1d8,0xeb8
sub_0016E1D8,0x16e1d8,0x170240,0x2068
sub_00170240,0x170240,0x1707b0,0x570
sub_001707B0,0x1707b0,0x170d20,0x570
sub_00170D20,0x170d20,0x1712b0,0x590
sub_001712B0,0x1712b0,0x1714e8,0x238
sub_001714E8,0x1714e8,0x1715a0,0xb8
sub_001715A0,0x1715a0,0x1715f8,0x58
sub_001715F8,0x1715f8,0x171680,0x88
sub_00171680,0x171680,0x171690,0x10
sub_00171690,0x171690,0x171a20,0x390
sub_00171A20,0x171a20,0x171b10,0xf0
sub_00171B10,0x171b10,0x171c00,0xf0
sub_00171C00,0x171c00,0x171d10,0x110
sub_00171D10,0x171d10,0x171d58,0x48
sub_00171D58,0x171d58,0x172e18,0x10c0
sub_00172E18,0x172e18,0x172fe0,0x1c8
sub_00172FE0,0x172fe0,0x1730d0,0xf0
sub_001730D0,0x1730d0,0x1731c0,0xf0
sub_001731C0,0x1731c0,0x173208,0x48
sub_00173208,0x173208,0x1732b8,0xb0
sub_001732B8,0x1732b8,0x1732e8,0x30
sub_001732E8,0x1732e8,0x174190,0xea8
sub_00174190,0x174190,0x174848,0x6b8
sub_00174848,0x174848,0x175a20,0x11d8
sub_00175A20,0x175a20,0x176890,0xe70
sub_00176890,0x176890,0x176a28,0x198
sub_00176A28,0x176a28,0x176a48,0x20
sub_00176A48,0x176a48,0x176a68,0x20
sub_00176A68,0x176a68,0x176d68,0x300
sub_00176D68,0x176d68,0x176da8,0x40
sub_00176DA8,0x176da8,0x177068,0x2c0
sub_00177068,0x177068,0x1774c0,0x458
sub_001774C0,0x1774c0,0x177650,0x190
sub_00177650,0x177650,0x177e30,0x7e0
sub_00177E30,0x177e30,0x177e50,0x20
sub_00177E50,0x177e50,0x177e90,0x40
sub_00177E90,0x177e90,0x177eb8,0x28
sub_00177EB8,0x177eb8,0x177ef8,0x40
sub_00177EF8,0x177ef8,0x177fc0,0xc8
sub_00177FC0,0x177fc0,0x178520,0x560
sub_00178520,0x178520,0x178588,0x68
sub_00178588,0x178588,0x1785b0,0x28
sub_001785B0,0x1785b0,0x1785f0,0x40
sub_001785F0,0x1785f0,0x178758,0x168
sub_00178758,0x178758,0x1789e8,0x290
sub_001789E8,0x1789e8,0x178f58,0x570
sub_00178F58,0x178f58,0x179738,0x7e0
sub_00179738,0x179738,0x179798,0x60
sub_00179798,0x179798,0x179fa8,0x810
sub_00179FA8,0x179fa8,0x179fc8,0x20
sub_00179FC8,0x179fc8,0x17a028,0x60
sub_0017A028,0x17a028,0x17a0b8,0x90
sub_0017A0B8,0x17a0b8,0x17a158,0xa0
sub_0017A158,0x17a158,0x17a220,0xc8
sub_0017A220,0x17a220,0x17a2c8,0xa8
sub_0017A2C8,0x17a2c8,0x17a638,0x370
sub_0017A638,0x17a638,0x17a830,0x1f8
sub_0017A830,0x17a830,0x17a978,0x148
sub_0017A978,0x17a978,0x17abc8,0x250
sub_0017ABC8,0x17abc8,0x17abe0,0x18
sub_0017ABE0,0x17abe0,0x17ac98,0xb8
sub_0017AC98,0x17ac98,0x17acc8,0x30
sub_0017ACC8,0x17acc8,0x17ae00,0x138
sub_0017AE00,0x17ae00,0x17b1b0,0x3b0
sub_0017B1B0,0x17b1b0,0x17d008,0x1e58
sub_0017D008,0x17d008,0x17d0a8,0xa0
sub_0017D0A8,0x17d0a8,0x17d1b8,0x110
sub_0017D1B8,0x17d1b8,0x17d200,0x48
sub_0017D200,0x17d200,0x17d260,0x60
sub_0017D260,0x17d260,0x17d298,0x38
sub_0017D298,0x17d298,0x17d6f0,0x458
sub_0017D6F0,0x17d6f0,0x17da30,0x340
sub_0017DA30,0x17da30,0x17db18,0xe8
sub_0017DB18,0x17db18,0x17de70,0x358
sub_0017DE70,0x17de70,0x17e030,0x1c0
sub_0017E030,0x17e030,0x17e118,0xe8
sub_0017E118,0x17e118,0x17e1c0,0xa8
sub_0017E1C0,0x17e1c0,0x17e228,0x68
sub_0017E228,0x17e228,0x17e290,0x68
sub_0017E290,0x17e290,0x17e2f8,0x68
sub_0017E2F8,0x17e2f8,0x17e368,0x70
sub_0017E368,0x17e368,0x17e3b8,0x50
sub_0017E3B8,0x17e3b8,0x17e418,0x60
sub_0017E418,0x17e418,0x17e490,0x78
sub_0017E490,0x17e490,0x17e4f0,0x60
sub_0017E4F0,0x17e4f0,0x17e558,0x68
sub_0017E558,0x17e558,0x17e5c8,0x70
sub_0017E5C8,0x17e5c8,0x17f2d0,0xd08
sub_0017F2D0,0x17f2d0,0x17f500,0x230
sub_0017F500,0x17f500,0x17f7b8,0x2b8
sub_0017F7B8,0x17f7b8,0x1805d8,0xe20
sub_001805D8,0x1805d8,0x180618,0x40
sub_00180618,0x180618,0x180678,0x60
sub_00180678,0x180678,0x1806d8,0x60
sub_001806D8,0x1806d8,0x180768,0x90
sub_00180768,0x180768,0x1807c8,0x60
sub_001807C8,0x1807c8,0x180840,0x78
sub_00180840,0x180840,0x1809b0,0x170
sub_001809B0,0x1809b0,0x180a90,0xe0
sub_00180A90,0x180a90,0x181090,0x600
sub_00181090,0x181090,0x181bd0,0xb40
sub_00181BD0,0x181bd0,0x181ef0,0x320
sub_00181EF0,0x181ef0,0x182220,0x330
sub_00182220,0x182220,0x182870,0x650
sub_00182870,0x182870,0x1828c0,0x50
sub_001828C0,0x1828c0,0x182db8,0x4f8
sub_00182DB8,0x182db8,0x182ec0,0x108
sub_00182EC0,0x182ec0,0x1831d0,0x310
sub_001831D0,0x1831d0,0x183238,0x68
sub_00183238,0x183238,0x183a98,0x860
sub_00183A98,0x183a98,0x183b08,0x70
sub_00183B08,0x183b08,0x183c08,0x100
sub_00183C08,0x183c08,0x183d08,0x100
sub_00183D08,0x183d08,0x183de0,0xd8
sub_00183DE0,0x183de0,0x184520,0x740
sub_00184520,0x184520,0x184668,0x148
sub_00184668,0x184668,0x184780,0x118
sub_00184780,0x184780,0x184828,0xa8
sub_00184828,0x184828,0x185a18,0x11f0
sub_00185A18,0x185a18,0x186518,0xb00
sub_00186518,0x186518,0x1865a8,0x90
sub_001865A8,0x1865a8,0x186610,0x68
sub_00186610,0x186610,0x186a08,0x3f8
sub_00186A08,0x186a08,0x187270,0x868
sub_00187270,0x187270,0x187318,0xa8
sub_00187318,0x187318,0x1877b0,0x498
sub_001877B0,0x1877b0,0x187920,0x170
sub_00187920,0x187920,0x187a38,0x118
sub_00187A38,0x187a38,0x187d38,0x300
sub_00187D38,0x187d38,0x1887a0,0xa68
sub_001887A0,0x1887a0,0x188e58,0x6b8
sub_00188E58,0x188e58,0x188ee8,0x90
sub_00188EE8,0x188ee8,0x189d60,0xe78
sub_00189D60,0x189d60,0x18a258,0x4f8
sub_0018A258,0x18a258,0x18b380,0x1128
sub_0018B380,0x18b380,0x18bef8,0xb78
sub_0018BEF8,0x18bef8,0x18c0e8,0x1f0
sub_0018C0E8,0x18c0e8,0x18c478,0x390
sub_0018C478,0x18c478,0x18c658,0x1e0
sub_0018C658,0x18c658,0x18cdc0,0x768
sub_0018CDC0,0x18cdc0,0x18cf50,0x190
sub_0018CF50,0x18cf50,0x18d108,0x1b8
sub_0018D108,0x18d108,0x18d240,0x138
sub_0018D240,0x18d240,0x18d7f0,0x5b0
sub_0018D7F0,0x18d7f0,0x18eca0,0x14b0
sub_0018ECA0,0x18eca0,0x18f2b8,0x618
sub_0018F2B8,0x18f2b8,0x18f9d8,0x720
sub_0018F9D8,0x18f9d8,0x18fc98,0x2c0
sub_0018FC98,0x18fc98,0x1902c0,0x628
sub_001902C0,0x1902c0,0x190540,0x280
sub_00190540,0x190540,0x190670,0x130
sub_00190670,0x190670,0x190768,0xf8
sub_00190768,0x190768,0x190858,0xf0
sub_00190858,0x190858,0x190a08,0x1b0
sub_00190A08,0x190a08,0x190cd8,0x2d0
sub_00190CD8,0x190cd8,0x190de0,0x108
sub_00190DE0,0x190de0,0x190f48,0x168
sub_00190F48,0x190f48,0x1910c0,0x178
sub_001910C0,0x1910c0,0x191228,0x168
sub_00191228,0x191228,0x191360,0x138
sub_00191360,0x191360,0x1913b8,0x58
sub_001913B8,0x1913b8,0x192088,0xcd0
sub_00192088,0x192088,0x192240,0x1b8
sub_00192240,0x192240,0x192380,0x140
sub_00192380,0x192380,0x192488,0x108
sub_00192488,0x192488,0x1926f0,0x268
sub_001926F0,0x1926f0,0x192740,0x50
sub_00192740,0x192740,0x1927b0,0x70
sub_001927B0,0x1927b0,0x192918,0x168
sub_00192918,0x192918,0x192948,0x30
sub_00192948,0x192948,0x192968,0x20
sub_00192968,0x192968,0x192970,0x8
sub_00192970,0x192970,0x192d00,0x390
sub_00192D00,0x192d00,0x193de0,0x10e0
sub_00193DE0,0x193de0,0x193f38,0x158
sub_00193F38,0x193f38,0x194080,0x148
sub_00194080,0x194080,0x194168,0xe8
sub_00194168,0x194168,0x1941b0,0x48
sub_001941B0,0x1941b0,0x194440,0x290
sub_00194440,0x194440,0x194498,0x58
sub_00194498,0x194498,0x194738,0x2a0
sub_00194738,0x194738,0x194a60,0x328
sub_00194A60,0x194a60,0x195498,0xa38
sub_00195498,0x195498,0x1956f8,0x260
sub_001956F8,0x1956f8,0x1957d0,0xd8
sub_001957D0,0x1957d0,0x195880,0xb0
sub_00195880,0x195880,0x1958f0,0x70
sub_001958F0,0x1958f0,0x195948,0x58
sub_00195948,0x195948,0x1959a8,0x60
sub_001959A8,0x1959a8,0x195a50,0xa8
sub_00195A50,0x195a50,0x195aa0,0x50
sub_00195AA0,0x195aa0,0x195b70,0xd0
sub_00195B70,0x195b70,0x195be0,0x70
sub_00195BE0,0x195be0,0x195d50,0x170
sub_00195D50,0x195d50,0x195de0,0x90
sub_00195DE0,0x195de0,0x195e58,0x78
sub_00195E58,0x195e58,0x195eb8,0x60
sub_00195EB8,0x195eb8,0x195f70,0xb8
sub_00195F70,0x195f70,0x195ff0,0x80
sub_00195FF0,0x195ff0,0x196b90,0xba0
sub_00196B90,0x196b90,0x197ad8,0xf48
sub_00197AD8,0x197ad8,0x197b88,0xb0
sub_00197B88,0x197b88,0x197bc8,0x40
sub_00197BC8,0x197bc8,0x197ca0,0xd8
sub_00197CA0,0x197ca0,0x197db8,0x118
sub_00197DB8,0x197db8,0x197e70,0xb8
sub_00197E70,0x197e70,0x198118,0x2a8
sub_00198118,0x198118,0x1981f8,0xe0
sub_001981F8,0x1981f8,0x198340,0x148
sub_00198340,0x198340,0x1985b0,0x270
sub_001985B0,0x1985b0,0x1985f0,0x40
sub_001985F0,0x1985f0,0x1986d0,0xe0
sub_001986D0,0x1986d0,0x1988d8,0x208
sub_001988D8,0x1988d8,0x198988,0xb0
sub_00198988,0x198988,0x198a88,0x100
sub_00198A88,0x198a88,0x198ab8,0x30
sub_00198AB8,0x198ab8,0x198ae8,0x30
sub_00198AE8,0x198ae8,0x198af0,0x8
sub_00198AF0,0x198af0,0x198db8,0x2c8
sub_00198DB8,0x198db8,0x19a098,0x12e0
sub_0019A098,0x19a098,0x19a238,0x1a0
sub_0019A238,0x19a238,0x19a308,0xd0
sub_0019A308,0x19a308,0x19a3d0,0xc8
sub_0019A3D0,0x19a3d0,0x19a498,0xc8
sub_0019A498,0x19a498,0x19a4e8,0x50
sub_0019A4E8,0x19a4e8,0x19a638,0x150
sub_0019A638,0x19a638,0x19a798,0x160
sub_0019A798,0x19a798,0x19a9b8,0x220
sub_0019A9B8,0x19a9b8,0x19aa08,0x50
sub_0019AA08,0x19aa08,0x19ab78,0x170
sub_0019AB78,0x19ab78,0x19aca0,0x128
sub_0019ACA0,0x19aca0,0x19afd0,0x330
sub_0019AFD0,0x19afd0,0x19b098,0xc8
sub_0019B098,0x19b098,0x19b180,0xe8
sub_0019B180,0x19b180,0x19b458,0x2d8
sub_0019B458,0x19b458,0x19b518,0xc0
sub_0019B518,0x19b518,0x19b598,0x80
sub_0019B598,0x19b598,0x19b618,0x80
sub_0019B618,0x19b618,0x19b7e0,0x1c8
sub_0019B7E0,0x19b7e0,0x19ba60,0x280
sub_0019BA60,0x19ba60,0x19bba0,0x140
sub_0019BBA0,0x19bba0,0x19bbe0,0x40
sub_0019BBE0,0x19bbe0,0x19bc90,0xb0
sub_0019BC90,0x19bc90,0x19bd48,0xb8
sub_0019BD48,0x19bd48,0x19be80,0x138
sub_0019BE80,0x19be80,0x19bee8,0x68
sub_0019BEE8,0x19bee8,0x19bfe8,0x100
sub_0019BFE8,0x19bfe8,0x19c7e8,0x800
sub_0019C7E8,0x19c7e8,0x19c880,0x98
sub_0019C880,0x19c880,0x19c8d0,0x50
sub_0019C8D0,0x19c8d0,0x19c8f8,0x28
sub_0019C8F8,0x19c8f8,0x19c920,0x28
sub_0019C920,0x19c920,0x19c938,0x18
sub_0019C938,0x19c938,0x19ca70,0x138
sub_0019CA70,0x19ca70,0x19cb38,0xc8
sub_0019CB38,0x19cb38,0x19cb60,0x28
sub_0019CB60,0x19cb60,0x19cbe0,0x80
sub_0019CBE0,0x19cbe0,0x19cc30,0x50
sub_0019CC30,0x19cc30,0x19cce8,0xb8
sub_0019CCE8,0x19cce8,0x19cd38,0x50
sub_0019CD38,0x19cd38,0x19cdf0,0xb8
sub_0019CDF0,0x19cdf0,0x19ce20,0x30
sub_0019CE20,0x19ce20,0x19ce68,0x48
sub_0019CE68,0x19ce68,0x19cf40,0xd8
sub_0019CF40,0x19cf40,0x19d000,0xc0
sub_0019D000,0x19d000,0x19d140,0x140
sub_0019D140,0x19d140,0x19d250,0x110
sub_0019D250,0x19d250,0x19d3b0,0x160
sub_0019D3B0,0x19d3b0,0x19d428,0x78
sub_0019D428,0x19d428,0x19d4b8,0x90
sub_0019D4B8,0x19d4b8,0x19d578,0xc0
sub_0019D578,0x19d578,0x19d738,0x1c0
sub_0019D738,0x19d738,0x19d8b8,0x180
sub_0019D8B8,0x19d8b8,0x19da10,0x158
sub_0019DA10,0x19da10,0x19dc20,0x210
sub_0019DC20,0x19dc20,0x19dd10,0xf0
sub_0019DD10,0x19dd10,0x19de18,0x108
sub_0019DE18,0x19de18,0x19df20,0x108
sub_0019DF20,0x19df20,0x19e070,0x150
sub_0019E070,0x19e070,0x19e238,0x1c8
sub_0019E238,0x19e238,0x19e2b0,0x78
sub_0019E2B0,0x19e2b0,0x19e330,0x80
sub_0019E330,0x19e330,0x19e3d0,0xa0
sub_0019E3D0,0x19e3d0,0x19e498,0xc8
sub_0019E498,0x19e498,0x19e538,0xa0
sub_0019E538,0x19e538,0x19e588,0x50
sub_0019E588,0x19e588,0x19e680,0xf8
sub_0019E680,0x19e680,0x19e7f0,0x170
sub_0019E7F0,0x19e7f0,0x19e960,0x170
sub_0019E960,0x19e960,0x19eba0,0x240
sub_0019EBA0,0x19eba0,0x19ec68,0xc8
sub_0019EC68,0x19ec68,0x19ed80,0x118
sub_0019ED80,0x19ed80,0x19ee88,0x108
sub_0019EE88,0x19ee88,0x19f138,0x2b0
sub_0019F138,0x19f138,0x19f2d0,0x198
sub_0019F2D0,0x19f2d0,0x19f3e8,0x118
sub_0019F3E8,0x19f3e8,0x19f548,0x160
sub_0019F548,0x19f548,0x19f780,0x238
sub_0019F780,0x19f780,0x19f878,0xf8
sub_0019F878,0x19f878,0x19f908,0x90
sub_0019F908,0x19f908,0x19fa78,0x170
sub_0019FA78,0x19fa78,0x19fbe0,0x168
sub_0019FBE0,0x19fbe0,0x19fd58,0x178
sub_0019FD58,0x19fd58,0x19ff00,0x1a8
sub_0019FF00,0x19ff00,0x1a0100,0x200
sub_001A0100,0x1a0100,0x1a0358,0x258
sub_001A0358,0x1a0358,0x1a03c0,0x68
sub_001A03C0,0x1a03c0,0x1a0420,0x60
sub_001A0420,0x1a0420,0x1a0498,0x78
sub_001A0498,0x1a0498,0x1a04c8,0x30
sub_001A04C8,0x1a04c8,0x1a0508,0x40
sub_001A0508,0x1a0508,0x1a0538,0x30
sub_001A0538,0x1a0538,0x1a0548,0x10
sub_001A0548,0x1a0548,0x1a0570,0x28
sub_001A0570,0x1a0570,0x1a0598,0x28
sub_001A0598,0x1a0598,0x1a0608,0x70
sub_001A0608,0x1a0608,0x1a0648,0x40
sub_001A0648,0x1a0648,0x1a06b0,0x68
sub_001A06B0,0x1a06b0,0x1a06f0,0x40
sub_001A06F0,0x1a06f0,0x1a0708,0x18
sub_001A0708,0x1a0708,0x1a0720,0x18
sub_001A0720,0x1a0720,0x1a1cb8,0x1598
sub_001A1CB8,0x1a1cb8,0x1a1cd0,0x18
sub_001A1CD0,0x1a1cd0,0x1a1ce8,0x18
sub_001A1CE8,0x1a1ce8,0x1a2b00,0xe18
sub_001A2B00,0x1a2b00,0x1a2bc0,0xc0
sub_001A2BC0,0x1a2bc0,0x1a2e20,0x260
sub_001A2E20,0x1a2e20,0x1a2e58,0x38
sub_001A2E58,0x1a2e58,0x1a2f38,0xe0
sub_001A2F38,0x1a2f38,0x1a3218,0x2e0
sub_001A3218,0x1a3218,0x1a34a0,0x288
sub_001A34A0,0x1a34a0,0x1a34a8,0x8
sub_001A34A8,0x1a34a8,0x1a3590,0xe8
sub_001A3590,0x1a3590,0x1a35e8,0x58
sub_001A35E8,0x1a35e8,0x1a3648,0x60
sub_001A3648,0x1a3648,0x1a36e8,0xa0
sub_001A36E8,0x1a36e8,0x1a3768,0x80
sub_001A3768,0x1a3768,0x1a37f8,0x90
sub_001A37F8,0x1a37f8,0x1a38c0,0xc8
sub_001A38C0,0x1a38c0,0x1a39c0,0x100
sub_001A39C0,0x1a39c0,0x1a39d8,0x18
sub_001A39D8,0x1a39d8,0x1a39f0,0x18
sub_001A39F0,0x1a39f0,0x1a3bf0,0x200
sub_001A3BF0,0x1a3bf0,0x1a3c50,0x60
sub_001A3C50,0x1a3c50,0x1a3cd8,0x88
sub_001A3CD8,0x1a3cd8,0x1a3dc8,0xf0
sub_001A3DC8,0x1a3dc8,0x1a4670,0x8a8
sub_001A4670,0x1a4670,0x1a4740,0xd0
sub_001A4740,0x1a4740,0x1a4750,0x10
sub_001A4750,0x1a4750,0x1a4810,0xc0
sub_001A4810,0x1a4810,0x1a4ce8,0x4d8
sub_001A4CE8,0x1a4ce8,0x1a4d90,0xa8
sub_001A4D90,0x1a4d90,0x1a4e28,0x98
sub_001A4E28,0x1a4e28,0x1a4fb0,0x188
sub_001A4FB0,0x1a4fb0,0x1a5010,0x60
sub_001A5010,0x1a5010,0x1a5128,0x118
sub_001A5128,0x1a5128,0x1a52b0,0x188
sub_001A52B0,0x1a52b0,0x1a5450,0x1a0
sub_001A5450,0x1a5450,0x1a54d8,0x88
sub_001A54D8,0x1a54d8,0x1a56d0,0x1f8
sub_001A56D0,0x1a56d0,0x1a5800,0x130
sub_001A5800,0x1a5800,0x1a5898,0x98
sub_001A5898,0x1a5898,0x1a5fb8,0x720
sub_001A5FB8,0x1a5fb8,0x1a6070,0xb8
sub_001A6070,0x1a6070,0x1a63c8,0x358
sub_001A63C8,0x1a63c8,0x1a6618,0x250
sub_001A6618,0x1a6618,0x1a66a8,0x90
sub_001A66A8,0x1a66a8,0x1a6978,0x2d0
sub_001A6978,0x1a6978,0x1a6c40,0x2c8
sub_001A6C40,0x1a6c40,0x1a6ca0,0x60
sub_001A6CA0,0x1a6ca0,0x1a6e70,0x1d0
sub_001A6E70,0x1a6e70,0x1a71b0,0x340
sub_001A71B0,0x1a71b0,0x1a7390,0x1e0
sub_001A7390,0x1a7390,0x1a77a0,0x410
sub_001A77A0,0x1a77a0,0x1a7dd8,0x638
sub_001A7DD8,0x1a7dd8,0x1a7ed8,0x100
sub_001A7ED8,0x1a7ed8,0x1a7f78,0xa0
sub_001A7F78,0x1a7f78,0x1a81f0,0x278
sub_001A81F0,0x1a81f0,0x1a83d8,0x1e8
sub_001A83D8,0x1a83d8,0x1a8500,0x128
sub_001A8500,0x1a8500,0x1a85d0,0xd0
sub_001A85D0,0x1a85d0,0x1a86e8,0x118
sub_001A86E8,0x1a86e8,0x1a8768,0x80
sub_001A8768,0x1a8768,0x1a8770,0x8
sub_001A8770,0x1a8770,0x1a87d0,0x60
sub_001A87D0,0x1a87d0,0x1a8918,0x148
sub_001A8918,0x1a8918,0x1a8a40,0x128
sub_001A8A40,0x1a8a40,0x1a8ae8,0xa8
sub_001A8AE8,0x1a8ae8,0x1a8b88,0xa0
sub_001A8B88,0x1a8b88,0x1a8e40,0x2b8
sub_001A8E40,0x1a8e40,0x1a8f98,0x158
sub_001A8F98,0x1a8f98,0x1a9090,0xf8
sub_001A9090,0x1a9090,0x1a9150,0xc0
sub_001A9150,0x1a9150,0x1a91b0,0x60
sub_001A91B0,0x1a91b0,0x1a9268,0xb8
sub_001A9268,0x1a9268,0x1a92d8,0x70
sub_001A92D8,0x1a92d8,0x1a93d0,0xf8
sub_001A93D0,0x1a93d0,0x1a9438,0x68
sub_001A9438,0x1a9438,0x1a94d8,0xa0
sub_001A94D8,0x1a94d8,0x1a94e0,0x8
sub_001A94E0,0x1a94e0,0x1a9578,0x98
sub_001A9578,0x1a9578,0x1a9638,0xc0
sub_001A9638,0x1a9638,0x1a9668,0x30
sub_001A9668,0x1a9668,0x1a9710,0xa8
sub_001A9710,0x1a9710,0x1a97b8,0xa8
sub_001A97B8,0x1a97b8,0x1a9890,0xd8
sub_001A9890,0x1a9890,0x1a98b0,0x20
sub_001A98B0,0x1a98b0,0x1a98b8,0x8
sub_001A98B8,0x1a98b8,0x1a9930,0x78
sub_001A9930,0x1a9930,0x1a9a18,0xe8
sub_001A9A18,0x1a9a18,0x1a9ab8,0xa0
sub_001A9AB8,0x1a9ab8,0x1a9b58,0xa0
sub_001A9B58,0x1a9b58,0x1a9bc0,0x68
sub_001A9BC0,0x1a9bc0,0x1a9c50,0x90
sub_001A9C50,0x1a9c50,0x1a9cc0,0x70
sub_001A9CC0,0x1a9cc0,0x1aad50,0x1090
sub_001AAD50,0x1aad50,0x1aaf90,0x240
sub_001AAF90,0x1aaf90,0x1ab108,0x178
sub_001AB108,0x1ab108,0x1ab178,0x70
sub_001AB178,0x1ab178,0x1ab288,0x110
sub_001AB288,0x1ab288,0x1ab370,0xe8
sub_001AB370,0x1ab370,0x1ab3d0,0x60
sub_001AB3D0,0x1ab3d0,0x1ab478,0xa8
sub_001AB478,0x1ab478,0x1abb30,0x6b8
sub_001ABB30,0x1abb30,0x1abc50,0x120
sub_001ABC50,0x1abc50,0x1abcd0,0x80
sub_001ABCD0,0x1abcd0,0x1abe58,0x188
sub_001ABE58,0x1abe58,0x1abed8,0x80
sub_001ABED8,0x1abed8,0x1abf70,0x98
sub_001ABF70,0x1abf70,0x1abfa8,0x38
sub_001ABFA8,0x1abfa8,0x1ac010,0x68
sub_001AC010,0x1ac010,0x1ac2b8,0x2a8
sub_001AC2B8,0x1ac2b8,0x1ac360,0xa8
sub_001AC360,0x1ac360,0x1ac408,0xa8
sub_001AC408,0x1ac408,0x1ac448,0x40
sub_001AC448,0x1ac448,0x1ac4f0,0xa8
sub_001AC4F0,0x1ac4f0,0x1ac5a8,0xb8
sub_001AC5A8,0x1ac5a8,0x1ac5c0,0x18
sub_001AC5C0,0x1ac5c0,0x1ac920,0x360
sub_001AC920,0x1ac920,0x1ac9c0,0xa0
sub_001AC9C0,0x1ac9c0,0x1aca88,0xc8
sub_001ACA88,0x1aca88,0x1acb48,0xc0
sub_001ACB48,0x1acb48,0x1accd0,0x188
sub_001ACCD0,0x1accd0,0x1acdd0,0x100
sub_001ACDD0,0x1acdd0,0x1ad130,0x360
sub_001AD130,0x1ad130,0x1ad178,0x48
sub_001AD178,0x1ad178,0x1ad1e8,0x70
sub_001AD1E8,0x1ad1e8,0x1ad208,0x20
sub_001AD208,0x1ad208,0x1ad308,0x100
sub_001AD308,0x1ad308,0x1ad3e8,0xe0
sub_001AD3E8,0x1ad3e8,0x1ad930,0x548
sub_001AD930,0x1ad930,0x1adc30,0x300
sub_001ADC30,0x1adc30,0x1addd0,0x1a0
sub_001ADDD0,0x1addd0,0x1ae680,0x8b0
sub_001AE680,0x1ae680,0x1aec60,0x5e0
sub_001AEC60,0x1aec60,0x1af098,0x438
sub_001AF098,0x1af098,0x1af208,0x170
sub_001AF208,0x1af208,0x1af568,0x360
sub_001AF568,0x1af568,0x1af688,0x120
sub_001AF688,0x1af688,0x1af728,0xa0
sub_001AF728,0x1af728,0x1af930,0x208
sub_001AF930,0x1af930,0x1afa60,0x130
sub_001AFA60,0x1afa60,0x1afd88,0x328
sub_001AFD88,0x1afd88,0x1afe08,0x80
sub_001AFE08,0x1afe08,0x1b0850,0xa48
sub_001B0850,0x1b0850,0x1b0c08,0x3b8
sub_001B0C08,0x1b0c08,0x1b0e10,0x208
sub_001B0E10,0x1b0e10,0x1b0f28,0x118
sub_001B0F28,0x1b0f28,0x1b0f60,0x38
sub_001B0F60,0x1b0f60,0x1b1760,0x800
sub_001B1760,0x1b1760,0x1b1808,0xa8
sub_001B1808,0x1b1808,0x1b1a08,0x200
sub_001B1A08,0x1b1a08,0x1b1b10,0x108
sub_001B1B10,0x1b1b10,0x1b1b98,0x88
sub_001B1B98,0x1b1b98,0x1b1f18,0x380
sub_001B1F18,0x1b1f18,0x1b1f88,0x70
sub_001B1F88,0x1b1f88,0x1b2048,0xc0
sub_001B2048,0x1b2048,0x1b2070,0x28
sub_001B2070,0x1b2070,0x1b22a0,0x230
sub_001B22A0,0x1b22a0,0x1b2320,0x80
sub_001B2320,0x1b2320,0x1b2378,0x58
sub_001B2378,0x1b2378,0x1b25e0,0x268
sub_001B25E0,0x1b25e0,0x1b27b0,0x1d0
sub_001B27B0,0x1b27b0,0x1b2cd0,0x520
sub_001B2CD0,0x1b2cd0,0x1b33d8,0x708
sub_001B33D8,0x1b33d8,0x1b35b0,0x1d8
sub_001B35B0,0x1b35b0,0x1b3760,0x1b0
sub_001B3760,0x1b3760,0x1b37d8,0x78
sub_001B37D8,0x1b37d8,0x1b3978,0x1a0
sub_001B3978,0x1b3978,0x1b3a30,0xb8
sub_001B3A30,0x1b3a30,0x1b3bf0,0x1c0
sub_001B3BF0,0x1b3bf0,0x1b3d20,0x130
sub_001B3D20,0x1b3d20,0x1b3f78,0x258
sub_001B3F78,0x1b3f78,0x1b4198,0x220
sub_001B4198,0x1b4198,0x1b43a8,0x210
sub_001B43A8,0x1b43a8,0x1b4470,0xc8
sub_001B4470,0x1b4470,0x1b45e8,0x178
sub_001B45E8,0x1b45e8,0x1b47c0,0x1d8
sub_001B47C0,0x1b47c0,0x1b4888,0xc8
sub_001B4888,0x1b4888,0x1b4c00,0x378
sub_001B4C00,0x1b4c00,0x1b4c40,0x40
sub_001B4C40,0x1b4c40,0x1b4cd8,0x98
sub_001B4CD8,0x1b4cd8,0x1b4fa0,0x2c8
sub_001B4FA0,0x1b4fa0,0x1b5068,0xc8
sub_001B5068,0x1b5068,0x1b5268,0x200
sub_001B5268,0x1b5268,0x1b55b0,0x348
sub_001B55B0,0x1b55b0,0x1b5740,0x190
sub_001B5740,0x1b5740,0x1b5830,0xf0
sub_001B5830,0x1b5830,0x1b5a58,0x228
sub_001B5A58,0x1b5a58,0x1b5bd8,0x180
sub_001B5BD8,0x1b5bd8,0x1b5cf8,0x120
sub_001B5CF8,0x1b5cf8,0x1b6288,0x590
sub_001B6288,0x1b6288,0x1b6ab8,0x830
sub_001B6AB8,0x1b6ab8,0x1b6ed0,0x418
sub_001B6ED0,0x1b6ed0,0x1b7030,0x160
sub_001B7030,0x1b7030,0x1b7088,0x58
sub_001B7088,0x1b7088,0x1b70a8,0x20
sub_001B70A8,0x1b70a8,0x1b70d0,0x28
sub_001B70D0,0x1b70d0,0x1b7650,0x580
sub_001B7650,0x1b7650,0x1b7778,0x128
sub_001B7778,0x1b7778,0x1b77a8,0x30
sub_001B77A8,0x1b77a8,0x1b77c8,0x20
sub_001B77C8,0x1b77c8,0x1b7820,0x58
sub_001B7820,0x1b7820,0x1b78f0,0xd0
sub_001B78F0,0x1b78f0,0x1b7938,0x48
sub_001B7938,0x1b7938,0x1b7a08,0xd0
sub_001B7A08,0x1b7a08,0x1b7a50,0x48
sub_001B7A50,0x1b7a50,0x1b7a98,0x48
sub_001B7A98,0x1b7a98,0x1b7bc0,0x128
sub_001B7BC0,0x1b7bc0,0x1b7c28,0x68
sub_001B7C28,0x1b7c28,0x1b7c70,0x48
sub_001B7C70,0x1b7c70,0x1b7cb8,0x48
sub_001B7CB8,0x1b7cb8,0x1b7e40,0x188
sub_001B7E40,0x1b7e40,0x1b8238,0x3f8
sub_001B8238,0x1b8238,0x1b83c0,0x188
sub_001B83C0,0x1b83c0,0x1b8890,0x4d0
sub_001B8890,0x1b8890,0x1b88f0,0x60
sub_001B88F0,0x1b88f0,0x1b91c8,0x8d8
sub_001B91C8,0x1b91c8,0x1b92c8,0x100
sub_001B92C8,0x1b92c8,0x1b9428,0x160
sub_001B9428,0x1b9428,0x1b9488,0x60
sub_001B9488,0x1b9488,0x1b9558,0xd0
sub_001B9558,0x1b9558,0x1b95c0,0x68
sub_001B95C0,0x1b95c0,0x1b9610,0x50
sub_001B9610,0x1b9610,0x1b9678,0x68
sub_001B9678,0x1b9678,0x1b96e0,0x68
sub_001B96E0,0x1b96e0,0x1b9740,0x60
sub_001B9740,0x1b9740,0x1b97b0,0x70
sub_001B97B0,0x1b97b0,0x1b9820,0x70
sub_001B9820,0x1b9820,0x1b9950,0x130
sub_001B9950,0x1b9950,0x1b9b18,0x1c8
sub_001B9B18,0x1b9b18,0x1b9cd8,0x1c0
sub_001B9CD8,0x1b9cd8,0x1b9d68,0x90
sub_001B9D68,0x1b9d68,0x1b9f68,0x200
sub_001B9F68,0x1b9f68,0x1b9fa0,0x38
sub_001B9FA0,0x1b9fa0,0x1ba110,0x170
sub_001BA110,0x1ba110,0x1ba178,0x68
sub_001BA178,0x1ba178,0x1ba218,0xa0
sub_001BA218,0x1ba218,0x1ba280,0x68
sub_001BA280,0x1ba280,0x1ba358,0xd8
sub_001BA358,0x1ba358,0x1ba3e0,0x88
sub_001BA3E0,0x1ba3e0,0x1ba428,0x48
sub_001BA428,0x1ba428,0x1ba4e0,0xb8
sub_001BA4E0,0x1ba4e0,0x1ba500,0x20
sub_001BA500,0x1ba500,0x1ba618,0x118
sub_001BA618,0x1ba618,0x1ba8b8,0x2a0
sub_001BA8B8,0x1ba8b8,0x1ba9f8,0x140
sub_001BA9F8,0x1ba9f8,0x1baa88,0x90
sub_001BAA88,0x1baa88,0x1bab28,0xa0
sub_001BAB28,0x1bab28,0x1bac90,0x168
sub_001BAC90,0x1bac90,0x1bade8,0x158
sub_001BADE8,0x1bade8,0x1baed8,0xf0
sub_001BAED8,0x1baed8,0x1bb098,0x1c0
sub_001BB098,0x1bb098,0x1bb0e8,0x50
sub_001BB0E8,0x1bb0e8,0x1bb158,0x70
sub_001BB158,0x1bb158,0x1bb2d0,0x178
sub_001BB2D0,0x1bb2d0,0x1bb340,0x70
sub_001BB340,0x1bb340,0x1bb3b0,0x70
sub_001BB3B0,0x1bb3b0,0x1bb440,0x90
sub_001BB440,0x1bb440,0x1bb4b0,0x70
sub_001BB4B0,0x1bb4b0,0x1bb520,0x70
sub_001BB520,0x1bb520,0x1bb5d0,0xb0
sub_001BB5D0,0x1bb5d0,0x1bb798,0x1c8
sub_001BB798,0x1bb798,0x1bb840,0xa8
sub_001BB840,0x1bb840,0x1bb968,0x128
sub_001BB968,0x1bb968,0x1bb9b0,0x48
sub_001BB9B0,0x1bb9b0,0x1bbaa8,0xf8
sub_001BBAA8,0x1bbaa8,0x1bbac8,0x20
sub_001BBAC8,0x1bbac8,0x1bbc40,0x178
sub_001BBC40,0x1bbc40,0x1bbd08,0xc8
sub_001BBD08,0x1bbd08,0x1bbd60,0x58
sub_001BBD60,0x1bbd60,0x1bbde0,0x80
sub_001BBDE0,0x1bbde0,0x1bbe00,0x20
sub_001BBE00,0x1bbe00,0x1bbf18,0x118
sub_001BBF18,0x1bbf18,0x1bc190,0x278
sub_001BC190,0x1bc190,0x1bc290,0x100
sub_001BC290,0x1bc290,0x1bc300,0x70
sub_001BC300,0x1bc300,0x1bc400,0x100
sub_001BC400,0x1bc400,0x1bc728,0x328
sub_001BC728,0x1bc728,0x1bc818,0xf0
sub_001BC818,0x1bc818,0x1bc990,0x178
sub_001BC990,0x1bc990,0x1bcb58,0x1c8
sub_001BCB58,0x1bcb58,0x1bd428,0x8d0
sub_001BD428,0x1bd428,0x1bd460,0x38
sub_001BD460,0x1bd460,0x1bd540,0xe0
sub_001BD540,0x1bd540,0x1bd610,0xd0
sub_001BD610,0x1bd610,0x1bd738,0x128
sub_001BD738,0x1bd738,0x1bd848,0x110
sub_001BD848,0x1bd848,0x1bd8c8,0x80
sub_001BD8C8,0x1bd8c8,0x1bda88,0x1c0
sub_001BDA88,0x1bda88,0x1bdc18,0x190
sub_001BDC18,0x1bdc18,0x1bdca0,0x88
sub_001BDCA0,0x1bdca0,0x1bdcf8,0x58
sub_001BDCF8,0x1bdcf8,0x1bdd60,0x68
sub_001BDD60,0x1bdd60,0x1bdde8,0x88
sub_001BDDE8,0x1bdde8,0x1bde48,0x60
sub_001BDE48,0x1bde48,0x1bdf60,0x118
sub_001BDF60,0x1bdf60,0x1bdfd8,0x78
sub_001BDFD8,0x1bdfd8,0x1be038,0x60
sub_001BE038,0x1be038,0x1be0a8,0x70
sub_001BE0A8,0x1be0a8,0x1be3a8,0x300
sub_001BE3A8,0x1be3a8,0x1be510,0x168
sub_001BE510,0x1be510,0x1be540,0x30
sub_001BE540,0x1be540,0x1be720,0x1e0
sub_001BE720,0x1be720,0x1be7d8,0xb8
sub_001BE7D8,0x1be7d8,0x1bec78,0x4a0
sub_001BEC78,0x1bec78,0x1bee30,0x1b8
sub_001BEE30,0x1bee30,0x1bee78,0x48
sub_001BEE78,0x1bee78,0x1bf228,0x3b0
sub_001BF228,0x1bf228,0x1bf378,0x150
sub_001BF378,0x1bf378,0x1bf438,0xc0
sub_001BF438,0x1bf438,0x1bf5a8,0x170
sub_001BF5A8,0x1bf5a8,0x1bf6c0,0x118
sub_001BF6C0,0x1bf6c0,0x1bfbb8,0x4f8
sub_001BFBB8,0x1bfbb8,0x1c0138,0x580
sub_001C0138,0x1c0138,0x1c0240,0x108
sub_001C0240,0x1c0240,0x1c02f8,0xb8
sub_001C02F8,0x1c02f8,0x1c0358,0x60
sub_001C0358,0x1c0358,0x1c0418,0xc0
sub_001C0418,0x1c0418,0x1c04a8,0x90
sub_001C04A8,0x1c04a8,0x1c0540,0x98
sub_001C0540,0x1c0540,0x1c0f40,0xa00
sub_001C0F40,0x1c0f40,0x1c13e0,0x4a0
sub_001C13E0,0x1c13e0,0x1c17f8,0x418
sub_001C17F8,0x1c17f8,0x1c1b88,0x390
sub_001C1B88,0x1c1b88,0x1c1c50,0xc8
sub_001C1C50,0x1c1c50,0x1c20f8,0x4a8
sub_001C20F8,0x1c20f8,0x1c2418,0x320
sub_001C2418,0x1c2418,0x1c2468,0x50
sub_001C2468,0x1c2468,0x1c2578,0x110
sub_001C2578,0x1c2578,0x1c2a18,0x4a0
sub_001C2A18,0x1c2a18,0x1c2ba8,0x190
sub_001C2BA8,0x1c2ba8,0x1c2c50,0xa8
sub_001C2C50,0x1c2c50,0x1c2d18,0xc8
sub_001C2D18,0x1c2d18,0x1c3310,0x5f8
sub_001C3310,0x1c3310,0x1c3d68,0xa58
sub_001C3D68,0x1c3d68,0x1c3ee8,0x180
sub_001C3EE8,0x1c3ee8,0x1c4538,0x650
sub_001C4538,0x1c4538,0x1c47a8,0x270
sub_001C47A8,0x1c47a8,0x1c49c8,0x220
sub_001C49C8,0x1c49c8,0x1c4b78,0x1b0
sub_001C4B78,0x1c4b78,0x1c4d28,0x1b0
sub_001C4D28,0x1c4d28,0x1c4e40,0x118
sub_001C4E40,0x1c4e40,0x1c4f58,0x118
sub_001C4F58,0x1c4f58,0x1c5018,0xc0
sub_001C5018,0x1c5018,0x1c55f8,0x5e0
sub_001C55F8,0x1c55f8,0x1c5630,0x38
sub_001C5630,0x1c5630,0x1c5750,0x120
sub_001C5750,0x1c5750,0x1c5780,0x30
sub_001C5780,0x1c5780,0x1c57a0,0x20
sub_001C57A0,0x1c57a0,0x1c57c0,0x20
sub_001C57C0,0x1c57c0,0x1c5800,0x40
sub_001C5800,0x1c5800,0x1c5838,0x38
sub_001C5838,0x1c5838,0x1c5860,0x28
sub_001C5860,0x1c5860,0x1c5878,0x18
sub_001C5878,0x1c5878,0x1c58d0,0x58
sub_001C58D0,0x1c58d0,0x1c58e8,0x18
sub_001C58E8,0x1c58e8,0x1c5a90,0x1a8
sub_001C5A90,0x1c5a90,0x1c5dd8,0x348
sub_001C5DD8,0x1c5dd8,0x1c5f20,0x148
sub_001C5F20,0x1c5f20,0x1c6230,0x310
sub_001C6230,0x1c6230,0x1c66e8,0x4b8
sub_001C66E8,0x1c66e8,0x1c6b08,0x420
sub_001C6B08,0x1c6b08,0x1c6d30,0x228
sub_001C6D30,0x1c6d30,0x1c7040,0x310
sub_001C7040,0x1c7040,0x1c70f0,0xb0
sub_001C70F0,0x1c70f0,0x1c7258,0x168
sub_001C7258,0x1c7258,0x1c7388,0x130
sub_001C7388,0x1c7388,0x1c75c8,0x240
sub_001C75C8,0x1c75c8,0x1c7620,0x58
sub_001C7620,0x1c7620,0x1c7738,0x118
sub_001C7738,0x1c7738,0x1c78c0,0x188
sub_001C78C0,0x1c78c0,0x1c7be0,0x320
sub_001C7BE0,0x1c7be0,0x1c7c20,0x40
sub_001C7C20,0x1c7c20,0x1c7eb0,0x290
sub_001C7EB0,0x1c7eb0,0x1c8050,0x1a0
sub_001C8050,0x1c8050,0x1c80e8,0x98
sub_001C80E8,0x1c80e8,0x1c8258,0x170
sub_001C8258,0x1c8258,0x1c8320,0xc8
sub_001C8320,0x1c8320,0x1c84a8,0x188
sub_001C84A8,0x1c84a8,0x1c8568,0xc0
sub_001C8568,0x1c8568,0x1c8628,0xc0
sub_001C8628,0x1c8628,0x1c8678,0x50
sub_001C8678,0x1c8678,0x1c8758,0xe0
sub_001C8758,0x1c8758,0x1c88c8,0x170
sub_001C88C8,0x1c88c8,0x1c8930,0x68
sub_001C8930,0x1c8930,0x1c8a38,0x108
sub_001C8A38,0x1c8a38,0x1c9038,0x600
sub_001C9038,0x1c9038,0x1c9210,0x1d8
sub_001C9210,0x1c9210,0x1c93b0,0x1a0
sub_001C93B0,0x1c93b0,0x1c94b0,0x100
sub_001C94B0,0x1c94b0,0x1c9648,0x198
sub_001C9648,0x1c9648,0x1c97e0,0x198
sub_001C97E0,0x1c97e0,0x1c9938,0x158
sub_001C9938,0x1c9938,0x1c9b28,0x1f0
sub_001C9B28,0x1c9b28,0x1c9b68,0x40
sub_001C9B68,0x1c9b68,0x1c9b98,0x30
sub_001C9B98,0x1c9b98,0x1c9cd0,0x138
sub_001C9CD0,0x1c9cd0,0x1ca150,0x480
sub_001CA150,0x1ca150,0x1ca488,0x338
sub_001CA488,0x1ca488,0x1ca4c0,0x38
sub_001CA4C0,0x1ca4c0,0x1ca6a0,0x1e0
sub_001CA6A0,0x1ca6a0,0x1ca8a0,0x200
sub_001CA8A0,0x1ca8a0,0x1ca900,0x60
sub_001CA900,0x1ca900,0x1ca980,0x80
sub_001CA980,0x1ca980,0x1caa18,0x98
sub_001CAA18,0x1caa18,0x1cab10,0xf8
sub_001CAB10,0x1cab10,0x1caba8,0x98
sub_001CABA8,0x1caba8,0x1caf58,0x3b0
sub_001CAF58,0x1caf58,0x1cafc0,0x68
sub_001CAFC0,0x1cafc0,0x1cb030,0x70
sub_001CB030,0x1cb030,0x1cb418,0x3e8
sub_001CB418,0x1cb418,0x1cb500,0xe8
sub_001CB500,0x1cb500,0x1cb650,0x150
sub_001CB650,0x1cb650,0x1cb7f0,0x1a0
sub_001CB7F0,0x1cb7f0,0x1cb9b0,0x1c0
sub_001CB9B0,0x1cb9b0,0x1cbb70,0x1c0
sub_001CBB70,0x1cbb70,0x1cbc48,0xd8
sub_001CBC48,0x1cbc48,0x1cbce8,0xa0
sub_001CBCE8,0x1cbce8,0x1cbdb0,0xc8
sub_001CBDB0,0x1cbdb0,0x1cbf20,0x170
sub_001CBF20,0x1cbf20,0x1cbfc0,0xa0
sub_001CBFC0,0x1cbfc0,0x1cc090,0xd0
sub_001CC090,0x1cc090,0x1cc0e0,0x50
sub_001CC0E0,0x1cc0e0,0x1cc140,0x60
sub_001CC140,0x1cc140,0x1cc190,0x50
sub_001CC190,0x1cc190,0x1cc1e0,0x50
sub_001CC1E0,0x1cc1e0,0x1cc620,0x440
sub_001CC620,0x1cc620,0x1cc6e8,0xc8
sub_001CC6E8,0x1cc6e8,0x1cc7c8,0xe0
sub_001CC7C8,0x1cc7c8,0x1cc848,0x80
sub_001CC848,0x1cc848,0x1cc8d8,0x90
sub_001CC8D8,0x1cc8d8,0x1ccc30,0x358
sub_001CCC30,0x1ccc30,0x1cce98,0x268
sub_001CCE98,0x1cce98,0x1ccf00,0x68
sub_001CCF00,0x1ccf00,0x1ccf70,0x70
sub_001CCF70,0x1ccf70,0x1cd020,0xb0
sub_001CD020,0x1cd020,0x1cd088,0x68
sub_001CD088,0x1cd088,0x1cd0b0,0x28
sub_001CD0B0,0x1cd0b0,0x1cd0d8,0x28
sub_001CD0D8,0x1cd0d8,0x1cd708,0x630
sub_001CD708,0x1cd708,0x1cd9a0,0x298
sub_001CD9A0,0x1cd9a0,0x1ce2a8,0x908
sub_001CE2A8,0x1ce2a8,0x1ce3c8,0x120
sub_001CE3C8,0x1ce3c8,0x1ce408,0x40
sub_001CE408,0x1ce408,0x1ce468,0x60
sub_001CE468,0x1ce468,0x1ce4c8,0x60
sub_001CE4C8,0x1ce4c8,0x1ce520,0x58
sub_001CE520,0x1ce520,0x1ce560,0x40
sub_001CE560,0x1ce560,0x1ce5e0,0x80
sub_001CE5E0,0x1ce5e0,0x1ce6f0,0x110
sub_001CE6F0,0x1ce6f0,0x1ce758,0x68
sub_001CE758,0x1ce758,0x1ce9e0,0x288
sub_001CE9E0,0x1ce9e0,0x1ced90,0x3b0
sub_001CED90,0x1ced90,0x1ceea0,0x110
sub_001CEEA0,0x1ceea0,0x1cfdd0,0xf30
sub_001CFDD0,0x1cfdd0,0x1cfe60,0x90
sub_001CFE60,0x1cfe60,0x1cff10,0xb0
sub_001CFF10,0x1cff10,0x1cfff8,0xe8
sub_001CFFF8,0x1cfff8,0x1d00c0,0xc8
sub_001D00C0,0x1d00c0,0x1d0180,0xc0
sub_001D0180,0x1d0180,0x1d0238,0xb8
sub_001D0238,0x1d0238,0x1d1128,0xef0
sub_001D1128,0x1d1128,0x1d1198,0x70
sub_001D1198,0x1d1198,0x1d11a8,0x10
sub_001D11A8,0x1d11a8,0x1d11f8,0x50
sub_001D11F8,0x1d11f8,0x1d12c8,0xd0
sub_001D12C8,0x1d12c8,0x1d1330,0x68
sub_001D1330,0x1d1330,0x1d1340,0x10
sub_001D1340,0x1d1340,0x1d1390,0x50
sub_001D1390,0x1d1390,0x1d1460,0xd0
sub_001D1460,0x1d1460,0x1d14c8,0x68
sub_001D14C8,0x1d14c8,0x1d14d8,0x10
sub_001D14D8,0x1d14d8,0x1d1528,0x50
sub_001D1528,0x1d1528,0x1d15f8,0xd0
sub_001D15F8,0x1d15f8,0x1d1660,0x68
sub_001D1660,0x1d1660,0x1d1670,0x10
sub_001D1670,0x1d1670,0x1d16c0,0x50
sub_001D16C0,0x1d16c0,0x1d1790,0xd0
sub_001D1790,0x1d1790,0x1d17f8,0x68
sub_001D17F8,0x1d17f8,0x1d1808,0x10
sub_001D1808,0x1d1808,0x1d1858,0x50
sub_001D1858,0x1d1858,0x1d1928,0xd0
sub_001D1928,0x1d1928,0x1d1990,0x68
sub_001D1990,0x1d1990,0x1d1a60,0xd0
sub_001D1A60,0x1d1a60,0x1d1aa0,0x40
sub_001D1AA0,0x1d1aa0,0x1d20d8,0x638
sub_001D20D8,0x1d20d8,0x1d2150,0x78
sub_001D2150,0x1d2150,0x1d2198,0x48
sub_001D2198,0x1d2198,0x1d22f0,0x158
sub_001D22F0,0x1d22f0,0x1d2598,0x2a8
sub_001D2598,0x1d2598,0x1d25e8,0x50
sub_001D25E8,0x1d25e8,0x1d2638,0x50
sub_001D2638,0x1d2638,0x1d2678,0x40
sub_001D2678,0x1d2678,0x1d3160,0xae8
sub_001D3160,0x1d3160,0x1d31c0,0x60
sub_001D31C0,0x1d31c0,0x1d32e0,0x120
sub_001D32E0,0x1d32e0,0x1d3340,0x60
sub_001D3340,0x1d3340,0x1d3780,0x440
sub_001D3780,0x1d3780,0x1d3ec8,0x748
sub_001D3EC8,0x1d3ec8,0x1d3f80,0xb8
sub_001D3F80,0x1d3f80,0x1d4268,0x2e8
sub_001D4268,0x1d4268,0x1d47a0,0x538
sub_001D47A0,0x1d47a0,0x1d4890,0xf0
sub_001D4890,0x1d4890,0x1d4918,0x88
sub_001D4918,0x1d4918,0x1d4a20,0x108
sub_001D4A20,0x1d4a20,0x1d4b20,0x100
sub_001D4B20,0x1d4b20,0x1d4bc8,0xa8
sub_001D4BC8,0x1d4bc8,0x1d4f90,0x3c8
sub_001D4F90,0x1d4f90,0x1d5038,0xa8
sub_001D5038,0x1d5038,0x1d5078,0x40
sub_001D5078,0x1d5078,0x1d50e0,0x68
sub_001D50E0,0x1d50e0,0x1d5138,0x58
sub_001D5138,0x1d5138,0x1d5240,0x108
sub_001D5240,0x1d5240,0x1d5280,0x40
sub_001D5280,0x1d5280,0x1d5330,0xb0
sub_001D5330,0x1d5330,0x1d53b0,0x80
sub_001D53B0,0x1d53b0,0x1d5428,0x78
sub_001D5428,0x1d5428,0x1d5460,0x38
sub_001D5460,0x1d5460,0x1d5488,0x28
sub_001D5488,0x1d5488,0x1d58b8,0x430
sub_001D58B8,0x1d58b8,0x1d64c0,0xc08
sub_001D64C0,0x1d64c0,0x1d7190,0xcd0
sub_001D7190,0x1d7190,0x1d8240,0x10b0
sub_001D8240,0x1d8240,0x1d83a8,0x168
sub_001D83A8,0x1d83a8,0x1d8700,0x358
sub_001D8700,0x1d8700,0x1d8c38,0x538
sub_001D8C38,0x1d8c38,0x1d8de0,0x1a8
sub_001D8DE0,0x1d8de0,0x1d9308,0x528
sub_001D9308,0x1d9308,0x1d97e0,0x4d8
sub_001D97E0,0x1d97e0,0x1d9948,0x168
sub_001D9948,0x1d9948,0x1d99c8,0x80
sub_001D99C8,0x1d99c8,0x1d9a80,0xb8
sub_001D9A80,0x1d9a80,0x1d9bd0,0x150
sub_001D9BD0,0x1d9bd0,0x1d9ca8,0xd8
sub_001D9CA8,0x1d9ca8,0x1d9d18,0x70
sub_001D9D18,0x1d9d18,0x1d9d48,0x30
sub_001D9D48,0x1d9d48,0x1da110,0x3c8
sub_001DA110,0x1da110,0x1da4a8,0x398
sub_001DA4A8,0x1da4a8,0x1da510,0x68
sub_001DA510,0x1da510,0x1da528,0x18
sub_001DA528,0x1da528,0x1da530,0x8
sub_001DA530,0x1da530,0x1da648,0x118
sub_001DA648,0x1da648,0x1da7e8,0x1a0
sub_001DA7E8,0x1da7e8,0x1da988,0x1a0
sub_001DA988,0x1da988,0x1daac8,0x140
sub_001DAAC8,0x1daac8,0x1dabd0,0x108
sub_001DABD0,0x1dabd0,0x1dacb8,0xe8
sub_001DACB8,0x1dacb8,0x1dae20,0x168
sub_001DAE20,0x1dae20,0x1daf08,0xe8
sub_001DAF08,0x1daf08,0x1db028,0x120
sub_001DB028,0x1db028,0x1db148,0x120
sub_001DB148,0x1db148,0x1db2b0,0x168
sub_001DB2B0,0x1db2b0,0x1db330,0x80
sub_001DB330,0x1db330,0x1db418,0xe8
sub_001DB418,0x1db418,0x1db528,0x110
sub_001DB528,0x1db528,0x1db620,0xf8
sub_001DB620,0x1db620,0x1db718,0xf8
sub_001DB718,0x1db718,0x1db778,0x60
sub_001DB778,0x1db778,0x1db918,0x1a0
sub_001DB918,0x1db918,0x1dbab8,0x1a0
sub_001DBAB8,0x1dbab8,0x1dbad8,0x20
sub_001DBAD8,0x1dbad8,0x1dbb20,0x48
sub_001DBB20,0x1dbb20,0x1dbb48,0x28
sub_001DBB48,0x1dbb48,0x1dbb90,0x48
sub_001DBB90,0x1dbb90,0x1dbbc0,0x30
sub_001DBBC0,0x1dbbc0,0x1dbbe8,0x28
sub_001DBBE8,0x1dbbe8,0x1dbc10,0x28
sub_001DBC10,0x1dbc10,0x1dbc38,0x28
sub_001DBC38,0x1dbc38,0x1dbc68,0x30
sub_001DBC68,0x1dbc68,0x1dbc98,0x30
sub_001DBC98,0x1dbc98,0x1dc900,0xc68
sub_001DC900,0x1dc900,0x1dc930,0x30
sub_001DC930,0x1dc930,0x1dc938,0x8
sub_001DC938,0x1dc938,0x1dc940,0x8
sub_001DC940,0x1dc940,0x1dc990,0x50
sub_001DC990,0x1dc990,0x1dc9d0,0x40
sub_001DC9D0,0x1dc9d0,0x1dca40,0x70
sub_001DCA40,0x1dca40,0x1dca80,0x40
sub_001DCA80,0x1dca80,0x1dcac0,0x40
sub_001DCAC0,0x1dcac0,0x1dcaf0,0x30
sub_001DCAF0,0x1dcaf0,0x1dcbd8,0xe8
sub_001DCBD8,0x1dcbd8,0x1dcc08,0x30
sub_001DCC08,0x1dcc08,0x1dcc38,0x30
sub_001DCC38,0x1dcc38,0x1dcc40,0x8
sub_001DCC40,0x1dcc40,0x1dcc78,0x38
sub_001DCC78,0x1dcc78,0x1dcca8,0x30
sub_001DCCA8,0x1dcca8,0x1dccf8,0x50
sub_001DCCF8,0x1dccf8,0x1dcd00,0x8
sub_001DCD00,0x1dcd00,0x1dcd58,0x58
sub_001DCD58,0x1dcd58,0x1dcda0,0x48
sub_001DCDA0,0x1dcda0,0x1dce20,0x80
sub_001DCE20,0x1dce20,0x1dcea0,0x80
sub_001DCEA0,0x1dcea0,0x1dd0c8,0x228
sub_001DD0C8,0x1dd0c8,0x1dd580,0x4b8
sub_001DD580,0x1dd580,0x1dfac8,0x2548
sub_001DFAC8,0x1dfac8,0x1e1090,0x15c8
sub_001E1090,0x1e1090,0x1e10b8,0x28
sub_001E10B8,0x1e10b8,0x1e10e8,0x30
sub_001E10E8,0x1e10e8,0x1e10f0,0x8
sub_001E10F0,0x1e10f0,0x1e10f8,0x8
sub_001E10F8,0x1e10f8,0x1e1100,0x8
sub_001E1100,0x1e1100,0x1e1108,0x8
sub_001E1108,0x1e1108,0x1e1138,0x30
sub_001E1138,0x1e1138,0x1e1140,0x8
sub_001E1140,0x1e1140,0x1e1148,0x8
sub_001E1148,0x1e1148,0x1e1150,0x8
sub_001E1150,0x1e1150,0x1e1158,0x8
sub_001E1158,0x1e1158,0x1e1160,0x8
sub_001E1160,0x1e1160,0x1e1168,0x8
sub_001E1168,0x1e1168,0x1e1170,0x8
sub_001E1170,0x1e1170,0x1e1178,0x8
sub_001E1178,0x1e1178,0x1e1180,0x8
sub_001E1180,0x1e1180,0x1e1188,0x8
sub_001E1188,0x1e1188,0x1e1190,0x8
sub_001E1190,0x1e1190,0x1e1198,0x8
sub_001E1198,0x1e1198,0x1e11a0,0x8
sub_001E11A0,0x1e11a0,0x1e11a8,0x8
sub_001E11A8,0x1e11a8,0x1e11b0,0x8
sub_001E11B0,0x1e11b0,0x1e11b8,0x8
sub_001E11B8,0x1e11b8,0x1e11c0,0x8
sub_001E11C0,0x1e11c0,0x1e11c8,0x8
sub_001E11C8,0x1e11c8,0x1e11d0,0x8
sub_001E11D0,0x1e11d0,0x1e11d8,0x8
sub_001E11D8,0x1e11d8,0x1e11e0,0x8
sub_001E11E0,0x1e11e0,0x1e11e8,0x8
sub_001E11E8,0x1e11e8,0x1e11f0,0x8
sub_001E11F0,0x1e11f0,0x1e11f8,0x8
sub_001E11F8,0x1e11f8,0x1e1200,0x8
sub_001E1200,0x1e1200,0x1e1208,0x8
sub_001E1208,0x1e1208,0x1e1210,0x8
sub_001E1210,0x1e1210,0x1e1218,0x8
sub_001E1218,0x1e1218,0x1e1220,0x8
sub_001E1220,0x1e1220,0x1e1228,0x8
sub_001E1228,0x1e1228,0x1e1230,0x8
sub_001E1230,0x1e1230,0x1e1238,0x8
sub_001E1238,0x1e1238,0x1e1240,0x8
sub_001E1240,0x1e1240,0x1e1248,0x8
sub_001E1248,0x1e1248,0x1e1280,0x38
sub_001E1280,0x1e1280,0x1e1288,0x8
sub_001E1288,0x1e1288,0x1e1290,0x8
sub_001E1290,0x1e1290,0x1e1298,0x8
sub_001E1298,0x1e1298,0x1e12a0,0x8
sub_001E12A0,0x1e12a0,0x1e12a8,0x8
sub_001E12A8,0x1e12a8,0x1e12b0,0x8
sub_001E12B0,0x1e12b0,0x1e12d0,0x20
sub_001E12D0,0x1e12d0,0x1e12f0,0x20
sub_001E12F0,0x1e12f0,0x1e1458,0x168
sub_001E1458,0x1e1458,0x1e14c0,0x68
sub_001E14C0,0x1e14c0,0x1e1548,0x88
sub_001E1548,0x1e1548,0x1e1550,0x8
sub_001E1550,0x1e1550,0x1e1a30,0x4e0
sub_001E1A30,0x1e1a30,0x1e1ad0,0xa0
sub_001E1AD0,0x1e1ad0,0x1e1c10,0x140
sub_001E1C10,0x1e1c10,0x1e1dd0,0x1c0
sub_001E1DD0,0x1e1dd0,0x1e1eb8,0xe8
sub_001E1EB8,0x1e1eb8,0x1e20d0,0x218
sub_001E20D0,0x1e20d0,0x1e2220,0x150
sub_001E2220,0x1e2220,0x1e2370,0x150
sub_001E2370,0x1e2370,0x1e2428,0xb8
sub_001E2428,0x1e2428,0x1e2518,0xf0
sub_001E2518,0x1e2518,0x1e2578,0x60
sub_001E2578,0x1e2578,0x1e25d8,0x60
sub_001E25D8,0x1e25d8,0x1e2648,0x70
sub_001E2648,0x1e2648,0x1e2828,0x1e0
sub_001E2828,0x1e2828,0x1e2a08,0x1e0
sub_001E2A08,0x1e2a08,0x1e2b38,0x130
sub_001E2B38,0x1e2b38,0x1e2bb8,0x80
sub_001E2BB8,0x1e2bb8,0x1e2c80,0xc8
sub_001E2C80,0x1e2c80,0x1e2d58,0xd8
sub_001E2D58,0x1e2d58,0x1e2dc0,0x68
sub_001E2DC0,0x1e2dc0,0x1e2ea0,0xe0
sub_001E2EA0,0x1e2ea0,0x1e2fe0,0x140
sub_001E2FE0,0x1e2fe0,0x1e3100,0x120
sub_001E3100,0x1e3100,0x1e31b8,0xb8
sub_001E31B8,0x1e31b8,0x1e3268,0xb0
sub_001E3268,0x1e3268,0x1e32c8,0x60
sub_001E32C8,0x1e32c8,0x1e3388,0xc0
sub_001E3388,0x1e3388,0x1e33e8,0x60
sub_001E33E8,0x1e33e8,0x1e3408,0x20
sub_001E3408,0x1e3408,0x1e3460,0x58
sub_001E3460,0x1e3460,0x1e34d8,0x78
sub_001E34D8,0x1e34d8,0x1e3510,0x38
sub_001E3510,0x1e3510,0x1e3570,0x60
sub_001E3570,0x1e3570,0x1e3620,0xb0
sub_001E3620,0x1e3620,0x1e3650,0x30
sub_001E3650,0x1e3650,0x1e3680,0x30
sub_001E3680,0x1e3680,0x1e3760,0xe0
sub_001E3760,0x1e3760,0x1e38b8,0x158
sub_001E38B8,0x1e38b8,0x1e39f8,0x140
sub_001E39F8,0x1e39f8,0x1e3a30,0x38
sub_001E3A30,0x1e3a30,0x1e3a78,0x48
sub_001E3A78,0x1e3a78,0x1e3c00,0x188
sub_001E3C00,0x1e3c00,0x1e4458,0x858
sub_001E4458,0x1e4458,0x1e4578,0x120
sub_001E4578,0x1e4578,0x1e4610,0x98
sub_001E4610,0x1e4610,0x1e4658,0x48
sub_001E4658,0x1e4658,0x1e4758,0x100
sub_001E4758,0x1e4758,0x1e4840,0xe8
sub_001E4840,0x1e4840,0x1e4878,0x38
sub_001E4878,0x1e4878,0x1e48b0,0x38
sub_001E48B0,0x1e48b0,0x1e4b80,0x2d0
sub_001E4B80,0x1e4b80,0x1e4c78,0xf8
sub_001E4C78,0x1e4c78,0x1e4f70,0x2f8
sub_001E4F70,0x1e4f70,0x1e50c8,0x158
sub_001E50C8,0x1e50c8,0x1e5148,0x80
sub_001E5148,0x1e5148,0x1e51d0,0x88
sub_001E51D0,0x1e51d0,0x1e5428,0x258
sub_001E5428,0x1e5428,0x1e55d0,0x1a8
sub_001E55D0,0x1e55d0,0x1e5638,0x68
sub_001E5638,0x1e5638,0x1e5780,0x148
sub_001E5780,0x1e5780,0x1e5aa0,0x320
sub_001E5AA0,0x1e5aa0,0x1e8fc0,0x3520
sub_001E8FC0,0x1e8fc0,0x1e91a8,0x1e8
sub_001E91A8,0x1e91a8,0x1e91d0,0x28
sub_001E91D0,0x1e91d0,0x1e91f8,0x28
sub_001E91F8,0x1e91f8,0x1e9220,0x28
sub_001E9220,0x1e9220,0x1e9290,0x70
sub_001E9290,0x1e9290,0x1e92a8,0x18
sub_001E92A8,0x1e92a8,0x1e94e0,0x238
sub_001E94E0,0x1e94e0,0x1e9540,0x60
sub_001E9540,0x1e9540,0x1e95a0,0x60
sub_001E95A0,0x1e95a0,0x1e9a30,0x490
sub_001E9A30,0x1e9a30,0x1f10f8,0x76c8
sub_001F10F8,0x1f10f8,0x1f1190,0x98
sub_001F1190,0x1f1190,0x1f1338,0x1a8
sub_001F1338,0x1f1338,0x1f14b0,0x178
sub_001F14B0,0x1f14b0,0x1f16c0,0x210
sub_001F16C0,0x1f16c0,0x1f1840,0x180
sub_001F1840,0x1f1840,0x1f1b30,0x2f0
sub_001F1B30,0x1f1b30,0x1f1e28,0x2f8
sub_001F1E28,0x1f1e28,0x1f22e8,0x4c0
sub_001F22E8,0x1f22e8,0x1f2aa0,0x7b8
sub_001F2AA0,0x1f2aa0,0x1f2db0,0x310
sub_001F2DB0,0x1f2db0,0x1f30c0,0x310
sub_001F30C0,0x1f30c0,0x1f30d8,0x18
sub_001F30D8,0x1f30d8,0x1f3170,0x98
sub_001F3170,0x1f3170,0x1f3188,0x18
sub_001F3188,0x1f3188,0x1f31e0,0x58
sub_001F31E0,0x1f31e0,0x1f36c0,0x4e0
sub_001F36C0,0x1f36c0,0x1f36d8,0x18
sub_001F36D8,0x1f36d8,0x1f3700,0x28
sub_001F3700,0x1f3700,0x1f3ff8,0x8f8
sub_001F3FF8,0x1f3ff8,0x1f4728,0x730
sub_001F4728,0x1f4728,0x1f4ea8,0x780
sub_001F4EA8,0x1f4ea8,0x1f4fc0,0x118
sub_001F4FC0,0x1f4fc0,0x1f50b0,0xf0
sub_001F50B0,0x1f50b0,0x1f5240,0x190
sub_001F5240,0x1f5240,0x1f52a0,0x60
sub_001F52A0,0x1f52a0,0x1f5300,0x60
sub_001F5300,0x1f5300,0x1f54b0,0x1b0
sub_001F54B0,0x1f54b0,0x1f5a38,0x588
sub_001F5A38,0x1f5a38,0x1f5ba8,0x170
sub_001F5BA8,0x1f5ba8,0x1f5da0,0x1f8
sub_001F5DA0,0x1f5da0,0x1f60e0,0x340
sub_001F60E0,0x1f60e0,0x1f6490,0x3b0
sub_001F6490,0x1f6490,0x1f6840,0x3b0
sub_001F6840,0x1f6840,0x1f6890,0x50
sub_001F6890,0x1f6890,0x1f6f30,0x6a0
sub_001F6F30,0x1f6f30,0x1f7198,0x268
sub_001F7198,0x1f7198,0x1f7210,0x78
sub_001F7210,0x1f7210,0x1f7298,0x88
sub_001F7298,0x1f7298,0x1f72b8,0x20
sub_001F72B8,0x1f72b8,0x1f72e0,0x28
sub_001F72E0,0x1f72e0,0x1f73a8,0xc8
sub_001F73A8,0x1f73a8,0x1f7418,0x70
sub_001F7418,0x1f7418,0x1f74e0,0xc8
sub_001F74E0,0x1f74e0,0x1f7548,0x68
sub_001F7548,0x1f7548,0x1f7590,0x48
sub_001F7590,0x1f7590,0x1f75a0,0x10
sub_001F75A0,0x1f75a0,0x1f76b8,0x118
sub_001F76B8,0x1f76b8,0x1f7738,0x80
sub_001F7738,0x1f7738,0x1f8168,0xa30
sub_001F8168,0x1f8168,0x1f8df8,0xc90
sub_001F8DF8,0x1f8df8,0x1faff8,0x2200
sub_001FAFF8,0x1faff8,0x1fb180,0x188
sub_001FB180,0x1fb180,0x1fb218,0x98
sub_001FB218,0x1fb218,0x1fb2b8,0xa0
sub_001FB2B8,0x1fb2b8,0x1fb378,0xc0
sub_001FB378,0x1fb378,0x1fb458,0xe0
sub_001FB458,0x1fb458,0x1fb588,0x130
sub_001FB588,0x1fb588,0x1fd190,0x1c08
sub_001FD190,0x1fd190,0x1fdbf0,0xa60
sub_001FDBF0,0x1fdbf0,0x1fe968,0xd78
sub_001FE968,0x1fe968,0x1ff7b8,0xe50
sub_001FF7B8,0x1ff7b8,0x1ffd08,0x550
sub_001FFD08,0x1ffd08,0x200388,0x680
sub_00200388,0x200388,0x2006b8,0x330
sub_002006B8,0x2006b8,0x200700,0x48
sub_00200700,0x200700,0x2009d0,0x2d0
sub_002009D0,0x2009d0,0x200a70,0xa0
sub_00200A70,0x200a70,0x200ac0,0x50
sub_00200AC0,0x200ac0,0x200af0,0x30
sub_00200AF0,0x200af0,0x200b50,0x60
sub_00200B50,0x200b50,0x200d00,0x1b0
sub_00200D00,0x200d00,0x200de8,0xe8
sub_00200DE8,0x200de8,0x201720,0x938
sub_00201720,0x201720,0x201750,0x30
sub_00201750,0x201750,0x201868,0x118
sub_00201868,0x201868,0x2018a8,0x40
sub_002018A8,0x2018a8,0x202738,0xe90
sub_00202738,0x202738,0x202768,0x30
sub_00202768,0x202768,0x202770,0x8
sub_00202770,0x202770,0x202828,0xb8
sub_00202828,0x202828,0x202ad8,0x2b0
sub_00202AD8,0x202ad8,0x2030a0,0x5c8
sub_002030A0,0x2030a0,0x203990,0x8f0
sub_00203990,0x203990,0x203a58,0xc8
sub_00203A58,0x203a58,0x203cb8,0x260
sub_00203CB8,0x203cb8,0x203d40,0x88
sub_00203D40,0x203d40,0x204ff0,0x12b0
sub_00204FF0,0x204ff0,0x205098,0xa8
sub_00205098,0x205098,0x206690,0x15f8
sub_00206690,0x206690,0x207430,0xda0
sub_00207430,0x207430,0x2083d8,0xfa8
sub_002083D8,0x2083d8,0x208438,0x60
sub_00208438,0x208438,0x208bb8,0x780
sub_00208BB8,0x208bb8,0x208f10,0x358
sub_00208F10,0x208f10,0x208f88,0x78
sub_00208F88,0x208f88,0x2095e8,0x660
sub_002095E8,0x2095e8,0x209648,0x60
sub_00209648,0x209648,0x2096a8,0x60
sub_002096A8,0x2096a8,0x209970,0x2c8
sub_00209970,0x209970,0x209e78,0x508
sub_00209E78,0x209e78,0x20a088,0x210
sub_0020A088,0x20a088,0x20a1a8,0x120
sub_0020A1A8,0x20a1a8,0x20a380,0x1d8
sub_0020A380,0x20a380,0x20a430,0xb0
sub_0020A430,0x20a430,0x20a4e0,0xb0
sub_0020A4E0,0x20a4e0,0x20a6a8,0x1c8
sub_0020A6A8,0x20a6a8,0x20a6f0,0x48
sub_0020A6F0,0x20a6f0,0x20a8b0,0x1c0
sub_0020A8B0,0x20a8b0,0x20a8f8,0x48
sub_0020A8F8,0x20a8f8,0x20ab50,0x258
sub_0020AB50,0x20ab50,0x20ca10,0x1ec0
sub_0020CA10,0x20ca10,0x20cba0,0x190
sub_0020CBA0,0x20cba0,0x20cbe8,0x48
sub_0020CBE8,0x20cbe8,0x20cc60,0x78
sub_0020CC60,0x20cc60,0x20ccf8,0x98
sub_0020CCF8,0x20ccf8,0x20cfd0,0x2d8
sub_0020CFD0,0x20cfd0,0x20d110,0x140
sub_0020D110,0x20d110,0x20d190,0x80
sub_0020D190,0x20d190,0x20d1d8,0x48
sub_0020D1D8,0x20d1d8,0x20e6b0,0x14d8
sub_0020E6B0,0x20e6b0,0x20e818,0x168
sub_0020E818,0x20e818,0x20e8e0,0xc8
sub_0020E8E0,0x20e8e0,0x20e900,0x20
sub_0020E900,0x20e900,0x20eaa0,0x1a0
sub_0020EAA0,0x20eaa0,0x20eb08,0x68
sub_0020EB08,0x20eb08,0x20eb50,0x48
sub_0020EB50,0x20eb50,0x20ec18,0xc8
sub_0020EC18,0x20ec18,0x20ed20,0x108
sub_0020ED20,0x20ed20,0x20eda0,0x80
sub_0020EDA0,0x20eda0,0x20fb40,0xda0
sub_0020FB40,0x20fb40,0x2105b0,0xa70
sub_002105B0,0x2105b0,0x2105d0,0x20
sub_002105D0,0x2105d0,0x210608,0x38
sub_00210608,0x210608,0x210618,0x10
sub_00210618,0x210618,0x210820,0x208
sub_00210820,0x210820,0x2108f8,0xd8
sub_002108F8,0x2108f8,0x210bd8,0x2e0
sub_00210BD8,0x210bd8,0x210d20,0x148
sub_00210D20,0x210d20,0x210df0,0xd0
sub_00210DF0,0x210df0,0x210f40,0x150
sub_00210F40,0x210f40,0x210fa0,0x60
sub_00210FA0,0x210fa0,0x211088,0xe8
sub_00211088,0x211088,0x2111a0,0x118
sub_002111A0,0x2111a0,0x211220,0x80
sub_00211220,0x211220,0x211270,0x50
sub_00211270,0x211270,0x211380,0x110
sub_00211380,0x211380,0x212080,0xd00
sub_00212080,0x212080,0x212138,0xb8
sub_00212138,0x212138,0x212360,0x228
sub_00212360,0x212360,0x2127e8,0x488
sub_002127E8,0x2127e8,0x21c6d8,0x9ef0
sub_0021C6D8,0x21c6d8,0x21c700,0x28
sub_0021C700,0x21c700,0x21c708,0x8
sub_0021C708,0x21c708,0x21c798,0x90
sub_0021C798,0x21c798,0x21c828,0x90
sub_0021C828,0x21c828,0x21c848,0x20
sub_0021C848,0x21c848,0x21c870,0x28
sub_0021C870,0x21c870,0x21c900,0x90
sub_0021C900,0x21c900,0x21c928,0x28
sub_0021C928,0x21c928,0x21c9c0,0x98
sub_0021C9C0,0x21c9c0,0x21c9e8,0x28
sub_0021C9E8,0x21c9e8,0x21ca10,0x28
sub_0021CA10,0x21ca10,0x21ca38,0x28
sub_0021CA38,0x21ca38,0x21ca60,0x28
sub_0021CA60,0x21ca60,0x21ca88,0x28
sub_0021CA88,0x21ca88,0x21cae0,0x58
sub_0021CAE0,0x21cae0,0x21cb40,0x60
sub_0021CB40,0x21cb40,0x21cb68,0x28
sub_0021CB68,0x21cb68,0x21cb70,0x8
sub_0021CB70,0x21cb70,0x21cc40,0xd0
sub_0021CC40,0x21cc40,0x21ccc8,0x88
sub_0021CCC8,0x21ccc8,0x21cce0,0x18
sub_0021CCE0,0x21cce0,0x21cd70,0x90
sub_0021CD70,0x21cd70,0x21ce00,0x90
sub_0021CE00,0x21ce00,0x21ce90,0x90
sub_0021CE90,0x21ce90,0x21cf38,0xa8
sub_0021CF38,0x21cf38,0x21cfe0,0xa8
sub_0021CFE0,0x21cfe0,0x21d138,0x158
sub_0021D138,0x21d138,0x21d1a0,0x68
sub_0021D1A0,0x21d1a0,0x21d9a0,0x800
sub_0021D9A0,0x21d9a0,0x21e1b0,0x810
sub_0021E1B0,0x21e1b0,0x21e750,0x5a0
sub_0021E750,0x21e750,0x21e7a8,0x58
sub_0021E7A8,0x21e7a8,0x21e7e0,0x38
sub_0021E7E0,0x21e7e0,0x21ea00,0x220
sub_0021EA00,0x21ea00,0x21ed48,0x348
sub_0021ED48,0x21ed48,0x21f338,0x5f0
sub_0021F338,0x21f338,0x21f660,0x328
sub_0021F660,0x21f660,0x21f9b0,0x350
sub_0021F9B0,0x21f9b0,0x21fd38,0x388
sub_0021FD38,0x21fd38,0x2200c0,0x388
sub_002200C0,0x2200c0,0x2204a0,0x3e0
sub_002204A0,0x2204a0,0x220ad0,0x630
sub_00220AD0,0x220ad0,0x220d70,0x2a0
sub_00220D70,0x220d70,0x220dd0,0x60
sub_00220DD0,0x220dd0,0x220e30,0x60
sub_00220E30,0x220e30,0x220e90,0x60
sub_00220E90,0x220e90,0x220eb8,0x28
sub_00220EB8,0x220eb8,0x221018,0x160
sub_00221018,0x221018,0x221110,0xf8
sub_00221110,0x221110,0x221138,0x28
sub_00221138,0x221138,0x221298,0x160
sub_00221298,0x221298,0x2212c0,0x28
sub_002212C0,0x2212c0,0x2213d8,0x118
sub_002213D8,0x2213d8,0x221400,0x28
sub_00221400,0x221400,0x2214d0,0xd0
sub_002214D0,0x2214d0,0x2215c8,0xf8
sub_002215C8,0x2215c8,0x2216c8,0x100
sub_002216C8,0x2216c8,0x2217c8,0x100
sub_002217C8,0x2217c8,0x2218c8,0x100
sub_002218C8,0x2218c8,0x2219c8,0x100
sub_002219C8,0x2219c8,0x221ac8,0x100
sub_00221AC8,0x221ac8,0x221bc8,0x100
sub_00221BC8,0x221bc8,0x221bf0,0x28
sub_00221BF0,0x221bf0,0x221d58,0x168
sub_00221D58,0x221d58,0x221d80,0x28
sub_00221D80,0x221d80,0x221d88,0x8
sub_00221D88,0x221d88,0x221df0,0x68
sub_00221DF0,0x221df0,0x221e80,0x90
sub_00221E80,0x221e80,0x221f10,0x90
sub_00221F10,0x221f10,0x221fa0,0x90
sub_00221FA0,0x221fa0,0x222030,0x90
sub_00222030,0x222030,0x222098,0x68
sub_00222098,0x222098,0x2221c8,0x130
sub_002221C8,0x2221c8,0x2221f0,0x28
sub_002221F0,0x2221f0,0x222280,0x90
sub_00222280,0x222280,0x2222a8,0x28
sub_002222A8,0x2222a8,0x2222b0,0x8
sub_002222B0,0x2222b0,0x2223c0,0x110
sub_002223C0,0x2223c0,0x222428,0x68
sub_00222428,0x222428,0x2224a0,0x78
sub_002224A0,0x2224a0,0x2224a8,0x8
sub_002224A8,0x2224a8,0x2224b8,0x10
sub_002224B8,0x2224b8,0x222648,0x190
sub_00222648,0x222648,0x2227d0,0x188
sub_002227D0,0x2227d0,0x224c00,0x2430
sub_00224C00,0x224c00,0x224c78,0x78
sub_00224C78,0x224c78,0x224d00,0x88
sub_00224D00,0x224d00,0x224da0,0xa0
sub_00224DA0,0x224da0,0x224df0,0x50
sub_00224DF0,0x224df0,0x224e50,0x60
sub_00224E50,0x224e50,0x224f30,0xe0
sub_00224F30,0x224f30,0x224f68,0x38
sub_00224F68,0x224f68,0x225068,0x100
sub_00225068,0x225068,0x225248,0x1e0
sub_00225248,0x225248,0x225338,0xf0
sub_00225338,0x225338,0x2257e0,0x4a8
sub_002257E0,0x2257e0,0x2259a8,0x1c8
sub_002259A8,0x2259a8,0x225b90,0x1e8
sub_00225B90,0x225b90,0x225be8,0x58
sub_00225BE8,0x225be8,0x225ca0,0xb8
sub_00225CA0,0x225ca0,0x225de8,0x148
sub_00225DE8,0x225de8,0x226600,0x818
sub_00226600,0x226600,0x226610,0x10
sub_00226610,0x226610,0x226618,0x8
sub_00226618,0x226618,0x226620,0x8
sub_00226620,0x226620,0x226628,0x8
sub_00226628,0x226628,0x2267f0,0x1c8
sub_002267F0,0x2267f0,0x226810,0x20
sub_00226810,0x226810,0x226830,0x20
sub_00226830,0x226830,0x226b60,0x330
sub_00226B60,0x226b60,0x227bf0,0x1090
sub_00227BF0,0x227bf0,0x227e68,0x278
sub_00227E68,0x227e68,0x227e98,0x30
sub_00227E98,0x227e98,0x227f58,0xc0
sub_00227F58,0x227f58,0x227f80,0x28
sub_00227F80,0x227f80,0x2281d8,0x258
sub_002281D8,0x2281d8,0x228238,0x60
sub_00228238,0x228238,0x2282d0,0x98
sub_002282D0,0x2282d0,0x228a78,0x7a8
sub_00228A78,0x228a78,0x228c08,0x190
sub_00228C08,0x228c08,0x228ee0,0x2d8
sub_00228EE0,0x228ee0,0x229180,0x2a0
sub_00229180,0x229180,0x229278,0xf8
sub_00229278,0x229278,0x2292e0,0x68
sub_002292E0,0x2292e0,0x229398,0xb8
sub_00229398,0x229398,0x229408,0x70
sub_00229408,0x229408,0x229498,0x90
sub_00229498,0x229498,0x2294c8,0x30
sub_002294C8,0x2294c8,0x229530,0x68
sub_00229530,0x229530,0x229738,0x208
sub_00229738,0x229738,0x229788,0x50
sub_00229788,0x229788,0x2297d8,0x50
sub_002297D8,0x2297d8,0x229820,0x48
sub_00229820,0x229820,0x229910,0xf0
sub_00229910,0x229910,0x229b90,0x280
sub_00229B90,0x229b90,0x229ba8,0x18
sub_00229BA8,0x229ba8,0x229e20,0x278
sub_00229E20,0x229e20,0x229e58,0x38
sub_00229E58,0x229e58,0x229f30,0xd8
sub_00229F30,0x229f30,0x229f80,0x50
sub_00229F80,0x229f80,0x229f88,0x8
sub_00229F88,0x229f88,0x229fc8,0x40
sub_00229FC8,0x229fc8,0x22a128,0x160
sub_0022A128,0x22a128,0x22a270,0x148
sub_0022A270,0x22a270,0x22a368,0xf8
sub_0022A368,0x22a368,0x22a408,0xa0
sub_0022A408,0x22a408,0x22a4a8,0xa0
sub_0022A4A8,0x22a4a8,0x22a5a0,0xf8
sub_0022A5A0,0x22a5a0,0x22a698,0xf8
sub_0022A698,0x22a698,0x22a770,0xd8
sub_0022A770,0x22a770,0x22a830,0xc0
sub_0022A830,0x22a830,0x22add8,0x5a8
sub_0022ADD8,0x22add8,0x22c078,0x12a0
sub_0022C078,0x22c078,0x22c1b0,0x138
sub_0022C1B0,0x22c1b0,0x22c3b8,0x208
sub_0022C3B8,0x22c3b8,0x22c410,0x58
sub_0022C410,0x22c410,0x22c620,0x210
sub_0022C620,0x22c620,0x22c708,0xe8
sub_0022C708,0x22c708,0x22c790,0x88
sub_0022C790,0x22c790,0x22c830,0xa0
sub_0022C830,0x22c830,0x22cce8,0x4b8
sub_0022CCE8,0x22cce8,0x22cd18,0x30
sub_0022CD18,0x22cd18,0x22cd40,0x28
sub_0022CD40,0x22cd40,0x22cea8,0x168
sub_0022CEA8,0x22cea8,0x22d088,0x1e0
sub_0022D088,0x22d088,0x22d278,0x1f0
sub_0022D278,0x22d278,0x22d390,0x118
sub_0022D390,0x22d390,0x22d3d8,0x48
sub_0022D3D8,0x22d3d8,0x22d478,0xa0
sub_0022D478,0x22d478,0x22d598,0x120
sub_0022D598,0x22d598,0x22d640,0xa8
sub_0022D640,0x22d640,0x22d668,0x28
sub_0022D668,0x22d668,0x22d6c8,0x60
sub_0022D6C8,0x22d6c8,0x22d8d8,0x210
sub_0022D8D8,0x22d8d8,0x22de58,0x580
sub_0022DE58,0x22de58,0x22de98,0x40
sub_0022DE98,0x22de98,0x22df50,0xb8
sub_0022DF50,0x22df50,0x22dfd0,0x80
sub_0022DFD0,0x22dfd0,0x22dff0,0x20
sub_0022DFF0,0x22dff0,0x22e078,0x88
sub_0022E078,0x22e078,0x22e098,0x20
sub_0022E098,0x22e098,0x22e0c8,0x30
sub_0022E0C8,0x22e0c8,0x22e0e0,0x18
sub_0022E0E0,0x22e0e0,0x22e180,0xa0
sub_0022E180,0x22e180,0x22e228,0xa8
sub_0022E228,0x22e228,0x22e278,0x50
sub_0022E278,0x22e278,0x22e288,0x10
sub_0022E288,0x22e288,0x22e298,0x10
sub_0022E298,0x22e298,0x22e348,0xb0
sub_0022E348,0x22e348,0x22e360,0x18
sub_0022E360,0x22e360,0x22e3b8,0x58
sub_0022E3B8,0x22e3b8,0x22e550,0x198
sub_0022E550,0x22e550,0x22e730,0x1e0
sub_0022E730,0x22e730,0x22e7c8,0x98
sub_0022E7C8,0x22e7c8,0x22e840,0x78
sub_0022E840,0x22e840,0x22e8b8,0x78
sub_0022E8B8,0x22e8b8,0x22e920,0x68
sub_0022E920,0x22e920,0x22e968,0x48
sub_0022E968,0x22e968,0x22f6b0,0xd48
sub_0022F6B0,0x22f6b0,0x2300f0,0xa40
sub_002300F0,0x2300f0,0x230180,0x90
sub_00230180,0x230180,0x2302a8,0x128
sub_002302A8,0x2302a8,0x230338,0x90
sub_00230338,0x230338,0x230360,0x28
sub_00230360,0x230360,0x230430,0xd0
sub_00230430,0x230430,0x230488,0x58
sub_00230488,0x230488,0x2305c8,0x140
sub_002305C8,0x2305c8,0x230640,0x78
sub_00230640,0x230640,0x230698,0x58
sub_00230698,0x230698,0x2306a8,0x10
sub_002306A8,0x2306a8,0x230f40,0x898
sub_00230F40,0x230f40,0x231250,0x310
sub_00231250,0x231250,0x231278,0x28
sub_00231278,0x231278,0x2312d8,0x60
sub_002312D8,0x2312d8,0x231320,0x48
sub_00231320,0x231320,0x231840,0x520
sub_00231840,0x231840,0x231ab8,0x278
sub_00231AB8,0x231ab8,0x231c70,0x1b8
sub_00231C70,0x231c70,0x231cb0,0x40
sub_00231CB0,0x231cb0,0x231cd0,0x20
sub_00231CD0,0x231cd0,0x231cf0,0x20
sub_00231CF0,0x231cf0,0x231d18,0x28
sub_00231D18,0x231d18,0x231d60,0x48
sub_00231D60,0x231d60,0x231f80,0x220
sub_00231F80,0x231f80,0x231fc0,0x40
sub_00231FC0,0x231fc0,0x232328,0x368
sub_00232328,0x232328,0x232720,0x3f8
sub_00232720,0x232720,0x232738,0x18
sub_00232738,0x232738,0x232ae0,0x3a8
sub_00232AE0,0x232ae0,0x233048,0x568
sub_00233048,0x233048,0x233640,0x5f8
sub_00233640,0x233640,0x233aa0,0x460
sub_00233AA0,0x233aa0,0x233af0,0x50
sub_00233AF0,0x233af0,0x233b28,0x38
sub_00233B28,0x233b28,0x233b90,0x68
sub_00233B90,0x233b90,0x233bb0,0x20
sub_00233BB0,0x233bb0,0x233bd0,0x20
sub_00233BD0,0x233bd0,0x233bf0,0x20
sub_00233BF0,0x233bf0,0x233c10,0x20
sub_00233C10,0x233c10,0x2340b8,0x4a8
sub_002340B8,0x2340b8,0x234120,0x68
sub_00234120,0x234120,0x234188,0x68
sub_00234188,0x234188,0x234910,0x788
sub_00234910,0x234910,0x234990,0x80
sub_00234990,0x234990,0x234a30,0xa0
sub_00234A30,0x234a30,0x234be8,0x1b8
sub_00234BE8,0x234be8,0x234de0,0x1f8
sub_00234DE0,0x234de0,0x234e00,0x20
sub_00234E00,0x234e00,0x234e20,0x20
sub_00234E20,0x234e20,0x234eb8,0x98
sub_00234EB8,0x234eb8,0x234ed8,0x20
sub_00234ED8,0x234ed8,0x234ef8,0x20
sub_00234EF8,0x234ef8,0x235990,0xa98
sub_00235990,0x235990,0x235a18,0x88
sub_00235A18,0x235a18,0x235f48,0x530
sub_00235F48,0x235f48,0x235fd0,0x88
sub_00235FD0,0x235fd0,0x2361c8,0x1f8
sub_002361C8,0x2361c8,0x2361e8,0x20
sub_002361E8,0x2361e8,0x236208,0x20
sub_00236208,0x236208,0x236250,0x48
sub_00236250,0x236250,0x236418,0x1c8
sub_00236418,0x236418,0x236728,0x310
sub_00236728,0x236728,0x2367c8,0xa0
sub_002367C8,0x2367c8,0x236868,0xa0
sub_00236868,0x236868,0x236af8,0x290
sub_00236AF8,0x236af8,0x236b18,0x20
sub_00236B18,0x236b18,0x236b70,0x58
sub_00236B70,0x236b70,0x236b90,0x20
sub_00236B90,0x236b90,0x236bb0,0x20
sub_00236BB0,0x236bb0,0x236c48,0x98
sub_00236C48,0x236c48,0x236c88,0x40
sub_00236C88,0x236c88,0x236cd8,0x50
sub_00236CD8,0x236cd8,0x236d60,0x88
sub_00236D60,0x236d60,0x236d80,0x20
sub_00236D80,0x236d80,0x236da0,0x20
sub_00236DA0,0x236da0,0x236e60,0xc0
sub_00236E60,0x236e60,0x236ea0,0x40
sub_00236EA0,0x236ea0,0x236ec8,0x28
sub_00236EC8,0x236ec8,0x236ee8,0x20
sub_00236EE8,0x236ee8,0x236f08,0x20
sub_00236F08,0x236f08,0x236f40,0x38
sub_00236F40,0x236f40,0x236fa8,0x68
sub_00236FA8,0x236fa8,0x236fc8,0x20
sub_00236FC8,0x236fc8,0x236fe8,0x20
sub_00236FE8,0x236fe8,0x237038,0x50
sub_00237038,0x237038,0x237060,0x28
sub_00237060,0x237060,0x2370a0,0x40
sub_002370A0,0x2370a0,0x237140,0xa0
sub_00237140,0x237140,0x237280,0x140
sub_00237280,0x237280,0x2373b8,0x138
sub_002373B8,0x2373b8,0x237948,0x590
sub_00237948,0x237948,0x237950,0x8
sub_00237950,0x237950,0x2379c8,0x78
sub_002379C8,0x2379c8,0x237a98,0xd0
sub_00237A98,0x237a98,0x237b28,0x90
sub_00237B28,0x237b28,0x237be8,0xc0
sub_00237BE8,0x237be8,0x237cb0,0xc8
sub_00237CB0,0x237cb0,0x237cd8,0x28
sub_00237CD8,0x237cd8,0x237cf8,0x20
sub_00237CF8,0x237cf8,0x2380e8,0x3f0
sub_002380E8,0x2380e8,0x238160,0x78
sub_00238160,0x238160,0x2382d8,0x178
sub_002382D8,0x2382d8,0x238348,0x70
sub_00238348,0x238348,0x238358,0x10
sub_00238358,0x238358,0x238510,0x1b8
sub_00238510,0x238510,0x238550,0x40
sub_00238550,0x238550,0x238590,0x40
sub_00238590,0x238590,0x238b70,0x5e0
sub_00238B70,0x238b70,0x238bf8,0x88
sub_00238BF8,0x238bf8,0x239938,0xd40
sub_00239938,0x239938,0x239aa0,0x168
sub_00239AA0,0x239aa0,0x23a4f0,0xa50
sub_0023A4F0,0x23a4f0,0x23a668,0x178
sub_0023A668,0x23a668,0x23b0a8,0xa40
sub_0023B0A8,0x23b0a8,0x23c770,0x16c8
sub_0023C770,0x23c770,0x23c808,0x98
sub_0023C808,0x23c808,0x23c850,0x48
sub_0023C850,0x23c850,0x23c860,0x10
sub_0023C860,0x23c860,0x23c898,0x38
sub_0023C898,0x23c898,0x23c8d0,0x38
sub_0023C8D0,0x23c8d0,0x23c8f0,0x20
sub_0023C8F0,0x23c8f0,0x23ca28,0x138
sub_0023CA28,0x23ca28,0x23ca70,0x48
sub_0023CA70,0x23ca70,0x23caa0,0x30
sub_0023CAA0,0x23caa0,0x23cae8,0x48
sub_0023CAE8,0x23cae8,0x23cc20,0x138
sub_0023CC20,0x23cc20,0x23cc58,0x38
sub_0023CC58,0x23cc58,0x23cc78,0x20
sub_0023CC78,0x23cc78,0x23cdb0,0x138
sub_0023CDB0,0x23cdb0,0x23d570,0x7c0
sub_0023D570,0x23d570,0x23d5a8,0x38
sub_0023D5A8,0x23d5a8,0x23d5e8,0x40
sub_0023D5E8,0x23d5e8,0x23d618,0x30
sub_0023D618,0x23d618,0x23d660,0x48
sub_0023D660,0x23d660,0x23d7d8,0x178
sub_0023D7D8,0x23d7d8,0x23e268,0xa90
sub_0023E268,0x23e268,0x23e2c0,0x58
sub_0023E2C0,0x23e2c0,0x23e2c8,0x8
sub_0023E2C8,0x23e2c8,0x23e320,0x58
sub_0023E320,0x23e320,0x23e3c0,0xa0
sub_0023E3C0,0x23e3c0,0x23e428,0x68
sub_0023E428,0x23e428,0x23e498,0x70
sub_0023E498,0x23e498,0x23e4f0,0x58
sub_0023E4F0,0x23e4f0,0x23e4f8,0x8
sub_0023E4F8,0x23e4f8,0x23e540,0x48
sub_0023E540,0x23e540,0x23e820,0x2e0
sub_0023E820,0x23e820,0x23ea30,0x210
sub_0023EA30,0x23ea30,0x23ea90,0x60
sub_0023EA90,0x23ea90,0x23eb50,0xc0
sub_0023EB50,0x23eb50,0x23eb80,0x30
sub_0023EB80,0x23eb80,0x23ec00,0x80
sub_0023EC00,0x23ec00,0x23ef68,0x368
sub_0023EF68,0x23ef68,0x23f050,0xe8
sub_0023F050,0x23f050,0x23f0f8,0xa8
sub_0023F0F8,0x23f0f8,0x23f150,0x58
sub_0023F150,0x23f150,0x23f1d8,0x88
sub_0023F1D8,0x23f1d8,0x23f258,0x80
sub_0023F258,0x23f258,0x23f2d8,0x80
sub_0023F2D8,0x23f2d8,0x23f308,0x30
sub_0023F308,0x23f308,0x23f3a0,0x98
sub_0023F3A0,0x23f3a0,0x23f438,0x98
sub_0023F438,0x23f438,0x23f4f8,0xc0
sub_0023F4F8,0x23f4f8,0x23f578,0x80
sub_0023F578,0x23f578,0x23f698,0x120
sub_0023F698,0x23f698,0x23fae0,0x448
sub_0023FAE0,0x23fae0,0x23fb18,0x38
sub_0023FB18,0x23fb18,0x23fb20,0x8
sub_0023FB20,0x23fb20,0x23fb58,0x38
sub_0023FB58,0x23fb58,0x23fbb8,0x60
sub_0023FBB8,0x23fbb8,0x23fc70,0xb8
sub_0023FC70,0x23fc70,0x23fd08,0x98
sub_0023FD08,0x23fd08,0x23fd40,0x38
sub_0023FD40,0x23fd40,0x23fe70,0x130
sub_0023FE70,0x23fe70,0x23ff00,0x90
sub_0023FF00,0x23ff00,0x23ffc0,0xc0
sub_0023FFC0,0x23ffc0,0x23fff0,0x30
sub_0023FFF0,0x23fff0,0x2400b0,0xc0
sub_002400B0,0x2400b0,0x240130,0x80
sub_00240130,0x240130,0x2402d0,0x1a0
sub_002402D0,0x2402d0,0x2405d0,0x300
sub_002405D0,0x2405d0,0x240688,0xb8
sub_00240688,0x240688,0x240768,0xe0
sub_00240768,0x240768,0x240800,0x98
sub_00240800,0x240800,0x240860,0x60
sub_00240860,0x240860,0x240960,0x100
sub_00240960,0x240960,0x2409c8,0x68
sub_002409C8,0x2409c8,0x240ab0,0xe8
sub_00240AB0,0x240ab0,0x240b88,0xd8
sub_00240B88,0x240b88,0x240c30,0xa8
sub_00240C30,0x240c30,0x240c90,0x60
sub_00240C90,0x240c90,0x240cc0,0x30
sub_00240CC0,0x240cc0,0x240d90,0xd0
sub_00240D90,0x240d90,0x240eb0,0x120
sub_00240EB0,0x240eb0,0x240ee0,0x30
sub_00240EE0,0x240ee0,0x240f10,0x30
sub_00240F10,0x240f10,0x240f30,0x20
sub_00240F30,0x240f30,0x241000,0xd0
sub_00241000,0x241000,0x2410a0,0xa0
sub_002410A0,0x2410a0,0x2410d0,0x30
sub_002410D0,0x2410d0,0x241138,0x68
sub_00241138,0x241138,0x241180,0x48
sub_00241180,0x241180,0x241200,0x80
sub_00241200,0x241200,0x241240,0x40
sub_00241240,0x241240,0x2412a0,0x60
sub_002412A0,0x2412a0,0x241380,0xe0
sub_00241380,0x241380,0x241400,0x80
sub_00241400,0x241400,0x241540,0x140
sub_00241540,0x241540,0x241710,0x1d0
sub_00241710,0x241710,0x2419d8,0x2c8
sub_002419D8,0x2419d8,0x241aa0,0xc8
sub_00241AA0,0x241aa0,0x241ac0,0x20
sub_00241AC0,0x241ac0,0x241b20,0x60
sub_00241B20,0x241b20,0x241cd8,0x1b8
sub_00241CD8,0x241cd8,0x241d40,0x68
sub_00241D40,0x241d40,0x241dc8,0x88
sub_00241DC8,0x241dc8,0x241e18,0x50
sub_00241E18,0x241e18,0x241fb0,0x198
sub_00241FB0,0x241fb0,0x241fd0,0x20
sub_00241FD0,0x241fd0,0x242050,0x80
sub_00242050,0x242050,0x2420c8,0x78
sub_002420C8,0x2420c8,0x242288,0x1c0
sub_00242288,0x242288,0x2424c8,0x240
sub_002424C8,0x2424c8,0x242500,0x38
sub_00242500,0x242500,0x242518,0x18
sub_00242518,0x242518,0x242540,0x28
sub_00242540,0x242540,0x242570,0x30
sub_00242570,0x242570,0x2425c0,0x50
sub_002425C0,0x2425c0,0x2429b0,0x3f0
sub_002429B0,0x2429b0,0x242d10,0x360
sub_00242D10,0x242d10,0x242eb8,0x1a8
sub_00242EB8,0x242eb8,0x243838,0x980
sub_00243838,0x243838,0x2438f0,0xb8
sub_002438F0,0x2438f0,0x243a40,0x150
sub_00243A40,0x243a40,0x243ab0,0x70
sub_00243AB0,0x243ab0,0x243b50,0xa0
sub_00243B50,0x243b50,0x243b80,0x30
sub_00243B80,0x243b80,0x243c00,0x80
sub_00243C00,0x243c00,0x243c80,0x80
sub_00243C80,0x243c80,0x243cb0,0x30
sub_00243CB0,0x243cb0,0x243cb8,0x8
sub_00243CB8,0x243cb8,0x243cc0,0x8
sub_00243CC0,0x243cc0,0x243cc8,0x8
sub_00243CC8,0x243cc8,0x243cd0,0x8
sub_00243CD0,0x243cd0,0x243cd8,0x8
sub_00243CD8,0x243cd8,0x243ce0,0x8
sub_00243CE0,0x243ce0,0x243ce8,0x8
sub_00243CE8,0x243ce8,0x243cf0,0x8
sub_00243CF0,0x243cf0,0x243d58,0x68
sub_00243D58,0x243d58,0x243d88,0x30
sub_00243D88,0x243d88,0x243db8,0x30
sub_00243DB8,0x243db8,0x243e20,0x68
sub_00243E20,0x243e20,0x243e50,0x30
sub_00243E50,0x243e50,0x243eb8,0x68
sub_00243EB8,0x243eb8,0x243f20,0x68
sub_00243F20,0x243f20,0x243f50,0x30
sub_00243F50,0x243f50,0x243fc0,0x70
sub_00243FC0,0x243fc0,0x244028,0x68
sub_00244028,0x244028,0x244060,0x38
sub_00244060,0x244060,0x244090,0x30
sub_00244090,0x244090,0x2440f8,0x68
sub_002440F8,0x2440f8,0x244160,0x68
sub_00244160,0x244160,0x2441c8,0x68
sub_002441C8,0x2441c8,0x244240,0x78
sub_00244240,0x244240,0x2443f0,0x1b0
sub_002443F0,0x2443f0,0x2443f8,0x8
sub_002443F8,0x2443f8,0x244400,0x8
sub_00244400,0x244400,0x244408,0x8
sub_00244408,0x244408,0x244880,0x478
sub_00244880,0x244880,0x246278,0x19f8
sub_00246278,0x246278,0x2464e8,0x270
sub_002464E8,0x2464e8,0x246cf8,0x810
sub_00246CF8,0x246cf8,0x2472c0,0x5c8
sub_002472C0,0x2472c0,0x247ab0,0x7f0
sub_00247AB0,0x247ab0,0x247e20,0x370
sub_00247E20,0x247e20,0x247e40,0x20
sub_00247E40,0x247e40,0x247e60,0x20
sub_00247E60,0x247e60,0x248970,0xb10
sub_00248970,0x248970,0x248dc8,0x458
sub_00248DC8,0x248dc8,0x249148,0x380
sub_00249148,0x249148,0x2498a0,0x758
sub_002498A0,0x2498a0,0x249b28,0x288
sub_00249B28,0x249b28,0x249c68,0x140
sub_00249C68,0x249c68,0x24a228,0x5c0
sub_0024A228,0x24a228,0x24abb8,0x990
sub_0024ABB8,0x24abb8,0x24ae90,0x2d8
sub_0024AE90,0x24ae90,0x24b0e8,0x258
sub_0024B0E8,0x24b0e8,0x24b6d0,0x5e8
sub_0024B6D0,0x24b6d0,0x24b7d0,0x100
sub_0024B7D0,0x24b7d0,0x24bbe8,0x418
sub_0024BBE8,0x24bbe8,0x24bf60,0x378
sub_0024BF60,0x24bf60,0x24cca0,0xd40
sub_0024CCA0,0x24cca0,0x24ceb0,0x210
sub_0024CEB0,0x24ceb0,0x24d690,0x7e0
sub_0024D690,0x24d690,0x24d6b0,0x20
sub_0024D6B0,0x24d6b0,0x24d710,0x60
sub_0024D710,0x24d710,0x24d998,0x288
sub_0024D998,0x24d998,0x24dab8,0x120
sub_0024DAB8,0x24dab8,0x24dc68,0x1b0
sub_0024DC68,0x24dc68,0x24dd70,0x108
sub_0024DD70,0x24dd70,0x24dfa0,0x230
sub_0024DFA0,0x24dfa0,0x24e0f8,0x158
sub_0024E0F8,0x24e0f8,0x24e200,0x108
sub_0024E200,0x24e200,0x24e388,0x188
sub_0024E388,0x24e388,0x24e7c8,0x440
sub_0024E7C8,0x24e7c8,0x24e8d8,0x110
sub_0024E8D8,0x24e8d8,0x24f6c0,0xde8
sub_0024F6C0,0x24f6c0,0x24f7e0,0x120
sub_0024F7E0,0x24f7e0,0x24f800,0x20
sub_0024F800,0x24f800,0x24f820,0x20
sub_0024F820,0x24f820,0x24f840,0x20
sub_0024F840,0x24f840,0x24f860,0x20
sub_0024F860,0x24f860,0x24f940,0xe0
sub_0024F940,0x24f940,0x24f960,0x20
sub_0024F960,0x24f960,0x24f980,0x20
sub_0024F980,0x24f980,0x24f9a0,0x20
sub_0024F9A0,0x24f9a0,0x24f9c0,0x20
sub_0024F9C0,0x24f9c0,0x24f9e0,0x20
sub_0024F9E0,0x24f9e0,0x24fa00,0x20
sub_0024FA00,0x24fa00,0x24fa78,0x78
sub_0024FA78,0x24fa78,0x24fa98,0x20
sub_0024FA98,0x24fa98,0x24fab8,0x20
sub_0024FAB8,0x24fab8,0x24fb80,0xc8
sub_0024FB80,0x24fb80,0x24fba0,0x20
sub_0024FBA0,0x24fba0,0x24fbc0,0x20
sub_0024FBC0,0x24fbc0,0x24fc80,0xc0
sub_0024FC80,0x24fc80,0x24fca0,0x20
sub_0024FCA0,0x24fca0,0x24fcc0,0x20
sub_0024FCC0,0x24fcc0,0x24fce0,0x20
sub_0024FCE0,0x24fce0,0x24fd00,0x20
sub_0024FD00,0x24fd00,0x24fdc0,0xc0
sub_0024FDC0,0x24fdc0,0x24fde0,0x20
sub_0024FDE0,0x24fde0,0x24fe00,0x20
sub_0024FE00,0x24fe00,0x24fea8,0xa8
sub_0024FEA8,0x24fea8,0x24fec8,0x20
sub_0024FEC8,0x24fec8,0x24fee8,0x20
sub_0024FEE8,0x24fee8,0x24ff08,0x20
sub_0024FF08,0x24ff08,0x24ff28,0x20
sub_0024FF28,0x24ff28,0x24ff90,0x68
sub_0024FF90,0x24ff90,0x24ffb0,0x20
sub_0024FFB0,0x24ffb0,0x24ffd0,0x20
sub_0024FFD0,0x24ffd0,0x24fff0,0x20
sub_0024FFF0,0x24fff0,0x250010,0x20
sub_00250010,0x250010,0x250030,0x20
sub_00250030,0x250030,0x250050,0x20
sub_00250050,0x250050,0x250070,0x20
sub_00250070,0x250070,0x250090,0x20
sub_00250090,0x250090,0x250128,0x98
sub_00250128,0x250128,0x250148,0x20
sub_00250148,0x250148,0x250168,0x20
sub_00250168,0x250168,0x250188,0x20
sub_00250188,0x250188,0x2501a8,0x20
sub_002501A8,0x2501a8,0x2501c8,0x20
sub_002501C8,0x2501c8,0x2501e8,0x20
sub_002501E8,0x2501e8,0x250a60,0x878
sub_00250A60,0x250a60,0x250a80,0x20
sub_00250A80,0x250a80,0x250ae0,0x60
sub_00250AE0,0x250ae0,0x250cb0,0x1d0
sub_00250CB0,0x250cb0,0x2515f0,0x940
sub_002515F0,0x2515f0,0x251610,0x20
sub_00251610,0x251610,0x251630,0x20
sub_00251630,0x251630,0x251690,0x60
sub_00251690,0x251690,0x2516b0,0x20
sub_002516B0,0x2516b0,0x2516d0,0x20
sub_002516D0,0x2516d0,0x251718,0x48
sub_00251718,0x251718,0x251f68,0x850
sub_00251F68,0x251f68,0x251fc8,0x60
sub_00251FC8,0x251fc8,0x252010,0x48
sub_00252010,0x252010,0x252248,0x238
sub_00252248,0x252248,0x2522b0,0x68
sub_002522B0,0x2522b0,0x2523a8,0xf8
sub_002523A8,0x2523a8,0x252658,0x2b0
sub_00252658,0x252658,0x252660,0x8
sub_00252660,0x252660,0x252960,0x300
sub_00252960,0x252960,0x252980,0x20
sub_00252980,0x252980,0x252a10,0x90
sub_00252A10,0x252a10,0x252f60,0x550
sub_00252F60,0x252f60,0x252fa0,0x40
sub_00252FA0,0x252fa0,0x253390,0x3f0
sub_00253390,0x253390,0x2533c8,0x38
sub_002533C8,0x2533c8,0x253418,0x50
sub_00253418,0x253418,0x2534a8,0x90
sub_002534A8,0x2534a8,0x2535f8,0x150
sub_002535F8,0x2535f8,0x2536c8,0xd0
sub_002536C8,0x2536c8,0x253860,0x198
sub_00253860,0x253860,0x253890,0x30
sub_00253890,0x253890,0x253938,0xa8
sub_00253938,0x253938,0x2539e0,0xa8
sub_002539E0,0x2539e0,0x253a40,0x60
sub_00253A40,0x253a40,0x253aa0,0x60
sub_00253AA0,0x253aa0,0x253af8,0x58
sub_00253AF8,0x253af8,0x253b58,0x60
sub_00253B58,0x253b58,0x254330,0x7d8
sub_00254330,0x254330,0x254350,0x20
sub_00254350,0x254350,0x254368,0x18
sub_00254368,0x254368,0x2543f0,0x88
sub_002543F0,0x2543f0,0x254400,0x10
sub_00254400,0x254400,0x254410,0x10
sub_00254410,0x254410,0x2548d0,0x4c0
sub_002548D0,0x2548d0,0x254e60,0x590
sub_00254E60,0x254e60,0x2557c0,0x960
sub_002557C0,0x2557c0,0x2557e0,0x20
sub_002557E0,0x2557e0,0x255800,0x20
sub_00255800,0x255800,0x255830,0x30
sub_00255830,0x255830,0x255840,0x10
sub_00255840,0x255840,0x255860,0x20
sub_00255860,0x255860,0x255898,0x38
sub_00255898,0x255898,0x2558c0,0x28
sub_002558C0,0x2558c0,0x2559b0,0xf0
sub_002559B0,0x2559b0,0x255a10,0x60
sub_00255A10,0x255a10,0x255a20,0x10
sub_00255A20,0x255a20,0x255bf8,0x1d8
sub_00255BF8,0x255bf8,0x255cc8,0xd0
sub_00255CC8,0x255cc8,0x255d38,0x70
sub_00255D38,0x255d38,0x255d50,0x18
sub_00255D50,0x255d50,0x255d88,0x38
sub_00255D88,0x255d88,0x255dc0,0x38
sub_00255DC0,0x255dc0,0x255e00,0x40
sub_00255E00,0x255e00,0x255e40,0x40
sub_00255E40,0x255e40,0x255f20,0xe0
sub_00255F20,0x255f20,0x255f50,0x30
sub_00255F50,0x255f50,0x255fa0,0x50
sub_00255FA0,0x255fa0,0x255fe8,0x48
sub_00255FE8,0x255fe8,0x256038,0x50
sub_00256038,0x256038,0x256088,0x50
sub_00256088,0x256088,0x2560b0,0x28
sub_002560B0,0x2560b0,0x256188,0xd8
sub_00256188,0x256188,0x2561b8,0x30
sub_002561B8,0x2561b8,0x2561e0,0x28
sub_002561E0,0x2561e0,0x256228,0x48
sub_00256228,0x256228,0x256250,0x28
sub_00256250,0x256250,0x256258,0x8
sub_00256258,0x256258,0x2562d0,0x78
sub_002562D0,0x2562d0,0x2563a8,0xd8
sub_002563A8,0x2563a8,0x2563f8,0x50
sub_002563F8,0x2563f8,0x256460,0x68
sub_00256460,0x256460,0x256510,0xb0
sub_00256510,0x256510,0x2565e0,0xd0
sub_002565E0,0x2565e0,0x256698,0xb8
sub_00256698,0x256698,0x2566e8,0x50
sub_002566E8,0x2566e8,0x256730,0x48
sub_00256730,0x256730,0x2567e0,0xb0
sub_002567E0,0x2567e0,0x256860,0x80
sub_00256860,0x256860,0x2568f8,0x98
sub_002568F8,0x2568f8,0x256998,0xa0
sub_00256998,0x256998,0x256a00,0x68
sub_00256A00,0x256a00,0x256a58,0x58
sub_00256A58,0x256a58,0x256aa8,0x50
sub_00256AA8,0x256aa8,0x256bb0,0x108
sub_00256BB0,0x256bb0,0x256bd8,0x28
sub_00256BD8,0x256bd8,0x256bf8,0x20
sub_00256BF8,0x256bf8,0x256c50,0x58
sub_00256C50,0x256c50,0x256c78,0x28
sub_00256C78,0x256c78,0x256ee0,0x268
sub_00256EE0,0x256ee0,0x257038,0x158
sub_00257038,0x257038,0x2570d8,0xa0
sub_002570D8,0x2570d8,0x257610,0x538
sub_00257610,0x257610,0x257678,0x68
sub_00257678,0x257678,0x257750,0xd8
sub_00257750,0x257750,0x2577c8,0x78
sub_002577C8,0x2577c8,0x2578f8,0x130
sub_002578F8,0x2578f8,0x2579c8,0xd0
sub_002579C8,0x2579c8,0x257a80,0xb8
sub_00257A80,0x257a80,0x257bd8,0x158
sub_00257BD8,0x257bd8,0x257cd8,0x100
sub_00257CD8,0x257cd8,0x257dc0,0xe8
sub_00257DC0,0x257dc0,0x257e98,0xd8
sub_00257E98,0x257e98,0x257f98,0x100
sub_00257F98,0x257f98,0x258160,0x1c8
sub_00258160,0x258160,0x258188,0x28
sub_00258188,0x258188,0x2581b8,0x30
sub_002581B8,0x2581b8,0x2581d8,0x20
sub_002581D8,0x2581d8,0x2581e8,0x10
sub_002581E8,0x2581e8,0x2581f8,0x10
sub_002581F8,0x2581f8,0x258280,0x88
sub_00258280,0x258280,0x258290,0x10
sub_00258290,0x258290,0x2582a0,0x10
sub_002582A0,0x2582a0,0x258330,0x90
sub_00258330,0x258330,0x258360,0x30
sub_00258360,0x258360,0x2583a8,0x48
sub_002583A8,0x2583a8,0x258448,0xa0
sub_00258448,0x258448,0x2586b0,0x268
sub_002586B0,0x2586b0,0x258790,0xe0
sub_00258790,0x258790,0x258870,0xe0
sub_00258870,0x258870,0x2588a8,0x38
sub_002588A8,0x2588a8,0x258950,0xa8
sub_00258950,0x258950,0x258968,0x18
sub_00258968,0x258968,0x258988,0x20
sub_00258988,0x258988,0x258a48,0xc0
sub_00258A48,0x258a48,0x258ae0,0x98
sub_00258AE0,0x258ae0,0x258bc8,0xe8
sub_00258BC8,0x258bc8,0x258c00,0x38
sub_00258C00,0x258c00,0x258c50,0x50
sub_00258C50,0x258c50,0x258cb0,0x60
sub_00258CB0,0x258cb0,0x258f20,0x270
sub_00258F20,0x258f20,0x259098,0x178
sub_00259098,0x259098,0x259198,0x100
sub_00259198,0x259198,0x2591b8,0x20
sub_002591B8,0x2591b8,0x2591d0,0x18
sub_002591D0,0x2591d0,0x2591e8,0x18
sub_002591E8,0x2591e8,0x259210,0x28
sub_00259210,0x259210,0x259230,0x20
sub_00259230,0x259230,0x259288,0x58
sub_00259288,0x259288,0x259310,0x88
sub_00259310,0x259310,0x259398,0x88
sub_00259398,0x259398,0x2593b8,0x20
sub_002593B8,0x2593b8,0x2594d0,0x118
sub_002594D0,0x2594d0,0x259628,0x158
sub_00259628,0x259628,0x2598a8,0x280
sub_002598A8,0x2598a8,0x2598c8,0x20
sub_002598C8,0x2598c8,0x2599b0,0xe8
sub_002599B0,0x2599b0,0x259a60,0xb0
sub_00259A60,0x259a60,0x259b10,0xb0
sub_00259B10,0x259b10,0x25a1d0,0x6c0
sub_0025A1D0,0x25a1d0,0x25a650,0x480
sub_0025A650,0x25a650,0x25a6f8,0xa8
sub_0025A6F8,0x25a6f8,0x25a730,0x38
sub_0025A730,0x25a730,0x25a778,0x48
sub_0025A778,0x25a778,0x25a850,0xd8
sub_0025A850,0x25a850,0x25a8b0,0x60
sub_0025A8B0,0x25a8b0,0x25a948,0x98
sub_0025A948,0x25a948,0x25aa98,0x150
sub_0025AA98,0x25aa98,0x25aae0,0x48
sub_0025AAE0,0x25aae0,0x25ab40,0x60
sub_0025AB40,0x25ab40,0x25ac50,0x110
sub_0025AC50,0x25ac50,0x25b608,0x9b8
sub_0025B608,0x25b608,0x25b650,0x48
sub_0025B650,0x25b650,0x25b688,0x38
sub_0025B688,0x25b688,0x25b6d8,0x50
sub_0025B6D8,0x25b6d8,0x25b800,0x128
sub_0025B800,0x25b800,0x25b848,0x48
sub_0025B848,0x25b848,0x25b9c8,0x180
sub_0025B9C8,0x25b9c8,0x25bc48,0x280
sub_0025BC48,0x25bc48,0x25bd30,0xe8
sub_0025BD30,0x25bd30,0x25bf18,0x1e8
sub_0025BF18,0x25bf18,0x25c0c0,0x1a8
sub_0025C0C0,0x25c0c0,0x25c1e0,0x120
sub_0025C1E0,0x25c1e0,0x25c2d8,0xf8
sub_0025C2D8,0x25c2d8,0x25c3f8,0x120
sub_0025C3F8,0x25c3f8,0x25c4f0,0xf8
sub_0025C4F0,0x25c4f0,0x25c610,0x120
sub_0025C610,0x25c610,0x25c8a8,0x298
sub_0025C8A8,0x25c8a8,0x25cd28,0x480
sub_0025CD28,0x25cd28,0x25cd50,0x28
sub_0025CD50,0x25cd50,0x25ceb0,0x160
sub_0025CEB0,0x25ceb0,0x25cfe0,0x130
sub_0025CFE0,0x25cfe0,0x25d048,0x68
sub_0025D048,0x25d048,0x25d1b8,0x170
sub_0025D1B8,0x25d1b8,0x25d2d8,0x120
sub_0025D2D8,0x25d2d8,0x25d428,0x150
sub_0025D428,0x25d428,0x25d538,0x110
sub_0025D538,0x25d538,0x25d6c0,0x188
sub_0025D6C0,0x25d6c0,0x25d770,0xb0
sub_0025D770,0x25d770,0x25d800,0x90
sub_0025D800,0x25d800,0x25d860,0x60
sub_0025D860,0x25d860,0x25d8f8,0x98
sub_0025D8F8,0x25d8f8,0x25da90,0x198
sub_0025DA90,0x25da90,0x25dac0,0x30
sub_0025DAC0,0x25dac0,0x25db80,0xc0
sub_0025DB80,0x25db80,0x25dd08,0x188
sub_0025DD08,0x25dd08,0x25dde0,0xd8
sub_0025DDE0,0x25dde0,0x25df00,0x120
sub_0025DF00,0x25df00,0x25df98,0x98
sub_0025DF98,0x25df98,0x25e0c8,0x130
sub_0025E0C8,0x25e0c8,0x25e138,0x70
sub_0025E138,0x25e138,0x25e348,0x210
sub_0025E348,0x25e348,0x25e420,0xd8
sub_0025E420,0x25e420,0x25e590,0x170
sub_0025E590,0x25e590,0x25e6d0,0x140
sub_0025E6D0,0x25e6d0,0x25e7f0,0x120
sub_0025E7F0,0x25e7f0,0x25eb00,0x310
sub_0025EB00,0x25eb00,0x25ee20,0x320
sub_0025EE20,0x25ee20,0x25eed8,0xb8
sub_0025EED8,0x25eed8,0x25f030,0x158
sub_0025F030,0x25f030,0x25f120,0xf0
sub_0025F120,0x25f120,0x25f150,0x30
sub_0025F150,0x25f150,0x25f180,0x30
sub_0025F180,0x25f180,0x25f1b0,0x30
sub_0025F1B0,0x25f1b0,0x25f1e0,0x30
sub_0025F1E0,0x25f1e0,0x25f248,0x68
sub_0025F248,0x25f248,0x25f288,0x40
sub_0025F288,0x25f288,0x25f338,0xb0
sub_0025F338,0x25f338,0x25f388,0x50
sub_0025F388,0x25f388,0x25f430,0xa8
sub_0025F430,0x25f430,0x25f4c0,0x90
sub_0025F4C0,0x25f4c0,0x25f628,0x168
sub_0025F628,0x25f628,0x25f740,0x118
sub_0025F740,0x25f740,0x25f858,0x118
sub_0025F858,0x25f858,0x25f8a0,0x48
sub_0025F8A0,0x25f8a0,0x25fa48,0x1a8
sub_0025FA48,0x25fa48,0x25fad0,0x88
sub_0025FAD0,0x25fad0,0x25fb58,0x88
sub_0025FB58,0x25fb58,0x25fb80,0x28
sub_0025FB80,0x25fb80,0x25fc20,0xa0
sub_0025FC20,0x25fc20,0x25fc28,0x8
sub_0025FC28,0x25fc28,0x25fc48,0x20
sub_0025FC48,0x25fc48,0x25fc70,0x28
sub_0025FC70,0x25fc70,0x25fd50,0xe0
sub_0025FD50,0x25fd50,0x260c68,0xf18
sub_00260C68,0x260c68,0x260e50,0x1e8
sub_00260E50,0x260e50,0x260f10,0xc0
sub_00260F10,0x260f10,0x260f80,0x70
sub_00260F80,0x260f80,0x261008,0x88
sub_00261008,0x261008,0x261058,0x50
sub_00261058,0x261058,0x261070,0x18
sub_00261070,0x261070,0x2610d0,0x60
sub_002610D0,0x2610d0,0x261248,0x178
sub_00261248,0x261248,0x2613c8,0x180
sub_002613C8,0x2613c8,0x261408,0x40
sub_00261408,0x261408,0x261460,0x58
sub_00261460,0x261460,0x261490,0x30
sub_00261490,0x261490,0x2614e8,0x58
sub_002614E8,0x2614e8,0x261530,0x48
sub_00261530,0x261530,0x2615c8,0x98
sub_002615C8,0x2615c8,0x261770,0x1a8
sub_00261770,0x261770,0x2618c0,0x150
sub_002618C0,0x2618c0,0x261970,0xb0
sub_00261970,0x261970,0x261a20,0xb0
sub_00261A20,0x261a20,0x261a28,0x8
sub_00261A28,0x261a28,0x261cd0,0x2a8
sub_00261CD0,0x261cd0,0x261ef8,0x228
sub_00261EF8,0x261ef8,0x2620d8,0x1e0
sub_002620D8,0x2620d8,0x262280,0x1a8
sub_00262280,0x262280,0x2622f0,0x70
sub_002622F0,0x2622f0,0x262360,0x70
sub_00262360,0x262360,0x262390,0x30
sub_00262390,0x262390,0x2623b0,0x20
sub_002623B0,0x2623b0,0x2623e0,0x30
sub_002623E0,0x2623e0,0x262400,0x20
sub_00262400,0x262400,0x262438,0x38
sub_00262438,0x262438,0x262468,0x30
sub_00262468,0x262468,0x2624f8,0x90
sub_002624F8,0x2624f8,0x262598,0xa0
sub_00262598,0x262598,0x2625c8,0x30
sub_002625C8,0x2625c8,0x262620,0x58
sub_00262620,0x262620,0x262658,0x38
sub_00262658,0x262658,0x262690,0x38
sub_00262690,0x262690,0x262768,0xd8
sub_00262768,0x262768,0x2628c0,0x158
sub_002628C0,0x2628c0,0x262938,0x78
sub_00262938,0x262938,0x262950,0x18
sub_00262950,0x262950,0x262a08,0xb8
sub_00262A08,0x262a08,0x262a38,0x30
sub_00262A38,0x262a38,0x262af0,0xb8
sub_00262AF0,0x262af0,0x262e20,0x330
sub_00262E20,0x262e20,0x262ec0,0xa0
sub_00262EC0,0x262ec0,0x263018,0x158
sub_00263018,0x263018,0x263128,0x110
sub_00263128,0x263128,0x263270,0x148
sub_00263270,0x263270,0x263308,0x98
sub_00263308,0x263308,0x263338,0x30
sub_00263338,0x263338,0x2633c8,0x90
sub_002633C8,0x2633c8,0x2633f8,0x30
sub_002633F8,0x2633f8,0x263490,0x98
sub_00263490,0x263490,0x2635a8,0x118
sub_002635A8,0x2635a8,0x263630,0x88
sub_00263630,0x263630,0x263660,0x30
sub_00263660,0x263660,0x263678,0x18
sub_00263678,0x263678,0x2636a8,0x30
sub_002636A8,0x2636a8,0x2636f0,0x48
sub_002636F0,0x2636f0,0x263828,0x138
sub_00263828,0x263828,0x263998,0x170
sub_00263998,0x263998,0x2639b0,0x18
sub_002639B0,0x2639b0,0x2639e0,0x30
sub_002639E0,0x2639e0,0x263ba8,0x1c8
sub_00263BA8,0x263ba8,0x263cf0,0x148
sub_00263CF0,0x263cf0,0x264030,0x340
sub_00264030,0x264030,0x264098,0x68
sub_00264098,0x264098,0x2640c0,0x28
sub_002640C0,0x2640c0,0x264138,0x78
sub_00264138,0x264138,0x2642b8,0x180
sub_002642B8,0x2642b8,0x264960,0x6a8
sub_00264960,0x264960,0x264990,0x30
sub_00264990,0x264990,0x2649b0,0x20
sub_002649B0,0x2649b0,0x264a58,0xa8
sub_00264A58,0x264a58,0x264b20,0xc8
sub_00264B20,0x264b20,0x264be8,0xc8
sub_00264BE8,0x264be8,0x264cb8,0xd0
sub_00264CB8,0x264cb8,0x264cf0,0x38
sub_00264CF0,0x264cf0,0x264d80,0x90
sub_00264D80,0x264d80,0x264e50,0xd0
sub_00264E50,0x264e50,0x264f88,0x138
sub_00264F88,0x264f88,0x265018,0x90
sub_00265018,0x265018,0x265140,0x128
sub_00265140,0x265140,0x265190,0x50
sub_00265190,0x265190,0x265290,0x100
sub_00265290,0x265290,0x265398,0x108
sub_00265398,0x265398,0x265458,0xc0
sub_00265458,0x265458,0x265568,0x110
sub_00265568,0x265568,0x265688,0x120
sub_00265688,0x265688,0x265700,0x78
sub_00265700,0x265700,0x265768,0x68
sub_00265768,0x265768,0x265880,0x118
sub_00265880,0x265880,0x2658b8,0x38
sub_002658B8,0x2658b8,0x2658e0,0x28
sub_002658E0,0x2658e0,0x265908,0x28
sub_00265908,0x265908,0x265950,0x48
sub_00265950,0x265950,0x2659c0,0x70
sub_002659C0,0x2659c0,0x2659e8,0x28
sub_002659E8,0x2659e8,0x265a38,0x50
sub_00265A38,0x265a38,0x265a68,0x30
sub_00265A68,0x265a68,0x265cb0,0x248
sub_00265CB0,0x265cb0,0x265d08,0x58
sub_00265D08,0x265d08,0x265d38,0x30
sub_00265D38,0x265d38,0x265d68,0x30
sub_00265D68,0x265d68,0x265d98,0x30
sub_00265D98,0x265d98,0x265df0,0x58
sub_00265DF0,0x265df0,0x265e00,0x10
sub_00265E00,0x265e00,0x265e10,0x10
sub_00265E10,0x265e10,0x265e20,0x10
sub_00265E20,0x265e20,0x265e30,0x10
sub_00265E30,0x265e30,0x265e40,0x10
sub_00265E40,0x265e40,0x265e80,0x40
sub_00265E80,0x265e80,0x265ec8,0x48
sub_00265EC8,0x265ec8,0x265f00,0x38
sub_00265F00,0x265f00,0x265f18,0x18
sub_00265F18,0x265f18,0x265f68,0x50
sub_00265F68,0x265f68,0x266578,0x610
sub_00266578,0x266578,0x266728,0x1b0
sub_00266728,0x266728,0x266760,0x38
sub_00266760,0x266760,0x266788,0x28
sub_00266788,0x266788,0x2667e8,0x60
sub_002667E8,0x2667e8,0x266850,0x68
sub_00266850,0x266850,0x2668e8,0x98
sub_002668E8,0x2668e8,0x266ba8,0x2c0
sub_00266BA8,0x266ba8,0x266ca0,0xf8
sub_00266CA0,0x266ca0,0x266cd8,0x38
sub_00266CD8,0x266cd8,0x266d00,0x28
sub_00266D00,0x266d00,0x266d10,0x10
sub_00266D10,0x266d10,0x266d58,0x48
sub_00266D58,0x266d58,0x266df8,0xa0
sub_00266DF8,0x266df8,0x266e30,0x38
sub_00266E30,0x266e30,0x266e88,0x58
sub_00266E88,0x266e88,0x266f38,0xb0
sub_00266F38,0x266f38,0x266f58,0x20
sub_00266F58,0x266f58,0x266f90,0x38
sub_00266F90,0x266f90,0x267128,0x198
sub_00267128,0x267128,0x2672c8,0x1a0
sub_002672C8,0x2672c8,0x267468,0x1a0
sub_00267468,0x267468,0x267da8,0x940
sub_00267DA8,0x267da8,0x267dd0,0x28
sub_00267DD0,0x267dd0,0x267dd8,0x8
sub_00267DD8,0x267dd8,0x267df0,0x18
sub_00267DF0,0x267df0,0x267df8,0x8
sub_00267DF8,0x267df8,0x267e00,0x8
sub_00267E00,0x267e00,0x267e10,0x10
sub_00267E10,0x267e10,0x267e18,0x8
sub_00267E18,0x267e18,0x267e48,0x30
sub_00267E48,0x267e48,0x267e98,0x50
sub_00267E98,0x267e98,0x267ec8,0x30
sub_00267EC8,0x267ec8,0x267f28,0x60
sub_00267F28,0x267f28,0x267f58,0x30
sub_00267F58,0x267f58,0x267fb8,0x60
sub_00267FB8,0x267fb8,0x267fe8,0x30
sub_00267FE8,0x267fe8,0x268048,0x60
sub_00268048,0x268048,0x2680a8,0x60
sub_002680A8,0x2680a8,0x268158,0xb0
sub_00268158,0x268158,0x2681b0,0x58
sub_002681B0,0x2681b0,0x268210,0x60
sub_00268210,0x268210,0x268240,0x30
sub_00268240,0x268240,0x2682a8,0x68
sub_002682A8,0x2682a8,0x268308,0x60
sub_00268308,0x268308,0x268398,0x90
sub_00268398,0x268398,0x2683f0,0x58
sub_002683F0,0x2683f0,0x268460,0x70
sub_00268460,0x268460,0x2684c0,0x60
sub_002684C0,0x2684c0,0x268588,0xc8
sub_00268588,0x268588,0x2685e0,0x58
sub_002685E0,0x2685e0,0x268658,0x78
sub_00268658,0x268658,0x268688,0x30
sub_00268688,0x268688,0x2686f0,0x68
sub_002686F0,0x2686f0,0x268720,0x30
sub_00268720,0x268720,0x268790,0x70
sub_00268790,0x268790,0x2687c0,0x30
sub_002687C0,0x2687c0,0x268890,0xd0
sub_00268890,0x268890,0x268950,0xc0
sub_00268950,0x268950,0x2689b8,0x68
sub_002689B8,0x2689b8,0x268a90,0xd8
sub_00268A90,0x268a90,0x269008,0x578
sub_00269008,0x269008,0x2690c8,0xc0
sub_002690C8,0x2690c8,0x269188,0xc0
sub_00269188,0x269188,0x269240,0xb8
sub_00269240,0x269240,0x269300,0xc0
sub_00269300,0x269300,0x2693c0,0xc0
sub_002693C0,0x2693c0,0x269478,0xb8
sub_00269478,0x269478,0x269538,0xc0
sub_00269538,0x269538,0x269608,0xd0
sub_00269608,0x269608,0x2696f8,0xf0
sub_002696F8,0x2696f8,0x2697d0,0xd8
sub_002697D0,0x2697d0,0x269890,0xc0
sub_00269890,0x269890,0x269948,0xb8
sub_00269948,0x269948,0x269a18,0xd0
sub_00269A18,0x269a18,0x269ae0,0xc8
sub_00269AE0,0x269ae0,0x269b90,0xb0
sub_00269B90,0x269b90,0x269c40,0xb0
sub_00269C40,0x269c40,0x269cf0,0xb0
sub_00269CF0,0x269cf0,0x269da0,0xb0
sub_00269DA0,0x269da0,0x269dc0,0x20
sub_00269DC0,0x269dc0,0x269e20,0x60
sub_00269E20,0x269e20,0x269e40,0x20
sub_00269E40,0x269e40,0x269ea0,0x60
sub_00269EA0,0x269ea0,0x269ec0,0x20
sub_00269EC0,0x269ec0,0x269ed8,0x18
sub_00269ED8,0x269ed8,0x269f18,0x40
sub_00269F18,0x269f18,0x26a070,0x158
sub_0026A070,0x26a070,0x26a090,0x20
sub_0026A090,0x26a090,0x26a138,0xa8
sub_0026A138,0x26a138,0x26a180,0x48
sub_0026A180,0x26a180,0x26a338,0x1b8
sub_0026A338,0x26a338,0x26a378,0x40
sub_0026A378,0x26a378,0x26a428,0xb0
sub_0026A428,0x26a428,0x26a638,0x210
sub_0026A638,0x26a638,0x26a8b8,0x280
sub_0026A8B8,0x26a8b8,0x26a9b0,0xf8
sub_0026A9B0,0x26a9b0,0x26aa80,0xd0
sub_0026AA80,0x26aa80,0x26ab20,0xa0
sub_0026AB20,0x26ab20,0x26ac48,0x128
sub_0026AC48,0x26ac48,0x26ac88,0x40
sub_0026AC88,0x26ac88,0x26ad70,0xe8
sub_0026AD70,0x26ad70,0x26ada0,0x30
sub_0026ADA0,0x26ada0,0x26ada8,0x8
sub_0026ADA8,0x26ada8,0x26ade8,0x40
sub_0026ADE8,0x26ade8,0x26adf0,0x8
sub_0026ADF0,0x26adf0,0x26af00,0x110
sub_0026AF00,0x26af00,0x26af70,0x70
sub_0026AF70,0x26af70,0x26af88,0x18
sub_0026AF88,0x26af88,0x26af98,0x10
sub_0026AF98,0x26af98,0x26afb8,0x20
sub_0026AFB8,0x26afb8,0x26b178,0x1c0
sub_0026B178,0x26b178,0x26b310,0x198
sub_0026B310,0x26b310,0x26b410,0x100
sub_0026B410,0x26b410,0x26b508,0xf8
sub_0026B508,0x26b508,0x26b550,0x48
sub_0026B550,0x26b550,0x26b598,0x48
sub_0026B598,0x26b598,0x26b5e0,0x48
sub_0026B5E0,0x26b5e0,0x26b680,0xa0
sub_0026B680,0x26b680,0x26b7d8,0x158
sub_0026B7D8,0x26b7d8,0x26b880,0xa8
sub_0026B880,0x26b880,0x26ba48,0x1c8
sub_0026BA48,0x26ba48,0x26ba68,0x20
sub_0026BA68,0x26ba68,0x26ba88,0x20
sub_0026BA88,0x26ba88,0x26bae8,0x60
sub_0026BAE8,0x26bae8,0x26c410,0x928
sub_0026C410,0x26c410,0x26c418,0x8
sub_0026C418,0x26c418,0x26c438,0x20
sub_0026C438,0x26c438,0x26c458,0x20
sub_0026C458,0x26c458,0x26c588,0x130
sub_0026C588,0x26c588,0x26c5f8,0x70
sub_0026C5F8,0x26c5f8,0x26c6e8,0xf0
sub_0026C6E8,0x26c6e8,0x26c898,0x1b0
sub_0026C898,0x26c898,0x26c998,0x100
sub_0026C998,0x26c998,0x26c9f0,0x58
sub_0026C9F0,0x26c9f0,0x26ca90,0xa0
sub_0026CA90,0x26ca90,0x26caf8,0x68
sub_0026CAF8,0x26caf8,0x26cbb0,0xb8
sub_0026CBB0,0x26cbb0,0x26cbb8,0x8
sub_0026CBB8,0x26cbb8,0x26cc18,0x60
sub_0026CC18,0x26cc18,0x26cc48,0x30
sub_0026CC48,0x26cc48,0x26cd20,0xd8
sub_0026CD20,0x26cd20,0x26cdd0,0xb0
sub_0026CDD0,0x26cdd0,0x26cdf8,0x28
sub_0026CDF8,0x26cdf8,0x26ce50,0x58
sub_0026CE50,0x26ce50,0x26cfe8,0x198
sub_0026CFE8,0x26cfe8,0x26d020,0x38
sub_0026D020,0x26d020,0x26d0a0,0x80
sub_0026D0A0,0x26d0a0,0x26d0e8,0x48
sub_0026D0E8,0x26d0e8,0x26d130,0x48
sub_0026D130,0x26d130,0x26d168,0x38
sub_0026D168,0x26d168,0x26d178,0x10
sub_0026D178,0x26d178,0x26d228,0xb0
sub_0026D228,0x26d228,0x26d2b0,0x88
sub_0026D2B0,0x26d2b0,0x26d420,0x170
sub_0026D420,0x26d420,0x26d4d8,0xb8
sub_0026D4D8,0x26d4d8,0x26d558,0x80
sub_0026D558,0x26d558,0x26d5e8,0x90
sub_0026D5E8,0x26d5e8,0x26d628,0x40
sub_0026D628,0x26d628,0x26d678,0x50
sub_0026D678,0x26d678,0x26d730,0xb8
sub_0026D730,0x26d730,0x26d740,0x10
sub_0026D740,0x26d740,0x26d760,0x20
sub_0026D760,0x26d760,0x26d7d0,0x70
sub_0026D7D0,0x26d7d0,0x26d818,0x48
sub_0026D818,0x26d818,0x26d988,0x170
sub_0026D988,0x26d988,0x26da88,0x100
sub_0026DA88,0x26da88,0x26db88,0x100
sub_0026DB88,0x26db88,0x26dbd0,0x48
sub_0026DBD0,0x26dbd0,0x26dbf0,0x20
sub_0026DBF0,0x26dbf0,0x26ddc0,0x1d0
sub_0026DDC0,0x26ddc0,0x26de58,0x98
sub_0026DE58,0x26de58,0x26ded8,0x80
sub_0026DED8,0x26ded8,0x26e340,0x468
sub_0026E340,0x26e340,0x26e448,0x108
sub_0026E448,0x26e448,0x26e468,0x20
sub_0026E468,0x26e468,0x26e490,0x28
sub_0026E490,0x26e490,0x26e4b8,0x28
sub_0026E4B8,0x26e4b8,0x26e528,0x70
sub_0026E528,0x26e528,0x26e568,0x40
sub_0026E568,0x26e568,0x26e5a8,0x40
sub_0026E5A8,0x26e5a8,0x26e5c0,0x18
sub_0026E5C0,0x26e5c0,0x26e5d0,0x10
sub_0026E5D0,0x26e5d0,0x26e608,0x38
sub_0026E608,0x26e608,0x26e670,0x68
sub_0026E670,0x26e670,0x26e6a0,0x30
sub_0026E6A0,0x26e6a0,0x26e6e0,0x40
sub_0026E6E0,0x26e6e0,0x26e7f8,0x118
sub_0026E7F8,0x26e7f8,0x26e800,0x8
sub_0026E800,0x26e800,0x26e838,0x38
sub_0026E838,0x26e838,0x26e8e0,0xa8
sub_0026E8E0,0x26e8e0,0x26e908,0x28
sub_0026E908,0x26e908,0x26e950,0x48
sub_0026E950,0x26e950,0x26e968,0x18
sub_0026E968,0x26e968,0x26e9b0,0x48
sub_0026E9B0,0x26e9b0,0x26e9c0,0x10
sub_0026E9C0,0x26e9c0,0x26e9d0,0x10
sub_0026E9D0,0x26e9d0,0x26ea20,0x50
sub_0026EA20,0x26ea20,0x26ea68,0x48
sub_0026EA68,0x26ea68,0x26eab8,0x50
sub_0026EAB8,0x26eab8,0x26ed88,0x2d0
sub_0026ED88,0x26ed88,0x26ed90,0x8
sub_0026ED90,0x26ed90,0x26ed98,0x8
sub_0026ED98,0x26ed98,0x26edd8,0x40
sub_0026EDD8,0x26edd8,0x26ee68,0x90
sub_0026EE68,0x26ee68,0x26eea0,0x38
sub_0026EEA0,0x26eea0,0x26ef30,0x90
sub_0026EF30,0x26ef30,0x26ef80,0x50
sub_0026EF80,0x26ef80,0x26efb8,0x38
sub_0026EFB8,0x26efb8,0x26f088,0xd0
sub_0026F088,0x26f088,0x26f180,0xf8
sub_0026F180,0x26f180,0x26f228,0xa8
sub_0026F228,0x26f228,0x26f428,0x200
sub_0026F428,0x26f428,0x26f498,0x70
sub_0026F498,0x26f498,0x26f4a0,0x8
sub_0026F4A0,0x26f4a0,0x26f4a8,0x8
sub_0026F4A8,0x26f4a8,0x26f7b8,0x310
sub_0026F7B8,0x26f7b8,0x26f7f8,0x40
sub_0026F7F8,0x26f7f8,0x26f850,0x58
sub_0026F850,0x26f850,0x26f898,0x48
sub_0026F898,0x26f898,0x26f8a0,0x8
sub_0026F8A0,0x26f8a0,0x26f980,0xe0
sub_0026F980,0x26f980,0x26fa50,0xd0
sub_0026FA50,0x26fa50,0x26fa78,0x28
sub_0026FA78,0x26fa78,0x26fb88,0x110
sub_0026FB88,0x26fb88,0x26fe50,0x2c8
sub_0026FE50,0x26fe50,0x270070,0x220
sub_00270070,0x270070,0x2700d8,0x68
sub_002700D8,0x2700d8,0x270130,0x58
sub_00270130,0x270130,0x2701a0,0x70
sub_002701A0,0x2701a0,0x270238,0x98
sub_00270238,0x270238,0x270280,0x48
sub_00270280,0x270280,0x2702f8,0x78
sub_002702F8,0x2702f8,0x270378,0x80
sub_00270378,0x270378,0x2703f0,0x78
sub_002703F0,0x2703f0,0x270538,0x148
sub_00270538,0x270538,0x2705a8,0x70
sub_002705A8,0x2705a8,0x2705b0,0x8
sub_002705B0,0x2705b0,0x270628,0x78
sub_00270628,0x270628,0x270658,0x30
sub_00270658,0x270658,0x270670,0x18
sub_00270670,0x270670,0x2706b8,0x48
sub_002706B8,0x2706b8,0x2706f0,0x38
sub_002706F0,0x2706f0,0x270730,0x40
sub_00270730,0x270730,0x2707e0,0xb0
sub_002707E0,0x2707e0,0x270870,0x90
sub_00270870,0x270870,0x2708f0,0x80
sub_002708F0,0x2708f0,0x270970,0x80
sub_00270970,0x270970,0x2709d8,0x68
sub_002709D8,0x2709d8,0x270ab0,0xd8
sub_00270AB0,0x270ab0,0x270b88,0xd8
sub_00270B88,0x270b88,0x270bd8,0x50
sub_00270BD8,0x270bd8,0x270c40,0x68
sub_00270C40,0x270c40,0x270c58,0x18
sub_00270C58,0x270c58,0x270ce8,0x90
sub_00270CE8,0x270ce8,0x270de0,0xf8
sub_00270DE0,0x270de0,0x270e18,0x38
sub_00270E18,0x270e18,0x270e68,0x50
sub_00270E68,0x270e68,0x270ed8,0x70
sub_00270ED8,0x270ed8,0x270ef8,0x20
sub_00270EF8,0x270ef8,0x270f18,0x20
sub_00270F18,0x270f18,0x270f20,0x8
sub_00270F20,0x270f20,0x270f78,0x58
sub_00270F78,0x270f78,0x270fc0,0x48
sub_00270FC0,0x270fc0,0x271058,0x98
sub_00271058,0x271058,0x2710a8,0x50
sub_002710A8,0x2710a8,0x271228,0x180
sub_00271228,0x271228,0x2712c0,0x98
sub_002712C0,0x2712c0,0x2712f8,0x38
sub_002712F8,0x2712f8,0x271348,0x50
sub_00271348,0x271348,0x271380,0x38
sub_00271380,0x271380,0x2714e0,0x160
sub_002714E0,0x2714e0,0x271510,0x30
sub_00271510,0x271510,0x271620,0x110
sub_00271620,0x271620,0x271688,0x68
sub_00271688,0x271688,0x2716f0,0x68
sub_002716F0,0x2716f0,0x271708,0x18
sub_00271708,0x271708,0x271758,0x50
sub_00271758,0x271758,0x2718e8,0x190
sub_002718E8,0x2718e8,0x272258,0x970
sub_00272258,0x272258,0x272288,0x30
sub_00272288,0x272288,0x2722c0,0x38
sub_002722C0,0x2722c0,0x2722e0,0x20
sub_002722E0,0x2722e0,0x272308,0x28
sub_00272308,0x272308,0x2723a8,0xa0
sub_002723A8,0x2723a8,0x272488,0xe0
sub_00272488,0x272488,0x2724c8,0x40
sub_002724C8,0x2724c8,0x2724e8,0x20
sub_002724E8,0x2724e8,0x272510,0x28
sub_00272510,0x272510,0x272570,0x60
sub_00272570,0x272570,0x2725b8,0x48
sub_002725B8,0x2725b8,0x2725f0,0x38
sub_002725F0,0x2725f0,0x2726a8,0xb8
sub_002726A8,0x2726a8,0x272788,0xe0
sub_00272788,0x272788,0x2728d0,0x148
sub_002728D0,0x2728d0,0x2728f8,0x28
sub_002728F8,0x2728f8,0x272938,0x40
sub_00272938,0x272938,0x2729a8,0x70
sub_002729A8,0x2729a8,0x272ad0,0x128
sub_00272AD0,0x272ad0,0x272b58,0x88
sub_00272B58,0x272b58,0x272bd0,0x78
sub_00272BD0,0x272bd0,0x272bf8,0x28
sub_00272BF8,0x272bf8,0x272c48,0x50
sub_00272C48,0x272c48,0x272c70,0x28
sub_00272C70,0x272c70,0x272cc0,0x50
sub_00272CC0,0x272cc0,0x272d68,0xa8
sub_00272D68,0x272d68,0x272da0,0x38
sub_00272DA0,0x272da0,0x272df0,0x50
sub_00272DF0,0x272df0,0x272ec0,0xd0
sub_00272EC0,0x272ec0,0x272f28,0x68
sub_00272F28,0x272f28,0x273040,0x118
sub_00273040,0x273040,0x2730c0,0x80
sub_002730C0,0x2730c0,0x273140,0x80
sub_00273140,0x273140,0x273180,0x40
sub_00273180,0x273180,0x2731b8,0x38
sub_002731B8,0x2731b8,0x273208,0x50
sub_00273208,0x273208,0x2732c8,0xc0
sub_002732C8,0x2732c8,0x273330,0x68
sub_00273330,0x273330,0x273418,0xe8
sub_00273418,0x273418,0x273468,0x50
sub_00273468,0x273468,0x2734a8,0x40
sub_002734A8,0x2734a8,0x2734e0,0x38
sub_002734E0,0x2734e0,0x273530,0x50
sub_00273530,0x273530,0x273630,0x100
sub_00273630,0x273630,0x273698,0x68
sub_00273698,0x273698,0x2737e0,0x148
sub_002737E0,0x2737e0,0x273860,0x80
sub_00273860,0x273860,0x2738f8,0x98
sub_002738F8,0x2738f8,0x273938,0x40
sub_00273938,0x273938,0x273970,0x38
sub_00273970,0x273970,0x2739b8,0x48
sub_002739B8,0x2739b8,0x273a00,0x48
sub_00273A00,0x273a00,0x273a60,0x60
sub_00273A60,0x273a60,0x273aa8,0x48
sub_00273AA8,0x273aa8,0x273d20,0x278
sub_00273D20,0x273d20,0x273dc0,0xa0
sub_00273DC0,0x273dc0,0x273f68,0x1a8
sub_00273F68,0x273f68,0x274100,0x198
sub_00274100,0x274100,0x274240,0x140
sub_00274240,0x274240,0x2742c8,0x88
sub_002742C8,0x2742c8,0x2742e0,0x18
sub_002742E0,0x2742e0,0x274318,0x38
sub_00274318,0x274318,0x274348,0x30
sub_00274348,0x274348,0x274388,0x40
sub_00274388,0x274388,0x274398,0x10
sub_00274398,0x274398,0x2743c0,0x28
sub_002743C0,0x2743c0,0x2743c8,0x8
sub_002743C8,0x2743c8,0x2743e8,0x20
sub_002743E8,0x2743e8,0x274518,0x130
sub_00274518,0x274518,0x2745c0,0xa8
sub_002745C0,0x2745c0,0x2746f8,0x138
sub_002746F8,0x2746f8,0x274808,0x110
sub_00274808,0x274808,0x274810,0x8
sub_00274810,0x274810,0x274830,0x20
sub_00274830,0x274830,0x274868,0x38
sub_00274868,0x274868,0x274918,0xb0
sub_00274918,0x274918,0x2749e8,0xd0
sub_002749E8,0x2749e8,0x274a08,0x20
sub_00274A08,0x274a08,0x274a30,0x28
sub_00274A30,0x274a30,0x274c10,0x1e0
sub_00274C10,0x274c10,0x274c20,0x10
sub_00274C20,0x274c20,0x274c38,0x18
sub_00274C38,0x274c38,0x274c58,0x20
sub_00274C58,0x274c58,0x274c60,0x8
sub_00274C60,0x274c60,0x274c68,0x8
sub_00274C68,0x274c68,0x274c70,0x8
sub_00274C70,0x274c70,0x274d08,0x98
sub_00274D08,0x274d08,0x274d70,0x68
sub_00274D70,0x274d70,0x274d90,0x20
sub_00274D90,0x274d90,0x274de0,0x50
sub_00274DE0,0x274de0,0x2751a0,0x3c0
sub_002751A0,0x2751a0,0x2753b8,0x218
sub_002753B8,0x2753b8,0x275498,0xe0
sub_00275498,0x275498,0x275500,0x68
sub_00275500,0x275500,0x275650,0x150
sub_00275650,0x275650,0x275698,0x48
sub_00275698,0x275698,0x275718,0x80
sub_00275718,0x275718,0x275760,0x48
sub_00275760,0x275760,0x2757f0,0x90
sub_002757F0,0x2757f0,0x275828,0x38
sub_00275828,0x275828,0x2758c0,0x98
sub_002758C0,0x2758c0,0x275920,0x60
sub_00275920,0x275920,0x275a20,0x100
sub_00275A20,0x275a20,0x275b08,0xe8
sub_00275B08,0x275b08,0x275b98,0x90
sub_00275B98,0x275b98,0x275cd0,0x138
sub_00275CD0,0x275cd0,0x275cf8,0x28
sub_00275CF8,0x275cf8,0x275d10,0x18
sub_00275D10,0x275d10,0x275d90,0x80
sub_00275D90,0x275d90,0x275dd8,0x48
sub_00275DD8,0x275dd8,0x275ed0,0xf8
sub_00275ED0,0x275ed0,0x276048,0x178
sub_00276048,0x276048,0x276198,0x150
sub_00276198,0x276198,0x276270,0xd8
sub_00276270,0x276270,0x276388,0x118
sub_00276388,0x276388,0x2766b0,0x328
sub_002766B0,0x2766b0,0x2766d0,0x20
sub_002766D0,0x2766d0,0x276868,0x198
sub_00276868,0x276868,0x276998,0x130
sub_00276998,0x276998,0x276a08,0x70
sub_00276A08,0x276a08,0x276a78,0x70
sub_00276A78,0x276a78,0x276b98,0x120
sub_00276B98,0x276b98,0x276bd8,0x40
sub_00276BD8,0x276bd8,0x276ca8,0xd0
sub_00276CA8,0x276ca8,0x276cc8,0x20
sub_00276CC8,0x276cc8,0x276f48,0x280
sub_00276F48,0x276f48,0x277060,0x118
sub_00277060,0x277060,0x2770c0,0x60
sub_002770C0,0x2770c0,0x277100,0x40
sub_00277100,0x277100,0x2771c8,0xc8
sub_002771C8,0x2771c8,0x277298,0xd0
sub_00277298,0x277298,0x2772b8,0x20
sub_002772B8,0x2772b8,0x2772c0,0x8
sub_002772C0,0x2772c0,0x277310,0x50
sub_00277310,0x277310,0x2773a0,0x90
sub_002773A0,0x2773a0,0x277400,0x60
sub_00277400,0x277400,0x277450,0x50
sub_00277450,0x277450,0x277598,0x148
sub_00277598,0x277598,0x2776e0,0x148
sub_002776E0,0x2776e0,0x277778,0x98
sub_00277778,0x277778,0x277800,0x88
sub_00277800,0x277800,0x277838,0x38
sub_00277838,0x277838,0x277980,0x148
sub_00277980,0x277980,0x277c08,0x288
sub_00277C08,0x277c08,0x277dd8,0x1d0
sub_00277DD8,0x277dd8,0x277de8,0x10
sub_00277DE8,0x277de8,0x277f08,0x120
sub_00277F08,0x277f08,0x277f20,0x18
sub_00277F20,0x277f20,0x278210,0x2f0
sub_00278210,0x278210,0x278308,0xf8
sub_00278308,0x278308,0x278358,0x50
sub_00278358,0x278358,0x278590,0x238
sub_00278590,0x278590,0x278710,0x180
sub_00278710,0x278710,0x278718,0x8
sub_00278718,0x278718,0x278720,0x8
sub_00278720,0x278720,0x278918,0x1f8
sub_00278918,0x278918,0x2789c0,0xa8
sub_002789C0,0x2789c0,0x2789e0,0x20
sub_002789E0,0x2789e0,0x278a10,0x30
sub_00278A10,0x278a10,0x278a58,0x48
sub_00278A58,0x278a58,0x278a98,0x40
sub_00278A98,0x278a98,0x278b98,0x100
sub_00278B98,0x278b98,0x278cd8,0x140
sub_00278CD8,0x278cd8,0x278d58,0x80
sub_00278D58,0x278d58,0x278da0,0x48
sub_00278DA0,0x278da0,0x278de8,0x48
sub_00278DE8,0x278de8,0x278e20,0x38
sub_00278E20,0x278e20,0x278e50,0x30
sub_00278E50,0x278e50,0x278e90,0x40
sub_00278E90,0x278e90,0x278ed0,0x40
sub_00278ED0,0x278ed0,0x278f38,0x68
sub_00278F38,0x278f38,0x278f68,0x30
sub_00278F68,0x278f68,0x279040,0xd8
sub_00279040,0x279040,0x279070,0x30
sub_00279070,0x279070,0x2790a0,0x30
sub_002790A0,0x2790a0,0x2790f8,0x58
sub_002790F8,0x2790f8,0x279148,0x50
sub_00279148,0x279148,0x2791d8,0x90
sub_002791D8,0x2791d8,0x279220,0x48
sub_00279220,0x279220,0x279248,0x28
sub_00279248,0x279248,0x279298,0x50
sub_00279298,0x279298,0x2792e0,0x48
sub_002792E0,0x2792e0,0x279370,0x90
sub_00279370,0x279370,0x279488,0x118
sub_00279488,0x279488,0x279528,0xa0
sub_00279528,0x279528,0x2795d0,0xa8
sub_002795D0,0x2795d0,0x279720,0x150
sub_00279720,0x279720,0x2797a0,0x80
sub_002797A0,0x2797a0,0x279ed8,0x738
sub_00279ED8,0x279ed8,0x279ef8,0x20
sub_00279EF8,0x279ef8,0x279f18,0x20
sub_00279F18,0x279f18,0x27a0d8,0x1c0
sub_0027A0D8,0x27a0d8,0x27a4a0,0x3c8
sub_0027A4A0,0x27a4a0,0x27a668,0x1c8
sub_0027A668,0x27a668,0x27a688,0x20
sub_0027A688,0x27a688,0x27a6b0,0x28
sub_0027A6B0,0x27a6b0,0x27a720,0x70
sub_0027A720,0x27a720,0x27a798,0x78
sub_0027A798,0x27a798,0x27a7f0,0x58
sub_0027A7F0,0x27a7f0,0x27a860,0x70
sub_0027A860,0x27a860,0x27a9f0,0x190
sub_0027A9F0,0x27a9f0,0x27aa80,0x90
sub_0027AA80,0x27aa80,0x27aaf8,0x78
sub_0027AAF8,0x27aaf8,0x27ac60,0x168
sub_0027AC60,0x27ac60,0x27b0c0,0x460
sub_0027B0C0,0x27b0c0,0x27b268,0x1a8
sub_0027B268,0x27b268,0x27b370,0x108
sub_0027B370,0x27b370,0x27b410,0xa0
sub_0027B410,0x27b410,0x27b4b8,0xa8
sub_0027B4B8,0x27b4b8,0x27b528,0x70
sub_0027B528,0x27b528,0x27b578,0x50
sub_0027B578,0x27b578,0x27b5d8,0x60
sub_0027B5D8,0x27b5d8,0x27b6b0,0xd8
sub_0027B6B0,0x27b6b0,0x27b750,0xa0
sub_0027B750,0x27b750,0x27b948,0x1f8
sub_0027B948,0x27b948,0x27bb08,0x1c0
sub_0027BB08,0x27bb08,0x27bd78,0x270
sub_0027BD78,0x27bd78,0x27bd90,0x18
sub_0027BD90,0x27bd90,0x27bdb8,0x28
sub_0027BDB8,0x27bdb8,0x27bf50,0x198
sub_0027BF50,0x27bf50,0x27bf90,0x40
sub_0027BF90,0x27bf90,0x27bfd0,0x40
sub_0027BFD0,0x27bfd0,0x27c020,0x50
sub_0027C020,0x27c020,0x27c050,0x30
sub_0027C050,0x27c050,0x27c070,0x20
sub_0027C070,0x27c070,0x27c078,0x8
sub_0027C078,0x27c078,0x27c098,0x20
sub_0027C098,0x27c098,0x27c0f0,0x58
sub_0027C0F0,0x27c0f0,0x27c2a8,0x1b8
sub_0027C2A8,0x27c2a8,0x27c300,0x58
sub_0027C300,0x27c300,0x27c4b8,0x1b8
sub_0027C4B8,0x27c4b8,0x27c510,0x58
sub_0027C510,0x27c510,0x27c6a0,0x190
sub_0027C6A0,0x27c6a0,0x27c6f8,0x58
sub_0027C6F8,0x27c6f8,0x27c888,0x190
sub_0027C888,0x27c888,0x27c8e0,0x58
sub_0027C8E0,0x27c8e0,0x27c958,0x78
sub_0027C958,0x27c958,0x27c960,0x8
sub_0027C960,0x27c960,0x27c9b0,0x50
sub_0027C9B0,0x27c9b0,0x27cbb0,0x200
sub_0027CBB0,0x27cbb0,0x27cc28,0x78
sub_0027CC28,0x27cc28,0x27cdd0,0x1a8
sub_0027CDD0,0x27cdd0,0x27ce58,0x88
sub_0027CE58,0x27ce58,0x27cea8,0x50
sub_0027CEA8,0x27cea8,0x27cf88,0xe0
sub_0027CF88,0x27cf88,0x27d050,0xc8
sub_0027D050,0x27d050,0x27d0c0,0x70
sub_0027D0C0,0x27d0c0,0x27d170,0xb0
sub_0027D170,0x27d170,0x27d210,0xa0
sub_0027D210,0x27d210,0x27d2c8,0xb8
sub_0027D2C8,0x27d2c8,0x27d2e8,0x20
sub_0027D2E8,0x27d2e8,0x27d2f0,0x8
sub_0027D2F0,0x27d2f0,0x27d320,0x30
sub_0027D320,0x27d320,0x27d330,0x10
sub_0027D330,0x27d330,0x27d390,0x60
sub_0027D390,0x27d390,0x27d400,0x70
sub_0027D400,0x27d400,0x27d4a0,0xa0
sub_0027D4A0,0x27d4a0,0x27d540,0xa0
sub_0027D540,0x27d540,0x27d558,0x18
sub_0027D558,0x27d558,0x27d578,0x20
sub_0027D578,0x27d578,0x27d5e8,0x70
sub_0027D5E8,0x27d5e8,0x27d680,0x98
sub_0027D680,0x27d680,0x27d688,0x8
sub_0027D688,0x27d688,0x27d788,0x100
sub_0027D788,0x27d788,0x27d790,0x8
sub_0027D790,0x27d790,0x27d970,0x1e0
sub_0027D970,0x27d970,0x27f968,0x1ff8
sub_0027F968,0x27f968,0x27f9f8,0x90
sub_0027F9F8,0x27f9f8,0x2803f0,0x9f8
sub_002803F0,0x2803f0,0x280520,0x130
sub_00280520,0x280520,0x280548,0x28
sub_00280548,0x280548,0x280560,0x18
sub_00280560,0x280560,0x2805b8,0x58
sub_002805B8,0x2805b8,0x280640,0x88
sub_00280640,0x280640,0x280730,0xf0
sub_00280730,0x280730,0x2807b0,0x80
sub_002807B0,0x2807b0,0x2808d8,0x128
sub_002808D8,0x2808d8,0x2808e8,0x10
sub_002808E8,0x2808e8,0x281000,0x718
sub_00281000,0x281000,0x281018,0x18
sub_00281018,0x281018,0x281100,0xe8
sub_00281100,0x281100,0x281160,0x60
sub_00281160,0x281160,0x281168,0x8
sub_00281168,0x281168,0x281170,0x8
sub_00281170,0x281170,0x281190,0x20
sub_00281190,0x281190,0x2811e8,0x58
sub_002811E8,0x2811e8,0x2812e0,0xf8
sub_002812E0,0x2812e0,0x281370,0x90
sub_00281370,0x281370,0x281400,0x90
sub_00281400,0x281400,0x2814f8,0xf8
sub_002814F8,0x2814f8,0x2816a0,0x1a8
sub_002816A0,0x2816a0,0x281a00,0x360
sub_00281A00,0x281a00,0x281a50,0x50
sub_00281A50,0x281a50,0x281ac8,0x78
sub_00281AC8,0x281ac8,0x281c40,0x178
sub_00281C40,0x281c40,0x281c68,0x28
sub_00281C68,0x281c68,0x281e80,0x218
sub_00281E80,0x281e80,0x281ed8,0x58
sub_00281ED8,0x281ed8,0x281f30,0x58
sub_00281F30,0x281f30,0x282020,0xf0
sub_00282020,0x282020,0x2820b0,0x90
sub_002820B0,0x2820b0,0x282150,0xa0
sub_00282150,0x282150,0x282178,0x28
sub_00282178,0x282178,0x2821a0,0x28
sub_002821A0,0x2821a0,0x2822a0,0x100
sub_002822A0,0x2822a0,0x282338,0x98
sub_00282338,0x282338,0x282390,0x58
sub_00282390,0x282390,0x2823f0,0x60
sub_002823F0,0x2823f0,0x282450,0x60
sub_00282450,0x282450,0x282540,0xf0
sub_00282540,0x282540,0x2826d8,0x198
sub_002826D8,0x2826d8,0x282720,0x48
sub_00282720,0x282720,0x282798,0x78
sub_00282798,0x282798,0x2827f8,0x60
sub_002827F8,0x2827f8,0x282838,0x40
sub_00282838,0x282838,0x2828b8,0x80
sub_002828B8,0x2828b8,0x282908,0x50
sub_00282908,0x282908,0x2829d0,0xc8
sub_002829D0,0x2829d0,0x282a18,0x48
sub_00282A18,0x282a18,0x282bb0,0x198
sub_00282BB0,0x282bb0,0x282be0,0x30
sub_00282BE0,0x282be0,0x282bf0,0x10
sub_00282BF0,0x282bf0,0x282c18,0x28
sub_00282C18,0x282c18,0x282c38,0x20
sub_00282C38,0x282c38,0x282c88,0x50
sub_00282C88,0x282c88,0x282cb0,0x28
sub_00282CB0,0x282cb0,0x282cd0,0x20
sub_00282CD0,0x282cd0,0x282d30,0x60
sub_00282D30,0x282d30,0x282da8,0x78
sub_00282DA8,0x282da8,0x282db0,0x8
sub_00282DB0,0x282db0,0x282dd0,0x20
sub_00282DD0,0x282dd0,0x282ef0,0x120
sub_00282EF0,0x282ef0,0x282f60,0x70
sub_00282F60,0x282f60,0x282f80,0x20
sub_00282F80,0x282f80,0x282f90,0x10
sub_00282F90,0x282f90,0x282fb8,0x28
sub_00282FB8,0x282fb8,0x283000,0x48
sub_00283000,0x283000,0x283038,0x38
sub_00283038,0x283038,0x283060,0x28
sub_00283060,0x283060,0x283088,0x28
sub_00283088,0x283088,0x2830c8,0x40
sub_002830C8,0x2830c8,0x283180,0xb8
sub_00283180,0x283180,0x2831b0,0x30
sub_002831B0,0x2831b0,0x283200,0x50
sub_00283200,0x283200,0x283228,0x28
sub_00283228,0x283228,0x283298,0x70
sub_00283298,0x283298,0x2832d8,0x40
sub_002832D8,0x2832d8,0x283430,0x158
sub_00283430,0x283430,0x283440,0x10
sub_00283440,0x283440,0x283450,0x10
sub_00283450,0x283450,0x283518,0xc8
sub_00283518,0x283518,0x283580,0x68
sub_00283580,0x283580,0x283610,0x90
sub_00283610,0x283610,0x283658,0x48
sub_00283658,0x283658,0x2836d8,0x80
sub_002836D8,0x2836d8,0x283720,0x48
sub_00283720,0x283720,0x283760,0x40
sub_00283760,0x283760,0x283798,0x38
sub_00283798,0x283798,0x2837c8,0x30
sub_002837C8,0x2837c8,0x283818,0x50
sub_00283818,0x283818,0x2838e8,0xd0
sub_002838E8,0x2838e8,0x2839a8,0xc0
sub_002839A8,0x2839a8,0x283aa0,0xf8
sub_00283AA0,0x283aa0,0x283af8,0x58
sub_00283AF8,0x283af8,0x283b78,0x80
sub_00283B78,0x283b78,0x283bb8,0x40
sub_00283BB8,0x283bb8,0x283c20,0x68
sub_00283C20,0x283c20,0x283c30,0x10
sub_00283C30,0x283c30,0x283c58,0x28
sub_00283C58,0x283c58,0x283c60,0x8
sub_00283C60,0x283c60,0x283c80,0x20
sub_00283C80,0x283c80,0x283d28,0xa8
sub_00283D28,0x283d28,0x283d70,0x48
sub_00283D70,0x283d70,0x283da0,0x30
sub_00283DA0,0x283da0,0x283dc0,0x20
sub_00283DC0,0x283dc0,0x283e60,0xa0
sub_00283E60,0x283e60,0x2847b0,0x950
sub_002847B0,0x2847b0,0x2847b8,0x8
sub_002847B8,0x2847b8,0x2847c0,0x8
sub_002847C0,0x2847c0,0x2847f0,0x30
sub_002847F0,0x2847f0,0x2847f8,0x8
sub_002847F8,0x2847f8,0x284800,0x8
sub_00284800,0x284800,0x284808,0x8
sub_00284808,0x284808,0x284810,0x8
sub_00284810,0x284810,0x284820,0x10
sub_00284820,0x284820,0x284828,0x8
sub_00284828,0x284828,0x284830,0x8
sub_00284830,0x284830,0x284838,0x8
sub_00284838,0x284838,0x284840,0x8
sub_00284840,0x284840,0x284848,0x8
sub_00284848,0x284848,0x284880,0x38
sub_00284880,0x284880,0x284888,0x8
sub_00284888,0x284888,0x2848a0,0x18
sub_002848A0,0x2848a0,0x2848d8,0x38
sub_002848D8,0x2848d8,0x284948,0x70
sub_00284948,0x284948,0x284950,0x8
sub_00284950,0x284950,0x2849c0,0x70
sub_002849C0,0x2849c0,0x284a28,0x68
sub_00284A28,0x284a28,0x284a88,0x60
sub_00284A88,0x284a88,0x284a90,0x8
sub_00284A90,0x284a90,0x284aa8,0x18
sub_00284AA8,0x284aa8,0x284ad8,0x30
sub_00284AD8,0x284ad8,0x284ae0,0x8
sub_00284AE0,0x284ae0,0x284ae8,0x8
sub_00284AE8,0x284ae8,0x284b58,0x70
sub_00284B58,0x284b58,0x284b80,0x28
sub_00284B80,0x284b80,0x284ba0,0x20
sub_00284BA0,0x284ba0,0x284bb0,0x10
sub_00284BB0,0x284bb0,0x284c28,0x78
sub_00284C28,0x284c28,0x284c68,0x40
sub_00284C68,0x284c68,0x285210,0x5a8
sub_00285210,0x285210,0x2854a8,0x298
sub_002854A8,0x2854a8,0x2854f8,0x50
sub_002854F8,0x2854f8,0x285930,0x438
sub_00285930,0x285930,0x285be0,0x2b0
sub_00285BE0,0x285be0,0x285bf8,0x18
sub_00285BF8,0x285bf8,0x285d98,0x1a0
sub_00285D98,0x285d98,0x285f48,0x1b0
sub_00285F48,0x285f48,0x285f80,0x38
sub_00285F80,0x285f80,0x285fb0,0x30
sub_00285FB0,0x285fb0,0x286200,0x250
sub_00286200,0x286200,0x2862a8,0xa8
sub_002862A8,0x2862a8,0x2867e8,0x540
sub_002867E8,0x2867e8,0x286a80,0x298
sub_00286A80,0x286a80,0x286c00,0x180
sub_00286C00,0x286c00,0x286ca8,0xa8
sub_00286CA8,0x286ca8,0x286d18,0x70
sub_00286D18,0x286d18,0x286e20,0x108
sub_00286E20,0x286e20,0x286ea0,0x80
sub_00286EA0,0x286ea0,0x2870a0,0x200
sub_002870A0,0x2870a0,0x287108,0x68
sub_00287108,0x287108,0x2871b0,0xa8
sub_002871B0,0x2871b0,0x2872a8,0xf8
sub_002872A8,0x2872a8,0x2873d8,0x130
sub_002873D8,0x2873d8,0x287410,0x38
sub_00287410,0x287410,0x287488,0x78
sub_00287488,0x287488,0x287520,0x98
sub_00287520,0x287520,0x287558,0x38
sub_00287558,0x287558,0x2875d0,0x78
sub_002875D0,0x2875d0,0x287670,0xa0
sub_00287670,0x287670,0x2876a0,0x30
sub_002876A0,0x2876a0,0x2876d0,0x30
sub_002876D0,0x2876d0,0x287700,0x30
sub_00287700,0x287700,0x287920,0x220
sub_00287920,0x287920,0x287930,0x10
sub_00287930,0x287930,0x287968,0x38
sub_00287968,0x287968,0x287a10,0xa8
sub_00287A10,0x287a10,0x287c48,0x238
sub_00287C48,0x287c48,0x287f00,0x2b8
sub_00287F00,0x287f00,0x287fc8,0xc8
sub_00287FC8,0x287fc8,0x288370,0x3a8
sub_00288370,0x288370,0x2883b0,0x40
sub_002883B0,0x2883b0,0x2887a8,0x3f8
sub_002887A8,0x2887a8,0x2887f8,0x50
sub_002887F8,0x2887f8,0x288940,0x148
sub_00288940,0x288940,0x288a20,0xe0
sub_00288A20,0x288a20,0x288ac0,0xa0
sub_00288AC0,0x288ac0,0x288ae0,0x20
sub_00288AE0,0x288ae0,0x288b40,0x60
sub_00288B40,0x288b40,0x288c08,0xc8
sub_00288C08,0x288c08,0x288ce8,0xe0
sub_00288CE8,0x288ce8,0x288d18,0x30
sub_00288D18,0x288d18,0x288f60,0x248
sub_00288F60,0x288f60,0x289400,0x4a0
sub_00289400,0x289400,0x289448,0x48
sub_00289448,0x289448,0x289470,0x28
sub_00289470,0x289470,0x289520,0xb0
sub_00289520,0x289520,0x289650,0x130
sub_00289650,0x289650,0x289680,0x30
sub_00289680,0x289680,0x289688,0x8
sub_00289688,0x289688,0x289830,0x1a8
sub_00289830,0x289830,0x2898a8,0x78
sub_002898A8,0x2898a8,0x2899e8,0x140
sub_002899E8,0x2899e8,0x2899f8,0x10
sub_002899F8,0x2899f8,0x289af0,0xf8
sub_00289AF0,0x289af0,0x289af8,0x8
sub_00289AF8,0x289af8,0x289b18,0x20
sub_00289B18,0x289b18,0x289b70,0x58
sub_00289B70,0x289b70,0x289bb8,0x48
sub_00289BB8,0x289bb8,0x289c18,0x60
sub_00289C18,0x289c18,0x289c98,0x80
sub_00289C98,0x289c98,0x289d08,0x70
sub_00289D08,0x289d08,0x289d60,0x58
sub_00289D60,0x289d60,0x289dc0,0x60
sub_00289DC0,0x289dc0,0x289de0,0x20
sub_00289DE0,0x289de0,0x289df0,0x10
sub_00289DF0,0x289df0,0x28a058,0x268
sub_0028A058,0x28a058,0x28a148,0xf0
sub_0028A148,0x28a148,0x28a1e8,0xa0
sub_0028A1E8,0x28a1e8,0x28a230,0x48
sub_0028A230,0x28a230,0x28a298,0x68
sub_0028A298,0x28a298,0x28a558,0x2c0
sub_0028A558,0x28a558,0x28a728,0x1d0
sub_0028A728,0x28a728,0x28aaf8,0x3d0
sub_0028AAF8,0x28aaf8,0x28b180,0x688
sub_0028B180,0x28b180,0x28b1b0,0x30
sub_0028B1B0,0x28b1b0,0x28b1c0,0x10
sub_0028B1C0,0x28b1c0,0x28b1c8,0x8
sub_0028B1C8,0x28b1c8,0x28b1d8,0x10
sub_0028B1D8,0x28b1d8,0x28b1e8,0x10
sub_0028B1E8,0x28b1e8,0x28b1f8,0x10
sub_0028B1F8,0x28b1f8,0x28b210,0x18
sub_0028B210,0x28b210,0x28b240,0x30
sub_0028B240,0x28b240,0x28b248,0x8
sub_0028B248,0x28b248,0x28b278,0x30
sub_0028B278,0x28b278,0x28b2d0,0x58
sub_0028B2D0,0x28b2d0,0x28b320,0x50
sub_0028B320,0x28b320,0x28b528,0x208
sub_0028B528,0x28b528,0x28b588,0x60
sub_0028B588,0x28b588,0x28b650,0xc8
sub_0028B650,0x28b650,0x28b6c8,0x78
sub_0028B6C8,0x28b6c8,0x28b730,0x68
sub_0028B730,0x28b730,0x28b788,0x58
sub_0028B788,0x28b788,0x28b7e0,0x58
sub_0028B7E0,0x28b7e0,0x28b830,0x50
sub_0028B830,0x28b830,0x28b878,0x48
sub_0028B878,0x28b878,0x28b8d8,0x60
sub_0028B8D8,0x28b8d8,0x28b928,0x50
sub_0028B928,0x28b928,0x28b930,0x8
sub_0028B930,0x28b930,0x28b9b8,0x88
sub_0028B9B8,0x28b9b8,0x28bb10,0x158
sub_0028BB10,0x28bb10,0x28bc58,0x148
sub_0028BC58,0x28bc58,0x28bce8,0x90
sub_0028BCE8,0x28bce8,0x28bd10,0x28
sub_0028BD10,0x28bd10,0x28bda8,0x98
sub_0028BDA8,0x28bda8,0x28bde0,0x38
sub_0028BDE0,0x28bde0,0x28be60,0x80
sub_0028BE60,0x28be60,0x28be90,0x30
sub_0028BE90,0x28be90,0x28beb8,0x28
sub_0028BEB8,0x28beb8,0x28bee0,0x28
sub_0028BEE0,0x28bee0,0x28bf10,0x30
sub_0028BF10,0x28bf10,0x28bf38,0x28
sub_0028BF38,0x28bf38,0x28bf78,0x40
sub_0028BF78,0x28bf78,0x28c2d0,0x358
sub_0028C2D0,0x28c2d0,0x28c430,0x160
sub_0028C430,0x28c430,0x28c8c0,0x490
sub_0028C8C0,0x28c8c0,0x28c8c8,0x8
sub_0028C8C8,0x28c8c8,0x28cd48,0x480
sub_0028CD48,0x28cd48,0x28cdf8,0xb0
sub_0028CDF8,0x28cdf8,0x28cf98,0x1a0
sub_0028CF98,0x28cf98,0x28d488,0x4f0
sub_0028D488,0x28d488,0x28d5a0,0x118
sub_0028D5A0,0x28d5a0,0x28d630,0x90
sub_0028D630,0x28d630,0x28d740,0x110
sub_0028D740,0x28d740,0x28d7d8,0x98
sub_0028D7D8,0x28d7d8,0x28d898,0xc0
sub_0028D898,0x28d898,0x28d8a0,0x8
sub_0028D8A0,0x28d8a0,0x28d960,0xc0
sub_0028D960,0x28d960,0x28d988,0x28
sub_0028D988,0x28d988,0x28def0,0x568
sub_0028DEF0,0x28def0,0x28df08,0x18
sub_0028DF08,0x28df08,0x28df18,0x10
sub_0028DF18,0x28df18,0x28e100,0x1e8
sub_0028E100,0x28e100,0x28e888,0x788
sub_0028E888,0x28e888,0x28e8c0,0x38
sub_0028E8C0,0x28e8c0,0x28ef90,0x6d0
sub_0028EF90,0x28ef90,0x28f000,0x70
sub_0028F000,0x28f000,0x28f108,0x108
sub_0028F108,0x28f108,0x28f140,0x38
sub_0028F140,0x28f140,0x28f200,0xc0
sub_0028F200,0x28f200,0x28f2c0,0xc0
sub_0028F2C0,0x28f2c0,0x28f520,0x260
sub_0028F520,0x28f520,0x28f558,0x38
sub_0028F558,0x28f558,0x28f5b8,0x60
sub_0028F5B8,0x28f5b8,0x28f678,0xc0
sub_0028F678,0x28f678,0x28f700,0x88
sub_0028F700,0x28f700,0x28f730,0x30
sub_0028F730,0x28f730,0x28f768,0x38
sub_0028F768,0x28f768,0x28fa98,0x330
sub_0028FA98,0x28fa98,0x28fae0,0x48
sub_0028FAE0,0x28fae0,0x28fc38,0x158
sub_0028FC38,0x28fc38,0x28fc58,0x20
sub_0028FC58,0x28fc58,0x28fd00,0xa8
sub_0028FD00,0x28fd00,0x28fea0,0x1a0
sub_0028FEA0,0x28fea0,0x290018,0x178
sub_00290018,0x290018,0x290358,0x340
sub_00290358,0x290358,0x2906b8,0x360
sub_002906B8,0x2906b8,0x290b58,0x4a0
sub_00290B58,0x290b58,0x290c10,0xb8
sub_00290C10,0x290c10,0x290c40,0x30
sub_00290C40,0x290c40,0x290f58,0x318
sub_00290F58,0x290f58,0x290fd0,0x78
sub_00290FD0,0x290fd0,0x2910e0,0x110
sub_002910E0,0x2910e0,0x2913d8,0x2f8
sub_002913D8,0x2913d8,0x291438,0x60
sub_00291438,0x291438,0x291710,0x2d8
sub_00291710,0x291710,0x2917b8,0xa8
sub_002917B8,0x2917b8,0x2917d0,0x18
sub_002917D0,0x2917d0,0x291c88,0x4b8
sub_00291C88,0x291c88,0x292508,0x880
sub_00292508,0x292508,0x2929d8,0x4d0
sub_002929D8,0x2929d8,0x292a50,0x78
sub_00292A50,0x292a50,0x292ae8,0x98
sub_00292AE8,0x292ae8,0x292b48,0x60
sub_00292B48,0x292b48,0x293168,0x620
sub_00293168,0x293168,0x293290,0x128
sub_00293290,0x293290,0x293350,0xc0
sub_00293350,0x293350,0x293410,0xc0
sub_00293410,0x293410,0x2934d0,0xc0
sub_002934D0,0x2934d0,0x293538,0x68
sub_00293538,0x293538,0x293740,0x208
sub_00293740,0x293740,0x293948,0x208
sub_00293948,0x293948,0x293b50,0x208
sub_00293B50,0x293b50,0x293b70,0x20
sub_00293B70,0x293b70,0x293b90,0x20
sub_00293B90,0x293b90,0x293bb0,0x20
sub_00293BB0,0x293bb0,0x293dc0,0x210
sub_00293DC0,0x293dc0,0x293fc8,0x208
sub_00293FC8,0x293fc8,0x294170,0x1a8
sub_00294170,0x294170,0x294678,0x508
sub_00294678,0x294678,0x2947b0,0x138
sub_002947B0,0x2947b0,0x294880,0xd0
sub_00294880,0x294880,0x2948a0,0x20
sub_002948A0,0x2948a0,0x2948d0,0x30
sub_002948D0,0x2948d0,0x294f48,0x678
sub_00294F48,0x294f48,0x294f78,0x30
sub_00294F78,0x294f78,0x295028,0xb0
sub_00295028,0x295028,0x295208,0x1e0
sub_00295208,0x295208,0x295628,0x420
sub_00295628,0x295628,0x295950,0x328
sub_00295950,0x295950,0x296088,0x738
sub_00296088,0x296088,0x2961f0,0x168
sub_002961F0,0x2961f0,0x296310,0x120
sub_00296310,0x296310,0x296868,0x558
sub_00296868,0x296868,0x296e20,0x5b8
sub_00296E20,0x296e20,0x296e80,0x60
sub_00296E80,0x296e80,0x297438,0x5b8
sub_00297438,0x297438,0x2974a0,0x68
sub_002974A0,0x2974a0,0x297950,0x4b0
sub_00297950,0x297950,0x297eb8,0x568
sub_00297EB8,0x297eb8,0x297f70,0xb8
sub_00297F70,0x297f70,0x297fa0,0x30
sub_00297FA0,0x297fa0,0x2980b0,0x110
sub_002980B0,0x2980b0,0x298138,0x88
sub_00298138,0x298138,0x298488,0x350
sub_00298488,0x298488,0x2989a8,0x520
sub_002989A8,0x2989a8,0x298d00,0x358
sub_00298D00,0x298d00,0x298d90,0x90
sub_00298D90,0x298d90,0x2992d8,0x548
sub_002992D8,0x2992d8,0x299368,0x90
sub_00299368,0x299368,0x299638,0x2d0
sub_00299638,0x299638,0x2997b8,0x180
sub_002997B8,0x2997b8,0x299b70,0x3b8
sub_00299B70,0x299b70,0x299e28,0x2b8
sub_00299E28,0x299e28,0x29a220,0x3f8
sub_0029A220,0x29a220,0x29a530,0x310
sub_0029A530,0x29a530,0x29a7d8,0x2a8
sub_0029A7D8,0x29a7d8,0x29ab08,0x330
sub_0029AB08,0x29ab08,0x29ab40,0x38
sub_0029AB40,0x29ab40,0x29b0e0,0x5a0
sub_0029B0E0,0x29b0e0,0x29b3c0,0x2e0
sub_0029B3C0,0x29b3c0,0x29b430,0x70
sub_0029B430,0x29b430,0x29b738,0x308
sub_0029B738,0x29b738,0x29b7e0,0xa8
sub_0029B7E0,0x29b7e0,0x29b818,0x38
sub_0029B818,0x29b818,0x29b960,0x148
sub_0029B960,0x29b960,0x29b968,0x8
sub_0029B968,0x29b968,0x29bcf8,0x390
sub_0029BCF8,0x29bcf8,0x29c088,0x390
sub_0029C088,0x29c088,0x29c418,0x390
sub_0029C418,0x29c418,0x29c420,0x8
sub_0029C420,0x29c420,0x29c7b0,0x390
sub_0029C7B0,0x29c7b0,0x29cca8,0x4f8
sub_0029CCA8,0x29cca8,0x29ce28,0x180
sub_0029CE28,0x29ce28,0x29ce70,0x48
sub_0029CE70,0x29ce70,0x29ced8,0x68
sub_0029CED8,0x29ced8,0x29d290,0x3b8
sub_0029D290,0x29d290,0x29d370,0xe0
sub_0029D370,0x29d370,0x29d610,0x2a0
sub_0029D610,0x29d610,0x29d678,0x68
sub_0029D678,0x29d678,0x29d6d0,0x58
sub_0029D6D0,0x29d6d0,0x29d6e0,0x10
sub_0029D6E0,0x29d6e0,0x29d8e0,0x200
sub_0029D8E0,0x29d8e0,0x29dbb0,0x2d0
sub_0029DBB0,0x29dbb0,0x29dc48,0x98
sub_0029DC48,0x29dc48,0x29def0,0x2a8
sub_0029DEF0,0x29def0,0x29e438,0x548
sub_0029E438,0x29e438,0x29e560,0x128
sub_0029E560,0x29e560,0x29e578,0x18
sub_0029E578,0x29e578,0x29e590,0x18
sub_0029E590,0x29e590,0x29e970,0x3e0
sub_0029E970,0x29e970,0x29ed18,0x3a8
sub_0029ED18,0x29ed18,0x29ed90,0x78
sub_0029ED90,0x29ed90,0x29eee0,0x150
sub_0029EEE0,0x29eee0,0x29f000,0x120
sub_0029F000,0x29f000,0x29f088,0x88
sub_0029F088,0x29f088,0x29f0a0,0x18
sub_0029F0A0,0x29f0a0,0x29f0d8,0x38
sub_0029F0D8,0x29f0d8,0x29f128,0x50
sub_0029F128,0x29f128,0x29f160,0x38
sub_0029F160,0x29f160,0x29f198,0x38
sub_0029F198,0x29f198,0x29f2b0,0x118
sub_0029F2B0,0x29f2b0,0x29f330,0x80
sub_0029F330,0x29f330,0x29f378,0x48
sub_0029F378,0x29f378,0x29f3f8,0x80
sub_0029F3F8,0x29f3f8,0x29f5e0,0x1e8
sub_0029F5E0,0x29f5e0,0x29f620,0x40
sub_0029F620,0x29f620,0x29f660,0x40
sub_0029F660,0x29f660,0x29fcc8,0x668
sub_0029FCC8,0x29fcc8,0x29ff80,0x2b8
sub_0029FF80,0x29ff80,0x2a02d8,0x358
sub_002A02D8,0x2a02d8,0x2a0560,0x288
sub_002A0560,0x2a0560,0x2a0a30,0x4d0
sub_002A0A30,0x2a0a30,0x2a0e70,0x440
sub_002A0E70,0x2a0e70,0x2a1028,0x1b8
sub_002A1028,0x2a1028,0x2a10c0,0x98
sub_002A10C0,0x2a10c0,0x2a1138,0x78
sub_002A1138,0x2a1138,0x2a1280,0x148
sub_002A1280,0x2a1280,0x2a1400,0x180
sub_002A1400,0x2a1400,0x2a1560,0x160
sub_002A1560,0x2a1560,0x2a16b0,0x150
sub_002A16B0,0x2a16b0,0x2a1778,0xc8
sub_002A1778,0x2a1778,0x2a1820,0xa8
sub_002A1820,0x2a1820,0x2a19d8,0x1b8
sub_002A19D8,0x2a19d8,0x2a1b58,0x180
sub_002A1B58,0x2a1b58,0x2a1b88,0x30
sub_002A1B88,0x2a1b88,0x2a1bd0,0x48
sub_002A1BD0,0x2a1bd0,0x2a1bd8,0x8
sub_002A1BD8,0x2a1bd8,0x2a1d48,0x170
sub_002A1D48,0x2a1d48,0x2a1da0,0x58
sub_002A1DA0,0x2a1da0,0x2a1e20,0x80
sub_002A1E20,0x2a1e20,0x2a1e68,0x48
sub_002A1E68,0x2a1e68,0x2a2018,0x1b0
sub_002A2018,0x2a2018,0x2a20d0,0xb8
sub_002A20D0,0x2a20d0,0x2a2188,0xb8
sub_002A2188,0x2a2188,0x2a2260,0xd8
sub_002A2260,0x2a2260,0x2a2318,0xb8
sub_002A2318,0x2a2318,0x2a23d0,0xb8
sub_002A23D0,0x2a23d0,0x2a24b0,0xe0
sub_002A24B0,0x2a24b0,0x2a2568,0xb8
sub_002A2568,0x2a2568,0x2a2638,0xd0
sub_002A2638,0x2a2638,0x2a26f0,0xb8
sub_002A26F0,0x2a26f0,0x2a27d8,0xe8
sub_002A27D8,0x2a27d8,0x2a2860,0x88
sub_002A2860,0x2a2860,0x2a2938,0xd8
sub_002A2938,0x2a2938,0x2a2a10,0xd8
sub_002A2A10,0x2a2a10,0x2a2ad0,0xc0
sub_002A2AD0,0x2a2ad0,0x2a2b88,0xb8
sub_002A2B88,0x2a2b88,0x2a2c30,0xa8
sub_002A2C30,0x2a2c30,0x2a2cf0,0xc0
sub_002A2CF0,0x2a2cf0,0x2a2da0,0xb0
sub_002A2DA0,0x2a2da0,0x2a2e50,0xb0
sub_002A2E50,0x2a2e50,0x2a3170,0x320
sub_002A3170,0x2a3170,0x2a31c0,0x50
sub_002A31C0,0x2a31c0,0x2a32b0,0xf0
sub_002A32B0,0x2a32b0,0x2a3358,0xa8
sub_002A3358,0x2a3358,0x2a3400,0xa8
sub_002A3400,0x2a3400,0x2a34d0,0xd0
sub_002A34D0,0x2a34d0,0x2a3708,0x238
sub_002A3708,0x2a3708,0x2a3860,0x158
sub_002A3860,0x2a3860,0x2a39e0,0x180
sub_002A39E0,0x2a39e0,0x2a3b18,0x138
sub_002A3B18,0x2a3b18,0x2a3c00,0xe8
sub_002A3C00,0x2a3c00,0x2a3ce8,0xe8
sub_002A3CE8,0x2a3ce8,0x2a3de0,0xf8
sub_002A3DE0,0x2a3de0,0x2a3eb8,0xd8
sub_002A3EB8,0x2a3eb8,0x2a3f90,0xd8
sub_002A3F90,0x2a3f90,0x2a3fd8,0x48
sub_002A3FD8,0x2a3fd8,0x2a3fe8,0x10
sub_002A3FE8,0x2a3fe8,0x2a4030,0x48
sub_002A4030,0x2a4030,0x2a4040,0x10
sub_002A4040,0x2a4040,0x2a4078,0x38
sub_002A4078,0x2a4078,0x2a40e0,0x68
sub_002A40E0,0x2a40e0,0x2a40e8,0x8
sub_002A40E8,0x2a40e8,0x2a4158,0x70
sub_002A4158,0x2a4158,0x2a4168,0x10
sub_002A4168,0x2a4168,0x2a41c8,0x60
sub_002A41C8,0x2a41c8,0x2a41d8,0x10
sub_002A41D8,0x2a41d8,0x2a4238,0x60
sub_002A4238,0x2a4238,0x2a4248,0x10
sub_002A4248,0x2a4248,0x2a4290,0x48
sub_002A4290,0x2a4290,0x2a42c8,0x38
sub_002A42C8,0x2a42c8,0x2a4318,0x50
sub_002A4318,0x2a4318,0x2a4368,0x50
sub_002A4368,0x2a4368,0x2a43b8,0x50
sub_002A43B8,0x2a43b8,0x2a4550,0x198
sub_002A4550,0x2a4550,0x2a4590,0x40
sub_002A4590,0x2a4590,0x2a45c0,0x30
sub_002A45C0,0x2a45c0,0x2a4660,0xa0
sub_002A4660,0x2a4660,0x2a4718,0xb8
sub_002A4718,0x2a4718,0x2a4770,0x58
sub_002A4770,0x2a4770,0x2a49e8,0x278
sub_002A49E8,0x2a49e8,0x2a4a38,0x50
sub_002A4A38,0x2a4a38,0x2a4a78,0x40
sub_002A4A78,0x2a4a78,0x2a4b68,0xf0
sub_002A4B68,0x2a4b68,0x2a4ba8,0x40
sub_002A4BA8,0x2a4ba8,0x2a4be0,0x38
sub_002A4BE0,0x2a4be0,0x2a4c28,0x48
sub_002A4C28,0x2a4c28,0x2a4ca0,0x78
sub_002A4CA0,0x2a4ca0,0x2a4cf8,0x58
sub_002A4CF8,0x2a4cf8,0x2a4d68,0x70
sub_002A4D68,0x2a4d68,0x2a4e38,0xd0
sub_002A4E38,0x2a4e38,0x2a4e88,0x50
sub_002A4E88,0x2a4e88,0x2a5cd8,0xe50
sub_002A5CD8,0x2a5cd8,0x2a5d08,0x30
sub_002A5D08,0x2a5d08,0x2a62f0,0x5e8
sub_002A62F0,0x2a62f0,0x2a6430,0x140
sub_002A6430,0x2a6430,0x2a64a0,0x70
sub_002A64A0,0x2a64a0,0x2a6648,0x1a8
sub_002A6648,0x2a6648,0x2a67f0,0x1a8
sub_002A67F0,0x2a67f0,0x2a6808,0x18
sub_002A6808,0x2a6808,0x2a6848,0x40
sub_002A6848,0x2a6848,0x2a68b0,0x68
sub_002A68B0,0x2a68b0,0x2a69a0,0xf0
sub_002A69A0,0x2a69a0,0x2a6b50,0x1b0
sub_002A6B50,0x2a6b50,0x2a6d18,0x1c8
sub_002A6D18,0x2a6d18,0x2a6d78,0x60
sub_002A6D78,0x2a6d78,0x2a6f38,0x1c0
sub_002A6F38,0x2a6f38,0x2a7040,0x108
sub_002A7040,0x2a7040,0x2a72c0,0x280
sub_002A72C0,0x2a72c0,0x2a72d8,0x18
sub_002A72D8,0x2a72d8,0x2a7340,0x68
sub_002A7340,0x2a7340,0x2a73a8,0x68
sub_002A73A8,0x2a73a8,0x2a73d8,0x30
sub_002A73D8,0x2a73d8,0x2a7408,0x30
sub_002A7408,0x2a7408,0x2a7438,0x30
sub_002A7438,0x2a7438,0x2a7468,0x30
sub_002A7468,0x2a7468,0x2a7678,0x210
sub_002A7678,0x2a7678,0x2a7718,0xa0
sub_002A7718,0x2a7718,0x2a77c8,0xb0
sub_002A77C8,0x2a77c8,0x2a77f8,0x30
sub_002A77F8,0x2a77f8,0x2a7890,0x98
sub_002A7890,0x2a7890,0x2a78e0,0x50
sub_002A78E0,0x2a78e0,0x2a78f8,0x18
sub_002A78F8,0x2a78f8,0x2a79c8,0xd0
sub_002A79C8,0x2a79c8,0x2a7a20,0x58
sub_002A7A20,0x2a7a20,0x2a7a90,0x70
sub_002A7A90,0x2a7a90,0x2a7b08,0x78
sub_002A7B08,0x2a7b08,0x2a7bf8,0xf0
sub_002A7BF8,0x2a7bf8,0x2a7c68,0x70
sub_002A7C68,0x2a7c68,0x2a7cf0,0x88
sub_002A7CF0,0x2a7cf0,0x2a7da0,0xb0
sub_002A7DA0,0x2a7da0,0x2a7e60,0xc0
sub_002A7E60,0x2a7e60,0x2a7ea8,0x48
sub_002A7EA8,0x2a7ea8,0x2a7ef0,0x48
sub_002A7EF0,0x2a7ef0,0x2a7f90,0xa0
sub_002A7F90,0x2a7f90,0x2a7ff8,0x68
sub_002A7FF8,0x2a7ff8,0x2a8070,0x78
sub_002A8070,0x2a8070,0x2a80d8,0x68
sub_002A80D8,0x2a80d8,0x2a8140,0x68
sub_002A8140,0x2a8140,0x2a82d8,0x198
sub_002A82D8,0x2a82d8,0x2a8450,0x178
sub_002A8450,0x2a8450,0x2a86b8,0x268
sub_002A86B8,0x2a86b8,0x2a8b28,0x470
sub_002A8B28,0x2a8b28,0x2a8c20,0xf8
sub_002A8C20,0x2a8c20,0x2a8fa0,0x380
sub_002A8FA0,0x2a8fa0,0x2a8fd8,0x38
sub_002A8FD8,0x2a8fd8,0x2a9128,0x150
sub_002A9128,0x2a9128,0x2a9250,0x128
sub_002A9250,0x2a9250,0x2a9288,0x38
sub_002A9288,0x2a9288,0x2a92b8,0x30
sub_002A92B8,0x2a92b8,0x2a92f8,0x40
sub_002A92F8,0x2a92f8,0x2a9350,0x58
sub_002A9350,0x2a9350,0x2a97c0,0x470
sub_002A97C0,0x2a97c0,0x2a9988,0x1c8
sub_002A9988,0x2a9988,0x2a99d8,0x50
sub_002A99D8,0x2a99d8,0x2a9c00,0x228
sub_002A9C00,0x2a9c00,0x2a9df0,0x1f0
sub_002A9DF0,0x2a9df0,0x2a9e78,0x88
sub_002A9E78,0x2a9e78,0x2a9ed8,0x60
sub_002A9ED8,0x2a9ed8,0x2a9f30,0x58
sub_002A9F30,0x2a9f30,0x2a9f38,0x8
sub_002A9F38,0x2a9f38,0x2a9f80,0x48
sub_002A9F80,0x2a9f80,0x2aa020,0xa0
sub_002AA020,0x2aa020,0x2aa068,0x48
sub_002AA068,0x2aa068,0x2aa108,0xa0
sub_002AA108,0x2aa108,0x2aa150,0x48
sub_002AA150,0x2aa150,0x2aa188,0x38
sub_002AA188,0x2aa188,0x2aa1b8,0x30
sub_002AA1B8,0x2aa1b8,0x2aa1e8,0x30
sub_002AA1E8,0x2aa1e8,0x2aa210,0x28
sub_002AA210,0x2aa210,0x2aa240,0x30
sub_002AA240,0x2aa240,0x2aa260,0x20
sub_002AA260,0x2aa260,0x2aa2b0,0x50
sub_002AA2B0,0x2aa2b0,0x2aa2e8,0x38
sub_002AA2E8,0x2aa2e8,0x2aa320,0x38
sub_002AA320,0x2aa320,0x2aa398,0x78
sub_002AA398,0x2aa398,0x2aa408,0x70
sub_002AA408,0x2aa408,0x2aa428,0x20
sub_002AA428,0x2aa428,0x2aa448,0x20
sub_002AA448,0x2aa448,0x2aa490,0x48
sub_002AA490,0x2aa490,0x2aa648,0x1b8
sub_002AA648,0x2aa648,0x2aa7f0,0x1a8
sub_002AA7F0,0x2aa7f0,0x2aa870,0x80
sub_002AA870,0x2aa870,0x2aa910,0xa0
sub_002AA910,0x2aa910,0x2aab98,0x288
sub_002AAB98,0x2aab98,0x2aabd0,0x38
sub_002AABD0,0x2aabd0,0x2aac28,0x58
sub_002AAC28,0x2aac28,0x2aad78,0x150
sub_002AAD78,0x2aad78,0x2aae08,0x90
sub_002AAE08,0x2aae08,0x2aae40,0x38
sub_002AAE40,0x2aae40,0x2aae78,0x38
sub_002AAE78,0x2aae78,0x2ab028,0x1b0
sub_002AB028,0x2ab028,0x2ab0d0,0xa8
sub_002AB0D0,0x2ab0d0,0x2ab128,0x58
sub_002AB128,0x2ab128,0x2ab150,0x28
sub_002AB150,0x2ab150,0x2ab188,0x38
sub_002AB188,0x2ab188,0x2ab1a0,0x18
sub_002AB1A0,0x2ab1a0,0x2ab200,0x60
sub_002AB200,0x2ab200,0x2ab478,0x278
sub_002AB478,0x2ab478,0x2ab6b0,0x238
sub_002AB6B0,0x2ab6b0,0x2ab828,0x178
sub_002AB828,0x2ab828,0x2ab958,0x130
sub_002AB958,0x2ab958,0x2ab9e0,0x88
sub_002AB9E0,0x2ab9e0,0x2aba18,0x38
sub_002ABA18,0x2aba18,0x2aba40,0x28
sub_002ABA40,0x2aba40,0x2abb38,0xf8
sub_002ABB38,0x2abb38,0x2abb80,0x48
sub_002ABB80,0x2abb80,0x2abc18,0x98
sub_002ABC18,0x2abc18,0x2abc80,0x68
sub_002ABC80,0x2abc80,0x2abca0,0x20
sub_002ABCA0,0x2abca0,0x2abce8,0x48
sub_002ABCE8,0x2abce8,0x2abcf8,0x10
sub_002ABCF8,0x2abcf8,0x2abd38,0x40
sub_002ABD38,0x2abd38,0x2abd48,0x10
sub_002ABD48,0x2abd48,0x2abd90,0x48
sub_002ABD90,0x2abd90,0x2abe78,0xe8
sub_002ABE78,0x2abe78,0x2abf60,0xe8
sub_002ABF60,0x2abf60,0x2ac180,0x220
sub_002AC180,0x2ac180,0x2ac220,0xa0
sub_002AC220,0x2ac220,0x2ac7f0,0x5d0
sub_002AC7F0,0x2ac7f0,0x2ac868,0x78
sub_002AC868,0x2ac868,0x2acac8,0x260
sub_002ACAC8,0x2acac8,0x2acb30,0x68
sub_002ACB30,0x2acb30,0x2acb80,0x50
sub_002ACB80,0x2acb80,0x2acd08,0x188
sub_002ACD08,0x2acd08,0x2ace40,0x138
sub_002ACE40,0x2ace40,0x2acf60,0x120
sub_002ACF60,0x2acf60,0x2acfe0,0x80
sub_002ACFE0,0x2acfe0,0x2ad2a8,0x2c8
sub_002AD2A8,0x2ad2a8,0x2ad300,0x58
sub_002AD300,0x2ad300,0x2ad398,0x98
sub_002AD398,0x2ad398,0x2ad3c0,0x28
sub_002AD3C0,0x2ad3c0,0x2ad410,0x50
sub_002AD410,0x2ad410,0x2ad4d8,0xc8
sub_002AD4D8,0x2ad4d8,0x2ad550,0x78
sub_002AD550,0x2ad550,0x2ad5f0,0xa0
sub_002AD5F0,0x2ad5f0,0x2ad650,0x60
sub_002AD650,0x2ad650,0x2ad810,0x1c0
sub_002AD810,0x2ad810,0x2ad848,0x38
sub_002AD848,0x2ad848,0x2ad860,0x18
sub_002AD860,0x2ad860,0x2ad888,0x28
sub_002AD888,0x2ad888,0x2ad930,0xa8
sub_002AD930,0x2ad930,0x2ad940,0x10
sub_002AD940,0x2ad940,0x2ad970,0x30
sub_002AD970,0x2ad970,0x2ad980,0x10
sub_002AD980,0x2ad980,0x2ad990,0x10
sub_002AD990,0x2ad990,0x2ad9c8,0x38
sub_002AD9C8,0x2ad9c8,0x2adac8,0x100
sub_002ADAC8,0x2adac8,0x2adbf0,0x128
sub_002ADBF0,0x2adbf0,0x2adc10,0x20
sub_002ADC10,0x2adc10,0x2adc30,0x20
sub_002ADC30,0x2adc30,0x2adca0,0x70
sub_002ADCA0,0x2adca0,0x2adda0,0x100
sub_002ADDA0,0x2adda0,0x2adde0,0x40
sub_002ADDE0,0x2adde0,0x2ade88,0xa8
sub_002ADE88,0x2ade88,0x2adee8,0x60
sub_002ADEE8,0x2adee8,0x2adf60,0x78
sub_002ADF60,0x2adf60,0x2adf80,0x20
sub_002ADF80,0x2adf80,0x2adfb0,0x30
sub_002ADFB0,0x2adfb0,0x2ae048,0x98
sub_002AE048,0x2ae048,0x2ae100,0xb8
sub_002AE100,0x2ae100,0x2ae138,0x38
sub_002AE138,0x2ae138,0x2ae188,0x50
sub_002AE188,0x2ae188,0x2ae1b8,0x30
sub_002AE1B8,0x2ae1b8,0x2ae1f0,0x38
sub_002AE1F0,0x2ae1f0,0x2ae230,0x40
sub_002AE230,0x2ae230,0x2ae298,0x68
sub_002AE298,0x2ae298,0x2ae328,0x90
sub_002AE328,0x2ae328,0x2ae3a8,0x80
sub_002AE3A8,0x2ae3a8,0x2ae478,0xd0
sub_002AE478,0x2ae478,0x2ae4c0,0x48
sub_002AE4C0,0x2ae4c0,0x2ae690,0x1d0
sub_002AE690,0x2ae690,0x2ae768,0xd8
sub_002AE768,0x2ae768,0x2ae7a8,0x40
sub_002AE7A8,0x2ae7a8,0x2ae9f8,0x250
sub_002AE9F8,0x2ae9f8,0x2aeaa8,0xb0
sub_002AEAA8,0x2aeaa8,0x2aebd0,0x128
sub_002AEBD0,0x2aebd0,0x2aec28,0x58
sub_002AEC28,0x2aec28,0x2aec58,0x30
sub_002AEC58,0x2aec58,0x2aefa8,0x350
sub_002AEFA8,0x2aefa8,0x2af2f0,0x348
sub_002AF2F0,0x2af2f0,0x2af370,0x80
sub_002AF370,0x2af370,0x2af428,0xb8
sub_002AF428,0x2af428,0x2af480,0x58
sub_002AF480,0x2af480,0x2af4b0,0x30
sub_002AF4B0,0x2af4b0,0x2af4e0,0x30
sub_002AF4E0,0x2af4e0,0x2af580,0xa0
sub_002AF580,0x2af580,0x2af608,0x88
sub_002AF608,0x2af608,0x2af6c0,0xb8
sub_002AF6C0,0x2af6c0,0x2af7a0,0xe0
sub_002AF7A0,0x2af7a0,0x2af838,0x98
sub_002AF838,0x2af838,0x2af8a8,0x70
sub_002AF8A8,0x2af8a8,0x2af8e0,0x38
sub_002AF8E0,0x2af8e0,0x2af900,0x20
sub_002AF900,0x2af900,0x2af960,0x60
sub_002AF960,0x2af960,0x2afa58,0xf8
sub_002AFA58,0x2afa58,0x2afa68,0x10
sub_002AFA68,0x2afa68,0x2afb38,0xd0
sub_002AFB38,0x2afb38,0x2afc88,0x150
sub_002AFC88,0x2afc88,0x2afd10,0x88
sub_002AFD10,0x2afd10,0x2afd40,0x30
sub_002AFD40,0x2afd40,0x2b0088,0x348
sub_002B0088,0x2b0088,0x2b0290,0x208
sub_002B0290,0x2b0290,0x2b0320,0x90
sub_002B0320,0x2b0320,0x2b0348,0x28
sub_002B0348,0x2b0348,0x2b03b8,0x70
sub_002B03B8,0x2b03b8,0x2b04d8,0x120
sub_002B04D8,0x2b04d8,0x2b07c0,0x2e8
sub_002B07C0,0x2b07c0,0x2b07e8,0x28
sub_002B07E8,0x2b07e8,0x2b07f0,0x8
sub_002B07F0,0x2b07f0,0x2b07f8,0x8
sub_002B07F8,0x2b07f8,0x2b0ae8,0x2f0
sub_002B0AE8,0x2b0ae8,0x2b0c78,0x190
sub_002B0C78,0x2b0c78,0x2b0ce0,0x68
sub_002B0CE0,0x2b0ce0,0x2b0da0,0xc0
sub_002B0DA0,0x2b0da0,0x2b0e28,0x88
sub_002B0E28,0x2b0e28,0x2b0e60,0x38
sub_002B0E60,0x2b0e60,0x2b0f48,0xe8
sub_002B0F48,0x2b0f48,0x2b1058,0x110
sub_002B1058,0x2b1058,0x2b11b0,0x158
sub_002B11B0,0x2b11b0,0x2b1220,0x70
sub_002B1220,0x2b1220,0x2b1248,0x28
sub_002B1248,0x2b1248,0x2b1268,0x20
sub_002B1268,0x2b1268,0x2b1428,0x1c0
sub_002B1428,0x2b1428,0x2b1458,0x30
sub_002B1458,0x2b1458,0x2b1520,0xc8
sub_002B1520,0x2b1520,0x2b1720,0x200
sub_002B1720,0x2b1720,0x2b1758,0x38
sub_002B1758,0x2b1758,0x2b1a98,0x340
sub_002B1A98,0x2b1a98,0x2b1b68,0xd0
sub_002B1B68,0x2b1b68,0x2b1b98,0x30
sub_002B1B98,0x2b1b98,0x2b1c50,0xb8
sub_002B1C50,0x2b1c50,0x2b1f78,0x328
sub_002B1F78,0x2b1f78,0x2b2018,0xa0
sub_002B2018,0x2b2018,0x2b2070,0x58
sub_002B2070,0x2b2070,0x2b20c8,0x58
sub_002B20C8,0x2b20c8,0x2b2120,0x58
sub_002B2120,0x2b2120,0x2b2140,0x20
sub_002B2140,0x2b2140,0x2b2160,0x20
sub_002B2160,0x2b2160,0x2b21e0,0x80
sub_002B21E0,0x2b21e0,0x2b23e8,0x208
sub_002B23E8,0x2b23e8,0x2b2418,0x30
sub_002B2418,0x2b2418,0x2b2488,0x70
sub_002B2488,0x2b2488,0x2b24c0,0x38
sub_002B24C0,0x2b24c0,0x2b2500,0x40
sub_002B2500,0x2b2500,0x2b2550,0x50
sub_002B2550,0x2b2550,0x2b2578,0x28
sub_002B2578,0x2b2578,0x2b25c8,0x50
sub_002B25C8,0x2b25c8,0x2b2600,0x38
sub_002B2600,0x2b2600,0x2b2640,0x40
sub_002B2640,0x2b2640,0x2b2690,0x50
sub_002B2690,0x2b2690,0x2b26b8,0x28
sub_002B26B8,0x2b26b8,0x2b2718,0x60
sub_002B2718,0x2b2718,0x2b2778,0x60
sub_002B2778,0x2b2778,0x2b2850,0xd8
sub_002B2850,0x2b2850,0x2b28c0,0x70
sub_002B28C0,0x2b28c0,0x2b3398,0xad8
sub_002B3398,0x2b3398,0x2b35a0,0x208
sub_002B35A0,0x2b35a0,0x2b3838,0x298
sub_002B3838,0x2b3838,0x2b3a70,0x238
sub_002B3A70,0x2b3a70,0x2b3a98,0x28
sub_002B3A98,0x2b3a98,0x2b3ac0,0x28
sub_002B3AC0,0x2b3ac0,0x2b3b88,0xc8
sub_002B3B88,0x2b3b88,0x2b3bc0,0x38
sub_002B3BC0,0x2b3bc0,0x2b3c28,0x68
sub_002B3C28,0x2b3c28,0x2b3c98,0x70
sub_002B3C98,0x2b3c98,0x2b3cc0,0x28
sub_002B3CC0,0x2b3cc0,0x2b3d10,0x50
sub_002B3D10,0x2b3d10,0x2b3d48,0x38
sub_002B3D48,0x2b3d48,0x2b3eb0,0x168
sub_002B3EB0,0x2b3eb0,0x2b3ee8,0x38
sub_002B3EE8,0x2b3ee8,0x2b3fe8,0x100
sub_002B3FE8,0x2b3fe8,0x2b4060,0x78
sub_002B4060,0x2b4060,0x2b4070,0x10
sub_002B4070,0x2b4070,0x2b40f0,0x80
sub_002B40F0,0x2b40f0,0x2b4120,0x30
sub_002B4120,0x2b4120,0x2b4150,0x30
sub_002B4150,0x2b4150,0x2b42b8,0x168
sub_002B42B8,0x2b42b8,0x2b4388,0xd0
sub_002B4388,0x2b4388,0x2b43d8,0x50
sub_002B43D8,0x2b43d8,0x2b4568,0x190
sub_002B4568,0x2b4568,0x2b4620,0xb8
sub_002B4620,0x2b4620,0x2b46d0,0xb0
sub_002B46D0,0x2b46d0,0x2b46e8,0x18
sub_002B46E8,0x2b46e8,0x2b4708,0x20
sub_002B4708,0x2b4708,0x2b4740,0x38
sub_002B4740,0x2b4740,0x2b47c0,0x80
sub_002B47C0,0x2b47c0,0x2b4868,0xa8
sub_002B4868,0x2b4868,0x2b4878,0x10
sub_002B4878,0x2b4878,0x2b48b8,0x40
sub_002B48B8,0x2b48b8,0x2b4908,0x50
sub_002B4908,0x2b4908,0x2b4920,0x18
sub_002B4920,0x2b4920,0x2b4978,0x58
sub_002B4978,0x2b4978,0x2b49c0,0x48
sub_002B49C0,0x2b49c0,0x2b49e0,0x20
sub_002B49E0,0x2b49e0,0x2b4a08,0x28
sub_002B4A08,0x2b4a08,0x2b4a20,0x18
sub_002B4A20,0x2b4a20,0x2b4aa0,0x80
sub_002B4AA0,0x2b4aa0,0x2b4ae8,0x48
sub_002B4AE8,0x2b4ae8,0x2b4af0,0x8
sub_002B4AF0,0x2b4af0,0x2b4b08,0x18
sub_002B4B08,0x2b4b08,0x2b4b48,0x40
sub_002B4B48,0x2b4b48,0x2b4b70,0x28
sub_002B4B70,0x2b4b70,0x2b4be0,0x70
sub_002B4BE0,0x2b4be0,0x2b4c08,0x28
sub_002B4C08,0x2b4c08,0x2b4c38,0x30
sub_002B4C38,0x2b4c38,0x2b5758,0xb20
sub_002B5758,0x2b5758,0x2b5818,0xc0
sub_002B5818,0x2b5818,0x2b5838,0x20
sub_002B5838,0x2b5838,0x2b5878,0x40
sub_002B5878,0x2b5878,0x2b5898,0x20
sub_002B5898,0x2b5898,0x2b58d0,0x38
sub_002B58D0,0x2b58d0,0x2b5988,0xb8
sub_002B5988,0x2b5988,0x2b5a18,0x90
sub_002B5A18,0x2b5a18,0x2b5b90,0x178
sub_002B5B90,0x2b5b90,0x2b5bc0,0x30
sub_002B5BC0,0x2b5bc0,0x2b5c68,0xa8
sub_002B5C68,0x2b5c68,0x2b5d78,0x110
sub_002B5D78,0x2b5d78,0x2b5e68,0xf0
sub_002B5E68,0x2b5e68,0x2b5f60,0xf8
sub_002B5F60,0x2b5f60,0x2b63d0,0x470
sub_002B63D0,0x2b63d0,0x2b6550,0x180
sub_002B6550,0x2b6550,0x2b65b0,0x60
sub_002B65B0,0x2b65b0,0x2b6628,0x78
sub_002B6628,0x2b6628,0x2b6630,0x8
sub_002B6630,0x2b6630,0x2b66e8,0xb8
sub_002B66E8,0x2b66e8,0x2b6740,0x58
sub_002B6740,0x2b6740,0x2b67d8,0x98
sub_002B67D8,0x2b67d8,0x2b6808,0x30
sub_002B6808,0x2b6808,0x2b6868,0x60
sub_002B6868,0x2b6868,0x2b68d0,0x68
sub_002B68D0,0x2b68d0,0x2b6900,0x30
sub_002B6900,0x2b6900,0x2b6950,0x50
sub_002B6950,0x2b6950,0x2b6988,0x38
sub_002B6988,0x2b6988,0x2b69b8,0x30
sub_002B69B8,0x2b69b8,0x2b6a68,0xb0
sub_002B6A68,0x2b6a68,0x2b6aa0,0x38
sub_002B6AA0,0x2b6aa0,0x2b6ae0,0x40
sub_002B6AE0,0x2b6ae0,0x2b6b08,0x28
sub_002B6B08,0x2b6b08,0x2b6b30,0x28
sub_002B6B30,0x2b6b30,0x2b6b50,0x20
sub_002B6B50,0x2b6b50,0x2b6c20,0xd0
sub_002B6C20,0x2b6c20,0x2b6c90,0x70
sub_002B6C90,0x2b6c90,0x2b6cf8,0x68
sub_002B6CF8,0x2b6cf8,0x2b6f40,0x248
sub_002B6F40,0x2b6f40,0x2b7318,0x3d8
sub_002B7318,0x2b7318,0x2b7410,0xf8
sub_002B7410,0x2b7410,0x2b75d0,0x1c0
sub_002B75D0,0x2b75d0,0x2b77c0,0x1f0
sub_002B77C0,0x2b77c0,0x2b7848,0x88
sub_002B7848,0x2b7848,0x2b7908,0xc0
sub_002B7908,0x2b7908,0x2b8190,0x888
sub_002B8190,0x2b8190,0x2b82b8,0x128
sub_002B82B8,0x2b82b8,0x2b83f8,0x140
sub_002B83F8,0x2b83f8,0x2b8818,0x420
sub_002B8818,0x2b8818,0x2b9100,0x8e8
sub_002B9100,0x2b9100,0x2b9f88,0xe88
sub_002B9F88,0x2b9f88,0x2ba6b0,0x728
sub_002BA6B0,0x2ba6b0,0x2bacf0,0x640
sub_002BACF0,0x2bacf0,0x2bacf8,0x8
sub_002BACF8,0x2bacf8,0x2badd0,0xd8
sub_002BADD0,0x2badd0,0x2baee8,0x118
sub_002BAEE8,0x2baee8,0x2baf08,0x20
sub_002BAF08,0x2baf08,0x2baf90,0x88
sub_002BAF90,0x2baf90,0x2bafb0,0x20
sub_002BAFB0,0x2bafb0,0x2bb0e0,0x130
sub_002BB0E0,0x2bb0e0,0x2bb100,0x20
sub_002BB100,0x2bb100,0x2bb130,0x30
sub_002BB130,0x2bb130,0x2bb140,0x10
sub_002BB140,0x2bb140,0x2bb1d0,0x90
sub_002BB1D0,0x2bb1d0,0x2bb348,0x178
sub_002BB348,0x2bb348,0x2bb370,0x28
sub_002BB370,0x2bb370,0x2bb390,0x20
sub_002BB390,0x2bb390,0x2bb3f0,0x60
sub_002BB3F0,0x2bb3f0,0x2bb4d8,0xe8
sub_002BB4D8,0x2bb4d8,0x2bb570,0x98
sub_002BB570,0x2bb570,0x2bb5a8,0x38
sub_002BB5A8,0x2bb5a8,0x2bb5f0,0x48
sub_002BB5F0,0x2bb5f0,0x2bb6b8,0xc8
sub_002BB6B8,0x2bb6b8,0x2bb6e0,0x28
sub_002BB6E0,0x2bb6e0,0x2bb928,0x248
sub_002BB928,0x2bb928,0x2bbc38,0x310
sub_002BBC38,0x2bbc38,0x2bc4e0,0x8a8
sub_002BC4E0,0x2bc4e0,0x2bc500,0x20
sub_002BC500,0x2bc500,0x2bc508,0x8
sub_002BC508,0x2bc508,0x2bc510,0x8
sub_002BC510,0x2bc510,0x2bc518,0x8
sub_002BC518,0x2bc518,0x2bc520,0x8
sub_002BC520,0x2bc520,0x2bc528,0x8
sub_002BC528,0x2bc528,0x2bc530,0x8
sub_002BC530,0x2bc530,0x2bc538,0x8
sub_002BC538,0x2bc538,0x2bc540,0x8
sub_002BC540,0x2bc540,0x2bc548,0x8
sub_002BC548,0x2bc548,0x2bc550,0x8
sub_002BC550,0x2bc550,0x2bc558,0x8
sub_002BC558,0x2bc558,0x2bc560,0x8
sub_002BC560,0x2bc560,0x2bc568,0x8
sub_002BC568,0x2bc568,0x2bc570,0x8
sub_002BC570,0x2bc570,0x2bc578,0x8
sub_002BC578,0x2bc578,0x2bc580,0x8
sub_002BC580,0x2bc580,0x2bc588,0x8
sub_002BC588,0x2bc588,0x2bc590,0x8
sub_002BC590,0x2bc590,0x2bc598,0x8
sub_002BC598,0x2bc598,0x2bc5a0,0x8
sub_002BC5A0,0x2bc5a0,0x2bc5a8,0x8
sub_002BC5A8,0x2bc5a8,0x2bc5b0,0x8
sub_002BC5B0,0x2bc5b0,0x2bc5b8,0x8
sub_002BC5B8,0x2bc5b8,0x2bc5c0,0x8
sub_002BC5C0,0x2bc5c0,0x2bc5c8,0x8
sub_002BC5C8,0x2bc5c8,0x2bc5d0,0x8
sub_002BC5D0,0x2bc5d0,0x2bc5d8,0x8
sub_002BC5D8,0x2bc5d8,0x2bc5e0,0x8
sub_002BC5E0,0x2bc5e0,0x2bc5e8,0x8
sub_002BC5E8,0x2bc5e8,0x2bc5f0,0x8
sub_002BC5F0,0x2bc5f0,0x2bc5f8,0x8
sub_002BC5F8,0x2bc5f8,0x2bc600,0x8
sub_002BC600,0x2bc600,0x2bc608,0x8
sub_002BC608,0x2bc608,0x2bc610,0x8
sub_002BC610,0x2bc610,0x2bc618,0x8
sub_002BC618,0x2bc618,0x2bc620,0x8
sub_002BC620,0x2bc620,0x2bc628,0x8
sub_002BC628,0x2bc628,0x2bc630,0x8
sub_002BC630,0x2bc630,0x2bc638,0x8
sub_002BC638,0x2bc638,0x2bc640,0x8
sub_002BC640,0x2bc640,0x2bc648,0x8
sub_002BC648,0x2bc648,0x2bc650,0x8
sub_002BC650,0x2bc650,0x2bc658,0x8
sub_002BC658,0x2bc658,0x2bc660,0x8
sub_002BC660,0x2bc660,0x2bc668,0x8
sub_002BC668,0x2bc668,0x2bc670,0x8
sub_002BC670,0x2bc670,0x2bc678,0x8
sub_002BC678,0x2bc678,0x2bc680,0x8
sub_002BC680,0x2bc680,0x2bc688,0x8
sub_002BC688,0x2bc688,0x2bc690,0x8
sub_002BC690,0x2bc690,0x2bc698,0x8
sub_002BC698,0x2bc698,0x2bc6a0,0x8
sub_002BC6A0,0x2bc6a0,0x2bc6a8,0x8
sub_002BC6A8,0x2bc6a8,0x2bc6b0,0x8
sub_002BC6B0,0x2bc6b0,0x2bc6b8,0x8
sub_002BC6B8,0x2bc6b8,0x2bc6c0,0x8
sub_002BC6C0,0x2bc6c0,0x2bc6c8,0x8
sub_002BC6C8,0x2bc6c8,0x2bc6d0,0x8
sub_002BC6D0,0x2bc6d0,0x2bc6d8,0x8
sub_002BC6D8,0x2bc6d8,0x2bc6e0,0x8
sub_002BC6E0,0x2bc6e0,0x2bc6e8,0x8
sub_002BC6E8,0x2bc6e8,0x2bc6f0,0x8
sub_002BC6F0,0x2bc6f0,0x2bc6f8,0x8
sub_002BC6F8,0x2bc6f8,0x2bc728,0x30
sub_002BC728,0x2bc728,0x2bc750,0x28
sub_002BC750,0x2bc750,0x2bc778,0x28
sub_002BC778,0x2bc778,0x2bc7a0,0x28
sub_002BC7A0,0x2bc7a0,0x2bc7c8,0x28
sub_002BC7C8,0x2bc7c8,0x2bc830,0x68
sub_002BC830,0x2bc830,0x2bc890,0x60
sub_002BC890,0x2bc890,0x2bc8e8,0x58
sub_002BC8E8,0x2bc8e8,0x2bc910,0x28
sub_002BC910,0x2bc910,0x2bc980,0x70
sub_002BC980,0x2bc980,0x2bc9b0,0x30
sub_002BC9B0,0x2bc9b0,0x2bcaf8,0x148
sub_002BCAF8,0x2bcaf8,0x2bcbd0,0xd8
sub_002BCBD0,0x2bcbd0,0x2c03a8,0x37d8
sub_002C03A8,0x2c03a8,0x2c03e8,0x40
sub_002C03E8,0x2c03e8,0x2c0408,0x20
sub_002C0408,0x2c0408,0x2c0a10,0x608
sub_002C0A10,0x2c0a10,0x2c0a58,0x48
sub_002C0A58,0x2c0a58,0x2c0b70,0x118
sub_002C0B70,0x2c0b70,0x2c1460,0x8f0
sub_002C1460,0x2c1460,0x2c1490,0x30
sub_002C1490,0x2c1490,0x2c1498,0x8
sub_002C1498,0x2c1498,0x2c14a0,0x8
sub_002C14A0,0x2c14a0,0x2c14a8,0x8
sub_002C14A8,0x2c14a8,0x2c14b0,0x8
sub_002C14B0,0x2c14b0,0x2c14b8,0x8
sub_002C14B8,0x2c14b8,0x2c14c0,0x8
sub_002C14C0,0x2c14c0,0x2c14c8,0x8
sub_002C14C8,0x2c14c8,0x2c14d0,0x8
sub_002C14D0,0x2c14d0,0x2c14d8,0x8
sub_002C14D8,0x2c14d8,0x2c14e0,0x8
sub_002C14E0,0x2c14e0,0x2c14e8,0x8
sub_002C14E8,0x2c14e8,0x2c14f0,0x8
sub_002C14F0,0x2c14f0,0x2c14f8,0x8
sub_002C14F8,0x2c14f8,0x2c1500,0x8
sub_002C1500,0x2c1500,0x2c1508,0x8
sub_002C1508,0x2c1508,0x2c1510,0x8
sub_002C1510,0x2c1510,0x2c1518,0x8
sub_002C1518,0x2c1518,0x2c1520,0x8
sub_002C1520,0x2c1520,0x2c1528,0x8
sub_002C1528,0x2c1528,0x2c1530,0x8
sub_002C1530,0x2c1530,0x2c1538,0x8
sub_002C1538,0x2c1538,0x2c1540,0x8
sub_002C1540,0x2c1540,0x2c1548,0x8
sub_002C1548,0x2c1548,0x2c1550,0x8
sub_002C1550,0x2c1550,0x2c1558,0x8
sub_002C1558,0x2c1558,0x2c1560,0x8
sub_002C1560,0x2c1560,0x2c1568,0x8
sub_002C1568,0x2c1568,0x2c1570,0x8
sub_002C1570,0x2c1570,0x2c1578,0x8
sub_002C1578,0x2c1578,0x2c1580,0x8
sub_002C1580,0x2c1580,0x2c1588,0x8
sub_002C1588,0x2c1588,0x2c1590,0x8
sub_002C1590,0x2c1590,0x2c1598,0x8
sub_002C1598,0x2c1598,0x2c15a0,0x8
sub_002C15A0,0x2c15a0,0x2c15a8,0x8
sub_002C15A8,0x2c15a8,0x2c15b0,0x8
sub_002C15B0,0x2c15b0,0x2c15b8,0x8
sub_002C15B8,0x2c15b8,0x2c15c0,0x8
sub_002C15C0,0x2c15c0,0x2c15c8,0x8
sub_002C15C8,0x2c15c8,0x2c15d0,0x8
sub_002C15D0,0x2c15d0,0x2c15d8,0x8
sub_002C15D8,0x2c15d8,0x2c15e0,0x8
sub_002C15E0,0x2c15e0,0x2c15e8,0x8
sub_002C15E8,0x2c15e8,0x2c15f0,0x8
sub_002C15F0,0x2c15f0,0x2c15f8,0x8
sub_002C15F8,0x2c15f8,0x2c1600,0x8
sub_002C1600,0x2c1600,0x2c1608,0x8
sub_002C1608,0x2c1608,0x2c1610,0x8
sub_002C1610,0x2c1610,0x2c1618,0x8
sub_002C1618,0x2c1618,0x2c1620,0x8
sub_002C1620,0x2c1620,0x2c1628,0x8
sub_002C1628,0x2c1628,0x2c1630,0x8
sub_002C1630,0x2c1630,0x2c1638,0x8
sub_002C1638,0x2c1638,0x2c1640,0x8
sub_002C1640,0x2c1640,0x2c1648,0x8
sub_002C1648,0x2c1648,0x2c1650,0x8
sub_002C1650,0x2c1650,0x2c1658,0x8
sub_002C1658,0x2c1658,0x2c1660,0x8
sub_002C1660,0x2c1660,0x2c1668,0x8
sub_002C1668,0x2c1668,0x2c1670,0x8
sub_002C1670,0x2c1670,0x2c1678,0x8
sub_002C1678,0x2c1678,0x2c1680,0x8
sub_002C1680,0x2c1680,0x2c1688,0x8
sub_002C1688,0x2c1688,0x2c16a8,0x20
sub_002C16A8,0x2c16a8,0x2c16b8,0x10
sub_002C16B8,0x2c16b8,0x2c17c0,0x108
sub_002C17C0,0x2c17c0,0x2c17d0,0x10
sub_002C17D0,0x2c17d0,0x2c18e8,0x118
sub_002C18E8,0x2c18e8,0x2c1a00,0x118
sub_002C1A00,0x2c1a00,0x2c1cd8,0x2d8
sub_002C1CD8,0x2c1cd8,0x2c2088,0x3b0
sub_002C2088,0x2c2088,0x2c2178,0xf0
sub_002C2178,0x2c2178,0x2c2210,0x98
sub_002C2210,0x2c2210,0x2c2268,0x58
sub_002C2268,0x2c2268,0x2c22c8,0x60
sub_002C22C8,0x2c22c8,0x2c2300,0x38
sub_002C2300,0x2c2300,0x2c2338,0x38
sub_002C2338,0x2c2338,0x2c2430,0xf8
sub_002C2430,0x2c2430,0x2c24d0,0xa0
sub_002C24D0,0x2c24d0,0x2c2508,0x38
sub_002C2508,0x2c2508,0x2c2540,0x38
sub_002C2540,0x2c2540,0x2c2580,0x40
sub_002C2580,0x2c2580,0x2c25b8,0x38
sub_002C25B8,0x2c25b8,0x2c2688,0xd0
sub_002C2688,0x2c2688,0x2c26d0,0x48
sub_002C26D0,0x2c26d0,0x2c2718,0x48
sub_002C2718,0x2c2718,0x2c27c0,0xa8
sub_002C27C0,0x2c27c0,0x2c2868,0xa8
sub_002C2868,0x2c2868,0x2c28c0,0x58
sub_002C28C0,0x2c28c0,0x2c28f8,0x38
sub_002C28F8,0x2c28f8,0x2c2d30,0x438
sub_002C2D30,0x2c2d30,0x2c2d68,0x38
sub_002C2D68,0x2c2d68,0x2c2f18,0x1b0
sub_002C2F18,0x2c2f18,0x2c3fa0,0x1088
sub_002C3FA0,0x2c3fa0,0x2c3fa8,0x8
sub_002C3FA8,0x2c3fa8,0x2c3fe0,0x38
sub_002C3FE0,0x2c3fe0,0x2c4050,0x70
sub_002C4050,0x2c4050,0x2c4210,0x1c0
sub_002C4210,0x2c4210,0x2c4290,0x80
sub_002C4290,0x2c4290,0x2c42b0,0x20
sub_002C42B0,0x2c42b0,0x2c4368,0xb8
sub_002C4368,0x2c4368,0x2c4388,0x20
sub_002C4388,0x2c4388,0x2c43e0,0x58
sub_002C43E0,0x2c43e0,0x2c4400,0x20
sub_002C4400,0x2c4400,0x2c4408,0x8
sub_002C4408,0x2c4408,0x2c4410,0x8
sub_002C4410,0x2c4410,0x2c4788,0x378
sub_002C4788,0x2c4788,0x2c4800,0x78
sub_002C4800,0x2c4800,0x2c4858,0x58
sub_002C4858,0x2c4858,0x2c4880,0x28
sub_002C4880,0x2c4880,0x2c4890,0x10
sub_002C4890,0x2c4890,0x2c48a0,0x10
sub_002C48A0,0x2c48a0,0x2c48c0,0x20
sub_002C48C0,0x2c48c0,0x2c50e0,0x820
sub_002C50E0,0x2c50e0,0x2c5168,0x88
sub_002C5168,0x2c5168,0x2c51d0,0x68
sub_002C51D0,0x2c51d0,0x2c5230,0x60
sub_002C5230,0x2c5230,0x2c5250,0x20
sub_002C5250,0x2c5250,0x2c5278,0x28
sub_002C5278,0x2c5278,0x2c52d8,0x60
sub_002C52D8,0x2c52d8,0x2c5320,0x48
sub_002C5320,0x2c5320,0x2c5338,0x18
sub_002C5338,0x2c5338,0x2c53b0,0x78
sub_002C53B0,0x2c53b0,0x2c53c8,0x18
sub_002C53C8,0x2c53c8,0x2c53e0,0x18
sub_002C53E0,0x2c53e0,0x2c54d0,0xf0
sub_002C54D0,0x2c54d0,0x2c5500,0x30
sub_002C5500,0x2c5500,0x2c5528,0x28
sub_002C5528,0x2c5528,0x2c5570,0x48
sub_002C5570,0x2c5570,0x2c6280,0xd10
sub_002C6280,0x2c6280,0x2c6360,0xe0
sub_002C6360,0x2c6360,0x2c63e8,0x88
sub_002C63E8,0x2c63e8,0x2c67e8,0x400
sub_002C67E8,0x2c67e8,0x2c6810,0x28
sub_002C6810,0x2c6810,0x2c6848,0x38
sub_002C6848,0x2c6848,0x2c68c8,0x80
sub_002C68C8,0x2c68c8,0x2c68f0,0x28
sub_002C68F0,0x2c68f0,0x2c6968,0x78
sub_002C6968,0x2c6968,0x2c69a0,0x38
sub_002C69A0,0x2c69a0,0x2c6a08,0x68
sub_002C6A08,0x2c6a08,0x2c6a28,0x20
sub_002C6A28,0x2c6a28,0x2c6a60,0x38
sub_002C6A60,0x2c6a60,0x2c6a88,0x28
sub_002C6A88,0x2c6a88,0x2c6ae0,0x58
sub_002C6AE0,0x2c6ae0,0x2c6b00,0x20
sub_002C6B00,0x2c6b00,0x2c6b50,0x50
sub_002C6B50,0x2c6b50,0x2c6b78,0x28
sub_002C6B78,0x2c6b78,0x2c6bd0,0x58
sub_002C6BD0,0x2c6bd0,0x2c6bf8,0x28
sub_002C6BF8,0x2c6bf8,0x2c6c50,0x58
sub_002C6C50,0x2c6c50,0x2c6c88,0x38
sub_002C6C88,0x2c6c88,0x2c6ce0,0x58
sub_002C6CE0,0x2c6ce0,0x2c6d18,0x38
sub_002C6D18,0x2c6d18,0x2c6d70,0x58
sub_002C6D70,0x2c6d70,0x2c6dc0,0x50
sub_002C6DC0,0x2c6dc0,0x2c6de0,0x20
sub_002C6DE0,0x2c6de0,0x2c6e98,0xb8
sub_002C6E98,0x2c6e98,0x2c71c0,0x328
sub_002C71C0,0x2c71c0,0x2c7208,0x48
sub_002C7208,0x2c7208,0x2c7260,0x58
sub_002C7260,0x2c7260,0x2c7328,0xc8
sub_002C7328,0x2c7328,0x2c73c0,0x98
sub_002C73C0,0x2c73c0,0x2c7440,0x80
sub_002C7440,0x2c7440,0x2c7478,0x38
sub_002C7478,0x2c7478,0x2c76c0,0x248
sub_002C76C0,0x2c76c0,0x2c8468,0xda8
sub_002C8468,0x2c8468,0x2c85a0,0x138
sub_002C85A0,0x2c85a0,0x2c85c0,0x20
sub_002C85C0,0x2c85c0,0x2c8600,0x40
sub_002C8600,0x2c8600,0x2c86f8,0xf8
sub_002C86F8,0x2c86f8,0x2c8770,0x78
sub_002C8770,0x2c8770,0x2c8970,0x200
sub_002C8970,0x2c8970,0x2c8a78,0x108
sub_002C8A78,0x2c8a78,0x2c8c30,0x1b8
sub_002C8C30,0x2c8c30,0x2c8ca8,0x78
sub_002C8CA8,0x2c8ca8,0x2c8cf8,0x50
sub_002C8CF8,0x2c8cf8,0x2c8e48,0x150
sub_002C8E48,0x2c8e48,0x2c9a48,0xc00
sub_002C9A48,0x2c9a48,0x2c9f60,0x518
sub_002C9F60,0x2c9f60,0x2ca100,0x1a0
sub_002CA100,0x2ca100,0x2ca258,0x158
sub_002CA258,0x2ca258,0x2ca280,0x28
sub_002CA280,0x2ca280,0x2ca2b0,0x30
sub_002CA2B0,0x2ca2b0,0x2ca320,0x70
sub_002CA320,0x2ca320,0x2ca368,0x48
sub_002CA368,0x2ca368,0x2ca370,0x8
sub_002CA370,0x2ca370,0x2ca378,0x8
sub_002CA378,0x2ca378,0x2ca388,0x10
sub_002CA388,0x2ca388,0x2ca3b0,0x28
sub_002CA3B0,0x2ca3b0,0x2ca3e8,0x38
sub_002CA3E8,0x2ca3e8,0x2ca408,0x20
sub_002CA408,0x2ca408,0x2ca428,0x20
sub_002CA428,0x2ca428,0x2ca448,0x20
sub_002CA448,0x2ca448,0x2ca468,0x20
sub_002CA468,0x2ca468,0x2ca488,0x20
sub_002CA488,0x2ca488,0x2ca4a8,0x20
sub_002CA4A8,0x2ca4a8,0x2ca4c8,0x20
sub_002CA4C8,0x2ca4c8,0x2ca768,0x2a0
sub_002CA768,0x2ca768,0x2ca988,0x220
sub_002CA988,0x2ca988,0x2caa58,0xd0
sub_002CAA58,0x2caa58,0x2caa80,0x28
sub_002CAA80,0x2caa80,0x2caab0,0x30
sub_002CAAB0,0x2caab0,0x2cab08,0x58
sub_002CAB08,0x2cab08,0x2cabe0,0xd8
sub_002CABE0,0x2cabe0,0x2cb180,0x5a0
sub_002CB180,0x2cb180,0x2cb2f8,0x178
sub_002CB2F8,0x2cb2f8,0x2cb350,0x58
sub_002CB350,0x2cb350,0x2cb8c8,0x578
sub_002CB8C8,0x2cb8c8,0x2cbac8,0x200
sub_002CBAC8,0x2cbac8,0x2cbcc8,0x200
sub_002CBCC8,0x2cbcc8,0x2cbd50,0x88
sub_002CBD50,0x2cbd50,0x2cbe10,0xc0
sub_002CBE10,0x2cbe10,0x2cbe68,0x58
sub_002CBE68,0x2cbe68,0x2cbf08,0xa0
sub_002CBF08,0x2cbf08,0x2cbf30,0x28
sub_002CBF30,0x2cbf30,0x2cbf60,0x30
sub_002CBF60,0x2cbf60,0x2cbfd0,0x70
sub_002CBFD0,0x2cbfd0,0x2cc018,0x48
sub_002CC018,0x2cc018,0x2cc048,0x30
sub_002CC048,0x2cc048,0x2cc070,0x28
sub_002CC070,0x2cc070,0x2cc098,0x28
sub_002CC098,0x2cc098,0x2cc0b8,0x20
sub_002CC0B8,0x2cc0b8,0x2cc0c0,0x8
sub_002CC0C0,0x2cc0c0,0x2cc248,0x188
sub_002CC248,0x2cc248,0x2cc250,0x8
sub_002CC250,0x2cc250,0x2cc258,0x8
sub_002CC258,0x2cc258,0x2cc260,0x8
sub_002CC260,0x2cc260,0x2cc280,0x20
sub_002CC280,0x2cc280,0x2cc2a0,0x20
sub_002CC2A0,0x2cc2a0,0x2cc2c0,0x20
sub_002CC2C0,0x2cc2c0,0x2cc2e0,0x20
sub_002CC2E0,0x2cc2e0,0x2cc318,0x38
sub_002CC318,0x2cc318,0x2cc350,0x38
sub_002CC350,0x2cc350,0x2cc3b8,0x68
sub_002CC3B8,0x2cc3b8,0x2cc460,0xa8
sub_002CC460,0x2cc460,0x2cccc8,0x868
sub_002CCCC8,0x2cccc8,0x2ccd20,0x58
sub_002CCD20,0x2ccd20,0x2ccd90,0x70
sub_002CCD90,0x2ccd90,0x2ccdc8,0x38
sub_002CCDC8,0x2ccdc8,0x2ccdf0,0x28
sub_002CCDF0,0x2ccdf0,0x2cce38,0x48
sub_002CCE38,0x2cce38,0x2ccea8,0x70
sub_002CCEA8,0x2ccea8,0x2ccee0,0x38
sub_002CCEE0,0x2ccee0,0x2ccf08,0x28
sub_002CCF08,0x2ccf08,0x2ccf98,0x90
sub_002CCF98,0x2ccf98,0x2cd2a0,0x308
sub_002CD2A0,0x2cd2a0,0x2cd2e8,0x48
sub_002CD2E8,0x2cd2e8,0x2cd2f0,0x8
sub_002CD2F0,0x2cd2f0,0x2cd328,0x38
sub_002CD328,0x2cd328,0x2cd350,0x28
sub_002CD350,0x2cd350,0x2cd8f8,0x5a8
sub_002CD8F8,0x2cd8f8,0x2cdce8,0x3f0
sub_002CDCE8,0x2cdce8,0x2cdfd8,0x2f0
sub_002CDFD8,0x2cdfd8,0x2ce418,0x440
sub_002CE418,0x2ce418,0x2ced20,0x908
sub_002CED20,0x2ced20,0x2cf860,0xb40
sub_002CF860,0x2cf860,0x2cf908,0xa8
sub_002CF908,0x2cf908,0x2cfa08,0x100
sub_002CFA08,0x2cfa08,0x2cff28,0x520
sub_002CFF28,0x2cff28,0x2d02b0,0x388
sub_002D02B0,0x2d02b0,0x2d03d0,0x120
sub_002D03D0,0x2d03d0,0x2d03f0,0x20
sub_002D03F0,0x2d03f0,0x2d18b0,0x14c0
sub_002D18B0,0x2d18b0,0x2d1928,0x78
sub_002D1928,0x2d1928,0x2d19b8,0x90
sub_002D19B8,0x2d19b8,0x2d19e8,0x30
sub_002D19E8,0x2d19e8,0x2d1a30,0x48
sub_002D1A30,0x2d1a30,0x2d1a78,0x48
sub_002D1A78,0x2d1a78,0x2d1ac8,0x50
sub_002D1AC8,0x2d1ac8,0x2d1af0,0x28
sub_002D1AF0,0x2d1af0,0x2d1b08,0x18
sub_002D1B08,0x2d1b08,0x2d1b30,0x28
sub_002D1B30,0x2d1b30,0x2d1b58,0x28
sub_002D1B58,0x2d1b58,0x2d1ba0,0x48
sub_002D1BA0,0x2d1ba0,0x2d1bd8,0x38
sub_002D1BD8,0x2d1bd8,0x2d1be0,0x8
sub_002D1BE0,0x2d1be0,0x2d1bf0,0x10
sub_002D1BF0,0x2d1bf0,0x2d1c20,0x30
sub_002D1C20,0x2d1c20,0x2d1c58,0x38
sub_002D1C58,0x2d1c58,0x2d1c70,0x18
sub_002D1C70,0x2d1c70,0x2d1c98,0x28
sub_002D1C98,0x2d1c98,0x2d1cb0,0x18
sub_002D1CB0,0x2d1cb0,0x2d1cc0,0x10
sub_002D1CC0,0x2d1cc0,0x2d1ce0,0x20
sub_002D1CE0,0x2d1ce0,0x2d1cf0,0x10
sub_002D1CF0,0x2d1cf0,0x2d1d10,0x20
sub_002D1D10,0x2d1d10,0x2d2058,0x348
sub_002D2058,0x2d2058,0x2d2100,0xa8
sub_002D2100,0x2d2100,0x2d21b0,0xb0
sub_002D21B0,0x2d21b0,0x2d21b8,0x8
sub_002D21B8,0x2d21b8,0x2d21c0,0x8
sub_002D21C0,0x2d21c0,0x2d21d0,0x10
sub_002D21D0,0x2d21d0,0x2d2210,0x40
sub_002D2210,0x2d2210,0x2d23c8,0x1b8
sub_002D23C8,0x2d23c8,0x2d2510,0x148
sub_002D2510,0x2d2510,0x2d2558,0x48
sub_002D2558,0x2d2558,0x2d25a0,0x48
sub_002D25A0,0x2d25a0,0x2d2790,0x1f0
sub_002D2790,0x2d2790,0x2d2988,0x1f8
sub_002D2988,0x2d2988,0x2d4060,0x16d8
sub_002D4060,0x2d4060,0x2d40c0,0x60
sub_002D40C0,0x2d40c0,0x2d48d0,0x810
sub_002D48D0,0x2d48d0,0x2d48f0,0x20
sub_002D48F0,0x2d48f0,0x2d4a70,0x180
sub_002D4A70,0x2d4a70,0x2d4be0,0x170
sub_002D4BE0,0x2d4be0,0x2d4c08,0x28
sub_002D4C08,0x2d4c08,0x2d5048,0x440
sub_002D5048,0x2d5048,0x2d5598,0x550
sub_002D5598,0x2d5598,0x2d55c0,0x28
sub_002D55C0,0x2d55c0,0x2d5658,0x98
sub_002D5658,0x2d5658,0x2d56b0,0x58
sub_002D56B0,0x2d56b0,0x2d5750,0xa0
sub_002D5750,0x2d5750,0x2d5778,0x28
sub_002D5778,0x2d5778,0x2d6378,0xc00
sub_002D6378,0x2d6378,0x2d6410,0x98
sub_002D6410,0x2d6410,0x2d64d8,0xc8
sub_002D64D8,0x2d64d8,0x2d66a0,0x1c8
sub_002D66A0,0x2d66a0,0x2d7c00,0x1560
sub_002D7C00,0x2d7c00,0x2d7ca8,0xa8
sub_002D7CA8,0x2d7ca8,0x2d7dd8,0x130
sub_002D7DD8,0x2d7dd8,0x2d7e60,0x88
sub_002D7E60,0x2d7e60,0x2d7ef8,0x98
sub_002D7EF8,0x2d7ef8,0x2d81b0,0x2b8
sub_002D81B0,0x2d81b0,0x2d8258,0xa8
sub_002D8258,0x2d8258,0x2d82a0,0x48
sub_002D82A0,0x2d82a0,0x2d83b8,0x118
sub_002D83B8,0x2d83b8,0x2d87d0,0x418
sub_002D87D0,0x2d87d0,0x2d8948,0x178
sub_002D8948,0x2d8948,0x2d8a00,0xb8
sub_002D8A00,0x2d8a00,0x2d8ea8,0x4a8
sub_002D8EA8,0x2d8ea8,0x2d92d0,0x428
sub_002D92D0,0x2d92d0,0x2d9538,0x268
sub_002D9538,0x2d9538,0x2d9660,0x128
sub_002D9660,0x2d9660,0x2d96e0,0x80
sub_002D96E0,0x2d96e0,0x2d9738,0x58
sub_002D9738,0x2d9738,0x2d97a8,0x70
sub_002D97A8,0x2d97a8,0x2d9a80,0x2d8
sub_002D9A80,0x2d9a80,0x2d9b40,0xc0
sub_002D9B40,0x2d9b40,0x2d9c00,0xc0
sub_002D9C00,0x2d9c00,0x2d9cb0,0xb0
sub_002D9CB0,0x2d9cb0,0x2d9d68,0xb8
sub_002D9D68,0x2d9d68,0x2d9fb8,0x250
sub_002D9FB8,0x2d9fb8,0x2da028,0x70
sub_002DA028,0x2da028,0x2da1c0,0x198
sub_002DA1C0,0x2da1c0,0x2da390,0x1d0
sub_002DA390,0x2da390,0x2da8e8,0x558
sub_002DA8E8,0x2da8e8,0x2daa78,0x190
sub_002DAA78,0x2daa78,0x2dabc8,0x150
sub_002DABC8,0x2dabc8,0x2db478,0x8b0
sub_002DB478,0x2db478,0x2db6d8,0x260
sub_002DB6D8,0x2db6d8,0x2db700,0x28
sub_002DB700,0x2db700,0x2db748,0x48
sub_002DB748,0x2db748,0x2db890,0x148
sub_002DB890,0x2db890,0x2db980,0xf0
sub_002DB980,0x2db980,0x2db9c8,0x48
sub_002DB9C8,0x2db9c8,0x2dba08,0x40
sub_002DBA08,0x2dba08,0x2dbac0,0xb8
sub_002DBAC0,0x2dbac0,0x2dbd10,0x250
sub_002DBD10,0x2dbd10,0x2dbee0,0x1d0
sub_002DBEE0,0x2dbee0,0x2dbf80,0xa0
sub_002DBF80,0x2dbf80,0x2dbf98,0x18
sub_002DBF98,0x2dbf98,0x2dcb88,0xbf0
sub_002DCB88,0x2dcb88,0x2dcda0,0x218
sub_002DCDA0,0x2dcda0,0x2dcf28,0x188
sub_002DCF28,0x2dcf28,0x2dd0b8,0x190
sub_002DD0B8,0x2dd0b8,0x2ddab8,0xa00
sub_002DDAB8,0x2ddab8,0x2ddd30,0x278
sub_002DDD30,0x2ddd30,0x2de058,0x328
sub_002DE058,0x2de058,0x2de368,0x310
sub_002DE368,0x2de368,0x2de398,0x30
sub_002DE398,0x2de398,0x2de4a8,0x110
sub_002DE4A8,0x2de4a8,0x2df1c8,0xd20
sub_002DF1C8,0x2df1c8,0x2df3b0,0x1e8
sub_002DF3B0,0x2df3b0,0x2df448,0x98
sub_002DF448,0x2df448,0x2df4d0,0x88
sub_002DF4D0,0x2df4d0,0x2df920,0x450
sub_002DF920,0x2df920,0x2dfe88,0x568
sub_002DFE88,0x2dfe88,0x2e02b8,0x430
sub_002E02B8,0x2e02b8,0x2e0ee8,0xc30
sub_002E0EE8,0x2e0ee8,0x2e1120,0x238
sub_002E1120,0x2e1120,0x2e1598,0x478
sub_002E1598,0x2e1598,0x2e1a80,0x4e8
sub_002E1A80,0x2e1a80,0x2e1f70,0x4f0
sub_002E1F70,0x2e1f70,0x2e2260,0x2f0
sub_002E2260,0x2e2260,0x2e23e0,0x180
sub_002E23E0,0x2e23e0,0x2e24d0,0xf0
sub_002E24D0,0x2e24d0,0x2e2550,0x80
sub_002E2550,0x2e2550,0x2e26b8,0x168
sub_002E26B8,0x2e26b8,0x2e27e8,0x130
sub_002E27E8,0x2e27e8,0x2e2860,0x78
sub_002E2860,0x2e2860,0x2e2868,0x8
sub_002E2868,0x2e2868,0x2e2b00,0x298
sub_002E2B00,0x2e2b00,0x2e2e18,0x318
sub_002E2E18,0x2e2e18,0x2e2f98,0x180
sub_002E2F98,0x2e2f98,0x2e2fa8,0x10
sub_002E2FA8,0x2e2fa8,0x2e2ff8,0x50
sub_002E2FF8,0x2e2ff8,0x2e3060,0x68
sub_002E3060,0x2e3060,0x2e30d0,0x70
sub_002E30D0,0x2e30d0,0x2e3110,0x40
sub_002E3110,0x2e3110,0x2e3130,0x20
sub_002E3130,0x2e3130,0x2e3338,0x208
sub_002E3338,0x2e3338,0x2e3478,0x140
sub_002E3478,0x2e3478,0x2e3680,0x208
sub_002E3680,0x2e3680,0x2e37d0,0x150
sub_002E37D0,0x2e37d0,0x2e3930,0x160
sub_002E3930,0x2e3930,0x2e39d8,0xa8
sub_002E39D8,0x2e39d8,0x2e3af8,0x120
sub_002E3AF8,0x2e3af8,0x2e4228,0x730
sub_002E4228,0x2e4228,0x2e4370,0x148
sub_002E4370,0x2e4370,0x2e44f0,0x180
sub_002E44F0,0x2e44f0,0x2e4540,0x50
sub_002E4540,0x2e4540,0x2e4578,0x38
sub_002E4578,0x2e4578,0x2e4638,0xc0
sub_002E4638,0x2e4638,0x2e4678,0x40
sub_002E4678,0x2e4678,0x2e4cb0,0x638
sub_002E4CB0,0x2e4cb0,0x2e4ce8,0x38
sub_002E4CE8,0x2e4ce8,0x2e4d30,0x48
sub_002E4D30,0x2e4d30,0x2e4d70,0x40
sub_002E4D70,0x2e4d70,0x2e4d88,0x18
sub_002E4D88,0x2e4d88,0x2e4f10,0x188
sub_002E4F10,0x2e4f10,0x2e4f28,0x18
sub_002E4F28,0x2e4f28,0x2e4f50,0x28
sub_002E4F50,0x2e4f50,0x2e5430,0x4e0
sub_002E5430,0x2e5430,0x2e55d8,0x1a8
sub_002E55D8,0x2e55d8,0x2e5920,0x348
sub_002E5920,0x2e5920,0x2e6320,0xa00
sub_002E6320,0x2e6320,0x2e64c0,0x1a0
sub_002E64C0,0x2e64c0,0x2e6640,0x180
sub_002E6640,0x2e6640,0x2e66b8,0x78
sub_002E66B8,0x2e66b8,0x2e6c08,0x550
sub_002E6C08,0x2e6c08,0x2e7a10,0xe08
sub_002E7A10,0x2e7a10,0x2e81e8,0x7d8
sub_002E81E8,0x2e81e8,0x2e83f0,0x208
sub_002E83F0,0x2e83f0,0x2e8560,0x170
sub_002E8560,0x2e8560,0x2e86f0,0x190
sub_002E86F0,0x2e86f0,0x2e87e8,0xf8
sub_002E87E8,0x2e87e8,0x2e8938,0x150
sub_002E8938,0x2e8938,0x2ea480,0x1b48
sub_002EA480,0x2ea480,0x2ea538,0xb8
sub_002EA538,0x2ea538,0x2ea670,0x138
sub_002EA670,0x2ea670,0x2ea6b8,0x48
sub_002EA6B8,0x2ea6b8,0x2ea780,0xc8
sub_002EA780,0x2ea780,0x2ea820,0xa0
sub_002EA820,0x2ea820,0x2ea860,0x40
sub_002EA860,0x2ea860,0x2ea8b8,0x58
sub_002EA8B8,0x2ea8b8,0x2eaa28,0x170
sub_002EAA28,0x2eaa28,0x2eaae0,0xb8
sub_002EAAE0,0x2eaae0,0x2eac60,0x180
sub_002EAC60,0x2eac60,0x2eadc0,0x160
sub_002EADC0,0x2eadc0,0x2eadd0,0x10
sub_002EADD0,0x2eadd0,0x2eb198,0x3c8
sub_002EB198,0x2eb198,0x2eb8f0,0x758
sub_002EB8F0,0x2eb8f0,0x2eb938,0x48
sub_002EB938,0x2eb938,0x2ebba8,0x270
sub_002EBBA8,0x2ebba8,0x2ebc40,0x98
sub_002EBC40,0x2ebc40,0x2ebe20,0x1e0
sub_002EBE20,0x2ebe20,0x2ebf48,0x128
sub_002EBF48,0x2ebf48,0x2ec3e0,0x498
sub_002EC3E0,0x2ec3e0,0x2ec418,0x38
sub_002EC418,0x2ec418,0x2ec450,0x38
sub_002EC450,0x2ec450,0x2ec478,0x28
sub_002EC478,0x2ec478,0x2ec9d0,0x558
sub_002EC9D0,0x2ec9d0,0x2ec9e0,0x10
sub_002EC9E0,0x2ec9e0,0x2eca68,0x88
sub_002ECA68,0x2eca68,0x2ecaf0,0x88
sub_002ECAF0,0x2ecaf0,0x2ecb28,0x38
sub_002ECB28,0x2ecb28,0x2ecbc0,0x98
sub_002ECBC0,0x2ecbc0,0x2ecc28,0x68
sub_002ECC28,0x2ecc28,0x2eccb8,0x90
sub_002ECCB8,0x2eccb8,0x2ecf78,0x2c0
sub_002ECF78,0x2ecf78,0x2ecfa0,0x28
sub_002ECFA0,0x2ecfa0,0x2ed048,0xa8
sub_002ED048,0x2ed048,0x2ed1d0,0x188
sub_002ED1D0,0x2ed1d0,0x2ed338,0x168
sub_002ED338,0x2ed338,0x2ed490,0x158
sub_002ED490,0x2ed490,0x2edb20,0x690
sub_002EDB20,0x2edb20,0x2edf00,0x3e0
sub_002EDF00,0x2edf00,0x2edfb8,0xb8
sub_002EDFB8,0x2edfb8,0x2edfd0,0x18
sub_002EDFD0,0x2edfd0,0x2ee010,0x40
sub_002EE010,0x2ee010,0x2ee070,0x60
sub_002EE070,0x2ee070,0x2ee0b8,0x48
sub_002EE0B8,0x2ee0b8,0x2ee100,0x48
sub_002EE100,0x2ee100,0x2ee148,0x48
sub_002EE148,0x2ee148,0x2ee190,0x48
sub_002EE190,0x2ee190,0x2ee1d8,0x48
sub_002EE1D8,0x2ee1d8,0x2ee220,0x48
sub_002EE220,0x2ee220,0x2ee268,0x48
sub_002EE268,0x2ee268,0x2ee2b0,0x48
sub_002EE2B0,0x2ee2b0,0x2ee2f8,0x48
sub_002EE2F8,0x2ee2f8,0x2ee318,0x20
sub_002EE318,0x2ee318,0x2ee340,0x28
sub_002EE340,0x2ee340,0x2ee368,0x28
sub_002EE368,0x2ee368,0x2ee3b8,0x50
sub_002EE3B8,0x2ee3b8,0x2ee400,0x48
sub_002EE400,0x2ee400,0x2ee448,0x48
sub_002EE448,0x2ee448,0x2ee4c0,0x78
sub_002EE4C0,0x2ee4c0,0x2ee508,0x48
sub_002EE508,0x2ee508,0x2ee570,0x68
sub_002EE570,0x2ee570,0x2ee5b8,0x48
sub_002EE5B8,0x2ee5b8,0x2ee600,0x48
sub_002EE600,0x2ee600,0x2ee660,0x60
sub_002EE660,0x2ee660,0x2ee6a8,0x48
sub_002EE6A8,0x2ee6a8,0x2ee6f0,0x48
sub_002EE6F0,0x2ee6f0,0x2ee738,0x48
sub_002EE738,0x2ee738,0x2ee780,0x48
sub_002EE780,0x2ee780,0x2ee7c8,0x48
sub_002EE7C8,0x2ee7c8,0x2ee810,0x48
sub_002EE810,0x2ee810,0x2ee858,0x48
sub_002EE858,0x2ee858,0x2ee8a0,0x48
sub_002EE8A0,0x2ee8a0,0x2ee8e8,0x48
sub_002EE8E8,0x2ee8e8,0x2ee930,0x48
sub_002EE930,0x2ee930,0x2ee978,0x48
sub_002EE978,0x2ee978,0x2ee9c0,0x48
sub_002EE9C0,0x2ee9c0,0x2eea08,0x48
sub_002EEA08,0x2eea08,0x2eea50,0x48
sub_002EEA50,0x2eea50,0x2eea98,0x48
sub_002EEA98,0x2eea98,0x2eeae0,0x48
sub_002EEAE0,0x2eeae0,0x2eeb28,0x48
sub_002EEB28,0x2eeb28,0x2eeb70,0x48
sub_002EEB70,0x2eeb70,0x2eebd0,0x60
sub_002EEBD0,0x2eebd0,0x2eec30,0x60
sub_002EEC30,0x2eec30,0x2eec90,0x60
sub_002EEC90,0x2eec90,0x2eecf0,0x60
sub_002EECF0,0x2eecf0,0x2eed50,0x60
sub_002EED50,0x2eed50,0x2eedb0,0x60
sub_002EEDB0,0x2eedb0,0x2eedf8,0x48
sub_002EEDF8,0x2eedf8,0x2eee40,0x48
sub_002EEE40,0x2eee40,0x2eee88,0x48
sub_002EEE88,0x2eee88,0x2eeed0,0x48
sub_002EEED0,0x2eeed0,0x2eef18,0x48
sub_002EEF18,0x2eef18,0x2eef60,0x48
sub_002EEF60,0x2eef60,0x2eefa8,0x48
sub_002EEFA8,0x2eefa8,0x2eeff0,0x48
sub_002EEFF0,0x2eeff0,0x2ef038,0x48
sub_002EF038,0x2ef038,0x2ef0a0,0x68
sub_002EF0A0,0x2ef0a0,0x2ef0e8,0x48
sub_002EF0E8,0x2ef0e8,0x2ef140,0x58
sub_002EF140,0x2ef140,0x2ef198,0x58
sub_002EF198,0x2ef198,0x2ef1f0,0x58
sub_002EF1F0,0x2ef1f0,0x2ef248,0x58
sub_002EF248,0x2ef248,0x2ef2d8,0x90
sub_002EF2D8,0x2ef2d8,0x2ef368,0x90
sub_002EF368,0x2ef368,0x2ef378,0x10
sub_002EF378,0x2ef378,0x2ef3b0,0x38
sub_002EF3B0,0x2ef3b0,0x2ef530,0x180
sub_002EF530,0x2ef530,0x2ef6a0,0x170
sub_002EF6A0,0x2ef6a0,0x2ef6d0,0x30
sub_002EF6D0,0x2ef6d0,0x2ef950,0x280
sub_002EF950,0x2ef950,0x2eff98,0x648
sub_002EFF98,0x2eff98,0x2f00a0,0x108
sub_002F00A0,0x2f00a0,0x2f0368,0x2c8
sub_002F0368,0x2f0368,0x2f0390,0x28
sub_002F0390,0x2f0390,0x2f03c8,0x38
sub_002F03C8,0x2f03c8,0x2f0510,0x148
sub_002F0510,0x2f0510,0x2f0548,0x38
sub_002F0548,0x2f0548,0x2f0e88,0x940
sub_002F0E88,0x2f0e88,0x2f0fe8,0x160
sub_002F0FE8,0x2f0fe8,0x2f1148,0x160
sub_002F1148,0x2f1148,0x2f1150,0x8
sub_002F1150,0x2f1150,0x2f1510,0x3c0
sub_002F1510,0x2f1510,0x2f1768,0x258
sub_002F1768,0x2f1768,0x2f17a8,0x40
sub_002F17A8,0x2f17a8,0x2f17d0,0x28
sub_002F17D0,0x2f17d0,0x2f1810,0x40
sub_002F1810,0x2f1810,0x2f1850,0x40
sub_002F1850,0x2f1850,0x2f1890,0x40
sub_002F1890,0x2f1890,0x2f18d8,0x48
sub_002F18D8,0x2f18d8,0x2f19f0,0x118
sub_002F19F0,0x2f19f0,0x2f1a00,0x10
sub_002F1A00,0x2f1a00,0x2f1a08,0x8
sub_002F1A08,0x2f1a08,0x2f2088,0x680
sub_002F2088,0x2f2088,0x2f2130,0xa8
sub_002F2130,0x2f2130,0x2f2218,0xe8
sub_002F2218,0x2f2218,0x2f22c8,0xb0
sub_002F22C8,0x2f22c8,0x2f2588,0x2c0
sub_002F2588,0x2f2588,0x2f2598,0x10
sub_002F2598,0x2f2598,0x2f2810,0x278
sub_002F2810,0x2f2810,0x2f2c30,0x420
sub_002F2C30,0x2f2c30,0x2f2d60,0x130
sub_002F2D60,0x2f2d60,0x2f2d70,0x10
sub_002F2D70,0x2f2d70,0x2f3030,0x2c0
sub_002F3030,0x2f3030,0x2f3418,0x3e8
sub_002F3418,0x2f3418,0x2f3550,0x138
sub_002F3550,0x2f3550,0x2f3618,0xc8
sub_002F3618,0x2f3618,0x2f3640,0x28
sub_002F3640,0x2f3640,0x2f37a8,0x168
sub_002F37A8,0x2f37a8,0x2f3810,0x68
sub_002F3810,0x2f3810,0x2f39c8,0x1b8
sub_002F39C8,0x2f39c8,0x2f4118,0x750
sub_002F4118,0x2f4118,0x2f41a8,0x90
sub_002F41A8,0x2f41a8,0x2f4260,0xb8
sub_002F4260,0x2f4260,0x2f4330,0xd0
sub_002F4330,0x2f4330,0x2f4380,0x50
sub_002F4380,0x2f4380,0x2f43e0,0x60
sub_002F43E0,0x2f43e0,0x2f4690,0x2b0
sub_002F4690,0x2f4690,0x2f4a08,0x378
sub_002F4A08,0x2f4a08,0x2f4db8,0x3b0
sub_002F4DB8,0x2f4db8,0x2f5148,0x390
sub_002F5148,0x2f5148,0x2f5180,0x38
sub_002F5180,0x2f5180,0x2f5230,0xb0
sub_002F5230,0x2f5230,0x2f5298,0x68
sub_002F5298,0x2f5298,0x2f53b0,0x118
sub_002F53B0,0x2f53b0,0x2f5400,0x50
sub_002F5400,0x2f5400,0x2f5998,0x598
sub_002F5998,0x2f5998,0x2f59d0,0x38
sub_002F59D0,0x2f59d0,0x2f5a70,0xa0
sub_002F5A70,0x2f5a70,0x2f5af0,0x80
sub_002F5AF0,0x2f5af0,0x2f5b68,0x78
sub_002F5B68,0x2f5b68,0x2f5d30,0x1c8
sub_002F5D30,0x2f5d30,0x2f6168,0x438
sub_002F6168,0x2f6168,0x2f6238,0xd0
sub_002F6238,0x2f6238,0x2f6388,0x150
sub_002F6388,0x2f6388,0x2f64e8,0x160
sub_002F64E8,0x2f64e8,0x2f64f0,0x8
sub_002F64F0,0x2f64f0,0x2f6518,0x28
sub_002F6518,0x2f6518,0x2f6908,0x3f0
sub_002F6908,0x2f6908,0x2f6910,0x8
sub_002F6910,0x2f6910,0x2f6a58,0x148
sub_002F6A58,0x2f6a58,0x2f6a90,0x38
sub_002F6A90,0x2f6a90,0x2f6ac8,0x38
sub_002F6AC8,0x2f6ac8,0x2f6b28,0x60
sub_002F6B28,0x2f6b28,0x2f6b38,0x10
sub_002F6B38,0x2f6b38,0x2f6b88,0x50
sub_002F6B88,0x2f6b88,0x2f7a68,0xee0
sub_002F7A68,0x2f7a68,0x2f7be0,0x178
sub_002F7BE0,0x2f7be0,0x2f7c20,0x40
sub_002F7C20,0x2f7c20,0x2f7c28,0x8
sub_002F7C28,0x2f7c28,0x2f7c30,0x8
sub_002F7C30,0x2f7c30,0x2f7f00,0x2d0
sub_002F7F00,0x2f7f00,0x2f7f30,0x30
sub_002F7F30,0x2f7f30,0x2f7f60,0x30
sub_002F7F60,0x2f7f60,0x2f7f90,0x30
sub_002F7F90,0x2f7f90,0x2f7ff0,0x60
sub_002F7FF0,0x2f7ff0,0x2f8000,0x10
sub_002F8000,0x2f8000,0x2f8030,0x30
sub_002F8030,0x2f8030,0x2f80d8,0xa8
sub_002F80D8,0x2f80d8,0x2f8108,0x30
sub_002F8108,0x2f8108,0x2f8138,0x30
sub_002F8138,0x2f8138,0x2f8168,0x30
sub_002F8168,0x2f8168,0x2f8188,0x20
sub_002F8188,0x2f8188,0x2f81b8,0x30
sub_002F81B8,0x2f81b8,0x2f8220,0x68
sub_002F8220,0x2f8220,0x2f8250,0x30
sub_002F8250,0x2f8250,0x2f8280,0x30
sub_002F8280,0x2f8280,0x2f82b0,0x30
sub_002F82B0,0x2f82b0,0x2f82e0,0x30
sub_002F82E0,0x2f82e0,0x2f8310,0x30
sub_002F8310,0x2f8310,0x2f8340,0x30
sub_002F8340,0x2f8340,0x2f8370,0x30
sub_002F8370,0x2f8370,0x2f8390,0x20
sub_002F8390,0x2f8390,0x2f83b0,0x20
sub_002F83B0,0x2f83b0,0x2f8ff8,0xc48
sub_002F8FF8,0x2f8ff8,0x2f9040,0x48
sub_002F9040,0x2f9040,0x2f9818,0x7d8
sub_002F9818,0x2f9818,0x2f9838,0x20
sub_002F9838,0x2f9838,0x2fa5f8,0xdc0
sub_002FA5F8,0x2fa5f8,0x2fa640,0x48
sub_002FA640,0x2fa640,0x2fae18,0x7d8
sub_002FAE18,0x2fae18,0x2fae38,0x20
sub_002FAE38,0x2fae38,0x2fc2c0,0x1488
sub_002FC2C0,0x2fc2c0,0x303d88,0x7ac8
sub_00303D88,0x303d88,0x303d90,0x8
sub_00303D90,0x303d90,0x303df8,0x68
sub_00303DF8,0x303df8,0x303e60,0x68
sub_00303E60,0x303e60,0x307128,0x32c8
sub_00307128,0x307128,0x307598,0x470
sub_00307598,0x307598,0x307738,0x1a0
sub_00307738,0x307738,0x3077f8,0xc0
sub_003077F8,0x3077f8,0x3078c0,0xc8
sub_003078C0,0x3078c0,0x3079d8,0x118
sub_003079D8,0x3079d8,0x307a10,0x38
sub_00307A10,0x307a10,0x307c40,0x230
sub_00307C40,0x307c40,0x307d78,0x138
sub_00307D78,0x307d78,0x307e10,0x98
sub_00307E10,0x307e10,0x307ec0,0xb0
sub_00307EC0,0x307ec0,0x307f58,0x98
sub_00307F58,0x307f58,0x308018,0xc0
sub_00308018,0x308018,0x308038,0x20
sub_00308038,0x308038,0x308118,0xe0
sub_00308118,0x308118,0x308228,0x110
sub_00308228,0x308228,0x308278,0x50
sub_00308278,0x308278,0x308760,0x4e8
sub_00308760,0x308760,0x308798,0x38
sub_00308798,0x308798,0x3087d0,0x38
sub_003087D0,0x3087d0,0x3088d8,0x108
sub_003088D8,0x3088d8,0x308988,0xb0
sub_00308988,0x308988,0x308a48,0xc0
sub_00308A48,0x308a48,0x308aa0,0x58
sub_00308AA0,0x308aa0,0x308b58,0xb8
sub_00308B58,0x308b58,0x308b78,0x20
sub_00308B78,0x308b78,0x308be0,0x68
sub_00308BE0,0x308be0,0x308c60,0x80
sub_00308C60,0x308c60,0x308db8,0x158
sub_00308DB8,0x308db8,0x308f38,0x180
sub_00308F38,0x308f38,0x308f70,0x38
sub_00308F70,0x308f70,0x308fe0,0x70
sub_00308FE0,0x308fe0,0x309030,0x50
sub_00309030,0x309030,0x309118,0xe8
sub_00309118,0x309118,0x309270,0x158
sub_00309270,0x309270,0x3094c8,0x258
sub_003094C8,0x3094c8,0x309568,0xa0
sub_00309568,0x309568,0x309750,0x1e8
sub_00309750,0x309750,0x309798,0x48
sub_00309798,0x309798,0x3097e0,0x48
sub_003097E0,0x3097e0,0x309848,0x68
sub_00309848,0x309848,0x3098b0,0x68
sub_003098B0,0x3098b0,0x309918,0x68
sub_00309918,0x309918,0x309990,0x78
sub_00309990,0x309990,0x3099f8,0x68
sub_003099F8,0x3099f8,0x309a60,0x68
sub_00309A60,0x309a60,0x309aa0,0x40
sub_00309AA0,0x309aa0,0x309b00,0x60
sub_00309B00,0x309b00,0x309b70,0x70
sub_00309B70,0x309b70,0x309ba8,0x38
sub_00309BA8,0x309ba8,0x309c88,0xe0
sub_00309C88,0x309c88,0x309d20,0x98
sub_00309D20,0x309d20,0x309dd0,0xb0
sub_00309DD0,0x309dd0,0x309e50,0x80
sub_00309E50,0x309e50,0x309f18,0xc8
sub_00309F18,0x309f18,0x30a060,0x148
sub_0030A060,0x30a060,0x30a270,0x210
sub_0030A270,0x30a270,0x30a298,0x28
sub_0030A298,0x30a298,0x30a2e8,0x50
sub_0030A2E8,0x30a2e8,0x30a310,0x28
sub_0030A310,0x30a310,0x30a3a0,0x90
sub_0030A3A0,0x30a3a0,0x30a460,0xc0
sub_0030A460,0x30a460,0x30a548,0xe8
sub_0030A548,0x30a548,0x30a598,0x50
sub_0030A598,0x30a598,0x30a5c0,0x28
sub_0030A5C0,0x30a5c0,0x30a610,0x50
sub_0030A610,0x30a610,0x30a688,0x78
sub_0030A688,0x30a688,0x30a6d8,0x50
sub_0030A6D8,0x30a6d8,0x30a700,0x28
sub_0030A700,0x30a700,0x30a728,0x28
sub_0030A728,0x30a728,0x30a868,0x140
sub_0030A868,0x30a868,0x30ac98,0x430
sub_0030AC98,0x30ac98,0x30ada8,0x110
sub_0030ADA8,0x30ada8,0x30aeb8,0x110
sub_0030AEB8,0x30aeb8,0x30af08,0x50
sub_0030AF08,0x30af08,0x30b058,0x150
sub_0030B058,0x30b058,0x30b068,0x10
sub_0030B068,0x30b068,0x30b0e8,0x80
sub_0030B0E8,0x30b0e8,0x30b1b8,0xd0
sub_0030B1B8,0x30b1b8,0x30b208,0x50
sub_0030B208,0x30b208,0x30b228,0x20
sub_0030B228,0x30b228,0x30b260,0x38
sub_0030B260,0x30b260,0x30b270,0x10
sub_0030B270,0x30b270,0x30b2c0,0x50
sub_0030B2C0,0x30b2c0,0x30b2d0,0x10
sub_0030B2D0,0x30b2d0,0x30b320,0x50
sub_0030B320,0x30b320,0x30b388,0x68
sub_0030B388,0x30b388,0x30b428,0xa0
sub_0030B428,0x30b428,0x30b4b8,0x90
sub_0030B4B8,0x30b4b8,0x30b4c0,0x8
sub_0030B4C0,0x30b4c0,0x30b4d8,0x18
sub_0030B4D8,0x30b4d8,0x30b4f0,0x18
sub_0030B4F0,0x30b4f0,0x30b508,0x18
sub_0030B508,0x30b508,0x30b520,0x18
sub_0030B520,0x30b520,0x30b540,0x20
sub_0030B540,0x30b540,0x30b658,0x118
sub_0030B658,0x30b658,0x30b6f8,0xa0
sub_0030B6F8,0x30b6f8,0x30b758,0x60
sub_0030B758,0x30b758,0x30b7f8,0xa0
sub_0030B7F8,0x30b7f8,0x30b898,0xa0
sub_0030B898,0x30b898,0x30b8c0,0x28
sub_0030B8C0,0x30b8c0,0x30b928,0x68
sub_0030B928,0x30b928,0x30b9a0,0x78
sub_0030B9A0,0x30b9a0,0x30ba80,0xe0
sub_0030BA80,0x30ba80,0x30bac8,0x48
sub_0030BAC8,0x30bac8,0x30bb10,0x48
sub_0030BB10,0x30bb10,0x30bc80,0x170
sub_0030BC80,0x30bc80,0x30bd20,0xa0
sub_0030BD20,0x30bd20,0x30bee8,0x1c8
sub_0030BEE8,0x30bee8,0x30bfc0,0xd8
sub_0030BFC0,0x30bfc0,0x30c390,0x3d0
sub_0030C390,0x30c390,0x30c3e0,0x50
sub_0030C3E0,0x30c3e0,0x30c468,0x88
sub_0030C468,0x30c468,0x30c4a8,0x40
sub_0030C4A8,0x30c4a8,0x30c6c8,0x220
sub_0030C6C8,0x30c6c8,0x30c700,0x38
sub_0030C700,0x30c700,0x30c738,0x38
sub_0030C738,0x30c738,0x30c760,0x28
sub_0030C760,0x30c760,0x30c790,0x30
sub_0030C790,0x30c790,0x30c7c0,0x30
sub_0030C7C0,0x30c7c0,0x30c820,0x60
sub_0030C820,0x30c820,0x30c870,0x50
sub_0030C870,0x30c870,0x30c8d8,0x68
sub_0030C8D8,0x30c8d8,0x30d3d8,0xb00
sub_0030D3D8,0x30d3d8,0x30d420,0x48
sub_0030D420,0x30d420,0x30d480,0x60
sub_0030D480,0x30d480,0x30d498,0x18
sub_0030D498,0x30d498,0x30d4b8,0x20
sub_0030D4B8,0x30d4b8,0x30d540,0x88
sub_0030D540,0x30d540,0x30d840,0x300
sub_0030D840,0x30d840,0x30d8b8,0x78
sub_0030D8B8,0x30d8b8,0x30db70,0x2b8
sub_0030DB70,0x30db70,0x30dba0,0x30
sub_0030DBA0,0x30dba0,0x30dbd0,0x30
sub_0030DBD0,0x30dbd0,0x30e9e0,0xe10
sub_0030E9E0,0x30e9e0,0x30ea80,0xa0
sub_0030EA80,0x30ea80,0x30eb60,0xe0
sub_0030EB60,0x30eb60,0x30ebc0,0x60
sub_0030EBC0,0x30ebc0,0x30ec18,0x58
sub_0030EC18,0x30ec18,0x30eca0,0x88
sub_0030ECA0,0x30eca0,0x30ecd8,0x38
sub_0030ECD8,0x30ecd8,0x30f2b0,0x5d8
sub_0030F2B0,0x30f2b0,0x310120,0xe70
sub_00310120,0x310120,0x310200,0xe0
sub_00310200,0x310200,0x3103f0,0x1f0
sub_003103F0,0x3103f0,0x310530,0x140
sub_00310530,0x310530,0x310640,0x110
sub_00310640,0x310640,0x310948,0x308
sub_00310948,0x310948,0x310c48,0x300
sub_00310C48,0x310c48,0x310ce8,0xa0
sub_00310CE8,0x310ce8,0x310ea8,0x1c0
sub_00310EA8,0x310ea8,0x310ee0,0x38
sub_00310EE0,0x310ee0,0x310f18,0x38
sub_00310F18,0x310f18,0x311048,0x130
sub_00311048,0x311048,0x3110d0,0x88
sub_003110D0,0x3110d0,0x311110,0x40
sub_00311110,0x311110,0x311220,0x110
sub_00311220,0x311220,0x311250,0x30
sub_00311250,0x311250,0x311290,0x40
sub_00311290,0x311290,0x3112c8,0x38
sub_003112C8,0x3112c8,0x311318,0x50
sub_00311318,0x311318,0x3115c8,0x2b0
sub_003115C8,0x3115c8,0x3115e0,0x18
sub_003115E0,0x3115e0,0x311710,0x130
sub_00311710,0x311710,0x311860,0x150
sub_00311860,0x311860,0x311870,0x10
sub_00311870,0x311870,0x3118d0,0x60
sub_003118D0,0x3118d0,0x311958,0x88
sub_00311958,0x311958,0x311a50,0xf8
sub_00311A50,0x311a50,0x311ae8,0x98
sub_00311AE8,0x311ae8,0x311b20,0x38
sub_00311B20,0x311b20,0x311b48,0x28
sub_00311B48,0x311b48,0x311bf0,0xa8
sub_00311BF0,0x311bf0,0x311e88,0x298
sub_00311E88,0x311e88,0x311f00,0x78
sub_00311F00,0x311f00,0x3123c0,0x4c0
sub_003123C0,0x3123c0,0x312490,0xd0
sub_00312490,0x312490,0x312598,0x108
sub_00312598,0x312598,0x312660,0xc8
sub_00312660,0x312660,0x312790,0x130
sub_00312790,0x312790,0x312820,0x90
sub_00312820,0x312820,0x3128e8,0xc8
sub_003128E8,0x3128e8,0x3129e0,0xf8
sub_003129E0,0x3129e0,0x312aa0,0xc0
sub_00312AA0,0x312aa0,0x312ab0,0x10
sub_00312AB0,0x312ab0,0x312ae8,0x38
sub_00312AE8,0x312ae8,0x312b18,0x30
sub_00312B18,0x312b18,0x312bd0,0xb8
sub_00312BD0,0x312bd0,0x312c20,0x50
sub_00312C20,0x312c20,0x3130a8,0x488
sub_003130A8,0x3130a8,0x313508,0x460
sub_00313508,0x313508,0x3135b0,0xa8
sub_003135B0,0x3135b0,0x313800,0x250
sub_00313800,0x313800,0x313868,0x68
sub_00313868,0x313868,0x313938,0xd0
sub_00313938,0x313938,0x3139a8,0x70
sub_003139A8,0x3139a8,0x313a10,0x68
sub_00313A10,0x313a10,0x313a20,0x10
sub_00313A20,0x313a20,0x313a70,0x50
sub_00313A70,0x313a70,0x313ad8,0x68
sub_00313AD8,0x313ad8,0x313ba8,0xd0
sub_00313BA8,0x313ba8,0x313c08,0x60
sub_00313C08,0x313c08,0x313c50,0x48
sub_00313C50,0x313c50,0x313cf0,0xa0
sub_00313CF0,0x313cf0,0x313d28,0x38
sub_00313D28,0x313d28,0x313d40,0x18
sub_00313D40,0x313d40,0x313d70,0x30
sub_00313D70,0x313d70,0x313dd0,0x60
sub_00313DD0,0x313dd0,0x314050,0x280
sub_00314050,0x314050,0x3142e8,0x298
sub_003142E8,0x3142e8,0x3142f8,0x10
sub_003142F8,0x3142f8,0x314368,0x70
sub_00314368,0x314368,0x314418,0xb0
sub_00314418,0x314418,0x314518,0x100
sub_00314518,0x314518,0x314588,0x70
sub_00314588,0x314588,0x3145f8,0x70
sub_003145F8,0x3145f8,0x314668,0x70
sub_00314668,0x314668,0x3146d0,0x68
sub_003146D0,0x3146d0,0x314718,0x48
sub_00314718,0x314718,0x314760,0x48
sub_00314760,0x314760,0x3147f0,0x90
sub_003147F0,0x3147f0,0x314880,0x90
sub_00314880,0x314880,0x314978,0xf8
sub_00314978,0x314978,0x314988,0x10
sub_00314988,0x314988,0x3149d0,0x48
sub_003149D0,0x3149d0,0x314a18,0x48
sub_00314A18,0x314a18,0x314a40,0x28
sub_00314A40,0x314a40,0x314aa0,0x60
sub_00314AA0,0x314aa0,0x314c00,0x160
sub_00314C00,0x314c00,0x314cb0,0xb0
sub_00314CB0,0x314cb0,0x314d60,0xb0
sub_00314D60,0x314d60,0x314d98,0x38
sub_00314D98,0x314d98,0x314dd8,0x40
sub_00314DD8,0x314dd8,0x314e88,0xb0
sub_00314E88,0x314e88,0x314ef0,0x68
sub_00314EF0,0x314ef0,0x314f30,0x40
sub_00314F30,0x314f30,0x314fe8,0xb8
sub_00314FE8,0x314fe8,0x3150b0,0xc8
sub_003150B0,0x3150b0,0x3150f8,0x48
sub_003150F8,0x3150f8,0x315a00,0x908
sub_00315A00,0x315a00,0x315a20,0x20
sub_00315A20,0x315a20,0x316878,0xe58
sub_00316878,0x316878,0x316898,0x20
sub_00316898,0x316898,0x3168b0,0x18
sub_003168B0,0x3168b0,0x3168e8,0x38
sub_003168E8,0x3168e8,0x316930,0x48
sub_00316930,0x316930,0x316978,0x48
sub_00316978,0x316978,0x316a00,0x88
sub_00316A00,0x316a00,0x316a20,0x20
sub_00316A20,0x316a20,0x316cd0,0x2b0
sub_00316CD0,0x316cd0,0x316d28,0x58
sub_00316D28,0x316d28,0x316d60,0x38
sub_00316D60,0x316d60,0x316ef8,0x198
sub_00316EF8,0x316ef8,0x316f00,0x8
sub_00316F00,0x316f00,0x317328,0x428
sub_00317328,0x317328,0x317348,0x20
sub_00317348,0x317348,0x317400,0xb8
sub_00317400,0x317400,0x317458,0x58
sub_00317458,0x317458,0x317478,0x20
sub_00317478,0x317478,0x3174a8,0x30
sub_003174A8,0x3174a8,0x317500,0x58
sub_00317500,0x317500,0x317520,0x20
sub_00317520,0x317520,0x317530,0x10
sub_00317530,0x317530,0x317550,0x20
sub_00317550,0x317550,0x3175a0,0x50
sub_003175A0,0x3175a0,0x317600,0x60
sub_00317600,0x317600,0x317618,0x18
sub_00317618,0x317618,0x317670,0x58
sub_00317670,0x317670,0x317690,0x20
sub_00317690,0x317690,0x317710,0x80
sub_00317710,0x317710,0x3177c8,0xb8
sub_003177C8,0x3177c8,0x3177f0,0x28
sub_003177F0,0x3177f0,0x317810,0x20
sub_00317810,0x317810,0x317830,0x20
sub_00317830,0x317830,0x317890,0x60
sub_00317890,0x317890,0x3178e0,0x50
sub_003178E0,0x3178e0,0x317908,0x28
sub_00317908,0x317908,0x317930,0x28
sub_00317930,0x317930,0x317958,0x28
sub_00317958,0x317958,0x317a08,0xb0
sub_00317A08,0x317a08,0x317d20,0x318
sub_00317D20,0x317d20,0x317d70,0x50
sub_00317D70,0x317d70,0x317e30,0xc0
sub_00317E30,0x317e30,0x317e50,0x20
sub_00317E50,0x317e50,0x317e98,0x48
sub_00317E98,0x317e98,0x317f38,0xa0
sub_00317F38,0x317f38,0x317f60,0x28
sub_00317F60,0x317f60,0x317f98,0x38
sub_00317F98,0x317f98,0x317fc0,0x28
sub_00317FC0,0x317fc0,0x317fe8,0x28
sub_00317FE8,0x317fe8,0x318040,0x58
sub_00318040,0x318040,0x3180b8,0x78
sub_003180B8,0x3180b8,0x318120,0x68
sub_00318120,0x318120,0x318188,0x68
sub_00318188,0x318188,0x3181e8,0x60
sub_003181E8,0x3181e8,0x318260,0x78
sub_00318260,0x318260,0x3182d8,0x78
sub_003182D8,0x3182d8,0x318350,0x78
sub_00318350,0x318350,0x3183d8,0x88
sub_003183D8,0x3183d8,0x318448,0x70
sub_00318448,0x318448,0x3184e8,0xa0
sub_003184E8,0x3184e8,0x318540,0x58
sub_00318540,0x318540,0x3185c8,0x88
sub_003185C8,0x3185c8,0x318630,0x68
sub_00318630,0x318630,0x3186d0,0xa0
sub_003186D0,0x3186d0,0x318830,0x160
sub_00318830,0x318830,0x318910,0xe0
sub_00318910,0x318910,0x3189a0,0x90
sub_003189A0,0x3189a0,0x3189d0,0x30
sub_003189D0,0x3189d0,0x318a88,0xb8
sub_00318A88,0x318a88,0x318c18,0x190
sub_00318C18,0x318c18,0x318ca0,0x88
sub_00318CA0,0x318ca0,0x318d28,0x88
sub_00318D28,0x318d28,0x318e68,0x140
sub_00318E68,0x318e68,0x318f90,0x128
sub_00318F90,0x318f90,0x319028,0x98
sub_00319028,0x319028,0x3190a8,0x80
sub_003190A8,0x3190a8,0x3191c0,0x118
sub_003191C0,0x3191c0,0x3194a8,0x2e8
sub_003194A8,0x3194a8,0x319610,0x168
sub_00319610,0x319610,0x319660,0x50
sub_00319660,0x319660,0x319690,0x30
sub_00319690,0x319690,0x319718,0x88
sub_00319718,0x319718,0x3197d0,0xb8
sub_003197D0,0x3197d0,0x319820,0x50
sub_00319820,0x319820,0x3198a0,0x80
sub_003198A0,0x3198a0,0x319910,0x70
sub_00319910,0x319910,0x319930,0x20
sub_00319930,0x319930,0x319a30,0x100
sub_00319A30,0x319a30,0x319a90,0x60
sub_00319A90,0x319a90,0x319b48,0xb8
sub_00319B48,0x319b48,0x319b98,0x50
sub_00319B98,0x319b98,0x319bd8,0x40
sub_00319BD8,0x319bd8,0x319cc8,0xf0
sub_00319CC8,0x319cc8,0x319d10,0x48
sub_00319D10,0x319d10,0x319d18,0x8
sub_00319D18,0x319d18,0x319d20,0x8
sub_00319D20,0x319d20,0x319e48,0x128
sub_00319E48,0x319e48,0x319f68,0x120
sub_00319F68,0x319f68,0x31a088,0x120
sub_0031A088,0x31a088,0x31a130,0xa8
sub_0031A130,0x31a130,0x31a200,0xd0
sub_0031A200,0x31a200,0x31a268,0x68
sub_0031A268,0x31a268,0x31a308,0xa0
sub_0031A308,0x31a308,0x31a3c0,0xb8
sub_0031A3C0,0x31a3c0,0x31a6b8,0x2f8
sub_0031A6B8,0x31a6b8,0x31aaf0,0x438
sub_0031AAF0,0x31aaf0,0x31ad18,0x228
sub_0031AD18,0x31ad18,0x31ad20,0x8
sub_0031AD20,0x31ad20,0x31adb0,0x90
sub_0031ADB0,0x31adb0,0x31af80,0x1d0
sub_0031AF80,0x31af80,0x31b008,0x88
sub_0031B008,0x31b008,0x31b088,0x80
sub_0031B088,0x31b088,0x31b098,0x10
sub_0031B098,0x31b098,0x31b178,0xe0
sub_0031B178,0x31b178,0x31b310,0x198
sub_0031B310,0x31b310,0x31b6c8,0x3b8
sub_0031B6C8,0x31b6c8,0x31b748,0x80
sub_0031B748,0x31b748,0x31b7a8,0x60
sub_0031B7A8,0x31b7a8,0x31bb30,0x388
sub_0031BB30,0x31bb30,0x31bcb0,0x180
sub_0031BCB0,0x31bcb0,0x31be50,0x1a0
sub_0031BE50,0x31be50,0x31bf60,0x110
sub_0031BF60,0x31bf60,0x31c040,0xe0
sub_0031C040,0x31c040,0x31c128,0xe8
sub_0031C128,0x31c128,0x31c228,0x100
sub_0031C228,0x31c228,0x31c350,0x128
sub_0031C350,0x31c350,0x31d368,0x1018
sub_0031D368,0x31d368,0x31d3a8,0x40
sub_0031D3A8,0x31d3a8,0x31d4d0,0x128
sub_0031D4D0,0x31d4d0,0x31d5a8,0xd8
sub_0031D5A8,0x31d5a8,0x31d5e8,0x40
sub_0031D5E8,0x31d5e8,0x31d618,0x30
sub_0031D618,0x31d618,0x31d660,0x48
sub_0031D660,0x31d660,0x31d700,0xa0
sub_0031D700,0x31d700,0x31d738,0x38
sub_0031D738,0x31d738,0x31d790,0x58
sub_0031D790,0x31d790,0x31d7e0,0x50
sub_0031D7E0,0x31d7e0,0x31d8b0,0xd0
sub_0031D8B0,0x31d8b0,0x31dee0,0x630
sub_0031DEE0,0x31dee0,0x31e1d8,0x2f8
sub_0031E1D8,0x31e1d8,0x31e260,0x88
sub_0031E260,0x31e260,0x31e2d8,0x78
sub_0031E2D8,0x31e2d8,0x31e6d8,0x400
sub_0031E6D8,0x31e6d8,0x31e818,0x140
sub_0031E818,0x31e818,0x31ed60,0x548
sub_0031ED60,0x31ed60,0x31eee8,0x188
sub_0031EEE8,0x31eee8,0x31f2c8,0x3e0
sub_0031F2C8,0x31f2c8,0x31f4e8,0x220
sub_0031F4E8,0x31f4e8,0x31f858,0x370
sub_0031F858,0x31f858,0x31fbb8,0x360
sub_0031FBB8,0x31fbb8,0x31fc20,0x68
sub_0031FC20,0x31fc20,0x31ff20,0x300
sub_0031FF20,0x31ff20,0x31ff38,0x18
sub_0031FF38,0x31ff38,0x31ff60,0x28
sub_0031FF60,0x31ff60,0x31ffd8,0x78
sub_0031FFD8,0x31ffd8,0x320034,0x5c
sub_00320034,0x320034,0x320058,0x24
sub_00320058,0x320058,0x320078,0x20
sub_00320078,0x320078,0x3200c0,0x48
sub_003200C0,0x3200c0,0x3200e8,0x28
sub_003200E8,0x3200e8,0x320120,0x38
sub_00320120,0x320120,0x320158,0x38
sub_00320158,0x320158,0x320190,0x38
sub_00320190,0x320190,0x3201d8,0x48
sub_003201D8,0x3201d8,0x320220,0x48
sub_00320220,0x320220,0x320270,0x50
sub_00320270,0x320270,0x3202c0,0x50
sub_003202C0,0x3202c0,0x3202f8,0x38
sub_003202F8,0x3202f8,0x320330,0x38
sub_00320330,0x320330,0x320368,0x38
sub_00320368,0x320368,0x3203b8,0x50
sub_003203B8,0x3203b8,0x320408,0x50
sub_00320408,0x320408,0x320448,0x40
sub_00320448,0x320448,0x320488,0x40
sub_00320488,0x320488,0x320498,0x10
sub_00320498,0x320498,0x3204a8,0x10
sub_003204A8,0x3204a8,0x3204b8,0x10
sub_003204B8,0x3204b8,0x3204d0,0x18
sub_003204D0,0x3204d0,0x3204e8,0x18
sub_003204E8,0x3204e8,0x320500,0x18
sub_00320500,0x320500,0x320518,0x18
sub_00320518,0x320518,0x320520,0x8
sub_00320520,0x320520,0x320528,0x8
sub_00320528,0x320528,0x320530,0x8
sub_00320530,0x320530,0x320538,0x8
sub_00320538,0x320538,0x320540,0x8
sub_00320540,0x320540,0x320548,0x8
sub_00320548,0x320548,0x320550,0x8
sub_00320550,0x320550,0x320b28,0x5d8
sub_00320B28,0x320b28,0x320b48,0x20
sub_00320B48,0x320b48,0x320b68,0x20
sub_00320B68,0x320b68,0x320bf0,0x88
sub_00320BF0,0x320bf0,0x320c48,0x58
sub_00320C48,0x320c48,0x320ca0,0x58
sub_00320CA0,0x320ca0,0x320db0,0x110
sub_00320DB0,0x320db0,0x320e18,0x68
sub_00320E18,0x320e18,0x320f10,0xf8
sub_00320F10,0x320f10,0x320fa8,0x98
sub_00320FA8,0x320fa8,0x321010,0x68
sub_00321010,0x321010,0x321108,0xf8
sub_00321108,0x321108,0x321188,0x80
sub_00321188,0x321188,0x321298,0x110
sub_00321298,0x321298,0x321428,0x190
sub_00321428,0x321428,0x321500,0xd8
sub_00321500,0x321500,0x321590,0x90
sub_00321590,0x321590,0x3215f8,0x68
sub_003215F8,0x3215f8,0x321638,0x40
sub_00321638,0x321638,0x3216e8,0xb0
sub_003216E8,0x3216e8,0x3217d0,0xe8
sub_003217D0,0x3217d0,0x321880,0xb0
sub_00321880,0x321880,0x321a40,0x1c0
sub_00321A40,0x321a40,0x321ad0,0x90
sub_00321AD0,0x321ad0,0x321ad8,0x8
sub_00321AD8,0x321ad8,0x321af0,0x18
sub_00321AF0,0x321af0,0x323098,0x15a8
sub_00323098,0x323098,0x3230e0,0x48
sub_003230E0,0x3230e0,0x323268,0x188
sub_00323268,0x323268,0x3233b8,0x150
sub_003233B8,0x3233b8,0x323540,0x188
sub_00323540,0x323540,0x3236d8,0x198
sub_003236D8,0x3236d8,0x323900,0x228
sub_00323900,0x323900,0x323a68,0x168
sub_00323A68,0x323a68,0x323bd8,0x170
sub_00323BD8,0x323bd8,0x324138,0x560
sub_00324138,0x324138,0x324398,0x260
sub_00324398,0x324398,0x3245a8,0x210
sub_003245A8,0x3245a8,0x324678,0xd0
sub_00324678,0x324678,0x324ec8,0x850
sub_00324EC8,0x324ec8,0x3250d8,0x210
sub_003250D8,0x3250d8,0x325250,0x178
sub_00325250,0x325250,0x325260,0x10
sub_00325260,0x325260,0x3252e8,0x88
sub_003252E8,0x3252e8,0x3252f8,0x10
sub_003252F8,0x3252f8,0x325430,0x138
sub_00325430,0x325430,0x325450,0x20
sub_00325450,0x325450,0x325f44,0xaf4
sub_00325F44,0x325f44,0x325f48,0x4
sub_00325F48,0x325f48,0x326078,0x130
sub_00326078,0x326078,0x326150,0xd8
sub_00326150,0x326150,0x326308,0x1b8
sub_00326308,0x326308,0x326360,0x58
sub_00326360,0x326360,0x326430,0xd0
sub_00326430,0x326430,0x326478,0x48
sub_00326478,0x326478,0x3264b0,0x38
sub_003264B0,0x3264b0,0x3265c0,0x110
sub_003265C0,0x3265c0,0x326678,0xb8
sub_00326678,0x326678,0x3266e8,0x70
sub_003266E8,0x3266e8,0x326a20,0x338
sub_00326A20,0x326a20,0x326a28,0x8
sub_00326A28,0x326a28,0x326a68,0x40
sub_00326A68,0x326a68,0x326ae0,0x78
sub_00326AE0,0x326ae0,0x326b48,0x68
sub_00326B48,0x326b48,0x326b88,0x40
sub_00326B88,0x326b88,0x326c60,0xd8
sub_00326C60,0x326c60,0x326ca0,0x40
sub_00326CA0,0x326ca0,0x326cc8,0x28
sub_00326CC8,0x326cc8,0x326cf0,0x28
sub_00326CF0,0x326cf0,0x326d60,0x70
sub_00326D60,0x326d60,0x326df0,0x90
sub_00326DF0,0x326df0,0x326e50,0x60
sub_00326E50,0x326e50,0x326eb0,0x60
sub_00326EB0,0x326eb0,0x327738,0x888
sub_00327738,0x327738,0x327740,0x8
sub_00327740,0x327740,0x327800,0xc0
sub_00327800,0x327800,0x327808,0x8
sub_00327808,0x327808,0x327810,0x8
sub_00327810,0x327810,0x327828,0x18
sub_00327828,0x327828,0x327890,0x68
sub_00327890,0x327890,0x3279d0,0x140
sub_003279D0,0x3279d0,0x327ac0,0xf0
sub_00327AC0,0x327ac0,0x327b30,0x70
sub_00327B30,0x327b30,0x327bb0,0x80
sub_00327BB0,0x327bb0,0x327c00,0x50
sub_00327C00,0x327c00,0x327c68,0x68
sub_00327C68,0x327c68,0x327cc8,0x60
sub_00327CC8,0x327cc8,0x327da8,0xe0
sub_00327DA8,0x327da8,0x327f18,0x170
sub_00327F18,0x327f18,0x328030,0x118
sub_00328030,0x328030,0x3281d0,0x1a0
sub_003281D0,0x3281d0,0x328360,0x190
sub_00328360,0x328360,0x3284b8,0x158
sub_003284B8,0x3284b8,0x328660,0x1a8
sub_00328660,0x328660,0x328808,0x1a8
sub_00328808,0x328808,0x328c20,0x418
sub_00328C20,0x328c20,0x328f28,0x308
sub_00328F28,0x328f28,0x3291e0,0x2b8
sub_003291E0,0x3291e0,0x329590,0x3b0
sub_00329590,0x329590,0x329910,0x380
sub_00329910,0x329910,0x329970,0x60
sub_00329970,0x329970,0x3299c8,0x58
sub_003299C8,0x3299c8,0x329a28,0x60
sub_00329A28,0x329a28,0x329a90,0x68
sub_00329A90,0x329a90,0x329ae0,0x50
sub_00329AE0,0x329ae0,0x329b40,0x60
sub_00329B40,0x329b40,0x329b90,0x50
sub_00329B90,0x329b90,0x329dc8,0x238
sub_00329DC8,0x329dc8,0x329f98,0x1d0
sub_00329F98,0x329f98,0x32a1c0,0x228
sub_0032A1C0,0x32a1c0,0x32aa28,0x868
sub_0032AA28,0x32aa28,0x32b2b8,0x890
sub_0032B2B8,0x32b2b8,0x32b620,0x368
sub_0032B620,0x32b620,0x32b6a8,0x88
sub_0032B6A8,0x32b6a8,0x32b6e0,0x38
sub_0032B6E0,0x32b6e0,0x32c0f8,0xa18
sub_0032C0F8,0x32c0f8,0x32c508,0x410
sub_0032C508,0x32c508,0x32c540,0x38
sub_0032C540,0x32c540,0x32c590,0x50
sub_0032C590,0x32c590,0x32c5a8,0x18
sub_0032C5A8,0x32c5a8,0x32c630,0x88
sub_0032C630,0x32c630,0x32c648,0x18
sub_0032C648,0x32c648,0x32c770,0x128
sub_0032C770,0x32c770,0x32c898,0x128
sub_0032C898,0x32c898,0x32c928,0x90
sub_0032C928,0x32c928,0x32ca78,0x150
sub_0032CA78,0x32ca78,0x32cb58,0xe0
sub_0032CB58,0x32cb58,0x32cbf8,0xa0
sub_0032CBF8,0x32cbf8,0x32cdb0,0x1b8
sub_0032CDB0,0x32cdb0,0x32d028,0x278
sub_0032D028,0x32d028,0x32d208,0x1e0
sub_0032D208,0x32d208,0x32d440,0x238
sub_0032D440,0x32d440,0x32d470,0x30
sub_0032D470,0x32d470,0x32da40,0x5d0
sub_0032DA40,0x32da40,0x32db40,0x100
sub_0032DB40,0x32db40,0x32dc10,0xd0
sub_0032DC10,0x32dc10,0x32de20,0x210
sub_0032DE20,0x32de20,0x32df28,0x108
sub_0032DF28,0x32df28,0x32e100,0x1d8
sub_0032E100,0x32e100,0x32f650,0x1550
sub_0032F650,0x32f650,0x32f708,0xb8
sub_0032F708,0x32f708,0x32f760,0x58
sub_0032F760,0x32f760,0x32f840,0xe0
sub_0032F840,0x32f840,0x32f8c0,0x80
sub_0032F8C0,0x32f8c0,0x32f8f0,0x30
sub_0032F8F0,0x32f8f0,0x32f990,0xa0
sub_0032F990,0x32f990,0x32fa30,0xa0
sub_0032FA30,0x32fa30,0x32fac0,0x90
sub_0032FAC0,0x32fac0,0x32fb48,0x88
sub_0032FB48,0x32fb48,0x32fc08,0xc0
sub_0032FC08,0x32fc08,0x32fd40,0x138
sub_0032FD40,0x32fd40,0x32fdb0,0x70
sub_0032FDB0,0x32fdb0,0x32fe40,0x90
sub_0032FE40,0x32fe40,0x32fe78,0x38
sub_0032FE78,0x32fe78,0x32ffa0,0x128
sub_0032FFA0,0x32ffa0,0x3300f8,0x158
sub_003300F8,0x3300f8,0x330128,0x30
sub_00330128,0x330128,0x330250,0x128
sub_00330250,0x330250,0x330360,0x110
sub_00330360,0x330360,0x3303f0,0x90
sub_003303F0,0x3303f0,0x3304e8,0xf8
sub_003304E8,0x3304e8,0x330540,0x58
sub_00330540,0x330540,0x3306d8,0x198
sub_003306D8,0x3306d8,0x330710,0x38
sub_00330710,0x330710,0x330788,0x78
sub_00330788,0x330788,0x330828,0xa0
sub_00330828,0x330828,0x3308c8,0xa0
sub_003308C8,0x3308c8,0x330950,0x88
sub_00330950,0x330950,0x3309d8,0x88
sub_003309D8,0x3309d8,0x331450,0xa78
sub_00331450,0x331450,0x332db8,0x1968
sub_00332DB8,0x332db8,0x333ef8,0x1140
sub_00333EF8,0x333ef8,0x3342d0,0x3d8
sub_003342D0,0x3342d0,0x334458,0x188
sub_00334458,0x334458,0x334680,0x228
sub_00334680,0x334680,0x334800,0x180
sub_00334800,0x334800,0x334850,0x50
sub_00334850,0x334850,0x334888,0x38
sub_00334888,0x334888,0x335128,0x8a0
sub_00335128,0x335128,0x335960,0x838
sub_00335960,0x335960,0x335b90,0x230
sub_00335B90,0x335b90,0x335d78,0x1e8
sub_00335D78,0x335d78,0x336850,0xad8
sub_00336850,0x336850,0x3369d8,0x188
sub_003369D8,0x3369d8,0x336d40,0x368
sub_00336D40,0x336d40,0x336f30,0x1f0
sub_00336F30,0x336f30,0x3378c0,0x990
sub_003378C0,0x3378c0,0x338920,0x1060
sub_00338920,0x338920,0x339598,0xc78
sub_00339598,0x339598,0x33a3d8,0xe40
sub_0033A3D8,0x33a3d8,0x33b748,0x1370
sub_0033B748,0x33b748,0x33ccf8,0x15b0
sub_0033CCF8,0x33ccf8,0x33dbe8,0xef0
sub_0033DBE8,0x33dbe8,0x33dfd8,0x3f0
sub_0033DFD8,0x33dfd8,0x33ed60,0xd88
sub_0033ED60,0x33ed60,0x3400d8,0x1378
sub_003400D8,0x3400d8,0x340970,0x898
sub_00340970,0x340970,0x340a08,0x98
sub_00340A08,0x340a08,0x340a10,0x8
sub_00340A10,0x340a10,0x340a18,0x8
sub_00340A18,0x340a18,0x340a40,0x28
sub_00340A40,0x340a40,0x340b18,0xd8
sub_00340B18,0x340b18,0x340c20,0x108
sub_00340C20,0x340c20,0x340dc0,0x1a0
sub_00340DC0,0x340dc0,0x340fa0,0x1e0
sub_00340FA0,0x340fa0,0x3410c0,0x120
sub_003410C0,0x3410c0,0x3411b8,0xf8
sub_003411B8,0x3411b8,0x341368,0x1b0
sub_00341368,0x341368,0x341388,0x20
sub_00341388,0x341388,0x341548,0x1c0
sub_00341548,0x341548,0x341aa0,0x558
sub_00341AA0,0x341aa0,0x341c80,0x1e0
sub_00341C80,0x341c80,0x341cf0,0x70
sub_00341CF0,0x341cf0,0x341d48,0x58
sub_00341D48,0x341d48,0x341e48,0x100
sub_00341E48,0x341e48,0x341ec0,0x78
sub_00341EC0,0x341ec0,0x341f38,0x78
sub_00341F38,0x341f38,0x341fc8,0x90
sub_00341FC8,0x341fc8,0x341fe8,0x20
sub_00341FE8,0x341fe8,0x342150,0x168
sub_00342150,0x342150,0x3421a0,0x50
sub_003421A0,0x3421a0,0x3422e8,0x148
sub_003422E8,0x3422e8,0x342768,0x480
sub_00342768,0x342768,0x342808,0xa0
sub_00342808,0x342808,0x342c08,0x400
sub_00342C08,0x342c08,0x342d10,0x108
sub_00342D10,0x342d10,0x343010,0x300
sub_00343010,0x343010,0x3430d0,0xc0
sub_003430D0,0x3430d0,0x343768,0x698
sub_00343768,0x343768,0x3437c0,0x58
sub_003437C0,0x3437c0,0x343a68,0x2a8
sub_00343A68,0x343a68,0x343b28,0xc0
sub_00343B28,0x343b28,0x343bc0,0x98
sub_00343BC0,0x343bc0,0x343c08,0x48
sub_00343C08,0x343c08,0x343c60,0x58
sub_00343C60,0x343c60,0x343f38,0x2d8
sub_00343F38,0x343f38,0x3440c8,0x190
sub_003440C8,0x3440c8,0x344138,0x70
sub_00344138,0x344138,0x3441a8,0x70
sub_003441A8,0x3441a8,0x344240,0x98
sub_00344240,0x344240,0x3442e0,0xa0
sub_003442E0,0x3442e0,0x344348,0x68
sub_00344348,0x344348,0x344368,0x20
sub_00344368,0x344368,0x3443a8,0x40
sub_003443A8,0x3443a8,0x344730,0x388
sub_00344730,0x344730,0x344800,0xd0
sub_00344800,0x344800,0x344898,0x98
sub_00344898,0x344898,0x3449f0,0x158
sub_003449F0,0x3449f0,0x344aa0,0xb0
sub_00344AA0,0x344aa0,0x344e18,0x378
sub_00344E18,0x344e18,0x344fc0,0x1a8
sub_00344FC0,0x344fc0,0x344ff8,0x38
sub_00344FF8,0x344ff8,0x345048,0x50
sub_00345048,0x345048,0x3451c0,0x178
sub_003451C0,0x3451c0,0x345248,0x88
sub_00345248,0x345248,0x345430,0x1e8
sub_00345430,0x345430,0x3454e8,0xb8
sub_003454E8,0x3454e8,0x345538,0x50
sub_00345538,0x345538,0x345570,0x38
sub_00345570,0x345570,0x345638,0xc8
sub_00345638,0x345638,0x345700,0xc8
sub_00345700,0x345700,0x345720,0x20
sub_00345720,0x345720,0x345760,0x40
sub_00345760,0x345760,0x345798,0x38
sub_00345798,0x345798,0x3457c8,0x30
sub_003457C8,0x3457c8,0x345828,0x60
sub_00345828,0x345828,0x345890,0x68
sub_00345890,0x345890,0x3458c0,0x30
sub_003458C0,0x3458c0,0x3459a8,0xe8
sub_003459A8,0x3459a8,0x345c90,0x2e8
sub_00345C90,0x345c90,0x345d80,0xf0
sub_00345D80,0x345d80,0x345ef8,0x178
sub_00345EF8,0x345ef8,0x346120,0x228
sub_00346120,0x346120,0x3461c0,0xa0
sub_003461C0,0x3461c0,0x346350,0x190
sub_00346350,0x346350,0x3464e0,0x190
sub_003464E0,0x3464e0,0x3466a0,0x1c0
sub_003466A0,0x3466a0,0x346d38,0x698
sub_00346D38,0x346d38,0x3475d8,0x8a0
sub_003475D8,0x3475d8,0x347d90,0x7b8
sub_00347D90,0x347d90,0x347ea8,0x118
sub_00347EA8,0x347ea8,0x347f90,0xe8
sub_00347F90,0x347f90,0x348058,0xc8
sub_00348058,0x348058,0x348290,0x238
sub_00348290,0x348290,0x348b40,0x8b0
sub_00348B40,0x348b40,0x348b90,0x50
sub_00348B90,0x348b90,0x348c48,0xb8
sub_00348C48,0x348c48,0x348d98,0x150
sub_00348D98,0x348d98,0x348fa0,0x208
sub_00348FA0,0x348fa0,0x349110,0x170
sub_00349110,0x349110,0x349220,0x110
sub_00349220,0x349220,0x3492a8,0x88
sub_003492A8,0x3492a8,0x349b48,0x8a0
sub_00349B48,0x349b48,0x349db0,0x268
sub_00349DB0,0x349db0,0x349f18,0x168
sub_00349F18,0x349f18,0x34a028,0x110
sub_0034A028,0x34a028,0x34a0b0,0x88
sub_0034A0B0,0x34a0b0,0x34ac88,0xbd8
sub_0034AC88,0x34ac88,0x34add8,0x150
sub_0034ADD8,0x34add8,0x34ae68,0x90
sub_0034AE68,0x34ae68,0x34aea0,0x38
sub_0034AEA0,0x34aea0,0x34aef8,0x58
sub_0034AEF8,0x34aef8,0x34af20,0x28
sub_0034AF20,0x34af20,0x34af38,0x18
sub_0034AF38,0x34af38,0x34afb8,0x80
sub_0034AFB8,0x34afb8,0x34afe8,0x30
sub_0034AFE8,0x34afe8,0x34b038,0x50
sub_0034B038,0x34b038,0x34b168,0x130
sub_0034B168,0x34b168,0x34b228,0xc0
sub_0034B228,0x34b228,0x34b7b8,0x590
sub_0034B7B8,0x34b7b8,0x34b818,0x60
sub_0034B818,0x34b818,0x34b9b0,0x198
sub_0034B9B0,0x34b9b0,0x34bca0,0x2f0
sub_0034BCA0,0x34bca0,0x34c2e0,0x640
sub_0034C2E0,0x34c2e0,0x34c378,0x98
sub_0034C378,0x34c378,0x34c428,0xb0
sub_0034C428,0x34c428,0x34c548,0x120
sub_0034C548,0x34c548,0x34c600,0xb8
sub_0034C600,0x34c600,0x34c668,0x68
sub_0034C668,0x34c668,0x34c7f8,0x190
sub_0034C7F8,0x34c7f8,0x34c848,0x50
sub_0034C848,0x34c848,0x34c898,0x50
sub_0034C898,0x34c898,0x34cab8,0x220
sub_0034CAB8,0x34cab8,0x34cbe8,0x130
sub_0034CBE8,0x34cbe8,0x34cc80,0x98
sub_0034CC80,0x34cc80,0x34cde8,0x168
sub_0034CDE8,0x34cde8,0x34cf98,0x1b0
sub_0034CF98,0x34cf98,0x34d1e8,0x250
sub_0034D1E8,0x34d1e8,0x34d6f0,0x508
sub_0034D6F0,0x34d6f0,0x34d9b0,0x2c0
sub_0034D9B0,0x34d9b0,0x34dac8,0x118
sub_0034DAC8,0x34dac8,0x34dba8,0xe0
sub_0034DBA8,0x34dba8,0x34e320,0x778
sub_0034E320,0x34e320,0x34e348,0x28
sub_0034E348,0x34e348,0x34e3d8,0x90
sub_0034E3D8,0x34e3d8,0x34e448,0x70
sub_0034E448,0x34e448,0x34e600,0x1b8
sub_0034E600,0x34e600,0x34e798,0x198
sub_0034E798,0x34e798,0x34eba0,0x408
sub_0034EBA0,0x34eba0,0x34ec58,0xb8
sub_0034EC58,0x34ec58,0x34ed88,0x130
sub_0034ED88,0x34ed88,0x34eeb8,0x130
sub_0034EEB8,0x34eeb8,0x34ef08,0x50
sub_0034EF08,0x34ef08,0x34f048,0x140
sub_0034F048,0x34f048,0x34fb00,0xab8
sub_0034FB00,0x34fb00,0x34fb90,0x90
sub_0034FB90,0x34fb90,0x34fbf0,0x60
sub_0034FBF0,0x34fbf0,0x34fc78,0x88
sub_0034FC78,0x34fc78,0x34fc80,0x8
sub_0034FC80,0x34fc80,0x34fcc0,0x40
sub_0034FCC0,0x34fcc0,0x34fce0,0x20
sub_0034FCE0,0x34fce0,0x34fd90,0xb0
sub_0034FD90,0x34fd90,0x34fe00,0x70
sub_0034FE00,0x34fe00,0x34fe28,0x28
sub_0034FE28,0x34fe28,0x34fe90,0x68
sub_0034FE90,0x34fe90,0x34fed8,0x48
sub_0034FED8,0x34fed8,0x350570,0x698
sub_00350570,0x350570,0x350698,0x128
sub_00350698,0x350698,0x3506d8,0x40
sub_003506D8,0x3506d8,0x350750,0x78
sub_00350750,0x350750,0x350b98,0x448
sub_00350B98,0x350b98,0x350e90,0x2f8
sub_00350E90,0x350e90,0x350f08,0x78
sub_00350F08,0x350f08,0x350f40,0x38
sub_00350F40,0x350f40,0x350f60,0x20
sub_00350F60,0x350f60,0x350fd8,0x78
sub_00350FD8,0x350fd8,0x351010,0x38
sub_00351010,0x351010,0x351030,0x20
sub_00351030,0x351030,0x351120,0xf0
sub_00351120,0x351120,0x351170,0x50
sub_00351170,0x351170,0x3511d0,0x60
sub_003511D0,0x3511d0,0x351260,0x90
sub_00351260,0x351260,0x351270,0x10
sub_00351270,0x351270,0x3512c0,0x50
sub_003512C0,0x3512c0,0x351330,0x70
sub_00351330,0x351330,0x351398,0x68
sub_00351398,0x351398,0x3513d0,0x38
sub_003513D0,0x3513d0,0x351508,0x138
sub_00351508,0x351508,0x351538,0x30
sub_00351538,0x351538,0x351660,0x128
sub_00351660,0x351660,0x351800,0x1a0
sub_00351800,0x351800,0x351948,0x148
sub_00351948,0x351948,0x351a60,0x118
sub_00351A60,0x351a60,0x351a80,0x20
sub_00351A80,0x351a80,0x351b40,0xc0
sub_00351B40,0x351b40,0x352168,0x628
sub_00352168,0x352168,0x352230,0xc8
sub_00352230,0x352230,0x352aa8,0x878
sub_00352AA8,0x352aa8,0x352ae8,0x40
sub_00352AE8,0x352ae8,0x352b88,0xa0
sub_00352B88,0x352b88,0x352bc0,0x38
sub_00352BC0,0x352bc0,0x352bf8,0x38
sub_00352BF8,0x352bf8,0x352c38,0x40
sub_00352C38,0x352c38,0x352c70,0x38
sub_00352C70,0x352c70,0x352d20,0xb0
sub_00352D20,0x352d20,0x352dd0,0xb0
sub_00352DD0,0x352dd0,0x352e50,0x80
sub_00352E50,0x352e50,0x352ed0,0x80
sub_00352ED0,0x352ed0,0x352f08,0x38
sub_00352F08,0x352f08,0x352f40,0x38
sub_00352F40,0x352f40,0x353020,0xe0
sub_00353020,0x353020,0x353098,0x78
sub_00353098,0x353098,0x3530d0,0x38
sub_003530D0,0x3530d0,0x353118,0x48
sub_00353118,0x353118,0x353150,0x38
sub_00353150,0x353150,0x353188,0x38
sub_00353188,0x353188,0x3531d0,0x48
sub_003531D0,0x3531d0,0x353228,0x58
sub_00353228,0x353228,0x353278,0x50
sub_00353278,0x353278,0x353300,0x88
sub_00353300,0x353300,0x353398,0x98
sub_00353398,0x353398,0x353418,0x80
sub_00353418,0x353418,0x353448,0x30
sub_00353448,0x353448,0x3536d8,0x290
sub_003536D8,0x3536d8,0x353ac0,0x3e8
sub_00353AC0,0x353ac0,0x353cf0,0x230
sub_00353CF0,0x353cf0,0x353d98,0xa8
sub_00353D98,0x353d98,0x353da8,0x10
sub_00353DA8,0x353da8,0x353db8,0x10
sub_00353DB8,0x353db8,0x353e08,0x50
sub_00353E08,0x353e08,0x353e80,0x78
sub_00353E80,0x353e80,0x353f00,0x80
sub_00353F00,0x353f00,0x353fc0,0xc0
sub_00353FC0,0x353fc0,0x3545d8,0x618
sub_003545D8,0x3545d8,0x354648,0x70
sub_00354648,0x354648,0x354688,0x40
sub_00354688,0x354688,0x3546c8,0x40
sub_003546C8,0x3546c8,0x354720,0x58
sub_00354720,0x354720,0x354788,0x68
sub_00354788,0x354788,0x354808,0x80
sub_00354808,0x354808,0x354850,0x48
sub_00354850,0x354850,0x3548c0,0x70
sub_003548C0,0x3548c0,0x354920,0x60
sub_00354920,0x354920,0x354948,0x28
sub_00354948,0x354948,0x354980,0x38
sub_00354980,0x354980,0x3549d0,0x50
sub_003549D0,0x3549d0,0x3549e0,0x10
sub_003549E0,0x3549e0,0x354b38,0x158
sub_00354B38,0x354b38,0x354c08,0xd0
sub_00354C08,0x354c08,0x354c98,0x90
sub_00354C98,0x354c98,0x354e48,0x1b0
sub_00354E48,0x354e48,0x354ea8,0x60
sub_00354EA8,0x354ea8,0x354ed0,0x28
sub_00354ED0,0x354ed0,0x354ef8,0x28
sub_00354EF8,0x354ef8,0x354f20,0x28
sub_00354F20,0x354f20,0x354f48,0x28
sub_00354F48,0x354f48,0x354f70,0x28
sub_00354F70,0x354f70,0x354f98,0x28
sub_00354F98,0x354f98,0x355028,0x90
sub_00355028,0x355028,0x3550a0,0x78
sub_003550A0,0x3550a0,0x355118,0x78
sub_00355118,0x355118,0x3551a8,0x90
sub_003551A8,0x3551a8,0x355260,0xb8
sub_00355260,0x355260,0x355280,0x20
sub_00355280,0x355280,0x3552d8,0x58
sub_003552D8,0x3552d8,0x3553c0,0xe8
sub_003553C0,0x3553c0,0x355468,0xa8
sub_00355468,0x355468,0x3554b0,0x48
sub_003554B0,0x3554b0,0x355550,0xa0
sub_00355550,0x355550,0x3555a8,0x58
sub_003555A8,0x3555a8,0x355600,0x58
sub_00355600,0x355600,0x355658,0x58
sub_00355658,0x355658,0x3556a8,0x50
sub_003556A8,0x3556a8,0x3556f8,0x50
sub_003556F8,0x3556f8,0x355748,0x50
sub_00355748,0x355748,0x355878,0x130
sub_00355878,0x355878,0x355888,0x10
sub_00355888,0x355888,0x3558b8,0x30
sub_003558B8,0x3558b8,0x355918,0x60
sub_00355918,0x355918,0x355978,0x60
sub_00355978,0x355978,0x3559f8,0x80
sub_003559F8,0x3559f8,0x355a78,0x80
sub_00355A78,0x355a78,0x355ad0,0x58
sub_00355AD0,0x355ad0,0x355b30,0x60
sub_00355B30,0x355b30,0x355b90,0x60
sub_00355B90,0x355b90,0x355bf0,0x60
sub_00355BF0,0x355bf0,0x355c50,0x60
sub_00355C50,0x355c50,0x355cb0,0x60
sub_00355CB0,0x355cb0,0x355d10,0x60
sub_00355D10,0x355d10,0x355db8,0xa8
sub_00355DB8,0x355db8,0x355e38,0x80
sub_00355E38,0x355e38,0x355eb0,0x78
sub_00355EB0,0x355eb0,0x355f10,0x60
sub_00355F10,0x355f10,0x356020,0x110
sub_00356020,0x356020,0x356198,0x178
sub_00356198,0x356198,0x356780,0x5e8
sub_00356780,0x356780,0x3567e0,0x60
sub_003567E0,0x3567e0,0x3568b0,0xd0
sub_003568B0,0x3568b0,0x356ae0,0x230
sub_00356AE0,0x356ae0,0x356b08,0x28
sub_00356B08,0x356b08,0x356b30,0x28
sub_00356B30,0x356b30,0x356db0,0x280
sub_00356DB0,0x356db0,0x356e60,0xb0
sub_00356E60,0x356e60,0x356e98,0x38
sub_00356E98,0x356e98,0x356eb8,0x20
sub_00356EB8,0x356eb8,0x356f10,0x58
sub_00356F10,0x356f10,0x356f68,0x58
sub_00356F68,0x356f68,0x357000,0x98
sub_00357000,0x357000,0x357038,0x38
sub_00357038,0x357038,0x357090,0x58
sub_00357090,0x357090,0x3572e0,0x250
sub_003572E0,0x3572e0,0x357358,0x78
sub_00357358,0x357358,0x357750,0x3f8
sub_00357750,0x357750,0x357798,0x48
sub_00357798,0x357798,0x3578a8,0x110
sub_003578A8,0x3578a8,0x357918,0x70
sub_00357918,0x357918,0x3579c8,0xb0
sub_003579C8,0x3579c8,0x357a00,0x38
sub_00357A00,0x357a00,0x357a78,0x78
sub_00357A78,0x357a78,0x357ae8,0x70
sub_00357AE8,0x357ae8,0x357b10,0x28
sub_00357B10,0x357b10,0x357b38,0x28
sub_00357B38,0x357b38,0x357b90,0x58
sub_00357B90,0x357b90,0x357bf8,0x68
sub_00357BF8,0x357bf8,0x357c50,0x58
sub_00357C50,0x357c50,0x357ca8,0x58
sub_00357CA8,0x357ca8,0x357d28,0x80
sub_00357D28,0x357d28,0x357dd8,0xb0
sub_00357DD8,0x357dd8,0x357e80,0xa8
sub_00357E80,0x357e80,0x357fa0,0x120
sub_00357FA0,0x357fa0,0x358020,0x80
sub_00358020,0x358020,0x358120,0x100
sub_00358120,0x358120,0x358140,0x20
sub_00358140,0x358140,0x3581b8,0x78
sub_003581B8,0x3581b8,0x3581f0,0x38
sub_003581F0,0x3581f0,0x358260,0x70
sub_00358260,0x358260,0x358380,0x120
sub_00358380,0x358380,0x3584b8,0x138
sub_003584B8,0x3584b8,0x3584f0,0x38
sub_003584F0,0x3584f0,0x358588,0x98
sub_00358588,0x358588,0x358700,0x178
sub_00358700,0x358700,0x358780,0x80
sub_00358780,0x358780,0x358998,0x218
sub_00358998,0x358998,0x358b28,0x190
sub_00358B28,0x358b28,0x358c80,0x158
sub_00358C80,0x358c80,0x358db0,0x130
sub_00358DB0,0x358db0,0x359030,0x280
sub_00359030,0x359030,0x359228,0x1f8
sub_00359228,0x359228,0x359270,0x48
sub_00359270,0x359270,0x359460,0x1f0
sub_00359460,0x359460,0x3595d8,0x178
sub_003595D8,0x3595d8,0x359688,0xb0
sub_00359688,0x359688,0x359f88,0x900
sub_00359F88,0x359f88,0x35a118,0x190
sub_0035A118,0x35a118,0x35a328,0x210
sub_0035A328,0x35a328,0x35a3f0,0xc8
sub_0035A3F0,0x35a3f0,0x35a458,0x68
sub_0035A458,0x35a458,0x35a550,0xf8
sub_0035A550,0x35a550,0x35a560,0x10
sub_0035A560,0x35a560,0x35a5d8,0x78
sub_0035A5D8,0x35a5d8,0x35a5f8,0x20
sub_0035A5F8,0x35a5f8,0x35a780,0x188
sub_0035A780,0x35a780,0x35aad0,0x350
sub_0035AAD0,0x35aad0,0x35aae0,0x10
sub_0035AAE0,0x35aae0,0x35ac20,0x140
sub_0035AC20,0x35ac20,0x35b670,0xa50
sub_0035B670,0x35b670,0x35b690,0x20
sub_0035B690,0x35b690,0x35b6d0,0x40
sub_0035B6D0,0x35b6d0,0x35b708,0x38
sub_0035B708,0x35b708,0x35ba88,0x380
sub_0035BA88,0x35ba88,0x35c040,0x5b8
sub_0035C040,0x35c040,0x35c0e8,0xa8
sub_0035C0E8,0x35c0e8,0x35c5a0,0x4b8
sub_0035C5A0,0x35c5a0,0x35c698,0xf8
sub_0035C698,0x35c698,0x35cfe0,0x948
sub_0035CFE0,0x35cfe0,0x35cfe8,0x8
sub_0035CFE8,0x35cfe8,0x35cff0,0x8
sub_0035CFF0,0x35cff0,0x35d288,0x298
sub_0035D288,0x35d288,0x35d340,0xb8
sub_0035D340,0x35d340,0x35d4a0,0x160
sub_0035D4A0,0x35d4a0,0x35d908,0x468
sub_0035D908,0x35d908,0x35da00,0xf8
sub_0035DA00,0x35da00,0x35da38,0x38
sub_0035DA38,0x35da38,0x35da70,0x38
sub_0035DA70,0x35da70,0x35dde8,0x378
sub_0035DDE8,0x35dde8,0x35df70,0x188
sub_0035DF70,0x35df70,0x35e248,0x2d8
sub_0035E248,0x35e248,0x35e770,0x528
sub_0035E770,0x35e770,0x35e850,0xe0
sub_0035E850,0x35e850,0x35ed88,0x538
sub_0035ED88,0x35ed88,0x35ed90,0x8
sub_0035ED90,0x35ed90,0x35edc8,0x38
sub_0035EDC8,0x35edc8,0x35f0b8,0x2f0
sub_0035F0B8,0x35f0b8,0x35f1a8,0xf0
sub_0035F1A8,0x35f1a8,0x35f218,0x70
sub_0035F218,0x35f218,0x35f378,0x160
sub_0035F378,0x35f378,0x35f3a8,0x30
sub_0035F3A8,0x35f3a8,0x35f410,0x68
sub_0035F410,0x35f410,0x35f598,0x188
sub_0035F598,0x35f598,0x35f688,0xf0
sub_0035F688,0x35f688,0x35f6e8,0x60
sub_0035F6E8,0x35f6e8,0x35f788,0xa0
sub_0035F788,0x35f788,0x35f7d0,0x48
sub_0035F7D0,0x35f7d0,0x35fb30,0x360
sub_0035FB30,0x35fb30,0x35fc20,0xf0
sub_0035FC20,0x35fc20,0x35fd98,0x178
sub_0035FD98,0x35fd98,0x35fe10,0x78
sub_0035FE10,0x35fe10,0x3612c0,0x14b0
sub_003612C0,0x3612c0,0x361e10,0xb50
sub_00361E10,0x361e10,0x361e30,0x20
sub_00361E30,0x361e30,0x361e80,0x50
sub_00361E80,0x361e80,0x361eb8,0x38
sub_00361EB8,0x361eb8,0x361f40,0x88
sub_00361F40,0x361f40,0x361f60,0x20
sub_00361F60,0x361f60,0x361f90,0x30
sub_00361F90,0x361f90,0x361f98,0x8
sub_00361F98,0x361f98,0x362008,0x70
sub_00362008,0x362008,0x362120,0x118
sub_00362120,0x362120,0x362230,0x110
sub_00362230,0x362230,0x362340,0x110
sub_00362340,0x362340,0x3623a8,0x68
sub_003623A8,0x3623a8,0x3623d8,0x30
sub_003623D8,0x3623d8,0x362478,0xa0
sub_00362478,0x362478,0x3625c0,0x148
sub_003625C0,0x3625c0,0x362660,0xa0
sub_00362660,0x362660,0x3626d8,0x78
sub_003626D8,0x3626d8,0x3627a8,0xd0
sub_003627A8,0x3627a8,0x362978,0x1d0
sub_00362978,0x362978,0x3629b8,0x40
sub_003629B8,0x3629b8,0x362cc8,0x310
sub_00362CC8,0x362cc8,0x362de8,0x120
sub_00362DE8,0x362de8,0x363490,0x6a8
sub_00363490,0x363490,0x363c20,0x790
sub_00363C20,0x363c20,0x364050,0x430
sub_00364050,0x364050,0x364240,0x1f0
sub_00364240,0x364240,0x364360,0x120
sub_00364360,0x364360,0x3645b8,0x258
sub_003645B8,0x3645b8,0x364b88,0x5d0
sub_00364B88,0x364b88,0x364cd0,0x148
sub_00364CD0,0x364cd0,0x365e40,0x1170
sub_00365E40,0x365e40,0x365f68,0x128
sub_00365F68,0x365f68,0x365fa8,0x40
sub_00365FA8,0x365fa8,0x365fe8,0x40
sub_00365FE8,0x365fe8,0x366008,0x20
sub_00366008,0x366008,0x3660a8,0xa0
sub_003660A8,0x3660a8,0x366238,0x190
sub_00366238,0x366238,0x3662d0,0x98
sub_003662D0,0x3662d0,0x3663d8,0x108
sub_003663D8,0x3663d8,0x366548,0x170
sub_00366548,0x366548,0x366618,0xd0
sub_00366618,0x366618,0x3666f8,0xe0
sub_003666F8,0x3666f8,0x3667f8,0x100
sub_003667F8,0x3667f8,0x3668f8,0x100
sub_003668F8,0x3668f8,0x3669f0,0xf8
sub_003669F0,0x3669f0,0x366ce0,0x2f0
sub_00366CE0,0x366ce0,0x366e30,0x150
sub_00366E30,0x366e30,0x366e90,0x60
sub_00366E90,0x366e90,0x366fe0,0x150
sub_00366FE0,0x366fe0,0x366fe8,0x8
sub_00366FE8,0x366fe8,0x367078,0x90
sub_00367078,0x367078,0x3670e0,0x68
sub_003670E0,0x3670e0,0x367150,0x70
sub_00367150,0x367150,0x3671c8,0x78
sub_003671C8,0x3671c8,0x367230,0x68
sub_00367230,0x367230,0x367260,0x30
sub_00367260,0x367260,0x3672c0,0x60
sub_003672C0,0x3672c0,0x367310,0x50
sub_00367310,0x367310,0x367340,0x30
sub_00367340,0x367340,0x367360,0x20
sub_00367360,0x367360,0x3673d0,0x70
sub_003673D0,0x3673d0,0x3673d8,0x8
sub_003673D8,0x3673d8,0x367440,0x68
sub_00367440,0x367440,0x367b60,0x720
sub_00367B60,0x367b60,0x367bc0,0x60
sub_00367BC0,0x367bc0,0x367cd0,0x110
sub_00367CD0,0x367cd0,0x367d20,0x50
sub_00367D20,0x367d20,0x367db8,0x98
sub_00367DB8,0x367db8,0x367f18,0x160
sub_00367F18,0x367f18,0x368138,0x220
sub_00368138,0x368138,0x368170,0x38
sub_00368170,0x368170,0x3684f0,0x380
sub_003684F0,0x3684f0,0x368660,0x170
sub_00368660,0x368660,0x368970,0x310
sub_00368970,0x368970,0x369098,0x728
sub_00369098,0x369098,0x369130,0x98
sub_00369130,0x369130,0x3691b0,0x80
sub_003691B0,0x3691b0,0x3691f8,0x48
sub_003691F8,0x3691f8,0x3695d8,0x3e0
sub_003695D8,0x3695d8,0x369690,0xb8
sub_00369690,0x369690,0x3696c8,0x38
sub_003696C8,0x3696c8,0x369890,0x1c8
sub_00369890,0x369890,0x3698a0,0x10
sub_003698A0,0x3698a0,0x3698e0,0x40
sub_003698E0,0x3698e0,0x369a78,0x198
sub_00369A78,0x369a78,0x369ff0,0x578
sub_00369FF0,0x369ff0,0x369ff8,0x8
sub_00369FF8,0x369ff8,0x36a020,0x28
sub_0036A020,0x36a020,0x36a1c0,0x1a0
sub_0036A1C0,0x36a1c0,0x36a1e8,0x28
sub_0036A1E8,0x36a1e8,0x36a290,0xa8
sub_0036A290,0x36a290,0x36a2c0,0x30
sub_0036A2C0,0x36a2c0,0x36a3b0,0xf0
sub_0036A3B0,0x36a3b0,0x36a428,0x78
sub_0036A428,0x36a428,0x36aa60,0x638
sub_0036AA60,0x36aa60,0x36aba0,0x140
sub_0036ABA0,0x36aba0,0x36ac00,0x60
sub_0036AC00,0x36ac00,0x36ae20,0x220
sub_0036AE20,0x36ae20,0x36b158,0x338
sub_0036B158,0x36b158,0x36b9d8,0x880
sub_0036B9D8,0x36b9d8,0x36c188,0x7b0
sub_0036C188,0x36c188,0x36c398,0x210
sub_0036C398,0x36c398,0x36c740,0x3a8
sub_0036C740,0x36c740,0x36c790,0x50
sub_0036C790,0x36c790,0x36cbf8,0x468
sub_0036CBF8,0x36cbf8,0x36ccb8,0xc0
sub_0036CCB8,0x36ccb8,0x36ce00,0x148
sub_0036CE00,0x36ce00,0x36ce28,0x28
sub_0036CE28,0x36ce28,0x36cef8,0xd0
sub_0036CEF8,0x36cef8,0x36d008,0x110
sub_0036D008,0x36d008,0x36d1f0,0x1e8
sub_0036D1F0,0x36d1f0,0x36d318,0x128
sub_0036D318,0x36d318,0x36d3d8,0xc0
sub_0036D3D8,0x36d3d8,0x36d3e8,0x10
sub_0036D3E8,0x36d3e8,0x36d400,0x18
sub_0036D400,0x36d400,0x36d428,0x28
sub_0036D428,0x36d428,0x36d500,0xd8
sub_0036D500,0x36d500,0x370018,0x2b18
sub_00370018,0x370018,0x370058,0x40
sub_00370058,0x370058,0x3705e0,0x588
sub_003705E0,0x3705e0,0x370758,0x178
sub_00370758,0x370758,0x370788,0x30
sub_00370788,0x370788,0x370888,0x100
sub_00370888,0x370888,0x3708c0,0x38
sub_003708C0,0x3708c0,0x370aa8,0x1e8
sub_00370AA8,0x370aa8,0x370af8,0x50
sub_00370AF8,0x370af8,0x370b60,0x68
sub_00370B60,0x370b60,0x370c08,0xa8
sub_00370C08,0x370c08,0x370c60,0x58
sub_00370C60,0x370c60,0x370cf8,0x98
sub_00370CF8,0x370cf8,0x370d60,0x68
sub_00370D60,0x370d60,0x370dc8,0x68
sub_00370DC8,0x370dc8,0x3710d0,0x308
sub_003710D0,0x3710d0,0x3712b8,0x1e8
sub_003712B8,0x3712b8,0x371318,0x60
sub_00371318,0x371318,0x371380,0x68
sub_00371380,0x371380,0x3714b8,0x138
sub_003714B8,0x3714b8,0x3714f8,0x40
sub_003714F8,0x3714f8,0x371548,0x50
sub_00371548,0x371548,0x3715b0,0x68
sub_003715B0,0x3715b0,0x371600,0x50
sub_00371600,0x371600,0x371688,0x88
sub_00371688,0x371688,0x3717c0,0x138
sub_003717C0,0x3717c0,0x371940,0x180
sub_00371940,0x371940,0x371d10,0x3d0
sub_00371D10,0x371d10,0x371dd8,0xc8
sub_00371DD8,0x371dd8,0x371f98,0x1c0
sub_00371F98,0x371f98,0x372500,0x568
sub_00372500,0x372500,0x372520,0x20
sub_00372520,0x372520,0x3725b0,0x90
sub_003725B0,0x3725b0,0x372aa0,0x4f0
sub_00372AA0,0x372aa0,0x372b30,0x90
sub_00372B30,0x372b30,0x372b78,0x48
sub_00372B78,0x372b78,0x3739d0,0xe58
sub_003739D0,0x3739d0,0x374180,0x7b0
sub_00374180,0x374180,0x374298,0x118
sub_00374298,0x374298,0x374440,0x1a8
sub_00374440,0x374440,0x374518,0xd8
sub_00374518,0x374518,0x3747a0,0x288
sub_003747A0,0x3747a0,0x374a88,0x2e8
sub_00374A88,0x374a88,0x374ae0,0x58
sub_00374AE0,0x374ae0,0x374b38,0x58
sub_00374B38,0x374b38,0x374c90,0x158
sub_00374C90,0x374c90,0x374ca8,0x18
sub_00374CA8,0x374ca8,0x374ce0,0x38
sub_00374CE0,0x374ce0,0x374d00,0x20
sub_00374D00,0x374d00,0x375890,0xb90
sub_00375890,0x375890,0x3758f8,0x68
sub_003758F8,0x3758f8,0x375918,0x20
sub_00375918,0x375918,0x375990,0x78
sub_00375990,0x375990,0x3759e8,0x58
sub_003759E8,0x3759e8,0x375a08,0x20
sub_00375A08,0x375a08,0x376938,0xf30
sub_00376938,0x376938,0x37a260,0x3928
sub_0037A260,0x37a260,0x37a430,0x1d0
sub_0037A430,0x37a430,0x37bb10,0x16e0
sub_0037BB10,0x37bb10,0x37bc40,0x130
sub_0037BC40,0x37bc40,0x37bd38,0xf8
sub_0037BD38,0x37bd38,0x37bd98,0x60
sub_0037BD98,0x37bd98,0x37c198,0x400
sub_0037C198,0x37c198,0x37c570,0x3d8
sub_0037C570,0x37c570,0x37c720,0x1b0
sub_0037C720,0x37c720,0x37cbc8,0x4a8
sub_0037CBC8,0x37cbc8,0x37d090,0x4c8
sub_0037D090,0x37d090,0x37d968,0x8d8
sub_0037D968,0x37d968,0x37dbe8,0x280
sub_0037DBE8,0x37dbe8,0x37dd20,0x138
sub_0037DD20,0x37dd20,0x37de88,0x168
sub_0037DE88,0x37de88,0x37dee0,0x58
sub_0037DEE0,0x37dee0,0x37df88,0xa8
sub_0037DF88,0x37df88,0x37e040,0xb8
sub_0037E040,0x37e040,0x37e098,0x58
sub_0037E098,0x37e098,0x37e120,0x88
sub_0037E120,0x37e120,0x3825f8,0x44d8
sub_003825F8,0x3825f8,0x382650,0x58
sub_00382650,0x382650,0x382688,0x38
sub_00382688,0x382688,0x3826e0,0x58
sub_003826E0,0x3826e0,0x382730,0x50
sub_00382730,0x382730,0x382740,0x10
sub_00382740,0x382740,0x382760,0x20
sub_00382760,0x382760,0x382af0,0x390
sub_00382AF0,0x382af0,0x383808,0xd18
sub_00383808,0x383808,0x383a10,0x208
sub_00383A10,0x383a10,0x384d98,0x1388
sub_00384D98,0x384d98,0x384dc0,0x28
sub_00384DC0,0x384dc0,0x384e50,0x90
sub_00384E50,0x384e50,0x384fd0,0x180
sub_00384FD0,0x384fd0,0x3850a8,0xd8
sub_003850A8,0x3850a8,0x385138,0x90
sub_00385138,0x385138,0x385260,0x128
sub_00385260,0x385260,0x385290,0x30
sub_00385290,0x385290,0x3852e8,0x58
sub_003852E8,0x3852e8,0x385410,0x128
sub_00385410,0x385410,0x385530,0x120
sub_00385530,0x385530,0x3856b8,0x188
sub_003856B8,0x3856b8,0x385a38,0x380
sub_00385A38,0x385a38,0x385aa0,0x68
sub_00385AA0,0x385aa0,0x385ba0,0x100
sub_00385BA0,0x385ba0,0x385eb0,0x310
sub_00385EB0,0x385eb0,0x386128,0x278
sub_00386128,0x386128,0x386d10,0xbe8
sub_00386D10,0x386d10,0x386dd0,0xc0
sub_00386DD0,0x386dd0,0x387ec0,0x10f0
sub_00387EC0,0x387ec0,0x3883b8,0x4f8
sub_003883B8,0x3883b8,0x3885e0,0x228
sub_003885E0,0x3885e0,0x3889f0,0x410
sub_003889F0,0x3889f0,0x389098,0x6a8
sub_00389098,0x389098,0x389118,0x80
sub_00389118,0x389118,0x389260,0x148
sub_00389260,0x389260,0x389308,0xa8
sub_00389308,0x389308,0x389520,0x218
sub_00389520,0x389520,0x389558,0x38
sub_00389558,0x389558,0x389590,0x38
sub_00389590,0x389590,0x389620,0x90
sub_00389620,0x389620,0x389730,0x110
sub_00389730,0x389730,0x3897a0,0x70
sub_003897A0,0x3897a0,0x389810,0x70
sub_00389810,0x389810,0x389840,0x30
sub_00389840,0x389840,0x389c38,0x3f8
sub_00389C38,0x389c38,0x389cb8,0x80
sub_00389CB8,0x389cb8,0x38a530,0x878
sub_0038A530,0x38a530,0x38a618,0xe8
sub_0038A618,0x38a618,0x38a6a8,0x90
sub_0038A6A8,0x38a6a8,0x38abf8,0x550
sub_0038ABF8,0x38abf8,0x38ac20,0x28
sub_0038AC20,0x38ac20,0x38ac50,0x30
sub_0038AC50,0x38ac50,0x38acd0,0x80
sub_0038ACD0,0x38acd0,0x38adb0,0xe0
sub_0038ADB0,0x38adb0,0x38ae10,0x60
sub_0038AE10,0x38ae10,0x38ae28,0x18
sub_0038AE28,0x38ae28,0x38ae60,0x38
sub_0038AE60,0x38ae60,0x38aeb0,0x50
sub_0038AEB0,0x38aeb0,0x38aef8,0x48
sub_0038AEF8,0x38aef8,0x38af30,0x38
sub_0038AF30,0x38af30,0x38b0f8,0x1c8
sub_0038B0F8,0x38b0f8,0x38c788,0x1690
sub_0038C788,0x38c788,0x38ca08,0x280
sub_0038CA08,0x38ca08,0x38ca70,0x68
sub_0038CA70,0x38ca70,0x38ce20,0x3b0
sub_0038CE20,0x38ce20,0x38d168,0x348
sub_0038D168,0x38d168,0x38d448,0x2e0
sub_0038D448,0x38d448,0x38d638,0x1f0
sub_0038D638,0x38d638,0x38d660,0x28
sub_0038D660,0x38d660,0x38d690,0x30
sub_0038D690,0x38d690,0x38d968,0x2d8
sub_0038D968,0x38d968,0x38dbd0,0x268
sub_0038DBD0,0x38dbd0,0x38dc50,0x80
sub_0038DC50,0x38dc50,0x38dc58,0x8
sub_0038DC58,0x38dc58,0x38dc60,0x8
sub_0038DC60,0x38dc60,0x38dc68,0x8
sub_0038DC68,0x38dc68,0x38e0a8,0x440
sub_0038E0A8,0x38e0a8,0x38e118,0x70
sub_0038E118,0x38e118,0x38e200,0xe8
sub_0038E200,0x38e200,0x38e2e8,0xe8
sub_0038E2E8,0x38e2e8,0x38e468,0x180
sub_0038E468,0x38e468,0x38e5e8,0x180
sub_0038E5E8,0x38e5e8,0x38e738,0x150
sub_0038E738,0x38e738,0x38e880,0x148
sub_0038E880,0x38e880,0x38ea60,0x1e0
sub_0038EA60,0x38ea60,0x38ec40,0x1e0
sub_0038EC40,0x38ec40,0x38f2a8,0x668
sub_0038F2A8,0x38f2a8,0x38f300,0x58
sub_0038F300,0x38f300,0x38f460,0x160
sub_0038F460,0x38f460,0x38f4f8,0x98
sub_0038F4F8,0x38f4f8,0x38f598,0xa0
sub_0038F598,0x38f598,0x38f668,0xd0
sub_0038F668,0x38f668,0x38f6a8,0x40
sub_0038F6A8,0x38f6a8,0x38f708,0x60
sub_0038F708,0x38f708,0x38f738,0x30
sub_0038F738,0x38f738,0x38f768,0x30
sub_0038F768,0x38f768,0x38f7b0,0x48
sub_0038F7B0,0x38f7b0,0x38f800,0x50
sub_0038F800,0x38f800,0x38f820,0x20
sub_0038F820,0x38f820,0x38f930,0x110
sub_0038F930,0x38f930,0x38f9c0,0x90
sub_0038F9C0,0x38f9c0,0x38fc48,0x288
sub_0038FC48,0x38fc48,0x390198,0x550
sub_00390198,0x390198,0x390458,0x2c0
sub_00390458,0x390458,0x3904a0,0x48
sub_003904A0,0x3904a0,0x3905e8,0x148
sub_003905E8,0x3905e8,0x390ec8,0x8e0
sub_00390EC8,0x390ec8,0x390ef8,0x30
sub_00390EF8,0x390ef8,0x3912a8,0x3b0
sub_003912A8,0x3912a8,0x391360,0xb8
sub_00391360,0x391360,0x391418,0xb8
sub_00391418,0x391418,0x391480,0x68
sub_00391480,0x391480,0x3914f8,0x78
sub_003914F8,0x3914f8,0x3915e8,0xf0
sub_003915E8,0x3915e8,0x3916c0,0xd8
sub_003916C0,0x3916c0,0x391708,0x48
sub_00391708,0x391708,0x391788,0x80
sub_00391788,0x391788,0x3919e8,0x260
sub_003919E8,0x3919e8,0x391a48,0x60
sub_00391A48,0x391a48,0x391c48,0x200
sub_00391C48,0x391c48,0x391cb0,0x68
sub_00391CB0,0x391cb0,0x391e30,0x180
sub_00391E30,0x391e30,0x391fb0,0x180
sub_00391FB0,0x391fb0,0x3921f0,0x240
sub_003921F0,0x3921f0,0x392430,0x240
sub_00392430,0x392430,0x392680,0x250
sub_00392680,0x392680,0x392908,0x288
sub_00392908,0x392908,0x3929f8,0xf0
sub_003929F8,0x3929f8,0x392a60,0x68
sub_00392A60,0x392a60,0x392b40,0xe0
sub_00392B40,0x392b40,0x392ba8,0x68
sub_00392BA8,0x392ba8,0x392c60,0xb8
sub_00392C60,0x392c60,0x392d18,0xb8
sub_00392D18,0x392d18,0x392d90,0x78
sub_00392D90,0x392d90,0x392de8,0x58
sub_00392DE8,0x392de8,0x392df0,0x8
sub_00392DF0,0x392df0,0x393048,0x258
sub_00393048,0x393048,0x394d50,0x1d08
sub_00394D50,0x394d50,0x394ed0,0x180
sub_00394ED0,0x394ed0,0x395000,0x130
sub_00395000,0x395000,0x3950c0,0xc0
sub_003950C0,0x3950c0,0x395268,0x1a8
sub_00395268,0x395268,0x395288,0x20
sub_00395288,0x395288,0x3956b0,0x428
sub_003956B0,0x3956b0,0x3956e0,0x30
sub_003956E0,0x3956e0,0x3956e8,0x8
sub_003956E8,0x3956e8,0x395750,0x68
sub_00395750,0x395750,0x395c38,0x4e8
sub_00395C38,0x395c38,0x395c68,0x30
sub_00395C68,0x395c68,0x395c70,0x8
sub_00395C70,0x395c70,0x395cf0,0x80
sub_00395CF0,0x395cf0,0x395d28,0x38
sub_00395D28,0x395d28,0x395d60,0x38
sub_00395D60,0x395d60,0x395f60,0x200
sub_00395F60,0x395f60,0x395f80,0x20
sub_00395F80,0x395f80,0x396110,0x190
sub_00396110,0x396110,0x396128,0x18
sub_00396128,0x396128,0x3961a8,0x80
sub_003961A8,0x3961a8,0x3968d0,0x728
sub_003968D0,0x3968d0,0x3968e8,0x18
sub_003968E8,0x3968e8,0x396918,0x30
sub_00396918,0x396918,0x396920,0x8
sub_00396920,0x396920,0x396928,0x8
sub_00396928,0x396928,0x396958,0x30
sub_00396958,0x396958,0x3970f8,0x7a0
sub_003970F8,0x3970f8,0x397118,0x20
sub_00397118,0x397118,0x397138,0x20
sub_00397138,0x397138,0x397140,0x8
sub_00397140,0x397140,0x3971c8,0x88
sub_003971C8,0x3971c8,0x397278,0xb0
sub_00397278,0x397278,0x397298,0x20
sub_00397298,0x397298,0x3972a0,0x8
sub_003972A0,0x3972a0,0x3973a8,0x108
sub_003973A8,0x3973a8,0x397440,0x98
sub_00397440,0x397440,0x397458,0x18
sub_00397458,0x397458,0x397468,0x10
sub_00397468,0x397468,0x3974b0,0x48
sub_003974B0,0x3974b0,0x3975e0,0x130
sub_003975E0,0x3975e0,0x397718,0x138
sub_00397718,0x397718,0x397740,0x28
sub_00397740,0x397740,0x3977e8,0xa8
sub_003977E8,0x3977e8,0x397840,0x58
sub_00397840,0x397840,0x397858,0x18
sub_00397858,0x397858,0x397870,0x18
sub_00397870,0x397870,0x3978f0,0x80
sub_003978F0,0x3978f0,0x397910,0x20
sub_00397910,0x397910,0x397930,0x20
sub_00397930,0x397930,0x397948,0x18
sub_00397948,0x397948,0x3979c0,0x78
sub_003979C0,0x3979c0,0x3979f8,0x38
sub_003979F8,0x3979f8,0x397a68,0x70
sub_00397A68,0x397a68,0x397ad8,0x70
sub_00397AD8,0x397ad8,0x397b08,0x30
sub_00397B08,0x397b08,0x397b70,0x68
sub_00397B70,0x397b70,0x397c40,0xd0
sub_00397C40,0x397c40,0x397cc0,0x80
sub_00397CC0,0x397cc0,0x397df8,0x138
sub_00397DF8,0x397df8,0x398018,0x220
sub_00398018,0x398018,0x398038,0x20
sub_00398038,0x398038,0x398078,0x40
sub_00398078,0x398078,0x398138,0xc0
sub_00398138,0x398138,0x398380,0x248
sub_00398380,0x398380,0x3983f0,0x70
sub_003983F0,0x3983f0,0x398438,0x48
sub_00398438,0x398438,0x3984b0,0x78
sub_003984B0,0x3984b0,0x398568,0xb8
sub_00398568,0x398568,0x398618,0xb0
sub_00398618,0x398618,0x398638,0x20
sub_00398638,0x398638,0x398798,0x160
sub_00398798,0x398798,0x398910,0x178
sub_00398910,0x398910,0x398a60,0x150
sub_00398A60,0x398a60,0x399730,0xcd0
sub_00399730,0x399730,0x399768,0x38
sub_00399768,0x399768,0x399920,0x1b8
sub_00399920,0x399920,0x399d80,0x460
sub_00399D80,0x399d80,0x39a3f8,0x678
sub_0039A3F8,0x39a3f8,0x39a4b0,0xb8
sub_0039A4B0,0x39a4b0,0x39a568,0xb8
sub_0039A568,0x39a568,0x39a670,0x108
sub_0039A670,0x39a670,0x39a708,0x98
sub_0039A708,0x39a708,0x39a738,0x30
sub_0039A738,0x39a738,0x39a768,0x30
sub_0039A768,0x39a768,0x39a7a8,0x40
sub_0039A7A8,0x39a7a8,0x39a7f0,0x48
sub_0039A7F0,0x39a7f0,0x39a8d8,0xe8
sub_0039A8D8,0x39a8d8,0x39ab00,0x228
sub_0039AB00,0x39ab00,0x39ab50,0x50
sub_0039AB50,0x39ab50,0x39ac48,0xf8
sub_0039AC48,0x39ac48,0x39ad38,0xf0
sub_0039AD38,0x39ad38,0x39ae98,0x160
sub_0039AE98,0x39ae98,0x39b760,0x8c8
sub_0039B760,0x39b760,0x39b7b0,0x50
sub_0039B7B0,0x39b7b0,0x39b960,0x1b0
sub_0039B960,0x39b960,0x39be70,0x510
sub_0039BE70,0x39be70,0x39c428,0x5b8
sub_0039C428,0x39c428,0x39c518,0xf0
sub_0039C518,0x39c518,0x39c558,0x40
sub_0039C558,0x39c558,0x39c688,0x130
sub_0039C688,0x39c688,0x39c728,0xa0
sub_0039C728,0x39c728,0x39c778,0x50
sub_0039C778,0x39c778,0x39c7c0,0x48
sub_0039C7C0,0x39c7c0,0x39c820,0x60
sub_0039C820,0x39c820,0x39c870,0x50
sub_0039C870,0x39c870,0x39c978,0x108
sub_0039C978,0x39c978,0x39cbc8,0x250
sub_0039CBC8,0x39cbc8,0x39cbe0,0x18
sub_0039CBE0,0x39cbe0,0x39cc38,0x58
sub_0039CC38,0x39cc38,0x39cca8,0x70
sub_0039CCA8,0x39cca8,0x39cd30,0x88
sub_0039CD30,0x39cd30,0x39cd90,0x60
sub_0039CD90,0x39cd90,0x39cd98,0x8
sub_0039CD98,0x39cd98,0x39cda0,0x8
sub_0039CDA0,0x39cda0,0x39ce20,0x80
sub_0039CE20,0x39ce20,0x39ce48,0x28
sub_0039CE48,0x39ce48,0x39ce90,0x48
sub_0039CE90,0x39ce90,0x39ce98,0x8
sub_0039CE98,0x39ce98,0x39ced0,0x38
sub_0039CED0,0x39ced0,0x39d078,0x1a8
sub_0039D078,0x39d078,0x39d778,0x700
sub_0039D778,0x39d778,0x39d860,0xe8
sub_0039D860,0x39d860,0x39da20,0x1c0
sub_0039DA20,0x39da20,0x39de68,0x448
sub_0039DE68,0x39de68,0x39e288,0x420
sub_0039E288,0x39e288,0x39e2a0,0x18
sub_0039E2A0,0x39e2a0,0x39e318,0x78
sub_0039E318,0x39e318,0x39e390,0x78
sub_0039E390,0x39e390,0x39e4a0,0x110
sub_0039E4A0,0x39e4a0,0x39e4c0,0x20
sub_0039E4C0,0x39e4c0,0x39e508,0x48
sub_0039E508,0x39e508,0x39e510,0x8
sub_0039E510,0x39e510,0x39e6b8,0x1a8
sub_0039E6B8,0x39e6b8,0x39e758,0xa0
sub_0039E758,0x39e758,0x39e868,0x110
sub_0039E868,0x39e868,0x39e8b8,0x50
sub_0039E8B8,0x39e8b8,0x39e948,0x90
sub_0039E948,0x39e948,0x39e9d8,0x90
sub_0039E9D8,0x39e9d8,0x39ea90,0xb8
sub_0039EA90,0x39ea90,0x39eb60,0xd0
sub_0039EB60,0x39eb60,0x39ebe0,0x80
sub_0039EBE0,0x39ebe0,0x39eca8,0xc8
sub_0039ECA8,0x39eca8,0x39ecb0,0x8
sub_0039ECB0,0x39ecb0,0x39f100,0x450
sub_0039F100,0x39f100,0x39f190,0x90
sub_0039F190,0x39f190,0x39f238,0xa8
sub_0039F238,0x39f238,0x39f290,0x58
sub_0039F290,0x39f290,0x39f320,0x90
sub_0039F320,0x39f320,0x39f400,0xe0
sub_0039F400,0x39f400,0x39f4c0,0xc0
sub_0039F4C0,0x39f4c0,0x39f600,0x140
sub_0039F600,0x39f600,0x39f698,0x98
sub_0039F698,0x39f698,0x39f718,0x80
sub_0039F718,0x39f718,0x39f7b8,0xa0
sub_0039F7B8,0x39f7b8,0x39f840,0x88
sub_0039F840,0x39f840,0x39f8c8,0x88
sub_0039F8C8,0x39f8c8,0x39f9d8,0x110
sub_0039F9D8,0x39f9d8,0x39fa88,0xb0
sub_0039FA88,0x39fa88,0x39fae8,0x60
sub_0039FAE8,0x39fae8,0x39fb30,0x48
sub_0039FB30,0x39fb30,0x39fc48,0x118
sub_0039FC48,0x39fc48,0x39fcc8,0x80
sub_0039FCC8,0x39fcc8,0x39fd38,0x70
sub_0039FD38,0x39fd38,0x39fe00,0xc8
sub_0039FE00,0x39fe00,0x39feb8,0xb8
sub_0039FEB8,0x39feb8,0x39ff50,0x98
sub_0039FF50,0x39ff50,0x39ff60,0x10
sub_0039FF60,0x39ff60,0x39ff78,0x18
sub_0039FF78,0x39ff78,0x39ffa0,0x28
sub_0039FFA0,0x39ffa0,0x3a0000,0x60
sub_003A0000,0x3a0000,0x3a0048,0x48
sub_003A0048,0x3a0048,0x3a0290,0x248
sub_003A0290,0x3a0290,0x3a0318,0x88
sub_003A0318,0x3a0318,0x3a0330,0x18
sub_003A0330,0x3a0330,0x3a0348,0x18
sub_003A0348,0x3a0348,0x3a04f0,0x1a8
sub_003A04F0,0x3a04f0,0x3a0b38,0x648
sub_003A0B38,0x3a0b38,0x3a0b90,0x58
sub_003A0B90,0x3a0b90,0x3a0c00,0x70
sub_003A0C00,0x3a0c00,0x3a0c28,0x28
sub_003A0C28,0x3a0c28,0x3a0c50,0x28
sub_003A0C50,0x3a0c50,0x3a0c70,0x20
sub_003A0C70,0x3a0c70,0x3a0d00,0x90
sub_003A0D00,0x3a0d00,0x3a0e90,0x190
sub_003A0E90,0x3a0e90,0x3a0eb0,0x20
sub_003A0EB0,0x3a0eb0,0x3a1000,0x150
sub_003A1000,0x3a1000,0x3a1030,0x30
sub_003A1030,0x3a1030,0x3a1148,0x118
sub_003A1148,0x3a1148,0x3a12d0,0x188
sub_003A12D0,0x3a12d0,0x3a1310,0x40
sub_003A1310,0x3a1310,0x3a18c0,0x5b0
sub_003A18C0,0x3a18c0,0x3a1958,0x98
sub_003A1958,0x3a1958,0x3a19f8,0xa0
sub_003A19F8,0x3a19f8,0x3a1bf8,0x200
sub_003A1BF8,0x3a1bf8,0x3a1cf0,0xf8
sub_003A1CF0,0x3a1cf0,0x3a1d30,0x40
sub_003A1D30,0x3a1d30,0x3a1f18,0x1e8
sub_003A1F18,0x3a1f18,0x3a1f90,0x78
sub_003A1F90,0x3a1f90,0x3a2068,0xd8
sub_003A2068,0x3a2068,0x3a3280,0x1218
sub_003A3280,0x3a3280,0x3a3f48,0xcc8
sub_003A3F48,0x3a3f48,0x3a47a8,0x860
sub_003A47A8,0x3a47a8,0x3a47f8,0x50
sub_003A47F8,0x3a47f8,0x3a4868,0x70
sub_003A4868,0x3a4868,0x3a5338,0xad0
sub_003A5338,0x3a5338,0x3a54b8,0x180
sub_003A54B8,0x3a54b8,0x3a5500,0x48
sub_003A5500,0x3a5500,0x3a5508,0x8
sub_003A5508,0x3a5508,0x3a6548,0x1040
sub_003A6548,0x3a6548,0x3a65a0,0x58
sub_003A65A0,0x3a65a0,0x3a65b8,0x18
sub_003A65B8,0x3a65b8,0x3a65d8,0x20
sub_003A65D8,0x3a65d8,0x3a65e8,0x10
sub_003A65E8,0x3a65e8,0x3a6600,0x18
sub_003A6600,0x3a6600,0x3a6618,0x18
sub_003A6618,0x3a6618,0x3a6648,0x30
sub_003A6648,0x3a6648,0x3a6668,0x20
sub_003A6668,0x3a6668,0x3a6688,0x20
sub_003A6688,0x3a6688,0x3a6740,0xb8
sub_003A6740,0x3a6740,0x3a67e0,0xa0
sub_003A67E0,0x3a67e0,0x3a6800,0x20
sub_003A6800,0x3a6800,0x3a6928,0x128
sub_003A6928,0x3a6928,0x3a6948,0x20
sub_003A6948,0x3a6948,0x3a6ae0,0x198
sub_003A6AE0,0x3a6ae0,0x3a6b78,0x98
sub_003A6B78,0x3a6b78,0x3a6ba8,0x30
sub_003A6BA8,0x3a6ba8,0x3a6bd8,0x30
sub_003A6BD8,0x3a6bd8,0x3a6c08,0x30
sub_003A6C08,0x3a6c08,0x3a6c38,0x30
sub_003A6C38,0x3a6c38,0x3a6c68,0x30
sub_003A6C68,0x3a6c68,0x3a6c98,0x30
sub_003A6C98,0x3a6c98,0x3a6cc8,0x30
sub_003A6CC8,0x3a6cc8,0x3a6cd8,0x10
sub_003A6CD8,0x3a6cd8,0x3a6ce8,0x10
sub_003A6CE8,0x3a6ce8,0x3a6d00,0x18
sub_003A6D00,0x3a6d00,0x3a6d18,0x18
sub_003A6D18,0x3a6d18,0x3a6d50,0x38
sub_003A6D50,0x3a6d50,0x3a6e20,0xd0
sub_003A6E20,0x3a6e20,0x3a6e98,0x78
sub_003A6E98,0x3a6e98,0x3a6ed8,0x40
sub_003A6ED8,0x3a6ed8,0x3a6f38,0x60
sub_003A6F38,0x3a6f38,0x3a6f88,0x50
sub_003A6F88,0x3a6f88,0x3a7010,0x88
sub_003A7010,0x3a7010,0x3a7058,0x48
sub_003A7058,0x3a7058,0x3a7098,0x40
sub_003A7098,0x3a7098,0x3a7218,0x180
sub_003A7218,0x3a7218,0x3a7238,0x20
sub_003A7238,0x3a7238,0x3a7598,0x360
sub_003A7598,0x3a7598,0x3a76c0,0x128
sub_003A76C0,0x3a76c0,0x3a7768,0xa8
sub_003A7768,0x3a7768,0x3a7790,0x28
sub_003A7790,0x3a7790,0x3a77b0,0x20
sub_003A77B0,0x3a77b0,0x3a77d0,0x20
sub_003A77D0,0x3a77d0,0x3a7818,0x48
sub_003A7818,0x3a7818,0x3a7878,0x60
sub_003A7878,0x3a7878,0x3a7a20,0x1a8
sub_003A7A20,0x3a7a20,0x3a7aa8,0x88
sub_003A7AA8,0x3a7aa8,0x3a7b18,0x70
sub_003A7B18,0x3a7b18,0x3a7b98,0x80
sub_003A7B98,0x3a7b98,0x3a7bd8,0x40
sub_003A7BD8,0x3a7bd8,0x3a7c30,0x58
sub_003A7C30,0x3a7c30,0x3a7c88,0x58
sub_003A7C88,0x3a7c88,0x3a7d80,0xf8
sub_003A7D80,0x3a7d80,0x3a7dd0,0x50
sub_003A7DD0,0x3a7dd0,0x3a7e38,0x68
sub_003A7E38,0x3a7e38,0x3a7e98,0x60
sub_003A7E98,0x3a7e98,0x3a7f90,0xf8
sub_003A7F90,0x3a7f90,0x3a7fc0,0x30
sub_003A7FC0,0x3a7fc0,0x3a81a8,0x1e8
sub_003A81A8,0x3a81a8,0x3a8230,0x88
sub_003A8230,0x3a8230,0x3a8290,0x60
sub_003A8290,0x3a8290,0x3a82c8,0x38
sub_003A82C8,0x3a82c8,0x3a8330,0x68
sub_003A8330,0x3a8330,0x3a8448,0x118
sub_003A8448,0x3a8448,0x3a84c8,0x80
sub_003A84C8,0x3a84c8,0x3a84f8,0x30
sub_003A84F8,0x3a84f8,0x3a8528,0x30
sub_003A8528,0x3a8528,0x3a8618,0xf0
sub_003A8618,0x3a8618,0x3a8638,0x20
sub_003A8638,0x3a8638,0x3a8650,0x18
sub_003A8650,0x3a8650,0x3a8668,0x18
sub_003A8668,0x3a8668,0x3a88a8,0x240
sub_003A88A8,0x3a88a8,0x3a8a90,0x1e8
sub_003A8A90,0x3a8a90,0x3a8cd0,0x240
sub_003A8CD0,0x3a8cd0,0x3a8e20,0x150
sub_003A8E20,0x3a8e20,0x3a8f10,0xf0
sub_003A8F10,0x3a8f10,0x3a8f80,0x70
sub_003A8F80,0x3a8f80,0x3a8fb8,0x38
sub_003A8FB8,0x3a8fb8,0x3a9000,0x48
sub_003A9000,0x3a9000,0x3a9180,0x180
sub_003A9180,0x3a9180,0x3a9188,0x8
sub_003A9188,0x3a9188,0x3a9258,0xd0
sub_003A9258,0x3a9258,0x3a9558,0x300
sub_003A9558,0x3a9558,0x3a95c0,0x68
sub_003A95C0,0x3a95c0,0x3a9658,0x98
sub_003A9658,0x3a9658,0x3a96e0,0x88
sub_003A96E0,0x3a96e0,0x3a9770,0x90
sub_003A9770,0x3a9770,0x3a9800,0x90
sub_003A9800,0x3a9800,0x3a9820,0x20
sub_003A9820,0x3a9820,0x3a9858,0x38
sub_003A9858,0x3a9858,0x3a9890,0x38
sub_003A9890,0x3a9890,0x3a98c8,0x38
sub_003A98C8,0x3a98c8,0x3a9958,0x90
sub_003A9958,0x3a9958,0x3a99d8,0x80
sub_003A99D8,0x3a99d8,0x3a9a98,0xc0
sub_003A9A98,0x3a9a98,0x3a9ab0,0x18
sub_003A9AB0,0x3a9ab0,0x3a9bb8,0x108
sub_003A9BB8,0x3a9bb8,0x3a9d60,0x1a8
sub_003A9D60,0x3a9d60,0x3a9e50,0xf0
sub_003A9E50,0x3a9e50,0x3aa028,0x1d8
sub_003AA028,0x3aa028,0x3aa2f0,0x2c8
sub_003AA2F0,0x3aa2f0,0x3aad98,0xaa8
sub_003AAD98,0x3aad98,0x3aade8,0x50
sub_003AADE8,0x3aade8,0x3aae40,0x58
sub_003AAE40,0x3aae40,0x3aae60,0x20
sub_003AAE60,0x3aae60,0x3abf20,0x10c0
sub_003ABF20,0x3abf20,0x3abf50,0x30
sub_003ABF50,0x3abf50,0x3abfc0,0x70
sub_003ABFC0,0x3abfc0,0x3ac048,0x88
sub_003AC048,0x3ac048,0x3ac2a8,0x260
sub_003AC2A8,0x3ac2a8,0x3ac358,0xb0
sub_003AC358,0x3ac358,0x3ac508,0x1b0
sub_003AC508,0x3ac508,0x3ac7c8,0x2c0
sub_003AC7C8,0x3ac7c8,0x3ac800,0x38
sub_003AC800,0x3ac800,0x3ac8f0,0xf0
sub_003AC8F0,0x3ac8f0,0x3aca10,0x120
sub_003ACA10,0x3aca10,0x3aca38,0x28
sub_003ACA38,0x3aca38,0x3aca50,0x18
sub_003ACA50,0x3aca50,0x3aca70,0x20
sub_003ACA70,0x3aca70,0x3acad0,0x60
sub_003ACAD0,0x3acad0,0x3acbb8,0xe8
sub_003ACBB8,0x3acbb8,0x3acc50,0x98
sub_003ACC50,0x3acc50,0x3acc90,0x40
sub_003ACC90,0x3acc90,0x3accd8,0x48
sub_003ACCD8,0x3accd8,0x3ad120,0x448
sub_003AD120,0x3ad120,0x3ad188,0x68
sub_003AD188,0x3ad188,0x3ad198,0x10
sub_003AD198,0x3ad198,0x3ad1a8,0x10
sub_003AD1A8,0x3ad1a8,0x3ad230,0x88
sub_003AD230,0x3ad230,0x3ad290,0x60
sub_003AD290,0x3ad290,0x3adc18,0x988
sub_003ADC18,0x3adc18,0x3adc48,0x30
sub_003ADC48,0x3adc48,0x3adc50,0x8
sub_003ADC50,0x3adc50,0x3adc80,0x30
sub_003ADC80,0x3adc80,0x3adcb0,0x30
sub_003ADCB0,0x3adcb0,0x3adce0,0x30
sub_003ADCE0,0x3adce0,0x3add10,0x30
sub_003ADD10,0x3add10,0x3add40,0x30
sub_003ADD40,0x3add40,0x3add70,0x30
sub_003ADD70,0x3add70,0x3adda0,0x30
sub_003ADDA0,0x3adda0,0x3addc0,0x20
sub_003ADDC0,0x3addc0,0x3ade08,0x48
sub_003ADE08,0x3ade08,0x3adec8,0xc0
sub_003ADEC8,0x3adec8,0x3ae300,0x438
sub_003AE300,0x3ae300,0x3ae450,0x150
sub_003AE450,0x3ae450,0x3ae6c8,0x278
sub_003AE6C8,0x3ae6c8,0x3ae780,0xb8
sub_003AE780,0x3ae780,0x3ae860,0xe0
sub_003AE860,0x3ae860,0x3ae888,0x28
sub_003AE888,0x3ae888,0x3ae938,0xb0
sub_003AE938,0x3ae938,0x3ae958,0x20
sub_003AE958,0x3ae958,0x3ae9a0,0x48
sub_003AE9A0,0x3ae9a0,0x3aead0,0x130
sub_003AEAD0,0x3aead0,0x3aece0,0x210
sub_003AECE0,0x3aece0,0x3aed40,0x60
sub_003AED40,0x3aed40,0x3aee30,0xf0
sub_003AEE30,0x3aee30,0x3aee98,0x68
sub_003AEE98,0x3aee98,0x3aeef8,0x60
sub_003AEEF8,0x3aeef8,0x3aef48,0x50
sub_003AEF48,0x3aef48,0x3aefa8,0x60
sub_003AEFA8,0x3aefa8,0x3af258,0x2b0
sub_003AF258,0x3af258,0x3af300,0xa8
sub_003AF300,0x3af300,0x3af378,0x78
sub_003AF378,0x3af378,0x3af428,0xb0
sub_003AF428,0x3af428,0x3af560,0x138
sub_003AF560,0x3af560,0x3af670,0x110
sub_003AF670,0x3af670,0x3b0340,0xcd0
sub_003B0340,0x3b0340,0x3b03a8,0x68
sub_003B03A8,0x3b03a8,0x3b03b0,0x8
sub_003B03B0,0x3b03b0,0x3b03b8,0x8
sub_003B03B8,0x3b03b8,0x3b03c0,0x8
sub_003B03C0,0x3b03c0,0x3b03c8,0x8
sub_003B03C8,0x3b03c8,0x3b03d0,0x8
sub_003B03D0,0x3b03d0,0x3b03d8,0x8
sub_003B03D8,0x3b03d8,0x3b03e0,0x8
sub_003B03E0,0x3b03e0,0x3b03e8,0x8
sub_003B03E8,0x3b03e8,0x3b03f0,0x8
sub_003B03F0,0x3b03f0,0x3b03f8,0x8
sub_003B03F8,0x3b03f8,0x3b0400,0x8
sub_003B0400,0x3b0400,0x3b0408,0x8
sub_003B0408,0x3b0408,0x3b0410,0x8
sub_003B0410,0x3b0410,0x3b0430,0x20
sub_003B0430,0x3b0430,0x3b04f8,0xc8
sub_003B04F8,0x3b04f8,0x3b0538,0x40
sub_003B0538,0x3b0538,0x3b0580,0x48
sub_003B0580,0x3b0580,0x3b05c0,0x40
sub_003B05C0,0x3b05c0,0x3b0600,0x40
sub_003B0600,0x3b0600,0x3b0680,0x80
sub_003B0680,0x3b0680,0x3b06b0,0x30
sub_003B06B0,0x3b06b0,0x3b06f8,0x48
sub_003B06F8,0x3b06f8,0x3b0720,0x28
sub_003B0720,0x3b0720,0x3b0738,0x18
sub_003B0738,0x3b0738,0x3b0758,0x20
sub_003B0758,0x3b0758,0x3b0770,0x18
sub_003B0770,0x3b0770,0x3b07b8,0x48
sub_003B07B8,0x3b07b8,0x3b07d8,0x20
sub_003B07D8,0x3b07d8,0x3b07f8,0x20
sub_003B07F8,0x3b07f8,0x3b08e0,0xe8
sub_003B08E0,0x3b08e0,0x3b0948,0x68
sub_003B0948,0x3b0948,0x3b0b40,0x1f8
sub_003B0B40,0x3b0b40,0x3b0fb8,0x478
sub_003B0FB8,0x3b0fb8,0x3b10d0,0x118
sub_003B10D0,0x3b10d0,0x3b11a0,0xd0
sub_003B11A0,0x3b11a0,0x3b11e8,0x48
sub_003B11E8,0x3b11e8,0x3b11f0,0x8
sub_003B11F0,0x3b11f0,0x3b1228,0x38
sub_003B1228,0x3b1228,0x3b1258,0x30
sub_003B1258,0x3b1258,0x3b1270,0x18
sub_003B1270,0x3b1270,0x3b1290,0x20
sub_003B1290,0x3b1290,0x3b1300,0x70
sub_003B1300,0x3b1300,0x3b1340,0x40
sub_003B1340,0x3b1340,0x3b13a8,0x68
sub_003B13A8,0x3b13a8,0x3b13d8,0x30
sub_003B13D8,0x3b13d8,0x3b1498,0xc0
sub_003B1498,0x3b1498,0x3b14f0,0x58
sub_003B14F0,0x3b14f0,0x3b16e0,0x1f0
sub_003B16E0,0x3b16e0,0x3b17a8,0xc8
sub_003B17A8,0x3b17a8,0x3b1988,0x1e0
sub_003B1988,0x3b1988,0x3b1ab0,0x128
sub_003B1AB0,0x3b1ab0,0x3b1cc0,0x210
sub_003B1CC0,0x3b1cc0,0x3b1d58,0x98
sub_003B1D58,0x3b1d58,0x3b1ee0,0x188
sub_003B1EE0,0x3b1ee0,0x3b1fc8,0xe8
sub_003B1FC8,0x3b1fc8,0x3b20b8,0xf0
sub_003B20B8,0x3b20b8,0x3b2230,0x178
sub_003B2230,0x3b2230,0x3b22f8,0xc8
sub_003B22F8,0x3b22f8,0x3b2318,0x20
sub_003B2318,0x3b2318,0x3b2360,0x48
sub_003B2360,0x3b2360,0x3b2380,0x20
sub_003B2380,0x3b2380,0x3b23a0,0x20
sub_003B23A0,0x3b23a0,0x3b2440,0xa0
sub_003B2440,0x3b2440,0x3b2528,0xe8
sub_003B2528,0x3b2528,0x3b2558,0x30
sub_003B2558,0x3b2558,0x3b2688,0x130
sub_003B2688,0x3b2688,0x3b26b8,0x30
sub_003B26B8,0x3b26b8,0x3b27c8,0x110
sub_003B27C8,0x3b27c8,0x3b2a68,0x2a0
sub_003B2A68,0x3b2a68,0x3b2b68,0x100
sub_003B2B68,0x3b2b68,0x3b2b90,0x28
sub_003B2B90,0x3b2b90,0x3b2e78,0x2e8
sub_003B2E78,0x3b2e78,0x3b3308,0x490
sub_003B3308,0x3b3308,0x3b33b0,0xa8
sub_003B33B0,0x3b33b0,0x3b3578,0x1c8
sub_003B3578,0x3b3578,0x3b38b8,0x340
sub_003B38B8,0x3b38b8,0x3b3900,0x48
sub_003B3900,0x3b3900,0x3b39b8,0xb8
sub_003B39B8,0x3b39b8,0x3b39d8,0x20
sub_003B39D8,0x3b39d8,0x3b3a10,0x38
sub_003B3A10,0x3b3a10,0x3b3a50,0x40
sub_003B3A50,0x3b3a50,0x3b3bb0,0x160
sub_003B3BB0,0x3b3bb0,0x3b3d00,0x150
sub_003B3D00,0x3b3d00,0x3b3d40,0x40
sub_003B3D40,0x3b3d40,0x3b3da8,0x68
sub_003B3DA8,0x3b3da8,0x3b4010,0x268
sub_003B4010,0x3b4010,0x3b4218,0x208
sub_003B4218,0x3b4218,0x3b42b0,0x98
sub_003B42B0,0x3b42b0,0x3b4338,0x88
sub_003B4338,0x3b4338,0x3b43c0,0x88
sub_003B43C0,0x3b43c0,0x3b4448,0x88
sub_003B4448,0x3b4448,0x3b4478,0x30
sub_003B4478,0x3b4478,0x3b4540,0xc8
sub_003B4540,0x3b4540,0x3b4690,0x150
sub_003B4690,0x3b4690,0x3b4708,0x78
sub_003B4708,0x3b4708,0x3b4740,0x38
sub_003B4740,0x3b4740,0x3b47f8,0xb8
sub_003B47F8,0x3b47f8,0x3b4818,0x20
sub_003B4818,0x3b4818,0x3b49d0,0x1b8
sub_003B49D0,0x3b49d0,0x3b4d00,0x330
sub_003B4D00,0x3b4d00,0x3b4dd8,0xd8
sub_003B4DD8,0x3b4dd8,0x3b4fc0,0x1e8
sub_003B4FC0,0x3b4fc0,0x3b5158,0x198
sub_003B5158,0x3b5158,0x3b5320,0x1c8
sub_003B5320,0x3b5320,0x3b5440,0x120
sub_003B5440,0x3b5440,0x3b5450,0x10
sub_003B5450,0x3b5450,0x3b5470,0x20
sub_003B5470,0x3b5470,0x3b5478,0x8
sub_003B5478,0x3b5478,0x3b54e0,0x68
sub_003B54E0,0x3b54e0,0x3b5540,0x60
sub_003B5540,0x3b5540,0x3b55f0,0xb0
sub_003B55F0,0x3b55f0,0x3b58a0,0x2b0
sub_003B58A0,0x3b58a0,0x3b58d8,0x38
sub_003B58D8,0x3b58d8,0x3b5910,0x38
sub_003B5910,0x3b5910,0x3b5948,0x38
sub_003B5948,0x3b5948,0x3b5a28,0xe0
sub_003B5A28,0x3b5a28,0x3b5a60,0x38
sub_003B5A60,0x3b5a60,0x3b5b20,0xc0
sub_003B5B20,0x3b5b20,0x3b5b68,0x48
sub_003B5B68,0x3b5b68,0x3b5ba0,0x38
sub_003B5BA0,0x3b5ba0,0x3b5bd0,0x30
sub_003B5BD0,0x3b5bd0,0x3b5c40,0x70
sub_003B5C40,0x3b5c40,0x3b5c60,0x20
sub_003B5C60,0x3b5c60,0x3b5e98,0x238
sub_003B5E98,0x3b5e98,0x3b5f60,0xc8
sub_003B5F60,0x3b5f60,0x3b5f98,0x38
sub_003B5F98,0x3b5f98,0x3b6098,0x100
sub_003B6098,0x3b6098,0x3b6300,0x268
sub_003B6300,0x3b6300,0x3b64d8,0x1d8
sub_003B64D8,0x3b64d8,0x3b6528,0x50
sub_003B6528,0x3b6528,0x3b6548,0x20
sub_003B6548,0x3b6548,0x3b65d0,0x88
sub_003B65D0,0x3b65d0,0x3b6670,0xa0
sub_003B6670,0x3b6670,0x3b6788,0x118
sub_003B6788,0x3b6788,0x3b6820,0x98
sub_003B6820,0x3b6820,0x3b68b8,0x98
sub_003B68B8,0x3b68b8,0x3b6948,0x90
sub_003B6948,0x3b6948,0x3b69d8,0x90
sub_003B69D8,0x3b69d8,0x3b6a38,0x60
sub_003B6A38,0x3b6a38,0x3b6a70,0x38
sub_003B6A70,0x3b6a70,0x3b6ad8,0x68
sub_003B6AD8,0x3b6ad8,0x3b6b10,0x38
sub_003B6B10,0x3b6b10,0x3b6bd0,0xc0
sub_003B6BD0,0x3b6bd0,0x3b6ea8,0x2d8
sub_003B6EA8,0x3b6ea8,0x3b7080,0x1d8
sub_003B7080,0x3b7080,0x3b70f8,0x78
sub_003B70F8,0x3b70f8,0x3b71d8,0xe0
sub_003B71D8,0x3b71d8,0x3b7410,0x238
sub_003B7410,0x3b7410,0x3b7450,0x40
sub_003B7450,0x3b7450,0x3b76e8,0x298
sub_003B76E8,0x3b76e8,0x3b7818,0x130
sub_003B7818,0x3b7818,0x3b7838,0x20
sub_003B7838,0x3b7838,0x3b78d8,0xa0
sub_003B78D8,0x3b78d8,0x3b78f8,0x20
sub_003B78F8,0x3b78f8,0x3b7a70,0x178
sub_003B7A70,0x3b7a70,0x3b7ac8,0x58
sub_003B7AC8,0x3b7ac8,0x3b7b00,0x38
sub_003B7B00,0x3b7b00,0x3b7b48,0x48
sub_003B7B48,0x3b7b48,0x3b7c40,0xf8
sub_003B7C40,0x3b7c40,0x3b7d80,0x140
sub_003B7D80,0x3b7d80,0x3b7de8,0x68
sub_003B7DE8,0x3b7de8,0x3b7e10,0x28
sub_003B7E10,0x3b7e10,0x3b7e38,0x28
sub_003B7E38,0x3b7e38,0x3b7e70,0x38
sub_003B7E70,0x3b7e70,0x3b7eb0,0x40
sub_003B7EB0,0x3b7eb0,0x3b7f18,0x68
sub_003B7F18,0x3b7f18,0x3b7f60,0x48
sub_003B7F60,0x3b7f60,0x3b7fb8,0x58
sub_003B7FB8,0x3b7fb8,0x3b8010,0x58
sub_003B8010,0x3b8010,0x3b8050,0x40
sub_003B8050,0x3b8050,0x3b80a0,0x50
sub_003B80A0,0x3b80a0,0x3b80e0,0x40
sub_003B80E0,0x3b80e0,0x3b8120,0x40
sub_003B8120,0x3b8120,0x3b8160,0x40
sub_003B8160,0x3b8160,0x3b8218,0xb8
sub_003B8218,0x3b8218,0x3b8290,0x78
sub_003B8290,0x3b8290,0x3b82b8,0x28
sub_003B82B8,0x3b82b8,0x3b83a0,0xe8
sub_003B83A0,0x3b83a0,0x3b84e0,0x140
sub_003B84E0,0x3b84e0,0x3b8530,0x50
sub_003B8530,0x3b8530,0x3b85f0,0xc0
sub_003B85F0,0x3b85f0,0x3b86c0,0xd0
sub_003B86C0,0x3b86c0,0x3b8700,0x40
sub_003B8700,0x3b8700,0x3b8790,0x90
sub_003B8790,0x3b8790,0x3b8838,0xa8
sub_003B8838,0x3b8838,0x3b88c8,0x90
sub_003B88C8,0x3b88c8,0x3b8978,0xb0
sub_003B8978,0x3b8978,0x3b89e0,0x68
sub_003B89E0,0x3b89e0,0x3b8a38,0x58
sub_003B8A38,0x3b8a38,0x3b8ab8,0x80
sub_003B8AB8,0x3b8ab8,0x3b8ad8,0x20
sub_003B8AD8,0x3b8ad8,0x3b8c00,0x128
sub_003B8C00,0x3b8c00,0x3b8cc8,0xc8
sub_003B8CC8,0x3b8cc8,0x3b8d98,0xd0
sub_003B8D98,0x3b8d98,0x3b8de8,0x50
sub_003B8DE8,0x3b8de8,0x3b8ee8,0x100
sub_003B8EE8,0x3b8ee8,0x3b8f78,0x90
sub_003B8F78,0x3b8f78,0x3b9140,0x1c8
sub_003B9140,0x3b9140,0x3b91e0,0xa0
sub_003B91E0,0x3b91e0,0x3b93c8,0x1e8
sub_003B93C8,0x3b93c8,0x3b94b0,0xe8
sub_003B94B0,0x3b94b0,0x3b96b8,0x208
sub_003B96B8,0x3b96b8,0x3b97d8,0x120
sub_003B97D8,0x3b97d8,0x3b9880,0xa8
sub_003B9880,0x3b9880,0x3b98c0,0x40
sub_003B98C0,0x3b98c0,0x3b9920,0x60
sub_003B9920,0x3b9920,0x3b9a00,0xe0
sub_003B9A00,0x3b9a00,0x3b9b68,0x168
sub_003B9B68,0x3b9b68,0x3b9c20,0xb8
sub_003B9C20,0x3b9c20,0x3b9d00,0xe0
sub_003B9D00,0x3b9d00,0x3b9dc8,0xc8
sub_003B9DC8,0x3b9dc8,0x3b9e48,0x80
sub_003B9E48,0x3b9e48,0x3b9f38,0xf0
sub_003B9F38,0x3b9f38,0x3b9fc8,0x90
sub_003B9FC8,0x3b9fc8,0x3ba020,0x58
sub_003BA020,0x3ba020,0x3ba078,0x58
sub_003BA078,0x3ba078,0x3ba0b0,0x38
sub_003BA0B0,0x3ba0b0,0x3ba550,0x4a0
sub_003BA550,0x3ba550,0x3ba6e8,0x198
sub_003BA6E8,0x3ba6e8,0x3ba740,0x58
sub_003BA740,0x3ba740,0x3ba7b0,0x70
sub_003BA7B0,0x3ba7b0,0x3ba888,0xd8
sub_003BA888,0x3ba888,0x3ba938,0xb0
sub_003BA938,0x3ba938,0x3baa00,0xc8
sub_003BAA00,0x3baa00,0x3baac0,0xc0
sub_003BAAC0,0x3baac0,0x3bb0c8,0x608
sub_003BB0C8,0x3bb0c8,0x3bb140,0x78
sub_003BB140,0x3bb140,0x3bb588,0x448
sub_003BB588,0x3bb588,0x3bb820,0x298
sub_003BB820,0x3bb820,0x3bbda0,0x580
sub_003BBDA0,0x3bbda0,0x3bc000,0x260
sub_003BC000,0x3bc000,0x3bc0b0,0xb0
sub_003BC0B0,0x3bc0b0,0x3bc4c0,0x410
sub_003BC4C0,0x3bc4c0,0x3bc530,0x70
sub_003BC530,0x3bc530,0x3bc570,0x40
sub_003BC570,0x3bc570,0x3bc588,0x18
sub_003BC588,0x3bc588,0x3bc5c8,0x40
sub_003BC5C8,0x3bc5c8,0x3bc6b8,0xf0
sub_003BC6B8,0x3bc6b8,0x3bc770,0xb8
sub_003BC770,0x3bc770,0x3bc840,0xd0
sub_003BC840,0x3bc840,0x3bc910,0xd0
sub_003BC910,0x3bc910,0x3bc930,0x20
sub_003BC930,0x3bc930,0x3bc968,0x38
sub_003BC968,0x3bc968,0x3bca28,0xc0
sub_003BCA28,0x3bca28,0x3bcae8,0xc0
sub_003BCAE8,0x3bcae8,0x3bcba0,0xb8
sub_003BCBA0,0x3bcba0,0x3bd078,0x4d8
sub_003BD078,0x3bd078,0x3bd220,0x1a8
sub_003BD220,0x3bd220,0x3bd5b8,0x398
sub_003BD5B8,0x3bd5b8,0x3bd9c0,0x408
sub_003BD9C0,0x3bd9c0,0x3bde08,0x448
sub_003BDE08,0x3bde08,0x3be6e0,0x8d8
sub_003BE6E0,0x3be6e0,0x3bf0f0,0xa10
sub_003BF0F0,0x3bf0f0,0x3bf3e0,0x2f0
sub_003BF3E0,0x3bf3e0,0x3bf440,0x60
sub_003BF440,0x3bf440,0x3bf4c0,0x80
sub_003BF4C0,0x3bf4c0,0x3bf5a0,0xe0
sub_003BF5A0,0x3bf5a0,0x3bf6b0,0x110
sub_003BF6B0,0x3bf6b0,0x3bf800,0x150
sub_003BF800,0x3bf800,0x3bf8d0,0xd0
sub_003BF8D0,0x3bf8d0,0x3bf960,0x90
sub_003BF960,0x3bf960,0x3bfac0,0x160
sub_003BFAC0,0x3bfac0,0x3bfb90,0xd0
sub_003BFB90,0x3bfb90,0x3bfc50,0xc0
sub_003BFC50,0x3bfc50,0x3bfd60,0x110
sub_003BFD60,0x3bfd60,0x3bfe80,0x120
sub_003BFE80,0x3bfe80,0x3bffa0,0x120
sub_003BFFA0,0x3bffa0,0x3c01a0,0x200
sub_003C01A0,0x3c01a0,0x3c03e0,0x240
sub_003C03E0,0x3c03e0,0x3c0564,0x184
sub_003C0564,0x3c0564,0x3c05e0,0x7c
sub_003C05E0,0x3c05e0,0x3c0640,0x60
sub_003C0640,0x3c0640,0x3c06b0,0x70
sub_003C06B0,0x3c06b0,0x3c07a8,0xf8
sub_003C07A8,0x3c07a8,0x3c0858,0xb0
sub_003C0858,0x3c0858,0x3c08f8,0xa0
sub_003C08F8,0x3c08f8,0x3c09b8,0xc0
sub_003C09B8,0x3c09b8,0x3c0a60,0xa8
sub_003C0A60,0x3c0a60,0x3c0b10,0xb0
sub_003C0B10,0x3c0b10,0x3c0be8,0xd8
sub_003C0BE8,0x3c0be8,0x3c0c18,0x30
sub_003C0C18,0x3c0c18,0x3c0c90,0x78
sub_003C0C90,0x3c0c90,0x3c0e28,0x198
sub_003C0E28,0x3c0e28,0x3c1298,0x470
sub_003C1298,0x3c1298,0x3c1578,0x2e0
sub_003C1578,0x3c1578,0x3c15d8,0x60
sub_003C15D8,0x3c15d8,0x3c1638,0x60
sub_003C1638,0x3c1638,0x3c1b80,0x548
sub_003C1B80,0x3c1b80,0x3c2268,0x6e8
sub_003C2268,0x3c2268,0x3c2438,0x1d0
sub_003C2438,0x3c2438,0x3c2440,0x8
sub_003C2440,0x3c2440,0x3c25e0,0x1a0
sub_003C25E0,0x3c25e0,0x3c27e0,0x200
sub_003C27E0,0x3c27e0,0x3c2a50,0x270
sub_003C2A50,0x3c2a50,0x3c2ec8,0x478
sub_003C2EC8,0x3c2ec8,0x3c3010,0x148
sub_003C3010,0x3c3010,0x3c30c8,0xb8
sub_003C30C8,0x3c30c8,0x3c3178,0xb0
sub_003C3178,0x3c3178,0x3c3250,0xd8
sub_003C3250,0x3c3250,0x3c3300,0xb0
sub_003C3300,0x3c3300,0x3c3358,0x58
sub_003C3358,0x3c3358,0x3c3380,0x28
sub_003C3380,0x3c3380,0x3c33e0,0x60
sub_003C33E0,0x3c33e0,0x3c3450,0x70
sub_003C3450,0x3c3450,0x3c3500,0xb0
sub_003C3500,0x3c3500,0x3c35f8,0xf8
sub_003C35F8,0x3c35f8,0x3c36a8,0xb0
sub_003C36A8,0x3c36a8,0x3c36c8,0x20
sub_003C36C8,0x3c36c8,0x3c3728,0x60
sub_003C3728,0x3c3728,0x3c3780,0x58
sub_003C3780,0x3c3780,0x3c38e0,0x160
sub_003C38E0,0x3c38e0,0x3c3ea8,0x5c8
sub_003C3EA8,0x3c3ea8,0x3c3ee0,0x38
sub_003C3EE0,0x3c3ee0,0x3c42d8,0x3f8
sub_003C42D8,0x3c42d8,0x3c42f8,0x20
sub_003C42F8,0x3c42f8,0x3c4318,0x20
sub_003C4318,0x3c4318,0x3c43c0,0xa8
sub_003C43C0,0x3c43c0,0x3c4450,0x90
sub_003C4450,0x3c4450,0x3c45e8,0x198
sub_003C45E8,0x3c45e8,0x3c4668,0x80
sub_003C4668,0x3c4668,0x3c4788,0x120
sub_003C4788,0x3c4788,0x3c4898,0x110
sub_003C4898,0x3c4898,0x3c4918,0x80
sub_003C4918,0x3c4918,0x3c4978,0x60
sub_003C4978,0x3c4978,0x3c4a38,0xc0
sub_003C4A38,0x3c4a38,0x3c4af8,0xc0
sub_003C4AF8,0x3c4af8,0x3c4b70,0x78
sub_003C4B70,0x3c4b70,0x3c4d78,0x208
sub_003C4D78,0x3c4d78,0x3c4e50,0xd8
sub_003C4E50,0x3c4e50,0x3c4ec8,0x78
sub_003C4EC8,0x3c4ec8,0x3c5068,0x1a0
sub_003C5068,0x3c5068,0x3c5128,0xc0
sub_003C5128,0x3c5128,0x3c51e0,0xb8
sub_003C51E0,0x3c51e0,0x3c51e8,0x8
sub_003C51E8,0x3c51e8,0x3c54c0,0x2d8
sub_003C54C0,0x3c54c0,0x3c5df0,0x930
sub_003C5DF0,0x3c5df0,0x3c5e08,0x18
sub_003C5E08,0x3c5e08,0x3c6018,0x210
sub_003C6018,0x3c6018,0x3c6040,0x28
sub_003C6040,0x3c6040,0x3c60e0,0xa0
sub_003C60E0,0x3c60e0,0x3c6158,0x78
sub_003C6158,0x3c6158,0x3c6240,0xe8
sub_003C6240,0x3c6240,0x3c6278,0x38
sub_003C6278,0x3c6278,0x3c6288,0x10
sub_003C6288,0x3c6288,0x3c62b8,0x30
sub_003C62B8,0x3c62b8,0x3c62e8,0x30
sub_003C62E8,0x3c62e8,0x3c6320,0x38
sub_003C6320,0x3c6320,0x3c6380,0x60
sub_003C6380,0x3c6380,0x3c64a8,0x128
sub_003C64A8,0x3c64a8,0x3c6500,0x58
sub_003C6500,0x3c6500,0x3c6540,0x40
sub_003C6540,0x3c6540,0x3c6580,0x40
sub_003C6580,0x3c6580,0x3c65e0,0x60
sub_003C65E0,0x3c65e0,0x3c65f0,0x10
sub_003C65F0,0x3c65f0,0x3c6620,0x30
sub_003C6620,0x3c6620,0x3c6760,0x140
sub_003C6760,0x3c6760,0x3c6ab8,0x358
sub_003C6AB8,0x3c6ab8,0x3c6c28,0x170
sub_003C6C28,0x3c6c28,0x3c6c98,0x70
sub_003C6C98,0x3c6c98,0x3c6ce0,0x48
sub_003C6CE0,0x3c6ce0,0x3c6ce8,0x8
sub_003C6CE8,0x3c6ce8,0x3c6da0,0xb8
sub_003C6DA0,0x3c6da0,0x3c6de0,0x40
sub_003C6DE0,0x3c6de0,0x3c7010,0x230
sub_003C7010,0x3c7010,0x3c7080,0x70
sub_003C7080,0x3c7080,0x3c7138,0xb8
sub_003C7138,0x3c7138,0x3c7218,0xe0
sub_003C7218,0x3c7218,0x3c72a0,0x88
sub_003C72A0,0x3c72a0,0x3c72f8,0x58
sub_003C72F8,0x3c72f8,0x3c7388,0x90
sub_003C7388,0x3c7388,0x3c7480,0xf8
sub_003C7480,0x3c7480,0x3c7600,0x180
sub_003C7600,0x3c7600,0x3c7828,0x228
sub_003C7828,0x3c7828,0x3c7aa8,0x280
sub_003C7AA8,0x3c7aa8,0x3c7ab0,0x8
sub_003C7AB0,0x3c7ab0,0x3c7d00,0x250
sub_003C7D00,0x3c7d00,0x3c8018,0x318
sub_003C8018,0x3c8018,0x3c8128,0x110
sub_003C8128,0x3c8128,0x3c8148,0x20
sub_003C8148,0x3c8148,0x3c8158,0x10
sub_003C8158,0x3c8158,0x3c83a0,0x248
sub_003C83A0,0x3c83a0,0x3c8430,0x90
sub_003C8430,0x3c8430,0x3c8468,0x38
sub_003C8468,0x3c8468,0x3c8560,0xf8
sub_003C8560,0x3c8560,0x3c8598,0x38
sub_003C8598,0x3c8598,0x3c85d0,0x38
sub_003C85D0,0x3c85d0,0x3c8968,0x398
sub_003C8968,0x3c8968,0x3c8a40,0xd8
sub_003C8A40,0x3c8a40,0x3c8a88,0x48
sub_003C8A88,0x3c8a88,0x3c8b40,0xb8
sub_003C8B40,0x3c8b40,0x3c8b80,0x40
sub_003C8B80,0x3c8b80,0x3c8c30,0xb0
sub_003C8C30,0x3c8c30,0x3c8d00,0xd0
sub_003C8D00,0x3c8d00,0x3c8e28,0x128
sub_003C8E28,0x3c8e28,0x3c8ec0,0x98
sub_003C8EC0,0x3c8ec0,0x3c8f48,0x88
sub_003C8F48,0x3c8f48,0x3c8fb0,0x68
sub_003C8FB0,0x3c8fb0,0x3c9040,0x90
sub_003C9040,0x3c9040,0x3c90c0,0x80
sub_003C90C0,0x3c90c0,0x3c9268,0x1a8
sub_003C9268,0x3c9268,0x3c92b0,0x48
sub_003C92B0,0x3c92b0,0x3c92f8,0x48
sub_003C92F8,0x3c92f8,0x3c9358,0x60
sub_003C9358,0x3c9358,0x3c9360,0x8
sub_003C9360,0x3c9360,0x3c93f8,0x98
sub_003C93F8,0x3c93f8,0x3c9420,0x28
sub_003C9420,0x3c9420,0x3c9618,0x1f8
sub_003C9618,0x3c9618,0x3c96f0,0xd8
sub_003C96F0,0x3c96f0,0x3c9938,0x248
sub_003C9938,0x3c9938,0x3c9960,0x28
sub_003C9960,0x3c9960,0x3c9a00,0xa0
sub_003C9A00,0x3c9a00,0x3c9b10,0x110
sub_003C9B10,0x3c9b10,0x3c9bc8,0xb8
sub_003C9BC8,0x3c9bc8,0x3c9c08,0x40
sub_003C9C08,0x3c9c08,0x3c9d28,0x120
sub_003C9D28,0x3c9d28,0x3c9da0,0x78
sub_003C9DA0,0x3c9da0,0x3c9e50,0xb0
sub_003C9E50,0x3c9e50,0x3ca7a0,0x950
sub_003CA7A0,0x3ca7a0,0x3ca870,0xd0
sub_003CA870,0x3ca870,0x3ca8a0,0x30
sub_003CA8A0,0x3ca8a0,0x3ca990,0xf0
sub_003CA990,0x3ca990,0x3ca9d8,0x48
sub_003CA9D8,0x3ca9d8,0x3caa28,0x50
sub_003CAA28,0x3caa28,0x3cab28,0x100
sub_003CAB28,0x3cab28,0x3cac88,0x160
sub_003CAC88,0x3cac88,0x3cadf0,0x168
sub_003CADF0,0x3cadf0,0x3caea0,0xb0
sub_003CAEA0,0x3caea0,0x3cafd0,0x130
sub_003CAFD0,0x3cafd0,0x3cb110,0x140
sub_003CB110,0x3cb110,0x3cb280,0x170
sub_003CB280,0x3cb280,0x3cb4a8,0x228
sub_003CB4A8,0x3cb4a8,0x3cb528,0x80
sub_003CB528,0x3cb528,0x3cb538,0x10
sub_003CB538,0x3cb538,0x3cbb28,0x5f0
sub_003CBB28,0x3cbb28,0x3cbc00,0xd8
sub_003CBC00,0x3cbc00,0x3cbc20,0x20
sub_003CBC20,0x3cbc20,0x3cbec8,0x2a8
sub_003CBEC8,0x3cbec8,0x3cc070,0x1a8
sub_003CC070,0x3cc070,0x3cc630,0x5c0
sub_003CC630,0x3cc630,0x3cc848,0x218
sub_003CC848,0x3cc848,0x3cc878,0x30
sub_003CC878,0x3cc878,0x3cc918,0xa0
sub_003CC918,0x3cc918,0x3cc928,0x10
sub_003CC928,0x3cc928,0x3cc938,0x10
sub_003CC938,0x3cc938,0x3cca08,0xd0
sub_003CCA08,0x3cca08,0x3ccef0,0x4e8
sub_003CCEF0,0x3ccef0,0x3ccf18,0x28
sub_003CCF18,0x3ccf18,0x3ccf40,0x28
sub_003CCF40,0x3ccf40,0x3ccf60,0x20
sub_003CCF60,0x3ccf60,0x3ccf90,0x30
sub_003CCF90,0x3ccf90,0x3cd138,0x1a8
sub_003CD138,0x3cd138,0x3cd190,0x58
sub_003CD190,0x3cd190,0x3cd1a8,0x18
sub_003CD1A8,0x3cd1a8,0x3cd1d0,0x28
sub_003CD1D0,0x3cd1d0,0x3cd1f8,0x28
sub_003CD1F8,0x3cd1f8,0x3cd260,0x68
sub_003CD260,0x3cd260,0x3cd2b0,0x50
sub_003CD2B0,0x3cd2b0,0x3cd518,0x268
sub_003CD518,0x3cd518,0x3cd590,0x78
sub_003CD590,0x3cd590,0x3cd690,0x100
sub_003CD690,0x3cd690,0x3cd6f0,0x60
sub_003CD6F0,0x3cd6f0,0x3cd878,0x188
sub_003CD878,0x3cd878,0x3cddb8,0x540
sub_003CDDB8,0x3cddb8,0x3cdde8,0x30
sub_003CDDE8,0x3cdde8,0x3cde68,0x80
sub_003CDE68,0x3cde68,0x3ce078,0x210
sub_003CE078,0x3ce078,0x3ce0b8,0x40
sub_003CE0B8,0x3ce0b8,0x3ce0d8,0x20
sub_003CE0D8,0x3ce0d8,0x3ce0e0,0x8
sub_003CE0E0,0x3ce0e0,0x3ce118,0x38
sub_003CE118,0x3ce118,0x3ce198,0x80
sub_003CE198,0x3ce198,0x3ce1a0,0x8
sub_003CE1A0,0x3ce1a0,0x3ce1a8,0x8
sub_003CE1A8,0x3ce1a8,0x3ce1b0,0x8
sub_003CE1B0,0x3ce1b0,0x3ce378,0x1c8
sub_003CE378,0x3ce378,0x3ce410,0x98
sub_003CE410,0x3ce410,0x3ce7c0,0x3b0
sub_003CE7C0,0x3ce7c0,0x3ceb90,0x3d0
sub_003CEB90,0x3ceb90,0x3cebe8,0x58
sub_003CEBE8,0x3cebe8,0x3cee88,0x2a0
sub_003CEE88,0x3cee88,0x3ceed0,0x48
sub_003CEED0,0x3ceed0,0x3cefb0,0xe0
sub_003CEFB0,0x3cefb0,0x3ceff8,0x48
sub_003CEFF8,0x3ceff8,0x3cf128,0x130
sub_003CF128,0x3cf128,0x3cf158,0x30
sub_003CF158,0x3cf158,0x3cf2c0,0x168
sub_003CF2C0,0x3cf2c0,0x3cf300,0x40
sub_003CF300,0x3cf300,0x3cf498,0x198
sub_003CF498,0x3cf498,0x3cf4d0,0x38
sub_003CF4D0,0x3cf4d0,0x3cf6f8,0x228
sub_003CF6F8,0x3cf6f8,0x3cf740,0x48
sub_003CF740,0x3cf740,0x3cf798,0x58
sub_003CF798,0x3cf798,0x3cf7b0,0x18
sub_003CF7B0,0x3cf7b0,0x3cf958,0x1a8
sub_003CF958,0x3cf958,0x3cf998,0x40
sub_003CF998,0x3cf998,0x3cf9d8,0x40
sub_003CF9D8,0x3cf9d8,0x3cfa98,0xc0
sub_003CFA98,0x3cfa98,0x3cfb38,0xa0
sub_003CFB38,0x3cfb38,0x3cfb68,0x30
sub_003CFB68,0x3cfb68,0x3cfb98,0x30
sub_003CFB98,0x3cfb98,0x3cfc30,0x98
sub_003CFC30,0x3cfc30,0x3d0b18,0xee8
sub_003D0B18,0x3d0b18,0x3d0b78,0x60
sub_003D0B78,0x3d0b78,0x3d0c20,0xa8
sub_003D0C20,0x3d0c20,0x3d0ca0,0x80
sub_003D0CA0,0x3d0ca0,0x3d0cc8,0x28
sub_003D0CC8,0x3d0cc8,0x3d0d70,0xa8
sub_003D0D70,0x3d0d70,0x3d0ed0,0x160
sub_003D0ED0,0x3d0ed0,0x3d1038,0x168
sub_003D1038,0x3d1038,0x3d11b8,0x180
sub_003D11B8,0x3d11b8,0x3d1470,0x2b8
sub_003D1470,0x3d1470,0x3d15c8,0x158
sub_003D15C8,0x3d15c8,0x3d1608,0x40
sub_003D1608,0x3d1608,0x3d1658,0x50
sub_003D1658,0x3d1658,0x3d1690,0x38
sub_003D1690,0x3d1690,0x3d16c8,0x38
sub_003D16C8,0x3d16c8,0x3d16d0,0x8
sub_003D16D0,0x3d16d0,0x3d16e8,0x18
sub_003D16E8,0x3d16e8,0x3d16f0,0x8
sub_003D16F0,0x3d16f0,0x3d1940,0x250
sub_003D1940,0x3d1940,0x3d1a88,0x148
sub_003D1A88,0x3d1a88,0x3d1ba8,0x120
sub_003D1BA8,0x3d1ba8,0x3d1d28,0x180
sub_003D1D28,0x3d1d28,0x3d1e80,0x158
sub_003D1E80,0x3d1e80,0x3d1f80,0x100
sub_003D1F80,0x3d1f80,0x3d2068,0xe8
sub_003D2068,0x3d2068,0x3d21c0,0x158
sub_003D21C0,0x3d21c0,0x3d2218,0x58
sub_003D2218,0x3d2218,0x3d2290,0x78
sub_003D2290,0x3d2290,0x3d2350,0xc0
sub_003D2350,0x3d2350,0x3d25f0,0x2a0
sub_003D25F0,0x3d25f0,0x3d2a68,0x478
sub_003D2A68,0x3d2a68,0x3d2c20,0x1b8
sub_003D2C20,0x3d2c20,0x3d2df8,0x1d8
sub_003D2DF8,0x3d2df8,0x3d2fa0,0x1a8
sub_003D2FA0,0x3d2fa0,0x3d2fc0,0x20
sub_003D2FC0,0x3d2fc0,0x3d2fe0,0x20
sub_003D2FE0,0x3d2fe0,0x3d3010,0x30
sub_003D3010,0x3d3010,0x3d3018,0x8
sub_003D3018,0x3d3018,0x3d3030,0x18
sub_003D3030,0x3d3030,0x3d3058,0x28
sub_003D3058,0x3d3058,0x3d30a8,0x50
sub_003D30A8,0x3d30a8,0x3d3140,0x98
sub_003D3140,0x3d3140,0x3d31e8,0xa8
sub_003D31E8,0x3d31e8,0x3d32b8,0xd0
sub_003D32B8,0x3d32b8,0x3d3658,0x3a0
sub_003D3658,0x3d3658,0x3d37a0,0x148
sub_003D37A0,0x3d37a0,0x3d3900,0x160
sub_003D3900,0x3d3900,0x3d3c90,0x390
sub_003D3C90,0x3d3c90,0x3d3d20,0x90
sub_003D3D20,0x3d3d20,0x3d4050,0x330
sub_003D4050,0x3d4050,0x3d41a8,0x158
sub_003D41A8,0x3d41a8,0x3d4898,0x6f0
sub_003D4898,0x3d4898,0x3d4900,0x68
sub_003D4900,0x3d4900,0x3d4950,0x50
sub_003D4950,0x3d4950,0x3d4a50,0x100
sub_003D4A50,0x3d4a50,0x3d4b00,0xb0
sub_003D4B00,0x3d4b00,0x3d4bb0,0xb0
sub_003D4BB0,0x3d4bb0,0x3d4c40,0x90
sub_003D4C40,0x3d4c40,0x3d4f10,0x2d0
sub_003D4F10,0x3d4f10,0x3d5128,0x218
sub_003D5128,0x3d5128,0x3d5290,0x168
sub_003D5290,0x3d5290,0x3d5330,0xa0
sub_003D5330,0x3d5330,0x3d53b8,0x88
sub_003D53B8,0x3d53b8,0x3d5450,0x98
sub_003D5450,0x3d5450,0x3d54c8,0x78
sub_003D54C8,0x3d54c8,0x3d54e8,0x20
sub_003D54E8,0x3d54e8,0x3d5508,0x20
sub_003D5508,0x3d5508,0x3d5698,0x190
sub_003D5698,0x3d5698,0x3d5800,0x168
sub_003D5800,0x3d5800,0x3d5968,0x168
sub_003D5968,0x3d5968,0x3d5a98,0x130
sub_003D5A98,0x3d5a98,0x3d5cc0,0x228
sub_003D5CC0,0x3d5cc0,0x3d5ee8,0x228
sub_003D5EE8,0x3d5ee8,0x3d6108,0x220
sub_003D6108,0x3d6108,0x3d61e8,0xe0
sub_003D61E8,0x3d61e8,0x3d62c8,0xe0
sub_003D62C8,0x3d62c8,0x3d6318,0x50
sub_003D6318,0x3d6318,0x3d6360,0x48
sub_003D6360,0x3d6360,0x3d6378,0x18
sub_003D6378,0x3d6378,0x3d63f8,0x80
sub_003D63F8,0x3d63f8,0x3d6448,0x50
sub_003D6448,0x3d6448,0x3d6498,0x50
sub_003D6498,0x3d6498,0x3d66c0,0x228
sub_003D66C0,0x3d66c0,0x3d6768,0xa8
sub_003D6768,0x3d6768,0x3d6778,0x10
sub_003D6778,0x3d6778,0x3d67f8,0x80
sub_003D67F8,0x3d67f8,0x3d6840,0x48
sub_003D6840,0x3d6840,0x3d69a8,0x168
sub_003D69A8,0x3d69a8,0x3d69f0,0x48
sub_003D69F0,0x3d69f0,0x3d6c58,0x268
sub_003D6C58,0x3d6c58,0x3d6c60,0x8
sub_003D6C60,0x3d6c60,0x3d6ca0,0x40
sub_003D6CA0,0x3d6ca0,0x3d6cf8,0x58
sub_003D6CF8,0x3d6cf8,0x3d6d30,0x38
sub_003D6D30,0x3d6d30,0x3d6d40,0x10
sub_003D6D40,0x3d6d40,0x3d6d50,0x10
sub_003D6D50,0x3d6d50,0x3d6db8,0x68
sub_003D6DB8,0x3d6db8,0x3d6e30,0x78
sub_003D6E30,0x3d6e30,0x3d6ee8,0xb8
sub_003D6EE8,0x3d6ee8,0x3d6f80,0x98
sub_003D6F80,0x3d6f80,0x3d7038,0xb8
sub_003D7038,0x3d7038,0x3d7110,0xd8
sub_003D7110,0x3d7110,0x3d71d8,0xc8
sub_003D71D8,0x3d71d8,0x3d72a0,0xc8
sub_003D72A0,0x3d72a0,0x3d7418,0x178
sub_003D7418,0x3d7418,0x3d76f0,0x2d8
sub_003D76F0,0x3d76f0,0x3d7760,0x70
sub_003D7760,0x3d7760,0x3d7a50,0x2f0
sub_003D7A50,0x3d7a50,0x3d7c38,0x1e8
sub_003D7C38,0x3d7c38,0x3d7d58,0x120
sub_003D7D58,0x3d7d58,0x3d7ec8,0x170
sub_003D7EC8,0x3d7ec8,0x3d8008,0x140
sub_003D8008,0x3d8008,0x3d8040,0x38
sub_003D8040,0x3d8040,0x3d81f0,0x1b0
sub_003D81F0,0x3d81f0,0x3d8278,0x88
sub_003D8278,0x3d8278,0x3d82b0,0x38
sub_003D82B0,0x3d82b0,0x3d8330,0x80
sub_003D8330,0x3d8330,0x3d83b8,0x88
sub_003D83B8,0x3d83b8,0x3d85c8,0x210
sub_003D85C8,0x3d85c8,0x3d8780,0x1b8
sub_003D8780,0x3d8780,0x3d88c8,0x148
sub_003D88C8,0x3d88c8,0x3d8cb0,0x3e8
sub_003D8CB0,0x3d8cb0,0x3d8e58,0x1a8
sub_003D8E58,0x3d8e58,0x3d9088,0x230
sub_003D9088,0x3d9088,0x3d93c0,0x338
sub_003D93C0,0x3d93c0,0x3d95b8,0x1f8
sub_003D95B8,0x3d95b8,0x3d9830,0x278
sub_003D9830,0x3d9830,0x3d9a40,0x210
sub_003D9A40,0x3d9a40,0x3d9ac8,0x88
sub_003D9AC8,0x3d9ac8,0x3d9bd8,0x110
sub_003D9BD8,0x3d9bd8,0x3d9ed0,0x2f8
sub_003D9ED0,0x3d9ed0,0x3d9fb0,0xe0
sub_003D9FB0,0x3d9fb0,0x3da3a8,0x3f8
sub_003DA3A8,0x3da3a8,0x3da3c0,0x18
sub_003DA3C0,0x3da3c0,0x3da3f0,0x30
sub_003DA3F0,0x3da3f0,0x3da418,0x28
sub_003DA418,0x3da418,0x3db040,0xc28
sub_003DB040,0x3db040,0x3db208,0x1c8
sub_003DB208,0x3db208,0x3db3b8,0x1b0
sub_003DB3B8,0x3db3b8,0x3db3e0,0x28
sub_003DB3E0,0x3db3e0,0x3db4d0,0xf0
sub_003DB4D0,0x3db4d0,0x3db5c0,0xf0
sub_003DB5C0,0x3db5c0,0x3db790,0x1d0
sub_003DB790,0x3db790,0x3db838,0xa8
sub_003DB838,0x3db838,0x3db9a0,0x168
sub_003DB9A0,0x3db9a0,0x3db9d8,0x38
sub_003DB9D8,0x3db9d8,0x3dbae8,0x110
sub_003DBAE8,0x3dbae8,0x3dbb68,0x80
sub_003DBB68,0x3dbb68,0x3dbca0,0x138
sub_003DBCA0,0x3dbca0,0x3dbdb0,0x110
sub_003DBDB0,0x3dbdb0,0x3dbdd0,0x20
sub_003DBDD0,0x3dbdd0,0x3dbe20,0x50
sub_003DBE20,0x3dbe20,0x3dbe40,0x20
sub_003DBE40,0x3dbe40,0x3dbe90,0x50
sub_003DBE90,0x3dbe90,0x3dbef0,0x60
sub_003DBEF0,0x3dbef0,0x3dbfd8,0xe8
sub_003DBFD8,0x3dbfd8,0x3dc038,0x60
sub_003DC038,0x3dc038,0x3dc068,0x30
sub_003DC068,0x3dc068,0x3dc148,0xe0
sub_003DC148,0x3dc148,0x3dc450,0x308
sub_003DC450,0x3dc450,0x3dc9f8,0x5a8
sub_003DC9F8,0x3dc9f8,0x3dca40,0x48
sub_003DCA40,0x3dca40,0x3dcb20,0xe0
sub_003DCB20,0x3dcb20,0x3dcbd8,0xb8
sub_003DCBD8,0x3dcbd8,0x3dcc88,0xb0
sub_003DCC88,0x3dcc88,0x3dcd98,0x110
sub_003DCD98,0x3dcd98,0x3dce90,0xf8
sub_003DCE90,0x3dce90,0x3dcf70,0xe0
sub_003DCF70,0x3dcf70,0x3dcfc0,0x50
sub_003DCFC0,0x3dcfc0,0x3dd148,0x188
sub_003DD148,0x3dd148,0x3dd1d8,0x90
sub_003DD1D8,0x3dd1d8,0x3dd310,0x138
sub_003DD310,0x3dd310,0x3dd438,0x128
sub_003DD438,0x3dd438,0x3dd4e8,0xb0
sub_003DD4E8,0x3dd4e8,0x3dd5a0,0xb8
sub_003DD5A0,0x3dd5a0,0x3dd648,0xa8
sub_003DD648,0x3dd648,0x3dd720,0xd8
sub_003DD720,0x3dd720,0x3dd7e0,0xc0
sub_003DD7E0,0x3dd7e0,0x3ddac0,0x2e0
sub_003DDAC0,0x3ddac0,0x3ddc30,0x170
sub_003DDC30,0x3ddc30,0x3dddf0,0x1c0
sub_003DDDF0,0x3dddf0,0x3dde78,0x88
sub_003DDE78,0x3dde78,0x3ddfa8,0x130
sub_003DDFA8,0x3ddfa8,0x3de420,0x478
sub_003DE420,0x3de420,0x3de4d0,0xb0
sub_003DE4D0,0x3de4d0,0x3de668,0x198
sub_003DE668,0x3de668,0x3de670,0x8
sub_003DE670,0x3de670,0x3de7b0,0x140
sub_003DE7B0,0x3de7b0,0x3de800,0x50
sub_003DE800,0x3de800,0x3de8c0,0xc0
sub_003DE8C0,0x3de8c0,0x3de928,0x68
sub_003DE928,0x3de928,0x3de9b8,0x90
sub_003DE9B8,0x3de9b8,0x3deb50,0x198
sub_003DEB50,0x3deb50,0x3debf0,0xa0
sub_003DEBF0,0x3debf0,0x3dec60,0x70
sub_003DEC60,0x3dec60,0x3dec80,0x20
sub_003DEC80,0x3dec80,0x3deca0,0x20
sub_003DECA0,0x3deca0,0x3decf8,0x58
sub_003DECF8,0x3decf8,0x3ded50,0x58
sub_003DED50,0x3ded50,0x3dedc0,0x70
sub_003DEDC0,0x3dedc0,0x3dee18,0x58
sub_003DEE18,0x3dee18,0x3dee70,0x58
sub_003DEE70,0x3dee70,0x3deed8,0x68
sub_003DEED8,0x3deed8,0x3def40,0x68
sub_003DEF40,0x3def40,0x3def70,0x30
sub_003DEF70,0x3def70,0x3defc0,0x50
sub_003DEFC0,0x3defc0,0x3df028,0x68
sub_003DF028,0x3df028,0x3df488,0x460
sub_003DF488,0x3df488,0x3df690,0x208
sub_003DF690,0x3df690,0x3df748,0xb8
sub_003DF748,0x3df748,0x3df980,0x238
sub_003DF980,0x3df980,0x3df9d8,0x58
sub_003DF9D8,0x3df9d8,0x3dfaf0,0x118
sub_003DFAF0,0x3dfaf0,0x3dfbd0,0xe0
sub_003DFBD0,0x3dfbd0,0x3dfc08,0x38
sub_003DFC08,0x3dfc08,0x3dfc48,0x40
sub_003DFC48,0x3dfc48,0x3dfcd8,0x90
sub_003DFCD8,0x3dfcd8,0x3dfd58,0x80
sub_003DFD58,0x3dfd58,0x3dfdd0,0x78
sub_003DFDD0,0x3dfdd0,0x3dfe18,0x48
sub_003DFE18,0x3dfe18,0x3dfe88,0x70
sub_003DFE88,0x3dfe88,0x3dfed0,0x48
sub_003DFED0,0x3dfed0,0x3e00d8,0x208
sub_003E00D8,0x3e00d8,0x3e0118,0x40
sub_003E0118,0x3e0118,0x3e0170,0x58
sub_003E0170,0x3e0170,0x3e0270,0x100
sub_003E0270,0x3e0270,0x3e03d0,0x160
sub_003E03D0,0x3e03d0,0x3e06b0,0x2e0
sub_003E06B0,0x3e06b0,0x3e06d8,0x28
sub_003E06D8,0x3e06d8,0x3e0948,0x270
sub_003E0948,0x3e0948,0x3e0a28,0xe0
sub_003E0A28,0x3e0a28,0x3e0ad8,0xb0
sub_003E0AD8,0x3e0ad8,0x3e0b28,0x50
sub_003E0B28,0x3e0b28,0x3e0b98,0x70
sub_003E0B98,0x3e0b98,0x3e0bf8,0x60
sub_003E0BF8,0x3e0bf8,0x3e0c88,0x90
sub_003E0C88,0x3e0c88,0x3e0d80,0xf8
sub_003E0D80,0x3e0d80,0x3e0e90,0x110
sub_003E0E90,0x3e0e90,0x3e1110,0x280
sub_003E1110,0x3e1110,0x3e12e0,0x1d0
sub_003E12E0,0x3e12e0,0x3e13e8,0x108
sub_003E13E8,0x3e13e8,0x3e14c8,0xe0
sub_003E14C8,0x3e14c8,0x3e14f8,0x30
sub_003E14F8,0x3e14f8,0x3e1530,0x38
sub_003E1530,0x3e1530,0x3e1580,0x50
sub_003E1580,0x3e1580,0x3e18c8,0x348
sub_003E18C8,0x3e18c8,0x3e1908,0x40
sub_003E1908,0x3e1908,0x3e1a10,0x108
sub_003E1A10,0x3e1a10,0x3e1a70,0x60
sub_003E1A70,0x3e1a70,0x3e1ad0,0x60
sub_003E1AD0,0x3e1ad0,0x3e1b68,0x98
sub_003E1B68,0x3e1b68,0x3e1bb8,0x50
sub_003E1BB8,0x3e1bb8,0x3e1ec8,0x310
sub_003E1EC8,0x3e1ec8,0x3e2190,0x2c8
sub_003E2190,0x3e2190,0x3e22f0,0x160
sub_003E22F0,0x3e22f0,0x3e2310,0x20
sub_003E2310,0x3e2310,0x3e2470,0x160
sub_003E2470,0x3e2470,0x3e2490,0x20
sub_003E2490,0x3e2490,0x3e2500,0x70
sub_003E2500,0x3e2500,0x3e2580,0x80
sub_003E2580,0x3e2580,0x3e2610,0x90
sub_003E2610,0x3e2610,0x3e2768,0x158
sub_003E2768,0x3e2768,0x3e2ce0,0x578
sub_003E2CE0,0x3e2ce0,0x3e2d00,0x20
sub_003E2D00,0x3e2d00,0x3e2d30,0x30
sub_003E2D30,0x3e2d30,0x3e2df0,0xc0
sub_003E2DF0,0x3e2df0,0x3e2ee0,0xf0
sub_003E2EE0,0x3e2ee0,0x3e3020,0x140
sub_003E3020,0x3e3020,0x3e3098,0x78
sub_003E3098,0x3e3098,0x3e3208,0x170
sub_003E3208,0x3e3208,0x3e32f8,0xf0
sub_003E32F8,0x3e32f8,0x3e3350,0x58
sub_003E3350,0x3e3350,0x3e33b0,0x60
sub_003E33B0,0x3e33b0,0x3e3478,0xc8
sub_003E3478,0x3e3478,0x3e34e8,0x70
sub_003E34E8,0x3e34e8,0x3e3538,0x50
sub_003E3538,0x3e3538,0x3e3588,0x50
sub_003E3588,0x3e3588,0x3e35b0,0x28
sub_003E35B0,0x3e35b0,0x3e3618,0x68
sub_003E3618,0x3e3618,0x3e36f8,0xe0
sub_003E36F8,0x3e36f8,0x3e3758,0x60
sub_003E3758,0x3e3758,0x3e3968,0x210
sub_003E3968,0x3e3968,0x3e39a8,0x40
sub_003E39A8,0x3e39a8,0x3e3ad8,0x130
sub_003E3AD8,0x3e3ad8,0x3e3b00,0x28
sub_003E3B00,0x3e3b00,0x3e3be0,0xe0
sub_003E3BE0,0x3e3be0,0x3e3d78,0x198
sub_003E3D78,0x3e3d78,0x3e4000,0x288
sub_003E4000,0x3e4000,0x3e4040,0x40
sub_003E4040,0x3e4040,0x3e44b0,0x470
sub_003E44B0,0x3e44b0,0x3e4508,0x58
sub_003E4508,0x3e4508,0x3e4648,0x140
sub_003E4648,0x3e4648,0x3e48d8,0x290
sub_003E48D8,0x3e48d8,0x3e49b8,0xe0
sub_003E49B8,0x3e49b8,0x3e4a10,0x58
sub_003E4A10,0x3e4a10,0x3e4a30,0x20
sub_003E4A30,0x3e4a30,0x3e4af0,0xc0
sub_003E4AF0,0x3e4af0,0x3e4e98,0x3a8
sub_003E4E98,0x3e4e98,0x3e4f80,0xe8
sub_003E4F80,0x3e4f80,0x3e4fb0,0x30
sub_003E4FB0,0x3e4fb0,0x3e5008,0x58
sub_003E5008,0x3e5008,0x3e5018,0x10
sub_003E5018,0x3e5018,0x3e50c8,0xb0
sub_003E50C8,0x3e50c8,0x3e51a0,0xd8
sub_003E51A0,0x3e51a0,0x3e5290,0xf0
sub_003E5290,0x3e5290,0x3e52b0,0x20
sub_003E52B0,0x3e52b0,0x3e5398,0xe8
sub_003E5398,0x3e5398,0x3e5440,0xa8
sub_003E5440,0x3e5440,0x3e5698,0x258
sub_003E5698,0x3e5698,0x3e56e0,0x48
sub_003E56E0,0x3e56e0,0x3e5700,0x20
sub_003E5700,0x3e5700,0x3e5760,0x60
sub_003E5760,0x3e5760,0x3e57f8,0x98
sub_003E57F8,0x3e57f8,0x3e58c8,0xd0
sub_003E58C8,0x3e58c8,0x3e5928,0x60
sub_003E5928,0x3e5928,0x3e5a78,0x150
sub_003E5A78,0x3e5a78,0x3e5aa8,0x30
sub_003E5AA8,0x3e5aa8,0x3e5b60,0xb8
sub_003E5B60,0x3e5b60,0x3e5c78,0x118
sub_003E5C78,0x3e5c78,0x3e5d30,0xb8
sub_003E5D30,0x3e5d30,0x3e5dc8,0x98
sub_003E5DC8,0x3e5dc8,0x3e5ef8,0x130
sub_003E5EF8,0x3e5ef8,0x3e6070,0x178
sub_003E6070,0x3e6070,0x3e6188,0x118
sub_003E6188,0x3e6188,0x3e6220,0x98
sub_003E6220,0x3e6220,0x3e6240,0x20
sub_003E6240,0x3e6240,0x3e62b0,0x70
sub_003E62B0,0x3e62b0,0x3e62d0,0x20
sub_003E62D0,0x3e62d0,0x3e6328,0x58
sub_003E6328,0x3e6328,0x3e6428,0x100
sub_003E6428,0x3e6428,0x3e6448,0x20
sub_003E6448,0x3e6448,0x3e6574,0x12c
sub_003E6574,0x3e6574,0x3e6690,0x11c
sub_003E6690,0x3e6690,0x3e66f0,0x60
sub_003E66F0,0x3e66f0,0x3e67f8,0x108
sub_003E67F8,0x3e67f8,0x3e6878,0x80
sub_003E6878,0x3e6878,0x3e6958,0xe0
sub_003E6958,0x3e6958,0x3e6a70,0x118
sub_003E6A70,0x3e6a70,0x3e6b10,0xa0
sub_003E6B10,0x3e6b10,0x3e6c80,0x170
sub_003E6C80,0x3e6c80,0x3e6e08,0x188
sub_003E6E08,0x3e6e08,0x3e6e70,0x68
sub_003E6E70,0x3e6e70,0x3e6f40,0xd0
sub_003E6F40,0x3e6f40,0x3e6fc8,0x88
sub_003E6FC8,0x3e6fc8,0x3e7120,0x158
sub_003E7120,0x3e7120,0x3e7218,0xf8
sub_003E7218,0x3e7218,0x3e7340,0x128
sub_003E7340,0x3e7340,0x3e73e0,0xa0
sub_003E73E0,0x3e73e0,0x3e7450,0x70
sub_003E7450,0x3e7450,0x3e7500,0xb0
sub_003E7500,0x3e7500,0x3e76a8,0x1a8
sub_003E76A8,0x3e76a8,0x3e7718,0x70
sub_003E7718,0x3e7718,0x3e77f0,0xd8
sub_003E77F0,0x3e77f0,0x3e7918,0x128
sub_003E7918,0x3e7918,0x3e7ac0,0x1a8
sub_003E7AC0,0x3e7ac0,0x3e7b00,0x40
sub_003E7B00,0x3e7b00,0x3e7ba0,0xa0
sub_003E7BA0,0x3e7ba0,0x3e7c40,0xa0
sub_003E7C40,0x3e7c40,0x3e7f58,0x318
sub_003E7F58,0x3e7f58,0x3e7f70,0x18
sub_003E7F70,0x3e7f70,0x3e7ff0,0x80
sub_003E7FF0,0x3e7ff0,0x3e80c0,0xd0
sub_003E80C0,0x3e80c0,0x3e81c8,0x108
sub_003E81C8,0x3e81c8,0x3e8248,0x80
sub_003E8248,0x3e8248,0x3e8260,0x18
sub_003E8260,0x3e8260,0x3e85b0,0x350
sub_003E85B0,0x3e85b0,0x3e8688,0xd8
sub_003E8688,0x3e8688,0x3e8a70,0x3e8
sub_003E8A70,0x3e8a70,0x3e8b10,0xa0
sub_003E8B10,0x3e8b10,0x3e8d70,0x260
sub_003E8D70,0x3e8d70,0x3e8dc0,0x50
sub_003E8DC0,0x3e8dc0,0x3e8f08,0x148
sub_003E8F08,0x3e8f08,0x3e8fb8,0xb0
sub_003E8FB8,0x3e8fb8,0x3e8fd0,0x18
sub_003E8FD0,0x3e8fd0,0x3e94f0,0x520
sub_003E94F0,0x3e94f0,0x3e9590,0xa0
sub_003E9590,0x3e9590,0x3e95c8,0x38
sub_003E95C8,0x3e95c8,0x3eae68,0x18a0
sub_003EAE68,0x3eae68,0x3eaeb8,0x50
sub_003EAEB8,0x3eaeb8,0x3eb090,0x1d8
sub_003EB090,0x3eb090,0x3eb198,0x108
sub_003EB198,0x3eb198,0x3eb1e0,0x48
sub_003EB1E0,0x3eb1e0,0x3eb6d8,0x4f8
sub_003EB6D8,0x3eb6d8,0x3eb918,0x240
sub_003EB918,0x3eb918,0x3ebb60,0x248
sub_003EBB60,0x3ebb60,0x3ebe40,0x2e0
sub_003EBE40,0x3ebe40,0x3ebf28,0xe8
sub_003EBF28,0x3ebf28,0x3ebfc8,0xa0
sub_003EBFC8,0x3ebfc8,0x3ec0f8,0x130
sub_003EC0F8,0x3ec0f8,0x3ec180,0x88
sub_003EC180,0x3ec180,0x3ec300,0x180
sub_003EC300,0x3ec300,0x3ec3c0,0xc0
sub_003EC3C0,0x3ec3c0,0x3ec6d0,0x310
sub_003EC6D0,0x3ec6d0,0x3ec7e0,0x110
sub_003EC7E0,0x3ec7e0,0x3ecb00,0x320
sub_003ECB00,0x3ecb00,0x3ecf30,0x430
sub_003ECF30,0x3ecf30,0x3ecfb0,0x80
sub_003ECFB0,0x3ecfb0,0x3ecff8,0x48
sub_003ECFF8,0x3ecff8,0x3ed070,0x78
sub_003ED070,0x3ed070,0x3ed378,0x308
sub_003ED378,0x3ed378,0x3ed578,0x200
sub_003ED578,0x3ed578,0x3ed678,0x100
sub_003ED678,0x3ed678,0x3edb08,0x490
sub_003EDB08,0x3edb08,0x3edd70,0x268
sub_003EDD70,0x3edd70,0x3ee028,0x2b8
sub_003EE028,0x3ee028,0x3ee1e8,0x1c0
sub_003EE1E8,0x3ee1e8,0x3ee260,0x78
sub_003EE260,0x3ee260,0x3ee320,0xc0
sub_003EE320,0x3ee320,0x3ee3e0,0xc0
sub_003EE3E0,0x3ee3e0,0x3ee468,0x88
sub_003EE468,0x3ee468,0x3ee480,0x18
sub_003EE480,0x3ee480,0x3ee550,0xd0
sub_003EE550,0x3ee550,0x3ee558,0x8
sub_003EE558,0x3ee558,0x3ee560,0x8
sub_003EE560,0x3ee560,0x3ee5a0,0x40
sub_003EE5A0,0x3ee5a0,0x3ee600,0x60
sub_003EE600,0x3ee600,0x3ee620,0x20
sub_003EE620,0x3ee620,0x3ee768,0x148
sub_003EE768,0x3ee768,0x3ee770,0x8
sub_003EE770,0x3ee770,0x3ee778,0x8
sub_003EE778,0x3ee778,0x3ee820,0xa8
sub_003EE820,0x3ee820,0x3ee900,0xe0
sub_003EE900,0x3ee900,0x3ee9a0,0xa0
sub_003EE9A0,0x3ee9a0,0x3eea48,0xa8
sub_003EEA48,0x3eea48,0x3eeb30,0xe8
sub_003EEB30,0x3eeb30,0x3eec88,0x158
sub_003EEC88,0x3eec88,0x3eed08,0x80
sub_003EED08,0x3eed08,0x3eeda0,0x98
sub_003EEDA0,0x3eeda0,0x3eeee8,0x148
sub_003EEEE8,0x3eeee8,0x3eef40,0x58
sub_003EEF40,0x3eef40,0x3ef088,0x148
sub_003EF088,0x3ef088,0x3ef210,0x188
sub_003EF210,0x3ef210,0x3ef600,0x3f0
sub_003EF600,0x3ef600,0x3ef640,0x40
sub_003EF640,0x3ef640,0x3ef6f8,0xb8
sub_003EF6F8,0x3ef6f8,0x3ef770,0x78
sub_003EF770,0x3ef770,0x3ef828,0xb8
sub_003EF828,0x3ef828,0x3efa48,0x220
sub_003EFA48,0x3efa48,0x3efc68,0x220
sub_003EFC68,0x3efc68,0x3efcd8,0x70
sub_003EFCD8,0x3efcd8,0x3efd30,0x58
sub_003EFD30,0x3efd30,0x3efe20,0xf0
sub_003EFE20,0x3efe20,0x3efed0,0xb0
sub_003EFED0,0x3efed0,0x3eff40,0x70
sub_003EFF40,0x3eff40,0x3f00d8,0x198
sub_003F00D8,0x3f00d8,0x3f0150,0x78
sub_003F0150,0x3f0150,0x3f0198,0x48
sub_003F0198,0x3f0198,0x3f02d0,0x138
sub_003F02D0,0x3f02d0,0x3f0568,0x298
sub_003F0568,0x3f0568,0x3f0610,0xa8
sub_003F0610,0x3f0610,0x3f0658,0x48
sub_003F0658,0x3f0658,0x3f0710,0xb8
sub_003F0710,0x3f0710,0x3f07a0,0x90
sub_003F07A0,0x3f07a0,0x3f0818,0x78
sub_003F0818,0x3f0818,0x3f08e8,0xd0
sub_003F08E8,0x3f08e8,0x3f0b50,0x268
sub_003F0B50,0x3f0b50,0x3f0be0,0x90
sub_003F0BE0,0x3f0be0,0x3f0c90,0xb0
sub_003F0C90,0x3f0c90,0x3f0e38,0x1a8
sub_003F0E38,0x3f0e38,0x3f11f8,0x3c0
sub_003F11F8,0x3f11f8,0x3f14d8,0x2e0
sub_003F14D8,0x3f14d8,0x3f1538,0x60
sub_003F1538,0x3f1538,0x3f1548,0x10
sub_003F1548,0x3f1548,0x3f1578,0x30
sub_003F1578,0x3f1578,0x3f15c8,0x50
sub_003F15C8,0x3f15c8,0x3f16d8,0x110
sub_003F16D8,0x3f16d8,0x3f17c8,0xf0
sub_003F17C8,0x3f17c8,0x3f17d8,0x10
sub_003F17D8,0x3f17d8,0x3f2220,0xa48
sub_003F2220,0x3f2220,0x3f30f0,0xed0
sub_003F30F0,0x3f30f0,0x3f3128,0x38
sub_003F3128,0x3f3128,0x3f31f8,0xd0
sub_003F31F8,0x3f31f8,0x3f33b0,0x1b8
sub_003F33B0,0x3f33b0,0x3f3530,0x180
sub_003F3530,0x3f3530,0x3f35d0,0xa0
sub_003F35D0,0x3f35d0,0x3f3860,0x290
sub_003F3860,0x3f3860,0x3f3940,0xe0
sub_003F3940,0x3f3940,0x3f39c8,0x88
sub_003F39C8,0x3f39c8,0x3f3a98,0xd0
sub_003F3A98,0x3f3a98,0x3f3b18,0x80
sub_003F3B18,0x3f3b18,0x3f3bc8,0xb0
sub_003F3BC8,0x3f3bc8,0x3f3c50,0x88
sub_003F3C50,0x3f3c50,0x3f3cc0,0x70
sub_003F3CC0,0x3f3cc0,0x3f3f78,0x2b8
sub_003F3F78,0x3f3f78,0x3f40b8,0x140
sub_003F40B8,0x3f40b8,0x3f42a0,0x1e8
sub_003F42A0,0x3f42a0,0x3f4330,0x90
sub_003F4330,0x3f4330,0x3f4448,0x118
sub_003F4448,0x3f4448,0x3f44f8,0xb0
sub_003F44F8,0x3f44f8,0x3f4528,0x30
sub_003F4528,0x3f4528,0x3f4a78,0x550
sub_003F4A78,0x3f4a78,0x3f4c68,0x1f0
sub_003F4C68,0x3f4c68,0x3f4c98,0x30
sub_003F4C98,0x3f4c98,0x3f4d68,0xd0
sub_003F4D68,0x3f4d68,0x3f4de8,0x80
sub_003F4DE8,0x3f4de8,0x3f4e80,0x98
sub_003F4E80,0x3f4e80,0x3f4ea0,0x20
sub_003F4EA0,0x3f4ea0,0x3f4f40,0xa0
sub_003F4F40,0x3f4f40,0x3f5000,0xc0
sub_003F5000,0x3f5000,0x3f5470,0x470
sub_003F5470,0x3f5470,0x3f5478,0x8
sub_003F5478,0x3f5478,0x3f55b8,0x140
sub_003F55B8,0x3f55b8,0x3f5638,0x80
sub_003F5638,0x3f5638,0x3f5738,0x100
sub_003F5738,0x3f5738,0x3f57c8,0x90
sub_003F57C8,0x3f57c8,0x3f5908,0x140
sub_003F5908,0x3f5908,0x3f5910,0x8
sub_003F5910,0x3f5910,0x3f5a50,0x140
sub_003F5A50,0x3f5a50,0x3f5a70,0x20
sub_003F5A70,0x3f5a70,0x3f5c38,0x1c8
sub_003F5C38,0x3f5c38,0x3f5d88,0x150
sub_003F5D88,0x3f5d88,0x3f5da8,0x20
sub_003F5DA8,0x3f5da8,0x3f5e90,0xe8
sub_003F5E90,0x3f5e90,0x3f5f08,0x78
sub_003F5F08,0x3f5f08,0x3f5f88,0x80
sub_003F5F88,0x3f5f88,0x3f6040,0xb8
sub_003F6040,0x3f6040,0x3f60b8,0x78
sub_003F60B8,0x3f60b8,0x3f6138,0x80
sub_003F6138,0x3f6138,0x3f61d0,0x98
sub_003F61D0,0x3f61d0,0x3f62f8,0x128
sub_003F62F8,0x3f62f8,0x3f6348,0x50
sub_003F6348,0x3f6348,0x3f6358,0x10
sub_003F6358,0x3f6358,0x3f63f0,0x98
sub_003F63F0,0x3f63f0,0x3f64e0,0xf0
sub_003F64E0,0x3f64e0,0x3f6520,0x40
sub_003F6520,0x3f6520,0x3f65a0,0x80
sub_003F65A0,0x3f65a0,0x3f65f8,0x58
sub_003F65F8,0x3f65f8,0x3f6670,0x78
sub_003F6670,0x3f6670,0x3f6700,0x90
sub_003F6700,0x3f6700,0x3f67e0,0xe0
sub_003F67E0,0x3f67e0,0x3f6838,0x58
sub_003F6838,0x3f6838,0x3f68f0,0xb8
sub_003F68F0,0x3f68f0,0x3f6960,0x70
sub_003F6960,0x3f6960,0x3f6a40,0xe0
sub_003F6A40,0x3f6a40,0x3f6ab0,0x70
sub_003F6AB0,0x3f6ab0,0x3f6ab8,0x8
sub_003F6AB8,0x3f6ab8,0x3f6af0,0x38
sub_003F6AF0,0x3f6af0,0x3f6b20,0x30
sub_003F6B20,0x3f6b20,0x3f6b50,0x30
sub_003F6B50,0x3f6b50,0x3f6b80,0x30
sub_003F6B80,0x3f6b80,0x3f6ba0,0x20
sub_003F6BA0,0x3f6ba0,0x3f6c10,0x70
sub_003F6C10,0x3f6c10,0x3f6c40,0x30
sub_003F6C40,0x3f6c40,0x3f6c50,0x10
sub_003F6C50,0x3f6c50,0x3f6c60,0x10
sub_003F6C60,0x3f6c60,0x3f6c70,0x10
sub_003F6C70,0x3f6c70,0x3f6d98,0x128
sub_003F6D98,0x3f6d98,0x3f6dc8,0x30
sub_003F6DC8,0x3f6dc8,0x3f6e70,0xa8
sub_003F6E70,0x3f6e70,0x3f6e98,0x28
sub_003F6E98,0x3f6e98,0x3f77f8,0x960
sub_003F77F8,0x3f77f8,0x3f7820,0x28
sub_003F7820,0x3f7820,0x3f7840,0x20
sub_003F7840,0x3f7840,0x3f7890,0x50
sub_003F7890,0x3f7890,0x3f78e0,0x50
sub_003F78E0,0x3f78e0,0x3f7900,0x20
sub_003F7900,0x3f7900,0x3f7920,0x20
sub_003F7920,0x3f7920,0x3f7958,0x38
sub_003F7958,0x3f7958,0x3f7990,0x38
sub_003F7990,0x3f7990,0x3f7a30,0xa0
sub_003F7A30,0x3f7a30,0x3f7a60,0x30
sub_003F7A60,0x3f7a60,0x3f7bd0,0x170
sub_003F7BD0,0x3f7bd0,0x3f7c00,0x30
sub_003F7C00,0x3f7c00,0x3f7d98,0x198
sub_003F7D98,0x3f7d98,0x3f7de0,0x48
sub_003F7DE0,0x3f7de0,0x3f7e90,0xb0
sub_003F7E90,0x3f7e90,0x3f7ee0,0x50
sub_003F7EE0,0x3f7ee0,0x3f7f18,0x38
sub_003F7F18,0x3f7f18,0x3f7f48,0x30
sub_003F7F48,0x3f7f48,0x3f8000,0xb8
sub_003F8000,0x3f8000,0x3f8048,0x48
sub_003F8048,0x3f8048,0x3f80c0,0x78
sub_003F80C0,0x3f80c0,0x3f80e0,0x20
sub_003F80E0,0x3f80e0,0x3f8178,0x98
sub_003F8178,0x3f8178,0x3f8258,0xe0
sub_003F8258,0x3f8258,0x3f8550,0x2f8
sub_003F8550,0x3f8550,0x3f8588,0x38
sub_003F8588,0x3f8588,0x3f85c0,0x38
sub_003F85C0,0x3f85c0,0x3f86b8,0xf8
sub_003F86B8,0x3f86b8,0x3f86f0,0x38
sub_003F86F0,0x3f86f0,0x3f8710,0x20
sub_003F8710,0x3f8710,0x3f8720,0x10
sub_003F8720,0x3f8720,0x3f8768,0x48
sub_003F8768,0x3f8768,0x3f87b0,0x48
sub_003F87B0,0x3f87b0,0x3f9208,0xa58
sub_003F9208,0x3f9208,0x3f9218,0x10
sub_003F9218,0x3f9218,0x3f9530,0x318
sub_003F9530,0x3f9530,0x3f95e8,0xb8
sub_003F95E8,0x3f95e8,0x3f9698,0xb0
sub_003F9698,0x3f9698,0x3f9818,0x180
sub_003F9818,0x3f9818,0x3f99b8,0x1a0
sub_003F99B8,0x3f99b8,0x3f9b38,0x180
sub_003F9B38,0x3f9b38,0x3f9c48,0x110
sub_003F9C48,0x3f9c48,0x3f9dc0,0x178
sub_003F9DC0,0x3f9dc0,0x3f9f00,0x140
sub_003F9F00,0x3f9f00,0x3fa040,0x140
sub_003FA040,0x3fa040,0x3fa1d0,0x190
sub_003FA1D0,0x3fa1d0,0x3fa240,0x70
sub_003FA240,0x3fa240,0x3fa360,0x120
sub_003FA360,0x3fa360,0x3fa380,0x20
sub_003FA380,0x3fa380,0x3fa6a8,0x328
sub_003FA6A8,0x3fa6a8,0x3fa6c8,0x20
sub_003FA6C8,0x3fa6c8,0x3fa6e8,0x20
sub_003FA6E8,0x3fa6e8,0x3fa708,0x20
sub_003FA708,0x3fa708,0x3fa7a0,0x98
sub_003FA7A0,0x3fa7a0,0x3fa818,0x78
sub_003FA818,0x3fa818,0x3fb278,0xa60
sub_003FB278,0x3fb278,0x3fb280,0x8
sub_003FB280,0x3fb280,0x3fb2c8,0x48
sub_003FB2C8,0x3fb2c8,0x3fb2f8,0x30
sub_003FB2F8,0x3fb2f8,0x3fb300,0x8
sub_003FB300,0x3fb300,0x3fb308,0x8
sub_003FB308,0x3fb308,0x3fb318,0x10
sub_003FB318,0x3fb318,0x3fb358,0x40
sub_003FB358,0x3fb358,0x3fb3a0,0x48
sub_003FB3A0,0x3fb3a0,0x3fb430,0x90
sub_003FB430,0x3fb430,0x3fb490,0x60
sub_003FB490,0x3fb490,0x3fb5e8,0x158
sub_003FB5E8,0x3fb5e8,0x3fb650,0x68
sub_003FB650,0x3fb650,0x3fb800,0x1b0
sub_003FB800,0x3fb800,0x3fb810,0x10
sub_003FB810,0x3fb810,0x3fb828,0x18
sub_003FB828,0x3fb828,0x3fb840,0x18
sub_003FB840,0x3fb840,0x3fb858,0x18
sub_003FB858,0x3fb858,0x3fb898,0x40
sub_003FB898,0x3fb898,0x3fb910,0x78
sub_003FB910,0x3fb910,0x3fb958,0x48
sub_003FB958,0x3fb958,0x3fb9a0,0x48
sub_003FB9A0,0x3fb9a0,0x3fb9d0,0x30
sub_003FB9D0,0x3fb9d0,0x3fba20,0x50
sub_003FBA20,0x3fba20,0x3fba78,0x58
sub_003FBA78,0x3fba78,0x3fbad0,0x58
sub_003FBAD0,0x3fbad0,0x3fbb50,0x80
sub_003FBB50,0x3fbb50,0x3fbbe0,0x90
sub_003FBBE0,0x3fbbe0,0x3fbc40,0x60
sub_003FBC40,0x3fbc40,0x3fbcd8,0x98
sub_003FBCD8,0x3fbcd8,0x3fbd70,0x98
sub_003FBD70,0x3fbd70,0x3fbdb8,0x48
sub_003FBDB8,0x3fbdb8,0x3fbdf0,0x38
sub_003FBDF0,0x3fbdf0,0x3fbe40,0x50
sub_003FBE40,0x3fbe40,0x3fbed0,0x90
sub_003FBED0,0x3fbed0,0x3fbf80,0xb0
sub_003FBF80,0x3fbf80,0x3fbfe0,0x60
sub_003FBFE0,0x3fbfe0,0x3fc0d8,0xf8
sub_003FC0D8,0x3fc0d8,0x3fc0e8,0x10
sub_003FC0E8,0x3fc0e8,0x3fc260,0x178
sub_003FC260,0x3fc260,0x3fc390,0x130
sub_003FC390,0x3fc390,0x3fc3c0,0x30
sub_003FC3C0,0x3fc3c0,0x3fc4c8,0x108
sub_003FC4C8,0x3fc4c8,0x3fc4e8,0x20
sub_003FC4E8,0x3fc4e8,0x3fc548,0x60
sub_003FC548,0x3fc548,0x3fc708,0x1c0
sub_003FC708,0x3fc708,0x3fc990,0x288
sub_003FC990,0x3fc990,0x3fca40,0xb0
sub_003FCA40,0x3fca40,0x3fcdc8,0x388
sub_003FCDC8,0x3fcdc8,0x3fce10,0x48
sub_003FCE10,0x3fce10,0x3fcf00,0xf0
sub_003FCF00,0x3fcf00,0x3fcf98,0x98
sub_003FCF98,0x3fcf98,0x3fcfd8,0x40
sub_003FCFD8,0x3fcfd8,0x3fd0d8,0x100
sub_003FD0D8,0x3fd0d8,0x3fd100,0x28
sub_003FD100,0x3fd100,0x3fd128,0x28
sub_003FD128,0x3fd128,0x3fd1d8,0xb0
sub_003FD1D8,0x3fd1d8,0x3fd1f0,0x18
sub_003FD1F0,0x3fd1f0,0x3fd210,0x20
sub_003FD210,0x3fd210,0x3fd2b8,0xa8
sub_003FD2B8,0x3fd2b8,0x3fd2f8,0x40
sub_003FD2F8,0x3fd2f8,0x3fd558,0x260
sub_003FD558,0x3fd558,0x3fd660,0x108
sub_003FD660,0x3fd660,0x3fd6e0,0x80
sub_003FD6E0,0x3fd6e0,0x3fd758,0x78
sub_003FD758,0x3fd758,0x3fd910,0x1b8
sub_003FD910,0x3fd910,0x3fdaa0,0x190
sub_003FDAA0,0x3fdaa0,0x3fdab0,0x10
sub_003FDAB0,0x3fdab0,0x3fdb18,0x68
sub_003FDB18,0x3fdb18,0x3fde30,0x318
sub_003FDE30,0x3fde30,0x3fdea0,0x70
sub_003FDEA0,0x3fdea0,0x3fdf28,0x88
sub_003FDF28,0x3fdf28,0x3fdf50,0x28
sub_003FDF50,0x3fdf50,0x3fdf88,0x38
sub_003FDF88,0x3fdf88,0x3fdfb0,0x28
sub_003FDFB0,0x3fdfb0,0x3fe090,0xe0
sub_003FE090,0x3fe090,0x3fe268,0x1d8
sub_003FE268,0x3fe268,0x3fe2b8,0x50
sub_003FE2B8,0x3fe2b8,0x3fe320,0x68
sub_003FE320,0x3fe320,0x3fe398,0x78
sub_003FE398,0x3fe398,0x3fe410,0x78
sub_003FE410,0x3fe410,0x3fe458,0x48
sub_003FE458,0x3fe458,0x3fe4d8,0x80
sub_003FE4D8,0x3fe4d8,0x3fe558,0x80
sub_003FE558,0x3fe558,0x3fe590,0x38
sub_003FE590,0x3fe590,0x3fe5c8,0x38
sub_003FE5C8,0x3fe5c8,0x3fe678,0xb0
sub_003FE678,0x3fe678,0x3fe690,0x18
sub_003FE690,0x3fe690,0x3fe7d8,0x148
sub_003FE7D8,0x3fe7d8,0x3fe818,0x40
sub_003FE818,0x3fe818,0x3fe828,0x10
sub_003FE828,0x3fe828,0x3feb08,0x2e0
sub_003FEB08,0x3feb08,0x3feb38,0x30
sub_003FEB38,0x3feb38,0x3feb78,0x40
sub_003FEB78,0x3feb78,0x3febc0,0x48
sub_003FEBC0,0x3febc0,0x3fed08,0x148
sub_003FED08,0x3fed08,0x3fed50,0x48
sub_003FED50,0x3fed50,0x3fed60,0x10
sub_003FED60,0x3fed60,0x3ff060,0x300
sub_003FF060,0x3ff060,0x3ff088,0x28
sceDevVif0Pause_0x3ff088,0x3ff088,0x3ff0f0,0x68
sceDevVif0Continue_0x3ff0f0,0x3ff0f0,0x3ff130,0x40
sceDevVif0PutErr_0x3ff130,0x3ff130,0x3ff160,0x30
sub_003FF160,0x3ff160,0x3ff390,0x230
sub_003FF390,0x3ff390,0x3ff4a8,0x118
sub_003FF4A8,0x3ff4a8,0x3ff5e8,0x140
sub_003FF5E8,0x3ff5e8,0x3ff688,0xa0
sub_003FF688,0x3ff688,0x3ff708,0x80
sub_003FF708,0x3ff708,0x3ff8f0,0x1e8
sub_003FF8F0,0x3ff8f0,0x3ff9a8,0xb8
sub_003FF9A8,0x3ff9a8,0x3ffa08,0x60
sub_003FFA08,0x3ffa08,0x3ffa58,0x50
sub_003FFA58,0x3ffa58,0x3ffbc0,0x168
sub_003FFBC0,0x3ffbc0,0x3ffc38,0x78
sub_003FFC38,0x3ffc38,0x3ffc70,0x38
sub_003FFC70,0x3ffc70,0x3ffcd8,0x68
sub_003FFCD8,0x3ffcd8,0x3ffd60,0x88
sub_003FFD60,0x3ffd60,0x3ffe80,0x120
sub_003FFE80,0x3ffe80,0x3fffa0,0x120
sub_003FFFA0,0x3fffa0,0x4000d8,0x138
sub_004000D8,0x4000d8,0x400190,0xb8
sub_00400190,0x400190,0x400250,0xc0
sub_00400250,0x400250,0x400328,0xd8
sub_00400328,0x400328,0x4003e0,0xb8
sub_004003E0,0x4003e0,0x400490,0xb0
sub_00400490,0x400490,0x4004f0,0x60
sub_004004F0,0x4004f0,0x400548,0x58
sub_00400548,0x400548,0x4005a0,0x58
sub_004005A0,0x4005a0,0x400670,0xd0
sub_00400670,0x400670,0x4006d8,0x68
sub_004006D8,0x4006d8,0x400740,0x68
sub_00400740,0x400740,0x4007a8,0x68
sub_004007A8,0x4007a8,0x400810,0x68
sub_00400810,0x400810,0x400838,0x28
sub_00400838,0x400838,0x4008a0,0x68
sub_004008A0,0x4008a0,0x4009a8,0x108
sub_004009A8,0x4009a8,0x400a78,0xd0
sub_00400A78,0x400a78,0x400b48,0xd0
_sceCd_cd_read_intr_0x400b48,0x400b48,0x400c00,0xb8
sub_00400C00,0x400c00,0x400cb8,0xb8
sub_00400CB8,0x400cb8,0x400d58,0xa0
sub_00400D58,0x400d58,0x400e30,0xd8
sub_00400E30,0x400e30,0x400ea8,0x78
sub_00400EA8,0x400ea8,0x4011e0,0x338
sub_004011E0,0x4011e0,0x401350,0x170
sub_00401350,0x401350,0x4013e8,0x98
sub_004013E8,0x4013e8,0x401488,0xa0
sub_00401488,0x401488,0x4014f8,0x70
sub_004014F8,0x4014f8,0x401718,0x220
sub_00401718,0x401718,0x4019f8,0x2e0
sub_004019F8,0x4019f8,0x401bf0,0x1f8
sub_00401BF0,0x401bf0,0x401df8,0x208
sub_00401DF8,0x401df8,0x401fd8,0x1e0
sub_00401FD8,0x401fd8,0x402268,0x290
sub_00402268,0x402268,0x402300,0x98
sub_00402300,0x402300,0x402398,0x98
sub_00402398,0x402398,0x402450,0xb8
sub_00402450,0x402450,0x402520,0xd0
sub_00402520,0x402520,0x402618,0xf8
sub_00402618,0x402618,0x402708,0xf0
sub_00402708,0x402708,0x4027b8,0xb0
sub_004027B8,0x4027b8,0x4029d0,0x218
sub_004029D0,0x4029d0,0x402a10,0x40
sub_00402A10,0x402a10,0x402a58,0x48
sub_00402A58,0x402a58,0x402aa0,0x48
sub_00402AA0,0x402aa0,0x402b18,0x78
sub_00402B18,0x402b18,0x402b38,0x20
sub_00402B38,0x402b38,0x402b58,0x20
sub_00402B58,0x402b58,0x402bb0,0x58
sub_00402BB0,0x402bb0,0x402c08,0x58
sub_00402C08,0x402c08,0x402c30,0x28
sub_00402C30,0x402c30,0x402c80,0x50
sub_00402C80,0x402c80,0x402d50,0xd0
sub_00402D50,0x402d50,0x402d68,0x18
sub_00402D68,0x402d68,0x402d78,0x10
sub_00402D78,0x402d78,0x402d88,0x10
sub_00402D88,0x402d88,0x402e10,0x88
sub_00402E10,0x402e10,0x402f80,0x170
sub_00402F80,0x402f80,0x403098,0x118
sub_00403098,0x403098,0x4030e0,0x48
sub_004030E0,0x4030e0,0x403240,0x160
sub_00403240,0x403240,0x4032a8,0x68
sub_004032A8,0x4032a8,0x4032b8,0x10
sub_004032B8,0x4032b8,0x403338,0x80
sub_00403338,0x403338,0x403398,0x60
sub_00403398,0x403398,0x403460,0xc8
sub_00403460,0x403460,0x403470,0x10
sub_00403470,0x403470,0x4034a8,0x38
sub_004034A8,0x4034a8,0x403500,0x58
sub_00403500,0x403500,0x403600,0x100
sub_00403600,0x403600,0x403620,0x20
sub_00403620,0x403620,0x4039f0,0x3d0
sub_004039F0,0x4039f0,0x403ad0,0xe0
sub_00403AD0,0x403ad0,0x403bb0,0xe0
sub_00403BB0,0x403bb0,0x403ce0,0x130
sub_00403CE0,0x403ce0,0x403db0,0xd0
sub_00403DB0,0x403db0,0x403dd8,0x28
sub_00403DD8,0x403dd8,0x403e00,0x28
sub_00403E00,0x403e00,0x404050,0x250
sub_00404050,0x404050,0x404758,0x708
sub_00404758,0x404758,0x404b78,0x420
sub_00404B78,0x404b78,0x405b48,0xfd0
sub_00405B48,0x405b48,0x405b70,0x28
sub_00405B70,0x405b70,0x405e10,0x2a0
sub_00405E10,0x405e10,0x405e30,0x20
sub_00405E30,0x405e30,0x405fb8,0x188
sub_00405FB8,0x405fb8,0x4060c8,0x110
sub_004060C8,0x4060c8,0x4061e8,0x120
sub_004061E8,0x4061e8,0x406318,0x130
sub_00406318,0x406318,0x406510,0x1f8
sub_00406510,0x406510,0x4065d0,0xc0
sub_004065D0,0x4065d0,0x406a78,0x4a8
sub_00406A78,0x406a78,0x406b00,0x88
sub_00406B00,0x406b00,0x406ca0,0x1a0
sub_00406CA0,0x406ca0,0x406df0,0x150
sub_00406DF0,0x406df0,0x406e20,0x30
sub_00406E20,0x406e20,0x406ec8,0xa8
sub_00406EC8,0x406ec8,0x406f78,0xb0
sub_00406F78,0x406f78,0x4070f0,0x178
sub_004070F0,0x4070f0,0x4071f8,0x108
sub_004071F8,0x4071f8,0x4072e8,0xf0
sub_004072E8,0x4072e8,0x407438,0x150
sub_00407438,0x407438,0x4074b8,0x80
sub_004074B8,0x4074b8,0x407520,0x68
sub_00407520,0x407520,0x407630,0x110
sub_00407630,0x407630,0x4076f8,0xc8
sub_004076F8,0x4076f8,0x407a10,0x318
sub_00407A10,0x407a10,0x407ad0,0xc0
sub_00407AD0,0x407ad0,0x407b70,0xa0
sub_00407B70,0x407b70,0x407c38,0xc8
sub_00407C38,0x407c38,0x407d30,0xf8
sub_00407D30,0x407d30,0x407dc0,0x90
sub_00407DC0,0x407dc0,0x407e90,0xd0
sub_00407E90,0x407e90,0x407f20,0x90
sub_00407F20,0x407f20,0x4081d8,0x2b8
sub_004081D8,0x4081d8,0x408278,0xa0
sub_00408278,0x408278,0x408530,0x2b8
sub_00408530,0x408530,0x4086c0,0x190
sub_004086C0,0x4086c0,0x4087d0,0x110
sub_004087D0,0x4087d0,0x408988,0x1b8
sub_00408988,0x408988,0x408af8,0x170
sub_00408AF8,0x408af8,0x408b80,0x88
sub_00408B80,0x408b80,0x408ca8,0x128
sub_00408CA8,0x408ca8,0x408df0,0x148
sub_00408DF0,0x408df0,0x408fb0,0x1c0
sub_00408FB0,0x408fb0,0x409088,0xd8
sub_00409088,0x409088,0x409310,0x288
sub_00409310,0x409310,0x409388,0x78
sub_00409388,0x409388,0x409400,0x78
sub_00409400,0x409400,0x4094e8,0xe8
sub_004094E8,0x4094e8,0x409638,0x150
sub_00409638,0x409638,0x4096a0,0x68
sub_004096A0,0x4096a0,0x409708,0x68
sub_00409708,0x409708,0x409940,0x238
sub_00409940,0x409940,0x409b10,0x1d0
sub_00409B10,0x409b10,0x409b60,0x50
_lmcGetClientPtr_0x409b60,0x409b60,0x409b90,0x30
sub_00409B90,0x409b90,0x409c48,0xb8
sub_00409C48,0x409c48,0x409d10,0xc8
sub_00409D10,0x409d10,0x409e38,0x128
sub_00409E38,0x409e38,0x409e70,0x38
sub_00409E70,0x409e70,0x409f28,0xb8
sub_00409F28,0x409f28,0x40a000,0xd8
sub_0040A000,0x40a000,0x40a090,0x90
sub_0040A090,0x40a090,0x40a1a8,0x118
sub_0040A1A8,0x40a1a8,0x40a328,0x180
sub_0040A328,0x40a328,0x40a360,0x38
sub_0040A360,0x40a360,0x40a440,0xe0
sub_0040A440,0x40a440,0x40a498,0x58
sub_0040A498,0x40a498,0x40a618,0x180
sceMcUdCheckNewCard_0x40a618,0x40a618,0x40a688,0x70
sub_0040A688,0x40a688,0x40a7d0,0x148
sub_0040A7D0,0x40a7d0,0x40a858,0x88
sub_0040A858,0x40a858,0x40a998,0x140
sub_0040A998,0x40a998,0x40aa68,0xd0
sub_0040AA68,0x40aa68,0x40ab80,0x118
sub_0040AB80,0x40ab80,0x40ac38,0xb8
sub_0040AC38,0x40ac38,0x40ae00,0x1c8
sub_0040AE00,0x40ae00,0x40af58,0x158
sub_0040AF58,0x40af58,0x40b028,0xd0
sub_0040B028,0x40b028,0x40b130,0x108
sub_0040B130,0x40b130,0x40b1f8,0xc8
sub_0040B1F8,0x40b1f8,0x40b208,0x10
sub_0040B208,0x40b208,0x40b2b0,0xa8
sub_0040B2B0,0x40b2b0,0x40b400,0x150
sub_0040B400,0x40b400,0x40b5b0,0x1b0
sub_0040B5B0,0x40b5b0,0x40b6d0,0x120
sub_0040B6D0,0x40b6d0,0x40b938,0x268
sub_0040B938,0x40b938,0x40b9a8,0x70
sub_0040B9A8,0x40b9a8,0x40b9e8,0x40
sub_0040B9E8,0x40b9e8,0x40baa8,0xc0
sub_0040BAA8,0x40baa8,0x40bae8,0x40
sub_0040BAE8,0x40bae8,0x40bb38,0x50
sub_0040BB38,0x40bb38,0x40bba0,0x68
sub_0040BBA0,0x40bba0,0x40bc08,0x68
sub_0040BC08,0x40bc08,0x40bc70,0x68
sub_0040BC70,0x40bc70,0x40bca0,0x30
sub_0040BCA0,0x40bca0,0x40bcc0,0x20
sub_0040BCC0,0x40bcc0,0x40bef0,0x230
sub_0040BEF0,0x40bef0,0x40bf20,0x30
sub_0040BF20,0x40bf20,0x40bfd8,0xb8
sub_0040BFD8,0x40bfd8,0x40bfe0,0x8
sub_0040BFE0,0x40bfe0,0x40c028,0x48
sub_0040C028,0x40c028,0x40c220,0x1f8
sub_0040C220,0x40c220,0x40c2e8,0xc8
sub_0040C2E8,0x40c2e8,0x40c390,0xa8
sub_0040C390,0x40c390,0x40c550,0x1c0
sub_0040C550,0x40c550,0x40c628,0xd8
sub_0040C628,0x40c628,0x40c728,0x100
sub_0040C728,0x40c728,0x40c770,0x48
sub_0040C770,0x40c770,0x40c7c0,0x50
sub_0040C7C0,0x40c7c0,0x40c810,0x50
sub_0040C810,0x40c810,0x40c8b0,0xa0
sub_0040C8B0,0x40c8b0,0x40c8c0,0x10
sub_0040C8C0,0x40c8c0,0x40d010,0x750
sub_0040D010,0x40d010,0x40d040,0x30
sub_0040D040,0x40d040,0x40d0b0,0x70
sub_0040D0B0,0x40d0b0,0x40d118,0x68
sub_0040D118,0x40d118,0x40d268,0x150
sub_0040D268,0x40d268,0x40d3c0,0x158
sub_0040D3C0,0x40d3c0,0x40d430,0x70
sub_0040D430,0x40d430,0x40d4a0,0x70
sub_0040D4A0,0x40d4a0,0x40d588,0xe8
sub_0040D588,0x40d588,0x40d610,0x88
sub_0040D610,0x40d610,0x40d758,0x148
sub_0040D758,0x40d758,0x40d8d0,0x178
sub_0040D8D0,0x40d8d0,0x40da10,0x140
sub_0040DA10,0x40da10,0x40db58,0x148
sub_0040DB58,0x40db58,0x40e048,0x4f0
sub_0040E048,0x40e048,0x40e300,0x2b8
sub_0040E300,0x40e300,0x40e550,0x250
sub_0040E550,0x40e550,0x40e878,0x328
sub_0040E878,0x40e878,0x40ec58,0x3e0
sub_0040EC58,0x40ec58,0x40f5a8,0x950
sub_0040F5A8,0x40f5a8,0x40f840,0x298
sub_0040F840,0x40f840,0x40f878,0x38
sub_0040F878,0x40f878,0x40f8a0,0x28
sub_0040F8A0,0x40f8a0,0x40f8c0,0x20
sub_0040F8C0,0x40f8c0,0x40f8e8,0x28
sub_0040F8E8,0x40f8e8,0x40f9d0,0xe8
sub_0040F9D0,0x40f9d0,0x40f9f8,0x28
sub_0040F9F8,0x40f9f8,0x40fb58,0x160
sub_0040FB58,0x40fb58,0x40fb88,0x30
sub_0040FB88,0x40fb88,0x40fc90,0x108
sub_0040FC90,0x40fc90,0x40fcb0,0x20
sub_0040FCB0,0x40fcb0,0x4103a0,0x6f0
sub_004103A0,0x4103a0,0x4103b0,0x10
sub_004103B0,0x4103b0,0x410490,0xe0
sub_00410490,0x410490,0x410570,0xe0
sub_00410570,0x410570,0x410858,0x2e8
sub_00410858,0x410858,0x410930,0xd8
sub_00410930,0x410930,0x410a78,0x148
sub_00410A78,0x410a78,0x410b00,0x88
sub_00410B00,0x410b00,0x410b80,0x80
sub_00410B80,0x410b80,0x410c10,0x90
sub_00410C10,0x410c10,0x410c18,0x8
sub_00410C18,0x410c18,0x410f48,0x330
sub_00410F48,0x410f48,0x411310,0x3c8
sub_00411310,0x411310,0x411340,0x30
sub_00411340,0x411340,0x411438,0xf8
sub_00411438,0x411438,0x4114d0,0x98
sub_004114D0,0x4114d0,0x411530,0x60
sub_00411530,0x411530,0x411538,0x8
sub_00411538,0x411538,0x411b08,0x5d0
sub_00411B08,0x411b08,0x411c38,0x130
sub_00411C38,0x411c38,0x411cd8,0xa0
sub_00411CD8,0x411cd8,0x411f18,0x240
sub_00411F18,0x411f18,0x411f70,0x58
sub_00411F70,0x411f70,0x411fd8,0x68
sub_00411FD8,0x411fd8,0x412280,0x2a8
sub_00412280,0x412280,0x4123e8,0x168
sub_004123E8,0x4123e8,0x412500,0x118
sub_00412500,0x412500,0x412550,0x50
sub_00412550,0x412550,0x412608,0xb8
sub_00412608,0x412608,0x4126a0,0x98
sub_004126A0,0x4126a0,0x412778,0xd8
sub_00412778,0x412778,0x4127a8,0x30
sub_004127A8,0x4127a8,0x412800,0x58
sub_00412800,0x412800,0x412848,0x48
sub_00412848,0x412848,0x4128a8,0x60
sub_004128A8,0x4128a8,0x4128e0,0x38
sub_004128E0,0x4128e0,0x412908,0x28
sub_00412908,0x412908,0x412998,0x90
sub_00412998,0x412998,0x412a28,0x90
sub_00412A28,0x412a28,0x412af0,0xc8
sub_00412AF0,0x412af0,0x412e80,0x390
sub_00412E80,0x412e80,0x412ed0,0x50
sub_00412ED0,0x412ed0,0x412f00,0x30
sub_00412F00,0x412f00,0x412f18,0x18
sub_00412F18,0x412f18,0x412f58,0x40
sub_00412F58,0x412f58,0x413068,0x110
sub_00413068,0x413068,0x4130f8,0x90
sub_004130F8,0x4130f8,0x413748,0x650
sub_00413748,0x413748,0x4139f8,0x2b0
sub_004139F8,0x4139f8,0x413ac8,0xd0
sub_00413AC8,0x413ac8,0x413af8,0x30
sub_00413AF8,0x413af8,0x413b38,0x40
sub_00413B38,0x413b38,0x413b80,0x48
sub_00413B80,0x413b80,0x413bd0,0x50
sub_00413BD0,0x413bd0,0x413cd0,0x100
sub_00413CD0,0x413cd0,0x413f38,0x268
sub_00413F38,0x413f38,0x413f80,0x48
sub_00413F80,0x413f80,0x414008,0x88
sub_00414008,0x414008,0x414148,0x140
sub_00414148,0x414148,0x414230,0xe8
sub_00414230,0x414230,0x414338,0x108
sub_00414338,0x414338,0x414728,0x3f0
sub_00414728,0x414728,0x414780,0x58
sub_00414780,0x414780,0x414818,0x98
sub_00414818,0x414818,0x4149f0,0x1d8
sub_004149F0,0x4149f0,0x414b68,0x178
sub_00414B68,0x414b68,0x414b98,0x30
sub_00414B98,0x414b98,0x414bd8,0x40
sub_00414BD8,0x414bd8,0x414c00,0x28
sub_00414C00,0x414c00,0x414c20,0x20
sub_00414C20,0x414c20,0x415018,0x3f8
sub_00415018,0x415018,0x415068,0x50
sub_00415068,0x415068,0x4150b8,0x50
sub_004150B8,0x4150b8,0x4150d0,0x18
sub_004150D0,0x4150d0,0x415120,0x50
sub_00415120,0x415120,0x415150,0x30
sub_00415150,0x415150,0x415168,0x18
sub_00415168,0x415168,0x4151b8,0x50
sub_004151B8,0x4151b8,0x4151d8,0x20
sub_004151D8,0x4151d8,0x4151e0,0x8
sub_004151E0,0x4151e0,0x4151f8,0x18
sub_004151F8,0x4151f8,0x415238,0x40
sub_00415238,0x415238,0x415260,0x28
sub_00415260,0x415260,0x415728,0x4c8
sub_00415728,0x415728,0x415778,0x50
sub_00415778,0x415778,0x415798,0x20
sub_00415798,0x415798,0x415840,0xa8
sub_00415840,0x415840,0x4158f0,0xb0
sub_004158F0,0x4158f0,0x415ca8,0x3b8
sub_00415CA8,0x415ca8,0x415cf8,0x50
sub_00415CF8,0x415cf8,0x415d18,0x20
sub_00415D18,0x415d18,0x415d68,0x50
sub_00415D68,0x415d68,0x415d88,0x20
sub_00415D88,0x415d88,0x415dd8,0x50
sub_00415DD8,0x415dd8,0x415df8,0x20
sub_00415DF8,0x415df8,0x415e48,0x50
sub_00415E48,0x415e48,0x415e68,0x20
sub_00415E68,0x415e68,0x415eb8,0x50
sub_00415EB8,0x415eb8,0x415ed8,0x20
sub_00415ED8,0x415ed8,0x415f28,0x50
sub_00415F28,0x415f28,0x415f48,0x20
sub_00415F48,0x415f48,0x415f98,0x50
sub_00415F98,0x415f98,0x415fb8,0x20
sub_00415FB8,0x415fb8,0x415fc8,0x10
sub_00415FC8,0x415fc8,0x41605c,0x94
sub_0041605C,0x41605c,0x41610c,0xb0
sub_0041610C,0x41610c,0x416210,0x104
sub_00416210,0x416210,0x4162d0,0xc0
sub_004162D0,0x4162d0,0x416404,0x134
sub_00416404,0x416404,0x4165a8,0x1a4
sub_004165A8,0x4165a8,0x4166f4,0x14c
sub_004166F4,0x4166f4,0x416810,0x11c
sub_00416810,0x416810,0x416958,0x148
sub_00416958,0x416958,0x416b18,0x1c0
sub_00416B18,0x416b18,0x416ce0,0x1c8
sub_00416CE0,0x416ce0,0x416eb0,0x1d0
sub_00416EB0,0x416eb0,0x416fc0,0x110
sub_00416FC0,0x416fc0,0x416fe0,0x20
sub_00416FE0,0x416fe0,0x417008,0x28
sub_00417008,0x417008,0x417418,0x410
sub_00417418,0x417418,0x4174b0,0x98
sub_004174B0,0x4174b0,0x4175c8,0x118
sub_004175C8,0x4175c8,0x417628,0x60
sub_00417628,0x417628,0x417648,0x20
sub_00417648,0x417648,0x417828,0x1e0
sub_00417828,0x417828,0x4178a8,0x80
sub_004178A8,0x4178a8,0x4178b0,0x8
sub_004178B0,0x4178b0,0x417948,0x98
sub_00417948,0x417948,0x4179b0,0x68
sub_004179B0,0x4179b0,0x417a30,0x80
sub_00417A30,0x417a30,0x417a98,0x68
sub_00417A98,0x417a98,0x417ab8,0x20
sub_00417AB8,0x417ab8,0x4185d0,0xb18
sub_004185D0,0x4185d0,0x4186c8,0xf8
sub_004186C8,0x4186c8,0x418790,0xc8
sub_00418790,0x418790,0x4187a0,0x10
sub_004187A0,0x4187a0,0x4187c0,0x20
sub_004187C0,0x4187c0,0x4187e8,0x28
sub_004187E8,0x4187e8,0x4188c0,0xd8
sub_004188C0,0x4188c0,0x418910,0x50
sub_00418910,0x418910,0x418958,0x48
sub_00418958,0x418958,0x418ca8,0x350
sub_00418CA8,0x418ca8,0x418d08,0x60
sub_00418D08,0x418d08,0x418d48,0x40
sub_00418D48,0x418d48,0x418df8,0xb0
sub_00418DF8,0x418df8,0x418e68,0x70
sub_00418E68,0x418e68,0x418ef8,0x90
sub_00418EF8,0x418ef8,0x4198d8,0x9e0
sub_004198D8,0x4198d8,0x41a7e8,0xf10
sub_0041A7E8,0x41a7e8,0x41a840,0x58
sub_0041A840,0x41a840,0x41aa50,0x210
sub_0041AA50,0x41aa50,0x41aa88,0x38
sub_0041AA88,0x41aa88,0x41ab08,0x80
sub_0041AB08,0x41ab08,0x41ab78,0x70
sub_0041AB78,0x41ab78,0x41ac40,0xc8
sub_0041AC40,0x41ac40,0x41acc0,0x80
sub_0041ACC0,0x41acc0,0x41ad10,0x50
sub_0041AD10,0x41ad10,0x41ad80,0x70
sub_0041AD80,0x41ad80,0x41ae00,0x80
sub_0041AE00,0x41ae00,0x41ae70,0x70
sub_0041AE70,0x41ae70,0x41aee8,0x78
sub_0041AEE8,0x41aee8,0x41af88,0xa0
sub_0041AF88,0x41af88,0x41b550,0x5c8
sub_0041B550,0x41b550,0x41b658,0x108
sub_0041B658,0x41b658,0x41b728,0xd0
sub_0041B728,0x41b728,0x41c788,0x1060
sub_0041C788,0x41c788,0x41c938,0x1b0
sub_0041C938,0x41c938,0x41ca70,0x138
sub_0041CA70,0x41ca70,0x41d990,0xf20
sub_0041D990,0x41d990,0x41dbf8,0x268
sub_0041DBF8,0x41dbf8,0x41e340,0x748
sub_0041E340,0x41e340,0x41e638,0x2f8
sub_0041E638,0x41e638,0x41e7a8,0x170
sub_0041E7A8,0x41e7a8,0x41e9e0,0x238
sub_0041E9E0,0x41e9e0,0x41ea18,0x38
sub_0041EA18,0x41ea18,0x41ea38,0x20
sub_0041EA38,0x41ea38,0x41ec08,0x1d0
sub_0041EC08,0x41ec08,0x41ec48,0x40
sub_0041EC48,0x41ec48,0x41ec70,0x28
sub_0041EC70,0x41ec70,0x41ed60,0xf0
sub_0041ED60,0x41ed60,0x41ef50,0x1f0
sub_0041EF50,0x41ef50,0x41f3a8,0x458
sub_0041F3A8,0x41f3a8,0x41f9d8,0x630
sub_0041F9D8,0x41f9d8,0x41fb98,0x1c0
sub_0041FB98,0x41fb98,0x41fbf0,0x58
sub_0041FBF0,0x41fbf0,0x41fc50,0x60
sub_0041FC50,0x41fc50,0x41fcb0,0x60
sub_0041FCB0,0x41fcb0,0x41fd10,0x60
sub_0041FD10,0x41fd10,0x41fd70,0x60
sub_0041FD70,0x41fd70,0x41fdd0,0x60
sub_0041FDD0,0x41fdd0,0x41fe30,0x60
sub_0041FE30,0x41fe30,0x41ff40,0x110
sub_0041FF40,0x41ff40,0x41ff98,0x58
sub_0041FF98,0x41ff98,0x420010,0x78
sub_00420010,0x420010,0x4200f0,0xe0
sub_004200F0,0x4200f0,0x420180,0x90
sub_00420180,0x420180,0x420228,0xa8
sub_00420228,0x420228,0x420260,0x38
sub_00420260,0x420260,0x420378,0x118
sub_00420378,0x420378,0x420510,0x198
sub_00420510,0x420510,0x4205b8,0xa8
sub_004205B8,0x4205b8,0x4205f0,0x38
sub_004205F0,0x4205f0,0x4206f8,0x108
sub_004206F8,0x4206f8,0x420830,0x138
sub_00420830,0x420830,0x4208b8,0x88
sub_004208B8,0x4208b8,0x420978,0xc0
sub_00420978,0x420978,0x4209b0,0x38
sub_004209B0,0x4209b0,0x420bc8,0x218
sub_00420BC8,0x420bc8,0x420cc8,0x100
sub_00420CC8,0x420cc8,0x420e28,0x160
sub_00420E28,0x420e28,0x420e90,0x68
sub_00420E90,0x420e90,0x421020,0x190
sub_00421020,0x421020,0x4210e8,0xc8
sub_004210E8,0x4210e8,0x421280,0x198
sub_00421280,0x421280,0x421400,0x180
sub_00421400,0x421400,0x4214c0,0xc0
sub_004214C0,0x4214c0,0x421530,0x70
sub_00421530,0x421530,0x4216e8,0x1b8
sub_004216E8,0x4216e8,0x4218d8,0x1f0
sub_004218D8,0x4218d8,0x421a50,0x178
sub_00421A50,0x421a50,0x421b98,0x148
sub_00421B98,0x421b98,0x421f20,0x388
sub_00421F20,0x421f20,0x4224a0,0x580
sub_004224A0,0x4224a0,0x422560,0xc0
sub_00422560,0x422560,0x422780,0x220
sub_00422780,0x422780,0x4239a0,0x1220
sub_004239A0,0x4239a0,0x4239f0,0x50
sub_004239F0,0x4239f0,0x423a50,0x60
sub_00423A50,0x423a50,0x423a60,0x10
sub_00423A60,0x423a60,0x423a80,0x20
sub_00423A80,0x423a80,0x423a90,0x10
sub_00423A90,0x423a90,0x423aa0,0x10
sub_00423AA0,0x423aa0,0x423ab0,0x10
sub_00423AB0,0x423ab0,0x423ac0,0x10
sub_00423AC0,0x423ac0,0x423ad0,0x10
sub_00423AD0,0x423ad0,0x423ae0,0x10
sub_00423AE0,0x423ae0,0x423af0,0x10
sub_00423AF0,0x423af0,0x423b00,0x10
sub_00423B00,0x423b00,0x423b10,0x10
sub_00423B10,0x423b10,0x423b20,0x10
sub_00423B20,0x423b20,0x423b30,0x10
sub_00423B30,0x423b30,0x423b40,0x10
sub_00423B40,0x423b40,0x423b50,0x10
sub_00423B50,0x423b50,0x423b60,0x10
sub_00423B60,0x423b60,0x423b70,0x10
sub_00423B70,0x423b70,0x423b80,0x10
sub_00423B80,0x423b80,0x423ba0,0x20
sub_00423BA0,0x423ba0,0x423bb0,0x10
sub_00423BB0,0x423bb0,0x423bc0,0x10
sub_00423BC0,0x423bc0,0x423be0,0x20
sub_00423BE0,0x423be0,0x423bf0,0x10
sub_00423BF0,0x423bf0,0x423c00,0x10
sub_00423C00,0x423c00,0x423c30,0x30
sub_00423C30,0x423c30,0x423c40,0x10
sub_00423C40,0x423c40,0x423c50,0x10
sub_00423C50,0x423c50,0x423c90,0x40
sub_00423C90,0x423c90,0x423ca0,0x10
sub_00423CA0,0x423ca0,0x423cb0,0x10
sub_00423CB0,0x423cb0,0x423cc0,0x10
sub_00423CC0,0x423cc0,0x423cd0,0x10
sub_00423CD0,0x423cd0,0x423ce0,0x10
sub_00423CE0,0x423ce0,0x423d10,0x30
sub_00423D10,0x423d10,0x423d20,0x10
sub_00423D20,0x423d20,0x423d80,0x60
sub_00423D80,0x423d80,0x423da0,0x20
sub_00423DA0,0x423da0,0x423db0,0x10
sub_00423DB0,0x423db0,0x423dc0,0x10
sub_00423DC0,0x423dc0,0x423dd0,0x10
sub_00423DD0,0x423dd0,0x423de0,0x10
sub_00423DE0,0x423de0,0x423df0,0x10
sub_00423DF0,0x423df0,0x423e40,0x50
sub_00423E40,0x423e40,0x423e50,0x10
sub_00423E50,0x423e50,0x424020,0x1d0
sub_00424020,0x424020,0x424050,0x30
sub_00424050,0x424050,0x424070,0x20
sub_00424070,0x424070,0x4240b0,0x40
sub_004240B0,0x4240b0,0x4240e0,0x30
sub_004240E0,0x4240e0,0x424110,0x30
sub_00424110,0x424110,0x424140,0x30
sub_00424140,0x424140,0x424150,0x10
sub_00424150,0x424150,0x424160,0x10
sub_00424160,0x424160,0x424170,0x10
sub_00424170,0x424170,0x424180,0x10
sub_00424180,0x424180,0x424190,0x10
sub_00424190,0x424190,0x4241a0,0x10
sub_004241A0,0x4241a0,0x4241b0,0x10
sub_004241B0,0x4241b0,0x4241d0,0x20
sub_004241D0,0x4241d0,0x424200,0x30
sub_00424200,0x424200,0x424210,0x10
sub_00424210,0x424210,0x424220,0x10
sub_00424220,0x424220,0x424368,0x148
sub_00424368,0x424368,0x4243e8,0x80
sub_004243E8,0x4243e8,0x424460,0x78
sub_00424460,0x424460,0x424488,0x28
sub_00424488,0x424488,0x424498,0x10
sub_00424498,0x424498,0x4244a0,0x8
sub_004244A0,0x4244a0,0x424558,0xb8
sub_00424558,0x424558,0x4245a0,0x48
sub_004245A0,0x4245a0,0x4245f0,0x50
sub_004245F0,0x4245f0,0x424698,0xa8
sub_00424698,0x424698,0x424730,0x98
sub_00424730,0x424730,0x4247d8,0xa8
sub_004247D8,0x4247d8,0x424880,0xa8
sub_00424880,0x424880,0x4248e8,0x68
sub_004248E8,0x4248e8,0x424950,0x68
sub_00424950,0x424950,0x4249b8,0x68
sub_004249B8,0x4249b8,0x424aa0,0xe8
sub_00424AA0,0x424aa0,0x424b78,0xd8
sub_00424B78,0x424b78,0x424c50,0xd8
sub_00424C50,0x424c50,0x424ce8,0x98
sub_00424CE8,0x424ce8,0x424d68,0x80
iSuspendThread_0x424d68,0x424d68,0x424e00,0x98
sub_00424E00,0x424e00,0x424e28,0x28
sub_00424E28,0x424e28,0x424e68,0x40
sub_00424E68,0x424e68,0x424ea8,0x40
sub_00424EA8,0x424ea8,0x425040,0x198
sub_00425040,0x425040,0x425190,0x150
sub_00425190,0x425190,0x425260,0xd0
sub_00425260,0x425260,0x425320,0xc0
sub_00425320,0x425320,0x425358,0x38
sub_00425358,0x425358,0x425408,0xb0
sub_00425408,0x425408,0x425440,0x38
sub_00425440,0x425440,0x4254d0,0x90
sub_004254D0,0x4254d0,0x425638,0x168
sub_00425638,0x425638,0x425c28,0x5f0
sub_00425C28,0x425c28,0x425c60,0x38
sub_00425C60,0x425c60,0x425cc0,0x60
sub_00425CC0,0x425cc0,0x425cf0,0x30
sub_00425CF0,0x425cf0,0x425d38,0x48
sub_00425D38,0x425d38,0x425fb8,0x280
sub_00425FB8,0x425fb8,0x425ff0,0x38
sub_00425FF0,0x425ff0,0x426020,0x30
sub_00426020,0x426020,0x426050,0x30
sub_00426050,0x426050,0x426078,0x28
sub_00426078,0x426078,0x4261b0,0x138
sub_004261B0,0x4261b0,0x4261f0,0x40
sub_004261F0,0x4261f0,0x426358,0x168
sub_00426358,0x426358,0x426408,0xb0
sub_00426408,0x426408,0x4265a8,0x1a0
sub_004265A8,0x4265a8,0x4265d0,0x28
sub_004265D0,0x4265d0,0x426678,0xa8
sub_00426678,0x426678,0x426698,0x20
sub_00426698,0x426698,0x4266c8,0x30
sub_004266C8,0x4266c8,0x426708,0x40
_request_end_0x426708,0x426708,0x4267c0,0xb8
_alarm_rdata_0x4267c0,0x4267c0,0x426820,0x60
_request_rdata_0x426820,0x426820,0x4268f0,0xd0
sub_004268F0,0x4268f0,0x426a48,0x158
sub_00426A48,0x426a48,0x426a98,0x50
sub_00426A98,0x426a98,0x426b48,0xb0
sub_00426B48,0x426b48,0x426c88,0x140
_request_call_0x426c88,0x426c88,0x426d18,0x90
sub_00426D18,0x426d18,0x426f08,0x1f0
sub_00426F08,0x426f08,0x426f48,0x40
sub_00426F48,0x426f48,0x426fe0,0x98
sub_00426FE0,0x426fe0,0x4270b0,0xd0
sub_004270B0,0x4270b0,0x427148,0x98
sub_00427148,0x427148,0x4271d8,0x90
sub_004271D8,0x4271d8,0x427230,0x58
sub_00427230,0x427230,0x4273f8,0x1c8
sub_004273F8,0x4273f8,0x427438,0x40
sub_00427438,0x427438,0x427498,0x60
sub_00427498,0x427498,0x427520,0x88
sub_00427520,0x427520,0x427938,0x418
sub_00427938,0x427938,0x427988,0x50
sub_00427988,0x427988,0x4279b8,0x30
sub_004279B8,0x4279b8,0x427a90,0xd8
sub_00427A90,0x427a90,0x427c98,0x208
sub_00427C98,0x427c98,0x427d28,0x90
sub_00427D28,0x427d28,0x427d60,0x38
sub_00427D60,0x427d60,0x427fe8,0x288
sub_00427FE8,0x427fe8,0x428168,0x180
sub_00428168,0x428168,0x4283a0,0x238
sub_004283A0,0x4283a0,0x428600,0x260
sub_00428600,0x428600,0x4288c0,0x2c0
sub_004288C0,0x4288c0,0x428c38,0x378
sceIoctl2_0x428c38,0x428c38,0x428e18,0x1e0
sub_00428E18,0x428e18,0x42a538,0x1720
sub_0042A538,0x42a538,0x42ab18,0x5e0
sub_0042AB18,0x42ab18,0x42aba0,0x88
sub_0042ABA0,0x42aba0,0x42ac10,0x70
sub_0042AC10,0x42ac10,0x42ac90,0x80
sub_0042AC90,0x42ac90,0x42ad08,0x78
sub_0042AD08,0x42ad08,0x42b068,0x360
sub_0042B068,0x42b068,0x42b168,0x100
sub_0042B168,0x42b168,0x42b230,0xc8
sub_0042B230,0x42b230,0x42b438,0x208
sub_0042B438,0x42b438,0x42b640,0x208
sub_0042B640,0x42b640,0x42b6d0,0x90
sub_0042B6D0,0x42b6d0,0x42b840,0x170
sub_0042B840,0x42b840,0x42ba68,0x228
sub_0042BA68,0x42ba68,0x42baa8,0x40
sub_0042BAA8,0x42baa8,0x42bbd0,0x128
sub_0042BBD0,0x42bbd0,0x42bbf8,0x28
sub_0042BBF8,0x42bbf8,0x42bce8,0xf0
sub_0042BCE8,0x42bce8,0x42bdc8,0xe0
sub_0042BDC8,0x42bdc8,0x42bf08,0x140
sub_0042BF08,0x42bf08,0x42bf30,0x28
sub_0042BF30,0x42bf30,0x42bf68,0x38
sub_0042BF68,0x42bf68,0x42c078,0x110
sub_0042C078,0x42c078,0x42c0c0,0x48
sub_0042C0C0,0x42c0c0,0x42c0d8,0x18
sub_0042C0D8,0x42c0d8,0x42c120,0x48
sub_0042C120,0x42c120,0x42c130,0x10
sub_0042C130,0x42c130,0x42c168,0x38
sub_0042C168,0x42c168,0x42c1a8,0x40
sub_0042C1A8,0x42c1a8,0x42c1f0,0x48
InitSystemCallTableAddress_0x42c1f0,0x42c1f0,0x42c2f0,0x100
sub_0042C1F0,0x42c1f0,0x42c2f0,0x100
sub_0042C2F0,0x42c2f0,0x42c300,0x10
sub_0042C300,0x42c300,0x42c340,0x40
sub_0042C340,0x42c340,0x42c350,0x10
sub_0042C350,0x42c350,0x42c360,0x10
sub_0042C360,0x42c360,0x42c398,0x38
sub_0042C398,0x42c398,0x42c3a8,0x10
sub_0042C3A8,0x42c3a8,0x42c410,0x68
sub_0042C410,0x42c410,0x42c4c0,0xb0
sub_0042C4C0,0x42c4c0,0x42c4d0,0x10
sub_0042C4D0,0x42c4d0,0x42c500,0x30
sub_0042C500,0x42c500,0x42c510,0x10
sub_0042C510,0x42c510,0x42c628,0x118
sub_0042C628,0x42c628,0x42c6a0,0x78
sub_0042C6A0,0x42c6a0,0x42c6e8,0x48
sub_0042C6E8,0x42c6e8,0x42c760,0x78
sub_0042C760,0x42c760,0x42c770,0x10
sub_0042C770,0x42c770,0x42c780,0x10
sub_0042C780,0x42c780,0x42c7b8,0x38
sub_0042C7B8,0x42c7b8,0x42c7c8,0x10
sub_0042C7C8,0x42c7c8,0x42c8a0,0xd8
sub_0042C8A0,0x42c8a0,0x42c8e8,0x48
sub_0042C8E8,0x42c8e8,0x42c910,0x28
sub_0042C910,0x42c910,0x42c940,0x30
sub_0042C940,0x42c940,0x42c968,0x28
sub_0042C968,0x42c968,0x42c9a0,0x38
sub_0042C9A0,0x42c9a0,0x42c9d8,0x38
sub_0042C9D8,0x42c9d8,0x42ca08,0x30
sub_0042CA08,0x42ca08,0x42ca30,0x28
sub_0042CA30,0x42ca30,0x42ca58,0x28
sub_0042CA58,0x42ca58,0x42cb68,0x110
sub_0042CB68,0x42cb68,0x42cb78,0x10
sub_0042CB78,0x42cb78,0x42cbb0,0x38
sub_0042CBB0,0x42cbb0,0x42cbc0,0x10
sub_0042CBC0,0x42cbc0,0x42ccb8,0xf8
sub_0042CCB8,0x42ccb8,0x42cd98,0xe0
sub_0042CD98,0x42cd98,0x42d320,0x588
sub_0042D320,0x42d320,0x42d380,0x60
sub_0042D380,0x42d380,0x42d470,0xf0
sub_0042D470,0x42d470,0x42dad8,0x668
sub_0042DAD8,0x42dad8,0x42e020,0x548
sub_0042E508,0x42e508,0x42e588,0x80
