POLL t=10.3 tick=348
8333333
402464994114175	402465008264122	402464994418550
402465021905894	402465032902925	402465022208342
402465022265842	402465041115893	402465022426883
402465051970060	402465065755268	402465052239331
402465081129435	402465098605685	402465081435060
402465081370269	402465106818029	402465081438550
402465110858862	402465123244174	402465111125998
402465140387456	402465156090945	402465140668966
402465140688550	402465164301987	402465140746623
402465169472769	402465180726934	402465169769331
402465198178081	402465213577195	402465198447404
402465198469591	402465221790111	402465198586414
402465227879175	402465238214643	402465228166466
402465256998550	402465271062664	402465257317456
402465257187612	402465279276674	402465257327873
402465286096779	402465303918653	402465286485998
402465315393237	402465328554486	402465315694487
402465315624331	402465336767247	402465315711466
402465344304904	402465361403029	402465344582925
402465373544591	402465386039331	402465373851831
402465373793081	402465394251414	402465373852560
402465403499643	402465418885268	402465403804331
402465433451779	402465451739122	402465433738185
402465433671675	402465459953653	402465433743810
402465463794435	402465476380788	402465464104800
402465493420268	402465509234330	402465493704800
402465493618654	402465517448601	402465493709279
402465522454904	402465533874122	402465522725581
402465551480060	402465566729852	402465551763550
402465551688081	402465574942820	402465551768498
402465580654123	402465591370633	402465580935737
402465610563550	402465624218653	402465610895425
402465610831362	402465632432403	402465610899487
402465639873966	402465657071726	402465640197039
402465669302768	402465681713028	402465669603393
402465669485060	402465689926830	402465669607456
402465698650112	402465714570007	402465698938550
402465728827925	402465739207924	402465729130529
402465729049487	402465747419539	402465729140893
402465757675737	402465772059174	402465757948341
402465786675581	402465804914227	402465786977143
402465787045425	402465813127300	402465787139956
402465816270529	402465829553550	402465816512716
402465845638862	402465862407872	402465845919591
402465845931050	402465870621518	402465846016518
402465876186675	402465887047351	402465876470893
402465906656987	402465919898289	402465906962925
402465906843237	402465928110476	402465906969643
402465935714018	402465952747924	402465935999174
402465965710581	402465977385997	402465966009956
402465965916622	402465985598445	402465966015737
402465995569279	402466010238184	402465995852612
402466024831518	402466034875997	402466025122872
402466025047560	402466043087663	402466025123549
402466054104018	402466067724903	402466054403706
402466083446362	402466100579747	402466083734331
402466083664487	402466108794590	402466083741518
402466113130372	402466125220476	402466113428862
402466144688393	402466158065372	402466144995737
402466144972247	402466166277038	402466145064174
402466173541466	402466190918497	402466173821831
402466204220268	402466215559643	402466204477247
402466204536049	402466223773705	402466204642924
402466235000893	402466248411986	402466235302612
402466265325268	402466281262976	402466265633862
402466265566049	402466289475059	402466265646049
402466295255737	402466305898810	402466295551206
402466325120893	402466338748861	402466325435737
402466325339018	402466346960163	402466325439799
402466354807924	402466371597508	402466355091310
402466385243393	402466396235684	402466385547143
402466385469278	402466404449694	402466385554799
402466414866518	402466429093236	402466415154122
402466445666518	402466461949226	402466445941518
402466445952299	402466470163237	402466446048393
402466479256935	402466494806518	402466479524591
402466479462456	402466503020789	402466479533237
402466508672924	402466519444851	402466508951674
402466538732143	402466552295319	402466539039174
402466538959331	402466560508653	402466539040372
402466568273705	402466585150685	402466568573185
402466598124955	402466609796673	402466598422143
402466598454330	402466618010163	402466598530112
402466628303080	402466642652038	402466628582924
402466657320268	402466667296101	402466657615841
402466657554747	402466675510215	402466657626830
402466688395841	402466700153705	402466688860580
402466720062143	402466733010059	402466720276987
402466720356153	402466741223601	402466720448862
402466754005737	402466765865789	402466754301205
402466754287143	402466774077559	402466754378705
402466786388810	402466798717715	402466786664591
402466787587091	402466806931465	402466787890268
402466818837091	402466831571257	402466819107768
402466820913549	402466839784903	402466821192403
402466851096987	402466864421414	402466851374435
402466883133810	402466897274903	402466883413862
402466883498497	402466905487975	402466883578705
402466915283497	402466930127090	402466915559174
402466916689018	402466938339799	402466916974018
402466945800424	402466962977976	402466946132924
402466977255424	402466995826882	402466977536987
402466977567299	402467004040216	402466977629903
402467007905268	402467020464434	402467008186049
402467040275528	402467053314069	402467040552143
402467040539903	402467061524903	402467040626987
402467071197872	402467086159850	402467071476153
402467102507924	402467119011309	402467102802716
402467102790424	402467127222611	402467102882872
402467134236987	402467151857090	402467134518862
402467136199018	402467160068028	402467136488549
402467166272768	402467176490945	402467166552768
402467195782924	402467209337194	402467196221049
402467196067455	402467217551465	402467196229018
402467226545580	402467242189642	402467226841466
402467255944955	402467266825580	402467256240997
402467256236049	402467275038444	402467256315684
402467286926830	402467299677038	402467287225268
402467316184799	402467332527090	402467316422455
402467316430580	402467340738340	402467316523861
402467346682611	402467357161152	402467346983809
402467376424799	402467390006361	402467376743393
402467376618236	402467398218809	402467376747299
402467406943705	402467422853601	402467407223080
402467437211361	402467447489850	402467437504330
402467437500736	402467455701048	402467437566205
402467467971674	402467480336465	402467468259434

POLL t=21.5 tick=690
8333333
402476055398858	402476071918858	402476055797556
402476109092139	402476121207347	402476109393494
402476109385733	402476129421930	402476109481202
402476140611358	402476154067295	402476141015212
402476142696514	402476162282087	402476143027608
402476159447244	402476170496202	402476159763077
402476200241514	402476211558076	402476200465681
402476225778233	402476236198597	402476226147608
402476226235889	402476244413701	402476226326618
402476254435212	402476269057555	402476254666462
402476259462243	402476277272243	402476259755733
402476291488858	402476310130525	402476291759639
402476317765421	402476334777399	402476318002243
402476318187556	402476342991827	402476318272400
402476334980889	402476351206253	402476335186827
402476380251046	402476392276149	402476380534483
402476380594275	402476400489430	402476380699743
402476410936983	402476425130472	402476411249900
402476440193181	402476457986722	402476440454014
402476440569170	402476466201410	402476440656931
402476457214952	402476474416618	402476457567712
402476502904014	402476515489535	402476503168650
402476503296775	402476523705524	402476503379170
402476531697608	402476548348441	402476532031514
402476536589327	402476556563128	402476536925108
402476568690889	402476581205212	402476569005108
402476595721045	402476614061097	402476595874170
402476596381358	402476622274274	402476596751358
402476613075420	402476630489482	402476613342920
402476657607868	402476671564378	402476657891670
402476682645056	402476696210212	402476682936358
402476683041775	402476704424743	402476683153389
402476713393389	402476729070837	402476713662764
402476716414118	402476737286514	402476716675525
402476747724327	402476761931045	402476748054483
402476775257243	402476786571774	402476775522920
402476775540837	402476794786305	402476775669795
402476792414014	402476803000628	402476792729952
402476836860577	402476852287972	402476837131045
402476862935264	402476876934431	402476863247920
402476863430108	402476885149430	402476863545420
402476893672452	402476909795680	402476893924431
402476922405368	402476934442555	402476922681358
402476922846202	402476942656930	402476922926670
402476939481827	402476950870420	402476939805212
402476983938962	402477000155107	402476984181827
402476984638806	402477008368441	402476984963233
402477001344014	402477016581826	402477001623181
402477047309118	402477057651097	402477047583077
402477047732243	402477065864169	402477047820368
402477076222712	402477090504014	402477076511774
402477081107399	402477098718441	402477081391045
402477113566670	402477131576878	402477113854951
402477139787451	402477156222763	402477140049431
402477140174170	402477164438388	402477140273181
402477156844274	402477172654899	402477157233181
402477202263233	402477213731774	402477202500889
402477202708649	402477221946097	402477202809431
402477232511931	402477246587607	402477232689118
402477260458701	402477271229899	402477260858389
402477260967295	402477279442451	402477261054899
402477277526774	402477287657087	402477277795264
402477322798181	402477336955003	402477323104326
402477323222139	402477345170785	402477323331201
402477353704170	402477369819378	402477354001670
402477356404118	402477378035420	402477356770212
402477388023024	402477402684743	402477388223962
402477389907087	402477410899534	402477390196618
402477419747920	402477435546878	402477419940681
402477448937764	402477460193233	402477449194951
402477449374639	402477468407920	402477449447608
402477466116670	402477476621826	402477466427295
402477510250420	402477525913649	402477510484743
402477536201670	402477550556201	402477536454587
402477536675420	402477558770836	402477536758545
402477567294483	402477583418180	402477567519639
402477596329639	402477608063805	402477596600524
402477596711618	402477616278492	402477596794795
402477613416045	402477624493076	402477613725524
402477655761670	402477673780368	402477656118805
402477683597920	402477698426201	402477683913076
402477684013701	402477706642086	402477684100108
402477700618493	402477714857815	402477700910680
402477749820576	402477764151201	402477750095420
402477776552607	402477788793909	402477776840889
402477776931514	402477797008597	402477777029118
402477806984639	402477821646618	402477807296982
402477836496930	402477854499117	402477836754899
402477836930576	402477862713596	402477837031982
402477853601357	402477870927086	402477853897920
402477897910264	402477912002294	402477898177451
402477924562607	402477936646200	402477924855889
402477925206305	402477944860732	402477925549482
402477954402920	402477969504638	402477954664170
402477958294951	402477977717659	402477958660732
402477990018857	402478002360263	402477990300837
402477991726514	402478010574638	402477992001201
402478021783076	402478035217242	402478022041774
402478051679430	402478068070680	402478051970576
402478052413857	402478076283024	402478052734951
402478069122920	402478084496565	402478069527555
402478113114014	402478125561045	402478113400212
402478139744482	402478150201513	402478140047607
402478140282555	402478158414898	402478140369951
402478156938701	402478174844742	402478157210889
402478201869326	402478215916773	402478202126357
402478227804170	402478240563284	402478228053701
402478228315576	402478248780420	402478228407295
402478259115420	402478273429117	402478259226982
402478288501305	402478306292451	402478288768389
402478288834639	402478314507294	402478288931670
402478305514482	402478322722034	402478305785680
402478346623232	402478363803545	402478346901514
402478371564899	402478388449794	402478371851045
402478371891930	402478396664638	402478371992243
402478400804951	402478413096721	402478401111826
402478405262868	402478421312555	402478405541357
402478436457138	402478454176356	402478436722711
402478438605055	402478462391669	402478438895211
402478468599013	402478478824481	402478468980211
402478471890888	402478487040888	402478472188493
402478501732607	402478511689742	402478502023961
402478531776513	402478544559951	402478532034013
402478532240888	402478552776148	402478532307243
402478548794795	402478560992451	402478549087763
402478591744013	402478602068805	402478592072399
402478618132920	402478634925940	402478618440107

POLL t=32.7 tick=940
8333333
402487540038697	402487556693280	402487540223697
402487540569114	402487564908906	402487540936979
402487557192916	402487573122604	402487557479479
402487590159635	402487605982030	402487590428802
402487590642135	402487614199999	402487590715677
402487607351510	402487622417759	402487607742604
402487624032291	402487638850156	402487624260572
402487661798958	402487679935833	402487662146666
402487690579635	402487704586926	402487690850260
402487691010572	402487712804218	402487691095260
402487707662604	402487721020363	402487708055104
402487724266197	402487737451717	402487724535989
402487740915989	402487753881457	402487741182083
402487780333541	402487794959374	402487780609635
402487780699895	402487803174947	402487780791197
402487810569947	402487827819530	402487810854114
402487813925677	402487836033958	402487814217083
402487830664791	402487844249843	402487830952447
402487864887604	402487877106509	402487865014791
402487865469947	402487885322135	402487865783645
402487897700833	402487909968801	402487898063697
402487898788541	402487918183957	402487899145729
402487915551979	402487926399322	402487915970052
402487932239739	402487942828384	402487932517916
402487967449270	402487983906510	402487967705104
402487968069166	402487992122708	402487968119635
402488001398541	402488016769946	402488001703229
402488001883854	402488024987394	402488002172135
402488018425104	402488033205103	402488018729947
402488035069791	402488049635676	402488035364426
402488051752916	402488066069009	402488052038176
402488091075676	402488107146874	402488091422604
402488091363176	402488115362551	402488091423697
402488133814010	402488148229321	402488134092604
402488134209583	402488156445363	402488134309010
402488150900051	402488164661770	402488151195572
402488184561510	402488197526353	402488184846041
402488184921666	402488205742603	402488185023020
402488201664322	402488213959894	402488201905885
402488238092135	402488255039114	402488238372447
402488238398697	402488263254738	402488238521666
402488272063541	402488287899999	402488272298228
402488272595572	402488296114947	402488272693541
402488289289895	402488304330155	402488289584322
402488321970728	402488337191978	402488322274114
402488322613020	402488345408280	402488322956822
402488339302603	402488353625155	402488339594478
402488356061197	402488370058905	402488356316041
402488393827760	402488411142239	402488393891510
402488421409322	402488435786614	402488421705572
402488421727760	402488444001248	402488421843958
402488438451353	402488452216197	402488438742395
402488455130103	402488468647239	402488455394166
402488471781978	402488485076926	402488472073489
402488510758228	402488526153697	402488511100676
402488510983385	402488534369061	402488511108228
402488541154791	402488559014010	402488541421978
402488544353697	402488567229010	402488544635728
402488561100208	402488575444478	402488561394322
402488593857395	402488608304791	402488594147760
402488594397916	402488616519791	402488594502291
402488611154114	402488624736040	402488611559947
402488627880260	402488641165259	402488628114947
402488665582447	402488682236145	402488665936197
402488665816614	402488690450832	402488665939010
402488695558228	402488706878593	402488695859426
402488699275728	402488715093384	402488699576197
402488716055103	402488731523175	402488716417760
402488750714947	402488764384217	402488751005572
402488751083072	402488772600832	402488751185520
402488782271353	402488797248957	402488782610364
402488784371666	402488805465103	402488784658176
402488801135832	402488813681666	402488801422916
402488817828957	402488830114947	402488818192551
402488851540884	402488862985363	402488851818176
402488851928072	402488871202551	402488852045103
402488868595884	402488879418957	402488868900572
402488885237603	402488895849686	402488885517447
402488924279582	402488936923279	402488924566197
402488951455676	402488969783540	402488951738332
402488951845832	402488977999946	402488951944114
402488968583072	402488986215988	402488968850416
402488985179322	402489002646614	402488985466666
402489001842291	402489019076717	402489002103332
402489040920207	402489051930102	402489041211770
402489071562759	402489084782082	402489071834478
402489071934634	402489092995519	402489072100572
402489088591353	402489101208956	402489088881509
402489105301197	402489117636717	402489105542447
402489121992134	402489134063956	402489122352447
402489161111509	402489175132030	402489161435728
402489161463228	402489183346769	402489161530364
402489196584426	402489207991249	402489196851666
402489197012134	402489216206769	402489197107447
402489213730259	402489224419478	402489214156457
402489230390572	402489240847498	402489230659634
402489268397603	402489281923593	402489268691509
402489268639114	402489290139478	402489268692291
402489302480572	402489314783176	402489302776041
402489302913645	402489322997342	402489303005416
402489319561301	402489331209842	402489319972603
402489336278228	402489347637915	402489336549478
402489374224791	402489388710519	402489374528541
402489374626041	402489396924478	402489374711666
402489406475259	402489421563228	402489406589947
402489408136301	402489429777654	402489408434791
402489438448541	402489454420207	402489438741197
402489469710416	402489487277707	402489469961978
402489470203645	402489495492394	402489470263072
402489486793541	402489503706405	402489487093801
402489530814634	402489544782759	402489531109426
402489531132082	402489552997967	402489531211301
402489562397290	402489577644269	402489562654790
402489564398540	402489585859112	402489564690832
402489581134478	402489594073228	402489581418645
402489627962759	402489643354738	402489628183228
402489654792603	402489667995675	402489655072082
402489656298332	402489676208853	402489656590363
402489696621301	402489709067967	402489696915103
402489697063957	402489717282655	402489697131197
402489713696197	402489725497186	402489714001978
402489755572447	402489766572498	402489755855572
402489782391457	402489799435103	402489782688801
402489782721301	402489807651665	402489782790832
402489814041978	402489832294529	402489814370259
402489816051353	402489840507967	402489816291665
402489832779947	9223372036854775807	402489833177395

POLL t=43.9 tick=1279
16666666
402498670864579	402498687695932	402498671154162
402498696893537	402498721025620	402498697166454
402498697358693	402498737692183	402498697453224
402498713981662	402498754360047	402498714266922
402498758832443	402498787691870	402498759109318
402498759256454	402498804358745	402498759366766
402498775910412	402498821024994	402498776211037
402498815618172	402498837688744	402498815904474
402498815987235	402498854349891	402498816108016
402498844825985	402498871010307	402498845127287
402498849315412	402498887674526	402498849589943
402498880213849	402498904337651	402498880512235
402498882637443	402498921003537	402498882947443
402498912491037	402498937664058	402498912783537
402498915984787	402498954328953	402498916241141
402498945808485	402498970990047	402498946110829
402498949280985	402498987653120	402498949572131
402498979809318	402499004316609	402498980129162
402498982646610	402499020979005	402498982936662
402499012283537	402499037643693	402499012572756
402499015955672	402499054309630	402499016299891
402499045953068	402499070974891	402499046235412
402499049351349	402499087638641	402499049625256
402499079491662	402499104304422	402499079790360
402499082653068	402499120967964	402499082932131
402499112120099	402499137633016	402499112379943
402499115973797	402499154296713	402499116235568
402499146178953	402499170959995	402499146447599
402499149322756	402499187620984	402499149604943
402499179174735	402499204283016	402499179468172
402499182627131	402499220947183	402499182909735
402499212541974	402499237614213	402499212840568
402499215998797	402499254280985	402499216289735
402499232743693	402499270947495	402499233033849
402499273132131	402499304277078	402499273434006
402499300594891	402499320941661	402499300735724
402499300863537	402499337604525	402499300989943
402499317721506	402499354267755	402499317993797
402499360441974	402499387600099	402499360712130
402499360818693	402499404264161	402499360907599
402499377547599	402499420927599	402499377829474
402499422040880	402499454261973	402499422336349
402499422561037	402499470928484	402499422641193
402499439702287	402499487596297	402499439971349
402499482461193	402499504262963	402499482787599
402499482901193	402499520931452	402499483007026
402499499500360	402499537600516	402499499912860
402499540023224	402499570935619	402499540250828
402499568275255	402499587603484	402499568447443
402499568715880	402499604269318	402499568820099
402499585474630	402499620934630	402499585767130
402499630105568	402499654266557	402499630408068
402499630514162	402499670932338	402499630611453
402499647185516	402499687596766	402499647483328
402499687908172	402499704265047	402499688298953
402499713597235	402499737598744	402499713894110
402499713982599	402499754265151	402499714074943
402499730651818	402499770933848	402499730946193
402499773189943	402499804274318	402499773481037
402499801033172	402499820946453	402499801325568
402499801426349	402499837618015	402499801531349
402499818243693	402499854288849	402499818486349
402499859575672	402499887621817	402499859900984
402499859956193	402499904289787	402499860054474
402499876655672	402499920960827	402499876955255
402499921515099	402499937632547	402499921808797
402499921839578	402499954305984	402499921963693
402499938552078	402499970977130	402499938877599
402499981673797	402500004315255	402499981959162
402499982054943	402500020983067	402499982170099
402499998766349	402500037650723	402499999174266
402500040548849	402500070991869	402500040857755
402500067036505	402500087663432	402500067318641
402500067417911	402500104335046	402500067531974
402500084172911	402500121005671	402500084456661
402500127500880	402500154346088	402500127643328
402500127954266	402500171019109	402500128335255
402500144739005	402500187692442	402500145054891
402500185004786	402500204364630	402500185345724
402500213183328	402500237711609	402500213492443
402500213765724	402500254383119	402500213843953
402500230532755	402500271054890	402500230838016
402500276936609	402500304400932	402500277210099
402500277433484	402500321070932	402500277517391
402500294090411	402500337742651	402500294493693
402500336936818	402500354413536	402500337226297
402500364138484	402500387754577	402500364509474
402500364546297	402500404428536	402500364688693
402500381370672	402500421101765	402500381609474
402500421493172	402500437773588	402500421770255
402500421789943	402500454443848	402500421901661
402500438461036	402500471115150	402500438728953
402500455182443	402500487786817	402500455436505
402500471894943	402500504455619	402500472169630
402500488554943	402500521126296	402500488803640
402500505198068	402500537795724	402500505552286
402500521848953	402500554464733	402500522109318
402500538567078	402500571133901	402500538828484
402500555221974	402500587803171	402500555477755
402500571921818	402500604467807	402500572140568
402500588552755	402500621131765	402500588818693
402500605222130	402500637797078	402500605574943
402500621847443	402500654464629	402500622108849
402500638524630	402500671130672	402500638781505
402500655186817	402500687796505	402500655446661
402500671866349	402500704463744	402500672125255
402500688530724	402500721134682	402500688789161
402500705201192	402500737803692	402500705572911
402500721885724	402500754470879	402500722136817
402500738571453	402500771136661	402500738823692
402500755193849	402500787801244	402500755456974
402500771908484	402500804466556	402500772128849
402500788553015	402500821132702	402500788806349
402500805208484	402500837798379	402500805602495
402500821865724	402500854464630	402500822135724
402500838512911	402500871130202	402500838772442
402500855236192	402500887796869	402500855496140
402500871878536	402500904462755	402500872128797
402500888557286	402500921125151	402500888817078
402500905135255	402500937785671	402500905496349
402500921851817	402500954448797	402500922107755
402500938562286	402500971112390	402500938822599
402500955249942	402500987775515	402500955503536
402500971886036	402501004439942	402500972118953
402500988476765	402501021105150	402500988748015
402501005214786	402501037769629	402501005578536
402501021899942	9223372036854775807	402501022164265

POLL t=55.0 tick=1585
16666666
402510042688220	402510070893741	402510042895720
402510046186501	402510087562699	402510046481345
402510062844001	402510104229939	402510063148324
402510079448793	402510120892387	402510079739106
402510096219731	402510137557491	402510096565720
402510112787908	402510154221658	402510113170512
402510129511033	402510170884521	402510129808168
402510146213220	402510187548168	402510146492439
402510162860251	402510204213793	402510163157439
402510179546918	402510220876240	402510191294314
402510210292908	402510237539886	402510210547283
402510212839783	402510254201605	402510213104418
402510229519262	402510270865615	402510229794783
402510246184314	402510287531813	402510246464106
402510262815564	402510304199574	402510263105980
402510279487439	402510320865460	402510279769730
402510296226033	402510337534053	402510296478845
402510312797751	402510354199261	402510313178168
402510329436189	402510370862594	402510329729783
402510346116137	402510387527699	402510346403793
402510362798949	402510404196084	402510369435980
402510393890824	402510420863480	402510394028480
402510396304262	402510437530095	402510396617908
402510412902126	402510454194730	402510413249158
402510429499314	402510470859730	402510429795095
402510446214158	402510487523948	402510446476345
402510462848845	402510504189990	402510463116970
402510479525720	402510520857647	402510479845199
402510496193168	402510537528115	402510496455199
402510512860355	402510554195407	402510513254366
402510529536814	402510570859938	402510529841657
402510546153845	402510587524053	402510548546814
402510576246657	402510604188532	402510576364782
402510579513376	402510620853011	402510579807074
402510596213064	402510637517334	402510596548064
402510612845980	402510654182698	402510613223637
402510629505407	402510670848636	402510629799157
402510646205355	402510687512178	402510646490512
402510662869887	402510704179730	402510663168532
402510679545199	402510720846605	402510679822595
402510696258793	402510737514366	402510696534001
402510712887074	402510754180199	402510713261137
402510729551970	402510770846136	402510736778220
402510759814574	402510787511084	402510760107074
402510762903064	402510804174990	402510763191501
402510779578949	402510820840199	402510779896032
402510796199314	402510837506761	402510796484939
402510812888376	402510854174469	402510813274001
402510829676814	402510870838689	402510829960564
402510846260876	402510887503063	402510846540720
402510862832387	402510904167698	402510863123949
402510879578480	402510920831865	402510879902126
402510896200095	402510937494886	402510896483324
402510912912699	402510954159261	402510918772282
402510942773220	402510970824157	402510942974157
402510946188376	402510987489938	402510946505876
402510962903845	402511004156344	402510963204470
402510979573480	402511020821865	402510979858793
402510996276449	402511037486917	402510996544314
402511012862751	402511054149000	402511013236761
402511029556501	402511070811761	402511029893480
402511046209157	402511087474730	402511046502282
402511062929157	402511104139938	402511063192699
402511079559105	402511120804573	402511079840407
402511096268064	402511137471188	402511099828064
402511127008949	402511154133845	402511127131345
402511129669314	402511170794781	402511129946761
402511146310876	402511187456501	402511146601449
402511162936293	402511204118375	402511163191188
402511179636657	402511220781709	402511179894938
402511196214001	402511237445406	402511196498011
402511212870980	402511254108740	402511213248636
402511229563793	402511270771449	402511229845668
402511246264261	402511287434730	402511246549418
402511262879886	402511304097490	402511263155563
402511279578220	402511320758427	402511286304938
402511310401813	402511337423532	402511310750095
402511313007699	402511354091761	402511313311136
402511329576188	402511370756188	402511329877438
402511346327595	402511387423063	402511346585043
402511362965251	402511404089313	402511363228949
402511379572855	402511420757698	402511379843168
402511396321293	402511437423845	402511396547699
402511413007751	402511454091761	402511413348532
402511429703845	402511470758636	402511429966501
402511446437699	402511487425667	402511446681345
402511462998793	402511504091292	402511469185563
402511493304261	402511520756761	402511493615043
402511496544626	402511537424678	402511496835095
402511513075511	402511554091656	402511513448532
402511529687855	402511570758271	402511529956501
402511546429782	402511587424209	402511546703532
402511562994938	402511604087022	402511563269313
402511579694626	402511620748844	402511579973792
402511596345407	402511637413532	402511596619626
402511613036188	402511654076344	402511613404886
402511629760407	402511670740251	402511629961032
402511646362907	402511687402178	402511655049001
402511676960824	402511704062906	402511677305095
402511679784313	402511720726448	402511680089157
402511696346657	402511737392125	402511696655720
402511713001188	402511754059573	402511713374730
402511729790563	402511770726605	402511729963949
402511746311136	402511787394938	402511746588376
402511762959626	402511804060563	402511763280563
402511779665095	402511820726812	402511779948063
402511796310876	402511837391865	402511796584938
402511813022386	402511854056604	402511813352594
402511829627907	402511870719260	402511838011188
402511860495042	402511887383740	402511860805876
402511862992126	402511904046604	402511863270407
402511879603376	402511920709573	402511879889001
402511896328376	402511937372021	402511896623376
402511912975876	402511954034938	402511913370719
402511929633949	402511970698271	402511929907074
402511946279313	402511987360303	402511946558636
402511963159938	402512004025458	402511963414626
402511979623219	402512020691917	402511979909938
402511996370980	402512037360459	402512007564157
402512026339730	402512054027907	402512026642386
402512029574626	402512070694000	402512029851813
402512046260824	402512087360667	402512046555876
402512062950667	402512104024938	402512063243167
402512079628480	402512120688323	402512079902855
402512096334417	402512137352021	402512096612438
402512112933844	402512154018166	402512113309626
402512129622126	9223372036854775807	402512129900563

POLL t=66.2 tick=1686
16666666
402521270575508	402521303914987	402521271664622
402521287351133	402521320585038	402521287597591
402521303901133	402521337257070	402521304297122
402521320565247	402521353929882	402521321073528
402521337286810	402521370600715	402521337564153
402521353929778	402521387271445	402521354225872
402521370571966	402521403943476	402521370860560
402521387465976	402521420614726	402521387890716
402521421265560	402521437284153	402521421758997
402521421487122	402521453952486	402521421763945
402521438106653	402521470622226	402521438438789
402521454787903	402521487291705	402521455370872
402521471545403	402521503958892	402521471930351
402521488131914	402521520626132	402521488418997
402521504847070	402521537295924	402521505135820
402521521506185	402521553963164	402521532229101
402521556277122	402521587301184	402521556675560
402521556554257	402521603971184	402521556681185
402521573196653	402521620639778	402521573555976
402521589802435	402521637310350	402521590109153
402521606492435	402521653978476	402521606803372
402521623184778	402521670644101	402521623552903
402521639851653	402521687310819	402521640144778
402521656532278	402521703978632	402521656811809
402521673187903	402521720644882	402521673551497
402521707441341	402521737312694	402521707803216
402521707749778	402521753981601	402521707856497
402521724311653	402521770648267	402521724733216
402521740946028	402521787314257	402521741262591
402521757662278	402521803982694	402521757970091
402521774327747	402521820649309	402521774603059
402521790996497	402521837317382	402521791271445
402521807708528	402521853985923	402521808056809
402521824337539	402521870652694	402521835975976
402521866821653	402521887321184	402521867208684
402521867088164	402521903986652	402521867233841
402521883697122	402521920651393	402521883991653
402521900344309	402521937318320	402521900649934
402521917025664	402521953986027	402521917414622
402521933694309	402521970655767	402521934009466
402521950422591	402521987325820	402521950701132
402521967039309	402522003992017	402521973490716
402522000250716	402522020660299	402522000755507
402522000567226	402522037330350	402522000761601
402522017113216	402522053998632	402522017560247
402522033859778	402522070666497	402522034226132
402522050470403	402522087331809	402522050760872
402522067149778	402522103998476	402522067441028
402522083803059	402522120664882	402522084100351
402522100455038	402522137330871	402522100797122
402522117175195	402522153996913	402522117560976
402522152232070	402522170660663	402522152688163
402522152486653	402522187325143	402522152692122
402522169113684	402522203992486	402522169418007
402522185786601	402522220659726	402522186092851
402522202405663	402522237325767	402522202719726
402522219126601	402522253990767	402522219499882
402522235826809	402522270657851	402522236129726
402522252470559	402522287323527	402522252743320
402522286781913	402522303990038	402522287111913
402522287023476	402522320657955	402522287119153
402522303669934	402522337330455	402522303971132
402522320277226	402522354002278	402522320765663
402522337028997	402522370674100	402522337340872
402522353681809	402522387345506	402522353952590
402522370358372	402522404016288	402522370632122
402522386970403	402522420688059	402522397262695
402522421268684	402522437360038	402522421785403
402522421472747	402522454031028	402522421790247
402522438271288	402522470703944	402522438545351
402522454787590	402522487377173	402522455075403
402522471562538	402522504049934	402522471901601
402522488302122	402522520719621	402522488534778
402522504919726	402522537390142	402522505195195
402522521578059	402522554061080	402522521955247
402522538281445	402522570730455	402522538648372
402522573956132	402522604070559	402522574362382
402522574227903	402522620743371	402522574368372
402522590945247	402522637418163	402522591291028
402522607731445	402522654091028	402522607984882
402522624232747	402522670762903	402522624644153
402522640883788	402522687435350	402522641171340
402522657558840	402522704108371	402522657835559
402522674267278	402522720784725	402522679083840
402522707401965	402522737460506	402522707705715
402522707549778	402522754136340	402522707710559
402522724533372	402522770809465	402522724976809
402522741173319	402522787484621	402522741461809
402522757842434	402522804163111	402522758121497
402522774586965	402522820836705	402522774857226
402522791203319	402522837513475	402522791483528
402522807868372	402522854188736	402522812304934
402522842923215	402522870863215	402522843292694
402522843319309	402522887536131	402522843461653
402522859957590	402522904207277	402522860217122
402522876597122	402522920879569	402522876907434
402522893255559	402522937552641	402522893530403
402522909963632	402522954228163	402522910230351
402522926614101	402522970901288	402522926979621
402522943279309	402522987573944	402522953122590
402522979128684	402523004243371	402522979428840
402522979394621	402523020914569	402522979518684
402522996209309	402523037585923	402522996501965
402523012917642	402523054257485	402523013159934
402523029520663	402523070928683	402523029992746
402523046116288	402523087600662	402523046387382
402523062754934	402523104271861	402523063028371
402523079388476	402523120944413	402523090261288
402523114806496	402523137615298	402523115214726
402523115117590	402523154288371	402523115222903
402523131766340	402523170960975	402523132177434
402523148414153	402523187632590	402523148696757
402523165089153	402523204306496	402523165364778
402523181750246	402523220976704	402523182031132
402523198393371	402523237649517	402523198723684
402523215090038	402523254322121	402523222712851
402523249236132	402523270993215	402523249704413
402523249559726	402523287664829	402523249710090
402523266172590	402523304333840	402523266487121
402523282939882	402523321004309	402523283291028
402523299498476	402523337674621	402523299788528
402523316205871	402523354345454	402523316479413
402523332875194	402523371015819	402523333240246
402523349576965	402523387688111	402523362355351
402523384642590	402523404359934	402523385053528
402523385065871	402523421033683	402523385209621
402523401691809	9223372036854775807	402523401980246

POLL t=77.5 tick=1756
16666666
402532566181805	402532605532065	402532566463472
402532582835503	402532622203368	402532583152743
402532599576180	402532638875555	402532599934462
402532616193680	402532655549305	402532616489409
402532632894930	402532672224721	402532633274930
402532649578993	402532688898680	402532654376024
402532684481909	402532705572742	402532684973524
402532684802378	402532722247846	402532684981649
402532701443055	402532738925763	402532701814305
402532718048680	402532755600295	402532718369253
402532734749462	402532772274044	402532735127118
402532751390868	402532788947118	402532751682118
402532768078941	402532805618993	402532768357274
402532784714409	402532822292951	402532799113159
402532801428055	402532838966128	402532801776128
402532836075972	402532855637899	402532836655191
402532836319305	402532872312951	402532836661024
402532852954461	402532888987898	402532853264774
402532869597899	402532905661180	402532869920972
402532886339618	402532922334669	402532886752378
402532902930243	402532939007325	402532903208836
402532919643993	402532955679982	402532919921961
402532936291909	402532972354565	402532936711128
402532953002586	402532989030086	402532954298993
402532987140711	402533005702481	402532987525086
402532987323003	402533022373263	402532987536961
402533003999618	402533039042847	402533004302118
402533020619461	402533055712170	402533020946336
402533037307691	402533072382013	402533037901961
402533053956909	402533089054982	402533054289097
402533070625399	402533105725815	402533070917430
402533087289305	402533122397847	402533087628993
402533104053993	402533139066024	402533104400086
402533150938055	402533172401856	402533151465711
402533151111805	402533189071752	402533151492222
402533167814774	402533205743263	402533168184722
402533184448680	402533222413367	402533184751961
402533201117586	402533239081388	402533201399149
402533217817899	402533255748835	402533218093628
402533234475555	402533272415503	402533234862378
402533251147378	402533289084617	402533263682065
402533267824774	402533305755295	402533268255243
402533302521493	402533322426075	402533302888211
402533302880034	402533339098002	402533302991180
402533319421961	402533355767794	402533319703940
402533336075034	402533372439357	402533336515034
402533352748784	402533389108159	402533353043315
402533369404305	402533405774774	402533369696493
402533386107743	402533422447586	402533386382065
402533402772690	402533439117585	402533410952847
402533438330972	402533455788992	402533439130711
402533438519878	402533472458731	402533439135086
402533455188055	402533489128576	402533455507274
402533471885399	402533505798158	402533472256336
402533488596649	402533522466857	402533488946440
402533505224930	402533539134721	402533505510034
402533521886180	402533555801856	402533522176336
402533538517586	402533572469669	402533538944305
402533555228524	402533589135710	402533556533472
402533589961336	402533605803992	402533590636492
402533590116961	402533622474981	402533590653367
402533606889097	402533639143315	402533607285034
402533623477742	402533655812065	402533623862899
402533640128628	402533672479044	402533640598784
402533656806284	402533689149044	402533657096649
402533673531961	402533705819669	402533673815867
402533690193003	402533722486752	402533690474253
402533706852690	402533739156648	402533707690972
402533738250242	402533755826284	402533738916961
402533740145711	402533772494357	402533740505503
402533756855867	402533789163471	402533757223836
402533773533992	402533805831127	402533773864409
402533790216597	402533822498940	402533790477899
402533806809617	402533839166023	402533807112274
402533823565242	402533855831283	402533823844305
402533840224149	402533872495815	402533854085971
402533856972742	402533889160710	402533857353055
402533891665086	402533922487741	402533891841440
402533892426909	402533939156075	402533892836336
402533909074305	402533955823159	402533909381336
402533925726492	402533972490555	402533926031492
402533942377534	402533989157273	402533942752274
402533959070086	402534005825502	402533959344565
402533975776180	402534022491596	402533976075190
402533992436649	402534039160294	402534005389461
402534009157274	402534055829461	402534009490034
402534046115711	402534072499512	402534046598680
402534046953055	402534089169356	402534047485190
402534063526180	402534105840814	402534063830399
402534080284721	402534122510971	402534080598628
402534096870398	402534139180294	402534097152117
402534113569305	402534155848679	402534113848211
402534130238628	402534172518679	402534130517586
402534146886753	402534189187690	402534147261023
402534163710555	402534205855971	402534163805034
402534199747586	402534222522220	402534200118680
402534200159878	402534239187482	402534200289773
402534216765867	402534255852898	402534217127117
402534233351023	402534272520294	402534233640867
402534250023315	402534289187690	402534250422221
402534266722534	402534305855710	402534266996909
402534283368523	402534322525606	402534283648367
402534300100711	402534339194460	402534315244773
402534316730711	402534355864148	402534317076909
402534351113680	402534372533055	402534351646336
402534351839409	402534389201335	402534352062378
402534368378680	402534405871179	402534368621180
402534384891492	402534422542898	402534385250242
402534401509930	402534439213836	402534401799617
402534418150815	402534455883418	402534418438367
402534434848628	402534472554617	402534435233836
402534451481180	402534489224825	402534451763836
402534468209409	402534505893314	402534469068523
402534504222742	402534522563731	402534504598315
402534504508784	402534539233418	402534504612273
402534521166648	402534555902898	402534521505555
402534537730346	402534572571595	402534538128680
402534554404305	402534589240086	402534554757846
402534571105242	402534605910971	402534571465086
402534587830659	402534622582012	402534588114148
402534604452273	402534639252117	402534604729721
402534621153992	402534655920190	402534625528367
402534656240971	402534672590189	402534656407377
402534656774773	402534689263002	402534657241440
402534673388211	402534705933419	402534673693523
402534690109930	402534722605866	402534690478159
402534706725867	9223372036854775807	402534707005971

POLL t=88.8 tick=1824
16666666
402543824441332	402543872094926	402543824725030
402543841094249	402543888760915	402543841411645
402543857804301	402543905426853	402543858157114
402543874454770	402543922092894	402543874736280
402543891133832	402543938756748	402543891408364
402543907792113	402543955417894	402543912251176
402543943016332	402543972082425	402543943283311
402543943278832	402543988747894	402543943391020
402543959908780	402544005411227	402543960435707
402543976515968	402544022073415	402543976802426
402543993197374	402544038738519	402543993480863
402544009891801	402544055403050	402544010226020
402544026572426	402544072068935	402544026850551
402544043230186	402544088736852	402544046572061
402544078091124	402544105405395	402544078587582
402544078465343	402544122072008	402544078592218
402544094987582	402544138737009	402544095301645
402544111684874	402544155404040	402544111982270
402544128370343	402544172071227	402544128639926
402544145033988	402544188736748	402544145315863
402544161698520	402544205403779	402544162078363
402544178370655	402544222070342	402544188116645
402544214412686	402544238735967	402544214720395
402544214627738	402544255399092	402544214726801
402544231320863	402544272062842	402544231636801
402544247929145	402544288728311	402544248238207
402544264626124	402544305393311	402544265072270
402544281335395	402544322058311	402544281616488
402544297997530	402544338723311	402544298275655
402544314663051	402544355390342	402544318626020
402544349715707	402544372055967	402544349897270
402544349991749	402544388723988	402544350087738
402544366546645	402544405390185	402544366868311
402544383201280	402544422056488	402544383607530
402544399902738	402544438725759	402544400328207
402544416540863	402544455394457	402544416834926
402544433274613	402544472059821	402544433548207
402544449933051	402544488725602	402544461043936
402544485970238	402544505390029	402544486324457
402544486211124	402544522055915	402544486337217
402544502860707	402544538719769	402544503170863
402544519501905	402544555385810	402544519824092
402544536158207	402544572051279	402544536467374
402544552846645	402544588713467	402544553281124
402544569479144	402544605376435	402544569768467
402544586163311	402544622040290	402544586448624
402544602816801	402544638703831	402544616885811
402544619557738	402544655369248	402544619964405
402544654898519	402544672033050	402544656082426
402544655073207	402544688697269	402544656094144
402544671688363	402544705360706	402544672049717
402544688398311	402544722021696	402544688705082
402544705093519	402544738681384	402544705387894
402544721758363	402544755343259	402544722106801
402544738423051	402544772007269	402544738789769
402544755098207	402544788669508	402544755475863
402544771721280	402544805333207	402544780897738
402544806972530	402544838657946	402544807314613
402544807170551	402544855320810	402544807323676
402544823897426	402544871983259	402544824245551
402544840494769	402544888645082	402544840817269
402544857175863	402544905305134	402544857616488
402544873868988	402544921965029	402544874161644
402544890543988	402544938626331	402544890815551
402544907203207	402544955284560	402544912769405
402544942084249	402544971945498	402544942449144
402544942285551	402544988607165	402544942452842
402544958926957	402545005271435	402544959374874
402544975587686	402545021933884	402544975919405
402544992378936	402545038592946	402544992662998
402545008949457	402545055254821	402545009241644
402545025665342	402545071917321	402545025942842
402545042325082	402545088580759	402545058097894
402545059008623	402545105243102	402545059394769
402545094399769	402545121903154	402545094748363
402545094632269	402545138565654	402545094769248
402545111347269	402545155227373	402545111759561
402545127973832	402545171890394	402545128268051
402545144689092	402545188554665	402545144971176
402545161398467	402545205220082	402545161759301
402545178069457	402545221884300	402545178352686
402545194717113	402545238548883	402545204079301
402545230587894	402545255212477	402545230848050
402545230932738	402545271876487	402545231033988
402545247612894	402545288542581	402545247914457
402545264308988	402545305207269	402545264697582
402545280939092	402545321869248	402545281201436
402545297633311	402545338536123	402545297922425
402545314300082	402545355201123	402545314562217
402545331008675	402545371867633	402545335498988
402545368034769	402545388536852	402545368368623
402545368400082	402545405204508	402545368532061
402545385219300	402545421868675	402545385524925
402545401728050	402545438535706	402545402026123
402545418357113	402545455204872	402545418639613
402545435094769	402545471871852	402545435455707
402545451710707	402545488538987	402545452093832
402545468405811	402545505209091	402545478917738
402545503692998	402545521876070	402545503987373
402545504175394	402545538542529	402545504257269
402545520785394	402545555209977	402545521060186
402545537440082	402545571880602	402545537722425
402545554116332	402545588548154	402545554491905
402545570820550	402545605216227	402545571088467
402545587437842	402545621884300	402545587710863
402545604217373	402545638551018	402545605408050
402545640096123	402545671882425	402545640451175
402545640408519	402545688549768	402545640558363
402545657027425	402545705216748	402545657463675
402545673664248	402545721881435	402545673974873
402545690328207	402545738546956	402545690650082
402545706947738	402545755213310	402545707236123
402545723671175	402545771882164	402545723959457
402545740329144	402545788548466	402545753170811
402545757013519	402545805214873	402545757361332
402545791786123	402545821880081	402545792168363
402545792051488	402545838545863	402545792184092
402545808670342	402545855211279	402545808976800
402545825313519	402545871875862	402545825635707
402545842020238	402545888539248	402545842331488
402545858680654	402545905203154	402545859057113
402545875351279	402545921868467	402545875633936
402545892046123	402545938532320	402545899158519
402545926010498	402545955197946	402545926360238
402545926295863	402545971862060	402545926360863
402545942903988	402545988527685	402545943203988
402545959566644	9223372036854775807	402545959989404

POLL t=100.1 tick=1895
16666666
402555150143515	402555188512890	402555150457578
402555166807682	402555205182786	402555167032890
402555183522838	402555221851588	402555183810495
402555200231172	402555238520547	402555207513463
402555235022422	402555255193254	402555235447370
402555235218984	402555271866119	402555235450703
402555251850182	402555288536484	402555252156640
402555268527213	402555305208567	402555269093620
402555285179870	402555321879400	402555285459922
402555301891588	402555338549349	402555302178359
402555318560390	402555355218359	402555318852526
402555335217838	402555371883723	402555344268359
402555370468203	402555388552056	402555370943984
402555370711797	402555405219035	402555370949922
402555387388828	402555421886015	402555387682422
402555404073463	402555438553619	402555404369297
402555420714609	402555455222421	402555420992890
402555437403359	402555471893671	402555437682734
402555454062995	402555488565703	402555454351120
402555470718359	402555505237213	402555475301015
402555505620182	402555521907733	402555505928463
402555505793828	402555538578567	402555505939922
402555522448203	402555555249349	402555522738984
402555539135390	402555571918879	402555539441119
402555555831953	402555588588827	402555556096953
402555572498047	402555605260963	402555572854869
402555589173515	402555621930703	402555589443984
402555605828672	402555638600077	402555612987578
402555640387578	402555671937890	402555640757422
402555640627890	402555688607160	402555640767734
402555657331172	402555705277212	402555657628932
402555673922213	402555721947265	402555674388515
402555690570963	402555738615963	402555690896588
402555707314713	402555755287421	402555707671588
402555723974557	402555771959765	402555724245390
402555740603984	402555788633254	402555755713359
402555757292578	402555805308098	402555757570651
402555792026171	402555821978671	402555792528203
402555792161588	402555838649192	402555792537265
402555808843828	402555855320546	402555809156901
402555825526640	402555871991900	402555825882734
402555842149244	402555888663723	402555842439609
402555858888359	402555905332942	402555859165963
402555875558203	402555922006536	402555875931744
402555892229609	402555938680807	402555903583463
402555928816588	402555955353775	402555929186432
402555929070963	402555972025129	402555929192890
402555945736171	402555988693567	402555946083359
402555962381276	402556005362265	402555962722578
402555979044557	402556022032317	402555979421796
402555995741171	402556038703150	402555996030338
402556012410651	402556055376431	402556012685963
402556029073828	402556072046327	402556032978515
402556064087369	402556088715390	402556064368307
402556064243046	402556105384504	402556064379140
402556080893359	402556122057265	402556081289140
402556097581119	402556138728880	402556097896640
402556114282578	402556155396796	402556114562109
402556130902682	402556172067421	402556131200494
402556147620807	402556188737056	402556147905546
402556164289296	402556205407369	402556174391744
402556211081328	402556238746639	402556211393150
402556211235390	402556255416119	402556211399921
402556227948203	402556272087056	402556228230078
402556244593463	402556288756535	402556244922421
402556261234609	402556305426327	402556261556640
402556277990338	402556322095546	402556278496640
402556294634088	402556338762734	402556294917109
402556311284765	402556355431431	402556311567057
402556327964140	402556372100910	402556328349244
402556363946015	402556388768827	402556364365859
402556364223046	402556405438879	402556364375077
402556380950182	402556422106275	402556381445077
402556397538932	402556438773410	402556397867577
402556414183984	402556455439764	402556414514088
402556430858202	402556472106535	402556431174765
402556447656952	402556488773514	402556448063827
402556464271952	402556505443515	402556464556588
402556480949244	402556522112421	402556487502109
402556517785546	402556538779972	402556518213619
402556518282265	402556555447577	402556518504609
402556534851119	402556572111015	402556535143671
402556551493932	402556588774400	402556551812213
402556568209921	402556605438722	402556568475494
402556584880390	402556622104452	402556585254088
402556601540077	402556638768723	402556601819452
402556618256588	402556655432264	402556632908984
402556635029400	402556672098358	402556635340390
402556670861796	402556688766223	402556671705546
402556671479713	402556705433410	402556671709452
402556688131900	402556722101015	402556688428202
402556704730077	402556738768931	402556705044452
402556721442369	402556755437994	402556721737265
402556738077421	402556772105286	402556738351796
402556754742890	402556788773514	402556755012994
402556771413359	402556805440963	402556780330338
402556807765234	402556838773879	402556808093775
402556808456015	402556855440493	402556808559609
402556824944452	402556872106274	402556825236015
402556841626796	402556888774452	402556841943984
402556858349088	402556905439504	402556858652421
402556874975338	402556922103410	402556875363359
402556891687890	402556938767108	402556891955234
402556908304140	402556955430233	402556913902734
402556942268359	402556972093410	402556942652056
402556942472525	402556988760858	402556942655859
402556959223359	402557005427994	402556959536015
402556975813984	402557022094296	402556976197577
402556992487525	402557038760285	402556992774556
402557009183619	402557055426379	402557009458983
402557025843931	402557072092524	402557026125858
402557042511640	402557088755910	402557044961483
402557078444400	402557105419973	402557079287213
402557078846015	402557122081066	402557079304713
402557095331015	402557138743775	402557095635546
402557111985858	402557155407473	402557112300494
402557128690077	402557172073618	402557129047213
402557145362733	402557188735910	402557145638150
402557162032733	402557205401067	402557162343306
402557178695494	402557222066170	402557179063983
402557195410806	402557238731483	402557195592577
402557231086588	402557255394244	402557231368671
402557231257421	402557272058879	402557231380650
402557248046796	402557288723983	402557248387265
402557264608931	402557305387993	402557264932369
402557281276952	402557322051535	402557281723463
402557297982056	9223372036854775807	402557298281171

POLL t=111.4 tick=2000
16666666
402566428819292	402566472789083	402566440211949
402566464752417	402566489455855	402566465178667
402566465059761	402566506125594	402566465186011
402566481694449	402566522792833	402566481978772
402566498350647	402566539458667	402566498750386
402566515056949	402566556127469	402566515325022
402566531724449	402566572793459	402566531998772
402566548384917	402566589459240	402566548651167
402566565050386	402566606125177	402566570641740
402566601860699	402566622792781	402566602223667
402566602091011	402566639461375	402566602229917
402566618778667	402566656128355	402566619078511
402566635391792	402566672795178	402566635709761
402566652098355	402566689459969	402566652422417
402566668740074	402566706123979	402566669116271
402566685378824	402566722788302	402566685766011
402566702040699	402566739452834	402566716969136
402566718756636	402566756119344	402566719087417
402566754201792	402566772788146	402566754559449
402566754380386	402566789455906	402566754563511
402566771045542	402566806123250	402566771398824
402566787681428	402566822787573	402566788113511
402566804437417	402566839452261	402566804716115
402566821099240	402566856116531	402566821376740
402566837765334	402566872780438	402566838081115
402566854446271	402566889444448	402566860105230
402566889560230	402566906109760	402566889938355
402566889730178	402566922776323	402566889949761
402566906478511	402566939441479	402566906829292
402566923056584	402566956107156	402566923355490
402566939743615	402566972773302	402566940130646
402566956463303	402566989439396	402566956811480
402566973117573	402567006104969	402566973392105
402566989772105	402567022770802	402567006547365
402567006443980	402567039436948	402567006555698
402567041718823	402567072769813	402567042173980
402567041886740	402567089436375	402567042178459
402567058577886	402567106105490	402567058896584
402567075236740	402567122773146	402567075556584
402567091957209	402567139438406	402567092315386
402567108618303	402567156102677	402567108885334
402567125268823	402567172768771	402567125543511
402567141894136	402567189433770	402567149236323
402567176923355	402567206098719	402567177321480
402567177211740	402567222764448	402567177333511
402567193824136	402567239431219	402567194238823
402567210455490	402567256097781	402567210837417
402567227100334	402567272762521	402567227469448
402567243864240	402567289426531	402567244207573
402567260447417	402567306091635	402567260737886
402567277149448	402567322755021	402567294608042
402567293830542	402567339420229	402567294687521
402567329640542	402567356085698	402567330144552
402567329875073	402567372751895	402567330152521
402567346515073	402567389420489	402567346835855
402567363177990	402567406088875	402567363498042
402567379889917	402567422756271	402567380165855
402567396588302	402567439424136	402567396930542
402567413228823	402567456091792	402567413515073
402567429890230	402567472755021	402567436973198
402567464728302	402567489421063	402567465022834
402567464831636	402567506085958	402567465071323
402567481532417	402567522754708	402567481848042
402567498267209	402567539424812	402567498634604
402567514910854	402567556091947	402567515181167
402567531579761	402567572760593	402567531854917
402567548283667	402567589428406	402567548532729
402567564920229	402567606097520	402567566159604
402567601153823	402567622766687	402567601601792
402567601500646	402567639439239	402567601653927
402567617981011	402567656110801	402567618295698
402567634656167	402567672782000	402567634977729
402567651371479	402567689451011	402567651647886
402567668046323	402567706118771	402567668308459
402567684717052	402567722788146	402567684968979
402567701692209	402567739456791	402567707221792
402567737071636	402567756124865	402567737441740
402567737397573	402567772792937	402567737529917
402567754095959	402567789463302	402567754398823
402567770720802	402567806132260	402567771016584
402567787376584	402567822801583	402567787828771
402567804253354	402567839472104	402567804446323
402567820731479	402567856141479	402567821009917
402567837425802	402567872808354	402567842306427
402567873510646	402567889477781	402567873875542
402567873924917	402567906147312	402567874141688
402567890482104	402567922815437	402567890904084
402567907164448	402567939484240	402567907477573
402567923855490	402567956151687	402567924122573
402567940549136	402567972820385	402567940783458
402567957200073	402567989486323	402567957479708
402567973839136	402568006151062	402567979688354
402568009734604	402568039479136	402568010116792
402568009987573	402568056145228	402568010119761
402568026874396	402568072812729	402568027129604
402568043360698	402568089481948	402568043648354
402568060085333	402568106151895	402568060365229
402568076715386	402568122821427	402568076987729
402568093393771	402568139490698	402568093763302
402568110064083	402568156160177	402568116404448
402568143939292	402568172827364	402568144421167
402568144463146	402568189493822	402568144596636
402568160991323	402568206160489	402568161261792
402568177639760	402568222828510	402568177923667
402568194325698	402568239496739	402568194686792
402568210965073	402568256164864	402568211248198
402568227612417	402568272832104	402568227888354
402568244341792	402568289500177	402568245053042
402568275251635	402568306169812	402568275576479
402568277650802	402568322839239	402568278010229
402568294259917	402568339506947	402568294635802
402568310896167	402568356173927	402568311195385
402568327623615	402568372844916	402568327892104
402568344285542	402568389514917	402568344562677
402568360948615	402568406185750	402568372315698
402568377627052	402568422858614	402568378001583
402568426516896	402568456200125	402568426842208
402568426942260	402568472871062	402568427047365
402568443439865	402568489541167	402568443814604
402568460188771	402568506210281	402568460476635
402568476794396	402568522879291	402568477096271
402568493473667	402568539547989	402568493843979
402568510096635	402568556217833	402568510392104
402568526763458	402568572887469	402568532940073
402568558925490	402568589553927	402568559247729
402568560382521	402568606221375	402568560762417
402568576787573	9223372036854775807	402568577077573

POLL t=122.7 tick=2071
16666666
402577720084601	402577755469496	402577720402101
402577736780330	402577772141892	402577737089288
402577753448142	402577788814600	402577753732674
402577770111476	402577805483975	402577770383038
402577786777517	402577822152986	402577791620538
402577822516944	402577838823090	402577823089913
402577822851111	402577855493507	402577823099861
402577839443507	402577872162985	402577839730538
402577856125226	402577888830434	402577856420069
402577872764861	402577905496214	402577873048767
402577889404757	402577922164080	402577889698194
402577906120382	402577938831266	402577906497726
402577922792101	402577955496944	402577927414913
402577958141163	402577988825798	402577958508038
402577958363038	402578005490329	402577958514601
402577975034392	402578022157725	402577975339444
402577991653350	402578038823819	402577991968819
402578008355330	402578055488610	402578008795642
402578025004392	402578072156266	402578025291892
402578041719705	402578088823506	402578041996163
402578058379861	402578105490225	402578062943507
402578093417205	402578122156683	402578093799757
402578093599757	402578138819444	402578093809861
402578110273923	402578155484965	402578110656475
402578126924548	402578172152464	402578127243819
402578143641423	402578188818245	402578143996423
402578160297205	402578205483402	402578160583194
402578176965694	402578222153506	402578177250017
402578193634080	402578238818142	402578201830694
402578229223767	402578255485382	402578229613142
402578229551632	402578272152412	402578229656580
402578246116319	402578288819079	402578246428038
402578262759444	402578305486892	402578263088142
402578279438455	402578322154339	402578279737725
402578296178350	402578338820850	402578296452100
402578312810225	402578355487517	402578313179080
402578329471632	402578372156110	402578331547413
402578364358298	402578388825850	402578364762725
402578364560694	402578405494600	402578364777100
402578381242257	402578422162777	402578381524757
402578397887413	402578438830485	402578398192257
402578414595694	402578455498246	402578414997100
402578431249236	402578472166370	402578431527882
402578447921163	402578488836527	402578448201163
402578464577257	402578505507048	402578478189757
402578481252882	402578522179600	402578481612413
402578517486944	402578538851683	402578517835173
402578517675069	402578555522413	402578517844913
402578534396944	402578572191579	402578534725694
402578551003819	402578588857725	402578551301007
402578567656736	402578605528089	402578567990850
402578584402829	402578622198662	402578584721007
402578601039132	402578638866214	402578601507882
402578617706007	402578655533142	402578631765694
402578634364756	402578672201215	402578634665173
402578669611163	402578688866891	402578669953663
402578669860850	402578705530433	402578669960225
402578686472256	402578722199131	402578686757048
402578703100538	402578738866371	402578703544288
402578719878975	402578755532724	402578720183506
402578736490850	402578772198089	402578736760381
402578753158350	402578788863194	402578753450538
402578769824704	402578805528766	402578778316788
402578804894600	402578822196319	402578805408142
402578805130538	402578838865277	402578805417100
402578821775069	402578855532828	402578822065017
402578838424913	402578872201787	402578838712673
402578855111631	402578888870954	402578855388038
402578871765694	402578905539860	402578872050069
402578888460538	402578922209860	402578904596736
402578905132725	402578938877256	402578905426267
402578939616319	402578955546995	402578939919131
402578939803506	402578972215798	402578939925694
402578956489600	402578988882933	402578956782673
402578973192569	402579005551422	402578973551475
402578989858454	402579022220329	402578990153767
402579006504756	402579038888558	402579006886736
402579023256788	402579055555954	402579023505329
402579039882048	402579072223297	402579052188663
402579056594079	402579088892256	402579056944444
402579090050642	402579122229600	402579090362985
402579090233975	402579138896631	402579090375225
402579107418350	402579155564288	402579107851735
402579124081631	402579172232621	402579124370329
402579140788975	402579188900172	402579141079548
402579157460485	402579205569182	402579157736475
402579174129444	402579222237204	402579174415850
402579190778454	402579238902568	402579197846892
402579227481163	402579255567621	402579227785017
402579227792413	402579272232465	402579227945381
402579244467517	402579288896579	402579244749600
402579261154444	402579305561683	402579261432569
402579277813975	402579322228402	402579278088663
402579294512412	402579338896579	402579294787256
402579311171787	402579355563870	402579311536735
402579327841631	402579372229652	402579338866475
402579364101631	402579388896318	402579364404860
402579364471787	402579405562308	402579364586892
402579381103298	402579422229287	402579381396944
402579397740537	402579438899547	402579398067985
402579414441162	402579455567672	402579414844600
402579431726006	402579472235746	402579431674756
402579447768506	402579488904547	402579448063037
402579464410485	402579505575381	402579467035381
402579498829600	402579522243402	402579499105225
402579499178194	402579538912881	402579499258350
402579515870694	402579555579339	402579516237829
402579532493819	402579572246370	402579532793506
402579549134600	402579588910849	402579549413194
402579565740225	402579605576995	402579566065329
402579582398506	402579622243453	402579582682412
402579599079444	402579638908245	402579604419392
402579634844912	402579655570485	402579635264287
402579635067204	402579672233871	402579635267569
402579651691162	402579688898246	402579651997256
402579668364756	402579705562568	402579668808975
402579684981787	402579722230589	402579685273506
402579701662829	402579738898870	402579701972256
402579718403454	402579755566891	402579718808662
402579735067412	402579772233922	402579740319287
402579770117360	402579788900224	402579770461162
402579770376006	402579805568766	402579770475173
402579787074131	402579822241110	402579787425329
402579803673662	402579838911734	402579804065381
402579820390173	402579855582828	402579820658037
402579837079860	402579872252776	402579837346319
402579853734756	9223372036854775807	402579854004756

POLL t=134.3 tick=2146
16666666
402589378732982	402589422519023	402589379119909
402589414144700	402589439185169	402589414622096
402589414354857	402589455851940	402589414630221
402589431013659	402589472517720	402589431445377
402589447655013	402589489185013	402589447976940
402589464391732	402589505849856	402589464762252
402589480984909	402589522514752	402589481277513
402589497661888	402589539180846	402589497958346
402589514322096	402589555846367	402589528511107
402589531048450	402589572512512	402589531414284
402589565960377	402589589181054	402589566329284
402589566078450	402589605851002	402589566333034
402589582774909	402589622523658	402589583082721
402589599455950	402589639196002	402589599828346
402589616208190	402589655866367	402589616499544
402589632819284	402589672536367	402589633234075
402589649486888	402589689206054	402589649763190
402589666177096	402589705874387	402589673017409
402589701657409	402589722545585	402589702049127
402589702021106	402589739216054	402589702179388
402589718512409	402589755884336	402589718778919
402589735166315	402589772553554	402589735479700
402589751883659	402589789224178	402589752192044
402589768542981	402589805894283	402589768833034
402589785214700	402589822562564	402589785491575
402589801878502	402589839231314	402589806631106
402589838161940	402589855898658	402589838511627
402589838313971	402589872566314	402589838516158
402589854994283	402589889234804	402589855302408
402589871711888	402589905905272	402589872073190
402589888378033	402589922574179	402589888672877
402589905042200	402589939244179	402589905313658
402589921698658	402589955914752	402589922129388
402589938366627	402589972586522	402589946657252
402589973895481	402590005923710	402589974278502
402589974105533	402590022591679	402589974287877
402589990872096	402590039257408	402589991174856
402590007386002	402590055922251	402590007709231
402590024150950	402590072590064	402590024603658
402590040862981	402590089259648	402590041155481
402590057623138	402590105927772	402590057911471
402590074217096	402590122599231	402590079303502
402590109679283	402590139266887	402590110085221
402590109844856	402590155936419	402590110092252
402590126557721	402590172605273	402590127008346
402590143164283	402590189273189	402590143465377
402590159918815	402590205940794	402590160234544
402590176529127	402590222606314	402590176814908
402590193231940	402590239275272	402590193510481
402590209889856	402590255944491	402590219095846
402590246058033	402590272613814	402590246419752
402590246316106	402590289281158	402590246428033
402590262930325	402590305948502	402590263229283
402590279578294	402590322615065	402590279920950
402590296291419	402590339285168	402590296613190
402590312948502	402590355955533	402590313268606
402590329585637	402590372626210	402590329985481
402590346283815	402590389295793	402590348593971
402590382035325	402590405965585	402590382339283
402590382153294	402590422633762	402590382342408
402590398806731	402590439301627	402590399138033
402590415476731	402590455967877	402590415785533
402590432250689	402590472633658	402590432626783
402590448829439	402590489301105	402590449123971
402590465566419	402590505968085	402590465836939
402590482230794	402590522636001	402590487766158
402590518119596	402590539304803	402590518484231
402590518341262	402590555974439	402590518491731
402590535005637	402590572645324	402590535409439
402590551636471	402590589314231	402590551965377
402590568359439	402590605982773	402590568812512
402590584993502	402590622648397	402590585322096
402590601660377	402590639317356	402590601945325
402590618371783	402590655984127	402590627205325
402590654234908	402590672650377	402590654531887
402590654392877	402590689317773	402590654553658
402590671112096	402590705983241	402590671460064
402590687841939	402590722650064	402590688236575
402590704500064	402590739317720	402590704779596
402590721182825	402590755982980	402590721558137
402590737873814	402590772648293	402590738144700
402590754598137	402590789316366	402590760150533
402590791564596	402590822655168	402590791900325
402590792025325	402590839324491	402590792165794
402590808636158	402590855996001	402590808993971
402590825211158	402590872663450	402590825640637
402590841897721	402590889332459	402590842188033
402590858571106	402590906003657	402590858866419
402590875243502	402590922675793	402590875522252
402590891944283	402590939346522	402590897263814
402590927780689	402590956015533	402590928333658
402590928219856	402590972685532	402590928334439
402590944948293	402590989354907	402590945254439
402590961467877	402591006026209	402590961769387
402590978143971	402591022697147	402590978420950
402590994827252	402591039365168	402590995091731
402591011496418	402591056035585	402591011774752
402591028162564	402591072706470	402591038490533
402591065757096	402591089376834	402591066171627
402591066323918	402591106045220	402591066447096
402591082775221	402591122713189	402591083062981
402591099435220	402591139382095	402591099714752
402591116137825	402591156050167	402591116430845
402591132750533	402591172718761	402591133124595
402591149452564	402591189390377	402591164802825
402591166093033	402591206058865	402591166373814
402591202883970	402591222729595	402591203254595
402591203113762	402591239398449	402591203261939
402591219788033	402591256067147	402591220105168
402591236480533	402591272736209	402591236913137
402591253228345	402591289408865	402591253560533
402591269747564	402591306079439	402591270041002
402591286460220	402591322751158	402591286738345
402591303044127	402591339423137	402591313807564
402591319795012	402591356095689	402591320246522
402591356612043	402591372767615	402591357058450
402591356952564	402591389443658	402591357064283
402591373521158	402591406116157	402591373877200
402591390146939	402591422789856	402591390421106
402591406816158	402591439463085	402591407176106
402591423468814	402591456134334	402591423871262
402591440125481	402591472806887	402591440422564
402591457041314	402591489477980	402591457244908
402591473587877	402591506147563	402591473753189
402591507759595	402591539490480	402591508131314
402591508280481	402591556162043	402591508395481
402591524684387	9223372036854775807	402591525074699

POLL t=145.6 tick=2253
16666666
402600669575998	402600692877977	402600669969123
402600669840061	402600709551206	402600669973967
402600686482092	402600726223237	402600686767717
402600703144696	402600742896883	402600703428342
402600719844904	402600759566310	402600720124748
402600736506311	402600776238342	402600736886258
402600753174071	402600792909174	402600768420842
402600769857092	402600809580165	402600770224748
402600805465217	402600826250372	402600805954904
402600805724748	402600842923394	402600805958498
402600822423967	402600859595790	402600822736467
402600839104904	402600876266779	402600839541936
402600855710790	402600892938289	402600856025529
402600872440790	402600909610216	402600872718498
402600889100373	402600926281362	402600889449852
402600905773811	402600942953080	402600905854436
402600940605998	402600959623601	402600941086623
402600940784383	402600976293966	402600941091310
402600957441727	402600992964591	402600957748967
402600974170060	402601009635424	402600974525321
402600990840477	402601026307873	402600991183029
402601007495685	402601042981154	402601007769071
402601024183185	402601059652976	402601024457404
402601040835790	402601076324956	402601049654852
402601076331935	402601092998081	402601076760165
402601076826623	402601109671675	402601076947352
402601093331310	402601126345685	402601093604435
402601109970529	402601143019956	402601110275477
402601126695060	402601159695685	402601127041779
402601143321623	402601176370841	402601143712248
402601159974904	402601193044852	402601160263498
402601176684748	402601209719227	402601178581310
402601211569123	402601243065841	402601211877404
402601211726623	402601259738497	402601211886154
402601228430946	402601276411727	402601228737404
402601245073342	402601293083550	402601245454383
402601261778029	402601309752821	402601262051154
402601278441154	402601326424748	402601278725842
402601295107717	402601343096623	402601295387717
402601311777977	402601359765737	402601312815842
402601347463185	402601376435945	402601347925685
402601347808029	402601393106675	402601347951310
402601364371623	402601409779643	402601364668654
402601381042092	402601426452768	402601381415373
402601397668446	402601443126519	402601397971310
402601414405685	402601459799226	402601414681258
402601431075373	402601476470216	402601431356102
402601447738029	402601493137768	402601451173289
402601482841623	402601509805372	402601483119539
402601483028967	402601526474331	402601483126310
402601499746467	402601543144643	402601500043498
402601516380060	402601559817247	402601516674279
402601533052248	402601576490216	402601533373029
402601549721467	402601593161154	402601550147039
402601566402664	402601609833341	402601566669696
402601583060060	402601626505841	402601583228185
402601618349539	402601643178289	402601618827248
402601618560529	402601659849122	402601618831779
402601635189696	402601676522455	402601635427091
402601651935998	402601693194330	402601652205216
402601668556310	402601709867508	402601668896779
402601685219852	402601726541622	402601685501779
402601701892091	402601743217663	402601702184383
402601718543029	402601759894643	402601727382091
402601753892560	402601776570164	402601754244748
402601754094591	402601793248445	402601754254279
402601770750164	402601809926623	402601771063341
402601787387404	402601826604799	402601787692664
402601804088029	402601843281050	402601804391154
402601820787664	402601859957872	402601821029123
402601837456310	402601876636309	402601850783758
402601872907404	402601893313393	402601873276414
402601873150789	402601909990424	402601873283029
402601889790477	402601926666414	402601890077404
402601906454904	402601943340424	402601906750841
402601923165685	402601960015372	402601923438602
402601939825216	402601976691779	402601940194435
402601956541779	402601993367560	402601970369123
402601973268341	402602010042143	402601973640321
402602009674435	402602026716466	402602010043654
402602009906779	402602043389330	402602010053185
402602026674591	402602060059851	402602026965529
402602043289539	402602076733549	402602043691466
402602059941154	402602093407299	402602060218810
402602076636935	402602110082247	402602076917039
402602093289279	402602126758081	402602093608341
402602109970633	402602143433237	402602112624904
402602140918810	402602160108497	402602141398133
402602143319070	402602176782091	402602143671623
402602159967977	402602193454382	402602160240789
402602176620633	402602210126205	402602176913498
402602193328758	402602226799330	402602193607560
402602209993289	402602243472559	402602210269123
402602226672091	402602260146882	402602236877872
402602263087560	402602293490633	402602263456310
402602263283966	402602310163862	402602263465372
402602280081883	402602326837872	402602280326883
402602296689122	402602343509799	402602296983497
402602313354747	402602360183028	402602313634070
402602330053289	402602376856570	402602330333185
402602346779070	402602393526726	402602361437820
402602363415789	402602410196518	402602363689383
402602399378758	402602426869539	402602399557872
402602399832872	402602443542142	402602399948185
402602416515372	402602460214904	402602416823497
402602433118758	402602476892455	402602433437820
402602449857195	402602493567247	402602450358497
402602466504279	402602510239955	402602466815477
402602483118185	402602526913340	402602483408654
402602499813966	402602543590528	402602510702091
402602536318185	402602560265945	402602536597091
402602536583289	402602576939226	402602536687716
402602553241727	402602593613288	402602553521102
402602569876883	402602610287403	402602570186883
402602586569747	402602626963236	402602586908810
402602603251102	402602643636570	402602603528185
402602619934539	402602660311049	402602620188966
402602636574852	402602676986622	402602637582247
402602672061935	402602693662872	402602672521779
402602672285529	402602710338861	402602672525216
402602688893289	402602727012559	402602689213029
402602705534747	402602743686257	402602705860216
402602722295789	402602760356673	402602722574539
402602738908810	402602777029174	402602739289591
402602755611258	402602793704591	402602755893185
402602772351258	402602810379590	402602773547247
402602809210685	9223372036854775807	402602809599435

POLL t=156.9 tick=2329
16666666
402611887654067	402611912617608	402611888100942
402611887900525	402611929286202	402611888113338
402611904543910	402611945957400	402611904830056
402611921170629	402611962628962	402611921464431
402611937846775	402611979299691	402611938182192
402611954509744	402611995970420	402611954895213
402611971173494	402612012643441	402611979422713
402612006253025	402612029316619	402612006590525
402612006370838	402612045988077	402612006596410
402612023057192	402612062660421	402612023360838
402612039697556	402612079335160	402612039992556
402612056390681	402612096007921	402612056816775
402612073062660	402612112680681	402612073365160
402612089721462	402612129355056	402612091991098
402612124869431	402612146027191	402612125196150
402612125006775	402612162698233	402612125200837
402612141708806	402612179369639	402612142024379
402612158354275	402612196038389	402612158870056
402612175093442	402612212708962	402612175446462
402612191735056	402612229379639	402612192068285
402612208406098	402612246048494	402612208685056
402612225076462	402612262717243	402612225230681
402612259915681	402612279387764	402612260440785
402612260143806	402612296058285	402612260459119
402612276831567	402612312728701	402612277206567
402612293418181	402612329399795	402612293740212
402612310072660	402612346071514	402612310370317
402612326765212	402612362741670	402612327052869
402612343435212	402612379409483	402612343717348
402612360168337	402612396077712	402612362052556
402612395224587	402612412745941	402612395548650
402612395481775	402612429416306	402612395557400
402612412222712	402612446087347	402612412515785
402612428757817	402612462760420	402612429051775
402612445442660	402612479433025	402612445727869
402612462119900	402612496104951	402612462533962
402612478774379	402612512776514	402612490963129
402612513429223	402612529447087	402612513780994
402612513631098	402612546117139	402612513785056
402612530282087	402612562790368	402612530580681
402612546954431	402612579464170	402612547240525
402612563630056	402612596135316	402612564022660
402612580307712	402612612807139	402612580594431
402612596963337	402612629478597	402612601051150
402612632538285	402612662827868	402612632996306
402612632740837	402612679503910	402612633005681
402612649422087	402612696179899	402612649731462
402612666059275	402612712854952	402612666500525
402612682730681	402612729529847	402612683012712
402612699419691	402612746202556	402612699697244
402612716093337	402612762875733	402612726767400
402612751155056	402612779546618	402612751615056
402612751444743	402612796218128	402612751622400
402612768068025	402612812889066	402612768319691
402612784698754	402612829557139	402612784990056
402612801406879	402612846228180	402612801679900
402612818067504	402612862901878	402612818352035
402612834736462	402612879576306	402612841065368
402612870912660	402612896249743	402612871288650
402612871121150	402612912922660	402612871319066
402612887789118	402612929598337	402612888115993
402612904420681	402612946272451	402612904786306
402612921092660	402612962943284	402612921456879
402612937816775	402612979613701	402612938115212
402612954495056	402612996284378	402612968974587
402612989189691	402613012955107	402612989535056
402612989520525	402613029627503	402612989643754
402613006084379	402613046296305	402613006381775
402613022754743	402613062964118	402613023063025
402613039422973	402613079631462	402613039742556
402613056092504	402613096298024	402613056482400
402613072773025	402613112965888	402613073033025
402613089464431	402613129633962	402613089742556
402613106108181	402613146303545	402613106322400
402613141881306	402613162970733	402613142530368
402613142352087	402613179638128	402613142535993
402613158854118	402613196307243	402613159293337
402613175521254	402613212973962	402613175833337
402613192258597	402613229641357	402613192608493
402613208892400	402613246310472	402613209174535
402613225601931	402613262978285	402613225873806
402613242293493	402613279646045	402613242578181
402613279091462	402613296312399	402613279417712
402613279616306	402613312980160	402613279762660
402613296595577	402613329648649	402613296853181
402613313061566	402613346317920	402613313305212
402613329739900	402613362988909	402613329980993
402613346362504	402613379659066	402613346641462
402613363018650	402613396327294	402613373274535
402613400149587	402613429665472	402613400439691
402613400532556	402613446333128	402613400625629
402613417172712	402613463002347	402613417455837
402613433810056	402613479670055	402613434094066
402613450476149	402613496338962	402613450757347
402613467155368	402613513007868	402613467534587
402613483915316	402613529676669	402613488344222
402613526143649	402613546345264	402613526456306
402613526317243	402613563014951	402613526460785
402613543069587	402613579684743	402613543387504
402613559718337	402613596351566	402613560186774
402613576401774	402613613020419	402613576692868
402613593083181	402613629688597	402613593346254
402613609799118	402613646356513	402613618254431
402613646713649	402613663024639	402613646977504
402613647040056	402613679694795	402613647152347
402613663698441	402613696367711	402613664144379
402613680320056	402613713039847	402613680621149
402613697043493	402613729713180	402613697329743
402613713681774	402613746385003	402613713962868
402613730342712	402613763053232	402613739903129
402613768364274	402613796387451	402613768764431
402613768590212	402613813056878	402613768778337
402613785234431	402613829725419	402613785530160
402613801893441	402613846395524	402613802180941
402613818615941	402613863064534	402613818891306
402613835287712	402613879734378	402613835564118
402613851935056	402613896405419	402613852213806
402613868627972	402613913075680	402613868948441
402613904102503	402613929747815	402613904653181
402613904602712	402613946420420	402613904789743
402613921078337	402613963092712	402613921384274
402613937760368	402613979761774	402613938133337
402613954395785	402613996430732	402613954782087
402613971121774	402614013102138	402613971413181
402613987767399	402614029770732	402614002059378
402614004470368	402614046440524	402614004827035
402614039932243	9223372036854775807	402614040333962

POLL t=168.1 tick=2406
16666666
402623165443802	402623198418124	402623165837396
402623182150521	402623215080677	402623182447344
402623198811406	402623231745312	402623199110937
402623215517969	402623248410833	402623215828750
402623232180989	402623265078645	402623232463802
402623248842552	402623281745572	402623249128177
402623265524427	402623298413281	402623265687239
402623300650937	402623331741301	402623301244062
402623301053281	402623348406614	402623301250156
402623317577708	402623365075155	402623317881719
402623334218750	402623381742968	402623334552708
402623350967969	402623398411301	402623351371614
402623367563177	402623415079583	402623367775208
402623384267812	402623431750520	402623384547083
402623400941094	402623448418541	402623404496719
402623435669375	402623465085416	402623436129791
402623435988177	402623481752291	402623436141354
402623452533437	402623498418437	402623452892708
402623469180000	402623515086979	402623469560833
402623485912083	402623531756041	402623486219427
402623502566771	402623548423333	402623502887969
402623519236719	402623565090781	402623519513177
402623535901875	402623581759583	402623536079114
402623570551875	402623598428281	402623571063177
402623570733750	402623615098280	402623571072031
402623587443489	402623631767656	402623587764531
402623604097344	402623648437447	402623604415781
402623620766146	402623665108437	402623621083489
402623637437864	402623681782083	402623637711250
402623654109375	402623698454114	402623654394271
402623670781562	402623715125520	402623672801458
402623705977031	402623731797551	402623706438646
402623706339687	402623748467343	402623706442083
402623722918021	402623765138333	402623723228646
402623739560677	402623781812499	402623739882083
402623756292239	402623798485937	402623756611875
402623772943593	402623815158124	402623773325937
402623789618437	402623831829530	402623789901250
402623806277500	402623848501301	402623806374271
402623840746614	402623865172342	402623841344687
402623841178437	402623881844582	402623841391146
402623858251250	402623898514270	402623858555833
402623874936406	402623915185103	402623875545937
402623891634531	402623931855155	402623891913333
402623908295677	402623948523645	402623908576406
402623924915989	402623965194010	402623938189843
402623960522239	402623981862134	402623960871406
402623960740052	402623998534322	402623960876145
402623977407395	402624015205520	402623977794114
402623994050208	402624031879895	402623994367812
402624010726562	402624048551145	402624011019114
402624027413645	402624065219843	402624027699531
402624044110833	402624081891405	402624050665833
402624079294895	402624098564010	402624079690468
402624079531718	402624115237707	402624079699895
402624096239895	402624131909478	402624096527239
402624112840833	402624148581353	402624113136875
402624129503802	402624165252812	402624129792239
402624146224427	402624181923854	402624146497812
402624162865052	402624198596353	402624176420520
402624179499739	402624215270780	402624179795833
402624215450208	402624231943281	402624215703020
402624215750833	402624248617083	402624215898802
402624232367083	402624265290468	402624232642968
402624249022708	402624281964895	402624249321927
402624265684895	402624298639842	402624266000833
402624282326302	402624315313124	402624282717187
402624298995833	402624331986041	402624310488958
402624334624687	402624365330051	402624334963802
402624334867656	402624381998697	402624334970677
402624351525677	402624398668072	402624351811302
402624368174270	402624415338697	402624368480156
402624384878281	402624432012499	402624385148281
402624401546614	402624448687707	402624401822812
402624418232083	402624465363176	402624424608177
402624454036302	402624482037915	402624454138177
402624454676145	402624498711717	402624455097395
402624471267395	402624515384634	402624471653333
402624487968437	402624532059166	402624488274270
402624504665052	402624548734634	402624504958749
402624521310364	402624565408384	402624521603333
402624537978176	402624582081093	402624549304374
402624573971145	402624598754009	402624574442083
402624574250937	402624615428071	402624574447083
402624590922187	402624632101249	402624591210364
402624607584270	402624648774217	402624607858281
402624624414843	402624665446926	402624624680156
402624641081301	402624682120363	402624641358645
402624657767656	402624698792811	402624660632551
402624693394739	402624715468489	402624693692864
402624693597239	402624732143645	402624693705520
402624710348437	402624748816926	402624710633437
402624727022083	402624765489582	402624727309583
402624743662551	402624782163332	402624743931770
402624760358801	402624798835781	402624760636249
402624777020364	402624815508176	402624789041926
402624793717551	402624832182030	402624794068489
402624829997968	402624848857603	402624830299999
402624830391926	402624865533749	402624830497395
402624846976093	402624882206873	402624847262708
402624863612239	402624898882239	402624863909687
402624880312343	402624915555207	402624880698176
402624896989895	402624932227343	402624897261249
402624913635676	402624948898176	402624913905208
402624930368176	402624965568853	402624930493489
402624965945364	402624982236978	402624966340312
402624966479999	402624998907030	402624966709270
402624983040364	402625015578540	402624983416926
402624999683801	402625032250520	402624999986145
402625016306249	402625048920728	402625016592030
402625032987239	402625065591405	402625033302083
402625049682239	402625082264582	402625059663176
402625086933333	402625115610208	402625087274895
402625087170989	402625132284947	402625087286458
402625103815937	402625148957707	402625104115364
402625120481145	402625165629061	402625120787499
402625137170208	402625182297915	402625137448801
402625153837083	402625198970936	402625154111093
402625170493280	402625215644166	402625178639270
402625205002395	402625232314530	402625205367082
402625205124374	402625248985675	402625205372551
402625221857395	402625265656457	402625222158905
402625238476770	402625282326145	402625238771926
402625255197655	402625298999269	402625255472551
402625271824843	402625315672603	402625272210624
402625288577655	402625332347394	402625292953957
402625325056301	9223372036854775807	402625325461718

POLL t=179.4 tick=2484
16666666
402634433422860	402634468446818	402634433743121
402634450143954	402634485116036	402634450443016
402634466849110	402634501786818	402634467196714
402634483502339	402634518460568	402634483885985
402634500263641	402634535131193	402634500440516
402634533843173	402634551802287	402634534336298
402634534095048	402634568472131	402634534344891
402634550774058	402634585141349	402634551140464
402634567410985	402634601811089	402634567860308
402634584083121	402634618483121	402634584482079
402634600775516	402634635155776	402634601045985
402634617533798	402634651830464	402634617694058
402634634133277	402634668506037	402634637836089
402634666582183	402634685180985	402634666901141
402634667400204	402634701856714	402634667753121
402634684171871	402634718531141	402634684667496
402634700760516	402634735201870	402634701085048
402634717459683	402634751874839	402634717790048
402634734084110	402634768546401	402634734380360
402634750754579	402634785219110	402634764094110
402634767498485	402634801892131	402634767755308
402634801203485	402634818566245	402634801778798
402634801645516	402634835238537	402634801784214
402634818242704	402634851909423	402634818560829
402634834928329	402634868580985	402634835294735
402634851656454	402634885255776	402634852093016
402634868299110	402634901931662	402634868663433
402634884935673	402634918606089	402634885378120
402634901638173	402634935280881	402634901789735
402634935757079	402634951954891	402634936198485
402634936015464	402634968629318	402634936213329
402634952601141	402634985302339	402634952968329
402634969285308	402635001977599	402634969600464
402634985946402	402635018653692	402634986480620
402635002683485	402635035327755	402635003045204
402635019328797	402635052000412	402635019668589
402635036028589	402635068674422	402635037097808
402635068883172	402635085346870	402635069251245
402635069353641	402635102021662	402635069466141
402635086034891	402635118695516	402635086485360
402635102761610	402635135367755	402635103075047
402635119421922	402635152037599	402635119726610
402635136179058	402635168706713	402635136458433
402635152784891	402635185379578	402635157737964
402635186074579	402635202050204	402635186773016
402635186321558	402635218722287	402635186793329
402635202946610	402635235392807	402635203236766
402635219595516	402635252064214	402635219932391
402635236325308	402635268734683	402635236609266
402635252984995	402635285408068	402635253279839
402635269647027	402635302079161	402635269929735
402635286322235	402635318748068	402635289777339
402635319863329	402635352086765	402635320222547
402635320058797	402635368755255	402635320228745
402635337021297	402635385421869	402635337315516
402635353521454	402635402091089	402635353828329
402635370258329	402635418762807	402635370543172
402635387024266	402635435434161	402635387412704
402635403736141	402635452103693	402635408601089
402635436668120	402635468774057	402635437085464
402635437429839	402635485445412	402635437820308
402635453554370	402635502116297	402635453878120
402635470214266	402635518785724	402635470512391
402635487104683	402635535455359	402635487579370
402635503745047	402635552125985	402635504093433
402635520475672	402635568796453	402635520761558
402635537267860	402635585466922	402635537654891
402635570639058	402635602136089	402635571035464
402635571069214	402635618808381	402635571214891
402635587478120	402635635479994	402635587902547
402635604183954	402635652153536	402635604530829
402635620826558	402635668824787	402635621114683
402635637547391	402635685495203	402635637810985
402635654203433	402635702162964	402635664375151
402635687510360	402635718832963	402635688116297
402635687778953	402635735500984	402635688136922
402635704405985	402635752172495	402635704691922
402635721067391	402635768844734	402635721363172
402635737819422	402635785514994	402635738133120
402635754489370	402635802184942	402635754767026
402635771127808	402635818855724	402635779835776
402635805978953	402635835526870	402635806303120
402635806354266	402635852197963	402635806478328
402635822957078	402635868864370	402635823244422
402635839624266	402635885534474	402635839917860
402635856289995	402635902204786	402635856563641
402635872975516	402635918872651	402635873260360
402635889628276	402635935543067	402635899645464
402635921862651	402635952214838	402635922175933
402635922850672	402635968887599	402635923165828
402635939707235	402635985561973	402635940020620
402635956289110	402636002236766	402635956575203
402635972960672	402636018909109	402635973243485
402635989646089	402636035584838	402635990024891
402636006322026	402636052258901	402636011475828
402636041416922	402636068931453	402636041733328
402636041786610	402636085603900	402636041911766
402636058433016	402636102275932	402636058714266
402636075007391	402636118950775	402636075314370
402636091771922	402636135623327	402636092182703
402636108435516	402636152295724	402636108707495
402636125074266	402636168970046	402636133491922
402636159526922	402636185643849	402636159828016
402636159829839	402636202320515	402636159970985
402636176454422	402636218996974	402636176732964
402636193115672	402636235674474	402636193503797
402636209839422	402636252351714	402636210123120
402636226514578	402636269029369	402636226800776
402636243256453	402636285705619	402636249785672
402636277004735	402636302379786	402636277402235
402636277270307	402636319053640	402636277415360
402636293911714	402636335728848	402636294287860
402636310568172	402636352403692	402636310887234
402636327210672	402636369074369	402636327572182
402636343945203	402636385745099	402636344302859
402636360597182	402636402416349	402636360867547
402636377259734	402636419087442	402636378011089
402636422787703	402636452429890	402636423135203
402636422979734	402636469100880	402636423189109
402636439677703	402636485769474	402636439993484
402636456300984	402636502438484	402636456614734
402636472952651	402636519105984	402636473285203
402636489696922	402636535775828	402636490262703
402636506332703	402636552447703	402636506609422
402636523014839	402636569118536	402636525300359
402636557012078	402636585789474	402636557319214
402636557306557	9223372036854775807	402636557406922

POLL t=190.6 tick=2604
8333333
402645718329679	402645744815252	402645718466137
402645735314158	402645753032908	402645735588012
402645751642648	402645769469262	402645751924887
402645768307387	402645785905356	402645768592075
402645784920200	402645802342439	402645785207387
402645801656918	402645818779158	402645802064887
402645835710616	402645851657804	402645836026606
402645835879731	402645859876970	402645836063325
402645852569991	402645868096553	402645852887387
402645869268950	402645884534626	402645869571762
402645885958637	402645900971970	402645886229106
402645902588637	402645917409470	402645903015043
402645919295981	402645933845615	402645921479106
402645952366554	402645966720355	402645952695825
402645952620356	402645974937751	402645952735668
402645969326293	402645983156033	402645969614835
402645985966918	402645999595408	402645986270200
402646002642960	402646016036554	402646003065825
402646019301554	402646032475095	402646019599575
402646035990200	402646048917386	402646042941762
402646069199679	402646081794731	402646069591137
402646069338741	402646090015407	402646069595512
402646086049731	402646098235772	402646086358481
402646102710356	402646114676189	402646103078481
402646119413012	402646131117960	402646119683950
402646136094106	402646147557021	402646136374366
402646152777387	402646163997960	402646157262179
402646186730981	402646196877439	402646187168897
402646187047856	402646205097126	402646187174835
402646203620043	402646221537074	402646204193637
402646220330668	402646237979678	402646220622699
402646236990981	402646254420667	402646237279366
402646253637699	402646270859887	402646253930512
402646270312231	402646287300511	402646272979991
402646303110199	402646320177126	402646303600356
402646303681293	402646328397803	402646303834991
402646320399522	402646336618324	402646320684679
402646337017491	402646353059574	402646337307856
402646353732543	402646369500511	402646354007856
402646370402231	402646385942856	402646370695616
402646387072804	402646402382907	402646391593949
402646420670304	402646435266241	402646421019731
402646420821762	402646443486970	402646421043116
402646437495772	402646451707386	402646437778324
402646454187022	402646468147334	402646454467804
402646470849887	402646484584939	402646471129887
402646487522804	402646501022543	402646487815043
402646504232179	402646517459990	402646509806710
402646537637387	402646550334313	402646538177074
402646538044731	402646558554938	402646538180824
402646554512074	402646566773532	402646554823168
402646571253324	402646583212022	402646571535199
402646587938116	402646599652283	402646588221710
402646604570616	402646616089990	402646604955616
402646621268481	402646632528219	402646628637335
402646654311085	402646665406501	402646654699574
402646654589106	402646673627699	402646654703428
402646671268428	402646681849001	402646671571606
402646687923428	402646698289210	402646688203012
402646704567543	402646722947543	402646704950772
402646721202231	402646739384209	402646721491293
402646737882074	402646755822282	402646742799887
402646771127074	402646788700512	402646771495772
402646771502543	402646796919730	402646771649835
402646788065043	402646805140251	402646788341918
402646804651918	402646821582386	402646804990043
402646821299366	402646838022959	402646821583793
402646837962960	402646854461918	402646838271762
402646854685980	402646870900043	402646858831918
402646887620303	402646903776917	402646887978637
402646888671762	402646911995095	402646888966241
402646904815043	402646920212907	402646905251137
402646921460980	402646936652230	402646921745824
402646938109574	402646953090094	402646938405668
402646954758324	402646969531553	402646955049574
402646971516762	402646985972907	402646973382178
402647004148949	402647018852803	402647004609678
402647004806710	402647027073011	402647004924730
402647021572855	402647035292751	402647021877022
402647038197335	402647051732387	402647038482387
402647054887491	402647068170875	402647055177074
402647071593949	402647084609365	402647071875824
402647088321137	402647101049678	402647091210460
402647122376605	402647133928636	402647122728168
402647122627230	402647142148688	402647122738793
402647139368272	402647150368740	402647139669574
402647156128272	402647166807491	402647156341293
402647172714105	402647183246813	402647172980512
402647189372387	402647207911292	402647189656605
402647206078012	402647224352282	402647213625616
402647238415980	402647249011396	402647238717074
402647240391918	402647257230980	402647240729366
402647256139262	402647273669261	402647256427543
402647272699574	402647290109105	402647272988637
402647289418637	402647306548219	402647289693637
402647306071449	402647322985719	402647306441241
402647322786553	402647339425251	402647324164574
402647356749730	402647372302855	402647357059574
402647356889730	402647380522178	402647357089522
402647373683637	402647388741449	402647373964522
402647390342543	402647405182334	402647390616397
402647407022387	402647421621970	402647407390668
402647423697647	402647438064834	402647423973428
402647440407387	402647454507022	402647441808480
402647468675459	402647479164000	402647469027699
402647473610511	402647487383168	402647473917386
402647490388272	402647503822177	402647490661084
402647507017178	402647520261031	402647507381918
402647523687022	402647536698271	402647523996605
402647540313272	402647553134729	402647552592647
402647557004261	402647569573636	402647557355928
402647589972178	402647602456188	402647590280980
402647590319574	402647610676083	402647590444522
402647606978324	402647618897959	402647607398480
402647623729522	402647635343948	402647624008636
402647640378272	402647651787386	402647640648168
402647657045147	402647668230094	402647657312855
402647673763324	402647684673532	402647673936553
402647717081449	402647733993584	402647717631553
402647717364730	402647742213740	402647717653324
402647733904105	402647750433480	402647734213793
402647750596449	402647766872178	402647750881553
402647767258793	402647783313688	402647767545355
402647783986553	402647799753792	402647784273272
402647800677855	402647816196656	402647804372543
402647834567491	402647849082073	402647834985824
402647834870980	9223372036854775807	402647835051449

POLL t=201.9 tick=2689
8333333
402656999046133	402657012518112	402657005633893
402657032850977	402657045384726	402657033222070
402657033085352	402657053601236	402657033236706
402657049717070	402657061818372	402657050090352
402657066429102	402657078251549	402657066715143
402657083118737	402657094685039	402657083386133
402657099726289	402657111116757	402657100026393
402657116472487	402657127548528	402657119514570
402657149649206	402657160412539	402657150075039
402657149811393	402657168628215	402657150092643
402657166484883	402657185057851	402657166772487
402657183544154	402657201490559	402657183842695
402657199906445	402657217920090	402657200197956
402657216499102	402657234350195	402657216793789
402657233227695	402657250780091	402657244571289
402657267462383	402657283640872	402657267826706
402657267719570	402657291857851	402657267827643
402657284301758	402657300074935	402657284597018
402657301024726	402657316506758	402657301324206
402657317645820	402657332942799	402657317932539
402657334364883	402657349375143	402657334643164
402657351032383	402657365808841	402657353641862
402657384575039	402657398675716	402657385003268
402657384764049	402657406893059	402657385011549
402657401443581	402657415109934	402657401737643
402657418086133	402657431543528	402657418367174
402657434816289	402657447975715	402657435083633
402657451482174	402657464411289	402657451857018
402657468181445	402657480843476	402657477575143
402657501327174	402657513711288	402657501658633
402657501511601	402657521928632	402657501664883
402657518259414	402657530144830	402657518528893
402657534900976	402657546576601	402657535174570
402657551568268	402657563008684	402657551944570
402657568235976	402657579441392	402657568512383
402657584910195	402657595873059	402657585319206
402657618380976	402657628733736	402657618805820
402657618581445	402657636949882	402657618823112
402657635270664	402657653383216	402657635587226
402657651935351	402657669815924	402657652386914
402657668639674	402657686250559	402657668899883
402657685285039	402657702684517	402657685559987
402657701949258	402657719117017	402657710678424
402657735159726	402657751981028	402657735538945
402657735347695	402657760197018	402657735547070
402657752188164	402657768414570	402657752398789
402657768686601	402657784847642	402657768981237
402657785336133	402657801280664	402657785625976
402657802064258	402657817714882	402657802342226
402657818716758	402657834148319	402657818813008
402657852466080	402657867016028	402657853164674
402657852792851	402657875232851	402657853171289
402657869387226	402657883450663	402657869733945
402657886054414	402657899887017	402657886339570
402657902756914	402657916323372	402657903016758
402657919411862	402657932759726	402657919687174
402657936122695	402657949194882	402657940099726
402657969903737	402657982065350	402657970399987
402657970431132	402657990283580	402657970555195
402657986862487	402657998503007	402657987185820
402658003540820	402658014939986	402658003852643
402658020230820	402658031376340	402658020515820
402658036919882	402658047814778	402658037202487
402658053593268	402658064249882	402658059683476
402658086666757	402658097115194	402658087060195
402658086944414	402658105332017	402658087066080
402658103619882	402658121767851	402658103926289
402658120255612	402658138201861	402658120537955
402658136943007	402658154633163	402658137221705
402658153621289	402658171065716	402658153986132
402658170306132	402658187501652	402658174380143
402658204041601	402658220371132	402658204436757
402658204404674	402658228588632	402658204536601
402658221011445	402658236806704	402658221301445
402658237665820	402658253242330	402658237932070
402658254368424	402658269676966	402658254731601
402658271016914	402658286112121	402658271290351
402658287770820	402658302547018	402658288899726
402658320579414	402658335414570	402658320981445
402658321011757	402658343632486	402658321232851
402658337771914	402658351850194	402658338062539
402658354444518	402658368284205	402658354818632
402658371130455	402658384717954	402658371400195
402658387843789	402658401155455	402658388085507
402658404519101	402658417590663	402658404857695
402658437994570	402658450457121	402658438362018
402658438195820	402658458672590	402658438396914
402658454906601	402658466888893	402658455298007
402658471621914	402658483322694	402658471911289
402658488259518	402658499756861	402658488544882
402658504946757	402658516191236	402658505224101
402658521737382	402658532625819	402658524063476
402658551491757	402658565494048	402658551969986
402658554918320	402658573711028	402658555210195
402658571583268	402658590144778	402658571864257
402658588267330	402658606579829	402658588556393
402658604993268	402658623013371	402658605273580
402658621651757	402658639446027	402658621920976
402658638482070	402658655879830	402658638588788
402658667556236	402658680533527	402658667914570
402658671858788	402658688750819	402658672103320
402658688391861	402658705186757	402658688659570
402658704958736	402658721623892	402658705340663
402658721587851	402658738062590	402658721882330
402658738322643	402658754500819	402658751698320
402658754984101	402658770938059	402658755297851
402658789802018	402658803810402	402658790276705
402658789966132	402658812028423	402658790296705
402658806694882	402658820246913	402658807061288
402658823399726	402658836684570	402658823709570
402658840058788	402658853122434	402658840307538
402658856693945	402658869559985	402658857065507
402658873386236	402658885995923	402658874207538
402658907569726	402658918866809	402658908135351
402658907951601	402658927085715	402658908151705
402658924573788	402658935305507	402658924872226
402658941229570	402658951741445	402658941509413
402658957892018	402658968177590	402658958261288
402658974560976	402658984613684	402658974835507
402658991262538	402659009270142	402658992413476
402659025642955	402659042145819	402659026046445
402659026158320	402659050364205	402659026336288
402659042804413	402659058582851	402659043130663
402659059368111	402659075018684	402659059735299
402659076059049	402659091454934	402659076308892
402659092682538	402659107889100	402659092965195
402659109353632	9223372036854775807	402659113738007

POLL t=213.2 tick=2774
8333333
402668227372066	402668245116336	402668227635504
402668244030504	402668261551597	402668244290972
402668260664097	402668277986284	402668260934045
402668277342847	402668294419566	402668277545920
402668311066910	402668327284930	402668311359670
402668311214566	402668335501597	402668311371233
402668327898004	402668343719618	402668328219097
402668344617222	402668360154149	402668344895660
402668361241701	402668376587586	402668361527847
402668377901858	402668393021232	402668378194566
402668394643420	402668409455763	402668394869097
402668428496128	402668442325347	402668429110816
402668428887691	402668450541648	402668429116597
402668445446389	402668458758315	402668445771858
402668462086441	402668475191023	402668462368003
402668478771597	402668491626128	402668479051858
402668495441858	402668508060139	402668495866128
402668512125660	402668524493055	402668515970972
402668545518003	402668557360139	402668546019566
402668545811910	402668565577899	402668546024722
402668562423785	402668573795712	402668562742014
402668579087691	402668590231805	402668579386910
402668595825816	402668606668367	402668596180972
402668612473785	402668623103264	402668612765191
402668629157951	402668639540190	402668634457222
402668662300972	402668672411180	402668662716441
402668662616597	402668680628420	402668662721545
402668679199253	402668697063316	402668679514097
402668695890816	402668713498160	402668696323003
402668712581128	402668729929878	402668712901441
402668729249410	402668746360607	402668729529722
402668745929410	402668762792066	402668752724097
402668779746753	402668795651961	402668780199670
402668780207222	402668803866909	402668780372691
402668796637535	402668812082586	402668797025764
402668813377483	402668828513941	402668813682691
402668830023316	402668844944201	402668830307847
402668846677014	402668861374097	402668846968785
402668863387795	402668877807274	402668866008107
402668896728003	402668910669045	402668897273785
402668896928420	402668918882951	402668897276753
402668913583941	402668927098992	402668913948160
402668930295191	402668943529670	402668930583472
402668946973316	402668959962690	402668947244878
402668963591285	402668976392847	402668963887014
402668980322691	402668992826128	402668986651285
402669014800920	402669025689982	402669015159253
402669015035451	402669033906389	402669015166441
402669031771597	402669050339045	402669032060972
402669048399826	402669066773524	402669048677378
402669065059722	402669083204617	402669065331753
402669081726128	402669099636128	402669095147014
402669098399357	402669116067638	402669098792170
402669131989045	402669148933576	402669132251284
402669132157066	402669157150086	402669132264097
402669148840295	402669165367794	402669149162847
402669165578420	402669181801597	402669165865607
402669182246909	402669198233159	402669182523107
402669198898472	402669214666441	402669199268316
402669215574045	402669231101180	402669215955034
402669249218732	402669263968419	402669249656128
402669249553732	402669272184513	402669249742222
402669266082534	402669280400399	402669266368628
402669282749670	402669296832117	402669283056909
402669299449409	402669313264565	402669299831753
402669316133159	402669329697066	402669316415920
402669332783159	402669346129461	402669341309097
402669365633159	402669378990555	402669365976545
402669366096441	402669387205399	402669366213003
402669382776128	402669395420398	402669383080816
402669399515034	402669411852847	402669399930347
402669416192951	402669428285554	402669416472378
402669432848576	402669444717950	402669433128316
402669449517795	402669461148315	402669449849722
402669479156597	402669494005815	402669479493003
402669482774357	402669502221544	402669483077222
402669499484253	402669510436856	402669499929878
402669516297847	402669526868472	402669516661753
402669532951545	402669551515190	402669533226388
402669549634722	402669567947430	402669553609097
402669583769253	402669600815867	402669584178420
402669584352847	402669609032586	402669584567430
402669600864722	402669617248107	402669601263628
402669617540191	402669633680711	402669617818263
402669634227638	402669650113523	402669634504722
402669650910920	402669666543523	402669651173941
402669667616232	402669682974357	402669667759722
402669701526076	402669715838107	402669702050816
402669701954670	402669724053471	402669702070034
402669718469045	402669732269878	402669718757222
402669735143628	402669748702794	402669735427534
402669751862065	402669765137534	402669752132482
402669768471128	402669781569356	402669768750034
402669785193003	402669798002221	402669788303888
402669817444982	402669830873784	402669817745295
402669818426284	402669839090607	402669818753472
402669835148940	402669847306649	402669835432690
402669851833784	402669863741648	402669852098940
402669868520972	402669880176440	402669868799513
402669885218003	402669896609930	402669885489565
402669901988315	402669913045711	402669903596388
402669935765347	402669954135607	402669936086597
402669936135190	402669962353576	402669936290920
402669952737065	402669970570659	402669953023784
402669969427795	402669987003211	402669969703888
402669986106128	402670003437847	402669986385451
402670002737065	402670019872742	402670003104878
402670019513732	402670036308159	402670022585034
402670053284565	402670069178367	402670053630138
402670053453159	402670077395033	402670053702222
402670070136909	402670085612533	402670070425034
402670086817013	402670102048210	402670087130190
402670103573315	402670118481335	402670104049878
402670120187170	402670134914825	402670120463472
402670136847065	402670151345450	402670147752222
402670171992482	402670184207950	402670172314878
402670172322013	402670192423731	402670172428159
402670188927169	402670200638940	402670189229253
402670206249722	402670217070034	402670206341284
402670222438940	402670233501492	402670222716232
402670239093628	402670249933575	402670239368784
402670255766128	402670266366075	402670255895815
402670285350815	402670299229096	402670285767065
402670289151284	402670307444513	402670289628940
402670305685451	402670323876856	402670306094201
402670322427378	402670340310763	402670322709982
402670339102169	402670356743367	402670339384982

POLL t=224.4 tick=2859
8333333
402679464973468	402679477427634	402679465265760
402679481647999	402679493865082	402679481961749
402679498368468	402679510304874	402679498641072
402679515016749	402679526743103	402679515299249
402679531687999	402679543180551	402679541756124
402679565443885	402679576054093	402679565862687
402679565804249	402679584271592	402679565863155
402679582477530	402679600707686	402679582781280
402679599060343	402679617143572	402679599350343
402679615792843	402679633578207	402679616096280
402679632471749	402679650013572	402679632843468
402679649139978	402679666448051	402679656192166
402679678880916	402679691098155	402679679188468
402679682455343	402679699315811	402679682821593
402679699071437	402679715749144	402679699427166
402679715821124	402679732185082	402679716079093
402679732476697	402679748621541	402679732844874
402679749115030	402679765060446	402679749400812
402679765826905	402679781498728	402679767598937
402679799259249	402679814377113	402679799790968
402679799544822	402679822596696	402679799801124
402679816142530	402679830815759	402679816422843
402679832857374	402679847251019	402679833236593
402679849485187	402679863684874	402679849770968
402679866192947	402679880118988	402679866467374
402679882872478	402679896552270	402679886004093
402679916867999	402679929426905	402679917404405
402679917183155	402679937644718	402679917414249
402679933799249	402679945863259	402679934228885
402679950442843	402679962298676	402679950729666
402679967134197	402679978733780	402679967415812
402679983799353	402679995168259	402679984084093
402680000491384	402680011603155	402680002467687
402680034037687	402680044472166	402680034566072
402680034357530	402680052689405	402680034572374
402680050890968	402680069125707	402680051189509
402680067598155	402680085562478	402680067927687
402680084256124	402680101997582	402680084533780
402680100970030	402680118435395	402680101241541
402680117656437	402680134871957	402680122207999
402680150730030	402680167747322	402680151243780
402680150990187	402680175965186	402680151250499
402680167576905	402680184182842	402680168167374
402680184300030	402680200618780	402680184580447
402680200960603	402680217053832	402680201233884
402680217595343	402680233490602	402680217884197
402680234318259	402680249928259	402680234753624
402680250980499	402680266365811	402680254774561
402680284587218	402680299235394	402680284987374
402680284761280	402680307452946	402680284996072
402680301407686	402680315670030	402680301699093
402680318141905	402680332106071	402680318435499
402680334790030	402680348543832	402680335167530
402680351465968	402680364983988	402680351747009
402680368167218	402680381422843	402680372446384
402680401474666	402680414302529	402680401860030
402680401702791	402680422522321	402680401879978
402680418338416	402680430741853	402680418633468
402680435088311	402680447178727	402680435601853
402680451735968	402680463617582	402680452011280
402680468400968	402680480055238	402680468691905
402680485051905	402680496490915	402680496158468
402680519005291	402680529361488	402680519368572
402680519226905	402680537580551	402680519402947
402680535852478	402680554015550	402680536270186
402680552547530	402680570450082	402680552843311
402680569217530	402680586884561	402680569502322
402680585884093	402680603319822	402680586227218
402680602565134	402680619757998	402680603993936
402680636613780	402680652631436	402680637441280
402680636997999	402680660850447	402680637446905
402680653595603	402680669068988	402680653904249
402680670220499	402680685503676	402680670510811
402680686918155	402680701937217	402680687192843
402680703577686	402680718370290	402680703866124
402680720297686	402680734804300	402680726709405
402680751094561	402680767675186	402680751428624
402680753526280	402680775892426	402680753833311
402680770271749	402680784110029	402680770550655
402680786954561	402680800545602	402680787235603
402680803669822	402680816982738	402680803945290
402680820325343	402680841634821	402680834552999
402680836995499	402680849853988	402680837342374
402680865955499	402680882721540	402680866354718
402680870290655	402680890938051	402680870582686
402680886934249	402680899155030	402680887227009
402680903636072	402680915590498	402680903911697
402680920342686	402680932026227	402680920616592
402680936985655	402680948460914	402680943613624
402680971415186	402680989555290	402680971760967
402680971868936	402680997773363	402680972083467
402680988464405	402681005991540	402680988739197
402681005126228	402681022425498	402681005394353
402681021830186	402681038861905	402681022090447
402681038435134	402681055299821	402681038805811
402681055163311	402681071736592	402681058372061
402681088759353	402681104611852	402681089121280
402681089169092	402681112830915	402681089324874
402681105697165	402681121051227	402681105979717
402681122385030	402681137489197	402681122665811
402681139075967	402681153926436	402681139438467
402681155758311	402681170365967	402681156051749
402681172448311	402681186804769	402681178694665
402681201413311	402681211463780	402681201745342
402681205672061	402681219682582	402681205974717
402681222321124	402681236121957	402681222598884
402681239020499	402681252559977	402681239385655
402681255644822	402681268998571	402681255985655
402681272318936	402681293655706	402681286683728
402681289032009	402681301874977	402681289669978
402681323913624	402681334749352	402681324228780
402681324302061	402681342967060	402681324437061
402681340778936	402681351185237	402681341158311
402681357513155	402681367621436	402681357790811
402681374157999	402681392277581	402681374460342
402681390842374	402681408713675	402681391111592
402681407511696	402681425148675	402681409367999
402681441744092	402681458018102	402681442254040
402681442029405	402681466235238	402681442307061
402681458636384	402681474452998	402681458929717
402681475300603	402681490887165	402681475628415
402681492123467	402681507320186	402681492403311
402681508679821	402681523753832	402681508967946
402681525430186	402681540185967	402681532362842
402681557662373	402681573049769	402681558002061
402681558696853	402681581266487	402681559051853
402681575401436	9223372036854775807	402681575679248

POLL t=235.6 tick=2986
8333333
402690735084714	402690749793411	402690735426745
402690751767839	402690774441536	402690767234870
402690768464974	402690782657838	402690768828151
402690802056380	402690815525807	402690802350130
402690802247630	402690823742474	402690802377995
402690818870182	402690831958411	402690819192995
402690835548568	402690848391224	402690835883620
402690852280339	402690864821848	402690852569401
402690868941224	402690881255234	402690869313932
402690885633464	402690897687474	402690887740755
402690919054870	402690930547942	402690919505443
402690919230339	402690938764192	402690919513255
402690935931224	402690946980547	402690936292370
402690952539245	402690963412370	402690952829037
402690969278151	402690979845130	402690969657214
402690985954870	402691004492838	402690986242682
402691002618412	402691020926224	402691012500964
402691036456276	402691053792109	402691036781068
402691036613099	402691062008879	402691036785182
402691053336849	402691070225442	402691053635807
402691069957995	402691086658619	402691070401120
402691086669037	402691103090338	402691086959245
402691103354245	402691119527213	402691103635130
402691120055912	402691135963619	402691124897057
402691153822995	402691168835963	402691154209089
402691154025495	402691177054349	402691154213776
402691170678776	402691185271640	402691171121693
402691187364089	402691201704296	402691187655599
402691204097057	402691218138151	402691204382995
402691220697318	402691234571224	402691220987526
402691237373255	402691251003932	402691246401589
402691270982839	402691283868932	402691271535964
402691271233776	402691292085547	402691271540339
402691287870182	402691300301328	402691288160495
402691304564245	402691316734765	402691304862057
402691321257682	402691333167629	402691321545651
402691337929245	402691349600963	402691338200443
402691354714713	402691366034922	402691357978724
402691388795443	402691398899348	402691389237005
402691389112318	402691407116119	402691389267838
402691405660963	402691423549869	402691406033724
402691422288099	402691439983463	402691422589870
402691439027630	402691456419140	402691439308880
402691455693151	402691472852109	402691455983307
402691472342370	402691489285650	402691487227057
402691489024088	402691505718150	402691489749713
402691523527943	402691538578151	402691524123932
402691523969349	402691546793515	402691524159713
402691540509036	402691555008620	402691540792526
402691557074818	402691571439244	402691557369870
402691573747526	402691587871952	402691574134505
402691590404974	402691604301327	402691590707995
402691607175599	402691620731327	402691615397213
402691641228463	402691653589713	402691641631120
402691641418151	402691661805390	402691641640443
402691658042630	402691670019869	402691658363568
402691674745182	402691686448984	402691675124245
402691691410651	402691702880129	402691691701588
402691708114245	402691719311536	402691708408463
402691724820130	402691735741535	402691727419349
402691757978411	402691768600442	402691758386224
402691758209713	402691776816172	402691758411901
402691774841276	402691785031849	402691775238255
402691791590963	402691809675025	402691791902161
402691808194401	402691826104713	402691808480495
402691824905026	402691842534140	402691825185286
402691841582682	402691858967004	402691842428880
402691875500651	402691891827473	402691875939088
402691875676432	402691900043775	402691875963411
402691892339505	402691908259453	402691892640807
402691909036380	402691924691067	402691909321432
402691925697838	402691941124296	402691925980286
402691942426120	402691957556328	402691942703255
402691959103620	402691973988827	402691963702370
402691992273620	402692006852421	402691992637942
402691992547838	402692015069504	402691992641901
402692009273724	402692023285546	402692009584557
402692025954974	402692039716900	402692026223463
402692042577369	402692056149504	402692042858776
402692059234088	402692072581744	402692059510494
402692075947369	402692089015286	402692084604557
402692106720026	402692121875702	402692107043724
402692109173776	402692130092317	402692109466119
402692125945026	402692138308931	402692126209974
402692142627994	402692154743879	402692142893463
402692159282994	402692171177265	402692159559401
402692175933463	402692195826744	402692190498255
402692192668307	402692204042786	402692193050911
402692226562213	402692245126171	402692226920963
402692226768932	402692253345025	402692226926380
402692243547526	402692261564139	402692243824401
402692260202369	402692278001432	402692260490338
402692276858776	402692294435963	402692277228619
402692293526588	402692310872681	402692293801901
402692310288463	402692327308828	402692314003411
402692342940651	402692360178671	402692343256849
402692343922213	402692368395286	402692344214713
402692360321276	402692376612890	402692360593932
402692376959869	402692393048931	402692377331432
402692393664401	402692409484869	402692393931380
402692410312057	402692425920546	402692410570963
402692427086588	402692442355651	402692427847474
402692461383463	402692475224556	402692461934817
402692461807213	402692483441796	402692461942526
402692478397369	402692491659035	402692478768151
402692495067682	402692508095077	402692495343151
402692511711432	402692524532786	402692511986588
402692528347057	402692549188046	402692541204817
402692545031901	402692557404036	402692545355338
402692580251848	402692590271327	402692580878776
402692580407942	402692598488098	402692580882526
402692597071744	402692614921848	402692597405442
402692613757317	402692631354869	402692614055338
402692630405338	402692647790286	402692630700026
402692647073151	402692664222265	402692647364713
402692663811848	402692680651275	402692664218567
402692698207005	402692713516588	402692698575182
402692698409348	402692721733567	402692698595442
402692715122057	402692729950546	402692715483932
402692731773150	402692746383254	402692732107734
402692748472525	402692762813983	402692748742838
402692765117994	402692779246692	402692765396275
402692781719088	402692795679921	402692792679557
402692815684244	402692828548619	402692816059661
402692815914088	402692836766327	402692816096744
402692832609505	402692844983202	402692832895963
402692849247057	9223372036854775807	402692849533098

POLL t=247.3 tick=3070
8333333
402702391714032	402702409464657	402702392035595
402702392068616	402702417681115	402702392190595
402702408677470	402702425897157	402702408992053
402702425401116	402702442330907	402702425773720
402702442064866	402702458764761	402702442441845
402702458751220	402702475199917	402702459029970
402702475417522	402702491632417	402702477261532
402702509342313	402702524498876	402702509757053
402702509518251	402702532715490	402702509764397
402702526201584	402702540932678	402702526719032
402702542875907	402702557367053	402702543204397
402702559580595	402702573802573	402702559854084
402702576252990	402702590238563	402702576531740
402702592910490	402702606674188	402702593344657
402702626854813	402702639548355	402702627397053
402702627247678	402702647766167	402702627484188
402702643704865	402702655984500	402702644006115
402702660451272	402702672422417	402702660741115
402702677078563	402702688859500	402702677354501
402702693752365	402702705296635	402702694038459
402702710436584	402702721735803	402702715456897
402702743261845	402702754609188	402702743592157
402702743713720	402702762826844	402702743841220
402702760481688	402702771044032	402702760823095
402702777148147	402702787480385	402702777417365
402702793816376	402702803917156	402702794091897
402702810474240	402702828572157	402702810762157
402702827138772	402702845007990	402702832677626
402702861072001	402702877879969	402702861610178
402702861362209	402702886098355	402702861614865
402702878007834	402702894316844	402702878273563
402702894685595	402702910751532	402702894961688
402702911347678	402702927184969	402702911620490
402702928033303	402702943619396	402702928386740
402702944682001	402702960054761	402702946743251
402702978302522	402702992929187	402702978690907
402702978487157	402703001148302	402702978838772
402702995160907	402703009367364	402702995443407
402703011821272	402703025803823	402703012180282
402703028548094	402703042242417	402703028919969
402703045205334	402703058680855	402703045488303
402703061891219	402703075120646	402703067199553
402703094735334	402703108001427	402703095108147
402703095267469	402703116221427	402703095378407
402703111973928	402703124440647	402703112282678
402703128607209	402703140879813	402703128983094
402703145311428	402703157320802	402703145591532
402703161933928	402703173759657	402703162219032
402703178677834	402703190196948	402703183274865
402703212354396	402703223068198	402703212736688
402703212553407	402703231286011	402703212742313
402703229211376	402703247719604	402703229603251
402703245953876	402703264155854	402703246226428
402703262616688	402703280591114	402703262890334
402703279282001	402703297027261	402703279564084
402703295975803	402703313462938	402703298301584
402703330039865	402703346338198	402703330839709
402703330471844	402703354557260	402703330845959
402703347104501	402703362775594	402703347410803
402703363752365	402703379215698	402703364046376
402703380397001	402703395655542	402703380684501
402703397098407	402703412093667	402703397379084
402703413761428	402703428529552	402703417517209
402703446960334	402703461400906	402703447277678
402703447102521	402703469619396	402703447290646
402703463785334	402703477838667	402703464076896
402703480493303	402703494277365	402703480823251
402703497174969	402703510714083	402703497450282
402703513842834	402703527153355	402703514127834
402703530507782	402703543589916	402703539325803
402703564040490	402703576463927	402703564391376
402703564487521	402703584682468	402703564610334
402703580921115	402703592900802	402703581208928
402703597658146	402703609340073	402703597940490
402703614317000	402703625777208	402703614613250
402703631044032	402703642213615	402703631468250
402703647729396	402703658649343	402703649975803
402703683697365	402703699742000	402703684176375
402703684500490	402703707960958	402703685042678
402703701316688	402703716179656	402703701595334
402703717990021	402703732616115	402703718257782
402703734646896	402703749052781	402703735006532
402703751305334	402703765491011	402703751569032
402703768088407	402703781927000	402703768831740
402703796514657	402703806582625	402703796866219
402703801267313	402703814799968	402703801560646
402703818008771	402703831233563	402703818297209
402703834650438	402703847668823	402703835008771
402703851310646	402703864104031	402703851589709
402703868086427	402703880538875	402703874049552
402703910602313	402703921622573	402703910955490
402703910758094	402703929839708	402703910961740
402703927509396	402703938057312	402703927895021
402703944253927	402703954493822	402703944524552
402703960891427	402703979146427	402703961177209
402703977570959	402703995581323	402703977843927
402703994489709	402704012017416	402703997227834
402704025257677	402704036670542	402704025739865
402704028176115	402704044888458	402704028146427
402704044296896	402704061322312	402704044583615
402704060932834	402704077755281	402704061214552
402704077622000	402704094189864	402704077916219
402704094267209	402704110624031	402704094547365
402704110951844	402704127060177	402704111986584
402704144293771	402704159930229	402704144627625
402704144499813	402704168147573	402704144634344
402704161233146	402704176365073	402704161553302
402704177926844	402704192798146	402704178209813
402704194510021	402704209228042	402704194802469
402704211163615	402704225657364	402704211457677
402704227851584	402704242086792	402704228077834
402704261472677	402704274947625	402704261833771
402704261640021	402704283163354	402704261865750
402704278319031	402704291379448	402704278601896
402704295022990	402704307810854	402704295335594
402704311662625	402704324241583	402704311944031
402704328366896	402704340673979	402704328747365
402704345039865	402704357107000	402704354856844
402704378728250	402704389966219	402704379078459
402704378939552	402704398181479	402704379087625
402704395589709	402704406397468	402704395885125
402704412320490	402704422830854	402704412592521
402704428947781	402704439264187	402704429323406
402704445680802	402704463912312	402704445944500
402704462356219	402704480345176	402704464254240
402704496395802	402704513207625	402704496968615
402704497038563	9223372036854775807	402704497105021

POLL t=258.6 tick=3156
8333333
402713630642830	402713642370955	402713630923768
402713647294861	402713658805955	402713656811840
402713678660799	402713691675329	402713678965174
402713680569965	402713699892777	402713680884549
402713697267309	402713708110850	402713697567361
402713713957361	402713724546007	402713714251424
402713730647205	402713740979809	402713730906580
402713747289861	402713757412465	402713747660278
402713763936892	402713782057569	402713771833142
402713797280174	402713814924757	402713797679184
402713797464236	402713823141163	402713797688455
402713814119236	402713831358298	402713814406111
402713830857205	402713847788402	402713831125278
402713847470122	402713864218924	402713847911424
402713864154549	402713880651319	402713864447205
402713880957361	402713897083246	402713881327830
402713914548767	402713929945642	402713914937517
402713914749705	402713938160798	402713914945590
402713931395486	402713946376944	402713931688090
402713948137674	402713962807934	402713948505903
402713964798455	402713979237986	402713965075590
402713981457153	402713995666736	402713981734080
402713998138767	402714012097152	402714004063247
402714030925278	402714044961631	402714031256215
402714031444340	402714053178403	402714031557778
402714048109549	402714061395434	402714048503299
402714064857830	402714077830017	402714065128455
402714081514392	402714094263454	402714081785278
402714098193924	402714110696476	402714098491684
402714114861840	402714127132621	402714115027205
402714148325330	402714160002569	402714148999236
402714148587049	402714168218403	402714149004705
402714165280017	402714176435226	402714165647049
402714182004861	402714192870694	402714182355330
402714198596111	402714209305226	402714198878455
402714215305121	402714225739080	402714215580799
402714231971996	402714242173611	402714236683142
402714265425486	402714283253507	402714265810486
402714265639392	402714291469600	402714265815642
402714282272830	402714299686943	402714282586215
402714298996528	402714316120902	402714299277361
402714315655173	402714332553871	402714315976059
402714332327517	402714348986683	402714332682205
402714348985330	402714365420277	402714358174392
402714381822153	402714398290902	402714382144548
402714382309496	402714406507361	402714382428923
402714398981736	402714414724860	402714399274392
402714415717830	402714431162464	402714415994548
402714432336528	402714447600277	402714432625278
402714448986423	402714464036840	402714449376736
402714465714965	402714480469704	402714466036996
402714499661996	402714513331996	402714500039184
402714499872153	402714521546736	402714500182621
402714516507673	402714529762621	402714516813455
402714533236267	402714546196892	402714533516996
402714549898455	402714562628715	402714550296892
402714566576736	402714579060121	402714566858142
402714583253455	402714595492308	402714587393923
402714616405903	402714628358558	402714616880434
402714616722205	402714636575538	402714616886736
402714633325173	402714644792360	402714633643455
402714649966423	402714661226371	402714650356267
402714666708403	402714677659913	402714666979236
402714683372986	402714694094548	402714683662673
402714700085955	402714710527360	402714704627361
402714733204080	402714743394809	402714733617777
402714733564965	402714751612100	402714733684340
402714750209496	402714768047100	402714750603611
402714766892048	402714784482881	402714767167673
402714783543923	402714800918090	402714783816840
402714800216423	402714817352986	402714800486527
402714816903767	402714833783714	402714817603455
402714850256736	402714866648870	402714850650642
402714850471059	402714874865902	402714850658455
402714867148559	402714883081527	402714867467465
402714883766892	402714899516475	402714884080590
402714900476527	402714915950902	402714900759236
402714917223142	402714932384340	402714930701267
402714933955642	402714948818506	402714934295590
402714965461371	402714981688193	402714965825329
402714967220902	402714989905954	402714967554392
402714983876111	402714998123558	402714984158454
402715000527986	402715014556423	402715000808767
402715017242986	402715030990485	402715017514392
402715033903454	402715047422308	402715041221684
402715068289236	402715080291475	402715068620017
402715068612621	402715088509391	402715068730798
402715085299704	402715096727673	402715085585486
402715101971267	402715113162725	402715102244548
402715118662361	402715129597204	402715118938298
402715135292152	402715146033714	402715135568767
402715152067986	402715162470693	402715156691684
402715184872361	402715203553558	402715185196996
402715185336892	402715211770642	402715185457361
402715202146892	402715219986423	402715202460642
402715218714079	402715236419183	402715218997048
402715235415954	402715252850798	402715235686736
402715252056111	402715269280433	402715252421215
402715268828454	402715285713610	402715270518923
402715300448454	402715318581631	402715300760798
402715302122204	402715326798558	402715302468767
402715318799652	402715335016006	402715319080017
402715335433298	402715351450590	402715335702517
402715352076579	402715367883922	402715352447673
402715368741059	402715384315277	402715369015486
402715385404861	402715400745642	402715385734548
402715415585954	402715433611787	402715415934392
402715418659236	402715441829027	402715418965954
402715435367517	402715450045954	402715435661371
402715451994340	402715466480277	402715452374027
402715468671058	402715482911892	402715468951892
402715485379079	402715499341943	402715490427048
402715518484079	402715532206996	402715518809808
402715518832986	402715540424339	402715518955433
402715535340277	402715548642204	402715535632465
402715552031111	402715565075068	402715552409861
402715568679808	402715581507569	402715568961736
402715585339861	402715597940746	402715585631111
402715602030590	402715614375121	402715607586215
402715635668298	402715647239547	402715636067829
402715635908142	402715655456422	402715636076840
402715652503298	402715663672725	402715652891840
402715669203610	402715680105589	402715669491267
402715685875798	402715696539807	402715686168558
402715702553454	402715712974130	402715702850954
402715719257360	402715737625537	402715720237048
402715762826423	9223372036854775807	402715763337517

POLL t=269.8 tick=3240
8333333
402724890488555	402724907913033	402724891022149
402724890687461	402724916129492	402724891039649
402724907340482	402724924347252	402724907631576
402724924086732	402724940782096	402724924398919
402724940720482	402724957218137	402724941005013
402724957390326	402724973652201	402724957669805
402724974057982	402724990086055	402724979789388
402725006991263	402725022951783	402725007357930
402725007514076	402725031167357	402725007623555
402725024215638	402725039382513	402725024519388
402725040816263	402725055811731	402725041140326
402725057496732	402725072242513	402725057780951
402725074166888	402725088673554	402725074454649
402725090828919	402725105103971	402725098634701
402725124402357	402725137968659	402725124778138
402725124605482	402725146186054	402725124783294
402725141249961	402725154403554	402725141547149
402725157944076	402725170839075	402725158229649
402725174581367	402725187275898	402725174871419
402725191256992	402725203711523	402725191642357
402725207999961	402725220149544	402725209642149
402725241745898	402725253023762	402725242129805
402725241923398	402725261240534	402725242177513
402725258588763	402725269457305	402725258878138
402725275248138	402725285892982	402725275532357
402725291955117	402725310539908	402725292326732
402725308637669	402725326970690	402725308905794
402725325304805	402725343402096	402725334207930
402725358371888	402725376265325	402725358744076
402725358668138	402725384481263	402725358748607
402725375269857	402725392696366	402725375574076
402725391954076	402725409128711	402725392364492
402725408612982	402725425561576	402725408907669
402725425268763	402725441996211	402725425558242
402725442124857	402725458428658	402725444083607
402725475430273	402725491290950	402725476087773
402725475958555	402725499506991	402725476094388
402725492401575	402725507722929	402725492843086
402725509064544	402725524153919	402725509362617
402725525735013	402725540586940	402725526006419
402725542393294	402725557020169	402725542664544
402725559016367	402725573452460	402725570506107
402725593848763	402725606317929	402725594372200
402725594094961	402725614533294	402725594378711
402725610723867	402725622750377	402725611038555
402725627439075	402725639184909	402725627712773
402725644077825	402725655621679	402725644397773
402725660792357	402725672056522	402725661074232
402725677446732	402725688491263	402725677758294
402725694120482	402725704924909	402725697706419
402725727421732	402725746011731	402725727744544
402725727573711	402725754228346	402725727751367
402725744274857	402725762446107	402725744560482
402725760919023	402725778882095	402725761214961
402725777639180	402725795317825	402725777910586
402725794261419	402725811755481	402725794640638
402725810985273	402725828193450	402725817906836
402725845024232	402725861060950	402725845492982
402725845323138	402725869278450	402725845524492
402725861881263	402725877495689	402725862173763
402725878570950	402725893927043	402725878859857
402725895275429	402725910358606	402725895652200
402725911948763	402725926791315	402725912232929
402725928630482	402725943225116	402725929572825
402725962483398	402725976090845	402725962859075
402725962683242	402725984307564	402725962864857
402725979350950	402725992525116	402725979642304
402725996080638	402726008961366	402725996450950
402726012716523	402726025396314	402726012994857
402726029386732	402726041831315	402726029657929
402726046049961	402726058264804	402726053675482
402726078965013	402726091131210	402726079320482
402726079409544	402726099348450	402726079514857
402726096165325	402726107564595	402726096526575
402726112788763	402726123996314	402726113081211
402726129411888	402726140427043	402726129702669
402726146097513	402726156858918	402726146385742
402726162866106	402726173292824	402726168309336
402726192165013	402726206156783	402726192622513
402726196109336	402726214371418	402726196532669
402726212792773	402726230800794	402726213085742
402726229498086	402726247233085	402726229782617
402726246194804	402726263667199	402726246466419
402726262802044	402726280101835	402726276620169
402726279574231	402726296532668	402726279914961
402726315067513	402726329396939	402726315537461
402726315405742	402726337613085	402726315545898
402726332194648	402726345829752	402726332538294
402726348745013	402726362260221	402726349025325
402726365379075	402726378690845	402726365679388
402726382055117	402726395122044	402726382333086
402726398793294	402726411554283	402726403835117
402726432292148	402726444420689	402726432567981
402726432552929	402726452638658	402726432702304
402726449266888	402726460854647	402726449546419
402726465960794	402726477289544	402726466233450
402726482652044	402726493726002	402726482926888
402726499267044	402726510163241	402726499643867
402726516132773	402726526600585	402726518788867
402726549852981	402726567689335	402726550202773
402726550239544	402726575906627	402726550387929
402726566899544	402726584123397	402726567186888
402726583502513	402726600558137	402726583790638
402726600215950	402726616993241	402726600703242
402726616877513	402726633426574	402726617156575
402726633607460	402726649861835	402726634662460
402726665532356	402726682733710	402726665838606
402726666732981	402726690950377	402726667060794
402726683464388	402726699166679	402726683748867
402726700184179	402726715602669	402726700546263
402726716833763	402726732037512	402726717113294
402726733496888	402726748475220	402726733775325
402726750181262	402726764914699	402726753205950
402726784212669	402726797789387	402726784633606
402726784415794	402726806007980	402726784641731
402726801060117	402726814227043	402726801434856
402726817735273	402726830665064	402726818027512
402726834441419	402726847102668	402726834720950
402726851109856	402726863537668	402726851425950
402726867825585	402726879970637	402726874306523
402726901299960	402726912834803	402726901807669
402726901522929	402726921050481	402726901811575
402726918178762	402726929266887	402726918475012
402726934900117	402726945699595	402726935204804
402726951580898	402726962132356	402726951856731
402726968242825	402726978566575	402726968521262
402726984889856	402727003212668	402726986563762

POLL t=281.1 tick=3368
8333333
402736141329332	402736156566623	402736141649696
402736158020790	402736173000217	402736158313082
402736174703134	402736189434384	402736174983394
402736191377353	402736205869123	402736191655894
402736208076207	402736222304384	402736215505165
402736242008238	402736255174176	402736242378915
402736242371832	402736263391362	402736242503551
402736258883707	402736271608394	402736259174540
402736275612457	402736288042144	402736275907040
402736292263446	402736304472873	402736292542196
402736308932301	402736320903810	402736309206884
402736325602613	402736337335478	402736334091571
402736358638238	402736370197977	402736359057196
402736358970478	402736378413966	402736359060321
402736375682040	402736386629644	402736375988603
402736392303863	402736403061623	402736392587353
402736408987665	402736419493498	402736409257144
402736425656103	402736435925790	402736426039957
402736442343134	402736460577300	402736447740946
402736475609175	402736493444800	402736475971050
402736475833134	402736501660737	402736475976884
402736492531259	402736509877508	402736492808915
402736509190894	402736526309643	402736509473082
402736525847196	402736542743030	402736526218707
402736542523863	402736559174071	402736542886728
402736559235425	402736575606519	402736560406728
402736592907196	402736608471831	402736593317769
402736593200009	402736616687977	402736593351884
402736609752300	402736624904227	402736610036571
402736626417509	402736641337040	402736626856988
402736643136571	402736657766779	402736643424019
402736659822040	402736674197664	402736660101988
402736676465425	402736690629279	402736686002196
402736709639384	402736723491519	402736709987769
402736709834488	402736731706779	402736709992300
402736726477821	402736739921831	402736726873759
402736743172352	402736756351310	402736743489696
402736759890113	402736772782404	402736760172196
402736776554071	402736789212248	402736776830946
402736793228446	402736805640164	402736793495477
402736827053550	402736838494331	402736827577977
402736827252040	402736846708342	402736827601207
402736843917457	402736854922404	402736844199071
402736860578238	402736871351935	402736860876884
402736877282196	402736887781884	402736877585321
402736893955009	402736904211363	402736894239852
402736910630477	402736928855790	402736915603759
402736943722509	402736961717977	402736944130165
402736944139384	402736969933810	402736944130738
402736960699019	402736978149695	402736960992300
402736977353446	402736994580424	402736977672665
402736994011259	402737011011570	402736994296727
402737010685009	402737027442664	402737010963134
402737027350790	402737043870321	402737034999071
402737061013759	402737076731101	402737061389800
402737061281831	402737084947977	402737061426206
402737077863290	402737093164018	402737078156519
402737094601415	402737109596727	402737094878759
402737111259696	402737126029747	402737111543602
402737127941102	402737142461831	402737128295581
402737144619175	402737158894643	402737146492144
402737178381831	402737191755686	402737178899540
402737178946519	402737199971727	402737179058759
402737195329696	402737208186414	402737195645477
402737212056884	402737224617039	402737212306415
402737228712456	402737241048133	402737229089071
402737245408706	402737257483185	402737245737508
402737262062040	402737273918446	402737269588133
402737295221883	402737306783862	402737295685165
402737295725790	402737314999643	402737295842040
402737312262613	402737323215008	402737312570581
402737328873602	402737339647508	402737329263863
402737345570113	402737356079747	402737345852196
402737362267821	402737380725789	402737362550790
402737378909383	402737397155946	402737383906675
402737412506415	402737430019071	402737412815477
402737412694800	402737438236206	402737412820269
402737429390581	402737446451571	402737429781571
402737446103290	402737462883289	402737446388238
402737462786831	402737479316571	402737463069227
402737479493446	402737495749331	402737479764227
402737496332456	402737512181205	402737501900633
402737529893290	402737545050945	402737530363915
402737530183915	402737553268706	402737530371415
402737546857144	402737561486570	402737547144540
402737563581571	402737577921467	402737563875894
402737580260269	402737594354175	402737580547040
402737596931206	402737610787873	402737597195008
402737613636102	402737627221935	402737614430477
402737647558081	402737660083445	402737647906571
402737647761206	402737668299122	402737647932821
402737664577300	402737676516362	402737664875477
402737681217665	402737692944695	402737681502508
402737697810946	402737709377143	402737698087665
402737714526987	402737725809383	402737714801206
402737731228706	402737742242196	402737734429956
402737765243758	402737783322039	402737765560633
402737765643550	402737791538758	402737765777977
402737782246727	402737799756154	402737782577456
402737798903290	402737816193289	402737799199175
402737815529383	402737832626206	402737815810008
402737832221831	402737849058758	402737832591206
402737848933758	402737865492716	402737851334019
402737879862977	402737890141935	402737880244071
402737882705060	402737898360164	402737882980790
402737898974800	402737914796049	402737899269071
402737915606414	402737931232821	402737915900946
402737932292769	402737947670841	402737932659175
402737948922508	402737964109018	402737949199696
402737965593237	402737980545112	402737965962821
402737998137300	402738013419122	402737998450477
402737998882352	402738021638549	402737999236727
402738015561206	402738029857456	402738015875633
402738032286102	402738046293862	402738032651883
402738048948237	402738062731883	402738049224227
402738065540164	402738087387091	402738079172977
402738082276362	402738095606414	402738082710633
402738115798758	402738128477559	402738116116102
402738116060112	402738136694747	402738116125946
402738132728914	402738144913445	402738133255164
402738149353550	402738161347612	402738149645581
402738166065164	402738177783862	402738166352769
402738182714800	402738194220998	402738182999852
402738199449852	402738210657560	402738200382821
402738228244071	402738243527768	402738228672821
402738232711883	402738251745894	402738233019800
402738249467508	9223372036854775807	402738249744956

POLL t=292.3 tick=3453
8333333
402747400395317	402747413438285	402747400684067
402747417136255	402747429868494	402747417420005
402747433793390	402747446297295	402747434070473
402747450458078	402747462728233	402747450742453
402747467133130	402747479157765	402747469552192
402747509421046	402747520238390	402747509807036
402747509571202	402747528453597	402747509875942
402747526257661	402747536668234	402747526573390
402747542997817	402747561313754	402747543304952
402747559650161	402747577746619	402747559927661
402747576303598	402747594178649	402747576673130
402747592995942	402747610610786	402747596686411
402747626525161	402747643473390	402747626909536
402747626743911	402747651687713	402747626914223
402747644833025	402747659902087	402747645072348
402747661254171	402747676334640	402747661626880
402747677900786	402747692764639	402747678182036
402747694537765	402747709195369	402747694824692
402747711251255	402747725626358	402747718685004
402747744218754	402747758487035	402747744588911
402747744575629	402747766703911	402747744695317
402747761224067	402747774920681	402747761607192
402747777973129	402747791352088	402747778249536
402747794630734	402747807784743	402747794905317
402747811304067	402747824218806	402747811570161
402747828075317	402747840650681	402747828284640
402747861298286	402747873512451	402747861834067
402747861455161	402747881728337	402747861872348
402747878159067	402747889943598	402747878514379
402747894824067	402747906373650	402747895108598
402747911507765	402747922801931	402747911786515
402747928178286	402747939232348	402747928459067
402747944861515	402747955663754	402747950443911
402747978320786	402747988527817	402747978715317
402747978577817	402747996743962	402747978721254
402747995267504	402748013175212	402747995561046
402748011951098	402748029606306	402748012231827
402748028596984	402748046036202	402748028880161
402748045259848	402748062466358	402748045537661
402748061937140	402748078896827	402748062875317
402748094693911	402748111757140	402748095083442
402748095292921	402748119974900	402748096076515
402748111995004	402748128190213	402748112304015
402748128671671	402748144622660	402748128991567
402748145389379	402748161054067	402748145669848
402748162004692	402748177483546	402748162381723
402748178712817	402748193916463	402748188034692
402748211863754	402748226780473	402748212277765
402748212061879	402748234995941	402748212280629
402748228758233	402748243210786	402748229046254
402748245394015	402748259639535	402748245678911
402748262074848	402748276069848	402748262448286
402748278759848	402748292501201	402748279051827
402748295472036	402748308932400	402748296735265
402748328597973	402748341797868	402748328958390
402748328779223	402748350013285	402748328983911
402748345444796	402748358228806	402748345736098
402748362097608	402748374660316	402748362499223
402748378798129	402748391090004	402748379122817
402748395506879	402748407520472	402748395808858
402748412256567	402748423952087	402748416901254
402748444976098	402748456808962	402748445322192
402748445520577	402748465023545	402748445646567
402748462190942	402748473238858	402748462597192
402748478948598	402748489669535	402748479223754
402748495549848	402748506101670	402748495838233
402748512275265	402748530752035	402748512555629
402748528951827	402748547182451	402748529161515
402748562224640	402748580046827	402748562769327
402748562432921	402748588264327	402748562775473
402748579137296	402748596480316	402748579477348
402748595831827	402748612910994	402748596421410
402748612499483	402748629341879	402748612789171
402748629170421	402748645772504	402748629509431
402748645857973	402748662205420	402748654497765
402748679541723	402748695068442	402748679858858
402748679887973	402748703284431	402748680068233
402748696516254	402748711500316	402748696811202
402748713198858	402748727934952	402748713483754
402748729859483	402748744368858	402748730134379
402748746530004	402748760799014	402748746809379
402748763259848	402748777229431	402748763498754
402748795833390	402748810094066	402748795982348
402748798905994	402748818311097	402748799144535
402748815263285	402748826528337	402748815545942
402748831931723	402748842962868	402748832187139
402748848598910	402748859395368	402748848862452
402748865231202	402748884040160	402748879635942
402748881943598	402748892255524	402748882269067
402748915636410	402748933332816	402748915910942
402748915852035	402748941548180	402748915916671
402748932649535	402748949764952	402748932939223
402748949273285	402748966198233	402748949541046
402748965940108	402748982630889	402748966334692
402748982677764	402748999064431	402748982947192
402748999232973	402749015499587	402749008745317
402749031295473	402749048372034	402749031622608
402749032620733	402749056590420	402749032963129
402749049298910	402749064807503	402749049570733
402749065908441	402749081239691	402749066278129
402749082613285	402749097670421	402749082886879
402749099253441	402749114103493	402749099529848
402749115955004	402749130538076	402749116278546
402749145477660	402749163410837	402749145778858
402749149161514	402749171629848	402749149456983
402749165930160	402749179848441	402749166304223
402749182600889	402749196287139	402749182877504
402749199249171	402749212723493	402749199512816
402749215901098	402749229159066	402749224629848
402749249323285	402749262022816	402749249665889
402749249578598	402749270239743	402749249666671
402749266198285	402749278456514	402749266581098
402749282885264	402749294888025	402749283173702
402749299583285	402749311320941	402749299861098
402749316247660	402749327752087	402749316534379
402749332940004	402749344185316	402749337234066
402749365887973	402749377053024	402749366411671
402749366276358	402749385269118	402749366417348
402749382930473	402749393483702	402749383213702
402749399645160	402749409912608	402749399933598
402749416305941	402749434559066	402749416584066
402749432963910	402749450989743	402749433239796
402749449618441	402749467422503	402749451086827
402749483284848	402749500288128	402749483657973
402749483509639	402749508505524	402749483665420
402749500217660	402749516721827	402749500504014
402749516925316	9223372036854775807	402749517169223

POLL t=303.6 tick=3539
8333333
402758647963542	402758669067135	402758648096979
402758664622292	402758677279687	402758664948854
402758681319323	402758693705313	402758681614688
402758697988542	402758710135000	402758698417813
402758714656667	402758726564271	402758714945157
402758731369948	402758742995313	402758735908386
402758764494011	402758775855468	402758764842917
402758764815886	402758784071511	402758764942761
402758781385886	402758792287656	402758781680313
402758798104844	402758808719323	402758798508750
402758814785261	402758825152031	402758815062813
402758831472344	402758849802604	402758831737344
402758848203594	402758866234271	402758853831250
402758881211979	402758899102187	402758881561823
402758881456823	402758907318906	402758881568125
402758898100729	402758915536094	402758898491406
402758914754323	402758931971875	402758915094844
402758931471406	402758948406562	402758931753698
402758948155886	402758964841353	402758948442188
402758964823750	402758981277395	402758967725469
402758997925625	402759014142344	402758998454531
402758998081250	402759022360365	402758998488698
402759014754375	402759030577604	402759015052344
402759031447656	402759047013281	402759031762188
402759048148542	402759063448698	402759048434219
402759064813438	402759079882031	402759065090156
402759081518906	402759096312343	402759088425781
402759115058594	402759129177603	402759115412188
402759115436042	402759137392292	402759115550886
402759131973906	402759145607708	402759132247448
402759148689375	402759162037760	402759149002604
402759165339219	402759178466042	402759165614479
402759182007031	402759194894895	402759182280417
402759198672344	402759211324792	402759202361563
402759231140417	402759244185364	402759231453281
402759231955156	402759252400625	402759232275313
402759248655104	402759260614531	402759248946563
402759265655365	402759277045573	402759265909844
402759282065469	402759293479375	402759282335469
402759298702292	402759309911094	402759299089219
402759315327188	402759326341823	402759324047969
402759348512135	402759359211041	402759348828750
402759348618229	402759367429114	402759348856250
402759365298906	402759375646874	402759365613073
402759381982656	402759392081823	402759382281354
402759398656875	402759416733489	402759399044375
402759415376354	402759433164843	402759415657448
402759432159792	402759449596042	402759436342917
402759466003281	402759482461562	402759466450625
402759466478906	402759490677500	402759466627031
402759484404688	402759498893750	402759484676198
402759500757656	402759515325312	402759501129219
402759517449687	402759531757291	402759517732031
402759534120781	402759548189166	402759534394375
402759550806510	402759564622968	402759553077031
402759583978281	402759597486979	402759584418854
402759584260625	402759605703072	402759584424844
402759600880156	402759613919270	402759601265781
402759617546719	402759630351822	402759617834062
402759634289375	402759646784114	402759634551250
402759650935885	402759663216771	402759651217292
402759667599792	402759679651979	402759672715781
402759700497917	402759712519999	402759700942969
402759700919844	402759720737083	402759701029062
402759717627292	402759728955468	402759717916094
402759734298698	402759745386302	402759734576094
402759751009167	402759761815833	402759751279687
402759767657917	402759778245989	402759767930625
402759784345781	402759794678541	402759785534010
402759814001510	402759827540364	402759814460260
402759817676823	402759835755521	402759818012760
402759834332812	402759852184426	402759834638385
402759851009635	402759868614270	402759851268437
402759867647604	402759885045312	402759867965781
402759884384062	402759901476093	402759897771875
402759900980156	402759917909479	402759901305937
402759934556198	402759950772186	402759934699687
402759934772500	402759958987812	402759934894531
402759951482500	402759967204374	402759951789479
402759968215000	402759983637238	402759968497604
402759984887969	402760000068801	402759985158750
402760001516406	402760016500052	402760013538594
402760018255625	402760032932968	402760018592760
402760054413281	402760065798541	402760054775937
402760054678125	402760074014843	402760054780937
402760071406875	402760082230208	402760071684219
402760088105625	402760098661614	402760088378906
402760104743229	402760123307708	402760105113854
402760121493698	402760139740468	402760128084062
402760155353229	402760172605988	402760155660885
402760155665260	402760180823906	402760155819531
402760172386718	402760189041770	402760172753281
402760189053125	402760205476041	402760189339010
402760205723593	402760221910989	402760206084531
402760222345625	402760238341718	402760222621875
402760239094166	402760254773228	402760239424166
402760271071250	402760287640832	402760271438802
402760272808177	402760295858333	402760273103437
402760289105260	402760304075884	402760289387500
402760305726823	402760320509062	402760306096875
402760322684687	402760336941979	402760322764375
402760339120416	402760353374322	402760339416093
402760355831666	402760369808645	402760357297968
402760389121250	402760402675885	402760389434687
402760389295260	402760410891562	402760389481562
402760406031875	402760419106926	402760406446562
402760422728437	402760435536874	402760423035468
402760439361093	402760451967655	402760439641562
402760456157187	402760468398384	402760456427604
402760472765104	402760484828802	402760473058229
402760489390885	402760501261979	402760492655416
402760523454062	402760534121614	402760524452968
402760523901093	402760542337030	402760524459843
402760540445156	402760550553125	402760540760104
402760557083750	402760575199374	402760557375625
402760573704062	402760591629843	402760573992760
402760590367500	402760608060416	402760590663698
402760607091666	402760624490312	402760612959062
402760639778281	402760657348541	402760640098125
402760640410781	402760665562811	402760640829947
402760657078593	402760673777291	402760657375937
402760673935416	402760690204322	402760674092187
402760690463906	402760706632759	402760690746406
402760707102031	402760723062395	402760707490937
402760723842760	402760739493958	402760724727031
402760753195156	402760764138749	402760753569479
402760757129635	9223372036854775807	402760757492968

POLL t=314.8 tick=3624
8333333
402769904472496	402769915869839	402769904748434
402769921140152	402769932300203	402769921410621
402769937829631	402769948727287	402769943035934
402769971951402	402769989799267	402769972325152
402769972460621	402769998012287	402769972584371
402769989116246	402770006225725	402769989422340
402770005791558	402770022654839	402770006069944
402770022447600	402770039087339	402770022772652
402770039108069	402770055520308	402770039472913
402770055785413	402770071951506	402770060533277
402770089234683	402770104815985	402770089617183
402770089480413	402770113030829	402770089622131
402770106120777	402770121246610	402770106432600
402770122829163	402770137677496	402770123118902
402770139467183	402770154107235	402770139865621
402770156197913	402770170537027	402770156483433
402770172880152	402770186967443	402770178458746
402770205965569	402770219830985	402770206360569
402770206174371	402770228047444	402770206366090
402770222822131	402770236262652	402770223175256
402770239507027	402770252692444	402770239890777
402770256210777	402770269118798	402770256494058
402770272872183	402770285546142	402770273146975
402770289550621	402770301974631	402770293883277
402770323479058	402770334832235	402770323964683
402770323778902	402770343046766	402770323974475
402770340366090	402770351261245	402770340752965
402770357133850	402770367689526	402770357582288
402770373760152	402770384117391	402770374039840
402770390428902	402770400545881	402770390728121
402770407113277	402770425192027	402770411538277
402770440678746	402770458051818	402770441366350
402770441119527	402770466267652	402770441382600
402770457594996	402770474482964	402770457917287
402770474301871	402770490914006	402770474593590
402770490983694	402770507343224	402770491264058
402770507648850	402770523775568	402770507921871
402770524321402	402770540203797	402770532177756
402770557527444	402770573062235	402770557916871
402770557738694	402770581276922	402770557921558
402770574470308	402770589492443	402770574826246
402770591103590	402770605921610	402770591377965
402770607766350	402770622349422	402770608097287
402770624450152	402770638779110	402770624734371
402770641123746	402770655209266	402770646646090
402770671484631	402770688065308	402770671808746
402770674365621	402770696278850	402770674661714
402770691083225	402770704491610	402770691368746
402770707721506	402770720917443	402770708054683
402770724379683	402770737344422	402770724674058
402770741040569	402770753771193	402770752703069
402770757777964	402770770202131	402770758200881
402770791469214	402770803066610	402770791771194
402770791710464	402770811281245	402770791781402
402770808341558	402770819496558	402770808636975
402770825061975	402770835925152	402770825345152
402770841723225	402770852352964	402770842101871
402770858395777	402770876997182	402770871510152
402770875068537	402770885211506	402770875546819
402770908473433	402770926283433	402770908899214
402770908669683	402770934497600	402770908906714
402770925345308	402770942712964	402770925704996
402770942060933	402770959144474	402770942438850
402770958709944	402770975574371	402770958987652
402770975384683	402770992004318	402770975687756
402770992104996	402771008435047	402770994076246
402771025565100	402771041289526	402771025949214
402771025850464	402771049504318	402771025957183
402771042462339	402771057718589	402771042837652
402771059132183	402771074145620	402771059455621
402771075861819	402771090572651	402771076125152
402771092505621	402771107001505	402771092791246
402771109192183	402771123432391	402771116076350
402771140376089	402771156303172	402771140867183
402771142478902	402771164519526	402771142833746
402771159377027	402771172734839	402771159657808
402771175857756	402771189164475	402771176142183
402771192553746	402771205594161	402771192833121
402771209252339	402771230241089	402771222759683
402771242077183	402771254890776	402771242566871
402771242588589	402771263107235	402771242724527
402771259294996	402771271322651	402771259575256
402771275925100	402771287754422	402771276204683
402771292662496	402771304186401	402771292934527
402771309306037	402771328838120	402771323706245
402771326011662	402771337054578	402771326354943
402771358338433	402771369915360	402771358702964
402771359232495	402771378131141	402771359584527
402771375971037	402771386347079	402771376250933
402771392657183	402771402778849	402771392939683
402771409338589	402771427430099	402771409628745
402771425989839	402771443861141	402771434543537
402771460083433	402771476717755	402771460434370
402771460455464	402771484931818	402771460544214
402771477057808	402771493146506	402771477335152
402771493707964	402771509575933	402771493995100
402771510389214	402771526004214	402771510668693
402771527079318	402771542432391	402771527351402
402771543772131	402771558859474	402771546260777
402771577283068	402771591713224	402771577632495
402771577664370	402771599927130	402771577870933
402771594347443	402771608141401	402771594679318
402771610970152	402771624569422	402771611263277
402771627681506	402771640998692	402771627959683
402771644364475	402771657425151	402771644716870
402771661021245	402771673853120	402771663325777
402771693632652	402771706712391	402771693953745
402771694299214	402771714927183	402771694681558
402771711021245	402771723141089	402771711298537
402771727769527	402771739574734	402771727941506
402771744325933	402771756005568	402771744689214
402771760994839	402771772435672	402771761267599
402771777678849	402771788867964	402771777984787
402771811218902	402771821730516	402771811567443
402771811473068	402771829947546	402771811616037
402771828155933	402771846381974	402771828430933
402771844787131	402771862813640	402771845170724
402771861456714	402771879243224	402771861735412
402771878125464	402771895674213	402771878410777
402771894792027	402771912106088	402771900470777
402771927453693	402771944970152	402771927841506
402771928148277	402771953185308	402771928551349
402771944845152	402771961400828	402771945256662
402771961542131	402771977831818	402771961814995
402771978208901	402771994260360	402771978484683
402771994890933	402772010690724	402771995178120
402772011525881	402772027121193	402772021039787

POLL t=326.1 tick=3751
8333333
402781138186711	402781162404575	402781138334992
402781154764158	402781170618689	402781155077648
402781171410408	402781187049626	402781171871710
402781188103742	402781203478065	402781188397179
402781204832492	402781219908950	402781205103117
402781221505617	402781236337804	402781230384210
402781252388429	402781269195980	402781252775617
402781254748742	402781277412075	402781255206242
402781271513117	402781285628637	402781271955929
402781288216971	402781302060096	402781288506815
402781304849679	402781318487647	402781305124835
402781321496971	402781334916501	402781321779679
402781338205096	402781351344418	402781342654940
402781372912023	402781384204626	402781373537023
402781373189940	402781392420669	402781373592023
402781389806242	402781400636502	402781390087596
402781406558377	402781417067751	402781406901971
402781423185773	402781433497699	402781423457492
402781439854367	402781449928272	402781440128846
402781456546346	402781474573585	402781465282127
402781490840773	402781507433793	402781491299054
402781491124315	402781515647700	402781491319887
402781507710877	402781523861866	402781508046190
402781524423742	402781540293741	402781524721033
402781541059471	402781556725512	402781541348117
402781557775929	402781573155720	402781558058273
402781574486085	402781589584939	402781577651346
402781607717023	402781622444418	402781609231606
402781607882804	402781630659419	402781609255669
402781624538742	402781638874418	402781624843533
402781641227283	402781655304783	402781641540617
402781657947179	402781671735095	402781658226085
402781674577752	402781688165356	402781674958533
402781691290929	402781704596710	402781701340617
402781725033273	402781737455980	402781725396710
402781725214210	402781745669991	402781725408846
402781741936971	402781753883949	402781742276502
402781758574523	402781770310669	402781758862179
402781775278221	402781786738585	402781775639835
402781791943117	402781803167491	402781792219627
402781808634210	402781819598168	402781815169679
402781842630564	402781860673949	402781842991710
402781842869314	402781868888533	402781842997127
402781859514991	402781877102283	402781859796971
402781876229523	402781893530980	402781876601554
402781892881554	402781909959991	402781893156710
402781909545304	402781926389991	402781909834158
402781926232648	402781942821450	402781928692491
402781959391971	402781975680095	402781959784366
402781959631085	402781983894886	402781959805460
402781976206554	402781992108897	402781976594939
402781992924210	402782008538845	402781993229991
402782009609939	402782024969366	402782009894210
402782026298689	402782041398533	402782026576814
402782042974679	402782057829418	402782048959783
402782076342648	402782090687647	402782076852127
402782076691710	402782098901345	402782076917752
402782093154210	402782107115459	402782093453116
402782109880773	402782123543636	402782110171033
402782126506710	402782139972126	402782126794210
402782143171398	402782156401554	402782143461033
402782159851241	402782172827074	402782160156398
402782176690148	402782189254314	402782182745929
402782208721554	402782222111762	402782209082023
402782209832439	402782230328532	402782210199783
402782226492491	402782238544679	402782226789835
402782243188741	402782254977959	402782243481866
402782259839835	402782271407648	402782260156710
402782276513429	402782287840303	402782276898064
402782293174523	402782304271709	402782293498116
402782326463741	402782337134835	402782326861710
402782326624991	402782345349939	402782326867960
402782343266554	402782353566554	402782343581866
402782359943898	402782369999105	402782360282491
402782376621554	402782394642907	402782376999366
402782393418273	402782411073897	402782393686710
402782410119366	402782427504105	402782417091398
402782444272752	402782460362751	402782444436398
402782444556710	402782468576762	402782444679470
402782461320929	402782476790876	402782461647804
402782477953741	402782493217022	402782478322647
402782494661710	402782509644782	402782494936241
402782511347335	402782526072387	402782511625929
402782528049991	402782542500980	402782528859939
402782562473116	402782575358324	402782562838897
402782562774210	402782583573481	402782562855564
402782579444835	402782591789574	402782579854783
402782596114314	402782608219626	402782596389366
402782612775772	402782624648897	402782613053220
402782629459991	402782649291137	402782641736345
402782662214366	402782673933585	402782662524366
402782662814627	402782682147230	402782662916241
402782679502908	402782690360564	402782679871554
402782696197127	402782706789209	402782696469991
402782712859522	402782723218532	402782713136189
402782729476085	402782747861449	402782729751085
402782746188272	402782764292491	402782746293116
402782776499210	402782788939209	402782776880772
402782779448585	402782797154209	402782779740147
402782796142335	402782813582751	402782796432960
402782812809002	402782830011762	402782813105877
402782829601397	402782846442334	402782829874210
402782846158377	402782862873481	402782854079679
402782877691866	402782895731814	402782878150095
402782879426085	402782903947126	402782879768897
402782896225251	402782912163324	402782896494991
402782912811554	402782928595928	402782913098897
402782929444679	402782945023480	402782929725772
402782946156189	402782961453533	402782946425147
402782962806241	402782977884001	402782963122491
402782997010564	402783010745720	402782997366658
402782997378897	402783018961032	402782997528064
402783013856710	402783027175563	402783014142647
402783030566658	402783043603272	402783030851345
402783047245720	402783060032438	402783047567647
402783063919835	402783076462335	402783064197647
402783080581189	402783092892959	402783087706554
402783114489210	402783125755146	402783114874991
402783114911553	402783133970355	402783114987491
402783131359835	402783142185876	402783131691033
402783148111033	402783158616917	402783148385303
402783164745928	402783183267438	402783165019470
402783181373741	402783199699730	402783181752960
402783198148064	402783216132178	402783201603533
402783231402751	402783248994365	402783231771033
402783231608272	402783257210824	402783231841345
402783248281189	9223372036854775807	402783248562491

POLL t=337.3 tick=3836
8333333
402792337883269	402792350924206	402792338177175
402792354548373	402792367353893	402792354863269
402792371278894	402792383781914	402792371632175
402792387970456	402792400208529	402792388255612
402792404597956	402792424849934	402792419428894
402792421267175	402792433064831	402792421591081
402792454726862	402792465927383	402792455040092
402792454876394	402792474141809	402792455048269
402792471565092	402792482356602	402792471869675
402792488289050	402792498789206	402792488570456
402792504935300	402792515221081	402792505307019
402792521570144	402792539862175	402792521859779
402792538285248	402792556291550	402792539991498
402792572524623	402792589148685	402792573037800
402792572960769	402792597364987	402792573038894
402792589483842	402792605581810	402792589805144
402792606067019	402792622013789	402792606449779
402792622748737	402792638443737	402792623042592
402792639483529	402792654875352	402792639768842
402792656200612	402792671304153	402792664350144
402792690467175	402792704161966	402792690822331
402792690738529	402792712376445	402792690828373
402792707319519	402792720590716	402792707696029
402792724085091	402792737018633	402792724370612
402792740707279	402792753446289	402792740979050
402792757375769	402792769877018	402792757649050
402792774065144	402792786307695	402792776375300
402792807166706	402792819169518	402792807797123
402792807456966	402792827384309	402792807804675
402792824054675	402792835599831	402792824358425
402792840790144	402792852030351	402792841065091
402792857454987	402792868460508	402792857738737
402792874108529	402792884886081	402792874417123
402792890791550	402792901312644	402792894018269
402792920187123	402792934167852	402792920493685
402792924103112	402792942382851	402792924395248
402792940720143	402792958812174	402792941007331
402792957408425	402792975240299	402792957700300
402792974111237	402792991666861	402792974393425
402792990766237	402793008096289	402793005180300
402793007443112	402793024524570	402793007813425
402793042415925	402793057381237	402793042752487
402793042665925	402793065596966	402793042770143
402793059310091	402793073812487	402793059619831
402793076050456	402793090241601	402793076317435
402793092676550	402793106671497	402793092953893
402793109341862	402793123099727	402793109710456
402793126035143	402793139530143	402793129628425
402793159420612	402793172385248	402793159869675
402793159721341	402793180599466	402793159878893
402793176312018	402793188814882	402793176595768
402793192983373	402793205243112	402793193302904
402793209663425	402793221668945	402793210191706
402793226369154	402793238095091	402793226645248
402793243032175	402793254521289	402793243309206
402793259730612	402793270948581	402793261943737
402793293697018	402793312016914	402793294068268
402793293865143	402793320231602	402793294134831
402793310527956	402793328447279	402793310906550
402793327219154	402793344876549	402793327509154
402793343928425	402793361307382	402793344211081
402793360590300	402793377735351	402793360861081
402793377254622	402793394164518	402793388169206
402793411172487	402793427019622	402793411659518
402793411371081	402793435234049	402793411664518
402793428095768	402793443448685	402793428325143
402793444752331	402793459876289	402793445042279
402793461380300	402793476304570	402793461668529
402793478032591	402793492730090	402793478326654
402793494762331	402793509157956	402793498296393
402793528246393	402793542013633	402793528584675
402793528434831	402793550228997	402793528596966
402793545090247	402793558445351	402793545380143
402793562059154	402793574875976	402793562320404
402793578526810	402793591303476	402793578803372
402793595144049	402793607728424	402793595423893
402793611860247	402793624154518	402793621703372
402793644427956	402793657011028	402793644753893
402793645152018	402793665225560	402793645514206
402793661926549	402793673440820	402793662208424
402793678596862	402793689868632	402793678842018
402793695222956	402793706294986	402793695555456
402793711880924	402793722720872	402793712246237
402793728600924	402793739147955	402793730497018
402793759249362	402793772000351	402793759592487
402793761912018	402793780213736	402793762235299
402793778534362	402793796638892	402793778821497
402793795214154	402793813065976	402793795506706
402793811904674	402793829493685	402793812288424
402793828612018	402793845922018	402793843824674
402793845315091	402793862350403	402793845651029
402793875789935	402793886989622	402793876096862
402793878530768	402793895201913	402793878843581
402793895265456	402793911625455	402793895554779
402793911899831	402793928050143	402793912271706
402793928592018	402793944475663	402793928866393
402793945254049	402793960900247	402793945527018
402793961974987	402793977324465	402793962463372
402793996519987	402794010172591	402793996829362
402793996825612	402794018385351	402793996935456
402794013423372	402794026597851	402794013817799
402794030096653	402794043022330	402794030382018
402794046779153	402794059446497	402794047047591
402794063448424	402794075870924	402794063716237
402794080210299	402794092294674	402794083074206
402794114172799	402794125145403	402794114835716
402794114625299	402794133359674	402794115046549
402794131237174	402794149788789	402794131533528
402794147923060	402794166215767	402794148215091
402794164583112	402794182643163	402794164864362
402794181246341	402794199070612	402794181576393
402794197899778	402794215496549	402794206697174
402794232346341	402794248344205	402794232707799
402794232574518	402794256555455	402794232712643
402794249208424	402794264767278	402794249501185
402794265915768	402794281192538	402794266194674
402794282585299	402794297617902	402794282861810
402794299256393	402794314043684	402794299569830
402794315953580	402794330470038	402794318649674
402794349680612	402794363321549	402794350037903
402794349903580	402794371535247	402794350043997
402794366605299	402794379747121	402794366900768
402794383273737	402794396171757	402794383543997
402794399889205	402794412596861	402794400184153
402794416610768	402794429021757	402794416984205
402794433326862	402794445445767	402794436565872
402794468753737	9223372036854775807	402794469217799

POLL t=348.5 tick=3921
8333333
402803609439619	402803629564775	402803609620296
402803626114046	402803637781389	402803626399202
402803642783369	402803654213733	402803643158889
402803659476650	402803670645920	402803659887900
402803676183108	402803687078732	402803676471389
402803692763889	402803711726961	402803703731233
402803726382796	402803744586284	402803726732275
402803726594202	402803752801441	402803726737744
402803743237431	402803761016961	402803743529827
402803759958212	402803777445191	402803760332796
402803776635139	402803793874774	402803776910921
402803793300712	402803810303472	402803793618681
402803810001077	402803826734878	402803810225608
402803843936077	402803859600191	402803844385139
402803844316650	402803867815711	402803844481546
402803860845243	402803876032274	402803861232952
402803877589202	402803892466285	402803877866389
402803894245712	402803908898159	402803894517952
402803910907587	402803925328368	402803911196962
402803927578368	402803941756702	402803929489931
402803960897587	402803974613941	402803961357743
402803961082275	402803982828368	402803961371077
402803977753681	402803991043525	402803978038577
402803994408421	402804007472222	402803994701546
402804011135243	402804023901181	402804011414775
402804027836962	402804040329253	402804028096858
402804044459358	402804056757483	402804044767796
402804061137483	402804073187795	402804066251025
402804100386337	402804114266389	402804100760764
402804100685608	402804122482951	402804100765400
402804117326806	402804130700503	402804117607952
402804133986858	402804147134409	402804134266493
402804150648056	402804163569774	402804150925139
402804167321077	402804180004617	402804167688420
402804183983108	402804196436024	402804184355868
402804217848837	402804229301024	402804218215400
402804218226077	402804237517847	402804218404514
402804234733420	402804245734566	402804235045295
402804251363108	402804262167378	402804251655087
402804268132952	402804278597951	402804268504202
402804284771702	402804295028472	402804285051233
402804301459045	402804319671076	402804307979358
402804334588681	402804352527430	402804335009358
402804334869150	402804360741858	402804335013837
402804351526493	402804368956753	402804351833525
402804368207743	402804385386961	402804368582795
402804384885400	402804401818837	402804385163733
402804401554358	402804418249357	402804401889202
402804418214150	402804434680034	402804426431545
402804451855452	402804467546753	402804452322847
402804452119827	402804475762743	402804452336025
402804468712795	402804483979149	402804469118681
402804485445400	402804500412847	402804485724462
402804502083993	402804516841753	402804502375139
402804518732014	402804533269462	402804519024045
402804535522327	402804549696597	402804536879202
402804569313420	402804582554565	402804569955556
402804569621233	402804590769618	402804569962795
402804586196702	402804598985347	402804586495139
402804602876806	402804615415920	402804603199202
402804619552639	402804631844566	402804619885868
402804636209514	402804648272847	402804636508733
402804652883264	402804664700191	402804661364149
402804685735764	402804697555087	402804686069306
402804686266962	402804705768576	402804686378108
402804702935920	402804713982378	402804703234358
402804719664931	402804730407951	402804719889514
402804736330451	402804746834149	402804736616858
402804752987483	402804763260242	402804753271024
402804769663837	402804787901128	402804769819358
402804803236493	402804820751336	402804803628576
402804803525712	402804828964357	402804803708576
402804820134149	402804837178159	402804820416493
402804836829983	402804853603524	402804837114618
402804853535295	402804870033315	402804853814358
402804870334358	402804886458836	402804870720868
402804886947170	402804902884930	402804892794149
402804915429306	402804927524358	402804915720712
402804920185764	402804935738940	402804920494670
402804936936858	402804952169201	402804937211493
402804953609514	402804968599097	402804953885920
402804970234670	402804985029513	402804970610451
402804986920608	402805001460034	402804998864201
402805019366701	402805034314982	402805019680087
402805020267170	402805042528159	402805020611076
402805036991649	402805050742222	402805037273889
402805053650608	402805067169044	402805053917951
402805070253681	402805083595295	402805070626181
402805086976649	402805100022482	402805087239306
402805103576493	402805116450763	402805103687795
402805132214826	402805149303993	402805132507431
402805136867326	402805157517169	402805137171962
402805153567951	402805165728992	402805153883733
402805170296858	402805182154669	402805170667587
402805186977326	402805198582169	402805187250608
402805203639670	402805215007430	402805209131858
402805235069670	402805247860920	402805235355764
402805236970608	402805256074097	402805237320608
402805253626858	402805264288055	402805253908108
402805270277639	402805280716492	402805270651024
402805286996649	402805297145399	402805287267170
402805303614826	402805321788108	402805303888368
402805320383264	402805338215503	402805320639983
402805351472951	402805362858784	402805351780555
402805353635399	402805371073576	402805353977430
402805370206233	402805387502378	402805370626858
402805387017899	402805403931701	402805387370399
402805403577639	402805420359669	402805403865295
402805420234982	402805436785972	402805420517170
402805437096389	402805453214513	402805438616232
402805471244149	402805486066597	402805471800868
402805471636389	402805494279357	402805471853264
402805488167795	402805502492222	402805488456493
402805504791701	402805518919670	402805505165868
402805521476232	402805535349201	402805521752118
402805538165555	402805551780503	402805538429826
402805554812951	402805568210242	402805564712743
402805588747014	402805601072534	402805589090607
402805588946493	402805609287951	402805589094982
402805605673420	402805617503419	402805606025712
402805622276180	402805633931649	402805622569982
402805638937639	402805650360190	402805639223524
402805655616232	402805666789461	402805655918837
402805672365764	402805683221076	402805678165920
402805706104618	402805724298680	402805706449045
402805706457430	402805732516544	402805706579930
402805723040399	402805740733940	402805723333889

POLL t=360.2 tick=4007
8333333
402815236926697	402815262638468	402815237063208
402815253575604	402815270853833	402815253878885
402815270244770	402815287287947	402815270535395
402815286960291	402815303719926	402815287241802
402815303615916	402815320151645	402815303994302
402815320403572	402815336580863	402815321423104
402815355520708	402815369437062	402815355861645
402815355715083	402815377652322	402815355901958
402815372372114	402815385869458	402815372673260
402815389089979	402815402301489	402815389373416
402815405749041	402815418733676	402815406185447
402815422426697	402815435163780	402815422708104
402815439108677	402815451593676	402815444097895
402815471883208	402815484451853	402815472231229
402815472457895	402815492666749	402815472570916
402815489168729	402815500881229	402815489465135
402815505806697	402815517311385	402815506247010
402815522475135	402815533744041	402815522748989
402815539153677	402815550178207	402815539439145
402815555829041	402815566612114	402815559741541
402815587097427	402815599476697	402815587521489
402815589115291	402815607691176	402815589476072
402815605823729	402815615905708	402815606260291
402815622483989	402815632334770	402815622800083
402815639143416	402815656977999	402815639425604
402815655810135	402815673407322	402815656089510
402815672468416	402815689837478	402815672637947
402815706905291	402815722695395	402815707691645
402815707165604	402815730912322	402815707696229
402815723755760	402815739128415	402815724147947
402815740503989	402815755560239	402815740790604
402815757157583	402815771989978	402815757437635
402815773826541	402815788420707	402815774110291
402815790528208	402815804852166	402815795230447
402815823814510	402815837714301	402815824182010
402815824024614	402815845929926	402815824186958
402815840696489	402815854144145	402815841022947
402815857528729	402815870574405	402815857837322
402815874050916	402815887004405	402815874336385
402815890734197	402815903435030	402815891008208
402815907430083	402815919866332	402815907955135
402815924153416	402815936297738	402815928175083
402815957327322	402815969162843	402815957707947
402815957619197	402815977378780	402815957791072
402815974162322	402815985594769	402815974447895
402815990862635	402816002026592	402815991148676
402816007502947	402816018460134	402816007883676
402816024240708	402816034894665	402816024524197
402816040904978	402816059543728	402816045598989
402816074448103	402816092403728	402816074793208
402816074776489	402816100617269	402816074940551
402816091364666	402816108832270	402816091651020
402816107997791	402816125260395	402816108398208
402816124689353	402816141690290	402816124975708
402816141331072	402816158120395	402816141616853
402816158047947	402816174550447	402816158672739
402816191337270	402816207412582	402816191706020
402816191511697	402816215627113	402816191768728
402816208191228	402816223841697	402816208579614
402816224856072	402816240270395	402816225170395
402816241569510	402816256700135	402816241894614
402816258242895	402816273128989	402816258524145
402816274894926	402816289558519	402816285244770
402816308697478	402816322414144	402816309207895
402816308863260	402816330629040	402816309211489
402816325545760	402816338844770	402816325877322
402816342254457	402816355274249	402816342533989
402816358905082	402816371703936	402816359198207
402816375573260	402816388133468	402816375856489
402816392273728	402816404564405	402816397531801
402816426337166	402816437428832	402816426876541
402816426700291	402816445644978	402816426882791
402816443247791	402816453861488	402816443543416
402816459947322	402816470293832	402816460243676
402816476671697	402816494943780	402816476953260
402816493324614	402816511376853	402816493600603
402816510019510	402816527808936	402816512270603
402816541770447	402816552454874	402816542073676
402816543253416	402816560671489	402816543570603
402816559981541	402816577103311	402816560355447
402816576681697	402816593533936	402816576955447
402816593380551	402816609965030	402816593668364
402816610041801	402816626396801	402816610405864
402816626788259	402816642828259	402816628409353
402816658071332	402816675687790	402816658368416
402816659968051	402816683902009	402816660327478
402816676713884	402816692115655	402816677005864
402816693360447	402816708546124	402816693636072
402816710055447	402816724976228	402816710408989
402816726662114	402816741408519	402816726939353
402816743429614	402816757842009	402816743827426
402816772230603	402816782486644	402816772540759
402816776814353	402816790701332	402816777124353
402816793364197	402816807132530	402816793645447
402816810016489	402816823562634	402816810386228
402816826711489	402816839994093	402816826990759
402816843405551	402816856423832	402816843663989
402816860134041	402816872854561	402816860467426
402816893763728	402816905710655	402816894054822
402816894148103	402816913925655	402816894261176
402816910716541	402816922140498	402816911139353
402816927411801	402816938571904	402816927675916
402816944045447	402816955003415	402816944296072
402816960650134	402816971433936	402816971042322
402816994104770	402817004295655	402816994508051
402816994456228	402817012510550	402816994632791
402817011086072	402817028941384	402817011483207
402817027823416	402817045373519	402817028108103
402817044438572	402817061805290	402817044718416
402817061113103	402817078237946	402817061392322
402817077806176	402817094669613	402817079275916
402817111596072	402817127532999	402817112048363
402817111805238	402817135749509	402817112086072
402817128440447	402817143965654	402817128728259
402817145132009	402817160396644	402817145414770
402817161816541	402817176827217	402817162093051
402817178482166	402817193258571	402817178764978
402817195176853	402817209693155	402817200610134
402817229236645	402817242560811	402817229586020
402817229453207	402817250776540	402817229591072
402817246156645	402817258992634	402817246440551
402817262766072	402817275428207	402817263056540
402817279430395	402817291863207	402817279719665
402817296158884	402817308296540	402817296424613
402817312829040	402817324727426	402817315446645
402817347023051	402817357590759	402817347442165
402817347452582	402817365807790	402817347610603

POLL t=371.4 tick=4134
8333333
402826440874349	402826453420182	402826441121693
402826457612266	402826469852213	402826457898204
402826474266016	402826486286328	402826474544662
402826490895391	402826502718932	402826491180287
402826507627631	402826519148984	402826509158881
402826540908724	402826552009610	402826541478672
402826541085756	402826560223672	402826541605599
402826557746693	402826568438932	402826558038672
402826574509297	402826584869765	402826574842943
402826591163568	402826601302890	402826591437787
402826607821381	402826625947162	402826608097474
402826624499193	402826642378203	402826631795287
402826657925443	402826675239088	402826658302891
402826658224662	402826683453567	402826658507943
402826674802006	402826691668776	402826675092891
402826691575547	402826708095963	402826691911276
402826708236224	402826724524609	402826708530131
402826724859662	402826740953203	402826725132579
402826741524141	402826757384714	402826748149662
402826774450756	402826790246536	402826774787006
402826775010704	402826798461641	402826774926693
402826791545547	402826806676640	402826791838204
402826808353256	402826823107370	402826808707891
402826824953412	402826839540078	402826825202787
402826841569610	402826855972578	402826841783099
402826858288099	402826872403203	402826863049037
402826891689766	402826905266068	402826892171068
402826892108256	402826913481224	402826892334506
402826908625235	402826921696953	402826908916016
402826925369974	402826938127995	402826925649818
402826942018672	402826954560442	402826942387943
402826958687631	402826970990859	402826959003724
402826975391016	402826987424296	402826977953412
402827008230703	402827020287891	402827008590443
402827008740078	402827028504505	402827008868568
402827025380078	402827036720078	402827025670287
402827042026693	402827053152214	402827042416380
402827058759610	402827069585025	402827059062005
402827075434453	402827086018046	402827075722735
402827092247474	402827110667787	402827098056537
402827125471016	402827143536380	402827125861068
402827125741068	402827151752839	402827125890703
402827142437474	402827159970286	402827142829193
402827159029610	402827176405651	402827159427787
402827175721537	402827192838359	402827176014974
402827192387318	402827209272943	402827192684974
402827209093985	402827225705807	402827215169922
402827242446224	402827258575911	402827242893672
402827242690391	402827266792734	402827242903360
402827259464818	402827275008880	402827259883516
402827276044349	402827291439401	402827276292630
402827292645078	402827307871119	402827292939037
402827309301224	402827324305599	402827309627162
402827325998099	402827340738619	402827327260755
402827359040599	402827373603880	402827359562787
402827359434662	402827381818620	402827359571380
402827376052318	402827390033828	402827376329505
402827392761693	402827406466171	402827393041328
402827409418412	402827422897630	402827409694610
402827426086380	402827439328619	402827426354037
402827442757735	402827455761119	402827445321068
402827476469974	402827488628307	402827476853255
402827476666068	402827496845495	402827476858568
402827493337787	402827505063202	402827493670391
402827509955547	402827521497005	402827510255078
402827526649505	402827537928671	402827526977266
402827543316172	402827554360078	402827543606380
402827560024818	402827570792942	402827567672734
402827593946537	402827611873202	402827594289453
402827594177943	402827620088411	402827594299037
402827610817162	402827628303984	402827611126953
402827627484505	402827644734088	402827627892162
402827644210287	402827661164557	402827644500287
402827660868255	402827677595181	402827661297943
402827677549609	402827694025494	402827684342943
402827710744818	402827726885390	402827711054505
402827710908203	402827735099973	402827711067943
402827727795391	402827743314140	402827728049141
402827744334661	402827759742943	402827744632734
402827761048568	402827776170703	402827761409974
402827777692734	402827792597005	402827777983568
402827794353359	402827809024088	402827800596484
402827828783724	402827841884349	402827829114036
402827829102318	402827850099036	402827829230911
402827845763568	402827858313880	402827846057005
402827862416380	402827874741380	402827862803880
402827879159661	402827891170911	402827879424818
402827895805755	402827907603203	402827896075286
402827912531849	402827924032786	402827914495755
402827941209505	402827956889817	402827941511068
402827945729766	402827965103515	402827946034505
402827962442943	402827973316900	402827962822109
402827979096380	402827989745442	402827979382786
402827995832422	402828006173931	402827996145547
402828012484661	402828030818306	402828025428880
402828029268099	402828047246276	402828029584349
402828062300391	402828080100129	402828062653099
402828062473828	402828088314973	402828062660286
402828079242318	402828096530442	402828079540755
402828095937266	402828112961223	402828096207005
402828112606797	402828129387786	402828112883568
402828129289922	402828145815911	402828143379974
402828145985234	402828162246745	402828146326224
402828177254349	402828195108203	402828177614609
402828179253724	402828203323567	402828179654974
402828195924349	402828211538932	402828196196693
402828212612318	402828227970911	402828212887630
402828229200599	402828244401120	402828229478359
402828245835130	402828260831432	402828246129193
402828262516536	402828277260546	402828267413047
402828295433568	402828310116327	402828295799661
402828295959036	402828318328567	402828296064765
402828312671068	402828326541588	402828312970390
402828329312317	402828342967681	402828329623724
402828345932942	402828359393984	402828346220859
402828362647005	402828375820962	402828363016849
402828379339817	402828392249192	402828384573099
402828412899661	402828425105442	402828413479349
402828413280234	402828433319661	402828413533099
402828429801328	402828441533671	402828430092786
402828446527474	402828457961900	402828446809609
402828463149661	402828474391796	402828463534817
402828479799192	402828490818150	402828480080755
402828496573672	402828507243671	402828499049349
402828530318047	402828548311901	402828530698515
402828530607109	402828556526328	402828530716797
402828547252005	9223372036854775807	402828547565859

POLL t=382.6 tick=4220
8333333
402837653330283	402837665718095	402837659474501
402837695319449	402837706789136	402837695773564
402837695440751	402837715003303	402837695808876
402837712172574	402837723216324	402837712458095
402837728816376	402837739642886	402837729114658
402837745527470	402837756072417	402837745806949
402837762199033	402837780714553	402837762478668
402837778887470	402837797144344	402837784694033
402837815107470	402837830001689	402837815495699
402837815383876	402837838216167	402837815501168
402837832054658	402837846430386	402837832315856
402837848771220	402837862856689	402837849037158
402837865408564	402837879283771	402837865680283
402837882075283	402837895711376	402837882345595
402837898764033	402837912137210	402837902765908
402837932480856	402837944991324	402837932819449
402837932625856	402837953205387	402837932829814
402837949313095	402837961419500	402837949601533
402837965996689	402837977848615	402837966310543
402837982701845	402837994282782	402837982978095
402837999359293	402838010714917	402837999748408
402838016049449	402838027147730	402838025582783
402838050470283	402838068227730	402838050829605
402838050706064	402838076441793	402838050835595
402838067332314	402838084656896	402838067621064
402838084067105	402838101088720	402838084322939
402838100729605	402838117517626	402838101102783
402838117391533	402838133946688	402838117677470
402838134136376	402838150375438	402838138178720
402838167205282	402838183235178	402838167586012
402838167377626	402838191449032	402838167590751
402838184174189	402838199662522	402838184461376
402838200752314	402838216089188	402838201135387
402838217438876	402838232518719	402838217712939
402838234101376	402838248947314	402838234380595
402838250790907	402838265374813	402838254439345
402838285047574	402838298220699	402838285444814
402838285200855	402838306433824	402838285451845
402838301871793	402838314646792	402838302286220
402838318542782	402838331073199	402838318895439
402838335281793	402838347500438	402838335653355
402838351881480	402838363927991	402838352179345
402838368607314	402838380356220	402838368908095
402838385280282	402838396784552	402838385672782
402838419731324	402838437848876	402838420245803
402838420083876	402838446061011	402838420264397
402838436734189	402838454274709	402838437072314
402838453328876	402838470701219	402838453649137
402838470078251	402838487128563	402838470426845
402838486726845	402838503555647	402838487011220
402838503394345	402838519984032	402838503769032
402838520220855	402838536415021	402838520529970
402838554580126	402838569272417	402838555002939
402838554994657	402838577486115	402838555182314
402838571515907	402838585700959	402838571979137
402838588309293	402838602127677	402838588570595
402838604877730	402838618558458	402838605247105
402838621578720	402838634988563	402838621854918
402838638216220	402838651418615	402838645255439
402838671834032	402838684281115	402838672267053
402838672087105	402838692497157	402838672281480
402838688684449	402838700712417	402838688989136
402838705396532	402838717144761	402838705910126
402838722087626	402838733574865	402838722421845
402838738749136	402838750005230	402838739065230
402838755433980	402838766434813	402838760926532
402838784542261	402838799294240	402838784826845
402838788728199	402838807509344	402838789024814
402838805424449	402838815725438	402838805812470
402838822086063	402838832157365	402838822363251
402838838745438	402838856802834	402838839029345
402838855415699	402838873232157	402838868197261
402838872166376	402838889661896	402838872512782
402838905301688	402838922523251	402838905804813
402838905642261	402838930739501	402838905809813
402838923723303	402838938955906	402838923969136
402838940235074	402838955385021	402838940528511
402838956895595	402838971815438	402838957166532
402838973511220	402838988246219	402838973798095
402838990292105	402839004676532	402838993029657
402839023871324	402839037534188	402839024152938
402839024242782	402839045747990	402839024364970
402839040878095	402839053961376	402839041165438
402839057541845	402839070389448	402839057827001
402839074227938	402839086819761	402839074509657
402839090887001	402839103247729	402839091168824
402839125078355	402839136110438	402839125402105
402839125387001	402839144326167	402839125502001
402839142097157	402839152542365	402839142368511
402839158766063	402839168974761	402839159043407
402839175424657	402839185405282	402839175760751
402839192179970	402839210052052	402839192433563
402839225996845	402839242914188	402839226244188
402839226408720	402839251130334	402839226523251
402839243160595	402839259345750	402839243351636
402839259721845	402839275775542	402839259997626
402839276416220	402839292206792	402839276675126
402839293007470	402839308638980	402839293286167
402839326589032	402839341498199	402839326913824
402839326879605	402839349714656	402839326998824
402839343574970	402839357929604	402839343858563
402839360292626	402839374361427	402839361566376
402839376967261	402839390793563	402839377239032
402839393594188	402839407227104	402839393870438
402839422896480	402839440090646	402839423182313
402839426910282	402839448307313	402839427226688
402839443583563	402839456522730	402839449664345
402839460215595	402839472955385	402839460500438
402839476957626	402839489390854	402839477234605
402839493529761	402839505823251	402839493820907
402839527388407	402839538691792	402839527702469
402839527716011	402839546909604	402839527819813
402839544311167	402839555127104	402839544617105
402839560990126	402839571559188	402839561269344
402839577629657	402839596207261	402839577921167
402839594362157	402839612639083	402839594638199
402839628549917	402839645505073	402839628940855
402839628826792	402839653722104	402839628944969
402839645549969	402839661938823	402839645864344
402839662200699	402839678370438	402839662497574
402839678853251	402839694804187	402839679132469
402839695526636	402839711235073	402839695804344
402839724594032	402839735882833	402839724893199
402839728815438	402839744099240	402839729117469
402839745553042	402839760532052	402839750098667
402839762228876	402839776962885	402839762508199
402839778891844	402839793391375	402839779170438

POLL t=393.8 tick=4310
8333333
402848899203091	402848910883663	402848899516216
402848915978716	402848927310382	402848916255435
402848932593664	402848943738143	402848932958247
402848949250278	402848960166111	402848949524966
402848982437310	402848993018872	402848982880591
402848982758247	402849001231632	402848982891685
402848999260070	402849009444497	402848999554445
402849016037726	402849034081840	402849016315851
402849032664445	402849050507986	402849033029758
402849049322622	402849066933090	402849049607466
402849065997570	402849083362361	402849066276633
402849082673195	402849099789966	402849083181528
402849116422466	402849132646892	402849116770382
402849116616528	402849140860955	402849116773976
402849133269653	402849149073923	402849133710278
402849150000122	402849165499653	402849150290435
402849166650435	402849181927674	402849166929132
402849183318716	402849198354705	402849183605851
402849199988664	402849214781528	402849200535278
402849234192153	402849247636580	402849234753403
402849234519445	402849255849445	402849234767101
402849251067257	402849264063091	402849251431632
402849267716841	402849280486788	402849268092778
402849284434028	402849296911632	402849284727622
402849301086841	402849313340330	402849301360747
402849317754497	402849329769080	402849328165122
402849351767778	402849362619548	402849352118403
402849351981007	402849370832934	402849352126789
402849368648716	402849379044966	402849368969601
402849385358872	402849395470903	402849385639653
402849402018247	402849420109549	402849402309601
402849418688716	402849436535278	402849418960903
402849435356372	402849452958819	402849435730903
402849479402934	402849494019340	402849479881789
402849479683872	402849502232256	402849479887778
402849496355695	402849510444965	402849496661997
402849513029809	402849526870330	402849513546789
402849529674653	402849543293924	402849530045539
402849546347570	402849559718090	402849546634966
402849563032934	402849576146528	402849565363091
402849597195747	402849609004861	402849597601632
402849597383976	402849617217673	402849597609028
402849614053195	402849625431371	402849614348872
402849630771841	402849641859444	402849631276632
402849647446007	402849658285851	402849647724653
402849664149028	402849674713507	402849664431997
402849680808716	402849691140903	402849683485747
402849716067622	402849732212673	402849716409497
402849716242153	402849740428507	402849716433195
402849732893247	402849748643246	402849733276320
402849749634028	402849765072309	402849749914653
402849766304913	402849781501163	402849766580695
402849782953872	402849797932882	402849783229341
402849799624184	402849814361372	402849801357257
402849834262622	402849847214184	402849834761684
402849834450851	402849855426319	402849834775226
402849851112153	402849863639079	402849851406945
402849867772934	402849880063194	402849868075226
402849884504601	402849896487622	402849884786216
402849901160434	402849912910382	402849901441841
402849917798403	402849929336372	402849920368716
402849951171372	402849962191788	402849951528559
402849951322309	402849970405851	402849951533507
402849967995851	402849978619756	402849968315434
402849984666684	402849995044132	402849984989653
402850001384497	402850011468715	402850001660278
402850018053559	402850036107048	402850018336840
402850034681476	402850052535330	402850041038247
402850068569445	402850085389757	402850068979965
402850068760070	402850093602569	402850068988872
402850085391997	402850101815017	402850085678872
402850102133663	402850118240069	402850102422934
402850118744184	402850134666111	402850119029809
402850135454184	402850151093767	402850135830851
402850152158559	402850167522569	402850152591059
402850186579184	402850200381997	402850186944184
402850186784965	402850208597204	402850186952726
402850203533090	402850216812361	402850203860382
402850220253351	402850233242777	402850220525122
402850236882465	402850249672777	402850237254340
402850253563715	402850266104183	402850253835903
402850270225278	402850282534652	402850272787257
402850303762882	402850315393350	402850304149965
402850303981528	402850323609183	402850304168038
402850320705538	402850331823247	402850321003820
402850337359809	402850348253455	402850337782778
402850354023038	402850364683507	402850354301476
402850370757622	402850389325955	402850371045851
402850387351684	402850397540590	402850392137101
402850421912726	402850438615851	402850422948767
402850422126476	402850446831736	402850422976267
402850438893819	402850455048350	402850439273872
402850455581840	402850471480381	402850455856059
402850472304184	402850487910537	402850472579809
402850488908559	402850504339340	402850489182309
402850505693559	402850520766527	402850505869809
402850539355434	402850553622829	402850539795694
402850539550122	402850561834757	402850539806840
402850556284757	402850570048611	402850556571163
402850572963403	402850586477569	402850573250747
402850589643715	402850602906215	402850589924809
402850606324809	402850619337153	402850606588090
402850622986476	402850635765850	402850623317726
402850655129132	402850668619444	402850655424601
402850656363819	402850676833142	402850656709340
402850673014496	402850685047621	402850673288090
402850689690434	402850701478141	402850689964965
402850706333715	402850717909444	402850706611215
402850722989184	402850734339235	402850727978871
402850757676059	402850775406787	402850758071632
402850758063090	402850783620694	402850758230434
402850774626215	402850791835954	402850774919028
402850791276840	402850808266684	402850791572934
402850808065746	402850824696631	402850808409653
402850824664028	402850841128142	402850824950382
402850841334288	402850857560121	402850849437257
402850875652778	402850890423089	402850876130642
402850875888976	402850898637882	402850876150642
402850892519965	402850906854600	402850892816996
402850909259444	402850923287465	402850909533871
402850925904809	402850939720746	402850926189028
402850942593819	402850956150694	402850942951840
402850959255903	402850972580434	402850959806371
402850995133090	402851005436996	402850995598403
402850995535121	402851013651683	402850995743715
402851012136215	402851030082882	402851012438715
402851028789601	402851046514339	402851029069184

POLL t=405.1 tick=4401
8333333
402860154599337	402860173112253	402860162306941
402860188130535	402860205973659	402860188587462
402860188282410	402860214189075	402860188626316
402860204953555	402860222405378	402860205243816
402860221709337	402860238837930	402860221991680
402860238348399	402860255271888	402860238627409
402860255015430	402860271702670	402860260306472
402860288630066	402860304564076	402860289111472
402860288832774	402860312780429	402860289152462
402860305471212	402860320996784	402860305759024
402860322148087	402860337425846	402860322451993
402860338846368	402860353858451	402860339128399
402860355510378	402860370288138	402860363705899
402860388815118	402860403145690	402860389273659
402860389058868	402860411360950	402860389321993
402860405699284	402860419577878	402860405984805
402860422431837	402860436006107	402860422708659
402860439099024	402860452432773	402860439378972
402860455758191	402860468861940	402860459383399
402860489696836	402860501723919	402860490262409
402860490035534	402860509937878	402860490313086
402860506572305	402860518152513	402860506863659
402860523224128	402860534581315	402860523519805
402860539956993	402860551011471	402860540247149
402860556616628	402860567439961	402860561254805
402860589903191	402860600295117	402860590444805
402860590068868	402860608509024	402860590472878
402860606731211	402860624938971	402860607018555
402860623467930	402860641369388	402860623747878
402860640160743	402860657797617	402860640433503
402860656842618	402860674227200	402860658499649
402860690154128	402860707083347	402860690647566
402860690457566	402860715299492	402860690653086
402860707044493	402860723515899	402860707366628
402860723775274	402860739946680	402860724075066
402860740413868	402860756380117	402860749843399
402860773833086	402860789245326	402860774210899
402860774005430	402860797461992	402860774220586
402860790668816	402860805677565	402860791078711
402860807409597	402860822108295	402860807737461
402860824106211	402860838542304	402860824376836
402860840732253	402860854975013	402860843888243
402860883570222	402860896060325	402860884101368
402860883805118	402860904275325	402860884117461
402860900369024	402860912491628	402860900667618
402860917081159	402860928923294	402860917361211
402860933800690	402860945356628	402860934074493
402860950453868	402860961791576	402860952364909
402860983326159	402860994658607	402860983889649
402860983799180	402861002876055	402860983899649
402861000453399	402861011094075	402861000742461
402861017165899	402861027527773	402861017453190
402861033836836	402861043962722	402861034123868
402861050506368	402861060396211	402861053055274
402861083326055	402861101476888	402861083913086
402861083882565	402861109693971	402861084043347
402861100484180	402861117911002	402861100773711
402861117197930	402861134343450	402861117483399
402861133881784	402861150777201	402861134176836
402861150555274	402861167206992	402861153669805
402861183972253	402861200073242	402861184487097
402861184189961	402861208290064	402861184539024
402861200869180	402861216507252	402861201169128
402861217491211	402861232938502	402861217782409
402861234191836	402861249371367	402861234490274
402861250940117	402861265802773	402861251222409
402861267546992	402861282234231	402861270641680
402861301198815	402861315097201	402861301590742
402861301491367	402861323312252	402861301655065
402861318026992	402861331526940	402861318307409
402861334754805	402861347958034	402861335041836
402861351414440	402861364387096	402861351694336
402861368124180	402861380816523	402861368548086
402861401614961	402861413678659	402861402007565
402861401913555	402861421892721	402861402013086
402861418561315	402861430106628	402861418869805
402861435239180	402861446534492	402861435508399
402861451936003	402861462966003	402861458435274
402861481613711	402861495825899	402861481929805
402861485213711	402861504041159	402861485645899
402861501967305	402861512257149	402861502247305
402861518621055	402861528686262	402861518886055
402861535291367	402861553331367	402861535558815
402861569453190	402861586194128	402861569887461
402861569930274	402861594408919	402861570033815
402861586526836	402861602625325	402861586911680
402861603115846	402861619058555	402861603391524
402861619808086	402861635492669	402861620069336
402861654094128	402861668363242	402861654386211
402861654423867	402861676579023	402861654544492
402861671080117	402861684795377	402861671358971
402861687761680	402861701230534	402861688130430
402861704463815	402861717666263	402861704735378
402861739191211	402861750533450	402861739530846
402861739637617	402861758751575	402861739763971
402861756233971	402861766969960	402861756515221
402861772910430	402861783407304	402861773186159
402861789593659	402861808060169	402861789956367
402861806299596	402861824496107	402861806629284
402861842577253	402861857362148	402861842885117
402861842967148	402861865577773	402861843083711
402861859572565	402861873792565	402861859868346
402861876205898	402861890222356	402861883276211
402861905358971	402861923081211	402861905682721
402861909503555	402861931295846	402861909837148
402861926116055	402861939511315	402861926405273
402861942867148	402861955940325	402861943139180
402861959508346	402861972370325	402861967108555
402861993174336	402862005227408	402861993663242
402861993466367	402862013441575	402861993672148
402862011610273	402862029869440	402862011858555
402862027998659	402862046297200	402862028279909
402862044644023	402862054512565	402862044933242
402862061297253	402862079156523	402862063178555
402862094785742	402862112017043	402862095136992
402862095042565	402862120231002	402862095169180
402862111655117	402862128444856	402862111968398
402862128384805	402862144876263	402862128669492
402862145106367	402862161304283	402862152389805
402862179405221	402862194161940	402862179836003
402862179772305	402862202376471	402862179927409
402862196412617	402862210590586	402862196846523
402862213004752	402862227019023	402862213292148
402862229718971	402862243449075	402862230054284
402862246345898	402862259880065	402862247991680
402862279748867	402862292744543	402862280126159
402862279949596	9223372036854775807	402862280173086

