POLL t=10.3 tick=355
8333333
409832818447875	409832841815009	409832818541104
409832848408604	409832866459854	409832848693031
409832876518500	409832891107875	409832876831000
409832876751625	409832899324488	409832876835375
409832906155687	409832923972875	409832906445062
409832934124385	409832948615323	409832934416573
409832934272562	409832956830062	409832934421468
409832963873135	409832981474906	409832964144281
409832995097406	409833006121207	409832995386312
409832995288760	409833014338291	409832995389906
409833024051468	409833038987041	409833024291781
409833054451000	409833071846676	409833054749229
409833054744125	409833080060634	409833054846625
409833082582250	409833096490895	409833082875531
409833115210687	409833129348343	409833115531000
409833115445687	409833137563551	409833115536156
409833144647093	409833162208656	409833145028760
409833174311625	409833186849385	409833174602875
409833174652250	409833195063499	409833174616312
409833203089854	409833219707197	409833203377979
409833233079697	409833244351155	409833233409854
409833233275635	409833252565895	409833233415375
409833261085166	409833277211988	409833261382093
409833289796156	409833301860374	409833290068343
409833290094437	409833310076363	409833290197562
409833318641885	409833334723030	409833318915843
409833347314749	409833359370061	409833347695374
409833347493135	409833367586936	409833347698968
409833376232510	409833392238707	409833376507249
409833404138031	409833416888343	409833404438656
409833404316937	409833425104228	409833404443812
409833433654437	409833449754645	409833433920218
409833463677979	409833474404124	409833463983604
409833463926468	409833482621260	409833463986937
409833492731156	409833507268863	409833493022249
409833522003447	409833540131833	409833522326312
409833522255531	409833548347509	409833522334072
409833552810531	409833564778342	409833553084541
409833581294281	409833597635790	409833581555635
409833581494906	409833605851155	409833581571572
409833611955635	409833622281989	409833612248031
409833642003187	409833655145634	409833642290322
409833642283447	409833663361780	409833642371156
409833671918343	409833688008915	409833672186416
409833702795531	409833720871415	409833703087093
409833703087406	409833729086832	409833703158968
409833731008187	409833745518655	409833731285166
409833759822874	409833770163915	409833760118968
409833760050322	409833778379124	409833760129437
409833789078812	409833803024645	409833789365531
409833819130999	409833835885583	409833819398499
409833819448499	409833844100478	409833819540687
409833849195374	409833860530635	409833849553499
409833878645999	409833893394488	409833878907562
409833878904437	409833901610998	409833878990635
409833909433135	409833926260165	409833909645374
409833937913030	409833950910634	409833938208030
409833938092197	409833959127196	409833938212562
409833968075687	409833983776363	409833968330218
409833997259593	409834008426728	409833997553030
409833997591624	409834016642718	409833997703447
409834025909749	409834041295687	409834026195374
409834055376312	409834065946572	409834055841312
409834055653030	409834074164644	409834055860322
409834083808812	409834098815374	409834084114905
409834112764280	409834123464905	409834113076572
409834112960218	409834131682925	409834113085843
409834142692093	409834156334332	409834142962718
409834170950322	409834180984957	409834171248603
409834171169905	409834189202873	409834171249593
409834199617405	409834213855739	409834199921468
409834229995530	409834246725791	409834230301780
409834230234228	409834254945478	409834230305843
409834260174749	409834271381884	409834260457718
409834290145218	409834304251884	409834290426937
409834290352562	409834312469696	409834290431572
409834318938030	409834337116207	409834319218030
409834348163812	409834361763551	409834348463291
409834348378655	409834369981415	409834348466155
409834379237041	409834394632925	409834379521780
409834411639072	409834427500738	409834411940322
409834411857405	409834435719749	409834411945634
409834441415322	409834452155062	409834441689697
409834472723759	409834485025478	409834473031259
409834472955687	409834493243707	409834473037718
409834502947093	409834517896884	409834503229749
409834533352509	409834550772352	409834533659697
409834533618759	409834558991624	409834533660687
409834563850530	409834575430165	409834564155947
409834595115530	409834608301675	409834595415478
409834595350947	409834616520217	409834595429124
409834626213759	409834641171155	409834626496311
409834628773916	409834649387665	409834629102249
409834657761936	409834674039227	409834658145947
409834687977874	409834698693707	409834688277978
409834688222978	409834706911363	409834688281416
409834718924905	409834731566727	409834719210009
409834749478186	409834764434800	409834749763603
409834749896416	409834772651571	409834750016103
409834766554593	409834780868499	409834766920218
409834805140374	409834821953030	409834805447666
409834805375478	409834830170113	409834805458030
409834835420322	409834846606623	409834835700374
409834866426155	409834879478030	409834866726311
409834866652249	409834887696884	409834866730686
409834896800999	409834912350113	409834897088186
409834928410843	409834945226675	409834928706624
409834928588655	409834953446259	409834928709541
409834958935686	409834969884071	409834959290843
409834990003499	409835002756728	409834990259905
409834990270791	409835010974748	409834990336416
409835018528655	409835035628863	409835018807093
409835048494436	409835060279540	409835048785374
409835048720165	409835068497509	409835048793186
409835078112874	409835093150946	409835078414124
409835107332249	409835117804592	409835107632978
409835107563499	409835126022040	409835107638811
409835137152509	409835150672093	409835137443290
409835166210218	409835183544436	409835166527561
409835166436936	409835191763394	409835166531468
409835195444124	409835208197873	409835195730999
409835225333967	409835241071363	409835225616103
409835225546467	409835249288915	409835225619072
409835255703967	409835265723134	409835255986624
409835287025686	409835298594488	409835287336624
409835287281624	409835306814435	409835287337405
409835317289280	9223372036854775807	409835317560686

POLL t=21.4 tick=698
8333333
409843824598443	409843836363912	409843824857870
409843825054381	409843844582349	409843825132714
409843841685058	409843852799276	409843841965995
409843884663443	409843902103964	409843884955787
409843912653495	409843926759120	409843912926777
409843913040839	409843934976516	409843913136933
409843929706412	409843943194328	409843929973027
409843975568756	409843992493912	409843975864120
409844001972714	409844017142610	409844002449277
409844002385995	409844025358391	409844002449745
409844019056152	409844033574745	409844019359902
409844064407662	409844082870057	409844064718443
409844064815839	409844091083807	409844064925058
409844094750839	409844107514432	409844095037870
409844122229693	409844140381672	409844122487089
409844122616256	409844148597766	409844122698600
409844139349120	409844156814433	409844139631308
409844185297714	409844197900526	409844185553183
409844185679589	409844206119224	409844185763808
409844216030370	409844230772714	409844216090474
409844245373808	409844263641151	409844245638652
409844245808652	409844271858808	409844245894120
409844262395631	409844280076516	409844262680683
409844308702402	409844321163026	409844308987974
409844309125370	409844329380266	409844309215839
409844337924902	409844354033078	409844338142714
409844342400631	409844362250682	409844342729693
409844373209902	409844386906360	409844373493912
409844401593339	409844419775786	409844402088808
409844402146776	409844427992766	409844402186776
409844418769745	409844436210109	409844419053495
409844464962818	409844477296308	409844465246099
409844465511308	409844485512922	409844465596933
409844494306099	409844510164744	409844494589537
409844498815058	409844518381567	409844499093912
409844530888599	409844543034067	409844531017245
409844532309849	409844551252088	409844532591099
409844562680995	409844575905265	409844562801933
409844590259901	409844600559589	409844590548599
409844590607662	409844608776463	409844590829537
409844607342089	409844625211412	409844607747193
409844652015162	409844666298390	409844652278651
409844678139381	409844690949692	409844678427870
409844678549433	409844699167453	409844678640474
409844708089901	409844723818494	409844708491412
409844736787818	409844748469328	409844737080995
409844737148756	409844756686880	409844737265839
409844753907089	409844764905683	409844754197870
409844799757089	409844814211203	409844800083599
409844800301151	409844822428182	409844800383808
409844829033651	409844847081203	409844829299901
409844833630683	409844855298390	409844833918026
409844867162193	409844879947766	409844867450630
409844891594120	409844904599953	409844891918183
409844892123599	409844912817296	409844892221464
409844908865005	409844921034068	409844909255839
409844954561724	409844970334901	409844954830787
409844954923964	409844978552088	409844955017245
409844983767662	409844994988755	409844984095683
409844988265787	409845003206828	409844988554120
409845020303339	409845036075838	409845020390943
409845021627818	409845044292661	409845021951099
409845052121464	409845068941932	409845052208964
409845080583287	409845093593443	409845080888182
409845081129745	409845101809901	409845081223599
409845097614849	409845110025109	409845097906412
409845143768912	409845159321880	409845144102714
409845144253182	409845167538130	409845144302245
409845173305057	409845183971723	409845173589120
409845177472557	409845192188182	409845177750526
409845208286880	409845225055838	409845208730943
409845236719432	409845249708547	409845237028026
409845237220995	409845257926984	409845237317037
409845253724432	409845266145265	409845254013182
409845299071307	409845315450943	409845299347714
409845299423443	409845323668859	409845299527401
409845329361464	409845340103234	409845329695057
409845358575214	409845372977088	409845358872037
409845358972870	409845381195057	409845359077714
409845375640474	409845389412765	409845375930162
409845422698807	409845438720526	409845422935370
409845423089901	409845446939328	409845423192245
409845452137662	409845463378130	409845452222349
409845456409901	409845471596359	409845456689745
409845488209432	409845504470318	409845488314120
409845516981776	409845529126515	409845517268755
409845517329068	409845537345161	409845517433599
409845534034276	409845545565213	409845534336464
409845578772714	409845594873807	409845579057089
409845579377714	409845603090630	409845579566411
409845596078651	409845611307453	409845596370943
409845641262193	409845652401515	409845641545526
409845641699276	409845660620578	409845641801151
409845658345526	409845668838807	409845658643443
409845704647349	409845718144952	409845704911151
409845705008963	409845726362869	409845705114432
409845734251463	409845751016098	409845734525213
409845738375057	409845759232817	409845738661151
409845769748026	409845783884901	409845770040213
409845799490682	409845816757818	409845799750057
409845799896307	409845824977244	409845799994432
409845816641151	409845833195734	409845817028130
409845862037401	409845874286463	409845862298338
409845888780526	409845898942765	409845889091099
409845889254588	409845907161255	409845889338807
409845922848338	409845940036150	409845923123807
409845923258807	409845948256515	409845923367557
409845939901932	409845956475005	409845940190682
409845985724849	409845997565942	409845985997661
409846011890995	409846022220994	409846012280526
409846012303599	409846030438807	409846012366932
409846042933443	409846055092922	409846043198182
409846045670057	409846063310422	409846045885057
409846076621620	409846087963495	409846076896620
409846079086411	409846096181723	409846079384380
409846109000682	409846120836047	409846109277713
409846134538182	409846145487869	409846134857349
409846162684432	409846178354639	409846162973599
409846163071620	409846186572765	409846163155838
409846179708442	409846194791150	409846180005838
409846223077661	409846235879015	409846223413338
409846249719745	409846260529588	409846249984745
409846250163807	409846268746202	409846250248963
409846266880838	409846285177401	409846267167661
409846303764745	409846318042869	409846304119901
409846304215682	409846326259119	409846304306620
409846320886463	409846334475369	409846321262505

POLL t=32.5 tick=945
8333333
409855119469429	409855135265887	409855119757710
409855136180939	409855151701251	409855136474116
409855152793022	409855168134429	409855153180835
409855191886304	409855209221824	409855191951095
409855221412033	409855233871407	409855221663752
409855221887658	409855242086511	409855222016929
409855238592241	409855250303074	409855238915991
409855255225991	409855266736251	409855255592710
409855271941304	409855283169636	409855272205627
409855310441564	409855324254324	409855310759116
409855339634585	409855357124012	409855339920054
409855340135991	409855365343282	409855340231564
409855356708960	409855373562866	409855357092710
409855373358022	409855390000731	409855373694741
409855409260991	409855422877710	409855409544116
409855409641147	409855431095574	409855409748751
409855441770626	409855455752449	409855442066929
409855442990939	409855463970574	409855443311564
409855459591147	409855472189480	409855459970210
409855476317658	409855488626667	409855476585158
409855511598335	409855529720574	409855511862710
409855512297554	409855537938334	409855512629897
409855528888491	409855546156668	409855529168022
409855562892866	409855579028126	409855563034428
409855563223647	409855587246615	409855563331616
409855579989741	409855595465314	409855580293960
409855596647970	409855611900782	409855596925835
409855633985210	409855644769741	409855634039272
409855663953803	409855677646980	409855664170991
409855664390939	409855685867188	409855664484741
409855681063439	409855694086720	409855681362501
409855697729116	409855710528646	409855697996616
409855714389897	409855726971823	409855714664064
409855753321928	409855768073647	409855753431303
409855782129116	409855792729585	409855782454897
409855782678022	409855800948230	409855782763439
409855799160939	409855817384845	409855799457658
409855815830522	409855833820678	409855816093126
409855849802710	409855866697136	409855850085991
409855850154272	409855874916667	409855850271720
409855866985366	409855883135991	409855867402241
409855899813595	409855916016875	409855900067085
409855900294272	409855924237344	409855900386147
409855916954741	409855932457449	409855917254533
409855951126460	409855965335939	409855951409897
409855951522189	409855973556355	409855951623960
409855984291616	409855998215417	409855984571251
409855984943595	409856006435469	409855985324585
409856001560366	409856014655000	409856001882189
409856018234532	409856031093073	409856018509220
409856052500678	409856063965521	409856052815366
409856052947866	409856072184949	409856053267710
409856069545939	409856080404167	409856069849220
409856102297657	409856113277761	409856102557345
409856102919428	409856121496772	409856103265522
409856119672397	409856137934324	409856120080626
409856153865991	409856170812448	409856154378960
409856154563595	409856179032136	409856154669689
409856185974689	409856203691094	409856186275939
409856187696928	409856211908490	409856187967241
409856204285366	409856220128803	409856204580939
409856238986147	409856253008438	409856239278178
409856239408334	409856261227969	409856239507709
409856269973647	409856285887240	409856270264532
409856272653178	409856294105886	409856272974584
409856289349741	409856302323959	409856289648334
409856306065678	409856318759427	409856306336772
409856341840053	409856359844531	409856342135053
409856342286095	409856368063022	409856342417657
409856374832657	409856392715834	409856375137345
409856375688334	409856400934376	409856376004532
409856392360991	409856409154115	409856392627709
409856409058647	409856425591875	409856409346407
409856443446720	409856458462761	409856443774845
409856443910991	409856466681772	409856444040678
409856460488647	409856474901303	409856460875991
409856493500834	409856507775678	409856493799428
409856493988439	409856515993803	409856494058282
409856510635470	409856524211876	409856510927241
409856543477084	409856557087240	409856543768907
409856543911928	409856565307136	409856544080991
409856560669272	409856573526147	409856561079272
409856593760991	409856606403282	409856594055209
409856594141564	409856614622865	409856594247501
409856610818022	409856622841095	409856611118022
409856644525053	409856655715157	409856644808959
409856644958647	409856663933281	409856645075991
409856661697553	409856680370260	409856662115209
409856694706459	409856705025261	409856694940834
409856696672397	409856713244167	409856696958022
409856712030209	409856729682657	409856712301147
409856744870366	409856762556303	409856745133491
409856745378803	409856770773906	409856745456303
409856762097866	409856778992344	409856762495053
409856795248334	409856811866198	409856795527813
409856795647397	409856820085991	409856795775522
409856812340991	409856828304584	409856812617709
409856829045678	409856844741042	409856829309532
409856858700938	409856869395937	409856859129220
409856891678178	409856910488074	409856891960053
409856892235834	409856918704324	409856892323751
409856908864740	409856926921667	409856909185470
409856951464272	409856968004167	409856951751772
409856951872397	409856976221563	409856951957240
409856984837188	409857000874115	409856985110522
409856985271251	409857009091667	409856985388959
409857001984115	409857017309740	409857002274740
409857044301772	409857058399167	409857044591459
409857044675678	409857066618334	409857044769428
409857075543490	409857091272448	409857075855053
409857100485626	409857115923646	409857100780053
409857128803803	409857140578750	409857129093647
409857156516772	409857173453126	409857156777657
409857156890522	409857181672292	409857156977032
409857173523490	409857189891927	409857173908959
409857219989115	409857230986355	409857220203022
409857245924115	409857263859740	409857246227240
409857246170209	409857272078073	409857246295053
409857276260053	409857288516875	409857276541928
409857279702813	409857296737084	409857279989115
409857310106719	409857321395573	409857310396772
409857339144584	409857354268074	409857339399740
409857339588490	409857362486823	409857339658959
409857356219740	409857370705885	409857356506772
409857401760522	409857420020677	409857402032188
409857428479688	409857444678333	409857428794428
409857428661928	9223372036854775807	409857428798022

POLL t=43.5 tick=1301
16666666
409866083368799	409866119548747	409866083654737
409866113711091	409866136220831	409866114010206
409866139792081	409866169566091	409866140035935
409866140283747	409866186236560	409866140371924
409866156979268	409866202906716	409866157264737
409866201075362	409866219581299	409866201416456
409866201449737	409866236253122	409866201576612
409866218065831	409866252924112	409866218365987
409866261032549	409866286262966	409866261319268
409866261515206	409866302934633	409866261606872
409866278248904	409866319606508	409866278542497
409866321949112	409866352947861	409866322169581
409866322561768	409866369617288	409866322882393
409866339279893	409866386288278	409866339549893
409866382921768	409866402960049	409866383224893
409866383390935	409866419632966	409866383476612
409866400099268	409866436303070	409866400477497
409866441098956	409866469645101	409866441388174
409866468076299	409866486319059	409866468346299
409866468621143	409866502990934	409866468727862
409866485254424	409866519658955	409866485560206
409866528870987	409866553000414	409866529199112
409866529247653	409866569668226	409866529372028
409866545877549	409866586337705	409866546185206
409866587688435	409866619681299	409866587983799
409866614174372	409866636351872	409866614519060
409866614603487	409866653022497	409866614702862
409866631195778	409866669692237	409866631488331
409866674842549	409866703031247	409866675125935
409866675286455	409866719703851	409866675384216
409866691899060	409866736376299	409866692305674
409866734816924	409866753046716	409866735138799
409866735284372	409866769716247	409866735385935
409866751920362	409866786384997	409866752284060
409866794692653	409866819723070	409866795133174
409866794997393	409866836393330	409866795139528
409866811712185	409866853064580	409866811996924
409866856510778	409866886407601	409866856794737
409866882201299	409866903083590	409866882517237
409866882560466	409866919756923	409866882723018
409866899243955	409866936428799	409866899640205
409866944261768	409866969765882	409866944527705
409866944668487	409866986435882	409866944777080
409866961353591	409867003106402	409866961659060
409867004910049	409867036450205	409867005215205
409867005281716	409867053123695	409867005383174
409867022060830	409867069796090	409867022300674
409867065160518	409867086468226	409867065471924
409867065572237	409867103139424	409867065654685
409867082197966	409867119808798	409867082510205
409867125420205	409867153150362	409867125695934
409867125913018	409867169820100	409867125991455
409867142477237	409867186490205	409867142769372
409867184873747	409867203159527	409867185180778
409867185253955	409867219828225	409867185354424
409867201855622	409867236499788	409867202253278
409867247918903	409867269837653	409867248148278
409867274165987	409867303176455	409867274490830
409867274613487	409867319843278	409867274723174
409867291126143	409867336510361	409867291351143
409867337214684	409867353181142	409867337507549
409867337619997	409867369850726	409867337764059
409867354204111	409867386519007	409867354518434
409867403574997	409867419858121	409867403644059
409867428657393	409867453195934	409867428940153
409867428860518	409867469866246	409867428945049
409867445639268	409867486535309	409867445899736
409867462308434	409867503207809	409867462564841
409867478961872	409867519876558	409867479238643
409867495624736	409867536542497	409867495987341
409867512315674	409867553214424	409867512576924
409867528995361	409867569884788	409867529278122
409867545639424	409867586554058	409867545891143
409867562306924	409867603224580	409867562564841
409867579132549	409867619893850	409867579301924
409867595663330	409867636563903	409867596030153
409867612360049	409867653233747	409867612605309
409867628912809	409867669906194	409867629196247
409867645627705	409867686578851	409867645904111
409867662350309	409867703249267	409867662620049
409867679019424	409867719918486	409867679281403
409867695655830	409867736588225	409867696097236
409867712357705	409867753259631	409867712621768
409867729074580	409867769931402	409867729339736
409867745765986	409867786603851	409867746038643
409867762444111	409867803275152	409867762699997
409867779063799	409867819946454	409867779323174
409867795687861	409867836618121	409867796064580
409867812416143	409867853286975	409867812675205
409867829096768	409867869958903	409867829364268
409867845803018	409867886631298	409867846057965
409867862416768	409867903303434	409867862677184
409867879062236	409867919975518	409867879322705
409867895695361	409867936644788	409867896105830
409867912435674	409867953315257	409867912686299
409867929139840	409867969985569	409867929386611
409867945763955	409867986656090	409867946030205
409867962410309	409868003325413	409867962671403
409867979071403	409868019997288	409867979330205
409867995769059	409868036670569	409867996130205
409868012458486	409868053341350	409868012720674
409868029094580	409868070011715	409868029352497
409868045764111	409868086679214	409868046026299
409868062422861	409868103350101	409868062687080
409868079102080	409868120019840	409868079351767
409868095706767	409868136690777	409868096111715
409868112413799	409868153359163	409868112678486
409868129093799	409868170030100	409868129349372
409868145771142	409868186701663	409868146018486
409868162403017	409868203373902	409868162656924
409868179072392	409868220041142	409868179322653
409868195695674	409868236710777	409868196064059
409868212420517	409868253380049	409868212676142
409868229119111	409868270053017	409868229365361
409868245712549	409868286727132	409868245972809
409868262388330	409868303398329	409868262666455
409868305754580	409868336736923	409868306031455
409868331618955	409868353405413	409868331910205
409868357493330	409868386740621	409868357796247
409868357859997	409868403408434	409868357945517
409868384358486	409868420077131	409868384638330
409868411133174	409868436742913	409868411480049
409868411324736	409868453407079	409868411484267
409868439757705	409868470071558	409868440116403
409868444819267	409868486736194	409868445098330
409868461479892	409868503403329	409868461753955
409868494594580	9223372036854775807	409868495025465

POLL t=54.6 tick=1605
16666666
409877368623795	409877405903430	409877368899733
409877385260774	409877422576971	409877385558326
409877401932233	409877439250774	409877402213170
409877418598639	409877455925409	409877418979264
409877435268326	409877472601034	409877435548951
409877451929056	409877489276764	409877452208431
409877468560774	409877505951399	409877468839524
409877485249681	409877522626868	409877485536399
409877501957233	409877539304263	409877512570358
409877531433483	409877555980878	409877531701139
409877535262024	409877572657180	409877535552233
409877551945306	409877589330670	409877552222962
409877568623170	409877606005253	409877568918483
409877585297858	409877622682805	409877585574108
409877601990618	409877639359576	409877602266868
409877618615930	409877656036295	409877618987701
409877635284993	409877672711034	409877635567545
409877651987493	409877689385305	409877652278274
409877668645930	409877706059888	409877678009837
409877698507805	409877722735878	409877698798743
409877701951868	409877739411242	409877702235774
409877718677649	409877756085826	409877719073639
409877735260045	409877772759420	409877735554680
409877751931868	409877789432910	409877752205045
409877768634264	409877806109211	409877768926712
409877785324889	409877822784471	409877785595358
409877801978795	409877839458534	409877802249108
409877818634732	409877856132545	409877819010982
409877835296868	409877872805305	409877840612857
409877865330305	409877889477909	409877865403951
409877868669889	409877906151659	409877868958274
409877885366451	409877922824732	409877885644264
409877901989576	409877939498638	409877902330514
409877918635670	409877956170721	409877919036868
409877935315618	409877972842909	409877935622701
409877951999524	409877989514940	409877952260514
409877968611399	409878006187128	409877968901920
409877985265149	409878022859992	409877985557805
409878001965201	409878039534315	409878002233951
409878018637232	409878056210044	409878020149055
409878048958795	409878072884211	409878049023326
409878051951451	409878089557284	409878052247076
409878068651607	409878106231034	409878068938430
409878085286087	409878122904524	409878085595305
409878102077180	409878139580253	409878102322076
409878118679889	409878156252909	409878119043951
409878135307545	409878172927284	409878135578639
409878152055774	409878189604159	409878152333795
409878168695045	409878206278742	409878172480930
409878198641087	409878222955773	409878198774368
409878201947545	409878239634992	409878202234732
409878218621764	409878256313794	409878218979576
409878235256451	409878272990982	409878235548795
409878251941295	409878289669784	409878252225357
409878268616295	409878306348065	409878268892389
409878285252076	409878323025513	409878285545514
409878301911555	409878339703430	409878302200514
409878318624264	409878356380461	409878318998743
409878335304211	409878373055304	409878335623586
409878352084993	409878389731815	409878360839576
409878381477232	409878406409211	409878381788118
409878385302961	409878423086138	409878385580982
409878401989420	409878439763638	409878402277857
409878418649836	409878456443014	409878419015618
409878435316139	409878473121398	409878435593639
409878451939993	409878489799784	409878452227389
409878468606764	409878506476555	409878468898795
409878485276711	409878523151659	409878485556138
409878501993795	409878539826659	409878502262076
409878518637805	409878556501503	409878528987649
409878549511086	409878573176034	409878549806399
409878552169993	409878589850617	409878552414420
409878568738170	409878606522596	409878569044576
409878585349263	409878623195722	409878585622649
409878602026555	409878639871242	409878602288170
409878618643586	409878656545773	409878619077076
409878635285670	409878673223013	409878635599263
409878651965982	409878689899627	409878652234732
409878668650357	409878706577649	409878668935201
409878685342857	409878723255878	409878685616763
409878701922857	409878739929002	409878708771451
409878732823118	409878756603118	409878732786555
409878735486763	409878773274940	409878735779836
409878752063118	409878789948013	409878752338430
409878768723795	409878806621294	409878769095618
409878785356138	409878823296086	409878785638326
409878802051138	409878839970253	409878802331138
409878818708638	409878856646086	409878819083795
409878835386920	409878873318377	409878835640826
409878852094888	409878889989628	409878852328743
409878868736763	409878906660878	409878868975826
409878885408951	409878923335252	409878889871555
409878918733638	409878940009367	409878919155461
409878919196138	409878956681867	409878919297336
409878935764107	409878973357804	409878936057545
409878952403326	409878990033117	409878952694732
409878969073326	409879006709679	409878969345982
409878985789576	409879023383898	409878986041867
409879002443951	409879040057023	409879002712388
409879019072701	409879056731607	409879019458170
409879035777388	409879073404367	409879036064992
409879053123326	409879090077961	409879053069888
409879082396399	409879106751138	409879082674732
409879085675149	409879123424575	409879085960982
409879102408117	409879140098950	409879102690513
409879119078170	409879156771085	409879119447180
409879135763013	409879173442023	409879136101607
409879152442076	409879190114211	409879152728638
409879169083169	409879206786346	409879169345201
409879185755305	409879223459367	409879186025669
409879202446607	409879240131815	409879202697544
409879219206451	409879256801606	409879231578013
409879248745357	409879273472752	409879249050201
409879252308013	409879290142649	409879252591086
409879269059419	409879306813846	409879269343117
409879285739367	409879323485460	409879285983951
409879302409732	409879340158169	409879302664055
409879318986451	409879356832544	409879319372024
409879335652024	409879373504628	409879335928899
409879352354524	409879390178117	409879352623326
409879369117336	409879406852856	409879369402076
409879385697649	409879423523794	409879385976294
409879416036607	409879440194107	409879416295044
409879419035826	409879456866138	409879419346607
409879435795513	409879473537075	409879436033326
409879452427805	409879490211867	409879452666763
409879469078951	9223372036854775807	409879469326294

POLL t=65.6 tick=1694
16666666
409888436503166	409888476469520	409888436859833
409888453134885	409888493140770	409888453439989
409888469849364	409888509812592	409888470122697
409888486512072	409888526483218	409888486790353
409888503183478	409888543156238	409888503478322
409888519840197	409888559828946	409888530652072
409888555374572	409888576501291	409888555840145
409888555692228	409888593173530	409888555848791
409888572292385	409888609847644	409888572600978
409888588961916	409888626520978	409888589323791
409888605588739	409888643193582	409888605952853
409888622319103	409888659864623	409888622822853
409888638982228	409888676532905	409888639262020
409888655651135	409888693202071	409888655928478
409888672330145	409888709873009	409888672687958
409888707533478	409888726543999	409888707843322
409888707707541	409888743212957	409888707848791
409888724379364	409888759883374	409888724798010
409888741020666	409888776552957	409888741347801
409888757667489	409888793225978	409888758000510
409888774359728	409888809895197	409888774710301
409888791030666	409888826565613	409888791322853
409888807698010	409888843235770	409888807986291
409888842795822	409888859906499	409888843248478
409888843131135	409888876579832	409888843255666
409888859742385	409888893250510	409888860061291
409888876402072	409888909920144	409888876723114
409888893017072	409888926589884	409888893420978
409888909724207	409888943263842	409888910275041
409888926387645	409888959937644	409888926773322
409888943100666	409888976613061	409888943389676
409888959755666	409888993284363	409888960101707
409888995167384	409889026625092	409888995505666
409888995370301	409889043296447	409888995516447
409889012070353	409889059966186	409889012328478
409889028649989	409889076639050	409889029091291
409889045316916	409889093313113	409889045634728
409889062034884	409889109989051	409889062347228
409889078693426	409889126664311	409889078965666
409889095371707	409889143337228	409889106797853
409889130769989	409889160010405	409889131383739
409889131068739	409889176680978	409889131390041
409889147686447	409889193352957	409889147990145
409889164335666	409889210024259	409889164646864
409889180998009	409889226696030	409889181396603
409889197670197	409889243365249	409889198083634
409889214323478	409889260038269	409889214619989
409889231037072	409889276710718	409889231448322
409889247697072	409889293381499	409889247985822
409889282655822	409889310053165	409889282950197
409889282872853	409889326722801	409889282971916
409889299578270	409889343392176	409889299880353
409889316178478	409889360061029	409889316495509
409889332910770	409889376730925	409889333343322
409889349570041	409889393402696	409889349842332
409889366237957	409889410072696	409889366521082
409889382919103	409889426742019	409889388484520
409889418048478	409889443412957	409889418636134
409889418514259	409889460084676	409889418640978
409889435054207	409889476757593	409889435489259
409889451675353	409889493429050	409889451989884
409889468409520	409889510100873	409889468750197
409889485065666	409889526773165	409889485335301
409889501730197	409889543446081	409889502000509
409889518397384	409889560119051	409889518673791
409889535103791	409889576792019	409889535163634
409889570358947	409889593467020	409889570938791
409889570744103	409889610139728	409889570942384
409889587259884	409889626813425	409889587573791
409889603887488	409889643485717	409889604221916
409889620598738	409889660155665	409889620981707
409889637272488	409889676825092	409889637549884
409889653940197	409889693498530	409889654222332
409889670603738	409889710171655	409889681207697
409889706369051	409889726843530	409889706865822
409889706686082	409889743517905	409889706874520
409889723280509	409889760193842	409889723778165
409889739924520	409889776870509	409889740239572
409889756596290	409889793545405	409889756961447
409889773438895	409889810217019	409889773716551
409889790010457	409889826887280	409889790375040
409889806717228	409889843558009	409889806980978
409889823381134	409889860227280	409889823717176
409889857274259	409889876900613	409889857683790
409889857697020	409889893572644	409889857795770
409889874240978	409889910242123	409889874535353
409889890878270	409889926911290	409889891225978
409889907516290	409889943581863	409889907831447
409889924232853	409889960248061	409889924596759
409889940894103	409889976915717	409889941165145
409889957581915	409889993583112	409889957964207
409889994148426	409890010248269	409889994423582
409889994511915	409890026917020	409889994648999
409890011136603	409890043585873	409890011434103
409890027709259	409890060256394	409890028120197
409890044460822	409890076926342	409890044736290
409890061106863	409890093595092	409890061387853
409890077804676	409890110265040	409890078067853
409890094456707	409890126932904	409890095695457
409890129662228	409890160265925	409890130126394
409890129965822	409890176933842	409890130132488
409890146590197	409890193599467	409890146905665
409890163235040	409890210265769	409890163532697
409890179960040	409890226933165	409890180234363
409890196608947	409890243603790	409890196890509
409890213247072	409890260274415	409890213521447
409890229999884	409890276941498	409890230697072
409890266259415	409890293608165	409890266557384
409890266449728	409890310279988	409890266562176
409890283254259	409890326952123	409890283562644
409890299865613	409890343619623	409890300168894
409890316489259	409890360287384	409890316797019
409890333136134	409890376953998	409890333514207
409890349858790	409890393623217	409890350117853
409890366502332	409890410291863	409890370860196
409890402207228	409890426958373	409890402697071
409890402576603	409890443625873	409890402701603
409890419132332	409890460295665	409890419443894
409890435845613	409890476964258	409890436331551
409890452491915	409890493632488	409890452762228
409890469154728	409890510300613	409890469432644
409890485823426	409890526967800	409890486105144
409890502483946	409890543635353	409890512649415
409890550001134	409890576964988	409890550313321
409890550157228	409890593630873	409890550345509
409890566963790	409890610297123	409890567304884
409890583515509	9223372036854775807	409890583832696

POLL t=76.8 tick=1765
16666666
409899692369724	409899729842588	409899692516599
409899708954516	409899746511495	409899709282328
409899725585297	409899763183942	409899725880505
409899742303891	409899779861911	409899742810349
409899758973630	409899796535974	409899759252380
409899775637537	409899813210348	409899775951703
409899792341755	409899829885452	409899802166912
409899828133474	409899846558578	409899828598005
409899828459568	409899863230453	409899828620505
409899845006443	409899879902328	409899845448891
409899861689568	409899896574411	409899862006599
409899878410297	409899913249099	409899878778891
409899895064412	409899929923682	409899895343474
409899911731859	409899946597484	409899912036912
409899928394255	409899963266390	409899943964412
409899945069984	409899979938370	409899945439880
409899980598266	409899996611755	409899980946547
409899980764516	409900013282328	409899980950453
409899997437172	409900029951390	409899997750818
409900014155662	409900046623525	409900014452537
409900030752068	409900063296338	409900031075818
409900047419880	409900079966390	409900047957224
409900064186443	409900096634254	409900064512537
409900080792380	409900113303578	409900081082693
409900097430349	409900129973369	409900101145349
409900132601599	409900163305348	409900133051443
409900132804984	409900179976234	409900133055974
409900149453578	409900196649046	409900149886443
409900166111859	409900213325400	409900166423266
409900182823891	409900230001494	409900183107224
409900199489984	409900246677640	409900199762536
409900216160922	409900263352016	409900216444984
409900232828786	409900280026234	409900246684255
409900249508630	409900296703734	409900249860193
409900285554411	409900313381703	409900285894568
409900285771286	409900330057693	409900285899568
409900302429724	409900346735661	409900302729724
409900319066234	409900363412536	409900319384724
409900335746234	409900380090088	409900335987953
409900352457224	409900396767953	409900352737016
409900369121130	409900413446078	409900369402641
409900385990505	409900430126598	409900390906599
409900421223318	409900446804619	409900421698318
409900421608891	409900463480661	409900421710349
409900438104880	409900480156807	409900438502849
409900454744411	409900496832641	409900455070974
409900471443891	409900513506078	409900471716911
409900488117693	409900530179984	409900488398318
409900504768943	409900546854672	409900505051599
409900521406859	409900563529620	409900532402328
409900556696130	409900580203525	409900557017640
409900556907328	409900596880297	409900557023474
409900573587640	409900613555974	409900573901911
409900590221443	409900630228994	409900590550765
409900606882849	409900646901130	409900607244411
409900623606078	409900663576129	409900623943630
409900640255818	409900680249150	409900640680036
409900656930974	409900696923681	409900671709099
409900673590505	409900713598370	409900673863005
409900710170349	409900730273630	409900710518005
409900710442693	409900746949776	409900710530193
409900727079672	409900763622588	409900727383734
409900743715193	409900780292224	409900744150505
409900760456703	409900796964880	409900760753005
409900777106599	409900813638577	409900777398161
409900793772224	409900830314046	409900794085974
409900810433161	409900846989515	409900821452067
409900844877692	409900863665296	409900845365505
409900845083422	409900880342379	409900845371442
409900861754047	409900897018525	409900862070297
409900878414203	409900913695088	409900878733630
409900895057067	409900930370452	409900895423942
409900911787067	409900947044775	409900912135349
409900928405922	409900963719411	409900928689099
409900945100609	409900980397119	409900945473942
409900961735192	409900997073733	409900962082224
409900978495140	409901013743421	409900980424567
409901014384411	409901030416078	409901014700505
409901014995036	409901047087119	409901015198578
409901031674099	409901063759671	409901031950661
409901048313630	409901080431286	409901048727692
409901065014255	409901097103838	409901065296599
409901081660661	409901113778942	409901081955505
409901098428578	409901130453682	409901098713942
409901115031755	409901147125974	409901126098474
409901152264099	409901180477223	409901152563890
409901152576859	409901197150609	409901152650349
409901169266547	409901213826233	409901169573630
409901185873630	409901230502380	409901186162224
409901202613942	409901247179776	409901202900192
409901219263161	409901263856025	409901219533578
409901235907692	409901280531234	409901236184828
409901252582224	409901297205974	409901259898161
409901287714724	409901313879306	409901288231599
409901288365036	409901330552952	409901288568474
409901304839724	409901347225400	409901305129671
409901321474203	409901363899880	409901321753786
409901338097067	409901380574307	409901338462953
409901354823786	409901397250921	409901355074411
409901371530349	409901413927275	409901371796911
409901388218474	409901430600608	409901393154828
409901426108265	409901447275191	409901425903005
409901426586755	409901463952743	409901427014828
409901443105192	409901480628890	409901443571598
409901459842380	409901497306650	409901460149723
409901476462328	409901513983421	409901476737848
409901493119255	409901530660504	409901493401390
409901509802640	409901547337327	409901510090609
409901526419098	409901564013004	409901528089671
409901563772328	409901580688421	409901564110661
409901564357328	409901597362170	409901564446911
409901580719359	409901614037066	409901581018942
409901597365973	409901630711181	409901597661130
409901614002328	409901647385244	409901614306598
409901630727015	409901664058004	409901631025921
409901647523890	409901680732067	409901647772067
409901664100192	409901697407743	409901676585036
409901701176390	409901730760296	409901701728161
409901701722171	409901747438160	409901701925921
409901718079098	409901764113577	409901718398161
409901734820453	409901780787639	409901735147223
409901751485505	409901797466441	409901751853473
409901768146286	409901814142848	409901768429880
409901784822380	409901830819671	409901785102380
409901801426130	409901847495452	409901813536442
409901818168734	409901864170504	409901818585505
409901857733109	9223372036854775807	409901858044723

POLL t=88.0 tick=1835
16666666
409910922678574	409910967450761	409910922960970
409910939349251	409910984124980	409910939622845
409910956071751	409911000798730	409910958557376
409910991505501	409911017476334	409910991946751
409910991949095	409911034151125	409910992101282
409911008353730	409911050820813	409911008671907
409911025009407	409911067490189	409911025305189
409911041673470	409911084160552	409911041960605
409911058389824	409911100833417	409911058760918
409911075053626	409911117505761	409911089016751
409911091714095	409911134181490	409911092070293
409911129251282	409911150855709	409911129744564
409911129439876	409911167528521	409911129751126
409911146106907	409911184202792	409911146451074
409911162758626	409911200878677	409911163191751
409911179406907	409911217555345	409911179733105
409911196160657	409911234233261	409911196466282
409911212832220	409911250907063	409911213087845
409911229465136	409911267582271	409911230571855
409911266612220	409911284255501	409911267008574
409911266935136	409911300930501	409911267009251
409911283546126	409911317605344	409911283879251
409911300186751	409911334280188	409911300508470
409911316848470	409911350953261	409911317139407
409911333557376	409911367625865	409911333871438
409911350223418	409911384299980	409911361705970
409911386224824	409911417645918	409911386651855
409911386415136	409911434317896	409911386660970
409911403103782	409911450989615	409911403379251
409911419735345	409911467663574	409911420330501
409911436392845	409911484337011	409911436742376
409911453125032	409911501012480	409911453636438
409911469779668	409911517688521	409911470047011
409911486414720	409911534364771	409911500297532
409911503110657	409911551040448	409911503544720
409911538310449	409911567714094	409911538679980
409911538517949	409911584384720	409911538687376
409911555168938	409911601058573	409911555696438
409911571797376	409911617733678	409911572120501
409911588486751	409911634408573	409911588807532
409911605156282	409911651083678	409911605474095
409911621809824	409911667758625	409911622102220
409911638473313	409911684434094	409911643623418
409911674220032	409911701110136	409911674796126
409911674620761	409911717786907	409911674800345
409911691521907	409911734460396	409911691506386
409911707842167	409911751133261	409911708184667
409911724468157	409911767807479	409911724753574
409911741192688	409911784482635	409911741528626
409911757841542	409911801154771	409911758208782
409911774541386	409911817827063	409911778433574
409911810269251	409911834500500	409911810640292
409911810468886	409911851173782	409911810662792
409911827171126	409911867847688	409911827478782
409911843793157	409911884522063	409911844090292
409911860507167	409911901194146	409911861005813
409911877128313	409911917864094	409911877497688
409911893782063	409911934535917	409911894071907
409911910434876	409911951209562	409911921907636
409911946119719	409911967886281	409911946602063
409911946330136	409911984561854	409911946613313
409911962995657	409912001236646	409911963373730
409911979630657	409912017909771	409911979962480
409911996383938	409912034583625	409911996721594
409912012991751	409912051255448	409912013284876
409912029686282	409912067928781	409912029963886
409912046353313	409912084598938	409912052799251
409912081541386	409912101269823	409912081844094
409912081721438	409912117938312	409912081861074
409912098464199	409912134607167	409912098868469
409912115052844	409912151279302	409912115343626
409912131730917	409912167951594	409912132131282
409912148453938	409912184622479	409912148803626
409912165118313	409912201294146	409912165483157
409912181820761	409912217965448	409912191799876
409912217161751	409912234635552	409912217620813
409912217663782	409912251308000	409912217883469
409912234219042	409912267981229	409912234513313
409912250855032	409912284653052	409912251270605
409912267574876	409912301325292	409912267855136
409912284257844	409912317996542	409912284530813
409912300926751	409912334667688	409912301193469
409912317644407	409912351336021	409912321464876
409912353888626	409912384673781	409912354365344
409912354115657	409912401342792	409912354370032
409912370852323	409912418012531	409912371158105
409912387504407	409912434679875	409912387813938
409912404204876	409912451351177	409912404472532
409912420847323	409912468023626	409912421135032
409912437518417	409912484695188	409912451919094
409912454161230	409912501367687	409912454452376
409912491035605	409912518039302	409912491400917
409912491425032	409912534712219	409912491650188
409912508260292	409912551386958	409912508523157
409912524763782	409912568061854	409912525033469
409912541373157	409912584734927	409912541650501
409912558018313	409912601408000	409912558390136
409912574692375	409912618079406	409912584741594
409912608279563	409912634750188	409912608568469
409912608561438	409912651419042	409912608668261
409912625236125	409912668090135	409912625532844
409912641880813	409912684761750	409912642169198
409912658584250	409912701435187	409912658962063
409912675278417	409912718107375	409912675596282
409912691909563	409912734779250	409912692215032
409912708582532	409912751450188	409912708804042
409912743564875	409912768122114	409912743873313
409912744143261	409912784791438	409912744261594
409912760557063	409912801461073	409912760970917
409912777227532	409912818130448	409912777524042
409912793912844	409912834801594	409912794206907
409912810554719	409912851472322	409912810833157
409912827182792	409912868140135	409912827489407
409912843822688	409912884810136	409912855879875
409912880550969	409912901481177	409912880880448
409912880742375	409912918149927	409912880886750
409912897418157	409912934821021	409912897752688
409912914057636	409912951492844	409912914373782
409912930804719	409912968165708	409912931150344
409912947432688	409912984836698	409912947779407
409912964121698	409913001509927	409912964492844
409912980772948	409913018181229	409912981725813
409913024653469	409913051521697	409913025083157
409913025035969	409913068192063	409913025250761
409913041625188	409913084860864	409913041964563
409913058245500	409913101531593	409913058665500
409913074895448	9223372036854775807	409913075261750

POLL t=99.2 tick=1908
16666666
409922141427372	409922187434767	409922141717007
409922158101226	409922204104871	409922158410341
409922174772059	409922220774246	409922175157528
409922191462372	409922237441538	409922191739820
409922208144716	409922254109663	409922208422997
409922224801903	409922270778360	409922233133726
409922260920497	409922287446695	409922261401122
409922261160601	409922304116798	409922261412059
409922277750132	409922320783569	409922278207163
409922294415028	409922337450549	409922294729716
409922311155184	409922354119611	409922311504716
409922327781122	409922370787892	409922328150497
409922344424820	409922387454767	409922344718257
409922361097528	409922404121850	409922373092997
409922377818257	409922420788257	409922378192215
409922414377528	409922437454558	409922414799715
409922414599351	409922454121121	409922414807320
409922431264247	409922470787528	409922431564090
409922447895497	409922487454506	409922448232997
409922464632059	409922504122163	409922465016903
409922481280653	409922520785705	409922481654715
409922497946695	409922537450236	409922498225809
409922514607215	409922554117059	409922523422788
409922550112632	409922570784350	409922550474715
409922550281122	409922587453986	409922550478309
409922566925653	409922604124142	409922567351590
409922583593622	409922620791799	409922583945809
409922600285497	409922637458569	409922600584403
409922616948570	409922654126434	409922617247840
409922633612528	409922670795079	409922633909195
409922650283465	409922687463777	409922654537684
409922685667215	409922704131798	409922686049872
409922685846851	409922720797215	409922686059663
409922702494247	409922737461746	409922702787997
409922719128622	409922754130392	409922719459976
409922735853309	409922770799142	409922736210340
409922752536590	409922787469559	409922752879090
409922769154247	409922804138256	409922769551122
409922785841590	409922820805131	409922799092215
409922802518101	409922837473152	409922802885497
409922839148882	409922870803153	409922839504090
409922839348309	409922887472476	409922839511747
409922855964403	409922904141121	409922856284559
409922872627788	409922920808985	409922873062059
409922889391434	409922937477684	409922889750444
409922905998778	409922954146798	409922906379194
409922922702788	409922970816434	409922922991122
409922939341903	409922987485705	409922945396382
409922974032059	409923004153413	409922974586069
409922974335028	409923020822111	409922974635028
409922990835653	409923037490340	409922991135601
409923007479715	409923054158778	409923007839715
409923024183465	409923070826277	409923024547059
409923040907059	409923087495548	409923041236434
409923057561121	409923104163568	409923057834246
409923074216226	409923120830548	409923086280965
409923090894819	409923137497892	409923091260965
409923127773778	409923154166954	409923128098726
409923127977215	409923170830912	409923128104507
409923144640965	409923187495548	409923144960601
409923161285444	409923204160288	409923161642840
409923178006746	409923220826485	409923178493934
409923194619559	409923237491173	409923194906382
409923211331121	409923254155808	409923211605653
409923228025288	409923270823829	409923232999819
409923263246434	409923287491537	409923263526851
409923263423465	409923304162058	409923263540340
409923280185496	409923320829923	409923280592215
409923296819663	409923337494714	409923297146226
409923313474351	409923354159714	409923313832059
409923330201590	409923370825600	409923330473309
409923346874194	409923387489506	409923347150028
409923363564663	409923404158048	409923363884246
409923380218413	409923420826277	409923389768778
409923416363934	409923437493100	409923416694715
409923416629715	409923454161173	409923416696590
409923433347996	409923470828204	409923433691590
409923449957996	409923487497058	409923450275340
409923466639871	409923504165860	409923466863621
409923483348413	409923520833569	409923483628309
409923500050496	409923537500861	409923500295965
409923516693413	409923554167735	409923520235653
409923552269559	409923570835340	409923552666069
409923552641121	409923587503308	409923552768934
409923569198934	409923604169818	409923569583778
409923585915496	409923620835860	409923586208100
409923602594090	409923637503152	409923602806382
409923619248100	409923654170964	409923619527007
409923635936746	409923670839558	409923636205653
409923652636121	409923687506121	409923653159246
409923689791746	409923720839090	409923690091746
409923690131121	409923737507891	409923690264559
409923706782840	409923754175964	409923707082319
409923723412007	409923770843516	409923723712215
409923740169559	409923787512215	409923740442215
409923756793621	409923804180808	409923757055652
409923773429194	409923820848933	409923773788777
409923790122684	409923837515600	409923792394715
409923822010496	409923854184090	409923822265184
409923823605652	409923870852110	409923824135027
409923840171277	409923887519767	409923840457684
409923856759975	409923904189350	409923857043934
409923873425496	409923920859142	409923873808413
409923890118309	409923937529038	409923890394194
409923906806538	409923954201225	409923907085496
409923923562788	409923970870652	409923923665809
409923959624871	409923987539141	409923960068257
409923960240809	409924004208621	409923960408152
409923976792059	409924020877840	409923977197475
409923993381590	409924037547787	409923993687996
409924010068152	409924054218673	409924010342371
409924026731902	409924070889506	409924027000652
409924043392371	409924087560339	409924043678465
409924060092840	409924104229818	409924068352371
409924096741590	409924120899454	409924097157475
409924097083413	409924137569506	409924097291382
409924113611590	409924154239975	409924113960496
409924130271538	409924170909922	409924130561902
409924146967684	409924187582006	409924147249090
409924163662684	409924204250495	409924163936277
409924180330340	409924220918048	409924180695652
409924197014715	409924237587267	409924198151746
409924232769975	409924254254194	409924233214350
409924233129038	409924270920652	409924233219663
409924249769871	409924287588672	409924250077163
409924266410027	409924304256277	409924266717527
409924283117475	9223372036854775807	409924283480756

POLL t=110.5 tick=2013
16666666
409933346235024	409933388570387	409933346553930
409933362880440	409933405241013	409933363204399
409933379552472	409933421911326	409933379882784
409933396242055	409933438581794	409933396619659
409933412922628	409933455251899	409933413204659
409933429574868	409933471920909	409933429856274
409933446341430	409933488593513	409933450876274
409933483096274	409933505265648	409933483730961
409933483318149	409933521935492	409933483735336
409933499929868	409933538606533	409933500246430
409933516605024	409933555275961	409933516917784
409933533318149	409933571946637	409933533625492
409933549935649	409933588618200	409933550223930
409933566648461	409933605290492	409933566927680
409933583305024	409933621959762	409933592736534
409933618513461	409933638629971	409933618985649
409933618724867	409933655301169	409933618989867
409933635383149	409933671975388	409933635818149
409933652020649	409933688647836	409933652346586
409933668745024	409933705319346	409933669109503
409933685386586	409933721991377	409933685768878
409933702068149	409933738666690	409933702352680
409933718729659	409933755341065	409933725352055
409933754241274	409933772013981	409933754557836
409933754452524	409933788685857	409933754563305
409933771115024	409933805356794	409933771424086
409933787765440	409933822028201	409933788252211
409933804428305	409933838701378	409933804795961
409933821152784	409933855373252	409933821507159
409933837767992	409933872042888	409933838056690
409933854427211	409933888714554	409933865148774
409933890382211	409933922051533	409933891140597
409933890662524	409933938722419	409933891160805
409933907237992	409933955396586	409933907557628
409933923913409	409933972069502	409933924236117
409933940645128	409933988740127	409933940987211
409933957289086	409934005411742	409933957568774
409933973935024	409934022085075	409933974218930
409933990607784	409934038759554	409933998227680
409934026566378	409934055432992	409934027044399
409934026801586	409934072105283	409934027053930
409934043448878	409934088778617	409934043807628
409934060096690	409934105450492	409934060414399
409934076724711	409934122124241	409934077072680
409934093456065	409934138798513	409934093947836
409934110111430	409934155473252	409934110402992
409934126773305	409934172147263	409934140109034
409934143432940	409934188820752	409934143720492
409934179240023	409934205493148	409934179622992
409934179426117	409934222168096	409934179638930
409934196148617	409934238840231	409934196540492
409934212765648	409934255510179	409934213079555
409934229464971	409934272183252	409934229788930
409934246080180	409934288856064	409934246488305
409934262811534	409934305527627	409934263180805
409934279415961	409934322199503	409934279696378
409934296138305	409934338873929	409934298518930
409934332511898	409934355545700	409934332978878
409934332784659	409934372217315	409934332982836
409934349368617	409934388889919	409934349684711
409934366064867	409934405563252	409934366365596
409934382783096	409934422233096	409934383074867
409934399438773	409934438902835	409934399829555
409934416127680	409934455573200	409934416415336
409934432738461	409934472242836	409934438951117
409934469053617	409934488913252	409934469467367
409934469548617	409934505585283	409934469704867
409934485925648	409934522257627	409934486307367
409934502617471	409934538931117	409934502947159
409934519336586	409934555603616	409934519692315
409934535968721	409934572276117	409934536250128
409934552656273	409934588947575	409934552941586
409934569311586	409934605619086	409934575604711
409934605082003	409934622290335	409934605520023
409934605325336	409934638962210	409934605523409
409934621954398	409934655635440	409934622271690
409934638587159	409934672307679	409934638911430
409934655249867	409934688977158	409934655542523
409934672053409	409934705649450	409934672295336
409934688678773	409934722322731	409934702328461
409934705434034	409934738993825	409934705821273
409934740175752	409934772332210	409934740438930
409934740457055	409934789002783	409934740592055
409934757462992	409934805674450	409934757753617
409934773955023	409934822343668	409934774249659
409934790874086	409934839011064	409934791241430
409934807514711	409934855678199	409934807792836
409934824129346	409934872346221	409934824405752
409934841069502	409934889011950	409934841420023
409934872939867	409934905678773	409934873155804
409934874371690	409934922342315	409934874717523
409934890930492	409934939005700	409934891354346
409934907587679	409934955672366	409934907884554
409934924245179	409934972337054	409934924527836
409934940933617	409934989002471	409934941218461
409934957587679	409935005667523	409934957870961
409934974333565	409935022332627	409934974591377
409935010683409	409935038999085	409935010985648
409935011015648	409935055666741	409935011133096
409935027663773	409935072333720	409935027941065
409935044333304	409935089002419	409935044629867
409935060984867	409935105674242	409935061262211
409935077889502	409935122344502	409935077984398
409935094402523	409935139015231	409935109311377
409935111018617	409935155686273	409935111387054
409935146415179	409935172356794	409935146765961
409935146866898	409935189028044	409935146969398
409935163398148	409935205696169	409935163696742
409935180064398	409935222367210	409935180349711
409935196724242	409935239038981	409935197140127
409935213354711	409935255712367	409935213636377
409935230023409	409935272384450	409935230303304
409935246685492	409935289054866	409935249864242
409935281851586	409935305727731	409935282221742
409935282073773	409935322396794	409935282237679
409935298876742	409935339067002	409935299298304
409935315426221	409935355736585	409935315786429
409935332110752	409935372409554	409935332460752
409935348799711	409935389085074	409935349143148
409935365461846	409935405759867	409935365740179
409935382103148	409935422431272	409935382384711
409935398804711	409935439105179	409935400041742
409935434888929	409935455777419	409935435310804
409935435450492	409935472452210	409935435594398
409935451843773	409935489124814	409935452135804
409935468437992	409935505795075	409935468739867
409935485143148	9223372036854775807	409935485444971

POLL t=121.7 tick=2084
16666666
409944545025749	409944590490488	409944545386582
409944561682467	409944607156425	409944561951999
409944578351895	409944623820019	409944578629238
409944595040592	409944640485019	409944597020957
409944631441582	409944657147520	409944631861426
409944631761270	409944673815175	409944631923301
409944648295645	409944690479602	409944648611426
409944664969394	409944707142675	409944665334082
409944681697363	409944723806842	409944682069863
409944698371582	409944740471998	409944698738926
409944715022363	409944757138144	409944715410644
409944731680488	409944773805280	409944737904707
409944766994030	409944790471373	409944767384082
409944767180332	409944807137258	409944767397363
409944783859082	409944823804394	409944784144655
409944800490280	409944840472987	409944800927051
409944817182155	409944857140123	409944817499967
409944833880332	409944873806425	409944834153769
409944850520332	409944890472414	409944865751530
409944867200644	409944907138039	409944867515176
409944903152988	409944923802259	409944903709863
409944903355644	409944940466686	409944903718405
409944920025176	409944957131009	409944920327363
409944936662832	409944973793144	409944936973926
409944953414082	409944990456165	409944953768301
409944970035436	409945007122050	409944970405801
409944986704238	409945023786790	409944987002832
409945003399238	409945040451581	409945006217051
409945038813769	409945057117362	409945039384707
409945039232519	409945073782675	409945039426061
409945055697155	409945090448352	409945056025644
409945072341269	409945107112050	409945072660332
409945089014967	409945123774290	409945089384499
409945105692363	409945140437727	409945106071998
409945122378457	409945157100175	409945122667363
409945139030644	409945173764602	409945144663457
409945174996894	409945207089654	409945175393873
409945175170801	409945223750800	409945175398457
409945192058926	409945240410227	409945192360488
409945208524082	409945257073977	409945208960801
409945225441269	409945273737051	409945225771269
409945242047519	409945290398821	409945242374707
409945258760592	409945307062936	409945259025801
409945275521842	409945323725279	409945283643926
409945310906113	409945340387102	409945311446217
409945311264394	409945357048769	409945311450488
409945327786425	409945373714185	409945328074811
409945344428613	409945390379810	409945344774030
409945361134863	409945407042050	409945361505644
409945377784394	409945423705957	409945378067675
409945394474342	409945440370540	409945394755592
409945411156113	409945457035123	409945412306373
409945447785644	409945473701164	409945448182988
409945448159238	409945490365904	409945448320800
409945464674498	409945507027622	409945464988457
409945481336061	409945523691737	409945481651530
409945498046113	409945540356894	409945498351113
409945514707675	409945557020957	409945515080957
409945531375488	409945573685175	409945531649707
409945548065748	409945590352831	409945548245800
409945583626582	409945607019758	409945584229394
409945584083248	409945623685071	409945584237467
409945600567311	409945640352623	409945600987623
409945617209082	409945657019290	409945617538300
409945633898925	409945673686581	409945634257467
409945650589498	409945690352310	409945650876582
409945667259082	409945707014706	409945667536425
409945683939394	409945723678977	409945688114238
409945720787936	409945740342884	409945721263092
409945721151582	409945757005227	409945721270019
409945737716582	409945773667154	409945738030800
409945754348457	409945790331477	409945754672675
409945771082988	409945806994758	409945771443925
409945787687363	409945823658821	409945787971894
409945804386373	409945840323613	409945804764394
409945821035175	409945856989498	409945829035123
409945858284342	409945890318248	409945858688925
409945858672311	409945906982466	409945858843144
409945875273717	409945923644758	409945875579707
409945892076582	409945940307310	409945897660436
409945908894238	409945956969029	409945909313092
409945925536425	409945973630278	409945925818248
409945942192467	409945990292101	409945947027832
409945977487519	409946006954862	409945977777779
409945977673144	409946023619810	409945977783404
409945994462050	409946040283717	409945994826842
409946011075592	409946056948976	409946018913925
409946027736738	409946073613508	409946028077467
409946044441113	409946090277935	409946044709863
409946061107831	409946106942154	409946061385331
409946096930019	409946123607102	409946097259238
409946097140331	409946140272362	409946097263873
409946113897050	409946156937466	409946114281425
409946130523456	409946173601529	409946135639706
409946147186738	409946190266113	409946147461998
409946163902206	409946206928768	409946164165019
409946180535279	409946223591321	409946185707363
409946216681998	409946240253144	409946216968248
409946216954186	409946256918873	409946217079811
409946233762623	409946273581373	409946233974029
409946250287988	409946290242570	409946250574811
409946266960748	409946306905019	409946267290592
409946283600331	409946323570227	409946283887936
409946300454029	409946340234341	409946300723144
409946335962363	409946356899341	409946336264342
409946336199550	409946373562102	409946336281686
409946352985488	409946390224706	409946353240644
409946369570956	409946406884654	409946369871738
409946386209342	409946423546841	409946386515331
409946402917623	409946440209914	409946403286529
409946419574863	409946456872362	409946419841685
409946436231113	409946473535591	409946436678404
409946471557363	409946490197362	409946471912831
409946471811738	409946506857571	409946471927519
409946488452935	409946523517622	409946488758717
409946505066842	409946540181425	409946510994863
409946521793769	409946556846841	409946522142623
409946538433456	409946573514550	409946538763456
409946555084498	409946590181373	409946555377363
409946590511894	409946606846893	409946590886060
409946590767519	409946623512310	409946590890331
409946607411894	409946640177935	409946607815488
409946624047831	409946656844237	409946631003769
409946640708404	409946673509133	409946640985331
409946657405019	409946690171581	409946657687779
409946674067362	409946706835070	409946674353769
409946709515592	9223372036854775807	409946709892675

POLL t=133.2 tick=2160
16666666
409956128912203	409956174869233	409956129418140
409956145540015	409956191542046	409956145854703
409956162193244	409956208212879	409956172235953
409956198829859	409956224884338	409956199201994
409956199119546	409956241555848	409956199209338
409956215707203	409956258228453	409956215937359
409956232384546	409956274898972	409956232716265
409956249043921	409956291567619	409956249407046
409956265771994	409956308237827	409956266123088
409956282444234	409956324908973	409956282785640
409956299080953	409956341581420	409956308438765
409956336533557	409956358251994	409956336968140
409956336850640	409956374922984	409956336977359
409956353463244	409956391592462	409956353736213
409956370110171	409956408264077	409956370429546
409956386758713	409956424934702	409956387130953
409956403495015	409956441606577	409956403898765
409956420152463	409956458278191	409956420526421
409956436802515	409956474949390	409956443850796
409956472561577	409956491618921	409956472880952
409956472770588	409956508290431	409956472886890
409956489444338	409956524961890	409956489739859
409956506086421	409956541635119	409956506387359
409956522731109	409956558307931	409956523174182
409956539471109	409956574981264	409956539786577
409956556188088	409956591652202	409956556447515
409956572789702	409956608321108	409956581195171
409956608905327	409956624991733	409956609257775
409956609075484	409956641661524	409956609266890
409956625833557	409956658330588	409956626245275
409956642449807	409956674999859	409956642730588
409956659100588	409956691668244	409956659404859
409956675793921	409956708337775	409956676072619
409956692377046	409956725008191	409956692666109
409956709066369	409956741680274	409956714999077
409956744862671	409956775021317	409956745207515
409956745006838	409956791692307	409956745212775
409956761705119	409956808360014	409956762025432
409956778376109	409956825029858	409956778683609
409956795087359	409956841696994	409956795388713
409956811748765	409956858366056	409956812112567
409956828404234	409956875034025	409956828765171
409956845090744	409956891702410	409956845244390
409956880930900	409956908372254	409956881309390
409956881125015	409956925042723	409956881317827
409956897828244	409956941712306	409956898127306
409956914470484	409956958384129	409956914787202
409956931109234	409956975053036	409956931486577
409956947844650	409956991724337	409956948096838
409956964493452	409957008395014	409956964760900
409956981157202	409957025065692	409956986064181
409957017284546	409957041733868	409957017936890
409957017506994	409957058403869	409957017941109
409957034161681	409957075074858	409957034523452
409957050790796	409957091744910	409957051108452
409957067507619	409957108411733	409957067811109
409957084183296	409957125079389	409957084504390
409957100847671	409957141747202	409957115740483
409957117514390	409957158415431	409957118054233
409957153744390	409957175083556	409957154296577
409957154125171	409957191751472	409957154300952
409957170663244	409957208418660	409957170967983
409957187380744	409957225089702	409957187683765
409957204057463	409957241761056	409957204307619
409957220704338	409957258429337	409957221070015
409957237332150	409957275100274	409957250426890
409957254039858	409957291772722	409957254402515
409957303061577	409957325112619	409957303519338
409957303364390	409957341781473	409957303525483
409957319943140	409957358451889	409957320391577
409957336616421	409957375122879	409957336944806
409957353297983	409957391795483	409957353623400
409957369978608	409957408468035	409957370292827
409957386631994	409957425139597	409957386928296
409957403490900	409957441814546	409957403573869
409957439015744	409957458485796	409957439383608
409957439211265	409957475156577	409957439402931
409957455990015	409957491828712	409957456287202
409957472617775	409957508501525	409957472926421
409957489289077	409957525171525	409957489577827
409957505961056	409957541843191	409957506236213
409957522603921	409957558514337	409957522980119
409957539352202	409957575183973	409957539657202
409957576950744	409957608525118	409957577061265
409957577661108	409957625198244	409957578107046
409957594285796	409957641867827	409957594597671
409957610937671	409957658539025	409957611233556
409957627609077	409957675210014	409957627987619
409957644320015	409957691881628	409957644583452
409957660974233	409957708552774	409957661251890
409957677786369	409957725224025	409957677869962
409957714009650	409957741894025	409957714384650
409957714369077	409957758564546	409957714502306
409957730990900	409957775234077	409957731418765
409957747614181	409957791904701	409957747908244
409957764300015	409957808572983	409957764603400
409957780977514	409957825240274	409957781252775
409957797638452	409957841908452	409957797917671
409957814291994	409957858578139	409957823739702
409957848860796	409957875245378	409957849194233
409957849114858	409957891914337	409957849195327
409957865836733	409957908583191	409957866147983
409957882419858	409957925252357	409957882710431
409957899102827	409957941920899	409957899409025
409957915764806	409957958589285	409957916060014
409957932474181	409957975258608	409957932863608
409957949133244	409957991929285	409957949985119
409957980087046	409958008602722	409957980371264
409957982379233	409958025271420	409957982672514
409957999049494	409958041941993	409957999359702
409958015696577	409958058611994	409958015989962
409958032457983	409958075283921	409958032821837
409958049110639	409958091955900	409958049390119
409958065779233	409958108629441	409958073895119
409958102340952	409958125300430	409958102712671
409958102624494	409958141972202	409958102725119
409958119221994	409958158643972	409958119660327
409958135869181	409958175316160	409958136165744
409958152539337	409958191987514	409958152894233
409958169217827	409958208659754	409958169644025
409958185885171	409958225329233	409958186241889
409958202517202	409958241997826	409958215327931
409958219249337	409958258667983	409958219629546
409958251441993	409958275337774	409958251791108
409958252533452	409958292006836	409958252896889
409958269280796	409958308676993	409958269592931
409958285936264	9223372036854775807	409958286265171

POLL t=144.5 tick=2232
16666666
409967380227615	409967427074854	409967380521521
409967396945636	409967443746729	409967397223761
409967413609802	409967460417875	409967413882667
409967430292667	409967477088187	409967430748448
409967467022511	409967493759646	409967467583605
409967467455480	409967510429073	409967467589177
409967484046573	409967527098500	409967484320480
409967500657198	409967543769698	409967500976417
409967517382615	409967560440792	409967517691209
409967534028865	409967577114021	409967534400636
409967550703292	409967593788500	409967551062511
409967567375480	409967610462093	409967571631990
409967603963448	409967627133968	409967604439959
409967604474386	409967643805427	409967604662667
409967621014854	409967660473604	409967621382511
409967637609490	409967677142823	409967638056677
409967654317042	409967693809177	409967654641886
409967671015479	409967710476989	409967671291521
409967687634854	409967727146104	409967687920792
409967704403865	409967743814489	409967705306417
409967741571521	409967760481208	409967742369854
409967741863084	409967777150740	409967742374386
409967758467198	409967793821417	409967758784802
409967775110479	409967810491468	409967775431677
409967791849542	409967827159437	409967792135011
409967808495740	409967843829489	409967808780011
409967825158761	409967860498447	409967825437979
409967841876886	409967877165427	409967842246104
409967858505271	409967893832459	409967864615271
409967895101261	409967927166312	409967895586990
409967895429490	409967943828865	409967895596886
409967912069802	409967960492302	409967912320011
409967928696417	409967977158188	409967929015427
409967945513136	409967993825271	409967945902667
409967962193292	409968010493031	409967962480011
409967978843604	409968027159124	409967992973604
409967995553917	409968043823551	409967995912927
409968027615896	409968060490635	409968028012667
409968029469229	409968077157823	409968029933292
409968045407823	409968093825895	409968045839698
409968062066677	409968110495062	409968062393292
409968078871052	409968127163240	409968079178761
409968095568292	409968143830478	409968095857979
409968112258396	409968160498656	409968112536886
409968128828552	409968177164750	409968129109229
409968165366104	409968193833135	409968165747615
409968165557511	409968210500375	409968165756261
409968182251417	409968227168500	409968182539073
409968198867354	409968243834177	409968199184333
409968215535792	409968260501207	409968215856261
409968232262302	409968277166677	409968232577042
409968248926521	409968293834958	409968249302042
409968265589177	409968310505322	409968274095479
409968301569385	409968327176260	409968301895167
409968301909542	409968343844905	409968302015948
409968318494021	409968360512093	409968318807458
409968335149073	409968377181364	409968335591677
409968351804542	409968393851885	409968352126729
409968368530427	409968410525010	409968368830740
409968385188448	409968427196885	409968385468917
409968401881104	409968443866989	409968404816833
409968439167042	409968460535583	409968439933135
409968439467979	409968477202562	409968439937979
409968456088552	409968493872875	409968456404229
409968472738292	409968510541833	409968473056729
409968489463917	409968527210062	409968489765323
409968506127354	409968543876416	409968506399698
409968522780010	409968560541833	409968535121260
409968539455167	409968577205896	409968539827198
409968575471052	409968593873291	409968575840583
409968575689958	409968610542771	409968575853917
409968592354802	409968627212822	409968592664177
409968608975635	409968643881208	409968609300896
409968625664021	409968660552405	409968626014385
409968642398917	409968677221103	409968642870271
409968659028552	409968693889854	409968659312823
409968675750479	409968710557041	409968676038708
409968712548135	409968743890895	409968712314385
409968713197198	409968760556469	409968713662771
409968729983448	409968777222198	409968730242510
409968746445635	409968793887614	409968746856729
409968763102198	409968810554958	409968763373135
409968779799489	409968827222354	409968780125792
409968796485739	409968843888969	409968806386521
409968832864854	409968860558292	409968833209802
409968833125323	409968877224645	409968833217042
409968849852198	409968893891156	409968850237979
409968866432198	409968910557874	409968866724854
409968883143292	409968927224332	409968883436104
409968899817979	409968943890583	409968900094958
409968916490010	409968960557927	409968926417041
409968955054802	409968977227041	409968955412302
409968955298552	409968993893864	409968955422927
409968972082979	409969010561624	409968972344802
409968988691052	409969027230270	409968988992614
409969005361364	409969043899854	409969005634646
409969022027354	409969060568343	409969022300739
409969038678291	409969077234593	409969039081677
409969055431573	409969093902406	409969055475166
409969092778916	409969110568916	409969093107198
409969093011885	409969127235322	409969093114854
409969109728760	409969143900322	409969110000010
409969126428916	409969160568760	409969126721729
409969143015166	409969177239385	409969143405479
409969159732979	409969193909750	409969160010010
409969176405948	409969210581468	409969186798083
409969213642354	409969243922666	409969213935791
409969214004541	409969260595062	409969214114177
409969230552979	409969277268291	409969230860166
409969247207823	409969293942875	409969247578760
409969263906416	409969310614489	409969264186729
409969280575635	409969327287979	409969280852041
409969297242198	409969343959645	409969299510323
409969333328604	409969360631155	409969333874177
409969333738291	409969377302822	409969333881416
409969350221260	409969393973916	409969350660791
409969366893760	409969410643552	409969367207979
409969383593291	409969427312822	409969383873552
409969400251416	409969443983551	409969400528604
409969416930010	409969460653239	409969431279333
409969433589489	409969477321832	409969433950270
409969469055270	409969493989020	409969469406729
409969469271260	409969510658552	409969469412666
409969485971416	409969527329593	409969486268916
409969502604645	409969544000322	409969502919073
409969519312145	409969560670270	409969519616729
409969535932302	9223372036854775807	409969536326052

POLL t=155.7 tick=2347
8333333
409978494102507	409978507854329	409978499003861
409978529882663	409978540722975	409978530212975
409978530071725	409978548940683	409978530222819
409978546726048	409978557158027	409978547027663
409978563379329	409978573592141	409978563780267
409978580146569	409978590027714	409978580455007
409978596786517	409978614682141	409978597073132
409978613470579	409978631120110	409978616114069
409978648911257	409978663993391	409978649252663
409978649121413	409978672211256	409978649260163
409978665804694	409978680430840	409978666193704
409978682436725	409978696869225	409978682765788
409978699145163	409978713305423	409978699420632
409978715822142	409978729741829	409978716107454
409978732493132	409978746177610	409978739270631
409978768210944	409978779052662	409978768527611
409978768513704	409978787270631	409978768664017
409978785072975	409978795488339	409978785376204
409978801737350	409978811925839	409978802022454
409978818444850	409978836580631	409978818728131
409978835116569	409978853017610	409978835433236
409978851803288	409978869456776	409978860711204
409978887283444	409978902329798	409978887723392
409978887682975	409978910548808	409978887862350
409978904176725	409978918767297	409978904494538
409978920860475	409978935203808	409978921189329
409978937523288	409978951641776	409978937829381
409978954186725	409978968078652	409978954476986
409978970852194	409978984515162	409978978032298
409979006686569	409979017386256	409979007078131
409979006834329	409979025603652	409979007095475
409979023504850	409979042040214	409979023797975
409979040233861	409979058478183	409979040545892
409979056894694	409979074913340	409979057171673
409979073563131	409979091348287	409979073935111
409979090238704	409979107783340	409979096160006
409979125434173	409979140649745	409979125765006
409979125570788	409979148867662	409979125797194
409979142264069	409979157085058	409979142570111
409979158953288	409979173518912	409979159409225
409979175641256	409979189953391	409979175925319
409979192312819	409979206387402	409979192601725
409979208983913	409979222821829	409979212255788
409979244856881	409979255693547	409979245224381
409979245073288	409979263910943	409979245244381
409979261698079	409979272129121	409979262150631
409979278447194	409979288562714	409979278745579
409979295051881	409979304998131	409979295337194
409979311711569	409979329648495	409979312000006
409979328467663	409979346082141	409979330370006
409979373729017	409979387167141	409979374221985
409979373895631	409979395385579	409979374281829
409979390558444	409979403604641	409979390843444
409979407262037	409979420044485	409979407567350
409979423948756	409979436481776	409979424225162
409979440594537	409979452919901	409979440870787
409979457314850	409979469357297	409979460702298
409979493242194	409979510444173	409979493609850
409979493440006	409979518661151	409979493629485
409979510065006	409979526877922	409979510353756
409979526774381	409979543310683	409979527061412
409979543478131	409979559741933	409979543765944
409979560087142	409979576175630	409979560413392
409979576807350	409979592610422	409979580530944
409979612986569	409979625482974	409979613497142
409979613256725	409979633701568	409979613503131
409979629935006	409979641920318	409979630222662
409979646599850	409979658358026	409979646880475
409979663249642	409979674796464	409979663623444
409979679929642	409979691233652	409979680202767
409979696612662	409979707669745	409979697905006
409979732738704	409979748762975	409979733115319
409979732897662	409979756982089	409979733139069
409979749567037	409979765201047	409979749852194
409979766260944	409979781637922	409979766650162
409979782951569	409979798075682	409979783235423
409979799623131	409979814515370	409979799901256
409979816300267	409979830953860	409979820651204
409979852555475	409979863823496	409979853149173
409979853012454	409979872042297	409979853154381
409979869521412	409979880260839	409979869934537
409979886166569	409979896695996	409979886437819
409979902863548	409979921349953	409979903143548
409979919513548	409979937786203	409979919796516
409979936249225	409979954222506	409979940433131
409979972685579	409979987094328	409979973123079
409979972854329	409979995311881	409979973126673
409979989599225	409980003529693	409979989899485
409980006292819	409980019966725	409980006571881
409980022926516	409980036404641	409980023208391
409980039608444	409980052840005	409980039884485
409980056321881	409980069275266	409980059381256
409980092470631	409980110371881	409980092760943
409980092614641	409980118590995	409980092764641
409980109380943	409980126810058	409980109677766
409980126063704	409980143245214	409980126360318
409980142749798	409980159679432	409980143023131
409980159395579	409980176116360	409980159665943
409980176150006	409980192552245	409980177411412
409980212563131	409980225420475	409980212869225
409980212746829	409980233638235	409980212882506
409980229496256	409980241854328	409980229777506
409980246144329	409980258285787	409980246419693
409980262817818	409980274717557	409980263101256
409980279500423	409980291147349	409980279872193
409980296273079	409980307578964	409980297484693
409980331482662	409980348660891	409980331918391
409980331680475	409980356876620	409980331927454
409980348367037	409980365093443	409980348660423
409980365045631	409980381527974	409980365342662
409980381763912	409980397961932	409980382129381
409980398408912	409980414392088	409980398679798
409980415098756	409980430821203	409980418821725
409980451465579	409980463685057	409980451856256
409980451673443	409980471901360	409980451878079
409980468318443	409980480117818	409980468720006
409980485000735	409980496553859	409980485286100
409980501649068	409980512989954	409980501926725
409980518313600	409980529423964	409980518604068
409980534997975	409980545860838	409980540690006
409980571833756	409980586957402	409980572519172
409980572187141	409980595178808	409980572524850
409980588815735	409980603398911	409980589122297
409980605433443	409980619836203	409980605726100
409980622134797	409980636272141	409980622407975
409980638797193	409980652707350	409980639079537
409980655506100	409980669141776	409980662120110

POLL t=166.8 tick=2430
8333333
409989723475575	409989733823492	409989723774638
409989740139065	409989750258231	409989740428909
409989756813752	409989774910211	409989763239221
409989791660731	409989807782554	409989792924794
409989791824690	409989816002085	409989792930315
409989808453284	409989824221304	409989808844065
409989825148388	409989840657919	409989825476356
409989841908440	409989857094637	409989842219221
409989858541409	409989873531096	409989858818127
409989875213544	409989889967971	409989875490315
409989891871408	409989906404117	409989892209533
409989927732502	409989939277606	409989928285627
409989928177971	409989947495262	409989928292971
409989944630731	409989955712606	409989944943752
409989961416669	409989972146565	409989961725471
409989978027502	409989988581721	409989978305002
409989994710471	409990013235210	409989995017815
409990011355627	409990029668960	409990014927502
409990046109690	409990062540418	409990046489794
409990046278596	409990070758283	409990046523596
409990062930158	409990078975783	409990063233440
409990079649377	409990095407814	409990079946565
409990096336408	409990111842189	409990096653127
409990112996096	409990128275263	409990113369533
409990129659690	409990144709429	409990140875158
409990164800940	409990177578283	409990165346356
409990165085315	409990185796043	409990165352763
409990181696044	409990194013700	409990182010315
409990198397606	409990210448908	409990198682658
409990215053283	409990226885315	409990215427971
409990231722658	409990243322033	409990232037658
409990248406513	409990259759793	409990253003283
409990284271356	409990300849742	409990284736565
409990284843388	409990309068543	409990285005315
409990301226200	409990317286408	409990301629846
409990317867815	409990333723856	409990318236877
409990334554794	409990350161252	409990334840887
409990351222502	409990366597554	409990351501408
409990367919012	409990383032918	409990373113752
409990404317346	409990415900940	409990404868127
409990404481252	409990424118022	409990404879690
409990421148596	409990432334898	409990421440471
409990437876096	409990448766564	409990438175002
409990454540627	409990465200366	409990454817450
409990471203752	409990481633179	409990471482606
409990487885575	409990506284012	409990495047658
409990523569846	409990539153491	409990523898856
409990523895940	409990547370105	409990524067658
409990540404846	409990555587084	409990540694689
409990557156200	409990572020106	409990557425419
409990573797294	409990588454741	409990574078700
409990590470158	409990604887293	409990590750002
409990607162346	409990621319741	409990613219689
409990642648127	409990654190887	409990643025158
409990642838283	409990662408804	409990643094012
409990659501877	409990670626043	409990659796564
409990676220627	409990687062554	409990676531408
409990692828127	409990703496147	409990693115627
409990709535731	409990728149532	409990709912137
409990726198439	409990744582762	409990737031721
409990761428752	409990777450210	409990761848648
409990761644169	409990785668335	409990761863023
409990778278908	409990793887554	409990778578127
409990794956044	409990810322918	409990795246877
409990811671512	409990826757241	409990812139012
409990828337658	409990843190574	409990828622502
409990845025627	409990859623022	409990850582919
409990880238752	409990892494793	409990880591252
409990880424221	409990900713647	409990880655158
409990897093283	409990908932502	409990897385314
409990914016356	409990925368439	409990914398283
409990930497294	409990941803647	409990930816825
409990947105627	409990958237710	409990947395471
409990963774950	409990974670678	409990973836200
409990994157502	409991007540887	409990994480471
409990997058908	409991015758126	409990997354793
409991013769533	409991032192762	409991014147033
409991030526721	409991048629064	409991030797814
409991047207033	409991065064637	409991047483231
409991063836564	409991081503335	409991075636825
409991094895783	409991106156980	409991095222033
409991097252502	409991114374376	409991097599689
409991113883856	409991130808804	409991114253387
409991130493439	409991147244741	409991130778127
409991147190731	409991163680158	409991147465418
409991163904377	409991180114533	409991178601668
409991180586877	409991196545626	409991180909846
409991214730939	409991229410938	409991215241668
409991214982033	409991237628490	409991215247762
409991231731200	409991245846147	409991232043283
409991248412033	409991262281460	409991248678856
409991265068231	409991278716720	409991265352658
409991281710418	409991295152240	409991294104950
409991318327814	409991336240730	409991318986564
409991318750939	409991344456095	409991318990783
409991335417918	409991352673178	409991335718283
409991352076668	409991369107345	409991352324845
409991368772502	409991385540730	409991369040314
409991385432762	409991401974688	409991385703439
409991402108856	409991418407189	409991404210470
409991438504481	409991451277814	409991438808075
409991438793231	409991459495158	409991438921043
409991455726564	409991467711876	409991455997189
409991472236564	409991484145366	409991472557762
409991488820470	409991500580105	409991489094845
409991505513595	409991517019324	409991505780783
409991522249012	409991533460522	409991525221200
409991558034481	409991574553230	409991558397814
409991558224377	409991582771252	409991558421877
409991574889689	409991590990053	409991575176408
409991591793231	409991607425835	409991592071095
409991608310314	409991623865731	409991608582970
409991624949377	409991640305678	409991625320106
409991641603908	409991656744533	409991652439377
409991677461095	409991689614949	409991677939949
409991677784845	409991697831564	409991677950939
409991694442814	409991706048647	409991694740731
409991711081824	409991722482189	409991711460314
409991727756043	409991738917293	409991728048127
409991744393127	409991755351095	409991744668127
409991761126408	409991771785939	409991763701877
409991796576252	409991812871720	409991796882502
409991796802502	409991821088335	409991796886095
409991813528595	409991829305001	409991813795783
409991830183127	409991845737241	409991830566512
409991846817970	409991862170730	409991847140939
409991863456408	9223372036854775807	409991863744064

POLL t=178.0 tick=2515
8333333
410000935655936	410000949977705	410000946728540
410000970531873	410000982838019	410000970973123
410000970837654	410000991053851	410000970996977
410000987424790	410000999269685	410000987751404
410001004141248	410001015699842	410001004423279
410001020771821	410001032134321	410001021067186
410001037480310	410001048569060	410001037774373
410001054157290	410001065003279	410001058230779
410001087879633	410001097874789	410001088279373
410001088120935	410001106092341	410001088284373
410001104751352	410001122524998	410001105113279
410001121384633	410001138957966	410001121701040
410001138129998	410001155391925	410001138420310
410001154772498	410001171824372	410001155157342
410001171433435	410001188257498	410001184144060
410001188137967	410001204690362	410001188522810
410001222852654	410001237551300	410001223213852
410001222972967	410001245766664	410001223217029
410001239730154	410001253982862	410001240108435
410001256412029	410001270413383	410001256945258
410001273052290	410001286846248	410001273337342
410001289720935	410001303278696	410001290000623
410001306398592	410001319712706	410001306770310
410001341792446	410001352578123	410001342243852
410001342281352	410001360795675	410001342381977
410001358757810	410001369012602	410001359202029
410001375371873	410001385443331	410001375685102
410001392204529	410001410091560	410001392498540
410001408779060	410001426524581	410001409053904
410001425467810	410001442955674	410001426174373
410001459996560	410001475819945	410001460419321
410001460336717	410001484035153	410001460487498
410001476966717	410001492250883	410001477320779
410001493626873	410001508682445	410001493963279
410001510274998	410001525114425	410001510549217
410001526943748	410001541543851	410001527214164
410001543636039	410001557972446	410001544617654
410001577713748	410001590837654	410001578097654
410001577915779	410001599053643	410001578104529
410001594589373	410001607269425	410001594947185
410001611239529	410001623701768	410001611560727
410001627959633	410001640132498	410001628254060
410001644609946	410001656564424	410001644894217
410001661288748	410001672995101	410001667369946
410001694791560	410001705857289	410001695225310
410001694947498	410001714073695	410001695234321
410001711621664	410001722290258	410001711911560
410001728353123	410001738721508	410001728641196
410001745003383	410001763365570	410001745277914
410001761677810	410001779796195	410001762071716
410001778331873	410001796226038	410001787531664
410001811504060	410001829088174	410001811936248
410001811870466	410001837304060	410001811936873
410001828385258	410001845521195	410001828675466
410001845091404	410001861956299	410001845377810
410001861782029	410001878390518	410001862152341
410001878451560	410001894826872	410001878726716
410001895149216	410001911261300	410001896538904
410001929470571	410001944128539	410001929849060
410001929677498	410001952345726	410001929925466
410001946328591	410001960562341	410001946654998
410001962978227	410001976995726	410001963414060
410001979678071	410001993426456	410001979958748
410001996337966	410002009859268	410001996629841
410002013079216	410002026290986	410002015464373
410002046502966	410002059154893	410002046869373
410002046834529	410002067370413	410002047004373
410002063305310	410002075585518	410002063726716
410002079967654	410002092015830	410002080279321
410002096654477	410002108446247	410002096949789
410002113387341	410002124876768	410002113667810
410002130054633	410002141305570	410002135458279
410002164495779	410002182379632	410002164875154
410002164651404	410002190595153	410002164946873
410002181310414	410002198810362	410002181603383
410002198079320	410002215240309	410002198371716
410002214736091	410002231671247	410002215001195
410002231427445	410002248102393	410002231784945
410002248224216	410002264534476	410002254978904
410002278372966	410002289179060	410002278665727
410002281384945	410002297396247	410002281675727
410002298096664	410002313827445	410002298371404
410002314768435	410002330259684	410002315043435
410002331455154	410002346693017	410002331736560
410002348172810	410002363125257	410002359054997
410002378484372	410002395993695	410002378774529
410002381343435	410002404210882	410002381646247
410002398111247	410002412427965	410002398429320
410002414774372	410002428862393	410002415045883
410002431452966	410002445296091	410002431728695
410002448138383	410002461729580	410002448405779
410002464825102	410002478162653	410002467476404
410002497467810	410002511026143	410002497789164
410002498341091	410002519241663	410002498690466
410002514821091	410002527456247	410002515112133
410002531499372	410002543890154	410002531814164
410002548224008	410002560323903	410002548493591
410002564861404	410002576758747	410002565234008
410002581626872	410002593192809	410002587359320
410002615022029	410002626062080	410002615365779
410002615350779	410002634279268	410002615451664
410002631957185	410002642494892	410002632237029
410002648669477	410002658925205	410002648969529
410002665285935	410002683571455	410002665643435
410002681949320	410002700001611	410002682236091
410002698647966	410002716431716	410002698858695
410002730403435	410002741078122	410002730709997
410002732128435	410002749293226	410002732418279
410002748575414	410002765724892	410002748873227
410002765267341	410002782157028	410002765694945
410002781911716	410002798586768	410002782285414
410002798580779	410002815017236	410002798869216
410002815367445	410002831446872	410002817487445
410002850094997	410002864306403	410002850426872
410002850441091	410002872522809	410002850544320
410002866978122	410002880738642	410002867358904
410002883628747	410002897170153	410002883956091
410002900307341	410002913597757	410002900594008
410002916969320	410002930026299	410002917266091
410002933703539	410002946454007	410002937563279
410002967309060	410002979310779	410002967779529
410002967465883	410002987524528	410002967830935
410002984161508	410002995737601	410002984481820
410003000869008	410003012166403	410003001177341
410003017567497	410003028597757	410003017841560
410003034214476	410003045030987	410003034494528
410003050916247	410003061463226	410003055645622

POLL t=189.2 tick=2600
8333333
410012120324160	410012132181504	410012120703379
410012136947963	410012148614473	410012137237181
410012153602650	410012165046191	410012153896556
410012170357181	410012181479785	410012173365462
410012204144369	410012214348274	410012204629525
410012204509212	410012222566764	410012204667650
410012221081400	410012239005670	410012221549942
410012237711712	410012255439733	410012238006087
410012254390931	410012271876296	410012254676712
410012271057806	410012288313743	410012271341192
410012288401087	410012304749941	410012290043431
410012321407806	410012337621608	410012321929837
410012321595254	410012345839732	410012321987962
410012338259942	410012354057233	410012338552650
410012354917181	410012370490202	410012355212806
410012371637650	410012386922285	410012371915098
410012388310931	410012403353431	410012388584785
410012404978587	410012419784472	410012409952650
410012438050879	410012452651868	410012438438431
410012438313744	410012460869993	410012438458744
410012454978119	410012469085826	410012455263275
410012471706504	410012485518119	410012472052962
410012488372962	410012501951452	410012488649525
410012505034525	410012518385462	410012505313067
410012521687962	410012534818170	410012526126400
410012554971400	410012567681608	410012555342598
410012555310879	410012575896348	410012555478692
410012571817337	410012584110931	410012572100150
410012588482181	410012600541712	410012588789681
410012605149681	410012616968899	410012605443379
410012621877181	410012633394681	410012622211191
410012638491869	410012649821660	410012643710566
410012671471556	410012682682337	410012671831087
410012671874212	410012690898483	410012671994160
410012688501556	410012699114525	410012688811087
410012705194212	410012715544837	410012705534837
410012721859994	410012731977337	410012722254681
410012738533431	410012756627024	410012738817181
410012755265931	410012773057858	410012756257598
410012788799525	410012805922233	410012789095150
410012789008223	410012814138691	410012789099212
410012805737494	410012822356452	410012806077181
410012822335254	410012838790461	410012822768066
410012839068743	410012855222284	410012839377025
410012855728900	410012871653691	410012855998743
410012872431660	410012888088639	410012872624681
410012906076868	410012920951295	410012906462650
410012906287806	410012929166607	410012906469212
410012922952806	410012937382128	410012923474785
410012939626400	410012953812493	410012940008431
410012956330254	410012970245358	410012956616712
410012972953275	410012986680201	410012973242754
410012989657754	410013003115722	410012990103379
410013022485306	410013035978014	410013023018223
410013022982910	410013044192754	410013023099212
410013039654941	410013052408013	410013039971712
410013056394941	410013068838586	410013056676712
410013073032337	410013085272076	410013073301816
410013089702806	410013101704681	410013089978431
410013106397285	410013118137128	410013106521973
410013140162337	410013150995566	410013140449160
410013140306816	410013159210305	410013140482806
410013157041400	410013175639211	410013157317598
410013173648587	410013183854472	410013174038743
410013190392806	410013208495618	410013190783379
410013207041816	410013224926243	410013207321087
410013223719056	410013241358795	410013228462337
410013257587493	410013274221399	410013258131347
410013258206400	410013282436868	410013258314941
410013274590462	410013290652597	410013274955879
410013291266347	410013307082806	410013291550462
410013307949368	410013323514003	410013308229525
410013324616712	410013339944420	410013324987337
410013341313743	410013356377545	410013343717337
410013369695775	410013381027440	410013369985618
410013374573066	410013389242701	410013374869368
410013391239525	410013405672129	410013391532025
410013408036347	410013422103014	410013408282962
410013424669993	410013438532857	410013425034525
410013441396972	410013454963378	410013442106087
410013475370149	410013487822701	410013475648587
410013475577649	410013496037701	410013475649629
410013492318118	410013504252232	410013492599993
410013508964629	410013520682024	410013509240618
410013525672806	410013537112336	410013526042649
410013542323847	410013553541243	410013542600097
410013559023274	410013569970409	410013559334316
410013593031243	410013611041347	410013593332493
410013593314524	410013619257284	410013593453743
410013610075774	410013627473326	410013610361087
410013626709993	410013643903013	410013627084212
410013643408222	410013660331868	410013643680931
410013660115462	410013676761763	410013660483274
410013676795931	410013693193743	410013677160774
410013707970618	410013726055201	410013708328691
410013710111035	410013734269368	410013710423899
410013726736243	410013742483743	410013727098587
410013743426556	410013758913483	410013743695149
410013760125931	410013775345826	410013760408222
410013776840879	410013791777076	410013779432754
410013806034056	410013816424681	410013806411347
410013810044212	410013824640931	410013810349212
410013826777910	410013841072284	410013827178691
410013843367754	410013857504263	410013843649837
410013860100566	410013873936399	410013860368899
410013876717962	410013890367806	410013887676868
410013909553066	410013923228743	410013909849368
410013910027024	410013931442649	410013910128118
410013926775306	410013939655774	410013927139993
410013943438118	410013956084003	410013943709368
410013960114837	410013972512700	410013960392181
410013976745306	410013997152961	410013989464472
410014011673743	410014021789211	410014012172337
410014012184212	410014030002076	410014012441191
410014028769941	410014046426920	410014029156660
410014045505774	410014062852492	410014045792753
410014062169993	410014079279420	410014062454212
410014078829472	410014095707128	410014079112806
410014095497806	410014112137284	410014095890462
410014130877337	410014145003899	410014131516503
410014131570253	410014153220878	410014131864055
410014147808587	410014161438586	410014148111087
410014164503743	410014177870617	410014164784837
410014181093378	410014194302076	410014181389055
410014197823691	410014210729576	410014198151191
410014214570149	410014227159992	410014214928743
410014250560462	9223372036854775807	410014251022753

POLL t=200.4 tick=2686
8333333
410023333083739	410023356023114	410023333166708
410023349727489	410023364239833	410023350021083
410023366449989	410023380672906	410023366889521
410023383090250	410023397104624	410023383381708
410023399765614	410023413536083	410023400081708
410023416490719	410023429970041	410023418265406
410023450364000	410023462835510	410023450795302
410023450839521	410023471052229	410023450963531
410023467205614	410023479270041	410023467627281
410023483884521	410023495704155	410023484284833
410023500581239	410023512136707	410023500868114
410023517225250	410023528568999	410023517556187
410023533927333	410023545002698	410023536651708
410023567261239	410023577864833	410023567789833
410023567422646	410023586080666	410023567794937
410023584132802	410023594296916	410023584419989
410023600757489	410023618945770	410023601073271
410023617438271	410023635375041	410023617724833
410023634098219	410023651806500	410023634386812
410023650774781	410023668238218	410023655836812
410023693143583	410023709321395	410023693475771
410023693254000	410023717538947	410023693480875
410023709947802	410023725755562	410023710239833
410023726690771	410023742191603	410023726964000
410023743348531	410023758626447	410023743621864
410023760037125	410023775062489	410023760385458
410023776695875	410023791497854	410023778289156
410023810635927	410023824357333	410023811086968
410023810835302	410023832573739	410023811096083
410023827504625	410023840790927	410023827804521
410023844171343	410023857222020	410023844495250
410023860864833	410023873654936	410023861241812
410023877534937	410023890088582	410023877812021
410023894203062	410023906519781	410023899428114
410023928143583	410023939380874	410023928674468
410023928551083	410023947596916	410023928724781
410023945035093	410023955814780	410023945349781
410023961690302	410023972248687	410023962070875
410023978423531	410023988680978	410023978700770
410023995061239	410024013328322	410023995394520
410024011751864	410024029759520	410024025689520
410024028443114	410024046190822	410024028815770
410024061787020	410024079054207	410024062174000
410024061929520	410024087271655	410024062178218
410024078641812	410024095488426	410024079472645
410024095360145	410024111922489	410024095670458
410024112116552	410024128357645	410024112291031
410024128684989	410024144794833	410024141424364
410024145354208	410024161228217	410024145713895
410024180455458	410024194095978	410024180932593
410024180775614	410024202312540	410024180937489
410024197335406	410024210528062	410024197647958
410024214467645	410024226960562	410024214723895
410024230883583	410024243394780	410024231236239
410024247478895	410024259829520	410024247765458
410024264239833	410024276261604	410024264803739
410024297824052	410024309125718	410024298242958
410024298007020	410024317342802	410024298277645
410024314681343	410024325559885	410024315047281
410024331292489	410024341993739	410024331607906
410024347996395	410024358424624	410024348288062
410024364716656	410024374854000	410024365109468
410024381437958	410024399497124	410024382771968
410024414429052	410024432359468	410024414745927
410024414758427	410024440573687	410024414841864
410024431440927	410024448788947	410024431802020
410024448098270	410024465218114	410024448414520
410024464764833	410024481649729	410024465147333
410024481425927	410024498080665	410024481759052
410024498165874	410024514512124	410024498533270
410024533403114	410024547373426	410024533881968
410024533706343	410024555589937	410024533885614
410024550351656	410024563805353	410024550650770
410024567256291	410024580233114	410024567639781
410024583790458	410024596664416	410024584080770
410024600407020	410024613099832	410024600678583
410024617080301	410024629531967	410024617386239
410024653347801	410024670610561	410024653760093
410024653767176	410024678827072	410024653919051
410024670318426	410024687042853	410024670718895
410024687077593	410024703474208	410024687375770
410024703727124	410024719905561	410024704035249
410024720444312	410024736339364	410024726533270
410024753127541	410024769207071	410024753465301
410024753895614	410024777422280	410024754315770
410024770459989	410024785638009	410024770841083
410024787138374	410024802068842	410024787417958
410024803828999	410024818498635	410024804111343
410024820460301	410024834928843	410024820732489
410024837134781	410024851360405	410024837447958
410024869775770	410024884220770	410024870212333
410024870419781	410024892435770	410024870523270
410024887199833	410024900651394	410024887478114
410024903848739	410024917083634	410024904118999
410024920514208	410024933514936	410024920799208
410024937290874	410024949947436	410024939794676
410024966296187	410024982811707	410024966786499
410024970421864	410024991028998	410024970717749
410024987170093	410024999245874	410024987453270
410025003861395	410025015681811	410025004141239
410025020540614	410025032117072	410025020818374
410025037245614	410025048547020	410025038981864
410025071177801	410025089629520	410025071692176
410025071650145	410025097847123	410025071797020
410025088221551	410025106063895	410025088505926
410025104809208	410025122499780	410025105088895
410025121501708	410025138933895	410025121775458
410025138155458	410025155366708	410025138432489
410025154820718	410025171796967	410025158527905
410025189269468	410025204658843	410025189628426
410025189437958	410025212873946	410025189644989
410025206118843	410025221089155	410025206424155
410025222838739	410025237518791	410025223144937
410025239495718	410025253950613	410025239764364
410025256192280	410025270380822	410025256468270
410025272885718	410025286812592	410025277265145
410025307058114	410025319678946	410025307546239
410025307438062	410025327895770	410025307565093
410025323974676	410025336111030	410025324292645
410025340649937	410025352542280	410025340930457
410025357349520	410025368973895	410025357630926
410025374019207	410025385405092	410025374379937
410025390750614	410025401835770	410025392214520
410025424034207	410025434698009	410025424336082
410025424246655	410025442913634	410025424336864
410025440943582	410025451130613	410025441271187
410025457633426	9223372036854775807	410025457911655

POLL t=211.6 tick=2817
8333333
410034521055402	410034537615453	410034521344516
410034537757798	410034554049359	410034537999933
410034554406704	410034570482641	410034564244933
410034598439464	410034611561496	410034598752641
410034598588371	410034619776547	410034599128110
410034615265610	410034627990714	410034615553214
410034631952954	410034644421131	410034632264777
410034648652016	410034660848579	410034648924308
410034665326496	410034677276391	410034665647485
410034681985923	410034693707380	410034689076704
410034716437016	410034726567537	410034716927589
410034716657016	410034734782537	410034716932016
410034733337173	410034751211964	410034733693527
410034749962589	410034767640401	410034750247954
410034766663735	410034784068631	410034766980558
410034783337433	410034800498734	410034783613266
410034799989673	410034816930974	410034801067121
410034833791183	410034849796808	410034834168683
410034834094829	410034858014204	410034834181704
410034850683579	410034866231755	410034850994152
410034867358579	410034882665766	410034867674621
410034884089777	410034899097277	410034884365766
410034900722485	410034915524568	410034901095402
410034917410870	410034931956130	410034917998735
410034950358891	410034964824776	410034950645245
410034950690766	410034973040870	410034950840298
410034967397329	410034981257381	410034967713527
410034984167485	410034997689412	410034984447173
410035000775766	410035014118995	410035001158891
410035017439204	410035038765141	410035031867485
410035034119308	410035046980453	410035034486391
410035067543527	410035079843735	410035067825923
410035067719464	410035088058006	410035067837173
410035084419985	410035096272954	410035084777485
410035101067745	410035112704724	410035101484829
410035117775402	410035129136339	410035118051860
410035134441652	410035145567328	410035134716860
410035151130297	410035162000870	410035153554620
410035184716547	410035203073005	410035185086235
410035184897745	410035211288890	410035185093370
410035201592641	410035219505557	410035201858058
410035218238683	410035235935974	410035218690245
410035234956339	410035252365089	410035235313370
410035251574985	410035268795141	410035251871079
410035268266704	410035285224464	410035278840922
410035301388839	410035318084308	410035301804047
410035301563266	410035326298995	410035301820610
410035318290297	410035334513474	410035318674204
410035334921808	410035350944099	410035335213735
410035351618735	410035367374515	410035351888891
410035368275297	410035383804516	410035383059516
410035384959672	410035400237432	410035385317902
410035419556860	410035433095141	410035419844516
410035419705141	410035441310453	410035419857433
410035436388527	410035449525870	410035436701495
410035453125558	410035465956963	410035453433527
410035469774672	410035482388630	410035470098839
410035486434152	410035507032016	410035500995870
410035503132589	410035515247016	410035503712797
410035536396027	410035548109047	410035536750297
410035536581808	410035556325089	410035536804672
410035553232120	410035564541495	410035553514672
410035569907954	410035580972797	410035570225870
410035586620141	410035597404255	410035586938266
410035603279985	410035613836130	410035603692849
410035619967016	410035630269255	410035625724933
410035653184047	410035663132485	410035653857172
410035653386704	410035671349047	410035653863266
410035670014776	410035687782588	410035670302589
410035686712641	410035704216911	410035686997589
410035703392016	410035720651442	410035703765401
410035720093891	410035737085922	410035720371079
410035736734204	410035753518682	410035740054308
410035770542953	410035786389984	410035771091391
410035771140089	410035794608734	410035771291860
410035787494985	410035802826234	410035788140297
410035804185558	410035819260297	410035804567328
410035820921339	410035835694620	410035821200401
410035837605401	410035852130870	410035837878526
410035854356547	410035868566026	410035855611703
410035885527641	410035901435713	410035885842172
410035887646026	410035909651339	410035887987745
410035904226703	410035917866651	410035904604047
410035920924203	410035934300766	410035921200610
410035937633578	410035950733422	410035937909516
410035954276703	410035975381546	410035968755089
410035971032485	410035983598318	410035971370245
410036002414828	410036016460349	410036002508578
410036004274360	410036024677276	410036004713891
410036020987485	410036032894203	410036021275714
410036037671860	410036049325922	410036037913735
410036054285141	410036065757797	410036054570297
410036071161495	410036082188525	410036071406235
410036087694203	410036098620557	410036087876808
410036121079828	410036139701755	410036121413266
410036121430453	410036147918578	410036121531703
410036138102276	410036156135505	410036138402641
410036154699203	410036172568266	410036154978110
410036171393110	410036188998578	410036171668735
410036188149047	410036205432380	410036194097485
410036221673735	410036238293838	410036222727589
410036221878110	410036246510192	410036222759724
410036238660453	410036254726443	410036238951235
410036255240610	410036271158109	410036255523578
410036271959776	410036287592848	410036272228891
410036288623839	410036304027224	410036288892120
410036305288735	410036320460921	410036306837745
410036337360870	410036353325713	410036337637641
410036338590610	410036361541287	410036338932016
410036355300297	410036369756286	410036355600141
410036372113995	410036386188474	410036372312953
410036388620610	410036402620088	410036388897328
410036405279203	410036427268890	410036419572953
410036421965714	410036435485297	410036422321391
410036456976078	410036468343474	410036457532641
410036457365453	410036476558942	410036457541234
410036473916391	410036484774255	410036474238422
410036490786182	410036501204879	410036491026234
410036507340609	410036525849619	410036507758578
410036524012953	410036542279828	410036524275245
410036540643422	410036558706859	410036541013891
410036574573266	410036591568057	410036574919672
410036574806078	410036599784203	410036574924672
410036591507432	410036608000297	410036591815453
410036608308266	410036624432380	410036608678526
410036624865557	410036640863473	410036625145609
410036641547172	410036657292276	410036654397641

POLL t=222.8 tick=2903
8333333
410045687590762	410045702526230	410045687888575
410045704200918	410045718964459	410045704497273
410045720867012	410045735403678	410045721159356
410045737521075	410045751843418	410045737903054
410045754280085	410045768281282	410045756238106
410045787751648	410045801159251	410045788041700
410045787930293	410045809378366	410045788050293
410045804615137	410045817596126	410045804976023
410045821365710	410045834030970	410045821744825
410045838015918	410045850464407	410045838535606
410045854674304	410045866901752	410045854966856
410045871349200	410045883334824	410045875378262
410045905192168	410045916203574	410045905625606
410045905526075	410045924422116	410045905708731
410045922048887	410045932639824	410045922353418
410045938693991	410045949074355	410045939107741
410045955425293	410045965510761	410045955705762
410045972130554	410045990160450	410045972411543
410045988770866	410046006593990	410045995665918
410046021921543	410046039463106	410046022288835
410046022106856	410046047681438	410046022303575
410046038755293	410046055899825	410046039150397
410046055447012	410046072333835	410046055765762
410046072194043	410046088766178	410046072511543
410046088902637	410046105200918	410046089147793
410046105639825	410046121638001	410046114365450
410046139546387	410046154511907	410046139979512
410046139858575	410046162730449	410046140027637
410046156449200	410046170950293	410046156743210
410046173185397	410046187388731	410046173503575
410046189796387	410046203825449	410046190085554
410046206512793	410046220263626	410046206801700
410046223196647	410046236701179	410046226554981
410046257906699	410046269573939	410046258507637
410046258392324	410046277792845	410046258514929
410046274783366	410046286011908	410046275077012
410046291445710	410046302449147	410046291756647
410046308187116	410046318884564	410046308472793
410046324847324	410046335319407	410046325126387
410046341516960	410046359972740	410046347139304
410046374667168	410046392843730	410046375035866
410046374830762	410046401062481	410046375049824
410046391502324	410046409280501	410046391812168
410046408256543	410046425717272	410046408538106
410046424900554	410046442154668	410046425186074
410046441556074	410046458590292	410046441930710
410046458236491	410046475024407	410046462602324
410046491852585	410046507891126	410046492156387
410046492033574	410046516110293	410046492171231
410046508687897	410046524329615	410046508981074
410046525416387	410046540767063	410046525696022
410046542061179	410046557205658	410046542434824
410046558712949	410046573645813	410046558998418
410046575374512	410046590083054	410046581784512
410046609361074	410046622958990	410046609837949
410046609898106	410046631179824	410046610059981
410046626289824	410046639398626	410046626601647
410046642969981	410046655837376	410046643350241
410046659673991	410046672275970	410046659961543
410046676339772	410046688715292	410046676619199
410046693045137	410046705151334	410046698263887
410046726205918	410046738026282	410046726581022
410046726369512	410046746244408	410046726597585
410046743023418	410046754462012	410046743406335
410046759992897	410046770900084	410046760255606
410046776457272	410046787336178	410046776736231
410046793061803	410046803770137	410046793347949
410046809731387	410046820203574	410046817890137
410046843665918	410046861284043	410046844289199
410046844030918	410046869501230	410046844294668
410046860657897	410046877719303	410046860966491
410046877300293	410046894154511	410046877597949
410046894043991	410046910589095	410046894322481
410046910698105	410046927024042	410046910968210
410046927407168	410046943458991	410046928927324
410046959071960	410046976333626	410046959430762
410046960619616	410046984551178	410046961075293
410046977481074	410046992768782	410046977739616
410046993980137	410047009202949	410046994284824
410047010780449	410047025635657	410047011045918
410047027428574	410047042068105	410047027696543
410047044161647	410047058502427	410047052365710
410047076226387	410047091369824	410047076534460
410047077407949	410047099586074	410047077752637
410047094070710	410047107802532	410047094355137
410047110727428	410047124234095	410047111013105
410047127464616	410047140666803	410047127728678
410047144154668	410047165318470	410047157704355
410047160850449	410047173536907	410047161200918
410047196946543	410047214626490	410047197286022
410047197281803	410047222844355	410047197445085
410047214039147	410047231061595	410047214338887
410047230716960	410047247495136	410047231003418
410047247310605	410047263929095	410047247685762
410047264080918	410047280361803	410047276816178
410047297766543	410047313234615	410047298073522
410047298232897	410047321452116	410047298349668
410047314736543	410047329670605	410047315023887
410047331443105	410047346108000	410047331766491
410047348111491	410047362544771	410047348485605
410047364791699	410047378982428	410047365056074
410047381545762	410047395420969	410047382905918
410047414407793	410047428294980	410047414797168
410047414825605	410047436511959	410047414983262
410047431441699	410047444729771	410047431726699
410047448241230	410047461165084	410047448615605
410047464748366	410047477599407	410047465031543
410047481439668	410047494034147	410047481710137
410047498333730	410047510468365	410047498420762
410047531920709	410047543334876	410047532233418
410047532251022	410047551552323	410047532328834
410047548791543	410047559770813	410047549243730
410047565483991	410047576205292	410047565748209
410047582142324	410047592639719	410047582415605
410047598804824	410047617293990	410047612390918
410047615490449	410047633731230	410047615900605
410047651445918	410047666603729	410047652180709
410047651882168	410047674820761	410047652186386
410047668370553	410047683038730	410047668688261
410047685061543	410047699475552	410047685375397
410047701722324	410047715911595	410047702037480
410047718390709	410047732349563	410047718665397
410047735048261	410047748787428	410047735408574
410047769565553	410047781663365	410047769998105
410047770054459	410047789881854	410047770282636
410047786900397	410047798100240	410047787197480
410047803216491	410047814536907	410047803577116

POLL t=234.0 tick=2988
8333333
410056852200133	410056869707633	410056865612945
410056884941070	410056902567164	410056885412320
410056885549039	410056910784247	410056885656852
410056902249925	410056919001383	410056902532581
410056919013102	410056935434300	410056919357164
410056935610914	410056951866538	410056935882477
410056952263362	410056968302529	410056952540914
410056968952945	410056984735602	410056971255862
410057003538727	410057017600445	410057004089820
410057004080081	410057025815653	410057004181070
410057020470393	410057034032580	410057020786487
410057037402477	410057050465185	410057037661956
410057053897164	410057066898310	410057054171383
410057070534977	410057083329611	410057070821070
410057087199612	410057099759664	410057095532633
410057121365602	410057132618778	410057121815393
410057121668570	410057140834664	410057121828050
410057138258831	410057149050550	410057138545706
410057154941227	410057165482841	410057155251695
410057171665914	410057181916642	410057172046070
410057188310706	410057198349768	410057188688518
410057204986799	410057222998465	410057215676174
410057239405706	410057255866017	410057239839768
410057239777789	410057264082372	410057239936539
410057256294143	410057272299090	410057256574977
410057272960914	410057288729820	410057273287008
410057289667581	410057305161695	410057290096695
410057306342789	410057321595445	410057306622737
410057323013831	410057338030602	410057332681070
410057357007320	410057370901278	410057357546227
410057357271070	410057379117893	410057357551539
410057373862789	410057387335133	410057374181383
410057390524664	410057403767580	410057390916226
410057407219143	410057420199559	410057407549612
410057423872945	410057436632788	410057424165445
410057440543726	410057453066539	410057444442112
410057475221383	410057485927736	410057475605862
410057475408570	410057494144091	410057475647737
410057492102112	410057510577476	410057492508414
410057508769664	410057527012789	410057509051226
410057525455862	410057543450028	410057525723258
410057542120549	410057559882164	410057542391487
410057558861226	410057576312840	410057562744039
410057593419508	410057609173309	410057593800862
410057593711070	410057617389507	410057593886018
410057610283726	410057625605288	410057610563570
410057626940862	410057642034142	410057627258101
410057643654195	410057658463882	410057643927633
410057660317424	410057674891955	410057660605914
410057676997789	410057691323153	410057682488831
410057710701695	410057724184715	410057711088883
410057710867320	410057732401017	410057711097633
410057727505706	410057740617216	410057727832581
410057744203726	410057757049611	410057744501487
410057760930601	410057773479090	410057761203987
410057777590289	410057789910601	410057777873414
410057794250914	410057806341278	410057800382633
410057828237633	410057839201382	410057828763258
410057828507737	410057847417320	410057828767789
410057845118570	410057855633101	410057845432008
410057861844351	410057872067371	410057862126018
410057878486487	410057896715288	410057878764039
410057895159976	410057913146747	410057895524351
410057911825133	410057929578100	410057913265914
410057945455133	410057962445184	410057945737737
410057945631643	410057970663152	410057945759664
410057962295914	410057978881070	410057962618258
410057979040237	410057995316590	410057979325914
410057995696226	410058011753621	410057996097737
410058012315080	410058028189143	410058024884143
410058029025445	410058044625705	410058029386330
410058064140445	410058077497372	410058064604664
410058064541487	410058085716173	410058064746487
410058082643205	410058093933778	410058082888726
410058099008882	410058110366069	410058099526539
410058115702945	410058126799716	410058116131226
410058132326382	410058143236955	410058132608414
410058149124664	410058159670184	410058150792112
410058182324664	410058192530549	410058182659664
410058182654195	410058200745653	410058182774039
410058199328830	410058217178517	410058199701643
410058215961851	410058233611174	410058216246330
410058232661487	410058250045601	410058232945080
410058249323570	410058266479038	410058262700862
410058266063362	410058282911278	410058266402737
410058300770601	410058315778622	410058301127164
410058300956382	410058323995289	410058301132476
410058317724924	410058332212007	410058318007737
410058334341539	410058348644143	410058334636695
410058351048101	410058365075809	410058351318570
410058367729820	410058381502840	410058367998570
410058384451539	410058397929767	410058388261955
410058419371539	410058430790809	410058419810289
410058419692737	410058439006798	410058419867789
410058436276539	410058447223101	410058436554820
410058452950601	410058463653361	410058453235914
410058469660705	410058480085392	410058469930914
410058486303674	410058504731954	410058486669039
410058503083414	410058521160913	410058505955757
410058538201018	410058554021434	410058538554820
410058538409195	410058562237528	410058538561851
410058555134455	410058570454455	410058555408986
410058571798101	410058586887840	410058572130757
410058588476643	410058603322684	410058588839299
410058605150757	410058619756903	410058605423570
410058621804507	410058636188153	410058627311539
410058655566486	410058669048205	410058655913726
410058655760601	410058677263257	410058655932320
410058672540861	410058685480236	410058672809299
410058689150601	410058701913152	410058689521539
410058705812424	410058718348413	410058706093570
410058722478570	410058734783725	410058722760601
410058739168413	410058751218569	410058739361695
410058773179820	410058784083673	410058773761070
410058773635445	410058792300288	410058773764976
410058790164820	410058800516590	410058790602945
410058806901070	410058825165913	410058807247476
410058823499507	410058833382268	410058823783882
410058840173049	410058858032058	410058855201851
410058856848882	410058874465184	410058857220861
410058890738257	410058907326433	410058891124143
410058890907632	410058915541746	410058891136538
410058907584507	410058923759246	410058907897632
410058924345549	410058940192110	410058924649976
410058940930757	410058956628465	410058941215132
410058957591643	410058973065965	410058957891851
410058974376799	410058989501642	410058976887945

POLL t=245.6 tick=3118
8333333
410068471983097	410068488083409	410068476091379
410068505767004	410068520956379	410068506169504
410068506048879	410068529173982	410068506183983
410068522606951	410068537390857	410068522900129
410068539269608	410068553823930	410068539652941
410068555973253	410068570256534	410068556266847
410068572728253	410068586692419	410068572984035
410068589369816	410068603129659	410068590723097
410068622632889	410068636002367	410068623091639
410068622827576	410068644220128	410068623099451
410068639473722	410068652438097	410068639859295
410068656199764	410068668872212	410068656493410
410068672862420	410068685306430	410068673143097
410068689527785	410068701742472	410068689842003
410068706192785	410068718177836	410068712174191
410068739559660	410068751047368	410068740153410
410068739783722	410068759266743	410068740161222
410068756407628	410068767483566	410068756700858
410068773146326	410068783918982	410068773432003
410068789798878	410068800354868	410068790087941
410068806470701	410068825011221	410068806748253
410068823137264	410068841445232	410068826959660
410068856755128	410068874315180	410068857115545
410068856947941	410068882532367	410068857174920
410068873602733	410068890749242	410068873900076
410068890318722	410068907185128	410068890595128
410068906988670	410068923622159	410068907318045
410068923631066	410068940060284	410068923915701
410068940313410	410068956497785	410068946821795
410068973647420	410068989374295	410068974034191
410068973821482	410068997592315	410068974062576
410068990476847	410069005808878	410068990765910
410069007200597	410069022243670	410069007505910
410069023852628	410069038678513	410069024139191
410069040490910	410069055112420	410069040877628
410069057206222	410069071546482	410069059808253
410069091493097	410069104417784	410069092086535
410069091937732	410069112634659	410069092087003
410069108362420	410069120853617	410069108643722
410069125122003	410069137290961	410069125415128
410069141754139	410069153728670	410069142122264
410069158438201	410069170166170	410069158709607
410069175095232	410069186603825	410069175542420
410069208837003	410069219477367	410069209455909
410069209019972	410069227696482	410069210091378
410069225707316	410069244133304	410069226004451
410069242338357	410069260567993	410069242717420
410069259076847	410069277004919	410069259348357
410069275738670	410069293439659	410069276035441
410069292408097	410069309874555	410069294767159
410069325623409	410069342740597	410069325962472
410069325774659	410069350956951	410069325970232
410069342441534	410069359173148	410069342887784
410069359124034	410069375606169	410069359446482
410069375860909	410069392039920	410069376156534
410069392501691	410069408473774	410069392795441
410069409166482	410069424908721	410069415546222
410069443007472	410069457776638	410069443839347
410069443309607	410069465994399	410069443844347
410069459942628	410069474212992	410069460283878
410069476678722	410069490647992	410069476956951
410069493324972	410069507082419	410069493595284
410069509994816	410069523517628	410069510275284
410069526655909	410069539952211	410069531423097
410069561012732	410069572818461	410069561377576
410069561198722	410069581037472	410069561395076
410069577854034	410069589257732	410069578136326
410069594497889	410069605695284	410069594789191
410069611233722	410069622130648	410069611513722
410069627937941	410069638567315	410069628211847
410069644622263	410069663218513	410069649493409
410069678073722	410069696088617	410069678433566
410069678246222	410069704306690	410069678478097
410069694960441	410069712524451	410069695194972
410069711604816	410069728959243	410069711929451
410069728301482	410069745393566	410069728579659
410069744997576	410069761830388	410069745355753
410069761705388	410069778267471	410069765370388
410069795961378	410069811140023	410069796284034
410069796215545	410069819358200	410069796290232
410069812959920	410069827575128	410069813247316
410069829686170	410069844008148	410069829977628
410069846304607	410069860444710	410069846690284
410069862974295	410069876881534	410069863259138
410069879711795	410069893317575	410069883456690
410069914136378	410069926189815	410069914707784
410069914646326	410069934408825	410069914874503
410069931148409	410069942627628	410069931441222
410069947805128	410069959064346	410069948176222
410069964554972	410069975501794	410069964824972
410069981209295	410069991941117	410069981500440
410069997935597	410070008380596	410069998293045
410070029297107	410070041258357	410070029598565
410070031206534	410070049476638	410070031540284
410070047849815	410070065912419	410070048204034
410070064515284	410070082350128	410070064796847
410070081151482	410070098787419	410070081437159
410070097841065	410070115224972	410070105305597
410070127148982	410070139881013	410070127437159
410070131170753	410070148101221	410070131483409
410070147826534	410070164539346	410070148224815
410070164521065	410070180973565	410070164792472
410070181183357	410070197409815	410070181456065
410070197825545	410070213845284	410070208953409
410070230941690	410070246719502	410070231252888
410070231176170	410070254938669	410070231259503
410070247872263	410070263157783	410070248269763
410070264546690	410070279593721	410070264826065
410070281220753	410070296028930	410070281518565
410070297874763	410070312467731	410070311983409
410070314548722	410070328909398	410070314920597
410070348676690	410070361782628	410070349189190
410070348843669	410070370000753	410070349192263
410070365543409	410070378219138	410070365837159
410070382207940	410070394653200	410070382583044
410070398859138	410070411087991	410070399149972
410070415579451	410070435741898	410070427886222
410070451043565	410070468610648	410070451648097
410070451384294	410070476828148	410070451656847
410070467958253	410070485046169	410070468283669
410070484692784	410070501483512	410070484987315
410070501401534	410070517919658	410070501687315
410070518076690	410070534359503	410070518372628
410070534734294	410070550796221	410070535986794
410070563684503	410070575451638	410070564104815
410070568192784	410070583670544	410070568603826
410070584767159	9223372036854775807	410070585065284

POLL t=256.7 tick=3205
8333333
410079652199343	410079662331738	410079652574031
410079686402780	410079703411114	410079686889968
410079686543405	410079711628041	410079686894968
410079703218874	410079719843457	410079703830853
410079720081218	410079736274186	410079720336322
410079736606166	410079752703613	410079736887572
410079753234447	410079769133249	410079762981374
410079784656999	410079801987572	410079785080124
410079786577780	410079810201113	410079786912312
410079803255072	410079818415644	410079803535072
410079819967885	410079834845436	410079820244812
410079836615072	410079851278301	410079836903718
410079853279343	410079867712624	410079864232937
410079886356947	410079900576061	410079886832155
410079886637416	410079908791009	410079886836218
410079903287624	410079917006374	410079903578093
410079920055437	410079933437884	410079920298093
410079936680437	410079949871634	410079936953874
410079953349343	410079974519134	410079966274447
410079970019187	410079982735696	410079970383405
410080005174968	410080015599290	410080005631062
410080005401530	410080023813873	410080005636999
410080022047468	410080040243509	410080022363249
410080038690124	410080056674499	410080039008197
410080055417416	410080073105957	410080055775749
410080072111791	410080089537259	410080072384447
410080088761010	410080105970280	410080093167468
410080122799968	410080138831894	410080123386218
410080123196374	410080147048613	410080123390541
410080139703874	410080155263353	410080141845280
410080156381843	410080171695071	410080156674499
410080173078562	410080188127467	410080173361009
410080189749187	410080204557988	410080190117884
410080206438249	410080220986217	410080207250437
410080236757780	410080253846009	410080237109655
410080239674343	410080262060696	410080240028249
410080256358562	410080270275749	410080256647155
410080273106947	410080286704394	410080273464343
410080289747780	410080303131062	410080290119499
410080306417624	410080319557624	410080306708666
410080323104186	410080344199081	410080336175541
410080356413405	410080368841061	410080356781999
410080356604759	410080377054498	410080356786374
410080373326791	410080385267936	410080373602728
410080389944968	410080401695697	410080390327624
410080406611478	410080418126165	410080406899030
410080423287780	410080442769082	410080434869811
410080457779186	410080475629655	410080458201061
410080458095853	410080483843561	410080458201843
410080474679916	410080492058873	410080474981686
410080491379759	410080508486686	410080491851999
410080508074968	410080524917415	410080508349655
410080524735228	410080541351633	410080525024499
410080541402155	410080557784446	410080541819499
410080575260593	410080590651999	410080575640541
410080575427936	410080598867936	410080575669916
410080592160124	410080607082728	410080592529030
410080608778822	410080623515852	410080609060384
410080625491843	410080639946269	410080625756634
410080642157103	410080656377467	410080642424655
410080658832155	410080672807988	410080658896530
410080691072311	410080705670852	410080691454343
410080692088093	410080713886895	410080692519916
410080708850072	410080722102520	410080709210280
410080725452936	410080738533613	410080725743041
410080742175124	410080754967102	410080742449968
410080758833353	410080771400175	410080770750593
410080775518822	410080787833561	410080775910124
410080811103093	410080828915697	410080811434499
410080811281165	410080837132155	410080811439499
410080827941374	410080845346946	410080828243249
410080844631218	410080861777675	410080844922728
410080861337468	410080878209134	410080861628874
410080877951165	410080894640279	410080886712259
410080906343665	410080919287624	410080906726790
410080911550853	410080927504029	410080911830384
410080928069499	410080943937936	410080928321061
410080944734290	410080960368561	410080945007780
410080961396999	410080976797780	410080961669134
410080978030280	410080993229446	410080983946530
410081012460905	410081026094602	410081012832936
410081012820384	410081034309394	410081012947780
410081029409967	410081042523508	410081029700436
410081046127936	410081058953404	410081046404811
410081062790436	410081075382258	410081063060905
410081079466374	410081091810384	410081079745124
410081096242572	410081108241217	410081098520124
410081128751061	410081141104707	410081129096947
410081129366686	410081149319550	410081129513197
410081146136009	410081157533821	410081146418249
410081162792311	410081173961529	410081163067467
410081179469655	410081190390228	410081179768978
410081196208197	410081206818196	410081196561947
410081212838249	410081223248509	410081213194967
410081247181530	410081264320592	410081247433092
410081247578353	410081272534863	410081247694603
410081264258197	410081280748665	410081264558717
410081280928874	410081297176842	410081281152467
410081297591165	410081313605175	410081297956061
410081314228561	410081330033352	410081317489134
410081347892572	410081362887832	410081348229134
410081348295853	410081371100019	410081348392467
410081364985384	410081379313665	410081365279967
410081381558561	410081395742050	410081381842572
410081398271322	410081412168769	410081398643353
410081414917415	410081428594758	410081423009655
410081450442311	410081461450696	410081450799030
410081450923353	410081469664446	410081451107624
410081467473717	410081477877623	410081467807780
410081484106217	410081494305852	410081484390124
410081500722311	410081518951061	410081501103509
410081517378509	410081535379342	410081529248405
410081550944186	410081568236946	410081551272311
410081551372936	410081576452727	410081551482780
410081567964030	410081584668717	410081568243353
410081584589030	410081601100956	410081584869655
410081601241374	410081617530853	410081601602467
410081617893092	410081633962102	410081618179290
410081634509811	410081650394029	410081646727311
410081651243248	410081666824185	410081651615436
410081686211530	410081699683405	410081686590905
410081686501478	410081707897936	410081686595071
410081703111061	410081716112884	410081703592623
410081719724186	410081732541477	410081720302467
410081736431061	410081748968196	410081736732259
410081753096686	410081765396893	410081753380280
410081769743405	410081781827467	410081770088665

POLL t=267.9 tick=3291
8333333
410090903994755	410090916797151	410090904272412
410090920664026	410090933224443	410090926199651
410090954403505	410090966078661	410090955196214
410090954704182	410090974292984	410090955202307
410090971251682	410090982506890	410090971571162
410090987979443	410090998933974	410090988260537
410091004679964	410091015363036	410091004943662
410091021328974	410091031791838	410091021612099
410091038030276	410091048218869	410091043701370
410091070814807	410091081076005	410091071203089
410091071313401	410091089290744	410091071463245
410091088019495	410091105718818	410091088297255
410091104697307	410091122147099	410091105017932
410091121389755	410091138575120	410091121669651
410091138057776	410091155002672	410091138344443
410091154720745	410091171431161	410091164183401
410091187898714	410091204287516	410091188184130
410091188258401	410091212501995	410091188478193
410091204889495	410091220716891	410091205188245
410091221558870	410091237146474	410091221855068
410091238228870	410091253574911	410091238515380
410091254925276	410091270001265	410091255299026
410091271607464	410091286428817	410091273619182
410091305946474	410091319282984	410091306319339
410091306131057	410091327495953	410091306338714
410091322804026	410091335710379	410091323082411
410091339463089	410091352139234	410091339838818
410091356134495	410091368567307	410091356519495
410091372844911	410091384995900	410091373120536
410091389510380	410091401425275	410091393989495
410091421592880	410091434284754	410091421983089
410091422761995	410091442499650	410091423204339
410091439444286	410091450714234	410091439744964
410091456140745	410091467142410	410091456526005
410091472830120	410091483573140	410091473122620
410091489461161	410091500002567	410091489755068
410091506134963	410091524646473	410091522064495
410091522826995	410091541077620	410091523152776
410091556737463	410091573937828	410091557164026
410091556883036	410091582151629	410091557168974
410091573569911	410091590365640	410091573876838
410091590254807	410091606795015	410091590562151
410091606967463	410091623224182	410091607232411
410091623611526	410091639654546	410091637674182
410091640301318	410091656085483	410091640674963
410091674231630	410091688940223	410091674602620
410091674422568	410091697154495	410091674623557
410091691084182	410091705369338	410091691416943
410091707833245	410091721798765	410091708087932
410091724446370	410091738227307	410091724732776
410091741087307	410091754654754	410091741369755
410091757777880	410091771083244	410091764386057
410091790736057	410091803945432	410091791270068
410091791308713	410091812161890	410091791521943
410091807836526	410091820377306	410091808162099
410091824448505	410091836810223	410091824740745
410091841128974	410091853244754	410091841434755
410091857794182	410091869676786	410091858185693
410091874595588	410091886108609	410091879407568
410091904690692	410091918969338	410091905019442
410091907798401	410091927183817	410091908072463
410091924448349	410091935398453	410091924737620
410091941150276	410091951827879	410091941430745
410091957823817	410091968257203	410091958208036
410091974482724	410091984687098	410091983910067
410092007061942	410092017547359	410092007429911
410092007997776	410092025762932	410092008335588
410092024506995	410092042193296	410092024789286
410092041269182	410092058622046	410092041620588
410092057906526	410092075049755	410092058279130
410092074570588	410092091476682	410092074850536
410092091258661	410092107906473	410092094981161
410092124661838	410092140767463	410092124997463
410092124792776	410092148983035	410092125000224
410092141574338	410092157199338	410092141866474
410092158177151	410092173629442	410092158557151
410092174895276	410092190058505	410092175178349
410092191548557	410092206485119	410092206236213
410092208252463	410092222915171	410092208567307
410092242288401	410092255775119	410092242584494
410092242481682	410092263991994	410092242591838
410092259170380	410092272207723	410092259670588
410092275865588	410092288636265	410092276189494
410092292565744	410092305065484	410092292875588
410092309261005	410092321492671	410092309549182
410092325930067	410092337919338	410092326226213
410092360551474	410092378987098	410092361069963
410092360857307	410092387201473	410092361076994
410092377580588	410092395416264	410092377865849
410092394213713	410092411844442	410092394496213
410092410892776	410092428272671	410092411187255
410092427605224	410092444701317	410092433422880
410092461314182	410092477559130	410092461903713
410092461666369	410092485774651	410092461911526
410092478341786	410092493989807	410092478619442
410092495064651	410092510419025	410092495354286
410092511650744	410092526845275	410092511931474
410092528349130	410092543274130	410092528627619
410092545113349	410092559700535	410092548539807
410092578931682	410092592548296	410092579245276
410092579273348	410092600760379	410092579423661
410092595958401	410092608973661	410092596234911
410092612630119	410092625402411	410092612908505
410092629276057	410092641833036	410092629547307
410092645911838	410092666477514	410092660087098
410092662628713	410092674689963	410092662996213
410092692262932	410092707542567	410092692598505
410092695869286	410092715756838	410092696159026
410092712604182	410092723971004	410092712872567
410092729248713	410092740396890	410092729519598
410092745920067	410092756821837	410092746191369
410092762597151	410092773246160	410092766957619
410092796483400	410092814315223	410092796906838
410092796829650	410092822529702	410092797024025
410092813478557	410092830743608	410092813787098
410092830157150	410092847172723	410092830467880
410092846773400	410092863601733	410092847061057
410092863438088	410092880030796	410092863818348
410092880393192	410092896460900	410092883778244
410092914185119	410092929319546	410092914699494
410092914563817	410092937533817	410092914705900
410092931171213	410092945750275	410092931469598
410092947799130	410092962179755	410092948095432
410092964449755	410092978608764	410092964817098
410092981129963	410092995039181	410092981413192
410092997821994	410093011468556	410092998253192
410093031194338	9223372036854775807	410093031498088

POLL t=279.2 tick=3377
8333333
410102106683709	410102122581522	410102106975584
410102123352772	410102139012667	410102123620220
410102140043397	410102155443553	410102152015116
410102173327928	410102188305636	410102173876991
410102173606314	410102196522146	410102173882459
410102190250584	410102204738448	410102190685897
410102206919647	410102221170063	410102207197564
410102223584907	410102237598448	410102223871522
410102240217720	410102254027615	410102240512876
410102256946522	410102270456417	410102261156522
410102291461522	410102303313449	410102292147147
410102291713866	410102311528344	410102292156053
410102308343553	410102319742251	410102308632251
410102325061678	410102336169906	410102325340532
410102341712772	410102352598448	410102341985741
410102358379491	410102369027928	410102358661209
410102375069959	410102385455271	410102375265741
410102408862459	410102426526938	410102409265220
410102409162928	410102434740844	410102409344334
410102425750532	410102442954750	410102426031209
410102442371782	410102459383813	410102442674595
410102459093553	410102475809542	410102459374022
410102475759803	410102492235376	410102476074282
410102492452772	410102508661990	410102499894595
410102525359803	410102541513657	410102525749803
410102525741991	410102549728970	410102525888553
410102542431834	410102557944647	410102542718345
410102559145272	410102574374021	410102559473084
410102575860741	410102590801730	410102576137147
410102592527303	410102607230115	410102592893241
410102609199959	410102623662146	410102613775740
410102642765220	410102656522302	410102643102459
410102642954334	410102664736417	410102643111782
410102659633397	410102672950011	410102659914334
410102676343188	410102689378292	410102676644647
410102692960688	410102705806626	410102693339647
410102709681626	410102722235635	410102709956209
410102726339282	410102738667719	410102733586990
410102759003657	410102771526990	410102759320845
410102759618813	410102779740636	410102760047147
410102776319438	410102787954438	410102776628553
410102792963084	410102804383135	410102793364334
410102809665220	410102820811001	410102809956522
410102826325428	410102837240323	410102826619490
410102843041990	410102853668553	410102846859647
410102876040532	410102886524282	410102876360897
410102876444959	410102894737563	410102876584334
410102893020688	410102911167511	410102893479647
410102909712407	410102927596729	410102910037095
410102926394907	410102944026000	410102926685845
410102943048345	410102960458032	410102943339959
410102959719959	410102976888605	410102964672459
410102993079647	410103009748760	410102993583501
410102993296313	410103017964594	410102993589438
410103009987928	410103026180063	410103010304126
410103026617615	410103042611938	410103026904803
410103043272407	410103059042875	410103043558032
410103059980897	410103075470844	410103060257928
410103076642303	410103091901365	410103080197303
410103109655115	410103124760272	410103110057303
410103110030740	410103132976209	410103110156990
410103126641678	410103141191833	410103126933501
410103143358032	410103157625480	410103143656313
410103160089647	410103174056157	410103160369647
410103176704803	410103190490584	410103176981053
410103193369282	410103206924021	410103200554178
410103227086053	410103239785271	410103227674334
410103227479282	410103248001937	410103227682615
410103243996365	410103256217980	410103244302928
410103260728709	410103272647406	410103261009178
410103277386626	410103289077823	410103277659126
410103294043032	410103313726416	410103309160532
410103310708709	410103321942250	410103310985115
410103343114334	410103354802406	410103343407407
410103344081990	410103363018031	410103344373553
410103360753240	410103371232615	410103361048865
410103377448084	410103387663605	410103377731313
410103394088813	410103404095896	410103394473084
410103410793657	410103428744281	410103419604178
410103444488865	410103461601365	410103444855688
410103445048396	410103469815948	410103445210740
410103461823553	410103478032406	410103462074021
410103478418553	410103494464958	410103478701365
410103495103188	410103510895219	410103495477771
410103511778553	410103527324177	410103512082303
410103528536365	410103543754854	410103528885219
410103564699646	410103576614802	410103565109178
410103565244490	410103584829959	410103565427459
410103581778344	410103593044438	410103582083657
410103598434438	410103609476885	410103598834490
410103615122303	410103625907042	410103615375740
410103631788501	410103650551104	410103644374490
410103666422615	410103683410271	410103666861678
410103666880896	410103691625687	410103667104021
410103683464021	410103699841469	410103683758396
410103700137875	410103716270792	410103700504178
410103716784594	410103732698760	410103717061209
410103733493084	410103749128917	410103733762303
410103750249594	410103765557355	410103750397146
410103783858813	410103798412406	410103784191000
410103784307563	410103806625843	410103784429959
410103800778813	410103814839906	410103801159646
410103817407146	410103831268448	410103817699490
410103834159125	410103847696000	410103834435115
410103850787771	410103864125844	410103851104178
410103867511157	410103880555167	410103870523553
410103901218813	410103913410947	410103901668344
410103901426990	410103921626260	410103901679021
410103918086834	410103929841052	410103918409438
410103934801677	410103946270218	410103935103240
410103951447927	410103962699646	410103951718396
410103968141209	410103979129489	410103968422094
410103984776052	410103995560219	410103987808709
410104018738188	410104036624802	410104019216052
410104019090115	410104044836520	410104019221625
410104035668709	410104053050792	410104035947563
410104052348032	410104069478865	410104052669802
410104069034646	410104085907666	410104069289594
410104085650063	410104102337146	410104086031834
410104102556365	410104118766989	410104104722407
410104135854282	410104151623813	410104136314490
410104136303396	410104159839750	410104136499490
410104152804125	410104168055740	410104153117302
410104169446782	410104184486625	410104169732927
410104186144646	410104200918188	410104186431990
410104202781677	410104217348343	410104203156677
410104219557563	9223372036854775807	410104220837302

POLL t=290.4 tick=3463
8333333
410113319096309	410113336186152	410113319400059
410113335814174	410113352611413	410113336091830
410113352486205	410113369038236	410113352854955
410113369156361	410113385466986	410113371664330
410113403142611	410113418320580	410113403542299
410113403325528	410113426535111	410113403558705
410113419974955	410113434749486	410113420267091
410113436703549	410113451177767	410113436989486
410113453363393	410113467605111	410113453727091
410113470025893	410113484034747	410113470311934
410113486694330	410113500461726	410113488156049
410113520316153	410113533318913	410113520802768
410113520595424	410113541533653	410113520808809
410113537195268	410113549747819	410113537515111
410113553861830	410113566176778	410113554303965
410113570575111	410113582607090	410113570856830
410113587244747	410113599037403	410113587516830
410113603947715	410113615467246	410113610826674
410113637382715	410113648323445	410113637741049
410113637713861	410113656538757	410113637842455
410113654202143	410113664755475	410113654591830
410113670900111	410113681188236	410113671194590
410113687596518	410113705837819	410113687875736
410113704260997	410113722269330	410113704532924
410113720930840	410113738698652	410113721311986
410113755705736	410113771554226	410113756122611
410113755977142	410113779768027	410113756129174
410113772587403	410113787982350	410113772892611
410113789637455	410113804411361	410113789926830
410113806027767	410113820841256	410113806395215
410113822653028	410113837274746	410113822931517
410113839331361	410113853707194	410113839491517
410113873850840	410113886573913	410113874287403
410113874133392	410113894790840	410113874298861
410113890792299	410113903008027	410113891149174
410113907421205	410113919438965	410113907756674
410113924163236	410113935873080	410113924446674
410113940832872	410113952306205	410113941116830
410113957504330	410113968738964	410113959390111
410113990753705	410114001602923	410113991092767
410113990933705	410114009819798	410113991130684
410114007617455	410114018036256	410114007933028
410114024301986	410114042681621	410114024587715
410114040989590	410114059112662	410114041272767
410114057651361	410114075543600	410114058026049
410114074317455	410114091975840	410114074433549
410114108282767	410114124835214	410114108596361
410114108419955	410114133048496	410114108607455
410114125114486	410114141262975	410114125406205
410114141831153	410114157692558	410114142084434
410114158520892	410114174126101	410114158784747
410114175165892	410114190556725	410114186711986
410114209231830	410114223413756	410114209765267
410114209575892	410114231628027	410114209772767
410114226160736	410114239842194	410114226529799
410114242764434	410114256269121	410114243210059
410114259468705	410114272696360	410114259797767
410114276180580	410114289121777	410114276456830
410114292846361	410114305550319	410114299670736
410114326047455	410114338406100	410114326428861
410114326210267	410114346619694	410114326435267
410114342864121	410114354833756	410114343249642
410114359574590	410114371261256	410114359894017
410114376267455	410114387691725	410114376545267
410114392928236	410114404122089	410114393206986
410114409591309	410114420554433	410114412835059
410114443389642	410114461638861	410114443802767
410114443554486	410114469857402	410114443808965
410114460280580	410114478075996	410114460645059
410114476870892	410114494512975	410114477184642
410114493602767	410114510948600	410114493879746
410114510269173	410114527383496	410114510538705
410114526915892	410114543817298	410114527125736
410114559910736	410114576684746	410114560201673
410114560341205	410114584901569	410114560436830
410114577113028	410114593115839	410114577415528
410114593737767	410114609548495	410114594017142
410114610417559	410114625981100	410114610695736
410114627076830	410114642414642	410114637017298
410114660622090	410114675284589	410114660952455
410114661043705	410114683501933	410114661157403
410114677630892	410114691718444	410114677903392
410114694270215	410114708152089	410114694548861
410114710965111	410114724584590	410114711236361
410114727625267	410114741015788	410114739433548
410114758983496	410114773875892	410114759285267
410114760949278	410114782091465	410114761245996
410114777598080	410114790305944	410114777875996
410114794292090	410114806735632	410114794572142
410114810979173	410114823164903	410114811247090
410114827594642	410114839596881	410114837879902
410114861714173	410114872462089	410114862042819
410114862074642	410114880676725	410114862166830
410114878736986	410114897108183	410114879013236
410114895381205	410114913539277	410114895661673
410114912060059	410114929974277	410114912321830
410114928739173	410114946406308	410114940895580
410114962915059	410114979267350	410114963240371
410114963224330	410114987482558	410114963345580
410114979896048	410114995697350	410114980211465
410114996539798	410115012127194	410114996818705
410115013275892	410115028557819	410115013572455
410115029936205	410115044987923	410115043310267
410115046611048	410115061414276	410115046966205
410115081859329	410115094268756	410115082179329
410115082049121	410115102483027	410115082180059
410115098778704	410115110698079	410115099078027
410115115383079	410115127128808	410115115686673
410115132151829	410115143557558	410115132419329
410115148762923	410115159987454	410115149129746
410115165512767	410115176418704	410115165870267
410115199763496	410115217491361	410115200146986
410115200196465	410115225704745	410115200308079
410115216691986	410115233919902	410115217058861
410115233357871	410115250348912	410115233632871
410115250038809	410115266779276	410115250478392
410115266699486	410115283209746	410115278581517
410115300725215	410115316067923	410115301219642
410115301075579	410115324282402	410115301225996
410115317698809	410115332497766	410115318000215
410115334335215	410115348928548	410115334655267
410115351022298	410115365358079	410115351392454
410115367662298	410115381785995	410115367948548
410115384406361	410115398214849	410115385973392
410115414800892	410115431076360	410115415111517
410115417646152	410115439292819	410115418007767
410115434344329	9223372036854775807	410115434637090

POLL t=301.6 tick=3594
8333333
410124505347451	410124516822555	410124505704899
410124522035055	410124533256096	410124522316305
410124538711045	410124549686930	410124538998076
410124555373857	410124574331513	410124566512243
410124589608076	410124607190055	410124590322555
410124589900368	410124615405940	410124590329326
410124606498388	410124623622711	410124606787243
410124623251201	410124640055055	410124623537763
410124639896045	410124656484065	410124640190993
410124656616201	410124672910523	410124656848024
410124673218649	410124689340367	410124674226201
410124706486201	410124722199013	410124706767920
410124706637086	410124730415107	410124706775263
410124723307555	410124738628804	410124723635263
410124739967867	410124755056669	410124740296826
410124756707138	410124771483805	410124756982242
410124773362555	410124787912034	410124773641149
410124790048336	410124804339950	410124792285888
410124823782138	410124837195679	410124824266826
410124824086617	410124845410367	410124824273492
410124840651045	410124853624638	410124840945992
410124857363961	410124870051565	410124857648388
410124874048076	410124886480679	410124874333232
410124890711826	410124911121253	410124904993857
410124907383336	410124919333961	410124907854430
410124941661669	410124960403284	410124942205419
410124941890211	410124968618491	410124942213076
410124958541982	410124976833283	410124958830888
410124975240836	410124993262815	410124975530680
410124991881305	410125009691773	410124992262919
410125008528701	410125026120210	410125008826826
410125041560107	410125058978127	410125041926044
410125041922607	410125067194065	410125042056982
410125058590419	410125075409690	410125058881982
410125075299951	410125091841252	410125075607294
410125092072867	410125108271253	410125092403857
410125108650888	410125124702554	410125108931044
410125125314899	410125141136669	410125126009586
410125158308857	410125174000888	410125158721617
410125158689482	410125182217450	410125158830732
410125175313805	410125190434325	410125175613701
410125192031826	410125206864638	410125192382607
410125208690107	410125223295731	410125208965992
410125225326982	410125239727659	410125225616617
410125242024794	410125256162346	410125242440992
410125276492607	410125289030732	410125277069951
410125276859326	410125297247763	410125277076982
410125293350263	410125305464898	410125293740107
410125310071982	410125321897971	410125310353232
410125326715367	410125338328752	410125327013857
410125343381773	410125354760784	410125343672242
410125360244951	410125371195054	410125360419273
410125393199794	410125404058700	410125393609273
410125393691669	410125412273231	410125393626044
410125410220211	410125428700940	410125410539951
410125426900576	410125445129950	410125427216669
410125443613180	410125461557814	410125443927607
410125460274169	410125477988492	410125460557607
410125476964169	410125494417659	410125479800419
410125509869273	410125527277502	410125510253961
410125510256201	410125535492762	410125510384326
410125526942451	410125543705783	410125527230367
410125543650419	410125560136147	410125543940680
410125560337138	410125576564169	410125560619638
410125576994950	410125592994794	410125577271982
410125593679013	410125609423387	410125600589013
410125627136357	410125642281981	410125627456669
410125627347450	410125650497710	410125627461305
410125644038232	410125658712450	410125644288336
410125660739586	410125675142137	410125660995888
410125677389794	410125691575002	410125677661357
410125694051825	410125708010418	410125694418023
410125710746773	410125724445158	410125710881044
410125745550575	410125757311252	410125745845888
410125745728388	410125765527450	410125745851825
410125762452919	410125773743908	410125762754169
410125779081773	410125790176252	410125779395367
410125795797867	410125806608127	410125796158388
410125812488961	410125823040367	410125812766044
410125829191982	410125847688804	410125829519794
410125867016148	410125880550575	410125867367607
410125867270107	410125888765679	410125867373232
410125883970680	410125896981408	410125884273075
410125900811825	410125913413804	410125901216461
410125917386825	410125929845263	410125917662294
410125934030888	410125946276773	410125943748388
410125967667555	410125979138179	410125967980263
410125967981825	410125987353283	410125968177763
410125984629638	410125995569690	410125984923075
410126001280992	410126012001669	410126001654586
410126017986982	410126028432867	410126018259117
410126034657398	410126053084793	410126045673700
410126069905263	410126085949273	410126070309169
410126070460836	410126094165002	410126070640419
410126087068857	410126102381617	410126087357711
410126103693857	410126118815158	410126104071982
410126120400367	410126135248127	410126120674117
410126137111825	410126151680367	410126137383388
410126153797607	410126168113596	410126154141513
410126188212919	410126200982137	410126188493232
410126188379273	410126209199481	410126188496825
410126205158648	410126217417137	410126205531513
410126221935575	410126233851408	410126222254429
410126238479586	410126250286356	410126238750575
410126255100731	410126274940158	410126269065419
410126271841513	410126283157241	410126272182711
410126304056617	410126316026252	410126304352294
410126305185367	410126324241773	410126305513492
410126321880679	410126332458336	410126322170836
410126338506148	410126348891304	410126338784638
410126355127554	410126373543023	410126355412294
410126371867606	410126389975939	410126375398700
410126405250888	410126422839637	410126405632086
410126405430575	410126431055679	410126405659429
410126422093492	410126439272502	410126422384794
410126438833648	410126455703336	410126439097398
410126455464794	410126472134220	410126455872138
410126472126929	410126488565263	410126472422867
410126488841304	410126504998908	410126489145211
410126505525888	410126521432658	410126509744950
410126539749169	410126554297658	410126540112606
410126540131461	410126562513387	410126540283492
410126556629794	410126570727867	410126556932606
410126573339794	410126587159638	410126573626200
410126590026981	410126603591721	410126590307711
410126606717138	410126620026303	410126607077711
410126623347242	410126636460679	410126631400106

POLL t=312.8 tick=3680
8333333
410135682172134	410135699161821	410135682450572
410135698842290	410135715596821	410135699105259
410135715503697	410135732031977	410135715788228
410135732455988	410135748468436	410135735960572
410135765964270	410135781337915	410135766354426
410135766104478	410135789554685	410135766361509
410135782769165	410135797771769	410135783076665
410135799481040	410135814206561	410135799785728
410135816165415	410135830640571	410135816443540
410135832807447	410135847075415	410135833102238
410135849475415	410135863510519	410135854940728
410135883108228	410135896374790	410135883626353
410135883474426	410135904590467	410135883634322
410135900016665	410135912805519	410135900300988
410135916713384	410135929235884	410135917001509
410135933338697	410135945668123	410135933636613
410135950074947	410135970316821	410135965097082
410135966740728	410135978533436	410135967068801
410136001213697	410136011393176	410136001763280
410136001409322	410136019609582	410136001797447
410136018059165	410136036039738	410136018390572
410136034783488	410136052470414	410136035057446
410136051443384	410136068901196	410136051829269
410136068082551	410136085333852	410136079776613
410136101102707	410136118194633	410136101458801
410136101464113	410136126411612	410136101584165
410136118144269	410136134627603	410136118541509
410136134836665	410136151059894	410136135112134
410136151452707	410136167490831	410136151841821
410136168186196	410136183921457	410136168466196
410136184871665	410136200355623	410136185851821
410136218652446	410136233225363	410136219033228
410136218876144	410136241441768	410136219041040
410136235546196	410136249657706	410136235903696
410136252250207	410136266091664	410136252634426
410136268911665	410136282527862	410136269192759
410136285578384	410136307180571	410136300802134
410136302251196	410136315397967	410136302614582
410136336695415	410136348267967	410136337056353
410136336870051	410136356485311	410136337063384
410136353519478	410136364702811	410136353928488
410136370192915	410136381138019	410136370486040
410136386919269	410136397573852	410136387202759
410136403538540	410136414006561	410136403882030
410136420282082	410136430436717	410136422119009
410136454367238	410136471521092	410136454909165
410136454528853	410136479736248	410136455002915
410136471192394	410136487950988	410136471483071
410136487864269	410136504381977	410136488224634
410136504589009	410136520812133	410136504863228
410136521256978	410136537241872	410136521532446
410136537920884	410136553672394	410136545724894
410136568812082	410136586530415	410136569212863
410136571322238	410136594745467	410136571724790
410136587925884	410136602961144	410136588241353
410136604593853	410136619392654	410136604872446
410136621268384	410136635822706	410136621542238
410136637919009	410136652255310	410136650821353
410136654608800	410136668686248	410136654967550
410136689918175	410136701545467	410136690459790
410136690292446	410136709761352	410136690467290
410136706811352	410136717976508	410136707152759
410136723744009	410136734405883	410136723989738
410136740225884	410136750834269	410136740490102
410136756880259	410136775481352	410136770208540
410136773541300	410136791914790	410136773897290
410136808724946	410136824777966	410136809239790
410136809020050	410136832992498	410136809246352
410136827118592	410136841208071	410136827385259
410136843468332	410136857637759	410136843760884
410136860204009	410136874070571	410136860576509
410136876829738	410136890502237	410136885932082
410136910220832	410136923363643	410136910693957
410136910708384	410136931579216	410136910835571
410136927143384	410136939795467	410136927453071
410136943829269	410136956228071	410136944106144
410136960547759	410136972660675	410136960916925
410136977169009	410136989091144	410136977457602
410136993910884	410137005524634	410136999074321
410137027609269	410137038385936	410137027960988
410137028123957	410137046602290	410137028257290
410137044724321	410137063036768	410137045010415
410137061381457	410137079467081	410137061756144
410137078090259	410137095897290	410137078371040
410137094765519	410137112325831	410137109159582
410137111454425	410137128756091	410137111772915
410137143980571	410137161618278	410137144261352
410137144743019	410137169833956	410137145075259
410137161490415	410137178049894	410137161887759
410137178146821	410137194479581	410137178352290
410137194794321	410137210910831	410137195071352
410137211452446	410137227342759	410137216864165
410137242963852	410137260211769	410137243272446
410137244840363	410137268427706	410137245167915
410137261460727	410137276643175	410137261875206
410137278095259	410137293076039	410137278380831
410137294815884	410137309507758	410137295089009
410137311540259	410137334156665	410137327277081
410137328264634	410137342373122	410137328391352
410137363337186	410137375235310	410137363946977
410137363920936	410137383450726	410137364138071
410137380298331	410137391666248	410137380626925
410137397145102	410137408096977	410137397424946
410137413786144	410137424527081	410137414056508
410137430430727	410137440958540	410137430708227
410137447220831	410137457389685	410137448188019
410137479473852	410137490253227	410137479767133
410137480542133	410137498469164	410137480860050
410137497219321	410137514902237	410137497507602
410137513921040	410137531333383	410137514224738
410137530601508	410137547764581	410137530878071
410137547283071	410137564194633	410137547554633
410137563981665	410137580624164	410137566684165
410137598127290	410137613486195	410137598585883
410137598714008	410137621701924	410137598876196
410137615060363	410137629918227	410137615354790
410137631747863	410137646349060	410137632052238
410137648438331	410137662778799	410137648712446
410137665108644	410137679210935	410137665510519
410137681828852	410137695645050	410137682636821
410137715316144	410137728515935	410137715622706
410137715556613	410137736732290	410137715623383
410137732152081	410137744949008	410137732516196
410137748859165	410137761384842	410137749154633
410137765558852	410137777819268	410137765919321
410137782239790	410137794251925	410137782516508
410137798947290	410137810684633	410137800633487

POLL t=323.9 tick=3766
8333333
410146827993224	410146839762702	410146828276192
410146844686036	410146856190202	410146852386505
410146878003849	410146889050671	410146878409161
410146878174630	410146897265775	410146878420411
410146894838224	410146905480879	410146895124786
410146911547442	410146921910098	410146911978849
410146928195099	410146946549786	410146928469942
410146944854474	410146962976244	410146945146349
410146961771036	410146979403328	410146965340567
410146995657078	410147012259733	410146996081349
410146996220411	410147020474369	410146996397755
410147012643692	410147028687442	410147013086974
410147029350880	410147045113900	410147029667599
410147046006036	410147061540931	410147046324109
410147062705828	410147077968067	410147062984890
410147079361817	410147094395463	410147085870099
410147113296505	410147127250724	410147114081661
410147113600880	410147135464473	410147114087703
410147130188380	410147143677858	410147130507755
410147146902286	410147160104941	410147147180203
410147163626817	410147176533015	410147163897911
410147180276192	410147192960202	410147180544473
410147196974630	410147209384786	410147201207598
410147230376036	410147242234786	410147230750723
410147230551661	410147250449369	410147230775984
410147247214265	410147258663275	410147247506348
410147263896921	410147275093327	410147264215828
410147280603692	410147291521973	410147280931817
410147297274578	410147307948118	410147297555098
410147313980723	410147324373484	410147322852130
410147348378484	410147365443431	410147348857598
410147348712755	410147373657858	410147348903223
410147365254005	410147381871452	410147365657286
410147381971973	410147398297702	410147382271609
410147398650255	410147414724004	410147398926609
410147415317755	410147431152806	410147415681348
410147432061817	410147447578015	410147432382598
410147476309317	410147488640254	410147476838015
410147476782442	410147496853379	410147476996973
410147493399317	410147505066243	410147493704942
410147510021453	410147521490098	410147510528015
410147526714942	410147537918171	410147526987234
410147543384734	410147562561453	410147558285046
410147560093848	410147570777129	410147560482703
410147593416453	410147603638171	410147593792546
410147593616765	410147611854056	410147593804630
410147610283223	410147628283587	410147610807130
410147626961609	410147644714004	410147627343067
410147643665723	410147661143744	410147643930202
410147660327702	410147677570046	410147660652130
410147677017234	410147693997546	410147679667598
410147709986817	410147726854786	410147710519005
410147710334317	410147735069160	410147710615723
410147727056505	410147743284057	410147727341348
410147743714942	410147759715671	410147744055567
410147760415255	410147776145202	410147760690880
410147777056296	410147792577441	410147777333171
410147793729005	410147809009056	410147799407702
410147827645411	410147841874733	410147828110515
410147828156921	410147850090671	410147828343223
410147844649317	410147858307129	410147844931504
410147861301192	410147874739733	410147861573223
410147877945254	410147891170619	410147878221192
410147894606348	410147907602702	410147894882390
410147911290098	410147924036608	410147916966661
410147944316817	410147956901087	410147944696973
410147944658796	410147965116660	410147944807442
410147961296973	410147973331661	410147961590202
410147977951817	410147989762129	410147978240879
410147994672911	410148006192338	410147994989786
410148011339004	410148022622598	410148011775984
410148028046817	410148039053118	410148032206661
410148061179942	410148071915879	410148061619629
410148061345098	410148080130827	410148061625567
410148078037598	410148088346192	410148078326192
410148094759317	410148112991921	410148095067754
410148111459473	410148129422441	410148111963379
410148128182702	410148145853274	410148128460098
410148144879109	410148162282389	410148152181609
410148179100984	410148195144681	410148179496609
410148179523067	410148203360098	410148179728484
410148196149317	410148211575723	410148196431973
410148212827911	410148228005462	410148213207754
410148229518848	410148244431348	410148229792754
410148246107859	410148260860515	410148246389890
410148262891192	410148277292337	410148263260567
410148293554629	410148310150149	410148294009421
410148296194161	410148318365618	410148296550098
410148312830411	410148326580723	410148313207077
410148329472286	410148343009368	410148329750671
410148346188640	410148359437076	410148346462598
410148362941036	410148375864212	410148373239108
410148396611817	410148408722546	410148396976504
410148396821348	410148416936712	410148396981348
410148413541296	410148425151608	410148413924942
410148430190254	410148441582181	410148430484629
410148446909786	410148458011087	410148447174786
410148463554317	410148474436399	410148463832858
410148480242598	410148499077910	410148494918483
410148496853952	410148507291660	410148497145358
410148533097858	410148548358171	410148533435515
410148533419160	410148556571295	410148533542077
410148550087858	410148564785254	410148550427442
410148566760515	410148581214212	410148567043535
410148583442285	410148597639473	410148583709890
410148600168223	410148614065097	410148607658848
410148632347077	410148646918066	410148632714004
410148633333015	410148655132389	410148633691973
410148650075358	410148663347128	410148650345567
410148666758067	410148679775462	410148667027598
410148683407129	410148696202598	410148683695723
410148700080098	410148720845722	410148714346921
410148716745723	410148729061400	410148717077077
410148751034890	410148761926556	410148751345202
410148751184629	410148770141140	410148751350567
410148767865723	410148778355671	410148768168640
410148784606660	410148794785202	410148784914160
410148801252285	410148819430046	410148801536192
410148817917910	410148835857597	410148818292129
410148834597858	410148852286399	410148835014317
410148869901765	410148885145097	410148870333327
410148870207598	410148893358587	410148870338379
410148888307910	410148901570931	410148888555410
410148904747285	410148917998066	410148905027546
410148921340410	410148934428379	410148921763014
410148938021348	410148950857962	410148948131452
410148972394421	9223372036854775807	410148972786296

POLL t=335.1 tick=3851
8333333
410158039718844	410158060691917	410158039917126
410158056361761	410158068907594	410158056751501
410158073062230	410158085339260	410158073347699
410158089778532	410158101770042	410158090054469
410158106442751	410158118201448	410158106719469
410158123153376	410158134634626	410158124454157
410158157134157	410158167499052	410158157493011
410158157299469	410158175715719	410158157560667
410158173973219	410158192149834	410158174289261
410158190660563	410158208582281	410158190972126
410158207326813	410158225015563	410158207602126
410158223992386	410158241447594	410158224289469
410158240660042	410158257879833	410158244718323
410158274653948	410158290741656	410158275271917
410158275093063	410158298956291	410158275278844
410158291524313	410158307171917	410158292728480
410158308241292	410158323601188	410158308515980
410158324929313	410158340029989	410158325206188
410158341557438	410158356462020	410158341848063
410158358266813	410158372891031	410158361513532
410158392289886	410158405753843	410158392785980
410158392603323	410158413970145	410158392821032
410158409179469	410158422184572	410158409483844
410158425885719	410158438612802	410158426170094
410158442573219	410158455040406	410158442839417
410158459241917	410158479686343	410158473772855
410158475935719	410158487900302	410158476314105
410158510541657	410158528982073	410158510838063
410158510676500	410158537198427	410158510842438
410158527323480	410158545415250	410158527646032
410158544068688	410158561845979	410158544370407
410158560764000	410158578276188	410158561132438
410158577416032	410158594702750	410158589963636
410158594107073	410158611130719	410158594529105
410158629606657	410158643986604	410158630070511
410158629882282	410158652199833	410158630075667
410158646467282	410158660412906	410158646777438
410158663113844	410158676841552	410158663553375
410158679804625	410158693270510	410158680099469
410158696431917	410158709697073	410158696712230
410158713195250	410158726125979	410158713549730
410158748257282	410158758983792	410158748591761
410158748435563	410158767199000	410158748635250
410158765139417	410158783628374	410158765489886
410158781750094	410158800059521	410158782070667
410158798497750	410158816490927	410158798903688
410158815146969	410158832919781	410158815468375
410158831821500	410158849347073	410158835129782
410158865676813	410158882204677	410158866074313
410158865914469	410158890418896	410158866080875
410158882542854	410158898633114	410158882832125
410158899201292	410158915063167	410158899490563
410158915926761	410158931493479	410158916214782
410158932591657	410158947922385	410158932869000
410158949253063	410158964352906	410158955871917
410158982438479	410158997212176	410158982817229
410158982614781	410159005427958	410158982875406
410158999271448	410159013643166	410158999569000
410159015933792	410159030073479	410159016253688
410159032614313	410159046503427	410159032903219
410159049272125	410159062934052	410159049660354
410159065950406	410159079363323	410159073153375
410159099933375	410159112220250	410159100419573
410159100286344	410159120434052	410159100426344
410159116940354	410159128648114	410159117247438
410159133528063	410159145075979	410159133843063
410159150248636	410159161502072	410159150623219
410159166928011	410159177930406	410159167210406
410159183600406	410159194358010	410159185658688
410159217421136	410159235429937	410159217753531
410159217734000	410159243645614	410159218011969
410159234307229	410159251861135	410159234663844
410159250943323	410159268292489	410159251316969
410159267664625	410159284724781	410159267947698
410159284324781	410159301156136	410159284604313
410159301038531	410159317588531	410159301208844
410159334886344	410159350449103	410159335344469
410159335328531	410159358664364	410159335536292
410159351905354	410159366880771	410159352292906
410159368645563	410159383313896	410159368934000
410159385281344	410159399745197	410159385553636
410159401964104	410159416176916	410159402237594
410159418604417	410159432608063	410159418720875
410159454340406	410159465466499	410159454835510
410159454537750	410159473680979	410159454840250
410159471277281	410159481895562	410159471571813
410159488074625	410159498327281	410159488312073
410159504603531	410159514758582	410159504888063
410159521391760	410159539406083	410159528081969
410159554435094	410159572267853	410159554917594
410159554747906	410159580483374	410159554924781
410159571418635	410159588699155	410159571700667
410159588128219	410159605130042	410159588411344
410159604816344	410159621561864	410159605096188
410159621454312	410159637991759	410159621721500
410159638199156	410159654423895	410159638624260
410159671984781	410159687286031	410159672423062
410159672306917	410159695501812	410159672430042
410159688940719	410159703716916	410159689234156
410159705669417	410159720146760	410159705944729
410159722343167	410159736576187	410159722616500
410159739028687	410159753008323	410159739294937
410159755720250	410159769437125	410159758214417
410159784741969	410159802292697	410159785114000
410159788928375	410159810508531	410159789231448
410159805672385	410159818724676	410159805941812
410159822376969	410159835153634	410159822644104
410159838987229	410159851580926	410159839264729
410159855630667	410159868010926	410159866989260
410159889927281	410159900867645	410159890318375
410159890242854	410159909082541	410159890331448
410159906907750	410159925510457	410159907136969
410159923566500	410159941940250	410159923882750
410159940175094	410159958370302	410159940458792
410159956863948	410159974799156	410159957227698
410159973575875	410159991227020	410159973984260
410160007084781	410160024082854	410160007466760
410160007283531	410160032296604	410160007498167
410160023942906	410160040510510	410160024330823
410160040689625	410160056942280	410160041015979
410160057316760	410160073371760	410160057690094
410160074009000	410160089801395	410160074295719
410160090655094	410160106230406	410160096479469
410160124591448	410160139081447	410160124945666
410160124746812	410160147295041	410160124970406
410160141451187	410160155509989	410160141727281
410160158190719	9223372036854775807	410160158558219

POLL t=346.3 tick=3981
8333333
410169234920090	410169248260350	410169235208528
410169251625246	410169264685559	410169251908475
410169268300194	410169281109152	410169268580507
410169284963788	410169297535246	410169291612903
410169318553059	410169330389464	410169318928684
410169318715559	410169338602694	410169318976340
410169335367121	410169346814361	410169335685663
410169352104413	410169363237538	410169352409413
410169368719621	410169379663423	410169369020715
410169385376132	410169396090558	410169385764934
410169402059309	410169412517954	410169409368059
410169435834778	410169453585246	410169436204778
410169436027746	410169461797693	410169436220871
410169452696288	410169470010246	410169452982277
410169469418319	410169486433110	410169469708371
410169486031496	410169502857589	410169486459309
410169502695559	410169519284933	410169502988632
410169519447746	410169535710246	410169521273684
410169553886965	410169568562537	410169554278944
410169554145038	410169576778735	410169554286340
410169570795663	410169584993788	410169571110090
410169587448840	410169601423735	410169587887434
410169604177850	410169617850975	410169604464882
410169620848475	410169634281548	410169621128007
410169637511496	410169650710141	410169637882121
410169671607382	410169683563995	410169671891757
410169671772277	410169691777902	410169671910246
410169688465194	410169699992954	410169688898788
410169705151652	410169716421495	410169705434725
410169721840507	410169732848996	410169722118840
410169738490715	410169757490975	410169750349465
410169755193319	410169765704986	410169755589309
410169789745246	410169806774412	410169790243163
410169789916288	410169814987485	410169790279152
410169806553215	410169823200871	410169806923527
410169823336027	410169839630246	410169823615350
410169839993475	410169856059881	410169840278996
410169856613059	410169872490090	410169866019934
410169890841809	410169905349673	410169891547694
410169891151496	410169913565298	410169891556184
410169907740663	410169921782224	410169908069309
410169924393215	410169938214985	410169924684621
410169941118996	410169954647485	410169941392694
410169957750715	410169971077590	410169958031652
410169974460246	410169987511599	410169974827277
410170007544934	410170020376912	410170007928996
410170007805090	410170028592538	410170007974413
410170024461288	410170036808162	410170024765819
410170041141965	410170053240037	410170041423840
410170057853059	410170069671078	410170058127746
410170074521184	410170086102693	410170074810715
410170091188059	410170102538110	410170092333840
410170124408944	410170135400558	410170124702069
410170124546808	410170143615349	410170124713996
410170141290715	410170151830246	410170141590663
410170157891496	410170168259620	410170158178319
410170174621340	410170184690037	410170174954100
410170191282590	410170209335558	410170200524256
410170224395506	410170242194412	410170224897433
410170224677590	410170250408892	410170224904777
410170241278944	410170258624360	410170241565558
410170257979569	410170275054152	410170258268527
410170274680663	410170291483631	410170274956756
410170291336756	410170307911443	410170291703683
410170308082746	410170324343891	410170308548058
410170341583944	410170357209829	410170341869256
410170341712225	410170365425401	410170341926027
410170358373527	410170373640141	410170358682277
410170375139465	410170390071287	410170375426444
410170391784308	410170406501339	410170392149621
410170408444725	410170422930662	410170420441183
410170440558371	410170455787485	410170440918058
410170441724308	410170464000037	410170442065246
410170458454413	410170472213110	410170458772381
410170475100246	410170488638110	410170475426496
410170491820506	410170505065818	410170492172850
410170508527590	410170521492849	410170508810090
410170525194777	410170537919880	410170525472433
410170541932850	410170554344464	410170543609777
410170575301183	410170587195766	410170575773527
410170575637433	410170595408735	410170575779881
410170592240558	410170603623110	410170592613996
410170608892590	410170620051443	410170609176027
410170625597590	410170636477641	410170625880350
410170642271965	410170661115766	410170655206965
410170659013006	410170669330767	410170659389569
410170694265402	410170710399152	410170694851808
410170694613215	410170718613266	410170694859569
410170711254777	410170726826391	410170711554621
410170728187590	410170743254360	410170728379881
410170744648006	410170759680089	410170744923840
410170761293214	410170776102797	410170770016287
410170795880558	410170808954204	410170796292694
410170796155402	410170817167537	410170796297121
410170812876600	410170825381079	410170813152277
410170829553839	410170841807797	410170829831183
410170846150662	410170858233318	410170846449881
410170862860089	410170882874047	410170875854152
410170879609621	410170891088683	410170879946496
410170914896339	410170932156912	410170915278319
410170915226339	410170940369672	410170915368371
410170931903631	410170948583734	410170932333839
410170948586339	410170965011391	410170948888214
410170965229100	410170981439569	410170965504256
410170981904256	410170997865766	410170982173527
410170998563371	410171014293370	410170998917381
410171033797433	410171047154724	410171034194464
410171034143371	410171055368527	410171034327277
410171050698214	410171063581860	410171051003996
410171067388371	410171080008005	410171067703683
410171084103683	410171096434412	410171084456287
410171100730506	410171112859776	410171101099725
410171117388214	410171129287068	410171122247589
410171150627433	410171162139568	410171151004621
410171150803214	410171170353943	410171151014464
410171167559933	410171178568474	410171167862433
410171184136339	410171194996235	410171184451600
410171200804881	410171211423474	410171201184725
410171217470558	410171227851547	410171217751756
410171234193371	410171252495505	410171240361600
410171268573996	410171285352225	410171269050089
410171268888631	410171293566860	410171269057693
410171285691183	410171301780141	410171285973527
410171302234412	410171318208058	410171302614881
410171318897537	410171334637589	410171319175506
410171335557902	410171351066652	410171335839933
410171352310871	9223372036854775807	410171354306600

POLL t=357.9 tick=4068
8333333
410180763528940	410180774086699	410180763827742
410180780189148	410180798731804	410180780474721
410180796883523	410180815161491	410180799319409
410180839089721	410180856238523	410180839760659
410180839281648	410180864453471	410180839770398
410180855995659	410180872669147	410180856343471
410180872664148	410180889097741	410180872947534
410180889293836	410180905524199	410180889582742
410180905984409	410180921954929	410180918744148
410180922661804	410180938382481	410180923020086
410180958169617	410180971237741	410180958656336
410180958490554	410180979453679	410180958662846
410180975131336	410180987668835	410180975486648
410180991813471	410181004101023	410180992161023
410181008425867	410181020530398	410181008711023
410181025081804	410181036959825	410181035555398
410181059076596	410181069816387	410181059424617
410181059265554	410181078031648	410181059430242
410181075886596	410181094462741	410181076221804
410181092584148	410181110892741	410181092910815
410181109241179	410181127320970	410181109540502
410181125981804	410181143749720	410181126271283
410181142651648	410181160178627	410181146427429
410181175746179	410181193035450	410181176192273
410181175991804	410181201249512	410181176206179
410181192646283	410181209464148	410181192937586
410181209613731	410181225894981	410181209852586
410181226121596	410181242323419	410181226379461
410181242702377	410181258752481	410181243084252
410181259377221	410181275180346	410181266054721
410181292800867	410181308042116	410181293175971
410181292960085	410181316257324	410181293250710
410181309632585	410181324472429	410181309923992
410181326371648	410181340900918	410181326676023
410181343009565	410181357328418	410181343423210
410181359661440	410181373755241	410181359948002
410181376360867	410181390180658	410181379242377
410181410135554	410181423036283	410181410501596
410181410334252	410181431249512	410181410554877
410181427008627	410181439463054	410181427306960
410181443655190	410181455891283	410181444080190
410181460377690	410181472319408	410181460650554
410181477041023	410181488745398	410181477322690
410181493704252	410181505172949	410181496675033
410181527338367	410181538026960	410181527683367
410181527587585	410181546240814	410181527695815
410181544240867	410181554454877	410181544748940
410181560912898	410181570881023	410181561220867
410181577601804	410181595520710	410181577886023
410181594266023	410181611947272	410181607369617
410181610941179	410181628373678	410181611301335
410181645502377	410181661227741	410181646026752
410181645660398	410181669440919	410181646029721
410181662391908	410181677655085	410181662707742
410181679006023	410181694084147	410181679365085
410181695681335	410181710512846	410181696103523
410181712401179	410181726940970	410181712663054
410181729044460	410181743365918	410181729343523
410181745691283	410181759791856	410181746058679
410181776975710	410181792644929	410181777262221
410181778990971	410181800857793	410181779374460
410181795633992	410181809069825	410181795948627
410181812371335	410181825495085	410181812697273
410181828995398	410181841918366	410181829290867
410181845668158	410181858345345	410181853619460
410181879131335	410181891195970	410181879531596
410181879269617	410181899407637	410181879541127
410181895965814	410181907618886	410181896257117
410181912641648	410181924043574	410181912958210
410181929299773	410181940469668	410181929591491
410181946024773	410181956895866	410181946393627
410181962694148	410181973322220	410181963417585
410181996789929	410182014387533	410181997081023
410181996929148	410182022600501	410181997093158
410182013611179	410182030813470	410182013919304
410182030366179	410182047242428	410182030644929
410182047038054	410182063672325	410182047441491
410182063696960	410182080104095	410182075183627
410182080412585	410182096535293	410182080762273
410182114258054	410182129396283	410182114599304
410182114443054	410182137610241	410182114606804
410182131205398	410182145824824	410182131484460
410182147870710	410182162252220	410182148356648
410182164511335	410182178680397	410182164797846
410182181222741	410182195107637	410182181498210
410182197886491	410182211534200	410182198313835
410182230733314	410182244387429	410182231157898
410182231109616	410182252601491	410182231311491
410182247948939	410182260815136	410182248362429
410182264551439	410182277243470	410182264847898
410182281280398	410182293671855	410182281552273
410182297979616	410182310100241	410182298269616
410182314630710	410182326525397	410182314804773
410182349523939	410182367589876	410182350019304
410182349781960	410182375802637	410182350024095
410182366494095	410182384015814	410182366787741
410182383093835	410182400441543	410182383375085
410182399811648	410182416869355	410182400084773
410182416563366	410182433297689	410182422922273
410182450263210	410182466155866	410182450597429
410182450517429	410182474370137	410182450603054
410182467177116	410182482583105	410182467458523
410182483878627	410182499006751	410182484158991
410182500603835	410182515430032	410182500866127
410182517216752	410182531855501	410182517526804
410182533905866	410182548283106	410182534004929
410182565009147	410182581134095	410182565304877
410182567180866	410182589346803	410182567546283
410182583811335	410182597559407	410182584099877
410182600472377	410182613986231	410182600756491
410182617185814	410182630416179	410182617448470
410182633838470	410182646846647	410182634124564
410182650522845	410182663277793	410182651255502
410182683909460	410182696135918	410182684220189
410182684187377	410182704349772	410182684238835
410182700847741	410182712564615	410182701200554
410182717466804	410182728993418	410182717734929
410182734127116	410182745423939	410182734397533
410182750793002	410182770063054	410182762385345
410182767467064	410182778275449	410182767846283
410182802829408	410182819341438	410182803221960
410182803092897	410182827554043	410182803228002
410182819668939	410182835765709	410182819977064
410182836393679	410182852189199	410182836675814
410182853017897	410182868615814	410182853391439
410182869691491	410182885040918	410182869982272
410182886415085	410182901466855	410182886764147

POLL t=369.0 tick=4154
8333333
410191887031644	410191903071122	410191889350081
410191921743050	410191935924248	410191922127581
410191921965498	410191944138831	410191922155081
410191938625498	410191952353258	410191938906644
410191955268311	410191968781226	410191955574092
410191971987269	410191985207737	410191972361956
410191988666331	410192001634716	410191988943936
410192005329144	410192018060238	410192010284300
410192039596331	410192050912268	410192039983519
410192039774717	410192059125862	410192040061800
410192056433675	410192067338779	410192056723779
410192073093363	410192083766956	410192073535342
410192089821331	410192100192738	410192090098623
410192106489925	410192124833518	410192106769717
410192123160498	410192141262113	410192129202113
410192157347425	410192174118206	410192157791956
410192157640654	410192182333050	410192157798988
410192174282425	410192190547008	410192174611748
410192190868206	410192206977737	410192191155185
410192207566592	410192223406227	410192207845550
410192224238206	410192239834664	410192224512581
410192240936800	410192256262737	410192243651019
410192275264925	410192289119769	410192275651488
410192275429613	410192297333205	410192275683831
410192292183988	410192305546070	410192292509404
410192308815498	410192321972893	410192309093831
410192325492373	410192338400862	410192325778310
410192342174769	410192354830706	410192353141279
410192376515863	410192387691487	410192377255029
410192376807998	410192395904925	410192377261331
410192393369873	410192404120602	410192393681019
410192410146331	410192420547945	410192410433779
410192426791956	410192436976435	410192427069300
410192443429769	410192453403726	410192443714144
410192460195498	410192478043362	410192463795185
410192494773675	410192510894143	410192495153675
410192494937269	410192519106904	410192495248519
410192511580394	410192527320081	410192511873206
410192528575810	410192543746800	410192528829925
410192544982112	410192560176592	410192545266331
410192561610081	410192576605185	410192561908623
410192578292581	410192593032945	410192587147894
410192613013519	410192625889769	410192613437425
410192613292269	410192634105706	410192613445081
410192629897112	410192642321018	410192630188154
410192646561019	410192658751956	410192646848675
410192663249769	410192675179872	410192663527269
410192679955342	410192691604820	410192680322112
410192696651904	410192708029872	410192699216019
410192731910706	410192749101748	410192732259144
410192732116019	410192757316539	410192732306748
410192748734925	410192765531019	410192749030706
410192765454300	410192781958205	410192765747685
410192782187425	410192798386174	410192782547217
410192798781019	410192814816226	410192799069300
410192815489925	410192831244977	410192820575237
410192850921800	410192864104456	410192851521123
410192851399769	410192872318153	410192851526331
410192867857269	410192880530810	410192868199769
410192884452998	410192896956487	410192884843935
410192901173623	410192913383206	410192901453466
410192917844144	410192929809716	410192918149456
410192934525706	410192946236695	410192939001331
410192966450862	410192979089195	410192966846956
410192967869560	410192987303101	410192968274456
410192984550394	410192995517321	410192984973675
410193001194560	410193011943622	410193001486331
410193017859300	410193028372737	410193018139404
410193034531435	410193053015549	410193034805237
410193051206748	410193069446174	410193053904612
410193087158466	410193102302424	410193087503935
410193087316175	410193110516852	410193087506956
410193104088831	410193118730861	410193104397737
410193120667268	410193135158258	410193121027893
410193137385081	410193151587476	410193137662373
410193154081643	410193168015601	410193154360393
410193170735029	410193192655289	410193187152373
410193187527893	410193200868674	410193187815706
410193222739768	410193233724351	410193223079456
410193222994456	410193241938206	410193223080237
410193239667893	410193250152320	410193239963779
410193256362112	410193266578413	410193256638779
410193273033518	410193291218830	410193273309143
410193289735393	410193307644455	410193290098518
410193306410393	410193324070706	410193317339091
410193341503362	410193356927477	410193341846331
410193341872581	410193365140705	410193342063362
410193358530393	410193373354143	410193358865810
410193375223987	410193389778830	410193375521435
410193391870393	410193406203049	410193392244612
410193408543987	410193422627268	410193408817425
410193425250237	410193439052893	410193435705966
410193460877893	410193471904143	410193461209925
410193461059456	410193480116590	410193461215550
410193477774456	410193488329976	410193478172268
410193494507893	410193504757841	410193494789872
410193511169768	410193529395914	410193511450029
410193527832737	410193545821434	410193528100237
410193544474143	410193562246122	410193557750862
410193561201122	410193578671122	410193561513518
410193598915550	410193611517424	410193599298362
410193599299872	410193619729663	410193599438518
410193615961956	410193627941643	410193616251956
410193632768154	410193644365862	410193633040497
410193649317737	410193660786904	410193649590393
410193665888518	410193677210445	410193666197893
410193682565862	410193693636226	410193682940393
410193699907268	410193710063101	410193700109612
410193736808206	410193751122007	410193737196331
410193737257060	410193759334403	410193737398154
410193753821591	410193767546383	410193754111018
410193770453362	410193783969456	410193770815549
410193787158518	410193800389559	410193787651174
410193803800237	410193816810236	410193804058779
410193820416643	410193833231695	410193820702112
410193837145549	410193849653882	410193840813779
410193872670185	410193890714663	410193873034924
410193872861956	410193898929403	410193873125393
410193889529143	410193907142737	410193889950549
410193906170497	410193923568258	410193908227529
410193922905393	410193939991122	410193923178935
410193939565654	410193956420081	410193939854143
410193956240081	410193972850080	410193956545081
410193992336122	410194005703101	410193992723154
410193992756018	410194013914924	410193992868049
410194009311174	410194022128778	410194009623987
410194026021122	9223372036854775807	410194026304143

POLL t=380.1 tick=4241
8333333
410203004722577	410203015696796	410203005037369
410203021387890	410203032126274	410203021758671
410203038055077	410203048554504	410203038331796
410203054719608	410203073193671	410203060886796
410203087695963	410203097833878	410203088055546
410203088139869	410203106049087	410203088314348
410203106240025	410203122480598	410203106482890
410203122693671	410203138909192	410203123067577
410203139236119	410203155339243	410203139522108
410203155936431	410203171768254	410203156221588
410203172567421	410203188196483	410203172944140
410203206431483	410203221056170	410203206777108
410203206577265	410203229271587	410203206790025
410203223305858	410203237488410	410203223675963
410203239983046	410203253918878	410203240349556
410203256589869	410203270344868	410203256881640
410203273323515	410203286772890	410203273590702
410203289977890	410203303201326	410203290337108
410203324572108	410203336060233	410203325006640
410203324986119	410203344275337	410203325147525
410203341438202	410203352491326	410203341757369
410203358122733	410203368923150	410203358475233
410203374759140	410203385356587	410203375048150
410203391427212	410203401791118	410203391761431
410203408306587	410203426441118	410203409592577
410203442515077	410203459308201	410203442898202
410203442703046	410203467523670	410203442924244
410203459470858	410203475738462	410203459718671
410203476100337	410203492169452	410203476383462
410203492741327	410203508601170	410203493023671
410203509408983	410203525030233	410203509695337
410203542538358	410203557892055	410203542910858
410203542721952	410203566106483	410203542914452
410203559448358	410203574322628	410203559738046
410203576090233	410203590753097	410203576384244
410203592769139	410203607184712	410203593044921
410203609436900	410203623617941	410203609721327
410203643546275	410203656484035	410203643978619
410203643748202	410203664699816	410203643992577
410203660389608	410203672915805	410203660672108
410203677087889	410203689346900	410203677403150
410203693791952	410203705778723	410203694061952
410203710456431	410203722208357	410203710735025
410203743754921	410203755065493	410203744098306
410203744110337	410203763281326	410203744258514
410203760655702	410203771496587	410203760972577
410203777323046	410203787925806	410203777634921
410203793998827	410203812573358	410203794273046
410203810706327	410203829006587	410203810982994
410203853812577	410203870082628	410203854530910
410203854190337	410203878297368	410203854553410
410203870780858	410203886512003	410203871073514
410203887409764	410203902938618	410203887778306
410203904188046	410203919367420	410203904472733
410203920778983	410203935794608	410203921147421
410203937482889	410203952224660	410203937836119
410203973820858	410203985087315	410203974357108
410203974098202	410203993301899	410203974367577
410203990752264	410204001517733	410203991069921
410204007436014	410204017949295	410204007803827
410204024115077	410204042595389	410204024491275
410204040720389	410204059023202	410204050370077
410204074820389	410204091878618	410204075315858
410204075112421	410204100092264	410204075326483
410204091701014	410204108306066	410204092070858
410204108430858	410204124735597	410204108711587
410204125081014	410204141162680	410204125457837
410204141757056	410204157588670	410204142039139
410204175179608	410204190440389	410204175573358
410204175358514	410204198654399	410204175637108
410204192034400	410204206868462	410204192321587
410204208714087	410204223298253	410204208820545
410204225409920	410204239725129	410204225784764
410204242078202	410204256150649	410204242361275
410204276144712	410204289000389	410204276631952
410204276484243	410204297213305	410204276700025
410204293027889	410204305426899	410204293311900
410204309753358	410204321853566	410204310041952
410204326444712	410204338280753	410204326813202
410204343100337	410204354709139	410204343386170
410204372213931	410204387565545	410204372536483
410204376429452	410204395779347	410204376733827
410204393095858	410204403993930	410204395694920
410204409783670	410204420420233	410204410069087
410204426497733	410204436846795	410204426863462
410204443128358	410204453274451	410204443454087
410204480452733	410204494342003	410204480769608
410204480845077	410204502556379	410204480961587
410204497532264	410204510768670	410204497829452
410204514209452	410204527194347	410204514510025
410204530878358	410204543620493	410204531261014
410204547586587	410204560046899	410204553078983
410204581276431	410204592900128	410204581637056
410204581462264	410204601112993	410204581656900
410204598235233	410204609326378	410204598526639
410204614967889	410204625754399	410204615249452
410204631608462	410204642180181	410204631985181
410204648297837	410204666820649	410204659166795
410204682179452	410204699678826	410204682542889
410204682568670	410204707894399	410204682668149
410204699158514	410204716109972	410204699453149
410204715891587	410204732539607	410204716256483
410204732691639	410204748966952	410204732942681
410204749212837	410204765395493	410204749499139
410204765917108	410204781824451	410204766217577
410204801789920	410204814675597	410204802206327
410204802248514	410204822888826	410204802435962
410204820209504	410204831102889	410204820579243
410204836679608	410204847528774	410204836950233
410204853300233	410204863957160	410204853581483
410204869987108	410204880386847	410204870561483
410204903038462	410204913239191	410204903390858
410204903319920	410204921452836	410204903398045
410204919959451	410204937880232	410204920377889
410204936715545	410204954305128	410204937084451
410204953357524	410204970729451	410204953631795
410204970013826	410204987153774	410204981109295
410205003869295	410205020006899	410205004304764
410205004254139	410205028221222	410205004500701
410205020807524	410205036434087	410205021188774
410205037483045	410205052856274	410205037759712
410205054103358	410205069281066	410205054394295
410205070786795	410205085705596	410205081072576
410205105841326	410205118556222	410205106241743
410205106413201	410205126769555	410205106554139
410205122760701	410205134984086	410205123151639
410205139461639	9223372036854775807	410205139792889

POLL t=391.2 tick=4380
8333333
410214152180490	410214169761531	410214152585958
410214152671635	410214177975750	410214152825385
410214169080385	410214186189499	410214169519292
410214185807365	410214202615489	410214186085490
410214202460490	410214219044499	410214202770333
410214219086010	410214235472468	410214225875646
410214252935073	410214268329291	410214253305542
410214253137260	410214276543666	410214253370385
410214269805854	410214284758510	410214270190542
410214286540854	410214301187156	410214286824240
410214303196323	410214317616427	410214303472833
410214319880385	410214334044864	410214324712260
410214354448823	410214366899916	410214354863667
410214354758042	410214375113250	410214354871635
410214371324448	410214383325489	410214371703823
410214388025385	410214399751270	410214388302260
410214404677885	410214416177208	410214404962729
410214421319708	410214432603093	410214429707104
410214455136427	410214465457416	410214455536792
410214455385073	410214473671114	410214455585333
410214471989083	410214490096843	410214472404135
410214488688198	410214506523667	410214488996948
410214505370489	410214522952052	410214505653510
410214522008979	410214539380593	410214522331948
410214555789448	410214572232780	410214556270177
410214556287260	410214580445333	410214556493354
410214572862208	410214588658562	410214573238667
410214589599760	410214605081792	410214589982833
410214606225073	410214621506739	410214606505229
410214622881323	410214637932052	410214629299135
410214656581271	410214670784760	410214657023146
410214656912677	410214678998353	410214657040021
410214673435229	410214687211061	410214673828198
410214690106479	410214703633978	410214690396635
410214706769135	410214720059239	410214707060489
410214723439604	410214736485177	410214730312104
410214757178041	410214769336218	410214757535177
410214757336427	410214777549655	410214757555073
410214774009135	410214785764812	410214774398458
410214790752989	410214802194030	410214791037364
410214807406271	410214818627416	410214807679708
410214824101114	410214835060176	410214828595229
410214858238979	410214876134916	410214858809916
410214858693198	410214884349239	410214858816323
410214876636739	410214892564447	410214877000958
410214893061010	410214908995489	410214893366010
410214909676635	410214925422885	410214909950854
410214926370958	410214941851114	410214928031479
410214959719916	410214974708250	410214960243302
410214959996791	410214982924708	410214960266114
410214976636427	410214991139604	410214977190021
410214993294135	410215007567103	410214993616479
410215010011583	410215023994655	410215010357573
410215026661896	410215040423353	410215036652104
410215060869760	410215073280228	410215061325541
410215061182885	410215081495124	410215061332416
410215077802573	410215089709551	410215078239448
410215094501323	410215106137103	410215094779291
410215111168614	410215122564187	410215111453041
410215127837729	410215138993301	410215130441791
410215162274604	410215180069187	410215162846635
410215162714760	410215188284448	410215162853927
410215180620958	410215196499603	410215181008458
410215197003145	410215212929447	410215197314083
410215213758927	410215229358562	410215214136270
410215230377104	410215245786895	410215238208979
410215263855541	410215278642051	410215264185698
410215264075333	410215286854968	410215264191010
410215280713198	410215295067624	410215281115020
410215297366166	410215311495124	410215297680333
410215314096739	410215327921374	410215314368354
410215330749916	410215344345072	410215338871322
410215364299447	410215377194186	410215364785958
410215364585854	410215385407520	410215364790854
410215381242104	410215393621218	410215381667520
410215397933666	410215410048978	410215398215958
410215414622104	410215426476687	410215414902208
410215431276635	410215442905801	410215432807104
410215462426635	410215475758145	410215462727104
410215464600958	410215483970541	410215464887572
410215481244291	410215492184812	410215481638666
410215497937104	410215508610384	410215498218979
410215514665385	410215525035801	410215514941322
410215549121166	410215566101426	410215549528927
410215549546322	410215574314760	410215549694083
410215566146739	410215582526738	410215566435697
410215582789291	410215598951322	410215583149291
410215599507260	410215615378145	410215599771947
410215616268197	410215631804291	410215616954916
410215652668145	410215664656739	410215653076999
410215653047260	410215672870697	410215653339187
410215669676479	410215681084239	410215670054604
410215686443770	410215697510072	410215686780385
410215702981947	410215713936062	410215703251739
410215719709760	410215730363197	410215720413979
410215755768666	410215771425071	410215756213770
410215756231322	410215779637312	410215756559760
410215772769291	410215787849864	410215773005229
410215789489916	410215804274447	410215789764760
410215806116479	410215820699135	410215806400176
410215839681947	410215853552155	410215839980958
410215840096479	410215861764759	410215840206947
410215856683197	410215869977051	410215856965854
410215873274864	410215886403926	410215873651322
410215890009291	410215902830697	410215890291010
410215906639135	410215919257885	410215906940854
410215938257208	410215952107051	410215938555801
410215939894708	410215960319343	410215940206479
410215956592104	410215968533406	410215956873197
410215973293666	410215984958666	410215973674447
410215989965333	410216001384655	410215990063926
410216027355385	410216042453978	410216027986166
410216027707051	410216050668561	410216028021166
410216044269760	410216058883457	410216044599603
410216060995072	410216075311946	410216061281583
410216077641739	410216091740645	410216078008510
410216111055541	410216124594916	410216111392885
410216111257572	410216132810644	410216111398145
410216127907103	410216141025853	410216128221166
410216144646635	410216157458040	410216144922572
410216161301635	410216173889916	410216161579291
410216177981114	410216190320697	410216178073510
410216206664395	410216223180437	410216207012833
410216211273301	410216231396374	410216211570541
410216227965385	410216239611322	410216228250072
410216244686635	410216256042624	410216244956426
410216261332051	410216272470749	410216270361322

POLL t=402.3 tick=4494
8333333
410225190803298	410225201915381	410225191154756
410225192336892	410225210132412	410225192680069
410225209013350	410225226567360	410225209328506
410225225745694	410225243003193	410225226098142
410225261750694	410225275871110	410225262242100
410225262081475	410225284087777	410225262301631
410225278647829	410225292304234	410225279041944
410225295344704	410225308736683	410225300440537
410225330853037	410225341602308	410225331215850
410225331090694	410225349817152	410225331227985
410225348697360	410225366244443	410225348971319
410225364425225	410225374458558	410225364729756
410225381124912	410225399105954	410225387824756
410225414557569	410225431967516	410225415035069
410225414720537	410225440184860	410225415042725
410225431415485	410225448402255	410225431700069
410225448069756	410225464834808	410225448359860
410225464791267	410225481267152	410225465094860
410225500791162	410225514132829	410225501122412
410225500981110	410225522349391	410225501126787
410225517966475	410225530565485	410225518396006
410225534479287	410225546997360	410225534574756
410225569186892	410225579859860	410225569525069
410225569368819	410225588076058	410225569529444
410225586218298	410225604506682	410225586538194
410225602786319	410225620936422	410225605550954
410225632710069	410225645578662	410225633074600
410225636153506	410225653793506	410225636498141
410225652753662	410225670227256	410225653056579
410225669380850	410225686661683	410225669708766
410225686134912	410225703094808	410225689176319
410225720587516	410225735956370	410225721099131
410225720778037	410225744172672	410225721128819
410225737620850	410225752388454	410225738010485
410225754119860	410225768821891	410225754410069
410225770842569	410225785252204	410225775935225
410225804495069	410225818115953	410225804805694
410225804636944	410225826333089	410225804812829
410225821343818	410225834551214	410225821747725
410225837979912	410225850984600	410225838271162
410225854716579	410225867416005	410225857196318
410225887857412	410225900277828	410225888206318
410225888041891	410225908492255	410225888211631
410225904717516	410225916707255	410225905078766
410225921428662	410225933137620	410225924269443
410225957819600	410225974218922	410225958320693
410225958224600	410225982436058	410225958359443
410225974806006	410225990652984	410225975093818
410225991464860	410226007084651	410225991847100
410226029817204	410226048170640	410226030240850
410226030071006	410226056387776	410226030246318
410226046758818	410226064604755	410226047070173
410226063442725	410226081038297	410226063586475
410226094038506	410226105689182	410226094368037
410226096685329	410226113906006	410226096975693
410226113435850	410226130339807	410226113696579
410226143998975	410226154988610	410226144399391
410226146672881	410226163205276	410226147039756
410226163386787	410226179639756	410226163668193
410226180138193	410226196072256	410226180419912
410226196748662	410226212504860	410226197063037
410226234643923	410226245372985	410226234979235
410226234810693	410226253588557	410226234988193
410226251515381	410226261805276	410226251882672
410226284321162	410226294671162	410226284637100
410226284792568	410226302886265	410226284889860
410226301498662	410226319318661	410226301791631
410226318158350	410226335751786	410226318547100
410226334851006	410226352187151	410226335168975
410226371374600	410226385055692	410226371665381
410226371520225	410226393273245	410226371670329
410226388173037	410226401491318	410226388557412
410226421016475	410226434358037	410226421434443
410226421523297	410226442573766	410226421632360
410226438244912	410226450790015	410226438535693
410226454938454	410226467223297	410226455226631
410226471642568	410226483657203	410226471723193
410226508938974	410226524737672	410226509337985
410226509157724	410226532955328	410226509342568
410226525837360	410226541171526	410226530246631
410226559519131	410226574038141	410226559835016
410226559728662	410226582254651	410226559838922
410226576453037	410226590471890	410226576735381
410226593767412	410226606906474	410226602220849
410226625174547	410226639776005	410226625499704
410226626991787	410226647993297	410226627321943
410226643829860	410226656211474	410226644087672
410226660466787	410226672646057	410226660739287
410226677177256	410226689078244	410226677296631
410226710843297	410226721943974	410226711211474
410226711116006	410226730161474	410226711217881
410226727804131	410226738377828	410226732906787
410226763081579	410226779459182	410226763367985
410226763545381	410226787674911	410226763628297
410226780203141	410226795891838	410226780494287
410226796860641	410226812325380	410226797936422
410226832789599	410226845192464	410226833082881
410226832956943	410226853408557	410226833088662
410226849706735	410226861625016	410226849985224
410226879650172	410226894491474	410226879946891
410226882955849	410226902708036	410226883265224
410226899717724	410226910925016	410226900007204
410226916419599	410226927359807	410226916621318
410226949872724	410226968440484	410226950161578
410226950065537	410226976657255	410226950174443
410226966878349	410226984873244	410226967164287
410226983497099	410227001306474	410226983773349
410227000189547	410227017739860	410227009894599
410227033977099	410227050605589	410227034332568
410227034198662	410227058822359	410227034340485
410227050880068	410227067039963	410227051229443
410227067576943	410227083475849	410227067869131
410227084242047	410227099911526	410227093439756
410227117747724	410227132786057	410227118291787
410227117921318	410227141004911	410227118301006
410227134616943	410227149224026	410227134933037
410227151322985	410227165656317	410227151591162
410227167976318	410227182089599	410227173413037
410227199939912	410227214959182	410227200291630
410227201259599	410227223176421	410227201607255
410227217945849	410227231393088	410227218432099
410227234648610	410227247827463	410227238484547
410227266177047	410227280689182	410227266455537
410227267912828	410227288906578	410227268216318
410227284611474	410227297122932	410227284917255
410227301329599	410227313554078	410227301606162
410227318001474	9223372036854775807	410227318377099

