POLL t=10.3 tick=366
8333333
277216532052371	277216547073620	277216532410131
277216533279402	277216555286954	277216533577371
277216550030183	277216563500443	277216550590027
277216577280444	277216588140027	277216577645913
277216583354402	277216596354141	277216583718308
277216600073569	277216612781121	277216600531902
277216622851069	277216637422006	277216623351381
277216633378100	277216645634558	277216633890808
277216650047215	277216662060964	277216650548465
277216671378413	277216686702214	277216671890183
277216683369402	277216694917215	277216683892683
277216714333881	277216727772891	277216714898621
277216716631381	277216735986224	277216717106902
277216733300027	277216744200183	277216733816902
277216759918933	277216777056537	277216760426902
277216766611277	277216785269714	277216767000756
277216783298465	277216801695496	277216783818881
277216805593256	277216818121694	277216806108465
277216816649090	277216834549767	277216817162371
277216833311277	277216850977579	277216833863621
277216854191277	277216867406225	277216854743777
277216866719871	277216883835183	277216867236277
277216897268256	277216908482371	277216897798308
277216899992371	277216916697944	277216900472215
277216916702371	277216933128881	277216917195340
277216942934090	277216957773620	277216943428152
277216950029871	277216965988933	277216950638308
277216966710496	277216982418569	277216967275444
277216988281746	277216998848620	277216988712683
277217000030965	277217015276433	277217000507683
277217016627996	277217031702943	277217017191069
277217035884350	277217048130234	277217036417683
277217049955340	277217064559037	277217050472371
277217079289246	277217097419662	277217079805756
277217083299558	277217105634974	277217083666433
277217099958569	277217113850078	277217100485496
277217125168933	277217138491120	277217125635183
277217133371694	277217146703672	277217133828777
277217150043152	277217163130600	277217150485287
277217173688933	277217187768412	277217174145964
277217183377839	277217195982631	277217183879714
277217216468777	277217228841328	277217216913933
277217216928725	277217237057058	277217217049037
277217233427475	277217245271850	277217233870444
277217261988464	277217278130808	277217262448621
277217266746589	277217286345651	277217267078933
277217283433569	277217294560026	277217283889402
277217307360027	277217319203152	277217307862996
277217316794194	277217327417474	277217317240964
277217333391902	277217352060547	277217333846589
277217355712944	277217368485808	277217356235027
277217366787996	277217384915287	277217367295183
277217398930287	277217409559245	277217399431433
277217400118152	277217417773412	277217400492475
277217416804558	277217434200756	277217417356746
277217444672058	277217458842058	277217445177371
277217450137058	277217467056068	277217450498464
277217466789402	277217483484246	277217467397006
277217490238777	277217508123099	277217490747944
277217500201850	277217516336329	277217500779819
277217516766225	277217532760808	277217517289089
277217538783308	277217549187370	277217539308933
277217550100027	277217565615287	277217550618777
277217582108568	277217598468204	277217582571746
277217583423152	277217606681433	277217583811850
277217600172943	277217614895964	277217600696902
277217628034506	277217639536953	277217628550287
277217633436121	277217647750287	277217633957527
277217650159246	277217664175495	277217650663464
277217673620808	277217688814141	277217674195964
277217683478933	277217697027474	277217683998308
277217700216277	277217713453776	277217700685652
277217722277527	277217738094974	277217722789662
277217733494193	277217746308880	277217734002371
277217765505495	277217779166433	277217765996902
277217766762058	277217787380391	277217767134402
277217783507995	277217795594661	277217784266850
277217811154193	277217828449245	277217811714818
277217816884089	277217836663099	277217817250131
277217833559089	277217844877005	277217834054818
277217856906850	277217869517631	277217857412995
277217866855339	277217877731536	277217867495443
277217883517214	277217894162214	277217884071433
277217905745131	277217918808047	277217906267787
277217916844193	277217927023984	277217917365808
277217948607162	277217959883776	277217949131589
277217950152995	277217968098203	277217950586120
277217966837527	277217984527526	277217967388568
277217994338152	277218009167265	277217994878777
277218000148256	277218017380964	277218000584037
277218016934037	277218033808203	277218017364506
277218039777058	277218050238412	277218040336277
277218050169089	277218066667630	277218050688464
277218067007475	277218083096380	277218067530600
277218087806745	277218099524245	277218088304037
277218100388308	277218115955183	277218100897683
277218132264245	277218148813724	277218132643881
277218133616277	277218157027734	277218133893412
277218150370495	277218165242214	277218150880495
277218178208933	277218189885027	277218178592995
277218183671745	277218198099349	277218184104245
277218200394714	277218214527630	277218200900495
277218224682683	277218239175183	277218225049245
277218233688412	277218247391588	277218234170964
277218250400912	277218263822110	277218250892631
277218273681745	277218288464870	277218274054402
277218283654193	277218296680443	277218284086693
277218300375495	277218313108776	277218300807370
277218320414818	277218337747995	277218320790808
277218333748308	277218345960026	277218334234818
277218364403881	277218378806432	277218364760808
277218366906902	277218387019505	277218367248464
277218383721381	277218395232474	277218384217370
277218410694349	277218428085755	277218411065183
277218417052839	277218436299401	277218417397370
277218433743881	277218444513359	277218434238724
277218456694349	277218469151744	277218457060964
277218467077995	277218485575182	277218467564558
277218483738881	277218501997526	277218484252995
277218504114089	277218518420911	277218504443933
277218517121537	277218534842578	277218517595808
277218548419245	277218559475026	277218548779401
277218550280287	277218567687317	277218550611068
277218567060287	277218584112995	277218567567006
277218593720651	277218608751120	277218594096276
277218600446589	277218616963359	277218601179193
277218617016120	277218633389193	277218617518256

POLL t=21.1 tick=587
8333333
277227353181690	277227372905543	277227353559242
277227369910908	277227381118043	277227370408252
277227394656117	277227405753876	277227395102679
277227403250023	277227413965804	277227403734190
277227419939346	277227430390908	277227420417992
277227440768773	277227455027158	277227441214815
277227453250908	277227471452002	277227453703773
277227481447367	277227496093148	277227481903929
277227486548617	277227504307106	277227486883408
277227503195752	277227520735231	277227503666273
277227524716898	277227537162002	277227525187367
277227536586117	277227553590751	277227537040804
277227567973252	277227578232731	277227568428148
277227569855023	277227586445751	277227571100023
277227586611898	277227602878304	277227587080023
277227611148617	277227627522419	277227611598721
277227619902679	277227635736220	277227620225960
277227636579502	277227652167522	277227637170023
277227657507940	277227668597678	277227658012210
277227669927367	277227685027574	277227670427158
277227698543929	277227709664606	277227699044502
277227703217679	277227717876949	277227703737835
277227719934190	277227734303251	277227720454971
277227742174398	277227758948200	277227742711533
277227753265440	277227767162002	277227753787002
277227785779085	277227800019710	277227786287679
277227786554502	277227808234710	277227786710752
277227803301585	277227816450178	277227803820648
277227828825804	277227841093199	277227829375752
277227836636742	277227849307314	277227837156429
277227853281065	277227865736116	277227853842783
277227874770335	277227890380647	277227875135023
277227886653304	277227898595804	277227887148460
277227915515960	277227931456065	277227916014710
277227919948929	277227939672158	277227920310648
277227936719033	277227947888096	277227937244867
277227958821690	277227972530178	277227959362783
277227969973617	277227980744449	277227970488304
277228002133929	277228013601897	277228002642783
277228003248565	277228021815647	277228003615960
277228019984190	277228038243825	277228020480179
277228045580804	277228062883356	277228046115960
277228053306585	277228071098720	277228053670596
277228069997367	277228087528043	277228070550335
277228091704398	277228103958981	277228092224710
277228103326898	277228120390074	277228103838617
277228132710752	277228145031532	277228133215179
277228136648929	277228153244450	277228137096064
277228153310648	277228169672991	277228153818096
277228176277679	277228194313825	277228176795908
277228186673929	277228202527575	277228187022210
277228219700179	277228235381064	277228220225335
277228220220752	277228243595230	277228220342939
277228236713460	277228251809814	277228237217367
277228263109814	277228276454918	277228263621898
277228270051741	277228284670647	277228270562679
277228286727158	277228301098512	277228287219346
277228309667679	277228325741272	277228310162939
277228320101585	277228333955959	277228320655648
277228350486377	277228366812991	277228350980491
277228353369241	277228375029554	277228353727835
277228370040752	277228383245543	277228370536585
277228393983616	277228407891168	277228394483616
277228403389189	277228416106324	277228403897523
277228437042366	277228448966168	277228437596429
277228437463616	277228457180283	277228437604189
277228453911064	277228465394397	277228454450439
277228481425804	277228498248304	277228481987366
277228487227210	277228506461585	277228487597679
277228503946585	277228522888720	277228504453148
277228528117210	277228539315856	277228528688408
277228537285804	277228555745960	277228537787054
277228568656689	277228580389658	277228569157835
277228570592523	277228588605126	277228571038564
277228587324241	277228605035751	277228587923408
277228611977523	277228629683772	277228612509658
277228620659346	277228637898148	277228621119189
277228637327835	277228654327627	277228637856429
277228658301846	277228670757470	277228658806221
277228670604866	277228687189449	277228671116846
277228699047835	277228711835386	277228699602366
277228704048095	277228720050647	277228704919866
277228720664970	277228736481324	277228721182366
277228742596585	277228761122418	277228743123773
277228753993148	277228769336324	277228754292835
277228786004710	277228802192782	277228786502210
277228787262783	277228810407001	277228787628616
277228803992679	277228818623564	277228804502523
277228829480283	277228843267938	277228829976689
277228837328095	277228851482626	277228837889970
277228854012679	277228867910126	277228854503773
277228875834189	277228892549033	277228876471845
277228887344502	277228900761220	277228887848929
277228916708616	277228933611428	277228917173616
277228920681116	277228941823667	277228921013929
277228937335439	277228950037574	277228937841897
277228960189085	277228974678095	277228960710804
277228970675960	277228982891272	277228971164241
277229003540804	277229015742782	277229004065752
277229003993252	277229023955803	277229004111533
277229020777835	277229032168303	277229021271585
277229047171585	277229065024606	277229047680752
277229054047835	277229073238980	277229054395960
277229070748304	277229089666793	277229071242679
277229093421585	277229106092991	277229093974085
277229104226897	277229122519085	277229104697522
277229134577054	277229147160907	277229135077835
277229137349866	277229155375751	277229137666272
277229154084033	277229171804658	277229154636377
277229178180283	277229196452366	277229178652991
277229187476533	277229204667002	277229187883564
277229204221272	277229221096011	277229204685908
277229224653720	277229237525699	277229225127835
277229237484345	277229253954553	277229237962158
277229265336741	277229278599709	277229265760752
277229270703408	277229286813876	277229271442627
277229287385960	277229303244918	277229287827054
277229308963564	277229319677105	277229309387522
277229320726533	277229336107469	277229321154397
277229352184085	277229368969917	277229352607835
277229353975908	277229377185646	277229354302835
277229370758929	277229385402105	277229371185022
277229395757991	277229410045439	277229396182210
277229404064554	277229418261272	277229404505647
277229420746897	277229434692991	277229421163147
277229442387158	277229459335543	277229442890179
277229454044866	277229467550751	277229454549085

POLL t=31.9 tick=821
8333333
277238171747988	277238184459185	277238172103873
277238174398300	277238192675851	277238174685956
277238191054706	277238209110019	277238191441894
277238207807363	277238225544967	277238208321425
277238224468769	277238241980696	277238225062467
277238247142154	277238258417675	277238247724081
277238257807206	277238274850487	277238258321269
277238274487154	277238291281633	277238275181842
277238291157519	277238307716894	277238291652363
277238322294498	277238340583352	277238322663613
277238324391113	277238348799653	277238324674654
277238341056581	277238357016789	277238341441269
277238357746738	277238373452623	277238358279863
277238374473769	277238389883769	277238374978092
277238397240488	277238414532726	277238397642311
277238407798404	277238422750279	277238408317988
277238424507467	277238439184706	277238424996269
277238441142154	277238455616633	277238441648769
277238472815904	277238488478039	277238473192206
277238474389706	277238496695383	277238474684081
277238491111581	277238504912570	277238491481894
277238507806269	277238521347362	277238508193769
277238524526269	277238537779498	277238525038456
277238548029706	277238562428039	277238548377519
277238557803925	277238570644862	277238558316738
277238574484498	277238587077779	277238574987988
277238591145644	277238603512570	277238591658925
277238623237988	277238636375226	277238623734863
277238624404863	277238644591580	277238624699081
277238641125175	277238652808768	277238641502050
277238657834394	277238669240644	277238658393717
277238674496685	277238685672726	277238675011113
277238698924654	277238710323508	277238699292519
277238707825279	277238718540226	277238708191894
277238724504029	277238734974080	277238725091998
277238741161842	277238759626164	277238741664394
277238774931373	277238792497414	277238775425800
277238775461529	277238800713560	277238775644081
277238791875487	277238808929810	277238792826269
277238808525800	277238825363091	277238809120123
277238825179342	277238841794966	277238825739550
277238850640800	277238866441737	277238851040435
277238858475175	277238874658299	277238858850800
277238875177206	277238891091998	277238875718925
277238891849862	277238907526580	277238892378925
277238908509342	277238923960591	277238909010748
277238934571373	277238948612935	277238934976998
277238941838769	277238956830695	277238942401685
277238958511217	277238973267778	277238959045331
277238975176060	277238989701268	277238975687154
277239002310748	277239014354029	277239002685800
277239008504185	277239022572309	277239009019862
277239025178769	277239039009133	277239025733612
277239041862206	277239055446789	277239042373717
277239058524967	277239071882987	277239059050487
277239089023717	277239104753560	277239089544654
277239091769185	277239112971737	277239092193769
277239108502206	277239121189185	277239109045487
277239125181894	277239137624862	277239125701112
277239154251842	277239170494914	277239154613769
277239158480956	277239178711685	277239158777050
277239175159081	277239186927622	277239175535644
277239191850591	277239203361529	277239192355748
277239208514862	277239219794757	277239208836841
277239229786060	277239244446737	277239230159810
277239241852987	277239252663821	277239242377519
277239258519550	277239269097153	277239259025956
277239275184550	277239285532206	277239275698144
277239305974081	277239318397102	277239306359081
277239308441737	277239326615174	277239308743769
277239325161581	277239343050278	277239325555487
277239341847831	277239359484185	277239342360123
277239358521841	277239375921789	277239359029550
277239381606268	277239392356372	277239381979081
277239391867675	277239408791111	277239392422362
277239408525331	277239425223507	277239409044081
277239425191060	277239441655799	277239425710643
277239457357675	277239474524706	277239457724237
277239458456425	277239482741997	277239458759810
277239475180591	277239490960070	277239475547935
277239491873300	277239507393299	277239492389654
277239508594393	277239523827675	277239509095800
277239532871425	277239548481216	277239533238768
277239541863612	277239556698299	277239542421216
277239558541685	277239573134809	277239559052987
277239575236581	277239589567466	277239575730331
277239616831373	277239630655018	277239617334654
277239617343560	277239638873091	277239617479341
277239633710591	277239647090226	277239634216893
277239650374029	277239663525539	277239650897675
277239684136216	277239696396372	277239684530331
277239684440435	277239704614132	277239684547675
277239701033925	277239712831320	277239701411112
277239717729966	277239729264497	277239718317518
277239734467675	277239745697935	277239735027362
277239759542050	277239770349914	277239759907050
277239767781112	277239778568247	277239768157466
277239784568143	277239795004549	277239785032518
277239801172987	277239819657362	277239801656112
277239834906060	277239852529393	277239835304393
277239835044393	277239860746736	277239835314810
277239851799341	277239868963820	277239852198560
277239868635747	277239885399653	277239869276216
277239885134081	277239901835330	277239885572831
277239910632154	277239926490383	277239911013612
277239918457987	277239934708976	277239918668247
277239935115643	277239951146476	277239935494029
277239951858143	277239967582310	277239952316737
277239968581425	277239984018559	277239969052518
277239995261581	277240008666476	277239995740122
277240001775956	277240016883559	277240002162362
277240018563456	277240033315851	277240019040175
277240035219966	277240049748872	277240035707049
277240062720904	277240074395122	277240063121529
277240068469393	277240082609184	277240068847049
277240085184706	277240099039288	277240085546372
277240101893612	277240115468612	277240102371216
277240118585591	277240131898820	277240119078143
277240149742935	277240164758767	277240150222987
277240151754081	277240172975903	277240152173456
277240168456216	277240181192934	277240168888612
277240185235591	277240197622258	277240185758456
277240214663143	277240230482622	277240215061581
277240218422935	277240238697882	277240218711112
277240235104081	277240246913403	277240235470956
277240251813612	277240263344966	277240252325174
277240268528247	9223372036854775807	277240268972622

POLL t=43.0 tick=968
8333333
277249199909859	277249217414129	277249200419077
277249234601733	277249250276993	277249234969806
277249234761890	277249258492150	277249234976733
277249251484390	277249266707566	277249251990640
277249268188556	277249283138139	277249268510119
277249284833608	277249299567619	277249285329702
277249307540900	277249324213139	277249307901890
277249318149494	277249332426941	277249318517827
277249334820327	277249348853817	277249335321890
277249351471265	277249365281681	277249352049233
277249380412202	277249398135378	277249380756681
277249385003296	277249406349077	277249385282983
277249401684390	277249414563296	277249402253713
277249418374702	277249430990171	277249418936369
277249453184858	277249463846576	277249453582306
277249453355483	277249472060535	277249453589025
277249470077983	277249488488556	277249470578713
277249486745796	277249504917150	277249487319650
277249503395952	277249521345275	277249503916838
277249524831733	277249537773347	277249525187150
277249536710744	277249554202514	277249537214702
277249553372931	277249570630847	277249553944338
277249570042306	277249587062149	277249570617046
277249598759077	277249611706473	277249599169233
277249603351108	277249619919962	277249603672202
277249620312202	277249636346524	277249620808296
277249636827827	277249652774337	277249637333140
277249671548452	277249685628295	277249671973765
277249671728869	277249693844129	277249671982358
277249688458296	277249702059181	277249688955327
277249705147775	277249718489962	277249705644702
277249721807046	277249734921473	277249722307671
277249744610275	277249759568712	277249744991890
277249755124025	277249767783920	277249755494546
277249771792358	277249784215639	277249772276108
277249788470015	277249800646993	277249788964025
277249817525119	277249833512514	277249817890119
277249821752358	277249841729337	277249822076108
277249838422671	277249849945535	277249838926421
277249855082827	277249866376055	277249855598140
277249871737983	277249882808920	277249872250796
277249893237514	277249907454702	277249893609077
277249905083139	277249915670170	277249905655639
277249932484650	277249948531784	277249932875587
277249938377983	277249956745014	277249938809702
277249955070796	277249973171524	277249955571733
277249977187671	277249989599598	277249977604181
277249988443608	277250006026420	277249988983764
277250016522671	277250030670118	277250016900952
277250021782358	277250038885952	277250022060587
277250038461264	277250055316681	277250039060014
277250060992306	277250071745691	277250061375119
277250071800952	277250088175326	277250072287046
277250100409389	277250112823400	277250100752514
277250105134389	277250121039337	277250105716994
277250121831525	277250137473139	277250122136577
277250144092046	277250162118400	277250144467202
277250155184858	277250170333139	277250155679806
277250182833139	277250194981108	277250183249494
277250188463244	277250203196576	277250188967827
277250205143452	277250219626785	277250205832150
277250226792514	277250244272045	277250227193296
277250238466264	277250252485327	277250239007827
277250265578400	277250277130326	277250265947150
277250271762150	277250285345795	277250272146056
277250288453400	277250301777045	277250288967306
277250308398921	277250326421576	277250308779806
277250325132046	277250342848712	277250325578868
277250338501993	277250351061889	277250339052931
277250364902514	277250375700013	277250365279233
277250371830639	277250383912982	277250372324962
277250388547514	277250400339128	277250389049181
277250413601525	277250424975483	277250413970118
277250421805587	277250433188607	277250422376108
277250455790327	277250466042358	277250456173400
277250456238296	277250474256628	277250456345639
277250472627046	277250490682253	277250473156056
277250501231421	277250515326836	277250501608921
277250506012202	277250523541420	277250506335275
277250522639493	277250539971212	277250523237202
277250546809493	277250564614909	277250547204233
277250556063087	277250572828242	277250557018764
277250572698400	277250589255118	277250573496837
277250594945900	277250605681472	277250595366420
277250606089545	277250622111159	277250606411264
277250633561889	277250646755900	277250633980952
277250639371889	277250654971003	277250639739702
277250674520327	277250687829650	277250674747045
277250674672045	277250696045587	277250674764233
277250691406733	277250704260743	277250691923608
277250715605327	277250728904597	277250715979025
277250724759493	277250737119441	277250725248087
277250756617150	277250769976628	277250756988764
277250757992983	277250778190587	277250758283608
277250774739962	277250786404232	277250775252670
277250797922514	277250811050065	277250798299806
277250808104702	277250819265482	277250808590170
277250838900900	277250852128555	277250839284962
277250841354545	277250860345274	277250841643868
277250858070014	277250868562045	277250858499702
277250882316889	277250893209545	277250882694702
277250891462931	277250909642774	277250891874077
277250920978243	277250934291733	277250921356837
277250924710014	277250942507410	277250925007202
277250941421733	277250958936733	277250941850014
277250964538608	277250975363867	277250964930952
277250974758243	277250991793451	277250975134858
277251003190170	277251016438243	277251003620327
277251008061993	277251024652410	277251008619493
277251024778295	277251041081992	277251025209545
277251047260483	277251057509545	277251047637462
277251058175170	277251073936055	277251058659858
277251085770899	277251098581003	277251086154806
277251091394337	277251106795795	277251091823712
277251108156733	277251123225951	277251108560639
277251129654389	277251147868138	277251130049962
277251141454389	277251156082566	277251141948608
277251168232827	277251180726680	277251168594702
277251174771420	277251188943035	277251174968920
277251209256368	277251221809389	277251209650326
277251209635014	277251230024805	277251209730639
277251226186056	277251238239649	277251226619389
277251250294076	277251262886315	277251250715326
277251259481212	277251271102357	277251259899962
277251290916108	277251303961941	277251291291837
277251292717306	277251312175378	277251293008087
277251309494493	277251320389076	277251309919806

POLL t=53.8 tick=1181
8333333
277259975929386	277259986994958	277259976424386
277259999719698	277260011635479	277260000077042
277260009282511	277260019849594	277260009785167
277260041311990	277260052710114	277260041674229
277260042510792	277260060926104	277260042814021
277260059249646	277260077355531	277260059804021
277260086764386	277260101998500	277260087131573
277260092572667	277260110212874	277260092999021
277260109249386	277260126641469	277260109789490
277260132468761	277260143072666	277260132816521
277260142582979	277260159502927	277260142937979
277260173912823	277260184147719	277260174287615
277260175866729	277260192361729	277260176794698
277260192586104	277260208796208	277260193110479
277260219479542	277260233450999	277260219851261
277260225960792	277260241669541	277260226254229
277260242560583	277260258103083	277260243084229
277260266588708	277260282754958	277260267084802
277260275921833	277260290971260	277260276437458
277260307039177	277260323836781	277260307409854
277260309182198	277260332052458	277260309477667
277260325918292	277260340268135	277260326418917
277260352425740	277260364910114	277260352796990
277260359243448	277260373126156	277260359654542
277260375937771	277260389557666	277260376437823
277260399383448	277260414204906	277260399753604
277260409270948	277260422420166	277260409782302
277260441109958	277260455280166	277260441476208
277260442520115	277260463495635	277260442816521
277260459258708	277260471711677	277260459836521
277260483962771	277260496359489	277260484347042
277260492601417	277260504575844	277260493120427
277260529570635	277260545655167	277260529949958
277260530027302	277260553872094	277260530115010
277260546467198	277260562089072	277260546977354
277260573697927	277260586739437	277260574067927
277260579862667	277260594957666	277260580162510
277260596435167	277260611394645	277260596989385
277260619472979	277260636046051	277260619858865
277260629769385	277260644262718	277260630282823
277260661004854	277260677127198	277260661409802
277260663045427	277260685343187	277260663385479
277260679799385	277260693558552	277260680143552
277260705305479	277260718204333	277260705673917
277260713143448	277260726418395	277260713659698
277260729812615	277260742847510	277260730361521
277260752262823	277260767491573	277260752631573
277260763159333	277260775707093	277260763665948
277260793839177	277260808574020	277260794209177
277260796455583	277260816790895	277260796737198
277260813143135	277260825009332	277260813596885
277260837779229	277260849662510	277260838162510
277260846478083	277260857879853	277260846928396
277260881652042	277260898958655	277260882065479
277260881899385	277260907174229	277260882074021
277260898532354	277260915389281	277260899185739
277260925560427	277260940038760	277260925937042
277260931869854	277260948255635	277260932582354
277260948540896	277260964685895	277260948984698
277260972245792	277260989333448	277260972596260
277260981864854	277260997548135	277260982274698
277261013520010	277261030411312	277261013908291
277261015134958	277261038626884	277261015425896
277261031868760	277261046841259	277261032365323
277261058979541	277261071484332	277261059346885
277261065217771	277261079700166	277261065729541
277261081894385	277261096131052	277261082394698
277261105861573	277261120777979	277261106364698
277261115220791	277261128995999	277261115783291
277261146295896	277261161861260	277261146660166
277261148554854	277261170077978	277261148834854
277261165237146	277261178295531	277261165735791
277261191623448	277261202944229	277261191984177
277261198589958	277261211160843	277261199165427
277261215263864	277261227593916	277261215814958
277261237102041	277261252245374	277261237464385
277261248592510	277261260460531	277261249100583
277261278467146	277261293326572	277261278872041
277261281842666	277261301544593	277261282176104
277261298580166	277261309762510	277261299132927
277261322537354	277261334411051	277261322945010
277261331942666	277261342628343	277261332447146
277261366434698	277261383712250	277261366810739
277261366837198	277261391929437	277261366951104
277261383331260	277261400146259	277261384148916
277261410519802	277261424795374	277261410896521
277261416661677	277261433011311	277261417472198
277261433328604	277261449441520	277261433844541
277261457200479	277261474085999	277261457534698
277261466642354	277261482301573	277261466960791
277261497789854	277261515160947	277261498160739
277261499928448	277261523376520	277261500221104
277261516666416	277261531592353	277261517167927
277261541043604	277261556237979	277261541412510
277261550014698	277261564452093	277261550530114
277261584647145	277261597311312	277261585032510
277261584810635	277261605526832	277261585325479
277261601581104	277261613742041	277261602075166
277261628044073	277261638383291	277261628377354
277261634952823	277261646598812	277261635499385
277261651582823	277261663031311	277261651998552
277261674344072	277261687682406	277261674721208
277261684905583	277261695900583	277261685345427
277261714056885	277261728763395	277261714451677
277261718201833	277261736979072	277261718487458
277261734925270	277261753409281	277261735388656
277261760634802	277261778055686	277261760993291
277261768237354	277261786271833	277261768536989
277261801948604	277261819138031	277261802338760
277261802127666	277261827353499	277261802375583
277261818845479	277261835568239	277261819366364
277261843487770	277261860215686	277261843898604
277261852202979	277261868431416	277261852903760
277261886291885	277261901298499	277261886666677
277261886444697	277261909515947	277261886671416
277261903217822	277261917733187	277261903632822
277261929263135	277261942379853	277261929647458
277261936533395	277261950596885	277261936973916
277261974160427	277261991672405	277261974543291
277261974401989	277261999885374	277261974551885
277261991112927	277262008099645	277261991552197
277262015840635	277262032743291	277262016228395
277262024506572	277262040956937	277262024807979
277262058812614	277262073817405	277262059201520
277262058941260	277262082033134	277262059207302
277262075690947	277262090246988	277262076166052
277262102040739	9223372036854775807	277262102421208

POLL t=64.6 tick=1430
8333333
277270792662454	277270807757975	277270793207038
277270809334694	277270824188339	277270809840007
277270834080163	277270848835474	277270834558079
277270842640267	277270857050631	277270842989173
277270859335163	277270873482246	277270859634225
277270883266413	277270898133131	277270883457975
277270892666881	277270906348651	277270893159850
277270909343079	277270922781048	277270909832506
277270931853236	277270947432766	277270932222975
277270942645579	277270955649641	277270943164069
277270976440423	277270988517506	277270976826829
277270976834850	277270996735735	277270976919694
277270993271100	277271004953860	277270993852975
277271024980319	277271037826100	277271025350319
277271026596413	277271046043756	277271026943392
277271043283288	277271054261672	277271043796725
277271073515631	277271087130839	277271073892038
277271076568236	277271095349745	277271076862506
277271093331881	277271111783600	277271093775631
277271122013079	277271136436568	277271122209381
277271126584798	277271144654485	277271126921048
277271143326517	277271161087923	277271143841361
277271170235163	277271185733861	277271170652038
277271176687819	277271193950787	277271177127506
277271193340163	277271210382819	277271193797038
277271219751517	277271235030839	277271220176100
277271226661100	277271243246881	277271227367767
277271243305631	277271259680266	277271243723444
277271268731569	277271284329641	277271269127611
277271276665788	277271292546100	277271277157610
277271293341413	277271308977974	277271293858600
277271317695475	277271333627350	277271317897350
277271326650423	277271341841152	277271327035579
277271343324538	277271358270319	277271343655944
277271366394850	277271382917506	277271366814850
277271376704538	277271391133651	277271377078756
277271393347506	277271407568027	277271393689798
277271415684954	277271432218965	277271416388704
277271426681256	277271440435319	277271427195006
277271443347298	277271456867610	277271443854381
277271464949381	277271481517818	277271465348444
277271476714381	277271489735579	277271477183392
277271493353860	277271506171933	277271493858704
277271518258444	277271530822297	277271518631256
277271526677975	277271539039224	277271527181725
277271543340944	277271555472402	277271543846673
277271564782662	277271580124120	277271565189694
277271576646673	277271588340318	277271577164642
277271593344850	277271604775839	277271593850475
277271620934537	277271637644745	277271621769017
277271626616256	277271645861932	277271627118860
277271643284850	277271654078912	277271643800944
277271665303600	277271678729902	277271665677975
277271676689642	277271695163235	277271677193235
277271693357194	277271711596151	277271693843600
277271716081412	277271728029068	277271716502142
277271726712975	277271744460943	277271727210319
277271743358600	277271760896308	277271743855631
277271765810319	277271777333547	277271766176569
277271776677819	277271793769797	277271777183444
277271793348131	277271810203235	277271794002767
277271820315423	277271834851932	277271820678704
277271826705631	277271843068755	277271827586517
277271843324694	277271859502193	277271843897037
277271866329694	277271884152923	277271866713392
277271876715735	277271892370891	277271877147610
277271893354850	277271908805735	277271893865892
277271916368131	277271933458235	277271916718235
277271926686985	277271941675631	277271927210944
277271943358444	277271958108703	277271943866569
277271970757662	277271982758600	277271971005162
277271976669694	277271990976256	277271977189954
277271993351725	277272007412037	277271993861256
277272016881881	277272032064902	277272017256256
277272026682766	277272040282610	277272027192194
277272043363600	277272056716255	277272043896725
277272067128287	277272081368391	277272067504694
277272076690579	277272089585474	277272077213548
277272093356725	277272106018183	277272093920423
277272117395110	277272130665787	277272117810787
277272126687194	277272138882662	277272127268391
277272143360787	277272155318860	277272143895787
277272173669537	277272188186412	277272174049381
277272176619225	277272196402818	277272176994954
277272193351256	277272204620474	277272193852975
277272217946881	277272229273495	277272218321256
277272226685423	277272237490630	277272227124225
277272243306516	277272262141256	277272243760579
277272267966985	277272278576672	277272268334693
277272276680162	277272295013652	277272277136412
277272293355475	277272311450370	277272293803704
277272317731881	277272336104588	277272318187298
277272326687818	277272344322297	277272326964173
277272343354068	277272360756776	277272343868131
277272367661673	277272385406672	277272368138600
277272376760423	277272393624068	277272377124329
277272393394068	277272410059485	277272393815891
277272417701516	277272434712610	277272418072662
277272426723600	277272442930058	277272427533600
277272443422506	277272459366256	277272443870006
277272467378756	277272484016464	277272467759798
277272476751985	277272492233130	277272477692975
277272493430318	277272508666725	277272493840891
277272516881881	277272533322141	277272517249068
277272526673704	277272541540838	277272527173287
277272543406360	277272557976412	277272543849068
277272567299485	277272582630058	277272567664016
277272576685006	277272590846203	277272577113600
277272593413235	277272607278912	277272593914693
277272616931412	277272631927922	277272617303443
277272626769068	277272640143807	277272627263756
277272643485631	277272656577297	277272643975162
277272666611516	277272681227297	277272666997766
277272676818547	277272689444224	277272677299537
277272693478912	277272705878339	277272693959693
277272716418287	277272730524797	277272716777506
277272726765943	277272738740995	277272727267350
277272743369172	277272755174328	277272743788443
277272766828912	277272779822557	277272767215318
277272776735006	277272788039016	277272777185318
277272793430422	277272804470578	277272793836360
277272814523443	277272829116828	277272814943756
277272826759224	277272837331984	277272827212818
277272843432818	277272861981308	277272843851047
277272869499537	277272886629537	277272869865422
277272876692922	277272894845318	277272877032297
277272893411412	277272911279120	277272893833912

POLL t=75.4 tick=1638
8333333
277281609977502	277281620629220	277281610486565
277281626644846	277281645285888	277281627137034
277281643312919	277281661720783	277281643819638
277281659968752	277281678157085	277281660471200
277281676662190	277281694592554	277281677175471
277281693303596	277281711027710	277281693814794
277281709949534	277281727459950	277281710327294
277281730622659	277281743892710	277281731030159
277281743307659	277281760324012	277281743680002
277281759977190	277281776755575	277281760530575
277281776643700	277281793187189	277281777141565
277281793318440	277281809622085	277281793831200
277281809973752	277281826056617	277281810481409
277281826634534	277281842492710	277281827142346
277281843312815	277281858925418	277281843816409
277281859970627	277281875358648	277281860475940
277281876642190	277281891793283	277281877156825
277281893313440	277281908225210	277281893807450
277281909979638	277281924657502	277281910490784
277281926646825	277281941090992	277281927204065
277281943319221	277281957525784	277281943813700
277281959973284	277281973962294	277281960468127
277281981452033	277281998612501	277281981839846
277281993301721	277282006828803	277281993658752
277282009980940	277282023263856	277282010474065
277282026649065	277282039699533	277282027155575
277282043313908	277282056133960	277282043818908
277282059987606	277282072569116	277282060488388
277282076646981	277282089002762	277282077143127
277282093315158	277282105435835	277282093820419
277282109982502	277282121869168	277282110475731
277282126650627	277282138300679	277282127154221
277282143315783	277282154735471	277282143814950
277282159977346	277282171169429	277282160484950
277282176624377	277282187601303	277282177119690
277282193322190	277282204033387	277282193833388
277282209970940	277282220466200	277282210341408
277282233885627	277282245118440	277282234289065
277282243302606	277282261552918	277282243673700
277282259979638	277282277986877	277282260515783
277282276674690	277282294420054	277282277242658
277282293314325	277282310854064	277282293823440
277282309981096	277282327289585	277282310488856
277282326648283	277282343722971	277282327174325
277282343315002	277282360155679	277282343965731
277282359981877	277282376587605	277282360481825
277282376652971	277282393021876	277282377160888
277282393308231	277282409453752	277282393816981
277282409991981	277282425884220	277282410505783
277282426655471	277282442318231	277282427206512
277282443330471	277282458748751	277282443826044
277282459986669	277282475180523	277282460489377
277282487024690	277282499830574	277282487432762
277282496501565	277282508047502	277282496899377
277282509983127	277282524479637	277282510349169
277282526665783	277282540912814	277282527230471
277282543333440	277282557345731	277282543852762
277282559985783	277282573778595	277282560490731
277282576664065	277282590209949	277282577159533
277282593336877	277282606641251	277282593844690
277282609998596	277282623073647	277282610498752
277282626664846	277282639505210	277282627182346
277282643331721	277282655936928	277282643870939
277282659996252	277282672369845	277282660497189
277282676664533	277282688800002	277282677162033
277282693341877	277282705231824	277282693783752
277282710009325	277282721664168	277282710478700
277282726656877	277282738097189	277282727020471
277282746647814	277282762746147	277282747023283
277282759986096	277282770964689	277282760351721
277282776615262	277282787400678	277282777062294
277282793265575	277282803833023	277282793720783
277282809995262	277282828479897	277282810442502
277282826653283	277282844910887	277282827096044
277282843307346	277282861342293	277282843760575
277282859957502	277282877774793	277282860414221
277282876624689	277282894205730	277282877137502
277282893286408	277282910639325	277282893796044
277282909968387	277282927071407	277282910556408
277282926670939	277282943504273	277282927223596
277282943331252	277282959935678	277282943836096
277282960061408	277282976367450	277282960488908
277282976676981	277282992798023	277282977179064
277282996679689	277283009226720	277282997058283
277283009997658	277283025653752	277283010362919
277283026667814	277283042082189	277283027249846
277283043287346	277283058510783	277283043797502
277283059948856	277283074936980	277283060478908
277283076612971	277283091364584	277283077121825
277283093275471	277283107794220	277283093787971
277283109942189	277283124224741	277283110490783
277283126602346	277283140656460	277283127168127
277283143276096	277283157087813	277283143790314
277283159965627	277283173518752	277283160461981
277283176728127	277283189949116	277283177181096
277283193360887	277283206382136	277283193774637
277283210032971	277283222811303	277283210547814
277283226633283	277283239238752	277283227002814
277283249310106	277283263882085	277283249701512
277283259985262	277283272098178	277283260363439
277283276687033	277283288530262	277283277056564
277283293355627	277283304965054	277283293712970
277283310061095	277283321396980	277283310421877
277283326760314	277283337829740	277283327168908
277283343416564	277283354260887	277283343831043
277283360042658	277283370688699	277283360438387
277283376775939	277283395329480	277283377184845
277283393434064	277283411757917	277283393854533
277283410088856	277283428184793	277283410503387
277283426706356	277283444616199	277283427130314
277283443351095	277283461046356	277283443781720
277283460044377	277283477478335	277283460466356
277283476727970	277283493906772	277283477142970
277283507246252	277283518550574	277283507633543
277283513317450	277283526765678	277283513698387
277283526717762	277283543195418	277283527081825
277283543413231	277283559625053	277283543826720
277283560100002	277283576055470	277283560502814
277283576725783	277283592486928	277283577144793
277283593429533	277283608917449	277283593920627
277283610109689	277283625345939	277283610584793
277283626777033	277283641772084	277283627286564
277283643514793	277283658202293	277283643983127
277283660092345	277283674634064	277283660499168
277283676767814	277283691065835	277283677172502
277283693402189	277283707498179	277283693896720
277283710109533	9223372036854775807	277283710592033

POLL t=86.2 tick=1686
8333333
277292460450311	277292474509476	277292460864009
277292477151873	277292490945623	277292477698384
277292493811821	277292507380935	277292494314373
277292510481092	277292523817029	277292511014842
277292527146717	277292540254269	277292527697967
277292543816821	277292556692654	277292544306248
277292560488592	277292573128071	277292561002134
277292577154998	277292589563331	277292577692811
277292593801196	277292605999112	277292594374477
277292610488436	277292622435258	277292610999373
277292627149373	277292638870206	277292627721873
277292643827811	277292655304321	277292644375102
277292660529790	277292671740831	277292661010154
277292677149998	277292688176300	277292677642654
277292697129373	277292712832185	277292697521665
277292710467811	277292721050987	277292710885311
277292727152342	277292737488956	277292727691404
277292743818436	277292762145675	277292744304842
277292760477342	277292778584008	277292760972498
277292777146821	277292795020466	277292777683227
277292793812915	277292811457914	277292794384998
277292810479998	277292827891821	277292810998748
277292827151352	277292844325726	277292827672029
277292843812186	277292860756873	277292844327029
277292860513696	277292877189633	277292861032967
277292877153436	277292893623123	277292877663436
277292893831821	277292910057393	277292894338592
277292910490258	277292926490518	277292911035311
277292927156717	277292942925258	277292927664477
277292951336404	277292967575049	277292951734061
277292960474477	277292975791873	277292960837602
277292977159008	277292992225362	277292977653071
277292993818279	277293008660414	277292994313436
277293010497290	277293025094477	277293011030779
277293027253904	277293041526404	277293027782811
277293043838592	277293057959685	277293044359008
277293060490311	277293074392862	277293061000154
277293077159217	277293090824841	277293077666665
277293093822967	277293107258383	277293094392029
277293110495154	277293123691091	277293110997967
277293127165779	277293140126039	277293127666821
277293143829998	277293156562549	277293144323123
277293160499217	277293172996456	277293161001560
277293177169477	277293189429529	277293177667498
277293204760154	277293222291820	277293205115779
277293212334008	277293230507862	277293212649790
277293227149998	277293238724008	277293227560467
277293243838540	277293255161092	277293244332498
277293260538279	277293271593539	277293261094217
277293277166717	277293288024112	277293277692342
277293293824529	277293312671508	277293294325727
277293310496560	277293329103122	277293311004998
277293327161040	277293345534998	277293327677446
277293343859946	277293361968487	277293344333904
277293360458383	277293378404894	277293360965310
277293377117185	277293394840831	277293377686404
277293393829529	277293411275206	277293394340467
277293410502342	277293427712185	277293411017498
277293427116560	277293444150154	277293427709842
277293443833435	277293460586195	277293444399946
277293463777967	277293477019893	277293464204529
277293477163383	277293493454112	277293477528748
277293493825623	277293509890205	277293494261665
277293510492498	277293526326560	277293510926248
277293527161508	277293542761456	277293527598748
277293543839685	277293559195831	277293544335258
277293560509529	277293575630518	277293561011196
277293577170623	277293592064060	277293577709321
277293593834789	277293608498852	277293594341196
277293610509008	277293624935153	277293611011039
277293627173071	277293641370466	277293627681196
277293643845154	277293657806143	277293644347498
277293660546873	277293674239529	277293661058227
277293677166404	277293690671351	277293677677914
277293693813227	277293707106820	277293694324008
277293718200467	277293731757185	277293718613435
277293727105467	277293739973383	277293727505467
277293743781248	277293756406560	277293744323748
277293760444842	277293772840154	277293760957967
277293777105935	277293789271351	277293777623748
277293793776352	277293805703279	277293794295414
277293810450414	277293822135830	277293811031873
277293827115258	277293838568799	277293827642654
277293843783435	277293854999841	277293844378904
277293860449529	277293871431820	277293861010935
277293877181508	277293887863330	277293877691560
277293893839216	277293904293903	277293894393696
277293910512810	277293928941456	277293911019841
277293927175779	277293945375049	277293927697810
277293943876716	277293961807601	277293944384841
277293973650935	277293986459111	277293974030935
277293977152654	277293994675726	277293977447185
277293993791560	277294011111508	277293994214164
277294010462029	277294027544788	277294010914529
277294027150310	277294043978486	277294027757341
277294043898279	277294060416351	277294044392966
277294060710727	277294076852028	277294061203279
277294077264685	277294093286403	277294077744998
277294093939633	277294109723175	277294094254529
277294110553279	277294126158383	277294110998539
277294127210466	277294142592341	277294127647810
277294143844789	277294159023643	277294144304216
277294160695310	277294175454268	277294161012758
277294177230623	277294191887341	277294177668071
277294193850466	277294208321508	277294194114529
277294210551404	277294224755153	277294210981716
277294230681820	277294241188383	277294231078435
277294258915466	277294274055987	277294259285154
277294260480154	277294282272185	277294260772185
277294277244529	277294290488747	277294277674216
277294293914998	277294306920205	277294294183070
277294310589945	277294323351455	277294311031352
277294327252498	277294339784893	277294327684998
277294343944998	277294356219476	277294344439998
277294360552602	277294372657445	277294360966716
277294377295727	277294389093330	277294377822654
277294393934529	277294405528434	277294394300466
277294410583383	277294421965414	277294411078123
277294427245623	277294438401143	277294427740310
277294443871872	277294454837966	277294444323435
277294460709841	277294479490726	277294461175622
277294490147654	277294504136820	277294490550466
277294493869997	277294512352549	277294494164997
277294510561820	277294528784632	277294510936560
277294527280622	277294545216507	277294527777289
277294543882497	277294561647549	277294544331195
277294560574216	277294578081872	277294561081195

POLL t=97.0 tick=1735
8333333
277303294238275	277303311261348	277303294749630
277303310911400	277303327691764	277303311528067
277303327577130	277303344125983	277303328086400
277303344248588	277303360556348	277303344758432
277303360913588	277303376987650	277303361458380
277303377582025	277303393418275	277303378087442
277303394250879	277303409847858	277303394755723
277303410910463	277303426276348	277303411416869
277303440997442	277303459138379	277303441369473
277303447358275	277303467355254	277303447702963
277303460891088	277303475572077	277303461262650
277303477585463	277303492002702	277303478138379
277303494250932	277303508434577	277303494801973
277303510919994	277303524864993	277303511438744
277303527607025	277303541296087	277303528114369
277303544272598	277303557726765	277303544770775
277303560918379	277303574153900	277303561489525
277303577591504	277303590583379	277303578103275
277303594251869	277303607013066	277303594758692
277303610920931	277303623441295	277303611427338
277303627585775	277303639871660	277303628085098
277303644286556	277303656301712	277303644766869
277303660921556	277303672733743	277303661418848
277303677585150	277303689163119	277303678087963
277303697888848	277303713804785	277303698281713
277303710916400	277303722018275	277303711283119
277303727590306	277303738445983	277303728118275
277303744259994	277303754875931	277303744766869
277303760941036	277303771304212	277303761436244
277303777622286	277303795947754	277303778118536
277303794255306	277303812376087	277303794766869
277303810918067	277303828805410	277303811496556
277303827585150	277303845235097	277303828161556
277303844260879	277303861664577	277303844771400
277303860922963	277303878090410	277303861434681
277303877576192	277303894516296	277303878087442
277303894256556	277303910941660	277303894765463
277303910928744	277303927371244	277303911433692
277303927602911	277303943800671	277303928108588
277303952536817	277303968445358	277303952914942
277303960936817	277303976660097	277303961169213
277303977597598	277303993088483	277303978101036
277303994261869	277304009515931	277303994769004
277304010932286	277304025940045	277304011441713
277304027594056	277304042365254	277304028085098
277304044297910	277304058790202	277304044758535
277304060941088	277304075215045	277304061439681
277304077596869	277304091641972	277304078088275
277304094271088	277304108069577	277304094769525
277304110928900	277304124498640	277304111423535
277304127597025	277304140924577	277304128163900
277304144271088	277304157353587	277304144768119
277304160933431	277304173782128	277304161440254
277304177600775	277304190210983	277304178101400
277304207729004	277304223070358	277304208125931
277304210902025	277304231285358	277304211239213
277304227575098	277304239501087	277304227983588
277304244262442	277304255933431	277304244814994
277304260937910	277304272364316	277304261440931
277304277600775	277304288796400	277304278144681
277304294274525	277304305228275	277304294778744
277304310940775	277304321657962	277304311484837
277304327607806	277304346301920	277304328149369
277304344265306	277304362732337	277304344771244
277304360925775	277304379163431	277304361380619
277304377600098	277304395595514	277304378101400
277304394256400	277304412027285	277304394712962
277304410923275	277304428458535	277304411375619
277304427588587	277304444890306	277304428054004
277304444259525	277304461323379	277304444707337
277304464306973	277304477757285	277304464703119
277304492593223	277304510620566	277304493063275
277304494191973	277304518835878	277304494535775
277304510926348	277304527050410	277304511328223
277304527594681	277304543481920	277304528099056
277304544262494	277304559917858	277304544713067
277304560961192	277304576351452	277304561409681
277304577717754	277304592782232	277304578039473
277304594270462	277304609213014	277304594777285
277304610939056	277304625642181	277304611498067
277304627606869	277304642072597	277304628135619
277304644269160	277304658502077	277304644772025
277304660975723	277304674935670	277304661479369
277304677606035	277304691368379	277304678106973
277304694274056	277304707801035	277304694773692
277304721656660	277304732454108	277304722053066
277304727596191	277304740671504	277304728028431
277304744315410	277304757106295	277304744817181
277304760953119	277304773540410	277304761451869
277304777618275	277304789974369	277304778153275
277304794283691	277304806406452	277304794835619
277304810948900	277304822838847	277304811453587
277304827616556	277304839269732	277304828178744
277304844316087	277304855699420	277304844797494
277304861016973	277304872131451	277304861492806
277304877645566	277304888561452	277304878132025
277304894360566	277304904996191	277304894881191
277304911016087	277304921431972	277304911518379
277304927711504	277304937869107	277304928238587
277304944374212	277304962521763	277304944887910
277304973622910	277304987174004	277304974026712
277304977633431	277304995390826	277304977929212
277304994297025	277305011821400	277304994689316
277305010978066	277305028255254	277305011399212
277305027706712	277305044686295	277305028198900
277305044400306	277305061117805	277305045030827
277305060994629	277305077549680	277305061483275
277305077861868	277305093981764	277305078340150
277305094320931	277305110414680	277305094824368
277305111024004	277305126846087	277305111527129
277305127728118	277305143278691	277305128244056
277305144365462	277305159714941	277305144845306
277305161031243	277305176149472	277305161513223
277305177728379	277305192584420	277305178204473
277305194329681	277305209018951	277305194747493
277305222608431	277305233668326	277305222992754
277305227576712	277305241885462	277305227983379
277305252779525	277305266534420	277305253186504
277305260974993	277305274751920	277305261341868
277305277620566	277305291181920	277305278044525
277305294353118	277305307613170	277305294774212
277305311030150	277305324046191	277305311445306
277305327692493	277305340477024	277305328106243
277305344352337	277305356909420	277305344771712
277305361034837	277305373342388	277305361448118
277305377633379	277305389776608	277305378063222
277305394341556	9223372036854775807	277305394835931

POLL t=107.9 tick=1783
8333333
277314128074000	277314140714156	277314128400146
277314144715407	277314157149416	277314145150771
277314161368115	277314173583583	277314161779052
277314178039521	277314190017698	277314178480407
277314194726500	277314206450354	277314195231396
277314211383584	277314222883010	277314211891709
277314228079677	277314239316812	277314228583063
277314244763219	277314255752802	277314245272490
277314261378844	277314272186812	277314261866709
277314278067802	277314296839885	277314278505302
277314294682490	277314313275666	277314295197802
277314311336032	277314329712229	277314311866552
277314327976969	277314346150250	277314328508844
277314344661188	277314362586761	277314345181657
277314361327282	277314379019573	277314361857177
277314385816969	277314403668271	277314386203584
277314397944782	277314411885250	277314398322646
277314411375927	277314428318740	277314411730875
277314428078427	277314444750667	277314428578532
277314444773427	277314461184416	277314445274834
277314461391969	277314477620302	277314461886396
277314478052021	277314494054260	277314478561396
277314494723427	277314510485042	277314495237490
277314511390771	277314526916865	277314511895302
277314528115406	277314543348687	277314528611240
277314544726969	277314559780406	277314545237490
277314561385719	277314576214104	277314561879000
277314578060459	277314592646552	277314578561865
277314594724313	277314609080823	277314595278896
277314611389313	277314625517021	277314611891084
277314628073427	277314641952386	277314628570094
277314652368896	277314666600198	277314652765302
277314661377490	277314674818792	277314661753115
277314678040302	277314691256031	277314678451500
277314694713115	277314707691031	277314695196709
277314711379625	277314724123896	277314711827021
277314728085459	277314740559573	277314728529469
277314744715302	277314756994885	277314745162490
277314761384938	277314773431812	277314761839625
277314778049990	277314789867542	277314778505146
277314794718896	277314806304624	277314795164052
277314811385458	277314822742749	277314811839521
277314828067906	277314839181448	277314828515771
277314844721083	277314855619624	277314845173844
277314861364521	277314872057906	277314861823115
277314878023896	277314896713583	277314878547125
277314894680094	277314913152073	277314895198896
277314914745563	277314929588375	277314915138427
277314928034365	277314946025406	277314928384833
277314944676188	277314962466031	277314945231031
277314961370146	277314978905614	277314961879208
277314978014521	277314995343896	277314978597802
277314994686083	277315011784052	277314995263115
277315011344990	277315028227854	277315011948896
277315028024052	277315044668166	277315028529521
277315044671500	277315061107541	277315045185771
277315061611396	277315077543843	277315062132021
277315078119000	277315093981343	277315078679521
277315094786188	277315110419572	277315095304469
277315111459990	277315126857646	277315112045250
277315128148896	277315143293635	277315128637958
277315144796031	277315159730458	277315145164781
277315169682802	277315184388167	277315170074365
277315178179677	277315192606656	277315178614365
277315194855302	277315209046187	277315195246240
277315211535458	277315225486343	277315212057802
277315228228427	277315241924051	277315228704833
277315244880719	277315258363791	277315245371187
277315261533062	277315274802541	277315262032177
277315278201031	277315291241708	277315278707594
277315294867177	277315307679364	277315295371656
277315311541083	277315324115771	277315312042594
277315328222750	277315340553427	277315328728115
277315344881812	277315356992281	277315345382750
277315361562333	277315373430822	277315362082958
277315378221812	277315389868687	277315378722177
277315394902437	277315406305614	277315395391344
277315411552021	277315422741708	277315412062125
277315431486969	277315447393530	277315431883062
277315444875302	277315455611604	277315445244208
277315461557489	277315472048062	277315462061552
277315478224312	277315496704833	277315478820094
277315494880719	277315513141812	277315495401239
277315511553062	277315529578062	277315512104000
277315528213219	277315546016291	277315528728114
277315544882489	277315562454155	277315545400250
277315561550458	277315578893634	277315562069989
277315578227125	277315595334312	277315578734521
277315594884364	277315611775405	277315595517489
277315611549937	277315628213374	277315612074156
277315628217489	277315644652228	277315628720771
277315644898375	277315661086343	277315645410771
277315661552021	277315677523323	277315662064052
277315686517958	277315702178634	277315686914156
277315694861552	277315710398062	277315695080302
277315711561552	277315726835666	277315711922594
277315728267958	277315743272437	277315728758271
277315744972333	277315759708791	277315745493271
277315761615771	277315776144624	277315762101083
277315778298896	277315792581864	277315778774625
277315794992281	277315809017437	277315795506083
277315811688739	277315825452020	277315812196708
277315828333427	277315841888426	277315828729677
277315844984833	277315858323791	277315845397750
277315861641396	277315874759520	277315862047906
277315878346708	277315891194312	277315878834312
277315895007021	277315907630406	277315895469364
277315911681031	277315924067802	277315912158739
277315928292177	277315940504989	277315928714833
277315947439833	277315965160197	277315947833843
277315961614677	277315973378583	277315961971552
277315978254208	277315989816968	277315978672593
277315994959677	277316006251916	277315995390093
277316011665875	277316022688634	277316012095302
277316028319625	277316039125509	277316028760875
277316044977906	277316055561500	277316045411708
277316061618427	277316071998687	277316062071395
277316078310927	277316096654364	277316078747958
277316094987020	277316113090926	277316095428583
277316111630093	277316129529624	277316112081343
277316128315718	277316145967488	277316128798375
277316144976552	277316162405978	277316145419468
277316161638270	277316178843166	277316162080562
277316178433062	277316195278322	277316179043739
277316203637645	277316219930041	277316204039677
277316211559000	277316228147645	277316212558895
277316233736187	277316244584884	277316234221708

POLL t=118.7 tick=1832
8333333
277324946476965	277324962546131	277324946926861
277324963137642	277324978977693	277324963578111
277324979800559	277324995409100	277324980257486
277324996505611	277325011840610	277324996943840
277325013143996	277325028273683	277325013576392
277325042305142	277325052923423	277325042697955
277325046452955	277325061138892	277325046837330
277325063146080	277325077571391	277325063513996
277325079799465	277325094004881	277325080245142
277325096467173	277325110438267	277325096911392
277325113144621	277325126872277	277325113591861
277325129803996	277325143305037	277325130255246
277325146465298	277325159736964	277325146924673
277325163126548	277325176167641	277325163617798
277325179813267	277325192599100	277325180312277
277325196487590	277325209031027	277325197015611
277325213151392	277325225463058	277325213654517
277325229814517	277325241896183	277325230324309
277325246480454	277325258324881	277325246983736
277325263153423	277325274755298	277325263699829
277325279813111	277325291185715	277325280304204
277325299943423	277325315831496	277325300336861
277325313105298	277325324045870	277325313475246
277325329821861	277325340474047	277325330333736
277325346437121	277325356901599	277325346961340
277325363085559	277325381541340	277325363674517
277325379767329	277325397970349	277325380396704
277325396640090	277325414400871	277325397179673
277325413104934	277325430833579	277325413613892
277325429765767	277325447264881	277325430351548
277325446425559	277325463693943	277325447014517
277325463081392	277325480122590	277325463606496
277325479748840	277325496551183	277325480359829
277325496416340	277325512979829	277325496938579
277325513267902	277325529406756	277325513783215
277325529749673	277325545834100	277325530272590
277325550849361	277325562262120	277325551234048
277325578466027	277325595119777	277325578986392
277325579741392	277325603334621	277325580115090
277325596419152	277325611550402	277325596932329
277325613096079	277325627982069	277325613624517
277325629815611	277325644413162	277325630283423
277325646432798	277325660842746	277325646951809
277325663101340	277325677273162	277325663659829
277325679758579	277325693700715	277325680272433
277325696424465	277325710130037	277325696943215
277325713101652	277325726558267	277325713621548
277325729774777	277325742983371	277325730335142
277325746427642	277325759413319	277325746948840
277325763120558	277325775841547	277325763640402
277325779808840	277325792269621	277325780277121
277325807632486	277325825130715	277325808050767
277325813074465	277325833346079	277325813382017
277325829764933	277325841562329	277325830180767
277325846444204	277325857994204	277325846963892
277325863110246	277325874425610	277325863690142
277325879772642	277325890856495	277325880285142
277325896438840	277325907288943	277325896955090
277325913103058	277325923721443	277325913676860
277325929827017	277325948370871	277325930292433
277325946441965	277325964804568	277325947013996
277325963098110	277325981237537	277325963624360
277325979843215	277325997669777	277325980341392
277325996496965	277326014099881	277325996995715
277326013163996	277326030530557	277326013752954
277326029830402	277326046961965	277326030348371
277326046492485	277326063392173	277326046939048
277326066577121	277326079822798	277326066960610
277326079803996	277326096254933	277326080162798
277326096454985	277326112686339	277326096915090
277326113105402	277326129118579	277326113579517
277326129773110	277326145550871	277326130242485
277326146522746	277326161982850	277326146950610
277326163166548	277326178418110	277326163600454
277326179834360	277326194850401	277326180300871
277326196550454	277326211285818	277326196997798
277326213164465	277326227720349	277326213617433
277326229832433	277326244153266	277326230281704
277326246502642	277326260585141	277326246950715
277326263180767	277326277015245	277326263733892
277326279835090	277326293447954	277326280362329
277326296507746	277326309881443	277326297004829
277326316509985	277326334528631	277326316954360
277326329825142	277326342745662	277326330189152
277326346511652	277326359179047	277326346995610
277326363177017	277326375610871	277326363680714
277326379901235	277326392041287	277326380431079
277326396550089	277326408475870	277326397046964
277326413174517	277326424908005	277326413673110
277326429858423	277326441340818	277326430385142
277326446516496	277326457773683	277326447022329
277326463180142	277326474204568	277326463695402
277326479846235	277326490637069	277326480352173
277326496516704	277326507070923	277326497002121
277326513216496	277326523504776	277326513701808
277326529928839	277326548153370	277326530439204
277326546529204	277326564587745	277326547093214
277326567412329	277326581018943	277326567794777
277326594903423	277326605667172	277326595259621
277326596517954	277326613884047	277326596799621
277326613228266	277326630319932	277326613707641
277326629854985	277326646757381	277326630324464
277326646543110	277326663192797	277326646965402
277326663246235	277326679627641	277326663719048
277326679906964	277326696061808	277326680349829
277326696573735	277326712496599	277326697060714
277326713232954	277326728930402	277326713649204
277326729960402	277326745364985	277326730456860
277326746619673	277326761799985	277326747103266
277326763279985	277326778232641	277326763756339
277326779946235	277326794666808	277326780463423
277326796614204	277326811101234	277326797097798
277326824896860	277326835748839	277326825307173
277326829848735	277326843964620	277326830256391
277326846537641	277326860393110	277326846909516
277326863238371	277326876822589	277326863659829
277326879916496	277326893254308	277326880321183
277326896573579	277326909684307	277326896995610
277326913224204	277326926116495	277326913653527
277326929937954	277326942550506	277326930359308
277326946604673	277326958982953	277326947013371
277326963264204	277326975415766	277326963686391
277326979919985	277326991845662	277326980327641
277326996713266	277327008278787	277326997195766
277327013214204	277327024712173	277327013635714
277327029962589	277327041145141	277327030474933
277327046523735	277327057581026	277327047028214

POLL t=129.5 tick=1881
8333333
277335780703523	277335791691231	277335781207794
277335797366232	277335808123939	277335797877169
277335814034825	277335824557221	277335814537169
277335830688211	277335849207429	277335831198263
277335847355086	277335865642273	277335847885450
277335864081075	277335882076648	277335864547117
277335880690763	277335898511022	277335881216336
277335897363263	277335914944877	277335897880607
277335914028575	277335931381075	277335914547013
277335930689513	277335947816700	277335931199982
277335947357950	277335964250294	277335948017794
277335964054305	277335980685294	277335964582273
277335980755138	277335997122377	277335981260138
277335997359044	277336013560450	277335997840555
277336017533888	277336029994200	277336017960607
277336030639930	277336046428991	277336031014617
277336047314148	277336062864669	277336047821232
277336063995763	277336079299929	277336064497325
277336080647482	277336095734721	277336081158107
277336097307482	277336112167377	277336097822742
277336114006544	277336128603367	277336114529669
277336130645294	277336145036700	277336131176961
277336147313263	277336161471335	277336147832898
277336163973732	277336177906126	277336164487898
277336180646023	277336194340606	277336181158211
277336197317325	277336210774877	277336197833523
277336213978054	277336227210762	277336214496700
277336230649304	277336243645971	277336231164044
277336247317742	277336260081023	277336247879825
277336276259929	277336292954252	277336276667013
277336280610607	277336301171284	277336280916700
277336307086075	277336325820658	277336307599044
277336313957429	277336334038314	277336314386075
277336330642169	277336342257064	277336331173263
277336347309044	277336358693262	277336347831232
277336363982638	277336375127481	277336364537482
277336380647325	277336391563679	277336381105450
277336397324044	277336407997481	277336397790554
277336413982586	277336424431491	277336414474669
277336430644200	277336440867169	277336431104513
277336447311804	277336465519981	277336447822950
277336463973679	277336481953002	277336464434200
277336480636336	277336498386439	277336481104929
277336497506388	277336514819616	277336497958575
277336514031700	277336531253523	277336514482117
277336539516231	277336555902690	277336539910554
277336547324356	277336564118783	277336548343106
277336563961856	277336580552637	277336564353211
277336580730711	277336596989772	277336581196179
277336597301231	277336613427272	277336597776075
277336613968419	277336629862377	277336614536075
277336630695606	277336646295085	277336631197950
277336647365138	277336662728783	277336647871231
277336663994356	277336679162845	277336664536856
277336680650606	277336695600033	277336681170763
277336697330919	277336712036543	277336697854981
277336713975086	277336728470814	277336714517638
277336730632325	277336744904513	277336731157794
277336747310138	277336761342012	277336747848575
277336763989929	277336777777273	277336764495242
277336780719825	277336794211127	277336781214929
277336805737638	277336818861856	277336806123992
277336814041856	277336827079252	277336814425294
277336830672013	277336843513575	277336831050710
277336847346492	277336859950450	277336847864148
277336864042325	277336876386231	277336864521492
277336880720085	277336892821751	277336881229773
277336897347742	277336909255710	277336897869356
277336914014044	277336925688314	277336914528367
277336930676648	277336942124669	277336931020085
277336947325398	277336958560346	277336947855294
277336964052325	277336974993210	277336964560294
277336980718419	277336991428158	277336981237117
277336997360242	277337007863054	277336997875138
277337014023835	277337032515501	277337014552429
277337030728523	277337048946804	277337031090450
277337047417794	277337065379668	277337047933262
277337069281179	277337081815189	277337069657950
277337080732012	277337098250085	277337081098887
277337097402898	277337114682793	277337097917950
277337114077637	277337131118157	277337114586492
277337130742273	277337147551230	277337131084669
277337147411856	277337163985137	277337147910398
277337164101231	277337180420762	277337164609200
277337180775085	277337196853626	277337181289512
277337197443106	277337213290762	277337197934981
277337214103054	277337229726283	277337214673419
277337230789981	277337246161751	277337231204981
277337247434773	277337262599512	277337247987794
277337264167585	277337279034824	277337264666387
277337280775710	277337295472324	277337281274044
277337297432012	277337311908679	277337297934773
277337322943992	277337336561752	277337323333731
277337333653887	277337344780084	277337334071960
277337347377325	277337361215918	277337347779200
277337364125137	277337377649408	277337364617429
277337380825242	277337394084512	277337381300762
277337397514669	277337410520554	277337397998106
277337414173106	277337426957585	277337414643731
277337430850294	277337443392012	277337431335710
277337447550606	277337459829147	277337448071856
277337464187950	277337476264043	277337464589669
277337480778887	277337492698418	277337481199825
277337497501231	277337509135813	277337497919200
277337514171960	277337525571491	277337514628366
277337530916335	277337542004199	277337531364512
277337547487325	277337558438991	277337547976491
277337577050866	277337591313470	277337577421335
277337580783887	277337599531647	277337581070137
277337597465710	277337615965710	277337597836648
277337614193366	277337632398470	277337614668887
277337630822169	277337648832793	277337631247637
277337647495762	277337665266803	277337648072169
277337664204044	277337681702064	277337664634669
277337680842950	277337698138001	277337681275085
277337697506804	277337714572637	277337697953575
277337714169200	277337731010814	277337714706231
277337730821804	277337747446699	277337731255866
277337747482273	277337763882741	277337747909304
277337764211960	277337780318210	277337764630241
277337780837325	277337796754303	277337781273991
277337797505450	277337813189043	277337797931075
277337814175866	277337829623470	277337814604668
277337833461856	277337846059928	277337833856648
277337847473262	277337862497220	277337847839148
277337864209929	277337878934251	277337864588210
277337880813210	277337895371595	277337881299825

POLL t=140.4 tick=1955
8333333
277346581413415	277346596638675	277346581859821
277346598089926	277346613071592	277346598591540
277346618124665	277346629503467	277346618518988
277346631418728	277346645936331	277346631853728
277346648109040	277346662369821	277346648532165
277346664757321	277346678803779	277346665261384
277346681433884	277346695236592	277346681925134
277346698094665	277346711669040	277346698660446
277346714755863	277346728101228	277346715327269
277346731422478	277346744532737	277346731923832
277346748115238	277346760965654	277346748634978
277346764758884	277346777398258	277346765308571
277346781433415	277346793831853	277346781981175
277346798093988	277346810265290	277346798599665
277346814760134	277346826698623	277346815260446
277346831425550	277346843132061	277346831930759
277346848159769	277346859566956	277346848648884
277346876368415	277346892431487	277346876765082
277346881399769	277346900647633	277346881689665
277346898088571	277346908862893	277346898454196
277346914789144	277346925293518	277346915304821
277346931430707	277346941725446	277346931932946
277346948124665	277346966371488	277346948670134
277346964759352	277346982804977	277346965272165
277346981427009	277346999237737	277346981932269
277346998092321	277347015671591	277346998601071
277347014761540	277347032105029	277347015314040
277347031420602	277347048539039	277347031978415
277347048137477	277347064970394	277347048693415
277347064764196	277347081404247	277347065291696
277347081435602	277347097839821	277347081946332
277347098101332	277347114276383	277347098615290
277347114761175	277347130710863	277347115272477
277347141877321	277347155361800	277347142244821
277347151303050	277347163579195	277347151683363
277347164784509	277347180012894	277347165188259
277347181438571	277347196447321	277347181942269
277347198109821	277347212880550	277347198645915
277347214779196	277347229313727	277347215277165
277347231433363	277347245749456	277347231943363
277347248159196	277347262184300	277347248684196
277347264761852	277347278619612	277347265271852
277347281431175	277347295053779	277347281939925
277347298100290	277347311487685	277347298605706
277347314768415	277347327919820	277347315278259
277347331440759	277347344352164	277347331941852
277347348128884	277347360785185	277347348634821
277347364720081	277347377217685	277347365272009
277347381439040	277347393649456	277347381943102
277347412849821	277347426509872	277347413255706
277347414692634	277347434723779	277347415006540
277347431418988	277347442939248	277347431789821
277347448144665	277347459369717	277347448689509
277347464774196	277347475798310	277347465373050
277347481449665	277347500442060	277347482078206
277347498103571	277347516872945	277347498658206
277347514761175	277347533305602	277347515200446
277347531435863	277347549737581	277347531882633
277347548116019	277347566168466	277347548561227
277347564766696	277347582601227	277347565234352
277347581431696	277347599034039	277347581889508
277347598103883	277347615463883	277347598601696
277347614766644	277347631894977	277347615270081
277347631432633	277347648324404	277347631887321
277347648130758	277347664753310	277347648579925
277347677950550	277347689397580	277347678339300
277347681428883	277347697612425	277347682130133
277347698095915	277347714043205	277347698462008
277347714772633	277347730474300	277347715200290
277347731428727	277347746907268	277347731863727
277347748124665	277347763336279	277347748557477
277347764833675	277347779766123	277347765331644
277347781447477	277347796198206	277347781944613
277347798111800	277347812629664	277347798610602
277347814773415	277347829061018	277347815271175
277347831445081	277347845495237	277347831930863
277347848188831	277347861928674	277347848683883
277347864780133	277347878360601	277347865280133
277347881449977	277347894792998	277347881949144
277347898115446	277347911225185	277347898672738
277347914782008	277347927656852	277347915291696
277347942577477	277347960522268	277347942980133
277347948103258	277347968737268	277347948434352
277347964785862	277347976950914	277347965125550
277347981458362	277347993379248	277347981980550
277347998116644	277348009809351	277347998679352
277348014785081	277348026240862	277348015276852
277348031468675	277348042672789	277348031985862
277348048161227	277348059100550	277348048695602
277348064783362	277348075529664	277348065291644
277348081450706	277348100174768	277348081941540
277348098108727	277348116603883	277348098619665
277348114775602	277348133037268	277348115282321
277348131441071	277348149471226	277348131948727
277348148136644	277348165903935	277348148643206
277348164872112	277348182339455	277348165361852
277348181472789	277348198772529	277348181978258
277348205512112	277348223420653	277348205889821
277348217664821	277348231636591	277348218082477
277348231493362	277348248069716	277348231852581
277348248424508	277348264503675	277348248740289
277348264849456	277348280938049	277348265319039
277348281517321	277348297373570	277348281937008
277348298248414	277348313810654	277348298729508
277348314906383	277348330247581	277348315393519
277348331573414	277348346683310	277348332083414
277348348226696	277348363120393	277348348613727
277348364873102	277348379553935	277348365407425
277348381516071	277348395988622	277348381999821
277348398182008	277348412420706	277348398608050
277348414836019	277348428852841	277348415265133
277348431541956	277348445284664	277348432080394
277348448311019	277348461720341	277348448793883
277348475780706	277348486374039	277348476191227
277348481469821	277348494591122	277348481856071
277348498206331	277348511024612	277348498575394
277348514831487	277348527456695	277348515261696
277348531609039	277348543887008	277348532100446
277348548205133	277348560317528	277348548610758
277348564869039	277348576753675	277348565348050
277348581604144	277348593188831	277348582074300
277348598267008	277348609623154	277348598766227
277348614878258	277348626057476	277348615354456
277348631504039	277348642494091	277348631935289
277348648280914	277348658927320	277348648685758
277348664824925	277348675360132	277348665242164
277348681548831	277348700007321	277348682041800

POLL t=151.2 tick=2003
8333333
277357382673046	277357400265129	277357383003411
277357399332630	277357416697056	277357399845755
277357415999036	277357433128150	277357416537421
277357432675442	277357449558463	277357433328567
277357452706692	277357465987108	277357453177630
277357480339036	277357498847525	277357480707473
277357482592734	277357507063827	277357482800130
277357499329348	277357515279921	277357499848880
277357516016223	277357531710494	277357516529661
277357532722005	277357548141536	277357533291692
277357549345130	277357564573671	277357549855755
277357566008828	277357581006484	277357566507161
277357582672265	277357597438931	277357582994348
277357599340390	277357613873202	277357599910859
277357616066953	277357630306952	277357616517161
277357632681067	277357646742473	277357633179140
277357649346692	277357663180130	277357649849661
277357666008411	277357679616639	277357666575911
277357682661848	277357696052734	277357683032317
277357710717630	277357728918670	277357711133359
277357715924661	277357737137057	277357716288671
277357732618098	277357745353619	277357732976015
277357749286015	277357761787369	277357749802786
277357765964192	277357778222316	277357766504192
277357782628202	277357794659087	277357783168255
277357799293880	277357811093462	277357799824192
277357815957630	277357827526118	277357816455859
277357832622005	277357843960129	277357833085598
277357849300755	277357860393514	277357849781536
277357865947942	277357876828410	277357866412473
277357882598671	277357893262212	277357883140130
277357899274348	277357917914921	277357899742317
277357915947421	277357934350702	277357916462577
277357932638827	277357950787213	277357933151692
277357949316692	277357967221327	277357949862577
277357971985911	277357983654244	277357972393880
277357982636848	277358000087629	277357983019348
277357999282161	277358016519660	277357999670598
277358015950754	277358032948931	277358016406015
277358032680286	277358049378150	277358033293671
277358049316223	277358065809504	277358049826952
277358066103879	277358082240910	277358066622473
277358082768411	277358098671431	277358083284452
277358099412786	277358115103462	277358099930234
277358116207109	277358131534764	277358116701171
277358132844817	277358147963983	277358133339348
277358149480129	277358164396119	277358149979140
277358166150286	277358180829817	277358166659192
277358182819973	277358197260754	277358183324973
277358199485754	277358213691066	277358199976067
277358216204504	277358230121535	277358216718098
277358236117942	277358254765963	277358236513515
277358249463567	277358262981640	277358249836484
277358266149192	277358279410441	277358266658723
277358282791536	277358295840962	277358283282109
277358299480546	277358312274244	277358299982786
277358316156484	277358328706483	277358316665129
277358332846171	277358345137160	277358333359036
277358349479817	277358361569556	277358349985911
277358366148202	277358378003983	277358366681848
277358382813723	277358394437942	277358383321223
277358399486692	277358410869660	277358400087004
277358416207421	277358427298462	277358416713567
277358432814661	277358443728045	277358433325598
277358449481848	277358468372890	277358450050806
277358466149504	277358484804243	277358466672265
277358497176640	277358509453150	277358497608358
277358499405858	277358517668983	277358499720442
277358528286223	277358542315129	277358528806692
277358532805286	277358550531223	277358533208098
277358549476327	277358566962733	277358550147213
277358566150077	277358583392681	277358566660546
277358582814661	277358599823723	277358583329036
277358599495129	277358616253671	277358600094348
277358616203567	277358632683983	277358616703098
277358632833567	277358649113202	277358633353879
277358649478827	277358665542629	277358649995233
277358666114192	277358681970129	277358666633254
277358682777629	277358698398462	277358683312629
277358699498567	277358714827524	277358700051848
277358716201535	277358731258879	277358716677317
277358732875077	277358747689035	277358733379817
277358760922890	277358772332108	277358761317004
277358766113254	277358780547003	277358766498254
277358782822160	277358796975545	277358783188254
277358799507785	277358813406066	277358800083567
277358816231796	277358829835389	277358816742108
277358832831223	277358846265389	277358833334765
277358849496640	277358862695285	277358850005858
277358866162317	277358879123879	277358866668983
277358882830598	277358895552264	277358883333410
277358899506692	277358911985285	277358900070910
277358916216171	277358928417941	277358916683358
277358932871535	277358944850129	277358933367942
277358949496535	277358961281170	277358949996535
277358966205442	277358977715806	277358966700442
277358982816692	277358994149192	277358983247317
277358999524608	277359010579816	277359000106171
277359021254192	277359035225389	277359021652108
277359032872160	277359043440701	277359033278098
277359049605910	277359068087160	277359050100285
277359066246640	277359084520389	277359066723879
277359082878827	277359100954920	277359083350702
277359099549764	277359117386847	277359099979296
277359116267317	277359133818306	277359116687264
277359132914035	277359150252577	277359133356067
277359149544921	277359166685858	277359149981067
277359166219660	277359183118410	277359166658202
277359182830754	277359199551223	277359183283098
277359199502108	277359215983045	277359199918254
277359216295754	277359232416118	277359216723567
277359232886796	277359248848670	277359233327629
277359249531796	277359265280545	277359249972785
277359266247942	277359281713983	277359266672733
277359286463514	277359298144972	277359286883671
277359299555910	277359314576275	277359299918202
277359316304191	277359331007681	277359316733254
277359332934348	277359347440128	277359333346379
277359349566066	277359363873722	277359350053827
277359366286848	277359380308149	277359366743410
277359382964348	277359396742941	277359383415233
277359399585598	277359413177056	277359400173514
277359416268723	277359429611900	277359416672473
277359432913202	277359446046326	277359433321014
277359449611223	277359462479243	277359450083983
277359466237160	277359478913201	277359466715598
277359482960129	9223372036854775807	277359483412316

POLL t=162.2 tick=2051
8333333
277368467255542	277368483778771	277368467769344
277368483929032	277368500210697	277368484513094
277368500592157	277368516644240	277368501103042
277368517252782	277368533075125	277368517764032
277368533929813	277368549505958	277368534436688
277368550611480	277368565937364	277368551101844
277368570620750	277368582369916	277368571029032
277368599721792	277368615237729	277368600099813
277368600547730	277368623453563	277368600846688
277368617289188	277368631669708	277368617792782
277368633971844	277368648100177	277368634573563
277368650632313	277368664532572	277368651143355
277368667303875	277368680966375	277368667810438
277368683966323	277368697399135	277368684463094
277368700644761	277368713831636	277368701140594
277368717303250	277368730265073	277368717804969
277368733976792	277368746698406	277368734514500
277368750643094	277368763131167	277368751196219
277368767304032	277368779564813	277368767865386
277368783972157	277368795998406	277368784507261
277368800639969	277368812429813	277368801140855
277368828274657	277368845294656	277368828651688
277368833942313	277368853510437	277368834230750
277368850616792	277368861726427	277368851027886
277368867313667	277368878156687	277368867818719
277368883978875	277368894587833	277368884478875
277368900643875	277368911022364	277368901199969
277368917304657	277368935670489	277368917817313
277368933969136	277368952102729	277368934480073
277368950643875	277368968534291	277368951144344
277368967302000	277368984970021	277368967802313
277368983967938	277369001403354	277368984473979
277369000641167	277369017835906	277369001146063
277369017319136	277369034269916	277369017806636
277369033980750	277369050704031	277369034569292
277369050638719	277369067139865	277369051141167
277369067317157	277369083573771	277369067833094
277369087354500	277369100005594	277369087751063
277369100641688	277369116437468	277369101068250
277369117292782	277369132870489	277369117661844
277369133978354	277369149303093	277369134475907
277369150649292	277369165736635	277369151159813
277369167309344	277369182171114	277369167816375
277369183982417	277369198603041	277369184533563
277369200645229	277369215034812	277369201175073
277369217310438	277369231467468	277369217814031
277369233979500	277369247900229	277369234477729
277369250642104	277369264334395	277369251140906
277369267306792	277369280768301	277369267864031
277369283978875	277369297199552	277369284504344
277369300643979	277369313631792	277369301150750
277369317301948	277369330062416	277369317808042
277369348340594	277369362923197	277369348714761
277369350615281	277369371138042	277369350930594
277369367282104	277369379353614	277369367695125
277369383993094	277369395784031	277369384526531
277369400655542	277369412215073	277369401169656
277369417306011	277369428648198	277369417760594
277369433978042	277369445080125	277369434421167
277369450643511	277369461510802	277369451131688
277369467308250	277369486161374	277369467764031
277369483972573	277369502597624	277369484415073
277369500672000	277369519035281	277369501128198
277369517305698	277369535471687	277369517748511
277369533969188	277369551906270	277369534413511
277369550638667	277369568339708	277369551092261
277369567302729	277369584772208	277369567758719
277369583970542	277369601205229	277369584422625
277369607488510	277369625855697	277369607884448
277369617303510	277369634072468	277369618006531
277369639526010	277369650504031	277369639932625
277369650675125	277369666936114	277369651197573
277369667320125	277369683367729	277369667823094
277369683984813	277369699801010	277369684505698
277369700681479	277369716234239	277369701188354
277369717322313	277369732665749	277369717831792
277369733988667	277369749097416	277369734483979
277369750654031	277369765529447	277369751220906
277369767318250	277369781958562	277369767852156
277369783985854	277369798390541	277369784478354
277369800654135	277369814822781	277369801157312
277369817321479	277369831256374	277369817833719
277369833990229	277369847689030	277369834498406
277369850675125	277369864120645	277369851179292
277369870916635	277369888768458	277369871319812
277369883978979	277369896984968	277369884404344
277369900674448	277369913414655	277369901041948
277369917324500	277369929844395	277369917826375
277369934000594	277369946274760	277369934504812
277369950669969	277369962704603	277369951183406
277369967334812	277369979134552	277369967839187
277369984079812	277369995564030	277369984516167
277370000672937	277370011993093	277370001177417
277370017369500	277370028423875	277370017849292
277370034070073	277370044849551	277370034541531
277370050791687	277370061279083	277370051258250
277370067404448	277370077706219	277370067887885
277370084046635	277370102347051	277370084528406
277370100751375	277370118774604	277370101232885
277370131956062	277370143414655	277370132355229
277370133954031	277370151627885	277370134256687
277370150669656	277370168058041	277370151051010
277370167327417	277370184487156	277370167796062
277370184063406	277370200917989	277370184443979
277370200767260	277370217347937	277370201241323
277370217388562	277370233780697	277370217817781
277370234086791	277370250213249	277370234582781
277370250743719	277370266643926	277370251223094
277370267416062	277370283076739	277370267894291
277370284011323	277370299508250	277370284447104
277370300697156	277370315936999	277370301121166
277370317416010	277370332365957	277370317835281
277370334089500	277370348797520	277370334575750
277370350720594	277370365229760	277370351145385
277370367491062	277370381659968	277370367961375
277370394137000	277370406306218	277370394524291
277370400729187	277370414523041	277370401107729
277370417404500	277370430955280	277370417771166
277370434084760	277370447388458	277370434506844
277370450692260	277370463822572	277370451124760
277370467422468	277370480255333	277370467886531
277370484099812	277370496689082	277370484509448
277370500783562	277370513124030	277370501204343
277370517440750	277370529557364	277370517865125
277370534056323	277370545990489	277370534470906
277370550733093	277370562424655	277370551159187
277370567453979	9223372036854775807	277370567930073

POLL t=173.0 tick=2097
8333333
277379317928559	277379336359653	277379318453507
277379340696528	277379352792569	277379341087726
277379354663663	277379369223715	277379355119653
277379367922257	277379385653351	277379368303663
277379384592153	277379402084496	277379385117934
277379401259496	277379418519131	277379401846163
277379417922778	277379434951528	277379418457100
277379434586215	277379451382778	277379435226319
277379451259340	277379467813402	277379451773246
277379468085225	277379484244861	277379468625434
277379484591059	277379500675069	277379485124653
277379501244340	277379517105798	277379501785590
277379517917725	277379533536058	277379518444496
277379534667621	277379549965589	277379535201007
277379551314757	277379566395641	277379551826528
277379567991059	277379582825069	277379568429600
277379584649340	277379599254704	277379585120069
277379601313871	277379615687152	277379601761319
277379617981371	277379632118871	277379618427569
277379644988246	277379656764496	277379645383715
277379651306059	277379664979027	277379651694132
277379667979027	277379681407100	277379668404132
277379684674027	277379697836631	277379685160746
277379701314600	277379714267724	277379701760902
277379717982257	277379730697152	277379718433246
277379734650382	277379747124860	277379735094444
277379751312777	277379763554131	277379751760434
277379767985694	277379779984861	277379768430382
277379784648402	277379796417882	277379785092621
277379801334496	277379812848090	277379801839652
277379817993038	277379829281006	277379818565902
277379834655902	277379845715537	277379835239965
277379851311215	277379862148038	277379851823559
277379867988090	277379878583141	277379868537882
277379884657882	277379903232881	277379885173090
277379901304444	277379919663975	277379901832882
277379917932152	277379936092465	277379918459184
277379946660590	277379960742621	277379947114027
277379951238038	277379968960329	277379951651788
277379967923246	277379985393871	277379968307257
277379984606527	277380001828506	277379985126840
277380001266475	277380018263142	277380001841059
277380017940538	277380034697308	277380018508663
277380034600121	277380051130850	277380035206996
277380051366215	277380067563194	277380051877257
277380068080902	277380083997099	277380068501215
277380084749288	277380100428297	277380085249027
277380101440694	277380116862985	277380101951163
277380118099809	277380133295850	277380118613506
277380134753715	277380149728089	277380135261215
277380151421371	277380166162204	277380151927256
277380168153559	277380182595641	277380168659809
277380184762100	277380199027204	277380185261840
277380201421996	277380215459079	277380201974027
277380218131475	277380231892360	277380218551944
277380234795069	277380248322725	277380235267309
277380254889600	277380272971579	277380255293715
277380268089913	277380281187933	277380268501059
277380284808246	277380297619443	277380285305381
277380301434027	277380314049495	277380301937152
277380318093819	277380330478401	277380318598350
277380334761475	277380346907516	277380335280746
277380351426058	277380363335225	277380351932465
277380368141683	277380379764600	277380368648038
277380384761319	277380396194183	277380385254808
277380401430277	277380412625225	277380401936683
277380418092777	277380429057099	277380418627413
277380434762413	277380445486735	277380435263090
277380451428506	277380461918037	277380451933350
277380468108038	277380486562672	277380468613194
277380484760590	277380502995902	277380485291163
277380501422413	277380519428349	277380501938090
277380518090902	277380535859703	277380518603871
277380534759496	277380552290381	277380535274496
277380558365746	277380576930537	277380558810590
277380571726371	277380585144808	277380572175069
277380584750225	277380601573037	277380585123506
277380601392777	277380618003975	277380601889027
277380618157933	277380634434443	277380618701840
277380634715277	277380650864756	277380635249600
277380651379913	277380667296006	277380651890069
277380668067725	277380683727933	277380668577256
277380684827569	277380700159391	277380685352100
277380701431631	277380716592308	277380701909183
277380718092465	277380733024547	277380718532152
277380734759808	277380749456110	277380735242621
277380751426215	277380765891162	277380751917569
277380768138558	277380782327099	277380768581527
277380784762621	277380798762308	277380785216683
277380801424600	277380815193662	277380801874652
277380818093871	277380831623402	277380818541996
277380834786631	277380848053193	277380835232100
277380851454600	277380864483870	277380851887621
277380871781840	277380889131058	277380872169965
277380884801162	277380897347777	277380885242100
277380901480381	277380913781475	277380901856944
277380918098715	277380930217465	277380918533662
277380934797465	277380946652308	277380935216319
277380951542308	277380963086579	277380952095121
277380968283246	277380979519704	277380968747152
277380984864027	277380995953922	277380985339027
277381001549339	277381012383714	277381002053714
277381018220746	277381037029652	277381018700537
277381034804652	277381053460537	277381035362100
277381051518350	277381069890016	277381052034756
277381068242777	277381086318089	277381068709808
277381084911527	277381102746839	277381085384339
277381101521787	277381119174912	277381102006319
277381118208506	277381135604756	277381118684131
277381134868558	277381152035589	277381135442152
277381151532152	277381168464704	277381152071527
277381168256683	277381184893037	277381168662881
277381188559496	277381201322672	277381188952152
277381201521631	277381217752777	277381201890381
277381218158871	277381234185277	277381218574912
277381234849027	277381250617776	277381235260589
277381251505694	277381267050016	277381251920746
277381268140277	277381283481162	277381268555537
277381284766787	277381299912881	277381285190694
277381301492621	277381316346214	277381301909652
277381318164027	277381332778974	277381318586058
277381334821162	277381349209078	277381335270121
277381351550537	277381365638089	277381351961787
277381368177464	277381382070328	277381368580277
277381384909964	277381398499443	277381385395433
277381401505902	277381414929078	277381402021058
277381418185433	9223372036854775807	277381418655121

POLL t=183.9 tick=2140
8333333
277390185861471	277390196959492	277390186293086
277390202533242	277390213391471	277390202962148
277390219248867	277390229820950	277390219818398
277390235843815	277390246250481	277390236367930
277390252561315	277390270897512	277390253085742
277390269202930	277390287328189	277390269711836
277390285870742	277390303759075	277390286433398
277390302540117	277390320188711	277390303058503
277390319213555	277390336617929	277390319719180
277390335878398	277390353047721	277390336433086
277390352542253	277390369479179	277390353055221
277390369209961	277390385910377	277390369721680
277390385879753	277390402340533	277390386377461
277390402544909	277390418771054	277390403063711
277390426471992	277390443415638	277390426921471
277390435864440	277390451630325	277390436073242
277390452563971	277390468064492	277390452954128
277390469201211	277390484498293	277390469696628
277390485846055	277390500932617	277390486347565
277390502505273	277390517363971	277390503014805
277390519155898	277390533792981	277390519682878
277390535819596	277390550225377	277390536324023
277390552492721	277390566655325	277390552998086
277390569165273	277390583085690	277390569678346
277390585864180	277390599516002	277390586377565
277390602494805	277390615947513	277390603003971
277390619163659	277390632380586	277390619675742
277390635817461	277390648815898	277390636345586
277390652485846	277390665249595	277390653008034
277390669147773	277390681681939	277390669673398
277390685856992	277390698112304	277390686377565
277390716441680	277390730973970	277390716794752
277390722438398	277390739190116	277390722736315
277390735872721	277390747407252	277390736322096
277390752548190	277390763840429	277390753008034
277390769213086	277390780271262	277390769646627
277390785872148	277390796703398	277390786355742
277390802558034	277390813135846	277390803103971
277390819222773	277390829566471	277390819730534
277390835879023	277390854209960	277390836397096
277390852536054	277390870638085	277390853130846
277390869168034	277390887066367	277390869757461
277390885874961	277390903495638	277390886400221
277390902502461	277390919924335	277390903074440
277390919152773	277390936353086	277390919736211
277390935824336	277390952782929	277390936346523
277390952498242	277390969213762	277390953024179
277390969160586	277390985642721	277390969680898
277390985956523	277391002072669	277390986475429
277391014620846	277391026717668	277391015026159
277391019237304	277391034931731	277391019678815
277391035912929	277391051359856	277391036327409
277391052563502	277391067787564	277391053074909
277391069276367	277391084215117	277391069794023
277391085928346	277391100643762	277391086435117
277391102595586	277391117074596	277391103103971
277391119261159	277391133503189	277391119762148
277391135932148	277391149934700	277391136425273
277391152593502	277391166366783	277391153152929
277391169260377	277391182799231	277391169770898
277391185917148	277391199230273	277391186421211
277391202591679	277391215661836	277391203107304
277391219271940	277391232092981	277391219766627
277391235934492	277391248524595	277391236431471
277391252639023	277391264959179	277391253133086
277391269262461	277391281390533	277391269767929
277391285934283	277391297819387	277391286433242
277391312577617	277391330679543	277391312976523
277391319235117	277391338895324	277391319600898
277391335915429	277391347110742	277391336281523
277391352601940	277391363543397	277391353142617
277391369267304	277391379975065	277391369831679
277391385926367	277391404620533	277391386459961
277391402582252	277391421052356	277391403100586
277391419215117	277391437482616	277391419746627
277391435923242	277391453913293	277391436451367
277391452594492	277391470344283	277391453197617
277391469203710	277391486776731	277391469801367
277391485861835	277391503210689	277391486211210
277391502529335	277391519644439	277391503062721
277391519204283	277391536076992	277391519873971
277391535885898	277391552507981	277391536396940
277391552644127	277391568938971	277391553055221
277391569217565	277391585369179	277391569747148
277391585954335	277391601796939	277391586292565
277391613902460	277391626443397	277391614346210
277391619246210	277391634659230	277391619625117
277391635924648	277391651087303	277391636339440
277391652652929	277391667518918	277391653144804
277391669270585	277391683949648	277391669771002
277391685932929	277391700380481	277391686254179
277391702611210	277391716811991	277391703138398
277391719316523	277391733242304	277391719793971
277391735986158	277391749670845	277391736477460
277391752681679	277391766098762	277391753167877
277391769369648	277391782529856	277391769860898
277391785964960	277391798961940	277391786337929
277391802663398	277391815393189	277391803147721
277391819339023	277391831825117	277391819828085
277391835975585	277391848255689	277391836470117
277391852654596	277391864684491	277391853136523
277391869300429	277391881112772	277391869769804
277391886042617	277391897537876	277391886529908
277391916993085	277391930396522	277391917368398
277391922756523	277391938612148	277391923545273
277391935953189	277391946827252	277391936374492
277391952679648	277391963255324	277391953097304
277391969317460	277391979684179	277391969756314
277391985953242	277391996112356	277391986406835
277392002618502	277392020754022	277392003049335
277392019312304	277392037182773	277392019743398
277392036020689	277392053611782	277392036440689
277392052685742	277392070040220	277392053108085
277392069302460	277392086468554	277392069730377
277392086019908	277392102896106	277392086515116
277392102655273	277392119323970	277392103154179
277392119368554	277392135753449	277392119846210
277392135969804	277392152182408	277392136448710
277392152737616	277392168614178	277392153221158
277392169425429	277392185043709	277392169899960
277392186093866	277392201476106	277392186558085
277392202763554	277392217907200	277392203243085
277392221772929	277392234340168	277392222174335
277392236057616	277392250771574	277392236401210
277392252699648	277392267201106	277392253061471
277392269375377	277392283632356	277392269852096
277392286066939	9223372036854775807	277392286484127

POLL t=194.8 tick=2180
8333333
277401003073863	277401017132612	277401003583394
277401019731832	277401033561884	277401020266832
277401036425530	277401049989748	277401036931988
277401053075113	277401066416154	277401053587457
277401069750373	277401082844435	277401070247144
277401086414488	277401099273394	277401086951207
277401103098811	277401115703290	277401103591207
277401119748551	277401132135477	277401120247301
277401136425842	277401148566103	277401136936676
277401153087457	277401164997977	277401153585373
277401169745426	277401181430269	277401170250061
277401186420582	277401197862352	277401186961207
277401203083863	277401214294071	277401203599801
277401219738394	277401230722405	277401220245894
277401239777457	277401255362769	277401240172144
277401253091155	277401263577248	277401253545738
277401269756050	277401288220009	277401270261936
277401286406988	277401304650790	277401286910269
277401303074332	277401321081831	277401303587300
277401319742248	277401337510530	277401320246519
277401336407144	277401353941050	277401336924957
277401353077457	277401370370946	277401353590582
277401369743811	277401386800841	277401370259644
277401386425582	277401403231102	277401386937769
277401403074488	277401419660373	277401403521050
277401419741675	277401436089592	277401420211780
277401436398030	277401452515373	277401436877457
277401453076936	277401468941519	277401453521780
277401469741832	277401485368966	277401470195269
277401486405894	277401501802144	277401486877405
277401503070530	277401518233966	277401503556207
277401519732144	277401534663550	277401520191780
277401536397613	277401551095685	277401536848967
277401553082300	277401567527352	277401553510894
277401573519957	277401583958290	277401573961155
277401586414592	277401600387039	277401586887717
277401603073863	277401616812716	277401603523238
277401619743394	277401633240529	277401620309280
277401636455061	277401649670686	277401636963707
277401653080582	277401666098863	277401653612769
277401669749644	277401682525425	277401670309644
277401686416207	277401698955008	277401686935373
277401703081363	277401715386414	277401703589800
277401719744488	277401731815998	277401720256050
277401736417300	277401748243550	277401736928238
277401753076154	277401764671206	277401753603082
277401769708863	277401781100945	277401770246050
277401786371519	277401797528707	277401786897925
277401803039123	277401813959696	277401803560269
277401819695529	277401830390894	277401820274957
277401836407144	277401846821831	277401836923707
277401853030738	277401871465321	277401853549175
277401869680998	277401887895113	277401870196050
277401886355582	277401904323498	277401886876675
277401909866519	277401920752664	277401910258186
277401919743081	277401937179487	277401920135113
277401936429123	277401953604592	277401936930425
277401953095373	277401970031987	277401953665425
277401969758706	277401986460425	277401970325894
277401986424800	277402002888706	277401986912092
277402003123394	277402019317248	277402003613186
277402019715894	277402035747196	277402020249956
277402036366519	277402052176726	277402036908081
277402053039175	277402068606206	277402053565113
277402069705581	277402085035008	277402070224019
277402086365217	277402101465060	277402086904331
277402103035269	277402117894695	277402103549748
277402119701675	277402134326258	277402120217456
277402136369019	277402150757716	277402136908081
277402153036311	277402167187872	277402153562300
277402169687925	277402183615789	277402170208029
277402186359800	277402200043498	277402186893654
277402203020113	277402216471674	277402203537717
277402219693498	277402232899175	277402220295425
277402245041519	277402257540841	277402245410738
277402256366779	277402273970633	277402256802873
277402269753498	277402282184644	277402270117456
277402286434019	277402298614956	277402286931363
277402303102873	277402315042560	277402303636050
277402319753498	277402331472351	277402320250894
277402336428081	277402347902039	277402336926988
277402353121675	277402364330476	277402353648550
277402369716675	277402380760217	277402370224435
277402386444592	277402397188967	277402387001779
277402403124748	277402421832404	277402403600738
277402419764800	277402438259070	277402420289175
277402436433081	277402454684799	277402436948394
277402453101675	277402471111101	277402453626050
277402469767560	277402487539383	277402470286519
277402486428706	277402503965164	277402486948967
277402503089019	277402520390008	277402503604019
277402519753185	277402536815789	277402520203550
277402536404175	277402553241571	277402537003081
277402553079904	277402569667560	277402553515738
277402569785112	277402586095529	277402570246675
277402590002404	277402602522560	277402590401519
277402603073498	277402618945008	277402603451362
277402619768550	277402635365633	277402620221310
277402636517248	277402651790060	277402636948342
277402653154956	277402668214799	277402653609956
277402669836362	277402684641258	277402670266831
277402686487925	277402701070425	277402686924331
277402703151831	277402717498133	277402703591935
277402719785060	277402733925320	277402720225060
277402736459644	277402750351675	277402736913394
277402753195685	277402766775841	277402753626675
277402769808706	277402783200998	277402770228029
277402786514019	277402799623549	277402786999435
277402803188029	277402816046726	277402803651987
277402819811362	277402832471883	277402820275685
277402836506987	277402848896987	277402836937456
277402853106519	277402865320893	277402853531362
277402869841987	277402881744747	277402870279435
277402886518029	277402898170789	277402886951206
277402903191206	277402914598289	277402903637300
277402930853185	277402947452351	277402931272456
277402936469019	277402955665008	277402936792300
277402953081362	277402963879383	277402953449175
277402969808810	277402980305737	277402970235373
277402986472456	277402996732039	277402986868081
277403003179644	277403021370477	277403003583966
277403019832404	277403037796102	277403020268550
277403036587873	277403054222039	277403037019279
277403053192144	277403070646778	277403053613341
277403069812300	277403087069851	277403070271519
277403086482300	277403103493862	277403086907300
277403103254331	9223372036854775807	277403103800841

POLL t=205.6 tick=2238
8333333
277411888259171	277411901683181	277411888782453
277411904971203	277411918116931	277411905474015
277411921637557	277411934549119	277411922135526
277411938300109	277411950980317	277411938801515
277411954962453	277411967413233	277411955468494
277411979797765	277411992058389	277411980200265
277411988321515	277412000273025	277411988747244
277412004951671	277412016702504	277412005360526
277412021634953	277412033132765	277412022140421
277412038302557	277412049563389	277412038886203
277412054957869	277412065994692	277412055473963
277412071605578	277412082428233	277412072134015
277412088269171	277412098859328	277412088785421
277412104932921	277412123503962	277412105452557
277412121587296	277412139936984	277412122107453
277412138272765	277412156368806	277412138789744
277412154914953	277412172799848	277412155268963
277412171574484	277412189230109	277412172117765
277412188265838	277412205660109	277412188785578
277412204954275	277412222088650	277412205478234
277412221584744	277412238515577	277412222099484
277412238267713	277412254942088	277412238800369
277412254927609	277412271366671	277412255287921
277412271570057	277412287794223	277412271954015
277412291432765	277412304223546	277412291843807
277412320976775	277412337085109	277412321487713
277412321611515	277412345300942	277412321756359
277412338302557	277412353517244	277412338926203
277412354973234	277412369950005	277412355330682
277412371668703	277412386380160	277412372202296
277412388339796	277412402811254	277412388940525
277412405001359	277412419242556	277412405580734
277412421642609	277412435672556	277412422163963
277412438305525	277412452104692	277412438893025
277412454986515	277412468535837	277412455301046
277412471676463	277412484964223	277412472180734
277412488332921	277412501392347	277412488866359
277412504983390	277412517817920	277412505509952
277412521641932	277412534246567	277412522212869
277412538319015	277412550675161	277412538838546
277412554992296	277412567103858	277412555503390
277412571646515	277412583534431	277412572244640
277412600663390	277412616392556	277412601083546
277412604945577	277412624607869	277412605293390
277412621623494	277412632824379	277412622015682
277412638308807	277412649259379	277412638846515
277412654980109	277412665693807	277412655504119
277412671646515	277412690339796	277412672183807
277412688330734	277412706767140	277412688857609
277412704989015	277412723194431	277412705569796
277412721660057	277412739623181	277412722228859
277412738318702	277412756052765	277412738914171
277412755002400	277412772480004	277412755531984
277412771657452	277412788907348	277412772193390
277412788341515	277412805335890	277412788895682
277412804982140	277412821764952	277412805567557
277412821652400	277412838193806	277412822173234
277412838406046	277412854625160	277412838931671
277412855069796	277412871053389	277412855597765
277412871748702	277412887482660	277412872264484
277412888476984	277412903911827	277412888976463
277412912166671	277412928554066	277412912557609
277412921742713	277412936767035	277412922202609
277412938402088	277412953194066	277412938829900
277412955106827	277412969624014	277412955543702
277412971748702	277412986056774	277412972249588
277412988436515	277413002488858	277412988896202
277413005073546	277413018925421	277413005540421
277413021741619	277413035360629	277413022201671
277413038420734	277413051792764	277413038898702
277413055079796	277413068226462	277413055525577
277413071872296	277413084659587	277413072280890
277413088482608	277413101092972	277413088921671
277413105149900	277413117528337	277413105591671
277413121814483	277413133963285	277413122300577
277413138476515	277413150398441	277413138929171
277413155144015	277413166832920	277413155580733
277413171826463	277413183267088	277413172327921
277413188531358	277413199698441	277413189025421
277413214382140	277413232555160	277413214776983
277413221790733	277413240768597	277413222076827
277413238489796	277413248984691	277413238891358
277413255159327	277413273632765	277413255645213
277413271815213	277413290062608	277413272307088
277413288479327	277413306493702	277413288987608
277413305155056	277413322925681	277413305667140
277413321814640	277413339356149	277413322329119
277413338479900	277413355787451	277413338994796
277413355145681	277413372221723	277413355658077
277413371821827	277413388654587	277413372419119
277413388530577	277413405087660	277413389017452
277413405200265	277413421517191	277413405688025
277413421855890	277413437945681	277413422383546
277413438546515	277413454375785	277413439019119
277413455235421	277413470805160	277413455709171
277413471852452	277413487232608	277413472324015
277413488512087	277413503658962	277413488938546
277413518398390	277413536519222	277413518789796
277413521783702	277413544735212	277413522092712
277413550626515	277413561166046	277413551006046
277413555125421	277413569381983	277413555492712
277413571877608	277413585815941	277413572291358
277413588571515	277413602249847	277413588989587
277413605243233	277413618684014	277413605719483
277413621900369	277413635114900	277413622385525
277413638599327	277413651548337	277413639114483
277413655235369	277413667981826	277413655722244
277413671932452	277413684416566	277413672396515
277413688592087	277413700849847	277413689074796
277413705305108	277413717283962	277413705773337
277413721884952	277413733716722	277413722352400
277413738515369	277413750149743	277413739007764
277413755247087	277413766581827	277413755731202
277413771863337	277413783014847	277413772360421
277413788536983	277413799445108	277413789026671
277413805224900	277413815875941	277413805586202
277413825417764	277413840522400	277413825809483
277413838568077	277413856952712	277413838921358
277413855199327	277413873383336	277413855570577
277413871906827	277413889815941	277413872390733
277413888584744	277413906248806	277413889066514
277413905244431	277413922679691	277413905732139
277413921932608	277413939111149	277413922408546
277413938639639	277413955543962	277413939121358
277413955264952	277413971973910	277413955701514
277413971882087	277413988405628	277413972371775
277413988566619	9223372036854775807	277413989066931

POLL t=216.5 tick=2280
8333333
277422740670417	277422752752031	277422741168074
277422757294792	277422769182656	277422757832396
277422773960417	277422785613125	277422774464636
277422790627865	277422802042812	277422790952396
277422807295417	277422818470626	277422807802136
277422827293959	277422843114115	277422827692136
277422857596355	277422875969114	277422857986511
277422858084792	277422884183907	277422858176303
277422874535105	277422892398490	277422875019011
277422891206667	277422908828490	277422891706980
277422907882396	277422925258959	277422908421303
277422924590730	277422941687917	277422925104636
277422941214792	277422958115781	277422941858855
277422957880209	277422974544167	277422958394896
277422974546667	277422990972344	277422975056198
277422991228230	277423007397552	277422991726198
277423007885990	277423023824948	277423008383646
277423024557136	277423040251719	277423025065573
277423041311511	277423056680156	277423041825209
277423057889948	277423073107031	277423058398959
277423074559740	277423089533698	277423075062240
277423091220730	277423105962396	277423091661198
277423119434792	277423130605365	277423119847605
277423124548542	277423138820000	277423124926146
277423141212448	277423155248178	277423141594740
277423157888698	277423171676719	277423158324792
277423174551980	277423188105313	277423174994636
277423191211355	277423204532761	277423191479896
277423207881042	277423220959010	277423208323334
277423224552709	277423237385677	277423224997761
277423241224167	277423253812448	277423241663334
277423257883959	277423270242031	277423258326980
277423274548855	277423286671094	277423274997084
277423291216198	277423303098854	277423291489948
277423307893073	277423319526459	277423308426667
277423324569948	277423335953802	277423325074740
277423341232709	277423352381042	277423341739323
277423357902084	277423368813906	277423358450677
277423374559480	277423385245833	277423375068386
277423391220730	277423401673593	277423391539636
277423411870573	277423426316511	277423412273542
277423424551771	277423442747865	277423424949792
277423441213386	277423459178125	277423441702136
277423457884323	277423475609479	277423458368230
277423474545209	277423492040573	277423475033073
277423491226302	277423508473281	277423491779323
277423507888698	277423524905052	277423508444271
277423524558646	277423541335260	277423525174896
277423541224167	277423557763437	277423541726823
277423557895834	277423574193073	277423558397917
277423574556198	277423590624114	277423575059740
277423591208386	277423607054167	277423591825261
277423607911979	277423623485781	277423608404584
277423624570365	277423639918020	277423625100209
277423641235729	277423656348385	277423641730729
277423657895990	277423672778698	277423658399479
277423674566823	277423689209271	277423675065417
277423703892917	277423722071562	277423704284792
277423707871667	277423730287865	277423708174948
277423724541042	277423738504635	277423724906511
277423741233542	277423754934531	277423741739115
277423757910729	277423771364635	277423758418802
277423774567396	277423787797500	277423775064948
277423791242865	277423804230625	277423791729896
277423807897292	277423820663385	277423808422448
277423824575886	277423837095156	277423825078073
277423841230365	277423853525104	277423841733021
277423857899011	277423869955885	277423858400573
277423874569792	277423886386718	277423875073854
277423891237136	277423902816250	277423891715677
277423907923334	277423919247187	277423908442709
277423924618386	277423935679166	277423925121979
277423941235052	277423952110573	277423941736511
277423957909740	277423976755781	277423958430261
277423974568646	277423993184219	277423975068386
277423999740886	277424017824948	277424000123386
277424011192083	277424026038281	277424011576354
277424024559479	277424042465156	277424025016146
277424041237136	277424058892552	277424041746511
277424057905886	277424075320990	277424058412083
277424074569167	277424091749166	277424075078177
277424091240365	277424108176666	277424091777917
277424107903177	277424124608073	277424108481458
277424124614271	277424141035729	277424125120521
277424141242292	277424157465886	277424141750886
277424157920417	277424173895260	277424158413386
277424174635052	277424190321406	277424175155833
277424191253698	277424206749375	277424191766979
277424207916510	277424223178645	277424208413177
277424224574948	277424239608541	277424225079167
277424241254635	277424256039010	277424241756615
277424257906823	277424272469218	277424258471042
277424274620052	277424288899010	277424275106823
277424302097292	277424313543958	277424302492917
277424307873542	277424321760677	277424308301979
277424324552396	277424338190729	277424324939479
277424341273646	277424354620729	277424341720833
277424357979115	277424371049323	277424358378802
277424374622552	277424387478645	277424375098698
277424391312240	277424403907239	277424391804010
277424407956979	277424420335832	277424408386198
277424424578854	277424436765469	277424425002604
277424441314948	277424453195937	277424441747552
277424457980260	277424469625468	277424458411979
277424474649167	277424486056094	277424475084896
277424491306823	277424502484896	277424491743542
277424507991771	277424518916041	277424508415729
277424524659948	277424535344270	277424525096354
277424541323073	277424551773802	277424541815052
277424557963542	277424576416666	277424558393698
277424574640365	277424592847812	277424575069792
277424603957552	277424617491249	277424604353542
277424607936979	277424625704948	277424608224479
277424624606302	277424642134479	277424624981354
277424641320729	277424658562760	277424641805364
277424657985833	277424674990156	277424658480417
277424674638489	277424691419739	277424675183021
277424691325729	277424707849999	277424691810677
277424707968854	277424724279374	277424708478646
277424724629271	277424740707135	277424725056510
277424741277448	277424757135624	277424741703073
277424757955677	277424773564843	277424758443229
277424774675573	277424789996041	277424775153854
277424791373177	277424806425989	277424791850104
277424807943542	277424822852917	277424808363489
277424824611510	277424839282708	277424825137135
277424841292448	9223372036854775807	277424841757864

POLL t=227.3 tick=2322
8333333
277433541744476	277433555705048	277433542188694
277433558411507	277433572139840	277433558855257
277433575082913	277433588572027	277433575525413
277433591744476	277433604999527	277433592182601
277433608432861	277433621429996	277433608940257
277433625082288	277433637860621	277433625588851
277433652055361	277433662506923	277433652446194
277433658379632	277433670721194	277433658815101
277433675079424	277433687151507	277433675485413
277433691762549	277433703585257	277433692325882
277433708477913	277433720019059	277433709024424
277433725084476	277433736451142	277433725636142
277433741764111	277433752882339	277433742272444
277433758425257	277433769314319	277433758936194
277433775090517	277433785746454	277433775600101
277433791767236	277433810397183	277433792317288
277433808421819	277433826830934	277433808922601
277433825090048	277433843261871	277433825596194
277433841757861	277433859692600	277433842276767
277433858425205	277433876122913	277433858945205
277433875092548	277433892551298	277433875611142
277433891758694	277433908982652	277433892298330
277433908459632	277433925414006	277433908971507
277433925086663	277433941847860	277433925626455
277433945074163	277433958280933	277433945465986
277433958427080	277433974714736	277433958783173
277433975087444	277433991146246	277433975456819
277433991768538	277434007577339	277433992263017
277434008428851	277434024006871	277434008972444
277434025094423	277434040438694	277434025598486
277434041766611	277434056870933	277434042270361
277434058425569	277434073302444	277434058929423
277434075095882	277434089733902	277434075595830
277434091766767	277434106166610	277434092288955
277434108467288	277434122601246	277434108968017
277434125098069	277434139038746	277434125596663
277434141766507	277434155474944	277434142275413
277434158433382	277434171907496	277434158937600
277434175110048	277434188337809	277434175618173
277434191765048	277434204767027	277434192264632
277434208447236	277434221197600	277434208943850
277434235447600	277434245842236	277434235815830
277434244989632	277434262271662	277434245377548
277434258415048	277434270486037	277434258830569
277434275104580	277434286916193	277434275605882
277434291768069	277434303345725	277434292299319
277434308468955	277434319774475	277434308980882
277434325094319	277434336201454	277434325602392
277434341772913	277434352628277	277434342280882
277434358434736	277434369055881	277434358941142
277434375102913	277434385486922	277434375611194
277434391769319	277434410130829	277434392273069
277434408432392	277434426558954	277434408946507
277434425096455	277434442985777	277434425649007
277434441767600	277434459412912	277434442326038
277434458436038	277434475840569	277434458951142
277434475104632	277434492271558	277434475617392
277434491764319	277434508701193	277434492230517
277434508468017	277434525130569	277434508918486
277434528524632	277434541562183	277434528927132
277434541747600	277434557992183	277434542192913
277434558406194	277434574421610	277434558870569
277434575065257	277434590852184	277434575523538
277434591728798	277434607281662	277434592177757
277434608399267	277434623710620	277434608852132
277434625052913	277434640142026	277434625513694
277434641775100	277434656567131	277434642220361
277434658480100	277434672991975	277434658910204
277434675122913	277434689419788	277434675568069
277434691790256	277434705847183	277434692253850
277434708478017	277434722275933	277434708922548
277434725131767	277434738704631	277434725631038
277434741803329	277434755133694	277434742331663
277434758469631	277434771565568	277434759014788
277434775141038	277434787996089	277434775681194
277434791804631	277434804424266	277434792293694
277434819293694	277434837284267	277434819687756
277434825108642	277434845497912	277434825535256
277434841778954	277434853711245	277434842135881
277434858462131	277434870141245	277434858928850
277434875135100	277434886567547	277434875569736
277434891786663	277434902996401	277434892323954
277434908470673	277434919424683	277434908987704
277434925132392	277434935851349	277434925473642
277434941808225	277434960487391	277434942316454
277434958424736	277434976915047	277434958935361
277434975093538	277434993342078	277434975667288
277434991759631	277435009768745	277434992326923
277435008416298	277435026194735	277435008945986
277435025101194	277435042622964	277435025440881
277435041745673	277435059050776	277435042379944
277435058422600	277435075479006	277435059006663
277435075083694	277435091904370	277435075697288
277435091757548	277435108329787	277435092271819
277435111937861	277435124756454	277435112320413
277435125083225	277435141182079	277435125347131
277435141815256	277435157607704	277435142180569
277435158554163	277435174034266	277435159036923
277435175241975	277435190459735	277435175739163
277435191903225	277435206886142	277435192379006
277435208548850	277435223311922	277435209031767
277435225184788	277435239736454	277435225555985
277435241908485	277435256162808	277435242403225
277435258557704	277435272592287	277435259041506
277435275168225	277435289021453	277435275594163
277435291917444	277435305449839	277435292427704
277435308555673	277435321880047	277435308956194
277435325199319	277435338309266	277435325776975
277435341825673	277435354737808	277435342249892
277435358560412	277435371166818	277435358973798
277435375194787	277435387594423	277435375682079
277435391818798	277435404022547	277435392247912
277435411453694	277435428665985	277435411852444
277435425190048	277435436880672	277435425556194
277435441870985	277435453307547	277435442364787
277435458578798	277435469733589	277435459054631
277435475258225	277435486161558	277435475756194
277435491863537	277435502588537	277435492304319
277435508600048	277435519016349	277435509071975
277435525238329	277435535442130	277435525646350
277435541922912	277435560081818	277435542416194
277435558579944	277435576507547	277435559078225
277435575241194	277435592933589	277435575736037
277435591945412	277435609360620	277435592392287
277435608500048	277435625788589	277435608945725
277435625199735	277435642215776	277435625696194
277435641903694	9223372036854775807	277435642522339

POLL t=238.1 tick=2363
8333333
277444282963013	277444300843950	277444283351451
277444292025097	277444309059419	277444292780513
277444313751607	277444325489628	277444314125097
277444325373378	277444341919575	277444325883534
277444342051451	277444358350253	277444342552128
277444358724888	277444374780149	277444359214888
277444375353378	277444391209523	277444375857440
277444392072128	277444407639002	277444392531607
277444408696138	277444424067805	277444409198169
277444425361347	277444440499471	277444425911607
277444442027909	277444456930356	277444442535044
277444458703482	277444473361502	277444459204419
277444475366815	277444489793742	277444475871972
277444492052284	277444506224524	277444492525409
277444508743013	277444522659575	277444509247284
277444525371971	277444539093116	277444525937284
277444542038065	277444555527179	277444542586346
277444558708221	277444571960460	277444559205513
277444575367128	277444588389992	277444575871034
277444592106763	277444604819575	277444592546815
277444608706763	277444621250200	277444609210096
277444628693482	277444645899158	277444629089784
277444642038013	277444654115773	277444642442596
277444658705721	277444670546502	277444659135565
277444675358690	277444686979367	277444675789419
277444692045565	277444703411398	277444692496659
277444708743951	277444719844159	277444709251503
277444725376190	277444736275721	277444725873534
277444742042701	277444752704575	277444742551034
277444758708846	277444769134263	277444759214628
277444775368378	277444793784992	277444775878326
277444792093065	277444810218585	277444792554159
277444808707701	277444826653377	277444809216971
277444825370669	277444843085357	277444825946763
277444842046034	277444859516033	277444842567232
277444858701919	277444875946919	277444859236659
277444875333169	277444892378377	277444875910982
277444892058534	277444908806398	277444892593690
277444908708534	277444925236554	277444909209784
277444925374471	277444941667492	277444925883638
277444942034159	277444958097960	277444942489315
277444963610200	277444974528273	277444964091034
277444975379107	277444990955565	277444975744315
277444992065721	277445007383585	277444992469940
277445008700096	277445023812960	277445009174471
277445025366503	277445040242596	277445025813794
277445042032909	277445056671138	277445042499732
277445058700825	277445073102231	277445059145982
277445075364888	277445089535721	277445075816034
277445092057284	277445105966294	277445092484628
277445108698950	277445122396190	277445109144263
277445125339263	277445138827387	277445125797596
277445141993065	277445155255044	277445142450878
277445158643950	277445171683794	277445159101659
277445175325565	277445188113950	277445175853325
277445192055096	277445204546190	277445192579784
277445208667440	277445220978585	277445209230409
277445225364471	277445237410252	277445225878534
277445242011971	277445253840564	277445242577388
277445258665982	277445270271190	277445259269940
277445275331659	277445286701606	277445275838534
277445295484002	277445311344575	277445295893846
277445308692544	277445319558742	277445309129159
277445325331815	277445335989992	277445325851659
277445342004471	277445360640460	277445342515565
277445358669002	277445377071814	277445359289575
277445375333221	277445393503742	277445375850200
277445391996034	277445409933846	277445392511190
277445408653794	277445426364263	277445409190252
277445425320982	277445442794992	277445425855721
277445442002284	277445459224783	277445442527284
277445458669732	277445475653794	277445459195721
277445475345565	277445492084731	277445475991034
277445492025200	277445508517439	277445492540513
277445508733377	277445524950356	277445509262752
277445525398950	277445541382387	277445525929627
277445542070669	277445557816085	277445542595565
277445558804627	277445574247804	277445559311190
277445575468638	277445590683012	277445576074159
277445592173846	277445607117752	277445592693221
277445608808377	277445623552491	277445609297231
277445628825877	277445639988377	277445629197284
277445642126346	277445656421137	277445642537544
277445658796659	277445672852387	277445659227127
277445675452075	277445689284835	277445675934263
277445692142440	277445705717335	277445692569471
277445708803481	277445722147804	277445709302284
277445725478169	277445738576658	277445725981190
277445742138065	277445755007335	277445742643013
277445758803846	277445771438377	277445759313013
277445775465981	277445787869731	277445775966815
277445792184002	277445804300096	277445792693377
277445808807700	277445820732440	277445809318013
277445825473690	277445837164940	277445825984783
277445842179888	277445853599366	277445842675044
277445858784263	277445870032127	277445859211658
277445875512700	277445886463220	277445875992908
277445892232127	277445902891346	277445892623013
277445908970877	277445927534679	277445909442908
277445925547544	277445943962752	277445926045096
277445942221919	277445960395981	277445942797908
277445962364783	277445976825251	277445962757856
277445975506033	277445993255356	277445975879263
277445992306138	277446009684522	277445992788065
277446008799940	277446026115460	277446009232752
277446025538638	277446042546397	277446026108690
277446042218377	277446058979105	277446042702596
277446058899783	277446075411553	277446059370408
277446075557752	277446091841554	277446076064888
277446092317440	277446108268690	277446092767075
277446108853065	277446124698168	277446109279002
277446125557388	277446141129523	277446126046033
277446142261033	277446157559315	277446142751190
277446158904575	277446173990669	277446159386815
277446175561815	277446190421762	277446176162752
277446192194783	277446206851762	277446192715252
277446208909575	277446223282127	277446209373325
277446225538690	277446239713117	277446225963950
277446242253377	277446256144366	277446242728481
277446258940096	277446272572074	277446259417752
277446285826658	277446297216606	277446286224887
277446292187231	277446305431658	277446292541919
277446308866137	277446321863794	277446309251190
277446325506346	277446338293429	277446325926971
277446342227127	277446354724835	277446342642856
277446358840408	277446371158480	277446359251815
277446375551137	9223372036854775807	277446376122908

POLL t=248.8 tick=2401
8333333
277455009123842	277455023379258	277455009627280
277455039358374	277455056242592	277455039788165
277455042428842	277455064457800	277455042782592
277455059093061	277455072672696	277455059477853
277455075791186	277455089100560	277455076309780
277455092489780	277455105530248	277455092976134
277455109131342	277455121957280	277455109632072
277455125815717	277455138387853	277455126339572
277455142471342	277455154818008	277455143028842
277455159137592	277455171247124	277455159647280
277455175801967	277455187677383	277455176348947
277455192480717	277455204107436	277455192965249
277455209132124	277455220538113	277455209644259
277455225808530	277455236968478	277455226310978
277455242495197	277455253399363	277455242984780
277455259130249	277455269829936	277455259636342
277455275799467	277455286261759	277455276328842
277455292462905	277455302693581	277455292977749
277455309128947	277455327345352	277455309626655
277455338212280	277455351996238	277455338607384
277455342440353	277455360212124	277455342742072
277455359108322	277455376644571	277455359471290
277455375789780	277455393079624	277455376287592
277455392459259	277455409514362	277455392985717
277455409121499	277455425948946	277455409753894
277455425794155	277455442381707	277455426293947
277455442467280	277455458814935	277455443003165
277455459139467	277455475248477	277455459672124
277455475784936	277455491684051	277455476329728
277455492481186	277455508115977	277455492950092
277455509116134	277455524551342	277455509614311
277455525766186	277455540986133	277455526264155
277455542421759	277455557423373	277455542927280
277455559093217	277455573862279	277455559599936
277455575760874	277455590298060	277455576256759
277455592429571	277455606734467	277455592935717
277455609089936	277455623168008	277455609606759
277455636796290	277455647820144	277455637153374
277455645663061	277455656038061	277455646102592
277455659123686	277455672472748	277455659493634
277455675803946	277455688906133	277455676322123
277455692495092	277455705340300	277455693013686
277455709139936	277455721776237	277455709645665
277455725798634	277455738211863	277455726303530
277455742469936	277455754646967	277455743000248
277455759134571	277455771081341	277455759641915
277455775796290	277455787513894	277455776301342
277455792468478	277455803946446	277455792970248
277455809136186	277455820378373	277455809643009
277455825798165	277455836809414	277455826317540
277455842466342	277455853239988	277455842982592
277455859132280	277455877884570	277455859632592
277455875793634	277455894314362	277455876296655
277455892493009	277455910746081	277455893007228
277455909138165	277455927176654	277455909658686
277455940022905	277455951822904	277455940405717
277455942430196	277455960038686	277455942752540
277455959111759	277455976472175	277455959489155
277455975800248	277455992904154	277455976296655
277455992465092	277456009338008	277455993261863
277456009135092	277456025771394	277456009643998
277456025803530	277456042203321	277456026320405
277456042469936	277456058633477	277456042986446
277456059134259	277456075066498	277456059656342
277456075804623	277456091496966	277456076312384
277456092519623	277456107926914	277456093024467
277456109136290	277456124358894	277456109649311
277456125819936	277456140789415	277456126369467
277456142495040	277456157222019	277456142986811
277456159147384	277456173652123	277456159653477
277456175813217	277456190082331	277456176310509
277456192483686	277456206513841	277456193031655
277456209140665	277456222945248	277456209690665
277456236640352	277456247601133	277456236989415
277456242470248	277456255819727	277456242878530
277456259138842	277456272254362	277456259521186
277456275835092	277456288689936	277456276326811
277456292486655	277456305126133	277456292987280
277456309146342	277456321559362	277456309714467
277456325820977	277456337991654	277456326329936
277456342485404	277456354423633	277456343054936
277456359153373	277456370856445	277456359720404
277456375841342	277456387288009	277456376327904
277456392503790	277456403720717	277456392998529
277456409152592	277456420154258	277456409666759
277456425822436	277456444805977	277456426341186
277456442480665	277456461241654	277456443060873
277456459147071	277456477677800	277456459650248
277456475818373	277456494111915	277456476251342
277456492520665	277456510547904	277456492965248
277456509142123	277456526983216	277456509598790
277456536256811	277456551637696	277456536650404
277456542493009	277456559855092	277456542748477
277456567428009	277456584503373	277456567810665
277456575803946	277456592719674	277456576607592
277456592475404	277456609154206	277456592931967
277456609189779	277456625586914	277456609624154
277456625872904	277456642023373	277456626307696
277456642539467	277456658457800	277456642980404
277456659199259	277456674894831	277456659641967
277456675887123	277456691330716	277456676298009
277456692565248	277456707764519	277456692982540
277456709237852	277456724198737	277456709732696
277456725889727	277456740636289	277456726315821
277456742582436	277456757069883	277456743058842
277456759259623	277456773503737	277456759736186
277456775901498	277456789939570	277456776385977
277456792563686	277456806373946	277456793049883
277456809224779	277456822809623	277456809701811
277456841117592	277456855681237	277456841513790
277456842436811	277456863898633	277456842757592
277456859159936	277456872116966	277456859536186
277456875829467	277456888550821	277456876218165
277456892608529	277456904986237	277456893115352
277456909250248	277456921423216	277456909805248
277456925945248	277456937854988	277456926407748
277456942604311	277456954290091	277456943089154
277456959239311	277456970725768	277456959756498
277456975874623	277456987161966	277456976332123
277456992634935	277457003597019	277456993126810
277457009246654	277457020032643	277457009726133
277457025919102	277457036467591	277457026400248
277457042512435	277457061116550	277457042938842
277457059203321	277457077549727	277457059627592
277457075967123	277457093985403	277457076427904
277457092577852	277457110421549	277457092995092
277457109224623	277457126856289	277457109636602

POLL t=259.5 tick=2443
8333333
277465777554463	277465795569567	277465778056026
277465794225870	277465812001182	277465794738057
277465817122588	277465828431702	277465817522068
277465827554880	277465844863265	277465827933005
277465849118682	277465861293681	277465849482588
277465860900401	277465877725505	277465861539724
277465877527120	277465894154567	277465878069411
277465894296182	277465910582483	277465894675713
277465910891755	277465927013890	277465911397432
277465927559411	277465943445088	277465928124307
277465944254151	277465959878578	277465944751338
277465960897588	277465976309046	277465961396651
277465977554932	277465992739671	277465978048786
277465994233370	277466009169046	277465994732692
277466010917901	277466025602067	277466011492432
277466027563057	277466042033265	277466028071755
277466044256026	277466058463057	277466044815557
277466060906442	277466074893161	277466061461963
277466077566338	277466091323577	277466078124724
277466094232901	277466107754827	277466094743057
277466117309776	277466132403994	277466117701755
277466127563370	277466140620139	277466127980661
277466144280401	277466157051546	277466144811963
277466160907276	277466173484515	277466161473786
277466177566963	277466189919202	277466178132901
277466194239567	277466206352379	277466194735557
277466210903161	277466222783004	277466211406442
277466227567692	277466239214983	277466228068994
277466244233213	277466255647379	277466244742901
277466260911807	277466272082900	277466261421755
277466277568213	277466288515452	277466278069724
277466294233161	277466304946911	277466294735869
277466311003526	277466321380400	277466311504932
277466327591755	277466346031650	277466328130817
277466344253317	277466362464671	277466344768057
277466360906755	277466378898265	277466361417380
277466377566130	277466395331546	277466378082536
277466394233161	277466411763994	277466394740869
277466414727588	277466428198317	277466415120192
277466427570244	277466444633004	277466427995036
277466444268630	277466461066807	277466444780974
277466460903942	277466477500765	277466461406182
277466477574255	277466493935140	277466478083057
277466494237067	277466510369567	277466494746911
277466510900192	277466526801130	277466511412588
277466527581599	277466543234098	277466528210817
277466544245088	277466559668994	277466544748994
277466560905036	277466576104463	277466561417744
277466577571286	277466592537692	277466578135557
277466594239776	277466608972431	277466594806494
277466610920557	277466625409723	277466611431494
277466627575244	277466641843525	277466628084151
277466644243213	277466658277587	277466644747276
277466660905192	277466674711546	277466661413005
277466677576442	277466691147952	277466678076807
277466694243369	277466707583108	277466694795661
277466714279567	277466732235921	277466714676026
277466727559255	277466740454150	277466728049098
277466744252588	277466756889515	277466744692119
277466760900713	277466773326442	277466761348786
277466777565869	277466789763056	277466778013994
277466794234150	277466806200869	277466794682275
277466810917588	277466822637536	277466811411807
277466827573942	277466839072483	277466828090036
277466844234880	277466855507588	277466844731286
277466860932588	277466871942952	277466861388682
277466877573682	277466888378421	277466878017900
277466894242380	277466904816077	277466894692588
277466910908161	277466921251494	277466911351807
277466927571130	277466945901910	277466928028525
277466944238213	277466962334879	277466944710400
277466960909723	277466978768108	277466961419150
277466977575400	277466995199983	277466978087067
277467004603161	277467019852483	277467004977275
277467010887848	277467028068889	277467011694619
277467037168525	277467052714775	277467037619411
277467044225088	277467060929775	277467045263057
277467060893630	277467077359462	277467061329098
277467077576755	277467093793004	277467078083630
277467094244567	277467110227431	277467094752432
277467110918473	277467126657536	277467111416650
277467127588682	277467143090087	277467128153057
277467144255713	277467159523525	277467144756442
277467160914723	277467175958056	277467161420400
277467177587744	277467192390713	277467178088525
277467194258213	277467208822067	277467194795505
277467210927380	277467225255035	277467211418786
277467227592432	277467241689254	277467228096963
277467244282536	277467258122066	277467244751025
277467260927900	277467274554307	277467261431963
277467277591182	277467290986494	277467278090400
277467302974567	277467315633317	277467303367900
277467310905348	277467323849879	277467311289411
277467327594932	277467340282639	277467327962744
277467344270244	277467356716025	277467344770088
277467360985088	277467373152222	277467361472900
277467377628473	277467389585139	277467378044932
277467394359723	277467406018994	277467394836182
277467411009932	277467422452118	277467411495244
277467427686494	277467438885399	277467428192275
277467444347692	277467455320088	277467444812900
277467461011963	277467471753785	277467461512275
277467477696598	277467488186441	277467478172275
277467494344567	277467512841649	277467494821754
277467510926754	277467529279775	277467511336650
277467527691286	277467545719514	277467528194306
277467544340088	277467562158785	277467544818369
277467561020244	277467578594514	277467561505713
277467577623942	277467595032066	277467578022119
277467602451286	277467619689046	277467602850973
277467611027900	277467627909098	277467611335400
277467627597900	277467644348993	277467628029306
277467644332744	277467660788629	277467644812379
277467661109567	277467677226181	277467661599254
277467677620556	277467693664931	277467678110192
277467694296129	277467710104514	277467694791754
277467710965556	277467726544358	277467711386494
277467727726650	277467742984722	277467728189567
277467744333994	277467759422744	277467744805713
277467760979411	277467775857848	277467761465192
277467777712588	277467792292327	277467778213317
277467794362744	277467808724150	277467794839306
277467811008056	277467825158004	277467811487119
277467827663213	277467841593733	277467828080556
277467844443629	277467858030296	277467844906494
277467860926129	277467874467900	277467861379150
277467877687431	277467890905816	277467878239411

POLL t=270.3 tick=2508
8333333
277476528156282	277476543589771	277476528650501
277476544754772	277476560018990	277476545256959
277476561418209	277476576451803	277476561924251
277476578059616	277476592884042	277476578433209
277476594752063	277476609316438	277476595258001
277476611407584	277476625748886	277476611773834
277476635272428	277476650398626	277476635674876
277476644740865	277476658616021	277476645168001
277476661410501	277476675049354	277476661802740
277476678089615	277476691481125	277476678404928
277476694758522	277476707910084	277476695260865
277476711421751	277476724340083	277476711921647
277476728125709	277476740770396	277476728549615
277476744757740	277476757202063	277476745242845
277476761416959	277476773636229	277476761864928
277476778082532	277476790068677	277476778425501
277476794754303	277476806501229	277476795192584
277476811417845	277476822932063	277476811862897
277476828106334	277476839360605	277476828551334
277476844780865	277476855790865	277476845225397
277476861419303	277476872222949	277476861862897
277476878076647	277476888659563	277476878605084
277476894754251	277476905091229	277476895249772
277476917430709	277476929741437	277476917830657
277476928117063	277476946173104	277476928572115
277476944755709	277476962605292	277476945216178
277476961433522	277476979039095	277476961945501
277476978096647	277476995472271	277476978619147
277476994763626	277477011905813	277476995279303
277477011423782	277477028339198	277477012093626
277477028105032	277477044773469	277477028607740
277477044799303	277477061209666	277477045303522
277477061439251	277477077645448	277477061949928
277477078106178	277477094079303	277477078616647
277477094773001	277477110514771	277477095286022
277477111431803	277477126947792	277477111934615
277477128169407	277477143377791	277477128670240
277477144769615	277477159806854	277477145275709
277477161433522	277477176238625	277477161941647
277477178095709	277477192672011	277477178456647
277477202112740	277477217322272	277477202474719
277477214630553	277477225539928	277477215052584
277477228115969	277477241975135	277477228482740
277477244813834	277477258410396	277477245444303
277477261465188	277477274846177	277477262004407
277477278109719	277477291281386	277477278630709
277477294777584	277477307714250	277477295333521
277477311439251	277477324148938	277477311947376
277477328166178	277477340583677	277477328708834
277477344774928	277477357017376	277477345268834
277477361443209	277477373451230	277477361941178
277477378108521	277477389888416	277477378607428
277477394782376	277477406323521	277477395281178
277477411444146	277477422757479	277477411947740
277477428122115	277477439188885	277477428617896
277477444776907	277477455623677	277477445287896
277477461442740	277477480275031	277477461946646
277477489966959	277477504930292	277477490369876
277477494752532	277477513148417	277477495031751
277477511418678	277477529582375	277477511827844
277477528159928	277477546016021	277477528672584
277477544770032	277477562449823	277477545284615
277477561441490	277477578881229	277477562010240
277477578110657	277477595310552	277477578679563
277477594778678	277477611743469	277477595285657
277477611445553	277477628176750	277477611974251
277477628128782	277477644610240	277477628617896
277477644795501	277477661042166	277477645285396
277477661443001	277477677471333	277477661945865
277477678113469	277477693905136	277477678619771
277477694786907	277477710339198	277477695290396
277477711444563	277477726769979	277477711978834
277477728177063	277477743199562	277477728672896
277477744734146	277477759628678	277477745240865
277477775862896	277477792494094	277477776274563
277477778035553	277477800711229	277477778343521
277477794756646	277477808926594	277477795131803
277477811440396	277477825357896	277477811817428
277477828134771	277477841789198	277477828636594
277477844839615	277477858221282	277477845340084
277477861452584	277477874651594	277477861957428
277477878117532	277477891081802	277477878664719
277477894789875	277477907510865	277477895286021
277477911452896	277477923939823	277477912025396
277477928195032	277477940373364	277477928677740
277477944784146	277477956808156	277477945291334
277477961452115	277477973242322	277477961956125
277477978122532	277477989679302	277477978693313
277477994786334	277478006116958	277477995276490
277478011452584	277478022554666	277478012045552
277478028138209	277478038990343	277478028643365
277478044822532	277478055426073	277478045184875
277478064775865	277478080080395	277478065168209
277478078130084	277478088298729	277478078572115
277478094777427	277478112956229	277478095138157
277478111440344	277478129394042	277478111974146
277478128199250	277478145829718	277478128682115
277478144833990	277478162266541	277478145327740
277478161526282	277478178702635	277478162008469
277478178207271	277478195138625	277478178688052
277478194872115	277478211572791	277478195362271
277478211544146	277478228009458	277478212006646
277478228198469	277478244446385	277478228660709
277478244875084	277478260880760	277478245374615
277478261542532	277478277315187	277478262007271
277478278196907	277478293751438	277478278671959
277478294879146	277478310189563	277478295353677
277478311497740	277478326623469	277478311984563
277478328160657	277478343057479	277478328539927
277478352544927	277478367709771	277478352955240
277478361466490	277478375926541	277478361852375
277478384147375	277478400575500	277478384480396
277478394798781	277478408793781	277478395218313
277478411467427	277478425225291	277478411918938
277478428230813	277478441655656	277478428634146
277478444890240	277478458085396	277478445294927
277478461537584	277478474518469	277478461956281
277478478211021	277478490951125	277478478692427
277478494862740	277478507384354	277478495370344
277478511527427	277478523819041	277478511941594
277478528336959	277478540255344	277478528810500
277478544912063	277478556693729	277478545367115
277478561560865	277478573130240	277478562034146
277478578238052	277478589569770	277478578728521
277478594908469	277478606008833	277478595381906
277478611523938	277478622446333	277478611937583
277478628246021	277478638882583	277478628749875

POLL t=281.1 tick=2553
8333333
277487301798466	277487315891017	277487302260393
277487312481122	277487324106173	277487312918466
277487329143778	277487340539715	277487329598049
277487345809299	277487356974767	277487346247528
277487362473518	277487373410704	277487362916174
277487379170549	277487398064767	277487379671122
277487395808830	277487414500340	277487396262580
277487412479768	277487430935080	277487412982111
277487429145028	277487447368674	277487429675393
277487445810080	277487463803830	277487446313674
277487462476486	277487480240027	277487463039872
277487479145080	277487496673413	277487479664091
277487495821643	277487513105861	277487496329768
277487512457111	277487529536382	277487512975653
277487529147268	277487545968777	277487529712580
277487545811174	277487562402163	277487546328153
277487577477580	277487595270184	277487577871330
277487579072268	277487603488257	277487579385497
277487595784247	277487611706538	277487596177684
277487612467840	277487628141381	277487612988622
277487629154768	277487644574350	277487629705236
277487645828465	277487661005548	277487646334247
277487662493674	277487677437788	277487663037528
277487679155705	277487693870445	277487679658986
277487695819768	277487710302476	277487696316434
277487712484611	277487726736746	277487712989715
277487729153518	277487743168360	277487729661799
277487745823049	277487759602579	277487746370236
277487762487424	277487776036017	277487762993465
277487779152215	277487792470340	277487779657424
277487795827580	277487808903674	277487796345080
277487812482840	277487825340704	277487812990184
277487829155549	277487841781382	277487829661486
277487853427736	277487866438569	277487853797528
277487865819247	277487882880392	277487866289299
277487879140861	277487891100287	277487879546799
277487895821799	277487907538360	277487896357424
277487912485705	277487923976382	277487913000392
277487929158153	277487940412996	277487929671955
277487945829559	277487956848048	277487946332580
277487962483674	277487973281694	277487962994872
277487979152424	277487989717475	277487979663622
277487995817736	277488014370704	277487996350028
277488012488205	277488030804402	277488013004767
277488029142892	277488047235965	277488029671122
277488045828361	277488063669402	277488046336174
277488062484924	277488080105548	277488063003205
277488079157267	277488096541226	277488079681017
277488095822736	277488112976798	277488096337111
277488112492424	277488129411903	277488113117424
277488133918986	277488145844403	277488134324611
277488145822580	277488162279403	277488146193986
277488162508986	277488178716642	277488163008778
277488179161486	277488195151954	277488179668517
277488195827267	277488211586017	277488196321017
277488212530549	277488228023100	277488213037059
277488229156278	277488244460965	277488229677111
277488245827267	277488260894559	277488246323674
277488262511746	277488277328777	277488263008205
277488279165549	277488293765080	277488279710340
277488295825080	277488310200288	277488296327111
277488312489924	277488326635340	277488312994246
277488329153309	277488343069715	277488329672528
277488345831486	277488359503048	277488346352215
277488362500392	277488375934142	277488363000861
277488379162528	277488392366173	277488379661174
277488395832736	277488408795340	277488396374299
277488415878309	277488433443256	277488416271330
277488429148986	277488441659507	277488429525653
277488445804767	277488458092163	277488446171903
277488462509142	277488474522580	277488462948621
277488479160340	277488490951017	277488479603153
277488495812267	277488507380548	277488496249246
277488512444767	277488523812058	277488512901330
277488529100809	277488540240652	277488529555653
277488545762267	277488556668464	277488546215340
277488562431642	277488573096642	277488562903205
277488579095392	277488589527996	277488579559298
277488595760340	277488605960756	277488596233517
277488612449455	277488630610132	277488612925184
277488629104298	277488647044506	277488629589767
277488645758205	277488663477735	277488646263934
277488662433830	277488679910184	277488662939923
277488687944611	277488704559246	277488688346330
277488695819455	277488712775704	277488696517267
277488712478986	277488729206537	277488712955444
277488729178153	277488745636277	277488729744767
277488745847059	277488762064558	277488746354142
277488762501955	277488778492371	277488763012892
277488779167996	277488794922579	277488779681017
277488795842580	277488811352787	277488796374403
277488812536121	277488827786590	277488813045184
277488829170392	277488844219038	277488829685236
277488845839611	277488860651069	277488846350392
277488862511955	277488877082631	277488863006590
277488879207215	277488893513048	277488879755392
277488895902267	277488909943777	277488896368309
277488912546434	277488926376382	277488912966121
277488929281955	277488942808361	277488929761277
277488945884767	277488959240756	277488946369402
277488966498934	277488983885183	277488966877840
277488996397371	277489008530288	277488996760184
277488996871486	277489016746902	277488996967892
277489013372059	277489024962735	277489013789455
277489030062892	277489041395183	277489030484246
277489046788986	277489057829089	277489047297371
277489063460705	277489074262891	277489063926955
277489080188934	277489090696173	277489080655548
277489096769454	277489107129767	277489097276277
277489113422111	277489131782214	277489113905079
277489130093673	277489148215809	277489130586798
277489146712423	277489164650079	277489147264923
277489163391329	277489181087996	277489163885704
277489180136642	277489197523360	277489180610340
277489196762423	277489213956954	277489197237267
277489213366642	277489230388829	277489213784715
277489230061173	277489246821746	277489230515236
277489249973204	277489263256537	277489250364298
277489263391902	277489279689402	277489263750079
277489280114090	277489296123933	277489280575652
277489296769611	277489312558047	277489297233517
277489313395027	277489328992684	277489313892371
277489330158673	277489345427839	277489330657527
277489346742684	277489361861121	277489347242059
277489363408517	277489378295079	277489363821329
277489380065027	277489394728517	277489380453829
277489396781590	9223372036854775807	277489397283621

POLL t=291.8 tick=2598
8333333
277498047409295	277498063592576	277498047904607
277498064069451	277498080022680	277498064663930
277498080711430	277498096453357	277498081244868
277498097366326	277498112882576	277498097889243
277498114024764	277498129312055	277498114576951
277498130693357	277498145742107	277498131262524
277498147349764	277498162171273	277498147858670
277498164049607	277498178599971	277498164537993
277498180701014	277498195028096	277498181205076
277498197358357	277498211458252	277498197868201
277498214019607	277498227887524	277498214568982
277498230682107	277498244317158	277498231195493
277498247361482	277498260748148	277498247953045
277498267408670	277498285392992	277498267810076
277498280687524	277498293608826	277498281072368
277498297359295	277498310039294	277498297923982
277498314028045	277498326471586	277498314606743
277498330693670	277498342905023	277498331316118
277498347364295	277498359334398	277498347928201
277498364055649	277498375764138	277498364552107
277498380722576	277498392191846	277498381208513
277498397363045	277498408622158	277498397888618
277498414028513	277498425053825	277498414554138
277498430689243	277498441485909	277498431240857
277498447354399	277498457918096	277498447883930
277498464086951	277498474347940	277498464600545
277498480693201	277498498990961	277498481216482
277498497361482	277498515422471	277498497905961
277498514028305	277498531853513	277498514561795
277498539056482	277498556497732	277498539455649
277498547366326	277498564713461	277498547867003
277498564067732	277498581142732	277498564441170
277498580696430	277498597572888	277498581156951
277498597358513	277498614002367	277498597806795
277498614092524	277498630431065	277498614475701
277498630752263	277498646858721	277498631200545
277498647407993	277498663287159	277498647855388
277498664131482	277498679717211	277498664575024
277498680751638	277498696146378	277498681201170
277498697417107	277498712574503	277498697859451
277498714091117	277498729002888	277498714538357
277498730759138	277498745433773	277498731211430
277498747424295	277498761861898	277498747881482
277498764119086	277498778288981	277498764564555
277498780825857	277498794718148	277498781329867
277498809017263	277498819360805	277498809414451
277498814090701	277498827576638	277498814500024
277498830763201	277498844007732	277498831134295
277498847435961	277498860439086	277498847938513
277498864169920	277498876871065	277498864668201
277498880781795	277498893301794	277498881284138
277498897437992	277498909734190	277498897951170
277498914108149	277498926163825	277498914609919
277498930774607	277498942594398	277498931274294
277498947437732	277498959025440	277498948056638
277498964127888	277498975455544	277498964624086
277498980774763	277498991885440	277498981289138
277498997441169	277499008316012	277498997953669
277499014107992	277499032960752	277499014620232
277499030774451	277499049389919	277499031350024
277499047438669	277499065818721	277499047961430
277499064152576	277499082249554	277499064531638
277499084139867	277499098681377	277499084535336
277499097440076	277499115113513	277499097803357
277499114117992	277499131542419	277499114623669
277499130779711	277499147971585	277499131281638
277499147441117	277499164401950	277499147945076
277499164132263	277499180834346	277499164650805
277499180830388	277499197265336	277499181334607
277499197450857	277499213695857	277499197958357
277499214100857	277499230127731	277499214613201
277499230745701	277499246560231	277499231273357
277499247400024	277499262994346	277499247918305
277499264136742	277499279425544	277499264641274
277499280723982	277499295855856	277499281238669
277499297384607	277499312284189	277499297897732
277499314047836	277499328712054	277499314562732
277499330722836	277499345137002	277499331236899
277499351215961	277499369774554	277499351614086
277499379952211	277499394413929	277499380448201
277499380750701	277499402627367	277499381173773
277499397485805	277499410841013	277499398011951
277499414190232	277499427268981	277499414688826
277499430831638	277499443697315	277499431334242
277499447494086	277499460127836	277499448071013
277499464221326	277499476558356	277499464737888
277499480830857	277499492986742	277499481344451
277499497497888	277499509412992	277499498046951
277499514163773	277499525841846	277499514669294
277499530829607	277499542270388	277499531358982
277499547491013	277499558698877	277499548034607
277499564199763	277499575125127	277499564682419
277499580834711	277499591552523	277499581343044
277499597498825	277499607980752	277499598022263
277499624902263	277499640837679	277499625295075
277499630815075	277499649052471	277499631105857
277499647488357	277499665482158	277499647855075
277499664319919	277499681911898	277499664797575
277499680892419	277499698340439	277499681376169
277499697556638	277499714769346	277499698060700
277499714221169	277499731197679	277499714699450
277499730883930	277499747626169	277499731330075
277499747560075	277499764055856	277499748082107
277499764268930	277499780484554	277499764746273
277499780867575	277499796912575	277499781347575
277499797511482	277499813341585	277499797930700
277499814219763	277499829770857	277499814699607
277499830871794	277499846198044	277499831278305
277499847526273	277499862626689	277499847927419
277499864322732	277499879052419	277499864752107
277499880925023	277499895481533	277499881356794
277499901079867	277499911910752	277499901464867
277499914223669	277499928339814	277499914586950
277499930913044	277499944769919	277499931335075
277499947562888	277499961199242	277499947994763
277499964272263	277499977628148	277499964670232
277499980913461	277499994053721	277499981349919
277499997596638	277500010481221	277499998017419
277500014260232	277500026909554	277500014694763
277500030929398	277500043339710	277500031375023
277500047521638	277500059768565	277500048020023
277500064329711	277500076196638	277500064797367
277500080984138	277500092624502	277500081468357
277500097665075	277500109052107	277500098135075
277500114284607	277500125480856	277500114695232
277500130868200	277500141911324	277500131286482
277500147526169	9223372036854775807	277500147917054

POLL t=302.6 tick=2644
8333333
277508781976478	277508793737363	277508782441634
277508798647416	277508810171478	277508799097572
277508815300853	277508826604134	277508815755697
277508831971478	277508843036843	277508832466478
277508848638457	277508859469186	277508849089447
277508865298197	277508875899915	277508865712989
277508881972103	277508892332416	277508882425384
277508898637416	277508916980645	277508899079603
277508915305332	277508933412623	277508915820645
277508931977416	277508949844759	277508932520697
277508948673353	277508966276061	277508949245228
277508965262103	277508982705800	277508965793614
277508981983978	277508999139082	277508982499291
277508998638978	277509015572572	277508999315853
277509018641634	277509032006270	277509019043770
277509031972572	277509048440593	277509032359603
277509048666478	277509064872780	277509049147676
277509065334707	277509081305384	277509065839395
277509081989239	277509097737363	277509082491114
277509098654447	277509114168769	277509099151947
277509115321791	277509130599239	277509115824082
277509131985332	277509147026894	277509132485645
277509148704239	277509163452832	277509149222103
277509165334707	277509179880228	277509165807728
277509181994603	277509196309029	277509182493666
277509198658666	277509212738874	277509199157884
277509215325697	277509229170280	277509215819447
277509231996113	277509245602988	277509232491738
277509248663197	277509262037936	277509249193301
277509265341426	277509278469863	277509265849916
277509285479551	277509303121477	277509285873197
277509298641166	277509311340124	277509299010853
277509315348353	277509327773561	277509315848509
277509331992259	277509344206894	277509332532572
277509348659134	277509360641061	277509349159551
277509365336166	277509377075540	277509365826791
277509382005853	277509393507467	277509382522416
277509398668353	277509409937831	277509399191478
277509415328665	277509426367102	277509415838197
277509431996009	277509442798873	277509432546165
277509448663509	277509459231165	277509449164915
277509465326113	277509483875228	277509465841478
277509481992832	277509500304446	277509482506895
277509498656582	277509516733144	277509499232884
277509515320801	277509533162207	277509515855697
277509531989863	277509549591373	277509532495384
277509551939603	277509566019967	277509552328040
277509580087207	277509598879082	277509580470540
277509581912415	277509607094342	277509582208665
277509598649447	277509615308665	277509599271895
277509615336009	277509631739654	277509615848509
277509632048040	277509648169186	277509632511322
277509648659603	277509664596529	277509649179290
277509665325853	277509681025748	277509665832363
277509682001165	277509697456165	277509682508665
277509698665020	277509713884550	277509699208197
277509715324134	277509730310644	277509715822832
277509731999134	277509746736790	277509732490853
277509748667259	277509763163874	277509749164134
277509765323926	277509779591946	277509765828926
277509782005384	277509796019030	277509782499863
277509798668665	277509812446478	277509799216634
277509820879134	277509837090904	277509821274447
277509831982519	277509845306686	277509832351322
277509848661269	277509861738196	277509849090540
277509865326322	277509878168144	277509865763978
277509881968509	277509894600384	277509882480176
277509898675228	277509911030436	277509899184759
277509915337832	277509927466321	277509915845384
277509932038926	277509943898144	277509932515384
277509948700853	277509960329654	277509949207728
277509965337988	277509976759862	277509965851947
277509982007884	277509993192675	277509982517103
277509998673197	277510009626425	277509999174290
277510015338353	277510026059602	277510015843978
277510032040176	277510042492988	277510032504134
277510048675957	277510067139706	277510049180384
277510065315384	277510083568248	277510065688978
277510091311582	277510108207467	277510091701582
277510098649915	277510116421477	277510098942832
277510115319759	277510132849342	277510115695384
277510131996321	277510149275540	277510132461634
277510148706894	277510165703248	277510149165071
277510165321790	277510182132623	277510165829446
277510181993926	277510198564759	277510182474915
277510198666165	277510214995696	277510199110540
277510215334446	277510231428144	277510215781478
277510231992832	277510247861060	277510232442415
277510248665696	277510264292623	277510249115488
277510265346321	277510280724550	277510265804082
277510282002571	277510297161269	277510282442103
277510298674759	277510313597779	277510299115540
277510315337676	277510330033769	277510315825176
277510332031582	277510346469446	277510332515071
277510360328978	277510371120748	277510360719238
277510365292728	277510379337050	277510365676165
277510382026426	277510395769862	277510382425853
277510398757207	277510412202831	277510399217571
277510415446009	277510428637988	277510415942728
277510432161634	277510445071946	277510432610228
277510448783301	277510461503560	277510449291946
277510465397519	277510477937571	277510465903301
277510482066321	277510494370071	277510482471790
277510498731321	277510510802102	277510499129915
277510515442050	277510527236633	277510515917728
277510532107832	277510543667988	277510532572207
277510548797832	277510560099706	277510549207103
277510565477103	277510576532258	277510565951946
277510582126478	277510592966946	277510582618196
277510598775228	277510609402570	277510599263821
277510615497050	277510634055800	277510616081009
277510635382363	277510650491216	277510635781321
277510663665175	277510675144446	277510664069915
277510665303353	277510683362310	277510665649394
277510682037050	277510699797518	277510682469915
277510698718196	277510716234498	277510699176009
277510715391790	277510732670800	277510715815488
277510732092884	277510749105852	277510732567832
277510748728977	277510765537675	277510749312519
277510765408821	277510781970019	277510765818769
277510782081477	277510798400019	277510782499602
277510798737727	277510814831790	277510799152102
277510815414290	277510831266113	277510815835540
277510832133040	277510847699602	277510832611009
277510848753040	277510864134393	277510849153509
277510865372884	277510880569029	277510865801790
277510882112207	9223372036854775807	277510882587363

POLL t=313.3 tick=2690
8333333
277519532471005	277519549411213	277519532980693
277519549138037	277519565846734	277519549638818
277519565808505	277519582283140	277519566308453
277519582470849	277519598720380	277519582976318
277519599135849	277519615155640	277519599638766
277519615799755	277519631594650	277519616296266
277519632474547	277519648031943	277519632968818
277519649136578	277519664469026	277519649633349
277519665803297	277519680908505	277519666301318
277519682468193	277519697348974	277519683032880
277519699130328	277519713787724	277519699696734
277519715813662	277519730228192	277519716306787
277519732478297	277519746664754	277519732979599
277519749140849	277519763100536	277519749641318
277519771274599	277519787757098	277519771668193
277519782461734	277519795975848	277519782833453
277519802542203	277519820633974	277519803140849
277519815802724	277519828854859	277519816371005
277519832479755	277519845296161	277519833004599
277519849146734	277519861737203	277519849645484
277519865827412	277519878177047	277519866315953
277519882481474	277519894614859	277519883005328
277519899146630	277519911054859	277519899644703
277519915813505	277519927494286	277519916337411
277519932517359	277519943931734	277519933001005
277519949151005	277519960369390	277519949650641
277519965820172	277519976806526	277519966371943
277519982479443	277519993243609	277519982986474
277519999141734	277520017900379	277519999644755
277520015816943	277520034340224	277520016323505
277520040594859	277520059002359	277520041000693
277520049119443	277520067221733	277520049435328
277520065794443	277520083659702	277520066150380
277520082472516	277520100095952	277520082974599
277520099146474	277520116533401	277520099657411
277520115813036	277520132971317	277520116349911
277520132504286	277520149407568	277520133186005
277520149146318	277520165845640	277520149767516
277520165817568	277520182282827	277520166319130
277520182480380	277520198720952	277520182988818
277520199140693	277520215157516	277520199651161
277520215819078	277520231591942	277520216318141
277520232485068	277520248026213	277520232986630
277520249149078	277520264460432	277520249673349
277520265816005	277520280894286	277520266320693
277520282498766	277520297329078	277520283000536
277520309065224	277520321982151	277520309569391
277520315802984	277520330199599	277520316206474
277520332491786	277520346634755	277520332861474
277520349156005	277520363067203	277520349660953
277520365831109	277520379503296	277520366341265
277520382493140	277520395939963	277520383002568
277520399143974	277520412375640	277520399653140
277520415827411	277520428813453	277520416332984
277520432493922	277520445248817	277520432995536
277520449151943	277520461685431	277520449660536
277520465834599	277520478121004	277520466326005
277520482505849	277520494556838	277520483010693
277520499173453	277520510995171	277520499652984
277520515924390	277520527430640	277520516407203
277520532584234	277520543867671	277520532999599
277520549245224	277520560303922	277520549834234
277520576564078	277520593176160	277520576972047
277520582468036	277520601394078	277520582751474
277520599147880	277520617827827	277520599508817
277520615833297	277520634261212	277520616352255
277520632493974	277520650695015	277520632997411
277520649158349	277520667130952	277520649729599
277520665825797	277520683566577	277520666339286
277520682490484	277520700002411	277520683000640
277520699153974	277520716438192	277520699660953
277520715828140	277520732873609	277520716352099
277520732533453	277520749311109	277520733184234
277520749165067	277520765749390	277520749665536
277520765826630	277520782188087	277520766333505
277520782505849	277520798624807	277520783014859
277520799162411	277520815060327	277520799673765
277520815827672	277520831497619	277520816358297
277520845474911	277520856153712	277520845869130
277520849115536	277520864372411	277520849518036
277520865826265	277520880811421	277520866189599
277520882503609	277520897247827	277520883000224
277520899160172	277520913686265	277520899662203
277520915836317	277520930124077	277520916325224
277520932547880	277520946561734	277520933050067
277520949171161	277520963002723	277520949668505
277520965840172	277520979443556	277520966328661
277520982505536	277520995880692	277520983006578
277520999162828	277521012318973	277520999708505
277521015838349	277521028755119	277521016332567
277521032506578	277521045191525	277521033006578
277521049172724	277521061627046	277521049679703
277521065839911	277521078062775	277521066342567
277521082503505	277521094498036	277521082998765
277521111700067	277521127369129	277521112065015
277521118111630	277521135587723	277521118409130
277521132461005	277521143804286	277521132840849
277521149295067	277521160241577	277521149754390
277521165941474	277521176680067	277521166418505
277521182612411	277521193115483	277521183129078
277521199225692	277521217770015	277521199715692
277521215917255	277521234203765	277521216402671
277521232574442	277521250635691	277521233052255
277521249222255	277521267067931	277521249694911
277521265927880	277521283500067	277521266424130
277521282575796	277521299932723	277521283114755
277521299180536	277521316364233	277521299605848
277521315921786	277521332795535	277521316406317
277521332552880	277521349226838	277521332980640
277521349234130	277521365658191	277521349728140
277521365935380	277521382090952	277521366406786
277521384666161	277521398523088	277521385126317
277521399191265	277521414957827	277521399609546
277521415894598	277521431392359	277521416305848
277521432603817	277521447825953	277521433082098
277521449280223	277521464259650	277521449763348
277521465971942	277521480695171	277521466449390
277521482565015	277521497131421	277521483049286
277521499238817	277521513565796	277521499735640
277521515939546	277521529999233	277521516407567
277521532614598	277521546433816	277521533093296
277521549284546	277521562869338	277521549763765
277521565955484	277521579304285	277521566431734
277521582558348	277521595738660	277521583035692
277521599215796	277521612174442	277521599626942
277521615888036	277521628611056	277521616338140
277521632631317	9223372036854775807	277521633118817

POLL t=324.1 tick=2736
8333333
277530266454908	277530280738553	277530266947043
277530283108293	277530297174908	277530283631314
277530299773970	277530313608865	277530300273293
277530316454595	277530330042042	277530316936262
277530333106262	277530346475115	277530333619283
277530349767824	277530362911573	277530350262043
277530366437095	277530379345584	277530366928032
277530383110376	277530395780219	277530383600064
277530399771574	277530412215011	277530400269907
277530416446105	277530428648500	277530416945532
277530433106470	277530445082563	277530433605220
277530449768814	277530461516782	277530450285168
277530466441470	277530477949334	277530466942095
277530494037512	277530510814490	277530494600168
277530499744595	277530519028814	277530500104751
277530516437095	277530527245323	277530516788501
277530533112564	277530543678449	277530533609595
277530549819907	277530568329282	277530550320324
277530566497824	277530584763709	277530567017564
277530583125376	277530601196470	277530583638449
277530599775220	277530617631261	277530600280168
277530616436001	277530634062094	277530616943137
277530633104699	277530650494282	277530633613345
277530649771626	277530666927198	277530650280689
277530666431887	277530683358188	277530667117720
277530683102407	277530699789334	277530683631157
277530699757251	277530716220949	277530700223345
277530716446626	277530732652511	277530716904699
277530733111157	277530749085740	277530733562824
277530761749907	277530773732668	277530762145689
277530766426470	277530781947980	277530766641418
277530783080845	277530798378240	277530783456626
277530799727980	277530814810323	277530800177095
277530816391939	277530831242459	277530816837043
277530833050324	277530847673344	277530833501001
277530849709543	277530864104594	277530850164439
277530866369386	277530880537980	277530866822095
277530883033657	277530896968865	277530883497407
277530899703345	277530913399438	277530900179386
277530916384855	277530929829647	277530916846574
277530933119595	277530946261001	277530933656470
277530949773918	277530962691834	277530950348605
277530966444282	277530979123865	277530966959439
277530983120168	277530995555688	277530983627407
277530999780689	277531011988240	277531000283501
277531029914230	277531044847094	277531030309074
277531033084855	277531053062458	277531033382876
277531049755532	277531061278135	277531050165220
277531066450793	277531077707667	277531066953918
277531083121938	277531094137510	277531083660532
277531099789855	277531110568761	277531100315532
277531116492043	277531135217459	277531116985376
277531133108188	277531151648344	277531133604699
277531149776001	277531168081260	277531150334282
277531166436626	277531184514438	277531166948813
277531183108188	277531200947615	277531183669699
277531199774438	277531217377719	277531200280220
277531216442563	277531233808657	277531216941782
277531233134595	277531250238448	277531233645688
277531249784282	277531266668709	277531250437095
277531266446886	277531283099802	277531266971418
277531283123918	277531299529178	277531283623761
277531303244751	277531315963188	277531303642980
277531316435845	277531332395948	277531316868918
277531333094907	277531348827407	277531333597199
277531349731157	277531365258292	277531350254907
277531366401470	277531381688761	277531366918449
277531383133188	277531398119230	277531383639699
277531399782355	277531414547824	277531400275949
277531416449595	277531430977198	277531416941313
277531433118657	277531447405479	277531433626470
277531449783032	277531463832614	277531450290688
277531466451574	277531480260272	277531466955636
277531483125636	277531496687459	277531483631313
277531499788917	277531513116729	277531500314751
277531516452355	277531529544855	277531516948813
277531533122824	277531545973396	277531533677251
277531549788188	277531562405115	277531550326782
277531572332251	277531587050010	277531572696938
277531583110480	277531595266157	277531583535688
277531599778605	277531611698970	277531600193032
277531616465636	277531628129333	277531617020167
277531633129386	277531644557980	277531633623449
277531649787980	277531660989385	277531650300376
277531666458970	277531677421052	277531666971470
277531683128813	277531693852302	277531683635376
277531699790532	277531710281990	277531700287251
277531716498501	277531734926730	277531717005219
277531733121157	277531751358344	277531733685792
277531749784126	277531767789438	277531750358032
277531766445219	277531784220219	277531766968292
277531783112094	277531800651312	277531783641782
277531799786157	277531817084542	277531800297355
277531816447563	277531833516573	277531816907719
277531839612407	277531849950480	277531840065376
277531849828813	277531866382875	277531850254594
277531866662355	277531882815063	277531866880532
277531883148813	277531899248136	277531883585063
277531899864751	277531915681000	277531900282355
277531916535532	277531932113396	277531916971105
277531933202876	277531948542614	277531933629699
277531949864282	277531964972823	277531950330532
277531966524386	277531981405531	277531966947042
277531983174282	277531997839386	277531983610219
277531999869126	277532014272615	277532000300219
277532016550376	277532030705635	277532016980219
277532033225688	277532047139125	277532033648136
277532049842563	277532063571573	277532050277563
277532066571626	277532080002928	277532067054230
277532083259282	277532096435531	277532083739751
277532107404074	277532121080844	277532107802980
277532116534751	277532129296469	277532116920376
277532133191417	277532145729906	277532133549907
277532149856313	277532162161782	277532150317719
277532166537563	277532178592719	277532166959438
277532183245376	277532195025062	277532183735948
277532199889751	277532211456938	277532200369073
277532216514386	277532227889177	277532216993969
277532233283917	277532244320844	277532233760063
277532249874907	277532260752302	277532250354438
277532266594386	277532277183657	277532267055688
277532283269751	277532301832823	277532283737094
277532299897563	277532318266573	277532300380376
277532316635688	277532334698864	277532317122719
277532333150688	277532351130844	277532333617407
277532349846469	277532367561729	277532350263500
277532376932719	9223372036854775807	277532377302198

POLL t=334.8 tick=2783
8333333
277541000059695	277541010993861	277541000481778
277541016694070	277541027419695	277541017155008
277541033353028	277541052061726	277541033806414
277541050040997	277541068491778	277541050556153
277541066699539	277541084919851	277541067218028
277541086820372	277541101348445	277541087232716
277541100050476	277541117778445	277541100488185
277541116699122	277541134207142	277541117235216
277541133371778	277541150636466	277541133954695
277541150034851	277541167065371	277541150557664
277541166702091	277541183493913	277541167309695
277541183370685	277541199922612	277541183893497
277541200391622	277541216350424	277541200910372
277541216757247	277541232778392	277541217260528
277541233435164	277541249207038	277541233932716
277541250103758	277541265637247	277541250612976
277541266768185	277541282067455	277541267273497
277541283447351	277541298498497	277541283945372
277541300119278	277541314928392	277541300624278
277541316776466	277541331357090	277541317277247
277541333440216	277541347787559	277541333936466
277541353459539	277541364217351	277541353856414
277541366773810	277541380646309	277541367237820
277541383448289	277541397075685	277541383947872
277541400170372	277541413504694	277541400653601
277541416773185	277541429931673	277541417304435
277541433442560	277541446357663	277541433950997
277541450103653	277541462784278	277541450610216
277541466774382	277541479211414	277541467277247
277541483447091	277541495639851	277541483943966
277541500137247	277541512066048	277541500635372
277541516771934	277541528494329	277541517272716
277541533474747	277541544921101	277541533955684
277541550141778	277541561348549	277541550707559
277541566779434	277541577775267	277541567272195
277541583463653	277541594201830	277541583965684
277541600149695	277541610629278	277541600524539
277541620161570	277541635269434	277541620561153
277541633438184	277541651696465	277541633803028
277541650107195	277541668123548	277541650620789
277541666773028	277541684550579	277541667338497
277541683442091	277541700979382	277541684050684
277541700128289	277541717406882	277541700647247
277541716816622	277541733832246	277541717334695
277541733446414	277541750257454	277541734034747
277541750106934	277541766685111	277541750613028
277541766785007	277541783114434	277541767279434
277541783444382	277541799543080	277541783953445
277541800162403	277541815971517	277541800676309
277541816761466	277541832401986	277541817284434
277541833406622	277541848832663	277541833916153
277541850067195	277541865262142	277541850589278
277541881621726	277541898121517	277541882032872
277541883370945	277541906336413	277541883676309
277541900110059	277541914550996	277541900471414
277541916783653	277541930981621	277541917287559
277541933450372	277541947414173	277541933960059
277541950119695	277541963847454	277541950622716
277541966785997	277541980280163	277541967285007
277541983449903	277541996712038	277541983957351
277542000164434	277542013143705	277542000660684
277542016785997	277542029575579	277542017284122
277542033453497	277542046006100	277542033946778
277542050122247	277542062436986	277542050631882
277542066787403	277542078869121	277542067293966
277542083449434	277542095299277	277542083962716
277542100142247	277542111730892	277542100568445
277542116788601	277542128159122	277542117231622
277542145740059	277542161018549	277542146127663
277542150094070	277542169233184	277542150429591
277542166761465	277542177449017	277542167140059
277542183451153	277542202094902	277542183919851
277542200141465	277542218526517	277542200595163
277542216777976	277542234957715	277542217223913
277542233452559	277542251386204	277542233887090
277542250114538	277542267814173	277542250561882
277542266780215	277542284242402	277542267225528
277542283468288	277542300670997	277542283945632
277542300177351	277542317103913	277542300587038
277542316784747	277542333536778	277542317242038
277542333411934	277542349966726	277542333923184
277542350126570	277542366396933	277542350626726
277542366797872	277542382828860	277542367308184
277542383457559	277542399260111	277542383965528
277542409682663	277542423906152	277542410056622
277542419978497	277542432121777	277542420374122
277542433445215	277542448555007	277542433813965
277542450115528	277542464986934	277542450621570
277542466759122	277542481418756	277542467308653
277542483421882	277542497851569	277542483940788
277542500120059	277542514283860	277542500630997
277542516785684	277542530719121	277542517300059
277542533421101	277542547154642	277542533983965
277542550084226	277542563589433	277542550652872
277542566756465	277542580025528	277542567316153
277542583418028	277542596459746	277542583934851
277542600198340	277542612894798	277542600604382
277542616790319	277542629333235	277542617304278
277542633534747	277542645771309	277542634013028
277542650208913	277542662208027	277542650698965
277542677040997	277542695079590	277542677443184
277542683469122	277542703298496	277542683859278
277542700184851	277542711517924	277542700536153
277542716922090	277542727955996	277542717379747
277542733500059	277542744390787	277542733908965
277542750257194	277542760825787	277542750717090
277542766912351	277542785480892	277542767406465
277542783512507	277542801917871	277542783949122
277542800260840	277542818352298	277542800721934
277542816887559	277542834786881	277542817356101
277542833559226	277542851223965	277542834061309
277542850200163	277542867663391	277542850695840
277542866885528	277542884102350	277542867370840
277542883556621	277542900537454	277542884070684
277542900250996	277542916973392	277542900746621
277542916891257	277542933408340	277542917356621
277542943615476	277542958063444	277542944079903
277542950136621	277542966281725	277542950697090
277542966848965	277542982717246	277542967225840
277542983545788	277542999151986	277542983957559
277543000313809	277543015585892	277543000780059
277543016918444	277543032020840	277543017396257
277543033568653	277543048454329	277543034045215
277543050344903	277543064886205	277543050813965
277543066943288	277543081319590	277543067408653
277543083498288	277543097751361	277543083900996
277543100260996	277543114184694	277543100711621

POLL t=345.5 tick=2853
8333333
277551750571931	277551766614222	277551751117660
277551767241722	277551783046670	277551767806306
277551783911306	277551799477243	277551784410524
277551800566722	277551815905889	277551801102399
277551817210628	277551832333857	277551817797035
277551833898337	277551848765055	277551834416931
277551850562243	277551865198024	277551851074743
277551867226931	277551881627503	277551867740681
277551883890368	277551898058284	277551884430681
277551900585056	277551914489378	277551901096931
277551917224691	277551930920419	277551917854691
277551941719066	277551955571461	277551942131306
277551950538441	277551963788232	277551950935368
277551967207243	277551980220993	277551967585003
277551983916410	277551996651670	277551984423597
277552000583493	277552013081566	277552001116462
277552017245368	277552029514170	277552017803337
277552033930368	277552045946045	277552034447399
277552050583910	277552062379743	277552051150680
277552067318285	277552078810315	277552067872868
277552083978180	277552095240888	277552084486566
277552100694743	277552111673544	277552101200368
277552117305316	277552128109170	277552117821305
277552133984118	277552144541670	277552134490680
277552150646462	277552169192815	277552151151566
277552167310524	277552185625055	277552167824743
277552183971722	277552202057503	277552184481566
277552203937712	277552218492034	277552204361305
277552217264430	277552234926618	277552217637347
277552233964535	277552251359274	277552234476618
277552250582555	277552267790315	277552251102243
277552267251722	277552284225627	277552267778805
277552283928962	277552300659846	277552284480524
277552300581097	277552317093597	277552301091462
277552317321149	277552333525732	277552317831774
277552333982347	277552349958337	277552334496410
277552350649535	277552366388805	277552351164899
277552367442243	277552382818493	277552367880785
277552384098180	277552399248440	277552384586618
277552400712868	277552415680836	277552401254535
277552417377087	277552432112191	277552417880055
277552434044118	277552448542607	277552434596149
277552463855941	277552481403805	277552464234847
277552467350055	277552489619899	277552467647243
277552484039899	277552497835940	277552484390055
277552500687243	277552514267399	277552501197659
277552517315680	277552530698075	277552517891618
277552533982399	277552547132451	277552534494691
277552550718597	277552563567711	277552551220993
277552567377816	277552580003075	277552567914118
277552584077659	277552596436982	277552584552816
277552600742712	277552612871565	277552601235316
277552617388180	277552629305836	277552617897191
277552634060212	277552645737607	277552634567399
277552650715524	277552662169221	277552651224222
277552667381566	277552678604013	277552667890524
277552684076097	277552695038545	277552684579066
277552700716722	277552711470731	277552701223284
277552728420472	277552744330471	277552728791774
277552737316409	277552752545211	277552737698649
277552750703909	277552768973596	277552751070472
277552767381305	277552785403076	277552767950836
277552784098284	277552801833023	277552784606149
277552800713180	277552818264534	277552801216253
277552817377086	277552834694950	277552817910368
277552834046878	277552851127659	277552834618336
277552850711618	277552867557033	277552851358284
277552867381097	277552883988805	277552867880003
277552884083493	277552900422242	277552884574586
277552900694378	277552916853701	277552901201149
277552917332555	277552933284951	277552917844691
277552933988180	277552949716409	277552934586566
277552950720680	277552966149481	277552951220524
277552967381722	277552982580940	277552967912243
277552994290055	277553007223961	277552994704118
277553000704743	277553015437867	277553001088805
277553017377347	277553031866304	277553017742868
277553034063805	277553048295315	277553034558909
277553050820211	277553064725732	277553051355836
277553067393753	277553081154429	277553067899118
277553084097711	277553097587138	277553084593024
277553100777086	277553114019586	277553101274430
277553117388961	277553130450054	277553117914274
277553134060940	277553146879065	277553134564430
277553150732711	277553163309534	277553151231461
277553167396097	277553179738336	277553167938284
277553184113597	277553196169430	277553184609274
277553200733128	277553212596305	277553201238753
277553217390315	277553229025679	277553217903961
277553234065524	277553245453544	277553234595368
277553257143336	277553270097711	277553257525680
277553267390680	277553278311513	277553267809430
277553284076149	277553302955836	277553284511982
277553300734117	277553319385054	277553301242086
277553317398753	277553335813700	277553317900524
277553334040992	277553352243284	277553334538336
277553350705680	277553368674846	277553351190367
277553367415211	277553385104950	277553367918024
277553384129430	277553401534325	277553384560680
277553400807086	277553417965263	277553401288492
277553417419899	277553434397867	277553417838649
277553434140159	277553450829169	277553434626305
277553450744899	277553467258648	277553451150628
277553467493128	277553483688805	277553467966461
277553484146565	277553500118909	277553484632503
277553500823805	277553516551096	277553501304274
277553520650524	277553532982346	277553521031461
277553534054899	277553549412711	277553534429899
277553554205524	277553565846981	277553554575003
277553567465472	277553582281200	277553567885628
277553584215992	277553598715575	277553584616305
277553600872086	277553615148492	277553601326461
277553617427503	277553631581357	277553617839690
277553634143492	277553648011669	277553634624430
277553650834430	277553664442034	277553651313805
277553667507190	277553680872971	277553667988805
277553684170472	277553697302555	277553684657347
277553700837034	277553713731721	277553701314742
277553717443492	277553730161669	277553717863597
277553734177972	277553746592293	277553734656409
277553750808596	277553763024690	277553751288961
277553767484430	277553779457086	277553767964586
277553790307346	277553804101252	277553790714846
277553800750524	277553812315002	277553801182555
277553817433024	277553828743596	277553817969690
277553834104899	277553845171305	277553834500524
277553850811253	277553861600211	277553851288284

POLL t=356.3 tick=2899
8333333
277562468636614	277562480555988	277562469144114
277562485289270	277562496986145	277562485797812
277562501955051	277562513413593	277562502469270
277562518626770	277562529841249	277562519185937
277562545508176	277562562700415	277562545900520
277562551927031	277562570915207	277562552359739
277562568597551	277562579130780	277562568968176
277562585297239	277562603776666	277562585795051
277562601966458	277562620206041	277562602467395
277562618638645	277562636635989	277562619217864
277562635286406	277562653065468	277562635842499
277562651961145	277562669494217	277562652487395
277562668658333	277562685924321	277562669163645
277562685283958	277562702355260	277562685794583
277562701957812	277562718785207	277562702680051
277562718617864	277562735214790	277562719127708
277562735296770	277562751644218	277562735809531
277562751952864	277562768075208	277562752491249
277562768623645	277562784505520	277562769169374
277562785298958	277562800934999	277562785804426
277562810045468	277562825579166	277562810452656
277562821842551	277562833792082	277562822228176
277562835277083	277562850222499	277562835687031
277562851928593	277562866651249	277562852517239
277562868584583	277562883081822	277562869097187
277562885243333	277562899510259	277562885798801
277562901915520	277562915940155	277562902471406
277562918565312	277562932368801	277562919084687
277562935222812	277562948797863	277562935751926
277562951899530	277562965228384	277562952415833
277562968560051	277562981657083	277562969079426
277562985309583	277562998086613	277562985810208
277563001983749	277563014515572	277563002533020
277563018635676	277563030944999	277563019130468
277563035309218	277563047377968	277563035803905
277563052079843	277563063807759	277563052559114
277563078594114	277563096666510	277563078989114
277563085275624	277563104881978	277563085587551
277563101950051	277563113097187	277563102309895
277563118637030	277563129527134	277563119130833
277563135305676	277563145955884	277563135804739
277563151965989	277563170599946	277563152509426
277563168602551	277563187031248	277563169106874
277563185236926	277563203461353	277563185757864
277563201914530	277563219890937	277563202431770
277563218593332	277563236322238	277563219184374
277563235256562	277563252753489	277563235826301
277563251924739	277563269181977	277563252484270
277563268623280	277563285611509	277563269145937
277563285271457	277563302043644	277563285827968
277563301913801	277563318474426	277563302435207
277563318694739	277563334906509	277563319219114
277563343369114	277563359555571	277563343753957
277563351968905	277563367772655	277563352227343
277563368655937	277563384207134	277563369140468
277563385311614	277563400638853	277563385801145
277563401979999	277563417073384	277563402523280
277563418643645	277563433505936	277563419138176
277563435311926	277563449938123	277563435808593
277563451971770	277563466370884	277563452505364
277563468694374	277563482803697	277563469192968
277563485327707	277563499234165	277563485835364
277563501979843	277563515663176	277563502493437
277563518645832	277563532092343	277563519145520
277563535309895	277563548526926	277563535816926
277563551949530	277563564963904	277563552465937
277563568605364	277563581396144	277563569124999
277563585256770	277563597827134	277563585771874
277563610375311	277563622479530	277563610810051
277563618604739	277563630697342	277563618999686
277563635302551	277563647129218	277563635667864
277563651976718	277563663563748	277563652524843
277563668679739	277563679993749	277563669208332
277563685320155	277563696421978	277563685830051
277563701987082	277563712850415	277563702495207
277563718649114	277563729281614	277563719151561
277563735322343	277563745712186	277563735870989
277563751985520	277563770357811	277563752497864
277563768665207	277563786789894	277563769196561
277563785312968	277563803222863	277563785823176
277563801969218	277563819655936	277563802431249
277563818613020	277563836088905	277563819112082
277563835300155	277563852520207	277563835799113
277563851978645	277563868950623	277563852469999
277563877028176	277563893599477	277563877434113
277563888654895	277563901816144	277563889143488
277563901985988	277563918249895	277563902353176
277563918658957	277563934686144	277563919094843
277563935318436	277563951121352	277563935755468
277563951981457	277563967552342	277563952426457
277563968652551	277563983985884	277563969086718
277563985318436	277564000419946	277563985756926
277564001984113	277564016854060	277564002421457
277564018660468	277564033284165	277564019150988
277564035328593	277564049716092	277564035822238
277564051994738	277564066147394	277564052478801
277564068740832	277564082577967	277564069218957
277564085291457	277564099008592	277564085735051
277564102034895	277564115439478	277564102515363
277564118714218	277564131866926	277564119184999
277564145289113	277564156508383	277564145691093
277564151983020	277564164722706	277564152372863
277564168712082	277564181152759	277564169082343
277564185332499	277564197582863	277564185750988
277564202088645	277564214013905	277564202562707
277564218771093	277564230446196	277564219242811
277564235444895	277564246880311	277564235929738
277564252047499	277564263315207	277564252457707
277564268771926	277564279749426	277564269250988
277564285412863	277564296181352	277564285836926
277564302125832	277564312614373	277564302632395
277564318713592	277564337262446	277564319266874
277564335443592	277564353694581	277564335945051
277564352147342	277564370127915	277564352618905
277564368765676	277564386563019	277564369248332
277564385371145	277564403000728	277564385792186
277564415258020	277564427655884	277564415642342
277564418710155	277564435873228	277564418999061
277564435369270	277564452308488	277564435736301
277564452073332	277564468742863	277564452489530
277564468725676	277564485177863	277564469149374
277564485385155	277564501613384	277564485814269
277564502065832	277564518047863	277564502495988
277564518786769	277564534479946	277564519276926
277564535474113	277564550909581	277564535955207
277564552037863	277564567338332	277564552398124
277564568768176	277564583768384	277564569236561

POLL t=367.0 tick=2946
8333333
277573220068641	277573234778745	277573220552079
277573236742964	277573251214005	277573237243016
277573253369527	277573267649474	277573253873120
277573270029735	277573284083745	277573270632235
277573286719422	277573300518537	277573287210152
277573303379422	277573316952338	277573303869110
277573320083016	277573333383693	277573320525360
277573336711454	277573349815411	277573337200829
277573353375933	277573366249682	277573353869579
277573370044683	277573382680568	277573370543172
277573386712391	277573399113067	277573387206141
277573403378485	277573415546766	277573403875204
277573420061297	277573431979422	277573420534214
277573436708329	277573448410619	277573437177808
277573456871297	277573473061036	277573457273120
277573470028329	277573481278953	277573470403329
277573486708797	277573497715360	277573487214110
277573503377079	277573514151974	277573503888172
277573520091141	277573530588901	277573520534735
277573536706558	277573555247651	277573537212391
277573553371558	277573571685619	277573553939110
277573570043797	277573588122026	277573570553641
277573586658120	277573604557808	277573587254891
277573603369526	277573620992859	277573603870516
277573620047547	277573637426817	277573620541870
277573636702183	277573653861973	277573637211453
277573653368276	277573670296453	277573653888433
277573670041245	277573686729890	277573670588016
277573686710203	277573703163067	277573687207026
277573703438901	277573719596557	277573703925047
277573723630985	277573736032286	277573724040672
277573736774839	277573752467286	277573737160151
277573753431922	277573768901505	277573753935933
277573770059266	277573785335203	277573770582964
277573786737391	277573801769057	277573787246922
277573803385203	277573818203588	277573803900776
277573820079110	277573834638120	277573820589110
277573836721766	277573851073692	277573837246610
277573853383016	277573867506088	277573853901870
277573870048953	277573883936505	277573870576870
277573886718953	277573900368484	277573887295985
277573903382235	277573916802026	277573903961610
277573920094058	277573933233536	277573920597391
277573936741453	277573949668589	277573937248328
277573953388901	277573966103796	277573953910985
277573970055776	277573982537234	277573970584110
277573990154422	277574007187130	277573990591610
277574003386714	277574015403745	277574003765151
277574020076141	277574031836921	277574020593276
277574036717547	277574048268796	277574037240776
277574053387703	277574064699890	277574053925828
277574070056089	277574081129734	277574070527078
277574086717235	277574097558588	277574087220464
277574103373953	277574113989214	277574103841610
277574120167964	277574130421192	277574120598172
277574136775776	277574155069265	277574137219995
277574153430620	277574171501557	277574153931089
277574170102807	277574187933380	277574170554266
277574186778016	277574204367859	277574187233432
277574203438328	277574220801974	277574203932547
277574220116922	277574237234213	277574220612078
277574236803901	277574253663693	277574237264578
277574256802547	277574270095047	277574257201922
277574270118589	277574286525463	277574270547547
277574286790359	277574302956557	277574287232234
277574303468953	277574319386921	277574303964839
277574320197859	277574335819474	277574320680828
277574336807807	277574352251296	277574337304839
277574353462547	277574368683692	277574353963745
277574370128016	277574385116140	277574370626089
277574386797391	277574401548796	277574387296609
277574403461297	277574417979734	277574403972339
277574420141766	277574434412390	277574420636141
277574436825203	277574450842963	277574437323589
277574453460359	277574467275150	277574453969682
277574470130776	277574483706140	277574470635151
277574486797703	277574500134421	277574487295776
277574503461922	277574516562026	277574504005620
277574523446453	277574541203067	277574523840932
277574536758797	277574549418484	277574537163641
277574553408953	277574565849629	277574553927703
277574570067651	277574582279577	277574570581453
277574586730932	277574598708224	277574587240828
277574603404109	277574615136348	277574603920307
277574620113641	277574631565046	277574620633484
277574636753641	277574647994213	277574637249266
277574653455672	277574664423120	277574653955776
277574670087807	277574689067234	277574670608953
277574686746141	277574697283016	277574687277182
277574703402391	277574721927703	277574703950464
277574720125620	277574738357963	277574720644266
277574736737807	277574754787234	277574737303797
277574753407703	277574771219161	277574753954057
277574770069109	277574787650099	277574770601088
277574791419891	277574804079682	277574791922651
277574803390672	277574820510984	277574803840203
277574820189682	277574836940098	277574820726297
277574836771766	277574853370515	277574837277078
277574853593588	277574869799213	277574854066766
277574870154266	277574886230515	277574870572495
277574886867495	277574902661661	277574887343016
277574903523016	277574919092963	277574904145828
277574920242547	277574935524681	277574920724526
277574936880828	277574951956556	277574937379578
277574953537078	277574968387494	277574954010359
277574970219109	277574984817390	277574970696765
277574986875047	277575001248223	277574987424995
277575003500359	277575017678484	277575003994526
277575020252547	277575034106817	277575020682495
277575036896401	277575050535151	277575037320151
277575059918588	277575075175567	277575060332182
277575073509995	277575091604578	277575073909265
277575086821140	277575099819160	277575087223797
277575103563797	277575116249630	277575104089265
277575120298797	277575132683275	277575120755515
277575136909109	277575149111349	277575137389890
277575153556401	277575165540463	277575154028120
277575170194370	277575181971556	277575170670203
277575186792547	277575198399525	277575187209578
277575203568172	277575214827598	277575204095359
277575220251453	277575231257182	277575220727390
277575236885828	277575247686192	277575237338953
277575253524265	277575264114317	277575253996609
277575270227651	277575288756348	277575270695672
277575286899734	277575305184057	277575287418797
277575303612651	277575321611765	277575304124370
277575331113588	9223372036854775807	277575331504057

POLL t=377.7 tick=2991
8333333
277584006563950	277584021454731	277584007084991
277584023226606	277584037879626	277584023760512
277584039889887	277584054302543	277584040409418
277584056558012	277584070726970	277584057078012
277584073223168	277584087154001	277584073773637
277584089917700	277584103580511	277584090435356
277584106569574	277584120007647	277584107082543
277584123235043	277584136435668	277584123776449
277584139904731	277584152866501	277584140459262
277584160188481	277584177508376	277584160607335
277584173282699	277584185722542	277584173652231
277584189963012	277584202149365	277584190517491
277584206614262	277584218577178	277584207183481
277584223294887	277584235008324	277584223863324
277584239963585	277584251435094	277584240470512
277584256629106	277584267861710	277584257122179
277584273298012	277584284290251	277584273803012
277584289964522	277584300720251	277584290472387
277584306632699	277584317147074	277584307135304
277584323305512	277584341787022	277584323840824
277584339968012	277584358213480	277584340473116
277584356654106	277584374639886	277584357171241
277584373292231	277584391068793	277584373807179
277584389960824	277584407499366	277584390474522
277584406630460	277584423929834	277584407163637
277584426705981	277584440357751	277584427192022
277584439983741	277584456783324	277584440527491
277584456650668	277584473208949	277584457143324
277584473336918	277584489635407	277584473858897
277584489969418	277584506063949	277584490415772
277584506635043	277584522492021	277584507080512
277584523303949	277584538919574	277584523802074
277584539974574	277584555344574	277584540441397
277584556663272	277584571772907	277584557147699
277584573307074	277584588200146	277584573790772
277584589973741	277584604627595	277584590461866
277584606634106	277584621054886	277584607086449
277584623305668	277584637480563	277584623801397
277584639976762	277584653908219	277584640423741
277584656646397	277584670336865	277584657086606
277584673304678	277584686762230	277584673738272
277584693371606	277584711403637	277584693761449
277584706626918	277584719617178	277584707040460
277584723325460	277584736045824	277584723823012
277584739983428	277584752475459	277584740510043
277584756687387	277584768899990	277584757193741
277584773320460	277584785325719	277584773848012
277584790004835	277584801751552	277584790556085
277584806643793	277584818174469	277584807148637
277584823322855	277584834597751	277584823831762
277584839985460	277584851027595	277584840479678
277584856653324	277584875668167	277584857193949
277584873313949	277584892095043	277584873851449
277584889983741	277584908521189	277584890498116
277584906642387	277584924943740	277584907153168
277584923306293	277584941370511	277584923817647
277584954153012	277584966011292	277584954549262
277584956581918	277584974225980	277584956999105
277584973300199	277584990654001	277584973679105
277584989993741	277585007079678	277584990495355
277585006657335	277585023506345	277585007229262
277585023325980	277585039933740	277585023832855
277585039989835	277585056360355	277585040481605
277585056649887	277585072786344	277585057153793
277585073312960	277585089217334	277585073872335
277585089977543	277585105647439	277585090485043
277585106635824	277585122073844	277585107149678
277585123315355	277585138500563	277585123820668
277585140023116	277585154927126	277585140502647
277585156659574	277585171354105	277585157163585
277585173329418	277585187778740	277585173840355
277585189996762	277585204207387	277585190503116
277585219139887	277585237061292	277585219535043
277585226667334	277585245274677	277585226964574
277585239973272	277585253487698	277585240366709
277585256691866	277585269912334	277585257164522
277585273334991	277585286335303	277585273875459
277585290003012	277585302761813	277585290525199
277585306674522	277585319189730	277585307171137
277585323343168	277585335615303	277585323895043
277585340039053	277585352039678	277585340548324
277585356723793	277585368462906	277585357228324
277585373337959	277585384886605	277585373867699
277585390008012	277585401314157	277585390502855
277585406666918	277585417741032	277585407161605
277585423336293	277585434165928	277585423834678
277585440053741	277585450589573	277585440510980
277585456673636	277585475229365	277585457203480
277585486782699	277585499868740	277585487180043
277585489975147	277585508082595	277585490306761
277585506640459	277585524510667	277585507018741
277585523288793	277585540937126	277585523810511
277585540202386	277585557362750	277585540509209
277585556739209	277585573791032	277585557237803
277585573393480	277585590217594	277585573957230
277585590061136	277585606644470	277585590550980
277585606817386	277585623070928	277585607315147
277585623427699	277585639498219	277585623931449
277585640163011	277585655926448	277585640654209
277585656771293	277585672356240	277585657256761
277585673423793	277585688787178	277585673904209
277585690132959	277585705217022	277585690610668
277585706752803	277585721645511	277585707072074
277585723445824	277585738075095	277585723922022
277585740199991	277585754506604	277585740600043
277585760287334	277585770938636	277585760658168
277585773353168	277585787365459	277585773725980
277585790042699	277585803792177	277585790463168
277585806755616	277585820219990	277585807016084
277585823425303	277585836646970	277585823837803
277585840152334	277585853074833	277585840569053
277585856769261	277585869505511	277585857181761
277585873429209	277585885931449	277585873845980
277585890104418	277585902359313	277585890518324
277585906742074	277585918788636	277585906988168
277585923430511	277585935218219	277585923877386
277585940158740	277585951645719	277585940650980
277585956839365	277585968071344	277585957319418
277585973468480	277585984496449	277585973946605
277585990154053	277586000924417	277585990634730
277586006714418	277586017351136	277586007135824
277586027017699	277586041993167	277586027412334
277586040145043	277586058419782	277586040532074
277586056820355	277586074848115	277586057294418
277586073398584	277586091276553	277586073801761
277586090056084	277586107704729	277586090556605
277586106741449	277586124133635	277586107246136

POLL t=388.9 tick=3039
8333333
277595107088945	277595119479934	277595107639883
277595123761133	277595135909674	277595124313633
277595140420612	277595152341028	277595140930039
277595171564362	277595185200038	277595172020977
277595173734570	277595193414309	277595174028424
277595190410612	277595201628997	277595190778633
277595207099883	277595218057747	277595207604258
277595223777487	277595234488215	277595224273268
277595240432539	277595259132591	277595240953268
277595257103737	277595275562851	277595257617383
277595273758945	277595291994310	277595274274726
277595290431601	277595308424465	277595290943320
277595307103945	277595324854049	277595307611081
277595323767018	277595341285299	277595324296758
277595340464726	277595357718424	277595341030195
277595357092643	277595374151236	277595357660820
277595373771289	277595390583060	277595374333008
277595390434414	277595407012434	277595390929831
277595407118164	277595423443319	277595407625820
277595438547851	277595456305976	277595438912643
277595443544570	277595464520507	277595443860456
277595457080143	277595472734830	277595457444101
277595473774258	277595489165455	277595474270612
277595490442695	277595505594778	277595490946289
277595507104726	277595522025767	277595507604831
277595523770976	277595538456288	277595524296289
277595540485456	277595554887746	277595540982383
277595557105820	277595571316913	277595557605924
277595573769831	277595587745924	277595574271862
277595590438320	277595604172486	277595590972851
277595607105195	277595620601028	277595607608424
277595623770820	277595637031236	277595624268008
277595640438320	277595653461028	277595640945820
277595657104987	277595669893216	277595657647643
277595673773268	277595686322017	277595674275820
277595690444414	277595702753372	277595690990508
277595711205351	277595727399830	277595711705612
277595723783945	277595735615298	277595724230039
277595740493893	277595752047121	277595741008945
277595757113633	277595768480403	277595757610299
277595773776133	277595784913997	277595774281445
277595790447539	277595801347122	277595790945924
277595807108945	277595817781705	277595807669049
277595823776914	277595834215090	277595824315351
277595840445976	277595850647694	277595840994101
277595857115508	277595875293736	277595857625039
277595873781758	277595891724934	277595874295143
277595890447539	277595908153788	277595890963008
277595907108007	277595924583528	277595907618164
277595923776289	277595941010403	277595924315039
277595940493632	277595957438476	277595941005039
277595957117382	277595973865663	277595957698685
277595977911862	277595990294830	277595978309987
277595990447539	277596006723789	277595990815039
277596007105039	277596023151757	277596007475039
277596023786601	277596039581340	277596024283007
277596040451289	277596056014153	277596040959205
277596057102018	277596072447590	277596057623789
277596073749414	277596088878059	277596074261549
277596090403424	277596105308424	277596090920820
277596107063476	277596121738684	277596107592018
277596123732226	277596138167122	277596124265612
277596140385143	277596154593111	277596140902539
277596157057695	277596171021496	277596157572226
277596173723789	277596187449257	277596174298789
277596190398007	277596203878215	277596190966289
277596207056549	277596220305663	277596207642382
277596223721862	277596236734673	277596224233945
277596243685351	277596261378528	277596244201549
277596257042799	277596269593059	277596257432695
277596273733007	277596286022642	277596274257382
277596290427851	277596302451028	277596290984362
277596307084257	277596318877226	277596307661445
277596323736080	277596335308736	277596324253007
277596340430351	277596351737330	277596340954205
277596357148945	277596368164830	277596357648164
277596373793007	277596384593423	277596374359205
277596390523164	277596409234517	277596390959414
277596407134049	277596425661913	277596407635664
277596423794882	277596442088996	277596424362486
277596440458476	277596458517382	277596440971132
277596457130039	277596474947746	277596457698632
277596473784726	277596491377122	277596474296601
277596490445039	277596507806444	277596490815820
277596510415976	277596524232695	277596510806289
277596539544414	277596557090611	277596540069205
277596540418632	277596565305350	277596540785455
277596557157070	277596573519778	277596557608163
277596573825507	277596589947851	277596574345195
277596590494674	277596606376496	277596591011132
277596607158632	277596622804986	277596607678945
277596623830976	277596639234517	277596624338007
277596640500351	277596655663527	277596641004049
277596657179361	277596672093736	277596657662018
277596673831288	277596688525038	277596674252226
277596690482695	277596704955923	277596690997643
277596707220195	277596721385559	277596707719413
277596723818788	277596737819674	277596724234413
277596740526757	277596754249309	277596741007330
277596757245611	277596770678371	277596757664101
277596776864257	277596795321652	277596777249205
277596790509674	277596803535976	277596790892382
277596807188268	277596819967277	277596807557695
277596823903945	277596836400611	277596824384101
277596840588788	277596852832798	277596841021445
277596857204674	277596869261288	277596857627486
277596873942695	277596885693632	277596874430351
277596890631861	277596902126288	277596891149101
277596907280351	277596918561392	277596907754674
277596923925038	277596934995611	277596924424882
277596940550195	277596951431080	277596941050195
277596957271080	277596967866444	277596957786080
277596973936132	277596992518215	277596974423945
277596990568320	277597000735662	277596990978736
277597007301288	277597025390350	277597007774257
277597023917851	277597041823372	277597024397642
277597046677538	277597058254726	277597047122695
277597057186445	277597074684517	277597057599570
277597073909882	277597091114205	277597074394413
277597090582538	277597107545090	277597091128111
277597107250038	277597123971809	277597107724205
277597123928163	277597140397069	277597124411132
277597140592538	277597156824881	277597141045038
277597157212695	277597173255976	277597157607851
277597173882226	277597189686496	277597174298163
277597190587017	277597206116496	277597191119257
277597207226601	9223372036854775807	277597207695611

POLL t=399.7 tick=3084
8333333
277605868965452	277605881826753	277605869355972
277605874220504	277605890042586	277605874428629
277605890893004	277605906471857	277605891268264
277605907577379	277605922903368	277605908084358
277605924271754	277605939336649	277605924747066
277605940915816	277605955771076	277605941417379
277605957577170	277605972207639	277605958069202
277605974245660	277605988641441	277605974768420
277605990912795	277606005075347	277605991414566
277606007580764	277606021508732	277606008088733
277606024243472	277606037946961	277606024750764
277606040928577	277606054387118	277606041439358
277606057579045	277606070824358	277606058074879
277606074255191	277606087259149	277606074824254
277606090923577	277606103692326	277606091413629
277606107595035	277606120127274	277606108158472
277606132985191	277606144781962	277606133377691
277606140878889	277606152999305	277606141268108
277606157544254	277606169434722	277606157932014
277606174185295	277606185869774	277606174641701
277606190851441	277606202305242	277606191300660
277606207698160	277606218739930	277606208129254
277606224270035	277606235173836	277606224715660
277606240937483	277606251610086	277606241385660
277606257608420	277606268047430	277606258048941
277606274278004	277606284483055	277606274729410
277606290938629	277606309136232	277606291438733
277606307614254	277606325569461	277606308074358
277606324310816	277606342001545	277606324764514
277606340940972	277606358435451	277606341395660
277606357604254	277606374869930	277606358076076
277606374283004	277606391303211	277606374829045
277606396799253	277606407738264	277606397170347
277606407612222	277606424173993	277606407993108
277606424355139	277606440607117	277606424753160
277606440939670	277606457040294	277606441404983
277606457555816	277606473473107	277606457998941
277606474233472	277606489906076	277606474755972
277606490902847	277606506338576	277606491415191
277606507656233	277606522770555	277606508113003
277606524270451	277606539202899	277606524784878
277606540900295	277606555635086	277606541447222
277606557568628	277606572068003	277606558085451
277606574237222	277606588503784	277606574817951
277606590904722	277606604941493	277606591465451
277606607559722	277606621374305	277606608123160
277606624229670	277606637807430	277606624741128
277606640892951	277606654238993	277606641410972
277606661758941	277606678885607	277606662159358
277606689711233	277606703530972	277606690259878
277606690887847	277606711746701	277606691273420
277606707581441	277606719962117	277606708182483
277606724282639	277606736395034	277606724795035
277606740923733	277606752826388	277606741475451
277606757588003	277606769257065	277606758099410
277606774261076	277606785687742	277606774772535
277606790917847	277606802119565	277606791470764
277606807576701	277606818552169	277606808108003
277606824269253	277606843196701	277606824793732
277606840918107	277606859628420	277606841443941
277606857577847	277606876058993	277606858105347
277606874258264	277606892493419	277606874793889
277606890918003	277606908927013	277606891436441
277606907582378	277606925356805	277606908099878
277606929218264	277606941786232	277606929637222
277606940909722	277606958215242	277606941291285
277606957575035	277606974644722	277606957958003
277606974254253	277606991077742	277606974827326
277606990916441	277607007508419	277606991437482
277607007698107	277607023939617	277607008270920
277607024271910	277607040372013	277607024796441
277607041003784	277607056805190	277607041507691
277607057651857	277607073239357	277607058157014
277607074326909	277607089673472	277607074841701
277607090993107	277607106106701	277607091489097
277607107655972	277607122540659	277607108187482
277607124368316	277607138972586	277607124875347
277607140980451	277607155404097	277607141486597
277607157648784	277607171835971	277607158155659
277607174315816	277607188265711	277607174817014
277607195356232	277607212909826	277607195754566
277607207633159	277607221125659	277607207999409
277607224355659	277607237556128	277607224849097
277607240977639	277607253989773	277607241471909
277607257614097	277607270420919	277607258125034
277607274290295	277607286851701	277607274805659
277607290938732	277607303284669	277607291447691
277607307620972	277607319716544	277607308166128
277607324491441	277607336149149	277607324794722
277607341005034	277607352579878	277607341505920
277607357661232	277607369011805	277607358164253
277607374338889	277607385440190	277607374832847
277607390996597	277607401869409	277607391498941
277607407667170	277607418300086	277607408181232
277607424332014	277607442945138	277607424839566
277607441003576	277607459373107	277607441444409
277607460429878	277607475801284	277607460813264
277607474312534	277607492228159	277607474743941
277607491055972	277607508656596	277607491494826
277607507702534	277607525087482	277607508166284
277607524439982	277607541520034	277607524887066
277607541031441	277607557953211	277607541472691
277607557725659	277607574385659	277607558173003
277607574373107	277607590817326	277607574804722
277607591122326	277607607249148	277607591553420
277607607772795	277607623679148	277607608211909
277607624429722	277607640111596	277607624874878
277607641125972	277607656543628	277607641571753
277607657770659	277607672972221	277607658270659
277607674487482	277607689402742	277607674968003
277607691157847	277607705832533	277607691631909
277607707831440	277607722261857	277607708304982
277607728040972	277607738693159	277607728406128
277607741137638	277607755125711	277607741569826
277607757736128	277607771557794	277607758107534
277607774457222	277607787990972	277607774879878
277607791130190	277607804422586	277607791619097
277607807862065	277607820854669	277607808331076
277607824527065	277607837284200	277607825020451
277607841120920	277607853714617	277607841614722
277607857848628	277607870147898	277607858326128
277607874448888	277607886580399	277607874885347
277607891131076	277607903012169	277607891624097
277607907810034	277607919442117	277607908223940
277607924530659	277607935870867	277607925007326
277607941121128	277607952301597	277607941524097
277607957881597	277607968730971	277607958354253

POLL t=410.4 tick=3153
8333333
277616576654354	277616594654562	277616577101125
277616593304093	277616611083572	277616593754093
277616609960343	277616627512895	277616610417687
277616626640343	277616643944561	277616627110604
277616643290968	277616660377374	277616643749041
277616659958156	277616676810499	277616660531437
277616676649562	277616693244145	277616677151125
277616693410187	277616709674405	277616693927687
277616709978625	277616726103312	277616710504093
277616726628781	277616742531384	277616727140447
277616743292843	277616758957842	277616743805343
277616760044354	277616775385551	277616760495187
277616776717218	277616791815499	277616777213781
277616793405447	277616808245187	277616793898468
277616813438781	277616824674926	277616813829406
277616826685447	277616841102635	277616827050343
277616843369666	277616857531436	277616843881229
277616860035500	277616873960915	277616860526906
277616876692479	277616890389353	277616877187374
277616893354406	277616906819665	277616893849562
277616910024874	277616923250864	277616910519562
277616926692062	277616939682061	277616927194979
277616943360604	277616956111957	277616943869093
277616960122479	277616972541072	277616960532322
277616976708468	277616988973155	277616977206593
277616993353572	277617005403312	277616993877687
277617010026749	277617021833728	277617010535604
277617026697166	277617038265916	277617027197947
277617043363312	277617054699509	277617043871906
277617074912531	277617087566436	277617075276749
277617079923312	277617095784301	277617080234874
277617093345187	277617104002479	277617093717166
277617110057947	277617120438155	277617110624249
277617126697687	277617145091229	277617127208312
277617143360656	277617161524561	277617143878104
277617160086593	277617177955759	277617160553104
277617176692218	277617194384614	277617177200656
277617193354874	277617210811176	277617193870343
277617210026697	277617227240290	277617210544197
277617226698416	277617243668989	277617227264354
277617243359249	277617260095551	277617243961124
277617260041906	277617276524509	277617260527791
277617276740968	277617292953155	277617277260968
277617293361124	277617309378155	277617293875187
277617310037010	277617325802062	277617310551281
277617341568572	277617358656071	277617341964249
277617343282062	277617366870082	277617343591593
277617360029822	277617375083520	277617360372374
277617376708781	277617391509666	277617377209718
277617393360135	277617407937634	277617393872947
277617410038312	277617424366228	277617410544874
277617426698468	277617440791280	277617427225499
277617443371228	277617457218624	277617443867687
277617460062062	277617473648050	277617460551541
277617476703885	277617490077530	277617477214666
277617493365499	277617506506644	277617493867010
277617510035343	277617522934092	277617510540499
277617526709249	277617539363363	277617527247999
277617543374562	277617555794718	277617543893260
277617560097947	277617572223311	277617560600187
277617576704978	277617588653155	277617577256072
277617604982218	277617621513989	277617605376749
277617610009510	277617629729717	277617610294562
277617626683155	277617637945551	277617627050499
277617643404562	277617654377374	277617643895030
277617660059562	277617670811332	277617660540968
277617676703780	277617695456593	277617677205343
277617693365447	277617711887790	277617693871541
277617710022947	277617728319613	277617710521124
277617726700760	277617744754509	277617727150760
277617743356593	277617761188780	277617743821124
277617760077218	277617777623519	277617760488780
277617776691072	277617794057166	277617777149249
277617793358155	277617810491593	277617793809041
277617810022530	277617826925864	277617810485812
277617826692218	277617843359040	277617827142062
277617843360447	277617859791228	277617843814249
277617867929718	277617884440550	277617868336072
277617876685343	277617892657739	277617877165499
277617893360187	277617909092738	277617893732635
277617910035187	277617925527426	277617910484197
277617926705187	277617941960290	277617927147999
277617943382843	277617958392790	277617943940760
277617960075030	277617974828051	277617960547843
277617976715655	277617991263676	277617977219822
277617993373937	277618007696853	277617993934718
277618010044249	277618024128884	277618010545916
277618026713416	277618040560134	277618027216228
277618043379562	277618056992425	277618043880759
277618060089197	277618073427270	277618060591280
277618076717478	277618089861853	277618077216384
277618093376593	277618106297270	277618093698937
277618110048624	277618122733051	277618110613103
277618131579874	277618147386124	277618131958468
277618160406124	277618172040863	277618160898312
277618160910187	277618180259249	277618161026853
277618177272374	277618188476488	277618177777062
277618193974822	277618204909561	277618194471905
277618210770916	277618221341853	277618211240030
277618227373884	277618245991123	277618227903155
277618244079561	277618262425081	277618244555134
277618260693780	277618278859509	277618261115499
277618277404093	277618295295082	277618277891593
277618294062009	277618311731072	277618294542009
277618310751280	277618328167165	277618311238311
277618327367530	277618344602738	277618327840655
277618344113624	277618361037843	277618344734249
277618360757061	277618377471436	277618361261749
277618377414197	277618393902946	277618377934249
277618399655916	277618410335186	277618400058572
277618410663416	277618426766072	277618411091853
277618427366072	277618443195551	277618427791905
277618444070343	277618459623363	277618444495603
277618460703311	277618476053623	277618461124249
277618477382166	277618492482478	277618477873624
277618494086072	277618508912894	277618494412999
277618510762843	277618525343206	277618511234561
277618527452218	277618541772217	277618527941436
277618544108311	277618558202582	277618544526436
277618560739405	277618574633988	277618561229978
277618577389405	277618591064613	277618577868572
277618594088624	277618607494509	277618594409405
277618610745811	277618623927790	277618611162009
277618627444249	277618640359665	277618627920343
277618644150603	277618656793780	277618644625603
277618665505915	277618681442373	277618665927009
277618677344249	277618689659613	277618677718155

POLL t=421.1 tick=3200
8333333
277627279090912	277627292433464	277627279613256
277627295759506	277627308869922	277627296272527
277627312445443	277627325303568	277627312960652
277627329112996	277627341736276	277627329624506
277627345775131	277627358168464	277627346287787
277627362440652	277627374601901	277627362952318
277627379104870	277627391035651	277627379620964
277627395774402	277627407471640	277627396307058
277627412513412	277627423904297	277627413023777
277627443430652	277627456765495	277627443865495
277627445726902	277627464980287	277627446080495
277627462419714	277627473194714	277627462800027
277627479117162	277627489622578	277627479635339
277627495793308	277627506051380	277627496340495
277627512485183	277627530699453	277627513002370
277627529097162	277627547130131	277627529625339
277627545748412	277627563562006	277627546322058
277627562425183	277627579993464	277627563001693
277627579099402	277627596424297	277627579626850
277627595774350	277627612855443	277627596315339
277627612455600	277627629285755	277627613142683
277627629105131	277627645714505	277627629613464
277627645938464	277627662143151	277627646445652
277627662488464	277627678569818	277627662956745
277627679100808	277627694997734	277627679618464
277627707177683	277627719638776	277627707582683
277627712423464	277627727852370	277627712640027
277627729092839	277627744279870	277627729477995
277627745767995	277627760706537	277627746285652
277627762453412	277627777132266	277627762983620
277627779096589	277627793558359	277627779617995
277627795759558	277627809988880	277627796303620
277627812490964	277627826418255	277627812964974
277627829106068	277627842847162	277627829634558
277627845783152	277627859276640	277627846300287
277627862442787	277627875704089	277627862962318
277627879116745	277627892130130	277627879632683
277627895836224	277627908554713	277627896333152
277627912493464	277627924982109	277627912999089
277627929159245	277627941412995	277627929672995
277627945828152	277627957841067	277627946339089
277627971179089	277627982482474	277627971572995
277627979147318	277627990695495	277627979529089
277627995815652	277628007121172	277627996265756
277628012527787	277628023545859	277628013035651
277628029163620	277628039975495	277628029677162
277628045828881	277628064617943	277628046327058
277628062515026	277628081048620	277628063033308
277628079156745	277628097478411	277628079735964
277628095827631	277628113908724	277628096338464
277628112500183	277628130337891	277628113016589
277628129160756	277628146767943	277628129675599
277628145826901	277628163199505	277628146344870
277628162490495	277628179630755	277628163006276
277628179159714	277628196062057	277628179858881
277628195831120	277628212493672	277628196337058
277628212494089	277628228925130	277628212999506
277628233549401	277628245356276	277628233933151
277628261822683	277628278218567	277628262191849
277628262457370	277628286434141	277628262554401
277628279188151	277628294650547	277628279732006
277628295849349	277628311083047	277628296368412
277628312522526	277628327512734	277628313031745
277628329169089	277628343945026	277628329735443
277628345840964	277628360376432	277628346380339
277628362492683	277628376807630	277628363078412
277628379172943	277628393238464	277628379740599
277628395835443	277628409668567	277628396371068
277628412542995	277628426100860	277628413045183
277628429172787	277628442533151	277628429673568
277628445832683	277628458963567	277628446406901
277628462492995	277628475393984	277628463002214
277628479158620	277628491825234	277628479673933
277628500384558	277628516472838	277628500816537
277628512484870	277628524688776	277628512861589
277628529162526	277628541120859	277628529678151
277628545820495	277628557553308	277628546331380
277628562531537	277628573986744	277628563032787
277628579148308	277628590419713	277628579662005
277628595812370	277628606850443	277628596357058
277628612511380	277628623282942	277628613029714
277628629149870	277628639713308	277628629685443
277628645826276	277628656146171	277628646353099
277628662510755	277628680788307	277628663036537
277628679158932	277628697216901	277628679743307
277628695820339	277628713646588	277628696353464
277628712569089	277628730075026	277628713076276
277628729216693	277628746503047	277628729782057
277628745882682	277628762929713	277628746512526
277628766190964	277628779357422	277628766600599
277628779216589	277628795784193	277628779646380
277628795912630	277628812211380	277628796410807
277628812558464	277628828638359	277628813033307
277628829228620	277628845067839	277628829732214
277628845860495	277628861497474	277628846373307
277628862558151	277628877927734	277628863011432
277628879187839	277628894357005	277628879669245
277628895897318	277628910786068	277628896404193
277628912594870	277628927215547	277628913075651
277628929239089	277628943645547	277628929671537
277628945960651	277628960076692	277628946436849
277628962608307	277628976508098	277628963103932
277628979275755	277628992938047	277628979759557
277628995937682	277629009368464	277628996448724
277629012696537	277629025797786	277629013177526
277629032827839	277629050447526	277629033230287
277629045865651	277629058664609	277629046338568
277629062569818	277629075099869	277629062939245
277629079242787	277629091534505	277629079740964
277629095952162	277629107974557	277629096408151
277629112652943	277629124410495	277629113132526
277629129251901	277629140845182	277629129665911
277629145996901	277629157282422	277629146474818
277629162671380	277629173717213	277629163158099
277629179340964	277629190148932	277629179807786
277629195913932	277629214796223	277629196324089
277629212655495	277629231229817	277629213093151
277629229298724	277629247662682	277629229788620
277629245998880	277629264099140	277629246488307
277629262637682	277629280534349	277629263136120
277629279311068	277629296966953	277629279790651
277629301635755	277629313397473	277629302043776
277629312626120	277629329830443	277629313054870
277629333636432	277629346262786	277629334054349
277629345977630	277629362697213	277629346427526
277629362638099	277629379131328	277629363036432
277629379270651	277629395567421	277629379675495

POLL t=431.8 tick=3247
8333333
277638016993148	277638030065022	277638017390283
277638029642627	277638046497783	277638030006377
277638046315023	277638062931064	277638046820648
277638063017158	277638079364502	277638063538148
277638079658929	277638095797210	277638080209502
277638096311377	277638112228981	277638096824346
277638112983408	277638128659449	277638113487366
277638129654710	277638145089398	277638130150804
277638146318564	277638161520908	277638146826689
277638162998148	277638177952210	277638163509814
277638179651689	277638194386481	277638180185960
277638196319085	277638210819918	277638196823721
277638212989398	277638227250543	277638213488148
277638229655491	277638243682887	277638230159710
277638246318773	277638260115959	277638246897679
277638277897210	277638292983668	277638278330804
277638279575179	277638301199085	277638279884345
277638309033408	277638325843720	277638309555023
277638312964502	277638334059137	277638313245127
277638329653408	277638342276220	277638330188877
277638346319398	277638358707886	277638346823304
277638363001741	277638375139293	277638363499502
277638379665595	277638391569970	277638380174866
277638396372054	277638407998147	277638396923564
277638413003929	277638424424710	277638413503408
277638429665804	277638440852313	277638430159866
277638446324710	277638457282626	277638446825335
277638462999866	277638473714137	277638463606377
277638479663460	277638490143668	277638480201273
277638496328147	277638506573304	277638496844033
277638512995491	277638531217105	277638513499710
277638541801272	277638555859866	277638542239658
277638546292210	277638564073616	277638546594554
277638562936064	277638580499917	277638563313616
277638579613772	277638596929189	277638580158304
277638596289189	277638613360490	277638596820647
277638612928304	277638629792886	277638613562522
277638629589085	277638646225022	277638630114970
277638646378564	277638662658512	277638646921585
277638662934241	277638679093199	277638663452522
277638679592679	277638695526688	277638680159397
277638696263304	277638711961480	277638696779397
277638712999345	277638728392783	277638713498772
277638729667991	277638744827418	277638730168772
277638746332939	277638761261845	277638746840283
277638763002210	277638777697314	277638763506585
277638779667002	277638794130594	277638780183564
277638804699866	277638818781272	277638805117210
277638812982470	277638826998824	277638813364502
277638829651897	277638843433251	277638830017522
277638846332627	277638859863980	277638846836064
277638863004554	277638876295022	277638863512522
277638879669033	277638892730022	277638880162679
277638896341689	277638909162626	277638896893877
277638913002835	277638925593511	277638913506741
277638929667991	277638942024188	277638930220804
277638946336585	277638958454084	277638946901272
277638963005804	277638974883980	277638963506376
277638979673876	277638991313251	277638980203251
277638996333720	277639007741480	277638996844501
277639013006845	277639024169761	277639013516897
277639029677991	277639040599397	277639030181272
277639046340908	277639057029709	277639046900179
277639066762314	277639081673928	277639067157522
277639079657054	277639098105542	277639080029970
277639096358929	277639114535595	277639096877679
277639113016741	277639130964292	277639113520022
277639129662314	277639147396897	277639130167054
277639146336689	277639163828668	277639146921429
277639162996533	277639180262366	277639163506897
277639179663772	277639196697313	277639180196585
277639196358772	277639213134084	277639196962210
277639213011064	277639229566897	277639213505491
277639229667626	277639246001741	277639230172678
277639246328928	277639262438667	277639246835751
277639263006116	277639278873564	277639263526689
277639279667314	277639295309501	277639280176585
277639296341064	277639311742782	277639296843251
277639327621897	277639344609553	277639328063720
277639329599345	277639352825751	277639329908928
277639346319866	277639361041428	277639346732210
277639363011272	277639377472938	277639363521272
277639379689866	277639393904553	277639380209866
277639396384710	277639410338824	277639396956376
277639413019553	277639426774813	277639413512053
277639429687001	277639443210022	277639430181116
277639446347470	277639459645699	277639446876116
277639463017835	277639476079136	277639463521897
277639479681116	277639492510959	277639480176689
277639496347939	277639508942053	277639496849814
277639513040908	277639525371792	277639513542053
277639529681428	277639541803042	277639530203147
277639546352783	277639558233980	277639546801741
277639563013095	277639574665699	277639563464189
277639588502366	277639599315959	277639588894814
277639599322991	277639615750699	277639599703772
277639613043720	277639623968616	277639613410178
277639629736272	277639640401844	277639630163876
277639646401272	277639656834032	277639646860178
277639663058876	277639673266376	277639663497939
277639679752314	277639697915386	277639680181532
277639696375491	277639714348511	277639696821585
277639713052053	277639730781480	277639713545282
277639729702366	277639747216063	277639730147835
277639746415335	277639763649657	277639746974657
277639763079553	277639780082261	277639763560178
277639779752678	277639796513824	277639780392470
277639796421845	277639812944084	277639796822626
277639813120126	277639829374136	277639813596584
277639829779397	277639845808251	277639830262366
277639853172366	277639870459344	277639853598616
277639863086741	277639878676063	277639863306741
277639879706116	277639895107157	277639880079553
277639896426220	277639911540022	277639896926741
277639913142991	277639927976427	277639913595491
277639929775334	277639944409397	277639930293407
277639946417834	277639960841636	277639946910178
277639963077782	277639977273875	277639963566064
277639979760959	277639993708303	277639980267991
277639996472991	277640010142314	277639996897053
277640013110803	277640026577626	277640013601116
277640029742053	277640043011897	277640030161741
277640046477522	277640059443616	277640046961116
277640063124241	277640075872625	277640063608720
277640079830178	277640092303146	277640080315334
277640096454866	277640108736063	277640096858928
277640116210334	9223372036854775807	277640116577782

POLL t=442.5 tick=3294
8333333
277648730686112	277648743923039	277648731214550
277648747352519	277648760354237	277648747926581
277648764027831	277648776783769	277648764515019
277648780726112	277648793210487	277648781234029
277648797354862	277648809639393	277648797878456
277648814009237	277648826069914	277648814495019
277648830697935	277648842498456	277648831192831
277648856045956	277648867140904	277648856445956
277648863952154	277648875356164	277648864405331
277648880698612	277648891784706	277648881207206
277648897355331	277648908215487	277648897852206
277648914015019	277648924645851	277648914516685
277648930689081	277648949287623	277648931230175
277648947345904	277648965714653	277648947920279
277648964030019	277648982145122	277648964519394
277648980692935	277648998575330	277648981194237
277648997350956	277649015007778	277648997861737
277649014014393	277649031440018	277649014527050
277649030633091	277649047871945	277649031162310
277649047351373	277649064303924	277649047865123
277649064068612	277649080737414	277649064557206
277649080680904	277649097169757	277649081178873
277649097358456	277649113602935	277649097867050
277649118458456	277649130034757	277649118854237
277649130687362	277649146466008	277649131107206
277649147360800	277649162898508	277649147861216
277649164041581	277649179333195	277649164524498
277649180726893	277649195764340	277649181233925
277649197363925	277649212197205	277649197867831
277649214028768	277649228628716	277649214596685
277649230692935	277649245061997	277649231199081
277649247357206	277649261494028	277649247866216
277649264092675	277649277925747	277649264526737
277649280685123	277649294356528	277649281188404
277649297362206	277649310785747	277649297863300
277649314027154	277649327217414	277649314529081
277649330702206	277649343649706	277649331205956
277649347364341	277649360081372	277649347858300
277649377949185	277649392949132	277649378325956
277649380620435	277649401166007	277649381027779
277649397345331	277649409383507	277649397711425
277649414035123	277649425819236	277649414533612
277649430700018	277649442253611	277649431199862
277649447367466	277649458688456	277649447868872
277649464072518	277649475122205	277649464534081
277649480679654	277649491553559	277649481185747
277649497321737	277649507984705	277649497881685
277649513995800	277649524415278	277649514541372
277649530643612	277649549064914	277649531157831
277649547301425	277649565497153	277649547900747
277649563983925	277649581928091	277649564616425
277649580678925	277649598360539	277649581200435
277649597313612	277649614793508	277649597890122
277649613968612	277649631224862	277649614498300
277649638326112	277649655874914	277649638711997
277649650707987	277649664091736	277649651125956
277649664055018	277649680521580	277649664394081
277649680700331	277649696951580	277649681151216
277649697358768	277649713385279	277649697841737
277649714027049	277649729817205	277649714479862
277649730689654	277649746250903	277649731138456
277649747357518	277649762684341	277649747803456
277649764042987	277649779116840	277649764473560
277649780690487	277649795548611	277649781128872
277649797356893	277649811980903	277649797793456
277649814023924	277649828413820	277649814467310
277649830694497	277649844849080	277649831137049
277649847354549	277649861284028	277649847796581
277649864103768	277649877721059	277649864461841
277649880671893	277649894155382	277649881128768
277649900708456	277649918804393	277649901098143
277649913979237	277649927019757	277649914354029
277649930657674	277649943453038	277649931165122
277649947317154	277649959887205	277649947826372
277649963975279	277649976320695	277649964526372
277649980636060	277649992754341	277649980983299
277649997315591	277650009189132	277649997888872
277650013983768	277650025622362	277650014515487
277650030635487	277650042054653	277650031146893
277650047299706	277650058487361	277650047810018
277650063974029	277650074919757	277650064483456
277650080638716	277650091351111	277650080997518
277650097305747	277650107783872	277650097864081
277650113967206	277650124214913	277650114502622
277650130655956	277650148862778	277650131174341
277650160412310	277650173514549	277650160806060
277650163970174	277650181729653	277650164291268
277650180632674	277650198162778	277650180879237
277650197319549	277650214594757	277650197946737
277650214005956	277650231028351	277650214599081
277650230666581	277650247462726	277650231265018
277650247338456	277650263896580	277650247910799
277650264262153	277650280329809	277650264768924
277650280673247	277650296764600	277650281156424
277650297344080	277650313200434	277650297964393
277650314077362	277650329633924	277650314588091
277650330721893	277650346066892	277650331151268
277650347410330	277650362499497	277650347894237
277650364215018	277650378931112	277650364695435
277650380816372	277650395365330	277650381295330
277650397468091	277650411799444	277650397873455
277650418942205	277650436449601	277650419329549
277650430795955	277650444665538	277650431148612
277650447444393	277650461099393	277650447811112
277650464208612	277650477532622	277650464692622
277650480842674	277650493965018	277650481352518
277650497470487	277650510399549	277650497956737
277650514153716	277650526834393	277650514642987
277650530880799	277650543269653	277650531344393
277650547524497	277650559704809	277650547994810
277650564216893	277650576138351	277650564629862
277650580902518	277650592574028	277650581362518
277650597511112	277650609007257	277650597989549
277650614202987	277650625440590	277650614678716
277650630761893	277650641873871	277650631246424
277650647487987	277650658305747	277650647894705
277650664161112	277650674738664	277650664627935
277650683972622	277650699390174	277650684380487
277650697458299	277650715823403	277650697828143
277650714140903	277650732256320	277650714599966
277650730845330	277650748690070	277650731326580
277650747493924	277650765123455	277650747980799
277650764081372	277650781558091	277650764496424
277650780801893	277650797994080	277650781218924
277650797489862	277650814429392	277650797911841
277650814119028	277650830861789	277650814573091
277650830803872	9223372036854775807	277650831278768

POLL t=453.2 tick=3341
8333333
277659431067983	277659448889858	277659431590640
277659447732775	277659465322358	277659448266733
277659464438765	277659481754441	277659464919546
277659481084702	277659498188244	277659481610275
277659497731889	277659514621056	277659498352983
277659514406577	277659531054805	277659514937150
277659531181421	277659547488921	277659531587358
277659547742619	277659563923139	277659548289025
277659564445639	277659580357253	277659564919494
277659584636212	277659596793295	277659585023087
277659597792827	277659613229754	277659598215171
277659614464389	277659629669649	277659614963921
277659631149494	277659646104128	277659631696577
277659647805171	277659662540639	277659648299858
277659664472931	277659678975431	277659664981994
277659681141369	277659695406264	277659681648296
277659697804389	277659711836993	277659698317671
277659714471264	277659728268920	277659714977306
277659731144389	277659744703035	277659731649077
277659747811577	277659761133452	277659748311733
277659764530483	277659777563920	277659765033244
277659781140327	277659793994858	277659781645275
277659797801889	277659810424493	277659798313556
277659814425796	277659826855535	277659815018921
277659831076994	277659843282931	277659831578139
277659851269233	277659867928503	277659851660483
277659864462827	277659876143035	277659864837827
277659881141577	277659892572462	277659881653921
277659897805952	277659909000743	277659898320952
277659914467983	277659925432254	277659914978868
277659931137671	277659941864284	277659931589077
277659947774858	277659966511681	277659948219233
277659964507827	277659982943087	277659964951733
277659981131212	277659999371159	277659981591421
277659997795796	277660015800014	277659998249858
277660014469702	277660032229337	277660014920118
277660031135275	277660048661368	277660031634077
277660047800796	277660065092253	277660048255796
277660064466108	277660081525171	277660064919389
277660081132671	277660097957462	277660081699233
277660108853712	277660122605743	277660109249025
277660114470275	277660130822774	277660115006264
277660131071525	277660147254493	277660131467358
277660147749962	277660163686420	277660148227931
277660164488295	277660180117409	277660164960900
277660181155118	277660196549493	277660181655639
277660197818452	277660212984493	277660198315014
277660214476264	277660229422305	277660214977514
277660231152983	277660245856992	277660231648452
277660247816577	277660262291368	277660248304493
277660264489858	277660278724545	277660264982827
277660281150900	277660295157722	277660281652670
277660297814233	277660311589754	277660298321264
277660314489389	277660328019806	277660314992931
277660331158452	277660344450691	277660331660483
277660347821577	277660360881732	277660348351733
277660371941577	277660385528087	277660372356681
277660381136889	277660393743347	277660381530952
277660397813920	277660410175118	277660398171108
277660414485014	277660426607565	277660414986733
277660431156368	277660443038451	277660431652827
277660447824389	277660459471003	277660448311733
277660464520275	277660475902513	277660464987150
277660481158920	277660492334597	277660481655743
277660497820170	277660508766003	277660498315483
277660514476420	277660533410743	277660514975639
277660531156733	277660549839805	277660531685327
277660547813764	277660566271680	277660548310014
277660564524702	277660582702931	277660565082045
277660581151264	277660599136368	277660581653764
277660597817514	277660615568295	277660598374702
277660614487045	277660631999336	277660614990952
277660634534858	277660648432410	277660634966368
277660664235743	277660681300535	277660664632983
277660664734493	277660689516837	277660664828608
277660681209545	277660697733712	277660681802514
277660697895170	277660714169232	277660698400587
277660714543868	277660730604180	277660715051837
277660731220899	277660747037565	277660731737045
277660747888556	277660763473243	277660748415170
277660764613243	277660779906420	277660765117149
277660781221420	277660796340378	277660781724389
277660797884649	277660812773711	277660798391368
277660814556368	277660829207357	277660815058920
277660831212670	277660845638920	277660831721056
277660847936576	277660862070170	277660848430014
277660864608451	277660878501003	277660865101056
277660881234858	277660894929805	277660881758295
277660901290118	277660919574492	277660901684024
277660914541576	277660927789180	277660914905014
277660931228556	277660944219545	277660931721889
277660947899076	277660960648764	277660948452358
277660964620326	277660977077201	277660965119493
277660981288295	277660993508451	277660981775795
277660997876108	277661009937773	277660998378139
277661014556733	277661026367617	277661015106576
277661031228868	277661042796367	277661031744493
277661047978920	277661059226055	277661048451681
277661064630170	277661075654440	277661065117670
277661081339389	277661092083190	277661081815326
277661097940118	277661108512722	277661098425170
277661114620483	277661124942149	277661115174701
277661131347670	277661149589076	277661131813920
277661147976368	277661166019284	277661148452462
277661167600795	277661182448711	277661167998087
277661181282983	277661198878607	277661181645743
277661197974858	277661215307357	277661198458764
277661214629858	277661231734441	277661215099389
277661231306680	277661248160950	277661231935274
277661247992201	277661264590847	277661248481889
277661264658295	277661281019857	277661265127618
277661281299858	277661297449076	277661281774233
277661297976733	277661313879024	277661298461055
277661314614024	277661330309388	277661315088555
277661331278451	277661346738086	277661331809701
277661347938295	277661363166836	277661348371576
277661364683868	277661379597148	277661365178712
277661381303295	277661396029128	277661381783139
277661398011733	277661412457618	277661398483139
277661414583920	277661428886993	277661415089389
277661433423451	277661445317097	277661433825430
277661447950639	277661461747409	277661448345795
277661464626889	277661478176524	277661465032149
277661481248451	277661494605586	277661481670482
277661497999857	277661511034232	277661498408764
277661514596889	277661527463138	277661514997045
277661531278764	277661543892096	277661531706524

POLL t=463.9 tick=3388
8333333
277670131950948	277670144386728	277670132486260
277670148632042	277670160816468	277670149141677
277670165259854	277670177245583	277670165775792
277670181916417	277670193677197	277670182379958
277670198612354	277670210106520	277670199107615
277670215261729	277670226536729	277670215761677
277670231930479	277670242966572	277670232389542
277670248590792	277670259395166	277670249054073
277670265260167	277670275825010	277670265728604
277670281923708	277670300467354	277670282426990
277670298581573	277670316897249	277670299059542
277670315250583	277670333327145	277670315716729
277670331937146	277670349757822	277670332392979
277670357688292	277670374403187	277670358189177
277670365264958	277670382616468	277670365590115
277670381983917	277670399044228	277670382369073
277670398605635	277670415472926	277670399249698
277670415332927	277670431904437	277670415894229
277670431999489	277670448335062	277670432497614
277670448637823	277670464764593	277670449147042
277670465275167	277670481195270	277670465833292
277670481939385	277670497626885	277670482456885
277670498675635	277670514058448	277670499171260
277670515330739	277670530485322	277670515829333
277670532018448	277670546913187	277670532544021
277670548672614	277670563338499	277670549173917
277670565324854	277670579766416	277670565827979
277670581993604	277670596194437	277670582501677
277670598666417	277670612622718	277670599171417
277670618662146	277670629051781	277670619056260
277670647003760	277670661908135	277670647372823
277670648578604	277670670122197	277670648922927
277670665319541	277670678335582	277670665828448
277670682003916	277670694765426	277670682571260
277670698663083	277670711193499	277670699168864
277670715339802	277670727622562	277670715850323
277670732029958	277670744049385	277670732505583
277670748712666	277670760476468	277670749220166
277670765340010	277670776903499	277670765845896
277670782005427	277670793331416	277670782514646
277670798683083	277670809760478	277670799187041
277670815340010	277670826189645	277670815848760
277670832070739	277670842618135	277670832509958
277670848670948	277670867258291	277670849174073
277670877248552	277670891902457	277670877646573
277670881974489	277670900117354	277670882280479
277670898644177	277670916547250	277670899012666
277670915333760	277670932978447	277670915846573
277670931996208	277670949410218	277670932505583
277670948670791	277670965841260	277670949179073
277670965373708	277670982273395	277670966113343
277670982011416	277670998704281	277670982517510
277670998849489	277671015133656	277670999184021
277671015495427	277671031563968	277671015997302
277671032178396	277671047994801	277671032720479
277671048757927	277671064427093	277671049278239
277671065486416	277671080858707	277671065986104
277671082141989	277671097291312	277671082675583
277671098809489	277671113724593	277671099309698
277671115474854	277671130155895	277671115973291
277671136730635	277671154800635	277671137127354
277671148803291	277671163015842	277671149229854
277671165480479	277671179444228	277671165981104
277671182145479	277671195874541	277671182645635
277671198810010	277671212304906	277671199313448
277671215476104	277671228737978	277671215978448
277671232205010	277671245170374	277671232709073
277671248760479	277671261602510	277671249276520
277671265481208	277671278034385	277671265976208
277671282144541	277671294465843	277671282653447
277671298812510	277671310896833	277671299319802
277671315479541	277671327327562	277671315986416
277671332200479	277671343760582	277671332678083
277671348817822	277671360192092	277671349320010
277671365480166	277671376621989	277671365994385
277671396230739	277671409476468	277671396627510
277671398729854	277671417690947	277671399075479
277671415463395	277671434118864	277671415833604
277671432196104	277671450547718	277671432696677
277671448820010	277671466977405	277671449319229
277671465471364	277671483406051	277671465915947
277671482150791	277671499835530	277671482595947
277671498811364	277671516263812	277671499261729
277671515477666	277671532689801	277671515971052
277671532148135	277671549121103	277671532603604
277671548840635	277671565552092	277671549339958
277671565469229	277671581984593	277671565917354
277671582141104	277671598416259	277671582592354
277671598802458	277671614846780	277671599254802
277671615472458	277671631278082	277671615922041
277671632181416	277671647707406	277671632625947
277671654089802	277671672352093	277671654519229
277671665468447	277671680567353	277671665887770
277671685566989	277671696997301	277671686023604
277671698815895	277671713427249	277671699262666
277671715488551	277671729858395	277671716095791
277671732255114	277671746287249	277671732726572
277671748915947	277671762714749	277671749422197
277671765541104	277671779143551	277671766114906
277671782173291	277671795571884	277671782663551
277671798894385	277671812000947	277671799406989
277671815591364	277671828431103	277671816141364
277671832311260	277671844862041	277671832782614
277671848879229	277671861292873	277671849359854
277671865602770	277671877724072	277671866079541
277671882261572	277671894158916	277671882738916
277671898921416	277671910592144	277671899383395
277671918159072	277671935237978	277671918561989
277671932246051	277671943453967	277671932590166
277671948915583	277671959888134	277671949342822
277671965568603	277671976321885	277671965980635
277671982216416	277671992753030	277671982631416
277671998901989	277672009184957	277671999323447
277672015540010	277672033835322	277672015955739
277672032288760	277672050268864	277672032701260
277672048888447	277672066703238	277672049310583
277672065539541	277672083136259	277672066003864
277672082184541	277672099569280	277672082674228
277672098847197	277672116002926	277672099298603
277672115568291	277672132435217	277672116197666
277672132301728	277672148865478	277672132733864
277672148845166	277672165298864	277672149266364
277672179162666	277672189945061	277672179557666
277672182211885	277672198161363	277672182862145
277672198933083	277672214592353	277672199306676
277672215601520	277672231022301	277672216068083
277672232272353	277672247452770	277672232811989

POLL t=474.7 tick=3435
8333333
277680849343704	277680865002558	277680849711256
277680866023600	277680881434016	277680866527506
277680882701985	277680897865006	277680883208288
277680899378079	277680914294693	277680899875267
277680916045788	277680930724329	277680916536048
277680932780423	277680947157350	277680933286673
277680949356100	277680963590370	277680949845944
277680966019329	277680980024432	277680966516204
277680982688392	277680996459641	277680983184069
277680999352663	277681012893131	277680999906725
277681016080163	277681029328704	277681016519225
277681032763392	277681045764590	277681033248600
277681049345163	277681062197454	277681049847819
277681065990944	277681078630006	277681066538756
277681088668548	277681103275162	277681089091725
277681099359694	277681111491308	277681099782819
277681116043131	277681127922402	277681116383131
277681132731881	277681144351673	277681133250162
277681149368600	277681160782245	277681149874798
277681166028444	277681177213235	277681166347506
277681182704225	277681193645631	277681183201881
277681199363912	277681210077402	277681199857662
277681216114850	277681226507610	277681216523860
277681232696360	277681242933495	277681233222298
277681249376725	277681267574537	277681249868235
277681266025475	277681284007401	277681266342506
277681282693912	277681300437975	277681283257819
277681299357506	277681316869485	277681299926569
277681316043392	277681333300735	277681316599069
277681332701204	277681349729329	277681333217819
277681352787142	277681366159172	277681353227037
277681365998912	277681382587506	277681366309954
277681382739069	277681399016568	277681383200787
277681399362662	277681415446100	277681399863756
277681416077662	277681431874120	277681416520475
277681432693444	277681448304850	277681433199537
277681449386048	277681464732922	277681449871985
277681466057350	277681481163600	277681466336360
277681482705006	277681497593130	277681483206517
277681499368131	277681514022558	277681499866881
277681516047506	277681530450735	277681516539694
277681532731256	277681546877714	277681533262298
277681549368079	277681563305266	277681549873756
277681566028548	277681579733756	277681566495423
277681582708548	277681596162453	277681583157037
277681610058704	277681620806568	277681610469381
277681616056725	277681629020527	277681616409329
277681640719954	277681653664433	277681641170423
277681649356412	277681661880162	277681649810787
277681666036673	277681678309849	277681666482662
277681682694798	277681694739381	277681683134173
277681699364069	277681711168235	277681699803131
277681716040006	277681727594120	277681716469329
277681732700006	277681744022402	277681733136725
277681749368756	277681760452505	277681749806673
277681766031516	277681776882818	277681766476256
277681782702298	277681793310891	277681783150475
277681799364068	277681817956464	277681799811725
277681816126673	277681834384172	277681816631204
277681832708600	277681850815995	277681833218756
277681849374537	277681867245475	277681849900631
277681871215006	277681883673807	277681871642193
277681882704693	277681900102714	277681883139225
277681899379954	277681916529068	277681899878860
277681916056725	277681932954380	277681916559798
277681932736725	277681949383183	277681933232506
277681949382350	277681965811985	277681949868391
277681966113287	277681982243287	277681966536256
277681982699068	277681998675578	277681983209068
277681999374225	277682015109120	277681999882818
277682016080631	277682031539849	277682016543131
277682032710787	277682047970683	277682033213287
277682049385735	277682064401776	277682049890579
277682066045006	277682080833808	277682066582141
277682082716881	277682097267453	277682083218131
277682099388079	277682113699432	277682099942037
277682116075162	277682130128339	277682116561673
277682136031829	277682146557714	277682136408287
277682149372975	277682162985318	277682149735110
277682166048600	277682179415266	277682166540475
277682182720631	277682195844224	277682183209016
277682199382506	277682212271568	277682199895631
277682216133600	277682228699120	277682216548443
277682232712818	277682245127037	277682233217766
277682249376412	277682261553755	277682249888756
277682266052193	277682277981984	277682266584068
277682282712297	277682294410266	277682283219381
277682299385006	277682310834120	277682299942506
277682316070891	277682327259537	277682316625475
277682332759225	277682343685370	277682333276100
277682349381881	277682360110474	277682349893079
277682366049954	277682376536724	277682366548131
277682390730943	277682409389954	277682391123235
277682399355006	277682417604641	277682399635787
277682416053235	277682434032817	277682416542662
277682432745474	277682450460474	277682433229016
277682449428235	277682466888860	277682449911256
277682466219849	277682483321099	277682466717506
277682482768756	277682499753391	277682483243547
277682499462506	277682516184276	277682500008599
277682516083912	277682532614953	277682516501360
277682532790162	277682549047974	277682533209537
277682549453599	277682565479328	277682549865474
277682566070891	277682581908859	277682566486047
277682582758443	277682598338651	277682583174172
277682599442662	277682614767349	277682599927506
277682616195631	277682631197505	277682616661985
277682632801099	277682647626151	277682633282610
277682652946881	277682664054224	277682653355162
277682666097818	277682680482193	277682666460631
277682682795943	277682696911307	277682683213756
277682699457818	277682713342505	277682699872141
277682716159172	277682729774067	277682716570006
277682732815943	277682746204328	277682733234797
277682749415006	277682762636203	277682749830943
277682766119016	277682779067870	277682766535318
277682782789693	277682795497349	277682783204068
277682799449016	277682811927088	277682799881985
277682816183287	277682828356307	277682816657662
277682832735943	277682844784589	277682833151412
277682849502506	277682861216984	277682849986881
277682866140787	277682877650318	277682866569849
277682882821985	277682894083026	277682883263443
277682915085787	277682926945734	277682915468391
277682919288756	277682935160786	277682920005631
277682932799016	277682951588703	277682933178131
277682949472610	9223372036854775807	277682949913756

POLL t=485.4 tick=3506
8333333
277691553341356	277691569616252	277691553628909
277691566517763	277691577830054	277691566875159
277691583187763	277691594261043	277691583708075
277691599857450	277691610691043	277691600355315
277691616523440	277691627121720	277691617020888
277691633188544	277691643551565	277691633745783
277691649856981	277691668200054	277691650349169
277691666514794	277691684633596	277691667031565
277691683182346	277691701064012	277691683691669
277691699852815	277691717496095	277691700440158
277691716549065	277691733928179	277691717053752
277691733202658	277691750360002	277691733705315
277691749847971	277691766794741	277691750361408
277691766517190	277691783227242	277691767070575
277691783181096	277691799657658	277691783693283
277691811495315	277691824305470	277691811861252
277691819855158	277691832522137	277691820287294
277691833146981	277691848954220	277691833546565
277691849821981	277691865385731	277691850325106
277691866533440	277691881816356	277691866977658
277691883184846	277691898246147	277691883630627
277691899816096	277691914676356	277691900264533
277691916517971	277691931107033	277691916978700
277691933123283	277691947535627	277691933582815
277691949788127	277691963964220	277691950247606
277691966450158	277691980391772	277691966913283
277691983110315	277691996822397	277691983577971
277691999774638	277692013249324	277692000266408
277692016451565	277692029676356	277692016912502
277692033187346	277692046104325	277692033634169
277692049805731	277692062531408	277692050256512
277692076963752	277692095390418	277692077349950
277692083164221	277692103606928	277692083444377
277692099835627	277692111820835	277692100221096
277692116535731	277692128247814	277692117032762
277692133192502	277692144675992	277692133692346
277692149862658	277692161100887	277692150363752
277692166527815	277692177528335	277692167024221
277692183193283	277692193956356	277692183692971
277692199862033	277692210384429	277692200180002
277692216534533	277692235026147	277692217036408
277692233197658	277692251453751	277692233703440
277692249854846	277692267882397	277692250362346
277692266521825	277692284308699	277692267023439
277692283195002	277692300738335	277692283709846
277692299833231	277692317164897	277692300199064
277692316524689	277692333592449	277692317036721
277692341435575	277692358237137	277692341989325
277692349854377	277692366452762	277692350846044
277692366525314	277692382883960	277692366889169
277692383206564	277692399312762	277692383714950
277692399863596	277692415744532	277692400216252
277692416519012	277692432176304	277692417040002
277692433197033	277692448608647	277692433700939
277692449871252	277692465040314	277692450363856
277692466535158	277692481467866	277692467026252
277692483202606	277692497897502	277692483702971
277692499857762	277692514325574	277692500214064
277692516537137	277692530756200	277692517032919
277692533200627	277692547186824	277692533694377
277692549868231	277692563617137	277692550364012
277692566532033	277692580046564	277692567024689
277692583202137	277692596477554	277692583699064
277692604835002	277692621122345	277692605230002
277692616514950	277692629338179	277692616881721
277692633206044	277692645768439	277692633716408
277692649867294	277692662198804	277692650369533
277692666537189	277692678629533	277692667028387
277692683203856	277692695059741	277692683701200
277692699875158	277692711489480	277692700410887
277692716585418	277692727918334	277692717069846
277692733208387	277692744343179	277692733722502
277692749871877	277692760769741	277692750454846
277692766547293	277692777197293	277692767045002
277692783212033	277692801838126	277692783721564
277692799867502	277692818267345	277692800380158
277692816549637	277692834698231	277692817062450
277692833200731	277692851129220	277692833715783
277692849868283	277692867559846	277692850383075
277692869840575	277692883988856	277692870252658
277692898517762	277692916845366	277692898897033
277692899804220	277692925059480	277692900108127
277692916566043	277692933273439	277692917305887
277692933226095	277692949701303	277692933743439
277692949891564	277692966129793	277692950403439
277692966557189	277692982558231	277692967069220
277692983249377	277692998985210	277692983765627
277692999899793	277693015415314	277693000390783
277693016568595	277693031846043	277693017079064
277693033227762	277693048276929	277693033727918
277693049891095	277693064707241	277693050394845
277693066576825	277693081137866	277693067089481
277693083228595	277693097570626	277693083742918
277693099893856	277693114001042	277693100375731
277693116606252	277693130429167	277693117072450
277693136670783	277693155072240	277693137081252
277693149910314	277693163287293	277693150374950
277693166614377	277693179714533	277693167047814
277693183284377	277693196144533	277693183703283
277693199955939	277693212575470	277693200381877
277693216647189	277693229005678	277693217080314
277693233291564	277693245434949	277693233737137
277693249972345	277693261865366	277693250437658
277693266680158	277693278293751	277693267115158
277693283257345	277693294725626	277693283679845
277693299955002	277693311157814	277693300376408
277693316607970	277693327588960	277693317038752
277693333305939	277693344018179	277693333758856
277693350029689	277693360448490	277693350565887
277693366668231	277693385096824	277693367146252
277693398070731	277693409743647	277693398469533
277693399849793	277693417958908	277693400163908
277693416599064	277693434387866	277693416967137
277693433302814	277693450818490	277693433796408
277693450005470	277693467248490	277693450548595
277693466638856	277693483677657	277693467116408
277693483324220	277693500109585	277693483866408
277693499985002	277693516541042	277693500495783
277693516671877	277693532972866	277693517093908
277693533355783	277693549403230	277693533833283
277693549961720	277693565832501	277693550435887
277693566682293	277693582262553	277693567167137
277693583332606	277693598693491	277693583811720
277693600066251	277693615128022	277693600496408
277693616686668	277693631561251	277693617164220
277693633341720	277693647992501	277693633814168
277693663328283	9223372036854775807	277693663721512

POLL t=496.1 tick=3553
8333333
277702300218071	277702315460675	277702300741665
277702316886561	277702331888279	277702317397342
277702333549009	277702348316560	277702334100154
277702350231977	277702364746508	277702350750415
277702366900467	277702381176040	277702367424686
277702387382134	277702405822654	277702387883019
277702400209165	277702414036351	277702400588904
277702416891352	277702430464425	277702417402029
277702433544061	277702446894633	277702434062602
277702450224946	277702463323591	277702450736561
277702466901040	277702479749112	277702467454842
277702483548904	277702496175258	277702484073436
277702500212446	277702512601040	277702500758123
277702516882342	277702529029685	277702517442029
277702533550779	277702545457498	277702534074061
277702550217498	277702561887862	277702550804477
277702566879946	277702578318852	277702567407029
277702583544842	277702594749268	277702584129842
277702600211873	277702611180206	277702600734061
277702616883123	277702635826247	277702617423904
277702633546821	277702652259425	277702634089998
277702653886561	277702668691612	277702654281873
277702666935779	277702685126560	277702667305936
277702683604842	277702701561977	277702684105467
277702700272811	277702717996299	277702700769008
277702716952133	277702734430987	277702717459217
277702733658435	277702750865310	277702734174321
277702750280102	277702767299685	277702750804217
277702766945102	277702783729998	277702767482185
277702783607498	277702800159529	277702784124217
277702800289685	277702816589945	277702800804529
277702816953748	277702833019841	277702817472342
277702833610623	277702849450206	277702834122290
277702850280467	277702865879528	277702850783279
277702866946560	277702882311456	277702867453748
277702883614060	277702898744008	277702884116560
277702913126717	277702923387966	277702913522967
277702916883592	277702931602758	277702917293904
277702943608540	277702956244789	277702943970415
277702950247654	277702964459112	277702950661248
277702966921665	277702980887342	277702967439373
277702983576873	277702997315362	277702984137810
277703000235154	277703013743174	277703000736560
277703016915415	277703030169425	277703017458123
277703033565467	277703046596404	277703034080883
277703050231873	277703063023539	277703050744373
277703066914790	277703079455570	277703067429165
277703083563904	277703095886872	277703084184685
277703100263435	277703112316873	277703100783748
277703116889998	277703128748383	277703117413227
277703133562342	277703145178903	277703134135258
277703150223904	277703161611768	277703150788435
277703178148071	277703194469373	277703178486508
277703183526873	277703202684477	277703183866248
277703200209477	277703210899633	277703200594321
277703216924685	277703235543070	277703217417029
277703233565935	277703251976039	277703234087967
277703250216039	277703268408227	277703250685258
277703266899998	277703284839008	277703267365623
277703283549998	277703301271456	277703284025310
277703300249217	277703317705674	277703300764842
277703316895154	277703334136612	277703317365258
277703333548748	277703350563695	277703334072185
277703350226196	277703366992393	277703350709946
277703366883539	277703383422914	277703367337758
277703383606196	277703399852498	277703384110310
277703400265154	277703416279788	277703400733383
277703416930623	277703432707809	277703417397341
277703439154998	277703457351611	277703439564685
277703450326352	277703465567133	277703450816091
277703467024060	277703481994320	277703467518071
277703483679216	277703498421351	277703484198279
277703500389373	277703514852080	277703500896716
277703517012498	277703531281456	277703517521716
277703533674216	277703547711455	277703534225154
277703550546039	277703564142445	277703551050623
277703567125779	277703580570831	277703567630154
277703583796873	277703597000987	277703584293383
277703600459060	277703613431977	277703600960310
277703617125466	277703629862341	277703617628852
277703633782966	277703646293487	277703634347185
277703650465154	277703662723956	277703651021039
277703667128904	277703679152810	277703667635883
277703683795935	277703695581507	277703684313071
277703703888748	277703720222133	277703704272602
277703717108383	277703728436039	277703717517185
277703733794685	277703744862601	277703734298383
277703750467966	277703761288851	277703750967498
277703767132654	277703777718070	277703767632029
277703783810414	277703802357184	277703784303123
277703800465935	277703818784372	277703800975935
277703817129529	277703835212497	277703817639945
277703833799633	277703851642706	277703834313070
277703850500779	277703868069476	277703850993591
277703867146664	277703884499268	277703867657498
277703883864164	277703900933018	277703884378070
277703900557758	277703917364789	277703901084060
277703917196404	277703933794945	277703917682654
277703933868539	277703950226091	277703934350623
277703962051820	277703974870882	277703962446248
277703967148904	277703983085986	277703967702185
277703983827654	277703999514580	277703984210570
277704000549685	277704015942966	277704001017029
277704017207914	277704032370309	277704017716091
277704033870310	277704048798174	277704034417341
277704050454841	277704065227393	277704050881404
277704067299529	277704081657132	277704067804685
277704083870154	277704098087080	277704084341195
277704100531716	277704114514997	277704100945466
277704117210154	277704130946299	277704117694789
277704133852133	277704147377132	277704134339997
277704150559216	277704163808174	277704151032133
277704167173591	277704180237080	277704167668435
277704183926560	277704196666559	277704184397654
277704200468591	277704213096455	277704200850414
277704225833904	277704237740205	277704226252497
277704236921091	277704254170778	277704237313279
277704250491872	277704262385934	277704250873435
277704267220310	277704278817497	277704267709841
277704283890883	277704295246820	277704284371977
277704300626716	277704311674528	277704301136664
277704317266820	277704328101976	277704317742810
277704333891404	277704344531716	277704334369685
277704350593904	277704369181715	277704351062914
277704367283227	277704385613591	277704367756560
277704383893279	277704402044060	277704384360414
277704400512654	277704418477289	277704401062602

POLL t=506.8 tick=3599
8333333
277713050705775	277713067917650	277713051217338
277713067392129	277713084345931	277713067903692
277713084072494	277713100774317	277713084594369
277713100740567	277713117206712	277713101246244
277713120830254	277713133636139	277713121242650
277713134054525	277713150068275	277713134481869
277713150712650	277713166500983	277713151224682
277713167374004	277713182933900	277713167883744
277713184055723	277713199364160	277713184520307
277713200681504	277713215793431	277713201182494
277713217337598	277713232223900	277713217848900
277713234066869	277713248655411	277713234590879
277713250712806	277713265087024	277713251210931
277713267380879	277713281518067	277713267892963
277713284081661	277713297950567	277713284564629
277713300774004	277713314381816	277713301277806
277713317389369	277713330813379	277713317905619
277713334052806	277713347242181	277713334607494
277713350730463	277713363674264	277713351230879
277713367384525	277713380105202	277713367880775
277713387417025	277713404751399	277713387801661
277713400709838	277713412967545	277713401074161
277713417388119	277713429399785	277713417914161
277713434060254	277713445830253	277713434571869
277713450731348	277713462261556	277713451232025
277713467372963	277713478691400	277713467877181
277713484041400	277713495125879	277713484530879
277713500695254	277713511558952	277713501203223
277713517346869	277713527990619	277713517861036
277713534033431	277713544423483	277713534572806
277713550695411	277713569073900	277713551209213
277713567344004	277713585507806	277713567863900
277713584093900	277713601943795	277713584671869
277713600717650	277713618380358	277713601236088
277713617378119	277713634815514	277713617899004
277713645711192	277713659466243	277713646122494
277713650707806	277713667683639	277713650996244
277713667334525	277713684115982	277713667573119
277713684043744	277713700546816	277713684480931
277713700739994	277713716979577	277713701188431
277713717378119	277713733412181	277713717830098
277713734050463	277713749847181	277713734500619
277713750711088	277713766279889	277713751160150
277713767384213	277713782711504	277713767654838
277713784082494	277713799141192	277713784578848
277713800714838	277713815570566	277713801157598
277713817381869	277713832000566	277713817824681
277713834049473	277713848431244	277713834542181
277713850715775	277713864861868	277713851212025
277713867380098	277713881291556	277713867655098
277713884068119	277713897719837	277713884509056
277713907672181	277713922364421	277713908096504
277713917380931	277713930578379	277713917810410
277713934137337	277713947004212	277713934431973
277713950729525	277713963433900	277713951237337
277713967490775	277713979862493	277713967841973
277713984116556	277713996290774	277713984624056
277714000734473	277714012720670	277714001243119
277714017395254	277714029148795	277714017888535
277714034064837	277714045579785	277714034556400
277714050730567	277714062008639	277714051235150
277714067401035	277714078436347	277714067847650
277714084097494	277714094866191	277714084606400
277714100730879	277714111294993	277714101237962
277714117395306	277714135937442	277714117907025
277714134053431	277714152363327	277714134579525
277714150727494	277714168792181	277714151234160
277714170834629	277714185219473	277714171249837
277714199613535	277714218072441	277714199988744
277714200679369	277714226286400	277714201062754
277714217358900	277714234500462	277714218566244
277714234098119	277714250928014	277714234664160
277714250692337	277714267355566	277714251204994
277714267473848	277714283786504	277714267893535
277714284080931	277714300218014	277714284613119
277714300706244	277714316647180	277714301220775
277714317363691	277714333074837	277714317888900
277714334032650	277714349503535	277714334547754
277714350703587	277714365933743	277714351217129
277714367391556	277714382362180	277714367884212
277714384071087	277714398787180	277714384583535
277714400695306	277714415211920	277714401210462
277714417358119	277714431636712	277714417874629
277714437519056	277714448060879	277714437958223
277714450752285	277714464485775	277714451122494
277714467437181	277714480914212	277714467933744
277714484126087	277714497343170	277714484666869
277714500817337	277714513772857	277714501309056
277714517428691	277714530199993	277714517935254
277714534095410	277714546630514	277714534598900
277714550766504	277714563058222	277714551302806
277714567433275	277714579487441	277714567932337
277714584158900	277714595919629	277714584639525
277714600831712	277714612351660	277714601302806
277714617467129	277714628780097	277714617972181
277714634155879	277714645210462	277714634644837
277714650848848	277714661642597	277714651332181
277714667508587	277714686289784	277714667974056
277714696914160	277714710937805	277714697313587
277714700727181	277714719153639	277714701036868
277714717469837	277714735585097	277714717837025
277714734192337	277714752016556	277714734689368
277714750850775	277714768446868	277714751336243
277714767470931	277714784878170	277714767894525
277714784284212	277714801307441	277714784779837
277714800833118	277714817735566	277714801428223
277714817504160	277714834164212	277714817992650
277714834131087	277714850593795	277714834554316
277714850853223	277714867020513	277714851339525
277714867494212	277714883450410	277714868013535
277714884226712	277714899880045	277714884665618
277714900829993	277714916310514	277714901230254
277714917527962	277714932739681	277714918003848
277714934209681	277714949170305	277714934673691
277714962088431	277714973816607	277714962489629
277714967430931	277714982032597	277714967813743
277714984148118	277714998461399	277714984514368
277715000849525	277715014891138	277715001281087
277715017510306	277715031318066	277715017968379
277715034174160	277715047744732	277715034600150
277715050859837	277715064174108	277715051293066
277715067521556	277715080600930	277715067945879
277715084237025	277715097027597	277715084657181
277715100853743	277715113455722	277715101281087
277715117562493	277715129884368	277715117981504
277715134108587	277715146313638	277715134567962
277715150837806	9223372036854775807	277715151271712

POLL t=517.6 tick=3646
8333333
277723751174677	277723761749104	277723751679938
277723767839469	277723786391500	277723768361865
277723784496240	277723802819885	277723784997802
277723801163427	277723819250302	277723801666240
277723817830302	277723835678271	277723818333896
277723834499313	277723852106187	277723834998271
277723851174521	277723868533115	277723851679209
277723867830302	277723884962542	277723868362021
277723884497021	277723901391448	277723885181657
277723901170459	277723917819521	277723901690771
277723917840615	277723934249990	277723918335302
277723942324990	277723958893322	277723942716084
277723951150875	277723967107750	277723951363115
277723967820615	277723983537698	277723968241084
277723984508844	277723999966500	277723985009052
277724001168115	277724016393114	277724001677959
277724017879521	277724032818948	277724018331813
277724034515302	277724049245927	277724035018896
277724051180719	277724065673479	277724051683427
277724067839365	277724082098010	277724068339209
277724084510250	277724098521916	277724085010615
277724101173740	277724114947698	277724101681865
277724117835094	277724131373843	277724118346709
277724134507177	277724147801760	277724135011084
277724151182646	277724164229625	277724151690250
277724167842594	277724180657750	277724168339834
277724184511865	277724197086812	277724185030459
277724205020250	277724221729677	277724205482750
277724234173427	277724246375718	277724234736344
277724234684156	277724254590719	277724234848740
277724251234209	277724262804520	277724251739677
277724267916969	277724279235406	277724268441084
277724284618896	277724295668271	277724285119781
277724301251240	277724312102125	277724301828427
277724317906396	277724328533740	277724318431084
277724334580094	277724353178947	277724335136240
277724351249052	277724369609312	277724351858688
277724367906865	277724386041083	277724368482281
277724384575875	277724402473427	277724385153219
277724401240615	277724418905041	277724401762906
277724417910094	277724435335562	277724418508844
277724434572802	277724451765666	277724435090563
277724451241865	277724468195874	277724451750302
277724471702802	277724484625562	277724472144052
277724484578583	277724501055458	277724485006188
277724501268115	277724517484416	277724501757021
277724517923115	277724533909885	277724518421188
277724534579000	277724550339989	277724535085719
277724551246500	277724566767802	277724551761396
277724567922958	277724583194364	277724568502021
277724584575927	277724599619781	277724585079365
277724601245094	277724616046292	277724601751708
277724617899990	277724632472280	277724618464625
277724634567438	277724648900823	277724635082906
277724651237281	277724665329208	277724651798271
277724667912750	277724681758167	277724668418219
277724684580875	277724698187698	277724685090771
277724701253896	277724714619104	277724701763063
277724717915563	277724731054364	277724718476708
277724737899313	277724755701083	277724738307802
277724751236865	277724763915458	277724751674833
277724767918375	277724780343739	277724768418063
277724784586708	277724796773687	277724785099937
277724801252802	277724813201604	277724801812802
277724817912646	277724829630145	277724818425094
277724834585146	277724846059312	277724835143271
277724851251969	277724862487385	277724851788427
277724867916656	277724878915197	277724868496083
277724884619365	277724895346396	277724885126656
277724901259052	277724919990406	277724901757437
277724917914052	277724936421135	277724918414833
277724934587490	277724952851240	277724935164781
277724951241500	277724969280458	277724951757490
277724967887333	277724985710927	277724968382802
277724997219625	277725010356552	277724997616865
277725001241083	277725018572698	277725001615042
277725017899052	277725035002594	277725018267281
277725034595302	277725051435354	277725035227177
277725051256083	277725067863843	277725051789312
277725067925458	277725084291864	277725068478687
277725084581083	277725100721343	277725085087958
277725101240927	277725117149937	277725101752281
277725117907906	277725133580249	277725118414833
277725134608271	277725150009312	277725135109833
277725151255614	277725166439676	277725151768114
277725167939781	277725182869780	277725168522802
277725184599781	277725199298583	277725185099052
277725201260146	277725215725874	277725201766708
277725217917177	277725232151759	277725218490458
277725234593896	277725248577906	277725235104833
277725260448062	277725273217489	277725260842489
277725267874000	277725281430874	277725268281969
277725291169677	277725306072489	277725291542333
277725301248531	277725314286291	277725301694208
277725317913844	277725330716760	277725318410146
277725334584677	277725347144260	277725335033583
277725351309208	277725363570614	277725351747437
277725367996864	277725379997697	277725368405927
277725384662177	277725396423062	277725385091239
277725401339312	277725412845718	277725401769156
277725417961396	277725429271083	277725418401239
277725434678896	277725445697541	277725435100094
277725451337906	277725462124155	277725451820614
277725467984625	277725486762489	277725468422333
277725484651083	277725503191447	277725485132177
277725501312125	277725519619155	277725501725614
277725524403583	277725536045770	277725524788271
277725534639989	277725552471291	277725535026708
277725551296500	277725568898426	277725551665458
277725567949625	277725585324728	277725568365875
277725584668843	277725601749468	277725585171187
277725601372177	277725618174052	277725601915302
277725618018114	277725634599520	277725618509521
277725634709208	277725651024624	277725635185771
277725651305562	277725667449103	277725651723375
277725667944052	277725683874780	277725668378583
277725684693687	277725700300562	277725685113427
277725701373427	277725716729624	277725701839000
277725718026239	277725733156030	277725718594156
277725734653114	277725749584676	277725735106656
277725751360145	277725766010301	277725751828687
277725768082489	277725782434416	277725768455718
277725788243270	277725798860458	277725788658114
277725801339625	277725815289833	277725801697020
277725817977802	277725831720249	277725818387281
277725834636083	277725848149885	277725835039156
277725851382802	277725864578947	277725851839937

POLL t=528.3 tick=3693
8333333
277734435228528	277734447364829	277734435602017
277734451925246	277734463790558	277734452423736
277734468587486	277734480216496	277734469095298
277734485255455	277734496643944	277734485764361
277734501921392	277734513071860	277734502425923
277734518591861	277734529497381	277734519142590
277734535285142	277734545921756	277734535748111
277734551924673	277734562348892	277734552426705
277734568597746	277734586991287	277734569095455
277734585247955	277734603418891	277734585757798
277734601917173	277734619844881	277734602431340
277734618579986	277734636272121	277734619095611
277734635246548	277734652699516	277734635755402
277734651918736	277734669125089	277734652448736
277734677104830	277734693761443	277734677516340
277734685244673	277734701973475	277734686286027
277734701903423	277734718399673	277734702329777
277734718588267	277734734826235	277734719100298
277734735249830	277734751251756	277734735792173
277734751924986	277734767675558	277734752421080
277734768623892	277734784099829	277734769105090
277734785256392	277734800523423	277734785764048
277734801920923	277734816948892	277734802419621
277734818588736	277734833375141	277734819138580
277734835263423	277734849798788	277734835807746
277734851926809	277734866222068	277734852448423
277734868590871	277734882647225	277734869096548
277734885266392	277734899073735	277734885771704
277734901924517	277734915499204	277734902433267
277734918594673	277734931923839	277734919089048
277734939566548	277734956557329	277734940012642
277734951917486	277734964769360	277734952321340
277734968601027	277734981191704	277734969149465
277734985272954	277734997614516	277734985822954
277735001931236	277735014038475	277735002441548
277735018601965	277735030464308	277735019108736
277735035277173	277735046890297	277735035787746
277735051938579	277735063317173	277735052438996
277735068646079	277735079744308	277735069154048
277735085276340	277735096170766	277735085831861
277735101937746	277735120807589	277735102447121
277735118609204	277735137231443	277735119162329
277735135265715	277735153654777	277735135774152
277735151952434	277735170079048	277735152445402
277735168602954	277735186503214	277735169110715
277735185270142	277735202925610	277735185789986
277735205281548	277735219346339	277735205715454
277735233467902	277735243975923	277735233840142
277735235255402	277735252185142	277735235562277
277735251902486	277735268607224	277735252441236
277735268599048	277735285029361	277735269143267
277735285242486	277735301452537	277735285764048
277735301894829	277735317875558	277735302417173
277735318553736	277735334298267	277735319069204
277735335293527	277735350718631	277735335788892
277735351963736	277735367140141	277735352491496
277735368617173	277735383563475	277735369107173
277735385284308	277735399985506	277735385785142
277735401956861	277735416406964	277735402519777
277735418618736	277735432830454	277735419201027
277735435244621	277735449254256	277735435747746
277735451959517	277735465678058	277735452457798
277735471933527	277735490318631	277735472329829
277735485274152	277735498533162	277735485759048
277735501960923	277735514961860	277735502458267
277735518641079	277735531388214	277735519133058
277735535293267	277735547814152	277735535783058
277735551971704	277735564239569	277735552455923
277735568627954	277735580663058	277735569160090
277735585302954	277735597091860	277735585809048
277735601960142	277735613518839	277735602469360
277735618624829	277735629944673	277735619125610
277735635292642	277735646372329	277735635804152
277735651966808	277735662799308	277735652487590
277735668683683	277735679225923	277735669209621
277735685294152	277735695651964	277735685803579
277735701958267	277735720290142	277735702462902
277735718619360	277735736717381	277735719115454
277735738630246	277735753142537	277735739025923
277735751957173	277735769565194	277735752361548
277735768620767	277735785989933	277735769140454
277735785295454	277735802414777	277735785838683
277735801960923	277735818839048	277735802599204
277735818626548	277735835264256	277735819334048
277735835293892	277735851687276	277735835791392
277735851965142	277735868112433	277735852498892
277735868624360	277735884537746	277735869123423
277735885353735	277735900961235	277735885863423
277735902009152	277735917383318	277735902514204
277735918679829	277735933805089	277735919181704
277735935344517	277735950228839	277735935851392
277735952048892	277735966650193	277735952506339
277735968679360	277735983072849	277735969237485
277735996940558	277736007708683	277735997335767
277736001959464	277736015920454	277736002349933
277736018669464	277736032343995	277736019030298
277736035351339	277736048769881	277736035846548
277736052092642	277736065193110	277736052566392
277736068795298	277736081617954	277736069299985
277736085410767	277736098040923	277736085897121
277736102111235	277736114465298	277736102585610
277736118777121	277736130891651	277736119282173
277736135460142	277736147314672	277736135939933
277736152081808	277736163740662	277736152510141
277736168747589	277736180162849	277736169164777
277736185459048	277736196587485	277736185933891
277736202144985	277736213012016	277736202629985
277736218719048	277736229435870	277736219141339
277736235461964	277736245858474	277736235937121
277736259548735	277736270491131	277736259936548
277736268683371	277736286914360	277736269077641
277736285351027	277736303335714	277736285723214
277736302107016	277736319757745	277736302605610
277736318771079	277736336179828	277736319247016
277736335451339	277736352600818	277736335958266
277736352067746	277736369023579	277736352478266
277736368757329	277736385443266	277736369312537
277736385457485	277736401863787	277736385934933
277736402144360	277736418284985	277736402638839
277736418791183	277736434706704	277736419273579
277736435446704	277736451128526	277736435930454
277736452163735	277736467552172	277736452648735
277736468838735	277736483974256	277736469317954
277736485427641	277736500395974	277736485914048
277736502107173	277736516820506	277736502499673
277736525165610	277736541457068	277736525540454
277736537560871	277736549668058	277736537995298

POLL t=538.9 tick=3740
8333333
277745135663576	277745148863471	277745136186023
277745152337430	277745165291023	277745152829044
277745168980138	277745181716387	277745169481544
277745185626076	277745198142429	277745186138732
277745202290711	277745214569981	277745202807638
277745218951388	277745230995606	277745219474461
277745235619148	277745247423992	277745236157586
277745252318263	277745263850710	277745252818523
277745268930086	277745280276856	277745269455086
277745285599826	277745296702533	277745286116961
277745302265398	277745313128627	277745302792951
277745319002482	277745329551231	277745319539357
277745347149982	277745362401023	277745347541544
277745352303055	277745370614252	277745352608419
277745378462794	277745395253263	277745378804357
277745385652169	277745403466023	277745386065815
277745402277482	277745419893366	277745402877273
277745419002482	277745436321283	277745419517638
277745435667013	277745452750033	277745436253888
277745452371857	277745469173523	277745452973419
277745468997013	277745485597533	277745469549044
277745485672117	277745502022117	277745486176492
277745502331388	277745518447585	277745502850138
277745519002638	277745534871700	277745519518107
277745535667950	277745551294564	277745536175398
277745552340763	277745567720971	277745552849773
277745569001544	277745584145867	277745569515555
277745585619982	277745600567586	277745586133992
277745617095294	277745633410867	277745617454513
277745618973211	277745641623523	277745619311857
277745635642586	277745649835919	277745636010398
277745652361023	277745666260398	277745652819200
277745668997638	277745682686335	277745669446700
277745685668888	277745699113367	277745686111700
277745702333419	277745715539668	277745702775138
277745719000138	277745731963002	277745719469357
277745735665398	277745748388314	277745736123680
277745752334305	277745764810554	277745752778992
277745769003888	277745781232689	277745769454982
277745785667325	277745797654721	277745786111492
277745802332950	277745814077325	277745802782794
277745819006232	277745830501544	277745819456388
277745835668888	277745846925711	277745836116075
277745852380867	277745863351908	277745852824982
277745883269461	277745896200034	277745883664669
277745885594357	277745904412897	277745885926544
277745902322898	277745912625398	277745902727638
277745919028419	277745937261336	277745919524044
277745935676857	277745953684773	277745936174773
277745952341492	277745970110763	277745952842013
277745969014044	277745986535502	277745969534617
277745985670606	277746002961127	277745986189773
277746002340867	277746019385345	277746002880711
277746019008367	277746035808627	277746019567169
277746035674981	277746052234721	277746036202794
277746052388054	277746068660606	277746052892950
277746069019461	277746085084877	277746069520763
277746085681179	277746101511283	277746086184461
277746102350919	277746117938314	277746102850763
277746119041648	277746134365762	277746119535398
277746150424200	277746167219408	277746150902013
277746152277481	277746175433002	277746152602013
277746168988731	277746183647533	277746169361648
277746185685242	277746200076074	277746186183263
277746202382638	277746216502221	277746202872325
277746219019669	277746232930502	277746219520763
277746235685242	277746249356127	277746236206023
277746252353575	277746265782585	277746252850450
277746269021856	277746282209512	277746269520919
277746285686700	277746298636335	277746286178679
277746302356961	277746315062325	277746302856388
277746319019044	277746331484773	277746319529773
277746335687013	277746347910189	277746336196231
277746352378367	277746364333887	277746352848992
277746369010763	277746380758158	277746369523523
277746385652429	277746397183939	277746386249200
277746415452950	277746430031179	277746415903835
277746418929356	277746438242481	277746419291544
277746435611179	277746446454564	277746435992950
277746452331856	277746462879460	277746452849200
277746468966335	277746479303730	277746469482273
277746485622638	277746503938366	277746486142429
277746502291075	277746520364564	277746502815398
277746518971075	277746536789408	277746519501544
277746535622429	277746553213470	277746536204044
277746552287169	277746569637064	277746552819044
277746569043679	277746586061439	277746569551231
277746585701231	277746602484720	277746586234825
277746602366388	277746618906960	277746602866960
277746619041700	277746635328939	277746619541075
277746635698262	277746651751335	277746636247325
277746652413367	277746668171491	277746652916179
277746682266387	277746692809043	277746682627481
277746688920294	277746701022117	277746689308419
277746702358523	277746717449564	277746702772169
277746719035242	277746733875189	277746719545554
277746735749512	277746750301075	277746736236648
277746752375294	277746766727637	277746752914356
277746769091231	277746783155814	277746769583106
277746785744617	277746799582012	277746786232585
277746802438262	277746816007220	277746802946231
277746819076544	277746832433314	277746819571335
277746835741179	277746848857377	277746836263367
277746852503887	277746865281127	277746852983731
277746869118367	277746881708158	277746869612325
277746885804773	277746898134304	277746886285762
277746902444044	277746914563002	277746902865606
277746919078210	277746930989408	277746919566544
277746935696492	277746947414355	277746936111856
277746955815294	277746972051439	277746956200919
277746969030606	277746980265085	277746969410867
277746985724981	277746996691595	277746986163887
277747002397325	277747013118262	277747002820762
277747019113679	277747029545293	277747019555294
277747035780137	277747054184616	277747036216387
277747052367481	277747070609616	277747052799669
277747069068887	277747087034616	277747069488887
277747085782169	277747103462064	277747086207950
277747102409825	277747119889251	277747102834512
277747119073106	277747136316543	277747119491491
277747135784981	277747152742741	277747136228419
277747152460606	277747169168679	277747153002325
277747169041387	277747185594876	277747169495294
277747185962794	277747202019929	277747186455554
277747202437950	277747218447012	277747202878679
277747221335866	277747234872689	277747221723835
277747235786544	9223372036854775807	277747236159044

POLL t=549.6 tick=3787
8333333
277755802787269	277755817776071	277755803292790
277755819421019	277755834202685	277755819938103
277755836148571	277755850632217	277755836718884
277755852804301	277755867059404	277755853309613
277755869469769	277755883486383	277755870037790
277755886135915	277755899912112	277755886706540
277755902790759	277755916341227	277755903298728
277755919457478	277755932765185	277755919909301
277755936180134	277755949189091	277755936630082
277755952792478	277755965614821	277755953238259
277755978111853	277755990255029	277755978559353
277755986118676	277755998467581	277755986505394
277756002777790	277756014892113	277756003148103
277756019467478	277756031318623	277756019957478
277756036152009	277756047745081	277756036603103
277756052798884	277756064173259	277756053237790
277756069462165	277756080601904	277756069909821
277756086130290	277756097031123	277756086611176
277756102791957	277756113461280	277756103245238
277756119469144	277756129888935	277756119919196
277756136169196	277756154530862	277756136616332
277756152799040	277756170958623	277756153309040
277756169464926	277756187387321	277756169982009
277756186134978	277756203816383	277756186714457
277756202799040	277756220243519	277756203311540
277756219467738	277756236672581	277756219975603
277756239651228	277756253101591	277756240103363
277756252765082	277756269530446	277756253335550
277756269420550	277756285958832	277756269937634
277756286165863	277756302389352	277756286685759
277756302834769	277756318819248	277756303361228
277756319493415	277756335246487	277756320031228
277756336229353	277756351673206	277756336748728
277756352898571	277756368101384	277756353405290
277756369565550	277756384530029	277756370069509
277756386229196	277756400956540	277756386729769
277756402853259	277756417381904	277756403361853
277756419498415	277756433809456	277756420035446
277756436192113	277756450236904	277756436681800
277756452829978	277756466665966	277756453369665
277756469506384	277756483093987	277756470010707
277756500481800	277756515946435	277756500848415
277756502898050	277756524159664	277756503236540
277756519541957	277756532373623	277756519916540
277756536239821	277756548801227	277756536732582
277756552902946	277756565230289	277756553394977
277756569569040	277756581657842	277756570110134
277756586242634	277756598082841	277756586790863
277756602888259	277756614509977	277756603456332
277756619569977	277756630935550	277756620114040
277756636236227	277756647362112	277756636741332
277756652904196	277756663789508	277756653404144
277756669573727	277756680214247	277756670124196
277756686234144	277756704855029	277756686738102
277756702898675	277756721283154	277756703395915
277756719564665	277756737711071	277756720145602
277756736232790	277756754136956	277756736763727
277756760084196	277756778773310	277756760419300
277756772860915	277756786985914	277756773251175
277756786177425	277756803410550	277756786564352
277756802869352	277756819831488	277756803375290
277756819513415	277756836254664	277756820174769
277756836207477	277756852678883	277756836723102
277756852908832	277756869105549	277756853449457
277756869571800	277756885530654	277756870091644
277756886226852	277756901956227	277756886757425
277756902922165	277756918383415	277756903446540
277756919587477	277756934809352	277756920098884
277756936231175	277756951237581	277756936750759
277756952897165	277756967664352	277756953432790
277756969571696	277756984090758	277756970137790
277756986241227	277757000519716	277756986759613
277757002910602	277757016947008	277757003489509
277757022995550	277757033372633	277757023412946
277757036248259	277757049801227	277757036699456
277757052931696	277757066226852	277757053440915
277757069618884	277757082650966	277757070136071
277757086244977	277757099075966	277757086802477
277757102903102	277757115503206	277757103424821
277757119647165	277757131928570	277757120192165
277757136313102	277757148352633	277757136810602
277757152971696	277757164778466	277757153477008
277757169640394	277757181204195	277757170146696
277757186307581	277757197627321	277757186820394
277757202960758	277757214050653	277757203414456
277757219646227	277757230475915	277757220092477
277757236302425	277757255113570	277757236748363
277757252966383	277757271539716	277757253417165
277757284735758	277757296178935	277757285108988
277757286224665	277757304391487	277757286557790
277757302945706	277757320817633	277757303318415
277757319690602	277757337243727	277757320151540
277757336305394	277757353668622	277757336805602
277757352972738	277757370090133	277757353425758
277757369646175	277757386511383	277757370244560
277757386307633	277757402934560	277757386756019
277757402974196	277757419360185	277757403421383
277757419687790	277757435785498	277757420203415
277757436344352	277757452212372	277757436792477
277757453084508	277757468638310	277757453553206
277757469693206	277757485066592	277757470179144
277757486363675	277757501495133	277757486849352
277757503021696	277757517922633	277757503512790
277757519704144	277757534348935	277757520118415
277757546346852	277757558986122	277757546741696
277757552998050	277757567197529	277757553378571
277757569650602	277757583620966	277757570022321
277757586437321	277757600043310	277757586929508
277757603034508	277757616465654	277757603455758
277757619774144	277757632888882	277757620273571
277757636389508	277757649313310	277757636889508
277757653077269	277757665738466	277757653490237
277757669763883	277757682163415	277757670250133
277757686391227	277757698588050	277757686899040
277757703012790	277757715010706	277757703343571
277757719749040	277757731432580	277757720233519
277757736480081	277757747857737	277757736947946
277757753068571	277757764279820	277757753549196
277757769780133	277757780703883	277757770261383
277757786429821	277757797130341	277757786910446
277757811146383	277757821768518	277757811609456
277757819627789	277757829981956	277757820160185
277757841741071	277757854622737	277757842121539
277757852990602	277757871049716	277757853434821
277757869722425	277757887476591	277757870146019
277757886361227	277757903899976	277757886788206
277757903004612	277757920322060	277757903267946

POLL t=560.3 tick=3857
8333333
277766520513099	277766535218931	277766521001536
277766537169974	277766551641484	277766537666953
277766553848411	277766568065546	277766554342630
277766570514765	277766584490442	277766571018984
277766587179349	277766600914296	277766587683099
277766610705703	277766625549713	277766611123411
277766620530130	277766633759140	277766620906692
277766637167265	277766650179244	277766637529765
277766653848515	277766666601640	277766654342109
277766670512005	277766683022057	277766671047422
277766687181536	277766699440702	277766687677786
277766703845911	277766715863098	277766704342578
277766720516484	277766732286692	277766721017734
277766737171692	277766748712004	277766737734609
277766753845859	277766765138202	277766754339921
277766770517161	277766781561327	277766771118880
277766787179296	277766797985285	277766787686171
277766803844192	277766814410025	277766804341640
277766820513255	277766839046067	277766821025755
277766837178724	277766855472994	277766837692786
277766853841536	277766871896119	277766854356692
277766880985599	277766896530650	277766881374817
277766890409505	277766904744192	277766890875599
277766903812630	277766921169244	277766904191380
277766920452474	277766937592733	277766920969817
277766937182578	277766954015129	277766937809817
277766953781848	277766970437161	277766954318723
277766970555390	277766986859920	277766970971171
277766987124973	277767003284139	277766987652734
277767003781223	277767019709348	277767004329296
277767020480442	277767036136067	277767021002473
277767037197317	277767052560754	277767037692890
277767053846171	277767068986015	277767054382005
277767070512317	277767085412420	277767071019765
277767087269505	277767101839557	277767087680130
277767103848359	277767118264348	277767104348255
277767120516067	277767134689556	277767121014296
277767152260755	277767167543463	277767152651015
277767153768567	277767175757473	277767154070755
277767170493255	277767183971171	277767170900911
277767187190911	277767200399244	277767187722786
277767203855442	277767216826379	277767204379765
277767220520598	277767233251171	277767221008411
277767237183255	277767249674816	277767237687109
277767253860286	277767266101588	277767254424661
277767270559505	277767282528150	277767271062265
277767287196015	277767298954296	277767287698880
277767303860755	277767315382056	277767304356171
277767320522786	277767331810285	277767321026796
277767337184505	277767348234817	277767337691536
277767353862734	277767364658306	277767354371796
277767370553723	277767381081588	277767371037578
277767387230130	277767405717681	277767387724348
277767403863046	277767422142525	277767404382473
277767423882317	277767438568723	277767424273880
277767437183515	277767454991692	277767437450130
277767453824348	277767471416848	277767454337161
277767470503827	277767487846067	277767471013255
277767487150077	277767504274244	277767487662942
277767503807630	277767520698566	277767504454765
277767520477005	277767537123723	277767520993255
277767537386067	277767553549035	277767537734817
277767553808098	277767569970858	277767554337630
277767570470130	277767586393254	277767570998984
277767587137005	277767602816275	277767587659661
277767603860286	277767619243150	277767604383984
277767620517786	277767635670389	277767621037421
277767637164504	277767652099868	277767637538098
277767653860754	277767668526900	277767654359921
277767670526379	277767684953358	277767671073254
277767693743879	277767709591795	277767694140442
277767703847473	277767717804192	277767704258723
277767720536223	277767734230806	277767721044817
277767737201640	277767750656066	277767737593359
277767753877265	277767767082420	277767754428411
277767770536171	277767783507004	277767771039036
277767787207317	277767799930702	277767787711171
277767803873984	277767816356171	277767804398411
277767820561640	277767832779504	277767821070598
277767837206379	277767849205962	277767837679192
277767853872629	277767865633358	277767854366223
277767870536536	277767882060650	277767871028046
277767887204348	277767898488722	277767887696692
277767903872421	277767914913775	277767904364504
277767920544036	277767931339868	277767921044036
277767937191171	277767947767317	277767937786223
277767963743515	277767980619191	277767964156484
277767970507004	277767988833201	277767970791536
277767994833254	277768005261119	277767995340129
277768003874817	277768021686066	277768004427942
277768020533567	277768038110441	277768021159504
277768037198983	277768054534243	277768037718567
277768053876640	277768070957733	277768054394296
277768070559504	277768087381900	277768071239765
277768087206327	277768103805806	277768087705442
277768103874661	277768120230077	277768104351171
277768120592942	277768136657785	277768121057890
277768137268202	277768153081848	277768137748254
277768153939036	277768169506118	277768154433046
277768170596379	277768185928306	277768171092629
277768187265442	277768202350389	277768187750598
277768203929348	277768218772681	277768204435077
277768220608723	277768235196223	277768221082317
277768240513827	277768251621952	277768240913723
277768253931223	277768268045232	277768254294973
277768270614348	277768284470702	277768271079296
277768287285598	277768300896587	277768287758098
277768303900754	277768317321066	277768304315754
277768320677421	277768333747004	277768321161692
277768337295546	277768350174921	277768337814348
277768353991327	277768366601639	277768354468098
277768370657317	277768383026692	277768371136535
277768387300129	277768399455702	277768387766640
277768403950442	277768415884087	277768404424348
277768420709817	277768432311951	277768421188879
277768437306848	277768448738618	277768437785754
277768453941535	277768465166952	277768454358515
277768470664192	277768481597942	277768471146848
277768487316848	277768498026379	277768487787160
277768507485598	277768522666067	277768507892733
277768520596535	277768539095024	277768520968098
277768537304608	277768555522628	277768537774817
277768553968879	277768571949764	277768554436848
277768570588671	277768588374712	277768571124035
277768587251535	277768604799973	277768587668567
277768603901535	277768621226639	277768604330910
277768620627108	9223372036854775807	277768621090442

POLL t=571.0 tick=3902
8333333
277777254229605	277777270746323	277777254737157
277777270911636	277777287176427	277777271394813
277777287546532	277777303609188	277777288084605
277777304197470	277777320041844	277777304639605
277777324237001	277777336470698	277777324631376
277777337558563	277777352898927	277777337923407
277777354236220	277777369329865	277777354733407
277777370898720	277777385756792	277777371407626
277777387575126	277777402185229	277777388081792
277777404236220	277777418611480	277777404738720
277777420904449	277777435036740	277777421451688
277777437570594	277777451462834	277777438118511
277777454237938	277777467889344	277777454740438
277777470903355	277777484315698	277777471403251
277777487571219	277777500744657	277777488144344
277777504239188	277777517176063	277777504748876
277777520906376	277777533606010	277777521416480
277777537579501	277777550033979	277777538084136
277777554242313	277777566461896	277777554755699
277777570905386	277777582891427	277777571407626
277777590874032	277777607531531	277777591295803
277777604228719	277777615745803	277777604591949
277777620929657	277777632171376	277777621373407
277777637567886	277777648595386	277777638010751
277777654232626	277777665019031	277777654672157
277777670919813	277777689658198	277777671251792
277777687562157	277777706083042	277777688051688
277777704224292	277777722509344	277777704680751
277777720909501	277777738934396	277777721362574
277777737542626	277777755359709	277777737990855
277777754184032	277777771785386	277777754641219
277777770849917	277777788214188	277777771133407
277777787505855	277777804641375	277777787968407
277777804193563	277777821068355	277777804746011
277777820864605	277777837495281	277777821379188
277777837633251	277777853921635	277777838037157
277777857564657	277777870349396	277777857976063
277777870941011	277777886776531	277777871196844
277777887564032	277777903201062	277777887926532
277777904256063	277777919627208	277777904747001
277777920914032	277777936055073	277777921410751
277777937576792	277777952483980	277777938084188
277777954245126	277777968912052	277777954747782
277777970910386	277777985340542	277777971238876
277777987620230	277778001769292	277777988174813
277778004264813	277778018195906	277778004797313
277778020910594	277778034622833	277778021487157
277778037577886	277778051046062	277778038074448
277778054246792	277778067471063	277778054797730
277778070940594	277778083895385	277778071361063
277778087580125	277778100320594	277778088097573
277778104247000	277778116747208	277778104750594
277778124362938	277778141385854	277778124743250
277778137569917	277778149600281	277778137936688
277778154252938	277778166026583	277778154757000
277778170921375	277778182453614	277778171423198
277778187582730	277778198881479	277778188081688
277778204250438	277778215309083	277778204760594
277778220950282	277778231736479	277778221463198
277778237581011	277778248166375	277778238090282
277778254258250	277778264595334	277778254761532
277778270953719	277778289238562	277778271455698
277778287575907	277778305667208	277778288132469
277778304246375	277778322096062	277778304761844
277778320910698	277778338523198	277778321424292
277778337578250	277778354951375	277778338091532
277778354245698	277778371377989	277778354811167
277778370930750	277778387805958	277778371611323
277778390916636	277778404234032	277778391314917
277778404265125	277778420659448	277778404612313
277778420925073	277778437084083	277778421414813
277778437578407	277778453510073	277778438077157
277778454230282	277778469938927	277778454816688
277778470930542	277778486366740	277778471413094
277778487554344	277778502796532	277778488183667
277778504233667	277778519226948	277778504747105
277778520933563	277778535657938	277778521487938
277778537589032	277778552083406	277778538080386
277778554255073	277778568510698	277778554781011
277778570938563	277778584937833	277778571426011
277778587591792	277778601365125	277778588101219
277778604260907	277778617790958	277778604811948
277778620929500	277778634217000	277778621482261
277778637595438	277778650645281	277778638076636
277778657680907	277778675283458	277778658103563
277778670926479	277778683497208	277778671366375
277778687610698	277778699925489	277778688196844
277778704279500	277778716353146	277778704782469
277778720935282	277778732779709	277778721436375
277778737598979	277778749208198	277778738107625
277778754265281	277778765636687	277778754767625
277778770936688	277778782062468	277778771435854
277778787601844	277778798488666	277778788122156
277778804269969	277778823127312	277778804767729
277778820915594	277778839553198	277778821412313
277778837617938	277778855980333	277778838052104
277778854324188	277778872405229	277778854819500
277778870985125	277778888829135	277778871560594
277778887679969	277778905256947	277778888110594
277778904374188	277778921688093	277778904749604
277778923110698	277778938117416	277778923504188
277778937632469	277778954546479	277778938033979
277778954342938	277778970973875	277778954771844
277778971001219	277778987404135	277778971438979
277778987645750	277779003834864	277778988077104
277779004339031	277779020266792	277779004763563
277779021004604	277779036697676	277779021429917
277779037679448	277779053126427	277779038098511
277779054338511	277779069553927	277779054766011
277779070996375	277779085979552	277779071421688
277779087640281	277779102406531	277779088121167
277779104371063	277779118831583	277779104845073
277779121036323	277779135256895	277779121520750
277779137705750	277779151684187	277779138186844
277779154358094	277779168112885	277779154845073
277779185640229	277779200964760	277779186041844
277779187547469	277779209178927	277779187864344
277779204317469	277779217392937	277779204646479
277779221027156	277779233820385	277779221447313
277779237699917	277779250248250	277779238181375
277779254289135	277779266675853	277779254770385
277779271041688	277779283101583	277779271528250
277779287683250	277779299531635	277779288181219
277779304353719	277779315961635	277779304755698
277779321020750	277779332391531	277779321414344
277779337627938	277779348822520	277779338053198
277779354361063	9223372036854775807	277779354821688

POLL t=581.8 tick=3949
8333333
277787971912882	277787983130851	277787972444028
277787988583715	277787999557205	277787989091215
277788005243820	277788015985330	277788005764809
277788021910434	277788040627934	277788022415226
277788038565434	277788057059236	277788039020851
277788055242778	277788073490746	277788055706684
277788071989445	277788089921007	277788072454965
277788088549028	277788106351267	277788089007101
277788105237726	277788122782152	277788105689288
277788121903715	277788139212465	277788122358663
277788138574497	277788155643246	277788139030903
277788155245122	277788172074809	277788155820903
277788171904653	277788188505538	277788172349184
277788188581059	277788204935903	277788189023247
277788208613403	277788221367517	277788209013976
277788236202882	277788254231423	277788236700122
277788238559653	277788262445746	277788238923559
277788255225278	277788270661683	277788255719132
277788271926059	277788287091527	277788272414497
277788288588663	277788303520538	277788289103872
277788305254809	277788319952621	277788305828559
277788321965070	277788336383090	277788322423247
277788338590434	277788352811684	277788339076372
277788355283819	277788369238871	277788355773819
277788371942934	277788385669132	277788372458663
277788388653351	277788402098663	277788389153872
277788405222465	277788418528038	277788405734653
277788421932622	277788434957360	277788422483507
277788438594809	277788451381787	277788439096528
277788455262413	277788467807830	277788455751215
277788475295122	277788492447413	277788475694965
277788488587622	277788500660069	277788488951632
277788505259965	277788517084861	277788505829601
277788521934028	277788533510277	277788522455226
277788538591215	277788549937257	277788539141684
277788555264965	277788566361788	277788555825903
277788571935538	277788582788246	277788572453559
277788588599288	277788599214235	277788589105903
277788605267621	277788623856423	277788605818246
277788621930069	277788640284705	277788622511736
277788638592621	277788656714965	277788639180278
277788655262778	277788673143038	277788655769184
277788671929965	277788689571319	277788672502101
277788688597882	277788705999809	277788689163663
277788705257934	277788722429444	277788705758663
277788735737309	277788747074757	277788736137101
277788738546996	277788755288507	277788739562778
277788755239028	277788771713871	277788755613403
277788771940746	277788788139809	277788772439913
277788788601528	277788804564705	277788789105590
277788805263663	277788820989757	277788805770121
277788821935278	277788837413975	277788822473403
277788838598819	277788853840381	277788839095746
277788855264601	277788870264704	277788855769288
277788871936371	277788886689340	277788872435278
277788888599444	277788903112934	277788889098871
277788905255434	277788919540798	277788905758871
277788921932309	277788935967100	277788922487309
277788938601840	277788952395693	277788939170382
277788955266215	277788968824653	277788955773871
277788971934184	277788985253193	277788972474653
277788999850590	277789018108611	277789000269340
277789005243351	277789026322829	277789005625538
277789021921059	277789034535433	277789022277153
277789038591788	277789050961943	277789039038715
277789055261215	277789067387204	277789055714028
277789071927778	277789083811944	277789072373194
277789088593246	277789100239027	277789089048975
277789105254965	277789116666007	277789105714132
277789121925278	277789133093090	277789122377621
277789138619809	277789149520329	277789139058975
277789155266215	277789165947100	277789155716475
277789171928871	277789182375381	277789172376684
277789188597413	277789198801319	277789189043038
277789205281632	277789223440746	277789205785746
277789221934340	277789239870225	277789222482153
277789238607465	277789256299548	277789239113663
277789263130694	277789280942829	277789263524340
277789271926996	277789289157621	277789272321684
277789288634913	277789305583974	277789289113038
277789305272934	277789322008350	277789305789652
277789321937309	277789338434339	277789322448975
277789338614652	277789354861631	277789339123715
277789355271840	277789371290485	277789355789809
277789371954913	277789387717360	277789372549132
277789388615434	277789404144965	277789389120746
277789405277413	277789420573974	277789405786684
277789421942309	277789437001840	277789422505590
277789438613559	277789453430849	277789439116215
277789455277934	277789469863298	277789455776215
277789471949132	277789486294183	277789472444652
277789488614444	277789502724860	277789489111371
277789505269809	277789519156839	277789505827465
277789525184496	277789535588870	277789525563090
277789553702100	277789568449287	277789554135277
277789555165382	277789576664183	277789555492934
277789571961684	277789584879495	277789572484132
277789588719132	277789601307465	277789589227100
277789605319184	277789617733923	277789605803246
277789622022309	277789634162412	277789622509444
277789638704027	277789650588714	277789639172465
277789655390277	277789667014704	277789655876684
277789672118090	277789683442725	277789672535538
277789688629131	277789699870798	277789689029496
277789705350434	277789716299235	277789705845121
277789722078402	277789732726839	277789722557100
277789738717777	277789749153298	277789739207725
277789755382881	277789773795328	277789755892465
277789772059444	277789790223142	277789772544809
277789791856788	277789806651318	277789792254652
277789805339027	277789823076735	277789805752100
277789822021215	277789839501214	277789822543506
277789838701059	277789855926735	277789839188246
277789855356059	277789872353454	277789855836475
277789871978975	277789888781006	277789872511527
277789888718558	277789905208558	277789889198246
277789905365433	277789921636214	277789905858871
277789921986683	277789938067204	277789922416944
277789938709808	277789954495016	277789939207308
277789955312777	277789970922673	277789955736215
277789972142777	277789987350693	277789972562933
277789988717933	277790003781162	277789989103663
277790005347152	277790020211110	277790005819496
277790021996006	277790036637985	277790022410433
277790038671527	277790053063194	277790039054808
277790057563715	277790069489651	277790057959808
277790071997256	277790085917204	277790072427413

POLL t=592.5 tick=3996
8333333
277798688968659	277798702476524	277798689470899
277798705636993	277798718901680	277798706141524
277798722297930	277798735329232	277798722849597
277798738950899	277798751756003	277798739534493
277798755640743	277798768183606	277798756179180
277798772331316	277798784610898	277798772841524
277798788974180	277798801038607	277798789472722
277798805634649	277798817468971	277798806125743
277798822308243	277798833902148	277798822803086
277798838971784	277798850332877	277798839465430
277798855642149	277798866764440	277798856156211
277798877186836	277798891409076	277798877587149
277798888970743	277798899624648	277798889341315
277798905641680	277798924265221	277798906144649
277798922301211	277798940692149	277798922833815
277798938970118	277798957119857	277798939479805
277798955631628	277798973546211	277798956168972
277798972347618	277798989974857	277798972893190
277798989018243	277799006401784	277798989536836
277799005644597	277799022828763	277799006161524
277799022303815	277799039257304	277799022822722
277799038972149	277799055688971	277799039501628
277799055633972	277799072119492	277799056163555
277799072591367	277799088548294	277799073141680
277799089159440	277799104975117	277799089691211
277799105821367	277799121404284	277799106337722
277799122472930	277799137831106	277799122867774
277799142891315	277799154256679	277799143290899
277799155873086	277799170682460	277799156356628
277799172576055	277799187107565	277799173083242
277799189208503	277799203530898	277799189742930
277799205870534	277799219955169	277799206400378
277799222537930	277799236381627	277799223106472
277799239202565	277799252809804	277799239700899
277799255873399	277799269235898	277799256358867
277799272540742	277799285660429	277799273041315
277799289214649	277799302085273	277799289717461
277799305895586	277799318510898	277799306396992
277799322547930	277799334936314	277799323053972
277799339222565	277799351363971	277799339730274
277799355890430	277799367787044	277799356387774
277799372552722	277799384211315	277799373069180
277799389209753	277799400636627	277799389590742
277799409197930	277799425275377	277799409592878
277799422540274	277799433487200	277799422915534
277799439205742	277799449911575	277799439566680
277799455896472	277799466338971	277799456348347
277799472547722	277799490977513	277799472990742
277799489208867	277799507404492	277799489656159
277799505872305	277799523830221	277799506330117
277799522548555	277799540257044	277799523003555
277799539204649	277799556684492	277799539656628
277799555874961	277799573112096	277799556366471
277799572534753	277799589539752	277799572984805
277799589215899	277799605967043	277799589726576
277799605877774	277799622397252	277799606319024
277799622550586	277799638826679	277799622992305
277799639207461	277799655255741	277799639650742
277799655877774	277799671684076	277799656319961
277799675867721	277799688112408	277799676314961
277799689213711	277799704539491	277799689579805
277799705890690	277799720967252	277799706428711
277799722559753	277799737393815	277799723070430
277799739225117	277799753822252	277799739730690
277799755889023	277799770248867	277799756421055
277799772592305	277799786672200	277799773103242
277799789222617	277799803097565	277799789726055
277799805895430	277799819524700	277799806400742
277799822561367	277799835948866	277799823069648
277799839236836	277799852372304	277799839739023
277799855897617	277799868798346	277799856392773
277799872563503	277799885226366	277799873075534
277799889230065	277799901654856	277799889739961
277799905898034	277799918084179	277799906401055
277799922565898	277799934511471	277799923094336
277799942529180	277799959150794	277799942918346
277799955878971	277799967365117	277799956261055
277799972570898	277799983795950	277799973062617
277799989238503	277800000225273	277799989738659
277800005903867	277800016650117	277800006441836
277800022571055	277800033076106	277800023111523
277800039231055	277800057715794	277800039745690
277800055893659	277800074144336	277800056394648
277800072551055	277800090573658	277800073142461
277800089216315	277800107003606	277800089739805
277800105891367	277800123431940	277800106408867
277800122557617	277800139862877	277800123073555
277800139228867	277800156294283	277800139738711
277800155892721	277800172723763	277800156531055
277800172589180	277800189151679	277800173099492
277800189230117	277800205582304	277800189725898
277800209208867	277800222011262	277800209599023
277800222552148	277800238436575	277800222981680
277800239218555	277800254862356	277800239730430
277800255895534	277800271286939	277800256392409
277800272534336	277800287711367	277800272937617
277800289331992	277800304135482	277800289824961
277800305949909	277800320560272	277800306436680
277800322631940	277800336982721	277800323132617
277800339311367	277800353406418	277800339790117
277800355986523	277800369831992	277800356478555
277800372656054	277800386259596	277800373202721
277800389365221	277800402686211	277800389833711
277800406002877	277800419109699	277800406472304
277800422677148	277800435533502	277800423157148
277800439312929	277800451956627	277800439791836
277800456103398	277800468384179	277800456485898
277800474714336	277800493023241	277800475111679
277800489286523	277800501236158	277800489647409
277800505966315	277800517659179	277800506369804
277800522637096	277800534081939	277800523050534
277800539303346	277800550505637	277800539723971
277800555923242	277800566930898	277800556367773
277800572694804	277800591568346	277800573173659
277800589258398	277800599781574	277800589692096
277800605973034	277800616207720	277800606379752
277800622579284	277800640855168	277800622996367
277800639293242	277800657286783	277800639708242
277800656069961	277800673719647	277800656496523
277800672661211	277800690150637	277800673158711
277800689247409	277800706580168	277800689678086
277800705990429	277800723011835	277800706514023
277800722646784	277800739441002	277800723164440
277800742640586	277800755867512	277800743033190
277800771024127	277800788721679	277800771410898
277800772500690	9223372036854775807	277800772792148
277800789273398	9223372036854775807	277800789704752

