POLL t=10.4 tick=358
8333333
363813989843607	363814009004128	363813989938191
363814019228816	363814033648242	363814019615535
363814049992253	363814066506211	363814050285482
363814050182826	363814074720534	363814050289545
363814079182878	363814091148868	363814079456003
363814110098191	363814124007045	363814110375066
363814110397097	363814132222461	363814110485326
363814139262722	363814156868711	363814139545691
363814169153034	363814181515430	363814169435066
363814169380795	363814189730274	363814169458659
363814198479076	363814214375690	363814198754389
363814229233920	363814247237617	363814229556107
363814229422982	363814255452149	363814229559597
363814258863347	363814271883242	363814259151420
363814288449597	363814304747982	363814288714909
363814288713295	363814312964336	363814288812097
363814317978607	363814329395222	363814318366941
363814347455170	363814362259284	363814347739545
363814347623764	363814370475534	363814347753972
363814377206628	363814395122982	363814377485534
363814407212409	363814419767304	363814407500378
363814407448816	363814427982044	363814407501472
363814436573347	363814452625795	363814436869441
363814467498034	363814485484857	363814467806784
363814467721159	363814493700481	363814467812357
363814496794753	363814510129753	363814497073295
363814527973659	363814542988555	363814528263295
363814528303816	363814551203554	363814528406316
363814556810534	363814567635013	363814557094597
363814586252409	363814600494128	363814586561263
363814586487722	363814608708503	363814586562357
363814616081107	363814633356054	363814616342409
363814645552253	363814658002305	363814645860222
363814645723191	363814666218659	363814645864388
363814675136159	363814690867721	363814675419441
363814706955847	363814723727201	363814707264857
363814707369388	363814731942252	363814707458972
363814736385222	363814748373138	363814736663347
363814767048920	363814781233711	363814767302409
363814767365691	363814789449388	363814767464909
363814796739857	363814814096315	363814797014076
363814827393972	363814838741575	363814827760795
363814827581420	363814846955429	363814827785638
363814857349857	363814871596263	363814857626472
363814886997565	363814904448554	363814887307826
363814887234545	363814912662408	363814887314909
363814917440534	363814929091054	363814917725795
363814920616576	363814937306211	363814920958034
363814948108034	363814961949597	363814948377565
363814975548034	363814986592513	363814975847826
363814975854440	363814994807826	363814975915065
363815005721420	363815019452825	363815006011263
363815034988659	363815052316836	363815035297409
363815035191628	363815060532878	363815035303503
363815067194857	363815085180325	363815067488763
363815068601107	363815093395638	363815068902878
363815098061784	363815109828763	363815098333347
363815129358451	363815142689075	363815129771315
363815129566784	363815150903710	363815129775222
363815160657513	363815175546367	363815160926159
363815162900222	363815183759856	363815163183659
363815190815326	363815208402409	363815191110326
363815220343503	363815233047304	363815220726315
363815220625169	363815241261523	363815220731263
363815250088451	363815265906784	363815250377878
363815280052409	363815290549544	363815280293815
363815280361472	363815298764804	363815280451628
363815308876576	363815323408085	363815309141784
363815340414076	363815356266003	363815340720065
363815340591003	363815364481367	363815340726784
363815370032565	363815380910846	363815370327722
363815399523347	363815413774023	363815399826419
363815399702357	363815421989804	363815399832253
363815428537878	363815446637044	363815428933190
363815459388659	363815471284491	363815459696003
363815459621628	363815479500168	363815459708503
363815489225378	363815504145950	363815489519701
363815519269284	363815537006106	363815519558034
363815519560951	363815545220325	363815519657878
363815549446419	363815561649544	363815549733971
363815552853607	363815569865377	363815553187096
363815580671471	363815594511575	363815580952044
363815608592409	363815619159544	363815608919753
363815608787409	363815627374804	363815608923034
363815639936940	363815652021315	363815640231159
363815642151628	363815660237981	363815642443919
363815670448294	363815684887617	363815670729128
363815701339701	363815717753398	363815701630221
363815701676159	363815725969856	363815701777409
363815730620690	363815742404544	363815730990690
363815760085221	363815775273346	363815760354440
363815760320221	363815783490533	363815760421107
363815790290951	363815808136940	363815790565846
363815819380065	363815832784336	363815819684909
363815819611940	363815841001159	363815819686107
363815850785013	363815865651106	363815851079596
363815852918659	363815873868242	363815853207253
363815880066628	363815890304804	363815880303971
363815908978346	363815923175221	363815909280221
363815909171628	363815931390377	363815909286940
363815939217253	363815956035742	363815939515534
363815942540950	363815964251210	363815942856419
363815970823607	363815988895481	363815971092669
363815999791471	363816013545273	363816000099544
363816000067409	363816021761418	363816000168503
363816030268607	363816046406628	363816030640325
363816033415638	363816054620794	363816033718346
363816062122721	363816079263971	363816062414909
363816093918190	363816112121887	363816094239075
363816094164700	363816120336836	363816094243034
363816127166888	363816144980846	363816127561784
363816127578034	363816153194284	363816127663971
363816160252877	363816177835846	363816160516315
363816160916732	363816186048971	363816161200638
363816192379440	363816210686783	363816192655534
363816194290065	363816218900429	363816194576627
363816224251471	363816235329283	363816224544440
363816227670325	363816243543971	363816228069284
363816256233502	363816268186523	363816256527200
363816288349440	363816301046107	363816288626627
363816288592513	363816309261367	363816288696575
363816320969440	363816333906783	363816321249596
363816321942721	363816342122044	363816322243971
363816352596471	363816366770950	363816352875482
363816355349232	363816374986523	363816355637877
363816385282252	363816399633190	363816385544596
363816388668346	9223372036854775807	363816388952877

POLL t=21.1 tick=690
8333333
363824481923447	363824499252509	363824482301937
363824482114906	363824507465374	363824482305218
363824513249124	363824523893551	363824513524281
363824515511312	363824532108290	363824515804124
363824543207093	363824556750218	363824543463812
363824575860062	363824589606832	363824576153812
363824576117041	363824597821259	363824576221416
363824608548030	363824622460634	363824608817249
363824609428499	363824630673707	363824609727353
363824639821885	363824655310790	363824640120791
363824642778655	363824663523499	363824643066572
363824671935218	363824688159749	363824672197666
363824704109749	363824721008290	363824704355999
363824704366572	363824729220530	363824704439905
363824736777510	363824753856102	363824737053968
363824737648187	363824762067561	363824737952405
363824768975843	363824786700478	363824769262562
363824771038343	363824794911623	363824771320062
363824802074905	363824819545426	363824802368030
363824804413760	363824827758395	363824804690530
363824833199541	363824844181728	363824833473343
363824865887041	363824877031884	363824866190843
363824866120062	363824885245061	363824866195062
363824898494385	363824909885426	363824898790374
363824899444228	363824918099280	363824899751885
363824931665843	363824942739175	363824931960322
363824932908030	363824950953290	363824933205374
363824963950166	363824975593499	363824964232718
363824966202405	363824983805946	363824966489853
363824995359280	363825008443238	363824995642718
363825027228187	363825041297561	363825027518135
363825027546155	363825049511728	363825027664280
363825058250374	363825074153916	363825058542509
363825060774905	363825082368394	363825061066468
363825090077093	363825107008707	363825090342562
363825121345166	363825131648967	363825121626155
363825121610322	363825139862665	363825121696884
363825152141937	363825164502145	363825152406103
363825155088812	363825172714853	363825155364280
363825183750687	363825197360894	363825184117874
363825214002978	363825230221467	363825214269749
363825214167249	363825238435843	363825214274072
363825245127249	363825263082093	363825245321103
363825291003499	363825304156519	363825291309905
363825291394697	363825312371311	363825291488759
363825307988655	363825320586728	363825308301936
363825348458811	363825361659175	363825348743343
363825372693186	363825386302248	363825372995218
363825372847561	363825394515947	363825373006468
363825402573655	363825419154644	363825402868499
363825406274280	363825427367457	363825406633968
363825436331624	363825452007822	363825436618916
363825463521780	363825476650269	363825463799905
363825463919541	363825484864124	363825464074436
363825480592249	363825493078915	363825480901624
363825523807822	363825534151207	363825524081520
363825550344541	363825567004801	363825550614124
363825550798968	363825575219384	363825550902718
363825579960009	363825591648186	363825580215999
363825607936416	363825624507197	363825608203759
363825608470634	363825632722665	363825608547561
363825625299436	363825640938446	363825625571780
363825668205009	363825682010373	363825668490634
363825694883343	363825706658915	363825695153499
363825695252405	363825714873967	363825695359280
363825724638811	363825739520581	363825724806780
363825752943186	363825764164592	363825753238499
363825753340322	363825772379592	363825753433343
363825770035947	363825780594487	363825770337718
363825813031936	363825829883030	363825813340322
363825839142040	363825854527352	363825839448343
363825839565843	363825862741624	363825839657249
363825869235061	363825887383967	363825869507978
363825897488499	363825912024019	363825897654384
363825897923447	363825920238550	363825898029436
363825914785374	363825928452769	363825915035790
363826063764436	363826076321155	363826064135374
363826064222249	363826084534853	363826064329592
363826094568811	363826109180269	363826094806311
363826120540842	363826133826676	363826120859124
363826121023186	363826142041519	363826121108499
363826137562353	363826150255478	363826137854384
363826181643030	363826199533394	363826181882092
363826207218655	363826224171258	363826207523134
363826207697822	363826232386102	363826207819124
363826237513186	363826248815999	363826237794436
363826265264124	363826281671206	363826265554280
363826265589749	363826289884800	363826265705478
363826282220999	363826298097977	363826282506467
363826327679592	363826339166728	363826327965842
363826328099280	363826347380894	363826328200842
363826357330842	363826372023394	363826357622405
363826384890061	363826396668550	363826385194228
363826385273603	363826404883603	363826385383655
363826401995842	363826413099748	363826402365999
363826447458030	363826462384487	363826447735686
363826447799436	363826470598706	363826447899540
363826477617561	363826495242300	363826477890217
363826504874905	363826519883498	363826505210217
363826505130842	363826528097196	363826505217821
363826521917405	363826536310581	363826522196259
363826565570946	363826577378759	363826565830946
363826591454280	363826602024123	363826591868342
363826592558030	363826610239800	363826592836311
363826622729696	363826634887404	363826622929540
363826650158186	363826667746571	363826650437248
363826650534592	363826675962457	363826650617509
363826667285946	363826684177664	363826667585998
363826711605946	363826725251883	363826711879853
363826738829280	363826749894279	363826739107248
363826739158030	363826758110060	363826739265061
363826769267717	363826782755737	363826769562717
363826772525217	363826790970060	363826772833967
363826804073186	363826815612665	363826804263967
363826806836259	363826823826935	363826806253446
363826836037405	363826848468134	363826836238030
363826864366311	363826881323811	363826864634384
363826864775061	363826889539280	363826864869228
363826881561467	363826897754539	363826881776467
363826922991780	363826938829748	363826923130530
363826923426780	363826947046154	363826923535373
363826953903446	363826971694280	363826954187405
363826982068342	363826996340530	363826982342092
363826982509592	363827004555425	363826982605686
363826999210009	363827012771467	363826999594905
363827040378655	363827053852665	363827040664540
363827040944905	363827062065529	363827041051780

POLL t=31.8 tick=880
8333333
363835413605214	363835432653339	363835413901933
363835430312558	363835440869381	363835430685995
363835447023808	363835457299485	363835447292401
363835463763183	363835481946307	363835463987401
363835480377714	363835498381047	363835480641412
363835511162558	363835523030318	363835511445631
363835513629849	363835531247557	363835513890526
363835530375943	363835547681880	363835530788026
363835547073599	363835564114223	363835547345839
363835582868651	363835596979380	363835583172870
363835583400839	363835605194849	363835583491151
363835600116933	363835613410057	363835600368339
363835616582193	363835629839223	363835616874120
363835633246933	363835646270370	363835633619276
363835650001412	363835662700734	363835650271151
363835678627662	363835695564380	363835678970058
363835683267558	363835703780786	363835683568443
363835699953130	363835711997713	363835700239276
363835716680630	363835728429276	363835716991151
363835733295839	363835744860995	363835733654537
363835749983287	363835761291776	363835750242870
363835780873182	363835794155943	363835781165682
363835783201932	363835802372193	363835783515162
363835799940318	363835810588650	363835800235787
363835816652557	363835827017974	363835816914901
363835851103443	363835868094276	363835851413964
363835851467662	363835876309849	363835851576255
363835868245630	363835884524327	363835868514537
363835884837245	363835900952453	363835885109432
363835901440370	363835917382036	363835901713339
363835918113912	363835933813390	363835918387714
363835948586412	363835966668599	363835948844901
363835951495682	363835974883286	363835951732662
363835968170839	363835983097869	363835968476620
363835984786151	363835999526879	363835985077401
363836001487870	363836015955057	363836001758443
363836018167245	363836032385682	363836018446620
363836047739745	363836065249015	363836048053130
363836051360214	363836073465943	363836051646412
363836068187245	363836081682609	363836068409537
363836084835057	363836098114171	363836085112349
363836123858130	363836139187870	363836124166099
363836124212505	363836147402557	363836124330474
363836140896620	363836155617714	363836141310526
363836182546151	363836196690578	363836182825682
363836207405839	363836221338442	363836207701568
363836207852818	363836229553911	363836207937714
363836224470214	363836237769067	363836224766568
363836265677089	363836278837192	363836265927401
363836292871776	363836303484536	363836293164380
363836293298130	363836311700161	363836293400057
363836309960839	363836319916776	363836310241255
363836349163755	363836360996098	363836349465370
363836377339224	363836393849327	363836377617870
363836377775682	363836402063859	363836377876568
363836394387714	363836410278182	363836394700682
363836433389693	363836451349327	363836433799120
363836462232870	363836475993390	363836462537974
363836462599380	363836484207192	363836462710370
363836479229901	363836492420109	363836479532870
363836520564120	363836533489744	363836520796568
363836546429901	363836558129796	363836546747401
363836546747245	363836566343598	363836546854745
363836577171307	363836590985108	363836577448599
363836580063963	363836599198702	363836580341255
363836596802557	363836607411880	363836597074276
363836642521880	363836656695370	363836642680943
363836670923911	363836681336306	363836671206932
363836671628807	363836689549796	363836671984068
363836700322401	363836714189327	363836700598182
363836704956463	363836722402348	363836705245005
363836736362036	363836747037765	363836736783286
363836738594849	363836755250577	363836738912870
363836768114901	363836779886567	363836768367713
363836796686620	363836812741463	363836796956932
363836797062557	363836820954588	363836797155370
363836813717557	363836829167661	363836814015630
363836858488963	363836870236462	363836858760161
363836883372401	363836894880630	363836883661099
363836883725995	363836903095004	363836883858286
363836913183182	363836927734900	363836913478651
363836942262088	363836952376724	363836942552557
363836942638130	363836960590161	363836942734432
363836959323182	363836977019379	363836959610942
363837003560161	363837018100265	363837003823182
363837031196307	363837042750889	363837031643338
363837031901307	363837050968025	363837031994276
363837061284588	363837075615577	363837061578807
363837089781932	363837100259796	363837090066151
363837090232713	363837108474483	363837090310474
363837106921619	363837124906619	363837107211619
363837123516307	363837141336619	363837123778338
363837140213651	363837157764587	363837140549901
363837156807401	363837174194536	363837157098390
363837193949380	363837207056776	363837194239901
363837194344432	363837215273077	363837194423130
363837210966880	363837223488702	363837211222401
363837227616151	363837239921255	363837227897088
363837262420057	363837272783442	363837262741463
363837262920213	363837280998494	363837263012244
363837279570317	363837297427921	363837279874224
363837296248963	363837313859119	363837296518182
363837312846099	363837330291775	363837313110994
363837351349380	363837363151515	363837351666151
363837351551619	363837371367973	363837351668963
363837368412244	363837379584275	363837368678807
363837411354119	363837428880213	363837411628755
363837411691411	363837437096775	363837411800838
363837428433651	363837445313754	363837428741567
363837445106255	363837461745525	363837445483026
363837461861307	363837478177140	363837462056099
363837498881932	363837511039275	363837499207192
363837499122401	363837519255577	363837499211932
363837515956932	363837527472765	363837516208338
363837532621776	363837543905317	363837532892973
363837569737817	363837584981515	363837569998494
363837570133494	363837593196463	363837570217244
363837586851776	363837601412296	363837587142401
363837603490526	363837617842348	363837603760838
363837620229432	363837634274223	363837620496619
363837656731567	363837675349171	363837657081776
363837656944588	363837683563182	363837657087869
363837673857088	363837691776827	363837674039588
363837690417817	363837708202192	363837690689276
363837721519223	363837732845108	363837721635369
363837724650369	363837741060317	363837724949588
363837741284744	9223372036854775807	363837741674223

POLL t=42.4 tick=1117
8333333
363846016351304	363846038732501	363846016633804
363846047503335	363846063380783	363846047822085
363846049790522	363846071595418	363846050082241
363846080752397	363846096238751	363846081127189
363846111455835	363846129094532	363846111708647
363846111806147	363846137308803	363846111910366
363846128484845	363846145523021	363846128820835
363846173024845	363846186603178	363846173290991
363846173405314	363846194819011	363846173518960
363846203712554	363846219464324	363846203996929
363846206608804	363846227680053	363846206929585
363846223415835	363846235896251	363846223781564
363846270388022	363846285189376	363846270663491
363846299138178	363846309836459	363846299426147
363846299609741	363846318053022	363846299709220
363846331003908	363846342704480	363846331302397
363846332891876	363846350920261	363846333204116
363846363726720	363846375567657	363846364013126
363846366361616	363846383784167	363846366647866
363846400674897	363846416643178	363846400736460
363846428283960	363846441289689	363846428427658
363846428694741	363846449506459	363846428808283
363846459543126	363846474155991	363846459870366
363846488917553	363846507020522	363846489215991
363846489364533	363846515236303	363846489465210
363846505956147	363846523451355	363846506241772
363846550853335	363846564527918	363846551132866
363846580358908	363846597388386	363846580803647
363846580734116	363846605602137	363846580806928
363846597404897	363846613816095	363846597717345
363846641821928	363846654887762	363846642093178
363846642178439	363846663102085	363846642284116
363846671673803	363846687741303	363846671957189
363846675484845	363846695956512	363846675778178
363846692248282	363846704170886	363846692630522
363846739792397	363846753457449	363846740080678
363846767047397	363846778099323	363846767185053
363846767647241	363846786314272	363846767980678
363846799174064	363846810956720	363846799443126
363846801108803	363846819172084	363846801403022
363846832093960	363846843818230	363846832328491
363846834301251	363846852034116	363846834588595
363846865162866	363846876681146	363846865458022
363846867629376	363846884898334	363846867917970
363846899435366	363846909544323	363846899728803
363846901627397	363846917760365	363846901907501
363846931909116	363846942408542	363846932209897
363846934896772	363846950625729	363846935180782
363846968458334	363846983489793	363846968767866
363846996342814	363847008138543	363846996645366
363846996726772	363847016355209	363846996838022
363847027755834	363847041001563	363847027914272
363847030049741	363847049216198	363847030359897
363847061698282	363847073863125	363847061974584
363847091650834	363847106724844	363847091946876
363847092061459	363847114940678	363847092110626
363847108713126	363847123155365	363847109040834
363847153521772	363847164226615	363847153772657
363847154061772	363847172442761	363847154156772
363847184316772	363847197087813	363847184703751
363847187367709	363847205302552	363847187663334
363847204089741	363847221735000	363847204365834
363847250914897	363847262821511	363847251191720
363847279772241	363847295680990	363847280083126
363847280296459	363847303896146	363847280409741
363847311228126	363847328540522	363847311516407
363847313592189	363847336756198	363847313877501
363847344674272	363847361404116	363847344893022
363847347081459	363847369618595	363847347378803
363847377386616	363847394266927	363847377637345
363847380233751	363847402482344	363847380504584
363847414236563	363847427130990	363847414349688
363847442477866	363847459992241	363847442774532
363847442877345	363847468208022	363847442975366
363847473684428	363847484639323	363847473928126
363847476221303	363847492854740	363847476542553
363847507782553	363847525715522	363847508071772
363847509800522	363847533930157	363847510079272
363847540355522	363847558572761	363847540647397
363847542895678	363847566787084	363847543187709
363847574038907	363847591433281	363847574319115
363847576313803	363847599648750	363847576606459
363847607809532	363847624296719	363847608090001
363847609663334	363847632513281	363847609952345
363847640629428	363847657161562	363847640763647
363847642895157	363847665376302	363847643188490
363847674139740	363847690020157	363847674422084
363847676302709	363847698235313	363847676609584
363847707424063	363847722881876	363847707702865
363847709632084	363847731095573	363847709918022
363847740994115	363847755739167	363847741295834
363847743098959	363847763955261	363847743387709
363847774335834	363847788601094	363847774595678
363847776301772	363847796815938	363847776588126
363847793056563	363847805030729	363847793427865
363847837227188	363847854321824	363847837508959
363847837719376	363847862537084	363847837824740
363847868434272	363847878966094	363847868601095
363847898527709	363847911829896	363847898823334
363847898925990	363847920045990	363847899086199
363847915645626	363847928262969	363847915945938
363847959894220	363847977558647	363847960165470
363847960277397	363847985774480	363847960385834
363847990772344	363848002203542	363847991125626
363847993672084	363848010417813	363847993966772
363848010424272	363848026847292	363848010726303
363848054670626	363848067924948	363848054944740
363848055140053	363848076141459	363848055229272
363848087613803	363848100794792	363848088110990
363848088404532	363848109012917	363848088764584
363848105152813	363848117230782	363848105437657
363848149255365	363848166525626	363848149524584
363848149722865	363848174740313	363848149803178
363848180174584	363848191166979	363848180357084
363848183189272	363848199380886	363848183468022
363848199795157	363848215811511	363848200176719
363848244581303	363848256884792	363848244856615
363848244980782	363848265099896	363848245070313
363848275655469	363848289749479	363848275940678
363848278290521	363848297966302	363848278592188
363848294991719	363848306184167	363848295380521
363848342438646	363848355478125	363848342719376
363848371726459	363848388342968	363848372027344
363848372154428	363848396560208	363848372251928
363848402857240	363848421210781	363848403164740
363848405455938	363848429427969	363848405755990
363848422216928	9223372036854775807	363848422520938

POLL t=53.1 tick=1469
8333333
363856672321091	363856696145726	363856672419893
363856709171300	363856720798799	363856709549841
363856709418122	363856729018018	363856709550831
363856748043018	363856761887965	363856748326247
363856748232393	363856770105778	363856748339268
363856784758643	363856794759320	363856785066299
363856784918122	363856802977965	363856785070674
363856822705831	363856835850101	363856823009060
363856822909216	363856844067237	363856823014581
363856861910987	363856876939633	363856862205466
363856862080935	363856885157184	363856862245049
363856899237810	363856909814320	363856899558122
363856899402341	363856918034007	363856899563487
363856937741299	363856950910101	363856938029581
363856937915831	363856959129216	363856938038591
363856975189893	363856991999997	363856975489424
363856975388487	363857000218278	363856975497081
363857014913174	363857033092132	363857015215935
363857015141768	363857041312237	363857015216143
363857052852081	363857065969111	363857053253331
363857052979216	363857074188955	363857053260831
363857090029112	363857107062809	363857090340935
363857090202393	363857115280258	363857090356612
363857130675779	363857148149007	363857131109112
363857130958279	363857156365206	363857131122237
363857168565049	363857181020309	363857168859581
363857168757966	363857189237653	363857168864112
363857206139893	363857222111090	363857206441299
363857206281924	363857230329841	363857206454685
363857245026924	363857263199112	363857245314893
363857245167706	363857271416507	363857245323331
363857284021612	363857296069164	363857284178174
363857284205831	363857304285726	363857284317081
363857321848799	363857337153590	363857322172185
363857322108956	363857345370882	363857322175206
363857362923643	363857378242966	363857363243174
363857363127862	363857386462132	363857363248174
363857399618018	363857411112288	363857399927653
363857399799580	363857419330570	363857399934528
363857435952653	363857452198174	363857436194424
363857436202393	363857460415101	363857436316716
363857475558799	363857493284840	363857475891768
363857475827497	363857501503382	363857475895362
363857515459893	363857526159945	363857515760518
363857515639997	363857534378070	363857515765153
363857552892497	363857567244632	363857553186612
363857553073799	363857575461976	363857553202393
363857590521768	363857608334007	363857590821143
363857590679424	363857616551820	363857590831924
363857627074268	363857641204320	363857627379685
363857627257705	363857649420726	363857627384060
363857664507028	363857682288747	363857664796143
363857664691924	363857690505882	363857664810830
363857702257705	363857715157913	363857702548330
363857702523278	363857723374267	363857702623487
363857738043487	363857748022861	363857738359268
363857738224268	363857756239528	363857738361716
363857776513955	363857789106403	363857776817237
363857776837237	363857797324580	363857776918903
363857811770987	363857821978850	363857812085518
363857811934424	363857830197444	363857812091247
363857847133955	363857863067028	363857847447393
363857847280518	363857871285048	363857847450934
363857883484216	363857895939268	363857883772393
363857883793434	363857904158121	363857883909893
363857919695830	363857937026976	363857920009997
363857919897393	363857945244736	363857920024528
363857961618799	363857978119892	363857961901091
363857961915466	363857986340257	363857962003278
363857997800362	363858010997444	363857998084424
363857997950362	363858019214007	363857998090049
363858033995205	363858052086403	363858034386716
363858034169528	363858060305881	363858034405622
363858071536768	363858084960361	363858071829893
363858071720934	363858093178798	363858071835309
363858108099841	363858126049372	363858108395622
363858108257861	363858134265829	363858108409424
363858144886924	363858158916923	363858145178122
363858145035049	363858167133590	363858145181768
363858179209268	363858191780778	363858179497080
363858179348174	363858199996819	363858179499684
363858217430309	363858232863434	363858217736924
363858217612080	363858241080882	363858217742028
363858234339111	363858249298121	363858234711143
363858251042393	363858265731351	363858251321768
363858283248486	363858298598017	363858283538174
363858284286455	363858306815048	363858284598643
363858319842966	363858331465049	363858320133174
363858319997497	363858339683278	363858320136091
363858356940361	363858372554475	363858357238174
363858357097653	363858380770934	363858357241768
363858391588486	363858405419683	363858391874841
363858391762705	363858413634892	363858391901143
363858426350986	363858438282705	363858426663278
363858426560674	363858446500569	363858426667549
363858462406611	363858479370517	363858462704736
363858462560622	363858487589788	363858462710049
363858497698174	363858512244528	363858498009111
363858497861455	363858520461299	363858498012705
363858542325674	363858553332809	363858542591768
363858542617497	363858561551767	363858542745049
363858582030309	363858594421924	363858582325049
363858582180465	363858602639006	363858582353122
363858617475518	363858627290413	363858617745309
363858617637705	363858635508382	363858617758955
363858654558590	363858668375152	363858654852236
363858654769111	363858676591507	363858654861299
363858698206559	363858709456767	363858698512028
363858698425049	363858717673174	363858698520309
363858733148434	363858750542236	363858733641142
363858733316090	363858758759736	363858733654424
363858772123799	363858783407236	363858772438174
363858772368955	363858791623121	363858772442236
363858809668955	363858824485673	363858809974580
363858809899372	363858832701975	363858809992497
363858844905049	363858857351767	363858845216872
363858845083799	363858865567131	363858845221090
363858886142809	363858898431715	363858886440517
363858886425205	363858906647913	363858886518955
363858923516872	363858939508538	363858923806767
363858923687497	363858947723538	363858923813330
363858961720465	363858972364527	363858962027705
363858961923017	363858980581558	363858962031299
363859001848330	363859013446923	363859002123278
363859002155674	363859021661975	363859002252392
363859040581299	363859054521142	363859040973017
363859040764424	363859062735934	363859040976924

POLL t=63.8 tick=1630
8333333
363867712784524	363867722721399	363867713074889
363867729440149	363867747370201	363867729719681
363867746109264	363867763800982	363867746385827
363867762772024	363867780230826	363867763049056
363867779436295	363867796660149	363867779807962
363867796160618	363867813088274	363867796440618
363867812788170	363867829518222	363867813065827
363867829437545	363867845947649	363867829714837
363867862020983	363867878809784	363867862351139
363867862739212	363867887025044	363867863079889
363867879416608	363867895240722	363867879867337
363867896170201	363867911672232	363867896449889
363867912801764	363867928105357	363867913080201
363867929474264	363867944536555	363867929766712
363867946148014	363867960969472	363867946464264
363867962810045	363867977401035	363867963095201
363867979478014	363867993831711	363867979891556
363867996180045	363868010261555	363867996458483
363868012805462	363868026692910	363868013125462
363868029479733	363868043124524	363868029760931
363868065739108	363868084206347	363868066071608
363868091368483	363868108856555	363868091725670
363868091866764	363868117073274	363868091970618
363868108357233	363868125290878	363868108648483
363868124944420	363868141724159	363868125234264
363868141624576	363868158158274	363868141915670
363868158381139	363868174588117	363868158633431
363868175059056	363868191016555	363868175425201
363868191743326	363868207448274	363868192050826
363868208389264	363868223879836	363868208673795
363868225065983	363868240310930	363868225340201
363868241730670	363868256742493	363868242053326
363868274346920	363868289603691	363868274706868
363868275059420	363868297820149	363868275433014
363868291715045	363868306036503	363868292148899
363868308442701	363868322467961	363868308731764
363868325102337	363868338900878	363868325381451
363868341772389	363868355335409	363868342055358
363868358440201	363868371769003	363868358718899
363868375111451	363868388200930	363868375385201
363868391776608	363868404630618	363868392147701
363868408440045	363868421060617	363868408732649
363868425109680	363868437492753	363868425385826
363868441774576	363868453923273	363868442050983
363868476241868	363868486777910	363868476728795
363868476494993	363868494991971	363868476733326
363868493087233	363868503206191	363868493395618
363868509764733	363868527847648	363868510052962
363868526471087	363868544273378	363868526746920
363868543141920	363868560701867	363868543426451
363868559815982	363868577128169	363868560095618
363868576471243	363868593555982	363868576842545
363868593145201	363868609984784	363868593418014
363868609805045	363868626412961	363868610116764
363868626485201	363868642840357	363868626752805
363868643145982	363868659268638	363868643416451
363868690396764	363868708556659	363868690718795
363868690631764	363868716770774	363868690723743
363868714957389	363868733202232	363868715298899
363868723951139	363868741418222	363868724259264
363868740654889	363868757849680	363868741055462
363868757317076	363868774279211	363868757596295
363868773989212	363868790708951	363868774264993
363868790654889	363868807141711	363868791027024
363868807328014	363868823574107	363868807602389
363868823994420	363868840004888	363868824274524
363868840640774	363868856434211	363868840922701
363868857287389	363868872865773	363868857578430
363868896594993	363868913941815	363868896928326
363868896783639	363868922157857	363868896932805
363868913417857	363868930373274	363868913738951
363868930120305	363868946799472	363868930485618
363868946787493	363868963225774	363868947078482
363868963442232	363868979654002	363868963725514
363868980104680	363868996082180	363868980507649
363868996763482	363869012513273	363868997059889
363869013492857	363869028944368	363869013775045
363869030168170	363869045372649	363869030447389
363869046791607	363869061800044	363869047079732
363869063497389	363869078229784	363869063775774
363869099145461	363869111092232	363869099510045
363869099391764	363869119306346	363869099515461
363869116082336	363869127521763	363869116375826
363869132771295	363869143952961	363869133056764
363869149434889	363869160385305	363869149706451
363869166109107	363869176819159	363869166386607
363869182760618	363869193252597	363869183184368
363869199436920	363869209686138	363869199708274
363869216129211	363869226116190	363869216407024
363869232711868	363869250760148	363869232997232
363869249441399	363869267190096	363869249706920
363869266097493	363869283621606	363869266377701
363869301210357	363869316486399	363869301533795
363869301416086	363869324701711	363869301538482
363869318162545	363869332916711	363869318457493
363869334749680	363869349350669	363869335028743
363869351468170	363869365784419	363869351742232
363869368165201	363869382216867	363869368435982
363869384814263	363869398650304	363869385180513
363869401484263	363869415080721	363869401768013
363869418171763	363869431513378	363869418447701
363869434829211	363869447949524	363869435108326
363869451519888	363869464384472	363869451795045
363869468206711	363869480815930	363869468483118
363869503562076	363869521893013	363869503873013
363869523993951	363869538322388	363869524320305
363869524321920	363869546537179	363869524420357
363869541014263	363869554752128	363869541301243
363869557680461	363869571181346	363869557960826
363869574297180	363869587613221	363869574595618
363869590994576	363869604045617	363869591366451
363869607694732	363869620479263	363869607969888
363869624396711	363869636911815	363869624670201
363869641044836	363869653345877	363869641317857
363869657701138	363869669778533	363869657972232
363869674393482	363869686212180	363869674676711
363869707314367	363869719076867	363869707610670
363869707700201	363869727293742	363869707797545
363869724411555	363869735509679	363869724696607
363869741120670	363869751942440	363869741404732
363869757785305	363869768378378	363869758057545
363869774432857	363869793026971	363869774703326
363869791047857	363869801243533	363869791464992
363869807722701	363869817678222	363869808080201
363869824440201	363869842331086	363869824710305
363869841070982	363869858767596	363869841341867
363869857769576	9223372036854775807	363869858042180

POLL t=74.6 tick=1692
8333333
363878395151552	363878411024260	363878395394677
363878411666291	363878427449415	363878412040510
363878428325197	363878443875457	363878428609885
363878444983635	363878460302333	363878445264208
363878461657229	363878476727072	363878461935510
363878478327333	363878493152801	363878478600770
363878494980770	363878509578426	363878495257229
363878511615927	363878526005145	363878511985927
363878528325197	363878542430561	363878528610614
363878560167697	363878575278322	363878560454208
363878563082541	363878583490874	363878563378583
363878578333479	363878591702801	363878578646916
363878594942385	363878608128895	363878595254260
363878611661552	363878624555614	363878612038427
363878628325354	363878640981916	363878628605666
363878644989104	363878657409520	363878645274260
363878661652229	363878673838687	363878661932229
363878678326083	363878690266499	363878678606135
363878695004052	363878706694572	363878695285197
363878740908322	363878755973322	363878741263010
363878741255510	363878764187645	363878741379104
363878757834260	363878772401915	363878758106916
363878774494364	363878788829832	363878774772541
363878791166447	363878805256447	363878791442229
363878807819729	363878821683843	363878808195770
363878824494572	363878838112853	363878824779208
363878841165197	363878854541447	363878841448479
363878857827176	363878870970145	363878858108426
363878874509104	363878887399520	363878874770666
363878891167333	363878903826863	363878891442697
363878926540822	363878936683635	363878926962333
363878926869260	363878944897072	363878927099416
363878943373791	363878961323634	363878943661291
363878960106864	363878977751395	363878960389572
363878976768166	363878994179468	363878977035666
363878993425197	363879010607332	363878993706916
363879010090822	363879027034676	363879010460770
363879026761603	363879043463374	363879027038426
363879043420822	363879059892072	363879043690510
363879060164416	363879076319572	363879060441708
363879106353947	363879117387437	363879106889416
363879106555197	363879125602645	363879106900978
363879123210926	363879133817749	363879123501760
363879139872020	363879150244520	363879140146395
363879156554103	363879166673791	363879156834416
363879173265458	363879191314207	363879173548739
363879189928895	363879207743530	363879190253791
363879206585145	363879224174155	363879206966239
363879223259416	363879240602488	363879223542020
363879239925770	363879257031967	363879240205978
363879282687072	363879298103374	363879283018791
363879283001603	363879306317228	363879283125614
363879299571603	363879314530457	363879299870666
363879316320614	363879330957696	363879316691708
363879332929676	363879347385770	363879333308583
363879349605926	363879363813686	363879349876916
363879366261083	363879380242957	363879366539051
363879382919572	363879396673843	363879383190614
363879399588635	363879413105873	363879399859572
363879416260926	363879429537071	363879416623635
363879458586916	363879470619780	363879458953582
363879460570301	363879478834364	363879461063947
363879475449728	363879487050613	363879475745041
363879492169885	363879503481707	363879492449572
363879508809260	363879519913426	363879509182853
363879525485145	363879536347332	363879525764728
363879542144103	363879552781551	363879542471395
363879558769416	363879569211186	363879559062228
363879575422228	363879585643529	363879575725666
363879592110822	363879602075978	363879592418166
363879635998010	363879651373634	363879636371916
363879636196916	363879659589520	363879636372385
363879652878791	363879667805353	363879653168635
363879669565509	363879684235561	363879669855614
363879686258895	363879700665040	363879686560041
363879702881707	363879717096916	363879703172384
363879719584259	363879733528009	363879719958322
363879736250978	363879749960770	363879736541395
363879752922853	363879766395613	363879753199572
363879769589676	363879782827019	363879769871239
363879812403478	363879823903582	363879812966291
363879812590666	363879832118322	363879812986603
363879829246082	363879840334155	363879829535353
363879845980509	363879856763373	363879846263791
363879862638166	363879873194623	363879862932072
363879879301864	363879889625092	363879879581759
363879895972384	363879914273581	363879896246239
363879912639364	363879922490509	363879913025978
363879929295978	363879947138061	363879929621603
363879945961603	363879963569468	363879946242020
363879987297853	363880004643270	363879987645978
363879987475666	363880012858947	363879987657541
363880004157072	363880021074155	363880004443739
363880020870509	363880037504571	363880021258270
363880037527228	363880053935248	363880037807332
363880054199832	363880070367124	363880054474103
363880070804884	363880086800197	363880071092228
363880087521134	363880103233165	363880087802176
363880104193791	363880119666082	363880104483322
363880120860822	363880136099571	363880121240770
363880160590666	363880177176707	363880160970978
363880161128478	363880185392853	363880161322645
363880177700041	363880193608478	363880177987072
363880194389728	363880210042696	363880194660457
363880211075978	363880226475197	363880211262697
363880227747072	363880242907384	363880228035666
363880244385509	363880259339363	363880244666916
363880261099103	363880275768895	363880261368791
363880277756291	363880292200040	363880278030301
363880294427176	363880308633582	363880294703634
363880337193322	363880349714258	363880337553790
363880337417020	363880357930769	363880337561395
363880354134259	363880366147800	363880354410665
363880370807957	363880382580248	363880371083426
363880387493322	363880399011967	363880387766447
363880404211290	363880415444050	363880404475197
363880420858947	363880431875352	363880421216290
363880437522072	363880448306863	363880437793634
363880454187384	363880464738894	363880454463790
363880470858790	363880489381394	363880471122697
363880517008009	363880530453998	363880517489572
363880517216603	363880538670040	363880517509415
363880533962488	363880546885405	363880534244572
363880550714884	363880563315196	363880550999728
363880567333478	363880579744779	363880567614259
363880583994728	363880596177279	363880584272697
363880600595613	363880612609311	363880600873790

POLL t=85.3 tick=1800
8333333
363889103312954	363889114665662	363889103591756
363889119983579	363889131091860	363889120261443
363889136645975	363889147517537	363889136923318
363889153304829	363889163943579	363889153501600
363889196598423	363889213224620	363889197883995
363889196762485	363889221438631	363889197911027
363889213462381	363889229652901	363889213759360
363889230168162	363889246081182	363889230442225
363889246830662	363889262506703	363889247103110
363889263494568	363889278933734	363889263861391
363889280193006	363889295362433	363889280467329
363889296815818	363889311791807	363889297092537
363889313483110	363889328221495	363889313752537
363889330149412	363889344652485	363889330418579
363889376397850	363889393946078	363889376741131
363889376570297	363889402161651	363889376751235
363889393241287	363889410377953	363889393533631
363889409974568	363889426807329	363889410260766
363889426650506	363889443235402	363889426961287
363889443294516	363889459662953	363889443568318
363889459921547	363889476092901	363889460299725
363889476578735	363889492523682	363889476867641
363889493239412	363889508954099	363889493529881
363889509961756	363889525381651	363889510235037
363889553848266	363889566455817	363889554196704
363889554044985	363889574670453	363889554595662
363889570718474	363889582884151	363889571005454
363889587363631	363889599311860	363889587655974
363889604115037	363889615737693	363889604395037
363889620754412	363889632161807	363889621029412
363889637418579	363889648588370	363889637694516
363889654081860	363889665015297	363889654504985
363889670709412	363889681442537	363889671000349
363889687422016	363889697869307	363889687700297
363889732262797	363889747144724	363889732580818
363889734151131	363889755357432	363889734597016
363889749106912	363889763568943	363889749406391
363889765838422	363889779991703	363889766199881
363889782493735	363889796417016	363889782778006
363889799146131	363889812843734	363889799434724
363889815780193	363889829269464	363889816128006
363889832433318	363889845697693	363889832734099
363889849096235	363889862126964	363889849392797
363889865827537	363889878555505	363889866205922
363889906767693	363889919619620	363889907157797
363889907055349	363889927831912	363889907177537
363889923618943	363889936045505	363889923921235
363889940306912	363889952472745	363889940593943
363889957002328	363889968900037	363889957370662
363889973671756	363889985326130	363889973949828
363889990336287	363890001755088	363889990616912
363890007003318	363890018183734	363890007273631
363890023675818	363890034610766	363890023958474
363890040348631	363890051035401	363890040621391
363890081257797	363890092099620	363890081633474
363890081457068	363890100311911	363890081651131
363890098135349	363890108523630	363890098432537
363890114758266	363890124947901	363890115063474
363890131497641	363890149586755	363890131808787
363890148180453	363890166014307	363890148459360
363890164850193	363890182442224	363890165212953
363890181529568	363890198869359	363890181803162
363890198187328	363890215295036	363890198501912
363890214854255	363890231720037	363890215166287
363890254210297	363890264574880	363890254655818
363890254493110	363890272788265	363890254669724
363890271163630	363890289213161	363890271534672
363890287766235	363890305637901	363890288053474
363890304480922	363890322062901	363890304769724
363890321146703	363890338489515	363890321427485
363890337812693	363890354916338	363890338091912
363890354482068	363890371344828	363890354761599
363890371166599	363890387776078	363890371536599
363890387825037	363890404206911	363890388099360
363890422323787	363890437065297	363890422701860
363890422519568	363890445280869	363890422724412
363890439171130	363890453494828	363890439456912
363890455872849	363890469920297	363890456155974
363890472517068	363890486348266	363890472894672
363890489227380	363890502774098	363890489512172
363890505851078	363890519199672	363890506132797
363890522557068	363890535628162	363890522828735
363890539225349	363890552056130	363890539504568
363890555928422	363890568482536	363890556207016
363890596360505	363890609550089	363890596745974
363890596647849	363890617764775	363890596830609
363890613223943	363890625979463	363890613510974
363890629945141	363890642406286	363890630218318
363890646606287	363890658835401	363890646880922
363890663260037	363890675265244	363890663632953
363890679942797	363890691696494	363890680214568
363890696596755	363890708125609	363890696872328
363890713264828	363890724553734	363890713536599
363890729930766	363890740982588	363890730206130
363890768553787	363890782054307	363890768995037
363890768712224	363890790269724	363890769007068
363890785413578	363890798485088	363890785698005
363890802119880	363890814915973	363890802395661
363890818751859	363890831345973	363890819028005
363890835446391	363890847774202	363890835723474
363890852158630	363890864201703	363890852446547
363890868815922	363890880630505	363890869191911
363890885502797	363890897059255	363890885778630
363890902146130	363890913485505	363890902428734
363890937558161	363890954546286	363890937887068
363890962337693	363890979182432	363890962823422
363890962489672	363890987395244	363890962830922
363890979232328	363890995609306	363890979534255
363890995985974	363891012036442	363890996225818
363891012634568	363891028462744	363891012902536
363891029234568	363891044890661	363891029515297
363891045953109	363891061319411	363891046224880
363891062581547	363891077746599	363891062953630
363891106157068	363891118820557	363891106461755
363891106546703	363891127034984	363891106668474
363891123168474	363891135249358	363891123441234
363891139784828	363891151676963	363891140068318
363891156518422	363891168107224	363891156765766
363891173189359	363891184537432	363891173545818
363891189839568	363891200969202	363891190109255
363891206519880	363891217398995	363891206830505
363891223181286	363891233829099	363891223445818
363891239843318	363891258474619	363891240122380
363891279937015	363891291327327	363891280290974
363891280187640	363891299539932	363891280302693
363891296927536	363891307752275	363891297209568
363891313640974	363891324179254	363891313904724

POLL t=96.0 tick=1876
8333333
363899922407689	363899932881022	363899922772221
363899956172064	363899973949876	363899956584096
363899956571908	363899982163209	363899956688939
363899973024096	363899990377741	363899973291283
363899989755918	363900006804980	363899990000762
363900006343470	363900023235658	363900006716231
363900023052689	363900039665033	363900023382220
363900039717012	363900056092793	363900039994564
363900056373783	363900072520501	363900056651856
363900073039877	363900088950450	363900073321752
363900089718731	363900105381179	363900089991231
363900122969043	363900138237324	363900123383575
363900123272845	363900146452376	363900123416856
363900139838575	363900154667585	363900140131595
363900156560658	363900171098574	363900156840762
363900173222325	363900187529980	363900173493939
363900189897377	363900203960502	363900190176127
363900206555658	363900220389199	363900206927168
363900223221127	363900236821751	363900223498939
363900239893627	363900253252324	363900240166439
363900256566283	363900269683731	363900256835293
363900287964252	363900302542740	363900288272220
363900318151387	363900335402272	363900318540814
363900318292012	363900343617376	363900318545189
363900335030033	363900351833106	363900335307533
363900351698575	363900368263001	363900352037950
363900368391595	363900384692428	363900368641283
363900385026908	363900401121855	363900385306752
363900401689668	363900417551543	363900402067012
363900418365814	363900433979876	363900418651908
363900456522220	363900475049720	363900456849043
363900456693158	363900483264043	363900456886908
363900473369877	363900491476334	363900473653939
363900490015189	363900507903106	363900490305814
363900506756908	363900524329460	363900507120189
363900523423783	363900540755553	363900523704252
363900540137220	363900557178678	363900540404668
363900556705658	363900573604199	363900556991231
363900573420502	363900590028730	363900573748002
363900590098783	363900606455710	363900590377481
363900623513002	363900639310501	363900623911127
363900623813262	363900647525501	363900623972012
363900640371751	363900655740501	363900640660606
363900657079408	363900672169980	363900657427845
363900673745449	363900688600397	363900674024981
363900690417376	363900705030553	363900690697845
363900707080762	363900721461699	363900707488106
363900723744251	363900737891230	363900724045606
363900740414512	363900754317428	363900740686387
363900757084356	363900770746022	363900757369095
363900790156699	363900803602064	363900790532220
363900790478574	363900811816126	363900790637533
363900807091283	363900820030658	363900807500449
363900823753262	363900836461021	363900824093106
363900840428001	363900852890241	363900840725345
363900857150033	363900869319147	363900857430918
363900873812324	363900885747636	363900874091283
363900890472689	363900902180866	363900890748158
363900907105137	363900918612480	363900907484720
363900923768574	363900935044199	363900924109668
363900956162168	363900967903938	363900956535762
363900957084981	363900976118574	363900957467012
363900973763470	363900984333105	363900974047064
363900990491908	363901000762480	363900990774095
363901007111283	363901017194563	363901007501856
363901023800970	363901041843053	363901024108939
363901040463158	363901058274199	363901040755033
363901057119981	363901074706334	363901057416126
363901073781855	363901091135292	363901074077533
363901090455814	363901107565345	363901090748730
363901126092324	363901140430292	363901126472637
363901126249408	363901148646439	363901126550658
363901142927845	363901156861334	363901143222480
363901159625345	363901173291698	363901159914876
363901176325137	363901189724199	363901176595814
363901192987949	363901206155345	363901193268105
363901209652064	363901222584251	363901210023001
363901226313887	363901239017428	363901226586751
363901242984355	363901255450762	363901243252064
363901259653939	363901271883157	363901259931908
363901293650032	363901304746907	363901294023782
363901293804564	363901312964042	363901294070449
363901310460970	363901321179303	363901310843314
363901327156907	363901337612896	363901327440189
363901343820814	363901354044511	363901344142064
363901360484720	363901370477063	363901360799564
363901377204199	363901395122636	363901377484720
363901393861282	363901411555032	363901394130345
363901410527064	363901427987897	363901410890345
363901427195032	363901444419459	363901427520657
363901461774355	363901477283991	363901462211907
363901462151543	363901485500032	363901462242480
363901478654720	363901493716855	363901479027793
363901495338001	363901510149876	363901495614720
363901512025501	363901526580813	363901512384720
363901528669251	363901543010136	363901528957532
363901545334199	363901559437532	363901545616387
363901562004095	363901575866595	363901562277532
363901578670137	363901592294355	363901578941126
363901595353105	363901608722324	363901595630501
363901630737064	363901641583938	363901631097064
363901630922532	363901649798626	363901631102480
363901647658887	363901658013938	363901647948782
363901664382532	363901674444720	363901664673574
363901681003001	363901699090918	363901681276543
363901697654720	363901715522323	363901697932168
363901714339980	363901731953573	363901714744095
363901731018001	363901748385292	363901731296595
363901747711699	363901764816490	363901747993574
363901764415345	363901781247011	363901764692324
363901801789095	363901814110501	363901802130189
363901802015345	363901822327376	363901802137220
363901818713886	363901830543573	363901819114668
363901835394564	363901846972688	363901835665814
363901852210189	363901863402896	363901852464720
363901868765032	363901879830709	363901869084407
363901885464199	363901896261386	363901885733939
363901902122689	363901912691386	363901902384095
363901918707168	363901929119459	363901919080605
363901935387168	363901945547011	363901935670189
363901968998626	363901986616282	363901969324511
363901969273886	363901994831281	363901969383730
363901986007793	363902003045500	363901986290293
363902002657845	363902019475761	363902002936438
363902019323157	363902035905188	363902019693105
363902035980918	363902052335344	363902036250501
363902052686751	9223372036854775807	363902052947532

POLL t=106.7 tick=1953
8333333
363910612666279	363910630135810	363910612948779
363910629375133	363910646565757	363910629656279
363910668168883	363910679427112	363910668448935
363910668441227	363910687644039	363910668567008
363910685044248	363910695860185	363910685329404
363910701778310	363910712290602	363910702051748
363910718430966	363910728718310	363910718722060
363910735092685	363910753364091	363910735368727
363910751757008	363910769793778	363910752131904
363910768370029	363910786224039	363910768661435
363910785027008	363910802654872	363910785328935
363910801718623	363910819084768	363910802001591
363910832898883	363910843728987	363910833231852
363910835081904	363910851945080	363910835493623
363910851675341	363910868376018	363910852085498
363910868491071	363910884806591	363910868691435
363910885039248	363910901237320	363910885322529
363910901737477	363910917668310	363910901984039
363910918364820	363910934098726	363910918649560
363910935108102	363910950527425	363910935383883
363910951765341	363910966956695	363910952138623
363910998347216	363911016242268	363910998755029
363910998688623	363911024457007	363910998900185
363911015162998	363911032673206	363911015463310
363911031939195	363911049106278	363911032250029
363911048563779	363911065538882	363911048944352
363911065237164	363911081970341	363911065517529
363911081910185	363911098400237	363911082191591
363911098624404	363911114834611	363911098907841
363911115188779	363911131268205	363911115479091
363911131876747	363911147702320	363911132172633
363911183912997	363911197000445	363911184266279
363911184089820	363911205218414	363911184287789
363911200765654	363911213435758	363911201110133
363911217515029	363911229871486	363911217818622
363911234140602	363911246306590	363911234422997
363911250773622	363911262740289	363911251145914
363911267467060	363911279176695	363911267741852
363911284163154	363911295612633	363911284433102
363911300802320	363911312047372	363911301081904
363911317473310	363911328482841	363911317754820
363911353449352	363911369566591	363911353922060
363911353622945	363911377784716	363911353962841
363911370323883	363911386003362	363911370646435
363911386944872	363911402437580	363911387222529
363911403675497	363911418872112	363911403955497
363911420337216	363911435305862	363911420629977
363911437018154	363911451737424	363911437294195
363911453668414	363911468168518	363911454043935
363911470337372	363911484596955	363911470618570
363911486997633	363911501026330	363911487291435
363911523108779	363911533888830	363911523563258
363911523294091	363911542102737	363911523580497
363911539928154	363911558532319	363911540274664
363911556678466	363911574961278	363911557060497
363911573335758	363911591388987	363911573627997
363911589998935	363911607815444	363911590279872
363911606661122	363911624242476	363911606943154
363911623328779	363911640671383	363911623603466
363911639967060	363911657102737	363911640246435
363911656628154	363911673536590	363911657010185
363911689557841	363911706404768	363911689921904
363911690035029	363911714622788	363911690196122
363911706685497	363911722839820	363911706985133
363911723384039	363911739273621	363911723666070
363911740095445	363911755705810	363911740378779
363911756731539	363911772137944	363911757106435
363911773397164	363911788567736	363911773677685
363911790060028	363911804994038	363911790339351
363911806728466	363911821420757	363911807005341
363911823398726	363911837847632	363911823685810
363911857482164	363911870699143	363911857990133
363911857778310	363911878912528	363911858002789
363911874328883	363911887125184	363911874632633
363911890969976	363911903551799	363911891276903
363911907671851	363911919978205	363911907968101
363911924323883	363911936407476	363911924611383
363911940982320	363911952836330	363911941281591
363911957645497	363911969267372	363911958034716
363911974309039	363911985699090	363911974640497
363911990972372	363912002132268	363911991275341
363912028048466	363912043213726	363912028410966
363912028252685	363912051431122	363912028473778
363912044928310	363912059648361	363912045221903
363912061653570	363912076080549	363912062078726
363912078317685	363912092511122	363912078595497
363912094970028	363912108941851	363912095259091
363912111640028	363912125370653	363912111918414
363912128304716	363912141802372	363912128586070
363912144969247	363912158235393	363912145245966
363912161647476	363912174668101	363912162025185
363912193430185	363912207534142	363912193765653
363912220784976	363912232182164	363912221149976
363912220969403	363912240398413	363912221158153
363912237630341	363912248614716	363912237912632
363912254295810	363912265044819	363912254673101
363912270966695	363912281476954	363912271270966
363912287713622	363912297912632	363912287988466
363912304383778	363912322566538	363912304670497
363912321052632	363912339000809	363912321330185
363912359854560	363912371866382	363912360325185
363912360171070	363912380082111	363912360331070
363912376826226	363912388297788	363912377110810
363912393537060	363912404731435	363912393816539
363912410179091	363912421161799	363912410450497
363912426861903	363912437593309	363912427142528
363912443539872	363912454026434	363912443862684
363912460217320	363912470462267	363912460585497
363912476858570	363912486896486	363912477137841
363912493507528	363912511549195	363912493782528
363912525335757	363912536199091	363912525690757
363912526843257	363912544415028	363912527393205
363912543511382	363912560849716	363912543800966
363912560222372	363912577281018	363912560587372
363912576865653	363912593712579	363912577148466
363912593539976	363912610146747	363912593848726
363912610221591	363912626579924	363912610494559
363912626887528	363912643010809	363912627153153
363912643544403	363912659442476	363912643807632
363912660289195	363912675874611	363912660656851
363912692619247	363912708738829	363912692847632
363912693549507	363912716954820	363912693894559
363912710240497	363912725171382	363912710538309
363912726893466	363912741607007	363912727186434
363912743578934	363912758039195	363912743856903
363912760277528	363912774473934	363912760630341
363912776933726	9223372036854775807	363912777207007

POLL t=117.4 tick=2030
8333333
363921354732681	363921368873566	363921355085181
363921355384973	363921377091170	363921355798879
363921372098306	363921385309400	363921372412369
363921388776587	363921401744712	363921389152994
363921405446119	363921418179712	363921405738879
363921422105337	363921434614347	363921422385650
363921438772369	363921451050545	363921439049556
363921455435337	363921467485024	363921455709348
363921472117525	363921483919243	363921472396900
363921488756587	363921500353098	363921489150181
363921520409035	363921533221066	363921520784816
363921522077212	363921541438045	363921522529035
363921538706900	363921549655701	363921539001223
363921555444660	363921566091952	363921555760754
363921572125962	363921582527628	363921572411066
363921588763775	363921607182315	363921589136848
363921605434087	363921623620649	363921605716275
363921622107525	363921640056639	363921622385962
363921638778723	363921656494816	363921639053618
363921655439556	363921672930441	363921655715181
363921686984973	363921697584816	363921687455181
363921688711535	363921705804087	363921689036118
363921705399816	363921722239764	363921705686743
363921722077056	363921738673409	363921722367316
363921738841118	363921755106795	363921739125025
363921755411431	363921771540909	363921755703306
363921772100806	363921787974347	363921772390025
363921788784243	363921804410388	363921789160337
363921805413462	363921820844348	363921805703306
363921822061587	363921837278722	363921822353618
363921854587368	363921870145858	363921854943306
363921855419087	363921878362472	363921855779400
363921872112941	363921886579868	363921872401431
363921888827785	363921903014191	363921889203254
363921905496900	363921919448879	363921905780598
363921922112525	363921935884712	363921922408462
363921938826223	363921952319191	363921939108931
363921955486587	363921968751951	363921955768931
363921972176066	363921985185545	363921972462368
363921988776275	363922001618305	363921989178879
363922020311118	363922034485754	363922020753462
363922022115129	363922042702889	363922022630650
363922038732368	363922050920441	363922039027837
363922055499087	363922067352993	363922055767837
363922072181379	363922083788982	363922072452837
363922088820025	363922100223462	363922089184556
363922105500337	363922116657367	363922105775650
363922122179347	363922133091639	363922122500754
363922138820910	363922149526639	363922139136535
363922155505181	363922165963097	363922155822525
363922188424660	363922198832056	363922188935025
363922188960650	363922207049556	363922189162681
363922205533150	363922223486274	363922205824243
363922222270962	363922239921482	363922222537525
363922238924087	363922256354556	363922239188462
363922255585806	363922272788721	363922255861118
363922272250337	363922289222993	363922272533149
363922288905337	363922305654503	363922289353097
363922305593097	363922322088982	363922305878774
363922322252472	363922338525701	363922322535024
363922358285597	363922371398722	363922358814504
363922358809972	363922379616169	363922358983774
363922375170024	363922387834138	363922375461535
363922391897212	363922404269034	363922392273722
363922408575649	363922420704087	363922408858722
363922425234712	363922437137733	363922425513306
363922441901431	363922453571326	363922442177472
363922458563566	363922470005910	363922458840285
363922475234347	363922486438357	363922475510493
363922491892681	363922502871066	363922492267681
363922525300441	363922543953201	363922525763149
363922553809972	363922568602837	363922554137056
363922553940649	363922576818566	363922554144087
363922570702212	363922585033617	363922570979399
363922587355962	363922601463253	363922587855806
363922604068722	363922617893826	363922604303774
363922620692056	363922634324555	363922620967837
363922637354556	363922650753983	363922637626587
363922654025181	363922667183149	363922654296118
363922694174087	363922708263514	363922694671587
363922694379660	363922716478826	363922694677681
363922711022316	363922724694087	363922711313774
363922727758774	363922741123358	363922728051431
363922744417524	363922757553201	363922744698722
363922761087056	363922773983409	363922761374399
363922777757837	363922790413774	363922778073306
363922794420024	363922806842524	363922794795024
363922811084087	363922823271326	363922811363149
363922827754503	363922839699868	363922828078097
363922863207316	363922880777420	363922863572837
363922863366535	363922888993410	363922863619035
363922880059972	363922897209763	363922880340493
363922896755649	363922913642523	363922897109503
363922913420493	363922930077159	363922913767524
363922930051274	363922946511586	363922930340910
363922946758305	363922962944919	363922947037212
363922963425910	363922979381065	363922963708253
363922980103722	363922995816430	363922980389243
363922996699087	363923012251169	363922997080597
363923033170128	363923045123826	363923033453878
363923033584868	363923053342836	363923033767941
363923050331587	363923061561430	363923050678774
363923066926274	363923077999816	363923067203774
363923083617212	363923094435232	363923083898410
363923100282472	363923110869971	363923100657368
363923116963566	363923135520440	363923117236066
363923133614243	363923151954346	363923133878305
363923150287837	363923168385440	363923150558930
363923166893930	363923184817627	363923167164712
363923205021899	363923217686222	363923205330337
363923205318774	363923225903462	363923205456587
363923222033097	363923234120493	363923222348462
363923238732368	363923250552107	363923239011743
363923255313097	363923266985596	363923255602055
363923271987837	363923283418774	363923272264503
363923288665910	363923299850388	363923288942055
363923305356430	363923316283878	363923305638305
363923321990805	363923332717524	363923322275805
363923338695962	363923349150596	363923338967055
363923376637680	363923390232888	363923376994503
363923376886430	363923398449503	363923377021430
363923393571534	363923406665596	363923393957993
363923410300753	363923423098461	363923410607159
363923426960649	363923439530336	363923427225753
363923443654399	363923455962263	363923443979191
363923460315649	363923472397471	363923460618722
363923476980024	9223372036854775807	363923477250753

POLL t=128.4 tick=2108
8333333
363932237886427	363932256091270	363932238273927
363932254567833	363932272524708	363932254854656
363932271218458	363932288957729	363932271506271
363932287888614	363932305390437	363932288174239
363932304559083	363932321823927	363932304850021
363932341149239	363932354692780	363932341887937
363932341608406	363932362909864	363932341896583
363932357985125	363932371126791	363932358280958
363932374639552	363932387559916	363932374943302
363932391299864	363932403994291	363932391597052
363932408023406	363932420427781	363932408299656
363932424663406	363932436861791	363932424959864
363932441349239	363932453295072	363932441768614
363932458000802	363932469726686	363932458299864
363932474742000	363932486156895	363932475023614
363932513164708	363932527232052	363932513475646
363932513324500	363932535447989	363932513479708
363932530001114	363932543663874	363932530316843
363932546722468	363932560095854	363932547144187
363932563381583	363932576526166	363932563659864
363932580081271	363932592954916	363932580370646
363932596681583	363932609387416	363932596973614
363932613386218	363932625820437	363932613672364
363932630001739	363932642251687	363932630293093
363932646671427	363932658681114	363932647099239
363932676420021	363932691536271	363932676763458
363932679971218	363932699750280	363932680302052
363932696633927	363932707964239	363932696993927
363932713322521	363932724391947	363932713619343
363932730063146	363932740818926	363932730334708
363932746720958	363932757244603	363932747091218
363932763381114	363932773671843	363932763655645
363932780082052	363932790098978	363932780357208
363932796717625	363932814741479	363932797001583
363932843953302	363932855808093	363932844481739
363932870267468	363932880452676	363932870612989
363932870457052	363932888667051	363932870619083
363932887159500	363932896880697	363932887434083
363932903831270	363932921526687	363932904112520
363932920501114	363932937959239	363932920771583
363932937169552	363932954391947	363932937452156
363932953835906	363932970824134	363932954216427
363932970497156	363932987255489	363932970777520
363933013758145	363933028328822	363933014314552
363933014129083	363933036545072	363933014322364
363933030634031	363933044761947	363933030924343
363933047365958	363933061192468	363933047741531
363933064039343	363933077623666	363933064302208
363933080714864	363933094051947	363933080986739
363933097356895	363933110478353	363933097638927
363933114015177	363933126906738	363933114297833
363933130654239	363933143335020	363933130950958
363933147313927	363933159764864	363933147683927
363933180075020	363933192619291	363933180235177
363933180694552	363933200831739	363933181090802
363933197353302	363933209042988	363933197649239
363933214088249	363933225468041	363933214411583
363933230750958	363933241894759	363933231015177
363933247410906	363933258321427	363933247778458
363933264093458	363933274749708	363933264407208
363933280750749	363933291180385	363933281023770
363933297415593	363933307612988	363933297688718
363933314079499	363933324043458	363933314353302
363933347762989	363933365122103	363933348294499
363933375246374	363933389769551	363933375715593
363933375470906	363933397985958	363933375724239
363933392197520	363933406201322	363933392490437
363933408875176	363933422635384	363933409236270
363933425523406	363933439069446	363933425800906
363933442138718	363933455503249	363933442530176
363933458855593	363933471935385	363933459138874
363933475521739	363933488366478	363933475798562
363933518336895	363933529447623	363933518465333
363933518527520	363933537665020	363933518648249
363933535183093	363933545881790	363933535546583
363933551893406	363933562313405	363933552280489
363933568559708	363933578746009	363933568827676
363933585231895	363933603396530	363933585494551
363933601910906	363933619828978	363933602141843
363933618511739	363933636258873	363933618798093
363933635202312	363933652685748	363933635492989
363933651843562	363933669113093	363933652240333
363933668503458	363933685540592	363933668790333
363933710105437	363933726618613	363933710454551
363933710282833	363933734834186	363933710491374
363933726939864	363933743049499	363933727223301
363933743587312	363933759480696	363933743976895
363933760335437	363933775908406	363933760609551
363933776948614	363933792336999	363933777235801
363933793622833	363933808767415	363933793914239
363933810274395	363933825199030	363933810566426
363933826943145	363933841629187	363933827234656
363933843602051	363933858060020	363933843985280
363933877901739	363933890917259	363933878260645
363933904156583	363933915562780	363933904510280
363933904294083	363933923779395	363933904514239
363933920984864	363933931995801	363933921273301
363933937700801	363933948427207	363933937982833
363933954366426	363933964857572	363933954784812
363933970981895	363933981290801	363933971273614
363933987711739	363934005937572	363933988030176
363934004368614	363934022367571	363934004658458
363934064609864	363934079872988	363934064953614
363934065048718	363934088086530	363934065205801
363934081652207	363934096300853	363934081936114
363934098397520	363934112730853	363934098688405
363934115027989	363934129160800	363934115305645
363934131718301	363934145589134	363934131996530
363934148384707	363934162018353	363934148743770
363934164980593	363934178449967	363934165252937
363934181719030	363934194880540	363934181985645
363934198401426	363934211310332	363934198691270
363934228754812	363934244170124	363934228915957
363934231682780	363934252384394	363934231990176
363934248335332	363934260599551	363934248747051
363934265011843	363934277026321	363934265293301
363934281701999	363934293453821	363934281966895
363934298411114	363934309884186	363934298669655
363934315068457	363934326313405	363934315336270
363934331713249	363934342741530	363934331976843
363934348401218	363934359169029	363934348768718
363934396047520	363934408455957	363934396322937
363934396792780	363934416671217	363934397217989
363934413441374	363934424887624	363934413733093
363934430125020	363934441318717	363934430398874
363934446741843	363934457749655	363934447139707
363934463460332	9223372036854775807	363934463739655

POLL t=139.2 tick=2185
8333333
363943021568610	363943034001630	363943021892048
363943038308142	363943050430537	363943038584235
363943054964652	363943066860277	363943055247360
363943071608714	363943083286891	363943071930277
363943088290017	363943099713089	363943088665433
363943104900746	363943116140016	363943105194027
363943121563089	363943132568662	363943121859339
363943138297985	363943148996162	363943138582673
363943171587673	363943181853401	363943171952985
363943171912048	363943190068454	363943171953454
363943188432308	363943206498297	363943188818298
363943205174860	363943222929964	363943205489496
363943221823558	363943239360485	363943222099548
363943238494496	363943255788662	363943238767464
363943255145902	363943272220276	363943255419704
363943271826891	363943288651578	363943272104964
363943288482516	363943305084131	363943288868141
363943305171891	363943321516839	363943305432360
363943339588610	363943354373454	363943339952621
363943339783766	363943362588975	363943340048246
363943356429964	363943370804443	363943356714079
363943373161891	363943387237464	363943373445954
363943389823871	363943403672100	363943390200902
363943406495121	363943420106058	363943406800746
363943423150277	363943436540276	363943423430433
363943439813246	363943452972777	363943440135902
363943456481110	363943469408349	363943456760173
363943473151996	363943485845485	363943473435329
363943507697829	363943518712412	363943508097308
363943507977933	363943526928297	363943508108714
363943524622516	363943535145589	363943525002464
363943541318454	363943551579912	363943541597048
363943557973141	363943576230224	363943558249027
363943574632204	363943592660328	363943574909027
363943591274704	363943609091162	363943591647777
363943607928298	363943625524235	363943608214704
363943624588610	363943641955016	363943624874548
363943641271266	363943658386891	363943641555954
363943675056891	363943691249860	363943675504964
363943703332985	363943715894286	363943703732673
363943703460798	363943724109182	363943703736214
363943720165798	363943732324183	363943720450485
363943736819704	363943748755953	363943737193298
363943753469652	363943765186214	363943753762048
363943770133766	363943781615745	363943770422933
363943786826423	363943798048557	363943787225120
363943803535745	363943814483922	363943803810173
363943845655173	363943863784130	363943846001110
363943845844391	363943872002620	363943846007048
363943862539704	363943880221057	363943862900120
363943879229808	363943896656422	363943879602308
363943895900954	363943913090329	363943896182516
363943912571995	363943929522776	363943912851110
363943929232777	363943945953922	363943929512204
363943945899704	363943962386786	363943946175016
363943962581110	363943978817776	363943962854183
363943979224079	363943995249599	363943979593141
363944028938245	363944044536734	363944029313141
363944029094235	363944052751682	363944029375172
363944045775329	363944060965797	363944046068714
363944062503610	363944077397620	363944062785329
363944079145277	363944093829964	363944079569339
363944095783297	363944110263349	363944096096579
363944112436527	363944126695797	363944112729391
363944129103610	363944143129912	363944129399183
363944145834652	363944159562359	363944146100797
363944162498141	363944175994130	363944162767829
363944200766370	363944217066526	363944201153766
363944201096422	363944225282620	363944201258766
363944217696683	363944233497984	363944218056579
363944234337464	363944249929808	363944234626735
363944251084235	363944266357516	363944251365954
363944267727829	363944282787308	363944268013922
363944284398297	363944299219182	363944284761266
363944301064079	363944315648766	363944301342360
363944317727516	363944332078349	363944317997672
363944334400954	363944348507724	363944334672308
363944369814808	363944381367412	363944370162620
363944370076683	363944389581578	363944370169964
363944386690433	363944397795849	363944387072204
363944403422204	363944414225693	363944403716422
363944420107360	363944430654026	363944420392360
363944436753922	363944455299860	363944437029547
363944453423558	363944471732984	363944453696110
363944470081891	363944488161995	363944470359391
363944486731370	363944504589443	363944487109391
363944503418089	363944521016943	363944503695954
363944557523922	363944570301630	363944557890797
363944557684183	363944578517619	363944557896735
363944574404703	363944586734078	363944574735589
363944591088453	363944603167151	363944591466526
363944607751735	363944619596943	363944608042047
363944624348141	363944636029338	363944624639026
363944641080641	363944652460380	363944641358089
363944657743453	363944668890120	363944658021839
363944674410641	363944685321109	363944674687203
363944691088245	363944701750484	363944691464547
363944727267672	363944742821265	363944727675745
363944727715953	363944751037619	363944727878870
363944744240276	363944759254443	363944744536578
363944760974547	363944775685744	363944761320328
363944777535901	363944792118245	363944777808610
363944794240485	363944808548297	363944794602776
363944810877828	363944824977411	363944811162516
363944827584860	363944841407567	363944827874183
363944844246839	363944857837619	363944844522047
363944860850641	363944874266942	363944861136839
363944895107308	363944907131474	363944895439547
363944895526214	363944915347880	363944895657828
363944912176891	363944923565119	363944912457620
363944928806422	363944940000120	363944929097047
363944945556266	363944956431421	363944945835328
363944962241422	363944972863870	363944962520589
363944978897516	363944989294755	363944979164547
363944995554547	363945005723349	363944995939807
363945012304964	363945022152619	363945012579651
363945028872828	363945046797880	363945029150641
363945067143297	363945079656213	363945067438401
363945067472360	363945087870067	363945067599182
363945084140485	363945096083870	363945084343453
363945100820328	363945112514130	363945101107203
363945117444182	363945128947776	363945117727203
363945134145641	363945145380120	363945134420953
363945150826682	363945161808609	363945151096682
363945167449860	363945178240952	363945167721578
363945184140276	363945194674443	363945184320641
363945200779495	9223372036854775807	363945201054234

POLL t=149.9 tick=2260
8333333
363953712323450	363953730564856	363953712642356
363953728977148	363953746992720	363953729352512
363953745645794	363953763420272	363953745921419
363953762313762	363953779850689	363953762642512
363953778979804	363953796282408	363953779257148
363953795631679	363953812712408	363953795930012
363953812273398	363953829143710	363953812563294
363953854529700	363953870220481	363953854986887
363953854816419	363953878437460	363953854994804
363953871408398	363953886652825	363953871699856
363953888151575	363953903082616	363953888435898
363953904800950	363953919514699	363953905074387
363953921461106	363953935942460	363953921834179
363953938131992	363953952369960	363953938412356
363953954802773	363953968795220	363953955096679
363953971467825	363953985220637	363953971746419
363953988171419	363954001646783	363953988458554
363954031712773	363954042712825	363954032143762
363954031877200	363954050926731	363954032164648
363954048541523	363954059138450	363954048846262
363954065237981	363954075563606	363954065514387
363954081921523	363954091993084	363954082203450
363954098594960	363954108421626	363954098866262
363954115259544	363954133064856	363954115529075
363954131926262	363954149494595	363954132295585
363954148592148	363954165926939	363954148871262
363954165258137	363954182360273	363954165538398
363954210129387	363954223434907	363954210646106
363954210498919	363954231651158	363954210654804
363954227059700	363954239867355	363954227494231
363954243727044	363954256296053	363954244069387
363954260442669	363954272724803	363954260722512
363954277110012	363954289153866	363954277382825
363954293759387	363954305582981	363954294037356
363954310426887	363954322013449	363954310704231
363954327099804	363954338442512	363954327472304
363954343773919	363954354871575	363954344047512
363954385931106	363954395940585	363954386249856
363954388420585	363954404154283	363954388902304
363954402819231	363954420580688	363954403146106
363954419428762	363954437008918	363954419715481
363954436188554	363954453435324	363954436568137
363954452825325	363954469864439	363954453101106
363954469484179	363954486293240	363954469764231
363954486156106	363954502719387	363954486447200
363954502839231	363954519145064	363954503117929
363954519491991	363954535571835	363954519761106
363954564069648	363954576640272	363954564343137
363954564359179	363954584855012	363954564506210
363954580898866	363954593069595	363954581200585
363954597651991	363954609497199	363954597932929
363954614313137	363954625926313	363954614589491
363954630969700	363954642353970	363954631385585
363954647647460	363954658779126	363954647960793
363954664314543	363954675204335	363954664580429
363954680983554	363954691631470	363954681249179
363954697677460	363954708059230	363954697961054
363954739736679	363954757339231	363954740522512
363954739997668	363954765554231	363954740528918
363954756586106	363954773768657	363954756879856
363954773350168	363954790195532	363954773617981
363954789986418	363954806620064	363954790321835
363954806603450	363954823044751	363954806888710
363954823313450	363954839470429	363954823579231
363954839987304	363954855896314	363954840348450
363954856647043	363954872324855	363954856940272
363954873313137	363954888752668	363954873596731
363954914956106	363954929820793	363954915372200
363954915235585	363954938033970	363954915381054
363954931842356	363954946247459	363954932332512
363954948563450	363954962676106	363954948846262
363954965218762	363954979102772	363954965507460
363954981885272	363954995530845	363954982175637
363954998553137	363955011958553	363954998832043
363955015221418	363955028387304	363955015503918
363955031874387	363955044817980	363955032252512
363955048557199	363955061247460	363955048833449
363955087073397	363955102320376	363955087423762
363955087271731	363955110534855	363955087461054
363955103922043	363955118749074	363955104210949
363955120656262	363955135176262	363955120935481
363955137312460	363955151600741	363955137681262
363955153983293	363955168026209	363955154268606
363955170642824	363955184453865	363955170925897
363955187311262	363955200879907	363955187587043
363955204032043	363955217305585	363955204283762
363955220643397	363955233732251	363955220927981
363955260370897	363955274800949	363955260740429
363955260538137	363955283014803	363955260747043
363955277168918	363955291228293	363955277497147
363955293881418	363955307656886	363955294175429
363955310538606	363955324086314	363955310825897
363955327189856	363955340516157	363955327487356
363955343861574	363955356947355	363955344239856
363955360529856	363955373377511	363955360811366
363955377176106	363955389806470	363955377474856
363955393851731	363955406235376	363955394149856
363955435729022	363955447310272	363955436289074
363955436285637	363955455525532	363955436461210
363955452812512	363955463740636	363955453084856
363955469474335	363955480171731	363955469747668
363955486156053	363955504818241	363955486427824
363955502766835	363955513033657	363955503095845
363955519493866	363955529462824	363955519788710
363955536131731	363955554110220	363955536517043
363955552832147	363955570541001	363955553101991
363955569496366	363955586970896	363955569773397
363955607812460	363955619830896	363955608132824
363955631948762	363955644476834	363955632440324
363955632190168	363955652691834	363955632446835
363955648978085	363955660907043	363955649244335
363955665631262	363955677335741	363955665907616
363955682286262	363955693764334	363955682565897
363955698940637	363955710190636	363955699214387
363955715643866	363955726618293	363955715925012
363955732220168	363955743047303	363955732432980
363955748951418	363955759475897	363955749227043
363955778945585	363955792328865	363955779274230
363955782241262	363955800542928	363955782553293
363955798969491	363955816971938	363955799249022
363955815650272	363955833400376	363955815923762
363955832290793	363955849830115	363955832493085
363955848975012	363955866258657	363955849252928
363955865622824	363955882689387	363955865901262
363955882334647	363955899121574	363955882605793
363955898938449	363955915549438	363955899226730
363955915756262	9223372036854775807	363955916074647

POLL t=160.6 tick=2367
8333333
363964462620946	363964477918029	363964462900946
363964479281571	363964494358653	363964479654852
363964495950946	363964510799383	363964496226258
363964512626258	363964527236883	363964512903758
363964529286206	363964543674122	363964529561258
363964567340008	363964584770581	363964567697508
363964567562665	363964592990373	363964567702352
363964584197352	363964601211101	363964584571883
363964600897665	363964617653185	363964601184383
363964617552508	363964634094435	363964617846519
363964634262665	363964650535165	363964634544383
363964650920477	363964666971883	363964651195165
363964667588394	363964683405998	363964667879956
363964684229071	363964699840737	363964684608550
363964700923602	363964716275269	363964701199644
363964740830269	363964757360320	363964741207925
363964741006206	363964765577508	363964741222977
363964757662144	363964773793237	363964757952508
363964774393758	363964790228862	363964774765581
363964791037508	363964806663758	363964791318290
363964807669019	363964823100372	363964807962977
363964824327352	363964839537404	363964824683133
363964840988394	363964855972351	363964841284644
363964857727508	363964872409122	363964858007039
363964874395425	363964888845997	363964874777664
363964915813914	363964929938185	363964916268446
363964916258446	363964938158237	363964916421206
363964932679175	363964946377456	363964932966258
363964949429383	363964962814695	363964949704383
363964966083602	363964979254643	363964966367925
363964982760946	363964995692352	363964983139644
363964999430164	363965012129904	363964999792039
363965016099644	363965028567560	363965016380321
363965032754852	363965045004122	363965033032821
363965049426414	363965061440946	363965049705894
363965091825581	363965102522559	363965092264852
363965094660477	363965110740008	363965095147977
363965108715112	363965118957508	363965109001414
363965125445946	363965143613914	363965125734539
363965142101102	363965160052768	363965142386727
363965158761258	363965176490997	363965159042821
363965175422144	363965192927352	363965175798550
363965192106414	363965209362821	363965192383394
363965208768446	363965225799018	363965209047352
363965225428602	363965242236101	363965225713133
363965268604487	363965283326258	363965268978602
363965268756414	363965291544331	363965269050321
363965285426727	363965299762768	363965285835789
363965302164487	363965316198497	363965302432508
363965318813862	363965332634852	363965319100268
363965335489331	363965349068081	363965335772925
363965352197977	363965365504748	363965352469696
363965368814071	363965381941570	363965369089383
363965385448602	363965398377976	363965385832039
363965402136571	363965414816831	363965402396258
363965443488289	363965455912455	363965443900737
363965443673133	363965464131049	363965443908446
363965460292612	363965472349955	363965460587352
363965477049227	363965488786726	363965477425268
363965493720268	363965505224434	363965493995321
363965510378133	363965521662820	363965510654800
363965527007508	363965538098080	363965527290789
363965543712195	363965554530737	363965543990633
363965560378706	363965570963184	363965560672977
363965577041102	363965587396414	363965577429695
363965616855893	363965628482299	363965617239175
363965617050164	363965636700216	363965617254539
363965633720008	363965644918080	363965634009800
363965650394070	363965661353289	363965650674956
363965667095320	363965677789591	363965667368706
363965683762612	363965694228028	363965684187039
363965700418445	363965710663758	363965700706362
363965717086883	363965735315841	363965717365425
363965733754227	363965751750737	363965734027977
363965750422352	363965768185164	363965750688550
363965789839227	363965801051206	363965790217977
363965789996102	363965809268133	363965790285893
363965806657977	363965817484070	363965806973914
363965823373289	363965833916153	363965823655945
363965840100945	363965858567299	363965840358289
363965856713862	363965875002299	363965856994018
363965873385425	363965891438549	363965873667456
363965890117508	363965907871153	363965890487612
363965906716102	363965924303601	363965906997820
363965923395425	363965940735684	363965923673133
363965965786883	363965981813132	363965966181258
363965965954487	363965990028549	363965966210320
363965982619852	363965998243705	363965983009956
363965999322977	363966014678497	363965999616102
363966015967768	363966031113705	363966016261570
363966032620893	363966047551153	363966032914799
363966049276362	363966063987767	363966049564070
363966065949174	363966080424643	363966066252195
363966082620164	363966096859643	363966083000737
363966099291362	363966113296362	363966099590789
363966140252456	363966154380372	363966140657768
363966140607664	363966162597143	363966140783758
363966157038862	363966170814382	363966157334487
363966173764695	363966187248028	363966174046831
363966190444851	363966203682559	363966190826674
363966207141726	363966220114278	363966207417508
363966223869956	363966236544278	363966224141883
363966240449383	363966252974382	363966240731726
363966257199539	363966269406361	363966257459383
363966273877195	363966285838965	363966274159799
363966314124226	363966326921465	363966314470424
363966316112143	363966335140111	363966316432976
363966331071206	363966343359435	363966331356518
363966347737195	363966359793809	363966348039331
363966364429070	363966376230111	363966364712039
363966381105164	363966392670268	363966381475581
363966397741726	363966409110112	363966398024539
363966414411414	363966425550528	363966414680581
363966431068601	363966441987663	363966431348549
363966447749174	363966458423548	363966448055476
363966494521362	363966507729955	363966494832768
363966494692508	363966515946622	363966494837195
363966511462039	363966524162716	363966511739226
363966528125008	363966540593809	363966528403081
363966544796570	363966557025997	363966545081831
363966561503393	363966573459747	363966561774539
363966578144174	363966589891935	363966578504539
363966594829070	363966606324278	363966595099851
363966611495633	363966622756570	363966611761205
363966628178914	363966639189643	363966628462976
363966644800580	363966655622455	363966645074643
363966661434487	9223372036854775807	363966661713758

POLL t=171.4 tick=2416
8333333
363975240452296	363975251405108	363975240734848
363975257186358	363975267840369	363975257438077
363975273833233	363975284276097	363975274105890
363975290496983	363975300715941	363975290772036
363975307171983	363975317151462	363975307462192
363975323861202	363975341801826	363975324207817
363975340502817	363975358233910	363975340772660
363975357167765	363975374668076	363975357437348
363975373842921	363975391100212	363975374189952
363975390506254	363975407532920	363975390855629
363975407175004	363975423965941	363975407571879
363975423844640	363975440399326	363975424329483
363975440531410	363975456835108	363975440866567
363975457180421	363975473269483	363975457511410
363975473832973	363975489700368	363975474183598
363975490509171	363975506131045	363975490843858
363975507103077	363975522563077	363975507390629
363975523773129	363975538995264	363975524159067
363975540442140	363975555428232	363975540868910
363975557102035	363975571861879	363975557473546
363975573770942	363975588296670	363975574189952
363975590429223	363975604728910	363975590849692
363975607095265	363975621161514	363975607571827
363975642024067	363975654024326	363975642404692
363975643908598	363975662240160	363975644284223
363975658868233	363975670457503	363975659136254
363975675488129	363975686891618	363975675775942
363975692270317	363975703328337	363975692535629
363975708909692	363975719762556	363975709178129
363975725577817	363975736194587	363975725938442
363975742240629	363975752628389	363975742529015
363975758907765	363975769063546	363975759197035
363975775550317	363975785497503	363975775838129
363975817035473	363975834795524	363975817550160
363975817439848	363975843010420	363975817571567
363975833898754	363975851225837	363975834197192
363975850537817	363975867656618	363975850829379
363975867267817	363975884091671	363975867548598
363975883939483	363975900525732	363975884228233
363975900721723	363975916959431	363975900966254
363975917261671	363975933393076	363975917637035
363975933937764	363975949826879	363975934215160
363975950601254	363975966259483	363975950885577
363975967269535	363975982692295	363975967546723
363976001339379	363976015558962	363976001672035
363976001513441	363976023775524	363976001688129
363976018170577	363976031992139	363976018559483
363976034854379	363976048426201	363976035195160
363976051568129	363976064857920	363976051864796
363976068228598	363976081289170	363976068513441
363976084888129	363976097725525	363976085166566
363976101555941	363976114158806	363976101850004
363976118215629	363976130592295	363976118593285
363976134889848	363976147027816	363976135167139
363976181073910	363976196325732	363976181558441
363976181371254	363976204541879	363976181567608
363976198006514	363976212758441	363976198364066
363976214717504	363976229191410	363976215002504
363976231373598	363976245625004	363976231743441
363976248047608	363976262057087	363976248319223
363976264708910	363976278490889	363976264983858
363976281367973	363976294924118	363976281640889
363976298034327	363976311357764	363976298312973
363976314692035	363976327790316	363976314974848
363976358110004	363976368872243	363976358688129
363976358585004	363976377088336	363976358699014
363976375042348	363976385305472	363976375351254
363976391708598	363976401738910	363976391972348
363976408369171	363976426391253	363976408652191
363976425028233	363976442824534	363976425407816
363976441698702	363976459259170	363976441964170
363976458365160	363976475696201	363976458630316
363976475027035	363976492130211	363976475294223
363976491698545	363976508565993	363976491974848
363976541541879	363976557866305	363976541956723
363976541797452	363976566083493	363976541964327
363976558408285	363976574300576	363976558703285
363976575167660	363976590733076	363976575445316
363976591818129	363976607164066	363976592110004
363976608494848	363976623595681	363976608771410
363976625141254	363976640029534	363976625557452
363976641815941	363976656461254	363976642094483
363976658436254	363976672892191	363976658726202
363976675152139	363976689323805	363976675431097
363976723089691	363976738613754	363976723639379
363976723291566	363976746829639	363976723656410
363976739972816	363976755045837	363976740247504
363976756627920	363976771478545	363976756915577
363976773282972	363976787911618	363976773581827
363976790022295	363976804342399	363976790286097
363976806616514	363976820773389	363976806902191
363976823322660	363976837205576	363976823700004
363976840021827	363976853638753	363976840279066
363976856660472	363976870071566	363976856935160
363976873333545	363976886503337	363976873607191
363976889997660	363976902934274	363976890274847
363976906669691	363976919365732	363976906937452
363976923354066	363976935795368	363976923734847
363976940116722	363976952228857	363976940415420
363976956749847	363976968660785	363976957084222
363976973429066	363976985092242	363976973760264
363976990083858	363977001523232	363976990417764
363977006776410	363977017953961	363977007104795
363977023400160	363977034384586	363977023884170
363977040124327	363977050818181	363977040459535
363977056674691	363977067251201	363977056957504
363977073388441	363977083687399	363977073659066
363977090054222	363977100120732	363977090323389
363977106762816	363977124772555	363977107100629
363977123403701	363977141206253	363977123897504
363977140135316	363977157637764	363977140465889
363977156747608	363977174069742	363977157044326
363977199141566	363977215153806	363977199444847
363977199632764	363977223370367	363977199756358
363977216274066	363977231586722	363977216556254
363977232825785	363977248019066	363977233190004
363977249511722	363977264450212	363977249786722
363977266122035	363977280883701	363977266405108
363977282851566	363977297318129	363977283120889
363977299454951	363977313752971	363977299735472
363977316201514	363977330185732	363977316468285
363977332855420	363977346619691	363977333217295
363977349529014	363977363054273	363977349788441
363977366199066	363977379486305	363977366496514
363977382835628	363977395918285	363977383096253
363977399450941	363977412352190	363977399721566
363977416164170	9223372036854775807	363977416462764

POLL t=182.1 tick=2482
8333333
363985883808125	363985907936563	363985883945313
363985900438281	363985916152760	363985900729011
363985917141667	363985932580833	363985917437031
363985933828281	363985949010573	363985934102344
363985950490573	363985965438906	363985950765729
363985967156511	363985981868437	363985967523594
363985983823438	363985998297396	363985984095625
363986000494375	363986014727343	363986000764167
363986017163594	363986031158333	363986017432813
363986065851250	363986080443177	363986066352813
363986066083386	363986088656875	363986066374323
363986082728750	363986096872291	363986083002448
363986099336563	363986113301823	363986099629375
363986116070469	363986129732917	363986116363125
363986132699688	363986146163594	363986132996094
363986149359531	363986162597708	363986149653750
363986166027188	363986179025520	363986166409167
363986182687344	363986195453750	363986182982031
363986199355313	363986211882291	363986199649479
363986216089375	363986228309583	363986216456563
363986248477969	363986261167344	363986248864479
363986249423854	363986269381927	363986249854219
363986266057813	363986277596510	363986266452813
363986282803906	363986294026770	363986283218125
363986299472188	363986310455885	363986299735938
363986316188854	363986326886719	363986316469688
363986332792813	363986343319010	363986333071719
363986349484010	363986359751875	363986349762917
363986366137813	363986376183542	363986366541406
363986382798594	363986400830052	363986383089010
363986429232135	363986441900312	363986429545781
363986454947135	363986466546666	363986455291719
363986455070625	363986474763437	363986455298125
363986471854375	363986482979427	363986472231719
363986488495781	363986499411094	363986488765104
363986505155000	363986515841770	363986505425260
363986521831719	363986532273332	363986522096198
363986538498281	363986548703176	363986538767031
363986555158385	363986573348541	363986555428750
363986571828542	363986589782447	363986572191875
363986607556823	363986622642708	363986607907812
363986607727969	363986630857656	363986607912031
363986624396406	363986639073593	363986624684844
363986641096094	363986655505832	363986641380000
363986657788542	363986671936510	363986658064844
363986674453281	363986688369218	363986674830417
363986691115469	363986704800625	363986691403906
363986707739479	363986721231823	363986708056406
363986724391354	363986737664583	363986724675937
363986741052344	363986754094791	363986741340573
363986757732500	363986770524895	363986758028125
363986790095573	363986803381406	363986791093073
363986791050781	363986811595208	363986791397500
363986807746979	363986819808750	363986808040417
363986824491250	363986836239218	363986824780937
363986841144531	363986852670625	363986841420729
363986857809219	363986869102969	363986858085729
363986874477135	363986885534271	363986874846510
363986891140104	363986901964791	363986891422760
363986907763229	363986918396771	363986908075000
363986924475156	363986934829478	363986924761250
363986971922916	363986984125833	363986972343229
363986972174219	363986992343072	363986972347969
363986988794479	363987000559999	363986989079375
363987005527500	363987016992916	363987005816094
363987022189219	363987033426249	363987022468125
363987038827291	363987049860469	363987039120469
363987055522812	363987066292864	363987055795312
363987072198073	363987082726614	363987072558750
363987088857291	363987099155884	363987089128750
363987105526562	363987123796562	363987105799791
363987152056562	363987164874999	363987152409375
363987177924218	363987189518436	363987178263593
363987178028593	363987197733385	363987178269791
363987194798437	363987205948020	363987195077500
363987211459062	363987222378332	363987211773125
363987228150416	363987238808749	363987228426979
363987244776510	363987255242187	363987245052343
363987261438385	363987271676770	363987261860885
363987278146093	363987296326509	363987278420937
363987294785000	363987312757864	363987295049218
363987340540468	363987353834635	363987340846562
363987340680468	363987362051822	363987340889166
363987357346562	363987370268437	363987357629375
363987374035000	363987386703384	363987374425260
363987390686510	363987403140260	363987390967916
363987407357500	363987419574478	363987407635468
363987424040885	363987436006457	363987424308906
363987440681562	363987452438072	363987440965312
363987457343906	363987468867447	363987457631666
363987474021562	363987485302395	363987474399062
363987490685156	363987501737030	363987491045937
363987522327968	363987534604531	363987522661562
363987524104479	363987542822343	363987524457968
363987540786406	363987551039010	363987541102812
363987557440104	363987567470364	363987557716406
363987574107187	363987592118228	363987574479062
363987590771510	363987608550051	363987591053385
363987607439322	363987624985572	363987607722031
363987624116510	363987641419999	363987624400468
363987640760104	363987657853906	363987641050729
363987657425625	363987674287135	363987657707812
363987705743437	363987723588854	363987706077812
363987731887656	363987748238020	363987732206510
363987732206562	363987756453541	363987732316875
363987748861666	363987764670780	363987749139791
363987765511250	363987781104218	363987765884062
363987782190781	363987797537187	363987782469166
363987798859947	363987813969738	363987799129687
363987815528541	363987830403593	363987815814166
363987832196562	363987846838801	363987832473906
363987848873437	363987863272134	363987849145729
363987891153854	363987904350989	363987891535156
363987891416718	363987912566144	363987891542604
363987908166979	363987920782238	363987908439687
363987924800260	363987937214738	363987925087499
363987941489374	363987953644946	363987941761718
363987958150156	363987970076978	363987958426406
363987974809218	363987986510571	363987975172968
363987991483229	363988002945259	363987991749843
363988008164062	363988019379166	363988008430781
363988024756874	363988035813645	363988025038854
363988041487187	363988052249166	363988041759531
363988095406249	363988109763489	363988095714531
363988095683437	363988117978801	363988095816979
363988112468906	363988126194947	363988112749218
363988129129999	363988142626666	363988129405624

POLL t=192.8 tick=2551
8333333
363996766158121	363996776904006	363996766458277
363996782809163	363996793338069	363996783133121
363996799542340	363996817988068	363996799910621
363996816227809	363996834422860	363996816528381
363996832875934	363996850857339	363996833155465
363996849545725	363996867294058	363996849826402
363996866215309	363996883729110	363996866546246
363996882882809	363996900163798	363996883164788
363996930895465	363996941255100	363996931247288
363996931085725	363996949472704	363996931320569
363996947761246	363996965909006	363996948064059
363996964461090	363996982345465	363996964743277
363996981125308	363996998782704	363996981397496
363996997767183	363997015219214	363996997998902
363997014453433	363997031655204	363997014726871
363997031081038	363997048091610	363997031366402
363997047799006	363997064527600	363997048069944
363997064453069	363997080960881	363997064747756
363997113154006	363997130262548	363997113486402
363997115522183	363997138479892	363997115996350
363997130014996	363997146698121	363997130373433
363997146657288	363997163132391	363997146951090
363997163349006	363997179566715	363997163629006
363997180090621	363997195999162	363997180364006
363997196705152	363997212431193	363997196979058
363997213385725	363997228862599	363997213746975
363997230047756	363997245293850	363997230325725
363997246710308	363997261725308	363997246982965
363997263381194	363997278155256	363997263695308
363997300048746	363997311024110	363997300515777
363997300211246	363997319241662	363997300544527
363997316873277	363997327458902	363997317160725
363997333582965	363997343896767	363997333865569
363997350227340	363997360332756	363997350515465
363997366882808	363997384985099	363997367213381
363997383555100	363997401417756	363997383879683
363997400219527	363997417848902	363997400603538
363997416874371	363997434281818	363997417173069
363997433537340	363997450714735	363997433832808
363997450220933	363997467146974	363997450635256
363997482350881	363997500015516	363997482747183
363997483547027	363997508233901	363997483958381
363997500313902	363997516452652	363997500702444
363997516920621	363997532886662	363997517210152
363997533565621	363997549320360	363997533856975
363997550287652	363997565755360	363997550580465
363997566945152	363997582191506	363997567216558
363997583609162	363997598625516	363997583887340
363997600280465	363997615061350	363997600659840
363997616950465	363997631498537	363997617228121
363997633617652	363997647934110	363997633901089
363997666017339	363997680799474	363997666348121
363997668943277	363997689016974	363997669437183
363997683613121	363997697233745	363997683918381
363997700323433	363997713665516	363997700710569
363997716982183	363997730100516	363997717262808
363997733663589	363997746537026	363997733943121
363997750319475	363997762969214	363997750597756
363997766982496	363997779400620	363997767257912
363997783651246	363997795831818	363997783935777
363997800317496	363997812265776	363997800521194
363997816992027	363997828700516	363997817298537
363997850908694	363997861568798	363997851260725
363997851258537	363997869786402	363997851401402
363997867716975	363997878003225	363997868083381
363997884439214	363997902652339	363997884725100
363997901082808	363997919085776	363997901471037
363997917755777	363997935517964	363997918049058
363997934414475	363997951950776	363997934706246
363997951089996	363997968383484	363997951371089
363997967749214	363997984815100	363997968042652
363997984413277	363998001246558	363997984698121
363998001086037	363998017678068	363998001620933
363998034099162	363998050542860	363998034497027
363998034512339	363998058759058	363998034671871
363998051167496	363998066974579	363998051481819
363998067799787	363998083406141	363998068119371
363998084534006	363998099837443	363998084809475
363998101202496	363998116268537	363998101572496
363998117860308	363998132701610	363998118143589
363998134531246	363998149131141	363998134804839
363998151195100	363998165557443	363998151474214
363998167861558	363998181982807	363998168139475
363998184553693	363998198410204	363998184903589
363998222047339	363998239474422	363998222432287
363998222302339	363998247688693	363998222459214
363998238894683	363998255901870	363998239200308
363998255560152	363998272330568	363998255851975
363998272227496	363998288757964	363998272528746
363998288975100	363998305187079	363998289241089
363998305608902	363998321617652	363998305988225
363998322290568	363998338046609	363998322556558
363998338951089	363998354474526	363998339222131
363998355626089	363998370903693	363998355912027
363998403283277	363998420198589	363998403823433
363998405873068	363998428414057	363998406365777
363998420216089	363998436628745	363998420505256
363998436957131	363998453056714	363998437233850
363998453533068	363998469484891	363998453821245
363998470252808	363998485912182	363998470531506
363998486937808	363998502339787	363998487203745
363998503581402	363998518769526	363998503951402
363998520275412	363998535197651	363998520553902
363998536936558	363998551627964	363998537209631
363998553604995	363998568059057	363998553876714
363998588980933	363998600922495	363998589342027
363998589174370	363998609137703	363998589349162
363998605896089	363998617353224	363998606292183
363998622658693	363998633786870	363998622930464
363998639288277	363998650218537	363998639564995
363998655946402	363998666649214	363998656246714
363998672608120	363998683080463	363998672879839
363998689293745	363998699511870	363998689576558
363998705929058	363998724158484	363998706299370
363998722649162	363998740590463	363998722919474
363998739305724	363998757021037	363998739575464
363998772356974	363998789881922	363998772723693
363998772598693	363998798097131	363998772728745
363998789290308	363998806312495	363998789570620
363998805974839	363998822741766	363998806433120
363998822663433	363998839172286	363998822952808
363998839362808	363998855600568	363998839634214
363998856027652	363998872029683	363998856277339
363998872684370	363998888460099	363998872945777
363998889317495	363998904889578	363998889600724
363998905965464	363998921318640	363998906337912
363998922619162	9223372036854775807	363998922950152

POLL t=203.6 tick=2621
8333333
364007419160773	364007432981762	364007419443690
364007435826711	364007449413637	364007436206659
364007452499523	364007465845773	364007452772804
364007469164367	364007482277492	364007469441086
364007485829940	364007498709627	364007486109784
364007502498690	364007515142439	364007502786554
364007519172179	364007531572856	364007519454054
364007564777804	364007580868169	364007565142127
364007564938273	364007589083013	364007565181815
364007581617752	364007597297960	364007581904054
364007598350096	364007613729887	364007598632284
364007615002961	364007630162648	364007615282336
364007631662336	364007646598481	364007632087961
364007648331711	364007663035252	364007648611398
364007664998898	364007679472283	364007665277336
364007681669992	364007695906294	364007681946867
364007698341346	364007712342544	364007698617336
364007746343273	364007761643064	364007746724002
364007746549159	364007769859210	364007746743742
364007763227492	364007778075096	364007763516711
364007779873117	364007794505408	364007780153117
364007796555304	364007810937751	364007796830929
364007813191398	364007827370147	364007813479523
364007829870617	364007843802074	364007830149940
364007846519159	364007860234210	364007846916867
364007863181815	364007876666085	364007863481034
364007879871034	364007893098637	364007880172752
364007925582179	364007942394314	364007925707336
364007951701346	364007967045304	364007952097336
364007951848898	364007975264106	364007952101711
364007968585565	364007983482075	364007968875148
364007985263429	364007999920199	364007985537804
364008001917804	364008016355252	364008002197179
364008018594054	364008032788480	364008018874367
364008035239679	364008049220252	364008035605617
364008051936554	364008065651866	364008052182492
364008068582023	364008082084679	364008068880304
364008085244836	364008098516502	364008085525304
364008101925252	364008114949523	364008102236242
364008134349367	364008147816137	364008134648898
364008135185304	364008156033116	364008135529158
364008151886190	364008164250148	364008152174835
364008168632960	364008180686293	364008168921085
364008185279835	364008197122856	364008185554054
364008201944940	364008213555147	364008202218898
364008218618533	364008229988533	364008218897596
364008235272335	364008246422023	364008235646033
364008251943273	364008262853950	364008252230877
364008268612023	364008279285876	364008268888429
364008285298690	364008295717855	364008285710617
364008316983273	364008328579939	364008317345304
364008318535929	364008336796346	364008318936190
364008335212023	364008353228689	364008335593273
364008351962179	364008369660304	364008352240929
364008368621190	364008386091294	364008368885929
364008385285460	364008402522492	364008385554054
364008401943429	364008418951658	364008402262960
364008418614315	364008435384054	364008418887492
364008435273898	364008451815408	364008435643065
364008451985877	364008468248897	364008452231033
364008498904367	364008517539887	364008499417648
364008499548273	364008525753897	364008499720773
364008515772596	364008533969992	364008516050773
364008532480460	364008550399887	364008532759835
364008549106033	364008566827127	364008549486867
364008565758533	364008583258064	364008566089835
364008582437023	364008599687803	364008582728117
364008599108429	364008616118585	364008599396033
364008615763273	364008632550252	364008616085460
364008632431242	364008648982387	364008632727283
364008680316554	364008698269210	364008680667804
364008708022492	364008722917907	364008708339992
364008708252023	364008731133793	364008708353377
364008724899992	364008739348741	364008725175460
364008741562648	364008755779314	364008741932492
364008758234835	364008772211813	364008758520877
364008774853429	364008788644002	364008775190929
364008791517127	364008805077856	364008791812439
364008808171554	364008821511606	364008808457127
364008824884679	364008837944314	364008825253221
364008860790721	364008870802804	364008861118585
364008860947491	364008879017127	364008861122648
364008877609783	364008895445147	364008877902960
364008894341241	364008911872907	364008894611398
364008911031241	364008928299991	364008911310148
364008927699523	364008944729991	364008927982752
364008944368898	364008961160616	364008944735304
364008961027127	364008977591814	364008961351398
364008977707179	364008994022543	364008978002648
364008994371554	364009010451293	364008994640252
364009011033846	364009026882543	364009011310460
364009044141085	364009059741970	364009044665564
364009044367596	364009067957491	364009044680616
364009061038898	364009076173429	364009061332023
364009077777179	364009092604835	364009078072491
364009094433898	364009109035460	364009094705148
364009111092283	364009125466605	364009111370304
364009127757752	364009141898585	364009128032648
364009144428741	364009158331398	364009144812283
364009161094523	364009174764418	364009161364835
364009177758429	364009191198741	364009178029210
364009226847908	364009240497230	364009227205148
364009227085095	364009248714835	364009227226814
364009243768116	364009256932230	364009244164835
364009260478585	364009273366917	364009260768533
364009277117648	364009289799991	364009277404835
364009293842491	364009306236970	364009294112127
364009310501345	364009322670980	364009310770304
364009327149835	364009339102751	364009327421085
364009343803064	364009355535980	364009344181398
364009360439158	364009371969574	364009360717908
364009377158377	364009388403532	364009377435304
364009408649939	364009421266033	364009408946814
364009410531866	364009429479991	364009410866345
364009427145564	364009437694002	364009427438741
364009443791814	364009454123897	364009444177022
364009460531085	364009478771866	364009460792647
364009477193533	364009495203116	364009477466189
364009493843377	364009511636605	364009494122595
364009510517908	364009528067490	364009510792647
364009527176397	364009544499157	364009527439679
364009543816397	364009560933115	364009544190720
364009586123272	364009602009417	364009586437804
364009586418272	364009610225876	364009586547491
364009603151554	364009618442751	364009603435564
364009619821814	364009634872855	364009620086241
364009636469679	364009651305512	364009636743116

POLL t=214.3 tick=2690
8333333
364018225786238	364018236532123	364018226075144
364018242437644	364018252964414	364018242725613
364018259095300	364018269396915	364018259381863
364018275757488	364018285830247	364018276072280
364018292418894	364018310479988	364018292797488
364018309087123	364018326915612	364018309379050
364018325742436	364018343352436	364018326045144
364018342417748	364018359790143	364018342792332
364018379949779	364018392658008	364018380263842
364018380160769	364018400873946	364018380711082
364018396792748	364018409090196	364018397081498
364018413566550	364018425523269	364018413846082
364018430214936	364018441952800	364018430498842
364018446875092	364018458385144	364018447150769
364018463539779	364018474819571	364018463817175
364018480198113	364018491254050	364018480473373
364018496867123	364018507688113	364018497161707
364018513538217	364018524123477	364018513826186
364018530218373	364018540556758	364018530567644
364018563270925	364018573422435	364018563639779
364018563614988	364018581640196	364018563757332
364018580202644	364018598074414	364018580521863
364018596952123	364018614509623	364018597236550
364018613569311	364018630943998	364018613855717
364018630242331	364018647377071	364018630540873
364018646887644	364018663811445	364018647183113
364018663546081	364018680245560	364018663848581
364018680213686	364018696677435	364018680684311
364018696887175	364018713109154	364018697180925
364018713548842	364018729544206	364018713916394
364018744945456	364018762410300	364018745380769
364018746921654	364018770627436	364018747346706
364018763531081	364018778845508	364018763820144
364018780371654	364018795282227	364018780624988
364018796918842	364018811719414	364018797304831
364018813567019	364018828154466	364018813858998
364018830290248	364018844591549	364018830572488
364018846910769	364018861026446	364018847201863
364018863575769	364018877461029	364018863870873
364018880231811	364018893894154	364018880531811
364018925470144	364018943187331	364018925958842
364018954268998	364018967834936	364018954609050
364018954373217	364018976051237	364018954617331
364018971074206	364018984267227	364018971363738
364018987762123	364019000699622	364018988270873
364019004478425	364019017132279	364019004743425
364019021131394	364019033564310	364019021407956
364019037796863	364019049995039	364019038082331
364019054464154	364019066428529	364019054741342
364019071129675	364019082860351	364019071409988
364019107557956	364019123947435	364019107964519
364019107844675	364019132164101	364019107992175
364019124420144	364019140381185	364019124708842
364019141126550	364019156816342	364019141418998
364019157777644	364019173251810	364019158073060
364019174440300	364019189687383	364019174729935
364019191125456	364019206122904	364019191492904
364019207769831	364019222557644	364019208069779
364019224452904	364019238992383	364019224744154
364019241108217	364019255426341	364019241402175
364019257840300	364019271861133	364019258109206
364019290501498	364019304730143	364019291012019
364019291140404	364019312947956	364019291298425
364019307813842	364019321166497	364019308136081
364019324476394	364019337601810	364019324773894
364019341173060	364019354037175	364019341466185
364019357834519	364019370470247	364019358124362
364019374500873	364019386904622	364019374781237
364019391155092	364019403340560	364019391568894
364019407810769	364019419775560	364019408124310
364019424481394	364019436210195	364019424774467
364019441160144	364019452643477	364019441527331
364019473423425	364019485508320	364019473785300
364019474511550	364019493723581	364019474898998
364019491219935	364019501939310	364019491862800
364019507893373	364019518372122	364019508156550
364019524588998	364019534802382	364019524894154
364019541241185	364019551234779	364019541536498
364019557905873	364019575880039	364019558184519
364019574584467	364019592313841	364019574871394
364019591237487	364019608748060	364019591604310
364019607900300	364019625182695	364019608187435
364019624585612	364019641616966	364019624866498
364019659009519	364019674483528	364019659479362
364019659503529	364019682699518	364019659663269
364019675919362	364019690916549	364019676206967
364019692624362	364019707350403	364019692998373
364019709288112	364019723785612	364019709566341
364019725954987	364019740218424	364019726234519
364019742630456	364019756650873	364019742888841
364019759279050	364019773084049	364019759549519
364019775948112	364019789519466	364019776227487
364019792630612	364019805952539	364019792989362
364019809304987	364019822383737	364019809637956
364019842851966	364019855246237	364019843254935
364019843226394	364019863461550	364019843364831
364019859663737	364019871678008	364019859973425
364019876365612	364019888110352	364019876659310
364019893049987	364019904542695	364019893420612
364019909786081	364019920973528	364019910054779
364019926437800	364019937406029	364019926714518
364019943068425	364019953837382	364019943347591
364019959813268	364019970270247	364019960089831
364019976478216	364019994923476	364019976755612
364019993197956	364020011360091	364019993670456
364020026497904	364020044231237	364020026841237
364020026713685	364020052448372	364020026848425
364020043477331	364020060665508	364020043778373
364020060198737	364020077098372	364020060462487
364020076831237	364020093530872	364020077098268
364020093442331	364020109963685	364020093822643
364020110159518	364020126396653	364020110421081
364020126806550	364020142827070	364020127074935
364020143473998	364020159259726	364020143746550
364020160161185	364020175693528	364020160438112
364020176803581	364020192124570	364020177079779
364020216247748	364020233212070	364020216554518
364020216596706	364020241429518	364020216720925
364020233414987	364020249646914	364020233621237
364020249910091	364020266082643	364020250193893
364020266583581	364020282515508	364020266855716
364020283281966	364020298949205	364020283554987
364020299963685	364020315384466	364020300307435
364020316622643	364020331816445	364020316892748
364020333319831	364020348245976	364020333576237
364020349928737	364020364677695	364020350207487
364020366670300	364020381112278	364020366993997

POLL t=225.1 tick=2760
8333333
364028840859671	364028858393005	364028841152171
364028857507171	364028874821285	364028857805140
364028874176078	364028891249359	364028874478578
364028890843734	364028907677327	364028891140609
364028907511963	364028924105765	364028907822588
364028953768734	364028965176598	364028954230921
364028954257171	364028973390087	364028954500400
364028970635453	364028981603629	364028970935921
364028987330296	364028998031025	364028987619307
364029004064984	364029014457432	364029004349359
364029020708838	364029030886129	364029021087484
364029037384046	364029055527535	364029037667744
364029054052432	364029071954306	364029054331338
364029070718890	364029088378004	364029071000609
364029087387952	364029104800087	364029087671859
364029132847327	364029145856702	364029133227171
364029134677119	364029154069722	364029135263109
364029149693213	364029162283056	364029149994932
364029166388109	364029178710764	364029166670244
364029183077327	364029195138421	364029183353577
364029199741234	364029211564410	364029200023265
364029216401338	364029227988785	364029216679827
364029233045869	364029244413004	364029233419671
364029249747275	364029260838004	364029250029932
364029266403421	364029277262536	364029266679150
364029283033577	364029293686963	364029283315765
364029313807432	364029326537431	364029314169359
364029316361182	364029334750973	364029316842327
364029333021546	364029351176389	364029333395609
364029349753421	364029367604619	364029350026025
364029366417015	364029384033109	364029366685921
364029383079827	364029400458993	364029383360452
364029399745140	364029416885921	364029400053369
364029416411494	364029433314202	364029416675400
364029433058682	364029449739775	364029433457015
364029449705400	364029466162952	364029449989515
364029496322327	364029507230348	364029496718421
364029496734827	364029515444098	364029496999827
364029513184619	364029523658369	364029513471494
364029529852796	364029540087952	364029530310140
364029546565556	364029556513733	364029546845765
364029563226702	364029581150504	364029563500713
364029579900296	364029597575296	364029580171650
364029596561390	364029614001338	364029596832796
364029613228577	364029630430504	364029613509359
364029629893838	364029646859202	364029630262900
364029676708994	364029687930973	364029677129827
364029676975765	364029696144515	364029677137952
364029693585713	364029704359410	364029693906859
364029710323213	364029720788785	364029710596963
364029726975400	364029745429670	364029727354515
364029743642796	364029761854879	364029743920296
364029760316390	364029778281805	364029760595244
364029776978994	364029794707587	364029777254046
364029793666546	364029811133420	364029793920921
364029810327327	364029827557639	364029810603265
364029853762640	364029868619983	364029854073890
364029853914202	364029876832327	364029854092327
364029870607431	364029885044149	364029870902796
364029887337483	364029901469670	364029887647015
364029903980713	364029917896285	364029904265765
364029920623733	364029934323160	364029920908265
364029937291546	364029950748681	364029937671963
364029953932431	364029967176024	364029954215608
364029970601390	364029983604410	364029970890088
364029987320452	364030000031806	364029987602171
364030033921650	364030049314878	364030034469046
364030034095869	364030057530087	364030034495608
364030050766702	364030065746650	364030051052327
364030067394358	364030082176754	364030067696077
364030084116077	364030098605764	364030084400608
364030100762744	364030115035712	364030101042119
364030117482900	364030131465452	364030117791025
364030134140713	364030147893524	364030134508733
364030150812015	364030164322014	364030151089150
364030167484463	364030180751493	364030167747744
364030184173733	364030197182847	364030184439202
364030215846702	364030230044931	364030216221390
364030217410608	364030238260504	364030217862744
364030234108108	364030246475348	364030234479827
364030250768681	364030262906754	364030251061806
364030267444046	364030279338004	364030267738421
364030284232796	364030295767899	364030284469827
364030300807744	364030312200140	364030301090296
364030317484306	364030328629983	364030317746962
364030334148733	364030345058837	364030334515452
364030350822431	364030361486076	364030351099515
364030395632952	364030410772483	364030395950921
364030396066389	364030418988212	364030396159983
364030412480712	364030427203524	364030412769514
364030429204046	364030443632586	364030429580921
364030445878733	364030460061546	364030446155452
364030462546077	364030476490243	364030462819827
364030479201962	364030492918264	364030479477119
364030495866650	364030509343733	364030496144150
364030512548108	364030525768837	364030512833577
364030529201962	364030542195399	364030529593421
364030572956077	364030583256753	364030573448421
364030573297483	364030591468524	364030573494931
364030589893369	364030607891545	364030590222014
364030606499202	364030624318212	364030606781494
364030623221702	364030640743160	364030623501806
364030639893421	364030657169046	364030640269150
364030656549671	364030673594045	364030656828108
364030673221389	364030690020608	364030673504046
364030689902275	364030706445972	364030690213473
364030706668264	364030722871077	364030706963577
364030751751702	364030763934774	364030752123733
364030751965087	364030772148316	364030752132171
364030768681077	364030780360712	364030768966546
364030785388369	364030796786337	364030785664358
364030802014983	364030813209774	364030802288994
364030818679983	364030829634253	364030818966806
364030835385243	364030846059826	364030835754202
364030852108264	364030862486129	364030852378733
364030868721233	364030887123108	364030868996806
364030885356389	364030903550608	364030885640400
364030927985243	364030944618108	364030928429306
364030928531025	364030952830399	364030928656389
364030944999775	364030961043889	364030945281546
364030961711546	364030977471232	364030961973108
364030978368837	364030993898680	364030978642952
364030995029202	364031010328160	364030995313368
364031011714775	364031026755556	364031011991077
364031028348733	364031043183472	364031028737118
364031045053264	364031059611440	364031045324618
364031061694514	364031076037586	364031061974150

POLL t=235.8 tick=2864
8333333
364039603116855	364039617600917	364039603412323
364039619800917	364039634028729	364039620083886
364039636454198	364039650455657	364039636735761
364039686993730	364039699734250	364039687372167
364039687174511	364039707948469	364039687386542
364039703826542	364039716162844	364039704120865
364039720537167	364039732587688	364039720820917
364039737219459	364039749013625	364039737490448
364039753882167	364039765441437	364039754153209
364039770546334	364039781870916	364039770911959
364039787220136	364039798295865	364039787501959
364039803891021	364039814719459	364039804152167
364039820503573	364039831144406	364039820784771
364039887832636	364039905056073	364039888222584
364039888044198	364039913268573	364039888228105
364039904692636	364039921482531	364039904982323
364039921421959	364039937909615	364039921707792
364039938056073	364039954336854	364039938331073
364039954738417	364039970766021	364039955014980
364039971372948	364039987194718	364039971751646
364039988046490	364040003621646	364039988317428
364040004744667	364040020048781	364040005021698
364040021365917	364040036477374	364040021648886
364040068276334	364040085770448	364040068790917
364040071555084	364040093986437	364040072098573
364040085090136	364040102201021	364040085387323
364040101861073	364040118629823	364040102153886
364040118508730	364040135060187	364040118797948
364040135223886	364040151488730	364040135511855
364040151893417	364040167915031	364040152157636
364040168543052	364040184340604	364040168923365
364040185222011	364040200769562	364040185505448
364040201859615	364040217197219	364040202149980
364040250474198	364040266479041	364040250831802
364040250639511	364040274692375	364040250837636
364040267323052	364040282905084	364040267710604
364040284056073	364040299331020	364040284308365
364040300688104	364040315757375	364040300967479
364040317379771	364040332184093	364040317646073
364040334024042	364040348612844	364040334302479
364040350691073	364040365039926	364040350968886
364040367346698	364040381470552	364040367732011
364040384106854	364040397899823	364040384307792
364040433260136	364040447178052	364040433663052
364040433435865	364040455391958	364040433682479
364040450106229	364040463602843	364040450387271
364040466746021	364040480025761	364040467125917
364040483473261	364040496445500	364040483745396
364040500149042	364040512864093	364040500423573
364040516815136	364040529285292	364040517080552
364040533476386	364040545708521	364040533750084
364040550146698	364040562132219	364040550419354
364040566803052	364040578554927	364040567173729
364040616199511	364040627820604	364040616594979
364040616395448	364040636031959	364040616612636
364040633055865	364040644243573	364040633343052
364040649762896	364040660666489	364040650056802
364040666442792	364040677090135	364040666822479
364040683086386	364040693515031	364040683376854
364040699716229	364040709939927	364040700034979
364040716382115	364040726362791	364040716683677
364040733046854	364040750996125	364040733338417
364040749721333	364040767421073	364040750007740
364040798703886	364040808480968	364040799073833
364040800970396	364040816693104	364040801451698
364040815527948	364040833119354	364040815817115
364040832286073	364040849546541	364040832568104
364040848955552	364040865974719	364040849238208
364040865636698	364040882402530	364040865924615
364040882284510	364040898831281	364040882657792
364040898956854	364040915260864	364040899220396
364040915574615	364040931686333	364040915866073
364040932283677	364040948111490	364040932553417
364040948986229	364040964536646	364040949330292
364040983547115	364040997391073	364040983930917
364040983761802	364041005603833	364040983949042
364041000473885	364041013817427	364041000763208
364041017179354	364041030244249	364041017457635
364041033825240	364041046670447	364041034103885
364041050557427	364041063093781	364041050889146
364041067143573	364041079518208	364041067513573
364041083760292	364041095945083	364041084051073
364041100479615	364041112370187	364041100752740
364041117148885	364041128794094	364041117428729
364041133835292	364041145220135	364041134199615
364041167268573	364041178070812	364041167805292
364041167453417	364041186283364	364041167810448
364041184150292	364041194496437	364041184435448
364041200893729	364041210922426	364041201143104
364041217538052	364041235559770	364041217814510
364041234214302	364041251985395	364041234498729
364041250865083	364041268413573	364041251140552
364041267520448	364041284840968	364041267908990
364041284201229	364041301268572	364041284472323
364041300859042	364041317697010	364041301142323
364041350223104	364041366976124	364041350661854
364041352590917	364041375189301	364041353088417
364041367251698	364041383402739	364041367629979
364041383828833	364041399828780	364041384120239
364041400498364	364041416253468	364041400753677
364041417156229	364041432675395	364041417427583
364041433840135	364041449097843	364041434112792
364041450512792	364041465520552	364041450781854
364041467191073	364041481943364	364041467405396
364041483833833	364041498365552	364041484116073
364041500542948	364041514789823	364041500875135
364041537747896	364041555848416	364041538109041
364041537992427	364041564061853	364041538119927
364041554701073	364041572275395	364041555018833
364041571341177	364041588702166	364041571721229
364041588051021	364041605127791	364041588307010
364041604702635	364041621552531	364041604972791
364041621397271	364041637980603	364041621680760
364041638083104	364041654407062	364041638348573
364041654722271	364041670834614	364041654991177
364041671382635	364041687262895	364041671751854
364041688103729	364041703690551	364041688375604
364041722787948	364041736545500	364041723143104
364041723038729	364041744759509	364041723161385
364041739739041	364041752972791	364041740038573
364041756441698	364041769399770	364041756732010
364041773094927	364041785826020	364041773474510
364041789795604	364041802252686	364041790061854
364041806405448	364041818678208	364041806687896
364041823139666	364041835106854	364041823398885
364041839754041	364041851535238	364041840068416
364041856443729	364041867962999	364041856716541

POLL t=246.5 tick=2932
8333333
364050354574194	364050368439924	364050354853674
364050371244351	364050384862423	364050371519038
364050387923257	364050401286538	364050388189194
364050404577944	364050417709871	364050404942632
364050454544455	364050466984351	364050454958569
364050481001174	364050491619246	364050481319142
364050481102111	364050499830288	364050481361642
364050497877423	364050508040860	364050498160757
364050514445757	364050524461642	364050514833882
364050531135236	364050549094350	364050531432423
364050547884611	364050565517475	364050548144976
364050564528882	364050581942163	364050564814976
364050581143882	364050598367996	364050581444038
364050597863413	364050614791746	364050598148048
364050635719038	364050647643257	364050636111226
364050636030601	364050655854923	364050636518048
364050652574767	364050664066746	364050652870132
364050669318569	364050680489090	364050669577580
364050685961538	364050696912423	364050686241798
364050702578048	364050713340495	364050702968726
364050719293100	364050729763568	364050719570757
364050735957892	364050746187267	364050736233882
364050752629507	364050770822631	364050752902475
364050769298100	364050787243725	364050769587111
364050820112163	364050836511746	364050820601330
364050820397475	364050844725495	364050820613882
364050837030236	364050852937944	364050837312788
364050853730913	364050869363256	364050854013569
364050870395861	364050885786642	364050870723569
364050887091850	364050902206485	364050887365600
364050903706017	364050918628100	364050904093100
364050920424142	364050935049506	364050920703257
364050937055132	364050951469975	364050937344194
364050953701382	364050967891746	364050953996330
364051003407267	364051017148568	364051003968048
364051003607736	364051025357632	364051003974975
364051020302007	364051033567475	364051020587007
364051037051173	364051049990861	364051037322736
364051053669038	364051066411485	364051053943257
364051070398048	364051082834871	364051070691850
364051086985757	364051099260027	364051087259663
364051103643882	364051115685756	364051104053048
364051120315600	364051132108464	364051120594455
364051136987944	364051148531798	364051137258361
364051185657892	364051197804141	364051186012736
364051187719038	364051206016641	364051188213257
364051202540392	364051214229662	364051202748569
364051219168257	364051230652579	364051219485913
364051235880757	364051247075392	364051236144923
364051252548100	364051263499038	364051252835444
364051269187319	364051279922319	364051269547788
364051285851069	364051296347059	364051286145757
364051302520913	364051312770548	364051302830861
364051319178100	364051337406069	364051319483204
364051335847632	364051353829975	364051336138100
364051374053048	364051386673569	364051374439663
364051374205600	364051394884245	364051374480704
364051390879663	364051403094610	364051391165288
364051407569506	364051419517892	364051407960288
364051424268569	364051435941329	364051424535861
364051440914663	364051452362475	364051441211486
364051457555861	364051468785027	364051457873204
364051474207006	364051485207891	364051474543725
364051490864506	364051501633672	364051491164350
364051507525913	364051518056381	364051507913986
364051557507736	364051575539402	364051557858986
364051557690913	364051583750964	364051557893413
364051574326694	364051591962318	364051574629350
364051591029194	364051608385131	364051591332944
364051607685600	364051624811485	364051608095600
364051624349038	364051641237579	364051624646798
364051641081850	364051657662735	364051641374819
364051657774663	364051674086485	364051658028256
364051674375913	364051690513933	364051674664142
364051691027631	364051706939506	364051691318413
364051740865288	364051756218204	364051741230861
364051741015236	364051764431433	364051741292163
364051757698986	364051772644090	364051757978100
364051774425548	364051789069870	364051774701850
364051791079350	364051805493256	364051791357111
364051807745444	364051821916172	364051808143413
364051824420392	364051838337839	364051824704923
364051841079454	364051854759193	364051841357319
364051857746173	364051871183933	364051858023360
364051874414663	364051887607422	364051874696538
364051926505600	364051945086276	364051926866538
364051928463569	364051953297891	364051928896538
364051943346173	364051961510340	364051943630704
364051960077006	364051977933620	364051960362267
364051976717163	364051994355131	364051977006381
364051993361485	364052010774714	364051993646017
364052010162944	364052027196850	364052010544506
364052026789662	364052043617579	364052027063256
364052043454142	364052060036693	364052043762006
364052060175079	364052076456276	364052060445548
364052076800287	364052092878152	364052077153725
364052111818725	364052125725287	364052112320756
364052112068204	364052133936537	364052112324142
364052128687319	364052142148360	364052128980548
364052145416069	364052158573620	364052145694350
364052162102579	364052175000287	364052162377892
364052178780600	364052191423829	364052179054923
364052195414975	364052207849194	364052195689142
364052212165392	364052224273985	364052212535912
364052228780131	364052240696068	364052229057162
364052245382162	364052257119350	364052245658256
364052262137110	364052273544558	364052262492892
364052296156381	364052306396016	364052296499142
364052296402892	364052314608203	364052296508725
364052313079662	364052331031797	364052313465131
364052329773048	364052347455131	364052330056381
364052346469142	364052363881954	364052346742475
364052363157319	364052380307631	364052363440548
364052379821850	364052396736381	364052380090287
364052396513412	364052413163307	364052396884194
364052413146485	364052429591068	364052413506225
364052429820287	364052446018412	364052430091017
364052446475548	364052462447422	364052446746537
364052480618412	364052495303516	364052480936016
364052480796069	364052503517214	364052480942944
364052497535600	364052511731380	364052497828985
364052514243100	364052528158569	364052514610444
364052530899194	364052544584453	364052531182631
364052547582787	364052561010130	364052547877475
364052564277631	364052577432213	364052564539819
364052580868412	364052593853099	364052581144037
364052597580444	364052610274819	364052597846641

POLL t=257.3 tick=3001
8333333
364061076620284	364061093539346	364061076905701
364061093207784	364061109959555	364061093485701
364061109879659	364061126380648	364061110193044
364061143938982	364061159224190	364061144438201
364061144159138	364061167435023	364061144472784
364061160803253	364061175645597	364061161093565
364061177520284	364061192068356	364061177802419
364061194197628	364061208491169	364061194486169
364061210859659	364061224914086	364061211137159
364061227524451	364061241338357	364061227802107
364061244185596	364061257763669	364061244566378
364061260860701	364061274189815	364061261141326
364061277537732	364061290615127	364061277815388
364061342536846	364061356319034	364061343033565
364061342703721	364061364530857	364061343093096
364061359401690	364061372742680	364061359689503
364061376144763	364061389165232	364061376410232
364061392782576	364061405587002	364061393046221
364061409452419	364061422009658	364061409720284
364061426111221	364061438430752	364061426382315
364061442771065	364061454855388	364061443141690
364061459436846	364061471280388	364061459714346
364061476134190	364061487704606	364061476404971
364061523335544	364061536969606	364061523672888
364061553226951	364061569808929	364061553541951
364061553354815	364061578020023	364061553548253
364061570140701	364061586232523	364061570417940
364061586746951	364061602654607	364061587026169
364061603424503	364061619074346	364061603712784
364061620152940	364061635495284	364061620424763
364061636769815	364061651917314	364061637049190
364061653442628	364061668337523	364061653817003
364061670110753	364061684759241	364061670391065
364061703610753	364061717600336	364061703953096
364061703762263	364061725810179	364061703967471
364061720433357	364061734021065	364061720724190
364061737116065	364061750442887	364061737407628
364061753783721	364061766865127	364061754166690
364061770458200	364061783286742	364061770752784
364061787115909	364061799708304	364061787404294
364061803779138	364061816131586	364061804070128
364061820445909	364061832553513	364061820738669
364061837112159	364061848972679	364061837446950
364061885760440	364061898236377	364061886117263
364061885896690	364061906447002	364061886161065
364061902583825	364061914658356	364061902870075
364061919314190	364061931078148	364061919614450
364061935995700	364061947498981	364061936267784
364061952640909	364061963918356	364061953011690
364061969302002	364061980339293	364061969584346
364061985966482	364061996761533	364061986240075
364062002636794	364062013185284	364062002911794
364062019306065	364062029607471	364062019576065
364062035970388	364062046031845	364062036241846
364062069815284	364062087088513	364062070232263
364062071702732	364062095300179	364062072225752
364062086646482	364062103512732	364062086942732
364062103291534	364062119933460	364062103634815
364062120170440	364062136354450	364062120390440
364062136654138	364062152774658	364062136945284
364062153381221	364062169196169	364062153746846
364062170041482	364062185617575	364062170324346
364062186708565	364062202040387	364062186990284
364062203377315	364062218463095	364062203667784
364062220078096	364062234886846	364062220360440
364062255753044	364062267731898	364062256134815
364062255938877	364062275942679	364062256152419
364062272615440	364062284152784	364062272897732
364062289278513	364062300574919	364062289561534
364062305989606	364062316996429	364062306270388
364062322658096	364062333418929	364062322935909
364062339324763	364062349840960	364062339603044
364062356090700	364062366265127	364062356491013
364062372663565	364062390899919	364062372952888
364062389325284	364062407322106	364062389603825
364062437534971	364062448378617	364062437924034
364062437695596	364062456591221	364062437966221
364062454360127	364062464803513	364062454738096
364062471097627	364062481226481	364062471375909
364062487757002	364062497650179	364062488047106
364062504417002	364062522288043	364062504692575
364062521087888	364062538710074	364062521377783
364062537755440	364062555130178	364062538030596
364062554421481	364062571551377	364062554798408
364062571084763	364062587974398	364062571365908
364062619595388	364062637231846	364062619968356
364062619795440	364062645440648	364062620118252
364062636479346	364062653651428	364062636848877
364062653189658	364062670071585	364062653520283
364062669776325	364062686490439	364062670071846
364062686442106	364062702911272	364062686740075
364062703111065	364062719333356	364062703410127
364062719761638	364062735756169	364062720059346
364062736428096	364062752179710	364062736726690
364062753165440	364062768601325	364062753541690
364062800189346	364062817859554	364062800532888
364062828993252	364062842493252	364062829349815
364062829211638	364062850704553	364062829358721
364062845911638	364062858915491	364062846184815
364062862583877	364062875337574	364062862951221
364062879235388	364062891759033	364062879516221
364062895947315	364062908183981	364062896223825
364062912613408	364062924610492	364062912903565
364062929306221	364062941034502	364062929580856
364062945975544	364062957458929	364062946245596
364062980461481	364062998513720	364062980807783
364062980700752	364063006724606	364062980827471
364062997418252	364063014935126	364062997705387
364063014104919	364063031354658	364063014471377
364063030781690	364063047775752	364063031056065
364063047366377	364063064200023	364063047650596
364063064111533	364063080622678	364063064475596
364063080791325	364063097047470	364063081060283
364063097412627	364063113470908	364063097700908
364063114070596	364063129894710	364063114351377
364063130811533	364063146317470	364063131110440
364063163713721	364063179165856	364063164076221
364063164169814	364063187378460	364063164257627
364063180814814	364063195592366	364063181094919
364063197484814	364063212015283	364063197765439
364063214176221	364063228436637	364063214450856
364063230843200	364063244856376	364063231120283
364063247511169	364063261277679	364063247781221
364063264159814	364063277697679	364063264517314
364063280832939	364063294118200	364063281105127
364063297506377	364063310539970	364063297789658
364063346829189	9223372036854775807	364063347174033

POLL t=268.3 tick=3071
8333333
364072181657155	364072205720852	364072181823405
364072198323405	364072213933352	364072198719446
364072215056686	364072230359967	364072215343405
364072231726634	364072246788300	364072232009186
364072248390384	364072263215071	364072248670280
364072265052311	364072279640540	364072265333249
364072281715124	364072296065852	364072281994499
364072298384967	364072312492206	364072298749603
364072315048874	364072328920435	364072315329759
364072363992415	364072378207258	364072364404655
364072365871061	364072386421373	364072366408405
364072380891530	364072394635331	364072381183821
364072397599030	364072411061373	364072397983665
364072414255436	364072427488612	364072414567467
364072430914811	364072443916321	364072431202155
364072447582467	364072460343248	364072447871842
364072464257780	364072476770539	364072464545853
364072480977884	364072493197675	364072481260280
364072497633040	364072509624186	364072498006998
364072514323092	364072526051477	364072514676478
364072548368509	364072558907675	364072548763873
364072548583092	364072567122779	364072548804655
364072565239342	364072583551998	364072565527155
364072581971321	364072599980332	364072582255905
364072598626061	364072616406738	364072599000123
364072615296686	364072632833561	364072615580280
364072631943873	364072649260123	364072632227467
364072648589134	364072665687102	364072648875905
364072665296009	364072682112675	364072665570071
364072681971634	364072698537988	364072682314915
364072698680228	364072714964758	364072699168561
364072732920905	364072747817154	364072733317155
364072733085436	364072756030280	364072733329811
364072749746165	364072764243196	364072750035592
364072766436478	364072780668873	364072766725280
364072783084498	364072797093508	364072783374759
364072799815384	364072813518612	364072800192936
364072816474915	364072829944393	364072816752780
364072833142102	364072846369342	364072833417467
364072849810123	364072862794498	364072850093352
364072866478717	364072879217519	364072866768248
364072883158196	364072895642415	364072883509342
364072921385748	364072936702050	364072921768092
364072921583561	364072944914811	364072921786634
364072938272780	364072953126321	364072938633561
364072954904967	364072969553873	364072955189759
364072971630592	364072985982102	364072971948665
364072988291061	364073002412258	364072988582623
364073004957415	364073018839602	364073005323873
364073021631842	364073035268456	364073021906321
364073038292311	364073051694758	364073038572311
364073054966321	364073068123039	364073055242936
364073071649290	364073084548613	364073072017311
364073106710696	364073117401894	364073107064342
364073106905123	364073125614394	364073107131009
364073123569602	364073142041373	364073123879967
364073140288665	364073158470070	364073140567571
364073156958248	364073174897675	364073157229029
364073173615384	364073191322415	364073173898873
364073190288665	364073207745487	364073190598352
364073206950071	364073224166164	364073207324342
364073223616165	364073240589550	364073223933561
364073240293717	364073257011529	364073240696061
364073256965904	364073273433195	364073257329186
364073291696842	364073306280644	364073292547779
364073291939602	364073314492571	364073292554446
364073308544759	364073322705331	364073308934811
364073325263977	364073339129133	364073325536790
364073341926321	364073355552206	364073342197311
364073358603248	364073371975539	364073358878040
364073375284967	364073388398092	364073375537311
364073391932779	364073404821738	364073392199186
364073408600123	364073421246060	364073408971217
364073425266998	364073437667310	364073425546790
364073441956686	364073454089237	364073442308717
364073475908196	364073486930539	364073476264811
364073476150436	364073495141477	364073476281842
364073492737154	364073503352050	364073493027467
364073509473404	364073519773664	364073509855071
364073526131373	364073536198560	364073526409290
364073542807258	364073560833404	364073543078352
364073559465852	364073577258664	364073559737779
364073576146790	364073593683716	364073576424654
364073592798873	364073610109237	364073593072779
364073609470436	364073626535435	364073609837623
364073626143196	364073642965279	364073626503404
364073668891373	364073684033612	364073669254602
364073669034498	364073692246841	364073669285435
364073685714133	364073700460278	364073686007154
364073702445123	364073716885382	364073702826529
364073719108248	364073733310955	364073719381060
364073735773248	364073749737674	364073736082935
364073752445592	364073766163456	364073752726998
364073769106790	364073782590279	364073769384810
364073785772935	364073799015487	364073786042154
364073802431060	364073815442310	364073802807102
364073850900696	364073864726842	364073851249133
364073879169967	364073889366008	364073879487415
364073879334185	364073897580695	364073879492467
364073896126842	364073914008716	364073896422935
364073912809602	364073930434550	364073913181685
364073929474498	364073946862414	364073929755540
364073946101685	364073963290591	364073946390852
364073962831946	364073979717310	364073963116373
364073979461321	364073996143924	364073979792727
364073996400227	364074012572101	364073996743040
364074031265696	364074045422414	364074031561998
364074031442623	364074053636477	364074031567467
364074048220540	364074061851841	364074048513248
364074064931790	364074078281268	364074065190435
364074081579185	364074094709133	364074081880748
364074098224498	364074111138247	364074098597779
364074114883560	364074127567049	364074115162154
364074131531321	364074143993299	364074131813248
364074148269810	364074160420435	364074148538196
364074164928873	364074176846476	364074165206217
364074181684758	364074193272831	364074182020279
364074219887779	364074234331737	364074220222310
364074220253508	364074242542518	364074220394967
364074236820592	364074250754601	364074237109029
364074253556477	364074267179757	364074253839602
364074270221685	364074283602987	364074270504185
364074286895383	364074300027518	364074287171946
364074303516789	364074316452622	364074303929914
364074320286373	364074332880538	364074320561685
364074336910852	364074349306111	364074337172935
364074353558404	9223372036854775807	364074353829966

POLL t=279.0 tick=3139
8333333
364082946605119	364082964172671	364082946892724
364082963236161	364082980596838	364082963523088
364082979897307	364082997022723	364082980189338
364083024371786	364083038086734	364083024744026
364083024605067	364083046298921	364083024751526
364083041183713	364083054511108	364083041563244
364083057858088	364083070937098	364083058155849
364083074538713	364083087364755	364083074825536
364083091197151	364083103791473	364083091484338
364083107886682	364083120217932	364083108158557
364083124530588	364083136645067	364083124826682
364083141263244	364083153077307	364083141641161
364083157881682	364083169505276	364083158171005
364083204709651	364083218782463	364083205179963
364083204989807	364083226994702	364083205186942
364083221591369	364083235207932	364083221881317
364083238333661	364083251634129	364083238709182
364083254996994	364083268058296	364083255268974
364083271655901	364083284483661	364083271935223
364083288324182	364083300907046	364083288597932
364083304993036	364083317330692	364083305267723
364083321655276	364083333754233	364083321977151
364083338323401	364083350178817	364083338729911
364083382880692	364083399458348	364083383264963
364083383273713	364083407672671	364083383427619
364083399786630	364083415886734	364083400085692
364083416509494	364083432313556	364083416785692
364083433158817	364083448739025	364083433525276
364083449836057	364083465163712	364083450099651
364083466495536	364083481589858	364083466785536
364083483158088	364083498016264	364083483434025
364083499825900	364083514442202	364083500106682
364083516491786	364083530865795	364083516767619
364083563140900	364083580132567	364083563532619
364083563319182	364083588342150	364083563539025
364083580047619	364083596553557	364083580342775
364083596744338	364083612973348	364083597037307
364083613304807	364083629396733	364083613593973
364083630056213	364083645822515	364083630312150
364083646694963	364083662245275	364083647070432
364083663358088	364083678669182	364083663640588
364083680057307	364083695091265	364083680311317
364083696701525	364083711514754	364083696979130
364083743957723	364083760788556	364083744318557
364083744179650	364083769000588	364083744450119
364083760906525	364083777212046	364083761146525
364083777538244	364083793636265	364083777822307
364083794190380	364083810060431	364083794481682
364083810887880	364083826485431	364083811174286
364083827558244	364083842909806	364083827851473
364083844233348	364083859334337	364083844603088
364083860905588	364083875757098	364083861184182
364083877569650	364083892180796	364083877847307
364083923792879	364083941457775	364083924190379
364083924175848	364083949669598	364083924371525
364083940695900	364083957882566	364083941079494
364083957448869	364083974307566	364083957715275
364083974091369	364083990733035	364083974422150
364083990761994	364084007157410	364083991043869
364084007432619	364084023582723	364084007707775
364084024101213	364084040005796	364084024379650
364084040755275	364084056427775	364084041129338
364084057410275	364084072849807	364084057685848
364084101750848	364084113910118	364084102119025
364084101937254	364084122122671	364084102125588
364084118556994	364084130335171	364084118856525
364084135336056	364084146759702	364084135715692
364084152021994	364084163184129	364084152285588
364084168672411	364084179611473	364084168987150
364084185328556	364084196039129	364084185609494
364084201949129	364084212463192	364084202239754
364084218666629	364084237095483	364084218937775
364084235329181	364084253516264	364084235705119
364084282119598	364084294571108	364084282483400
364084282485119	364084302784494	364084282671213
364084299023556	364084310996577	364084299381838
364084315629963	364084327422983	364084315931525
364084332356838	364084343849233	364084332634806
364084349033244	364084360276316	364084349396525
364084365698088	364084376700587	364084365984806
364084382366838	364084393125639	364084382635900
364084399034806	364084409551316	364084399317306
364084415703869	364084425979442	364084415991629
364084432387931	364084450617306	364084432737879
364084467657931	364084483470274	364084467994650
364084467879754	364084491683244	364084468071369
364084484501213	364084499897202	364084484786369
364084501232411	364084516323921	364084501503244
364084517893244	364084532749701	364084518170900
364084534557775	364084549174493	364084534836786
364084551210900	364084565595743	364084551591161
364084567881004	364084582018504	364084568161838
364084584555067	364084598442149	364084584833244
364084601217150	364084614866369	364084601500900
364084646255275	364084664144702	364084646599963
364084670142410	364084680570848	364084670529910
364084670358869	364084688785223	364084670538869
364084687064025	364084705213035	364084687348400
364084703733192	364084721641317	364084704010692
364084720397150	364084738070379	364084720674910
364084737068973	364084754499285	364084737446838
364084753779025	364084770925067	364084754049650
364084770395900	364084787351264	364084770693504
364084787099806	364084803779389	364084787371629
364084826542150	364084836636889	364084826889337
364084827019181	364084844851420	364084827174181
364084843649650	364084861280795	364084843953504
364084860274650	364084877708973	364084860545744
364084876953348	364084894134910	364084877222098
364084893627931	364084910560482	364084893892150
364084910263400	364084926986524	364084910553400
364084926948817	364084943414337	364084927245431
364084943554442	364084959842202	364084943924181
364084960253087	364084976271368	364084960533869
364085006708348	364085017341004	364085007009025
364085006886994	364085025554806	364085007014337
364085023628556	364085033767775	364085023907775
364085040315587	364085058409597	364085040681681
364085057007619	364085074837775	364085057280587
364085073659598	364085091265066	364085073934650
364085090322462	364085107691264	364085090592775
364085107011369	364085124118868	364085107280692
364085123638712	364085140546472	364085123909181
364085140328087	364085156973347	364085140694337
364085157034181	364085173400952	364085157312775
364085189231160	364085206258712	364085189593712
364085190230067	9223372036854775807	364085190608712

POLL t=290.0 tick=3209
8333333
364093764180897	364093781632563	364093764561053
364093780833709	364093798061625	364093781112928
364093797492615	364093814492094	364093797774282
364093814109022	364093830922666	364093814397459
364093830823709	364093847349907	364093831110740
364093847492772	364093863776886	364093847769751
364093864164334	364093880202772	364093864365219
364093880837459	364093896633188	364093881150740
364093926003501	364093937706417	364093926373240
364093926132928	364093945921365	364093926376834
364093942818553	364093954135427	364093943116522
364093959561053	364093970561990	364093959839021
364093976199178	364093986989438	364093976609282
364093992827303	364094003418813	364093993126678
364094009485271	364094019848240	364094009811521
364094026174021	364094036275844	364094026443969
364094042815688	364094052703917	364094043119594
364094059478709	364094077346937	364094059810271
364094106437146	364094118418708	364094106838240
364094106627719	364094126633136	364094106851209
364094123274021	364094134847719	364094123599751
364094139969490	364094151274906	364094140264907
364094156608396	364094167702615	364094156903709
364094173286053	364094184130219	364094173661834
364094190110428	364094200559854	364094190400063
364094206602094	364094216987979	364094206898396
364094223266990	364094241631156	364094223558553
364094239951209	364094258059073	364094240241782
364094256620271	364094274488032	364094256997928
364094294496209	364094307348239	364094294864594
364094294665428	364094315563396	364094294875428
364094311332771	364094323778760	364094311621678
364094328052615	364094340207771	364094328334803
364094344726053	364094356637823	364094345001782
364094361393709	364094373065271	364094361677719
364094378056157	364094389492146	364094378425428
364094394726365	364094405922407	364094395001626
364094411387771	364094422349073	364094411669334
364094428098813	364094438777927	364094428385740
364094477534803	364094488066729	364094477921521
364094477701053	364094496281677	364094477983813
364094494359282	364094504496364	364094494651209
364094511098969	364094520925063	364094511387250
364094527761938	364094545562198	364094528040896
364094544418344	364094561988240	364094544704282
364094561091678	364094578418344	364094561372615
364094577757875	364094594848396	364094578127615
364094594421053	364094611275531	364094594700115
364094611081990	364094627703916	364094611398032
364094657989594	364094668773031	364094658116625
364094658237563	364094676987614	364094658810532
364094674824959	364094685203761	364094675283813
364094691514282	364094701633656	364094691822771
364094708185115	364094726281521	364094708469021
364094724838657	364094742714594	364094725127719
364094741498709	364094759146938	364094741782771
364094758165271	364094775579073	364094758458396
364094774836209	364094792011104	364094775216834
364094791510740	364094808442406	364094791800115
364094808182459	364094824874021	364094808472146
364094824841365	364094841304802	364094825130740
364094863343969	364094874165792	364094863740427
364094863711313	364094882381989	364094863907459
364094880180219	364094890597823	364094880557719
364094896830740	364094907029541	364094897141521
364094913561521	364094923459698	364094913837927
364094930226209	364094948108084	364094930517407
364094946892407	364094964539125	364094947161834
364094963557615	364094980970531	364094963846365
364094980236157	364094997403657	364094980608709
364094996869021	364095013835219	364094997152459
364095044282250	364095054910115	364095044587615
364095072608552	364095087768656	364095072860427
364095072727771	364095095982458	364095072909906
364095089442459	364095104196521	364095089738084
364095106147719	364095120624594	364095106417927
364095122809334	364095137052354	364095123079125
364095139475896	364095153479697	364095139743188
364095156176834	364095169906989	364095156449959
364095172764125	364095186334281	364095173209646
364095189422615	364095202763604	364095189716209
364095223052875	364095235623239	364095223452094
364095223193709	364095243837302	364095223469750
364095239885427	364095252050687	364095240170584
364095256578396	364095268479854	364095256864125
364095273214646	364095284909802	364095273607927
364095289874958	364095301341104	364095290158188
364095306557406	364095317773031	364095306844958
364095323258083	364095334206051	364095323534490
364095339888708	364095350634958	364095340168552
364095356546208	364095367066781	364095356843969
364095405333031	364095416356885	364095405726521
364095405488031	364095424572771	364095405801990
364095422119438	364095432788604	364095422414958
364095438824958	364095449216989	364095439124594
364095455484958	364095473859853	364095455777615
364095472259021	364095490286781	364095472547771
364095488833552	364095506712719	364095489220115
364095505536000	364095523140635	364095505815063
364095522157146	364095539569072	364095522449281
364095538871677	364095555994281	364095539191521
364095601433240	364095613486729	364095601761521
364095625181781	364095638126885	364095625485740
364095625492302	364095646340374	364095625584490
364095642189333	364095654553395	364095642477250
364095658896990	364095670980427	364095659166521
364095675513500	364095687408760	364095675903865
364095692259333	364095703833187	364095692527615
364095708919021	364095720261416	364095709185271
364095725586208	364095736689541	364095725863656
364095742235427	364095753118083	364095742514177
364095781649958	364095794189958	364095781962875
364095781960427	364095802404593	364095782079802
364095798619646	364095810619229	364095798902615
364095815341312	364095827048134	364095815625219
364095831989490	364095843476416	364095832261937
364095848674021	364095859908344	364095848950896
364095865359594	364095876338500	364095865622615
364095882004958	364095892767562	364095882373083
364095898682875	364095909194593	364095898956521
364095915333240	364095925619801	364095915598552
364095962068708	364095974904853	364095962429958
364095962453656	364095983119021	364095962557302
364095979025271	364095991334125	364095979457458
364095995744906	364096007765634	364095996042562
364096012435583	364096024194020	364096012723396
364096029090219	364096040623551	364096029364750

POLL t=300.7 tick=3313
8333333
364104514797142	364104526481413	364104515179590
364104531510111	364104542913444	364104531790424
364104548221830	364104559347246	364104548503809
364104564892403	364104575781725	364104565167090
364104581551205	364104592215788	364104581834747
364104598171674	364104608649017	364104598462767
364104614829642	364104625082090	364104615220267
364104664376049	364104682589746	364104664776986
364104666549955	364104690805475	364104667050528
364104681230528	364104699021413	364104681519747
364104697931049	364104715454590	364104698223965
364104714594799	364104731889851	364104714963861
364104731267872	364104748323027	364104731536830
364104747937455	364104764756152	364104748207142
364104764601622	364104781187767	364104764891517
364104781330580	364104797621778	364104781618653
364104797885267	364104814057403	364104798186049
364104814552611	364104830492559	364104815068184
364104850195736	364104863363236	364104850527299
364104850345215	364104871580632	364104850538340
364104867045267	364104879798288	364104867323549
364104883701205	364104896232194	364104883984642
364104900405267	364104912664433	364104900687455
364104917039903	364104929094538	364104917418184
364104933741986	364104945527090	364104934015996
364104950402871	364104961957975	364104950682455
364104967076830	364104978390892	364104967359799
364104983694642	364104994822663	364104983984278
364105037367090	364105052337090	364105037731986
364105037531830	364105060554590	364105037740580
364105054193496	364105068771882	364105054484121
364105070922559	364105085204173	364105071206205
364105087589434	364105101638339	364105087874955
364105104248548	364105118075006	364105104536205
364105120918236	364105134508235	364105121286830
364105137583705	364105150942455	364105137864173
364105154250267	364105167375111	364105154527767
364105170918705	364105183809486	364105171195111
364105219849434	364105233114278	364105220345215
364105220061986	364105241332715	364105220365996
364105236694486	364105249550892	364105236977455
364105253417455	364105265986569	364105253721621
364105270038705	364105282422663	364105270328548
364105286695736	364105298859277	364105287000423
364105303358861	364105315289069	364105303695111
364105320043809	364105331722819	364105320407403
364105336704278	364105348155475	364105337002298
364105353359017	364105364589068	364105353649798
364105401634330	364105413882870	364105402015215
364105404139330	364105422097559	364105404606205
364105418462246	364105430313392	364105418853028
364105435125371	364105446749068	364105435419642
364105451819798	364105463181777	364105452105580
364105468501621	364105479615788	364105468778392
364105485141673	364105496048913	364105485438392
364105501810111	364105512481308	364105502104746
364105518482455	364105528913288	364105518880215
364105535162923	364105553561777	364105535455371
364105551810371	364105569993444	364105552123965
364105590216777	364105602857558	364105590605684
364105590366517	364105611073912	364105590660892
364105607047715	364105619289382	364105607335215
364105623749798	364105635719069	364105624136830
364105640432767	364105652148704	364105640719330
364105657061986	364105668579277	364105657358861
364105673756986	364105685010111	364105674034017
364105690376830	364105701442038	364105690659121
364105707099955	364105717873652	364105707376517
364105723762767	364105734305058	364105724140840
364105740444121	364105758951464	364105740852142
364105774870840	364105791816934	364105775265996
364105775035267	364105800032298	364105775317611
364105791704798	364105808248392	364105792002454
364105808422767	364105824679693	364105808688340
364105825076517	364105841114850	364105825450579
364105841724798	364105857548339	364105842010111
364105858430579	364105873982037	364105858705736
364105875095527	364105890418912	364105875386204
364105891758548	364105906855110	364105892082611
364105908427611	364105923290839	364105908706517
364105956136517	364105972592037	364105956311361
364105982061361	364105997242297	364105982419746
364105982241517	364106005459225	364105982452298
364105998960579	364106013676412	364105999245736
364106015628392	364106030109538	364106015908809
364106032292559	364106046539225	364106032669642
364106048958079	364106062968704	364106049238236
364106065624173	364106079397402	364106065912611
364106082292454	364106095827245	364106082572298
364106098964329	364106112255058	364106099242142
364106115627090	364106128686725	364106115902767
364106165280840	364106177973600	364106165668548
364106165452142	364106186190058	364106165688392
364106182096048	364106194407089	364106182384642
364106198825996	364106210837246	364106199107923
364106215487454	364106227268183	364106215765840
364106232149486	364106243698235	364106232552454
364106248773861	364106260128861	364106249109173
364106265426048	364106276559381	364106265718704
364106282109017	364106292988287	364106282407715
364106298757923	364106309418652	364106299052871
364106315474590	364106325850214	364106315769746
364106348583548	364106358702870	364106349000267
364106348889173	364106366915422	364106349007767
364106365533392	364106383343861	364106365826673
364106382219798	364106399774797	364106382496048
364106398900527	364106416205058	364106399175683
364106415614017	364106432634017	364106415890267
364106432248392	364106449062819	364106432606829
364106448920683	364106465489850	364106449216465
364106465611621	364106481919329	364106465869017
364106482269590	364106498349693	364106482535892
364106531244329	364106547642454	364106531712767
364106531481673	364106555859120	364106531719277
364106548182871	364106564075735	364106548464798
364106564891985	364106580507923	364106565172923
364106581537923	364106596936204	364106581813392
364106598184329	364106613366360	364106598461517
364106614919017	364106629798287	364106615189121
364106631556985	364106646228026	364106631928079
364106648283965	364106662658652	364106648558235
364106664928235	364106679087871	364106665200996
364106708412610	364106720155996	364106708729590
364106731820110	364106744801672	364106732108340
364106732147871	364106753015995	364106732266621
364106748870267	364106761231204	364106749156360
364106765519590	9223372036854775807	364106765804017

POLL t=311.4 tick=3381
8333333
364115335971045	364115346170992	364115336268336
364115352636930	364115370819169	364115353025420
364115369304326	364115387252294	364115369595992
364115402146774	364115420115836	364115402579274
364115402799013	364115428331200	364115402921513
364115419445992	364115436547242	364115419795732
364115436178857	364115452978648	364115436455263
364115452786201	364115469411617	364115453159013
364115469516826	364115485845054	364115469704013
364115486117138	364115502276356	364115486386045
364115502784899	364115518707606	364115503048232
364115519451826	364115535137242	364115519725420
364115536130420	364115551568544	364115536408232
364115552799482	364115568000211	364115553222867
364115586844951	364115600861200	364115587283388
364115587126930	364115609077190	364115587294117
364115603741982	364115617292710	364115604139169
364115620469742	364115633722919	364115620747242
364115637127607	364115650153336	364115637401201
364115653789326	364115666584429	364115654167451
364115670412919	364115683014638	364115670743805
364115687125680	364115699443440	364115687402763
364115703792763	364115715873856	364115704070888
364115720467451	364115732308283	364115720734794
364115773710419	364115789821200	364115774091774
364115775651201	364115798036252	364115776158805
364115790549482	364115806252450	364115790842086
364115807276982	364115822684273	364115807554951
364115823936617	364115839118388	364115824212294
364115840621930	364115855549585	364115840895836
364115857268388	364115871984013	364115857638024
364115873932086	364115888417398	364115874211513
364115890604013	364115904850367	364115890921826
364115907272555	364115921285419	364115907556201
364115923961201	364115937717294	364115924212451
364115956490367	364115970580888	364115957015576
364115957227294	364115978796044	364115957369013
364115973918961	364115987010106	364115974212555
364115990655836	364116003439013	364115990943701
364116007313180	364116019870002	364116007590263
364116023978232	364116036298440	364116024263805
364116040641305	364116052726200	364116040918388
364116057306357	364116069155366	364116057675367
364116073973232	364116085586669	364116074249794
364116090659013	364116102017867	364116090931044
364116138479951	364116151312710	364116138839794
364116138864898	364116159527138	364116139054169
364116155359951	364116167742502	364116155739326
364116172129638	364116184172867	364116172421044
364116188735992	364116200605158	364116189021357
364116205395107	364116217037293	364116205674430
364116222058336	364116233470835	364116222335107
364116238721044	364116249901565	364116238998232
364116255386200	364116266331773	364116255763232
364116272027919	364116282760939	364116272304794
364116288738232	364116299193491	364116289085888
364116321166669	364116332057554	364116321532294
364116322026982	364116340274794	364116322428648
364116338725732	364116356707241	364116339038388
364116355358492	364116373138909	364116355752398
364116372121357	364116389568752	364116372403700
364116388763388	364116405997866	364116389037555
364116405420055	364116422426252	364116405692398
364116422098023	364116438856564	364116422356773
364116438765055	364116455285627	364116439065888
364116455450055	364116471715783	364116455833232
364116472160107	364116488147085	364116472497294
364116504159482	364116521008492	364116504517919
364116505431825	364116529222971	364116505865419
364116522050888	364116537438127	364116522342138
364116538818544	364116553869585	364116539166982
364116555436825	364116570303388	364116555819325
364116572157711	364116586736148	364116572436773
364116588772919	364116603167711	364116589052607
364116605442138	364116619602242	364116605720419
364116622115836	364116636033179	364116622395575
364116638788544	364116652465835	364116639061513
364116686054013	364116701756721	364116686449482
364116686440523	364116709971669	364116686560732
364116702885836	364116718186877	364116703171513
364116719619794	364116734619221	364116719903388
364116736280679	364116751050314	364116736560732
364116752941825	364116767481616	364116753323075
364116769618700	364116783911721	364116769899586
364116786279482	364116800343491	364116786565263
364116802944273	364116816772501	364116803224013
364116819616148	364116833203127	364116819913700
364116836287763	364116849632762	364116836560888
364116872104950	364116882488752	364116872463961
364116872346461	364116890704898	364116872480575
364116888984586	364116907137085	364116889268648
364116905646773	364116923570678	364116905933336
364116922354586	364116940003179	364116922635679
364116939023388	364116956433126	364116939314169
364116955685888	364116972863544	364116956082450
364116972359638	364116989297814	364116972655992
364116989033179	364117005730470	364116989312763
364117005713231	364117022160314	364117005994950
364117022370211	364117038587971	364117022669117
364117054223544	364117071444689	364117054815367
364117079894481	364117096085054	364117080225575
364117080196304	364117104298752	364117080321513
364117096861200	364117112513075	364117097135575
364117113511200	364117128940262	364117113793856
364117130214950	364117145369845	364117130484794
364117146873700	364117161799324	364117147155419
364117163483856	364117178231512	364117163874898
364117180262867	364117194662294	364117180531825
364117196881981	364117211090627	364117197155992
364117235929481	364117252157971	364117236128700
364117236342919	364117260372554	364117236458544
364117252997919	364117268586616	364117253404013
364117269650211	364117285015575	364117269938336
364117286352554	364117301445366	364117286636461
364117303059742	364117317877710	364117303329794
364117319732242	364117334309273	364117319998856
364117336390575	364117350740783	364117336666200
364117353056460	364117367169898	364117353336513
364117369717242	364117383597762	364117370085210
364117386343335	364117400027241	364117386617606
364117421193804	364117432883752	364117421571513
364117421426460	364117441096876	364117421577398
364117438127138	364117449309845	364117438412919
364117454795054	364117465735940	364117455166304
364117471494013	364117482164950	364117471769013
364117488223388	364117498593908	364117488541044
364117504857294	9223372036854775807	364117505132554

POLL t=322.2 tick=3450
8333333
364126053447759	364126067419842	364126053734634
364126084915051	364126100273540	364126085281040
364126086878697	364126108488748	364126087086978
364126103486978	364126116703644	364126103776197
364126120194113	364126133131717	364126120469790
364126136861040	364126149559322	364126137127551
364126153489322	364126165988332	364126153763332
364126170181613	364126182414790	364126170454947
364126186808697	364126198842603	364126187017603
364126203484478	364126215270519	364126203796613
364126220128072	364126231697603	364126220419790
364126267558228	364126280978800	364126267986770
364126267731509	364126289191769	364126268072082
364126284385363	364126297404529	364126284667603
364126301123957	364126313830936	364126301485884
364126317775207	364126330256769	364126318055259
364126334444426	364126346682863	364126334728957
364126351247915	364126363110624	364126351525259
364126367767863	364126379535259	364126368064634
364126384446665	364126395963435	364126384728957
364126401109738	364126412392654	364126401529426
364126417787290	364126428820572	364126418132134
364126450622551	364126461677082	364126450929113
364126451094634	364126469892290	364126452083540
364126467804322	364126486323071	364126468086613
364126484434009	364126502752238	364126484723228
364126501166978	364126519181092	364126501531353
364126517781301	364126535608853	364126518075988
364126534497447	364126552034582	364126534776457
364126551162082	364126568461353	364126551439269
364126567829790	364126584887342	364126568144009
364126584493801	364126601314582	364126584768697
364126601175884	364126617745206	364126601688540
364126632656457	364126650601821	364126632995832
364126634448228	364126658816665	364126634806769
364126651098228	364126667030988	364126651386353
364126667839947	364126683458592	364126668119894
364126684506978	364126699887029	364126684767603
364126701144322	364126716316977	364126701520728
364126717777290	364126732743435	364126718072551
364126734428853	364126749168592	364126734716040
364126751092603	364126765593904	364126751394478
364126767826196	364126782020154	364126768110259
364126817039946	364126831301509	364126817424582
364126817455571	364126839516977	364126817637603
364126833855415	364126847732446	364126834149009
364126850511040	364126864161717	364126850815415
364126867209009	364126880589842	364126867508540
364126883881926	364126897018123	364126884172603
364126900527290	364126913448592	364126900912863
364126917188801	364126929877706	364126917479790
364126933853228	364126946308696	364126934156821
364126950550103	364126962740102	364126950841040
364126967206665	364126979167030	364126967569582
364127000918228	364127012024737	364127001447707
364127001079478	364127020240050	364127001456144
364127017733801	364127028455414	364127018038019
364127034414946	364127044886873	364127034709946
364127051088540	364127061319373	364127051382603
364127067741978	364127077750675	364127068039634
364127084471144	364127102398123	364127084757446
364127101138488	364127118827967	364127101500363
364127117804790	364127135259633	364127118122603
364127134472759	364127151688540	364127134741821
364127151147915	364127168121092	364127151517915
364127182768853	364127192772602	364127183124790
364127184468800	364127200988748	364127184892446
364127201077759	364127217419998	364127201453957
364127217806821	364127233851665	364127218081613
364127234466978	364127250280728	364127234742550
364127251139634	364127266709165	364127251418696
364127267800571	364127283139113	364127268076978
364127284466040	364127299571977	364127284750050
364127301130415	364127316004425	364127301505103
364127317761509	364127332434268	364127318053488
364127361875259	364127373510779	364127362234321
364127362049165	364127381726821	364127362290728
364127378741925	364127389943175	364127379022394
364127395370727	364127406374842	364127395751665
364127412076925	364127422806196	364127412365571
364127428768696	364127439234998	364127429044738
364127445434165	364127463879112	364127445710415
364127462099946	364127480308487	364127462372550
364127478776665	364127496741352	364127479042863
364127495424790	364127513173019	364127495840102
364127512148644	364127529602914	364127512491300
364127547278227	364127562459946	364127547637394
364127547472134	364127570675466	364127547699165
364127564149582	364127578890571	364127564428540
364127580823488	364127595319268	364127581120884
364127597458332	364127611747810	364127597844165
364127614126300	364127628175779	364127614460415
364127630779634	364127644603123	364127631078488
364127647446040	364127661031665	364127647741769
364127664126821	364127677462915	364127664424321
364127680781977	364127693892915	364127681080415
364127697477446	364127710326404	364127698041821
364127730125675	364127743179945	364127730532759
364127730883332	364127751393071	364127731268332
364127747530102	364127759607498	364127747854321
364127764194165	364127776036352	364127764476821
364127780926196	364127792466092	364127781193019
364127797590363	364127808894165	364127797959790
364127814268488	364127825323123	364127814539946
364127830923227	364127841751612	364127831195206
364127847597759	364127858178852	364127847874634
364127864286821	364127882818487	364127864562290
364127880920259	364127899244060	364127881204165
364127919089894	364127932095154	364127919595259
364127919454894	364127940308592	364127919604425
364127936220988	364127948520414	364127936512602
364127952758019	364127964946768	364127953042446
364127969412238	364127981372029	364127969695988
364127986136144	364127997798540	364127986450519
364128002782602	364128014224946	364128003146040
364128019459946	364128030651300	364128019738644
364128036203488	364128047080050	364128036462134
364128052761040	364128063508643	364128053038696
364128122266977	364128137442915	364128122587446
364128149350415	364128162083487	364128149752446
364128149621769	364128170297133	364128149760883
364128166328540	364128178510883	364128166607238
364128183027758	364128194938695	364128183300727
364128199697394	364128211363383	364128200075050
364128216332758	364128227788278	364128216602758
364128233027706	364128244213435	364128233294113
364128249700571	9223372036854775807	364128249969165

POLL t=332.9 tick=3519
8333333
364136810415516	364136827799161	364136810704109
364136827068641	364136844225359	364136827450880
364136843739318	364136860652651	364136844039474
364136860408172	364136877080255	364136860689578
364136877075672	364136893505619	364136877349318
364136893776974	364136909932963	364136894103224
364136928303849	364136942787286	364136928820672
364136930304943	364136951000880	364136930694630
364136945140880	364136959215203	364136945432911
364136961791193	364136975642859	364136962084786
364136978470099	364136992068744	364136978761036
364136995138536	364137008496505	364136995426661
364137011814890	364137024926401	364137012111661
364137028474474	364137041356505	364137028854474
364137045148380	364137057783744	364137045440515
364137061867443	364137074212651	364137062146922
364137078546974	364137090638536	364137078915411
364137115156922	364137131704890	364137115561974
364137115399318	364137139918223	364137115584318
364137132064943	364137148131869	364137132395515
364137148744161	364137164559317	364137149022755
364137165421297	364137180984109	364137165704786
364137182075047	364137197410567	364137182370099
364137198710880	364137213835254	364137198985203
364137215408224	364137230260515	364137215689422
364137232098640	364137246686765	364137232462599
364137248736922	364137263109525	364137249013172
364137265416192	364137279532598	364137265720099
364137299784942	364137312380775	364137300129317
364137299976922	364137320592963	364137300144630
364137316655672	364137328803952	364137316985880
364137333375724	364137345228587	364137333747755
364137350036922	364137361657390	364137350313692
364137366707286	364137378087703	364137366991974
364137383370567	364137394517338	364137383644317
364137400048015	364137410945462	364137400316140
364137416700255	364137427374213	364137416981297
364137433375724	364137443801608	364137433742234
364137481657911	364137493079786	364137482007442
364137481844474	364137501292442	364137482036609
364137498556765	364137509505359	364137498825411
364137515166297	364137525932546	364137515449786
364137531908536	364137542361192	364137532283849
364137548581505	364137567002546	364137548856192
364137565234422	364137583429369	364137565517234
364137581893172	364137599855306	364137582170255
364137598567599	364137616281453	364137598846140
364137615232286	364137632709473	364137615506661
364137631917599	364137649135306	364137632435567
364137665869474	364137681985463	364137666222911
364137666105724	364137690199629	364137666227859
364137682766661	364137698413379	364137683131036
364137699431817	364137714842077	364137699712911
364137716167859	364137731271765	364137716443067
364137732795671	364137747701505	364137733170724
364137749449317	364137764130671	364137749729005
364137766113015	364137780558692	364137766390515
364137782778692	364137796986505	364137783057442
364137799446453	364137813412962	364137799726349
364137816143380	364137829839265	364137816497130
364137851048536	364137862688223	364137851495411
364137851232390	364137870901973	364137851514786
364137867911661	364137879114109	364137868175046
364137884614317	364137895538327	364137884894890
364137901239786	364137911963484	364137901526348
364137917938328	364137928392598	364137918219630
364137934611140	364137944821191	364137934990255
364137951268692	364137961251765	364137951596505
364137967937911	364137985895983	364137968226192
364137984607546	364138002327962	364137984878380
364138001291661	364138018759785	364138001631661
364138034489317	364138051620203	364138035030723
364138034691140	364138059834890	364138035089265
364138051372390	364138068050567	364138051857286
364138068095880	364138084478692	364138068392442
364138084703953	364138100907546	364138084988067
364138101374265	364138117336817	364138101662442
364138118010671	364138133766556	364138118307442
364138134725984	364138150195306	364138135088380
364138151403848	364138166623587	364138151674005
364138168087286	364138183051400	364138168370255
364138184729630	364138199480254	364138185050411
364138219142130	364138232340775	364138219545828
364138219504421	364138240554421	364138219696348
364138236201817	364138248768743	364138236586817
364138252718848	364138265197546	364138252986192
364138269383067	364138281627806	364138269664109
364138286025098	364138298055619	364138286312286
364138302687442	364138314484577	364138302981036
364138319347286	364138330914525	364138319644109
364138336034161	364138347343275	364138336399786
364138352699005	364138363774525	364138352990723
364138369425046	364138380204057	364138369699942
364138402179005	364138413058171	364138402504942
364138402723327	364138421273431	364138402832598
364138419440567	364138437702858	364138419726661
364138436161348	364138454132546	364138436585723
364138452820255	364138470560462	364138453090567
364138469468796	364138486988275	364138469739317
364138486131505	364138503416817	364138486450098
364138502763536	364138519845254	364138503046036
364138519504473	364138536272702	364138519773380
364138536139161	364138552698119	364138536518015
364138552844629	364138569124942	364138553128640
364138587281296	364138601983274	364138587670515
364138587729629	364138610197337	364138587949473
364138604334786	364138618412390	364138604611036
364138620999421	364138634841504	364138621272911
364138637672546	364138651270202	364138638048327
364138654281192	364138667695827	364138654567129
364138671012598	364138684122911	364138671287442
364138687689161	364138700549837	364138687949317
364138704344421	364138716975671	364138704624786
364138720957286	364138733401608	364138721240254
364138774915411	364138790889264	364138775248692
364138775180254	364138799102337	364138775320359
364138791914942	364138807315671	364138792196504
364138808613536	364138823742338	364138808890515
364138825263171	364138840166296	364138825528067
364138841921973	364138856592597	364138842283015
364138858567129	364138873021608	364138858840567
364138875252077	364138889448223	364138875524004
364138891917911	364138905876243	364138892170879
364138908564473	364138922302754	364138908841504
364138925270254	364138938729160	364138925530098
364138958244161	364138971585150	364138958555984
364138958580359	9223372036854775807	364138958749004

POLL t=343.6 tick=3588
8333333
364147489463376	364147506140095	364147489825564
364147506118324	364147522568688	364147506407386
364147522883532	364147538994729	364147523137907
364147539508689	364147555421188	364147539775199
364147556177282	364147571848532	364147556452595
364147603072595	364147621126084	364147603496136
364147603399939	364147629340407	364147603511501
364147619935407	364147637553949	364147620197126
364147636630980	364147653978532	364147636909157
364147653285511	364147670403740	364147653563793
364147669958532	364147686830198	364147670340095
364147686617855	364147703260042	364147686950043
364147703285668	364147719685459	364147703563011
364147719942126	364147736110823	364147720232438
364147736580876	364147752538376	364147736873168
364147753365980	364147768965407	364147753713845
364147786595355	364147801818636	364147787002855
364147786795407	364147810032022	364147787022074
364147803447438	364147818244886	364147803728063
364147820199938	364147834670355	364147820484782
364147836853376	364147851093792	364147837127386
364147853521605	364147867518167	364147853808376
364147870188168	364147883942178	364147870584001
364147886853688	364147900365667	364147887132907
364147903530980	364147916788220	364147903809782
364147920196345	364147933210876	364147920481918
364147936871449	364147949632022	364147937214001
364147967998688	364147982478168	364147968501136
364147994803793	364148007115303	364147995180720
364147994925355	364148015327958	364147995185563
364148011675511	364148023541397	364148011981188
364148028347438	364148039969938	364148028645251
364148044959782	364148056398115	364148045249001
364148061612282	364148072824938	364148061993011
364148078299261	364148089250979	364148078600876
364148095016032	364148105674573	364148095343011
364148111681501	364148122100355	364148111995511
364148147515407	364148163165511	364148147918688
364148147712438	364148171376969	364148147942907
364148164341188	364148179588167	364148164737751
364148181089626	364148196013011	364148181376032
364148197746970	364148212439000	364148198026449
364148214408949	364148228862854	364148214696501
364148231079938	364148245286188	364148231357126
364148247744313	364148261709313	364148248042438
364148264400042	364148278132230	364148264786292
364148281035355	364148294555458	364148281322438
364148297688063	364148310980146	364148298017907
364148330695251	364148343826084	364148331066449
364148331073063	364148352038584	364148331247907
364148347772282	364148360251656	364148348064574
364148364445042	364148376677073	364148364820199
364148381144417	364148393100251	364148381434001
364148397806657	364148409523739	364148398089157
364148414475042	364148425948063	364148414755719
364148431142126	364148442371344	364148431416501
364148447809417	364148458794781	364148448087907
364148464473011	364148475219053	364148464837907
364148481133376	364148491643688	364148481482542
364148513198376	364148524486031	364148513505876
364148514434105	364148532697021	364148514832438
364148531116188	364148549118792	364148531431917
364148547752855	364148565538531	364148548069469
364148564459574	364148581958949	364148564850719
364148581110563	364148598379886	364148581403844
364148597926657	364148614802907	364148598215407
364148614542751	364148631227229	364148614816188
364148631205980	364148647651657	364148631484469
364148647897230	364148664072281	364148648156657
364148664499626	364148680494833	364148664908688
364148697085094	364148713339156	364148697333011
364148697969730	364148721550302	364148698379313
364148714540824	364148729760354	364148714826449
364148731265876	364148746179938	364148731540407
364148747942751	364148762599886	364148748195876
364148764569157	364148779018635	364148764942282
364148781218376	364148795437646	364148781500355
364148797877855	364148811857021	364148798205407
364148814549573	364148828276396	364148814844105
364148831253636	364148844697906	364148831539157
364148878600719	364148893964833	364148878988844
364148878912386	364148902177020	364148878994001
364148895407126	364148910389781	364148895720042
364148912145563	364148926811709	364148912433167
364148928756917	364148943232646	364148929054417
364148945500823	364148959655667	364148945824313
364148962149001	364148976078375	364148962421761
364148978770980	364148992498375	364148979193376
364148995482230	364149008918948	364148995755407
364149012175719	364149025338167	364149012458532
364149028817542	364149041760563	364149029095563
364149062947073	364149074609156	364149063281813
364149063105511	364149082822125	364149063299157
364149079772438	364149091036447	364149080157125
364149096466657	364149107462854	364149096762750
364149113131292	364149123887073	364149113419469
364149129795355	364149140309261	364149130092073
364149146521032	364149164946864	364149146780980
364149163174313	364149181373687	364149163454886
364149179840511	364149197802594	364149180214625
364149196507750	364149214229365	364149196787438
364149213167907	364149230656500	364149213454730
364149245451500	364149263512802	364149245814000
364149246525511	364149271725770	364149246925407
364149263219573	364149279938532	364149263512282
364149279902594	364149296363010	364149280279625
364149296587698	364149312788635	364149296858219
364149313282750	364149329215146	364149313560407
364149329953532	364149345637646	364149330220667
364149346583375	364149362062906	364149346867386
364149363279625	364149378488791	364149363560407
364149379914625	364149394913166	364149380266500
364149425743063	364149435976396	364149426043063
364149451191188	364149468823115	364149451558375
364149451390354	364149477034573	364149451563844
364149468201032	364149485248010	364149468480719
364149484864729	364149501674468	364149485230250
364149501424469	364149518099782	364149501703323
364149518261448	364149534524781	364149518464313
364149534835511	364149550948583	364149535098375
364149551504729	364149567374000	364149551779469
364149568091917	364149583799208	364149568371657
364149602063532	364149616654000	364149602394000
364149602316604	364149624868010	364149602399938
364149619041657	364149633083062	364149619321500
364149635720198	364149649511083	364149635996813
364149652386448	364149665936917	364149652654261

POLL t=354.4 tick=3658
8333333
364158255808007	364158272845298	364158256116341
364158272516497	364158289274466	364158272819934
364158289186184	364158305700246	364158289465559
364158305844778	364158322126757	364158306221289
364158322471601	364158338553371	364158322766601
364158339187903	364158354980872	364158339465403
364158355854153	364158371407226	364158356138320
364158372516497	364158387831392	364158372793632
364158389189934	364158404257069	364158389467278
364158405840716	364158420684674	364158406214778
364158443118372	364158461748319	364158443490351
364158443343632	364158469960872	364158443497539
364158459975039	364158478173684	364158460267591
364158476678372	364158494596704	364158476965247
364158493381497	364158511019726	364158493638059
364158510042070	364158527445195	364158510449466
364158526706289	364158543872642	364158526979466
364158543370403	364158560299673	364158543637747
364158560073059	364158576729257	364158560423476
364158576703997	364158593158631	364158576989414
364158593393320	364158609589048	364158593748945
364158630143372	364158642446705	364158630549153
364158630313997	364158650660299	364158630569882
364158646976028	364158658873111	364158647262122
364158663648841	364158675300663	364158663935820
364158680323216	364158691727381	364158680617278
364158696978372	364158708153840	364158697277226
364158713651132	364158724577694	364158714036184
364158730310195	364158741001913	364158730607434
364158746977591	364158757426809	364158747291341
364158763638997	364158773850820	364158763948216
364158780322278	364158798485715	364158780616184
364158812743528	364158823121027	364158813315195
364158813665559	364158831333893	364158814036445
364158830346653	364158847757903	364158830642903
364158847080715	364158864186288	364158847370090
364158863743372	364158880612590	364158864043684
364158880415403	364158897039100	364158880750663
364158897023215	364158913463528	364158897327747
364158913744934	364158929886705	364158914110038
364158930434726	364158946307746	364158930688215
364158947081653	364158962730402	364158947360976
364158994908788	364159012001132	364158995293059
364158997455507	364159020213163	364158997952070
364159011738788	364159028426861	364159012174309
364159028398372	364159044855767	364159028706497
364159045130715	364159061286444	364159045420559
364159061816028	364159077716652	364159062097903
364159078473840	364159094144309	364159078761028
364159095139153	364159110571080	364159095425507
364159111809257	364159126999934	364159112178684
364159128474778	364159143427642	364159128766340
364159145145195	364159159854569	364159145450976
364159179905247	364159192706079	364159180237695
364159180260090	364159200921028	364159180400090
364159196723528	364159209135923	364159197011184
364159213440715	364159225563319	364159213819882
364159230083997	364159241993215	364159230376497
364159246747747	364159258420194	364159247043372
364159263421340	364159274844569	364159263717278
364159280085872	364159291270975	364159280377226
364159296798528	364159307695819	364159297077903
364159313403684	364159324119569	364159313791028
364159330065507	364159340543371	364159330372851
364159363831913	364159381604204	364159364202590
364159364127903	364159389816652	364159364250247
364159380692278	364159398029934	364159380985663
364159397425247	364159414455090	364159397700559
364159414082747	364159430879830	364159414450090
364159430746028	364159447302434	364159431067278
364159447443840	364159463725090	364159447691809
364159464065872	364159480148683	364159464362069
364159480792226	364159496570923	364159481051184
364159497415403	364159512990871	364159497691496
364159514072590	364159529412903	364159514479778
364159548151496	364159562258267	364159548481340
364159548353059	364159570469257	364159548494465
364159564992434	364159578680506	364159565280976
364159581729934	364159595100975	364159582011184
364159598377903	364159611523996	364159598664882
364159615043163	364159627946131	364159615419882
364159631706965	364159644368423	364159631989413
364159648372382	364159660792016	364159648644153
364159665043059	364159677215037	364159665313319
364159681710090	364159693637798	364159681996184
364159732858996	364159751118058	364159733260559
364159734895507	364159759329413	364159735414778
364159749680403	364159767541965	364159749970871
364159766360403	364159783969517	364159766647382
364159783078996	364159800399621	364159783365246
364159799736913	364159816826705	364159800015351
364159816404882	364159833254516	364159816768996
364159833067903	364159849681860	364159833360871
364159849735351	364159866109568	364159850016809
364159866404465	364159882537486	364159866681496
364159883069778	364159898963840	364159883347278
364159918230403	364159931819985	364159918762434
364159918527851	364159940035350	364159918808059
364159935125038	364159948249517	364159935412121
364159951841965	364159964675558	364159952152746
364159968471444	364159981101496	364159968755559
364159985171496	364159997526392	364159985466444
364160001865403	364160013952589	364160002133996
364160018495819	364160030378788	364160018849153
364160035173996	364160046803318	364160035457069
364160051904778	364160063226339	364160052152590
364160068553788	364160079648944	364160068833215
364160102839309	364160120710923	364160103146496
364160103015559	364160128923370	364160103150715
364160119761340	364160137138007	364160120160871
364160136521184	364160153564933	364160136768215
364160153128163	364160169990662	364160153402277
364160169812277	364160186417850	364160170121027
364160186507434	364160202846027	364160186747434
364160203085507	364160219271184	364160203368371
364160219773527	364160235697746	364160220149569
364160236471340	364160252124516	364160236750090
364160253141600	364160268550662	364160253417850
364160285134934	364160301401652	364160285452798
364160286505402	364160309616027	364160286861652
364160303170090	364160317831704	364160303474621
364160319800819	364160334263371	364160320171496
364160336462850	364160350693840	364160336736340
364160353184621	364160367123475	364160353463527
364160369861184	364160383554152	364160370137121
364160386445246	364160399984412	364160386720559
364160403153163	364160416414881	364160403421809

POLL t=365.1 tick=3726
8333333
364169046780035	364169064122065	364169047166180
364169084108212	364169096978212	364169084521649
364169084291337	364169105191753	364169084527274
364169100943472	364169113405138	364169101230816
364169117626493	364169129832118	364169117916753
364169134285659	364169146260347	364169134571649
364169150959305	364169162687743	364169151339618
364169167613212	364169179117117	364169167943472
364169184279774	364169195547586	364169184567430
364169200983055	364169211974565	364169201268055
364169217612222	364169228399409	364169217908055
364169234357274	364169244825920	364169234700659
364169271048993	364169285887118	364169271429462
364169271217430	364169294099565	364169271476441
364169287878055	364169302312378	364169288183628
364169304552274	364169318740086	364169304845399
364169321271597	364169335168263	364169321555087
364169337933368	364169351597169	364169338215399
364169354603211	364169368026440	364169354968993
364169371266753	364169384456440	364169371559566
364169387958680	364169400888003	364169388215659
364169404602847	364169417320138	364169404887586
364169421267586	364169433751597	364169421550868
364169458148211	364169474822377	364169458949461
364169460818055	364169483036128	364169461269149
364169475044566	364169491250398	364169475359305
364169491711961	364169507679773	364169492004461
364169508418628	364169524109721	364169508700972
364169525108055	364169540539149	364169525371961
364169541734618	364169556968263	364169542026024
364169558379722	364169573398367	364169558754305
364169575038368	364169589829044	364169575365399
364169591707743	364169606259461	364169591989722
364169608370816	364169622691284	364169608654618
364169653755868	364169663767378	364169654112274
364169653958368	364169671981336	364169654118784
364169670563628	364169688411908	364169670854461
364169687303472	364169704843420	364169687573316
364169703963993	364169721273211	364169704244722
364169720628055	364169737698315	364169720917066
364169737292691	364169754125659	364169737574618
364169753955347	364169770555919	364169754323159
364169770624878	364169786985346	364169770896128
364169787294878	364169803414148	364169787585868
364169803982222	364169819844200	364169804335190
364169841572534	364169852700086	364169842002534
364169841767065	364169860914826	364169842019097
364169858428836	364169869128263	364169858815399
364169875059149	364169885553783	364169875386493
364169891810399	364169901981701	364169892087690
364169908430086	364169926622325	364169908745972
364169925140243	364169943048158	364169925416961
364169941805399	364169959476701	364169942119461
364169958436649	364169975904669	364169958820190
364169975081180	364169992333888	364169975373524
364169991810555	364170008764044	364169992190503
364170027180034	364170041624357	364170027569617
364170027373784	364170049838575	364170027576284
364170044052274	364170058053002	364170044332274
364170060753992	364170074484044	364170061122430
364170077418784	364170090912638	364170077693628
364170094081909	364170107342950	364170094374774
364170110747274	364170123771961	364170111023524
364170127411649	364170140200398	364170127703992
364170144108680	364170156628575	364170144395086
364170160754565	364170173059200	364170161125815
364170177435659	364170189489409	364170177774409
364170212135503	364170222352377	364170212511805
364170212466649	364170230567325	364170212646492
364170229002847	364170246996128	364170229298055
364170245695503	364170263425607	364170245990815
364170262418524	364170279856701	364170262810503
364170279066284	364170296286180	364170279354930
364170295838211	364170312716179	364170296091180
364170312406024	364170329146127	364170312706440
364170329076336	364170345574304	364170329362690
364170345790242	364170362002117	364170346066961
364170362410190	364170378432378	364170362779617
364170398084774	364170411292846	364170398473211
364170398235034	364170419507013	364170398590555
364170414889617	364170427722533	364170415173159
364170431547742	364170444153523	364170431832846
364170448245971	364170460581752	364170448537742
364170464964253	364170477012325	364170465332117
364170481577117	364170493443836	364170481861805
364170498301128	364170509874721	364170498563836
364170514965503	364170526302064	364170515230711
364170531630242	364170542729877	364170531908992
364170548304930	364170559158940	364170548648680
364170586111753	364170600233524	364170586550034
364170586318524	364170608447169	364170586612899
364170602956336	364170616659617	364170603244305
364170619614149	364170633084617	364170619978003
364170636293992	364170649509408	364170636575971
364170652999930	364170665937273	364170653376648
364170669626805	364170682365503	364170669913940
364170686345398	364170698791388	364170686622117
364170703012742	364170715218211	364170703301805
364170719684617	364170731646752	364170719955503
364170736398055	364170748075867	364170736680398
364170770138992	364170780927533	364170770455711
364170772324773	364170789140450	364170772663523
364170787107117	364170797353835	364170787390346
364170803815346	364170813784304	364170804099148
364170820508836	364170838426284	364170820765398
364170837130398	364170854853262	364170837405867
364170853729773	364170871281543	364170854105086
364170870480086	364170887708523	364170870758940
364170887122273	364170904133054	364170887404305
364170903812586	364170920558783	364170904088367
364170920452117	364170936984981	364170920748836
364170957137065	364170969838263	364170957682117
364170957408211	364170978051856	364170957687742
364170974165867	364170986266075	364170974459461
364170990868003	364171002694564	364170991149930
364171007526336	364171019122377	364171007799461
364171024202273	364171035548888	364171024471596
364171040848680	364171051978575	364171041125190
364171057496023	364171068408262	364171057907378
364171074205398	364171084838627	364171074474930
364171090844148	364171109484304	364171091121648
364171107607690	364171125914564	364171107943523
364171143488836	364171158772898	364171143895086
364171144189617	364171166988575	364171144574617
364171160518367	364171175205034	364171160945867
364171177250711	364171191636335	364171177525346
364171193863211	9223372036854775807	364171194134148

POLL t=375.9 tick=3828
16666666
364179737074562	364179750372530	364179737357739
364179753733833	364179766796228	364179754013676
364179770398833	364179783219874	364179770673676
364179787059249	364179799640447	364179787433833
364179803732374	364179816063832	364179804034874
364179820405551	364179832488364	364179820685395
364179837068832	364179848914718	364179837343364
364179885322582	364179898199301	364179885831593
364179910397843	364179922837843	364179910761593
364179910615395	364179931051697	364179910768676
364179927237739	364179939265395	364179927523468
364179943907843	364179955694926	364179944198520
364179960565655	364179972125082	364179960860707
364179977218676	364179988553988	364179977517218
364179993955968	364180004982270	364179994316332
364180010630082	364180021410707	364180010911489
364180027282895	364180037839093	364180027617426
364180066693155	364180078903311	364180067056124
364180066880395	364180087116020	364180067064770
364180083523937	364180095329040	364180083939145
364180100228207	364180111757009	364180100523676
364180116930812	364180128185395	364180117202687
364180133603676	364180144610759	364180133863989
364180150206437	364180161036696	364180150503468
364180166923520	364180177463207	364180167193520
364180183581957	364180202103155	364180183954405
364180200225082	364180218527946	364180200529718
364180216921020	364180234951436	364180217198364
364180250980239	364180267802165	364180251321801
364180251320239	364180276015967	364180251519770
364180267999614	364180284230343	364180268152582
364180284554301	364180300658416	364180284926332
364180301211957	364180317086957	364180301492270
364180317878676	364180333511540	364180318158624
364180334524301	364180349938468	364180334809301
364180351167686	364180366364144	364180351456593
364180367815082	364180382789665	364180368108051
364180384483624	364180399217478	364180384872426
364180401162114	364180415646697	364180401467739
364180433123051	364180448504978	364180433521124
364180434472739	364180456718416	364180434862270
364180451173624	364180464930499	364180451461645
364180467803311	364180481355082	364180468114457
364180484560707	364180497780654	364180484938207
364180501220551	364180514205551	364180501500238
364180517842061	364180530628051	364180518115707
364180534569145	364180547051696	364180534846332
364180551222999	364180563476800	364180551495082
364180567889613	364180579901175	364180568162061
364180584568363	364180596325029	364180585060395
364180619216801	364180629178676	364180619758259
364180619525030	364180637393571	364180619784301
364180636124926	364180653820707	364180636431332
364180652839405	364180670248259	364180653120238
364180669494405	364180686674144	364180669769874
364180686144405	364180703101175	364180686533988
364180702831593	364180719524926	364180703112582
364180719482582	364180735951071	364180719768676
364180736197374	364180752376436	364180736474093
364180752773624	364180768802373	364180753062374
364180804070707	364180818076853	364180804435707
364180804238624	364180826287946	364180804455030
364180820903363	364180834498883	364180821194301
364180837546280	364180850921279	364180837843468
364180854245499	364180867342894	364180854534301
364180870897582	364180883767477	364180871197426
364180887571020	364180900192322	364180888042999
364180904234092	364180916616801	364180904533207
364180920899457	364180933039821	364180921198936
364180937563520	364180949464353	364180937861332
364180954255342	364180965887790	364180954622582
364180988092530	364181024013675	364180988674770
364180988422999	364181040667165	364180988680499
364181005364457	364181057324248	364181005684926
364181025814874	364181073982165	364181026092842
364181042461749	364181090640238	364181042733051
364181059092999	364181107299196	364181059365551
364181075737895	364181123956644	364181076007530
364181092403832	364181140613675	364181092783467
364181108972895	364181157271540	364181109253780
364181125558519	364181173928258	364181125837061
364181170923207	364181190586488	364181171346488
364181173016749	364181207244404	364181173528624
364181187811488	364181223903363	364181188198051
364181204554717	364181240561748	364181204831644
364181221202217	364181257221644	364181221476957
364181237872738	364181273880914	364181238193832
364181254536644	364181290540915	364181254847894
364181271204769	364181307199352	364181271489874
364181287855551	364181323858832	364181288243363
364181304553051	364181340519977	364181304852217
364181321203363	364181357180810	364181321483207
364181356673051	364181373842477	364181357035082
364181356843155	364181390505342	364181357090811
364181373543467	364181407167842	364181373848519
364181390193311	364181423829977	364181390633832
364181406915394	364181440491331	364181407198467
364181423563155	364181457155394	364181423860499
364181440235707	364181473814092	364181440590030
364181456929769	364181490476071	364181457302113
364181473591749	364181507140133	364181473906176
364181490274769	364181523804040	364181490666801
364181507012113	364181540467061	364181507501644
364181542444613	364181573790186	364181542827999
364181542663363	364181590452217	364181542832686
364181559357999	364181607114196	364181559645394
364181576108051	364181623772633	364181576355342
364181592711123	364181640431384	364181593069613
364181609414769	364181657091540	364181609682894
364181626060863	364181673751644	364181626341592
364181642728363	364181690410498	364181643003519
364181659398363	364181707069820	364181659679613
364181676059769	364181723730394	364181676332686
364181692811644	364181740392582	364181693265082
364181727624769	364181757054821	364181728146957
364181727829613	364181773717321	364181728151123
364181744537113	364181790382269	364181744828832
364181761229717	364181807045237	364181761514144
364181777896801	364181823706175	364181778221957
364181794555082	364181840370237	364181794919613
364181811211175	364181857034769	364181811494300
364181827832582	364181873694613	364181828129144
364181844568988	364181890356123	364181844853311
364181861239300	364181907021331	364181861514925
364181877850707	364181923684508	364181878128988
364181909571905	364181940345081	364181909917373
364181911250238	9223372036854775807	364181911638936

POLL t=386.6 tick=3896
16666666
364190478745703	364190522180287	364190479033985
364190495472058	364190538844505	364190495789922
364190512166797	364190555511536	364190512532526
364190528792891	364190572178568	364190529064922
364190545466589	364190588845234	364190545737110
364190562132422	364190605512057	364190562413672
364190578792214	364190622175912	364190579070703
364190595463203	364190638838307	364190595735547
364190612160860	364190655502317	364190612634714
364190646408828	364190672166328	364190646927370
364190646896120	364190688831328	364190647069141
364190663377891	364190705495234	364190663672839
364190680133985	364190722158412	364190680411797
364190696763203	364190738822838	364190697038308
364190713431641	364190755486380	364190713798985
364190730094714	364190772148619	364190730372526
364190746762578	364190788809400	364190747035964
364190763432266	364190805472526	364190763712682
364190780117110	364190822131744	364190780399401
364190826516797	364190855452787	364190826929297
364190826708776	364190872112318	364190826947214
364190843376953	364190888770963	364190843659610
364190860045547	364190905429765	364190860315235
364190876700026	364190922091848	364190877002682
364190893356641	364190938752474	364190893647057
364190910024870	364190955414974	364190910403307
364190926683516	364190972076380	364190927016953
364190943351901	364190988739296	364190943648516
364190960047891	364191005400234	364190960317370
364190976706745	364191022059922	364190977036172
364191010157422	364191038721119	364191010654401
364191010544609	364191055381849	364191010659297
364191027032109	364191072043359	364191027333203
364191043672682	364191088707213	364191043960964
364191060372839	364191105370026	364191060654245
364191077036328	364191122033203	364191077316641
364191093708620	364191138697838	364191093986120
364191110408984	364191155362630	364191110781953
364191127039453	364191172028775	364191127324766
364191143711797	364191188693932	364191143989766
364191189912526	364191222021432	364191190194141
364191190080078	364191238685026	364191190206589
364191207186328	364191255347005	364191207714297
364191223479870	364191272009609	364191223760391
364191240290078	364191288675078	364191240581797
364191256920026	364191305341171	364191257215234
364191273679714	364191322006016	364191273957266
364191290295859	364191338670807	364191290592109
364191307000391	364191355336015	364191307381797
364191323692422	364191371996692	364191324023672
364191340342682	364191388661900	364191340634609
364191371093464	364191405326901	364191371608203
364191374172422	364191421990963	364191374539453
364191390180963	364191438652734	364191390446328
364191406898047	364191455314661	364191407287891
364191423640234	364191471977317	364191423915651
364191440364922	364191488638515	364191440652266
364191456945078	364191505301068	364191457231588
364191473563151	364191521964817	364191473857422
364191490250547	364191538626848	364191490543776
364191506929401	364191555291016	364191507316484
364191551200078	364191571953880	364191551542838
364191583778359	364191605279035	364191584095547
364191583925391	364191621944192	364191584106641
364191600581953	364191638609556	364191601031328
364191617277890	364191655275910	364191617630807
364191634108151	364191671942994	364191634372265
364191650711484	364191688606015	364191650983828
364191667378828	364191705270911	364191667697422
364191684057109	364191721935546	364191684318932
364191700704922	364191738598931	364191700898047
364191737228932	364191755263151	364191737578359
364191737494713	364191771930390	364191737590495
364191754111797	364191788595963	364191754391745
364191770733672	364191805262005	364191771016953
364191787388776	364191821928880	364191787679453
364191804083932	364191838595547	364191804471953
364191820743828	364191855262577	364191821029453
364191837459557	364191871928411	364191837740703
364191854110651	364191888594869	364191854396745
364191870746953	364191905260547	364191871035703
364191887414453	364191921928723	364191887696901
364191922392734	364191938592317	364191922682370
364191922540547	364191955257317	364191922690078
364191939212734	364191971920911	364191939537890
364191955842890	364191988586171	364191956142109
364191972537213	364192005254661	364191972831953
364191989193151	364192021921640	364191989485078
364192005921120	364192038589817	364192006374609
364192022587995	364192055257630	364192022892422
364192039261640	364192071924088	364192039536432
364192055882422	364192088590234	364192056169557
364192103594297	364192121920494	364192104036640
364192103750234	364192138588567	364192104044922
364192120464922	364192155255390	364192120741797
364192137095078	364192171919556	364192137379713
364192153782213	364192188583724	364192154072265
364192170478984	364192205245807	364192170795859
364192187139088	364192221909557	364192187414140
364192203825703	364192238571588	364192204193047
364192220521953	364192255234139	364192220799765
364192237189765	364192271898046	364192237460859
364192285583359	364192305225442	364192285971328
364192313737734	364192338551171	364192314092578
364192313883828	364192355214348	364192314096171
364192330660234	364192371876431	364192330933828
364192347303359	364192388540390	364192347585703
364192364045078	364192405202004	364192364284453
364192380685859	364192421862473	364192380953046
364192397345494	364192438521639	364192397622890
364192414013776	364192455179869	364192414380546
364192430686901	364192471840234	364192430966276
364192463098203	364192488500806	364192463386276
364192463985390	364192505161067	364192464323671
364192480709921	364192521821171	364192480977421
364192497396953	364192538484244	364192497688515
364192514059401	364192555145285	364192514425182
364192530707109	364192571807838	364192530969921
364192547385703	364192588470546	364192547644765
364192564102109	364192605134035	364192564344609
364192580723203	364192621793462	364192580991328
364192597388932	364192638456066	364192597652421
364192614059921	364192655119869	364192614443828
364192645706953	364192671783202	364192645989869
364192647289869	364192688446692	364192647638359
364192664387682	364192705107994	364192664653828
364192680942265	9223372036854775807	364192681210546

POLL t=397.4 tick=3966
16666666
364201269022106	364201303152418	364201269317053
364201285723981	364201319816897	364201286012574
364201302368043	364201336482730	364201302714449
364201319046272	364201353148668	364201319442678
364201335699449	364201369813824	364201335996741
364201352375491	364201386482990	364201352660178
364201383821481	364201403149137	364201384393981
364201385704762	364201419814762	364201386260803
364201402392106	364201436480803	364201402683512
364201419062106	364201453148720	364201419464553
364201435742418	364201469817574	364201436060699
364201452415855	364201486486324	364201452694449
364201469051324	364201503152678	364201469346949
364201485710074	364201519818563	364201486003147
364201502375647	364201536479449	364201502666480
364201519041272	364201553142626	364201519435491
364201566511480	364201586467365	364201566935543
364201566832887	364201603130699	364201567047887
364201583426897	364201619792834	364201583799762
364201600037574	364201636456897	364201600347105
364201616714762	364201653119969	364201617090960
364201633360022	364201669783563	364201633650178
364201650061324	364201686446324	364201650341637
364201666724449	364201703108615	364201667042210
364201683394449	364201719771532	364201683677053
364201700079397	364201736436480	364201700354710
364201716720335	364201753102574	364201717089605
364201749057522	364201769765698	364201749374762
364201783138928	364201803096896	364201783546637
364201783346012	364201819757574	364201783552366
364201799964605	364201836416949	364201800286637
364201816606585	364201853078355	364201817002730
364201833303824	364201869742001	364201833605387
364201849966168	364201886406949	364201850264553
364201866633043	364201903070126	364201866974241
364201883294293	364201919735334	364201883594241
364201899991637	364201936400230	364201900268980
364201934227887	364201953065074	364201934622834
364201934426324	364201969730907	364201934633043
364201951085074	364201986399553	364201951453147
364201967711793	364202003065021	364201968023668
364201984405387	364202019726168	364201984699241
364202001062522	364202036390126	364202001370074
364202017794137	364202053055542	364202018166949
364202034464709	364202069719813	364202034748043
364202051130543	364202086384709	364202051408199
364202067797574	364202103051584	364202068082105
364202084461949	364202119718146	364202084735230
364202116578668	364202136384865	364202116963668
364202117748199	364202153050230	364202118050074
364202134484136	364202169713772	364202134836168
364202151099918	364202186376740	364202151387886
364202167758511	364202203038511	364202168047105
364202184478043	364202219700751	364202184793043
364202201141793	364202236363146	364202201414918
364202217807574	364202253028303	364202218217209
364202234478772	364202269692522	364202234754918
364202251138147	364202286356219	364202251460855
364202298272105	364202319685907	364202298613043
364202298639605	364202336349813	364202298788928
364202315151168	364202353013667	364202315440074
364202331780230	364202369675126	364202332165178
364202348505178	364202386337521	364202348776584
364202365165543	364202403001375	364202365481636
364202381830074	364202419663042	364202382143928
364202398510647	364202436326167	364202398792105
364202415161324	364202452989605	364202415436636
364202431833824	364202469656011	364202432207678
364202448497418	364202486320022	364202448775334
364202479956428	364202502982886	364202480288199
364202481795803	364202519643303	364202482124397
364202498492418	364202536304240	364202498779293
364202515146011	364202552968668	364202515433511
364202531843824	364202569632938	364202532200230
364202548501584	364202586295230	364202548781324
364202565165647	364202602959605	364202565447209
364202581832574	364202619625281	364202582107053
364202598521272	364202636287417	364202598789605
364202615167574	364202652951948	364202615456480
364202661174136	364202686280334	364202661432261
364202661423824	364202702945490	364202661541949
364202678057418	364202719608563	364202678372105
364202694653459	364202736271168	364202694949397
364202711321897	364202752937469	364202711617522
364202728083980	364202769603667	364202728456740
364202744708355	364202786268094	364202744988147
364202761380647	364202802931324	364202761658355
364202778046897	364202819596115	364202778327417
364202794713667	364202836259917	364202794988147
364202811382417	364202852923302	364202811658511
364202845059761	364202869589448	364202845412261
364202845243355	364202886253250	364202845426740
364202861943980	364202902917990	364202862245542
364202878608199	364202919582730	364202878987053
364202895276480	364202936246948	364202895549709
364202911929136	364202952909969	364202912210647
364202928608199	364202969572990	364202928973042
364202945271792	364202986236427	364202945542365
364202961943042	364203002898823	364202962216636
364202978643667	364203019562573	364202978922209
364202995250647	364203036225854	364202995532209
364203026654136	364203052889761	364203027026167
364203028583147	364203069550282	364203028937730
364203045300855	364203086212938	364203045613980
364203061963042	364203102873771	364203062257574
364203078646792	364203119536635	364203078922574
364203095352574	364203136199969	364203095617105
364203112042834	364203152863511	364203112275699
364203128675855	364203169525126	364203129043615
364203145337886	364203186190750	364203145610230
364203162011115	364203202859084	364203162286167
364203220970699	364203252852938	364203221496636
364203223733355	364203269514864	364203224152365
364203238141480	364203286175490	364203238451167
364203254685542	364203302836324	364203254968199
364203271398199	364203319498458	364203271675178
364203288350386	364203336159396	364203288313667
364203304810230	364203352821948	364203305115074
364203321457730	364203369484917	364203321826480
364203338137678	364203386150489	364203338406949
364203354822521	364203402815750	364203355075542
364203371517105	364203419479917	364203371798511
364203405702730	364203436142989	364203406079396
364203406253042	364203452806218	364203406391636
364203422631480	364203469469032	364203423050178
364203439292105	364203486132730	364203439584136
364203455988146	9223372036854775807	364203456267417

POLL t=408.5 tick=4035
16666666
364212253451476	364212301774288	364212253735018
364212270064445	364212318438923	364212270334914
364212286720174	364212335105590	364212286998820
364212303436737	364212351772465	364212303716424
364212320041581	364212368440226	364212320300226
364212366579758	364212385105121	364212367034549
364212366912362	364212401767101	364212367060383
364212383511476	364212418430434	364212383878820
364212400137830	364212435094601	364212400467101
364212416782830	364212451762570	364212417073039
364212433498820	364212468428663	364212433879758
364212450128455	364212485093715	364212450427258
364212466779133	364212501756632	364212467101789
364212483445487	364212518420486	364212483738976
364212500101476	364212535084549	364212500396164
364212548776737	364212568414757	364212549073195
364212548925851	364212585080434	364212549082830
364212565668820	364212601744861	364212565960330
364212582287257	364212618409079	364212582573507
364212598972414	364212635074914	364212599256320
364212615644757	364212651741528	364212615920539
364212632315174	364212668406684	364212632672882
364212648990643	364212685069861	364212649252414
364212665650487	364212701730643	364212665919237
364212682318507	364212718390642	364212682601632
364212729807830	364212751711320	364212730144393
364212760333143	364212785039080	364212760630487
364212760458820	364212801705747	364212760634393
364212777159601	364212818371893	364212777441476
364212793807726	364212835038143	364212794095070
364212810539289	364212851703090	364212810814080
364212827211424	364212868367153	364212827485018
364212843895695	364212885031840	364212844249757
364212860540382	364212901697048	364212860820851
364212877201320	364212918360122	364212877478768
364212908642205	364212935023715	364212908987049
364212910521789	364212951685643	364212911021320
364212927197101	364212968347361	364212927512882
364212943835174	364212985008559	364212944215174
364212960538820	364213001671996	364212960813976
364212977201789	364213018336319	364212977476476
364212993867570	364213034999236	364212994139705
364213010533195	364213051660695	364213010803039
364213027200382	364213068320642	364213027472257
364213043866945	364213084979392	364213044231945
364213090505226	364213118301736	364213090799861
364213090795226	364213134963872	364213090875226
364213107384601	364213151622309	364213107679236
364213124029132	364213168280382	364213124304289
364213140706320	364213184940070	364213141075018
364213157334393	364213201596840	364213157617361
364213174055695	364213218255017	364213174325226
364213190718820	364213234915017	364213190987361
364213207386945	364213251575903	364213207668039
364213224086007	364213268235070	364213224359914
364213240727518	364213284894705	364213241097361
364213273519080	364213301555851	364213274030851
364213274211632	364213318216475	364213274401632
364213290730538	364213334874184	364213291023924
364213307375018	364213351534392	364213307706320
364213324068976	364213368196423	364213324365070
364213340732205	364213384855434	364213341115226
364213357384757	364213401515642	364213357680538
364213374047726	364213418178246	364213374343455
364213390768820	364213434839288	364213391061476
364213407396163	364213451500017	364213407728924
364213454521893	364213484822726	364213454877882
364213454720226	364213501484080	364213454936320
364213471416320	364213518148767	364213471725018
364213488057257	364213534812413	364213488335643
364213504756320	364213551473663	364213505027570
364213521412049	364213568135226	364213521689861
364213538072882	364213584793663	364213538449445
364213554748455	364213601452881	364213555043143
364213571413195	364213618113871	364213571690486
364213588104288	364213634775694	364213588373507
364213604753351	364213651440747	364213605064913
364213636809549	364213668105799	364213637185695
364213638031632	364213684768402	364213638336788
364213654798820	364213701430850	364213655153768
364213671353768	364213718093715	364213671639549
364213688105070	364213734756319	364213688377570
364213704764288	364213751419236	364213705042257
364213721424236	364213768083194	364213721699132
364213738050486	364213784745694	364213738474236
364213754758507	364213801410121	364213755041007
364213771393976	364213818072361	364213771688351
364213817935226	364213834736371	364213818571424
364213818682882	364213851401579	364213818887830
364213835019549	364213868067101	364213835428038
364213851672205	364213884727934	364213851979757
364213868366267	364213901389808	364213868665538
364213885088351	364213918050433	364213885369757
364213901753976	364213934711892	364213902030694
364213918371163	364213951376058	364213918664132
364213935036944	364213968038246	364213935425017
364213951715538	364213984704548	364213952007726
364213996940851	364214018033663	364213997362517
364214031340799	364214051356684	364214031623663
364214031615851	364214068018507	364214031711424
364214048362413	364214084679235	364214048735538
364214065055069	364214101341631	364214065331788
364214081780330	364214118003194	364214082023507
364214098426944	364214134665954	364214098693038
364214115111111	364214151327204	364214115340694
364214131803142	364214167990538	364214132046944
364214148465382	364214184652204	364214148781944
364214182115330	364214201315694	364214182576736
364214182647674	364214217977204	364214182617830
364214199126944	364214234637256	364214199431319
364214215755069	364214251300590	364214216059236
364214232459444	364214267961944	364214232779340
364214249119861	364214284621996	364214249475017
364214265803194	364214301281059	364214266074601
364214282466476	364214317943558	364214282734288
364214299125017	364214334606528	364214299394444
364214315783038	364214351270538	364214316062882
364214332426476	364214367932412	364214332710694
364214366595851	364214384592985	364214366446007
364214367003298	364214401254965	364214367475226
364214383617882	364214417917934	364214383901788
364214400277101	364214434582256	364214400571476
364214416967413	364214451246163	364214417235486
364214433675382	364214467908923	364214433942205
364214450457361	364214484571632	364214450694392
364214467003923	364214501231684	364214467272257
364214483627413	9223372036854775807	364214483895173

POLL t=419.2 tick=4105
16666666
364223047369441	364223084522305	364223047755535
364223064115535	364223101190430	364223064392097
364223080769545	364223117858294	364223081031785
364223097428972	364223134526784	364223097697878
364223114094701	364223151195169	364223114365378
364223150359753	364223167862045	364223150839910
364223150541733	364223184528243	364223150878608
364223167256628	364223201195795	364223167614389
364223183861941	364223217859857	364223184151003
364223200575691	364223234525795	364223200850014
364223217243920	364223251191003	364223217537097
364223233905795	364223267857201	364223234183451
364223250569753	364223284523607	364223250942878
364223267245222	364223301189024	364223267523972
364223283916785	364223317856628	364223284190066
364223333181628	364223351194753	364223333470378
364223333360951	364223367864544	364223333481889
364223350061420	364223384533347	364223350637983
364223366667670	364223401198607	364223366956003
364223383351108	364223417862617	364223383674753
364223400078972	364223434527253	364223400315066
364223416687410	364223451190586	364223416987097
364223433350795	364223467855899	364223433632670
364223450057722	364223484522305	364223450439076
364223466681316	364223501188555	364223467010066
364223516695222	364223534519075	364223517118607
364223519198972	364223551186576	364223519784128
364223533600066	364223567853347	364223533978972
364223550199545	364223584520586	364223550636785
364223566917201	364223601186940	364223567204128
364223583595222	364223617851836	364223583868035
364223600245535	364223634516576	364223600521941
364223616911732	364223651182305	364223617181785
364223633583972	364223667847878	364223633851941
364223650234441	364223684513607	364223650605847
364223666911941	364223701179336	364223667186941
364223703194128	364223734510534	364223703471160
364223703361889	364223751175899	364223703501107
364223720196941	364223767841732	364223720483920
364223736696628	364223784512409	364223736973659
364223753388503	364223801180586	364223753760847
364223770072045	364223817848242	364223770354597
364223786738659	364223834517357	364223787039909
364223803422253	364223851189231	364223803686003
364223820102878	364223867855794	364223820383347
364223836741159	364223884522670	364223837026264
364223853374128	364223901188920	364223853758139
364223888100482	364223917854441	364223888440691
364223888417097	364223934519440	364223888576576
364223904990170	364223951188191	364223905357878
364223921601628	364223967855794	364223921886784
364223938261732	364223984524023	364223938546941
364223954983659	364224001192044	364223955354284
364223971645691	364224017860482	364223971968607
364223988312670	364224034527929	364223988627826
364224004975326	364224051195586	364224005254597
364224021641732	364224067866107	364224021961003
364224038308191	364224084536523	364224038591628
364224075079545	364224101203763	364224075491628
364224075266576	364224117870586	364224075522566
364224091983191	364224134537565	364224092240170
364224108606472	364224151203972	364224108917409
364224125312357	364224167871835	364224125572878
364224141957409	364224184538086	364224142236316
364224158633138	364224201204284	364224159024232
364224175298451	364224217870065	364224175573503
364224191958503	364224234537513	364224192240482
364224208602097	364224251204596	364224208889388
364224257336159	364224284534805	364224257827201
364224289461941	364224317859596	364224289801628
364224289596888	364224334526523	364224289805691
364224306279545	364224351192096	364224306569909
364224322959753	364224367856524	364224323242357
364224339666003	364224384520013	364224339941941
364224356327878	364224401184023	364224356697566
364224373007409	364224417850950	364224373286472
364224389671784	364224434518137	364224389939440
364224406338503	364224451184127	364224406611159
364224441733190	364224467851106	364224442171784
364224442118972	364224484518762	364224442298972
364224458708138	364224501185221	364224459087513
364224475325795	364224517852201	364224475611628
364224492057722	364224534519284	364224492308972
364224508699753	364224551184180	364224508982097
364224525387253	364224567853294	364224525645065
364224542031159	364224584518763	364224542307513
364224558706784	364224601185898	364224559077253
364224575372878	364224617854597	364224575649440
364224623779440	364224651187930	364224624160534
364224623974076	364224667855586	364224624193190
364224640673034	364224684525169	364224641028815
364224657293451	364224701196836	364224657671888
364224673999440	364224717868554	364224674273607
364224690667097	364224734541211	364224690944597
364224707451888	364224751210430	364224707603034
364224723947722	364224767879961	364224724234701
364224740604909	364224784547722	364224740906888
364224757277097	364224801213815	364224757706888
364224806764284	364224834545951	364224807050690
364224808662878	364224851214023	364224809142565
364224823715013	364224867881471	364224824111628
364224840343763	364224884549492	364224840629128
364224857032826	364224901218346	364224857401732
364224873706472	364224917888607	364224873988347
364224890368034	364224934561836	364224890645534
364224907055690	364224951234023	364224907327513
364224923714909	364224967907356	364224923990378
364224940389909	364224984581575	364224940658607
364224957064909	364225001254804	364224957426315
364224992712409	364225017926471	364224993004284
364224992896472	364225034596106	364224993009128
364225009708347	364225051265117	364225010044909
364225026293919	364225067935742	364225026572253
364225042978971	364225084605794	364225043248659
364225059677096	364225101273762	364225060097774
364225076344284	364225117943971	364225076632982
364225092993971	364225134616627	364225093267201
364225109641628	364225151289752	364225109925221
364225126296784	364225167966367	364225126577409
364225142978659	364225184638294	364225143255690
364225181332878	364225201310429	364225181832044
364225182021263	364225217982773	364225182226732
364225198664440	364225234654492	364225198955846
364225215411784	364225251325898	364225215790378
364225232409232	364225267994231	364225232266107
364225248689753	364225284663919	364225248961732
364225265308971	9223372036854775807	364225265674440

POLL t=430.0 tick=4174
16666666
364233840494749	364233883786103	364233840815374
364233857146156	364233900450895	364233857447406
364233873833916	364233917118395	364233874213760
364233890488031	364233933780218	364233890792562
364233926415166	364233950442093	364233926753916
364233926918291	364233967104645	364233927032666
364233943373187	364233983770322	364233943655479
364233960035531	364234000435686	364233960296416
364233976719854	364234017101467	364233978839072
364233993395478	364234033766624	364233993679749
364234010057562	364234050430947	364234010335062
364234026723760	364234067094228	364234027006781
364234043394281	364234083758343	364234043714228
364234060088812	364234100422092	364234060407406
364234076728603	364234117086364	364234077098603
364234093393968	364234133749853	364234093711156
364234131567041	364234150411884	364234131891156
364234161866624	364234183731832	364234162172874
364234162080843	364234200394332	364234162200062
364234178730478	364234217052977	364234179098812
364234195352093	364234233716572	364234199576885
364234212073812	364234250378030	364234212380635
364234228731312	364234267041102	364234229055166
364234245360374	364234283704332	364234245643603
364234262070687	364234300366103	364234262347562
364234278737718	364234317030009	364234279108499
364234295406468	364234333693759	364234295678760
364234331666312	364234350358238	364234332008343
364234331895999	364234367022248	364234332036885
364234348542249	364234383687718	364234348829280
364234365224593	364234400351832	364234365598916
364234381853916	364234417014801	364234383077510
364234398579697	364234433679853	364234398878655
364234415205530	364234450344020	364234415495530
364234431904385	364234467007717	364234432183187
364234448569541	364234483672405	364234448882978
364234465230687	364234500337926	364234465605530
364234481908030	364234517001416	364234482181780
364234498570218	364234533663863	364234498838968
364234539748968	364234566993655	364234540128343
364234539946468	364234583656051	364234540135010
364234556609853	364234600318186	364234556902874
364234573272405	364234616981728	364234573655010
364234589966155	364234633641519	364234592076155
364234606600530	364234650304592	364234606889437
364234623259228	364234666968342	364234623545166
364234639918760	364234683632301	364234640199905
364234656577562	364234700293707	364234656865062
364234673245843	364234716957769	364234673640166
364234689908759	364234733623759	364234690199437
364234728089749	364234750285998	364234728435947
364234758690218	364234783607822	364234759111155
364234758846572	364234800271363	364234759117718
364234775538968	364234816935009	364234775907562
364234792230791	364234833595999	364234796138030
364234808872405	364234850258447	364234809156468
364234825557874	364234866922405	364234825838447
364234842226780	364234883588030	364234842515843
364234858893968	364234900251884	364234859179593
364234875562561	364234916917197	364234875955478
364234910874541	364234933583029	364234911214384
364234911078499	364234950249332	364234911223968
364234927735999	364234966916051	364234928024228
364234944429541	364234983583238	364234944711468
364234961099905	364235000250321	364234963214124
364234977779124	364235016915686	364234978054905
364234994436884	364235033580165	364234994711624
364235011103499	364235050244227	364235011378655
364235027771103	364235066910113	364235028048811
364235044438134	364235083574853	364235044720791
364235061105686	364235100238967	364235061378030
364235093758655	364235116902405	364235094088499
364235094483968	364235133565790	364235094816624
364235111125999	364235150230582	364235111415218
364235127764280	364235166892040	364235128090374
364235144481416	364235183556780	364235145697666
364235161155061	364235200222092	364235161427874
364235177820374	364235216889176	364235178180166
364235194486468	364235233556050	364235194755999
364235211160009	364235250220738	364235211436468
364235227804124	364235266883863	364235228119593
364235244447822	364235283547457	364235244734905
364235274246155	364235300214800	364235274726155
364235277761624	364235316880374	364235278057041
364235294466416	364235333545581	364235294745999
364235311117093	364235350211571	364235311405218
364235327813655	364235366877925	364235328134436
364235344489853	364235383545322	364235344763290
364235361162718	364235400210842	364235361437978
364235377824384	364235416877353	364235378192249
364235394494384	364235433544123	364235394781311
364235411155843	364235450207248	364235411467874
364235450237874	364235466873082	364235450592040
364235480948915	364235500200477	364235481239436
364235481257405	364235516863394	364235481335947
364235497791936	364235533528550	364235498084228
364235514466311	364235550189488	364235518463655
364235531133134	364235566852300	364235531441467
364235547866624	364235583514331	364235548149540
364235564518447	364235600177300	364235564775999
364235581220061	364235616840217	364235581485686
364235597888967	364235633505946	364235598149592
364235628622561	364235650170113	364235628926311
364235631129384	364235666832821	364235631424592
364235647873811	364235683496571	364235648169592
364235664561155	364235700158498	364235665082249
364235681219592	364235716819436	364235681491155
364235697838342	364235733480946	364235698120217
364235714541624	364235750143863	364235714810478
364235731226936	364235766808498	364235731495217
364235747892509	364235783471467	364235748142665
364235764512509	364235800133446	364235764979540
364235781219436	364235816796884	364235781506103
364235812123915	364235833460321	364235812168342
364235814536728	364235850125165	364235814812665
364235831215634	364235866788186	364235831515842
364235847848655	364235883450790	364235848121884
364235864519072	364235900111155	364235864623967
364235881230322	364235916770478	364235881613290
364235897897665	364235933430530	364235898165686
364235914556624	364235950091936	364235914825999
364235931228447	364235966752457	364235931493967
364235947906259	364235983410998	364235948157092
364235964581155	364236000071935	364235964802405
364235996472405	364236016732821	364235996354124
364235997918030	364236033393967	364235998270999
364236014553186	9223372036854775807	364236014833499

POLL t=440.7 tick=4243
16666666
364244640206464	364244682157245	364244640473495
364244656868964	364244698819172	364244657150214
364244673537558	364244715481464	364244673805683
364244690207245	364244732143911	364244690573964
364244706867558	364244748809120	364244707147558
364244746363183	364244765470578	364244746690839
364244746530683	364244782131463	364244746701099
364244763254433	364244798793078	364244763534849
364244779885995	364244815456515	364244780270683
364244796589068	364244832118391	364244796865370
364244813255787	364244848779068	364244813531308
364244829906776	364244865436255	364244830185058
364244846578808	364244882095213	364244846851881
364244863240995	364244898754328	364244863525318
364244879862506	364244915414171	364244880287401
364244896577245	364244932071828	364244896856099
364244939337245	364244965393078	364244939692558
364244939529589	364244982054692	364244939702870
364244956192245	364244998716515	364244956473183
364244972856620	364245015380994	364244973155683
364244989564537	364245032043807	364244989941308
364245006226881	364245048705474	364245006520526
364245022853495	364245065364745	364245023147870
364245039561776	364245082025161	364245039838651
364245056242401	364245098685786	364245056510995
364245072896933	364245115347870	364245073169901
364245120062401	364245148669849	364245120332401
364245154634537	364245181995005	364245154967714
364245154777558	364245198660317	364245154971151
364245171461776	364245215322349	364245171764745
364245188103755	364245231984640	364245188552245
364245204783964	364245248649484	364245205080058
364245221452401	364245265313494	364245221744745
364245238118183	364245281974953	364245238414380
364245254847089	364245298636620	364245255125526
364245271505787	364245315296151	364245271780214
364245313767349	364245331958494	364245314103964
364245313985370	364245348620005	364245314111308
364245330656308	364245365281254	364245330961620
364245347300839	364245381941515	364245347617193
364245364018182	364245398600578	364245364278130
364245380657870	364245415260578	364245381034901
364245397331620	364245431917922	364245397621307
364245413996099	364245448576150	364245414280474
364245430665995	364245465235578	364245430942193
364245447331099	364245481895421	364245447605005
364245494001932	364245515214536	364245494286099
364245494168495	364245531872817	364245494298807
364245510943182	364245548533859	364245511296620
364245527511464	364245565194588	364245527822401
364245544207089	364245581855995	364245544484693
364245560883755	364245598518651	364245561161151
364245577559068	364245615181047	364245577822089
364245594175474	364245631841307	364245594549537
364245610895839	364245648500839	364245611171307
364245627555943	364245665160369	364245627850005
364245644219745	364245681819379	364245644504068
364245674801620	364245698479953	364245675198287
364245677582714	364245715142140	364245678074745
364245694148026	364245731804171	364245694540943
364245710878599	364245748464276	364245714988026
364245727557870	364245765127505	364245727832557
364245744220526	364245781789067	364245744493130
364245760888495	364245798450838	364245761198599
364245777553807	364245815111202	364245777865057
364245794224432	364245831771203	364245794593651
364245810886411	364245848427765	364245811166464
364245843880161	364245865086984	364245844205370
364245844249432	364245881745734	364245844356620
364245860902714	364245898406880	364245861191411
364245877570943	364245915069327	364245877860786
364245894286620	364245931729380	364245894559536
364245910953599	364245948391150	364245911224849
364245927621724	364245965051984	364245927889432
364245944286099	364245981712609	364245944552818
364245960952818	364245998371932	364245961224224
364245977618964	364246015032660	364245977886255
364246016516880	364246048347400	364246016858443
364246016966568	364246065005317	364246017073286
364246033401463	364246081663650	364246033684849
364246050047557	364246098322088	364246050331880
364246066738963	364246114981776	364246067019432
364246083362870	364246131640578	364246083755057
364246100057557	364246148301203	364246100323495
364246116754432	364246164961150	364246117027088
364246133419120	364246181622348	364246133691463
364246150054120	364246198282713	364246150337870
364246187433338	364246214941776	364246187965057
364246187697870	364246231604380	364246187970213
364246204243651	364246248266358	364246204548286
364246220913182	364246264926932	364246221217088
364246237601620	364246281587974	364246237940838
364246254256099	364246298249015	364246254553963
364246270981411	364246314910056	364246271300318
364246287649901	364246331568181	364246288039901
364246304317349	364246348225630	364246304598182
364246320949380	364246364885109	364246321238807
364246352901411	364246381546359	364246353200370
364246354267245	364246398208754	364246354604901
364246370984745	364246414871671	364246371277088
364246387639120	364246431531775	364246388031620
364246404345057	364246448190890	364246404674745
364246421020786	364246464850265	364246421293338
364246437794693	364246481510057	364246438070370
364246454381151	364246498170525	364246454650838
364246471053026	364246514830994	364246471328651
364246487700786	364246531493755	364246488078755
364246524517661	364246548158130	364246524814536
364246524811880	364246564820994	364246524920213
364246541485942	364246581482973	364246541771463
364246558170370	364246598144796	364246558449745
364246574856307	364246614808078	364246575127557
364246591516932	364246631469431	364246591881567
364246608213651	364246648131828	364246608480630
364246624858911	364246664792869	364246625169692
364246641523026	364246681454640	364246641785213
364246658183442	364246698117505	364246658452557
364246691616463	364246714775057	364246692067088
364246692041255	364246731432348	364246692094432
364246708567036	364246748090994	364246708853651
364246725228182	364246764749119	364246725516619
364246741928911	364246781407609	364246742205942
364246758617713	364246798065264	364246758889224
364246775270526	364246814722921	364246775547401
364246792048338	364246831380786	364246792297869
364246808644536	364246848040629	364246808902401
364246825281151	9223372036854775807	364246825555630

POLL t=451.5 tick=4351
16666666
364255400834533	364255429269324	364255401332085
364255402759220	364255445933126	364255403102710
364255419384429	364255462598439	364255419665366
364255436066929	364255479261251	364255436355002
364255452737658	364255495926407	364255453008960
364255469398804	364255512592084	364255469682710
364255486018804	364255529255938	364255486315314
364255502740002	364255545915678	364255503109272
364255519400522	364255562575105	364255519673960
364255536079429	364255579234272	364255536353647
364255578507397	364255595893647	364255578822866
364255578878335	364255612554219	364255579228179
364255595411304	364255629215261	364255595787866
364255612099116	364255645877241	364255612376147
364255628770210	364255662536720	364255629042814
364255645387501	364255679198126	364255645670314
364255662105210	364255695856719	364255662371720
364255678767866	364255712517189	364255679034689
364255695427866	364255729179011	364255695793126
364255712117397	364255745839584	364255712415210
364255728767501	364255762499793	364255729055210
364255760372241	364255779160522	364255760665679
364255762059585	364255795818386	364255762404585
364255778728283	364255812477606	364255779015001
364255795382241	364255829139584	364255795766616
364255812077970	364255845803699	364255812366616
364255828765366	364255862467241	364255829042814
364255845437866	364255879129011	364255845723178
364255862101460	364255895790938	364255862412866
364255878763178	364255912450262	364255879078022
364255895425939	364255929110991	364255895801147
364255925540366	364255945771355	364255925871408
364255928760210	364255962435001	364255929044689
364255945415783	364255979099844	364255945727345
364255962052814	364255995765626	364255962336564
364255978770835	364256012430782	364255979048751
364255995413647	364256029095990	364255995736460
364256012074897	364256045761250	364256012553491
364256028725522	364256062429168	364256029014585
364256045373491	364256079094272	364256045657658
364256062036876	364256095760053	364256062323335
364256091962658	364256112426199	364256092454741
364256095476616	364256129089793	364256095968908
364256112080210	364256145752553	364256112539897
364256128745783	364256162417240	364256129030470
364256145437553	364256179082189	364256145716460
364256162106303	364256195744480	364256162382345
364256178771720	364256212405261	364256179043803
364256195391147	364256229066407	364256195677970
364256212119220	364256245727188	364256212570991
364256228774428	364256262392761	364256229070366
364256268838178	364256295720209	364256269181928
364256269178960	364256312383594	364256269339428
364256285713022	364256329044949	364256286003282
364256302393022	364256345704532	364256302783491
364256319072866	364256362366303	364256319348595
364256335732710	364256379026355	364256336011928
364256352412866	364256395689949	364256352690678
364256369069220	364256412352188	364256369345053
364256385746720	364256429013699	364256386021876
364256402400991	364256445678178	364256402776616
364256445455678	364256462344115	364256445875522
364256445780366	364256479009167	364256446010314
364256462463595	364256495673282	364256462680314
364256478997501	364256512337084	364256479283751
364256495655209	364256528998386	364256495937709
364256512356720	364256545662553	364256512734584
364256529077397	364256562327605	364256529285834
364256545630834	364256578990886	364256545924584
364256562292397	364256595654688	364256562585678
364256578959532	364256612319167	364256579249064
364256622217084	364256645647084	364256622597970
364256622395001	364256662313647	364256622606303
364256639110470	364256678977657	364256639452970
364256655719220	364256695641199	364256656034064
364256672431251	364256712303178	364256672715991
364256689116772	364256728966199	364256689371251
364256705763803	364256745629011	364256706120834
364256722423491	364256762292188	364256722705314
364256739111616	364256778955053	364256739377084
364256755758282	364256795618282	364256756101303
364256794553282	364256812284741	364256794921928
364256794916303	364256828949324	364256795039689
364256811471147	364256845612136	364256811877553
364256828182032	364256862273334	364256828473282
364256844809376	364256878934740	364256845096459
364256861526095	364256895598074	364256861801147
364256878181303	364256912262032	364256878496095
364256894848126	364256928925626	364256895123334
364256911521772	364256945588751	364256911928022
364256928140366	364256962251824	364256928429584
364256964091459	364256995579063	364256964378282
364256964257345	364257012240261	364256964391147
364256980965991	364257028902188	364256981330782
364256997601095	364257045563855	364256997926459
364257014242188	364257062223855	364257014629428
364257030964584	364257078885990	364257031242501
364257047629063	364257095548490	364257047905522
364257064302866	364257112211042	364257064574741
364257080992084	364257128874167	364257081276928
364257097674584	364257145538542	364257097944272
364257135494063	364257162200990	364257135783178
364257135740209	364257178861094	364257135838334
364257152498334	364257195521719	364257152793751
364257169110678	364257212186042	364257169390053
364257185796772	364257228848855	364257186070626
364257202454220	364257245512709	364257202839376
364257219146772	364257262175678	364257219426928
364257235821615	364257278839010	364257236101563
364257252497657	364257295502188	364257252773959
364257269149584	364257312162605	364257269423959
364257302787865	364257328827605	364257303194897
364257303003803	364257345492240	364257303198595
364257319847709	364257362156250	364257320152970
364257336433126	364257378821928	364257336719740
364257353054897	364257395486823	364257353320834
364257369737397	364257412152187	364257370006928
364257386423803	364257428814896	364257386701772
364257403042813	364257445477240	364257403419688
364257419803959	364257462140313	364257420027865
364257436463647	364257478803647	364257436730209
364257469659115	364257495467865	364257469906772
364257470040209	364257512130417	364257470170365
364257486656772	364257528794792	364257486933595
364257503303334	364257545460625	364257503685053
364257519990834	364257562125313	364257520266720
364257536709845	9223372036854775807	364257536976147

POLL t=462.2 tick=4431
16666666
364266096217550	364266127171768	364266096638643
364266109936768	364266143835726	364266110274685
364266126549893	364266160498852	364266126959216
364266143252081	364266177162393	364266143529060
364266159915675	364266193825934	364266160192341
364266176578018	364266210488331	364266176858487
364266193245518	364266227150205	364266193527550
364266209912081	364266243813955	364266210181925
364266248819216	364266277143122	364266249180466
364266249183018	364266293807029	364266249307185
364266265701143	364266310469424	364266265985779
364266282339685	364266327133799	364266282628904
364266299009268	364266343800049	364266299294841
364266315677550	364266360465935	364266316084060
364266332338331	364266377131976	364266332626768
364266349010206	364266393798174	364266349346612
364266365666924	364266410464371	364266365995310
364266405439112	364266427130414	364266405728591
364266405642549	364266443796247	364266405734372
364266422317549	364266460460778	364266422839737
364266438926768	364266477126820	364266439216456
364266455630049	364266493794580	364266455907393
364266472346612	364266510459215	364266472598487
364266488978435	364266527125831	364266489246456
364266505654737	364266543791872	364266505927549
364266522314112	364266560457237	364266522675310
364266561132185	364266577122810	364266561453904
364266561355987	364266593787914	364266561461768
364266578021247	364266610448174	364266578320674
364266594644060	364266627112757	364266594937549
364266611350310	364266643779737	364266611635310
364266628028331	364266660444945	364266628381612
364266644655154	364266677109580	364266644937862
364266661359112	364266693775361	364266661637185
364266678021299	364266710441612	364266678294424
364266716099060	364266743774267	364266716541299
364266748585466	364266777110206	364266748881091
364266748693747	364266793773226	364266748909997
364266765358487	364266810435518	364266765680206
364266782090518	364266827099060	364266782430674
364266798706299	364266843764059	364266798998018
364266815376768	364266860427705	364266815771456
364266832075831	364266877094945	364266832363799
364266867976716	364266893760101	364266868276456
364266868210206	364266910424163	364266868281143
364266884856091	364266927089059	364266885173174
364266901488331	364266943751351	364266901782081
364266918169424	364266960412601	364266918555935
364266934837862	364266977072757	364266935132081
364266951502810	364266993734632	364266951798487
364266968171143	364267010396767	364266968462549
364266984835830	364267027059424	364266985125674
364267024201455	364267043723486	364267024578330
364267024369997	364267060387549	364267024584268
364267041107549	364267077049632	364267041470674
364267057716872	364267093712861	364267058004216
364267074414528	364267110376924	364267074688643
364267091080622	364267127036194	364267091353330
364267107705935	364267143698070	364267107992185
364267124418799	364267160357236	364267124784580
364267141079893	364267177019945	364267141357080
364267176862966	364267193683330	364267177176872
364267177043903	364267210344580	364267177190049
364267193761247	364267227004527	364267194037080
364267210401091	364267243665257	364267210669997
364267227054112	364267260329424	364267227424737
364267243765674	364267276990830	364267244021455
364267260465518	364267293655309	364267260747810
364267277103955	364267310321091	364267277326455
364267293769060	364267326986924	364267294038018
364267332133747	364267360317289	364267332460674
364267332392810	364267376982549	364267332467966
364267348984268	364267393646298	364267349338018
364267365632237	364267410308122	364267365923330
364267382303435	364267426973382	364267382592549
364267398954685	364267443636038	364267399240674
364267415670674	364267460298902	364267416061872
364267432349737	364267476964944	364267432621768
364267449011716	364267493626923	364267449285622
364267487659893	364267510288642	364267487944424
364267487913591	364267526950569	364267488068330
364267504538643	364267543613330	364267504852549
364267521160674	364267560276975	364267521547705
364267537873330	364267576938903	364267538160153
364267554544424	364267593602184	364267554823330
364267571202393	364267610265257	364267571478174
364267587867184	364267626929320	364267588140362
364267604538747	364267643594319	364267604808955
364267643294216	364267660255256	364267643789268
364267643498799	364267676916299	364267643807966
364267660177705	364267693576975	364267660453330
364267676843643	364267710238173	364267677118330
364267693530153	364267726899267	364267693817497
364267710143955	364267743560465	364267710434424
364267726854111	364267760221975	364267727221924
364267743520674	364267776886143	364267743796924
364267760185361	364267793551507	364267760456872
364267796643018	364267826876611	364267796989736
364267796876768	364267843537132	364267796995674
364267813644111	364267860199007	364267813976143
364267830240622	364267876860101	364267830625205
364267846958278	364267893521351	364267847227549
364267863613903	364267910182028	364267863884268
364267880250205	364267926839632	364267880535205
364267896943486	364267943497913	364267897231299
364267913570986	364267960156402	364267913859111
364267948381611	364267976815933	364267948729736
364267948550049	364267993477861	364267948733330
364267965289424	364268010139788	364267965581091
364267981957341	364268026799423	364267982230361
364267998689216	364268043458278	364267998958903
364268015295778	364268060120569	364268015677861
364268031997341	364268076780777	364268032268174
364268048683174	364268093441454	364268048935986
364268065311455	364268110103017	364268065572028
364268106101143	364268126762861	364268106300309
364268106406611	364268143419945	364268106511924
364268123084372	364268160082913	364268123460986
364268139730622	364268176744059	364268140039059
364268156424268	364268193404267	364268156705778
364268173113486	364268210062600	364268173383643
364268189782340	364268226721923	364268190041611
364268206448486	364268243386142	364268206711924
364268223105934	364268260049736	364268223506143
364268262198330	364268293378225	364268262289424
364268262513486	364268310044788	364268262604268
364268279294111	9223372036854775807	364268279590674

