shape	tail_n	J_vs_s0	n38	ov38	pres38	n54	ov54	pres54	n145	ov145	pres145	n259	ov259	pres259	n279	ov279	pres279	n292	ov292	pres292	n293	ov293	pres293	n295	ov295	pres295	n298	ov298	pres298	n299	ov299	pres299	n303	ov303	pres303	n307	ov307	pres307	n310	ov310	pres310	n311	ov311	pres311	n312	ov312	pres312	n313	ov313	pres313	n314	ov314	pres314	n315	ov315	pres315	n316	ov316	pres316	n318	ov318	pres318	n322	ov322	pres322	n323	ov323	pres323	n327	ov327	pres327	n328	ov328	pres328	n332	ov332	pres332	n336	ov336	pres336	n337	ov337	pres337	n339	ov339	pres339	n351	ov351	pres351	n372	ov372	pres372	n602	ov602	pres602	n611	ov611	pres611	n620	ov620	pres620
0	102	1.0000	1	1	1	0	0	1	0	0	1	0	0	1	0	0	1	1	1	1	1	1	1	0	0	1	4	4	1	0	0	1	0	0	1	1	1	1	0	0	1	4	4	1	3	3	1	4	4	1	7	7	1	7	7	1	1	1	1	0	0	1	0	0	1	0	0	1	0	0	1	0	0	1	2	2	1	0	0	1	0	0	1	0	0	1	0	0	1	1	1	1	0	0	1	0	0	1	0	0	1
1	104	0.9619	1	1	1	0	0	1	0	0	1	0	0	1	0	0	1	1	1	1	1	1	1	0	0	1	4	4	1	0	0	1	0	0	1	1	1	1	0	0	1	4	4	1	3	3	1	4	3	0	7	7	1	7	7	1	1	1	1	0	0	1	0	0	1	0	0	1	0	0	1	0	0	1	3	2	0	0	0	1	0	0	1	1	0	0	0	0	1	1	1	1	0	0	1	0	0	1	0	0	1
2	103	0.9159	1	1	1	0	0	1	0	0	1	0	0	1	0	0	1	1	1	1	1	1	1	0	0	1	4	4	1	0	0	1	0	0	1	1	1	1	0	0	1	5	4	0	2	2	0	4	3	0	6	6	0	7	7	1	1	1	1	0	0	1	0	0	1	0	0	1	0	0	1	0	0	1	3	1	0	0	0	1	0	0	1	1	0	0	0	0	1	1	1	1	0	0	1	0	0	1	0	0	1
3	103	0.9340	1	1	1	0	0	1	0	0	1	0	0	1	0	0	1	1	1	1	1	1	1	0	0	1	4	4	1	0	0	1	0	0	1	1	1	1	0	0	1	5	4	0	3	3	1	3	3	0	6	6	0	7	7	1	2	1	0	0	0	1	0	0	1	0	0	1	0	0	1	0	0	1	1	1	0	1	0	0	0	0	1	1	0	0	0	0	1	1	1	1	0	0	1	0	0	1	0	0	1
4	102	1.0000	1	1	1	0	0	1	0	0	1	0	0	1	0	0	1	1	1	1	1	1	1	0	0	1	4	4	1	0	0	1	0	0	1	1	1	1	0	0	1	4	4	1	3	3	1	4	4	1	7	7	1	7	7	1	1	1	1	0	0	1	0	0	1	0	0	1	0	0	1	0	0	1	2	2	1	0	0	1	0	0	1	0	0	1	0	0	1	1	1	1	0	0	1	0	0	1	0	0	1
5	103	0.9903	1	1	1	0	0	1	0	0	1	0	0	1	0	0	1	1	1	1	1	1	1	0	0	1	4	4	1	0	0	1	0	0	1	1	1	1	0	0	1	4	4	1	3	3	1	4	4	1	7	7	1	7	7	1	1	1	1	0	0	1	0	0	1	0	0	1	0	0	1	0	0	1	2	2	1	1	0	0	0	0	1	0	0	1	0	0	1	1	1	1	0	0	1	0	0	1	0	0	1
6	104	0.9619	1	1	1	0	0	1	0	0	1	0	0	1	0	0	1	1	1	1	1	1	1	0	0	1	4	4	1	0	0	1	0	0	1	1	1	1	0	0	1	4	4	1	3	3	1	4	4	1	7	7	1	7	7	1	1	1	1	1	0	0	0	0	1	0	0	1	0	0	1	1	0	0	1	1	0	1	0	0	0	0	1	0	0	1	0	0	1	1	1	1	0	0	1	0	0	1	0	0	1
7	102	1.0000	1	1	1	0	0	1	0	0	1	0	0	1	0	0	1	1	1	1	1	1	1	0	0	1	4	4	1	0	0	1	0	0	1	1	1	1	0	0	1	4	4	1	3	3	1	4	4	1	7	7	1	7	7	1	1	1	1	0	0	1	0	0	1	0	0	1	0	0	1	0	0	1	2	2	1	0	0	1	0	0	1	0	0	1	0	0	1	1	1	1	0	0	1	0	0	1	0	0	1
8	102	1.0000	1	1	1	0	0	1	0	0	1	0	0	1	0	0	1	1	1	1	1	1	1	0	0	1	4	4	1	0	0	1	0	0	1	1	1	1	0	0	1	4	4	1	3	3	1	4	4	1	7	7	1	7	7	1	1	1	1	0	0	1	0	0	1	0	0	1	0	0	1	0	0	1	2	2	1	0	0	1	0	0	1	0	0	1	0	0	1	1	1	1	0	0	1	0	0	1	0	0	1
9	117	0.7520	1	1	1	0	0	1	0	0	1	0	0	1	0	0	1	1	1	1	1	1	1	0	0	1	4	4	1	0	0	1	0	0	1	1	1	1	1	0	0	3	3	0	2	1	0	6	4	0	5	4	0	8	5	0	3	1	0	3	0	0	1	0	0	0	0	1	2	0	0	0	0	1	3	2	0	1	0	0	2	0	0	1	0	0	1	0	0	1	1	1	0	0	1	0	0	1	0	0	1
10	102	1.0000	1	1	1	0	0	1	0	0	1	0	0	1	0	0	1	1	1	1	1	1	1	0	0	1	4	4	1	0	0	1	0	0	1	1	1	1	0	0	1	4	4	1	3	3	1	4	4	1	7	7	1	7	7	1	1	1	1	0	0	1	0	0	1	0	0	1	0	0	1	0	0	1	2	2	1	0	0	1	0	0	1	0	0	1	0	0	1	1	1	1	0	0	1	0	0	1	0	0	1
11	102	1.0000	1	1	1	0	0	1	0	0	1	0	0	1	0	0	1	1	1	1	1	1	1	0	0	1	4	4	1	0	0	1	0	0	1	1	1	1	0	0	1	4	4	1	3	3	1	4	4	1	7	7	1	7	7	1	1	1	1	0	0	1	0	0	1	0	0	1	0	0	1	0	0	1	2	2	1	0	0	1	0	0	1	0	0	1	0	0	1	1	1	1	0	0	1	0	0	1	0	0	1
12	102	1.0000	1	1	1	0	0	1	0	0	1	0	0	1	0	0	1	1	1	1	1	1	1	0	0	1	4	4	1	0	0	1	0	0	1	1	1	1	0	0	1	4	4	1	3	3	1	4	4	1	7	7	1	7	7	1	1	1	1	0	0	1	0	0	1	0	0	1	0	0	1	0	0	1	2	2	1	0	0	1	0	0	1	0	0	1	0	0	1	1	1	1	0	0	1	0	0	1	0	0	1
13	102	1.0000	1	1	1	0	0	1	0	0	1	0	0	1	0	0	1	1	1	1	1	1	1	0	0	1	4	4	1	0	0	1	0	0	1	1	1	1	0	0	1	4	4	1	3	3	1	4	4	1	7	7	1	7	7	1	1	1	1	0	0	1	0	0	1	0	0	1	0	0	1	0	0	1	2	2	1	0	0	1	0	0	1	0	0	1	0	0	1	1	1	1	0	0	1	0	0	1	0	0	1
14	102	1.0000	1	1	1	0	0	1	0	0	1	0	0	1	0	0	1	1	1	1	1	1	1	0	0	1	4	4	1	0	0	1	0	0	1	1	1	1	0	0	1	4	4	1	3	3	1	4	4	1	7	7	1	7	7	1	1	1	1	0	0	1	0	0	1	0	0	1	0	0	1	0	0	1	2	2	1	0	0	1	0	0	1	0	0	1	0	0	1	1	1	1	0	0	1	0	0	1	0	0	1
15	102	1.0000	1	1	1	0	0	1	0	0	1	0	0	1	0	0	1	1	1	1	1	1	1	0	0	1	4	4	1	0	0	1	0	0	1	1	1	1	0	0	1	4	4	1	3	3	1	4	4	1	7	7	1	7	7	1	1	1	1	0	0	1	0	0	1	0	0	1	0	0	1	0	0	1	2	2	1	0	0	1	0	0	1	0	0	1	0	0	1	1	1	1	0	0	1	0	0	1	0	0	1
16	102	1.0000	1	1	1	0	0	1	0	0	1	0	0	1	0	0	1	1	1	1	1	1	1	0	0	1	4	4	1	0	0	1	0	0	1	1	1	1	0	0	1	4	4	1	3	3	1	4	4	1	7	7	1	7	7	1	1	1	1	0	0	1	0	0	1	0	0	1	0	0	1	0	0	1	2	2	1	0	0	1	0	0	1	0	0	1	0	0	1	1	1	1	0	0	1	0	0	1	0	0	1
17	102	1.0000	1	1	1	0	0	1	0	0	1	0	0	1	0	0	1	1	1	1	1	1	1	0	0	1	4	4	1	0	0	1	0	0	1	1	1	1	0	0	1	4	4	1	3	3	1	4	4	1	7	7	1	7	7	1	1	1	1	0	0	1	0	0	1	0	0	1	0	0	1	0	0	1	2	2	1	0	0	1	0	0	1	0	0	1	0	0	1	1	1	1	0	0	1	0	0	1	0	0	1
18	102	1.0000	1	1	1	0	0	1	0	0	1	0	0	1	0	0	1	1	1	1	1	1	1	0	0	1	4	4	1	0	0	1	0	0	1	1	1	1	0	0	1	4	4	1	3	3	1	4	4	1	7	7	1	7	7	1	1	1	1	0	0	1	0	0	1	0	0	1	0	0	1	0	0	1	2	2	1	0	0	1	0	0	1	0	0	1	0	0	1	1	1	1	0	0	1	0	0	1	0	0	1
19	100	0.9804	1	1	1	0	0	1	0	0	1	0	0	1	0	0	1	0	0	0	0	0	0	0	0	1	4	4	1	0	0	1	0	0	1	1	1	1	0	0	1	4	4	1	3	3	1	4	4	1	7	7	1	7	7	1	1	1	1	0	0	1	0	0	1	0	0	1	0	0	1	0	0	1	2	2	1	0	0	1	0	0	1	0	0	1	0	0	1	1	1	1	0	0	1	0	0	1	0	0	1
20	102	1.0000	1	1	1	0	0	1	0	0	1	0	0	1	0	0	1	1	1	1	1	1	1	0	0	1	4	4	1	0	0	1	0	0	1	1	1	1	0	0	1	4	4	1	3	3	1	4	4	1	7	7	1	7	7	1	1	1	1	0	0	1	0	0	1	0	0	1	0	0	1	0	0	1	2	2	1	0	0	1	0	0	1	0	0	1	0	0	1	1	1	1	0	0	1	0	0	1	0	0	1
21	106	0.9623	1	1	1	0	0	1	0	0	1	0	0	1	0	0	1	1	1	1	1	1	1	2	0	0	4	4	1	0	0	1	0	0	1	3	1	0	0	0	1	4	4	1	3	3	1	4	4	1	7	7	1	7	7	1	1	1	1	0	0	1	0	0	1	0	0	1	0	0	1	0	0	1	2	2	1	0	0	1	0	0	1	0	0	1	0	0	1	1	1	1	0	0	1	0	0	1	0	0	1
22	106	0.9623	1	1	1	0	0	1	0	0	1	0	0	1	0	0	1	1	1	1	1	1	1	1	0	0	4	4	1	0	0	1	0	0	1	2	1	0	0	0	1	4	4	1	3	3	1	4	4	1	7	7	1	7	7	1	1	1	1	0	0	1	0	0	1	0	0	1	0	0	1	0	0	1	2	2	1	0	0	1	0	0	1	0	0	1	0	0	1	1	1	1	0	0	1	0	0	1	0	0	1
23	102	1.0000	1	1	1	0	0	1	0	0	1	0	0	1	0	0	1	1	1	1	1	1	1	0	0	1	4	4	1	0	0	1	0	0	1	1	1	1	0	0	1	4	4	1	3	3	1	4	4	1	7	7	1	7	7	1	1	1	1	0	0	1	0	0	1	0	0	1	0	0	1	0	0	1	2	2	1	0	0	1	0	0	1	0	0	1	0	0	1	1	1	1	0	0	1	0	0	1	0	0	1
24	102	1.0000	1	1	1	0	0	1	0	0	1	0	0	1	0	0	1	1	1	1	1	1	1	0	0	1	4	4	1	0	0	1	0	0	1	1	1	1	0	0	1	4	4	1	3	3	1	4	4	1	7	7	1	7	7	1	1	1	1	0	0	1	0	0	1	0	0	1	0	0	1	0	0	1	2	2	1	0	0	1	0	0	1	0	0	1	0	0	1	1	1	1	0	0	1	0	0	1	0	0	1
25	102	1.0000	1	1	1	0	0	1	0	0	1	0	0	1	0	0	1	1	1	1	1	1	1	0	0	1	4	4	1	0	0	1	0	0	1	1	1	1	0	0	1	4	4	1	3	3	1	4	4	1	7	7	1	7	7	1	1	1	1	0	0	1	0	0	1	0	0	1	0	0	1	0	0	1	2	2	1	0	0	1	0	0	1	0	0	1	0	0	1	1	1	1	0	0	1	0	0	1	0	0	1
26	102	1.0000	1	1	1	0	0	1	0	0	1	0	0	1	0	0	1	1	1	1	1	1	1	0	0	1	4	4	1	0	0	1	0	0	1	1	1	1	0	0	1	4	4	1	3	3	1	4	4	1	7	7	1	7	7	1	1	1	1	0	0	1	0	0	1	0	0	1	0	0	1	0	0	1	2	2	1	0	0	1	0	0	1	0	0	1	0	0	1	1	1	1	0	0	1	0	0	1	0	0	1
27	100	0.9804	1	1	1	0	0	1	0	0	1	0	0	1	0	0	1	0	0	0	0	0	0	0	0	1	4	4	1	0	0	1	0	0	1	1	1	1	0	0	1	4	4	1	3	3	1	4	4	1	7	7	1	7	7	1	1	1	1	0	0	1	0	0	1	0	0	1	0	0	1	0	0	1	2	2	1	0	0	1	0	0	1	0	0	1	0	0	1	1	1	1	0	0	1	0	0	1	0	0	1
28	102	1.0000	1	1	1	0	0	1	0	0	1	0	0	1	0	0	1	1	1	1	1	1	1	0	0	1	4	4	1	0	0	1	0	0	1	1	1	1	0	0	1	4	4	1	3	3	1	4	4	1	7	7	1	7	7	1	1	1	1	0	0	1	0	0	1	0	0	1	0	0	1	0	0	1	2	2	1	0	0	1	0	0	1	0	0	1	0	0	1	1	1	1	0	0	1	0	0	1	0	0	1
29	102	1.0000	1	1	1	0	0	1	0	0	1	0	0	1	0	0	1	1	1	1	1	1	1	0	0	1	4	4	1	0	0	1	0	0	1	1	1	1	0	0	1	4	4	1	3	3	1	4	4	1	7	7	1	7	7	1	1	1	1	0	0	1	0	0	1	0	0	1	0	0	1	0	0	1	2	2	1	0	0	1	0	0	1	0	0	1	0	0	1	1	1	1	0	0	1	0	0	1	0	0	1
30	102	1.0000	1	1	1	0	0	1	0	0	1	0	0	1	0	0	1	1	1	1	1	1	1	0	0	1	4	4	1	0	0	1	0	0	1	1	1	1	0	0	1	4	4	1	3	3	1	4	4	1	7	7	1	7	7	1	1	1	1	0	0	1	0	0	1	0	0	1	0	0	1	0	0	1	2	2	1	0	0	1	0	0	1	0	0	1	0	0	1	1	1	1	0	0	1	0	0	1	0	0	1
31	102	1.0000	1	1	1	0	0	1	0	0	1	0	0	1	0	0	1	1	1	1	1	1	1	0	0	1	4	4	1	0	0	1	0	0	1	1	1	1	0	0	1	4	4	1	3	3	1	4	4	1	7	7	1	7	7	1	1	1	1	0	0	1	0	0	1	0	0	1	0	0	1	0	0	1	2	2	1	0	0	1	0	0	1	0	0	1	0	0	1	1	1	1	0	0	1	0	0	1	0	0	1
32	102	1.0000	1	1	1	0	0	1	0	0	1	0	0	1	0	0	1	1	1	1	1	1	1	0	0	1	4	4	1	0	0	1	0	0	1	1	1	1	0	0	1	4	4	1	3	3	1	4	4	1	7	7	1	7	7	1	1	1	1	0	0	1	0	0	1	0	0	1	0	0	1	0	0	1	2	2	1	0	0	1	0	0	1	0	0	1	0	0	1	1	1	1	0	0	1	0	0	1	0	0	1
33	102	1.0000	1	1	1	0	0	1	0	0	1	0	0	1	0	0	1	1	1	1	1	1	1	0	0	1	4	4	1	0	0	1	0	0	1	1	1	1	0	0	1	4	4	1	3	3	1	4	4	1	7	7	1	7	7	1	1	1	1	0	0	1	0	0	1	0	0	1	0	0	1	0	0	1	2	2	1	0	0	1	0	0	1	0	0	1	0	0	1	1	1	1	0	0	1	0	0	1	0	0	1
34	102	1.0000	1	1	1	0	0	1	0	0	1	0	0	1	0	0	1	1	1	1	1	1	1	0	0	1	4	4	1	0	0	1	0	0	1	1	1	1	0	0	1	4	4	1	3	3	1	4	4	1	7	7	1	7	7	1	1	1	1	0	0	1	0	0	1	0	0	1	0	0	1	0	0	1	2	2	1	0	0	1	0	0	1	0	0	1	0	0	1	1	1	1	0	0	1	0	0	1	0	0	1
35	102	1.0000	1	1	1	0	0	1	0	0	1	0	0	1	0	0	1	1	1	1	1	1	1	0	0	1	4	4	1	0	0	1	0	0	1	1	1	1	0	0	1	4	4	1	3	3	1	4	4	1	7	7	1	7	7	1	1	1	1	0	0	1	0	0	1	0	0	1	0	0	1	0	0	1	2	2	1	0	0	1	0	0	1	0	0	1	0	0	1	1	1	1	0	0	1	0	0	1	0	0	1
36	102	1.0000	1	1	1	0	0	1	0	0	1	0	0	1	0	0	1	1	1	1	1	1	1	0	0	1	4	4	1	0	0	1	0	0	1	1	1	1	0	0	1	4	4	1	3	3	1	4	4	1	7	7	1	7	7	1	1	1	1	0	0	1	0	0	1	0	0	1	0	0	1	0	0	1	2	2	1	0	0	1	0	0	1	0	0	1	0	0	1	1	1	1	0	0	1	0	0	1	0	0	1
37	102	1.0000	1	1	1	0	0	1	0	0	1	0	0	1	0	0	1	1	1	1	1	1	1	0	0	1	4	4	1	0	0	1	0	0	1	1	1	1	0	0	1	4	4	1	3	3	1	4	4	1	7	7	1	7	7	1	1	1	1	0	0	1	0	0	1	0	0	1	0	0	1	0	0	1	2	2	1	0	0	1	0	0	1	0	0	1	0	0	1	1	1	1	0	0	1	0	0	1	0	0	1
38	102	1.0000	1	1	1	0	0	1	0	0	1	0	0	1	0	0	1	1	1	1	1	1	1	0	0	1	4	4	1	0	0	1	0	0	1	1	1	1	0	0	1	4	4	1	3	3	1	4	4	1	7	7	1	7	7	1	1	1	1	0	0	1	0	0	1	0	0	1	0	0	1	0	0	1	2	2	1	0	0	1	0	0	1	0	0	1	0	0	1	1	1	1	0	0	1	0	0	1	0	0	1
39	102	1.0000	1	1	1	0	0	1	0	0	1	0	0	1	0	0	1	1	1	1	1	1	1	0	0	1	4	4	1	0	0	1	0	0	1	1	1	1	0	0	1	4	4	1	3	3	1	4	4	1	7	7	1	7	7	1	1	1	1	0	0	1	0	0	1	0	0	1	0	0	1	0	0	1	2	2	1	0	0	1	0	0	1	0	0	1	0	0	1	1	1	1	0	0	1	0	0	1	0	0	1
40	102	1.0000	1	1	1	0	0	1	0	0	1	0	0	1	0	0	1	1	1	1	1	1	1	0	0	1	4	4	1	0	0	1	0	0	1	1	1	1	0	0	1	4	4	1	3	3	1	4	4	1	7	7	1	7	7	1	1	1	1	0	0	1	0	0	1	0	0	1	0	0	1	0	0	1	2	2	1	0	0	1	0	0	1	0	0	1	0	0	1	1	1	1	0	0	1	0	0	1	0	0	1
41	102	1.0000	1	1	1	0	0	1	0	0	1	0	0	1	0	0	1	1	1	1	1	1	1	0	0	1	4	4	1	0	0	1	0	0	1	1	1	1	0	0	1	4	4	1	3	3	1	4	4	1	7	7	1	7	7	1	1	1	1	0	0	1	0	0	1	0	0	1	0	0	1	0	0	1	2	2	1	0	0	1	0	0	1	0	0	1	0	0	1	1	1	1	0	0	1	0	0	1	0	0	1
42	102	1.0000	1	1	1	0	0	1	0	0	1	0	0	1	0	0	1	1	1	1	1	1	1	0	0	1	4	4	1	0	0	1	0	0	1	1	1	1	0	0	1	4	4	1	3	3	1	4	4	1	7	7	1	7	7	1	1	1	1	0	0	1	0	0	1	0	0	1	0	0	1	0	0	1	2	2	1	0	0	1	0	0	1	0	0	1	0	0	1	1	1	1	0	0	1	0	0	1	0	0	1
43	102	1.0000	1	1	1	0	0	1	0	0	1	0	0	1	0	0	1	1	1	1	1	1	1	0	0	1	4	4	1	0	0	1	0	0	1	1	1	1	0	0	1	4	4	1	3	3	1	4	4	1	7	7	1	7	7	1	1	1	1	0	0	1	0	0	1	0	0	1	0	0	1	0	0	1	2	2	1	0	0	1	0	0	1	0	0	1	0	0	1	1	1	1	0	0	1	0	0	1	0	0	1
44	102	1.0000	1	1	1	0	0	1	0	0	1	0	0	1	0	0	1	1	1	1	1	1	1	0	0	1	4	4	1	0	0	1	0	0	1	1	1	1	0	0	1	4	4	1	3	3	1	4	4	1	7	7	1	7	7	1	1	1	1	0	0	1	0	0	1	0	0	1	0	0	1	0	0	1	2	2	1	0	0	1	0	0	1	0	0	1	0	0	1	1	1	1	0	0	1	0	0	1	0	0	1
45	102	1.0000	1	1	1	0	0	1	0	0	1	0	0	1	0	0	1	1	1	1	1	1	1	0	0	1	4	4	1	0	0	1	0	0	1	1	1	1	0	0	1	4	4	1	3	3	1	4	4	1	7	7	1	7	7	1	1	1	1	0	0	1	0	0	1	0	0	1	0	0	1	0	0	1	2	2	1	0	0	1	0	0	1	0	0	1	0	0	1	1	1	1	0	0	1	0	0	1	0	0	1
46	102	1.0000	1	1	1	0	0	1	0	0	1	0	0	1	0	0	1	1	1	1	1	1	1	0	0	1	4	4	1	0	0	1	0	0	1	1	1	1	0	0	1	4	4	1	3	3	1	4	4	1	7	7	1	7	7	1	1	1	1	0	0	1	0	0	1	0	0	1	0	0	1	0	0	1	2	2	1	0	0	1	0	0	1	0	0	1	0	0	1	1	1	1	0	0	1	0	0	1	0	0	1
47	102	1.0000	1	1	1	0	0	1	0	0	1	0	0	1	0	0	1	1	1	1	1	1	1	0	0	1	4	4	1	0	0	1	0	0	1	1	1	1	0	0	1	4	4	1	3	3	1	4	4	1	7	7	1	7	7	1	1	1	1	0	0	1	0	0	1	0	0	1	0	0	1	0	0	1	2	2	1	0	0	1	0	0	1	0	0	1	0	0	1	1	1	1	0	0	1	0	0	1	0	0	1
48	102	1.0000	1	1	1	0	0	1	0	0	1	0	0	1	0	0	1	1	1	1	1	1	1	0	0	1	4	4	1	0	0	1	0	0	1	1	1	1	0	0	1	4	4	1	3	3	1	4	4	1	7	7	1	7	7	1	1	1	1	0	0	1	0	0	1	0	0	1	0	0	1	0	0	1	2	2	1	0	0	1	0	0	1	0	0	1	0	0	1	1	1	1	0	0	1	0	0	1	0	0	1
49	102	1.0000	1	1	1	0	0	1	0	0	1	0	0	1	0	0	1	1	1	1	1	1	1	0	0	1	4	4	1	0	0	1	0	0	1	1	1	1	0	0	1	4	4	1	3	3	1	4	4	1	7	7	1	7	7	1	1	1	1	0	0	1	0	0	1	0	0	1	0	0	1	0	0	1	2	2	1	0	0	1	0	0	1	0	0	1	0	0	1	1	1	1	0	0	1	0	0	1	0	0	1
50	102	1.0000	1	1	1	0	0	1	0	0	1	0	0	1	0	0	1	1	1	1	1	1	1	0	0	1	4	4	1	0	0	1	0	0	1	1	1	1	0	0	1	4	4	1	3	3	1	4	4	1	7	7	1	7	7	1	1	1	1	0	0	1	0	0	1	0	0	1	0	0	1	0	0	1	2	2	1	0	0	1	0	0	1	0	0	1	0	0	1	1	1	1	0	0	1	0	0	1	0	0	1
51	102	1.0000	1	1	1	0	0	1	0	0	1	0	0	1	0	0	1	1	1	1	1	1	1	0	0	1	4	4	1	0	0	1	0	0	1	1	1	1	0	0	1	4	4	1	3	3	1	4	4	1	7	7	1	7	7	1	1	1	1	0	0	1	0	0	1	0	0	1	0	0	1	0	0	1	2	2	1	0	0	1	0	0	1	0	0	1	0	0	1	1	1	1	0	0	1	0	0	1	0	0	1
52	102	1.0000	1	1	1	0	0	1	0	0	1	0	0	1	0	0	1	1	1	1	1	1	1	0	0	1	4	4	1	0	0	1	0	0	1	1	1	1	0	0	1	4	4	1	3	3	1	4	4	1	7	7	1	7	7	1	1	1	1	0	0	1	0	0	1	0	0	1	0	0	1	0	0	1	2	2	1	0	0	1	0	0	1	0	0	1	0	0	1	1	1	1	0	0	1	0	0	1	0	0	1
53	102	1.0000	1	1	1	0	0	1	0	0	1	0	0	1	0	0	1	1	1	1	1	1	1	0	0	1	4	4	1	0	0	1	0	0	1	1	1	1	0	0	1	4	4	1	3	3	1	4	4	1	7	7	1	7	7	1	1	1	1	0	0	1	0	0	1	0	0	1	0	0	1	0	0	1	2	2	1	0	0	1	0	0	1	0	0	1	0	0	1	1	1	1	0	0	1	0	0	1	0	0	1
54	102	1.0000	1	1	1	0	0	1	0	0	1	0	0	1	0	0	1	1	1	1	1	1	1	0	0	1	4	4	1	0	0	1	0	0	1	1	1	1	0	0	1	4	4	1	3	3	1	4	4	1	7	7	1	7	7	1	1	1	1	0	0	1	0	0	1	0	0	1	0	0	1	0	0	1	2	2	1	0	0	1	0	0	1	0	0	1	0	0	1	1	1	1	0	0	1	0	0	1	0	0	1
55	102	1.0000	1	1	1	0	0	1	0	0	1	0	0	1	0	0	1	1	1	1	1	1	1	0	0	1	4	4	1	0	0	1	0	0	1	1	1	1	0	0	1	4	4	1	3	3	1	4	4	1	7	7	1	7	7	1	1	1	1	0	0	1	0	0	1	0	0	1	0	0	1	0	0	1	2	2	1	0	0	1	0	0	1	0	0	1	0	0	1	1	1	1	0	0	1	0	0	1	0	0	1
56	102	1.0000	1	1	1	0	0	1	0	0	1	0	0	1	0	0	1	1	1	1	1	1	1	0	0	1	4	4	1	0	0	1	0	0	1	1	1	1	0	0	1	4	4	1	3	3	1	4	4	1	7	7	1	7	7	1	1	1	1	0	0	1	0	0	1	0	0	1	0	0	1	0	0	1	2	2	1	0	0	1	0	0	1	0	0	1	0	0	1	1	1	1	0	0	1	0	0	1	0	0	1
57	102	1.0000	1	1	1	0	0	1	0	0	1	0	0	1	0	0	1	1	1	1	1	1	1	0	0	1	4	4	1	0	0	1	0	0	1	1	1	1	0	0	1	4	4	1	3	3	1	4	4	1	7	7	1	7	7	1	1	1	1	0	0	1	0	0	1	0	0	1	0	0	1	0	0	1	2	2	1	0	0	1	0	0	1	0	0	1	0	0	1	1	1	1	0	0	1	0	0	1	0	0	1
58	102	1.0000	1	1	1	0	0	1	0	0	1	0	0	1	0	0	1	1	1	1	1	1	1	0	0	1	4	4	1	0	0	1	0	0	1	1	1	1	0	0	1	4	4	1	3	3	1	4	4	1	7	7	1	7	7	1	1	1	1	0	0	1	0	0	1	0	0	1	0	0	1	0	0	1	2	2	1	0	0	1	0	0	1	0	0	1	0	0	1	1	1	1	0	0	1	0	0	1	0	0	1
59	102	1.0000	1	1	1	0	0	1	0	0	1	0	0	1	0	0	1	1	1	1	1	1	1	0	0	1	4	4	1	0	0	1	0	0	1	1	1	1	0	0	1	4	4	1	3	3	1	4	4	1	7	7	1	7	7	1	1	1	1	0	0	1	0	0	1	0	0	1	0	0	1	0	0	1	2	2	1	0	0	1	0	0	1	0	0	1	0	0	1	1	1	1	0	0	1	0	0	1	0	0	1
60	102	1.0000	1	1	1	0	0	1	0	0	1	0	0	1	0	0	1	1	1	1	1	1	1	0	0	1	4	4	1	0	0	1	0	0	1	1	1	1	0	0	1	4	4	1	3	3	1	4	4	1	7	7	1	7	7	1	1	1	1	0	0	1	0	0	1	0	0	1	0	0	1	0	0	1	2	2	1	0	0	1	0	0	1	0	0	1	0	0	1	1	1	1	0	0	1	0	0	1	0	0	1
61	102	1.0000	1	1	1	0	0	1	0	0	1	0	0	1	0	0	1	1	1	1	1	1	1	0	0	1	4	4	1	0	0	1	0	0	1	1	1	1	0	0	1	4	4	1	3	3	1	4	4	1	7	7	1	7	7	1	1	1	1	0	0	1	0	0	1	0	0	1	0	0	1	0	0	1	2	2	1	0	0	1	0	0	1	0	0	1	0	0	1	1	1	1	0	0	1	0	0	1	0	0	1
62	102	1.0000	1	1	1	0	0	1	0	0	1	0	0	1	0	0	1	1	1	1	1	1	1	0	0	1	4	4	1	0	0	1	0	0	1	1	1	1	0	0	1	4	4	1	3	3	1	4	4	1	7	7	1	7	7	1	1	1	1	0	0	1	0	0	1	0	0	1	0	0	1	0	0	1	2	2	1	0	0	1	0	0	1	0	0	1	0	0	1	1	1	1	0	0	1	0	0	1	0	0	1
63	102	1.0000	1	1	1	0	0	1	0	0	1	0	0	1	0	0	1	1	1	1	1	1	1	0	0	1	4	4	1	0	0	1	0	0	1	1	1	1	0	0	1	4	4	1	3	3	1	4	4	1	7	7	1	7	7	1	1	1	1	0	0	1	0	0	1	0	0	1	0	0	1	0	0	1	2	2	1	0	0	1	0	0	1	0	0	1	0	0	1	1	1	1	0	0	1	0	0	1	0	0	1
64	102	1.0000	1	1	1	0	0	1	0	0	1	0	0	1	0	0	1	1	1	1	1	1	1	0	0	1	4	4	1	0	0	1	0	0	1	1	1	1	0	0	1	4	4	1	3	3	1	4	4	1	7	7	1	7	7	1	1	1	1	0	0	1	0	0	1	0	0	1	0	0	1	0	0	1	2	2	1	0	0	1	0	0	1	0	0	1	0	0	1	1	1	1	0	0	1	0	0	1	0	0	1
65	102	1.0000	1	1	1	0	0	1	0	0	1	0	0	1	0	0	1	1	1	1	1	1	1	0	0	1	4	4	1	0	0	1	0	0	1	1	1	1	0	0	1	4	4	1	3	3	1	4	4	1	7	7	1	7	7	1	1	1	1	0	0	1	0	0	1	0	0	1	0	0	1	0	0	1	2	2	1	0	0	1	0	0	1	0	0	1	0	0	1	1	1	1	0	0	1	0	0	1	0	0	1
66	102	1.0000	1	1	1	0	0	1	0	0	1	0	0	1	0	0	1	1	1	1	1	1	1	0	0	1	4	4	1	0	0	1	0	0	1	1	1	1	0	0	1	4	4	1	3	3	1	4	4	1	7	7	1	7	7	1	1	1	1	0	0	1	0	0	1	0	0	1	0	0	1	0	0	1	2	2	1	0	0	1	0	0	1	0	0	1	0	0	1	1	1	1	0	0	1	0	0	1	0	0	1
67	102	1.0000	1	1	1	0	0	1	0	0	1	0	0	1	0	0	1	1	1	1	1	1	1	0	0	1	4	4	1	0	0	1	0	0	1	1	1	1	0	0	1	4	4	1	3	3	1	4	4	1	7	7	1	7	7	1	1	1	1	0	0	1	0	0	1	0	0	1	0	0	1	0	0	1	2	2	1	0	0	1	0	0	1	0	0	1	0	0	1	1	1	1	0	0	1	0	0	1	0	0	1
68	102	1.0000	1	1	1	0	0	1	0	0	1	0	0	1	0	0	1	1	1	1	1	1	1	0	0	1	4	4	1	0	0	1	0	0	1	1	1	1	0	0	1	4	4	1	3	3	1	4	4	1	7	7	1	7	7	1	1	1	1	0	0	1	0	0	1	0	0	1	0	0	1	0	0	1	2	2	1	0	0	1	0	0	1	0	0	1	0	0	1	1	1	1	0	0	1	0	0	1	0	0	1
69	102	1.0000	1	1	1	0	0	1	0	0	1	0	0	1	0	0	1	1	1	1	1	1	1	0	0	1	4	4	1	0	0	1	0	0	1	1	1	1	0	0	1	4	4	1	3	3	1	4	4	1	7	7	1	7	7	1	1	1	1	0	0	1	0	0	1	0	0	1	0	0	1	0	0	1	2	2	1	0	0	1	0	0	1	0	0	1	0	0	1	1	1	1	0	0	1	0	0	1	0	0	1
70	102	1.0000	1	1	1	0	0	1	0	0	1	0	0	1	0	0	1	1	1	1	1	1	1	0	0	1	4	4	1	0	0	1	0	0	1	1	1	1	0	0	1	4	4	1	3	3	1	4	4	1	7	7	1	7	7	1	1	1	1	0	0	1	0	0	1	0	0	1	0	0	1	0	0	1	2	2	1	0	0	1	0	0	1	0	0	1	0	0	1	1	1	1	0	0	1	0	0	1	0	0	1
71	102	1.0000	1	1	1	0	0	1	0	0	1	0	0	1	0	0	1	1	1	1	1	1	1	0	0	1	4	4	1	0	0	1	0	0	1	1	1	1	0	0	1	4	4	1	3	3	1	4	4	1	7	7	1	7	7	1	1	1	1	0	0	1	0	0	1	0	0	1	0	0	1	0	0	1	2	2	1	0	0	1	0	0	1	0	0	1	0	0	1	1	1	1	0	0	1	0	0	1	0	0	1
72	102	1.0000	1	1	1	0	0	1	0	0	1	0	0	1	0	0	1	1	1	1	1	1	1	0	0	1	4	4	1	0	0	1	0	0	1	1	1	1	0	0	1	4	4	1	3	3	1	4	4	1	7	7	1	7	7	1	1	1	1	0	0	1	0	0	1	0	0	1	0	0	1	0	0	1	2	2	1	0	0	1	0	0	1	0	0	1	0	0	1	1	1	1	0	0	1	0	0	1	0	0	1
73	102	1.0000	1	1	1	0	0	1	0	0	1	0	0	1	0	0	1	1	1	1	1	1	1	0	0	1	4	4	1	0	0	1	0	0	1	1	1	1	0	0	1	4	4	1	3	3	1	4	4	1	7	7	1	7	7	1	1	1	1	0	0	1	0	0	1	0	0	1	0	0	1	0	0	1	2	2	1	0	0	1	0	0	1	0	0	1	0	0	1	1	1	1	0	0	1	0	0	1	0	0	1
74	102	1.0000	1	1	1	0	0	1	0	0	1	0	0	1	0	0	1	1	1	1	1	1	1	0	0	1	4	4	1	0	0	1	0	0	1	1	1	1	0	0	1	4	4	1	3	3	1	4	4	1	7	7	1	7	7	1	1	1	1	0	0	1	0	0	1	0	0	1	0	0	1	0	0	1	2	2	1	0	0	1	0	0	1	0	0	1	0	0	1	1	1	1	0	0	1	0	0	1	0	0	1
75	102	1.0000	1	1	1	0	0	1	0	0	1	0	0	1	0	0	1	1	1	1	1	1	1	0	0	1	4	4	1	0	0	1	0	0	1	1	1	1	0	0	1	4	4	1	3	3	1	4	4	1	7	7	1	7	7	1	1	1	1	0	0	1	0	0	1	0	0	1	0	0	1	0	0	1	2	2	1	0	0	1	0	0	1	0	0	1	0	0	1	1	1	1	0	0	1	0	0	1	0	0	1
76	102	1.0000	1	1	1	0	0	1	0	0	1	0	0	1	0	0	1	1	1	1	1	1	1	0	0	1	4	4	1	0	0	1	0	0	1	1	1	1	0	0	1	4	4	1	3	3	1	4	4	1	7	7	1	7	7	1	1	1	1	0	0	1	0	0	1	0	0	1	0	0	1	0	0	1	2	2	1	0	0	1	0	0	1	0	0	1	0	0	1	1	1	1	0	0	1	0	0	1	0	0	1
77	102	1.0000	1	1	1	0	0	1	0	0	1	0	0	1	0	0	1	1	1	1	1	1	1	0	0	1	4	4	1	0	0	1	0	0	1	1	1	1	0	0	1	4	4	1	3	3	1	4	4	1	7	7	1	7	7	1	1	1	1	0	0	1	0	0	1	0	0	1	0	0	1	0	0	1	2	2	1	0	0	1	0	0	1	0	0	1	0	0	1	1	1	1	0	0	1	0	0	1	0	0	1
78	102	1.0000	1	1	1	0	0	1	0	0	1	0	0	1	0	0	1	1	1	1	1	1	1	0	0	1	4	4	1	0	0	1	0	0	1	1	1	1	0	0	1	4	4	1	3	3	1	4	4	1	7	7	1	7	7	1	1	1	1	0	0	1	0	0	1	0	0	1	0	0	1	0	0	1	2	2	1	0	0	1	0	0	1	0	0	1	0	0	1	1	1	1	0	0	1	0	0	1	0	0	1
79	102	1.0000	1	1	1	0	0	1	0	0	1	0	0	1	0	0	1	1	1	1	1	1	1	0	0	1	4	4	1	0	0	1	0	0	1	1	1	1	0	0	1	4	4	1	3	3	1	4	4	1	7	7	1	7	7	1	1	1	1	0	0	1	0	0	1	0	0	1	0	0	1	0	0	1	2	2	1	0	0	1	0	0	1	0	0	1	0	0	1	1	1	1	0	0	1	0	0	1	0	0	1
80	102	1.0000	1	1	1	0	0	1	0	0	1	0	0	1	0	0	1	1	1	1	1	1	1	0	0	1	4	4	1	0	0	1	0	0	1	1	1	1	0	0	1	4	4	1	3	3	1	4	4	1	7	7	1	7	7	1	1	1	1	0	0	1	0	0	1	0	0	1	0	0	1	0	0	1	2	2	1	0	0	1	0	0	1	0	0	1	0	0	1	1	1	1	0	0	1	0	0	1	0	0	1
81	102	1.0000	1	1	1	0	0	1	0	0	1	0	0	1	0	0	1	1	1	1	1	1	1	0	0	1	4	4	1	0	0	1	0	0	1	1	1	1	0	0	1	4	4	1	3	3	1	4	4	1	7	7	1	7	7	1	1	1	1	0	0	1	0	0	1	0	0	1	0	0	1	0	0	1	2	2	1	0	0	1	0	0	1	0	0	1	0	0	1	1	1	1	0	0	1	0	0	1	0	0	1
82	102	1.0000	1	1	1	0	0	1	0	0	1	0	0	1	0	0	1	1	1	1	1	1	1	0	0	1	4	4	1	0	0	1	0	0	1	1	1	1	0	0	1	4	4	1	3	3	1	4	4	1	7	7	1	7	7	1	1	1	1	0	0	1	0	0	1	0	0	1	0	0	1	0	0	1	2	2	1	0	0	1	0	0	1	0	0	1	0	0	1	1	1	1	0	0	1	0	0	1	0	0	1
83	102	1.0000	1	1	1	0	0	1	0	0	1	0	0	1	0	0	1	1	1	1	1	1	1	0	0	1	4	4	1	0	0	1	0	0	1	1	1	1	0	0	1	4	4	1	3	3	1	4	4	1	7	7	1	7	7	1	1	1	1	0	0	1	0	0	1	0	0	1	0	0	1	0	0	1	2	2	1	0	0	1	0	0	1	0	0	1	0	0	1	1	1	1	0	0	1	0	0	1	0	0	1
84	102	1.0000	1	1	1	0	0	1	0	0	1	0	0	1	0	0	1	1	1	1	1	1	1	0	0	1	4	4	1	0	0	1	0	0	1	1	1	1	0	0	1	4	4	1	3	3	1	4	4	1	7	7	1	7	7	1	1	1	1	0	0	1	0	0	1	0	0	1	0	0	1	0	0	1	2	2	1	0	0	1	0	0	1	0	0	1	0	0	1	1	1	1	0	0	1	0	0	1	0	0	1
85	102	1.0000	1	1	1	0	0	1	0	0	1	0	0	1	0	0	1	1	1	1	1	1	1	0	0	1	4	4	1	0	0	1	0	0	1	1	1	1	0	0	1	4	4	1	3	3	1	4	4	1	7	7	1	7	7	1	1	1	1	0	0	1	0	0	1	0	0	1	0	0	1	0	0	1	2	2	1	0	0	1	0	0	1	0	0	1	0	0	1	1	1	1	0	0	1	0	0	1	0	0	1
86	102	1.0000	1	1	1	0	0	1	0	0	1	0	0	1	0	0	1	1	1	1	1	1	1	0	0	1	4	4	1	0	0	1	0	0	1	1	1	1	0	0	1	4	4	1	3	3	1	4	4	1	7	7	1	7	7	1	1	1	1	0	0	1	0	0	1	0	0	1	0	0	1	0	0	1	2	2	1	0	0	1	0	0	1	0	0	1	0	0	1	1	1	1	0	0	1	0	0	1	0	0	1
87	102	1.0000	1	1	1	0	0	1	0	0	1	0	0	1	0	0	1	1	1	1	1	1	1	0	0	1	4	4	1	0	0	1	0	0	1	1	1	1	0	0	1	4	4	1	3	3	1	4	4	1	7	7	1	7	7	1	1	1	1	0	0	1	0	0	1	0	0	1	0	0	1	0	0	1	2	2	1	0	0	1	0	0	1	0	0	1	0	0	1	1	1	1	0	0	1	0	0	1	0	0	1
88	102	1.0000	1	1	1	0	0	1	0	0	1	0	0	1	0	0	1	1	1	1	1	1	1	0	0	1	4	4	1	0	0	1	0	0	1	1	1	1	0	0	1	4	4	1	3	3	1	4	4	1	7	7	1	7	7	1	1	1	1	0	0	1	0	0	1	0	0	1	0	0	1	0	0	1	2	2	1	0	0	1	0	0	1	0	0	1	0	0	1	1	1	1	0	0	1	0	0	1	0	0	1
89	102	1.0000	1	1	1	0	0	1	0	0	1	0	0	1	0	0	1	1	1	1	1	1	1	0	0	1	4	4	1	0	0	1	0	0	1	1	1	1	0	0	1	4	4	1	3	3	1	4	4	1	7	7	1	7	7	1	1	1	1	0	0	1	0	0	1	0	0	1	0	0	1	0	0	1	2	2	1	0	0	1	0	0	1	0	0	1	0	0	1	1	1	1	0	0	1	0	0	1	0	0	1
90	102	1.0000	1	1	1	0	0	1	0	0	1	0	0	1	0	0	1	1	1	1	1	1	1	0	0	1	4	4	1	0	0	1	0	0	1	1	1	1	0	0	1	4	4	1	3	3	1	4	4	1	7	7	1	7	7	1	1	1	1	0	0	1	0	0	1	0	0	1	0	0	1	0	0	1	2	2	1	0	0	1	0	0	1	0	0	1	0	0	1	1	1	1	0	0	1	0	0	1	0	0	1
91	102	1.0000	1	1	1	0	0	1	0	0	1	0	0	1	0	0	1	1	1	1	1	1	1	0	0	1	4	4	1	0	0	1	0	0	1	1	1	1	0	0	1	4	4	1	3	3	1	4	4	1	7	7	1	7	7	1	1	1	1	0	0	1	0	0	1	0	0	1	0	0	1	0	0	1	2	2	1	0	0	1	0	0	1	0	0	1	0	0	1	1	1	1	0	0	1	0	0	1	0	0	1
92	102	1.0000	1	1	1	0	0	1	0	0	1	0	0	1	0	0	1	1	1	1	1	1	1	0	0	1	4	4	1	0	0	1	0	0	1	1	1	1	0	0	1	4	4	1	3	3	1	4	4	1	7	7	1	7	7	1	1	1	1	0	0	1	0	0	1	0	0	1	0	0	1	0	0	1	2	2	1	0	0	1	0	0	1	0	0	1	0	0	1	1	1	1	0	0	1	0	0	1	0	0	1
93	102	1.0000	1	1	1	0	0	1	0	0	1	0	0	1	0	0	1	1	1	1	1	1	1	0	0	1	4	4	1	0	0	1	0	0	1	1	1	1	0	0	1	4	4	1	3	3	1	4	4	1	7	7	1	7	7	1	1	1	1	0	0	1	0	0	1	0	0	1	0	0	1	0	0	1	2	2	1	0	0	1	0	0	1	0	0	1	0	0	1	1	1	1	0	0	1	0	0	1	0	0	1
94	102	1.0000	1	1	1	0	0	1	0	0	1	0	0	1	0	0	1	1	1	1	1	1	1	0	0	1	4	4	1	0	0	1	0	0	1	1	1	1	0	0	1	4	4	1	3	3	1	4	4	1	7	7	1	7	7	1	1	1	1	0	0	1	0	0	1	0	0	1	0	0	1	0	0	1	2	2	1	0	0	1	0	0	1	0	0	1	0	0	1	1	1	1	0	0	1	0	0	1	0	0	1
95	102	1.0000	1	1	1	0	0	1	0	0	1	0	0	1	0	0	1	1	1	1	1	1	1	0	0	1	4	4	1	0	0	1	0	0	1	1	1	1	0	0	1	4	4	1	3	3	1	4	4	1	7	7	1	7	7	1	1	1	1	0	0	1	0	0	1	0	0	1	0	0	1	0	0	1	2	2	1	0	0	1	0	0	1	0	0	1	0	0	1	1	1	1	0	0	1	0	0	1	0	0	1
96	102	1.0000	1	1	1	0	0	1	0	0	1	0	0	1	0	0	1	1	1	1	1	1	1	0	0	1	4	4	1	0	0	1	0	0	1	1	1	1	0	0	1	4	4	1	3	3	1	4	4	1	7	7	1	7	7	1	1	1	1	0	0	1	0	0	1	0	0	1	0	0	1	0	0	1	2	2	1	0	0	1	0	0	1	0	0	1	0	0	1	1	1	1	0	0	1	0	0	1	0	0	1
97	102	1.0000	1	1	1	0	0	1	0	0	1	0	0	1	0	0	1	1	1	1	1	1	1	0	0	1	4	4	1	0	0	1	0	0	1	1	1	1	0	0	1	4	4	1	3	3	1	4	4	1	7	7	1	7	7	1	1	1	1	0	0	1	0	0	1	0	0	1	0	0	1	0	0	1	2	2	1	0	0	1	0	0	1	0	0	1	0	0	1	1	1	1	0	0	1	0	0	1	0	0	1
98	102	1.0000	1	1	1	0	0	1	0	0	1	0	0	1	0	0	1	1	1	1	1	1	1	0	0	1	4	4	1	0	0	1	0	0	1	1	1	1	0	0	1	4	4	1	3	3	1	4	4	1	7	7	1	7	7	1	1	1	1	0	0	1	0	0	1	0	0	1	0	0	1	0	0	1	2	2	1	0	0	1	0	0	1	0	0	1	0	0	1	1	1	1	0	0	1	0	0	1	0	0	1
99	102	1.0000	1	1	1	0	0	1	0	0	1	0	0	1	0	0	1	1	1	1	1	1	1	0	0	1	4	4	1	0	0	1	0	0	1	1	1	1	0	0	1	4	4	1	3	3	1	4	4	1	7	7	1	7	7	1	1	1	1	0	0	1	0	0	1	0	0	1	0	0	1	0	0	1	2	2	1	0	0	1	0	0	1	0	0	1	0	0	1	1	1	1	0	0	1	0	0	1	0	0	1
100	102	1.0000	1	1	1	0	0	1	0	0	1	0	0	1	0	0	1	1	1	1	1	1	1	0	0	1	4	4	1	0	0	1	0	0	1	1	1	1	0	0	1	4	4	1	3	3	1	4	4	1	7	7	1	7	7	1	1	1	1	0	0	1	0	0	1	0	0	1	0	0	1	0	0	1	2	2	1	0	0	1	0	0	1	0	0	1	0	0	1	1	1	1	0	0	1	0	0	1	0	0	1
101	102	1.0000	1	1	1	0	0	1	0	0	1	0	0	1	0	0	1	1	1	1	1	1	1	0	0	1	4	4	1	0	0	1	0	0	1	1	1	1	0	0	1	4	4	1	3	3	1	4	4	1	7	7	1	7	7	1	1	1	1	0	0	1	0	0	1	0	0	1	0	0	1	0	0	1	2	2	1	0	0	1	0	0	1	0	0	1	0	0	1	1	1	1	0	0	1	0	0	1	0	0	1
102	102	1.0000	1	1	1	0	0	1	0	0	1	0	0	1	0	0	1	1	1	1	1	1	1	0	0	1	4	4	1	0	0	1	0	0	1	1	1	1	0	0	1	4	4	1	3	3	1	4	4	1	7	7	1	7	7	1	1	1	1	0	0	1	0	0	1	0	0	1	0	0	1	0	0	1	2	2	1	0	0	1	0	0	1	0	0	1	0	0	1	1	1	1	0	0	1	0	0	1	0	0	1
103	102	1.0000	1	1	1	0	0	1	0	0	1	0	0	1	0	0	1	1	1	1	1	1	1	0	0	1	4	4	1	0	0	1	0	0	1	1	1	1	0	0	1	4	4	1	3	3	1	4	4	1	7	7	1	7	7	1	1	1	1	0	0	1	0	0	1	0	0	1	0	0	1	0	0	1	2	2	1	0	0	1	0	0	1	0	0	1	0	0	1	1	1	1	0	0	1	0	0	1	0	0	1
104	102	1.0000	1	1	1	0	0	1	0	0	1	0	0	1	0	0	1	1	1	1	1	1	1	0	0	1	4	4	1	0	0	1	0	0	1	1	1	1	0	0	1	4	4	1	3	3	1	4	4	1	7	7	1	7	7	1	1	1	1	0	0	1	0	0	1	0	0	1	0	0	1	0	0	1	2	2	1	0	0	1	0	0	1	0	0	1	0	0	1	1	1	1	0	0	1	0	0	1	0	0	1
105	102	1.0000	1	1	1	0	0	1	0	0	1	0	0	1	0	0	1	1	1	1	1	1	1	0	0	1	4	4	1	0	0	1	0	0	1	1	1	1	0	0	1	4	4	1	3	3	1	4	4	1	7	7	1	7	7	1	1	1	1	0	0	1	0	0	1	0	0	1	0	0	1	0	0	1	2	2	1	0	0	1	0	0	1	0	0	1	0	0	1	1	1	1	0	0	1	0	0	1	0	0	1
106	102	1.0000	1	1	1	0	0	1	0	0	1	0	0	1	0	0	1	1	1	1	1	1	1	0	0	1	4	4	1	0	0	1	0	0	1	1	1	1	0	0	1	4	4	1	3	3	1	4	4	1	7	7	1	7	7	1	1	1	1	0	0	1	0	0	1	0	0	1	0	0	1	0	0	1	2	2	1	0	0	1	0	0	1	0	0	1	0	0	1	1	1	1	0	0	1	0	0	1	0	0	1
107	102	1.0000	1	1	1	0	0	1	0	0	1	0	0	1	0	0	1	1	1	1	1	1	1	0	0	1	4	4	1	0	0	1	0	0	1	1	1	1	0	0	1	4	4	1	3	3	1	4	4	1	7	7	1	7	7	1	1	1	1	0	0	1	0	0	1	0	0	1	0	0	1	0	0	1	2	2	1	0	0	1	0	0	1	0	0	1	0	0	1	1	1	1	0	0	1	0	0	1	0	0	1
108	102	1.0000	1	1	1	0	0	1	0	0	1	0	0	1	0	0	1	1	1	1	1	1	1	0	0	1	4	4	1	0	0	1	0	0	1	1	1	1	0	0	1	4	4	1	3	3	1	4	4	1	7	7	1	7	7	1	1	1	1	0	0	1	0	0	1	0	0	1	0	0	1	0	0	1	2	2	1	0	0	1	0	0	1	0	0	1	0	0	1	1	1	1	0	0	1	0	0	1	0	0	1
109	102	1.0000	1	1	1	0	0	1	0	0	1	0	0	1	0	0	1	1	1	1	1	1	1	0	0	1	4	4	1	0	0	1	0	0	1	1	1	1	0	0	1	4	4	1	3	3	1	4	4	1	7	7	1	7	7	1	1	1	1	0	0	1	0	0	1	0	0	1	0	0	1	0	0	1	2	2	1	0	0	1	0	0	1	0	0	1	0	0	1	1	1	1	0	0	1	0	0	1	0	0	1
110	102	1.0000	1	1	1	0	0	1	0	0	1	0	0	1	0	0	1	1	1	1	1	1	1	0	0	1	4	4	1	0	0	1	0	0	1	1	1	1	0	0	1	4	4	1	3	3	1	4	4	1	7	7	1	7	7	1	1	1	1	0	0	1	0	0	1	0	0	1	0	0	1	0	0	1	2	2	1	0	0	1	0	0	1	0	0	1	0	0	1	1	1	1	0	0	1	0	0	1	0	0	1
111	102	1.0000	1	1	1	0	0	1	0	0	1	0	0	1	0	0	1	1	1	1	1	1	1	0	0	1	4	4	1	0	0	1	0	0	1	1	1	1	0	0	1	4	4	1	3	3	1	4	4	1	7	7	1	7	7	1	1	1	1	0	0	1	0	0	1	0	0	1	0	0	1	0	0	1	2	2	1	0	0	1	0	0	1	0	0	1	0	0	1	1	1	1	0	0	1	0	0	1	0	0	1
112	102	1.0000	1	1	1	0	0	1	0	0	1	0	0	1	0	0	1	1	1	1	1	1	1	0	0	1	4	4	1	0	0	1	0	0	1	1	1	1	0	0	1	4	4	1	3	3	1	4	4	1	7	7	1	7	7	1	1	1	1	0	0	1	0	0	1	0	0	1	0	0	1	0	0	1	2	2	1	0	0	1	0	0	1	0	0	1	0	0	1	1	1	1	0	0	1	0	0	1	0	0	1
113	102	1.0000	1	1	1	0	0	1	0	0	1	0	0	1	0	0	1	1	1	1	1	1	1	0	0	1	4	4	1	0	0	1	0	0	1	1	1	1	0	0	1	4	4	1	3	3	1	4	4	1	7	7	1	7	7	1	1	1	1	0	0	1	0	0	1	0	0	1	0	0	1	0	0	1	2	2	1	0	0	1	0	0	1	0	0	1	0	0	1	1	1	1	0	0	1	0	0	1	0	0	1
114	102	1.0000	1	1	1	0	0	1	0	0	1	0	0	1	0	0	1	1	1	1	1	1	1	0	0	1	4	4	1	0	0	1	0	0	1	1	1	1	0	0	1	4	4	1	3	3	1	4	4	1	7	7	1	7	7	1	1	1	1	0	0	1	0	0	1	0	0	1	0	0	1	0	0	1	2	2	1	0	0	1	0	0	1	0	0	1	0	0	1	1	1	1	0	0	1	0	0	1	0	0	1
115	102	1.0000	1	1	1	0	0	1	0	0	1	0	0	1	0	0	1	1	1	1	1	1	1	0	0	1	4	4	1	0	0	1	0	0	1	1	1	1	0	0	1	4	4	1	3	3	1	4	4	1	7	7	1	7	7	1	1	1	1	0	0	1	0	0	1	0	0	1	0	0	1	0	0	1	2	2	1	0	0	1	0	0	1	0	0	1	0	0	1	1	1	1	0	0	1	0	0	1	0	0	1
116	102	1.0000	1	1	1	0	0	1	0	0	1	0	0	1	0	0	1	1	1	1	1	1	1	0	0	1	4	4	1	0	0	1	0	0	1	1	1	1	0	0	1	4	4	1	3	3	1	4	4	1	7	7	1	7	7	1	1	1	1	0	0	1	0	0	1	0	0	1	0	0	1	0	0	1	2	2	1	0	0	1	0	0	1	0	0	1	0	0	1	1	1	1	0	0	1	0	0	1	0	0	1
117	102	1.0000	1	1	1	0	0	1	0	0	1	0	0	1	0	0	1	1	1	1	1	1	1	0	0	1	4	4	1	0	0	1	0	0	1	1	1	1	0	0	1	4	4	1	3	3	1	4	4	1	7	7	1	7	7	1	1	1	1	0	0	1	0	0	1	0	0	1	0	0	1	0	0	1	2	2	1	0	0	1	0	0	1	0	0	1	0	0	1	1	1	1	0	0	1	0	0	1	0	0	1
118	102	1.0000	1	1	1	0	0	1	0	0	1	0	0	1	0	0	1	1	1	1	1	1	1	0	0	1	4	4	1	0	0	1	0	0	1	1	1	1	0	0	1	4	4	1	3	3	1	4	4	1	7	7	1	7	7	1	1	1	1	0	0	1	0	0	1	0	0	1	0	0	1	0	0	1	2	2	1	0	0	1	0	0	1	0	0	1	0	0	1	1	1	1	0	0	1	0	0	1	0	0	1
119	102	1.0000	1	1	1	0	0	1	0	0	1	0	0	1	0	0	1	1	1	1	1	1	1	0	0	1	4	4	1	0	0	1	0	0	1	1	1	1	0	0	1	4	4	1	3	3	1	4	4	1	7	7	1	7	7	1	1	1	1	0	0	1	0	0	1	0	0	1	0	0	1	0	0	1	2	2	1	0	0	1	0	0	1	0	0	1	0	0	1	1	1	1	0	0	1	0	0	1	0	0	1
120	102	1.0000	1	1	1	0	0	1	0	0	1	0	0	1	0	0	1	1	1	1	1	1	1	0	0	1	4	4	1	0	0	1	0	0	1	1	1	1	0	0	1	4	4	1	3	3	1	4	4	1	7	7	1	7	7	1	1	1	1	0	0	1	0	0	1	0	0	1	0	0	1	0	0	1	2	2	1	0	0	1	0	0	1	0	0	1	0	0	1	1	1	1	0	0	1	0	0	1	0	0	1
121	102	1.0000	1	1	1	0	0	1	0	0	1	0	0	1	0	0	1	1	1	1	1	1	1	0	0	1	4	4	1	0	0	1	0	0	1	1	1	1	0	0	1	4	4	1	3	3	1	4	4	1	7	7	1	7	7	1	1	1	1	0	0	1	0	0	1	0	0	1	0	0	1	0	0	1	2	2	1	0	0	1	0	0	1	0	0	1	0	0	1	1	1	1	0	0	1	0	0	1	0	0	1
122	102	1.0000	1	1	1	0	0	1	0	0	1	0	0	1	0	0	1	1	1	1	1	1	1	0	0	1	4	4	1	0	0	1	0	0	1	1	1	1	0	0	1	4	4	1	3	3	1	4	4	1	7	7	1	7	7	1	1	1	1	0	0	1	0	0	1	0	0	1	0	0	1	0	0	1	2	2	1	0	0	1	0	0	1	0	0	1	0	0	1	1	1	1	0	0	1	0	0	1	0	0	1
123	102	1.0000	1	1	1	0	0	1	0	0	1	0	0	1	0	0	1	1	1	1	1	1	1	0	0	1	4	4	1	0	0	1	0	0	1	1	1	1	0	0	1	4	4	1	3	3	1	4	4	1	7	7	1	7	7	1	1	1	1	0	0	1	0	0	1	0	0	1	0	0	1	0	0	1	2	2	1	0	0	1	0	0	1	0	0	1	0	0	1	1	1	1	0	0	1	0	0	1	0	0	1
124	102	1.0000	1	1	1	0	0	1	0	0	1	0	0	1	0	0	1	1	1	1	1	1	1	0	0	1	4	4	1	0	0	1	0	0	1	1	1	1	0	0	1	4	4	1	3	3	1	4	4	1	7	7	1	7	7	1	1	1	1	0	0	1	0	0	1	0	0	1	0	0	1	0	0	1	2	2	1	0	0	1	0	0	1	0	0	1	0	0	1	1	1	1	0	0	1	0	0	1	0	0	1
125	102	1.0000	1	1	1	0	0	1	0	0	1	0	0	1	0	0	1	1	1	1	1	1	1	0	0	1	4	4	1	0	0	1	0	0	1	1	1	1	0	0	1	4	4	1	3	3	1	4	4	1	7	7	1	7	7	1	1	1	1	0	0	1	0	0	1	0	0	1	0	0	1	0	0	1	2	2	1	0	0	1	0	0	1	0	0	1	0	0	1	1	1	1	0	0	1	0	0	1	0	0	1
126	102	1.0000	1	1	1	0	0	1	0	0	1	0	0	1	0	0	1	1	1	1	1	1	1	0	0	1	4	4	1	0	0	1	0	0	1	1	1	1	0	0	1	4	4	1	3	3	1	4	4	1	7	7	1	7	7	1	1	1	1	0	0	1	0	0	1	0	0	1	0	0	1	0	0	1	2	2	1	0	0	1	0	0	1	0	0	1	0	0	1	1	1	1	0	0	1	0	0	1	0	0	1
127	102	1.0000	1	1	1	0	0	1	0	0	1	0	0	1	0	0	1	1	1	1	1	1	1	0	0	1	4	4	1	0	0	1	0	0	1	1	1	1	0	0	1	4	4	1	3	3	1	4	4	1	7	7	1	7	7	1	1	1	1	0	0	1	0	0	1	0	0	1	0	0	1	0	0	1	2	2	1	0	0	1	0	0	1	0	0	1	0	0	1	1	1	1	0	0	1	0	0	1	0	0	1
128	102	1.0000	1	1	1	0	0	1	0	0	1	0	0	1	0	0	1	1	1	1	1	1	1	0	0	1	4	4	1	0	0	1	0	0	1	1	1	1	0	0	1	4	4	1	3	3	1	4	4	1	7	7	1	7	7	1	1	1	1	0	0	1	0	0	1	0	0	1	0	0	1	0	0	1	2	2	1	0	0	1	0	0	1	0	0	1	0	0	1	1	1	1	0	0	1	0	0	1	0	0	1
129	102	1.0000	1	1	1	0	0	1	0	0	1	0	0	1	0	0	1	1	1	1	1	1	1	0	0	1	4	4	1	0	0	1	0	0	1	1	1	1	0	0	1	4	4	1	3	3	1	4	4	1	7	7	1	7	7	1	1	1	1	0	0	1	0	0	1	0	0	1	0	0	1	0	0	1	2	2	1	0	0	1	0	0	1	0	0	1	0	0	1	1	1	1	0	0	1	0	0	1	0	0	1
130	102	1.0000	1	1	1	0	0	1	0	0	1	0	0	1	0	0	1	1	1	1	1	1	1	0	0	1	4	4	1	0	0	1	0	0	1	1	1	1	0	0	1	4	4	1	3	3	1	4	4	1	7	7	1	7	7	1	1	1	1	0	0	1	0	0	1	0	0	1	0	0	1	0	0	1	2	2	1	0	0	1	0	0	1	0	0	1	0	0	1	1	1	1	0	0	1	0	0	1	0	0	1
131	102	1.0000	1	1	1	0	0	1	0	0	1	0	0	1	0	0	1	1	1	1	1	1	1	0	0	1	4	4	1	0	0	1	0	0	1	1	1	1	0	0	1	4	4	1	3	3	1	4	4	1	7	7	1	7	7	1	1	1	1	0	0	1	0	0	1	0	0	1	0	0	1	0	0	1	2	2	1	0	0	1	0	0	1	0	0	1	0	0	1	1	1	1	0	0	1	0	0	1	0	0	1
132	102	1.0000	1	1	1	0	0	1	0	0	1	0	0	1	0	0	1	1	1	1	1	1	1	0	0	1	4	4	1	0	0	1	0	0	1	1	1	1	0	0	1	4	4	1	3	3	1	4	4	1	7	7	1	7	7	1	1	1	1	0	0	1	0	0	1	0	0	1	0	0	1	0	0	1	2	2	1	0	0	1	0	0	1	0	0	1	0	0	1	1	1	1	0	0	1	0	0	1	0	0	1
133	102	1.0000	1	1	1	0	0	1	0	0	1	0	0	1	0	0	1	1	1	1	1	1	1	0	0	1	4	4	1	0	0	1	0	0	1	1	1	1	0	0	1	4	4	1	3	3	1	4	4	1	7	7	1	7	7	1	1	1	1	0	0	1	0	0	1	0	0	1	0	0	1	0	0	1	2	2	1	0	0	1	0	0	1	0	0	1	0	0	1	1	1	1	0	0	1	0	0	1	0	0	1
134	102	1.0000	1	1	1	0	0	1	0	0	1	0	0	1	0	0	1	1	1	1	1	1	1	0	0	1	4	4	1	0	0	1	0	0	1	1	1	1	0	0	1	4	4	1	3	3	1	4	4	1	7	7	1	7	7	1	1	1	1	0	0	1	0	0	1	0	0	1	0	0	1	0	0	1	2	2	1	0	0	1	0	0	1	0	0	1	0	0	1	1	1	1	0	0	1	0	0	1	0	0	1
135	102	1.0000	1	1	1	0	0	1	0	0	1	0	0	1	0	0	1	1	1	1	1	1	1	0	0	1	4	4	1	0	0	1	0	0	1	1	1	1	0	0	1	4	4	1	3	3	1	4	4	1	7	7	1	7	7	1	1	1	1	0	0	1	0	0	1	0	0	1	0	0	1	0	0	1	2	2	1	0	0	1	0	0	1	0	0	1	0	0	1	1	1	1	0	0	1	0	0	1	0	0	1
136	102	1.0000	1	1	1	0	0	1	0	0	1	0	0	1	0	0	1	1	1	1	1	1	1	0	0	1	4	4	1	0	0	1	0	0	1	1	1	1	0	0	1	4	4	1	3	3	1	4	4	1	7	7	1	7	7	1	1	1	1	0	0	1	0	0	1	0	0	1	0	0	1	0	0	1	2	2	1	0	0	1	0	0	1	0	0	1	0	0	1	1	1	1	0	0	1	0	0	1	0	0	1
137	102	1.0000	1	1	1	0	0	1	0	0	1	0	0	1	0	0	1	1	1	1	1	1	1	0	0	1	4	4	1	0	0	1	0	0	1	1	1	1	0	0	1	4	4	1	3	3	1	4	4	1	7	7	1	7	7	1	1	1	1	0	0	1	0	0	1	0	0	1	0	0	1	0	0	1	2	2	1	0	0	1	0	0	1	0	0	1	0	0	1	1	1	1	0	0	1	0	0	1	0	0	1
138	102	1.0000	1	1	1	0	0	1	0	0	1	0	0	1	0	0	1	1	1	1	1	1	1	0	0	1	4	4	1	0	0	1	0	0	1	1	1	1	0	0	1	4	4	1	3	3	1	4	4	1	7	7	1	7	7	1	1	1	1	0	0	1	0	0	1	0	0	1	0	0	1	0	0	1	2	2	1	0	0	1	0	0	1	0	0	1	0	0	1	1	1	1	0	0	1	0	0	1	0	0	1
139	102	1.0000	1	1	1	0	0	1	0	0	1	0	0	1	0	0	1	1	1	1	1	1	1	0	0	1	4	4	1	0	0	1	0	0	1	1	1	1	0	0	1	4	4	1	3	3	1	4	4	1	7	7	1	7	7	1	1	1	1	0	0	1	0	0	1	0	0	1	0	0	1	0	0	1	2	2	1	0	0	1	0	0	1	0	0	1	0	0	1	1	1	1	0	0	1	0	0	1	0	0	1
140	102	1.0000	1	1	1	0	0	1	0	0	1	0	0	1	0	0	1	1	1	1	1	1	1	0	0	1	4	4	1	0	0	1	0	0	1	1	1	1	0	0	1	4	4	1	3	3	1	4	4	1	7	7	1	7	7	1	1	1	1	0	0	1	0	0	1	0	0	1	0	0	1	0	0	1	2	2	1	0	0	1	0	0	1	0	0	1	0	0	1	1	1	1	0	0	1	0	0	1	0	0	1
141	102	1.0000	1	1	1	0	0	1	0	0	1	0	0	1	0	0	1	1	1	1	1	1	1	0	0	1	4	4	1	0	0	1	0	0	1	1	1	1	0	0	1	4	4	1	3	3	1	4	4	1	7	7	1	7	7	1	1	1	1	0	0	1	0	0	1	0	0	1	0	0	1	0	0	1	2	2	1	0	0	1	0	0	1	0	0	1	0	0	1	1	1	1	0	0	1	0	0	1	0	0	1
142	102	1.0000	1	1	1	0	0	1	0	0	1	0	0	1	0	0	1	1	1	1	1	1	1	0	0	1	4	4	1	0	0	1	0	0	1	1	1	1	0	0	1	4	4	1	3	3	1	4	4	1	7	7	1	7	7	1	1	1	1	0	0	1	0	0	1	0	0	1	0	0	1	0	0	1	2	2	1	0	0	1	0	0	1	0	0	1	0	0	1	1	1	1	0	0	1	0	0	1	0	0	1
143	102	1.0000	1	1	1	0	0	1	0	0	1	0	0	1	0	0	1	1	1	1	1	1	1	0	0	1	4	4	1	0	0	1	0	0	1	1	1	1	0	0	1	4	4	1	3	3	1	4	4	1	7	7	1	7	7	1	1	1	1	0	0	1	0	0	1	0	0	1	0	0	1	0	0	1	2	2	1	0	0	1	0	0	1	0	0	1	0	0	1	1	1	1	0	0	1	0	0	1	0	0	1
144	102	1.0000	1	1	1	0	0	1	0	0	1	0	0	1	0	0	1	1	1	1	1	1	1	0	0	1	4	4	1	0	0	1	0	0	1	1	1	1	0	0	1	4	4	1	3	3	1	4	4	1	7	7	1	7	7	1	1	1	1	0	0	1	0	0	1	0	0	1	0	0	1	0	0	1	2	2	1	0	0	1	0	0	1	0	0	1	0	0	1	1	1	1	0	0	1	0	0	1	0	0	1
145	102	1.0000	1	1	1	0	0	1	0	0	1	0	0	1	0	0	1	1	1	1	1	1	1	0	0	1	4	4	1	0	0	1	0	0	1	1	1	1	0	0	1	4	4	1	3	3	1	4	4	1	7	7	1	7	7	1	1	1	1	0	0	1	0	0	1	0	0	1	0	0	1	0	0	1	2	2	1	0	0	1	0	0	1	0	0	1	0	0	1	1	1	1	0	0	1	0	0	1	0	0	1
146	102	1.0000	1	1	1	0	0	1	0	0	1	0	0	1	0	0	1	1	1	1	1	1	1	0	0	1	4	4	1	0	0	1	0	0	1	1	1	1	0	0	1	4	4	1	3	3	1	4	4	1	7	7	1	7	7	1	1	1	1	0	0	1	0	0	1	0	0	1	0	0	1	0	0	1	2	2	1	0	0	1	0	0	1	0	0	1	0	0	1	1	1	1	0	0	1	0	0	1	0	0	1
147	102	1.0000	1	1	1	0	0	1	0	0	1	0	0	1	0	0	1	1	1	1	1	1	1	0	0	1	4	4	1	0	0	1	0	0	1	1	1	1	0	0	1	4	4	1	3	3	1	4	4	1	7	7	1	7	7	1	1	1	1	0	0	1	0	0	1	0	0	1	0	0	1	0	0	1	2	2	1	0	0	1	0	0	1	0	0	1	0	0	1	1	1	1	0	0	1	0	0	1	0	0	1
148	102	1.0000	1	1	1	0	0	1	0	0	1	0	0	1	0	0	1	1	1	1	1	1	1	0	0	1	4	4	1	0	0	1	0	0	1	1	1	1	0	0	1	4	4	1	3	3	1	4	4	1	7	7	1	7	7	1	1	1	1	0	0	1	0	0	1	0	0	1	0	0	1	0	0	1	2	2	1	0	0	1	0	0	1	0	0	1	0	0	1	1	1	1	0	0	1	0	0	1	0	0	1
149	102	1.0000	1	1	1	0	0	1	0	0	1	0	0	1	0	0	1	1	1	1	1	1	1	0	0	1	4	4	1	0	0	1	0	0	1	1	1	1	0	0	1	4	4	1	3	3	1	4	4	1	7	7	1	7	7	1	1	1	1	0	0	1	0	0	1	0	0	1	0	0	1	0	0	1	2	2	1	0	0	1	0	0	1	0	0	1	0	0	1	1	1	1	0	0	1	0	0	1	0	0	1
150	102	1.0000	1	1	1	0	0	1	0	0	1	0	0	1	0	0	1	1	1	1	1	1	1	0	0	1	4	4	1	0	0	1	0	0	1	1	1	1	0	0	1	4	4	1	3	3	1	4	4	1	7	7	1	7	7	1	1	1	1	0	0	1	0	0	1	0	0	1	0	0	1	0	0	1	2	2	1	0	0	1	0	0	1	0	0	1	0	0	1	1	1	1	0	0	1	0	0	1	0	0	1
151	102	1.0000	1	1	1	0	0	1	0	0	1	0	0	1	0	0	1	1	1	1	1	1	1	0	0	1	4	4	1	0	0	1	0	0	1	1	1	1	0	0	1	4	4	1	3	3	1	4	4	1	7	7	1	7	7	1	1	1	1	0	0	1	0	0	1	0	0	1	0	0	1	0	0	1	2	2	1	0	0	1	0	0	1	0	0	1	0	0	1	1	1	1	0	0	1	0	0	1	0	0	1
152	102	1.0000	1	1	1	0	0	1	0	0	1	0	0	1	0	0	1	1	1	1	1	1	1	0	0	1	4	4	1	0	0	1	0	0	1	1	1	1	0	0	1	4	4	1	3	3	1	4	4	1	7	7	1	7	7	1	1	1	1	0	0	1	0	0	1	0	0	1	0	0	1	0	0	1	2	2	1	0	0	1	0	0	1	0	0	1	0	0	1	1	1	1	0	0	1	0	0	1	0	0	1
153	102	1.0000	1	1	1	0	0	1	0	0	1	0	0	1	0	0	1	1	1	1	1	1	1	0	0	1	4	4	1	0	0	1	0	0	1	1	1	1	0	0	1	4	4	1	3	3	1	4	4	1	7	7	1	7	7	1	1	1	1	0	0	1	0	0	1	0	0	1	0	0	1	0	0	1	2	2	1	0	0	1	0	0	1	0	0	1	0	0	1	1	1	1	0	0	1	0	0	1	0	0	1
154	102	1.0000	1	1	1	0	0	1	0	0	1	0	0	1	0	0	1	1	1	1	1	1	1	0	0	1	4	4	1	0	0	1	0	0	1	1	1	1	0	0	1	4	4	1	3	3	1	4	4	1	7	7	1	7	7	1	1	1	1	0	0	1	0	0	1	0	0	1	0	0	1	0	0	1	2	2	1	0	0	1	0	0	1	0	0	1	0	0	1	1	1	1	0	0	1	0	0	1	0	0	1
155	102	1.0000	1	1	1	0	0	1	0	0	1	0	0	1	0	0	1	1	1	1	1	1	1	0	0	1	4	4	1	0	0	1	0	0	1	1	1	1	0	0	1	4	4	1	3	3	1	4	4	1	7	7	1	7	7	1	1	1	1	0	0	1	0	0	1	0	0	1	0	0	1	0	0	1	2	2	1	0	0	1	0	0	1	0	0	1	0	0	1	1	1	1	0	0	1	0	0	1	0	0	1
156	102	1.0000	1	1	1	0	0	1	0	0	1	0	0	1	0	0	1	1	1	1	1	1	1	0	0	1	4	4	1	0	0	1	0	0	1	1	1	1	0	0	1	4	4	1	3	3	1	4	4	1	7	7	1	7	7	1	1	1	1	0	0	1	0	0	1	0	0	1	0	0	1	0	0	1	2	2	1	0	0	1	0	0	1	0	0	1	0	0	1	1	1	1	0	0	1	0	0	1	0	0	1
157	102	1.0000	1	1	1	0	0	1	0	0	1	0	0	1	0	0	1	1	1	1	1	1	1	0	0	1	4	4	1	0	0	1	0	0	1	1	1	1	0	0	1	4	4	1	3	3	1	4	4	1	7	7	1	7	7	1	1	1	1	0	0	1	0	0	1	0	0	1	0	0	1	0	0	1	2	2	1	0	0	1	0	0	1	0	0	1	0	0	1	1	1	1	0	0	1	0	0	1	0	0	1
158	102	1.0000	1	1	1	0	0	1	0	0	1	0	0	1	0	0	1	1	1	1	1	1	1	0	0	1	4	4	1	0	0	1	0	0	1	1	1	1	0	0	1	4	4	1	3	3	1	4	4	1	7	7	1	7	7	1	1	1	1	0	0	1	0	0	1	0	0	1	0	0	1	0	0	1	2	2	1	0	0	1	0	0	1	0	0	1	0	0	1	1	1	1	0	0	1	0	0	1	0	0	1
159	102	1.0000	1	1	1	0	0	1	0	0	1	0	0	1	0	0	1	1	1	1	1	1	1	0	0	1	4	4	1	0	0	1	0	0	1	1	1	1	0	0	1	4	4	1	3	3	1	4	4	1	7	7	1	7	7	1	1	1	1	0	0	1	0	0	1	0	0	1	0	0	1	0	0	1	2	2	1	0	0	1	0	0	1	0	0	1	0	0	1	1	1	1	0	0	1	0	0	1	0	0	1
160	102	1.0000	1	1	1	0	0	1	0	0	1	0	0	1	0	0	1	1	1	1	1	1	1	0	0	1	4	4	1	0	0	1	0	0	1	1	1	1	0	0	1	4	4	1	3	3	1	4	4	1	7	7	1	7	7	1	1	1	1	0	0	1	0	0	1	0	0	1	0	0	1	0	0	1	2	2	1	0	0	1	0	0	1	0	0	1	0	0	1	1	1	1	0	0	1	0	0	1	0	0	1
161	102	1.0000	1	1	1	0	0	1	0	0	1	0	0	1	0	0	1	1	1	1	1	1	1	0	0	1	4	4	1	0	0	1	0	0	1	1	1	1	0	0	1	4	4	1	3	3	1	4	4	1	7	7	1	7	7	1	1	1	1	0	0	1	0	0	1	0	0	1	0	0	1	0	0	1	2	2	1	0	0	1	0	0	1	0	0	1	0	0	1	1	1	1	0	0	1	0	0	1	0	0	1
162	102	1.0000	1	1	1	0	0	1	0	0	1	0	0	1	0	0	1	1	1	1	1	1	1	0	0	1	4	4	1	0	0	1	0	0	1	1	1	1	0	0	1	4	4	1	3	3	1	4	4	1	7	7	1	7	7	1	1	1	1	0	0	1	0	0	1	0	0	1	0	0	1	0	0	1	2	2	1	0	0	1	0	0	1	0	0	1	0	0	1	1	1	1	0	0	1	0	0	1	0	0	1
163	102	1.0000	1	1	1	0	0	1	0	0	1	0	0	1	0	0	1	1	1	1	1	1	1	0	0	1	4	4	1	0	0	1	0	0	1	1	1	1	0	0	1	4	4	1	3	3	1	4	4	1	7	7	1	7	7	1	1	1	1	0	0	1	0	0	1	0	0	1	0	0	1	0	0	1	2	2	1	0	0	1	0	0	1	0	0	1	0	0	1	1	1	1	0	0	1	0	0	1	0	0	1
164	102	1.0000	1	1	1	0	0	1	0	0	1	0	0	1	0	0	1	1	1	1	1	1	1	0	0	1	4	4	1	0	0	1	0	0	1	1	1	1	0	0	1	4	4	1	3	3	1	4	4	1	7	7	1	7	7	1	1	1	1	0	0	1	0	0	1	0	0	1	0	0	1	0	0	1	2	2	1	0	0	1	0	0	1	0	0	1	0	0	1	1	1	1	0	0	1	0	0	1	0	0	1
165	102	1.0000	1	1	1	0	0	1	0	0	1	0	0	1	0	0	1	1	1	1	1	1	1	0	0	1	4	4	1	0	0	1	0	0	1	1	1	1	0	0	1	4	4	1	3	3	1	4	4	1	7	7	1	7	7	1	1	1	1	0	0	1	0	0	1	0	0	1	0	0	1	0	0	1	2	2	1	0	0	1	0	0	1	0	0	1	0	0	1	1	1	1	0	0	1	0	0	1	0	0	1
166	102	1.0000	1	1	1	0	0	1	0	0	1	0	0	1	0	0	1	1	1	1	1	1	1	0	0	1	4	4	1	0	0	1	0	0	1	1	1	1	0	0	1	4	4	1	3	3	1	4	4	1	7	7	1	7	7	1	1	1	1	0	0	1	0	0	1	0	0	1	0	0	1	0	0	1	2	2	1	0	0	1	0	0	1	0	0	1	0	0	1	1	1	1	0	0	1	0	0	1	0	0	1
167	102	1.0000	1	1	1	0	0	1	0	0	1	0	0	1	0	0	1	1	1	1	1	1	1	0	0	1	4	4	1	0	0	1	0	0	1	1	1	1	0	0	1	4	4	1	3	3	1	4	4	1	7	7	1	7	7	1	1	1	1	0	0	1	0	0	1	0	0	1	0	0	1	0	0	1	2	2	1	0	0	1	0	0	1	0	0	1	0	0	1	1	1	1	0	0	1	0	0	1	0	0	1
168	102	1.0000	1	1	1	0	0	1	0	0	1	0	0	1	0	0	1	1	1	1	1	1	1	0	0	1	4	4	1	0	0	1	0	0	1	1	1	1	0	0	1	4	4	1	3	3	1	4	4	1	7	7	1	7	7	1	1	1	1	0	0	1	0	0	1	0	0	1	0	0	1	0	0	1	2	2	1	0	0	1	0	0	1	0	0	1	0	0	1	1	1	1	0	0	1	0	0	1	0	0	1
169	102	1.0000	1	1	1	0	0	1	0	0	1	0	0	1	0	0	1	1	1	1	1	1	1	0	0	1	4	4	1	0	0	1	0	0	1	1	1	1	0	0	1	4	4	1	3	3	1	4	4	1	7	7	1	7	7	1	1	1	1	0	0	1	0	0	1	0	0	1	0	0	1	0	0	1	2	2	1	0	0	1	0	0	1	0	0	1	0	0	1	1	1	1	0	0	1	0	0	1	0	0	1
170	102	1.0000	1	1	1	0	0	1	0	0	1	0	0	1	0	0	1	1	1	1	1	1	1	0	0	1	4	4	1	0	0	1	0	0	1	1	1	1	0	0	1	4	4	1	3	3	1	4	4	1	7	7	1	7	7	1	1	1	1	0	0	1	0	0	1	0	0	1	0	0	1	0	0	1	2	2	1	0	0	1	0	0	1	0	0	1	0	0	1	1	1	1	0	0	1	0	0	1	0	0	1
171	102	1.0000	1	1	1	0	0	1	0	0	1	0	0	1	0	0	1	1	1	1	1	1	1	0	0	1	4	4	1	0	0	1	0	0	1	1	1	1	0	0	1	4	4	1	3	3	1	4	4	1	7	7	1	7	7	1	1	1	1	0	0	1	0	0	1	0	0	1	0	0	1	0	0	1	2	2	1	0	0	1	0	0	1	0	0	1	0	0	1	1	1	1	0	0	1	0	0	1	0	0	1
172	102	1.0000	1	1	1	0	0	1	0	0	1	0	0	1	0	0	1	1	1	1	1	1	1	0	0	1	4	4	1	0	0	1	0	0	1	1	1	1	0	0	1	4	4	1	3	3	1	4	4	1	7	7	1	7	7	1	1	1	1	0	0	1	0	0	1	0	0	1	0	0	1	0	0	1	2	2	1	0	0	1	0	0	1	0	0	1	0	0	1	1	1	1	0	0	1	0	0	1	0	0	1
173	102	1.0000	1	1	1	0	0	1	0	0	1	0	0	1	0	0	1	1	1	1	1	1	1	0	0	1	4	4	1	0	0	1	0	0	1	1	1	1	0	0	1	4	4	1	3	3	1	4	4	1	7	7	1	7	7	1	1	1	1	0	0	1	0	0	1	0	0	1	0	0	1	0	0	1	2	2	1	0	0	1	0	0	1	0	0	1	0	0	1	1	1	1	0	0	1	0	0	1	0	0	1
174	102	1.0000	1	1	1	0	0	1	0	0	1	0	0	1	0	0	1	1	1	1	1	1	1	0	0	1	4	4	1	0	0	1	0	0	1	1	1	1	0	0	1	4	4	1	3	3	1	4	4	1	7	7	1	7	7	1	1	1	1	0	0	1	0	0	1	0	0	1	0	0	1	0	0	1	2	2	1	0	0	1	0	0	1	0	0	1	0	0	1	1	1	1	0	0	1	0	0	1	0	0	1
175	102	1.0000	1	1	1	0	0	1	0	0	1	0	0	1	0	0	1	1	1	1	1	1	1	0	0	1	4	4	1	0	0	1	0	0	1	1	1	1	0	0	1	4	4	1	3	3	1	4	4	1	7	7	1	7	7	1	1	1	1	0	0	1	0	0	1	0	0	1	0	0	1	0	0	1	2	2	1	0	0	1	0	0	1	0	0	1	0	0	1	1	1	1	0	0	1	0	0	1	0	0	1
176	102	1.0000	1	1	1	0	0	1	0	0	1	0	0	1	0	0	1	1	1	1	1	1	1	0	0	1	4	4	1	0	0	1	0	0	1	1	1	1	0	0	1	4	4	1	3	3	1	4	4	1	7	7	1	7	7	1	1	1	1	0	0	1	0	0	1	0	0	1	0	0	1	0	0	1	2	2	1	0	0	1	0	0	1	0	0	1	0	0	1	1	1	1	0	0	1	0	0	1	0	0	1
177	102	1.0000	1	1	1	0	0	1	0	0	1	0	0	1	0	0	1	1	1	1	1	1	1	0	0	1	4	4	1	0	0	1	0	0	1	1	1	1	0	0	1	4	4	1	3	3	1	4	4	1	7	7	1	7	7	1	1	1	1	0	0	1	0	0	1	0	0	1	0	0	1	0	0	1	2	2	1	0	0	1	0	0	1	0	0	1	0	0	1	1	1	1	0	0	1	0	0	1	0	0	1
178	102	1.0000	1	1	1	0	0	1	0	0	1	0	0	1	0	0	1	1	1	1	1	1	1	0	0	1	4	4	1	0	0	1	0	0	1	1	1	1	0	0	1	4	4	1	3	3	1	4	4	1	7	7	1	7	7	1	1	1	1	0	0	1	0	0	1	0	0	1	0	0	1	0	0	1	2	2	1	0	0	1	0	0	1	0	0	1	0	0	1	1	1	1	0	0	1	0	0	1	0	0	1
179	102	1.0000	1	1	1	0	0	1	0	0	1	0	0	1	0	0	1	1	1	1	1	1	1	0	0	1	4	4	1	0	0	1	0	0	1	1	1	1	0	0	1	4	4	1	3	3	1	4	4	1	7	7	1	7	7	1	1	1	1	0	0	1	0	0	1	0	0	1	0	0	1	0	0	1	2	2	1	0	0	1	0	0	1	0	0	1	0	0	1	1	1	1	0	0	1	0	0	1	0	0	1
180	102	1.0000	1	1	1	0	0	1	0	0	1	0	0	1	0	0	1	1	1	1	1	1	1	0	0	1	4	4	1	0	0	1	0	0	1	1	1	1	0	0	1	4	4	1	3	3	1	4	4	1	7	7	1	7	7	1	1	1	1	0	0	1	0	0	1	0	0	1	0	0	1	0	0	1	2	2	1	0	0	1	0	0	1	0	0	1	0	0	1	1	1	1	0	0	1	0	0	1	0	0	1
181	102	1.0000	1	1	1	0	0	1	0	0	1	0	0	1	0	0	1	1	1	1	1	1	1	0	0	1	4	4	1	0	0	1	0	0	1	1	1	1	0	0	1	4	4	1	3	3	1	4	4	1	7	7	1	7	7	1	1	1	1	0	0	1	0	0	1	0	0	1	0	0	1	0	0	1	2	2	1	0	0	1	0	0	1	0	0	1	0	0	1	1	1	1	0	0	1	0	0	1	0	0	1
182	102	1.0000	1	1	1	0	0	1	0	0	1	0	0	1	0	0	1	1	1	1	1	1	1	0	0	1	4	4	1	0	0	1	0	0	1	1	1	1	0	0	1	4	4	1	3	3	1	4	4	1	7	7	1	7	7	1	1	1	1	0	0	1	0	0	1	0	0	1	0	0	1	0	0	1	2	2	1	0	0	1	0	0	1	0	0	1	0	0	1	1	1	1	0	0	1	0	0	1	0	0	1
183	102	1.0000	1	1	1	0	0	1	0	0	1	0	0	1	0	0	1	1	1	1	1	1	1	0	0	1	4	4	1	0	0	1	0	0	1	1	1	1	0	0	1	4	4	1	3	3	1	4	4	1	7	7	1	7	7	1	1	1	1	0	0	1	0	0	1	0	0	1	0	0	1	0	0	1	2	2	1	0	0	1	0	0	1	0	0	1	0	0	1	1	1	1	0	0	1	0	0	1	0	0	1
184	102	1.0000	1	1	1	0	0	1	0	0	1	0	0	1	0	0	1	1	1	1	1	1	1	0	0	1	4	4	1	0	0	1	0	0	1	1	1	1	0	0	1	4	4	1	3	3	1	4	4	1	7	7	1	7	7	1	1	1	1	0	0	1	0	0	1	0	0	1	0	0	1	0	0	1	2	2	1	0	0	1	0	0	1	0	0	1	0	0	1	1	1	1	0	0	1	0	0	1	0	0	1
185	102	1.0000	1	1	1	0	0	1	0	0	1	0	0	1	0	0	1	1	1	1	1	1	1	0	0	1	4	4	1	0	0	1	0	0	1	1	1	1	0	0	1	4	4	1	3	3	1	4	4	1	7	7	1	7	7	1	1	1	1	0	0	1	0	0	1	0	0	1	0	0	1	0	0	1	2	2	1	0	0	1	0	0	1	0	0	1	0	0	1	1	1	1	0	0	1	0	0	1	0	0	1
186	102	1.0000	1	1	1	0	0	1	0	0	1	0	0	1	0	0	1	1	1	1	1	1	1	0	0	1	4	4	1	0	0	1	0	0	1	1	1	1	0	0	1	4	4	1	3	3	1	4	4	1	7	7	1	7	7	1	1	1	1	0	0	1	0	0	1	0	0	1	0	0	1	0	0	1	2	2	1	0	0	1	0	0	1	0	0	1	0	0	1	1	1	1	0	0	1	0	0	1	0	0	1
187	102	1.0000	1	1	1	0	0	1	0	0	1	0	0	1	0	0	1	1	1	1	1	1	1	0	0	1	4	4	1	0	0	1	0	0	1	1	1	1	0	0	1	4	4	1	3	3	1	4	4	1	7	7	1	7	7	1	1	1	1	0	0	1	0	0	1	0	0	1	0	0	1	0	0	1	2	2	1	0	0	1	0	0	1	0	0	1	0	0	1	1	1	1	0	0	1	0	0	1	0	0	1
188	102	1.0000	1	1	1	0	0	1	0	0	1	0	0	1	0	0	1	1	1	1	1	1	1	0	0	1	4	4	1	0	0	1	0	0	1	1	1	1	0	0	1	4	4	1	3	3	1	4	4	1	7	7	1	7	7	1	1	1	1	0	0	1	0	0	1	0	0	1	0	0	1	0	0	1	2	2	1	0	0	1	0	0	1	0	0	1	0	0	1	1	1	1	0	0	1	0	0	1	0	0	1
189	102	1.0000	1	1	1	0	0	1	0	0	1	0	0	1	0	0	1	1	1	1	1	1	1	0	0	1	4	4	1	0	0	1	0	0	1	1	1	1	0	0	1	4	4	1	3	3	1	4	4	1	7	7	1	7	7	1	1	1	1	0	0	1	0	0	1	0	0	1	0	0	1	0	0	1	2	2	1	0	0	1	0	0	1	0	0	1	0	0	1	1	1	1	0	0	1	0	0	1	0	0	1
190	102	1.0000	1	1	1	0	0	1	0	0	1	0	0	1	0	0	1	1	1	1	1	1	1	0	0	1	4	4	1	0	0	1	0	0	1	1	1	1	0	0	1	4	4	1	3	3	1	4	4	1	7	7	1	7	7	1	1	1	1	0	0	1	0	0	1	0	0	1	0	0	1	0	0	1	2	2	1	0	0	1	0	0	1	0	0	1	0	0	1	1	1	1	0	0	1	0	0	1	0	0	1
191	102	1.0000	1	1	1	0	0	1	0	0	1	0	0	1	0	0	1	1	1	1	1	1	1	0	0	1	4	4	1	0	0	1	0	0	1	1	1	1	0	0	1	4	4	1	3	3	1	4	4	1	7	7	1	7	7	1	1	1	1	0	0	1	0	0	1	0	0	1	0	0	1	0	0	1	2	2	1	0	0	1	0	0	1	0	0	1	0	0	1	1	1	1	0	0	1	0	0	1	0	0	1
192	102	1.0000	1	1	1	0	0	1	0	0	1	0	0	1	0	0	1	1	1	1	1	1	1	0	0	1	4	4	1	0	0	1	0	0	1	1	1	1	0	0	1	4	4	1	3	3	1	4	4	1	7	7	1	7	7	1	1	1	1	0	0	1	0	0	1	0	0	1	0	0	1	0	0	1	2	2	1	0	0	1	0	0	1	0	0	1	0	0	1	1	1	1	0	0	1	0	0	1	0	0	1
193	102	1.0000	1	1	1	0	0	1	0	0	1	0	0	1	0	0	1	1	1	1	1	1	1	0	0	1	4	4	1	0	0	1	0	0	1	1	1	1	0	0	1	4	4	1	3	3	1	4	4	1	7	7	1	7	7	1	1	1	1	0	0	1	0	0	1	0	0	1	0	0	1	0	0	1	2	2	1	0	0	1	0	0	1	0	0	1	0	0	1	1	1	1	0	0	1	0	0	1	0	0	1
194	102	1.0000	1	1	1	0	0	1	0	0	1	0	0	1	0	0	1	1	1	1	1	1	1	0	0	1	4	4	1	0	0	1	0	0	1	1	1	1	0	0	1	4	4	1	3	3	1	4	4	1	7	7	1	7	7	1	1	1	1	0	0	1	0	0	1	0	0	1	0	0	1	0	0	1	2	2	1	0	0	1	0	0	1	0	0	1	0	0	1	1	1	1	0	0	1	0	0	1	0	0	1
195	102	1.0000	1	1	1	0	0	1	0	0	1	0	0	1	0	0	1	1	1	1	1	1	1	0	0	1	4	4	1	0	0	1	0	0	1	1	1	1	0	0	1	4	4	1	3	3	1	4	4	1	7	7	1	7	7	1	1	1	1	0	0	1	0	0	1	0	0	1	0	0	1	0	0	1	2	2	1	0	0	1	0	0	1	0	0	1	0	0	1	1	1	1	0	0	1	0	0	1	0	0	1
196	102	1.0000	1	1	1	0	0	1	0	0	1	0	0	1	0	0	1	1	1	1	1	1	1	0	0	1	4	4	1	0	0	1	0	0	1	1	1	1	0	0	1	4	4	1	3	3	1	4	4	1	7	7	1	7	7	1	1	1	1	0	0	1	0	0	1	0	0	1	0	0	1	0	0	1	2	2	1	0	0	1	0	0	1	0	0	1	0	0	1	1	1	1	0	0	1	0	0	1	0	0	1
197	102	1.0000	1	1	1	0	0	1	0	0	1	0	0	1	0	0	1	1	1	1	1	1	1	0	0	1	4	4	1	0	0	1	0	0	1	1	1	1	0	0	1	4	4	1	3	3	1	4	4	1	7	7	1	7	7	1	1	1	1	0	0	1	0	0	1	0	0	1	0	0	1	0	0	1	2	2	1	0	0	1	0	0	1	0	0	1	0	0	1	1	1	1	0	0	1	0	0	1	0	0	1
198	102	1.0000	1	1	1	0	0	1	0	0	1	0	0	1	0	0	1	1	1	1	1	1	1	0	0	1	4	4	1	0	0	1	0	0	1	1	1	1	0	0	1	4	4	1	3	3	1	4	4	1	7	7	1	7	7	1	1	1	1	0	0	1	0	0	1	0	0	1	0	0	1	0	0	1	2	2	1	0	0	1	0	0	1	0	0	1	0	0	1	1	1	1	0	0	1	0	0	1	0	0	1
199	102	1.0000	1	1	1	0	0	1	0	0	1	0	0	1	0	0	1	1	1	1	1	1	1	0	0	1	4	4	1	0	0	1	0	0	1	1	1	1	0	0	1	4	4	1	3	3	1	4	4	1	7	7	1	7	7	1	1	1	1	0	0	1	0	0	1	0	0	1	0	0	1	0	0	1	2	2	1	0	0	1	0	0	1	0	0	1	0	0	1	1	1	1	0	0	1	0	0	1	0	0	1
200	102	1.0000	1	1	1	0	0	1	0	0	1	0	0	1	0	0	1	1	1	1	1	1	1	0	0	1	4	4	1	0	0	1	0	0	1	1	1	1	0	0	1	4	4	1	3	3	1	4	4	1	7	7	1	7	7	1	1	1	1	0	0	1	0	0	1	0	0	1	0	0	1	0	0	1	2	2	1	0	0	1	0	0	1	0	0	1	0	0	1	1	1	1	0	0	1	0	0	1	0	0	1
201	102	1.0000	1	1	1	0	0	1	0	0	1	0	0	1	0	0	1	1	1	1	1	1	1	0	0	1	4	4	1	0	0	1	0	0	1	1	1	1	0	0	1	4	4	1	3	3	1	4	4	1	7	7	1	7	7	1	1	1	1	0	0	1	0	0	1	0	0	1	0	0	1	0	0	1	2	2	1	0	0	1	0	0	1	0	0	1	0	0	1	1	1	1	0	0	1	0	0	1	0	0	1
202	102	1.0000	1	1	1	0	0	1	0	0	1	0	0	1	0	0	1	1	1	1	1	1	1	0	0	1	4	4	1	0	0	1	0	0	1	1	1	1	0	0	1	4	4	1	3	3	1	4	4	1	7	7	1	7	7	1	1	1	1	0	0	1	0	0	1	0	0	1	0	0	1	0	0	1	2	2	1	0	0	1	0	0	1	0	0	1	0	0	1	1	1	1	0	0	1	0	0	1	0	0	1
203	102	1.0000	1	1	1	0	0	1	0	0	1	0	0	1	0	0	1	1	1	1	1	1	1	0	0	1	4	4	1	0	0	1	0	0	1	1	1	1	0	0	1	4	4	1	3	3	1	4	4	1	7	7	1	7	7	1	1	1	1	0	0	1	0	0	1	0	0	1	0	0	1	0	0	1	2	2	1	0	0	1	0	0	1	0	0	1	0	0	1	1	1	1	0	0	1	0	0	1	0	0	1
204	102	1.0000	1	1	1	0	0	1	0	0	1	0	0	1	0	0	1	1	1	1	1	1	1	0	0	1	4	4	1	0	0	1	0	0	1	1	1	1	0	0	1	4	4	1	3	3	1	4	4	1	7	7	1	7	7	1	1	1	1	0	0	1	0	0	1	0	0	1	0	0	1	0	0	1	2	2	1	0	0	1	0	0	1	0	0	1	0	0	1	1	1	1	0	0	1	0	0	1	0	0	1
205	102	1.0000	1	1	1	0	0	1	0	0	1	0	0	1	0	0	1	1	1	1	1	1	1	0	0	1	4	4	1	0	0	1	0	0	1	1	1	1	0	0	1	4	4	1	3	3	1	4	4	1	7	7	1	7	7	1	1	1	1	0	0	1	0	0	1	0	0	1	0	0	1	0	0	1	2	2	1	0	0	1	0	0	1	0	0	1	0	0	1	1	1	1	0	0	1	0	0	1	0	0	1
206	102	1.0000	1	1	1	0	0	1	0	0	1	0	0	1	0	0	1	1	1	1	1	1	1	0	0	1	4	4	1	0	0	1	0	0	1	1	1	1	0	0	1	4	4	1	3	3	1	4	4	1	7	7	1	7	7	1	1	1	1	0	0	1	0	0	1	0	0	1	0	0	1	0	0	1	2	2	1	0	0	1	0	0	1	0	0	1	0	0	1	1	1	1	0	0	1	0	0	1	0	0	1
207	102	1.0000	1	1	1	0	0	1	0	0	1	0	0	1	0	0	1	1	1	1	1	1	1	0	0	1	4	4	1	0	0	1	0	0	1	1	1	1	0	0	1	4	4	1	3	3	1	4	4	1	7	7	1	7	7	1	1	1	1	0	0	1	0	0	1	0	0	1	0	0	1	0	0	1	2	2	1	0	0	1	0	0	1	0	0	1	0	0	1	1	1	1	0	0	1	0	0	1	0	0	1
208	102	1.0000	1	1	1	0	0	1	0	0	1	0	0	1	0	0	1	1	1	1	1	1	1	0	0	1	4	4	1	0	0	1	0	0	1	1	1	1	0	0	1	4	4	1	3	3	1	4	4	1	7	7	1	7	7	1	1	1	1	0	0	1	0	0	1	0	0	1	0	0	1	0	0	1	2	2	1	0	0	1	0	0	1	0	0	1	0	0	1	1	1	1	0	0	1	0	0	1	0	0	1
209	102	1.0000	1	1	1	0	0	1	0	0	1	0	0	1	0	0	1	1	1	1	1	1	1	0	0	1	4	4	1	0	0	1	0	0	1	1	1	1	0	0	1	4	4	1	3	3	1	4	4	1	7	7	1	7	7	1	1	1	1	0	0	1	0	0	1	0	0	1	0	0	1	0	0	1	2	2	1	0	0	1	0	0	1	0	0	1	0	0	1	1	1	1	0	0	1	0	0	1	0	0	1
210	102	1.0000	1	1	1	0	0	1	0	0	1	0	0	1	0	0	1	1	1	1	1	1	1	0	0	1	4	4	1	0	0	1	0	0	1	1	1	1	0	0	1	4	4	1	3	3	1	4	4	1	7	7	1	7	7	1	1	1	1	0	0	1	0	0	1	0	0	1	0	0	1	0	0	1	2	2	1	0	0	1	0	0	1	0	0	1	0	0	1	1	1	1	0	0	1	0	0	1	0	0	1
211	102	1.0000	1	1	1	0	0	1	0	0	1	0	0	1	0	0	1	1	1	1	1	1	1	0	0	1	4	4	1	0	0	1	0	0	1	1	1	1	0	0	1	4	4	1	3	3	1	4	4	1	7	7	1	7	7	1	1	1	1	0	0	1	0	0	1	0	0	1	0	0	1	0	0	1	2	2	1	0	0	1	0	0	1	0	0	1	0	0	1	1	1	1	0	0	1	0	0	1	0	0	1
212	102	1.0000	1	1	1	0	0	1	0	0	1	0	0	1	0	0	1	1	1	1	1	1	1	0	0	1	4	4	1	0	0	1	0	0	1	1	1	1	0	0	1	4	4	1	3	3	1	4	4	1	7	7	1	7	7	1	1	1	1	0	0	1	0	0	1	0	0	1	0	0	1	0	0	1	2	2	1	0	0	1	0	0	1	0	0	1	0	0	1	1	1	1	0	0	1	0	0	1	0	0	1
213	102	1.0000	1	1	1	0	0	1	0	0	1	0	0	1	0	0	1	1	1	1	1	1	1	0	0	1	4	4	1	0	0	1	0	0	1	1	1	1	0	0	1	4	4	1	3	3	1	4	4	1	7	7	1	7	7	1	1	1	1	0	0	1	0	0	1	0	0	1	0	0	1	0	0	1	2	2	1	0	0	1	0	0	1	0	0	1	0	0	1	1	1	1	0	0	1	0	0	1	0	0	1
214	102	1.0000	1	1	1	0	0	1	0	0	1	0	0	1	0	0	1	1	1	1	1	1	1	0	0	1	4	4	1	0	0	1	0	0	1	1	1	1	0	0	1	4	4	1	3	3	1	4	4	1	7	7	1	7	7	1	1	1	1	0	0	1	0	0	1	0	0	1	0	0	1	0	0	1	2	2	1	0	0	1	0	0	1	0	0	1	0	0	1	1	1	1	0	0	1	0	0	1	0	0	1
215	102	1.0000	1	1	1	0	0	1	0	0	1	0	0	1	0	0	1	1	1	1	1	1	1	0	0	1	4	4	1	0	0	1	0	0	1	1	1	1	0	0	1	4	4	1	3	3	1	4	4	1	7	7	1	7	7	1	1	1	1	0	0	1	0	0	1	0	0	1	0	0	1	0	0	1	2	2	1	0	0	1	0	0	1	0	0	1	0	0	1	1	1	1	0	0	1	0	0	1	0	0	1
216	102	1.0000	1	1	1	0	0	1	0	0	1	0	0	1	0	0	1	1	1	1	1	1	1	0	0	1	4	4	1	0	0	1	0	0	1	1	1	1	0	0	1	4	4	1	3	3	1	4	4	1	7	7	1	7	7	1	1	1	1	0	0	1	0	0	1	0	0	1	0	0	1	0	0	1	2	2	1	0	0	1	0	0	1	0	0	1	0	0	1	1	1	1	0	0	1	0	0	1	0	0	1
217	102	1.0000	1	1	1	0	0	1	0	0	1	0	0	1	0	0	1	1	1	1	1	1	1	0	0	1	4	4	1	0	0	1	0	0	1	1	1	1	0	0	1	4	4	1	3	3	1	4	4	1	7	7	1	7	7	1	1	1	1	0	0	1	0	0	1	0	0	1	0	0	1	0	0	1	2	2	1	0	0	1	0	0	1	0	0	1	0	0	1	1	1	1	0	0	1	0	0	1	0	0	1
218	102	1.0000	1	1	1	0	0	1	0	0	1	0	0	1	0	0	1	1	1	1	1	1	1	0	0	1	4	4	1	0	0	1	0	0	1	1	1	1	0	0	1	4	4	1	3	3	1	4	4	1	7	7	1	7	7	1	1	1	1	0	0	1	0	0	1	0	0	1	0	0	1	0	0	1	2	2	1	0	0	1	0	0	1	0	0	1	0	0	1	1	1	1	0	0	1	0	0	1	0	0	1
219	102	1.0000	1	1	1	0	0	1	0	0	1	0	0	1	0	0	1	1	1	1	1	1	1	0	0	1	4	4	1	0	0	1	0	0	1	1	1	1	0	0	1	4	4	1	3	3	1	4	4	1	7	7	1	7	7	1	1	1	1	0	0	1	0	0	1	0	0	1	0	0	1	0	0	1	2	2	1	0	0	1	0	0	1	0	0	1	0	0	1	1	1	1	0	0	1	0	0	1	0	0	1
220	102	1.0000	1	1	1	0	0	1	0	0	1	0	0	1	0	0	1	1	1	1	1	1	1	0	0	1	4	4	1	0	0	1	0	0	1	1	1	1	0	0	1	4	4	1	3	3	1	4	4	1	7	7	1	7	7	1	1	1	1	0	0	1	0	0	1	0	0	1	0	0	1	0	0	1	2	2	1	0	0	1	0	0	1	0	0	1	0	0	1	1	1	1	0	0	1	0	0	1	0	0	1
221	102	1.0000	1	1	1	0	0	1	0	0	1	0	0	1	0	0	1	1	1	1	1	1	1	0	0	1	4	4	1	0	0	1	0	0	1	1	1	1	0	0	1	4	4	1	3	3	1	4	4	1	7	7	1	7	7	1	1	1	1	0	0	1	0	0	1	0	0	1	0	0	1	0	0	1	2	2	1	0	0	1	0	0	1	0	0	1	0	0	1	1	1	1	0	0	1	0	0	1	0	0	1
222	102	1.0000	1	1	1	0	0	1	0	0	1	0	0	1	0	0	1	1	1	1	1	1	1	0	0	1	4	4	1	0	0	1	0	0	1	1	1	1	0	0	1	4	4	1	3	3	1	4	4	1	7	7	1	7	7	1	1	1	1	0	0	1	0	0	1	0	0	1	0	0	1	0	0	1	2	2	1	0	0	1	0	0	1	0	0	1	0	0	1	1	1	1	0	0	1	0	0	1	0	0	1
223	102	1.0000	1	1	1	0	0	1	0	0	1	0	0	1	0	0	1	1	1	1	1	1	1	0	0	1	4	4	1	0	0	1	0	0	1	1	1	1	0	0	1	4	4	1	3	3	1	4	4	1	7	7	1	7	7	1	1	1	1	0	0	1	0	0	1	0	0	1	0	0	1	0	0	1	2	2	1	0	0	1	0	0	1	0	0	1	0	0	1	1	1	1	0	0	1	0	0	1	0	0	1
224	102	1.0000	1	1	1	0	0	1	0	0	1	0	0	1	0	0	1	1	1	1	1	1	1	0	0	1	4	4	1	0	0	1	0	0	1	1	1	1	0	0	1	4	4	1	3	3	1	4	4	1	7	7	1	7	7	1	1	1	1	0	0	1	0	0	1	0	0	1	0	0	1	0	0	1	2	2	1	0	0	1	0	0	1	0	0	1	0	0	1	1	1	1	0	0	1	0	0	1	0	0	1
225	102	1.0000	1	1	1	0	0	1	0	0	1	0	0	1	0	0	1	1	1	1	1	1	1	0	0	1	4	4	1	0	0	1	0	0	1	1	1	1	0	0	1	4	4	1	3	3	1	4	4	1	7	7	1	7	7	1	1	1	1	0	0	1	0	0	1	0	0	1	0	0	1	0	0	1	2	2	1	0	0	1	0	0	1	0	0	1	0	0	1	1	1	1	0	0	1	0	0	1	0	0	1
226	102	1.0000	1	1	1	0	0	1	0	0	1	0	0	1	0	0	1	1	1	1	1	1	1	0	0	1	4	4	1	0	0	1	0	0	1	1	1	1	0	0	1	4	4	1	3	3	1	4	4	1	7	7	1	7	7	1	1	1	1	0	0	1	0	0	1	0	0	1	0	0	1	0	0	1	2	2	1	0	0	1	0	0	1	0	0	1	0	0	1	1	1	1	0	0	1	0	0	1	0	0	1
227	102	1.0000	1	1	1	0	0	1	0	0	1	0	0	1	0	0	1	1	1	1	1	1	1	0	0	1	4	4	1	0	0	1	0	0	1	1	1	1	0	0	1	4	4	1	3	3	1	4	4	1	7	7	1	7	7	1	1	1	1	0	0	1	0	0	1	0	0	1	0	0	1	0	0	1	2	2	1	0	0	1	0	0	1	0	0	1	0	0	1	1	1	1	0	0	1	0	0	1	0	0	1
228	102	1.0000	1	1	1	0	0	1	0	0	1	0	0	1	0	0	1	1	1	1	1	1	1	0	0	1	4	4	1	0	0	1	0	0	1	1	1	1	0	0	1	4	4	1	3	3	1	4	4	1	7	7	1	7	7	1	1	1	1	0	0	1	0	0	1	0	0	1	0	0	1	0	0	1	2	2	1	0	0	1	0	0	1	0	0	1	0	0	1	1	1	1	0	0	1	0	0	1	0	0	1
229	102	1.0000	1	1	1	0	0	1	0	0	1	0	0	1	0	0	1	1	1	1	1	1	1	0	0	1	4	4	1	0	0	1	0	0	1	1	1	1	0	0	1	4	4	1	3	3	1	4	4	1	7	7	1	7	7	1	1	1	1	0	0	1	0	0	1	0	0	1	0	0	1	0	0	1	2	2	1	0	0	1	0	0	1	0	0	1	0	0	1	1	1	1	0	0	1	0	0	1	0	0	1
230	102	1.0000	1	1	1	0	0	1	0	0	1	0	0	1	0	0	1	1	1	1	1	1	1	0	0	1	4	4	1	0	0	1	0	0	1	1	1	1	0	0	1	4	4	1	3	3	1	4	4	1	7	7	1	7	7	1	1	1	1	0	0	1	0	0	1	0	0	1	0	0	1	0	0	1	2	2	1	0	0	1	0	0	1	0	0	1	0	0	1	1	1	1	0	0	1	0	0	1	0	0	1
231	102	1.0000	1	1	1	0	0	1	0	0	1	0	0	1	0	0	1	1	1	1	1	1	1	0	0	1	4	4	1	0	0	1	0	0	1	1	1	1	0	0	1	4	4	1	3	3	1	4	4	1	7	7	1	7	7	1	1	1	1	0	0	1	0	0	1	0	0	1	0	0	1	0	0	1	2	2	1	0	0	1	0	0	1	0	0	1	0	0	1	1	1	1	0	0	1	0	0	1	0	0	1
232	102	1.0000	1	1	1	0	0	1	0	0	1	0	0	1	0	0	1	1	1	1	1	1	1	0	0	1	4	4	1	0	0	1	0	0	1	1	1	1	0	0	1	4	4	1	3	3	1	4	4	1	7	7	1	7	7	1	1	1	1	0	0	1	0	0	1	0	0	1	0	0	1	0	0	1	2	2	1	0	0	1	0	0	1	0	0	1	0	0	1	1	1	1	0	0	1	0	0	1	0	0	1
233	102	1.0000	1	1	1	0	0	1	0	0	1	0	0	1	0	0	1	1	1	1	1	1	1	0	0	1	4	4	1	0	0	1	0	0	1	1	1	1	0	0	1	4	4	1	3	3	1	4	4	1	7	7	1	7	7	1	1	1	1	0	0	1	0	0	1	0	0	1	0	0	1	0	0	1	2	2	1	0	0	1	0	0	1	0	0	1	0	0	1	1	1	1	0	0	1	0	0	1	0	0	1
234	102	1.0000	1	1	1	0	0	1	0	0	1	0	0	1	0	0	1	1	1	1	1	1	1	0	0	1	4	4	1	0	0	1	0	0	1	1	1	1	0	0	1	4	4	1	3	3	1	4	4	1	7	7	1	7	7	1	1	1	1	0	0	1	0	0	1	0	0	1	0	0	1	0	0	1	2	2	1	0	0	1	0	0	1	0	0	1	0	0	1	1	1	1	0	0	1	0	0	1	0	0	1
235	102	1.0000	1	1	1	0	0	1	0	0	1	0	0	1	0	0	1	1	1	1	1	1	1	0	0	1	4	4	1	0	0	1	0	0	1	1	1	1	0	0	1	4	4	1	3	3	1	4	4	1	7	7	1	7	7	1	1	1	1	0	0	1	0	0	1	0	0	1	0	0	1	0	0	1	2	2	1	0	0	1	0	0	1	0	0	1	0	0	1	1	1	1	0	0	1	0	0	1	0	0	1
236	102	1.0000	1	1	1	0	0	1	0	0	1	0	0	1	0	0	1	1	1	1	1	1	1	0	0	1	4	4	1	0	0	1	0	0	1	1	1	1	0	0	1	4	4	1	3	3	1	4	4	1	7	7	1	7	7	1	1	1	1	0	0	1	0	0	1	0	0	1	0	0	1	0	0	1	2	2	1	0	0	1	0	0	1	0	0	1	0	0	1	1	1	1	0	0	1	0	0	1	0	0	1
237	102	1.0000	1	1	1	0	0	1	0	0	1	0	0	1	0	0	1	1	1	1	1	1	1	0	0	1	4	4	1	0	0	1	0	0	1	1	1	1	0	0	1	4	4	1	3	3	1	4	4	1	7	7	1	7	7	1	1	1	1	0	0	1	0	0	1	0	0	1	0	0	1	0	0	1	2	2	1	0	0	1	0	0	1	0	0	1	0	0	1	1	1	1	0	0	1	0	0	1	0	0	1
238	102	1.0000	1	1	1	0	0	1	0	0	1	0	0	1	0	0	1	1	1	1	1	1	1	0	0	1	4	4	1	0	0	1	0	0	1	1	1	1	0	0	1	4	4	1	3	3	1	4	4	1	7	7	1	7	7	1	1	1	1	0	0	1	0	0	1	0	0	1	0	0	1	0	0	1	2	2	1	0	0	1	0	0	1	0	0	1	0	0	1	1	1	1	0	0	1	0	0	1	0	0	1
239	102	1.0000	1	1	1	0	0	1	0	0	1	0	0	1	0	0	1	1	1	1	1	1	1	0	0	1	4	4	1	0	0	1	0	0	1	1	1	1	0	0	1	4	4	1	3	3	1	4	4	1	7	7	1	7	7	1	1	1	1	0	0	1	0	0	1	0	0	1	0	0	1	0	0	1	2	2	1	0	0	1	0	0	1	0	0	1	0	0	1	1	1	1	0	0	1	0	0	1	0	0	1
240	102	1.0000	1	1	1	0	0	1	0	0	1	0	0	1	0	0	1	1	1	1	1	1	1	0	0	1	4	4	1	0	0	1	0	0	1	1	1	1	0	0	1	4	4	1	3	3	1	4	4	1	7	7	1	7	7	1	1	1	1	0	0	1	0	0	1	0	0	1	0	0	1	0	0	1	2	2	1	0	0	1	0	0	1	0	0	1	0	0	1	1	1	1	0	0	1	0	0	1	0	0	1
241	102	1.0000	1	1	1	0	0	1	0	0	1	0	0	1	0	0	1	1	1	1	1	1	1	0	0	1	4	4	1	0	0	1	0	0	1	1	1	1	0	0	1	4	4	1	3	3	1	4	4	1	7	7	1	7	7	1	1	1	1	0	0	1	0	0	1	0	0	1	0	0	1	0	0	1	2	2	1	0	0	1	0	0	1	0	0	1	0	0	1	1	1	1	0	0	1	0	0	1	0	0	1
242	102	1.0000	1	1	1	0	0	1	0	0	1	0	0	1	0	0	1	1	1	1	1	1	1	0	0	1	4	4	1	0	0	1	0	0	1	1	1	1	0	0	1	4	4	1	3	3	1	4	4	1	7	7	1	7	7	1	1	1	1	0	0	1	0	0	1	0	0	1	0	0	1	0	0	1	2	2	1	0	0	1	0	0	1	0	0	1	0	0	1	1	1	1	0	0	1	0	0	1	0	0	1
243	102	1.0000	1	1	1	0	0	1	0	0	1	0	0	1	0	0	1	1	1	1	1	1	1	0	0	1	4	4	1	0	0	1	0	0	1	1	1	1	0	0	1	4	4	1	3	3	1	4	4	1	7	7	1	7	7	1	1	1	1	0	0	1	0	0	1	0	0	1	0	0	1	0	0	1	2	2	1	0	0	1	0	0	1	0	0	1	0	0	1	1	1	1	0	0	1	0	0	1	0	0	1
244	102	1.0000	1	1	1	0	0	1	0	0	1	0	0	1	0	0	1	1	1	1	1	1	1	0	0	1	4	4	1	0	0	1	0	0	1	1	1	1	0	0	1	4	4	1	3	3	1	4	4	1	7	7	1	7	7	1	1	1	1	0	0	1	0	0	1	0	0	1	0	0	1	0	0	1	2	2	1	0	0	1	0	0	1	0	0	1	0	0	1	1	1	1	0	0	1	0	0	1	0	0	1
245	102	1.0000	1	1	1	0	0	1	0	0	1	0	0	1	0	0	1	1	1	1	1	1	1	0	0	1	4	4	1	0	0	1	0	0	1	1	1	1	0	0	1	4	4	1	3	3	1	4	4	1	7	7	1	7	7	1	1	1	1	0	0	1	0	0	1	0	0	1	0	0	1	0	0	1	2	2	1	0	0	1	0	0	1	0	0	1	0	0	1	1	1	1	0	0	1	0	0	1	0	0	1
246	102	1.0000	1	1	1	0	0	1	0	0	1	0	0	1	0	0	1	1	1	1	1	1	1	0	0	1	4	4	1	0	0	1	0	0	1	1	1	1	0	0	1	4	4	1	3	3	1	4	4	1	7	7	1	7	7	1	1	1	1	0	0	1	0	0	1	0	0	1	0	0	1	0	0	1	2	2	1	0	0	1	0	0	1	0	0	1	0	0	1	1	1	1	0	0	1	0	0	1	0	0	1
247	102	1.0000	1	1	1	0	0	1	0	0	1	0	0	1	0	0	1	1	1	1	1	1	1	0	0	1	4	4	1	0	0	1	0	0	1	1	1	1	0	0	1	4	4	1	3	3	1	4	4	1	7	7	1	7	7	1	1	1	1	0	0	1	0	0	1	0	0	1	0	0	1	0	0	1	2	2	1	0	0	1	0	0	1	0	0	1	0	0	1	1	1	1	0	0	1	0	0	1	0	0	1
248	102	1.0000	1	1	1	0	0	1	0	0	1	0	0	1	0	0	1	1	1	1	1	1	1	0	0	1	4	4	1	0	0	1	0	0	1	1	1	1	0	0	1	4	4	1	3	3	1	4	4	1	7	7	1	7	7	1	1	1	1	0	0	1	0	0	1	0	0	1	0	0	1	0	0	1	2	2	1	0	0	1	0	0	1	0	0	1	0	0	1	1	1	1	0	0	1	0	0	1	0	0	1
249	102	1.0000	1	1	1	0	0	1	0	0	1	0	0	1	0	0	1	1	1	1	1	1	1	0	0	1	4	4	1	0	0	1	0	0	1	1	1	1	0	0	1	4	4	1	3	3	1	4	4	1	7	7	1	7	7	1	1	1	1	0	0	1	0	0	1	0	0	1	0	0	1	0	0	1	2	2	1	0	0	1	0	0	1	0	0	1	0	0	1	1	1	1	0	0	1	0	0	1	0	0	1
250	102	1.0000	1	1	1	0	0	1	0	0	1	0	0	1	0	0	1	1	1	1	1	1	1	0	0	1	4	4	1	0	0	1	0	0	1	1	1	1	0	0	1	4	4	1	3	3	1	4	4	1	7	7	1	7	7	1	1	1	1	0	0	1	0	0	1	0	0	1	0	0	1	0	0	1	2	2	1	0	0	1	0	0	1	0	0	1	0	0	1	1	1	1	0	0	1	0	0	1	0	0	1
251	102	1.0000	1	1	1	0	0	1	0	0	1	0	0	1	0	0	1	1	1	1	1	1	1	0	0	1	4	4	1	0	0	1	0	0	1	1	1	1	0	0	1	4	4	1	3	3	1	4	4	1	7	7	1	7	7	1	1	1	1	0	0	1	0	0	1	0	0	1	0	0	1	0	0	1	2	2	1	0	0	1	0	0	1	0	0	1	0	0	1	1	1	1	0	0	1	0	0	1	0	0	1
252	102	1.0000	1	1	1	0	0	1	0	0	1	0	0	1	0	0	1	1	1	1	1	1	1	0	0	1	4	4	1	0	0	1	0	0	1	1	1	1	0	0	1	4	4	1	3	3	1	4	4	1	7	7	1	7	7	1	1	1	1	0	0	1	0	0	1	0	0	1	0	0	1	0	0	1	2	2	1	0	0	1	0	0	1	0	0	1	0	0	1	1	1	1	0	0	1	0	0	1	0	0	1
253	102	1.0000	1	1	1	0	0	1	0	0	1	0	0	1	0	0	1	1	1	1	1	1	1	0	0	1	4	4	1	0	0	1	0	0	1	1	1	1	0	0	1	4	4	1	3	3	1	4	4	1	7	7	1	7	7	1	1	1	1	0	0	1	0	0	1	0	0	1	0	0	1	0	0	1	2	2	1	0	0	1	0	0	1	0	0	1	0	0	1	1	1	1	0	0	1	0	0	1	0	0	1
254	102	1.0000	1	1	1	0	0	1	0	0	1	0	0	1	0	0	1	1	1	1	1	1	1	0	0	1	4	4	1	0	0	1	0	0	1	1	1	1	0	0	1	4	4	1	3	3	1	4	4	1	7	7	1	7	7	1	1	1	1	0	0	1	0	0	1	0	0	1	0	0	1	0	0	1	2	2	1	0	0	1	0	0	1	0	0	1	0	0	1	1	1	1	0	0	1	0	0	1	0	0	1
255	102	1.0000	1	1	1	0	0	1	0	0	1	0	0	1	0	0	1	1	1	1	1	1	1	0	0	1	4	4	1	0	0	1	0	0	1	1	1	1	0	0	1	4	4	1	3	3	1	4	4	1	7	7	1	7	7	1	1	1	1	0	0	1	0	0	1	0	0	1	0	0	1	0	0	1	2	2	1	0	0	1	0	0	1	0	0	1	0	0	1	1	1	1	0	0	1	0	0	1	0	0	1
256	102	1.0000	1	1	1	0	0	1	0	0	1	0	0	1	0	0	1	1	1	1	1	1	1	0	0	1	4	4	1	0	0	1	0	0	1	1	1	1	0	0	1	4	4	1	3	3	1	4	4	1	7	7	1	7	7	1	1	1	1	0	0	1	0	0	1	0	0	1	0	0	1	0	0	1	2	2	1	0	0	1	0	0	1	0	0	1	0	0	1	1	1	1	0	0	1	0	0	1	0	0	1
257	102	1.0000	1	1	1	0	0	1	0	0	1	0	0	1	0	0	1	1	1	1	1	1	1	0	0	1	4	4	1	0	0	1	0	0	1	1	1	1	0	0	1	4	4	1	3	3	1	4	4	1	7	7	1	7	7	1	1	1	1	0	0	1	0	0	1	0	0	1	0	0	1	0	0	1	2	2	1	0	0	1	0	0	1	0	0	1	0	0	1	1	1	1	0	0	1	0	0	1	0	0	1
258	102	1.0000	1	1	1	0	0	1	0	0	1	0	0	1	0	0	1	1	1	1	1	1	1	0	0	1	4	4	1	0	0	1	0	0	1	1	1	1	0	0	1	4	4	1	3	3	1	4	4	1	7	7	1	7	7	1	1	1	1	0	0	1	0	0	1	0	0	1	0	0	1	0	0	1	2	2	1	0	0	1	0	0	1	0	0	1	0	0	1	1	1	1	0	0	1	0	0	1	0	0	1
259	102	1.0000	1	1	1	0	0	1	0	0	1	0	0	1	0	0	1	1	1	1	1	1	1	0	0	1	4	4	1	0	0	1	0	0	1	1	1	1	0	0	1	4	4	1	3	3	1	4	4	1	7	7	1	7	7	1	1	1	1	0	0	1	0	0	1	0	0	1	0	0	1	0	0	1	2	2	1	0	0	1	0	0	1	0	0	1	0	0	1	1	1	1	0	0	1	0	0	1	0	0	1
260	102	1.0000	1	1	1	0	0	1	0	0	1	0	0	1	0	0	1	1	1	1	1	1	1	0	0	1	4	4	1	0	0	1	0	0	1	1	1	1	0	0	1	4	4	1	3	3	1	4	4	1	7	7	1	7	7	1	1	1	1	0	0	1	0	0	1	0	0	1	0	0	1	0	0	1	2	2	1	0	0	1	0	0	1	0	0	1	0	0	1	1	1	1	0	0	1	0	0	1	0	0	1
261	102	1.0000	1	1	1	0	0	1	0	0	1	0	0	1	0	0	1	1	1	1	1	1	1	0	0	1	4	4	1	0	0	1	0	0	1	1	1	1	0	0	1	4	4	1	3	3	1	4	4	1	7	7	1	7	7	1	1	1	1	0	0	1	0	0	1	0	0	1	0	0	1	0	0	1	2	2	1	0	0	1	0	0	1	0	0	1	0	0	1	1	1	1	0	0	1	0	0	1	0	0	1
262	102	1.0000	1	1	1	0	0	1	0	0	1	0	0	1	0	0	1	1	1	1	1	1	1	0	0	1	4	4	1	0	0	1	0	0	1	1	1	1	0	0	1	4	4	1	3	3	1	4	4	1	7	7	1	7	7	1	1	1	1	0	0	1	0	0	1	0	0	1	0	0	1	0	0	1	2	2	1	0	0	1	0	0	1	0	0	1	0	0	1	1	1	1	0	0	1	0	0	1	0	0	1
263	102	1.0000	1	1	1	0	0	1	0	0	1	0	0	1	0	0	1	1	1	1	1	1	1	0	0	1	4	4	1	0	0	1	0	0	1	1	1	1	0	0	1	4	4	1	3	3	1	4	4	1	7	7	1	7	7	1	1	1	1	0	0	1	0	0	1	0	0	1	0	0	1	0	0	1	2	2	1	0	0	1	0	0	1	0	0	1	0	0	1	1	1	1	0	0	1	0	0	1	0	0	1
264	102	1.0000	1	1	1	0	0	1	0	0	1	0	0	1	0	0	1	1	1	1	1	1	1	0	0	1	4	4	1	0	0	1	0	0	1	1	1	1	0	0	1	4	4	1	3	3	1	4	4	1	7	7	1	7	7	1	1	1	1	0	0	1	0	0	1	0	0	1	0	0	1	0	0	1	2	2	1	0	0	1	0	0	1	0	0	1	0	0	1	1	1	1	0	0	1	0	0	1	0	0	1
265	102	1.0000	1	1	1	0	0	1	0	0	1	0	0	1	0	0	1	1	1	1	1	1	1	0	0	1	4	4	1	0	0	1	0	0	1	1	1	1	0	0	1	4	4	1	3	3	1	4	4	1	7	7	1	7	7	1	1	1	1	0	0	1	0	0	1	0	0	1	0	0	1	0	0	1	2	2	1	0	0	1	0	0	1	0	0	1	0	0	1	1	1	1	0	0	1	0	0	1	0	0	1
266	102	1.0000	1	1	1	0	0	1	0	0	1	0	0	1	0	0	1	1	1	1	1	1	1	0	0	1	4	4	1	0	0	1	0	0	1	1	1	1	0	0	1	4	4	1	3	3	1	4	4	1	7	7	1	7	7	1	1	1	1	0	0	1	0	0	1	0	0	1	0	0	1	0	0	1	2	2	1	0	0	1	0	0	1	0	0	1	0	0	1	1	1	1	0	0	1	0	0	1	0	0	1
267	102	1.0000	1	1	1	0	0	1	0	0	1	0	0	1	0	0	1	1	1	1	1	1	1	0	0	1	4	4	1	0	0	1	0	0	1	1	1	1	0	0	1	4	4	1	3	3	1	4	4	1	7	7	1	7	7	1	1	1	1	0	0	1	0	0	1	0	0	1	0	0	1	0	0	1	2	2	1	0	0	1	0	0	1	0	0	1	0	0	1	1	1	1	0	0	1	0	0	1	0	0	1
268	102	1.0000	1	1	1	0	0	1	0	0	1	0	0	1	0	0	1	1	1	1	1	1	1	0	0	1	4	4	1	0	0	1	0	0	1	1	1	1	0	0	1	4	4	1	3	3	1	4	4	1	7	7	1	7	7	1	1	1	1	0	0	1	0	0	1	0	0	1	0	0	1	0	0	1	2	2	1	0	0	1	0	0	1	0	0	1	0	0	1	1	1	1	0	0	1	0	0	1	0	0	1
269	102	1.0000	1	1	1	0	0	1	0	0	1	0	0	1	0	0	1	1	1	1	1	1	1	0	0	1	4	4	1	0	0	1	0	0	1	1	1	1	0	0	1	4	4	1	3	3	1	4	4	1	7	7	1	7	7	1	1	1	1	0	0	1	0	0	1	0	0	1	0	0	1	0	0	1	2	2	1	0	0	1	0	0	1	0	0	1	0	0	1	1	1	1	0	0	1	0	0	1	0	0	1
270	102	1.0000	1	1	1	0	0	1	0	0	1	0	0	1	0	0	1	1	1	1	1	1	1	0	0	1	4	4	1	0	0	1	0	0	1	1	1	1	0	0	1	4	4	1	3	3	1	4	4	1	7	7	1	7	7	1	1	1	1	0	0	1	0	0	1	0	0	1	0	0	1	0	0	1	2	2	1	0	0	1	0	0	1	0	0	1	0	0	1	1	1	1	0	0	1	0	0	1	0	0	1
271	102	1.0000	1	1	1	0	0	1	0	0	1	0	0	1	0	0	1	1	1	1	1	1	1	0	0	1	4	4	1	0	0	1	0	0	1	1	1	1	0	0	1	4	4	1	3	3	1	4	4	1	7	7	1	7	7	1	1	1	1	0	0	1	0	0	1	0	0	1	0	0	1	0	0	1	2	2	1	0	0	1	0	0	1	0	0	1	0	0	1	1	1	1	0	0	1	0	0	1	0	0	1
272	102	1.0000	1	1	1	0	0	1	0	0	1	0	0	1	0	0	1	1	1	1	1	1	1	0	0	1	4	4	1	0	0	1	0	0	1	1	1	1	0	0	1	4	4	1	3	3	1	4	4	1	7	7	1	7	7	1	1	1	1	0	0	1	0	0	1	0	0	1	0	0	1	0	0	1	2	2	1	0	0	1	0	0	1	0	0	1	0	0	1	1	1	1	0	0	1	0	0	1	0	0	1
273	102	1.0000	1	1	1	0	0	1	0	0	1	0	0	1	0	0	1	1	1	1	1	1	1	0	0	1	4	4	1	0	0	1	0	0	1	1	1	1	0	0	1	4	4	1	3	3	1	4	4	1	7	7	1	7	7	1	1	1	1	0	0	1	0	0	1	0	0	1	0	0	1	0	0	1	2	2	1	0	0	1	0	0	1	0	0	1	0	0	1	1	1	1	0	0	1	0	0	1	0	0	1
274	102	1.0000	1	1	1	0	0	1	0	0	1	0	0	1	0	0	1	1	1	1	1	1	1	0	0	1	4	4	1	0	0	1	0	0	1	1	1	1	0	0	1	4	4	1	3	3	1	4	4	1	7	7	1	7	7	1	1	1	1	0	0	1	0	0	1	0	0	1	0	0	1	0	0	1	2	2	1	0	0	1	0	0	1	0	0	1	0	0	1	1	1	1	0	0	1	0	0	1	0	0	1
275	102	1.0000	1	1	1	0	0	1	0	0	1	0	0	1	0	0	1	1	1	1	1	1	1	0	0	1	4	4	1	0	0	1	0	0	1	1	1	1	0	0	1	4	4	1	3	3	1	4	4	1	7	7	1	7	7	1	1	1	1	0	0	1	0	0	1	0	0	1	0	0	1	0	0	1	2	2	1	0	0	1	0	0	1	0	0	1	0	0	1	1	1	1	0	0	1	0	0	1	0	0	1
276	102	1.0000	1	1	1	0	0	1	0	0	1	0	0	1	0	0	1	1	1	1	1	1	1	0	0	1	4	4	1	0	0	1	0	0	1	1	1	1	0	0	1	4	4	1	3	3	1	4	4	1	7	7	1	7	7	1	1	1	1	0	0	1	0	0	1	0	0	1	0	0	1	0	0	1	2	2	1	0	0	1	0	0	1	0	0	1	0	0	1	1	1	1	0	0	1	0	0	1	0	0	1
277	102	1.0000	1	1	1	0	0	1	0	0	1	0	0	1	0	0	1	1	1	1	1	1	1	0	0	1	4	4	1	0	0	1	0	0	1	1	1	1	0	0	1	4	4	1	3	3	1	4	4	1	7	7	1	7	7	1	1	1	1	0	0	1	0	0	1	0	0	1	0	0	1	0	0	1	2	2	1	0	0	1	0	0	1	0	0	1	0	0	1	1	1	1	0	0	1	0	0	1	0	0	1
278	102	1.0000	1	1	1	0	0	1	0	0	1	0	0	1	0	0	1	1	1	1	1	1	1	0	0	1	4	4	1	0	0	1	0	0	1	1	1	1	0	0	1	4	4	1	3	3	1	4	4	1	7	7	1	7	7	1	1	1	1	0	0	1	0	0	1	0	0	1	0	0	1	0	0	1	2	2	1	0	0	1	0	0	1	0	0	1	0	0	1	1	1	1	0	0	1	0	0	1	0	0	1
279	102	1.0000	1	1	1	0	0	1	0	0	1	0	0	1	0	0	1	1	1	1	1	1	1	0	0	1	4	4	1	0	0	1	0	0	1	1	1	1	0	0	1	4	4	1	3	3	1	4	4	1	7	7	1	7	7	1	1	1	1	0	0	1	0	0	1	0	0	1	0	0	1	0	0	1	2	2	1	0	0	1	0	0	1	0	0	1	0	0	1	1	1	1	0	0	1	0	0	1	0	0	1
280	102	1.0000	1	1	1	0	0	1	0	0	1	0	0	1	0	0	1	1	1	1	1	1	1	0	0	1	4	4	1	0	0	1	0	0	1	1	1	1	0	0	1	4	4	1	3	3	1	4	4	1	7	7	1	7	7	1	1	1	1	0	0	1	0	0	1	0	0	1	0	0	1	0	0	1	2	2	1	0	0	1	0	0	1	0	0	1	0	0	1	1	1	1	0	0	1	0	0	1	0	0	1
281	102	1.0000	1	1	1	0	0	1	0	0	1	0	0	1	0	0	1	1	1	1	1	1	1	0	0	1	4	4	1	0	0	1	0	0	1	1	1	1	0	0	1	4	4	1	3	3	1	4	4	1	7	7	1	7	7	1	1	1	1	0	0	1	0	0	1	0	0	1	0	0	1	0	0	1	2	2	1	0	0	1	0	0	1	0	0	1	0	0	1	1	1	1	0	0	1	0	0	1	0	0	1
282	102	1.0000	1	1	1	0	0	1	0	0	1	0	0	1	0	0	1	1	1	1	1	1	1	0	0	1	4	4	1	0	0	1	0	0	1	1	1	1	0	0	1	4	4	1	3	3	1	4	4	1	7	7	1	7	7	1	1	1	1	0	0	1	0	0	1	0	0	1	0	0	1	0	0	1	2	2	1	0	0	1	0	0	1	0	0	1	0	0	1	1	1	1	0	0	1	0	0	1	0	0	1
283	102	1.0000	1	1	1	0	0	1	0	0	1	0	0	1	0	0	1	1	1	1	1	1	1	0	0	1	4	4	1	0	0	1	0	0	1	1	1	1	0	0	1	4	4	1	3	3	1	4	4	1	7	7	1	7	7	1	1	1	1	0	0	1	0	0	1	0	0	1	0	0	1	0	0	1	2	2	1	0	0	1	0	0	1	0	0	1	0	0	1	1	1	1	0	0	1	0	0	1	0	0	1
284	101	0.9902	1	1	1	0	0	1	0	0	1	0	0	1	0	0	1	1	1	1	1	1	1	0	0	1	4	4	1	0	0	1	0	0	1	1	1	1	0	0	1	4	4	1	3	3	1	4	4	1	7	7	1	7	7	1	1	1	1	0	0	1	0	0	1	0	0	1	0	0	1	0	0	1	2	2	1	0	0	1	0	0	1	0	0	1	0	0	1	0	0	0	0	0	1	0	0	1	0	0	1
285	102	1.0000	1	1	1	0	0	1	0	0	1	0	0	1	0	0	1	1	1	1	1	1	1	0	0	1	4	4	1	0	0	1	0	0	1	1	1	1	0	0	1	4	4	1	3	3	1	4	4	1	7	7	1	7	7	1	1	1	1	0	0	1	0	0	1	0	0	1	0	0	1	0	0	1	2	2	1	0	0	1	0	0	1	0	0	1	0	0	1	1	1	1	0	0	1	0	0	1	0	0	1
286	102	1.0000	1	1	1	0	0	1	0	0	1	0	0	1	0	0	1	1	1	1	1	1	1	0	0	1	4	4	1	0	0	1	0	0	1	1	1	1	0	0	1	4	4	1	3	3	1	4	4	1	7	7	1	7	7	1	1	1	1	0	0	1	0	0	1	0	0	1	0	0	1	0	0	1	2	2	1	0	0	1	0	0	1	0	0	1	0	0	1	1	1	1	0	0	1	0	0	1	0	0	1
287	102	1.0000	1	1	1	0	0	1	0	0	1	0	0	1	0	0	1	1	1	1	1	1	1	0	0	1	4	4	1	0	0	1	0	0	1	1	1	1	0	0	1	4	4	1	3	3	1	4	4	1	7	7	1	7	7	1	1	1	1	0	0	1	0	0	1	0	0	1	0	0	1	0	0	1	2	2	1	0	0	1	0	0	1	0	0	1	0	0	1	1	1	1	0	0	1	0	0	1	0	0	1
288	102	1.0000	1	1	1	0	0	1	0	0	1	0	0	1	0	0	1	1	1	1	1	1	1	0	0	1	4	4	1	0	0	1	0	0	1	1	1	1	0	0	1	4	4	1	3	3	1	4	4	1	7	7	1	7	7	1	1	1	1	0	0	1	0	0	1	0	0	1	0	0	1	0	0	1	2	2	1	0	0	1	0	0	1	0	0	1	0	0	1	1	1	1	0	0	1	0	0	1	0	0	1
289	102	1.0000	1	1	1	0	0	1	0	0	1	0	0	1	0	0	1	1	1	1	1	1	1	0	0	1	4	4	1	0	0	1	0	0	1	1	1	1	0	0	1	4	4	1	3	3	1	4	4	1	7	7	1	7	7	1	1	1	1	0	0	1	0	0	1	0	0	1	0	0	1	0	0	1	2	2	1	0	0	1	0	0	1	0	0	1	0	0	1	1	1	1	0	0	1	0	0	1	0	0	1
290	102	1.0000	1	1	1	0	0	1	0	0	1	0	0	1	0	0	1	1	1	1	1	1	1	0	0	1	4	4	1	0	0	1	0	0	1	1	1	1	0	0	1	4	4	1	3	3	1	4	4	1	7	7	1	7	7	1	1	1	1	0	0	1	0	0	1	0	0	1	0	0	1	0	0	1	2	2	1	0	0	1	0	0	1	0	0	1	0	0	1	1	1	1	0	0	1	0	0	1	0	0	1
291	102	1.0000	1	1	1	0	0	1	0	0	1	0	0	1	0	0	1	1	1	1	1	1	1	0	0	1	4	4	1	0	0	1	0	0	1	1	1	1	0	0	1	4	4	1	3	3	1	4	4	1	7	7	1	7	7	1	1	1	1	0	0	1	0	0	1	0	0	1	0	0	1	0	0	1	2	2	1	0	0	1	0	0	1	0	0	1	0	0	1	1	1	1	0	0	1	0	0	1	0	0	1
292	102	1.0000	1	1	1	0	0	1	0	0	1	0	0	1	0	0	1	1	1	1	1	1	1	0	0	1	4	4	1	0	0	1	0	0	1	1	1	1	0	0	1	4	4	1	3	3	1	4	4	1	7	7	1	7	7	1	1	1	1	0	0	1	0	0	1	0	0	1	0	0	1	0	0	1	2	2	1	0	0	1	0	0	1	0	0	1	0	0	1	1	1	1	0	0	1	0	0	1	0	0	1
293	102	1.0000	1	1	1	0	0	1	0	0	1	0	0	1	0	0	1	1	1	1	1	1	1	0	0	1	4	4	1	0	0	1	0	0	1	1	1	1	0	0	1	4	4	1	3	3	1	4	4	1	7	7	1	7	7	1	1	1	1	0	0	1	0	0	1	0	0	1	0	0	1	0	0	1	2	2	1	0	0	1	0	0	1	0	0	1	0	0	1	1	1	1	0	0	1	0	0	1	0	0	1
294	102	1.0000	1	1	1	0	0	1	0	0	1	0	0	1	0	0	1	1	1	1	1	1	1	0	0	1	4	4	1	0	0	1	0	0	1	1	1	1	0	0	1	4	4	1	3	3	1	4	4	1	7	7	1	7	7	1	1	1	1	0	0	1	0	0	1	0	0	1	0	0	1	0	0	1	2	2	1	0	0	1	0	0	1	0	0	1	0	0	1	1	1	1	0	0	1	0	0	1	0	0	1
295	102	1.0000	1	1	1	0	0	1	0	0	1	0	0	1	0	0	1	1	1	1	1	1	1	0	0	1	4	4	1	0	0	1	0	0	1	1	1	1	0	0	1	4	4	1	3	3	1	4	4	1	7	7	1	7	7	1	1	1	1	0	0	1	0	0	1	0	0	1	0	0	1	0	0	1	2	2	1	0	0	1	0	0	1	0	0	1	0	0	1	1	1	1	0	0	1	0	0	1	0	0	1
296	102	1.0000	1	1	1	0	0	1	0	0	1	0	0	1	0	0	1	1	1	1	1	1	1	0	0	1	4	4	1	0	0	1	0	0	1	1	1	1	0	0	1	4	4	1	3	3	1	4	4	1	7	7	1	7	7	1	1	1	1	0	0	1	0	0	1	0	0	1	0	0	1	0	0	1	2	2	1	0	0	1	0	0	1	0	0	1	0	0	1	1	1	1	0	0	1	0	0	1	0	0	1
297	102	1.0000	1	1	1	0	0	1	0	0	1	0	0	1	0	0	1	1	1	1	1	1	1	0	0	1	4	4	1	0	0	1	0	0	1	1	1	1	0	0	1	4	4	1	3	3	1	4	4	1	7	7	1	7	7	1	1	1	1	0	0	1	0	0	1	0	0	1	0	0	1	0	0	1	2	2	1	0	0	1	0	0	1	0	0	1	0	0	1	1	1	1	0	0	1	0	0	1	0	0	1
298	102	1.0000	1	1	1	0	0	1	0	0	1	0	0	1	0	0	1	1	1	1	1	1	1	0	0	1	4	4	1	0	0	1	0	0	1	1	1	1	0	0	1	4	4	1	3	3	1	4	4	1	7	7	1	7	7	1	1	1	1	0	0	1	0	0	1	0	0	1	0	0	1	0	0	1	2	2	1	0	0	1	0	0	1	0	0	1	0	0	1	1	1	1	0	0	1	0	0	1	0	0	1
299	102	1.0000	1	1	1	0	0	1	0	0	1	0	0	1	0	0	1	1	1	1	1	1	1	0	0	1	4	4	1	0	0	1	0	0	1	1	1	1	0	0	1	4	4	1	3	3	1	4	4	1	7	7	1	7	7	1	1	1	1	0	0	1	0	0	1	0	0	1	0	0	1	0	0	1	2	2	1	0	0	1	0	0	1	0	0	1	0	0	1	1	1	1	0	0	1	0	0	1	0	0	1
300	102	1.0000	1	1	1	0	0	1	0	0	1	0	0	1	0	0	1	1	1	1	1	1	1	0	0	1	4	4	1	0	0	1	0	0	1	1	1	1	0	0	1	4	4	1	3	3	1	4	4	1	7	7	1	7	7	1	1	1	1	0	0	1	0	0	1	0	0	1	0	0	1	0	0	1	2	2	1	0	0	1	0	0	1	0	0	1	0	0	1	1	1	1	0	0	1	0	0	1	0	0	1
301	102	1.0000	1	1	1	0	0	1	0	0	1	0	0	1	0	0	1	1	1	1	1	1	1	0	0	1	4	4	1	0	0	1	0	0	1	1	1	1	0	0	1	4	4	1	3	3	1	4	4	1	7	7	1	7	7	1	1	1	1	0	0	1	0	0	1	0	0	1	0	0	1	0	0	1	2	2	1	0	0	1	0	0	1	0	0	1	0	0	1	1	1	1	0	0	1	0	0	1	0	0	1
302	102	1.0000	1	1	1	0	0	1	0	0	1	0	0	1	0	0	1	1	1	1	1	1	1	0	0	1	4	4	1	0	0	1	0	0	1	1	1	1	0	0	1	4	4	1	3	3	1	4	4	1	7	7	1	7	7	1	1	1	1	0	0	1	0	0	1	0	0	1	0	0	1	0	0	1	2	2	1	0	0	1	0	0	1	0	0	1	0	0	1	1	1	1	0	0	1	0	0	1	0	0	1
303	102	1.0000	1	1	1	0	0	1	0	0	1	0	0	1	0	0	1	1	1	1	1	1	1	0	0	1	4	4	1	0	0	1	0	0	1	1	1	1	0	0	1	4	4	1	3	3	1	4	4	1	7	7	1	7	7	1	1	1	1	0	0	1	0	0	1	0	0	1	0	0	1	0	0	1	2	2	1	0	0	1	0	0	1	0	0	1	0	0	1	1	1	1	0	0	1	0	0	1	0	0	1
304	102	1.0000	1	1	1	0	0	1	0	0	1	0	0	1	0	0	1	1	1	1	1	1	1	0	0	1	4	4	1	0	0	1	0	0	1	1	1	1	0	0	1	4	4	1	3	3	1	4	4	1	7	7	1	7	7	1	1	1	1	0	0	1	0	0	1	0	0	1	0	0	1	0	0	1	2	2	1	0	0	1	0	0	1	0	0	1	0	0	1	1	1	1	0	0	1	0	0	1	0	0	1
305	102	1.0000	1	1	1	0	0	1	0	0	1	0	0	1	0	0	1	1	1	1	1	1	1	0	0	1	4	4	1	0	0	1	0	0	1	1	1	1	0	0	1	4	4	1	3	3	1	4	4	1	7	7	1	7	7	1	1	1	1	0	0	1	0	0	1	0	0	1	0	0	1	0	0	1	2	2	1	0	0	1	0	0	1	0	0	1	0	0	1	1	1	1	0	0	1	0	0	1	0	0	1
306	102	1.0000	1	1	1	0	0	1	0	0	1	0	0	1	0	0	1	1	1	1	1	1	1	0	0	1	4	4	1	0	0	1	0	0	1	1	1	1	0	0	1	4	4	1	3	3	1	4	4	1	7	7	1	7	7	1	1	1	1	0	0	1	0	0	1	0	0	1	0	0	1	0	0	1	2	2	1	0	0	1	0	0	1	0	0	1	0	0	1	1	1	1	0	0	1	0	0	1	0	0	1
307	102	1.0000	1	1	1	0	0	1	0	0	1	0	0	1	0	0	1	1	1	1	1	1	1	0	0	1	4	4	1	0	0	1	0	0	1	1	1	1	0	0	1	4	4	1	3	3	1	4	4	1	7	7	1	7	7	1	1	1	1	0	0	1	0	0	1	0	0	1	0	0	1	0	0	1	2	2	1	0	0	1	0	0	1	0	0	1	0	0	1	1	1	1	0	0	1	0	0	1	0	0	1
308	102	1.0000	1	1	1	0	0	1	0	0	1	0	0	1	0	0	1	1	1	1	1	1	1	0	0	1	4	4	1	0	0	1	0	0	1	1	1	1	0	0	1	4	4	1	3	3	1	4	4	1	7	7	1	7	7	1	1	1	1	0	0	1	0	0	1	0	0	1	0	0	1	0	0	1	2	2	1	0	0	1	0	0	1	0	0	1	0	0	1	1	1	1	0	0	1	0	0	1	0	0	1
309	102	1.0000	1	1	1	0	0	1	0	0	1	0	0	1	0	0	1	1	1	1	1	1	1	0	0	1	4	4	1	0	0	1	0	0	1	1	1	1	0	0	1	4	4	1	3	3	1	4	4	1	7	7	1	7	7	1	1	1	1	0	0	1	0	0	1	0	0	1	0	0	1	0	0	1	2	2	1	0	0	1	0	0	1	0	0	1	0	0	1	1	1	1	0	0	1	0	0	1	0	0	1
310	102	1.0000	1	1	1	0	0	1	0	0	1	0	0	1	0	0	1	1	1	1	1	1	1	0	0	1	4	4	1	0	0	1	0	0	1	1	1	1	0	0	1	4	4	1	3	3	1	4	4	1	7	7	1	7	7	1	1	1	1	0	0	1	0	0	1	0	0	1	0	0	1	0	0	1	2	2	1	0	0	1	0	0	1	0	0	1	0	0	1	1	1	1	0	0	1	0	0	1	0	0	1
311	102	1.0000	1	1	1	0	0	1	0	0	1	0	0	1	0	0	1	1	1	1	1	1	1	0	0	1	4	4	1	0	0	1	0	0	1	1	1	1	0	0	1	4	4	1	3	3	1	4	4	1	7	7	1	7	7	1	1	1	1	0	0	1	0	0	1	0	0	1	0	0	1	0	0	1	2	2	1	0	0	1	0	0	1	0	0	1	0	0	1	1	1	1	0	0	1	0	0	1	0	0	1
312	102	1.0000	1	1	1	0	0	1	0	0	1	0	0	1	0	0	1	1	1	1	1	1	1	0	0	1	4	4	1	0	0	1	0	0	1	1	1	1	0	0	1	4	4	1	3	3	1	4	4	1	7	7	1	7	7	1	1	1	1	0	0	1	0	0	1	0	0	1	0	0	1	0	0	1	2	2	1	0	0	1	0	0	1	0	0	1	0	0	1	1	1	1	0	0	1	0	0	1	0	0	1
313	102	1.0000	1	1	1	0	0	1	0	0	1	0	0	1	0	0	1	1	1	1	1	1	1	0	0	1	4	4	1	0	0	1	0	0	1	1	1	1	0	0	1	4	4	1	3	3	1	4	4	1	7	7	1	7	7	1	1	1	1	0	0	1	0	0	1	0	0	1	0	0	1	0	0	1	2	2	1	0	0	1	0	0	1	0	0	1	0	0	1	1	1	1	0	0	1	0	0	1	0	0	1
314	102	1.0000	1	1	1	0	0	1	0	0	1	0	0	1	0	0	1	1	1	1	1	1	1	0	0	1	4	4	1	0	0	1	0	0	1	1	1	1	0	0	1	4	4	1	3	3	1	4	4	1	7	7	1	7	7	1	1	1	1	0	0	1	0	0	1	0	0	1	0	0	1	0	0	1	2	2	1	0	0	1	0	0	1	0	0	1	0	0	1	1	1	1	0	0	1	0	0	1	0	0	1
315	102	1.0000	1	1	1	0	0	1	0	0	1	0	0	1	0	0	1	1	1	1	1	1	1	0	0	1	4	4	1	0	0	1	0	0	1	1	1	1	0	0	1	4	4	1	3	3	1	4	4	1	7	7	1	7	7	1	1	1	1	0	0	1	0	0	1	0	0	1	0	0	1	0	0	1	2	2	1	0	0	1	0	0	1	0	0	1	0	0	1	1	1	1	0	0	1	0	0	1	0	0	1
316	102	1.0000	1	1	1	0	0	1	0	0	1	0	0	1	0	0	1	1	1	1	1	1	1	0	0	1	4	4	1	0	0	1	0	0	1	1	1	1	0	0	1	4	4	1	3	3	1	4	4	1	7	7	1	7	7	1	1	1	1	0	0	1	0	0	1	0	0	1	0	0	1	0	0	1	2	2	1	0	0	1	0	0	1	0	0	1	0	0	1	1	1	1	0	0	1	0	0	1	0	0	1
317	102	1.0000	1	1	1	0	0	1	0	0	1	0	0	1	0	0	1	1	1	1	1	1	1	0	0	1	4	4	1	0	0	1	0	0	1	1	1	1	0	0	1	4	4	1	3	3	1	4	4	1	7	7	1	7	7	1	1	1	1	0	0	1	0	0	1	0	0	1	0	0	1	0	0	1	2	2	1	0	0	1	0	0	1	0	0	1	0	0	1	1	1	1	0	0	1	0	0	1	0	0	1
318	102	1.0000	1	1	1	0	0	1	0	0	1	0	0	1	0	0	1	1	1	1	1	1	1	0	0	1	4	4	1	0	0	1	0	0	1	1	1	1	0	0	1	4	4	1	3	3	1	4	4	1	7	7	1	7	7	1	1	1	1	0	0	1	0	0	1	0	0	1	0	0	1	0	0	1	2	2	1	0	0	1	0	0	1	0	0	1	0	0	1	1	1	1	0	0	1	0	0	1	0	0	1
319	102	1.0000	1	1	1	0	0	1	0	0	1	0	0	1	0	0	1	1	1	1	1	1	1	0	0	1	4	4	1	0	0	1	0	0	1	1	1	1	0	0	1	4	4	1	3	3	1	4	4	1	7	7	1	7	7	1	1	1	1	0	0	1	0	0	1	0	0	1	0	0	1	0	0	1	2	2	1	0	0	1	0	0	1	0	0	1	0	0	1	1	1	1	0	0	1	0	0	1	0	0	1
320	102	1.0000	1	1	1	0	0	1	0	0	1	0	0	1	0	0	1	1	1	1	1	1	1	0	0	1	4	4	1	0	0	1	0	0	1	1	1	1	0	0	1	4	4	1	3	3	1	4	4	1	7	7	1	7	7	1	1	1	1	0	0	1	0	0	1	0	0	1	0	0	1	0	0	1	2	2	1	0	0	1	0	0	1	0	0	1	0	0	1	1	1	1	0	0	1	0	0	1	0	0	1
321	102	1.0000	1	1	1	0	0	1	0	0	1	0	0	1	0	0	1	1	1	1	1	1	1	0	0	1	4	4	1	0	0	1	0	0	1	1	1	1	0	0	1	4	4	1	3	3	1	4	4	1	7	7	1	7	7	1	1	1	1	0	0	1	0	0	1	0	0	1	0	0	1	0	0	1	2	2	1	0	0	1	0	0	1	0	0	1	0	0	1	1	1	1	0	0	1	0	0	1	0	0	1
322	102	1.0000	1	1	1	0	0	1	0	0	1	0	0	1	0	0	1	1	1	1	1	1	1	0	0	1	4	4	1	0	0	1	0	0	1	1	1	1	0	0	1	4	4	1	3	3	1	4	4	1	7	7	1	7	7	1	1	1	1	0	0	1	0	0	1	0	0	1	0	0	1	0	0	1	2	2	1	0	0	1	0	0	1	0	0	1	0	0	1	1	1	1	0	0	1	0	0	1	0	0	1
323	102	1.0000	1	1	1	0	0	1	0	0	1	0	0	1	0	0	1	1	1	1	1	1	1	0	0	1	4	4	1	0	0	1	0	0	1	1	1	1	0	0	1	4	4	1	3	3	1	4	4	1	7	7	1	7	7	1	1	1	1	0	0	1	0	0	1	0	0	1	0	0	1	0	0	1	2	2	1	0	0	1	0	0	1	0	0	1	0	0	1	1	1	1	0	0	1	0	0	1	0	0	1
324	102	1.0000	1	1	1	0	0	1	0	0	1	0	0	1	0	0	1	1	1	1	1	1	1	0	0	1	4	4	1	0	0	1	0	0	1	1	1	1	0	0	1	4	4	1	3	3	1	4	4	1	7	7	1	7	7	1	1	1	1	0	0	1	0	0	1	0	0	1	0	0	1	0	0	1	2	2	1	0	0	1	0	0	1	0	0	1	0	0	1	1	1	1	0	0	1	0	0	1	0	0	1
325	102	1.0000	1	1	1	0	0	1	0	0	1	0	0	1	0	0	1	1	1	1	1	1	1	0	0	1	4	4	1	0	0	1	0	0	1	1	1	1	0	0	1	4	4	1	3	3	1	4	4	1	7	7	1	7	7	1	1	1	1	0	0	1	0	0	1	0	0	1	0	0	1	0	0	1	2	2	1	0	0	1	0	0	1	0	0	1	0	0	1	1	1	1	0	0	1	0	0	1	0	0	1
326	102	1.0000	1	1	1	0	0	1	0	0	1	0	0	1	0	0	1	1	1	1	1	1	1	0	0	1	4	4	1	0	0	1	0	0	1	1	1	1	0	0	1	4	4	1	3	3	1	4	4	1	7	7	1	7	7	1	1	1	1	0	0	1	0	0	1	0	0	1	0	0	1	0	0	1	2	2	1	0	0	1	0	0	1	0	0	1	0	0	1	1	1	1	0	0	1	0	0	1	0	0	1
327	102	1.0000	1	1	1	0	0	1	0	0	1	0	0	1	0	0	1	1	1	1	1	1	1	0	0	1	4	4	1	0	0	1	0	0	1	1	1	1	0	0	1	4	4	1	3	3	1	4	4	1	7	7	1	7	7	1	1	1	1	0	0	1	0	0	1	0	0	1	0	0	1	0	0	1	2	2	1	0	0	1	0	0	1	0	0	1	0	0	1	1	1	1	0	0	1	0	0	1	0	0	1
328	102	1.0000	1	1	1	0	0	1	0	0	1	0	0	1	0	0	1	1	1	1	1	1	1	0	0	1	4	4	1	0	0	1	0	0	1	1	1	1	0	0	1	4	4	1	3	3	1	4	4	1	7	7	1	7	7	1	1	1	1	0	0	1	0	0	1	0	0	1	0	0	1	0	0	1	2	2	1	0	0	1	0	0	1	0	0	1	0	0	1	1	1	1	0	0	1	0	0	1	0	0	1
329	102	1.0000	1	1	1	0	0	1	0	0	1	0	0	1	0	0	1	1	1	1	1	1	1	0	0	1	4	4	1	0	0	1	0	0	1	1	1	1	0	0	1	4	4	1	3	3	1	4	4	1	7	7	1	7	7	1	1	1	1	0	0	1	0	0	1	0	0	1	0	0	1	0	0	1	2	2	1	0	0	1	0	0	1	0	0	1	0	0	1	1	1	1	0	0	1	0	0	1	0	0	1
330	102	1.0000	1	1	1	0	0	1	0	0	1	0	0	1	0	0	1	1	1	1	1	1	1	0	0	1	4	4	1	0	0	1	0	0	1	1	1	1	0	0	1	4	4	1	3	3	1	4	4	1	7	7	1	7	7	1	1	1	1	0	0	1	0	0	1	0	0	1	0	0	1	0	0	1	2	2	1	0	0	1	0	0	1	0	0	1	0	0	1	1	1	1	0	0	1	0	0	1	0	0	1
331	102	1.0000	1	1	1	0	0	1	0	0	1	0	0	1	0	0	1	1	1	1	1	1	1	0	0	1	4	4	1	0	0	1	0	0	1	1	1	1	0	0	1	4	4	1	3	3	1	4	4	1	7	7	1	7	7	1	1	1	1	0	0	1	0	0	1	0	0	1	0	0	1	0	0	1	2	2	1	0	0	1	0	0	1	0	0	1	0	0	1	1	1	1	0	0	1	0	0	1	0	0	1
332	102	1.0000	1	1	1	0	0	1	0	0	1	0	0	1	0	0	1	1	1	1	1	1	1	0	0	1	4	4	1	0	0	1	0	0	1	1	1	1	0	0	1	4	4	1	3	3	1	4	4	1	7	7	1	7	7	1	1	1	1	0	0	1	0	0	1	0	0	1	0	0	1	0	0	1	2	2	1	0	0	1	0	0	1	0	0	1	0	0	1	1	1	1	0	0	1	0	0	1	0	0	1
333	102	1.0000	1	1	1	0	0	1	0	0	1	0	0	1	0	0	1	1	1	1	1	1	1	0	0	1	4	4	1	0	0	1	0	0	1	1	1	1	0	0	1	4	4	1	3	3	1	4	4	1	7	7	1	7	7	1	1	1	1	0	0	1	0	0	1	0	0	1	0	0	1	0	0	1	2	2	1	0	0	1	0	0	1	0	0	1	0	0	1	1	1	1	0	0	1	0	0	1	0	0	1
334	102	1.0000	1	1	1	0	0	1	0	0	1	0	0	1	0	0	1	1	1	1	1	1	1	0	0	1	4	4	1	0	0	1	0	0	1	1	1	1	0	0	1	4	4	1	3	3	1	4	4	1	7	7	1	7	7	1	1	1	1	0	0	1	0	0	1	0	0	1	0	0	1	0	0	1	2	2	1	0	0	1	0	0	1	0	0	1	0	0	1	1	1	1	0	0	1	0	0	1	0	0	1
335	102	1.0000	1	1	1	0	0	1	0	0	1	0	0	1	0	0	1	1	1	1	1	1	1	0	0	1	4	4	1	0	0	1	0	0	1	1	1	1	0	0	1	4	4	1	3	3	1	4	4	1	7	7	1	7	7	1	1	1	1	0	0	1	0	0	1	0	0	1	0	0	1	0	0	1	2	2	1	0	0	1	0	0	1	0	0	1	0	0	1	1	1	1	0	0	1	0	0	1	0	0	1
336	102	1.0000	1	1	1	0	0	1	0	0	1	0	0	1	0	0	1	1	1	1	1	1	1	0	0	1	4	4	1	0	0	1	0	0	1	1	1	1	0	0	1	4	4	1	3	3	1	4	4	1	7	7	1	7	7	1	1	1	1	0	0	1	0	0	1	0	0	1	0	0	1	0	0	1	2	2	1	0	0	1	0	0	1	0	0	1	0	0	1	1	1	1	0	0	1	0	0	1	0	0	1
337	102	1.0000	1	1	1	0	0	1	0	0	1	0	0	1	0	0	1	1	1	1	1	1	1	0	0	1	4	4	1	0	0	1	0	0	1	1	1	1	0	0	1	4	4	1	3	3	1	4	4	1	7	7	1	7	7	1	1	1	1	0	0	1	0	0	1	0	0	1	0	0	1	0	0	1	2	2	1	0	0	1	0	0	1	0	0	1	0	0	1	1	1	1	0	0	1	0	0	1	0	0	1
338	102	1.0000	1	1	1	0	0	1	0	0	1	0	0	1	0	0	1	1	1	1	1	1	1	0	0	1	4	4	1	0	0	1	0	0	1	1	1	1	0	0	1	4	4	1	3	3	1	4	4	1	7	7	1	7	7	1	1	1	1	0	0	1	0	0	1	0	0	1	0	0	1	0	0	1	2	2	1	0	0	1	0	0	1	0	0	1	0	0	1	1	1	1	0	0	1	0	0	1	0	0	1
339	102	1.0000	1	1	1	0	0	1	0	0	1	0	0	1	0	0	1	1	1	1	1	1	1	0	0	1	4	4	1	0	0	1	0	0	1	1	1	1	0	0	1	4	4	1	3	3	1	4	4	1	7	7	1	7	7	1	1	1	1	0	0	1	0	0	1	0	0	1	0	0	1	0	0	1	2	2	1	0	0	1	0	0	1	0	0	1	0	0	1	1	1	1	0	0	1	0	0	1	0	0	1
340	102	1.0000	1	1	1	0	0	1	0	0	1	0	0	1	0	0	1	1	1	1	1	1	1	0	0	1	4	4	1	0	0	1	0	0	1	1	1	1	0	0	1	4	4	1	3	3	1	4	4	1	7	7	1	7	7	1	1	1	1	0	0	1	0	0	1	0	0	1	0	0	1	0	0	1	2	2	1	0	0	1	0	0	1	0	0	1	0	0	1	1	1	1	0	0	1	0	0	1	0	0	1
341	102	1.0000	1	1	1	0	0	1	0	0	1	0	0	1	0	0	1	1	1	1	1	1	1	0	0	1	4	4	1	0	0	1	0	0	1	1	1	1	0	0	1	4	4	1	3	3	1	4	4	1	7	7	1	7	7	1	1	1	1	0	0	1	0	0	1	0	0	1	0	0	1	0	0	1	2	2	1	0	0	1	0	0	1	0	0	1	0	0	1	1	1	1	0	0	1	0	0	1	0	0	1
342	102	1.0000	1	1	1	0	0	1	0	0	1	0	0	1	0	0	1	1	1	1	1	1	1	0	0	1	4	4	1	0	0	1	0	0	1	1	1	1	0	0	1	4	4	1	3	3	1	4	4	1	7	7	1	7	7	1	1	1	1	0	0	1	0	0	1	0	0	1	0	0	1	0	0	1	2	2	1	0	0	1	0	0	1	0	0	1	0	0	1	1	1	1	0	0	1	0	0	1	0	0	1
343	102	1.0000	1	1	1	0	0	1	0	0	1	0	0	1	0	0	1	1	1	1	1	1	1	0	0	1	4	4	1	0	0	1	0	0	1	1	1	1	0	0	1	4	4	1	3	3	1	4	4	1	7	7	1	7	7	1	1	1	1	0	0	1	0	0	1	0	0	1	0	0	1	0	0	1	2	2	1	0	0	1	0	0	1	0	0	1	0	0	1	1	1	1	0	0	1	0	0	1	0	0	1
344	102	1.0000	1	1	1	0	0	1	0	0	1	0	0	1	0	0	1	1	1	1	1	1	1	0	0	1	4	4	1	0	0	1	0	0	1	1	1	1	0	0	1	4	4	1	3	3	1	4	4	1	7	7	1	7	7	1	1	1	1	0	0	1	0	0	1	0	0	1	0	0	1	0	0	1	2	2	1	0	0	1	0	0	1	0	0	1	0	0	1	1	1	1	0	0	1	0	0	1	0	0	1
345	102	1.0000	1	1	1	0	0	1	0	0	1	0	0	1	0	0	1	1	1	1	1	1	1	0	0	1	4	4	1	0	0	1	0	0	1	1	1	1	0	0	1	4	4	1	3	3	1	4	4	1	7	7	1	7	7	1	1	1	1	0	0	1	0	0	1	0	0	1	0	0	1	0	0	1	2	2	1	0	0	1	0	0	1	0	0	1	0	0	1	1	1	1	0	0	1	0	0	1	0	0	1
346	103	0.9903	1	1	1	0	0	1	0	0	1	0	0	1	0	0	1	1	1	1	1	1	1	0	0	1	4	4	1	0	0	1	0	0	1	1	1	1	0	0	1	4	4	1	3	3	1	4	4	1	7	7	1	7	7	1	1	1	1	0	0	1	0	0	1	0	0	1	0	0	1	0	0	1	2	2	1	0	0	1	0	0	1	0	0	1	0	0	1	1	1	1	1	0	0	0	0	1	0	0	1
347	102	1.0000	1	1	1	0	0	1	0	0	1	0	0	1	0	0	1	1	1	1	1	1	1	0	0	1	4	4	1	0	0	1	0	0	1	1	1	1	0	0	1	4	4	1	3	3	1	4	4	1	7	7	1	7	7	1	1	1	1	0	0	1	0	0	1	0	0	1	0	0	1	0	0	1	2	2	1	0	0	1	0	0	1	0	0	1	0	0	1	1	1	1	0	0	1	0	0	1	0	0	1
348	102	1.0000	1	1	1	0	0	1	0	0	1	0	0	1	0	0	1	1	1	1	1	1	1	0	0	1	4	4	1	0	0	1	0	0	1	1	1	1	0	0	1	4	4	1	3	3	1	4	4	1	7	7	1	7	7	1	1	1	1	0	0	1	0	0	1	0	0	1	0	0	1	0	0	1	2	2	1	0	0	1	0	0	1	0	0	1	0	0	1	1	1	1	0	0	1	0	0	1	0	0	1
349	102	1.0000	1	1	1	0	0	1	0	0	1	0	0	1	0	0	1	1	1	1	1	1	1	0	0	1	4	4	1	0	0	1	0	0	1	1	1	1	0	0	1	4	4	1	3	3	1	4	4	1	7	7	1	7	7	1	1	1	1	0	0	1	0	0	1	0	0	1	0	0	1	0	0	1	2	2	1	0	0	1	0	0	1	0	0	1	0	0	1	1	1	1	0	0	1	0	0	1	0	0	1
350	102	1.0000	1	1	1	0	0	1	0	0	1	0	0	1	0	0	1	1	1	1	1	1	1	0	0	1	4	4	1	0	0	1	0	0	1	1	1	1	0	0	1	4	4	1	3	3	1	4	4	1	7	7	1	7	7	1	1	1	1	0	0	1	0	0	1	0	0	1	0	0	1	0	0	1	2	2	1	0	0	1	0	0	1	0	0	1	0	0	1	1	1	1	0	0	1	0	0	1	0	0	1
351	102	1.0000	1	1	1	0	0	1	0	0	1	0	0	1	0	0	1	1	1	1	1	1	1	0	0	1	4	4	1	0	0	1	0	0	1	1	1	1	0	0	1	4	4	1	3	3	1	4	4	1	7	7	1	7	7	1	1	1	1	0	0	1	0	0	1	0	0	1	0	0	1	0	0	1	2	2	1	0	0	1	0	0	1	0	0	1	0	0	1	1	1	1	0	0	1	0	0	1	0	0	1
352	102	1.0000	1	1	1	0	0	1	0	0	1	0	0	1	0	0	1	1	1	1	1	1	1	0	0	1	4	4	1	0	0	1	0	0	1	1	1	1	0	0	1	4	4	1	3	3	1	4	4	1	7	7	1	7	7	1	1	1	1	0	0	1	0	0	1	0	0	1	0	0	1	0	0	1	2	2	1	0	0	1	0	0	1	0	0	1	0	0	1	1	1	1	0	0	1	0	0	1	0	0	1
353	102	1.0000	1	1	1	0	0	1	0	0	1	0	0	1	0	0	1	1	1	1	1	1	1	0	0	1	4	4	1	0	0	1	0	0	1	1	1	1	0	0	1	4	4	1	3	3	1	4	4	1	7	7	1	7	7	1	1	1	1	0	0	1	0	0	1	0	0	1	0	0	1	0	0	1	2	2	1	0	0	1	0	0	1	0	0	1	0	0	1	1	1	1	0	0	1	0	0	1	0	0	1
354	102	1.0000	1	1	1	0	0	1	0	0	1	0	0	1	0	0	1	1	1	1	1	1	1	0	0	1	4	4	1	0	0	1	0	0	1	1	1	1	0	0	1	4	4	1	3	3	1	4	4	1	7	7	1	7	7	1	1	1	1	0	0	1	0	0	1	0	0	1	0	0	1	0	0	1	2	2	1	0	0	1	0	0	1	0	0	1	0	0	1	1	1	1	0	0	1	0	0	1	0	0	1
355	102	1.0000	1	1	1	0	0	1	0	0	1	0	0	1	0	0	1	1	1	1	1	1	1	0	0	1	4	4	1	0	0	1	0	0	1	1	1	1	0	0	1	4	4	1	3	3	1	4	4	1	7	7	1	7	7	1	1	1	1	0	0	1	0	0	1	0	0	1	0	0	1	0	0	1	2	2	1	0	0	1	0	0	1	0	0	1	0	0	1	1	1	1	0	0	1	0	0	1	0	0	1
356	102	1.0000	1	1	1	0	0	1	0	0	1	0	0	1	0	0	1	1	1	1	1	1	1	0	0	1	4	4	1	0	0	1	0	0	1	1	1	1	0	0	1	4	4	1	3	3	1	4	4	1	7	7	1	7	7	1	1	1	1	0	0	1	0	0	1	0	0	1	0	0	1	0	0	1	2	2	1	0	0	1	0	0	1	0	0	1	0	0	1	1	1	1	0	0	1	0	0	1	0	0	1
357	102	1.0000	1	1	1	0	0	1	0	0	1	0	0	1	0	0	1	1	1	1	1	1	1	0	0	1	4	4	1	0	0	1	0	0	1	1	1	1	0	0	1	4	4	1	3	3	1	4	4	1	7	7	1	7	7	1	1	1	1	0	0	1	0	0	1	0	0	1	0	0	1	0	0	1	2	2	1	0	0	1	0	0	1	0	0	1	0	0	1	1	1	1	0	0	1	0	0	1	0	0	1
358	102	1.0000	1	1	1	0	0	1	0	0	1	0	0	1	0	0	1	1	1	1	1	1	1	0	0	1	4	4	1	0	0	1	0	0	1	1	1	1	0	0	1	4	4	1	3	3	1	4	4	1	7	7	1	7	7	1	1	1	1	0	0	1	0	0	1	0	0	1	0	0	1	0	0	1	2	2	1	0	0	1	0	0	1	0	0	1	0	0	1	1	1	1	0	0	1	0	0	1	0	0	1
359	102	1.0000	1	1	1	0	0	1	0	0	1	0	0	1	0	0	1	1	1	1	1	1	1	0	0	1	4	4	1	0	0	1	0	0	1	1	1	1	0	0	1	4	4	1	3	3	1	4	4	1	7	7	1	7	7	1	1	1	1	0	0	1	0	0	1	0	0	1	0	0	1	0	0	1	2	2	1	0	0	1	0	0	1	0	0	1	0	0	1	1	1	1	0	0	1	0	0	1	0	0	1
360	102	1.0000	1	1	1	0	0	1	0	0	1	0	0	1	0	0	1	1	1	1	1	1	1	0	0	1	4	4	1	0	0	1	0	0	1	1	1	1	0	0	1	4	4	1	3	3	1	4	4	1	7	7	1	7	7	1	1	1	1	0	0	1	0	0	1	0	0	1	0	0	1	0	0	1	2	2	1	0	0	1	0	0	1	0	0	1	0	0	1	1	1	1	0	0	1	0	0	1	0	0	1
361	102	1.0000	1	1	1	0	0	1	0	0	1	0	0	1	0	0	1	1	1	1	1	1	1	0	0	1	4	4	1	0	0	1	0	0	1	1	1	1	0	0	1	4	4	1	3	3	1	4	4	1	7	7	1	7	7	1	1	1	1	0	0	1	0	0	1	0	0	1	0	0	1	0	0	1	2	2	1	0	0	1	0	0	1	0	0	1	0	0	1	1	1	1	0	0	1	0	0	1	0	0	1
362	102	1.0000	1	1	1	0	0	1	0	0	1	0	0	1	0	0	1	1	1	1	1	1	1	0	0	1	4	4	1	0	0	1	0	0	1	1	1	1	0	0	1	4	4	1	3	3	1	4	4	1	7	7	1	7	7	1	1	1	1	0	0	1	0	0	1	0	0	1	0	0	1	0	0	1	2	2	1	0	0	1	0	0	1	0	0	1	0	0	1	1	1	1	0	0	1	0	0	1	0	0	1
363	102	1.0000	1	1	1	0	0	1	0	0	1	0	0	1	0	0	1	1	1	1	1	1	1	0	0	1	4	4	1	0	0	1	0	0	1	1	1	1	0	0	1	4	4	1	3	3	1	4	4	1	7	7	1	7	7	1	1	1	1	0	0	1	0	0	1	0	0	1	0	0	1	0	0	1	2	2	1	0	0	1	0	0	1	0	0	1	0	0	1	1	1	1	0	0	1	0	0	1	0	0	1
364	102	1.0000	1	1	1	0	0	1	0	0	1	0	0	1	0	0	1	1	1	1	1	1	1	0	0	1	4	4	1	0	0	1	0	0	1	1	1	1	0	0	1	4	4	1	3	3	1	4	4	1	7	7	1	7	7	1	1	1	1	0	0	1	0	0	1	0	0	1	0	0	1	0	0	1	2	2	1	0	0	1	0	0	1	0	0	1	0	0	1	1	1	1	0	0	1	0	0	1	0	0	1
365	102	1.0000	1	1	1	0	0	1	0	0	1	0	0	1	0	0	1	1	1	1	1	1	1	0	0	1	4	4	1	0	0	1	0	0	1	1	1	1	0	0	1	4	4	1	3	3	1	4	4	1	7	7	1	7	7	1	1	1	1	0	0	1	0	0	1	0	0	1	0	0	1	0	0	1	2	2	1	0	0	1	0	0	1	0	0	1	0	0	1	1	1	1	0	0	1	0	0	1	0	0	1
366	105	0.9714	1	1	1	0	0	1	3	0	0	0	0	1	0	0	1	1	1	1	1	1	1	0	0	1	4	4	1	0	0	1	0	0	1	1	1	1	0	0	1	4	4	1	3	3	1	4	4	1	7	7	1	7	7	1	1	1	1	0	0	1	0	0	1	0	0	1	0	0	1	0	0	1	2	2	1	0	0	1	0	0	1	0	0	1	0	0	1	1	1	1	0	0	1	0	0	1	0	0	1
367	102	1.0000	1	1	1	0	0	1	0	0	1	0	0	1	0	0	1	1	1	1	1	1	1	0	0	1	4	4	1	0	0	1	0	0	1	1	1	1	0	0	1	4	4	1	3	3	1	4	4	1	7	7	1	7	7	1	1	1	1	0	0	1	0	0	1	0	0	1	0	0	1	0	0	1	2	2	1	0	0	1	0	0	1	0	0	1	0	0	1	1	1	1	0	0	1	0	0	1	0	0	1
368	100	0.9804	1	1	1	0	0	1	0	0	1	0	0	1	0	0	1	0	0	0	1	1	1	0	0	1	4	4	1	0	0	1	0	0	1	0	0	0	0	0	1	4	4	1	3	3	1	4	4	1	7	7	1	7	7	1	1	1	1	0	0	1	0	0	1	0	0	1	0	0	1	0	0	1	2	2	1	0	0	1	0	0	1	0	0	1	0	0	1	1	1	1	0	0	1	0	0	1	0	0	1
369	102	1.0000	1	1	1	0	0	1	0	0	1	0	0	1	0	0	1	1	1	1	1	1	1	0	0	1	4	4	1	0	0	1	0	0	1	1	1	1	0	0	1	4	4	1	3	3	1	4	4	1	7	7	1	7	7	1	1	1	1	0	0	1	0	0	1	0	0	1	0	0	1	0	0	1	2	2	1	0	0	1	0	0	1	0	0	1	0	0	1	1	1	1	0	0	1	0	0	1	0	0	1
370	102	1.0000	1	1	1	0	0	1	0	0	1	0	0	1	0	0	1	1	1	1	1	1	1	0	0	1	4	4	1	0	0	1	0	0	1	1	1	1	0	0	1	4	4	1	3	3	1	4	4	1	7	7	1	7	7	1	1	1	1	0	0	1	0	0	1	0	0	1	0	0	1	0	0	1	2	2	1	0	0	1	0	0	1	0	0	1	0	0	1	1	1	1	0	0	1	0	0	1	0	0	1
371	102	1.0000	1	1	1	0	0	1	0	0	1	0	0	1	0	0	1	1	1	1	1	1	1	0	0	1	4	4	1	0	0	1	0	0	1	1	1	1	0	0	1	4	4	1	3	3	1	4	4	1	7	7	1	7	7	1	1	1	1	0	0	1	0	0	1	0	0	1	0	0	1	0	0	1	2	2	1	0	0	1	0	0	1	0	0	1	0	0	1	1	1	1	0	0	1	0	0	1	0	0	1
372	102	1.0000	1	1	1	0	0	1	0	0	1	0	0	1	0	0	1	1	1	1	1	1	1	0	0	1	4	4	1	0	0	1	0	0	1	1	1	1	0	0	1	4	4	1	3	3	1	4	4	1	7	7	1	7	7	1	1	1	1	0	0	1	0	0	1	0	0	1	0	0	1	0	0	1	2	2	1	0	0	1	0	0	1	0	0	1	0	0	1	1	1	1	0	0	1	0	0	1	0	0	1
373	102	1.0000	1	1	1	0	0	1	0	0	1	0	0	1	0	0	1	1	1	1	1	1	1	0	0	1	4	4	1	0	0	1	0	0	1	1	1	1	0	0	1	4	4	1	3	3	1	4	4	1	7	7	1	7	7	1	1	1	1	0	0	1	0	0	1	0	0	1	0	0	1	0	0	1	2	2	1	0	0	1	0	0	1	0	0	1	0	0	1	1	1	1	0	0	1	0	0	1	0	0	1
374	102	1.0000	1	1	1	0	0	1	0	0	1	0	0	1	0	0	1	1	1	1	1	1	1	0	0	1	4	4	1	0	0	1	0	0	1	1	1	1	0	0	1	4	4	1	3	3	1	4	4	1	7	7	1	7	7	1	1	1	1	0	0	1	0	0	1	0	0	1	0	0	1	0	0	1	2	2	1	0	0	1	0	0	1	0	0	1	0	0	1	1	1	1	0	0	1	0	0	1	0	0	1
375	102	1.0000	1	1	1	0	0	1	0	0	1	0	0	1	0	0	1	1	1	1	1	1	1	0	0	1	4	4	1	0	0	1	0	0	1	1	1	1	0	0	1	4	4	1	3	3	1	4	4	1	7	7	1	7	7	1	1	1	1	0	0	1	0	0	1	0	0	1	0	0	1	0	0	1	2	2	1	0	0	1	0	0	1	0	0	1	0	0	1	1	1	1	0	0	1	0	0	1	0	0	1
376	102	1.0000	1	1	1	0	0	1	0	0	1	0	0	1	0	0	1	1	1	1	1	1	1	0	0	1	4	4	1	0	0	1	0	0	1	1	1	1	0	0	1	4	4	1	3	3	1	4	4	1	7	7	1	7	7	1	1	1	1	0	0	1	0	0	1	0	0	1	0	0	1	0	0	1	2	2	1	0	0	1	0	0	1	0	0	1	0	0	1	1	1	1	0	0	1	0	0	1	0	0	1
377	102	1.0000	1	1	1	0	0	1	0	0	1	0	0	1	0	0	1	1	1	1	1	1	1	0	0	1	4	4	1	0	0	1	0	0	1	1	1	1	0	0	1	4	4	1	3	3	1	4	4	1	7	7	1	7	7	1	1	1	1	0	0	1	0	0	1	0	0	1	0	0	1	0	0	1	2	2	1	0	0	1	0	0	1	0	0	1	0	0	1	1	1	1	0	0	1	0	0	1	0	0	1
378	102	1.0000	1	1	1	0	0	1	0	0	1	0	0	1	0	0	1	1	1	1	1	1	1	0	0	1	4	4	1	0	0	1	0	0	1	1	1	1	0	0	1	4	4	1	3	3	1	4	4	1	7	7	1	7	7	1	1	1	1	0	0	1	0	0	1	0	0	1	0	0	1	0	0	1	2	2	1	0	0	1	0	0	1	0	0	1	0	0	1	1	1	1	0	0	1	0	0	1	0	0	1
379	102	1.0000	1	1	1	0	0	1	0	0	1	0	0	1	0	0	1	1	1	1	1	1	1	0	0	1	4	4	1	0	0	1	0	0	1	1	1	1	0	0	1	4	4	1	3	3	1	4	4	1	7	7	1	7	7	1	1	1	1	0	0	1	0	0	1	0	0	1	0	0	1	0	0	1	2	2	1	0	0	1	0	0	1	0	0	1	0	0	1	1	1	1	0	0	1	0	0	1	0	0	1
380	103	0.9903	1	1	1	0	0	1	0	0	1	0	0	1	0	0	1	1	1	1	1	1	1	0	0	1	4	4	1	0	0	1	0	0	1	1	1	1	0	0	1	5	4	0	3	3	1	4	4	1	7	7	1	7	7	1	1	1	1	0	0	1	0	0	1	0	0	1	0	0	1	0	0	1	2	2	1	0	0	1	0	0	1	0	0	1	0	0	1	1	1	1	0	0	1	0	0	1	0	0	1
381	103	0.9903	1	1	1	0	0	1	0	0	1	0	0	1	0	0	1	1	1	1	1	1	1	0	0	1	4	4	1	0	0	1	0	0	1	1	1	1	0	0	1	5	4	0	3	3	1	4	4	1	7	7	1	7	7	1	1	1	1	0	0	1	0	0	1	0	0	1	0	0	1	0	0	1	2	2	1	0	0	1	0	0	1	0	0	1	0	0	1	1	1	1	0	0	1	0	0	1	0	0	1
382	103	0.9903	1	1	1	0	0	1	0	0	1	0	0	1	0	0	1	1	1	1	1	1	1	0	0	1	4	4	1	0	0	1	0	0	1	1	1	1	0	0	1	5	4	0	3	3	1	4	4	1	7	7	1	7	7	1	1	1	1	0	0	1	0	0	1	0	0	1	0	0	1	0	0	1	2	2	1	0	0	1	0	0	1	0	0	1	0	0	1	1	1	1	0	0	1	0	0	1	0	0	1
383	103	0.9903	1	1	1	0	0	1	0	0	1	0	0	1	0	0	1	1	1	1	1	1	1	0	0	1	4	4	1	0	0	1	0	0	1	1	1	1	0	0	1	5	4	0	3	3	1	4	4	1	7	7	1	7	7	1	1	1	1	0	0	1	0	0	1	0	0	1	0	0	1	0	0	1	2	2	1	0	0	1	0	0	1	0	0	1	0	0	1	1	1	1	0	0	1	0	0	1	0	0	1
384	103	0.9903	1	1	1	0	0	1	0	0	1	0	0	1	0	0	1	1	1	1	1	1	1	0	0	1	4	4	1	0	0	1	0	0	1	1	1	1	0	0	1	5	4	0	3	3	1	4	4	1	7	7	1	7	7	1	1	1	1	0	0	1	0	0	1	0	0	1	0	0	1	0	0	1	2	2	1	0	0	1	0	0	1	0	0	1	0	0	1	1	1	1	0	0	1	0	0	1	0	0	1
385	102	1.0000	1	1	1	0	0	1	0	0	1	0	0	1	0	0	1	1	1	1	1	1	1	0	0	1	4	4	1	0	0	1	0	0	1	1	1	1	0	0	1	4	4	1	3	3	1	4	4	1	7	7	1	7	7	1	1	1	1	0	0	1	0	0	1	0	0	1	0	0	1	0	0	1	2	2	1	0	0	1	0	0	1	0	0	1	0	0	1	1	1	1	0	0	1	0	0	1	0	0	1
386	103	0.9903	1	1	1	0	0	1	0	0	1	0	0	1	0	0	1	1	1	1	1	1	1	0	0	1	4	4	1	0	0	1	0	0	1	1	1	1	0	0	1	5	4	0	3	3	1	4	4	1	7	7	1	7	7	1	1	1	1	0	0	1	0	0	1	0	0	1	0	0	1	0	0	1	2	2	1	0	0	1	0	0	1	0	0	1	0	0	1	1	1	1	0	0	1	0	0	1	0	0	1
387	103	0.9903	1	1	1	0	0	1	0	0	1	0	0	1	0	0	1	1	1	1	1	1	1	0	0	1	4	4	1	0	0	1	0	0	1	1	1	1	0	0	1	5	4	0	3	3	1	4	4	1	7	7	1	7	7	1	1	1	1	0	0	1	0	0	1	0	0	1	0	0	1	0	0	1	2	2	1	0	0	1	0	0	1	0	0	1	0	0	1	1	1	1	0	0	1	0	0	1	0	0	1
388	102	1.0000	1	1	1	0	0	1	0	0	1	0	0	1	0	0	1	1	1	1	1	1	1	0	0	1	4	4	1	0	0	1	0	0	1	1	1	1	0	0	1	4	4	1	3	3	1	4	4	1	7	7	1	7	7	1	1	1	1	0	0	1	0	0	1	0	0	1	0	0	1	0	0	1	2	2	1	0	0	1	0	0	1	0	0	1	0	0	1	1	1	1	0	0	1	0	0	1	0	0	1
389	103	0.9903	1	1	1	0	0	1	0	0	1	0	0	1	0	0	1	1	1	1	1	1	1	0	0	1	4	4	1	0	0	1	0	0	1	1	1	1	0	0	1	5	4	0	3	3	1	4	4	1	7	7	1	7	7	1	1	1	1	0	0	1	0	0	1	0	0	1	0	0	1	0	0	1	2	2	1	0	0	1	0	0	1	0	0	1	0	0	1	1	1	1	0	0	1	0	0	1	0	0	1
390	102	1.0000	1	1	1	0	0	1	0	0	1	0	0	1	0	0	1	1	1	1	1	1	1	0	0	1	4	4	1	0	0	1	0	0	1	1	1	1	0	0	1	4	4	1	3	3	1	4	4	1	7	7	1	7	7	1	1	1	1	0	0	1	0	0	1	0	0	1	0	0	1	0	0	1	2	2	1	0	0	1	0	0	1	0	0	1	0	0	1	1	1	1	0	0	1	0	0	1	0	0	1
391	102	1.0000	1	1	1	0	0	1	0	0	1	0	0	1	0	0	1	1	1	1	1	1	1	0	0	1	4	4	1	0	0	1	0	0	1	1	1	1	0	0	1	4	4	1	3	3	1	4	4	1	7	7	1	7	7	1	1	1	1	0	0	1	0	0	1	0	0	1	0	0	1	0	0	1	2	2	1	0	0	1	0	0	1	0	0	1	0	0	1	1	1	1	0	0	1	0	0	1	0	0	1
392	102	1.0000	1	1	1	0	0	1	0	0	1	0	0	1	0	0	1	1	1	1	1	1	1	0	0	1	4	4	1	0	0	1	0	0	1	1	1	1	0	0	1	4	4	1	3	3	1	4	4	1	7	7	1	7	7	1	1	1	1	0	0	1	0	0	1	0	0	1	0	0	1	0	0	1	2	2	1	0	0	1	0	0	1	0	0	1	0	0	1	1	1	1	0	0	1	0	0	1	0	0	1
393	102	1.0000	1	1	1	0	0	1	0	0	1	0	0	1	0	0	1	1	1	1	1	1	1	0	0	1	4	4	1	0	0	1	0	0	1	1	1	1	0	0	1	4	4	1	3	3	1	4	4	1	7	7	1	7	7	1	1	1	1	0	0	1	0	0	1	0	0	1	0	0	1	0	0	1	2	2	1	0	0	1	0	0	1	0	0	1	0	0	1	1	1	1	0	0	1	0	0	1	0	0	1
394	101	0.9902	1	1	1	0	0	1	0	0	1	0	0	1	0	0	1	1	1	1	1	1	1	0	0	1	4	4	1	0	0	1	0	0	1	1	1	1	0	0	1	4	4	1	3	3	1	3	3	0	7	7	1	7	7	1	1	1	1	0	0	1	0	0	1	0	0	1	0	0	1	0	0	1	2	2	1	0	0	1	0	0	1	0	0	1	0	0	1	1	1	1	0	0	1	0	0	1	0	0	1
395	102	1.0000	1	1	1	0	0	1	0	0	1	0	0	1	0	0	1	1	1	1	1	1	1	0	0	1	4	4	1	0	0	1	0	0	1	1	1	1	0	0	1	4	4	1	3	3	1	4	4	1	7	7	1	7	7	1	1	1	1	0	0	1	0	0	1	0	0	1	0	0	1	0	0	1	2	2	1	0	0	1	0	0	1	0	0	1	0	0	1	1	1	1	0	0	1	0	0	1	0	0	1
396	102	1.0000	1	1	1	0	0	1	0	0	1	0	0	1	0	0	1	1	1	1	1	1	1	0	0	1	4	4	1	0	0	1	0	0	1	1	1	1	0	0	1	4	4	1	3	3	1	4	4	1	7	7	1	7	7	1	1	1	1	0	0	1	0	0	1	0	0	1	0	0	1	0	0	1	2	2	1	0	0	1	0	0	1	0	0	1	0	0	1	1	1	1	0	0	1	0	0	1	0	0	1
397	102	1.0000	1	1	1	0	0	1	0	0	1	0	0	1	0	0	1	1	1	1	1	1	1	0	0	1	4	4	1	0	0	1	0	0	1	1	1	1	0	0	1	4	4	1	3	3	1	4	4	1	7	7	1	7	7	1	1	1	1	0	0	1	0	0	1	0	0	1	0	0	1	0	0	1	2	2	1	0	0	1	0	0	1	0	0	1	0	0	1	1	1	1	0	0	1	0	0	1	0	0	1
398	102	1.0000	1	1	1	0	0	1	0	0	1	0	0	1	0	0	1	1	1	1	1	1	1	0	0	1	4	4	1	0	0	1	0	0	1	1	1	1	0	0	1	4	4	1	3	3	1	4	4	1	7	7	1	7	7	1	1	1	1	0	0	1	0	0	1	0	0	1	0	0	1	0	0	1	2	2	1	0	0	1	0	0	1	0	0	1	0	0	1	1	1	1	0	0	1	0	0	1	0	0	1
399	102	1.0000	1	1	1	0	0	1	0	0	1	0	0	1	0	0	1	1	1	1	1	1	1	0	0	1	4	4	1	0	0	1	0	0	1	1	1	1	0	0	1	4	4	1	3	3	1	4	4	1	7	7	1	7	7	1	1	1	1	0	0	1	0	0	1	0	0	1	0	0	1	0	0	1	2	2	1	0	0	1	0	0	1	0	0	1	0	0	1	1	1	1	0	0	1	0	0	1	0	0	1
400	102	1.0000	1	1	1	0	0	1	0	0	1	0	0	1	0	0	1	1	1	1	1	1	1	0	0	1	4	4	1	0	0	1	0	0	1	1	1	1	0	0	1	4	4	1	3	3	1	4	4	1	7	7	1	7	7	1	1	1	1	0	0	1	0	0	1	0	0	1	0	0	1	0	0	1	2	2	1	0	0	1	0	0	1	0	0	1	0	0	1	1	1	1	0	0	1	0	0	1	0	0	1
401	102	1.0000	1	1	1	0	0	1	0	0	1	0	0	1	0	0	1	1	1	1	1	1	1	0	0	1	4	4	1	0	0	1	0	0	1	1	1	1	0	0	1	4	4	1	3	3	1	4	4	1	7	7	1	7	7	1	1	1	1	0	0	1	0	0	1	0	0	1	0	0	1	0	0	1	2	2	1	0	0	1	0	0	1	0	0	1	0	0	1	1	1	1	0	0	1	0	0	1	0	0	1
402	102	1.0000	1	1	1	0	0	1	0	0	1	0	0	1	0	0	1	1	1	1	1	1	1	0	0	1	4	4	1	0	0	1	0	0	1	1	1	1	0	0	1	4	4	1	3	3	1	4	4	1	7	7	1	7	7	1	1	1	1	0	0	1	0	0	1	0	0	1	0	0	1	0	0	1	2	2	1	0	0	1	0	0	1	0	0	1	0	0	1	1	1	1	0	0	1	0	0	1	0	0	1
403	102	1.0000	1	1	1	0	0	1	0	0	1	0	0	1	0	0	1	1	1	1	1	1	1	0	0	1	4	4	1	0	0	1	0	0	1	1	1	1	0	0	1	4	4	1	3	3	1	4	4	1	7	7	1	7	7	1	1	1	1	0	0	1	0	0	1	0	0	1	0	0	1	0	0	1	2	2	1	0	0	1	0	0	1	0	0	1	0	0	1	1	1	1	0	0	1	0	0	1	0	0	1
404	102	1.0000	1	1	1	0	0	1	0	0	1	0	0	1	0	0	1	1	1	1	1	1	1	0	0	1	4	4	1	0	0	1	0	0	1	1	1	1	0	0	1	4	4	1	3	3	1	4	4	1	7	7	1	7	7	1	1	1	1	0	0	1	0	0	1	0	0	1	0	0	1	0	0	1	2	2	1	0	0	1	0	0	1	0	0	1	0	0	1	1	1	1	0	0	1	0	0	1	0	0	1
405	102	1.0000	1	1	1	0	0	1	0	0	1	0	0	1	0	0	1	1	1	1	1	1	1	0	0	1	4	4	1	0	0	1	0	0	1	1	1	1	0	0	1	4	4	1	3	3	1	4	4	1	7	7	1	7	7	1	1	1	1	0	0	1	0	0	1	0	0	1	0	0	1	0	0	1	2	2	1	0	0	1	0	0	1	0	0	1	0	0	1	1	1	1	0	0	1	0	0	1	0	0	1
406	102	1.0000	1	1	1	0	0	1	0	0	1	0	0	1	0	0	1	1	1	1	1	1	1	0	0	1	4	4	1	0	0	1	0	0	1	1	1	1	0	0	1	4	4	1	3	3	1	4	4	1	7	7	1	7	7	1	1	1	1	0	0	1	0	0	1	0	0	1	0	0	1	0	0	1	2	2	1	0	0	1	0	0	1	0	0	1	0	0	1	1	1	1	0	0	1	0	0	1	0	0	1
407	102	1.0000	1	1	1	0	0	1	0	0	1	0	0	1	0	0	1	1	1	1	1	1	1	0	0	1	4	4	1	0	0	1	0	0	1	1	1	1	0	0	1	4	4	1	3	3	1	4	4	1	7	7	1	7	7	1	1	1	1	0	0	1	0	0	1	0	0	1	0	0	1	0	0	1	2	2	1	0	0	1	0	0	1	0	0	1	0	0	1	1	1	1	0	0	1	0	0	1	0	0	1
408	102	1.0000	1	1	1	0	0	1	0	0	1	0	0	1	0	0	1	1	1	1	1	1	1	0	0	1	4	4	1	0	0	1	0	0	1	1	1	1	0	0	1	4	4	1	3	3	1	4	4	1	7	7	1	7	7	1	1	1	1	0	0	1	0	0	1	0	0	1	0	0	1	0	0	1	2	2	1	0	0	1	0	0	1	0	0	1	0	0	1	1	1	1	0	0	1	0	0	1	0	0	1
409	102	1.0000	1	1	1	0	0	1	0	0	1	0	0	1	0	0	1	1	1	1	1	1	1	0	0	1	4	4	1	0	0	1	0	0	1	1	1	1	0	0	1	4	4	1	3	3	1	4	4	1	7	7	1	7	7	1	1	1	1	0	0	1	0	0	1	0	0	1	0	0	1	0	0	1	2	2	1	0	0	1	0	0	1	0	0	1	0	0	1	1	1	1	0	0	1	0	0	1	0	0	1
410	102	1.0000	1	1	1	0	0	1	0	0	1	0	0	1	0	0	1	1	1	1	1	1	1	0	0	1	4	4	1	0	0	1	0	0	1	1	1	1	0	0	1	4	4	1	3	3	1	4	4	1	7	7	1	7	7	1	1	1	1	0	0	1	0	0	1	0	0	1	0	0	1	0	0	1	2	2	1	0	0	1	0	0	1	0	0	1	0	0	1	1	1	1	0	0	1	0	0	1	0	0	1
411	104	0.9808	1	1	1	0	0	1	0	0	1	0	0	1	0	0	1	1	1	1	1	1	1	0	0	1	4	4	1	0	0	1	0	0	1	1	1	1	0	0	1	4	4	1	3	3	1	4	4	1	7	7	1	7	7	1	1	1	1	0	0	1	0	0	1	0	0	1	0	0	1	0	0	1	2	2	1	0	0	1	0	0	1	0	0	1	0	0	1	1	1	1	0	0	1	1	0	0	1	0	0
412	102	1.0000	1	1	1	0	0	1	0	0	1	0	0	1	0	0	1	1	1	1	1	1	1	0	0	1	4	4	1	0	0	1	0	0	1	1	1	1	0	0	1	4	4	1	3	3	1	4	4	1	7	7	1	7	7	1	1	1	1	0	0	1	0	0	1	0	0	1	0	0	1	0	0	1	2	2	1	0	0	1	0	0	1	0	0	1	0	0	1	1	1	1	0	0	1	0	0	1	0	0	1
413	102	1.0000	1	1	1	0	0	1	0	0	1	0	0	1	0	0	1	1	1	1	1	1	1	0	0	1	4	4	1	0	0	1	0	0	1	1	1	1	0	0	1	4	4	1	3	3	1	4	4	1	7	7	1	7	7	1	1	1	1	0	0	1	0	0	1	0	0	1	0	0	1	0	0	1	2	2	1	0	0	1	0	0	1	0	0	1	0	0	1	1	1	1	0	0	1	0	0	1	0	0	1
414	102	1.0000	1	1	1	0	0	1	0	0	1	0	0	1	0	0	1	1	1	1	1	1	1	0	0	1	4	4	1	0	0	1	0	0	1	1	1	1	0	0	1	4	4	1	3	3	1	4	4	1	7	7	1	7	7	1	1	1	1	0	0	1	0	0	1	0	0	1	0	0	1	0	0	1	2	2	1	0	0	1	0	0	1	0	0	1	0	0	1	1	1	1	0	0	1	0	0	1	0	0	1
415	102	1.0000	1	1	1	0	0	1	0	0	1	0	0	1	0	0	1	1	1	1	1	1	1	0	0	1	4	4	1	0	0	1	0	0	1	1	1	1	0	0	1	4	4	1	3	3	1	4	4	1	7	7	1	7	7	1	1	1	1	0	0	1	0	0	1	0	0	1	0	0	1	0	0	1	2	2	1	0	0	1	0	0	1	0	0	1	0	0	1	1	1	1	0	0	1	0	0	1	0	0	1
416	102	1.0000	1	1	1	0	0	1	0	0	1	0	0	1	0	0	1	1	1	1	1	1	1	0	0	1	4	4	1	0	0	1	0	0	1	1	1	1	0	0	1	4	4	1	3	3	1	4	4	1	7	7	1	7	7	1	1	1	1	0	0	1	0	0	1	0	0	1	0	0	1	0	0	1	2	2	1	0	0	1	0	0	1	0	0	1	0	0	1	1	1	1	0	0	1	0	0	1	0	0	1
417	102	1.0000	1	1	1	0	0	1	0	0	1	0	0	1	0	0	1	1	1	1	1	1	1	0	0	1	4	4	1	0	0	1	0	0	1	1	1	1	0	0	1	4	4	1	3	3	1	4	4	1	7	7	1	7	7	1	1	1	1	0	0	1	0	0	1	0	0	1	0	0	1	0	0	1	2	2	1	0	0	1	0	0	1	0	0	1	0	0	1	1	1	1	0	0	1	0	0	1	0	0	1
418	102	1.0000	1	1	1	0	0	1	0	0	1	0	0	1	0	0	1	1	1	1	1	1	1	0	0	1	4	4	1	0	0	1	0	0	1	1	1	1	0	0	1	4	4	1	3	3	1	4	4	1	7	7	1	7	7	1	1	1	1	0	0	1	0	0	1	0	0	1	0	0	1	0	0	1	2	2	1	0	0	1	0	0	1	0	0	1	0	0	1	1	1	1	0	0	1	0	0	1	0	0	1
419	102	1.0000	1	1	1	0	0	1	0	0	1	0	0	1	0	0	1	1	1	1	1	1	1	0	0	1	4	4	1	0	0	1	0	0	1	1	1	1	0	0	1	4	4	1	3	3	1	4	4	1	7	7	1	7	7	1	1	1	1	0	0	1	0	0	1	0	0	1	0	0	1	0	0	1	2	2	1	0	0	1	0	0	1	0	0	1	0	0	1	1	1	1	0	0	1	0	0	1	0	0	1
420	102	1.0000	1	1	1	0	0	1	0	0	1	0	0	1	0	0	1	1	1	1	1	1	1	0	0	1	4	4	1	0	0	1	0	0	1	1	1	1	0	0	1	4	4	1	3	3	1	4	4	1	7	7	1	7	7	1	1	1	1	0	0	1	0	0	1	0	0	1	0	0	1	0	0	1	2	2	1	0	0	1	0	0	1	0	0	1	0	0	1	1	1	1	0	0	1	0	0	1	0	0	1
421	102	1.0000	1	1	1	0	0	1	0	0	1	0	0	1	0	0	1	1	1	1	1	1	1	0	0	1	4	4	1	0	0	1	0	0	1	1	1	1	0	0	1	4	4	1	3	3	1	4	4	1	7	7	1	7	7	1	1	1	1	0	0	1	0	0	1	0	0	1	0	0	1	0	0	1	2	2	1	0	0	1	0	0	1	0	0	1	0	0	1	1	1	1	0	0	1	0	0	1	0	0	1
422	102	1.0000	1	1	1	0	0	1	0	0	1	0	0	1	0	0	1	1	1	1	1	1	1	0	0	1	4	4	1	0	0	1	0	0	1	1	1	1	0	0	1	4	4	1	3	3	1	4	4	1	7	7	1	7	7	1	1	1	1	0	0	1	0	0	1	0	0	1	0	0	1	0	0	1	2	2	1	0	0	1	0	0	1	0	0	1	0	0	1	1	1	1	0	0	1	0	0	1	0	0	1
423	102	1.0000	1	1	1	0	0	1	0	0	1	0	0	1	0	0	1	1	1	1	1	1	1	0	0	1	4	4	1	0	0	1	0	0	1	1	1	1	0	0	1	4	4	1	3	3	1	4	4	1	7	7	1	7	7	1	1	1	1	0	0	1	0	0	1	0	0	1	0	0	1	0	0	1	2	2	1	0	0	1	0	0	1	0	0	1	0	0	1	1	1	1	0	0	1	0	0	1	0	0	1
424	102	1.0000	1	1	1	0	0	1	0	0	1	0	0	1	0	0	1	1	1	1	1	1	1	0	0	1	4	4	1	0	0	1	0	0	1	1	1	1	0	0	1	4	4	1	3	3	1	4	4	1	7	7	1	7	7	1	1	1	1	0	0	1	0	0	1	0	0	1	0	0	1	0	0	1	2	2	1	0	0	1	0	0	1	0	0	1	0	0	1	1	1	1	0	0	1	0	0	1	0	0	1
425	102	1.0000	1	1	1	0	0	1	0	0	1	0	0	1	0	0	1	1	1	1	1	1	1	0	0	1	4	4	1	0	0	1	0	0	1	1	1	1	0	0	1	4	4	1	3	3	1	4	4	1	7	7	1	7	7	1	1	1	1	0	0	1	0	0	1	0	0	1	0	0	1	0	0	1	2	2	1	0	0	1	0	0	1	0	0	1	0	0	1	1	1	1	0	0	1	0	0	1	0	0	1
426	102	1.0000	1	1	1	0	0	1	0	0	1	0	0	1	0	0	1	1	1	1	1	1	1	0	0	1	4	4	1	0	0	1	0	0	1	1	1	1	0	0	1	4	4	1	3	3	1	4	4	1	7	7	1	7	7	1	1	1	1	0	0	1	0	0	1	0	0	1	0	0	1	0	0	1	2	2	1	0	0	1	0	0	1	0	0	1	0	0	1	1	1	1	0	0	1	0	0	1	0	0	1
427	102	1.0000	1	1	1	0	0	1	0	0	1	0	0	1	0	0	1	1	1	1	1	1	1	0	0	1	4	4	1	0	0	1	0	0	1	1	1	1	0	0	1	4	4	1	3	3	1	4	4	1	7	7	1	7	7	1	1	1	1	0	0	1	0	0	1	0	0	1	0	0	1	0	0	1	2	2	1	0	0	1	0	0	1	0	0	1	0	0	1	1	1	1	0	0	1	0	0	1	0	0	1
428	102	1.0000	1	1	1	0	0	1	0	0	1	0	0	1	0	0	1	1	1	1	1	1	1	0	0	1	4	4	1	0	0	1	0	0	1	1	1	1	0	0	1	4	4	1	3	3	1	4	4	1	7	7	1	7	7	1	1	1	1	0	0	1	0	0	1	0	0	1	0	0	1	0	0	1	2	2	1	0	0	1	0	0	1	0	0	1	0	0	1	1	1	1	0	0	1	0	0	1	0	0	1
429	102	1.0000	1	1	1	0	0	1	0	0	1	0	0	1	0	0	1	1	1	1	1	1	1	0	0	1	4	4	1	0	0	1	0	0	1	1	1	1	0	0	1	4	4	1	3	3	1	4	4	1	7	7	1	7	7	1	1	1	1	0	0	1	0	0	1	0	0	1	0	0	1	0	0	1	2	2	1	0	0	1	0	0	1	0	0	1	0	0	1	1	1	1	0	0	1	0	0	1	0	0	1
430	102	1.0000	1	1	1	0	0	1	0	0	1	0	0	1	0	0	1	1	1	1	1	1	1	0	0	1	4	4	1	0	0	1	0	0	1	1	1	1	0	0	1	4	4	1	3	3	1	4	4	1	7	7	1	7	7	1	1	1	1	0	0	1	0	0	1	0	0	1	0	0	1	0	0	1	2	2	1	0	0	1	0	0	1	0	0	1	0	0	1	1	1	1	0	0	1	0	0	1	0	0	1
431	102	1.0000	1	1	1	0	0	1	0	0	1	0	0	1	0	0	1	1	1	1	1	1	1	0	0	1	4	4	1	0	0	1	0	0	1	1	1	1	0	0	1	4	4	1	3	3	1	4	4	1	7	7	1	7	7	1	1	1	1	0	0	1	0	0	1	0	0	1	0	0	1	0	0	1	2	2	1	0	0	1	0	0	1	0	0	1	0	0	1	1	1	1	0	0	1	0	0	1	0	0	1
432	102	1.0000	1	1	1	0	0	1	0	0	1	0	0	1	0	0	1	1	1	1	1	1	1	0	0	1	4	4	1	0	0	1	0	0	1	1	1	1	0	0	1	4	4	1	3	3	1	4	4	1	7	7	1	7	7	1	1	1	1	0	0	1	0	0	1	0	0	1	0	0	1	0	0	1	2	2	1	0	0	1	0	0	1	0	0	1	0	0	1	1	1	1	0	0	1	0	0	1	0	0	1
433	102	1.0000	1	1	1	0	0	1	0	0	1	0	0	1	0	0	1	1	1	1	1	1	1	0	0	1	4	4	1	0	0	1	0	0	1	1	1	1	0	0	1	4	4	1	3	3	1	4	4	1	7	7	1	7	7	1	1	1	1	0	0	1	0	0	1	0	0	1	0	0	1	0	0	1	2	2	1	0	0	1	0	0	1	0	0	1	0	0	1	1	1	1	0	0	1	0	0	1	0	0	1
434	102	1.0000	1	1	1	0	0	1	0	0	1	0	0	1	0	0	1	1	1	1	1	1	1	0	0	1	4	4	1	0	0	1	0	0	1	1	1	1	0	0	1	4	4	1	3	3	1	4	4	1	7	7	1	7	7	1	1	1	1	0	0	1	0	0	1	0	0	1	0	0	1	0	0	1	2	2	1	0	0	1	0	0	1	0	0	1	0	0	1	1	1	1	0	0	1	0	0	1	0	0	1
435	102	1.0000	1	1	1	0	0	1	0	0	1	0	0	1	0	0	1	1	1	1	1	1	1	0	0	1	4	4	1	0	0	1	0	0	1	1	1	1	0	0	1	4	4	1	3	3	1	4	4	1	7	7	1	7	7	1	1	1	1	0	0	1	0	0	1	0	0	1	0	0	1	0	0	1	2	2	1	0	0	1	0	0	1	0	0	1	0	0	1	1	1	1	0	0	1	0	0	1	0	0	1
436	102	1.0000	1	1	1	0	0	1	0	0	1	0	0	1	0	0	1	1	1	1	1	1	1	0	0	1	4	4	1	0	0	1	0	0	1	1	1	1	0	0	1	4	4	1	3	3	1	4	4	1	7	7	1	7	7	1	1	1	1	0	0	1	0	0	1	0	0	1	0	0	1	0	0	1	2	2	1	0	0	1	0	0	1	0	0	1	0	0	1	1	1	1	0	0	1	0	0	1	0	0	1
437	102	1.0000	1	1	1	0	0	1	0	0	1	0	0	1	0	0	1	1	1	1	1	1	1	0	0	1	4	4	1	0	0	1	0	0	1	1	1	1	0	0	1	4	4	1	3	3	1	4	4	1	7	7	1	7	7	1	1	1	1	0	0	1	0	0	1	0	0	1	0	0	1	0	0	1	2	2	1	0	0	1	0	0	1	0	0	1	0	0	1	1	1	1	0	0	1	0	0	1	0	0	1
438	102	1.0000	1	1	1	0	0	1	0	0	1	0	0	1	0	0	1	1	1	1	1	1	1	0	0	1	4	4	1	0	0	1	0	0	1	1	1	1	0	0	1	4	4	1	3	3	1	4	4	1	7	7	1	7	7	1	1	1	1	0	0	1	0	0	1	0	0	1	0	0	1	0	0	1	2	2	1	0	0	1	0	0	1	0	0	1	0	0	1	1	1	1	0	0	1	0	0	1	0	0	1
439	102	1.0000	1	1	1	0	0	1	0	0	1	0	0	1	0	0	1	1	1	1	1	1	1	0	0	1	4	4	1	0	0	1	0	0	1	1	1	1	0	0	1	4	4	1	3	3	1	4	4	1	7	7	1	7	7	1	1	1	1	0	0	1	0	0	1	0	0	1	0	0	1	0	0	1	2	2	1	0	0	1	0	0	1	0	0	1	0	0	1	1	1	1	0	0	1	0	0	1	0	0	1
440	102	1.0000	1	1	1	0	0	1	0	0	1	0	0	1	0	0	1	1	1	1	1	1	1	0	0	1	4	4	1	0	0	1	0	0	1	1	1	1	0	0	1	4	4	1	3	3	1	4	4	1	7	7	1	7	7	1	1	1	1	0	0	1	0	0	1	0	0	1	0	0	1	0	0	1	2	2	1	0	0	1	0	0	1	0	0	1	0	0	1	1	1	1	0	0	1	0	0	1	0	0	1
441	102	1.0000	1	1	1	0	0	1	0	0	1	0	0	1	0	0	1	1	1	1	1	1	1	0	0	1	4	4	1	0	0	1	0	0	1	1	1	1	0	0	1	4	4	1	3	3	1	4	4	1	7	7	1	7	7	1	1	1	1	0	0	1	0	0	1	0	0	1	0	0	1	0	0	1	2	2	1	0	0	1	0	0	1	0	0	1	0	0	1	1	1	1	0	0	1	0	0	1	0	0	1
442	102	1.0000	1	1	1	0	0	1	0	0	1	0	0	1	0	0	1	1	1	1	1	1	1	0	0	1	4	4	1	0	0	1	0	0	1	1	1	1	0	0	1	4	4	1	3	3	1	4	4	1	7	7	1	7	7	1	1	1	1	0	0	1	0	0	1	0	0	1	0	0	1	0	0	1	2	2	1	0	0	1	0	0	1	0	0	1	0	0	1	1	1	1	0	0	1	0	0	1	0	0	1
443	102	1.0000	1	1	1	0	0	1	0	0	1	0	0	1	0	0	1	1	1	1	1	1	1	0	0	1	4	4	1	0	0	1	0	0	1	1	1	1	0	0	1	4	4	1	3	3	1	4	4	1	7	7	1	7	7	1	1	1	1	0	0	1	0	0	1	0	0	1	0	0	1	0	0	1	2	2	1	0	0	1	0	0	1	0	0	1	0	0	1	1	1	1	0	0	1	0	0	1	0	0	1
444	102	1.0000	1	1	1	0	0	1	0	0	1	0	0	1	0	0	1	1	1	1	1	1	1	0	0	1	4	4	1	0	0	1	0	0	1	1	1	1	0	0	1	4	4	1	3	3	1	4	4	1	7	7	1	7	7	1	1	1	1	0	0	1	0	0	1	0	0	1	0	0	1	0	0	1	2	2	1	0	0	1	0	0	1	0	0	1	0	0	1	1	1	1	0	0	1	0	0	1	0	0	1
445	102	1.0000	1	1	1	0	0	1	0	0	1	0	0	1	0	0	1	1	1	1	1	1	1	0	0	1	4	4	1	0	0	1	0	0	1	1	1	1	0	0	1	4	4	1	3	3	1	4	4	1	7	7	1	7	7	1	1	1	1	0	0	1	0	0	1	0	0	1	0	0	1	0	0	1	2	2	1	0	0	1	0	0	1	0	0	1	0	0	1	1	1	1	0	0	1	0	0	1	0	0	1
446	102	1.0000	1	1	1	0	0	1	0	0	1	0	0	1	0	0	1	1	1	1	1	1	1	0	0	1	4	4	1	0	0	1	0	0	1	1	1	1	0	0	1	4	4	1	3	3	1	4	4	1	7	7	1	7	7	1	1	1	1	0	0	1	0	0	1	0	0	1	0	0	1	0	0	1	2	2	1	0	0	1	0	0	1	0	0	1	0	0	1	1	1	1	0	0	1	0	0	1	0	0	1
447	102	1.0000	1	1	1	0	0	1	0	0	1	0	0	1	0	0	1	1	1	1	1	1	1	0	0	1	4	4	1	0	0	1	0	0	1	1	1	1	0	0	1	4	4	1	3	3	1	4	4	1	7	7	1	7	7	1	1	1	1	0	0	1	0	0	1	0	0	1	0	0	1	0	0	1	2	2	1	0	0	1	0	0	1	0	0	1	0	0	1	1	1	1	0	0	1	0	0	1	0	0	1
448	102	1.0000	1	1	1	0	0	1	0	0	1	0	0	1	0	0	1	1	1	1	1	1	1	0	0	1	4	4	1	0	0	1	0	0	1	1	1	1	0	0	1	4	4	1	3	3	1	4	4	1	7	7	1	7	7	1	1	1	1	0	0	1	0	0	1	0	0	1	0	0	1	0	0	1	2	2	1	0	0	1	0	0	1	0	0	1	0	0	1	1	1	1	0	0	1	0	0	1	0	0	1
449	102	1.0000	1	1	1	0	0	1	0	0	1	0	0	1	0	0	1	1	1	1	1	1	1	0	0	1	4	4	1	0	0	1	0	0	1	1	1	1	0	0	1	4	4	1	3	3	1	4	4	1	7	7	1	7	7	1	1	1	1	0	0	1	0	0	1	0	0	1	0	0	1	0	0	1	2	2	1	0	0	1	0	0	1	0	0	1	0	0	1	1	1	1	0	0	1	0	0	1	0	0	1
450	102	1.0000	1	1	1	0	0	1	0	0	1	0	0	1	0	0	1	1	1	1	1	1	1	0	0	1	4	4	1	0	0	1	0	0	1	1	1	1	0	0	1	4	4	1	3	3	1	4	4	1	7	7	1	7	7	1	1	1	1	0	0	1	0	0	1	0	0	1	0	0	1	0	0	1	2	2	1	0	0	1	0	0	1	0	0	1	0	0	1	1	1	1	0	0	1	0	0	1	0	0	1
451	102	1.0000	1	1	1	0	0	1	0	0	1	0	0	1	0	0	1	1	1	1	1	1	1	0	0	1	4	4	1	0	0	1	0	0	1	1	1	1	0	0	1	4	4	1	3	3	1	4	4	1	7	7	1	7	7	1	1	1	1	0	0	1	0	0	1	0	0	1	0	0	1	0	0	1	2	2	1	0	0	1	0	0	1	0	0	1	0	0	1	1	1	1	0	0	1	0	0	1	0	0	1
452	102	1.0000	1	1	1	0	0	1	0	0	1	0	0	1	0	0	1	1	1	1	1	1	1	0	0	1	4	4	1	0	0	1	0	0	1	1	1	1	0	0	1	4	4	1	3	3	1	4	4	1	7	7	1	7	7	1	1	1	1	0	0	1	0	0	1	0	0	1	0	0	1	0	0	1	2	2	1	0	0	1	0	0	1	0	0	1	0	0	1	1	1	1	0	0	1	0	0	1	0	0	1
453	102	1.0000	1	1	1	0	0	1	0	0	1	0	0	1	0	0	1	1	1	1	1	1	1	0	0	1	4	4	1	0	0	1	0	0	1	1	1	1	0	0	1	4	4	1	3	3	1	4	4	1	7	7	1	7	7	1	1	1	1	0	0	1	0	0	1	0	0	1	0	0	1	0	0	1	2	2	1	0	0	1	0	0	1	0	0	1	0	0	1	1	1	1	0	0	1	0	0	1	0	0	1
454	102	1.0000	1	1	1	0	0	1	0	0	1	0	0	1	0	0	1	1	1	1	1	1	1	0	0	1	4	4	1	0	0	1	0	0	1	1	1	1	0	0	1	4	4	1	3	3	1	4	4	1	7	7	1	7	7	1	1	1	1	0	0	1	0	0	1	0	0	1	0	0	1	0	0	1	2	2	1	0	0	1	0	0	1	0	0	1	0	0	1	1	1	1	0	0	1	0	0	1	0	0	1
455	102	1.0000	1	1	1	0	0	1	0	0	1	0	0	1	0	0	1	1	1	1	1	1	1	0	0	1	4	4	1	0	0	1	0	0	1	1	1	1	0	0	1	4	4	1	3	3	1	4	4	1	7	7	1	7	7	1	1	1	1	0	0	1	0	0	1	0	0	1	0	0	1	0	0	1	2	2	1	0	0	1	0	0	1	0	0	1	0	0	1	1	1	1	0	0	1	0	0	1	0	0	1
456	102	1.0000	1	1	1	0	0	1	0	0	1	0	0	1	0	0	1	1	1	1	1	1	1	0	0	1	4	4	1	0	0	1	0	0	1	1	1	1	0	0	1	4	4	1	3	3	1	4	4	1	7	7	1	7	7	1	1	1	1	0	0	1	0	0	1	0	0	1	0	0	1	0	0	1	2	2	1	0	0	1	0	0	1	0	0	1	0	0	1	1	1	1	0	0	1	0	0	1	0	0	1
457	102	1.0000	1	1	1	0	0	1	0	0	1	0	0	1	0	0	1	1	1	1	1	1	1	0	0	1	4	4	1	0	0	1	0	0	1	1	1	1	0	0	1	4	4	1	3	3	1	4	4	1	7	7	1	7	7	1	1	1	1	0	0	1	0	0	1	0	0	1	0	0	1	0	0	1	2	2	1	0	0	1	0	0	1	0	0	1	0	0	1	1	1	1	0	0	1	0	0	1	0	0	1
458	102	1.0000	1	1	1	0	0	1	0	0	1	0	0	1	0	0	1	1	1	1	1	1	1	0	0	1	4	4	1	0	0	1	0	0	1	1	1	1	0	0	1	4	4	1	3	3	1	4	4	1	7	7	1	7	7	1	1	1	1	0	0	1	0	0	1	0	0	1	0	0	1	0	0	1	2	2	1	0	0	1	0	0	1	0	0	1	0	0	1	1	1	1	0	0	1	0	0	1	0	0	1
459	102	1.0000	1	1	1	0	0	1	0	0	1	0	0	1	0	0	1	1	1	1	1	1	1	0	0	1	4	4	1	0	0	1	0	0	1	1	1	1	0	0	1	4	4	1	3	3	1	4	4	1	7	7	1	7	7	1	1	1	1	0	0	1	0	0	1	0	0	1	0	0	1	0	0	1	2	2	1	0	0	1	0	0	1	0	0	1	0	0	1	1	1	1	0	0	1	0	0	1	0	0	1
460	102	1.0000	1	1	1	0	0	1	0	0	1	0	0	1	0	0	1	1	1	1	1	1	1	0	0	1	4	4	1	0	0	1	0	0	1	1	1	1	0	0	1	4	4	1	3	3	1	4	4	1	7	7	1	7	7	1	1	1	1	0	0	1	0	0	1	0	0	1	0	0	1	0	0	1	2	2	1	0	0	1	0	0	1	0	0	1	0	0	1	1	1	1	0	0	1	0	0	1	0	0	1
461	102	1.0000	1	1	1	0	0	1	0	0	1	0	0	1	0	0	1	1	1	1	1	1	1	0	0	1	4	4	1	0	0	1	0	0	1	1	1	1	0	0	1	4	4	1	3	3	1	4	4	1	7	7	1	7	7	1	1	1	1	0	0	1	0	0	1	0	0	1	0	0	1	0	0	1	2	2	1	0	0	1	0	0	1	0	0	1	0	0	1	1	1	1	0	0	1	0	0	1	0	0	1
462	102	1.0000	1	1	1	0	0	1	0	0	1	0	0	1	0	0	1	1	1	1	1	1	1	0	0	1	4	4	1	0	0	1	0	0	1	1	1	1	0	0	1	4	4	1	3	3	1	4	4	1	7	7	1	7	7	1	1	1	1	0	0	1	0	0	1	0	0	1	0	0	1	0	0	1	2	2	1	0	0	1	0	0	1	0	0	1	0	0	1	1	1	1	0	0	1	0	0	1	0	0	1
463	102	1.0000	1	1	1	0	0	1	0	0	1	0	0	1	0	0	1	1	1	1	1	1	1	0	0	1	4	4	1	0	0	1	0	0	1	1	1	1	0	0	1	4	4	1	3	3	1	4	4	1	7	7	1	7	7	1	1	1	1	0	0	1	0	0	1	0	0	1	0	0	1	0	0	1	2	2	1	0	0	1	0	0	1	0	0	1	0	0	1	1	1	1	0	0	1	0	0	1	0	0	1
464	102	1.0000	1	1	1	0	0	1	0	0	1	0	0	1	0	0	1	1	1	1	1	1	1	0	0	1	4	4	1	0	0	1	0	0	1	1	1	1	0	0	1	4	4	1	3	3	1	4	4	1	7	7	1	7	7	1	1	1	1	0	0	1	0	0	1	0	0	1	0	0	1	0	0	1	2	2	1	0	0	1	0	0	1	0	0	1	0	0	1	1	1	1	0	0	1	0	0	1	0	0	1
465	102	1.0000	1	1	1	0	0	1	0	0	1	0	0	1	0	0	1	1	1	1	1	1	1	0	0	1	4	4	1	0	0	1	0	0	1	1	1	1	0	0	1	4	4	1	3	3	1	4	4	1	7	7	1	7	7	1	1	1	1	0	0	1	0	0	1	0	0	1	0	0	1	0	0	1	2	2	1	0	0	1	0	0	1	0	0	1	0	0	1	1	1	1	0	0	1	0	0	1	0	0	1
466	102	1.0000	1	1	1	0	0	1	0	0	1	0	0	1	0	0	1	1	1	1	1	1	1	0	0	1	4	4	1	0	0	1	0	0	1	1	1	1	0	0	1	4	4	1	3	3	1	4	4	1	7	7	1	7	7	1	1	1	1	0	0	1	0	0	1	0	0	1	0	0	1	0	0	1	2	2	1	0	0	1	0	0	1	0	0	1	0	0	1	1	1	1	0	0	1	0	0	1	0	0	1
467	102	1.0000	1	1	1	0	0	1	0	0	1	0	0	1	0	0	1	1	1	1	1	1	1	0	0	1	4	4	1	0	0	1	0	0	1	1	1	1	0	0	1	4	4	1	3	3	1	4	4	1	7	7	1	7	7	1	1	1	1	0	0	1	0	0	1	0	0	1	0	0	1	0	0	1	2	2	1	0	0	1	0	0	1	0	0	1	0	0	1	1	1	1	0	0	1	0	0	1	0	0	1
468	102	1.0000	1	1	1	0	0	1	0	0	1	0	0	1	0	0	1	1	1	1	1	1	1	0	0	1	4	4	1	0	0	1	0	0	1	1	1	1	0	0	1	4	4	1	3	3	1	4	4	1	7	7	1	7	7	1	1	1	1	0	0	1	0	0	1	0	0	1	0	0	1	0	0	1	2	2	1	0	0	1	0	0	1	0	0	1	0	0	1	1	1	1	0	0	1	0	0	1	0	0	1
469	102	1.0000	1	1	1	0	0	1	0	0	1	0	0	1	0	0	1	1	1	1	1	1	1	0	0	1	4	4	1	0	0	1	0	0	1	1	1	1	0	0	1	4	4	1	3	3	1	4	4	1	7	7	1	7	7	1	1	1	1	0	0	1	0	0	1	0	0	1	0	0	1	0	0	1	2	2	1	0	0	1	0	0	1	0	0	1	0	0	1	1	1	1	0	0	1	0	0	1	0	0	1
470	102	1.0000	1	1	1	0	0	1	0	0	1	0	0	1	0	0	1	1	1	1	1	1	1	0	0	1	4	4	1	0	0	1	0	0	1	1	1	1	0	0	1	4	4	1	3	3	1	4	4	1	7	7	1	7	7	1	1	1	1	0	0	1	0	0	1	0	0	1	0	0	1	0	0	1	2	2	1	0	0	1	0	0	1	0	0	1	0	0	1	1	1	1	0	0	1	0	0	1	0	0	1
471	102	1.0000	1	1	1	0	0	1	0	0	1	0	0	1	0	0	1	1	1	1	1	1	1	0	0	1	4	4	1	0	0	1	0	0	1	1	1	1	0	0	1	4	4	1	3	3	1	4	4	1	7	7	1	7	7	1	1	1	1	0	0	1	0	0	1	0	0	1	0	0	1	0	0	1	2	2	1	0	0	1	0	0	1	0	0	1	0	0	1	1	1	1	0	0	1	0	0	1	0	0	1
472	102	1.0000	1	1	1	0	0	1	0	0	1	0	0	1	0	0	1	1	1	1	1	1	1	0	0	1	4	4	1	0	0	1	0	0	1	1	1	1	0	0	1	4	4	1	3	3	1	4	4	1	7	7	1	7	7	1	1	1	1	0	0	1	0	0	1	0	0	1	0	0	1	0	0	1	2	2	1	0	0	1	0	0	1	0	0	1	0	0	1	1	1	1	0	0	1	0	0	1	0	0	1
473	102	1.0000	1	1	1	0	0	1	0	0	1	0	0	1	0	0	1	1	1	1	1	1	1	0	0	1	4	4	1	0	0	1	0	0	1	1	1	1	0	0	1	4	4	1	3	3	1	4	4	1	7	7	1	7	7	1	1	1	1	0	0	1	0	0	1	0	0	1	0	0	1	0	0	1	2	2	1	0	0	1	0	0	1	0	0	1	0	0	1	1	1	1	0	0	1	0	0	1	0	0	1
474	102	1.0000	1	1	1	0	0	1	0	0	1	0	0	1	0	0	1	1	1	1	1	1	1	0	0	1	4	4	1	0	0	1	0	0	1	1	1	1	0	0	1	4	4	1	3	3	1	4	4	1	7	7	1	7	7	1	1	1	1	0	0	1	0	0	1	0	0	1	0	0	1	0	0	1	2	2	1	0	0	1	0	0	1	0	0	1	0	0	1	1	1	1	0	0	1	0	0	1	0	0	1
475	102	1.0000	1	1	1	0	0	1	0	0	1	0	0	1	0	0	1	1	1	1	1	1	1	0	0	1	4	4	1	0	0	1	0	0	1	1	1	1	0	0	1	4	4	1	3	3	1	4	4	1	7	7	1	7	7	1	1	1	1	0	0	1	0	0	1	0	0	1	0	0	1	0	0	1	2	2	1	0	0	1	0	0	1	0	0	1	0	0	1	1	1	1	0	0	1	0	0	1	0	0	1
476	102	1.0000	1	1	1	0	0	1	0	0	1	0	0	1	0	0	1	1	1	1	1	1	1	0	0	1	4	4	1	0	0	1	0	0	1	1	1	1	0	0	1	4	4	1	3	3	1	4	4	1	7	7	1	7	7	1	1	1	1	0	0	1	0	0	1	0	0	1	0	0	1	0	0	1	2	2	1	0	0	1	0	0	1	0	0	1	0	0	1	1	1	1	0	0	1	0	0	1	0	0	1
477	102	1.0000	1	1	1	0	0	1	0	0	1	0	0	1	0	0	1	1	1	1	1	1	1	0	0	1	4	4	1	0	0	1	0	0	1	1	1	1	0	0	1	4	4	1	3	3	1	4	4	1	7	7	1	7	7	1	1	1	1	0	0	1	0	0	1	0	0	1	0	0	1	0	0	1	2	2	1	0	0	1	0	0	1	0	0	1	0	0	1	1	1	1	0	0	1	0	0	1	0	0	1
478	102	1.0000	1	1	1	0	0	1	0	0	1	0	0	1	0	0	1	1	1	1	1	1	1	0	0	1	4	4	1	0	0	1	0	0	1	1	1	1	0	0	1	4	4	1	3	3	1	4	4	1	7	7	1	7	7	1	1	1	1	0	0	1	0	0	1	0	0	1	0	0	1	0	0	1	2	2	1	0	0	1	0	0	1	0	0	1	0	0	1	1	1	1	0	0	1	0	0	1	0	0	1
479	102	1.0000	1	1	1	0	0	1	0	0	1	0	0	1	0	0	1	1	1	1	1	1	1	0	0	1	4	4	1	0	0	1	0	0	1	1	1	1	0	0	1	4	4	1	3	3	1	4	4	1	7	7	1	7	7	1	1	1	1	0	0	1	0	0	1	0	0	1	0	0	1	0	0	1	2	2	1	0	0	1	0	0	1	0	0	1	0	0	1	1	1	1	0	0	1	0	0	1	0	0	1
480	102	1.0000	1	1	1	0	0	1	0	0	1	0	0	1	0	0	1	1	1	1	1	1	1	0	0	1	4	4	1	0	0	1	0	0	1	1	1	1	0	0	1	4	4	1	3	3	1	4	4	1	7	7	1	7	7	1	1	1	1	0	0	1	0	0	1	0	0	1	0	0	1	0	0	1	2	2	1	0	0	1	0	0	1	0	0	1	0	0	1	1	1	1	0	0	1	0	0	1	0	0	1
481	102	1.0000	1	1	1	0	0	1	0	0	1	0	0	1	0	0	1	1	1	1	1	1	1	0	0	1	4	4	1	0	0	1	0	0	1	1	1	1	0	0	1	4	4	1	3	3	1	4	4	1	7	7	1	7	7	1	1	1	1	0	0	1	0	0	1	0	0	1	0	0	1	0	0	1	2	2	1	0	0	1	0	0	1	0	0	1	0	0	1	1	1	1	0	0	1	0	0	1	0	0	1
482	102	1.0000	1	1	1	0	0	1	0	0	1	0	0	1	0	0	1	1	1	1	1	1	1	0	0	1	4	4	1	0	0	1	0	0	1	1	1	1	0	0	1	4	4	1	3	3	1	4	4	1	7	7	1	7	7	1	1	1	1	0	0	1	0	0	1	0	0	1	0	0	1	0	0	1	2	2	1	0	0	1	0	0	1	0	0	1	0	0	1	1	1	1	0	0	1	0	0	1	0	0	1
483	102	1.0000	1	1	1	0	0	1	0	0	1	0	0	1	0	0	1	1	1	1	1	1	1	0	0	1	4	4	1	0	0	1	0	0	1	1	1	1	0	0	1	4	4	1	3	3	1	4	4	1	7	7	1	7	7	1	1	1	1	0	0	1	0	0	1	0	0	1	0	0	1	0	0	1	2	2	1	0	0	1	0	0	1	0	0	1	0	0	1	1	1	1	0	0	1	0	0	1	0	0	1
484	102	1.0000	1	1	1	0	0	1	0	0	1	0	0	1	0	0	1	1	1	1	1	1	1	0	0	1	4	4	1	0	0	1	0	0	1	1	1	1	0	0	1	4	4	1	3	3	1	4	4	1	7	7	1	7	7	1	1	1	1	0	0	1	0	0	1	0	0	1	0	0	1	0	0	1	2	2	1	0	0	1	0	0	1	0	0	1	0	0	1	1	1	1	0	0	1	0	0	1	0	0	1
485	102	1.0000	1	1	1	0	0	1	0	0	1	0	0	1	0	0	1	1	1	1	1	1	1	0	0	1	4	4	1	0	0	1	0	0	1	1	1	1	0	0	1	4	4	1	3	3	1	4	4	1	7	7	1	7	7	1	1	1	1	0	0	1	0	0	1	0	0	1	0	0	1	0	0	1	2	2	1	0	0	1	0	0	1	0	0	1	0	0	1	1	1	1	0	0	1	0	0	1	0	0	1
486	102	1.0000	1	1	1	0	0	1	0	0	1	0	0	1	0	0	1	1	1	1	1	1	1	0	0	1	4	4	1	0	0	1	0	0	1	1	1	1	0	0	1	4	4	1	3	3	1	4	4	1	7	7	1	7	7	1	1	1	1	0	0	1	0	0	1	0	0	1	0	0	1	0	0	1	2	2	1	0	0	1	0	0	1	0	0	1	0	0	1	1	1	1	0	0	1	0	0	1	0	0	1
487	102	1.0000	1	1	1	0	0	1	0	0	1	0	0	1	0	0	1	1	1	1	1	1	1	0	0	1	4	4	1	0	0	1	0	0	1	1	1	1	0	0	1	4	4	1	3	3	1	4	4	1	7	7	1	7	7	1	1	1	1	0	0	1	0	0	1	0	0	1	0	0	1	0	0	1	2	2	1	0	0	1	0	0	1	0	0	1	0	0	1	1	1	1	0	0	1	0	0	1	0	0	1
488	102	1.0000	1	1	1	0	0	1	0	0	1	0	0	1	0	0	1	1	1	1	1	1	1	0	0	1	4	4	1	0	0	1	0	0	1	1	1	1	0	0	1	4	4	1	3	3	1	4	4	1	7	7	1	7	7	1	1	1	1	0	0	1	0	0	1	0	0	1	0	0	1	0	0	1	2	2	1	0	0	1	0	0	1	0	0	1	0	0	1	1	1	1	0	0	1	0	0	1	0	0	1
489	102	1.0000	1	1	1	0	0	1	0	0	1	0	0	1	0	0	1	1	1	1	1	1	1	0	0	1	4	4	1	0	0	1	0	0	1	1	1	1	0	0	1	4	4	1	3	3	1	4	4	1	7	7	1	7	7	1	1	1	1	0	0	1	0	0	1	0	0	1	0	0	1	0	0	1	2	2	1	0	0	1	0	0	1	0	0	1	0	0	1	1	1	1	0	0	1	0	0	1	0	0	1
490	102	1.0000	1	1	1	0	0	1	0	0	1	0	0	1	0	0	1	1	1	1	1	1	1	0	0	1	4	4	1	0	0	1	0	0	1	1	1	1	0	0	1	4	4	1	3	3	1	4	4	1	7	7	1	7	7	1	1	1	1	0	0	1	0	0	1	0	0	1	0	0	1	0	0	1	2	2	1	0	0	1	0	0	1	0	0	1	0	0	1	1	1	1	0	0	1	0	0	1	0	0	1
491	102	1.0000	1	1	1	0	0	1	0	0	1	0	0	1	0	0	1	1	1	1	1	1	1	0	0	1	4	4	1	0	0	1	0	0	1	1	1	1	0	0	1	4	4	1	3	3	1	4	4	1	7	7	1	7	7	1	1	1	1	0	0	1	0	0	1	0	0	1	0	0	1	0	0	1	2	2	1	0	0	1	0	0	1	0	0	1	0	0	1	1	1	1	0	0	1	0	0	1	0	0	1
492	102	1.0000	1	1	1	0	0	1	0	0	1	0	0	1	0	0	1	1	1	1	1	1	1	0	0	1	4	4	1	0	0	1	0	0	1	1	1	1	0	0	1	4	4	1	3	3	1	4	4	1	7	7	1	7	7	1	1	1	1	0	0	1	0	0	1	0	0	1	0	0	1	0	0	1	2	2	1	0	0	1	0	0	1	0	0	1	0	0	1	1	1	1	0	0	1	0	0	1	0	0	1
493	102	1.0000	1	1	1	0	0	1	0	0	1	0	0	1	0	0	1	1	1	1	1	1	1	0	0	1	4	4	1	0	0	1	0	0	1	1	1	1	0	0	1	4	4	1	3	3	1	4	4	1	7	7	1	7	7	1	1	1	1	0	0	1	0	0	1	0	0	1	0	0	1	0	0	1	2	2	1	0	0	1	0	0	1	0	0	1	0	0	1	1	1	1	0	0	1	0	0	1	0	0	1
494	102	1.0000	1	1	1	0	0	1	0	0	1	0	0	1	0	0	1	1	1	1	1	1	1	0	0	1	4	4	1	0	0	1	0	0	1	1	1	1	0	0	1	4	4	1	3	3	1	4	4	1	7	7	1	7	7	1	1	1	1	0	0	1	0	0	1	0	0	1	0	0	1	0	0	1	2	2	1	0	0	1	0	0	1	0	0	1	0	0	1	1	1	1	0	0	1	0	0	1	0	0	1
495	102	1.0000	1	1	1	0	0	1	0	0	1	0	0	1	0	0	1	1	1	1	1	1	1	0	0	1	4	4	1	0	0	1	0	0	1	1	1	1	0	0	1	4	4	1	3	3	1	4	4	1	7	7	1	7	7	1	1	1	1	0	0	1	0	0	1	0	0	1	0	0	1	0	0	1	2	2	1	0	0	1	0	0	1	0	0	1	0	0	1	1	1	1	0	0	1	0	0	1	0	0	1
496	102	1.0000	1	1	1	0	0	1	0	0	1	0	0	1	0	0	1	1	1	1	1	1	1	0	0	1	4	4	1	0	0	1	0	0	1	1	1	1	0	0	1	4	4	1	3	3	1	4	4	1	7	7	1	7	7	1	1	1	1	0	0	1	0	0	1	0	0	1	0	0	1	0	0	1	2	2	1	0	0	1	0	0	1	0	0	1	0	0	1	1	1	1	0	0	1	0	0	1	0	0	1
497	102	1.0000	1	1	1	0	0	1	0	0	1	0	0	1	0	0	1	1	1	1	1	1	1	0	0	1	4	4	1	0	0	1	0	0	1	1	1	1	0	0	1	4	4	1	3	3	1	4	4	1	7	7	1	7	7	1	1	1	1	0	0	1	0	0	1	0	0	1	0	0	1	0	0	1	2	2	1	0	0	1	0	0	1	0	0	1	0	0	1	1	1	1	0	0	1	0	0	1	0	0	1
498	102	1.0000	1	1	1	0	0	1	0	0	1	0	0	1	0	0	1	1	1	1	1	1	1	0	0	1	4	4	1	0	0	1	0	0	1	1	1	1	0	0	1	4	4	1	3	3	1	4	4	1	7	7	1	7	7	1	1	1	1	0	0	1	0	0	1	0	0	1	0	0	1	0	0	1	2	2	1	0	0	1	0	0	1	0	0	1	0	0	1	1	1	1	0	0	1	0	0	1	0	0	1
499	102	1.0000	1	1	1	0	0	1	0	0	1	0	0	1	0	0	1	1	1	1	1	1	1	0	0	1	4	4	1	0	0	1	0	0	1	1	1	1	0	0	1	4	4	1	3	3	1	4	4	1	7	7	1	7	7	1	1	1	1	0	0	1	0	0	1	0	0	1	0	0	1	0	0	1	2	2	1	0	0	1	0	0	1	0	0	1	0	0	1	1	1	1	0	0	1	0	0	1	0	0	1
500	102	1.0000	1	1	1	0	0	1	0	0	1	0	0	1	0	0	1	1	1	1	1	1	1	0	0	1	4	4	1	0	0	1	0	0	1	1	1	1	0	0	1	4	4	1	3	3	1	4	4	1	7	7	1	7	7	1	1	1	1	0	0	1	0	0	1	0	0	1	0	0	1	0	0	1	2	2	1	0	0	1	0	0	1	0	0	1	0	0	1	1	1	1	0	0	1	0	0	1	0	0	1
501	102	1.0000	1	1	1	0	0	1	0	0	1	0	0	1	0	0	1	1	1	1	1	1	1	0	0	1	4	4	1	0	0	1	0	0	1	1	1	1	0	0	1	4	4	1	3	3	1	4	4	1	7	7	1	7	7	1	1	1	1	0	0	1	0	0	1	0	0	1	0	0	1	0	0	1	2	2	1	0	0	1	0	0	1	0	0	1	0	0	1	1	1	1	0	0	1	0	0	1	0	0	1
502	102	1.0000	1	1	1	0	0	1	0	0	1	0	0	1	0	0	1	1	1	1	1	1	1	0	0	1	4	4	1	0	0	1	0	0	1	1	1	1	0	0	1	4	4	1	3	3	1	4	4	1	7	7	1	7	7	1	1	1	1	0	0	1	0	0	1	0	0	1	0	0	1	0	0	1	2	2	1	0	0	1	0	0	1	0	0	1	0	0	1	1	1	1	0	0	1	0	0	1	0	0	1
503	102	1.0000	1	1	1	0	0	1	0	0	1	0	0	1	0	0	1	1	1	1	1	1	1	0	0	1	4	4	1	0	0	1	0	0	1	1	1	1	0	0	1	4	4	1	3	3	1	4	4	1	7	7	1	7	7	1	1	1	1	0	0	1	0	0	1	0	0	1	0	0	1	0	0	1	2	2	1	0	0	1	0	0	1	0	0	1	0	0	1	1	1	1	0	0	1	0	0	1	0	0	1
504	102	1.0000	1	1	1	0	0	1	0	0	1	0	0	1	0	0	1	1	1	1	1	1	1	0	0	1	4	4	1	0	0	1	0	0	1	1	1	1	0	0	1	4	4	1	3	3	1	4	4	1	7	7	1	7	7	1	1	1	1	0	0	1	0	0	1	0	0	1	0	0	1	0	0	1	2	2	1	0	0	1	0	0	1	0	0	1	0	0	1	1	1	1	0	0	1	0	0	1	0	0	1
505	102	1.0000	1	1	1	0	0	1	0	0	1	0	0	1	0	0	1	1	1	1	1	1	1	0	0	1	4	4	1	0	0	1	0	0	1	1	1	1	0	0	1	4	4	1	3	3	1	4	4	1	7	7	1	7	7	1	1	1	1	0	0	1	0	0	1	0	0	1	0	0	1	0	0	1	2	2	1	0	0	1	0	0	1	0	0	1	0	0	1	1	1	1	0	0	1	0	0	1	0	0	1
506	102	1.0000	1	1	1	0	0	1	0	0	1	0	0	1	0	0	1	1	1	1	1	1	1	0	0	1	4	4	1	0	0	1	0	0	1	1	1	1	0	0	1	4	4	1	3	3	1	4	4	1	7	7	1	7	7	1	1	1	1	0	0	1	0	0	1	0	0	1	0	0	1	0	0	1	2	2	1	0	0	1	0	0	1	0	0	1	0	0	1	1	1	1	0	0	1	0	0	1	0	0	1
507	102	1.0000	1	1	1	0	0	1	0	0	1	0	0	1	0	0	1	1	1	1	1	1	1	0	0	1	4	4	1	0	0	1	0	0	1	1	1	1	0	0	1	4	4	1	3	3	1	4	4	1	7	7	1	7	7	1	1	1	1	0	0	1	0	0	1	0	0	1	0	0	1	0	0	1	2	2	1	0	0	1	0	0	1	0	0	1	0	0	1	1	1	1	0	0	1	0	0	1	0	0	1
508	102	1.0000	1	1	1	0	0	1	0	0	1	0	0	1	0	0	1	1	1	1	1	1	1	0	0	1	4	4	1	0	0	1	0	0	1	1	1	1	0	0	1	4	4	1	3	3	1	4	4	1	7	7	1	7	7	1	1	1	1	0	0	1	0	0	1	0	0	1	0	0	1	0	0	1	2	2	1	0	0	1	0	0	1	0	0	1	0	0	1	1	1	1	0	0	1	0	0	1	0	0	1
509	102	1.0000	1	1	1	0	0	1	0	0	1	0	0	1	0	0	1	1	1	1	1	1	1	0	0	1	4	4	1	0	0	1	0	0	1	1	1	1	0	0	1	4	4	1	3	3	1	4	4	1	7	7	1	7	7	1	1	1	1	0	0	1	0	0	1	0	0	1	0	0	1	0	0	1	2	2	1	0	0	1	0	0	1	0	0	1	0	0	1	1	1	1	0	0	1	0	0	1	0	0	1
510	102	1.0000	1	1	1	0	0	1	0	0	1	0	0	1	0	0	1	1	1	1	1	1	1	0	0	1	4	4	1	0	0	1	0	0	1	1	1	1	0	0	1	4	4	1	3	3	1	4	4	1	7	7	1	7	7	1	1	1	1	0	0	1	0	0	1	0	0	1	0	0	1	0	0	1	2	2	1	0	0	1	0	0	1	0	0	1	0	0	1	1	1	1	0	0	1	0	0	1	0	0	1
511	102	1.0000	1	1	1	0	0	1	0	0	1	0	0	1	0	0	1	1	1	1	1	1	1	0	0	1	4	4	1	0	0	1	0	0	1	1	1	1	0	0	1	4	4	1	3	3	1	4	4	1	7	7	1	7	7	1	1	1	1	0	0	1	0	0	1	0	0	1	0	0	1	0	0	1	2	2	1	0	0	1	0	0	1	0	0	1	0	0	1	1	1	1	0	0	1	0	0	1	0	0	1
512	102	1.0000	1	1	1	0	0	1	0	0	1	0	0	1	0	0	1	1	1	1	1	1	1	0	0	1	4	4	1	0	0	1	0	0	1	1	1	1	0	0	1	4	4	1	3	3	1	4	4	1	7	7	1	7	7	1	1	1	1	0	0	1	0	0	1	0	0	1	0	0	1	0	0	1	2	2	1	0	0	1	0	0	1	0	0	1	0	0	1	1	1	1	0	0	1	0	0	1	0	0	1
513	102	1.0000	1	1	1	0	0	1	0	0	1	0	0	1	0	0	1	1	1	1	1	1	1	0	0	1	4	4	1	0	0	1	0	0	1	1	1	1	0	0	1	4	4	1	3	3	1	4	4	1	7	7	1	7	7	1	1	1	1	0	0	1	0	0	1	0	0	1	0	0	1	0	0	1	2	2	1	0	0	1	0	0	1	0	0	1	0	0	1	1	1	1	0	0	1	0	0	1	0	0	1
514	102	1.0000	1	1	1	0	0	1	0	0	1	0	0	1	0	0	1	1	1	1	1	1	1	0	0	1	4	4	1	0	0	1	0	0	1	1	1	1	0	0	1	4	4	1	3	3	1	4	4	1	7	7	1	7	7	1	1	1	1	0	0	1	0	0	1	0	0	1	0	0	1	0	0	1	2	2	1	0	0	1	0	0	1	0	0	1	0	0	1	1	1	1	0	0	1	0	0	1	0	0	1
515	102	1.0000	1	1	1	0	0	1	0	0	1	0	0	1	0	0	1	1	1	1	1	1	1	0	0	1	4	4	1	0	0	1	0	0	1	1	1	1	0	0	1	4	4	1	3	3	1	4	4	1	7	7	1	7	7	1	1	1	1	0	0	1	0	0	1	0	0	1	0	0	1	0	0	1	2	2	1	0	0	1	0	0	1	0	0	1	0	0	1	1	1	1	0	0	1	0	0	1	0	0	1
516	102	1.0000	1	1	1	0	0	1	0	0	1	0	0	1	0	0	1	1	1	1	1	1	1	0	0	1	4	4	1	0	0	1	0	0	1	1	1	1	0	0	1	4	4	1	3	3	1	4	4	1	7	7	1	7	7	1	1	1	1	0	0	1	0	0	1	0	0	1	0	0	1	0	0	1	2	2	1	0	0	1	0	0	1	0	0	1	0	0	1	1	1	1	0	0	1	0	0	1	0	0	1
517	102	1.0000	1	1	1	0	0	1	0	0	1	0	0	1	0	0	1	1	1	1	1	1	1	0	0	1	4	4	1	0	0	1	0	0	1	1	1	1	0	0	1	4	4	1	3	3	1	4	4	1	7	7	1	7	7	1	1	1	1	0	0	1	0	0	1	0	0	1	0	0	1	0	0	1	2	2	1	0	0	1	0	0	1	0	0	1	0	0	1	1	1	1	0	0	1	0	0	1	0	0	1
518	102	1.0000	1	1	1	0	0	1	0	0	1	0	0	1	0	0	1	1	1	1	1	1	1	0	0	1	4	4	1	0	0	1	0	0	1	1	1	1	0	0	1	4	4	1	3	3	1	4	4	1	7	7	1	7	7	1	1	1	1	0	0	1	0	0	1	0	0	1	0	0	1	0	0	1	2	2	1	0	0	1	0	0	1	0	0	1	0	0	1	1	1	1	0	0	1	0	0	1	0	0	1
519	102	1.0000	1	1	1	0	0	1	0	0	1	0	0	1	0	0	1	1	1	1	1	1	1	0	0	1	4	4	1	0	0	1	0	0	1	1	1	1	0	0	1	4	4	1	3	3	1	4	4	1	7	7	1	7	7	1	1	1	1	0	0	1	0	0	1	0	0	1	0	0	1	0	0	1	2	2	1	0	0	1	0	0	1	0	0	1	0	0	1	1	1	1	0	0	1	0	0	1	0	0	1
520	102	1.0000	1	1	1	0	0	1	0	0	1	0	0	1	0	0	1	1	1	1	1	1	1	0	0	1	4	4	1	0	0	1	0	0	1	1	1	1	0	0	1	4	4	1	3	3	1	4	4	1	7	7	1	7	7	1	1	1	1	0	0	1	0	0	1	0	0	1	0	0	1	0	0	1	2	2	1	0	0	1	0	0	1	0	0	1	0	0	1	1	1	1	0	0	1	0	0	1	0	0	1
521	102	1.0000	1	1	1	0	0	1	0	0	1	0	0	1	0	0	1	1	1	1	1	1	1	0	0	1	4	4	1	0	0	1	0	0	1	1	1	1	0	0	1	4	4	1	3	3	1	4	4	1	7	7	1	7	7	1	1	1	1	0	0	1	0	0	1	0	0	1	0	0	1	0	0	1	2	2	1	0	0	1	0	0	1	0	0	1	0	0	1	1	1	1	0	0	1	0	0	1	0	0	1
522	102	1.0000	1	1	1	0	0	1	0	0	1	0	0	1	0	0	1	1	1	1	1	1	1	0	0	1	4	4	1	0	0	1	0	0	1	1	1	1	0	0	1	4	4	1	3	3	1	4	4	1	7	7	1	7	7	1	1	1	1	0	0	1	0	0	1	0	0	1	0	0	1	0	0	1	2	2	1	0	0	1	0	0	1	0	0	1	0	0	1	1	1	1	0	0	1	0	0	1	0	0	1
523	102	1.0000	1	1	1	0	0	1	0	0	1	0	0	1	0	0	1	1	1	1	1	1	1	0	0	1	4	4	1	0	0	1	0	0	1	1	1	1	0	0	1	4	4	1	3	3	1	4	4	1	7	7	1	7	7	1	1	1	1	0	0	1	0	0	1	0	0	1	0	0	1	0	0	1	2	2	1	0	0	1	0	0	1	0	0	1	0	0	1	1	1	1	0	0	1	0	0	1	0	0	1
524	102	1.0000	1	1	1	0	0	1	0	0	1	0	0	1	0	0	1	1	1	1	1	1	1	0	0	1	4	4	1	0	0	1	0	0	1	1	1	1	0	0	1	4	4	1	3	3	1	4	4	1	7	7	1	7	7	1	1	1	1	0	0	1	0	0	1	0	0	1	0	0	1	0	0	1	2	2	1	0	0	1	0	0	1	0	0	1	0	0	1	1	1	1	0	0	1	0	0	1	0	0	1
525	102	1.0000	1	1	1	0	0	1	0	0	1	0	0	1	0	0	1	1	1	1	1	1	1	0	0	1	4	4	1	0	0	1	0	0	1	1	1	1	0	0	1	4	4	1	3	3	1	4	4	1	7	7	1	7	7	1	1	1	1	0	0	1	0	0	1	0	0	1	0	0	1	0	0	1	2	2	1	0	0	1	0	0	1	0	0	1	0	0	1	1	1	1	0	0	1	0	0	1	0	0	1
526	102	1.0000	1	1	1	0	0	1	0	0	1	0	0	1	0	0	1	1	1	1	1	1	1	0	0	1	4	4	1	0	0	1	0	0	1	1	1	1	0	0	1	4	4	1	3	3	1	4	4	1	7	7	1	7	7	1	1	1	1	0	0	1	0	0	1	0	0	1	0	0	1	0	0	1	2	2	1	0	0	1	0	0	1	0	0	1	0	0	1	1	1	1	0	0	1	0	0	1	0	0	1
527	102	1.0000	1	1	1	0	0	1	0	0	1	0	0	1	0	0	1	1	1	1	1	1	1	0	0	1	4	4	1	0	0	1	0	0	1	1	1	1	0	0	1	4	4	1	3	3	1	4	4	1	7	7	1	7	7	1	1	1	1	0	0	1	0	0	1	0	0	1	0	0	1	0	0	1	2	2	1	0	0	1	0	0	1	0	0	1	0	0	1	1	1	1	0	0	1	0	0	1	0	0	1
528	102	1.0000	1	1	1	0	0	1	0	0	1	0	0	1	0	0	1	1	1	1	1	1	1	0	0	1	4	4	1	0	0	1	0	0	1	1	1	1	0	0	1	4	4	1	3	3	1	4	4	1	7	7	1	7	7	1	1	1	1	0	0	1	0	0	1	0	0	1	0	0	1	0	0	1	2	2	1	0	0	1	0	0	1	0	0	1	0	0	1	1	1	1	0	0	1	0	0	1	0	0	1
529	102	1.0000	1	1	1	0	0	1	0	0	1	0	0	1	0	0	1	1	1	1	1	1	1	0	0	1	4	4	1	0	0	1	0	0	1	1	1	1	0	0	1	4	4	1	3	3	1	4	4	1	7	7	1	7	7	1	1	1	1	0	0	1	0	0	1	0	0	1	0	0	1	0	0	1	2	2	1	0	0	1	0	0	1	0	0	1	0	0	1	1	1	1	0	0	1	0	0	1	0	0	1
530	102	1.0000	1	1	1	0	0	1	0	0	1	0	0	1	0	0	1	1	1	1	1	1	1	0	0	1	4	4	1	0	0	1	0	0	1	1	1	1	0	0	1	4	4	1	3	3	1	4	4	1	7	7	1	7	7	1	1	1	1	0	0	1	0	0	1	0	0	1	0	0	1	0	0	1	2	2	1	0	0	1	0	0	1	0	0	1	0	0	1	1	1	1	0	0	1	0	0	1	0	0	1
531	102	1.0000	1	1	1	0	0	1	0	0	1	0	0	1	0	0	1	1	1	1	1	1	1	0	0	1	4	4	1	0	0	1	0	0	1	1	1	1	0	0	1	4	4	1	3	3	1	4	4	1	7	7	1	7	7	1	1	1	1	0	0	1	0	0	1	0	0	1	0	0	1	0	0	1	2	2	1	0	0	1	0	0	1	0	0	1	0	0	1	1	1	1	0	0	1	0	0	1	0	0	1
532	102	1.0000	1	1	1	0	0	1	0	0	1	0	0	1	0	0	1	1	1	1	1	1	1	0	0	1	4	4	1	0	0	1	0	0	1	1	1	1	0	0	1	4	4	1	3	3	1	4	4	1	7	7	1	7	7	1	1	1	1	0	0	1	0	0	1	0	0	1	0	0	1	0	0	1	2	2	1	0	0	1	0	0	1	0	0	1	0	0	1	1	1	1	0	0	1	0	0	1	0	0	1
533	102	1.0000	1	1	1	0	0	1	0	0	1	0	0	1	0	0	1	1	1	1	1	1	1	0	0	1	4	4	1	0	0	1	0	0	1	1	1	1	0	0	1	4	4	1	3	3	1	4	4	1	7	7	1	7	7	1	1	1	1	0	0	1	0	0	1	0	0	1	0	0	1	0	0	1	2	2	1	0	0	1	0	0	1	0	0	1	0	0	1	1	1	1	0	0	1	0	0	1	0	0	1
534	102	1.0000	1	1	1	0	0	1	0	0	1	0	0	1	0	0	1	1	1	1	1	1	1	0	0	1	4	4	1	0	0	1	0	0	1	1	1	1	0	0	1	4	4	1	3	3	1	4	4	1	7	7	1	7	7	1	1	1	1	0	0	1	0	0	1	0	0	1	0	0	1	0	0	1	2	2	1	0	0	1	0	0	1	0	0	1	0	0	1	1	1	1	0	0	1	0	0	1	0	0	1
535	102	1.0000	1	1	1	0	0	1	0	0	1	0	0	1	0	0	1	1	1	1	1	1	1	0	0	1	4	4	1	0	0	1	0	0	1	1	1	1	0	0	1	4	4	1	3	3	1	4	4	1	7	7	1	7	7	1	1	1	1	0	0	1	0	0	1	0	0	1	0	0	1	0	0	1	2	2	1	0	0	1	0	0	1	0	0	1	0	0	1	1	1	1	0	0	1	0	0	1	0	0	1
536	102	1.0000	1	1	1	0	0	1	0	0	1	0	0	1	0	0	1	1	1	1	1	1	1	0	0	1	4	4	1	0	0	1	0	0	1	1	1	1	0	0	1	4	4	1	3	3	1	4	4	1	7	7	1	7	7	1	1	1	1	0	0	1	0	0	1	0	0	1	0	0	1	0	0	1	2	2	1	0	0	1	0	0	1	0	0	1	0	0	1	1	1	1	0	0	1	0	0	1	0	0	1
537	102	1.0000	1	1	1	0	0	1	0	0	1	0	0	1	0	0	1	1	1	1	1	1	1	0	0	1	4	4	1	0	0	1	0	0	1	1	1	1	0	0	1	4	4	1	3	3	1	4	4	1	7	7	1	7	7	1	1	1	1	0	0	1	0	0	1	0	0	1	0	0	1	0	0	1	2	2	1	0	0	1	0	0	1	0	0	1	0	0	1	1	1	1	0	0	1	0	0	1	0	0	1
538	102	1.0000	1	1	1	0	0	1	0	0	1	0	0	1	0	0	1	1	1	1	1	1	1	0	0	1	4	4	1	0	0	1	0	0	1	1	1	1	0	0	1	4	4	1	3	3	1	4	4	1	7	7	1	7	7	1	1	1	1	0	0	1	0	0	1	0	0	1	0	0	1	0	0	1	2	2	1	0	0	1	0	0	1	0	0	1	0	0	1	1	1	1	0	0	1	0	0	1	0	0	1
539	102	1.0000	1	1	1	0	0	1	0	0	1	0	0	1	0	0	1	1	1	1	1	1	1	0	0	1	4	4	1	0	0	1	0	0	1	1	1	1	0	0	1	4	4	1	3	3	1	4	4	1	7	7	1	7	7	1	1	1	1	0	0	1	0	0	1	0	0	1	0	0	1	0	0	1	2	2	1	0	0	1	0	0	1	0	0	1	0	0	1	1	1	1	0	0	1	0	0	1	0	0	1
540	102	1.0000	1	1	1	0	0	1	0	0	1	0	0	1	0	0	1	1	1	1	1	1	1	0	0	1	4	4	1	0	0	1	0	0	1	1	1	1	0	0	1	4	4	1	3	3	1	4	4	1	7	7	1	7	7	1	1	1	1	0	0	1	0	0	1	0	0	1	0	0	1	0	0	1	2	2	1	0	0	1	0	0	1	0	0	1	0	0	1	1	1	1	0	0	1	0	0	1	0	0	1
541	102	1.0000	1	1	1	0	0	1	0	0	1	0	0	1	0	0	1	1	1	1	1	1	1	0	0	1	4	4	1	0	0	1	0	0	1	1	1	1	0	0	1	4	4	1	3	3	1	4	4	1	7	7	1	7	7	1	1	1	1	0	0	1	0	0	1	0	0	1	0	0	1	0	0	1	2	2	1	0	0	1	0	0	1	0	0	1	0	0	1	1	1	1	0	0	1	0	0	1	0	0	1
542	102	1.0000	1	1	1	0	0	1	0	0	1	0	0	1	0	0	1	1	1	1	1	1	1	0	0	1	4	4	1	0	0	1	0	0	1	1	1	1	0	0	1	4	4	1	3	3	1	4	4	1	7	7	1	7	7	1	1	1	1	0	0	1	0	0	1	0	0	1	0	0	1	0	0	1	2	2	1	0	0	1	0	0	1	0	0	1	0	0	1	1	1	1	0	0	1	0	0	1	0	0	1
543	102	1.0000	1	1	1	0	0	1	0	0	1	0	0	1	0	0	1	1	1	1	1	1	1	0	0	1	4	4	1	0	0	1	0	0	1	1	1	1	0	0	1	4	4	1	3	3	1	4	4	1	7	7	1	7	7	1	1	1	1	0	0	1	0	0	1	0	0	1	0	0	1	0	0	1	2	2	1	0	0	1	0	0	1	0	0	1	0	0	1	1	1	1	0	0	1	0	0	1	0	0	1
544	102	1.0000	1	1	1	0	0	1	0	0	1	0	0	1	0	0	1	1	1	1	1	1	1	0	0	1	4	4	1	0	0	1	0	0	1	1	1	1	0	0	1	4	4	1	3	3	1	4	4	1	7	7	1	7	7	1	1	1	1	0	0	1	0	0	1	0	0	1	0	0	1	0	0	1	2	2	1	0	0	1	0	0	1	0	0	1	0	0	1	1	1	1	0	0	1	0	0	1	0	0	1
545	102	1.0000	1	1	1	0	0	1	0	0	1	0	0	1	0	0	1	1	1	1	1	1	1	0	0	1	4	4	1	0	0	1	0	0	1	1	1	1	0	0	1	4	4	1	3	3	1	4	4	1	7	7	1	7	7	1	1	1	1	0	0	1	0	0	1	0	0	1	0	0	1	0	0	1	2	2	1	0	0	1	0	0	1	0	0	1	0	0	1	1	1	1	0	0	1	0	0	1	0	0	1
546	102	1.0000	1	1	1	0	0	1	0	0	1	0	0	1	0	0	1	1	1	1	1	1	1	0	0	1	4	4	1	0	0	1	0	0	1	1	1	1	0	0	1	4	4	1	3	3	1	4	4	1	7	7	1	7	7	1	1	1	1	0	0	1	0	0	1	0	0	1	0	0	1	0	0	1	2	2	1	0	0	1	0	0	1	0	0	1	0	0	1	1	1	1	0	0	1	0	0	1	0	0	1
547	102	1.0000	1	1	1	0	0	1	0	0	1	0	0	1	0	0	1	1	1	1	1	1	1	0	0	1	4	4	1	0	0	1	0	0	1	1	1	1	0	0	1	4	4	1	3	3	1	4	4	1	7	7	1	7	7	1	1	1	1	0	0	1	0	0	1	0	0	1	0	0	1	0	0	1	2	2	1	0	0	1	0	0	1	0	0	1	0	0	1	1	1	1	0	0	1	0	0	1	0	0	1
548	102	1.0000	1	1	1	0	0	1	0	0	1	0	0	1	0	0	1	1	1	1	1	1	1	0	0	1	4	4	1	0	0	1	0	0	1	1	1	1	0	0	1	4	4	1	3	3	1	4	4	1	7	7	1	7	7	1	1	1	1	0	0	1	0	0	1	0	0	1	0	0	1	0	0	1	2	2	1	0	0	1	0	0	1	0	0	1	0	0	1	1	1	1	0	0	1	0	0	1	0	0	1
549	102	1.0000	1	1	1	0	0	1	0	0	1	0	0	1	0	0	1	1	1	1	1	1	1	0	0	1	4	4	1	0	0	1	0	0	1	1	1	1	0	0	1	4	4	1	3	3	1	4	4	1	7	7	1	7	7	1	1	1	1	0	0	1	0	0	1	0	0	1	0	0	1	0	0	1	2	2	1	0	0	1	0	0	1	0	0	1	0	0	1	1	1	1	0	0	1	0	0	1	0	0	1
550	102	1.0000	1	1	1	0	0	1	0	0	1	0	0	1	0	0	1	1	1	1	1	1	1	0	0	1	4	4	1	0	0	1	0	0	1	1	1	1	0	0	1	4	4	1	3	3	1	4	4	1	7	7	1	7	7	1	1	1	1	0	0	1	0	0	1	0	0	1	0	0	1	0	0	1	2	2	1	0	0	1	0	0	1	0	0	1	0	0	1	1	1	1	0	0	1	0	0	1	0	0	1
551	102	1.0000	1	1	1	0	0	1	0	0	1	0	0	1	0	0	1	1	1	1	1	1	1	0	0	1	4	4	1	0	0	1	0	0	1	1	1	1	0	0	1	4	4	1	3	3	1	4	4	1	7	7	1	7	7	1	1	1	1	0	0	1	0	0	1	0	0	1	0	0	1	0	0	1	2	2	1	0	0	1	0	0	1	0	0	1	0	0	1	1	1	1	0	0	1	0	0	1	0	0	1
552	102	1.0000	1	1	1	0	0	1	0	0	1	0	0	1	0	0	1	1	1	1	1	1	1	0	0	1	4	4	1	0	0	1	0	0	1	1	1	1	0	0	1	4	4	1	3	3	1	4	4	1	7	7	1	7	7	1	1	1	1	0	0	1	0	0	1	0	0	1	0	0	1	0	0	1	2	2	1	0	0	1	0	0	1	0	0	1	0	0	1	1	1	1	0	0	1	0	0	1	0	0	1
553	102	1.0000	1	1	1	0	0	1	0	0	1	0	0	1	0	0	1	1	1	1	1	1	1	0	0	1	4	4	1	0	0	1	0	0	1	1	1	1	0	0	1	4	4	1	3	3	1	4	4	1	7	7	1	7	7	1	1	1	1	0	0	1	0	0	1	0	0	1	0	0	1	0	0	1	2	2	1	0	0	1	0	0	1	0	0	1	0	0	1	1	1	1	0	0	1	0	0	1	0	0	1
554	102	1.0000	1	1	1	0	0	1	0	0	1	0	0	1	0	0	1	1	1	1	1	1	1	0	0	1	4	4	1	0	0	1	0	0	1	1	1	1	0	0	1	4	4	1	3	3	1	4	4	1	7	7	1	7	7	1	1	1	1	0	0	1	0	0	1	0	0	1	0	0	1	0	0	1	2	2	1	0	0	1	0	0	1	0	0	1	0	0	1	1	1	1	0	0	1	0	0	1	0	0	1
555	102	1.0000	1	1	1	0	0	1	0	0	1	0	0	1	0	0	1	1	1	1	1	1	1	0	0	1	4	4	1	0	0	1	0	0	1	1	1	1	0	0	1	4	4	1	3	3	1	4	4	1	7	7	1	7	7	1	1	1	1	0	0	1	0	0	1	0	0	1	0	0	1	0	0	1	2	2	1	0	0	1	0	0	1	0	0	1	0	0	1	1	1	1	0	0	1	0	0	1	0	0	1
556	102	1.0000	1	1	1	0	0	1	0	0	1	0	0	1	0	0	1	1	1	1	1	1	1	0	0	1	4	4	1	0	0	1	0	0	1	1	1	1	0	0	1	4	4	1	3	3	1	4	4	1	7	7	1	7	7	1	1	1	1	0	0	1	0	0	1	0	0	1	0	0	1	0	0	1	2	2	1	0	0	1	0	0	1	0	0	1	0	0	1	1	1	1	0	0	1	0	0	1	0	0	1
557	102	1.0000	1	1	1	0	0	1	0	0	1	0	0	1	0	0	1	1	1	1	1	1	1	0	0	1	4	4	1	0	0	1	0	0	1	1	1	1	0	0	1	4	4	1	3	3	1	4	4	1	7	7	1	7	7	1	1	1	1	0	0	1	0	0	1	0	0	1	0	0	1	0	0	1	2	2	1	0	0	1	0	0	1	0	0	1	0	0	1	1	1	1	0	0	1	0	0	1	0	0	1
558	102	1.0000	1	1	1	0	0	1	0	0	1	0	0	1	0	0	1	1	1	1	1	1	1	0	0	1	4	4	1	0	0	1	0	0	1	1	1	1	0	0	1	4	4	1	3	3	1	4	4	1	7	7	1	7	7	1	1	1	1	0	0	1	0	0	1	0	0	1	0	0	1	0	0	1	2	2	1	0	0	1	0	0	1	0	0	1	0	0	1	1	1	1	0	0	1	0	0	1	0	0	1
559	102	1.0000	1	1	1	0	0	1	0	0	1	0	0	1	0	0	1	1	1	1	1	1	1	0	0	1	4	4	1	0	0	1	0	0	1	1	1	1	0	0	1	4	4	1	3	3	1	4	4	1	7	7	1	7	7	1	1	1	1	0	0	1	0	0	1	0	0	1	0	0	1	0	0	1	2	2	1	0	0	1	0	0	1	0	0	1	0	0	1	1	1	1	0	0	1	0	0	1	0	0	1
560	102	1.0000	1	1	1	0	0	1	0	0	1	0	0	1	0	0	1	1	1	1	1	1	1	0	0	1	4	4	1	0	0	1	0	0	1	1	1	1	0	0	1	4	4	1	3	3	1	4	4	1	7	7	1	7	7	1	1	1	1	0	0	1	0	0	1	0	0	1	0	0	1	0	0	1	2	2	1	0	0	1	0	0	1	0	0	1	0	0	1	1	1	1	0	0	1	0	0	1	0	0	1
561	102	1.0000	1	1	1	0	0	1	0	0	1	0	0	1	0	0	1	1	1	1	1	1	1	0	0	1	4	4	1	0	0	1	0	0	1	1	1	1	0	0	1	4	4	1	3	3	1	4	4	1	7	7	1	7	7	1	1	1	1	0	0	1	0	0	1	0	0	1	0	0	1	0	0	1	2	2	1	0	0	1	0	0	1	0	0	1	0	0	1	1	1	1	0	0	1	0	0	1	0	0	1
562	102	1.0000	1	1	1	0	0	1	0	0	1	0	0	1	0	0	1	1	1	1	1	1	1	0	0	1	4	4	1	0	0	1	0	0	1	1	1	1	0	0	1	4	4	1	3	3	1	4	4	1	7	7	1	7	7	1	1	1	1	0	0	1	0	0	1	0	0	1	0	0	1	0	0	1	2	2	1	0	0	1	0	0	1	0	0	1	0	0	1	1	1	1	0	0	1	0	0	1	0	0	1
563	102	1.0000	1	1	1	0	0	1	0	0	1	0	0	1	0	0	1	1	1	1	1	1	1	0	0	1	4	4	1	0	0	1	0	0	1	1	1	1	0	0	1	4	4	1	3	3	1	4	4	1	7	7	1	7	7	1	1	1	1	0	0	1	0	0	1	0	0	1	0	0	1	0	0	1	2	2	1	0	0	1	0	0	1	0	0	1	0	0	1	1	1	1	0	0	1	0	0	1	0	0	1
564	102	1.0000	1	1	1	0	0	1	0	0	1	0	0	1	0	0	1	1	1	1	1	1	1	0	0	1	4	4	1	0	0	1	0	0	1	1	1	1	0	0	1	4	4	1	3	3	1	4	4	1	7	7	1	7	7	1	1	1	1	0	0	1	0	0	1	0	0	1	0	0	1	0	0	1	2	2	1	0	0	1	0	0	1	0	0	1	0	0	1	1	1	1	0	0	1	0	0	1	0	0	1
565	102	1.0000	1	1	1	0	0	1	0	0	1	0	0	1	0	0	1	1	1	1	1	1	1	0	0	1	4	4	1	0	0	1	0	0	1	1	1	1	0	0	1	4	4	1	3	3	1	4	4	1	7	7	1	7	7	1	1	1	1	0	0	1	0	0	1	0	0	1	0	0	1	0	0	1	2	2	1	0	0	1	0	0	1	0	0	1	0	0	1	1	1	1	0	0	1	0	0	1	0	0	1
566	102	1.0000	1	1	1	0	0	1	0	0	1	0	0	1	0	0	1	1	1	1	1	1	1	0	0	1	4	4	1	0	0	1	0	0	1	1	1	1	0	0	1	4	4	1	3	3	1	4	4	1	7	7	1	7	7	1	1	1	1	0	0	1	0	0	1	0	0	1	0	0	1	0	0	1	2	2	1	0	0	1	0	0	1	0	0	1	0	0	1	1	1	1	0	0	1	0	0	1	0	0	1
567	102	1.0000	1	1	1	0	0	1	0	0	1	0	0	1	0	0	1	1	1	1	1	1	1	0	0	1	4	4	1	0	0	1	0	0	1	1	1	1	0	0	1	4	4	1	3	3	1	4	4	1	7	7	1	7	7	1	1	1	1	0	0	1	0	0	1	0	0	1	0	0	1	0	0	1	2	2	1	0	0	1	0	0	1	0	0	1	0	0	1	1	1	1	0	0	1	0	0	1	0	0	1
568	102	1.0000	1	1	1	0	0	1	0	0	1	0	0	1	0	0	1	1	1	1	1	1	1	0	0	1	4	4	1	0	0	1	0	0	1	1	1	1	0	0	1	4	4	1	3	3	1	4	4	1	7	7	1	7	7	1	1	1	1	0	0	1	0	0	1	0	0	1	0	0	1	0	0	1	2	2	1	0	0	1	0	0	1	0	0	1	0	0	1	1	1	1	0	0	1	0	0	1	0	0	1
569	102	1.0000	1	1	1	0	0	1	0	0	1	0	0	1	0	0	1	1	1	1	1	1	1	0	0	1	4	4	1	0	0	1	0	0	1	1	1	1	0	0	1	4	4	1	3	3	1	4	4	1	7	7	1	7	7	1	1	1	1	0	0	1	0	0	1	0	0	1	0	0	1	0	0	1	2	2	1	0	0	1	0	0	1	0	0	1	0	0	1	1	1	1	0	0	1	0	0	1	0	0	1
570	102	1.0000	1	1	1	0	0	1	0	0	1	0	0	1	0	0	1	1	1	1	1	1	1	0	0	1	4	4	1	0	0	1	0	0	1	1	1	1	0	0	1	4	4	1	3	3	1	4	4	1	7	7	1	7	7	1	1	1	1	0	0	1	0	0	1	0	0	1	0	0	1	0	0	1	2	2	1	0	0	1	0	0	1	0	0	1	0	0	1	1	1	1	0	0	1	0	0	1	0	0	1
571	102	1.0000	1	1	1	0	0	1	0	0	1	0	0	1	0	0	1	1	1	1	1	1	1	0	0	1	4	4	1	0	0	1	0	0	1	1	1	1	0	0	1	4	4	1	3	3	1	4	4	1	7	7	1	7	7	1	1	1	1	0	0	1	0	0	1	0	0	1	0	0	1	0	0	1	2	2	1	0	0	1	0	0	1	0	0	1	0	0	1	1	1	1	0	0	1	0	0	1	0	0	1
572	102	1.0000	1	1	1	0	0	1	0	0	1	0	0	1	0	0	1	1	1	1	1	1	1	0	0	1	4	4	1	0	0	1	0	0	1	1	1	1	0	0	1	4	4	1	3	3	1	4	4	1	7	7	1	7	7	1	1	1	1	0	0	1	0	0	1	0	0	1	0	0	1	0	0	1	2	2	1	0	0	1	0	0	1	0	0	1	0	0	1	1	1	1	0	0	1	0	0	1	0	0	1
573	102	1.0000	1	1	1	0	0	1	0	0	1	0	0	1	0	0	1	1	1	1	1	1	1	0	0	1	4	4	1	0	0	1	0	0	1	1	1	1	0	0	1	4	4	1	3	3	1	4	4	1	7	7	1	7	7	1	1	1	1	0	0	1	0	0	1	0	0	1	0	0	1	0	0	1	2	2	1	0	0	1	0	0	1	0	0	1	0	0	1	1	1	1	0	0	1	0	0	1	0	0	1
574	102	1.0000	1	1	1	0	0	1	0	0	1	0	0	1	0	0	1	1	1	1	1	1	1	0	0	1	4	4	1	0	0	1	0	0	1	1	1	1	0	0	1	4	4	1	3	3	1	4	4	1	7	7	1	7	7	1	1	1	1	0	0	1	0	0	1	0	0	1	0	0	1	0	0	1	2	2	1	0	0	1	0	0	1	0	0	1	0	0	1	1	1	1	0	0	1	0	0	1	0	0	1
575	102	1.0000	1	1	1	0	0	1	0	0	1	0	0	1	0	0	1	1	1	1	1	1	1	0	0	1	4	4	1	0	0	1	0	0	1	1	1	1	0	0	1	4	4	1	3	3	1	4	4	1	7	7	1	7	7	1	1	1	1	0	0	1	0	0	1	0	0	1	0	0	1	0	0	1	2	2	1	0	0	1	0	0	1	0	0	1	0	0	1	1	1	1	0	0	1	0	0	1	0	0	1
576	102	1.0000	1	1	1	0	0	1	0	0	1	0	0	1	0	0	1	1	1	1	1	1	1	0	0	1	4	4	1	0	0	1	0	0	1	1	1	1	0	0	1	4	4	1	3	3	1	4	4	1	7	7	1	7	7	1	1	1	1	0	0	1	0	0	1	0	0	1	0	0	1	0	0	1	2	2	1	0	0	1	0	0	1	0	0	1	0	0	1	1	1	1	0	0	1	0	0	1	0	0	1
577	102	1.0000	1	1	1	0	0	1	0	0	1	0	0	1	0	0	1	1	1	1	1	1	1	0	0	1	4	4	1	0	0	1	0	0	1	1	1	1	0	0	1	4	4	1	3	3	1	4	4	1	7	7	1	7	7	1	1	1	1	0	0	1	0	0	1	0	0	1	0	0	1	0	0	1	2	2	1	0	0	1	0	0	1	0	0	1	0	0	1	1	1	1	0	0	1	0	0	1	0	0	1
578	102	1.0000	1	1	1	0	0	1	0	0	1	0	0	1	0	0	1	1	1	1	1	1	1	0	0	1	4	4	1	0	0	1	0	0	1	1	1	1	0	0	1	4	4	1	3	3	1	4	4	1	7	7	1	7	7	1	1	1	1	0	0	1	0	0	1	0	0	1	0	0	1	0	0	1	2	2	1	0	0	1	0	0	1	0	0	1	0	0	1	1	1	1	0	0	1	0	0	1	0	0	1
579	101	0.9902	1	1	1	0	0	1	0	0	1	0	0	1	0	0	1	1	1	1	1	1	1	0	0	1	4	4	1	0	0	1	0	0	1	0	0	0	0	0	1	4	4	1	3	3	1	4	4	1	7	7	1	7	7	1	1	1	1	0	0	1	0	0	1	0	0	1	0	0	1	0	0	1	2	2	1	0	0	1	0	0	1	0	0	1	0	0	1	1	1	1	0	0	1	0	0	1	0	0	1
580	102	1.0000	1	1	1	0	0	1	0	0	1	0	0	1	0	0	1	1	1	1	1	1	1	0	0	1	4	4	1	0	0	1	0	0	1	1	1	1	0	0	1	4	4	1	3	3	1	4	4	1	7	7	1	7	7	1	1	1	1	0	0	1	0	0	1	0	0	1	0	0	1	0	0	1	2	2	1	0	0	1	0	0	1	0	0	1	0	0	1	1	1	1	0	0	1	0	0	1	0	0	1
581	102	1.0000	1	1	1	0	0	1	0	0	1	0	0	1	0	0	1	1	1	1	1	1	1	0	0	1	4	4	1	0	0	1	0	0	1	1	1	1	0	0	1	4	4	1	3	3	1	4	4	1	7	7	1	7	7	1	1	1	1	0	0	1	0	0	1	0	0	1	0	0	1	0	0	1	2	2	1	0	0	1	0	0	1	0	0	1	0	0	1	1	1	1	0	0	1	0	0	1	0	0	1
582	102	1.0000	1	1	1	0	0	1	0	0	1	0	0	1	0	0	1	1	1	1	1	1	1	0	0	1	4	4	1	0	0	1	0	0	1	1	1	1	0	0	1	4	4	1	3	3	1	4	4	1	7	7	1	7	7	1	1	1	1	0	0	1	0	0	1	0	0	1	0	0	1	0	0	1	2	2	1	0	0	1	0	0	1	0	0	1	0	0	1	1	1	1	0	0	1	0	0	1	0	0	1
583	102	1.0000	1	1	1	0	0	1	0	0	1	0	0	1	0	0	1	1	1	1	1	1	1	0	0	1	4	4	1	0	0	1	0	0	1	1	1	1	0	0	1	4	4	1	3	3	1	4	4	1	7	7	1	7	7	1	1	1	1	0	0	1	0	0	1	0	0	1	0	0	1	0	0	1	2	2	1	0	0	1	0	0	1	0	0	1	0	0	1	1	1	1	0	0	1	0	0	1	0	0	1
584	102	1.0000	1	1	1	0	0	1	0	0	1	0	0	1	0	0	1	1	1	1	1	1	1	0	0	1	4	4	1	0	0	1	0	0	1	1	1	1	0	0	1	4	4	1	3	3	1	4	4	1	7	7	1	7	7	1	1	1	1	0	0	1	0	0	1	0	0	1	0	0	1	0	0	1	2	2	1	0	0	1	0	0	1	0	0	1	0	0	1	1	1	1	0	0	1	0	0	1	0	0	1
585	102	1.0000	1	1	1	0	0	1	0	0	1	0	0	1	0	0	1	1	1	1	1	1	1	0	0	1	4	4	1	0	0	1	0	0	1	1	1	1	0	0	1	4	4	1	3	3	1	4	4	1	7	7	1	7	7	1	1	1	1	0	0	1	0	0	1	0	0	1	0	0	1	0	0	1	2	2	1	0	0	1	0	0	1	0	0	1	0	0	1	1	1	1	0	0	1	0	0	1	0	0	1
586	102	1.0000	1	1	1	0	0	1	0	0	1	0	0	1	0	0	1	1	1	1	1	1	1	0	0	1	4	4	1	0	0	1	0	0	1	1	1	1	0	0	1	4	4	1	3	3	1	4	4	1	7	7	1	7	7	1	1	1	1	0	0	1	0	0	1	0	0	1	0	0	1	0	0	1	2	2	1	0	0	1	0	0	1	0	0	1	0	0	1	1	1	1	0	0	1	0	0	1	0	0	1
587	102	1.0000	1	1	1	0	0	1	0	0	1	0	0	1	0	0	1	1	1	1	1	1	1	0	0	1	4	4	1	0	0	1	0	0	1	1	1	1	0	0	1	4	4	1	3	3	1	4	4	1	7	7	1	7	7	1	1	1	1	0	0	1	0	0	1	0	0	1	0	0	1	0	0	1	2	2	1	0	0	1	0	0	1	0	0	1	0	0	1	1	1	1	0	0	1	0	0	1	0	0	1
588	102	1.0000	1	1	1	0	0	1	0	0	1	0	0	1	0	0	1	1	1	1	1	1	1	0	0	1	4	4	1	0	0	1	0	0	1	1	1	1	0	0	1	4	4	1	3	3	1	4	4	1	7	7	1	7	7	1	1	1	1	0	0	1	0	0	1	0	0	1	0	0	1	0	0	1	2	2	1	0	0	1	0	0	1	0	0	1	0	0	1	1	1	1	0	0	1	0	0	1	0	0	1
589	102	1.0000	1	1	1	0	0	1	0	0	1	0	0	1	0	0	1	1	1	1	1	1	1	0	0	1	4	4	1	0	0	1	0	0	1	1	1	1	0	0	1	4	4	1	3	3	1	4	4	1	7	7	1	7	7	1	1	1	1	0	0	1	0	0	1	0	0	1	0	0	1	0	0	1	2	2	1	0	0	1	0	0	1	0	0	1	0	0	1	1	1	1	0	0	1	0	0	1	0	0	1
590	102	1.0000	1	1	1	0	0	1	0	0	1	0	0	1	0	0	1	1	1	1	1	1	1	0	0	1	4	4	1	0	0	1	0	0	1	1	1	1	0	0	1	4	4	1	3	3	1	4	4	1	7	7	1	7	7	1	1	1	1	0	0	1	0	0	1	0	0	1	0	0	1	0	0	1	2	2	1	0	0	1	0	0	1	0	0	1	0	0	1	1	1	1	0	0	1	0	0	1	0	0	1
591	102	1.0000	1	1	1	0	0	1	0	0	1	0	0	1	0	0	1	1	1	1	1	1	1	0	0	1	4	4	1	0	0	1	0	0	1	1	1	1	0	0	1	4	4	1	3	3	1	4	4	1	7	7	1	7	7	1	1	1	1	0	0	1	0	0	1	0	0	1	0	0	1	0	0	1	2	2	1	0	0	1	0	0	1	0	0	1	0	0	1	1	1	1	0	0	1	0	0	1	0	0	1
592	102	1.0000	1	1	1	0	0	1	0	0	1	0	0	1	0	0	1	1	1	1	1	1	1	0	0	1	4	4	1	0	0	1	0	0	1	1	1	1	0	0	1	4	4	1	3	3	1	4	4	1	7	7	1	7	7	1	1	1	1	0	0	1	0	0	1	0	0	1	0	0	1	0	0	1	2	2	1	0	0	1	0	0	1	0	0	1	0	0	1	1	1	1	0	0	1	0	0	1	0	0	1
593	102	1.0000	1	1	1	0	0	1	0	0	1	0	0	1	0	0	1	1	1	1	1	1	1	0	0	1	4	4	1	0	0	1	0	0	1	1	1	1	0	0	1	4	4	1	3	3	1	4	4	1	7	7	1	7	7	1	1	1	1	0	0	1	0	0	1	0	0	1	0	0	1	0	0	1	2	2	1	0	0	1	0	0	1	0	0	1	0	0	1	1	1	1	0	0	1	0	0	1	0	0	1
594	102	1.0000	1	1	1	0	0	1	0	0	1	0	0	1	0	0	1	1	1	1	1	1	1	0	0	1	4	4	1	0	0	1	0	0	1	1	1	1	0	0	1	4	4	1	3	3	1	4	4	1	7	7	1	7	7	1	1	1	1	0	0	1	0	0	1	0	0	1	0	0	1	0	0	1	2	2	1	0	0	1	0	0	1	0	0	1	0	0	1	1	1	1	0	0	1	0	0	1	0	0	1
595	102	1.0000	1	1	1	0	0	1	0	0	1	0	0	1	0	0	1	1	1	1	1	1	1	0	0	1	4	4	1	0	0	1	0	0	1	1	1	1	0	0	1	4	4	1	3	3	1	4	4	1	7	7	1	7	7	1	1	1	1	0	0	1	0	0	1	0	0	1	0	0	1	0	0	1	2	2	1	0	0	1	0	0	1	0	0	1	0	0	1	1	1	1	0	0	1	0	0	1	0	0	1
596	102	1.0000	1	1	1	0	0	1	0	0	1	0	0	1	0	0	1	1	1	1	1	1	1	0	0	1	4	4	1	0	0	1	0	0	1	1	1	1	0	0	1	4	4	1	3	3	1	4	4	1	7	7	1	7	7	1	1	1	1	0	0	1	0	0	1	0	0	1	0	0	1	0	0	1	2	2	1	0	0	1	0	0	1	0	0	1	0	0	1	1	1	1	0	0	1	0	0	1	0	0	1
597	102	1.0000	1	1	1	0	0	1	0	0	1	0	0	1	0	0	1	1	1	1	1	1	1	0	0	1	4	4	1	0	0	1	0	0	1	1	1	1	0	0	1	4	4	1	3	3	1	4	4	1	7	7	1	7	7	1	1	1	1	0	0	1	0	0	1	0	0	1	0	0	1	0	0	1	2	2	1	0	0	1	0	0	1	0	0	1	0	0	1	1	1	1	0	0	1	0	0	1	0	0	1
598	102	1.0000	1	1	1	0	0	1	0	0	1	0	0	1	0	0	1	1	1	1	1	1	1	0	0	1	4	4	1	0	0	1	0	0	1	1	1	1	0	0	1	4	4	1	3	3	1	4	4	1	7	7	1	7	7	1	1	1	1	0	0	1	0	0	1	0	0	1	0	0	1	0	0	1	2	2	1	0	0	1	0	0	1	0	0	1	0	0	1	1	1	1	0	0	1	0	0	1	0	0	1
599	102	1.0000	1	1	1	0	0	1	0	0	1	0	0	1	0	0	1	1	1	1	1	1	1	0	0	1	4	4	1	0	0	1	0	0	1	1	1	1	0	0	1	4	4	1	3	3	1	4	4	1	7	7	1	7	7	1	1	1	1	0	0	1	0	0	1	0	0	1	0	0	1	0	0	1	2	2	1	0	0	1	0	0	1	0	0	1	0	0	1	1	1	1	0	0	1	0	0	1	0	0	1
600	102	1.0000	1	1	1	0	0	1	0	0	1	0	0	1	0	0	1	1	1	1	1	1	1	0	0	1	4	4	1	0	0	1	0	0	1	1	1	1	0	0	1	4	4	1	3	3	1	4	4	1	7	7	1	7	7	1	1	1	1	0	0	1	0	0	1	0	0	1	0	0	1	0	0	1	2	2	1	0	0	1	0	0	1	0	0	1	0	0	1	1	1	1	0	0	1	0	0	1	0	0	1
601	102	1.0000	1	1	1	0	0	1	0	0	1	0	0	1	0	0	1	1	1	1	1	1	1	0	0	1	4	4	1	0	0	1	0	0	1	1	1	1	0	0	1	4	4	1	3	3	1	4	4	1	7	7	1	7	7	1	1	1	1	0	0	1	0	0	1	0	0	1	0	0	1	0	0	1	2	2	1	0	0	1	0	0	1	0	0	1	0	0	1	1	1	1	0	0	1	0	0	1	0	0	1
602	102	1.0000	1	1	1	0	0	1	0	0	1	0	0	1	0	0	1	1	1	1	1	1	1	0	0	1	4	4	1	0	0	1	0	0	1	1	1	1	0	0	1	4	4	1	3	3	1	4	4	1	7	7	1	7	7	1	1	1	1	0	0	1	0	0	1	0	0	1	0	0	1	0	0	1	2	2	1	0	0	1	0	0	1	0	0	1	0	0	1	1	1	1	0	0	1	0	0	1	0	0	1
603	102	1.0000	1	1	1	0	0	1	0	0	1	0	0	1	0	0	1	1	1	1	1	1	1	0	0	1	4	4	1	0	0	1	0	0	1	1	1	1	0	0	1	4	4	1	3	3	1	4	4	1	7	7	1	7	7	1	1	1	1	0	0	1	0	0	1	0	0	1	0	0	1	0	0	1	2	2	1	0	0	1	0	0	1	0	0	1	0	0	1	1	1	1	0	0	1	0	0	1	0	0	1
604	102	1.0000	1	1	1	0	0	1	0	0	1	0	0	1	0	0	1	1	1	1	1	1	1	0	0	1	4	4	1	0	0	1	0	0	1	1	1	1	0	0	1	4	4	1	3	3	1	4	4	1	7	7	1	7	7	1	1	1	1	0	0	1	0	0	1	0	0	1	0	0	1	0	0	1	2	2	1	0	0	1	0	0	1	0	0	1	0	0	1	1	1	1	0	0	1	0	0	1	0	0	1
605	102	1.0000	1	1	1	0	0	1	0	0	1	0	0	1	0	0	1	1	1	1	1	1	1	0	0	1	4	4	1	0	0	1	0	0	1	1	1	1	0	0	1	4	4	1	3	3	1	4	4	1	7	7	1	7	7	1	1	1	1	0	0	1	0	0	1	0	0	1	0	0	1	0	0	1	2	2	1	0	0	1	0	0	1	0	0	1	0	0	1	1	1	1	0	0	1	0	0	1	0	0	1
606	102	1.0000	1	1	1	0	0	1	0	0	1	0	0	1	0	0	1	1	1	1	1	1	1	0	0	1	4	4	1	0	0	1	0	0	1	1	1	1	0	0	1	4	4	1	3	3	1	4	4	1	7	7	1	7	7	1	1	1	1	0	0	1	0	0	1	0	0	1	0	0	1	0	0	1	2	2	1	0	0	1	0	0	1	0	0	1	0	0	1	1	1	1	0	0	1	0	0	1	0	0	1
607	102	1.0000	1	1	1	0	0	1	0	0	1	0	0	1	0	0	1	1	1	1	1	1	1	0	0	1	4	4	1	0	0	1	0	0	1	1	1	1	0	0	1	4	4	1	3	3	1	4	4	1	7	7	1	7	7	1	1	1	1	0	0	1	0	0	1	0	0	1	0	0	1	0	0	1	2	2	1	0	0	1	0	0	1	0	0	1	0	0	1	1	1	1	0	0	1	0	0	1	0	0	1
608	102	1.0000	1	1	1	0	0	1	0	0	1	0	0	1	0	0	1	1	1	1	1	1	1	0	0	1	4	4	1	0	0	1	0	0	1	1	1	1	0	0	1	4	4	1	3	3	1	4	4	1	7	7	1	7	7	1	1	1	1	0	0	1	0	0	1	0	0	1	0	0	1	0	0	1	2	2	1	0	0	1	0	0	1	0	0	1	0	0	1	1	1	1	0	0	1	0	0	1	0	0	1
609	102	1.0000	1	1	1	0	0	1	0	0	1	0	0	1	0	0	1	1	1	1	1	1	1	0	0	1	4	4	1	0	0	1	0	0	1	1	1	1	0	0	1	4	4	1	3	3	1	4	4	1	7	7	1	7	7	1	1	1	1	0	0	1	0	0	1	0	0	1	0	0	1	0	0	1	2	2	1	0	0	1	0	0	1	0	0	1	0	0	1	1	1	1	0	0	1	0	0	1	0	0	1
610	102	1.0000	1	1	1	0	0	1	0	0	1	0	0	1	0	0	1	1	1	1	1	1	1	0	0	1	4	4	1	0	0	1	0	0	1	1	1	1	0	0	1	4	4	1	3	3	1	4	4	1	7	7	1	7	7	1	1	1	1	0	0	1	0	0	1	0	0	1	0	0	1	0	0	1	2	2	1	0	0	1	0	0	1	0	0	1	0	0	1	1	1	1	0	0	1	0	0	1	0	0	1
611	102	1.0000	1	1	1	0	0	1	0	0	1	0	0	1	0	0	1	1	1	1	1	1	1	0	0	1	4	4	1	0	0	1	0	0	1	1	1	1	0	0	1	4	4	1	3	3	1	4	4	1	7	7	1	7	7	1	1	1	1	0	0	1	0	0	1	0	0	1	0	0	1	0	0	1	2	2	1	0	0	1	0	0	1	0	0	1	0	0	1	1	1	1	0	0	1	0	0	1	0	0	1
612	102	1.0000	1	1	1	0	0	1	0	0	1	0	0	1	0	0	1	1	1	1	1	1	1	0	0	1	4	4	1	0	0	1	0	0	1	1	1	1	0	0	1	4	4	1	3	3	1	4	4	1	7	7	1	7	7	1	1	1	1	0	0	1	0	0	1	0	0	1	0	0	1	0	0	1	2	2	1	0	0	1	0	0	1	0	0	1	0	0	1	1	1	1	0	0	1	0	0	1	0	0	1
613	102	1.0000	1	1	1	0	0	1	0	0	1	0	0	1	0	0	1	1	1	1	1	1	1	0	0	1	4	4	1	0	0	1	0	0	1	1	1	1	0	0	1	4	4	1	3	3	1	4	4	1	7	7	1	7	7	1	1	1	1	0	0	1	0	0	1	0	0	1	0	0	1	0	0	1	2	2	1	0	0	1	0	0	1	0	0	1	0	0	1	1	1	1	0	0	1	0	0	1	0	0	1
614	102	1.0000	1	1	1	0	0	1	0	0	1	0	0	1	0	0	1	1	1	1	1	1	1	0	0	1	4	4	1	0	0	1	0	0	1	1	1	1	0	0	1	4	4	1	3	3	1	4	4	1	7	7	1	7	7	1	1	1	1	0	0	1	0	0	1	0	0	1	0	0	1	0	0	1	2	2	1	0	0	1	0	0	1	0	0	1	0	0	1	1	1	1	0	0	1	0	0	1	0	0	1
615	102	1.0000	1	1	1	0	0	1	0	0	1	0	0	1	0	0	1	1	1	1	1	1	1	0	0	1	4	4	1	0	0	1	0	0	1	1	1	1	0	0	1	4	4	1	3	3	1	4	4	1	7	7	1	7	7	1	1	1	1	0	0	1	0	0	1	0	0	1	0	0	1	0	0	1	2	2	1	0	0	1	0	0	1	0	0	1	0	0	1	1	1	1	0	0	1	0	0	1	0	0	1
616	102	1.0000	1	1	1	0	0	1	0	0	1	0	0	1	0	0	1	1	1	1	1	1	1	0	0	1	4	4	1	0	0	1	0	0	1	1	1	1	0	0	1	4	4	1	3	3	1	4	4	1	7	7	1	7	7	1	1	1	1	0	0	1	0	0	1	0	0	1	0	0	1	0	0	1	2	2	1	0	0	1	0	0	1	0	0	1	0	0	1	1	1	1	0	0	1	0	0	1	0	0	1
617	102	1.0000	1	1	1	0	0	1	0	0	1	0	0	1	0	0	1	1	1	1	1	1	1	0	0	1	4	4	1	0	0	1	0	0	1	1	1	1	0	0	1	4	4	1	3	3	1	4	4	1	7	7	1	7	7	1	1	1	1	0	0	1	0	0	1	0	0	1	0	0	1	0	0	1	2	2	1	0	0	1	0	0	1	0	0	1	0	0	1	1	1	1	0	0	1	0	0	1	0	0	1
618	102	1.0000	1	1	1	0	0	1	0	0	1	0	0	1	0	0	1	1	1	1	1	1	1	0	0	1	4	4	1	0	0	1	0	0	1	1	1	1	0	0	1	4	4	1	3	3	1	4	4	1	7	7	1	7	7	1	1	1	1	0	0	1	0	0	1	0	0	1	0	0	1	0	0	1	2	2	1	0	0	1	0	0	1	0	0	1	0	0	1	1	1	1	0	0	1	0	0	1	0	0	1
619	102	1.0000	1	1	1	0	0	1	0	0	1	0	0	1	0	0	1	1	1	1	1	1	1	0	0	1	4	4	1	0	0	1	0	0	1	1	1	1	0	0	1	4	4	1	3	3	1	4	4	1	7	7	1	7	7	1	1	1	1	0	0	1	0	0	1	0	0	1	0	0	1	0	0	1	2	2	1	0	0	1	0	0	1	0	0	1	0	0	1	1	1	1	0	0	1	0	0	1	0	0	1
620	102	1.0000	1	1	1	0	0	1	0	0	1	0	0	1	0	0	1	1	1	1	1	1	1	0	0	1	4	4	1	0	0	1	0	0	1	1	1	1	0	0	1	4	4	1	3	3	1	4	4	1	7	7	1	7	7	1	1	1	1	0	0	1	0	0	1	0	0	1	0	0	1	0	0	1	2	2	1	0	0	1	0	0	1	0	0	1	0	0	1	1	1	1	0	0	1	0	0	1	0	0	1
621	102	1.0000	1	1	1	0	0	1	0	0	1	0	0	1	0	0	1	1	1	1	1	1	1	0	0	1	4	4	1	0	0	1	0	0	1	1	1	1	0	0	1	4	4	1	3	3	1	4	4	1	7	7	1	7	7	1	1	1	1	0	0	1	0	0	1	0	0	1	0	0	1	0	0	1	2	2	1	0	0	1	0	0	1	0	0	1	0	0	1	1	1	1	0	0	1	0	0	1	0	0	1
622	102	1.0000	1	1	1	0	0	1	0	0	1	0	0	1	0	0	1	1	1	1	1	1	1	0	0	1	4	4	1	0	0	1	0	0	1	1	1	1	0	0	1	4	4	1	3	3	1	4	4	1	7	7	1	7	7	1	1	1	1	0	0	1	0	0	1	0	0	1	0	0	1	0	0	1	2	2	1	0	0	1	0	0	1	0	0	1	0	0	1	1	1	1	0	0	1	0	0	1	0	0	1
623	102	1.0000	1	1	1	0	0	1	0	0	1	0	0	1	0	0	1	1	1	1	1	1	1	0	0	1	4	4	1	0	0	1	0	0	1	1	1	1	0	0	1	4	4	1	3	3	1	4	4	1	7	7	1	7	7	1	1	1	1	0	0	1	0	0	1	0	0	1	0	0	1	0	0	1	2	2	1	0	0	1	0	0	1	0	0	1	0	0	1	1	1	1	0	0	1	0	0	1	0	0	1
624	102	1.0000	1	1	1	0	0	1	0	0	1	0	0	1	0	0	1	1	1	1	1	1	1	0	0	1	4	4	1	0	0	1	0	0	1	1	1	1	0	0	1	4	4	1	3	3	1	4	4	1	7	7	1	7	7	1	1	1	1	0	0	1	0	0	1	0	0	1	0	0	1	0	0	1	2	2	1	0	0	1	0	0	1	0	0	1	0	0	1	1	1	1	0	0	1	0	0	1	0	0	1
625	102	1.0000	1	1	1	0	0	1	0	0	1	0	0	1	0	0	1	1	1	1	1	1	1	0	0	1	4	4	1	0	0	1	0	0	1	1	1	1	0	0	1	4	4	1	3	3	1	4	4	1	7	7	1	7	7	1	1	1	1	0	0	1	0	0	1	0	0	1	0	0	1	0	0	1	2	2	1	0	0	1	0	0	1	0	0	1	0	0	1	1	1	1	0	0	1	0	0	1	0	0	1
626	102	1.0000	1	1	1	0	0	1	0	0	1	0	0	1	0	0	1	1	1	1	1	1	1	0	0	1	4	4	1	0	0	1	0	0	1	1	1	1	0	0	1	4	4	1	3	3	1	4	4	1	7	7	1	7	7	1	1	1	1	0	0	1	0	0	1	0	0	1	0	0	1	0	0	1	2	2	1	0	0	1	0	0	1	0	0	1	0	0	1	1	1	1	0	0	1	0	0	1	0	0	1
627	102	1.0000	1	1	1	0	0	1	0	0	1	0	0	1	0	0	1	1	1	1	1	1	1	0	0	1	4	4	1	0	0	1	0	0	1	1	1	1	0	0	1	4	4	1	3	3	1	4	4	1	7	7	1	7	7	1	1	1	1	0	0	1	0	0	1	0	0	1	0	0	1	0	0	1	2	2	1	0	0	1	0	0	1	0	0	1	0	0	1	1	1	1	0	0	1	0	0	1	0	0	1
628	102	1.0000	1	1	1	0	0	1	0	0	1	0	0	1	0	0	1	1	1	1	1	1	1	0	0	1	4	4	1	0	0	1	0	0	1	1	1	1	0	0	1	4	4	1	3	3	1	4	4	1	7	7	1	7	7	1	1	1	1	0	0	1	0	0	1	0	0	1	0	0	1	0	0	1	2	2	1	0	0	1	0	0	1	0	0	1	0	0	1	1	1	1	0	0	1	0	0	1	0	0	1
629	102	1.0000	1	1	1	0	0	1	0	0	1	0	0	1	0	0	1	1	1	1	1	1	1	0	0	1	4	4	1	0	0	1	0	0	1	1	1	1	0	0	1	4	4	1	3	3	1	4	4	1	7	7	1	7	7	1	1	1	1	0	0	1	0	0	1	0	0	1	0	0	1	0	0	1	2	2	1	0	0	1	0	0	1	0	0	1	0	0	1	1	1	1	0	0	1	0	0	1	0	0	1
630	102	1.0000	1	1	1	0	0	1	0	0	1	0	0	1	0	0	1	1	1	1	1	1	1	0	0	1	4	4	1	0	0	1	0	0	1	1	1	1	0	0	1	4	4	1	3	3	1	4	4	1	7	7	1	7	7	1	1	1	1	0	0	1	0	0	1	0	0	1	0	0	1	0	0	1	2	2	1	0	0	1	0	0	1	0	0	1	0	0	1	1	1	1	0	0	1	0	0	1	0	0	1
631	102	1.0000	1	1	1	0	0	1	0	0	1	0	0	1	0	0	1	1	1	1	1	1	1	0	0	1	4	4	1	0	0	1	0	0	1	1	1	1	0	0	1	4	4	1	3	3	1	4	4	1	7	7	1	7	7	1	1	1	1	0	0	1	0	0	1	0	0	1	0	0	1	0	0	1	2	2	1	0	0	1	0	0	1	0	0	1	0	0	1	1	1	1	0	0	1	0	0	1	0	0	1
632	102	1.0000	1	1	1	0	0	1	0	0	1	0	0	1	0	0	1	1	1	1	1	1	1	0	0	1	4	4	1	0	0	1	0	0	1	1	1	1	0	0	1	4	4	1	3	3	1	4	4	1	7	7	1	7	7	1	1	1	1	0	0	1	0	0	1	0	0	1	0	0	1	0	0	1	2	2	1	0	0	1	0	0	1	0	0	1	0	0	1	1	1	1	0	0	1	0	0	1	0	0	1
633	102	1.0000	1	1	1	0	0	1	0	0	1	0	0	1	0	0	1	1	1	1	1	1	1	0	0	1	4	4	1	0	0	1	0	0	1	1	1	1	0	0	1	4	4	1	3	3	1	4	4	1	7	7	1	7	7	1	1	1	1	0	0	1	0	0	1	0	0	1	0	0	1	0	0	1	2	2	1	0	0	1	0	0	1	0	0	1	0	0	1	1	1	1	0	0	1	0	0	1	0	0	1
634	102	1.0000	1	1	1	0	0	1	0	0	1	0	0	1	0	0	1	1	1	1	1	1	1	0	0	1	4	4	1	0	0	1	0	0	1	1	1	1	0	0	1	4	4	1	3	3	1	4	4	1	7	7	1	7	7	1	1	1	1	0	0	1	0	0	1	0	0	1	0	0	1	0	0	1	2	2	1	0	0	1	0	0	1	0	0	1	0	0	1	1	1	1	0	0	1	0	0	1	0	0	1
635	102	1.0000	1	1	1	0	0	1	0	0	1	0	0	1	0	0	1	1	1	1	1	1	1	0	0	1	4	4	1	0	0	1	0	0	1	1	1	1	0	0	1	4	4	1	3	3	1	4	4	1	7	7	1	7	7	1	1	1	1	0	0	1	0	0	1	0	0	1	0	0	1	0	0	1	2	2	1	0	0	1	0	0	1	0	0	1	0	0	1	1	1	1	0	0	1	0	0	1	0	0	1
636	102	1.0000	1	1	1	0	0	1	0	0	1	0	0	1	0	0	1	1	1	1	1	1	1	0	0	1	4	4	1	0	0	1	0	0	1	1	1	1	0	0	1	4	4	1	3	3	1	4	4	1	7	7	1	7	7	1	1	1	1	0	0	1	0	0	1	0	0	1	0	0	1	0	0	1	2	2	1	0	0	1	0	0	1	0	0	1	0	0	1	1	1	1	0	0	1	0	0	1	0	0	1
637	102	1.0000	1	1	1	0	0	1	0	0	1	0	0	1	0	0	1	1	1	1	1	1	1	0	0	1	4	4	1	0	0	1	0	0	1	1	1	1	0	0	1	4	4	1	3	3	1	4	4	1	7	7	1	7	7	1	1	1	1	0	0	1	0	0	1	0	0	1	0	0	1	0	0	1	2	2	1	0	0	1	0	0	1	0	0	1	0	0	1	1	1	1	0	0	1	0	0	1	0	0	1
638	102	1.0000	1	1	1	0	0	1	0	0	1	0	0	1	0	0	1	1	1	1	1	1	1	0	0	1	4	4	1	0	0	1	0	0	1	1	1	1	0	0	1	4	4	1	3	3	1	4	4	1	7	7	1	7	7	1	1	1	1	0	0	1	0	0	1	0	0	1	0	0	1	0	0	1	2	2	1	0	0	1	0	0	1	0	0	1	0	0	1	1	1	1	0	0	1	0	0	1	0	0	1
639	102	1.0000	1	1	1	0	0	1	0	0	1	0	0	1	0	0	1	1	1	1	1	1	1	0	0	1	4	4	1	0	0	1	0	0	1	1	1	1	0	0	1	4	4	1	3	3	1	4	4	1	7	7	1	7	7	1	1	1	1	0	0	1	0	0	1	0	0	1	0	0	1	0	0	1	2	2	1	0	0	1	0	0	1	0	0	1	0	0	1	1	1	1	0	0	1	0	0	1	0	0	1
640	102	1.0000	1	1	1	0	0	1	0	0	1	0	0	1	0	0	1	1	1	1	1	1	1	0	0	1	4	4	1	0	0	1	0	0	1	1	1	1	0	0	1	4	4	1	3	3	1	4	4	1	7	7	1	7	7	1	1	1	1	0	0	1	0	0	1	0	0	1	0	0	1	0	0	1	2	2	1	0	0	1	0	0	1	0	0	1	0	0	1	1	1	1	0	0	1	0	0	1	0	0	1
641	102	1.0000	1	1	1	0	0	1	0	0	1	0	0	1	0	0	1	1	1	1	1	1	1	0	0	1	4	4	1	0	0	1	0	0	1	1	1	1	0	0	1	4	4	1	3	3	1	4	4	1	7	7	1	7	7	1	1	1	1	0	0	1	0	0	1	0	0	1	0	0	1	0	0	1	2	2	1	0	0	1	0	0	1	0	0	1	0	0	1	1	1	1	0	0	1	0	0	1	0	0	1
642	102	1.0000	1	1	1	0	0	1	0	0	1	0	0	1	0	0	1	1	1	1	1	1	1	0	0	1	4	4	1	0	0	1	0	0	1	1	1	1	0	0	1	4	4	1	3	3	1	4	4	1	7	7	1	7	7	1	1	1	1	0	0	1	0	0	1	0	0	1	0	0	1	0	0	1	2	2	1	0	0	1	0	0	1	0	0	1	0	0	1	1	1	1	0	0	1	0	0	1	0	0	1
643	102	1.0000	1	1	1	0	0	1	0	0	1	0	0	1	0	0	1	1	1	1	1	1	1	0	0	1	4	4	1	0	0	1	0	0	1	1	1	1	0	0	1	4	4	1	3	3	1	4	4	1	7	7	1	7	7	1	1	1	1	0	0	1	0	0	1	0	0	1	0	0	1	0	0	1	2	2	1	0	0	1	0	0	1	0	0	1	0	0	1	1	1	1	0	0	1	0	0	1	0	0	1
644	102	1.0000	1	1	1	0	0	1	0	0	1	0	0	1	0	0	1	1	1	1	1	1	1	0	0	1	4	4	1	0	0	1	0	0	1	1	1	1	0	0	1	4	4	1	3	3	1	4	4	1	7	7	1	7	7	1	1	1	1	0	0	1	0	0	1	0	0	1	0	0	1	0	0	1	2	2	1	0	0	1	0	0	1	0	0	1	0	0	1	1	1	1	0	0	1	0	0	1	0	0	1
645	102	1.0000	1	1	1	0	0	1	0	0	1	0	0	1	0	0	1	1	1	1	1	1	1	0	0	1	4	4	1	0	0	1	0	0	1	1	1	1	0	0	1	4	4	1	3	3	1	4	4	1	7	7	1	7	7	1	1	1	1	0	0	1	0	0	1	0	0	1	0	0	1	0	0	1	2	2	1	0	0	1	0	0	1	0	0	1	0	0	1	1	1	1	0	0	1	0	0	1	0	0	1
646	102	1.0000	1	1	1	0	0	1	0	0	1	0	0	1	0	0	1	1	1	1	1	1	1	0	0	1	4	4	1	0	0	1	0	0	1	1	1	1	0	0	1	4	4	1	3	3	1	4	4	1	7	7	1	7	7	1	1	1	1	0	0	1	0	0	1	0	0	1	0	0	1	0	0	1	2	2	1	0	0	1	0	0	1	0	0	1	0	0	1	1	1	1	0	0	1	0	0	1	0	0	1
647	102	1.0000	1	1	1	0	0	1	0	0	1	0	0	1	0	0	1	1	1	1	1	1	1	0	0	1	4	4	1	0	0	1	0	0	1	1	1	1	0	0	1	4	4	1	3	3	1	4	4	1	7	7	1	7	7	1	1	1	1	0	0	1	0	0	1	0	0	1	0	0	1	0	0	1	2	2	1	0	0	1	0	0	1	0	0	1	0	0	1	1	1	1	0	0	1	0	0	1	0	0	1
648	102	1.0000	1	1	1	0	0	1	0	0	1	0	0	1	0	0	1	1	1	1	1	1	1	0	0	1	4	4	1	0	0	1	0	0	1	1	1	1	0	0	1	4	4	1	3	3	1	4	4	1	7	7	1	7	7	1	1	1	1	0	0	1	0	0	1	0	0	1	0	0	1	0	0	1	2	2	1	0	0	1	0	0	1	0	0	1	0	0	1	1	1	1	0	0	1	0	0	1	0	0	1
649	102	1.0000	1	1	1	0	0	1	0	0	1	0	0	1	0	0	1	1	1	1	1	1	1	0	0	1	4	4	1	0	0	1	0	0	1	1	1	1	0	0	1	4	4	1	3	3	1	4	4	1	7	7	1	7	7	1	1	1	1	0	0	1	0	0	1	0	0	1	0	0	1	0	0	1	2	2	1	0	0	1	0	0	1	0	0	1	0	0	1	1	1	1	0	0	1	0	0	1	0	0	1
650	102	1.0000	1	1	1	0	0	1	0	0	1	0	0	1	0	0	1	1	1	1	1	1	1	0	0	1	4	4	1	0	0	1	0	0	1	1	1	1	0	0	1	4	4	1	3	3	1	4	4	1	7	7	1	7	7	1	1	1	1	0	0	1	0	0	1	0	0	1	0	0	1	0	0	1	2	2	1	0	0	1	0	0	1	0	0	1	0	0	1	1	1	1	0	0	1	0	0	1	0	0	1
651	102	1.0000	1	1	1	0	0	1	0	0	1	0	0	1	0	0	1	1	1	1	1	1	1	0	0	1	4	4	1	0	0	1	0	0	1	1	1	1	0	0	1	4	4	1	3	3	1	4	4	1	7	7	1	7	7	1	1	1	1	0	0	1	0	0	1	0	0	1	0	0	1	0	0	1	2	2	1	0	0	1	0	0	1	0	0	1	0	0	1	1	1	1	0	0	1	0	0	1	0	0	1
652	102	1.0000	1	1	1	0	0	1	0	0	1	0	0	1	0	0	1	1	1	1	1	1	1	0	0	1	4	4	1	0	0	1	0	0	1	1	1	1	0	0	1	4	4	1	3	3	1	4	4	1	7	7	1	7	7	1	1	1	1	0	0	1	0	0	1	0	0	1	0	0	1	0	0	1	2	2	1	0	0	1	0	0	1	0	0	1	0	0	1	1	1	1	0	0	1	0	0	1	0	0	1
653	102	1.0000	1	1	1	0	0	1	0	0	1	0	0	1	0	0	1	1	1	1	1	1	1	0	0	1	4	4	1	0	0	1	0	0	1	1	1	1	0	0	1	4	4	1	3	3	1	4	4	1	7	7	1	7	7	1	1	1	1	0	0	1	0	0	1	0	0	1	0	0	1	0	0	1	2	2	1	0	0	1	0	0	1	0	0	1	0	0	1	1	1	1	0	0	1	0	0	1	0	0	1
654	102	1.0000	1	1	1	0	0	1	0	0	1	0	0	1	0	0	1	1	1	1	1	1	1	0	0	1	4	4	1	0	0	1	0	0	1	1	1	1	0	0	1	4	4	1	3	3	1	4	4	1	7	7	1	7	7	1	1	1	1	0	0	1	0	0	1	0	0	1	0	0	1	0	0	1	2	2	1	0	0	1	0	0	1	0	0	1	0	0	1	1	1	1	0	0	1	0	0	1	0	0	1
655	102	1.0000	1	1	1	0	0	1	0	0	1	0	0	1	0	0	1	1	1	1	1	1	1	0	0	1	4	4	1	0	0	1	0	0	1	1	1	1	0	0	1	4	4	1	3	3	1	4	4	1	7	7	1	7	7	1	1	1	1	0	0	1	0	0	1	0	0	1	0	0	1	0	0	1	2	2	1	0	0	1	0	0	1	0	0	1	0	0	1	1	1	1	0	0	1	0	0	1	0	0	1
656	102	1.0000	1	1	1	0	0	1	0	0	1	0	0	1	0	0	1	1	1	1	1	1	1	0	0	1	4	4	1	0	0	1	0	0	1	1	1	1	0	0	1	4	4	1	3	3	1	4	4	1	7	7	1	7	7	1	1	1	1	0	0	1	0	0	1	0	0	1	0	0	1	0	0	1	2	2	1	0	0	1	0	0	1	0	0	1	0	0	1	1	1	1	0	0	1	0	0	1	0	0	1
657	102	1.0000	1	1	1	0	0	1	0	0	1	0	0	1	0	0	1	1	1	1	1	1	1	0	0	1	4	4	1	0	0	1	0	0	1	1	1	1	0	0	1	4	4	1	3	3	1	4	4	1	7	7	1	7	7	1	1	1	1	0	0	1	0	0	1	0	0	1	0	0	1	0	0	1	2	2	1	0	0	1	0	0	1	0	0	1	0	0	1	1	1	1	0	0	1	0	0	1	0	0	1
658	102	1.0000	1	1	1	0	0	1	0	0	1	0	0	1	0	0	1	1	1	1	1	1	1	0	0	1	4	4	1	0	0	1	0	0	1	1	1	1	0	0	1	4	4	1	3	3	1	4	4	1	7	7	1	7	7	1	1	1	1	0	0	1	0	0	1	0	0	1	0	0	1	0	0	1	2	2	1	0	0	1	0	0	1	0	0	1	0	0	1	1	1	1	0	0	1	0	0	1	0	0	1
659	102	1.0000	1	1	1	0	0	1	0	0	1	0	0	1	0	0	1	1	1	1	1	1	1	0	0	1	4	4	1	0	0	1	0	0	1	1	1	1	0	0	1	4	4	1	3	3	1	4	4	1	7	7	1	7	7	1	1	1	1	0	0	1	0	0	1	0	0	1	0	0	1	0	0	1	2	2	1	0	0	1	0	0	1	0	0	1	0	0	1	1	1	1	0	0	1	0	0	1	0	0	1
660	102	1.0000	1	1	1	0	0	1	0	0	1	0	0	1	0	0	1	1	1	1	1	1	1	0	0	1	4	4	1	0	0	1	0	0	1	1	1	1	0	0	1	4	4	1	3	3	1	4	4	1	7	7	1	7	7	1	1	1	1	0	0	1	0	0	1	0	0	1	0	0	1	0	0	1	2	2	1	0	0	1	0	0	1	0	0	1	0	0	1	1	1	1	0	0	1	0	0	1	0	0	1
661	102	1.0000	1	1	1	0	0	1	0	0	1	0	0	1	0	0	1	1	1	1	1	1	1	0	0	1	4	4	1	0	0	1	0	0	1	1	1	1	0	0	1	4	4	1	3	3	1	4	4	1	7	7	1	7	7	1	1	1	1	0	0	1	0	0	1	0	0	1	0	0	1	0	0	1	2	2	1	0	0	1	0	0	1	0	0	1	0	0	1	1	1	1	0	0	1	0	0	1	0	0	1
662	102	1.0000	1	1	1	0	0	1	0	0	1	0	0	1	0	0	1	1	1	1	1	1	1	0	0	1	4	4	1	0	0	1	0	0	1	1	1	1	0	0	1	4	4	1	3	3	1	4	4	1	7	7	1	7	7	1	1	1	1	0	0	1	0	0	1	0	0	1	0	0	1	0	0	1	2	2	1	0	0	1	0	0	1	0	0	1	0	0	1	1	1	1	0	0	1	0	0	1	0	0	1
663	102	1.0000	1	1	1	0	0	1	0	0	1	0	0	1	0	0	1	1	1	1	1	1	1	0	0	1	4	4	1	0	0	1	0	0	1	1	1	1	0	0	1	4	4	1	3	3	1	4	4	1	7	7	1	7	7	1	1	1	1	0	0	1	0	0	1	0	0	1	0	0	1	0	0	1	2	2	1	0	0	1	0	0	1	0	0	1	0	0	1	1	1	1	0	0	1	0	0	1	0	0	1
664	102	1.0000	1	1	1	0	0	1	0	0	1	0	0	1	0	0	1	1	1	1	1	1	1	0	0	1	4	4	1	0	0	1	0	0	1	1	1	1	0	0	1	4	4	1	3	3	1	4	4	1	7	7	1	7	7	1	1	1	1	0	0	1	0	0	1	0	0	1	0	0	1	0	0	1	2	2	1	0	0	1	0	0	1	0	0	1	0	0	1	1	1	1	0	0	1	0	0	1	0	0	1
665	102	1.0000	1	1	1	0	0	1	0	0	1	0	0	1	0	0	1	1	1	1	1	1	1	0	0	1	4	4	1	0	0	1	0	0	1	1	1	1	0	0	1	4	4	1	3	3	1	4	4	1	7	7	1	7	7	1	1	1	1	0	0	1	0	0	1	0	0	1	0	0	1	0	0	1	2	2	1	0	0	1	0	0	1	0	0	1	0	0	1	1	1	1	0	0	1	0	0	1	0	0	1
666	102	1.0000	1	1	1	0	0	1	0	0	1	0	0	1	0	0	1	1	1	1	1	1	1	0	0	1	4	4	1	0	0	1	0	0	1	1	1	1	0	0	1	4	4	1	3	3	1	4	4	1	7	7	1	7	7	1	1	1	1	0	0	1	0	0	1	0	0	1	0	0	1	0	0	1	2	2	1	0	0	1	0	0	1	0	0	1	0	0	1	1	1	1	0	0	1	0	0	1	0	0	1
667	102	1.0000	1	1	1	0	0	1	0	0	1	0	0	1	0	0	1	1	1	1	1	1	1	0	0	1	4	4	1	0	0	1	0	0	1	1	1	1	0	0	1	4	4	1	3	3	1	4	4	1	7	7	1	7	7	1	1	1	1	0	0	1	0	0	1	0	0	1	0	0	1	0	0	1	2	2	1	0	0	1	0	0	1	0	0	1	0	0	1	1	1	1	0	0	1	0	0	1	0	0	1
668	102	1.0000	1	1	1	0	0	1	0	0	1	0	0	1	0	0	1	1	1	1	1	1	1	0	0	1	4	4	1	0	0	1	0	0	1	1	1	1	0	0	1	4	4	1	3	3	1	4	4	1	7	7	1	7	7	1	1	1	1	0	0	1	0	0	1	0	0	1	0	0	1	0	0	1	2	2	1	0	0	1	0	0	1	0	0	1	0	0	1	1	1	1	0	0	1	0	0	1	0	0	1
669	102	1.0000	1	1	1	0	0	1	0	0	1	0	0	1	0	0	1	1	1	1	1	1	1	0	0	1	4	4	1	0	0	1	0	0	1	1	1	1	0	0	1	4	4	1	3	3	1	4	4	1	7	7	1	7	7	1	1	1	1	0	0	1	0	0	1	0	0	1	0	0	1	0	0	1	2	2	1	0	0	1	0	0	1	0	0	1	0	0	1	1	1	1	0	0	1	0	0	1	0	0	1
670	102	1.0000	1	1	1	0	0	1	0	0	1	0	0	1	0	0	1	1	1	1	1	1	1	0	0	1	4	4	1	0	0	1	0	0	1	1	1	1	0	0	1	4	4	1	3	3	1	4	4	1	7	7	1	7	7	1	1	1	1	0	0	1	0	0	1	0	0	1	0	0	1	0	0	1	2	2	1	0	0	1	0	0	1	0	0	1	0	0	1	1	1	1	0	0	1	0	0	1	0	0	1
671	102	1.0000	1	1	1	0	0	1	0	0	1	0	0	1	0	0	1	1	1	1	1	1	1	0	0	1	4	4	1	0	0	1	0	0	1	1	1	1	0	0	1	4	4	1	3	3	1	4	4	1	7	7	1	7	7	1	1	1	1	0	0	1	0	0	1	0	0	1	0	0	1	0	0	1	2	2	1	0	0	1	0	0	1	0	0	1	0	0	1	1	1	1	0	0	1	0	0	1	0	0	1
672	102	1.0000	1	1	1	0	0	1	0	0	1	0	0	1	0	0	1	1	1	1	1	1	1	0	0	1	4	4	1	0	0	1	0	0	1	1	1	1	0	0	1	4	4	1	3	3	1	4	4	1	7	7	1	7	7	1	1	1	1	0	0	1	0	0	1	0	0	1	0	0	1	0	0	1	2	2	1	0	0	1	0	0	1	0	0	1	0	0	1	1	1	1	0	0	1	0	0	1	0	0	1
673	102	1.0000	1	1	1	0	0	1	0	0	1	0	0	1	0	0	1	1	1	1	1	1	1	0	0	1	4	4	1	0	0	1	0	0	1	1	1	1	0	0	1	4	4	1	3	3	1	4	4	1	7	7	1	7	7	1	1	1	1	0	0	1	0	0	1	0	0	1	0	0	1	0	0	1	2	2	1	0	0	1	0	0	1	0	0	1	0	0	1	1	1	1	0	0	1	0	0	1	0	0	1
674	102	1.0000	1	1	1	0	0	1	0	0	1	0	0	1	0	0	1	1	1	1	1	1	1	0	0	1	4	4	1	0	0	1	0	0	1	1	1	1	0	0	1	4	4	1	3	3	1	4	4	1	7	7	1	7	7	1	1	1	1	0	0	1	0	0	1	0	0	1	0	0	1	0	0	1	2	2	1	0	0	1	0	0	1	0	0	1	0	0	1	1	1	1	0	0	1	0	0	1	0	0	1
675	102	1.0000	1	1	1	0	0	1	0	0	1	0	0	1	0	0	1	1	1	1	1	1	1	0	0	1	4	4	1	0	0	1	0	0	1	1	1	1	0	0	1	4	4	1	3	3	1	4	4	1	7	7	1	7	7	1	1	1	1	0	0	1	0	0	1	0	0	1	0	0	1	0	0	1	2	2	1	0	0	1	0	0	1	0	0	1	0	0	1	1	1	1	0	0	1	0	0	1	0	0	1
676	102	1.0000	1	1	1	0	0	1	0	0	1	0	0	1	0	0	1	1	1	1	1	1	1	0	0	1	4	4	1	0	0	1	0	0	1	1	1	1	0	0	1	4	4	1	3	3	1	4	4	1	7	7	1	7	7	1	1	1	1	0	0	1	0	0	1	0	0	1	0	0	1	0	0	1	2	2	1	0	0	1	0	0	1	0	0	1	0	0	1	1	1	1	0	0	1	0	0	1	0	0	1
677	102	1.0000	1	1	1	0	0	1	0	0	1	0	0	1	0	0	1	1	1	1	1	1	1	0	0	1	4	4	1	0	0	1	0	0	1	1	1	1	0	0	1	4	4	1	3	3	1	4	4	1	7	7	1	7	7	1	1	1	1	0	0	1	0	0	1	0	0	1	0	0	1	0	0	1	2	2	1	0	0	1	0	0	1	0	0	1	0	0	1	1	1	1	0	0	1	0	0	1	0	0	1
678	102	1.0000	1	1	1	0	0	1	0	0	1	0	0	1	0	0	1	1	1	1	1	1	1	0	0	1	4	4	1	0	0	1	0	0	1	1	1	1	0	0	1	4	4	1	3	3	1	4	4	1	7	7	1	7	7	1	1	1	1	0	0	1	0	0	1	0	0	1	0	0	1	0	0	1	2	2	1	0	0	1	0	0	1	0	0	1	0	0	1	1	1	1	0	0	1	0	0	1	0	0	1
679	102	1.0000	1	1	1	0	0	1	0	0	1	0	0	1	0	0	1	1	1	1	1	1	1	0	0	1	4	4	1	0	0	1	0	0	1	1	1	1	0	0	1	4	4	1	3	3	1	4	4	1	7	7	1	7	7	1	1	1	1	0	0	1	0	0	1	0	0	1	0	0	1	0	0	1	2	2	1	0	0	1	0	0	1	0	0	1	0	0	1	1	1	1	0	0	1	0	0	1	0	0	1
680	102	1.0000	1	1	1	0	0	1	0	0	1	0	0	1	0	0	1	1	1	1	1	1	1	0	0	1	4	4	1	0	0	1	0	0	1	1	1	1	0	0	1	4	4	1	3	3	1	4	4	1	7	7	1	7	7	1	1	1	1	0	0	1	0	0	1	0	0	1	0	0	1	0	0	1	2	2	1	0	0	1	0	0	1	0	0	1	0	0	1	1	1	1	0	0	1	0	0	1	0	0	1
681	102	1.0000	1	1	1	0	0	1	0	0	1	0	0	1	0	0	1	1	1	1	1	1	1	0	0	1	4	4	1	0	0	1	0	0	1	1	1	1	0	0	1	4	4	1	3	3	1	4	4	1	7	7	1	7	7	1	1	1	1	0	0	1	0	0	1	0	0	1	0	0	1	0	0	1	2	2	1	0	0	1	0	0	1	0	0	1	0	0	1	1	1	1	0	0	1	0	0	1	0	0	1
682	102	1.0000	1	1	1	0	0	1	0	0	1	0	0	1	0	0	1	1	1	1	1	1	1	0	0	1	4	4	1	0	0	1	0	0	1	1	1	1	0	0	1	4	4	1	3	3	1	4	4	1	7	7	1	7	7	1	1	1	1	0	0	1	0	0	1	0	0	1	0	0	1	0	0	1	2	2	1	0	0	1	0	0	1	0	0	1	0	0	1	1	1	1	0	0	1	0	0	1	0	0	1
683	102	1.0000	1	1	1	0	0	1	0	0	1	0	0	1	0	0	1	1	1	1	1	1	1	0	0	1	4	4	1	0	0	1	0	0	1	1	1	1	0	0	1	4	4	1	3	3	1	4	4	1	7	7	1	7	7	1	1	1	1	0	0	1	0	0	1	0	0	1	0	0	1	0	0	1	2	2	1	0	0	1	0	0	1	0	0	1	0	0	1	1	1	1	0	0	1	0	0	1	0	0	1
684	102	1.0000	1	1	1	0	0	1	0	0	1	0	0	1	0	0	1	1	1	1	1	1	1	0	0	1	4	4	1	0	0	1	0	0	1	1	1	1	0	0	1	4	4	1	3	3	1	4	4	1	7	7	1	7	7	1	1	1	1	0	0	1	0	0	1	0	0	1	0	0	1	0	0	1	2	2	1	0	0	1	0	0	1	0	0	1	0	0	1	1	1	1	0	0	1	0	0	1	0	0	1
685	102	1.0000	1	1	1	0	0	1	0	0	1	0	0	1	0	0	1	1	1	1	1	1	1	0	0	1	4	4	1	0	0	1	0	0	1	1	1	1	0	0	1	4	4	1	3	3	1	4	4	1	7	7	1	7	7	1	1	1	1	0	0	1	0	0	1	0	0	1	0	0	1	0	0	1	2	2	1	0	0	1	0	0	1	0	0	1	0	0	1	1	1	1	0	0	1	0	0	1	0	0	1
686	102	1.0000	1	1	1	0	0	1	0	0	1	0	0	1	0	0	1	1	1	1	1	1	1	0	0	1	4	4	1	0	0	1	0	0	1	1	1	1	0	0	1	4	4	1	3	3	1	4	4	1	7	7	1	7	7	1	1	1	1	0	0	1	0	0	1	0	0	1	0	0	1	0	0	1	2	2	1	0	0	1	0	0	1	0	0	1	0	0	1	1	1	1	0	0	1	0	0	1	0	0	1
687	102	1.0000	1	1	1	0	0	1	0	0	1	0	0	1	0	0	1	1	1	1	1	1	1	0	0	1	4	4	1	0	0	1	0	0	1	1	1	1	0	0	1	4	4	1	3	3	1	4	4	1	7	7	1	7	7	1	1	1	1	0	0	1	0	0	1	0	0	1	0	0	1	0	0	1	2	2	1	0	0	1	0	0	1	0	0	1	0	0	1	1	1	1	0	0	1	0	0	1	0	0	1
688	102	1.0000	1	1	1	0	0	1	0	0	1	0	0	1	0	0	1	1	1	1	1	1	1	0	0	1	4	4	1	0	0	1	0	0	1	1	1	1	0	0	1	4	4	1	3	3	1	4	4	1	7	7	1	7	7	1	1	1	1	0	0	1	0	0	1	0	0	1	0	0	1	0	0	1	2	2	1	0	0	1	0	0	1	0	0	1	0	0	1	1	1	1	0	0	1	0	0	1	0	0	1
689	102	1.0000	1	1	1	0	0	1	0	0	1	0	0	1	0	0	1	1	1	1	1	1	1	0	0	1	4	4	1	0	0	1	0	0	1	1	1	1	0	0	1	4	4	1	3	3	1	4	4	1	7	7	1	7	7	1	1	1	1	0	0	1	0	0	1	0	0	1	0	0	1	0	0	1	2	2	1	0	0	1	0	0	1	0	0	1	0	0	1	1	1	1	0	0	1	0	0	1	0	0	1
690	102	1.0000	1	1	1	0	0	1	0	0	1	0	0	1	0	0	1	1	1	1	1	1	1	0	0	1	4	4	1	0	0	1	0	0	1	1	1	1	0	0	1	4	4	1	3	3	1	4	4	1	7	7	1	7	7	1	1	1	1	0	0	1	0	0	1	0	0	1	0	0	1	0	0	1	2	2	1	0	0	1	0	0	1	0	0	1	0	0	1	1	1	1	0	0	1	0	0	1	0	0	1
691	102	1.0000	1	1	1	0	0	1	0	0	1	0	0	1	0	0	1	1	1	1	1	1	1	0	0	1	4	4	1	0	0	1	0	0	1	1	1	1	0	0	1	4	4	1	3	3	1	4	4	1	7	7	1	7	7	1	1	1	1	0	0	1	0	0	1	0	0	1	0	0	1	0	0	1	2	2	1	0	0	1	0	0	1	0	0	1	0	0	1	1	1	1	0	0	1	0	0	1	0	0	1
692	102	1.0000	1	1	1	0	0	1	0	0	1	0	0	1	0	0	1	1	1	1	1	1	1	0	0	1	4	4	1	0	0	1	0	0	1	1	1	1	0	0	1	4	4	1	3	3	1	4	4	1	7	7	1	7	7	1	1	1	1	0	0	1	0	0	1	0	0	1	0	0	1	0	0	1	2	2	1	0	0	1	0	0	1	0	0	1	0	0	1	1	1	1	0	0	1	0	0	1	0	0	1
693	102	1.0000	1	1	1	0	0	1	0	0	1	0	0	1	0	0	1	1	1	1	1	1	1	0	0	1	4	4	1	0	0	1	0	0	1	1	1	1	0	0	1	4	4	1	3	3	1	4	4	1	7	7	1	7	7	1	1	1	1	0	0	1	0	0	1	0	0	1	0	0	1	0	0	1	2	2	1	0	0	1	0	0	1	0	0	1	0	0	1	1	1	1	0	0	1	0	0	1	0	0	1
694	100	0.9612	1	1	1	0	0	1	0	0	1	0	0	1	0	0	1	1	1	1	1	1	1	0	0	1	4	4	1	0	0	1	0	0	1	1	1	1	0	0	1	4	4	1	3	3	1	4	4	1	7	7	1	7	7	1	1	1	1	0	0	1	0	0	1	0	0	1	0	0	1	0	0	1	1	0	0	0	0	1	0	0	1	0	0	1	0	0	1	0	0	0	0	0	1	0	0	1	0	0	1
695	102	1.0000	1	1	1	0	0	1	0	0	1	0	0	1	0	0	1	1	1	1	1	1	1	0	0	1	4	4	1	0	0	1	0	0	1	1	1	1	0	0	1	4	4	1	3	3	1	4	4	1	7	7	1	7	7	1	1	1	1	0	0	1	0	0	1	0	0	1	0	0	1	0	0	1	2	2	1	0	0	1	0	0	1	0	0	1	0	0	1	1	1	1	0	0	1	0	0	1	0	0	1
696	102	1.0000	1	1	1	0	0	1	0	0	1	0	0	1	0	0	1	1	1	1	1	1	1	0	0	1	4	4	1	0	0	1	0	0	1	1	1	1	0	0	1	4	4	1	3	3	1	4	4	1	7	7	1	7	7	1	1	1	1	0	0	1	0	0	1	0	0	1	0	0	1	0	0	1	2	2	1	0	0	1	0	0	1	0	0	1	0	0	1	1	1	1	0	0	1	0	0	1	0	0	1
697	102	1.0000	1	1	1	0	0	1	0	0	1	0	0	1	0	0	1	1	1	1	1	1	1	0	0	1	4	4	1	0	0	1	0	0	1	1	1	1	0	0	1	4	4	1	3	3	1	4	4	1	7	7	1	7	7	1	1	1	1	0	0	1	0	0	1	0	0	1	0	0	1	0	0	1	2	2	1	0	0	1	0	0	1	0	0	1	0	0	1	1	1	1	0	0	1	0	0	1	0	0	1
698	102	1.0000	1	1	1	0	0	1	0	0	1	0	0	1	0	0	1	1	1	1	1	1	1	0	0	1	4	4	1	0	0	1	0	0	1	1	1	1	0	0	1	4	4	1	3	3	1	4	4	1	7	7	1	7	7	1	1	1	1	0	0	1	0	0	1	0	0	1	0	0	1	0	0	1	2	2	1	0	0	1	0	0	1	0	0	1	0	0	1	1	1	1	0	0	1	0	0	1	0	0	1
699	102	1.0000	1	1	1	0	0	1	0	0	1	0	0	1	0	0	1	1	1	1	1	1	1	0	0	1	4	4	1	0	0	1	0	0	1	1	1	1	0	0	1	4	4	1	3	3	1	4	4	1	7	7	1	7	7	1	1	1	1	0	0	1	0	0	1	0	0	1	0	0	1	0	0	1	2	2	1	0	0	1	0	0	1	0	0	1	0	0	1	1	1	1	0	0	1	0	0	1	0	0	1
700	114	0.8462	0	0	0	10	0	0	0	0	1	0	0	1	0	0	1	1	1	1	1	1	1	0	0	1	4	4	1	1	0	0	0	0	1	1	1	1	0	0	1	5	4	0	3	3	1	5	4	0	6	6	0	7	7	1	1	1	1	0	0	1	0	0	1	0	0	1	0	0	1	0	0	1	2	1	0	0	0	1	0	0	1	0	0	1	0	0	1	1	1	1	0	0	1	0	0	1	1	0	0
701	102	1.0000	1	1	1	0	0	1	0	0	1	0	0	1	0	0	1	1	1	1	1	1	1	0	0	1	4	4	1	0	0	1	0	0	1	1	1	1	0	0	1	4	4	1	3	3	1	4	4	1	7	7	1	7	7	1	1	1	1	0	0	1	0	0	1	0	0	1	0	0	1	0	0	1	2	2	1	0	0	1	0	0	1	0	0	1	0	0	1	1	1	1	0	0	1	0	0	1	0	0	1
702	102	1.0000	1	1	1	0	0	1	0	0	1	0	0	1	0	0	1	1	1	1	1	1	1	0	0	1	4	4	1	0	0	1	0	0	1	1	1	1	0	0	1	4	4	1	3	3	1	4	4	1	7	7	1	7	7	1	1	1	1	0	0	1	0	0	1	0	0	1	0	0	1	0	0	1	2	2	1	0	0	1	0	0	1	0	0	1	0	0	1	1	1	1	0	0	1	0	0	1	0	0	1
703	102	1.0000	1	1	1	0	0	1	0	0	1	0	0	1	0	0	1	1	1	1	1	1	1	0	0	1	4	4	1	0	0	1	0	0	1	1	1	1	0	0	1	4	4	1	3	3	1	4	4	1	7	7	1	7	7	1	1	1	1	0	0	1	0	0	1	0	0	1	0	0	1	0	0	1	2	2	1	0	0	1	0	0	1	0	0	1	0	0	1	1	1	1	0	0	1	0	0	1	0	0	1
704	102	1.0000	1	1	1	0	0	1	0	0	1	0	0	1	0	0	1	1	1	1	1	1	1	0	0	1	4	4	1	0	0	1	0	0	1	1	1	1	0	0	1	4	4	1	3	3	1	4	4	1	7	7	1	7	7	1	1	1	1	0	0	1	0	0	1	0	0	1	0	0	1	0	0	1	2	2	1	0	0	1	0	0	1	0	0	1	0	0	1	1	1	1	0	0	1	0	0	1	0	0	1
705	102	1.0000	1	1	1	0	0	1	0	0	1	0	0	1	0	0	1	1	1	1	1	1	1	0	0	1	4	4	1	0	0	1	0	0	1	1	1	1	0	0	1	4	4	1	3	3	1	4	4	1	7	7	1	7	7	1	1	1	1	0	0	1	0	0	1	0	0	1	0	0	1	0	0	1	2	2	1	0	0	1	0	0	1	0	0	1	0	0	1	1	1	1	0	0	1	0	0	1	0	0	1
706	102	1.0000	1	1	1	0	0	1	0	0	1	0	0	1	0	0	1	1	1	1	1	1	1	0	0	1	4	4	1	0	0	1	0	0	1	1	1	1	0	0	1	4	4	1	3	3	1	4	4	1	7	7	1	7	7	1	1	1	1	0	0	1	0	0	1	0	0	1	0	0	1	0	0	1	2	2	1	0	0	1	0	0	1	0	0	1	0	0	1	1	1	1	0	0	1	0	0	1	0	0	1
707	102	1.0000	1	1	1	0	0	1	0	0	1	0	0	1	0	0	1	1	1	1	1	1	1	0	0	1	4	4	1	0	0	1	0	0	1	1	1	1	0	0	1	4	4	1	3	3	1	4	4	1	7	7	1	7	7	1	1	1	1	0	0	1	0	0	1	0	0	1	0	0	1	0	0	1	2	2	1	0	0	1	0	0	1	0	0	1	0	0	1	1	1	1	0	0	1	0	0	1	0	0	1
708	101	0.9902	1	1	1	0	0	1	0	0	1	0	0	1	0	0	1	1	1	1	1	1	1	0	0	1	4	4	1	0	0	1	0	0	1	1	1	1	0	0	1	4	4	1	3	3	1	4	4	1	7	7	1	7	7	1	1	1	1	0	0	1	0	0	1	0	0	1	0	0	1	0	0	1	2	2	1	0	0	1	0	0	1	0	0	1	0	0	1	1	1	1	0	0	1	0	0	1	0	0	1
709	97	0.9510	1	1	1	0	0	1	0	0	1	0	0	1	0	0	1	1	1	1	1	1	1	0	0	1	0	0	0	0	0	1	0	0	1	1	1	1	0	0	1	4	4	1	3	3	1	4	4	1	7	7	1	7	7	1	1	1	1	0	0	1	0	0	1	0	0	1	0	0	1	0	0	1	2	2	1	0	0	1	0	0	1	0	0	1	0	0	1	1	1	1	0	0	1	0	0	1	0	0	1
710	100	0.9804	1	1	1	0	0	1	0	0	1	0	0	1	0	0	1	1	1	1	1	1	1	0	0	1	4	4	1	0	0	1	0	0	1	1	1	1	0	0	1	4	4	1	3	3	1	4	4	1	7	7	1	7	7	1	1	1	1	0	0	1	0	0	1	0	0	1	0	0	1	0	0	1	2	2	1	0	0	1	0	0	1	0	0	1	0	0	1	1	1	1	0	0	1	0	0	1	0	0	1
711	95	0.9314	1	1	1	0	0	1	0	0	1	0	0	1	0	0	1	1	1	1	1	1	1	0	0	1	4	4	1	0	0	1	0	0	1	1	1	1	0	0	1	4	4	1	3	3	1	4	4	1	7	7	1	7	7	1	1	1	1	0	0	1	0	0	1	0	0	1	0	0	1	0	0	1	2	2	1	0	0	1	0	0	1	0	0	1	0	0	1	1	1	1	0	0	1	0	0	1	0	0	1
712	102	1.0000	1	1	1	0	0	1	0	0	1	0	0	1	0	0	1	1	1	1	1	1	1	0	0	1	4	4	1	0	0	1	0	0	1	1	1	1	0	0	1	4	4	1	3	3	1	4	4	1	7	7	1	7	7	1	1	1	1	0	0	1	0	0	1	0	0	1	0	0	1	0	0	1	2	2	1	0	0	1	0	0	1	0	0	1	0	0	1	1	1	1	0	0	1	0	0	1	0	0	1
713	102	1.0000	1	1	1	0	0	1	0	0	1	0	0	1	0	0	1	1	1	1	1	1	1	0	0	1	4	4	1	0	0	1	0	0	1	1	1	1	0	0	1	4	4	1	3	3	1	4	4	1	7	7	1	7	7	1	1	1	1	0	0	1	0	0	1	0	0	1	0	0	1	0	0	1	2	2	1	0	0	1	0	0	1	0	0	1	0	0	1	1	1	1	0	0	1	0	0	1	0	0	1
714	102	1.0000	1	1	1	0	0	1	0	0	1	0	0	1	0	0	1	1	1	1	1	1	1	0	0	1	4	4	1	0	0	1	0	0	1	1	1	1	0	0	1	4	4	1	3	3	1	4	4	1	7	7	1	7	7	1	1	1	1	0	0	1	0	0	1	0	0	1	0	0	1	0	0	1	2	2	1	0	0	1	0	0	1	0	0	1	0	0	1	1	1	1	0	0	1	0	0	1	0	0	1
715	102	1.0000	1	1	1	0	0	1	0	0	1	0	0	1	0	0	1	1	1	1	1	1	1	0	0	1	4	4	1	0	0	1	0	0	1	1	1	1	0	0	1	4	4	1	3	3	1	4	4	1	7	7	1	7	7	1	1	1	1	0	0	1	0	0	1	0	0	1	0	0	1	0	0	1	2	2	1	0	0	1	0	0	1	0	0	1	0	0	1	1	1	1	0	0	1	0	0	1	0	0	1
716	102	1.0000	1	1	1	0	0	1	0	0	1	0	0	1	0	0	1	1	1	1	1	1	1	0	0	1	4	4	1	0	0	1	0	0	1	1	1	1	0	0	1	4	4	1	3	3	1	4	4	1	7	7	1	7	7	1	1	1	1	0	0	1	0	0	1	0	0	1	0	0	1	0	0	1	2	2	1	0	0	1	0	0	1	0	0	1	0	0	1	1	1	1	0	0	1	0	0	1	0	0	1
717	102	1.0000	1	1	1	0	0	1	0	0	1	0	0	1	0	0	1	1	1	1	1	1	1	0	0	1	4	4	1	0	0	1	0	0	1	1	1	1	0	0	1	4	4	1	3	3	1	4	4	1	7	7	1	7	7	1	1	1	1	0	0	1	0	0	1	0	0	1	0	0	1	0	0	1	2	2	1	0	0	1	0	0	1	0	0	1	0	0	1	1	1	1	0	0	1	0	0	1	0	0	1
718	102	1.0000	1	1	1	0	0	1	0	0	1	0	0	1	0	0	1	1	1	1	1	1	1	0	0	1	4	4	1	0	0	1	0	0	1	1	1	1	0	0	1	4	4	1	3	3	1	4	4	1	7	7	1	7	7	1	1	1	1	0	0	1	0	0	1	0	0	1	0	0	1	0	0	1	2	2	1	0	0	1	0	0	1	0	0	1	0	0	1	1	1	1	0	0	1	0	0	1	0	0	1
719	102	1.0000	1	1	1	0	0	1	0	0	1	0	0	1	0	0	1	1	1	1	1	1	1	0	0	1	4	4	1	0	0	1	0	0	1	1	1	1	0	0	1	4	4	1	3	3	1	4	4	1	7	7	1	7	7	1	1	1	1	0	0	1	0	0	1	0	0	1	0	0	1	0	0	1	2	2	1	0	0	1	0	0	1	0	0	1	0	0	1	1	1	1	0	0	1	0	0	1	0	0	1
720	102	1.0000	1	1	1	0	0	1	0	0	1	0	0	1	0	0	1	1	1	1	1	1	1	0	0	1	4	4	1	0	0	1	0	0	1	1	1	1	0	0	1	4	4	1	3	3	1	4	4	1	7	7	1	7	7	1	1	1	1	0	0	1	0	0	1	0	0	1	0	0	1	0	0	1	2	2	1	0	0	1	0	0	1	0	0	1	0	0	1	1	1	1	0	0	1	0	0	1	0	0	1
721	102	1.0000	1	1	1	0	0	1	0	0	1	0	0	1	0	0	1	1	1	1	1	1	1	0	0	1	4	4	1	0	0	1	0	0	1	1	1	1	0	0	1	4	4	1	3	3	1	4	4	1	7	7	1	7	7	1	1	1	1	0	0	1	0	0	1	0	0	1	0	0	1	0	0	1	2	2	1	0	0	1	0	0	1	0	0	1	0	0	1	1	1	1	0	0	1	0	0	1	0	0	1
722	102	1.0000	1	1	1	0	0	1	0	0	1	0	0	1	0	0	1	1	1	1	1	1	1	0	0	1	4	4	1	0	0	1	0	0	1	1	1	1	0	0	1	4	4	1	3	3	1	4	4	1	7	7	1	7	7	1	1	1	1	0	0	1	0	0	1	0	0	1	0	0	1	0	0	1	2	2	1	0	0	1	0	0	1	0	0	1	0	0	1	1	1	1	0	0	1	0	0	1	0	0	1
723	102	1.0000	1	1	1	0	0	1	0	0	1	0	0	1	0	0	1	1	1	1	1	1	1	0	0	1	4	4	1	0	0	1	0	0	1	1	1	1	0	0	1	4	4	1	3	3	1	4	4	1	7	7	1	7	7	1	1	1	1	0	0	1	0	0	1	0	0	1	0	0	1	0	0	1	2	2	1	0	0	1	0	0	1	0	0	1	0	0	1	1	1	1	0	0	1	0	0	1	0	0	1
724	102	1.0000	1	1	1	0	0	1	0	0	1	0	0	1	0	0	1	1	1	1	1	1	1	0	0	1	4	4	1	0	0	1	0	0	1	1	1	1	0	0	1	4	4	1	3	3	1	4	4	1	7	7	1	7	7	1	1	1	1	0	0	1	0	0	1	0	0	1	0	0	1	0	0	1	2	2	1	0	0	1	0	0	1	0	0	1	0	0	1	1	1	1	0	0	1	0	0	1	0	0	1
725	102	1.0000	1	1	1	0	0	1	0	0	1	0	0	1	0	0	1	1	1	1	1	1	1	0	0	1	4	4	1	0	0	1	0	0	1	1	1	1	0	0	1	4	4	1	3	3	1	4	4	1	7	7	1	7	7	1	1	1	1	0	0	1	0	0	1	0	0	1	0	0	1	0	0	1	2	2	1	0	0	1	0	0	1	0	0	1	0	0	1	1	1	1	0	0	1	0	0	1	0	0	1
726	102	1.0000	1	1	1	0	0	1	0	0	1	0	0	1	0	0	1	1	1	1	1	1	1	0	0	1	4	4	1	0	0	1	0	0	1	1	1	1	0	0	1	4	4	1	3	3	1	4	4	1	7	7	1	7	7	1	1	1	1	0	0	1	0	0	1	0	0	1	0	0	1	0	0	1	2	2	1	0	0	1	0	0	1	0	0	1	0	0	1	1	1	1	0	0	1	0	0	1	0	0	1
727	102	1.0000	1	1	1	0	0	1	0	0	1	0	0	1	0	0	1	1	1	1	1	1	1	0	0	1	4	4	1	0	0	1	0	0	1	1	1	1	0	0	1	4	4	1	3	3	1	4	4	1	7	7	1	7	7	1	1	1	1	0	0	1	0	0	1	0	0	1	0	0	1	0	0	1	2	2	1	0	0	1	0	0	1	0	0	1	0	0	1	1	1	1	0	0	1	0	0	1	0	0	1
728	102	1.0000	1	1	1	0	0	1	0	0	1	0	0	1	0	0	1	1	1	1	1	1	1	0	0	1	4	4	1	0	0	1	0	0	1	1	1	1	0	0	1	4	4	1	3	3	1	4	4	1	7	7	1	7	7	1	1	1	1	0	0	1	0	0	1	0	0	1	0	0	1	0	0	1	2	2	1	0	0	1	0	0	1	0	0	1	0	0	1	1	1	1	0	0	1	0	0	1	0	0	1
729	102	1.0000	1	1	1	0	0	1	0	0	1	0	0	1	0	0	1	1	1	1	1	1	1	0	0	1	4	4	1	0	0	1	0	0	1	1	1	1	0	0	1	4	4	1	3	3	1	4	4	1	7	7	1	7	7	1	1	1	1	0	0	1	0	0	1	0	0	1	0	0	1	0	0	1	2	2	1	0	0	1	0	0	1	0	0	1	0	0	1	1	1	1	0	0	1	0	0	1	0	0	1
730	102	1.0000	1	1	1	0	0	1	0	0	1	0	0	1	0	0	1	1	1	1	1	1	1	0	0	1	4	4	1	0	0	1	0	0	1	1	1	1	0	0	1	4	4	1	3	3	1	4	4	1	7	7	1	7	7	1	1	1	1	0	0	1	0	0	1	0	0	1	0	0	1	0	0	1	2	2	1	0	0	1	0	0	1	0	0	1	0	0	1	1	1	1	0	0	1	0	0	1	0	0	1
731	100	0.6833	1	1	1	0	0	1	0	0	1	9	0	0	9	0	0	1	1	1	1	1	1	0	0	1	4	4	1	0	0	1	0	0	1	1	1	1	0	0	1	4	4	1	3	3	1	4	4	1	7	7	1	7	7	1	1	1	1	0	0	1	0	0	1	0	0	1	0	0	1	0	0	1	2	2	1	0	0	1	0	0	1	0	0	1	0	0	1	1	1	1	0	0	1	0	0	1	0	0	1
732	95	0.8942	1	1	1	0	0	1	0	0	1	0	0	1	0	0	1	1	1	1	1	1	1	0	0	1	6	4	0	0	0	1	0	0	1	1	1	1	0	0	1	4	4	1	3	3	1	4	4	1	7	7	1	7	7	1	1	1	1	0	0	1	0	0	1	0	0	1	0	0	1	0	0	1	2	2	1	0	0	1	0	0	1	0	0	1	0	0	1	1	1	1	0	0	1	0	0	1	0	0	1
733	100	0.6694	1	1	1	0	0	1	0	0	1	0	0	1	0	0	1	1	1	1	1	1	1	0	0	1	4	4	1	0	0	1	9	0	0	1	1	1	0	0	1	4	4	1	3	3	1	4	4	1	7	7	1	7	7	1	1	1	1	0	0	1	0	0	1	10	0	0	0	0	1	0	0	1	2	2	1	0	0	1	0	0	1	0	0	1	0	0	1	1	1	1	0	0	1	0	0	1	0	0	1
734	94	0.8846	1	1	1	0	0	1	0	0	1	0	0	1	0	0	1	1	1	1	1	1	1	0	0	1	4	4	1	0	0	1	0	0	1	1	1	1	0	0	1	4	4	1	3	3	1	4	4	1	7	7	1	7	7	1	1	1	1	0	0	1	0	0	1	0	0	1	0	0	1	0	0	1	2	2	1	0	0	1	0	0	1	0	0	1	0	0	1	1	1	1	0	0	1	0	0	1	0	0	1
735	102	1.0000	1	1	1	0	0	1	0	0	1	0	0	1	0	0	1	1	1	1	1	1	1	0	0	1	4	4	1	0	0	1	0	0	1	1	1	1	0	0	1	4	4	1	3	3	1	4	4	1	7	7	1	7	7	1	1	1	1	0	0	1	0	0	1	0	0	1	0	0	1	0	0	1	2	2	1	0	0	1	0	0	1	0	0	1	0	0	1	1	1	1	0	0	1	0	0	1	0	0	1
736	102	1.0000	1	1	1	0	0	1	0	0	1	0	0	1	0	0	1	1	1	1	1	1	1	0	0	1	4	4	1	0	0	1	0	0	1	1	1	1	0	0	1	4	4	1	3	3	1	4	4	1	7	7	1	7	7	1	1	1	1	0	0	1	0	0	1	0	0	1	0	0	1	0	0	1	2	2	1	0	0	1	0	0	1	0	0	1	0	0	1	1	1	1	0	0	1	0	0	1	0	0	1
737	101	0.9902	0	0	0	0	0	1	0	0	1	0	0	1	0	0	1	1	1	1	1	1	1	0	0	1	4	4	1	0	0	1	0	0	1	1	1	1	0	0	1	4	4	1	3	3	1	4	4	1	7	7	1	7	7	1	1	1	1	0	0	1	0	0	1	0	0	1	0	0	1	0	0	1	2	2	1	0	0	1	0	0	1	0	0	1	0	0	1	1	1	1	0	0	1	0	0	1	0	0	1
738	102	1.0000	1	1	1	0	0	1	0	0	1	0	0	1	0	0	1	1	1	1	1	1	1	0	0	1	4	4	1	0	0	1	0	0	1	1	1	1	0	0	1	4	4	1	3	3	1	4	4	1	7	7	1	7	7	1	1	1	1	0	0	1	0	0	1	0	0	1	0	0	1	0	0	1	2	2	1	0	0	1	0	0	1	0	0	1	0	0	1	1	1	1	0	0	1	0	0	1	0	0	1
739	102	1.0000	1	1	1	0	0	1	0	0	1	0	0	1	0	0	1	1	1	1	1	1	1	0	0	1	4	4	1	0	0	1	0	0	1	1	1	1	0	0	1	4	4	1	3	3	1	4	4	1	7	7	1	7	7	1	1	1	1	0	0	1	0	0	1	0	0	1	0	0	1	0	0	1	2	2	1	0	0	1	0	0	1	0	0	1	0	0	1	1	1	1	0	0	1	0	0	1	0	0	1
740	102	1.0000	1	1	1	0	0	1	0	0	1	0	0	1	0	0	1	1	1	1	1	1	1	0	0	1	4	4	1	0	0	1	0	0	1	1	1	1	0	0	1	4	4	1	3	3	1	4	4	1	7	7	1	7	7	1	1	1	1	0	0	1	0	0	1	0	0	1	0	0	1	0	0	1	2	2	1	0	0	1	0	0	1	0	0	1	0	0	1	1	1	1	0	0	1	0	0	1	0	0	1
741	102	1.0000	1	1	1	0	0	1	0	0	1	0	0	1	0	0	1	1	1	1	1	1	1	0	0	1	4	4	1	0	0	1	0	0	1	1	1	1	0	0	1	4	4	1	3	3	1	4	4	1	7	7	1	7	7	1	1	1	1	0	0	1	0	0	1	0	0	1	0	0	1	0	0	1	2	2	1	0	0	1	0	0	1	0	0	1	0	0	1	1	1	1	0	0	1	0	0	1	0	0	1
742	102	1.0000	1	1	1	0	0	1	0	0	1	0	0	1	0	0	1	1	1	1	1	1	1	0	0	1	4	4	1	0	0	1	0	0	1	1	1	1	0	0	1	4	4	1	3	3	1	4	4	1	7	7	1	7	7	1	1	1	1	0	0	1	0	0	1	0	0	1	0	0	1	0	0	1	2	2	1	0	0	1	0	0	1	0	0	1	0	0	1	1	1	1	0	0	1	0	0	1	0	0	1
743	102	1.0000	1	1	1	0	0	1	0	0	1	0	0	1	0	0	1	1	1	1	1	1	1	0	0	1	4	4	1	0	0	1	0	0	1	1	1	1	0	0	1	4	4	1	3	3	1	4	4	1	7	7	1	7	7	1	1	1	1	0	0	1	0	0	1	0	0	1	0	0	1	0	0	1	2	2	1	0	0	1	0	0	1	0	0	1	0	0	1	1	1	1	0	0	1	0	0	1	0	0	1
744	102	1.0000	1	1	1	0	0	1	0	0	1	0	0	1	0	0	1	1	1	1	1	1	1	0	0	1	4	4	1	0	0	1	0	0	1	1	1	1	0	0	1	4	4	1	3	3	1	4	4	1	7	7	1	7	7	1	1	1	1	0	0	1	0	0	1	0	0	1	0	0	1	0	0	1	2	2	1	0	0	1	0	0	1	0	0	1	0	0	1	1	1	1	0	0	1	0	0	1	0	0	1
745	102	1.0000	1	1	1	0	0	1	0	0	1	0	0	1	0	0	1	1	1	1	1	1	1	0	0	1	4	4	1	0	0	1	0	0	1	1	1	1	0	0	1	4	4	1	3	3	1	4	4	1	7	7	1	7	7	1	1	1	1	0	0	1	0	0	1	0	0	1	0	0	1	0	0	1	2	2	1	0	0	1	0	0	1	0	0	1	0	0	1	1	1	1	0	0	1	0	0	1	0	0	1
746	102	1.0000	1	1	1	0	0	1	0	0	1	0	0	1	0	0	1	1	1	1	1	1	1	0	0	1	4	4	1	0	0	1	0	0	1	1	1	1	0	0	1	4	4	1	3	3	1	4	4	1	7	7	1	7	7	1	1	1	1	0	0	1	0	0	1	0	0	1	0	0	1	0	0	1	2	2	1	0	0	1	0	0	1	0	0	1	0	0	1	1	1	1	0	0	1	0	0	1	0	0	1
747	102	1.0000	1	1	1	0	0	1	0	0	1	0	0	1	0	0	1	1	1	1	1	1	1	0	0	1	4	4	1	0	0	1	0	0	1	1	1	1	0	0	1	4	4	1	3	3	1	4	4	1	7	7	1	7	7	1	1	1	1	0	0	1	0	0	1	0	0	1	0	0	1	0	0	1	2	2	1	0	0	1	0	0	1	0	0	1	0	0	1	1	1	1	0	0	1	0	0	1	0	0	1
748	102	1.0000	1	1	1	0	0	1	0	0	1	0	0	1	0	0	1	1	1	1	1	1	1	0	0	1	4	4	1	0	0	1	0	0	1	1	1	1	0	0	1	4	4	1	3	3	1	4	4	1	7	7	1	7	7	1	1	1	1	0	0	1	0	0	1	0	0	1	0	0	1	0	0	1	2	2	1	0	0	1	0	0	1	0	0	1	0	0	1	1	1	1	0	0	1	0	0	1	0	0	1
749	102	1.0000	1	1	1	0	0	1	0	0	1	0	0	1	0	0	1	1	1	1	1	1	1	0	0	1	4	4	1	0	0	1	0	0	1	1	1	1	0	0	1	4	4	1	3	3	1	4	4	1	7	7	1	7	7	1	1	1	1	0	0	1	0	0	1	0	0	1	0	0	1	0	0	1	2	2	1	0	0	1	0	0	1	0	0	1	0	0	1	1	1	1	0	0	1	0	0	1	0	0	1
750	102	1.0000	1	1	1	0	0	1	0	0	1	0	0	1	0	0	1	1	1	1	1	1	1	0	0	1	4	4	1	0	0	1	0	0	1	1	1	1	0	0	1	4	4	1	3	3	1	4	4	1	7	7	1	7	7	1	1	1	1	0	0	1	0	0	1	0	0	1	0	0	1	0	0	1	2	2	1	0	0	1	0	0	1	0	0	1	0	0	1	1	1	1	0	0	1	0	0	1	0	0	1
751	102	1.0000	1	1	1	0	0	1	0	0	1	0	0	1	0	0	1	1	1	1	1	1	1	0	0	1	4	4	1	0	0	1	0	0	1	1	1	1	0	0	1	4	4	1	3	3	1	4	4	1	7	7	1	7	7	1	1	1	1	0	0	1	0	0	1	0	0	1	0	0	1	0	0	1	2	2	1	0	0	1	0	0	1	0	0	1	0	0	1	1	1	1	0	0	1	0	0	1	0	0	1
752	102	1.0000	1	1	1	0	0	1	0	0	1	0	0	1	0	0	1	1	1	1	1	1	1	0	0	1	4	4	1	0	0	1	0	0	1	1	1	1	0	0	1	4	4	1	3	3	1	4	4	1	7	7	1	7	7	1	1	1	1	0	0	1	0	0	1	0	0	1	0	0	1	0	0	1	2	2	1	0	0	1	0	0	1	0	0	1	0	0	1	1	1	1	0	0	1	0	0	1	0	0	1
753	102	1.0000	1	1	1	0	0	1	0	0	1	0	0	1	0	0	1	1	1	1	1	1	1	0	0	1	4	4	1	0	0	1	0	0	1	1	1	1	0	0	1	4	4	1	3	3	1	4	4	1	7	7	1	7	7	1	1	1	1	0	0	1	0	0	1	0	0	1	0	0	1	0	0	1	2	2	1	0	0	1	0	0	1	0	0	1	0	0	1	1	1	1	0	0	1	0	0	1	0	0	1
754	102	1.0000	1	1	1	0	0	1	0	0	1	0	0	1	0	0	1	1	1	1	1	1	1	0	0	1	4	4	1	0	0	1	0	0	1	1	1	1	0	0	1	4	4	1	3	3	1	4	4	1	7	7	1	7	7	1	1	1	1	0	0	1	0	0	1	0	0	1	0	0	1	0	0	1	2	2	1	0	0	1	0	0	1	0	0	1	0	0	1	1	1	1	0	0	1	0	0	1	0	0	1
755	102	1.0000	1	1	1	0	0	1	0	0	1	0	0	1	0	0	1	1	1	1	1	1	1	0	0	1	4	4	1	0	0	1	0	0	1	1	1	1	0	0	1	4	4	1	3	3	1	4	4	1	7	7	1	7	7	1	1	1	1	0	0	1	0	0	1	0	0	1	0	0	1	0	0	1	2	2	1	0	0	1	0	0	1	0	0	1	0	0	1	1	1	1	0	0	1	0	0	1	0	0	1
756	102	1.0000	1	1	1	0	0	1	0	0	1	0	0	1	0	0	1	1	1	1	1	1	1	0	0	1	4	4	1	0	0	1	0	0	1	1	1	1	0	0	1	4	4	1	3	3	1	4	4	1	7	7	1	7	7	1	1	1	1	0	0	1	0	0	1	0	0	1	0	0	1	0	0	1	2	2	1	0	0	1	0	0	1	0	0	1	0	0	1	1	1	1	0	0	1	0	0	1	0	0	1
757	102	1.0000	1	1	1	0	0	1	0	0	1	0	0	1	0	0	1	1	1	1	1	1	1	0	0	1	4	4	1	0	0	1	0	0	1	1	1	1	0	0	1	4	4	1	3	3	1	4	4	1	7	7	1	7	7	1	1	1	1	0	0	1	0	0	1	0	0	1	0	0	1	0	0	1	2	2	1	0	0	1	0	0	1	0	0	1	0	0	1	1	1	1	0	0	1	0	0	1	0	0	1
758	102	1.0000	1	1	1	0	0	1	0	0	1	0	0	1	0	0	1	1	1	1	1	1	1	0	0	1	4	4	1	0	0	1	0	0	1	1	1	1	0	0	1	4	4	1	3	3	1	4	4	1	7	7	1	7	7	1	1	1	1	0	0	1	0	0	1	0	0	1	0	0	1	0	0	1	2	2	1	0	0	1	0	0	1	0	0	1	0	0	1	1	1	1	0	0	1	0	0	1	0	0	1
759	102	1.0000	1	1	1	0	0	1	0	0	1	0	0	1	0	0	1	1	1	1	1	1	1	0	0	1	4	4	1	0	0	1	0	0	1	1	1	1	0	0	1	4	4	1	3	3	1	4	4	1	7	7	1	7	7	1	1	1	1	0	0	1	0	0	1	0	0	1	0	0	1	0	0	1	2	2	1	0	0	1	0	0	1	0	0	1	0	0	1	1	1	1	0	0	1	0	0	1	0	0	1
760	102	1.0000	1	1	1	0	0	1	0	0	1	0	0	1	0	0	1	1	1	1	1	1	1	0	0	1	4	4	1	0	0	1	0	0	1	1	1	1	0	0	1	4	4	1	3	3	1	4	4	1	7	7	1	7	7	1	1	1	1	0	0	1	0	0	1	0	0	1	0	0	1	0	0	1	2	2	1	0	0	1	0	0	1	0	0	1	0	0	1	1	1	1	0	0	1	0	0	1	0	0	1
761	106	0.9623	1	1	1	4	0	0	0	0	1	0	0	1	0	0	1	1	1	1	1	1	1	0	0	1	4	4	1	0	0	1	0	0	1	1	1	1	0	0	1	4	4	1	3	3	1	4	4	1	7	7	1	7	7	1	1	1	1	0	0	1	0	0	1	0	0	1	0	0	1	0	0	1	2	2	1	0	0	1	0	0	1	0	0	1	0	0	1	1	1	1	0	0	1	0	0	1	0	0	1
762	102	1.0000	1	1	1	0	0	1	0	0	1	0	0	1	0	0	1	1	1	1	1	1	1	0	0	1	4	4	1	0	0	1	0	0	1	1	1	1	0	0	1	4	4	1	3	3	1	4	4	1	7	7	1	7	7	1	1	1	1	0	0	1	0	0	1	0	0	1	0	0	1	0	0	1	2	2	1	0	0	1	0	0	1	0	0	1	0	0	1	1	1	1	0	0	1	0	0	1	0	0	1
763	102	1.0000	1	1	1	0	0	1	0	0	1	0	0	1	0	0	1	1	1	1	1	1	1	0	0	1	4	4	1	0	0	1	0	0	1	1	1	1	0	0	1	4	4	1	3	3	1	4	4	1	7	7	1	7	7	1	1	1	1	0	0	1	0	0	1	0	0	1	0	0	1	0	0	1	2	2	1	0	0	1	0	0	1	0	0	1	0	0	1	1	1	1	0	0	1	0	0	1	0	0	1
