Launched application with org.ps2x.ps2entryrunner bundle identifier.
Waiting for the application to terminate…
[ios-env] read /private/var/containers/Bundle/Application/8EA172D8-1A6C-4630-BB1C-149724DBC52B/ps2EntryRunner.app/ps2x.env
Using PS2X_BOOT_ELF boot path
[ios-env] no /private/var/mobile/Containers/Data/Application/669069AF-E78D-4F36-B57D-BB75D77024AD/Documents/ps2x.env
[ios-env] set PS2X_BOOT_ELF=/private/var/containers/Bundle/Application/8EA172D8-1A6C-4630-BB1C-149724DBC52B/ps2EntryRunner.app/SLUS_207.72
[ios-env] set PS2X_CD_IMAGE=/private/var/containers/Bundle/Application/8EA172D8-1A6C-4630-BB1C-149724DBC52B/ps2EntryRunner.app/SSX3.iso
[ios-env] set PS2X_DEINTERLACE=weave
[ios-env] set PS2X_MC_ROOT=/private/var/mobile/Containers/Data/Application/669069AF-E78D-4F36-B57D-BB75D77024AD/Documents/mc0
[ios-env] set PS2X_PAD_SCRIPT=10611:start:250,12780:cross:250,14749:cross:250,16567:cross:250,18336:cross:250,19770:cross:250,21205:down:150,21706:down:150,22306:cross:250,24025:cross:250,28512:cross:200,28763:down:700,29513:cross:200,29764:down:700,30514:cross:200,30765:down:700,31515:cross:200,31766:down:700,32516:cross:200,32767:down:700,33517:cross:200,33768:down:700,34518:cross:200,34769:down:700,35519:cross:200,35770:down:700,36520:cross:200,36771:down:700,37521:cross:200,37772:down:700,38522:down:30000
[ios-env] set PS2X_PAD_SCRIPT_CLOCK=vsync
[ios-env] set PS2X_SKIP_MOVIE=1
[ios-env] launcher kept PS2X_SOUND
[ios-env] launcher kept PS2X_VSYNC_RATE_LOG
2026-09-24 21:15:15.094 ps2EntryRunner[18016:4619159] You need UIApplicationSupportsIndirectInputEvents in your Info.plist for mouse support
INFO: Initializing raylib 5.5
INFO: Platform backend: DESKTOP (SDL)
INFO: Supported raylib modules:
INFO:     > rcore:..... loaded (mandatory)
INFO:     > rlgl:...... loaded (mandatory)
INFO:     > rshapes:... loaded (optional)
INFO:     > rtextures:. loaded (optional)
INFO:     > rtext:..... loaded (optional)
INFO:     > rmodels:... loaded (optional)
INFO:     > raudio:.... loaded (optional)
INFO: DISPLAY: Device initialized successfully
INFO:     > Display size: 410 x 820
INFO:     > Screen size:  640 x 448
INFO:     > Render size:  640 x 448
INFO:     > Viewport offsets: 0, 0
INFO: GLAD: OpenGL ES 2.0 loaded successfully
INFO: GL: Supported extensions count: 43
INFO: GL: OpenGL device information:
INFO:     > Vendor:   Apple Inc.
INFO:     > Renderer: Apple M2 GPU
INFO:     > Version:  OpenGL ES 2.0 Metal - 105
INFO:     > GLSL:     OpenGL ES GLSL ES 1.00
INFO: GL: VAO extension detected, VAO functions loaded successfully
WARNING: GL: NPOT textures extension not found, limited NPOT support (no-mipmaps, no-repeat)
INFO: GL: PVRT compressed textures supported
INFO: PLATFORM: DESKTOP (SDL): Initialized successfully
INFO: TEXTURE: [ID 1] Texture loaded successfully (1x1 | R8G8B8A8 | 1 mipmaps)
INFO: TEXTURE: [ID 1] Default texture loaded successfully
INFO: SHADER: [ID 1] Vertex shader compiled successfully
INFO: SHADER: [ID 2] Fragment shader compiled successfully
INFO: SHADER: [ID 3] Program shader loaded successfully
INFO: SHADER: [ID 3] Default shader loaded successfully
INFO: RLGL: Render batch vertex buffers loaded successfully in RAM (CPU)
INFO: RLGL: Render batch vertex buffers loaded successfully in VRAM (GPU)
INFO: RLGL: Default OpenGL state initialized successfully
INFO: TEXTURE: [ID 2] Texture loaded successfully (128x128 | GRAY_ALPHA | 1 mipmaps)
INFO: FONT: Default font loaded successfully (224 glyphs)
INFO: SYSTEM: Working Directory: /private/var/containers/Bundle/Application/8EA172D8-1A6C-4630-BB1C-149724DBC52B/ps2EntryRunner.app
[ios-window] attached to window scene
[ios-window] window=410x820 drawable=820x1640
[snd-output] stream rate=36000 channels=2 bits=16
[k1] armed name=ssx3-copied-payload elf=SLUS_207.72
[widescreen] SSX3 mode=2 (PS2X_WIDESCREEN=default)
[E53] PS2X_EE_FPMODE=ps2 (EE thread: round-toward-zero + flush-to-zero)
[ios-render] screen=640x448 render=1280x896
[vpad] on=1 pad_in_use=0 first_pad=-1 name="" -> overlay shown
[k1] install#1 n=0x5a handler=0x42cb78
[k1] install#2 n=0x5b handler=0x80075000
[k1] install#3 n=0x54 handler=0x42d100
[k1] lookup#1 key=0x55 value=0x80075038
[k1] install#4 n=0x55 handler=0x80075038
[k1] lookup#2 key=0x56 value=0x800750c8
[k1] install#5 n=0x56 handler=0x800750c8
[k1] lookup#3 key=0x57 value=0x80075108
[k1] install#6 n=0x57 handler=0x80075108
[k1] lookup#4 key=0x58 value=0x80075158
[k1] install#7 n=0x58 handler=0x80075158
[k1] lookup#5 key=0x59 value=0x800751a8
[k1] install#8 n=0x59 handler=0x800751a8
[k1] lookup#6 key=0x3 value=0x80075330
2026-09-24 21:15:15.339 ps2EntryRunner[18016:4619159] Unbalanced calls to begin/end appearance transitions for <SDL_uikitviewcontroller: 0x1446d8000>.
2026-09-24 21:15:15.339 ps2EntryRunner[18016:4619159] Unbalanced calls to begin/end appearance transitions for <SDL_uikitviewcontroller: 0x1446d8000>.
[ios-window] window=820x410 drawable=1640x820
[ios-render] screen=820x410 render=1640x820
[ios-render] screen=820x410 render=1640x820
[ios-render] screen=820x410 render=1640x820
[ios-render] screen=820x410 render=1640x820
[ios-render] screen=820x410 render=1640x820
[ios-render] screen=820x410 render=1640x820
[ios-render] screen=820x410 render=1640x820
[ios-render] screen=820x410 render=1640x820
[ios-render] screen=820x410 render=1640x820
[ios-render] screen=820x410 render=1640x820
[ios-render] screen=820x410 render=1640x820
[ios-render] screen=820x410 render=1640x820
[ios-render] screen=820x410 render=1640x820
[ios-render] screen=820x410 render=1640x820
[ios-render] screen=820x410 render=1640x820
[ios-render] screen=820x410 render=1640x820
[ios-render] screen=820x410 render=1640x820
[ios-render] screen=820x410 render=1640x820
[ios-render] screen=820x410 render=1640x820
[ios-render] screen=820x410 render=1640x820
[ios-render] screen=820x410 render=1640x820
[ios-render] screen=820x410 render=1640x820
[ios-render] screen=820x410 render=1640x820
[ios-render] screen=820x410 render=1640x820
[ios-render] screen=820x410 render=1640x820
[ios-render] screen=820x410 render=1640x820
[ios-render] screen=820x410 render=1640x820
[ios-render] screen=820x410 render=1640x820
[ios-render] screen=820x410 render=1640x820
[ios-render] screen=820x410 render=1640x820
[ios-render] screen=820x410 render=1640x820
[ios-render] screen=820x410 render=1640x820
[ios-render] screen=820x410 render=1640x820
[ios-render] screen=820x410 render=1640x820
[ios-render] screen=820x410 render=1640x820
[ios-render] screen=820x410 render=1640x820
[ios-render] screen=820x410 render=1640x820
[ios-render] screen=820x410 render=1640x820
[ios-render] screen=820x410 render=1640x820
[ios-render] screen=820x410 render=1640x820
[ios-render] screen=820x410 render=1640x820
[ios-render] screen=820x410 render=1640x820
[ios-render] screen=820x410 render=1640x820
[ios-render] screen=820x410 render=1640x820
[ios-render] screen=820x410 render=1640x820
[ios-render] screen=820x410 render=1640x820
[gs:setcrt] via=sceGsResetGraph interlaced=1 mode=0x2 field_frame=0 smode1=0x740814504 smode2=0x1
[ios-render] screen=820x410 render=1640x820
[ios-render] screen=820x410 render=1640x820
[IOP/RPC trace:unhandled] sid=0x80000006 rpc=0xff pc=0x42b0e8 ra=0x42b0e8 send=0x0/0 recv=0x52f080/4 sendBytes=[] loadedModules=[cdrom0:/data/modules/dev9.irx; cdrom0:/data/modules/usbkb.irx; cdrom0:/data/modules/usbd.irx; cdrom0:/data/modules/mcserv.irx; cdrom0:/data/modules/mcman.irx; cdrom0:/data/modules/snddrv.irx]
[ios-render] screen=820x410 render=1640x820
[ios-render] screen=820x410 render=1640x820
[ios-render] screen=820x410 render=1640x820
[ios-render] screen=820x410 render=1640x820
[ios-render] screen=820x410 render=1640x820
[ios-render] screen=820x410 render=1640x820
[ios-render] screen=820x410 render=1640x820
[ios-render] screen=820x410 render=1640x820
[ios-render] screen=820x410 render=1640x820
[sif-handshake] sregs[1]=1
[IOP/RPC trace:unhandled] sid=0x237 rpc=0x0 pc=0x3f6a04 ra=0x3f6a04 send=0x526080/128 recv=0x526140/128 sendBytes=[C0 61 52 20 00 00 00 00 00 00 00 00 00 00 00 00] loadedModules=[cdrom0:/data/modules/voipf.irx; cdrom0:/data/modules/lgaud.irx; cdrom0:/data/modules/drtysckf.irx; cdrom0:/data/modules/libnet.irx; cdrom0:/data/modules/msifrpc.irx; cdrom0:/data/modules/pppoe.irx]
[IOP/RPC trace:unhandled] sid=0x80000211 rpc=0x1 pc=0x40c34c ra=0x40c34c send=0x529100/16 recv=0x529140/144 sendBytes=[00 00 00 00 00 00 00 00 00 00 00 00 00 00 00 00] loadedModules=[cdrom0:/data/modules/voipf.irx; cdrom0:/data/modules/lgaud.irx; cdrom0:/data/modules/drtysckf.irx; cdrom0:/data/modules/libnet.irx; cdrom0:/data/modules/msifrpc.irx; cdrom0:/data/modules/pppoe.irx]
[ios-render] screen=820x410 render=1640x820
[ios-render] screen=820x410 render=1640x820
[ios-render] screen=820x410 render=1640x820
[ios-render] screen=820x410 render=1640x820
[ios-render] screen=820x410 render=1640x820
[ios-render] screen=820x410 render=1640x820
[ios-render] screen=820x410 render=1640x820
[ios-render] screen=820x410 render=1640x820
[padscript] armed n=31 source=env clock=vsync
[ios-render] screen=820x410 render=1640x820
[ios-render] screen=820x410 render=1640x820
[ios-render] screen=820x410 render=1640x820
[ios-render] screen=820x410 render=1640x820
[ios-render] screen=820x410 render=1640x820
[ios-render] screen=820x410 render=1640x820
[ios-render] screen=820x410 render=1640x820
[widescreen] apply source=0x2285a0 guest_mode=0 host_mode=2
[ios-render] screen=820x410 render=1640x820
[IOP/RPC trace:unhandled] sid=0x534e44 rpc=0x0 pc=0x3c0bc4 ra=0x3c0bc4 send=0x50ad00/20 recv=0x0/0 sendBytes=[03 03 08 00 40 B7 50 00 00 00 00 00 A0 8C C0 5D] loadedModules=[cdrom0:/data/modules/voipf.irx; cdrom0:/data/modules/lgaud.irx; cdrom0:/data/modules/drtysckf.irx; cdrom0:/data/modules/libnet.irx; cdrom0:/data/modules/msifrpc.irx; cdrom0:/data/modules/pppoe.irx]
[ios-render] screen=820x410 render=1640x820
[ios-render] screen=820x410 render=1640x820
[ios-render] screen=820x410 render=1640x820
[ios-render] screen=820x410 render=1640x820
[ios-render] screen=820x410 render=1640x820
[ios-render] screen=820x410 render=1640x820
[ios-render] screen=820x410 render=1640x820
[ios-render] screen=820x410 render=1640x820
[ios-render] screen=820x410 render=1640x820
[ios-render] screen=820x410 render=1640x820
[ios-render] screen=820x410 render=1640x820
[ios-render] screen=820x410 render=1640x820
[ios-render] screen=820x410 render=1640x820
[ios-render] screen=820x410 render=1640x820
[ios-render] screen=820x410 render=1640x820
[ios-render] screen=820x410 render=1640x820
[ios-render] screen=820x410 render=1640x820
[ios-render] screen=820x410 render=1640x820
[ios-render] screen=820x410 render=1640x820
[ios-render] screen=820x410 render=1640x820
[ios-render] screen=820x410 render=1640x820
[ios-render] screen=820x410 render=1640x820
[ios-render] screen=820x410 render=1640x820
[ios-render] screen=820x410 render=1640x820
[ios-render] screen=820x410 render=1640x820
[ios-render] screen=820x410 render=1640x820
[ios-render] screen=820x410 render=1640x820
[ios-render] screen=820x410 render=1640x820
[ios-render] screen=820x410 render=1640x820
[ios-render] screen=820x410 render=1640x820
[ios-render] screen=820x410 render=1640x820
[ios-render] screen=820x410 render=1640x820
[ios-render] screen=820x410 render=1640x820
[ios-render] screen=820x410 render=1640x820
[ios-render] screen=820x410 render=1640x820
[ios-render] screen=820x410 render=1640x820
[ios-render] screen=820x410 render=1640x820
[ios-render] screen=820x410 render=1640x820
[ios-render] screen=820x410 render=1640x820
[ios-render] screen=820x410 render=1640x820
[ios-render] screen=820x410 render=1640x820
[ios-render] screen=820x410 render=1640x820
[ios-render] screen=820x410 render=1640x820
[ios-render] screen=820x410 render=1640x820
[ios-render] screen=820x410 render=1640x820
[ios-render] screen=820x410 render=1640x820
[ios-render] screen=820x410 render=1640x820
[ios-render] screen=820x410 render=1640x820
[ios-render] screen=820x410 render=1640x820
[ios-render] screen=820x410 render=1640x820
[ios-render] screen=820x410 render=1640x820
[ios-render] screen=820x410 render=1640x820
[ios-render] screen=820x410 render=1640x820
[ios-render] screen=820x410 render=1640x820
[ios-render] screen=820x410 render=1640x820
[ios-render] screen=820x410 render=1640x820
[ios-render] screen=820x410 render=1640x820
[ios-render] screen=820x410 render=1640x820
[ios-render] screen=820x410 render=1640x820
[ios-render] screen=820x410 render=1640x820
[ios-render] screen=820x410 render=1640x820
[ios-render] screen=820x410 render=1640x820
[ios-render] screen=820x410 render=1640x820
[ios-render] screen=820x410 render=1640x820
[ios-render] screen=820x410 render=1640x820
[ios-render] screen=820x410 render=1640x820
[ios-render] screen=820x410 render=1640x820
[ios-render] screen=820x410 render=1640x820
[ios-render] screen=820x410 render=1640x820
[ios-render] screen=820x410 render=1640x820
[ios-render] screen=820x410 render=1640x820
[ios-render] screen=820x410 render=1640x820
[ios-render] screen=820x410 render=1640x820
[ios-render] screen=820x410 render=1640x820
[ios-render] screen=820x410 render=1640x820
[ios-render] screen=820x410 render=1640x820
[ios-render] screen=820x410 render=1640x820
[ios-render] screen=820x410 render=1640x820
[ios-render] screen=820x410 render=1640x820
[ios-render] screen=820x410 render=1640x820
[ios-render] screen=820x410 render=1640x820
[ios-render] screen=820x410 render=1640x820
[ios-render] screen=820x410 render=1640x820
[ios-render] screen=820x410 render=1640x820
[ios-render] screen=820x410 render=1640x820
[ios-render] screen=820x410 render=1640x820
[ios-render] screen=820x410 render=1640x820
[ios-render] screen=820x410 render=1640x820
[ios-render] screen=820x410 render=1640x820
[ios-render] screen=820x410 render=1640x820
[ios-render] screen=820x410 render=1640x820
[ios-render] screen=820x410 render=1640x820
[ios-render] screen=820x410 render=1640x820
[ios-render] screen=820x410 render=1640x820
[ios-render] screen=820x410 render=1640x820
[ios-render] screen=820x410 render=1640x820
[ios-render] screen=820x410 render=1640x820
[ios-render] screen=820x410 render=1640x820
[ios-render] screen=820x410 render=1640x820
[ios-render] screen=820x410 render=1640x820
[ios-render] screen=820x410 render=1640x820
[ios-render] screen=820x410 render=1640x820
[ios-render] screen=820x410 render=1640x820
[ios-render] screen=820x410 render=1640x820
[ios-render] screen=820x410 render=1640x820
[ios-render] screen=820x410 render=1640x820
[ios-render] screen=820x410 render=1640x820
[ios-render] screen=820x410 render=1640x820
[ios-render] screen=820x410 render=1640x820
[ios-render] screen=820x410 render=1640x820
[ios-render] screen=820x410 render=1640x820
[ios-render] screen=820x410 render=1640x820
[ios-render] screen=820x410 render=1640x820
[ios-render] screen=820x410 render=1640x820
[ios-render] screen=820x410 render=1640x820
[ios-render] screen=820x410 render=1640x820
[ios-render] screen=820x410 render=1640x820
[ios-render] screen=820x410 render=1640x820
[ios-render] screen=820x410 render=1640x820
[ios-render] screen=820x410 render=1640x820
[ios-render] screen=820x410 render=1640x820
[ios-render] screen=820x410 render=1640x820
[ios-render] screen=820x410 render=1640x820
[ios-render] screen=820x410 render=1640x820
[ios-render] screen=820x410 render=1640x820
[ios-render] screen=820x410 render=1640x820
[ios-render] screen=820x410 render=1640x820
[ios-render] screen=820x410 render=1640x820
[ios-render] screen=820x410 render=1640x820
[ios-render] screen=820x410 render=1640x820
[ios-render] screen=820x410 render=1640x820
[ios-render] screen=820x410 render=1640x820
[ios-render] screen=820x410 render=1640x820
[ios-render] screen=820x410 render=1640x820
[ios-render] screen=820x410 render=1640x820
[ios-render] screen=820x410 render=1640x820
[ios-render] screen=820x410 render=1640x820
[ios-render] screen=820x410 render=1640x820
[ios-render] screen=820x410 render=1640x820
[ios-render] screen=820x410 render=1640x820
[ios-render] screen=820x410 render=1640x820
[ios-render] screen=820x410 render=1640x820
[ios-render] screen=820x410 render=1640x820
[ios-render] screen=820x410 render=1640x820
[ios-render] screen=820x410 render=1640x820
[ios-render] screen=820x410 render=1640x820
[ios-render] screen=820x410 render=1640x820
[ios-render] screen=820x410 render=1640x820
[ios-render] screen=820x410 render=1640x820
[ios-render] screen=820x410 render=1640x820
[ios-render] screen=820x410 render=1640x820
[ios-render] screen=820x410 render=1640x820
[ios-render] screen=820x410 render=1640x820
[ios-render] screen=820x410 render=1640x820
[ios-render] screen=820x410 render=1640x820
[ios-render] screen=820x410 render=1640x820
[ios-render] screen=820x410 render=1640x820
[ios-render] screen=820x410 render=1640x820
[ios-render] screen=820x410 render=1640x820
[ios-render] screen=820x410 render=1640x820
[ios-render] screen=820x410 render=1640x820
[ios-render] screen=820x410 render=1640x820
[ios-render] screen=820x410 render=1640x820
[ios-render] screen=820x410 render=1640x820
[ios-render] screen=820x410 render=1640x820
[ios-render] screen=820x410 render=1640x820
[ios-render] screen=820x410 render=1640x820
[ios-render] screen=820x410 render=1640x820
[ios-render] screen=820x410 render=1640x820
[ios-render] screen=820x410 render=1640x820
[ios-render] screen=820x410 render=1640x820
[ios-render] screen=820x410 render=1640x820
[ios-render] screen=820x410 render=1640x820
[ios-render] screen=820x410 render=1640x820
[ios-render] screen=820x410 render=1640x820
[ios-render] screen=820x410 render=1640x820
[ios-render] screen=820x410 render=1640x820
[ios-render] screen=820x410 render=1640x820
[ios-render] screen=820x410 render=1640x820
[ios-render] screen=820x410 render=1640x820
[ios-render] screen=820x410 render=1640x820
[ios-render] screen=820x410 render=1640x820
[ios-render] screen=820x410 render=1640x820
[ios-render] screen=820x410 render=1640x820
[ios-render] screen=820x410 render=1640x820
[ios-render] screen=820x410 render=1640x820
[ios-render] screen=820x410 render=1640x820
[ios-render] screen=820x410 render=1640x820
[ios-render] screen=820x410 render=1640x820
[ios-render] screen=820x410 render=1640x820
[ios-render] screen=820x410 render=1640x820
[ios-render] screen=820x410 render=1640x820
[ios-render] screen=820x410 render=1640x820
[ios-render] screen=820x410 render=1640x820
[ios-render] screen=820x410 render=1640x820
[ios-render] screen=820x410 render=1640x820
[ios-render] screen=820x410 render=1640x820
[ios-render] screen=820x410 render=1640x820
[ios-render] screen=820x410 render=1640x820
[ios-render] screen=820x410 render=1640x820
[ios-render] screen=820x410 render=1640x820
[ios-render] screen=820x410 render=1640x820
[ios-render] screen=820x410 render=1640x820
[ios-render] screen=820x410 render=1640x820
[ios-render] screen=820x410 render=1640x820
[ios-render] screen=820x410 render=1640x820
[ios-render] screen=820x410 render=1640x820
[ios-render] screen=820x410 render=1640x820
[ios-render] screen=820x410 render=1640x820
[ios-render] screen=820x410 render=1640x820
[ios-render] screen=820x410 render=1640x820
[vsync-rate] tick=261 rate=52.19/s (0.871x of 59.94)
[ios-render] screen=820x410 render=1640x820
[ios-render] screen=820x410 render=1640x820
[ios-render] screen=820x410 render=1640x820
[ios-render] screen=820x410 render=1640x820
[ios-render] screen=820x410 render=1640x820
[ios-render] screen=820x410 render=1640x820
[ios-render] screen=820x410 render=1640x820
[ios-render] screen=820x410 render=1640x820
[ios-render] screen=820x410 render=1640x820
[ios-render] screen=820x410 render=1640x820
[ios-render] screen=820x410 render=1640x820
[ios-render] screen=820x410 render=1640x820
[ios-render] screen=820x410 render=1640x820
[ios-render] screen=820x410 render=1640x820
[ios-render] screen=820x410 render=1640x820
[ios-render] screen=820x410 render=1640x820
[ios-render] screen=820x410 render=1640x820
[ios-render] screen=820x410 render=1640x820
[ios-render] screen=820x410 render=1640x820
[ios-render] screen=820x410 render=1640x820
[ios-render] screen=820x410 render=1640x820
[ios-render] screen=820x410 render=1640x820
[ios-render] screen=820x410 render=1640x820
[ios-render] screen=820x410 render=1640x820
[ios-render] screen=820x410 render=1640x820
[ios-render] screen=820x410 render=1640x820
[ios-render] screen=820x410 render=1640x820
[ios-render] screen=820x410 render=1640x820
[ios-render] screen=820x410 render=1640x820
[ios-render] screen=820x410 render=1640x820
[ios-render] screen=820x410 render=1640x820
[ios-render] screen=820x410 render=1640x820
[ios-render] screen=820x410 render=1640x820
[ios-render] screen=820x410 render=1640x820
[ios-render] screen=820x410 render=1640x820
[ios-render] screen=820x410 render=1640x820
[ios-render] screen=820x410 render=1640x820
[ios-render] screen=820x410 render=1640x820
[ios-render] screen=820x410 render=1640x820
[ios-render] screen=820x410 render=1640x820
[ios-render] screen=820x410 render=1640x820
[ios-render] screen=820x410 render=1640x820
[ios-render] screen=820x410 render=1640x820
[ios-render] screen=820x410 render=1640x820
[ios-render] screen=820x410 render=1640x820
[ios-render] screen=820x410 render=1640x820
[ios-render] screen=820x410 render=1640x820
[ios-render] screen=820x410 render=1640x820
[ios-render] screen=820x410 render=1640x820
[ios-render] screen=820x410 render=1640x820
[ios-render] screen=820x410 render=1640x820
[ios-render] screen=820x410 render=1640x820
[ios-render] screen=820x410 render=1640x820
[ios-render] screen=820x410 render=1640x820
[ios-render] screen=820x410 render=1640x820
[ios-render] screen=820x410 render=1640x820
[ios-render] screen=820x410 render=1640x820
[ios-render] screen=820x410 render=1640x820
[ios-render] screen=820x410 render=1640x820
[ios-render] screen=820x410 render=1640x820
[ios-render] screen=820x410 render=1640x820
[ios-render] screen=820x410 render=1640x820
[ios-render] screen=820x410 render=1640x820
[ios-render] screen=820x410 render=1640x820
[ios-render] screen=820x410 render=1640x820
[ios-render] screen=820x410 render=1640x820
[ios-render] screen=820x410 render=1640x820
[ios-render] screen=820x410 render=1640x820
[ios-render] screen=820x410 render=1640x820
[ios-render] screen=820x410 render=1640x820
[ios-render] screen=820x410 render=1640x820
[ios-render] screen=820x410 render=1640x820
[ios-render] screen=820x410 render=1640x820
[ios-render] screen=820x410 render=1640x820
[ios-render] screen=820x410 render=1640x820
[ios-render] screen=820x410 render=1640x820
[ios-render] screen=820x410 render=1640x820
[ios-render] screen=820x410 render=1640x820
[ios-render] screen=820x410 render=1640x820
[ios-render] screen=820x410 render=1640x820
[ios-render] screen=820x410 render=1640x820
[ios-render] screen=820x410 render=1640x820
[ios-render] screen=820x410 render=1640x820
[ios-render] screen=820x410 render=1640x820
[ios-render] screen=820x410 render=1640x820
[ios-render] screen=820x410 render=1640x820
[ios-render] screen=820x410 render=1640x820
[ios-render] screen=820x410 render=1640x820
[ios-render] screen=820x410 render=1640x820
[ios-render] screen=820x410 render=1640x820
[ios-render] screen=820x410 render=1640x820
[ios-render] screen=820x410 render=1640x820
[ios-render] screen=820x410 render=1640x820
[ios-render] screen=820x410 render=1640x820
[ios-render] screen=820x410 render=1640x820
[ios-render] screen=820x410 render=1640x820
[ios-render] screen=820x410 render=1640x820
[ios-render] screen=820x410 render=1640x820
[ios-render] screen=820x410 render=1640x820
[ios-render] screen=820x410 render=1640x820
[ios-render] screen=820x410 render=1640x820
[ios-render] screen=820x410 render=1640x820
[ios-render] screen=820x410 render=1640x820
[ios-render] screen=820x410 render=1640x820
[ios-render] screen=820x410 render=1640x820
[ios-render] screen=820x410 render=1640x820
[ios-render] screen=820x410 render=1640x820
[ios-render] screen=820x410 render=1640x820
[ios-render] screen=820x410 render=1640x820
[ios-render] screen=820x410 render=1640x820
[ios-render] screen=820x410 render=1640x820
[ios-render] screen=820x410 render=1640x820
[ios-render] screen=820x410 render=1640x820
[ios-render] screen=820x410 render=1640x820
[ios-render] screen=820x410 render=1640x820
[ios-render] screen=820x410 render=1640x820
[ios-render] screen=820x410 render=1640x820
[ios-render] screen=820x410 render=1640x820
[ios-render] screen=820x410 render=1640x820
[ios-render] screen=820x410 render=1640x820
[ios-render] screen=820x410 render=1640x820
[ios-render] screen=820x410 render=1640x820
[ios-render] screen=820x410 render=1640x820
[ios-render] screen=820x410 render=1640x820
[ios-render] screen=820x410 render=1640x820
[ios-render] screen=820x410 render=1640x820
[ios-render] screen=820x410 render=1640x820
[ios-render] screen=820x410 render=1640x820
[ios-render] screen=820x410 render=1640x820
[ios-render] screen=820x410 render=1640x820
[ios-render] screen=820x410 render=1640x820
[ios-render] screen=820x410 render=1640x820
[ios-render] screen=820x410 render=1640x820
[ios-render] screen=820x410 render=1640x820
[ios-render] screen=820x410 render=1640x820
[ios-render] screen=820x410 render=1640x820
[ios-render] screen=820x410 render=1640x820
[ios-render] screen=820x410 render=1640x820
[ios-render] screen=820x410 render=1640x820
[ios-render] screen=820x410 render=1640x820
[ios-render] screen=820x410 render=1640x820
[ios-render] screen=820x410 render=1640x820
[ios-render] screen=820x410 render=1640x820
[ios-render] screen=820x410 render=1640x820
[ios-render] screen=820x410 render=1640x820
[ios-render] screen=820x410 render=1640x820
[ios-render] screen=820x410 render=1640x820
[ios-render] screen=820x410 render=1640x820
[ios-render] screen=820x410 render=1640x820
[ios-render] screen=820x410 render=1640x820
[ios-render] screen=820x410 render=1640x820
[ios-render] screen=820x410 render=1640x820
[ios-render] screen=820x410 render=1640x820
[ios-render] screen=820x410 render=1640x820
[ios-render] screen=820x410 render=1640x820
[ios-render] screen=820x410 render=1640x820
[ios-render] screen=820x410 render=1640x820
[ios-render] screen=820x410 render=1640x820
[ios-render] screen=820x410 render=1640x820
[ios-render] screen=820x410 render=1640x820
[ios-render] screen=820x410 render=1640x820
[ios-render] screen=820x410 render=1640x820
[ios-render] screen=820x410 render=1640x820
[ios-render] screen=820x410 render=1640x820
[ios-render] screen=820x410 render=1640x820
[ios-render] screen=820x410 render=1640x820
[ios-render] screen=820x410 render=1640x820
[ios-render] screen=820x410 render=1640x820
[ios-render] screen=820x410 render=1640x820
[ios-render] screen=820x410 render=1640x820
[ios-render] screen=820x410 render=1640x820
[ios-render] screen=820x410 render=1640x820
[ios-render] screen=820x410 render=1640x820
[ios-render] screen=820x410 render=1640x820
[ios-render] screen=820x410 render=1640x820
[ios-render] screen=820x410 render=1640x820
[ios-render] screen=820x410 render=1640x820
[ios-render] screen=820x410 render=1640x820
[ios-render] screen=820x410 render=1640x820
[ios-render] screen=820x410 render=1640x820
[ios-render] screen=820x410 render=1640x820
[ios-render] screen=820x410 render=1640x820
[ios-render] screen=820x410 render=1640x820
[ios-render] screen=820x410 render=1640x820
[ios-render] screen=820x410 render=1640x820
[ios-render] screen=820x410 render=1640x820
[ios-render] screen=820x410 render=1640x820
[ios-render] screen=820x410 render=1640x820
[ios-render] screen=820x410 render=1640x820
[ios-render] screen=820x410 render=1640x820
[ios-render] screen=820x410 render=1640x820
[ios-render] screen=820x410 render=1640x820
[ios-render] screen=820x410 render=1640x820
[ios-render] screen=820x410 render=1640x820
[ios-render] screen=820x410 render=1640x820
[ios-render] screen=820x410 render=1640x820
[ios-render] screen=820x410 render=1640x820
[ios-render] screen=820x410 render=1640x820
[ios-render] screen=820x410 render=1640x820
[ios-render] screen=820x410 render=1640x820
[ios-render] screen=820x410 render=1640x820
[ios-render] screen=820x410 render=1640x820
[ios-render] screen=820x410 render=1640x820
[ios-render] screen=820x410 render=1640x820
[ios-render] screen=820x410 render=1640x820
[ios-render] screen=820x410 render=1640x820
[ios-render] screen=820x410 render=1640x820
[ios-render] screen=820x410 render=1640x820
[ios-render] screen=820x410 render=1640x820
[ios-render] screen=820x410 render=1640x820
[ios-render] screen=820x410 render=1640x820
[ios-render] screen=820x410 render=1640x820
[ios-render] screen=820x410 render=1640x820
[ios-render] screen=820x410 render=1640x820
[ios-render] screen=820x410 render=1640x820
[ios-render] screen=820x410 render=1640x820
[ios-render] screen=820x410 render=1640x820
[ios-render] screen=820x410 render=1640x820
[ios-render] screen=820x410 render=1640x820
[ios-render] screen=820x410 render=1640x820
[ios-render] screen=820x410 render=1640x820
[ios-render] screen=820x410 render=1640x820
[ios-render] screen=820x410 render=1640x820
[ios-render] screen=820x410 render=1640x820
[ios-render] screen=820x410 render=1640x820
[ios-render] screen=820x410 render=1640x820
[ios-render] screen=820x410 render=1640x820
[ios-render] screen=820x410 render=1640x820
[ios-render] screen=820x410 render=1640x820
[ios-render] screen=820x410 render=1640x820
[ios-render] screen=820x410 render=1640x820
[ios-render] screen=820x410 render=1640x820
[ios-render] screen=820x410 render=1640x820
[ios-render] screen=820x410 render=1640x820
[ios-render] screen=820x410 render=1640x820
[ios-render] screen=820x410 render=1640x820
[ios-render] screen=820x410 render=1640x820
[ios-render] screen=820x410 render=1640x820
[ios-render] screen=820x410 render=1640x820
[ios-render] screen=820x410 render=1640x820
[ios-render] screen=820x410 render=1640x820
[ios-render] screen=820x410 render=1640x820
[ios-render] screen=820x410 render=1640x820
[ios-render] screen=820x410 render=1640x820
[ios-render] screen=820x410 render=1640x820
[ios-render] screen=820x410 render=1640x820
[ios-render] screen=820x410 render=1640x820
[ios-render] screen=820x410 render=1640x820
[ios-render] screen=820x410 render=1640x820
[ios-render] screen=820x410 render=1640x820
[ios-render] screen=820x410 render=1640x820
[ios-render] screen=820x410 render=1640x820
[ios-render] screen=820x410 render=1640x820
[ios-render] screen=820x410 render=1640x820
[ios-render] screen=820x410 render=1640x820
[ios-render] screen=820x410 render=1640x820
[ios-render] screen=820x410 render=1640x820
[ios-render] screen=820x410 render=1640x820
[ios-render] screen=820x410 render=1640x820
[ios-render] screen=820x410 render=1640x820
[ios-render] screen=820x410 render=1640x820
[ios-render] screen=820x410 render=1640x820
[ios-render] screen=820x410 render=1640x820
[ios-render] screen=820x410 render=1640x820
[ios-render] screen=820x410 render=1640x820
[ios-render] screen=820x410 render=1640x820
[ios-render] screen=820x410 render=1640x820
[ios-render] screen=820x410 render=1640x820
[ios-render] screen=820x410 render=1640x820
[ios-render] screen=820x410 render=1640x820
[ios-render] screen=820x410 render=1640x820
[ios-render] screen=820x410 render=1640x820
[ios-render] screen=820x410 render=1640x820
[ios-render] screen=820x410 render=1640x820
[ios-render] screen=820x410 render=1640x820
[ios-render] screen=820x410 render=1640x820
[ios-render] screen=820x410 render=1640x820
[ios-render] screen=820x410 render=1640x820
[ios-render] screen=820x410 render=1640x820
[ios-render] screen=820x410 render=1640x820
[ios-render] screen=820x410 render=1640x820
[ios-render] screen=820x410 render=1640x820
[ios-render] screen=820x410 render=1640x820
[ios-render] screen=820x410 render=1640x820
[ios-render] screen=820x410 render=1640x820
[ios-render] screen=820x410 render=1640x820
[ios-render] screen=820x410 render=1640x820
[ios-render] screen=820x410 render=1640x820
[ios-render] screen=820x410 render=1640x820
[ios-render] screen=820x410 render=1640x820
[ios-render] screen=820x410 render=1640x820
[ios-render] screen=820x410 render=1640x820
[ios-render] screen=820x410 render=1640x820
[vsync-rate] tick=350 rate=17.77/s (0.297x of 59.94)
[ios-render] screen=820x410 render=1640x820
[ios-render] screen=820x410 render=1640x820
[ios-render] screen=820x410 render=1640x820
[ios-render] screen=820x410 render=1640x820
[ios-render] screen=820x410 render=1640x820
[ios-render] screen=820x410 render=1640x820
[ios-render] screen=820x410 render=1640x820
[ios-render] screen=820x410 render=1640x820
[ios-render] screen=820x410 render=1640x820
[ios-render] screen=820x410 render=1640x820
[ios-render] screen=820x410 render=1640x820
[ios-render] screen=820x410 render=1640x820
[ios-render] screen=820x410 render=1640x820
[ios-render] screen=820x410 render=1640x820
[ios-render] screen=820x410 render=1640x820
[ios-render] screen=820x410 render=1640x820
[ios-render] screen=820x410 render=1640x820
[ios-render] screen=820x410 render=1640x820
[ios-render] screen=820x410 render=1640x820
[ios-render] screen=820x410 render=1640x820
[ios-render] screen=820x410 render=1640x820
[ios-render] screen=820x410 render=1640x820
[ios-render] screen=820x410 render=1640x820
[ios-render] screen=820x410 render=1640x820
[ios-render] screen=820x410 render=1640x820
[ios-render] screen=820x410 render=1640x820
[ios-render] screen=820x410 render=1640x820
[ios-render] screen=820x410 render=1640x820
[ios-render] screen=820x410 render=1640x820
[ios-render] screen=820x410 render=1640x820
[ios-render] screen=820x410 render=1640x820
[ios-render] screen=820x410 render=1640x820
[ios-render] screen=820x410 render=1640x820
[ios-render] screen=820x410 render=1640x820
[ios-render] screen=820x410 render=1640x820
[ios-render] screen=820x410 render=1640x820
[ios-render] screen=820x410 render=1640x820
[ios-render] screen=820x410 render=1640x820
[ios-render] screen=820x410 render=1640x820
[ios-render] screen=820x410 render=1640x820
[ios-render] screen=820x410 render=1640x820
[ios-render] screen=820x410 render=1640x820
[ios-render] screen=820x410 render=1640x820
[ios-render] screen=820x410 render=1640x820
[ios-render] screen=820x410 render=1640x820
[ios-render] screen=820x410 render=1640x820
[ios-render] screen=820x410 render=1640x820
[ios-render] screen=820x410 render=1640x820
[ios-render] screen=820x410 render=1640x820
[ios-render] screen=820x410 render=1640x820
[ios-render] screen=820x410 render=1640x820
[ios-render] screen=820x410 render=1640x820
[ios-render] screen=820x410 render=1640x820
[ios-render] screen=820x410 render=1640x820
[ios-render] screen=820x410 render=1640x820
[ios-render] screen=820x410 render=1640x820
[ios-render] screen=820x410 render=1640x820
[ios-render] screen=820x410 render=1640x820
[ios-render] screen=820x410 render=1640x820
[ios-render] screen=820x410 render=1640x820
[ios-render] screen=820x410 render=1640x820
[ios-render] screen=820x410 render=1640x820
[ios-render] screen=820x410 render=1640x820
[ios-render] screen=820x410 render=1640x820
[ios-render] screen=820x410 render=1640x820
[ios-render] screen=820x410 render=1640x820
[ios-render] screen=820x410 render=1640x820
[ios-render] screen=820x410 render=1640x820
[ios-render] screen=820x410 render=1640x820
[ios-render] screen=820x410 render=1640x820
[ios-render] screen=820x410 render=1640x820
[ios-render] screen=820x410 render=1640x820
[ios-render] screen=820x410 render=1640x820
[ios-render] screen=820x410 render=1640x820
[ios-render] screen=820x410 render=1640x820
[ios-render] screen=820x410 render=1640x820
[ios-render] screen=820x410 render=1640x820
[ios-render] screen=820x410 render=1640x820
[ios-render] screen=820x410 render=1640x820
[ios-render] screen=820x410 render=1640x820
[ios-render] screen=820x410 render=1640x820
[ios-render] screen=820x410 render=1640x820
[ios-render] screen=820x410 render=1640x820
[ios-render] screen=820x410 render=1640x820
[ios-render] screen=820x410 render=1640x820
[ios-render] screen=820x410 render=1640x820
[ios-render] screen=820x410 render=1640x820
[ios-render] screen=820x410 render=1640x820
[ios-render] screen=820x410 render=1640x820
[ios-render] screen=820x410 render=1640x820
[ios-render] screen=820x410 render=1640x820
[ios-render] screen=820x410 render=1640x820
[ios-render] screen=820x410 render=1640x820
[ios-render] screen=820x410 render=1640x820
[ios-render] screen=820x410 render=1640x820
[ios-render] screen=820x410 render=1640x820
[ios-render] screen=820x410 render=1640x820
[ios-render] screen=820x410 render=1640x820
[ios-render] screen=820x410 render=1640x820
[ios-render] screen=820x410 render=1640x820
[ios-render] screen=820x410 render=1640x820
[ios-render] screen=820x410 render=1640x820
[ios-render] screen=820x410 render=1640x820
[ios-render] screen=820x410 render=1640x820
[ios-render] screen=820x410 render=1640x820
[ios-render] screen=820x410 render=1640x820
[ios-render] screen=820x410 render=1640x820
[ios-render] screen=820x410 render=1640x820
[ios-render] screen=820x410 render=1640x820
[ios-render] screen=820x410 render=1640x820
[ios-render] screen=820x410 render=1640x820
[ios-render] screen=820x410 render=1640x820
[ios-render] screen=820x410 render=1640x820
[ios-render] screen=820x410 render=1640x820
[ios-render] screen=820x410 render=1640x820
[ios-render] screen=820x410 render=1640x820
[ios-render] screen=820x410 render=1640x820
[ios-render] screen=820x410 render=1640x820
[ios-render] screen=820x410 render=1640x820
[ios-render] screen=820x410 render=1640x820
[ios-render] screen=820x410 render=1640x820
[ios-render] screen=820x410 render=1640x820
[ios-render] screen=820x410 render=1640x820
[ios-render] screen=820x410 render=1640x820
[ios-render] screen=820x410 render=1640x820
[ios-render] screen=820x410 render=1640x820
[ios-render] screen=820x410 render=1640x820
[ios-render] screen=820x410 render=1640x820
[ios-render] screen=820x410 render=1640x820
[ios-render] screen=820x410 render=1640x820
[ios-render] screen=820x410 render=1640x820
[ios-render] screen=820x410 render=1640x820
[ios-render] screen=820x410 render=1640x820
[ios-render] screen=820x410 render=1640x820
[ios-render] screen=820x410 render=1640x820
[ios-render] screen=820x410 render=1640x820
[ios-render] screen=820x410 render=1640x820
[ios-render] screen=820x410 render=1640x820
[ios-render] screen=820x410 render=1640x820
[ios-render] screen=820x410 render=1640x820
[ios-render] screen=820x410 render=1640x820
[ios-render] screen=820x410 render=1640x820
[ios-render] screen=820x410 render=1640x820
[ios-render] screen=820x410 render=1640x820
[ios-render] screen=820x410 render=1640x820
[ios-render] screen=820x410 render=1640x820
[ios-render] screen=820x410 render=1640x820
[ios-render] screen=820x410 render=1640x820
[ios-render] screen=820x410 render=1640x820
[ios-render] screen=820x410 render=1640x820
[ios-render] screen=820x410 render=1640x820
[ios-render] screen=820x410 render=1640x820
[ios-render] screen=820x410 render=1640x820
[ios-render] screen=820x410 render=1640x820
[ios-render] screen=820x410 render=1640x820
[ios-render] screen=820x410 render=1640x820
[ios-render] screen=820x410 render=1640x820
[ios-render] screen=820x410 render=1640x820
[ios-render] screen=820x410 render=1640x820
[ios-render] screen=820x410 render=1640x820
[ios-render] screen=820x410 render=1640x820
[ios-render] screen=820x410 render=1640x820
[ios-render] screen=820x410 render=1640x820
[ios-render] screen=820x410 render=1640x820
[ios-render] screen=820x410 render=1640x820
[ios-render] screen=820x410 render=1640x820
[ios-render] screen=820x410 render=1640x820
[ios-render] screen=820x410 render=1640x820
[ios-render] screen=820x410 render=1640x820
[ios-render] screen=820x410 render=1640x820
[ios-render] screen=820x410 render=1640x820
[ios-render] screen=820x410 render=1640x820
[ios-render] screen=820x410 render=1640x820
[ios-render] screen=820x410 render=1640x820
[ios-render] screen=820x410 render=1640x820
[ios-render] screen=820x410 render=1640x820
[ios-render] screen=820x410 render=1640x820
[ios-render] screen=820x410 render=1640x820
[ios-render] screen=820x410 render=1640x820
[ios-render] screen=820x410 render=1640x820
[ios-render] screen=820x410 render=1640x820
[ios-render] screen=820x410 render=1640x820
[ios-render] screen=820x410 render=1640x820
[ios-render] screen=820x410 render=1640x820
[ios-render] screen=820x410 render=1640x820
[ios-render] screen=820x410 render=1640x820
[ios-render] screen=820x410 render=1640x820
[ios-render] screen=820x410 render=1640x820
[ios-render] screen=820x410 render=1640x820
[ios-render] screen=820x410 render=1640x820
[ios-render] screen=820x410 render=1640x820
[ios-render] screen=820x410 render=1640x820
[ios-render] screen=820x410 render=1640x820
[ios-render] screen=820x410 render=1640x820
[ios-render] screen=820x410 render=1640x820
[ios-render] screen=820x410 render=1640x820
[ios-render] screen=820x410 render=1640x820
[ios-render] screen=820x410 render=1640x820
[ios-render] screen=820x410 render=1640x820
[ios-render] screen=820x410 render=1640x820
[ios-render] screen=820x410 render=1640x820
[ios-render] screen=820x410 render=1640x820
[ios-render] screen=820x410 render=1640x820
[ios-render] screen=820x410 render=1640x820
[ios-render] screen=820x410 render=1640x820
[ios-render] screen=820x410 render=1640x820
[ios-render] screen=820x410 render=1640x820
[ios-render] screen=820x410 render=1640x820
[ios-render] screen=820x410 render=1640x820
[ios-render] screen=820x410 render=1640x820
[ios-render] screen=820x410 render=1640x820
[ios-render] screen=820x410 render=1640x820
[ios-render] screen=820x410 render=1640x820
[ios-render] screen=820x410 render=1640x820
[ios-render] screen=820x410 render=1640x820
[ios-render] screen=820x410 render=1640x820
[ios-render] screen=820x410 render=1640x820
[ios-render] screen=820x410 render=1640x820
[ios-render] screen=820x410 render=1640x820
[ios-render] screen=820x410 render=1640x820
[ios-render] screen=820x410 render=1640x820
[ios-render] screen=820x410 render=1640x820
[ios-render] screen=820x410 render=1640x820
[ios-render] screen=820x410 render=1640x820
[ios-render] screen=820x410 render=1640x820
[ios-render] screen=820x410 render=1640x820
[ios-render] screen=820x410 render=1640x820
[ios-render] screen=820x410 render=1640x820
[ios-render] screen=820x410 render=1640x820
[ios-render] screen=820x410 render=1640x820
[ios-render] screen=820x410 render=1640x820
[ios-render] screen=820x410 render=1640x820
[ios-render] screen=820x410 render=1640x820
[ios-render] screen=820x410 render=1640x820
[ios-render] screen=820x410 render=1640x820
[ios-render] screen=820x410 render=1640x820
[ios-render] screen=820x410 render=1640x820
[ios-render] screen=820x410 render=1640x820
[ios-render] screen=820x410 render=1640x820
[ios-render] screen=820x410 render=1640x820
[ios-render] screen=820x410 render=1640x820
[ios-render] screen=820x410 render=1640x820
[ios-render] screen=820x410 render=1640x820
[ios-render] screen=820x410 render=1640x820
[ios-render] screen=820x410 render=1640x820
[ios-render] screen=820x410 render=1640x820
[ios-render] screen=820x410 render=1640x820
[ios-render] screen=820x410 render=1640x820
[ios-render] screen=820x410 render=1640x820
[ios-render] screen=820x410 render=1640x820
[ios-render] screen=820x410 render=1640x820
[ios-render] screen=820x410 render=1640x820
[ios-render] screen=820x410 render=1640x820
[ios-render] screen=820x410 render=1640x820
[ios-render] screen=820x410 render=1640x820
[ios-render] screen=820x410 render=1640x820
[ios-render] screen=820x410 render=1640x820
[ios-render] screen=820x410 render=1640x820
[ios-render] screen=820x410 render=1640x820
[ios-render] screen=820x410 render=1640x820
[ios-render] screen=820x410 render=1640x820
[ios-render] screen=820x410 render=1640x820
[ios-render] screen=820x410 render=1640x820
[ios-render] screen=820x410 render=1640x820
[ios-render] screen=820x410 render=1640x820
[ios-render] screen=820x410 render=1640x820
[ios-render] screen=820x410 render=1640x820
[ios-render] screen=820x410 render=1640x820
[ios-render] screen=820x410 render=1640x820
[ios-render] screen=820x410 render=1640x820
[ios-render] screen=820x410 render=1640x820
[ios-render] screen=820x410 render=1640x820
[ios-render] screen=820x410 render=1640x820
[ios-render] screen=820x410 render=1640x820
[ios-render] screen=820x410 render=1640x820
[ios-render] screen=820x410 render=1640x820
[ios-render] screen=820x410 render=1640x820
[ios-render] screen=820x410 render=1640x820
[ios-render] screen=820x410 render=1640x820
[ios-render] screen=820x410 render=1640x820
[ios-render] screen=820x410 render=1640x820
[ios-render] screen=820x410 render=1640x820
[ios-render] screen=820x410 render=1640x820
[ios-render] screen=820x410 render=1640x820
[ios-render] screen=820x410 render=1640x820
[ios-render] screen=820x410 render=1640x820
[ios-render] screen=820x410 render=1640x820
[ios-render] screen=820x410 render=1640x820
[ios-render] screen=820x410 render=1640x820
[ios-render] screen=820x410 render=1640x820
[ios-render] screen=820x410 render=1640x820
[ios-render] screen=820x410 render=1640x820
[ios-render] screen=820x410 render=1640x820
[vsync-rate] tick=441 rate=18.16/s (0.303x of 59.94)
[ios-render] screen=820x410 render=1640x820
[ios-render] screen=820x410 render=1640x820
[ios-render] screen=820x410 render=1640x820
[ios-render] screen=820x410 render=1640x820
[ios-render] screen=820x410 render=1640x820
[ios-render] screen=820x410 render=1640x820
[ios-render] screen=820x410 render=1640x820
[ios-render] screen=820x410 render=1640x820
[ios-render] screen=820x410 render=1640x820
[ios-render] screen=820x410 render=1640x820
[ios-render] screen=820x410 render=1640x820
[ios-render] screen=820x410 render=1640x820
[ios-render] screen=820x410 render=1640x820
[ios-render] screen=820x410 render=1640x820
[ios-render] screen=820x410 render=1640x820
[ios-render] screen=820x410 render=1640x820
[ios-render] screen=820x410 render=1640x820
[ios-render] screen=820x410 render=1640x820
[ios-render] screen=820x410 render=1640x820
[ios-render] screen=820x410 render=1640x820
[ios-render] screen=820x410 render=1640x820
[ios-render] screen=820x410 render=1640x820
[ios-render] screen=820x410 render=1640x820
[ios-render] screen=820x410 render=1640x820
[ios-render] screen=820x410 render=1640x820
[ios-render] screen=820x410 render=1640x820
[ios-render] screen=820x410 render=1640x820
[ios-render] screen=820x410 render=1640x820
[ios-render] screen=820x410 render=1640x820
[ios-render] screen=820x410 render=1640x820
[ios-render] screen=820x410 render=1640x820
[ios-render] screen=820x410 render=1640x820
[ios-render] screen=820x410 render=1640x820
[ios-render] screen=820x410 render=1640x820
[ios-render] screen=820x410 render=1640x820
[ios-render] screen=820x410 render=1640x820
[ios-render] screen=820x410 render=1640x820
[ios-render] screen=820x410 render=1640x820
[ios-render] screen=820x410 render=1640x820
[ios-render] screen=820x410 render=1640x820
[ios-render] screen=820x410 render=1640x820
[ios-render] screen=820x410 render=1640x820
[ios-render] screen=820x410 render=1640x820
[ios-render] screen=820x410 render=1640x820
[ios-render] screen=820x410 render=1640x820
[ios-render] screen=820x410 render=1640x820
[ios-render] screen=820x410 render=1640x820
[ios-render] screen=820x410 render=1640x820
[ios-render] screen=820x410 render=1640x820
[ios-render] screen=820x410 render=1640x820
[ios-render] screen=820x410 render=1640x820
[ios-render] screen=820x410 render=1640x820
[ios-render] screen=820x410 render=1640x820
[ios-render] screen=820x410 render=1640x820
[ios-render] screen=820x410 render=1640x820
[ios-render] screen=820x410 render=1640x820
[ios-render] screen=820x410 render=1640x820
[ios-render] screen=820x410 render=1640x820
[ios-render] screen=820x410 render=1640x820
[ios-render] screen=820x410 render=1640x820
[ios-render] screen=820x410 render=1640x820
[ios-render] screen=820x410 render=1640x820
[ios-render] screen=820x410 render=1640x820
[ios-render] screen=820x410 render=1640x820
[ios-render] screen=820x410 render=1640x820
[ios-render] screen=820x410 render=1640x820
[ios-render] screen=820x410 render=1640x820
[ios-render] screen=820x410 render=1640x820
[ios-render] screen=820x410 render=1640x820
[ios-render] screen=820x410 render=1640x820
[ios-render] screen=820x410 render=1640x820
[ios-render] screen=820x410 render=1640x820
[ios-render] screen=820x410 render=1640x820
[ios-render] screen=820x410 render=1640x820
[ios-render] screen=820x410 render=1640x820
[ios-render] screen=820x410 render=1640x820
[ios-render] screen=820x410 render=1640x820
[ios-render] screen=820x410 render=1640x820
[ios-render] screen=820x410 render=1640x820
[ios-render] screen=820x410 render=1640x820
[ios-render] screen=820x410 render=1640x820
[ios-render] screen=820x410 render=1640x820
[ios-render] screen=820x410 render=1640x820
[ios-render] screen=820x410 render=1640x820
[ios-render] screen=820x410 render=1640x820
[ios-render] screen=820x410 render=1640x820
[ios-render] screen=820x410 render=1640x820
[ios-render] screen=820x410 render=1640x820
[ios-render] screen=820x410 render=1640x820
[ios-render] screen=820x410 render=1640x820
[ios-render] screen=820x410 render=1640x820
[ios-render] screen=820x410 render=1640x820
[ios-render] screen=820x410 render=1640x820
[ios-render] screen=820x410 render=1640x820
[ios-render] screen=820x410 render=1640x820
[ios-render] screen=820x410 render=1640x820
[ios-render] screen=820x410 render=1640x820
[ios-render] screen=820x410 render=1640x820
[ios-render] screen=820x410 render=1640x820
[ios-render] screen=820x410 render=1640x820
[ios-render] screen=820x410 render=1640x820
[ios-render] screen=820x410 render=1640x820
[ios-render] screen=820x410 render=1640x820
[ios-render] screen=820x410 render=1640x820
[ios-render] screen=820x410 render=1640x820
[ios-render] screen=820x410 render=1640x820
[ios-render] screen=820x410 render=1640x820
[ios-render] screen=820x410 render=1640x820
[ios-render] screen=820x410 render=1640x820
[ios-render] screen=820x410 render=1640x820
[ios-render] screen=820x410 render=1640x820
[ios-render] screen=820x410 render=1640x820
[ios-render] screen=820x410 render=1640x820
[ios-render] screen=820x410 render=1640x820
[ios-render] screen=820x410 render=1640x820
[ios-render] screen=820x410 render=1640x820
[ios-render] screen=820x410 render=1640x820
[ios-render] screen=820x410 render=1640x820
[ios-render] screen=820x410 render=1640x820
[ios-render] screen=820x410 render=1640x820
[ios-render] screen=820x410 render=1640x820
[ios-render] screen=820x410 render=1640x820
[ios-render] screen=820x410 render=1640x820
[ios-render] screen=820x410 render=1640x820
[ios-render] screen=820x410 render=1640x820
[ios-render] screen=820x410 render=1640x820
[ios-render] screen=820x410 render=1640x820
[ios-render] screen=820x410 render=1640x820
[ios-render] screen=820x410 render=1640x820
[ios-render] screen=820x410 render=1640x820
[ios-render] screen=820x410 render=1640x820
[ios-render] screen=820x410 render=1640x820
[ios-render] screen=820x410 render=1640x820
[ios-render] screen=820x410 render=1640x820
[ios-render] screen=820x410 render=1640x820
[ios-render] screen=820x410 render=1640x820
[ios-render] screen=820x410 render=1640x820
[ios-render] screen=820x410 render=1640x820
[ios-render] screen=820x410 render=1640x820
[ios-render] screen=820x410 render=1640x820
[ios-render] screen=820x410 render=1640x820
[ios-render] screen=820x410 render=1640x820
[ios-render] screen=820x410 render=1640x820
[ios-render] screen=820x410 render=1640x820
[ios-render] screen=820x410 render=1640x820
[ios-render] screen=820x410 render=1640x820
[ios-render] screen=820x410 render=1640x820
[ios-render] screen=820x410 render=1640x820
[ios-render] screen=820x410 render=1640x820
[ios-render] screen=820x410 render=1640x820
[ios-render] screen=820x410 render=1640x820
[ios-render] screen=820x410 render=1640x820
[ios-render] screen=820x410 render=1640x820
[ios-render] screen=820x410 render=1640x820
[ios-render] screen=820x410 render=1640x820
[ios-render] screen=820x410 render=1640x820
[ios-render] screen=820x410 render=1640x820
[ios-render] screen=820x410 render=1640x820
[ios-render] screen=820x410 render=1640x820
[ios-render] screen=820x410 render=1640x820
[ios-render] screen=820x410 render=1640x820
[ios-render] screen=820x410 render=1640x820
[ios-render] screen=820x410 render=1640x820
[ios-render] screen=820x410 render=1640x820
[ios-render] screen=820x410 render=1640x820
[ios-render] screen=820x410 render=1640x820
[ios-render] screen=820x410 render=1640x820
[ios-render] screen=820x410 render=1640x820
[ios-render] screen=820x410 render=1640x820
[ios-render] screen=820x410 render=1640x820
[ios-render] screen=820x410 render=1640x820
[ios-render] screen=820x410 render=1640x820
[ios-render] screen=820x410 render=1640x820
[ios-render] screen=820x410 render=1640x820
[ios-render] screen=820x410 render=1640x820
[ios-render] screen=820x410 render=1640x820
[ios-render] screen=820x410 render=1640x820
[ios-render] screen=820x410 render=1640x820
[ios-render] screen=820x410 render=1640x820
[ios-render] screen=820x410 render=1640x820
[ios-render] screen=820x410 render=1640x820
[ios-render] screen=820x410 render=1640x820
[ios-render] screen=820x410 render=1640x820
[ios-render] screen=820x410 render=1640x820
[ios-render] screen=820x410 render=1640x820
[ios-render] screen=820x410 render=1640x820
[ios-render] screen=820x410 render=1640x820
[ios-render] screen=820x410 render=1640x820
[ios-render] screen=820x410 render=1640x820
[ios-render] screen=820x410 render=1640x820
[ios-render] screen=820x410 render=1640x820
[ios-render] screen=820x410 render=1640x820
[ios-render] screen=820x410 render=1640x820
[ios-render] screen=820x410 render=1640x820
[ios-render] screen=820x410 render=1640x820
[ios-render] screen=820x410 render=1640x820
[ios-render] screen=820x410 render=1640x820
[ios-render] screen=820x410 render=1640x820
[ios-render] screen=820x410 render=1640x820
[ios-render] screen=820x410 render=1640x820
[ios-render] screen=820x410 render=1640x820
[ios-render] screen=820x410 render=1640x820
[ios-render] screen=820x410 render=1640x820
[ios-render] screen=820x410 render=1640x820
[ios-render] screen=820x410 render=1640x820
[ios-render] screen=820x410 render=1640x820
[ios-render] screen=820x410 render=1640x820
[ios-render] screen=820x410 render=1640x820
[ios-render] screen=820x410 render=1640x820
[ios-render] screen=820x410 render=1640x820
[ios-render] screen=820x410 render=1640x820
[ios-render] screen=820x410 render=1640x820
[ios-render] screen=820x410 render=1640x820
[ios-render] screen=820x410 render=1640x820
[ios-render] screen=820x410 render=1640x820
[ios-render] screen=820x410 render=1640x820
[ios-render] screen=820x410 render=1640x820
[ios-render] screen=820x410 render=1640x820
[ios-render] screen=820x410 render=1640x820
[ios-render] screen=820x410 render=1640x820
[ios-render] screen=820x410 render=1640x820
[ios-render] screen=820x410 render=1640x820
[ios-render] screen=820x410 render=1640x820
[ios-render] screen=820x410 render=1640x820
[ios-render] screen=820x410 render=1640x820
[ios-render] screen=820x410 render=1640x820
[ios-render] screen=820x410 render=1640x820
[ios-render] screen=820x410 render=1640x820
[ios-render] screen=820x410 render=1640x820
[ios-render] screen=820x410 render=1640x820
[ios-render] screen=820x410 render=1640x820
[ios-render] screen=820x410 render=1640x820
[ios-render] screen=820x410 render=1640x820
[ios-render] screen=820x410 render=1640x820
[ios-render] screen=820x410 render=1640x820
[ios-render] screen=820x410 render=1640x820
[ios-render] screen=820x410 render=1640x820
[ios-render] screen=820x410 render=1640x820
[ios-render] screen=820x410 render=1640x820
[ios-render] screen=820x410 render=1640x820
[ios-render] screen=820x410 render=1640x820
[ios-render] screen=820x410 render=1640x820
[ios-render] screen=820x410 render=1640x820
[ios-render] screen=820x410 render=1640x820
[ios-render] screen=820x410 render=1640x820
[ios-render] screen=820x410 render=1640x820
[ios-render] screen=820x410 render=1640x820
[ios-render] screen=820x410 render=1640x820
[ios-render] screen=820x410 render=1640x820
[ios-render] screen=820x410 render=1640x820
[ios-render] screen=820x410 render=1640x820
[ios-render] screen=820x410 render=1640x820
[ios-render] screen=820x410 render=1640x820
[ios-render] screen=820x410 render=1640x820
[ios-render] screen=820x410 render=1640x820
[ios-render] screen=820x410 render=1640x820
[ios-render] screen=820x410 render=1640x820
[ios-render] screen=820x410 render=1640x820
[ios-render] screen=820x410 render=1640x820
[ios-render] screen=820x410 render=1640x820
[ios-render] screen=820x410 render=1640x820
[ios-render] screen=820x410 render=1640x820
[ios-render] screen=820x410 render=1640x820
[ios-render] screen=820x410 render=1640x820
[ios-render] screen=820x410 render=1640x820
[ios-render] screen=820x410 render=1640x820
[ios-render] screen=820x410 render=1640x820
[ios-render] screen=820x410 render=1640x820
[ios-render] screen=820x410 render=1640x820
[ios-render] screen=820x410 render=1640x820
[ios-render] screen=820x410 render=1640x820
[ios-render] screen=820x410 render=1640x820
[ios-render] screen=820x410 render=1640x820
[ios-render] screen=820x410 render=1640x820
[ios-render] screen=820x410 render=1640x820
[ios-render] screen=820x410 render=1640x820
[ios-render] screen=820x410 render=1640x820
[ios-render] screen=820x410 render=1640x820
[ios-render] screen=820x410 render=1640x820
[ios-render] screen=820x410 render=1640x820
[ios-render] screen=820x410 render=1640x820
[ios-render] screen=820x410 render=1640x820
[ios-render] screen=820x410 render=1640x820
[ios-render] screen=820x410 render=1640x820
[ios-render] screen=820x410 render=1640x820
[ios-render] screen=820x410 render=1640x820
[ios-render] screen=820x410 render=1640x820
[ios-render] screen=820x410 render=1640x820
[ios-render] screen=820x410 render=1640x820
[ios-render] screen=820x410 render=1640x820
[ios-render] screen=820x410 render=1640x820
[vsync-rate] tick=535 rate=18.78/s (0.313x of 59.94)
[ios-render] screen=820x410 render=1640x820
[ios-render] screen=820x410 render=1640x820
[ios-render] screen=820x410 render=1640x820
[ios-render] screen=820x410 render=1640x820
[ios-render] screen=820x410 render=1640x820
[ios-render] screen=820x410 render=1640x820
[ios-render] screen=820x410 render=1640x820
[ios-render] screen=820x410 render=1640x820
[ios-render] screen=820x410 render=1640x820
[ios-render] screen=820x410 render=1640x820
[ios-render] screen=820x410 render=1640x820
[ios-render] screen=820x410 render=1640x820
[ios-render] screen=820x410 render=1640x820
[ios-render] screen=820x410 render=1640x820
[ios-render] screen=820x410 render=1640x820
[ios-render] screen=820x410 render=1640x820
[ios-render] screen=820x410 render=1640x820
[ios-render] screen=820x410 render=1640x820
[ios-render] screen=820x410 render=1640x820
[ios-render] screen=820x410 render=1640x820
[ios-render] screen=820x410 render=1640x820
[ios-render] screen=820x410 render=1640x820
[ios-render] screen=820x410 render=1640x820
[ios-render] screen=820x410 render=1640x820
[ios-render] screen=820x410 render=1640x820
[ios-render] screen=820x410 render=1640x820
[ios-render] screen=820x410 render=1640x820
[ios-render] screen=820x410 render=1640x820
[ios-render] screen=820x410 render=1640x820
[ios-render] screen=820x410 render=1640x820
[ios-render] screen=820x410 render=1640x820
[ios-render] screen=820x410 render=1640x820
[ios-render] screen=820x410 render=1640x820
[ios-render] screen=820x410 render=1640x820
[ios-render] screen=820x410 render=1640x820
[ios-render] screen=820x410 render=1640x820
[ios-render] screen=820x410 render=1640x820
[ios-render] screen=820x410 render=1640x820
[ios-render] screen=820x410 render=1640x820
[ios-render] screen=820x410 render=1640x820
[ios-render] screen=820x410 render=1640x820
[ios-render] screen=820x410 render=1640x820
[ios-render] screen=820x410 render=1640x820
[ios-render] screen=820x410 render=1640x820
[ios-render] screen=820x410 render=1640x820
[ios-render] screen=820x410 render=1640x820
[ios-render] screen=820x410 render=1640x820
[ios-render] screen=820x410 render=1640x820
[ios-render] screen=820x410 render=1640x820
[ios-render] screen=820x410 render=1640x820
[ios-render] screen=820x410 render=1640x820
[ios-render] screen=820x410 render=1640x820
[ios-render] screen=820x410 render=1640x820
[ios-render] screen=820x410 render=1640x820
[ios-render] screen=820x410 render=1640x820
[ios-render] screen=820x410 render=1640x820
[ios-render] screen=820x410 render=1640x820
[ios-render] screen=820x410 render=1640x820
[ios-render] screen=820x410 render=1640x820
[ios-render] screen=820x410 render=1640x820
[ios-render] screen=820x410 render=1640x820
[ios-render] screen=820x410 render=1640x820
[ios-render] screen=820x410 render=1640x820
[ios-render] screen=820x410 render=1640x820
[ios-render] screen=820x410 render=1640x820
[ios-render] screen=820x410 render=1640x820
[ios-render] screen=820x410 render=1640x820
[ios-render] screen=820x410 render=1640x820
[ios-render] screen=820x410 render=1640x820
[ios-render] screen=820x410 render=1640x820
[ios-render] screen=820x410 render=1640x820
[ios-render] screen=820x410 render=1640x820
[ios-render] screen=820x410 render=1640x820
[ios-render] screen=820x410 render=1640x820
[ios-render] screen=820x410 render=1640x820
[ios-render] screen=820x410 render=1640x820
[ios-render] screen=820x410 render=1640x820
[ios-render] screen=820x410 render=1640x820
[ios-render] screen=820x410 render=1640x820
[ios-render] screen=820x410 render=1640x820
[ios-render] screen=820x410 render=1640x820
[ios-render] screen=820x410 render=1640x820
[ios-render] screen=820x410 render=1640x820
[ios-render] screen=820x410 render=1640x820
[ios-render] screen=820x410 render=1640x820
[ios-render] screen=820x410 render=1640x820
[ios-render] screen=820x410 render=1640x820
[ios-render] screen=820x410 render=1640x820
[ios-render] screen=820x410 render=1640x820
[ios-render] screen=820x410 render=1640x820
[ios-render] screen=820x410 render=1640x820
[ios-render] screen=820x410 render=1640x820
[ios-render] screen=820x410 render=1640x820
[ios-render] screen=820x410 render=1640x820
[ios-render] screen=820x410 render=1640x820
[ios-render] screen=820x410 render=1640x820
[ios-render] screen=820x410 render=1640x820
[ios-render] screen=820x410 render=1640x820
[ios-render] screen=820x410 render=1640x820
[ios-render] screen=820x410 render=1640x820
[ios-render] screen=820x410 render=1640x820
[ios-render] screen=820x410 render=1640x820
[ios-render] screen=820x410 render=1640x820
[ios-render] screen=820x410 render=1640x820
[ios-render] screen=820x410 render=1640x820
[ios-render] screen=820x410 render=1640x820
[ios-render] screen=820x410 render=1640x820
[ios-render] screen=820x410 render=1640x820
[ios-render] screen=820x410 render=1640x820
[ios-render] screen=820x410 render=1640x820
[ios-render] screen=820x410 render=1640x820
[ios-render] screen=820x410 render=1640x820
[ios-render] screen=820x410 render=1640x820
[ios-render] screen=820x410 render=1640x820
[ios-render] screen=820x410 render=1640x820
[ios-render] screen=820x410 render=1640x820
[ios-render] screen=820x410 render=1640x820
[ios-render] screen=820x410 render=1640x820
[ios-render] screen=820x410 render=1640x820
[ios-render] screen=820x410 render=1640x820
[ios-render] screen=820x410 render=1640x820
[ios-render] screen=820x410 render=1640x820
[ios-render] screen=820x410 render=1640x820
[ios-render] screen=820x410 render=1640x820
[ios-render] screen=820x410 render=1640x820
[ios-render] screen=820x410 render=1640x820
[ios-render] screen=820x410 render=1640x820
[ios-render] screen=820x410 render=1640x820
[ios-render] screen=820x410 render=1640x820
[ios-render] screen=820x410 render=1640x820
[ios-render] screen=820x410 render=1640x820
[ios-render] screen=820x410 render=1640x820
[ios-render] screen=820x410 render=1640x820
[ios-render] screen=820x410 render=1640x820
[ios-render] screen=820x410 render=1640x820
[ios-render] screen=820x410 render=1640x820
[ios-render] screen=820x410 render=1640x820
[ios-render] screen=820x410 render=1640x820
[ios-render] screen=820x410 render=1640x820
[ios-render] screen=820x410 render=1640x820
[ios-render] screen=820x410 render=1640x820
[ios-render] screen=820x410 render=1640x820
[ios-render] screen=820x410 render=1640x820
[ios-render] screen=820x410 render=1640x820
[ios-render] screen=820x410 render=1640x820
[ios-render] screen=820x410 render=1640x820
[ios-render] screen=820x410 render=1640x820
[ios-render] screen=820x410 render=1640x820
[ios-render] screen=820x410 render=1640x820
[ios-render] screen=820x410 render=1640x820
[ios-render] screen=820x410 render=1640x820
[ios-render] screen=820x410 render=1640x820
[ios-render] screen=820x410 render=1640x820
[ios-render] screen=820x410 render=1640x820
[ios-render] screen=820x410 render=1640x820
[ios-render] screen=820x410 render=1640x820
[ios-render] screen=820x410 render=1640x820
[ios-render] screen=820x410 render=1640x820
[ios-render] screen=820x410 render=1640x820
[ios-render] screen=820x410 render=1640x820
[ios-render] screen=820x410 render=1640x820
[ios-render] screen=820x410 render=1640x820
[ios-render] screen=820x410 render=1640x820
[ios-render] screen=820x410 render=1640x820
[ios-render] screen=820x410 render=1640x820
[ios-render] screen=820x410 render=1640x820
[ios-render] screen=820x410 render=1640x820
[ios-render] screen=820x410 render=1640x820
[ios-render] screen=820x410 render=1640x820
[ios-render] screen=820x410 render=1640x820
[ios-render] screen=820x410 render=1640x820
[ios-render] screen=820x410 render=1640x820
[ios-render] screen=820x410 render=1640x820
[ios-render] screen=820x410 render=1640x820
[ios-render] screen=820x410 render=1640x820
[ios-render] screen=820x410 render=1640x820
[ios-render] screen=820x410 render=1640x820
[ios-render] screen=820x410 render=1640x820
[ios-render] screen=820x410 render=1640x820
[ios-render] screen=820x410 render=1640x820
[ios-render] screen=820x410 render=1640x820
[ios-render] screen=820x410 render=1640x820
[ios-render] screen=820x410 render=1640x820
[ios-render] screen=820x410 render=1640x820
[ios-render] screen=820x410 render=1640x820
[ios-render] screen=820x410 render=1640x820
[ios-render] screen=820x410 render=1640x820
[ios-render] screen=820x410 render=1640x820
[ios-render] screen=820x410 render=1640x820
[ios-render] screen=820x410 render=1640x820
[ios-render] screen=820x410 render=1640x820
[ios-render] screen=820x410 render=1640x820
[ios-render] screen=820x410 render=1640x820
[ios-render] screen=820x410 render=1640x820
[ios-render] screen=820x410 render=1640x820
[ios-render] screen=820x410 render=1640x820
[ios-render] screen=820x410 render=1640x820
[ios-render] screen=820x410 render=1640x820
[ios-render] screen=820x410 render=1640x820
[ios-render] screen=820x410 render=1640x820
[ios-render] screen=820x410 render=1640x820
[ios-render] screen=820x410 render=1640x820
[ios-render] screen=820x410 render=1640x820
[ios-render] screen=820x410 render=1640x820
[ios-render] screen=820x410 render=1640x820
[ios-render] screen=820x410 render=1640x820
[ios-render] screen=820x410 render=1640x820
[ios-render] screen=820x410 render=1640x820
[ios-render] screen=820x410 render=1640x820
[ios-render] screen=820x410 render=1640x820
[ios-render] screen=820x410 render=1640x820
[ios-render] screen=820x410 render=1640x820
[ios-render] screen=820x410 render=1640x820
[ios-render] screen=820x410 render=1640x820
[ios-render] screen=820x410 render=1640x820
[ios-render] screen=820x410 render=1640x820
[ios-render] screen=820x410 render=1640x820
[ios-render] screen=820x410 render=1640x820
[ios-render] screen=820x410 render=1640x820
[ios-render] screen=820x410 render=1640x820
[ios-render] screen=820x410 render=1640x820
[ios-render] screen=820x410 render=1640x820
[ios-render] screen=820x410 render=1640x820
[ios-render] screen=820x410 render=1640x820
[ios-render] screen=820x410 render=1640x820
[ios-render] screen=820x410 render=1640x820
[ios-render] screen=820x410 render=1640x820
[ios-render] screen=820x410 render=1640x820
[ios-render] screen=820x410 render=1640x820
[ios-render] screen=820x410 render=1640x820
[ios-render] screen=820x410 render=1640x820
[ios-render] screen=820x410 render=1640x820
[ios-render] screen=820x410 render=1640x820
[ios-render] screen=820x410 render=1640x820
[ios-render] screen=820x410 render=1640x820
[ios-render] screen=820x410 render=1640x820
[ios-render] screen=820x410 render=1640x820
[ios-render] screen=820x410 render=1640x820
[ios-render] screen=820x410 render=1640x820
[ios-render] screen=820x410 render=1640x820
[ios-render] screen=820x410 render=1640x820
[ios-render] screen=820x410 render=1640x820
[ios-render] screen=820x410 render=1640x820
[ios-render] screen=820x410 render=1640x820
[ios-render] screen=820x410 render=1640x820
[ios-render] screen=820x410 render=1640x820
[ios-render] screen=820x410 render=1640x820
[ios-render] screen=820x410 render=1640x820
[ios-render] screen=820x410 render=1640x820
[ios-render] screen=820x410 render=1640x820
[ios-render] screen=820x410 render=1640x820
[ios-render] screen=820x410 render=1640x820
[ios-render] screen=820x410 render=1640x820
[ios-render] screen=820x410 render=1640x820
[ios-render] screen=820x410 render=1640x820
[ios-render] screen=820x410 render=1640x820
[ios-render] screen=820x410 render=1640x820
[ios-render] screen=820x410 render=1640x820
[ios-render] screen=820x410 render=1640x820
[ios-render] screen=820x410 render=1640x820
[ios-render] screen=820x410 render=1640x820
[ios-render] screen=820x410 render=1640x820
[ios-render] screen=820x410 render=1640x820
[ios-render] screen=820x410 render=1640x820
[ios-render] screen=820x410 render=1640x820
[ios-render] screen=820x410 render=1640x820
[ios-render] screen=820x410 render=1640x820
[ios-render] screen=820x410 render=1640x820
[ios-render] screen=820x410 render=1640x820
[ios-render] screen=820x410 render=1640x820
[ios-render] screen=820x410 render=1640x820
[ios-render] screen=820x410 render=1640x820
[ios-render] screen=820x410 render=1640x820
[ios-render] screen=820x410 render=1640x820
[ios-render] screen=820x410 render=1640x820
[ios-render] screen=820x410 render=1640x820
[ios-render] screen=820x410 render=1640x820
[ios-render] screen=820x410 render=1640x820
[ios-render] screen=820x410 render=1640x820
[ios-render] screen=820x410 render=1640x820
[ios-render] screen=820x410 render=1640x820
[ios-render] screen=820x410 render=1640x820
[ios-render] screen=820x410 render=1640x820
[ios-render] screen=820x410 render=1640x820
[ios-render] screen=820x410 render=1640x820
[ios-render] screen=820x410 render=1640x820
[ios-render] screen=820x410 render=1640x820
[ios-render] screen=820x410 render=1640x820
[ios-render] screen=820x410 render=1640x820
[ios-render] screen=820x410 render=1640x820
[ios-render] screen=820x410 render=1640x820
[ios-render] screen=820x410 render=1640x820
[ios-render] screen=820x410 render=1640x820
[vsync-rate] tick=633 rate=19.54/s (0.326x of 59.94)
[ios-render] screen=820x410 render=1640x820
[ios-render] screen=820x410 render=1640x820
[ios-render] screen=820x410 render=1640x820
[ios-render] screen=820x410 render=1640x820
[ios-render] screen=820x410 render=1640x820
[ios-render] screen=820x410 render=1640x820
[ios-render] screen=820x410 render=1640x820
[ios-render] screen=820x410 render=1640x820
[ios-render] screen=820x410 render=1640x820
[ios-render] screen=820x410 render=1640x820
[ios-render] screen=820x410 render=1640x820
[ios-render] screen=820x410 render=1640x820
[padscript] press i=0 now=10627ms at=10611ms hold=250ms buttons=0x0008
[ios-render] screen=820x410 render=1640x820
[ios-render] screen=820x410 render=1640x820
[ios-render] screen=820x410 render=1640x820
[ios-render] screen=820x410 render=1640x820
[ios-render] screen=820x410 render=1640x820
[ios-render] screen=820x410 render=1640x820
[ios-render] screen=820x410 render=1640x820
[ios-render] screen=820x410 render=1640x820
[ios-render] screen=820x410 render=1640x820
[ios-render] screen=820x410 render=1640x820
[ios-render] screen=820x410 render=1640x820
[ios-render] screen=820x410 render=1640x820
[ios-render] screen=820x410 render=1640x820
[ios-render] screen=820x410 render=1640x820
[ios-render] screen=820x410 render=1640x820
[ios-render] screen=820x410 render=1640x820
[ios-render] screen=820x410 render=1640x820
[ios-render] screen=820x410 render=1640x820
[ios-render] screen=820x410 render=1640x820
[ios-render] screen=820x410 render=1640x820
[ios-render] screen=820x410 render=1640x820
[ios-render] screen=820x410 render=1640x820
[ios-render] screen=820x410 render=1640x820
[ios-render] screen=820x410 render=1640x820
[ios-render] screen=820x410 render=1640x820
[ios-render] screen=820x410 render=1640x820
[ios-render] screen=820x410 render=1640x820
[ios-render] screen=820x410 render=1640x820
[ios-render] screen=820x410 render=1640x820
[ios-render] screen=820x410 render=1640x820
[ios-render] screen=820x410 render=1640x820
[ios-render] screen=820x410 render=1640x820
[ios-render] screen=820x410 render=1640x820
[ios-render] screen=820x410 render=1640x820
[ios-render] screen=820x410 render=1640x820
[ios-render] screen=820x410 render=1640x820
[ios-render] screen=820x410 render=1640x820
[ios-render] screen=820x410 render=1640x820
[ios-render] screen=820x410 render=1640x820
[ios-render] screen=820x410 render=1640x820
[ios-render] screen=820x410 render=1640x820
[ios-render] screen=820x410 render=1640x820
[ios-render] screen=820x410 render=1640x820
[ios-render] screen=820x410 render=1640x820
[ios-render] screen=820x410 render=1640x820
[ios-render] screen=820x410 render=1640x820
[ios-render] screen=820x410 render=1640x820
[ios-render] screen=820x410 render=1640x820
[ios-render] screen=820x410 render=1640x820
[ios-render] screen=820x410 render=1640x820
[padscript] release i=0 now=10877ms
[ios-render] screen=820x410 render=1640x820
[ios-render] screen=820x410 render=1640x820
[ios-render] screen=820x410 render=1640x820
[ios-render] screen=820x410 render=1640x820
[ios-render] screen=820x410 render=1640x820
[ios-render] screen=820x410 render=1640x820
[ios-render] screen=820x410 render=1640x820
[ios-render] screen=820x410 render=1640x820
[ios-render] screen=820x410 render=1640x820
[ios-render] screen=820x410 render=1640x820
[ios-render] screen=820x410 render=1640x820
[ios-render] screen=820x410 render=1640x820
[ios-render] screen=820x410 render=1640x820
[ios-render] screen=820x410 render=1640x820
[ios-render] screen=820x410 render=1640x820
[ios-render] screen=820x410 render=1640x820
[ios-render] screen=820x410 render=1640x820
[ios-render] screen=820x410 render=1640x820
[ios-render] screen=820x410 render=1640x820
[ios-render] screen=820x410 render=1640x820
[ios-render] screen=820x410 render=1640x820
[ios-render] screen=820x410 render=1640x820
[ios-render] screen=820x410 render=1640x820
[ios-render] screen=820x410 render=1640x820
[ios-render] screen=820x410 render=1640x820
[ios-render] screen=820x410 render=1640x820
[ios-render] screen=820x410 render=1640x820
[ios-render] screen=820x410 render=1640x820
[ios-render] screen=820x410 render=1640x820
[ios-render] screen=820x410 render=1640x820
[ios-render] screen=820x410 render=1640x820
[ios-render] screen=820x410 render=1640x820
[ios-render] screen=820x410 render=1640x820
[ios-render] screen=820x410 render=1640x820
[ios-render] screen=820x410 render=1640x820
[ios-render] screen=820x410 render=1640x820
[ios-render] screen=820x410 render=1640x820
[ios-render] screen=820x410 render=1640x820
[ios-render] screen=820x410 render=1640x820
[ios-render] screen=820x410 render=1640x820
[ios-render] screen=820x410 render=1640x820
[ios-render] screen=820x410 render=1640x820
[ios-render] screen=820x410 render=1640x820
[ios-render] screen=820x410 render=1640x820
[ios-render] screen=820x410 render=1640x820
[ios-render] screen=820x410 render=1640x820
[ios-render] screen=820x410 render=1640x820
[ios-render] screen=820x410 render=1640x820
[ios-render] screen=820x410 render=1640x820
[ios-render] screen=820x410 render=1640x820
[ios-render] screen=820x410 render=1640x820
[ios-render] screen=820x410 render=1640x820
[ios-render] screen=820x410 render=1640x820
[ios-render] screen=820x410 render=1640x820
[ios-render] screen=820x410 render=1640x820
[ios-render] screen=820x410 render=1640x820
[ios-render] screen=820x410 render=1640x820
[ios-render] screen=820x410 render=1640x820
[ios-render] screen=820x410 render=1640x820
[ios-render] screen=820x410 render=1640x820
[ios-render] screen=820x410 render=1640x820
[ios-render] screen=820x410 render=1640x820
[ios-render] screen=820x410 render=1640x820
[ios-render] screen=820x410 render=1640x820
[ios-render] screen=820x410 render=1640x820
[ios-render] screen=820x410 render=1640x820
[ios-render] screen=820x410 render=1640x820
[ios-render] screen=820x410 render=1640x820
[ios-render] screen=820x410 render=1640x820
[ios-render] screen=820x410 render=1640x820
[ios-render] screen=820x410 render=1640x820
[ios-render] screen=820x410 render=1640x820
[ios-render] screen=820x410 render=1640x820
[ios-render] screen=820x410 render=1640x820
[ios-render] screen=820x410 render=1640x820
[ios-render] screen=820x410 render=1640x820
[ios-render] screen=820x410 render=1640x820
[ios-render] screen=820x410 render=1640x820
[ios-render] screen=820x410 render=1640x820
[ios-render] screen=820x410 render=1640x820
[ios-render] screen=820x410 render=1640x820
[ios-render] screen=820x410 render=1640x820
[ios-render] screen=820x410 render=1640x820
[ios-render] screen=820x410 render=1640x820
[ios-render] screen=820x410 render=1640x820
[ios-render] screen=820x410 render=1640x820
[ios-render] screen=820x410 render=1640x820
[ios-render] screen=820x410 render=1640x820
[ios-render] screen=820x410 render=1640x820
[ios-render] screen=820x410 render=1640x820
[ios-render] screen=820x410 render=1640x820
[ios-render] screen=820x410 render=1640x820
[ios-render] screen=820x410 render=1640x820
[ios-render] screen=820x410 render=1640x820
[ios-render] screen=820x410 render=1640x820
[ios-render] screen=820x410 render=1640x820
[ios-render] screen=820x410 render=1640x820
[ios-render] screen=820x410 render=1640x820
[ios-render] screen=820x410 render=1640x820
[ios-render] screen=820x410 render=1640x820
[ios-render] screen=820x410 render=1640x820
[ios-render] screen=820x410 render=1640x820
[ios-render] screen=820x410 render=1640x820
[ios-render] screen=820x410 render=1640x820
[ios-render] screen=820x410 render=1640x820
[ios-render] screen=820x410 render=1640x820
[ios-render] screen=820x410 render=1640x820
[ios-render] screen=820x410 render=1640x820
[ios-render] screen=820x410 render=1640x820
[ios-render] screen=820x410 render=1640x820
[ios-render] screen=820x410 render=1640x820
[ios-render] screen=820x410 render=1640x820
[ios-render] screen=820x410 render=1640x820
[ios-render] screen=820x410 render=1640x820
[ios-render] screen=820x410 render=1640x820
[ios-render] screen=820x410 render=1640x820
[ios-render] screen=820x410 render=1640x820
[ios-render] screen=820x410 render=1640x820
[ios-render] screen=820x410 render=1640x820
[ios-render] screen=820x410 render=1640x820
[ios-render] screen=820x410 render=1640x820
[ios-render] screen=820x410 render=1640x820
[ios-render] screen=820x410 render=1640x820
[ios-render] screen=820x410 render=1640x820
[ios-render] screen=820x410 render=1640x820
[ios-render] screen=820x410 render=1640x820
[ios-render] screen=820x410 render=1640x820
[ios-render] screen=820x410 render=1640x820
[ios-render] screen=820x410 render=1640x820
[ios-render] screen=820x410 render=1640x820
[ios-render] screen=820x410 render=1640x820
[ios-render] screen=820x410 render=1640x820
[ios-render] screen=820x410 render=1640x820
[ios-render] screen=820x410 render=1640x820
[ios-render] screen=820x410 render=1640x820
[ios-render] screen=820x410 render=1640x820
[ios-render] screen=820x410 render=1640x820
[ios-render] screen=820x410 render=1640x820
[ios-render] screen=820x410 render=1640x820
[ios-render] screen=820x410 render=1640x820
[ios-render] screen=820x410 render=1640x820
[ios-render] screen=820x410 render=1640x820
[ios-render] screen=820x410 render=1640x820
[ios-render] screen=820x410 render=1640x820
[ios-render] screen=820x410 render=1640x820
[ios-render] screen=820x410 render=1640x820
[ios-render] screen=820x410 render=1640x820
[ios-render] screen=820x410 render=1640x820
[ios-render] screen=820x410 render=1640x820
[ios-render] screen=820x410 render=1640x820
[ios-render] screen=820x410 render=1640x820
[ios-render] screen=820x410 render=1640x820
[ios-render] screen=820x410 render=1640x820
[ios-render] screen=820x410 render=1640x820
[ios-render] screen=820x410 render=1640x820
[ios-render] screen=820x410 render=1640x820
[ios-render] screen=820x410 render=1640x820
[ios-render] screen=820x410 render=1640x820
[ios-render] screen=820x410 render=1640x820
[ios-render] screen=820x410 render=1640x820
[ios-render] screen=820x410 render=1640x820
[ios-render] screen=820x410 render=1640x820
[ios-render] screen=820x410 render=1640x820
[ios-render] screen=820x410 render=1640x820
[ios-render] screen=820x410 render=1640x820
[ios-render] screen=820x410 render=1640x820
[ios-render] screen=820x410 render=1640x820
[ios-render] screen=820x410 render=1640x820
[ios-render] screen=820x410 render=1640x820
[ios-render] screen=820x410 render=1640x820
[ios-render] screen=820x410 render=1640x820
[ios-render] screen=820x410 render=1640x820
[ios-render] screen=820x410 render=1640x820
[ios-render] screen=820x410 render=1640x820
[ios-render] screen=820x410 render=1640x820
[ios-render] screen=820x410 render=1640x820
[ios-render] screen=820x410 render=1640x820
[ios-render] screen=820x410 render=1640x820
[ios-render] screen=820x410 render=1640x820
[ios-render] screen=820x410 render=1640x820
[ios-render] screen=820x410 render=1640x820
[ios-render] screen=820x410 render=1640x820
[ios-render] screen=820x410 render=1640x820
[ios-render] screen=820x410 render=1640x820
[ios-render] screen=820x410 render=1640x820
[ios-render] screen=820x410 render=1640x820
[ios-render] screen=820x410 render=1640x820
[ios-render] screen=820x410 render=1640x820
[ios-render] screen=820x410 render=1640x820
[ios-render] screen=820x410 render=1640x820
[ios-render] screen=820x410 render=1640x820
[ios-render] screen=820x410 render=1640x820
[ios-render] screen=820x410 render=1640x820
[ios-render] screen=820x410 render=1640x820
[ios-render] screen=820x410 render=1640x820
[ios-render] screen=820x410 render=1640x820
[ios-render] screen=820x410 render=1640x820
[ios-render] screen=820x410 render=1640x820
[ios-render] screen=820x410 render=1640x820
[ios-render] screen=820x410 render=1640x820
[ios-render] screen=820x410 render=1640x820
[ios-render] screen=820x410 render=1640x820
[ios-render] screen=820x410 render=1640x820
[ios-render] screen=820x410 render=1640x820
[ios-render] screen=820x410 render=1640x820
[ios-render] screen=820x410 render=1640x820
[ios-render] screen=820x410 render=1640x820
[ios-render] screen=820x410 render=1640x820
[ios-render] screen=820x410 render=1640x820
[ios-render] screen=820x410 render=1640x820
[ios-render] screen=820x410 render=1640x820
[ios-render] screen=820x410 render=1640x820
[ios-render] screen=820x410 render=1640x820
[ios-render] screen=820x410 render=1640x820
[ios-render] screen=820x410 render=1640x820
[ios-render] screen=820x410 render=1640x820
[ios-render] screen=820x410 render=1640x820
[ios-render] screen=820x410 render=1640x820
[ios-render] screen=820x410 render=1640x820
[ios-render] screen=820x410 render=1640x820
[ios-render] screen=820x410 render=1640x820
[ios-render] screen=820x410 render=1640x820
[ios-render] screen=820x410 render=1640x820
[ios-render] screen=820x410 render=1640x820
[ios-render] screen=820x410 render=1640x820
[ios-render] screen=820x410 render=1640x820
[ios-render] screen=820x410 render=1640x820
[ios-render] screen=820x410 render=1640x820
[ios-render] screen=820x410 render=1640x820
[ios-render] screen=820x410 render=1640x820
[vsync-rate] tick=738 rate=20.95/s (0.350x of 59.94)
[ios-render] screen=820x410 render=1640x820
[ios-render] screen=820x410 render=1640x820
[ios-render] screen=820x410 render=1640x820
[ios-render] screen=820x410 render=1640x820
[ios-render] screen=820x410 render=1640x820
[ios-render] screen=820x410 render=1640x820
[ios-render] screen=820x410 render=1640x820
[ios-render] screen=820x410 render=1640x820
[ios-render] screen=820x410 render=1640x820
[ios-render] screen=820x410 render=1640x820
[ios-render] screen=820x410 render=1640x820
[ios-render] screen=820x410 render=1640x820
[ios-render] screen=820x410 render=1640x820
[ios-render] screen=820x410 render=1640x820
[ios-render] screen=820x410 render=1640x820
[ios-render] screen=820x410 render=1640x820
[ios-render] screen=820x410 render=1640x820
[ios-render] screen=820x410 render=1640x820
[ios-render] screen=820x410 render=1640x820
[ios-render] screen=820x410 render=1640x820
[ios-render] screen=820x410 render=1640x820
[ios-render] screen=820x410 render=1640x820
[ios-render] screen=820x410 render=1640x820
[ios-render] screen=820x410 render=1640x820
[ios-render] screen=820x410 render=1640x820
[ios-render] screen=820x410 render=1640x820
[ios-render] screen=820x410 render=1640x820
[ios-render] screen=820x410 render=1640x820
[ios-render] screen=820x410 render=1640x820
[ios-render] screen=820x410 render=1640x820
[ios-render] screen=820x410 render=1640x820
[ios-render] screen=820x410 render=1640x820
[ios-render] screen=820x410 render=1640x820
[ios-render] screen=820x410 render=1640x820
[ios-render] screen=820x410 render=1640x820
[ios-render] screen=820x410 render=1640x820
[ios-render] screen=820x410 render=1640x820
[ios-render] screen=820x410 render=1640x820
[ios-render] screen=820x410 render=1640x820
[ios-render] screen=820x410 render=1640x820
[ios-render] screen=820x410 render=1640x820
[ios-render] screen=820x410 render=1640x820
[ios-render] screen=820x410 render=1640x820
[ios-render] screen=820x410 render=1640x820
[ios-render] screen=820x410 render=1640x820
[ios-render] screen=820x410 render=1640x820
[ios-render] screen=820x410 render=1640x820
[ios-render] screen=820x410 render=1640x820
[ios-render] screen=820x410 render=1640x820
[ios-render] screen=820x410 render=1640x820
[ios-render] screen=820x410 render=1640x820
[ios-render] screen=820x410 render=1640x820
[ios-render] screen=820x410 render=1640x820
[ios-render] screen=820x410 render=1640x820
[ios-render] screen=820x410 render=1640x820
[ios-render] screen=820x410 render=1640x820
[ios-render] screen=820x410 render=1640x820
[ios-render] screen=820x410 render=1640x820
[ios-render] screen=820x410 render=1640x820
[ios-render] screen=820x410 render=1640x820
[ios-render] screen=820x410 render=1640x820
[ios-render] screen=820x410 render=1640x820
[ios-render] screen=820x410 render=1640x820
[ios-render] screen=820x410 render=1640x820
[ios-render] screen=820x410 render=1640x820
[ios-render] screen=820x410 render=1640x820
[ios-render] screen=820x410 render=1640x820
[ios-render] screen=820x410 render=1640x820
[padscript] press i=1 now=12796ms at=12780ms hold=250ms buttons=0x4000
[ios-render] screen=820x410 render=1640x820
[ios-render] screen=820x410 render=1640x820
[ios-render] screen=820x410 render=1640x820
[ios-render] screen=820x410 render=1640x820
[ios-render] screen=820x410 render=1640x820
[ios-render] screen=820x410 render=1640x820
[ios-render] screen=820x410 render=1640x820
[ios-render] screen=820x410 render=1640x820
[ios-render] screen=820x410 render=1640x820
[ios-render] screen=820x410 render=1640x820
[ios-render] screen=820x410 render=1640x820
[ios-render] screen=820x410 render=1640x820
[ios-render] screen=820x410 render=1640x820
[ios-render] screen=820x410 render=1640x820
[ios-render] screen=820x410 render=1640x820
[ios-render] screen=820x410 render=1640x820
[ios-render] screen=820x410 render=1640x820
[ios-render] screen=820x410 render=1640x820
[ios-render] screen=820x410 render=1640x820
[ios-render] screen=820x410 render=1640x820
[ios-render] screen=820x410 render=1640x820
[ios-render] screen=820x410 render=1640x820
[ios-render] screen=820x410 render=1640x820
[ios-render] screen=820x410 render=1640x820
[ios-render] screen=820x410 render=1640x820
[ios-render] screen=820x410 render=1640x820
[ios-render] screen=820x410 render=1640x820
[ios-render] screen=820x410 render=1640x820
[ios-render] screen=820x410 render=1640x820
[ios-render] screen=820x410 render=1640x820
[ios-render] screen=820x410 render=1640x820
[ios-render] screen=820x410 render=1640x820
[ios-render] screen=820x410 render=1640x820
[ios-render] screen=820x410 render=1640x820
[ios-render] screen=820x410 render=1640x820
[ios-render] screen=820x410 render=1640x820
[ios-render] screen=820x410 render=1640x820
[ios-render] screen=820x410 render=1640x820
[ios-render] screen=820x410 render=1640x820
[ios-render] screen=820x410 render=1640x820
[ios-render] screen=820x410 render=1640x820
[ios-render] screen=820x410 render=1640x820
[padscript] release i=1 now=13046ms
[ios-render] screen=820x410 render=1640x820
[ios-render] screen=820x410 render=1640x820
[ios-render] screen=820x410 render=1640x820
[ios-render] screen=820x410 render=1640x820
[ios-render] screen=820x410 render=1640x820
[ios-render] screen=820x410 render=1640x820
[ios-render] screen=820x410 render=1640x820
[ios-render] screen=820x410 render=1640x820
[ios-render] screen=820x410 render=1640x820
[ios-render] screen=820x410 render=1640x820
[ios-render] screen=820x410 render=1640x820
[ios-render] screen=820x410 render=1640x820
[ios-render] screen=820x410 render=1640x820
[ios-render] screen=820x410 render=1640x820
[ios-render] screen=820x410 render=1640x820
[ios-render] screen=820x410 render=1640x820
[ios-render] screen=820x410 render=1640x820
[ios-render] screen=820x410 render=1640x820
[ios-render] screen=820x410 render=1640x820
[ios-render] screen=820x410 render=1640x820
[ios-render] screen=820x410 render=1640x820
[ios-render] screen=820x410 render=1640x820
[ios-render] screen=820x410 render=1640x820
[ios-render] screen=820x410 render=1640x820
[ios-render] screen=820x410 render=1640x820
[ios-render] screen=820x410 render=1640x820
[ios-render] screen=820x410 render=1640x820
[ios-render] screen=820x410 render=1640x820
[ios-render] screen=820x410 render=1640x820
[ios-render] screen=820x410 render=1640x820
[ios-render] screen=820x410 render=1640x820
[ios-render] screen=820x410 render=1640x820
[ios-render] screen=820x410 render=1640x820
[ios-render] screen=820x410 render=1640x820
[ios-render] screen=820x410 render=1640x820
[ios-render] screen=820x410 render=1640x820
[ios-render] screen=820x410 render=1640x820
[ios-render] screen=820x410 render=1640x820
[ios-render] screen=820x410 render=1640x820
[ios-render] screen=820x410 render=1640x820
[ios-render] screen=820x410 render=1640x820
[ios-render] screen=820x410 render=1640x820
[ios-render] screen=820x410 render=1640x820
[ios-render] screen=820x410 render=1640x820
[ios-render] screen=820x410 render=1640x820
[ios-render] screen=820x410 render=1640x820
[ios-render] screen=820x410 render=1640x820
[ios-render] screen=820x410 render=1640x820
[ios-render] screen=820x410 render=1640x820
[ios-render] screen=820x410 render=1640x820
[ios-render] screen=820x410 render=1640x820
[ios-render] screen=820x410 render=1640x820
[ios-render] screen=820x410 render=1640x820
[ios-render] screen=820x410 render=1640x820
[ios-render] screen=820x410 render=1640x820
[ios-render] screen=820x410 render=1640x820
[ios-render] screen=820x410 render=1640x820
[ios-render] screen=820x410 render=1640x820
[ios-render] screen=820x410 render=1640x820
[ios-render] screen=820x410 render=1640x820
[ios-render] screen=820x410 render=1640x820
[ios-render] screen=820x410 render=1640x820
[ios-render] screen=820x410 render=1640x820
[ios-render] screen=820x410 render=1640x820
[ios-render] screen=820x410 render=1640x820
[ios-render] screen=820x410 render=1640x820
[ios-render] screen=820x410 render=1640x820
[ios-render] screen=820x410 render=1640x820
[ios-render] screen=820x410 render=1640x820
[ios-render] screen=820x410 render=1640x820
[ios-render] screen=820x410 render=1640x820
[ios-render] screen=820x410 render=1640x820
[ios-render] screen=820x410 render=1640x820
[ios-render] screen=820x410 render=1640x820
[ios-render] screen=820x410 render=1640x820
[ios-render] screen=820x410 render=1640x820
[ios-render] screen=820x410 render=1640x820
[ios-render] screen=820x410 render=1640x820
[ios-render] screen=820x410 render=1640x820
[ios-render] screen=820x410 render=1640x820
[ios-render] screen=820x410 render=1640x820
[ios-render] screen=820x410 render=1640x820
[ios-render] screen=820x410 render=1640x820
[ios-render] screen=820x410 render=1640x820
[ios-render] screen=820x410 render=1640x820
[ios-render] screen=820x410 render=1640x820
[ios-render] screen=820x410 render=1640x820
[ios-render] screen=820x410 render=1640x820
[ios-render] screen=820x410 render=1640x820
[ios-render] screen=820x410 render=1640x820
[ios-render] screen=820x410 render=1640x820
[ios-render] screen=820x410 render=1640x820
[ios-render] screen=820x410 render=1640x820
[ios-render] screen=820x410 render=1640x820
[ios-render] screen=820x410 render=1640x820
[ios-render] screen=820x410 render=1640x820
[ios-render] screen=820x410 render=1640x820
[ios-render] screen=820x410 render=1640x820
[ios-render] screen=820x410 render=1640x820
[ios-render] screen=820x410 render=1640x820
[ios-render] screen=820x410 render=1640x820
[ios-render] screen=820x410 render=1640x820
[ios-render] screen=820x410 render=1640x820
[ios-render] screen=820x410 render=1640x820
[ios-render] screen=820x410 render=1640x820
[ios-render] screen=820x410 render=1640x820
[ios-render] screen=820x410 render=1640x820
[ios-render] screen=820x410 render=1640x820
[ios-render] screen=820x410 render=1640x820
[ios-render] screen=820x410 render=1640x820
[ios-render] screen=820x410 render=1640x820
[ios-render] screen=820x410 render=1640x820
[ios-render] screen=820x410 render=1640x820
[ios-render] screen=820x410 render=1640x820
[ios-render] screen=820x410 render=1640x820
[ios-render] screen=820x410 render=1640x820
[ios-render] screen=820x410 render=1640x820
[ios-render] screen=820x410 render=1640x820
[ios-render] screen=820x410 render=1640x820
[ios-render] screen=820x410 render=1640x820
[ios-render] screen=820x410 render=1640x820
[ios-render] screen=820x410 render=1640x820
[ios-render] screen=820x410 render=1640x820
[ios-render] screen=820x410 render=1640x820
[ios-render] screen=820x410 render=1640x820
[ios-render] screen=820x410 render=1640x820
[ios-render] screen=820x410 render=1640x820
[ios-render] screen=820x410 render=1640x820
[ios-render] screen=820x410 render=1640x820
[ios-render] screen=820x410 render=1640x820
[ios-render] screen=820x410 render=1640x820
[ios-render] screen=820x410 render=1640x820
[ios-render] screen=820x410 render=1640x820
[ios-render] screen=820x410 render=1640x820
[ios-render] screen=820x410 render=1640x820
[ios-render] screen=820x410 render=1640x820
[ios-render] screen=820x410 render=1640x820
[ios-render] screen=820x410 render=1640x820
[ios-render] screen=820x410 render=1640x820
[ios-render] screen=820x410 render=1640x820
[ios-render] screen=820x410 render=1640x820
[ios-render] screen=820x410 render=1640x820
[ios-render] screen=820x410 render=1640x820
[ios-render] screen=820x410 render=1640x820
[ios-render] screen=820x410 render=1640x820
[ios-render] screen=820x410 render=1640x820
[ios-render] screen=820x410 render=1640x820
[ios-render] screen=820x410 render=1640x820
[ios-render] screen=820x410 render=1640x820
[ios-render] screen=820x410 render=1640x820
[ios-render] screen=820x410 render=1640x820
[ios-render] screen=820x410 render=1640x820
[ios-render] screen=820x410 render=1640x820
[ios-render] screen=820x410 render=1640x820
[ios-render] screen=820x410 render=1640x820
[ios-render] screen=820x410 render=1640x820
[ios-render] screen=820x410 render=1640x820
[ios-render] screen=820x410 render=1640x820
[ios-render] screen=820x410 render=1640x820
[ios-render] screen=820x410 render=1640x820
[ios-render] screen=820x410 render=1640x820
[ios-render] screen=820x410 render=1640x820
[ios-render] screen=820x410 render=1640x820
[ios-render] screen=820x410 render=1640x820
[ios-render] screen=820x410 render=1640x820
[ios-render] screen=820x410 render=1640x820
[ios-render] screen=820x410 render=1640x820
[ios-render] screen=820x410 render=1640x820
[ios-render] screen=820x410 render=1640x820
[ios-render] screen=820x410 render=1640x820
[ios-render] screen=820x410 render=1640x820
[ios-render] screen=820x410 render=1640x820
[ios-render] screen=820x410 render=1640x820
[ios-render] screen=820x410 render=1640x820
[ios-render] screen=820x410 render=1640x820
[ios-render] screen=820x410 render=1640x820
[ios-render] screen=820x410 render=1640x820
[ios-render] screen=820x410 render=1640x820
[ios-render] screen=820x410 render=1640x820
[ios-render] screen=820x410 render=1640x820
[ios-render] screen=820x410 render=1640x820
[ios-render] screen=820x410 render=1640x820
[ios-render] screen=820x410 render=1640x820
[vsync-rate] tick=829 rate=18.17/s (0.303x of 59.94)
[ios-render] screen=820x410 render=1640x820
[ios-render] screen=820x410 render=1640x820
[ios-render] screen=820x410 render=1640x820
[ios-render] screen=820x410 render=1640x820
[ios-render] screen=820x410 render=1640x820
[ios-render] screen=820x410 render=1640x820
[ios-render] screen=820x410 render=1640x820
[ios-render] screen=820x410 render=1640x820
[ios-render] screen=820x410 render=1640x820
[ios-render] screen=820x410 render=1640x820
[ios-render] screen=820x410 render=1640x820
[ios-render] screen=820x410 render=1640x820
[ios-render] screen=820x410 render=1640x820
[ios-render] screen=820x410 render=1640x820
[ios-render] screen=820x410 render=1640x820
[ios-render] screen=820x410 render=1640x820
[ios-render] screen=820x410 render=1640x820
[ios-render] screen=820x410 render=1640x820
[ios-render] screen=820x410 render=1640x820
[ios-render] screen=820x410 render=1640x820
[ios-render] screen=820x410 render=1640x820
[ios-render] screen=820x410 render=1640x820
[ios-render] screen=820x410 render=1640x820
[ios-render] screen=820x410 render=1640x820
[ios-render] screen=820x410 render=1640x820
[ios-render] screen=820x410 render=1640x820
[ios-render] screen=820x410 render=1640x820
[ios-render] screen=820x410 render=1640x820
[ios-render] screen=820x410 render=1640x820
[ios-render] screen=820x410 render=1640x820
[ios-render] screen=820x410 render=1640x820
[ios-render] screen=820x410 render=1640x820
[ios-render] screen=820x410 render=1640x820
[ios-render] screen=820x410 render=1640x820
[ios-render] screen=820x410 render=1640x820
[ios-render] screen=820x410 render=1640x820
[ios-render] screen=820x410 render=1640x820
[ios-render] screen=820x410 render=1640x820
[ios-render] screen=820x410 render=1640x820
[ios-render] screen=820x410 render=1640x820
[ios-render] screen=820x410 render=1640x820
[ios-render] screen=820x410 render=1640x820
[ios-render] screen=820x410 render=1640x820
[ios-render] screen=820x410 render=1640x820
[ios-render] screen=820x410 render=1640x820
[ios-render] screen=820x410 render=1640x820
[ios-render] screen=820x410 render=1640x820
[ios-render] screen=820x410 render=1640x820
[ios-render] screen=820x410 render=1640x820
[ios-render] screen=820x410 render=1640x820
[ios-render] screen=820x410 render=1640x820
[ios-render] screen=820x410 render=1640x820
[ios-render] screen=820x410 render=1640x820
[ios-render] screen=820x410 render=1640x820
[ios-render] screen=820x410 render=1640x820
[ios-render] screen=820x410 render=1640x820
[ios-render] screen=820x410 render=1640x820
[ios-render] screen=820x410 render=1640x820
[ios-render] screen=820x410 render=1640x820
[ios-render] screen=820x410 render=1640x820
[ios-render] screen=820x410 render=1640x820
[ios-render] screen=820x410 render=1640x820
[ios-render] screen=820x410 render=1640x820
[ios-render] screen=820x410 render=1640x820
[ios-render] screen=820x410 render=1640x820
[ios-render] screen=820x410 render=1640x820
[ios-render] screen=820x410 render=1640x820
[ios-render] screen=820x410 render=1640x820
[ios-render] screen=820x410 render=1640x820
[ios-render] screen=820x410 render=1640x820
[ios-render] screen=820x410 render=1640x820
[ios-render] screen=820x410 render=1640x820
[ios-render] screen=820x410 render=1640x820
[ios-render] screen=820x410 render=1640x820
[ios-render] screen=820x410 render=1640x820
[ios-render] screen=820x410 render=1640x820
[ios-render] screen=820x410 render=1640x820
[ios-render] screen=820x410 render=1640x820
[ios-render] screen=820x410 render=1640x820
[ios-render] screen=820x410 render=1640x820
[ios-render] screen=820x410 render=1640x820
[ios-render] screen=820x410 render=1640x820
[ios-render] screen=820x410 render=1640x820
[ios-render] screen=820x410 render=1640x820
[ios-render] screen=820x410 render=1640x820
[ios-render] screen=820x410 render=1640x820
[ios-render] screen=820x410 render=1640x820
[ios-render] screen=820x410 render=1640x820
[ios-render] screen=820x410 render=1640x820
[ios-render] screen=820x410 render=1640x820
[ios-render] screen=820x410 render=1640x820
[ios-render] screen=820x410 render=1640x820
[ios-render] screen=820x410 render=1640x820
[ios-render] screen=820x410 render=1640x820
[ios-render] screen=820x410 render=1640x820
[ios-render] screen=820x410 render=1640x820
[ios-render] screen=820x410 render=1640x820
[ios-render] screen=820x410 render=1640x820
[ios-render] screen=820x410 render=1640x820
[ios-render] screen=820x410 render=1640x820
[ios-render] screen=820x410 render=1640x820
[ios-render] screen=820x410 render=1640x820
[ios-render] screen=820x410 render=1640x820
[ios-render] screen=820x410 render=1640x820
[ios-render] screen=820x410 render=1640x820
[ios-render] screen=820x410 render=1640x820
[ios-render] screen=820x410 render=1640x820
[ios-render] screen=820x410 render=1640x820
[ios-render] screen=820x410 render=1640x820
[ios-render] screen=820x410 render=1640x820
[ios-render] screen=820x410 render=1640x820
[ios-render] screen=820x410 render=1640x820
[ios-render] screen=820x410 render=1640x820
[ios-render] screen=820x410 render=1640x820
[ios-render] screen=820x410 render=1640x820
[ios-render] screen=820x410 render=1640x820
[ios-render] screen=820x410 render=1640x820
[ios-render] screen=820x410 render=1640x820
[ios-render] screen=820x410 render=1640x820
[ios-render] screen=820x410 render=1640x820
[ios-render] screen=820x410 render=1640x820
[ios-render] screen=820x410 render=1640x820
[ios-render] screen=820x410 render=1640x820
[ios-render] screen=820x410 render=1640x820
[ios-render] screen=820x410 render=1640x820
[ios-render] screen=820x410 render=1640x820
[ios-render] screen=820x410 render=1640x820
[ios-render] screen=820x410 render=1640x820
[ios-render] screen=820x410 render=1640x820
[ios-render] screen=820x410 render=1640x820
[ios-render] screen=820x410 render=1640x820
[ios-render] screen=820x410 render=1640x820
[ios-render] screen=820x410 render=1640x820
[ios-render] screen=820x410 render=1640x820
[ios-render] screen=820x410 render=1640x820
[ios-render] screen=820x410 render=1640x820
[ios-render] screen=820x410 render=1640x820
[ios-render] screen=820x410 render=1640x820
[ios-render] screen=820x410 render=1640x820
[ios-render] screen=820x410 render=1640x820
[ios-render] screen=820x410 render=1640x820
[ios-render] screen=820x410 render=1640x820
[ios-render] screen=820x410 render=1640x820
[ios-render] screen=820x410 render=1640x820
[ios-render] screen=820x410 render=1640x820
[ios-render] screen=820x410 render=1640x820
[ios-render] screen=820x410 render=1640x820
[ios-render] screen=820x410 render=1640x820
[ios-render] screen=820x410 render=1640x820
[ios-render] screen=820x410 render=1640x820
[ios-render] screen=820x410 render=1640x820
[ios-render] screen=820x410 render=1640x820
[ios-render] screen=820x410 render=1640x820
[ios-render] screen=820x410 render=1640x820
[ios-render] screen=820x410 render=1640x820
[ios-render] screen=820x410 render=1640x820
[ios-render] screen=820x410 render=1640x820
[ios-render] screen=820x410 render=1640x820
[ios-render] screen=820x410 render=1640x820
[ios-render] screen=820x410 render=1640x820
[ios-render] screen=820x410 render=1640x820
[ios-render] screen=820x410 render=1640x820
[ios-render] screen=820x410 render=1640x820
[ios-render] screen=820x410 render=1640x820
[ios-render] screen=820x410 render=1640x820
[ios-render] screen=820x410 render=1640x820
[ios-render] screen=820x410 render=1640x820
[ios-render] screen=820x410 render=1640x820
[ios-render] screen=820x410 render=1640x820
[ios-render] screen=820x410 render=1640x820
[ios-render] screen=820x410 render=1640x820
[ios-render] screen=820x410 render=1640x820
[ios-render] screen=820x410 render=1640x820
[ios-render] screen=820x410 render=1640x820
[ios-render] screen=820x410 render=1640x820
[ios-render] screen=820x410 render=1640x820
[ios-render] screen=820x410 render=1640x820
[ios-render] screen=820x410 render=1640x820
[ios-render] screen=820x410 render=1640x820
[ios-render] screen=820x410 render=1640x820
[ios-render] screen=820x410 render=1640x820
[ios-render] screen=820x410 render=1640x820
[ios-render] screen=820x410 render=1640x820
[ios-render] screen=820x410 render=1640x820
[ios-render] screen=820x410 render=1640x820
[ios-render] screen=820x410 render=1640x820
[ios-render] screen=820x410 render=1640x820
[ios-render] screen=820x410 render=1640x820
[ios-render] screen=820x410 render=1640x820
[ios-render] screen=820x410 render=1640x820
[ios-render] screen=820x410 render=1640x820
[ios-render] screen=820x410 render=1640x820
[ios-render] screen=820x410 render=1640x820
[ios-render] screen=820x410 render=1640x820
[ios-render] screen=820x410 render=1640x820
[ios-render] screen=820x410 render=1640x820
[ios-render] screen=820x410 render=1640x820
[ios-render] screen=820x410 render=1640x820
[ios-render] screen=820x410 render=1640x820
[ios-render] screen=820x410 render=1640x820
[ios-render] screen=820x410 render=1640x820
[ios-render] screen=820x410 render=1640x820
[ios-render] screen=820x410 render=1640x820
[ios-render] screen=820x410 render=1640x820
[ios-render] screen=820x410 render=1640x820
[ios-render] screen=820x410 render=1640x820
[ios-render] screen=820x410 render=1640x820
[ios-render] screen=820x410 render=1640x820
[ios-render] screen=820x410 render=1640x820
[ios-render] screen=820x410 render=1640x820
[ios-render] screen=820x410 render=1640x820
[ios-render] screen=820x410 render=1640x820
[ios-render] screen=820x410 render=1640x820
[ios-render] screen=820x410 render=1640x820
[ios-render] screen=820x410 render=1640x820
[ios-render] screen=820x410 render=1640x820
[ios-render] screen=820x410 render=1640x820
[ios-render] screen=820x410 render=1640x820
[ios-render] screen=820x410 render=1640x820
[ios-render] screen=820x410 render=1640x820
[ios-render] screen=820x410 render=1640x820
[ios-render] screen=820x410 render=1640x820
[ios-render] screen=820x410 render=1640x820
[ios-render] screen=820x410 render=1640x820
[ios-render] screen=820x410 render=1640x820
[ios-render] screen=820x410 render=1640x820
[ios-render] screen=820x410 render=1640x820
[ios-render] screen=820x410 render=1640x820
[ios-render] screen=820x410 render=1640x820
[ios-render] screen=820x410 render=1640x820
[ios-render] screen=820x410 render=1640x820
[ios-render] screen=820x410 render=1640x820
[ios-render] screen=820x410 render=1640x820
[ios-render] screen=820x410 render=1640x820
[ios-render] screen=820x410 render=1640x820
[ios-render] screen=820x410 render=1640x820
[ios-render] screen=820x410 render=1640x820
[ios-render] screen=820x410 render=1640x820
[ios-render] screen=820x410 render=1640x820
[ios-render] screen=820x410 render=1640x820
[ios-render] screen=820x410 render=1640x820
[ios-render] screen=820x410 render=1640x820
[ios-render] screen=820x410 render=1640x820
[ios-render] screen=820x410 render=1640x820
[ios-render] screen=820x410 render=1640x820
[ios-render] screen=820x410 render=1640x820
[ios-render] screen=820x410 render=1640x820
[ios-render] screen=820x410 render=1640x820
[ios-render] screen=820x410 render=1640x820
[ios-render] screen=820x410 render=1640x820
[ios-render] screen=820x410 render=1640x820
[ios-render] screen=820x410 render=1640x820
[ios-render] screen=820x410 render=1640x820
[ios-render] screen=820x410 render=1640x820
[ios-render] screen=820x410 render=1640x820
[ios-render] screen=820x410 render=1640x820
[ios-render] screen=820x410 render=1640x820
[ios-render] screen=820x410 render=1640x820
[ios-render] screen=820x410 render=1640x820
[ios-render] screen=820x410 render=1640x820
[ios-render] screen=820x410 render=1640x820
[ios-render] screen=820x410 render=1640x820
[ios-render] screen=820x410 render=1640x820
[ios-render] screen=820x410 render=1640x820
[ios-render] screen=820x410 render=1640x820
[ios-render] screen=820x410 render=1640x820
[ios-render] screen=820x410 render=1640x820
[ios-render] screen=820x410 render=1640x820
[ios-render] screen=820x410 render=1640x820
[ios-render] screen=820x410 render=1640x820
[ios-render] screen=820x410 render=1640x820
[ios-render] screen=820x410 render=1640x820
[ios-render] screen=820x410 render=1640x820
[ios-render] screen=820x410 render=1640x820
[ios-render] screen=820x410 render=1640x820
[ios-render] screen=820x410 render=1640x820
[ios-render] screen=820x410 render=1640x820
[ios-render] screen=820x410 render=1640x820
[ios-render] screen=820x410 render=1640x820
[ios-render] screen=820x410 render=1640x820
[ios-render] screen=820x410 render=1640x820
[ios-render] screen=820x410 render=1640x820
[ios-render] screen=820x410 render=1640x820
[padscript] press i=2 now=14764ms at=14749ms hold=250ms buttons=0x4000
[ios-render] screen=820x410 render=1640x820
[ios-render] screen=820x410 render=1640x820
[ios-render] screen=820x410 render=1640x820
[ios-render] screen=820x410 render=1640x820
[ios-render] screen=820x410 render=1640x820
[ios-render] screen=820x410 render=1640x820
[ios-render] screen=820x410 render=1640x820
[ios-render] screen=820x410 render=1640x820
[ios-render] screen=820x410 render=1640x820
[ios-render] screen=820x410 render=1640x820
[ios-render] screen=820x410 render=1640x820
[vsync-rate] tick=888 rate=11.78/s (0.197x of 59.94)
[ios-render] screen=820x410 render=1640x820
[ios-render] screen=820x410 render=1640x820
[ios-render] screen=820x410 render=1640x820
[ios-render] screen=820x410 render=1640x820
[ios-render] screen=820x410 render=1640x820
[ios-render] screen=820x410 render=1640x820
[ios-render] screen=820x410 render=1640x820
[ios-render] screen=820x410 render=1640x820
[ios-render] screen=820x410 render=1640x820
[ios-render] screen=820x410 render=1640x820
[ios-render] screen=820x410 render=1640x820
[ios-render] screen=820x410 render=1640x820
[ios-render] screen=820x410 render=1640x820
[ios-render] screen=820x410 render=1640x820
[ios-render] screen=820x410 render=1640x820
[ios-render] screen=820x410 render=1640x820
[ios-render] screen=820x410 render=1640x820
[ios-render] screen=820x410 render=1640x820
[ios-render] screen=820x410 render=1640x820
[ios-render] screen=820x410 render=1640x820
[ios-render] screen=820x410 render=1640x820
[ios-render] screen=820x410 render=1640x820
[ios-render] screen=820x410 render=1640x820
[ios-render] screen=820x410 render=1640x820
[ios-render] screen=820x410 render=1640x820
[ios-render] screen=820x410 render=1640x820
[ios-render] screen=820x410 render=1640x820
[ios-render] screen=820x410 render=1640x820
[ios-render] screen=820x410 render=1640x820
[ios-render] screen=820x410 render=1640x820
[ios-render] screen=820x410 render=1640x820
[ios-render] screen=820x410 render=1640x820
[ios-render] screen=820x410 render=1640x820
[ios-render] screen=820x410 render=1640x820
[ios-render] screen=820x410 render=1640x820
[ios-render] screen=820x410 render=1640x820
[ios-render] screen=820x410 render=1640x820
[ios-render] screen=820x410 render=1640x820
[ios-render] screen=820x410 render=1640x820
[ios-render] screen=820x410 render=1640x820
[padscript] release i=2 now=15015ms
[ios-render] screen=820x410 render=1640x820
[ios-render] screen=820x410 render=1640x820
[ios-render] screen=820x410 render=1640x820
[ios-render] screen=820x410 render=1640x820
[ios-render] screen=820x410 render=1640x820
[ios-render] screen=820x410 render=1640x820
[ios-render] screen=820x410 render=1640x820
[ios-render] screen=820x410 render=1640x820
[ios-render] screen=820x410 render=1640x820
[ios-render] screen=820x410 render=1640x820
[ios-render] screen=820x410 render=1640x820
[ios-render] screen=820x410 render=1640x820
[ios-render] screen=820x410 render=1640x820
[ios-render] screen=820x410 render=1640x820
[ios-render] screen=820x410 render=1640x820
[ios-render] screen=820x410 render=1640x820
[ios-render] screen=820x410 render=1640x820
[ios-render] screen=820x410 render=1640x820
[ios-render] screen=820x410 render=1640x820
[ios-render] screen=820x410 render=1640x820
[ios-render] screen=820x410 render=1640x820
[ios-render] screen=820x410 render=1640x820
[ios-render] screen=820x410 render=1640x820
[ios-render] screen=820x410 render=1640x820
[ios-render] screen=820x410 render=1640x820
[ios-render] screen=820x410 render=1640x820
[ios-render] screen=820x410 render=1640x820
[ios-render] screen=820x410 render=1640x820
[ios-render] screen=820x410 render=1640x820
[ios-render] screen=820x410 render=1640x820
[ios-render] screen=820x410 render=1640x820
[ios-render] screen=820x410 render=1640x820
[ios-render] screen=820x410 render=1640x820
[ios-render] screen=820x410 render=1640x820
[ios-render] screen=820x410 render=1640x820
[ios-render] screen=820x410 render=1640x820
[ios-render] screen=820x410 render=1640x820
[ios-render] screen=820x410 render=1640x820
[ios-render] screen=820x410 render=1640x820
[ios-render] screen=820x410 render=1640x820
[ios-render] screen=820x410 render=1640x820
[ios-render] screen=820x410 render=1640x820
[ios-render] screen=820x410 render=1640x820
[ios-render] screen=820x410 render=1640x820
[ios-render] screen=820x410 render=1640x820
[ios-render] screen=820x410 render=1640x820
[ios-render] screen=820x410 render=1640x820
[ios-render] screen=820x410 render=1640x820
[ios-render] screen=820x410 render=1640x820
[ios-render] screen=820x410 render=1640x820
[ios-render] screen=820x410 render=1640x820
[ios-render] screen=820x410 render=1640x820
[ios-render] screen=820x410 render=1640x820
[ios-render] screen=820x410 render=1640x820
[ios-render] screen=820x410 render=1640x820
[ios-render] screen=820x410 render=1640x820
[ios-render] screen=820x410 render=1640x820
[ios-render] screen=820x410 render=1640x820
[ios-render] screen=820x410 render=1640x820
[ios-render] screen=820x410 render=1640x820
[ios-render] screen=820x410 render=1640x820
[ios-render] screen=820x410 render=1640x820
[ios-render] screen=820x410 render=1640x820
[ios-render] screen=820x410 render=1640x820
[ios-render] screen=820x410 render=1640x820
[ios-render] screen=820x410 render=1640x820
[ios-render] screen=820x410 render=1640x820
[ios-render] screen=820x410 render=1640x820
[ios-render] screen=820x410 render=1640x820
[ios-render] screen=820x410 render=1640x820
[ios-render] screen=820x410 render=1640x820
[ios-render] screen=820x410 render=1640x820
[ios-render] screen=820x410 render=1640x820
[ios-render] screen=820x410 render=1640x820
[ios-render] screen=820x410 render=1640x820
[ios-render] screen=820x410 render=1640x820
[ios-render] screen=820x410 render=1640x820
[ios-render] screen=820x410 render=1640x820
[ios-render] screen=820x410 render=1640x820
[ios-render] screen=820x410 render=1640x820
[ios-render] screen=820x410 render=1640x820
[ios-render] screen=820x410 render=1640x820
[ios-render] screen=820x410 render=1640x820
[ios-render] screen=820x410 render=1640x820
[ios-render] screen=820x410 render=1640x820
[ios-render] screen=820x410 render=1640x820
[ios-render] screen=820x410 render=1640x820
[ios-render] screen=820x410 render=1640x820
[ios-render] screen=820x410 render=1640x820
[ios-render] screen=820x410 render=1640x820
[ios-render] screen=820x410 render=1640x820
[ios-render] screen=820x410 render=1640x820
[ios-render] screen=820x410 render=1640x820
[ios-render] screen=820x410 render=1640x820
[ios-render] screen=820x410 render=1640x820
[ios-render] screen=820x410 render=1640x820
[ios-render] screen=820x410 render=1640x820
[ios-render] screen=820x410 render=1640x820
[ios-render] screen=820x410 render=1640x820
[ios-render] screen=820x410 render=1640x820
[ios-render] screen=820x410 render=1640x820
[ios-render] screen=820x410 render=1640x820
[ios-render] screen=820x410 render=1640x820
[ios-render] screen=820x410 render=1640x820
[ios-render] screen=820x410 render=1640x820
[ios-render] screen=820x410 render=1640x820
[ios-render] screen=820x410 render=1640x820
[ios-render] screen=820x410 render=1640x820
[ios-render] screen=820x410 render=1640x820
[ios-render] screen=820x410 render=1640x820
[ios-render] screen=820x410 render=1640x820
[ios-render] screen=820x410 render=1640x820
[ios-render] screen=820x410 render=1640x820
[ios-render] screen=820x410 render=1640x820
[ios-render] screen=820x410 render=1640x820
[ios-render] screen=820x410 render=1640x820
[ios-render] screen=820x410 render=1640x820
[ios-render] screen=820x410 render=1640x820
[ios-render] screen=820x410 render=1640x820
[ios-render] screen=820x410 render=1640x820
[ios-render] screen=820x410 render=1640x820
[ios-render] screen=820x410 render=1640x820
[ios-render] screen=820x410 render=1640x820
[ios-render] screen=820x410 render=1640x820
[ios-render] screen=820x410 render=1640x820
[ios-render] screen=820x410 render=1640x820
[ios-render] screen=820x410 render=1640x820
[ios-render] screen=820x410 render=1640x820
[ios-render] screen=820x410 render=1640x820
[ios-render] screen=820x410 render=1640x820
[ios-render] screen=820x410 render=1640x820
[ios-render] screen=820x410 render=1640x820
[ios-render] screen=820x410 render=1640x820
[ios-render] screen=820x410 render=1640x820
[ios-render] screen=820x410 render=1640x820
[ios-render] screen=820x410 render=1640x820
[ios-render] screen=820x410 render=1640x820
[ios-render] screen=820x410 render=1640x820
[ios-render] screen=820x410 render=1640x820
[ios-render] screen=820x410 render=1640x820
[ios-render] screen=820x410 render=1640x820
[ios-render] screen=820x410 render=1640x820
[ios-render] screen=820x410 render=1640x820
[ios-render] screen=820x410 render=1640x820
[ios-render] screen=820x410 render=1640x820
[ios-render] screen=820x410 render=1640x820
[ios-render] screen=820x410 render=1640x820
[ios-render] screen=820x410 render=1640x820
[ios-render] screen=820x410 render=1640x820
[ios-render] screen=820x410 render=1640x820
[ios-render] screen=820x410 render=1640x820
[ios-render] screen=820x410 render=1640x820
[ios-render] screen=820x410 render=1640x820
[ios-render] screen=820x410 render=1640x820
[ios-render] screen=820x410 render=1640x820
[ios-render] screen=820x410 render=1640x820
[ios-render] screen=820x410 render=1640x820
[ios-render] screen=820x410 render=1640x820
[ios-render] screen=820x410 render=1640x820
[ios-render] screen=820x410 render=1640x820
[ios-render] screen=820x410 render=1640x820
[ios-render] screen=820x410 render=1640x820
[ios-render] screen=820x410 render=1640x820
[ios-render] screen=820x410 render=1640x820
[ios-render] screen=820x410 render=1640x820
[ios-render] screen=820x410 render=1640x820
[ios-render] screen=820x410 render=1640x820
[ios-render] screen=820x410 render=1640x820
[ios-render] screen=820x410 render=1640x820
[ios-render] screen=820x410 render=1640x820
[ios-render] screen=820x410 render=1640x820
[ios-render] screen=820x410 render=1640x820
[ios-render] screen=820x410 render=1640x820
[ios-render] screen=820x410 render=1640x820
[ios-render] screen=820x410 render=1640x820
[ios-render] screen=820x410 render=1640x820
[ios-render] screen=820x410 render=1640x820
[ios-render] screen=820x410 render=1640x820
[ios-render] screen=820x410 render=1640x820
[ios-render] screen=820x410 render=1640x820
[ios-render] screen=820x410 render=1640x820
[ios-render] screen=820x410 render=1640x820
[ios-render] screen=820x410 render=1640x820
[ios-render] screen=820x410 render=1640x820
[ios-render] screen=820x410 render=1640x820
[ios-render] screen=820x410 render=1640x820
[ios-render] screen=820x410 render=1640x820
[ios-render] screen=820x410 render=1640x820
[ios-render] screen=820x410 render=1640x820
[ios-render] screen=820x410 render=1640x820
[ios-render] screen=820x410 render=1640x820
[ios-render] screen=820x410 render=1640x820
[ios-render] screen=820x410 render=1640x820
[ios-render] screen=820x410 render=1640x820
[ios-render] screen=820x410 render=1640x820
[ios-render] screen=820x410 render=1640x820
[ios-render] screen=820x410 render=1640x820
[ios-render] screen=820x410 render=1640x820
[ios-render] screen=820x410 render=1640x820
[ios-render] screen=820x410 render=1640x820
[ios-render] screen=820x410 render=1640x820
[ios-render] screen=820x410 render=1640x820
[ios-render] screen=820x410 render=1640x820
[ios-render] screen=820x410 render=1640x820
[ios-render] screen=820x410 render=1640x820
[ios-render] screen=820x410 render=1640x820
[ios-render] screen=820x410 render=1640x820
[ios-render] screen=820x410 render=1640x820
[ios-render] screen=820x410 render=1640x820
[ios-render] screen=820x410 render=1640x820
[ios-render] screen=820x410 render=1640x820
[ios-render] screen=820x410 render=1640x820
[ios-render] screen=820x410 render=1640x820
[ios-render] screen=820x410 render=1640x820
[ios-render] screen=820x410 render=1640x820
[ios-render] screen=820x410 render=1640x820
[ios-render] screen=820x410 render=1640x820
[ios-render] screen=820x410 render=1640x820
[ios-render] screen=820x410 render=1640x820
[ios-render] screen=820x410 render=1640x820
[ios-render] screen=820x410 render=1640x820
[ios-render] screen=820x410 render=1640x820
[ios-render] screen=820x410 render=1640x820
[ios-render] screen=820x410 render=1640x820
[ios-render] screen=820x410 render=1640x820
[ios-render] screen=820x410 render=1640x820
[ios-render] screen=820x410 render=1640x820
[ios-render] screen=820x410 render=1640x820
[ios-render] screen=820x410 render=1640x820
[ios-render] screen=820x410 render=1640x820
[ios-render] screen=820x410 render=1640x820
[ios-render] screen=820x410 render=1640x820
[ios-render] screen=820x410 render=1640x820
[ios-render] screen=820x410 render=1640x820
[ios-render] screen=820x410 render=1640x820
[ios-render] screen=820x410 render=1640x820
[ios-render] screen=820x410 render=1640x820
[ios-render] screen=820x410 render=1640x820
[ios-render] screen=820x410 render=1640x820
[ios-render] screen=820x410 render=1640x820
[ios-render] screen=820x410 render=1640x820
[ios-render] screen=820x410 render=1640x820
[ios-render] screen=820x410 render=1640x820
[ios-render] screen=820x410 render=1640x820
[ios-render] screen=820x410 render=1640x820
[ios-render] screen=820x410 render=1640x820
[ios-render] screen=820x410 render=1640x820
[ios-render] screen=820x410 render=1640x820
[ios-render] screen=820x410 render=1640x820
[ios-render] screen=820x410 render=1640x820
[ios-render] screen=820x410 render=1640x820
[ios-render] screen=820x410 render=1640x820
[ios-render] screen=820x410 render=1640x820
[vsync-rate] tick=963 rate=15.00/s (0.250x of 59.94)
[ios-render] screen=820x410 render=1640x820
[ios-render] screen=820x410 render=1640x820
[ios-render] screen=820x410 render=1640x820
[ios-render] screen=820x410 render=1640x820
[ios-render] screen=820x410 render=1640x820
[ios-render] screen=820x410 render=1640x820
[ios-render] screen=820x410 render=1640x820
[ios-render] screen=820x410 render=1640x820
[ios-render] screen=820x410 render=1640x820
[ios-render] screen=820x410 render=1640x820
[ios-render] screen=820x410 render=1640x820
[ios-render] screen=820x410 render=1640x820
[ios-render] screen=820x410 render=1640x820
[ios-render] screen=820x410 render=1640x820
[ios-render] screen=820x410 render=1640x820
[ios-render] screen=820x410 render=1640x820
[ios-render] screen=820x410 render=1640x820
[ios-render] screen=820x410 render=1640x820
[ios-render] screen=820x410 render=1640x820
[ios-render] screen=820x410 render=1640x820
[ios-render] screen=820x410 render=1640x820
[ios-render] screen=820x410 render=1640x820
[ios-render] screen=820x410 render=1640x820
[ios-render] screen=820x410 render=1640x820
[ios-render] screen=820x410 render=1640x820
[ios-render] screen=820x410 render=1640x820
[ios-render] screen=820x410 render=1640x820
[ios-render] screen=820x410 render=1640x820
[ios-render] screen=820x410 render=1640x820
[ios-render] screen=820x410 render=1640x820
[ios-render] screen=820x410 render=1640x820
[ios-render] screen=820x410 render=1640x820
[ios-render] screen=820x410 render=1640x820
[ios-render] screen=820x410 render=1640x820
[ios-render] screen=820x410 render=1640x820
[ios-render] screen=820x410 render=1640x820
[ios-render] screen=820x410 render=1640x820
[ios-render] screen=820x410 render=1640x820
[ios-render] screen=820x410 render=1640x820
[ios-render] screen=820x410 render=1640x820
[ios-render] screen=820x410 render=1640x820
[ios-render] screen=820x410 render=1640x820
[ios-render] screen=820x410 render=1640x820
[ios-render] screen=820x410 render=1640x820
[ios-render] screen=820x410 render=1640x820
[ios-render] screen=820x410 render=1640x820
[ios-render] screen=820x410 render=1640x820
[ios-render] screen=820x410 render=1640x820
[ios-render] screen=820x410 render=1640x820
[ios-render] screen=820x410 render=1640x820
[ios-render] screen=820x410 render=1640x820
[ios-render] screen=820x410 render=1640x820
[ios-render] screen=820x410 render=1640x820
[ios-render] screen=820x410 render=1640x820
[ios-render] screen=820x410 render=1640x820
[ios-render] screen=820x410 render=1640x820
[ios-render] screen=820x410 render=1640x820
[ios-render] screen=820x410 render=1640x820
[ios-render] screen=820x410 render=1640x820
[ios-render] screen=820x410 render=1640x820
[ios-render] screen=820x410 render=1640x820
[ios-render] screen=820x410 render=1640x820
[ios-render] screen=820x410 render=1640x820
[ios-render] screen=820x410 render=1640x820
[ios-render] screen=820x410 render=1640x820
[ios-render] screen=820x410 render=1640x820
[ios-render] screen=820x410 render=1640x820
[ios-render] screen=820x410 render=1640x820
[ios-render] screen=820x410 render=1640x820
[ios-render] screen=820x410 render=1640x820
[ios-render] screen=820x410 render=1640x820
[ios-render] screen=820x410 render=1640x820
[ios-render] screen=820x410 render=1640x820
[ios-render] screen=820x410 render=1640x820
[ios-render] screen=820x410 render=1640x820
[ios-render] screen=820x410 render=1640x820
[ios-render] screen=820x410 render=1640x820
[ios-render] screen=820x410 render=1640x820
[ios-render] screen=820x410 render=1640x820
[ios-render] screen=820x410 render=1640x820
[ios-render] screen=820x410 render=1640x820
[ios-render] screen=820x410 render=1640x820
[ios-render] screen=820x410 render=1640x820
[ios-render] screen=820x410 render=1640x820
[ios-render] screen=820x410 render=1640x820
[ios-render] screen=820x410 render=1640x820
[ios-render] screen=820x410 render=1640x820
[ios-render] screen=820x410 render=1640x820
[ios-render] screen=820x410 render=1640x820
[ios-render] screen=820x410 render=1640x820
[ios-render] screen=820x410 render=1640x820
[ios-render] screen=820x410 render=1640x820
[ios-render] screen=820x410 render=1640x820
[ios-render] screen=820x410 render=1640x820
[ios-render] screen=820x410 render=1640x820
[ios-render] screen=820x410 render=1640x820
[ios-render] screen=820x410 render=1640x820
[ios-render] screen=820x410 render=1640x820
[ios-render] screen=820x410 render=1640x820
[ios-render] screen=820x410 render=1640x820
[ios-render] screen=820x410 render=1640x820
[ios-render] screen=820x410 render=1640x820
[ios-render] screen=820x410 render=1640x820
[ios-render] screen=820x410 render=1640x820
[ios-render] screen=820x410 render=1640x820
[ios-render] screen=820x410 render=1640x820
[ios-render] screen=820x410 render=1640x820
[ios-render] screen=820x410 render=1640x820
[ios-render] screen=820x410 render=1640x820
[ios-render] screen=820x410 render=1640x820
[ios-render] screen=820x410 render=1640x820
[ios-render] screen=820x410 render=1640x820
[ios-render] screen=820x410 render=1640x820
[ios-render] screen=820x410 render=1640x820
[ios-render] screen=820x410 render=1640x820
[ios-render] screen=820x410 render=1640x820
[ios-render] screen=820x410 render=1640x820
[ios-render] screen=820x410 render=1640x820
[ios-render] screen=820x410 render=1640x820
[ios-render] screen=820x410 render=1640x820
[ios-render] screen=820x410 render=1640x820
[ios-render] screen=820x410 render=1640x820
[ios-render] screen=820x410 render=1640x820
[ios-render] screen=820x410 render=1640x820
[ios-render] screen=820x410 render=1640x820
[ios-render] screen=820x410 render=1640x820
[ios-render] screen=820x410 render=1640x820
[ios-render] screen=820x410 render=1640x820
[ios-render] screen=820x410 render=1640x820
[ios-render] screen=820x410 render=1640x820
[ios-render] screen=820x410 render=1640x820
[ios-render] screen=820x410 render=1640x820
[ios-render] screen=820x410 render=1640x820
[ios-render] screen=820x410 render=1640x820
[ios-render] screen=820x410 render=1640x820
[ios-render] screen=820x410 render=1640x820
[ios-render] screen=820x410 render=1640x820
[ios-render] screen=820x410 render=1640x820
[ios-render] screen=820x410 render=1640x820
[ios-render] screen=820x410 render=1640x820
[ios-render] screen=820x410 render=1640x820
[ios-render] screen=820x410 render=1640x820
[ios-render] screen=820x410 render=1640x820
[padscript] press i=3 now=16583ms at=16567ms hold=250ms buttons=0x4000
[ios-render] screen=820x410 render=1640x820
[ios-render] screen=820x410 render=1640x820
[ios-render] screen=820x410 render=1640x820
[ios-render] screen=820x410 render=1640x820
[ios-render] screen=820x410 render=1640x820
[ios-render] screen=820x410 render=1640x820
[ios-render] screen=820x410 render=1640x820
[ios-render] screen=820x410 render=1640x820
[ios-render] screen=820x410 render=1640x820
[ios-render] screen=820x410 render=1640x820
[ios-render] screen=820x410 render=1640x820
[ios-render] screen=820x410 render=1640x820
[ios-render] screen=820x410 render=1640x820
[ios-render] screen=820x410 render=1640x820
[ios-render] screen=820x410 render=1640x820
[ios-render] screen=820x410 render=1640x820
[ios-render] screen=820x410 render=1640x820
[ios-render] screen=820x410 render=1640x820
[ios-render] screen=820x410 render=1640x820
[ios-render] screen=820x410 render=1640x820
[ios-render] screen=820x410 render=1640x820
[ios-render] screen=820x410 render=1640x820
[ios-render] screen=820x410 render=1640x820
[ios-render] screen=820x410 render=1640x820
[ios-render] screen=820x410 render=1640x820
[ios-render] screen=820x410 render=1640x820
[ios-render] screen=820x410 render=1640x820
[ios-render] screen=820x410 render=1640x820
[ios-render] screen=820x410 render=1640x820
[ios-render] screen=820x410 render=1640x820
[ios-render] screen=820x410 render=1640x820
[ios-render] screen=820x410 render=1640x820
[ios-render] screen=820x410 render=1640x820
[ios-render] screen=820x410 render=1640x820
[ios-render] screen=820x410 render=1640x820
[ios-render] screen=820x410 render=1640x820
[padscript] release i=3 now=16833ms
[ios-render] screen=820x410 render=1640x820
[ios-render] screen=820x410 render=1640x820
[ios-render] screen=820x410 render=1640x820
[ios-render] screen=820x410 render=1640x820
[ios-render] screen=820x410 render=1640x820
[ios-render] screen=820x410 render=1640x820
[ios-render] screen=820x410 render=1640x820
[ios-render] screen=820x410 render=1640x820
[ios-render] screen=820x410 render=1640x820
[ios-render] screen=820x410 render=1640x820
[ios-render] screen=820x410 render=1640x820
[ios-render] screen=820x410 render=1640x820
[ios-render] screen=820x410 render=1640x820
[ios-render] screen=820x410 render=1640x820
[ios-render] screen=820x410 render=1640x820
[ios-render] screen=820x410 render=1640x820
[ios-render] screen=820x410 render=1640x820
[ios-render] screen=820x410 render=1640x820
[ios-render] screen=820x410 render=1640x820
[ios-render] screen=820x410 render=1640x820
[ios-render] screen=820x410 render=1640x820
[ios-render] screen=820x410 render=1640x820
[ios-render] screen=820x410 render=1640x820
[ios-render] screen=820x410 render=1640x820
[ios-render] screen=820x410 render=1640x820
[ios-render] screen=820x410 render=1640x820
[ios-render] screen=820x410 render=1640x820
[ios-render] screen=820x410 render=1640x820
[ios-render] screen=820x410 render=1640x820
[ios-render] screen=820x410 render=1640x820
[ios-render] screen=820x410 render=1640x820
[ios-render] screen=820x410 render=1640x820
[ios-render] screen=820x410 render=1640x820
[ios-render] screen=820x410 render=1640x820
[ios-render] screen=820x410 render=1640x820
[ios-render] screen=820x410 render=1640x820
[ios-render] screen=820x410 render=1640x820
[ios-render] screen=820x410 render=1640x820
[ios-render] screen=820x410 render=1640x820
[ios-render] screen=820x410 render=1640x820
[ios-render] screen=820x410 render=1640x820
[ios-render] screen=820x410 render=1640x820
[ios-render] screen=820x410 render=1640x820
[ios-render] screen=820x410 render=1640x820
[ios-render] screen=820x410 render=1640x820
[ios-render] screen=820x410 render=1640x820
[ios-render] screen=820x410 render=1640x820
[ios-render] screen=820x410 render=1640x820
[ios-render] screen=820x410 render=1640x820
[ios-render] screen=820x410 render=1640x820
[ios-render] screen=820x410 render=1640x820
[ios-render] screen=820x410 render=1640x820
[ios-render] screen=820x410 render=1640x820
[ios-render] screen=820x410 render=1640x820
[ios-render] screen=820x410 render=1640x820
[ios-render] screen=820x410 render=1640x820
[ios-render] screen=820x410 render=1640x820
[ios-render] screen=820x410 render=1640x820
[ios-render] screen=820x410 render=1640x820
[ios-render] screen=820x410 render=1640x820
[ios-render] screen=820x410 render=1640x820
[ios-render] screen=820x410 render=1640x820
[ios-render] screen=820x410 render=1640x820
[ios-render] screen=820x410 render=1640x820
[ios-render] screen=820x410 render=1640x820
[ios-render] screen=820x410 render=1640x820
[ios-render] screen=820x410 render=1640x820
[ios-render] screen=820x410 render=1640x820
[ios-render] screen=820x410 render=1640x820
[ios-render] screen=820x410 render=1640x820
[ios-render] screen=820x410 render=1640x820
[ios-render] screen=820x410 render=1640x820
[ios-render] screen=820x410 render=1640x820
[ios-render] screen=820x410 render=1640x820
[ios-render] screen=820x410 render=1640x820
[ios-render] screen=820x410 render=1640x820
[ios-render] screen=820x410 render=1640x820
[ios-render] screen=820x410 render=1640x820
[ios-render] screen=820x410 render=1640x820
[ios-render] screen=820x410 render=1640x820
[ios-render] screen=820x410 render=1640x820
[ios-render] screen=820x410 render=1640x820
[ios-render] screen=820x410 render=1640x820
[ios-render] screen=820x410 render=1640x820
[ios-render] screen=820x410 render=1640x820
[ios-render] screen=820x410 render=1640x820
[ios-render] screen=820x410 render=1640x820
[ios-render] screen=820x410 render=1640x820
[ios-render] screen=820x410 render=1640x820
[ios-render] screen=820x410 render=1640x820
[ios-render] screen=820x410 render=1640x820
[ios-render] screen=820x410 render=1640x820
[ios-render] screen=820x410 render=1640x820
[ios-render] screen=820x410 render=1640x820
[ios-render] screen=820x410 render=1640x820
[ios-render] screen=820x410 render=1640x820
[ios-render] screen=820x410 render=1640x820
[ios-render] screen=820x410 render=1640x820
[ios-render] screen=820x410 render=1640x820
[ios-render] screen=820x410 render=1640x820
[ios-render] screen=820x410 render=1640x820
[ios-render] screen=820x410 render=1640x820
[ios-render] screen=820x410 render=1640x820
[ios-render] screen=820x410 render=1640x820
[ios-render] screen=820x410 render=1640x820
[ios-render] screen=820x410 render=1640x820
[ios-render] screen=820x410 render=1640x820
[ios-render] screen=820x410 render=1640x820
[ios-render] screen=820x410 render=1640x820
[ios-render] screen=820x410 render=1640x820
[ios-render] screen=820x410 render=1640x820
[ios-render] screen=820x410 render=1640x820
[ios-render] screen=820x410 render=1640x820
[vsync-rate] tick=1048 rate=16.95/s (0.283x of 59.94)
[ios-render] screen=820x410 render=1640x820
[ios-render] screen=820x410 render=1640x820
[ios-render] screen=820x410 render=1640x820
[ios-render] screen=820x410 render=1640x820
[ios-render] screen=820x410 render=1640x820
[ios-render] screen=820x410 render=1640x820
[ios-render] screen=820x410 render=1640x820
[ios-render] screen=820x410 render=1640x820
[ios-render] screen=820x410 render=1640x820
[ios-render] screen=820x410 render=1640x820
[ios-render] screen=820x410 render=1640x820
[ios-render] screen=820x410 render=1640x820
[ios-render] screen=820x410 render=1640x820
[ios-render] screen=820x410 render=1640x820
[ios-render] screen=820x410 render=1640x820
[ios-render] screen=820x410 render=1640x820
[ios-render] screen=820x410 render=1640x820
[ios-render] screen=820x410 render=1640x820
[ios-render] screen=820x410 render=1640x820
[ios-render] screen=820x410 render=1640x820
[ios-render] screen=820x410 render=1640x820
[ios-render] screen=820x410 render=1640x820
[ios-render] screen=820x410 render=1640x820
[ios-render] screen=820x410 render=1640x820
[ios-render] screen=820x410 render=1640x820
[ios-render] screen=820x410 render=1640x820
[ios-render] screen=820x410 render=1640x820
[ios-render] screen=820x410 render=1640x820
[ios-render] screen=820x410 render=1640x820
[ios-render] screen=820x410 render=1640x820
[ios-render] screen=820x410 render=1640x820
[ios-render] screen=820x410 render=1640x820
[ios-render] screen=820x410 render=1640x820
[ios-render] screen=820x410 render=1640x820
[ios-render] screen=820x410 render=1640x820
[ios-render] screen=820x410 render=1640x820
[ios-render] screen=820x410 render=1640x820
[ios-render] screen=820x410 render=1640x820
[ios-render] screen=820x410 render=1640x820
[ios-render] screen=820x410 render=1640x820
[ios-render] screen=820x410 render=1640x820
[ios-render] screen=820x410 render=1640x820
[ios-render] screen=820x410 render=1640x820
[ios-render] screen=820x410 render=1640x820
[ios-render] screen=820x410 render=1640x820
[ios-render] screen=820x410 render=1640x820
[ios-render] screen=820x410 render=1640x820
[ios-render] screen=820x410 render=1640x820
[ios-render] screen=820x410 render=1640x820
[ios-render] screen=820x410 render=1640x820
[ios-render] screen=820x410 render=1640x820
[ios-render] screen=820x410 render=1640x820
[ios-render] screen=820x410 render=1640x820
[ios-render] screen=820x410 render=1640x820
[ios-render] screen=820x410 render=1640x820
[ios-render] screen=820x410 render=1640x820
[ios-render] screen=820x410 render=1640x820
[ios-render] screen=820x410 render=1640x820
[ios-render] screen=820x410 render=1640x820
[ios-render] screen=820x410 render=1640x820
[ios-render] screen=820x410 render=1640x820
[ios-render] screen=820x410 render=1640x820
[ios-render] screen=820x410 render=1640x820
[ios-render] screen=820x410 render=1640x820
[ios-render] screen=820x410 render=1640x820
[ios-render] screen=820x410 render=1640x820
[ios-render] screen=820x410 render=1640x820
[ios-render] screen=820x410 render=1640x820
[ios-render] screen=820x410 render=1640x820
[ios-render] screen=820x410 render=1640x820
[ios-render] screen=820x410 render=1640x820
[ios-render] screen=820x410 render=1640x820
[ios-render] screen=820x410 render=1640x820
[ios-render] screen=820x410 render=1640x820
[ios-render] screen=820x410 render=1640x820
[ios-render] screen=820x410 render=1640x820
[ios-render] screen=820x410 render=1640x820
[ios-render] screen=820x410 render=1640x820
[ios-render] screen=820x410 render=1640x820
[ios-render] screen=820x410 render=1640x820
[ios-render] screen=820x410 render=1640x820
[ios-render] screen=820x410 render=1640x820
[ios-render] screen=820x410 render=1640x820
[ios-render] screen=820x410 render=1640x820
[ios-render] screen=820x410 render=1640x820
[ios-render] screen=820x410 render=1640x820
[ios-render] screen=820x410 render=1640x820
[ios-render] screen=820x410 render=1640x820
[ios-render] screen=820x410 render=1640x820
[ios-render] screen=820x410 render=1640x820
[ios-render] screen=820x410 render=1640x820
[ios-render] screen=820x410 render=1640x820
[ios-render] screen=820x410 render=1640x820
[ios-render] screen=820x410 render=1640x820
[ios-render] screen=820x410 render=1640x820
[ios-render] screen=820x410 render=1640x820
[ios-render] screen=820x410 render=1640x820
[ios-render] screen=820x410 render=1640x820
[ios-render] screen=820x410 render=1640x820
[ios-render] screen=820x410 render=1640x820
[ios-render] screen=820x410 render=1640x820
[ios-render] screen=820x410 render=1640x820
[ios-render] screen=820x410 render=1640x820
[ios-render] screen=820x410 render=1640x820
[ios-render] screen=820x410 render=1640x820
[ios-render] screen=820x410 render=1640x820
[ios-render] screen=820x410 render=1640x820
[ios-render] screen=820x410 render=1640x820
[ios-render] screen=820x410 render=1640x820
[ios-render] screen=820x410 render=1640x820
[ios-render] screen=820x410 render=1640x820
[ios-render] screen=820x410 render=1640x820
[ios-render] screen=820x410 render=1640x820
[ios-render] screen=820x410 render=1640x820
[ios-render] screen=820x410 render=1640x820
[ios-render] screen=820x410 render=1640x820
[ios-render] screen=820x410 render=1640x820
[ios-render] screen=820x410 render=1640x820
[ios-render] screen=820x410 render=1640x820
[ios-render] screen=820x410 render=1640x820
[ios-render] screen=820x410 render=1640x820
[ios-render] screen=820x410 render=1640x820
[ios-render] screen=820x410 render=1640x820
[ios-render] screen=820x410 render=1640x820
[ios-render] screen=820x410 render=1640x820
[ios-render] screen=820x410 render=1640x820
[ios-render] screen=820x410 render=1640x820
[ios-render] screen=820x410 render=1640x820
[ios-render] screen=820x410 render=1640x820
[ios-render] screen=820x410 render=1640x820
[ios-render] screen=820x410 render=1640x820
[ios-render] screen=820x410 render=1640x820
[ios-render] screen=820x410 render=1640x820
[ios-render] screen=820x410 render=1640x820
[ios-render] screen=820x410 render=1640x820
[ios-render] screen=820x410 render=1640x820
[ios-render] screen=820x410 render=1640x820
[ios-render] screen=820x410 render=1640x820
[ios-render] screen=820x410 render=1640x820
[ios-render] screen=820x410 render=1640x820
[ios-render] screen=820x410 render=1640x820
[ios-render] screen=820x410 render=1640x820
[ios-render] screen=820x410 render=1640x820
[ios-render] screen=820x410 render=1640x820
[ios-render] screen=820x410 render=1640x820
[ios-render] screen=820x410 render=1640x820
[ios-render] screen=820x410 render=1640x820
[ios-render] screen=820x410 render=1640x820
[ios-render] screen=820x410 render=1640x820
[ios-render] screen=820x410 render=1640x820
[ios-render] screen=820x410 render=1640x820
[ios-render] screen=820x410 render=1640x820
[ios-render] screen=820x410 render=1640x820
[ios-render] screen=820x410 render=1640x820
[ios-render] screen=820x410 render=1640x820
[padscript] press i=4 now=18351ms at=18336ms hold=250ms buttons=0x4000
[ios-render] screen=820x410 render=1640x820
[ios-render] screen=820x410 render=1640x820
[ios-render] screen=820x410 render=1640x820
[ios-render] screen=820x410 render=1640x820
[ios-render] screen=820x410 render=1640x820
[ios-render] screen=820x410 render=1640x820
[ios-render] screen=820x410 render=1640x820
[ios-render] screen=820x410 render=1640x820
[ios-render] screen=820x410 render=1640x820
[ios-render] screen=820x410 render=1640x820
[ios-render] screen=820x410 render=1640x820
[ios-render] screen=820x410 render=1640x820
[ios-render] screen=820x410 render=1640x820
[ios-render] screen=820x410 render=1640x820
[ios-render] screen=820x410 render=1640x820
[ios-render] screen=820x410 render=1640x820
[ios-render] screen=820x410 render=1640x820
[ios-render] screen=820x410 render=1640x820
[ios-render] screen=820x410 render=1640x820
[ios-render] screen=820x410 render=1640x820
[ios-render] screen=820x410 render=1640x820
[ios-render] screen=820x410 render=1640x820
[ios-render] screen=820x410 render=1640x820
[ios-render] screen=820x410 render=1640x820
[ios-render] screen=820x410 render=1640x820
[ios-render] screen=820x410 render=1640x820
[ios-render] screen=820x410 render=1640x820
[ios-render] screen=820x410 render=1640x820
[ios-render] screen=820x410 render=1640x820
[ios-render] screen=820x410 render=1640x820
[ios-render] screen=820x410 render=1640x820
[ios-render] screen=820x410 render=1640x820
[ios-render] screen=820x410 render=1640x820
[ios-render] screen=820x410 render=1640x820
[ios-render] screen=820x410 render=1640x820
[ios-render] screen=820x410 render=1640x820
[ios-render] screen=820x410 render=1640x820
[ios-render] screen=820x410 render=1640x820
[ios-render] screen=820x410 render=1640x820
[ios-render] screen=820x410 render=1640x820
[padscript] release i=4 now=18601ms
[ios-render] screen=820x410 render=1640x820
[ios-render] screen=820x410 render=1640x820
[ios-render] screen=820x410 render=1640x820
[ios-render] screen=820x410 render=1640x820
[ios-render] screen=820x410 render=1640x820
[ios-render] screen=820x410 render=1640x820
[ios-render] screen=820x410 render=1640x820
[ios-render] screen=820x410 render=1640x820
[ios-render] screen=820x410 render=1640x820
[ios-render] screen=820x410 render=1640x820
[ios-render] screen=820x410 render=1640x820
[ios-render] screen=820x410 render=1640x820
[ios-render] screen=820x410 render=1640x820
[ios-render] screen=820x410 render=1640x820
[ios-render] screen=820x410 render=1640x820
[ios-render] screen=820x410 render=1640x820
[ios-render] screen=820x410 render=1640x820
[ios-render] screen=820x410 render=1640x820
[ios-render] screen=820x410 render=1640x820
[ios-render] screen=820x410 render=1640x820
[ios-render] screen=820x410 render=1640x820
[ios-render] screen=820x410 render=1640x820
[ios-render] screen=820x410 render=1640x820
[ios-render] screen=820x410 render=1640x820
[ios-render] screen=820x410 render=1640x820
[ios-render] screen=820x410 render=1640x820
[ios-render] screen=820x410 render=1640x820
[ios-render] screen=820x410 render=1640x820
[ios-render] screen=820x410 render=1640x820
[ios-render] screen=820x410 render=1640x820
[ios-render] screen=820x410 render=1640x820
[ios-render] screen=820x410 render=1640x820
[ios-render] screen=820x410 render=1640x820
[ios-render] screen=820x410 render=1640x820
[ios-render] screen=820x410 render=1640x820
[ios-render] screen=820x410 render=1640x820
[ios-render] screen=820x410 render=1640x820
[ios-render] screen=820x410 render=1640x820
[ios-render] screen=820x410 render=1640x820
[ios-render] screen=820x410 render=1640x820
[ios-render] screen=820x410 render=1640x820
[ios-render] screen=820x410 render=1640x820
[ios-render] screen=820x410 render=1640x820
[ios-render] screen=820x410 render=1640x820
[ios-render] screen=820x410 render=1640x820
[ios-render] screen=820x410 render=1640x820
[ios-render] screen=820x410 render=1640x820
[ios-render] screen=820x410 render=1640x820
[ios-render] screen=820x410 render=1640x820
[ios-render] screen=820x410 render=1640x820
[ios-render] screen=820x410 render=1640x820
[ios-render] screen=820x410 render=1640x820
[ios-render] screen=820x410 render=1640x820
[ios-render] screen=820x410 render=1640x820
[ios-render] screen=820x410 render=1640x820
[ios-render] screen=820x410 render=1640x820
[ios-render] screen=820x410 render=1640x820
[ios-render] screen=820x410 render=1640x820
[ios-render] screen=820x410 render=1640x820
[ios-render] screen=820x410 render=1640x820
[ios-render] screen=820x410 render=1640x820
[ios-render] screen=820x410 render=1640x820
[ios-render] screen=820x410 render=1640x820
[ios-render] screen=820x410 render=1640x820
[ios-render] screen=820x410 render=1640x820
[ios-render] screen=820x410 render=1640x820
[ios-render] screen=820x410 render=1640x820
[ios-render] screen=820x410 render=1640x820
[ios-render] screen=820x410 render=1640x820
[ios-render] screen=820x410 render=1640x820
[ios-render] screen=820x410 render=1640x820
[ios-render] screen=820x410 render=1640x820
[ios-render] screen=820x410 render=1640x820
[ios-render] screen=820x410 render=1640x820
[ios-render] screen=820x410 render=1640x820
[ios-render] screen=820x410 render=1640x820
[ios-render] screen=820x410 render=1640x820
[ios-render] screen=820x410 render=1640x820
[ios-render] screen=820x410 render=1640x820
[ios-render] screen=820x410 render=1640x820
[ios-render] screen=820x410 render=1640x820
[ios-render] screen=820x410 render=1640x820
[ios-render] screen=820x410 render=1640x820
[ios-render] screen=820x410 render=1640x820
[ios-render] screen=820x410 render=1640x820
[ios-render] screen=820x410 render=1640x820
[ios-render] screen=820x410 render=1640x820
[ios-render] screen=820x410 render=1640x820
[ios-render] screen=820x410 render=1640x820
[ios-render] screen=820x410 render=1640x820
[ios-render] screen=820x410 render=1640x820
[ios-render] screen=820x410 render=1640x820
[ios-render] screen=820x410 render=1640x820
[ios-render] screen=820x410 render=1640x820
[ios-render] screen=820x410 render=1640x820
[ios-render] screen=820x410 render=1640x820
[vsync-rate] tick=1147 rate=19.73/s (0.329x of 59.94)
[ios-render] screen=820x410 render=1640x820
[ios-render] screen=820x410 render=1640x820
[ios-render] screen=820x410 render=1640x820
[ios-render] screen=820x410 render=1640x820
[ios-render] screen=820x410 render=1640x820
[ios-render] screen=820x410 render=1640x820
[ios-render] screen=820x410 render=1640x820
[ios-render] screen=820x410 render=1640x820
[ios-render] screen=820x410 render=1640x820
[ios-render] screen=820x410 render=1640x820
[ios-render] screen=820x410 render=1640x820
[ios-render] screen=820x410 render=1640x820
[ios-render] screen=820x410 render=1640x820
[ios-render] screen=820x410 render=1640x820
[ios-render] screen=820x410 render=1640x820
[ios-render] screen=820x410 render=1640x820
[ios-render] screen=820x410 render=1640x820
[ios-render] screen=820x410 render=1640x820
[ios-render] screen=820x410 render=1640x820
[ios-render] screen=820x410 render=1640x820
[ios-render] screen=820x410 render=1640x820
[ios-render] screen=820x410 render=1640x820
[ios-render] screen=820x410 render=1640x820
[ios-render] screen=820x410 render=1640x820
[ios-render] screen=820x410 render=1640x820
[ios-render] screen=820x410 render=1640x820
[ios-render] screen=820x410 render=1640x820
[ios-render] screen=820x410 render=1640x820
[ios-render] screen=820x410 render=1640x820
[ios-render] screen=820x410 render=1640x820
[ios-render] screen=820x410 render=1640x820
[ios-render] screen=820x410 render=1640x820
[ios-render] screen=820x410 render=1640x820
[ios-render] screen=820x410 render=1640x820
[ios-render] screen=820x410 render=1640x820
[ios-render] screen=820x410 render=1640x820
[ios-render] screen=820x410 render=1640x820
[ios-render] screen=820x410 render=1640x820
[ios-render] screen=820x410 render=1640x820
[ios-render] screen=820x410 render=1640x820
[ios-render] screen=820x410 render=1640x820
[ios-render] screen=820x410 render=1640x820
[ios-render] screen=820x410 render=1640x820
[ios-render] screen=820x410 render=1640x820
[ios-render] screen=820x410 render=1640x820
[ios-render] screen=820x410 render=1640x820
[ios-render] screen=820x410 render=1640x820
[ios-render] screen=820x410 render=1640x820
[ios-render] screen=820x410 render=1640x820
[ios-render] screen=820x410 render=1640x820
[ios-render] screen=820x410 render=1640x820
[ios-render] screen=820x410 render=1640x820
[ios-render] screen=820x410 render=1640x820
[ios-render] screen=820x410 render=1640x820
[ios-render] screen=820x410 render=1640x820
[ios-render] screen=820x410 render=1640x820
[ios-render] screen=820x410 render=1640x820
[ios-render] screen=820x410 render=1640x820
[ios-render] screen=820x410 render=1640x820
[ios-render] screen=820x410 render=1640x820
[ios-render] screen=820x410 render=1640x820
[ios-render] screen=820x410 render=1640x820
[ios-render] screen=820x410 render=1640x820
[ios-render] screen=820x410 render=1640x820
[ios-render] screen=820x410 render=1640x820
[ios-render] screen=820x410 render=1640x820
[ios-render] screen=820x410 render=1640x820
[ios-render] screen=820x410 render=1640x820
[ios-render] screen=820x410 render=1640x820
[ios-render] screen=820x410 render=1640x820
[ios-render] screen=820x410 render=1640x820
[ios-render] screen=820x410 render=1640x820
[ios-render] screen=820x410 render=1640x820
[ios-render] screen=820x410 render=1640x820
[ios-render] screen=820x410 render=1640x820
[ios-render] screen=820x410 render=1640x820
[ios-render] screen=820x410 render=1640x820
[ios-render] screen=820x410 render=1640x820
[ios-render] screen=820x410 render=1640x820
[ios-render] screen=820x410 render=1640x820
[ios-render] screen=820x410 render=1640x820
[ios-render] screen=820x410 render=1640x820
[ios-render] screen=820x410 render=1640x820
[ios-render] screen=820x410 render=1640x820
[ios-render] screen=820x410 render=1640x820
[ios-render] screen=820x410 render=1640x820
[ios-render] screen=820x410 render=1640x820
[ios-render] screen=820x410 render=1640x820
[ios-render] screen=820x410 render=1640x820
[ios-render] screen=820x410 render=1640x820
[ios-render] screen=820x410 render=1640x820
[ios-render] screen=820x410 render=1640x820
[ios-render] screen=820x410 render=1640x820
[ios-render] screen=820x410 render=1640x820
[ios-render] screen=820x410 render=1640x820
[ios-render] screen=820x410 render=1640x820
[ios-render] screen=820x410 render=1640x820
[ios-render] screen=820x410 render=1640x820
[ios-render] screen=820x410 render=1640x820
[ios-render] screen=820x410 render=1640x820
[ios-render] screen=820x410 render=1640x820
[ios-render] screen=820x410 render=1640x820
[ios-render] screen=820x410 render=1640x820
[ios-render] screen=820x410 render=1640x820
[ios-render] screen=820x410 render=1640x820
[ios-render] screen=820x410 render=1640x820
[ios-render] screen=820x410 render=1640x820
[ios-render] screen=820x410 render=1640x820
[ios-render] screen=820x410 render=1640x820
[ios-render] screen=820x410 render=1640x820
[ios-render] screen=820x410 render=1640x820
[ios-render] screen=820x410 render=1640x820
[ios-render] screen=820x410 render=1640x820
[ios-render] screen=820x410 render=1640x820
[padscript] press i=5 now=19786ms at=19770ms hold=250ms buttons=0x4000
[ios-render] screen=820x410 render=1640x820
[ios-render] screen=820x410 render=1640x820
[ios-render] screen=820x410 render=1640x820
[ios-render] screen=820x410 render=1640x820
[ios-render] screen=820x410 render=1640x820
[ios-render] screen=820x410 render=1640x820
[ios-render] screen=820x410 render=1640x820
[ios-render] screen=820x410 render=1640x820
[ios-render] screen=820x410 render=1640x820
[ios-render] screen=820x410 render=1640x820
[ios-render] screen=820x410 render=1640x820
[ios-render] screen=820x410 render=1640x820
[ios-render] screen=820x410 render=1640x820
[ios-render] screen=820x410 render=1640x820
[ios-render] screen=820x410 render=1640x820
[ios-render] screen=820x410 render=1640x820
[ios-render] screen=820x410 render=1640x820
[ios-render] screen=820x410 render=1640x820
[ios-render] screen=820x410 render=1640x820
[ios-render] screen=820x410 render=1640x820
[ios-render] screen=820x410 render=1640x820
[ios-render] screen=820x410 render=1640x820
[ios-render] screen=820x410 render=1640x820
[ios-render] screen=820x410 render=1640x820
[ios-render] screen=820x410 render=1640x820
[ios-render] screen=820x410 render=1640x820
[ios-render] screen=820x410 render=1640x820
[ios-render] screen=820x410 render=1640x820
[ios-render] screen=820x410 render=1640x820
[ios-render] screen=820x410 render=1640x820
[ios-render] screen=820x410 render=1640x820
[ios-render] screen=820x410 render=1640x820
[ios-render] screen=820x410 render=1640x820
[ios-render] screen=820x410 render=1640x820
[ios-render] screen=820x410 render=1640x820
[ios-render] screen=820x410 render=1640x820
[ios-render] screen=820x410 render=1640x820
[ios-render] screen=820x410 render=1640x820
[ios-render] screen=820x410 render=1640x820
[ios-render] screen=820x410 render=1640x820
[ios-render] screen=820x410 render=1640x820
[padscript] release i=5 now=20020ms
[ios-render] screen=820x410 render=1640x820
[ios-render] screen=820x410 render=1640x820
[ios-render] screen=820x410 render=1640x820
[ios-render] screen=820x410 render=1640x820
[ios-render] screen=820x410 render=1640x820
[ios-render] screen=820x410 render=1640x820
[ios-render] screen=820x410 render=1640x820
[ios-render] screen=820x410 render=1640x820
[ios-render] screen=820x410 render=1640x820
[ios-render] screen=820x410 render=1640x820
[ios-render] screen=820x410 render=1640x820
[ios-render] screen=820x410 render=1640x820
[ios-render] screen=820x410 render=1640x820
[ios-render] screen=820x410 render=1640x820
[ios-render] screen=820x410 render=1640x820
[ios-render] screen=820x410 render=1640x820
[ios-render] screen=820x410 render=1640x820
[ios-render] screen=820x410 render=1640x820
[ios-render] screen=820x410 render=1640x820
[ios-render] screen=820x410 render=1640x820
[ios-render] screen=820x410 render=1640x820
[ios-render] screen=820x410 render=1640x820
[ios-render] screen=820x410 render=1640x820
[ios-render] screen=820x410 render=1640x820
[ios-render] screen=820x410 render=1640x820
[ios-render] screen=820x410 render=1640x820
[ios-render] screen=820x410 render=1640x820
[ios-render] screen=820x410 render=1640x820
[ios-render] screen=820x410 render=1640x820
[ios-render] screen=820x410 render=1640x820
[ios-render] screen=820x410 render=1640x820
[ios-render] screen=820x410 render=1640x820
[ios-render] screen=820x410 render=1640x820
[ios-render] screen=820x410 render=1640x820
[ios-render] screen=820x410 render=1640x820
[ios-render] screen=820x410 render=1640x820
[ios-render] screen=820x410 render=1640x820
[ios-render] screen=820x410 render=1640x820
[ios-render] screen=820x410 render=1640x820
[ios-render] screen=820x410 render=1640x820
[ios-render] screen=820x410 render=1640x820
[ios-render] screen=820x410 render=1640x820
[ios-render] screen=820x410 render=1640x820
[ios-render] screen=820x410 render=1640x820
[ios-render] screen=820x410 render=1640x820
[ios-render] screen=820x410 render=1640x820
[ios-render] screen=820x410 render=1640x820
[ios-render] screen=820x410 render=1640x820
[ios-render] screen=820x410 render=1640x820
[ios-render] screen=820x410 render=1640x820
[ios-render] screen=820x410 render=1640x820
[ios-render] screen=820x410 render=1640x820
[ios-render] screen=820x410 render=1640x820
[ios-render] screen=820x410 render=1640x820
[ios-render] screen=820x410 render=1640x820
[ios-render] screen=820x410 render=1640x820
[ios-render] screen=820x410 render=1640x820
[ios-render] screen=820x410 render=1640x820
[ios-render] screen=820x410 render=1640x820
[ios-render] screen=820x410 render=1640x820
[ios-render] screen=820x410 render=1640x820
[ios-render] screen=820x410 render=1640x820
[ios-render] screen=820x410 render=1640x820
[ios-render] screen=820x410 render=1640x820
[ios-render] screen=820x410 render=1640x820
[ios-render] screen=820x410 render=1640x820
[ios-render] screen=820x410 render=1640x820
[ios-render] screen=820x410 render=1640x820
[ios-render] screen=820x410 render=1640x820
[ios-render] screen=820x410 render=1640x820
[ios-render] screen=820x410 render=1640x820
[ios-render] screen=820x410 render=1640x820
[ios-render] screen=820x410 render=1640x820
[ios-render] screen=820x410 render=1640x820
[ios-render] screen=820x410 render=1640x820
[ios-render] screen=820x410 render=1640x820
[ios-render] screen=820x410 render=1640x820
[ios-render] screen=820x410 render=1640x820
[ios-render] screen=820x410 render=1640x820
[ios-render] screen=820x410 render=1640x820
[ios-render] screen=820x410 render=1640x820
[ios-render] screen=820x410 render=1640x820
[ios-render] screen=820x410 render=1640x820
[ios-render] screen=820x410 render=1640x820
[ios-render] screen=820x410 render=1640x820
[ios-render] screen=820x410 render=1640x820
[ios-render] screen=820x410 render=1640x820
[ios-render] screen=820x410 render=1640x820
[ios-render] screen=820x410 render=1640x820
[ios-render] screen=820x410 render=1640x820
[ios-render] screen=820x410 render=1640x820
[ios-render] screen=820x410 render=1640x820
[ios-render] screen=820x410 render=1640x820
[ios-render] screen=820x410 render=1640x820
[ios-render] screen=820x410 render=1640x820
[ios-render] screen=820x410 render=1640x820
[ios-render] screen=820x410 render=1640x820
[ios-render] screen=820x410 render=1640x820
[ios-render] screen=820x410 render=1640x820
[ios-render] screen=820x410 render=1640x820
[ios-render] screen=820x410 render=1640x820
[ios-render] screen=820x410 render=1640x820
[ios-render] screen=820x410 render=1640x820
[ios-render] screen=820x410 render=1640x820
[ios-render] screen=820x410 render=1640x820
[ios-render] screen=820x410 render=1640x820
[ios-render] screen=820x410 render=1640x820
[ios-render] screen=820x410 render=1640x820
[ios-render] screen=820x410 render=1640x820
[ios-render] screen=820x410 render=1640x820
[ios-render] screen=820x410 render=1640x820
[ios-render] screen=820x410 render=1640x820
[ios-render] screen=820x410 render=1640x820
[ios-render] screen=820x410 render=1640x820
[ios-render] screen=820x410 render=1640x820
[ios-render] screen=820x410 render=1640x820
[ios-render] screen=820x410 render=1640x820
[ios-render] screen=820x410 render=1640x820
[ios-render] screen=820x410 render=1640x820
[ios-render] screen=820x410 render=1640x820
[ios-render] screen=820x410 render=1640x820
[ios-render] screen=820x410 render=1640x820
[ios-render] screen=820x410 render=1640x820
[ios-render] screen=820x410 render=1640x820
[ios-render] screen=820x410 render=1640x820
[ios-render] screen=820x410 render=1640x820
[ios-render] screen=820x410 render=1640x820
[ios-render] screen=820x410 render=1640x820
[ios-render] screen=820x410 render=1640x820
[ios-render] screen=820x410 render=1640x820
[ios-render] screen=820x410 render=1640x820
[ios-render] screen=820x410 render=1640x820
[ios-render] screen=820x410 render=1640x820
[snd-output] wall-minute underruns=1454976 overflows=0 total-underruns=1454976 total-overflows=0
[ios-render] screen=820x410 render=1640x820
[ios-render] screen=820x410 render=1640x820
[ios-render] screen=820x410 render=1640x820
[ios-render] screen=820x410 render=1640x820
[ios-render] screen=820x410 render=1640x820
[ios-render] screen=820x410 render=1640x820
[vsync-rate] tick=1246 rate=19.77/s (0.330x of 59.94)
[ios-render] screen=820x410 render=1640x820
[ios-render] screen=820x410 render=1640x820
[ios-render] screen=820x410 render=1640x820
[ios-render] screen=820x410 render=1640x820
[ios-render] screen=820x410 render=1640x820
[ios-render] screen=820x410 render=1640x820
[ios-render] screen=820x410 render=1640x820
[ios-render] screen=820x410 render=1640x820
[ios-render] screen=820x410 render=1640x820
[ios-render] screen=820x410 render=1640x820
[ios-render] screen=820x410 render=1640x820
[ios-render] screen=820x410 render=1640x820
[ios-render] screen=820x410 render=1640x820
[ios-render] screen=820x410 render=1640x820
[ios-render] screen=820x410 render=1640x820
[ios-render] screen=820x410 render=1640x820
[ios-render] screen=820x410 render=1640x820
[ios-render] screen=820x410 render=1640x820
[ios-render] screen=820x410 render=1640x820
[ios-render] screen=820x410 render=1640x820
[ios-render] screen=820x410 render=1640x820
[ios-render] screen=820x410 render=1640x820
[ios-render] screen=820x410 render=1640x820
[ios-render] screen=820x410 render=1640x820
[ios-render] screen=820x410 render=1640x820
[ios-render] screen=820x410 render=1640x820
[ios-render] screen=820x410 render=1640x820
[ios-render] screen=820x410 render=1640x820
[ios-render] screen=820x410 render=1640x820
[ios-render] screen=820x410 render=1640x820
[ios-render] screen=820x410 render=1640x820
[ios-render] screen=820x410 render=1640x820
[ios-render] screen=820x410 render=1640x820
[ios-render] screen=820x410 render=1640x820
[ios-render] screen=820x410 render=1640x820
[ios-render] screen=820x410 render=1640x820
[ios-render] screen=820x410 render=1640x820
[ios-render] screen=820x410 render=1640x820
[ios-render] screen=820x410 render=1640x820
[ios-render] screen=820x410 render=1640x820
[ios-render] screen=820x410 render=1640x820
[ios-render] screen=820x410 render=1640x820
[ios-render] screen=820x410 render=1640x820
[ios-render] screen=820x410 render=1640x820
[ios-render] screen=820x410 render=1640x820
[ios-render] screen=820x410 render=1640x820
[ios-render] screen=820x410 render=1640x820
[ios-render] screen=820x410 render=1640x820
[ios-render] screen=820x410 render=1640x820
[ios-render] screen=820x410 render=1640x820
[ios-render] screen=820x410 render=1640x820
[ios-render] screen=820x410 render=1640x820
[ios-render] screen=820x410 render=1640x820
[ios-render] screen=820x410 render=1640x820
[ios-render] screen=820x410 render=1640x820
[ios-render] screen=820x410 render=1640x820
[ios-render] screen=820x410 render=1640x820
[ios-render] screen=820x410 render=1640x820
[ios-render] screen=820x410 render=1640x820
[ios-render] screen=820x410 render=1640x820
[ios-render] screen=820x410 render=1640x820
[ios-render] screen=820x410 render=1640x820
[ios-render] screen=820x410 render=1640x820
[ios-render] screen=820x410 render=1640x820
[ios-render] screen=820x410 render=1640x820
[ios-render] screen=820x410 render=1640x820
[ios-render] screen=820x410 render=1640x820
[ios-render] screen=820x410 render=1640x820
[ios-render] screen=820x410 render=1640x820
[ios-render] screen=820x410 render=1640x820
[ios-render] screen=820x410 render=1640x820
[ios-render] screen=820x410 render=1640x820
[ios-render] screen=820x410 render=1640x820
[ios-render] screen=820x410 render=1640x820
[ios-render] screen=820x410 render=1640x820
[padscript] press i=6 now=21221ms at=21205ms hold=150ms buttons=0x0040
[ios-render] screen=820x410 render=1640x820
[ios-render] screen=820x410 render=1640x820
[ios-render] screen=820x410 render=1640x820
[ios-render] screen=820x410 render=1640x820
[ios-render] screen=820x410 render=1640x820
[ios-render] screen=820x410 render=1640x820
[ios-render] screen=820x410 render=1640x820
[ios-render] screen=820x410 render=1640x820
[ios-render] screen=820x410 render=1640x820
[ios-render] screen=820x410 render=1640x820
[ios-render] screen=820x410 render=1640x820
[ios-render] screen=820x410 render=1640x820
[ios-render] screen=820x410 render=1640x820
[ios-render] screen=820x410 render=1640x820
[ios-render] screen=820x410 render=1640x820
[ios-render] screen=820x410 render=1640x820
[ios-render] screen=820x410 render=1640x820
[ios-render] screen=820x410 render=1640x820
[ios-render] screen=820x410 render=1640x820
[ios-render] screen=820x410 render=1640x820
[ios-render] screen=820x410 render=1640x820
[ios-render] screen=820x410 render=1640x820
[ios-render] screen=820x410 render=1640x820
[ios-render] screen=820x410 render=1640x820
[ios-render] screen=820x410 render=1640x820
[padscript] release i=6 now=21371ms
[ios-render] screen=820x410 render=1640x820
[ios-render] screen=820x410 render=1640x820
[ios-render] screen=820x410 render=1640x820
[ios-render] screen=820x410 render=1640x820
[ios-render] screen=820x410 render=1640x820
[ios-render] screen=820x410 render=1640x820
[ios-render] screen=820x410 render=1640x820
[ios-render] screen=820x410 render=1640x820
[ios-render] screen=820x410 render=1640x820
[ios-render] screen=820x410 render=1640x820
[ios-render] screen=820x410 render=1640x820
[ios-render] screen=820x410 render=1640x820
[ios-render] screen=820x410 render=1640x820
[ios-render] screen=820x410 render=1640x820
[ios-render] screen=820x410 render=1640x820
[ios-render] screen=820x410 render=1640x820
[ios-render] screen=820x410 render=1640x820
[ios-render] screen=820x410 render=1640x820
[ios-render] screen=820x410 render=1640x820
[ios-render] screen=820x410 render=1640x820
[ios-render] screen=820x410 render=1640x820
[ios-render] screen=820x410 render=1640x820
[ios-render] screen=820x410 render=1640x820
[ios-render] screen=820x410 render=1640x820
[ios-render] screen=820x410 render=1640x820
[ios-render] screen=820x410 render=1640x820
[ios-render] screen=820x410 render=1640x820
[ios-render] screen=820x410 render=1640x820
[ios-render] screen=820x410 render=1640x820
[ios-render] screen=820x410 render=1640x820
[ios-render] screen=820x410 render=1640x820
[ios-render] screen=820x410 render=1640x820
[ios-render] screen=820x410 render=1640x820
[ios-render] screen=820x410 render=1640x820
[ios-render] screen=820x410 render=1640x820
[ios-render] screen=820x410 render=1640x820
[ios-render] screen=820x410 render=1640x820
[ios-render] screen=820x410 render=1640x820
[ios-render] screen=820x410 render=1640x820
[ios-render] screen=820x410 render=1640x820
[ios-render] screen=820x410 render=1640x820
[ios-render] screen=820x410 render=1640x820
[ios-render] screen=820x410 render=1640x820
[ios-render] screen=820x410 render=1640x820
[ios-render] screen=820x410 render=1640x820
[ios-render] screen=820x410 render=1640x820
[ios-render] screen=820x410 render=1640x820
[ios-render] screen=820x410 render=1640x820
[ios-render] screen=820x410 render=1640x820
[ios-render] screen=820x410 render=1640x820
[ios-render] screen=820x410 render=1640x820
[ios-render] screen=820x410 render=1640x820
[ios-render] screen=820x410 render=1640x820
[ios-render] screen=820x410 render=1640x820
[ios-render] screen=820x410 render=1640x820
[ios-render] screen=820x410 render=1640x820
[ios-render] screen=820x410 render=1640x820
[ios-render] screen=820x410 render=1640x820
[ios-render] screen=820x410 render=1640x820
[ios-render] screen=820x410 render=1640x820
[ios-render] screen=820x410 render=1640x820
[padscript] press i=7 now=21721ms at=21706ms hold=150ms buttons=0x0040
[ios-render] screen=820x410 render=1640x820
[ios-render] screen=820x410 render=1640x820
[ios-render] screen=820x410 render=1640x820
[ios-render] screen=820x410 render=1640x820
[ios-render] screen=820x410 render=1640x820
[ios-render] screen=820x410 render=1640x820
[ios-render] screen=820x410 render=1640x820
[ios-render] screen=820x410 render=1640x820
[ios-render] screen=820x410 render=1640x820
[ios-render] screen=820x410 render=1640x820
[ios-render] screen=820x410 render=1640x820
[ios-render] screen=820x410 render=1640x820
[ios-render] screen=820x410 render=1640x820
[ios-render] screen=820x410 render=1640x820
[ios-render] screen=820x410 render=1640x820
[ios-render] screen=820x410 render=1640x820
[ios-render] screen=820x410 render=1640x820
[ios-render] screen=820x410 render=1640x820
[ios-render] screen=820x410 render=1640x820
[ios-render] screen=820x410 render=1640x820
[ios-render] screen=820x410 render=1640x820
[ios-render] screen=820x410 render=1640x820
[ios-render] screen=820x410 render=1640x820
[ios-render] screen=820x410 render=1640x820
[ios-render] screen=820x410 render=1640x820
[padscript] release i=7 now=21871ms
[ios-render] screen=820x410 render=1640x820
[ios-render] screen=820x410 render=1640x820
[ios-render] screen=820x410 render=1640x820
[ios-render] screen=820x410 render=1640x820
[ios-render] screen=820x410 render=1640x820
[ios-render] screen=820x410 render=1640x820
[ios-render] screen=820x410 render=1640x820
[ios-render] screen=820x410 render=1640x820
[ios-render] screen=820x410 render=1640x820
[ios-render] screen=820x410 render=1640x820
[ios-render] screen=820x410 render=1640x820
[ios-render] screen=820x410 render=1640x820
[ios-render] screen=820x410 render=1640x820
[ios-render] screen=820x410 render=1640x820
[ios-render] screen=820x410 render=1640x820
[ios-render] screen=820x410 render=1640x820
[ios-render] screen=820x410 render=1640x820
[ios-render] screen=820x410 render=1640x820
[ios-render] screen=820x410 render=1640x820
[ios-render] screen=820x410 render=1640x820
[ios-render] screen=820x410 render=1640x820
[ios-render] screen=820x410 render=1640x820
[ios-render] screen=820x410 render=1640x820
[ios-render] screen=820x410 render=1640x820
[ios-render] screen=820x410 render=1640x820
[ios-render] screen=820x410 render=1640x820
[ios-render] screen=820x410 render=1640x820
[ios-render] screen=820x410 render=1640x820
[ios-render] screen=820x410 render=1640x820
[ios-render] screen=820x410 render=1640x820
[ios-render] screen=820x410 render=1640x820
[ios-render] screen=820x410 render=1640x820
[ios-render] screen=820x410 render=1640x820
[ios-render] screen=820x410 render=1640x820
[ios-render] screen=820x410 render=1640x820
[ios-render] screen=820x410 render=1640x820
[ios-render] screen=820x410 render=1640x820
[ios-render] screen=820x410 render=1640x820
[ios-render] screen=820x410 render=1640x820
[ios-render] screen=820x410 render=1640x820
[ios-render] screen=820x410 render=1640x820
[ios-render] screen=820x410 render=1640x820
[ios-render] screen=820x410 render=1640x820
[ios-render] screen=820x410 render=1640x820
[ios-render] screen=820x410 render=1640x820
[ios-render] screen=820x410 render=1640x820
[ios-render] screen=820x410 render=1640x820
[ios-render] screen=820x410 render=1640x820
[ios-render] screen=820x410 render=1640x820
[ios-render] screen=820x410 render=1640x820
[ios-render] screen=820x410 render=1640x820
[ios-render] screen=820x410 render=1640x820
[ios-render] screen=820x410 render=1640x820
[ios-render] screen=820x410 render=1640x820
[ios-render] screen=820x410 render=1640x820
[ios-render] screen=820x410 render=1640x820
[ios-render] screen=820x410 render=1640x820
[ios-render] screen=820x410 render=1640x820
[ios-render] screen=820x410 render=1640x820
[ios-render] screen=820x410 render=1640x820
[ios-render] screen=820x410 render=1640x820
[ios-render] screen=820x410 render=1640x820
[ios-render] screen=820x410 render=1640x820
[ios-render] screen=820x410 render=1640x820
[ios-render] screen=820x410 render=1640x820
[ios-render] screen=820x410 render=1640x820
[ios-render] screen=820x410 render=1640x820
[ios-render] screen=820x410 render=1640x820
[ios-render] screen=820x410 render=1640x820
[ios-render] screen=820x410 render=1640x820
[ios-render] screen=820x410 render=1640x820
[ios-render] screen=820x410 render=1640x820
[ios-render] screen=820x410 render=1640x820
[ios-render] screen=820x410 render=1640x820
[ios-render] screen=820x410 render=1640x820
[ios-render] screen=820x410 render=1640x820
[ios-render] screen=820x410 render=1640x820
[padscript] press i=8 now=22322ms at=22306ms hold=250ms buttons=0x4000
[ios-render] screen=820x410 render=1640x820
[ios-render] screen=820x410 render=1640x820
[ios-render] screen=820x410 render=1640x820
[ios-render] screen=820x410 render=1640x820
[ios-render] screen=820x410 render=1640x820
[ios-render] screen=820x410 render=1640x820
[ios-render] screen=820x410 render=1640x820
[ios-render] screen=820x410 render=1640x820
[ios-render] screen=820x410 render=1640x820
[ios-render] screen=820x410 render=1640x820
[ios-render] screen=820x410 render=1640x820
[ios-render] screen=820x410 render=1640x820
[ios-render] screen=820x410 render=1640x820
[ios-render] screen=820x410 render=1640x820
[ios-render] screen=820x410 render=1640x820
[ios-render] screen=820x410 render=1640x820
[ios-render] screen=820x410 render=1640x820
[ios-render] screen=820x410 render=1640x820
[ios-render] screen=820x410 render=1640x820
[ios-render] screen=820x410 render=1640x820
[ios-render] screen=820x410 render=1640x820
[ios-render] screen=820x410 render=1640x820
[ios-render] screen=820x410 render=1640x820
[ios-render] screen=820x410 render=1640x820
[ios-render] screen=820x410 render=1640x820
[ios-render] screen=820x410 render=1640x820
[ios-render] screen=820x410 render=1640x820
[ios-render] screen=820x410 render=1640x820
[ios-render] screen=820x410 render=1640x820
[ios-render] screen=820x410 render=1640x820
[vsync-rate] tick=1348 rate=20.39/s (0.340x of 59.94)
[ios-render] screen=820x410 render=1640x820
[ios-render] screen=820x410 render=1640x820
[ios-render] screen=820x410 render=1640x820
[ios-render] screen=820x410 render=1640x820
[coverage:missing-functions] targets=0
[coverage:unknown-syscalls] ids=0
[coverage:unhandled-rpcs] pairs=4
[coverage:unhandled-rpc] sid=0x80000211 function=0x1 hits=1
[coverage:unhandled-rpc] sid=0x237 function=0x0 hits=1
[coverage:unhandled-rpc] sid=0x534e44 function=0x0 hits=1
[coverage:unhandled-rpc] sid=0x80000006 function=0xff hits=1
The app terminated with the exit code 0.
